source,target,weight
FIJCUX01,ORIBAU,0.9999771258864062
FIJCUX01,GATBUZ,0.9994552271109092
FIJCUX01,REDROI,0.9992286305896552
FIJCUX01,IFABIA02,0.9988507752723248
FIJCUX01,IFABIA01,0.9988261557380228
FIJCUX01,PEVQOY,0.9964855178185344
FIJCUX01,VUSKEA,0.9962275463270476
FIJCUX01,PEVQIS,0.996158304512738
FIJCUX01,MIBQAR07,0.9961451068783732
FIJCUX01,MIBQAR01,0.9960680763374622
FIJCUX01,HOLRAD,0.9960593827510936
FIJCUX01,LAWFOF,0.996045860968118
FIJCUX01,VAZTUM,0.9960382487687708
FIJCUX01,LAWGOG,0.9960302270454956
FIJCUX01,SAHYIK,0.996001252632665
FIJCUX01,PIWLAL,0.9472073970943752
FIJCUX01,ROZXEL,0.9471977499492964
FIJCUX01,JENKET,0.9082249186870446
FIJCUX01,HUTZAX01,0.9080399092325288
FIJCUX01,VIKBUP,0.9080009380781894
FIJCUX01,BOLPAU,0.907435626290622
FIJCUX01,UYAPOA,0.8996748533437458
FIJCUX01,ACODIH,0.8972212508219141
FIJCUX01,JEDDII,0.8932708040513065
FIJCUX01,SACHIP,0.8876466760552657
FIJCUX01,NAWXER,0.8871182953624747
FIJCUX01,UKOLOV,0.8870132100531297
FIJCUX01,PUGSER,0.8869638882921067
FIJCUX01,QAQSAD,0.8849827173591311
FIJCUX01,IDIXAU,0.884581970484776
FIJCUX01,WORKUL,0.8839349761696165
FIJCUX01,DARYIF,0.883708072143523
FIJCUX01,WORLAS,0.8810809452043348
FIJCUX01,ZARLIP,0.8779607424412728
FIJCUX01,XAFFER,0.877923148554787
FIJCUX01,XAFFAN,0.877874919440443
FIJCUX01,MEWPIQ,0.8778401165282692
FIJCUX01,NOXMAQ,0.8774976769076944
FIJCUX01,WUMDIT,0.877293681158819
FIJCUX01,NIWYOJ,0.8749933847255964
FIJCUX01,VEHKAW,0.8749829074610511
FIJCUX01,NANYUX03,0.8749818504035479
FIJCUX01,FUTYOK,0.8749596620175891
FIJCUX01,REGREC,0.8746369177615111
FIJCUX01,ULISOZ,0.8743261414317987
FIJCUX01,NIWYID,0.8742143607857232
FIJCUX01,NENHEU,0.8740545205070904
FIJCUX01,IJEXIF01,0.8734407968379783
FIJCUX01,XEGWIS,0.8689085359133812
FIJCUX01,XEGWAK,0.8688983053783952
FIJCUX01,AXOCEW,0.8664570898479848
FIJCUX01,RUPVAB,0.8602427752728521
LUWZUZ,LUWZUZ02,0.9999995766681228
LUWZUZ,NOMPIQ01,0.8867527537838168
LUWZUZ,CIKPEU,0.8867403529554505
LUWZUZ,NOMPIQ,0.8867251653443434
LUWZUZ,FAZPIH,0.8840148209648983
LUWZUZ,CAXZOS,0.8832412694885448
LUWZUZ,DIDBOJ,0.8827637213725029
LUWZUZ,MOXDOT01,0.8757300259351897
LUWZUZ,MOXDOT,0.8756881971353445
LUWZUZ,HURGOR,0.874951433246547
LUWZUZ,FEXCAO01,0.871635547647378
FISQIK,AXINAX01,0.947989158692842
FISQIK,CIFMAH,0.9469340169659656
FISQIK,MIHJUL,0.9459542691865273
FISQIK,NIGPAW,0.9374760760600156
FISQIK,DIBQEM,0.93354186252562
FISQIK,MOXDOT,0.9330092356995988
FISQIK,MOXDOT01,0.9330075982925043
FISQIK,DERBIO,0.9329517747606338
FISQIK,FEYJOJ,0.9310766053540354
FISQIK,VASYEW,0.9199380377057188
FISQIK,AGAFAS,0.9182426190883342
FISQIK,BAKJOO,0.8962705301600107
FISQIK,LIDSIC,0.8962178477336763
FISQIK,BAKJEE,0.8961117634710168
FISQIK,XAPSIS,0.8868475310489792
FISQIK,JEDVUM,0.886313493776202
FISQIK,BUKLOJ,0.8846162568090894
FISQIK,PUNYED,0.8833667072473607
FISQIK,FEXCAO01,0.8783888605133138
FISQIK,ESEQUO,0.8744246265769564
FISQIK,NOMPIQ01,0.8719147253825864
FISQIK,NOMPIQ,0.8718708391736861
FISQIK,JODGIU,0.8655516474678826
FISQIK,CAXZOS,0.8654500586207514
XUDSUK,YINCUV,0.8600865312387236
XUDSUK,LUSHOX02,0.9999972595250948
XUDSUK,OCAKUB,0.9471651115557792
XUDSUK,VUQKAU01,0.9471464102472222
XUDSUK,MIQCUL,0.9079409826686488
XUDSUK,ENISUQ,0.9069715466707188
XUDSUK,PUGHAC,0.896232269927836
XUDSUK,UKIQIP,0.8867993870988016
XUDSUK,IVELUS,0.8850299558612545
XUDSUK,IVEMAZ,0.8849090438935778
XUDSUK,PUNYIH,0.8748999012698513
XUDSUK,ABAYIO,0.8743827690942314
XUDSUK,WEYQAU16,0.872028143814717
XUDSUK,WEYQAU02,0.8704080547951137
XUDSUK,WEYQAU06,0.8703236181620067
XUDSUK,WEYQAU09,0.8698650646628555
XUDSUK,XIHXET,0.8684927231830118
XUDSUK,ROYMEZ,0.8643070152165166
XUDSUK,MUMBIH,0.861064679056591
MIMRAB01,WORKUL,0.999855163304156
MIMRAB01,WORLAS,0.9993324210096036
MIMRAB01,QAQSAD,0.9991608085970392
MIMRAB01,EZINAE,0.91176775180896
MIMRAB01,IFABIA01,0.8850569142693242
MIMRAB01,PEVQIS,0.8842947793265822
MIMRAB01,MIBQAR12,0.8842845714923323
MIMRAB01,MIBQAR01,0.8842514877941974
MIMRAB01,LAWFOF,0.8842404113468824
MIMRAB01,VAZTUM,0.8842397231706107
MIMRAB01,LAWGOG,0.8842342051135593
MIMRAB01,SAHYIK,0.8842310792647434
MIMRAB01,ORIBAU,0.8832406841307663
MIMRAB01,NENHEU,0.8689971583900826
MIMRAB01,EGIKUB01,0.8635495721683174
LUYSOP,MOXDIN01,0.999710906534458
AVAQIX,RIGHAR,0.9991721900173688
AVAQIX,ROCZEQ,0.991686642053647
AVAQIX,IGUTUB01,0.9233912188753676
AVAQIX,ECIWIW,0.9226587269872766
AVAQIX,GOYLUB,0.8848762275862536
AVAQIX,XEFGUN01,0.8842512261223584
AVAQIX,CIKCOQ,0.8787911545373984
AVAQIX,KETHEY,0.8787880236946477
AVAQIX,LULGIJ,0.8591601793323418
ICAREL,UMUBEL,0.8440587818728841
ICAREL,BAZGAM,0.9991808262337476
ICAREL,BAZFUF01,0.9982796470497776
ICAREL,BAZFUF,0.9982612394278952
ICAREL,KIJRUS,0.9976119678893508
ICAREL,NAFSOF,0.9973767211190412
ICAREL,QOWRAV,0.991083539247024
ICAREL,QOWRAV10,0.9910532635156064
ICAREL,QOWRAV09,0.9910389321199292
ICAREL,QOWRAV05,0.9909460102320736
ICAREL,QOWRAV03,0.9909414902023936
ICAREL,LIGQEA,0.9877634809475824
ICAREL,ANUGEW,0.9735991975137086
ICAREL,ANUGOG,0.9626162645449106
ICAREL,ANUGIA,0.960958255299268
ICAREL,IPUPOA,0.9473406890805532
ICAREL,HOYQIX,0.9468567816692228
ICAREL,LAQNID,0.9019176705670472
ICAREL,AZAVUU,0.8996190104477002
ICAREL,ONIXOZ,0.8783910997505835
ICAREL,SEMNIJ,0.8687521685845742
ICAREL,ENIHUG,0.8672529740489516
ICAREL,LURRIA,0.8663154675279586
ICAREL,LASYOU,0.8627801194295913
ICAREL,SIXNOF,0.860833530974962
ICAREL,SIXNIZ,0.8608329276633754
FIPKOG01,MICJOA,0.8684000362863089
FIPKOG01,YEYRAY,0.861156582397056
FIPKOG01,PARKUQ,0.8610910025973897
FIPKOG01,CEHKUW,0.8610372190901717
FIPKOG01,ODOXEK,0.8609426359259666
FIPKOG01,MITSAK,0.8609343426787464
FIPKOG01,MITSIS,0.8608956520436353
FIPKOG01,FUMJAA,0.8607410045238612
FIPKOG01,NABLIM,0.8603925634386587
JALPAQ,IXAJUN,0.999967075877618
JALPAQ,XICKOL,0.9990210633473646
JALPAQ,EDOSEY,0.9849845572584516
JALPAQ,EXOGAB,0.9167658153236216
JALPAQ,LASYOU,0.8972896944533522
JALPAQ,HOYQIX,0.8919976681113796
JALPAQ,IPUPIU,0.8915597517908311
JALPAQ,ONIXOZ,0.889670914290779
JALPAQ,IDUDES,0.8810659856127335
JALPAQ,UFUMUD01,0.8792783924539324
JALPAQ,EGOZAB,0.8792738899586681
JALPAQ,UFUMUD02,0.8792599979201173
JALPAQ,UFUNAK,0.8792500534442789
JALPAQ,BAHGUN01,0.8792463778451087
JALPAQ,QERZUI,0.8792301187959178
JALPAQ,BAHGUN03,0.8792257792946283
JALPAQ,POFDIZ,0.8791395312223353
JALPAQ,BAHGUN02,0.8791290765367622
JALPAQ,MURREW,0.8791247244741948
JALPAQ,QERZUI01,0.8790611802262875
JALPAQ,ECODIK,0.8789765237823692
JALPAQ,KAKTIA,0.8789377398755543
JALPAQ,UGEPEB01,0.8789180809129908
JALPAQ,POFDEV,0.8788780553600609
JALPAQ,UFUNIS,0.8787656194415296
JALPAQ,NIHDEQ,0.8787237493036985
JALPAQ,AHEMEG,0.8786052894255519
JALPAQ,UGEPEB,0.8785616455907533
JALPAQ,VOJPUG01,0.878514409935454
JALPAQ,POFDOF,0.8779774545918507
JALPAQ,POFFAT,0.8777945072249036
JALPAQ,NELCEN,0.8770534808590462
JALPAQ,POFFEX,0.8766095210706676
JALPAQ,LAQNID,0.8761088118513056
JALPAQ,QIWQES,0.8734635252820883
JALPAQ,LAYXER,0.8729875287983341
JALPAQ,ANUGEW,0.8729780864197048
JALPAQ,LAYXAN,0.8725937307398324
JALPAQ,HEHROE,0.8725801783011657
JALPAQ,NEHZOS,0.8611317034566779
JALPAQ,GAVDUD,0.8611294137095586
JALPAQ,QIZLIW,0.8608978857198786
JALPAQ,QIZLOC,0.8606362727470717
JALPAQ,OHOMIH,0.860596206578462
JALPAQ,DOTSOV07,0.8591178965199021
XIHSAJ01,XIHSEN,0.999991397571846
XIHSAJ01,VEFLUP,0.9999870418981756
XIHSAJ01,XIHSAJ,0.9999836620233018
XIHSAJ01,TONBOO,0.9991783732518468
XIHSAJ01,ESEQUO,0.8794403023172802
XIHSAJ01,MOXDEJ,0.8635518628377528
XIHSAJ01,XADDUD,0.8629196670588177
XIHSAJ01,DAFHEZ,0.8628149152117912
XIHSAJ01,XADDOX,0.8622439359664791
XIHSAJ01,COXFOL,0.8619853239204581
XIHSAJ01,XUZRIU,0.8616348624289655
XIHSAJ01,HABZEQ,0.8614032614937824
XIHSAJ01,WIMWEW,0.8612249249953149
XIHSAJ01,XEVSIB01,0.8606281696265685
XIHSAJ01,XEVSIB,0.8605795937262197
XIHSAJ01,FILYAC,0.860530872144805
YOZNOS,YOZMUX,0.9996354016858372
YOZNOS,DOTSOV02,0.994134241261976
YOZNOS,YOZNUY,0.9931888034617798
YOZNOS,QAWHIH,0.9930759092069832
YOZNOS,DOTSOV07,0.9929751768746452
YOZNOS,XAMDUM02,0.9922822983798062
YOZNOS,YOZPAG,0.9921048057385322
YOZNOS,YOZMOR,0.9920250757364296
YOZNOS,DIHVIB,0.9919681060127088
YOZNOS,XAMDUM07,0.9918641005018032
YOZNOS,YOZNIM,0.9918583791912468
YOZNOS,XAMDUM06,0.991814390571386
YOZNOS,LUDLED,0.9918055331504264
YOZNOS,FIQCEN,0.9917913062413424
YOZNOS,UXISUR,0.991781307256968
YOZNOS,XAMDUM01,0.9917769072913982
YOZNOS,XAMDUM03,0.9916840816220404
YOZNOS,DOTSOV42,0.991226705288061
YOZNOS,DOTSOV12,0.9912078463026944
YOZNOS,DOTSOV13,0.9911964497439818
YOZNOS,DOTSOV15,0.9911937189598788
YOZNOS,DOTSOV10,0.9911937126848036
YOZNOS,DOTSOV08,0.9911911613821086
YOZNOS,DOTSOV16,0.99119112205696
YOZNOS,NEHZOS,0.9838698902937264
YOZNOS,NEHZUY,0.9837374741867028
YOZNOS,QIZLOC,0.9809440527548748
YOZNOS,ORAWAH,0.9261309938281704
YOZNOS,DALSOA,0.9244632118279656
YOZNOS,MIKVEK,0.918109252583586
YOZNOS,EXOYAS,0.9099379119480956
YOZNOS,NUTQEZ,0.9012413963054028
YOZNOS,YUGLES,0.9009830289246138
YOZNOS,EXOGAB,0.8979356070787968
YOZNOS,HANWAW,0.8960401669393442
YOZNOS,HUCBOX02,0.8888285995572625
YOZNOS,MOFGOE,0.8852513897650949
YOZNOS,PIDRAY,0.8852116389223799
YOZNOS,IPUPIU,0.8799335059604437
YOZNOS,HOYQIX,0.8797651660936331
YOZNOS,WANJIF,0.8780838821544393
YOZNOS,ADONEP,0.8777005978503081
YOZNOS,USEVOF,0.8772781725943201
YOZNOS,IPUPOA,0.8732603665715108
YOZNOS,EXAXAE03,0.8694215635391206
YOZNOS,EMUBIZ,0.8693392463851721
YOZNOS,ANUGOG,0.8692884595035724
YOZNOS,NEMCOA,0.8621009466864631
YOZNOS,HIDTUM,0.860127891916249
YOZNOS,LAQNID,0.8599303119727659
CUMLUT,CEHKUW,0.9999924059572298
ODOXEK,MITSAK,0.9999999069802648
ODOXEK,MITSUE,0.9999997494543128
ODOXEK,PARKUQ01,0.9999586562322352
ODOXEK,PARKUQ,0.9999573456516504
ODOXEK,KUJMIN,0.9999065566315168
ODOXEK,YEYRAY,0.9998129733570688
ODOXEK,SIZGEO,0.9992179236338352
ODOXEK,DUWBEE,0.9468224556190036
ODOXEK,QUQFOY,0.9322971012497946
ODOXEK,LIQFEY,0.9077417265125776
ODOXEK,QEKLID01,0.8867873898620047
ODOXEK,QEKLID,0.886746936635668
ODOXEK,VAKLIF,0.8749992534901925
ODOXEK,NOLRIR,0.8735005009243864
ODOXEK,GOYLUB,0.8702711646329353
EHISUJ,EYUGEL,0.8838402111089168
DOTSOV,DOTSOV18,0.9999999035957436
DOTSOV12,DOTSOV14,0.9999999993347496
DOTSOV12,DOTSOV15,0.9999999887353688
DOTSOV12,DOTSOV10,0.9999999887299842
DOTSOV12,XAMDUM03,0.9999641504140928
DOTSOV12,XAMDUM04,0.9999627186572512
DOTSOV12,XAMDUM02,0.999957486326254
DOTSOV12,YOZMEH,0.9999463824194484
DOTSOV12,XAMDUM,0.9999462898410368
DOTSOV12,FIQCEN,0.9999443953843846
DOTSOV12,XAMDUM06,0.9999395945643922
DOTSOV12,YOZNIM,0.99993414302117
DOTSOV12,YOZMIL,0.999930975719158
DOTSOV12,XAMDUM07,0.9999285157028424
DOTSOV12,YOZMOR,0.999911183725116
DOTSOV12,YOZNAE,0.9999055045659296
DOTSOV12,DIHVIB,0.999901431271671
DOTSOV12,YOZPAG,0.999859072527398
DOTSOV12,TISPAO,0.9995309587296988
DOTSOV12,WULJUJ,0.9991006536668972
DOTSOV12,DOTSOV02,0.999079572859434
DOTSOV12,QIZLIW,0.9990024155132494
DOTSOV12,QAWHIH01,0.9988045541719208
DOTSOV12,QAWHIH,0.9987577825209768
DOTSOV12,OQIZUL,0.9977797045571978
DOTSOV12,YOZNUY,0.9977626564435418
DOTSOV12,NEHZOS,0.997218626809562
DOTSOV12,YOZMUX,0.987308207103577
DOTSOV12,LASYOU,0.9461124146191484
DOTSOV12,BABREE,0.9324954687109028
DOTSOV12,ORAWAH,0.9316891371176867
DOTSOV12,MIKVEK,0.9306041814878164
DOTSOV12,EXOYAS,0.919936301704126
DOTSOV12,IWEVAJ,0.918723928187254
DOTSOV12,YUGLES,0.907684826549503
DOTSOV12,PIDRAY,0.9011515754947962
DOTSOV12,HUCBOX02,0.8973571051206546
DOTSOV12,MOBDIR,0.8962934177102233
DOTSOV12,HOYQIX,0.8869711307897896
DOTSOV12,IPUPOA,0.885615135319088
DOTSOV12,KANMIX,0.8849460353071134
DOTSOV12,XEDMEB,0.8849357713213637
DOTSOV12,USEVOF,0.8848933448677835
DOTSOV12,EXAXAE,0.8828264754662946
DOTSOV12,ANUGOG,0.8779620062516051
DOTSOV12,LAQNID,0.86924193171318
DOTSOV12,KIRFOI,0.8666245019643593
DOTSOV12,OGEBAF01,0.859227964974687
DOTSOV24,DOTSOV29,0.9999999997149238
DOTSOV24,DOTSOV30,0.9999999966801396
DADTOS02,YANWOC02,0.99999983760192
DADTOS02,DADTOS04,0.9999996616020128
DADTOS02,DADTOS11,0.9999996175602576
DADTOS02,DADTOS01,0.9999995902110554
DADTOS02,DADTOS08,0.9999994897183572
DADTOS02,DADTOS05,0.9999994880225286
DADTOS02,DADTOS13,0.999999359332022
DADTOS02,DADTOS06,0.999999190125738
DADTOS02,YANWOC01,0.999998854687058
DADTOS02,DADTOS14,0.9999954329835468
DADTOS02,DADTOS15,0.9999793806051686
DADTOS02,REZJIR02,0.9999765696053452
DADTOS02,YUKTUU01,0.9999756560176554
DADTOS02,YUKTUU,0.9999753878507852
DADTOS02,VIRJEM,0.9999609745197218
DADTOS02,DADTOS16,0.9999604298722456
DADTOS02,REZJIR,0.9999603916555913
DADTOS02,PADJOU01,0.999948628647484
DADTOS02,PADJOU,0.9999425299128312
DADTOS02,LIJWOR03,0.9999302779761828
DADTOS02,DADTOS17,0.9999289505962804
DADTOS02,LIJWOR02,0.9999191223325378
DADTOS02,MNFORD02,0.9999170077863252
DADTOS02,LIJWOR,0.9999146603670632
DADTOS02,MNFORD03,0.9998919862472428
YUKTUU01,YUKTUU,0.9999999992653176
YUKTUU01,REZJIR02,0.9999999904649376
YUKTUU01,DADTOS16,0.9999981526303884
YUKTUU01,PADJOU01,0.9999947645043196
YUKTUU01,DADTOS14,0.9999921747549444
YUKTUU01,LIJWOR03,0.9999882638736955
YUKTUU01,DADTOS17,0.9999877740892844
YUKTUU01,LIJWOR02,0.9999833475670924
YUKTUU01,DADTOS13,0.9999829131148128
YUKTUU01,PADJOU,0.9999774955455896
YUKTUU01,DADTOS,0.999970838054232
YUKTUU01,MNFORD03,0.9999701894370002
YUKTUU01,DADTOS04,0.9999695780215468
YUKTUU01,DADTOS09,0.9999675863412524
YUKTUU01,DADTOS06,0.9999659668658042
YUKTUU01,DIDVIW,0.9999652259085738
YUKTUU01,DADTOS18,0.9999641700912432
YUKTUU01,YANWOC01,0.9999639505124958
YUKTUU01,IQEWOQ,0.9982726359580074
QIYDIN,QIYDIN01,0.9995827938251892
QIYDIN,QIYDAF01,0.9979908741283268
QIYDIN,FAGQAI,0.997457609604466
QIYDIN,OGEBAF01,0.9523719445339482
QIYDIN,YUGLES,0.8854945663779984
QIYDIN,NUTQAV,0.8853060947013804
QIYDIN,NUTQEZ,0.8852028119940973
QIYDIN,LURRIA,0.882027439671478
QIYDIN,FISGOF,0.8778211387211038
DADTOS06,DADTOS12,0.9999999999333496
DADTOS06,DIDVIW,0.9999999960099878
DADTOS06,DADTOS09,0.999999980260412
DADTOS06,YANWOC01,0.999999970784593
DADTOS06,DADTOS08,0.9999999655533937
DADTOS06,DADTOS,0.9999998119602924
DADTOS06,YANWOC02,0.9999983025982686
DADTOS06,DADTOS15,0.9999703980735282
DADTOS06,REZJIR02,0.999967049497112
DADTOS06,REZJIR03,0.999961236335946
DADTOS06,VIRJEM,0.9999489217874544
DADTOS06,REZJIR,0.9999482897791334
DADTOS06,PADJOU,0.9999310201657
DADTOS06,LIJWOR02,0.9999021748638992
DADTOS06,LIJWOR,0.9998974114317128
WEYQAU06,WEYQAU01,0.9999845745255608
WEYQAU06,WEYQAU16,0.9998060668426316
WEYQAU06,PUNYIH,0.9939217848092236
WEYQAU06,OFODET,0.9043066928571172
WEYQAU06,UKIQIP,0.8851529717655571
WEYQAU06,HIYZEV01,0.8827681833826944
WEYQAU06,MAHTAR,0.871104746338906
FEXCAO01,NOMPIQ,0.9586129223022912
FEXCAO01,MOXDOT01,0.8857362670657791
FEXCAO01,MOXDOT,0.8857053252271271
FEXCAO01,HURGOR,0.8851484693762922
FEXCAO01,DERBIO,0.8848621771644155
FEXCAO01,FISQEG,0.8799779852484183
FEXCAO01,AXINAX01,0.8754153056758007
FEXCAO01,LUWZUZ01,0.8717168580645078
FEXCAO01,LUWZUZ02,0.8716645885960427
FEXCAO01,NIGPEA,0.8715107526190725
FEXCAO01,AXINIF,0.8711710117572069
FEXCAO01,NIGNUO,0.8710193687779046
FEXCAO01,DIBQEM,0.8707400860448031
FEXCAO01,DIBQOW,0.8703634520549028
FEXCAO01,CAXZOS,0.87024609177645
FEXCAO01,MIHJUL,0.8696723124655134
FEXCAO01,DIDBEZ,0.8693703586442522
FEXCAO01,JODGIU,0.8693551967301691
FEXCAO01,DIDBID,0.8693313914832707
FEXCAO01,HELDOT,0.8692972096955485
FEXCAO01,ERUNUC,0.8687984677298713
LAGWIB,VEGMIE,0.9999446284261388
YIHZIA02,YIHZIA01,0.999858255598739
YIHZIA02,EKUNON,0.8909326849250933
YIHZIA02,EKUNON02,0.8908875025431328
VAKRIK,JOQQAJ,0.999986085563082
PIDRAY,QIZLOC,0.9080284854859236
PIDRAY,KAJZIH,0.9078337887770792
PIDRAY,NEHZUY,0.907291522819888
PIDRAY,QIZLIW,0.905460613950592
PIDRAY,OFOCUI,0.9045978157216282
PIDRAY,WULJUJ,0.901920316117067
PIDRAY,DOTSOV02,0.9019060410761586
PIDRAY,DOTSOV07,0.9017714312963188
PIDRAY,DOTSOV14,0.9011472602042184
PIDRAY,DOTSOV10,0.9011467029941214
PIDRAY,DOTSOV11,0.9011420095031268
PIDRAY,DOTSOV42,0.901083703977182
PIDRAY,EBAMUS,0.9005807625670317
PIDRAY,XAMDUM02,0.9002575914585516
PIDRAY,BODPAN,0.9002468102921711
PIDRAY,XAMDUM04,0.9001657346767684
PIDRAY,XAMDUM03,0.90011535496308
PIDRAY,RILFEA,0.8999264214358107
PIDRAY,XAMDUM01,0.8999241186168403
PIDRAY,DIHVIB01,0.8998771298328097
PIDRAY,UXISUR,0.8998751072602884
PIDRAY,XAMDUM,0.8998736861971401
PIDRAY,FIQCEN,0.8998504140728124
PIDRAY,LUDLED,0.8998150556949109
PIDRAY,XAMDUM06,0.8997930180559855
PIDRAY,YOZNIM,0.8997301336296697
PIDRAY,YOZMIL,0.8996953680497528
PIDRAY,YOZNEI,0.8995129459956377
PIDRAY,YOZMOR,0.8994905413982892
PIDRAY,YOZNAE,0.8994339372475422
PIDRAY,DIHVIB,0.8993953025539747
PIDRAY,YOZPAG,0.8990291256216418
PIDRAY,TISPAO,0.8970746188266381
PIDRAY,QAWHIH,0.8940561977884823
PIDRAY,OQIZUL,0.8911294527446627
PIDRAY,YOZNUY,0.891082913882019
PIDRAY,YOZMUX,0.8799839986318686
YOZNUY,TISPAO,0.9993410622738782
YOZNUY,YOZPAG,0.9987433441579532
YOZNUY,DIHVIB,0.9986019489732544
YOZNUY,YOZNAE,0.9985864205852748
YOZNUY,YOZMOR,0.99856298489011
YOZNUY,YOZNEI,0.9985531327639768
YOZNUY,FIQCEN,0.9984112897417174
YOZNUY,YOZMEH,0.9984005684889128
YOZNUY,UXISUR,0.9984004491500102
YOZNUY,XAMDUM01,0.998378760332752
YOZNUY,RILFEA,0.9983777533397032
YOZNUY,LUDLIH,0.9983304944698
YOZNUY,XAMDUM03,0.9982921986241184
YOZNUY,XAMDUM04,0.9982605783429908
YOZNUY,BODPAN,0.9982304280256552
YOZNUY,XAMDUM05,0.9982146902824064
YOZNUY,XAMDUM02,0.9981999331446368
YOZNUY,EBAMUS,0.9978460317983736
YOZNUY,DOTSOV42,0.9978007269342628
YOZNUY,DOTSOV11,0.9977680757000648
YOZNUY,DOTSOV15,0.9977654325231754
YOZNUY,DOTSOV10,0.9977654311611774
YOZNUY,DOTSOV14,0.997765090244368
YOZNUY,WULJUJ,0.995932694852808
YOZNUY,DOTSOV02,0.9959081510785912
YOZNUY,QIZLIW,0.9937957388013416
YOZNUY,YOZMUX,0.9901290721738828
YOZNUY,NEHZOS,0.9900421288180996
YOZNUY,GAVDUD,0.9900084973453628
YOZNUY,NEHZUY,0.9899007008714994
YOZNUY,KAJZIH,0.9876888493254689
YOZNUY,QIZLOC,0.9863062571041542
YOZNUY,LASYOU,0.9469900466070496
YOZNUY,ORAWAH,0.9328930494043836
YOZNUY,DALSOA,0.9310153704380274
YOZNUY,BABREE,0.9281172920314869
YOZNUY,IWEVAJ,0.916619746637749
YOZNUY,EXOYAS,0.9165564200859746
YOZNUY,ONIXOZ,0.9160408154679024
YOZNUY,RAWYAS,0.9145625481524317
YOZNUY,NUTQEZ,0.9079839380914956
YOZNUY,NUTQAV,0.9079036802879664
YOZNUY,YUGLES,0.907691809495153
YOZNUY,OFOCUI,0.9074486944158132
YOZNUY,EXOGAB,0.9042056167663703
YOZNUY,HANWAW,0.9013338556969054
YOZNUY,HUCBOX02,0.8951189369416908
YOZNUY,USEVOF,0.883936606140782
YOZNUY,KANMIX,0.8837887698217199
YOZNUY,WANJIF,0.8826642513420309
YOZNUY,ANUGIA,0.8776147288419716
YOZNUY,ANUGOG,0.8758725323519096
YOZNUY,EXAXAE03,0.8755883699860239
YOZNUY,NEMCOA,0.8682915044128925
YOZNUY,OKABAE,0.8616316403992863
YOZNUY,KIRFOI,0.8595648741988039
AHEMEG,IPINAY,0.9999990491525882
AHEMEG,VOJPUG01,0.9999476844013462
AHEMEG,POFDOF,0.9998959566122712
AHEMEG,POFDEV,0.9998920318840466
AHEMEG,MURREW,0.9997758828589124
AHEMEG,KAKTIA,0.9997756937747508
AHEMEG,KAKTIA01,0.9997158617810998
AHEMEG,NELCEN,0.9995529424575972
AHEMEG,POFDIZ,0.999452915589982
AHEMEG,UFUMUD01,0.999122312856209
AHEMEG,EGOZAB,0.9990782497622364
AHEMEG,UFUMUD02,0.9989967855320973
AHEMEG,HAWZEM,0.9989602766685636
AHEMEG,BAHGUN01,0.9989203885694526
AHEMEG,BAHGUN,0.9989049094526612
AHEMEG,QERZUI,0.9988489424785691
AHEMEG,BAHGUN03,0.9988312125269668
AHEMEG,UFUNIS,0.9976013842519044
AHEMEG,NIHDEQ,0.9975016285328506
AHEMEG,QIWQES,0.997473786022238
AHEMEG,NAPSUV,0.8701069842996444
EGOZAB,UFUMUD02,0.9999971128088204
EGOZAB,HAWZEM,0.9999964073205077
EGOZAB,BAHGUN01,0.9999934050799196
EGOZAB,QERZUI,0.9999860622026392
EGOZAB,BAHGUN04,0.9999777523810588
EGOZAB,UFUNAK,0.999887847210914
EGOZAB,ECODIK,0.999815829389799
EGOZAB,UGEPEB01,0.9997628248393496
EGOZAB,UFUMUD,0.999732522835229
EGOZAB,UFUNIS,0.9996469855170098
EGOZAB,NIHDEQ,0.9996136803460172
EGOZAB,KAKTIA,0.9995014483797204
EGOZAB,KAKTIA01,0.9994887702666144
EGOZAB,UGEPEB,0.9994630389248148
EGOZAB,POFDEV,0.999413093402979
EGOZAB,VOJPUG01,0.9989827577866696
EGOZAB,POFFAT,0.9981636552551316
EGOZAB,NELCEN,0.99735126535266
EGOZAB,POFFEX,0.996870456492156
EGOZAB,QIWQES,0.9935226290227172
EGOZAB,IXAJUN,0.8792888487686843
EGOZAB,EDOSEY,0.8662440747005637
JOVYAW,NIWYOJ,0.9082390577609548
JOVYAW,NANYUX01,0.9081600438310122
JOVYAW,VEHKAW,0.9081561507732352
JOVYAW,NANYUX03,0.9081518240215376
JOVYAW,REGREC,0.9080665570612184
JOVYAW,IJEXIF01,0.9070978090604864
JOVYAW,UFOFUT,0.8651134107523937
JOVYAW,UFAMEW,0.8612744933842137
GALHUY,FAHQIQ,0.9999220668252656
GALHUY,FAHQEM,0.9985411070583862
GALHUY,IFIPEV,0.9935518046212396
GALHUY,GALJAG,0.9903873714074486
GALHUY,FOSTOY,0.9558971652160256
GALHUY,UNIDAY,0.9557695488746164
GALHUY,FOSTIS,0.9557503621279276
GALHUY,CIFSES,0.9557007227571692
GALHUY,CIFSAO,0.9556423950647294
GALHUY,NEDLOZ,0.9543937660276038
GALHUY,MAYJOM,0.9387890588323612
GALHUY,VACFOV01,0.9379273062232062
GALHUY,VIFPUY05,0.9375816076414284
GALHUY,VIFPUY04,0.9375442933096686
IVOLOW,RUBZIY02,0.8961199996167553
IVOLOW,XILBAW,0.8930285710741315
IVOLOW,LIPZES,0.8886756857397677
IVOLOW,LONHON,0.8861907603650819
IVOLOW,ERIQUS,0.8855735403055192
LIPZES,RUBZIY02,0.9966013442027616
LIPZES,XAPMUY,0.9452330665465322
LIPZES,SAQCIZ,0.8888456544286625
LIPZES,POCMEA04,0.8846016529978227
LIPZES,POCMEA01,0.8844793096731758
LIPZES,YUNBOZ,0.883511191417202
LIPZES,CERPOF,0.8749992565035021
LIPZES,WENRIR,0.8604190398402732
KIJPUQ,HIBSUG01,0.8605745379759733
XADWIK,XADWIK02,0.9999929469534536
XADWIK,XADWIK01,0.9999841975774064
XADWIK,FEVDIV,0.9069048002879176
XADWIK,LIDSEY,0.9041330918881576
XADWIK,TEVVOI,0.8851037203016061
XADWIK,CAXZUY,0.8824811543283839
DURDAX,DITTEH,0.974339672567782
DOTSOV26,DOTSOV38,0.999999999260666
NEMCOA,CEKHUY,0.9999786061270938
NEMCOA,MIKVEK,0.9364193839574952
NEMCOA,ORAWAH,0.9287782541386396
NEMCOA,RAWYAS,0.9228181768466802
NEMCOA,EXOYAS,0.9218683613835124
NEMCOA,EXOGAB,0.8845318896336294
NEMCOA,NEHZOS,0.8779623630211959
NEMCOA,NEHZUY,0.8779597811091959
NEMCOA,KAJZIH,0.8778020569632483
NEMCOA,QIZLOC,0.8775943253886187
NEMCOA,WULJUJ,0.8754453587605602
NEMCOA,DOTSOV02,0.8754282572344361
NEMCOA,DOTSOV16,0.8753337943972056
NEMCOA,DOTSOV08,0.8753337404328814
NEMCOA,DOTSOV10,0.8753307802535735
NEMCOA,DOTSOV15,0.8753307787711676
NEMCOA,DOTSOV11,0.8753279087639904
NEMCOA,DOTSOV13,0.8753276058902011
NEMCOA,XAMDUM05,0.8747909843895084
NEMCOA,XAMDUM02,0.8747697453998216
NEMCOA,XAMDUM03,0.874685845112062
NEMCOA,ANUGIA,0.8745847859142986
NEMCOA,RILFEA,0.8745648887676242
NEMCOA,UXISUR,0.8745318982700392
NEMCOA,XAMDUM,0.8745309838164868
NEMCOA,FIQCEN,0.8745160019291494
NEMCOA,LUDLED,0.87449321645312
NEMCOA,YOZMIL,0.874415830943066
NEMCOA,XAMDUM07,0.8743981903175996
NEMCOA,YOZNEI,0.8742971337664713
NEMCOA,YOZMOR,0.8742827154944957
NEMCOA,YOZNAE,0.8742459142633883
NEMCOA,OQIZUL,0.8683267012032163
NEMCOA,LAYXER,0.865962450445471
NEMCOA,ANUGEW,0.865890193972952
NEMCOA,LAYWOA,0.8658380511842754
NEMCOA,LAYXAN,0.8656877851688551
NEMCOA,HEHROE,0.8656766352526575
NEMCOA,DEKBON,0.865029473654099
NEMCOA,IPUPIU,0.8606968980353542
DOTSOV28,DOTSOV27,0.999999996528576
DOTSOV28,DOTSOV36,0.9999999986972632
BAHGUN,BAHGUN03,0.9999987902049616
BAHGUN,HAWZEM,0.9999983989447409
BAHGUN,UFUMUD02,0.9999979833707316
BAHGUN,BAHGUN04,0.9999963398283124
BAHGUN,UFUMUD01,0.9999879604904828
BAHGUN,BAHGUN02,0.9999450482694934
BAHGUN,NIHDIU,0.9999412259831656
BAHGUN,QERZUI01,0.999933179326755
BAHGUN,UFUNAK,0.9998220854945062
BAHGUN,UFUNIS,0.9997458086584736
BAHGUN,NIHDEQ,0.999710881886696
BAHGUN,MURREW,0.9996313562132046
BAHGUN,UGEPEB,0.9995906819431476
BAHGUN,POFDEV,0.9992962519289628
BAHGUN,IPINAY,0.9988396560241778
BAHGUN,VOJPUG01,0.9988221126871734
BAHGUN,POFFAT,0.9979234698445304
BAHGUN,NELCEN,0.9970653986252388
BAHGUN,POFFEX,0.9965621057540526
BAHGUN,XICKOL,0.8778347462440242
BAHGUN,NAPSUV,0.8667354320666871
BAHGUN,EDOSEY,0.8658534319536562
YOZNAE,DIHVIB,0.9999999569909942
YOZNAE,YOZMOR,0.99999958124681
YOZNAE,YOZNEI,0.9999990016457988
YOZNAE,XAMDUM07,0.9999983966226152
YOZNAE,YOZMIL,0.9999978538254626
YOZNAE,YOZNIM,0.9999974107139518
YOZNAE,XAMDUM06,0.9999962008853012
YOZNAE,YOZPAG,0.9999953708477888
YOZNAE,FIQCEN,0.9999948723753672
YOZNAE,XAMDUM,0.9999942756152824
YOZNAE,XAMDUM01,0.999992856823694
YOZNAE,LUDLIH,0.9999873514524272
YOZNAE,XAMDUM02,0.9999609472938362
YOZNAE,DOTSOV42,0.9999132258166832
YOZNAE,DOTSOV13,0.9999066865951536
YOZNAE,DOTSOV11,0.9999066294656328
YOZNAE,DOTSOV15,0.999906087061221
YOZNAE,DOTSOV14,0.9999060052270566
YOZNAE,DOTSOV08,0.9999055253825228
YOZNAE,DOTSOV16,0.99990551512714
YOZNAE,EBAMUS,0.9997995871803316
YOZNAE,QAWHIH,0.9993480531913554
YOZNAE,WULJUJ,0.9988077131688772
YOZNAE,DOTSOV02,0.9987858194282884
YOZNAE,QIZLIW,0.9982949530153782
YOZNAE,NEHZUY,0.9960136990988836
YOZNAE,QIZLOC,0.9936307878416348
YOZNAE,LASYOU,0.946657030605079
YOZNAE,DALSOA,0.9329621614380852
YOZNAE,BABREE,0.9319593648714444
YOZNAE,MIKVEK,0.9295601478024031
YOZNAE,ONIXOZ,0.9243380298372093
YOZNAE,EXOYAS,0.9196064657451266
YOZNAE,YUGLES,0.9080517246916996
YOZNAE,NUTQAV,0.9078854938367876
YOZNAE,NUTQEZ,0.9077923935308624
YOZNAE,HANWAW,0.9061421781479152
YOZNAE,MOFGOE,0.8957128988819116
YOZNAE,IPUPIU,0.8871629308404317
YOZNAE,KANMIX,0.8850736781830191
YOZNAE,USEVOF,0.8850623351839673
YOZNAE,WANJIF,0.8848291807294548
YOZNAE,IPUPOA,0.8847251436206096
YOZNAE,XEDMEB,0.8846104305871003
YOZNAE,EXAXAE,0.8818127607429237
YOZNAE,EXAXAE03,0.8814730771986489
YOZNAE,EMUBIZ,0.8814370085068113
YOZNAE,ANUGOG,0.8778979824510272
YOZNAE,ANUGIA,0.87760690435155
YOZNAE,CEKHUY,0.8736818347672177
YOZNAE,LAQNID,0.869036613299688
YOZNAE,KIRFOI,0.8655330518996737
YOZNAE,XICKOL,0.8604750810009206
ZARLIP,KEQDER,0.9091645234653812
ZARLIP,ORIBAU,0.8779563433911295
ZARLIP,GATBUZ,0.8773258774547392
ZARLIP,IFABIA02,0.8766890393277538
ZARLIP,IFABIA01,0.876664280772082
ZARLIP,KEFBOO,0.8766568878878109
ZARLIP,PEVQIS,0.8738806631830895
ZARLIP,MIBQAR12,0.8738734136183568
ZARLIP,MIBQAR07,0.8738671179271864
ZARLIP,MIBQAR01,0.8737876536545978
ZARLIP,HOLRAD,0.873778690256467
ZARLIP,LAWGOG,0.8737486516986435
ZARLIP,SAHYIK,0.8737188353581417
IFABIA02,IFABIA01,0.9999991853756308
IFABIA02,REDROI,0.9998973039917284
IFABIA02,VEGMOK04,0.9997973919445914
IFABIA02,GATBUZ,0.9997970511571456
IFABIA02,PEVQOY,0.9991258144204866
IFABIA02,VUSKEA,0.9990042282545591
IFABIA02,MIBQAR07,0.9989815271261506
IFABIA02,LAWFOF,0.9989138609176752
IFABIA02,VAZTUM,0.9989125375407464
IFABIA02,LAWGOG,0.998906518532221
IFABIA02,SAHYIK,0.9989010041113882
IFABIA02,ROZXEL,0.9463039563962312
IFABIA02,BOLPAU,0.9082136417169314
IFABIA02,BABRII,0.9080850060890138
IFABIA02,ODODIW,0.9080245164517676
IFABIA02,HUTZAX01,0.907810941634516
IFABIA02,UYAPOA,0.9047477530187888
IFABIA02,GOSDUP,0.8972242590600293
IFABIA02,ACODIH,0.8968286662975296
IFABIA02,JEDDII,0.8964147066780073
IFABIA02,TONQOD,0.8950561020155132
IFABIA02,QEDZEG,0.8948353820186727
IFABIA02,SACHIP,0.8927670321841692
IFABIA02,DITTEH,0.8869956647636987
IFABIA02,NAWXER,0.8854074355808066
IFABIA02,DARYIF,0.8850585353046138
IFABIA02,WORKUL,0.8849456412224865
IFABIA02,PUGSER,0.8846526916811501
IFABIA02,QAQSAD,0.8844682245890536
IFABIA02,WUMDIT,0.8778120319106857
IFABIA02,XAFFER,0.8771861434225874
IFABIA02,XAFFAN,0.8761240092616018
IFABIA02,MEWPIQ,0.8759819595953062
IFABIA02,ULISOZ,0.8748395358319133
IFABIA02,IJEXIF01,0.8748143117170389
IFABIA02,VEHJUP,0.8746943630044448
IFABIA02,FUTYOK,0.8742260020945893
IFABIA02,NIWYOJ,0.8740132485904638
IFABIA02,NANYUX01,0.8736981812348261
IFABIA02,VEHKAW,0.8736142717961979
IFABIA02,NENHEU,0.8720799204766596
IFABIA02,GADROU,0.8692428145294947
IFABIA02,OKELOH,0.8687534590965316
IFABIA02,AXOCEW,0.8687293666889978
IFABIA02,PEGCIP,0.8682975837427642
IFABIA02,XEGWIS,0.86653932721655
IFABIA02,XEGWAK,0.8665205950541808
IFABIA02,XEGXIT,0.8665201527449565
IFABIA02,SAVMAE,0.8630141205331293
IFABIA02,IGUFOH,0.8615574989865559
IFABIA02,EGIKUB01,0.860446237498539
IFABIA02,XENMIO,0.8603092540399584
IFABIA02,DUFLOH,0.8595659656633068
ARIDIQ,MEQPEG,0.8637667794206143
GATBUZ,EDOWIG,0.9998701662876686
GATBUZ,VEGMOK04,0.9999999996065596
GATBUZ,REDROI,0.9999764233865692
GATBUZ,ORIBAU,0.9992092985378372
GATBUZ,VUSKEA,0.9985457333603496
GATBUZ,PEVQIS,0.9985024657953596
GATBUZ,MIBQAR07,0.9984939200033472
GATBUZ,HOLRAD,0.9984403844012396
GATBUZ,LAWFOF,0.998431852864028
GATBUZ,VAZTUM,0.9984270331905446
GATBUZ,LAWGOG,0.9984219765108384
GATBUZ,SAHYIK,0.9984035502395152
GATBUZ,PIWLAL,0.946778762177622
GATBUZ,ODODIW,0.908247103767281
GATBUZ,VIKBUP,0.9081902837782816
GATBUZ,BABRII,0.908031879331458
GATBUZ,JENKET,0.90745484226537
GATBUZ,UYAPOA,0.903311730499134
GATBUZ,QEDZEG,0.8957295322528728
GATBUZ,UKOLOV,0.8872561926441616
GATBUZ,EKEKEL,0.885900797708904
GATBUZ,DARYIF,0.8848333452875137
GATBUZ,WORLAS,0.8834363768995401
GATBUZ,IDIXAU,0.8830007213358362
GATBUZ,WUMDIT,0.8779576022979282
GATBUZ,NOXMAQ,0.8759464918220666
GATBUZ,REGREC,0.8749816164451075
GATBUZ,NIWYOJ,0.8745680432000631
GATBUZ,NANYUX01,0.874284876693614
GATBUZ,VEHKAW,0.8742555853765667
GATBUZ,NANYUX03,0.8742401044129768
GATBUZ,PEGCIP,0.868847197731283
GATBUZ,AXOCEW,0.8683869914007084
GATBUZ,XEGXIT,0.8674564075367697
GATBUZ,XEGWAK,0.8674499185558516
GATBUZ,RUPVAB,0.8653135464400248
GATBUZ,SAVMAE,0.8625026607011145
GATBUZ,HUVGEM,0.8608311333166265
GATBUZ,EGIKUB01,0.8600680692138907
NIKYOW,NIHBAI01,0.9999989519826638
NIKYOW,CAJHUS01,0.999997194442576
NIKYOW,NIHBEM01,0.9999809078853352
NIKYOW,IZAKAX,0.999951082785438
NIKYOW,VICBEQ,0.9987047628207514
NIKYOW,NUDPAE02,0.9986571081906208
NIKYOW,NUDNUW09,0.9967023970850796
NIKYOW,PESTAL,0.996666396984198
NIKYOW,NUDNUW01,0.9965552659969288
PEVQEO,VUSKEA,0.9999997079158724
KAFTUI,AXOCEW,0.99993447785207
SOSQIC01,OFORUZ,0.8342196569794327
SOSQIC01,MACHIJ,0.8652923529507587
RUPVAB,VEHJUP,0.9941321975786648
RUPVAB,NIWYID,0.991206321992468
RUPVAB,FUTYOK,0.986720251428574
RUPVAB,NANYUX01,0.984455663921194
RUPVAB,VEHKAW,0.9842903050302984
RUPVAB,NANYUX03,0.9842151295100288
RUPVAB,UFOFUT,0.9350785302717872
RUPVAB,RUGXUO,0.92381953619867
RUPVAB,QUQFEO,0.9207862980329108
RUPVAB,EXOXUL,0.919939754279032
RUPVAB,QUQFIS,0.9158668040067856
RUPVAB,KEFBOO,0.9074465501324024
RUPVAB,MOHLIF,0.9049675705566506
RUPVAB,NUFCAU,0.8776859563419716
RUPVAB,NASROR,0.8738531285769957
RUPVAB,DOYHOQ,0.872030204876336
RUPVAB,SAHYIK,0.8715542455424874
RUPVAB,VAZTUM,0.8715200788448892
RUPVAB,HOLRAD,0.8715002504883893
RUPVAB,MIBQAR01,0.8714920204205383
RUPVAB,PEVQIS,0.8714055158487551
RUPVAB,VUSKEA,0.8713381396131521
RUPVAB,PEVQOY,0.8710749557752774
RUPVAB,BUKMUQ01,0.8691629717525993
RUPVAB,PUGSER,0.8678508814303719
RUPVAB,IFABIA01,0.8667896039105281
RUPVAB,REDROI,0.8661397884643371
RUPVAB,VEGMOK04,0.8653174124241682
EXUMEP,GUPJEG01,0.980514151810201
EMUBIZ,EXAXAE,0.9999896889397316
EMUBIZ,WANJIF,0.9973210267953292
EMUBIZ,KANMIX,0.9961507058888116
EMUBIZ,USEVOF,0.9958847657675756
EMUBIZ,GAVDUD,0.8850715551327726
EMUBIZ,NEHZUY,0.8850690965474902
EMUBIZ,KAJZIH,0.8848976211068096
EMUBIZ,QIZLIW,0.8847126466743942
EMUBIZ,QIZLOC,0.8846822568783324
EMUBIZ,DOTSOV07,0.8827828459780356
EMUBIZ,WULJUJ,0.8826128892659721
EMUBIZ,DOTSOV02,0.8825957567119047
EMUBIZ,DOTSOV16,0.8825124140310517
EMUBIZ,DOTSOV14,0.8825097737537092
EMUBIZ,DOTSOV11,0.882506602345472
EMUBIZ,DOTSOV42,0.8824713263517442
EMUBIZ,EBAMUS,0.8821059278422052
EMUBIZ,XAMDUM05,0.8819761099393814
EMUBIZ,XAMDUM02,0.8819551716451055
EMUBIZ,BODPAN,0.8819548182160957
EMUBIZ,XAMDUM04,0.8819018921299154
EMUBIZ,LUDLIH,0.8818141764268397
EMUBIZ,XAMDUM01,0.8817510830801051
EMUBIZ,DIHVIB01,0.881721205512808
EMUBIZ,YOZMEH,0.8817197442896937
EMUBIZ,XAMDUM,0.8817190124873814
EMUBIZ,XAMDUM06,0.8816675982513161
EMUBIZ,YOZNIM,0.8816274194932998
EMUBIZ,YOZMOR,0.8814734541277189
EMUBIZ,DIHVIB,0.8814120350921759
EMUBIZ,TISPAO,0.8798612544175861
EMUBIZ,QAWHIH01,0.8778405621647782
EMUBIZ,QAWHIH,0.8777268419953581
EMUBIZ,OQIZUL,0.8755652055157208
EMUBIZ,YOZMUX,0.8646100105319896
REDROI,IFABIA01,0.9998794678511616
REDROI,PEVQOY,0.9989947091432788
REDROI,MIBQAR07,0.9988118527673532
REDROI,MIBQAR01,0.9987658482804278
REDROI,VAZTUM,0.9987492373808768
REDROI,LAWGOG,0.9987443445895344
REDROI,ROZXEL,0.9466469404400384
REDROI,JENKET,0.9071871911862548
REDROI,GOSDUP,0.8971802817178476
REDROI,JEDDII,0.896016695390135
REDROI,QEDZEG,0.8953555925542853
REDROI,DITTEH,0.8872094263898594
REDROI,UKOLOV,0.887178770768668
REDROI,NIKHAS,0.8868148637674051
REDROI,PUGSER,0.8851824918944899
REDROI,WORKUL,0.8850351958084063
REDROI,QAQSAD,0.8847505933556048
REDROI,XAFFER,0.8775079489930019
REDROI,XAFFAN,0.876580538717287
REDROI,ULISOZ,0.8749931347385904
REDROI,REGREC,0.8749206426096138
REDROI,VEHJUP,0.8746847382466836
REDROI,FUTYOK,0.8745409218377608
REDROI,NIWYOJ,0.8743647617481446
REDROI,NANYUX01,0.8740442338343186
REDROI,VEHKAW,0.8740007638616478
REDROI,NENHEU,0.8725587915980564
REDROI,GADROU,0.8690322068667469
REDROI,OKELOH,0.8690296700170912
REDROI,PEGCIP,0.8686455246317153
REDROI,AXOCEW,0.8686284396018586
REDROI,XEGXIT,0.8670622278673575
REDROI,SAVMAE,0.8628411240012229
REDROI,HUVGEM,0.8606509890616257
REDROI,EGIKUB01,0.8603037696490001
REDROI,YICQOS,0.8597184162574757
POFFAT,NELCEN,0.9999254271983108
POFFAT,IPINAY,0.9998667209708956
POFFAT,VOJPUG01,0.999813255475424
POFFAT,POFDEV,0.999557474164541
POFFAT,KAKTIA,0.999358803496532
POFFAT,MURREW,0.999266862635107
POFFAT,QIWQES,0.9985728846063364
POFFAT,UFUMUD02,0.9980506084296014
POFFAT,BAHGUN01,0.9979441238389244
POFFAT,QERZUI,0.9978467157028266
POFFAT,BAHGUN03,0.9978226816800996
POFFAT,BAHGUN04,0.9977470528205136
POFFAT,NIHDIU,0.9971724662346791
POFFAT,QERZUI01,0.99712131058792
POFFAT,NIHDEQ,0.9960994754846616
POFFAT,XICKOL,0.8792362777658603
POFFAT,IXAJUN,0.8773185392006659
POFFAT,NAPSUV,0.8708162194603408
AXOCEW,XEGWIS,0.9947970883501368
AXOCEW,KAHMOW,0.9947831223234556
AXOCEW,XEGXIT,0.9947700404720156
AXOCEW,XEGWAK,0.9947601705088108
AXOCEW,PEVQIS,0.8691933802042688
AXOCEW,HOLRAD,0.8691777337087647
AXOCEW,VAZTUM,0.8691746989467546
AXOCEW,LAWGOG,0.8691731934187354
AXOCEW,SAHYIK,0.8691694565164267
AXOCEW,VEGMOK04,0.8683881703427816
ABAVOP,VODNOS,0.9999963422981076
ABAVOP,VEDGES,0.9999958746929942
ABAVOP,VEDGAO,0.9999933419782452
ABAVOP,VEDFAN,0.9999898073950784
ABAVOP,VEDFIV,0.999988372183425
ABAVOP,VEDFUH,0.9999823707603356
ABAVOP,VEDFER,0.9999786341271047
ABAVOP,BOWDUO,0.999972987639506
ABAVOP,BIPXIK,0.9999501636655208
ABAVOP,CEYPUT01,0.999939403207996
ABAVOP,EXUXEC,0.9998753257740912
ABAVOP,TATSIS01,0.999129229821336
ABAVOP,ABAVUV,0.9989456265257064
ABAVOP,LASMAV,0.9984192965480364
ABAVOP,YIGGEB,0.9969396747695908
ABAVOP,ERUNUC,0.9233328833401022
ABAVOP,DIDBOJ,0.9229848786949904
ABAVOP,DIDBEZ,0.9229420282179028
ABAVOP,DIDBID,0.9228653378650068
ABAVOP,BUKLOJ,0.88274507114029
ABAVOP,FEVDER,0.8791257663886127
ABAVOP,LIDSIC,0.8791127914007727
ABAVOP,BAKJEE,0.8789765430783171
ABAVOP,BAKJII,0.8784474102402937
ABAVOP,TIDNIF,0.8769762158921628
ABAVOP,ESEQUO,0.8729766161779031
ABAVOP,YATDOP,0.8601165794281053
ABAVOP,XALMOO,0.8600071082150385
FUVDEH07,FUVDEH08,0.9999999793792484
FUVDEH07,FUVFUZ,0.9999998828403712
FUVDEH07,IFEPUG01,0.9999228747392396
CAVLIW,DIQGUH,0.8858944756464151
QUXRIM,DIQGUH,0.8935967872173085
IVEMAZ,FEJFAE,0.9999827261466864
IVEMAZ,IVELUS,0.9999613279005352
IVEMAZ,LUSHOX02,0.884940466541613
EXOGAB,IPUPOA,0.9737290824807628
EXOGAB,ANUGIA,0.960890613935003
EXOGAB,LASYOU,0.9540027375345008
EXOGAB,LAYXER,0.9467533730276896
EXOGAB,LAYWOA,0.9458593733449924
EXOGAB,LAYXAN,0.9453311111871154
EXOGAB,ORAWAH,0.9391663642098528
EXOGAB,NAPSUV,0.9321451376330564
EXOGAB,EDOSEY,0.9317373377579884
EXOGAB,XICKOL,0.9177508306068892
EXOGAB,BAZGAM,0.9159216982342544
EXOGAB,BAZFUF01,0.9148827504453748
EXOGAB,NAFSOF,0.9141178631868988
EXOGAB,QIZLIW,0.908013920595651
EXOGAB,DOTSOV14,0.9079799669851112
EXOGAB,DOTSOV10,0.9079796243374832
EXOGAB,DOTSOV13,0.9079786101296736
EXOGAB,XAMDUM04,0.9077633159214732
EXOGAB,XAMDUM03,0.9077494395103232
EXOGAB,LUDLIH,0.907728531625329
EXOGAB,DIHVIB01,0.9076889477414748
EXOGAB,UXISUR,0.9076881703910976
EXOGAB,FIQCEN,0.9076817269632864
EXOGAB,LUDLED,0.907672452646712
EXOGAB,XAMDUM06,0.9076666445286627
EXOGAB,YOZNIM,0.9076502207985564
EXOGAB,YOZMIL,0.907641450533578
EXOGAB,XAMDUM07,0.9076333033545716
EXOGAB,YOZMOR,0.90758590561221
EXOGAB,QOWRAV10,0.9075783727313153
EXOGAB,QOWRAV09,0.9075639318408186
EXOGAB,DIHVIB,0.907558183256428
EXOGAB,QOWRAV08,0.9075387865479142
EXOGAB,QOWRAV07,0.9075212438463288
EXOGAB,QOWRAV05,0.9074703013907792
EXOGAB,WULJUJ,0.9074652208246105
EXOGAB,QOWRAV04,0.9074604471733372
EXOGAB,QOWRAV02,0.9074547011341332
EXOGAB,YOZPAG,0.9074525563098416
EXOGAB,DOTSOV02,0.907446158156548
EXOGAB,NEHZOS,0.9069182567392796
EXOGAB,GAVDUD,0.9069069785224828
EXOGAB,TISPAO,0.90680595750338
EXOGAB,OHOMIH,0.9052247963270004
EXOGAB,LIGQEA,0.904265653774705
EXOGAB,OQIZUL,0.9042285820043224
EXOGAB,LURRIA,0.8895309465433888
EXOGAB,HANWAW,0.8884848971156801
EXOGAB,FISGOF,0.8854257489946067
EXOGAB,KIRFOI,0.8756495706180979
VOKNEQ,VOKMUF,0.9607241697737066
DUGDOA,DUGDOA01,0.9999628090595192
DUGDOA,IBEYAQ,0.9564113710131592
DUGDOA,HISSIN,0.9453077659794296
DUGDOA,WOJYOL,0.9422121200921354
DUGDOA,WOJZIG,0.9385637403120376
DUGDOA,EXUTAU,0.9082275903038546
DUGDOA,WECSAZ01,0.9074029401543272
DUGDOA,EHAZAO,0.9037461537599298
DUGDOA,SIKYER,0.903374395134377
DUGDOA,EWASIG,0.8644163849504569
DUGDOA,VITYUU,0.8591585591691899
QACTUJ,LOBQAV01,0.9982631963886204
QACTUJ,LARYOU,0.9967647198875516
QACTUJ,HISTIO,0.8014912275741327
QACTUJ,BOJYIK,0.9999990428983
QACTUJ,ZALLEG,0.9468697420039696
QACTUJ,KEDJEL,0.9403941312273614
QACTUJ,DUGDUG,0.9077656785564494
QACTUJ,CUJCIV,0.905263942606927
QACTUJ,XISDIO,0.9047918407626744
QACTUJ,XADDAJ,0.886445180295275
QACTUJ,YATTUK,0.8749993514348496
QACTUJ,LAVTAF,0.8651220974659739
QACTUJ,OHIHOD,0.8607784914191072
FECXUI,WORLAS,0.999829832470943
VEHKAW,NANYUX03,0.9999993125516946
VEHKAW,NANYUX01,0.99999598728688
VEHKAW,NIWYOJ,0.9999569324338412
VEHKAW,IJEXIF01,0.998115210376196
VEHKAW,VEHJUP,0.9975771431518932
VEHKAW,QUQFIS,0.9329797817051322
VEHKAW,QUQFEO,0.932786720051386
VEHKAW,QOPZIF,0.9179264324414478
VEHKAW,FUDGIW,0.90802769062365
VEHKAW,EXOXUL,0.9071540258087962
VEHKAW,MOHLIF,0.9035473568199992
VEHKAW,DUNXUH15,0.8971377514755798
VEHKAW,DUNXUH13,0.8970783273565225
VEHKAW,HOGJIX,0.8970616705289773
VEHKAW,PUGSER,0.8870902621901533
VEHKAW,DITTEH,0.8867983770769996
VEHKAW,BUKMUQ01,0.8850742914898064
VEHKAW,DOYHIK,0.8777757681678043
VEHKAW,DOYHOQ,0.8755851397817824
VEHKAW,VEGMOK04,0.8742545046419479
VEHKAW,NASROR,0.8741544726152326
VEHKAW,IFABIA01,0.873591653540352
VEHKAW,CUVTOD,0.8729329849455788
VEHKAW,PEVQOY,0.871006740101726
VEHKAW,MIBQAR07,0.870646819472904
VEHKAW,HOLRAD,0.8705534453034529
VEHKAW,LAWFOF,0.8705390962350504
VEHKAW,LAWGOG,0.8705225492112119
VEHKAW,NUFCAU,0.8659276014160056
VEHKAW,SOWCOY,0.8608837419324945
KEDWOI,UFIYIR,0.9999514635042134
KEDWOI,GOCTID,0.9992898799997136
PERROW,PEVQOY,0.9081755534504652
ULISOZ,VEHJUP,0.9996249314358718
ULISOZ,FUTYOK,0.9996145641569608
ULISOZ,NANYUX01,0.9991402236312676
ULISOZ,NANYUX03,0.9990891712518876
ULISOZ,UFOFUT,0.9470036928007622
ULISOZ,RUGXUO,0.9330107663276654
ULISOZ,QUQFEO,0.9327904394565776
ULISOZ,FUDGIW,0.9080197229173818
ULISOZ,DUNXUH13,0.8971697572447148
ULISOZ,DUNXUH15,0.8971346120435663
ULISOZ,EGIKUB01,0.8962910226157802
ULISOZ,PUGSER,0.885342526347332
ULISOZ,BUKMUQ01,0.8841345096833693
ULISOZ,DOYHOQ,0.8776057272398243
ULISOZ,NUFBOH,0.8770809467138808
ULISOZ,VEGMOK04,0.8749932076252946
ULISOZ,IFABIA01,0.874817974832706
ULISOZ,CUVTOD,0.8741904103939491
ULISOZ,PEVQOY,0.8738860327382296
ULISOZ,PEVQIS,0.8736981783113996
ULISOZ,MIBQAR12,0.873694039721092
ULISOZ,MIBQAR01,0.8736452684652737
ULISOZ,HOLRAD,0.8736401311061563
ULISOZ,LAWFOF,0.8736321627795182
ULISOZ,VAZTUM,0.8736276984959577
ULISOZ,NUFCAU,0.8715328295386492
ULISOZ,SOWCOY,0.8609782262213808
DIGPER,EBEWIT,0.999999991880526
DIGPER,EBEXEQ01,0.9995295888588224
DIGPER,EBEXIU02,0.9999913064463848
CUZBUW,LOMQOV,0.9999987241854074
EKEXOI,FIXLAC,0.999937197802999
RUGXUO,NIWYOJ,0.9324655136020564
RUGXUO,NANYUX03,0.9321037365125912
RUGXUO,UFOFUT,0.8870880777194341
RUGXUO,UFAMEW,0.8855367399234257
LETVUB,MIRNOR,0.9999766822158502
DOTSOV11,DOTSOV13,0.9999999999912554
DOTSOV11,DOTSOV15,0.9999999992144026
DOTSOV11,DOTSOV08,0.9999999967546486
DOTSOV11,DOTSOV16,0.99999999669427
DOTSOV11,DOTSOV14,0.9999999885696048
DOTSOV11,DOTSOV42,0.9999998791676464
DOTSOV11,XAMDUM05,0.9999749820756968
DOTSOV11,XAMDUM03,0.9999648436327588
DOTSOV11,XAMDUM04,0.999962894033519
DOTSOV11,XAMDUM02,0.9999572242272808
DOTSOV11,LUDLIH,0.999956668234066
DOTSOV11,XAMDUM01,0.9999511054694112
DOTSOV11,UXISUR,0.99994725436299
DOTSOV11,XAMDUM,0.9999471405832918
DOTSOV11,FIQCEN,0.9999452609276256
DOTSOV11,LUDLED,0.9999423473291142
DOTSOV11,XAMDUM06,0.9999404963115892
DOTSOV11,YOZNIM,0.9999350605900784
DOTSOV11,YOZMIL,0.9999318617585438
DOTSOV11,XAMDUM07,0.9999294953976472
DOTSOV11,YOZNEI,0.9999139779666056
DOTSOV11,YOZMOR,0.9999121572070212
DOTSOV11,DIHVIB,0.9999025793942148
DOTSOV11,YOZPAG,0.9998604353861924
DOTSOV11,DOTSOV07,0.9997403016503849
DOTSOV11,TISPAO,0.9995334210656724
DOTSOV11,DOTSOV02,0.9990725779293664
DOTSOV11,QIZLIW,0.9989987828137836
DOTSOV11,QAWHIH,0.9987618472217288
DOTSOV11,NEHZOS,0.997212610719444
DOTSOV11,NEHZUY,0.9971369972594848
DOTSOV11,OHOMIH,0.9949150799001942
DOTSOV11,DALSOA,0.9330061127184196
DOTSOV11,ORAWAH,0.931693305209252
DOTSOV11,RAWYAS,0.9193464130016104
DOTSOV11,IWEVAJ,0.9187165615892612
DOTSOV11,YUGLES,0.90768755677706
DOTSOV11,NUTQAV,0.9074243267832922
DOTSOV11,HUCBOX02,0.8973567616861803
DOTSOV11,KANMIX,0.8849472258799898
DOTSOV11,WANJIF,0.8849300975731751
DOTSOV11,USEVOF,0.8848949133478331
DOTSOV11,ADONEP,0.884674603235113
DOTSOV11,ANUGOG,0.8779621963353096
DOTSOV11,ANUGIA,0.8771483954283391
DOTSOV11,HIDTUM,0.8741778705779077
DOTSOV11,OKABAE,0.8676465783648708
DOTSOV11,KIRFOI,0.8666186320505043
DOTSOV11,XICKOL,0.860886442955452
DOTSOV11,OGEBAF01,0.8592229376445459
YANWOC02,DADTOS13,0.999999841849178
YANWOC02,DADTOS,0.9999992443883146
YANWOC02,DADTOS11,0.9999989568396768
YANWOC02,DADTOS01,0.9999989119857556
YANWOC02,DADTOS08,0.9999987517056534
YANWOC02,DADTOS09,0.9999986488869984
YANWOC02,DADTOS12,0.999998281302854
YANWOC02,DADTOS18,0.9999978833784582
YANWOC02,YANWOC01,0.9999978303711776
YANWOC02,VIRJEM,0.9999658444981804
YANWOC02,REZJIR,0.9999652754890984
YANWOC02,PADJOU,0.9999470713074292
YANWOC02,LIJWOR03,0.9999368251717224
YANWOC02,LIJWOR02,0.9999261719707246
YANWOC02,MNFORD02,0.999923588981296
YANWOC02,LIJWOR,0.9999218322627286
YANWOC02,MNFORD03,0.999900189716327
YANWOC02,IQEWOQ,0.9986273515580778
IGUFOH,IQOJAB,0.9222365269601528
IGUFOH,ROZXEL,0.8999017131382326
IGUFOH,PIWLAL,0.8996716182205104
IGUFOH,BABRII,0.8672214909145423
IGUFOH,JENKET,0.8617056564904839
IGUFOH,SAHYIK,0.8612046977594771
IGUFOH,MIBQAR01,0.8610963177777693
IGUFOH,LAWFOF,0.8610855896481671
IGUFOH,HOLRAD,0.861080509201827
IGUFOH,MIBQAR12,0.861048782841639
IGUFOH,VUSKEA,0.8610388751963696
IGUFOH,PEVQOY,0.8609320741241342
IFABIA01,VEGMOK04,0.9997752159822584
IFABIA01,VUSKEA,0.9989865727768416
IFABIA01,MIBQAR07,0.9989653531645256
IFABIA01,PEVQIS,0.9989589533324696
IFABIA01,MIBQAR12,0.99894792730938
IFABIA01,HOLRAD,0.9989028608836904
IFABIA01,LAWFOF,0.9988962353000346
IFABIA01,VAZTUM,0.9988951138363172
IFABIA01,ORIBAU,0.9984996286766492
IFABIA01,BOLPAU,0.9082125510983224
IFABIA01,BABRII,0.9080646144120728
IFABIA01,VIKBUP,0.9078349085688446
IFABIA01,JENKET,0.9067473609914108
IFABIA01,UYAPOA,0.9047719352893364
IFABIA01,GOSDUP,0.8972260289928751
IFABIA01,ACODIH,0.8968056949797936
IFABIA01,JEDDII,0.8964205513010283
IFABIA01,TONQOD,0.8950307781129254
IFABIA01,QEDZEG,0.8948092069408848
IFABIA01,DITTEH,0.8869736976682011
IFABIA01,UKOLOV,0.8869328920978319
IFABIA01,NIKHAS,0.8864953818855015
IFABIA01,EKEKEL,0.8863396466282802
IFABIA01,NAWXER,0.8853945384642625
IFABIA01,PUGSER,0.884626473863187
IFABIA01,QAQSAD,0.8844459082596268
IFABIA01,WORLAS,0.884158616635618
IFABIA01,IDIXAU,0.8819899044668664
IFABIA01,WUMDIT,0.8777911880737689
IFABIA01,XAFFAN,0.8760985637283526
IFABIA01,MEWPIQ,0.8759563672503926
IFABIA01,NOXMAQ,0.8749537509224647
IFABIA01,IJEXIF01,0.8747938688527335
IFABIA01,REGREC,0.8746817431046134
IFABIA01,VEHJUP,0.8746747022322863
IFABIA01,FUTYOK,0.8742029389358607
IFABIA01,NANYUX03,0.8735520024307352
IFABIA01,NENHEU,0.8720549602728972
IFABIA01,OKELOH,0.8687299028604535
IFABIA01,KAHMOW,0.8665025967619813
IFABIA01,XEGWAK,0.8664945661841641
IFABIA01,EGIKUB01,0.8604356283170058
IFABIA01,HUVGEM,0.8602967270337871
IFABIA01,DUFLOH,0.8595740015644295
XEDGIY,DELGIN,0.8700552710748232
PIKYAM,FALGIK,0.9563081020007852
PIKYAM,RUXWEM03,0.9555617176125816
PIKYAM,VAKLIF,0.9078308753133116
PIKYAM,XEFGUN01,0.9070526889105246
PIKYAM,GOYLUB,0.9058351075589028
PIKYAM,DELGIN,0.8934132895214435
PIKYAM,IGUTUB,0.8849579722499964
PIKYAM,FESYEK,0.8607490845267978
HOLRAD,LAWFOF,0.9999999883263276
HOLRAD,VAZTUM,0.9999999595451088
HOLRAD,LAWGOG,0.9999999455042186
HOLRAD,SAHYIK,0.9999996151964002
HOLRAD,MIBQAR12,0.9999994534092678
HOLRAD,PEVQIS,0.9999992625243987
HOLRAD,MIBQAR07,0.9999987785694208
HOLRAD,VUSKEA,0.999998145929724
HOLRAD,ORIBAU,0.9954388866095282
HOLRAD,ROZXEL,0.9437551198240786
HOLRAD,PIWLAL,0.943578144442566
HOLRAD,BABRII,0.907633462250519
HOLRAD,UYAPOA,0.9070321697906988
HOLRAD,BOLPAU,0.9067668191358924
HOLRAD,ODODIW,0.9066016350805348
HOLRAD,JENKET,0.903680682141296
HOLRAD,JEDDII,0.8971894405590453
HOLRAD,GOSDUP,0.8953918473937215
HOLRAD,ACODIH,0.8947538232318611
HOLRAD,TONQOD,0.8913498406003857
HOLRAD,EKEKEL,0.8872935722979587
HOLRAD,DITTEH,0.8853271484913121
HOLRAD,UKOLOV,0.885187006232478
HOLRAD,QAQSAD,0.8822546527957479
HOLRAD,NAWXER,0.881762109182874
HOLRAD,VEHJUP,0.8746929612036527
HOLRAD,NIWYID,0.8737882255088409
HOLRAD,REGREC,0.8730839987546444
HOLRAD,XAFFAN,0.8727524631613506
HOLRAD,MEWPIQ,0.8725071644763177
HOLRAD,FUTYOK,0.8718115058411566
HOLRAD,NIWYOJ,0.8713730050546651
HOLRAD,NOXMAQ,0.8708642165351019
HOLRAD,NANYUX01,0.8706382884934044
HOLRAD,NANYUX03,0.8705135746841249
HOLRAD,SAVMAE,0.8642411344377224
HOLRAD,KAHMOW,0.8625665709653051
HOLRAD,XEGXIT,0.8625517330813464
HOLRAD,XEGWAK,0.8625394774948378
HOLRAD,YICQOS,0.8611453510442131
HOLRAD,DUFLOH,0.8608897629254144
HOLRAD,EGIKUB01,0.8606768341485762
VUSKEA,MIBQAR12,0.9999996100856914
VUSKEA,MIBQAR07,0.9999989504862552
VUSKEA,MIBQAR01,0.9999983365724348
VUSKEA,LAWFOF,0.999997840751965
VUSKEA,SAHYIK,0.99999657125661
VUSKEA,PEVQOY,0.999995398655508
VUSKEA,ORIBAU,0.9956198478933782
VUSKEA,PIWLAL,0.9437396496295926
VUSKEA,BABRII,0.9076989895846752
VUSKEA,BOLPAU,0.9068664999994426
VUSKEA,VIKBUP,0.906156404878911
VUSKEA,HUTZAX01,0.9060367290284964
VUSKEA,JENKET,0.9038617911898632
VUSKEA,SACHIP,0.8959637309208612
VUSKEA,TONQOD,0.891557590213862
VUSKEA,QEDZEG,0.8912149010022505
VUSKEA,EKEKEL,0.8872975551354692
VUSKEA,UKOLOV,0.8853099010055359
VUSKEA,WORLAS,0.8849571781577293
VUSKEA,DARYIF,0.884332382328843
VUSKEA,QAQSAD,0.8823969423307003
VUSKEA,NAWXER,0.8819616479738627
VUSKEA,IDIXAU,0.8780955162440848
VUSKEA,XAFFER,0.8749379324024348
VUSKEA,VEHJUP,0.8747387318407713
VUSKEA,IJEXIF01,0.8745165494733117
VUSKEA,XAFFAN,0.8729459080912163
VUSKEA,MEWPIQ,0.8727051057993869
VUSKEA,NANYUX01,0.8708155270410002
VUSKEA,NANYUX03,0.8706931170656441
VUSKEA,NENHEU,0.8686765873522739
VUSKEA,GADROU,0.8681579244943181
VUSKEA,OKELOH,0.866849494957283
VUSKEA,PEGCIP,0.8658222887024445
VUSKEA,SAVMAE,0.864233058282798
VUSKEA,XEGWIS,0.8628014657385631
VUSKEA,KAHMOW,0.8627859251796366
VUSKEA,XEGXIT,0.8627713298483395
KAHWOG,AHONEQ,0.9999718819017104
KAHWOG,OPENUT,0.9959938810518222
KAHWOG,LUCDAO,0.8623089176533035
KAHWOG,YIXFOC03,0.8607572875787357
KAHWOG,SIKYER,0.8605080497688262
KAHWOG,WECSAZ01,0.8603368931410146
KAHWOG,EHAZES,0.8601806380544661
KAHWOG,WECSAZ,0.8597279439719163
AXINAX01,DIBQIQ,0.9998491036784452
AXINAX01,CIFMAH,0.9989189298925558
AXINAX01,AXINIF,0.998684568205806
AXINAX01,MIHJUL,0.9979291865339912
AXINAX01,HELDOT,0.9977274875774202
AXINAX01,NIGPAW,0.9895667890005816
AXINAX01,NIGNUO,0.9860632768452232
AXINAX01,MOXDOT,0.9564333049444372
AXINAX01,MOXDOT01,0.95643198182443
AXINAX01,HURGOR,0.9564094290024404
AXINAX01,NOMPIQ01,0.916690998447218
AXINAX01,NOMPIQ,0.9166474076814316
AXINAX01,CIKPEU,0.9166235878736532
AXINAX01,BUKLOJ,0.9056068670477356
AXINAX01,ESEQUO,0.8954685029916882
AXINAX01,ERUNUC,0.8857297147600416
AXINAX01,JODGIU,0.8853552412193019
AXINAX01,DIDBOJ,0.8852790937757865
AXINAX01,DIDBEZ,0.8852633537797256
AXINAX01,AGAFAS,0.8820210922971292
AXINAX01,HALVEY,0.8768068844038521
AXINAX01,CAQKAJ01,0.8767143669995119
AXINAX01,CAQKAJ,0.8765072686873443
AXINAX01,HAJYAV,0.8742455834947553
AXINAX01,XALMOO,0.8716237722995097
AXINAX01,FEVDER,0.8683494517599114
AXINAX01,DIQHAO01,0.8675859218655948
AXINAX01,NIDFOX,0.864333813807459
AXINAX01,VASYEW,0.8639266418634598
AXINAX01,FEYJOJ,0.8632467841047815
DOTSOV09,DOTSOV18,0.999999999716022
BODPAN,XAMDUM05,0.9999998407270392
BODPAN,XAMDUM03,0.9999992375889094
BODPAN,LUDLIH,0.9999975198488288
BODPAN,XAMDUM04,0.9999962219739584
BODPAN,DIHVIB01,0.9999956093153728
BODPAN,UXISUR,0.9999954700942584
BODPAN,XAMDUM,0.9999954378833064
BODPAN,XAMDUM06,0.9999933951968358
BODPAN,YOZNIM,0.9999916384586112
BODPAN,YOZMIL,0.9999906430567986
BODPAN,XAMDUM07,0.9999894831901536
BODPAN,YOZNEI,0.9999834802118684
BODPAN,DOTSOV13,0.9999728786224598
BODPAN,DOTSOV15,0.9999725562076353
BODPAN,DOTSOV08,0.9999722533171904
BODPAN,YOZPAG,0.9999559256902132
BODPAN,TISPAO,0.9997305353619792
BODPAN,DOTSOV07,0.9996725253926984
BODPAN,QAWHIH,0.9990995051517628
BODPAN,DOTSOV02,0.9989687588803188
BODPAN,OQIZUL,0.9982456220773008
BODPAN,NEHZOS,0.9966392652185074
BODPAN,GAVDUD,0.9966199918545648
BODPAN,QIZLOC,0.9943233821861724
BODPAN,OHOMIH,0.994153265427136
BODPAN,YOZMUX,0.9879053031181556
BODPAN,LASYOU,0.9464330980149273
BODPAN,DALSOA,0.9330057115943344
BODPAN,BABREE,0.932229201868392
BODPAN,EXOYAS,0.919780817811758
BODPAN,RAWYAS,0.9190375799461508
BODPAN,IWEVAJ,0.918737512918594
BODPAN,YAGHUM,0.907795568850209
BODPAN,NUTQAV,0.9076949479406898
BODPAN,OFOCUI,0.9076065246137744
BODPAN,NUTQEZ,0.9075812730597108
BODPAN,HANWAW,0.906534003463126
BODPAN,MOFGOE,0.8960040116700101
BODPAN,MOBDIR,0.8960013272665677
BODPAN,HOYQIX,0.8871331819117882
BODPAN,IPUPIU,0.8870386541367107
BODPAN,KANMIX,0.8850387286817678
BODPAN,USEVOF,0.8850077889337468
BODPAN,XEDMEB,0.8847832758802503
BODPAN,EXAXAE,0.8823023028196291
BODPAN,ANUGIA,0.8774176155022964
BODPAN,CEKHUY,0.8742458871481096
BODPAN,LAQNID,0.8691543378670317
BODPAN,OKABAE,0.8672015282270247
BODPAN,KIRFOI,0.8660582399221003
HEZKIH,REYCUV,0.866571643020705
HEZKIH,REYCEF,0.8651022903875851
HELDOT,MIHJUL,0.999995293532112
HELDOT,DIBQOW,0.9999601621046068
HELDOT,AXINIF,0.9998695046936736
HELDOT,NIGPEA,0.9998123873146244
HELDOT,DIBQIQ,0.998746298812431
HELDOT,NIGNUO,0.9728452282043636
HELDOT,HURGOR,0.954622410410241
HELDOT,MOXDOT01,0.9539822593448806
HELDOT,FISQEG,0.9418921927942864
HELDOT,ERUNUC,0.88396668629764
HELDOT,DIDBEZ,0.8826741793953836
HELDOT,DIDBID,0.8825783281608022
HELDOT,DIDBOJ,0.8822527207931206
HELDOT,CAXZOS,0.8815468046238526
HELDOT,AGAFAS,0.8767599775809509
HELDOT,CAQKAJ,0.8760963807397428
HELDOT,YATDOP,0.8706507396759107
HELDOT,HAJYAV,0.8671191595976354
HELDOT,CAQJOW,0.8670489257630131
HELDOT,FEVDER,0.8645595041406358
HELDOT,WEMKEG,0.86156972325786
HELDOT,DIQHAO01,0.8591187949451621
MITTAL,CEHKUW,0.9999859657345582
YICREI,RUBZIY01,0.9997926817870484
JOQQAJ,VEGMIE01,0.9999791883744964
DOTSOV08,DOTSOV16,0.99999999999972
DOTSOV08,DOTSOV10,0.9999999991633428
DOTSOV08,DOTSOV15,0.9999999991625048
DOTSOV08,DOTSOV13,0.9999999964089992
DOTSOV08,DOTSOV14,0.9999999889074984
DOTSOV08,DOTSOV42,0.9999998363170768
DOTSOV08,XAMDUM05,0.9999744090994922
DOTSOV08,XAMDUM03,0.9999641648533956
DOTSOV08,XAMDUM04,0.9999622508765532
DOTSOV08,LUDLIH,0.9999559332231308
DOTSOV08,RILFEA,0.9999504890122088
DOTSOV08,XAMDUM01,0.9999503056132762
DOTSOV08,DIHVIB01,0.9999465809354298
DOTSOV08,UXISUR,0.9999464236927512
DOTSOV08,YOZMEH,0.9999464017900946
DOTSOV08,XAMDUM,0.9999463090210684
DOTSOV08,FIQCEN,0.9999444147684587
DOTSOV08,YOZNIM,0.9999341393107452
DOTSOV08,XAMDUM07,0.999928535537998
DOTSOV08,YOZNEI,0.999912922816752
DOTSOV08,YOZMOR,0.9999110880057688
DOTSOV08,DIHVIB,0.9999014516931356
DOTSOV08,DOTSOV07,0.9997408988302732
DOTSOV08,TISPAO,0.9995309579415804
DOTSOV08,WULJUJ,0.9990948620062968
DOTSOV08,DOTSOV02,0.999073708544422
DOTSOV08,QAWHIH,0.998757839879168
DOTSOV08,OQIZUL,0.9977797416161666
DOTSOV08,NEHZOS,0.9972186060527232
DOTSOV08,NEHZUY,0.9971430729475692
DOTSOV08,QIZLOC,0.9950783254744018
DOTSOV08,OHOMIH,0.9949231587552204
DOTSOV08,YOZMUX,0.9872882317158952
DOTSOV08,DALSOA,0.9330058180414648
DOTSOV08,ORAWAH,0.93168916889173
DOTSOV08,RAWYAS,0.9193495018652572
DOTSOV08,IWEVAJ,0.9187164058135306
DOTSOV08,YUGLES,0.90768485707231
DOTSOV08,YAGHUM,0.9075452035421406
DOTSOV08,OFOCUI,0.9073608690125124
DOTSOV08,NUTQEZ,0.907283251194374
DOTSOV08,HANWAW,0.906930601161263
DOTSOV08,HUCBOX02,0.8973567654169241
DOTSOV08,MOFGOE,0.8962956867261792
DOTSOV08,MOBDIR,0.8962934646540652
DOTSOV08,XEDMEB,0.884935797889601
DOTSOV08,WANJIF,0.8849301355926644
DOTSOV08,ADONEP,0.8846758306858842
DOTSOV08,ANUGIA,0.8771451400339398
DOTSOV08,CEKHUY,0.874855405898012
DOTSOV08,HIDTUM,0.8741848518594566
DOTSOV08,OKABAE,0.8676511646401723
DOTSOV08,XICKOL,0.8608883152296858
DOTSOV08,OGEBAF,0.8593852342397299
DOTSOV08,OGEBAF01,0.8592279361104532
IGOPEB,DADTUY01,0.9998030064201588
IGOPEB,MAJMOA03,0.9997871973456608
IGOPEB,DADTUY,0.9997667811207566
IGOPEB,DEFNIO,0.9990495128734512
IGOPEB,EDAGAT,0.9976276614452972
IGOPEB,RAVVIU01,0.9976127838948374
ELUQIM08,ELUQIM04,0.9999996942304746
ELUQIM08,TEVZOK,0.9998757411619994
ELUQIM08,YANXIX02,0.9978705358410672
ELUQIM08,DAXNIA,0.9977851656083144
ELUQIM08,SANMEB,0.9974399955739378
ELUQIM08,YUKVUW04,0.9971885109512356
ELUQIM08,SIWYOO,0.9961405003420376
ELUQIM08,AMOBEL01,0.992480688199038
WECSAZ01,YIXFOC03,0.9998238883760492
WECSAZ01,EXUSUN,0.9994314693641856
WECSAZ01,EXUTAU,0.9993980361602636
WECSAZ01,EHAZAO,0.9985485440999464
WECSAZ01,IBEYAQ,0.9460759066749302
WECSAZ01,DUGDOA01,0.9075263433067664
WECSAZ01,QICXUY,0.8961265610987251
WECSAZ01,WOJYOL,0.8850856616868144
WECSAZ01,LUCDAO,0.8813413044385316
WECSAZ01,DIXGIC,0.877411032290463
WECSAZ01,RUYVIS,0.8706509826165167
WECSAZ01,SENXAN,0.8673615662160814
VEDGAO,VEDFUH,0.9999973800647256
VEDGAO,VEDFOB,0.9999967096323348
VEDGAO,AHETAK,0.9999908268924416
VEDGAO,BOWDIC,0.9999837081967196
VEDGAO,OJOBAS,0.9999429256510552
VEDGAO,CEYPUT,0.999939942051646
VEDGAO,CEYPUT01,0.999898188948847
VEDGAO,ABAVIJ,0.99937251129575
VEDGAO,TATSIS01,0.9992561946909032
VEDGAO,TATSIS,0.9991587883475154
VEDGAO,ERUNIQ,0.9989593504936348
VEDGAO,ABAVUV,0.9987737000284144
VEDGAO,YIGGEB,0.9972147697522026
VEDGAO,ERUNUC,0.9232834570520448
VEDGAO,CAXZOS,0.9230522659681916
VEDGAO,JODGIU,0.9230005366612888
VEDGAO,DIDBEZ,0.9229195835787708
VEDGAO,DIDBID,0.9228424551157056
VEDGAO,BUKLOJ,0.8829846645707007
VEDGAO,FEVDER,0.8791848742275374
VEDGAO,LIDSIC,0.8790386147112662
VEDGAO,BAKJEE,0.8788795230460841
VEDGAO,ESEQUO,0.8734568961649216
VEDGAO,XALMOO,0.8600883661659392
VEDGAO,YATDOP,0.8600410140034285
PEVQIS,MIBQAR07,0.999999699097976
PEVQIS,LAWFOF,0.9999990795262416
PEVQIS,VAZTUM,0.99999902339536
PEVQIS,LAWGOG,0.9999988489243112
PEVQIS,SAHYIK,0.9999984069453856
PEVQIS,PEVQOY,0.9999926060488528
PEVQIS,VEGMOK04,0.9985039981626072
PEVQIS,ORIBAU,0.9955453557503364
PEVQIS,PIWLAL,0.9436731924662336
PEVQIS,BABRII,0.9076722478600772
PEVQIS,UYAPOA,0.9070013572169996
PEVQIS,VIKBUP,0.9061046713026156
PEVQIS,HUTZAX01,0.9059834865263824
PEVQIS,GOSDUP,0.8954669476270269
PEVQIS,TONQOD,0.8914722189968324
PEVQIS,DITTEH,0.8853972719978964
PEVQIS,UKOLOV,0.8852596890088068
PEVQIS,WORLAS,0.8849630173750749
PEVQIS,DARYIF,0.8843076235975504
PEVQIS,WORKUL,0.8842790850125728
PEVQIS,QAQSAD,0.8823387957330703
PEVQIS,NAWXER,0.8818833428279685
PEVQIS,PUGSER,0.8808700237176028
PEVQIS,IDIXAU,0.8780018092116436
PEVQIS,WUMDIT,0.8766579800634117
PEVQIS,XAFFER,0.8748758574330103
PEVQIS,VEHJUP,0.8747201383440127
PEVQIS,NIWYID,0.8738431285250255
PEVQIS,REGREC,0.8731528602950127
PEVQIS,MEWPIQ,0.872623597735488
PEVQIS,FUTYOK,0.8719007919751471
PEVQIS,NOXMAQ,0.8709970580204475
PEVQIS,NENHEU,0.8685931104704506
PEVQIS,GADROU,0.8681331995185171
PEVQIS,SAVMAE,0.8642365628554161
PEVQIS,XEGWIS,0.8627111259218202
PEVQIS,KAHMOW,0.8626954757295181
PEVQIS,XEGWAK,0.8626688763713963
PEVQIS,DUFLOH,0.8608834535550135
PEVQIS,EGIKUB01,0.860698292794504
MICJOA,NABLIM,0.9080695736018412
MICJOA,PARKUQ,0.9077452528863524
MICJOA,MITSIS,0.907319998477655
MICJOA,FUMJAA,0.9070449006408348
MICJOA,KUJMIN,0.9067586688134176
MICJOA,SITDAD,0.8645673495434303
MICJOA,DUWBEE,0.8627790067860973
HIZQEN,GOYLUB,0.9999978820593094
DOTSOV16,DOTSOV15,0.9999999991316978
DOTSOV16,DOTSOV13,0.999999996345504
DOTSOV16,DOTSOV14,0.999999988889292
DOTSOV16,DOTSOV42,0.9999998358899927
DOTSOV16,XAMDUM03,0.9999641585378274
DOTSOV16,XAMDUM04,0.9999622450986756
DOTSOV16,RILFEA,0.9999504815872268
DOTSOV16,XAMDUM01,0.99995029818333
DOTSOV16,UXISUR,0.9999464159690488
DOTSOV16,YOZMEH,0.9999463940647606
DOTSOV16,FIQCEN,0.9999444069013124
DOTSOV16,LUDLED,0.9999414709581768
DOTSOV16,XAMDUM06,0.9999396060374662
DOTSOV16,YOZNIM,0.9999341307581648
DOTSOV16,YOZMIL,0.9999309102073256
DOTSOV16,XAMDUM07,0.999928526618124
DOTSOV16,YOZNEI,0.999912913093854
DOTSOV16,DIHVIB,0.9999014412192904
DOTSOV16,YOZPAG,0.9998590738007326
DOTSOV16,EBAMUS,0.9998457380668668
DOTSOV16,TISPAO,0.9995309351148004
DOTSOV16,WULJUJ,0.9990948749044504
DOTSOV16,DOTSOV02,0.9990737215135448
DOTSOV16,QIZLIW,0.9990024144000096
DOTSOV16,QAWHIH01,0.9988045746427684
DOTSOV16,QAWHIH,0.9987578027324407
DOTSOV16,GAVDUD,0.997200615942325
DOTSOV16,KAJZIH,0.9959049622397832
DOTSOV16,YOZMUX,0.9872881847614844
DOTSOV16,DALSOA,0.9330058153016512
DOTSOV16,BABREE,0.9324955001051902
DOTSOV16,ORAWAH,0.9316891305621116
DOTSOV16,MIKVEK,0.9306035443432412
DOTSOV16,EXOYAS,0.9199364746492628
DOTSOV16,RAWYAS,0.9193495304304474
DOTSOV16,IWEVAJ,0.9187164075894226
DOTSOV16,YAGHUM,0.907545175585574
DOTSOV16,NUTQAV,0.9074210254210862
DOTSOV16,OFOCUI,0.9073608445759814
DOTSOV16,NUTQEZ,0.907283218450967
DOTSOV16,HUCBOX02,0.8973567655721083
DOTSOV16,HOYQIX,0.8869711368717097
DOTSOV16,IPUPIU,0.8868423345337011
DOTSOV16,IPUPOA,0.8856151563421109
DOTSOV16,KANMIX,0.8849459146291061
DOTSOV16,XEDMEB,0.8849358104140759
DOTSOV16,USEVOF,0.8848933585532043
DOTSOV16,ADONEP,0.8846758435078442
DOTSOV16,EXAXAE03,0.882542709542692
DOTSOV16,ANUGIA,0.8771451098606161
DOTSOV16,CEKHUY,0.8748554646275553
DOTSOV16,HIDTUM,0.8741849164820663
DOTSOV16,LAQNID,0.8692419459736804
DOTSOV16,OKABAE,0.8676512070806441
DOTSOV16,KIRFOI,0.8666245390601481
DOTSOV16,OGEBAF01,0.8592279823684691
SEMNIJ,FISGOF,0.9524587511107504
SEMNIJ,OGEBAF,0.925921635389372
SEMNIJ,YUGLES,0.9159770633387174
SEMNIJ,YAGHUM,0.9159307721382834
SEMNIJ,NUTQEZ,0.9158216018943572
SEMNIJ,QIYDIN01,0.8850407574408735
SEMNIJ,QIYDAF01,0.8822376658089779
SEMNIJ,IPUPIU,0.8727289584482456
SEMNIJ,BAZFUF01,0.8697170067702835
SEMNIJ,BAZFUF,0.8697129155422076
SEMNIJ,LAYXER,0.8681011556529707
SEMNIJ,LAYWOA,0.8664874981910333
SEMNIJ,QOWRAV,0.8659255939235869
SEMNIJ,QOWRAV10,0.8659055251152181
SEMNIJ,QOWRAV11,0.8658905525085616
SEMNIJ,QOWRAV12,0.8658868620200562
SEMNIJ,QOWRAV07,0.8658678949108343
SEMNIJ,QOWRAV06,0.8658508359599079
SEMNIJ,QOWRAV05,0.86583428621594
SEMNIJ,QOWRAV03,0.8658312790630404
SEMNIJ,KIJRUS,0.865582180877716
SEMNIJ,HEHROE,0.8655504504749421
SEMNIJ,LIGQEA,0.8636332995805116
SEMNIJ,MIKVEK,0.8633875893657641
SEMNIJ,DEKBON,0.8630713309122002
WULJUJ,DOTSOV07,0.9998041124993816
WULJUJ,EBAMUS,0.9995822473091094
WULJUJ,XAMDUM02,0.9991883668573536
WULJUJ,DOTSOV10,0.9990942910434704
WULJUJ,DOTSOV42,0.9990867262584656
WULJUJ,XAMDUM04,0.9990793035962914
WULJUJ,XAMDUM03,0.998940937478982
WULJUJ,RILFEA,0.9989054950295508
WULJUJ,DIHVIB01,0.998902344904477
WULJUJ,UXISUR,0.9988958459320764
WULJUJ,FIQCEN,0.9988911448234252
WULJUJ,YOZNEI,0.9988747831480672
WULJUJ,YOZNIM,0.998874433792027
WULJUJ,XAMDUM07,0.998855675673973
WULJUJ,YOZPAG,0.9987213335436798
WULJUJ,TISPAO,0.9982071688397216
WULJUJ,GAVDUD,0.9973780262375262
WULJUJ,NEHZOS,0.9973609948461144
WULJUJ,QAWHIH01,0.9972153147270592
WULJUJ,QAWHIH,0.9971555318442138
WULJUJ,KAJZIH,0.9962682276617676
WULJUJ,OQIZUL,0.9959554901479124
WULJUJ,OHOMIH,0.9955021477968704
WULJUJ,LASYOU,0.9447926595364476
WULJUJ,DALSOA,0.9320613968632954
WULJUJ,BABREE,0.9320377033243384
WULJUJ,ORAWAH,0.9300721280854048
WULJUJ,ONIXOZ,0.926796740881582
WULJUJ,IWEVAJ,0.9198845792595376
WULJUJ,RAWYAS,0.9189778185245068
WULJUJ,OFOCUI,0.9069289917055184
WULJUJ,YAGHUM,0.9061182050118368
WULJUJ,NUTQAV,0.9059502189370302
WULJUJ,MOFGOE,0.8958743765133648
WULJUJ,MOBDIR,0.8958730113076213
WULJUJ,HOYQIX,0.885709370796451
WULJUJ,IPUPIU,0.8855184151542166
WULJUJ,ADONEP,0.8849434410634653
WULJUJ,KANMIX,0.8838507630560182
WULJUJ,USEVOF,0.8837189588870056
WULJUJ,EXAXAE,0.8828678850622173
WULJUJ,EXAXAE03,0.8826464918172634
WULJUJ,ANUGIA,0.875678541700071
WULJUJ,CEKHUY,0.8751235644594662
WULJUJ,HIDTUM,0.8745083955217323
WULJUJ,LAQNID,0.8684490987273744
WULJUJ,OGEBAF01,0.859198347711206
UFUMUD01,HAWZEM,0.9999923633705174
UFUMUD01,QERZUI,0.9999814601529098
UFUMUD01,BAHGUN03,0.999979139223766
UFUMUD01,BAHGUN04,0.9999711500972666
UFUMUD01,BAHGUN02,0.9999102690877416
UFUMUD01,UFUNAK,0.999902545811707
UFUMUD01,QERZUI01,0.9998648449589828
UFUMUD01,ECODIK,0.9997950469631538
UFUMUD01,MURREW,0.9997491691063232
UFUMUD01,UFUMUD,0.999741636062354
UFUMUD01,UFUNIS,0.999623486550223
UFUMUD01,NIHDEQ,0.9995818302231148
UFUMUD01,KAKTIA,0.9995508195559212
UFUMUD01,KAKTIA01,0.9995407529403584
UFUMUD01,IPINAY,0.9990637839690576
UFUMUD01,VOJPUG01,0.9990424876565572
UFUMUD01,POFDOF,0.998430726949027
UFUMUD01,QIWQES,0.9936456341142252
UFUMUD01,XICKOL,0.8780871691191452
UFUMUD01,NAPSUV,0.8671902994326848
UFUMUD01,EDOSEY,0.8663509198028866
XAMDUM01,RILFEA,0.9999999906918924
XAMDUM01,DIHVIB01,0.999999932617887
XAMDUM01,UXISUR,0.999999917623252
XAMDUM01,YOZMEH,0.9999999166903364
XAMDUM01,LUDLED,0.9999996296244515
XAMDUM01,XAMDUM06,0.999999469661943
XAMDUM01,YOZMIL,0.9999983468438252
XAMDUM01,XAMDUM07,0.9999980177416078
XAMDUM01,LUDLIH,0.9999978012468562
XAMDUM01,YOZNEI,0.9999943287611662
XAMDUM01,YOZMOR,0.9999941848625076
XAMDUM01,DIHVIB,0.9999917065716456
XAMDUM01,XAMDUM02,0.9999793416579232
XAMDUM01,YOZPAG,0.9999767446069912
XAMDUM01,DOTSOV13,0.9999511468139785
XAMDUM01,DOTSOV15,0.999950712752448
XAMDUM01,DOTSOV10,0.9999507125449136
XAMDUM01,EBAMUS,0.9998332782595692
XAMDUM01,QAWHIH01,0.9992419573088186
XAMDUM01,DOTSOV02,0.9988888661985192
XAMDUM01,QIZLIW,0.9985080849411
XAMDUM01,OQIZUL,0.9983932757717462
XAMDUM01,NEHZOS,0.9964280549543284
XAMDUM01,NEHZUY,0.99634259672852
XAMDUM01,OHOMIH,0.9938754367791632
XAMDUM01,YOZMUX,0.9879980255676974
XAMDUM01,LASYOU,0.9465266594643832
XAMDUM01,DALSOA,0.9329930184092567
XAMDUM01,ORAWAH,0.9321519264352358
XAMDUM01,BABREE,0.9321254327435344
XAMDUM01,ONIXOZ,0.9248243278481124
XAMDUM01,EXOYAS,0.9197158033621398
XAMDUM01,YUGLES,0.9079697073002378
XAMDUM01,YAGHUM,0.9078691843074838
XAMDUM01,NUTQAV,0.907776649639526
XAMDUM01,OFOCUI,0.9076600922824488
XAMDUM01,HUCBOX02,0.8973072597037183
XAMDUM01,MOBDIR,0.8958889031731295
XAMDUM01,IPUPIU,0.8870936476499969
XAMDUM01,KANMIX,0.8850575052678369
XAMDUM01,USEVOF,0.8850347160920353
XAMDUM01,IPUPOA,0.8849883598283131
XAMDUM01,EXAXAE03,0.881785597591706
XAMDUM01,ANUGIA,0.8774988003057931
XAMDUM01,HIDTUM,0.8732725229435461
XAMDUM01,LAQNID,0.8691118456586028
XAMDUM01,KIRFOI,0.8658515356567967
SAVMAE,VURMOL,0.8911833201937668
SAVMAE,SAHYIK,0.8642425626734529
SAVMAE,LAWFOF,0.8642416120807428
SAVMAE,MIBQAR01,0.8642407569550322
SAVMAE,MIBQAR07,0.8642361728463768
SAVMAE,PEVQOY,0.8642129012718476
SAVMAE,CIZQUZ,0.8640297216793529
SAVMAE,NATFAS,0.8638963486482463
SAVMAE,CIZQOT,0.8636595672829193
SAVMAE,WORLAS,0.8615334825647791
DADTOS18,YANWOC01,0.9999999994229712
DADTOS18,DIDVIW,0.9999999921038568
DADTOS18,DADTOS12,0.999999979300121
DADTOS18,DADTOS09,0.999999914431001
DADTOS18,DADTOS05,0.9999998868120324
DADTOS18,DADTOS08,0.999999886010343
DADTOS18,DADTOS01,0.9999998304104132
DADTOS18,DADTOS11,0.9999998120389152
DADTOS18,DADTOS04,0.9999997788777616
DADTOS18,DADTOS,0.9999996570005
DADTOS18,DADTOS13,0.9999965687233244
DADTOS18,DADTOS14,0.9999898302479036
DADTOS18,DADTOS15,0.9999687207588994
DADTOS18,REZJIR02,0.9999652812457308
DADTOS18,YUKTUU,0.999963844928184
DADTOS18,REZJIR03,0.9999593239100912
DADTOS18,REZJIR,0.9999460849146768
DADTOS18,PADJOU01,0.999932514345567
DADTOS18,LIJWOR03,0.999911630367048
DADTOS18,DADTOS17,0.999910111566361
DADTOS18,MNFORD02,0.9998981258090246
DADTOS18,IQEWOQ,0.9987327441535516
RUBTAK04,RUBTAK08,0.9999999878751676
RUBTAK04,SURKUN,0.9999999931492812
SIKYER,IXISOZ02,0.9995453338201848
SIKYER,EHAZAO,0.9999924696970036
SIKYER,YIXFOC03,0.9992387978580256
SIKYER,WECSAZ,0.9973273833753028
SIKYER,EXUSUN,0.9958263057289598
SIKYER,EXUTAU,0.9957368958158542
SIKYER,IBEYAQ,0.9416764116804176
SIKYER,DUGDOA01,0.9037282026323435
SIKYER,QICXUY,0.8973270250545651
SIKYER,WOJYOL,0.887259548555783
SIKYER,HISSIN,0.886970903661055
SIKYER,WOJZIG,0.8865442988264415
SIKYER,SENXAN,0.87244826516876
NIWYOJ,FENVOL,0.8872818170097223
NIWYOJ,NANYUX01,0.9999579675886836
NIWYOJ,REGREC,0.9997278110531698
NIWYOJ,NIWYID,0.9993513289218556
NIWYOJ,UFOFUT,0.9471341103933892
NIWYOJ,UFAMEW,0.9429569578743296
NIWYOJ,QUQFIS,0.9328642620890304
NIWYOJ,EXOXUL,0.908563597785928
NIWYOJ,MOHLIF,0.9043911981367796
NIWYOJ,HOGJIX,0.8983767163722687
NIWYOJ,DUNXUH15,0.8972890208313798
NIWYOJ,DUNXUH13,0.8972445330254927
NIWYOJ,PUGSER,0.886863765301296
NIWYOJ,BUKMUQ01,0.8850235498224748
NIWYOJ,APACAX,0.8775764994066513
NIWYOJ,DOYHIK,0.8775586554182808
NIWYOJ,DOYHOQ,0.8761737257138041
NIWYOJ,ORIBAU,0.8749460703133051
NIWYOJ,NASROR,0.8749106536060836
NIWYOJ,PEVQOY,0.8717814880469839
NIWYOJ,MIBQAR12,0.871461192506404
NIWYOJ,MIBQAR07,0.871455649253884
NIWYOJ,LAWFOF,0.8713600286998393
NIWYOJ,LAWGOG,0.8713450319107703
NIWYOJ,SOWCOY01,0.8611430458995071
NIWYOJ,SOWCOY,0.86105715449866
UGUQOC,FABFOF,0.9999986503439888
UGUQOC,MUZHUL,0.9998375200830496
UGUQOC,RIGTIL,0.997877425186771
UGUQOC,CIZQOT,0.9958085081223677
UGUQOC,NATFAS,0.9952722827386088
UGUQOC,WOBHIF03,0.8726448242461394
UGUQOC,WOBHOL,0.8726423600483031
NANYUX03,FUTYOK,0.9998886124262708
NANYUX03,NIWYID,0.99896021761037
NANYUX03,IJEXIF01,0.9980897894259352
NANYUX03,UFOFUT,0.9469671278339552
NANYUX03,UFAMEW,0.9420305042090776
NANYUX03,QUQFEO,0.9327789076331576
NANYUX03,QOPZIF,0.9178950327663328
NANYUX03,FUDGIW,0.9080203629585044
NANYUX03,EXOXUL,0.9070822531661532
NANYUX03,KEFBOO,0.8987082852854852
NANYUX03,DUNXUH13,0.8970635237760425
NANYUX03,EGIKUB01,0.8938898967317072
NANYUX03,DITTEH,0.8867853022935244
NANYUX03,DOYHIK,0.8777855878695832
NANYUX03,APACAX,0.8772633212512786
NANYUX03,DOYHOQ,0.87555531407853
NANYUX03,NUFBOH,0.8744054112552658
NANYUX03,NASROR,0.8741177271039215
NANYUX03,CUVTOD,0.872911974248739
NANYUX03,PEVQOY,0.870968905792547
NANYUX03,MIBQAR07,0.8706060524636274
NANYUX03,MIBQAR01,0.8705229317242609
NANYUX03,LAWFOF,0.8704991575937445
NANYUX03,VAZTUM,0.8704911655247622
NANYUX03,SAHYIK,0.8704520843690151
NANYUX03,SOWCOY01,0.8610452256367017
BAZGAM,NAFSOF,0.9987726379021606
BAZGAM,QOWRAV,0.9862587585381196
BAZGAM,QOWRAV09,0.986204404328587
BAZGAM,QOWRAV11,0.986194361346576
BAZGAM,QOWRAV08,0.9861740090346504
BAZGAM,QOWRAV07,0.986152807769223
BAZGAM,QOWRAV05,0.98609126184049
BAZGAM,QOWRAV03,0.9860857626293686
BAZGAM,LAYXAN,0.9730466211276948
BAZGAM,HEHROE,0.973024829075201
BAZGAM,ANUGOG,0.9610583538133936
BAZGAM,ANUGIA,0.9582441088865552
BAZGAM,HOYQIX,0.9445910538646076
BAZGAM,IPUPIU,0.9442225612371146
BAZGAM,CEFNIN,0.9118147634397078
BAZGAM,FISGOF,0.9068270006443264
BAZGAM,LAQNID,0.9006727220662911
BAZGAM,AZAVUU,0.9000374424084934
BAZGAM,MIKVEK,0.8826352081306484
BAZGAM,ORAWAH,0.8772767035295068
BAZGAM,ENIHUG,0.8642713520162869
BAZGAM,SIXNOF,0.8601529935696653
BAZGAM,LASYOU,0.8600358557781533
BAZGAM,SIXNIZ,0.8598703698979935
RUBTAK05,WIZMAV12,0.9469559641715656
RUBTAK05,WIZMAV10,0.9469457628054224
RUBTAK05,WIZMAV07,0.9469454677013815
RUBTAK05,WIZMAV09,0.946944473473832
RUBTAK05,WIZMAV,0.9469440858502528
RUBTAK05,WIZMAV11,0.9469429934596292
RUBTAK05,WIZMAV05,0.9469373173336966
RUBTAK05,ERARUM,0.9469129313967412
RUBTAK05,ERANAO,0.9367937279558108
RUBTAK05,HERHAQ,0.9066147868446408
RUBTAK05,GERBEN,0.9059148463886184
RUBTAK05,WUPTUY01,0.9049554912911656
RUBTAK05,HERHEU,0.904633623361964
RUBTAK05,OXOLAP,0.9045994716502044
RUBTAK05,DITJOH,0.8778607034129241
RUBTAK05,UNEJEE,0.8749171904677403
DOTSOV33,DOTSOV31,0.9999999928199612
DOTSOV33,DOTSOV01,0.9999999974739002
NERVIP01,LUWZUZ02,0.8828996697940401
VEDFER,VEDFIV,0.9999949342734388
VEDFER,VEDFOB,0.9999917355976032
VEDFER,VEDFUH,0.999977491791985
VEDFER,VEDGES,0.9999759724021005
VEDFER,YODRAM,0.9999735783594412
VEDFER,BOWDIC,0.9999722438871288
VEDFER,CIJBEE,0.9999684070131794
VEDFER,BIPXIK,0.9999604668464834
VEDFER,CEYPUT01,0.9999244072700948
VEDFER,OJOBAS,0.9999220739712702
VEDFER,EXUXEC,0.9999130566518628
VEDFER,KEJWAY,0.999703530048846
VEDFER,TATSIS01,0.9993288985666198
VEDFER,TATSIS,0.99916093335691
VEDFER,ABAVUV,0.9987538438579732
VEDFER,LASMAV,0.9986003695291018
VEDFER,YIGGEB,0.997202309936152
VEDFER,ERUNUC,0.9232632608904832
VEDFER,CAXZOS,0.9231718347634604
VEDFER,DIDBOJ,0.9231406502909628
VEDFER,DIDBEZ,0.9230859759647994
VEDFER,FEVDER,0.8791699464193684
VEDFER,LIDSIC,0.879016777182245
VEDFER,BAKJII,0.8782699800661165
VEDFER,TIDNIF,0.8773531063407312
VEDFER,ESEQUO,0.8737828938988237
VEDFER,XALMOO,0.8600712868016617
VEDFER,YATDOP,0.860020012341732
PUNDUY,PARKUQ,0.9999361739933674
VEMTAJ01,DUVNIS,0.9999995290290014
VEMTAJ01,FIXLAC,0.999974824472768
GOXGAD,TULLIX,0.8688243090041758
WENRIR,DITKAT,0.997405742873213
WENRIR,DITKAT01,0.9972398062484008
WENRIR,CERPOF,0.896496191352939
WENRIR,RUDRUE,0.8961591170050948
WENRIR,XILBAW,0.8607938130551165
WENRIR,LONHON,0.8597244398359152
FEVDIV,XOMCIN,0.9781208263879072
FEVDIV,LIDSAU,0.9772506283293664
FEVDIV,CAXZUY,0.9089374822111632
FEVDIV,XADWIK02,0.9070289908850748
FEVDIV,XADWIK01,0.9065454738654112
FEVDIV,ROGLOP,0.8788176114830761
FEVDIV,HOGSIG,0.878753364862181
FEVDIV,UFATEA01,0.8784024097977441
IPUPOA,IPUPIU,0.996115468047528
IPUPOA,ANUGOG,0.986136120367987
IPUPOA,ANUGIA,0.983110160166374
IPUPOA,HEHROE,0.9742607666822805
IPUPOA,LAQNID,0.9516464078595688
IPUPOA,NAFSOF,0.94732456637562
IPUPOA,KIJRUS,0.94558909763581
IPUPOA,BAZFUF,0.9434875187100704
IPUPOA,QOWRAV,0.9336837037689408
IPUPOA,QOWRAV10,0.9336455730646556
IPUPOA,QOWRAV09,0.9336275283675938
IPUPOA,QOWRAV11,0.9336171566208908
IPUPOA,QOWRAV12,0.9336101565870092
IPUPOA,QOWRAV07,0.9335742055732504
IPUPOA,QOWRAV06,0.9335419077353956
IPUPOA,QOWRAV05,0.9335106066428518
IPUPOA,QOWRAV04,0.9334983081564304
IPUPOA,QOWRAV02,0.9334911379026758
IPUPOA,LIGQEA,0.9295743168132832
IPUPOA,LASYOU,0.927539538443739
IPUPOA,MIKVEK,0.9191888081608932
IPUPOA,ENIHUG,0.9108508253823532
IPUPOA,NAPSUV,0.9078635348315496
IPUPOA,FISGOF,0.9074770833923936
IPUPOA,EDOSEY,0.9071483823404312
IPUPOA,QIZLIW,0.8872089399173195
IPUPOA,GAVDUD,0.8871563227372523
IPUPOA,NEHZUY,0.8871433190609659
IPUPOA,QIZLOC,0.886436155305437
IPUPOA,DOTSOV02,0.8855084518269203
IPUPOA,EBAMUS,0.8852571476068662
IPUPOA,XAMDUM05,0.8851754230847714
IPUPOA,XAMDUM02,0.8851553960526055
IPUPOA,DIHVIB01,0.8849634242049004
IPUPOA,UXISUR,0.8849623403487257
IPUPOA,XAMDUM,0.8849615851763475
IPUPOA,LUDLED,0.8849303753900865
IPUPOA,XAMDUM06,0.8849186189807697
IPUPOA,YOZNIM,0.8848850054478307
IPUPOA,YOZMIL,0.8848663441007059
IPUPOA,XAMDUM07,0.8848516902654764
IPUPOA,YOZNEI,0.8847677617459737
IPUPOA,DIHVIB,0.8847041171718739
IPUPOA,YOZPAG,0.8845028882480013
IPUPOA,OQIZUL,0.8795585377822168
IPUPOA,CEKHUY,0.8657436039433184
IPUPOA,SIXNOF,0.8646534221755531
IPUPOA,SIXNIZ,0.8643200087831939
IPUPOA,ASIVAB,0.8642443264119177
VOLQOD,JENKET,0.9998057469918472
YOZMUX,EBAMUS,0.9897913722796776
YOZMUX,QAWHIH01,0.9897660671284728
YOZMUX,DOTSOV07,0.9894783445666464
YOZMUX,TISPAO,0.9891462759550989
YOZMUX,XAMDUM02,0.9886021627463478
YOZMUX,XAMDUM04,0.9883125754199156
YOZMUX,YOZMOR,0.9883026302012016
YOZMUX,DIHVIB,0.988236297883842
YOZMUX,LUDLIH,0.988211878945848
YOZMUX,XAMDUM07,0.9881065601280052
YOZMUX,XAMDUM06,0.9880449304064304
YOZMUX,LUDLED,0.988033971396596
YOZMUX,FIQCEN,0.9880163811588488
YOZMUX,XAMDUM,0.9880048072914934
YOZMUX,RILFEA,0.9879781090499165
YOZMUX,XAMDUM03,0.9878842978467514
YOZMUX,XAMDUM05,0.9878185114030542
YOZMUX,DOTSOV14,0.9873109469070354
YOZMUX,DOTSOV15,0.9872912868813186
YOZMUX,DOTSOV10,0.9872912793726958
YOZMUX,QIZLIW,0.9830427475858908
YOZMUX,GAVDUD,0.9791833154236916
YOZMUX,NEHZOS,0.9791084020242136
YOZMUX,NEHZUY,0.9789655917280696
YOZMUX,QIZLOC,0.9760502174184148
YOZMUX,OHOMIH,0.9752366098465703
YOZMUX,LASYOU,0.9377212908490418
YOZMUX,ORAWAH,0.9228718504244188
YOZMUX,MIKVEK,0.913512081813756
YOZMUX,IWEVAJ,0.9134576802386578
YOZMUX,EXOYAS,0.9058045709089994
YOZMUX,ONIXOZ,0.9049495560216716
YOZMUX,RAWYAS,0.903810467592104
YOZMUX,OFOCUI,0.9005779626786645
YOZMUX,NUTQAV,0.8977722936222493
YOZMUX,YAGHUM,0.8976543918935161
YOZMUX,YUGLES,0.8974947957641611
YOZMUX,HANWAW,0.8917466011946057
YOZMUX,HUCBOX02,0.8849810112969285
YOZMUX,MOFGOE,0.8809191394410545
YOZMUX,IPUPIU,0.8764040866420595
YOZMUX,ADONEP,0.8741649743956095
YOZMUX,KANMIX,0.873565879371331
YOZMUX,XEDMEB,0.8709573821832182
YOZMUX,ANUGIA,0.8674868893379145
YOZMUX,ANUGOG,0.8654118526493253
YOZMUX,EXAXAE,0.8652594535468053
YUWKEH01,ECUDAI,0.8999238651968215
YUWKEH01,ULAZAJ,0.8831591909660914
XUDVAV,DIBQEM,0.9460096432348424
XUDVAV,DIBQIQ,0.9402588804432332
XUDVAV,CIFMAH,0.9362539644310264
XUDVAV,NIGPEA,0.9360136011038018
XUDVAV,AXINIF,0.9355164889591604
XUDVAV,FEYJOJ,0.9319745142706436
XUDVAV,VASYEW,0.9249720835894754
XUDVAV,AGAFAS,0.9173018163027722
XUDVAV,TIDNIF,0.8896808117171215
XUDVAV,LIDSIC,0.8889387220221521
XUDVAV,BAKJEE,0.8881697283030865
XUDVAV,ABAYOU,0.8872152298172273
XUDVAV,PUNYED,0.8870898123134554
XUDVAV,BUKLOJ,0.8867019107639202
XUDVAV,XAPSIS,0.877853660127786
XUDVAV,CIPLIX,0.8759251222630041
XUDVAV,DIDBOJ,0.8609428602894811
XUDVAV,DIDBEZ,0.8602342837879955
XUDVAV,JODGIU,0.8601850922935073
XUDVAV,DIDBID,0.8601822650173343
XUDVAV,ERUNUC,0.8593948225886939
HIDDAB,LAVTAF,0.9080423920949652
SETQIT,XADCOW,0.9999854426798296
SETQIT,SETQUF,0.9999731256114786
SETQIT,EFEGOM,0.9999578051235796
SETQIT,POJTOY01,0.9998422152839952
SETQIT,VAGVAC,0.9998037198102006
SETQIT,POJTOY,0.9997804332969076
SETQIT,KUXREC,0.9973390124052388
SETQIT,XUDSIY,0.9908603403126692
SETQIT,LARPEB,0.8611863397987602
PEZCII,APAZOI,0.9477764564412848
PEZCII,LUWMEX,0.9475759156946576
PEZCII,APAYUN,0.9461045110227309
PEZCII,WOJYEB,0.9458136592298656
PEZCII,APAZIC,0.9456952709597458
XOJWOJ,EKEKEL,0.9994166900731803
RUBTAK03,WIZMAV10,0.9469425714494336
RUBTAK03,WIZMAV07,0.9469422745938868
RUBTAK03,WIZMAV09,0.9469412744724426
RUBTAK03,WIZMAV04,0.946938420205375
RUBTAK03,WIZMAV08,0.9469383094798776
RUBTAK03,WIZMAV06,0.946935650522648
RUBTAK03,WIZMAV05,0.9469340762276862
RUBTAK03,OFOJAX,0.9096906513940952
RUBTAK03,HERHAQ,0.9066069301426726
RUBTAK03,GERBEN,0.9059054645562516
RUBTAK03,WUPTUY01,0.9049443590034078
RUBTAK03,OXOLAP,0.9045877576961594
RUBTAK03,GAYXEM,0.903131398399533
RUBTAK03,UNEJEE,0.8749064782432829
RUBTAK03,BOHWUS,0.8725081700347977
IJEXIF01,REGREC,0.999581902452502
IJEXIF01,UFOFUT,0.946428126805524
IJEXIF01,UFAMEW,0.9464080451030584
IJEXIF01,QUQFEO,0.9322036769983904
IJEXIF01,QUQFIS,0.9306029493359282
IJEXIF01,MOHLIF,0.9076116368255832
IJEXIF01,FUDGIW,0.907427520572616
IJEXIF01,KEFBOO,0.9053104445939476
IJEXIF01,HOGJIX,0.9043225416714542
IJEXIF01,EGIKUB01,0.8967781458545906
IJEXIF01,DUNXUH15,0.8965451141144899
IJEXIF01,PUGSER,0.8839652862301565
IJEXIF01,BUKMUQ01,0.883121323564004
IJEXIF01,DOYHOQ,0.877934888176481
IJEXIF01,APACAX,0.877667002514942
IJEXIF01,NASROR,0.8776271009123273
IJEXIF01,DOYHIK,0.8747118554047353
IJEXIF01,MIBQAR12,0.8744889306760719
IJEXIF01,MIBQAR01,0.8744582034327182
IJEXIF01,LAWGOG,0.8744440598772567
IJEXIF01,SAHYIK,0.8744329809608165
IJEXIF01,ORIBAU,0.8730410046757275
IJEXIF01,YOGKOW,0.8610928240251597
IJEXIF01,LASMUP,0.8604633460354463
IJEXIF01,SOWCOY,0.860432523006591
IJEXIF01,SOWCOY01,0.8600599001422202
UYAPOA,BABRII,0.9968122817141964
UYAPOA,JENKET,0.990550619709786
UYAPOA,ROZXEL,0.9485596365345238
UYAPOA,PIWLAL,0.9483026828939508
UYAPOA,PUGSER,0.9358362602106722
UYAPOA,SAHYIK,0.9070748960196974
UYAPOA,VAZTUM,0.9070460890550576
UYAPOA,LAWGOG,0.9070456908352824
UYAPOA,LAWFOF,0.9070381518105904
UYAPOA,MIBQAR01,0.9070315475986916
UYAPOA,MIBQAR07,0.9070295438862976
UYAPOA,PEVQOY,0.9068303238965716
UYAPOA,VEGMOK04,0.9033143673300414
UYAPOA,ORIBAU,0.8988026802350388
UYAPOA,TONQOD,0.8941424746179396
UYAPOA,QEDZEG,0.8936612073730701
UYAPOA,WUMDIT,0.8811802107808926
UYAPOA,XAFFER,0.8782956552654462
UYAPOA,QUQFEO,0.8762951847390044
UYAPOA,XAFFAN,0.8754130790710616
UYAPOA,NOXMAQ,0.8728944620255996
UYAPOA,QUQFIS,0.872667279385418
UYAPOA,DUFLOH,0.8682014773466465
UYAPOA,YICQOS,0.8676199659923406
UYAPOA,UFAMEW,0.8641920418708842
UYAPOA,NIKHAS,0.8614163267733707
QEDZEG,TONQOD,0.9999949007259538
QEDZEG,GOSDUP,0.9984124109904458
QEDZEG,OKELOH,0.914892472931826
QEDZEG,PIWLAL,0.914262432786608
QEDZEG,ROZXEL,0.914201961814643
QEDZEG,BABRII,0.9025227089895144
QEDZEG,ORIBAU,0.8972091551817012
QEDZEG,PEVQOY,0.8915446331355334
QEDZEG,MIBQAR12,0.8911179061014135
QEDZEG,LAWFOF,0.8909841561293592
QEDZEG,SAHYIK,0.8909278295045187
QEDZEG,DITTEH,0.8834837646787077
CIFMIP,TIVYAZ,0.9999999437999576
CIFMIP,HURGEH,0.999870559312547
XAMDUM02,LUDLIH,0.9999906043847288
XAMDUM02,XAMDUM03,0.999981743013018
XAMDUM02,DIHVIB01,0.9999783565949124
XAMDUM02,YOZMEH,0.9999774014444976
XAMDUM02,XAMDUM,0.9999773811388408
XAMDUM02,LUDLED,0.9999758255292772
XAMDUM02,XAMDUM06,0.9999751917305798
XAMDUM02,YOZNIM,0.9999741856839928
XAMDUM02,YOZNEI,0.999971501706406
XAMDUM02,YOZMOR,0.9999681507776588
XAMDUM02,DIHVIB,0.9999590059275768
XAMDUM02,DOTSOV14,0.999957749249443
XAMDUM02,DOTSOV15,0.999956941495791
XAMDUM02,DOTSOV10,0.9999569410944852
XAMDUM02,DOTSOV07,0.9997716188117708
XAMDUM02,TISPAO,0.999709057020154
XAMDUM02,DOTSOV02,0.9991698049456018
XAMDUM02,QAWHIH01,0.9991119786528384
XAMDUM02,QAWHIH,0.9990720087685008
XAMDUM02,NEHZOS,0.9966402898035972
XAMDUM02,GAVDUD,0.996625218771142
XAMDUM02,NEHZUY,0.9965577244408788
XAMDUM02,OHOMIH,0.9941689884309116
XAMDUM02,LASYOU,0.9464375177664714
XAMDUM02,ORAWAH,0.932015950344287
XAMDUM02,ONIXOZ,0.9251551408087724
XAMDUM02,EXOYAS,0.9197633037655072
XAMDUM02,IWEVAJ,0.9189956125701364
XAMDUM02,YUGLES,0.9078828822630046
XAMDUM02,YAGHUM,0.9077714917108184
XAMDUM02,OFOCUI,0.907708115032062
XAMDUM02,NUTQAV,0.9076701661866912
XAMDUM02,NUTQEZ,0.907555840138918
XAMDUM02,HUCBOX02,0.8973276893923251
XAMDUM02,MOBDIR,0.8959917692102415
XAMDUM02,HOYQIX,0.8871117898754958
XAMDUM02,IPUPIU,0.8870164743603054
XAMDUM02,USEVOF,0.8849876064875464
XAMDUM02,XEDMEB,0.8847705537150501
XAMDUM02,EXAXAE,0.8823022650144403
XAMDUM02,EXAXAE03,0.8819898626351443
XAMDUM02,CEKHUY,0.8742564660796992
XAMDUM02,HIDTUM,0.8735196096600693
XAMDUM02,LAQNID,0.869140475192351
XAMDUM02,OKABAE,0.8671990185248253
XAMDUM02,KIRFOI,0.8660587577848737
ROLCEC,ROLCEC06,0.999917833734666
ROLCEC,ROLCEC09,0.999893237087604
ROLCEC,ROLCEC11,0.999892192675367
ROLCEC,MACUFR04,0.9975766148901588
ROLCEC,MAGNEQ01,0.9975152239793516
ROLCEC,OCUQIO,0.9967177168030242
QAQSAD,IDIXAU,0.9989801900966538
QAQSAD,VEGMOK04,0.8848893811588636
QAQSAD,ORIBAU,0.884867352541782
QAQSAD,MIBQAR07,0.88232830219638
QAQSAD,MIBQAR01,0.8822621223046029
QAQSAD,LAWFOF,0.8822431974991491
QAQSAD,EGIKUB01,0.8620989586355987
KAKCEH01,KAKCEH02,0.9999995632817206
DOTSOV38,DOTSOV25,0.9999999992050496
BAKJOO,TIDNIF,0.9974002914807018
BAKJOO,FEVDER,0.9777315606904504
BAKJOO,ERUNUC,0.9095113717560286
BAKJOO,JODGIU,0.9090284398976703
BAKJOO,DIDBEZ,0.9089235353050732
BAKJOO,DIDBOJ,0.9088746156327832
BAKJOO,CAXZOS,0.9087561307367004
BAKJOO,FUMJAZ01,0.9047494568638484
BAKJOO,FUMJAZ,0.904573306466117
BAKJOO,FEYJOJ,0.9012241078277724
BAKJOO,VASYEW,0.8902712131369434
BAKJOO,AGAFAS,0.8894773395558484
BAKJOO,DIQHAO01,0.8817833769893659
BAKJOO,OJOBAS,0.8792648079411757
BAKJOO,CIJBEE,0.8792202211485188
BAKJOO,VODNOS,0.879219052750152
BAKJOO,VEDGES,0.879214956711984
BAKJOO,VEDGIW,0.8792096017870088
BAKJOO,VEDFOB,0.8791514516877219
BAKJOO,VEDFAN,0.8791132611564163
BAKJOO,BOWDOI,0.8790990955024315
BAKJOO,VEDFUH,0.8790871286792925
BAKJOO,BIPXIK,0.8789964103417254
BAKJOO,EXUXEC,0.8788369957186312
BAKJOO,ABAVUV,0.8787923897459814
BAKJOO,KEJWAY,0.8784203553303955
BAKJOO,NIDFOX,0.8782287615455219
BAKJOO,ABAVIJ,0.8780421907983549
BAKJOO,TATSIS01,0.8777456495186807
BAKJOO,TATSIS,0.8775552901634139
BAKJOO,ERUNIQ,0.8772722053184034
BAKJOO,LASMAV,0.876803591773645
BAKJOO,XAPSIS,0.8609444003403474
KEJWAY,EXUXEC,0.9999325723010076
KEJWAY,TATSIS,0.9998502713144216
KEJWAY,BOWDIC,0.9998348079419112
KEJWAY,TATSIS01,0.9998272400510492
KEJWAY,YODRAM,0.9997983691198776
KEJWAY,BOWDUO,0.9997976657440376
KEJWAY,BOWDOI,0.9997536065874432
KEJWAY,VEDFAN,0.9997381905941576
KEJWAY,VEDFIV,0.9996277873612928
KEJWAY,VEDGIW,0.99958032508045
KEJWAY,VODNOS,0.9995570969926232
KEJWAY,CIJBEE,0.9995539823191152
KEJWAY,OJOBAS,0.9994058326133516
KEJWAY,CEYPUT,0.9993963132215476
KEJWAY,CEYPUT01,0.9993302249764976
KEJWAY,YIGGEB,0.99870494348392
KEJWAY,DIDBOJ,0.9227923396341344
KEJWAY,ERUNUC,0.9226298513017452
KEJWAY,DIDBEZ,0.9225711385425472
KEJWAY,DIDBID,0.9225010502882972
KEJWAY,BUKLOJ,0.8842391449864913
KEJWAY,FEVDER,0.8792489289011478
KEJWAY,LIDSIC,0.878221212907209
KEJWAY,BAKJEE,0.877914880905875
KEJWAY,BAKJII,0.8769496802456053
KEJWAY,TIDNIF,0.8768560920239958
KEJWAY,ESEQUO,0.8765388814025795
KEJWAY,XALMOO,0.860296823401127
NUDPAE11,NUDPAE07,0.9999893034797964
RUPZIM,ORIBAU,0.919944752130472
SACCAD,SOWCOY01,0.8913022182159547
EGIKUB01,VEHJUP,0.8968764685993369
EGIKUB01,NIWYID,0.896391410379521
EGIKUB01,REGREC,0.8958988216159433
EGIKUB01,FUTYOK,0.8949357761293862
EGIKUB01,IRELAU,0.874583377059384
EGIKUB01,VALGAS,0.8670327519668359
EGIKUB01,WORKUL,0.8634924857926259
EGIKUB01,PEVQOY,0.8607496461582512
EGIKUB01,MIBQAR07,0.8607003975312868
EGIKUB01,MIBQAR12,0.8606941527896592
EGIKUB01,LAWFOF,0.8606742314945284
EGIKUB01,LAWGOG,0.8606713436581812
EGIKUB01,SAHYIK,0.8606691932192252
FUDGIW,XENMIO,0.91771717847468
FUDGIW,FUTYOK,0.9082272378412182
FUDGIW,REGREC,0.9081808950178624
FUDGIW,NIWYID,0.9079526512438476
FUDGIW,VEHJUP,0.907060166610009
FUDGIW,UFOFUT,0.8651476623375578
FUDGIW,UFAMEW,0.8619010932164344
FUDGIW,WEHHOI,0.8600675951657963
USICAB02,XALXIS01,0.8180863630048645
IVELUS,FEJFAE,0.9999897905127484
SAHYIK,PEKGAO,0.9998977158529722
SAHYIK,WEMWAP,0.814117729155265
SAHYIK,LAWGOG,0.999999790877534
SAHYIK,MIBQAR07,0.9999984634405588
SAHYIK,MIBQAR12,0.9999983901546928
SAHYIK,PEVQOY,0.9999841501212224
SAHYIK,VEGMOK04,0.9984051322180516
SAHYIK,ROZXEL,0.943700655952992
SAHYIK,PIWLAL,0.9435223219176192
SAHYIK,BABRII,0.907610227951134
SAHYIK,BOLPAU,0.906742087074598
SAHYIK,ODODIW,0.9065637712598928
SAHYIK,VIKBUP,0.9059867429758875
SAHYIK,HUTZAX01,0.9058623075293596
SAHYIK,JEDDII,0.8971997193729635
SAHYIK,SACHIP,0.8960959739549936
SAHYIK,TONQOD,0.8912786794996856
SAHYIK,EKEKEL,0.8872916759933027
SAHYIK,WORLAS,0.8849641527327357
SAHYIK,DARYIF,0.8842417635382689
SAHYIK,WORKUL,0.8842063855514837
SAHYIK,NIKHAS,0.8839857273039926
SAHYIK,NAWXER,0.8816996461355299
SAHYIK,PUGSER,0.8806679158366756
SAHYIK,IDIXAU,0.8777899782173957
SAHYIK,REGREC,0.8730432238945034
SAHYIK,MEWPIQ,0.8724390170999882
SAHYIK,NOXMAQ,0.8707868639745973
SAHYIK,NENHEU,0.8684037128861988
SAHYIK,GADROU,0.868060712399259
SAHYIK,PEGCIP,0.8656058554240573
SAHYIK,XEGWIS,0.8625069160034967
SAHYIK,KAHMOW,0.8624910265504755
SAHYIK,XEGWAK,0.8624640909075527
SAHYIK,DUFLOH,0.8609090037430258
KAHMOW,PUQYAC,0.99999997498069
KAHMOW,XEGXIT,0.999999991625281
KAHMOW,VEGMOK04,0.8674624731279863
KAHMOW,PEVQOY,0.8631247680624592
KAHMOW,MIBQAR12,0.8626863232578827
KAHMOW,MIBQAR07,0.8626784118557256
KAHMOW,MIBQAR01,0.8625778792264645
KAHMOW,VAZTUM,0.8625390783925605
KAHMOW,LAWGOG,0.8625286530484143
UVAHIK,WIZMAV12,0.9999973771165048
UVAHIK,WIZMAV10,0.9999962586554716
UVAHIK,WIZMAV09,0.9999961048722604
UVAHIK,WIZMAV11,0.9999959250193772
UVAHIK,WIZMAV08,0.9999957431413076
UVAHIK,WIZMAV06,0.9999954068408008
UVAHIK,WIZMAV05,0.9999952024999832
UVAHIK,ERARUM,0.9999915417139856
UVAHIK,ERANAO,0.9922954134965668
UVAHIK,HERHEU,0.954343689727848
UVAHIK,GAYXEM,0.95317930483821
UVAHIK,BUNLAZ,0.9490807205660924
UVAHIK,BUNKUS,0.9484336413926642
UVAHIK,SURLEY,0.9470027102564722
UVAHIK,UNEJEE,0.8927404518574784
UVAHIK,WUPTUY01,0.8633005282250867
UVAHIK,OXOLAP,0.8630311175739614
JUXZOT,JUXZIN,0.9999019050117084
JUXZOT,MUXVIM,0.9983012604075754
JUXZOT,JUYJIY,0.9223229218329482
JUXZOT,FALGIK,0.8852727457788266
JUXZOT,XOGWUN,0.8841955632068618
JUXZOT,VAYFAE,0.8828626705911519
JUXZOT,IRELIC,0.8799873008919142
JUXZOT,YICRAF,0.8747568473519796
JUXZOT,DAPYAW,0.8734456079617074
JUXZOT,VAKLIF,0.8689804209300112
JUXZOT,GOYLUB,0.8665291976611275
IXAJUN,NAPSUV,0.9850551073839872
IXAJUN,EDOSEY,0.9841871050049126
IXAJUN,LASYOU,0.8963411914914654
IXAJUN,MIKVEK,0.8909334597470095
IXAJUN,ONIXOZ,0.8900503218960524
IXAJUN,ANUGOG,0.8837433737086375
IXAJUN,IXAKAU,0.8801599125288779
IXAJUN,BAHGUN03,0.8792845358158808
IXAJUN,BAHGUN04,0.8792809734249316
IXAJUN,BAHGUN02,0.8792104762844494
IXAJUN,QERZUI01,0.8792000647596837
IXAJUN,ECODIK,0.8791470749610522
IXAJUN,UGEPEB01,0.8790952017432193
IXAJUN,UFUMUD,0.8790519655380484
IXAJUN,UFUNIS,0.878993640553166
IXAJUN,UGEPEB,0.8788160427341483
IXAJUN,KAKTIA01,0.8787172319374049
IXAJUN,POFDEV,0.8786290438494493
IXAJUN,IPINAY,0.8782093227032644
IXAJUN,POFDOF,0.8775301588567407
IXAJUN,NELCEN,0.8764793411740821
IXAJUN,POFFEX,0.8759846100905586
IXAJUN,LAQNID,0.875595383470094
IXAJUN,LAYXER,0.8729979669470964
IXAJUN,LAYWOA,0.8729200269873065
IXAJUN,ANUGEW,0.8728892697828035
IXAJUN,LAYXAN,0.8727926081971249
IXAJUN,HEHROE,0.8727828664326183
IXAJUN,NEHZOS,0.8611571187663165
IXAJUN,GAVDUD,0.8611568898772316
IXAJUN,KAJZIH,0.8610444361080452
IXAJUN,QIZLOC,0.860861798548378
IXAJUN,OHOMIH,0.8608348842906082
IXAJUN,QIZLIW,0.8606802806195887
YOZNEI,YOZMIL,0.9999987509629206
YOZNEI,XAMDUM07,0.9999984887974248
YOZNEI,FIQCEN,0.99999582136405
YOZNEI,DIHVIB01,0.9999954428398368
YOZNEI,YOZMEH,0.9999953092598832
YOZNEI,UXISUR,0.999995304519224
YOZNEI,RILFEA,0.999994108619358
YOZNEI,LUDLIH,0.9999917827863852
YOZNEI,XAMDUM03,0.999988306733936
YOZNEI,DOTSOV42,0.9999202758391206
YOZNEI,DOTSOV14,0.99991356510075
YOZNEI,DOTSOV15,0.9999134596963192
YOZNEI,DOTSOV10,0.999913459374818
YOZNEI,EBAMUS,0.9998267616341224
YOZNEI,QAWHIH01,0.9993592886676934
YOZNEI,QAWHIH,0.9993249333872466
YOZNEI,DOTSOV02,0.9988535630154972
YOZNEI,OQIZUL,0.9985669071520372
YOZNEI,QIZLIW,0.998329667025776
YOZNEI,NEHZOS,0.9961554227882308
YOZNEI,GAVDUD,0.9961352739152476
YOZNEI,KAJZIH,0.9946351273996727
YOZNEI,OHOMIH,0.9935231181933064
YOZNEI,LASYOU,0.9466434659113948
YOZNEI,DALSOA,0.9329677015561372
YOZNEI,ORAWAH,0.9322775468074204
YOZNEI,MIKVEK,0.9296153818606188
YOZNEI,ONIXOZ,0.9244164580450376
YOZNEI,RAWYAS,0.9187594322272316
YOZNEI,IWEVAJ,0.9187204790604242
YOZNEI,YUGLES,0.9080386650087128
YOZNEI,YAGHUM,0.9079505919113312
YOZNEI,OFOCUI,0.907759979446599
YOZNEI,HANWAW,0.9061914717743212
YOZNEI,HUCBOX02,0.8972726191948438
YOZNEI,MOFGOE,0.895741423107736
YOZNEI,HOYQIX,0.8872200947262054
YOZNEI,IPUPIU,0.8871519917683132
YOZNEI,USEVOF,0.8850579992605929
YOZNEI,WANJIF,0.8848586923395846
YOZNEI,ADONEP,0.8844189099383559
YOZNEI,EXAXAE,0.8818609166256564
YOZNEI,EXAXAE03,0.8815238444282696
YOZNEI,ANUGOG,0.8779040025596463
YOZNEI,ANUGIA,0.8775896924494504
YOZNEI,LAQNID,0.8690489005046056
YOZNEI,OKABAE,0.8668174376139473
YOZNEI,KIRFOI,0.8655844645183709
YOZNEI,XICKOL,0.8604965829916067
EZINAE,IDIXAU,0.9108159247416016
EZINAE,DITTEH,0.9024879517787991
EZINAE,PUGSER,0.9012879743143826
EZINAE,UFOFUT,0.8872736716060206
EZINAE,UFAMEW,0.8846537531719262
EZINAE,QUQFIS,0.874321439804907
YOZPAG,DIHVIB,0.9999962202174184
YOZPAG,XAMDUM07,0.999988319829035
YOZPAG,YOZNIM,0.9999858859198556
YOZPAG,XAMDUM06,0.9999831860711808
YOZPAG,LUDLED,0.9999821797295868
YOZPAG,XAMDUM,0.9999793531557776
YOZPAG,YOZMEH,0.9999792954604164
YOZPAG,UXISUR,0.9999792819124926
YOZPAG,LUDLIH,0.9999689006963046
YOZPAG,XAMDUM05,0.9999535663186984
YOZPAG,TISPAO,0.9999041678122054
YOZPAG,DOTSOV42,0.9998685266096788
YOZPAG,DOTSOV13,0.9998605052342864
YOZPAG,DOTSOV15,0.9998597724519638
YOZPAG,DOTSOV10,0.9998597721084346
YOZPAG,DOTSOV14,0.99985968411301
YOZPAG,QAWHIH01,0.9994841077773744
YOZPAG,QAWHIH,0.999453206811525
YOZPAG,OQIZUL,0.9987561208152808
YOZPAG,NEHZOS,0.9958308283396692
YOZPAG,GAVDUD,0.9958088621154308
YOZPAG,QIZLOC,0.9932858664421232
YOZPAG,OHOMIH,0.9931026127449718
YOZPAG,LASYOU,0.9467526433865232
YOZPAG,ORAWAH,0.932411456746044
YOZPAG,MIKVEK,0.9293043307376968
YOZPAG,ONIXOZ,0.9239363459939864
YOZPAG,EXOYAS,0.9195078657082736
YOZPAG,YAGHUM,0.9080336748091964
YOZPAG,NUTQEZ,0.9078795925981392
YOZPAG,HANWAW,0.9059429168273048
YOZPAG,HUCBOX02,0.8972158046714207
YOZPAG,MOFGOE,0.8955584690751541
YOZPAG,HOYQIX,0.8872596608189265
YOZPAG,USEVOF,0.8850741922978992
YOZPAG,WANJIF,0.8847824294701845
YOZPAG,XEDMEB,0.884512913843479
YOZPAG,ADONEP,0.8842806006352419
YOZPAG,EXAXAE,0.8815631979414235
YOZPAG,EXAXAE03,0.8812111837626848
YOZPAG,ANUGIA,0.877683608597509
YOZPAG,CEKHUY,0.873397084253597
YOZPAG,HIDTUM,0.8725922199434757
YOZPAG,LAQNID,0.8689656525806481
YOZPAG,KIRFOI,0.865266319282826
POFDIZ,MURREW,0.9999193681490428
POFDIZ,KAKTIA01,0.999912531174808
POFDIZ,KAKTIA,0.9998995128574402
POFDIZ,POFDEV,0.9998083402873648
POFDIZ,BAHGUN02,0.9997534413606788
POFDIZ,HAWZEM,0.9997509488381146
POFDIZ,BAHGUN01,0.9997453710334612
POFDIZ,QERZUI,0.9997293688557692
POFDIZ,BAHGUN03,0.9997248490593338
POFDIZ,BAHGUN04,0.999696166816116
POFDIZ,NIHDIU,0.999488687365568
POFDIZ,IPINAY,0.9994096506131932
POFDIZ,ECODIK,0.9993535517792286
POFDIZ,UFUNIS,0.9991398976824698
POFDIZ,POFFEX,0.9977668444673532
POFDIZ,QIWQES,0.9949078014876306
POFDIZ,XICKOL,0.8785192179128507
POFDIZ,NAPSUV,0.8681532170623316
POFDIZ,EDOSEY,0.8674253028963734
FUMJAZ,FUMJAZ01,0.9999970693352982
FUMJAZ,TIDNIF,0.9070693382546748
FUMJAZ,FEVDER,0.9066943891257296
FUMJAZ,LIDSIC,0.9041854767656096
FUMJAZ,CAXZOS,0.8836557763577177
FUMJAZ,DIDBOJ,0.883213700200156
FUMJAZ,DIDBID,0.8828919983809453
FUMJAZ,DIDBEZ,0.8828410669120137
FUMJAZ,JODGIU,0.8827037870722454
FUMJAZ,MOXDEJ,0.8660954598910526
FUMJAZ,XADDUD,0.8652136567657362
FUMJAZ,XADDOX,0.8645237773599133
FUMJAZ,FILYAC,0.8624345024145903
XEFGUN01,PIJJEZ,0.8732308428387049
XEFGUN01,GOYLUB,0.9997876453507156
XEFGUN01,VAKLIF,0.9969786776694884
XEFGUN01,RUXWEM03,0.94718744615641
XEFGUN01,FALGIK,0.9451126362476538
XEFGUN01,NOZZOT,0.908246113924332
XEFGUN01,POKZOG,0.9082439994698792
XEFGUN01,ODIXAC,0.9082437059423468
XEFGUN01,AJAKON,0.9080596318780628
XEFGUN01,DAPYAW,0.9078125601580394
XEFGUN01,ODIXIK,0.9077184752615772
XEFGUN01,YUYGOQ,0.9076786951239402
XEFGUN01,ENITEB,0.9076689528611585
XEFGUN01,RUGYOJ,0.9075846169163512
XEFGUN01,ESADUZ01,0.90654646743769
XEFGUN01,EVUDAA,0.9063902443058448
XEFGUN01,NOZZUZ,0.9063750362956412
XEFGUN01,QEKLID01,0.8862944349355093
XEFGUN01,KEJBOQ,0.8847139859451364
XEFGUN01,EGUHOD01,0.8839933958945214
XEFGUN01,NOLRIR,0.8832505222007988
XEFGUN01,AWEJIW,0.8805465121953637
XEFGUN01,IGUTUB,0.8779248505887769
XEFGUN01,PIQQEN,0.8765166661308146
XEFGUN01,NABLIM,0.8748431964102572
XEFGUN01,CEHKUW,0.8741783572044237
XEFGUN01,YEYRAY,0.873351324580353
XEFGUN01,PARKUQ,0.8727193353875798
XEFGUN01,PARKUQ01,0.8727096257800318
XEFGUN01,REFWIL,0.8721270732757322
XEFGUN01,MITSUE,0.8720156834329897
XEFGUN01,FUMJAA,0.8714021429143446
XEFGUN01,KUJMIN,0.8709191130030244
XEFGUN01,XOGWUN,0.8691675126575604
XEFGUN01,VAYFAE,0.8686088339018165
XEFGUN01,GOQTIR,0.8686073742023137
XEFGUN01,JUXZIN,0.8674667425886896
XEFGUN01,EKUNON,0.8642234516758639
XEFGUN01,EKUNON02,0.8642111889129404
XEFGUN01,ULOGIL,0.8642061320084404
XEFGUN01,FOKWUZ,0.861053100922305
XEFGUN01,YICRAF,0.8606538359067304
VODNOS,VEDGES,0.9999950324216564
VODNOS,OJOBAS,0.9999887408079496
VODNOS,CEYPUT,0.9999874239898952
VODNOS,VEDFIV,0.999976929090168
VODNOS,VEDFAN,0.9999756163607828
VODNOS,BOWDOI,0.9999693555758772
VODNOS,VEDFUH,0.9999662589632454
VODNOS,YODRAM,0.9999531065194488
VODNOS,BOWDIC,0.9999314534249606
VODNOS,BIPXIK,0.9999244579892684
VODNOS,EXUXEC,0.9998344507791184
VODNOS,ABAVUV,0.9990498322907958
VODNOS,TATSIS01,0.9990145658800714
VODNOS,LASMAV,0.9982852794070352
VODNOS,ERUNUC,0.9233583210039804
VODNOS,DIDBOJ,0.9229272508374085
VODNOS,DIDBEZ,0.92289660116857
VODNOS,BUKLOJ,0.8825829642122018
VODNOS,LIDSIC,0.8791546297286259
VODNOS,FEVDER,0.8790798654296784
VODNOS,BAKJEE,0.8790318843075824
VODNOS,BAKJII,0.8785411481963302
VODNOS,TIDNIF,0.8768594232165025
VODNOS,YATDOP,0.8601590718411123
HUVGEM,HUTZAX01,0.9422419155650044
HUVGEM,ORIBAU,0.8610563963924358
HUVGEM,VEGMOK04,0.8608304164334895
VAZTUM,LATFUI,0.999999904087216
VAZTUM,MIBQAR12,0.9999991647024076
VAZTUM,PEVQOY,0.999986507024022
VAZTUM,VEGMOK04,0.9984286036512576
VAZTUM,ROZXEL,0.9437353206252084
VAZTUM,PIWLAL,0.943557849029355
VAZTUM,BOLPAU,0.9067569256603624
VAZTUM,ODODIW,0.9065879108324012
VAZTUM,VIKBUP,0.9060146055368148
VAZTUM,HUTZAX01,0.9058910061687137
VAZTUM,JENKET,0.9036579920270849
VAZTUM,JEDDII,0.8971922063533286
VAZTUM,SACHIP,0.8960754036542267
VAZTUM,ACODIH,0.8947366546157923
VAZTUM,EKEKEL,0.8872929351512304
VAZTUM,DITTEH,0.8853122425335368
VAZTUM,UKOLOV,0.8851716164828585
VAZTUM,NIKHAS,0.8840184030950481
VAZTUM,NAWXER,0.8817387940801873
VAZTUM,PUGSER,0.8807153078846521
VAZTUM,IDIXAU,0.8778396869344589
VAZTUM,VEHJUP,0.8746870100817346
VAZTUM,NIWYID,0.8737765350035624
VAZTUM,XAFFAN,0.8727282149033998
VAZTUM,MEWPIQ,0.872482362185421
VAZTUM,NENHEU,0.8684479163825162
VAZTUM,GADROU,0.8680684752655607
VAZTUM,OKELOH,0.8666970448039036
VAZTUM,PEGCIP,0.8656410699562604
VAZTUM,XEGXIT,0.8625242123690688
VAZTUM,XEGWAK,0.8625120116607098
VAZTUM,YICQOS,0.8611467130659293
VAZTUM,DUFLOH,0.8608957500743084
BOLPAU,ODODIW,0.9998512730442556
BOLPAU,VEGMOK04,0.9081077041147612
BOLPAU,ORIBAU,0.9071655285104768
BOLPAU,MIBQAR07,0.9068363447917762
BOLPAU,ROZXEL,0.8645286197423446
FIQCEN,XAMDUM,0.9999999835789146
FIQCEN,UXISUR,0.9999999815110652
FIQCEN,DIHVIB01,0.9999999666485772
FIQCEN,LUDLED,0.9999999622239149
FIQCEN,XAMDUM06,0.9999999005885224
FIQCEN,XAMDUM03,0.999997840651335
FIQCEN,YOZMOR,0.99999584168293
FIQCEN,XAMDUM05,0.9999942312857606
FIQCEN,DIHVIB,0.9999938902236388
FIQCEN,DOTSOV42,0.9999502834468932
FIQCEN,DOTSOV10,0.9999448452096688
FIQCEN,DOTSOV07,0.9996069169958836
FIQCEN,DOTSOV02,0.998869418635919
FIQCEN,NEHZOS,0.9963794812970316
FIQCEN,QIZLOC,0.993984467685603
FIQCEN,OHOMIH,0.9938118239438072
FIQCEN,ORAWAH,0.93217559862582
FIQCEN,BABREE,0.9321010876879624
FIQCEN,ONIXOZ,0.9247512107693728
FIQCEN,EXOYAS,0.9197002112903462
FIQCEN,RAWYAS,0.918890282867014
FIQCEN,IWEVAJ,0.9186801661903952
FIQCEN,YAGHUM,0.9078848534645256
FIQCEN,NUTQEZ,0.9076906209687666
FIQCEN,MOFGOE,0.89586548795323
FIQCEN,MOBDIR,0.8958626096136134
FIQCEN,HOYQIX,0.8871852529298447
FIQCEN,IPUPIU,0.8871051145088074
FIQCEN,USEVOF,0.8850398517775426
FIQCEN,WANJIF,0.8848694522354055
FIQCEN,XEDMEB,0.8847030920315478
FIQCEN,ADONEP,0.8844593200855544
FIQCEN,EXAXAE,0.8820656025539739
FIQCEN,EXAXAE03,0.8817389193489515
FIQCEN,ANUGOG,0.8779297825886402
FIQCEN,ANUGIA,0.8775161769287879
FIQCEN,LAQNID,0.8691013206692365
FIQCEN,KIRFOI,0.865803978200479
CAQKAJ,CAQKAJ01,0.999959285209622
CAQKAJ,CAQJOW,0.9949239162344136
CAQKAJ,TAHYUZ,0.9540087287833554
CAQKAJ,DERBIO,0.8852082225419731
CAQKAJ,HURGOR,0.8851287519239294
CAQKAJ,MOXDOT01,0.8848791821195545
CAQKAJ,DIBQIQ,0.8768364369646682
CAQKAJ,CIFMAH,0.8767108807640335
CAQKAJ,AXINIF,0.8766088295814765
CAQKAJ,BUKLOJ,0.8642527464635623
XAVQIU01,XAVQIU,0.999971781984482
FUTYOK,KAFYAT,0.9082467080890024
FUTYOK,NANYUX01,0.9999016309287756
FUTYOK,NIWYID,0.9995291524850168
FUTYOK,VEHJUP,0.9984802573826352
FUTYOK,UFOFUT,0.9471870885047524
FUTYOK,UFAMEW,0.9434330036545228
FUTYOK,QUQFEO,0.932990070450931
FUTYOK,QUQFIS,0.9327583737523636
FUTYOK,EXOXUL,0.909351162479484
FUTYOK,HOGJIX,0.8991049989138565
FUTYOK,DUNXUH15,0.897338253783047
FUTYOK,DITTEH,0.8871519466444439
FUTYOK,PUGSER,0.8866922578457481
FUTYOK,BUKMUQ01,0.8849539933237223
FUTYOK,APACAX,0.8777106798393794
FUTYOK,DOYHIK,0.8773923724958704
FUTYOK,NUFBOH,0.8755468759615059
FUTYOK,ORIBAU,0.874876318155718
FUTYOK,VEGMOK04,0.874709680336876
FUTYOK,CUVTOD,0.8735656838956589
FUTYOK,PEVQOY,0.872193922086569
FUTYOK,MIBQAR12,0.8718941931736243
FUTYOK,MIBQAR01,0.8718194042192152
FUTYOK,LAWFOF,0.8717993341029334
FUTYOK,LAWGOG,0.8717852733902444
FUTYOK,NUFCAU,0.8680395906715515
FUTYOK,SOWCOY01,0.8611573613601634
FUTYOK,SOWCOY,0.8611182393983832
FUTYOK,YOGKOW,0.8594619438840866
WIZMAV,WIZMAV09,0.9999999998603688
WIZMAV,WIZMAV11,0.9999999988946988
WIZMAV,WIZMAV10,0.9999999973818254
WIZMAV,WIZMAV08,0.999999993946296
WIZMAV,WIZMAV12,0.9999998660823014
WIZMAV,ERARUM,0.999999146311214
WIZMAV,ERANAO,0.9926374127162014
WIZMAV,GERBEN,0.9554169361979512
WIZMAV,EMIYUW,0.9548604130878474
WIZMAV,HERHEU,0.9545207699389746
WIZMAV,GAYXEM,0.9534012440907068
WIZMAV,UFOSEQ,0.9469418508321998
WIZMAV,DITJOH,0.922538297627137
WIZMAV,IZIBUQ,0.9102217628558223
WIZMAV,ESEBOV,0.893186865484262
WIZMAV,UNEJEE,0.8928982726577431
WIZMAV,OXOLAP,0.8632095157255254
ERARUM,WIZMAV06,0.9999994126630852
ERARUM,WIZMAV11,0.9999992065801384
ERARUM,WIZMAV09,0.9999991243392516
ERARUM,WIZMAV12,0.9999983367227672
ERARUM,ERANAO,0.9927938122033568
ERARUM,HERHAQ,0.9559021575846652
ERARUM,EMIYUW,0.9549327363907834
ERARUM,GAYXEM,0.9535017780715112
ERARUM,BUNLAZ,0.9495676502409618
ERARUM,BUNKUS,0.9489415762885736
ERARUM,UFOSEQ,0.9469105710691216
ERARUM,SURLEY,0.946909809242334
ERARUM,OFOJAX,0.9311892436784802
ERARUM,DITJOH,0.9225259437728244
ERARUM,IZIBUQ,0.9103431427451896
ERARUM,ESEBOV,0.8932503792494574
ERARUM,UNEJEE,0.8929689837520632
ERARUM,WUPTUY01,0.863541702589351
ERARUM,OXOLAP,0.8632898029104337
IXAKAU,IDUDES,0.9974501969814162
IXAKAU,ONIXOZ,0.8608383711498337
IXAKAU,MIKVEK,0.8594637716307335
IDUDES,DEGSIS01,0.8777642090150317
IDUDES,EDOSEY,0.8701731555339574
IDUDES,LASYOU,0.8679946805819339
IDUDES,MIKVEK,0.8606630134352315
KANMIX,USEVOF,0.9999950704047976
KANMIX,WANJIF,0.9997299913487384
KANMIX,XAMDUM07,0.8850677367722686
KANMIX,YOZMIL,0.8850671604372097
KANMIX,XAMDUM,0.8850597557926141
KANMIX,DIHVIB01,0.8850597246120842
KANMIX,UXISUR,0.8850596910232733
KANMIX,XAMDUM03,0.8850469675013911
KANMIX,XAMDUM05,0.8850361148475949
KANMIX,TISPAO,0.8849721939040686
KANMIX,DOTSOV42,0.8849550131728317
KANMIX,DOTSOV13,0.8849472931802878
KANMIX,DOTSOV15,0.8849465874967108
KANMIX,EBAMUS,0.8848641637199082
KANMIX,QAWHIH,0.884509051978597
KANMIX,KIRFOI,0.883862222453468
KANMIX,DOTSOV02,0.883829198315105
KANMIX,OQIZUL,0.883801752049106
KANMIX,QIZLIW,0.8832275772129733
KANMIX,NEHZOS,0.8809635661844121
KANMIX,GAVDUD,0.8809424138066008
KANMIX,NEHZUY,0.880871967758717
BAHGUN01,HAWZEM,0.9999994531573582
BAHGUN01,BAHGUN04,0.9999953670648348
BAHGUN01,BAHGUN02,0.9999361318467485
BAHGUN01,QERZUI01,0.999927879334844
BAHGUN01,ECODIK,0.9998775828038812
BAHGUN01,UFUNAK,0.999828663366764
BAHGUN01,UFUNIS,0.9997365374473732
BAHGUN01,NIHDEQ,0.999704660773446
BAHGUN01,MURREW,0.99963554040276
BAHGUN01,UGEPEB,0.999572670143128
BAHGUN01,KAKTIA01,0.999403057108086
BAHGUN01,IPINAY,0.9988556707919188
BAHGUN01,VOJPUG01,0.9988301973475282
BAHGUN01,POFDOF,0.9981625863213586
BAHGUN01,NELCEN,0.9970894835302672
BAHGUN01,POFFEX,0.9965874265219716
BAHGUN01,QIWQES,0.9931200947456162
BAHGUN01,NAPSUV,0.8667650828388496
BAHGUN01,EDOSEY,0.8658857407039475
MITSAK,MITSUE,0.999999947559758
MITSAK,PARKUQ,0.9999537175265892
MITSAK,YEYRAY,0.9998052107336964
MITSAK,CEHKUW,0.999328885841571
MITSAK,SIZGEO,0.9992086514979756
MITSAK,NABLIM,0.9981918875004234
MITSAK,SITDAD,0.9471872769941044
MITSAK,DUWBEE,0.9468335582864722
MITSAK,QUQFOY,0.93228207931981
MITSAK,LIQFEY,0.9077289968530144
MITSAK,GERWOR,0.9062794497337098
MITSAK,IJEYEC,0.8906202479444835
MITSAK,QEKLID01,0.8867746143075105
MITSAK,QEKLID,0.8867336291469821
MITSAK,GOYLUB,0.8702327287353369
YEYRAY,PARKUQ,0.999948437326195
YEYRAY,PARKUQ01,0.9999469650393312
YEYRAY,CEHKUW,0.9998571116190482
YEYRAY,SIZGEO,0.9996628995148064
YEYRAY,FUMJAA,0.9996226422701088
YEYRAY,KUJMIN,0.9994553003007692
YEYRAY,DUWBEE,0.9460952396741904
YEYRAY,QUQFOY,0.9328415854642712
YEYRAY,FESYEK,0.908079061390804
YEYRAY,GERWOR,0.907322066068953
YEYRAY,NOLRIR,0.876491384593306
YEYRAY,VAKLIF,0.8747926152462493
YEYRAY,YIKGEF,0.873290352062215
PARKUQ01,JEDVEW,0.9999903577446678
PARKUQ01,PARKUQ,0.9999999896295964
PARKUQ01,MITSIS,0.999936883113369
PARKUQ01,FUMJAA,0.9998519011724604
PARKUQ01,KUJMIN,0.999741441001202
PARKUQ01,CEHKUW,0.9996304027100938
PARKUQ01,SITDAD,0.947211110123788
PARKUQ01,DUWBEE,0.9465282303058288
PARKUQ01,QUQFOY,0.9325988512635058
PARKUQ01,FESYEK,0.908215480521356
PARKUQ01,LIQFEY,0.9079888043677894
PARKUQ01,QEKLID01,0.8870357481706608
PARKUQ01,QEKLID,0.8870063567892915
PARKUQ01,VAKLIF,0.874949192615758
PARKUQ01,NOLRIR,0.8749463171096081
PARKUQ01,YIKGEF,0.8727926111607184
PARKUQ01,GOYLUB,0.8711082652455973
QOWRAV11,QOWRAV09,0.999999998072716
QOWRAV11,QOWRAV07,0.9999999670083746
QOWRAV11,QOWRAV,0.9999999205085974
QOWRAV11,QOWRAV06,0.9999998988458804
QOWRAV11,QOWRAV05,0.999999797402902
QOWRAV11,QOWRAV03,0.999999775253376
QOWRAV11,QOWRAV04,0.9999997480382716
QOWRAV11,LIGQEA,0.9997413722460492
QOWRAV11,BAZFUF01,0.997144173509199
QOWRAV11,KIJRUS,0.9864144538572466
QOWRAV11,NAFSOF,0.97891287422319
QOWRAV11,ANUGIA,0.9603354692995094
QOWRAV11,ANUGEW,0.9595457140536844
QOWRAV11,LAYWOA,0.95447258998738
QOWRAV11,LAYXAN,0.9529483172818838
QOWRAV11,IPUPIU,0.9446260660219824
QOWRAV11,HOYQIX,0.9442379078907556
QOWRAV11,CEFNIN,0.9114307025144656
QOWRAV11,FISGOF,0.90124649187992
QOWRAV11,LAQNID,0.8948047063970213
QOWRAV11,AZAVUU,0.8886934435008738
QOWRAV11,ORAWAH,0.8811677929953055
QOWRAV11,ENIHUG,0.8678243067378052
QOWRAV11,MIKVEK,0.8666924369835038
QOWRAV11,LURRIA,0.8608019948997427
SAMVEK,VEGXIQ01,0.8691999887593032
SAMVEK,LUSHOX05,0.9946128873211646
YOZNIM,XAMDUM06,0.9999998682049756
YOZNIM,LUDLED,0.9999997703459156
YOZNIM,UXISUR,0.9999993541330884
YOZNIM,RILFEA,0.9999988234663156
YOZNIM,YOZMOR,0.9999981070874876
YOZNIM,LUDLIH,0.9999955022044617
YOZNIM,XAMDUM03,0.9999954592237384
YOZNIM,XAMDUM04,0.9999889013837936
YOZNIM,DOTSOV42,0.9999405414999916
YOZNIM,DOTSOV14,0.9999345609447968
YOZNIM,EBAMUS,0.9998229336504504
YOZNIM,QAWHIH01,0.9992994672861611
YOZNIM,QAWHIH,0.9992635402141864
YOZNIM,OQIZUL,0.9984774615585952
YOZNIM,QIZLIW,0.9984247346950584
YOZNIM,NEHZOS,0.9962999729599288
YOZNIM,KAJZIH,0.9948058345072236
YOZNIM,OHOMIH,0.9937085702216324
YOZNIM,BABREE,0.9320608491978676
YOZNIM,MIKVEK,0.9297460170380888
YOZNIM,IWEVAJ,0.9186802677750782
YOZNIM,YUGLES,0.9080041406665844
YOZNIM,NUTQAV,0.9078217880214768
YOZNIM,MOFGOE,0.8958220381477606
YOZNIM,USEVOF,0.8850474388766726
YOZNIM,XEDMEB,0.8846771293287126
YOZNIM,EXAXAE,0.8819930255369661
YOZNIM,EXAXAE03,0.8816625733086596
YOZNIM,ANUGOG,0.8779215677277427
YOZNIM,ANUGIA,0.8775436464863897
YOZNIM,HIDTUM,0.8731260654601548
YOZNIM,LAQNID,0.8690835245302744
YOZNIM,OKABAE,0.8669329417531497
QERZUI01,NIHDIU,0.9999956649602618
QERZUI01,ECODIK,0.9999888467358972
QERZUI01,UGEPEB01,0.9999749356963376
QERZUI01,BAHGUN04,0.9999597424612564
QERZUI01,BAHGUN03,0.9999499303009808
QERZUI01,HAWZEM,0.9999156979121352
QERZUI01,NIHDEQ,0.9999134932149614
QERZUI01,UFUMUD02,0.999908134470887
QERZUI01,UFUMUD,0.9998923449174534
QERZUI01,UGEPEB,0.9998394968860792
QERZUI01,UFUNAK,0.9995381421740276
QERZUI01,MURREW,0.9992696118893012
QERZUI01,KAKTIA,0.9990065675978256
QERZUI01,POFDEV,0.99883030291165
QERZUI01,IPINAY,0.998221216191398
QERZUI01,POFDOF,0.9973871124481972
QERZUI01,NELCEN,0.9961264395026193
QERZUI01,POFFEX,0.9955536909649838
QERZUI01,QIWQES,0.991690141924529
QERZUI01,NAPSUV,0.8655833405817834
ANUGIA,ANUGOG,0.9992677845893256
ANUGIA,IPUPIU,0.9878971133757716
ANUGIA,DEKBON,0.9758338569102922
ANUGIA,BAZFUF,0.9629038723154228
ANUGIA,QOWRAV09,0.960339910956154
ANUGIA,QOWRAV08,0.9603264515392362
ANUGIA,QOWRAV07,0.9603170516468676
ANUGIA,QOWRAV06,0.960303176753452
ANUGIA,QOWRAV05,0.960289709319728
ANUGIA,QOWRAV02,0.960281322539832
ANUGIA,KIJRUS,0.9575011027445174
ANUGIA,NAFSOF,0.9538506424965526
ANUGIA,LAQNID,0.9408019898029478
ANUGIA,MIKVEK,0.930420546564064
ANUGIA,ONIXOZ,0.9239255068435924
ANUGIA,LASYOU,0.9225417781387424
ANUGIA,FISGOF,0.9188664213814026
ANUGIA,ENIHUG,0.9065227234603228
ANUGIA,NAPSUV,0.9006512023936577
ANUGIA,CEFNIN,0.8833393653269827
ANUGIA,LURRIA,0.8813192119656423
ANUGIA,QAWHIH,0.8779205437062734
ANUGIA,TISPAO,0.8779158598293024
ANUGIA,OQIZUL,0.8776214593456926
ANUGIA,YOZMOR,0.8775949248605568
ANUGIA,XAMDUM07,0.8775574324576082
ANUGIA,YOZMIL,0.8775512467800001
ANUGIA,XAMDUM,0.8775107366407151
ANUGIA,DIHVIB01,0.8775099173213684
ANUGIA,RILFEA,0.8774982594306273
ANUGIA,LUDLIH,0.8774718263118054
ANUGIA,XAMDUM03,0.8774518297014182
ANUGIA,XAMDUM05,0.8774089201007499
ANUGIA,DOTSOV42,0.8771681191410792
ANUGIA,DOTSOV10,0.877146793742064
ANUGIA,DOTSOV14,0.8771465865685405
ANUGIA,DOTSOV07,0.8765883933377857
ANUGIA,DOTSOV02,0.8756553004051089
ANUGIA,QIZLIW,0.8743459062114167
ANUGIA,HIDTUM,0.8728624939496811
ANUGIA,GAVDUD,0.8713370310542249
ANUGIA,NEHZUY,0.8712489135466577
ANUGIA,OHOMIH,0.8680305550441924
ANUGIA,AZAVUU,0.8670588451110668
ANUGIA,KIRFOI,0.8657962635951064
ETUWOG,BUKLOJ01,0.9999156714646328
ANUGEW,LAYXER,0.999925188259012
ANUGEW,LAYWOA,0.9996135134979132
ANUGEW,LAYXAN,0.9993711749082734
ANUGEW,HEHROE,0.9993543637117304
ANUGEW,DEKBON,0.9984758327291976
ANUGEW,BAZFUF01,0.9696291874138208
ANUGEW,BAZFUF,0.9695988455361112
ANUGEW,QOWRAV,0.9596132068598908
ANUGEW,QOWRAV10,0.959574534009544
ANUGEW,QOWRAV09,0.9595562330222152
ANUGEW,QOWRAV12,0.9595386146910994
ANUGEW,QOWRAV08,0.959524374342895
ANUGEW,QOWRAV07,0.9595021539132056
ANUGEW,QOWRAV06,0.9594693987170736
ANUGEW,QOWRAV05,0.9594376549140196
ANUGEW,QOWRAV04,0.9594251826208096
ANUGEW,LAQNID,0.9276810183346608
ANUGEW,MIKVEK,0.9192138655316552
ANUGEW,ONIXOZ,0.9175951878171748
ANUGEW,ORAWAH,0.913012008559701
ANUGEW,FISGOF,0.9073438430974894
ANUGEW,LASYOU,0.8984071281335789
ANUGEW,ENIHUG,0.8886527423452362
ANUGEW,NAPSUV,0.884846474045127
ANUGEW,AZAVUU,0.8789166691991263
ANUGEW,CEKHUY,0.8657929224261266
ANUGEW,SIXNOF,0.8645710670196629
ANUGEW,SIXNIZ,0.864214434405081
ANUGEW,ASIVAB,0.8641341811639177
LAQNID,HOYQIX,0.9523287950475082
LAQNID,ANUGOG,0.9419271551723076
LAQNID,LAYXER,0.9269657309832904
LAQNID,LAYWOA,0.9258401315083016
LAQNID,LAYXAN,0.9251982254210284
LAQNID,HEHROE,0.925156875062578
LAQNID,DEKBON,0.9232760787358064
LAQNID,LASYOU,0.9113516016961648
LAQNID,BAZFUF,0.901001363971099
LAQNID,KIJRUS,0.8992859543248721
LAQNID,ORAWAH,0.8979810020484957
LAQNID,QOWRAV,0.8948521644743481
LAQNID,QOWRAV10,0.894824977385968
LAQNID,QOWRAV09,0.8948121061186817
LAQNID,QOWRAV12,0.8947997115738084
LAQNID,QOWRAV08,0.8947896909837646
LAQNID,QOWRAV07,0.8947740506712244
LAQNID,QOWRAV06,0.8947509855918652
LAQNID,QOWRAV04,0.894719831953274
LAQNID,QOWRAV02,0.8947147066007306
LAQNID,ONIXOZ,0.8936942320666778
LAQNID,LIGQEA,0.8918428644327955
LAQNID,EDOSEY,0.8910455349459389
LAQNID,ENIHUG,0.8746591089970679
LAQNID,FISGOF,0.8692729190360977
LAQNID,DOTSOV14,0.8692416368218889
LAQNID,DOTSOV15,0.8692416090021635
LAQNID,DOTSOV13,0.86924125279285
LAQNID,DOTSOV42,0.8692371612149222
LAQNID,XAMDUM04,0.869139456622767
LAQNID,RILFEA,0.8691121746309713
LAQNID,DIHVIB01,0.8691051639772864
LAQNID,UXISUR,0.8691048800632729
LAQNID,YOZMEH,0.8691048411304454
LAQNID,XAMDUM,0.8691046760990457
LAQNID,LUDLED,0.8690961687271167
LAQNID,DIHVIB,0.8690301755135224
LAQNID,QIZLIW,0.8686043831741003
LAQNID,QAWHIH01,0.8676527868462753
LAQNID,GAVDUD,0.8670446820460873
LAQNID,NEHZUY,0.8669933554229708
LAQNID,OQIZUL,0.8664856641044699
LAQNID,KAJZIH,0.8658743512973026
LAQNID,QIZLOC,0.8651158995272717
LAQNID,OHOMIH,0.8649742772260522
LAYXAN,LAYWOA,0.9999706232812738
LAYXAN,ANUGOG,0.9831383314845568
LAYXAN,NAFSOF,0.9743404899903017
LAYXAN,IPUPIU,0.9670732353238528
LAYXAN,QOWRAV,0.9530289371763748
LAYXAN,QOWRAV12,0.9529398390492874
LAYXAN,QOWRAV07,0.9528963025041628
LAYXAN,QOWRAV06,0.9528571988765884
LAYXAN,QOWRAV05,0.9528193100653384
LAYXAN,QOWRAV04,0.9528044253610556
LAYXAN,QOWRAV02,0.952795747856277
LAYXAN,ONIXOZ,0.9190138764074984
LAYXAN,FISGOF,0.9047991756141656
LAYXAN,LASYOU,0.8940235453065899
LAYXAN,CEFNIN,0.8842004845536963
LAYXAN,ENIHUG,0.884172644097969
LAYXAN,NAPSUV,0.8814330042394483
LAYXAN,EDOSEY,0.8803879206704803
LAYXAN,AZAVUU,0.8774546666890134
LAYXAN,HIDTUM,0.865922120797812
LAYXAN,CEKHUY,0.865814706322477
LAYXAN,LURRIA,0.864721353473015
LAYXAN,SIXNIZ,0.8620576656664862
LAYXAN,ASIVAB,0.8619133548713988
MAWVAK,MAWTUC,0.9999974870596992
MAWVAK,BEPNOB,0.999968193463621
MAWVAK,BEPMEQ,0.9999679744492312
MAWVAK,BEPPIX,0.9140147280321448
MAWVAK,BEPNER,0.9118514268111856
MAWVAK,KIGCEK,0.9072889057767802
UQUTUX01,VITZIJ,0.8593472276882265
LULGIJ,RIGHAR,0.8612135958554956
LULGIJ,ROCZEQ,0.8599663076181016
CIJBEE,VEDGES,0.9999989473292462
CIJBEE,VEDGIW,0.9999987255554994
CIJBEE,VEDFOB,0.9999882306001588
CIJBEE,VEDFIV,0.9999856308195616
CIJBEE,VEDFAN,0.999975542146694
CIJBEE,BOWDOI,0.9999704399024056
CIJBEE,VEDFUH,0.9999644470189812
CIJBEE,CEYPUT01,0.999959845806026
CIJBEE,AHETAK,0.999945739271246
CIJBEE,BOWDIC,0.9999315751817992
CIJBEE,EXUXEC,0.9998333171388176
CIJBEE,ABAVIJ,0.9992213372567073
CIJBEE,TATSIS,0.998894179939754
CIJBEE,ERUNIQ,0.998664106462883
CIJBEE,LASMAV,0.9982773812846872
CIJBEE,ERUNUC,0.9233590453381394
CIJBEE,JODGIU,0.9230356010233408
CIJBEE,DIDBOJ,0.9229753161474168
CIJBEE,CAXZOS,0.9229726954708476
CIJBEE,DIDBEZ,0.9229493375614548
CIJBEE,DIDBID,0.9228729179905224
CIJBEE,BUKLOJ,0.8825735580125413
CIJBEE,LIDSIC,0.8791558931482455
CIJBEE,FEVDER,0.8790776665622355
CIJBEE,BAKJEE,0.8790352681215933
CIJBEE,TIDNIF,0.8769742102679776
CIJBEE,ESEQUO,0.8726399998539801
CIJBEE,YATDOP,0.8601606296675882
CIJBEE,XALMOO,0.859943863116617
FEVDER,BAKJEE,0.9773245830085332
FEVDER,TIDNIF,0.9759366833126744
FEVDER,DIDBEZ,0.9088829816109312
FEVDER,FUMJAZ01,0.9068395375076976
FEVDER,XEVXUT,0.9056176958919264
FEVDER,AGAFAS,0.8907218425035988
FEVDER,XALMOO,0.88718297828183
FEVDER,DIQHAO01,0.8846013302105616
FEVDER,NIDFOX,0.8820353333120687
FEVDER,EXUXEC,0.8792883146254971
FEVDER,BOWDIC,0.8792508854529414
FEVDER,YODRAM,0.8792321067200142
FEVDER,VEDFUH,0.8792150382337525
FEVDER,VEDFAN,0.8791977158386419
FEVDER,VEDFOB,0.8791620001369973
FEVDER,VEDFIV,0.8791230203243029
FEVDER,VEDGIW,0.8790958869951139
FEVDER,VEDGES,0.8790804149540259
FEVDER,TATSIS01,0.8789650282471153
FEVDER,CEYPUT,0.8789650024906895
FEVDER,TATSIS,0.8789411600933543
FEVDER,ABAVIJ,0.8789365028642206
FEVDER,LASMAV,0.8785673848659374
FEVDER,YIGGEB,0.8774863501095652
FEVDER,FEYJOJ,0.8761027569370241
FEVDER,FISQEG,0.8727901242986171
FEVDER,VASYEW,0.8699954765037535
FEVDER,DIBQIQ,0.8678062601196727
FEVDER,CIFMAH,0.8662201390551094
FEVDER,NIGPEA,0.8661098935855036
FEVDER,DIBQOW,0.8653199052461176
CEFNIN,AZAVUU,0.9824341543535352
CEFNIN,BAZFUF,0.9142578740148144
CEFNIN,KIJRUS,0.9138093933690956
CEFNIN,QOWRAV,0.9114603729432428
CEFNIN,QOWRAV10,0.9114433878577692
CEFNIN,QOWRAV06,0.9113970868789668
CEFNIN,QOWRAV03,0.911380517114574
CEFNIN,QOWRAV04,0.9113775578229512
CEFNIN,QOWRAV02,0.9113743336540162
CEFNIN,LIGQEA,0.9094886534069914
CEFNIN,NAFSOF,0.9057864472547232
CEFNIN,HOYQIX,0.8928097885921912
CEFNIN,LAYXER,0.8869772855372323
CEFNIN,LAYWOA,0.8851722759203973
CEFNIN,HEHROE,0.8841358792766695
CIPLIX,JEDVUM,0.999999640385709
CIPLIX,XAPSIS,0.9999085101062444
CIPLIX,ABAYOU,0.9904692239472302
CIPLIX,FEYJOJ,0.9416361330540188
CIPLIX,AGAFAS,0.9290864085255818
CIPLIX,FILYAC,0.8966613973034226
CIPLIX,WIMWEW,0.8964094340226972
CIPLIX,FILYEG,0.8936701177543771
CIPLIX,MOXDEJ,0.8936014126274321
CIPLIX,ABIWOX,0.87722758979875
CIPLIX,VOSSUT,0.8684406256231223
CIPLIX,BAKJII,0.8611298785103398
CIPLIX,BAKJEE,0.8608833469858215
CIPLIX,LIDSIC,0.8607183361007473
CIPLIX,QUSVOQ,0.8606961093963209
BAKJEE,TIDNIF,0.9971224817692292
BAKJEE,JODGIU,0.9088421390837458
BAKJEE,DIDBID,0.9086414063491656
BAKJEE,CAXZOS,0.9083729656799616
BAKJEE,FUMJAZ01,0.903858075234366
BAKJEE,XEVXUT,0.9011865106719332
BAKJEE,FISQEG,0.8942776828872752
BAKJEE,VASYEW,0.889041712267292
BAKJEE,AGAFAS,0.8888345156516095
BAKJEE,YATDOP,0.8871841901573627
BAKJEE,XALMOO,0.8859839567454777
BAKJEE,OJOBAS,0.8791286312702655
BAKJEE,ABAVUV,0.8790740901317222
BAKJEE,VEDGIW,0.879014281445518
BAKJEE,VEDFIV,0.8789500576435227
BAKJEE,VEDFOB,0.8789167617159691
BAKJEE,BOWDOI,0.8788318253962704
BAKJEE,VEDFUH,0.8788120724290897
BAKJEE,BOWDUO,0.8787667341797313
BAKJEE,BOWDIC,0.8787023258681745
BAKJEE,EXUXEC,0.8784560088680292
BAKJEE,TATSIS01,0.8771208400284944
BAKJEE,TATSIS,0.8768679742681843
BAKJEE,ERUNIQ,0.8765335869016465
BAKJEE,LASMAV,0.8759901016096047
BAKJEE,YIGGEB,0.8739640101429531
BAKJEE,JEDVUM,0.8608631326501393
DAZMID,KUNTAQ02,0.9398390299250936
DAZMID,OTECAT,0.862976539823753
PIKYIU,RUXWEM03,0.95601208599542
PIKYIU,FALGIK,0.9526945295626328
PIKYIU,GOYLUB,0.90822488602585
PIKYIU,QEKLID01,0.8930700343091278
PIKYIU,NOLRIR,0.8929019112745891
PIKYIU,DELGIN,0.886661498584675
PIKYIU,ECIWIW,0.8855420566968185
PIKYIU,IGUVIR,0.8849823520420199
NIRCUO,UNIRUF11,0.999314136526166
NIRCUO,UNIRUF05,0.9988846372250972
NIRCUO,UNIRUF04,0.9983485067288128
OKELOH,DOYHOQ,0.8943875576049145
OKELOH,PIWLAL,0.8852427108829767
OKELOH,BABRII,0.8762216340536688
OKELOH,DUFLOH,0.8741347183359673
OKELOH,VEGMOK04,0.8691501484267303
OKELOH,ORIBAU,0.8689856097548168
OKELOH,MIBQAR12,0.8667882227090709
OKELOH,MIBQAR01,0.866721135885542
YENZEZ,YATTUK,0.9081573657291858
YENZEZ,SEHSII,0.9065946623398128
YENZEZ,UPIBOM,0.8995571124133933
YENZEZ,VITZAB,0.8626072467693344
BOJYIK01,CEJXEW,0.945899136143106
XEDMEB,ADONEP,0.9997093872392024
XEDMEB,USEVOF,0.9993532667298036
XEDMEB,EXAXAE03,0.9985190597893892
XEDMEB,KIRFOI,0.8862460913907978
XEDMEB,DOTSOV14,0.8849351577153883
XEDMEB,DOTSOV15,0.8849351093489549
XEDMEB,DOTSOV13,0.8849343702819898
XEDMEB,DOTSOV42,0.8849260202124202
XEDMEB,DOTSOV07,0.8847973381784972
XEDMEB,XAMDUM05,0.8847900163960993
XEDMEB,XAMDUM03,0.8847577362539207
XEDMEB,UXISUR,0.8847083302142396
XEDMEB,XAMDUM,0.8847080294994045
XEDMEB,LUDLED,0.8846955404926489
XEDMEB,QIZLIW,0.884688521374124
XEDMEB,YOZMIL,0.8846693598379994
XEDMEB,XAMDUM07,0.8846635075775265
XEDMEB,YOZMOR,0.8846231386691017
XEDMEB,DIHVIB,0.8846014327351471
XEDMEB,TISPAO,0.8839525944817685
XEDMEB,NEHZOS,0.8834057301936012
XEDMEB,GAVDUD,0.8833915223438276
XEDMEB,NEHZUY,0.8833469956717515
XEDMEB,QAWHIH01,0.8829205033239136
XEDMEB,KAJZIH,0.8823574582531373
XEDMEB,QIZLOC,0.8816722199718747
XEDMEB,OHOMIH,0.8815458740913769
KIRFOI,LASYOU,0.9057418867368824
KIRFOI,EXAXAE,0.8877993741293955
KIRFOI,USEVOF,0.8835928073188515
KIRFOI,HIDTUM,0.8720930194168939
KIRFOI,GAVDUD,0.8692720918242933
KIRFOI,KAJZIH,0.8691168079707436
KIRFOI,QIZLOC,0.8689115092075677
KIRFOI,QIZLIW,0.8688774224651103
KIRFOI,DOTSOV07,0.8669032955158198
KIRFOI,DOTSOV02,0.8667238358783532
KIRFOI,DOTSOV15,0.8666215124788429
KIRFOI,DOTSOV42,0.866582779780377
KIRFOI,EBAMUS,0.8662136119943902
KIRFOI,XAMDUM05,0.8660798547974481
KIRFOI,LUDLIH,0.8659155341911442
KIRFOI,RILFEA,0.8658530203958722
KIRFOI,DIHVIB01,0.865821229202917
KIRFOI,UXISUR,0.8658199249392116
KIRFOI,YOZMEH,0.8658197498953404
KIRFOI,LUDLED,0.865781120690853
KIRFOI,XAMDUM06,0.8657668606328367
KIRFOI,DIHVIB,0.8655077361243714
KIRFOI,TISPAO,0.86393764547484
KIRFOI,QAWHIH01,0.8618958432544284
KIRFOI,QAWHIH,0.8617810324447088
KIRFOI,OQIZUL,0.8596001378283067
LUDLIH,XAMDUM04,0.9999985105580936
LUDLIH,XAMDUM03,0.9999976676490984
LUDLIH,RILFEA,0.99999754447581
LUDLIH,UXISUR,0.9999971482295064
LUDLIH,YOZMEH,0.9999971438546972
LUDLIH,XAMDUM,0.9999971359406172
LUDLIH,XAMDUM05,0.9999962045613768
LUDLIH,XAMDUM06,0.9999961840699536
LUDLIH,DOTSOV42,0.9999610127145078
LUDLIH,DOTSOV14,0.999956547434524
LUDLIH,DOTSOV10,0.9999563072357298
LUDLIH,EBAMUS,0.9998693430985164
LUDLIH,TISPAO,0.9997678246470152
LUDLIH,DOTSOV07,0.9996732178404976
LUDLIH,QAWHIH01,0.9992078795999776
LUDLIH,QIZLIW,0.99854997535844
LUDLIH,OQIZUL,0.9983453244259448
LUDLIH,NEHZUY,0.9964089018759568
LUDLIH,KAJZIH,0.9950355186583546
LUDLIH,QIZLOC,0.9941433659851996
LUDLIH,OHOMIH,0.9939649278021826
LUDLIH,LASYOU,0.9465059404955444
LUDLIH,BABREE,0.9321567954876312
LUDLIH,ORAWAH,0.9321161479853888
LUDLIH,MIKVEK,0.929936239073262
LUDLIH,IWEVAJ,0.9187970653024956
LUDLIH,YAGHUM,0.9078445374065376
LUDLIH,NUTQAV,0.9077494439423098
LUDLIH,NUTQEZ,0.9076414550989864
LUDLIH,HANWAW,0.9064419812226628
LUDLIH,HUCBOX02,0.8973175888871133
LUDLIH,MOBDIR,0.8959225016536706
LUDLIH,IPUPIU,0.887074985773082
LUDLIH,USEVOF,0.8850247807011137
LUDLIH,ADONEP,0.8845413011428499
LUDLIH,EXAXAE,0.8821696399429084
LUDLIH,EXAXAE03,0.8818488004340996
LUDLIH,ANUGOG,0.8779381935357337
LUDLIH,CEKHUY,0.8740950813397171
LUDLIH,HIDTUM,0.873348144556208
LUDLIH,OKABAE,0.867086288277446
XAMDUM03,RILFEA,0.999998896767706
XAMDUM03,DIHVIB01,0.9999982441700772
XAMDUM03,UXISUR,0.9999982217563016
XAMDUM03,XAMDUM,0.9999982008257752
XAMDUM03,XAMDUM06,0.9999968146724836
XAMDUM03,YOZMIL,0.9999945010582854
XAMDUM03,YOZMOR,0.9999879510852568
XAMDUM03,DIHVIB,0.999984467272103
XAMDUM03,DOTSOV42,0.9999688448189716
XAMDUM03,DOTSOV13,0.999964878687892
XAMDUM03,DOTSOV14,0.9999644585244924
XAMDUM03,EBAMUS,0.9998399373365991
XAMDUM03,QAWHIH01,0.99918237680779
XAMDUM03,QAWHIH,0.9991436030256862
XAMDUM03,DOTSOV02,0.9989193344853332
XAMDUM03,QIZLIW,0.9985889300108328
XAMDUM03,NEHZUY,0.996469568548175
XAMDUM03,KAJZIH,0.9951066630375812
XAMDUM03,QIZLOC,0.9942087652503608
XAMDUM03,OHOMIH,0.9940394739759768
XAMDUM03,DALSOA,0.9330012871119948
XAMDUM03,BABREE,0.9321875811075504
XAMDUM03,MIKVEK,0.9299830914764802
XAMDUM03,ONIXOZ,0.9250140110093956
XAMDUM03,EXOYAS,0.9197555333993598
XAMDUM03,RAWYAS,0.9189895435831272
XAMDUM03,YUGLES,0.9079331203319204
XAMDUM03,NUTQAV,0.9077293908923711
XAMDUM03,OFOCUI,0.9076191383053412
XAMDUM03,HANWAW,0.9064673777652162
XAMDUM03,HUCBOX02,0.8973208671760124
XAMDUM03,MOBDIR,0.8959562785977583
XAMDUM03,HOYQIX,0.8871518484444798
XAMDUM03,IPUPIU,0.8870621176062586
XAMDUM03,WANJIF,0.8848905789876733
XAMDUM03,ADONEP,0.8845112933343002
XAMDUM03,EXAXAE03,0.8819060129888869
XAMDUM03,ANUGOG,0.8779449314505128
XAMDUM03,HIDTUM,0.8734163205545018
MOBDIR,QIZLIW,0.8968872689330227
MOBDIR,DOTSOV14,0.8962921181411052
MOBDIR,DOTSOV10,0.8962920072161031
MOBDIR,DOTSOV15,0.8962920064716524
MOBDIR,DOTSOV07,0.8962900231596637
MOBDIR,DOTSOV42,0.8962729277051399
MOBDIR,GAVDUD,0.8961576493194289
MOBDIR,EBAMUS,0.8960069912586189
MOBDIR,RILFEA,0.8958897720945024
MOBDIR,DIHVIB01,0.8958721265181357
MOBDIR,DOTSOV02,0.8958536287653869
MOBDIR,XAMDUM06,0.8958419476358281
MOBDIR,YOZMIL,0.8958062395213001
MOBDIR,YOZMOR,0.8957305059740744
MOBDIR,DIHVIB,0.8956953181453738
MOBDIR,KAJZIH,0.8954181089881585
MOBDIR,QIZLOC,0.8948920598215506
MOBDIR,OHOMIH,0.8947982396736059
MOBDIR,TISPAO,0.8947354652137578
MOBDIR,QAWHIH01,0.8933621812749637
MOBDIR,QAWHIH,0.8932819178303112
MOBDIR,OQIZUL,0.8917112777706397
AMIWOJ,AFOJIO,0.997490881374784
AMIWOJ,GEVXAI,0.9946831026066438
AMIWOJ,FEQXAB,0.9943854782218678
AMIWOJ,RIQVUJ,0.8735523525874058
EBEWIT,EBEXAM,0.9999995741242028
EBEWIT,EBEWOZ01,0.9999885654465024
EBEWIT,COKJIX,0.8940126354780359
EBEWIT,VODBEW,0.8897659326896781
EBEWIT,MIRGIG,0.887293855162957
EBEWIT,KEZLIN,0.8863052061546948
EBEWIT,ADEGIA,0.8678991244281857
EBEWIT,ATIKAP,0.8677757890977965
EBEWIT,ADEGIA01,0.8653437719997623
XALXIS01,DEBBIY,0.8835653800120911
DADTUY07,DADTUY01,0.9999999475993006
DADTUY07,DADTUY,0.9999973584031908
DADTUY07,SOJKOT07,0.9997962889052572
DADTUY07,EDAGEX,0.9988202322543748
DADTUY07,DEFNIO,0.9985080374383188
DADTUY07,RAVVIU01,0.9985072676601996
DOTSOV15,DOTSOV13,0.9999999990399016
DOTSOV15,DOTSOV14,0.9999999895536316
DOTSOV15,DOTSOV42,0.9999998588961156
DOTSOV15,XAMDUM05,0.9999747009871804
DOTSOV15,RILFEA,0.9999508954109284
DOTSOV15,UXISUR,0.9999468464790976
DOTSOV15,YOZMEH,0.999946824662854
DOTSOV15,XAMDUM,0.9999467322605594
DOTSOV15,LUDLED,0.9999419209317608
DOTSOV15,XAMDUM06,0.9999400631365568
DOTSOV15,YOZMIL,0.999931398719823
DOTSOV15,XAMDUM07,0.9999290239519624
DOTSOV15,DIHVIB,0.9999020253698102
DOTSOV15,EBAMUS,0.9998458851194866
DOTSOV15,DOTSOV07,0.9997405972669128
DOTSOV15,TISPAO,0.9995322100150354
DOTSOV15,DOTSOV02,0.9990731368767708
DOTSOV15,QAWHIH,0.9987598763903018
DOTSOV15,GAVDUD,0.9971975058453088
DOTSOV15,LASYOU,0.9461135169323353
DOTSOV15,DALSOA,0.9330059685612376
DOTSOV15,BABREE,0.9324941596561328
DOTSOV15,EXOYAS,0.9199357594585452
DOTSOV15,RAWYAS,0.9193479335409152
DOTSOV15,YAGHUM,0.9075467363307242
DOTSOV15,NUTQEZ,0.9072850466367336
DOTSOV15,HANWAW,0.9069285338310022
DOTSOV15,MOFGOE,0.8962942310932887
DOTSOV15,HOYQIX,0.8869722016882168
DOTSOV15,WANJIF,0.8849301178782454
DOTSOV15,ADONEP,0.8846752090558531
DOTSOV15,EXAXAE,0.882823700467608
DOTSOV15,EXAXAE03,0.8825397493750136
DOTSOV15,ANUGOG,0.877962110972289
DOTSOV15,HIDTUM,0.8741813062058419
DOTSOV15,OKABAE,0.8676488356419328
DOTSOV15,XICKOL,0.8608873649334349
DOTSOV15,OGEBAF,0.859382816952261
DIBQOW,AXINIF,0.9999738643755728
DIBQOW,NIGPEA,0.99994543651732
DIBQOW,CIFMAH,0.9999276562787514
DIBQOW,NIGPAW,0.979577843403214
DIBQOW,NIGNUO,0.9748324181995592
DIBQOW,DIBQEM,0.9742793412566846
DIBQOW,DERBIO,0.9553337152591884
DIBQOW,HURGOR,0.95511933145638
DIBQOW,MOXDOT,0.9546005874715316
DIBQOW,FISQEG,0.942832935372606
DIBQOW,NOMPIQ,0.9122011071646008
DIBQOW,BUKLOJ,0.8996792487385958
DIBQOW,ERUNUC,0.8844604544292218
DIBQOW,DIDBEZ,0.8832788958656295
DIBQOW,DIDBOJ,0.8829148143244391
DIBQOW,YATDOP,0.8710800697124429
DIBQOW,XALMOO,0.8682407918612687
DIBQOW,WEMKEG,0.8622827715580847
DIBQOW,DIQHAO01,0.8604918003440805
TISPAO,DIHVIB,0.9998623305439454
TISPAO,YOZMOR,0.9998498479561686
TISPAO,QAWHIH01,0.9998328380108976
TISPAO,XAMDUM07,0.9998255864067548
TISPAO,YOZMIL,0.9998215759903144
TISPAO,QAWHIH,0.999815050815684
TISPAO,LUDLED,0.9998037137825008
TISPAO,XAMDUM,0.9997945757047172
TISPAO,YOZMEH,0.9997943938139566
TISPAO,RILFEA,0.9997861508564282
TISPAO,DOTSOV42,0.9995483102913824
TISPAO,DOTSOV14,0.999532074725555
TISPAO,EBAMUS,0.9994885791287076
TISPAO,OQIZUL,0.9993503192604194
TISPAO,DOTSOV07,0.9990500930401476
TISPAO,DOTSOV02,0.9981845081943604
TISPAO,QIZLIW,0.9971691777267448
TISPAO,NEHZOS,0.994477873544575
TISPAO,GAVDUD,0.9944527879312552
TISPAO,NEHZUY,0.9943719519251232
TISPAO,OHOMIH,0.9913952860122984
TISPAO,LASYOU,0.9470703199379842
TISPAO,ORAWAH,0.9327955694941826
TISPAO,DALSOA,0.9326500432395596
TISPAO,MIKVEK,0.9280246218155952
TISPAO,ONIXOZ,0.9219959998767232
TISPAO,EXOYAS,0.9189427345074908
TISPAO,IWEVAJ,0.918318679691314
TISPAO,RAWYAS,0.917709336275278
TISPAO,YUGLES,0.9082439392521956
TISPAO,YAGHUM,0.9082246345060652
TISPAO,NUTQAV,0.9081977298042728
TISPAO,NUTQEZ,0.9081596406245818
TISPAO,OFOCUI,0.9079608209508988
TISPAO,HUCBOX02,0.8968879316202013
TISPAO,MOFGOE,0.8947395902422018
TISPAO,IPUPIU,0.8872982309907974
TISPAO,USEVOF,0.8850112603401653
TISPAO,EXAXAE,0.8803124006619698
TISPAO,EXAXAE03,0.8799044319646516
TISPAO,XICKOL,0.8597095786524921
FAHQIQ,UNIDAY,0.9552484186086304
FAHQIQ,FOSTIS,0.9552114620764506
FAHQIQ,CIFSES,0.955147092929678
FAHQIQ,CIFSAO,0.955067924507728
FAHQIQ,CIFSIW,0.9544676622024868
FAHQIQ,NEDLOZ,0.9535203784640378
FAHQIQ,VACFOV,0.9365921655330274
FAHQIQ,VACFOV01,0.936166853342628
FAHQIQ,VIFPUY05,0.9357907802972446
FAHQIQ,VIFPUY,0.9357752293621784
FAHQIQ,VIFPUY03,0.9357714870835888
FAHQIQ,LOQLEJ,0.9357698062470232
FAHQIQ,VIFPUY04,0.9357502259307297
IQOJAB,XAFFAN,0.9388549593070348
IQOJAB,DARYIF,0.873318432504705
IQOJAB,ROZXEL,0.8716254923975493
IQOJAB,QOZSIJ,0.867210333703521
YOZMEH,UXISUR,0.9999999999973636
YOZMEH,XAMDUM,0.9999999999589456
YOZMEH,DIHVIB01,0.9999999880828117
YOZMEH,LUDLED,0.9999998918644708
YOZMEH,YOZMIL,0.9999988923949092
YOZMEH,XAMDUM07,0.9999987170731022
YOZMEH,YOZMOR,0.9999952965971216
YOZMEH,XAMDUM05,0.999994858098708
YOZMEH,DIHVIB,0.9999932073303752
YOZMEH,XAMDUM04,0.9999916121155128
YOZMEH,DOTSOV42,0.9999521616761664
YOZMEH,DOTSOV13,0.999947275577194
YOZMEH,DOTSOV10,0.9999468244533456
YOZMEH,EBAMUS,0.9998283955018568
YOZMEH,DOTSOV07,0.9996102947429863
YOZMEH,QAWHIH,0.999219891409077
YOZMEH,QIZLIW,0.9984870091942484
YOZMEH,OQIZUL,0.9984149784100748
YOZMEH,KAJZIH,0.9949190816837478
YOZMEH,OHOMIH,0.993832829315107
YOZMEH,LASYOU,0.9465398862317502
YOZMEH,DALSOA,0.9329904952329494
YOZMEH,BABREE,0.9321091829432292
YOZMEH,MIKVEK,0.9298349603639108
YOZMEH,ONIXOZ,0.9247754368883362
YOZMEH,RAWYAS,0.9188995464763592
YOZMEH,YUGLES,0.9079787218855204
YOZMEH,YAGHUM,0.9078797098345264
YOZMEH,OFOCUI,0.9076663176991848
YOZMEH,HANWAW,0.9063541310406872
YOZMEH,MOFGOE,0.8958742288717139
YOZMEH,HOYQIX,0.8871823750685084
YOZMEH,USEVOF,0.8850381939882785
YOZMEH,WANJIF,0.8848715130283437
YOZMEH,OKABAE,0.8670089683285008
YOZMEH,XICKOL,0.8605945949293581
REGREC,GERWIL,0.90818968291156
REGREC,PEJNOJ,0.999177070653814
REGREC,NIWYID,0.9999192443141012
REGREC,NANYUX01,0.999493921492731
REGREC,VEHJUP,0.9993098974324746
REGREC,UFOFUT,0.9471560248624104
REGREC,QUQFEO,0.9329486918809936
REGREC,QUQFIS,0.9321904743073828
REGREC,QOPZIF,0.9195250619481984
REGREC,EXOXUL,0.9118012236128744
REGREC,MOHLIF,0.9061638334605822
REGREC,KEFBOO,0.9026881284325814
REGREC,HOGJIX,0.9013598594638204
REGREC,DUNXUH13,0.8973040708618467
REGREC,PUGSER,0.885904851526453
REGREC,BUKMUQ01,0.8845107051915116
REGREC,APACAX,0.8779542092601641
REGREC,NUFBOH,0.876625842467067
REGREC,DOYHIK,0.8766229312834708
REGREC,VEGMOK04,0.8749814459651595
REGREC,ORIBAU,0.8744319022400014
REGREC,PEVQOY,0.8733779962362929
REGREC,MIBQAR12,0.8731480530189408
REGREC,MIBQAR07,0.8731434377815851
REGREC,MIBQAR01,0.8730900624247244
REGREC,LAWGOG,0.8730636087982764
REGREC,NUFCAU,0.8703858148677313
MOXDIN,MOXDIN01,0.9999998639528048
ASIVAB,SIXNIZ,0.8958316684189578
ASIVAB,HOYQIX,0.864304132959106
ASIVAB,IPUPIU,0.8641038258475751
ASIVAB,LAYXER,0.8635095199889233
ASIVAB,LAYWOA,0.8624988814264138
ASIVAB,HEHROE,0.8618754603189944
ASIVAB,DEKBON,0.8601359084166142
ASIVAB,BAZFUF01,0.8594836440352589
ASIVAB,BAZFUF,0.8594672644706796
EXUSUN,EXUTAU,0.9999995081653432
EXUSUN,WECSAZ,0.9998322908987192
EXUSUN,EHAZES,0.9995642286717472
EXUSUN,YIXFOC03,0.9986241254604888
EXUSUN,EHAZAO,0.9961702149511296
EXUSUN,DUGDOA01,0.9082088711986812
EXUSUN,HISSIN,0.8851301533498301
EXUSUN,WOJZIG,0.8788530297803634
EXUSUN,LUCDAO,0.877879128564187
EXUSUN,SENXER,0.8677257908447176
EXUSUN,SENXAN,0.8628866530804133
EXUSUN,LIXMEM,0.8607634481685082
NEBYOK,VITZAB,0.900954159364941
NEBYOK,XADDAJ,0.8958214033389719
NEBYOK,XADDAJ01,0.8956003638841469
NEBYOK,LEDHEJ,0.8729981644223548
NEBYOK,NIGFOZ,0.8608275281592402
NEBYOK,SEHSII,0.8597260168266413
AKOXIJ,ACICOH,0.9995789300472648
DOTSOV41,DOTSOV39,0.9999998622471922
ORIBAU,MIBQAR12,0.9955377528299324
ORIBAU,MIBQAR07,0.995531293909084
ORIBAU,LAWFOF,0.995424349376249
ORIBAU,LAWGOG,0.995407546249341
ORIBAU,ROZXEL,0.9471368210205228
ORIBAU,JENKET,0.9082482729281404
ORIBAU,HUTZAX01,0.907879014245086
ORIBAU,VIKBUP,0.9078277197762948
ORIBAU,ODODIW,0.9075175765323238
ORIBAU,BABRII,0.9064154135659076
ORIBAU,TONQOD,0.8972587873338066
ORIBAU,ACODIH,0.8970859282037119
ORIBAU,GOSDUP,0.8965415019948786
ORIBAU,JEDDII,0.8926543831265088
ORIBAU,NAWXER,0.8872051223383426
ORIBAU,PUGSER,0.8871159061288483
ORIBAU,UKOLOV,0.8868290928181481
ORIBAU,DITTEH,0.8867595823058254
ORIBAU,SACHIP,0.8866913031041197
ORIBAU,IDIXAU,0.8847718365824189
ORIBAU,DARYIF,0.8833450247352521
ORIBAU,EKEKEL,0.8830171150700452
ORIBAU,WORLAS,0.8804673977578286
ORIBAU,XAFFAN,0.8779425601694713
ORIBAU,MEWPIQ,0.877923903064451
ORIBAU,NOXMAQ,0.8776814085685528
ORIBAU,NANYUX01,0.8749877196027012
ORIBAU,NENHEU,0.8741574375236328
ORIBAU,NIWYID,0.8739237893480302
ORIBAU,VEHJUP,0.8724927060295996
ORIBAU,PEGCIP,0.8692187689039992
ORIBAU,XEGWIS,0.8690685706865897
ORIBAU,XEGWAK,0.8690609124958125
ORIBAU,XENMIO,0.8610623722867666
GAFREN,XILBAW,0.9999973447392608
XUCHOS01,XUCHOS02,0.9999037192241526
XUCHOS01,SOQRUM,0.9990223580518988
XUCHOS01,SEQSEO01,0.887423689033658
XUCHOS01,SEQSUE,0.887248052620399
XUCHOS01,EZOFEF,0.8850531154532761
XUCHOS01,PUNYON,0.8850407327852532
XUCHOS01,VEMSUC,0.8813509232911958
XUCHOS01,XUJQAV,0.8812425936762475
XUCHOS01,XUJPOI,0.8811152846343069
XUCHOS01,NUNPAP,0.8805230386397821
XUCHOS01,NUNNUH,0.8802561640804579
XUCHOS01,XUJPEY,0.8796354703848888
RIGTIL,CIZQOT,0.9996181311730308
RIGTIL,NATFAS,0.9994820148759044
RIGTIL,CIZQUZ,0.9992660857001228
RIGTIL,FABFOF,0.9977816411590178
RIGTIL,WOBHOL,0.8710673233064858
RIGTIL,WOBHIF03,0.8710504110516256
NIDFOX,DIQHAO01,0.9994049557898554
NIDFOX,XALMOO,0.9954301428503388
NIDFOX,DIDBOJ,0.9187094255575352
NIDFOX,DIDBEZ,0.9178944343078994
NIDFOX,JODGIU,0.9178201219668056
NIDFOX,TIDNIF,0.8789090589627344
NIDFOX,LIDSIC,0.8776177690992505
NIDFOX,NIGNUO,0.8710973570573936
NIDFOX,DIBQEM,0.8709852825853347
NIDFOX,DIBQIQ,0.8620485770618663
NIDFOX,YIGGEB,0.8594325120062124
JODGIU,DIDBID,0.9999845014942828
JODGIU,DIDBOJ,0.999969203879596
JODGIU,CAXZOS,0.9998230502565412
JODGIU,CEYPUT01,0.9231663669698406
JODGIU,VEDFIV,0.9231456185134326
JODGIU,VEDGES,0.923073751151096
JODGIU,VEDFOB,0.9230642353986258
JODGIU,VEDFAN,0.9230104060387088
JODGIU,VEDGIW,0.9229999061970272
JODGIU,OJOBAS,0.922982115881094
JODGIU,CEYPUT,0.9229791626396736
JODGIU,VEDFUH,0.922976472703026
JODGIU,YODRAM,0.9229669246815372
JODGIU,AHETAK,0.9229640138795134
JODGIU,EXUXEC,0.9228901156476176
JODGIU,TATSIS01,0.9225058555204562
JODGIU,DERBIO,0.922077062732888
JODGIU,TATSIS,0.922049869550728
JODGIU,ERUNIQ,0.9217621491155756
JODGIU,DIQHAO01,0.921380292277676
JODGIU,LASMAV,0.92136732404765
JODGIU,TIDNIF,0.9086620778832222
JODGIU,NOMPIQ01,0.8854691851470906
JODGIU,CIKPEU,0.8853753230175347
JODGIU,CIFMAH,0.8841233768316067
JODGIU,AXINIF,0.8838719201857973
JODGIU,LUWZUZ02,0.8822042378832528
JODGIU,BUKLOJ,0.8751643497789328
JODGIU,NIGNUO,0.8719998385303227
JODGIU,ESEQUO,0.8668753794968556
UDUMIP03,UDUMIP02,0.9962672114203296
QOWRAV03,QOWRAV04,0.999999999222512
QOWRAV03,QOWRAV07,0.9999999144796584
QOWRAV03,QOWRAV08,0.9999998517285376
QOWRAV03,QOWRAV12,0.9999998024603842
QOWRAV03,QOWRAV09,0.9999997317020464
QOWRAV03,QOWRAV,0.9999994284391064
QOWRAV03,LIGQEA,0.9997563917300774
QOWRAV03,BAZFUF,0.9971172133214457
QOWRAV03,BAZFUF01,0.997093427276722
QOWRAV03,ANUGOG,0.9568004287301034
QOWRAV03,LAYWOA,0.954341416795019
QOWRAV03,HEHROE,0.9527166773481168
QOWRAV03,HOYQIX,0.944179831724252
QOWRAV03,FISGOF,0.901167492925956
QOWRAV03,ORAWAH,0.8811268817777829
QOWRAV03,ENIHUG,0.8677820216884282
QOWRAV03,MIKVEK,0.8665731242552764
QOWRAV03,LURRIA,0.8607302991541695
YANWOC01,DIDVIW,0.9999999883026918
YANWOC01,DADTOS09,0.9999999031867264
YANWOC01,DADTOS05,0.999999873995326
YANWOC01,DADTOS08,0.9999998731363312
YANWOC01,DADTOS01,0.9999998148599568
YANWOC01,DADTOS11,0.9999997956920216
YANWOC01,DADTOS04,0.9999997612388776
YANWOC01,DADTOS,0.999999635114882
YANWOC01,DADTOS13,0.999996500973716
YANWOC01,DADTOS14,0.9999897142106604
YANWOC01,REZJIR02,0.999965064227058
YANWOC01,YUKTUU,0.99996362434306
YANWOC01,DADTOS16,0.9999458230733336
YANWOC01,REZJIR,0.9999458033786376
YANWOC01,PADJOU01,0.9999321952366976
YANWOC01,PADJOU,0.9999285077150908
YANWOC01,LIJWOR03,0.9999112754452362
YANWOC01,DADTOS17,0.999909767769968
YANWOC01,LIJWOR,0.9998939229598494
YANWOC01,MNFORD03,0.9998686000375936
YANWOC01,IQEWOQ,0.9987339593276512
KENVOR01,KEPFIX,0.9117647030646976
KENVOR01,KENTEF04,0.9999996460312304
KENVOR01,KENTEF03,0.999993945959966
KENVOR01,KEPNAX01,0.8787291743153391
QOWRAV09,QOWRAV12,0.999999994594592
QOWRAV09,QOWRAV05,0.9999997559558432
QOWRAV09,QOWRAV04,0.9999997020387892
QOWRAV09,LIGQEA,0.9997399587173714
QOWRAV09,BAZFUF,0.9971724092872186
QOWRAV09,BAZFUF01,0.9971488502727364
QOWRAV09,KIJRUS,0.9864236735682756
QOWRAV09,NAFSOF,0.978925350676737
QOWRAV09,ANUGOG,0.9568806447668328
QOWRAV09,LAYWOA,0.9544847160612168
QOWRAV09,DEKBON,0.9487836260256436
QOWRAV09,IPUPIU,0.9446311388733076
QOWRAV09,HOYQIX,0.9442432634858428
QOWRAV09,AZAVUU,0.8887025623610667
QOWRAV09,MIKVEK,0.8667034657796986
QOWRAV09,LASYOU,0.8629807501586604
MOXDOT,MOXDOT01,0.9999998420603358
MOXDOT,HURGOR,0.9999568719403068
MOXDOT,DERBIO,0.9999066171540568
MOXDOT,DIBQIQ,0.9562464024938394
MOXDOT,NIGPEA,0.9551780441844824
MOXDOT,AXINIF,0.955011660845579
MOXDOT,MIHJUL,0.9542293733247614
MOXDOT,NIGPAW,0.9462965531753896
MOXDOT,BUKLOJ,0.9447203611849432
MOXDOT,DIBQEM,0.9424256713360044
MOXDOT,ESEQUO,0.9347298230138216
MOXDOT,FISQEG,0.932167929938184
MOXDOT,ERUNUC,0.9225306223246682
MOXDOT,DIDBOJ,0.922114795355742
MOXDOT,DIDBEZ,0.9220852506797816
MOXDOT,NOMPIQ01,0.9028184145246768
MOXDOT,NOMPIQ,0.9027769141725834
MOXDOT,CIKPEU,0.9027541360242995
MOXDOT,WEMKEG,0.8998850119917865
MOXDOT,TAHYUZ,0.8853139874364941
MOXDOT,HALVEY,0.8852795049108385
MOXDOT,CAQJOW,0.8828055513829329
MOXDOT,LUWZUZ01,0.8758910880927906
MOXDOT,XUBKOU,0.875372889597854
MOXDOT,WUHMUJ,0.8649982046037661
MOXDOT,YATDOP,0.8594546478071641
MOXDOT,XALMOO,0.8592436336515583
DUVNIS,DUVNIS01,0.9999982638589344
DUVNIS,JOPGUS,0.9998824802139316
KEPNAX04,KEPNAX01,0.999999977410983
IDIXAU,WORKUL,0.996863802077941
IDIXAU,WORLAS,0.9927609750937214
IDIXAU,PEVQOY,0.8784469914016277
IDIXAU,MIBQAR07,0.8779842652545359
IDIXAU,MIBQAR01,0.8778798814330451
IDIXAU,LAWGOG,0.8778288652411161
DOTSOV34,DOTSOV01,0.9999999996025484
CERPOF,NOFRAC,0.8969035523788904
CERPOF,DITKAT01,0.8920812935279289
CERPOF,UHEBOA,0.8868271531374405
CERPOF,LONHON,0.8748305890355837
CERPOF,XILBAW,0.8742308700522077
CERPOF,YAPQUC,0.870139982625288
ABAYOU,JEDVUM,0.99035292572641
ABAYOU,FEYJOJ,0.9466793457254294
ABAYOU,AGAFAS,0.9317749255479276
ABAYOU,MOXDEJ,0.8953143047915155
ABAYOU,FILYEG,0.8950371673957841
ABAYOU,XADDUD,0.8940107177120155
ABAYOU,XADDOX,0.8928642763444685
ABAYOU,COXFOL,0.8926230666570683
ABAYOU,WIMWEW,0.8913011469897123
ABAYOU,FILYAC,0.8902988364483553
ABAYOU,VASYEW,0.8872792427879502
ABAYOU,FISQEG,0.8859876553675231
ABAYOU,ABIWOX,0.8849940697570644
ABAYOU,BUKLOJ,0.8747655879859909
ABAYOU,VOSSUT,0.8737558359020576
ABAYOU,ESEQUO,0.8718503244247633
SAMVIO,WURKEB,0.9926011330980404
MIBQAR12,VUSKAW,0.9999999737740762
MIBQAR12,NIRZAQ,0.9999999526758202
MIBQAR12,MIBQAR01,0.9999995466412864
MIBQAR12,LAWFOF,0.9999992820071788
MIBQAR12,MIBQAR07,0.9999992688786008
MIBQAR12,LAWGOG,0.9999990550123544
MIBQAR12,PEVQOY,0.9999923502960744
MIBQAR12,VEGMOK04,0.9984996770027044
MIBQAR12,ROZXEL,0.9438412345909064
MIBQAR12,BABRII,0.9076695577597786
MIBQAR12,HUTZAX01,0.9059781807808828
MIBQAR12,JENKET,0.9037796193828928
MIBQAR12,SACHIP,0.8960096611924805
MIBQAR12,GOSDUP,0.8954538289108018
MIBQAR12,EKEKEL,0.8872961597980064
MIBQAR12,DARYIF,0.8842988211975726
MIBQAR12,NAWXER,0.8818705420037346
MIBQAR12,PUGSER,0.8808608488136308
MIBQAR12,WUMDIT,0.876653580795066
MIBQAR12,XAFFER,0.8748695336265357
MIBQAR12,VEHJUP,0.8747183160201761
MIBQAR12,MEWPIQ,0.8726152623528985
MIBQAR12,NENHEU,0.8685842578305516
MIBQAR12,GADROU,0.8681192854096188
MIBQAR12,PEGCIP,0.8657492503799613
MIBQAR12,XEGWIS,0.8627019801506686
MIBQAR12,XEGWAK,0.8626594721476802
MIBQAR12,DUFLOH,0.8608760703598624
PEGCIP,ROZXEL,0.8853355029304508
PEGCIP,VEGMOK04,0.8688463778001385
PEGCIP,MIBQAR07,0.8657439579408652
PEGCIP,MIBQAR01,0.8656696149047184
PEGCIP,LAWFOF,0.8656482783134067
HURGOR,DERBIO,0.9999903232513792
HURGOR,MOXDOT01,0.9999514944376648
HURGOR,CIFMAH,0.9556635164062444
HURGOR,NIGPEA,0.95560027209954
HURGOR,AXINIF,0.955463640932788
HURGOR,NIGPAW,0.9449461810407191
HURGOR,DIBQEM,0.9408523388084292
HURGOR,FISQEG,0.9317435723182032
HURGOR,DIDBOJ,0.9219862043487268
HURGOR,DIDBID,0.9219353593850648
HURGOR,CAXZOS,0.921896740668352
HURGOR,NOMPIQ01,0.9023672417054204
HURGOR,CIKPEU,0.9022896840197524
HURGOR,WEMKEG,0.8997011446370989
HURGOR,CAQKAJ01,0.8852711196888697
HURGOR,TAHYUZ,0.8852486181221424
HURGOR,HALVEY,0.8851365663287659
HURGOR,HAJYAV,0.8821448265260013
HURGOR,CAQJOW,0.8821038078569782
HURGOR,LUWZUZ01,0.8751725025843589
HURGOR,WUHMUJ,0.8650476479549175
HURGOR,VEFMAW,0.8649442184244249
FEYJOJ,AGAFAS,0.9839770159757778
FEYJOJ,XAPSIS,0.9429666584475128
FEYJOJ,JEDVUM,0.9415467272433616
FEYJOJ,FISQEG,0.9328407577201686
FEYJOJ,LIDSIC,0.900890800989496
FEYJOJ,TIDNIF,0.9003237847566309
FEYJOJ,NIGNUO,0.8595480614344126
FEYJOJ,CIFMAH,0.8593149195571521
FEYJOJ,DIBQEM,0.8592801521213368
FEYJOJ,NIGPEA,0.859144084325075
UFUNIS,NIHDEQ,0.9999878915246848
UFUNIS,UGEPEB01,0.9999695095358184
UFUNIS,NIHDIU,0.9999261565398668
UFUNIS,UFUMUD,0.9998325882022676
UFUNIS,QERZUI,0.99977161429612
UFUNIS,HAWZEM,0.9997144830672338
UFUNIS,UFUNAK,0.9991433004175668
UFUNIS,KAKTIA01,0.9985084835244828
UFUNIS,KAKTIA,0.9984812407596584
UFUNIS,VOJPUG01,0.9975224721034686
UFUNIS,POFDOF,0.9965342491244394
UFUNIS,QIWQES,0.9902261877918928
UFUNIS,XICKOL,0.8763730209108286
UFUNIS,NAPSUV,0.8643538004698292
BAZFUF01,AVAKEP02,0.8654979068970007
BAZFUF01,QOWRAV10,0.997156981684812
BAZFUF01,QOWRAV12,0.9971410158698144
BAZFUF01,QOWRAV08,0.9971346790902964
BAZFUF01,QOWRAV06,0.9971101779083562
BAZFUF01,QOWRAV05,0.9970960033882807
BAZFUF01,QOWRAV02,0.9970871772099744
BAZFUF01,KIJRUS,0.9948895610026623
BAZFUF01,LAYXER,0.9683742394310806
BAZFUF01,HEHROE,0.965525869163013
BAZFUF01,DEKBON,0.9628071500989692
BAZFUF01,IPUPIU,0.9479684686773536
BAZFUF01,HOYQIX,0.9479279510194384
BAZFUF01,FISGOF,0.9073257706198168
BAZFUF01,AZAVUU,0.8970317660400787
BAZFUF01,ORAWAH,0.8829065259188171
BAZFUF01,MIKVEK,0.8774109748567508
BAZFUF01,LURRIA,0.8660913528113849
BAZFUF01,EDOSEY,0.8608011437689691
BAZFUF01,NAPSUV,0.8606799011632034
QIWQES,NELCEN,0.999150169673714
QIWQES,POFDOF,0.9983813900715636
QIWQES,IPINAY,0.9975695637551664
QIWQES,KAKTIA,0.9962279352695788
QIWQES,KAKTIA01,0.996099021476982
QIWQES,MURREW,0.9958482518351118
QIWQES,HAWZEM,0.9932184856373668
QIWQES,QERZUI,0.9929462095853928
QIWQES,BAHGUN03,0.9929035876275452
QIWQES,BAHGUN04,0.9927666817703747
QIWQES,BAHGUN02,0.992546243295644
QIWQES,NIHDIU,0.9917661157848058
QIWQES,UFUMUD,0.9916918744034408
QIWQES,ECODIK,0.9911787532877088
QIWQES,UGEPEB01,0.9910656036783368
QIWQES,XICKOL,0.8772516921135519
QIWQES,EDOSEY,0.8712161176634661
WUNVAD,WUNTUV,0.9999997080644966
WUNVAD,OKIWEL,0.9999986074969982
WUNVAD,OKIVAG,0.999998541285656
WUNVAD,OKIVIO02,0.9999913118556916
WUNVAD,WUNSII,0.99998370455139
WUNVAD,WUNSEE01,0.999973722016252
DIJCOP,WEYQAU16,0.8731729727009254
DIJCOP,WEYQAU01,0.8724294650072237
DIJCOP,WEYQAU02,0.8721409492995711
DIJCOP,ABAYIO,0.8720403795745121
MUWRUT,UFOFUT,0.8688043907376949
MUWRUT,UFAMEW,0.8643586651400984
DITTEH,BABRII,0.9476041878365528
DITTEH,UFOFUT,0.932964308284214
DITTEH,ROZXEL,0.932803793197558
DITTEH,PIWLAL,0.9327584838021038
DITTEH,UFAMEW,0.9305699281896612
DITTEH,NIWYID,0.8872061243679119
DITTEH,VEHJUP,0.886574855469478
DITTEH,PEVQOY,0.8856255573096337
DITTEH,MIBQAR07,0.8853881823290091
DITTEH,LAWFOF,0.8853175639582909
DITTEH,GOSDUP,0.8845672031978921
DITTEH,TONQOD,0.8836369666695998
DITTEH,JAYXAL,0.8727381758947685
DITTEH,NUCPIM,0.8719182254418276
DITTEH,XAFFER,0.8658183695248236
DITTEH,XAFFAN,0.8651847449861023
DITTEH,NOXMAQ,0.8643612539763463
MITSUE,FUMJAA,0.9999710718610452
MITSUE,KUJMIN,0.999913726964143
MITSUE,CEHKUW,0.9993236347510884
MITSUE,SITDAD,0.9471863736037966
MITSUE,QUQFOY,0.9322767330543268
MITSUE,LIQFEY,0.9077243471098676
MITSUE,IJEYEC,0.8906037359656476
MITSUE,QEKLID01,0.8867699600423945
MITSUE,VAKLIF,0.8749998618423854
MITSUE,NOLRIR,0.8734121876153991
MITSUE,YIKGEF,0.8722335991967777
MITSUE,GOYLUB,0.8702190813383763
BABRII,PUGSER,0.944821221157757
BABRII,VEGMOK04,0.9080324623816332
BABRII,PEVQOY,0.9077948909909584
BABRII,MIBQAR07,0.9076667722484588
BABRII,MIBQAR01,0.9076369081222222
BABRII,XAFFER,0.8847586969327368
BABRII,XAFFAN,0.8835036730823118
BABRII,QUQFEO,0.8822875072277694
BABRII,NOXMAQ,0.882207138227174
BABRII,QUQFIS,0.880746595833229
BABRII,NIKHAS,0.8678844189171596
BABRII,YICQOS,0.867839365357642
BABRII,UFOFUT,0.864442127499875
BABRII,UFAMEW,0.8642584817078467
BABRII,BEWCUD,0.8620619319921321
KAKTIA01,POFDEV,0.9999579971668692
KAKTIA01,MURREW,0.9999333941910472
KAKTIA01,VOJPUG01,0.9998254518949176
KAKTIA01,IPINAY,0.9996902034005278
KAKTIA01,HAWZEM,0.9994186378910108
KAKTIA01,BAHGUN02,0.9993726397478816
KAKTIA01,QERZUI,0.9993691157810106
KAKTIA01,BAHGUN03,0.999360211926296
KAKTIA01,BAHGUN04,0.9993156590613442
KAKTIA01,NIHDIU,0.9990010067333605
KAKTIA01,ECODIK,0.9988072232025303
KAKTIA01,POFFEX,0.9985053574350288
KAKTIA01,UGEPEB,0.9984190959669476
KAKTIA01,NIHDEQ,0.9983520011171476
KAKTIA01,XICKOL,0.878877746741964
KAKTIA01,NAPSUV,0.8690556393039524
KAKTIA01,EDOSEY,0.8684424286247586
HIQNUS,HIQNOM,0.9985699228311764
HIQNUS,GUDCIT,0.9536780723048028
JUYJIY,FEPGEP,0.929074769340505
JUYJIY,FIVRUA,0.9314125996748582
JUYJIY,GOQTIR,0.9222231330778554
JUYJIY,JUXZIN,0.922205947141859
JUYJIY,MUXVIM,0.9207223980729105
JUYJIY,XOGWUN,0.898096389131096
JUYJIY,VAYFAE,0.8967949956544561
JUYJIY,EKUNON01,0.8816535188799416
JUYJIY,ULOGIL,0.8809020301000925
XAMDUM06,XAMDUM,0.9999998033608576
XAMDUM06,UXISUR,0.999999796355534
XAMDUM06,DIHVIB01,0.9999997743097516
XAMDUM06,YOZMIL,0.999999574228186
XAMDUM06,XAMDUM07,0.9999995336617736
XAMDUM06,RILFEA,0.9999994605621868
XAMDUM06,YOZMOR,0.9999969764243594
XAMDUM06,DIHVIB,0.9999953494945064
XAMDUM06,DOTSOV42,0.9999457379823024
XAMDUM06,DOTSOV10,0.9999400629140538
XAMDUM06,DOTSOV14,0.999939994711514
XAMDUM06,EBAMUS,0.9998238665216737
XAMDUM06,QAWHIH01,0.9992811821333348
XAMDUM06,QIZLIW,0.9984518713603664
XAMDUM06,OQIZUL,0.9984505337358304
XAMDUM06,NEHZUY,0.9962551017772104
XAMDUM06,QIZLOC,0.9939358178500644
XAMDUM06,OHOMIH,0.993762434208996
XAMDUM06,LASYOU,0.9465627230319018
XAMDUM06,DALSOA,0.9329860593745758
XAMDUM06,ORAWAH,0.9321937289590314
XAMDUM06,BABREE,0.9320819666436124
XAMDUM06,ONIXOZ,0.9246942739837876
XAMDUM06,EXOYAS,0.9196877724919738
XAMDUM06,YUGLES,0.9079932851214488
XAMDUM06,NUTQAV,0.9078074763811944
XAMDUM06,NUTQEZ,0.9077054048934258
XAMDUM06,OFOCUI,0.9076816378574504
XAMDUM06,HANWAW,0.9063152595245674
XAMDUM06,HUCBOX02,0.8972962301057885
XAMDUM06,MOFGOE,0.8958448537027853
XAMDUM06,IPUPIU,0.8871137788654158
XAMDUM06,ADONEP,0.8844477340562754
XAMDUM06,EXAXAE,0.8820310041010988
XAMDUM06,EXAXAE03,0.88170250986535
XAMDUM06,ANUGOG,0.8779259692260285
XAMDUM06,CEKHUY,0.8739320727644198
XAMDUM06,HIDTUM,0.8731735755970098
LORGAA04,LORGAA05,0.9999998438334486
EBEWOZ,EBEWOZ01,0.9999999450296514
EBEWOZ,EBEXAM,0.9999911885529996
EBEWOZ,YENZAV,0.8976886359147735
EBEWOZ,COKJIX,0.8936104366052087
EBEWOZ,MIRGIG,0.8872654753207101
EBEWOZ,KEZLIN,0.8860866400793856
EBEWOZ,AFUDUD,0.8841696003606141
EBEWOZ,ADEGIA,0.867281488900259
EBEWOZ,ADEGIA01,0.8646277845260374
UGECEO,UGECEO03,0.999996430031085
UGECEO,UGECEO01,0.9999572981527252
UGECEO,IGAHED03,0.9999548828786008
UGECEO,OCACUR,0.9999351012455756
UGECEO,IGAHED,0.999651779795254
UGECEO,SACMOA,0.999321989997212
UGECEO,XEVSIB01,0.864085043031728
UGECEO,XEVSIB,0.8640660186880373
UGECEO,XUZRIU,0.8640564625196361
UGECEO,HABZEQ,0.8629665000032697
SETQOZ,EFEGOM,0.9999988907466628
SETQOZ,SADMUH,0.9999976390560424
SETQOZ,POJTUE,0.9999963937114312
SETQOZ,SETRAM,0.9999899238270968
SETQOZ,SETQAL,0.9999573195375446
SETQOZ,YAXBOP,0.9999565332120348
SETQOZ,POJTOY01,0.9999492360987108
SETQOZ,VAGVAC,0.9999265941984264
SETQOZ,POJTOY,0.9999120224612844
SETQOZ,KUXSIH,0.974237164803417
SETQOZ,TOVJAR,0.9068872590751138
SETQOZ,REZXOK,0.8844096046899627
SETQOZ,UFIKIG,0.8691964865550368
SETQOZ,LARPEB,0.862419699519815
LUSHOX02,MAHTAR,0.9999727833468744
LUSHOX02,VUQJUN01,0.9457871210407592
LUSHOX02,ENISUQ,0.9070525654876792
LUSHOX02,IQOKIK,0.9054240461758216
LUSHOX02,DAWCOV,0.9052941920717896
LUSHOX02,FEJFAE,0.8850115096421538
LUSHOX02,DADLEC,0.8756933842305784
LUSHOX02,PUNYIH,0.8748827024057769
LUSHOX02,ABAYIO,0.8743335381123335
LUSHOX02,WEYQAU16,0.8721466786910208
LUSHOX02,WEYQAU09,0.8700231252684977
LUSHOX02,XIHXET,0.868428593082666
LUSHOX02,ROYMEZ,0.8644610833258042
LUSHOX02,MUMBIH,0.8610886551065291
OFODET,PUNYIH,0.9079514776854078
OFODET,WEYQAU16,0.9058545832168888
OFODET,WEYQAU01,0.9047777207184284
OFODET,WEYQAU02,0.9043796003312112
OFODET,WEYQAU09,0.9038829646830732
HIDTUM,ONIXOZ,0.9359460528732328
HIDTUM,ORAWAH,0.9269022529597364
HIDTUM,LASYOU,0.9136821818629326
HIDTUM,CEKHUY,0.8809182285049992
HIDTUM,KAJZIH,0.8779580669780253
HIDTUM,GAVDUD,0.87789032589973
HIDTUM,OHOMIH,0.8778671578616966
HIDTUM,ANUGOG,0.8769785528171823
HIDTUM,DOTSOV07,0.8745722602925557
HIDTUM,DOTSOV14,0.8741817423811934
HIDTUM,DOTSOV10,0.8741813079706995
HIDTUM,EBAMUS,0.8737282034838066
HIDTUM,XAMDUM05,0.8735401879823272
HIDTUM,RILFEA,0.873274231956026
HIDTUM,XAMDUM,0.8732344744793998
HIDTUM,YOZMIL,0.8730998028202639
HIDTUM,XAMDUM07,0.8730790387142892
HIDTUM,YOZMOR,0.8729444547149715
HIDTUM,QAWHIH01,0.8687775330957531
HIDTUM,QAWHIH,0.8686497124100532
HIDTUM,OQIZUL,0.8662392428757352
HIDTUM,LAYWOA,0.8659616492271561
HIDTUM,HEHROE,0.8659177677803676
HIDTUM,HANWAW,0.8593396846914257
HIDTUM,IPUPIU,0.8591193819201373
DOTSOV03,DOTSOV21,0.9999999997285054
DOTSOV03,DOTSOV43,0.9999999937452642
VOJPUG01,IPINAY,0.9999466471776094
VOJPUG01,POFDEV,0.9999358298286294
VOJPUG01,NELCEN,0.9995396663684488
VOJPUG01,UFUNAK,0.9995308421147306
VOJPUG01,HAWZEM,0.998864888753324
VOJPUG01,NIHDIU,0.9982398318210326
VOJPUG01,ECODIK,0.9979664848192358
VOJPUG01,UGEPEB01,0.9979614903588824
VOJPUG01,NIHDEQ,0.9973736524300048
VOJPUG01,UGEPEB,0.9973039383472808
VOJPUG01,XICKOL,0.8792277567591272
VOJPUG01,EDOSEY,0.869654291221642
RUXWEM03,POSGEL,0.8476575444369737
RUXWEM03,FALGIK,0.998332904430108
RUXWEM03,DAPYAW,0.9557633067592942
RUXWEM03,QEKLID,0.9323470701139014
RUXWEM03,NOLRIR,0.928300628449052
RUXWEM03,DELGIN,0.9277249977635044
RUXWEM03,AWEJIW,0.9270577549454272
RUXWEM03,IGUVIR,0.9225233276419172
RUXWEM03,FESYEK,0.8932231825314092
RUXWEM03,XOGWUN,0.8851307019497526
RUXWEM03,GOQTIR,0.8849037698909055
RUXWEM03,VAYFAE,0.8844881260898019
RUXWEM03,FELXOM,0.8842091672997265
RUXWEM03,JUXZIN,0.8839370653394623
RUXWEM03,MINBEQ,0.8749623231248863
RUXWEM03,NOZZOT,0.8651344163618206
RUXWEM03,POKZOG,0.8650968408332258
RUXWEM03,AJAKON,0.8650715970782196
RUXWEM03,YUYLIP,0.8650562140494703
RUXWEM03,ODIXIK,0.8648244197811423
RUXWEM03,YUYGOQ,0.8647929873319016
RUXWEM03,RUGYOJ,0.8647198811859615
RUXWEM03,ESADUZ01,0.863838503631521
RUXWEM03,WUHMOD,0.8634410595544365
BUKMUQ01,LUPCOQ,0.9121304941096342
BUKMUQ01,NANYUX01,0.8850637510550906
BUKMUQ01,NIWYID,0.8840031143694893
BUKMUQ01,VEHJUP,0.8825734289440486
HERHEU,GAYXEM,0.9998670429726324
HERHEU,GERBEN,0.9998569339616366
HERHEU,HERHAQ,0.9996076438993609
HERHEU,ERANAO,0.954647697376208
HERHEU,WIZMAV08,0.9545275538011944
HERHEU,WIZMAV04,0.9545272641865588
HERHEU,WIZMAV11,0.9545236703695325
HERHEU,WIZMAV09,0.9545197377643228
HERHEU,WIZMAV07,0.9545170880553228
HERHEU,WIZMAV12,0.9544886945007872
HERHEU,BUNLAZ,0.915046341182408
HERHEU,BUNKUS,0.9147337573802692
HERHEU,IZIBUQ,0.9050282903636008
HERHEU,UFOSEQ,0.9046254810304863
HERHEU,OFOJAX,0.8983982037287364
HERHEU,DITJOH,0.8832614491460749
HERHEU,UNEJEE,0.8600139940074326
DOTSOV02,DOTSOV07,0.9997942069473486
DOTSOV02,DOTSOV14,0.9990790683712034
DOTSOV02,DOTSOV10,0.9990731354088211
DOTSOV02,RILFEA,0.9988838002809872
DOTSOV02,DIHVIB01,0.9988807065417058
DOTSOV02,UXISUR,0.9988741300363284
DOTSOV02,LUDLED,0.9988626190392312
DOTSOV02,YOZMIL,0.998860769668559
DOTSOV02,DIHVIB,0.998777801832917
DOTSOV02,QIZLIW,0.9987119659941864
DOTSOV02,GAVDUD,0.9973614809669312
DOTSOV02,NEHZOS,0.9973440379236288
DOTSOV02,QAWHIH01,0.9971915702631146
DOTSOV02,QAWHIH,0.9971317408829103
DOTSOV02,KAJZIH,0.9962521765569798
DOTSOV02,OQIZUL,0.9959309870187412
DOTSOV02,QIZLOC,0.9957776204228216
DOTSOV02,DALSOA,0.9320402008222598
DOTSOV02,BABREE,0.9320182692779224
DOTSOV02,ORAWAH,0.9300483502534924
DOTSOV02,ONIXOZ,0.9267824178278996
DOTSOV02,EXOYAS,0.9192065283347448
DOTSOV02,RAWYAS,0.9189587239141416
DOTSOV02,HANWAW,0.90707481190046
DOTSOV02,OFOCUI,0.9069180248721704
DOTSOV02,NUTQAV,0.905926948444946
DOTSOV02,NUTQEZ,0.905744622891756
DOTSOV02,MOFGOE,0.8958549907173577
DOTSOV02,ADONEP,0.8849351515326708
DOTSOV02,USEVOF,0.8836967670821358
DOTSOV02,EXAXAE,0.8828505461993907
DOTSOV02,ANUGOG,0.8770037221416223
DOTSOV02,OKABAE,0.8675305705350175
DOTSOV02,OGEBAF01,0.8591807061121755
OFOCUI,QAWHIH01,0.9078618045615638
OFOCUI,QAWHIH,0.9078479783667756
OFOCUI,YOZMOR,0.9077530506378876
OFOCUI,EBAMUS,0.9077393935887048
OFOCUI,YOZMIL,0.9077118042471768
OFOCUI,XAMDUM07,0.9077041754327716
OFOCUI,XAMDUM04,0.9076812335828092
OFOCUI,DIHVIB01,0.907669516849739
OFOCUI,RILFEA,0.9076564374454285
OFOCUI,OQIZUL,0.9074582189353532
OFOCUI,DOTSOV14,0.9073655459070196
OFOCUI,DOTSOV13,0.9073638106798044
OFOCUI,DOTSOV10,0.9073622893630214
OFOCUI,DOTSOV07,0.9073582518751754
OFOCUI,QIZLIW,0.9048210746529072
OFOCUI,NEHZOS,0.9020058194261744
OFOCUI,KAJZIH,0.9001475201649194
OFOCUI,QIZLOC,0.8991657516856321
OFOCUI,OHOMIH,0.8988601634622446
NEHZOS,GAVDUD,0.9999996594757532
NEHZOS,NEHZUY,0.9999994909150594
NEHZOS,KAJZIH,0.9998724816177084
NEHZOS,QIZLOC,0.9996826557643572
NEHZOS,QIZLIW,0.999550992546117
NEHZOS,DOTSOV07,0.9975110388143535
NEHZOS,DOTSOV13,0.997212299352782
NEHZOS,DOTSOV42,0.9971758891002892
NEHZOS,EBAMUS,0.9968018833671116
NEHZOS,XAMDUM05,0.9966613431257884
NEHZOS,XAMDUM04,0.9965845800903402
NEHZOS,RILFEA,0.9964295685146168
NEHZOS,DIHVIB01,0.996397102359284
NEHZOS,UXISUR,0.9963957670106072
NEHZOS,LUDLED,0.996356139296205
NEHZOS,YOZMIL,0.996276906234156
NEHZOS,XAMDUM07,0.9962588122765004
NEHZOS,QAWHIH01,0.9924042159217932
NEHZOS,LASYOU,0.9398810513520705
NEHZOS,MIKVEK,0.9329876732073308
NEHZOS,BABREE,0.9321107517512736
NEHZOS,ONIXOZ,0.9320584173655148
NEHZOS,DALSOA,0.9299494679213536
NEHZOS,RAWYAS,0.9194248860969616
NEHZOS,EXOYAS,0.9184316881862185
NEHZOS,HANWAW,0.9079202094561958
NEHZOS,NUTQEZ,0.9012481982754136
NEHZOS,HUCBOX02,0.8945758902284362
NEHZOS,EXAXAE,0.8850487988764765
NEHZOS,ADONEP,0.8830294471512959
NEHZOS,HOYQIX,0.8822914480032887
NEHZOS,WANJIF,0.8821827482068376
NEHZOS,IPUPIU,0.8818209991178355
NEHZOS,USEVOF,0.8806888630936115
NEHZOS,CEKHUY,0.8779540287417656
NEHZOS,ANUGOG,0.8750159650759175
NEHZOS,OKABAE,0.8691188393620016
NEHZOS,OGEBAF01,0.8610795511365348
NEHZOS,OGEBAF,0.8610156740869582
LAWGOG,LAWFOF,0.9999999841635812
LAWGOG,MIBQAR01,0.9999999053931596
LAWGOG,MIBQAR07,0.999998432140556
LAWGOG,PEVQOY,0.9999860316363548
LAWGOG,VEGMOK04,0.9984235495068208
LAWGOG,PIWLAL,0.9435501315867376
LAWGOG,ODODIW,0.9065827223643708
LAWGOG,JEDDII,0.8971897940443769
LAWGOG,SACHIP,0.8960800448820019
LAWGOG,GOSDUP,0.8953726502946365
LAWGOG,ACODIH,0.8947300800713057
LAWGOG,TONQOD,0.8913139404971989
LAWGOG,EKEKEL,0.8872925526883663
LAWGOG,UKOLOV,0.8851656322949882
LAWGOG,DARYIF,0.8842470670810565
LAWGOG,NAWXER,0.8817280422794069
LAWGOG,XAFFER,0.8747607867058358
LAWGOG,VEHJUP,0.8746847534886533
LAWGOG,NIWYID,0.8737720029155693
LAWGOG,MEWPIQ,0.8724729198195484
LAWGOG,NENHEU,0.8684381397623022
LAWGOG,XEGXIT,0.8625137741815879
LAWGOG,XEGWAK,0.8625014981630905
LAWGOG,YICQOS,0.8611466761097077
LAWGOG,DUFLOH,0.8608943950724104
QERZUI,BAHGUN04,0.9999988230808278
QERZUI,HAWZEM,0.9999963044701574
QERZUI,ECODIK,0.9998995501943102
QERZUI,UGEPEB01,0.9998632686236042
QERZUI,UFUMUD,0.99982027010975
QERZUI,UFUNAK,0.9997991295530012
QERZUI,NIHDEQ,0.999738495527204
QERZUI,POFDEV,0.9992525166547228
QERZUI,IPINAY,0.998782073566342
QERZUI,NELCEN,0.996974358029619
QERZUI,POFFEX,0.996463676675954
QERZUI,XICKOL,0.877770306961883
QERZUI,NAPSUV,0.8666221832884475
QERZUI,EDOSEY,0.8657299119336963
IMUVES,CUFDUD,0.9996990293355608
IMUVAO,IMUTUG,0.9999748506903882
IQOKIK,ENISUQ,0.9996535320395692
IQOKIK,OCAKUB,0.8629088700537694
IQOKIK,VUQKAU01,0.8618024481024658
HIZQEN01,GOYLUB,0.9999864855646498
LUWZUZ01,LUWZUZ02,0.999997397797251
LUWZUZ01,NOMPIQ01,0.8868681310352761
LUWZUZ01,CIKPEU,0.8868541091919797
LUWZUZ01,NOMPIQ,0.8868399261150304
LUWZUZ01,CEJFOO,0.8850762798970049
LUWZUZ01,DIDBOJ,0.8829161221076238
LUWZUZ01,DIDBID,0.8825845975230183
LUWZUZ01,ERUNUC,0.8805350140014506
XALMOO,DIQHAO01,0.9978025084266048
XALMOO,CAXZOS,0.925189996921583
XALMOO,DIDBOJ,0.924911809870255
XALMOO,DIDBEZ,0.9247096074485152
XALMOO,DIDBID,0.9246373207315596
XALMOO,LIDSIC,0.8862713783715426
XALMOO,BAKJII,0.8850688446625647
XALMOO,TIDNIF,0.8847775227059478
XALMOO,CIFMAH,0.8692131307492116
XALMOO,AXINIF,0.8688422603617485
XALMOO,MIHJUL,0.8677155807853643
XALMOO,NIGPAW,0.8653047175467756
XALMOO,DIBQEM,0.8620796610751047
XALMOO,BOWDIC,0.8601881109943922
XALMOO,VEDFUH,0.8601324028022166
XALMOO,BOWDOI,0.860119305160014
XALMOO,VEDFAN,0.8601064933239033
XALMOO,TATSIS,0.8600921329822628
XALMOO,TATSIS01,0.8600787010772641
XALMOO,VEDFOB,0.8600561323112746
XALMOO,VEDFIV,0.8600056551787278
XALMOO,ERUNIQ,0.8599900344847051
XALMOO,LASMAV,0.8597907640675202
XALMOO,CEYPUT01,0.8597351316827673
XALMOO,MOXDOT01,0.8592584219523991
DADTOS05,DADTOS09,0.9999999980709606
DADTOS05,DADTOS11,0.9999999905695238
DADTOS05,DADTOS04,0.9999999820954668
DADTOS05,DADTOS12,0.999999962920017
DADTOS05,DIDVIW,0.9999999387068488
DADTOS05,DADTOS14,0.99999186279008
DADTOS05,YUKTUU,0.999967777414745
DADTOS05,DADTOS16,0.9999509163340814
DADTOS05,REZJIR,0.9999509025392996
DADTOS05,PADJOU01,0.9999379106427612
DADTOS05,PADJOU,0.9999335204574746
DADTOS05,LIJWOR03,0.9999178361047308
DADTOS05,LIJWOR02,0.9999057809211788
DADTOS05,LIJWOR,0.9999010807179414
DADTOS05,MNFORD03,0.9998766086133548
MIBQAR06,MIBQAR07,0.9999998950521644
NENHEU,VEGMOK04,0.8728955241653802
RAWYAS,EXOYAS,0.9997749864518656
RAWYAS,IWEVAJ,0.9978222354213192
RAWYAS,CEKHUY,0.9225803881673228
RAWYAS,QIZLIW,0.920063859436216
RAWYAS,GAVDUD,0.9194158395119152
RAWYAS,NEHZUY,0.9193877736145812
RAWYAS,DOTSOV07,0.919371843963844
RAWYAS,DOTSOV14,0.9193480974064244
RAWYAS,DOTSOV10,0.9193479343287312
RAWYAS,DOTSOV13,0.9193462524917162
RAWYAS,EBAMUS,0.9190581834082584
RAWYAS,XAMDUM04,0.9190043106202752
RAWYAS,DIHVIB01,0.918900400435632
RAWYAS,UXISUR,0.9188996491503212
RAWYAS,XAMDUM,0.918899110739332
RAWYAS,LUDLED,0.9188768308479784
RAWYAS,YOZMIL,0.9188308327842458
RAWYAS,YOZMOR,0.9187509593475074
RAWYAS,KAJZIH,0.9187183424090282
RAWYAS,QIZLOC,0.9182168688767568
RAWYAS,QAWHIH,0.916204412775846
RAWYAS,OQIZUL,0.9145892418058054
RAWYAS,LASYOU,0.8721183608808396
RAWYAS,BABREE,0.8637844089161897
RAWYAS,DALSOA,0.862920397106308
RAWYAS,ONIXOZ,0.8606088960817918
ERANAO,WIZMAV06,0.9926642624851943
ERANAO,WIZMAV08,0.9926506604461476
ERANAO,WIZMAV04,0.9926500921325108
ERANAO,WIZMAV11,0.9926430748730418
ERANAO,WIZMAV07,0.9926302308826244
ERANAO,EMIYUW,0.9542711014394762
ERANAO,UFOSEQ,0.9367799967027126
ERANAO,SURLEY,0.9367755742364656
ERANAO,DITJOH,0.9141154396283084
ERANAO,UNEJEE,0.8921829174941905
ERANAO,ESEBOV,0.8917989541828317
ERANAO,WUPTUY01,0.8631270117455419
HAWZEM,UFUMUD02,0.9999988281479149
HAWZEM,BAHGUN04,0.9999919452672944
HAWZEM,ECODIK,0.9998635906887494
HAWZEM,UFUNAK,0.9998443946597632
HAWZEM,UGEPEB01,0.999814751039892
HAWZEM,UFUMUD,0.999772166504334
HAWZEM,NIHDEQ,0.999684048576326
HAWZEM,POFDOF,0.9982129087437764
HAWZEM,NELCEN,0.9971543769560128
HAWZEM,XICKOL,0.8778974910158737
HAWZEM,NAPSUV,0.8668459031771569
CEKHUY,MIKVEK,0.9363851454914696
CEKHUY,ONIXOZ,0.9356573020867018
CEKHUY,ORAWAH,0.927981438128296
CEKHUY,IWEVAJ,0.918876459378809
CEKHUY,LASYOU,0.9147315741104992
CEKHUY,NEHZUY,0.8779578613879192
CEKHUY,GAVDUD,0.8779559984160298
CEKHUY,QIZLOC,0.8777506310200861
CEKHUY,DOTSOV14,0.8748527977643498
CEKHUY,DOTSOV10,0.874852190171668
CEKHUY,XAMDUM05,0.8742682795002749
CEKHUY,RILFEA,0.8740244299738925
CEKHUY,DIHVIB01,0.8739905967512613
CEKHUY,UXISUR,0.8739889450417557
CEKHUY,LUDLED,0.8739473528039203
CEKHUY,YOZMIL,0.873865105135501
CEKHUY,YOZMOR,0.8737226896910427
CEKHUY,DIHVIB,0.873654777959974
CEKHUY,OQIZUL,0.8674372253607829
CEKHUY,LAYXER,0.8659428987560428
CEKHUY,LAYWOA,0.8659166472423732
CEKHUY,HEHROE,0.8658064528236835
CEKHUY,DEKBON,0.8652808660355175
CEKHUY,HOYQIX,0.8605205341582383
CEKHUY,IPUPIU,0.860030875907038
CEKHUY,HANWAW,0.8596144993348298
EDOSEY,XICKOL,0.9881922992698872
EDOSEY,HOYQIX,0.9107902398612686
EDOSEY,IPUPIU,0.9107880259383466
EDOSEY,ANUGOG,0.9005743999663041
EDOSEY,LASYOU,0.8950834682933126
EDOSEY,LAYXER,0.8829652300867837
EDOSEY,ORAWAH,0.8824434376350412
EDOSEY,LAYWOA,0.8812960982588793
EDOSEY,HEHROE,0.8803302313555575
EDOSEY,MIKVEK,0.8780579695264621
EDOSEY,DEKBON,0.8777832139372164
EDOSEY,ONIXOZ,0.8721834884491384
EDOSEY,POFFEX,0.8710720552745919
EDOSEY,NELCEN,0.8709152960455325
EDOSEY,POFDOF,0.8703511985719555
EDOSEY,IPINAY,0.8697125407707325
EDOSEY,POFDEV,0.8689460224599233
EDOSEY,KAKTIA,0.8685615208904411
EDOSEY,BAHGUN03,0.8656916944682247
EDOSEY,BAHGUN04,0.8655703350497093
EDOSEY,BAHGUN02,0.8653536366829737
EDOSEY,UFUMUD,0.8645678987079615
EDOSEY,ECODIK,0.8641459871841293
EDOSEY,UGEPEB01,0.8640291643440312
EDOSEY,NIHDEQ,0.8630842524197487
EDOSEY,UGEPEB,0.8627935046040963
EDOSEY,ENIHUG,0.8600465445098593
WOJYOL,WOJZIG,0.9995490376809864
WOJYOL,HISSIN,0.999408530112384
WOJYOL,DUGDOA01,0.9426003961694304
WOJYOL,VITYUU,0.933010751685276
WOJYOL,IBEYAQ,0.9265161908812604
WOJYOL,EWASIG,0.9224344556010168
WOJYOL,EHAZAO,0.8872180275790206
WOJYOL,EHAZES,0.8847790496411745
WOJYOL,EXUTAU,0.882187351890044
WOJYOL,DIXGIC,0.8654083178926267
WOJZIG,VITYUU,0.932619010030358
WOJZIG,IBEYAQ,0.9226777024808857
WOJZIG,EWASIG,0.917682948222294
WOJZIG,EHAZAO,0.8863871808450431
WOJZIG,YIXFOC03,0.8842725228815056
WOJZIG,EHAZES,0.8822082138456101
IYOQIY,NAHHAI,0.9998191333973148
IYOQIY,LARBOW01,0.9009907526561116
IYOQIY,CISMEY,0.897815304014419
HIBSUG02,GURXUN01,0.8837839296210828
HIBSUG02,PAQXUC,0.8774992310074508
HIBSUG02,PAQYAJ01,0.8774636617661701
OJOQAF01,YUZJOU,0.9999310780688552
OJOQAF01,OJOQAF,0.9999884911158888
OJOQAF01,XIQZIH,0.997368181007847
OJOQAF01,PEKZIP,0.9946817166788424
OJOQAF01,HAJPEQ,0.8617480866790381
JAXNUU,DEGJIK,0.9999998419963694
JAXNUU,QOMSES,0.999687032096496
JAXNUU,QONLIQ,0.99963043884043
JAXNUU,QONLAI,0.9995066885906312
JAXNUU,QONKUB,0.9995041042648688
JAXNUU,FUSWIA,0.9988642716327044
JAXNUU,FUQJUX,0.9986480740747494
JAXNUU,PEBNER,0.9979163754996392
JAXNUU,JAVNIE,0.9971877533398902
JAXNUU,BUZKUE,0.9970920612433508
JAXNUU,VUQJEX01,0.9950876469019524
JAXNUU,VUQJEX,0.9950209329645796
PESSOX,PESSOX02,0.9999570147810746
IGAHED02,SACMOA,0.9999323333826275
IGAHED02,OCACUR,0.9998840650244653
IGAHED02,UGECEO01,0.9998248003312288
IGAHED02,IGAHED03,0.999398286569586
IGAHED02,KUHNEI,0.9951121181790356
IGAHED02,XUZRIU,0.8642298568348459
IGAHED02,XEVSIB01,0.8633159476504189
IGAHED02,XEVSIB,0.8632703501250754
HAZNON,HAZPIJ,0.9998351948820569
HAZNON,HAZNED,0.999763443504602
HAZNON,HAZPAB,0.9991270045147777
HAZNON,KULMIP,0.8631546941004694
FAHQEM,GALJAG,0.996390129224251
FAHQEM,CIFSIW,0.956428273533388
FAHQEM,CIFSES,0.9563051490575896
FAHQEM,FOSTIS,0.9562893458299956
FAHQEM,MAYJOM,0.944320505815487
FAHQEM,VACFOV,0.9440399414220148
FAHQEM,VIFPUY03,0.9435808756352432
CEHKUW,QISNIR,0.9999898372079098
CEHKUW,SIZGEO,0.9997446701766368
CEHKUW,NABLIM,0.9997169439461148
CEHKUW,PARKUQ,0.9996343060462868
CEHKUW,FUMJAA,0.9990157974527122
CEHKUW,KUJMIN,0.9987551431960466
CEHKUW,SITDAD,0.9467809297868216
CEHKUW,DUWBEE,0.945154542263595
CEHKUW,QUQFOY,0.9330113411967772
CEHKUW,LIQFEY,0.9082385541972636
CEHKUW,QEKLID,0.8872937014939606
CEHKUW,QEKLID01,0.8872891972336497
CEHKUW,NOLRIR,0.8788126213339185
CEHKUW,VAKLIF,0.874305838968635
CEHKUW,KETHEY,0.8599334149034614
CEHKUW,CIKCOQ,0.8599035028461025
SURKUN01,RUBTAK07,0.999999998888057
DOTSOV42,DOTSOV13,0.9999998812146434
DOTSOV42,DOTSOV10,0.9999998588852436
DOTSOV42,DOTSOV14,0.9999998458851544
DOTSOV42,XAMDUM05,0.9999783376761486
DOTSOV42,XAMDUM04,0.999966678142501
DOTSOV42,RILFEA,0.9999560185861228
DOTSOV42,UXISUR,0.9999521823702456
DOTSOV42,XAMDUM,0.999952074033396
DOTSOV42,YOZMIL,0.9999374741520336
DOTSOV42,DOTSOV07,0.9997365190960612
DOTSOV42,QIZLIW,0.9989766865902984
DOTSOV42,QAWHIH01,0.9988323905304598
DOTSOV42,QAWHIH,0.9987861594228208
DOTSOV42,GAVDUD,0.9971577087985553
DOTSOV42,NEHZUY,0.9970997853728072
DOTSOV42,LASYOU,0.94613807887335
DOTSOV42,BABREE,0.9324769200568144
DOTSOV42,ORAWAH,0.9317184044558132
DOTSOV42,MIKVEK,0.9305638000798904
DOTSOV42,ONIXOZ,0.9259742036093735
DOTSOV42,NUTQAV,0.9074441459737724
DOTSOV42,NUTQEZ,0.9073082003174472
DOTSOV42,HANWAW,0.9069015435461212
DOTSOV42,HUCBOX02,0.8973565984945899
DOTSOV42,HOYQIX,0.8869856237334521
DOTSOV42,IPUPIU,0.8868594641784734
DOTSOV42,EXAXAE,0.8827879787143765
DOTSOV42,EXAXAE03,0.8825018632927026
DOTSOV42,ANUGOG,0.8779631244168932
DOTSOV42,XICKOL,0.8608748781600514
DOTSOV42,OGEBAF,0.859351285641239
DOTSOV42,OGEBAF01,0.8591922982766844
GALJAG,CIFSIW,0.95250188421456
GALJAG,CIFSAO,0.9515247119232326
GALJAG,CIFSES,0.9513506683911648
GALJAG,FOSTIS,0.9512365436812972
GALJAG,UNIDAY,0.9510582964037524
GALJAG,FOSTOY,0.9508083481513634
GALJAG,VIFPUY05,0.9472135842614964
GALJAG,VIFPUY03,0.947213557752942
GALJAG,LOQLEJ,0.9472134801271342
GALJAG,VIFPUY04,0.9472133919271308
GALJAG,VACFOV01,0.94721072039352
GALJAG,VACFOV,0.9471994538791936
GALJAG,MAYJOM,0.947173705113644
EBAMUS,DOTSOV07,0.9999308847937758
EBAMUS,XAMDUM04,0.9998938870718334
EBAMUS,DOTSOV14,0.9998483421819596
EBAMUS,XAMDUM05,0.9998482776475874
EBAMUS,DOTSOV10,0.9998458843052284
EBAMUS,DIHVIB01,0.9998311478848888
EBAMUS,UXISUR,0.999828425344713
EBAMUS,XAMDUM,0.99982835776886
EBAMUS,LUDLED,0.9998251236851784
EBAMUS,YOZMOR,0.9998174719047156
EBAMUS,XAMDUM07,0.9998162526609904
EBAMUS,QAWHIH01,0.9988214363834554
EBAMUS,OQIZUL,0.9978631378083292
EBAMUS,NEHZUY,0.9967232477462992
EBAMUS,QIZLOC,0.994673127364796
EBAMUS,LASYOU,0.9462224318001188
EBAMUS,DALSOA,0.9328699528170352
EBAMUS,BABREE,0.9322261097388518
EBAMUS,ORAWAH,0.9317182333709214
EBAMUS,MIKVEK,0.9302851959966016
EBAMUS,EXOYAS,0.919702701244635
EBAMUS,IWEVAJ,0.919467600070609
EBAMUS,YUGLES,0.9076493817647542
EBAMUS,YAGHUM,0.907523743766652
EBAMUS,NUTQEZ,0.9072849047683051
EBAMUS,HANWAW,0.906749398709745
EBAMUS,HUCBOX02,0.8972442010976611
EBAMUS,IPUPIU,0.8867958427316599
EBAMUS,WANJIF,0.8850690719876015
EBAMUS,ADONEP,0.8848786992304853
EBAMUS,EXAXAE,0.8824378245083733
EBAMUS,EXAXAE03,0.8821416825983599
EBAMUS,OKABAE,0.867297186077703
EBAMUS,XICKOL,0.8606520320458351
EBAMUS,OGEBAF,0.8591375376108293
YAMXOC,CUFFOZ,0.9999999841625792
YAMXOC,TIKXAN,0.999999701178699
YAMXOC,CUFFIT,0.9999992100645352
YAMXOC,PEYVEV,0.98852691062437
YAMXOC,XINTOG,0.9240565955094654
YAMXOC,MAYJOM,0.8749071921706407
YAMXOC,VACFOV,0.8748514297686097
YAMXOC,VIFPUY02,0.8747436623240389
YAMXOC,VIFPUY04,0.8747362020351044
KOLPIL,JOSTIU,0.8426663846286386
KOLPIL,CECVOW,0.9947342085798904
JENKET,WOSZEL,0.9998136265815348
JENKET,PIWLAL,0.9563818731994064
JENKET,ROZXEL,0.9563578236295136
JENKET,PUGSER,0.947808205972298
JENKET,VEGMOK04,0.9074537253269808
JENKET,TONQOD,0.9054536733855356
JENKET,PEVQOY,0.9041401528756124
JENKET,MIBQAR07,0.9037733670717184
JENKET,MIBQAR01,0.9036900678621717
JENKET,LAWFOF,0.903666135051172
JENKET,QOZSIJ,0.8872982421486187
JENKET,XAFFER,0.8856316223827214
JENKET,NOXMAQ,0.8854769750871319
JENKET,QUQFIS,0.8829930164672942
JENKET,QUQFEO,0.882763766686465
JENKET,NAWXER,0.8688415416206634
JENKET,NIKHAS,0.868819091979991
JENKET,YICQOS,0.8636495988358591
JENKET,BEWCUD,0.8635970900223534
JENKET,DUFLOH,0.8625705788877404
DOTSOV39,DOTSOV40,0.9999999917402016
TUMDEM,PUFTUH,0.857128895023868
ESADUZ01,POKZOG,0.9981273561218827
ESADUZ01,REFWIL,0.9491622266049424
ESADUZ01,TULLIX,0.9412998348877516
ESADUZ01,FOKWOT,0.9408416201473162
ESADUZ01,GOYLUB,0.90513792408473
ESADUZ01,FALGIK,0.8651203418894005
ESADUZ01,EREGOY,0.8602394200384744
ESADUZ01,WIVRIE,0.8595254203977487
UFEVIL,NICZAA01,0.9003584444308941
SEQJOQ,HIQKOJ,0.9028115019566858
WORKUL,WORLAS,0.9990648535896018
WORKUL,VEGMOK04,0.8849679821501816
WORKUL,PEVQOY,0.8844247177750626
NIFQIF,NIFSUT,0.9999968333872368
NIFQIF,NIFQOL,0.9999979612894964
NIFQIF,NIFRAY,0.9999932338731308
NIFQIF,TUDJAE,0.9999538056545634
NIFQIF,TUDJEI,0.9999460247218784
NIFQIF,NIFTAA,0.9999417186591792
NIFQIF,NIFNOI,0.9999190930592122
QEKLID01,NOLRIR,0.9909533023507848
QEKLID01,DELGIN,0.9728701118659844
QEKLID01,AWEJIW,0.9724378531712948
QEKLID01,DAPYAW,0.945230619199498
QEKLID01,DUWBEE,0.9312183305054248
QEKLID01,QUQFOY,0.9192454447251088
QEKLID01,SIZGEO,0.8870489032934246
QEKLID01,PARKUQ,0.8870390371893953
QEKLID01,NABLIM,0.8869062209952031
QEKLID01,MITSIS,0.8867161972109109
QEKLID01,FUMJAA,0.8864945039706776
QEKLID01,KUJMIN,0.8862574198026891
QEKLID01,GOYLUB,0.8851606782377685
QEKLID01,IGUVIR,0.8655883838947495
QEKLID01,IGUTUB,0.8653175301549234
QEKLID01,ECIWIW,0.8648660254866251
QEKLID01,IGUTUB01,0.8627443661166148
WIZMAV11,WIZMAV04,0.9999999983008406
WIZMAV11,WIZMAV08,0.9999999980144424
WIZMAV11,WIZMAV09,0.9999999979696388
WIZMAV11,WIZMAV10,0.9999999928742902
WIZMAV11,WIZMAV06,0.999999984495344
WIZMAV11,WIZMAV05,0.9999999705265012
WIZMAV11,WIZMAV12,0.9999998406445374
WIZMAV11,GERBEN,0.9554190549898164
WIZMAV11,EMIYUW,0.9548630378902616
WIZMAV11,GAYXEM,0.9534048945053624
WIZMAV11,BUNLAZ,0.9494204195786796
WIZMAV11,UFOSEQ,0.9469407539284114
WIZMAV11,SURLEY,0.9469400309852934
WIZMAV11,IZIBUQ,0.9102261639985756
XEMPAJ,IQAGEN,0.923066740101304
XEMPAJ,REYCUV,0.9189302406125128
XADDAJ,XADDAJ01,0.9999795681475898
XADDAJ,UMIZIB,0.973419473005388
XADDAJ,XISDIO,0.9471111221817484
XADDAJ,DAKZUN,0.9438927491883808
XADDAJ,AYOZOF,0.9367981983106012
XADDAJ,ZALLEG,0.9328987841268972
XADDAJ,BOJYIK,0.8864083375805519
XADDAJ,NIGFOZ,0.8856701964981635
XADDAJ,SEHSII,0.8836996021157881
XADDAJ,LAVTAF,0.8823443008831049
XADDAJ,UPIBOM,0.8818266312051085
XADDAJ,TORPUN,0.8652784629439897
ASUKEE,FITSAD,0.9999554823977302
DOLWAE02,MUVJIX,0.9988470790428674
JEDKIP,YUKTUU05,0.9999990924554584
UKOLOV,VIKBUP,0.8952831399894001
UKOLOV,VEGMOK04,0.8872559356894251
UKOLOV,PEVQOY,0.8854962381638634
UKOLOV,MIBQAR07,0.8852504621673635
UKOLOV,MIBQAR01,0.8851934590815386
UKOLOV,LAWFOF,0.8851770893736621
UKOLOV,XAFFER,0.8658531034931597
UKOLOV,XAFFAN,0.86526875919726
MALWUU,EKUNON02,0.8634899315694242
MALWUU,EKUNON,0.8634250878354812
MALWUU,EKUNON01,0.8633695248341217
MALWUU,ULOGIL,0.8626704739878011
GAWMOJ,PURJIW,0.9978749998473174
GAWMOJ,WEHHOI,0.8955255422252242
GAWMOJ,HUTZAX01,0.8607985475357967
VANNIK,HIQKOJ,0.9021855180561694
HIQKOJ,HEBLOR,0.8608135184487888
NUNPAP,NUNNUH,0.9999833893269104
NUNPAP,XUJPOI,0.9999791077568434
NUNPAP,XUJQAV,0.9999688079732636
NUNPAP,XUJPEY,0.999958027319417
NUNPAP,VEMSUC,0.9999580094273716
NUNPAP,DAFHID,0.8965322534768466
NUNPAP,XUCHOS02,0.8817459992589738
NUNPAP,LIDSEY,0.8611550492330856
NUNPAP,XOMCIN,0.8609587614227311
KARMOH,MIXZOK,0.956332002601382
KARMOH,NIWQIV,0.9448958806356542
CAXZOS,DIDBOJ,0.9999302382550032
CAXZOS,DIDBEZ,0.999826657067607
CAXZOS,DIDBID,0.9998083140588616
CAXZOS,ERUNUC,0.999311468523295
CAXZOS,ABAVIJ,0.9233308189075338
CAXZOS,EXUXEC,0.923158453508408
CAXZOS,BOWDIC,0.9231340827448706
CAXZOS,VEDFIV,0.923114633941497
CAXZOS,BOWDOI,0.9231003638418528
CAXZOS,BOWDUO,0.9230873068173444
CAXZOS,VEDFOB,0.9230797705313496
CAXZOS,VEDFUH,0.9230710225208588
CAXZOS,VEDGIW,0.9229601348721894
CAXZOS,CEYPUT01,0.9229599991701098
CAXZOS,DIQHAO01,0.9228862894306974
CAXZOS,CEYPUT,0.9228350231682
CAXZOS,TATSIS,0.9228265883060568
CAXZOS,LASMAV,0.9223707077785784
CAXZOS,MOXDOT01,0.9221313081560584
CAXZOS,DERBIO,0.92177334474503
CAXZOS,ABAVUV,0.9211680967645586
CAXZOS,LIDSIC,0.908597549963326
CAXZOS,TIDNIF,0.9084710385020732
CAXZOS,NOMPIQ,0.8861578222777946
CAXZOS,DIBQIQ,0.8847382408445568
CAXZOS,FUMJAZ01,0.8837517676214202
CAXZOS,LUWZUZ02,0.8832494491308787
CAXZOS,CIFMAH,0.8831903365150693
CAXZOS,NIGPEA,0.8830752781318226
CAXZOS,XEVXUT,0.8814985265115785
CAXZOS,BUKLOJ,0.8763848186208908
CAXZOS,DIBQEM,0.874521442729695
CAXZOS,ESEQUO,0.8691683376093023
DADTOS15,YUKTUU07,0.9999998399446391
DADTOS15,YUKTUU06,0.9999999912804006
DADTOS15,REZJIR02,0.9999999001600096
DADTOS15,YUKTUU,0.9999998178750692
DADTOS15,REZJIR03,0.9999992287143687
DADTOS15,VIRJEM,0.9999970861184124
DADTOS15,DADTOS16,0.9999969386462356
DADTOS15,REZJIR,0.99999674457125
DADTOS15,DADTOS14,0.999994221628692
DADTOS15,PADJOU01,0.9999927809176554
DADTOS15,DADTOS13,0.9999860089491424
DADTOS15,LIJWOR03,0.9999853721817248
DADTOS15,DADTOS17,0.999984880540354
DADTOS15,LIJWOR,0.9999769748309268
DADTOS15,PADJOU,0.999975833189034
DADTOS15,DADTOS,0.999974928423686
DADTOS15,DADTOS04,0.999973759334745
DADTOS15,MNFORD02,0.999973054569352
DADTOS15,DADTOS08,0.999972383069732
DADTOS15,DADTOS09,0.9999719069901368
DADTOS15,MNFORD03,0.9999657149383688
LIJWOR03,DADTOS17,0.9999997825603788
LIJWOR03,LIJWOR02,0.9999995481510564
LIJWOR03,LIJWOR,0.9999985035375494
LIJWOR03,PADJOU01,0.9999984878105594
LIJWOR03,MNFORD03,0.9999957547502304
LIJWOR03,REZJIR,0.999995739021832
LIJWOR03,VIRJEM,0.9999954671078024
LIJWOR03,MNFORD02,0.9999912292086012
LIJWOR03,REZJIR03,0.999990845310726
LIJWOR03,YUKTUU,0.9999884482204672
LIJWOR03,PADJOU,0.9999761902696088
LIJWOR03,DADTOS13,0.99994298545288
LIJWOR03,DADTOS04,0.9999202400549
LIJWOR03,DADTOS01,0.9999191952519656
LIJWOR03,DADTOS12,0.999914311436636
LIJWOR03,DIDVIW,0.999913291210574
YIGGEB,LASMAV,0.999756663013979
YIGGEB,ERUNIQ,0.9995774588629998
YIGGEB,TATSIS,0.9994257376862072
YIGGEB,ABAVIJ,0.9984896660039724
YIGGEB,EXUXEC,0.998047740816558
YIGGEB,BOWDIC,0.9976170971961412
YIGGEB,BOWDOI,0.9973322159587644
YIGGEB,VEDFOB,0.997108249050219
YIGGEB,VEDFIV,0.9969686932696236
YIGGEB,VEDGIW,0.9968166047105026
YIGGEB,OJOBAS,0.99636375953284
YIGGEB,CEYPUT,0.9963404084340358
YIGGEB,DIDBOJ,0.9204407271562992
YIGGEB,DIDBID,0.9198317555400712
YIGGEB,ERUNUC,0.9193399247020012
YIGGEB,BUKLOJ,0.8850273006780034
YIGGEB,ESEQUO,0.8812115633528992
YIGGEB,LIDSIC,0.8745837677643636
YIGGEB,DIQHAO01,0.860129725939879
DAFHEZ,XADDUD,0.9999889901902864
DAFHEZ,FILYEG,0.9997326156588656
DAFHEZ,WIMWEW,0.9996144758290508
DAFHEZ,FILYAC,0.9993232807897546
DAFHEZ,JEDVUM,0.8950875504102812
DAFHEZ,FUMJAZ01,0.8654156910676987
DAFHEZ,XEVXUT,0.8638101816556477
DAFHEZ,XIHSAJ,0.8630499476877448
DAFHEZ,XIHSEN,0.8626312158909288
DAFHEZ,TONBOO,0.8623133179144906
DAFHEZ,BUKLOJ,0.8592078468669941
XAFFER,XAFFAN,0.999747511285585
XAFFER,VIKBUP,0.9628235532712076
XAFFER,PIWLAL,0.922561611493301
XAFFER,NOXMAQ,0.8801668072681488
XAFFER,VEGMOK04,0.8776776765233227
XAFFER,MIBQAR01,0.8747948128463119
WUNVEH,OKIYIR,0.9999998484996532
WUNVEH,OKIWEL,0.9999998264792506
WUNVEH,OKIVIO01,0.9999995227285164
WUNVEH,OKIVIO02,0.9999981303052472
WUNVEH,SAHYAD02,0.9999979475652808
WUNVEH,YINNUH,0.9999770553473294
HALVEY,HAJYAV,0.998204881338266
HALVEY,CAQJOW,0.9981733666674512
HALVEY,TAHYUZ,0.9544882032601212
HALVEY,DERBIO,0.8850392215903037
HALVEY,CIFMAH,0.8751305474415783
HALVEY,NIGPEA,0.8750358634006922
HALVEY,MIHJUL,0.8739133589363504
HALVEY,NIGPAW,0.8682098602591583
HALVEY,BUKLOJ,0.8674811675793435
HALVEY,NIGNUO,0.8649853437572997
UGECEO03,OCACUR,0.99996121930374
UGECEO03,IGAHED01,0.9998022477855296
UGECEO03,IGAHED,0.999718030965444
UGECEO03,SACMOA,0.9994152585127908
UGECEO03,XUZRIU,0.8641040860807264
UGECEO03,XEVSIB01,0.8640347089166498
UGECEO03,HABZEQ,0.8630978170764416
NELCEN,POFFEX,0.9999794967599068
NELCEN,POFDOF,0.9998742034784684
NELCEN,IPINAY,0.999592841110909
NELCEN,POFDEV,0.9991460266667996
NELCEN,UFUMUD02,0.9972167648101308
NELCEN,BAHGUN03,0.9969460195840558
NELCEN,BAHGUN04,0.9968563424071458
NELCEN,UFUMUD,0.996059412646395
NELCEN,UGEPEB,0.9946978264120392
NELCEN,XICKOL,0.87903393489812
GADROU,VEGMOK04,0.868903100651661
GADROU,MIBQAR07,0.8681447695703669
GADROU,MIBQAR01,0.8680817302189654
GADROU,LAWFOF,0.8680685132987912
TOXMUQ,NIRPOW,0.9999999999775626
TOXMUQ,TOXNEB,0.9999998393994728
TOXMUQ,OTECAT,0.8633196758420861
ESEQUO,WEMKEG,0.936805242666459
ESEQUO,MOXDOT01,0.9348115710289592
ESEQUO,NIGPAW,0.9066639978615156
ESEQUO,NIGNUO,0.9065453964732588
ESEQUO,DIBQEM,0.9064941229276064
ESEQUO,GEPBEK,0.9062969228518188
ESEQUO,USAYOE,0.9034493750434812
ESEQUO,XUBKOU,0.9033245729847048
ESEQUO,VEFMAW,0.8973017453726493
ESEQUO,WUHMUJ,0.8949570077468267
ESEQUO,NIGPEA,0.887276288219431
ESEQUO,MIHJUL,0.8840162930819114
ESEQUO,FISQEG,0.8800303075951258
ESEQUO,XIHSEN,0.8798477157009439
ESEQUO,XIHSEN01,0.8793788898655849
ESEQUO,ERUNIQ,0.8788657798202338
ESEQUO,TATSIS01,0.8785539874025409
ESEQUO,ABAVIJ,0.8777977982559674
ESEQUO,BIPXIK,0.8743039548229339
ESEQUO,AHETAK,0.8740313633851319
ESEQUO,YODRAM,0.8739527197809431
ESEQUO,BOWDUO,0.8739477328565054
ESEQUO,VEDFUH,0.8737481354180272
ESEQUO,VEDFAN,0.8736125352840695
ESEQUO,VEDGES,0.8727509499751094
ESEQUO,VEDGIW,0.8726980987702191
ESEQUO,OJOBAS,0.8718866092389006
ESEQUO,PUNYED,0.8718114775866843
ESEQUO,DIDBOJ,0.8679943531043217
ESEQUO,DIDBEZ,0.867145112532401
ESEQUO,HAJYAV,0.8646836272536945
ESEQUO,ERUNUC,0.8640358338529448
ESEQUO,XEVSIB,0.8616906317601245
ESEQUO,XUZRIU,0.8592356800828775
DADTOS14,DADTOS13,0.9999982133682546
DADTOS14,REZJIR02,0.9999926867605924
DADTOS14,DADTOS11,0.999992407379276
DADTOS14,DADTOS01,0.999992287151305
DADTOS14,DADTOS09,0.999991610306054
DADTOS14,DADTOS12,0.99999072717147
DADTOS14,DIDVIW,0.9999903890961284
DADTOS14,DADTOS16,0.9999827486281668
DADTOS14,REZJIR,0.9999826381215792
DADTOS14,PADJOU01,0.9999745459669848
DADTOS14,PADJOU,0.9999633496775424
DADTOS14,LIJWOR02,0.9999528756442108
DADTOS14,MNFORD02,0.9999485282054024
DADTOS14,MNFORD03,0.9999318212255393
DADTOS14,IQEWOQ,0.9984962977727329
FISQEG,DIBQIQ,0.9461578686321274
FISQEG,NIGPEA,0.9438347187808036
FISQEG,AXINIF,0.9435376111635244
FISQEG,NIGNUO,0.940272230141913
FISQEG,MOXDOT01,0.932190852164904
FISQEG,DERBIO,0.931514386102277
FISQEG,VASYEW,0.923374938462194
FISQEG,AGAFAS,0.9192614410939954
FISQEG,LIDSIC,0.8946543527027183
FISQEG,TIDNIF,0.8936150605107049
FISQEG,BAKJII,0.893132138349854
FISQEG,BUKLOJ,0.8868612002906744
FISQEG,NOMPIQ01,0.8729977136219299
FISQEG,NOMPIQ,0.8729938475091974
FISQEG,DIDBOJ,0.8650516285808567
FISQEG,DIDBEZ,0.8647566694079576
FISQEG,DIDBID,0.8646895327259323
FISQEG,ERUNUC,0.864675455368206
WEYQAU16,WEYQAU02,0.9998225701811568
WEYQAU16,WEYQAU09,0.9997033972029212
WEYQAU16,PUNYIH,0.9958863911518118
WEYQAU16,ABAYIO,0.9937449223761132
WEYQAU16,UKIQIP,0.8862471449703153
WEYQAU16,HIYZEV01,0.8858458641769033
WEYQAU16,GELVEZ02,0.8848375785276352
WEYQAU16,BIYTOU,0.8841252465467108
WEYQAU16,SOBDOF,0.8833816318339534
WEYQAU16,MAHTAR,0.8726408209478346
GOVWOF,HEBJEF,0.9004695528033665
GOVWOF,ABAYIO,0.8600559300873141
NIRPOW,XUPSAE,0.9999998638630558
NIRPOW,OTECAT,0.8633192717991155
LICSEW03,LICSEW04,0.9999761831444556
LICSEW03,MGFORD02,0.9999450154081148
LICSEW03,AMURUX,0.999877775157484
LICSEW03,AMURUX06,0.999876493895242
LICSEW03,MOPQIT,0.9976361406557211
LICSEW03,NAXVOY04,0.9974862080629272
LICSEW03,NIWZIE01,0.9971345667715732
LICSEW03,NIWZIE08,0.9969155483817278
LICSEW03,NIWZIE02,0.9968290243273168
LICSEW03,NIWZIE17,0.9963069162885756
LICSEW03,NIWZIE18,0.9962630517853804
NIKZAJ01,CAJHUS01,0.9999897103436756
NIKZAJ01,NIHBEM01,0.9999652203136244
NIKZAJ01,CAJHUS,0.999944373858734
NIKZAJ01,NUDPAE02,0.9985433035345525
NIKZAJ01,NUDNUW01,0.9963749286273168
LIJWOR,LIJWOR02,0.9999994936497484
LIJWOR,MNFORD03,0.9999971824738508
LIJWOR,MNFORD02,0.9999954025163093
LIJWOR,REZJIR,0.9999910335688368
LIJWOR,DADTOS16,0.99998998868941
LIJWOR,VIRJEM,0.9999898953509284
LIJWOR,REZJIR03,0.999984455908578
LIJWOR,YUKTUU,0.9999808628472558
LIJWOR,REZJIR02,0.9999799050023074
LIJWOR,PADJOU,0.9999787776343232
LIJWOR,DADTOS13,0.9999286459222776
LIJWOR,DADTOS,0.9999059313810512
LIJWOR,DADTOS04,0.9999036963324828
LIJWOR,DADTOS11,0.9999029852331972
LIJWOR,DADTOS08,0.9999011053438835
LIJWOR,DADTOS09,0.9999002153295832
LIJWOR,DADTOS12,0.9998972465226954
LIJWOR,DIDVIW,0.9998961387072997
LIJWOR,IQEWOQ,0.997910865618423
MIRNOR,MIRNOR01,0.9999981765911948
NUCPIM,JAYXAL,0.9220393703331587
NUCPIM,DOYHOQ,0.9065563431212602
NUCPIM,NUFCAU,0.9030733740257736
NUCPIM,DOYHIK,0.9023678443128298
NUCPIM,UFAMEW,0.879351893723267
NUCPIM,UFOFUT,0.8784969820890165
NUCPIM,PUGSER,0.8684638537123563
NUCPIM,QUQFEO,0.8664074380990862
NUCPIM,QUQFIS,0.8644881338102947
UFAMEW,UFOFUT,0.9968235117912164
UFAMEW,QUQFIS,0.9781387226584763
UFAMEW,NANYUX01,0.942166309491663
UFAMEW,NASROR,0.8943048885621273
UFAMEW,NUFBOH,0.8942304294184972
UFAMEW,DOYHOQ,0.8938765454300226
UFAMEW,NUFCAU,0.8929172770486382
UFAMEW,DOYHIK,0.8871336042681222
UFAMEW,YOGKOW,0.8764527316220572
UFAMEW,MOHLIF,0.865138344310737
UFAMEW,KEFBOO,0.864479527400378
UFAMEW,HOGJIX,0.8639693652932798
OCACUR,UGECEO01,0.9999938274732898
OCACUR,IGAHED01,0.9999070954873291
OCACUR,IGAHED,0.9998680865047178
OCACUR,XUZRIU,0.864195482983499
OCACUR,XEVSIB01,0.8638358989989181
OCACUR,XEVSIB,0.8638038444555802
OCACUR,HABZEQ,0.8634567243887196
HIZQOX,VAKLIF,0.9999971927137912
JUQSIZ,POKZOG,0.9998861520598908
JUQSIZ,REFWIL,0.958085419931196
JUQSIZ,FOKWUZ,0.9422665949753376
JUQSIZ,FOKWOT,0.9421394931556694
JUQSIZ,TULLIX,0.9357838446831942
JUQSIZ,GOYLUB,0.9081278247720092
JUQSIZ,VAKLIF,0.904283862174278
JUQSIZ,REXYAX,0.8787193360183381
JUQSIZ,FALGIK,0.8622235914749838
SABWAU,CEMLOY,0.9080527056385832
SABWAU,KUNTAQ02,0.9999689276795406
LUDLED,RILFEA,0.9999996235820084
LUDLED,YOZMIL,0.9999994306552384
LUDLED,XAMDUM07,0.9999993538659108
LUDLED,DOTSOV13,0.9999423922200792
LUDLED,DOTSOV14,0.9999418533462878
LUDLED,DOTSOV07,0.9996019428965076
LUDLED,QAWHIH01,0.9992746875156584
LUDLED,QAWHIH,0.9992381384335612
LUDLED,OQIZUL,0.9984410131524138
LUDLED,GAVDUD,0.9963355261838795
LUDLED,KAJZIH,0.9948723348228212
LUDLED,BABREE,0.9320893241745338
LUDLED,MIKVEK,0.9297979603461208
LUDLED,ONIXOZ,0.9247161354840756
LUDLED,EXOYAS,0.9196925672448618
LUDLED,IWEVAJ,0.9186777512860944
LUDLED,YUGLES,0.9079894090912336
LUDLED,YAGHUM,0.9078922236288086
LUDLED,NUTQAV,0.907802385807998
LUDLED,HANWAW,0.906325750577946
LUDLED,HUCBOX02,0.8972980961149255
LUDLED,MOFGOE,0.8958527916908847
LUDLED,USEVOF,0.8850421838840228
LUDLED,WANJIF,0.8848663872663394
LUDLED,ADONEP,0.8844521961175273
LUDLED,EXAXAE,0.8820442979352404
LUDLED,EXAXAE03,0.8817164982858298
LUDLED,ANUGOG,0.8779274553865108
LUDLED,OKABAE,0.8669776284253548
IGAHED,SACMOA,0.9999448692444316
IGAHED,IGAHED01,0.9997539981886572
IGAHED,IGAHED03,0.9993569764592628
IGAHED,XUZRIU,0.8642220516516763
IGAHED,HABZEQ,0.8639475069758719
IGAHED,XEVSIB,0.8632179997932015
OQIZUL,QAWHIH,0.999858483323785
OQIZUL,QAWHIH01,0.9998420792610776
OQIZUL,YOZMOR,0.9985766882402112
OQIZUL,XAMDUM07,0.9985037483921952
OQIZUL,YOZMIL,0.9984920461826576
OQIZUL,XAMDUM,0.9984154821442784
OQIZUL,UXISUR,0.9984148596592562
OQIZUL,DIHVIB01,0.9984139618578364
OQIZUL,RILFEA,0.9983922656473851
OQIZUL,XAMDUM05,0.9982299242501292
OQIZUL,DOTSOV10,0.9977824606003592
OQIZUL,QIZLIW,0.9938240325856096
OQIZUL,GAVDUD,0.9900443048290491
OQIZUL,NEHZUY,0.9899366540238396
OQIZUL,OHOMIH,0.9860832341494048
OQIZUL,ORAWAH,0.9328969741355784
OQIZUL,DALSOA,0.931031489757824
OQIZUL,BABREE,0.9281424413231442
OQIZUL,MIKVEK,0.9238108361845108
OQIZUL,EXOYAS,0.9165777335074584
OQIZUL,ONIXOZ,0.9160871023691732
OQIZUL,NUTQEZ,0.9079897843277536
OQIZUL,YAGHUM,0.9078227069790152
OQIZUL,YUGLES,0.9077003038088152
OQIZUL,HANWAW,0.9013641091307464
OQIZUL,HUCBOX02,0.8951361160048447
OQIZUL,MOFGOE,0.8917176220152874
OQIZUL,IPUPIU,0.8866331093073627
OQIZUL,ADONEP,0.8814486485113548
OQIZUL,EXAXAE,0.8761754279144358
OQIZUL,EXAXAE03,0.8756232517242162
DOTSOV22,DOTSOV05,0.9999999999653564
DOTSOV22,DOTSOV20,0.9999999999305796
GECRAI,OFIVAA,0.995630189416852
DELGIN,QEKLID,0.9727884357880664
DELGIN,FESYEK,0.94739915662307
DELGIN,FALGIK,0.9319882056176552
DELGIN,KETHEY,0.8659445395234436
DELGIN,CIKCOQ,0.8658917116627414
DELGIN,YICRAF,0.864041287796896
DELGIN,IGUVIR,0.8616815280901342
UNIDAY,FOSTIS,0.9999785896182548
UNIDAY,FOSTOY,0.999962188295102
UNIDAY,CIFSIW,0.9998588494708348
UNIDAY,NEDLOZ,0.999561277057476
UNIDAY,IFIPEV,0.9533442828009728
UNIDAY,MAYJOM,0.9037500406362886
UNIDAY,VACFOV01,0.9031140602953872
UNIDAY,VIFPUY02,0.9028624903507074
UNIDAY,VIFPUY05,0.902857051399713
UNIDAY,LOQLEJ,0.9028453947728724
BABREE,QIZLIW,0.9329343708789646
BABREE,DOTSOV14,0.932494295473558
BABREE,DOTSOV10,0.9324941603175244
BABREE,DOTSOV13,0.9324927482608424
BABREE,XAMDUM05,0.9322400100270636
BABREE,XAMDUM,0.9321088022740602
BABREE,GAVDUD,0.932100251705305
BABREE,NEHZUY,0.932067436146807
BABREE,YOZMIL,0.9320490155547804
BABREE,XAMDUM07,0.9320398737434212
BABREE,YOZMOR,0.9319787812594088
BABREE,KAJZIH,0.9313061316525224
BABREE,QIZLOC,0.9307520934081728
BABREE,OHOMIH,0.930651300243724
BABREE,QAWHIH01,0.9297326586979726
BABREE,QAWHIH,0.929655641104693
BABREE,LASYOU,0.884184927174378
BABREE,MIKVEK,0.8742992386212183
BABREE,ORAWAH,0.871510260923881
BABREE,EXOYAS,0.8636900902983076
BABREE,IWEVAJ,0.8618545532823667
DOTSOV25,DOTSOV32,0.999999999066893
HANWAW,LASYOU,0.9212929190727344
HANWAW,ONIXOZ,0.9101484574518524
HANWAW,QIZLIW,0.9081935076392124
HANWAW,GAVDUD,0.907921111332487
HANWAW,NEHZUY,0.907895649894163
HANWAW,ORAWAH,0.907249714130784
HANWAW,QIZLOC,0.9070621598689343
HANWAW,OHOMIH,0.9069578453526408
HANWAW,DOTSOV14,0.9069300431288236
HANWAW,DOTSOV13,0.9069263180542186
HANWAW,XAMDUM05,0.90654531394204
HANWAW,XAMDUM04,0.9065172818692996
HANWAW,RILFEA,0.9063785370078976
HANWAW,UXISUR,0.906354267447711
HANWAW,XAMDUM,0.9063535981658072
HANWAW,YOZMIL,0.906273223178014
HANWAW,XAMDUM07,0.9062554919867448
HANWAW,DIHVIB,0.906123351970842
HANWAW,QAWHIH,0.9031792388628028
HANWAW,HOYQIX,0.8659974985238297
IRELIC,MUXVIM,0.8822664215853342
IRELIC,GOQTIR,0.8813103401326505
IRELIC,JUXZIN,0.8795256628333671
IRELIC,FIVRUA,0.859531151304616
EKUNON02,BERQAS,0.8156186750257821
EKUNON02,FONQAC,0.8725511191072661
EKUNON02,FIVRUA,0.8645215135733211
EKUNON02,VAKLIF,0.8618343527241896
EKUNON02,EGUHOD01,0.8609380557635193
VEDFOB,VEDFAN,0.9999960305017704
VEDFOB,BOWDOI,0.9999951083933024
VEDFOB,VEDFIV,0.9999935500356032
VEDFOB,VEDGES,0.9999900262196948
VEDFOB,BOWDUO,0.9999840097265064
VEDFOB,YODRAM,0.999983842407729
VEDFOB,AHETAK,0.9999810362841614
VEDFOB,BOWDIC,0.9999747475296744
VEDFOB,BIPXIK,0.9999670255199956
VEDFOB,OJOBAS,0.9999535777229602
VEDFOB,CEYPUT,0.9999508778968306
VEDFOB,TATSIS01,0.9992353988310853
VEDFOB,TATSIS,0.9991049553525764
VEDFOB,ERUNIQ,0.9988938825410182
VEDFOB,LASMAV,0.998538990508926
VEDFOB,DIDBOJ,0.9230414559821636
VEDFOB,DIDBEZ,0.9229877589834264
VEDFOB,DIDBID,0.9229155059058084
VEDFOB,LIDSIC,0.8790655633628519
VEDFOB,BAKJII,0.87835097430368
VEDFOB,YATDOP,0.8600687780021636
CEYPUT,OJOBAS,0.999999961414267
CEYPUT,CEYPUT01,0.9999675683733776
CEYPUT,VEDFIV,0.9999520864086094
CEYPUT,VEDFAN,0.9999292258133462
CEYPUT,BOWDOI,0.9999197334271472
CEYPUT,VEDFUH,0.9999127967622544
CEYPUT,BOWDUO,0.99989283308101
CEYPUT,YODRAM,0.9998923215866
CEYPUT,BIPXIK,0.9998506082990496
CEYPUT,ABAVUV,0.999255460634246
CEYPUT,ABAVIJ,0.9990227226285504
CEYPUT,TATSIS01,0.9987999062980332
CEYPUT,ERUNIQ,0.9984003262891792
CEYPUT,LASMAV,0.997980584315204
CEYPUT,DIDBID,0.9228016611867184
CEYPUT,BUKLOJ,0.8822183360410427
CEYPUT,LIDSIC,0.8792248648662109
CEYPUT,TIDNIF,0.8768128251974625
CEYPUT,YATDOP,0.8602311754190544
YANXIX02,DAXNIA,0.999998750952808
YANXIX02,YUKVUW04,0.999952341288164
YANXIX02,SANMEB,0.9998497510285504
YANXIX02,SIWQIA02,0.9997672210615424
YANXIX02,SIWYOO,0.9997426558370872
YANXIX02,ELUQIM04,0.9978193511268344
YANXIX02,ELUQIM13,0.9977637734792784
SIWQIA02,YUKVUW04,0.9999286332943964
SIWQIA02,DAXNIA,0.9997899302006968
SIWQIA02,SANMEB,0.9997729343822332
SIWQIA02,AMOBEL01,0.9993259858474008
SIWQIA02,ELUQIM13,0.996116260304765
UPIBOM,YATTUK,0.989463835900246
UPIBOM,NIGFOZ,0.987008798381414
UPIBOM,SEHSII,0.9822165120366864
UPIBOM,WOJYUR,0.8853617945293644
UPIBOM,OHIHOD,0.884619950556003
DOTSOV19,DOTSOV20,0.9999999989697476
GEVXAI,FEQXAB,0.9999957568806812
GEVXAI,AFOJIO,0.9994581759410824
GEVXAI,RIQVUJ,0.8718451020145568
PIWLAL,ROZXEL,0.9999977763372324
PIWLAL,VEGMOK04,0.9467779349066252
PIWLAL,MIBQAR07,0.9436605500958252
PIWLAL,PUGSER,0.9325810769911952
PIWLAL,XAFFAN,0.922434283828975
PIWLAL,TONQOD,0.9143444649671448
PIWLAL,GOSDUP,0.9141400480204668
PIWLAL,NIKHAS,0.9041321667032992
PIWLAL,NAWXER,0.9039032496670912
PIWLAL,ACODIH,0.8849407009760063
PIWLAL,JEDDII,0.8812434513556442
PIWLAL,YICQOS,0.8728838018057261
PIWLAL,VIKBUP,0.8649731057373268
VEHJUP,NANYUX01,0.9976374855298464
VEHJUP,UFOFUT,0.9460680976467368
VEHJUP,QUQFEO,0.9318387335401016
VEHJUP,QUQFIS,0.9299989815590924
VEHJUP,QOPZIF,0.9200695657131076
VEHJUP,MOHLIF,0.9078715551401972
VEHJUP,HOGJIX,0.9050162429176808
VEHJUP,DUNXUH13,0.8962797236302555
VEHJUP,DUNXUH15,0.8961791800158533
VEHJUP,DOYHOQ,0.8779638841367525
VEHJUP,NASROR,0.8778071302351395
VEHJUP,PEVQOY,0.8748034619359912
VEHJUP,MIBQAR07,0.8747160857792036
VEHJUP,MIBQAR01,0.8746953884539089
VEHJUP,VEGMOK04,0.8745175453107108
VEHJUP,NUFCAU,0.8742452486070461
VEHJUP,CUVTOD,0.8740515003506478
VEHJUP,DOYHIK,0.8740160843653098
VEHJUP,LASMUP,0.8607360862778201
VEHJUP,SOWCOY,0.8600851950391164
VEHJUP,SOWCOY01,0.8596405576318672
OHOMIH,QIZLOC,0.9999909217171168
OHOMIH,KAJZIH,0.9999453984376
OHOMIH,GAVDUD,0.9996608631418864
OHOMIH,QIZLIW,0.99841905930495
OHOMIH,DOTSOV14,0.9949197765756392
OHOMIH,DOTSOV10,0.9949190575827146
OHOMIH,DOTSOV13,0.9949146604645444
OHOMIH,XAMDUM05,0.994181423867481
OHOMIH,XAMDUM04,0.9940876077496148
OHOMIH,UXISUR,0.9938330640494104
OHOMIH,XAMDUM,0.9938318426671996
OHOMIH,YOZMIL,0.993679239406377
OHOMIH,XAMDUM07,0.9936548034143948
OHOMIH,DIHVIB,0.9934194457675524
OHOMIH,QAWHIH01,0.9888564169395816
OHOMIH,ONIXOZ,0.9328593601217654
OHOMIH,DALSOA,0.9275589635905932
OHOMIH,ORAWAH,0.9214888009613306
OHOMIH,IWEVAJ,0.9135583958733404
OHOMIH,YUGLES,0.8992563958637466
OHOMIH,NUTQAV,0.8982870971043502
OHOMIH,NUTQEZ,0.8978264605448919
OHOMIH,EXAXAE,0.8845054102881963
OHOMIH,ADONEP,0.8811709811730535
OHOMIH,WANJIF,0.8799287237151702
OHOMIH,IPUPIU,0.8787491192790382
OHOMIH,USEVOF,0.87789943451733
OHOMIH,ANUGOG,0.8726632326277702
OHOMIH,OKABAE,0.8683096328991302
OHOMIH,OGEBAF,0.8602749941156346
XEGWAK,XEGXIT,0.9999998633100876
XEGWAK,VEGMOK04,0.8674482267624637
XEGWAK,MIBQAR01,0.8625508637693575
ELUQIM13,ELUQIM04,0.9999996487098712
ELUQIM13,SANMEB,0.9973259854893956
ELUQIM13,YUKVUW04,0.9970661089445442
ELUQIM13,AMOBEL01,0.9922823494783952
RILFEA,DIHVIB01,0.999999914461384
RILFEA,YOZMIL,0.9999982522962096
RILFEA,XAMDUM07,0.999997991114868
RILFEA,DIHVIB,0.9999916423449524
RILFEA,DOTSOV13,0.9999513286864504
RILFEA,DOTSOV10,0.9999508952095992
RILFEA,QAWHIH01,0.9992412895903394
RILFEA,QAWHIH,0.999203920003384
RILFEA,QIZLIW,0.9985090423732764
RILFEA,NEHZUY,0.9963441250032824
RILFEA,QIZLOC,0.994048843554346
RILFEA,DALSOA,0.9329930942302176
RILFEA,MIKVEK,0.9298668251193508
RILFEA,ONIXOZ,0.924826607435258
RILFEA,EXOYAS,0.9197164407898704
RILFEA,YUGLES,0.9079692950857898
RILFEA,YAGHUM,0.907868701758006
RILFEA,NUTQAV,0.9077761105272986
RILFEA,MOFGOE,0.8958926135684949
RILFEA,HOYQIX,0.8871761634608527
RILFEA,USEVOF,0.8850345651128309
RILFEA,WANJIF,0.8848757940828741
RILFEA,EXAXAE03,0.881787019978126
RILFEA,ANUGOG,0.8779345444239959
RILFEA,OKABAE,0.8670359274817413
RILFEA,XICKOL,0.8606080160411044
DOTSOV14,XAMDUM05,0.999974678665864
DOTSOV14,UXISUR,0.9999467813269
DOTSOV14,YOZMIL,0.9999314034560756
DOTSOV14,YOZMOR,0.9999116687244876
DOTSOV14,DIHVIB,0.9999019426263664
DOTSOV14,QAWHIH01,0.998806334821499
DOTSOV14,QAWHIH,0.9987595976004336
DOTSOV14,KAJZIH,0.9959016215330744
DOTSOV14,QIZLOC,0.995075568183568
DOTSOV14,LASYOU,0.9461141124798388
DOTSOV14,DALSOA,0.9330059844537296
DOTSOV14,ORAWAH,0.9316910106196368
DOTSOV14,MIKVEK,0.9306016614553828
DOTSOV14,ONIXOZ,0.9260372098158648
DOTSOV14,EXOYAS,0.9199356755704332
DOTSOV14,IWEVAJ,0.9187240079823382
DOTSOV14,YAGHUM,0.9075465375121848
DOTSOV14,NUTQEZ,0.9072848179010888
DOTSOV14,HUCBOX02,0.8973571046203004
DOTSOV14,MOFGOE,0.8962943425317065
DOTSOV14,WANJIF,0.8849325846314263
DOTSOV14,USEVOF,0.8848940431084777
DOTSOV14,ADONEP,0.8846787238726397
DOTSOV14,EXAXAE03,0.882540118208026
DOTSOV14,ANUGOG,0.8779620863397516
DOTSOV14,OKABAE,0.8676491136314778
DOTSOV14,XICKOL,0.8608874694187342
COXFOL,XADDOX,0.9997574387087524
COXFOL,XADDUD,0.9996007106531908
COXFOL,MOXDEJ,0.9991677162276338
COXFOL,XAPSIS,0.8960089320619418
COXFOL,PUNYED,0.8933126770399381
COXFOL,XIHSAJ,0.8623066221584951
COXFOL,XIHSEN01,0.86197373542037
COXFOL,VEFLUP,0.8617118383106157
SOQRUM,SEQSUE,0.8880486376540607
SOQRUM,PUNYON,0.884436932011095
SOQRUM,XUJPOI,0.8762379159310474
SOQRUM,XUJPIC,0.8727569995535354
VIKBUP,XAFFAN,0.9622756893032168
VIKBUP,VEGMOK04,0.9081899812718096
VIKBUP,PEVQOY,0.9063476476959802
VIKBUP,MIBQAR01,0.9060370256072576
VIKBUP,ROZXEL,0.8650103598530681
QIZLOC,NEHZUY,0.999707048021218
QIZLOC,GAVDUD,0.9996925788182478
QIZLOC,QIZLIW,0.9984996751072766
QIZLOC,DOTSOV10,0.995074292768496
QIZLOC,DOTSOV13,0.9950699691800589
QIZLOC,XAMDUM04,0.9942692033615432
QIZLOC,DIHVIB01,0.994007958847865
QIZLOC,UXISUR,0.9940053891894762
QIZLOC,XAMDUM07,0.993829801637504
QIZLOC,QAWHIH,0.9889529314991377
QIZLOC,LASYOU,0.936656643908322
QIZLOC,ONIXOZ,0.9328140436286104
QIZLOC,MIKVEK,0.9325652617543908
QIZLOC,IWEVAJ,0.913919892319675
QIZLOC,YAGHUM,0.8989436158943919
QIZLOC,NUTQAV,0.898509555240381
QIZLOC,NUTQEZ,0.8980543111606971
QIZLOC,HUCBOX02,0.8924493489294762
QIZLOC,EXAXAE03,0.8846717152507847
QIZLOC,EXAXAE,0.8845476713183307
QIZLOC,WANJIF,0.8801500004352364
QIZLOC,USEVOF,0.8780862788924766
QIZLOC,ANUGOG,0.8728220042781519
QIZLOC,OKABAE,0.8683689435201759
QIZLOC,OGEBAF01,0.8604561196364485
QIZLOC,OGEBAF,0.8603564573858286
EHAZAO,YIXFOC03,0.9993814560169856
EHAZAO,WECSAZ,0.9976014556716086
EHAZAO,DUGDOA01,0.9040817224540388
EHAZAO,QICXUY,0.897350638950086
EHAZAO,HISSIN,0.887062131928267
EHAZAO,LUCDAO,0.8845444059974521
EHAZAO,DIXGIC,0.8777515165350188
EHAZAO,RUYVIS,0.8757009246695712
EHAZAO,AHONEQ,0.8604074027430055
FABFOF,MUZHUL,0.9998107222256244
FABFOF,CIZQUZ,0.994515074896956
FABFOF,WOBHOL,0.8726292832033273
DOYHOQ,NUFBOH,0.9998754211562582
DOYHOQ,DOYHIK,0.996105138087332
DOYHOQ,APACAX,0.9518681407194848
DOYHOQ,JAYXAL,0.9056723631428923
DOYHOQ,UFOFUT,0.8932887754624909
DOYHOQ,QUQFEO,0.8807362328289624
DOYHOQ,QUQFIS,0.8789151967708027
DOYHOQ,NIWYID,0.877679974299352
DOYHOQ,NANYUX01,0.8756472545763873
ECIWIW,IGUTUB,0.999940328442512
ECIWIW,IGUTUB01,0.9994401396033432
ECIWIW,RIGHAR,0.923402504679454
ECIWIW,KEJBOQ,0.9230882793627752
ECIWIW,WEBLAQ,0.9223681132400686
ECIWIW,ZASJAG,0.918471763782206
ECIWIW,CIKCOQ,0.9094731719280368
ECIWIW,VAKLIF,0.8747840311933008
ECIWIW,QEKLID,0.8649233727885484
ECIWIW,EYULAM,0.8615454940333759
YIXFOC03,YIXFOC,0.9999966031565888
YIXFOC03,WECSAZ,0.9994165012176524
YIXFOC03,EXUTAU,0.9985725914557736
YIXFOC03,DUGDOA01,0.9066633841546912
YIXFOC03,QICXUY,0.8968811246776843
YIXFOC03,HISSIN,0.8872079023540834
YIXFOC03,LUCDAO,0.8827817954637205
YIXFOC03,DIXGIC,0.8778587616173505
YIXFOC03,RUYVIS,0.8727297405337209
YIXFOC03,SENXER,0.8723194520854509
YIXFOC03,AHONEQ,0.8608276964477859
YIXFOC03,UHISEK,0.8601943902443181
QIWCUW,ROZXEL,0.8595705115676053
XADDAJ01,WOJYUR,0.9993472570727644
XADDAJ01,UMIZIB,0.9737579131853136
XADDAJ01,XISDIO,0.9473583857583184
XADDAJ01,DUGDUG,0.9448924979914052
XADDAJ01,DAKZUN,0.9444486323719588
XADDAJ01,AYOZOF,0.9362649950311198
XADDAJ01,ZALLEG,0.9327818944553312
XADDAJ01,VITZAB,0.9323086197724672
XADDAJ01,KEDJEL,0.9306122541810596
XADDAJ01,YATTUK,0.8861818631687984
XADDAJ01,NIGFOZ,0.8852858267641933
XADDAJ01,LAVTAF,0.8829572822245648
YOZMOR,DIHVIB,0.9999994140617036
YOZMOR,XAMDUM07,0.9999987550680192
YOZMOR,YOZMIL,0.999998731343268
YOZMOR,XAMDUM,0.9999953241586556
YOZMOR,UXISUR,0.9999952910656262
YOZMOR,XAMDUM04,0.99998272671404
YOZMOR,DOTSOV10,0.9999116316969624
YOZMOR,DOTSOV07,0.9995705440031504
YOZMOR,QAWHIH01,0.9993660701663796
YOZMOR,QAWHIH,0.9993318801216556
YOZMOR,QIZLIW,0.9983199673086052
YOZMOR,GAVDUD,0.9961200681935446
YOZMOR,NEHZUY,0.9960518635704548
YOZMOR,LASYOU,0.9466470553267876
YOZMOR,DALSOA,0.932966368599425
YOZMOR,EXOYAS,0.9196185733864868
YOZMOR,IWEVAJ,0.918694490328241
YOZMOR,NUTQAV,0.9078733987708694
YOZMOR,HUCBOX02,0.8972696443375969
YOZMOR,HOYQIX,0.8872227381336687
YOZMOR,IPUPIU,0.8871554209881296
YOZMOR,USEVOF,0.8850595407848638
YOZMOR,ADONEP,0.8844032082612425
YOZMOR,EXAXAE,0.8818473616707514
YOZMOR,EXAXAE03,0.8815095275520745
YOZMOR,ANUGOG,0.877902565870015
YOZMOR,XICKOL,0.8604906959056119
EGUHOD01,VAKLIF,0.8845889001528383
EGUHOD01,GOYLUB,0.8828238479895404
EGUHOD01,EKUNON,0.8608742651804627
EGUHOD01,ULOGIL,0.8601297432263022
DOTSOV07,DOTSOV10,0.9997405964892244
DOTSOV07,DOTSOV13,0.9997402714472494
DOTSOV07,DIHVIB01,0.9996139074917464
DOTSOV07,UXISUR,0.9996103515563846
DOTSOV07,XAMDUM07,0.999580664114435
DOTSOV07,DIHVIB,0.999538282605738
DOTSOV07,QIZLIW,0.999077385781992
DOTSOV07,QAWHIH,0.9981289011575492
DOTSOV07,GAVDUD,0.9975117595800732
DOTSOV07,LASYOU,0.9456343930686572
DOTSOV07,DALSOA,0.932726025979138
DOTSOV07,ORAWAH,0.9310524208011732
DOTSOV07,MIKVEK,0.9309565517832692
DOTSOV07,ONIXOZ,0.92665432898884
DOTSOV07,EXOYAS,0.9197805540728186
DOTSOV07,IWEVAJ,0.919567890022494
DOTSOV07,YUGLES,0.9071779401962052
DOTSOV07,NUTQEZ,0.9067006646855174
DOTSOV07,HUCBOX02,0.8971499364729904
DOTSOV07,MOFGOE,0.8962917941830518
DOTSOV07,IPUPIU,0.8863613783211971
DOTSOV07,ADONEP,0.8850435938959833
DOTSOV07,WANJIF,0.8850432364626131
DOTSOV07,EXAXAE,0.8830659905215632
DOTSOV07,EXAXAE03,0.8828149851343556
DOTSOV07,OKABAE,0.8678150521020622
DOTSOV07,XICKOL,0.8608008912968679
DOTSOV07,OGEBAF01,0.8594301951954839
FESYEK,NOLRIR,0.9607060473212212
FESYEK,SITDAD,0.9564181679078304
FESYEK,DUWBEE,0.9560156831696972
FESYEK,KETHEY,0.914167774190584
FESYEK,CIKCOQ,0.9141339067554142
FESYEK,FUMJAA,0.9082055970408516
FESYEK,KUJMIN,0.9081398340019772
FESYEK,NABLIM,0.9065275752430988
FESYEK,YAYNEU,0.8617520963691567
OKABAE,MIKVEK,0.8730151088105367
OKABAE,GAVDUD,0.8691143603672594
OKABAE,NEHZUY,0.8691005375755587
OKABAE,DOTSOV10,0.8676488368028143
OKABAE,ORAWAH,0.8672400941144949
OKABAE,XAMDUM05,0.8672188871371058
OKABAE,XAMDUM04,0.8671575385858643
OKABAE,UXISUR,0.8670091103375632
OKABAE,XAMDUM,0.8670083666257202
OKABAE,YOZMIL,0.8669145641048319
OKABAE,QAWHIH01,0.8636853728564621
ORAWAH,MIKVEK,0.992729991022132
ORAWAH,ONIXOZ,0.9857175199142044
ORAWAH,LASYOU,0.9840945002707056
ORAWAH,ANUGOG,0.9352235812138286
ORAWAH,QAWHIH,0.9330113907836652
ORAWAH,QAWHIH01,0.9330094147202014
ORAWAH,XAMDUM07,0.9322323175552816
ORAWAH,UXISUR,0.9321677186241992
ORAWAH,XAMDUM04,0.9320638373861296
ORAWAH,GAVDUD,0.9250708878811298
ORAWAH,NEHZUY,0.9249745489805712
ORAWAH,KAJZIH,0.922984812730091
ORAWAH,IPUPIU,0.9190365906175704
ORAWAH,HOYQIX,0.918927695252438
ORAWAH,LAYXER,0.911580377146694
ORAWAH,HEHROE,0.9083924763451864
ORAWAH,BAZFUF,0.8829111190822809
ORAWAH,NAPSUV,0.8821910503176461
ORAWAH,QOWRAV,0.8811919122007859
ORAWAH,QOWRAV04,0.8811244616362102
ORAWAH,QOWRAV02,0.8811218369748217
ORAWAH,KIJRUS,0.8766806960021345
ORAWAH,DALSOA,0.873859620874527
ORAWAH,LURRIA,0.8634120280240998
LUCDAO,YICKIH,0.999499631391766
LUCDAO,WECSAZ,0.8798973939065807
LUCDAO,EXUTAU,0.8777622183289904
LUCDAO,DOLPIF,0.8634415797897043
LUCDAO,AHONEQ,0.8618719944235229
UFOSEQ,SURLEY,0.9999999995214768
UFOSEQ,WIZMAV07,0.9469432384055334
UFOSEQ,WIZMAV09,0.9469422400594322
UFOSEQ,WIZMAV04,0.9469393908411892
UFOSEQ,WIZMAV08,0.9469392803109988
UFOSEQ,WIZMAV05,0.9469350544973156
UFOSEQ,HERHAQ,0.9066092987017382
UFOSEQ,GERBEN,0.9059082925062548
UFOSEQ,EMIYUW,0.9051012533616326
UFOSEQ,OXOLAP,0.9045912881168232
UFOSEQ,IZIBUQ,0.8904881284108679
UFOSEQ,ESEBOV,0.8753264766337454
UFOSEQ,BOHWUS,0.8725110861327705
UFUNAK,MURREW,0.99994850500969
UFUNAK,UFUMUD02,0.9998579184615288
UFUNAK,KAKTIA,0.999810055856211
UFUNAK,BAHGUN02,0.9996737165132952
UFUNAK,UFUMUD,0.9994099107729886
UFUNAK,POFDOF,0.9991100287692364
UFUNAK,UGEPEB,0.998914409811327
UFUNAK,POFFEX,0.997940721779586
UFUNAK,XICKOL,0.8786726755599717
UFUNAK,NAPSUV,0.8683512823889157
SOWCOY01,SOWCOY,0.999961414529847
SOWCOY01,LASMUP,0.9964687779858422
SOWCOY01,NANYUX01,0.8610559637241588
SOWCOY01,NIWYID,0.8606880237690161
UFOFUT,XOMHEO,0.9836137202977596
UFOFUT,QUQFEO,0.9841226316791118
UFOFUT,NANYUX01,0.946989386491548
UFOFUT,NIWYID,0.946939448091388
UFOFUT,NUFBOH,0.8924625248863212
UFOFUT,NASROR,0.8922552292891088
UFOFUT,QOPZIF,0.874763811341606
UFOFUT,EXOXUL,0.8660295716975509
UFOFUT,MOHLIF,0.8623160191189552
CIFSIW,CIFSAO,0.9999453376070014
CIFSIW,IFIPEV,0.9544208691474122
CIFSIW,MAYJOM,0.9050645171894038
CIFSIW,VACFOV,0.9047705961390796
CIFSIW,VIFPUY05,0.9043022642923187
CIFSIW,VIFPUY03,0.9042908347472712
CIFSIW,VIFPUY04,0.9042783039521638
ABEMIF,QIZLIW,0.99990405250713
MIBQAR,MIBQAR01,0.999999877256754
VEGMOK04,MIBQAR01,0.9984474179673422
VEGMOK04,LAWFOF,0.998433420946978
VEGMOK04,ROZXEL,0.9468379368514106
VEGMOK04,ODODIW,0.908247060187964
VEGMOK04,ACODIH,0.8972251116686223
VEGMOK04,TONQOD,0.8959027438106909
VEGMOK04,JEDDII,0.8956435809164706
VEGMOK04,SACHIP,0.8916792585810224
VEGMOK04,NIKHAS,0.8869839097213295
VEGMOK04,NAWXER,0.886042789334224
VEGMOK04,DARYIF,0.8848338384512298
VEGMOK04,WORLAS,0.8834379185598835
VEGMOK04,XAFFAN,0.8768875828420826
VEGMOK04,MEWPIQ,0.8767740506411841
VEGMOK04,NOXMAQ,0.8759447129778059
VEGMOK04,NIWYID,0.8749780334145113
VEGMOK04,NANYUX01,0.8742838236988046
CUVTOD,NIWYID,0.8742112818884186
CUVTOD,EXOXUL,0.8654805962635215
CUFDOX,TIKXAN,0.9999999959821976
CUFDOX,CUFFUF,0.9999999367775952
CUFDOX,CUFFOZ,0.9999998078540636
CUFDOX,CUFFEP,0.9999997509467868
CUFDOX,FEYDET,0.999976071908881
CUFDOX,CUFDUD,0.9996853492591294
CUFDOX,IYUHIU,0.999560622823432
CUFDOX,XINTOG,0.9241444479294708
CUFDOX,VACFOV,0.8748397706009917
CUFDOX,VIFPUY02,0.8747283991704545
CUFDOX,VIFPUY05,0.874727165978204
CUFDOX,VIFPUY,0.874724703691006
CUFDOX,VIFPUY03,0.8747241434433376
XAFFAN,UWAGAB04,0.9998334119652244
XAFFAN,ROZXEL,0.9223964222185996
XAFFAN,NOXMAQ,0.8808048781506492
XAFFAN,PEVQOY,0.8732437867550757
XAFFAN,MIBQAR07,0.8728512645287095
XAFFAN,MIBQAR01,0.8727624636135135
AMURUX06,MGFORD02,0.9999741356578884
AMURUX06,XEHSOT,0.9967945509142412
AMURUX06,NAXVOY04,0.996446881289891
AMURUX06,NIWZIE01,0.9960312754093592
AMURUX06,NIWZIE08,0.995773232889307
AMURUX06,NIWZIE02,0.995670852709624
AMURUX06,NIWZIE09,0.9955652484059678
AMURUX06,NIWZIE17,0.9950630462715552
DOTSOV13,DOTSOV10,0.9999999990390038
DOTSOV13,XAMDUM04,0.9999629273902428
DOTSOV13,DIHVIB01,0.999947453208771
DOTSOV13,UXISUR,0.9999472973008704
DOTSOV13,XAMDUM,0.9999471835674916
DOTSOV13,YOZMIL,0.9999319105416774
DOTSOV13,XAMDUM07,0.9999295450412188
DOTSOV13,QIZLIW,0.9989985958741544
DOTSOV13,QAWHIH01,0.99880874625285
DOTSOV13,NEHZUY,0.9971366817230428
DOTSOV13,KAJZIH,0.9958972533953584
DOTSOV13,LASYOU,0.9461155535954706
DOTSOV13,DALSOA,0.9330061278503964
DOTSOV13,MIKVEK,0.9305976339800696
DOTSOV13,EXOYAS,0.919935005523188
DOTSOV13,IWEVAJ,0.9187165718522072
DOTSOV13,YUGLES,0.9076876967281746
DOTSOV13,YAGHUM,0.9075483756353666
DOTSOV13,NUTQAV,0.9074244963900756
DOTSOV13,NUTQEZ,0.9072869671658068
DOTSOV13,HUCBOX02,0.8973567614247182
DOTSOV13,MOFGOE,0.8962926707154408
DOTSOV13,HOYQIX,0.8869733195055192
DOTSOV13,IPUPIU,0.8868449115294754
DOTSOV13,WANJIF,0.8849300961952113
DOTSOV13,USEVOF,0.8848949931281747
DOTSOV13,ANUGOG,0.8779622052480925
DOTSOV13,OGEBAF,0.8593802265866202
MOFGOE,QIZLIW,0.8968867024537316
MOFGOE,DOTSOV10,0.8962942318364436
MOFGOE,GAVDUD,0.8961551990068816
MOFGOE,NEHZUY,0.8961252182911482
MOFGOE,XAMDUM04,0.8959716724805081
MOFGOE,UXISUR,0.8958743254940285
MOFGOE,XAMDUM07,0.8957994829053323
MOFGOE,KAJZIH,0.8954146801176189
QUQFIS,QUQFEO,0.9995721960896858
QUQFIS,NANYUX01,0.932965382581292
QUQFIS,NIWYID,0.9315964323095688
QUQFIS,PUGSER,0.9191872063045678
QUQFIS,DOYHIK,0.8818172943413397
QUQFIS,APACAX,0.880865623276392
QUQFIS,NUFCAU,0.8685728411887772
QUQFIS,QOPZIF,0.8610831155913174
JUXZIN,MUXVIM,0.9984929220812848
JUXZIN,FELXOM,0.94957969010692
JUXZIN,FONQAC,0.929897982604282
JUXZIN,FALGIK,0.8852170700222646
JUXZIN,XOGWUN,0.8838736000848074
JUXZIN,VAKLIF,0.8690079469804188
JUXZIN,GOYLUB,0.8660546984638698
DIBQIQ,CIFMAH,0.999575462209974
DIBQIQ,NIGPEA,0.9995281977453496
DIBQIQ,MIHJUL,0.998895049036596
DIBQIQ,NIGPAW,0.986939445323634
DIBQIQ,DERBIO,0.9564186453892032
DIBQIQ,NOMPIQ,0.9156817120735994
DIBQIQ,CIKPEU,0.9156491798480054
DIBQIQ,BUKLOJ,0.9041984443387407
DIBQIQ,ERUNUC,0.8857103334199941
DIBQIQ,DIDBEZ,0.8850298425944046
DIBQIQ,DIDBOJ,0.8849327099289923
DIBQIQ,AGAFAS,0.8810967082417228
DIBQIQ,CAQKAJ01,0.8768880129981601
DIBQIQ,TAHYUZ,0.8766312215616873
DIBQIQ,HAJYAV,0.8728366425521091
DIBQIQ,CAQJOW,0.8727908394092457
DIBQIQ,DIQHAO01,0.8658276306846411
DIBQIQ,WEMKEG,0.8645496789528563
DIBQIQ,VASYEW,0.8620498084840268
KEPKUO,DARYIF,0.8609670546933259
SOWCOY,LASMUP,0.9971662910325388
JEDVUM,PUNYED,0.9911965650338452
JEDVUM,XADDOX,0.8957196859781767
JEDVUM,XADDUD,0.894953164888921
JEDVUM,FILYEG,0.8936027349033698
JEDVUM,MOXDEJ,0.8935321149388974
JEDVUM,VOSSUT,0.8683495862603436
JEDVUM,BUKLOJ,0.8681052386932016
JEDVUM,BAKJII,0.8611232262906147
JEDVUM,LIDSIC,0.8606928638073609
LASMUP,NIWYID,0.8597274916386454
NIHDEQ,UGEPEB,0.9998875910293404
NIHDEQ,BAHGUN04,0.999772263005658
NIHDEQ,BAHGUN03,0.9997463163009626
NIHDEQ,UFUMUD02,0.9996609461167404
NIHDEQ,MURREW,0.998693346445558
NIHDEQ,KAKTIA,0.9983353589016648
NIHDEQ,IPINAY,0.9974040603577417
NIHDEQ,POFDOF,0.9963996526344996
NIHDEQ,POFFEX,0.9942976520836712
NIHDEQ,XICKOL,0.8762586365788871
NIHDEQ,NAPSUV,0.8641734013742968
LIVWUK04,LIVWUK02,0.999999647020712
IJORUV,JALLOA,0.8838968968654388
NIWYID,QUQFEO,0.9327243159810216
NIWYID,QOPZIF,0.91986819632451
NIWYID,EXOXUL,0.9133447677195818
NIWYID,MOHLIF,0.906901631128973
NIWYID,KEFBOO,0.9039403651407744
NIWYID,HOGJIX,0.9027610619477764
NIWYID,DUNXUH13,0.8971120379421957
NIWYID,DUNXUH15,0.8970683526665718
NIWYID,PUGSER,0.8851555010679282
NIWYID,APACAX,0.8779310281512902
NIWYID,NUFBOH,0.8772001411169237
NIWYID,NASROR,0.877074248117118
NIWYID,DOYHIK,0.8758859990985961
NIWYID,PEVQOY,0.8740197155811305
NIWYID,MIBQAR07,0.8738359607687035
NIWYID,MIBQAR01,0.8737931086095567
NIWYID,NUFCAU,0.8718599819032002
NAFSOF,KIJRUS,0.99628320977937
NAFSOF,BAZFUF,0.9914034362396889
NAFSOF,QOWRAV,0.9789929400732827
NAFSOF,QOWRAV10,0.9789470590790446
NAFSOF,QOWRAV07,0.9788612163283424
NAFSOF,QOWRAV02,0.9787613501449404
NAFSOF,HEHROE,0.9743396570496174
NAFSOF,LAYWOA,0.974322757210348
NAFSOF,DEKBON,0.974115076727907
NAFSOF,LAYXER,0.9741057381576208
NAFSOF,ANUGOG,0.9582454266126724
NAFSOF,IPUPIU,0.9402510956371924
NAFSOF,ONIXOZ,0.882732272967
NAFSOF,MIKVEK,0.8826885254465866
NAFSOF,LURRIA,0.861927763111732
YUYLIP,AJAKON,0.9999992876852584
YUYLIP,YUYGOQ,0.999913635068578
YUYLIP,RUGYOJ,0.9998734511321388
YUYLIP,FALGIK,0.8641700490379766
QUQFEO,NUFBOH,0.8798986903687276
QUQFEO,NUFCAU,0.8728604254968805
QUQFEO,JAYXAL,0.8677011656633506
QUQFEO,QOPZIF,0.8628047962339913
XADWIK01,XOMCIN,0.9052538660367856
XADWIK01,LIDSAU,0.902451853687278
XADWIK01,JAMSEY,0.9022947898039289
XADWIK01,TEVVOI,0.8851229082240599
XADWIK01,CAXZUY,0.8820636081102252
XADWIK01,DAFHID,0.8647096211360883
LEYLIN,MOFTIL01,0.9287142607435832
LEYLIN,NUCRIN,0.9282337604202054
QOWRAV07,QOWRAV08,0.9999999914212142
QOWRAV07,QOWRAV06,0.999999981391916
QOWRAV07,QOWRAV05,0.9999999279227816
QOWRAV07,QOWRAV10,0.9999999088256604
QOWRAV07,QOWRAV04,0.9999998973938192
QOWRAV07,QOWRAV,0.9999997850954798
QOWRAV07,LIGQEA,0.9997471798578136
QOWRAV07,BAZFUF,0.9971484410995832
QOWRAV07,LAYWOA,0.954422381490046
QOWRAV07,DEKBON,0.948713335173173
QOWRAV07,IPUPIU,0.944605036994552
QOWRAV07,HOYQIX,0.9442157090301068
QOWRAV07,AZAVUU,0.8886557170530208
QOWRAV07,ENIHUG,0.8678081584322067
QOWRAV07,MIKVEK,0.866646774201264
QOWRAV07,LASYOU,0.8629598258770909
PUNYED,XAPSIS,0.9929867104598676
PUNYED,MOXDEJ,0.8956397807584531
PUNYED,FILYEG,0.8954810602785295
PUNYED,WIMWEW,0.8919388041115901
PUNYED,VASYEW,0.887214467670293
PUNYED,ABIWOX,0.8850358837662268
PUNYED,BUKLOJ,0.8748625711237596
PUNYED,VOSSUT,0.8739081807606615
KIJRUS,BAZFUF,0.9948659287526812
KIJRUS,QOWRAV10,0.9864396764789812
KIJRUS,QOWRAV12,0.986408229984995
KIJRUS,QOWRAV06,0.986347699176982
KIJRUS,QOWRAV04,0.9863090106122016
KIJRUS,LIGQEA,0.9828054586771766
KIJRUS,LAYXER,0.9715796972423196
KIJRUS,LAYWOA,0.970936304907686
KIJRUS,HEHROE,0.9705041890391708
KIJRUS,ANUGOG,0.9598063095461188
KIJRUS,HOYQIX,0.9436485053995572
KIJRUS,IPUPIU,0.9433432095404994
KIJRUS,AZAVUU,0.899458549779955
KIJRUS,ONIXOZ,0.877714008477354
KIJRUS,LURRIA,0.8688138649319013
KIJRUS,LASYOU,0.8596060602886426
MAJMOA03,MAJMOA04,0.9999987477055164
MAJMOA03,DADTUY01,0.9996492924324394
MAJMOA03,DEFNIO,0.999611241579959
MAJMOA03,EDAGAT,0.9967096503576736
MAJMOA03,RAVVIU01,0.9966881979759776
MAJMOA03,RAVVIU,0.9965592328265368
VEFLUP,XIHSEN,0.9999994479360927
VEFLUP,TONBOO,0.999173278617208
VEFLUP,MOXDEJ,0.8634258638463533
VEFLUP,FILYEG,0.8632368765799092
VEFLUP,XADDUD,0.8626945051699435
VEFLUP,XADDOX,0.8619517453105968
VEFLUP,XUZRIU,0.8616624357555542
VEFLUP,XEVSIB,0.8608014720869799
VEFLUP,FILYAC,0.860111514363944
EYULAM,CUSQOX,0.8070118302183686
EYULAM,XUMNAW,0.8877612135885184
EYULAM,IGUTUB,0.8617655573363249
TEVZOK,RATDAS02,0.9999969571232163
TEVZOK,ELUQIM04,0.9998631148716602
TEVZOK,DAXNIA,0.9987084450170028
TEVZOK,YUKVUW04,0.9982442871287476
TEVZOK,SIWYOO,0.9973972332365802
TEVZOK,AMOBEL01,0.9942781693996716
FILYEG,MOXDEJ,0.9998691730359808
FILYEG,XADDUD,0.9997146375342436
FILYEG,XADDOX,0.9994295989263832
FILYEG,WIMWEW,0.9987678398096914
FILYEG,XAPSIS,0.8946508135612714
FILYEG,FUMJAZ01,0.8667128200194089
FILYEG,XEVXUT,0.8652076164147416
FILYEG,TONBOO,0.8632901073826321
FILYEG,XIHSEN,0.8632709629011449
FILYEG,VASYEW,0.8611426502155547
FILYEG,BUKLOJ,0.8599989943524129
NATFAS,HERYOT,0.8460361981483445
NATFAS,ATAFIK,0.9999897116233728
NATFAS,CIZQOT,0.999936379402191
NATFAS,MUZHUL,0.9968550346132604
NATFAS,WOBHIF03,0.8687035569577812
LEPLAV,AHONEQ,0.998906031493375
VURMOL,SUGTEV,0.8686824214794426
QOBGEV,CIZQUZ,0.9991175230618274
POFFEX,IPINAY,0.9993908761356234
POFFEX,POFDEV,0.9988803259179097
POFFEX,MURREW,0.9984036075851852
POFFEX,UFUMUD02,0.9967259609097362
POFFEX,BAHGUN02,0.9961570102503584
POFFEX,UFUMUD,0.9955062924274974
POFFEX,UGEPEB01,0.9950812812309712
POFFEX,NAPSUV,0.8712241247235145
DIHVIB01,UXISUR,0.9999999882559738
DIHVIB01,XAMDUM07,0.9999986765721092
DIHVIB01,DIHVIB,0.9999931296608188
DIHVIB01,XAMDUM04,0.9999921585495446
DIHVIB01,DOTSOV10,0.9999470028651116
DIHVIB01,QAWHIH,0.9992191469752464
DIHVIB01,GAVDUD,0.9963767238553376
DIHVIB01,NEHZUY,0.9963112799541084
DIHVIB01,KAJZIH,0.9949208645434976
DIHVIB01,LASYOU,0.9465401114557056
DIHVIB01,IWEVAJ,0.918689890851092
DIHVIB01,YUGLES,0.9079782910377832
DIHVIB01,YAGHUM,0.907879208339462
DIHVIB01,NUTQEZ,0.9076836393461222
DIHVIB01,HOYQIX,0.8871820899677687
DIHVIB01,IPUPIU,0.8871009969758534
DIHVIB01,WANJIF,0.8848743267718379
DIHVIB01,ADONEP,0.8844682983246971
DIHVIB01,EXAXAE,0.8820816984091571
LAYXER,LAYWOA,0.9998786851715364
LAYXER,HEHROE,0.9997188751151046
LAYXER,DEKBON,0.9990755660531704
LAYXER,HOYQIX,0.970175771419469
LAYXER,IPUPIU,0.9697137146784254
LAYXER,BAZFUF,0.9683401453530004
LAYXER,QOWRAV12,0.957395537573118
LAYXER,QOWRAV08,0.9573803353398552
LAYXER,QOWRAV06,0.957321650574743
LAYXER,QOWRAV05,0.9572877684904022
LAYXER,QOWRAV02,0.9572666959801566
LAYXER,LIGQEA,0.9530486061898203
LAYXER,FISGOF,0.9066071618652196
LAYXER,NAPSUV,0.8838090717730307
LAYXER,AZAVUU,0.8785613246475719
LAYXER,XICKOL,0.8717731062470011
LAYXER,LURRIA,0.8667445387034867
LAYXER,SIXNOF,0.8640811453310946
LAYXER,SIXNIZ,0.8636118891258562
QOWRAV06,QOWRAV05,0.9999999825600084
QOWRAV06,QOWRAV04,0.9999999661769025
QOWRAV06,QOWRAV02,0.9999999541482856
QOWRAV06,QOWRAV08,0.9999999475438012
QOWRAV06,QOWRAV12,0.9999999168097582
QOWRAV06,QOWRAV10,0.9999998078384787
QOWRAV06,HEHROE,0.9527615407238303
QOWRAV06,IPUPIU,0.9445892010484148
QOWRAV06,FISGOF,0.9011935412537088
QOWRAV06,ENIHUG,0.8677959877519209
QOWRAV06,MIKVEK,0.8666124390588674
QOWRAV06,LASYOU,0.862947121089123
QOWRAV06,LURRIA,0.8607539482520012
AZAVUU,ZAZBUZ,0.9161986160812304
AZAVUU,BAZFUF,0.8970087758026656
AZAVUU,QOWRAV10,0.8887184100536454
AZAVUU,QOWRAV12,0.8886872882866601
AZAVUU,QOWRAV05,0.8885998254709289
AZAVUU,LAYWOA,0.8778783790648077
AZAVUU,HEHROE,0.8774254307498733
AZAVUU,HOYQIX,0.8772451767087216
AZAVUU,IPUPIU,0.8769482742884427
AZAVUU,ANUGOG,0.8692800553124095
VEDFAN,BOWDOI,0.9999994922578668
VEDFAN,VEDFUH,0.9999986750922176
VEDFAN,BOWDUO,0.9999957631885446
VEDFAN,BOWDIC,0.9999887765488678
VEDFAN,VEDGIW,0.9999810970059372
VEDFAN,VEDFIV,0.9999805531255253
VEDFAN,EXUXEC,0.9999364123561528
VEDFAN,OJOBAS,0.9999324814710092
VEDFAN,ABAVIJ,0.9994079221951266
VEDFAN,TATSIS,0.999196826474329
VEDFAN,ABAVUV,0.9987283824296797
VEDFAN,LASMAV,0.9986626189495228
VEDFAN,ERUNUC,0.9232686493811016
VEDFAN,DIDBOJ,0.9230044528355392
VEDFAN,BUKLOJ,0.8830425884587276
VEDFAN,LIDSIC,0.8790174532291979
VEDFAN,BAKJII,0.8782520032344721
VEDFAN,TIDNIF,0.8770069581422776
USAYOE,WUHMUJ,0.9974989706883856
USAYOE,QUSVOQ,0.939293802798703
USAYOE,DERBIO,0.8623160713570849
ULOGIL,EKUNON,0.999877616826456
ULOGIL,FELXOM,0.8663417699564591
ULOGIL,LUWKIZ,0.8613435832561357
ULOGIL,VAKLIF,0.860491131362878
EKERIW,YUZJOU,0.9992677146906476
WUHMUJ,GEPBEK,0.992535108486004
WUHMUJ,QUSVOQ,0.9422888740406384
WUHMUJ,BUKLOJ,0.9049011938712233
WUHMUJ,DERBIO,0.8650481897529282
WUHMUJ,MOXDOT01,0.8649924359555919
WUHMUJ,WEMKEG,0.8647258770241195
MAHTAR,LUSHOX05,0.9999129108736782
MAHTAR,VUQJUN01,0.9461332192037084
MAHTAR,MIQCUL,0.9081198779094956
MAHTAR,ENISUQ,0.9073678120674212
MAHTAR,DAWCOV,0.9058011997948026
MAHTAR,DADLEC,0.8761013992930379
MAHTAR,ABAYIO,0.874060367110065
MAHTAR,WEYQAU02,0.8711843437271864
MAHTAR,WEYQAU09,0.8706870378419419
MAHTAR,XIHXET,0.868320806627747
MAHTAR,ROYMEZ,0.865111595484136
ENIHUG,IPUPIU,0.916418183052148
ENIHUG,LAYWOA,0.8852436636312395
ENIHUG,LASYOU,0.8797567005909008
ENIHUG,BAZFUF,0.8697228754147015
ENIHUG,QOWRAV10,0.8678349672890717
ENIHUG,QOWRAV08,0.8678164011333828
ENIHUG,QOWRAV05,0.8677841700893693
ENIHUG,QOWRAV04,0.8677795207493845
ENIHUG,QOWRAV02,0.8677768085236595
ENIHUG,MIKVEK,0.8606926416337388
KETHEY,IGUVIR,0.9091642770520147
KETHEY,IGUTUB01,0.9091618571805312
KETHEY,SITDAD,0.9006786993132814
KETHEY,DUWBEE,0.8973485079767519
KETHEY,QEKLID,0.8949360502488505
KETHEY,NOLRIR,0.8930288644008646
KETHEY,PAQYAJ01,0.8811246064621094
KETHEY,PAQXUC,0.8809707011037957
KETHEY,ZASJAG,0.8793541395970033
KETHEY,RIGHAR,0.87925029267902
KETHEY,KEJBOQ,0.8791134325463161
KETHEY,WEBLAQ,0.8779153966571971
KETHEY,AWEJIW,0.8651781257736563
KETHEY,SIZGEO,0.8594873504353079
MIBQAR07,MIBQAR01,0.9999989938100052
MIBQAR07,LAWFOF,0.9999986189860922
MIBQAR07,PEVQOY,0.9999914832938224
MIBQAR07,ROZXEL,0.9438354833031166
MIBQAR07,ODODIW,0.906656611381928
MIBQAR07,HUTZAX01,0.9059730827926596
MIBQAR07,JEDDII,0.8972108521085425
MIBQAR07,TONQOD,0.8914565699366459
MIBQAR07,WORLAS,0.8849742803002749
MIBQAR07,NIKHAS,0.884118037383698
MIBQAR07,NAWXER,0.8818756093903907
MIBQAR07,WUMDIT,0.8766505812009329
MIBQAR07,MEWPIQ,0.8726082905611826
MIBQAR07,NOXMAQ,0.8709799490084321
MIBQAR07,XEGXIT,0.8626637113466347
MIBQAR07,YICQOS,0.8611438330820559
MIBQAR07,DUFLOH,0.8608995352495015
DIHVIB,XAMDUM07,0.999997828456564
DIHVIB,YOZMIL,0.999997225493484
DIHVIB,UXISUR,0.9999931995424334
DIHVIB,XAMDUM05,0.9999762671746868
DIHVIB,XAMDUM04,0.9999762414135024
DIHVIB,QAWHIH01,0.9993920948521834
DIHVIB,QIZLIW,0.9982778148182312
DIHVIB,GAVDUD,0.9960557161219342
DIHVIB,NEHZUY,0.995987575983884
DIHVIB,KAJZIH,0.9945427687602548
DIHVIB,LASYOU,0.9466666386823304
DIHVIB,DALSOA,0.9329591729932828
DIHVIB,MIKVEK,0.9295358756400376
DIHVIB,EXOYAS,0.9195973652562972
DIHVIB,IWEVAJ,0.9186444486869813
DIHVIB,YUGLES,0.9080574952883876
DIHVIB,YAGHUM,0.907972962425721
DIHVIB,NUTQAV,0.9078933476465998
DIHVIB,HUCBOX02,0.8972580568745044
DIHVIB,HOYQIX,0.8872317097407268
DIHVIB,IPUPIU,0.8871677134087563
DIHVIB,USEVOF,0.885063881489665
DIHVIB,EXAXAE,0.8817891006340636
KUJMIN,FUMJAA,0.9999846709032786
KUJMIN,PARKUQ,0.999738163448062
KUJMIN,SIZGEO,0.9986824635689016
KUJMIN,NABLIM,0.9973097818435196
KUJMIN,DUWBEE,0.9471113125606836
KUJMIN,SITDAD,0.9470032086404376
KUJMIN,QUQFOY,0.9316873059383116
KUJMIN,LIQFEY,0.9072136218403372
KUJMIN,QEKLID,0.8862000159084281
KUJMIN,VAKLIF,0.8749197958568008
KUJMIN,YIKGEF,0.8713209171820245
KUJMIN,NOLRIR,0.8711731615966609
KUJMIN,GOYLUB,0.8688566036726734
IPUPIU,HOYQIX,0.999989326963684
IPUPIU,ANUGOG,0.987558448568548
IPUPIU,LAYWOA,0.9680021689687984
IPUPIU,HEHROE,0.967014268563781
IPUPIU,DEKBON,0.9644153815079968
IPUPIU,QOWRAV,0.9446585791684026
IPUPIU,QOWRAV10,0.9446399597611022
IPUPIU,QOWRAV12,0.9446226411408014
IPUPIU,QOWRAV04,0.9445677928517744
IPUPIU,QOWRAV02,0.9445642687373556
IPUPIU,LASYOU,0.9328616173576746
IPUPIU,ONIXOZ,0.9083089902668164
IPUPIU,FISGOF,0.9081488228298754
IPUPIU,XICKOL,0.8948895527384843
IPUPIU,XAMDUM07,0.8871318637217193
IPUPIU,QAWHIH01,0.887123274530327
IPUPIU,QAWHIH,0.8871050804599067
IPUPIU,XAMDUM,0.8871015363645722
IPUPIU,UXISUR,0.8871013166288197
IPUPIU,XAMDUM04,0.8870468881738975
IPUPIU,DOTSOV10,0.8868435909603409
IPUPIU,QIZLIW,0.884499619192862
IPUPIU,GAVDUD,0.8817958937179093
IPUPIU,LURRIA,0.8692302486019459
IPUPIU,SIXNIZ,0.8640190674937669
BOVHEB,MOFTIL02,0.9855244777038066
BOVHEB,NAHGUB,0.8933375719760228
BOVHEB,PEPHID,0.8930488122104121
BOVHEB,GAMFEG,0.8885608460739007
BOVHEB,SAQFUM,0.8695583529145381
BOVHEB,SAQFUM01,0.869525789101682
BOVHEB,OHOROS,0.8694103380290893
WACLEU,XIHXET,0.8614146978441372
YOZMIL,XAMDUM,0.9999989055268236
YOZMIL,UXISUR,0.999998889932488
YOZMIL,XAMDUM05,0.999989401027442
YOZMIL,QAWHIH01,0.9993092505287496
YOZMIL,KAJZIH,0.9947785414823058
YOZMIL,LASYOU,0.9465922168293996
YOZMIL,DALSOA,0.9329803147014016
YOZMIL,MIKVEK,0.9297260695900944
YOZMIL,ONIXOZ,0.9245974191413332
YOZMIL,EXOYAS,0.9196655802537886
YOZMIL,IWEVAJ,0.918696819316226
YOZMIL,YUGLES,0.90800988044063
YOZMIL,NUTQEZ,0.907729814588886
YOZMIL,ADONEP,0.884440298411048
YOZMIL,EXAXAE,0.8819719832399502
YOZMIL,EXAXAE03,0.8816404870198624
WAYKAK,ZEDVOV,0.9460526671994296
WAYKAK,FOKYIP,0.9322970160239376
XAMDUM05,UXISUR,0.9999948650308256
XAMDUM05,DOTSOV10,0.9999747008349468
XAMDUM05,GAVDUD,0.9966417403306138
XAMDUM05,NEHZUY,0.996578687658156
XAMDUM05,KAJZIH,0.995235090759894
XAMDUM05,LASYOU,0.9464199022382054
XAMDUM05,DALSOA,0.9330067238639472
XAMDUM05,MIKVEK,0.9300847219564404
XAMDUM05,EXOYAS,0.9197881095325064
XAMDUM05,YUGLES,0.907899273654745
XAMDUM05,YAGHUM,0.907787690400158
XAMDUM05,NUTQEZ,0.9075716667527108
XAMDUM05,HOYQIX,0.8871284910436816
XAMDUM05,USEVOF,0.885004837381837
XAMDUM05,WANJIF,0.8849041451135983
XAMDUM05,ADONEP,0.8845453271850632
XAMDUM05,EXAXAE,0.8823223326054206
XAMDUM05,EXAXAE03,0.88200945298031
XAMDUM05,ANUGOG,0.8779522635909933
XAMDUM05,XICKOL,0.8606968286166585
NIWZIE17,NIWZIE18,0.99999986854545
NIWZIE17,NIWZIE09,0.9999864072709588
NIWZIE17,NIWZIE02,0.9999798544715518
NIWZIE17,NIWZIE01,0.9999467386372504
NIWZIE17,NAXVOY04,0.9998854788739244
NIWZIE17,MOPQIT,0.999851272022864
NIWZIE17,XEHSOT,0.9998122487970652
NIWZIE17,LICSEW04,0.9960186084352116
NIWZIE17,MGFORD02,0.9957462793650016
NIWZIE17,AMURUX,0.9950723831556296
DADTOS17,PADJOU01,0.9999978241821204
DADTOS17,MNFORD03,0.9999960821663714
DADTOS17,DADTOS16,0.999995425889245
DADTOS17,VIRJEM,0.9999952340736734
DADTOS17,REZJIR03,0.9999901110869568
DADTOS17,MNFORD02,0.9999883252301318
DADTOS17,YUKTUU,0.9999879626552044
DADTOS17,REZJIR02,0.9999871038137074
DADTOS17,PADJOU,0.9999716466722144
DADTOS17,DADTOS13,0.9999418026534612
DADTOS17,DADTOS,0.999920872765202
DADTOS17,DADTOS04,0.9999188062678412
DADTOS17,DADTOS01,0.9999177499887038
DADTOS17,DADTOS09,0.9999155721055336
DADTOS17,DADTOS12,0.9999128187595612
QUQFOY,NABLIM,0.9327673987497038
QUQFOY,SIZGEO,0.932760116353524
QUQFOY,PARKUQ,0.9326029805235037
QUQFOY,MITSIS,0.9322133598990062
QUQFOY,AWEJIW,0.9162648206627764
QUQFOY,NOLRIR,0.9109811167687172
QUQFOY,CIKCOQ,0.8897904574297317
QUQFOY,PAQXUC,0.8591325993941882
KAJZIH,NEHZUY,0.9998880786296824
KAJZIH,GAVDUD,0.9998758736413936
KAJZIH,QIZLIW,0.998945411728339
KAJZIH,XAMDUM,0.9949181828639296
KAJZIH,XAMDUM07,0.9947571737779428
KAJZIH,QAWHIH01,0.9903275254846294
KAJZIH,QAWHIH,0.9901964471282436
KAJZIH,MIKVEK,0.9327745424265304
KAJZIH,ONIXOZ,0.932628299376572
KAJZIH,EXOYAS,0.917388873126062
KAJZIH,IWEVAJ,0.9144622209052384
KAJZIH,YUGLES,0.9005751882092632
KAJZIH,YAGHUM,0.9000842761430814
KAJZIH,NUTQAV,0.8996765545741493
KAJZIH,NUTQEZ,0.899248202182878
KAJZIH,EXAXAE03,0.8848894211494422
KAJZIH,EXAXAE,0.8848013345734982
KAJZIH,ADONEP,0.8819551784039337
KAJZIH,WANJIF,0.8808751577207202
KAJZIH,HOYQIX,0.8805766480747519
KAJZIH,USEVOF,0.879074291659832
KAJZIH,ANUGOG,0.8736673898967869
KAJZIH,OGEBAF01,0.8607526398892356
WIZMAV06,WIZMAV09,0.9999999712438414
WIZMAV06,WIZMAV10,0.9999999563476788
WIZMAV06,WIZMAV12,0.9999997257272064
WIZMAV06,EMIYUW,0.9548728491285052
WIZMAV06,GAYXEM,0.9534185471276152
WIZMAV06,BUNLAZ,0.9494411158443272
WIZMAV06,BUNKUS,0.9488095099207128
WIZMAV06,OFOJAX,0.9310599490059254
WIZMAV06,DITJOH,0.9225363066794464
WIZMAV06,IZIBUQ,0.9102426284586672
WIZMAV06,ESEBOV,0.8931978411975933
WIZMAV06,UNEJEE,0.892910478437877
UNEJEE,OFOJAX,0.9212033913797516
UNEJEE,WIZMAV08,0.8929042984382551
UNEJEE,WIZMAV09,0.8928973567560707
UNEJEE,WIZMAV10,0.8928943033201665
UNEJEE,WIZMAV12,0.8928697698498552
UNEJEE,BUNKUS,0.8833741143420274
UNEJEE,EMIYUW,0.8600303181458973
UNEJEE,GERBEN,0.8599933307190719
UNEJEE,HERHAQ,0.8598215555219196
UNEJEE,GAYXEM,0.8597755238331217
MUDTAH,KEFBOO,0.9859172166865025
WIZMAV12,WIZMAV07,0.9999998951565184
WIZMAV12,WIZMAV04,0.9999998060352278
WIZMAV12,WIZMAV08,0.9999998030840348
WIZMAV12,HERHAQ,0.9558410015142292
WIZMAV12,GERBEN,0.955393468903805
WIZMAV12,EMIYUW,0.95483136726927
WIZMAV12,GAYXEM,0.9533609191162202
WIZMAV12,BUNLAZ,0.9493538662022892
WIZMAV12,BUNKUS,0.9487184766391528
WIZMAV12,OFOJAX,0.9309708691501852
WIZMAV12,IZIBUQ,0.910173175357056
WIZMAV12,WUPTUY01,0.8634368802242163
WIZMAV09,WIZMAV10,0.9999999984511716
WIZMAV09,WIZMAV08,0.9999999919686308
WIZMAV09,WIZMAV05,0.9999999530248695
WIZMAV09,HERHAQ,0.955858134733466
WIZMAV09,EMIYUW,0.9548594779235468
WIZMAV09,GAYXEM,0.9533999465813434
WIZMAV09,BUNLAZ,0.9494129229115534
WIZMAV09,IZIBUQ,0.9102201986269736
WIZMAV09,ESEBOV,0.893186041678022
WIZMAV09,OXOLAP,0.8632084773104842
DUNXUH13,DUNXUH15,0.9999859999710918
DUNXUH13,NANYUX01,0.8971070454249912
BICPUA,KIKMAV,0.907075794671378
XAMDUM07,UXISUR,0.9999987136869756
XAMDUM07,DOTSOV10,0.9999290237096417
XAMDUM07,QAWHIH01,0.999317307808009
XAMDUM07,QIZLIW,0.9983977537111072
XAMDUM07,GAVDUD,0.9962379339028896
XAMDUM07,NEHZUY,0.9961713766372736
XAMDUM07,DALSOA,0.93297855175081
XAMDUM07,MIKVEK,0.9297066277770888
XAMDUM07,EXOYAS,0.9196601477417944
XAMDUM07,YUGLES,0.9080146236087818
XAMDUM07,NUTQEZ,0.9077367447492783
XAMDUM07,WANJIF,0.8848529844018402
XAMDUM07,EXAXAE,0.8819553955517018
XAMDUM07,ANUGOG,0.8779170284643009
XAMDUM07,XICKOL,0.8605395962341562
LAWFOF,MIBQAR01,0.9999999630112362
LAWFOF,PEVQOY,0.99998694595926
LAWFOF,ROZXEL,0.9437424454806848
LAWFOF,HUTZAX01,0.9058969101461852
LAWFOF,JEDDII,0.8971894302625707
LAWFOF,SACHIP,0.8960711305536314
LAWFOF,TONQOD,0.8913331810078454
LAWFOF,EKEKEL,0.887293104878436
LAWFOF,DARYIF,0.8842535237991992
LAWFOF,NIKHAS,0.8840249700799057
LAWFOF,NAWXER,0.8817462040978088
LAWFOF,PUGSER,0.880725056449668
LAWFOF,WUMDIT,0.8765915919899234
LAWFOF,MEWPIQ,0.8724912786024248
LAWFOF,NOXMAQ,0.8708461290596318
LAWFOF,NANYUX01,0.870624094761743
LAWFOF,YICQOS,0.8611459496699111
LAWFOF,DUFLOH,0.8608917299525356
GUDCIT,HIQNOM,0.9568645085774032
BUNKUS,BUNLAZ,0.9999861483724718
BUNKUS,WIZMAV05,0.9488176814829368
BUNKUS,WIZMAV08,0.9487956456182232
BUNKUS,WIZMAV04,0.9487950664069412
BUNKUS,WIZMAV07,0.9487748226226452
BUNKUS,GAYXEM,0.9156067152259488
BUNKUS,EMIYUW,0.9143433856567952
BUNKUS,HERHAQ,0.9126215227685908
BUNKUS,SURLEY,0.8974657275282699
EXAXAE03,EXAXAE,0.999991531603311
EXAXAE03,ADONEP,0.9981534439226776
EXAXAE03,WANJIF,0.997355086720148
EXAXAE03,USEVOF,0.995923098408998
EXAXAE03,GAVDUD,0.8850702539993849
EXAXAE03,QIZLIW,0.8847240598112864
EXAXAE03,DOTSOV10,0.8825397508182369
EXAXAE03,XAMDUM04,0.8819363361995134
EXAXAE03,UXISUR,0.8817545607221844
EXAXAE03,XAMDUM,0.8817536610832556
EXAXAE03,QAWHIH01,0.8778912504778497
ECODIK,UGEPEB01,0.999968179772498
ECODIK,BAHGUN03,0.9999044706019892
ECODIK,UFUMUD02,0.9998493800372328
ECODIK,UFUMUD,0.9998392758759618
ECODIK,MURREW,0.999100767864309
ECODIK,IPINAY,0.997986389284106
ECODIK,POFDOF,0.9970948410843032
ECODIK,XICKOL,0.8768919466878238
ECODIK,NAPSUV,0.8651608164333254
VIFPUY05,VIFPUY02,0.9999999986025856
VIFPUY05,VIFPUY03,0.999999991669784
VIFPUY05,VIFPUY,0.9999999859921392
VIFPUY05,VACFOV01,0.9999967719677768
VIFPUY05,VACFOV,0.999985095218806
VIFPUY05,MAYJOM,0.9999588381203324
VIFPUY05,CIFSAO,0.9033236325048573
VIFPUY05,CIFSES,0.9031495497784277
VIFPUY05,FOSTIS,0.9030351672389436
VIFPUY05,FOSTOY,0.902606302675252
VIFPUY05,CUFFEP,0.8747433986771966
VIFPUY05,CUFFUF,0.8747354064135147
VIFPUY05,TIKXAN,0.8747250685513879
VIFPUY05,CUFFIT,0.8747131574081479
VIFPUY05,FEYDET,0.8745630817268102
VIFPUY05,IYUHIU,0.8735963437813884
VIFPUY05,PEYVEV,0.8599198970656493
UHISEK,OPENUT,0.9977657576415374
MIBQAR01,ROZXEL,0.9437632756716072
MIBQAR01,HUTZAX01,0.905914046278076
MIBQAR01,JEDDII,0.897191409491731
MIBQAR01,SACHIP,0.8960583165852727
MIBQAR01,ACODIH,0.8947609331843914
MIBQAR01,NAWXER,0.8817734257944044
MIBQAR01,NANYUX01,0.8706479028886701
MIBQAR01,YICQOS,0.8611452648961195
MIBQAR01,DUFLOH,0.860890552673225
VELVOY,MECWEX,0.999999999983054
VELVOY,OFERUN02,0.9999998294374596
XEGXIT,PEVQOY,0.8631105537138382
KEQMAX03,MAKROG,0.9998302999035148
MAKROG,BASHEJ,0.9977153002370048
QEKLID,NOLRIR,0.991117964231014
QEKLID,SITDAD,0.9326644034094992
QEKLID,DUWBEE,0.9311431795345048
QEKLID,PARKUQ,0.8870098256021294
QEKLID,GOYLUB,0.8852407587688805
QEKLID,IGUVIR,0.8656213472828016
QEKLID,IGUTUB,0.8653613019523068
QEKLID,IGUTUB01,0.8628428584768266
CIZQOT,MUZHUL,0.9972727947897996
ROLCEC03,ROLCEC01,0.999995258669166
XEHSOT,MOPQIT,0.9999973880187298
XEHSOT,NAXVOY04,0.9999909909768044
XEHSOT,NIWZIE02,0.999915093992516
XEHSOT,NIWZIE09,0.9998996738734224
XEHSOT,MGFORD02,0.9973408600439208
NIHBEM01,CAJHUS01,0.9999926510760236
NIHBEM01,NIHBAI01,0.999988535260618
NIHBEM01,IZAKAX,0.9998711698897396
NIHBEM01,VICBEQ,0.9989997939871216
NIHBEM01,NUDPAE02,0.9989578511692516
NIHBEM01,NUDPAE01,0.998954083836618
NIHBEM01,XACLOF,0.9973213722004668
NIHBEM01,NUDNUW09,0.9971754123905324
NIHBEM01,PESTAL,0.9971412918687282
XAMDUM04,UXISUR,0.9999916200643666
XAMDUM04,XAMDUM,0.9999915957266496
XAMDUM04,DOTSOV10,0.9999625782547968
XAMDUM04,QAWHIH01,0.9991582391446135
XAMDUM04,QIZLIW,0.9986073905255414
XAMDUM04,GAVDUD,0.9965672848923768
XAMDUM04,NEHZUY,0.996501132851656
XAMDUM04,DALSOA,0.93299875616694
XAMDUM04,MIKVEK,0.9300273043915298
XAMDUM04,EXOYAS,0.9197575806064652
XAMDUM04,YAGHUM,0.9078080485526304
XAMDUM04,NUTQAV,0.9077093353938276
XAMDUM04,NUTQEZ,0.907597652786623
XAMDUM04,HUCBOX02,0.8973270561371037
XAMDUM04,WANJIF,0.8849460697092573
XAMDUM04,ANUGOG,0.8779419537243858
YINPEQ,VAKLIF,0.999898909014133
YINPEQ,QUSBIQ,0.9996500024881708
HAZGOF07,EXEQAA,0.8340249677112272
HAZGOF07,HAZGOF06,0.9999981463338248
HAZGOF07,CAVMUJ02,0.998899586407106
GAVDUD,NEHZUY,0.999999408666286
GAVDUD,QIZLIW,0.999543663992266
GAVDUD,UXISUR,0.9963752643365398
GAVDUD,ONIXOZ,0.9320684636124495
GAVDUD,DALSOA,0.9299307937994756
GAVDUD,EXOYAS,0.9184168281814448
GAVDUD,YUGLES,0.902388478198729
GAVDUD,YAGHUM,0.9019577092768584
GAVDUD,NUTQEZ,0.9012198660647684
GAVDUD,HUCBOX02,0.8945597627441502
GAVDUD,ADONEP,0.8830338839842261
GAVDUD,USEVOF,0.8806662684755566
GAVDUD,ANUGOG,0.8749973786288765
GAVDUD,OGEBAF,0.8610169476968299
GAVDUD,XICKOL,0.8598228242437258
TATSIS,ERUNIQ,0.9999861011149608
TATSIS,LASMAV,0.9999267190515512
TATSIS,BIPXIK,0.9993967061201968
TATSIS,BOWDIC,0.9993752224596314
TATSIS,AHETAK,0.9993236704909544
TATSIS,VEDFUH,0.9992472868550784
TATSIS,VEDFIV,0.9990303085613568
TATSIS,CEYPUT01,0.998583055907844
TATSIS,ABAVUV,0.995914992511588
TATSIS,DIDBOJ,0.9223580994496272
TATSIS,DIDBID,0.9219712959671
TATSIS,ERUNUC,0.9218049746747208
TATSIS,LIDSIC,0.8772783382418355
TATSIS,TIDNIF,0.876566385224597
NUFCAU,NUFBOH,0.9974230667787404
NUFCAU,DOYHIK,0.9848119076949992
NUFCAU,JAYXAL,0.8982853633108768
NUFCAU,IRELAU,0.8871287633481225
GAYXEM,EMIYUW,0.9997472241536924
GAYXEM,GERBEN,0.9994612851400372
GAYXEM,WIZMAV10,0.9533956216516742
GAYXEM,BUNLAZ,0.9158350009510572
GAYXEM,IZIBUQ,0.9054222252660488
GAYXEM,DITJOH,0.88200142349581
GAYXEM,ESEBOV,0.8596324470250639
YICGUP,ADEGIA,0.8836487704069829
YICGUP,VODBEW,0.862347276276237
PASGIB02,PASGEX04,0.999998468432901
PASGIB02,NIPWIT01,0.8946656549644256
PASGIB02,DECXUH,0.8763943109437007
PASGIB02,TACTUP,0.8740466189569182
UMIZEX,AFUDUD,0.9728297837048788
UMIZEX,AYOZIZ,0.9723755587671312
UMIZEX,MIRGIG,0.965672627214566
UMIZEX,AFOVIB,0.9286119664712572
UMIZEX,ATIKAP,0.8871080226467696
UMIZEX,ADEGIA,0.8870871966243192
COKJIX,VODBEW,0.9990528976617592
COKJIX,ADEGIA,0.8599192441875543
COKJIX,ATIKAP,0.8598740826920994
KEDQAN,UWAGAB04,0.999675381571654
VEDGES,VEDGIW,0.9999959924504797
VEDGES,OJOBAS,0.9999845790080012
VEDGES,CEYPUT01,0.9999668966272108
VEDGES,VEDFUH,0.9999634164713448
VEDGES,BOWDUO,0.9999509190849256
VEDGES,AHETAK,0.9999453452552178
VEDGES,BOWDIC,0.9999332785102716
VEDGES,ABAVIJ,0.9992613651924828
VEDGES,TATSIS01,0.999062780697136
VEDGES,ERUNIQ,0.9986741231017074
VEDGES,ERUNUC,0.9233541977015514
VEDGES,DIDBOJ,0.923016211404012
VEDGES,DIDBEZ,0.9229919669697544
VEDGES,DIDBID,0.9229190683530316
VEDGES,LIDSIC,0.8791492034996381
VEDGES,BAKJII,0.8785335484619068
VEDGES,TIDNIF,0.8770716951804112
VEDGES,YATDOP,0.8601540650062846
NOMPIQ,CIFMAH,0.913390273316624
NOMPIQ,NIGPAW,0.912971198639752
NOMPIQ,DIBQEM,0.9101967608363888
NOMPIQ,MOXDOT01,0.9028019832720288
NOMPIQ,LUWZUZ02,0.8867611886444379
NOMPIQ,DIDBOJ,0.8856881682789827
NOMPIQ,DIDBEZ,0.8853656790998404
NOMPIQ,DIDBID,0.885296647066812
NOMPIQ,ERUNUC,0.8852746777888029
NOMPIQ,BUKLOJ,0.8608265488206048
MACUFR06,MACUFR04,0.9999736007342436
MACUFR06,OCUQIO02,0.9998311280800528
MACUFR06,OCUQIO,0.9998281918634928
MACUFR06,ROLCEC11,0.9988507430204276
MACUFR06,ROLCEC09,0.99884732681164
MACUFR06,ROLCEC16,0.9980542626841268
ISIYUF01,ERFORD01,0.998079637013104
UGEPEB01,NIHDIU,0.9999524124751112
UGEPEB01,UGEPEB,0.9999389681502318
UGEPEB01,BAHGUN02,0.9999272605771404
UGEPEB01,BAHGUN04,0.9998826244933224
UGEPEB01,UFUMUD02,0.9998101033505356
UGEPEB01,POFDEV,0.9986189116782715
UGEPEB01,IPINAY,0.99789913292788
UGEPEB01,POFDOF,0.9970215593342896
UGEPEB01,XICKOL,0.8768075501548729
PEVQOY,HUTZAX01,0.9062334745114122
PEVQOY,SACHIP,0.8957991046092141
PEVQOY,EKEKEL,0.8872961896350091
PEVQOY,NAWXER,0.882267234868738
PEVQOY,WUMDIT,0.876845979704216
PEVQOY,MEWPIQ,0.8730100828838797
PEVQOY,DUFLOH,0.86081636906603
NASROR,QOPZIF,0.870237597513997
RIPPAJ,VELVIS,0.9998434767250226
KENVOR,KENTEF04,0.9999952928360236
KENVOR,KENVIL02,0.9999917021160604
KENVOR,KEPNAX01,0.878754892914456
SIXNIZ,SIXNOF,0.8957905875614665
SIXNIZ,HOYQIX,0.8642277569477959
SIXNIZ,LAYWOA,0.8626293923840069
SIXNIZ,DEKBON,0.8603156464315573
SIXNIZ,BAZFUF,0.8593702343155583
ROZXEL,OMUSAS,0.8270812585956712
ROZXEL,PUGSER,0.9325169243843036
ROZXEL,TONQOD,0.9142906403655576
ROZXEL,NIKHAS,0.9041395634683056
ROZXEL,ACODIH,0.8849661403777787
ROZXEL,YICQOS,0.8730690028939802
ROZXEL,HUTZAX01,0.8650390332047821
UKIQIP,VUQJUN01,0.9327192263640802
UKIQIP,VUQKAU01,0.9323517006051132
UKIQIP,PUNYIH,0.8862602438409816
UKIQIP,WEYQAU01,0.8854981863983146
UKIQIP,WEYQAU09,0.8848370742342544
UKIQIP,INEXOQ,0.8726195227469677
UKIQIP,DADLEC,0.8652716096782047
MIMVEJ,DEBBIY,0.8848111076050131
DOTSOV17,DOTSOV18,0.9999999985076448
GINHOD,PUNYIH,0.9988574082440994
ODIXIK,ENITEB,0.9999987829458674
ODIXIK,NOZZUZ,0.9995885313974396
ODIXIK,NOZZOT,0.9995352152537488
ODIXIK,GOYLUB,0.90683634438093
ODIXIK,FALGIK,0.8646262866604596
ODIXIK,GERWOR,0.8609462456494399
DAKZUN,DUGDUG,0.986828002532846
DAKZUN,AYOZOF,0.9779876994962098
DAKZUN,UMIZIB,0.9737504882490724
DAKZUN,LEDHEJ,0.966613952102727
DAKZUN,CEJXEW,0.9551272511295504
DAKZUN,BOJYIK,0.8994777876679303
DAKZUN,VITZAB,0.8640578192463906
DAKZUN,TORPUN,0.8610870405835335
NEHZUY,QIZLIW,0.9995202725254236
NEHZUY,DOTSOV10,0.9971399888689952
NEHZUY,UXISUR,0.9963099253423564
NEHZUY,QAWHIH01,0.9922803296001896
NEHZUY,QAWHIH,0.9921629466104134
NEHZUY,LASYOU,0.9397595642650542
NEHZUY,ONIXOZ,0.9321019388775093
NEHZUY,DALSOA,0.92987025561853
NEHZUY,YUGLES,0.9023055860110676
NEHZUY,YAGHUM,0.9018718600446656
NEHZUY,NUTQAV,0.9015102791724144
NEHZUY,HUCBOX02,0.8945004200372328
NEHZUY,EXAXAE,0.8850407144582559
NEHZUY,ADONEP,0.882969742918837
NEHZUY,HOYQIX,0.8821905073310694
NEHZUY,WANJIF,0.8821080856550272
NEHZUY,USEVOF,0.8805942721493867
NEHZUY,OGEBAF,0.8609997293480919
NEHZUY,XICKOL,0.8597830684685608
LAYWOA,HEHROE,0.9999668967166252
LAYWOA,DEKBON,0.9996237659541548
LAYWOA,ANUGOG,0.983857782596712
LAYWOA,HOYQIX,0.9685345051736588
LAYWOA,BAZFUF,0.9665258314713484
LAYWOA,QOWRAV,0.9545504053477214
LAYWOA,QOWRAV10,0.954505814567436
LAYWOA,QOWRAV08,0.9544479919689368
LAYWOA,QOWRAV04,0.9543336887910518
LAYWOA,LIGQEA,0.9497929790244516
LAYWOA,MIKVEK,0.9190708467677452
LAYWOA,ONIXOZ,0.9188135697738172
LAYWOA,FISGOF,0.9054543986560664
LAYWOA,NAPSUV,0.8822750396560625
LAYWOA,LURRIA,0.8654450549043521
LAYWOA,SIXNOF,0.8632416732763994
NIGPEA,CIFMAH,0.9999987076173102
NIGPEA,AXINIF,0.9999947900534744
NIGPEA,MIHJUL,0.99986710194595
NIGPEA,DERBIO,0.9557691361021204
NIGPEA,MOXDOT01,0.9551497376877626
NIGPEA,BUKLOJ,0.9009822497599734
NIGPEA,ERUNUC,0.8849376792211705
NIGPEA,DIDBEZ,0.8838802324015963
NIGPEA,DIDBOJ,0.8835838981871567
NIGPEA,AGAFAS,0.8787298399632999
NIGPEA,CAQKAJ01,0.8764564166005597
NIGPEA,TAHYUZ,0.8754895242304708
NIGPEA,CAQJOW,0.8695586622809072
FILYAC,WIMWEW,0.9999583957913184
FILYAC,XADDOX,0.9996809850178496
FILYAC,MOXDEJ,0.9982874604903388
FILYAC,XAPSIS,0.8968824192710514
FILYAC,FUMJAZ01,0.8626194689121961
FILYAC,XIHSEN01,0.8605436291076651
FILYAC,XIHSEN,0.8601974568393485
FILYAC,TONBOO,0.8600478869426729
FILYAC,XEVXUT,0.8599349094535396
RUGYOJ,YUYGOQ,0.9999949434531096
RUGYOJ,FALGIK,0.864740079425268
XOGWUN,FONQAC,0.9124958760294286
XOGWUN,GOQTIR,0.8851555795848365
XOGWUN,FALGIK,0.8823587784727056
XOGWUN,DAPYAW,0.8766947260246629
XOGWUN,GOYLUB,0.8692013847709663
XOGWUN,VAKLIF,0.8652357693130562
QOWRAV08,QOWRAV12,0.9999999964722536
QOWRAV08,QOWRAV10,0.9999999561813012
QOWRAV08,QOWRAV05,0.9999998696113162
QOWRAV08,QOWRAV,0.9999998623914714
QOWRAV08,QOWRAV02,0.9999998036062951
QOWRAV08,BAZFUF,0.9971582963665436
QOWRAV08,ANUGOG,0.9568601109319526
QOWRAV08,DEKBON,0.9487422128013744
QOWRAV08,HOYQIX,0.9442270370356391
QOWRAV08,FISGOF,0.9012316920462634
QOWRAV08,MIKVEK,0.866670067480009
QOWRAV08,LASYOU,0.8629684311910318
NUTQAV,NUTQEZ,0.9999946847821296
NUTQAV,OGEBAF,0.9373318893388176
NUTQAV,LURRIA,0.9121696907610478
NUTQAV,QAWHIH01,0.9082144287970018
NUTQAV,XAMDUM,0.9077886677859952
NUTQAV,UXISUR,0.9077883321353536
NUTQAV,DOTSOV10,0.9074227173944232
NUTQAV,FISGOF,0.9071450598431888
NUTQAV,QIZLIW,0.9046131794801572
NUTQAV,QIYDIN01,0.8857576646254158
NUTQAV,LASYOU,0.8651139711141169
ABAYIO,WEYQAU01,0.9920811497266664
ABAYIO,WEYQAU02,0.9914906092588424
ABAYIO,BIYTOU,0.882737567545322
ABAYIO,UVETUL,0.8602925750880205
REZJIR02,YUKTUU04,0.9999999519589282
REZJIR02,YUKTUU05,0.999999969038295
REZJIR02,DADTOS16,0.999997884086282
REZJIR02,PADJOU01,0.9999943752684434
REZJIR02,DADTOS13,0.9999836764344272
REZJIR02,MNFORD02,0.9999759929861172
REZJIR02,DADTOS,0.9999718393584176
REZJIR02,DADTOS04,0.999970600894838
REZJIR02,DADTOS11,0.9999702019104968
REZJIR02,DADTOS01,0.9999699641753136
REZJIR02,DIDVIW,0.9999663203807172
AXULEM,FUMJAA,0.9199075274494
HOSPEL,BUZKUE,0.998543661868482
HOSPEL,VUQJEX,0.9983377217114462
HOSPEL,FUSWIA,0.99805513464557
HOSPEL,QONKUB,0.9974170190398296
HOSPEL,QONLAI,0.9973933546305817
HOSPEL,DEGJIK,0.995424706783548
QOWRAV12,QOWRAV,0.9999999029287368
QOWRAV12,QOWRAV04,0.999999776897085
QOWRAV12,BAZFUF,0.9971646071116492
QOWRAV12,ANUGOG,0.9568692908794518
QOWRAV12,HEHROE,0.9528443566128862
QOWRAV12,HOYQIX,0.9442342922420268
QOWRAV12,FISGOF,0.9012415687845344
QOWRAV12,MIKVEK,0.8666849935673975
QOWRAV12,LASYOU,0.8629739375519621
QOWRAV12,LURRIA,0.8607975106721243
TONQOD,GOSDUP,0.998583870854046
TONQOD,PUGSER,0.8847297641357288
DADTOS12,DIDVIW,0.9999999969734198
DADTOS12,DADTOS09,0.9999999779021066
DADTOS12,DADTOS08,0.9999999624599653
DADTOS12,DADTOS04,0.999999893487886
DADTOS12,DADTOS,0.9999998048227756
DADTOS12,DADTOS13,0.9999970810397478
DADTOS12,REZJIR03,0.9999611346187428
DADTOS12,VIRJEM,0.9999488051796817
DADTOS12,REZJIR,0.9999481723122682
DADTOS12,PADJOU01,0.9999348489790236
DADTOS12,PADJOU,0.9999309041293952
DADTOS12,LIJWOR02,0.999902013331142
DADTOS12,MNFORD02,0.999900839288102
DADTOS12,MNFORD03,0.999872294600151
CUPHUS,PEKZIP,0.9999861976524158
CUPHUS,RAGREY,0.9999414439427308
CUPHUS,KIKRAA,0.9997073182510686
CUPHUS,FUFVEJ,0.9995790602680056
CUPHUS,LIRVAK,0.99956453797725
CUPHUS,ASUKEE01,0.9987506699579912
CUPHUS,FITSAD,0.9984886347525734
CUPHUS,OJOQAF,0.9939996155200994
LIGQEA,QOWRAV02,0.9997582016370512
LIGQEA,QOWRAV05,0.9997556432001748
LIGQEA,QOWRAV10,0.9997374890455656
LIGQEA,QOWRAV,0.999732226950304
LIGQEA,BAZFUF,0.9952056493008762
LIGQEA,HOYQIX,0.9420210909388494
LIGQEA,FISGOF,0.8983233743067981
EZOFEF,PUNYON,0.9999987095627106
EZOFEF,VEMSUC,0.9956629359248657
EZOFEF,XUJPOI,0.99540904465935
EZOFEF,NUNNUH,0.9944938718922676
EZOFEF,XUJPEY,0.9938281120552585
QOPZIF,TEQVES,0.9999108487606182
XIHXET,XIHXAP01,0.9990615479071654
XIHXET,VUQKAU01,0.8848963028074315
DOTSOV10,UXISUR,0.9999468462695936
DOTSOV10,XAMDUM,0.9999467320508096
DOTSOV10,LASYOU,0.9461135157326588
DOTSOV10,DALSOA,0.9330059684732568
DOTSOV10,MIKVEK,0.9306006654731374
DOTSOV10,ONIXOZ,0.9260366525309296
DOTSOV10,EXOYAS,0.9199357598569085
DOTSOV10,IWEVAJ,0.9187164858639204
DOTSOV10,HUCBOX02,0.8973567643407673
DOTSOV10,HOYQIX,0.886972201167292
DOTSOV10,WANJIF,0.8849301171484347
DOTSOV10,EXAXAE,0.8828237018323711
DOTSOV10,ANUGOG,0.8779621109289174
DOTSOV10,XICKOL,0.860887365408191
DOTSOV10,OGEBAF01,0.8592253989857627
RUBZIY02,XILBAW,0.999054442816158
RUBZIY02,LONHON,0.9949946389818336
RUBZIY02,ERIQUS,0.9945592977855012
RUBZIY02,XAPMUY,0.9470210179001932
RUBZIY02,MOLLEG,0.919925225455414
RUBZIY02,INICPB01,0.8842504108702783
RUBZIY02,INICPB02,0.8839413882883876
RUBZIY02,POCMEA01,0.8839279069735299
RUBZIY02,POCMEA03,0.8838565409787598
RUBZIY02,POCMEA04,0.8837416937165621
RUBZIY02,RUDRUE,0.8707224665344833
LIQFEY,NABLIM,0.9078521413312076
LIQFEY,MITSIS,0.9076708227123116
LIQFEY,FUMJAA,0.90744995232857
LIQFEY,DUWBEE,0.8633621782853196
VAKREG,VEGMIE,0.9998607918752492
EHAZES,WECSAZ,0.999933941472883
EHAZES,IBEYAQ,0.9462796495257638
EHAZES,DUGDOA01,0.9077014762117852
EHAZES,QICXUY,0.8958942489881343
EHAZES,DIXGIC,0.8772507711732315
EHAZES,SENXER,0.8706226777542916
EHAZES,RUYVIS,0.8701076364426801
EHAZES,SENXAN,0.8668341597146682
EHAZES,AHONEQ,0.8604249491722158
IQEWOQ,DIDVIW,0.9987264306657944
IQEWOQ,DADTOS08,0.9987086795914044
IQEWOQ,DADTOS11,0.9987017981201268
IQEWOQ,DADTOS04,0.9986991556360736
IQEWOQ,REZJIR03,0.998242432176611
IQEWOQ,PADJOU,0.9981862398625756
IQEWOQ,VIRJEM,0.9981620034672812
IQEWOQ,REZJIR,0.99816138531923
IQEWOQ,DADTOS16,0.9981580188028958
IQEWOQ,PADJOU01,0.998087824330417
IQEWOQ,MNFORD03,0.997791714446006
QOWRAV04,QOWRAV02,0.999999999086771
QOWRAV04,QOWRAV05,0.999999997311566
QOWRAV04,QOWRAV10,0.9999996127765322
QOWRAV04,BAZFUF,0.9971142269999038
QOWRAV04,DEKBON,0.9486133463952944
QOWRAV04,FISGOF,0.9011628328928246
QOWRAV04,LURRIA,0.8607260758020532
DADTOS16,VIRJEM,0.9999999947596302
DADTOS16,REZJIR03,0.999998867754037
DADTOS16,YUKTUU,0.9999982253075728
DADTOS16,LIJWOR02,0.99999235316991
DADTOS16,MNFORD02,0.9999836653047772
DADTOS16,MNFORD03,0.9999831210052964
DADTOS16,DADTOS,0.999954346150142
DADTOS16,DADTOS11,0.9999522675288348
DADTOS16,DADTOS08,0.999950932953472
DADTOS16,DADTOS09,0.999950299064156
DADTOS16,DIDVIW,0.9999473863144392
SURLEY,WIZMAV10,0.9469428154794928
SURLEY,WIZMAV07,0.9469425187574828
SURLEY,WIZMAV04,0.9469386660966423
SURLEY,WIZMAV08,0.9469385554205306
SURLEY,HERHAQ,0.9066075299221174
SURLEY,GERBEN,0.9059061806311964
SURLEY,EMIYUW,0.9050988105014824
SURLEY,WUPTUY01,0.904945208575863
SURLEY,BUNLAZ,0.8982170144522844
SURLEY,IZIBUQ,0.8904845262673089
SURLEY,DITJOH,0.8778588655319431
SURLEY,BOHWUS,0.8725089084420004
VITZAB,NIGFOZ,0.9421284124352084
VITZAB,WOJYUR,0.9330116929694304
VITZAB,LEDHEJ,0.901115135835232
VITZAB,XISDIO,0.8651463624359936
DADTUY01,DADTUY,0.9999965619614772
DADTUY01,SOJKOT07,0.9998027692324736
DADTUY01,EDAGEX,0.9988044800260818
DADTUY01,EDAGAT,0.9985041037057336
DADTUY01,RAVVIU,0.9984018610980596
KENVIL,KENTEF04,0.9999999998541148
KENVIL,KENTEF05,0.999999987698998
KENVIL,KEPNAX01,0.8787175095202111
UNIRUF05,UNIRUF01,0.999683084094084
UNIRUF05,UNIRUF04,0.9999406396688932
UNIRUF05,UNIRUF11,0.9994433851113912
REYCEF,ADATAC,0.8610003612707716
IXOFUX01,IXODUV,0.9999998301875174
IXOFUX01,IDIWOH04,0.9999997595876886
IXOFUX01,IDIWOH06,0.999999722423994
IXOFUX01,IDIWOH05,0.9999996940123166
IXOFUX01,XAVDEF,0.9999996874678038
IXOFUX01,ATOTIM,0.9999337522412528
IXOFUX01,ALOVEC,0.9960526248862012
IXOFUX01,PARFOF,0.8850392235684728
RABWAS,FERLEU,0.9978275386947116
RABWAS,JEXLIK,0.8703134676807116
QIZLIW,UXISUR,0.9984871254435378
QIZLIW,XAMDUM,0.9984865172647536
QIZLIW,QAWHIH01,0.995632480268815
QIZLIW,QAWHIH,0.995543775292558
QIZLIW,MIKVEK,0.9326994060829658
QIZLIW,DALSOA,0.9318432722595922
QIZLIW,EXOYAS,0.9197041759063193
QIZLIW,IWEVAJ,0.91764612157037
QIZLIW,YAGHUM,0.9048782383874834
QIZLIW,NUTQEZ,0.9043309576638738
QIZLIW,EXAXAE,0.8848248721995069
QIZLIW,ADONEP,0.8843624285747635
QIZLIW,WANJIF,0.8839556292205063
QIZLIW,ANUGOG,0.8768655998400681
QIZLIW,OGEBAF01,0.8610047920693165
QIZLIW,XICKOL,0.860926989206671
LURRIA,OGEBAF01,0.9240983590850732
LURRIA,YUGLES,0.9124064557457746
LURRIA,YAGHUM,0.9122817636709194
LURRIA,NUTQEZ,0.9120454646470092
LURRIA,QIYDAF01,0.8804442236017002
LURRIA,FAGQAI,0.8799840515366647
LURRIA,BAZFUF,0.86608104780418
LURRIA,HEHROE,0.8646715384031188
LURRIA,DEKBON,0.8625927999137369
LURRIA,MIKVEK,0.8623029380455962
LURRIA,QOWRAV,0.860844465953118
LURRIA,QOWRAV10,0.8608201431489394
LURRIA,QOWRAV02,0.8607214794827535
ESEBOV,OFOJAX,0.9208212593604412
ESEBOV,WIZMAV08,0.8931922846308038
ESEBOV,WIZMAV04,0.8931920523392558
ESEBOV,WIZMAV10,0.8931832950799333
ESEBOV,BUNLAZ,0.8833547955895674
ESEBOV,GERBEN,0.8600321740666347
BIPXIK,BOWDIC,0.999998845795264
BIPXIK,AHETAK,0.9999978740020984
BIPXIK,BOWDUO,0.9999964998121104
BIPXIK,BOWDOI,0.9999875292645736
BIPXIK,VEDFIV,0.9999397087635016
BIPXIK,CEYPUT01,0.999798580774074
BIPXIK,ABAVIJ,0.999505043662037
BIPXIK,TATSIS01,0.9994563963218214
BIPXIK,ERUNIQ,0.9992278279020744
BIPXIK,LASMAV,0.99892852894342
BIPXIK,ABAVUV,0.9984402546191518
BIPXIK,DIDBOJ,0.9229767886370958
BIPXIK,BUKLOJ,0.8833737165007349
BIPXIK,BAKJII,0.8779906354389351
ERUNIQ,LASMAV,0.9999752080640134
ERUNIQ,TATSIS01,0.9998479548734442
ERUNIQ,ABAVIJ,0.9995068407762764
ERUNIQ,BOWDIC,0.9991998072830508
ERUNIQ,AHETAK,0.9991449098335676
ERUNIQ,YODRAM,0.9991219511683628
ERUNIQ,BOWDUO,0.9991204875879603
ERUNIQ,VEDFUH,0.999059352254672
ERUNIQ,VEDGIW,0.998710111373986
ERUNIQ,OJOBAS,0.9984158102007706
ERUNIQ,ABAVUV,0.9954841780178286
ERUNIQ,DIDBEZ,0.9217427311795892
ERUNIQ,DIDBID,0.9216783163237606
ERUNIQ,ERUNUC,0.9215331518041376
ERUNIQ,LIDSIC,0.8769747915524249
ERUNIQ,TIDNIF,0.8762350116898543
ERUNIQ,BAKJII,0.8752226864555277
XUZRIU,HABZEQ,0.999506573398272
XUZRIU,YIPFIO,0.9003776994137992
XUZRIU,TAHYUZ,0.8647796725822494
XUZRIU,BUKLOJ,0.8642356648223602
XUZRIU,UGECEO01,0.8641539915131358
XUZRIU,SACMOA,0.8640960293280129
XUZRIU,IGAHED01,0.8640549180014658
XUZRIU,IGAHED03,0.8638264037715243
XUZRIU,XIHSEN01,0.8616343077301117
XUZRIU,XIHSAJ,0.8615709024272428
FAMBUS,IZEBEV,0.9804099901229876
DUWBEE,FUMJAA,0.947016814036401
DUWBEE,MITSIS,0.9468804537301216
DUWBEE,SIZGEO,0.9451432523860088
DUWBEE,NABLIM,0.94338021660685
DUWBEE,AWEJIW,0.9040766128282578
DUWBEE,PAQXUC,0.8652254965320728
DUWBEE,PAQYAJ01,0.8645761189086117
DUWBEE,GERWOR,0.861076677174816
POJTUE,EFEGOM,0.9999990793056855
POJTUE,SETQUF,0.9999953773005984
POJTUE,SADMUH,0.999988457861005
POJTUE,SETRAM,0.999974921445521
POJTUE,POJTOY01,0.999971082954153
POJTUE,VAGVAC,0.9999541091406514
POJTUE,POJTOY,0.9999420912561434
POJTUE,SETQAL,0.999929908238762
POJTUE,XADCOW,0.999877336663692
POJTUE,KUXSIH,0.9748011360556864
POJTUE,TOVJAR,0.9070173467378666
POJTUE,UFIKIG,0.8692249617620695
SAJLEX,SAKFAO,0.999670698367547
MIKVEK,ONIXOZ,0.9987878149229656
MIKVEK,LASYOU,0.9774336355537896
MIKVEK,ANUGOG,0.9338710400266592
MIKVEK,HEHROE,0.9188822631949614
MIKVEK,NAPSUV,0.8788716212493444
MIKVEK,BAZFUF,0.8773779511885254
MIKVEK,QOWRAV,0.8667631977913115
MIKVEK,QOWRAV10,0.8667226517194034
MIKVEK,QOWRAV05,0.8665791659328899
MIKVEK,QOWRAV02,0.866558472130581
MIKVEK,IWEVAJ,0.8601465967434873
FEYDET,CUFFIT,0.9999800030748964
FEYDET,CUFFEP,0.9999715696104924
FEYDET,CUFDUD,0.99981337532383
FEYDET,IYUHIU,0.9997157839188217
FEYDET,XINTOG,0.924917061350922
FEYDET,VIFPUY,0.8745604396744141
FEYDET,LOQLEJ,0.874560004304936
FEYDET,VIFPUY03,0.8745592818901988
WIVRIE,DAKVIW,0.8931271389344567
WIVRIE,WUHMOD,0.8598731014862893
EXAXAE,ADONEP,0.9983721439968014
EXAXAE,XAMDUM,0.8820796081022115
EXAXAE,QAWHIH01,0.8783726860339833
EXAXAE,QAWHIH,0.8782631508340886
DEGJIK,PASGAU,0.9999505419468672
DEGJIK,QOMSES,0.9997009261865696
DEGJIK,QONLIQ,0.999645545622446
DEGJIK,QONLAI,0.9995241789429372
DEGJIK,QONKUB,0.9995216378640208
DEGJIK,FUSWIA,0.9988908745607024
DEGJIK,FUQJUX,0.9986771070787186
DEGJIK,JAVNIE,0.9972285167373124
DEGJIK,VUQJEX01,0.995142937084889
DEGJIK,VUQJEX,0.9950765946747698
LIRVAK,FUFVEJ,0.9999964233094788
LIRVAK,KIKRAA,0.9999810106401896
LIRVAK,XIQZIH,0.9998558723692824
LIRVAK,RAGREY,0.9998205600373736
LIRVAK,PEKZIP,0.9996976001259176
LIRVAK,FITSAD,0.9996464356722272
LIRVAK,KOGYIP,0.9995631632287378
LIRVAK,OJOQAF02,0.9970639431551374
LIRVAK,OJOQAF,0.9967866387161678
HOGSIG,ACICOH,0.9999748349926136
HOGSIG,ROGLOP,0.999996839001402
HOGSIG,UFATEA01,0.9999556114385568
HOGSIG,TEVVOI,0.9179011169173644
HOGSIG,LIDSAU,0.8792172620155716
HOGSIG,XOMCIN,0.8791621890810954
HOGSIG,JAMSEY,0.8761455656024942
KEJBOQ,RIGHAR,0.9996370316264492
KEJBOQ,WEBLAQ,0.9975674602349212
KEJBOQ,ROCZEQ,0.9934413283485372
KEJBOQ,IGUTUB01,0.9233292482955056
KEJBOQ,IGUTUB,0.9227702220134576
KEJBOQ,IGUVIR,0.9224411039647528
KEJBOQ,VAKLIF,0.879694790853512
VEDFUH,BOWDUO,0.9999989707624604
VEDFUH,YODRAM,0.9999989199269343
VEDFUH,AHETAK,0.9999979532055576
VEDFUH,BOWDIC,0.9999933864875284
VEDFUH,VEDGIW,0.9999724213010054
VEDFUH,OJOBAS,0.9999163812274208
VEDFUH,CEYPUT01,0.9998652904128644
VEDFUH,ABAVIJ,0.9994177756622956
VEDFUH,LASMAV,0.9987316001330102
VEDFUH,ERUNUC,0.9232457838832456
VEDFUH,DIDBOJ,0.9229804416310332
VEDFUH,DIDBEZ,0.9228973449991278
VEDFUH,DIDBID,0.9228198326387884
VEDFUH,LIDSIC,0.8789854787368808
VEDFUH,BAKJII,0.8781901498493105
VEDFUH,TIDNIF,0.8769510054780316
VEDFUH,YATDOP,0.8599870032277273
FOSTOY,FOSTIS,0.9999896069353196
FOSTOY,CIFSAO,0.9999753628281732
FOSTOY,NEDLOZ,0.9995156793546804
FOSTOY,IFIPEV,0.9531629002322148
FOSTOY,VIFPUY02,0.9026118852379188
FOSTOY,LOQLEJ,0.9025914754546068
FOSTOY,VIFPUY04,0.9025776196374762
YAGHUM,YUGLES,0.999992267223964
YAGHUM,NUTQEZ,0.9999792696487888
YAGHUM,OGEBAF,0.9376423028518994
YAGHUM,OGEBAF01,0.9373751769485882
YAGHUM,XAMDUM,0.9078799529825556
YAGHUM,UXISUR,0.9078796524724084
YAGHUM,QIYDIN01,0.8857563905795454
YAGHUM,FAGQAI,0.8809464246103892
YAGHUM,LASYOU,0.8650901055380861
WIGPUA,WIGQAH,0.9999790376328485
NIHDIU,UFUMUD,0.9998463878272966
NIHDIU,UGEPEB,0.9997948782382744
NIHDIU,MURREW,0.9992796358587182
NIHDIU,KAKTIA,0.9989960104214008
NIHDIU,POFDOF,0.9974292247529666
NIHDIU,NAPSUV,0.8656510323140658
LIJWOR02,MNFORD03,0.9999977967532024
LIJWOR02,PADJOU01,0.9999966374079864
LIJWOR02,REZJIR,0.9999927106522428
LIJWOR02,REZJIR03,0.9999865682690214
LIJWOR02,PADJOU,0.999974741756826
LIJWOR02,DADTOS13,0.9999328374609476
LIJWOR02,DADTOS,0.999910546308661
LIJWOR02,DADTOS04,0.9999083528043922
LIJWOR02,DADTOS11,0.9999076523627132
LIJWOR02,DADTOS08,0.9999058045222462
LIJWOR02,DIDVIW,0.9999009239165148
DARYIF,UVASAM,0.8959597033617104
PUGSER,JAYXAL,0.8716382161474405
PUGSER,DUFLOH,0.8647436535238879
PUGSER,WUMDIT,0.864012267249712
REZJIR,PADJOU01,0.9999992199049608
REZJIR,YUKTUU,0.9999980948043844
REZJIR,MNFORD02,0.9999867676685004
REZJIR,DADTOS13,0.9999697961562072
REZJIR,DADTOS,0.999954325513118
REZJIR,DADTOS04,0.9999527542741375
REZJIR,DADTOS01,0.9999519506458624
REZJIR,DADTOS08,0.9999509195743428
REZJIR,DADTOS09,0.9999502872892366
DADTOS11,DADTOS09,0.99999998011141
DADTOS11,DIDVIW,0.9999998811922326
DADTOS11,DADTOS13,0.9999979869201924
DADTOS11,YUKTUU,0.9999688704104254
DADTOS11,VIRJEM,0.999952866309606
DADTOS11,PADJOU01,0.9999394260591756
DADTOS11,MNFORD02,0.9999061879233666
DADTOS11,MNFORD03,0.9998787559471192
IGUTUB,IGUVIR,0.9999629336946771
IGUTUB,ROCZEQ,0.9202308216579232
IGUTUB,ZASJAG,0.9196978084052592
IGUTUB,CIKCOQ,0.909335495449834
IGUTUB,DAPYAW,0.8850205371625515
IGUTUB,GURXUN01,0.8836689465526746
IGUTUB,GOYLUB,0.8775291321075452
IGUTUB,AWEJIW,0.8601991932525402
IGUTUB,VOQBUZ,0.8601017986748142
KINGUM,RUBTAK08,0.9999845866681932
CUFDUD,CUFFIT,0.9997000671698238
CUFDUD,CUFFEP,0.9996674020983524
CUFDUD,VIFPUY02,0.8738298422183588
CUFDUD,VIFPUY03,0.8738210343510667
CUFDUD,VIFPUY04,0.8738141084282846
YUKTUU02,YUKTUU03,0.9999999857192208
FENTEY,NABLIM,0.9999889172576226
FALGIK,DAPYAW,0.9519939359393456
FALGIK,GOYLUB,0.9435692752892264
FALGIK,AWEJIW,0.9316819466159842
FALGIK,IGUVIR,0.921454217422402
FALGIK,IGUTUB01,0.9175585512252826
FALGIK,GOQTIR,0.8849360342363773
FALGIK,MUXVIM,0.8830410391360777
FALGIK,FELXOM,0.8798168689205299
FALGIK,YICRAF,0.8728104006802508
FALGIK,NOZZUZ,0.8651416097814194
FALGIK,WUHMOD,0.8651323454886721
FALGIK,YUYGOQ,0.8646644711839904
FALGIK,ODIXAC,0.8632382944196852
FALGIK,NOZZOT,0.8631791686383569
FALGIK,FONQAC,0.8625144085689882
PADJOU,MNFORD02,0.9999920660032664
PADJOU,REZJIR03,0.9999811802201616
PADJOU,YUKTUU,0.9999775570179582
PADJOU,MNFORD03,0.9999605450626712
PADJOU,DADTOS04,0.999935277506321
PADJOU,DADTOS01,0.9999345198114687
PADJOU,DADTOS09,0.9999329390277472
MEFZUU,PUNYIH,0.8108940768975459
XENMIO,HUTZAX01,0.9422360637382304
UXISUR,XAMDUM,0.9999999999385843
UXISUR,QAWHIH,0.9992198078726996
UXISUR,LASYOU,0.946539814896691
UXISUR,DALSOA,0.9329905095975656
UXISUR,ONIXOZ,0.9247757058810204
UXISUR,EXOYAS,0.9197055142116692
UXISUR,HUCBOX02,0.8973030464505348
UXISUR,USEVOF,0.8850381753346116
UXISUR,ANUGOG,0.8779313657801073
NAPSUV,HOYQIX,0.9107671908220436
NAPSUV,ANUGOG,0.9007584348821404
NAPSUV,HEHROE,0.8813793714282412
NAPSUV,DEKBON,0.8789977156160882
NAPSUV,ONIXOZ,0.8734196547549065
NAPSUV,POFDEV,0.8695084346584938
NAPSUV,KAKTIA,0.8691653808723646
NAPSUV,MURREW,0.8689100203263238
NAPSUV,UFUMUD02,0.8669244816037784
NAPSUV,BAHGUN03,0.8665871025235368
NAPSUV,BAHGUN02,0.866271827485068
NAPSUV,BAZFUF,0.8606741745633577
UGEPEB,UFUMUD,0.9998798993614052
UGEPEB,BAHGUN04,0.9996524469463623
UGEPEB,BAHGUN03,0.9996312507028292
UGEPEB,MURREW,0.998604901293614
UGEPEB,KAKTIA,0.9983613703570616
UGEPEB,IPINAY,0.997179887787887
UGEPEB,XICKOL,0.876038646694382
ESEDEN,XIHXAP01,0.915324807987418
MURREW,POFDEV,0.9999448829083007
MURREW,BAHGUN03,0.9995898084295972
MURREW,BAHGUN02,0.9995107830818056
MURREW,POFDOF,0.9994062752333734
MURREW,UFUMUD,0.9992421981189455
MIHJUL,AXINIF,0.9999143570381755
MIHJUL,CIFMAH,0.99984004325637
MIHJUL,NIGPAW,0.9784027098314784
MIHJUL,NIGNUO,0.9735363137608276
MIHJUL,DERBIO,0.9550419521613116
MIHJUL,MOXDOT01,0.9541919667536072
MIHJUL,DIDBID,0.8827954973170319
MIHJUL,DIDBOJ,0.8824888650972531
MIHJUL,AGAFAS,0.8770964083847781
MIHJUL,CAQKAJ01,0.8758445846352567
MIHJUL,HAJYAV,0.8675392789671273
MIHJUL,CAQJOW,0.8674705529521263
MIHJUL,DIQHAO01,0.8595991126422269
TIDNIF,LIDSIC,0.9972640802865562
TIDNIF,BAKJII,0.9963961055337494
TIDNIF,DIDBID,0.908876191787696
TIDNIF,DIDBEZ,0.9087873170110496
TIDNIF,DIDBOJ,0.9087407355928508
TIDNIF,FUMJAZ01,0.9070716560322668
TIDNIF,ERUNUC,0.9069620414398778
TIDNIF,XEVXUT,0.9026041394988576
TIDNIF,VASYEW,0.8904662093166429
TIDNIF,AGAFAS,0.8881731368720401
TIDNIF,TATSIS01,0.8774393482404935
TIDNIF,CEYPUT01,0.8773045220360802
TIDNIF,VEDFIV,0.8772919763953289
TIDNIF,EXUXEC,0.8770146435180897
TIDNIF,AHETAK,0.8769648304415102
TIDNIF,YODRAM,0.8769593171469465
TIDNIF,VEDGIW,0.8768957369143978
TIDNIF,OJOBAS,0.8768204182342387
TIDNIF,LASMAV,0.8758892404279637
GUXSOI,KOGCIT,0.9990435626286368
IFIPIZ,GAGSIT,0.9956343959126392
QAWHIH,QAWHIH01,0.9999995501392164
QAWHIH,XAMDUM,0.999220244837121
QAWHIH,ONIXOZ,0.9189970283505048
QAWHIH,EXOYAS,0.9178418794791728
QAWHIH,NUTQEZ,0.9082307772460172
QAWHIH,HOYQIX,0.8870036191137456
QAWHIH,ADONEP,0.8826746434108871
QAWHIH,ANUGOG,0.8768301056857468
XAPSIS,AGAFAS,0.9301897526970172
XAPSIS,WIMWEW,0.896753512899452
XAPSIS,XADDOX,0.8963223939033821
XAPSIS,XADDUD,0.8957518483154812
XAPSIS,BUKLOJ,0.869680378547422
XAPSIS,BAKJII,0.8611386799028911
XAPSIS,LIDSIC,0.8610273948688487
XAPSIS,QUSVOQ,0.8609998932197629
TONBOO,BUKLOJ,0.8841063367859976
TONBOO,MOXDEJ,0.862823065887982
TONBOO,XADDUD,0.8622435943384117
TONBOO,XADDOX,0.8617456169207637
TONBOO,WIMWEW,0.8606906762870288
TONBOO,XEVSIB01,0.8596217501121468
TONBOO,XEVSIB,0.8595507153510253
YATDOP,DIQHAO01,0.9940674607588156
YATDOP,ERUNUC,0.9254551315506768
YATDOP,DIDBEZ,0.9248034732052892
YATDOP,DIDBID,0.9247200924314124
YATDOP,LIDSIC,0.8872014699049701
YATDOP,BAKJII,0.8869628922720076
YATDOP,CIFMAH,0.8715330044354145
YATDOP,AXINIF,0.8713695639826794
YATDOP,OJOBAS,0.8602278840775424
YATDOP,CEYPUT01,0.8602140040569146
YATDOP,VEDFIV,0.8600903112177936
YATDOP,BOWDOI,0.8600019230575272
YATDOP,BOWDUO,0.8599500147622551
YATDOP,YODRAM,0.8599490896683946
YATDOP,ABAVUV,0.859945345723166
YATDOP,AHETAK,0.8599343117858261
YATDOP,EXUXEC,0.8596882525954497
YATDOP,MOXDOT01,0.8594449922545249
YATDOP,NIGPAW,0.8593770587961365
NOFHOG,RUYVIS,0.9619149037574176
IFIPEV,NEDLOZ,0.9551933421064636
IFIPEV,CIFSAO,0.9537046013302825
IFIPEV,MAYJOM,0.947079725047805
IFIPEV,VACFOV01,0.9469514622484332
IFIPEV,VIFPUY02,0.9468914949622604
IFIPEV,VIFPUY,0.9468874810891048
IFIPEV,VIFPUY04,0.9468830972237828
CAJHUS01,NIHBAI01,0.999999543944896
CAJHUS01,NUDPAE02,0.9987758565845748
CAJHUS01,NUDPAE01,0.9987717744502378
CAJHUS01,XACLOF,0.9970344812981202
CAJHUS01,NUDNUW09,0.996883213265602
CAJHUS01,PESTAL,0.996847733458076
CAJHUS01,NUDNUW01,0.9967465822489532
NUDPAE01,NUDPAE02,0.9999999965940184
NUDPAE01,VICBEQ,0.9999994882842104
NUDPAE01,XACLOF,0.999621781737621
NUDPAE01,NUDNUW01,0.999514348045679
NUDPAE01,IZAKAX,0.9980929773516783
NUDPAE01,CAJHUS,0.997917048545568
KUXSIH,YAXCAC,0.9905246600263314
KUXSIH,YAXBUV02,0.9903565724459364
KUXSIH,KUXREC,0.9867253576597202
KUXSIH,POJTOY,0.9770888821707882
KUXSIH,EFEGOM,0.9745653627755478
KUXSIH,SETRAM,0.9732362586133592
KUXSIH,XADCOW,0.9712681127898986
KUXSIH,TOVJAR,0.8927828048580312
KUXSIH,REZXOK,0.866786910043626
GOYLUB,DAPYAW,0.9082084594212356
GOYLUB,POKZOG,0.9080896320580242
GOYLUB,NOZZOT,0.907991094166656
GOYLUB,ODIXAC,0.9079690972117688
GOYLUB,EVUDAA,0.9074329162620264
GOYLUB,YUYGOQ,0.9067718644031324
GOYLUB,ENITEB,0.9067565329464288
GOYLUB,NOLRIR,0.8848877205308174
GOYLUB,LUWKIZ,0.8843880089222684
GOYLUB,WEBLAQ,0.8830232923587132
GOYLUB,ROCZEQ,0.8791312648967955
GOYLUB,AWEJIW,0.8779620834192835
GOYLUB,IGUTUB01,0.8778535888648054
GOYLUB,IGUVIR,0.8772396835469299
GOYLUB,NABLIM,0.8742785095521765
GOYLUB,REFWIL,0.8741327286736772
GOYLUB,SIZGEO,0.8726703582485307
GOYLUB,PARKUQ,0.8711209023708734
GOYLUB,MITSIS,0.8700603207927562
GOYLUB,FELXOM,0.8690785739365097
GOYLUB,VAYFAE,0.8689500732689655
GOYLUB,EKUNON,0.8638730863782635
GOYLUB,YICRAF,0.8609068594700924
GOYLUB,FOKWOT,0.8608568680280202
AXINIF,CIFMAH,0.999988483687801
AXINIF,NIGNUO,0.9763891435416664
AXINIF,DERBIO,0.9556466504374737
AXINIF,MOXDOT01,0.9549815554682102
AXINIF,NOMPIQ01,0.9130239323816188
AXINIF,CIKPEU,0.9128833132930332
AXINIF,DIDBEZ,0.8837134952391451
AXINIF,DIDBID,0.8836220096308256
AXINIF,DIDBOJ,0.883395766817987
AXINIF,AGAFAS,0.8784279914260515
AXINIF,CAQKAJ01,0.8763568281045073
AXINIF,TAHYUZ,0.8753171298367841
AXINIF,CAQJOW,0.8691671890062308
AXINIF,WEMKEG,0.8628024300740067
AXINIF,DIQHAO01,0.8615492997263763
NOMPIQ01,NIGNUO,0.9103885972808522
NOMPIQ01,MOXDOT01,0.9028429609813128
NOMPIQ01,DERBIO,0.9021254103099888
NOMPIQ01,BUKLOJ,0.8608019787717213
ATIJUI,YIVZOU,0.9079168491912004
ATIJUI,MEQKOL,0.9996752304378362
ATIJUI,UTONEX,0.863369331044559
DADTOS,DADTOS04,0.9999999866742098
DADTOS,DADTOS08,0.999999938476806
DADTOS,DADTOS09,0.9999999140678346
DADTOS,DIDVIW,0.9999997531878636
DADTOS,DADTOS13,0.99999839542895
DADTOS,REZJIR03,0.9999664378204576
DADTOS,MNFORD02,0.99990892880268
ENITEB,ODIXAC,0.9995186045623043
ENITEB,NOZZOT,0.999488612527806
ENITEB,VAKLIF,0.9072909362973354
ENITEB,GERWOR,0.8609179612166824
LUWKIZ,EKUNON01,0.8616047163269822
VUQJUN01,OCAKUB,0.9989786577906596
VUQJUN01,VUQKAU01,0.9981664568441648
VUQJUN01,DADLEC,0.9224219407061738
VUQJUN01,ROYMEZ,0.8843312359444373
VUQJUN01,ENISUQ,0.8651381352649058
VUQJUN01,DAWCOV,0.864871927981935
VUQJUN01,MIQCUL,0.8646841649433897
MITSIS,PARKUQ,0.9999352616646408
MITSIS,SIZGEO,0.9991482819317076
MITSIS,NABLIM,0.9980849192005375
MITSIS,SITDAD,0.9471729926516568
MITSIS,GERWOR,0.9061677964917664
MITSIS,IJEYEC,0.8904160046269544
MITSIS,VAKLIF,0.8749992011279952
TORPUN,WOJYUR,0.8679996382276505
TORPUN,NIGFOZ,0.8641256563620857
TORPUN,CEJXEW,0.8640758015896682
TORPUN,XISDIO,0.8601504230466177
LEDHEJ,UMIZIB,0.995938196758673
LEDHEJ,DUGDUG,0.973605015536768
LEDHEJ,WOJYUR,0.9720772189107194
LEDHEJ,XISDIO,0.9714651331519552
LEDHEJ,ZALLEG,0.9328338666142756
LEDHEJ,CEJXEW,0.9303176678928337
LEDHEJ,KEDJEL,0.9270158815700096
AMOBEL01,SIWYOO,0.9993886721398252
AMOBEL01,SANMEB,0.9984211682398858
AMOBEL01,ELUQIM04,0.9923853386644524
CIKPEU,NIGPAW,0.9130201867371036
CIKPEU,DIBQEM,0.9102582043341574
CIKPEU,MOXDOT01,0.9027794876215224
CIKPEU,DIDBID,0.8852754241202176
CIKPEU,ERUNUC,0.8852470570802495
CIKPEU,BUKLOJ,0.8608394009054642
TIKXAN,CUFFIT,0.9999998603056024
TIKXAN,IYUHIU,0.9995632747865664
TIKXAN,XINTOG,0.9241562757253752
TIKXAN,VACFOV,0.8748381621459738
TIKXAN,VACFOV01,0.874781351627895
TIKXAN,VIFPUY02,0.8747263064774502
TIKXAN,LOQLEJ,0.8747216695002514
FUSWIA,FUQJUX,0.9999905638852288
FUSWIA,QONKUB,0.9998690304820692
FUSWIA,QONLAI,0.999867781996953
FUSWIA,PEBNER,0.9998566860067734
FUSWIA,BUZKUE,0.9995893299417558
FUSWIA,JAVNIE,0.9995372600882544
FUSWIA,PASGAU,0.9993078375566612
FUSWIA,VUQJEX01,0.998669351020895
FUSWIA,VUQJEX,0.9986344042172388
KOGYIP,PEKZIP,0.9999874093203988
KOGYIP,RAGREY,0.9999427565025292
KOGYIP,FUFVEJ,0.999580922484174
KOGYIP,XIQZIH,0.9991421573552908
KOGYIP,ASUKEE01,0.998745032839815
KOGYIP,FITSAD,0.998474008534784
KOGYIP,OJOQAF02,0.9943808580423376
PIQPUC,PIQQEN,0.9998466964370936
DAPYAW,AWEJIW,0.9637601636380598
DAPYAW,NOLRIR,0.9461570456901996
DAPYAW,VAKLIF,0.9025096985205712
DAPYAW,IGUTUB01,0.8857405701286785
DAPYAW,MUXVIM,0.875322079230755
DAPYAW,YICRAF,0.8683204664464184
DAPYAW,SITDAD,0.8602158422365517
DAPYAW,FONQAC,0.8599446041116002
MGFORD02,AMURUX,0.9999748097313595
MGFORD02,MOPQIT,0.9971808316696996
MGFORD02,NAXVOY04,0.997023229532975
MGFORD02,NIWZIE01,0.9966417697978488
MGFORD02,NIWZIE02,0.9963093311096868
MOFTIL01,MOFTIL02,0.9999762180767588
MOFTIL01,NUCRIN,0.999893939914026
MOFTIL01,FECWOB,0.9998052010432904
MOFTIL01,NAHGUB,0.9072780771879916
MOFTIL01,PEPHID,0.89855054186712
MOFTIL01,GAMFEG,0.89656635562502
ADONEP,USEVOF,0.999122607091454
ADONEP,XAMDUM,0.8844639865934643
ADONEP,QAWHIH01,0.8827356960640376
YAVYAW02,YAVYAW,0.9999981552542212
IGAHED03,UGECEO01,0.9998458950942036
IGAHED03,IGAHED01,0.9996134501699144
IGAHED03,SACMOA,0.9989278083818058
IGAHED03,KUHNEI,0.9952377620918684
IGAHED03,XEVSIB01,0.8642105608084607
IGAHED03,XEVSIB,0.8642012784461541
JOPGIG,JOPGOM,0.9999820657889752
IXOFUX,IXODUV,0.9999998626958616
IXOFUX,IDIWOH06,0.9999997266352793
IXOFUX,IDIWOH05,0.9999996925441924
IXOFUX,XAVDIJ,0.999997024150514
IXOFUX,ALOVEC,0.9960469982755208
IXOFUX,PARFOF,0.885038710513379
DIDVIW,DADTOS09,0.9999999585210856
DIDVIW,DADTOS04,0.9999998545522436
DIDVIW,YUKTUU,0.9999649055601348
DIDVIW,REZJIR03,0.9999604471942468
DIDVIW,VIRJEM,0.9999480149541408
DIDVIW,MNFORD02,0.9998998071144944
DIDVIW,MNFORD03,0.99987104868626
QOWRAV,QOWRAV10,0.9999999738766776
QOWRAV,QOWRAV05,0.9999994641029883
QOWRAV,QOWRAV02,0.99999933720961
QOWRAV,ANUGOG,0.9569173334154478
QOWRAV,HOYQIX,0.9442722370692774
QOWRAV,FISGOF,0.9012932670863636
QOWRAV,LASYOU,0.8630027254646282
WIMWEW,XADDOX,0.999868000623561
WIMWEW,XADDUD,0.9995552933760864
WIMWEW,XIHSEN01,0.8612364705647606
LINJEX,IBITEU,0.8155862829832213
MOXDEJ,XEVXUT,0.8655078280106132
MOXDEJ,XIHSAJ,0.8636606682365567
MOXDEJ,XIHSEN01,0.8635551338160122
MOXDEJ,BUKLOJ,0.8602248425843435
SIRBIG01,DOHDOU,0.9999784357428456
OCUQIO,CUFORM06,0.999812613882762
OCUQIO,MAGNEQ01,0.9999441434909409
OCUQIO,ROLCEC09,0.9977921841996809
OCUQIO,ROLCEC06,0.9976716914692052
OCUQIO,ROLCEC01,0.9967904456224
FIVRUA,FONQAC,0.927550371696716
ACODIH,JEDDII,0.9972470554700892
ACODIH,WUMDIT,0.975395002978058
ACODIH,EKEKEL,0.9079964272912132
EXUXEC,YODRAM,0.9999636547909369
EXUXEC,BOWDUO,0.9999633548261148
EXUXEC,CEYPUT01,0.9996816142587744
EXUXEC,LASMAV,0.9991814625877974
EXUXEC,ERUNUC,0.9230190397504956
EXUXEC,DIDBOJ,0.92297246183461
EXUXEC,DIDBEZ,0.9228273395610064
EXUXEC,LIDSIC,0.8786901644254146
EXUXEC,BAKJII,0.8776751013289
PAQYAJ01,PAQXUC,0.9997651950940154
PAQYAJ01,GURXUN01,0.9143482629993008
PAQYAJ01,CIKCOQ,0.8811172743123928
PAQYAJ01,HIBSUG01,0.8774557966845706
PAQYAJ01,SITDAD,0.868380780384862
AHONEQ,DOLPIF,0.9960613707819824
AHONEQ,EXUTAU,0.8591020123522293
MOHSAF,LARBOW01,0.9909841894784196
CUFFUF,CUFFOZ,0.999999965065284
CUFFUF,CUFFIT,0.9999995369352638
CUFFUF,IYUHIU,0.9995500232862776
CUFFUF,MAYJOM,0.8749029452397354
CUFFUF,VACFOV,0.8748460717430366
CUFFUF,VACFOV01,0.874790560921863
CUFFUF,VIFPUY03,0.8747324297267423
CUFFUF,LOQLEJ,0.8747320691417998
BAHGUN02,UFUMUD,0.999956403239999
BAHGUN02,BAHGUN03,0.9999521193325984
BAHGUN02,BAHGUN04,0.9999503138074533
BAHGUN02,UFUMUD02,0.999933806257334
BAHGUN02,POFDEV,0.999170594180204
BAHGUN02,POFDOF,0.9978421465911412
POFDEV,IPINAY,0.999875422821256
POFDEV,POFDOF,0.9996714363786444
POFDEV,UFUMUD02,0.9993667576450678
POFDEV,BAHGUN03,0.9992402921907227
POFDEV,BAHGUN04,0.9991921441722912
POFDEV,UFUMUD,0.9988674918236724
POFDEV,XICKOL,0.8790907445651297
NANYUX01,EXOXUL,0.9073121614703644
NANYUX01,DOYHIK,0.8777475375696747
DOTSOV04,DOTSOV23,0.999999999933448
VACFOV,MAYJOM,0.9999934690981878
VACFOV,VIFPUY,0.9999845004568606
VACFOV,VIFPUY03,0.9999843823144144
VACFOV,VIFPUY04,0.9999834427379268
VACFOV,NEDLOZ,0.9058134095199148
VACFOV,CIFSAO,0.903848098936565
VACFOV,CIFSES,0.9036826139168724
VACFOV,IYUHIU,0.8738703464762175
NIHBAI01,IZAKAX,0.9999365566837264
NIHBAI01,CAJHUS,0.9999012349586166
NIHBAI01,VICBEQ,0.9987746888133447
NIHBAI01,NUDPAE02,0.9987283211905468
NIHBAI01,XACLOF,0.9969608698187598
NIHBAI01,NUDNUW09,0.9968079218362378
NIHBAI01,PESTAL,0.9967720831770608
NIHBAI01,NUDNUW01,0.9966695128692112
WIZMAV08,WIZMAV04,0.9999999999887192
WIZMAV08,WIZMAV07,0.9999999856103716
WIZMAV08,WIZMAV05,0.9999999838406024
WIZMAV08,WIZMAV10,0.999999983365989
WIZMAV08,HERHAQ,0.9558624308404764
WIZMAV08,GERBEN,0.9554218913393326
WIZMAV08,EMIYUW,0.9548665514508216
WIZMAV08,BUNLAZ,0.9494278293059216
WIZMAV08,OFOJAX,0.9310463831246892
WIZMAV08,DITJOH,0.922537321949002
WIZMAV08,OXOLAP,0.8632163483158413
IZUKEV,HIQKEZ,0.9999313965729966
WIZMAV04,WIZMAV07,0.999999986399986
WIZMAV04,WIZMAV05,0.9999999829807196
WIZMAV04,HERHAQ,0.9558622710463024
WIZMAV04,EMIYUW,0.9548662905781146
WIZMAV04,OFOJAX,0.9310458171657632
WIZMAV04,DITJOH,0.922537364090802
WIZMAV04,OXOLAP,0.8632160553909474
QOWRAV05,QOWRAV02,0.9999999932645832
QOWRAV05,QOWRAV10,0.9999996746177808
QOWRAV05,BAZFUF,0.9971197789294616
QOWRAV05,ANUGOG,0.9568041518631408
QOWRAV05,LASYOU,0.8629347863989119
BUKLOJ,WEMKEG,0.9456742249494262
BUKLOJ,DERBIO,0.9436659280952148
BUKLOJ,GEPBEK,0.907372565309808
BUKLOJ,NIGNUO,0.90375009501226
BUKLOJ,DIBQEM,0.9035093769188608
BUKLOJ,CIFMAH,0.9011701232090376
BUKLOJ,LASMAV,0.8850039312211715
BUKLOJ,XIHSEN01,0.8849934455419401
BUKLOJ,XIHSAJ,0.8849075508853135
BUKLOJ,TATSIS01,0.8845422774825109
BUKLOJ,ABAVIJ,0.884001825524784
BUKLOJ,BOWDIC,0.8833312532749293
BUKLOJ,AHETAK,0.8832515896172055
BUKLOJ,YODRAM,0.8832182096021366
BUKLOJ,BOWDUO,0.8832160863815239
BUKLOJ,BOWDOI,0.883086021871115
BUKLOJ,VEDFIV,0.8827677117613735
BUKLOJ,VEDGIW,0.8826375940632724
BUKLOJ,CEYPUT01,0.8820995058172275
BUKLOJ,ABAVUV,0.8785756029182138
BUKLOJ,DIDBOJ,0.8756556376074802
BUKLOJ,ERUNUC,0.8747459204596117
BUKLOJ,HAJYAV,0.8692744709983152
BUKLOJ,CAQJOW,0.8692730503398676
BUKLOJ,TAHYUZ,0.866925385616351
BUKLOJ,XEVSIB01,0.8637054504433309
BUKLOJ,HABZEQ,0.8636094118139651
BUKLOJ,XADDUD,0.8593434162864572
WEMKEG,MOXDOT01,0.8998933728955882
WEMKEG,DERBIO,0.8995844736842411
WEMKEG,VEFMAW,0.8651392720523388
WEMKEG,CIFMAH,0.8631189182660302
MEQPEG,IQAGEN,0.8929359899109611
QONLIQ,QONKUB,0.9999905294949762
QONLIQ,PASGAU,0.9998604981277514
QONLIQ,BUZKUE,0.9987916100338076
QONLIQ,VUQJEX01,0.9974033278651868
QONLIQ,VUQJEX,0.9973546721821736
TAJTIK,HAZGOF06,0.999999962042154
TAJTIK,CAVMUJ02,0.9989690747738788
CAVMUJ02,HAZGOF06,0.9989788340636252
LASYOU,ONIXOZ,0.9706235165724414
LASYOU,XAMDUM,0.946540218571208
LASYOU,DEKBON,0.89105416231578
LASYOU,DALSOA,0.8863633548774471
LASYOU,YUGLES,0.8650465850315647
DOYHIK,NUFBOH,0.9946752534886144
DOYHIK,APACAX,0.950794995429894
DOYHIK,JAYXAL,0.9054971703120538
OCAKUB,VUQKAU01,0.9998387544929372
OCAKUB,ROYMEZ,0.881298062078878
OCAKUB,GURXIB,0.8791430023404327
OCAKUB,ENISUQ,0.864320326510095
JAYXAL,NUFBOH,0.9049240427152778
MOHLIF,ADATAC,0.8632948614989674
XUJPEY,NUNNUH,0.9999758696143072
XUJPEY,XUJPOI,0.9998805793901946
XUJPEY,VEMSUC,0.9998356672388872
XUJPEY,PUNYON,0.9936504802852604
XUJPEY,QEZZED,0.8965292162364354
XUJPEY,XUCHOS02,0.8809807985943343
XUJPOI,VEMSUC,0.9999963528463528
XUJPOI,NUNNUH,0.9999476559570384
XUJPOI,XUJPIC,0.999705328927042
XUJPOI,PUNYON,0.9952551710209836
XUJPOI,DAFHID,0.8966931307572007
XUJPOI,LIDSEY,0.8611486370858035
XUJPOI,XOMCIN,0.8610665564771219
FONQAC,GOQTIR,0.9313674494749976
FONQAC,VAYFAE,0.9132082375064368
FONQAC,EKUNON01,0.8727056592143903
FONQAC,EKUNON,0.8726299477370894
WECSAZ,EXUTAU,0.9998139151315149
WECSAZ,IBEYAQ,0.9466906758183168
WECSAZ,QICXUY,0.8952441245211229
WECSAZ,HISSIN,0.8861670980517911
WECSAZ,RUYVIS,0.8686857585112585
WECSAZ,LIXMEM,0.8608037143268173
UFIYIR,UFIRUX,0.9997720767083564
POFDOF,IPINAY,0.9999140043458186
POFDOF,BAHGUN03,0.998049896287642
POFDOF,UFUMUD,0.997334190288355
XUJPIC,NUNNUH,0.9998765237448672
XUJPIC,XUJQAV,0.9996686489078888
XUJPIC,QEZZED,0.8967423339940499
XUJPIC,XUCHOS02,0.8801399545957681
XUJPIC,LIDSAU,0.8611116625748924
XUJPIC,LIDSEY,0.8609561550946321
CIZQUZ,WOBHIF03,0.8681450740551916
BOBTOC,SUHPIV,0.9998794161272426
BOBTOC,BOGXIF02,0.9998678174994594
BOBTOC,OGULUY,0.9911311720503544
TECTUS,RUFMUA,0.9999285460958056
TECTUS,TECVEE,0.999345583283658
BOWDUO,YODRAM,0.9999999993835385
BOWDUO,AHETAK,0.9999998260327088
BOWDUO,BOWDIC,0.9999972601045714
BOWDUO,VEDGIW,0.9999607440958526
BOWDUO,OJOBAS,0.9998968129480432
BOWDUO,CEYPUT01,0.9998440836647045
BOWDUO,LASMAV,0.9988027030982554
BOWDUO,DIDBOJ,0.9229823148950176
BOWDUO,DIDBEZ,0.9228900161551732
BOWDUO,DIDBID,0.9228129928041396
BOWDUO,LIDSIC,0.8789490024112049
BOWDUO,BAKJII,0.878121916819325
RUBTAK09,RUBTAK07,0.9999999967411628
LICSEW04,NIWZIE01,0.996883269995714
LICSEW04,NIWZIE08,0.9966539863983818
LICSEW04,NIWZIE09,0.9964685354524642
LICSEW04,NIWZIE18,0.9959729145554128
QISGAC,DIQGUH,0.9066410462856695
QISGAC,LIWYUM,0.8650513263438099
OKIVIO01,SAHYAD02,0.9999991570407476
OKIVIO01,OKIYIR,0.999998912011565
OKIVIO01,OKIWEL,0.9999988265694352
OKIVIO01,WUNSEE01,0.9999465774922413
TAHYUZ,CAQKAJ01,0.9542626557624168
TAHYUZ,HAJYAV,0.9521946676184416
TAHYUZ,MOXDOT01,0.8853151711725262
TAHYUZ,CIFMAH,0.875573014215421
TAHYUZ,NIGPAW,0.8670635849021048
TAHYUZ,HABZEQ,0.8662910980724358
TAHYUZ,NIGNUO,0.8636577102055474
TAHYUZ,DIBQEM,0.8632504166831371
QAWHIH01,XAMDUM,0.9992572252347112
QAWHIH01,DALSOA,0.9319909977711652
QAWHIH01,ONIXOZ,0.9191531713138316
QAWHIH01,USEVOF,0.8846346572813559
OFERUN02,UZEWUS,0.9999999657194693
OFERUN02,MECWEX,0.9999998328131752
KUXREC,YAXCAC,0.99963842082816
KUXREC,POJTOY,0.9986460245567482
KUXREC,VAGVAC,0.9985859898415318
KUXREC,POJTOY01,0.9984750260358172
KUXREC,XUDSIY,0.9980426470910366
KUXREC,SETQUF,0.9978457114112812
KUXREC,SETRAM,0.9975673679482951
KUXREC,SETQAL,0.9972256783986986
KUXREC,XADCOW,0.996932552722138
KUXREC,REZXOK,0.8846630737113824
KUXREC,LARPEB,0.8705974995361893
KUXREC,UFIKIG,0.8678801629381642
EROJUS02,EROJUS06,0.9999909343314908
REQDEX,ATIKIX,0.999275381249626
REQDEX,NADZID,0.8726475272289336
EMIYUW,GERBEN,0.9999307863420608
EMIYUW,HERHAQ,0.9997474527242096
EMIYUW,WIZMAV07,0.9548570794985056
EMIYUW,WIZMAV10,0.9548563674347867
EMIYUW,BUNLAZ,0.9146867550707412
EMIYUW,IZIBUQ,0.9048129274751692
EMIYUW,OFOJAX,0.8980268911534595
EMIYUW,DITJOH,0.8836527883662494
MOXDOT01,DERBIO,0.9998987841444148
MOXDOT01,CIFMAH,0.9552284940745012
MOXDOT01,NIGPAW,0.9463756193920038
MOXDOT01,DIDBOJ,0.922119793850148
MOXDOT01,DIDBEZ,0.9220865961263752
MOXDOT01,CAQKAJ01,0.8851096883101124
MOXDOT01,CAQJOW,0.882845278529223
MOXDOT01,LUWZUZ02,0.8757531812740285
MOXDOT01,XUBKOU,0.875357621923982
MOXDOT01,VEFMAW,0.8650947251603458
AVUKUY,AVULAF,0.999999195084524
TULLIX,FOKWOT,0.9950410909934252
TULLIX,REFWIL,0.9556523692710543
TULLIX,POKZOG,0.9366778983439004
TULLIX,REXYAX,0.8611518712919775
TULLIX,VAKLIF,0.8608232952123405
GATHAL,HAZGOF04,0.999999317590246
GATHAL,HAZGOF06,0.9999988801613494
NUFBOH,APACAX,0.951265298766165
TALKAT,PEFDEK,0.9989057230662284
TALKAT,DITYEM02,0.9951009513753004
ERIQUS,LONHON,0.999964064063597
ERIQUS,XILBAW,0.9981415392438688
ERIQUS,XAPMUY,0.9436140252861523
ERIQUS,MOLLEG,0.9163347080175808
ERIQUS,POCMEA03,0.8835616539430318
ERIQUS,INICPB01,0.8830424580231166
ERIQUS,YUNBOZ,0.8820444938314014
ERIQUS,RUDRUE,0.874929139345554
DIDBID,DIDBEZ,0.9999970355003316
DIDBID,DIDBOJ,0.9999695357495266
DIDBID,ERUNUC,0.999356950991986
DIDBID,CEYPUT01,0.923029566108574
DIDBID,VEDFIV,0.9230112724418416
DIDBID,ABAVIJ,0.9229579264745094
DIDBID,BOWDOI,0.9228770850940644
DIDBID,BOWDIC,0.9228416436927108
DIDBID,YODRAM,0.9228128948588176
DIDBID,AHETAK,0.9228111945692876
DIDBID,TATSIS01,0.9224825449237616
DIDBID,DERBIO,0.9218894192761846
DIDBID,DIQHAO01,0.9214383053088406
DIDBID,LIDSIC,0.9087550078142635
DIDBID,CIFMAH,0.8838810225016817
DIDBID,FUMJAZ01,0.8829799171929379
DIDBID,LUWZUZ02,0.8824195480139453
ABAVIJ,TATSIS01,0.9999004299011196
ABAVIJ,AHETAK,0.9994657496666944
ABAVIJ,BOWDOI,0.999442056569342
ABAVIJ,VEDFIV,0.9994071425228368
ABAVIJ,LASMAV,0.9993248771118444
ABAVIJ,VEDGIW,0.9992174432562244
ABAVIJ,OJOBAS,0.9990337799955596
ABAVIJ,ABAVUV,0.9968944119405332
ABAVIJ,DIDBOJ,0.923147199439456
ABAVIJ,LIDSIC,0.8778287761329054
TECVEE,DIQGUH,0.8741083936925425
VIFPUY02,VIFPUY,0.9999999790690556
VIFPUY02,LOQLEJ,0.9999999240363312
VIFPUY02,VACFOV01,0.9999969047524916
VIFPUY02,MAYJOM,0.9999593163649988
VIFPUY02,CIFSAO,0.903328851819851
VIFPUY02,CUFFEP,0.8747445945980803
VIFPUY02,CUFFOZ,0.8747426509607467
VIFPUY02,CUFFIT,0.8747144218717974
VIFPUY02,IYUHIU,0.8735991394971194
DALSOA,XAMDUM,0.9329904360066974
DALSOA,EXOYAS,0.8635852726204497
DALSOA,IWEVAJ,0.8624521802508756
ROCZEQ,RIGHAR,0.9960847777277816
ROCZEQ,IGUVIR,0.9208755564336588
ROCZEQ,IGUTUB01,0.9157380069057512
ROCZEQ,ZASJAG,0.8599099391580747
ENISUQ,VUQKAU01,0.8635685474398637
ENISUQ,DAWCOV,0.8607180969689969
WEYQAU01,WEYQAU02,0.9999891063926694
WEYQAU01,HIYZEV01,0.8836746296869814
IGUVIR,IGUTUB01,0.9985984095579435
IGUVIR,WEBLAQ,0.92306555438043
IGUVIR,ZASJAG,0.920578645856433
IGUVIR,CIKCOQ,0.9091464137508456
IGUVIR,GURXUN01,0.8833468537283298
IGUVIR,VAKLIF,0.8761463913328325
IGUVIR,AWEJIW,0.8610784667606818
IGUVIR,NOLRIR,0.8601987808560875
ALOVEC,XAVDEF,0.9960864256024944
ALOVEC,IDIWOH06,0.9960760802870678
ALOVEC,ATOTIM,0.9949695681452192
FUFVEJ,RAGREY,0.9998333806748148
FUFVEJ,XIQZIH,0.999809088639136
FUFVEJ,ASUKEE01,0.999763061860692
FUFVEJ,OJOQAF,0.9967352703983008
FUFVEJ,HAJPEQ,0.8598278608208277
QAMVEH,FOFDAH,0.9047925044824788
QAMVEH,SEQWOC,0.9564345359997246
QAMVEH,JIYTAP,0.8687624551260639
QOWRAV02,HOYQIX,0.9441726834083076
QOWRAV02,FISGOF,0.9011577806972196
DOTSOV37,DOTSOV40,0.9999999989090798
NIFQOL,NIFRAY,0.9999986232439394
NIFQOL,NIFTAA,0.999961479909487
NIFQOL,NIFNOI,0.9999427391187848
XIHSEN01,XIHSEN,0.999989565891585
XIHSEN01,XIHSAJ,0.99998317395893
XIHSEN01,XADDUD,0.8629267185974119
XIHSEN01,XADDOX,0.8622507479955561
XIHSEN01,HABZEQ,0.8614023335753139
XIHSEN01,XEVSIB,0.8605720906326807
XACLOF,NUDNUW09,0.9999191862262056
XACLOF,PESTAL,0.9999091516122004
XACLOF,VICBEQ,0.999593457609643
XACLOF,IZAKAX,0.996022975559684
XACLOF,CAJHUS,0.9957711798405128
DIDBOJ,ERUNUC,0.99940513320169
DIDBOJ,CEYPUT01,0.923063285407952
DIDBOJ,BOWDOI,0.923025999386448
DIDBOJ,BOWDIC,0.92301691249801
DIDBOJ,AHETAK,0.922983856514438
DIDBOJ,VEDGIW,0.9229457996471692
DIDBOJ,OJOBAS,0.9228849740213052
DIDBOJ,TATSIS01,0.9227808742760696
DIDBOJ,DIQHAO01,0.9220401034042368
DIDBOJ,LASMAV,0.9217646864528022
DIDBOJ,ABAVUV,0.9216128135795216
DIDBOJ,BAKJII,0.907947121257997
DIDBOJ,NIGNUO,0.8732149456763941
AVUCEA,TIVYAZ,0.9999499090918952
LUSHOX05,ILAKAH,0.9200536853955684
OJOBAS,VEDGIW,0.9999848446982572
OJOBAS,CEYPUT01,0.999967563391098
OJOBAS,VEDFIV,0.999954471384242
OJOBAS,BOWDOI,0.9999232129866964
OJOBAS,YODRAM,0.99989631119461
OJOBAS,AHETAK,0.9998882209928116
OJOBAS,BOWDIC,0.9998662187306268
OJOBAS,ABAVUV,0.9992448804232332
OJOBAS,TATSIS01,0.9988132995502106
OJOBAS,LASMAV,0.9979979455879208
OJOBAS,ERUNUC,0.9233928466016896
OJOBAS,LIDSIC,0.8792216666369794
QOWRAV10,BAZFUF,0.9971805072021884
QOWRAV10,ANUGOG,0.9568924343720902
QOWRAV10,HEHROE,0.9528873474399652
QOWRAV10,DEKBON,0.9488074207629248
QOWRAV10,HOYQIX,0.9442525765642568
QOWRAV10,FISGOF,0.9012664714813676
LASMAV,BOWDIC,0.9988946194991668
LASMAV,AHETAK,0.9988311662486856
LASMAV,YODRAM,0.9988044072391296
LASMAV,VEDFIV,0.9984352031940458
LASMAV,VEDGIW,0.998330583704128
LASMAV,CEYPUT01,0.99787566083346
LASMAV,DIDBEZ,0.921355187924352
LASMAV,ERUNUC,0.9210810495407116
LASMAV,LIDSIC,0.876474949582105
LASMAV,BAKJII,0.8745693029851673
YAXBUV02,YAXCAC,0.9999646047464842
YAXBUV02,XUDSIY,0.9992670913478082
YAXBUV02,POJTOY,0.9970866529724812
YAXBUV02,VAGVAC,0.9969987978481784
YAXBUV02,POJTOY01,0.9968386294596776
YAXBUV02,EFEGOM,0.9961222881112444
YAXBUV02,SADMUH,0.9957944264477628
YAXBUV02,YAXBOP,0.9951162716468596
YAXBUV02,XADCOW,0.99473935946237
YAXBUV02,REZXOK,0.8836671370783227
YAXBUV02,LARPEB,0.8725799412443084
NUDMUW,JEGJUD,0.8866172033976565
NAHHAI,LARBOW01,0.9029547293827108
NAHHAI,CISMEY,0.8991347014962728
SAQFUM,OHOROS,0.9999967009592172
SAQFUM,SAQFUM01,0.9999852426542958
SAQFUM,MOFTIL02,0.8766371037806703
CIFMAH,DIBQEM,0.9768708765111588
CIFMAH,DERBIO,0.9558256385123846
CIFMAH,ERUNUC,0.8850003889826661
CIFMAH,DIDBEZ,0.8839712823996618
CIFMAH,AGAFAS,0.8788742631070626
CIFMAH,CAQKAJ01,0.8765018421894597
CIFMAH,HAJYAV,0.8698074747712619
CIFMAH,CAQJOW,0.8697478167670183
EQUCUO02,EQUCUO01,0.9999999878570192
ATIKET,RINTUF,0.9994406495314536
ERUNUC,CEYPUT01,0.9233688481802887
ERUNUC,VEDGIW,0.9233506774278176
ERUNUC,VEDFIV,0.9233108760022828
ERUNUC,YODRAM,0.9232185215162558
ERUNUC,AHETAK,0.92320774083831
ERUNUC,ABAVUV,0.922828384955425
ERUNUC,DERBIO,0.9225689874291724
ERUNUC,TATSIS01,0.9219818543416848
ERUNUC,LIDSIC,0.909490392040794
ERUNUC,BAKJII,0.9090906817879512
ERUNUC,FUMJAZ01,0.8811657591827478
ERUNUC,LUWZUZ02,0.8803335662535374
ERUNUC,XEVXUT,0.8789566652873099
ERUNUC,NIGPAW,0.8742156096703715
ERUNUC,NIGNUO,0.8705484155573919
NUTQEZ,OGEBAF,0.9370032902861598
NUTQEZ,OGEBAF01,0.9367173356414616
NUTQEZ,XAMDUM,0.9076845557467452
NUTQEZ,QIYDIN01,0.8857484756927436
NUTQEZ,QIYDAF01,0.8810916296583926
NUTQEZ,FAGQAI,0.8802974825548419
PAGFAH,COMFIU,0.9999813814101256
MACUFR04,OCUQIO02,0.999936994371174
MACUFR04,ROLCEC11,0.9984895120148378
MACUFR04,ROLCEC06,0.99838544768725
MACUFR04,ROLCEC01,0.9976391068432766
LUFNAC,TUTJAU,0.9996837163030536
SACMOA,UGECEO01,0.9995460721762472
SACMOA,IGAHED01,0.9995335680081608
SACMOA,KUHNEI,0.994761361805976
SACMOA,HABZEQ,0.864136221124248
REYCUV,WEHHOI,0.8657396103411141
REYCUV,ADATAC,0.859569471549054
WUMDIT,JEDDII,0.974086242159598
WUMDIT,EKEKEL,0.8891470800687058
EKUNON,FELXOM,0.8657276322716224
EKUNON,VAKLIF,0.8617198138954077
BAZFUF,HEHROE,0.9654845596132342
BAZFUF,DEKBON,0.96276003631599
BAZFUF,ANUGOG,0.962306074254872
BAZFUF,HOYQIX,0.947924428277596
BAZFUF,FISGOF,0.9073122670458306
OKIVIO02,WUNSII,0.9999987169820604
OKIVIO02,OKIVAG,0.999996972502316
OKIVIO02,OKIYIR,0.9999969502041656
OKIVIO02,OKIWEL,0.9999968295673032
OKIVIO02,WUNSEE01,0.9999353606932948
ZEDVOV,AVAQAP,0.998942597042815
ZEDVOV,AMIXOK,0.9942720127291322
ZEDVOV,FOCZEE,0.8969250356998582
ZEDVOV,FOCYUT,0.8968379720398904
ZEDVOV,FOKYIP,0.8872430060702009
ZEDVOV,VUWSAJ,0.8849047468610532
REFWIL,PIQQEN,0.9869767458985704
REFWIL,FOKWOT,0.971502340237677
REFWIL,POKZOG,0.957371862470876
REFWIL,WUHMOD,0.9479575463750984
REFWIL,VAKLIF,0.8608518128886609
IDIWOH02,IXOFOR,0.9999999612869648
BAHGUN03,BAHGUN04,0.9999992439197628
BAHGUN03,UFUMUD,0.9998263773972964
BAHGUN03,IPINAY,0.9987638240406702
WANJIF,USEVOF,0.9996600940521364
WANJIF,XAMDUM,0.8848714394813465
CUFFIT,CUFFOZ,0.9999992514665326
CUFFIT,CUFFEP,0.9999991437561968
CUFFIT,PEYVEV,0.9887121089034664
CUFFIT,XINTOG,0.924222538085169
CUFFIT,VACFOV01,0.8747706954628766
CUFFIT,VIFPUY,0.8747106546887231
CUFFIT,VIFPUY03,0.8747100584011811
CUFFIT,LOQLEJ,0.8747097427919439
CUFFIT,VIFPUY04,0.8747065510299773
VIFPUY03,VIFPUY,0.9999999910543056
VIFPUY03,VIFPUY04,0.9999998946204444
VIFPUY03,VACFOV01,0.9999964361196888
VIFPUY03,CIFSAO,0.9033108776839988
VIFPUY03,CIFSES,0.9031365821826272
VIFPUY03,FOSTIS,0.9030220501663492
VIFPUY03,CUFFEP,0.8747404671423056
VIFPUY03,PEYVEV,0.8598979904387845
FUMJAA,PARKUQ,0.9998494201621696
FUMJAA,SIZGEO,0.9989211734946888
FUMJAA,NABLIM,0.9976985235291428
FUMJAA,GERWOR,0.9057652471165508
FUMJAA,IJEYEC,0.8896990821053413
FUMJAA,YIKGEF,0.871726695218238
ZASJAG,IGUTUB01,0.913995897471285
ZASJAG,CIKCOQ,0.8792990031396906
VEDGIW,YODRAM,0.9999604342504338
VEDGIW,BOWDIC,0.9999407853617666
VEDGIW,DIDBEZ,0.9229109904546088
VEDGIW,BAKJII,0.8785108292730768
MOPQIT,NIWZIE01,0.9999757213927254
MOPQIT,NIWZIE08,0.9999518768677228
MOPQIT,NIWZIE02,0.9999404959846632
MOPQIT,NIWZIE09,0.9999274488825995
MOPQIT,AMURUX,0.9966274481194426
DITJOH,WIZMAV07,0.922538821116012
DITJOH,WIZMAV05,0.9225357018756568
DITJOH,HERHAQ,0.8848437560418771
DITJOH,GERBEN,0.8843038593391068
DITJOH,OFOJAX,0.8620592632364051
DADTOS09,DADTOS01,0.9999999857683128
DADTOS09,DADTOS04,0.9999999684128492
DADTOS09,YUKTUU,0.9999672770299388
DADTOS09,REZJIR03,0.9999629634227968
DADTOS09,VIRJEM,0.9999509101735196
DADTOS09,PADJOU01,0.9999372201813832
LIDSIC,BAKJII,0.9997533552359114
LIDSIC,DIDBEZ,0.908838650893862
LIDSIC,FUMJAZ01,0.9043663651368488
LIDSIC,XEVXUT,0.901935964450382
LIDSIC,VASYEW,0.8897660573540872
LIDSIC,AGAFAS,0.8892206591786703
LIDSIC,CEYPUT01,0.8792061142923846
LIDSIC,BOWDOI,0.8789999259302754
LIDSIC,YODRAM,0.8789480893693411
LIDSIC,BOWDIC,0.8788955761186827
VIYHUI,ASUKEE01,0.999967010204978
XUCHOS02,SEQSUE,0.8865959550821165
XUCHOS02,PUNYON,0.8848280078377551
XUCHOS02,VEMSUC,0.8824490139195451
XUCHOS02,XUJQAV,0.8823575272568939
XUCHOS02,NUNNUH,0.8815173165612868
LATCIV,DUBXUV,0.8607055350013435
POKZOG,PIQQEN,0.9613062104618726
POKZOG,FOKWOT,0.9423032231552732
POKZOG,FOKWUZ,0.9422560985286256
POKZOG,VAKLIF,0.905003342474614
BIYTOU,SOBDOF,0.9948305658865444
BIYTOU,PUNYIH,0.8839637990740644
BIYTOU,WEYQAU02,0.8831343366796935
BIYTOU,WEYQAU09,0.882774413633848
LOQLEJ,VIFPUY04,0.9999999866684356
LOQLEJ,VIFPUY,0.9999999778504712
LOQLEJ,VACFOV01,0.9999963064471415
LOQLEJ,MAYJOM,0.9999574737642454
LOQLEJ,CIFSES,0.9031367108352044
LOQLEJ,CUFFOZ,0.8747381505167455
LOQLEJ,PEYVEV,0.8599035095963704
QICXUY,EXUTAU,0.8938076533811657
QICXUY,IBEYAQ,0.8803036561883986
OFEREX,VITYUU,0.945195959804423
NIGPAW,HAJYAV,0.8742885744254283
NIGPAW,DIQHAO01,0.8705819661600154
NIGPAW,VASYEW,0.867929471613941
YICQOS,NIKHAS,0.8694173439354422
QEZZED,DAFHID,0.9978775415099196
QEZZED,XUJQAV,0.8959187677289983
QEZZED,VEMSUC,0.895861385087169
QEZZED,PUNYON,0.8870427130453531
WOBNOS,RUVBIV,0.8809685356448578
VODBEW,EBEXAM,0.8896568404197458
KIYZID02,KIYZID,0.9999988558498228
KIYZID02,KIYZID03,0.9999947694131434
KIYZID02,ZEFNIH01,0.9077682324025936
KIYZID02,PTRPHT02,0.90641003647523
TAMJEY,HUFHUN,0.9999860973788276
TAMJEY,HUFJID,0.9985130481748292
TAMJEY,GAMSOD,0.879624961927862
DOTSOV20,WULKAQ,0.9999999966854572
DEKBON,HEHROE,0.9998138180988349
DEKBON,ANUGOG,0.9810172625324978
DEKBON,HOYQIX,0.965070195842212
DEKBON,ONIXOZ,0.9192595095036302
DEKBON,SIXNOF,0.8611783019199322
IJEYEC,NABLIM,0.8957613269215231
IJEYEC,SIZGEO,0.8936389032660407
DIQHAO01,NIGNUO,0.8691508507365732
HEHROE,HOYQIX,0.9675831143479672
HEHROE,ONIXOZ,0.9190242779417276
ROLCEC06,ROLCEC09,0.9999983917399567
ROLCEC06,ROLCEC11,0.9999982613104422
ROLCEC06,ROLCEC01,0.9999290328618472
ROLCEC06,ROLCEC16,0.9999205307190336
ROLCEC06,OCUQIO02,0.9976860730664228
LACFUS,XILBAW,0.999976271505594
POCMEA04,POCMEA03,0.9999974011159478
POCMEA04,INICPB02,0.9999843881420386
POCMEA04,XILBAW,0.8850431522117783
POCMEA04,LONHON,0.8838837315366044
POCMEA04,YAPQUC,0.8824550210387259
XINTOG,PEYVEV,0.9326400480285844
XINTOG,IYUHIU,0.927631649701623
XINTOG,CUFFOZ,0.9240624390094524
XINTOG,CUFFEP,0.9240510521129564
CUFFOZ,IYUHIU,0.999542062659312
CUFFOZ,PEYVEV,0.9885296608100116
CUFFOZ,MAYJOM,0.874906592663053
CUFFOZ,VACFOV01,0.8747959347443481
CUFFOZ,VIFPUY,0.8747390524927571
PARKUQ,SIZGEO,0.9994916006412636
PARKUQ,GERWOR,0.9068349807474844
PARKUQ,NOLRIR,0.8749686472538384
PARKUQ,YIKGEF,0.8728003042547867
RUGKAH,RUGJEK,0.9998409070933336
IGUTUB01,RIGHAR,0.9227734547029788
IGUTUB01,CIKCOQ,0.909158148113631
IGUTUB01,NOLRIR,0.8644729988568206
IWEVAJ,XAMDUM,0.91868174093194
FECWOB,MOFTIL02,0.9998680404187626
FECWOB,NUCRIN,0.9994214380595332
FECWOB,NAHGUB,0.9073956530585284
FECWOB,GAMFEG,0.8955320813761721
IHILUI,RANZAI,0.9976225202721608
WAQDOJ,XUFYAA,0.9084495194376678
WAQDOJ,JETZAK,0.902879497001345
XADDUD,XADDOX,0.9999006156741628
XADDUD,FUMJAZ01,0.865364649952382
XADDUD,XIHSEN,0.8627411730317464
NUDPAE02,NUDNUW01,0.9995117736636598
NUDPAE02,IZAKAX,0.998098061411402
NUDPAE02,CAJHUS,0.9979223611571416
NIFRAY,TUDJAE,0.9999823973426232
YESXEC,YESYIH,0.9999745981563511
AWEJIW,SITDAD,0.903064333227878
AWEJIW,VAKLIF,0.8865514226951969
AWEJIW,CIKCOQ,0.8651233026424023
AWEJIW,YICRAF,0.8631947714554138
MAGVOG30,MAGVOG32,0.9999997396737048
MAGVOG30,MAGVOG28,0.999999403375898
MAGVOG30,ACAZEK,0.9970122625081808
DADTOS08,DADTOS04,0.9999999824107432
DADTOS08,REZJIR03,0.999963508995314
DADTOS08,MNFORD02,0.9999044400286372
DADTOS08,MNFORD03,0.999876635206672
NOZZOT,ODIXAC,0.9999995462715984
NOZZOT,VAKLIF,0.9053848480718898
SADMUH,SETQUF,0.9999983682120652
SADMUH,SETRAM,0.9999973126425938
SADMUH,SETQAL,0.9999750324851
SADMUH,VAGVAC,0.9998979069128948
SADMUH,YAXCAC,0.9956375308049528
SADMUH,TOVJAR,0.9067716933738472
SADMUH,LARPEB,0.8620771453278989
YAXBOP,SETQAL,0.9999999870842516
YAXBOP,XADCOW,0.999992917675596
YAXBOP,SETRAM,0.9999882911407668
YAXBOP,SETQUF,0.999959882900134
YAXBOP,EFEGOM,0.9999415404239902
YAXBOP,POJTOY,0.999744970827908
YAXBOP,YAXCAC,0.9949495393093432
YAXBOP,REZXOK,0.8840258475119998
YAXBOP,UFIKIG,0.8690366044012309
YAXBOP,LARPEB,0.8609182744381249
MUSMAQ,IGINIX,0.8721127112161499
FITSAD,ASUKEE01,0.9999656305227402
FITSAD,XIQZIH,0.9998672347373478
FITSAD,PEKZIP,0.9987260329691262
FITSAD,OJOQAF02,0.9986648446662684
FITSAD,HAJPEQ,0.8609606480747927
OFOJAX,WIZMAV05,0.9310679449203448
OFOJAX,WIZMAV07,0.9310260077640458
OFOJAX,WIZMAV10,0.9310244755069794
OFOJAX,BUNLAZ,0.9001589731616697
OFOJAX,GERBEN,0.8972670654626315
OFOJAX,IZIBUQ,0.889121230485627
VIFPUY04,VIFPUY,0.9999999395054584
VIFPUY04,VACFOV01,0.99999589763487
VIFPUY04,MAYJOM,0.9999562158184292
VIFPUY04,NEDLOZ,0.9053981559051008
VIFPUY04,CIFSES,0.9031239016647676
VIFPUY04,FOSTIS,0.9030084014790966
VIFPUY04,CUFFEP,0.8747370727493419
VIFPUY04,IYUHIU,0.8735818983779875
VIFPUY04,PEYVEV,0.8598834356578712
YEBKUM,DAHPAE,0.9999995935320748
EKEKEL,JEDDII,0.9102309129650208
MEQKOL,GUXSUO,0.8452600689121127
MEQKOL,IBEXUJ,0.9466219297971348
MEQKOL,AFUFAL,0.8868675722669994
MEQKOL,UTONEX,0.8640622697117
KAKTIA,IPINAY,0.999751917170357
KAKTIA,UFUMUD02,0.9994706906964596
KAKTIA,BAHGUN04,0.9993175773145448
KAKTIA,UFUMUD,0.9991040212694166
YODRAM,AHETAK,0.9999998461279912
YODRAM,BOWDIC,0.999997332349024
YODRAM,BOWDOI,0.9999965094749692
YODRAM,VEDFIV,0.9999609581253036
YODRAM,CEYPUT01,0.9998435641579392
YODRAM,TATSIS01,0.999376934587334
GOQTIR,WUZGEF,0.8424253482628143
GOQTIR,FELXOM,0.9515916695867151
GOQTIR,VAYFAE,0.8840581065716562
GOQTIR,YICRAF,0.8758825836520043
APAYUN,LUWMEX,0.9994642705544798
APAYUN,YUMFUJ,0.9994482427493928
APAYUN,APAZOI,0.9991680299184348
APAYUN,FECXAO,0.9475615194546244
DUNXUH06,DUNXUH15,0.9999978052665944
ABAVUV,BOWDOI,0.9986924710332036
ABAVUV,AHETAK,0.9985530639078938
ABAVUV,DIDBEZ,0.9218678434362152
ABAVUV,BAKJII,0.8792793276878492
NAFUMA13,NAFUMA14,0.9999989866523332
IBEYEU,XISDOU,0.9532967756590524
IBEYEU,AYOZIZ,0.952970085802236
IBEYEU,ADEGIA,0.9472134670413164
IBEYEU,ATIKAP,0.9472123501099023
IBEYEU,AFUDUD,0.9320018513752232
IBEYEU,HOGQIF,0.8813635534650102
FOKYIP,FOCZEE,0.8839519826046367
FOKYIP,FOCYUT,0.8838330682558949
YUMFUJ,WOJYEB,0.9995897288777964
YUMFUJ,LUWMEX,0.9978284356958462
HIYZEV01,WEYQAU09,0.8819890087056765
HIYZEV01,REZFEK,0.8641094149164931
HERHAQ,GERBEN,0.999937517790973
HERHAQ,WIZMAV05,0.9558684971875092
HERHAQ,WIZMAV10,0.9558562430539824
HERHAQ,BUNLAZ,0.9130793901779026
HERHAQ,IZIBUQ,0.9037427344505718
EVUDAA,VAKLIF,0.8986758362214515
UMIZIB,WOJYUR,0.9749058247277436
UMIZIB,XISDIO,0.9742389477569652
UMIZIB,DUGDUG,0.966112648194213
UMIZIB,AYOZOF,0.957284313009106
UMIZIB,CEJXEW,0.93287186022222
UMIZIB,KEDJEL,0.9328228801372326
UMIZIB,BOJYIK,0.882467645691259
LONHON,XAPMUY,0.94395106123277
LONHON,MOLLEG,0.916696241644576
LONHON,INICPB02,0.8836977557101044
LONHON,POCMEA01,0.8836968128479681
LONHON,INICPB01,0.8832959315264882
LONHON,YUNBOZ,0.8823385100312463
HOYQIX,ANUGOG,0.9876770332908712
HOYQIX,ONIXOZ,0.9089750590198604
QUDGED,IGINIX,0.8895336563182098
KEDJEL,CEJXEW,0.9993425752267878
KEDJEL,ZALLEG,0.9958865487454208
KEDJEL,XISDIO,0.9558638787229116
KEDJEL,WOJYUR,0.9324616267091392
KEDJEL,ACODON,0.8838321331755818
KEDJEL,LOZSUQ,0.8627301808309641
LODZOU,GURXUN01,0.841313177667209
HAJYAV,CAQJOW,0.9999986787095064
HAJYAV,CAQKAJ01,0.9958286378544838
HAJYAV,NIGNUO,0.872393838375468
HAJYAV,DIBQEM,0.8721531889493264
NIGNUO,DIBQEM,0.9999968277354444
NIGNUO,DERBIO,0.940528498591096
NIGNUO,AGAFAS,0.8754759119266983
NIGNUO,DIDBEZ,0.8721297414427585
QIYDAF01,QIYDIN01,0.9957513349328913
QIYDAF01,OGEBAF,0.9549733679287709
QIYDAF01,OGEBAF01,0.9549720567513116
QIYDAF01,YUGLES,0.8820360970682507
QIYDAF01,FISGOF,0.8768836517595437
VIRJEM,PADJOU01,0.999998794471739
VIRJEM,YUKTUU,0.9999983450554446
VIRJEM,MNFORD02,0.9999838665374414
VIRJEM,MNFORD03,0.9999827893812072
VIRJEM,DADTOS13,0.9999703338513176
VIRJEM,DADTOS04,0.9999533686707875
SEFVEG,SEFVEG02,0.9999999990092544
SEFVEG,TUDJEI,0.9999671808513192
SEFVEG,NIFNOI,0.9999455816260544
TATSIS01,BOWDIC,0.9994546659310388
TATSIS01,AHETAK,0.9993953360130804
TATSIS01,BOWDOI,0.9993297371691564
TATSIS01,VEDFIV,0.9992074547052868
TATSIS01,CEYPUT01,0.998834089333977
VAFCAH,VAFCAH01,0.9997773067856384
HELFAI,HAWDIU,0.9233039440287516
JETZAK,NOCKOG,0.9442498561082848
JETZAK,XUFYAA,0.9406325362065464
JETZAK,MUDLON,0.9225769967893104
JETZAK,UMARIL,0.8814819699809151
HAJXOI,HAJXIC,0.999977752668005
WOJYEB,APAZIC,0.9999983871332044
WOJYEB,LUWMEX,0.9993043632528475
WOJYEB,APAZOI,0.9989710418940912
WOJYEB,FECXAO,0.9474172376589308
YICRAF,FELXOM,0.8774713830190706
BAHGUN04,IPINAY,0.9987070277540916
BAHGUN04,XICKOL,0.8776862577262714
DUGDOA01,IBEYAQ,0.9563667500576328
DUGDOA01,HISSIN,0.9455605712140543
DUGDOA01,EXUTAU,0.9082130664925336
UFUMUD,UFUMUD02,0.9997841321552058
UFUMUD,IPINAY,0.9981135459791532
UFUMUD,XICKOL,0.8770626893660705
IMIDZB01,HICGEG,0.9992983013715
TACTUP,DECXUH,0.8647767694006993
LARYIO,ADEGIA,0.9984556765519356
HEBJEF,JEJZAC,0.9699347898783196
IMIDZB07,IMIDZB13,0.9878856390422366
VAYFAE,VAKLIF,0.863556498876555
AGUVEE,EPOPEG,0.9939335947070826
AJAKON,YUYGOQ,0.9998972392044652
AJAKON,VAKLIF,0.9065453922503935
SIZGEO,NABLIM,0.9994778748642872
SIZGEO,CIKCOQ,0.8595834992870961
GEVXAI01,AFOJIO,0.9996075259155436
GEVXAI01,NATRAD,0.9957437389912374
MAYJOM,VIFPUY,0.9999578699622068
MAYJOM,NEDLOZ,0.9060585280246212
MAYJOM,CIFSAO,0.9041792242561464
MAYJOM,CIFSES,0.9040197589681428
MAYJOM,CUFFEP,0.8749077623541662
MAYJOM,IYUHIU,0.8740354356655857
IZAKAX,CAJHUS,0.9999961033734936
IZAKAX,VICBEQ,0.9981548273780496
IZAKAX,PESTAL,0.9958167146875172
IZAKAX,NUDNUW01,0.9956909218895116
WAWGOQ,YOVTOS,0.8650911395668216
WAWGOQ,QANSEE,0.8650837769550468
OPENUT,DOLPIF,0.9999548067888344
WOHYUN,WOHYOH01,0.8640128299791723
WOHYUN,GURXIB,0.8638898288949576
TEPWOD,GEDPAJ,0.8446647501720785
TEPWOD,PAZDOM,0.9472072721261512
TEPWOD,TAKCAM,0.9080629594930528
PEBGIP,RIQFAB,0.8849783301178243
ANUGOG,ONIXOZ,0.9292025165362234
ANUGOG,XICKOL,0.8864403293129984
ANUGOG,XAMDUM,0.8779312756137448
DERBIO,DIBQEM,0.9400838120381312
DERBIO,DIDBEZ,0.9219709298003428
DERBIO,CAQKAJ01,0.8853120312310594
DERBIO,CAQJOW,0.8817447583197103
DERBIO,XUBKOU,0.875646650612949
DERBIO,LUWZUZ02,0.8746197505836983
DERBIO,VEFMAW,0.864846292559166
MIQCUL,VUQKAU01,0.8646351059460269
MIQCUL,NEDVOJ,0.8592162151201436
NAHQUK,HOPMOQ,0.8575189910894292
SETRAM,SETQAL,0.9999886734052306
SETRAM,EFEGOM,0.999982128655218
SETRAM,XADCOW,0.999963039071992
SETRAM,POJTOY01,0.9998939361591832
SETRAM,VAGVAC,0.999862167865728
SETRAM,POJTOY,0.999842408150658
SETRAM,YAXCAC,0.9954214649999912
SETRAM,XUDSIY,0.9912856362679
SETRAM,REZXOK,0.8842357257651237
SETRAM,UFIKIG,0.8691303913316523
SETRAM,LARPEB,0.8617073330749098
MEGPOF,FOBJUD,0.9999896346502548
FEQXAB,GEVXIQ,0.9996641306224082
FEQXAB,RIQVUJ,0.8716523766008489
VAKLIF,MINBEQ,0.9195153831576808
VAKLIF,ODIXAC,0.9054562365505068
VAKLIF,WEBLAQ,0.8844894267314092
VAKLIF,PIQQEN,0.8776769589687682
VAKLIF,NOLRIR,0.8733334527590829
VAKLIF,NABLIM,0.8731567336738963
VAKLIF,FELXOM,0.8623207373665682
VAKLIF,EKUNON01,0.8616233176897214
RUWXEN,RUWWUC,0.9998640206336944
RUWXEN,TEPJOP,0.9397415078947404
SEQWIW,AFOVAT,0.9997963817244316
WEYQAU04,WEYQAU02,0.9999967859056654
RIGHAR,CIKCOQ,0.8792365626501812
PASGEX04,DECYOC,0.8806378323146736
PASGEX04,DECXUH,0.876352850854347
SITDAD,NABLIM,0.945814830516279
SITDAD,CIKCOQ,0.9006426893917951
SITDAD,PAQXUC,0.8687969726173467
SITDAD,GERWOR,0.8636062520503126
TUDJAE,NIFTAA,0.9999992983855508
TUDJAE,NIFNOI,0.9999951673842724
NIWZIE08,NIWZIE02,0.9999993775494
NIWZIE08,NIWZIE09,0.9999974807044842
NIWZIE08,NIWZIE01,0.9999959030713916
NIWZIE08,NAXVOY04,0.9999705259986852
NIWZIE08,AMURUX,0.9957818780488512
YAVYAW,YAVYAW01,0.9999160313851028
MAJMOA04,OXCFOR,0.9966428374756564
TOVJIZ,TOVJAR,0.9087525074484852
TOVJIZ,TOVJEV,0.9077740533598436
FAZPIH,LUWZUZ02,0.8840431159061055
BAKJII,FUMJAZ01,0.9022565797450456
BAKJII,XEVXUT,0.8990884225760531
BAKJII,AGAFAS,0.8876666894173535
BAKJII,CEYPUT01,0.8787298025583913
BAKJII,VEDFIV,0.8784084433289892
BAKJII,BOWDOI,0.8782190076380169
BAKJII,BOWDIC,0.8780256917016974
VEDFIV,AHETAK,0.9999574427404158
VEDFIV,CEYPUT01,0.9999564635247326
LUCDES,BOJYIK,0.8791551132337987
NABLIM,GERWOR,0.9082343620628746
NABLIM,NOLRIR,0.8815570010831312
NABLIM,YIKGEF,0.8742097891942021
NABLIM,CIKCOQ,0.8608070019300318
FOKWOT,FOKWUZ,0.9998307377974124
FOKWOT,PIQQEN,0.9765206926912666
CAXZUY,ROGLOP,0.9224798911326068
CAXZUY,UFATEA,0.920695224371756
CAXZUY,LIDSEY,0.9084446826277895
CAXZUY,JAMSEY,0.908441629427145
CAXZUY,LIDSAU,0.908059798640151
CAXZUY,XADWIK02,0.8825014322589644
CAXZUY,SEQSEO01,0.8701391913368979
CAXZUY,SEQSUE,0.8652029882276377
CAXZUY,BOSHUN,0.8617451210282222
FOSTIS,CIFSAO,0.9999940683191396
FOSTIS,NEDLOZ,0.9996342857392528
FOSTIS,VACFOV01,0.9032894756239817
FOSTIS,VIFPUY,0.9030248457733104
XEVSIB,HABZEQ,0.9975922073589504
XEVSIB,YIPFIO,0.8990365151368223
XEVSIB,UGECEO01,0.863888448615332
XEVSIB,XIHSEN,0.8607584402803381
XEVSIB,XIHSAJ,0.8603024955651836
KUHNEI,IGAHED01,0.9968315106836532
KUHNEI,HABZEQ,0.8590936346853277
DAWCOV,VUQKAU01,0.8616632586971749
LARPEB,FEWTAF,0.8817017880721856
LARPEB,XUDSIY,0.874506262634913
LARPEB,YAXCAC,0.8726432234395363
LARPEB,POJTOY,0.864412670500081
LARPEB,VAGVAC,0.8642473773728472
LARPEB,POJTOY01,0.8639481464583976
LARPEB,XADCOW,0.8602893013261987
XILBAW,YAPQUC,0.99785426676288
XILBAW,XAPMUY,0.9469257521095004
XILBAW,MOLLEG,0.9197538006918136
XILBAW,SAQCIZ,0.8931499612379096
XILBAW,INICPB01,0.8850730077222306
XILBAW,POCMEA03,0.8850593151850417
XILBAW,YUNBOZ,0.8849288036683545
XILBAW,RUDRUE,0.8737939672676169
WIZMAV10,WIZMAV07,0.9999999999186856
WIZMAV10,WIZMAV05,0.99999993441672
WIZMAV10,GERBEN,0.9554136709789456
WIZMAV10,BUNLAZ,0.9494063719296808
WIZMAV10,IZIBUQ,0.9102149850400192
WIZMAV10,OXOLAP,0.8632050157866811
EXOYAS,XAMDUM,0.9197052093300456
JAMSEY,XOMCIN,0.996970058604237
JAMSEY,LIDSEY,0.9968604866644646
JAMSEY,TEVVOI,0.9032701346684328
JAMSEY,ROGLOP,0.8762864872959932
JAMSEY,UFATEA01,0.8760442337002387
JAMSEY,UFATEA,0.8730704105164115
LACYOE,LACYUK,0.9997150460173316
OFOYUG,DIQGUH,0.8959473919209591
HIBSUG01,XASHAA,0.8642131690622712
OFIVAA,ODELOZ,0.9107892907380636
OFIVAA,OCUPUY,0.934897729864838
FOKWUZ,PIQQEN,0.9754451209178724
FOKWUZ,WUHMOD,0.9391439413740597
KULMIP,IPIJAT,0.8718864755388153
KULMIP,HAZNED,0.8635693800172208
QEJBIT,WOBHIF03,0.8751576994647692
QEJBIT,WOBHOL,0.8751530434143836
GERBEN,WIZMAV07,0.9554142467407188
GERBEN,IZIBUQ,0.9043521808000644
MNFORD02,PADJOU01,0.99999091642371
MNFORD02,MNFORD03,0.9999863339694084
MNFORD02,REZJIR03,0.9999811789979368
MNFORD02,DADTOS13,0.999929900635394
MNFORD02,DADTOS01,0.9999057914659292
EDAGAT,RAVVIU,0.9999982547574492
EDAGAT,EDAGEX,0.9999828351315628
EDAGAT,DADTUY,0.9986438992037254
EDAGAT,DEFNIO,0.9940814590091794
KEYFUR,LUMQOB,0.8760022340595032
DETGIT,TAZZUS,0.8229031080015399
OJOQAF03,MIRNOR01,0.999747343624742
TOVJEV,TOVJAR,0.9006376096937344
RIDKOE,FIVJAW,0.9988156381644652
PEPHID,NUCRIN,0.8994422376860046
PEPHID,MOFTIL02,0.8981761667460975
PEPHID,NAHGUB,0.8973148055648397
DAKVIW,EREGOY,0.8957547866802081
SOBDOF,WEYQAU09,0.8845011970298118
SOBDOF,WEYQAU02,0.8842979548351976
OTECAT,KUNTAQ02,0.9066935084524196
OTECAT,XUPSAE,0.8632876354463991
OTECAT,TOXNEB,0.8632853055324203
BOWDOI,AHETAK,0.9999952922324228
BOWDOI,BOWDIC,0.9999918987003344
BOWDOI,CEYPUT01,0.9998860440606324
VEGMIE,VEGMIE01,0.9999705116851606
YUKVUW04,DAXNIA,0.9999631918137204
YUKVUW04,SANMEB,0.999853368652104
YUKVUW04,ELUQIM04,0.9971297679501344
LUWZUZ02,CEJFOO,0.8850565872421291
LUWZUZ02,DIDBEZ,0.8823591194213446
BEPPIX,BEPNER,0.997324748078793
BEPPIX,KIGCEK,0.9426818592107492
BEPPIX,BEPNIV,0.9140391088595142
BEPPIX,BEPPAP,0.9140389652059652
BEPPIX,BEPNOB,0.914038874022522
BEPPIX,BEPMEQ,0.9140388470642544
BEPPIX,MAWTUC,0.9140279370769112
LOLREL,IJASES,0.8289628217356017
GAXROO,BUHFER,0.9999964073837346
GAXROO,PEFDEK,0.9990102952749846
GAXROO,DITYEM02,0.9952837580987306
JAVNIE,BUZKUE,0.9998478846037988
JAVNIE,PEBNER,0.9998152756222256
JAVNIE,FUQJUX,0.9996384053203234
JAVNIE,VUQJEX01,0.9995061395544168
JAVNIE,VUQJEX,0.9994885153745172
JAVNIE,QONKUB,0.998998871028993
JAVNIE,QOMSES,0.9987122107530156
SEFVEG02,TUDJEI,0.999966819231848
SEFVEG02,TUDJUY,0.9999639889372212
KENTEF03,KENTEF04,0.9999906774169198
KENVIL02,KENTEF05,0.999999653290286
KENVIL02,KEPNAX01,0.8787044674851807
DAXDUE,WISCOS,0.8194346585042328
SICDAL,HUGLUS,0.860812782725962
SICDAL,LOQLIN,0.999838370294672
VABJUE,VABKEP,0.999636933873936
VABJUE,VABJIS,0.9986745942580284
PUNYIH,WEYQAU02,0.9940205423323518
ROLCEC09,ROLCEC11,0.9999999974570726
ROLCEC09,ROLCEC01,0.9999060599435764
ROLCEC09,MAGNEQ01,0.9984367739663644
ROLCEC09,OCUQIO02,0.9978062010872376
CUFFEP,IYUHIU,0.999539462049932
CUFFEP,PEYVEV,0.9885169566993532
CUFFEP,VACFOV01,0.8747976651716276
TUDJUY,NIFTAA,0.9999999978090832
NATRAD,AFOJIO,0.9979046365127714
NATRAD,RIQVUJ,0.8737434715552068
FISGOF,OGEBAF,0.9199308507884866
FISGOF,OGEBAF01,0.9197919950584804
FISGOF,YUGLES,0.9074535434451192
FISGOF,QIYDIN01,0.8769163038901713
FISGOF,FAGQAI,0.8764836509281217
FITGUL,FITHIA,0.9984123921864516
VASFUT,DUDMEV,0.9999520527429174
NIWZIE01,NIWZIE02,0.9999920983703254
NIWZIE01,NAXVOY04,0.9999883965442232
NIWZIE01,NIWZIE18,0.9999413154545144
NIWZIE01,AMURUX,0.9960396545723534
YEJXUI,VONBUX,0.9035686896474844
YEJXUI,YUKDEN,0.8876775364064011
DODMIT,AMIXIE,0.9995601085185256
DAFHID,XUJQAV,0.8967230418846733
DAFHID,NUNNUH,0.8964457906363908
DAFHID,XADWIK02,0.8652551993131942
CEYPUT01,BOWDIC,0.9998211498200896
CEYPUT01,DIDBEZ,0.9230914748879456
DITJAU,DITSAD,0.8739106030884856
XIHSEN,XIHSAJ,0.9999538077100404
XIHSEN,HABZEQ,0.8613089730392908
XIHSEN,XEVSIB01,0.8608032482977632
WIZMAV05,WIZMAV07,0.9999999389532792
WIZMAV05,BUNLAZ,0.949448946615004
WIZMAV05,WUPTUY01,0.8634837097433736
WIZMAV05,OXOLAP,0.863227485685139
DADVAG05,YUKVIK,0.9999849047831588
TEPJOP,RUWWOW,0.9397795661456386
TEPJOP,RUWWUC,0.9386683365507352
VAHWOS02,VAHWOS01,0.9999984204346372
VAHWOS02,VEMMAC,0.9999134378868176
NAHGUB,GAMFEG,0.9130266044981206
NAHGUB,NUCRIN,0.9069386428035108
DIBQEM,CAQJOW,0.872200241919192
DIBQEM,DIDBEZ,0.8717212312830803
DIBQEM,VASYEW,0.8664807961470753
DIBQEM,CAQKAJ01,0.859251070423429
XEVXUT,FUMJAZ01,0.9984650033174578
XEVXUT,XADDOX,0.8627384964085181
COZGED,ORAWEL,0.9998353042071568
DIDBEZ,AHETAK,0.9228879039882084
DIDBEZ,FUMJAZ01,0.882934618153211
QIYDIN01,OGEBAF,0.9501395950311248
QIYDIN01,OGEBAF01,0.9498660791723958
BUNLAZ,IZIBUQ,0.8782144239646412
RUPTED,RANZAH,0.998914265716275
RUPTED,CEHXIY,0.9945009671600064
XEVSIB01,YIPFIO,0.8990926899438003
XEVSIB01,UGECEO01,0.8639177046709322
IYUHIU,PEYVEV,0.9925755650100904
IYUHIU,VIFPUY,0.8735908283694465
YAPQUC,XAPMUY,0.9459137099315588
YAPQUC,SAQCIZ,0.8954376057812115
YAPQUC,INICPB01,0.883062798698333
YAPQUC,INICPB02,0.8828407134453301
YAPQUC,POCMEA03,0.8825923205034429
YAPQUC,RUDRUE,0.8691498082631073
YAPQUC,DITKAT01,0.860843492662183
NEDLOZ,CIFSES,0.999660019632101
NEDLOZ,VACFOV01,0.9056058259668488
NEDLOZ,VIFPUY,0.9054108079343374
CIFSES,CIFSAO,0.9999915336754136
CIFSES,VACFOV01,0.9034006741323668
CIFSES,VIFPUY,0.9031395904931871
VONBUX,VONCOS,0.9977305536388564
GAMFEG,NUCRIN,0.8970857050696581
GAMFEG,MOFTIL02,0.8963191792306997
GAMFEG,OHOROS,0.8723341207429152
GAMFEG,SAQFUM01,0.8723186339624771
BEPPAP,BEPNOB,0.99999999494557
BEPPAP,BEPMEQ,0.9999999918348096
BEPPAP,BEPNIV,0.999999980524821
BEPPAP,MAWTUC,0.999984123155321
BEPPAP,BEPNER,0.9113010295612444
BEPPAP,KIGCEK,0.9073046644678996
FAGQAI,OGEBAF01,0.9550147541366454
FAGQAI,YUGLES,0.8813227722101253
BOJYIK,CUXQIW,0.9082034327743972
BOJYIK,CEJXEW,0.9438842404597396
BOJYIK,LOZSUQ,0.9070797045227628
BOJYIK,CUJCIV,0.9052960407684194
BOJYIK,XISDIO,0.90471834266478
BOJYIK,NEQTIP,0.8991375965488269
BOJYIK,ACODON,0.8949804773417545
BOJYIK,SEHSII,0.8740871834850046
BOJYIK,LAVTAF,0.8649991594490091
BOJYIK,OHIHOD,0.8607881271243734
PEFDEK,DITYEM02,0.9986023944107132
IDIWOH05,IDIWOH06,0.9999999959813756
IDIWOH05,IDIWOH04,0.999999935045196
IDIWOH05,IXODUV,0.9999997831447762
IDIWOH05,ATOTIM,0.9999296455521968
IDIWOH05,PARFOF,0.8850427665448093
IDIWOH06,IXODUV,0.9999998359611189
IDIWOH06,XAVDIJ,0.9999979786505302
IDIWOH06,ATOTIM,0.9999307047859416
INICPB02,POCMEA01,0.9999930613885252
INICPB02,INICPB01,0.99997111172723
INICPB02,YUNBOZ,0.9997601345290348
AMIXIE,NELRAY,0.9999917607731016
AMIXIE,HUCXUA,0.9079169240734128
AMIXIE,GEWSEJ,0.9028379037924392
AMIXIE,QIKZIW,0.8992912673214091
OHIHOD,SEHSII,0.8964091467192242
BAZJET,MIVFOO,0.8948867917053556
ONIXOZ,XAMDUM,0.9247742962418812
ONIXOZ,XICKOL,0.8864516858468068
DITKAT01,DITKAT,0.9999966169379688
DITKAT01,RUDRUE,0.8910949889963099
MAGVOG13,MAGVOG28,0.9999979134630856
MAGVOG13,MAGVOG29,0.9999979048298908
MAGVOG13,MAGVOG32,0.999994704132876
VASYEW,AGAFAS,0.9177173665802932
DADTOS01,DADTOS13,0.9999979247823018
DADTOS01,YUKTUU,0.999968627431036
VUQKAU01,ROYMEZ,0.8798893277061737
VUQKAU01,GURXIB,0.8795893774016432
KIKMAV,HELNAQ,0.9994163049282476
KIKMAV,MAPGOC,0.9993750023568432
KIKMAV,MAPHAP,0.8846733550515948
KIKMAV,LAVTUZ,0.8707053128208486
ZALLEG,CEJXEW,0.9985117965630644
ZALLEG,DUGDUG,0.9547958266812964
ZALLEG,AYOZOF,0.9463221884849252
ZALLEG,WOJYUR,0.9313543051878316
ZALLEG,NEQTIP,0.8593072536501664
IPIJAT,HAZNED,0.8720686747806821
IPIJAT,HAZPAB,0.8710559523765766
SEHSII,LAVTAF,0.9831485836761832
NASGEV,LUGLUU,0.9994508726185544
CIFSAO,VACFOV01,0.9035710687687372
CIFSAO,VIFPUY,0.9033133511761128
ASUBIB,VITYUU,0.8642332687349514
ASUBIB,EWASIG,0.8596406093439274
LETDIY,KELJIV,0.998032361779442
OGEBAF,OGEBAF01,0.9999737726608168
EREGOY,WUHMOD,0.859957542148791
OGEBAF01,YUGLES,0.9377569705842308
PAQXUC,GURXUN01,0.9149025548516994
SENXER,SENXAN,0.9993194981212294
SENXER,EXUTAU,0.8676145707461296
WIZMAV07,WUPTUY01,0.863463521136445
ACODON,CEJXEW,0.8849466061839174
WUPTUY01,OXOLAP,0.999990800102296
XAVDEF,IDIWOH04,0.9999999247010748
XAVDEF,XAVDIJ,0.999998207457602
XAVDEF,ATOTIM,0.9999293187592626
ALUJUN,SAQQOR,0.9378490440460552
ALUJUN,REDMUL,0.8701091137625568
ALUJUN,NADZID,0.8667043808502588
NUCRIN,ROSKIV,0.8858258329167049
NUCRIN,MOFTIL02,0.9997885358358792
NUCRIN,OHOROS,0.8775331567802005
NUCRIN,SAQFUM01,0.8775131491227427
VAHWOS01,VEMMAC,0.9999352430846709
BEPMEQ,BEPNOB,0.999999999585364
BEPMEQ,MAWTUC,0.999983394922164
BEPMEQ,BEPNER,0.9112915984139416
BEPMEQ,KIGCEK,0.9073044088517852
KIGCEK,BEPNER,0.940085179374684
KIGCEK,BEPNIV,0.9073050155221924
KIGCEK,BEPNOB,0.9073044650690224
UFUMUD02,IPINAY,0.9989342826916456
UFUMUD02,XICKOL,0.8779409595219424
UFIKIG,VAGVAC,0.8692744036025826
UFIKIG,POJTOY,0.8692740628230496
UFIKIG,EFEGOM,0.8692139717377021
EFEGOM,VAGVAC,0.9999435253054104
EFEGOM,SETQAL,0.9999424586947318
EFEGOM,POJTOY,0.999930668235358
EFEGOM,XUDSIY,0.992050233135355
EFEGOM,TOVJAR,0.9069637421216272
CUTBEA,ACALAT,0.9320297085987364
EBEXEQ01,MIMCOD,0.8049726045000156
NOZZUZ,ODIXAC,0.998306634828676
NOZZUZ,GERWOR,0.8600146293337063
MAGVOG28,MAGVOG29,0.9999999999128004
MAGVOG28,MAGVOG32,0.9999983548494918
MAGVOG28,ACAZEK,0.9969550780684344
AMOMUM,NUDNUW01,0.9997045549369058
KEZLIN,AFUDUD,0.999218946346413
KEZLIN,MIRGIG,0.999122215325938
KEZLIN,XISDOU,0.947799586249093
KEZLIN,AYOZIZ,0.9351429054025338
KEZLIN,EBEXAM,0.8862659305070719
KEZLIN,EBEWOZ01,0.8861014985288738
KEZLIN,ADEGIA,0.8839421758854853
KEZLIN,ATIKAP,0.8838661471326514
KEZLIN,ADEGIA01,0.8822963635978711
XIHSAJ,HABZEQ,0.8615188524884905
TEDPIC,TEJXIQ,0.9999997428328856
DAXNIA,YUKVUW07,0.9999625793300292
DAXNIA,SANMEB,0.9998388065455972
DAXNIA,ELUQIM04,0.9977330100032435
OHIHUJ,DOJXIK,0.9999883489364464
OHIHUJ,KOQXUL,0.999089564076548
OHIHUJ,LESWAI,0.8636168491217149
CESYEF,UGUKEN,0.8010223135283517
CESYEF,CESYEF01,0.9999984098850168
LIDSEY,LIDSAU,0.999944612132856
LIDSEY,XOMCIN,0.9998432364344616
LIDSEY,XADWIK02,0.9043226377561682
LIDSEY,UFATEA01,0.8792612266625108
LIDSEY,UFATEA,0.8745959695068558
LIDSEY,XUJQAV,0.8611414562063239
LIDSEY,VEMSUC,0.861133582857806
NIWZIE09,NIWZIE13,0.9999874726661484
NIWZIE09,NIWZIE02,0.9999993538039168
NIWZIE09,NIWZIE18,0.999983602424253
NIWZIE09,NAXVOY04,0.9999507813705796
KIKRAA,PEKZIP,0.9998178442988488
KIKRAA,XIQZIH,0.9997478841402534
KIKRAA,ASUKEE01,0.9996477226343504
KIKRAA,OJOQAF,0.9963310392939392
VEXVAW,TOVJAR,0.9170548486151492
FUQJUX,PEBNER,0.9999207500861642
FUQJUX,QONLAI,0.9997877194961386
FUQJUX,QOMSES,0.9996351654598457
FUQJUX,VUQJEX01,0.9988837433816716
FUQJUX,VUQJEX,0.9988517110165156
ACAZEK,MAGVOG32,0.997049520362185
REZXUQ,GUSNEN01,0.9470993160124248
GUSNEN01,REZXEA,0.9985156286162992
HABZEQ,YIPFIO,0.9003722858573411
HABZEQ,UGECEO01,0.8633241539015595
CAKFEB01,CAKFEB,0.9999751495729712
ROLCEC01,ROLCEC16,0.999999759402812
ROLCEC01,MAGNEQ01,0.9975784940545008
ROLCEC01,OCUQIO02,0.9968072475465132
AFOVIB,XISDOU,0.9564140491790054
AFOVIB,ADEGIA,0.9445231993555516
AFOVIB,ATIKAP,0.9444474691300973
AFOVIB,AFUDUD,0.9326184944517472
AFOVIB,MIRGIG,0.932083370134052
AFOVIB,HOGQIF,0.8852039850730572
MIRGIG,AFUDUD,0.9974779961010922
MIRGIG,EBEXAM,0.8872906873364953
MIRGIG,EBEWOZ01,0.8872681080179053
MIRGIG,ATIKAP,0.8804269313689397
MIRGIG,ADEGIA01,0.8780494036235479
NUDLOP01,JEGJUD,0.8871935691553652
RUVBOB,RUVBIV,0.997833166696092
XAMDUM,HUCBOX02,0.8973029327937642
XAMDUM,XICKOL,0.8605942944382733
CUJCIV,CEJXEW,0.8622571520825614
YUKTUU,PADJOU01,0.9999948839749202
YUKTUU,DADTOS13,0.999982688318907
YUKTUU,DADTOS04,0.9999692783370402
HAZPAB,HAZNED,0.9979863437511216
XADWIK02,XOMCIN,0.9058603360447544
XADWIK02,LIDSAU,0.9032626173063778
RUYGEY01,RUYGEY,0.9999856902228594
XICKOL,IPINAY,0.8792738839328837
AHAKEA,COYTIU,0.900133965749522
RAGREY,PEKZIP,0.9999838331583368
RAGREY,XIQZIH,0.9994840877621328
RAGREY,ASUKEE01,0.9992178392747824
RAGREY,OJOQAF02,0.9954396559970344
RAGREY,OJOQAF,0.9951041242204406
PASGAU,QONLAI,0.9997803345648532
PASGAU,QONKUB,0.9997789040123086
PASGAU,PEBNER,0.9985356244131758
PASGAU,VUQJEX01,0.9960653550998568
NILBUH,LIXMEM,0.839618922281442
VUNMOI,VUNNID,0.9989279410176686
LARBOW01,CISMEY,0.9003449025208987
WOJYUR,XISDIO,0.9479890979702452
WOJYUR,DUGDUG,0.9414150833644656
WOJYUR,CEJXEW,0.9330077067190348
WOJYUR,AYOZOF,0.9326568377918958
WOJYUR,LAVTAF,0.8856655534070228
WOJYUR,YATTUK,0.8838283184051478
EXUTAU,IBEYAQ,0.9471260863481352
EXUTAU,RUYVIS,0.8659035396059015
EXUTAU,SENXAN,0.8627405751709559
EXUTAU,LIXMEM,0.8607563075891463
MNFORD03,PADJOU01,0.9999892070376314
XADCOW,SETQAL,0.9999925626336053
XADCOW,SETQUF,0.9999191149169646
XADCOW,POJTOY01,0.9997318925369654
XADCOW,YAXCAC,0.9945686685734614
XADCOW,TOVJAR,0.9061204485661298
DIXGIC,HISSIN,0.8659619021084056
CAQKAJ01,CAQJOW,0.9957834066634728
CEJXEW,XISDIO,0.9564323566432718
CEJXEW,DUGDUG,0.9502034865232464
CEJXEW,AYOZOF,0.9413512782313738
ADEGIA01,ATIKAP,0.9998023501642268
ADEGIA01,XISDOU,0.9032930053285269
ADEGIA01,AFUDUD,0.8851541145616258
ADEGIA01,EBEXAM,0.8652167850598992
ADEGIA01,EBEWOZ01,0.8646749420028176
ADEGIA01,HOGQIF,0.863289285385792
ELUQIM04,SANMEB,0.9973849471920104
ELUQIM04,SIWYOO,0.996071864540315
SETQUF,POJTOY01,0.999945485479104
SETQUF,VAGVAC,0.9999220862359192
SETQUF,POJTOY,0.9999071015635664
SETQUF,YAXCAC,0.9958033117712992
SETQUF,TOVJAR,0.9068680972388036
QONLAI,BUZKUE,0.9989916936970046
QONLAI,VUQJEX01,0.9977004108966306
IXODUV,XAVDIJ,0.999996718403386
IXODUV,PARFOF,0.8850372440892134
VASGUU,VASGII,0.999991803080534
EDAGEX,RAVVIU,0.9999706319780431
EDAGEX,DADTUY,0.9989291064813368
EDAGEX,SOJKOT07,0.9976385267081632
YATTUK,NIGFOZ,0.999868040394631
YATTUK,LAVTAF,0.9901835879593786
XIQZIH,ASUKEE01,0.9998673175576894
XIQZIH,PEKZIP,0.999313910186046
XIQZIH,OJOQAF02,0.997714995096604
DEHHEG,DELTAQ01,0.9997936210284608
VACFOV01,VIFPUY,0.9999964772959664
VACFOV01,PEYVEV,0.8603445003755701
FECXAO,LUWMEX,0.9479822157291748
FECXAO,APAZIC,0.9473556979819148
REXYAX,PIQQEN,0.8766015347472669
ASUKEE01,OJOQAF,0.9982044760614052
TOFQEM,WEBLAQ,0.999366679189949
YEBKOG,DAHNUW,0.9999040985608996
YEBKOG,XOTGUI,0.9963894930699128
SAQFUM01,MOFTIL02,0.8767697277729247
MOLTIR,TILHAZ,0.9785240584478516
HAZGOF04,HAZGOF06,0.9999998666242969
CIKCOQ,NOLRIR,0.8930452757197944
CIKCOQ,WEBLAQ,0.8778860802102212
VITYUU,EWASIG,0.9891361536901822
VEMSUC,GACVIS,0.9999707859275966
VEMSUC,XUJQAV,0.999998983805659
VEMSUC,NUNNUH,0.9999199770733216
VEMSUC,PUNYON,0.9955133154058118
VEMSUC,XOMCIN,0.8610992899407219
VEMSUC,LIDSAU,0.8610053699724458
LIDSAU,TEVVOI,0.9026806942485242
LIDSAU,UFATEA01,0.8792872448867032
LIDSAU,ROGLOP,0.8791899796836824
LIDSAU,UFATEA,0.8735265563043714
LIDSAU,NUNNUH,0.8611287432828729
LIDSAU,XUJQAV,0.8610265071486382
OKIWEL,OKIYIR,0.9999999971030548
OKIWEL,SAHYAD02,0.999996588882636
OKIWEL,WUNSII,0.9999918360434809
OKIWEL,YINNUH,0.9999808295246412
OKIWEL,WUNSEE01,0.999960265451929
DIQGUH,LIWYUM,0.9451779650224974
DIQGUH,OKAYIK,0.8964308503539636
DIQGUH,UQEFED,0.8960220418651349
DIQGUH,SIJYEQ,0.8628625813206238
OXEWUL,VOQXIK,0.997395644479093
OXEWUL,REYDOR,0.999104774978115
OXEWUL,AZAYEH,0.9033467460043156
UGECEO01,IGAHED01,0.999913571534599
PADJOU01,DADTOS04,0.9999399919376062
UTONEX,UTONAT,0.9992046502423068
SEQSEO01,TEVVOI,0.8697827390365864
UXEDUX,UXEDOR,0.999973824234762
UXEDUX,ERFORD01,0.9981390446789123
ALUJEX,ATIJOC,0.9952861871159112
BEPNIV,BEPNOB,0.9999999559676808
BEPNIV,MAWTUC,0.9999851785491334
LUFNAC01,LUFNAC04,0.999999662561019
LUFNAC01,TUTJAU,0.9998991979884186
NELRAY,QIKZIW,0.8987509452803715
POFGUO,REYDOR,0.9947369019052912
OKAYIK,UQEFED,0.9998096066134586
RISXAT01,ATEYUV,0.9059624394610252
ATOTIM,IDIWOH04,0.999933855324452
ATOTIM,XAVDIJ,0.9999050166314616
ATOTIM,PARFOF,0.8848742847190876
PESTAL,NUDNUW09,0.9999996699996162
PESTAL,VICBEQ,0.9994655738516096
XOMCIN,ROGLOP,0.8791919641658802
XOMCIN,UFATEA01,0.8789674478477321
XOMCIN,UFATEA,0.8761494809293654
XOMCIN,XUJQAV,0.8610849779314607
IDIWOH04,XAVDIJ,0.99999739755528
IDIWOH04,PARFOF,0.8850397209855809
QOMSES,QONKUB,0.9999789522944535
QOMSES,BUZKUE,0.9986835079955716
QOMSES,VUQJEX01,0.9972461073912652
PARFOF,XAVDIJ,0.8850568105262381
YUNBOZ,POCMEA01,0.9997686076449048
YUNBOZ,POCMEA03,0.9997358831744468
UTONAT,NATREH,0.8620950985325
PEQTOV,EMEYOK02,0.9999362934317304
LAVTUZ,VALVAI,0.8696818462516879
LAVTUZ,HELNAQ,0.8692568234233005
RUFMUA,ECEDEY,0.9079286028298468
MAGVOG31,MAGVOG32,0.9999998680656894
RUDRUE,DITKAT,0.8913014848343254
SAQQEH,ATEYUV,0.956286101095819
SAQQEH,IDINER,0.9444541843317804
EBEXAM,AFUDUD,0.884491923153101
EBEXAM,ADEGIA,0.8677904748236873
MAGNEQ01,OCUQIO02,0.9999459042153732
MAGNEQ01,ROLCEC11,0.9984407525964551
MAGNEQ01,ROLCEC16,0.997530139947674
ROLCEC11,ROLCEC16,0.9998952851641594
ROLCEC11,OCUQIO02,0.9978109118512316
CAJHUS,VICBEQ,0.9979817004081776
ZASTUK,DONKUO,0.8061406845072294
SEQSUE,TEVVOI,0.8705364676824625
DADTOS13,DADTOS04,0.999998089701384
BOSHUN,FIFPAM01,0.9987558620661942
NIWZIE02,NIWZIE18,0.9999764686750544
NIWZIE02,NAXVOY04,0.9999613939286948
NIWZIE02,AMURUX,0.9956796008541547
NIWZIE18,AMURUX,0.9950216035793328
SETQAL,POJTOY01,0.99981364984261
SETQAL,POJTOY,0.999746950324512
SETQAL,YAXCAC,0.9949570627271213
SETQAL,TOVJAR,0.9063635024417837
SETQAL,REZXOK,0.8840297726302401
HAWWAF,RATSAI,0.9981173721131642
UFATEA01,ROGLOP,0.9999348471716742
UFATEA01,TEVVOI,0.9168962258300938
NIFTAA,TUDJEI,0.9999999173707552
NIFTAA,NIFNOI,0.9999981484945376
IZEPEJ,REZXEA,0.9914196815347684
JAKBUV,DANZEX,0.9995513226564592
MAQDUD01,NEZQAN,0.9320389593685532
WAQTAM,APEBED,0.822703729627744
LAQKAP,LAQJUI,0.9995511252939342
DUGDUG,XISDIO,0.9934947858198736
DUGDUG,AYOZOF,0.9919026137997397
BOGXIF02,SUHPIV,0.9999992516209588
UDUMIP,UDUMIP02,0.9963670800213248
HICGEG,IMIDZB08,0.9994068056893712
HICGEG,IMIDZB13,0.9981158795273928
CUQKOQ,WIVKIX,0.8698779140404155
FUVDEH05,IFEPUG01,0.9997988539727044
UFATEA,ROGLOP,0.9956518076864784
UFATEA,TEVVOI,0.923310088271459
XUDSIY,POJTOY,0.9934547129860468
XUDSIY,VAGVAC,0.9933248734175522
XUDSIY,POJTOY01,0.99308681164145
XUDSIY,TOVJAR,0.905386693547018
XUDSIY,REZXOK,0.8809136736652697
JIVHOM,JIVHIG,0.9925629079920656
XUJQAV,TONBUU,0.9999894016260156
XUJQAV,NUNNUH,0.99993058354155
XUJQAV,PUNYON,0.9953937868420903
WEMFAX,EBIBID,0.9997666970381588
EBUTIG,PESTEO,0.9996664644925656
EBEWOZ01,YENZAV,0.89773625734436
EBEWOZ01,AFUDUD,0.8841956926612901
EBEWOZ01,ADEGIA,0.8673223127462262
EBEWOZ01,ATIKAP,0.8671941310555475
XOPKOD,FUXCOS,0.98437013458072
HACPOR,HACPOR01,0.9998736015375456
VUQJEX,VUQJEX01,0.9999997726526206
VUQJEX,BUZKUE,0.9997210577642706
VUQJEX,PEBNER,0.9993751756666668
INICPB01,POCMEA03,0.9999616071448476
YOVTOS,QANSEE,0.9999994457489112
VIDXOX,UZATAR,0.997767873245376
VIDXOX,VOYWUB,0.8625834302546043
VAGVAC,POJTOY01,0.9999977651628356
VAGVAC,YAXCAC,0.9968620871776148
VAGVAC,TOVJAR,0.9074455043710156
KENTEF04,KEPNAX01,0.8787177410842045
NAMDOV,DOJXIK,0.9980844635960509
NAMDOV,LESWAI,0.8603569866091332
VAFCAH01,HAWDIU,0.859763883943669
PUNYON,NUNNUH,0.9943265009529164
NEBMEP,ONUQOE,0.8247194548941934
NUDNUW09,NUDNUW01,0.9999181512658728
XOTWIO,FIJBUV01,0.9982956886881345
VIFPUY,PEYVEV,0.8599051170276276
ILAXOK,JALLOA,0.896003528731431
NIFNOI,OFERUN,0.9999999280067814
NIFNOI,TUDJEI,0.9999972835990452
DELTAQ,DELTAQ03,0.9999329309361789
DELTAQ,DELTAQ02,0.9998085792339187
DELTAQ,WIDTAF,0.9974022119049216
VUQJEX01,BUZKUE,0.9997367457256428
VUQJEX01,QONKUB,0.9977053760352677
EQOBUH,AFIXAO,0.9981134364046912
DELTAQ02,BIFSUF,0.9997224195583416
DELTAQ02,DELTAQ01,0.9998082490733068
FITFIA01,FITFEW,0.9993608106572826
OJOQAF,OJOQAF02,0.9999494629803952
OJOQAF,HAJPEQ,0.8616994413131629
AFUDUD,XISDOU,0.9474001354233824
AFUDUD,AYOZIZ,0.939875222271663
AFUDUD,ATIKAP,0.8862217407286117
SOJKOT07,DADTUY,0.9997472641523883
SOJKOT07,RAVVIU,0.9970850894012055
ACAFAO,TEYCAD,0.8676806004737895
OKIVAG,WUNSII,0.9999919676795406
OKIVAG,YINNUH,0.9999807136187012
OKIVAG,WUNSEE01,0.9999600750939368
ENIBEJ,UKOYOJ,0.8650182613681863
ZAWCIM,PEGBEK01,0.9999758861101542
RUYVAK,PIQMUZ,0.9628561360445368
DADVAG01,DADVAG,0.9999999714748125
NASGIZ01,VUKKET,0.8756168686741509
PTRPHT02,ZEFNIH01,0.9993899421925196
PTRPHT02,KIYZID,0.9063173480793728
PTRPHT02,KIYZID03,0.9062308807786446
PTRPHT02,HISGAT,0.892468609607669
PTRPHT02,DUYTUN,0.8745089037227051
WULBEM,ZEFNIH01,0.8778747548538872
LAVTAF,NIGFOZ,0.9878074815258028
XISDOU,AYOZIZ,0.9870191851828396
XISDOU,ATIKAP,0.9049949938784888
XISDOU,HOGQIF,0.8768396093838116
KHOXAL03,KHOXAL12,0.9997045364798822
PEKZIP,OJOQAF02,0.9948886966633904
HUFHUN,HUFJAV,0.9992033636940162
HUFHUN,HUFHOH,0.9999779655579288
HUFHUN,HUFJID,0.998212315167652
HUFHUN,GAMSOD,0.8795974857165142
AMURUX,NAXVOY04,0.996454812099754
KOMGEZ,KOMGID,0.9991797032322692
TOVJAR,YAXCAC,0.9074653507908864
TOVJAR,POJTOY01,0.9073611713531248
LARPOL,WUCRUH,0.9999600895716574
CAXTEC,XOCROY,0.8686444660739338
NUDNUW01,VICBEQ,0.9994823245971676
DAZKEX,KUNTAQ02,0.906391249038746
FUFRII,YUSVAK,0.8654758962382192
DEFNIO,DADTUY,0.9983802131910352
DEFNIO,RAVVIU01,0.994053269869383
DEFNIO,RAVVIU,0.9938817340513112
MEFSOI,IGOYOU,0.8499868914660713
PIZNOB,FUQCIF,0.9897994443419582
VOYWUB,QETSOY,0.8629125834940855
EFOREY,EFORUO,0.8448029510853207
VOGTER,QIWPET,0.8716760755264801
UMARIL,XUFYAA,0.8727770258317294
GAGTAM,GERXEJ,0.807576807528431
XIFHIF,SADBOQ,0.8645496547349137
WUNSEE01,YINNUH,0.9999962833751038
WUNSEE01,OKIYIR,0.999959968740428
WUNSEE01,WUNSII,0.9999162501200056
UNINOW,UNINUC,0.9999970329240008
UNINOW,UNINIQ,0.9999993043585048
NEQTIP,LOZSUQ,0.9962179827827669
ROGLOP,TEVVOI,0.9181252659302704
AMIXOK,FOCYUT,0.8876896164530024
AMIXOK,VUWSAJ,0.8811500852035915
APAZOI,LUWMEX,0.9999659672850774
APAZOI,APAZIC,0.9988891018503384
POJTOY01,YAXCAC,0.9966948244961324
POJTOY01,REZXOK,0.8847264973950951
DOJXIK,KOQXUL,0.9992429085275416
DOJXIK,KUGQOT,0.9985357513699163
KOQXUL,KUGQOT,0.9998830457093172
ADEGIA,ATIKAP,0.9999994053274824
ADEGIA,AYOZIZ,0.9048205439949882
ADEGIA,HOGQIF,0.8652650205608683
WILNEL,WILNEL02,0.9999970612383222
RASKIH,WAMRIN01,0.8292929871066087
RASKIH,XEKCAT01,0.8957629768737303
QOZYUA03,QOZYUA01,0.9999990582985944
IMIDZB13,IMIDZB08,0.9954308112416104
OJOQAF02,HAJPEQ,0.8616488959775686
WUNSII,OKIYIR,0.9999919924041148
APAZIC,LUWMEX,0.9992362900260132
NATREH,MEGNUJ,0.8143630707116483
HAPZUW,XAPMUY,0.8999893177045732
REZXOK,POJTOY,0.8848059218471782
PINGOL,QOWLOE,0.9999391527249032
PINGOL,PINGIF,0.999969645695511
TILHAZ,MAQZUB,0.997908497925944
OCUQIO02,ROLCEC16,0.9967517760874576
MAPHAP,HELNAQ,0.8848706993550133
MAPHAP,MAPGOC,0.884768974747932
PEBNER,BUZKUE,0.9999311200648268
BEPPIY,GANGEJ02,0.8198822972056634
MILQIJ,FIYSAK,0.8111188251060558
NOCKOG,UYEBOR,0.8253419040155486
OBAHUX,OBAHOR,0.9999884702358308
YINNUH,SAHYAD02,0.9999612841091916
WOQJIW04,WOQJES04,0.9675541995093196
AYOZIZ,ATIKAP,0.9049092470320488
AYOZIZ,HOGQIF,0.8622913614005563
ADUWIH,NERVAJ,0.9395885657852734
XUFYAA,XOPXAC,0.9997675130549768
XUFYAA,MUDLON,0.8700439638822265
VIRJEL,OTARUX,0.8044412436557754
GURXIB,UPEMUZ,0.8865654759408512
EBIHII,NINVAI,0.9999931229518252
ULAZAJ,ECUDAI,0.9120515488032672
AFUFEP,LEPKUO,0.8323687714621879
CIFHIK,RANWAH,0.8257677326099405
SEQWOC,JIYTAP,0.9039571830225857
WOBHIF03,WOBHOL,0.9999999556673916
POCMEA03,POCMEA01,0.9999989151525884
TUTZUD,RIQDON,0.8848792060887017
NEDVOJ,NIRGAY,0.8518441464144719
BUZKUE,QONKUB,0.9989949950847584
UMORIY,UMELUU,0.9997144116722738
HAWDIU,QOTZEG,0.9187478280260016
REQDIB,VALVAI,0.9999340067878728
ATIKAP,HOGQIF,0.8651721834366188
SIWJAM,GIZJOP,0.9996797881106632
MAWTUC,BEPNER,0.911700965903043
RAVVIU01,RAVVIU,0.9999987512080308
RAVVIU01,DADTUY,0.9986300422097956
IFEPUG01,FUVFUZ,0.999928768918692
IFEPUG01,FUVDEH08,0.9999253760589404
NOTRUL,RORLIV,0.9997343793536954
PAPKUP,ECUDAI,0.8647274997978305
OLURUI01,TEFWIL,0.8007446507232436
KAKCEH02,IFIQUM,0.8001918260150459
SUHPIV,OGULUY,0.9900943626818232
VALVAI,HELNAQ,0.999991521921778
VALVAI,MAPGOC,0.9991596718309866
DADVAG02,DADVAG,0.9999974704634932
MIVFOO,COCMOY,0.8910846826631894
XACFAJ,DEHFUR,0.999996624710952
HELNAQ,MAPGOC,0.998988996089568
DADTUY,RAVVIU,0.9985464514080248
DADVAG,YUKVIK,0.9999677348833548
XEZVOP,XOVPON,0.9010699622474952
PULWEZ,HOXGAD,0.9894653708135146
HORHAX,MAYPIM,0.8074523096881514
DANZEX,KURHIQ,0.9936469071418768
QAKFIU,GAQKOB,0.8944870661565655
HAHPIQ,NUHFAY,0.9943665606810862
OWIVAS,OWITAQ,0.9999999942279756
JEGQOE,VUMXUY02,0.9999977007757797
IYOVOI,HAWVEI,0.9998315060910776
SAZQEQ,QANSEE,0.9999799906335204
EDOWEC,YARGAB,0.8624218013591566
IZEVOA,IZETUE,0.9992903079783422
GIDKOU,MULQOA,0.9949220315451144
YOYZUJ,WIWHOB,0.9979187081623844
TAFBEJ,TAFBIN,0.999168318504776
HAJVUM02,RUGJUA,0.9996229160464768
YUJNIB,YUJNOH,0.9985668159103044
ERUVEU,UKOYOJ,0.8291071414548197
CAVSOJ,CAVTAW,0.99993620215015
IMIDZB02,IMIDZB08,0.999999808388168
EKAZIA,GIRHAR,0.8880094362860141
KEDJAG09,XULFOA,0.8643763586654746
REYDOR,AZAYEH,0.8985873852668421
NAOXAL06,NAOXAL09,0.9976488933483562
REZXIE01,YOXZOC,0.999544285335482
LEZTIW,VAYDEG,0.8742298179320197
XEGQUW,JEHCUX,0.8069657696393386
YEKQOW,VUKSIF,0.9948647440152968
LIVTEP,SUFROA,0.9998330110034552
AVAQAP,HAXYIQ,0.8463987178497697
GIZJUV,GITVIP,0.9952396784639628
GAMSOD,HUFHOH,0.8796275419751621
GAMSOD,HUFJID,0.8782776182737541
HUFJID,HUFHOH,0.99858643807046
JEBYAT,IKUTIT,0.8754827400256895
IKUTIT,AMIXAW,0.8597033344319801
JOFPAX,KAYBAP,0.8899751939245275
SEHSOO,XUMTUV,0.8779618379806151
DEBNUU,CISMAT01,0.8215595674304712
ELAPEM,CAPLOX,0.8022043577758121
MINKUR,MINKOL,0.9998583183760664
VEQBID,FAYXEJ02,0.8227141734287685
CDLGLU12,CDLGLU11,0.9999224563213494
HUFHOH,TAMHUM,0.9999372489834746
KIRFIA,KEDJAG29,0.9999998813968968
ZAWCAE,PEGBEK01,0.9999982274377446
AQMAND,PADBAZ,0.811036681168324
PIZPIX01,UXACAY,0.901905725102697
BEPNER,BEPNOB,0.91129361061913
ROGRUB,ROGRAH,0.9981888176929188
SEKXUE,UMAROR,0.8774695135410829
GUSPUG,GUPBEZ02,0.9933557814794216
PACYIE,ECOTOG,0.9999568640334964
YAQDIF,SUXWIT,0.8633171282988277
TUHSOG,RUPRUQ,0.8058747756569602
ECOROD,OBEMUE01,0.8749512949809082
LUDRUZ,WIVGAK,0.9994493789548886
LUDRUZ,AHAJUP,0.8827347161948913
EBIBAV,FADDAS,0.8452789018980839
ETEKEU,QETSOY,0.8672430146527303
UDUMIP02,FERLEU,0.9986991042582888
XAFBEN,ROFREL,0.8347742159485957
POSBAC,MOGNAY,0.8460429617475267
AVIPOL,XEKCAT01,0.8844145024206376
OGALAK01,OGALAK,0.9999972265160004
KOLQEI,COYVAO01,0.900071307630844
WADDEN,ZAFWUB,0.9976082450972972
WIVGAK,WEWFIQ,0.9997919191091216
WIVGAK,AHAJUP,0.8815500493750716
CUIMDZ03,CUIMDZ01,0.9923866322385442
YOMNUL02,YOMNUL10,0.999999813310877
NIGHOA,CUMFOG,0.8458868143614392
NIGHOA,ZAZVEE,0.9254636986994816
EMEYOK02,IRISAD,0.9996427386831356
SEVROC,QISFUV,0.9074295524997572
SEVROC,DAYCIQ,0.8611059215078947
FERLEU,JEXLIK,0.8739120869277537
LICDOX02,LICDOX01,0.9999913187773776
TEHMOJ,OFUCEZ,0.9905377164913204
HIQXEM,HISGIB,0.8253626837213468
GUPDEB,GUPCUQ01,0.9997595398531328
IMZYCO,OKEPUR,0.9986504898455256
VESBOM01,VESBOM,0.9987501653887116
DELTAQ01,WIDTAF,0.9977072216263888
ELIJUF,NADZID,0.8605352181664079
MINVUA01,MINVUA,0.9999999469721744
IXACOZ01,XAYMUF,0.8311311447527283
IXACOZ01,IXACOZ02,0.9999733527262272
WEWFIQ,AHAJUP,0.881263617423404
VOKKIP02,VOKKIP,0.9999315602585622
RBTCNQ13,RBTCNQ12,0.9999357781788188
ILIMUN,ILIMOH,0.999467796203214
EBIBOJ,COMFIU,0.9981825685787108
FAMHAE,FECYIX,0.9999994106141528
XODXIZ,HAJXIC,0.99994201178373
IYOVIC,IYOVUO,0.9975583020453612
MEYFOL,QUQSIG,0.9990840937141136
MIVCEA,MIVCAW,0.9970717724702186
KUGQOT,LESWAI,0.8609813525477311
XEMDEA,PUCTAJ,0.9987671129981984
QATDEW,QATBAQ,0.9999786257881896
JOBKUI,MUTDEM,0.8193292963653478
FOVPAJ,FOVPEN,0.9970047369468734
ROLZEZ,VUGXOM,0.9999448486278716
LIBNIU,LIBNIU01,0.9999650161272686
HIFZEC,HIFZUS,0.9998582312618354
SAQSAF02,SAQSAF01,0.9999837097961704
VUNBOW,JEHTOG,0.9866158780590328
MUQNOC,ABUFOU,0.8555950376081219
COXHON,SAHBEJ,0.998229217431708
COXHON,HOGWAB,0.9863219795974636
KIYMEM01,KIYMEM,0.9999993176801696
XUMBIR,DUQCAU,0.9986613371091816
JIHROH01,JIHROH,0.9999999997625304
HIZFIH,ENAMIR,0.9999804224213183
XIMSAP,QISFUV,0.8124992296359462
POBGAQ01,POBGOE02,0.9999997714641582
COWMAD,FAFHUS,0.8298559902662832
UVIKIU,UVIKOA,0.9995105793613996
OPIFUQ,LELMIA,0.8255242026511556
YOSLIB04,YOSLIB02,0.9999958946080254
YOSLIB04,YOSLIB03,0.9999877698594268
RAFRUL,DEXXAF,0.9996384167430212
RAFRUL,RIYXIG,0.9962597741590068
XILXOH,YOLXAA,0.97361140012912
USUQOQ,VUNCOX,0.8633528652370053
ILIFUE,SOGXET,0.9000050872958356
FUQRIU,LINRUY,0.9912206054581368
NAOXAL07,NAOXAL09,0.9957048530925084
KUZHEU,KUZHAQ,0.999797004594583
COKNUN02,POVVEC,0.8438034659546452
SEYFAE,QEKDOA,0.8640930978220736
XAHZAI,XIJXAS,0.9999067548674349
YARGAB,GIZXET,0.999636153276508
DAFYAN,DAFYOB,0.9999693007214469
DARFOT,IJASES,0.8958229028769863
NOFDUI,MOXNUK,0.9999998849923778
XANBOE,ENIZEH,0.8959140406911102
SOHYOF,SOHYEV,0.9998806172174132
CAXWEF,CAXVUU,0.9999992990060564
ZEFNIH01,KIYZID,0.9077244102530092
ZEFNIH01,KIYZID03,0.9077011474676148
ZEFNIH01,HISGAT,0.8887006155330796
DUWFEI,IFACIB,0.8166750866404872
DEKGOS,YUHMAR,0.9094188669595064
HIXWIU,REGLOG,0.9953270892087742
EPOXAJ,LECHUX,0.996811583732199
YEBLAT,KIDVIE,0.9984243938849868
CUYDEG,QUCPEK,0.8088166411013984
ECORIX,ECEYUH,0.8749618895000011
EDAKIE,TELDAP,0.8448580032315007
XICNOO01,XICYIT,0.998027636526872
IZEHAX,VEMHOL,0.9991775745465992
GUPBOJ03,GUPBUP,0.9998313418328032
WIHSEN,LEBZIE,0.9999929065235504
MOYVIG,SAHDAH,0.8106147743104563
SOWXAF,SOWXEJ,0.978681063808484
VIRXIF,XAMDOF,0.8122468397306738
UBUMOW,WAYWUR,0.9987148516393096
HEBKAC,UFAQEA,0.9961072078533671
NIPHAY,GAMKUD,0.996720264444102
UTEXUN,JOFDOZ01,0.9961591330490548
PUZJOL,YABPEY,0.9989538696913866
VESCED01,VESCED,0.9999885811618596
PORZUT,MUFYAP,0.8256320443778025
HOWPOA,HOWPEQ,0.999171039808343
CAXWUV,CAKWUI,0.862185493351908
TAJQEC,COQMAX,0.9996890132821716
XAGCEO,XAGCEO01,0.9997432364375402
VUZVER,JEXPEI,0.9081374955465648
YOSLIB03,YOSLIB02,0.9999978085119858
NARTUX,EBEZAO,0.8175123449956123
TOXHAR,TOWXEK,0.9999907177251752
PAMHES,SUHBAA,0.8160815802006026
YIGHUU,VITDUY,0.8918241955016908
DUCHIS01,DUCHIS,0.9996761329131388
XANMIJ,EJIBOQ,0.8115444403497879
IJOMAW,LAPMEU,0.9994160246905044
JADLOP02,JADLOP01,0.9999999646906176
VEGNAY01,GETTIJ,0.836807708643627
DIVNAY,EDIKIL,0.9999032397050516
AYABAD,GOZMOZ,0.8328524592939339
XEHDUM,XEHDOG,0.99950440782652
PURQAV,PURPUO,0.9498815669386113
GIFFEI,NUVDUE,0.9999999012185498
YESXUS,YESYED,0.9999786054674216
JAMLEP,LIFWUT,0.9987825073654852
MAXHOJ01,MAXHOJ02,0.999999999106929
LONVER,LONVIV,0.9991308948006123
HOXGUX,HOXGOR,0.999994764148583
XUKKET01,XUKKET,0.9999999839771692
SAQQOR,REDMUL,0.9225083260999294
DENQIZ,LACPEN,0.9933414603166004
LAHYOL,GIKBEK,0.9981046037334348
JABYUH01,JABYUH,0.9998536905513052
TOLPEQ,WIKDEB,0.834071860657307
TEKDUI01,TEKDUI,0.9999773409233222
EVAKOB,IXISAJ,0.9893670314195984
VITLOZ,VITLOZ01,0.9999931952255162
VESBUS,VESBUS01,0.9980136074197434
DAMYIC,DAMYIC01,0.999999893620991
NIYJEM,NIYJAI,0.8735377758509957
YAZYUU,CECVAI,0.8814350475249602
OHUKIM,WEMFUR,0.8239005453400448
JECFOP,JECGUW,0.9989876080485172
HAWVAE,QOZXUZ,0.9976346626696276
CICSOW02,CICSOW01,0.9999958946477062
MELHOB,JOFKIA,0.8362592849978352
FIXYET,WAMJUS,0.990703834113072
REVYUO,CETNUL,0.999971556495616
TATBUO,VUKPUN,0.9996746654261982
KEHDOS,WEJWAL,0.9985244606329564
SIRTEV,EHOHOY,0.8499915825551411
CDCACD,CDCACD01,0.9999202261729256
KEYZOF,TORXAB,0.997776265069974
ZATPIW,ZATPOC,0.9991303744188914
XUKJEU,YUMVOT,0.9999734939492816
EVUVOH,EVUVEX,0.9999968639936044
QESNEK,COMFIU,0.9975931297996018
NIRBOG,TATFOL,0.9335228303688629
UDISAD,COWMEH,0.8229391175566316
XOWSUY,XOWTAF,0.9996225727929308
PESSUD01,PESSUD02,0.9999810386872872
FUWXOL,QEWYID,0.9991555388874992
EVUVUN,EVUWIC,0.9965525529657022
GEWWOW,GEWWIQ,0.893522045947457
WUXYIZ,WUXZAS,0.970114783775516
XEXLOD,XEXLIX,0.9999985832972572
UXABUR,ZAFXAI,0.8983115438956504
FAPYEA10,FAPYEA05,0.9999998594741376
LALGIQ,MESNML,0.99948117733901
JACJON,LAJDUV03,0.9843779163681944
IWOSAP,IWOSET,0.9987457257361926
YURDAS,KHMALA03,0.8941319201280857
DEHYEV,XAJZAK,0.9999944482651064
HOFXUV,HOFXOP,0.9999975921585752
QOVDEL,QOVDAH,0.9999981462474732
KEHWAY,KEHWEC,0.9998900919352166
FORWUF01,FORWUF02,0.999987233647314
UGIXOZ,KITZAR,0.8979386770185686
DUZNIX,WAPYUJ,0.9506863664696688
FIXVEQ,SALXIP,0.999534541197589
YINRIZ,MAXFOI,0.9506796179484092
KOSFUV,KOTDII,0.999995514509324
RISXAU,TIPRIT01,0.99960033320959
LIHREA,LATPIG,0.9996167777238832
UXUWUH,UXUWOB,0.950678248942236
GIXVOZ,ULUCUZ,0.999478107409172
CAZLIZ,DALRAK,0.9090363844373184
IFEKUA,IFEKOU,0.999869849280342
KULRIT,UDISUX,0.8298385937453376
JITQEJ,LIRTUC,0.9953124298431516
FASFUD,PUFNUB,0.9999999845956086
SARHEA,CAXVII,0.9999947998733784
ICUDOC,ICUHIA,0.9926258075215736
HUSPUH,HUSPOB,0.9243254181150248
FIWJIG,LUSQOH,0.9984254102888532
COWMIL,UDITEI,0.821211558649861
NACKOT,GAFBEX,0.9999872650321512
CUGYEK,SOTMUK01,0.9961780281356672
VAPBEV,VAPBIZ,0.999994497286488
TIDWIO,NUHDIE,0.8489544626317603
GURYOI,GAFXIV,0.999354025681001
CUGQUR,QUMGAI,0.9107203200670816
TELMII01,TELMII,1.0
VADQAS,TOJVUJ,0.9499396124331316
UFIKAX,UFIKAX01,0.9999635150466876
CODQUJ,XAGQUT,0.908344359344246
WIRMUH,WIRNAO,0.996795455768189
PEYDAA,PEYCON,0.9999353003551612
CIGVAS,CIGVEW,0.9989416189693634
XUMVIM,XITDEL,0.999384488560903
SADZUV,SAFBAF,0.8914112161722733
XANMUX08,XANZAQ02,0.8105292534523405
ZAYMAP,FOPWEO,0.852986390700692
GAYFUJ,HOZWOK,0.8278673187510259
NUVDOY,GIFFAE,0.999966013647134
NADKIO,NADKEK,0.9995519714592332
XEJVOZ,XEJVEP,0.9928860923901928
MUYKOH,VARWUI,0.8199212135133718
VIBPAZ,VIBPED,0.8417237181442757
LICSUM,FOHCAH,0.8052517067470496
DIXNUV01,WUZQOZ,0.9999423303470094
YUSWIU,QUZVEO,0.9988541101677256
HORCOH,UGUGUZ,0.8460362917289658
PUWQAA,GUPCUQ,0.999836337072088
IDIMIU,EMIFOW,0.9999222487454388
DINTID,DINQUM,0.9999883167678628
UHOGEF,MOXNIY,0.9985829094215752
VUQKUO,VUQKOI,0.8502454261208472
KIZCOO,RENHAW,0.8124675179246154
RIFQIG,RIFQIG01,0.9999922433726786
NAHQEU,NAHQAQ,0.9998813198787456
HEJRIA,HEJQIZ,0.9999999658965592
MAGCEE01,MAGCEE,0.9999903002090758
PUWVEJ,PUWVOT,0.9999996699660196
EWOBEZ,FEVFUJ,0.9999850653842456
LIFKOC,DIPGAK,0.8434111563411965
JUQVAU,JUQTOG,0.999999110094372
WEQMIP,WEQMEL,0.9996543038252586
TILFUQ,TILFUQ01,0.9999986559041631
HUMPIP,FAQFEK,0.9999968008158754
IWELIG,IWELOM,0.999999858992201
RASXIT,WEMCIC,0.9995392032732244
WOHZAU,COWMOR,0.999720616066748
WOBBOG,CIPMUL,0.9994353201104405
EMAFII,EMAFAA,0.9996844549024384
UGUNOZ,XOQDAJ,0.896186794377533
HURQUG,CODQOD,0.8061257951392425
IPABIL01,IPABIL,0.9999973569208644
YEYMAQ,YEYMIY,0.9107193172604378
WOBCAT,XAFXOT,0.9916282015556902
WUWRAI,WUWQUB,0.999994892637109
VIXGEQ,VIXGAM,0.9998767549926728
UVELIR01,UVELUD,0.9972231109243036
ETEVEF01,ETEVEF,0.9999941677971436
HUWWEC,HUBHAO,0.9989529789911956
WAPZEU,DUZNUJ,0.9506046123709816
TOLPIU,WIKDAX,0.8347800781312411
MODWUX01,MOLTEN,0.8814151851401644
FAYXAF,SEJSUW,0.9977715764740228
QEMYEM,WUHXEC,0.8953587873769675
ESIFET,ESIFIX,0.9999828826186684
DEKZIE,DEKZOK,0.999794721195349
IDAZAQ,FUQREQ,0.9981243327523466
UCOCIY,CIJBEC,0.8076630056137908
EXUHUC,VIBYIQ,0.8906723263816738
SOPROF,QIQVOE,0.9989739383617708
JALTUL,VAMHUM,0.998525518218682
DAXKIY,DAXKOE,0.9999801441970178
UDANEV,TEFWOR,0.9970294708597024
TOJDAY,RIFPEB,0.8076915140516683
YICRIM,WOBHAX,0.8607038602007486
SOKWAS,SOKWAS01,0.998504148817629
YUGZEG,WIHQEM,0.9999999437073536
XORDAJ01,XORDAJ,0.9999359433428894
MIHHIU,MIHHUG,0.9999678202900985
GUDFER,QILYIT,0.831592399979415
DUZNET,WAPYIX,0.9506671793838024
COMVEG,MUQZOO,0.9999588474982876
WEMYOC01,WEMYOC,0.9999995077849412
MAWCEV,MAWBUK,0.9999923578521666
SIYGIT,WEMDAV,0.8091695562018812
XIVLOE,XIVLUK,0.9999948214671964
XEGQEG,XEGQEG01,0.9999984820350604
ECUCAH02,ECUCAH,0.9999998432423388
TEQPEM,NIBPUM,0.802764957866502
QUHMOX,QUHMEN,0.9955817379507867
VESBEC01,VESBEC,0.999138054351136
QUMFUB,LARNIE,0.9966593087102532
ORONOA01,ORONOA,0.9997200991903274
FIFQIX,FIFPES,0.998793552878546
OKINIG,HOYCEF,0.8499418257596603
FEQRIE,FEQQUP,0.9996446949014112
COWMUX,UDITAE,0.8209577332848281
XAHZEM01,XAHZEM,0.9999776145425324
WITMOD,OWISOD,0.904066262367072
XISTIE,OKIPEE,0.856104582435258
HUPTOB,SIYGOZ,0.9946075345460684
FAFMEE,HULCEW,0.9999916002530592
JARMEU10,JARMEU,1.0
CAJTOX,CAJTUD,0.9984037393056472
MAPXEH,YEKREO,0.8288804411979858
TARQAF,XIFXAM,0.9998054856565212
TAGTIH,QIMFEA,0.996085740652652
GAFORM11,WIHTAK,0.999975680750104
WIKHAC,FECZIY,0.818079789961792
EBINUA02,ONAWEG01,0.9999984837268108
OBIVAY,OBIXEE,0.8395210283934414
GIXNAF,MUQSUM,0.9046085757621908
PAXSEM,PAXSEM01,0.999990327988376
FIKQIB,FIKQOH,0.9955387112531352
HAKXEX,HAKXEX01,0.9997683634696308
EGOYEF,UHAXOS,0.8060996760604933
OHUVIY,MAKSAT,0.9979592638000784
YUHMIZ,YUHMUL,0.9998421898589496
FUCTAY,IPIDAN,0.8626206610587335
VODLEG,VODLEG01,0.9956904264554752
EGAGIE,EGAFOJ,0.9999107103621072
MAXGOJ,GUTPES,0.8695904109944548
MAXGEZ,YINRAR,0.9494419399800912
YINROF,MAXFUO,0.9506170459253876
TONVAV,FAKLUA,0.9990788558452012
PUHLEL,PUHLIP,0.9995556879890668
HOPVIT,NUVDIS,0.9999801653969996
LARNEA,XOPLUL,0.999565637369022
CITWOS,CITWUY,0.8666405637560146
LOSKUA,LOSKUA01,0.9999999920260448
VOCTOW,YEHDAS,0.8078558619623465
DOCHIN,TARQEJ,0.8322748197340024
CEHWOD,CEHWIX,0.99920246100942
YARZEZ01,VINMUD01,0.9998507629067666
GUPBOJ01,GUPCOK,0.815283525702241
ULUPUM01,ULUPUM,0.9999460529677272
NEWPUB02,NEWPUB01,0.9999948386579228
SAHTIF,SAHTIF01,0.9999999957482778
KABSAJ,EJOPEZ,0.9999814728300284
DIXKUR01,DIXKUR,0.9998783298756428
MARLOJ,MARLID,0.9970077354095565
PIBZUY,PICBAH,0.9999621885265476
TIMMIM,TASJUT,0.8718976881544009
DITPON,JOJJAU01,0.8159839865496519
CUTCYM01,CUTCYM02,0.99999411990786
XUNJEW,HEBZEV,0.8747793470646924
DUZNOD,WAPZAQ,0.950562359262798
ERAJAK,ERAJEO,0.999999996213053
UFIJOK,UFIJUQ,0.999844918781029
NUYNAY,NUYNEC,0.9999130393954112
TEBDEM,TEBDAI,0.9999999243607112
YIFKEG,YIFLUX,0.9982970064618948
HOZQOD,HOZQOD01,0.9999883830578395
EWAWEG01,EWAWEG,0.9995469703427134
KOTDOO,KOSGUW,0.9999957143337266
PEGPUO,INOJAX,0.9985876182908736
EVINON,QOFMUU,0.8414542547942612
JIGQOI,SEGJOG,0.9999090245434265
EJIROG,EJIRUM,0.8892234767969721
YEPTOF01,GORWUF,0.999999795964463
PUTYAE,XAYNAM,0.8506252708606408
HAYZAL,HAYZEP,0.9997898365741904
VUZTIT01,VUZTIT,0.99985832969637
PIRMOU01,PIRMOU,0.9997598544212352
MAQJEW,DAPGUW01,0.9973482318291902
POGDAS,NEGXIJ,0.9999456058375004
XUNJIA,XUNJOG,0.9998229619455984
VUGYIH,FANCIJ,0.9997232674940084
YEYBOV,YEYBOV01,0.9998936749180164
SUQJEV,SUQHUJ,0.9999924711609272
WEMJII,GUKYUI,0.9151780312260054
TEYREW01,TEYREW,0.999994573321566
MESGIB,MESGEX,0.9984866156634324
EBEXIU,EBEXIU01,0.9999993503906612
WUHHUC,SUXYOA,0.8089150952151312
FAGMEI,FAGMOS,0.9998761582583288
KERTUZ,UTEZOK,0.9140377310256704
