source,target,weight
DOTSOV07,EBAMUS,0.9999308847937758
DOTSOV07,XAMDUM02,0.9997716188117708
DOTSOV07,DOTSOV12,0.9997439991911108
DOTSOV07,DOTSOV14,0.9997437331098334
DOTSOV07,DOTSOV08,0.9997408988302732
DOTSOV07,DOTSOV10,0.9997405964892244
DOTSOV07,DOTSOV13,0.9997402714472494
DOTSOV07,DOTSOV42,0.9997365190960612
DOTSOV07,XAMDUM04,0.9997158319146277
DOTSOV07,LUDLIH,0.9996732178404976
DOTSOV07,BODPAN,0.9996725253926984
DOTSOV07,XAMDUM05,0.9996659657502338
DOTSOV07,RILFEA,0.9996173734829084
DOTSOV07,UXISUR,0.9996103515563846
DOTSOV07,YOZMEH,0.9996102947429863
DOTSOV07,XAMDUM,0.9996101649710672
DOTSOV07,LUDLED,0.9996019428965076
DOTSOV07,YOZNIM,0.999593276897224
DOTSOV07,YOZMOR,0.9995705440031504
DOTSOV07,DIHVIB,0.999538282605738
DOTSOV07,YOZPAG,0.9994768521557672
DOTSOV07,QAWHIH01,0.998182594679042
DOTSOV07,QAWHIH,0.9981289011575492
DOTSOV07,NEHZOS,0.9975110388143535
DOTSOV07,NEHZUY,0.9974434342581135
DOTSOV07,OQIZUL,0.9970326261096712
DOTSOV07,YOZNUY,0.9970125109004055
DOTSOV07,OHOMIH,0.9954449623738572
DOTSOV07,YOZMUX,0.9894783445666464
DOTSOV07,DALSOA,0.932726025979138
DOTSOV07,BABREE,0.9324724852066444
DOTSOV07,IWEVAJ,0.919567890022494
DOTSOV07,RAWYAS,0.919371843963844
DOTSOV07,OFOCUI,0.9073582518751754
DOTSOV07,HANWAW,0.9072352321731452
DOTSOV07,YUGLES,0.9071779401962052
DOTSOV07,NUTQAV,0.9068620492249404
DOTSOV07,NUTQEZ,0.9067006646855174
DOTSOV07,HUCBOX02,0.8971499364729904
DOTSOV07,MOFGOE,0.8962917941830518
DOTSOV07,IPUPIU,0.8863613783211971
DOTSOV07,IPUPOA,0.8857862837977251
DOTSOV07,ADONEP,0.8850435938959833
DOTSOV07,WANJIF,0.8850432364626131
DOTSOV07,XEDMEB,0.8847973381784972
DOTSOV07,USEVOF,0.884491686290048
DOTSOV07,EXAXAE,0.8830659905215632
DOTSOV07,ANUGIA,0.8765883933377857
DOTSOV07,NEMCOA,0.8756100189730917
DOTSOV07,LAQNID,0.869042195096279
DOTSOV07,KIRFOI,0.8669032955158198
DOTSOV07,XICKOL,0.8608008912968679
DOTSOV07,OGEBAF01,0.8594301951954839
LATFUI,MIBQAR01,0.9999999918656078
QOMSES,QONLIQ,0.9999976294161604
QOMSES,QONLAI,0.9999792979533644
QOMSES,QONKUB,0.9999789522944535
QOMSES,FUSWIA,0.9997430275929536
QOMSES,FUQJUX,0.9996351654598457
QOMSES,PEBNER,0.9992162319160188
QOMSES,VUQJEX01,0.9972461073912652
QOMSES,VUQJEX,0.9971960072944388
QOMSES,HOSPEL,0.9970960111812724
BUHFER,TALKAT,0.99990767518941
BUHFER,DITYEM02,0.9955165496171564
NUTQEZ,YUGLES,0.9999462160849883
NUTQEZ,OGEBAF01,0.9367173356414616
NUTQEZ,LURRIA,0.9120454646470092
NUTQEZ,QAWHIH,0.9082307772460172
NUTQEZ,TISPAO,0.9081596406245818
NUTQEZ,YOZNAE,0.9077923935308624
NUTQEZ,YOZMOR,0.9077788973225824
NUTQEZ,YOZNEI,0.9077730500765112
NUTQEZ,XAMDUM07,0.9077367447492783
NUTQEZ,YOZMIL,0.907729814588886
NUTQEZ,YOZMEH,0.907684254994152
NUTQEZ,UXISUR,0.9076841840593122
NUTQEZ,LUDLIH,0.9076414550989864
NUTQEZ,BODPAN,0.9075812730597108
NUTQEZ,XAMDUM05,0.9075716667527108
NUTQEZ,DOTSOV11,0.9072867839728076
NUTQEZ,DOTSOV10,0.9072850457414018
NUTQEZ,EBAMUS,0.9072849047683051
NUTQEZ,DOTSOV14,0.9072848179010888
NUTQEZ,DOTSOV08,0.907283251194374
NUTQEZ,WULJUJ,0.9057680490879852
NUTQEZ,DOTSOV02,0.905744622891756
NUTQEZ,QIZLIW,0.9043309576638738
NUTQEZ,NEHZOS,0.9012481982754136
NUTQEZ,YOZNOS,0.9012413963054028
NUTQEZ,GAVDUD,0.9012198660647684
NUTQEZ,NEHZUY,0.9011291794536022
NUTQEZ,KAJZIH,0.899248202182878
NUTQEZ,QIZLOC,0.8980543111606971
NUTQEZ,YOZMUX,0.8978850359742204
NUTQEZ,QIYDIN,0.8852028119940973
NUTQEZ,QIYDAF01,0.8810916296583926
XAMDUM,YOZMEH,0.9999999999589456
XAMDUM,UXISUR,0.9999999999385843
XAMDUM,DIHVIB01,0.9999999880870992
XAMDUM,RILFEA,0.999999915304458
XAMDUM,XAMDUM01,0.9999999133858648
XAMDUM,LUDLED,0.9999998959903682
XAMDUM,XAMDUM06,0.9999998033608576
XAMDUM,YOZNIM,0.9999993666013728
XAMDUM,XAMDUM07,0.9999987313876336
XAMDUM,LUDLIH,0.9999971359406172
XAMDUM,YOZNEI,0.9999953358895468
XAMDUM,XAMDUM05,0.9999948296274224
XAMDUM,YOZNAE,0.9999942756152824
XAMDUM,XAMDUM02,0.9999773811388408
XAMDUM,DOTSOV42,0.999952074033396
XAMDUM,DOTSOV13,0.9999471835674916
XAMDUM,DOTSOV11,0.9999471405832918
XAMDUM,DOTSOV15,0.9999467322605594
XAMDUM,DOTSOV10,0.9999467320508096
XAMDUM,DOTSOV14,0.9999466671191386
XAMDUM,DOTSOV08,0.9999463090210684
XAMDUM,DOTSOV12,0.9999462898410368
XAMDUM,EBAMUS,0.99982835776886
XAMDUM,QAWHIH,0.999220244837121
XAMDUM,WULJUJ,0.9988955952191124
XAMDUM,YOZNUY,0.9984010744239732
XAMDUM,NEHZOS,0.9963948301554864
XAMDUM,NEHZUY,0.9963089774892928
XAMDUM,KAJZIH,0.9949181828639296
XAMDUM,YOZNOS,0.9917819388726096
XAMDUM,YOZMUX,0.9880048072914934
XAMDUM,DALSOA,0.9329904360066974
XAMDUM,ORAWAH,0.9321681734309936
XAMDUM,BABREE,0.9321088022740602
XAMDUM,EXOYAS,0.9197052093300456
XAMDUM,RAWYAS,0.918899110739332
XAMDUM,YAGHUM,0.9078799529825556
XAMDUM,EXOGAB,0.9076878011332524
XAMDUM,OFOCUI,0.9076665684626706
XAMDUM,MOBDIR,0.89587095033466
XAMDUM,IPUPIU,0.8871015363645722
XAMDUM,KANMIX,0.8850597557926141
XAMDUM,USEVOF,0.8850382728638266
XAMDUM,IPUPOA,0.8849615851763475
XAMDUM,WANJIF,0.8848714394813465
XAMDUM,ADONEP,0.8844639865934643
XAMDUM,EXAXAE,0.8820796081022115
XAMDUM,EXAXAE03,0.8817536610832556
XAMDUM,EMUBIZ,0.8817190124873814
XAMDUM,NEMCOA,0.8745309838164868
XAMDUM,CEKHUY,0.8739879623908554
XAMDUM,HIDTUM,0.8732344744793998
XAMDUM,LAQNID,0.8691046760990457
XAMDUM,OKABAE,0.8670083666257202
XAMDUM,XICKOL,0.8605942944382733
QOWRAV,QOWRAV10,0.9999999738766776
QOWRAV,QOWRAV09,0.9999999433361492
QOWRAV,QOWRAV11,0.9999999205085974
QOWRAV,QOWRAV12,0.9999999029287368
QOWRAV,QOWRAV07,0.9999997850954798
QOWRAV,QOWRAV03,0.9999994284391064
QOWRAV,LIGQEA,0.999732226950304
QOWRAV,BAZFUF,0.9971975973501016
QOWRAV,ICAREL,0.991083539247024
QOWRAV,BAZGAM,0.9862587585381196
QOWRAV,NAFSOF,0.9789929400732827
QOWRAV,LAYXER,0.9574751773041352
QOWRAV,ANUGOG,0.9569173334154478
QOWRAV,LAYWOA,0.9545504053477214
QOWRAV,LAYXAN,0.9530289371763748
QOWRAV,DEKBON,0.9488577152582308
QOWRAV,IPUPIU,0.9446585791684026
QOWRAV,HOYQIX,0.9442722370692774
QOWRAV,FISGOF,0.9012932670863636
QOWRAV,AZAVUU,0.8887519009520022
QOWRAV,ORAWAH,0.8811919122007859
QOWRAV,ENIHUG,0.8678492430949556
QOWRAV,MIKVEK,0.8667631977913115
QOWRAV,SEMNIJ,0.8659255939235869
QOWRAV,LURRIA,0.860844465953118
VIFPUY04,LOQLEJ,0.9999999866684356
VIFPUY04,VIFPUY,0.9999999395054584
VIFPUY04,VIFPUY03,0.9999998946204444
VIFPUY04,VIFPUY05,0.999999868125948
VIFPUY04,VIFPUY02,0.9999998523304504
VIFPUY04,MAYJOM,0.9999562158184292
VIFPUY04,IFIPEV,0.9468830972237828
VIFPUY04,GALHUY,0.9375442933096686
VIFPUY04,FAHQIQ,0.9357502259307297
VIFPUY04,CIFSIW,0.9042783039521638
VIFPUY04,CIFSES,0.9031239016647676
VIFPUY04,FOSTIS,0.9030084014790966
VIFPUY04,UNIDAY,0.902832698274156
VIFPUY04,FOSTOY,0.9025776196374762
VIFPUY04,CUFFEP,0.8747370727493419
VIFPUY04,CUFFOZ,0.8747351011155713
VIFPUY04,CUFFUF,0.8747289851520169
VIFPUY04,CUFDOX,0.8747206494415931
VIFPUY04,TIKXAN,0.8747185275463907
VIFPUY04,CUFFIT,0.8747065510299773
VIFPUY04,CUFDUD,0.8738141084282846
VIFPUY04,IYUHIU,0.8735818983779875
VIFPUY04,PEYVEV,0.8598834356578712
FAMBUS,IZEBEV,0.9804099901229876
NIKYOW01,NIKYOW,0.9999998500006876
NIKYOW01,NIHBAI01,0.999999470852368
NIKYOW01,NIKZAJ01,0.9999966082853928
NIKYOW01,NIHBEM01,0.999983082419436
NIKYOW01,IZAKAX,0.9999476143043808
NIKYOW01,VICBEQ,0.9987233038727552
NIKYOW01,NUDPAE02,0.998675985384012
NIKYOW01,NUDPAE01,0.9986717405188776
NIKYOW01,NUDNUW09,0.9967263442642696
NIKYOW01,NUDNUW01,0.9965853160729402
OKABAE,MIKVEK,0.8730151088105367
OKABAE,ONIXOZ,0.8712220296444702
OKABAE,QIZLIW,0.8691984899347052
OKABAE,GAVDUD,0.8691143603672594
OKABAE,NEHZUY,0.8691005375755587
OKABAE,KAJZIH,0.8687097276450951
OKABAE,QIZLOC,0.8683689435201759
OKABAE,DOTSOV16,0.8676512070806441
OKABAE,DOTSOV08,0.8676511646401723
OKABAE,DOTSOV14,0.8676491136314778
OKABAE,DOTSOV15,0.8676488356419328
OKABAE,DOTSOV11,0.8676465783648708
OKABAE,DOTSOV13,0.867646340138906
OKABAE,DOTSOV02,0.8675305705350175
OKABAE,EBAMUS,0.867297186077703
OKABAE,ORAWAH,0.8672400941144949
OKABAE,BODPAN,0.8672015282270247
OKABAE,XAMDUM02,0.8671990185248253
OKABAE,LUDLIH,0.867086288277446
OKABAE,FIQCEN,0.8669961777829392
OKABAE,LUDLED,0.8669776284253548
OKABAE,YOZNIM,0.8669329417531497
OKABAE,YOZMOR,0.866805651026483
OKABAE,YOZNAE,0.8667754224210468
OKABAE,DIHVIB,0.8667546990132426
OKABAE,YOZPAG,0.8665563097961949
OKABAE,TISPAO,0.8654436963929888
OKABAE,QAWHIH01,0.8636853728564621
OKABAE,OQIZUL,0.8616629943333426
OKABAE,YOZNUY,0.8616316403992863
KAJZIH,QIZLOC,0.9999469250764366
KAJZIH,NEHZUY,0.9998880786296824
KAJZIH,NEHZOS,0.9998724816177084
KAJZIH,QIZLIW,0.998945411728339
KAJZIH,WULJUJ,0.9962682276617676
KAJZIH,DOTSOV12,0.9959049097007976
KAJZIH,DOTSOV14,0.9959016215330744
KAJZIH,DOTSOV10,0.9959012073823303
KAJZIH,DOTSOV15,0.9959012055344654
KAJZIH,DOTSOV11,0.9958976306355166
KAJZIH,DOTSOV13,0.9958972533953584
KAJZIH,DOTSOV42,0.9958531662529776
KAJZIH,XAMDUM05,0.995235090759894
KAJZIH,XAMDUM02,0.99521288608627
KAJZIH,RILFEA,0.9949593810066892
KAJZIH,XAMDUM01,0.9949575743648827
KAJZIH,FIQCEN,0.9948999900531844
KAJZIH,LUDLED,0.9948723348228212
KAJZIH,XAMDUM06,0.9948550897381008
KAJZIH,XAMDUM07,0.9947571737779428
KAJZIH,DIHVIB,0.9945427687602548
KAJZIH,YOZPAG,0.9942534529586414
KAJZIH,TISPAO,0.9926843911487522
KAJZIH,QAWHIH01,0.9903275254846294
KAJZIH,QAWHIH,0.9901964471282436
KAJZIH,OQIZUL,0.9877284519817718
KAJZIH,YOZMUX,0.9766760131244504
KAJZIH,MIKVEK,0.9327745424265304
KAJZIH,ONIXOZ,0.932628299376572
KAJZIH,BABREE,0.9313061316525224
KAJZIH,DALSOA,0.9285775175827796
KAJZIH,ORAWAH,0.922984812730091
KAJZIH,RAWYAS,0.9187183424090282
KAJZIH,EXOYAS,0.917388873126062
KAJZIH,IWEVAJ,0.9144622209052384
KAJZIH,HANWAW,0.9074081943557114
KAJZIH,EXOGAB,0.90596925546375
KAJZIH,YUGLES,0.9005751882092632
KAJZIH,OFOCUI,0.9001475201649194
KAJZIH,NUTQAV,0.8996765545741493
KAJZIH,IPUPOA,0.8867681058737533
KAJZIH,EXAXAE,0.8848013345734982
KAJZIH,ADONEP,0.8819551784039337
KAJZIH,HOYQIX,0.8805766480747519
KAJZIH,IPUPIU,0.8800342114599669
KAJZIH,USEVOF,0.879074291659832
KAJZIH,CEKHUY,0.8778945012328896
KAJZIH,NEMCOA,0.8778020569632483
KAJZIH,JALPAQ,0.8608895048968974
KAJZIH,OGEBAF01,0.8607526398892356
KAJZIH,OGEBAF,0.860640883365144
DOTSOV28,DOTSOV40,0.9999999562344196
DOTSOV28,DOTSOV36,0.9999999986972632
EFEGOM,SADMUH,0.9999932939885467
EFEGOM,SETRAM,0.999982128655218
EFEGOM,POJTOY01,0.9999631297625516
EFEGOM,SETQIT,0.9999578051235796
EFEGOM,YAXBOP,0.9999415404239902
EFEGOM,YAXBUV02,0.9961222881112444
EFEGOM,TOVJAR,0.9069637421216272
EFEGOM,REZXOK,0.884462870436884
EFEGOM,UFIKIG,0.8692139717377021
EFEGOM,LARPEB,0.8626518845650297
DOTSOV42,DOTSOV13,0.9999998812146434
DOTSOV42,DOTSOV11,0.9999998791676464
DOTSOV42,DOTSOV15,0.9999998588961156
DOTSOV42,DOTSOV10,0.9999998588852436
DOTSOV42,DOTSOV16,0.9999998358899927
DOTSOV42,XAMDUM05,0.9999783376761486
DOTSOV42,BODPAN,0.9999763354375728
DOTSOV42,XAMDUM03,0.9999688448189716
DOTSOV42,XAMDUM04,0.999966678142501
DOTSOV42,LUDLIH,0.9999610127145078
DOTSOV42,XAMDUM02,0.9999606039829978
DOTSOV42,XAMDUM01,0.9999558454633536
DOTSOV42,DIHVIB01,0.9999523305677582
DOTSOV42,UXISUR,0.9999521823702456
DOTSOV42,YOZMEH,0.9999521616761664
DOTSOV42,XAMDUM06,0.9999457379823024
DOTSOV42,YOZNIM,0.9999405414999916
DOTSOV42,EBAMUS,0.9998476118551136
DOTSOV42,TISPAO,0.9995483102913824
DOTSOV42,WULJUJ,0.9990867262584656
DOTSOV42,QIZLIW,0.9989766865902984
DOTSOV42,QAWHIH01,0.9988323905304598
DOTSOV42,QAWHIH,0.9987861594228208
DOTSOV42,OQIZUL,0.9978176217041932
DOTSOV42,NEHZOS,0.9971758891002892
DOTSOV42,GAVDUD,0.9971577087985553
DOTSOV42,QIZLOC,0.995021770853828
DOTSOV42,OHOMIH,0.994865646404334
DOTSOV42,YOZMUX,0.9873307215748854
DOTSOV42,BABREE,0.9324769200568144
DOTSOV42,ONIXOZ,0.9259742036093735
DOTSOV42,EXOYAS,0.9199264900285512
DOTSOV42,IWEVAJ,0.918717376676744
DOTSOV42,YUGLES,0.9077038896148634
DOTSOV42,YAGHUM,0.907566480580823
DOTSOV42,OFOCUI,0.907380585229163
DOTSOV42,PIDRAY,0.901083703977182
DOTSOV42,HUCBOX02,0.8973565984945899
DOTSOV42,MOFGOE,0.8962751854182389
DOTSOV42,MOBDIR,0.8962729277051399
DOTSOV42,HOYQIX,0.8869856237334521
DOTSOV42,IPUPIU,0.8868594641784734
DOTSOV42,IPUPOA,0.8855818092441687
DOTSOV42,WANJIF,0.8849297264878733
DOTSOV42,XEDMEB,0.8849260202124202
DOTSOV42,ADONEP,0.8846669751507876
DOTSOV42,EXAXAE,0.8827879787143765
DOTSOV42,EMUBIZ,0.8824713263517442
DOTSOV42,ANUGOG,0.8779631244168932
DOTSOV42,ANUGIA,0.8771681191410792
DOTSOV42,NEMCOA,0.875292185709571
DOTSOV42,CEKHUY,0.8748102771776823
DOTSOV42,HIDTUM,0.8741351334387286
DOTSOV42,LAQNID,0.8692371612149222
DOTSOV42,KIRFOI,0.866582779780377
DOTSOV42,OGEBAF01,0.8591922982766844
DOTSOV42,JALPAQ,0.8588463097767434
YOZNEI,YOZMOR,0.9999998745265564
YOZNEI,YOZNAE,0.9999990016457988
YOZNEI,DIHVIB,0.9999987849558686
YOZNEI,YOZMIL,0.9999987509629206
YOZNEI,XAMDUM07,0.9999984887974248
YOZNEI,XAMDUM06,0.9999968779411216
YOZNEI,LUDLED,0.9999964958982116
YOZNEI,FIQCEN,0.99999582136405
YOZNEI,YOZMEH,0.9999953092598832
YOZNEI,XAMDUM01,0.9999943287611662
YOZNEI,RILFEA,0.999994108619358
YOZNEI,LUDLIH,0.9999917827863852
YOZNEI,XAMDUM04,0.9999847276791476
YOZNEI,BODPAN,0.9999834802118684
YOZNEI,XAMDUM05,0.999981494778634
YOZNEI,XAMDUM02,0.999971501706406
YOZNEI,DOTSOV11,0.9999139779666056
YOZNEI,DOTSOV14,0.99991356510075
YOZNEI,DOTSOV15,0.9999134596963192
YOZNEI,DOTSOV10,0.999913459374818
YOZNEI,DOTSOV12,0.9999130863868516
YOZNEI,DOTSOV08,0.999912922816752
YOZNEI,EBAMUS,0.9998267616341224
YOZNEI,QAWHIH01,0.9993592886676934
YOZNEI,DOTSOV02,0.9988535630154972
YOZNEI,OQIZUL,0.9985669071520372
YOZNEI,YOZNUY,0.9985531327639768
YOZNEI,QIZLIW,0.998329667025776
YOZNEI,NEHZOS,0.9961554227882308
YOZNEI,GAVDUD,0.9961352739152476
YOZNEI,YOZMUX,0.9883564863098684
YOZNEI,LASYOU,0.9466434659113948
YOZNEI,DALSOA,0.9329677015561372
YOZNEI,BABREE,0.9319861880963128
YOZNEI,ONIXOZ,0.9244164580450376
YOZNEI,EXOYAS,0.9196228879707
YOZNEI,RAWYAS,0.9187594322272316
YOZNEI,IWEVAJ,0.9187204790604242
YOZNEI,YAGHUM,0.9079505919113312
YOZNEI,NUTQAV,0.9078681141906028
YOZNEI,OFOCUI,0.907759979446599
YOZNEI,EXOGAB,0.9075925481566578
YOZNEI,HANWAW,0.9061914717743212
YOZNEI,PIDRAY,0.8995129459956377
YOZNEI,HUCBOX02,0.8972726191948438
YOZNEI,MOBDIR,0.8957383828305427
YOZNEI,IPUPIU,0.8871519917683132
YOZNEI,KANMIX,0.8850723601655328
YOZNEI,USEVOF,0.8850579992605929
YOZNEI,WANJIF,0.8848586923395846
YOZNEI,XEDMEB,0.8846278293623666
YOZNEI,ADONEP,0.8844189099383559
YOZNEI,EMUBIZ,0.8814877356354166
YOZNEI,ANUGOG,0.8779040025596463
YOZNEI,ANUGIA,0.8775896924494504
YOZNEI,NEMCOA,0.8742971337664713
YOZNEI,HIDTUM,0.8729614567319968
YOZNEI,XICKOL,0.8604965829916067
MURREW,KAKTIA,0.9999536466756171
MURREW,UFUNAK,0.99994850500969
MURREW,POFDEV,0.9999448829083007
MURREW,KAKTIA01,0.9999333941910472
MURREW,POFDIZ,0.9999193681490428
MURREW,AHEMEG,0.9997758828589124
MURREW,VOJPUG01,0.9997710232906906
MURREW,UFUMUD01,0.9997491691063232
MURREW,IPINAY,0.9997464131952484
MURREW,EGOZAB,0.9997169103741128
MURREW,HAWZEM,0.9996542255473744
MURREW,BAHGUN01,0.99963554040276
MURREW,QERZUI,0.9995991400570436
MURREW,BAHGUN04,0.9995545415509156
MURREW,POFDOF,0.9994062752333734
MURREW,QERZUI01,0.9992696118893012
MURREW,POFFAT,0.999266862635107
MURREW,UFUMUD,0.9992421981189455
MURREW,UGEPEB01,0.99908347521309
MURREW,UFUNIS,0.9987931275593857
MURREW,NELCEN,0.9987346169997112
MURREW,UGEPEB,0.998604901293614
MURREW,QIWQES,0.9958482518351118
MURREW,JALPAQ,0.8791247244741948
MURREW,IXAJUN,0.8789547376525039
MURREW,XICKOL,0.8789012596093988
MURREW,NAPSUV,0.8689100203263238
MURREW,EDOSEY,0.8682613745892298
FIQCEN,DIHVIB01,0.9999999666485772
FIQCEN,LUDLED,0.9999999622239149
FIQCEN,XAMDUM06,0.9999999005885224
FIQCEN,XAMDUM01,0.9999998255054172
FIQCEN,RILFEA,0.999999824297726
FIQCEN,XAMDUM07,0.999999003628566
FIQCEN,XAMDUM03,0.999997840651335
FIQCEN,LUDLIH,0.999996900390585
FIQCEN,YOZMOR,0.99999584168293
FIQCEN,BODPAN,0.9999948877051492
FIQCEN,XAMDUM04,0.9999911523564496
FIQCEN,YOZPAG,0.999980501153202
FIQCEN,XAMDUM02,0.999976786316428
FIQCEN,DOTSOV15,0.9999448454230856
FIQCEN,DOTSOV10,0.9999448452096688
FIQCEN,DOTSOV14,0.9999447792710792
FIQCEN,DOTSOV16,0.9999444069013124
FIQCEN,DOTSOV12,0.9999443953843846
FIQCEN,EBAMUS,0.999827092922857
FIQCEN,TISPAO,0.999798231453504
FIQCEN,QAWHIH01,0.9992641885574832
FIQCEN,DOTSOV02,0.998869418635919
FIQCEN,QIZLIW,0.9984765454879476
FIQCEN,OQIZUL,0.9984256513537948
FIQCEN,YOZNUY,0.9984112897417174
FIQCEN,NEHZOS,0.9963794812970316
FIQCEN,GAVDUD,0.9963589331714598
FIQCEN,NEHZUY,0.996293448469886
FIQCEN,YOZMUX,0.9880163811588488
FIQCEN,DALSOA,0.9329892115195404
FIQCEN,ORAWAH,0.93217559862582
FIQCEN,BABREE,0.9321010876879624
FIQCEN,ONIXOZ,0.9247512107693728
FIQCEN,EXOYAS,0.9197002112903462
FIQCEN,YUGLES,0.907983118539577
FIQCEN,EXOGAB,0.9076817269632864
FIQCEN,OFOCUI,0.9076709533053576
FIQCEN,HANWAW,0.9063425555267602
FIQCEN,HUCBOX02,0.8973010352208195
FIQCEN,MOBDIR,0.8958626096136134
FIQCEN,HOYQIX,0.8871852529298447
FIQCEN,USEVOF,0.8850398517775426
FIQCEN,WANJIF,0.8848694522354055
FIQCEN,XEDMEB,0.8847030920315478
FIQCEN,ADONEP,0.8844593200855544
FIQCEN,EXAXAE,0.8820656025539739
FIQCEN,EMUBIZ,0.8817041948403043
FIQCEN,ANUGOG,0.8779297825886402
FIQCEN,ANUGIA,0.8775161769287879
FIQCEN,NEMCOA,0.8745160019291494
FIQCEN,CEKHUY,0.8739718506621764
FIQCEN,LAQNID,0.8691013206692365
FIQCEN,KIRFOI,0.865803978200479
FIQCEN,XICKOL,0.8605881989496216
LETVUB,MIRNOR,0.9999766822158502
UFUMUD02,HAWZEM,0.9999988281479149
UFUMUD02,BAHGUN01,0.9999983266848752
UFUMUD02,EGOZAB,0.9999971128088204
UFUMUD02,UFUMUD01,0.9999957985182946
UFUMUD02,QERZUI,0.9999949093979535
UFUMUD02,BAHGUN03,0.9999936594328832
UFUMUD02,BAHGUN04,0.9999889379393848
UFUMUD02,BAHGUN02,0.999933806257334
UFUMUD02,QERZUI01,0.999908134470887
UFUMUD02,UGEPEB01,0.9998101033505356
UFUMUD02,UGEPEB,0.9995364583324436
UFUMUD02,KAKTIA01,0.9994641279467776
UFUMUD02,VOJPUG01,0.9989152929026625
UFUMUD02,POFDOF,0.9982647637483016
UFUMUD02,NELCEN,0.9972167648101308
UFUMUD02,POFFEX,0.9967259609097362
UFUMUD02,QIWQES,0.993317334672868
UFUMUD02,IXAJUN,0.8792899137438193
UFUMUD02,JALPAQ,0.8792599979201173
UFUMUD02,XICKOL,0.8779409595219424
UFUMUD02,NAPSUV,0.8669244816037784
UFUMUD02,EDOSEY,0.8660599180149614
HIBSUG02,KIJPUQ,0.860543266746189
HIBSUG02,HIBSUG01,0.9999979329209808
HIBSUG02,GURXUN01,0.8837839296210828
HIBSUG02,PAQXUC,0.8774992310074508
HIBSUG02,PAQYAJ01,0.8774636617661701
HIBSUG02,XASHAA,0.8642231860566159
DOTSOV36,DOTSOV27,0.9999999994787494
LIJWOR,LIJWOR03,0.9999985035375494
LIJWOR,DADTOS17,0.999997582595461
LIJWOR,PADJOU01,0.9999955312718402
LIJWOR,MNFORD02,0.9999954025163093
LIJWOR,REZJIR,0.9999910335688368
LIJWOR,DADTOS16,0.99998998868941
LIJWOR,VIRJEM,0.9999898953509284
LIJWOR,PADJOU,0.9999787776343232
LIJWOR,DADTOS13,0.9999286459222776
LIJWOR,DADTOS02,0.9999146603670632
LIJWOR,DADTOS,0.9999059313810512
LIJWOR,DADTOS04,0.9999036963324828
LIJWOR,DADTOS11,0.9999029852331972
LIJWOR,DADTOS08,0.9999011053438835
LIJWOR,DADTOS05,0.9999010807179414
LIJWOR,DADTOS09,0.9999002153295832
LIJWOR,DADTOS06,0.9998974114317128
LIJWOR,DIDVIW,0.9998961387072997
LIJWOR,DADTOS18,0.9998943360236012
LIJWOR,YANWOC01,0.9998939229598494
LIJWOR,IQEWOQ,0.997910865618423
MOXDOT,MOXDOT01,0.9999998420603358
MOXDOT,HURGOR,0.9999568719403068
MOXDOT,AXINAX01,0.9564333049444372
MOXDOT,CIFMAH,0.955255916390972
MOXDOT,NIGPEA,0.9551780441844824
MOXDOT,AXINIF,0.955011660845579
MOXDOT,DIBQOW,0.9546005874715316
MOXDOT,NIGPAW,0.9462965531753896
MOXDOT,BUKLOJ,0.9447203611849432
MOXDOT,NIGNUO,0.9428379903939028
MOXDOT,DIBQEM,0.9424256713360044
MOXDOT,ESEQUO,0.9347298230138216
MOXDOT,FISQIK,0.9330092356995988
MOXDOT,XUDVAV,0.9274976852098512
MOXDOT,CAXZOS,0.9221205435061954
MOXDOT,DIDBEZ,0.9220852506797816
MOXDOT,DIDBID,0.92200597133236
MOXDOT,NOMPIQ,0.9027769141725834
MOXDOT,CIKPEU,0.9027541360242995
MOXDOT,TAHYUZ,0.8853139874364941
MOXDOT,CAQKAJ01,0.8851215086993154
MOXDOT,CAQKAJ,0.8848960289864195
MOXDOT,HAJYAV,0.8828419636418476
MOXDOT,CAQJOW,0.8828055513829329
MOXDOT,LUWZUZ01,0.8758910880927906
MOXDOT,LUWZUZ02,0.8757111946559781
MOXDOT,LUWZUZ,0.8756881971353445
MOXDOT,XUBKOU,0.875372889597854
MOXDOT,WUHMUJ,0.8649982046037661
MOXDOT,YATDOP,0.8594546478071641
MOXDOT,GEPBEK,0.8588673944272913
AXINIF,NIGPEA,0.9999947900534744
AXINIF,CIFMAH,0.999988483687801
AXINIF,DIBQOW,0.9999738643755728
AXINIF,MIHJUL,0.9999143570381755
AXINIF,HELDOT,0.9998695046936736
AXINIF,AXINAX01,0.998684568205806
AXINIF,NIGPAW,0.98098439601785
AXINIF,DIBQEM,0.9758524446744876
AXINIF,HURGOR,0.955463640932788
AXINIF,MOXDOT01,0.9549815554682102
AXINIF,BUKLOJ,0.9005920260587725
AXINIF,ERUNUC,0.8848022144777344
AXINIF,JODGIU,0.8838719201857973
AXINIF,DIDBEZ,0.8837134952391451
AXINIF,DIDBOJ,0.883395766817987
AXINIF,CAXZOS,0.8828528270772878
AXINIF,AGAFAS,0.8784279914260515
AXINIF,CAQKAJ01,0.8763568281045073
AXINIF,TAHYUZ,0.8753171298367841
AXINIF,HALVEY,0.874835043382534
AXINIF,YATDOP,0.8713695639826794
AXINIF,FEXCAO01,0.8711710117572069
AXINIF,HAJYAV,0.8692292348872861
AXINIF,XALMOO,0.8688422603617485
AXINIF,FEVDER,0.8658780915285251
AXINIF,WEMKEG,0.8628024300740067
AXINIF,DIQHAO01,0.8615492997263763
AXINIF,FEYJOJ,0.8587883822892505
NOFHOG,RUYVIS,0.9619149037574176
NIFTAA,TUDJUY,0.9999999978090832
NIFTAA,TUDJEI,0.9999999173707552
NIFTAA,NIFRAY,0.9999746673562246
NIFTAA,SEFVEG,0.9999638048373098
NIFTAA,SEFVEG02,0.9999634251246586
NIFTAA,NIFQIF,0.9999417186591792
QOWRAV06,QOWRAV05,0.9999999825600084
QOWRAV06,QOWRAV03,0.9999999756555225
QOWRAV06,QOWRAV04,0.9999999661769025
QOWRAV06,QOWRAV08,0.9999999475438012
QOWRAV06,QOWRAV12,0.9999999168097582
QOWRAV06,QOWRAV11,0.9999998988458804
QOWRAV06,LIGQEA,0.9997514981045058
QOWRAV06,BAZFUF,0.99713389557116
QOWRAV06,ANUGIA,0.960303176753452
QOWRAV06,ANUGEW,0.9594693987170736
QOWRAV06,LAYWOA,0.9543846341303835
QOWRAV06,HEHROE,0.9527615407238303
QOWRAV06,DEKBON,0.9486707767372992
QOWRAV06,IPUPIU,0.9445892010484148
QOWRAV06,HOYQIX,0.9441989945977952
QOWRAV06,IPUPOA,0.9335419077353956
QOWRAV06,EXOGAB,0.9074953771799474
QOWRAV06,LAQNID,0.8947509855918652
QOWRAV06,ORAWAH,0.8811403957123491
QOWRAV06,LASYOU,0.862947121089123
QOWRAV06,LURRIA,0.8607539482520012
CAJHUS,IZAKAX,0.9999961033734936
CAJHUS,NIKZAJ01,0.999944373858734
CAJHUS,NIKYOW,0.9999196581296096
CAJHUS,CAJHUS01,0.9998873745267672
CAJHUS,NIHBEM01,0.9998225054966982
CAJHUS,VICBEQ,0.9979817004081776
CAJHUS,NUDPAE01,0.997917048545568
CAJHUS,NUDNUW09,0.9956024615954024
USEVOF,KANMIX,0.9999950704047976
USEVOF,WANJIF,0.9996600940521364
USEVOF,XEDMEB,0.9993532667298036
USEVOF,ADONEP,0.999122607091454
USEVOF,EXAXAE,0.9962847560083236
USEVOF,EXAXAE03,0.995923098408998
USEVOF,EMUBIZ,0.9958847657675756
USEVOF,YOZPAG,0.8850741922978992
USEVOF,DIHVIB,0.885063881489665
USEVOF,YOZNAE,0.8850623351839673
USEVOF,YOZMOR,0.8850595407848638
USEVOF,XAMDUM07,0.8850510264715415
USEVOF,YOZNIM,0.8850474388766726
USEVOF,LUDLED,0.8850421838840228
USEVOF,YOZMEH,0.8850381939882785
USEVOF,DIHVIB01,0.8850380183894422
USEVOF,XAMDUM01,0.8850347160920353
USEVOF,RILFEA,0.8850345651128309
USEVOF,XAMDUM03,0.8850197760320452
USEVOF,XAMDUM02,0.8849876064875464
USEVOF,DOTSOV13,0.8848949931281747
USEVOF,DOTSOV11,0.8848949133478331
USEVOF,DOTSOV14,0.8848940431084777
USEVOF,QAWHIH01,0.8846346572813559
USEVOF,QAWHIH,0.8846060071951547
USEVOF,WULJUJ,0.8837189588870056
USEVOF,KIRFOI,0.8835928073188515
USEVOF,GAVDUD,0.8806662684755566
USEVOF,NEHZUY,0.8805942721493867
USEVOF,QIZLOC,0.8780862788924766
USEVOF,YOZNOS,0.8772781725943201
QUQFIS,QUQFEO,0.9995721960896858
QUQFIS,NANYUX03,0.9329835933407922
QUQFIS,VEHKAW,0.9329797817051322
QUQFIS,NIWYOJ,0.9328642620890304
QUQFIS,IJEXIF01,0.9306029493359282
QUQFIS,VEHJUP,0.9299989815590924
QUQFIS,PUGSER,0.9191872063045678
QUQFIS,DITTEH,0.9184764328337134
QUQFIS,RUPVAB,0.9158668040067856
QUQFIS,JENKET,0.8829930164672942
QUQFIS,DOYHIK,0.8818172943413397
QUQFIS,DOYHOQ,0.8789151967708027
QUQFIS,NUFBOH,0.8776548956271097
QUQFIS,NASROR,0.8773393506041591
QUQFIS,UYAPOA,0.872667279385418
QUQFIS,NUFCAU,0.8685728411887772
QUQFIS,JAYXAL,0.8671092667296384
QUQFIS,YOGKOW,0.861641319372167
QUQFIS,QOPZIF,0.8610831155913174
NEHZOS,GAVDUD,0.9999996594757532
NEHZOS,QIZLOC,0.9996826557643572
NEHZOS,QIZLIW,0.999550992546117
NEHZOS,WULJUJ,0.9973609948461144
NEHZOS,DOTSOV08,0.9972186060527232
NEHZOS,DOTSOV14,0.9972159132176244
NEHZOS,DOTSOV15,0.997215561251896
NEHZOS,EBAMUS,0.9968018833671116
NEHZOS,XAMDUM02,0.9966402898035972
NEHZOS,BODPAN,0.9966392652185074
NEHZOS,XAMDUM03,0.9965535344983948
NEHZOS,RILFEA,0.9964295685146168
NEHZOS,XAMDUM01,0.9964280549543284
NEHZOS,DIHVIB01,0.996397102359284
NEHZOS,UXISUR,0.9963957670106072
NEHZOS,LUDLED,0.996356139296205
NEHZOS,XAMDUM06,0.9963415778070464
NEHZOS,YOZNIM,0.9962999729599288
NEHZOS,YOZMIL,0.996276906234156
NEHZOS,XAMDUM07,0.9962588122765004
NEHZOS,YOZNAE,0.996102913334604
NEHZOS,YOZPAG,0.9958308283396692
NEHZOS,TISPAO,0.994477873544575
NEHZOS,QAWHIH01,0.9924042159217932
NEHZOS,YOZNUY,0.9900421288180996
NEHZOS,YOZNOS,0.9838698902937264
NEHZOS,LASYOU,0.9398810513520705
NEHZOS,ORAWAH,0.9251009305839324
NEHZOS,RAWYAS,0.9194248860969616
NEHZOS,EXOYAS,0.9184316881862185
NEHZOS,PIDRAY,0.9072469312728366
NEHZOS,YUGLES,0.9024144128254866
NEHZOS,MOBDIR,0.896167550362875
NEHZOS,MOFGOE,0.8961651144760823
NEHZOS,HUCBOX02,0.8945758902284362
NEHZOS,IPUPOA,0.8871605690692527
NEHZOS,EXAXAE,0.8850487988764765
NEHZOS,ADONEP,0.8830294471512959
NEHZOS,HOYQIX,0.8822914480032887
NEHZOS,WANJIF,0.8821827482068376
NEHZOS,KANMIX,0.8809635661844121
NEHZOS,NEMCOA,0.8779623630211959
NEHZOS,ANUGOG,0.8750159650759175
NEHZOS,ANUGIA,0.8713645417095338
NEHZOS,IXAJUN,0.8611571187663165
NEHZOS,JALPAQ,0.8611317034566779
NEHZOS,OGEBAF01,0.8610795511365348
NEHZOS,XICKOL,0.8598353809539065
NIGNUO,DIBQEM,0.9999968277354444
NIGNUO,AXINAX01,0.9860632768452232
NIGNUO,NIGPEA,0.9770671096073524
NIGNUO,MIHJUL,0.9735363137608276
NIGNUO,XUDVAV,0.9461645056210524
NIGNUO,MOXDOT01,0.9429292560634912
NIGNUO,HURGOR,0.941286666143382
NIGNUO,FISQIK,0.9339604286332938
NIGNUO,NOMPIQ,0.910500635289655
NIGNUO,NOMPIQ01,0.9103885972808522
NIGNUO,ESEQUO,0.9065453964732588
NIGNUO,AGAFAS,0.8754759119266983
NIGNUO,HAJYAV,0.872393838375468
NIGNUO,DIDBEZ,0.8721297414427585
NIGNUO,JODGIU,0.8719998385303227
NIGNUO,FEXCAO01,0.8710193687779046
NIGNUO,ERUNUC,0.8705484155573919
NIGNUO,VASYEW,0.8666535849260432
NIGNUO,TAHYUZ,0.8636577102055474
NIGNUO,CAQKAJ01,0.8597124687946367
UFAMEW,XOMHEO,0.9829776203793312
UFAMEW,VEHJUP,0.9467046377413696
UFAMEW,NIWYID,0.9456263095551258
UFAMEW,ULISOZ,0.9454573938186566
UFAMEW,RUPVAB,0.9442828022403776
UFAMEW,NIWYOJ,0.9429569578743296
UFAMEW,DITTEH,0.9305699281896612
UFAMEW,PUGSER,0.9256215562494654
UFAMEW,NASROR,0.8943048885621273
UFAMEW,NUFBOH,0.8942304294184972
UFAMEW,DOYHOQ,0.8938765454300226
UFAMEW,NUFCAU,0.8929172770486382
UFAMEW,RUGXUO,0.8855367399234257
UFAMEW,JAYXAL,0.876990310531816
UFAMEW,YOGKOW,0.8764527316220572
UFAMEW,QOPZIF,0.8750869872377172
UFAMEW,KEFBOO,0.864479527400378
UFAMEW,UYAPOA,0.8641920418708842
UFAMEW,FUDGIW,0.8619010932164344
UFAMEW,JOVYAW,0.8612744933842137
UFAMEW,JENKET,0.8598779482747676
XICKOL,NAPSUV,0.9886011390591534
XICKOL,EDOSEY,0.9881922992698872
XICKOL,LASYOU,0.901336786931228
XICKOL,IPUPOA,0.8957076591344518
XICKOL,HOYQIX,0.8951252250691609
XICKOL,IPUPIU,0.8948895527384843
XICKOL,MIKVEK,0.889891583956471
XICKOL,ORAWAH,0.8881811704168684
XICKOL,ONIXOZ,0.8864516858468068
XICKOL,ANUGOG,0.8864403293129984
XICKOL,ANUGIA,0.884737357522199
XICKOL,IDUDES,0.8808472997463278
XICKOL,POFDOF,0.8792650869719849
XICKOL,NELCEN,0.87903393489812
XICKOL,KAKTIA,0.8789434553163371
XICKOL,KAKTIA01,0.878877746741964
XICKOL,UFUNAK,0.8786726755599717
XICKOL,POFDIZ,0.8785192179128507
XICKOL,EGOZAB,0.8780343818849277
XICKOL,BAHGUN01,0.8778518882128987
XICKOL,BAHGUN,0.8778347462440242
XICKOL,QERZUI,0.877770306961883
XICKOL,LAQNID,0.877756474491005
XICKOL,BAHGUN04,0.8776862577262714
XICKOL,BAHGUN02,0.8775418329059769
XICKOL,NIHDIU,0.8771956081750902
XICKOL,QERZUI01,0.8771518535479059
XICKOL,UFUMUD,0.8770626893660705
XICKOL,ECODIK,0.8768919466878238
XICKOL,UGEPEB01,0.8768075501548729
XICKOL,KIRFOI,0.8766391465187053
XICKOL,IXAKAU,0.8763887628536686
XICKOL,UFUNIS,0.8763730209108286
XICKOL,NIHDEQ,0.8762586365788871
XICKOL,UGEPEB,0.876038646694382
XICKOL,LAYXER,0.8717731062470011
XICKOL,DEKBON,0.868726394906766
XICKOL,DOTSOV16,0.8608883325361345
XICKOL,DOTSOV12,0.8608883162920866
XICKOL,DOTSOV08,0.8608883152296858
XICKOL,DOTSOV14,0.8608874694187342
XICKOL,DOTSOV15,0.8608873649334349
XICKOL,DOTSOV11,0.860886442955452
XICKOL,DOTSOV13,0.8608863455974642
XICKOL,XAMDUM02,0.8606780686166051
XICKOL,XAMDUM04,0.8606645293213646
XICKOL,RILFEA,0.8606080160411044
XICKOL,XAMDUM01,0.860607418975407
XICKOL,DIHVIB01,0.8605951927991053
XICKOL,YOZMEH,0.8605945949293581
XICKOL,LUDLED,0.8605788911605993
XICKOL,XAMDUM06,0.8605730616156253
XICKOL,YOZNIM,0.8605563061433249
XICKOL,YOZMIL,0.8605468922367705
XICKOL,YOZMOR,0.8604906959056119
XICKOL,GAVDUD,0.8598228242437258
XICKOL,NEHZUY,0.8597830684685608
XICKOL,TISPAO,0.8597095786524921
DOTSOV11,DOTSOV13,0.9999999999912554
DOTSOV11,DOTSOV15,0.9999999992144026
DOTSOV11,DOTSOV10,0.9999999992135924
DOTSOV11,DOTSOV08,0.9999999967546486
DOTSOV11,DOTSOV16,0.99999999669427
DOTSOV11,DOTSOV14,0.9999999885696048
DOTSOV11,DOTSOV12,0.9999999863055168
DOTSOV11,BODPAN,0.9999728479075642
DOTSOV11,XAMDUM03,0.9999648436327588
DOTSOV11,XAMDUM04,0.999962894033519
DOTSOV11,XAMDUM01,0.9999511054694112
DOTSOV11,DIHVIB01,0.9999474103302196
DOTSOV11,UXISUR,0.99994725436299
DOTSOV11,YOZMEH,0.9999472326305204
DOTSOV11,YOZMIL,0.9999318617585438
DOTSOV11,XAMDUM07,0.9999294953976472
DOTSOV11,YOZMOR,0.9999121572070212
DOTSOV11,YOZPAG,0.9998604353861924
DOTSOV11,EBAMUS,0.999846022856379
DOTSOV11,WULJUJ,0.9990937356732416
DOTSOV11,DOTSOV02,0.9990725779293664
DOTSOV11,QIZLIW,0.9989987828137836
DOTSOV11,QAWHIH,0.9987618472217288
DOTSOV11,OQIZUL,0.9977850950861564
DOTSOV11,YOZNUY,0.9977680757000648
DOTSOV11,GAVDUD,0.9971945459543388
DOTSOV11,NEHZUY,0.9971369972594848
DOTSOV11,YOZMUX,0.9872942317912602
DOTSOV11,LASYOU,0.9461153590578424
DOTSOV11,DALSOA,0.9330061127184196
DOTSOV11,ORAWAH,0.931693305209252
DOTSOV11,MIKVEK,0.9305979230334318
DOTSOV11,ONIXOZ,0.9260320001098824
DOTSOV11,RAWYAS,0.9193464130016104
DOTSOV11,EXOGAB,0.9079787068852296
DOTSOV11,YUGLES,0.90768755677706
DOTSOV11,YAGHUM,0.9075482192802578
DOTSOV11,HANWAW,0.9069265291910164
DOTSOV11,MOFGOE,0.8962928197218432
DOTSOV11,KANMIX,0.8849472258799898
DOTSOV11,XEDMEB,0.8849344409016168
DOTSOV11,WANJIF,0.8849300975731751
DOTSOV11,ADONEP,0.884674603235113
DOTSOV11,EMUBIZ,0.882506602345472
DOTSOV11,ANUGOG,0.8779621963353096
DOTSOV11,HIDTUM,0.8741778705779077
DOTSOV11,OGEBAF,0.859380473566135
DOTSOV11,OGEBAF01,0.8592229376445459
DOTSOV11,JALPAQ,0.8588795354117246
OFOJAX,ERANAO,0.9383556400371152
OFOJAX,ERARUM,0.9311892436784802
OFOJAX,WIZMAV05,0.9310679449203448
OFOJAX,WIZMAV06,0.9310599490059254
OFOJAX,WIZMAV08,0.9310463831246892
OFOJAX,WIZMAV11,0.9310388182427936
OFOJAX,WIZMAV12,0.9309708691501852
OFOJAX,ESEBOV,0.9208212593604412
OFOJAX,RUBTAK05,0.909710261220674
OFOJAX,BUNLAZ,0.9001589731616697
OFOJAX,EMIYUW,0.8980268911534595
OFOJAX,GERBEN,0.8972670654626315
YODRAM,BOWDUO,0.9999999993835385
YODRAM,AHETAK,0.9999998461279912
YODRAM,VEDFUH,0.9999989199269343
YODRAM,BOWDOI,0.9999965094749692
YODRAM,VEDFAN,0.9999956691073296
YODRAM,VEDFOB,0.999983842407729
YODRAM,VEDFER,0.9999735783594412
YODRAM,EXUXEC,0.9999636547909369
YODRAM,VEDFIV,0.9999609581253036
YODRAM,VEDGIW,0.9999604342504338
YODRAM,VODNOS,0.9999531065194488
YODRAM,VEDGES,0.999950596956912
YODRAM,OJOBAS,0.99989631119461
YODRAM,CEYPUT01,0.9998435641579392
YODRAM,ABAVIJ,0.9994522840543484
YODRAM,ERUNIQ,0.9991219511683628
YODRAM,LASMAV,0.9988044072391296
YODRAM,YIGGEB,0.9974850456407152
YODRAM,CAXZOS,0.9230877420435892
YODRAM,DIDBOJ,0.9229824158666886
YODRAM,JODGIU,0.9229669246815372
YODRAM,DIDBEZ,0.9228898995678636
YODRAM,FEVDER,0.8792321067200142
YODRAM,BAKJOO,0.8790563959852877
YODRAM,LIDSIC,0.8789480893693411
YODRAM,BAKJEE,0.8787656077797551
YODRAM,BAKJII,0.8781202315089709
YODRAM,TIDNIF,0.8769593171469465
YODRAM,ESEQUO,0.8739527197809431
YODRAM,XALMOO,0.8601583682334757
YODRAM,YATDOP,0.8599490896683946
DOTSOV25,DOTSOV38,0.9999999992050496
DOTSOV25,DOTSOV32,0.999999999066893
DOTSOV25,DOTSOV26,0.999999999162568
UFUMUD01,EGOZAB,0.9999984043677714
UFUMUD01,QERZUI,0.9999814601529098
UFUMUD01,BAHGUN03,0.999979139223766
UFUMUD01,BAHGUN04,0.9999711500972666
UFUMUD01,UFUNAK,0.999902545811707
UFUMUD01,NIHDIU,0.9998764635596682
UFUMUD01,POFDIZ,0.9998219801067988
UFUMUD01,ECODIK,0.9997950469631538
UFUMUD01,UGEPEB01,0.9997526357619464
UFUMUD01,UFUMUD,0.999741636062354
UFUMUD01,KAKTIA,0.9995508195559212
UFUMUD01,KAKTIA01,0.9995407529403584
UFUMUD01,POFDEV,0.9994612141788912
UFUMUD01,UGEPEB,0.9994508412561128
UFUMUD01,AHEMEG,0.999122312856209
UFUMUD01,IPINAY,0.9990637839690576
UFUMUD01,POFDOF,0.998430726949027
UFUMUD01,NELCEN,0.9974281685349528
UFUMUD01,POFFEX,0.9969553800218456
UFUMUD01,IXAJUN,0.879284799552672
UFUMUD01,JALPAQ,0.8792783924539324
BAZFUF,QOWRAV10,0.9971805072021884
BAZFUF,QOWRAV09,0.9971724092872186
BAZFUF,QOWRAV07,0.9971484410995832
BAZFUF,QOWRAV05,0.9971197789294616
BAZFUF,QOWRAV03,0.9971172133214457
BAZFUF,QOWRAV04,0.9971142269999038
BAZFUF,QOWRAV02,0.9971109887182592
BAZFUF,BAZGAM,0.9956539762096313
BAZFUF,LIGQEA,0.9952056493008762
BAZFUF,KIJRUS,0.9948659287526812
BAZFUF,NAFSOF,0.9914034362396889
BAZFUF,ANUGEW,0.9695988455361112
BAZFUF,LAYXER,0.9683401453530004
BAZFUF,LAYXAN,0.9655466124122112
BAZFUF,DEKBON,0.96276003631599
BAZFUF,ANUGOG,0.962306074254872
BAZFUF,IPUPIU,0.9479663941901644
BAZFUF,HOYQIX,0.947924428277596
BAZFUF,EXOGAB,0.9148640155312624
BAZFUF,CEFNIN,0.9142578740148144
BAZFUF,FISGOF,0.9073122670458306
BAZFUF,ORAWAH,0.8829111190822809
BAZFUF,MIKVEK,0.8773779511885254
BAZFUF,ENIHUG,0.8697228754147015
BAZFUF,LASYOU,0.8650856103908393
BAZFUF,NAPSUV,0.8606741745633577
BAZFUF,SIXNIZ,0.8593702343155583
BAZFUF,SIXNOF,0.8588265316745216
QOWRAV05,QOWRAV03,0.9999999994256
QOWRAV05,QOWRAV07,0.9999999279227816
QOWRAV05,QOWRAV09,0.9999997559558432
QOWRAV05,BAZFUF01,0.9970960033882807
QOWRAV05,ICAREL,0.9909460102320736
QOWRAV05,KIJRUS,0.9863199163455612
QOWRAV05,BAZGAM,0.98609126184049
QOWRAV05,NAFSOF,0.9787847511899757
QOWRAV05,ANUGIA,0.960289709319728
QOWRAV05,LAYXER,0.9572877684904022
QOWRAV05,LAYWOA,0.9543480581119516
QOWRAV05,LAYXAN,0.9528193100653384
QOWRAV05,DEKBON,0.9486295439033582
QOWRAV05,IPUPIU,0.9445738352229862
QOWRAV05,HOYQIX,0.9441827783610308
QOWRAV05,IPUPOA,0.9335106066428518
QOWRAV05,CEFNIN,0.9113830618240808
QOWRAV05,EXOGAB,0.9074703013907792
QOWRAV05,LAQNID,0.8947286217568582
QOWRAV05,AZAVUU,0.8885998254709289
QOWRAV05,MIKVEK,0.8665791659328899
QOWRAV05,LASYOU,0.8629347863989119
NUDPAE02,NUDPAE01,0.9999999965940184
NUDPAE02,VICBEQ,0.9999995683738792
NUDPAE02,XACLOF,0.9996195092156356
NUDPAE02,NUDNUW09,0.9995120720243726
NUDPAE02,NUDNUW01,0.9995117736636598
NUDPAE02,PESTAL,0.9994928076359796
NUDPAE02,NIHBEM01,0.9989578511692516
NUDPAE02,CAJHUS01,0.9987758565845748
NUDPAE02,NIHBAI01,0.9987283211905468
NUDPAE02,NIKZAJ01,0.9985433035345525
NUDPAE02,IZAKAX,0.998098061411402
OKIVIO02,OKIVIO01,0.9999994649550658
OKIVIO02,WUNSII,0.9999987169820604
OKIVIO02,WUNVEH,0.9999981303052472
OKIVIO02,OKIVAG,0.999996972502316
OKIVIO02,OKIYIR,0.9999969502041656
OKIVIO02,OKIWEL,0.9999968295673032
OKIVIO02,WUNVAD,0.9999913118556916
OKIVIO02,YINNUH,0.9999626402380434
OKIVIO02,WUNSEE01,0.9999353606932948
ATIKIX,ALUJUN,0.9995902145212404
DOTSOV19,DOTSOV20,0.9999999989697476
GURXUN01,LODZOU,0.841313177667209
GURXUN01,PAQXUC,0.9149025548516994
GURXUN01,PAQYAJ01,0.9143482629993008
GURXUN01,ECIWIW,0.8840017742736401
GURXUN01,HIBSUG01,0.8836938931154593
GURXUN01,IGUTUB,0.8836689465526746
GURXUN01,FALGIK,0.8746421257644382
MIRNOR,MIRNOR01,0.9999981765911948
AMOBEL01,SIWQIA02,0.9993259858474008
AMOBEL01,YUKVUW04,0.998853175970651
AMOBEL01,SANMEB,0.9984211682398858
AMOBEL01,DAXNIA,0.9984146935515352
AMOBEL01,YANXIX02,0.9983406245777644
AMOBEL01,ELUQIM08,0.992480688199038
AMOBEL01,ELUQIM04,0.9923853386644524
YIKGEF,NABLIM,0.8742097891942021
YIKGEF,CEHKUW,0.8738790332364186
YIKGEF,YEYRAY,0.873290352062215
YIKGEF,ODOXEK,0.8722677536067366
YIKGEF,MITSAK,0.872242746063681
YIKGEF,MITSIS,0.8721306804035651
WORLAS,FECXUI,0.999829832470943
WORLAS,MIMRAB01,0.9993324210096036
WORLAS,IDIXAU,0.9927609750937214
WORLAS,EZINAE,0.9100819222914568
WORLAS,PEVQIS,0.8849630173750749
WORLAS,VAZTUM,0.8849580990269967
WORLAS,MIBQAR01,0.8849576132836976
WORLAS,VUSKEA,0.8849571781577293
WORLAS,LAWGOG,0.8849560155338988
WORLAS,LAWFOF,0.8849558104483835
WORLAS,PEVQOY,0.8849487086264315
WORLAS,IFABIA02,0.8841565139072277
WORLAS,VEGMOK04,0.8834379185598835
WORLAS,GATBUZ,0.8834363768995401
WORLAS,ORIBAU,0.8804673977578286
WORLAS,SAVMAE,0.8615334825647791
UPIBOM,LAVTAF,0.999987004799924
UPIBOM,YATTUK,0.989463835900246
UPIBOM,YENZEZ,0.8995571124133933
UPIBOM,WOJYUR,0.8853617945293644
UPIBOM,OHIHOD,0.884619950556003
UPIBOM,XADDAJ,0.8818266312051085
UPIBOM,BOJYIK,0.864272938467041
MOHLIF,VEHJUP,0.9078715551401972
MOHLIF,IJEXIF01,0.9076116368255832
MOHLIF,NIWYID,0.906901631128973
MOHLIF,REGREC,0.9061638334605822
MOHLIF,RUPVAB,0.9049675705566506
MOHLIF,FUTYOK,0.9048436808038371
MOHLIF,NIWYOJ,0.9043911981367796
MOHLIF,NANYUX01,0.9036343788607276
MOHLIF,UFOFUT,0.8623160191189552
MOBDIR,MOFGOE,0.999999998049698
MOBDIR,QIZLIW,0.8968872689330227
MOBDIR,DOTSOV16,0.8962934911946068
MOBDIR,DOTSOV08,0.8962934646540652
MOBDIR,DOTSOV12,0.8962934177102233
MOBDIR,DOTSOV10,0.8962920072161031
MOBDIR,DOTSOV13,0.8962904433640774
MOBDIR,GAVDUD,0.8961576493194289
MOBDIR,NEHZUY,0.8961277169709345
MOBDIR,BODPAN,0.8960013272665677
MOBDIR,XAMDUM03,0.8959562785977583
MOBDIR,XAMDUM01,0.8958889031731295
MOBDIR,UXISUR,0.8958714591126868
MOBDIR,DOTSOV02,0.8958536287653869
MOBDIR,LUDLED,0.8958498962589181
MOBDIR,XAMDUM06,0.8958419476358281
MOBDIR,YOZMIL,0.8958062395213001
MOBDIR,DIHVIB,0.8956953181453738
MOBDIR,YOZPAG,0.8955552026094802
MOBDIR,QIZLOC,0.8948920598215506
MOBDIR,OHOMIH,0.8947982396736059
MOBDIR,TISPAO,0.8947354652137578
MOBDIR,QAWHIH,0.8932819178303112
MOBDIR,OQIZUL,0.8917112777706397
MOBDIR,YOZNOS,0.8852453034877331
DOTSOV15,DOTSOV10,0.999999999999999
DOTSOV15,DOTSOV16,0.9999999991316978
DOTSOV15,DOTSOV14,0.9999999895536316
DOTSOV15,DOTSOV12,0.9999999887353688
DOTSOV15,BODPAN,0.9999725562076353
DOTSOV15,XAMDUM03,0.9999645104811832
DOTSOV15,LUDLIH,0.9999563075103776
DOTSOV15,RILFEA,0.9999508954109284
DOTSOV15,XAMDUM01,0.999950712752448
DOTSOV15,DIHVIB01,0.9999470030808716
DOTSOV15,LUDLED,0.9999419209317608
DOTSOV15,YOZNIM,0.9999346081335424
DOTSOV15,YOZMIL,0.999931398719823
DOTSOV15,XAMDUM07,0.9999290239519624
DOTSOV15,YOZNAE,0.999906087061221
DOTSOV15,DIHVIB,0.9999020253698102
DOTSOV15,WULJUJ,0.999094292490788
DOTSOV15,DOTSOV02,0.9990731368767708
DOTSOV15,QIZLIW,0.9990005540032856
DOTSOV15,QAWHIH01,0.9988066089651824
DOTSOV15,YOZNUY,0.9977654325231754
DOTSOV15,GAVDUD,0.9971975058453088
DOTSOV15,YOZNOS,0.9911937189598788
DOTSOV15,LASYOU,0.9461135169323353
DOTSOV15,DALSOA,0.9330059685612376
DOTSOV15,BABREE,0.9324941596561328
DOTSOV15,MIKVEK,0.9306006642597996
DOTSOV15,ONIXOZ,0.926036650131794
DOTSOV15,EXOYAS,0.9199357594585452
DOTSOV15,IWEVAJ,0.9187164881562182
DOTSOV15,YAGHUM,0.9075467363307242
DOTSOV15,NUTQAV,0.9074227182228278
DOTSOV15,OFOCUI,0.9073622910987772
DOTSOV15,HANWAW,0.9069285338310022
DOTSOV15,PIDRAY,0.9011467005722829
DOTSOV15,HUCBOX02,0.8973567644445024
DOTSOV15,MOFGOE,0.8962942310932887
DOTSOV15,HOYQIX,0.8869722016882168
DOTSOV15,IPUPIU,0.8868435915774524
DOTSOV15,IPUPOA,0.8856127416969144
DOTSOV15,KANMIX,0.8849465874967108
DOTSOV15,WANJIF,0.8849301178782454
DOTSOV15,EXAXAE,0.882823700467608
DOTSOV15,EMUBIZ,0.8825094363048098
DOTSOV15,ANUGIA,0.8771467945681711
DOTSOV15,NEMCOA,0.8753307787711676
DOTSOV15,CEKHUY,0.8748521886342294
DOTSOV15,HIDTUM,0.8741813062058419
DOTSOV15,LAQNID,0.8692416090021635
DOTSOV15,KIRFOI,0.8666215124788429
DOTSOV15,JALPAQ,0.8588822040179835
TONQOD,GOSDUP,0.998583870854046
TONQOD,ROZXEL,0.9142906403655576
TONQOD,BABRII,0.9027625747256682
TONQOD,ORIBAU,0.8972587873338066
TONQOD,FIJCUX01,0.8971398612244426
TONQOD,GATBUZ,0.895904255369889
TONQOD,VEGMOK04,0.8959027438106909
TONQOD,REDROI,0.895551105648008
TONQOD,IFABIA01,0.8950307781129254
TONQOD,UYAPOA,0.8941424746179396
TONQOD,VUSKEA,0.891557590213862
TONQOD,MIBQAR12,0.8914632447728027
TONQOD,MIBQAR01,0.8913606263021454
TONQOD,LAWFOF,0.8913331810078454
TONQOD,LAWGOG,0.8913139404971989
TONQOD,SAHYIK,0.8912786794996856
TONQOD,DITTEH,0.8836369666695998
SIKYER,WECSAZ01,0.9983334626816494
SIKYER,EHAZES,0.9980653170362188
SIKYER,WECSAZ,0.9973273833753028
SIKYER,EXUTAU,0.9957368958158542
SIKYER,IBEYAQ,0.9416764116804176
SIKYER,DUGDOA01,0.9037282026323435
SIKYER,DUGDOA,0.903374395134377
SIKYER,HISSIN,0.886970903661055
SIKYER,WOJZIG,0.8865442988264415
SIKYER,LUCDAO,0.8846629757891085
SIKYER,DIXGIC,0.8776646138930096
SIKYER,RUYVIS,0.875952652101426
SIKYER,SENXER,0.8739679422729293
SIKYER,SENXAN,0.87244826516876
SIKYER,UHISEK,0.8608328781206763
SIKYER,KAHWOG,0.8605080497688262
SIKYER,DOLPIF,0.8593047090509931
SIKYER,OPENUT,0.8588168860847583
MIMVEJ,DEBBIY,0.8848111076050131
EDOWIG,VEGMOK04,0.9998697234083056
XEHSOT,MOPQIT,0.9999973880187298
XEHSOT,NIWZIE01,0.9999589638243268
XEHSOT,NIWZIE02,0.999915093992516
XEHSOT,NIWZIE17,0.9998122487970652
XEHSOT,NIWZIE18,0.9998021838475968
XEHSOT,LICSEW03,0.9977758297842396
XEHSOT,MGFORD02,0.9973408600439208
XEHSOT,AMURUX,0.9968020861358424
XEHSOT,AMURUX06,0.9967945509142412
BODPAN,XAMDUM05,0.9999998407270392
BODPAN,XAMDUM01,0.9999966019424656
BODPAN,RILFEA,0.9999965639353796
BODPAN,DIHVIB01,0.9999956093153728
BODPAN,UXISUR,0.9999954700942584
BODPAN,LUDLED,0.9999939910173056
BODPAN,XAMDUM06,0.9999933951968358
BODPAN,YOZNIM,0.9999916384586112
BODPAN,YOZMIL,0.9999906430567986
BODPAN,XAMDUM07,0.9999894831901536
BODPAN,XAMDUM02,0.9999861886031816
BODPAN,YOZMOR,0.9999826333975472
BODPAN,DIHVIB,0.9999778625823896
BODPAN,DOTSOV14,0.999972604319648
BODPAN,DOTSOV10,0.9999725560284798
BODPAN,DOTSOV08,0.9999722533171904
BODPAN,YOZPAG,0.9999559256902132
BODPAN,EBAMUS,0.9998556167556488
BODPAN,TISPAO,0.9997305353619792
BODPAN,QAWHIH01,0.999139267188827
BODPAN,WULJUJ,0.99898997606685
BODPAN,DOTSOV02,0.9989687588803188
BODPAN,QIZLIW,0.9986437418692974
BODPAN,GAVDUD,0.9966199918545648
BODPAN,NEHZUY,0.996556354283216
BODPAN,EXOYAS,0.919780817811758
BODPAN,YAGHUM,0.907795568850209
BODPAN,HANWAW,0.906534003463126
BODPAN,HUCBOX02,0.8973305571372046
BODPAN,HOYQIX,0.8871331819117882
BODPAN,IPUPIU,0.8870386541367107
BODPAN,XEDMEB,0.8847832758802503
BODPAN,ADONEP,0.8845509617116802
BODPAN,EXAXAE,0.8823023028196291
BODPAN,NEMCOA,0.8747694266340269
BODPAN,CEKHUY,0.8742458871481096
BODPAN,HIDTUM,0.8735149212011734
KOLQEI,COYVAO01,0.900071307630844
VEGMIE01,VAKRIK,0.9999844710630568
HOLRAD,LAWFOF,0.9999999883263276
HOLRAD,VAZTUM,0.9999999595451088
HOLRAD,LAWGOG,0.9999999455042186
HOLRAD,MIBQAR12,0.9999994534092678
HOLRAD,MIBQAR07,0.9999987785694208
HOLRAD,VUSKEA,0.999998145929724
HOLRAD,IFABIA02,0.9989205014369162
HOLRAD,IFABIA01,0.9989028608836904
HOLRAD,VEGMOK04,0.9984419482252804
HOLRAD,GATBUZ,0.9984403844012396
HOLRAD,ORIBAU,0.9954388866095282
HOLRAD,ROZXEL,0.9437551198240786
HOLRAD,UYAPOA,0.9070321697906988
HOLRAD,HUTZAX01,0.905907351765137
HOLRAD,JEDDII,0.8971894405590453
HOLRAD,GOSDUP,0.8953918473937215
HOLRAD,ACODIH,0.8947538232318611
HOLRAD,QEDZEG,0.8910012868787178
HOLRAD,EKEKEL,0.8872935722979587
HOLRAD,DITTEH,0.8853271484913121
HOLRAD,DARYIF,0.8842593445902414
HOLRAD,WORKUL,0.8842335926021746
HOLRAD,NIKHAS,0.8840372705428143
HOLRAD,QAQSAD,0.8822546527957479
HOLRAD,PUGSER,0.880742447374647
HOLRAD,XAFFER,0.8747869905717692
HOLRAD,IJEXIF01,0.8744549769270556
HOLRAD,ZARLIP,0.873778690256467
HOLRAD,XAFFAN,0.8727524631613506
HOLRAD,FUTYOK,0.8718115058411566
HOLRAD,NIWYOJ,0.8713730050546651
HOLRAD,NOXMAQ,0.8708642165351019
HOLRAD,VEHKAW,0.8705534453034529
HOLRAD,NANYUX03,0.8705135746841249
HOLRAD,AXOCEW,0.8691777337087647
HOLRAD,NENHEU,0.8684732739592145
HOLRAD,OKELOH,0.8667141405725542
HOLRAD,PEGCIP,0.8656612297077166
HOLRAD,SAVMAE,0.8642411344377224
HOLRAD,KAHMOW,0.8625665709653051
HOLRAD,IGUFOH,0.861080509201827
HOLRAD,DUFLOH,0.8608897629254144
HOLRAD,EGIKUB01,0.8606768341485762
AZAVUU,ZAZBUZ,0.9161986160812304
AZAVUU,CEFNIN,0.9824341543535352
AZAVUU,KIJRUS,0.899458549779955
AZAVUU,NAFSOF,0.8980812753003267
AZAVUU,BAZFUF01,0.8970317660400787
AZAVUU,QOWRAV10,0.8887184100536454
AZAVUU,QOWRAV11,0.8886934435008738
AZAVUU,QOWRAV12,0.8886872882866601
AZAVUU,QOWRAV08,0.8886749672539382
AZAVUU,QOWRAV04,0.888589020366888
AZAVUU,QOWRAV02,0.8885827145942461
AZAVUU,LIGQEA,0.8851120567700392
AZAVUU,IPUPOA,0.8789737367067824
AZAVUU,LAYWOA,0.8778783790648077
AZAVUU,LAYXAN,0.8774546666890134
AZAVUU,HOYQIX,0.8772451767087216
AZAVUU,DEKBON,0.8760933117191461
AZAVUU,ANUGOG,0.8692800553124095
AZAVUU,ANUGIA,0.8670588451110668
DOTSOV17,DOTSOV,0.9999999051160524
DOTSOV17,DOTSOV18,0.9999999985076448
ESEQUO,WEMKEG,0.936805242666459
ESEQUO,HURGOR,0.9333349050274472
ESEQUO,NIGPAW,0.9066639978615156
ESEQUO,DIBQEM,0.9064941229276064
ESEQUO,GEPBEK,0.9062969228518188
ESEQUO,USAYOE,0.9034493750434812
ESEQUO,XUBKOU,0.9033245729847048
ESEQUO,VEFMAW,0.8973017453726493
ESEQUO,DIBQIQ,0.8927591396449808
ESEQUO,DIBQOW,0.8852197353459819
ESEQUO,XUDVAV,0.884773521723156
ESEQUO,HELDOT,0.88337451161376
ESEQUO,TONBOO,0.8805274948801957
ESEQUO,FISQEG,0.8800303075951258
ESEQUO,VEFLUP,0.8799183986371614
ESEQUO,XIHSEN,0.8798477157009439
ESEQUO,XIHSAJ01,0.8794403023172802
ESEQUO,XIHSEN01,0.8793788898655849
ESEQUO,TATSIS01,0.8785539874025409
ESEQUO,TATSIS,0.878533378520775
ESEQUO,ABAVIJ,0.8777977982559674
ESEQUO,KEJWAY,0.8765388814025795
ESEQUO,FISQIK,0.8744246265769564
ESEQUO,BIPXIK,0.8743039548229339
ESEQUO,AHETAK,0.8740313633851319
ESEQUO,BOWDUO,0.8739477328565054
ESEQUO,VEDFUH,0.8737481354180272
ESEQUO,VEDFOB,0.8733805050478161
ESEQUO,ABAVOP,0.8729766161779031
ESEQUO,CIJBEE,0.8726399998539801
ESEQUO,VODNOS,0.8725625139557385
ESEQUO,CEYPUT01,0.8720846407343408
ESEQUO,OJOBAS,0.8718866092389006
ESEQUO,ABAYOU,0.8718503244247633
ESEQUO,CEYPUT,0.8718429181170607
ESEQUO,PUNYED,0.8718114775866843
ESEQUO,CAXZOS,0.8691683376093023
ESEQUO,DIDBOJ,0.8679943531043217
ESEQUO,DIDBEZ,0.867145112532401
ESEQUO,JODGIU,0.8668753794968556
ESEQUO,CAQJOW,0.8648073879164445
ESEQUO,HAJYAV,0.8646836272536945
ABAVOP,VODNOS,0.9999963422981076
ABAVOP,VEDFOB,0.999996239937912
ABAVOP,VEDGES,0.9999958746929942
ABAVOP,VEDGAO,0.9999933419782452
ABAVOP,VEDFAN,0.9999898073950784
ABAVOP,VEDFIV,0.999988372183425
ABAVOP,BOWDOI,0.999986165537376
ABAVOP,VEDFUH,0.9999823707603356
ABAVOP,VEDFER,0.9999786341271047
ABAVOP,BOWDUO,0.999972987639506
ABAVOP,CEYPUT,0.9999725437961896
ABAVOP,AHETAK,0.9999686014248432
ABAVOP,BIPXIK,0.9999501636655208
ABAVOP,EXUXEC,0.9998753257740912
ABAVOP,KEJWAY,0.999624721673705
ABAVOP,ABAVIJ,0.9992874749621604
ABAVOP,TATSIS01,0.999129229821336
ABAVOP,LASMAV,0.9984192965480364
ABAVOP,ERUNUC,0.9233328833401022
ABAVOP,JODGIU,0.9230261134665808
ABAVOP,CAXZOS,0.9230097375845856
ABAVOP,DIDBEZ,0.9229420282179028
ABAVOP,BUKLOJ,0.88274507114029
ABAVOP,FEVDER,0.8791257663886127
ABAVOP,LIDSIC,0.8791127914007727
ABAVOP,BAKJEE,0.8789765430783171
ABAVOP,BAKJII,0.8784474102402937
ABAVOP,YATDOP,0.8601165794281053
ABAVOP,XALMOO,0.8600071082150385
BAKJII,FEVDER,0.9765057601801518
BAKJII,ERUNUC,0.9090906817879512
BAKJII,DIDBEZ,0.9081692459230402
BAKJII,DIDBOJ,0.907947121257997
BAKJII,CAXZOS,0.9075557868922788
BAKJII,FUMJAZ01,0.9022565797450456
BAKJII,FUMJAZ,0.902055718602323
BAKJII,XEVXUT,0.8990884225760531
BAKJII,FEYJOJ,0.8989621343968273
BAKJII,FISQIK,0.8956625446973137
BAKJII,YATDOP,0.8869628922720076
BAKJII,XUDVAV,0.8860224267156486
BAKJII,XALMOO,0.8850688446625647
BAKJII,CEYPUT01,0.8787298025583913
BAKJII,DIQHAO01,0.8786934251307835
BAKJII,CIJBEE,0.8785452449119777
BAKJII,VEDGES,0.8785335484619068
BAKJII,VEDFAN,0.8782520032344721
BAKJII,BOWDOI,0.8782190076380169
BAKJII,VEDFUH,0.8781901498493105
BAKJII,BOWDUO,0.878121916819325
BAKJII,BOWDIC,0.8780256917016974
BAKJII,EXUXEC,0.8776751013289
BAKJII,KEJWAY,0.8769496802456053
BAKJII,ABAVIJ,0.876520993800165
BAKJII,TATSIS,0.8756295342550872
BAKJII,NIDFOX,0.8743361022542544
BAKJII,YIGGEB,0.8721974102605896
BAKJII,XAPSIS,0.8611386799028911
BAKJII,CIPLIX,0.8611298785103398
BAKJII,JEDVUM,0.8611232262906147
MNFORD03,LIJWOR02,0.9999977967532024
MNFORD03,DADTOS17,0.9999960821663714
MNFORD03,LIJWOR03,0.9999957547502304
MNFORD03,DADTOS16,0.9999831210052964
MNFORD03,REZJIR,0.9999830083660626
MNFORD03,VIRJEM,0.9999827893812072
MNFORD03,REZJIR02,0.9999691653183788
MNFORD03,DADTOS13,0.999907976922122
MNFORD03,YANWOC02,0.999900189716327
MNFORD03,DADTOS02,0.9998919862472428
MNFORD03,DADTOS,0.9998820818180318
MNFORD03,DADTOS04,0.9998795617682434
MNFORD03,DADTOS11,0.9998787559471192
MNFORD03,DADTOS01,0.999878276948884
MNFORD03,DADTOS05,0.9998766086133548
MNFORD03,DADTOS09,0.9998756317140616
MNFORD03,DADTOS06,0.9998724789214382
MNFORD03,DIDVIW,0.99987104868626
MNFORD03,IQEWOQ,0.997791714446006
LIJWOR03,PADJOU01,0.9999984878105594
LIJWOR03,DADTOS16,0.99999559813411
LIJWOR03,VIRJEM,0.9999954671078024
LIJWOR03,YUKTUU,0.9999884482204672
LIJWOR03,YUKTUU01,0.9999882638736955
LIJWOR03,REZJIR02,0.9999876351483856
LIJWOR03,PADJOU,0.9999761902696088
LIJWOR03,DADTOS14,0.9999613440674868
LIJWOR03,YANWOC02,0.9999368251717224
LIJWOR03,DADTOS,0.9999222873933024
LIJWOR03,DADTOS04,0.9999202400549
LIJWOR03,DADTOS01,0.9999191952519656
LIJWOR03,DADTOS09,0.9999170395825449
LIJWOR03,DADTOS06,0.9999144624963068
LIJWOR03,DADTOS18,0.999911630367048
LIJWOR03,IQEWOQ,0.9979804922523264
REQDEX,SAQQOR,0.944274362229664
REQDEX,REDMUL,0.8758444683325075
REQDEX,NADZID,0.8726475272289336
EKERIW,YUZJOU,0.9992677146906476
ICAREL,AVAKEP02,0.8651743129104849
ICAREL,BAZGAM,0.9991808262337476
ICAREL,BAZFUF01,0.9982796470497776
ICAREL,KIJRUS,0.9976119678893508
ICAREL,NAFSOF,0.9973767211190412
ICAREL,QOWRAV10,0.9910532635156064
ICAREL,QOWRAV09,0.9910389321199292
ICAREL,QOWRAV11,0.991030693579524
ICAREL,QOWRAV04,0.990936230091157
ICAREL,QOWRAV02,0.9909305275555068
ICAREL,ANUGEW,0.9735991975137086
ICAREL,LAYXAN,0.971607553106136
ICAREL,HEHROE,0.971572693954678
ICAREL,DEKBON,0.9699568337484852
ICAREL,ANUGIA,0.960958255299268
ICAREL,IPUPOA,0.9473406890805532
ICAREL,HOYQIX,0.9468567816692228
ICAREL,IPUPIU,0.9466265308227018
ICAREL,MIKVEK,0.8818882317313956
ICAREL,ORAWAH,0.8803198869759672
ICAREL,ONIXOZ,0.8783910997505835
ICAREL,LURRIA,0.8663154675279586
ICAREL,SIXNOF,0.860833530974962
ICAREL,SIXNIZ,0.8608329276633754
ICAREL,ASIVAB,0.8608227309403014
ICAREL,NAPSUV,0.8600210554178586
YOZNUY,OQIZUL,0.9999999656760196
YOZNUY,QAWHIH,0.9998541575768316
YOZNUY,QAWHIH01,0.9998375110296944
YOZNUY,TISPAO,0.9993410622738782
YOZNUY,YOZPAG,0.9987433441579532
YOZNUY,DIHVIB,0.9986019489732544
YOZNUY,YOZNAE,0.9985864205852748
YOZNUY,YOZMOR,0.99856298489011
YOZNUY,YOZMIL,0.9984779594324016
YOZNUY,UXISUR,0.9984004491500102
YOZNUY,DIHVIB01,0.9983995386566136
YOZNUY,XAMDUM01,0.998378760332752
YOZNUY,RILFEA,0.9983777533397032
YOZNUY,LUDLIH,0.9983304944698
YOZNUY,XAMDUM03,0.9982921986241184
YOZNUY,XAMDUM04,0.9982605783429908
YOZNUY,EBAMUS,0.9978460317983736
YOZNUY,DOTSOV13,0.9977683544573572
YOZNUY,DOTSOV10,0.9977654311611774
YOZNUY,DOTSOV16,0.9977626520164176
YOZNUY,DOTSOV02,0.9959081510785912
YOZNUY,QIZLIW,0.9937957388013416
YOZNUY,YOZMUX,0.9901290721738828
YOZNUY,GAVDUD,0.9900084973453628
YOZNUY,QIZLOC,0.9863062571041542
YOZNUY,OHOMIH,0.986041034993394
YOZNUY,ORAWAH,0.9328930494043836
YOZNUY,MIKVEK,0.9237761824743224
YOZNUY,IWEVAJ,0.916619746637749
YOZNUY,EXOYAS,0.9165564200859746
YOZNUY,ONIXOZ,0.9160408154679024
YOZNUY,NUTQAV,0.9079036802879664
YOZNUY,YAGHUM,0.9078152165745964
YOZNUY,HANWAW,0.9013338556969054
YOZNUY,MOFGOE,0.8916916348481734
YOZNUY,PIDRAY,0.891082913882019
YOZNUY,KANMIX,0.8837887698217199
YOZNUY,WANJIF,0.8826642513420309
YOZNUY,XEDMEB,0.8815782878649956
YOZNUY,ANUGIA,0.8776147288419716
YOZNUY,EXAXAE,0.8761415661129446
YOZNUY,ANUGOG,0.8758725323519096
YOZNUY,EXAXAE03,0.8755883699860239
YOZNUY,EMUBIZ,0.8755302321724476
YOZNUY,CEKHUY,0.8674003817033582
YOZNUY,HIDTUM,0.8662004947923612
DOTSOV37,DOTSOV31,0.9999999947386612
DOTSOV37,DOTSOV39,0.9999999846634474
FUTYOK,GERWIL,0.9082183958152424
FUTYOK,KAFYAT,0.9082467080890024
FUTYOK,FENVOL,0.8872980733761306
FUTYOK,NIWYOJ,0.9999857111162964
FUTYOK,VEHKAW,0.9998943572025232
FUTYOK,NANYUX03,0.9998886124262708
FUTYOK,REGREC,0.9998378068177568
FUTYOK,ULISOZ,0.9996145641569608
FUTYOK,UFOFUT,0.9471870885047524
FUTYOK,QUQFEO,0.932990070450931
FUTYOK,RUGXUO,0.932627995917862
FUTYOK,QOPZIF,0.9187686455473714
FUTYOK,JOVYAW,0.9082473374936594
FUTYOK,FUDGIW,0.9082272378412182
FUTYOK,KEFBOO,0.9006428429926078
FUTYOK,HOGJIX,0.8991049989138565
FUTYOK,DUNXUH15,0.897338253783047
FUTYOK,DUNXUH13,0.897308325881292
FUTYOK,EGIKUB01,0.8949357761293862
FUTYOK,APACAX,0.8777106798393794
FUTYOK,DOYHIK,0.8773923724958704
FUTYOK,DOYHOQ,0.8764783967148619
FUTYOK,NASROR,0.8753120256931579
FUTYOK,FIJCUX01,0.8749596620175891
FUTYOK,ORIBAU,0.874876318155718
FUTYOK,VEGMOK04,0.874709680336876
FUTYOK,IFABIA02,0.8742260020945893
FUTYOK,IFABIA01,0.8742029389358607
FUTYOK,CUVTOD,0.8735656838956589
FUTYOK,PEVQOY,0.872193922086569
FUTYOK,VUSKEA,0.8719627712951561
FUTYOK,PEVQIS,0.8719007919751471
FUTYOK,MIBQAR12,0.8718941931736243
FUTYOK,MIBQAR07,0.871889392702152
FUTYOK,LAWFOF,0.8717993341029334
FUTYOK,VAZTUM,0.8717925853066304
FUTYOK,LAWGOG,0.8717852733902444
FUTYOK,SAHYIK,0.8717595471338543
FUTYOK,NUFCAU,0.8680395906715515
FUTYOK,SOWCOY,0.8611182393983832
FUTYOK,YOGKOW,0.8594619438840866
VAKRIK,JOQQAJ,0.999986085563082
PIQQEN,PIQPUC,0.9998466964370936
PIQQEN,TULLIX,0.9765259815000364
PIQQEN,FOKWOT,0.9765206926912666
PIQQEN,FOKWUZ,0.9754451209178724
PIQQEN,ESADUZ01,0.9628958408420558
PIQQEN,POKZOG,0.9613062104618726
PIQQEN,JUQSIZ,0.9607626790764654
PIQQEN,VAKLIF,0.8776769589687682
PIQQEN,REXYAX,0.8766015347472669
PIQQEN,GOYLUB,0.875198514771155
AMURUX06,LICSEW04,0.9999467233466018
AMURUX06,NAXVOY04,0.996446881289891
AMURUX06,NIWZIE01,0.9960312754093592
AMURUX06,NIWZIE08,0.995773232889307
AMURUX06,NIWZIE02,0.995670852709624
AMURUX06,NIWZIE09,0.9955652484059678
AMURUX06,NIWZIE17,0.9950630462715552
AMURUX06,NIWZIE18,0.9950122192141752
VAZTUM,MIBQAR,0.9999998643619488
VAZTUM,LAWGOG,0.999999987588803
VAZTUM,LAWFOF,0.9999999846105532
VAZTUM,MIBQAR01,0.9999999420301132
VAZTUM,SAHYIK,0.9999998212845784
VAZTUM,MIBQAR12,0.9999991647024076
VAZTUM,VUSKEA,0.9999976642506694
VAZTUM,PEVQOY,0.999986507024022
VAZTUM,REDROI,0.9987492373808768
VAZTUM,VEGMOK04,0.9984286036512576
VAZTUM,GATBUZ,0.9984270331905446
VAZTUM,ORIBAU,0.99541618535874
VAZTUM,ROZXEL,0.9437353206252084
VAZTUM,PIWLAL,0.943557849029355
VAZTUM,UYAPOA,0.9070460890550576
VAZTUM,ODODIW,0.9065879108324012
VAZTUM,HUTZAX01,0.9058910061687137
VAZTUM,JEDDII,0.8971922063533286
VAZTUM,SACHIP,0.8960754036542267
VAZTUM,GOSDUP,0.8953805146477208
VAZTUM,ACODIH,0.8947366546157923
VAZTUM,QEDZEG,0.8909745436683711
VAZTUM,EKEKEL,0.8872929351512304
VAZTUM,UKOLOV,0.8851716164828585
VAZTUM,MIMRAB01,0.8842397231706107
VAZTUM,NIKHAS,0.8840184030950481
VAZTUM,QAQSAD,0.8822368971677815
VAZTUM,NAWXER,0.8817387940801873
VAZTUM,IDIXAU,0.8778396869344589
VAZTUM,XAFFER,0.8747680100516658
VAZTUM,VEHJUP,0.8746870100817346
VAZTUM,IJEXIF01,0.8744470487481603
VAZTUM,NIWYID,0.8737765350035624
VAZTUM,ZARLIP,0.8737569232120416
VAZTUM,ULISOZ,0.8736276984959577
VAZTUM,REGREC,0.8730692088902701
VAZTUM,XAFFAN,0.8727282149033998
VAZTUM,MEWPIQ,0.872482362185421
VAZTUM,NIWYOJ,0.8713527760260701
VAZTUM,NANYUX01,0.8706167962482122
VAZTUM,NENHEU,0.8684479163825162
VAZTUM,GADROU,0.8680684752655607
VAZTUM,OKELOH,0.8666970448039036
VAZTUM,PEGCIP,0.8656410699562604
VAZTUM,SAVMAE,0.8642417846681216
VAZTUM,XEGWIS,0.8625549083862295
VAZTUM,KAHMOW,0.8625390783925605
VAZTUM,XEGXIT,0.8625242123690688
VAZTUM,YICQOS,0.8611467130659293
VAZTUM,EGIKUB01,0.8606737531480797
RUVBOB,WOBNOS,0.8795095017019283
RUVBOB,RUVBIV,0.997833166696092
RUVBOB,VAKLIF,0.8602157885849472
RUVBOB,GOYLUB,0.8596338002890367
NAWXER,PIWLAL,0.9039032496670912
NAWXER,ORIBAU,0.8872051223383426
NAWXER,FIJCUX01,0.8871182953624747
NAWXER,GATBUZ,0.886044164314928
NAWXER,VEGMOK04,0.886042789334224
NAWXER,IFABIA01,0.8853945384642625
NAWXER,PEVQOY,0.882267234868738
NAWXER,VUSKEA,0.8819616479738627
NAWXER,PEVQIS,0.8818833428279685
NAWXER,MIBQAR07,0.8818756093903907
NAWXER,MIBQAR01,0.8817734257944044
NAWXER,LAWFOF,0.8817462040978088
NAWXER,LAWGOG,0.8817280422794069
NAWXER,SAHYIK,0.8816996461355299
NAWXER,JENKET,0.8688415416206634
NAWXER,BABRII,0.8664455209583404
NAWXER,QEDZEG,0.859010224053405
PUGSER,DITTEH,0.9986527668620904
PUGSER,BABRII,0.944821221157757
PUGSER,UYAPOA,0.9358362602106722
PUGSER,PIWLAL,0.9325810769911952
PUGSER,QUQFEO,0.9184020342942448
PUGSER,ORIBAU,0.8871159061288483
PUGSER,NANYUX03,0.8871003068735328
PUGSER,VEHKAW,0.8870902621901533
PUGSER,NANYUX01,0.8870615552750872
PUGSER,FIJCUX01,0.8869638882921067
PUGSER,REGREC,0.885904851526453
PUGSER,GATBUZ,0.8855669259744148
PUGSER,VEGMOK04,0.8855652777427512
PUGSER,NIWYID,0.8851555010679282
PUGSER,QEDZEG,0.8847403505623618
PUGSER,IFABIA02,0.8846526916811501
PUGSER,IJEXIF01,0.8839652862301565
PUGSER,GOSDUP,0.8830612736010442
PUGSER,VUSKEA,0.8809593455104026
PUGSER,PEVQIS,0.8808700237176028
PUGSER,MIBQAR07,0.8808533645124577
PUGSER,LAWFOF,0.880725056449668
PUGSER,LAWGOG,0.8807049626867192
PUGSER,SAHYIK,0.8806679158366756
PUGSER,JAYXAL,0.8716382161474405
PUGSER,YICQOS,0.8659845973569151
PUGSER,NOXMAQ,0.8659514903331944
PUGSER,XAFFER,0.8653518242631926
BIPXIK,AHETAK,0.9999978740020984
BIPXIK,BOWDUO,0.9999964998121104
BIPXIK,VEDFAN,0.9999848840970836
BIPXIK,EXUXEC,0.9999823017516536
BIPXIK,VEDFIV,0.9999397087635016
BIPXIK,VEDGIW,0.9999338046688444
BIPXIK,VEDGES,0.9999221264079554
BIPXIK,OJOBAS,0.9998553122342076
BIPXIK,ABAVIJ,0.999505043662037
BIPXIK,TATSIS01,0.9994563963218214
BIPXIK,LASMAV,0.99892852894342
BIPXIK,ABAVUV,0.9984402546191518
BIPXIK,YIGGEB,0.997666362008572
BIPXIK,DIDBOJ,0.9229767886370958
BIPXIK,JODGIU,0.9229409021830218
BIPXIK,BUKLOJ,0.8833737165007349
BIPXIK,FEVDER,0.8792570418647964
BIPXIK,BAKJOO,0.8789964103417254
BIPXIK,LIDSIC,0.8788763082256038
BIPXIK,BAKJEE,0.8786775942869989
BIPXIK,XALMOO,0.8601991796597694
BIPXIK,YATDOP,0.8598763578000945
MOXDOT01,HURGOR,0.9999514944376648
MOXDOT01,DERBIO,0.9998987841444148
MOXDOT01,AXINAX01,0.95643198182443
MOXDOT01,CIFMAH,0.9552284940745012
MOXDOT01,NIGPEA,0.9551497376877626
MOXDOT01,MIHJUL,0.9541919667536072
MOXDOT01,HELDOT,0.9539822593448806
MOXDOT01,NIGPAW,0.9463756193920038
MOXDOT01,BUKLOJ,0.9447597934711915
MOXDOT01,DIBQEM,0.9425182735449112
MOXDOT01,FISQIK,0.9330075982925043
MOXDOT01,FISQEG,0.932190852164904
MOXDOT01,ERUNUC,0.92252504453107
MOXDOT01,JODGIU,0.9221754306691724
MOXDOT01,DIDBOJ,0.922119793850148
MOXDOT01,DIDBEZ,0.9220865961263752
MOXDOT01,DIDBID,0.922007458909162
MOXDOT01,WEMKEG,0.8998933728955882
MOXDOT01,TAHYUZ,0.8853151711725262
MOXDOT01,HALVEY,0.8852853881439056
MOXDOT01,HAJYAV,0.8828814127209113
MOXDOT01,CAQJOW,0.882845278529223
MOXDOT01,LUWZUZ01,0.8759318153203023
MOXDOT01,XUBKOU,0.875357621923982
MOXDOT01,VEFMAW,0.8650947251603458
MOXDOT01,WUHMUJ,0.8649924359555919
LAYWOA,DEKBON,0.9996237659541548
LAYWOA,ANUGEW,0.9996135134979132
LAYWOA,ANUGOG,0.983857782596712
LAYWOA,ANUGIA,0.9796922530293388
LAYWOA,KIJRUS,0.970936304907686
LAYWOA,HOYQIX,0.9685345051736588
LAYWOA,IPUPIU,0.9680021689687984
LAYWOA,BAZFUF01,0.9665646749086694
LAYWOA,QOWRAV10,0.954505814567436
LAYWOA,QOWRAV11,0.95447258998738
LAYWOA,QOWRAV12,0.9544644063283644
LAYWOA,QOWRAV08,0.9544479919689368
LAYWOA,QOWRAV07,0.954422381490046
LAYWOA,QOWRAV03,0.954341416795019
LAYWOA,QOWRAV04,0.9543336887910518
LAYWOA,QOWRAV02,0.9543253116398002
LAYWOA,EXOGAB,0.9458593733449924
LAYWOA,LAQNID,0.9258401315083016
LAYWOA,MIKVEK,0.9190708467677452
LAYWOA,ORAWAH,0.909547298715204
LAYWOA,FISGOF,0.9054543986560664
LAYWOA,ENIHUG,0.8852436636312395
LAYWOA,NAPSUV,0.8822750396560625
LAYWOA,SEMNIJ,0.8664874981910333
LAYWOA,CEKHUY,0.8659166472423732
LAYWOA,NEMCOA,0.8658380511842754
LAYWOA,SIXNOF,0.8632416732763994
LAYWOA,SIXNIZ,0.8626293923840069
LAYWOA,ASIVAB,0.8624988814264138
TUDJUY,NIFNOI,0.9999980189544926
TUDJUY,NIFRAY,0.999975136201973
TUDJUY,SEFVEG,0.9999643657043852
TUDJUY,SEFVEG02,0.9999639889372212
TUDJUY,NIFQIF,0.999942430926624
DOTSOV29,DOTSOV30,0.9999999983407376
VEMTAJ01,DUVNIS,0.9999995290290014
PEGCIP,PIWLAL,0.8853371699223174
PEGCIP,ROZXEL,0.8853355029304508
PEGCIP,ORIBAU,0.8692187689039992
PEGCIP,GATBUZ,0.868847197731283
PEGCIP,VEGMOK04,0.8688463778001385
PEGCIP,IFABIA02,0.8682975837427642
PEGCIP,PEVQOY,0.8660689339355682
PEGCIP,VUSKEA,0.8658222887024445
PEGCIP,MIBQAR01,0.8656696149047184
PEGCIP,SAHYIK,0.8656058554240573
GOSDUP,ROZXEL,0.914191626316391
GOSDUP,JENKET,0.9047361941076733
GOSDUP,UYAPOA,0.900635430569355
GOSDUP,IFABIA01,0.8972260289928751
GOSDUP,IFABIA02,0.8972242590600293
GOSDUP,ORIBAU,0.8965415019948786
GOSDUP,VUSKEA,0.895506835088824
GOSDUP,MIBQAR07,0.8954723530485118
GOSDUP,PEVQIS,0.8954669476270269
GOSDUP,MIBQAR12,0.8954538289108018
GOSDUP,MIBQAR01,0.895399724325091
GOSDUP,LAWGOG,0.8953726502946365
GOSDUP,SAHYIK,0.8953636152730351
ETEKEU,QETSOY,0.8672430146527303
UZATAR,VIDXOX,0.997767873245376
RUGXUO,NIWYID,0.933006856802816
RUGXUO,REGREC,0.9329630800736268
RUGXUO,VEHJUP,0.9326336191868542
RUGXUO,NIWYOJ,0.9324655136020564
RUGXUO,NANYUX01,0.9321620525491812
RUGXUO,VEHKAW,0.932123231857165
RUGXUO,NANYUX03,0.9321037365125912
RUGXUO,RUPVAB,0.92381953619867
RUGXUO,QUQFEO,0.8747764946074789
RUGXUO,QOPZIF,0.8635256615656296
ATIJOC,ALUJEX,0.9952861871159112
FISQIK,FISQEG,0.9990436425928032
FISQIK,AXINAX01,0.947989158692842
FISQIK,DIBQIQ,0.9478479790081352
FISQIK,CIFMAH,0.9469340169659656
FISQIK,DIBQOW,0.9463101788652686
FISQIK,MIHJUL,0.9459542691865273
FISQIK,NIGPAW,0.9374760760600156
FISQIK,DERBIO,0.9329517747606338
FISQIK,VASYEW,0.9199380377057188
FISQIK,AGAFAS,0.9182426190883342
FISQIK,BAKJOO,0.8962705301600107
FISQIK,TIDNIF,0.8938796659064172
FISQIK,XAPSIS,0.8868475310489792
FISQIK,CIPLIX,0.8863507270466787
FISQIK,BUKLOJ,0.8846162568090894
FISQIK,PUNYED,0.8833667072473607
FISQIK,FEVDER,0.8727335990067162
FISQIK,NOMPIQ01,0.8719147253825864
FISQIK,NOMPIQ,0.8718708391736861
FISQIK,CIKPEU,0.8718467382341525
FISQIK,ERUNUC,0.8659379371798939
FISQIK,JODGIU,0.8655516474678826
FISQIK,DIDBEZ,0.8654584375907409
FISQIK,CAXZOS,0.8654500586207514
FISQIK,DIDBID,0.8653783612933617
CIFMAH,NIGPEA,0.9999987076173102
CIFMAH,DIBQOW,0.9999276562787514
CIFMAH,MIHJUL,0.99984004325637
CIFMAH,HELDOT,0.9997804751646272
CIFMAH,DIBQIQ,0.999575462209974
CIFMAH,AXINAX01,0.9989189298925558
CIFMAH,DIBQEM,0.9768708765111588
CIFMAH,DERBIO,0.9558256385123846
CIFMAH,HURGOR,0.9556635164062444
CIFMAH,FISQEG,0.9439771143866418
CIFMAH,NOMPIQ01,0.9134771079493552
CIFMAH,NOMPIQ,0.913390273316624
CIFMAH,CIKPEU,0.9133432204377776
CIFMAH,ERUNUC,0.8850003889826661
CIFMAH,JODGIU,0.8841233768316067
CIFMAH,DIDBEZ,0.8839712823996618
CIFMAH,DIDBID,0.8838810225016817
CIFMAH,DIDBOJ,0.8836845235963335
CIFMAH,AGAFAS,0.8788742631070626
CIFMAH,CAQKAJ,0.8767108807640335
CIFMAH,TAHYUZ,0.875573014215421
CIFMAH,HALVEY,0.8751305474415783
CIFMAH,FEXCAO01,0.8716783030116843
CIFMAH,YATDOP,0.8715330044354145
CIFMAH,CAQJOW,0.8697478167670183
CIFMAH,XALMOO,0.8692131307492116
CIFMAH,FEVDER,0.8662201390551094
CIFMAH,WEMKEG,0.8631189182660302
BUKMUQ01,LUPCOQ,0.9121304941096342
BUKMUQ01,NANYUX03,0.8850763160579196
BUKMUQ01,VEHKAW,0.8850742914898064
BUKMUQ01,NANYUX01,0.8850637510550906
BUKMUQ01,NIWYOJ,0.8850235498224748
BUKMUQ01,REGREC,0.8845107051915116
BUKMUQ01,ULISOZ,0.8841345096833693
BUKMUQ01,NIWYID,0.8840031143694893
JALLOA,OPURIB,0.9078259709004242
JALLOA,IJORUV,0.8838968968654388
XAFFER,UWAGAB04,0.999977384445576
XAFFER,KEDQAN,0.9997941015486728
XAFFER,IGUFOH,0.9776974011147572
XAFFER,VIKBUP,0.9628235532712076
XAFFER,JENKET,0.8856316223827214
XAFFER,GATBUZ,0.8776783477587334
XAFFER,IFABIA02,0.8771861434225874
XAFFER,PEVQOY,0.8751686858708835
XAFFER,MIBQAR07,0.8748640252735713
XAFFER,LAWFOF,0.874774838148388
XAFFER,SAHYIK,0.8747347718113295
XAFFER,UKOLOV,0.8658531034931597
NUFBOH,DOYHOQ,0.9998754211562582
NUFBOH,NUFCAU,0.9974230667787404
NUFBOH,DOYHIK,0.9946752534886144
NUFBOH,APACAX,0.951265298766165
NUFBOH,NUCPIM,0.906475932488514
NUFBOH,JAYXAL,0.9049240427152778
NUFBOH,OKELOH,0.893573663711303
NUFBOH,UFOFUT,0.8924625248863212
NUFBOH,IRELAU,0.8921751069860115
NUFBOH,VEHJUP,0.8778434840131665
NUFBOH,NIWYID,0.8772001411169237
NUFBOH,REGREC,0.876625842467067
NUFBOH,NIWYOJ,0.8751619592265161
NUFBOH,NANYUX01,0.874538754642527
NUFBOH,NANYUX03,0.8744054112552658
DIDBOJ,DIDBEZ,0.9999763244087104
DIDBOJ,DIDBID,0.9999695357495266
DIDBOJ,ERUNUC,0.99940513320169
DIDBOJ,XALMOO,0.924911809870255
DIDBOJ,ABAVIJ,0.923147199439456
DIDBOJ,VEDFER,0.9231406502909628
DIDBOJ,VEDFIV,0.9231119715607732
DIDBOJ,BOWDIC,0.92301691249801
DIDBOJ,VEDGES,0.923016211404012
DIDBOJ,VEDFAN,0.9230044528355392
DIDBOJ,AHETAK,0.922983856514438
DIDBOJ,CIJBEE,0.9229753161474168
DIDBOJ,EXUXEC,0.92297246183461
DIDBOJ,VODNOS,0.9229272508374085
DIDBOJ,OJOBAS,0.9228849740213052
DIDBOJ,CEYPUT,0.9228798473930164
DIDBOJ,TATSIS,0.9223580994496272
DIDBOJ,ERUNIQ,0.922105423065273
DIDBOJ,HURGOR,0.9219862043487268
DIDBOJ,YIGGEB,0.9204407271562992
DIDBOJ,NIDFOX,0.9187094255575352
DIDBOJ,LIDSIC,0.9087609095647377
DIDBOJ,BAKJEE,0.9086047260420692
DIDBOJ,NOMPIQ01,0.8857534471312136
DIDBOJ,CIKPEU,0.8856700707728807
DIDBOJ,AXINAX01,0.8852790937757865
DIDBOJ,DIBQIQ,0.8849327099289923
DIDBOJ,NIGPEA,0.8835838981871567
DIDBOJ,FUMJAZ01,0.8833062446585439
DIDBOJ,FUMJAZ,0.883213700200156
DIDBOJ,LUWZUZ,0.8827637213725029
DIDBOJ,MIHJUL,0.8824888650972531
DIDBOJ,XEVXUT,0.8804529695795118
DIDBOJ,BUKLOJ,0.8756556376074802
DIDBOJ,DIBQEM,0.8728220835429097
DIDBOJ,FEXCAO01,0.869735234812093
ABEMIF,QIZLIW,0.99990405250713
AGAFAS,PUNYED,0.9320516605510036
AGAFAS,XAPSIS,0.9301897526970172
AGAFAS,CIPLIX,0.9290864085255818
AGAFAS,JEDVUM,0.9290112106565762
AGAFAS,FISQEG,0.9192614410939954
AGAFAS,XUDVAV,0.9173018163027722
AGAFAS,FEVDER,0.8907218425035988
AGAFAS,BAKJOO,0.8894773395558484
AGAFAS,LIDSIC,0.8892206591786703
AGAFAS,DIBQIQ,0.8810967082417228
AGAFAS,MIHJUL,0.8770964083847781
AGAFAS,HELDOT,0.8767599775809509
AGAFAS,DIBQEM,0.8751661464864029
REZJIR,VIRJEM,0.9999998028380302
REZJIR,PADJOU01,0.9999992199049608
REZJIR,REZJIR03,0.9999990685399204
REZJIR,YUKTUU,0.9999980948043844
REZJIR,REZJIR02,0.9999977834731146
REZJIR,DADTOS15,0.99999674457125
REZJIR,DADTOS17,0.9999951056480696
REZJIR,LIJWOR02,0.9999927106522428
REZJIR,MNFORD02,0.9999867676685004
REZJIR,DADTOS14,0.9999826381215792
REZJIR,PADJOU,0.999982167536506
REZJIR,DADTOS13,0.9999697961562072
REZJIR,YANWOC02,0.9999652754890984
REZJIR,DADTOS02,0.9999603916555913
REZJIR,DADTOS,0.999954325513118
REZJIR,DADTOS04,0.9999527542741375
REZJIR,DADTOS09,0.9999502872892366
REZJIR,DADTOS06,0.9999482897791334
REZJIR,DIDVIW,0.9999473791001684
REZJIR,DADTOS18,0.9999460849146768
REZJIR,YANWOC01,0.9999458033786376
VUKKET,NASGIZ01,0.8756168686741509
NAMDOV,KUGQOT,0.9999669406666972
NAMDOV,LESWAI,0.8603569866091332
YAGHUM,OGEBAF,0.9376423028518994
YAGHUM,OGEBAF01,0.9373751769485882
YAGHUM,TISPAO,0.9082246345060652
YAGHUM,QAWHIH01,0.9081832239084896
YAGHUM,QAWHIH,0.9081719551059042
YAGHUM,YOZMOR,0.9079553215772532
YAGHUM,XAMDUM07,0.9079219034562642
YAGHUM,YOZNIM,0.907909538747918
YAGHUM,LUDLED,0.9078922236288086
YAGHUM,YOZMEH,0.9078797098345264
YAGHUM,UXISUR,0.9078796524724084
YAGHUM,DIHVIB01,0.907879208339462
YAGHUM,RILFEA,0.907868701758006
YAGHUM,LUDLIH,0.9078445374065376
YAGHUM,XAMDUM03,0.9078266945042278
YAGHUM,OQIZUL,0.9078227069790152
YAGHUM,XAMDUM04,0.9078080485526304
YAGHUM,XAMDUM05,0.907787690400158
YAGHUM,XAMDUM02,0.9077714917108184
YAGHUM,DOTSOV10,0.907546735567036
YAGHUM,DOTSOV14,0.9075465375121848
YAGHUM,DOTSOV16,0.907545175585574
YAGHUM,DOTSOV12,0.9075451713558228
YAGHUM,EBAMUS,0.907523743766652
YAGHUM,FISGOF,0.9072891735663652
YAGHUM,DOTSOV02,0.9060950938597716
YAGHUM,QIZLIW,0.9048782383874834
YAGHUM,GAVDUD,0.9019577092768584
YAGHUM,NEHZUY,0.9018718600446656
YAGHUM,YOZNOS,0.9010928782458114
YAGHUM,OHOMIH,0.8987263728793814
YAGHUM,QIYDIN,0.8853965805767687
YAGHUM,QIYDAF01,0.8816904333931055
YAGHUM,FAGQAI,0.8809464246103892
YAGHUM,LASYOU,0.8650901055380861
HOGJIX,VEHJUP,0.9050162429176808
HOGJIX,IJEXIF01,0.9043225416714542
HOGJIX,NIWYID,0.9027610619477764
HOGJIX,NIWYOJ,0.8983767163722687
HOGJIX,VEHKAW,0.8970616705289773
HOGJIX,NANYUX03,0.8969980877066306
UFOFUT,DURDAX,0.9564046535158304
UFOFUT,QUQFEO,0.9841226316791118
UFOFUT,REGREC,0.9471560248624104
UFOFUT,NIWYOJ,0.9471341103933892
UFOFUT,ULISOZ,0.9470036928007622
UFOFUT,NANYUX01,0.946989386491548
UFOFUT,NIWYID,0.946939448091388
UFOFUT,IJEXIF01,0.946428126805524
UFOFUT,VEHJUP,0.9460680976467368
UFOFUT,RUPVAB,0.9350785302717872
UFOFUT,DITTEH,0.932964308284214
UFOFUT,DOYHIK,0.8935611340076208
UFOFUT,NASROR,0.8922552292891088
UFOFUT,EZINAE,0.8872736716060206
UFOFUT,JAYXAL,0.8797642510883837
UFOFUT,NUCPIM,0.8784969820890165
UFOFUT,YOGKOW,0.8755682433992512
UFOFUT,QOPZIF,0.874763811341606
UFOFUT,FUDGIW,0.8651476623375578
UFOFUT,JOVYAW,0.8651134107523937
UFOFUT,JENKET,0.8648825407420048
UFOFUT,BABRII,0.864442127499875
ONIXOZ,MIKVEK,0.9987878149229656
ONIXOZ,LASYOU,0.9706235165724414
ONIXOZ,EXOGAB,0.937415606673122
ONIXOZ,HIDTUM,0.9359460528732328
ONIXOZ,QIZLOC,0.9328140436286104
ONIXOZ,NEHZUY,0.9321019388775093
ONIXOZ,QIZLIW,0.9303038145913708
ONIXOZ,ANUGOG,0.9292025165362234
ONIXOZ,DOTSOV02,0.9267824178278996
ONIXOZ,DOTSOV16,0.9260415371541714
ONIXOZ,DOTSOV08,0.9260414496875516
ONIXOZ,DOTSOV14,0.9260372098158648
ONIXOZ,EBAMUS,0.925474877800632
ONIXOZ,KIRFOI,0.9253675165145518
ONIXOZ,XAMDUM05,0.9251779555635398
ONIXOZ,XAMDUM02,0.9251551408087724
ONIXOZ,XAMDUM04,0.92506404900939
ONIXOZ,XAMDUM03,0.9250140110093956
ONIXOZ,RILFEA,0.924826607435258
ONIXOZ,YOZMEH,0.9247754368883362
ONIXOZ,LUDLED,0.9247161354840756
ONIXOZ,XAMDUM06,0.9246942739837876
ONIXOZ,YOZNIM,0.9246318964946764
ONIXOZ,YOZMOR,0.9243942166756984
ONIXOZ,YOZNAE,0.9243380298372093
ONIXOZ,DIHVIB,0.924299696817458
ONIXOZ,YOZPAG,0.9239363459939864
ONIXOZ,QAWHIH01,0.9191531713138316
ONIXOZ,HEHROE,0.9190242779417276
ONIXOZ,QAWHIH,0.9189970283505048
ONIXOZ,IPUPOA,0.9174468486286396
ONIXOZ,OQIZUL,0.9160871023691732
ONIXOZ,YOZNOS,0.9101657905706132
ONIXOZ,HANWAW,0.9101484574518524
ONIXOZ,IPUPIU,0.9083089902668164
ONIXOZ,LAQNID,0.8936942320666778
ONIXOZ,JALPAQ,0.889670914290779
ONIXOZ,BAZGAM,0.8805048413080107
ONIXOZ,KIJRUS,0.877714008477354
ONIXOZ,NAPSUV,0.8734196547549065
ONIXOZ,IXAKAU,0.8608383711498337
ONIXOZ,RAWYAS,0.8606088960817918
PEVQOY,PERROW,0.9081755534504652
PEVQOY,VUSKEA,0.999995398655508
PEVQOY,MIBQAR12,0.9999923502960744
PEVQOY,MIBQAR07,0.9999914832938224
PEVQOY,LAWFOF,0.99998694595926
PEVQOY,LAWGOG,0.9999860316363548
PEVQOY,SAHYIK,0.9999841501212224
PEVQOY,IFABIA01,0.9991078918614392
PEVQOY,VEGMOK04,0.9987059494411248
PEVQOY,FIJCUX01,0.9964855178185344
PEVQOY,ORIBAU,0.9958980096664972
PEVQOY,ROZXEL,0.9441537546544
PEVQOY,BABRII,0.9077948909909584
PEVQOY,BOLPAU,0.9070132169195024
PEVQOY,UYAPOA,0.9068303238965716
PEVQOY,HUTZAX01,0.9062334745114122
PEVQOY,JENKET,0.9041401528756124
PEVQOY,JEDDII,0.8971800396032097
PEVQOY,SACHIP,0.8957991046092141
PEVQOY,EKEKEL,0.8872961896350091
PEVQOY,UKOLOV,0.8854962381638634
PEVQOY,DARYIF,0.8844376201960373
PEVQOY,NIKHAS,0.8844241304506768
PEVQOY,QAQSAD,0.8826138598806506
PEVQOY,IDIXAU,0.8784469914016277
PEVQOY,IJEXIF01,0.8746062404624748
PEVQOY,ZARLIP,0.8742181570403036
PEVQOY,NIWYID,0.8740197155811305
PEVQOY,REGREC,0.8733779962362929
PEVQOY,XAFFAN,0.8732437867550757
PEVQOY,MEWPIQ,0.8730100828838797
PEVQOY,NANYUX01,0.8710869600720591
PEVQOY,RUPVAB,0.8710749557752774
PEVQOY,NANYUX03,0.870968905792547
PEVQOY,AXOCEW,0.869233925510413
PEVQOY,GADROU,0.8682767262242229
PEVQOY,OKELOH,0.8670556886806129
PEVQOY,SAVMAE,0.8642129012718476
PEVQOY,XEGWIS,0.863139902246522
PEVQOY,XEGWAK,0.8630988567908571
PEVQOY,YICQOS,0.8611137385692262
PEVQOY,IGUFOH,0.8609320741241342
PEVQOY,EGIKUB01,0.8607496461582512
NIGFOZ,YATTUK,0.999868040394631
NIGFOZ,SEHSII,0.9996103914526214
NIGFOZ,VITZAB,0.9421284124352084
NIGFOZ,YENZEZ,0.9078082649132536
NIGFOZ,XADDAJ01,0.8852858267641933
NIGFOZ,BOJYIK,0.8748886072740268
NIGFOZ,QACTUJ,0.8748755478138741
NIGFOZ,NEBYOK,0.8608275281592402
KUXREC,YAXBUV02,0.9997035760411046
KUXREC,VAGVAC,0.9985859898415318
KUXREC,POJTOY01,0.9984750260358172
KUXREC,XUDSIY,0.9980426470910366
KUXREC,SETQOZ,0.9978696454428144
KUXREC,SETQUF,0.9978457114112812
KUXREC,SADMUH,0.9977257691109196
KUXREC,SETQAL,0.9972256783986986
KUXREC,XADCOW,0.996932552722138
KUXREC,TOVJAR,0.9081621414887756
KUXREC,REZXOK,0.8846630737113824
KUXREC,LARPEB,0.8705974995361893
KUXREC,UFIKIG,0.8678801629381642
DUVNIS,DUVNIS01,0.9999982638589344
WEMKEG,HURGOR,0.8997011446370989
WEMKEG,DERBIO,0.8995844736842411
WEMKEG,VEFMAW,0.8651392720523388
WEMKEG,AXINAX01,0.864999739123092
WEMKEG,NIGPEA,0.8630173612687211
WEMKEG,DIBQOW,0.8622827715580847
WEMKEG,MIHJUL,0.8618236892955777
WEMKEG,GEPBEK,0.8604393644680599
EXOXUL,VEHJUP,0.915871291941008
EXOXUL,ULISOZ,0.9130022629502622
EXOXUL,REGREC,0.9118012236128744
EXOXUL,NANYUX01,0.9073121614703644
EXOXUL,VEHKAW,0.9071540258087962
NIWYOJ,NANYUX01,0.9999579675886836
NIWYOJ,VEHKAW,0.9999569324338412
NIWYOJ,REGREC,0.9997278110531698
NIWYOJ,ULISOZ,0.9994524315185918
NIWYOJ,VEHJUP,0.9981726571636153
NIWYOJ,QUQFEO,0.932940418251566
NIWYOJ,QOPZIF,0.9184806100146196
NIWYOJ,JOVYAW,0.9082390577609548
NIWYOJ,FUDGIW,0.9081792448421272
NIWYOJ,KEFBOO,0.8999763491526345
NIWYOJ,DUNXUH13,0.8972445330254927
NIWYOJ,EGIKUB01,0.8945849608634715
NIWYOJ,DITTEH,0.8870464595758801
NIWYOJ,DOYHIK,0.8775586554182808
NIWYOJ,FIJCUX01,0.8749933847255964
NIWYOJ,NASROR,0.8749106536060836
NIWYOJ,GATBUZ,0.8745680432000631
NIWYOJ,REDROI,0.8743647617481446
NIWYOJ,MIBQAR12,0.871461192506404
NIWYOJ,MIBQAR01,0.871381384930388
NIWYOJ,LAWGOG,0.8713450319107703
NIWYOJ,NUFCAU,0.8672803503631832
HIQNOM,HIQNUS,0.9985699228311764
PIWLAL,OMUSAS,0.8271257617654053
PIWLAL,ROZXEL,0.9999977763372324
PIWLAL,BABRII,0.9551715044827878
PIWLAL,UYAPOA,0.9483026828939508
PIWLAL,ORIBAU,0.9471607277426408
PIWLAL,GATBUZ,0.946778762177622
PIWLAL,VEGMOK04,0.9467779349066252
PIWLAL,REDROI,0.9465740262875416
PIWLAL,IFABIA01,0.9461940599436937
PIWLAL,MIBQAR12,0.943666433179307
PIWLAL,MIBQAR07,0.9436605500958252
PIWLAL,LAWFOF,0.9435651524673576
PIWLAL,LAWGOG,0.9435501315867376
PIWLAL,SAHYIK,0.9435223219176192
PIWLAL,XAFFAN,0.922434283828975
PIWLAL,WUMDIT,0.922029029031406
PIWLAL,NOXMAQ,0.9219966912747684
PIWLAL,QEDZEG,0.914262432786608
PIWLAL,NIKHAS,0.9041321667032992
PIWLAL,IGUFOH,0.8996716182205104
PIWLAL,OKELOH,0.8852427108829767
PIWLAL,ACODIH,0.8849407009760063
PIWLAL,HUTZAX01,0.8650056322801254
PIWLAL,VIKBUP,0.8649731057373268
PIWLAL,ODODIW,0.8647577323322835
PIWLAL,QIWCUW,0.8595837731801106
AVUCEA,TIVYAZ,0.9999499090918952
TONBOO,XIHSAJ,0.9992350138104862
TONBOO,XIHSEN,0.9991930580153215
TONBOO,XIHSAJ01,0.9991783732518468
TONBOO,XIHSEN01,0.9991451762723416
TONBOO,FILYEG,0.8632901073826321
TONBOO,MOXDEJ,0.862823065887982
TONBOO,COXFOL,0.8623722453402458
TONBOO,XADDOX,0.8617456169207637
TONBOO,HABZEQ,0.8608790662105651
TONBOO,XUZRIU,0.8607245178353341
TONBOO,WIMWEW,0.8606906762870288
TONBOO,XEVSIB01,0.8596217501121468
JEDVEW,MITSAK,0.9999870045452204
ECODIK,NIHDIU,0.9999896530296066
ECODIK,QERZUI01,0.9999888467358972
ECODIK,UGEPEB01,0.999968179772498
ECODIK,BAHGUN04,0.9999199487442266
ECODIK,BAHGUN03,0.9999044706019892
ECODIK,QERZUI,0.9998995501943102
ECODIK,BAHGUN,0.9998821180268662
ECODIK,BAHGUN01,0.9998775828038812
ECODIK,HAWZEM,0.9998635906887494
ECODIK,UGEPEB,0.999855204739264
ECODIK,UFUMUD,0.9998392758759618
ECODIK,EGOZAB,0.999815829389799
ECODIK,POFDIZ,0.9993535517792286
ECODIK,KAKTIA,0.998796568074075
ECODIK,VOJPUG01,0.9979664848192358
ECODIK,NELCEN,0.9957783050338292
ECODIK,QIWQES,0.9911787532877088
ECODIK,IXAJUN,0.8791470749610522
ECODIK,NAPSUV,0.8651608164333254
ECODIK,EDOSEY,0.8641459871841293
DOTSOV34,DOTSOV33,0.9999999988398368
DOTSOV34,DOTSOV01,0.9999999996025484
NIHDEQ,UFUNIS,0.9999878915246848
NIHDEQ,UGEPEB01,0.999926123162344
NIHDEQ,NIHDIU,0.9999127897252796
NIHDEQ,UGEPEB,0.9998875910293404
NIHDEQ,BAHGUN04,0.999772263005658
NIHDEQ,BAHGUN03,0.9997463163009626
NIHDEQ,BAHGUN02,0.9997381124959992
NIHDEQ,UFUMUD,0.9997370097828864
NIHDEQ,BAHGUN,0.999710881886696
NIHDEQ,EGOZAB,0.9996136803460172
NIHDEQ,UFUNAK,0.999085606538164
NIHDEQ,POFDEV,0.9981169034108728
NIHDEQ,AHEMEG,0.9975016285328506
NIHDEQ,IPINAY,0.9974040603577417
NIHDEQ,VOJPUG01,0.9973736524300048
NIHDEQ,POFDOF,0.9963996526344996
NIHDEQ,POFFAT,0.9960994754846616
NIHDEQ,NELCEN,0.9949520900007498
NIHDEQ,QIWQES,0.990004463137328
NIHDEQ,IXAJUN,0.8789640875442223
NIHDEQ,JALPAQ,0.8787237493036985
NIHDEQ,NAPSUV,0.8641734013742968
NIHDEQ,EDOSEY,0.8630842524197487
IQOKIK,XUDSUK,0.9053034667973404
IQOKIK,OCAKUB,0.8629088700537694
IQOKIK,VUQKAU01,0.8618024481024658
IQOKIK,DAWCOV,0.8611096431341652
POFFEX,NELCEN,0.9999794967599068
POFFEX,POFDOF,0.999755856811861
POFFEX,IPINAY,0.9993908761356234
POFFEX,VOJPUG01,0.9993452147953352
POFFEX,AHEMEG,0.9993424465975612
POFFEX,POFDEV,0.9988803259179097
POFFEX,UFUNAK,0.997940721779586
POFFEX,POFDIZ,0.9977668444673532
POFFEX,BAHGUN,0.9965621057540526
POFFEX,QERZUI,0.996463676675954
POFFEX,BAHGUN03,0.996433231764111
POFFEX,BAHGUN04,0.996335968855458
POFFEX,BAHGUN02,0.9961570102503584
POFFEX,UFUMUD,0.9955062924274974
POFFEX,UGEPEB01,0.9950812812309712
POFFEX,UFUNIS,0.9944613246213604
POFFEX,UGEPEB,0.9940475716368592
POFFEX,JALPAQ,0.8766095210706676
POFFEX,IXAJUN,0.8759846100905586
POFFEX,NAPSUV,0.8712241247235145
GUDCIT,HIQNUS,0.9536780723048028
CUPHUS,KOGYIP,0.9999992327573016
CUPHUS,PEKZIP,0.9999861976524158
CUPHUS,RAGREY,0.9999414439427308
CUPHUS,KIKRAA,0.9997073182510686
CUPHUS,LIRVAK,0.99956453797725
CUPHUS,XIQZIH,0.9991617073354232
CUPHUS,ASUKEE01,0.9987506699579912
CUPHUS,FITSAD,0.9984886347525734
CUPHUS,OJOQAF01,0.9941521893381988
ASUKEE,ASUKEE01,0.9999991907903646
LAWGOG,MIBQAR01,0.9999999053931596
LAWGOG,PEVQIS,0.9999988489243112
LAWGOG,MIBQAR07,0.999998432140556
LAWGOG,IFABIA01,0.998888938104564
LAWGOG,REDROI,0.9987443445895344
LAWGOG,VEGMOK04,0.9984235495068208
LAWGOG,GATBUZ,0.9984219765108384
LAWGOG,FIJCUX01,0.9960302270454956
LAWGOG,ORIBAU,0.995407546249341
LAWGOG,BOLPAU,0.9067501188090096
LAWGOG,ODODIW,0.9065827223643708
LAWGOG,HUTZAX01,0.905884827766198
LAWGOG,JENKET,0.9036493243807138
LAWGOG,JEDDII,0.8971897940443769
LAWGOG,SACHIP,0.8960800448820019
LAWGOG,DITTEH,0.8853064853241219
LAWGOG,UKOLOV,0.8851656322949882
LAWGOG,DARYIF,0.8842470670810565
LAWGOG,MIMRAB01,0.8842342051135593
LAWGOG,WORKUL,0.8842200315830063
LAWGOG,NIKHAS,0.8840107975133373
LAWGOG,QAQSAD,0.8822299702561266
LAWGOG,IDIXAU,0.8778288652411161
LAWGOG,WUMDIT,0.8765823689983085
LAWGOG,VEHJUP,0.8746847534886533
LAWGOG,IJEXIF01,0.8744440598772567
LAWGOG,NIWYID,0.8737720029155693
LAWGOG,ULISOZ,0.8736229420548705
LAWGOG,REGREC,0.8730636087982764
LAWGOG,RUPVAB,0.8715276314498267
LAWGOG,NOXMAQ,0.8708252374132375
LAWGOG,NANYUX01,0.8706077851933949
LAWGOG,VEHKAW,0.8705225492112119
LAWGOG,NANYUX03,0.8704825082059516
LAWGOG,NENHEU,0.8684381397623022
LAWGOG,OKELOH,0.8666905912867741
LAWGOG,SAVMAE,0.8642421233757378
LAWGOG,XEGWIS,0.862544493935461
LAWGOG,KAHMOW,0.8625286530484143
LAWGOG,XEGXIT,0.8625137741815879
LAWGOG,XEGWAK,0.8625014981630905
LAWGOG,DUFLOH,0.8608943950724104
LAWGOG,EGIKUB01,0.8606713436581812
YOZPAG,DIHVIB,0.9999962202174184
YOZPAG,YOZNAE,0.9999953708477888
YOZPAG,YOZMOR,0.9999936802926976
YOZPAG,YOZMIL,0.999987163650939
YOZPAG,XAMDUM06,0.9999831860711808
YOZPAG,LUDLED,0.9999821797295868
YOZPAG,YOZMEH,0.9999792954604164
YOZPAG,DIHVIB01,0.999979176626876
YOZPAG,XAMDUM01,0.9999767446069912
YOZPAG,RILFEA,0.9999766238503658
YOZPAG,XAMDUM03,0.9999653679492796
YOZPAG,XAMDUM04,0.9999561054422104
YOZPAG,XAMDUM05,0.9999535663186984
YOZPAG,XAMDUM02,0.9999367465105476
YOZPAG,TISPAO,0.9999041678122054
YOZPAG,DOTSOV13,0.9998605052342864
YOZPAG,DOTSOV10,0.9998597721084346
YOZPAG,DOTSOV08,0.999859086320902
YOZPAG,DOTSOV16,0.9998590738007326
YOZPAG,DOTSOV12,0.999859072527398
YOZPAG,QAWHIH,0.999453206811525
YOZPAG,WULJUJ,0.9987213335436798
YOZPAG,DOTSOV02,0.9986993106854208
YOZPAG,QIZLIW,0.9981130202812232
YOZPAG,GAVDUD,0.9958088621154308
YOZPAG,NEHZUY,0.9957385965411788
YOZPAG,OHOMIH,0.9931026127449718
YOZPAG,YOZNOS,0.9921048057385322
YOZPAG,YOZMUX,0.9884082097105962
YOZPAG,LASYOU,0.9467526433865232
YOZPAG,DALSOA,0.9329269855849353
YOZPAG,BABREE,0.9318152681124968
YOZPAG,MIKVEK,0.9293043307376968
YOZPAG,EXOYAS,0.9195078657082736
YOZPAG,IWEVAJ,0.9186105183913468
YOZPAG,RAWYAS,0.918566123832952
YOZPAG,OFOCUI,0.907804106290062
YOZPAG,EXOGAB,0.9074525563098416
YOZPAG,HANWAW,0.9059429168273048
YOZPAG,HUCBOX02,0.8972158046714207
YOZPAG,IPUPIU,0.8872083628874947
YOZPAG,WANJIF,0.8847824294701845
YOZPAG,XEDMEB,0.884512913843479
YOZPAG,ADONEP,0.8842806006352419
YOZPAG,EXAXAE03,0.8812111837626848
YOZPAG,EMUBIZ,0.8811738260486981
YOZPAG,ANUGOG,0.8778582755394566
YOZPAG,ANUGIA,0.877683608597509
YOZPAG,LAQNID,0.8689656525806481
DOTSOV13,DOTSOV16,0.999999996345504
DOTSOV13,DOTSOV14,0.9999999883813856
DOTSOV13,XAMDUM03,0.999964878687892
DOTSOV13,XAMDUM04,0.9999629273902428
DOTSOV13,XAMDUM02,0.9999572542583208
DOTSOV13,LUDLIH,0.999956706300112
DOTSOV13,RILFEA,0.9999513286864504
DOTSOV13,XAMDUM01,0.9999511468139785
DOTSOV13,DIHVIB01,0.999947453208771
DOTSOV13,UXISUR,0.9999472973008704
DOTSOV13,YOZMEH,0.999947275577194
DOTSOV13,LUDLED,0.9999423922200792
DOTSOV13,XAMDUM06,0.9999405419175856
DOTSOV13,YOZNIM,0.9999351082384044
DOTSOV13,YOZMIL,0.9999319105416774
DOTSOV13,XAMDUM07,0.9999295450412188
DOTSOV13,YOZNAE,0.9999066865951536
DOTSOV13,EBAMUS,0.9998460381549322
DOTSOV13,TISPAO,0.9995335487462566
DOTSOV13,QAWHIH01,0.99880874625285
DOTSOV13,OQIZUL,0.9977853727859848
DOTSOV13,NEHZUY,0.9971366817230428
DOTSOV13,QIZLOC,0.9950699691800589
DOTSOV13,OHOMIH,0.9949146604645444
DOTSOV13,YOZNOS,0.9911964497439818
DOTSOV13,BABREE,0.9324927482608424
DOTSOV13,ORAWAH,0.9316935197310944
DOTSOV13,MIKVEK,0.9305976339800696
DOTSOV13,EXOYAS,0.919935005523188
DOTSOV13,RAWYAS,0.9193462524917162
DOTSOV13,IWEVAJ,0.9187165718522072
DOTSOV13,EXOGAB,0.9079786101296736
DOTSOV13,YUGLES,0.9076876967281746
DOTSOV13,NUTQAV,0.9074244963900756
DOTSOV13,HANWAW,0.9069263180542186
DOTSOV13,PIDRAY,0.901141514512265
DOTSOV13,MOFGOE,0.8962926707154408
DOTSOV13,HOYQIX,0.8869733195055192
DOTSOV13,IPUPIU,0.8868449115294754
DOTSOV13,IPUPOA,0.8856102007610225
DOTSOV13,WANJIF,0.8849300961952113
DOTSOV13,ADONEP,0.8846745404238909
DOTSOV13,EXAXAE03,0.8825366348140185
DOTSOV13,ANUGOG,0.8779622052480925
DOTSOV13,ANUGIA,0.8771485642246896
DOTSOV13,LAQNID,0.86924125279285
DOTSOV13,KIRFOI,0.8666183280786368
DOTSOV13,OGEBAF,0.8593802265866202
DOTSOV13,JALPAQ,0.8588792537725163
VURMOL,SAVMAE,0.8911833201937668
XUZRIU,HABZEQ,0.999506573398272
XUZRIU,XEVSIB01,0.9992991469303234
XUZRIU,YIPFIO,0.9003776994137992
XUZRIU,TAHYUZ,0.8647796725822494
XUZRIU,BUKLOJ,0.8642356648223602
XUZRIU,IGAHED02,0.8642298568348459
XUZRIU,OCACUR,0.864195482983499
XUZRIU,UGECEO01,0.8641539915131358
XUZRIU,UGECEO03,0.8641040860807264
XUZRIU,VEFLUP,0.8616624357555542
XUZRIU,XIHSAJ01,0.8616348624289655
XUZRIU,XIHSEN01,0.8616343077301117
XUZRIU,XIHSAJ,0.8615709024272428
XUZRIU,KUHNEI,0.8594000247893206
WIMWEW,XADDUD,0.9995552933760864
WIMWEW,MOXDEJ,0.9987787468746804
WIMWEW,FILYEG,0.9987678398096914
WIMWEW,XAPSIS,0.896753512899452
WIMWEW,PUNYED,0.8919388041115901
WIMWEW,FUMJAZ,0.8632123771564341
WIMWEW,XIHSEN01,0.8612364705647606
WIMWEW,XIHSEN,0.8609274919290861
ACODIH,WUMDIT,0.975395002978058
ACODIH,EKEKEL,0.9079964272912132
ACODIH,REDROI,0.8971022505864619
ACODIH,ORIBAU,0.8970859282037119
ACODIH,IFABIA02,0.8968286662975296
ACODIH,IFABIA01,0.8968056949797936
ACODIH,PEVQIS,0.894834375045895
ACODIH,MIBQAR12,0.8948285662135188
ACODIH,MIBQAR07,0.8948237736663568
ACODIH,MIBQAR01,0.8947609331843914
ACODIH,SAHYIK,0.8947065980585649
ACODIH,ROZXEL,0.8849661403777787
IFABIA01,IFABIA02,0.9999991853756308
IFABIA01,GATBUZ,0.9997748731245576
IFABIA01,PEVQIS,0.9989589533324696
IFABIA01,MIBQAR12,0.99894792730938
IFABIA01,MIBQAR01,0.9989089616367284
IFABIA01,LAWFOF,0.9988962353000346
IFABIA01,SAHYIK,0.9988841629679452
IFABIA01,FIJCUX01,0.9988261557380228
IFABIA01,ORIBAU,0.9984996286766492
IFABIA01,BOLPAU,0.9082125510983224
IFABIA01,BABRII,0.9080646144120728
IFABIA01,HUTZAX01,0.907787690862908
IFABIA01,UYAPOA,0.9047719352893364
IFABIA01,JEDDII,0.8964205513010283
IFABIA01,QEDZEG,0.8948092069408848
IFABIA01,SACHIP,0.8927531613860147
IFABIA01,DITTEH,0.8869736976682011
IFABIA01,NIKHAS,0.8864953818855015
IFABIA01,EKEKEL,0.8863396466282802
IFABIA01,MIMRAB01,0.8850569142693242
IFABIA01,WORKUL,0.8849246440239731
IFABIA01,IDIXAU,0.8819899044668664
IFABIA01,ZARLIP,0.876664280772082
IFABIA01,NIWYID,0.8748439895457569
IFABIA01,ULISOZ,0.874817974832706
IFABIA01,NANYUX03,0.8735520024307352
IFABIA01,NENHEU,0.8720549602728972
IFABIA01,GADROU,0.8692521455592237
IFABIA01,OKELOH,0.8687299028604535
IFABIA01,AXOCEW,0.868713008241263
IFABIA01,XEGWIS,0.8665126702656135
IFABIA01,XEGWAK,0.8664945661841641
IFABIA01,XEGXIT,0.8664934793558939
IFABIA01,IGUFOH,0.8617701590910505
IFABIA01,HUVGEM,0.8602967270337871
IFABIA01,XENMIO,0.8602858221618305
IFABIA01,YICQOS,0.8599270750654511
GOQTIR,WUZGEF,0.8424253482628143
GOQTIR,JUXZIN,0.9996610380992152
GOQTIR,FELXOM,0.9515916695867151
GOQTIR,FONQAC,0.9313674494749976
GOQTIR,FALGIK,0.8849360342363773
GOQTIR,RUXWEM03,0.8849037698909055
GOQTIR,YICRAF,0.8758825836520043
GOQTIR,DAPYAW,0.8747104941297625
GOQTIR,GOYLUB,0.8676435016721764
DUNXUH06,DUNXUH15,0.9999978052665944
MIHJUL,HELDOT,0.999995293532112
MIHJUL,DIBQOW,0.9999828408252992
MIHJUL,DIBQIQ,0.998895049036596
MIHJUL,NIGPAW,0.9784027098314784
MIHJUL,HURGOR,0.9548021443063616
MIHJUL,BUKLOJ,0.8989024645741002
MIHJUL,DIDBEZ,0.8828905924065003
MIHJUL,DIDBID,0.8827954973170319
MIHJUL,CAQKAJ,0.8762137480846645
MIHJUL,CAQKAJ01,0.8758445846352567
MIHJUL,TAHYUZ,0.8745023839002364
MIHJUL,HALVEY,0.8739133589363504
MIHJUL,YATDOP,0.8708072547027318
MIHJUL,XALMOO,0.8677155807853643
MIHJUL,FEVDER,0.8648297203959178
WEBLAQ,TOFQEM,0.999366679189949
WEBLAQ,RIGHAR,0.9990556232081348
WEBLAQ,ROCZEQ,0.9989822299470256
WEBLAQ,AVAQIX,0.9964658026048006
WEBLAQ,IGUTUB01,0.9202896074904968
WEBLAQ,XEFGUN01,0.8841303768818114
WEBLAQ,CIKCOQ,0.8778860802102212
VAKLIF,YINPEQ,0.999898909014133
VAKLIF,QUSBIQ,0.9991732678420248
VAKLIF,XEFGUN01,0.9969786776694884
VAKLIF,GOYLUB,0.995172447410222
VAKLIF,FALGIK,0.9471289047953751
VAKLIF,RUXWEM03,0.9447191723046198
VAKLIF,MINBEQ,0.9195153831576808
VAKLIF,WUHMOD,0.9081630117041148
VAKLIF,ENITEB,0.9072909362973354
VAKLIF,YUYGOQ,0.907278450174516
VAKLIF,AJAKON,0.9065453922503935
VAKLIF,ODIXAC,0.9054562365505068
VAKLIF,POKZOG,0.905003342474614
VAKLIF,PIKYIU,0.9033232857230244
VAKLIF,DELGIN,0.8867759505805475
VAKLIF,QEKLID,0.8867123260069053
VAKLIF,AWEJIW,0.8865514226951969
VAKLIF,LUWKIZ,0.8831997487408558
VAKLIF,KEJBOQ,0.879694790853512
VAKLIF,AVAQIX,0.8780936900215194
VAKLIF,IGUVIR,0.8761463913328325
VAKLIF,IGUTUB,0.8755935058439404
VAKLIF,MITSIS,0.8749992011279952
VAKLIF,PARKUQ01,0.874949192615758
VAKLIF,KUJMIN,0.8749197958568008
VAKLIF,YEYRAY,0.8747926152462493
VAKLIF,CEHKUW,0.874305838968635
VAKLIF,SIZGEO,0.8741992285237931
VAKLIF,NABLIM,0.8731567336738963
VAKLIF,IGUTUB01,0.87157303817854
VAKLIF,MUXVIM,0.8662430895936317
VAKLIF,EKUNON02,0.8618343527241896
VAKLIF,EKUNON,0.8617198138954077
VAKLIF,EKUNON01,0.8616233176897214
VAKLIF,REFWIL,0.8608518128886609
VAKLIF,TULLIX,0.8608232952123405
VAKLIF,ULOGIL,0.860491131362878
VUQJUN01,VUQKAU01,0.9981664568441648
VUQJUN01,MAHTAR,0.9461332192037084
VUQJUN01,LUSHOX02,0.9457871210407592
VUQJUN01,XUDSUK,0.9456993910865942
VUQJUN01,DADLEC,0.9224219407061738
VUQJUN01,ENISUQ,0.8651381352649058
VUQJUN01,DAWCOV,0.864871927981935
VUQJUN01,MIQCUL,0.8646841649433897
HIYZEV01,ABAYIO,0.8962308374325056
HIYZEV01,PUNYIH,0.8952126981347202
HIYZEV01,WEYQAU16,0.8858458641769033
HIYZEV01,BETZOR,0.8847934170213655
HIYZEV01,WEYQAU02,0.882917889077522
HIYZEV01,WEYQAU06,0.8827681833826944
HIYZEV01,REZFEK,0.8641094149164931
ROLCEC16,ROLCEC01,0.999999759402812
ROLCEC16,ROLCEC09,0.9998963144367692
ROLCEC16,MACUFR06,0.9980542626841268
ROLCEC16,MAGNEQ01,0.997530139947674
EZINAE,WORKUL,0.9120085084969308
EZINAE,MIMRAB01,0.91176775180896
EZINAE,IDIXAU,0.9108159247416016
QOZSIJ,KEPKUO,0.9111588529026052
QOZSIJ,BABRII,0.8854392399496949
QOZSIJ,UYAPOA,0.8777936155525384
QOZSIJ,IQOJAB,0.867210333703521
PUNYIH,WEYQAU01,0.9945151619883528
PUNYIH,WEYQAU06,0.9939217848092236
PUNYIH,WEYQAU09,0.993403287667538
PUNYIH,BIYTOU,0.8839637990740644
PUNYIH,GELVEZ02,0.8827037061907266
PUNYIH,XUDSUK,0.8748999012698513
PUNYIH,MAHTAR,0.874755387507447
PUNYIH,DIJCOP,0.8732184931278584
PUNYIH,GOVWOF,0.8608273101594794
REFWIL,FOKWUZ,0.9733659350923038
REFWIL,FOKWOT,0.971502340237677
REFWIL,JUQSIZ,0.958085419931196
REFWIL,POKZOG,0.957371862470876
REFWIL,TULLIX,0.9556523692710543
REFWIL,ESADUZ01,0.9491622266049424
REFWIL,WUHMOD,0.9479575463750984
BOWDIC,BOWDUO,0.9999972601045714
BOWDIC,BOWDOI,0.9999918987003344
BOWDIC,VEDGAO,0.9999837081967196
BOWDIC,EXUXEC,0.999978452081606
BOWDIC,VEDFOB,0.9999747475296744
BOWDIC,VEDFER,0.9999722438871288
BOWDIC,VEDFIV,0.999952887122611
BOWDIC,VEDGIW,0.9999407853617666
BOWDIC,VEDGES,0.9999332785102716
BOWDIC,VODNOS,0.9999314534249606
BOWDIC,OJOBAS,0.9998662187306268
BOWDIC,ABAVIJ,0.9995237141401738
BOWDIC,TATSIS,0.9993752224596314
BOWDIC,ERUNUC,0.9231793399729432
BOWDIC,CAXZOS,0.9231340827448706
BOWDIC,DIDBEZ,0.9229149951661072
BOWDIC,DIDBID,0.9228416436927108
BOWDIC,FEVDER,0.8792508854529414
BOWDIC,BAKJOO,0.8790128324561618
BOWDIC,LIDSIC,0.8788955761186827
BOWDIC,XALMOO,0.8601881109943922
BOWDIC,YATDOP,0.859896078111415
QIYDIN,QIYDAF01,0.9979908741283268
QIYDIN,FAGQAI,0.997457609604466
QIYDIN,YUGLES,0.8854945663779984
QIYDIN,SEMNIJ,0.8850777454518686
QIYDIN,LURRIA,0.882027439671478
NOXMAQ,ROZXEL,0.9219226687102988
NOXMAQ,JENKET,0.8854769750871319
NOXMAQ,BABRII,0.882207138227174
NOXMAQ,XAFFAN,0.8808048781506492
NOXMAQ,ORIBAU,0.8776814085685528
NOXMAQ,FIJCUX01,0.8774976769076944
NOXMAQ,GATBUZ,0.8759464918220666
NOXMAQ,VEGMOK04,0.8759447129778059
NOXMAQ,REDROI,0.8755342219478262
NOXMAQ,IFABIA02,0.8749799614924499
NOXMAQ,VUSKEA,0.871089919723732
NOXMAQ,PEVQIS,0.8709970580204475
NOXMAQ,MIBQAR12,0.8709873913497251
NOXMAQ,MIBQAR07,0.8709799490084321
NOXMAQ,SAHYIK,0.8707868639745973
NOXMAQ,DITTEH,0.8643612539763463
FOKWUZ,TULLIX,0.9930771247130532
FOKWUZ,JUQSIZ,0.9422665949753376
FOKWUZ,POKZOG,0.9422560985286256
FOKWUZ,WUHMOD,0.9391439413740597
YEYRAY,PARKUQ,0.999948437326195
YEYRAY,PARKUQ01,0.9999469650393312
YEYRAY,ODOXEK,0.9998129733570688
YEYRAY,MITSUE,0.9998023420658247
YEYRAY,MITSIS,0.9997689700508146
YEYRAY,SIZGEO,0.9996628995148064
YEYRAY,FUMJAA,0.9996226422701088
YEYRAY,LIQFEY,0.9081702485688083
YEYRAY,FESYEK,0.908079061390804
YEYRAY,MICJOA,0.9080141769350292
YEYRAY,GERWOR,0.907322066068953
YEYRAY,QEKLID01,0.8872185693781629
YEYRAY,QEKLID,0.8872020870457844
YEYRAY,FIPKOG01,0.861156582397056
YEYRAY,KETHEY,0.8589559757390429
YEYRAY,CIKCOQ,0.858920287825027
NUCPIM,DOYHOQ,0.9065563431212602
NUCPIM,DOYHIK,0.9023678443128298
NUCPIM,APACAX,0.8845391036264171
NUCPIM,DITTEH,0.8719182254418276
NUCPIM,QUQFEO,0.8664074380990862
IPIJAT,HAZNON,0.8721741360810877
IPIJAT,KULMIP,0.8718864755388153
OGEBAF01,OGEBAF,0.9999737726608168
OGEBAF01,FAGQAI,0.9550147541366454
OGEBAF01,QIYDIN01,0.9498660791723958
OGEBAF01,YUGLES,0.9377569705842308
OGEBAF01,NUTQAV,0.9370555067563686
OGEBAF01,LURRIA,0.9240983590850732
OGEBAF01,QIZLIW,0.8610047920693165
OGEBAF01,DOTSOV12,0.859227964974687
OGEBAF01,DOTSOV08,0.8592279361104532
OGEBAF01,DOTSOV14,0.8592257027305927
OGEBAF01,DOTSOV10,0.8592253989857627
OGEBAF01,DOTSOV02,0.8591807061121755
OGEBAF01,EBAMUS,0.858856223703049
DEKBON,LAYXAN,0.999804610096784
DEKBON,LAYXER,0.9990755660531704
DEKBON,ANUGEW,0.9984758327291976
DEKBON,NAFSOF,0.974115076727907
DEKBON,BAZGAM,0.9719915750884648
DEKBON,KIJRUS,0.96922868712134
DEKBON,HOYQIX,0.965070195842212
DEKBON,QOWRAV10,0.9488074207629248
DEKBON,QOWRAV09,0.9487836260256436
DEKBON,QOWRAV11,0.9487699511406108
DEKBON,QOWRAV08,0.9487422128013744
DEKBON,QOWRAV07,0.948713335173173
DEKBON,QOWRAV03,0.9486220575320362
DEKBON,QOWRAV02,0.9486039038221412
DEKBON,EXOGAB,0.9437006985989148
DEKBON,MIKVEK,0.9181714680710988
DEKBON,LASYOU,0.89105416231578
DEKBON,ENIHUG,0.8811512078511613
DEKBON,CEKHUY,0.8652808660355175
DEKBON,NEMCOA,0.865029473654099
DEKBON,LURRIA,0.8625927999137369
DEKBON,SIXNOF,0.8611783019199322
DEKBON,ASIVAB,0.8601359084166142
DOTSOV30,DOTSOV24,0.9999999966801396
DOTSOV41,DOTSOV39,0.9999998622471922
DADVAG,DADVAG02,0.9999974704634932
DADVAG,DADVAG05,0.9999967751977938
KAKTIA,KAKTIA01,0.9999959193818276
KAKTIA,POFDEV,0.9999789302372324
KAKTIA,VOJPUG01,0.999859544893523
KAKTIA,UFUNAK,0.999810055856211
KAKTIA,AHEMEG,0.9997756937747508
KAKTIA,POFDOF,0.9995001193300016
KAKTIA,BAHGUN,0.9994100470039304
KAKTIA,BAHGUN01,0.9994095698853837
KAKTIA,QERZUI,0.9993719714578684
KAKTIA,BAHGUN03,0.9993622213702192
KAKTIA,POFFAT,0.999358803496532
KAKTIA,BAHGUN04,0.9993175773145448
KAKTIA,NIHDIU,0.9989960104214008
KAKTIA,NELCEN,0.9988914162379134
KAKTIA,UGEPEB01,0.9988408125752452
KAKTIA,UGEPEB,0.9983613703570616
KAKTIA,QIWQES,0.9962279352695788
KAKTIA,NAPSUV,0.8691653808723646
LUSHOX02,MAHTAR,0.9999727833468744
LUSHOX02,ENISUQ,0.9070525654876792
LUSHOX02,DAWCOV,0.9052941920717896
LUSHOX02,PUGHAC,0.8961646903930356
LUSHOX02,IVELUS,0.8850469067867471
LUSHOX02,FEJFAE,0.8850115096421538
LUSHOX02,IVEMAZ,0.884940466541613
LUSHOX02,DADLEC,0.8756933842305784
LUSHOX02,ABAYIO,0.8743335381123335
LUSHOX02,WEYQAU16,0.8721466786910208
LUSHOX02,WEYQAU01,0.870984079332901
LUSHOX02,WEYQAU02,0.8705578970954257
LUSHOX02,WEYQAU06,0.8704737387949825
LUSHOX02,WEYQAU09,0.8700231252684977
LUSHOX02,XIHXET,0.868428593082666
LUSHOX02,MUMBIH,0.8610886551065291
YOZNIM,XAMDUM06,0.9999998682049756
YOZNIM,YOZMEH,0.9999993563616264
YOZNIM,UXISUR,0.9999993541330884
YOZNIM,DIHVIB01,0.9999993492728624
YOZNIM,XAMDUM01,0.9999988633873012
YOZNIM,RILFEA,0.9999988234663156
YOZNIM,YOZMOR,0.9999981070874876
YOZNIM,DIHVIB,0.9999967026436
YOZNIM,XAMDUM05,0.9999906511155204
YOZNIM,XAMDUM04,0.9999889013837936
YOZNIM,DOTSOV10,0.999934607894034
YOZNIM,DOTSOV14,0.9999345609447968
YOZNIM,DOTSOV12,0.99993414302117
YOZNIM,DOTSOV08,0.9999341393107452
YOZNIM,DOTSOV16,0.9999341307581648
YOZNIM,TISPAO,0.9998165456246604
YOZNIM,QAWHIH01,0.9992994672861611
YOZNIM,QAWHIH,0.9992635402141864
YOZNIM,WULJUJ,0.998874433792027
YOZNIM,OQIZUL,0.9984774615585952
YOZNIM,QIZLIW,0.9984247346950584
YOZNIM,NEHZUY,0.9962130169936976
YOZNIM,QIZLOC,0.9938834027288284
YOZNIM,OHOMIH,0.9937085702216324
YOZNIM,YOZNOS,0.9918583791912468
YOZNIM,YOZMUX,0.9880986358957422
YOZNIM,LASYOU,0.9465808593065684
YOZNIM,ORAWAH,0.9322132848215088
YOZNIM,BABREE,0.9320608491978676
YOZNIM,MIKVEK,0.9297460170380888
YOZNIM,RAWYAS,0.9188443135292528
YOZNIM,IWEVAJ,0.9186802677750782
YOZNIM,YUGLES,0.9080041406665844
YOZNIM,NUTQAV,0.9078217880214768
YOZNIM,HANWAW,0.9062866790281014
YOZNIM,PIDRAY,0.8997301336296697
YOZNIM,HUCBOX02,0.897291148402
YOZNIM,MOFGOE,0.8958220381477606
YOZNIM,KANMIX,0.8850657362484188
YOZNIM,IPUPOA,0.8848850054478307
YOZNIM,XEDMEB,0.8846771293287126
YOZNIM,ADONEP,0.8844387750707927
YOZNIM,ANUGOG,0.8779215677277427
YOZNIM,ANUGIA,0.8775436464863897
YOZNIM,NEMCOA,0.8744383738788498
FOKYIP,WAYKAK,0.9322970160239376
FOKYIP,ZEDVOV,0.8872430060702009
FOKYIP,FOCZEE,0.8839519826046367
FOKYIP,AMIXOK,0.8826197280907766
DUGDOA,DUGDOA01,0.9999628090595192
DUGDOA,HISSIN,0.9453077659794296
DUGDOA,WOJZIG,0.9385637403120376
DUGDOA,EXUTAU,0.9082275903038546
DUGDOA,EXUSUN,0.9082207534997896
DUGDOA,WECSAZ,0.9079176340777346
DUGDOA,EHAZES,0.9075700467555646
DUGDOA,WECSAZ01,0.9074029401543272
DUGDOA,YIXFOC03,0.9064580316138078
DUGDOA,EWASIG,0.8644163849504569
DUGDOA,VITYUU,0.8591585591691899
ABAVIJ,TATSIS01,0.9999004299011196
ABAVIJ,KEJWAY,0.999706924236577
ABAVIJ,TATSIS,0.9996448880919806
ABAVIJ,VEDFER,0.99950298798709
ABAVIJ,AHETAK,0.9994657496666944
ABAVIJ,BOWDUO,0.9994514218320588
ABAVIJ,VEDFUH,0.9994177756622956
ABAVIJ,VEDFAN,0.9994079221951266
ABAVIJ,VEDFIV,0.9994071425228368
ABAVIJ,VEDFOB,0.9993869609259748
ABAVIJ,VEDGAO,0.99937251129575
ABAVIJ,LASMAV,0.9993248771118444
ABAVIJ,VEDGES,0.9992613651924828
ABAVIJ,CIJBEE,0.9992213372567073
ABAVIJ,VEDGIW,0.9992174432562244
ABAVIJ,OJOBAS,0.9990337799955596
ABAVIJ,CEYPUT,0.9990227226285504
ABAVIJ,YIGGEB,0.9984896660039724
ABAVIJ,ABAVUV,0.9968944119405332
ABAVIJ,DIDBEZ,0.9229691291219826
ABAVIJ,DIDBID,0.9229579264745094
ABAVIJ,JODGIU,0.9229446988284148
ABAVIJ,ERUNUC,0.9222536235150708
ABAVIJ,BUKLOJ,0.884001825524784
ABAVIJ,FEVDER,0.8789365028642206
ABAVIJ,TIDNIF,0.8781609219054538
ABAVIJ,BAKJOO,0.8780421907983549
ABAVIJ,LIDSIC,0.8778287761329054
ABAVIJ,BAKJEE,0.877530855885359
ABAVIJ,XALMOO,0.8599843390136832
ABAVIJ,YATDOP,0.8588255060238011
JEDVUM,CIPLIX,0.999999640385709
JEDVUM,XAPSIS,0.9998966803543122
JEDVUM,PUNYED,0.9911965650338452
JEDVUM,ABAYOU,0.99035292572641
JEDVUM,FILYAC,0.8966414488863742
JEDVUM,DAFHEZ,0.8950875504102812
JEDVUM,XADDUD,0.894953164888921
JEDVUM,FILYEG,0.8936027349033698
JEDVUM,MOXDEJ,0.8935321149388974
JEDVUM,FISQEG,0.8834243588074177
JEDVUM,XUDVAV,0.8757983551372907
JEDVUM,LIDSIC,0.8606928638073609
JEDVUM,QUSVOQ,0.8606710483792503
JEDVUM,BAKJOO,0.860544808668758
AMOMUM,XACLOF,0.9996087331422217
XACLOF,NUDNUW01,0.9999932753004636
XACLOF,NUDNUW09,0.9999191862262056
XACLOF,PESTAL,0.9999091516122004
XACLOF,VICBEQ,0.999593457609643
XACLOF,CAJHUS01,0.9970344812981202
XACLOF,IZAKAX,0.996022975559684
KENVIL02,KENVOR01,0.9999982948259416
KENVIL02,KENVOR,0.9999917021160604
KENVIL02,KENTEF03,0.9999858242312376
MAGVOG30,MAGVOG31,0.9999999783927024
MAGVOG30,MAGVOG29,0.9999994176195972
MAGVOG30,MAGVOG28,0.999999403375898
MAGVOG30,ACAZEK,0.9970122625081808
UXISUR,DIHVIB01,0.9999999882559738
UXISUR,RILFEA,0.9999999198007932
UXISUR,LUDLED,0.9999998908789712
UXISUR,XAMDUM07,0.9999987136869756
UXISUR,LUDLIH,0.9999971482295064
UXISUR,YOZMOR,0.9999952910656262
UXISUR,XAMDUM05,0.9999948650308256
UXISUR,XAMDUM04,0.9999916200643666
UXISUR,XAMDUM02,0.9999774134415302
UXISUR,DOTSOV10,0.9999468462695936
UXISUR,DOTSOV14,0.9999467813269
UXISUR,DOTSOV08,0.9999464236927512
UXISUR,DOTSOV16,0.9999464159690488
UXISUR,DOTSOV12,0.9999464044527152
UXISUR,EBAMUS,0.999828425344713
UXISUR,QAWHIH01,0.999256798742127
UXISUR,DOTSOV02,0.9988741300363284
UXISUR,QIZLIW,0.9984871254435378
UXISUR,GAVDUD,0.9963752643365398
UXISUR,NEHZUY,0.9963099253423564
UXISUR,QIZLOC,0.9940053891894762
UXISUR,OHOMIH,0.9938330640494104
UXISUR,LASYOU,0.946539814896691
UXISUR,DALSOA,0.9329905095975656
UXISUR,ORAWAH,0.9321677186241992
UXISUR,MIKVEK,0.929835132193005
UXISUR,RAWYAS,0.9188996491503212
UXISUR,IWEVAJ,0.9186818098811336
UXISUR,YUGLES,0.90797867282295
UXISUR,PIDRAY,0.8998751072602884
UXISUR,MOFGOE,0.8958743254940285
UXISUR,HOYQIX,0.8871823428934525
UXISUR,KANMIX,0.8850596910232733
UXISUR,IPUPOA,0.8849623403487257
UXISUR,XEDMEB,0.8847083302142396
UXISUR,EXAXAE,0.8820804628103733
UXISUR,ANUGOG,0.8779313657801073
UXISUR,ANUGIA,0.8775104031266978
UXISUR,NEMCOA,0.8745318982700392
UXISUR,CEKHUY,0.8739889450417557
UXISUR,HIDTUM,0.8732355462951842
UXISUR,KIRFOI,0.8658199249392116
WORKUL,MIMRAB01,0.999855163304156
WORKUL,QAQSAD,0.9994178466531352
WORKUL,IDIXAU,0.996863802077941
WORKUL,REDROI,0.8850351958084063
WORKUL,VEGMOK04,0.8849679821501816
WORKUL,GATBUZ,0.8849675675540165
WORKUL,PEVQIS,0.8842790850125728
WORKUL,MIBQAR12,0.8842759525417573
WORKUL,MIBQAR07,0.8842726700522975
WORKUL,LAWFOF,0.8842273110244501
WORKUL,SAHYIK,0.8842063855514837
WORKUL,FIJCUX01,0.8839349761696165
WORKUL,NENHEU,0.8693787185111533
WORKUL,EGIKUB01,0.8634924857926259
WORKUL,SAVMAE,0.860689348059827
UHISEK,KAHWOG,0.999731118557613
UHISEK,OPENUT,0.9977657576415374
UHISEK,YIXFOC03,0.8601943902443181
UHISEK,WECSAZ01,0.8593430987987817
NOZZOT,ODIXAC,0.9999995462715984
NOZZOT,ODIXIK,0.9995352152537488
NOZZOT,ENITEB,0.999488612527806
NOZZOT,GOYLUB,0.907991094166656
NOZZOT,RUXWEM03,0.8651344163618206
NOZZOT,GERWOR,0.8610350471844208
VEHKAW,REGREC,0.9994707154282064
VEHKAW,NIWYID,0.9989792153009622
VEHKAW,RUPVAB,0.9842903050302984
VEHKAW,QUQFEO,0.932786720051386
VEHKAW,QOPZIF,0.9179264324414478
VEHKAW,FUDGIW,0.90802769062365
VEHKAW,DUNXUH15,0.8971377514755798
VEHKAW,DUNXUH13,0.8970783273565225
VEHKAW,EGIKUB01,0.8939295703445942
VEHKAW,DITTEH,0.8867983770769996
VEHKAW,DOYHIK,0.8777757681678043
VEHKAW,DOYHOQ,0.8755851397817824
VEHKAW,ORIBAU,0.8749976669600896
VEHKAW,FIJCUX01,0.8749829074610511
VEHKAW,GATBUZ,0.8742555853765667
VEHKAW,REDROI,0.8740007638616478
VEHKAW,IFABIA02,0.8736142717961979
VEHKAW,CUVTOD,0.8729329849455788
VEHKAW,VUSKEA,0.870732279100335
VEHKAW,MIBQAR12,0.8706510597623456
VEHKAW,MIBQAR07,0.870646819472904
VEHKAW,SAHYIK,0.8704928737609595
VEHKAW,NUFCAU,0.8659276014160056
VEHKAW,SOWCOY,0.8608837419324945
ENISUQ,MAHTAR,0.9073678120674212
ENISUQ,XUDSUK,0.9069715466707188
ENISUQ,DAWCOV,0.8607180969689969
XAMDUM02,XAMDUM04,0.9999963609022072
XAMDUM02,LUDLIH,0.9999906043847288
XAMDUM02,XAMDUM05,0.999983480913732
XAMDUM02,XAMDUM01,0.9999793416579232
XAMDUM02,DIHVIB01,0.9999783565949124
XAMDUM02,YOZMEH,0.9999774014444976
XAMDUM02,YOZMIL,0.9999750660464988
XAMDUM02,YOZNAE,0.9999609472938362
XAMDUM02,DIHVIB,0.9999590059275768
XAMDUM02,DOTSOV14,0.999957749249443
XAMDUM02,DOTSOV08,0.9999566473740678
XAMDUM02,DOTSOV16,0.9999566423700172
XAMDUM02,EBAMUS,0.9999295468282908
XAMDUM02,WULJUJ,0.9991883668573536
XAMDUM02,DOTSOV02,0.9991698049456018
XAMDUM02,QAWHIH,0.9990720087685008
XAMDUM02,OQIZUL,0.9982154805373916
XAMDUM02,GAVDUD,0.996625218771142
XAMDUM02,NEHZUY,0.9965577244408788
XAMDUM02,QIZLOC,0.9943592395268565
XAMDUM02,OHOMIH,0.9941689884309116
XAMDUM02,YOZNOS,0.9922822983798062
XAMDUM02,YOZMUX,0.9886021627463478
XAMDUM02,LASYOU,0.9464375177664714
XAMDUM02,DALSOA,0.9329908926903476
XAMDUM02,ORAWAH,0.932015950344287
XAMDUM02,MIKVEK,0.9300905857704288
XAMDUM02,EXOYAS,0.9197633037655072
XAMDUM02,IWEVAJ,0.9189956125701364
XAMDUM02,YUGLES,0.9078828822630046
XAMDUM02,HANWAW,0.9065759489712382
XAMDUM02,PIDRAY,0.9002575914585516
XAMDUM02,HUCBOX02,0.8973276893923251
XAMDUM02,HOYQIX,0.8871117898754958
XAMDUM02,WANJIF,0.8849848399663179
XAMDUM02,XEDMEB,0.8847705537150501
XAMDUM02,ADONEP,0.8846641856011301
XAMDUM02,EXAXAE03,0.8819898626351443
XAMDUM02,ANUGIA,0.877393079950788
XAMDUM02,NEMCOA,0.8747697453998216
XAMDUM02,CEKHUY,0.8742564660796992
XAMDUM02,LAQNID,0.869140475192351
XAMDUM02,KIRFOI,0.8660587577848737
XAMDUM02,OGEBAF,0.8589566203746049
DIBQEM,AXINAX01,0.9856460165336324
DIBQEM,DIBQIQ,0.9826033472488492
DIBQEM,NIGPEA,0.9765377738045712
DIBQEM,XUDVAV,0.9460096432348424
DIBQEM,HURGOR,0.9408523388084292
DIBQEM,FISQEG,0.9399588726992616
DIBQEM,NOMPIQ01,0.9100823232731616
DIBQEM,CAXZOS,0.874521442729695
DIBQEM,DIDBEZ,0.8717212312830803
DIBQEM,NIDFOX,0.8709852825853347
DIBQEM,DIQHAO01,0.8689594295135332
DIBQEM,VASYEW,0.8664807961470753
DIBQEM,HALVEY,0.8645987059524018
DIBQEM,TAHYUZ,0.8632504166831371
DIBQEM,CAQKAJ01,0.859251070423429
LIDSIC,TIDNIF,0.9972640802865562
LIDSIC,JODGIU,0.90895028000965
LIDSIC,DIDBEZ,0.908838650893862
LIDSIC,FUMJAZ01,0.9043663651368488
LIDSIC,FUMJAZ,0.9041854767656096
LIDSIC,FEYJOJ,0.900890800989496
LIDSIC,FISQEG,0.8946543527027183
LIDSIC,VASYEW,0.8897660573540872
LIDSIC,CEYPUT,0.8792248648662109
LIDSIC,OJOBAS,0.8792216666369794
LIDSIC,CEYPUT01,0.8792061142923846
LIDSIC,VEDGES,0.8791492034996381
LIDSIC,VEDGIW,0.8791415487309677
LIDSIC,VEDFOB,0.8790655633628519
LIDSIC,VEDGAO,0.8790386147112662
LIDSIC,VEDFER,0.879016777182245
LIDSIC,BOWDOI,0.8789999259302754
LIDSIC,BOWDUO,0.8789490024112049
LIDSIC,AHETAK,0.8789335018324235
LIDSIC,EXUXEC,0.8786901644254146
LIDSIC,KEJWAY,0.878221212907209
LIDSIC,TATSIS,0.8772783382418355
LIDSIC,LASMAV,0.876474949582105
LIDSIC,XAPSIS,0.8610273948688487
LIDSIC,CIPLIX,0.8607183361007473
IQAGEN,MEQPEG,0.8929359899109611
NIPWIT01,PASGEX04,0.8946364923311076
ECIWIW,POSGEL,0.8355818993969323
ECIWIW,IGUTUB,0.999940328442512
ECIWIW,IGUVIR,0.9998094216420396
ECIWIW,IGUTUB01,0.9994401396033432
ECIWIW,RIGHAR,0.923402504679454
ECIWIW,AVAQIX,0.9226587269872766
ECIWIW,RUXWEM03,0.92253377281175
ECIWIW,CIKCOQ,0.9094731719280368
ECIWIW,PIKYIU,0.8855420566968185
ECIWIW,XEFGUN01,0.8779623009719941
ECIWIW,GOYLUB,0.8777914571413016
ECIWIW,QEKLID,0.8649233727885484
ECIWIW,QEKLID01,0.8648660254866251
ECIWIW,NOLRIR,0.8620938470635771
ECIWIW,VOQBUZ,0.8593934652554409
ECIWIW,AWEJIW,0.8589751630713499
BABRII,JENKET,0.9981629915857252
BABRII,UYAPOA,0.9968122817141964
BABRII,ROZXEL,0.9552751882358904
BABRII,DITTEH,0.9476041878365528
BABRII,REDROI,0.9081368247172138
BABRII,IFABIA02,0.9080850060890138
BABRII,MIBQAR12,0.9076695577597786
BABRII,MIBQAR07,0.9076667722484588
BABRII,MIBQAR01,0.9076369081222222
BABRII,SAHYIK,0.907610227951134
BABRII,ORIBAU,0.9064154135659076
BABRII,QEDZEG,0.9025227089895144
BABRII,WUMDIT,0.8856103567045741
BABRII,XAFFAN,0.8835036730823118
BABRII,NIKHAS,0.8678844189171596
BABRII,YICQOS,0.867839365357642
BABRII,DUFLOH,0.8672786523659682
BABRII,BEWCUD,0.8620619319921321
JOQQAJ,VEGMIE,0.9999581737537868
CIKPEU,NOMPIQ01,0.9999983422127056
CIKPEU,FEXCAO01,0.9586181103396884
CIKPEU,DIBQIQ,0.9156491798480054
CIKPEU,NIGPEA,0.913194434959828
CIKPEU,NIGPAW,0.9130201867371036
CIKPEU,HELDOT,0.91116965887396
CIKPEU,DERBIO,0.902041043209016
CIKPEU,LUWZUZ01,0.8868541091919797
CIKPEU,LUWZUZ02,0.8867765144758194
CIKPEU,LUWZUZ,0.8867403529554505
CIKPEU,CAXZOS,0.8861448752331945
CIKPEU,JODGIU,0.8853753230175347
CIKPEU,DIDBEZ,0.8853443195774384
CIKPEU,DIDBID,0.8852754241202176
CIKPEU,ERUNUC,0.8852470570802495
CIKPEU,FISQEG,0.8729917864912393
CIKPEU,BUKLOJ,0.8608394009054642
JUQSIZ,POKZOG,0.9998861520598908
JUQSIZ,ESADUZ01,0.9975870521835836
JUQSIZ,TULLIX,0.9357838446831942
JUQSIZ,GOYLUB,0.9081278247720092
JUQSIZ,XEFGUN01,0.9081181989284696
JUQSIZ,REXYAX,0.8787193360183381
JUQSIZ,EREGOY,0.8601847970967076
DUFLOH,OKELOH,0.8741347183359673
DUFLOH,DITTEH,0.8699787317199696
DUFLOH,NIKHAS,0.8684994354769845
DUFLOH,UYAPOA,0.8682014773466465
DUFLOH,SAHYIK,0.8609090037430258
DUFLOH,MIBQAR07,0.8608995352495015
DUFLOH,LAWFOF,0.8608917299525356
DUFLOH,MIBQAR01,0.860890552673225
DUFLOH,PEVQIS,0.8608834535550135
DUFLOH,VUSKEA,0.8608656390198512
DUFLOH,IFABIA02,0.8595659656633068
DUFLOH,REDROI,0.8590782996213402
DOTSOV18,DOTSOV09,0.999999999716022
XAMDUM01,RILFEA,0.9999999906918924
XAMDUM01,DIHVIB01,0.999999932617887
XAMDUM01,LUDLED,0.9999996296244515
XAMDUM01,XAMDUM06,0.999999469661943
XAMDUM01,XAMDUM03,0.9999988645693942
XAMDUM01,YOZMIL,0.9999983468438252
XAMDUM01,XAMDUM07,0.9999980177416078
XAMDUM01,XAMDUM05,0.9999960321585616
XAMDUM01,YOZNAE,0.999992856823694
XAMDUM01,DOTSOV10,0.9999507125449136
XAMDUM01,DOTSOV14,0.9999506690496774
XAMDUM01,DOTSOV12,0.9999503061044944
XAMDUM01,DOTSOV16,0.99995029818333
XAMDUM01,EBAMUS,0.9998332782595692
XAMDUM01,TISPAO,0.999786538597886
XAMDUM01,QAWHIH01,0.9992419573088186
XAMDUM01,QAWHIH,0.9992046046139418
XAMDUM01,WULJUJ,0.9989104938259672
XAMDUM01,DOTSOV02,0.9988888661985192
XAMDUM01,GAVDUD,0.996407749159706
XAMDUM01,NEHZUY,0.99634259672852
XAMDUM01,QIZLOC,0.99404765423609
XAMDUM01,OHOMIH,0.9938754367791632
XAMDUM01,YOZNOS,0.9917769072913982
XAMDUM01,LASYOU,0.9465266594643832
XAMDUM01,BABREE,0.9321254327435344
XAMDUM01,EXOYAS,0.9197158033621398
XAMDUM01,RAWYAS,0.9189181578867732
XAMDUM01,NUTQAV,0.907776649639526
XAMDUM01,HANWAW,0.9063786424505444
XAMDUM01,PIDRAY,0.8999241186168403
XAMDUM01,MOFGOE,0.8958917458290214
XAMDUM01,HOYQIX,0.8871764345180146
XAMDUM01,KANMIX,0.8850575052678369
XAMDUM01,WANJIF,0.8848779202449155
XAMDUM01,ADONEP,0.8844771876560673
XAMDUM01,EXAXAE03,0.881785597591706
XAMDUM01,ANUGOG,0.8779343973198971
XAMDUM01,CEKHUY,0.8740230626883381
XAMDUM01,HIDTUM,0.8732725229435461
XAMDUM01,KIRFOI,0.8658515356567967
XAMDUM01,OGEBAF,0.8587479348385247
NUNNUH,NUNPAP,0.9999833893269104
NUNNUH,XUJPEY,0.9999758696143072
NUNNUH,XUJPOI,0.9999476559570384
NUNNUH,XUJQAV,0.99993058354155
NUNNUH,XUJPIC,0.9998765237448672
NUNNUH,EZOFEF,0.9944938718922676
NUNNUH,PUNYON,0.9943265009529164
NUNNUH,DAFHID,0.8964457906363908
NUNNUH,QEZZED,0.8963211641803437
NUNNUH,XUCHOS02,0.8815173165612868
NUNNUH,XUCHOS01,0.8802561640804579
NUNNUH,SOQRUM,0.8749925853576115
NUNNUH,LIDSEY,0.8611335309671255
NUNNUH,LIDSAU,0.8611287432828729
JENKET,UYAPOA,0.990550619709786
JENKET,ROZXEL,0.9563578236295136
JENKET,DITTEH,0.9474484093124744
JENKET,ORIBAU,0.9082482729281404
JENKET,GATBUZ,0.90745484226537
JENKET,VEGMOK04,0.9074537253269808
JENKET,REDROI,0.9071871911862548
JENKET,VUSKEA,0.9038617911898632
JENKET,MIBQAR07,0.9037733670717184
JENKET,MIBQAR01,0.9036900678621717
JENKET,SAHYIK,0.9036183398248752
JENKET,WUMDIT,0.8848145408810533
JENKET,QUQFEO,0.882763766686465
JENKET,NIKHAS,0.868819091979991
JENKET,YICQOS,0.8636495988358591
JENKET,BEWCUD,0.8635970900223534
NIGPAW,AXINAX01,0.9895667890005816
NIGPAW,DIBQIQ,0.986939445323634
NIGPAW,NIGPEA,0.981595220388748
NIGPAW,DIBQOW,0.979577843403214
NIGPAW,HELDOT,0.9777747152297324
NIGPAW,HURGOR,0.9449461810407191
NIGPAW,NOMPIQ01,0.9128798173314
NIGPAW,BUKLOJ,0.9056455135272778
NIGPAW,CAXZOS,0.877917768379856
NIGPAW,DIDBID,0.8754800100483785
NIGPAW,JODGIU,0.875420970768831
NIGPAW,ERUNUC,0.8742156096703715
NIGPAW,NIDFOX,0.8718239534779165
NIGPAW,DIQHAO01,0.8705819661600154
NIGPAW,TAHYUZ,0.8670635849021048
NIGPAW,XALMOO,0.8653047175467756
NIGPAW,CAQKAJ01,0.8636183017988411
NIGPAW,CAQKAJ,0.8621414995463855
NIGPAW,FEYJOJ,0.8616909524931122
GACVIS,VEMSUC,0.9999707859275966
VEMSUC,XUJQAV,0.999998983805659
VEMSUC,XUJPOI,0.9999963528463528
VEMSUC,NUNPAP,0.9999580094273716
VEMSUC,XUJPEY,0.9998356672388872
VEMSUC,XUJPIC,0.9996362791957818
VEMSUC,EZOFEF,0.9956629359248657
VEMSUC,PUNYON,0.9955133154058118
VEMSUC,DAFHID,0.8967480360548304
VEMSUC,XUCHOS02,0.8824490139195451
VEMSUC,XUCHOS01,0.8813509232911958
VEMSUC,SOQRUM,0.8765900935184877
VEMSUC,LIDSEY,0.861133582857806
VEMSUC,LIDSAU,0.8610053699724458
RUPVAB,IJEXIF01,0.9932118669232562
RUPVAB,NIWYID,0.991206321992468
RUPVAB,REGREC,0.9894601389553594
RUPVAB,NANYUX01,0.984455663921194
RUPVAB,QUQFEO,0.9207862980329108
RUPVAB,QOPZIF,0.9137787443712714
RUPVAB,KEFBOO,0.9074465501324024
RUPVAB,JOVYAW,0.8947962428044629
RUPVAB,DUNXUH15,0.8851128433184026
RUPVAB,DITTEH,0.8766308061221512
RUPVAB,NASROR,0.8738531285769957
RUPVAB,DOYHOQ,0.872030204876336
RUPVAB,SAHYIK,0.8715542455424874
RUPVAB,LAWFOF,0.8715129765118341
RUPVAB,MIBQAR01,0.8714920204205383
RUPVAB,MIBQAR07,0.8714169353743592
RUPVAB,MIBQAR12,0.8714125455304125
RUPVAB,PEVQIS,0.8714055158487551
RUPVAB,VUSKEA,0.8713381396131521
RUPVAB,APACAX,0.8680652068373417
RUPVAB,IFABIA02,0.8668003177814634
RUPVAB,CUVTOD,0.8661671176280658
RUPVAB,REDROI,0.8661397884643371
RUPVAB,GATBUZ,0.8653135464400248
RUPVAB,ORIBAU,0.8590767215868331
MITTAL,QISNIR,0.9999995089530406
MITTAL,CUMLUT,0.999958536389272
YIGGEB,LASMAV,0.999756663013979
YIGGEB,TATSIS,0.9994257376862072
YIGGEB,TATSIS01,0.9991286525433812
YIGGEB,KEJWAY,0.99870494348392
YIGGEB,EXUXEC,0.998047740816558
YIGGEB,AHETAK,0.9975238825309708
YIGGEB,BOWDUO,0.9974825770324484
YIGGEB,VEDFUH,0.9973800696764948
YIGGEB,BOWDOI,0.9973322159587644
YIGGEB,VEDGAO,0.9972147697522026
YIGGEB,VEDFOB,0.997108249050219
YIGGEB,VEDGIW,0.9968166047105026
YIGGEB,VEDGES,0.996759751587322
YIGGEB,VODNOS,0.9967542384067932
YIGGEB,OJOBAS,0.99636375953284
YIGGEB,CEYPUT,0.9963404084340358
YIGGEB,CEYPUT01,0.9962115500074822
YIGGEB,ABAVUV,0.992320762751879
YIGGEB,CAXZOS,0.921270139164876
YIGGEB,ERUNUC,0.9193399247020012
YIGGEB,FEVDER,0.8774863501095652
YIGGEB,BAKJOO,0.8750109127984809
YIGGEB,BAKJEE,0.8739640101429531
YIGGEB,DIQHAO01,0.860129725939879
WUHMUJ,HURGOR,0.8650476479549175
FIJCUX01,ORIBAU,0.9999771258864062
FIJCUX01,VUSKEA,0.9962275463270476
FIJCUX01,PEVQIS,0.996158304512738
FIJCUX01,MIBQAR07,0.9961451068783732
FIJCUX01,MIBQAR01,0.9960680763374622
FIJCUX01,SAHYIK,0.996001252632665
FIJCUX01,HUTZAX01,0.9080399092325288
FIJCUX01,VIKBUP,0.9080009380781894
FIJCUX01,ODODIW,0.90775312530536
FIJCUX01,BOLPAU,0.907435626290622
FIJCUX01,UYAPOA,0.8996748533437458
FIJCUX01,SACHIP,0.8876466760552657
FIJCUX01,UKOLOV,0.8870132100531297
FIJCUX01,DITTEH,0.8869585537903564
FIJCUX01,QAQSAD,0.8849827173591311
FIJCUX01,IDIXAU,0.884581970484776
FIJCUX01,EKEKEL,0.8836176175023797
FIJCUX01,MEWPIQ,0.8778401165282692
FIJCUX01,WUMDIT,0.877293681158819
FIJCUX01,NANYUX03,0.8749818504035479
FIJCUX01,REGREC,0.8746369177615111
FIJCUX01,ULISOZ,0.8743261414317987
FIJCUX01,NENHEU,0.8740545205070904
FIJCUX01,KAHMOW,0.8689048107715718
FIJCUX01,GADROU,0.8679292704956487
FIJCUX01,SAVMAE,0.8600168816931666
WANJIF,XEDMEB,0.999716533498448
WANJIF,EXAXAE,0.9976349986893648
WANJIF,EXAXAE03,0.997355086720148
WANJIF,KIRFOI,0.8850517017971473
WANJIF,XAMDUM04,0.8849460697092573
WANJIF,DOTSOV14,0.8849325846314263
WANJIF,DOTSOV08,0.8849301355926644
WANJIF,DOTSOV10,0.8849301171484347
WANJIF,LUDLIH,0.8849170657768156
WANJIF,XAMDUM03,0.8848905789876733
WANJIF,RILFEA,0.8848757940828741
WANJIF,XAMDUM06,0.8848644482948078
WANJIF,XAMDUM07,0.8848529844018402
WANJIF,YOZMOR,0.8848487383549152
WANJIF,YOZNAE,0.8848291807294548
WANJIF,DIHVIB,0.8848250432438804
WANJIF,WULJUJ,0.8847195304716414
WANJIF,DOTSOV02,0.8847070329388456
WANJIF,TISPAO,0.8844508895919798
WANJIF,QIZLIW,0.8839556292205063
WANJIF,QAWHIH01,0.8837110889802334
WANJIF,QAWHIH,0.8836639281783999
WANJIF,OQIZUL,0.8826823647528861
WANJIF,QIZLOC,0.8801500004352364
WANJIF,OHOMIH,0.8799287237151702
WANJIF,YOZMUX,0.8745690814880369
DOTSOV14,DOTSOV12,0.9999999993347496
DOTSOV14,DOTSOV10,0.9999999895474938
DOTSOV14,DOTSOV08,0.9999999889074984
DOTSOV14,XAMDUM05,0.999974678665864
DOTSOV14,XAMDUM03,0.9999644585244924
DOTSOV14,LUDLIH,0.999956547434524
DOTSOV14,RILFEA,0.9999508322555416
DOTSOV14,LUDLED,0.9999418533462878
DOTSOV14,XAMDUM07,0.9999289510673586
DOTSOV14,YOZNAE,0.9999060052270566
DOTSOV14,DIHVIB,0.9999019426263664
DOTSOV14,WULJUJ,0.9991001510356714
DOTSOV14,QIZLIW,0.9990007872151856
DOTSOV14,QAWHIH,0.9987595976004336
DOTSOV14,NEHZUY,0.9971403474583512
DOTSOV14,QIZLOC,0.995075568183568
DOTSOV14,OHOMIH,0.9949197765756392
DOTSOV14,YOZNOS,0.991210139863264
DOTSOV14,YOZMUX,0.9873109469070354
DOTSOV14,LASYOU,0.9461141124798388
DOTSOV14,DALSOA,0.9330059844537296
DOTSOV14,ORAWAH,0.9316910106196368
DOTSOV14,MIKVEK,0.9306016614553828
DOTSOV14,EXOYAS,0.9199356755704332
DOTSOV14,RAWYAS,0.9193480974064244
DOTSOV14,IWEVAJ,0.9187240079823382
DOTSOV14,EXOGAB,0.9079799669851112
DOTSOV14,NUTQAV,0.9074225036733184
DOTSOV14,OFOCUI,0.9073655459070196
DOTSOV14,HANWAW,0.9069300431288236
DOTSOV14,PIDRAY,0.9011472602042184
DOTSOV14,HUCBOX02,0.8973571046203004
DOTSOV14,MOFGOE,0.8962943425317065
DOTSOV14,IPUPIU,0.8868434364902907
DOTSOV14,IPUPOA,0.8856130218705105
DOTSOV14,KANMIX,0.8849466244740863
DOTSOV14,EXAXAE,0.8828240331589174
DOTSOV14,EXAXAE03,0.882540118208026
DOTSOV14,NEMCOA,0.8753311140472909
DOTSOV14,CEKHUY,0.8748527977643498
DOTSOV14,HIDTUM,0.8741817423811934
DOTSOV14,LAQNID,0.8692416368218889
DOTSOV14,OGEBAF,0.8593840620427001
YUKTUU01,YUKTUU,0.9999999992653176
YUKTUU01,REZJIR02,0.9999999904649376
YUKTUU01,DADTOS15,0.999999840006893
YUKTUU01,DADTOS16,0.9999981526303884
YUKTUU01,DADTOS14,0.9999921747549444
YUKTUU01,DADTOS17,0.9999877740892844
YUKTUU01,LIJWOR02,0.9999833475670924
YUKTUU01,MNFORD02,0.9999764844275238
YUKTUU01,DADTOS02,0.9999756560176554
YUKTUU01,DADTOS,0.999970838054232
YUKTUU01,DADTOS04,0.9999695780215468
YUKTUU01,DADTOS11,0.9999691720812284
YUKTUU01,DADTOS01,0.9999689302796968
YUKTUU01,DADTOS09,0.9999675863412524
YUKTUU01,DIDVIW,0.9999652259085738
YUKTUU01,DADTOS18,0.9999641700912432
YUKTUU01,YANWOC01,0.9999639505124958
YUKTUU01,IQEWOQ,0.9982726359580074
XAPSIS,JOPGUS,0.999994914071778
XAPSIS,CIPLIX,0.9999085101062444
XAPSIS,ABAYOU,0.992230142645736
XAPSIS,FILYAC,0.8968824192710514
XAPSIS,XADDOX,0.8963223939033821
XAPSIS,COXFOL,0.8960089320619418
XAPSIS,XADDUD,0.8957518483154812
XAPSIS,MOXDEJ,0.894610516299363
XAPSIS,FISQEG,0.8845826872780281
XAPSIS,ABIWOX,0.8788197921107957
XAPSIS,VASYEW,0.8787934950460636
XAPSIS,VOSSUT,0.8697972466595667
XAPSIS,BUKLOJ,0.869680378547422
XAPSIS,BAKJEE,0.8611086043044018
XAPSIS,QUSVOQ,0.8609998932197629
XAPSIS,BAKJOO,0.8609444003403474
EBEWIT,DIGPER,0.999999991880526
EBEWIT,VODBEW,0.8897659326896781
EBEWIT,MIRGIG,0.887293855162957
EBEWIT,KEZLIN,0.8863052061546948
EBEWIT,AFUDUD,0.8845598689006546
EBEWIT,ADEGIA,0.8678991244281857
EBEWIT,ATIKAP,0.8677757890977965
EBEWIT,ADEGIA01,0.8653437719997623
EXOYAS,RAWYAS,0.9997749864518656
EXOYAS,IWEVAJ,0.9983952241334012
EXOYAS,DOTSOV08,0.9199364619293514
EXOYAS,DOTSOV12,0.919936301704126
EXOYAS,XAMDUM04,0.9197575806064652
EXOYAS,XAMDUM03,0.9197555333993598
EXOYAS,RILFEA,0.9197164407898704
EXOYAS,DIHVIB01,0.91970577752613
EXOYAS,YOZMEH,0.9197054570844306
EXOYAS,QIZLIW,0.9197041759063193
EXOYAS,EBAMUS,0.919702701244635
EXOYAS,LUDLED,0.9196925672448618
EXOYAS,YOZMIL,0.9196655802537886
EXOYAS,YOZMOR,0.9196185733864868
EXOYAS,YOZNAE,0.9196064657451266
EXOYAS,WULJUJ,0.9192273035246088
EXOYAS,NEHZUY,0.9183732726208572
EXOYAS,QAWHIH01,0.9179048034741836
EXOYAS,QAWHIH,0.9178418794791728
EXOYAS,QIZLOC,0.916701255186697
EXOYAS,YOZMUX,0.9058045709089994
EXOYAS,LASYOU,0.873681624055973
EXOYAS,BABREE,0.8636900902983076
EXOYAS,DALSOA,0.8635852726204497
EXOYAS,MIKVEK,0.8624274191749258
ABAYIO,MEFZUU,0.8110840846121311
ABAYIO,WEYQAU16,0.9937449223761132
ABAYIO,WEYQAU01,0.9920811497266664
ABAYIO,WEYQAU06,0.9913730362609524
ABAYIO,OFODET,0.907253683542397
ABAYIO,SOBDOF,0.8707135833810422
ABAYIO,UVETUL,0.8602925750880205
ABAYIO,GOVWOF,0.8600559300873141
XIHSAJ01,XIHSEN,0.999991397571846
XIHSAJ01,XIHSAJ,0.9999836620233018
XIHSAJ01,BUKLOJ,0.8849955489538849
XIHSAJ01,MOXDEJ,0.8635518628377528
XIHSAJ01,DAFHEZ,0.8628149152117912
XIHSAJ01,HABZEQ,0.8614032614937824
XIHSAJ01,XEVSIB01,0.8606281696265685
XIHSAJ01,XEVSIB,0.8605795937262197
XIHSAJ01,FILYAC,0.860530872144805
REDROI,GATBUZ,0.9999764233865692
REDROI,IFABIA02,0.9998973039917284
REDROI,VUSKEA,0.9988545643418684
REDROI,PEVQIS,0.9988172057609696
REDROI,MIBQAR07,0.9988118527673532
REDROI,SAHYIK,0.998729600606412
REDROI,ODODIW,0.9082138830665388
REDROI,BOLPAU,0.9081574911113676
REDROI,HUTZAX01,0.9080675122026866
REDROI,JEDDII,0.896016695390135
REDROI,QEDZEG,0.8953555925542853
REDROI,SACHIP,0.8923053012505401
REDROI,DITTEH,0.8872094263898594
REDROI,DARYIF,0.884958682088037
REDROI,QAQSAD,0.8847505933556048
REDROI,IDIXAU,0.8825816401168387
REDROI,WUMDIT,0.8779587958941831
REDROI,ZARLIP,0.8770826574064137
REDROI,XAFFAN,0.876580538717287
REDROI,MEWPIQ,0.8764525065724997
REDROI,ULISOZ,0.8749931347385904
REDROI,REGREC,0.8749206426096138
REDROI,IJEXIF01,0.8748558811750324
REDROI,VEHJUP,0.8746847382466836
REDROI,NANYUX01,0.8740442338343186
REDROI,NANYUX03,0.8739792884849327
REDROI,NENHEU,0.8725587915980564
REDROI,GADROU,0.8690322068667469
REDROI,OKELOH,0.8690296700170912
REDROI,KAHMOW,0.8670707314353903
REDROI,XEGXIT,0.8670622278673575
REDROI,HUVGEM,0.8606509890616257
REDROI,XENMIO,0.8606380570100749
REDROI,YICQOS,0.8597184162574757
REDROI,IGUFOH,0.8589092944780313
WIZMAV07,WIZMAV11,0.9999999943151054
WIZMAV07,WIZMAV04,0.999999986399986
WIZMAV07,WIZMAV08,0.9999999856103716
WIZMAV07,WIZMAV05,0.9999999389532792
WIZMAV07,ERARUM,0.9999990666881218
WIZMAV07,UVAHIK,0.9999962236902706
WIZMAV07,ERANAO,0.9926302308826244
WIZMAV07,HERHAQ,0.955856676719972
WIZMAV07,GERBEN,0.9554142467407188
WIZMAV07,EMIYUW,0.9548570794985056
WIZMAV07,HERHEU,0.9545170880553228
WIZMAV07,BUNLAZ,0.949407873033314
WIZMAV07,BUNKUS,0.9487748226226452
WIZMAV07,UFOSEQ,0.9469432384055334
WIZMAV07,RUBTAK03,0.9469422745938868
WIZMAV07,DITJOH,0.922538821116012
WIZMAV07,ESEBOV,0.8931839245951313
WIZMAV07,UNEJEE,0.8928950031330111
WIZMAV07,OXOLAP,0.863205809083045
BEWCUD,WAWGOQ,0.9532549759530616
XAMDUM05,XAMDUM03,0.9999991244715336
XAMDUM05,YOZMEH,0.999994858098708
XAMDUM05,XAMDUM04,0.9999945692480122
XAMDUM05,XAMDUM06,0.9999926195380896
XAMDUM05,YOZMOR,0.999980834327168
XAMDUM05,YOZNAE,0.9999782431840162
XAMDUM05,DOTSOV10,0.9999747008349468
XAMDUM05,DOTSOV08,0.9999744090994922
XAMDUM05,DOTSOV16,0.9999744037736016
XAMDUM05,EBAMUS,0.9998482776475874
XAMDUM05,TISPAO,0.9997243948076648
XAMDUM05,QAWHIH,0.9990883902884552
XAMDUM05,WULJUJ,0.9989759239208946
XAMDUM05,QIZLIW,0.9986577660158736
XAMDUM05,OQIZUL,0.9982299242501292
XAMDUM05,GAVDUD,0.9966417403306138
XAMDUM05,QIZLOC,0.9943491533305068
XAMDUM05,YOZMUX,0.9878185114030542
XAMDUM05,LASYOU,0.9464199022382054
XAMDUM05,BABREE,0.9322400100270636
XAMDUM05,ORAWAH,0.932031205786269
XAMDUM05,RAWYAS,0.9190500431251938
XAMDUM05,IWEVAJ,0.9187132126907636
XAMDUM05,EXOGAB,0.907790243181378
XAMDUM05,NUTQAV,0.9076862196502888
XAMDUM05,HANWAW,0.90654531394204
XAMDUM05,PIDRAY,0.9002806487600454
XAMDUM05,HOYQIX,0.8871284910436816
XAMDUM05,IPUPIU,0.8870327038408675
XAMDUM05,IPUPOA,0.8851754230847714
XAMDUM05,XEDMEB,0.8847900163960993
XAMDUM05,EXAXAE,0.8823223326054206
XAMDUM05,EMUBIZ,0.8819761099393814
XAMDUM05,ANUGOG,0.8779522635909933
XAMDUM05,ANUGIA,0.8774089201007499
XAMDUM05,NEMCOA,0.8747909843895084
XAMDUM05,CEKHUY,0.8742682795002749
XAMDUM05,LAQNID,0.8691586606291823
XAMDUM05,KIRFOI,0.8660798547974481
OCAKUB,ESEDEN,0.9144893763166644
OCAKUB,MAHTAR,0.9472058951398052
OCAKUB,XUDSUK,0.9471651115557792
OCAKUB,UKIQIP,0.9327728528917432
OCAKUB,DADLEC,0.9208336170379428
OCAKUB,XIHXET,0.8845313284480444
OCAKUB,MIQCUL,0.8650356116798755
OCAKUB,DAWCOV,0.8627930569473812
CUFDUD,CUFFIT,0.9997000671698238
CUFDUD,TIKXAN,0.9996875929868866
CUFDUD,CUFDOX,0.9996853492591294
CUFDUD,CUFFUF,0.9996763687059088
CUFDUD,CUFFOZ,0.9996696117372128
CUFDUD,YAMXOC,0.999668504635174
CUFDUD,VIFPUY02,0.8738298422183588
CUFDUD,VIFPUY05,0.8738272863734401
CUFDUD,VIFPUY03,0.8738210343510667
UNIDAY,CIFSES,0.9999862587150998
UNIDAY,CIFSAO,0.999956332304104
UNIDAY,NEDLOZ,0.999561277057476
UNIDAY,GALJAG,0.9510582964037524
UNIDAY,MAYJOM,0.9037500406362886
UNIDAY,VACFOV,0.9034035799627812
UNIDAY,VIFPUY02,0.9028624903507074
UNIDAY,VIFPUY05,0.902857051399713
UNIDAY,VIFPUY,0.9028474234104134
UNIDAY,LOQLEJ,0.9028453947728724
UNIDAY,VIFPUY03,0.9028437540847424
COZGED,ORAWEL,0.9998353042071568
HIBSUG01,PAQYAJ01,0.8774557966845706
HIBSUG01,PAQXUC,0.8774526068153772
HIBSUG01,XASHAA,0.8642131690622712
RUBTAK08,RUBTAK09,0.9999999874684604
RUBTAK08,KINGUM,0.9999845866681932
CUFDOX,TIKXAN,0.9999999959821976
CUFDOX,CUFFIT,0.9999998112704124
CUFDOX,CUFFEP,0.9999997509467868
CUFDOX,FEYDET,0.999976071908881
CUFDOX,IYUHIU,0.999560622823432
CUFDOX,XINTOG,0.9241444479294708
CUFDOX,MAYJOM,0.874897928591356
CUFDOX,VACFOV,0.8748397706009917
CUFDOX,VIFPUY02,0.8747283991704545
CUFDOX,VIFPUY05,0.874727165978204
CUFDOX,VIFPUY,0.874724703691006
CUFDOX,VIFPUY03,0.8747241434433376
NOMPIQ01,DIBQIQ,0.9157414030668404
NOMPIQ01,DIBQOW,0.9122987217633464
NOMPIQ01,HURGOR,0.9023672417054204
NOMPIQ01,LUWZUZ02,0.8867875417795965
NOMPIQ01,LUWZUZ,0.8867527537838168
NOMPIQ01,CAXZOS,0.886207019607647
NOMPIQ01,JODGIU,0.8854691851470906
NOMPIQ01,FISQEG,0.8729977136219299
NOMPIQ01,BUKLOJ,0.8608019787717213
BAKJEE,BAKJOO,0.9999421236502638
BAKJEE,DIDBID,0.9086414063491656
BAKJEE,FUMJAZ01,0.903858075234366
BAKJEE,FUMJAZ,0.9036732659543304
BAKJEE,XEVXUT,0.9011865106719332
BAKJEE,FEYJOJ,0.9003993583578374
BAKJEE,FISQEG,0.8942776828872752
BAKJEE,XUDVAV,0.8881697283030865
BAKJEE,XALMOO,0.8859839567454777
BAKJEE,DIQHAO01,0.8806341620132879
BAKJEE,CEYPUT,0.8791334998932321
BAKJEE,OJOBAS,0.8791286312702655
BAKJEE,CEYPUT01,0.8791282418088828
BAKJEE,ABAVUV,0.8790740901317222
BAKJEE,CIJBEE,0.8790352681215933
BAKJEE,VEDGES,0.8790282813107567
BAKJEE,VEDGIW,0.879014281445518
BAKJEE,VEDFOB,0.8789167617159691
BAKJEE,VEDFAN,0.8788531289361304
BAKJEE,BOWDOI,0.8788318253962704
BAKJEE,BOWDUO,0.8787667341797313
BAKJEE,EXUXEC,0.8784560088680292
BAKJEE,KEJWAY,0.877914880905875
BAKJEE,TATSIS01,0.8771208400284944
BAKJEE,NIDFOX,0.876746645830746
BAKJEE,ERUNIQ,0.8765335869016465
YAXBOP,SETQIT,0.9999986656172968
YAXBOP,XADCOW,0.999992917675596
YAXBOP,SADMUH,0.9999744323166436
YAXBOP,SETQUF,0.999959882900134
YAXBOP,POJTUE,0.9999290101081088
YAXBOP,POJTOY01,0.9998119381714616
YAXBOP,POJTOY,0.999744970827908
YAXBOP,YAXCAC,0.9949495393093432
YAXBOP,TOVJAR,0.9063582574196866
YAXBOP,REZXOK,0.8840258475119998
YAXBOP,LARPEB,0.8609182744381249
BUKLOJ01,ETUWOG,0.9999156714646328
GAFREN,LACFUS,0.9999889357859916
GAFREN,XILBAW,0.9999973447392608
VEDFOB,BOWDOI,0.9999951083933024
VEDFOB,VEDFER,0.9999917355976032
VEDFOB,VEDFUH,0.999990120430426
VEDFOB,VEDGES,0.9999900262196948
VEDFOB,VEDGIW,0.9999895583879088
VEDFOB,AHETAK,0.9999810362841614
VEDFOB,CEYPUT,0.9999508778968306
VEDFOB,CEYPUT01,0.9999279479036854
VEDFOB,EXUXEC,0.9999069342559682
VEDFOB,TATSIS01,0.9992353988310853
VEDFOB,TATSIS,0.9991049553525764
VEDFOB,ERUNIQ,0.9988938825410182
VEDFOB,LASMAV,0.998538990508926
VEDFOB,ERUNUC,0.9233012728937464
VEDFOB,CAXZOS,0.9230797705313496
VEDFOB,JODGIU,0.9230642353986258
VEDFOB,BUKLOJ,0.8828914353701742
VEDFOB,FEVDER,0.8791620001369973
VEDFOB,TIDNIF,0.8771016278241657
VEDFOB,XALMOO,0.8600561323112746
IGAHED01,OCACUR,0.9999070954873291
IGAHED01,UGECEO,0.9997656263797468
IGAHED01,IGAHED,0.9997539981886572
IGAHED01,IGAHED03,0.9996134501699144
IGAHED01,SACMOA,0.9995335680081608
IGAHED01,KUHNEI,0.9968315106836532
IGAHED01,XEVSIB,0.8636104456711144
IGAHED01,HABZEQ,0.8634554796169293
OJOQAF,OJOQAF01,0.9999884911158888
OJOQAF,OJOQAF02,0.9999494629803952
OJOQAF,FUFVEJ,0.9967352703983008
OJOQAF,RAGREY,0.9951041242204406
OJOQAF,PEKZIP,0.9945289325536684
OJOQAF,KOGYIP,0.9939971774369816
OJOQAF,HAJPEQ,0.8616994413131629
REYCEF,REYCUV,0.9983869951367744
REYCEF,XEMPAJ,0.9161503515429742
REYCEF,SIKCIA,0.907508230431906
REYCEF,MEQPEG,0.900761024122572
REYCEF,WEHHOI,0.8671516503108432
REYCEF,ADATAC,0.8610003612707716
WIZMAV06,WIZMAV05,0.9999999977758098
WIZMAV06,WIZMAV04,0.9999999930615032
WIZMAV06,WIZMAV,0.9999999751105956
WIZMAV06,WIZMAV09,0.9999999712438414
WIZMAV06,WIZMAV10,0.9999999563476788
WIZMAV06,HERHEU,0.9545345139576286
WIZMAV06,GAYXEM,0.9534185471276152
WIZMAV06,BUNLAZ,0.9494411158443272
WIZMAV06,BUNKUS,0.9488095099207128
WIZMAV06,RUBTAK05,0.946938882466972
WIZMAV06,UFOSEQ,0.9469366260326136
WIZMAV06,SURLEY,0.9469358976478004
WIZMAV06,RUBTAK03,0.946935650522648
WIZMAV06,DITJOH,0.9225363066794464
WIZMAV06,IZIBUQ,0.9102426284586672
WIZMAV06,UNEJEE,0.892910478437877
WIZMAV06,WUPTUY01,0.8634798655814335
WIZMAV06,OXOLAP,0.8632233574959216
LOBQAV01,BOJYIK,0.9982476218328076
SIZGEO,CEHKUW,0.9997446701766368
SIZGEO,PARKUQ,0.9994916006412636
SIZGEO,MITSUE,0.9992104139243508
SIZGEO,MITSAK,0.9992086514979756
SIZGEO,MITSIS,0.9991482819317076
SIZGEO,KUJMIN,0.9986824635689016
SIZGEO,QUQFOY,0.932760116353524
SIZGEO,MICJOA,0.9080016881110976
SIZGEO,LIQFEY,0.9079976217636384
SIZGEO,FESYEK,0.9075300591519524
SIZGEO,IJEYEC,0.8936389032660407
SIZGEO,NOLRIR,0.8781040942165264
SIZGEO,XEFGUN01,0.8737821377021684
SIZGEO,GOYLUB,0.8726703582485307
SIZGEO,FIPKOG01,0.860840846147386
SIZGEO,CIKCOQ,0.8595834992870961
OQIZUL,QAWHIH,0.999858483323785
OQIZUL,QAWHIH01,0.9998420792610776
OQIZUL,TISPAO,0.9993503192604194
OQIZUL,DIHVIB,0.9986154219660268
OQIZUL,YOZNAE,0.998599967964538
OQIZUL,XAMDUM07,0.9985037483921952
OQIZUL,YOZMIL,0.9984920461826576
OQIZUL,LUDLED,0.9984410131524138
OQIZUL,YOZMEH,0.9984149784100748
OQIZUL,LUDLIH,0.9983453244259448
OQIZUL,XAMDUM04,0.9982757714095376
OQIZUL,EBAMUS,0.9978631378083292
OQIZUL,DOTSOV10,0.9977824606003592
OQIZUL,DOTSOV08,0.9977797416161666
OQIZUL,DOTSOV16,0.9977796920170836
OQIZUL,WULJUJ,0.9959554901479124
OQIZUL,DOTSOV02,0.9959309870187412
OQIZUL,QIZLIW,0.9938240325856096
OQIZUL,YOZNOS,0.9931960168100602
OQIZUL,NEHZUY,0.9899366540238396
OQIZUL,OHOMIH,0.9860832341494048
OQIZUL,DALSOA,0.931031489757824
OQIZUL,BABREE,0.9281424413231442
OQIZUL,MIKVEK,0.9238108361845108
OQIZUL,RAWYAS,0.9145892418058054
OQIZUL,YUGLES,0.9077003038088152
OQIZUL,EXOGAB,0.9042285820043224
OQIZUL,HUCBOX02,0.8951361160048447
OQIZUL,MOFGOE,0.8917176220152874
OQIZUL,PIDRAY,0.8911294527446627
OQIZUL,KANMIX,0.883801752049106
OQIZUL,XEDMEB,0.8815995684108715
OQIZUL,EXAXAE,0.8761754279144358
OQIZUL,ANUGOG,0.8758890092745092
OQIZUL,EXAXAE03,0.8756232517242162
OQIZUL,EMUBIZ,0.8755652055157208
OQIZUL,NEMCOA,0.8683267012032163
OQIZUL,CEKHUY,0.8674372253607829
OQIZUL,LAQNID,0.8664856641044699
OQIZUL,KIRFOI,0.8596001378283067
FIXLAC,DUVNIS01,0.9999901171721484
DEGSIS01,IDUDES,0.8777642090150317
LAGWIB,VAKREG,0.9999612940998648
DIQHAO01,YATDOP,0.9940674607588156
DIQHAO01,CAXZOS,0.9228862894306974
DIQHAO01,ERUNUC,0.9203017297511822
DIQHAO01,FEVDER,0.8846013302105616
DIQHAO01,TIDNIF,0.8827086906181115
DIQHAO01,AXINAX01,0.8675859218655948
DIQHAO01,DIBQIQ,0.8658276306846411
DIQHAO01,NIGPEA,0.8619991322802921
DIQHAO01,DIBQOW,0.8604918003440805
DIQHAO01,HELDOT,0.8591187949451621
YAXCAC,YAXBUV02,0.9999646047464842
YAXCAC,XUDSIY,0.9993011619064344
YAXCAC,POJTOY,0.9969476200841136
YAXCAC,VAGVAC,0.9968620871776148
YAXCAC,POJTUE,0.9960713498394
YAXCAC,SETQOZ,0.9958366531813048
YAXCAC,SETQUF,0.9958033117712992
YAXCAC,SADMUH,0.9956375308049528
YAXCAC,SETQIT,0.9951094219033714
YAXCAC,XADCOW,0.9945686685734614
YAXCAC,TOVJAR,0.9074653507908864
YAXCAC,REZXOK,0.8835633365450999
YAXCAC,LARPEB,0.8726432234395363
YAXCAC,UFIKIG,0.8661658152071152
LURRIA,SEMNIJ,0.9966359701784534
LURRIA,OGEBAF,0.9247876900599326
LURRIA,NUTQAV,0.9121696907610478
LURRIA,EXOGAB,0.8895309465433888
LURRIA,ANUGOG,0.8819955036721253
LURRIA,QIYDIN01,0.8813591719881076
LURRIA,ANUGIA,0.8813192119656423
LURRIA,QIYDAF01,0.8804442236017002
LURRIA,FAGQAI,0.8799840515366647
LURRIA,KIJRUS,0.8688138649319013
LURRIA,BAZFUF01,0.8660913528113849
LURRIA,LAYXAN,0.864721353473015
LURRIA,ORAWAH,0.8634120280240998
LURRIA,MIKVEK,0.8623029380455962
LURRIA,NAFSOF,0.861927763111732
LURRIA,QOWRAV10,0.8608201431489394
LURRIA,QOWRAV09,0.8608086358980511
LURRIA,QOWRAV11,0.8608019948997427
LURRIA,QOWRAV12,0.8607975106721243
LURRIA,QOWRAV08,0.86078858464931
LURRIA,QOWRAV07,0.8607745902242192
LURRIA,QOWRAV03,0.8607302991541695
LURRIA,QOWRAV02,0.8607214794827535
MNFORD02,LIJWOR02,0.9999923168617304
MNFORD02,PADJOU,0.9999920660032664
MNFORD02,PADJOU01,0.99999091642371
MNFORD02,REZJIR03,0.9999811789979368
MNFORD02,YUKTUU,0.9999766794338862
MNFORD02,DADTOS15,0.999973054569352
MNFORD02,DADTOS14,0.9999485282054024
MNFORD02,DADTOS13,0.999929900635394
MNFORD02,YANWOC02,0.999923588981296
MNFORD02,DADTOS,0.99990892880268
MNFORD02,DADTOS01,0.9999057914659292
MNFORD02,DADTOS05,0.9999044151902544
MNFORD02,DADTOS09,0.9999036124962244
MNFORD02,DADTOS06,0.999900994899928
MNFORD02,DADTOS18,0.9998981258090246
MNFORD02,IQEWOQ,0.997972343663431
PIJJEZ,XEFGUN01,0.8732308428387049
WULKAQ,DOTSOV22,0.9999999956566832
MINBEQ,GOYLUB,0.9178589061792436
MINBEQ,RUXWEM03,0.8749623231248863
MITSIS,AXULEM,0.919777379950344
MITSIS,MITSUE,0.9999986380479108
MITSIS,MITSAK,0.9999984533259616
MITSIS,ODOXEK,0.999997668283242
MITSIS,FUMJAA,0.999982126677248
MITSIS,PARKUQ01,0.999936883113369
MITSIS,PARKUQ,0.9999352616646408
MITSIS,CEHKUW,0.9992629700445818
MITSIS,NABLIM,0.9980849192005375
MITSIS,DUWBEE,0.9468804537301216
MITSIS,QUQFOY,0.9322133598990062
MITSIS,FESYEK,0.9082424195940249
MITSIS,MICJOA,0.907319998477655
MITSIS,GERWOR,0.9061677964917664
MITSIS,QEKLID01,0.8867161972109109
MITSIS,XEFGUN01,0.8718898347875255
MITSIS,GOYLUB,0.8700603207927562
BUNKUS,BUNLAZ,0.9999861483724718
BUNKUS,ERANAO,0.9564326014926834
BUNKUS,WIZMAV08,0.9487956456182232
BUNKUS,WIZMAV04,0.9487950664069412
BUNKUS,WIZMAV11,0.9487879139315736
BUNKUS,WIZMAV,0.9487821427446376
BUNKUS,WIZMAV09,0.9487800917013132
BUNKUS,WIZMAV10,0.9487732563787868
BUNKUS,GAYXEM,0.9156067152259488
BUNKUS,EMIYUW,0.9143433856567952
BUNKUS,HERHAQ,0.9126215227685908
BUNKUS,RUBTAK05,0.8974841720909335
BUNKUS,SURLEY,0.8974657275282699
BUNKUS,ESEBOV,0.882977031401772
BUNKUS,DITJOH,0.876985567941265
XAPMUY,ACAFAO,0.9013927497533438
XAPMUY,RUBZIY02,0.9470210179001932
XAPMUY,LIPZES,0.9452330665465322
XAPMUY,LONHON,0.94395106123277
XAPMUY,ERIQUS,0.9436140252861523
XAPMUY,MOLLEG,0.8757303356935748
QOWRAV07,QOWRAV08,0.9999999914212142
QOWRAV07,QOWRAV12,0.9999999768911528
QOWRAV07,QOWRAV11,0.9999999670083746
QOWRAV07,QOWRAV09,0.9999999491333862
QOWRAV07,QOWRAV03,0.9999999144796584
QOWRAV07,QOWRAV10,0.9999999088256604
QOWRAV07,QOWRAV04,0.9999998973938192
QOWRAV07,QOWRAV02,0.9999998771206056
QOWRAV07,LIGQEA,0.9997471798578136
QOWRAV07,BAZFUF01,0.9971247832255016
QOWRAV07,ANUGEW,0.9595021539132056
QOWRAV07,LAYXER,0.9573566148157518
QOWRAV07,ANUGOG,0.9568457815088026
QOWRAV07,HEHROE,0.9528007274371088
QOWRAV07,IPUPIU,0.944605036994552
QOWRAV07,CEFNIN,0.9114115383599692
QOWRAV07,EXOGAB,0.9075212438463288
QOWRAV07,FISGOF,0.9012162760261904
QOWRAV07,ORAWAH,0.881152171085301
QOWRAV07,ENIHUG,0.8678081584322067
QOWRAV07,MIKVEK,0.866646774201264
QOWRAV07,LASYOU,0.8629598258770909
DOTSOV05,DOTSOV22,0.9999999999653564
NEHZUY,GAVDUD,0.999999408666286
NEHZUY,QIZLIW,0.9995202725254236
NEHZUY,DOTSOV08,0.9971430729475692
NEHZUY,EBAMUS,0.9967232477462992
NEHZUY,XAMDUM04,0.996501132851656
NEHZUY,LUDLIH,0.9964089018759568
NEHZUY,RILFEA,0.9963441250032824
NEHZUY,DIHVIB01,0.9963112799541084
NEHZUY,YOZMEH,0.9963097444341908
NEHZUY,LUDLED,0.9962698332488004
NEHZUY,YOZMIL,0.9961896930466144
NEHZUY,XAMDUM07,0.9961713766372736
NEHZUY,YOZMOR,0.9960518635704548
NEHZUY,DIHVIB,0.995987575983884
NEHZUY,QAWHIH01,0.9922803296001896
NEHZUY,QAWHIH,0.9921629466104134
NEHZUY,YOZNOS,0.9837374741867028
NEHZUY,YOZMUX,0.9789655917280696
NEHZUY,LASYOU,0.9397595642650542
NEHZUY,MIKVEK,0.9329818867443358
NEHZUY,BABREE,0.932067436146807
NEHZUY,DALSOA,0.92987025561853
NEHZUY,ORAWAH,0.9249745489805712
NEHZUY,RAWYAS,0.9193877736145812
NEHZUY,IWEVAJ,0.915728369959992
NEHZUY,HANWAW,0.907895649894163
NEHZUY,PIDRAY,0.907291522819888
NEHZUY,EXOGAB,0.906865856147918
NEHZUY,OFOCUI,0.9018964525568076
NEHZUY,HUCBOX02,0.8945004200372328
NEHZUY,IPUPOA,0.8871433190609659
NEHZUY,EXAXAE03,0.8850672897303982
NEHZUY,EXAXAE,0.8850407144582559
NEHZUY,ADONEP,0.882969742918837
NEHZUY,IPUPIU,0.8817154974951371
NEHZUY,KANMIX,0.880871967758717
NEHZUY,NEMCOA,0.8779597811091959
NEHZUY,ANUGOG,0.8749382236070544
NEHZUY,ANUGIA,0.8712489135466577
NEHZUY,IXAJUN,0.861157543005963
NEHZUY,JALPAQ,0.8611239398562854
NEHZUY,OGEBAF,0.8609997293480919
HUCBOX02,DOTSOV12,0.8973571051206546
HUCBOX02,DOTSOV16,0.8973567655721083
HUCBOX02,DOTSOV08,0.8973567654169241
HUCBOX02,LUDLIH,0.8973175888871133
HUCBOX02,DIHVIB01,0.897303573533885
HUCBOX02,YOZMEH,0.8973030223543865
HUCBOX02,XAMDUM06,0.8972962301057885
HUCBOX02,YOZMIL,0.8972888200086166
HUCBOX02,XAMDUM07,0.897285149266956
HUCBOX02,YOZMOR,0.8972696443375969
HUCBOX02,YOZNAE,0.8972621237377402
HUCBOX02,DIHVIB,0.8972580568745044
HUCBOX02,EBAMUS,0.8972442010976611
HUCBOX02,DOTSOV02,0.8965291953190185
HUCBOX02,QIZLIW,0.896359889347006
HUCBOX02,QAWHIH01,0.8961606319871553
HUCBOX02,QIZLOC,0.8924493489294762
HUCBOX02,YOZNOS,0.8888285995572625
HUCBOX02,YOZMUX,0.8849810112969285
YOZNAE,DIHVIB,0.9999999569909942
YOZNAE,YOZMOR,0.99999958124681
YOZNAE,XAMDUM07,0.9999983966226152
YOZNAE,YOZMIL,0.9999978538254626
YOZNAE,LUDLED,0.9999957148242276
YOZNAE,DIHVIB01,0.9999941723100872
YOZNAE,RILFEA,0.999992798335651
YOZNAE,LUDLIH,0.9999873514524272
YOZNAE,XAMDUM03,0.9999860586935854
YOZNAE,XAMDUM04,0.999977950659904
YOZNAE,DOTSOV10,0.9999060867823596
YOZNAE,DOTSOV12,0.9999055045659296
YOZNAE,TISPAO,0.99985742159756
YOZNAE,QAWHIH01,0.9993818330608788
YOZNAE,QAWHIH,0.9993480531913554
YOZNAE,WULJUJ,0.9988077131688772
YOZNAE,GAVDUD,0.9960816140236272
YOZNAE,OHOMIH,0.9934528159348496
YOZNAE,YOZMUX,0.9882178321352122
YOZNAE,LASYOU,0.946657030605079
YOZNAE,BABREE,0.9319593648714444
YOZNAE,MIKVEK,0.9295601478024031
YOZNAE,RAWYAS,0.9187288931256103
YOZNAE,IWEVAJ,0.918647737668081
YOZNAE,YUGLES,0.9080517246916996
YOZNAE,NUTQAV,0.9078854938367876
YOZNAE,OFOCUI,0.9077433906957928
YOZNAE,HANWAW,0.9061421781479152
YOZNAE,IPUPIU,0.8871629308404317
YOZNAE,KANMIX,0.8850736781830191
YOZNAE,IPUPOA,0.8847251436206096
YOZNAE,XEDMEB,0.8846104305871003
YOZNAE,ADONEP,0.8843718140418927
YOZNAE,EMUBIZ,0.8814370085068113
YOZNAE,ANUGIA,0.87760690435155
YOZNAE,NEMCOA,0.8742459142633883
YOZNAE,HIDTUM,0.8729013232847509
YOZNAE,LAQNID,0.869036613299688
LAWFOF,MIBQAR01,0.9999999630112362
LAWFOF,PEVQIS,0.9999990795262416
LAWFOF,MIBQAR07,0.9999986189860922
LAWFOF,VUSKEA,0.999997840751965
LAWFOF,UYAPOA,0.9070381518105904
LAWFOF,ODODIW,0.9065928697125936
LAWFOF,VIKBUP,0.9060203238537012
LAWFOF,HUTZAX01,0.9058969101461852
LAWFOF,JEDDII,0.8971894302625707
LAWFOF,EKEKEL,0.887293104878436
LAWFOF,DITTEH,0.8853175639582909
LAWFOF,DARYIF,0.8842535237991992
LAWFOF,MIMRAB01,0.8842404113468824
LAWFOF,QAQSAD,0.8822431974991491
LAWFOF,IDIXAU,0.8778499234237235
LAWFOF,VEHJUP,0.8746891645473811
LAWFOF,IJEXIF01,0.87444992347255
LAWFOF,ULISOZ,0.8736321627795182
LAWFOF,REGREC,0.8730745471959552
LAWFOF,XAFFAN,0.8727369342601852
LAWFOF,MEWPIQ,0.8724912786024248
LAWFOF,NANYUX01,0.870624094761743
LAWFOF,NANYUX03,0.8704991575937445
LAWFOF,AXOCEW,0.8691756202947174
LAWFOF,NENHEU,0.8684569684092684
LAWFOF,GADROU,0.8680685132987912
LAWFOF,OKELOH,0.8667032234892953
LAWFOF,SAVMAE,0.8642416120807428
LAWFOF,XEGWIS,0.8625647989240162
LAWFOF,KAHMOW,0.8625489818361197
LAWFOF,XEGXIT,0.8625341248082463
LAWFOF,IGUFOH,0.8610855896481671
LAWFOF,EGIKUB01,0.8606742314945284
NAFSOF,BAZGAM,0.9987726379021606
NAFSOF,BAZFUF01,0.9914441436793724
NAFSOF,QOWRAV10,0.9789470590790446
NAFSOF,QOWRAV09,0.978925350676737
NAFSOF,QOWRAV02,0.9787613501449404
NAFSOF,HEHROE,0.9743396570496174
NAFSOF,ANUGOG,0.9582454266126724
NAFSOF,IPUPOA,0.94732456637562
NAFSOF,HOYQIX,0.940811021405527
NAFSOF,IPUPIU,0.9402510956371924
NAFSOF,EXOGAB,0.9141178631868988
NAFSOF,CEFNIN,0.9057864472547232
NAFSOF,FISGOF,0.9043669357138506
NAFSOF,MIKVEK,0.8826885254465866
NAFSOF,SEMNIJ,0.8628360081828945
NAFSOF,ENIHUG,0.8595132874633136
HANWAW,LASYOU,0.9212929190727344
HANWAW,MIKVEK,0.9122951345299932
HANWAW,QIZLIW,0.9081935076392124
HANWAW,GAVDUD,0.907921111332487
HANWAW,ORAWAH,0.907249714130784
HANWAW,WULJUJ,0.9070887279057472
HANWAW,DOTSOV02,0.90707481190046
HANWAW,OHOMIH,0.9069578453526408
HANWAW,DOTSOV12,0.9069318844844324
HANWAW,DOTSOV16,0.9069306393834872
HANWAW,DOTSOV08,0.906930601161263
HANWAW,DOTSOV10,0.906928534484135
HANWAW,XAMDUM04,0.9065172818692996
HANWAW,XAMDUM03,0.9064673777652162
HANWAW,LUDLIH,0.9064419812226628
HANWAW,RILFEA,0.9063785370078976
HANWAW,DIHVIB01,0.906356568940524
HANWAW,YOZMEH,0.9063541310406872
HANWAW,LUDLED,0.906325750577946
HANWAW,YOZMIL,0.906273223178014
HANWAW,YOZMOR,0.906176693407292
HANWAW,DIHVIB,0.906123351970842
HANWAW,TISPAO,0.9049193834807424
HANWAW,YOZNOS,0.8960401669393442
HANWAW,YOZMUX,0.8917466011946057
HANWAW,EXOGAB,0.8884848971156801
HANWAW,HOYQIX,0.8659974985238297
HANWAW,IPUPIU,0.8656367890430612
HANWAW,CEKHUY,0.8596144993348298
HANWAW,HIDTUM,0.8593396846914257
BOVHEB,NUCRIN,0.9872104682169082
BOVHEB,MOFTIL01,0.9859419902743836
BOVHEB,MOFTIL02,0.9855244777038066
BOVHEB,LEYLIN,0.9295189884893428
BOVHEB,SAQFUM,0.8695583529145381
BOVHEB,OHOROS,0.8694103380290893
XAMDUM06,DIHVIB01,0.9999997743097516
XAMDUM06,YOZMIL,0.999999574228186
XAMDUM06,XAMDUM07,0.9999995336617736
XAMDUM06,RILFEA,0.9999994605621868
XAMDUM06,YOZMOR,0.9999969764243594
XAMDUM06,XAMDUM03,0.9999968146724836
XAMDUM06,LUDLIH,0.9999961840699536
XAMDUM06,DIHVIB,0.9999953494945064
XAMDUM06,DOTSOV10,0.9999400629140538
XAMDUM06,DOTSOV08,0.9999396142372068
XAMDUM06,DOTSOV16,0.9999396060374662
XAMDUM06,DOTSOV12,0.9999395945643922
XAMDUM06,QAWHIH01,0.9992811821333348
XAMDUM06,QAWHIH,0.9992447947975948
XAMDUM06,WULJUJ,0.9988801148467656
XAMDUM06,DOTSOV02,0.9988583649648346
XAMDUM06,QIZLIW,0.9984518713603664
XAMDUM06,GAVDUD,0.9963209245479911
XAMDUM06,QIZLOC,0.9939358178500644
XAMDUM06,OHOMIH,0.993762434208996
XAMDUM06,YOZNOS,0.991814390571386
XAMDUM06,YOZMUX,0.9880449304064304
XAMDUM06,LASYOU,0.9465627230319018
XAMDUM06,DALSOA,0.9329860593745758
XAMDUM06,BABREE,0.9320819666436124
XAMDUM06,RAWYAS,0.9188684227287652
XAMDUM06,YUGLES,0.9079932851214488
XAMDUM06,NUTQAV,0.9078074763811944
XAMDUM06,OFOCUI,0.9076816378574504
XAMDUM06,IPUPOA,0.8849186189807697
XAMDUM06,XEDMEB,0.8846908036338876
XAMDUM06,EXAXAE,0.8820310041010988
XAMDUM06,EMUBIZ,0.8816675982513161
XAMDUM06,ANUGIA,0.8775294231879434
XAMDUM06,NEMCOA,0.8744790012030396
XAMDUM06,HIDTUM,0.8731735755970098
XAMDUM06,LAQNID,0.8690929249764697
XAMDUM06,KIRFOI,0.8657668606328367
XUCHOS02,SOQRUM,0.9983143915358216
XUCHOS02,SEQSEO01,0.8878195981533478
XUCHOS02,SEQSUE,0.8865959550821165
XUCHOS02,EZOFEF,0.8848624905358802
XUCHOS02,PUNYON,0.8848280078377551
XUCHOS02,XUJQAV,0.8823575272568939
XUCHOS02,XUJPOI,0.8822502721638369
XUCHOS02,NUNPAP,0.8817459992589738
XUCHOS02,XUJPIC,0.8801399545957681
AKOXIJ,ROGLOP,0.999510589113558
IGUFOH,XAFFAN,0.975116832075328
IGUFOH,VIKBUP,0.9419003415491964
IGUFOH,IQOJAB,0.9222365269601528
IGUFOH,ROZXEL,0.8999017131382326
IGUFOH,UYAPOA,0.8743367610355766
IGUFOH,IFABIA02,0.8615574989865559
IGUFOH,MIBQAR12,0.861048782841639
KEPKUO,DARYIF,0.8609670546933259
WUMDIT,JEDDII,0.974086242159598
WUMDIT,EKEKEL,0.8891470800687058
WUMDIT,VEGMOK04,0.8779577031973815
WUMDIT,IFABIA02,0.8778120319106857
WUMDIT,VUSKEA,0.8766981072393268
WUMDIT,MIBQAR12,0.876653580795066
WUMDIT,MIBQAR01,0.8766047797502332
WUMDIT,SAHYIK,0.8765655693181146
WUMDIT,DITTEH,0.8659067251680501
EYULAM,VOQBUZ,0.9989938857551492
EYULAM,XUMNAW,0.8877612135885184
EYULAM,IGUVIR,0.8618545469558037
EYULAM,IGUTUB,0.8617655573363249
EYULAM,IGUTUB01,0.8601303990719179
MGFORD02,LICSEW04,0.9999929192143244
MGFORD02,LICSEW03,0.9999450154081148
MGFORD02,NAXVOY04,0.997023229532975
MGFORD02,NIWZIE08,0.9964039293328916
MGFORD02,NIWZIE02,0.9963093311096868
MGFORD02,NIWZIE17,0.9957462793650016
MGFORD02,NIWZIE18,0.9956990592185082
KANMIX,ADONEP,0.9992430066679326
KANMIX,EXAXAE03,0.9961880000955542
KANMIX,EMUBIZ,0.9961507058888116
KANMIX,YOZMOR,0.8850729382270017
KANMIX,XAMDUM07,0.8850677367722686
KANMIX,LUDLED,0.885062298804492
KANMIX,DIHVIB01,0.8850597246120842
KANMIX,YOZMEH,0.8850597025026479
KANMIX,RILFEA,0.8850572810827981
KANMIX,XAMDUM03,0.8850469675013911
KANMIX,XAMDUM04,0.8850408061344442
KANMIX,DOTSOV12,0.8849460353071134
KANMIX,DOTSOV08,0.884945926635277
KANMIX,EBAMUS,0.8848641637199082
KANMIX,QAWHIH01,0.8845405389624778
KANMIX,QAWHIH,0.884509051978597
KANMIX,WULJUJ,0.8838507630560182
KANMIX,QIZLIW,0.8832275772129733
KANMIX,GAVDUD,0.8809424138066008
KANMIX,QIZLOC,0.8784382147130625
KANMIX,OHOMIH,0.8782526820328089
KANMIX,YOZNOS,0.877250801871838
KANMIX,YOZMUX,0.873565879371331
QOWRAV04,QOWRAV12,0.999999776897085
QOWRAV04,LIGQEA,0.9997572611484524
QOWRAV04,BAZFUF01,0.997090428735212
QOWRAV04,KIJRUS,0.9863090106122016
QOWRAV04,BAZGAM,0.9860793643786144
QOWRAV04,ANUGIA,0.9602844122659868
QOWRAV04,ANUGEW,0.9594251826208096
QOWRAV04,LAYXER,0.9572744567864174
QOWRAV04,ANUGOG,0.956796095730366
QOWRAV04,LAYXAN,0.9528044253610556
QOWRAV04,HEHROE,0.9527086552060542
QOWRAV04,IPUPIU,0.9445677928517744
QOWRAV04,EXOGAB,0.9074604471733372
QOWRAV04,LAQNID,0.894719831953274
QOWRAV04,MIKVEK,0.8665660940432771
QOWRAV04,LASYOU,0.8629299350596499
YOZMOR,DIHVIB,0.9999994140617036
YOZMOR,XAMDUM07,0.9999987550680192
YOZMOR,DIHVIB01,0.999995355040676
YOZMOR,RILFEA,0.9999940251053144
YOZMOR,LUDLIH,0.9999905891653704
YOZMOR,XAMDUM04,0.99998272671404
YOZMOR,DOTSOV10,0.9999116316969624
YOZMOR,DOTSOV12,0.999911183725116
YOZMOR,TISPAO,0.9998498479561686
YOZMOR,QAWHIH01,0.9993660701663796
YOZMOR,QAWHIH,0.9993318801216556
YOZMOR,WULJUJ,0.9988516658545616
YOZMOR,DOTSOV02,0.9988302003153748
YOZMOR,QIZLIW,0.9983199673086052
YOZMOR,GAVDUD,0.9961200681935446
YOZMOR,QIZLOC,0.9936834382865068
YOZMOR,YOZMUX,0.9883026302012016
YOZMOR,BABREE,0.9319787812594088
YOZMOR,RAWYAS,0.9187509593475074
YOZMOR,NUTQAV,0.9078733987708694
YOZMOR,OFOCUI,0.9077530506378876
YOZMOR,IPUPIU,0.8871554209881296
YOZMOR,IPUPOA,0.884755803980437
YOZMOR,XEDMEB,0.8846231386691017
YOZMOR,ADONEP,0.8844032082612425
YOZMOR,EXAXAE03,0.8815095275520745
YOZMOR,EMUBIZ,0.8814734541277189
YOZMOR,ANUGOG,0.877902565870015
YOZMOR,ANUGIA,0.8775949248605568
YOZMOR,NEMCOA,0.8742827154944957
YOZMOR,CEKHUY,0.8737226896910427
YOZMOR,LAQNID,0.8690456622170875
YOZMOR,KIRFOI,0.8655699880170182
VAYFAE,XOGWUN,0.9997565244645976
VAYFAE,FONQAC,0.9132082375064368
VAYFAE,FELXOM,0.9087031314495704
VAYFAE,JUYJIY,0.8967949956544561
VAYFAE,RUXWEM03,0.8844881260898019
VAYFAE,JUXZOT,0.8828626705911519
VAYFAE,JUXZIN,0.8826822918742809
VAYFAE,FALGIK,0.8808436569051548
VAYFAE,DAPYAW,0.8765680026865562
VAYFAE,GOYLUB,0.8689500732689655
EXAXAE03,EMUBIZ,0.9999998825930227
EXAXAE03,XEDMEB,0.9985190597893892
EXAXAE03,ADONEP,0.9981534439226776
EXAXAE03,KIRFOI,0.8878144393425584
EXAXAE03,QIZLOC,0.8846717152507847
EXAXAE03,DOTSOV12,0.8825427091171594
EXAXAE03,DOTSOV08,0.8825426565539558
EXAXAE03,DOTSOV10,0.8825397508182369
EXAXAE03,XAMDUM04,0.8819363361995134
EXAXAE03,RILFEA,0.881787019978126
EXAXAE03,YOZMEH,0.8817543888099743
EXAXAE03,YOZMIL,0.8816404870198624
EXAXAE03,XAMDUM07,0.8816229801196702
EXAXAE03,DIHVIB,0.8814482276516307
EXAXAE03,TISPAO,0.8799044319646516
VOLQOD,WOSZEL,0.9999991761069952
MUXVIM,JUXZOT,0.9983012604075754
MUXVIM,FELXOM,0.9525291113318268
MUXVIM,FONQAC,0.9338964814823112
MUXVIM,JUYJIY,0.9207223980729105
MUXVIM,RUXWEM03,0.8846037178040943
MUXVIM,FALGIK,0.8830410391360777
MUXVIM,IRELIC,0.8822664215853342
MUXVIM,YICRAF,0.8772049812683484
MUXVIM,DAPYAW,0.875322079230755
MUXVIM,GOYLUB,0.8680360274967813
EGOZAB,BAHGUN,0.9999913125059052
EGOZAB,QERZUI,0.9999860622026392
EGOZAB,BAHGUN03,0.9999838840190124
EGOZAB,BAHGUN02,0.9999044274470302
EGOZAB,NIHDIU,0.9998927743416806
EGOZAB,QERZUI01,0.9998776823751064
EGOZAB,POFDIZ,0.9997868348672092
EGOZAB,UGEPEB01,0.9997628248393496
EGOZAB,UFUMUD,0.999732522835229
EGOZAB,UFUNIS,0.9996469855170098
EGOZAB,IPINAY,0.9990184741772938
EGOZAB,VOJPUG01,0.9989827577866696
EGOZAB,POFDOF,0.9983676549715852
EGOZAB,QIWQES,0.9935226290227172
EGOZAB,IXAJUN,0.8792888487686843
EGOZAB,EDOSEY,0.8662440747005637
WOHYOH01,MUQNOC,0.8209506870167969
FEJFAE,IVELUS,0.9999897905127484
FEJFAE,IVEMAZ,0.9999827261466864
FEJFAE,MAHTAR,0.885060268542219
XAMDUM07,YOZMIL,0.9999998370572248
XAMDUM07,YOZMEH,0.9999987170731022
XAMDUM07,RILFEA,0.999997991114868
XAMDUM07,LUDLIH,0.9999939576228698
XAMDUM07,XAMDUM03,0.9999939109888972
XAMDUM07,XAMDUM04,0.9999866009967526
XAMDUM07,DOTSOV08,0.999928535537998
XAMDUM07,DOTSOV16,0.999928526618124
XAMDUM07,TISPAO,0.9998255864067548
XAMDUM07,QAWHIH01,0.999317307808009
XAMDUM07,QAWHIH,0.9992818338883892
XAMDUM07,DOTSOV02,0.9988338761462408
XAMDUM07,QIZLIW,0.9983977537111072
XAMDUM07,OHOMIH,0.9936548034143948
XAMDUM07,YOZMUX,0.9881065601280052
XAMDUM07,LASYOU,0.9465966363240312
XAMDUM07,ORAWAH,0.9322323175552816
XAMDUM07,MIKVEK,0.9297066277770888
XAMDUM07,RAWYAS,0.9188203980466056
XAMDUM07,IWEVAJ,0.9186671934341756
XAMDUM07,OFOCUI,0.9077041754327716
XAMDUM07,PIDRAY,0.8996680472218768
XAMDUM07,MOFGOE,0.8957994829053323
XAMDUM07,HOYQIX,0.8872054839388793
XAMDUM07,IPUPOA,0.8848516902654764
XAMDUM07,EXAXAE,0.8819553955517018
XAMDUM07,ANUGOG,0.8779170284643009
XAMDUM07,ANUGIA,0.8775574324576082
XAMDUM07,CEKHUY,0.8738452537872297
XAMDUM07,HIDTUM,0.8730790387142892
XAMDUM07,LAQNID,0.8690740599355841
XAMDUM07,KIRFOI,0.8656857968297641
KEDJEL,DAKZUN,0.9563243673247234
KEDJEL,QACTUJ,0.9403941312273614
KEDJEL,WOJYUR,0.9324616267091392
KEDJEL,LEDHEJ,0.9270158815700096
KEDJEL,ACODON,0.8838321331755818
KEDJEL,TORPUN,0.8650899631454652
KEDJEL,LOZSUQ,0.8627301808309641
YAVYAW01,YAVYAW02,0.9998914207003446
KEGTEY,OBAHOR,0.819888057887003
UVAHIK,WIZMAV12,0.9999973771165048
UVAHIK,WIZMAV10,0.9999962586554716
UVAHIK,WIZMAV09,0.9999961048722604
UVAHIK,WIZMAV,0.99999605812746
UVAHIK,WIZMAV11,0.9999959250193772
UVAHIK,WIZMAV04,0.9999957569259308
UVAHIK,WIZMAV08,0.9999957431413076
UVAHIK,WIZMAV05,0.9999952024999832
UVAHIK,ERARUM,0.9999915417139856
UVAHIK,ERANAO,0.9922954134965668
UVAHIK,EMIYUW,0.9546998615112336
UVAHIK,HERHEU,0.954343689727848
UVAHIK,GAYXEM,0.95317930483821
UVAHIK,BUNLAZ,0.9490807205660924
UVAHIK,RUBTAK05,0.9470053104699212
UVAHIK,UFOSEQ,0.9470033449749684
UVAHIK,RUBTAK03,0.947002494875637
UVAHIK,UNEJEE,0.8927404518574784
HOYQIX,IPUPOA,0.9965105855387488
HOYQIX,ANUGIA,0.9878389154838776
HOYQIX,ANUGOG,0.9876770332908712
HOYQIX,EXOGAB,0.973157022894927
HOYQIX,LAYXER,0.970175771419469
HOYQIX,HEHROE,0.9675831143479672
HOYQIX,BAZFUF01,0.9479279510194384
HOYQIX,QOWRAV09,0.9442432634858428
HOYQIX,QOWRAV11,0.9442379078907556
HOYQIX,QOWRAV12,0.9442342922420268
HOYQIX,QOWRAV08,0.9442270370356391
HOYQIX,QOWRAV03,0.944179831724252
HOYQIX,QOWRAV02,0.9441726834083076
HOYQIX,KIJRUS,0.9436485053995572
HOYQIX,LASYOU,0.9327749252717084
HOYQIX,MIKVEK,0.9147625713347348
HOYQIX,EDOSEY,0.9107902398612686
HOYQIX,NAPSUV,0.9107671908220436
HOYQIX,TISPAO,0.8872855680579488
HOYQIX,DIHVIB,0.8872317097407268
HOYQIX,YOZMIL,0.8872024385336292
HOYQIX,LUDLED,0.8871893483476063
HOYQIX,DIHVIB01,0.8871820899677687
HOYQIX,QAWHIH01,0.8870261913412851
HOYQIX,DOTSOV10,0.886972201167292
HOYQIX,DOTSOV08,0.8869711559498534
HOYQIX,DOTSOV12,0.8869711307897896
HOYQIX,EBAMUS,0.8869074413525204
HOYQIX,DOTSOV02,0.885686868870954
HOYQIX,GAVDUD,0.8822673850922167
HOYQIX,YOZNOS,0.8797651660936331
HOYQIX,YOZMUX,0.876176817795733
HOYQIX,SEMNIJ,0.8727480065648503
HOYQIX,ASIVAB,0.864304132959106
HOYQIX,SIXNIZ,0.8642277569477959
HOYQIX,SIXNOF,0.8637888022340658
HOYQIX,NEMCOA,0.8611580556863911
HOYQIX,CEKHUY,0.8605205341582383
HOYQIX,HIDTUM,0.859645761249298
ANUGIA,IPUPIU,0.9878971133757716
ANUGIA,IPUPOA,0.983110160166374
ANUGIA,LAYXAN,0.9786870155374492
ANUGIA,HEHROE,0.978623368723597
ANUGIA,BAZFUF01,0.9629027212591048
ANUGIA,QOWRAV10,0.960347633148374
ANUGIA,QOWRAV09,0.960339910956154
ANUGIA,QOWRAV11,0.9603354692995094
ANUGIA,QOWRAV12,0.9603324702887618
ANUGIA,QOWRAV08,0.9603264515392362
ANUGIA,QOWRAV03,0.9602872615244618
ANUGIA,QOWRAV02,0.960281322539832
ANUGIA,LIGQEA,0.9584521459358516
ANUGIA,KIJRUS,0.9575011027445174
ANUGIA,ORAWAH,0.9363754931411166
ANUGIA,MIKVEK,0.930420546564064
ANUGIA,LASYOU,0.9225417781387424
ANUGIA,FISGOF,0.9188664213814026
ANUGIA,ENIHUG,0.9065227234603228
ANUGIA,EDOSEY,0.900806362889363
ANUGIA,NAPSUV,0.9006512023936577
ANUGIA,SEMNIJ,0.8850246358797598
ANUGIA,CEFNIN,0.8833393653269827
ANUGIA,QAWHIH01,0.8779289829434662
ANUGIA,DIHVIB,0.8776147012339012
ANUGIA,YOZMIL,0.8775512467800001
ANUGIA,LUDLED,0.8775243658857516
ANUGIA,YOZMEH,0.8775104667503651
ANUGIA,DIHVIB01,0.8775099173213684
ANUGIA,RILFEA,0.8774982594306273
ANUGIA,LUDLIH,0.8774718263118054
ANUGIA,XAMDUM04,0.8774319897161094
ANUGIA,DOTSOV10,0.877146793742064
ANUGIA,DOTSOV08,0.8771451400339398
ANUGIA,DOTSOV12,0.8771451119025819
ANUGIA,DOTSOV16,0.8771451098606161
ANUGIA,EBAMUS,0.877134948362088
ANUGIA,WULJUJ,0.875678541700071
ANUGIA,DOTSOV02,0.8756553004051089
ANUGIA,NEMCOA,0.8745847859142986
ANUGIA,CEKHUY,0.8738553081632485
ANUGIA,HIDTUM,0.8728624939496811
ANUGIA,YOZNOS,0.8708866492583967
ANUGIA,YOZMUX,0.8674868893379145
SOSQIC01,OFORUZ,0.8342196569794327
SETQAL,SETQIT,0.9999988118137386
SETQAL,SETRAM,0.9999886734052306
SETQAL,SETQUF,0.9999606393607748
SETQAL,SETQOZ,0.9999573195375446
SETQAL,POJTUE,0.999929908238762
SETQAL,POJTOY01,0.99981364984261
SETQAL,POJTOY,0.999746950324512
SETQAL,YAXBUV02,0.9951248048584538
SETQAL,XUDSIY,0.990652710632615
SETQAL,KUXSIH,0.9721567113330176
SETQAL,TOVJAR,0.9063635024417837
SETQAL,UFIKIG,0.8690384530573343
POFDIZ,KAKTIA01,0.999912531174808
POFDIZ,BAHGUN02,0.9997534413606788
POFDIZ,HAWZEM,0.9997509488381146
POFDIZ,BAHGUN01,0.9997453710334612
POFDIZ,QERZUI,0.9997293688557692
POFDIZ,UFUMUD,0.999603011409918
POFDIZ,QERZUI01,0.9995096499160112
POFDIZ,NIHDIU,0.999488687365568
POFDIZ,AHEMEG,0.999452915589982
POFDIZ,UFUNIS,0.9991398976824698
POFDIZ,POFDOF,0.998978909756207
POFDIZ,POFFAT,0.998786220312462
POFDIZ,NELCEN,0.9981469776276944
POFDIZ,JALPAQ,0.8791395312223353
POFDIZ,NAPSUV,0.8681532170623316
POFDIZ,EDOSEY,0.8674253028963734
VEDGAO,VEDFAN,0.9999994518963132
VEDGAO,BOWDOI,0.9999979309281316
VEDGAO,VEDFUH,0.9999973800647256
VEDGAO,VEDGIW,0.9999865480187832
VEDGAO,VODNOS,0.9999819826300648
VEDGAO,CIJBEE,0.9999811267040988
VEDGAO,VEDFIV,0.9999810823968512
VEDGAO,VEDGES,0.9999801436118992
VEDGAO,OJOBAS,0.9999429256510552
VEDGAO,CEYPUT,0.999939942051646
VEDGAO,EXUXEC,0.9999255206101764
VEDGAO,CEYPUT01,0.999898188948847
VEDGAO,KEJWAY,0.9997169257192384
VEDGAO,TATSIS01,0.9992561946909032
VEDGAO,TATSIS,0.9991587883475154
VEDGAO,ERUNIQ,0.9989593504936348
VEDGAO,LASMAV,0.998615596706786
VEDGAO,ERUNUC,0.9232834570520448
VEDGAO,JODGIU,0.9230005366612888
VEDGAO,DIDBEZ,0.9229195835787708
VEDGAO,FEVDER,0.8791848742275374
VEDGAO,TIDNIF,0.8769667717916529
VEDGAO,YATDOP,0.8600410140034285
VELVOY,MECWEX,0.999999999983054
VIKBUP,XAFFAN,0.9622756893032168
VIKBUP,GATBUZ,0.9081902837782816
VIKBUP,VEGMOK04,0.9081899812718096
VIKBUP,IFABIA02,0.9078577670682078
VIKBUP,ORIBAU,0.9078277197762948
VIKBUP,PEVQIS,0.9061046713026156
VIKBUP,MIBQAR12,0.9060994248167368
VIKBUP,MIBQAR07,0.906094678967304
VIKBUP,MIBQAR01,0.9060370256072576
VIKBUP,SAHYIK,0.9059867429758875
VIKBUP,UKOLOV,0.8952831399894001
VIKBUP,ROZXEL,0.8650103598530681
VIKBUP,SIXWON,0.8601686602129962
YOZMUX,EBAMUS,0.9897913722796776
YOZMUX,QAWHIH01,0.9897660671284728
YOZMUX,TISPAO,0.9891462759550989
YOZMUX,DIHVIB,0.988236297883842
YOZMUX,LUDLIH,0.988211878945848
YOZMUX,YOZMIL,0.9881665827401772
YOZMUX,LUDLED,0.988033971396596
YOZMUX,DIHVIB01,0.9880241351424084
YOZMUX,XAMDUM03,0.9878842978467514
YOZMUX,DOTSOV12,0.987308207103577
YOZMUX,DOTSOV10,0.9872912793726958
YOZMUX,DOTSOV08,0.9872882317158952
YOZMUX,DOTSOV16,0.9872881847614844
YOZMUX,QIZLIW,0.9830427475858908
YOZMUX,QIZLOC,0.9760502174184148
YOZMUX,OHOMIH,0.9752366098465703
YOZMUX,LASYOU,0.9377212908490418
YOZMUX,ORAWAH,0.9228718504244188
YOZMUX,DALSOA,0.9206122116625476
YOZMUX,BABREE,0.9174055910061164
YOZMUX,MIKVEK,0.913512081813756
YOZMUX,IWEVAJ,0.9134576802386578
YOZMUX,RAWYAS,0.903810467592104
YOZMUX,OFOCUI,0.9005779626786645
YOZMUX,NUTQAV,0.8977722936222493
YOZMUX,YUGLES,0.8974947957641611
YOZMUX,EXOGAB,0.8937951215997131
YOZMUX,PIDRAY,0.8799839986318686
YOZMUX,IPUPIU,0.8764040866420595
YOZMUX,XEDMEB,0.8709573821832182
YOZMUX,ANUGOG,0.8654118526493253
YOZMUX,EXAXAE,0.8652594535468053
LOMQOV,CUZBUW,0.9999987241854074
VUQKAU01,XUDSUK,0.9471464102472222
VUQKAU01,MIQCUL,0.8646351059460269
POFDOF,POFFAT,0.9999908803587264
POFDOF,IPINAY,0.9999140043458186
POFDOF,AHEMEG,0.9998959566122712
POFDOF,POFDEV,0.9996714363786444
POFDOF,KAKTIA01,0.999432219705922
POFDOF,UFUNAK,0.9991100287692364
POFDOF,QIWQES,0.9983813900715636
POFDOF,HAWZEM,0.9982129087437764
POFDOF,BAHGUN,0.9981448386071672
POFDOF,BAHGUN03,0.998049896287642
POFDOF,BAHGUN04,0.997977230334308
POFDOF,NIHDIU,0.9974292247529666
POFDOF,QERZUI01,0.9973871124481972
POFDOF,UFUMUD,0.997334190288355
POFDOF,UGEPEB01,0.9970215593342896
POFDOF,JALPAQ,0.8779774545918507
POFDOF,IXAJUN,0.8775301588567407
POFDOF,NAPSUV,0.8706985476142254
POFDOF,EDOSEY,0.8703511985719555
OFODET,WEYQAU16,0.9058545832168888
OFODET,WEYQAU01,0.9047777207184284
OFODET,WEYQAU02,0.9043796003312112
OFODET,WEYQAU06,0.9043066928571172
NIRZAQ,VUSKAW,0.9999999969074294
OJOQAF03,OJOQAF02,0.9998841362067848
PEFDEK,GAXROO,0.9990102952749846
PEFDEK,TALKAT,0.9989057230662284
PEFDEK,DITYEM02,0.9986023944107132
IMIDZB07,IMIDZB13,0.9878856390422366
ROLCEC09,ROLCEC06,0.9999983917399567
ROLCEC09,ROLCEC,0.999893237087604
ROLCEC09,MACUFR04,0.9984855957778056
ROLCEC09,MAGNEQ01,0.9984367739663644
ROLCEC09,OCUQIO02,0.9978062010872376
ROLCEC09,OCUQIO,0.9977921841996809
DOTSOV02,WULJUJ,0.9999998710938168
DOTSOV02,EBAMUS,0.9995695719072224
DOTSOV02,DOTSOV12,0.999079572859434
DOTSOV02,DOTSOV16,0.9990737215135448
DOTSOV02,DOTSOV10,0.9990731354088211
DOTSOV02,XAMDUM04,0.9990594046803576
DOTSOV02,DIHVIB01,0.9988807065417058
DOTSOV02,LUDLED,0.9988626190392312
DOTSOV02,YOZMIL,0.998860769668559
DOTSOV02,DIHVIB,0.998777801832917
DOTSOV02,QIZLIW,0.9987119659941864
DOTSOV02,TISPAO,0.9981845081943604
DOTSOV02,QAWHIH01,0.9971915702631146
DOTSOV02,QIZLOC,0.9957776204228216
DOTSOV02,OHOMIH,0.995487608884079
DOTSOV02,LASYOU,0.9447720198209372
DOTSOV02,BABREE,0.9320182692779224
DOTSOV02,MIKVEK,0.9308423904539788
DOTSOV02,IWEVAJ,0.9198896982660076
DOTSOV02,EXOGAB,0.907446158156548
DOTSOV02,OFOCUI,0.9069180248721704
DOTSOV02,YUGLES,0.9062891643330954
DOTSOV02,NUTQAV,0.905926948444946
DOTSOV02,PIDRAY,0.9019060410761586
DOTSOV02,MOFGOE,0.8958549907173577
DOTSOV02,ADONEP,0.8849351515326708
DOTSOV02,XEDMEB,0.8842387797864485
DOTSOV02,EXAXAE,0.8828505461993907
DOTSOV02,EMUBIZ,0.8825957567119047
DOTSOV02,ANUGOG,0.8770037221416223
DOTSOV02,NEMCOA,0.8754282572344361
DOTSOV02,CEKHUY,0.8751076840017618
DOTSOV02,HIDTUM,0.8744922604889052
DOTSOV02,LAQNID,0.8684283734390018
DOTSOV02,OGEBAF,0.8595647406131397
FERLEU,UDUMIP02,0.9986991042582888
FERLEU,JEXLIK,0.8739120869277537
UDUMIP02,RABWAS,0.9931877292306752
XEQLEM,XEQLEM01,0.999987860664144
TISPAO,DIHVIB,0.9998623305439454
TISPAO,QAWHIH01,0.9998328380108976
TISPAO,QAWHIH,0.999815050815684
TISPAO,DIHVIB01,0.9997940477831052
TISPAO,RILFEA,0.9997861508564282
TISPAO,DOTSOV10,0.9995322093826208
TISPAO,DOTSOV16,0.9995309351148004
TISPAO,QIZLIW,0.9971691777267448
TISPAO,GAVDUD,0.9944527879312552
TISPAO,QIZLOC,0.991602016256948
TISPAO,OHOMIH,0.9913952860122984
TISPAO,LASYOU,0.9470703199379842
TISPAO,ORAWAH,0.9327955694941826
TISPAO,DALSOA,0.9326500432395596
TISPAO,BABREE,0.9310432908717796
TISPAO,MIKVEK,0.9280246218155952
TISPAO,IWEVAJ,0.918318679691314
TISPAO,RAWYAS,0.917709336275278
TISPAO,YUGLES,0.9082439392521956
TISPAO,NUTQAV,0.9081977298042728
TISPAO,EXOGAB,0.90680595750338
TISPAO,PIDRAY,0.8970746188266381
TISPAO,MOFGOE,0.8947395902422018
TISPAO,IPUPIU,0.8872982309907974
TISPAO,XEDMEB,0.8839525944817685
TISPAO,ADONEP,0.8837461748655734
TISPAO,EXAXAE,0.8803124006619698
TISPAO,NEMCOA,0.8726549082774764
TISPAO,LAQNID,0.8685260278935503
TISPAO,KIRFOI,0.86393764547484
KIJRUS,BAZGAM,0.999104690385154
KIJRUS,BAZFUF01,0.9948895610026623
KIJRUS,QOWRAV09,0.9864236735682756
KIJRUS,QOWRAV08,0.9863958045466648
KIJRUS,QOWRAV03,0.986314874817758
KIJRUS,QOWRAV02,0.9863026387571684
KIJRUS,LIGQEA,0.9828054586771766
KIJRUS,ANUGEW,0.9718903570901
KIJRUS,LAYXAN,0.9705337416616852
KIJRUS,IPUPOA,0.94558909763581
KIJRUS,IPUPIU,0.9433432095404994
KIJRUS,CEFNIN,0.9138093933690956
KIJRUS,FISGOF,0.9054647530455768
KIJRUS,LAQNID,0.8992859543248721
KIJRUS,SEMNIJ,0.865582180877716
XIQZIH,FITSAD,0.9998672347373478
XIQZIH,LIRVAK,0.9998558723692824
XIQZIH,FUFVEJ,0.999809088639136
XIQZIH,KIKRAA,0.9997478841402534
XIQZIH,RAGREY,0.9994840877621328
XIQZIH,KOGYIP,0.9991421573552908
XIQZIH,HAJPEQ,0.8601437928970117
PEVQIS,MIBQAR07,0.999999699097976
PEVQIS,MIBQAR01,0.999999411025941
PEVQIS,SAHYIK,0.9999984069453856
PEVQIS,IFABIA02,0.998976109768497
PEVQIS,VEGMOK04,0.9985039981626072
PEVQIS,ORIBAU,0.9955453557503364
PEVQIS,UYAPOA,0.9070013572169996
PEVQIS,BOLPAU,0.9068318932729376
PEVQIS,HUTZAX01,0.9059834865263824
PEVQIS,JEDDII,0.8971973033156596
PEVQIS,QEDZEG,0.8911269131230279
PEVQIS,EKEKEL,0.8872965490149756
PEVQIS,DITTEH,0.8853972719978964
PEVQIS,DARYIF,0.8843076235975504
PEVQIS,MIMRAB01,0.8842947793265822
PEVQIS,IDIXAU,0.8780018092116436
PEVQIS,VEHJUP,0.8747201383440127
PEVQIS,ZARLIP,0.8738806631830895
PEVQIS,NIWYID,0.8738431285250255
PEVQIS,NANYUX01,0.870744288919195
PEVQIS,AXOCEW,0.8691933802042688
PEVQIS,NENHEU,0.8685931104704506
PEVQIS,GADROU,0.8681331995185171
PEVQIS,OKELOH,0.8667937588873713
PEVQIS,XEGWIS,0.8627111259218202
PEVQIS,XEGXIT,0.8626807844650429
PEVQIS,XEGWAK,0.8626688763713963
SAHYIK,PEKGAO,0.9998977158529722
SAHYIK,PURJIW,0.8535372818496907
SAHYIK,MIBQAR12,0.9999983901546928
SAHYIK,VUSKEA,0.99999657125661
SAHYIK,IFABIA02,0.9989010041113882
SAHYIK,GATBUZ,0.9984035502395152
SAHYIK,ORIBAU,0.9953764856015356
SAHYIK,ROZXEL,0.943700655952992
SAHYIK,UYAPOA,0.9070748960196974
SAHYIK,BOLPAU,0.906742087074598
SAHYIK,ODODIW,0.9065637712598928
SAHYIK,JEDDII,0.8971997193729635
SAHYIK,SACHIP,0.8960959739549936
SAHYIK,QEDZEG,0.8909278295045187
SAHYIK,EKEKEL,0.8872916759933027
SAHYIK,UKOLOV,0.8851447237810128
SAHYIK,DARYIF,0.8842417635382689
SAHYIK,MIMRAB01,0.8842310792647434
SAHYIK,QAQSAD,0.8822059322008117
SAHYIK,IDIXAU,0.8777899782173957
SAHYIK,VEHJUP,0.8746763934609454
SAHYIK,IJEXIF01,0.8744329809608165
SAHYIK,NIWYID,0.8737560287208352
SAHYIK,ZARLIP,0.8737188353581417
SAHYIK,XAFFAN,0.8726858288327772
SAHYIK,AXOCEW,0.8691694565164267
SAHYIK,GADROU,0.868060712399259
SAHYIK,XEGWIS,0.8625069160034967
SAHYIK,KAHMOW,0.8624910265504755
SAHYIK,YICQOS,0.8611492838174808
SAHYIK,EGIKUB01,0.8606691932192252
GOVWOF,HEBJEF,0.9004695528033665
GOVWOF,JEJZAC,0.8749614033854183
IPUPIU,IPUPOA,0.996115468047528
IPUPIU,EXOGAB,0.9729220012500724
IPUPIU,ANUGEW,0.97089124586675
IPUPIU,LAYXER,0.9697137146784254
IPUPIU,HEHROE,0.967014268563781
IPUPIU,BAZFUF01,0.9479684686773536
IPUPIU,QOWRAV10,0.9446399597611022
IPUPIU,QOWRAV09,0.9446311388733076
IPUPIU,QOWRAV11,0.9446260660219824
IPUPIU,QOWRAV12,0.9446226411408014
IPUPIU,QOWRAV08,0.9446157684850804
IPUPIU,QOWRAV03,0.9445710429172124
IPUPIU,BAZGAM,0.9442225612371146
IPUPIU,LASYOU,0.9328616173576746
IPUPIU,NAPSUV,0.9107240302594014
IPUPIU,FISGOF,0.9081488228298754
IPUPIU,CEFNIN,0.8928531380264971
IPUPIU,JALPAQ,0.8915597517908311
IPUPIU,IXAJUN,0.8907401447485865
IPUPIU,DIHVIB,0.8871677134087563
IPUPIU,LUDLED,0.8871104790254922
IPUPIU,QAWHIH,0.8871050804599067
IPUPIU,YOZMEH,0.8871013585217006
IPUPIU,DIHVIB01,0.8871009969758534
IPUPIU,RILFEA,0.8870932880832257
IPUPIU,DOTSOV08,0.8868423570502197
IPUPIU,EBAMUS,0.8867958427316599
IPUPIU,QIZLIW,0.884499619192862
IPUPIU,GAVDUD,0.8817958937179093
IPUPIU,YOZNOS,0.8799335059604437
IPUPIU,OHOMIH,0.8787491192790382
IPUPIU,SEMNIJ,0.8727289584482456
IPUPIU,SIXNIZ,0.8640190674937669
IPUPIU,NEMCOA,0.8606968980353542
EYUGOV,EYUGIP,0.9782898551106692
EYUGIP,EYUGEL,0.900725133638147
EYUGIP,EHISUJ,0.9787022417559842
RUBTAK04,RUBTAK09,0.9999999999966456
CIPLIX,PUNYED,0.9913076931388172
CIPLIX,FEYJOJ,0.9416361330540188
CIPLIX,FILYAC,0.8966613973034226
CIPLIX,XADDOX,0.895760943018609
CIPLIX,DAFHEZ,0.8951385008313806
CIPLIX,XADDUD,0.895005993406002
CIPLIX,FILYEG,0.8936701177543771
CIPLIX,MOXDEJ,0.8936014126274321
CIPLIX,VASYEW,0.8769562604892618
CIPLIX,XUDVAV,0.8759251222630041
CIPLIX,VOSSUT,0.8684406256231223
CIPLIX,BUKLOJ,0.8682037743287351
CIPLIX,BAKJOO,0.8605741147981187
SITDAD,DUWBEE,0.9993946357911966
SITDAD,MITSAK,0.9471872769941044
SITDAD,KUJMIN,0.9470032086404376
SITDAD,NABLIM,0.945814830516279
SITDAD,QEKLID01,0.9326965641003336
SITDAD,QEKLID,0.9326644034094992
SITDAD,NOLRIR,0.920312259968901
SITDAD,AWEJIW,0.903064333227878
SITDAD,PAQXUC,0.8687969726173467
SITDAD,PAQYAJ01,0.868380780384862
SITDAD,GERWOR,0.8636062520503126
SITDAD,DAPYAW,0.8602158422365517
KETHEY,FESYEK,0.914167774190584
KETHEY,IGUTUB,0.9093547725019584
KETHEY,IGUTUB01,0.9091618571805312
KETHEY,DUWBEE,0.8973485079767519
KETHEY,QUQFOY,0.8898173073559567
KETHEY,PAQYAJ01,0.8811246064621094
KETHEY,PAQXUC,0.8809707011037957
KETHEY,ZASJAG,0.8793541395970033
KETHEY,RIGHAR,0.87925029267902
KETHEY,KEJBOQ,0.8791134325463161
KETHEY,AVAQIX,0.8787880236946477
KETHEY,DELGIN,0.8659445395234436
KETHEY,AWEJIW,0.8651781257736563
KETHEY,NABLIM,0.8608032288203628
KETHEY,CEHKUW,0.8599334149034614
DADTOS17,LIJWOR02,0.9999992290933352
DADTOS17,PADJOU01,0.9999978241821204
DADTOS17,DADTOS16,0.999995425889245
DADTOS17,VIRJEM,0.9999952340736734
DADTOS17,PADJOU,0.9999716466722144
DADTOS17,DADTOS14,0.999960409018585
DADTOS17,DADTOS13,0.9999418026534612
DADTOS17,DADTOS02,0.9999289505962804
DADTOS17,DADTOS11,0.9999181436463364
DADTOS17,DADTOS05,0.999916377177075
DADTOS17,DADTOS09,0.9999155721055336
DADTOS17,DADTOS06,0.9999129708794866
DADTOS17,DIDVIW,0.9999117884755686
DADTOS17,IQEWOQ,0.9979704860608524
NIWYID,ULISOZ,0.9999956680963532
NIWYID,REGREC,0.9999192443141012
NIWYID,IJEXIF01,0.9998681962276472
NIWYID,VEHJUP,0.9997006903809292
NIWYID,NANYUX03,0.99896021761037
NIWYID,QUQFEO,0.9327243159810216
NIWYID,QOPZIF,0.91986819632451
NIWYID,KEFBOO,0.9039403651407744
NIWYID,DUNXUH13,0.8971120379421957
NIWYID,DUNXUH15,0.8970683526665718
NIWYID,EGIKUB01,0.896391410379521
NIWYID,APACAX,0.8779310281512902
NIWYID,DOYHOQ,0.877679974299352
NIWYID,NASROR,0.877074248117118
NIWYID,DOYHIK,0.8758859990985961
NIWYID,VEGMOK04,0.8749780334145113
NIWYID,CUVTOD,0.8742112818884186
NIWYID,ORIBAU,0.8739237893480302
NIWYID,MIBQAR07,0.8738359607687035
NIWYID,MIBQAR01,0.8737931086095567
NIWYID,NUFCAU,0.8718599819032002
NIWYID,SOWCOY,0.8609183661366756
NIWYID,YOGKOW,0.8607774219210481
YUKTUU03,YUKTUU02,0.9999999857192208
KEQDER,KEFBOO,0.9237916644643384
GATBUZ,VEGMOK04,0.9999999996065596
GATBUZ,ORIBAU,0.9992092985378372
GATBUZ,VUSKEA,0.9985457333603496
GATBUZ,MIBQAR12,0.9984981423281716
GATBUZ,MIBQAR07,0.9984939200033472
GATBUZ,ROZXEL,0.9468387050619204
GATBUZ,ODODIW,0.908247103767281
GATBUZ,HUTZAX01,0.9081689304737236
GATBUZ,UYAPOA,0.903311730499134
GATBUZ,QEDZEG,0.8957295322528728
GATBUZ,JEDDII,0.8956420257940026
GATBUZ,SACHIP,0.8916762853004341
GATBUZ,DITTEH,0.8872740231311085
GATBUZ,NIKHAS,0.8869846094585507
GATBUZ,QAQSAD,0.8848899233610639
GATBUZ,DARYIF,0.8848333452875137
GATBUZ,MIMRAB01,0.8847661833246604
GATBUZ,IDIXAU,0.8830007213358362
GATBUZ,XAFFAN,0.8768888828799296
GATBUZ,MEWPIQ,0.8767754173554634
GATBUZ,REGREC,0.8749816164451075
GATBUZ,NANYUX03,0.8742401044129768
GATBUZ,OKELOH,0.8691505902815797
GATBUZ,AXOCEW,0.8683869914007084
GATBUZ,XEGWIS,0.8674724004393634
GATBUZ,XEGWAK,0.8674499185558516
GATBUZ,SAVMAE,0.8625026607011145
GATBUZ,HUVGEM,0.8608311333166265
GATBUZ,XENMIO,0.8608198673689327
GATBUZ,EGIKUB01,0.8600680692138907
QOWRAV12,QOWRAV08,0.9999999964722536
QOWRAV12,QOWRAV03,0.9999998024603842
QOWRAV12,BAZFUF01,0.9971410158698144
QOWRAV12,ANUGEW,0.9595386146910994
QOWRAV12,LAYXER,0.957395537573118
QOWRAV12,ANUGOG,0.9568692908794518
QOWRAV12,HEHROE,0.9528443566128862
QOWRAV12,CEFNIN,0.9114275646551332
QOWRAV12,EXOGAB,0.9075500262859412
QOWRAV12,FISGOF,0.9012415687845344
QOWRAV12,LAQNID,0.8947997115738084
QOWRAV12,ENIHUG,0.8678216778133879
QOWRAV12,MIKVEK,0.8666849935673975
QOWRAV12,LASYOU,0.8629739375519621
WOYWIS,WIGQAH,0.9997836445212512
WOYWIS,WIGPUA,0.9996335320689868
ORIBAU,RUPZIM,0.919944752130472
ORIBAU,IFABIA02,0.9985245980461478
ORIBAU,VUSKEA,0.9956198478933782
ORIBAU,MIBQAR12,0.9955377528299324
ORIBAU,MIBQAR07,0.995531293909084
ORIBAU,ROZXEL,0.9471368210205228
ORIBAU,ODODIW,0.9075175765323238
ORIBAU,UYAPOA,0.8988026802350388
ORIBAU,QEDZEG,0.8972091551817012
ORIBAU,JEDDII,0.8926543831265088
ORIBAU,NIKHAS,0.88718566617082
ORIBAU,UKOLOV,0.8868290928181481
ORIBAU,SACHIP,0.8866913031041197
ORIBAU,IDIXAU,0.8847718365824189
ORIBAU,DARYIF,0.8833450247352521
ORIBAU,ZARLIP,0.8779563433911295
ORIBAU,NANYUX03,0.8749994498579436
ORIBAU,REGREC,0.8744319022400014
ORIBAU,NENHEU,0.8741574375236328
ORIBAU,IJEXIF01,0.8730410046757275
ORIBAU,VEHJUP,0.8724927060295996
ORIBAU,XEGWIS,0.8690685706865897
ORIBAU,KAHMOW,0.8690657724443469
ORIBAU,XEGXIT,0.8690631331080619
ORIBAU,GADROU,0.8675984780152893
ORIBAU,AXOCEW,0.8659286623041247
ORIBAU,HUVGEM,0.8610563963924358
ORIBAU,SAVMAE,0.8593750111004392
KUJMIN,FUMJAA,0.9999846709032786
KUJMIN,MITSUE,0.999913726964143
KUJMIN,MITSAK,0.999911915437836
KUJMIN,CEHKUW,0.9987551431960466
KUJMIN,DUWBEE,0.9471113125606836
KUJMIN,QUQFOY,0.9316873059383116
KUJMIN,FESYEK,0.9081398340019772
KUJMIN,MICJOA,0.9067586688134176
KUJMIN,GERWOR,0.9053608949062596
KUJMIN,QEKLID01,0.8862574198026891
KUJMIN,NOLRIR,0.8711731615966609
KUJMIN,XEFGUN01,0.8709191130030244
KUJMIN,GOYLUB,0.8688566036726734
AHEMEG,IPINAY,0.9999990491525882
AHEMEG,VOJPUG01,0.9999476844013462
AHEMEG,UFUNAK,0.9996088015371472
AHEMEG,NELCEN,0.9995529424575972
AHEMEG,BAHGUN,0.9989049094526612
AHEMEG,QERZUI,0.9988489424785691
AHEMEG,BAHGUN03,0.9988312125269668
AHEMEG,NIHDIU,0.998343825136163
AHEMEG,QERZUI01,0.9983022970126412
AHEMEG,UGEPEB01,0.9979873414747148
AHEMEG,UFUNIS,0.9976013842519044
AHEMEG,NAPSUV,0.8701069842996444
AHEMEG,EDOSEY,0.8696345530057922
XEDMEB,ADONEP,0.9997093872392024
XEDMEB,EMUBIZ,0.9984958989084318
XEDMEB,KIRFOI,0.8862460913907978
XEDMEB,DOTSOV08,0.884935797889601
XEDMEB,XAMDUM03,0.8847577362539207
XEDMEB,LUDLIH,0.8847374603612366
XEDMEB,EBAMUS,0.8847191802940908
XEDMEB,DIHVIB01,0.8847087294496497
XEDMEB,QIZLIW,0.884688521374124
XEDMEB,YOZMIL,0.8846693598379994
XEDMEB,WULJUJ,0.8842591071638326
XEDMEB,GAVDUD,0.8833915223438276
XEDMEB,QIZLOC,0.8816722199718747
XEDMEB,OHOMIH,0.8815458740913769
XEDMEB,YOZNOS,0.8750655478195485
NAHGUB,FECWOB,0.9073956530585284
NAHGUB,MOFTIL02,0.9073389829807864
NAHGUB,NUCRIN,0.9069386428035108
NAHGUB,PEPHID,0.8973148055648397
NAHGUB,LEYLIN,0.8794979017342266
DELTAQ01,DELTAQ,0.9999904176201784
DELTAQ01,DELTAQ02,0.9998082490733068
QONLAI,QONKUB,0.9999999271087878
QONLAI,QONLIQ,0.9999906062968674
QONLAI,FUSWIA,0.999867781996953
QONLAI,FUQJUX,0.9997877194961386
QONLAI,JAXNUU,0.9995066885906312
QONLAI,BUZKUE,0.9989916936970046
QONLAI,VUQJEX01,0.9977004108966306
QONLAI,VUQJEX,0.9976545782752976
QONLAI,HOSPEL,0.9973933546305817
FUFVEJ,KIKRAA,0.999988121339664
FUFVEJ,RAGREY,0.9998333806748148
FUFVEJ,FITSAD,0.9996010320941542
FUFVEJ,OJOQAF01,0.9968563306350232
FUFVEJ,HAJPEQ,0.8598278608208277
NOCKOG,JETZAK,0.9442498561082848
WAQDOJ,XUFYAA,0.9084495194376678
HIZQEN01,HIZQEN,0.999994558883084
NUDMUW,NUDLOP01,0.999990114860263
NUDMUW,JEGJUD,0.8866172033976565
EGUHOD01,XEFGUN01,0.8839933958945214
EGUHOD01,GOYLUB,0.8828238479895404
MIBQAR06,MIBQAR07,0.9999998950521644
DADTOS08,DADTOS05,0.9999999999983858
DADTOS08,DADTOS01,0.9999999944954384
DADTOS08,DADTOS11,0.99999999079877
DADTOS08,DADTOS04,0.9999999824107432
DADTOS08,DADTOS12,0.9999999624599653
DADTOS08,DIDVIW,0.9999999381162306
DADTOS08,DADTOS18,0.999999886010343
DADTOS08,DADTOS02,0.9999994897183572
DADTOS08,YANWOC02,0.9999987517056534
DADTOS08,DADTOS13,0.9999977055226028
DADTOS08,DADTOS15,0.999972383069732
DADTOS08,REZJIR03,0.999963508995314
DADTOS08,VIRJEM,0.9999515401117988
DADTOS08,PADJOU01,0.9999379299023676
DADTOS08,LIJWOR02,0.9999058045222462
DADTOS08,IQEWOQ,0.9987086795914044
NELCEN,POFFAT,0.9999254271983108
NELCEN,IPINAY,0.999592841110909
NELCEN,VOJPUG01,0.9995396663684488
NELCEN,QIWQES,0.999150169673714
NELCEN,UFUNAK,0.9983273446540972
NELCEN,HAWZEM,0.9971543769560128
NELCEN,BAHGUN,0.9970653986252388
NELCEN,QERZUI,0.996974358029619
NELCEN,BAHGUN03,0.9969460195840558
NELCEN,BAHGUN04,0.9968563424071458
NELCEN,BAHGUN02,0.9966778182847922
NELCEN,NIHDIU,0.9961837265077238
NELCEN,UFUMUD,0.996059412646395
NELCEN,UGEPEB01,0.9956780559895984
NELCEN,UFUNIS,0.9951017018476134
NELCEN,UGEPEB,0.9946978264120392
NELCEN,JALPAQ,0.8770534808590462
NELCEN,NAPSUV,0.8711235229233809
QIZLOC,OHOMIH,0.9999909217171168
QIZLOC,QIZLIW,0.9984996751072766
QIZLOC,WULJUJ,0.9957902957824992
QIZLOC,DOTSOV16,0.9950783993488296
QIZLOC,DOTSOV10,0.995074292768496
QIZLOC,EBAMUS,0.994673127364796
QIZLOC,XAMDUM04,0.9942692033615432
QIZLOC,LUDLIH,0.9941433659851996
QIZLOC,RILFEA,0.994048843554346
QIZLOC,DIHVIB01,0.994007958847865
QIZLOC,YOZMEH,0.994005154464144
QIZLOC,LUDLED,0.9939544997533712
QIZLOC,YOZMIL,0.9938559564689736
QIZLOC,QAWHIH01,0.9890918215102328
QIZLOC,QAWHIH,0.9889529314991377
QIZLOC,YOZNOS,0.9809440527548748
QIZLOC,MIKVEK,0.9325652617543908
QIZLOC,ORAWAH,0.9217290915177376
QIZLOC,RAWYAS,0.9182168688767568
QIZLOC,YUGLES,0.8994671650441863
QIZLOC,NUTQAV,0.898509555240381
QIZLOC,MOFGOE,0.8948881008397421
QIZLOC,EXAXAE,0.8845476713183307
QIZLOC,ADONEP,0.8813938018585676
QIZLOC,HIDTUM,0.8778757664843119
QIZLOC,CEKHUY,0.8777506310200861
QIZLOC,NEMCOA,0.8775943253886187
QIZLOC,ANUGOG,0.8728220042781519
QIZLOC,KIRFOI,0.8689115092075677
QIZLOC,IXAJUN,0.860861798548378
QIZLOC,JALPAQ,0.8606362727470717
KEDWOI,UFIYIR,0.9999514635042134
VEDFIV,CIJBEE,0.9999856308195616
VEDFIV,VEDGIW,0.9999812655915374
VEDFIV,VEDFAN,0.9999805531255253
VEDFIV,VODNOS,0.999976929090168
VEDFIV,VEDFUH,0.9999694944444906
VEDFIV,AHETAK,0.9999574427404158
VEDFIV,CEYPUT,0.9999520864086094
VEDFIV,KEJWAY,0.9996277873612928
VEDFIV,TATSIS01,0.9992074547052868
VEDFIV,ABAVUV,0.9989070116499849
VEDFIV,ERUNIQ,0.998803863958997
VEDFIV,DIDBEZ,0.923076241444174
VEDFIV,DIDBID,0.9230112724418416
VEDFIV,BUKLOJ,0.8827677117613735
VEDFIV,BAKJOO,0.8791652667631511
VEDFIV,TIDNIF,0.8772919763953289
VEDFIV,XALMOO,0.8600056551787278
SAVMAE,MIBQAR01,0.8642407569550322
SAVMAE,MIBQAR12,0.8642372296256289
SAVMAE,VUSKEA,0.864233058282798
SAVMAE,CIZQUZ,0.8640297216793529
SAVMAE,NATFAS,0.8638963486482463
SAVMAE,RIGTIL,0.8625287795303209
SAVMAE,VEGMOK04,0.8625043139755082
SAVMAE,YICQOS,0.8587674560613601
IPUPOA,ANUGOG,0.986136120367987
IPUPOA,ANUGEW,0.9749968287517532
IPUPOA,EXOGAB,0.9737290824807628
IPUPOA,LAQNID,0.9516464078595688
IPUPOA,BAZGAM,0.9476221154335532
IPUPOA,BAZFUF01,0.9435170855903504
IPUPOA,QOWRAV11,0.9336171566208908
IPUPOA,LASYOU,0.927539538443739
IPUPOA,ORAWAH,0.9132887170634716
IPUPOA,ENIHUG,0.9108508253823532
IPUPOA,FISGOF,0.9074770833923936
IPUPOA,EDOSEY,0.9071483823404312
IPUPOA,JALPAQ,0.8962701590282898
IPUPOA,IXAJUN,0.8961609223129691
IPUPOA,GAVDUD,0.8871563227372523
IPUPOA,DOTSOV08,0.8856151131294308
IPUPOA,EBAMUS,0.8852571476068662
IPUPOA,XAMDUM04,0.885113111896626
IPUPOA,XAMDUM03,0.8850891679538794
IPUPOA,LUDLIH,0.885040706424735
IPUPOA,RILFEA,0.8849895716690743
IPUPOA,DIHVIB01,0.8849634242049004
IPUPOA,YOZMEH,0.8849621961723567
IPUPOA,LUDLED,0.8849303753900865
IPUPOA,QAWHIH,0.8814978458067713
IPUPOA,YOZNOS,0.8732603665715108
IPUPOA,SEMNIJ,0.8694096263950585
IPUPOA,NEMCOA,0.865856735244079
IPUPOA,CEKHUY,0.8657436039433184
IPUPOA,HIDTUM,0.8655421383606808
IPUPOA,SIXNOF,0.8646534221755531
DADTOS06,DADTOS09,0.999999980260412
DADTOS06,DADTOS18,0.999999976888009
DADTOS06,DADTOS01,0.9999999325110768
DADTOS06,DADTOS11,0.9999999207472862
DADTOS06,DADTOS,0.9999998119602924
DADTOS06,DADTOS13,0.9999971088255092
DADTOS06,DADTOS15,0.9999703980735282
DADTOS06,REZJIR02,0.999967049497112
DADTOS06,DADTOS16,0.9999482986080014
DADTOS06,LIJWOR02,0.9999021748638992
LUDLIH,XAMDUM04,0.9999985105580936
LUDLIH,XAMDUM03,0.9999976676490984
LUDLIH,YOZMEH,0.9999971438546972
LUDLIH,YOZMIL,0.9999954837098924
LUDLIH,DIHVIB,0.9999859719760752
LUDLIH,DOTSOV10,0.9999563072357298
LUDLIH,EBAMUS,0.9998693430985164
LUDLIH,QAWHIH01,0.9992078795999776
LUDLIH,QAWHIH,0.9991697650263875
LUDLIH,WULJUJ,0.99900508231959
LUDLIH,YOZNOS,0.991956411467794
LUDLIH,DALSOA,0.9329962597776302
LUDLIH,BABREE,0.9321567954876312
LUDLIH,ORAWAH,0.9321161479853888
LUDLIH,MIKVEK,0.929936239073262
LUDLIH,YUGLES,0.9079482228588748
LUDLIH,NUTQAV,0.9077494439423098
LUDLIH,EXOGAB,0.907728531625329
LUDLIH,OFOCUI,0.90768375515945
LUDLIH,ADONEP,0.8845413011428499
LUDLIH,EXAXAE,0.8821696399429084
LUDLIH,ANUGOG,0.8779381935357337
LUDLIH,NEMCOA,0.8746271408711195
LUDLIH,HIDTUM,0.873348144556208
LUDLIH,LAQNID,0.8691239520064505
LUDLIH,KIRFOI,0.8659155341911442
LUDLIH,OGEBAF,0.8588140478233963
MIBQAR07,MIBQAR12,0.9999992688786008
MIBQAR07,IFABIA02,0.9989815271261506
MIBQAR07,VEGMOK04,0.9984954563138052
MIBQAR07,ROZXEL,0.9438354833031166
MIBQAR07,BOLPAU,0.9068363447917762
MIBQAR07,ODODIW,0.906656611381928
MIBQAR07,HUTZAX01,0.9059730827926596
MIBQAR07,SACHIP,0.8960116977087935
MIBQAR07,EKEKEL,0.8872962107874396
MIBQAR07,DITTEH,0.8853881823290091
MIBQAR07,UKOLOV,0.8852504621673635
MIBQAR07,MIMRAB01,0.8843015572034472
MIBQAR07,NIKHAS,0.884118037383698
MIBQAR07,VEHJUP,0.8747160857792036
MIBQAR07,NANYUX01,0.8707339162136647
MIBQAR07,AXOCEW,0.8691923546090691
MIBQAR07,NENHEU,0.868577908796916
MIBQAR07,GADROU,0.8681447695703669
MIBQAR07,XEGWIS,0.8626940884283898
MIBQAR07,KAHMOW,0.8626784118557256
MIBQAR07,XEGXIT,0.8626637113466347
MIBQAR07,YICQOS,0.8611438330820559
EXUXEC,BOWDUO,0.9999633548261148
EXUXEC,VEDFAN,0.9999364123561528
EXUXEC,VEDFER,0.9999130566518628
EXUXEC,VEDGIW,0.9998487821246752
EXUXEC,VEDGES,0.999836154893573
EXUXEC,VODNOS,0.9998344507791184
EXUXEC,CEYPUT01,0.9996816142587744
EXUXEC,TATSIS01,0.999626540766118
EXUXEC,TATSIS,0.9995846926751906
EXUXEC,ERUNIQ,0.9994406548310746
EXUXEC,LASMAV,0.9991814625877974
EXUXEC,ABAVUV,0.9980972119455104
EXUXEC,CAXZOS,0.923158453508408
EXUXEC,DIDBEZ,0.9228273395610064
EXUXEC,DIDBID,0.9227550333328848
EXUXEC,FEVDER,0.8792883146254971
EXUXEC,BAKJOO,0.8788369957186312
EXUXEC,TIDNIF,0.8770146435180897
QOWRAV10,QOWRAV08,0.9999999561813012
QOWRAV10,QOWRAV02,0.9999995742536798
QOWRAV10,LIGQEA,0.9997374890455656
QOWRAV10,BAZFUF01,0.997156981684812
QOWRAV10,EXOGAB,0.9075783727313153
QOWRAV10,FISGOF,0.9012664714813676
QOWRAV10,LAQNID,0.894824977385968
QOWRAV10,ORAWAH,0.8811781048485059
QOWRAV10,MIKVEK,0.8667226517194034
QOWRAV10,SEMNIJ,0.8659055251152181
QOWRAV10,LASYOU,0.8629878162929469
YUYGOQ,RUGYOJ,0.9999949434531096
YUYGOQ,AJAKON,0.9998972392044652
YUYGOQ,RUXWEM03,0.8647929873319016
YUYGOQ,FALGIK,0.8646644711839904
PEJNOJ,NANYUX03,0.9999707424465998
LUKLIN,REGYOT,0.999999949288765
EMUBIZ,EXAXAE,0.9999896889397316
EMUBIZ,ADONEP,0.998124072631133
EMUBIZ,GAVDUD,0.8850715551327726
EMUBIZ,WULJUJ,0.8826128892659721
EMUBIZ,DOTSOV16,0.8825124140310517
EMUBIZ,DOTSOV08,0.8825123607423393
EMUBIZ,DOTSOV10,0.8825094377666426
EMUBIZ,XAMDUM04,0.8819018921299154
EMUBIZ,XAMDUM03,0.881872155018091
EMUBIZ,DIHVIB01,0.881721205512808
EMUBIZ,YOZMIL,0.8816051356689096
EMUBIZ,QAWHIH01,0.8778405621647782
EMUBIZ,QAWHIH,0.8777268419953581
EMUBIZ,YOZNOS,0.8693392463851721
FIFPAM01,CAXZUY,0.860075997345213
LIPZES,ERIQUS,0.9997586625252874
LIPZES,RUBZIY02,0.9966013442027616
LIPZES,YAPQUC,0.9951064670652588
LIPZES,MOLLEG,0.9179909022305344
LIPZES,SAQCIZ,0.8888456544286625
LIPZES,POCMEA04,0.8846016529978227
LIPZES,POCMEA03,0.8845289782695074
LIPZES,POCMEA01,0.8844793096731758
LIPZES,INICPB02,0.8844586655357194
LIPZES,INICPB01,0.8842009602104293
LIPZES,YUNBOZ,0.883511191417202
LIPZES,RUDRUE,0.8749491154832717
LIPZES,WENRIR,0.8604190398402732
NANYUX03,REGREC,0.9994579074648844
NANYUX03,QUQFEO,0.9327789076331576
NANYUX03,QOPZIF,0.9178950327663328
NANYUX03,JOVYAW,0.9081518240215376
NANYUX03,FUDGIW,0.9080203629585044
NANYUX03,DUNXUH13,0.8970635237760425
NANYUX03,EGIKUB01,0.8938898967317072
NANYUX03,DITTEH,0.8867853022935244
NANYUX03,APACAX,0.8772633212512786
NANYUX03,VEGMOK04,0.8742390114825711
NANYUX03,CUVTOD,0.872911974248739
NANYUX03,MIBQAR12,0.8706116325786519
NANYUX03,MIBQAR01,0.8705229317242609
NANYUX03,SOWCOY01,0.8610452256367017
APACAX,DOYHOQ,0.9518681407194848
APACAX,DOYHIK,0.950794995429894
APACAX,NUFCAU,0.9453457397918312
APACAX,QUQFEO,0.8817558039990754
APACAX,REGREC,0.8779542092601641
APACAX,VEHJUP,0.8774322457046491
APACAX,NANYUX01,0.8773064272888692
VEFLUP,XIHSEN01,0.9999852791327418
VEFLUP,XIHSAJ,0.999943453836906
VEFLUP,MOXDEJ,0.8634258638463533
VEFLUP,FILYEG,0.8632368765799092
VEFLUP,DAFHEZ,0.862581081167363
VEFLUP,COXFOL,0.8617118383106157
VEFLUP,XEVSIB01,0.8608450922491263
VEFLUP,XEVSIB,0.8608014720869799
VEFLUP,FILYAC,0.860111514363944
JOPGOM,CIFMIP,0.9999122304435726
MAHTAR,LUSHOX05,0.9999129108736782
MAHTAR,UKIQIP,0.8870092192416925
MAHTAR,IVELUS,0.8850760887333566
MAHTAR,IVEMAZ,0.8850317799985031
MAHTAR,DADLEC,0.8761013992930379
MAHTAR,WEYQAU16,0.8726408209478346
MAHTAR,WEYQAU02,0.8711843437271864
MAHTAR,WEYQAU06,0.871104746338906
MAHTAR,WEYQAU09,0.8706870378419419
MAHTAR,XIHXET,0.868320806627747
MAHTAR,MUMBIH,0.8611465129465686
TOVJEV,TOVJIZ,0.9077740533598436
TOVJEV,TOVJAR,0.9006376096937344
TOVJAR,TOVJIZ,0.9087525074484852
TOVJAR,YAXBUV02,0.90754633862593
TOVJAR,SETQOZ,0.9068872590751138
TOVJAR,SETQUF,0.9068680972388036
TOVJAR,SADMUH,0.9067716933738472
TOVJAR,SETQIT,0.906456787838596
TOVJAR,XADCOW,0.9061204485661298
TOVJAR,XUDSIY,0.905386693547018
TOVJAR,KUXSIH,0.8927828048580312
RAWYAS,NEMCOA,0.9228181768466802
RAWYAS,CEKHUY,0.9225803881673228
RAWYAS,GAVDUD,0.9194158395119152
RAWYAS,DOTSOV16,0.9193495304304474
RAWYAS,DOTSOV08,0.9193495018652572
RAWYAS,DOTSOV12,0.919349495106147
RAWYAS,DOTSOV10,0.9193479343287312
RAWYAS,WULJUJ,0.9189778185245068
RAWYAS,DIHVIB01,0.918900400435632
RAWYAS,YOZMEH,0.9188995464763592
RAWYAS,LUDLED,0.9188768308479784
RAWYAS,QAWHIH01,0.91628719828259
RAWYAS,QAWHIH,0.916204412775846
RAWYAS,LASYOU,0.8721183608808396
RAWYAS,BABREE,0.8637844089161897
RAWYAS,MIKVEK,0.8633125801075262
RAWYAS,ORAWAH,0.8597813640807833
JOVYAW,MUDTAH,0.9734363718630696
JOVYAW,KEFBOO,0.9922633133579736
JOVYAW,NANYUX01,0.9081600438310122
JOVYAW,REGREC,0.9080665570612184
JOVYAW,ULISOZ,0.90783263350458
JOVYAW,VEHJUP,0.9066693003788572
JOVYAW,ZARLIP,0.8857020014968111
HEHROE,LAYXAN,0.9999998878602468
HEHROE,LAYXER,0.9997188751151046
HEHROE,BAZGAM,0.973024829075201
HEHROE,QOWRAV09,0.9528654423025918
HEHROE,QOWRAV11,0.9528528528828156
HEHROE,QOWRAV08,0.952827315358416
HEHROE,QOWRAV03,0.9527166773481168
HEHROE,QOWRAV02,0.9526999593059342
HEHROE,EXOGAB,0.9452966652191144
HEHROE,ORAWAH,0.9083924763451864
HEHROE,NAPSUV,0.8813793714282412
HEHROE,HIDTUM,0.8659177677803676
HEHROE,CEKHUY,0.8658064528236835
HEHROE,SIXNOF,0.8627073856031743
HEHROE,SIXNIZ,0.8620206239945953
HEHROE,ASIVAB,0.8618754603189944
OXCFOR,DEFNIO,0.9984485073587652
DOTSOV03,DOTSOV21,0.9999999997285054
DOTSOV03,DOTSOV43,0.9999999937452642
DAXNIA,YANXIX02,0.999998750952808
DAXNIA,YUKVUW04,0.9999631918137204
DAXNIA,SANMEB,0.9998388065455972
DAXNIA,SIWQIA02,0.9997899302006968
DAXNIA,TEVZOK,0.9987084450170028
DAXNIA,ELUQIM08,0.9977851656083144
DAXNIA,ELUQIM04,0.9977330100032435
DAXNIA,ELUQIM13,0.9976763499261372
AXOCEW,KAFTUI,0.99993447785207
AXOCEW,KAHMOW,0.9947831223234556
AXOCEW,XEGWAK,0.9947601705088108
AXOCEW,MIBQAR01,0.8691792801053264
AXOCEW,VEGMOK04,0.8683881703427816
REGREC,ULISOZ,0.9999522539456176
REGREC,VEHJUP,0.9993098974324746
REGREC,QUQFEO,0.9329486918809936
REGREC,QOPZIF,0.9195250619481984
REGREC,FUDGIW,0.9081808950178624
REGREC,DUNXUH15,0.8972939173749943
REGREC,EGIKUB01,0.8958988216159433
REGREC,DITTEH,0.8872977620122853
REGREC,DOYHOQ,0.8772964034822037
REGREC,DOYHIK,0.8766229312834708
REGREC,NASROR,0.8764589927883548
REGREC,MIBQAR01,0.8730900624247244
REGREC,NUFCAU,0.8703858148677313
REGREC,SOWCOY01,0.8609964654578254
SURKUN01,RUBTAK05,0.9999999999200232
SURKUN01,RUBTAK07,0.999999998888057
LUWZUZ02,NOMPIQ,0.8867611886444379
LUWZUZ02,CAXZOS,0.8832494491308787
LUWZUZ02,DIDBID,0.8824195480139453
LUWZUZ02,DIDBEZ,0.8823591194213446
LUWZUZ02,ERUNUC,0.8803335662535374
LUWZUZ02,HURGOR,0.8749718291161601
LUWZUZ02,DERBIO,0.8746197505836983
LUWZUZ02,FEXCAO01,0.8716645885960427
CIJBEE,VEDGIW,0.9999987255554994
CIJBEE,VEDFER,0.9999684070131794
CIJBEE,VEDFUH,0.9999644470189812
CIJBEE,CEYPUT01,0.999959845806026
CIJBEE,KEJWAY,0.9995539823191152
CIJBEE,LASMAV,0.9982773812846872
CIJBEE,CAXZOS,0.9229726954708476
CIJBEE,DIDBEZ,0.9229493375614548
CIJBEE,DIDBID,0.9228729179905224
CIJBEE,FEVDER,0.8790776665622355
YIHZIA01,YIHZIA02,0.999858255598739
DADTOS18,YANWOC01,0.9999999994229712
DADTOS18,DIDVIW,0.9999999921038568
DADTOS18,DADTOS12,0.999999979300121
DADTOS18,DADTOS09,0.999999914431001
DADTOS18,DADTOS01,0.9999998304104132
DADTOS18,DADTOS11,0.9999998120389152
DADTOS18,DADTOS04,0.9999997788777616
DADTOS18,DADTOS,0.9999996570005
DADTOS18,YANWOC02,0.9999978833784582
DADTOS18,DADTOS14,0.9999898302479036
DADTOS18,DADTOS15,0.9999687207588994
DADTOS18,REZJIR02,0.9999652812457308
DADTOS18,YUKTUU,0.999963844928184
DADTOS18,REZJIR03,0.9999593239100912
DADTOS18,PADJOU01,0.999932514345567
DADTOS18,PADJOU,0.9999289101877068
IXAKAU,IDUDES,0.9974501969814162
IXAKAU,IXAJUN,0.8801599125288779
IXAKAU,JALPAQ,0.8797536061754505
IXAKAU,MIKVEK,0.8594637716307335
XOGWUN,FONQAC,0.9124958760294286
XOGWUN,JUYJIY,0.898096389131096
XOGWUN,RUXWEM03,0.8851307019497526
XOGWUN,JUXZOT,0.8841955632068618
XOGWUN,JUXZIN,0.8838736000848074
XOGWUN,FALGIK,0.8823587784727056
DARYIF,UVASAM,0.8959597033617104
DARYIF,IFABIA02,0.8850585353046138
DARYIF,VEGMOK04,0.8848338384512298
DARYIF,VUSKEA,0.884332382328843
DARYIF,MIBQAR12,0.8842988211975726
DARYIF,MIBQAR01,0.8842644952128178
DARYIF,IQOJAB,0.873318432504705
IGUTUB01,IGUVIR,0.9985984095579435
IGUTUB01,RIGHAR,0.9227734547029788
IGUTUB01,RUXWEM03,0.9216685782787484
IGUTUB01,CIKCOQ,0.909158148113631
IGUTUB01,DAPYAW,0.8857405701286785
IGUTUB01,PIKYIU,0.8856318737974705
IGUTUB01,PIKYAM,0.8822043543793299
IGUTUB01,XEFGUN01,0.877334943257974
IGUTUB01,QEKLID,0.8628428584768266
IGUTUB01,QEKLID01,0.8627443661166148
IGAHED,IGAHED02,0.9999991902948676
IGAHED,OCACUR,0.9998680865047178
IGAHED,IGAHED03,0.9993569764592628
IGAHED,HABZEQ,0.8639475069758719
IGAHED,XEVSIB,0.8632179997932015
DAFHEZ,XADDOX,0.9999334671441168
DAFHEZ,MOXDEJ,0.9997541917018726
DAFHEZ,FILYEG,0.9997326156588656
DAFHEZ,COXFOL,0.9997222228835748
DAFHEZ,FILYAC,0.9993232807897546
DAFHEZ,ABAYOU,0.8938264673583382
DAFHEZ,FUMJAZ01,0.8654156910676987
DAFHEZ,XEVXUT,0.8638101816556477
DAFHEZ,XIHSAJ,0.8630499476877448
DAFHEZ,XIHSEN01,0.8628189395965591
DAFHEZ,XIHSEN,0.8626312158909288
DAFHEZ,VASYEW,0.8597935439245814
DAFHEZ,BUKLOJ,0.8592078468669941
YUKTUU06,YUKTUU05,0.9999999735347892
HUTZAX01,HUVGEM,0.9422419155650044
HUTZAX01,XENMIO,0.9422360637382304
HUTZAX01,IFABIA02,0.907810941634516
HUTZAX01,VUSKEA,0.9060367290284964
HUTZAX01,MIBQAR01,0.905914046278076
HUTZAX01,ROZXEL,0.8650390332047821
HUTZAX01,FUDGIW,0.8610982168569657
HUTZAX01,GAWMOJ,0.8607985475357967
ERUNIQ,KEJWAY,0.9997614852347528
ERUNIQ,BOWDUO,0.9991204875879603
ERUNIQ,VEDFUH,0.999059352254672
ERUNIQ,BOWDOI,0.9990310551553544
ERUNIQ,VEDFAN,0.9990003990735428
ERUNIQ,VEDFER,0.9989476665489688
ERUNIQ,VEDGIW,0.998710111373986
ERUNIQ,VODNOS,0.998669949434632
ERUNIQ,OJOBAS,0.9984158102007706
ERUNIQ,CEYPUT,0.9984003262891792
ERUNIQ,CEYPUT01,0.9983089617320576
ERUNIQ,CAXZOS,0.9226358903441824
ERUNIQ,JODGIU,0.9217621491155756
ERUNIQ,DIDBEZ,0.9217427311795892
ERUNIQ,ERUNUC,0.9215331518041376
ERUNIQ,FEVDER,0.8788094676438323
ERUNIQ,BAKJOO,0.8772722053184034
RIFYAI,HIQKEZ,0.9999110226477016
RIFYAI,IZUKEV,0.9997139280713184
BOLPAU,ODODIW,0.9998512730442556
BOLPAU,IFABIA02,0.9082136417169314
BOLPAU,VEGMOK04,0.9081077041147612
DADTOS01,DADTOS11,0.9999999995276724
DADTOS01,DADTOS04,0.99999999658552
DADTOS01,DADTOS05,0.9999999943180397
DADTOS01,DADTOS12,0.9999999282085614
DADTOS01,DIDVIW,0.999999895701576
DADTOS01,DADTOS13,0.9999979247823018
DADTOS01,DADTOS14,0.999992287151305
DADTOS01,REZJIR02,0.9999699641753136
DADTOS01,DADTOS16,0.999951966801406
DADTOS01,PADJOU01,0.9999390882936527
DADTOS01,PADJOU,0.9999345198114687
DADTOS01,LIJWOR02,0.9999072349304888
DADTOS01,IQEWOQ,0.9987033573535746
RUBTAK05,UFOSEQ,0.9999999953829172
RUBTAK05,WIZMAV12,0.9469559641715656
RUBTAK05,WIZMAV10,0.9469457628054224
RUBTAK05,WIZMAV,0.9469440858502528
RUBTAK05,WIZMAV04,0.9469416359681296
RUBTAK05,WIZMAV08,0.9469415258910728
RUBTAK05,WIZMAV05,0.9469373173336966
RUBTAK05,ERANAO,0.9367937279558108
RUBTAK05,HERHAQ,0.9066147868446408
RUBTAK05,GERBEN,0.9059148463886184
RUBTAK05,WUPTUY01,0.9049554912911656
RUBTAK05,GAYXEM,0.9031452292761928
RUBTAK05,UNEJEE,0.8749171904677403
RUBTAK05,BOHWUS,0.8725178444953345
NIKHAS,ROZXEL,0.9041395634683056
NIKHAS,VUSKEA,0.8841903831353221
NIKHAS,YICQOS,0.8694173439354422
NIKHAS,UYAPOA,0.8614163267733707
FEQXAB,GEVXIQ,0.9996641306224082
FEQXAB,AFOJIO,0.9993634735509528
FEQXAB,NATRAD,0.9950173867512982
FEQXAB,RIQVUJ,0.8716523766008489
OKIVAG,OKIYIR,0.9999999941179164
OKIVAG,OKIWEL,0.9999999842766194
OKIVAG,WUNVAD,0.999998541285656
OKIVAG,WUNSII,0.9999919676795406
OKIVAG,WUNSEE01,0.9999600750939368
YOZMEH,RILFEA,0.9999999189515848
YOZMEH,YOZMIL,0.9999988923949092
YOZMEH,DIHVIB,0.9999932073303752
YOZMEH,DOTSOV10,0.9999468244533456
YOZMEH,DOTSOV08,0.9999464017900946
YOZMEH,DOTSOV12,0.9999463824194484
YOZMEH,QAWHIH,0.999219891409077
YOZMEH,QIZLIW,0.9984870091942484
YOZMEH,GAVDUD,0.996375084343686
YOZMEH,LASYOU,0.9465398862317502
YOZMEH,DALSOA,0.9329904952329494
YOZMEH,ORAWAH,0.9321678053861998
YOZMEH,BABREE,0.9321091829432292
YOZMEH,MIKVEK,0.9298349603639108
YOZMEH,EXOGAB,0.9076880982681164
YOZMEH,OFOCUI,0.9076663176991848
YOZMEH,PIDRAY,0.8998748361224858
YOZMEH,ADONEP,0.8844641832270347
YOZMEH,ANUGOG,0.877931348577933
YOZMEH,CEKHUY,0.8739887559041529
YOZMEH,HIDTUM,0.8732353415882147
YOZMEH,LAQNID,0.8691048411304454
YOZMEH,KIRFOI,0.8658197498953404
DERBIO,HURGOR,0.9999903232513792
DERBIO,DIBQIQ,0.9564186453892032
DERBIO,AXINAX01,0.9563683060065558
DERBIO,HELDOT,0.9548755291591474
DERBIO,FISQEG,0.931514386102277
DERBIO,XUDVAV,0.9259799084315372
DERBIO,ERUNUC,0.9225689874291724
DERBIO,DIDBEZ,0.9219709298003428
DERBIO,CAXZOS,0.92177334474503
DERBIO,NOMPIQ,0.9020706760689036
DERBIO,CAQKAJ01,0.8853120312310594
DERBIO,CAQKAJ,0.8852082225419731
DERBIO,TAHYUZ,0.885191169382766
DERBIO,HALVEY,0.8850392215903037
DERBIO,FEXCAO01,0.8848621771644155
DERBIO,HAJYAV,0.8817871502130781
DERBIO,LUWZUZ01,0.8748300589532955
DERBIO,VEFMAW,0.864846292559166
DERBIO,YATDOP,0.8595921159199444
DERBIO,XALMOO,0.8587872617982584
LASYOU,ORAWAH,0.9840945002707056
LASYOU,QAWHIH01,0.9471932803229786
LASYOU,QAWHIH,0.947190642269521
LASYOU,YOZMIL,0.9465922168293996
LASYOU,LUDLED,0.9465566222351044
LASYOU,RILFEA,0.9465252291363158
LASYOU,XAMDUM03,0.9464698962245316
LASYOU,XAMDUM04,0.9464666210838772
LASYOU,DOTSOV10,0.9461135157326588
LASYOU,DOTSOV12,0.9461124146191484
LASYOU,WULJUJ,0.9447926595364476
LASYOU,QIZLIW,0.9430427035996614
LASYOU,YOZNOS,0.9409110850668512
LASYOU,GAVDUD,0.9398566846652464
LASYOU,OHOMIH,0.936401807154323
LASYOU,ANUGOG,0.921575610879088
LASYOU,NEMCOA,0.9154888539850676
LASYOU,CEKHUY,0.9147315741104992
LASYOU,LAQNID,0.9113516016961648
LASYOU,KIRFOI,0.9057418867368824
LASYOU,JALPAQ,0.8972896944533522
LASYOU,LAYXER,0.8970349640958373
LASYOU,EDOSEY,0.8950834682933126
LASYOU,NAPSUV,0.8948743908509413
LASYOU,BABREE,0.884184927174378
LASYOU,IWEVAJ,0.8736630485924457
LASYOU,IDUDES,0.8679946805819339
LASYOU,NUTQAV,0.8651139711141169
LASYOU,BAZFUF01,0.8650825393185967
LASYOU,YUGLES,0.8650465850315647
LASYOU,QOWRAV11,0.8629766835876554
LASYOU,QOWRAV02,0.8629271039511569
LASYOU,BAZGAM,0.8600358557781533
HEBNAF,WEMWAP,0.846271927669292
YIHZIA02,EKUNON01,0.8909680840238504
YIHZIA02,EKUNON,0.8909326849250933
YIHZIA02,EKUNON02,0.8908875025431328
UYAPOA,MIBQAR01,0.9070315475986916
UYAPOA,VEGMOK04,0.9033143673300414
UYAPOA,OKELOH,0.8703461599433205
UYAPOA,YICQOS,0.8676199659923406
BAHGUN01,BAHGUN,0.9999996646884012
BAHGUN01,HAWZEM,0.9999994531573582
BAHGUN01,BAHGUN03,0.9999978393112656
BAHGUN01,BAHGUN04,0.9999953670648348
BAHGUN01,BAHGUN02,0.9999361318467485
BAHGUN01,QERZUI01,0.999927879334844
BAHGUN01,UFUNAK,0.999828663366764
BAHGUN01,UFUMUD,0.9997923015765
BAHGUN01,UFUNIS,0.9997365374473732
BAHGUN01,UGEPEB,0.999572670143128
BAHGUN01,KAKTIA01,0.999403057108086
BAHGUN01,POFDEV,0.9993005970024376
BAHGUN01,IPINAY,0.9988556707919188
BAHGUN01,VOJPUG01,0.9988301973475282
BAHGUN01,POFFAT,0.9979441238389244
BAHGUN01,IXAJUN,0.8792900057486656
BAHGUN01,NAPSUV,0.8667650828388496
QUDGED,IGINIX,0.8895336563182098
WEHHOI,GAWMOJ,0.8955255422252242
WEHHOI,FUDGIW,0.8600675951657963
NANYUX01,ULISOZ,0.9991402236312676
NANYUX01,IJEXIF01,0.9981671203644074
NANYUX01,QUQFEO,0.9327985553081174
NANYUX01,QOPZIF,0.9179926180864508
NANYUX01,DUNXUH15,0.8971515822824927
NANYUX01,DUNXUH13,0.8971070454249912
NANYUX01,EGIKUB01,0.8940151155859286
NANYUX01,DITTEH,0.8868222969703007
NANYUX01,DOYHIK,0.8777475375696747
NANYUX01,IFABIA02,0.8736981812348261
NANYUX01,VUSKEA,0.8708155270410002
NANYUX01,MIBQAR12,0.8707348937535581
NANYUX01,MIBQAR01,0.8706479028886701
NANYUX01,SOWCOY01,0.8610559637241588
NANYUX01,SOWCOY,0.8608975836386417
VEGXIQ01,SAMVEK,0.8691999887593032
YICKIH,EHAZAO,0.8850763673062307
IQOJAB,ROZXEL,0.8716254923975493
XAMDUM04,RILFEA,0.9999924734709192
XAMDUM04,DIHVIB01,0.9999921585495446
XAMDUM04,YOZMIL,0.99998905526876
XAMDUM04,DIHVIB,0.9999762414135024
XAMDUM04,DOTSOV12,0.9999627186572512
XAMDUM04,DOTSOV10,0.9999625782547968
XAMDUM04,DOTSOV08,0.9999622508765532
XAMDUM04,QAWHIH01,0.9991582391446135
XAMDUM04,QAWHIH,0.999119046484051
XAMDUM04,WULJUJ,0.9990793035962914
XAMDUM04,QIZLIW,0.9986073905255414
XAMDUM04,OHOMIH,0.9940876077496148
XAMDUM04,YOZNOS,0.992041461414516
XAMDUM04,DALSOA,0.93299875616694
XAMDUM04,YUGLES,0.9079162112368582
XAMDUM04,OFOCUI,0.9076812335828092
XAMDUM04,PIDRAY,0.9001657346767684
XAMDUM04,MOFGOE,0.8959716724805081
XAMDUM04,ANUGOG,0.8779419537243858
XAMDUM04,NEMCOA,0.8747158328543556
XAMDUM04,CEKHUY,0.8741930688950105
XAMDUM04,HIDTUM,0.8734533619167903
XAMDUM04,KIRFOI,0.8660045599534206
XAMDUM04,OGEBAF,0.8588963424832904
IYUHIU,FEYDET,0.9997157839188217
IYUHIU,TIKXAN,0.9995632747865664
IYUHIU,YAMXOC,0.9995407388071528
IYUHIU,CUFFEP,0.999539462049932
IYUHIU,PEYVEV,0.9925755650100904
IYUHIU,MAYJOM,0.8740354356655857
IYUHIU,VACFOV,0.8738703464762175
IYUHIU,VACFOV01,0.8737273994623478
IYUHIU,VIFPUY05,0.8735963437813884
IVOLOW,SAQCIZ,0.9999989896945484
IVOLOW,RUBZIY02,0.8961199996167553
IVOLOW,YAPQUC,0.8953559962040156
IVOLOW,XILBAW,0.8930285710741315
IVOLOW,LONHON,0.8861907603650819
IVOLOW,ERIQUS,0.8855735403055192
RUBZIY02,RUBZIY01,0.9999991808272494
RUBZIY02,YAPQUC,0.9990939461872396
RUBZIY02,YUNBOZ,0.8847182552796576
RUBZIY02,INICPB01,0.8842504108702783
RUBZIY02,POCMEA01,0.8839279069735299
RUBZIY02,POCMEA04,0.8837416937165621
RUBZIY02,RUDRUE,0.8707224665344833
RUBZIY02,HAPZUW,0.8588701684121397
UGUQOC,CIZQUZ,0.9946677689411068
UXEDOR,UXEDUX,0.999973824234762
QUQFEO,ULISOZ,0.9327904394565776
QUQFEO,IJEXIF01,0.9322036769983904
QUQFEO,VEHJUP,0.9318387335401016
QUQFEO,DOYHIK,0.8810613476837957
QUQFEO,JAYXAL,0.8677011656633506
QUQFEO,YOGKOW,0.8635704997230442
QUQFEO,QOPZIF,0.8628047962339913
SOWCOY01,SACCAD,0.8913022182159547
SOWCOY01,SOWCOY,0.999961414529847
SOWCOY01,LASMUP,0.9964687779858422
SOWCOY01,IJEXIF01,0.8600599001422202
SOWCOY01,VEHJUP,0.8596405576318672
RILFEA,LUDLED,0.9999996235820084
RILFEA,XAMDUM03,0.999998896767706
RILFEA,YOZMIL,0.9999982522962096
RILFEA,DIHVIB,0.9999916423449524
RILFEA,DOTSOV10,0.9999508952095992
RILFEA,DOTSOV08,0.9999504890122088
RILFEA,DOTSOV16,0.9999504815872268
RILFEA,EBAMUS,0.9998310715738352
RILFEA,QAWHIH,0.999203920003384
RILFEA,WULJUJ,0.9989054950295508
RILFEA,QIZLIW,0.9985090423732764
RILFEA,BABREE,0.9321262013420878
RILFEA,MIKVEK,0.9298668251193508
RILFEA,IWEVAJ,0.9186850842600734
RILFEA,YUGLES,0.9079692950857898
RILFEA,OFOCUI,0.9076564374454285
RILFEA,PIDRAY,0.8999264214358107
RILFEA,MOFGOE,0.8958926135684949
RILFEA,EXAXAE,0.8821112951337504
RILFEA,ANUGOG,0.8779345444239959
RILFEA,HIDTUM,0.873274231956026
RILFEA,LAQNID,0.8691121746309713
WURKEB,SAMVIO,0.9926011330980404
WURKEB,COKNUN02,0.8590238333129189
PASGIB02,DECXUH,0.8763943109437007
DOTSOV12,DOTSOV16,0.9999999895910618
DOTSOV12,DOTSOV08,0.9999999895820688
DOTSOV12,DOTSOV10,0.9999999887299842
DOTSOV12,XAMDUM03,0.9999641504140928
DOTSOV12,DIHVIB01,0.999946583705295
DOTSOV12,LUDLED,0.9999414594360472
DOTSOV12,DIHVIB,0.999901431271671
DOTSOV12,EBAMUS,0.9998482103723144
DOTSOV12,QIZLIW,0.9990024155132494
DOTSOV12,QAWHIH01,0.9988045541719208
DOTSOV12,QAWHIH,0.9987577825209768
DOTSOV12,DALSOA,0.9330058501948169
DOTSOV12,BABREE,0.9324954687109028
DOTSOV12,ORAWAH,0.9316891371176867
DOTSOV12,MIKVEK,0.9306041814878164
DOTSOV12,IWEVAJ,0.918723928187254
DOTSOV12,YUGLES,0.907684826549503
DOTSOV12,NUTQAV,0.9074210219294472
DOTSOV12,PIDRAY,0.9011515754947962
DOTSOV12,MOFGOE,0.8962956398285148
DOTSOV12,ADONEP,0.8846792749252533
DOTSOV12,ANUGOG,0.8779620062516051
DOTSOV12,CEKHUY,0.8748556648642433
DOTSOV12,HIDTUM,0.8741849023352113
DOTSOV12,KIRFOI,0.8666245019643593
DOTSOV12,OGEBAF,0.8593862155530156
DOTSOV12,JALPAQ,0.8588849319309035
ODIXIK,ENITEB,0.9999987829458674
ODIXIK,ODIXAC,0.9995637777288116
ODIXIK,GOYLUB,0.90683634438093
ODIXIK,RUXWEM03,0.8648244197811423
ODIXIK,GERWOR,0.8609462456494399
XENMIO,HUVGEM,0.9999998531562851
XENMIO,VEGMOK04,0.8608191383518169
POFDEV,KAKTIA01,0.9999579971668692
POFDEV,VOJPUG01,0.9999358298286294
POFDEV,UFUNAK,0.999791975073667
POFDEV,UFUMUD,0.9988674918236724
POFDEV,NIHDIU,0.9988353661509612
POFDEV,QERZUI01,0.99883030291165
POFDEV,UGEPEB01,0.9986189116782715
POFDEV,UGEPEB,0.9980695654846308
POFDEV,JALPAQ,0.8788780553600609
POFDEV,EDOSEY,0.8689460224599233
XEGWAK,KAHMOW,0.9999998354489248
XEGWAK,VUSKEA,0.862759328901558
XEGWAK,MIBQAR12,0.8626594721476802
XAMDUM03,LUDLED,0.9999972316972292
XAMDUM03,YOZMIL,0.9999945010582854
XAMDUM03,DIHVIB,0.999984467272103
XAMDUM03,DOTSOV10,0.999964510309036
XAMDUM03,DOTSOV16,0.9999641585378274
XAMDUM03,EBAMUS,0.9998399373365991
XAMDUM03,QAWHIH01,0.99918237680779
XAMDUM03,QAWHIH,0.9991436030256862
XAMDUM03,WULJUJ,0.998940937478982
XAMDUM03,GAVDUD,0.9965334962304068
XAMDUM03,YOZNOS,0.9916840816220404
XAMDUM03,ORAWAH,0.932088494970064
XAMDUM03,MIKVEK,0.9299830914764802
XAMDUM03,EXOGAB,0.9077494395103232
XAMDUM03,NUTQAV,0.9077293908923711
XAMDUM03,OFOCUI,0.9076191383053412
XAMDUM03,MOFGOE,0.8959590277052902
XAMDUM03,ADONEP,0.8845112933343002
XAMDUM03,EXAXAE,0.8822242502275603
XAMDUM03,ANUGOG,0.8779449314505128
XAMDUM03,NEMCOA,0.874685845112062
XAMDUM03,CEKHUY,0.8741546836824535
XAMDUM03,KIRFOI,0.8659743667803399
XAMDUM03,OGEBAF,0.8588497193495244
NOMPIQ,AXINAX01,0.9166474076814316
NOMPIQ,NIGPEA,0.9132422717664114
NOMPIQ,DIBQOW,0.9122011071646008
NOMPIQ,HELDOT,0.9112270565752232
NOMPIQ,HURGOR,0.9023171260068926
NOMPIQ,LUWZUZ,0.8867251653443434
NOMPIQ,CAXZOS,0.8861578222777946
NOMPIQ,DIDBEZ,0.8853656790998404
NOMPIQ,FISQEG,0.8729938475091974
NOMPIQ,XUDVAV,0.871187712591033
NOMPIQ,BUKLOJ,0.8608265488206048
CUJCIV,BOJYIK,0.9052960407684194
CUJCIV,QACTUJ,0.905263942606927
CAXZOS,ERUNUC,0.999311468523295
CAXZOS,YATDOP,0.9245551126318524
CAXZOS,VEDFER,0.9231718347634604
CAXZOS,AHETAK,0.9230944613616676
CAXZOS,BOWDUO,0.9230873068173444
CAXZOS,VEDGES,0.9230075753007676
CAXZOS,VEDGIW,0.9229601348721894
CAXZOS,CEYPUT01,0.9229599991701098
CAXZOS,VODNOS,0.9229359344398296
CAXZOS,CEYPUT,0.9228350231682
CAXZOS,TATSIS,0.9228265883060568
CAXZOS,HURGOR,0.921896740668352
CAXZOS,NIDFOX,0.9199551384796864
CAXZOS,FEVDER,0.9092579820648748
CAXZOS,BAKJOO,0.9087561307367004
CAXZOS,FUMJAZ01,0.8837517676214202
CAXZOS,NIGPEA,0.8830752781318226
CAXZOS,DIBQOW,0.8822991519309408
CAXZOS,HELDOT,0.8815468046238526
CAXZOS,FEXCAO01,0.87024609177645
CAXZOS,FISQEG,0.8654750419531337
TORPUN,QACTUJ,0.9002437088900013
TORPUN,LAVTAF,0.8741104551999872
TORPUN,DAKZUN,0.8610870405835335
TORPUN,XISDIO,0.8601504230466177
NENHEU,VEGMOK04,0.8728955241653802
NENHEU,IDIXAU,0.871497047877698
NENHEU,MIMRAB01,0.8689971583900826
NENHEU,VUSKEA,0.8686765873522739
NENHEU,MIBQAR12,0.8685842578305516
NENHEU,MIBQAR01,0.8684838477139142
OKELOH,DOYHIK,0.8945682097656011
OKELOH,DOYHOQ,0.8943875576049145
OKELOH,NUFCAU,0.8866506563387322
OKELOH,IRELAU,0.8834098011455748
OKELOH,YICQOS,0.8750156166070392
OKELOH,VEGMOK04,0.8691501484267303
OKELOH,MIBQAR12,0.8667882227090709
OKELOH,MIBQAR01,0.866721135885542
NIHDIU,QERZUI01,0.9999956649602618
NIHDIU,BAHGUN04,0.9999668986887714
NIHDIU,BAHGUN03,0.999956516485752
NIHDIU,QERZUI,0.9999532858218
NIHDIU,UGEPEB01,0.9999524124751112
NIHDIU,HAWZEM,0.9999283607040106
NIHDIU,UFUNIS,0.9999261565398668
NIHDIU,BAHGUN02,0.999922532695978
NIHDIU,UFUMUD,0.9998463878272966
NIHDIU,IPINAY,0.9982640010806748
NIHDIU,VOJPUG01,0.9982398318210326
NIHDIU,POFFAT,0.9971724662346791
NIHDIU,IXAJUN,0.8792139831740877
NIHDIU,NAPSUV,0.8656510323140658
QERZUI,BAHGUN04,0.9999988230808278
QERZUI,HAWZEM,0.9999963044701574
QERZUI,BAHGUN02,0.9999494572384184
QERZUI,QERZUI01,0.999945987362389
QERZUI,UGEPEB01,0.9998632686236042
QERZUI,UFUMUD,0.99982027010975
QERZUI,UFUNAK,0.9997991295530012
QERZUI,UFUNIS,0.99977161429612
QERZUI,UGEPEB,0.9996203120368768
QERZUI,KAKTIA01,0.9993691157810106
QERZUI,IPINAY,0.998782073566342
QERZUI,VOJPUG01,0.9987650286010143
QERZUI,QIWQES,0.9929462095853928
QERZUI,IXAJUN,0.8792859221513993
QERZUI,EDOSEY,0.8657299119336963
SAXYOH,MAQZUB,0.9786526168658766
DADTOS,DADTOS04,0.9999999866742098
DADTOS,DADTOS11,0.9999999768604434
DADTOS,DADTOS09,0.9999999140678346
DADTOS,DADTOS12,0.9999998048227756
DADTOS,DADTOS02,0.9999997825576542
DADTOS,DIDVIW,0.9999997531878636
DADTOS,YANWOC01,0.999999635114882
DADTOS,YANWOC02,0.9999992443883146
DADTOS,DADTOS13,0.99999839542895
DADTOS,DADTOS15,0.999974928423686
DADTOS,REZJIR02,0.9999718393584176
DADTOS,YUKTUU,0.9999705446264464
DADTOS,VIRJEM,0.9999549317608496
DADTOS,DADTOS16,0.999954346150142
DADTOS,PADJOU01,0.9999417623235928
DADTOS,PADJOU,0.9999367903381412
DADTOS,LIJWOR02,0.999910546308661
DADTOS,IQEWOQ,0.9986908523792069
AXINAX01,DIBQIQ,0.9998491036784452
AXINAX01,DIBQOW,0.9982883620325838
AXINAX01,HELDOT,0.9977274875774202
AXINAX01,HURGOR,0.9564094290024404
AXINAX01,FISQEG,0.9470573673415656
AXINAX01,XUDVAV,0.9422556265637564
AXINAX01,BUKLOJ,0.9056068670477356
AXINAX01,ERUNUC,0.8857297147600416
AXINAX01,JODGIU,0.8853552412193019
AXINAX01,DIDBEZ,0.8852633537797256
AXINAX01,DIDBID,0.8851839034644686
AXINAX01,HALVEY,0.8768068844038521
AXINAX01,CAQKAJ01,0.8767143669995119
AXINAX01,CAQKAJ,0.8765072686873443
AXINAX01,FEXCAO01,0.8754153056758007
AXINAX01,HAJYAV,0.8742455834947553
AXINAX01,YATDOP,0.8719249480642619
AXINAX01,FEVDER,0.8683494517599114
AXINAX01,NIDFOX,0.864333813807459
AXINAX01,VASYEW,0.8639266418634598
AXINAX01,FEYJOJ,0.8632467841047815
DUNXUH13,DUNXUH15,0.9999859999710918
DUNXUH13,ULISOZ,0.8971697572447148
DUNXUH13,IJEXIF01,0.8966252567938731
LASMUP,VEHJUP,0.8607360862778201
LASMUP,ULISOZ,0.8595673555771198
CUFFIT,TIKXAN,0.9999998603056024
CUFFIT,CUFFUF,0.9999995369352638
CUFFIT,CUFFOZ,0.9999992514665326
CUFFIT,YAMXOC,0.9999992100645352
CUFFIT,FEYDET,0.9999800030748964
CUFFIT,PEYVEV,0.9887121089034664
CUFFIT,XINTOG,0.924222538085169
CUFFIT,MAYJOM,0.8748892817130527
CUFFIT,VACFOV,0.87482897936713
CUFFIT,VACFOV01,0.8747706954628766
FOSTOY,FOSTIS,0.9999896069353196
FOSTOY,CIFSIW,0.9998473483004946
FOSTOY,FAHQEM,0.9562100669111314
FOSTOY,FAHQIQ,0.95541001168961
FOSTOY,IFIPEV,0.9531629002322148
FOSTOY,GALJAG,0.9508083481513634
FOSTOY,VIFPUY02,0.9026118852379188
FOSTOY,VIFPUY,0.9025953127811992
FOSTOY,VIFPUY03,0.9025926609609554
VALVAI,HELNAQ,0.999991521921778
VALVAI,KIKMAV,0.9994664737272074
VALVAI,MAPGOC,0.9991596718309866
VALVAI,MAPHAP,0.8849447902615374
JALPAQ,MIKVEK,0.8909505846686215
JALPAQ,ORAWAH,0.8839242948989673
JALPAQ,IDUDES,0.8810659856127335
JALPAQ,HAWZEM,0.8792545296839669
JALPAQ,UFUNAK,0.8792500534442789
JALPAQ,BAHGUN,0.879242347672519
JALPAQ,BAHGUN03,0.8792257792946283
JALPAQ,UGEPEB01,0.8789180809129908
JALPAQ,UFUNIS,0.8787656194415296
JALPAQ,UGEPEB,0.8785616455907533
JALPAQ,POFFAT,0.8777945072249036
JALPAQ,QIWQES,0.8734635252820883
JALPAQ,LAYXER,0.8729875287983341
JALPAQ,ANUGEW,0.8729780864197048
JALPAQ,GAVDUD,0.8611294137095586
JALPAQ,QIZLIW,0.8608978857198786
JALPAQ,OHOMIH,0.860596206578462
JALPAQ,WULJUJ,0.8589141707969729
JALPAQ,DOTSOV08,0.8588849577543092
IGUTUB,IGUVIR,0.9999629336946771
IGUTUB,KEJBOQ,0.9227702220134576
IGUTUB,RUXWEM03,0.9225744650629488
IGUTUB,AVAQIX,0.9221781709407204
IGUTUB,ROCZEQ,0.9202308216579232
IGUTUB,ZASJAG,0.9196978084052592
IGUTUB,PIKYIU,0.8852731357605454
IGUTUB,DAPYAW,0.8850205371625515
IGUTUB,XEFGUN01,0.8779248505887769
IGUTUB,GOYLUB,0.8775291321075452
IGUTUB,NOLRIR,0.8610783537974891
IGUTUB,AWEJIW,0.8601991932525402
IGUTUB,VOQBUZ,0.8601017986748142
WEYQAU04,WEYQAU01,0.9999964312955802
YOGKOW,IDOJUJ,0.8636210721035068
YOGKOW,VEHJUP,0.8611524714162404
YOGKOW,ULISOZ,0.8606923517653511
XEVXUT,FUMJAZ01,0.9984650033174578
XEVXUT,FUMJAZ,0.9983966344620446
XEVXUT,FEVDER,0.9056176958919264
XEVXUT,TIDNIF,0.9026041394988576
XEVXUT,BAKJOO,0.90245766259232
XEVXUT,DIDBID,0.8797130867645276
XEVXUT,ERUNUC,0.8789566652873099
XEVXUT,FILYEG,0.8652076164147416
XEVXUT,XADDUD,0.8640161753239418
XEVXUT,XADDOX,0.8627384964085181
XEVXUT,COXFOL,0.8625050286981863
XEVXUT,FILYAC,0.8599349094535396
FEYJOJ,ABAYOU,0.9466793457254294
FEYJOJ,VASYEW,0.9322692914050138
FEYJOJ,XUDVAV,0.9319745142706436
FEYJOJ,BAKJOO,0.9012241078277724
FEYJOJ,TIDNIF,0.9003237847566309
FEYJOJ,DIBQIQ,0.8620279292232912
FEYJOJ,NIGPEA,0.859144084325075
HERYOT,EDOWEC,0.847898063529188
EROJUS02,EROJUS06,0.9999909343314908
XEFGUN01,RUXWEM03,0.94718744615641
XEFGUN01,FALGIK,0.9451126362476538
XEFGUN01,POKZOG,0.9082439994698792
XEFGUN01,ODIXAC,0.9082437059423468
XEFGUN01,AJAKON,0.9080596318780628
XEFGUN01,PIKYIU,0.9079944985425866
XEFGUN01,DAPYAW,0.9078125601580394
XEFGUN01,ENITEB,0.9076689528611585
XEFGUN01,RUGYOJ,0.9075846169163512
XEFGUN01,ESADUZ01,0.90654646743769
XEFGUN01,EVUDAA,0.9063902443058448
XEFGUN01,NOZZUZ,0.9063750362956412
XEFGUN01,WUHMOD,0.9060957519469184
XEFGUN01,QEKLID01,0.8862944349355093
XEFGUN01,RIGHAR,0.8850770031689377
XEFGUN01,AVAQIX,0.8842512261223584
XEFGUN01,NOLRIR,0.8832505222007988
XEFGUN01,ROCZEQ,0.8811571923040512
XEFGUN01,AWEJIW,0.8805465121953637
XEFGUN01,CEHKUW,0.8741783572044237
XEFGUN01,PARKUQ,0.8727193353875798
XEFGUN01,PARKUQ01,0.8727096257800318
XEFGUN01,MITSAK,0.8720265618735679
XEFGUN01,FUMJAA,0.8714021429143446
XEFGUN01,FELXOM,0.8684586882070122
XEFGUN01,JUXZOT,0.8678415220731812
XEFGUN01,EKUNON02,0.8642111889129404
XEFGUN01,ULOGIL,0.8642061320084404
XEFGUN01,YICRAF,0.8606538359067304
XEFGUN01,RUVBIV,0.8604952981381621
SURLEY,WIZMAV09,0.9469415190854892
SURLEY,WIZMAV,0.9469411293420232
SURLEY,WIZMAV11,0.9469400309852934
SURLEY,WIZMAV04,0.9469386660966423
SURLEY,WIZMAV08,0.9469385554205306
SURLEY,ERARUM,0.946909809242334
SURLEY,HERHAQ,0.9066075299221174
SURLEY,EMIYUW,0.9050988105014824
SURLEY,HERHEU,0.9046228579967744
SURLEY,OXOLAP,0.9045886516203848
SURLEY,BUNLAZ,0.8982170144522844
SURLEY,IZIBUQ,0.8904845262673089
SURLEY,ESEBOV,0.875324235017162
SURLEY,UNEJEE,0.8749072957756728
WIZMAV11,WIZMAV,0.9999999988946988
WIZMAV11,HERHAQ,0.9558602967430632
WIZMAV11,GERBEN,0.9554190549898164
WIZMAV11,EMIYUW,0.9548630378902616
WIZMAV11,BUNLAZ,0.9494204195786796
WIZMAV11,UFOSEQ,0.9469407539284114
WIZMAV11,UNEJEE,0.8929008489362289
WIZMAV11,OXOLAP,0.8632124367544222
LAQNID,ANUGOG,0.9419271551723076
LAQNID,ANUGEW,0.9276810183346608
LAQNID,LAYXER,0.9269657309832904
LAQNID,LAYXAN,0.9251982254210284
LAQNID,BAZGAM,0.9006727220662911
LAQNID,ORAWAH,0.8979810020484957
LAQNID,QOWRAV11,0.8948047063970213
LAQNID,QOWRAV08,0.8947896909837646
LAQNID,QOWRAV02,0.8947147066007306
LAQNID,EDOSEY,0.8910455349459389
LAQNID,IXAJUN,0.875595383470094
LAQNID,ENIHUG,0.8746591089970679
LAQNID,FISGOF,0.8692729190360977
LAQNID,DOTSOV16,0.8692419459736804
LAQNID,DOTSOV08,0.8692419399573739
LAQNID,EBAMUS,0.869058907143011
LAQNID,QIZLIW,0.8686043831741003
LAQNID,WULJUJ,0.8684490987273744
LAQNID,QAWHIH01,0.8676527868462753
LAQNID,QAWHIH,0.8675984080531843
LAQNID,OHOMIH,0.8649742772260522
LAQNID,YOZNOS,0.8599303119727659
FELXOM,JUYJIY,0.8959417442477073
FELXOM,RUXWEM03,0.8842091672997265
FELXOM,FALGIK,0.8798168689205299
FELXOM,YICRAF,0.8774713830190706
FELXOM,GOYLUB,0.8690785739365097
FELXOM,EKUNON,0.8657276322716224
FELXOM,EKUNON02,0.8656494645217995
DALSOA,DOTSOV10,0.9330059684732568
DALSOA,DOTSOV08,0.9330058180414648
DALSOA,DOTSOV16,0.9330058153016512
DALSOA,DIHVIB01,0.9329906547630626
DALSOA,LUDLED,0.9329872918444256
DALSOA,WULJUJ,0.9320613968632954
DALSOA,QAWHIH01,0.9319909977711652
DALSOA,QAWHIH,0.931947718190918
DALSOA,OHOMIH,0.9275589635905932
DALSOA,YOZNOS,0.9244632118279656
DALSOA,ORAWAH,0.873859620874527
EDAGAT,RAVVIU01,0.9999999465916848
EDAGAT,RAVVIU,0.9999982547574492
EDAGAT,EDAGEX,0.9999828351315628
EDAGAT,DADTUY07,0.9985217306424724
EDAGAT,IGOPEB,0.9976276614452972
EDAGAT,SOJKOT07,0.9972235512013558
EDAGAT,MAJMOA03,0.9967096503576736
DEBBIY,XALXIS01,0.8835653800120911
CUFFUF,PEYVEV,0.9885687480628416
CUFFUF,VACFOV,0.8748460717430366
CUFFUF,VACFOV01,0.874790560921863
CUFFUF,VIFPUY02,0.8747366208280407
CUFFUF,VIFPUY05,0.8747354064135147
JEDDII,EKEKEL,0.9102309129650208
JEDDII,MIBQAR01,0.897191409491731
JEDDII,VUSKEA,0.8971900750879296
JEDDII,IFABIA02,0.8964147066780073
LASMAV,KEJWAY,0.9995836983737468
LASMAV,AHETAK,0.9988311662486856
LASMAV,BOWDUO,0.9988027030982554
LASMAV,VEDFUH,0.9987316001330102
LASMAV,BOWDOI,0.9986976542035996
LASMAV,VEDFAN,0.9986626189495228
LASMAV,VEDGIW,0.998330583704128
LASMAV,VODNOS,0.9982852794070352
LASMAV,OJOBAS,0.9979979455879208
LASMAV,CEYPUT,0.997980584315204
LASMAV,ABAVUV,0.9947969793061344
LASMAV,JODGIU,0.92136732404765
LASMAV,DIDBID,0.921290956297951
LASMAV,ERUNUC,0.9210810495407116
LASMAV,BUKLOJ,0.8850039312211715
LASMAV,FEVDER,0.8785673848659374
LASMAV,BAKJOO,0.876803591773645
LASMAV,TIDNIF,0.8758892404279637
ODIXAC,GOYLUB,0.9079690972117688
ODIXAC,FALGIK,0.8632382944196852
ODIXAC,GERWOR,0.8610463340933286
ORAWAH,MIKVEK,0.992729991022132
ORAWAH,EXOGAB,0.9391663642098528
ORAWAH,ANUGOG,0.9352235812138286
ORAWAH,YOZMIL,0.9322238168400132
ORAWAH,LUDLED,0.9321867982745676
ORAWAH,DIHVIB01,0.9321670600012868
ORAWAH,EBAMUS,0.9317182333709214
ORAWAH,DOTSOV08,0.93168916889173
ORAWAH,DOTSOV16,0.9316891305621116
ORAWAH,NEMCOA,0.9287782541386396
ORAWAH,YOZNOS,0.9261309938281704
ORAWAH,GAVDUD,0.9250708878811298
ORAWAH,ANUGEW,0.913012008559701
ORAWAH,LAYXAN,0.9084610897967716
ORAWAH,IXAJUN,0.88293647891186
ORAWAH,BAZFUF01,0.8829065259188171
ORAWAH,EDOSEY,0.8824434376350412
ORAWAH,QOWRAV09,0.8811715589080391
ORAWAH,QOWRAV11,0.8811677929953055
ORAWAH,QOWRAV03,0.8811268817777829
ORAWAH,LIGQEA,0.879531194044784
ORAWAH,ENIHUG,0.8677156210292518
ORAWAH,SEMNIJ,0.8673341175508901
ORAWAH,IWEVAJ,0.8612203854727855
ORAWAH,FISGOF,0.8591767282008687
LEPKUO,AHONIU,0.9986898353034516
FAHQIQ,GALHUY,0.9999220668252656
FAHQIQ,FAHQEM,0.9977903604467536
FAHQIQ,FOSTIS,0.9552114620764506
FAHQIQ,CIFSES,0.955147092929678
FAHQIQ,CIFSAO,0.955067924507728
FAHQIQ,NEDLOZ,0.9535203784640378
FAHQIQ,VACFOV01,0.936166853342628
FAHQIQ,VIFPUY05,0.9357907802972446
FAHQIQ,VIFPUY,0.9357752293621784
FAHQIQ,VIFPUY03,0.9357714870835888
MIBQAR12,VUSKEA,0.9999996100856914
MIBQAR12,MIBQAR01,0.9999995466412864
MIBQAR12,IFABIA02,0.998965644092742
MIBQAR12,ODODIW,0.906660992272073
MIBQAR12,SACHIP,0.8960096611924805
MIBQAR12,UKOLOV,0.8852542620139814
MIBQAR12,QAQSAD,0.8823324427814208
MIBQAR12,IDIXAU,0.8779922495271189
MIBQAR12,VEHJUP,0.8747183160201761
MIBQAR12,IJEXIF01,0.8744889306760719
MIBQAR12,ZARLIP,0.8738734136183568
MIBQAR12,ULISOZ,0.873694039721092
MIBQAR12,XAFFAN,0.872858117203118
MIBQAR12,GADROU,0.8681192854096188
MIBQAR12,KAHMOW,0.8626863232578827
MIBQAR12,XEGXIT,0.8626716166480223
MIBQAR12,YICQOS,0.8611406884223476
JAYXAL,NUFCAU,0.8982853633108768
JAYXAL,DITTEH,0.8727381758947685
VUSKEA,PEVQEO,0.9999997079158724
VUSKEA,MIBQAR01,0.9999983365724348
VUSKEA,IFABIA02,0.9990042282545591
VUSKEA,EKEKEL,0.8872975551354692
VUSKEA,DITTEH,0.8854458294491415
VUSKEA,UKOLOV,0.8853099010055359
VUSKEA,VEHJUP,0.8747387318407713
VUSKEA,IJEXIF01,0.8745165494733117
VUSKEA,ZARLIP,0.8739520261050157
VUSKEA,MEWPIQ,0.8727051057993869
VUSKEA,GADROU,0.8681579244943181
VUSKEA,XEGXIT,0.8627713298483395
CUFFOZ,CUFFEP,0.9999999963143392
CUFFOZ,YAMXOC,0.9999999841625792
CUFFOZ,TIKXAN,0.9999997482679706
CUFFOZ,PEYVEV,0.9885296608100116
CUFFOZ,XINTOG,0.9240624390094524
CUFFOZ,MAYJOM,0.874906592663053
CUFFOZ,VACFOV,0.874850673976221
CUFFOZ,VACFOV01,0.8747959347443481
CUFFOZ,VIFPUY03,0.8747385079007138
CUFFOZ,LOQLEJ,0.8747381505167455
QISNIR,FENTEY,0.9998007031928946
QOWRAV03,QOWRAV02,0.9999999966240452
QOWRAV03,QOWRAV11,0.999999775253376
QOWRAV03,QOWRAV09,0.9999997317020464
QOWRAV03,LIGQEA,0.9997563917300774
QOWRAV03,BAZFUF01,0.997093427276722
QOWRAV03,BAZGAM,0.9860857626293686
QOWRAV03,ANUGEW,0.9594318904751388
QOWRAV03,LAYXER,0.9572816160403358
QOWRAV03,EXOGAB,0.9074657470904668
QOWRAV03,FISGOF,0.901167492925956
QOWRAV03,ENIHUG,0.8677820216884282
QOWRAV03,MIKVEK,0.8665731242552764
QOWRAV03,SEMNIJ,0.8658312790630404
VOQBUZ,IGUVIR,0.8605753703105847
ROZXEL,IFABIA02,0.9463039563962312
ROZXEL,MIBQAR01,0.9437632756716072
ROZXEL,DITTEH,0.932803793197558
ROZXEL,XAFFAN,0.9223964222185996
ROZXEL,QEDZEG,0.914201961814643
ROZXEL,YICQOS,0.8730690028939802
ROZXEL,ODODIW,0.8648144330758817
ROZXEL,QIWCUW,0.8595705115676053
VACFOV01,VIFPUY05,0.9999967719677768
VACFOV01,LOQLEJ,0.9999963064471415
VACFOV01,VACFOV,0.9999957327171438
VACFOV01,GALJAG,0.94721072039352
VACFOV01,IFIPEV,0.9469514622484332
VACFOV01,FAHQEM,0.9438037219845016
VACFOV01,GALHUY,0.9379273062232062
VACFOV01,NEDLOZ,0.9056058259668488
VACFOV01,CIFSIW,0.9045235999248132
VACFOV01,CIFSAO,0.9035710687687372
VACFOV01,FOSTIS,0.9032894756239817
VACFOV01,YAMXOC,0.8747968145321754
VACFOV01,TIKXAN,0.874781351627895
VACFOV01,PEYVEV,0.8603445003755701
MIBQAR01,VEGMOK04,0.9984474179673422
MIBQAR01,ODODIW,0.906607252606804
MIBQAR01,SACHIP,0.8960583165852727
MIBQAR01,UKOLOV,0.8851934590815386
MIBQAR01,MIMRAB01,0.8842514877941974
MIBQAR01,QAQSAD,0.8822621223046029
MIBQAR01,IDIXAU,0.8778798814330451
MIBQAR01,IJEXIF01,0.8744582034327182
MIBQAR01,ZARLIP,0.8737876536545978
MIBQAR01,ULISOZ,0.8736452684652737
MIBQAR01,XAFFAN,0.8727624636135135
MIBQAR01,MEWPIQ,0.8725173972542369
MIBQAR01,XEGWIS,0.8625936637079435
MIBQAR01,KAHMOW,0.8625778792264645
MIBQAR01,XEGXIT,0.8625630549122749
MIBQAR01,YICQOS,0.8611452648961195
MIBQAR01,EGIKUB01,0.8606792025362393
YUKVUW04,YUKVUW07,0.9999991924239566
YUKVUW04,YANXIX02,0.999952341288164
YUKVUW04,SIWQIA02,0.9999286332943964
YUKVUW04,SANMEB,0.999853368652104
YUKVUW04,TEVZOK,0.9982442871287476
YUKVUW04,ELUQIM08,0.9971885109512356
YUKVUW04,ELUQIM04,0.9971297679501344
WOBHOL,QEJBIT,0.8751530434143836
WOBHOL,RIGTIL,0.8710673233064858
WOBHOL,NATFAS,0.8687299508287428
WOBHOL,CIZQUZ,0.8681732184009248
APAZOI,LUWMEX,0.9999659672850774
APAZOI,WOJYEB,0.9989710418940912
APAZOI,YUMFUJ,0.9972649543502796
APAZOI,FECXAO,0.9479226665662348
GINHOD,WEYQAU16,0.999074995664712
WEYQAU16,WEYQAU01,0.9998995960382088
WEYQAU16,WEYQAU02,0.9998225701811568
WEYQAU16,WEYQAU06,0.9998060668426316
WEYQAU16,WEYQAU09,0.9997033972029212
WEYQAU16,GELVEZ02,0.8848375785276352
WEYQAU16,BIYTOU,0.8841252465467108
WEYQAU16,SOBDOF,0.8833816318339534
WEYQAU16,DIJCOP,0.8731729727009254
NATFAS,CIZQUZ,0.999977405537791
NATFAS,MUZHUL,0.9968550346132604
NATFAS,FABFOF,0.9951304481947876
NATFAS,WOBHIF03,0.8687035569577812
QIYDAF01,FAGQAI,0.9999684907905386
QIYDAF01,QIYDIN01,0.9957513349328913
QIYDAF01,OGEBAF,0.9549733679287709
QIYDAF01,SEMNIJ,0.8822376658089779
QIYDAF01,YUGLES,0.8820360970682507
QOBGEV,CIZQUZ,0.9991175230618274
WIZMAV,WIZMAV10,0.9999999973818254
WIZMAV,WIZMAV05,0.999999958005945
WIZMAV,ERANAO,0.9926374127162014
WIZMAV,HERHAQ,0.9558587019002316
WIZMAV,EMIYUW,0.9548604130878474
WIZMAV,HERHEU,0.9545207699389746
WIZMAV,GAYXEM,0.9534012440907068
WIZMAV,UFOSEQ,0.9469418508321998
WIZMAV,RUBTAK03,0.9469408845539236
WIZMAV,DITJOH,0.922538297627137
WIZMAV,ESEBOV,0.893186865484262
WIZMAV,UNEJEE,0.8928982726577431
WIZMAV,WUPTUY01,0.8634669739433543
WIZMAV,OXOLAP,0.8632095157255254
EBEWOZ01,EBEWOZ,0.9999999450296514
EBEWOZ01,EBEXAM,0.9999925254484252
EBEWOZ01,COKJIX,0.8936373024726039
EBEWOZ01,MIRGIG,0.8872681080179053
EBEWOZ01,KEZLIN,0.8861014985288738
EBEWOZ01,AFUDUD,0.8841956926612901
EBEWOZ01,ADEGIA,0.8673223127462262
EBEWOZ01,ATIKAP,0.8671941310555475
EBEWOZ01,ADEGIA01,0.8646749420028176
QAWHIH01,DIHVIB,0.9993920948521834
QAWHIH01,EBAMUS,0.9988214363834554
QAWHIH01,DOTSOV16,0.9988045746427684
QAWHIH01,WULJUJ,0.9972153147270592
QAWHIH01,QIZLIW,0.995632480268815
QAWHIH01,YOZNOS,0.9930622151028118
QAWHIH01,GAVDUD,0.9923746194731282
QAWHIH01,OHOMIH,0.9888564169395816
QAWHIH01,BABREE,0.9297326586979726
QAWHIH01,MIKVEK,0.92604457922727
QAWHIH01,NUTQAV,0.9082144287970018
QAWHIH01,YUGLES,0.9081306378996764
QAWHIH01,OFOCUI,0.9078618045615638
QAWHIH01,EXOGAB,0.9056593360523686
QAWHIH01,MOFGOE,0.893367434892165
QAWHIH01,ADONEP,0.8827356960640376
QAWHIH01,EXAXAE,0.8783726860339833
QAWHIH01,ANUGOG,0.8768747863452897
QAWHIH01,NEMCOA,0.8706178500316302
QAWHIH01,HIDTUM,0.8687775330957531
QAWHIH01,KIRFOI,0.8618958432544284
DADTOS02,YANWOC02,0.99999983760192
DADTOS02,DADTOS04,0.9999996616020128
DADTOS02,DADTOS11,0.9999996175602576
DADTOS02,DADTOS05,0.9999994880225286
DADTOS02,DADTOS09,0.9999994232449352
DADTOS02,DADTOS13,0.999999359332022
DADTOS02,DADTOS12,0.9999991753891588
DADTOS02,DIDVIW,0.9999990724477268
DADTOS02,DADTOS15,0.9999793806051686
DADTOS02,YUKTUU,0.9999753878507852
DADTOS02,REZJIR03,0.9999716076318592
DADTOS02,DADTOS16,0.9999604298722456
DADTOS02,PADJOU01,0.999948628647484
DADTOS02,LIJWOR02,0.9999191223325378
YENZEZ,SEHSII,0.9065946623398128
YENZEZ,LAVTAF,0.9002108308047994
YENZEZ,VITZAB,0.8626072467693344
UFUNIS,BAHGUN03,0.999779663582228
UFUNIS,BAHGUN,0.9997458086584736
UFUNIS,HAWZEM,0.9997144830672338
UFUNIS,UFUNAK,0.9991433004175668
UFUNIS,KAKTIA01,0.9985084835244828
UFUNIS,IPINAY,0.9975052525628
UFUNIS,POFFAT,0.9962283319149036
UFUNIS,IXAJUN,0.878993640553166
UFUMUD,BAHGUN02,0.999956403239999
UFUMUD,QERZUI01,0.9998923449174534
UFUMUD,BAHGUN03,0.9998263773972964
UFUMUD,BAHGUN,0.999808413495927
UFUMUD,IPINAY,0.9981135459791532
UFUMUD,POFFAT,0.9970365840065768
UFUMUD,IXAJUN,0.8790519655380484
UFUMUD,NAPSUV,0.8655394815751121
UFUMUD,EDOSEY,0.8645678987079615
WECSAZ01,YIXFOC,0.9998490978174532
WECSAZ01,EHAZES,0.999984721559482
WECSAZ01,WECSAZ,0.9998812485615546
WECSAZ01,YIXFOC03,0.9998238883760492
WECSAZ01,EXUSUN,0.9994314693641856
WECSAZ01,EXUTAU,0.9993980361602636
WECSAZ01,EHAZAO,0.9985485440999464
WECSAZ01,IBEYAQ,0.9460759066749302
WECSAZ01,DUGDOA01,0.9075263433067664
WECSAZ01,HISSIN,0.8867809905266332
WECSAZ01,WOJYOL,0.8850856616868144
WECSAZ01,LUCDAO,0.8813413044385316
WECSAZ01,RUYVIS,0.8706509826165167
WECSAZ01,SENXAN,0.8673615662160814
WECSAZ01,LIXMEM,0.8605739641558227
WECSAZ01,AHONEQ,0.8605474296645419
EGIKUB01,NERVAJ,0.8321988772090015
EGIKUB01,IJEXIF01,0.8967781458545906
EGIKUB01,ULISOZ,0.8962910226157802
EGIKUB01,IRELAU,0.874583377059384
EGIKUB01,ADUWIH,0.8598364887353923
DUGDUG,XISDIO,0.9934947858198736
DUGDUG,AYOZOF,0.9919026137997397
DUGDUG,DAKZUN,0.986828002532846
DUGDUG,CEJXEW,0.9502034865232464
DUGDUG,WOJYUR,0.9414150833644656
DUDMEV,VASFUT,0.9999520527429174
KEJBOQ,AVAQIX,0.9998680008640553
KEJBOQ,ROCZEQ,0.9934413283485372
KEJBOQ,IGUVIR,0.9224411039647528
KEJBOQ,CIKCOQ,0.8791502856008001
IJEXIF01,VEHJUP,0.9999660591091508
IJEXIF01,FUDGIW,0.907427520572616
IJEXIF01,KEFBOO,0.9053104445939476
IJEXIF01,NASROR,0.8776271009123273
IJEXIF01,IFABIA02,0.8748143117170389
IJEXIF01,VEGMOK04,0.8747394535711147
IJEXIF01,DOYHIK,0.8747118554047353
IJEXIF01,CUVTOD,0.8741721532276225
IJEXIF01,NUFCAU,0.8735056657592463
IJEXIF01,SOWCOY,0.860432523006591
ERARUM,WIZMAV05,0.9999994826414778
ERARUM,WIZMAV10,0.9999990492138184
ERARUM,ERANAO,0.9927938122033568
ERARUM,HERHEU,0.9546006263374602
ERARUM,GAYXEM,0.9535017780715112
ERARUM,BUNLAZ,0.9495676502409618
ERARUM,UFOSEQ,0.9469105710691216
ERARUM,RUBTAK03,0.9469095507727392
ERARUM,DITJOH,0.9225259437728244
ERARUM,IZIBUQ,0.9103431427451896
ERARUM,ESEBOV,0.8932503792494574
ERARUM,UNEJEE,0.8929689837520632
VODBEW,EBEXAM,0.8896568404197458
VODBEW,EBEWOZ,0.8891457398275978
VODBEW,YICGUP,0.862347276276237
VODBEW,ATIKAP,0.8608436665613759
VODBEW,ADEGIA01,0.8606330969850774
BAKJOO,JODGIU,0.9090284398976703
BAKJOO,DIDBID,0.9088416577894682
BAKJOO,FUMJAZ01,0.9047494568638484
BAKJOO,FUMJAZ,0.904573306466117
BAKJOO,FISQEG,0.8949047434948203
BAKJOO,YATDOP,0.8871895827926342
BAKJOO,CEYPUT,0.8792667528357004
BAKJOO,OJOBAS,0.8792648079411757
BAKJOO,VEDGES,0.879214956711984
BAKJOO,VEDFER,0.8791103100343057
BAKJOO,VEDFUH,0.8790871286792925
BAKJOO,AHETAK,0.8790443172806356
BAKJOO,KEJWAY,0.8784203553303955
BAKJOO,TATSIS01,0.8777456495186807
BAKJOO,TATSIS,0.8775552901634139
MUZHUL,FABFOF,0.9998107222256244
MUZHUL,WOBHIF03,0.8726291060937788
ERUNUC,JODGIU,0.9995405097497674
ERUNUC,XALMOO,0.9248247502620702
ERUNUC,OJOBAS,0.9233928466016896
ERUNUC,CEYPUT01,0.9233688481802887
ERUNUC,VEDGIW,0.9233506774278176
ERUNUC,VEDFER,0.9232632608904832
ERUNUC,BOWDOI,0.923256076306745
ERUNUC,VEDFUH,0.9232457838832456
ERUNUC,BOWDUO,0.9232191935825452
ERUNUC,AHETAK,0.92320774083831
ERUNUC,ABAVUV,0.922828384955425
ERUNUC,HURGOR,0.9225770595109652
ERUNUC,TATSIS01,0.9219818543416848
ERUNUC,TATSIS,0.9218049746747208
ERUNUC,NIDFOX,0.9168203183996912
ERUNUC,FEVDER,0.9090590396117708
ERUNUC,DIBQIQ,0.8857103334199941
ERUNUC,NIGPEA,0.8849376792211705
ERUNUC,FUMJAZ01,0.8811657591827478
ERUNUC,LUWZUZ,0.8803133521980251
ERUNUC,BUKLOJ,0.8747459204596117
ERUNUC,FISQEG,0.864675455368206
DAPYAW,DELGIN,0.9646522943498448
DAPYAW,AWEJIW,0.9637601636380598
DAPYAW,RUXWEM03,0.9557633067592942
DAPYAW,FALGIK,0.9519939359393456
DAPYAW,NOLRIR,0.9461570456901996
DAPYAW,QEKLID,0.9453217547988032
DAPYAW,PIKYIU,0.9166077081099928
DAPYAW,PIKYAM,0.9135962355611136
DAPYAW,FESYEK,0.9111399138484776
DAPYAW,GOYLUB,0.9082084594212356
DAPYAW,QUQFOY,0.8806748150963627
DAPYAW,JUXZOT,0.8734456079617074
DAPYAW,YICRAF,0.8683204664464184
YOZMIL,DIHVIB01,0.9999989369937898
YOZMIL,DIHVIB,0.999997225493484
YOZMIL,DOTSOV08,0.9999309189364444
YOZMIL,QAWHIH,0.9992735762504764
YOZMIL,WULJUJ,0.9988822913539056
YOZMIL,QIZLIW,0.9984096653405377
YOZMIL,OHOMIH,0.993679239406377
YOZMIL,MIKVEK,0.9297260695900944
YOZMIL,YUGLES,0.90800988044063
YOZMIL,OFOCUI,0.9077118042471768
YOZMIL,EXOGAB,0.907641450533578
YOZMIL,PIDRAY,0.8996953680497528
YOZMIL,MOFGOE,0.8958091927416776
YOZMIL,EXAXAE,0.8819719832399502
YOZMIL,ANUGOG,0.8779189301259004
YOZMIL,CEKHUY,0.873865105135501
YOZMIL,KIRFOI,0.865703507002932
BUKLOJ,HURGOR,0.9440235018100288
BUKLOJ,XUBKOU,0.9153390415434582
BUKLOJ,USAYOE,0.9081249306584712
BUKLOJ,GEPBEK,0.907372565309808
BUKLOJ,DIBQOW,0.8996792487385958
BUKLOJ,HELDOT,0.898482435464911
BUKLOJ,FISQEG,0.8868612002906744
BUKLOJ,XIHSEN01,0.8849934455419401
BUKLOJ,XIHSAJ,0.8849075508853135
BUKLOJ,KEJWAY,0.8842391449864913
BUKLOJ,AHETAK,0.8832515896172055
BUKLOJ,VEDFUH,0.8831277563829378
BUKLOJ,BOWDOI,0.883086021871115
BUKLOJ,VEDGIW,0.8826375940632724
BUKLOJ,VEDGES,0.8825869170055137
BUKLOJ,VODNOS,0.8825829642122018
BUKLOJ,CEYPUT,0.8822183360410427
BUKLOJ,PUNYED,0.8748625711237596
BUKLOJ,HALVEY,0.8674811675793435
BUKLOJ,TAHYUZ,0.866925385616351
BUKLOJ,XEVSIB01,0.8637054504433309
BUKLOJ,MOXDEJ,0.8602248425843435
BUKLOJ,FILYEG,0.8599989943524129
EKEKEL,XOJWOJ,0.9994166900731803
ECEDEY,RUFMUA,0.9079286028298468
NIWZIE17,NIWZIE09,0.9999864072709588
NIWZIE17,NIWZIE01,0.9999467386372504
NIWZIE17,NAXVOY04,0.9998854788739244
NIWZIE17,AMURUX,0.9950723831556296
ULISOZ,VEHJUP,0.9996249314358718
ULISOZ,FUDGIW,0.9080197229173818
ULISOZ,KEFBOO,0.903665730549034
ULISOZ,DITTEH,0.8872415391580748
ULISOZ,DOYHIK,0.8760701976896116
ULISOZ,VEGMOK04,0.8749932076252946
ULISOZ,IFABIA02,0.8748395358319133
ULISOZ,CUVTOD,0.8741904103939491
ULISOZ,NUFCAU,0.8715328295386492
DADTOS13,YANWOC02,0.999999841849178
DADTOS13,DADTOS14,0.9999982133682546
DADTOS13,DADTOS04,0.999998089701384
DADTOS13,DADTOS11,0.9999979869201924
DADTOS13,DADTOS05,0.9999977019253944
DADTOS13,DADTOS09,0.9999975668464698
DADTOS13,DADTOS12,0.9999970810397478
DADTOS13,DIDVIW,0.999996890030294
DADTOS13,REZJIR02,0.9999836764344272
DADTOS13,YUKTUU,0.999982688318907
DADTOS13,REZJIR03,0.9999794725902312
DADTOS13,VIRJEM,0.9999703338513176
DADTOS13,PADJOU01,0.999959409044192
DADTOS13,PADJOU,0.9999514216901336
DADTOS13,LIJWOR02,0.9999328374609476
REZJIR03,YUKTUU,0.9999997590717732
REZJIR03,DADTOS15,0.9999992287143687
REZJIR03,VIRJEM,0.999998996304708
REZJIR03,PADJOU01,0.999996602497822
REZJIR03,DADTOS14,0.9999897446355271
REZJIR03,LIJWOR02,0.9999865682690214
REZJIR03,YANWOC02,0.9999757181946431
REZJIR03,DADTOS04,0.9999650888727112
REZJIR03,DADTOS09,0.9999629634227968
REZJIR03,DADTOS12,0.9999611346187428
REZJIR03,YANWOC01,0.9999590797806543
REZJIR03,IQEWOQ,0.998242432176611
LIGQEA,QOWRAV02,0.9997582016370512
LIGQEA,QOWRAV11,0.9997413722460492
LIGQEA,ANUGOG,0.9541383772856838
LIGQEA,LAYXER,0.9530486061898203
LIGQEA,LAYXAN,0.948110377668004
LIGQEA,CEFNIN,0.9094886534069914
LIGQEA,FISGOF,0.8983233743067981
LIGQEA,SEMNIJ,0.8636332995805116
LIGQEA,MIKVEK,0.8624118689840501
BOWDOI,VEDFAN,0.9999994922578668
BOWDOI,BOWDUO,0.9999965762000742
BOWDOI,AHETAK,0.9999952922324228
BOWDOI,VEDGIW,0.9999756710164288
BOWDOI,VODNOS,0.9999693555758772
BOWDOI,OJOBAS,0.9999232129866964
BOWDOI,CEYPUT,0.9999197334271472
BOWDOI,CEYPUT01,0.9998860440606324
BOWDOI,TATSIS01,0.9993297371691564
BOWDOI,ABAVUV,0.9986924710332036
BOWDOI,JODGIU,0.9230259979129988
BOWDOI,DIDBEZ,0.9229507972863168
BOWDOI,DIDBID,0.9228770850940644
BOWDOI,FEVDER,0.8792065991225864
BOWDOI,TIDNIF,0.8770587778284978
BOWDOI,XALMOO,0.860119305160014
BOWDOI,YATDOP,0.8600019230575272
REYCUV,XEMPAJ,0.9189302406125128
REYCUV,SIKCIA,0.9105889112955352
REYCUV,MEQPEG,0.9037758750165106
REYCUV,ADATAC,0.859569471549054
MITSAK,ODOXEK,0.9999999069802648
MITSAK,PARKUQ,0.9999537175265892
MITSAK,CEHKUW,0.999328885841571
MITSAK,DUWBEE,0.9468335582864722
MITSAK,QUQFOY,0.93228207931981
MITSAK,FESYEK,0.908246467777629
MITSAK,LIQFEY,0.9077289968530144
MITSAK,IJEYEC,0.8906202479444835
MITSAK,QEKLID01,0.8867746143075105
MITSAK,FIPKOG01,0.8609343426787464
YIPFIO,XEVSIB,0.8990365151368223
CUSQOX,XUMNAW,0.9112381473816006
LARPEB,FEWTAF,0.8817017880721856
LARPEB,YAXBUV02,0.8725799412443084
LARPEB,KUXSIH,0.8725746746401235
LARPEB,POJTOY,0.864412670500081
LARPEB,VAGVAC,0.8642473773728472
LARPEB,POJTUE,0.8628173877243118
LARPEB,SETQUF,0.8623622493129948
AVAQIX,RIGHAR,0.9991721900173688
AVAQIX,IGUVIR,0.9217178158938704
AVAQIX,GOYLUB,0.8848762275862536
AVAQIX,CIKCOQ,0.8787911545373984
AVAQIX,LULGIJ,0.8591601793323418
BOSHUN,CAXZUY,0.8617451210282222
BOSHUN,TEVVOI,0.8588357783214092
AJAKON,YUYLIP,0.9999992876852584
AJAKON,RUGYOJ,0.9998538963626172
AJAKON,GOYLUB,0.9074472856803352
VOSSUT,PUNYED,0.8739081807606615
VOSSUT,ABAYOU,0.8737558359020576
IGAHED02,SACMOA,0.9999323333826275
IGAHED02,OCACUR,0.9998840650244653
IGAHED02,UGECEO,0.9996822458927628
IGAHED02,IGAHED03,0.999398286569586
IGAHED02,KUHNEI,0.9951121181790356
IGAHED02,XEVSIB01,0.8633159476504189
VIFPUY,VIFPUY02,0.9999999790690556
VIFPUY,LOQLEJ,0.9999999778504712
VIFPUY,VACFOV,0.9999845004568606
VIFPUY,MAYJOM,0.9999578699622068
VIFPUY,GALJAG,0.9472135488896504
VIFPUY,FAHQEM,0.9435831082857814
VIFPUY,GALHUY,0.937567301781672
VIFPUY,CIFSIW,0.904293082479258
VIFPUY,CIFSES,0.9031395904931871
VIFPUY,FOSTIS,0.9030248457733104
VIFPUY,CUFFEP,0.8747410096601523
VIFPUY,YAMXOC,0.8747400934216683
IMIDZB02,IMIDZB08,0.999999808388168
IXAJUN,NAPSUV,0.9850551073839872
IXAJUN,EDOSEY,0.9841871050049126
IXAJUN,ANUGOG,0.8837433737086375
IXAJUN,HAWZEM,0.8792911433058208
IXAJUN,BAHGUN,0.8792885535929126
IXAJUN,BAHGUN04,0.8792809734249316
IXAJUN,BAHGUN02,0.8792104762844494
IXAJUN,QERZUI01,0.8792000647596837
IXAJUN,UFUNAK,0.8791435223194817
IXAJUN,UGEPEB01,0.8790952017432193
IXAJUN,UGEPEB,0.8788160427341483
IXAJUN,KAKTIA01,0.8787172319374049
IXAJUN,IPINAY,0.8782093227032644
IXAJUN,VOJPUG01,0.8781737248596316
IXAJUN,POFFAT,0.8773185392006659
IXAJUN,LAYXER,0.8729979669470964
IXAJUN,ANUGEW,0.8728892697828035
IXAJUN,QIWQES,0.8725610131064625
IXAJUN,GAVDUD,0.8611568898772316
IXAJUN,OHOMIH,0.8608348842906082
IXAJUN,QIZLIW,0.8606802806195887
ANUGEW,LAYXAN,0.9993711749082734
ANUGEW,ANUGOG,0.9859815713568748
ANUGEW,BAZGAM,0.9739567266557252
ANUGEW,BAZFUF01,0.9696291874138208
ANUGEW,QOWRAV09,0.9595562330222152
ANUGEW,QOWRAV11,0.9595457140536844
ANUGEW,QOWRAV08,0.959524374342895
ANUGEW,QOWRAV02,0.959417911077482
ANUGEW,EXOGAB,0.9472855626589074
ANUGEW,MIKVEK,0.9192138655316552
ANUGEW,FISGOF,0.9073438430974894
ANUGEW,NAPSUV,0.884846474045127
ANUGEW,SEMNIJ,0.8692013636088884
ANUGEW,NEMCOA,0.865890193972952
ANUGEW,CEKHUY,0.8657929224261266
ANUGEW,HIDTUM,0.8656119579302111
ANUGEW,SIXNIZ,0.864214434405081
ANUGEW,ASIVAB,0.8641341811639177
MOXDIN,MOXDIN01,0.9999998639528048
LIDSEY,LIDSAU,0.999944612132856
LIDSEY,JAMSEY,0.9968604866644646
LIDSEY,FEVDIV,0.9776680540859976
LIDSEY,CAXZUY,0.9084446826277895
LIDSEY,XADWIK,0.9041330918881576
LIDSEY,TEVVOI,0.9038435310261598
LIDSEY,ROGLOP,0.8792839831763315
LIDSEY,UFATEA01,0.8792612266625108
LIDSEY,UFATEA,0.8745959695068558
LIDSEY,XUJQAV,0.8611414562063239
LIDSEY,XUJPEY,0.8610935974993732
UFATEA01,ACICOH,0.9998717810499776
UFATEA01,HOGSIG,0.9999556114385568
UFATEA01,ROGLOP,0.9999348471716742
UFATEA01,UFATEA,0.9945294139777312
UFATEA01,CAXZUY,0.9220826173148856
UFATEA01,LIDSAU,0.8792872448867032
UFATEA01,FEVDIV,0.8784024097977441
UFATEA01,JAMSEY,0.8760442337002387
TIDNIF,DIDBID,0.908876191787696
TIDNIF,DIDBEZ,0.9087873170110496
TIDNIF,JODGIU,0.9086620778832222
TIDNIF,FUMJAZ01,0.9070716560322668
TIDNIF,FISQEG,0.8936150605107049
TIDNIF,XALMOO,0.8847775227059478
TIDNIF,YATDOP,0.8844651923532572
TIDNIF,VEDFER,0.8773531063407312
TIDNIF,CEYPUT01,0.8773045220360802
TIDNIF,VEDFAN,0.8770069581422776
TIDNIF,AHETAK,0.8769648304415102
TIDNIF,VEDFUH,0.8769510054780316
TIDNIF,VODNOS,0.8768594232165025
TIDNIF,KEJWAY,0.8768560920239958
TIDNIF,OJOBAS,0.8768204182342387
TIDNIF,CEYPUT,0.8768128251974625
TIDNIF,ABAVUV,0.875475608458422
IDIXAU,QAQSAD,0.9989801900966538
IDIXAU,MIMRAB01,0.9964225217541668
IDIXAU,VEGMOK04,0.8829989170513792
IDIXAU,IFABIA02,0.8820166934832719
HURGEH,JOPGIG,0.9999979919621816
UKOLOV,VEGMOK04,0.8872559356894251
UKOLOV,IFABIA02,0.8869547342580568
UKOLOV,XAFFAN,0.86526875919726
EBEXIU02,EBEXEQ01,0.9996487461777772
EBEXIU02,DIGPER,0.9999913064463848
REYDOR,POFGUO,0.9947369019052912
REYDOR,AZAYEH,0.8985873852668421
NEMCOA,MIKVEK,0.9364193839574952
NEMCOA,EXOGAB,0.8845318896336294
NEMCOA,ANUGOG,0.8781590323630847
NEMCOA,GAVDUD,0.8779614963527218
NEMCOA,QIZLIW,0.8775748655505494
NEMCOA,OHOMIH,0.877561983971639
NEMCOA,EBAMUS,0.87492333173193
NEMCOA,DIHVIB01,0.8745331943193678
NEMCOA,LUDLED,0.87449321645312
NEMCOA,KIRFOI,0.8721936485093225
NEMCOA,QAWHIH,0.8705032837704797
NEMCOA,LAYXER,0.865962450445471
NEMCOA,LAYXAN,0.8656877851688551
NEMCOA,YOZNOS,0.8621009466864631
GAXROO,TALKAT,0.9998976531916018
GAXROO,DITYEM02,0.9952837580987306
LIRVAK,KIKRAA,0.9999810106401896
LIRVAK,RAGREY,0.9998205600373736
LIRVAK,PEKZIP,0.9996976001259176
LIRVAK,KOGYIP,0.9995631632287378
LIRVAK,OJOQAF01,0.996894932100014
LIRVAK,HAJPEQ,0.8598493354408752
CESYEF01,GEWROS,0.8623724430380453
QUQFOY,DUWBEE,0.9819609369141264
QUQFOY,FESYEK,0.9412630020460916
QUQFOY,CEHKUW,0.9330113411967772
QUQFOY,PARKUQ01,0.9325988512635058
QUQFOY,FUMJAA,0.9319566847832552
QUQFOY,QEKLID,0.9192518177760444
QUQFOY,QEKLID01,0.9192454447251088
QUQFOY,DELGIN,0.9167338269112628
QUQFOY,CIKCOQ,0.8897904574297317
QUQFOY,PAQXUC,0.8591325993941882
QUQFOY,PAQYAJ01,0.8589344922858448
JAXNUU,DEGJIK,0.9999998419963694
JAXNUU,PASGAU,0.9999448179141356
JAXNUU,QONLIQ,0.99963043884043
JAXNUU,FUQJUX,0.9986480740747494
JAXNUU,PEBNER,0.9979163754996392
JAXNUU,JAVNIE,0.9971877533398902
JAXNUU,HOSPEL,0.9953803823408942
JAXNUU,VUQJEX01,0.9950876469019524
JAXNUU,VUQJEX,0.9950209329645796
REFBAH01,RODSAG01,0.99995250864676
QIWQES,VOJPUG01,0.9975238054304654
QIWQES,KAKTIA01,0.996099021476982
QIWQES,BAHGUN,0.9930850051554014
QIWQES,BAHGUN04,0.9927666817703747
QIWQES,BAHGUN02,0.992546243295644
QIWQES,QERZUI01,0.991690141924529
QIWQES,EDOSEY,0.8712161176634661
QOWRAV09,QOWRAV11,0.999999998072716
QOWRAV09,QOWRAV02,0.9999996681343588
QOWRAV09,BAZFUF01,0.9971488502727364
QOWRAV09,LAYXER,0.9574143469425808
QOWRAV09,ANUGOG,0.9568806447668328
QOWRAV09,CEFNIN,0.9114353482559528
QOWRAV09,EXOGAB,0.9075639318408186
QOWRAV09,FISGOF,0.90125378528982
QOWRAV09,ENIHUG,0.8678281998797179
IFABIA02,VEGMOK04,0.9997973919445914
IFABIA02,ODODIW,0.9080245164517676
IFABIA02,QEDZEG,0.8948353820186727
IFABIA02,SACHIP,0.8927670321841692
IFABIA02,DITTEH,0.8869956647636987
IFABIA02,MIMRAB01,0.8850564800640838
IFABIA02,ZARLIP,0.8766890393277538
IFABIA02,YICQOS,0.8599406235031204
FONQAC,JUYJIY,0.984450389823546
FONQAC,FIVRUA,0.927550371696716
FONQAC,ULOGIL,0.8732698635165861
FONQAC,EKUNON01,0.8727056592143903
FONQAC,EKUNON02,0.8725511191072661
FONQAC,RUXWEM03,0.8670024951916886
FONQAC,FALGIK,0.8625144085689882
FONQAC,YICRAF,0.8614464814219376
NIKZAJ01,NIKYOW,0.9999976502230556
NIKZAJ01,NIHBAI01,0.9999935007803986
NIKZAJ01,CAJHUS01,0.9999897103436756
NIKZAJ01,IZAKAX,0.9999697867398308
NIKZAJ01,NIHBEM01,0.9999652203136244
NIKZAJ01,VICBEQ,0.9985929459438893
NIKZAJ01,NUDPAE01,0.9985388524160717
NIKZAJ01,PESTAL,0.9964947088805766
NIKZAJ01,NUDNUW01,0.9963749286273168
OHOMIH,DOTSOV16,0.99492323363487
OHOMIH,EBAMUS,0.9944449231409052
OHOMIH,DIHVIB01,0.9938350646251594
OHOMIH,LUDLED,0.9937814007659816
OHOMIH,DIHVIB,0.9934194457675524
OHOMIH,QAWHIH,0.9887159785296388
OHOMIH,YOZNOS,0.980237496788808
OHOMIH,MIKVEK,0.9325090118289648
OHOMIH,PIDRAY,0.9080757499989862
OHOMIH,EXOGAB,0.9052247963270004
OHOMIH,YUGLES,0.8992563958637466
OHOMIH,OFOCUI,0.8988601634622446
OHOMIH,EXAXAE,0.8845054102881963
OHOMIH,HIDTUM,0.8778671578616966
OHOMIH,CEKHUY,0.8777224539207743
OHOMIH,ANUGOG,0.8726632326277702
OHOMIH,KIRFOI,0.8688795155051398
EXOGAB,ANUGOG,0.9625887472865
EXOGAB,LAYXER,0.9467533730276896
EXOGAB,LAYXAN,0.9453311111871154
EXOGAB,MIKVEK,0.940869297760161
EXOGAB,EDOSEY,0.9317373377579884
EXOGAB,BAZGAM,0.9159216982342544
EXOGAB,BAZFUF01,0.9148827504453748
EXOGAB,DOTSOV10,0.9079796243374832
EXOGAB,EBAMUS,0.907773207467048
EXOGAB,QOWRAV08,0.9075387865479142
EXOGAB,WULJUJ,0.9074652208246105
EXOGAB,QOWRAV02,0.9074547011341332
EXOGAB,QAWHIH,0.905590835207053
EXOGAB,YOZNOS,0.8979356070787968
EXOGAB,ENIHUG,0.8902885311293127
EXOGAB,FISGOF,0.8854257489946067
EXOGAB,KIRFOI,0.8756495706180979
VUQJEX01,VUQJEX,0.9999997726526206
VUQJEX01,BUZKUE,0.9997367457256428
VUQJEX01,JAVNIE,0.9995061395544168
VUQJEX01,PEBNER,0.9993987641235156
VUQJEX01,FUQJUX,0.9988837433816716
VUQJEX01,FUSWIA,0.998669351020895
VUQJEX01,QONLIQ,0.9974033278651868
VUQJEX01,PASGAU,0.9960653550998568
VUQJEX01,DEGJIK,0.995142937084889
QAQSAD,MIMRAB01,0.9991608085970392
WULJUJ,EBAMUS,0.9995822473091094
WULJUJ,DOTSOV16,0.9990948749044504
WULJUJ,LUDLED,0.9988843599473414
WULJUJ,GAVDUD,0.9973780262375262
WULJUJ,BABREE,0.9320377033243384
WULJUJ,MIKVEK,0.9308573232484116
WULJUJ,OFOCUI,0.9069289917055184
WULJUJ,NUTQAV,0.9059502189370302
WULJUJ,MOFGOE,0.8958743765133648
WULJUJ,ADONEP,0.8849434410634653
WULJUJ,EXAXAE,0.8828678850622173
WULJUJ,ANUGOG,0.8770250058552561
WULJUJ,KIRFOI,0.8667409083848285
PUNDUY,PARKUQ01,0.9999364095982536
POCMEA03,POCMEA01,0.9999989151525884
POCMEA03,INICPB02,0.999991807865584
POCMEA03,INICPB01,0.9999616071448476
POCMEA03,XILBAW,0.8850593151850417
POCMEA03,LONHON,0.8837728232838366
POCMEA03,ERIQUS,0.8835616539430318
IMUTUG,IMUVAO,0.9999748506903882
IMUTUG,IMUVES,0.999959678672884
LUDLED,DIHVIB01,0.9999998715543694
LUDLED,DOTSOV10,0.9999419207127525
LUDLED,DOTSOV08,0.9999414790303616
LUDLED,QAWHIH,0.9992381384335612
LUDLED,QIZLIW,0.9984613587278393
LUDLED,GAVDUD,0.9963355261838795
LUDLED,IWEVAJ,0.9186777512860944
LUDLED,YUGLES,0.9079894090912336
LUDLED,OFOCUI,0.9076775578039395
LUDLED,MOFGOE,0.8958527916908847
LUDLED,ADONEP,0.8844521961175273
LUDLED,EXAXAE,0.8820442979352404
LUDLED,ANUGOG,0.8779274553865108
LUDLED,HIDTUM,0.8731902222192225
LUDLED,KIRFOI,0.865781120690853
IWEVAJ,EBAMUS,0.919467600070609
IWEVAJ,CEKHUY,0.918876459378809
IWEVAJ,DOTSOV08,0.9187164058135306
IWEVAJ,DIHVIB01,0.918689890851092
IWEVAJ,QAWHIH,0.9175692680605042
IWEVAJ,BABREE,0.8618545532823667
IWEVAJ,MIKVEK,0.8601465967434873
CEJXEW,QACTUJ,0.94395618453665
CEJXEW,BOJYIK,0.9438842404597396
CEJXEW,AYOZOF,0.9413512782313738
CEJXEW,WOJYUR,0.9330077067190348
CEJXEW,UMIZIB,0.93287186022222
CEJXEW,XADDAJ01,0.9324652023230916
CEJXEW,XADDAJ,0.932233406398632
CEJXEW,LEDHEJ,0.9303176678928337
CEJXEW,ACODON,0.8849466061839174
EBAMUS,DOTSOV10,0.9998458843052284
EBAMUS,DOTSOV08,0.9998457396489916
EBAMUS,DOTSOV16,0.9998457380668668
EBAMUS,DIHVIB01,0.9998311478848888
EBAMUS,DIHVIB,0.9997966189065376
EBAMUS,QAWHIH,0.9987780404734832
EBAMUS,YOZNOS,0.9932561682603022
EBAMUS,MIKVEK,0.9302851959966016
EBAMUS,OFOCUI,0.9077393935887048
EBAMUS,YUGLES,0.9076493817647542
EBAMUS,PIDRAY,0.9005807625670317
EBAMUS,MOFGOE,0.8960094418371314
EBAMUS,ADONEP,0.8848786992304853
EBAMUS,EXAXAE,0.8824378245083733
EBAMUS,ANUGOG,0.8778151989724549
EBAMUS,HIDTUM,0.8737282034838066
EBAMUS,KIRFOI,0.8662136119943902
XAVQIU,XAVQIU01,0.999971781984482
UDUMIP03,UDUMIP,0.9999974818276888
GIZXET,YARGAB,0.999636153276508
GIZXET,EDOWEC,0.8634675589038274
DOJXIK,OHIHUJ,0.9999883489364464
DOJXIK,KOQXUL,0.9992429085275416
DOJXIK,LESWAI,0.8635718584761487
VOJPUG01,IPINAY,0.9999466471776094
VOJPUG01,KAKTIA01,0.9998254518949176
VOJPUG01,POFFAT,0.999813255475424
VOJPUG01,HAWZEM,0.998864888753324
VOJPUG01,BAHGUN,0.9988221126871734
VOJPUG01,BAHGUN03,0.9987486631697704
VOJPUG01,QERZUI01,0.9982269947478924
VOJPUG01,UGEPEB01,0.9979614903588824
VOJPUG01,UGEPEB,0.9973039383472808
VOJPUG01,EDOSEY,0.869654291221642
IXOFOR,IDIWOH02,0.9999999612869648
EDAGEX,DADTUY01,0.9988044800260818
EDAGEX,IGOPEB,0.9980112627726232
EDAGEX,SOJKOT07,0.9976385267081632
EDAGEX,MAJMOA03,0.9971628781087322
EDAGEX,DEFNIO,0.9946952341810332
ULOGIL,EKUNON01,0.9998979836718298
ULOGIL,EKUNON,0.999877616826456
ULOGIL,EKUNON02,0.9998507251119656
ULOGIL,FIVRUA,0.8656024427078501
ULOGIL,GOYLUB,0.8641780836117121
ULOGIL,MALWUU,0.8626704739878011
ULOGIL,LUWKIZ,0.8613435832561357
RUXWEM03,PIKYIU,0.95601208599542
RUXWEM03,PIKYAM,0.9555617176125816
RUXWEM03,GOYLUB,0.9468287192457132
RUXWEM03,QEKLID,0.9323470701139014
RUXWEM03,NOLRIR,0.928300628449052
RUXWEM03,DELGIN,0.9277249977635044
RUXWEM03,JUXZOT,0.8842596453256582
RUXWEM03,YICRAF,0.8762072046657654
RUXWEM03,YUYLIP,0.8650562140494703
RUXWEM03,ENITEB,0.8647860449173957
RUXWEM03,RUGYOJ,0.8647198811859615
FALGIK,PIKYIU,0.9526945295626328
FALGIK,QEKLID01,0.932811731263104
FALGIK,QEKLID,0.9327862194685064
FALGIK,AWEJIW,0.9316819466159842
FALGIK,IGUVIR,0.921454217422402
FALGIK,FESYEK,0.8955154141729482
FALGIK,JUXZOT,0.8852727457788266
FALGIK,YICRAF,0.8728104006802508
FALGIK,WUHMOD,0.8651323454886721
FALGIK,ENITEB,0.864672476699346
FALGIK,YUYLIP,0.8641700490379766
FALGIK,POKZOG,0.8628610032154408
HOGSIG,ROGLOP,0.999996839001402
HOGSIG,UFATEA,0.9954610552909936
HOGSIG,TEVVOI,0.9179011169173644
HOGSIG,LIDSAU,0.8792172620155716
HOGSIG,FEVDIV,0.878753364862181
ODOXEK,MITSUE,0.9999997494543128
ODOXEK,FUMJAA,0.999966918402946
ODOXEK,PARKUQ,0.9999573456516504
ODOXEK,CEHKUW,0.9993433523459074
ODOXEK,NABLIM,0.9982148346330082
ODOXEK,FESYEK,0.9082467093092608
ODOXEK,LIQFEY,0.9077417265125776
ODOXEK,GERWOR,0.9063042483122749
ODOXEK,QEKLID01,0.8867873898620047
ODOXEK,QEKLID,0.886746936635668
ODOXEK,NOLRIR,0.8735005009243864
ODOXEK,GOYLUB,0.8702711646329353
ODOXEK,FIPKOG01,0.8609426359259666
WUNSEE01,WUNVAD,0.999973722016252
WUNSEE01,OKIWEL,0.999960265451929
WUNSEE01,OKIYIR,0.999959968740428
WUNSEE01,WUNVEH,0.9999548929584368
WUNSEE01,OKIVIO01,0.9999465774922413
WUNSEE01,SAHYAD02,0.9999336000678544
WUNSEE01,WUNSII,0.9999162501200056
SOQRUM,XUCHOS01,0.9990223580518988
SOQRUM,SEQSUE,0.8880486376540607
SOQRUM,SEQSEO01,0.8848912600525402
SOQRUM,XUJQAV,0.8764270644249921
SOQRUM,XUJPOI,0.8762379159310474
SOQRUM,XUJPEY,0.8740999229063975
SOQRUM,XUJPIC,0.8727569995535354
DAFHID,QEZZED,0.9978775415099196
DAFHID,XUJQAV,0.8967230418846733
DAFHID,NUNPAP,0.8965322534768466
DAFHID,XUJPIC,0.8958730627349798
DAFHID,EZOFEF,0.8941744506872263
DAFHID,PUNYON,0.8940548024311
DAFHID,XADWIK02,0.8652551993131942
DAFHID,XADWIK,0.8651154393264693
DAFHID,XADWIK01,0.8647096211360883
LAYXAN,LAYXER,0.9997299459024062
LAYXAN,BAZGAM,0.9730466211276948
LAYXAN,BAZFUF01,0.9655877794079312
LAYXAN,MIKVEK,0.9188951791837529
LAYXAN,FISGOF,0.9047991756141656
LAYXAN,CEFNIN,0.8842004845536963
LAYXAN,ENIHUG,0.884172644097969
LAYXAN,EDOSEY,0.8803879206704803
LAYXAN,CEKHUY,0.865814706322477
LAYXAN,SIXNOF,0.8627401185675204
LAYXAN,SIXNIZ,0.8620576656664862
NIWZIE08,NIWZIE02,0.9999993775494
NIWZIE08,NIWZIE09,0.9999974807044842
NIWZIE08,NIWZIE01,0.9999959030713916
NIWZIE08,NAXVOY04,0.9999705259986852
NIWZIE08,MOPQIT,0.9999518768677228
NIWZIE08,LICSEW03,0.9969155483817278
NIWZIE08,LICSEW04,0.9966539863983818
NIWZIE08,AMURUX,0.9957818780488512
QEKLID,QEKLID01,0.999999201204704
QEKLID,NOLRIR,0.991117964231014
QEKLID,FESYEK,0.9738214910113924
QEKLID,DELGIN,0.9727884357880664
QEKLID,AWEJIW,0.9723483868576068
QEKLID,PIKYIU,0.8931494406001672
QEKLID,CEHKUW,0.8872937014939606
QEKLID,PARKUQ01,0.8870063567892915
QEKLID,MITSUE,0.8867287308909813
QEKLID,FUMJAA,0.8864439666204444
QEKLID,GOYLUB,0.8852407587688805
QEKLID,YICRAF,0.8705739836677819
PAQXUC,PAQYAJ01,0.9997651950940154
PAQXUC,CIKCOQ,0.8810782157933761
PAQXUC,DUWBEE,0.8652254965320728
GALJAG,IFIPEV,0.9996801337198196
GALJAG,FAHQEM,0.996390129224251
GALJAG,GALHUY,0.9903873714074486
GALJAG,CIFSIW,0.95250188421456
GALJAG,CIFSAO,0.9515247119232326
GALJAG,VIFPUY05,0.9472135842614964
GALJAG,LOQLEJ,0.9472134801271342
AMIWOJ,NATRAD,0.9999807483481716
AMIWOJ,GEVXAI01,0.995158466430456
RANWAH,CIFHIK,0.8257677326099405
LARBOW01,MOHSAF,0.9909841894784196
LARBOW01,NAHHAI,0.9029547293827108
LARBOW01,IYOQIY,0.9009907526561116
LARBOW01,CISMEY,0.9003449025208987
TIVYAZ,CIFMIP,0.9999999437999576
DIQGUH,KAYBAP,0.8455360215858204
DIQGUH,LIWYUM,0.9451779650224974
DIQGUH,QISGAC,0.9066410462856695
DIQGUH,OKAYIK,0.8964308503539636
DIQGUH,UQEFED,0.8960220418651349
DIQGUH,OFOYUG,0.8959473919209591
DIQGUH,QUXRIM,0.8935967872173085
DIQGUH,CAVLIW,0.8858944756464151
DIQGUH,TECTUS,0.8737025144721351
DIQGUH,SIJYEQ,0.8628625813206238
EBEXAM,YENZAV,0.8982837717158885
EBEXAM,COKJIX,0.893942562504372
EBEXAM,KEZLIN,0.8862659305070719
EBEXAM,AFUDUD,0.884491923153101
EBEXAM,ATIKAP,0.867666176745596
DAKVIW,EREGOY,0.8957547866802081
DAKVIW,WIVRIE,0.8931271389344567
GIMBIN,GIMBIN05,0.9999856988110822
NASGEV,OHOROS,0.8948450180142582
CEHKUW,NABLIM,0.9997169439461148
CEHKUW,PARKUQ01,0.9996304027100938
CEHKUW,FUMJAA,0.9990157974527122
CEHKUW,DUWBEE,0.945154542263595
CEHKUW,FESYEK,0.9076262765108192
CEHKUW,GOYLUB,0.873132199388194
CEHKUW,CIKCOQ,0.8599035028461025
OJOBAS,VODNOS,0.9999887408079496
OJOBAS,VEDFAN,0.9999324814710092
OJOBAS,VEDFER,0.9999220739712702
OJOBAS,AHETAK,0.9998882209928116
OJOBAS,KEJWAY,0.9994058326133516
OJOBAS,ABAVUV,0.9992448804232332
OJOBAS,TATSIS01,0.9988132995502106
OJOBAS,DIDBEZ,0.9228859957994402
BIYTOU,SOBDOF,0.9948305658865444
BIYTOU,WEYQAU01,0.883412689047957
BIYTOU,WEYQAU02,0.8831343366796935
BIYTOU,WEYQAU06,0.8830775526087222
CEKHUY,MIKVEK,0.9363851454914696
CEKHUY,HIDTUM,0.8809182285049992
CEKHUY,ANUGOG,0.877666826537852
CEKHUY,DOTSOV16,0.8748554646275553
CEKHUY,DOTSOV08,0.874855405898012
CEKHUY,DIHVIB01,0.8739905967512613
CEKHUY,DIHVIB,0.873654777959974
CEKHUY,QAWHIH,0.8697160071063578
CEKHUY,LAYXER,0.8659428987560428
CEKHUY,YOZNOS,0.861445071890599
QOPZIF,TEQVES,0.9999108487606182
QOPZIF,VEHJUP,0.9200695657131076
QOPZIF,NASROR,0.870237597513997
VIFPUY02,LOQLEJ,0.9999999240363312
VIFPUY02,VACFOV,0.9999853824272612
VIFPUY02,MAYJOM,0.9999593163649988
VIFPUY02,IFIPEV,0.9468914949622604
VIFPUY02,FAHQEM,0.9435963103183204
VIFPUY02,GALHUY,0.9375888727590708
VIFPUY02,CIFSIW,0.9043069407160846
VIFPUY02,CIFSES,0.9031548550833182
VIFPUY02,FOSTIS,0.9030405343362298
VIFPUY02,CUFFEP,0.8747445945980803
VIFPUY02,TIKXAN,0.8747263064774502
VIFPUY02,FEYDET,0.8745646322343654
VIFPUY02,PEYVEV,0.8599288581524629
EHAZAO,IXISOZ02,0.9994212672666845
EHAZAO,YIXFOC03,0.9993814560169856
EHAZAO,EXUSUN,0.9961702149511296
EHAZAO,IBEYAQ,0.9420718007319504
EHAZAO,DUGDOA01,0.9040817224540388
EHAZAO,WOJYOL,0.8872180275790206
EHAZAO,WOJZIG,0.8863871808450431
EHAZAO,DIXGIC,0.8777515165350188
EHAZAO,RUYVIS,0.8757009246695712
EHAZAO,SENXER,0.8738724742439768
DIHVIB01,DIHVIB,0.9999931296608188
DIHVIB01,DOTSOV10,0.9999470028651116
DIHVIB01,DOTSOV08,0.9999465809354298
DIHVIB01,DOTSOV16,0.9999465732330248
DIHVIB01,QIZLIW,0.9984880175491871
DIHVIB01,GAVDUD,0.9963767238553376
DIHVIB01,BABREE,0.9321099284780954
DIHVIB01,MIKVEK,0.9298370919486124
DIHVIB01,YUGLES,0.9079782910377832
DIHVIB01,NUTQAV,0.9077878373300532
DIHVIB01,PIDRAY,0.8998771298328097
DIHVIB01,ADONEP,0.8844682983246971
DIHVIB01,EXAXAE,0.8820816984091571
DIHVIB01,KIRFOI,0.865821229202917
DADTOS12,DADTOS09,0.9999999779021066
DADTOS12,YANWOC01,0.9999999735066988
DADTOS12,DADTOS11,0.9999999160902542
DADTOS12,DADTOS04,0.999999893487886
DADTOS12,YANWOC02,0.999998281302854
DADTOS12,PADJOU01,0.9999348489790236
DADTOS12,PADJOU,0.9999309041293952
DADTOS12,LIJWOR02,0.999902013331142
DIXGIC,IBEYAQ,0.9193083440731484
DIXGIC,EXUSUN,0.8757231945365918
DIXGIC,WOJYOL,0.8654083178926267
DIXGIC,WOJZIG,0.8639595353233982
QOTZEG,HELFAI,0.999552546608158
VODNOS,VEDGIW,0.9999996170736968
VODNOS,CEYPUT,0.9999874239898952
VODNOS,VEDFUH,0.9999662589632454
VODNOS,VEDFER,0.999959047877348
VODNOS,AHETAK,0.9999475934842896
VODNOS,CEYPUT01,0.9999462424869598
VODNOS,ABAVUV,0.9990498322907958
VODNOS,TATSIS01,0.9990145658800714
VODNOS,TATSIS,0.9988953402743715
VODNOS,JODGIU,0.9229877082970692
VODNOS,DIDBEZ,0.92289660116857
VODNOS,DIDBID,0.9228160613415524
VODNOS,FEVDER,0.8790798654296784
VODNOS,YATDOP,0.8601590718411123
VODNOS,XALMOO,0.8599475791215974
LUYSOP,MOXDIN01,0.999710906534458
XACFAJ,DEHFUR,0.999996624710952
DOTSOV10,DOTSOV08,0.9999999991633428
DOTSOV10,DOTSOV16,0.9999999991325484
DOTSOV10,DIHVIB,0.9999020250847986
DOTSOV10,QAWHIH,0.9987598753808932
DOTSOV10,YOZNOS,0.9911937126848036
DOTSOV10,YUGLES,0.9076862286343236
DOTSOV10,NUTQAV,0.9074227173944232
DOTSOV10,OFOCUI,0.9073622893630214
DOTSOV10,PIDRAY,0.9011467029941214
DOTSOV10,ADONEP,0.8846752083363065
DOTSOV10,EXAXAE,0.8828237018323711
DOTSOV10,ANUGOG,0.8779621109289174
DOTSOV10,HIDTUM,0.8741813079706995
WILNEL,WILNEL02,0.9999970612383222
YOZNOS,DOTSOV16,0.99119112205696
YOZNOS,BABREE,0.921691942801136
YOZNOS,MIKVEK,0.918109252583586
YOZNOS,OFOCUI,0.9035030783019218
YOZNOS,YUGLES,0.9009830289246138
YOZNOS,MOFGOE,0.8852513897650949
YOZNOS,PIDRAY,0.8852116389223799
YOZNOS,ADONEP,0.8777005978503081
YOZNOS,EXAXAE,0.8699363600262372
YOZNOS,ANUGOG,0.8692884595035724
YICQOS,DITTEH,0.870772179800732
IMIDZB13,HICGEG,0.9981158795273928
IMIDZB13,IMIDZB08,0.9954308112416104
IMIDZB13,IMIDZB01,0.9951259401800514
EBIHII,NINVAI,0.9999931229518252
SETQUF,SETQOZ,0.9999999327794092
SETQUF,SADMUH,0.9999983682120652
SETQUF,POJTUE,0.9999953773005984
SETQUF,SETRAM,0.999991499330556
SETQUF,SETQIT,0.9999731256114786
SETQUF,POJTOY01,0.999945485479104
SETQUF,XADCOW,0.9999191149169646
SETQUF,POJTOY,0.9999071015635664
SETQUF,YAXBUV02,0.995957804307636
SETQUF,XUDSIY,0.9918164827494752
SETQUF,UFIKIG,0.8691918421068451
CEFNIN,BAZFUF01,0.914257879492312
CEFNIN,QOWRAV11,0.9114307025144656
CEFNIN,QOWRAV02,0.9113743336540162
CEFNIN,LAYXER,0.8869772855372323
CEFNIN,ANUGOG,0.8827557658354023
NOLRIR,DELGIN,0.955219699154914
NOLRIR,AWEJIW,0.9539670027268828
NOLRIR,DUWBEE,0.9142664621797884
NOLRIR,CIKCOQ,0.8930452757197944
NOLRIR,PIKYIU,0.8929019112745891
NOLRIR,PIKYAM,0.8856839479714597
NOLRIR,GOYLUB,0.8848877205308174
NOLRIR,PARKUQ01,0.8749463171096081
NOLRIR,FUMJAA,0.8721368806106156
NOLRIR,YICRAF,0.8704486218715318
NOLRIR,IGUVIR,0.8601987808560875
AMIXAW,IKUTIT,0.8597033344319801
ROCZEQ,ZASJAG,0.8599099391580747
WEYQAU02,WEYQAU06,0.9999994059752536
WEYQAU02,WEYQAU01,0.9999891063926694
WEYQAU02,WEYQAU09,0.9999846485787732
WEYQAU02,DIJCOP,0.8721409492995711
ROSKOB,GAMFEG,0.8821092803299071
GOYLUB,POKZOG,0.9080896320580242
GOYLUB,EVUDAA,0.9074329162620264
GOYLUB,YUYLIP,0.9073988491540328
GOYLUB,RUGYOJ,0.9066241514330096
GOYLUB,PIKYAM,0.9058351075589028
GOYLUB,ESADUZ01,0.90513792408473
GOYLUB,NOZZUZ,0.9049055846128397
GOYLUB,QEKLID01,0.8851606782377685
GOYLUB,RIGHAR,0.8848636343347576
GOYLUB,DELGIN,0.8787998915023099
GOYLUB,AWEJIW,0.8779620834192835
GOYLUB,IGUVIR,0.8772396835469299
GOYLUB,PARKUQ,0.8711209023708734
GOYLUB,PARKUQ01,0.8711082652455973
GOYLUB,JUXZOT,0.8665291976611275
GOYLUB,EKUNON01,0.8639094963063177
GOYLUB,EKUNON,0.8638730863782635
GOYLUB,EKUNON02,0.8638271635424569
GOYLUB,FOKWOT,0.8608568680280202
ABAVUV,CEYPUT,0.999255460634246
ABAVUV,VEDGES,0.9990437389238568
ABAVUV,VEDGIW,0.99901600613557
ABAVUV,VEDFER,0.9987538438579732
ABAVUV,VEDFUH,0.9986594417178264
ABAVUV,BOWDUO,0.9985843203619854
ABAVUV,AHETAK,0.9985530639078938
ABAVUV,TATSIS01,0.9962756724346586
ABAVUV,TATSIS,0.995914992511588
ABAVUV,JODGIU,0.9220127352750336
ABAVUV,FEVDER,0.8772377445243975
ABAVUV,YATDOP,0.859945345723166
DOTSOV23,DOTSOV04,0.999999999933448
CEHXIY,RUPTED,0.9945009671600064
HAWZEM,BAHGUN,0.9999983989447409
HAWZEM,BAHGUN04,0.9999919452672944
HAWZEM,QERZUI01,0.9999156979121352
HAWZEM,UGEPEB01,0.999814751039892
HAWZEM,KAKTIA01,0.9994186378910108
HAWZEM,NAPSUV,0.8668459031771569
HAWZEM,EDOSEY,0.8659739933698818
NUTQAV,YUGLES,0.9999747154704922
NUTQAV,SEMNIJ,0.9158820584873536
NUTQAV,QAWHIH,0.9082061743839608
NUTQAV,QIZLIW,0.9046131794801572
NUTQAV,GAVDUD,0.901598513106276
NUTQAV,QIYDIN01,0.8857576646254158
WAYKAK,ZEDVOV,0.9460526671994296
WAYKAK,FOCZEE,0.9116394439041402
WAYKAK,FOCYUT,0.9114129020531448
YESYIH,YESXEC,0.9999745981563511
WOJYUR,XADDAJ01,0.9993472570727644
WOJYUR,XADDAJ,0.9990961681671662
WOJYUR,XISDIO,0.9479890979702452
WOJYUR,DAKZUN,0.9468328709406904
WOJYUR,VITZAB,0.9330116929694304
WOJYUR,NEBYOK,0.8935862035590062
WOJYUR,YATTUK,0.8838283184051478
WOJYUR,QACTUJ,0.8837912744864833
WOJYUR,BOJYIK,0.8837175983335475
WOJYUR,SEHSII,0.8792196752816707
VAYDEG,LEZTIW,0.8742298179320197
VUWSAJ,ZEDVOV,0.8849047468610532
VUWSAJ,AMIXOK,0.8811500852035915
ZEDVOV,FOCZEE,0.8969250356998582
ZEDVOV,FOCYUT,0.8968379720398904
RUBTAK07,SURKUN,0.9999999799248884
WIZMAV04,WIZMAV08,0.9999999999887192
WIZMAV04,WIZMAV10,0.9999999842159176
WIZMAV04,WIZMAV05,0.9999999829807196
WIZMAV04,ERANAO,0.9926500921325108
WIZMAV04,HERHAQ,0.9558622710463024
WIZMAV04,GERBEN,0.955421678915466
WIZMAV04,EMIYUW,0.9548662905781146
WIZMAV04,HERHEU,0.9545272641865588
WIZMAV04,GAYXEM,0.9534094174517465
WIZMAV04,BUNLAZ,0.949427274214872
WIZMAV04,UFOSEQ,0.9469393908411892
WIZMAV04,DITJOH,0.922537364090802
WIZMAV04,IZIBUQ,0.910231617748427
WIZMAV04,OXOLAP,0.8632160553909474
PUNYED,MOXDEJ,0.8956397807584531
PUNYED,FILYEG,0.8954810602785295
PUNYED,XADDUD,0.8944568302232718
PUNYED,COXFOL,0.8933126770399381
PUNYED,FILYAC,0.8909958181542519
PUNYED,VASYEW,0.887214467670293
PUNYED,XUDVAV,0.8870898123134554
PUNYED,FISQEG,0.8862782784874078
CONSAA,YOXZOC,0.8999624871010664
PIKYIU,PIKYAM,0.9975073857312596
PIKYIU,QEKLID01,0.8930700343091278
PIKYIU,DELGIN,0.886661498584675
BABREE,QIZLIW,0.9329343708789646
BABREE,DOTSOV16,0.9324955001051902
BABREE,GAVDUD,0.932100251705305
DOYHOQ,NUFCAU,0.9962342418950726
DOYHOQ,DOYHIK,0.996105138087332
DOYHOQ,IRELAU,0.892597423530891
DOYHOQ,VEHJUP,0.8779638841367525
XUJPIC,XUJPOI,0.999705328927042
XUJPIC,XUJQAV,0.9996686489078888
XUJPIC,EZOFEF,0.9928062135511478
XUJPIC,QEZZED,0.8967423339940499
DITTEH,VEGMOK04,0.8872738277865704
DITTEH,VEHJUP,0.886574855469478
DITTEH,QEDZEG,0.8834837646787077
DITTEH,XAFFAN,0.8651847449861023
HIZQOX,YINPEQ,0.9998642434350594
YUGLES,OGEBAF,0.9380126130506417
YUGLES,SEMNIJ,0.9159770633387174
YUGLES,DIHVIB,0.9080574952883876
YUGLES,DOTSOV16,0.9076848320419924
YUGLES,GAVDUD,0.902388478198729
YUGLES,QIYDIN01,0.885740831305555
AFOVAT,SEQWIW,0.9997963817244316
POJTUE,SADMUH,0.999988457861005
POJTUE,SETRAM,0.999974921445521
POJTUE,VAGVAC,0.9999541091406514
POJTUE,SETQIT,0.999946906364504
POJTUE,POJTOY,0.9999420912561434
POJTUE,XADCOW,0.999877336663692
POJTUE,YAXBUV02,0.9962151077338216
POJTUE,KUXSIH,0.9748011360556864
POJTUE,UFIKIG,0.8692249617620695
YANWOC01,DADTOS11,0.9999997956920216
YANWOC01,DADTOS04,0.9999997612388776
YANWOC01,VIRJEM,0.9999464592059288
YANWOC01,DADTOS16,0.9999458230733336
YANWOC01,IQEWOQ,0.9987339593276512
DADLEC,UKIQIP,0.8652716096782047
CIKCOQ,IGUVIR,0.9091464137508456
CIKCOQ,PAQYAJ01,0.8811172743123928
CIKCOQ,RIGHAR,0.8792365626501812
CIKCOQ,DELGIN,0.8658917116627414
CIKCOQ,AWEJIW,0.8651233026424023
CIKCOQ,NABLIM,0.8608070019300318
MOXDEJ,FILYEG,0.9998691730359808
MOXDEJ,XADDUD,0.9998073754565152
MOXDEJ,ABAYOU,0.8953143047915155
MOXDEJ,FUMJAZ01,0.8662266109945689
MOXDEJ,FUMJAZ,0.8660954598910526
MOXDEJ,XIHSAJ,0.8636606682365567
MOXDEJ,XIHSEN01,0.8635551338160122
MOXDEJ,XIHSEN,0.863452926228217
EDOSEY,ANUGOG,0.9005743999663041
EDOSEY,LAYXER,0.8829652300867837
EDOSEY,POFFAT,0.8704999771232875
EDOSEY,IDUDES,0.8701731555339574
EDOSEY,KAKTIA01,0.8684424286247586
EDOSEY,BAHGUN,0.8658534319536562
EDOSEY,BAHGUN03,0.8656916944682247
EDOSEY,BAHGUN04,0.8655703350497093
EDOSEY,BAHGUN02,0.8653536366829737
EDOSEY,KIRFOI,0.8649038077875713
EDOSEY,UGEPEB,0.8627935046040963
EDOSEY,BAZFUF01,0.8608011437689691
EDOSEY,ENIHUG,0.8600465445098593
NEBMEP,SUXWIT,0.9997725050102868
SADMUH,SETQOZ,0.9999976390560424
SADMUH,SETRAM,0.9999973126425938
SADMUH,SETQIT,0.9999847341598068
SADMUH,POJTOY01,0.9999250049046208
SADMUH,POJTOY,0.9998808554566796
SADMUH,YAXBUV02,0.9957944264477628
ROLCEC01,ROLCEC,0.9999995898744772
ROLCEC01,ROLCEC06,0.9999290328618472
ROLCEC01,ROLCEC11,0.9999050800874428
ROLCEC01,MACUFR06,0.998097145619076
ROLCEC01,OCUQIO,0.9967904456224
BICPUA,MAPGOC,0.9081489666846964
VITZAB,YATTUK,0.943626527046334
VITZAB,SEHSII,0.9389574054829124
VITZAB,XADDAJ01,0.9323086197724672
VITZAB,XADDAJ,0.9320486002159484
VITZAB,UMIZIB,0.904069200534066
VITZAB,NEBYOK,0.900954159364941
VITZAB,XISDIO,0.8651463624359936
UFUNAK,BAHGUN,0.9998220854945062
UFUNAK,BAHGUN03,0.9997915635127218
UFUNAK,BAHGUN04,0.9997681550811632
UFUNAK,IPINAY,0.9995694725821104
UFUNAK,POFFAT,0.9989581490232128
UFUNAK,UGEPEB,0.998914409811327
UFUNAK,NAPSUV,0.8683512823889157
SAMVIO,COKNUN02,0.8662322631977922
SEMNIJ,OGEBAF,0.925921635389372
SEMNIJ,QIYDIN01,0.8850407574408735
SEMNIJ,ANUGOG,0.8849321637965564
SEMNIJ,FAGQAI,0.8816010546220934
SEMNIJ,BAZFUF01,0.8697170067702835
SEMNIJ,BAZGAM,0.8665442565402102
SEMNIJ,QOWRAV11,0.8658905525085616
SEMNIJ,QOWRAV08,0.8658794568527003
SEMNIJ,QOWRAV02,0.8658239840232149
SEMNIJ,MIKVEK,0.8633875893657641
PEKZIP,RAGREY,0.9999838331583368
PEKZIP,ASUKEE01,0.9989797542374496
PEKZIP,OJOQAF01,0.9946817166788424
KIGCEK,BEPPIX,0.9426818592107492
KIGCEK,BEPNIV,0.9073050155221924
KIGCEK,BEPPAP,0.9073046644678996
KIGCEK,BEPMEQ,0.9073044088517852
KIGCEK,MAWTUC,0.9072997005445196
KIGCEK,MAWVAK,0.9072889057767802
YANWOC02,DADTOS04,0.9999990304710934
YANWOC02,DADTOS05,0.9999987490618696
YANWOC02,DADTOS09,0.9999986488869984
YANWOC02,DADTOS14,0.9999969925877388
YANWOC02,DADTOS15,0.9999828771351822
YANWOC02,YUKTUU,0.999979221140256
YANWOC02,VIRJEM,0.9999658444981804
YANWOC02,DADTOS16,0.9999653360708948
YANWOC02,PADJOU,0.9999470713074292
YANWOC02,LIJWOR02,0.9999261719707246
BAHGUN02,BAHGUN03,0.9999521193325984
BAHGUN02,QERZUI01,0.9999446882047824
BAHGUN02,KAKTIA01,0.9993726397478816
BAHGUN02,IPINAY,0.9985627883261928
BAHGUN02,POFFAT,0.997582949900329
BAHGUN02,NAPSUV,0.866271827485068
DIBQIQ,DIBQOW,0.9991530282789644
DIBQIQ,HELDOT,0.998746298812431
DIBQIQ,XUDVAV,0.9402588804432332
DIBQIQ,JODGIU,0.8851446386082954
DIBQIQ,DIDBEZ,0.8850298425944046
DIBQIQ,DIDBID,0.8849460200940494
DIBQIQ,CAQKAJ01,0.8768880129981601
DIBQIQ,CAQKAJ,0.8768364369646682
DIBQIQ,TAHYUZ,0.8766312215616873
DIBQIQ,HALVEY,0.8764333438972931
DIBQIQ,FEXCAO01,0.8742683851738584
DIBQIQ,HAJYAV,0.8728366425521091
DIBQIQ,CAQJOW,0.8727908394092457
DIBQIQ,YATDOP,0.8720316538901853
DIBQIQ,XALMOO,0.8709752646232621
DIBQIQ,VASYEW,0.8620498084840268
DIBQIQ,NIDFOX,0.8620485770618663
HALVEY,CAQKAJ,0.9991818767711584
HALVEY,HAJYAV,0.998204881338266
HALVEY,CAQJOW,0.9981733666674512
HALVEY,TAHYUZ,0.9544882032601212
HALVEY,HELDOT,0.873672741722233
ODODIW,VEGMOK04,0.908247060187964
AWEJIW,DELGIN,0.9999799527489264
AWEJIW,QEKLID01,0.9724378531712948
AWEJIW,FESYEK,0.9471619258007928
AWEJIW,PIKYAM,0.8930067418423712
PESTAL,NUDNUW09,0.9999996699996162
PESTAL,NUDNUW01,0.9999094697009884
PESTAL,NIHBEM01,0.9971412918687282
PESTAL,CAJHUS01,0.996847733458076
PESTAL,NIHBAI01,0.9967720831770608
PESTAL,NIKYOW,0.996666396984198
PESTAL,IZAKAX,0.9958167146875172
BAHGUN,IPINAY,0.9988396560241778
TACTUP,PASGEX04,0.8738395069415327
TACTUP,DECXUH,0.8647767694006993
UQUTUX,UQUTUX01,0.9998438347388058
UQUTUX,VITZIJ,0.8590926574831691
QEDZEG,VEGMOK04,0.8957279327557685
XAFFAN,VEGMOK04,0.8768875828420826
XUDVAV,FISQEG,0.9979475161533712
XUDVAV,HELDOT,0.9328738010632652
XUDVAV,HURGOR,0.9264855544641812
XUDVAV,VASYEW,0.9249720835894754
XUDVAV,ABAYOU,0.8872152298172273
XUDVAV,FEXCAO01,0.8788338289101176
XUDVAV,FEVDER,0.8694239783464924
XUDVAV,JODGIU,0.8601850922935073
XUDVAV,DIDBID,0.8601822650173343
GERWOR,NABLIM,0.9082343620628746
GERWOR,PARKUQ,0.9068349807474844
GERWOR,MITSUE,0.9062705289048876
GERWOR,DUWBEE,0.861076677174816
GERWOR,ENITEB,0.8609179612166824
GERWOR,NOZZUZ,0.8600146293337063
JUXZIN,JUXZOT,0.9999019050117084
JUXZIN,JUYJIY,0.922205947141859
XUDSUK,MIQCUL,0.9079409826686488
XUDSUK,PUGHAC,0.896232269927836
XUDSUK,UKIQIP,0.8867993870988016
XUDSUK,WEYQAU01,0.8708419876591713
XUDSUK,WEYQAU09,0.8698650646628555
DOYHIK,NUFCAU,0.9848119076949992
DOYHIK,IRELAU,0.8904386899287836
NIGPEA,HELDOT,0.9998123873146244
NIGPEA,HURGOR,0.95560027209954
NIGPEA,FISQEG,0.9438347187808036
NIGPEA,JODGIU,0.8840352266725985
NIGPEA,CAQKAJ,0.8766799211220304
NIGPEA,CAQKAJ01,0.8764564166005597
NIGPEA,TAHYUZ,0.8754895242304708
NIGPEA,FEXCAO01,0.8715107526190725
NIGPEA,YATDOP,0.8714817481578323
NIGPEA,CAQJOW,0.8695586622809072
NIGPEA,XALMOO,0.8690935118343466
NIGPEA,FEVDER,0.8661098935855036
XUPSAE,TOXNEB,0.9999999992683686
XUPSAE,NIRPOW,0.9999998638630558
XUPSAE,TOXMUQ,0.9999998603472224
XUPSAE,OTECAT,0.8632876354463991
YAXBUV02,VEXVAW,0.8611574413728498
YAXBUV02,XUDSIY,0.9992670913478082
YAXBUV02,POJTOY,0.9970866529724812
YAXBUV02,SETRAM,0.9955803555410644
YAXBUV02,SETQIT,0.995275114270832
YAXBUV02,XADCOW,0.99473935946237
YAXBUV02,REZXOK,0.8836671370783227
YAXBUV02,UFIKIG,0.8663019534507697
VEGMOK04,SACHIP,0.8916792585810224
VEGMOK04,ZARLIP,0.8773248752071027
VEGMOK04,MEWPIQ,0.8767740506411841
VEGMOK04,VEHJUP,0.8745175453107108
VEGMOK04,GADROU,0.868903100651661
VEGMOK04,KAHMOW,0.8674624731279863
VEGMOK04,HUVGEM,0.8608304164334895
ACODON,QACTUJ,0.8950407927229951
ACODON,BOJYIK,0.8949804773417545
XADDAJ01,XADDAJ,0.9999795681475898
XADDAJ01,UMIZIB,0.9737579131853136
XADDAJ01,AYOZOF,0.9362649950311198
XADDAJ01,ZALLEG,0.9327818944553312
XADDAJ01,YATTUK,0.8861818631687984
XADDAJ01,SEHSII,0.8831391134054115
XADDAJ01,LAVTAF,0.8829572822245648
DIDBID,DIDBEZ,0.9999970355003316
DIDBID,JODGIU,0.9999845014942828
DIDBID,YATDOP,0.9247200924314124
DIDBID,XALMOO,0.9246373207315596
DIDBID,VEDFER,0.9230232628655964
DIDBID,VEDGES,0.9229190683530316
DIDBID,VEDFAN,0.9228565273888454
DIDBID,TATSIS,0.9219712959671
DIDBID,HURGOR,0.9219353593850648
DIDBID,NIDFOX,0.9178492337320732
DIDBID,DIBQOW,0.8831853283591643
DIDBID,LUWZUZ01,0.8825845975230183
DIDBID,HELDOT,0.8825783281608022
DIDBID,LUWZUZ,0.8824252274349692
DIDBID,FEXCAO01,0.8693313914832707
DIDBID,FISQEG,0.8646895327259323
OGEBAF,FAGQAI,0.9549933847240596
OGEBAF,FISGOF,0.9199308507884866
OGEBAF,QIZLIW,0.8610310124593779
OGEBAF,DOTSOV16,0.8593852787071583
OGEBAF,DOTSOV08,0.8593852342397299
ELUQIM13,ELUQIM08,0.9999986884140248
ELUQIM13,TEVZOK,0.9998489010981716
ELUQIM13,SANMEB,0.9973259854893956
IDUDES,NAPSUV,0.8708206282713353
IDUDES,MIKVEK,0.8606630134352315
PIKYAM,QEKLID01,0.8952763126246509
PIKYAM,DELGIN,0.8934132895214435
KAKCEH01,IFIQUM,0.8002259192391562
YUNBOZ,INICPB01,0.9998960953903668
YUNBOZ,INICPB02,0.9997601345290348
YUNBOZ,YAPQUC,0.8834949721055272
YUNBOZ,LONHON,0.8823385100312463
YUNBOZ,ERIQUS,0.8820444938314014
KIRFOI,ADONEP,0.8858720154510541
KIRFOI,HIDTUM,0.8720930194168939
KIRFOI,ANUGOG,0.8693804975321774
KIRFOI,QIZLIW,0.8688774224651103
KIRFOI,DOTSOV16,0.8666245390601481
KIRFOI,DOTSOV08,0.8666244848980653
KIRFOI,NAPSUV,0.8657481917513682
KIRFOI,DIHVIB,0.8655077361243714
ARIDIQ,MEQPEG,0.8637667794206143
NIKYOW,NIHBAI01,0.9999989519826638
NIKYOW,CAJHUS01,0.999997194442576
NIKYOW,NIHBEM01,0.9999809078853352
NIKYOW,IZAKAX,0.999951082785438
NIKYOW,NUDPAE01,0.9986528335663332
NIKYOW,NUDNUW01,0.9965552659969288
QICXUY,WECSAZ,0.8952441245211229
QICXUY,EXUSUN,0.8938892557750533
QICXUY,EXUTAU,0.8938076533811657
QICXUY,IBEYAQ,0.8803036561883986
IQEWOQ,DIDVIW,0.9987264306657944
IQEWOQ,DADTOS11,0.9987017981201268
IQEWOQ,DADTOS04,0.9986991556360736
IQEWOQ,DADTOS14,0.9984962977727329
IQEWOQ,DADTOS15,0.9983046881608708
IQEWOQ,REZJIR02,0.9982805246241158
IQEWOQ,YUKTUU,0.998270393422872
IQEWOQ,PADJOU,0.9981862398625756
IQEWOQ,VIRJEM,0.9981620034672812
IQEWOQ,PADJOU01,0.998087824330417
IQEWOQ,LIJWOR02,0.9979244886687532
UFOSEQ,WIZMAV10,0.9469435347335023
UFOSEQ,WIZMAV08,0.9469392803109988
UFOSEQ,HERHAQ,0.9066092987017382
UFOSEQ,GERBEN,0.9059082925062548
UFOSEQ,WUPTUY01,0.904947714219027
UFOSEQ,HERHEU,0.9046254810304863
UFOSEQ,OXOLAP,0.9045912881168232
UFOSEQ,GAYXEM,0.9031355664606476
UFOSEQ,ESEBOV,0.8753264766337454
UFOSEQ,UNEJEE,0.8749097069281497
UFOSEQ,BOHWUS,0.8725110861327705
LICSEW04,LICSEW03,0.9999761831444556
LICSEW04,AMURUX,0.9999476778057692
LICSEW04,NAXVOY04,0.99725083937948
LICSEW04,NIWZIE01,0.996883269995714
LICSEW04,NIWZIE02,0.9965629209079536
LICSEW04,NIWZIE09,0.9964685354524642
VEHJUP,FUDGIW,0.907060166610009
VEHJUP,DUNXUH15,0.8961791800158533
VEHJUP,NUFCAU,0.8742452486070461
VEHJUP,CUVTOD,0.8740515003506478
VEHJUP,SOWCOY,0.8600851950391164
DOTSOV16,QAWHIH,0.9987578027324407
DOTSOV16,GAVDUD,0.997200615942325
DOTSOV16,MIKVEK,0.9306035443432412
DOTSOV16,OFOCUI,0.9073608445759814
DOTSOV16,PIDRAY,0.9011516307505072
DOTSOV16,MOFGOE,0.8962957132202818
DOTSOV16,ADONEP,0.8846758435078442
DOTSOV16,HIDTUM,0.8741849164820663
YINNUH,WUNVAD,0.9999897372354776
YINNUH,OKIYIR,0.9999806307924912
YINNUH,WUNVEH,0.9999770553473294
YINNUH,OKIVIO01,0.9999710383517996
YINNUH,SAHYAD02,0.9999612841091916
UFIYIR,UFIRUX,0.9997720767083564
TIKXAN,CUFFEP,0.9999996836644038
TIKXAN,FEYDET,0.999976606077286
TIKXAN,PEYVEV,0.988634501221148
LUWZUZ01,CEJFOO,0.8850762798970049
LUWZUZ01,NERVIP01,0.8830224622811638
LUWZUZ01,DIDBEZ,0.882525357867751
QERZUI01,BAHGUN04,0.9999597424612564
QERZUI01,BAHGUN03,0.9999499303009808
QERZUI01,IPINAY,0.998221216191398
QERZUI01,POFFAT,0.99712131058792
QERZUI01,NAPSUV,0.8655833405817834
ASIVAB,SIXNIZ,0.8958316684189578
ASIVAB,SIXNOF,0.8957720933653738
ASIVAB,LAYXER,0.8635095199889233
ASIVAB,BAZGAM,0.8598081036710038
ASIVAB,BAZFUF01,0.8594836440352589
EKEXOI,JOPGIG,0.99998192708722
KUGQOT,KOQXUL,0.9998830457093172
KUGQOT,LESWAI,0.8609813525477311
YUMFUJ,PEZCII,0.9435223117060428
MIKVEK,GAVDUD,0.9329897320551566
MIKVEK,QIZLIW,0.9326994060829658
MIKVEK,DOTSOV08,0.9306034925146058
MIKVEK,QAWHIH,0.9259330407560328
MIKVEK,LAYXER,0.9192471875281236
MIKVEK,NAPSUV,0.8788716212493444
MIKVEK,BAZFUF01,0.8774109748567508
MIKVEK,QOWRAV11,0.8666924369835038
MIKVEK,QOWRAV08,0.866670067480009
MIKVEK,ENIHUG,0.8606926416337388
IPINAY,POFFAT,0.9998667209708956
IPINAY,BAHGUN03,0.9987638240406702
IPINAY,BAHGUN04,0.9987070277540916
IPINAY,UGEPEB01,0.99789913292788
IPINAY,UGEPEB,0.997179887787887
IPINAY,NAPSUV,0.8701728937374034
VIYHUI,FITSAD,0.9998718958675334
XOMCIN,LIDSAU,0.9996015716440682
XOMCIN,JAMSEY,0.996970058604237
XOMCIN,FEVDIV,0.9781208263879072
XOMCIN,CAXZUY,0.9088364326234132
XOMCIN,XADWIK,0.9057034103069476
XOMCIN,XADWIK01,0.9052538660367856
XOMCIN,ROGLOP,0.8791919641658802
XOMCIN,UFATEA,0.8761494809293654
XOMCIN,XUJPOI,0.8610665564771219
XOMCIN,NUNPAP,0.8609587614227311
YUKVIK,DADVAG02,0.9999832719414904
LUFNAC,LUFNAC01,0.999907590113984
LUFNAC,TUTJAU,0.9996837163030536
TATSIS01,KEJWAY,0.9998272400510492
TATSIS01,AHETAK,0.9993953360130804
TATSIS01,BOWDUO,0.9993757597435474
TATSIS01,VEDFER,0.9993288985666198
TATSIS01,VEDFAN,0.999295663642536
TATSIS01,VEDGES,0.999062780697136
TATSIS01,DIDBEZ,0.9225149581227896
TATSIS01,JODGIU,0.9225058555204562
TATSIS01,FEVDER,0.8789650282471153
KAHWOG,AHONEQ,0.9999718819017104
KAHWOG,OPENUT,0.9959938810518222
LEPLAV,AHONEQ,0.998906031493375
ANUGOG,QOWRAV08,0.9568601109319526
ANUGOG,QOWRAV02,0.9567913979734788
ANUGOG,FISGOF,0.9199242458958676
ANUGOG,ENIHUG,0.905449704910244
ANUGOG,NAPSUV,0.9007584348821404
ANUGOG,DIHVIB,0.8778945578329971
ANUGOG,HIDTUM,0.8769785528171823
ANUGOG,QAWHIH,0.8768301056857468
ANUGOG,GAVDUD,0.8749973786288765
RISXAT01,GISLOK,0.8774262294497801
PEQLAZ,WEYDEM,0.997676074582263
ENITEB,NOZZUZ,0.9996296952470272
QEKLID01,FESYEK,0.9738610576719806
QEKLID01,DUWBEE,0.9312183305054248
QEKLID01,NABLIM,0.8869062209952031
QEKLID01,MITSUE,0.8867699600423945
QEKLID01,FUMJAA,0.8864945039706776
QEKLID01,IGUVIR,0.8655883838947495
WUHMOD,POKZOG,0.997654974126291
WUHMOD,TULLIX,0.9415956221358478
WUHMOD,FOKWOT,0.940417511745226
WUHMOD,WIVRIE,0.8598731014862893
FECWOB,LEYLIN,0.9290412507810464
FECWOB,GAMFEG,0.8955320813761721
FECWOB,OHOROS,0.8759575486170053
FECWOB,SAQFUM,0.8758008385768301
WOJYOL,WOJZIG,0.9995490376809864
WOJYOL,HISSIN,0.999408530112384
WOJYOL,DUGDOA01,0.9426003961694304
WOJYOL,VITYUU,0.933010751685276
WOJYOL,EWASIG,0.9224344556010168
WOJYOL,YIXFOC03,0.8861551452059426
WOJYOL,WECSAZ,0.883945172221194
WOJYOL,EXUTAU,0.882187351890044
KAKTIA01,BAHGUN03,0.999360211926296
KAKTIA01,BAHGUN04,0.9993156590613442
KAKTIA01,POFFAT,0.9992807419817068
KAKTIA01,UGEPEB01,0.9988732335414228
KAKTIA01,UGEPEB,0.9984190959669476
KAKTIA01,NAPSUV,0.8690556393039524
PASGEX04,DECXUH,0.876352850854347
HIDTUM,GAVDUD,0.87789032589973
HIDTUM,QIZLIW,0.87706735652397
HIDTUM,DOTSOV08,0.8741848518594566
HIDTUM,DIHVIB,0.8728719204783203
EXEQAA,GATHAL,0.8339049114277752
ROLCEC,ROLCEC03,0.9999921006459738
ROLCEC,ROLCEC06,0.999917833734666
ROLCEC,ROLCEC11,0.999892192675367
ROLCEC,MACUFR06,0.9980410045545532
ROLCEC,MACUFR04,0.9975766148901588
ROLCEC,OCUQIO,0.9967177168030242
GUXTEZ,GUXTID,0.9989687176633496
GAVDUD,QAWHIH,0.992257944765824
GAVDUD,PIDRAY,0.9072572024185028
GAVDUD,MOFGOE,0.8961551990068816
GAVDUD,EXAXAE,0.8850467624911478
GAVDUD,ADONEP,0.8830338839842261
PUQYAC,XEGWIS,0.9999999349073376
GAQKOB,QAKFIU,0.8944870661565655
ATIKAP,ADEGIA,0.9999994053274824
ATIKAP,ADEGIA01,0.9998023501642268
ATIKAP,IBEYEU,0.9472123501099023
ATIKAP,UMIZEX,0.8871080226467696
ATIKAP,KEZLIN,0.8838661471326514
ATIKAP,YICGUP,0.8835930136929484
ATIKAP,EBEWOZ,0.8671529734347536
ATIKAP,HOGQIF,0.8651721834366188
SABWAU,CEMLOY,0.9080527056385832
SABWAU,DAZMID,0.9407582180344084
FUMJAA,MITSUE,0.9999710718610452
FUMJAA,PARKUQ01,0.9998519011724604
FUMJAA,PARKUQ,0.9998494201621696
FUMJAA,NABLIM,0.9976985235291428
FUMJAA,FESYEK,0.9082055970408516
FUMJAA,LIQFEY,0.90744995232857
FUMJAA,MICJOA,0.9070449006408348
FUMJAA,IJEYEC,0.8896990821053413
PARFOF,XAVDIJ,0.8850568105262381
PARFOF,IDIWOH06,0.885042021169017
PARFOF,IXODUV,0.8850372440892134
PARFOF,ATOTIM,0.8848742847190876
PARFOF,ALOVEC,0.8818557622139486
TAMHUM,TAMJEY,0.9999210216991874
TAMJEY,HUFJID,0.9985130481748292
XISDIO,DAKZUN,0.9988139382649284
XISDIO,AYOZOF,0.9846980876593784
XISDIO,UMIZIB,0.9742389477569652
XISDIO,LEDHEJ,0.9714651331519552
XISDIO,BOJYIK,0.90471834266478
REGLOG,HIXWIU,0.9953270892087742
DELGIN,XEDGIY,0.8700552710748232
DELGIN,IGUVIR,0.8616815280901342
NIWZIE18,NIWZIE13,0.9999997398932432
NIWZIE18,MOPQIT,0.9998423120562632
NIWZIE18,LICSEW03,0.9962630517853804
WUCRUH,LARPOL,0.9999600895716574
ROLCEC11,ROLCEC06,0.9999982613104422
ROLCEC11,MAGNEQ01,0.9984407525964551
ROLCEC11,OCUQIO02,0.9978109118512316
IBEYEU,ADEGIA01,0.9469834314902184
IBEYEU,MIRGIG,0.926308140487793
IBEYEU,HOGQIF,0.8813635534650102
RUBTAK03,WIZMAV12,0.9469528339688532
RUBTAK03,ERANAO,0.9367740749559
RUBTAK03,HERHAQ,0.9066069301426726
RUBTAK03,EMIYUW,0.9050979815432346
RUBTAK03,WUPTUY01,0.9049443590034078
RUBTAK03,HERHEU,0.9046219682744168
RUBTAK03,OXOLAP,0.9045877576961594
RUBTAK03,GAYXEM,0.903131398399533
RUBTAK03,IZIBUQ,0.8904833050453612
RUBTAK03,ESEBOV,0.8753234749509086
RUBTAK03,UNEJEE,0.8749064782432829
XADWIK02,XADWIK,0.9999929469534536
XADWIK02,LIDSAU,0.9032626173063778
XADWIK02,JAMSEY,0.9027533410268818
XADWIK02,TEVVOI,0.8850570474722753
XADWIK02,CAXZUY,0.8825014322589644
XADWIK,FEVDIV,0.9069048002879176
XADWIK,LIDSAU,0.903053406750718
XADWIK,TEVVOI,0.8851037203016061
XADWIK,CAXZUY,0.8824811543283839
HOGQIF,AFOVIB,0.8852039850730572
HOGQIF,XISDOU,0.8768396093838116
HOGQIF,AYOZIZ,0.8622913614005563
EJIDUW01,NAJGAH,0.9786953441576768
JEGQOE,VUMXUY02,0.9999977007757797
NABLIM,PARKUQ01,0.9987161318010712
NABLIM,DUWBEE,0.94338021660685
NABLIM,MICJOA,0.9080695736018412
NABLIM,LIQFEY,0.9078521413312076
NABLIM,FIPKOG01,0.8603925634386587
BAZGAM,BAZFUF01,0.9956818049607942
BAZGAM,QOWRAV11,0.986194361346576
BAZGAM,QOWRAV08,0.9861740090346504
BAZGAM,LAYXER,0.973791279353358
BAZGAM,FISGOF,0.9068270006443264
BAZGAM,SIXNOF,0.8601529935696653
BAZGAM,SIXNIZ,0.8598703698979935
NUCRIN,MOFTIL01,0.999893939914026
NUCRIN,MOFTIL02,0.9997885358358792
NUCRIN,LEYLIN,0.9282337604202054
NUCRIN,PEPHID,0.8994422376860046
NUCRIN,GAMFEG,0.8970857050696581
MOFGOE,QIZLIW,0.8968867024537316
MOFGOE,QAWHIH,0.8932872298321705
FAHQEM,GALHUY,0.9985411070583862
FAHQEM,IFIPEV,0.9982153736683612
FAHQEM,CIFSIW,0.956428273533388
FAHQEM,VACFOV,0.9440399414220148
FAHQEM,VIFPUY05,0.9435918290806284
FAHQEM,LOQLEJ,0.9435801825961788
FUMJAZ01,DIDBEZ,0.882934618153211
FUMJAZ01,JODGIU,0.882805065427106
FUMJAZ01,FILYEG,0.8667128200194089
FUMJAZ01,COXFOL,0.8653925750784117
FUMJAZ01,XADDOX,0.8646808655730198
FUMJAZ01,FILYAC,0.8626194689121961
LAYXER,QOWRAV11,0.9574031167771484
LAYXER,QOWRAV02,0.9572666959801566
LAYXER,FISGOF,0.9066071618652196
LAYXER,ENIHUG,0.8872456734688281
WEYQAU09,WEYQAU06,0.9999890947286458
WEYQAU09,DIJCOP,0.8717685236917132
POCMEA01,INICPB01,0.999973337581482
POCMEA01,LONHON,0.8836968128479681
POCMEA01,ERIQUS,0.8834797974989431
POCMEA01,YAPQUC,0.8826691528233885
HURGOR,HELDOT,0.954622410410241
HURGOR,FISQEG,0.9317435723182032
HURGOR,JODGIU,0.922118855888711
HURGOR,CAQKAJ01,0.8852711196888697
HURGOR,TAHYUZ,0.8852486181221424
HURGOR,XUBKOU,0.875579504117867
LUWKIZ,XEDGIY,0.9296350343120264
LUWKIZ,EKUNON,0.8616182216002203
LUWKIZ,EKUNON01,0.8616047163269822
DITKAT,DITKAT01,0.9999966169379688
DITKAT,WENRIR,0.997405742873213
DITKAT,RUDRUE,0.8913014848343254
DITKAT,YAPQUC,0.8608413724477265
MAXDUM,MAXDUM01,0.9999327291980424
VITYUU,EWASIG,0.9891361536901822
VITYUU,WOJZIG,0.932619010030358
VITYUU,HISSIN,0.9323515279426194
VITYUU,ASUBIB,0.8642332687349514
VITYUU,DUGDOA01,0.8595536241462973
ERIQUS,LONHON,0.999964064063597
ERIQUS,YAPQUC,0.9929401448137446
ERIQUS,MOLLEG,0.9163347080175808
ERIQUS,SAQCIZ,0.8857709446977469
ERIQUS,POCMEA04,0.8836840088350665
ERIQUS,INICPB02,0.8834524439716618
ERIQUS,INICPB01,0.8830424580231166
ERIQUS,CERPOF,0.8747626830486301
CERPOF,RUDRUE,0.9999499750324442
CERPOF,UHEBOA,0.8868271531374405
CERPOF,LONHON,0.8748305890355837
CERPOF,XILBAW,0.8742308700522077
EXAXAE,ADONEP,0.9983721439968014
EXAXAE,QIZLIW,0.8848248721995069
EXAXAE,QAWHIH,0.8782631508340886
ATIKET,RINTUF,0.9994406495314536
ATIKET,NILCIW,0.8333168298167127
FITSAD,ASUKEE01,0.9999656305227402
FITSAD,OJOQAF02,0.9986648446662684
FITSAD,HAJPEQ,0.8609606480747927
WUNSII,WUNVAD,0.99998370455139
WUNVAD,OKIYIR,0.999998542745647
DEFNIO,MAJMOA03,0.999611241579959
DEFNIO,SOJKOT07,0.9994048518599667
DEFNIO,IGOPEB,0.9990495128734512
DEFNIO,DADTUY07,0.9985080374383188
DEFNIO,DADTUY,0.9983802131910352
DEFNIO,RAVVIU01,0.994053269869383
DEFNIO,RAVVIU,0.9938817340513112
TAHYUZ,HAJYAV,0.9521946676184416
TAHYUZ,DIBQOW,0.8748879012334152
TAHYUZ,HABZEQ,0.8662910980724358
TAHYUZ,XEVSIB01,0.8617153062977723
TAHYUZ,XEVSIB,0.8616064119139073
SACMOA,OCACUR,0.9996437421629544
SACMOA,UGECEO01,0.9995460721762472
SACMOA,KUHNEI,0.994761361805976
SACMOA,HABZEQ,0.864136221124248
SACMOA,XEVSIB01,0.862747393488958
SACMOA,XEVSIB,0.8626898832131583
OKAYIK,OFOYUG,0.9998315644469852
OKAYIK,UQEFED,0.9998096066134586
OKAYIK,QUXRIM,0.9990063757818954
IMIDZB08,IMIDZB01,0.999989215588954
IMIDZB08,HICGEG,0.9994068056893712
JUXZOT,YICRAF,0.8747568473519796
NIWZIE02,NIWZIE01,0.9999920983703254
NIWZIE02,MOPQIT,0.9999404959846632
NIWZIE02,LICSEW03,0.9968290243273168
NIWZIE02,AMURUX,0.9956796008541547
PADJOU,PADJOU01,0.9999825456009852
PADJOU,VIRJEM,0.9999782567046808
PADJOU,DADTOS16,0.9999776876754928
PADJOU,YUKTUU,0.9999775570179582
PADJOU,REZJIR02,0.9999775432043528
PADJOU,DADTOS15,0.999975833189034
PADJOU,DADTOS14,0.9999633496775424
PADJOU,DADTOS04,0.999935277506321
PADJOU,DADTOS11,0.9999348082866644
PADJOU,DADTOS09,0.9999329390277472
PADJOU,DIDVIW,0.9999301472859662
KEPNAX04,KEPNAX01,0.999999977410983
QOWRAV02,QOWRAV08,0.9999998036062951
QOWRAV02,QOWRAV11,0.9999997167871724
QOWRAV02,FISGOF,0.9011577806972196
YATDOP,XALMOO,0.9990541451927212
YATDOP,NIDFOX,0.9903664827897788
YATDOP,JODGIU,0.9249151543688976
YATDOP,DIDBEZ,0.9248034732052892
YATDOP,FEVDER,0.8865012478628733
YATDOP,DIBQOW,0.8710800697124429
YATDOP,CEYPUT,0.8602311754190544
YATDOP,CEYPUT01,0.8602140040569146
YATDOP,VEDGES,0.8601540650062846
YATDOP,VEDGIW,0.8601457666564671
YATDOP,VEDFUH,0.8599870032277273
YATDOP,BOWDUO,0.8599500147622551
YATDOP,AHETAK,0.8599343117858261
YATDOP,KEJWAY,0.8592150551963907
BAHGUN03,UGEPEB,0.9996312507028292
BAHGUN03,POFFAT,0.9978226816800996
NUDPAE11,NUDPAE07,0.9999893034797964
IGAHED03,UGECEO,0.9999548828786008
IGAHED03,UGECEO01,0.9998458950942036
IGAHED03,OCACUR,0.999792240521277
IGAHED03,KUHNEI,0.9952377620918684
IGAHED03,XEVSIB01,0.8642105608084607
IGAHED03,HABZEQ,0.8624488312898031
GECRAI,OFIVAA,0.995630189416852
GECRAI,OCUPUY,0.9402917452456238
MOPQIT,NAXVOY04,0.9999975400935666
MOPQIT,NIWZIE01,0.9999757213927254
MOPQIT,AMURUX,0.9966274481194426
WAPYUJ,DUZNIX,0.9506863664696688
DADTUY07,DADTUY01,0.9999999475993006
DADTUY07,DADTUY,0.9999973584031908
DADTUY07,SOJKOT07,0.9997962889052572
DADTUY07,RAVVIU01,0.9985072676601996
QAWHIH,DIHVIB,0.999358592454497
QAWHIH,PIDRAY,0.8940561977884823
WIXJIW01,XALXIS01,0.8643728967704549
ASUKEE01,KIKRAA,0.9996477226343504
ASUKEE01,RAGREY,0.9992178392747824
ASUKEE01,KOGYIP,0.998745032839815
ASUKEE01,OJOQAF01,0.998267815502055
ASUKEE01,HAJPEQ,0.8608980435383984
FUSWIA,FUQJUX,0.9999905638852288
FUSWIA,PASGAU,0.9993078375566612
FUSWIA,HOSPEL,0.99805513464557
XIHXAP01,XIHXET,0.9990615479071654
WEYQAU06,WEYQAU01,0.9999845745255608
WEYQAU06,UKIQIP,0.8851529717655571
WEYQAU06,GELVEZ02,0.8842149874339114
WEYQAU06,DIJCOP,0.8720816983487107
UNEJEE,WIZMAV05,0.8929141175409399
UNEJEE,WIZMAV08,0.8929042984382551
UNEJEE,WIZMAV09,0.8928973567560707
UNEJEE,WIZMAV10,0.8928943033201665
UNEJEE,WIZMAV12,0.8928697698498552
UNEJEE,BUNLAZ,0.8837229818257442
UNEJEE,EMIYUW,0.8600303181458973
UNEJEE,HERHEU,0.8600139940074326
UNEJEE,GAYXEM,0.8597755238331217
COXFOL,XADDOX,0.9997574387087524
COXFOL,XADDUD,0.9996007106531908
COXFOL,FILYEG,0.9995075786502536
COXFOL,FILYAC,0.9993742177408156
COXFOL,ABAYOU,0.8926230666570683
COXFOL,XIHSEN,0.8617787474351971
FISQEG,DIBQOW,0.942832935372606
UGEPEB01,UGEPEB,0.9999389681502318
UGEPEB01,NAPSUV,0.8650498222274099
BOWDUO,AHETAK,0.9999998260327088
BOWDUO,VEDFUH,0.9999989707624604
BOWDUO,VEDFAN,0.9999957631885446
BOWDUO,VEDFER,0.9999736792000542
BOWDUO,VEDGIW,0.9999607440958526
BOWDUO,CEYPUT01,0.9998440836647045
BOWDUO,KEJWAY,0.9997976657440376
BOWDUO,TATSIS,0.9993018297830004
BOWDUO,JODGIU,0.9229670991426936
BOWDUO,DIDBEZ,0.9228900161551732
BOWDUO,XALMOO,0.8601577761957442
OJOQAF01,YUZJOU,0.9999310780688552
OJOQAF01,OJOQAF02,0.9999022389749368
OJOQAF01,RAGREY,0.9952492026259112
OJOQAF01,KOGYIP,0.9941554165083272
OJOQAF01,HAJPEQ,0.8617480866790381
HAZGOF06,TAJTIK,0.999999962042154
HAZGOF06,GATHAL,0.9999988801613494
HAZGOF06,HAZGOF07,0.9999981463338248
HAZGOF06,CAVMUJ02,0.9989788340636252
FILYEG,XADDUD,0.9997146375342436
FILYEG,XADDOX,0.9994295989263832
FILYEG,FILYAC,0.9983045650446992
FILYEG,FUMJAZ,0.866614802262167
FILYEG,XIHSAJ,0.8635070079625735
VEDFER,AHETAK,0.999971823611776
VEDFER,VEDGIW,0.999966059104584
VEDFER,CEYPUT01,0.9999244072700948
VEDFER,CEYPUT,0.9999188054261824
VEDFER,TATSIS,0.99916093335691
VEDFER,JODGIU,0.9231494611978468
VEDFER,DIDBEZ,0.9230859759647994
VEDFER,FEVDER,0.8791699464193684
VEDFER,XALMOO,0.8600712868016617
PADJOU01,VIRJEM,0.999998794471739
PADJOU01,LIJWOR02,0.9999966374079864
PADJOU01,YUKTUU,0.9999948839749202
PADJOU01,DADTOS15,0.9999927809176554
PADJOU01,DADTOS14,0.9999745459669848
PADJOU01,DADTOS04,0.9999399919376062
PADJOU01,DIDVIW,0.999933961260004
POFFAT,BAHGUN04,0.9977470528205136
RIGHAR,IGUVIR,0.9232530897609436
DADTOS05,DADTOS09,0.9999999980709606
DADTOS05,DADTOS11,0.9999999905695238
DADTOS05,DADTOS14,0.99999186279008
DADTOS05,DADTOS15,0.9999723706028008
DADTOS05,REZJIR02,0.999969132396886
DADTOS05,YUKTUU,0.999967777414745
DADTOS05,VIRJEM,0.999951523543582
DADTOS05,DADTOS16,0.9999509163340814
VEDFAN,AHETAK,0.9999940194758244
VEDFAN,VEDGIW,0.9999810970059372
VEDFAN,VEDGES,0.9999755133149028
VEDFAN,CEYPUT,0.9999292258133462
VEDFAN,CEYPUT01,0.999890569316995
VEDFAN,KEJWAY,0.9997381905941576
VEDFAN,TATSIS,0.999196826474329
VEDFAN,JODGIU,0.9230104060387088
VEDFAN,FEVDER,0.8791977158386419
VEDFAN,XALMOO,0.8601064933239033
MAWWAK05,MAWWAK08,0.998362611962915
SAMVEK,LUSHOX05,0.9946128873211646
DOLPIF,OPENUT,0.9999548067888344
DOLPIF,AHONEQ,0.9960613707819824
DOLPIF,LUCDAO,0.8634415797897043
YUKTUU07,DADTOS15,0.9999998399446391
YUKTUU07,JEDKIP,0.999999592510444
XALXIS01,USICAB02,0.8180863630048645
NUDNUW01,NUDPAE01,0.999514348045679
NUDNUW01,NIHBEM01,0.9970473660628636
NUDNUW01,CAJHUS01,0.9967465822489532
NUDNUW01,IZAKAX,0.9956909218895116
ROSKIV,MOFTIL02,0.8849181882617587
IGUVIR,ZASJAG,0.920578645856433
VIFPUY03,LOQLEJ,0.9999999425600292
VIFPUY03,MAYJOM,0.9999576587760048
VIFPUY03,GALHUY,0.9375638580840387
VIFPUY03,NEDLOZ,0.9054089484896376
VIFPUY03,CIFSIW,0.9042908347472712
VIFPUY03,CIFSAO,0.9033108776839988
VIFPUY03,CIFSES,0.9031365821826272
VIFPUY03,CUFFEP,0.8747404671423056
VIFPUY03,FEYDET,0.8745592818901988
VIFPUY03,PEYVEV,0.8598979904387845
EZOFEF,PUNYON,0.9999987095627106
EZOFEF,XUJQAV,0.9955454792168494
EZOFEF,NUNPAP,0.9947730690516104
EZOFEF,XUJPEY,0.9938281120552585
EZOFEF,QEZZED,0.8872643050476677
EZOFEF,XUCHOS01,0.8850531154532761
XUCHOS01,SEQSUE,0.887248052620399
XUCHOS01,XUJQAV,0.8812425936762475
XUCHOS01,XUJPOI,0.8811152846343069
XUCHOS01,NUNPAP,0.8805230386397821
NIWZIE09,LICSEW03,0.9967381476886832
OCUMOR,OCUNAE,0.9996193204413408
KEFBOO,ZARLIP,0.8766568878878109
PIDRAY,OFOCUI,0.9045978157216282
PIDRAY,DOTSOV08,0.9011515425135388
PIDRAY,DIHVIB,0.8993953025539747
TEDWIL08,TEDWIL03,0.9999987417837852
IFIPEV,CIFSAO,0.9537046013302825
IFIPEV,MAYJOM,0.947079725047805
IFIPEV,VACFOV,0.9470140701194028
IFIPEV,LOQLEJ,0.9468864931720302
REZFEK,XIHXET,0.8803777691757944
SIXNIZ,SIXNOF,0.8957905875614665
SIXNIZ,BAZFUF01,0.8593871814100248
NIDFOX,XALMOO,0.9954301428503388
NIDFOX,DIDBEZ,0.9178944343078994
NIDFOX,JODGIU,0.9178201219668056
NIDFOX,FEVDER,0.8820353333120687
WUPTUY01,WIZMAV08,0.8634733379528127
WUPTUY01,WIZMAV12,0.8634368802242163
WUPTUY01,ERANAO,0.8631270117455419
EBEXEQ01,MIMCOD,0.8049726045000156
CUXQIW,BOJYIK,0.9082034327743972
WECSAZ,EHAZES,0.999933941472883
WECSAZ,EXUSUN,0.9998322908987192
WECSAZ,EXUTAU,0.9998139151315149
WECSAZ,YIXFOC03,0.9994165012176524
WECSAZ,IBEYAQ,0.9466906758183168
WECSAZ,LUCDAO,0.8798973939065807
WECSAZ,SENXER,0.8696369040061942
WECSAZ,RUYVIS,0.8686857585112585
WECSAZ,LIXMEM,0.8608037143268173
WECSAZ,AHONEQ,0.8600536972716217
FIPKOG01,MICJOA,0.8684000362863089
FIPKOG01,PARKUQ,0.8610910025973897
FIPKOG01,MITSUE,0.8609313153547058
YINQUK,MAXFEY,0.9505639518682116
BAZFUF01,UMUBEL,0.8435293323136046
BAZFUF01,QOWRAV11,0.997144173509199
BAZFUF01,QOWRAV08,0.9971346790902964
BAZFUF01,FISGOF,0.9073257706198168
BAZFUF01,ENIHUG,0.8697189294693829
BAZFUF01,NAPSUV,0.8606799011632034
BUNLAZ,WIZMAV05,0.949448946615004
BUNLAZ,WIZMAV10,0.9494063719296808
BUNLAZ,HERHEU,0.915046341182408
BUNLAZ,HERHAQ,0.9130793901779026
BUNLAZ,IZIBUQ,0.8782144239646412
TECTUS,TECVEE,0.999345583283658
QIZLIW,DIHVIB,0.9982778148182312
QIZLIW,OFOCUI,0.9048210746529072
QIZLIW,ADONEP,0.8843624285747635
FITFOG,FITFIA01,0.8142278529162537
DADTUY,DADTUY01,0.9999965619614772
DADTUY,SOJKOT07,0.9997472641523883
DADTUY,RAVVIU01,0.9986300422097956
DADTUY,RAVVIU,0.9985464514080248
CIZQUZ,ATAFIK,0.9999917108872064
CIZQUZ,RIGTIL,0.9992660857001228
CIZQUZ,FABFOF,0.994515074896956
CIZQUZ,WOBHIF03,0.8681450740551916
LUWMEX,APAZIC,0.9992362900260132
LUWMEX,FECXAO,0.9479822157291748
LUWMEX,PEZCII,0.9475759156946576
OKIVIO01,WUNVEH,0.9999995227285164
OKIVIO01,SAHYAD02,0.9999991570407476
OKIVIO01,OKIYIR,0.999998912011565
OKIVIO01,OKIWEL,0.9999988265694352
OFEREX,EWASIG,0.9251771756381132
CAQJOW,HAJYAV,0.9999986787095064
CAQJOW,CAQKAJ01,0.9957834066634728
CAQJOW,CAQKAJ,0.9949239162344136
CAQJOW,HELDOT,0.8670489257630131
XIHSAJ,XADDUD,0.8631368125609123
XIHSAJ,XEVSIB01,0.8603574712103668
XIHSAJ,XEVSIB,0.8603024955651836
LIQFEY,MITSUE,0.9077243471098676
SANMEB,SIWQIA02,0.9997729343822332
SANMEB,SIWYOO,0.9996700617187566
EXUTAU,EHAZES,0.9995356438137928
EXUTAU,YIXFOC03,0.9985725914557736
EXUTAU,IBEYAQ,0.9471260863481352
EXUTAU,HISSIN,0.8850654560367917
EXUTAU,LUCDAO,0.8777622183289904
EXUTAU,LIXMEM,0.8607563075891463
EXUTAU,AHONEQ,0.8591020123522293
CEJFOO,NERVIP01,0.99858837841226
LIJWOR02,YUKTUU,0.9999835663793788
LIJWOR02,DADTOS15,0.9999799257151748
LIJWOR02,DADTOS14,0.9999528756442108
LIJWOR02,DADTOS09,0.9999049294354448
LIJWOR02,DIDVIW,0.9999009239165148
QONKUB,DEGJIK,0.9995216378640208
QONKUB,JAVNIE,0.998998871028993
QONKUB,BUZKUE,0.9989949950847584
QONKUB,VUQJEX,0.9976596000830308
QONKUB,HOSPEL,0.9974170190398296
DADTOS11,DADTOS04,0.999999998652032
DADTOS11,DADTOS09,0.99999998011141
DADTOS11,DIDVIW,0.9999998811922326
DADTOS11,DADTOS14,0.999992407379276
DADTOS11,REZJIR02,0.9999702019104968
DADTOS11,YUKTUU,0.9999688704104254
DADTOS11,DADTOS16,0.9999522675288348
FUQCIF,PIZNOB,0.9897994443419582
ESADUZ01,POKZOG,0.9981273561218827
ESADUZ01,FOKWOT,0.9408416201473162
ESADUZ01,EREGOY,0.8602394200384744
MAGXOK,ROFREL,0.945248735996414
XAFBEN,QETZAT,0.8965582163986693
WIZMAV10,WIZMAV09,0.9999999984511716
WIZMAV10,WIZMAV08,0.999999983365989
WIZMAV10,ERANAO,0.9926286941857082
WIZMAV10,GERBEN,0.9554136709789456
WIZMAV10,HERHEU,0.9545163008295114
WIZMAV10,GAYXEM,0.9533956216516742
WIZMAV10,DITJOH,0.9225389326457988
WIZMAV10,IZIBUQ,0.9102149850400192
WIZMAV10,OXOLAP,0.8632050157866811
XADCOW,SETQOZ,0.999914388938556
XADCOW,POJTOY01,0.9997318925369654
XADCOW,XUDSIY,0.9901249054657344
XADCOW,KUXSIH,0.9712681127898986
XADCOW,REZXOK,0.8838465278346682
DIBQOW,DIDBEZ,0.8832788958656295
DIBQOW,CAQKAJ,0.8764117532686696
DIBQOW,CAQKAJ01,0.8760949729197276
DIBQOW,XALMOO,0.8682407918612687
NIFQIF,NIFSUT,0.9999968333872368
NIFQIF,NIFQOL,0.9999979612894964
NIFQIF,SEFVEG02,0.9999974827493628
NIFQIF,SEFVEG,0.9999973818801966
NIFQIF,NIFRAY,0.9999932338731308
NIFQIF,TUDJAE,0.9999538056545634
NIFQIF,TUDJEI,0.9999460247218784
QONLIQ,BUZKUE,0.9987916100338076
QONLIQ,VUQJEX,0.9973546721821736
QONLIQ,HOSPEL,0.9972258686032331
DADTOS16,VIRJEM,0.9999999947596302
DADTOS16,YUKTUU,0.9999982253075728
DADTOS16,DADTOS15,0.9999969386462356
DADTOS16,DADTOS14,0.9999827486281668
DADTOS16,DADTOS04,0.9999527732287564
DADTOS16,DADTOS09,0.999950299064156
KENTEF03,KENVOR,0.9999991990146738
KENTEF03,KENVOR01,0.999993945959966
KENTEF03,KENTEF05,0.9999899113761204
FOKWOT,GOXGAD,0.879519409216609
FOKWOT,TULLIX,0.9950410909934252
DOTSOV08,OFOCUI,0.9073608690125124
RUBZIY01,YICREI,0.9997926817870484
NAPSUV,BAHGUN04,0.8664757276238221
NAPSUV,ENIHUG,0.8598124337646875
HOFXOP,HOFXUV,0.9999975921585752
WIDTAF,DELTAQ02,0.9974183883020978
LIDSAU,JAMSEY,0.9966394247401316
LIDSAU,FEVDIV,0.9772506283293664
LIDSAU,CAXZUY,0.908059798640151
LIDSAU,XADWIK01,0.902451853687278
LIDSAU,ROGLOP,0.8791899796836824
LIDSAU,NUNPAP,0.8611231796773914
LIDSAU,XUJPOI,0.861048833729174
LIDSAU,XUJQAV,0.8610265071486382
AYOZOF,LEDHEJ,0.9651813117651916
AYOZOF,UMIZIB,0.957284313009106
AYOZOF,ZALLEG,0.9463221884849252
AYOZOF,BOJYIK,0.899576007696044
AYOZOF,QACTUJ,0.8994086266316186
XADDUD,FUMJAZ,0.8652136567657362
XADDUD,XIHSEN01,0.8629267185974119
XADDUD,XIHSEN,0.8627411730317464
KUXSIH,XUDSIY,0.994909042359262
KUXSIH,POJTOY01,0.9764166125006696
KUXSIH,SETQOZ,0.974237164803417
KUXSIH,REZXOK,0.866786910043626
FIVRUA,EKUNON,0.8646364748147368
FIVRUA,EKUNON02,0.8645215135733211
FIVRUA,IRELIC,0.859531151304616
XUJPEY,NUNPAP,0.999958027319417
XUJPEY,XUJPOI,0.9998805793901946
XUJPEY,XUJQAV,0.9998561605373684
XUJPEY,PUNYON,0.9936504802852604
XUJPEY,QEZZED,0.8965292162364354
SEFVEG02,SEFVEG,0.9999999990092544
SEFVEG02,NIFQOL,0.999999974775518
SEFVEG02,TUDJAE,0.9999728546581902
SEFVEG02,TUDJEI,0.999966819231848
SEFVEG02,NIFNOI,0.999945116269732
WIZMAV12,WIZMAV08,0.9999998030840348
WIZMAV12,ERANAO,0.9925749467568123
WIZMAV12,HERHAQ,0.9558410015142292
WIZMAV12,GERBEN,0.955393468903805
WIZMAV12,EMIYUW,0.95483136726927
WIZMAV12,HERHEU,0.9544886945007872
WIZMAV12,DITJOH,0.922542724073608
WIZMAV12,OXOLAP,0.8631772183384383
MAQRAA01,MAQRAA,0.99999750169639
NIHBAI01,CAJHUS01,0.999999543944896
NIHBAI01,NIHBEM01,0.999988535260618
NIHBAI01,IZAKAX,0.9999365566837264
NIHBAI01,VICBEQ,0.9987746888133447
NIHBAI01,NUDPAE01,0.9987241607863296
NIHBAI01,NUDNUW09,0.9968079218362378
LOQLEJ,VIFPUY05,0.9999999329046998
LOQLEJ,VACFOV,0.9999842304030324
LOQLEJ,MAYJOM,0.9999574737642454
LOQLEJ,NEDLOZ,0.9054080319675052
LOQLEJ,CIFSAO,0.9033097513633994
LOQLEJ,CIFSES,0.9031367108352044
LOQLEJ,CUFFEP,0.8747401108893875
LOQLEJ,FEYDET,0.874560004304936
LOQLEJ,PEYVEV,0.8599035095963704
ENIHUG,QOWRAV08,0.8678164011333828
CIZQOT,FABFOF,0.995668264418542
CIZQOT,WOBHIF03,0.8691842093622131
ABAYOU,ABIWOX,0.8849940697570644
CEYPUT,VEDGIW,0.9999832967749004
CEYPUT,VEDGES,0.99998309419218
CEYPUT,CEYPUT01,0.9999675683733776
CEYPUT,KEJWAY,0.9993963132215476
CEYPUT,TATSIS,0.9986499860151954
CEYPUT,FEVDER,0.8789650024906895
CEYPUT,XALMOO,0.8598021951709005
UGECEO03,OCACUR,0.99996121930374
UGECEO03,KUHNEI,0.9953305998328128
UGECEO03,XEVSIB,0.8640127146776986
UGECEO03,HABZEQ,0.8630978170764416
AHOKIR01,POVVUS,0.8885339081120822
KOLPIL,JOSTIU,0.8426663846286386
KOLPIL,CECVOW,0.9947342085798904
YANXIX02,SIWQIA02,0.9997672210615424
YANXIX02,TEVZOK,0.9987737471120676
YANXIX02,ELUQIM08,0.9978705358410672
YANXIX02,ELUQIM04,0.9978193511268344
LAVTAF,HIDDAB,0.9080423920949652
LAVTAF,YATTUK,0.9901835879593786
LAVTAF,OHIHOD,0.8853975523703427
LAVTAF,XADDAJ,0.8823443008831049
PARKUQ01,MITSUE,0.9999538622000972
PARKUQ01,FESYEK,0.908215480521356
PARKUQ01,MICJOA,0.907740688543314
PARKUQ01,IJEYEC,0.891667113318744
PARKUQ,DUWBEE,0.9465228967155832
PARKUQ,FESYEK,0.9082143051915677
PARKUQ,MICJOA,0.9077452528863524
OCUQIO,OCUQIO02,0.999999798326144
OCUQIO,MACUFR06,0.9998281918634928
OCUQIO,ROLCEC06,0.9976716914692052
ENIBEJ,UKOYOJ,0.8650182613681863
YAMXOC,CUFFEP,0.99999998436748
YAMXOC,FEYDET,0.9999724189240976
YAMXOC,PEYVEV,0.98852691062437
YAMXOC,XINTOG,0.9240565955094654
YAMXOC,MAYJOM,0.8749071921706407
YAMXOC,VACFOV,0.8748514297686097
ALICII,KELJIV,0.9998355952589518
IBEYAQ,DUGDOA01,0.9563667500576328
IBEYAQ,EXUSUN,0.9471124893025578
IBEYAQ,EHAZES,0.9462796495257638
IBEYAQ,YIXFOC03,0.9450121351185368
IBEYAQ,HISSIN,0.929831612652912
IBEYAQ,WOJZIG,0.9226777024808857
MAGNEQ01,CUFORM06,0.9995537576993144
MAGNEQ01,MACUFR06,0.9999681830236686
MAGNEQ01,OCUQIO02,0.9999459042153732
MAGNEQ01,ROLCEC06,0.9983350813640788
NUSSEA,NUVLOG,0.8338369499316187
KEJWAY,TATSIS,0.9998502713144216
KEJWAY,AHETAK,0.9998093177198584
KEJWAY,VEDFUH,0.999767781470407
KEJWAY,VEDGIW,0.99958032508045
KEJWAY,CEYPUT01,0.9993302249764976
KEJWAY,JODGIU,0.9226194757684824
KEJWAY,FEVDER,0.8792489289011478
KEJWAY,XALMOO,0.860296823401127
SAQQOR,REDMUL,0.9225083260999294
AHAKEA,COYTIU,0.900133965749522
VAFCAH01,HAWDIU,0.859763883943669
GAYXEM,EMIYUW,0.9997472241536924
GAYXEM,GERBEN,0.9994612851400372
GAYXEM,HERHAQ,0.9990322250206448
GAYXEM,WIZMAV05,0.9534237099953726
GAYXEM,WIZMAV09,0.9533999465813434
GAYXEM,IZIBUQ,0.9054222252660488
GAYXEM,DITJOH,0.88200142349581
GAYXEM,ESEBOV,0.8596324470250639
INEXOQ,WACLEU,0.9310231891238236
INEXOQ,UKIQIP,0.8726195227469677
SETQOZ,SETRAM,0.9999899238270968
SETQOZ,SETQIT,0.999970370562998
SETQOZ,POJTOY01,0.9999492360987108
SETQOZ,XUDSIY,0.9918629284054568
SETQOZ,UFIKIG,0.8691964865550368
FEPGEP,JUYJIY,0.929074769340505
HIHQOE02,ULEGOH,0.8109269215483385
REZJIR02,YUKTUU04,0.9999999519589282
REZJIR02,YUKTUU,0.999999984682827
REZJIR02,VIRJEM,0.999998017387724
REZJIR02,DADTOS14,0.9999926867605924
REZJIR02,DADTOS04,0.999970600894838
AHETAK,VEDFUH,0.9999979532055576
AHETAK,VEDGES,0.9999453452552178
AHETAK,DIDBEZ,0.9228879039882084
AHETAK,FEVDER,0.8792379775163568
AHETAK,XALMOO,0.8601675577130822
GEPBEK,USAYOE,0.9986563251882764
GEPBEK,QUSVOQ,0.9340020362579214
XIHSEN,HABZEQ,0.8613089730392908
XIHSEN,XEVSIB01,0.8608032482977632
XIHSEN,XEVSIB,0.8607584402803381
CUFFEP,PEYVEV,0.9885169566993532
CUFFEP,XINTOG,0.9240510521129564
CUFFEP,MAYJOM,0.8749077623541662
CUFFEP,VACFOV,0.8748521537922022
CUFFEP,VIFPUY05,0.8747433986771966
YIGHUU,VITDUY,0.8918241955016908
HEBLOR,HIQKOJ,0.8608135184487888
PEPHID,MOFTIL01,0.89855054186712
PEPHID,MOFTIL02,0.8981761667460975
YOSLIB02,NATXOW,0.9147406388589412
DIDBEZ,JODGIU,0.9999948686893724
DIDBEZ,XALMOO,0.9247096074485152
DIDBEZ,CEYPUT01,0.9230914748879456
DIDBEZ,VEDFUH,0.9228973449991278
DIDBEZ,FEVDER,0.9088829816109312
DIDBEZ,HELDOT,0.8826741793953836
DIDBEZ,FEXCAO01,0.8693703586442522
XALMOO,TATSIS,0.8600921329822628
XALMOO,VEDGIW,0.85996814692887
XALMOO,CEYPUT01,0.8597351316827673
FESYEK,MITSUE,0.9082465985973892
QUXRIM,OFOYUG,0.9989470096820048
LUSHOX05,ILAKAH,0.9200536853955684
PASGAU,DEGJIK,0.9999505419468672
PASGAU,BUZKUE,0.9978331779390636
PASGAU,HOSPEL,0.9962042327076438
SIXWON,LEBQUH,0.8629460807662754
LUCDAO,YIXFOC03,0.8827817954637205
LUCDAO,EXUSUN,0.877879128564187
LUCDAO,SENXER,0.8715623265343381
LUCDAO,SENXAN,0.8711026834758443
LUCDAO,AHONEQ,0.8618719944235229
RATDAS02,TEVZOK,0.9999969571232163
IGINIX,MUSMAQ,0.8721127112161499
SEHSII,YATTUK,0.999029828624983
SEHSII,OHIHOD,0.8964091467192242
SEHSII,XADDAJ,0.8836996021157881
SEHSII,BOJYIK,0.8740871834850046
SEHSII,QACTUJ,0.8740472074206485
TONBUU,XUJQAV,0.9999894016260156
JAMSEY,XADWIK01,0.9022947898039289
VACFOV,MAYJOM,0.9999934690981878
VACFOV,VIFPUY05,0.999985095218806
VACFOV,GALHUY,0.938317598337686
VACFOV,CIFSIW,0.9047705961390796
VACFOV,CIFSAO,0.903848098936565
VACFOV,CIFSES,0.9036826139168724
VACFOV,FOSTIS,0.903574761631588
VACFOV,FEYDET,0.8747081975014522
VACFOV,PEYVEV,0.8608296325976913
RUYVIS,YIXFOC03,0.8727297405337209
RUYVIS,EHAZES,0.8701076364426801
UFIJUQ,UFIJOK,0.999844918781029
CIFSES,FOSTIS,0.9999976053854828
CIFSES,CIFSAO,0.9999915336754136
CIFSES,CIFSIW,0.9999202419018371
CIFSES,GALHUY,0.9557007227571692
CIFSES,MAYJOM,0.9040197589681428
CIFSES,VIFPUY05,0.9031495497784277
WUNTUV,OKIWEL,0.999999359771404
FABFOF,RIGTIL,0.9977816411590178
HAZNON,HAZPIJ,0.9998351948820569
HAZNON,KULMIP,0.8631546941004694
YINCUV,MIQCUL,0.939830939218414
AHONEQ,OPENUT,0.995298142567389
AHONEQ,YIXFOC03,0.8608276964477859
INICPB02,POCMEA04,0.9999843881420386
INICPB02,INICPB01,0.99997111172723
INICPB02,XILBAW,0.8850641494478948
INICPB02,YAPQUC,0.8828407134453301
UNIRUF01,UNIRUF11,0.999920719390589
MITSUE,DUWBEE,0.9468375082221558
MITSUE,IJEYEC,0.8906037359656476
GALHUY,FOSTIS,0.9557503621279276
GALHUY,CIFSIW,0.9551719513955714
GALHUY,NEDLOZ,0.9543937660276038
LOLREL,IJASES,0.8289628217356017
EKUNON01,EKUNON02,0.9999954872302144
XADDOX,XIHSEN01,0.8622507479955561
XADDOX,VASYEW,0.8587634309674144
KUNTAQ02,DAZMID,0.9398390299250936
KUNTAQ02,OTECAT,0.9066935084524196
DIHVIB,ADONEP,0.8843633764837964
ISIYUF01,ERFORD01,0.998079637013104
OXAZIX,GUXSUO,0.99895314382029
MIRGIG,KEZLIN,0.999122215325938
MIRGIG,AFUDUD,0.9974779961010922
MIRGIG,UMIZEX,0.965672627214566
MIRGIG,AYOZIZ,0.928549599089294
MIRGIG,ADEGIA01,0.8780494036235479
AYOZIZ,UMIZEX,0.9723755587671312
AYOZIZ,KEZLIN,0.9351429054025338
AYOZIZ,ADEGIA01,0.906314861940087
AYOZIZ,ADEGIA,0.9048205439949882
SIWJAM,GIZJOP,0.9996797881106632
NUDLOP01,JEGJUD,0.8871935691553652
WIVKIX,CUQKOQ,0.8698779140404155
RUYGEY,RUYGEY01,0.9999856902228594
CIFSAO,CIFSIW,0.9999453376070014
CIFSAO,NEDLOZ,0.9997094487256616
CIFSAO,MAYJOM,0.9041792242561464
CIFSAO,VIFPUY05,0.9033236325048573
BOJYIK,BOJYIK01,0.9995378430821048
BOJYIK,HISTIO,0.8014959887949374
BOJYIK,QACTUJ,0.9999990428983
BOJYIK,ZALLEG,0.946846237252536
BOJYIK,LOZSUQ,0.9070797045227628
BOJYIK,DAKZUN,0.8994777876679303
BOJYIK,NEQTIP,0.8991375965488269
BOJYIK,LEDHEJ,0.887264021973102
BOJYIK,XADDAJ,0.8864083375805519
BOJYIK,UMIZIB,0.882467645691259
BOJYIK,LUCDES,0.8791551132337987
BOJYIK,YATTUK,0.8749991243611475
BOJYIK,OHIHOD,0.8607881271243734
TUTJAU,LUFNAC01,0.9998991979884186
VUNNEZ,VUNNID,0.9944492740997128
ATOTIM,IXODUV,0.9999369789435486
ATOTIM,IDIWOH04,0.999933855324452
ATOTIM,IXOFUX01,0.9999337522412528
ATOTIM,IDIWOH05,0.9999296455521968
ATOTIM,XAVDIJ,0.9999050166314616
ATOTIM,ALOVEC,0.9949695681452192
EMIYUW,WIZMAV05,0.9548765587593424
EMIYUW,WIZMAV08,0.9548665514508216
EMIYUW,ESEBOV,0.8600092055955554
MAHGAG,JEPWIN01,0.9999958011245929
UFIKIG,VAGVAC,0.8692744036025826
UFIKIG,SETQIT,0.8690707470485104
UFIKIG,XUDSIY,0.8626420152829022
GAMFEG,MOFTIL01,0.89656635562502
GAMFEG,MOFTIL02,0.8963191792306997
GAMFEG,OHOROS,0.8723341207429152
GAMFEG,SAQFUM,0.8723294286990027
OHOROS,LUGLUU,0.893140564739287
OHOROS,SAQFUM,0.9999967009592172
NIWQIV,UFATEA,0.88493676793402
BOJYIK01,LARYOU,0.998694654240617
QOWRAV08,QOWRAV11,0.9999999920764436
VIFPUY05,CIFSIW,0.9043022642923187
VIFPUY05,FOSTIS,0.9030351672389436
VIFPUY05,FEYDET,0.8745630817268102
VIFPUY05,PEYVEV,0.8599198970656493
JOFPAX,KAYBIX,0.8870113779711535
UXACAY,PIZPIX01,0.901905725102697
FOCZEE,AMIXOK,0.8880822374326116
UGECEO,OCACUR,0.9999351012455756
UGECEO,KUHNEI,0.995278581794946
UGECEO,XEVSIB01,0.864085043031728
UGECEO,XEVSIB,0.8640660186880373
UGECEO,HABZEQ,0.8629665000032697
POKZOG,TULLIX,0.9366778983439004
POKZOG,EREGOY,0.8604934665429684
MUPTAU01,YOGVEX,0.9999865836422008
FISGOF,QIYDIN01,0.8769163038901713
FISGOF,FAGQAI,0.8764836509281217
ZAWCAE,PEGBEK01,0.9999982274377446
UTONAT,UTONEX,0.9992046502423068
UTONAT,ATIJUI,0.8641367649422454
PEYVEV,FEYDET,0.9895619949012882
PEYVEV,XINTOG,0.9326400480285844
PEYVEV,MAYJOM,0.8614183128050827
WUNVEH,OKIYIR,0.9999998484996532
WUNVEH,OKIWEL,0.9999998264792506
WUNVEH,SAHYAD02,0.9999979475652808
XEVSIB,HABZEQ,0.9975922073589504
XEVSIB,UGECEO01,0.863888448615332
XEVSIB,OCACUR,0.8638038444555802
XEVSIB,KUHNEI,0.8593167157270549
PADBAZ,AQMAND,0.811036681168324
VICBEQ,NUDPAE01,0.9999994882842104
VICBEQ,NUDNUW09,0.9994851471478172
VICBEQ,NIHBEM01,0.9989997939871216
VICBEQ,CAJHUS01,0.9988213431814588
VICBEQ,IZAKAX,0.9981548273780496
XADWIK01,FEVDIV,0.9065454738654112
XADWIK01,TEVVOI,0.8851229082240599
VEDGIW,VEDGES,0.9999959924504797
VEDGIW,VEDFUH,0.9999724213010054
VEDGIW,CEYPUT01,0.9999444024865456
VEDGIW,TATSIS,0.9989328179023316
VEDGIW,JODGIU,0.9229999061970272
VEDGIW,FEVDER,0.8790958869951139
EKUNON02,BERQAS,0.8156186750257821
EKUNON02,JUYJIY,0.8817848532663761
EKUNON02,MALWUU,0.8634899315694242
SAQFUM01,MOFTIL01,0.8769942108796482
RIGTIL,WOBHIF03,0.8710504110516256
GERBEN,HERHAQ,0.999937517790973
GERBEN,HERHEU,0.9998569339616366
GERBEN,WIZMAV09,0.9554161828787364
GERBEN,ERANAO,0.9535151928863344
GERBEN,IZIBUQ,0.9043521808000644
GERBEN,ESEBOV,0.8600321740666347
WIZMAV09,WIZMAV08,0.9999999919686308
WIZMAV09,WIZMAV05,0.9999999530248695
WIZMAV09,IZIBUQ,0.9102201986269736
WIZMAV09,ESEBOV,0.893186041678022
WOBHIF03,QEJBIT,0.8751576994647692
HAWVAE,QOZXUZ,0.9976346626696276
HELDOT,CAQKAJ,0.8760963807397428
HELDOT,CAQKAJ01,0.8756998194926693
HELDOT,FEXCAO01,0.8692972096955485
HELDOT,HAJYAV,0.8671191595976354
IDIWOH04,IDIWOH06,0.999999963339347
IDIWOH04,IXODUV,0.9999999467260948
IDIWOH04,IDIWOH05,0.999999935045196
IDIWOH04,IXOFUX,0.9999997809455292
IDIWOH04,IXOFUX01,0.9999997595876886
IXOFUX01,IXOFUX,0.9999999973919438
IXOFUX01,IXODUV,0.9999998301875174
IXOFUX01,IDIWOH06,0.999999722423994
IXOFUX01,IDIWOH05,0.9999996940123166
IXOFUX01,XAVDEF,0.9999996874678038
IXOFUX01,XAVDIJ,0.9999971469602544
IXOFUX01,ALOVEC,0.9960526248862012
FOSTIS,MAYJOM,0.9039160819767156
EXUSUN,YIXFOC03,0.9986241254604888
EXUSUN,DUGDOA01,0.9082088711986812
EXUSUN,HISSIN,0.8851301533498301
EXUSUN,WOJZIG,0.8788530297803634
EXUSUN,SENXER,0.8677257908447176
EXUSUN,SENXAN,0.8628866530804133
EXUSUN,LIXMEM,0.8607634481685082
NAXVOY04,NIWZIE01,0.9999883965442232
NAXVOY04,LICSEW03,0.9974862080629272
ALOVEC,XAVDIJ,0.9962514787535685
ALOVEC,XAVDEF,0.9960864256024944
ALOVEC,IDIWOH05,0.9960839863679216
ALOVEC,IXOFUX,0.9960469982755208
UPEMUZ,GURXIB,0.8865654759408512
GEWSEJ,AMIXIE,0.9028379037924392
GEWSEJ,NELRAY,0.9024146119444671
FEYDET,XINTOG,0.924917061350922
XUJPOI,XUJQAV,0.9999987869744884
XUJPOI,NUNPAP,0.9999791077568434
XUJPOI,PUNYON,0.9952551710209836
XUJPOI,QEZZED,0.895982357712287
XEVSIB01,UGECEO01,0.8639177046709322
XEVSIB01,XIHSEN01,0.8606204576748995
XEVSIB01,KUHNEI,0.859384181142544
DIJCOP,WEYQAU01,0.8724294650072237
WEYQAU01,UKIQIP,0.8854981863983146
WEYQAU01,SOBDOF,0.8841038694834409
VEDGES,CEYPUT01,0.9999668966272108
VEDGES,VEDFUH,0.9999634164713448
VEDGES,JODGIU,0.923073751151096
VEDGES,FEVDER,0.8790804149540259
NEDLOZ,CIFSIW,0.9999067061261692
NEDLOZ,MAYJOM,0.9060585280246212
LUFNAC04,LUFNAC01,0.999999662561019
GATHAL,HAZGOF04,0.999999317590246
GATHAL,TAJTIK,0.9999989893241632
GATHAL,HAZGOF07,0.9999974959899957
RAGREY,KOGYIP,0.9999427565025292
RAGREY,KIKRAA,0.9999101572628124
RAGREY,OJOQAF02,0.9954396559970344
HABZEQ,UGECEO01,0.8633241539015595
HABZEQ,XIHSEN01,0.8614023335753139
KEPFIX,KENTEF04,0.9117643850678794
KENVOR,KENVIL,0.9999952402810036
TOXNEB,NIRPOW,0.9999998431713734
TOXNEB,TOXMUQ,0.9999998393994728
TOXNEB,OTECAT,0.8632853055324203
OCACUR,KUHNEI,0.9956836678094918
MAGVOG32,MAGVOG28,0.9999983548494918
MAGVOG32,ACAZEK,0.997049520362185
YATTUK,QACTUJ,0.8749993514348496
YATTUK,NEBYOK,0.8611127216709835
XIHXET,WACLEU,0.8614146978441372
QAMVEH,PIQMUZ,0.8857374193604028
QAMVEH,SEQWOC,0.9564345359997246
QAMVEH,JIYTAP,0.8687624551260639
JODGIU,VEDFUH,0.922976472703026
JODGIU,TATSIS,0.922049869550728
JODGIU,FEVDER,0.9089438824016502
JODGIU,FUMJAZ,0.8827037870722454
JODGIU,LUWZUZ,0.8822056795001657
YAPQUC,XILBAW,0.99785426676288
YAPQUC,LONHON,0.9937057373726496
YAPQUC,MOLLEG,0.9189274193054532
YAPQUC,SAQCIZ,0.8954376057812115
YAPQUC,INICPB01,0.883062798698333
YAPQUC,POCMEA04,0.8824550210387259
YAPQUC,DITKAT01,0.860843492662183
POFGUO,AZAYEH,0.9075723177543386
SAQQEH,ATEYUV,0.956286101095819
SAQQEH,IDINER,0.9444541843317804
DUWBEE,MICJOA,0.8627790067860973
TUDJEI,NIFNOI,0.9999972835990452
TUDJEI,NIFRAY,0.9999774782166996
TUDJEI,SEFVEG,0.9999671808513192
XEGWIS,XEGXIT,0.9999999645429832
QACTUJ,LOZSUQ,0.9071196646635558
QACTUJ,NEQTIP,0.8992549930132226
QACTUJ,LEDHEJ,0.8872715446399868
QACTUJ,UMIZIB,0.8825533155393634
QACTUJ,LUCDES,0.8792491800618163
QACTUJ,OHIHOD,0.8607784914191072
YUKTUU,VIRJEM,0.9999983450554446
YUKTUU,DADTOS09,0.9999672770299388
SETRAM,POJTOY01,0.9998939361591832
SETRAM,VAGVAC,0.999862167865728
SETRAM,POJTOY,0.999842408150658
SETRAM,XUDSIY,0.9912856362679
SETRAM,REZXOK,0.8842357257651237
EPOPEG,AGUVEE,0.9939335947070826
VUQJEX,BUZKUE,0.9997210577642706
VUQJEX,JAVNIE,0.9994885153745172
VUQJEX,HOSPEL,0.9983377217114462
GUXSOI,DODMIT,0.8461233515834148
HERHEU,ERANAO,0.954647697376208
HERHEU,WIZMAV05,0.954538613827479
HERHEU,IZIBUQ,0.9050282903636008
HERHEU,DITJOH,0.8832614491460749
HERHEU,ESEBOV,0.8599601612095361
DIDVIW,DADTOS04,0.9999998545522436
DIDVIW,DADTOS15,0.9999697067803234
NUDNUW09,CAJHUS01,0.996883213265602
NUDNUW09,IZAKAX,0.9958564217572556
WIZMAV05,WIZMAV08,0.9999999838406024
WIZMAV05,HERHAQ,0.9558684971875092
WIZMAV05,DITJOH,0.9225357018756568
WIZMAV05,ESEBOV,0.893201112585235
WIZMAV05,OXOLAP,0.863227485685139
CAQKAJ,CAQKAJ01,0.999959285209622
CAQKAJ,HAJYAV,0.9949752595204538
ABIWOX,FEXCAO01,0.8877123782522174
CAPLOX,ELAPEM,0.8022043577758121
POVVEC,COKNUN02,0.8438034659546452
HAJXIC,HAJXOI,0.999977752668005
HAJXIC,XODXIZ,0.99994201178373
IGOPEB,MAJMOA04,0.9997772120096788
IGOPEB,SOJKOT07,0.999854187223919
IGOPEB,DADTUY01,0.9998030064201588
IGOPEB,RAVVIU,0.997507683984732
HAWDIU,XADGUG,0.8597665682157015
DAKZUN,UMIZIB,0.9737504882490724
DAKZUN,LEDHEJ,0.966613952102727
DAKZUN,ZALLEG,0.9508664911366532
BEPNOB,BEPMEQ,0.999999999585364
BEPNOB,BEPPAP,0.99999999494557
BEPNOB,BEPNIV,0.9999999559676808
BEPNOB,MAWTUC,0.9999835530999486
BEPNOB,BEPPIX,0.914038874022522
BEPNOB,BEPNER,0.91129361061913
BEPNER,MAWVAK,0.9118514268111856
BEPNER,BEPNIV,0.9113152036754568
BEPNER,BEPMEQ,0.9112915984139416
NEDVOJ,NIRGAY,0.8518441464144719
XEXLOD,FOMWOV,0.8359573739854803
POCMEA04,INICPB01,0.9999390390925637
POCMEA04,LONHON,0.8838837315366044
OJOQAF02,KIKRAA,0.9966043929210732
OJOQAF02,KOGYIP,0.9943808580423376
OJOQAF02,HAJPEQ,0.8616488959775686
MOLLEG,XILBAW,0.9197538006918136
MOLLEG,LONHON,0.916696241644576
BASHEJ,KEQMAX03,0.9987619868006236
AVEROJ,AVESAW,0.992505306223945
YIXFOC03,NILBUH,0.8332571671631945
YIXFOC03,EHAZES,0.9997293711932028
YIXFOC03,HISSIN,0.8872079023540834
YIXFOC03,SENXAN,0.8693710254963254
YIXFOC03,LIXMEM,0.8600008893538107
OFERUN,NIFNOI,0.9999999280067814
HAZGOF07,TAJTIK,0.9999986281900528
HAZGOF07,HAZGOF04,0.999997471043963
BUZKUE,PEBNER,0.9999311200648268
BUZKUE,JAVNIE,0.9998478846037988
BUZKUE,FUQJUX,0.9997043385215976
BUZKUE,HOSPEL,0.998543661868482
COKJIX,YICGUP,0.8637486571528634
COKJIX,ADEGIA,0.8599192441875543
COKJIX,ADEGIA01,0.8588499664933783
SINXET,VARWOC,0.9998455940701346
YIVZOU,AFUFAL,0.8157097538811477
MALWUU,DUWGEJ,0.8713780978250536
XUFYAA,XOPXAC,0.9997675130549768
XUFYAA,JETZAK,0.9406325362065464
XUFYAA,UMARIL,0.8727770258317294
OXOLAP,ERANAO,0.8633900679663784
OXOLAP,WIZMAV08,0.8632163483158413
XADDAJ,ZALLEG,0.9328987841268972
NIFRAY,NIFQOL,0.9999986232439394
NIFRAY,TUDJAE,0.9999823973426232
NIFRAY,NIFNOI,0.9999591191863464
KIKMAV,MAPGOC,0.9993750023568432
KIKMAV,MAPHAP,0.8846733550515948
MAPGOC,HELNAQ,0.998988996089568
MAPGOC,LAVTUZ,0.8730344945634343
VAGVAC,POJTOY,0.9999992372977224
VAGVAC,POJTOY01,0.9999977651628356
VAGVAC,SETQIT,0.9998037198102006
VAGVAC,XUDSIY,0.9933248734175522
VAGVAC,REZXOK,0.8847787420194824
POJTOY,POJTOY01,0.9999949019909856
POJTOY,SETQIT,0.9997804332969076
POJTOY,XUDSIY,0.9934547129860468
POJTOY,REZXOK,0.8848059218471782
XADGUG,VAFCAH,0.9997719941029798
PULWEZ,HOXGAD,0.9894653708135146
ESEBOV,WIZMAV08,0.8931922846308038
ESEBOV,ERANAO,0.8917989541828317
PEBNER,JAVNIE,0.9998152756222256
PEBNER,DEGJIK,0.9979524319361932
DADTUY01,MAJMOA03,0.9996492924324394
DADTUY01,RAVVIU01,0.99848955617264
DADTUY01,RAVVIU,0.9984018610980596
KIYZID02,KIYZID,0.9999988558498228
KIYZID02,PTRPHT02,0.90641003647523
PTRPHT02,KIYZID,0.9063173480793728
PTRPHT02,KIYZID03,0.9062308807786446
PTRPHT02,HISGAT,0.892468609607669
PTRPHT02,DUYTUN,0.8745089037227051
EHAZES,DUGDOA01,0.9077014762117852
EHAZES,WOJZIG,0.8822082138456101
EHAZES,SENXAN,0.8668341597146682
NAOXAL07,NAOXAL11,0.9951627864760448
DOHDOU,LICSEW03,0.9997819784577618
RAVVIU,RAVVIU01,0.9999987512080308
RAVVIU,SOJKOT07,0.9970850894012055
RAVVIU,MAJMOA03,0.9965592328265368
NIGHOA,CUMFOG,0.8458868143614392
UDESIG01,UDESIG,0.9999904842640296
ERANAO,HERHAQ,0.9526016741986864
ERANAO,IZIBUQ,0.914267267123144
ERANAO,DITJOH,0.9141154396283084
DELTAQ02,DELTAQ03,0.9999681135077712
TAKCAM,PAZDOM,0.8650250004530954
DADTOS04,DADTOS14,0.9999926082665608
DADTOS04,DADTOS15,0.999973759334745
DADTOS04,VIRJEM,0.9999533686707875
TAJTIK,HAZGOF04,0.9999997765250602
TAJTIK,CAVMUJ02,0.9989690747738788
DODMIT,NELRAY,0.9994712822681489
SIWYOO,SIWQIA02,0.9999863389292324
SIWYOO,TEVZOK,0.9973972332365802
SIWYOO,ELUQIM08,0.9961405003420376
SIWYOO,ELUQIM04,0.996071864540315
NICZAA01,AHAJUP,0.8717410603220901
YICGUP,ADEGIA,0.8836487704069829
COYTIU,AYABAD,0.8422660243060178
GOCTID,UFIRUX,0.9991319258506984
FEVDER,FUMJAZ,0.9066943891257296
FEVDER,VEDFUH,0.8792150382337525
FEVDER,TATSIS,0.8789411600933543
FEVDER,CEYPUT01,0.8789085115804129
FEVDER,VASYEW,0.8699954765037535
DADTOS15,VIRJEM,0.9999970861184124
DADTOS15,DADTOS14,0.999994221628692
XAYMUF,PAVLOO,0.8789306476781349
TEVZOK,ELUQIM08,0.9998757411619994
SRFORM02,SRFORA06,0.9973146906940956
CAXZUY,ROGLOP,0.9224798911326068
CAXZUY,FEVDIV,0.9089374822111632
CAXZUY,SEQSEO01,0.8701391913368979
NIFNOI,TUDJAE,0.9999951673842724
NIFNOI,SEFVEG,0.9999455816260544
NIFNOI,NIFQOL,0.9999427391187848
TAJQEC,COQMAX,0.9996890132821716
WOBMIL02,BUVYIB,0.8280095023942711
KARMOH,MIXZOK,0.956332002601382
TOXMUQ,OTECAT,0.8633196758420861
WOJZIG,DUGDOA01,0.939065721511832
DOLWAE02,MUVJIX,0.9988470790428674
LUWZUZ,FEXCAO01,0.871635547647378
RAVVIU01,SOJKOT07,0.997203786819494
RAVVIU01,MAJMOA03,0.9966881979759776
GEVXAI01,GEVXAI,0.9999876558795268
GEVXAI01,AFOJIO,0.9996075259155436
GEVXAI01,NATRAD,0.9957437389912374
VEDFUH,CEYPUT01,0.9998652904128644
VEDFUH,TATSIS,0.9992472868550784
QANYAG01,VEXYOM,0.9993086088256748
SEQSEO01,SEQSUE,0.9971471477708204
SEQSEO01,TEVVOI,0.8697827390365864
MEQKOL,ATIJUI,0.9996752304378362
MEQKOL,UTONEX,0.8640622697117
UTONEX,NATREH,0.8634759853172749
XUDSIY,REZXOK,0.8809136736652697
BEPPIX,BEPPAP,0.9140389652059652
BEPPIX,MAWTUC,0.9140279370769112
TECVEE,RUFMUA,0.9988533108395888
NODKAT,DORDUK,0.9995370420657304
MOFTIL01,LEYLIN,0.9287142607435832
MOFTIL01,SAQFUM,0.8768964864628669
LICSEW03,SIRBIG01,0.9998891920816254
LICSEW03,AMURUX,0.999877775157484
LICSEW03,NIWZIE01,0.9971345667715732
WAWGOQ,SAZQEQ,0.8651142737998694
WAWGOQ,QANSEE,0.8650837769550468
KOQXUL,LESWAI,0.8620112341650874
CAJHUS01,NIHBEM01,0.9999926510760236
CAJHUS01,IZAKAX,0.9999253535443636
CAJHUS01,NUDPAE01,0.9987717744502378
VABJUE,VABKEP,0.999636933873936
NIHBEM01,IZAKAX,0.9998711698897396
NIHBEM01,NUDPAE01,0.998954083836618
IXOFUX,IXODUV,0.9999998626958616
IXOFUX,IDIWOH06,0.9999997266352793
IXOFUX,XAVDEF,0.99999968405915
IXOFUX,XAVDIJ,0.999997024150514
XUJDAI02,LARVIL,0.9070289048062372
AMURUX,NIWZIE01,0.9960396545723534
DADTOS14,VIRJEM,0.999983106484256
WIZMAV08,HERHAQ,0.9558624308404764
WIZMAV08,DITJOH,0.922537321949002
WIZMAV08,IZIBUQ,0.9102320594066412
INOMOP,INOMIJ,0.998585237546918
SOJKOT07,MAJMOA03,0.999978034202928
NELRAY,AMIXIE,0.9999917607731016
NELRAY,HUCXUA,0.9080123464497716
LEDHEJ,UMIZIB,0.995938196758673
LARYIO,ADEGIA,0.9984556765519356
AVAQAP,HAXYIQ,0.8463987178497697
AVAQAP,AMIXOK,0.9981257261049016
UNIRUF04,UNIRUF05,0.9999406396688932
UNIRUF04,UNIRUF11,0.9990677360188036
UNIRUF04,NIRCUO,0.9983485067288128
ZALLEG,LOZSUQ,0.8649207820121483
ZALLEG,NEQTIP,0.8593072536501664
ADEGIA01,ADEGIA,0.9997800839381102
ADEGIA01,AFOVIB,0.9428733743826768
ADEGIA01,XISDOU,0.9032930053285269
ADEGIA01,UMIZEX,0.8872762354548059
ADEGIA01,AFUDUD,0.8851541145616258
ADEGIA01,KEZLIN,0.8822963635978711
ADEGIA01,EBEWOZ,0.8646277845260374
HUCXUA,AMIXIE,0.9079169240734128
YEJXUI,VONBUX,0.9035686896474844
YEJXUI,VONCOS,0.901738487967224
IGOWUY,UDEPIE,0.8376034970074135
OCUNAE,OQEPEG,0.8856271730945271
SEQSUE,TEVVOI,0.8705364676824625
HAZNED,KULMIP,0.8635693800172208
KIKRAA,KOGYIP,0.99970954073657
KIKRAA,HAJPEQ,0.8595074842090824
DITKAT01,WENRIR,0.9972398062484008
LONHON,XILBAW,0.9983834385455004
LONHON,INICPB01,0.8832959315264882
LONHON,RUDRUE,0.8749416962889799
LONHON,WENRIR,0.8597244398359152
WAQTAM,APEBED,0.822703729627744
TUDJAE,SEFVEG,0.9999731816472348
CEYPUT01,TATSIS,0.998583055907844
SENXAN,SENXER,0.9993194981212294
DADTOS09,VIRJEM,0.9999509101735196
AMIXIE,QIKZIW,0.8992912673214091
XITDEL,XUMVIM,0.999384488560903
WIVRIE,EREGOY,0.996298103188882
ROGLOP,UFATEA,0.9956518076864784
ROGLOP,TEVVOI,0.9181252659302704
ROGLOP,FEVDIV,0.8788176114830761
MAQKAR01,WEKWIT,0.9989167049234736
CESYEF,GEWROS,0.862275620577414
WOJYEB,APAZIC,0.9999983871332044
WOJYEB,FECXAO,0.9474172376589308
FUQJUX,JAVNIE,0.9996384053203234
SEVROC,QISFUV,0.9074295524997572
AFOVIB,ADEGIA,0.9445231993555516
AFOVIB,AFUDUD,0.9326184944517472
AFOVIB,UMIZEX,0.9286119664712572
VEMMAC,VAHWOS02,0.9999134378868176
UNIRUF11,NIRCUO,0.999314136526166
NETYOD,MUSMAQ,0.8796908993707531
QUZVEO,YUSWIU,0.9988541101677256
XICYOZ,XICZAM,0.9986262117327988
WENRIR,XILBAW,0.8607938130551165
DIXNUV01,WUZQOZ,0.9999423303470094
QEZZED,XUJQAV,0.8959187677289983
QEZZED,PUNYON,0.8870427130453531
METJIH,PAXPAI,0.9021956331342498
XISDOU,UMIZEX,0.9693322337518484
XISDOU,AFUDUD,0.9474001354233824
XISDOU,ADEGIA,0.9050777739172112
YEKQOW,VUKSIF,0.9948647440152968
FECXAO,PEZCII,0.9994823571785356
FECXAO,APAZIC,0.9473556979819148
NUDPAE01,IZAKAX,0.9980929773516783
VAHWOS02,VAHWOS01,0.9999984204346372
VAHWOS02,VAHWOS,0.9999947879803628
MEFSOI,FUVDEH05,0.8187874776218319
MOFTIL02,LEYLIN,0.9288101884245776
OFIVAA,ODELOZ,0.9107892907380636
OFIVAA,OCUPUY,0.934897729864838
VONCOS,VONBUX,0.9977305536388564
HERHAQ,IZIBUQ,0.9037427344505718
TUMDEM,PUFTUH,0.857128895023868
WEJWAL,KEHDOS,0.9985244606329564
ESIFET,ESIFIX,0.9999828826186684
VOQXIK,AZAYEH,0.8942198426455021
SAKFAO,SAJLEX,0.999670698367547
UZEWUS,OFERUN02,0.9999999657194693
WOHYUN,GURXIB,0.8638898288949576
KEZLIN,UMIZEX,0.9698153905924656
KEZLIN,ADEGIA,0.8839421758854853
POJTOY01,SETQIT,0.9998422152839952
HEBJEF,JEJZAC,0.9699347898783196
QIWPET,VOGTER,0.8716760755264801
CUTBEA,ACALAT,0.9320297085987364
RUDRUE,XILBAW,0.8737939672676169
RUWWUC,RUWWOW,0.9998566170088152
RUWWUC,TEPJOP,0.9386683365507352
APAZIC,APAYUN,0.9999798153230548
WEWFIQ,WIVGAK,0.9997919191091216
WEWFIQ,LUDRUZ,0.9993694976673988
CIFHAC,PAMGIV,0.8074649431947816
BOGXIF02,SUHPIV,0.9999992516209588
BOGXIF02,BOBTOC,0.9998678174994594
BOGXIF02,OGULUY,0.9901602054991736
ADEGIA,UMIZEX,0.8870871966243192
ADEGIA,AFUDUD,0.8862693165296038
FIYSAK,MILQIJ,0.8111188251060558
XUNJIA,XUNJOG,0.9998229619455984
AFUDUD,UMIZEX,0.9728297837048788
NATREH,MEGNUJ,0.8143630707116483
OSIXEU,CUGYIO,0.8151328228874191
OGIJIY,TIYMEU,0.9914417308329156
HISSIN,DUGDOA01,0.9455605712140543
HISSIN,EWASIG,0.926814535984852
ATIJUI,IBEXUJ,0.9464202742573742
XEKCAT01,WAMRIN01,0.910360729351383
XEKCAT01,AVIPOL,0.8844145024206376
XEKCAT01,NABMUA01,0.8738235408828263
BEPMEQ,BEPPAP,0.9999999918348096
BEPMEQ,BEPNIV,0.9999999480373836
BEPMEQ,MAWTUC,0.999983394922164
BEPMEQ,MAWVAK,0.9999679744492312
HUFJAV,HUFHUN,0.9992033636940162
HUFHOH,HUFHUN,0.9999779655579288
HUFHOH,GAMSOD,0.8796275419751621
EBEWOZ,YENZAV,0.8976886359147735
CAXVII,SARHEA,0.9999947998733784
BEPNIV,BEPPAP,0.999999980524821
BEPNIV,MAWTUC,0.9999851785491334
BEPNIV,MAWVAK,0.999970476150969
HOSPEL,JAVNIE,0.9993023156640116
GEKQUI01,GEKQUI,0.9999823907324544
IBEXUJ,AFUFAL,0.9319107183497256
ELUQIM08,SIWQIA02,0.996257091718652
ISISEJ,TEPJOP,0.8765247568394399
XUJQAV,NUNPAP,0.9999688079732636
YAYRAT,TAKTOR,0.9466864679773728
YAYRAT,SICDAL,0.8749372041157231
YAYRAT,LOQLIN,0.8745746782677142
FUVDEH08,FUVFUZ,0.9999999605236124
FUVDEH08,FUVDEH05,0.999968872765499
FUVDEH08,IFEPUG01,0.9999253760589404
JUKXIW,ICAWUF,0.9772714496966304
XAVDEF,IDIWOH05,0.99999999960373
XAVDEF,IXODUV,0.9999997662356764
XAVDEF,XAVDIJ,0.999998207457602
MAGVOG29,MAGVOG13,0.9999979048298908
MACUFR04,MACUFR06,0.9999736007342436
MACUFR04,OCUQIO02,0.999936994371174
MACUFR04,ROLCEC06,0.99838544768725
KEPNAX01,KENVOR01,0.8787291743153391
KEPNAX01,KENVIL,0.8787175095202111
KEPNAX01,KENTEF05,0.8787155297656806
AHAJUP,LUDRUZ,0.8827347161948913
AHAJUP,WIVGAK,0.8815500493750716
MAPHAP,HELNAQ,0.8848706993550133
UNINIQ,UNINOW,0.9999993043585048
HOPVEP,NUVDEO,0.9999757845199316
HUFHUN,HUFJID,0.998212315167652
HUFHUN,GAMSOD,0.8795974857165142
IXACOZ02,IXACOZ01,0.9999733527262272
OCUQIO02,ROLCEC06,0.9976860730664228
LIWYUM,HAFVOB,0.8618308604357223
CUGSON,CUGSUT,0.999386073534579
FEVDIV,UFATEA,0.8773333591890529
EVUVOH,EVUVEX,0.9999968639936044
CAVMUJ02,HAZGOF04,0.9989989132325424
SUHPIV,BOBTOC,0.9998794161272426
WIVGAK,LUDRUZ,0.9994493789548886
UMIZIB,NEBYOK,0.8691695325126474
INOBOD,YIQVOL,0.9447124024157876
VITZIJ,UQUTUX01,0.8593472276882265
VOKCIJ,VOKNEQ,0.9199668681235796
NIRPOW,OTECAT,0.8633192717991155
VAHWOS,VAHWOS01,0.999997668942957
YOYZUJ,WIWHOB,0.9979187081623844
IBITEU,LINJEX,0.8155862829832213
GUPCUQ,PUWQAA,0.999836337072088
HELNAQ,REQDIB,0.9998787833949314
HELNAQ,LAVTUZ,0.8692568234233005
SETQIT,REZXOK,0.8840990640030921
KENVIL,KENTEF05,0.999999987698998
KENVIL,KENVOR01,0.9999996315184372
FUVDEH07,FUVFUZ,0.9999998828403712
FUVDEH07,IFEPUG01,0.9999228747392396
WULBEM,ZEFNIH01,0.8778747548538872
MAGVOG13,MAGVOG28,0.9999979134630856
XEHDUM,XEHDOG,0.99950440782652
RIQVUJ,AFOJIO,0.873573969625322
WUXZAS,WUXYIZ,0.970114783775516
IXODUV,IDIWOH06,0.9999998359611189
IXODUV,IDIWOH05,0.9999997831447762
IXODUV,XAVDIJ,0.999996718403386
IDIWOH06,XAVDIJ,0.9999979786505302
TEPJOP,RUWWOW,0.9397795661456386
TEPJOP,RUWXEN,0.9397415078947404
XOVPON,XEZVOP,0.9010699622474952
HADMOR,HADMIL,0.8604359863785317
VOKNEQ,VOKMUF,0.9607241697737066
EQUCUO02,EQUCUO01,0.9999999878570192
DEKGOS,BOBTOC,0.8432014809741708
UNIRUF05,NIRCUO,0.9988846372250972
UXEDUX,ERFORD01,0.9981390446789123
MEGVUQ,SIBJAP,0.999674647880848
RUWXEN,RUWWOW,0.999999857698247
ESANET,ERUVEU,0.999589215432894
WAMJUS,FIXYET,0.990703834113072
IGOCOX,IGOCUD,0.9999521242951068
PEGBEK01,ZAWCIM,0.9999758861101542
FADDAS,EBIBAV,0.8452789018980839
HOGWAB,COXHON,0.9863219795974636
COXHON,SAHBEJ,0.998229217431708
TEHMOJ,OFUCEZ,0.9905377164913204
HEBKAC,UFAQEA,0.9961072078533671
UZOBER,ETUFOQ,0.8619799040893961
IJASES,DARFOT,0.8958229028769863
VUQKOI,VUQKUO,0.8502454261208472
SAZQEQ,QANSEE,0.9999799906335204
OGALAK,OGALAK01,0.9999972265160004
PINGIF,QOWLOE,0.99998172573793
PINGIF,PINGOL,0.999969645695511
DUGDOA01,EWASIG,0.8642288019589931
XICYIT,XICNOO01,0.998027636526872
CUGYOU,MAXHUP,0.999880552586679
PAMHES,SUHBAA,0.8160815802006026
MAWVAK,MAWTUC,0.9999974870596992
MAWVAK,BEPPAP,0.9999689887832685
URUWIP,URUWEL,0.9996391192751592
TAZZUS,DETGIT,0.8229031080015399
PIRMOU01,PIRMOU,0.9997598544212352
REZXUQ,GUSNEN01,0.9470993160124248
REZXUQ,REZXEA,0.9464375788974084
FIXYIX,KIJVUX,0.9986334668559502
NATRAD,AFOJIO,0.9979046365127714
NATRAD,GEVXAI,0.9952980093886272
KEYFUR,LUMQOB,0.8760022340595032
VIDXOX,QETSOY,0.9999817882781876
OQIJUU,OQIJOO,0.9999669763113704
TEVVOI,UFATEA,0.923310088271459
IYOVIC,IYOVUO,0.9975583020453612
SEQWOC,FOFDAH,0.9138441828800752
SEQWOC,JIYTAP,0.9039571830225857
DAMYIC,DAMYIC01,0.999999893620991
CUCITD02,CUCITD03,0.999974358954115
XEJVEP,XEJVOZ,0.9928860923901928
LIVWUK02,LIVWUK04,0.999999647020712
AFOJIO,GEVXAI,0.9994581759410824
PADROD,PADROD01,0.9999657034509016
MAWTUC,BEPPAP,0.999984123155321
NIYJEM,NIYJAI,0.8735377758509957
JETZAK,MUDLON,0.9225769967893104
JETZAK,UMARIL,0.8814819699809151
JOFKIA,MELHOB,0.8362592849978352
SUHHOT,WEMRIS,0.9936818435919073
DAHNUW,YEBKOG,0.9999040985608996
HUBHAO,HUWWEC,0.9989529789911956
DANZEX,JAKBUV,0.9995513226564592
PEFRID,HIPMAW,0.9977098608299056
RASXIT,WEMCIC,0.9995392032732244
JABYUH,JABYUH01,0.9998536905513052
YAQDIF,SUXWIT,0.8633171282988277
MAGCEE01,MAGCEE,0.9999903002090758
LOJQUY,KEFFEI,0.9999652352068606
XILXOH,YOLXAA,0.97361140012912
FASGAK,DIBJIJ,0.999637259531653
XEDLUN01,MAPFIS,0.9154119562100698
HUFJID,GAMSOD,0.8782776182737541
OTARUX,VIRJEL,0.8044412436557754
NAOXAL06,NAOXAL09,0.9976488933483562
KENTEF05,KENTEF04,0.9999999848783044
KENTEF05,KENVOR01,0.9999994850354248
LORFED02,LORFED01,0.9999999999151432
HAWZEK01,XELHUS,0.9972783794510124
SOGSAJ01,SOGSAJ,0.999914400926351
NABMUA01,AVIPOL,0.9827182003992072
WEMFUR,OHUKIM,0.8239005453400448
ROGRAH,ROGRUB,0.9981888176929188
XEGQOQ,OXIKUD,0.806017247273036
KIRFIA,KEDJAG29,0.9999998813968968
FUVDEH05,FUVFUZ,0.9999666361228188
DUZNOD,WAPZAQ,0.950562359262798
FIBHOQ,USUBUG,0.9954244138021552
TACPET,TACPIX,0.9999999763341548
QISFUV,XIMSAP,0.8124992296359462
HAJVAS01,RUGJOU,0.9995652456920592
RUPTED,RANZAH,0.998914265716275
LIBNIU01,LIBNIU,0.9999650161272686
EJOPEZ,KABSAJ,0.9999814728300284
WOQJES04,WOQJIW04,0.9675541995093196
DAXDUE,WISCOS,0.8194346585042328
DEHHEG,BIFSUF,0.9997711536133688
TELMII,TELMII01,1.0
POGDAS,NEGXIJ,0.9999456058375004
OKIPEE,XISTIE,0.856104582435258
TOJVUJ,VADQAS,0.9499396124331316
ATEYUV,IDINER,0.9888362876766088
PEJDUF,PEJFAN,0.9970188251488912
SICDAL,HUGLUS,0.860812782725962
SICDAL,LOQLIN,0.999838370294672
GUSNEN01,IZEPEJ,0.9829207619924556
RAKPEZ,RAKPAV,0.9982921337864682
LAVYOX,LAVYOX01,0.9998791058812582
CDCACD,CDCACD01,0.9999202261729256
NAOXAL11,NAOXAL09,0.9999837500268066
IHILUI,RANZAI,0.9976225202721608
RAFRUL,RIYXIG,0.9962597741590068
JOFDOZ01,UTEXUN,0.9961591330490548
DADVAG05,DADVAG02,0.9999999574654764
AMBZAG10,UGUKEN,0.8054818064120699
ILIMOH,ILIMUN,0.999467796203214
QALNEW,ODAJIO,0.997636805865787
ZAYMAP,FOPWEO,0.852986390700692
XOTGUI,YEBKOG,0.9963894930699128
MOLTEN,MODWUX01,0.8814151851401644
CAKFEB,CAKFEB01,0.9999751495729712
YOVTOS,QANSEE,0.9999994457489112
JARMEU10,JARMEU,1.0
JIHROH,JIHROH01,0.9999999997625304
YUJNIB,YUJNOH,0.9985668159103044
EBIBOJ,COMFIU,0.9981825685787108
PUTYAE,XAYNAM,0.8506252708606408
EMEYOK02,IRISAD,0.9996427386831356
EMEYOK02,PEQTOV,0.9999362934317304
XOPKOD,FUXCOS,0.98437013458072
HAWWAF,RATSAI,0.9981173721131642
GOJFAN,GOJDUF,0.9998204077861508
HAWVEI,IYOVOI,0.9998315060910776
FIJFAG,PUWCUF,0.9990736418806268
GAKSOB,VOZHEX,0.8186881484589182
XOJLAK,WEBVAC,0.9048644482888752
LIVTEP,SUFROA,0.9998330110034552
XESKIR,XESKOX,0.9999698444960806
EBUTEC,EBUTEC01,0.9999923490277368
GIPCIU,XEJJEC,0.899997154214615
HISGAT,ZEFNIH01,0.8887006155330796
KOTBUS,KOTBOM,0.9999992368476
XUNRUV,MAQDUD01,0.8849483094777923
DUVVOH02,NEXRAM,0.999994478807398
MAYPIM,HORHAX,0.8074523096881514
JEHTOG,VUNBOW,0.9866158780590328
PAGFAH,COMFIU,0.9999813814101256
LETDIY,KELJIV,0.998032361779442
FIJBUV01,XOTWIO,0.9982956886881345
LONVER,LONVIV,0.9991308948006123
LAWSEJ,XUMVOS,0.9901191459768088
DURGAY01,VITLOZ,0.8978985295301638
XUHJEQ,XUHJEQ01,0.999999216590634
LONJOP,PITYUN01,0.8213411704453261
DEHYEV,XAJZAK,0.9999944482651064
HACPOR,HACPOR01,0.9998736015375456
CECKIH,XIYYEL,0.9969583502315188
YOYNUX,YOYPAF,0.99998147238024
NOTRUL,RORLIV,0.9997343793536954
HOXGOR,HOXGUX,0.999994764148583
REGXOS,UZAROE,0.9999998990719016
YEKREO,MAPXEH,0.8288804411979858
GUXQEV,VIHHEA,0.9960080493618132
QOVDAH,QOVDEL,0.9999981462474732
ENIZEH,XANBOE,0.8959140406911102
HEPLIA,HEPLUM,0.9999541323810112
IWOSET,IWOSAP,0.9987457257361926
YEYVII,JORQOY,0.997777646302911
PESSUD01,PESSUD02,0.9999810386872872
NAHQUK,HOPMOQ,0.8575189910894292
THOXLB03,VOHSAM,0.9989546207850676
CDLGLU12,OHETIE,0.8036146450417889
POBGOE02,POBGAQ01,0.9999997714641582
ETEBOV,QEPNOR,0.884537078732542
LACYOE,LACYUK,0.9997150460173316
RUGJUA,HAJVUM02,0.9996229160464768
TOHRUF01,TOHRUF,0.9999997468247596
MEYFOL,QUQSIG,0.9990840937141136
PUWVOT,PUWVEJ,0.9999996699660196
RIFQIG,RIFQIG01,0.9999922433726786
YUHMIZ,YUHMUL,0.9998421898589496
RAPXEN,MOXGAI,0.9173528750965808
LINRUY,FUQRIU,0.9912206054581368
JEXPEI,VUZVER,0.9081374955465648
TIPRIT01,RISXAU,0.99960033320959
MINVUA01,MINVUA,0.9999999469721744
ZEFNIH01,KIYZID,0.9077244102530092
ZEFNIH01,KIYZID03,0.9077011474676148
KIYZID03,KIYZID,0.9999979649899742
ECUDAI,ULAZAJ,0.9120515488032672
ECUDAI,YUWKEH01,0.8999238651968215
ECUDAI,PAPKUP,0.8647274997978305
QUMFUB,LARNIE,0.9966593087102532
QOTFAH,IDAXIW01,0.9999734658576034
SEKXUE,UMAROR,0.8774695135410829
CITWOS,CITWUY,0.8666405637560146
LICDOX02,LICDOX01,0.9999913187773776
COCMOY,MIVFOO,0.8910846826631894
KINNOM,KINNIG,0.9994739464670744
DUWFEI,IFACIB,0.8166750866404872
UGUGUZ,HORCOH,0.8460362917289658
OBIXEE,OBIVAY,0.8395210283934414
YUMVOT,XUKJEU,0.9999734939492816
KEKMOF,KEKLEU,0.9979015141713724
DINQUM,DINTID,0.9999883167678628
WEMBUN,OJONOQ,0.9998171698990044
WADDEN,ZAFWUB,0.9976082450972972
EDIKIL,DIVNAY,0.9999032397050516
YABPEY,PUZJOL,0.9989538696913866
WILGOO,WILGEE,0.9938333465668938
XUDYAX,XUDYEB,0.9999980116626244
DAFYAN,DAFYOB,0.9999693007214469
HIFMEP,WUYQOY,0.9948456532573592
GUSPUG,GUPBEZ02,0.9933557814794216
PAPKUP,YUWKEH01,0.9562742582735616
UQOWUU,KEYZIZ,0.9996379628051588
HOWPEQ,HOWPOA,0.999171039808343
MUTDEM,JOBKUI,0.8193292963653478
UKAZAJ,COVRUC,0.855590782156973
IVOCIH,CETKOE,0.9994112230299946
HAWVUY,CIGFAB,0.9962238862507342
IMZYCO,OKEPUR,0.9986504898455256
FALDEC,FALDOM,0.8621252047151318
UVELUD,UVELIR01,0.9972231109243036
EMAFAA,EMAFII,0.9996844549024384
GAYFUJ,HOZWOK,0.8278673187510259
TUFSEU,TUFSIY,0.9999902323705612
VINMUD01,YARZEZ01,0.9998507629067666
FAKLOU,SISWUO,0.9996934337107964
ZAGHAT,DUJQUW,0.8078254738042822
LORGAA05,LORGAA04,0.9999998438334486
LAJDUV03,JACJON,0.9843779163681944
TEYMAO,MUWQEB,0.997722593007648
MEKVAA,MICDIL,0.9983481657493468
YESYED,YESXUS,0.9999786054674216
EMIFOW,IDIMIU,0.9999222487454388
KETSEI,ETUSUI,0.8998028473989533
UXUWUH,UXUWOB,0.950678248942236
FANCIJ,VUGYIH,0.9997232674940084
POSBAC,MOGNAY,0.8460429617475267
CIGNEM,CIGNAI,0.9989715120319348
IMISON,IMISED,0.9890230872584154
HEJRIA,HEJQIZ,0.9999999658965592
KIZCOO,RENHAW,0.8124675179246154
BAZJET,MIVFOO,0.8948867917053556
PULTAT,DORFIA,0.9975258433496016
KOTBIG,KOSFOP,0.9999941590334644
EGAFOJ,EGAGIE,0.9999107103621072
SOWXEJ,SOWXAF,0.978681063808484
MARMIE,MARLUP,0.9957378986380174
TAVSER,TAVDEC,0.9894894062308895
MAXHOJ01,MAXHOJ02,0.999999999106929
ISITUZ01,RORLIV,0.9981420712921856
FEQRIE,FEQQUP,0.9996446949014112
IBOWIH,FEQREA,0.8080225139090819
EWOBEZ,FEVFUJ,0.9999850653842456
UDISUX,KULRIT,0.8298385937453376
SEJSUW,FAYXAF,0.9977715764740228
NUVDOY,GIFFAE,0.999966013647134
CAXVUU,CAXWEF,0.9999992990060564
CUGYEK,SOTMUK01,0.9961780281356672
DIPGAK,LIFKOC,0.8434111563411965
XUMVAE,PUFWIX,0.8433030446174798
GURYOI,GAFXIV,0.999354025681001
ENAMIR,HIZFIH,0.9999804224213183
VEQBID,FAYXEJ02,0.8227141734287685
XUKKET01,XUKKET,0.9999999839771692
PEBGIP,RIQFAB,0.8849783301178243
TEYREW,TEYREW01,0.999994573321566
HURQUG,CODQOD,0.8061257951392425
HEJREW,HEJQEV,0.9999999618387392
KEHWEC,KEHWAY,0.9998900919352166
YEPLAG,YEPLAG02,0.9997745551015068
XIVLOE,XIVLUK,0.9999948214671964
RUZCIA,YAZVAZ,0.9988319309697248
QIMFEA,TAGTIH,0.996085740652652
XORDAJ01,XORDAJ,0.9999359433428894
RIFPEB,TOJDAY,0.8076915140516683
CAXTEC,XOCROY,0.8686444660739338
XAGCEO,XAGCEO01,0.9997432364375402
FAKLUA,TONVAV,0.9990788558452012
MIHLOF,FASFUD,0.8179468804363941
RUPRUQ,TUHSOG,0.8058747756569602
WITMOD,OWISOD,0.904066262367072
PUNSIB,PUNSUN,0.99933440287606
LELMIA,OPIFUQ,0.8255242026511556
JAHVUJ,HAKYOH,0.9999432486043968
YUWKIL,ECUDEM,0.8997958145150841
XOWSUY,XOWTAF,0.9996225727929308
WEQMIP,WEQMEL,0.9996543038252586
QUCPEK,CUYDEG,0.8088166411013984
LIFWUT,JAMLEP,0.9987825073654852
KEFWAV,KEFWEZ,0.9999756396267708
DITPON,JOJJAU01,0.8159839865496519
QOPCII,QOPCEE,0.999985883343939
FUWXOL,QEWYID,0.9991555388874992
CIPMUL,WOBBOG,0.9994353201104405
ROYRII,ROYTIK,0.9895928438975068
QOGREK,QAMJEU,0.9403116235897784
WEMJII,GUKYUI,0.9151780312260054
RUGJIO,QEMMOL,0.9999943208921488
NAHQAQ,NAHQEU,0.9998813198787456
YIQBEF,YIQBEF01,0.999977328535415
QUNMUI,QUNMOC,0.99958178329916
KEHFUA,KEHGIP,0.925421404705118
CUTCYM01,CUTCYM02,0.99999411990786
DITJAU,DITSAD,0.8739106030884856
CUPMAC,HONBES,0.9999996144666028
DAXKIY,DAXKOE,0.9999801441970178
SALXIP,FIXVEQ,0.999534541197589
QIYCAE,DIVGIA,0.9964872215464446
NUYNEC,NUYNAY,0.9999130393954112
FOVPEN,FOVPAJ,0.9970047369468734
CUMDOE,GAJZEY,0.8746967879092962
XIFHIF,SADBOQ,0.8645496547349137
HOYCEF,OKINIG,0.8499418257596603
JADLOP01,JADLOP02,0.9999999646906176
YIVPOJ,YIDJAX,0.9982834645310756
MUYKOH,VARWUI,0.8199212135133718
KOMJAY,DIKBAB01,0.995986148093046
EBEXIU,EBEXIU01,0.9999993503906612
RIQDON,TUTZUD,0.8848792060887017
EBUKOD,EBUJUI,0.9997457355484908
GAMKUD,NIPHAY,0.996720264444102
YINRIZ,MAXFOI,0.9506796179484092
LAQKAP,LAQJUI,0.9995511252939342
PIBZUY,PICBAH,0.9999621885265476
FAKLIO,FAKMAH,0.9899587827140311
XAHZEM,XAHZEM01,0.9999776145425324
ILAMAK,WUWVEQ,0.808110087690594
WIRNAO,WIRMUH,0.996795455768189
PAXSEM01,PAXSEM,0.999990327988376
TEKDUI01,TEKDUI,0.9999773409233222
ICUHIA,ICUDOC,0.9926258075215736
FAFMEE,HULCEW,0.9999916002530592
WIHSUD,HAJTEU,0.9996476418484728
LUSQOH,FIWJIG,0.9984254102888532
ZATPOC,ZATPIW,0.9991303744188914
XOGGOR01,XOGGOR,0.9999990383589474
ILUFEB,KEHGAH,0.8508993340867427
HUMPIP,FAQFEK,0.9999968008158754
KOTDII,KOSFUV,0.999995514509324
REKXAI,REKWUB,0.9950719202622322
SEZCOS,SEZCIM,0.9999272494332696
JUQVAU,JUQTOG,0.999999110094372
TEBDEM,TEBDAI,0.9999999243607112
MINKOL,MINKUR,0.9998583183760664
XEDPIH,YAVMIT,0.9978682639374798
EXUHUC,VIBYIQ,0.8906723263816738
FIKQIB,FIKQOH,0.9955387112531352
NAVYOA,WUYSUG,0.8651119358069366
MIVCAW,MIVCEA,0.9970717724702186
SIWGUB,UVIPIZ,0.8725551841577068
KUZHAQ,KUZHEU,0.999797004594583
KATLEX,KAPHAL,0.9998126076174412
DIXKUR,DIXKUR01,0.9998783298756428
CAXWUV,CAKWUI,0.862185493351908
UHAXOS,EGOYEF,0.8060996760604933
CAKFIF,DODLOY,0.8366420508199606
IVIPEK,HUFLIF,0.999208319663166
OQIQIQ,CIYZIU,0.9974567640239924
CAFJIF,KOTRIW,0.9992825975426288
HAHPIQ,NUHFAY,0.9943665606810862
MAXGOJ,GUTPES,0.8695904109944548
QESYUJ,QESYOD,0.994624529791799
OJARAU,OJARAU01,0.9998095617166054
TEQPEM,NIBPUM,0.802764957866502
GIDKOU,MULQOA,0.9949220315451144
DONKUO,ZASTUK,0.8061406845072294
COWMUX,UDITAE,0.8209577332848281
HACVAI,NAHNLA10,0.921923548841892
IGIZEF,IGIZOP,0.8075264070826316
SCFORM10,SCFORM01,0.999944694957502
RABVOF03,RABVOF,0.99940504161029
TOLPEQ,WIKDEB,0.834071860657307
SIGNEC,WEBKEW,0.8414762862513135
MUDTIP,MUDTOV,0.9999396833206828
EPOXAJ,LECHUX,0.996811583732199
VATXEU,VEDRAY,0.9957244965749557
KEGYAX,KEGYEB,0.9994924455134896
VESBEC01,VESBEC,0.999138054351136
JECFOP,JECGUW,0.9989876080485172
SOKWAS,SOKWAS01,0.998504148817629
VESBOM01,VESBOM,0.9987501653887116
RUGKAH,RUGJEK,0.9998409070933336
SADZUV,SAFBAF,0.8914112161722733
DALXEW,IRUWUP,0.9992452255532528
CAJTOX,CAJTUD,0.9984037393056472
ZAXQOG,ZAXQUM,0.9999999273354676
INEBOT,INEBOT01,0.9999826844918762
YINRAR,MAXGEZ,0.9494419399800912
CAVSOJ,CAVTAW,0.99993620215015
VUKPUN,TATBUO,0.9996746654261982
GIRHAR,EKAZIA,0.8880094362860141
MARLID,MARLOJ,0.9970077354095565
COWMEH,UDISAD,0.8229391175566316
GIJMOB01,GIJMOB,0.9999570926869472
SIVTAU,SIVSOH,0.999573432684276
MAXFUO,YINROF,0.9506170459253876
WEMDAV,SIYGIT,0.8091695562018812
UFOBEZ01,UFOBAV,0.9999944502419308
KOMGEZ,KOMGID,0.9991797032322692
HEFSUJ,KELFUF,0.9994385103363822
XOVQUU01,XOVQUU,0.9999090737134132
CODQUJ,XAGQUT,0.908344359344246
WOBCAT,XAFXOT,0.9916282015556902
WIHTAK,GAFORM11,0.999975680750104
VESCED01,VESCED,0.9999885811618596
COMHUI,JOFKIA01,0.8055331293473332
CAPQIU,MUNNEP,0.9997953597864312
HOZQOD01,HOZQOD,0.9999883830578395
WUWRAI,WUWQUB,0.999994892637109
WIHQEM,YUGZEG,0.9999999437073536
HIFZUS,HIFZEC,0.9998582312618354
GUPBOJ01,GUPCOK,0.815283525702241
VUZTIT01,VUZTIT,0.99985832969637
LOWREW,SOWYEK01,0.99999344446727
WIFGUP,WIFGOJ,0.984139220217503
PORZUT,MUFYAP,0.8256320443778025
ECUCAH,ECUCAH02,0.9999998432423388
NADKEK,NADKIO,0.9995519714592332
PEMGEV,PEMGAR,0.9999729683497764
OLURUI01,TEFWIL,0.8007446507232436
EBEZAO,NARTUX,0.8175123449956123
CIGVEW,CIGVAS,0.9989416189693634
QIQVOE,SOPROF,0.9989739383617708
UFIKAX01,UFIKAX,0.9999635150466876
GIFFEI,NUVDUE,0.9999999012185498
KUHRAI,RAYJOT,0.8576610480999289
PESTAK01,KOSGAC,0.9999915199357464
XEGQUW,JEHCUX,0.8069657696393386
ECOROD,OBEMUE01,0.8749512949809082
HUSPOB,HUSPUH,0.9243254181150248
PIRNAH01,PIRNAH,0.9999990358494886
HAYZEP,HAYZAL,0.9997898365741904
YEYBOV,YEYBOV01,0.9998936749180164
MODWUX,LULHUW,0.9019817864865248
VODLEG01,VODLEG,0.9956904264554752
LOSKUA,LOSKUA01,0.9999999920260448
CETNUL,REVYUO,0.999971556495616
COWMIL,UDITEI,0.821211558649861
DEHBEY,UQAXAN,0.9999281917607576
ERAJEO,ERAJAK,0.999999996213053
PEGPUO,INOJAX,0.9985876182908736
RAZYIC,RAZYOI,0.9999961481253412
SEYFAE,QEKDOA,0.8640930978220736
WOHZAU,COWMOR,0.999720616066748
RIDKOE,FIVJAW,0.9988156381644652
VESBIG,VESBIG01,0.9996472447084565
XESKAJ,XESKEN,0.9999987286028496
HUPTIV,CEXWIM,0.8576524833839039
PUCTAJ,XEMDEA,0.9987671129981984
SIVGAH,UKACIU,0.9957294340457992
WAPZEU,DUZNUJ,0.9506046123709816
GIKBEK,LAHYOL,0.9981046037334348
FAGMEI,FAGMOS,0.9998761582583288
UGIXOZ,KITZAR,0.8979386770185686
