source,target,weight
FENVOL,FUTYOK,0.8872980733761306
IMUTUG,IMUVES,0.999959678672884
ODOXEK,MITSAK,0.9999999069802648
ODOXEK,MITSUE,0.9999997494543128
ODOXEK,FUMJAA,0.999966918402946
ODOXEK,PARKUQ,0.9999573456516504
ODOXEK,CEHKUW,0.9993433523459074
ODOXEK,SIZGEO,0.9992179236338352
ODOXEK,QUQFOY,0.9322971012497946
ODOXEK,FESYEK,0.9082467093092608
ODOXEK,LIQFEY,0.9077417265125776
ODOXEK,IJEYEC,0.8906660633535197
ODOXEK,QEKLID,0.886746936635668
ODOXEK,VAKLIF,0.8749992534901925
ODOXEK,VOTHOD,0.8726368239779309
ODOXEK,YIKGEF,0.8722677536067366
ODOXEK,GOYLUB,0.8702711646329353
FALGIK,POSGEL,0.8470694894635115
FALGIK,RUXWEM03,0.998332904430108
FALGIK,PIKYIU,0.9526945295626328
FALGIK,DAPYAW,0.9519939359393456
FALGIK,VAKLIF,0.9471289047953751
FALGIK,XEFGUN01,0.9451126362476538
FALGIK,GOYLUB,0.9435692752892264
FALGIK,QEKLID,0.9327862194685064
FALGIK,DELGIN,0.9319882056176552
FALGIK,AWEJIW,0.9316819466159842
FALGIK,IGUVIR,0.921454217422402
FALGIK,NOLRIR,0.9211019415762148
FALGIK,ECIWIW,0.9203436216957362
FALGIK,IGUTUB01,0.9175585512252826
FALGIK,JUXZOT,0.8852727457788266
FALGIK,JUXZIN,0.8852170700222646
FALGIK,GOQTIR,0.8849360342363773
FALGIK,MUXVIM,0.8830410391360777
FALGIK,XOGWUN,0.8823587784727056
FALGIK,VAYFAE,0.8808436569051548
FALGIK,YICRAF,0.8728104006802508
FALGIK,WUHMOD,0.8651323454886721
FALGIK,ESADUZ01,0.8651203418894005
FALGIK,RUGYOJ,0.864740079425268
FALGIK,ENITEB,0.864672476699346
FALGIK,ODIXIK,0.8646262866604596
FALGIK,YUYLIP,0.8641700490379766
FALGIK,ODIXAC,0.8632382944196852
FALGIK,POKZOG,0.8628610032154408
FALGIK,FONQAC,0.8625144085689882
REYDOR,VOQXIK,0.9995526093843186
REYDOR,OXEWUL,0.999104774978115
REYDOR,POFGUO,0.9947369019052912
REYDOR,AZAYEH,0.8985873852668421
PEVQIS,VUSKAW,0.9999998879030586
PEVQIS,MIBQAR07,0.999999699097976
PEVQIS,LAWGOG,0.9999988489243112
PEVQIS,IFABIA02,0.998976109768497
PEVQIS,REDROI,0.9988172057609696
PEVQIS,FIJCUX01,0.996158304512738
PEVQIS,ORIBAU,0.9955453557503364
PEVQIS,WUHNUK,0.9080688638801072
PEVQIS,BOLPAU,0.9068318932729376
PEVQIS,VIKBUP,0.9061046713026156
PEVQIS,JENKET,0.9037873054511428
PEVQIS,JEDDII,0.8971973033156596
PEVQIS,TONQOD,0.8914722189968324
PEVQIS,EKEKEL,0.8872965490149756
PEVQIS,DITTEH,0.8853972719978964
PEVQIS,UKOLOV,0.8852596890088068
PEVQIS,WORLAS,0.8849630173750749
PEVQIS,DARYIF,0.8843076235975504
PEVQIS,MIMRAB01,0.8842947793265822
PEVQIS,NIKHAS,0.8841282864396026
PEVQIS,QAQSAD,0.8823387957330703
PEVQIS,NAWXER,0.8818833428279685
PEVQIS,PUGSER,0.8808700237176028
PEVQIS,IDIXAU,0.8780018092116436
PEVQIS,WUMDIT,0.8766579800634117
PEVQIS,XAFFER,0.8748758574330103
PEVQIS,VEHJUP,0.8747201383440127
PEVQIS,IJEXIF01,0.8744913791868795
PEVQIS,ZARLIP,0.8738806631830895
PEVQIS,NIWYID,0.8738431285250255
PEVQIS,XAFFAN,0.8728662525594664
PEVQIS,FUTYOK,0.8719007919751471
PEVQIS,NIWYOJ,0.8714680667885374
PEVQIS,NOXMAQ,0.8709970580204475
PEVQIS,NANYUX01,0.870744288919195
PEVQIS,VEHKAW,0.8706593545155913
PEVQIS,NENHEU,0.8685931104704506
PEVQIS,XEGWIS,0.8627111259218202
PEVQIS,KAHMOW,0.8626954757295181
PEVQIS,XEGXIT,0.8626807844650429
PEVQIS,XEGWAK,0.8626688763713963
PEVQIS,YICQOS,0.861141492685475
PEVQIS,IGUFOH,0.8611253050355558
DOTSOV39,DOTSOV37,0.9999999846634474
DOTSOV01,DOTSOV33,0.9999999974739002
MUXVIM,JUXZOT,0.9983012604075754
MUXVIM,FELXOM,0.9525291113318268
MUXVIM,FONQAC,0.9338964814823112
MUXVIM,RUXWEM03,0.8846037178040943
MUXVIM,IRELIC,0.8822664215853342
MUXVIM,XEFGUN01,0.8684454854640039
MUXVIM,VAKLIF,0.8662430895936317
EKUNON,EKUNON02,0.999998664220392
EKUNON,YIHZIA02,0.8909326849250933
EKUNON,JUYJIY,0.881713993090907
EKUNON,FONQAC,0.8726299477370894
EKUNON,MALWUU,0.8634250878354812
EKUNON,VAKLIF,0.8617198138954077
EKUNON,LUWKIZ,0.8616182216002203
EKUNON,EGUHOD01,0.8608742651804627
ROZXEL,PIWLAL,0.9999977763372324
ROZXEL,JENKET,0.9563578236295136
ROZXEL,UYAPOA,0.9485596365345238
ROZXEL,FIJCUX01,0.9471977499492964
ROZXEL,ORIBAU,0.9471368210205228
ROZXEL,VEGMOK04,0.9468379368514106
ROZXEL,IFABIA02,0.9463039563962312
ROZXEL,IFABIA01,0.9462798558652
ROZXEL,PEVQOY,0.9441537546544
ROZXEL,MIBQAR07,0.9438354833031166
ROZXEL,MIBQAR01,0.9437632756716072
ROZXEL,HOLRAD,0.9437551198240786
ROZXEL,LAWFOF,0.9437424454806848
ROZXEL,VAZTUM,0.9437353206252084
ROZXEL,LAWGOG,0.9437277911906368
ROZXEL,SAHYIK,0.943700655952992
ROZXEL,DITTEH,0.932803793197558
ROZXEL,XAFFER,0.922571135361486
ROZXEL,WUMDIT,0.9220965799162482
ROZXEL,NOXMAQ,0.9219226687102988
ROZXEL,QEDZEG,0.914201961814643
ROZXEL,GOSDUP,0.914191626316391
ROZXEL,NAWXER,0.9038598032037076
ROZXEL,JEDDII,0.8814198887822415
ROZXEL,YICQOS,0.8730690028939802
ROZXEL,DUFLOH,0.8720926295875582
ROZXEL,HUTZAX01,0.8650390332047821
ROZXEL,ODODIW,0.8648144330758817
ROZXEL,BOLPAU,0.8645286197423446
NUDPAE02,NUDPAE01,0.9999999965940184
NUDPAE02,XACLOF,0.9996195092156356
NUDPAE02,NUDNUW09,0.9995120720243726
NUDPAE02,NUDNUW01,0.9995117736636598
NUDPAE02,PESTAL,0.9994928076359796
NUDPAE02,NIHBEM01,0.9989578511692516
NUDPAE02,NIKYOW01,0.998675985384012
NUDPAE02,NIKZAJ01,0.9985433035345525
NUDPAE02,IZAKAX,0.998098061411402
AMIXOK,WAYKAK,0.945472515458852
AMIXOK,FOCZEE,0.8880822374326116
AMIXOK,FOCYUT,0.8876896164530024
AMIXOK,VUWSAJ,0.8811500852035915
DOTSOV26,DOTSOV38,0.999999999260666
DOTSOV26,DOTSOV32,0.9999999999453262
NABLIM,FENTEY,0.9999889172576226
NABLIM,MITSIS,0.9980849192005375
NABLIM,KUJMIN,0.9973097818435196
NABLIM,QUQFOY,0.9327673987497038
NABLIM,LIQFEY,0.9078521413312076
NABLIM,FESYEK,0.9065275752430988
NABLIM,QEKLID,0.8869386524947925
NABLIM,QEKLID01,0.8869062209952031
NABLIM,XEFGUN01,0.8748431964102572
NABLIM,GOYLUB,0.8742785095521765
NABLIM,YIKGEF,0.8742097891942021
NABLIM,FIPKOG01,0.8603925634386587
JETZAK,NOCKOG,0.9442498561082848
JETZAK,MUDLON,0.9225769967893104
JETZAK,WAQDOJ,0.902879497001345
WORLAS,FECXUI,0.999829832470943
WORLAS,MIMRAB01,0.9993324210096036
WORLAS,QAQSAD,0.9971274278103492
WORLAS,IDIXAU,0.9927609750937214
WORLAS,EZINAE,0.9100819222914568
WORLAS,MIBQAR07,0.8849742803002749
WORLAS,SAHYIK,0.8849641527327357
WORLAS,MIBQAR01,0.8849576132836976
WORLAS,VUSKEA,0.8849571781577293
WORLAS,MIBQAR12,0.8849562268957514
WORLAS,LAWGOG,0.8849560155338988
WORLAS,HOLRAD,0.8849559030191495
WORLAS,LAWFOF,0.8849558104483835
WORLAS,PEVQOY,0.8849487086264315
WORLAS,IFABIA01,0.884158616635618
WORLAS,IFABIA02,0.8841565139072277
WORLAS,REDROI,0.8837992229864771
WORLAS,VEGMOK04,0.8834379185598835
WORLAS,GATBUZ,0.8834363768995401
WORLAS,FIJCUX01,0.8810809452043348
WORLAS,EGIKUB01,0.8636303735907549
WORLAS,SAVMAE,0.8615334825647791
ELILIV,LOLREL,0.8227403514541815
VEHJUP,NIWYID,0.9997006903809292
VEHJUP,REGREC,0.9993098974324746
VEHJUP,NANYUX01,0.9976374855298464
VEHJUP,VEHKAW,0.9975771431518932
VEHJUP,NANYUX03,0.9975480267696252
VEHJUP,RUPVAB,0.9941321975786648
VEHJUP,UFAMEW,0.9467046377413696
VEHJUP,QUQFIS,0.9299989815590924
VEHJUP,EXOXUL,0.915871291941008
VEHJUP,FUDGIW,0.907060166610009
VEHJUP,HOGJIX,0.9050162429176808
VEHJUP,EGIKUB01,0.8968764685993369
VEHJUP,DUNXUH13,0.8962797236302555
VEHJUP,DUNXUH15,0.8961791800158533
VEHJUP,DITTEH,0.886574855469478
VEHJUP,PUGSER,0.8832614654178653
VEHJUP,BUKMUQ01,0.8825734289440486
VEHJUP,DOYHOQ,0.8779638841367525
VEHJUP,NUFBOH,0.8778434840131665
VEHJUP,PEVQOY,0.8748034619359912
VEHJUP,MIBQAR07,0.8747160857792036
VEHJUP,MIBQAR01,0.8746953884539089
VEHJUP,HOLRAD,0.8746929612036527
VEHJUP,LAWFOF,0.8746891645473811
VEHJUP,VAZTUM,0.8746870100817346
VEHJUP,LAWGOG,0.8746847534886533
VEHJUP,REDROI,0.8746847382466836
VEHJUP,SAHYIK,0.8746763934609454
VEHJUP,IFABIA01,0.8746747022322863
VEHJUP,VEGMOK04,0.8745175453107108
VEHJUP,GATBUZ,0.874516673987296
VEHJUP,NUFCAU,0.8742452486070461
VEHJUP,CUVTOD,0.8740515003506478
VEHJUP,DOYHIK,0.8740160843653098
VEHJUP,ORIBAU,0.8724927060295996
VEHJUP,LASMUP,0.8607360862778201
VEHJUP,SOWCOY,0.8600851950391164
TONQOD,OKELOH,0.9150176845478614
TONQOD,PIWLAL,0.9143444649671448
TONQOD,JENKET,0.9054536733855356
TONQOD,VEGMOK04,0.8959027438106909
TONQOD,IFABIA02,0.8950561020155132
TONQOD,IFABIA01,0.8950307781129254
TONQOD,UYAPOA,0.8941424746179396
TONQOD,MIBQAR01,0.8913606263021454
TONQOD,LAWFOF,0.8913331810078454
TONQOD,VAZTUM,0.8913239073822897
TONQOD,LAWGOG,0.8913139404971989
TONQOD,DITTEH,0.8836369666695998
DOTSOV04,DOTSOV05,0.9999999997628496
YUKTUU07,YUKTUU05,0.9999998902947838
YUKTUU07,JEDKIP,0.999999592510444
NIWYOJ,FUTYOK,0.9999857111162964
NIWYOJ,REGREC,0.9997278110531698
NIWYOJ,NIWYID,0.9993513289218556
NIWYOJ,UFAMEW,0.9429569578743296
NIWYOJ,QUQFEO,0.932940418251566
NIWYOJ,QUQFIS,0.9328642620890304
NIWYOJ,RUGXUO,0.9324655136020564
NIWYOJ,QOPZIF,0.9184806100146196
NIWYOJ,JOVYAW,0.9082390577609548
NIWYOJ,KEFBOO,0.8999763491526345
NIWYOJ,DUNXUH13,0.8972445330254927
NIWYOJ,EGIKUB01,0.8945849608634715
NIWYOJ,APACAX,0.8775764994066513
NIWYOJ,DOYHIK,0.8775586554182808
NIWYOJ,DOYHOQ,0.8761737257138041
NIWYOJ,NUFBOH,0.8751619592265161
NIWYOJ,ORIBAU,0.8749460703133051
NIWYOJ,VEGMOK04,0.874567218713902
NIWYOJ,REDROI,0.8743647617481446
NIWYOJ,IFABIA02,0.8740132485904638
NIWYOJ,IFABIA01,0.873989346766025
NIWYOJ,CUVTOD,0.8733577052907276
NIWYOJ,PEVQOY,0.8717814880469839
NIWYOJ,VUSKEA,0.8715343511468958
NIWYOJ,MIBQAR12,0.871461192506404
NIWYOJ,MIBQAR07,0.871455649253884
NIWYOJ,MIBQAR01,0.871381384930388
NIWYOJ,HOLRAD,0.8713730050546651
NIWYOJ,LAWFOF,0.8713600286998393
NIWYOJ,VAZTUM,0.8713527760260701
NIWYOJ,LAWGOG,0.8713450319107703
NIWYOJ,NUFCAU,0.8672803503631832
NIWYOJ,SOWCOY01,0.8611430458995071
NIWYOJ,SOWCOY,0.86105715449866
EBAMUS,DOTSOV07,0.9999308847937758
EBAMUS,XAMDUM02,0.9999295468282908
EBAMUS,LUDLIH,0.9998693430985164
EBAMUS,DOTSOV14,0.9998483421819596
EBAMUS,XAMDUM05,0.9998482776475874
EBAMUS,DOTSOV13,0.9998460381549322
EBAMUS,DOTSOV11,0.999846022856379
EBAMUS,DOTSOV15,0.9998458851194866
EBAMUS,DOTSOV10,0.9998458843052284
EBAMUS,DOTSOV08,0.9998457396489916
EBAMUS,DOTSOV16,0.9998457380668668
EBAMUS,XAMDUM03,0.9998399373365991
EBAMUS,XAMDUM01,0.9998332782595692
EBAMUS,DIHVIB01,0.9998311478848888
EBAMUS,RILFEA,0.9998310715738352
EBAMUS,YOZMEH,0.9998283955018568
EBAMUS,XAMDUM,0.99982835776886
EBAMUS,FIQCEN,0.999827092922857
EBAMUS,YOZMIL,0.9998270017211652
EBAMUS,YOZNEI,0.9998267616341224
EBAMUS,XAMDUM06,0.9998238665216737
EBAMUS,YOZNIM,0.9998229336504504
EBAMUS,YOZMOR,0.9998174719047156
EBAMUS,XAMDUM07,0.9998162526609904
EBAMUS,DIHVIB,0.9997966189065376
EBAMUS,YOZPAG,0.9997649652746136
EBAMUS,WULJUJ,0.9995822473091094
EBAMUS,QAWHIH01,0.9988214363834554
EBAMUS,QIZLIW,0.9986933550400112
EBAMUS,YOZNUY,0.9978460317983736
EBAMUS,KAJZIH,0.9954315198386507
EBAMUS,QIZLOC,0.994673127364796
EBAMUS,OHOMIH,0.9944449231409052
EBAMUS,YOZMUX,0.9897913722796776
EBAMUS,DALSOA,0.9328699528170352
EBAMUS,MIKVEK,0.9302851959966016
EBAMUS,ONIXOZ,0.925474877800632
EBAMUS,EXOYAS,0.919702701244635
EBAMUS,RAWYAS,0.9190581834082584
EBAMUS,YUGLES,0.9076493817647542
EBAMUS,YAGHUM,0.907523743766652
EBAMUS,HANWAW,0.906749398709745
EBAMUS,PIDRAY,0.9005807625670317
EBAMUS,MOFGOE,0.8960094418371314
EBAMUS,IPUPIU,0.8867958427316599
EBAMUS,IPUPOA,0.8852571476068662
EBAMUS,WANJIF,0.8850690719876015
EBAMUS,ADONEP,0.8848786992304853
EBAMUS,KANMIX,0.8848641637199082
EBAMUS,USEVOF,0.8848061451689152
EBAMUS,ANUGOG,0.8778151989724549
EBAMUS,ANUGIA,0.877134948362088
EBAMUS,NEMCOA,0.87492333173193
EBAMUS,HIDTUM,0.8737282034838066
EBAMUS,LAQNID,0.869058907143011
EBAMUS,OKABAE,0.867297186077703
EBAMUS,KIRFOI,0.8662136119943902
EBAMUS,XICKOL,0.8606520320458351
XAMDUM05,BODPAN,0.9999998407270392
XAMDUM05,LUDLIH,0.9999962045613768
XAMDUM05,RILFEA,0.9999960661261508
XAMDUM05,DIHVIB01,0.9999949328090316
XAMDUM05,UXISUR,0.9999948650308256
XAMDUM05,FIQCEN,0.9999942312857606
XAMDUM05,LUDLED,0.9999932612051065
XAMDUM05,XAMDUM06,0.9999926195380896
XAMDUM05,YOZMIL,0.999989401027442
XAMDUM05,XAMDUM02,0.999983480913732
XAMDUM05,YOZMOR,0.999980834327168
XAMDUM05,YOZNAE,0.9999782431840162
XAMDUM05,DIHVIB,0.9999762671746868
XAMDUM05,DOTSOV13,0.9999750116463004
XAMDUM05,DOTSOV11,0.9999749820756968
XAMDUM05,DOTSOV15,0.9999747009871804
XAMDUM05,DOTSOV10,0.9999747008349468
XAMDUM05,DOTSOV14,0.999974678665864
XAMDUM05,DOTSOV08,0.9999744090994922
XAMDUM05,TISPAO,0.9997243948076648
XAMDUM05,QAWHIH01,0.9991284056847224
XAMDUM05,QAWHIH,0.9990883902884552
XAMDUM05,WULJUJ,0.9989759239208946
XAMDUM05,QIZLIW,0.9986577660158736
XAMDUM05,YOZNUY,0.9982146902824064
XAMDUM05,NEHZOS,0.9966613431257884
XAMDUM05,NEHZUY,0.996578687658156
XAMDUM05,KAJZIH,0.995235090759894
XAMDUM05,QIZLOC,0.9943491533305068
XAMDUM05,OHOMIH,0.994181423867481
XAMDUM05,YOZNOS,0.9916307088117018
XAMDUM05,YOZMUX,0.9878185114030542
XAMDUM05,LASYOU,0.9464199022382054
XAMDUM05,DALSOA,0.9330067238639472
XAMDUM05,BABREE,0.9322400100270636
XAMDUM05,MIKVEK,0.9300847219564404
XAMDUM05,ONIXOZ,0.9251779555635398
XAMDUM05,RAWYAS,0.9190500431251938
XAMDUM05,YUGLES,0.907899273654745
XAMDUM05,EXOGAB,0.907790243181378
XAMDUM05,YAGHUM,0.907787690400158
XAMDUM05,NUTQAV,0.9076862196502888
XAMDUM05,HANWAW,0.90654531394204
XAMDUM05,HUCBOX02,0.8973315101239445
XAMDUM05,MOFGOE,0.8960158713191242
XAMDUM05,MOBDIR,0.8960132038512141
XAMDUM05,KANMIX,0.8850361148475949
XAMDUM05,ADONEP,0.8845453271850632
XAMDUM05,EMUBIZ,0.8819761099393814
XAMDUM05,ANUGOG,0.8779522635909933
XAMDUM05,ANUGIA,0.8774089201007499
XAMDUM05,NEMCOA,0.8747909843895084
XAMDUM05,CEKHUY,0.8742682795002749
XAMDUM05,LAQNID,0.8691586606291823
XAMDUM05,OKABAE,0.8672188871371058
XAMDUM05,XICKOL,0.8606968286166585
LOMQOV,VAKREG,0.9997818196975218
CIJBEE,VODNOS,0.9999985174282804
CIJBEE,ABAVOP,0.9999968880923789
CIJBEE,OJOBAS,0.9999885546944718
CIJBEE,VEDFOB,0.9999882306001588
CIJBEE,CEYPUT,0.9999871960093928
CIJBEE,BOWDOI,0.9999704399024056
CIJBEE,VEDFER,0.9999684070131794
CIJBEE,VEDFUH,0.9999644470189812
CIJBEE,BOWDUO,0.999951545696406
CIJBEE,YODRAM,0.9999512097476716
CIJBEE,AHETAK,0.999945739271246
CIJBEE,BOWDIC,0.9999315751817992
CIJBEE,BIPXIK,0.9999221847973973
CIJBEE,TATSIS,0.998894179939754
CIJBEE,ERUNIQ,0.998664106462883
CIJBEE,LASMAV,0.9982773812846872
CIJBEE,YIGGEB,0.9967438918451856
CIJBEE,ERUNUC,0.9233590453381394
CIJBEE,JODGIU,0.9230356010233408
CIJBEE,DIDBOJ,0.9229753161474168
CIJBEE,CAXZOS,0.9229726954708476
CIJBEE,DIDBID,0.9228729179905224
CIJBEE,BUKLOJ,0.8825735580125413
CIJBEE,LIDSIC,0.8791558931482455
CIJBEE,FEVDER,0.8790776665622355
CIJBEE,BAKJEE,0.8790352681215933
CIJBEE,TIDNIF,0.8769742102679776
CIJBEE,YATDOP,0.8601606296675882
CIJBEE,XALMOO,0.859943863116617
HOYQIX,IPUPIU,0.999989326963684
HOYQIX,EXOGAB,0.973157022894927
HOYQIX,ANUGEW,0.9712978224364852
HOYQIX,LAYWOA,0.9685345051736588
HOYQIX,LAYXAN,0.9676399688200316
HOYQIX,DEKBON,0.965070195842212
HOYQIX,LAQNID,0.9523287950475082
HOYQIX,BAZFUF01,0.9479279510194384
HOYQIX,BAZFUF,0.947924428277596
HOYQIX,ICAREL,0.9468567816692228
HOYQIX,BAZGAM,0.9445910538646076
HOYQIX,QOWRAV,0.9442722370692774
HOYQIX,QOWRAV12,0.9442342922420268
HOYQIX,QOWRAV08,0.9442270370356391
HOYQIX,QOWRAV06,0.9441989945977952
HOYQIX,QOWRAV03,0.944179831724252
HOYQIX,QOWRAV04,0.944176402106754
HOYQIX,QOWRAV02,0.9441726834083076
HOYQIX,KIJRUS,0.9436485053995572
HOYQIX,LASYOU,0.9327749252717084
HOYQIX,ENIHUG,0.9163188190921888
HOYQIX,MIKVEK,0.9147625713347348
HOYQIX,NAPSUV,0.9107671908220436
HOYQIX,ONIXOZ,0.9089750590198604
HOYQIX,FISGOF,0.9083066880255192
HOYQIX,XICKOL,0.8951252250691609
HOYQIX,JALPAQ,0.8919976681113796
HOYQIX,YOZNAE,0.8872282816802889
HOYQIX,YOZNEI,0.8872200947262054
HOYQIX,XAMDUM07,0.8872054839388793
HOYQIX,YOZMIL,0.8872024385336292
HOYQIX,YOZNIM,0.8871988292247528
HOYQIX,XAMDUM06,0.887191858497652
HOYQIX,FIQCEN,0.8871852529298447
HOYQIX,XAMDUM,0.8871825114803068
HOYQIX,YOZMEH,0.8871823750685084
HOYQIX,XAMDUM01,0.8871764345180146
HOYQIX,RILFEA,0.8871761634608527
HOYQIX,LUDLIH,0.887161407248837
HOYQIX,XAMDUM03,0.8871518484444798
HOYQIX,XAMDUM04,0.8871385178358195
HOYQIX,XAMDUM02,0.8871117898754958
HOYQIX,DOTSOV42,0.8869856237334521
HOYQIX,DOTSOV13,0.8869733195055192
HOYQIX,DOTSOV15,0.8869722016882168
HOYQIX,DOTSOV14,0.8869720628670144
HOYQIX,DOTSOV08,0.8869711559498534
HOYQIX,DOTSOV16,0.8869711368717097
HOYQIX,DOTSOV12,0.8869711307897896
HOYQIX,DOTSOV07,0.8865231489002534
HOYQIX,YOZNUY,0.8864435299213179
HOYQIX,DOTSOV02,0.885686868870954
HOYQIX,QIZLIW,0.8848337337497775
HOYQIX,NEHZOS,0.8822914480032887
HOYQIX,GAVDUD,0.8822673850922167
HOYQIX,NEHZUY,0.8821905073310694
HOYQIX,KAJZIH,0.8805766480747519
HOYQIX,QIZLOC,0.8795352370010798
HOYQIX,SEMNIJ,0.8727480065648503
HOYQIX,LURRIA,0.8693384861622026
HOYQIX,ASIVAB,0.864304132959106
HOYQIX,SIXNIZ,0.8642277569477959
HOYQIX,SIXNOF,0.8637888022340658
HOYQIX,NEMCOA,0.8611580556863911
HOYQIX,CEKHUY,0.8605205341582383
VAZTUM,MIBQAR,0.9999998643619488
VAZTUM,LAWFOF,0.9999999846105532
VAZTUM,HOLRAD,0.9999999595451088
VAZTUM,MIBQAR01,0.9999999420301132
VAZTUM,SAHYIK,0.9999998212845784
VAZTUM,MIBQAR12,0.9999991647024076
VAZTUM,IFABIA02,0.9989125375407464
VAZTUM,GATBUZ,0.9984270331905446
VAZTUM,ORIBAU,0.99541618535874
VAZTUM,PIWLAL,0.943557849029355
VAZTUM,WUHNUK,0.9080483248749032
VAZTUM,BABRII,0.9076250718023482
VAZTUM,UYAPOA,0.9070460890550576
VAZTUM,ODODIW,0.9065879108324012
VAZTUM,JENKET,0.9036579920270849
VAZTUM,SACHIP,0.8960754036542267
VAZTUM,QEDZEG,0.8909745436683711
VAZTUM,EKEKEL,0.8872929351512304
VAZTUM,DITTEH,0.8853122425335368
VAZTUM,UKOLOV,0.8851716164828585
VAZTUM,DARYIF,0.8842522428856154
VAZTUM,NIKHAS,0.8840184030950481
VAZTUM,QAQSAD,0.8822368971677815
VAZTUM,NAWXER,0.8817387940801873
VAZTUM,PUGSER,0.8807153078846521
VAZTUM,XAFFER,0.8747680100516658
VAZTUM,IJEXIF01,0.8744470487481603
VAZTUM,ZARLIP,0.8737569232120416
VAZTUM,ULISOZ,0.8736276984959577
VAZTUM,XAFFAN,0.8727282149033998
VAZTUM,RUPVAB,0.8715200788448892
VAZTUM,NOXMAQ,0.8708360305170717
VAZTUM,NANYUX01,0.8706167962482122
VAZTUM,NENHEU,0.8684479163825162
VAZTUM,GADROU,0.8680684752655607
VAZTUM,PEGCIP,0.8656410699562604
VAZTUM,SAVMAE,0.8642417846681216
VAZTUM,XEGWIS,0.8625549083862295
VAZTUM,KAHMOW,0.8625390783925605
VAZTUM,XEGXIT,0.8625242123690688
VAZTUM,XEGWAK,0.8625120116607098
VAZTUM,DUFLOH,0.8608957500743084
VAZTUM,EGIKUB01,0.8606737531480797
SAHYIK,PEKGAO,0.9998977158529722
SAHYIK,HOLRAD,0.9999996151964002
SAHYIK,MIBQAR01,0.999999602593529
SAHYIK,MIBQAR07,0.9999984634405588
SAHYIK,VUSKEA,0.99999657125661
SAHYIK,IFABIA02,0.9989010041113882
SAHYIK,FIJCUX01,0.996001252632665
SAHYIK,PIWLAL,0.9435223219176192
SAHYIK,UYAPOA,0.9070748960196974
SAHYIK,ODODIW,0.9065637712598928
SAHYIK,HUTZAX01,0.9058623075293596
SAHYIK,ACODIH,0.8947065980585649
SAHYIK,QEDZEG,0.8909278295045187
SAHYIK,EKEKEL,0.8872916759933027
SAHYIK,DITTEH,0.8852861531305318
SAHYIK,MIMRAB01,0.8842310792647434
SAHYIK,WORKUL,0.8842063855514837
SAHYIK,QAQSAD,0.8822059322008117
SAHYIK,NAWXER,0.8816996461355299
SAHYIK,PUGSER,0.8806679158366756
SAHYIK,XAFFER,0.8747347718113295
SAHYIK,NIWYID,0.8737560287208352
SAHYIK,ZARLIP,0.8737188353581417
SAHYIK,ULISOZ,0.8736058533848703
SAHYIK,XAFFAN,0.8726858288327772
SAHYIK,FUTYOK,0.8717595471338543
SAHYIK,NOXMAQ,0.8707868639745973
SAHYIK,AXOCEW,0.8691694565164267
SAHYIK,NENHEU,0.8684037128861988
SAHYIK,GADROU,0.868060712399259
SAHYIK,OKELOH,0.8666670344409274
SAHYIK,SAVMAE,0.8642425626734529
SAHYIK,XEGWIS,0.8625069160034967
SAHYIK,KAHMOW,0.8624910265504755
SAHYIK,XEGXIT,0.8624761135020449
SAHYIK,YICQOS,0.8611492838174808
SAHYIK,EGIKUB01,0.8606691932192252
DOTSOV05,DOTSOV23,0.999999999445039
DOTSOV05,DOTSOV22,0.9999999999653564
FESYEK,QEKLID01,0.9738610576719806
FESYEK,NOLRIR,0.9607060473212212
FESYEK,SITDAD,0.9564181679078304
FESYEK,DUWBEE,0.9560156831696972
FESYEK,DELGIN,0.94739915662307
FESYEK,AWEJIW,0.9471619258007928
FESYEK,KETHEY,0.914167774190584
FESYEK,CIKCOQ,0.9141339067554142
FESYEK,MITSUE,0.9082465985973892
FESYEK,MITSAK,0.908246467777629
FESYEK,MITSIS,0.9082424195940249
FESYEK,PARKUQ01,0.908215480521356
FESYEK,PARKUQ,0.9082143051915677
FESYEK,FUMJAA,0.9082055970408516
FESYEK,KUJMIN,0.9081398340019772
FESYEK,YEYRAY,0.908079061390804
FESYEK,CEHKUW,0.9076262765108192
FESYEK,RUXWEM03,0.8932231825314092
FESYEK,YAYNEU,0.8617520963691567
FESYEK,PIKYAM,0.8607490845267978
LAWFOF,LATFUI,0.9999999473294754
LAWFOF,HOLRAD,0.9999999883263276
LAWFOF,IFABIA02,0.9989138609176752
LAWFOF,GATBUZ,0.998431852864028
LAWFOF,ORIBAU,0.995424349376249
LAWFOF,WUHNUK,0.9080469562849496
LAWFOF,BABRII,0.9076280963385313
LAWFOF,ODODIW,0.9065928697125936
LAWFOF,VIKBUP,0.9060203238537012
LAWFOF,JENKET,0.903666135051172
LAWFOF,JEDDII,0.8971894302625707
LAWFOF,SACHIP,0.8960711305536314
LAWFOF,GOSDUP,0.895382755449861
LAWFOF,QEDZEG,0.8909841561293592
LAWFOF,EKEKEL,0.887293104878436
LAWFOF,UKOLOV,0.8851770893736621
LAWFOF,DARYIF,0.8842535237991992
LAWFOF,MIMRAB01,0.8842404113468824
LAWFOF,WORKUL,0.8842273110244501
LAWFOF,NIKHAS,0.8840249700799057
LAWFOF,QAQSAD,0.8822431974991491
LAWFOF,NAWXER,0.8817462040978088
LAWFOF,PUGSER,0.880725056449668
LAWFOF,WUMDIT,0.8765915919899234
LAWFOF,XAFFER,0.874774838148388
LAWFOF,IJEXIF01,0.87444992347255
LAWFOF,NIWYID,0.8737807027428146
LAWFOF,ZARLIP,0.8737647580927547
LAWFOF,ULISOZ,0.8736321627795182
LAWFOF,FUTYOK,0.8717993341029334
LAWFOF,RUPVAB,0.8715129765118341
LAWFOF,VEHKAW,0.8705390962350504
LAWFOF,NANYUX03,0.8704991575937445
LAWFOF,AXOCEW,0.8691756202947174
LAWFOF,NENHEU,0.8684569684092684
LAWFOF,GADROU,0.8680685132987912
LAWFOF,OKELOH,0.8667032234892953
LAWFOF,SAVMAE,0.8642416120807428
LAWFOF,KAHMOW,0.8625489818361197
LAWFOF,XEGXIT,0.8625341248082463
LAWFOF,XEGWAK,0.8625218545168221
LAWFOF,IGUFOH,0.8610855896481671
LAWFOF,DUFLOH,0.8608917299525356
LAWFOF,EGIKUB01,0.8606742314945284
OJOQAF01,YUZJOU,0.9999310780688552
OJOQAF01,OJOQAF,0.9999884911158888
OJOQAF01,OJOQAF02,0.9999022389749368
OJOQAF01,XIQZIH,0.997368181007847
OJOQAF01,LIRVAK,0.996894932100014
OJOQAF01,FUFVEJ,0.9968563306350232
OJOQAF01,PEKZIP,0.9946817166788424
OJOQAF01,KOGYIP,0.9941554165083272
OJOQAF01,CUPHUS,0.9941521893381988
OJOQAF01,HAJPEQ,0.8617480866790381
FUSWIA,FUQJUX,0.9999905638852288
FUSWIA,QONKUB,0.9998690304820692
FUSWIA,QONLAI,0.999867781996953
FUSWIA,QONLIQ,0.9997894982696252
FUSWIA,QOMSES,0.9997430275929536
FUSWIA,PASGAU,0.9993078375566612
FUSWIA,DEGJIK,0.9988908745607024
FUSWIA,VUQJEX01,0.998669351020895
UGECEO,UGECEO03,0.999996430031085
UGECEO,UGECEO01,0.9999572981527252
UGECEO,IGAHED03,0.9999548828786008
UGECEO,IGAHED01,0.9997656263797468
UGECEO,IGAHED02,0.9996822458927628
UGECEO,IGAHED,0.999651779795254
UGECEO,SACMOA,0.999321989997212
UGECEO,KUHNEI,0.995278581794946
UGECEO,XEVSIB01,0.864085043031728
UGECEO,XUZRIU,0.8640564625196361
UGECEO,HABZEQ,0.8629665000032697
AVUCEA,JOPGOM,0.9997331489355954
BABRII,UYAPOA,0.9968122817141964
BABRII,PIWLAL,0.9551715044827878
BABRII,DITTEH,0.9476041878365528
BABRII,PUGSER,0.944821221157757
BABRII,IFABIA02,0.9080850060890138
BABRII,IFABIA01,0.9080646144120728
BABRII,GATBUZ,0.908031879331458
BABRII,PEVQOY,0.9077948909909584
BABRII,VUSKEA,0.9076989895846752
BABRII,MIBQAR12,0.9076695577597786
BABRII,MIBQAR07,0.9076667722484588
BABRII,HOLRAD,0.907633462250519
BABRII,LAWGOG,0.9076218758488416
BABRII,QEDZEG,0.9025227089895144
BABRII,WUMDIT,0.8856103567045741
BABRII,QOZSIJ,0.8854392399496949
BABRII,QUQFEO,0.8822875072277694
BABRII,NOXMAQ,0.882207138227174
BABRII,YICQOS,0.867839365357642
BABRII,IGUFOH,0.8672214909145423
BABRII,BEWCUD,0.8620619319921321
PUGSER,JENKET,0.947808205972298
PUGSER,UYAPOA,0.9358362602106722
PUGSER,PIWLAL,0.9325810769911952
PUGSER,UFAMEW,0.9256215562494654
PUGSER,EZINAE,0.9012879743143826
PUGSER,ORIBAU,0.8871159061288483
PUGSER,NANYUX03,0.8871003068735328
PUGSER,VEHKAW,0.8870902621901533
PUGSER,FIJCUX01,0.8869638882921067
PUGSER,REGREC,0.885904851526453
PUGSER,GATBUZ,0.8855669259744148
PUGSER,REDROI,0.8851824918944899
PUGSER,NIWYID,0.8851555010679282
PUGSER,QEDZEG,0.8847403505623618
PUGSER,IFABIA01,0.884626473863187
PUGSER,IJEXIF01,0.8839652862301565
PUGSER,GOSDUP,0.8830612736010442
PUGSER,VUSKEA,0.8809593455104026
PUGSER,MIBQAR12,0.8808608488136308
PUGSER,MIBQAR07,0.8808533645124577
PUGSER,LAWGOG,0.8807049626867192
PUGSER,JAYXAL,0.8716382161474405
PUGSER,NUCPIM,0.8684638537123563
PUGSER,RUPVAB,0.8678508814303719
PUGSER,NOXMAQ,0.8659514903331944
PUGSER,XAFFAN,0.8658846267888725
PUGSER,WUMDIT,0.864012267249712
QOWRAV02,QOWRAV04,0.999999999086771
QOWRAV02,QOWRAV03,0.9999999966240452
QOWRAV02,QOWRAV05,0.9999999932645832
QOWRAV02,QOWRAV07,0.9999998771206056
QOWRAV02,QOWRAV08,0.9999998036062951
QOWRAV02,QOWRAV11,0.9999997167871724
QOWRAV02,QOWRAV10,0.9999995742536798
QOWRAV02,LIGQEA,0.9997582016370512
QOWRAV02,BAZFUF,0.9971109887182592
QOWRAV02,BAZFUF01,0.9970871772099744
QOWRAV02,NAFSOF,0.9787613501449404
QOWRAV02,ANUGIA,0.960281322539832
QOWRAV02,ANUGEW,0.959417911077482
QOWRAV02,LAYWOA,0.9543253116398002
QOWRAV02,DEKBON,0.9486039038221412
QOWRAV02,IPUPIU,0.9445642687373556
QOWRAV02,EXOGAB,0.9074547011341332
QOWRAV02,LAQNID,0.8947147066007306
QOWRAV02,AZAVUU,0.8885827145942461
QOWRAV02,ORAWAH,0.8811218369748217
QOWRAV02,ENIHUG,0.8677768085236595
QOWRAV02,LASYOU,0.8629271039511569
QOWRAV02,LURRIA,0.8607214794827535
WEYQAU04,WEYQAU02,0.9999967859056654
VIFPUY04,VIFPUY,0.9999999395054584
VIFPUY04,VIFPUY03,0.9999998946204444
VIFPUY04,VIFPUY05,0.999999868125948
VIFPUY04,VACFOV01,0.99999589763487
VIFPUY04,VACFOV,0.9999834427379268
VIFPUY04,MAYJOM,0.9999562158184292
VIFPUY04,GALJAG,0.9472133919271308
VIFPUY04,IFIPEV,0.9468830972237828
VIFPUY04,FAHQEM,0.9435691243387142
VIFPUY04,NEDLOZ,0.9053981559051008
VIFPUY04,CIFSIW,0.9042783039521638
VIFPUY04,CIFSAO,0.9032967885496448
VIFPUY04,CIFSES,0.9031239016647676
VIFPUY04,FOSTIS,0.9030084014790966
VIFPUY04,UNIDAY,0.902832698274156
VIFPUY04,CUFFEP,0.8747370727493419
VIFPUY04,CUFFOZ,0.8747351011155713
VIFPUY04,CUFFUF,0.8747289851520169
VIFPUY04,CUFDOX,0.8747206494415931
VIFPUY04,TIKXAN,0.8747185275463907
VIFPUY04,CUFFIT,0.8747065510299773
VIFPUY04,CUFDUD,0.8738141084282846
ABAYOU,PUNYED,0.9999587522020028
ABAYOU,XAPSIS,0.992230142645736
ABAYOU,FEYJOJ,0.9466793457254294
ABAYOU,AGAFAS,0.9317749255479276
ABAYOU,MOXDEJ,0.8953143047915155
ABAYOU,DAFHEZ,0.8938264673583382
ABAYOU,XADDOX,0.8928642763444685
ABAYOU,COXFOL,0.8926230666570683
ABAYOU,WIMWEW,0.8913011469897123
ABAYOU,FISQEG,0.8859876553675231
ABAYOU,ABIWOX,0.8849940697570644
ABAYOU,FISQIK,0.8828031708726266
ABAYOU,BUKLOJ,0.8747655879859909
ABAYOU,ESEQUO,0.8718503244247633
NIGPAW,DIBQIQ,0.986939445323634
NIGPAW,CIFMAH,0.9818916507818316
NIGPAW,AXINIF,0.98098439601785
NIGPAW,MIHJUL,0.9784027098314784
NIGPAW,XUDVAV,0.9472801814845516
NIGPAW,MOXDOT,0.9462965531753896
NIGPAW,DERBIO,0.9442820916242872
NIGPAW,FISQEG,0.9428278619889674
NIGPAW,CIKPEU,0.9130201867371036
NIGPAW,NOMPIQ,0.912971198639752
NIGPAW,NOMPIQ01,0.9128798173314
NIGPAW,ESEQUO,0.9066639978615156
NIGPAW,BUKLOJ,0.9056455135272778
NIGPAW,AGAFAS,0.8779996104277654
NIGPAW,CAXZOS,0.877917768379856
NIGPAW,DIDBOJ,0.8764654845553863
NIGPAW,DIDBEZ,0.8755207328276281
NIGPAW,JODGIU,0.875420970768831
NIGPAW,CAQJOW,0.874323182436593
NIGPAW,HAJYAV,0.8742885744254283
NIGPAW,ERUNUC,0.8742156096703715
NIGPAW,DIQHAO01,0.8705819661600154
NIGPAW,HALVEY,0.8682098602591583
NIGPAW,VASYEW,0.867929471613941
NIGPAW,TAHYUZ,0.8670635849021048
NIGPAW,CAQKAJ01,0.8636183017988411
NIGPAW,FEVDER,0.861156283509064
TEQVES,IJEXIF01,0.9199248181336798
NASROR,UFAMEW,0.8943048885621273
NASROR,UFOFUT,0.8922552292891088
NASROR,QUQFEO,0.8796923236480784
NASROR,IJEXIF01,0.8776271009123273
NASROR,QUQFIS,0.8773393506041591
NASROR,NIWYID,0.877074248117118
NASROR,ULISOZ,0.8769467027950719
NASROR,REGREC,0.8764589927883548
NASROR,FUTYOK,0.8753120256931579
NASROR,NANYUX01,0.8742321820868707
NASROR,VEHKAW,0.8741544726152326
NASROR,RUPVAB,0.8738531285769957
NASROR,YOGKOW,0.8639053300562958
SUGTEV,VURMOL,0.8686824214794426
QUQFIS,UFOFUT,0.9836780194837748
QUQFIS,UFAMEW,0.9781387226584763
QUQFIS,NANYUX03,0.9329835933407922
QUQFIS,VEHKAW,0.9329797817051322
QUQFIS,NANYUX01,0.932965382581292
QUQFIS,REGREC,0.9321904743073828
QUQFIS,NIWYID,0.9315964323095688
QUQFIS,DITTEH,0.9184764328337134
QUQFIS,RUPVAB,0.9158668040067856
QUQFIS,JENKET,0.8829930164672942
QUQFIS,APACAX,0.880865623276392
QUQFIS,DOYHOQ,0.8789151967708027
QUQFIS,NUFBOH,0.8776548956271097
QUQFIS,RUGXUO,0.8737375834747867
QUQFIS,JAYXAL,0.8671092667296384
QUQFIS,NUCPIM,0.8644881338102947
QUQFIS,QOPZIF,0.8610831155913174
ORIBAU,VEGMOK04,0.9992081835131416
ORIBAU,REDROI,0.9989415349689564
ORIBAU,VUSKEA,0.9956198478933782
ORIBAU,MIBQAR07,0.995531293909084
ORIBAU,MIBQAR01,0.9954482472467884
ORIBAU,LAWGOG,0.995407546249341
ORIBAU,PIWLAL,0.9471607277426408
ORIBAU,JENKET,0.9082482729281404
ORIBAU,HUTZAX01,0.907879014245086
ORIBAU,ODODIW,0.9075175765323238
ORIBAU,BOLPAU,0.9071655285104768
ORIBAU,WUHNUK,0.9046419833538548
ORIBAU,UYAPOA,0.8988026802350388
ORIBAU,QEDZEG,0.8972091551817012
ORIBAU,ACODIH,0.8970859282037119
ORIBAU,GOSDUP,0.8965415019948786
ORIBAU,JEDDII,0.8926543831265088
ORIBAU,NAWXER,0.8872051223383426
ORIBAU,UKOLOV,0.8868290928181481
ORIBAU,SACHIP,0.8866913031041197
ORIBAU,QAQSAD,0.884867352541782
ORIBAU,IDIXAU,0.8847718365824189
ORIBAU,WORKUL,0.8835893750131427
ORIBAU,DARYIF,0.8833450247352521
ORIBAU,EKEKEL,0.8830171150700452
ORIBAU,ZARLIP,0.8779563433911295
ORIBAU,MEWPIQ,0.877923903064451
ORIBAU,XAFFER,0.8778388176042558
ORIBAU,NOXMAQ,0.8776814085685528
ORIBAU,WUMDIT,0.8770234859264097
ORIBAU,NANYUX03,0.8749994498579436
ORIBAU,NENHEU,0.8741574375236328
ORIBAU,ULISOZ,0.8740552630011948
ORIBAU,NIWYID,0.8739237893480302
ORIBAU,IJEXIF01,0.8730410046757275
ORIBAU,KAHMOW,0.8690657724443469
ORIBAU,XEGWAK,0.8690609124958125
ORIBAU,OKELOH,0.8689856097548168
ORIBAU,GADROU,0.8675984780152893
ORIBAU,XENMIO,0.8610623722867666
ORIBAU,HUVGEM,0.8610563963924358
NIKHAS,PIWLAL,0.9041321667032992
NIKHAS,FIJCUX01,0.8872628925321667
NIKHAS,GATBUZ,0.8869846094585507
NIKHAS,REDROI,0.8868148637674051
NIKHAS,IFABIA02,0.8865163823560632
NIKHAS,MIBQAR12,0.8841208729664942
NIKHAS,MIBQAR01,0.8840454312790385
NIKHAS,LAWGOG,0.8840107975133373
NIKHAS,YICQOS,0.8694173439354422
NIKHAS,DUFLOH,0.8684994354769845
GUXSOI,KOGCIT,0.9990435626286368
SIKCIA,REYCUV,0.9105889112955352
PUNYED,XAPSIS,0.9929867104598676
PUNYED,CIPLIX,0.9913076931388172
PUNYED,FEYJOJ,0.946845969500588
PUNYED,FILYEG,0.8954810602785295
PUNYED,XADDUD,0.8944568302232718
PUNYED,DAFHEZ,0.8943134439830012
PUNYED,XADDOX,0.8934170346200809
PUNYED,WIMWEW,0.8919388041115901
PUNYED,VASYEW,0.887214467670293
PUNYED,FISQEG,0.8862782784874078
PUNYED,ABIWOX,0.8850358837662268
PUNYED,FISQIK,0.8833667072473607
PUNYED,BUKLOJ,0.8748625711237596
PUNYED,ESEQUO,0.8718114775866843
ABAVOP,VEDGIW,0.9999983236553976
ABAVOP,VODNOS,0.9999963422981076
ABAVOP,VEDGES,0.9999958746929942
ABAVOP,VEDGAO,0.9999933419782452
ABAVOP,VEDFAN,0.9999898073950784
ABAVOP,VEDFIV,0.999988372183425
ABAVOP,BOWDOI,0.999986165537376
ABAVOP,VEDFUH,0.9999823707603356
ABAVOP,VEDFER,0.9999786341271047
ABAVOP,OJOBAS,0.999974562970555
ABAVOP,CEYPUT,0.9999725437961896
ABAVOP,AHETAK,0.9999686014248432
ABAVOP,BIPXIK,0.9999501636655208
ABAVOP,CEYPUT01,0.999939403207996
ABAVOP,EXUXEC,0.9998753257740912
ABAVOP,KEJWAY,0.999624721673705
ABAVOP,ABAVIJ,0.9992874749621604
ABAVOP,TATSIS01,0.999129229821336
ABAVOP,TATSIS,0.9990062271484322
ABAVOP,ABAVUV,0.9989456265257064
ABAVOP,ERUNIQ,0.9987885768882696
ABAVOP,LASMAV,0.9984192965480364
ABAVOP,YIGGEB,0.9969396747695908
ABAVOP,JODGIU,0.9230261134665808
ABAVOP,CAXZOS,0.9230097375845856
ABAVOP,DIDBOJ,0.9229848786949904
ABAVOP,DIDBEZ,0.9229420282179028
ABAVOP,DIDBID,0.9228653378650068
ABAVOP,BAKJOO,0.8791881850051595
ABAVOP,LIDSIC,0.8791127914007727
ABAVOP,BAKJEE,0.8789765430783171
ABAVOP,BAKJII,0.8784474102402937
ABAVOP,TIDNIF,0.8769762158921628
ABAVOP,YATDOP,0.8601165794281053
ABAVOP,XALMOO,0.8600071082150385
YOZMOR,YOZNAE,0.99999958124681
YOZMOR,DIHVIB,0.9999994140617036
YOZMOR,XAMDUM07,0.9999987550680192
YOZMOR,YOZMIL,0.999998731343268
YOZMOR,XAMDUM,0.9999953241586556
YOZMOR,XAMDUM01,0.9999941848625076
YOZMOR,RILFEA,0.9999940251053144
YOZMOR,YOZPAG,0.9999936802926976
YOZMOR,LUDLIH,0.9999905891653704
YOZMOR,XAMDUM03,0.9999879510852568
YOZMOR,XAMDUM04,0.99998272671404
YOZMOR,BODPAN,0.9999826333975472
YOZMOR,XAMDUM02,0.9999681507776588
YOZMOR,DOTSOV42,0.9999185407800156
YOZMOR,DOTSOV13,0.9999122125623244
YOZMOR,DOTSOV11,0.9999121572070212
YOZMOR,DOTSOV12,0.999911183725116
YOZMOR,DOTSOV08,0.9999110880057688
YOZMOR,DOTSOV16,0.9999110781235394
YOZMOR,QAWHIH01,0.9993660701663796
YOZMOR,WULJUJ,0.9988516658545616
YOZMOR,DOTSOV02,0.9988302003153748
YOZMOR,YOZNUY,0.99856298489011
YOZMOR,QIZLIW,0.9983199673086052
YOZMOR,GAVDUD,0.9961200681935446
YOZMOR,QIZLOC,0.9936834382865068
YOZMOR,OHOMIH,0.9935030382589718
YOZMOR,YOZNOS,0.9920250757364296
YOZMOR,YOZMUX,0.9883026302012016
YOZMOR,LASYOU,0.9466470553267876
YOZMOR,DALSOA,0.932966368599425
YOZMOR,BABREE,0.9319787812594088
YOZMOR,ONIXOZ,0.9243942166756984
YOZMOR,EXOYAS,0.9196185733864868
YOZMOR,RAWYAS,0.9187509593475074
YOZMOR,NUTQAV,0.9078733987708694
YOZMOR,NUTQEZ,0.9077788973225824
YOZMOR,OFOCUI,0.9077530506378876
YOZMOR,EXOGAB,0.90758590561221
YOZMOR,HANWAW,0.906176693407292
YOZMOR,PIDRAY,0.8994905413982892
YOZMOR,HUCBOX02,0.8972696443375969
YOZMOR,MOFGOE,0.8957335568707857
YOZMOR,MOBDIR,0.8957305059740744
YOZMOR,IPUPIU,0.8871554209881296
YOZMOR,KANMIX,0.8850729382270017
YOZMOR,USEVOF,0.8850595407848638
YOZMOR,IPUPOA,0.884755803980437
YOZMOR,XEDMEB,0.8846231386691017
YOZMOR,EXAXAE03,0.8815095275520745
YOZMOR,EMUBIZ,0.8814734541277189
YOZMOR,ANUGOG,0.877902565870015
YOZMOR,CEKHUY,0.8737226896910427
YOZMOR,HIDTUM,0.8729444547149715
YOZMOR,OKABAE,0.866805651026483
IQEWOQ,YANWOC01,0.9987339593276512
IQEWOQ,DADTOS18,0.9987327441535516
IQEWOQ,DIDVIW,0.9987264306657944
IQEWOQ,DADTOS06,0.9987219347146788
IQEWOQ,DADTOS09,0.9987119094383204
IQEWOQ,DADTOS05,0.998708762614173
IQEWOQ,DADTOS08,0.9987086795914044
IQEWOQ,DADTOS01,0.9987033573535746
IQEWOQ,DADTOS11,0.9987017981201268
IQEWOQ,DADTOS,0.9986908523792069
IQEWOQ,DADTOS15,0.9983046881608708
IQEWOQ,YUKTUU01,0.9982726359580074
IQEWOQ,YUKTUU,0.998270393422872
IQEWOQ,REZJIR03,0.998242432176611
IQEWOQ,PADJOU,0.9981862398625756
IQEWOQ,VIRJEM,0.9981620034672812
IQEWOQ,MNFORD02,0.997972343663431
IQEWOQ,DADTOS17,0.9979704860608524
IQEWOQ,LIJWOR02,0.9979244886687532
IQEWOQ,MNFORD03,0.997791714446006
DADTOS05,DADTOS08,0.9999999999983858
DADTOS05,DADTOS01,0.9999999943180397
DADTOS05,DADTOS11,0.9999999905695238
DADTOS05,DADTOS12,0.999999962920017
DADTOS05,DIDVIW,0.9999999387068488
DADTOS05,DADTOS,0.9999999378856784
DADTOS05,YANWOC01,0.999999873995326
DADTOS05,YANWOC02,0.9999987490618696
DADTOS05,DADTOS14,0.99999186279008
DADTOS05,DADTOS15,0.9999723706028008
DADTOS05,REZJIR02,0.999969132396886
DADTOS05,YUKTUU,0.999967777414745
DADTOS05,VIRJEM,0.999951523543582
DADTOS05,PADJOU01,0.9999379106427612
DADTOS05,PADJOU,0.9999335204574746
DADTOS05,LIJWOR03,0.9999178361047308
DADTOS05,DADTOS17,0.999916377177075
DADTOS05,LIJWOR02,0.9999057809211788
DADTOS05,LIJWOR,0.9999010807179414
DADTOS05,MNFORD03,0.9998766086133548
WOSZEL,VOLQOD,0.9999991761069952
PAQXUC,GURXUN01,0.9149025548516994
PAQXUC,CIKCOQ,0.8810782157933761
PAQXUC,KETHEY,0.8809707011037957
PAQXUC,HIBSUG02,0.8774992310074508
PAQXUC,HIBSUG01,0.8774526068153772
PAQXUC,SITDAD,0.8687969726173467
PAQXUC,DUWBEE,0.8652254965320728
NIHDIU,QERZUI01,0.9999956649602618
NIHDIU,BAHGUN03,0.999956516485752
NIHDIU,UGEPEB01,0.9999524124751112
NIHDIU,BAHGUN,0.9999412259831656
NIHDIU,HAWZEM,0.9999283607040106
NIHDIU,UFUNIS,0.9999261565398668
NIHDIU,BAHGUN02,0.999922532695978
NIHDIU,NIHDEQ,0.9999127897252796
NIHDIU,EGOZAB,0.9998927743416806
NIHDIU,UFUMUD01,0.9998764635596682
NIHDIU,UFUNAK,0.9995617554533542
NIHDIU,MURREW,0.9992796358587182
NIHDIU,POFDEV,0.9988353661509612
NIHDIU,AHEMEG,0.998343825136163
NIHDIU,VOJPUG01,0.9982398318210326
NIHDIU,POFDOF,0.9974292247529666
NIHDIU,POFFAT,0.9971724662346791
NIHDIU,POFFEX,0.995612096721958
NIHDIU,QIWQES,0.9917661157848058
NIHDIU,JALPAQ,0.8790802780098914
NIHDIU,XICKOL,0.8771956081750902
NIHDIU,NAPSUV,0.8656510323140658
NIHDIU,EDOSEY,0.8646754170910409
XAMDUM07,YOZNIM,0.9999998721827268
XAMDUM07,YOZMIL,0.9999998370572248
XAMDUM07,LUDLED,0.9999993538659108
XAMDUM07,FIQCEN,0.999999003628566
XAMDUM07,XAMDUM,0.9999987313876336
XAMDUM07,YOZMEH,0.9999987170731022
XAMDUM07,UXISUR,0.9999987136869756
XAMDUM07,YOZNEI,0.9999984887974248
XAMDUM07,XAMDUM01,0.9999980177416078
XAMDUM07,RILFEA,0.999997991114868
XAMDUM07,DIHVIB,0.999997828456564
XAMDUM07,LUDLIH,0.9999939576228698
XAMDUM07,YOZPAG,0.999988319829035
XAMDUM07,DOTSOV42,0.999935211707786
XAMDUM07,DOTSOV13,0.9999295450412188
XAMDUM07,DOTSOV11,0.9999294953976472
XAMDUM07,DOTSOV15,0.9999290239519624
XAMDUM07,DOTSOV10,0.9999290237096417
XAMDUM07,DOTSOV14,0.9999289510673586
XAMDUM07,DOTSOV08,0.999928535537998
XAMDUM07,DOTSOV16,0.999928526618124
XAMDUM07,DOTSOV12,0.9999285157028424
XAMDUM07,TISPAO,0.9998255864067548
XAMDUM07,DOTSOV07,0.999580664114435
XAMDUM07,QAWHIH01,0.999317307808009
XAMDUM07,DOTSOV02,0.9988338761462408
XAMDUM07,OQIZUL,0.9985037483921952
XAMDUM07,YOZNUY,0.9984897455607402
XAMDUM07,NEHZOS,0.9962588122765004
XAMDUM07,GAVDUD,0.9962379339028896
XAMDUM07,OHOMIH,0.9936548034143948
XAMDUM07,LASYOU,0.9465966363240312
XAMDUM07,DALSOA,0.93297855175081
XAMDUM07,ORAWAH,0.9322323175552816
XAMDUM07,RAWYAS,0.9188203980466056
XAMDUM07,IWEVAJ,0.9186671934341756
XAMDUM07,YUGLES,0.9080146236087818
XAMDUM07,NUTQAV,0.9078356734601812
XAMDUM07,NUTQEZ,0.9077367447492783
XAMDUM07,OFOCUI,0.9077041754327716
XAMDUM07,EXOGAB,0.9076333033545716
XAMDUM07,HANWAW,0.9062554919867448
XAMDUM07,HUCBOX02,0.897285149266956
XAMDUM07,MOBDIR,0.8957965167909308
XAMDUM07,IPUPIU,0.8871318637217193
XAMDUM07,WANJIF,0.8848529844018402
XAMDUM07,ADONEP,0.8844220370374493
XAMDUM07,EXAXAE03,0.8816229801196702
XAMDUM07,EMUBIZ,0.881587662612845
XAMDUM07,ANUGOG,0.8779170284643009
XAMDUM07,CEKHUY,0.8738452537872297
XAMDUM07,HIDTUM,0.8730790387142892
XAMDUM07,OKABAE,0.8669001185561583
XAMDUM07,KIRFOI,0.8656857968297641
XAMDUM07,XICKOL,0.8605395962341562
BAHGUN01,HAWZEM,0.9999994531573582
BAHGUN01,QERZUI,0.9999985912166128
BAHGUN01,UFUMUD02,0.9999983266848752
BAHGUN01,BAHGUN04,0.9999953670648348
BAHGUN01,EGOZAB,0.9999934050799196
BAHGUN01,UFUMUD01,0.999989299173768
BAHGUN01,BAHGUN02,0.9999361318467485
BAHGUN01,ECODIK,0.9998775828038812
BAHGUN01,UFUNAK,0.999828663366764
BAHGUN01,POFDIZ,0.9997453710334612
BAHGUN01,UFUNIS,0.9997365374473732
BAHGUN01,KAKTIA,0.9994095698853837
BAHGUN01,KAKTIA01,0.999403057108086
BAHGUN01,AHEMEG,0.9989203885694526
BAHGUN01,IPINAY,0.9988556707919188
BAHGUN01,NELCEN,0.9970894835302672
BAHGUN01,POFFEX,0.9965874265219716
BAHGUN01,JALPAQ,0.8792463778451087
BAHGUN01,EDOSEY,0.8658857407039475
HAWZEM,UFUMUD02,0.9999988281479149
HAWZEM,BAHGUN03,0.99999513968459
HAWZEM,UFUMUD01,0.9999923633705174
HAWZEM,BAHGUN04,0.9999919452672944
HAWZEM,BAHGUN02,0.999925498980474
HAWZEM,QERZUI01,0.9999156979121352
HAWZEM,ECODIK,0.9998635906887494
HAWZEM,UFUNAK,0.9998443946597632
HAWZEM,UGEPEB01,0.999814751039892
HAWZEM,POFDIZ,0.9997509488381146
HAWZEM,UFUNIS,0.9997144830672338
HAWZEM,MURREW,0.9996542255473744
HAWZEM,UGEPEB,0.9995417933969584
HAWZEM,KAKTIA,0.999427665358614
HAWZEM,POFDEV,0.9993254099180716
HAWZEM,AHEMEG,0.9989602766685636
HAWZEM,VOJPUG01,0.998864888753324
HAWZEM,QIWQES,0.9932184856373668
NIWZIE02,NIWZIE08,0.9999993775494
NIWZIE02,NIWZIE09,0.9999993538039168
NIWZIE02,NIWZIE01,0.9999920983703254
NIWZIE02,NIWZIE17,0.9999798544715518
NIWZIE02,NIWZIE18,0.9999764686750544
NIWZIE02,MOPQIT,0.9999404959846632
NIWZIE02,XEHSOT,0.999915093992516
NIWZIE02,LICSEW03,0.9968290243273168
NIWZIE02,LICSEW04,0.9965629209079536
NIWZIE02,AMURUX,0.9956796008541547
NIWZIE02,AMURUX06,0.995670852709624
CIFMAH,NIGPEA,0.9999987076173102
CIFMAH,MIHJUL,0.99984004325637
CIFMAH,HELDOT,0.9997804751646272
CIFMAH,DIBQIQ,0.999575462209974
CIFMAH,AXINAX01,0.9989189298925558
CIFMAH,DIBQEM,0.9768708765111588
CIFMAH,DERBIO,0.9558256385123846
CIFMAH,HURGOR,0.9556635164062444
CIFMAH,MOXDOT,0.955255916390972
CIFMAH,FISQIK,0.9469340169659656
CIFMAH,FISQEG,0.9439771143866418
CIFMAH,XUDVAV,0.9362539644310264
CIFMAH,NOMPIQ01,0.9134771079493552
CIFMAH,NOMPIQ,0.913390273316624
CIFMAH,CIKPEU,0.9133432204377776
CIFMAH,BUKLOJ,0.9011701232090376
CIFMAH,ESEQUO,0.8875958165044419
CIFMAH,ERUNUC,0.8850003889826661
CIFMAH,JODGIU,0.8841233768316067
CIFMAH,DIDBEZ,0.8839712823996618
CIFMAH,DIDBID,0.8838810225016817
CIFMAH,CAXZOS,0.8831903365150693
CIFMAH,AGAFAS,0.8788742631070626
CIFMAH,TAHYUZ,0.875573014215421
CIFMAH,YATDOP,0.8715330044354145
CIFMAH,HAJYAV,0.8698074747712619
CIFMAH,XALMOO,0.8692131307492116
CIFMAH,FEVDER,0.8662201390551094
CIFMAH,WEMKEG,0.8631189182660302
CIFMAH,DIQHAO01,0.8622227469940578
EKEXOI,HURGEH,0.9999772272091572
HURGOR,DERBIO,0.9999903232513792
HURGOR,MOXDOT01,0.9999514944376648
HURGOR,AXINAX01,0.9564094290024404
HURGOR,AXINIF,0.955463640932788
HURGOR,BUKLOJ,0.9440235018100288
HURGOR,NIGNUO,0.941286666143382
HURGOR,ERUNUC,0.9225770595109652
HURGOR,JODGIU,0.922118855888711
HURGOR,DIDBEZ,0.9220170013595856
HURGOR,DIDBOJ,0.9219862043487268
HURGOR,DIDBID,0.9219353593850648
HURGOR,CAXZOS,0.921896740668352
HURGOR,NOMPIQ01,0.9023672417054204
HURGOR,CIKPEU,0.9022896840197524
HURGOR,WEMKEG,0.8997011446370989
HURGOR,TAHYUZ,0.8852486181221424
HURGOR,FEXCAO01,0.8851484693762922
HURGOR,CAQKAJ,0.8851287519239294
HURGOR,HAJYAV,0.8821448265260013
HURGOR,LUWZUZ02,0.8749718291161601
HURGOR,LUWZUZ,0.874951433246547
HURGOR,WUHMUJ,0.8650476479549175
HURGOR,VEFMAW,0.8649442184244249
LIDSIC,BAKJOO,0.9999897166898252
LIDSIC,BAKJEE,0.9999803484477618
LIDSIC,TIDNIF,0.9972640802865562
LIDSIC,FEVDER,0.9775739942799688
LIDSIC,JODGIU,0.90895028000965
LIDSIC,DIDBEZ,0.908838650893862
LIDSIC,DIDBID,0.9087550078142635
LIDSIC,CAXZOS,0.908597549963326
LIDSIC,XEVXUT,0.901935964450382
LIDSIC,FEYJOJ,0.900890800989496
LIDSIC,FISQIK,0.8962178477336763
LIDSIC,XUDVAV,0.8889387220221521
LIDSIC,YATDOP,0.8872014699049701
LIDSIC,XALMOO,0.8862713783715426
LIDSIC,DIQHAO01,0.8813056084853585
LIDSIC,CEYPUT01,0.8792061142923846
LIDSIC,VODNOS,0.8791546297286259
LIDSIC,VEDGES,0.8791492034996381
LIDSIC,VEDFIV,0.8790860314106007
LIDSIC,VEDGAO,0.8790386147112662
LIDSIC,VEDFER,0.879016777182245
LIDSIC,VEDFUH,0.8789854787368808
LIDSIC,YODRAM,0.8789480893693411
LIDSIC,AHETAK,0.8789335018324235
LIDSIC,ABAVUV,0.8789249268757212
LIDSIC,BOWDIC,0.8788955761186827
LIDSIC,BIPXIK,0.8788763082256038
LIDSIC,EXUXEC,0.8786901644254146
LIDSIC,ABAVIJ,0.8778287761329054
LIDSIC,TATSIS,0.8772783382418355
LIDSIC,ERUNIQ,0.8769747915524249
LIDSIC,LASMAV,0.876474949582105
LIDSIC,XAPSIS,0.8610273948688487
LIDSIC,CIPLIX,0.8607183361007473
CUFORM06,OCUQIO,0.999812613882762
DOTSOV07,DOTSOV02,0.9997942069473486
DOTSOV07,XAMDUM02,0.9997716188117708
DOTSOV07,DOTSOV12,0.9997439991911108
DOTSOV07,DOTSOV14,0.9997437331098334
DOTSOV07,DOTSOV16,0.9997409056694718
DOTSOV07,DOTSOV08,0.9997408988302732
DOTSOV07,DOTSOV15,0.9997405972669128
DOTSOV07,DOTSOV10,0.9997405964892244
DOTSOV07,DOTSOV11,0.9997403016503849
DOTSOV07,DOTSOV42,0.9997365190960612
DOTSOV07,XAMDUM04,0.9997158319146277
DOTSOV07,LUDLIH,0.9996732178404976
DOTSOV07,XAMDUM03,0.9996425805183048
DOTSOV07,DIHVIB01,0.9996139074917464
DOTSOV07,XAMDUM,0.9996101649710672
DOTSOV07,FIQCEN,0.9996069169958836
DOTSOV07,LUDLED,0.9996019428965076
DOTSOV07,XAMDUM06,0.9995988176428676
DOTSOV07,YOZMIL,0.9995960204104786
DOTSOV07,YOZNEI,0.9995837734404984
DOTSOV07,YOZNAE,0.9995444374050328
DOTSOV07,DIHVIB,0.999538282605738
DOTSOV07,QIZLIW,0.999077385781992
DOTSOV07,TISPAO,0.9990500930401476
DOTSOV07,GAVDUD,0.9975117595800732
DOTSOV07,NEHZOS,0.9975110388143535
DOTSOV07,OQIZUL,0.9970326261096712
DOTSOV07,KAJZIH,0.9963129926286234
DOTSOV07,QIZLOC,0.9956717391338308
DOTSOV07,BABREE,0.9324724852066444
DOTSOV07,ORAWAH,0.9310524208011732
DOTSOV07,MIKVEK,0.9309565517832692
DOTSOV07,ONIXOZ,0.92665432898884
DOTSOV07,EXOYAS,0.9197805540728186
DOTSOV07,IWEVAJ,0.919567890022494
DOTSOV07,HANWAW,0.9072352321731452
DOTSOV07,YUGLES,0.9071779401962052
DOTSOV07,YAGHUM,0.907009490238884
DOTSOV07,NUTQAV,0.9068620492249404
DOTSOV07,PIDRAY,0.9017714312963188
DOTSOV07,HUCBOX02,0.8971499364729904
DOTSOV07,MOFGOE,0.8962917941830518
DOTSOV07,IPUPIU,0.8863613783211971
DOTSOV07,IPUPOA,0.8857862837977251
DOTSOV07,ADONEP,0.8850435938959833
DOTSOV07,XEDMEB,0.8847973381784972
DOTSOV07,USEVOF,0.884491686290048
DOTSOV07,EXAXAE,0.8830659905215632
DOTSOV07,EXAXAE03,0.8828149851343556
DOTSOV07,EMUBIZ,0.8827828459780356
DOTSOV07,CEKHUY,0.8752145444349146
DOTSOV07,HIDTUM,0.8745722602925557
DOTSOV07,LAQNID,0.869042195096279
DOTSOV07,OKABAE,0.8678150521020622
DOTSOV07,KIRFOI,0.8669032955158198
YOZNAE,DIHVIB,0.9999999569909942
YOZNAE,YOZNEI,0.9999990016457988
YOZNAE,YOZMIL,0.9999978538254626
YOZNAE,YOZNIM,0.9999974107139518
YOZNAE,LUDLED,0.9999957148242276
YOZNAE,YOZPAG,0.9999953708477888
YOZNAE,FIQCEN,0.9999948723753672
YOZNAE,UXISUR,0.999994238085129
YOZNAE,DIHVIB01,0.9999941723100872
YOZNAE,RILFEA,0.999992798335651
YOZNAE,XAMDUM03,0.9999860586935854
YOZNAE,XAMDUM04,0.999977950659904
YOZNAE,DOTSOV42,0.9999132258166832
YOZNAE,DOTSOV13,0.9999066865951536
YOZNAE,DOTSOV11,0.9999066294656328
YOZNAE,DOTSOV15,0.999906087061221
YOZNAE,DOTSOV08,0.9999055253825228
YOZNAE,DOTSOV12,0.9999055045659296
YOZNAE,DOTSOV02,0.9987858194282884
YOZNAE,YOZNUY,0.9985864205852748
YOZNAE,GAVDUD,0.9960816140236272
YOZNAE,NEHZUY,0.9960136990988836
YOZNAE,KAJZIH,0.9945731974535896
YOZNAE,QIZLOC,0.9936307878416348
YOZNAE,OHOMIH,0.9934528159348496
YOZNAE,YOZMUX,0.9882178321352122
YOZNAE,DALSOA,0.9329621614380852
YOZNAE,ORAWAH,0.9323014097793008
YOZNAE,BABREE,0.9319593648714444
YOZNAE,MIKVEK,0.9295601478024031
YOZNAE,ONIXOZ,0.9243380298372093
YOZNAE,RAWYAS,0.9187288931256103
YOZNAE,IWEVAJ,0.918647737668081
YOZNAE,YUGLES,0.9080517246916996
YOZNAE,YAGHUM,0.9079660396035576
YOZNAE,NUTQAV,0.9078854938367876
YOZNAE,NUTQEZ,0.9077923935308624
YOZNAE,OFOCUI,0.9077433906957928
YOZNAE,EXOGAB,0.90756901059637
YOZNAE,PIDRAY,0.8994339372475422
YOZNAE,MOBDIR,0.8957098214564243
YOZNAE,IPUPIU,0.8871629308404317
YOZNAE,KANMIX,0.8850736781830191
YOZNAE,USEVOF,0.8850623351839673
YOZNAE,IPUPOA,0.8847251436206096
YOZNAE,ADONEP,0.8843718140418927
YOZNAE,EXAXAE03,0.8814730771986489
YOZNAE,EMUBIZ,0.8814370085068113
YOZNAE,ANUGOG,0.8778979824510272
YOZNAE,ANUGIA,0.87760690435155
YOZNAE,LAQNID,0.869036613299688
YOZNAE,OKABAE,0.8667754224210468
YOZNAE,KIRFOI,0.8655330518996737
YUKTUU04,YUKTUU02,0.9999999641813808
DADTOS14,DADTOS13,0.9999982133682546
DADTOS14,DADTOS02,0.9999954329835468
DADTOS14,DADTOS15,0.999994221628692
DADTOS14,REZJIR02,0.9999926867605924
DADTOS14,DADTOS04,0.9999926082665608
DADTOS14,YUKTUU01,0.9999921747549444
DADTOS14,YUKTUU,0.9999920223773237
DADTOS14,DADTOS08,0.9999918695561806
DADTOS14,DADTOS09,0.999991610306054
DADTOS14,DADTOS06,0.999990776741756
DADTOS14,DADTOS12,0.99999072717147
DADTOS14,YANWOC01,0.9999897142106604
DADTOS14,REZJIR,0.9999826381215792
DADTOS14,PADJOU01,0.9999745459669848
DADTOS14,DADTOS17,0.999960409018585
DADTOS14,LIJWOR02,0.9999528756442108
DADTOS14,LIJWOR,0.9999491262251616
DADTOS14,MNFORD03,0.9999318212255393
JUXZOT,GOQTIR,0.999854848552196
JUXZOT,RUXWEM03,0.8842596453256582
JUXZOT,XOGWUN,0.8841955632068618
JUXZOT,VAYFAE,0.8828626705911519
JUXZOT,IRELIC,0.8799873008919142
JUXZOT,YICRAF,0.8747568473519796
JUXZOT,DAPYAW,0.8734456079617074
JUXZOT,XEFGUN01,0.8678415220731812
DADTOS16,REZJIR03,0.999998867754037
DADTOS16,YUKTUU,0.9999982253075728
DADTOS16,LIJWOR03,0.99999559813411
DADTOS16,DADTOS17,0.999995425889245
DADTOS16,LIJWOR02,0.99999235316991
DADTOS16,PADJOU,0.9999776876754928
DADTOS16,YANWOC02,0.9999653360708948
DADTOS16,DADTOS02,0.9999604298722456
DADTOS16,DADTOS,0.999954346150142
DADTOS16,DADTOS04,0.9999527732287564
DADTOS16,DADTOS11,0.9999522675288348
DADTOS16,DADTOS08,0.999950932953472
DADTOS16,DADTOS09,0.999950299064156
DADTOS16,DADTOS06,0.9999482986080014
DADTOS16,DADTOS12,0.9999481813429438
DADTOS16,YANWOC01,0.9999458230733336
YUKTUU02,YUKTUU03,0.9999999857192208
XAMDUM03,BODPAN,0.9999992375889094
XAMDUM03,RILFEA,0.999998896767706
XAMDUM03,XAMDUM01,0.9999988645693942
XAMDUM03,DIHVIB01,0.9999982441700772
XAMDUM03,UXISUR,0.9999982217563016
XAMDUM03,YOZMEH,0.999998217744162
XAMDUM03,YOZNEI,0.999988306733936
XAMDUM03,XAMDUM02,0.999981743013018
XAMDUM03,DOTSOV42,0.9999688448189716
XAMDUM03,YOZPAG,0.9999653679492796
XAMDUM03,DOTSOV11,0.9999648436327588
XAMDUM03,DOTSOV10,0.999964510309036
XAMDUM03,DOTSOV14,0.9999644585244924
XAMDUM03,DOTSOV16,0.9999641585378274
XAMDUM03,DOTSOV12,0.9999641504140928
XAMDUM03,TISPAO,0.9997543475123518
XAMDUM03,QAWHIH01,0.99918237680779
XAMDUM03,DOTSOV02,0.9989193344853332
XAMDUM03,OQIZUL,0.9983070898406532
XAMDUM03,NEHZOS,0.9965535344983948
XAMDUM03,GAVDUD,0.9965334962304068
XAMDUM03,QIZLOC,0.9942087652503608
XAMDUM03,OHOMIH,0.9940394739759768
XAMDUM03,YOZNOS,0.9916840816220404
XAMDUM03,YOZMUX,0.9878842978467514
XAMDUM03,LASYOU,0.9464698962245316
XAMDUM03,ORAWAH,0.932088494970064
XAMDUM03,MIKVEK,0.9299830914764802
XAMDUM03,ONIXOZ,0.9250140110093956
XAMDUM03,EXOYAS,0.9197555333993598
XAMDUM03,IWEVAJ,0.9186972051693868
XAMDUM03,YUGLES,0.9079331203319204
XAMDUM03,YAGHUM,0.9078266945042278
XAMDUM03,EXOGAB,0.9077494395103232
XAMDUM03,NUTQAV,0.9077293908923711
XAMDUM03,OFOCUI,0.9076191383053412
XAMDUM03,NUTQEZ,0.9076191084043106
XAMDUM03,MOFGOE,0.8959590277052902
XAMDUM03,MOBDIR,0.8959562785977583
XAMDUM03,IPUPOA,0.8850891679538794
XAMDUM03,KANMIX,0.8850469675013911
XAMDUM03,USEVOF,0.8850197760320452
XAMDUM03,WANJIF,0.8848905789876733
XAMDUM03,XEDMEB,0.8847577362539207
XAMDUM03,EXAXAE03,0.8819060129888869
XAMDUM03,EMUBIZ,0.881872155018091
XAMDUM03,ANUGOG,0.8779449314505128
XAMDUM03,ANUGIA,0.8774518297014182
XAMDUM03,NEMCOA,0.874685845112062
XAMDUM03,CEKHUY,0.8741546836824535
XAMDUM03,HIDTUM,0.8734163205545018
XAMDUM03,LAQNID,0.8691378258785609
XAMDUM03,KIRFOI,0.8659743667803399
XAMDUM03,XICKOL,0.8606561260866635
LAWGOG,MIBQAR01,0.9999999053931596
LAWGOG,MIBQAR12,0.9999990550123544
LAWGOG,PEVQOY,0.9999860316363548
LAWGOG,IFABIA02,0.998906518532221
LAWGOG,IFABIA01,0.998888938104564
LAWGOG,VEGMOK04,0.9984235495068208
LAWGOG,GATBUZ,0.9984219765108384
LAWGOG,FIJCUX01,0.9960302270454956
LAWGOG,WUHNUK,0.908045166543272
LAWGOG,UYAPOA,0.9070456908352824
LAWGOG,BOLPAU,0.9067501188090096
LAWGOG,ODODIW,0.9065827223643708
LAWGOG,JENKET,0.9036493243807138
LAWGOG,JEDDII,0.8971897940443769
LAWGOG,SACHIP,0.8960800448820019
LAWGOG,GOSDUP,0.8953726502946365
LAWGOG,QEDZEG,0.8909643611696301
LAWGOG,EKEKEL,0.8872925526883663
LAWGOG,DITTEH,0.8853064853241219
LAWGOG,DARYIF,0.8842470670810565
LAWGOG,MIMRAB01,0.8842342051135593
LAWGOG,WORKUL,0.8842200315830063
LAWGOG,QAQSAD,0.8822299702561266
LAWGOG,NAWXER,0.8817280422794069
LAWGOG,IDIXAU,0.8778288652411161
LAWGOG,WUMDIT,0.8765823689983085
LAWGOG,XAFFER,0.8747607867058358
LAWGOG,IJEXIF01,0.8744440598772567
LAWGOG,NIWYID,0.8737720029155693
LAWGOG,ZARLIP,0.8737486516986435
LAWGOG,ULISOZ,0.8736229420548705
LAWGOG,REGREC,0.8730636087982764
LAWGOG,XAFFAN,0.8727189869419549
LAWGOG,MEWPIQ,0.8724729198195484
LAWGOG,FUTYOK,0.8717852733902444
LAWGOG,RUPVAB,0.8715276314498267
LAWGOG,NANYUX01,0.8706077851933949
LAWGOG,VEHKAW,0.8705225492112119
LAWGOG,NANYUX03,0.8704825082059516
LAWGOG,NENHEU,0.8684381397623022
LAWGOG,GADROU,0.8680615169543856
LAWGOG,SAVMAE,0.8642421233757378
LAWGOG,KAHMOW,0.8625286530484143
LAWGOG,XEGXIT,0.8625137741815879
LAWGOG,YICQOS,0.8611466761097077
LAWGOG,DUFLOH,0.8608943950724104
LAWGOG,EGIKUB01,0.8606713436581812
MNFORD03,LIJWOR02,0.9999977967532024
MNFORD03,LIJWOR03,0.9999957547502304
MNFORD03,PADJOU01,0.9999892070376314
MNFORD03,MNFORD02,0.9999863339694084
MNFORD03,REZJIR,0.9999830083660626
MNFORD03,REZJIR03,0.999974198666459
MNFORD03,DADTOS15,0.9999657149383688
MNFORD03,PADJOU,0.9999605450626712
MNFORD03,DADTOS13,0.999907976922122
MNFORD03,YANWOC02,0.999900189716327
MNFORD03,DADTOS,0.9998820818180318
MNFORD03,DADTOS04,0.9998795617682434
MNFORD03,DADTOS08,0.999876635206672
MNFORD03,DADTOS06,0.9998724789214382
MNFORD03,DADTOS18,0.999869023383518
MNFORD03,YANWOC01,0.9998686000375936
DIHVIB01,UXISUR,0.9999999882559738
DIHVIB01,XAMDUM,0.9999999880870992
DIHVIB01,YOZMEH,0.9999999880828117
DIHVIB01,FIQCEN,0.9999999666485772
DIHVIB01,RILFEA,0.999999914461384
DIHVIB01,XAMDUM06,0.9999997743097516
DIHVIB01,YOZNIM,0.9999993492728624
DIHVIB01,YOZMIL,0.9999989369937898
DIHVIB01,LUDLIH,0.9999974711469364
DIHVIB01,DIHVIB,0.9999931296608188
DIHVIB01,XAMDUM04,0.9999921585495446
DIHVIB01,XAMDUM02,0.9999783565949124
DIHVIB01,DOTSOV42,0.9999523305677582
DIHVIB01,DOTSOV15,0.9999470030808716
DIHVIB01,DOTSOV10,0.9999470028651116
DIHVIB01,DOTSOV14,0.9999469600267828
DIHVIB01,DOTSOV12,0.999946583705295
DIHVIB01,DOTSOV16,0.9999465732330248
DIHVIB01,TISPAO,0.9997940477831052
DIHVIB01,QAWHIH,0.9992191469752464
DIHVIB01,WULJUJ,0.998902344904477
DIHVIB01,DOTSOV02,0.9988807065417058
DIHVIB01,QIZLIW,0.9984880175491871
DIHVIB01,OQIZUL,0.9984139618578364
DIHVIB01,YOZNUY,0.9983995386566136
DIHVIB01,GAVDUD,0.9963767238553376
DIHVIB01,NEHZUY,0.9963112799541084
DIHVIB01,OHOMIH,0.9938350646251594
DIHVIB01,YOZNOS,0.9917981277994184
DIHVIB01,YOZMUX,0.9880241351424084
DIHVIB01,LASYOU,0.9465401114557056
DIHVIB01,DALSOA,0.9329906547630626
DIHVIB01,ORAWAH,0.9321670600012868
DIHVIB01,ONIXOZ,0.924777717484948
DIHVIB01,EXOYAS,0.91970577752613
DIHVIB01,IWEVAJ,0.918689890851092
DIHVIB01,YAGHUM,0.907879208339462
DIHVIB01,NUTQAV,0.9077878373300532
DIHVIB01,EXOGAB,0.9076889477414748
DIHVIB01,OFOCUI,0.907669516849739
DIHVIB01,HANWAW,0.906356568940524
DIHVIB01,HUCBOX02,0.897303573533885
DIHVIB01,MOFGOE,0.8958749919890125
DIHVIB01,IPUPIU,0.8871009969758534
DIHVIB01,WANJIF,0.8848743267718379
DIHVIB01,XEDMEB,0.8847087294496497
DIHVIB01,EXAXAE,0.8820816984091571
DIHVIB01,EXAXAE03,0.8817558779704016
DIHVIB01,EMUBIZ,0.881721205512808
DIHVIB01,ANUGOG,0.8779314840997252
DIHVIB01,NEMCOA,0.8745331943193678
DIHVIB01,CEKHUY,0.8739905967512613
DIHVIB01,HIDTUM,0.873237101096825
DIHVIB01,LAQNID,0.8691051639772864
DIHVIB01,KIRFOI,0.865821229202917
DIHVIB01,XICKOL,0.8605951927991053
GELVEZ02,WEYQAU16,0.8848375785276352
GELVEZ02,WEYQAU02,0.8842517421743282
GELVEZ02,WEYQAU06,0.8842149874339114
UFOFUT,UFAMEW,0.9968235117912164
UFOFUT,ULISOZ,0.9470036928007622
UFOFUT,NANYUX01,0.946989386491548
UFOFUT,VEHKAW,0.9469757119965072
UFOFUT,NANYUX03,0.9469671278339552
UFOFUT,NIWYID,0.946939448091388
UFOFUT,IJEXIF01,0.946428126805524
UFOFUT,RUPVAB,0.9350785302717872
UFOFUT,DOYHIK,0.8935611340076208
UFOFUT,NUFBOH,0.8924625248863212
UFOFUT,EZINAE,0.8872736716060206
UFOFUT,RUGXUO,0.8870880777194341
UFOFUT,NUFCAU,0.8854663813026783
UFOFUT,YOGKOW,0.8755682433992512
UFOFUT,QOPZIF,0.874763811341606
UFOFUT,MUWRUT,0.8688043907376949
UFOFUT,EXOXUL,0.8660295716975509
UFOFUT,FUDGIW,0.8651476623375578
UFOFUT,JOVYAW,0.8651134107523937
UFOFUT,JENKET,0.8648825407420048
UFOFUT,MOHLIF,0.8623160191189552
OJOQAF03,MIRNOR,0.999768992418026
OJOQAF03,LETVUB,0.9997288580546
IGUFOH,XAFFER,0.9776974011147572
IGUFOH,XAFFAN,0.975116832075328
IGUFOH,VIKBUP,0.9419003415491964
IGUFOH,IQOJAB,0.9222365269601528
IGUFOH,UYAPOA,0.8743367610355766
IGUFOH,JENKET,0.8617056564904839
IGUFOH,MIBQAR07,0.861264967804844
IGUFOH,HOLRAD,0.861080509201827
IGUFOH,MIBQAR12,0.861048782841639
DOTSOV31,DOTSOV40,0.9999999890146094
DOTSOV31,DOTSOV37,0.9999999947386612
DOTSOV03,DOTSOV43,0.9999999937452642
DOTSOV30,DOTSOV29,0.9999999983407376
DOTSOV30,DOTSOV24,0.9999999966801396
YAGHUM,NUTQAV,0.999994948217056
YAGHUM,NUTQEZ,0.9999792696487888
YAGHUM,SEMNIJ,0.9159307721382834
YAGHUM,LURRIA,0.9122817636709194
YAGHUM,QAWHIH01,0.9081832239084896
YAGHUM,QAWHIH,0.9081719551059042
YAGHUM,YOZPAG,0.9080336748091964
YAGHUM,DIHVIB,0.907972962425721
YAGHUM,YOZNEI,0.9079505919113312
YAGHUM,YOZMIL,0.907916328850331
YAGHUM,XAMDUM,0.9078799529825556
YAGHUM,YOZMEH,0.9078797098345264
YAGHUM,UXISUR,0.9078796524724084
YAGHUM,RILFEA,0.907868701758006
YAGHUM,LUDLIH,0.9078445374065376
YAGHUM,OQIZUL,0.9078227069790152
YAGHUM,YOZNUY,0.9078152165745964
YAGHUM,XAMDUM04,0.9078080485526304
YAGHUM,BODPAN,0.907795568850209
YAGHUM,XAMDUM02,0.9077714917108184
YAGHUM,DOTSOV10,0.907546735567036
YAGHUM,DOTSOV08,0.9075452035421406
YAGHUM,WULJUJ,0.9061182050118368
YAGHUM,DOTSOV02,0.9060950938597716
YAGHUM,GAVDUD,0.9019577092768584
YAGHUM,NEHZUY,0.9018718600446656
YAGHUM,KAJZIH,0.9000842761430814
YAGHUM,OHOMIH,0.8987263728793814
YAGHUM,YOZMUX,0.8976543918935161
YAGHUM,QIYDIN01,0.8857563905795454
YAGHUM,QIYDIN,0.8853965805767687
YAGHUM,QIYDAF01,0.8816904333931055
YAGHUM,LASYOU,0.8650901055380861
CEKHUY,NEMCOA,0.9999786061270938
CEKHUY,MIKVEK,0.9363851454914696
CEKHUY,ONIXOZ,0.9356573020867018
CEKHUY,ORAWAH,0.927981438128296
CEKHUY,RAWYAS,0.9225803881673228
CEKHUY,EXOYAS,0.9214955758352084
CEKHUY,IWEVAJ,0.918876459378809
CEKHUY,LASYOU,0.9147315741104992
CEKHUY,EXOGAB,0.884201031694319
CEKHUY,HIDTUM,0.8809182285049992
CEKHUY,NEHZUY,0.8779578613879192
CEKHUY,GAVDUD,0.8779559984160298
CEKHUY,KAJZIH,0.8778945012328896
CEKHUY,OHOMIH,0.8777224539207743
CEKHUY,ANUGOG,0.877666826537852
CEKHUY,WULJUJ,0.8751235644594662
CEKHUY,DOTSOV02,0.8751076840017618
CEKHUY,DOTSOV12,0.8748556648642433
CEKHUY,DOTSOV16,0.8748554646275553
CEKHUY,DOTSOV08,0.874855405898012
CEKHUY,DOTSOV14,0.8748527977643498
CEKHUY,DOTSOV10,0.874852190171668
CEKHUY,DOTSOV15,0.8748521886342294
CEKHUY,DOTSOV11,0.8748490709214441
CEKHUY,DOTSOV13,0.874848741999486
CEKHUY,DOTSOV42,0.8748102771776823
CEKHUY,XAMDUM02,0.8742564660796992
CEKHUY,BODPAN,0.8742458871481096
CEKHUY,XAMDUM04,0.8741930688950105
CEKHUY,YOZMEH,0.8739887559041529
CEKHUY,FIQCEN,0.8739718506621764
CEKHUY,LUDLED,0.8739473528039203
CEKHUY,XAMDUM06,0.8739320727644198
CEKHUY,YOZNIM,0.8738886911921162
CEKHUY,YOZMIL,0.873865105135501
CEKHUY,DIHVIB,0.873654777959974
CEKHUY,YOZPAG,0.873397084253597
CEKHUY,KIRFOI,0.8721739787383929
CEKHUY,QAWHIH01,0.8698363817413133
CEKHUY,OQIZUL,0.8674372253607829
CEKHUY,YOZNUY,0.8674003817033582
CEKHUY,LAYXER,0.8659428987560428
CEKHUY,LAYXAN,0.865814706322477
CEKHUY,HEHROE,0.8658064528236835
CEKHUY,IPUPOA,0.8657436039433184
CEKHUY,DEKBON,0.8652808660355175
AVAQIX,KEJBOQ,0.9998680008640553
AVAQIX,RIGHAR,0.9991721900173688
AVAQIX,WEBLAQ,0.9964658026048006
AVAQIX,ROCZEQ,0.991686642053647
AVAQIX,IGUTUB01,0.9233912188753676
AVAQIX,IGUTUB,0.9221781709407204
AVAQIX,IGUVIR,0.9217178158938704
AVAQIX,XEFGUN01,0.8842512261223584
AVAQIX,CIKCOQ,0.8787911545373984
AVAQIX,VAKLIF,0.8780936900215194
AXOCEW,XEGXIT,0.9947700404720156
AXOCEW,MIBQAR07,0.8691923546090691
AXOCEW,MIBQAR12,0.869191608132499
AXOCEW,IFABIA02,0.8687293666889978
AXOCEW,REDROI,0.8686284396018586
AXOCEW,VEGMOK04,0.8683881703427816
AXOCEW,GATBUZ,0.8683869914007084
AXOCEW,FIJCUX01,0.8664570898479848
DERBIO,MOXDOT01,0.9998987841444148
DERBIO,DIBQIQ,0.9564186453892032
DERBIO,AXINAX01,0.9563683060065558
DERBIO,AXINIF,0.9556466504374737
DERBIO,DIBQOW,0.9553337152591884
DERBIO,MIHJUL,0.9550419521613116
DERBIO,HELDOT,0.9548755291591474
DERBIO,DIBQEM,0.9400838120381312
DERBIO,FISQIK,0.9329517747606338
DERBIO,FISQEG,0.931514386102277
DERBIO,XUDVAV,0.9259799084315372
DERBIO,ERUNUC,0.9225689874291724
DERBIO,JODGIU,0.922077062732888
DERBIO,DIDBEZ,0.9219709298003428
DERBIO,CAXZOS,0.92177334474503
DERBIO,NOMPIQ,0.9020706760689036
DERBIO,WEMKEG,0.8995844736842411
DERBIO,CAQKAJ01,0.8853120312310594
DERBIO,CAQKAJ,0.8852082225419731
DERBIO,HALVEY,0.8850392215903037
DERBIO,HAJYAV,0.8817871502130781
DERBIO,CAQJOW,0.8817447583197103
DERBIO,LUWZUZ01,0.8748300589532955
DERBIO,LUWZUZ,0.8746010280282084
DERBIO,WUHMUJ,0.8650481897529282
DERBIO,VEFMAW,0.864846292559166
DERBIO,USAYOE,0.8623160713570849
FIXLAC,DUVNIS01,0.9999901171721484
FIXLAC,VEMTAJ01,0.999974824472768
FIXLAC,JOPGIG,0.9998620769216614
FIXLAC,DUVNIS,0.9999800971791344
MIMCOD,EBEXIU02,0.8017192182902684
DIGPER,EBEWIT,0.999999991880526
DIGPER,EBEXEQ01,0.9995295888588224
DIGPER,EBEXIU02,0.9999913064463848
QONLAI,QONKUB,0.9999999271087878
QONLAI,QONLIQ,0.9999906062968674
QONLAI,QOMSES,0.9999792979533644
QONLAI,CISLUN,0.9999648018740698
QONLAI,DEGJIK,0.9995241789429372
QONLAI,JAXNUU,0.9995066885906312
QONLAI,JAVNIE,0.9989894124704992
QONLAI,HOSPEL,0.9973933546305817
QOWRAV06,QOWRAV03,0.9999999756555225
QOWRAV06,QOWRAV04,0.9999999661769025
QOWRAV06,QOWRAV10,0.9999998078384787
QOWRAV06,QOWRAV,0.9999996400127592
QOWRAV06,BAZFUF01,0.9971101779083562
QOWRAV06,ICAREL,0.9909708966128832
QOWRAV06,KIJRUS,0.986347699176982
QOWRAV06,ANUGEW,0.9594693987170736
QOWRAV06,LAYXER,0.957321650574743
QOWRAV06,LAYWOA,0.9543846341303835
QOWRAV06,HEHROE,0.9527615407238303
QOWRAV06,DEKBON,0.9486707767372992
QOWRAV06,IPUPIU,0.9445892010484148
QOWRAV06,IPUPOA,0.9335419077353956
QOWRAV06,CEFNIN,0.9113970868789668
QOWRAV06,FISGOF,0.9011935412537088
QOWRAV06,LAQNID,0.8947509855918652
QOWRAV06,AZAVUU,0.8886273355094938
QOWRAV06,ORAWAH,0.8811403957123491
QOWRAV06,ENIHUG,0.8677959877519209
QOWRAV06,MIKVEK,0.8666124390588674
QOWRAV06,LASYOU,0.862947121089123
QOWRAV06,LURRIA,0.8607539482520012
LIJWOR03,PADJOU01,0.9999984878105594
LIJWOR03,REZJIR,0.999995739021832
LIJWOR03,VIRJEM,0.9999954671078024
LIJWOR03,MNFORD02,0.9999912292086012
LIJWOR03,YUKTUU,0.9999884482204672
LIJWOR03,REZJIR02,0.9999876351483856
LIJWOR03,DADTOS15,0.9999853721817248
LIJWOR03,DADTOS02,0.9999302779761828
LIJWOR03,DADTOS11,0.9999195852112868
LIJWOR03,DADTOS01,0.9999191952519656
LIJWOR03,DADTOS08,0.999917857998274
LIJWOR03,DADTOS09,0.9999170395825449
LIJWOR03,DADTOS06,0.9999144624963068
LIJWOR03,DADTOS12,0.999914311436636
LIJWOR03,YANWOC01,0.9999112754452362
BAZFUF01,AVAKEP02,0.8654979068970007
BAZFUF01,BAZFUF,0.999999950851676
BAZFUF01,ICAREL,0.9982796470497776
BAZFUF01,QOWRAV10,0.997156981684812
BAZFUF01,QOWRAV09,0.9971488502727364
BAZFUF01,QOWRAV11,0.997144173509199
BAZFUF01,QOWRAV08,0.9971346790902964
BAZFUF01,QOWRAV07,0.9971247832255016
BAZFUF01,QOWRAV05,0.9970960033882807
BAZFUF01,QOWRAV04,0.997090428735212
BAZFUF01,BAZGAM,0.9956818049607942
BAZFUF01,LIGQEA,0.995175047878594
BAZFUF01,KIJRUS,0.9948895610026623
BAZFUF01,NAFSOF,0.9914441436793724
BAZFUF01,ANUGEW,0.9696291874138208
BAZFUF01,LAYWOA,0.9665646749086694
BAZFUF01,ANUGOG,0.9623169153153968
BAZFUF01,EXOGAB,0.9148827504453748
BAZFUF01,CEFNIN,0.914257879492312
BAZFUF01,FISGOF,0.9073257706198168
BAZFUF01,LAQNID,0.901015418026494
BAZFUF01,AZAVUU,0.8970317660400787
BAZFUF01,ONIXOZ,0.8710968505803278
BAZFUF01,SEMNIJ,0.8697170067702835
BAZFUF01,LURRIA,0.8660913528113849
BAZFUF01,LASYOU,0.8650825393185967
BAZFUF01,EDOSEY,0.8608011437689691
BAZFUF01,NAPSUV,0.8606799011632034
CEFNIN,AZAVUU,0.9824341543535352
CEFNIN,BAZFUF,0.9142578740148144
CEFNIN,KIJRUS,0.9138093933690956
CEFNIN,ICAREL,0.9125489398376248
CEFNIN,QOWRAV10,0.9114433878577692
CEFNIN,QOWRAV09,0.9114353482559528
CEFNIN,QOWRAV11,0.9114307025144656
CEFNIN,QOWRAV12,0.9114275646551332
CEFNIN,QOWRAV07,0.9114115383599692
CEFNIN,QOWRAV03,0.911380517114574
CEFNIN,QOWRAV04,0.9113775578229512
CEFNIN,LIGQEA,0.9094886534069914
CEFNIN,ANUGEW,0.8882027943014408
CEFNIN,LAYXER,0.8869772855372323
CEFNIN,LAYWOA,0.8851722759203973
CEFNIN,HEHROE,0.8841358792766695
CEFNIN,ANUGIA,0.8833393653269827
MIBQAR06,MIBQAR07,0.9999998950521644
LIJWOR,LIJWOR02,0.9999994936497484
LIJWOR,DADTOS17,0.999997582595461
LIJWOR,PADJOU01,0.9999955312718402
LIJWOR,MNFORD02,0.9999954025163093
LIJWOR,VIRJEM,0.9999898953509284
LIJWOR,YUKTUU,0.9999808628472558
LIJWOR,YUKTUU01,0.9999806338560092
LIJWOR,REZJIR02,0.9999799050023074
LIJWOR,DADTOS15,0.9999769748309268
LIJWOR,DADTOS13,0.9999286459222776
LIJWOR,YANWOC02,0.9999218322627286
LIJWOR,DADTOS02,0.9999146603670632
LIJWOR,DADTOS,0.9999059313810512
LIJWOR,DADTOS04,0.9999036963324828
LIJWOR,DADTOS01,0.999902560116782
LIJWOR,YANWOC01,0.9998939229598494
MIKVEK,ONIXOZ,0.9987878149229656
MIKVEK,ORAWAH,0.992729991022132
MIKVEK,EXOGAB,0.940869297760161
MIKVEK,NEMCOA,0.9364193839574952
MIKVEK,HIDTUM,0.936268485349632
MIKVEK,ANUGOG,0.9338710400266592
MIKVEK,GAVDUD,0.9329897320551566
MIKVEK,NEHZUY,0.9329818867443358
MIKVEK,KAJZIH,0.9327745424265304
MIKVEK,QIZLIW,0.9326994060829658
MIKVEK,WULJUJ,0.9308573232484116
MIKVEK,DOTSOV02,0.9308423904539788
MIKVEK,DOTSOV12,0.9306041814878164
MIKVEK,DOTSOV16,0.9306035443432412
MIKVEK,DOTSOV08,0.9306034925146058
MIKVEK,DOTSOV14,0.9306016614553828
MIKVEK,DOTSOV10,0.9306006654731374
MIKVEK,DOTSOV15,0.9306006642597996
MIKVEK,DOTSOV13,0.9305976339800696
MIKVEK,XAMDUM02,0.9300905857704288
MIKVEK,BODPAN,0.9300663646648404
MIKVEK,XAMDUM04,0.9300273043915298
MIKVEK,LUDLIH,0.929936239073262
MIKVEK,XAMDUM01,0.9298660341857709
MIKVEK,UXISUR,0.929835132193005
MIKVEK,YOZMEH,0.9298349603639108
MIKVEK,XAMDUM,0.9298342557585616
MIKVEK,FIQCEN,0.9298198574789076
MIKVEK,XAMDUM06,0.9297842995047384
MIKVEK,YOZNIM,0.9297460170380888
MIKVEK,YOZMIL,0.9297260695900944
MIKVEK,YOZNEI,0.9296153818606188
MIKVEK,DIHVIB,0.9295358756400376
MIKVEK,TISPAO,0.9280246218155952
MIKVEK,QAWHIH,0.9259330407560328
MIKVEK,YOZNUY,0.9237761824743224
MIKVEK,LAYXER,0.9192471875281236
MIKVEK,ANUGEW,0.9192138655316552
MIKVEK,LAYXAN,0.9188951791837529
MIKVEK,HEHROE,0.9188822631949614
MIKVEK,YOZNOS,0.918109252583586
MIKVEK,IPUPIU,0.9143165078228624
MIKVEK,HANWAW,0.9122951345299932
MIKVEK,JALPAQ,0.8909505846686215
MIKVEK,IXAJUN,0.8909334597470095
MIKVEK,XICKOL,0.889891583956471
MIKVEK,NAFSOF,0.8826885254465866
MIKVEK,ICAREL,0.8818882317313956
MIKVEK,KIJRUS,0.8806427167285292
MIKVEK,NAPSUV,0.8788716212493444
MIKVEK,OKABAE,0.8730151088105367
MIKVEK,DALSOA,0.8723299026824213
MIKVEK,QOWRAV,0.8667631977913115
MIKVEK,QOWRAV09,0.8667034657796986
MIKVEK,QOWRAV11,0.8666924369835038
MIKVEK,QOWRAV05,0.8665791659328899
MIKVEK,QOWRAV03,0.8665731242552764
MIKVEK,SEMNIJ,0.8633875893657641
MIKVEK,RAWYAS,0.8633125801075262
MIKVEK,EXOYAS,0.8624274191749258
MIKVEK,LIGQEA,0.8624118689840501
MIKVEK,LURRIA,0.8623029380455962
MIKVEK,ENIHUG,0.8606926416337388
MIKVEK,IDUDES,0.8606630134352315
MIKVEK,IWEVAJ,0.8601465967434873
HEHROE,LAYWOA,0.9999668967166252
HEHROE,LAYXER,0.9997188751151046
HEHROE,ANUGEW,0.9993543637117304
HEHROE,ANUGOG,0.98309222164748
HEHROE,NAFSOF,0.9743396570496174
HEHROE,IPUPOA,0.9742607666822805
HEHROE,BAZGAM,0.973024829075201
HEHROE,KIJRUS,0.9705041890391708
HEHROE,QOWRAV,0.952933644575616
HEHROE,QOWRAV10,0.9528873474399652
HEHROE,QOWRAV11,0.9528528528828156
HEHROE,QOWRAV12,0.9528443566128862
HEHROE,QOWRAV08,0.952827315358416
HEHROE,QOWRAV07,0.9528007274371088
HEHROE,QOWRAV05,0.9527235714903552
HEHROE,QOWRAV04,0.9527086552060542
HEHROE,EXOGAB,0.9452966652191144
HEHROE,LAQNID,0.925156875062578
HEHROE,ONIXOZ,0.9190242779417276
HEHROE,ORAWAH,0.9083924763451864
HEHROE,LASYOU,0.8939568596486176
HEHROE,ENIHUG,0.8841049626093196
HEHROE,AZAVUU,0.8774254307498733
HEHROE,IXAJUN,0.8727828664326183
HEHROE,HIDTUM,0.8659177677803676
HEHROE,NEMCOA,0.8656766352526575
HEHROE,SEMNIJ,0.8655504504749421
HEHROE,LURRIA,0.8646715384031188
HEHROE,ASIVAB,0.8618754603189944
YOZPAG,YOZMIL,0.999987163650939
YOZPAG,YOZNIM,0.9999858859198556
YOZPAG,XAMDUM06,0.9999831860711808
YOZPAG,LUDLED,0.9999821797295868
YOZPAG,FIQCEN,0.999980501153202
YOZPAG,RILFEA,0.9999766238503658
YOZPAG,LUDLIH,0.9999689006963046
YOZPAG,XAMDUM04,0.9999561054422104
YOZPAG,BODPAN,0.9999559256902132
YOZPAG,XAMDUM02,0.9999367465105476
YOZPAG,DOTSOV42,0.9998685266096788
YOZPAG,DOTSOV13,0.9998605052342864
YOZPAG,DOTSOV15,0.9998597724519638
YOZPAG,DOTSOV10,0.9998597721084346
YOZPAG,DOTSOV14,0.99985968411301
YOZPAG,DOTSOV08,0.999859086320902
YOZPAG,DOTSOV16,0.9998590738007326
YOZPAG,DOTSOV12,0.999859072527398
YOZPAG,QAWHIH,0.999453206811525
YOZPAG,WULJUJ,0.9987213335436798
YOZPAG,DOTSOV02,0.9986993106854208
YOZPAG,QIZLIW,0.9981130202812232
YOZPAG,NEHZOS,0.9958308283396692
YOZPAG,GAVDUD,0.9958088621154308
YOZPAG,KAJZIH,0.9942534529586414
YOZPAG,QIZLOC,0.9932858664421232
YOZPAG,LASYOU,0.9467526433865232
YOZPAG,ONIXOZ,0.9239363459939864
YOZPAG,IWEVAJ,0.9186105183913468
YOZPAG,RAWYAS,0.918566123832952
YOZPAG,YUGLES,0.908107405891218
YOZPAG,NUTQEZ,0.9078795925981392
YOZPAG,OFOCUI,0.907804106290062
YOZPAG,EXOGAB,0.9074525563098416
YOZPAG,HANWAW,0.9059429168273048
YOZPAG,MOBDIR,0.8955552026094802
YOZPAG,USEVOF,0.8850741922978992
YOZPAG,XEDMEB,0.884512913843479
YOZPAG,IPUPOA,0.8845028882480013
YOZPAG,ADONEP,0.8842806006352419
YOZPAG,ANUGOG,0.8778582755394566
YOZPAG,ANUGIA,0.877683608597509
YOZPAG,HIDTUM,0.8725922199434757
YOZPAG,KIRFOI,0.865266319282826
UGECEO03,IGAHED02,0.9997451927070942
UGECEO03,IGAHED,0.999718030965444
UGECEO03,KUHNEI,0.9953305998328128
UGECEO03,XEVSIB,0.8640127146776986
UGECEO03,HABZEQ,0.8630978170764416
AMOMUM,XACLOF,0.9996087331422217
NIKYOW01,NIKYOW,0.9999998500006876
NIKYOW01,NIHBAI01,0.999999470852368
NIKYOW01,CAJHUS01,0.9999980337633616
NIKYOW01,NIKZAJ01,0.9999966082853928
NIKYOW01,NIHBEM01,0.999983082419436
NIKYOW01,NUDPAE01,0.9986717405188776
NIKYOW01,XACLOF,0.9968803948369612
NIKYOW01,NUDNUW09,0.9967263442642696
NIKYOW01,PESTAL,0.9966901598516223
NIKYOW01,NUDNUW01,0.9965853160729402
UYAPOA,JENKET,0.990550619709786
UYAPOA,HOLRAD,0.9070321697906988
UYAPOA,MIBQAR01,0.9070315475986916
UYAPOA,MIBQAR12,0.9069912277123456
UYAPOA,VUSKEA,0.9069590218676972
UYAPOA,IFABIA01,0.9047719352893364
UYAPOA,IFABIA02,0.9047477530187888
UYAPOA,REDROI,0.903960347362782
UYAPOA,VEGMOK04,0.9033143673300414
UYAPOA,GOSDUP,0.900635430569355
UYAPOA,FIJCUX01,0.8996748533437458
UYAPOA,WUMDIT,0.8811802107808926
UYAPOA,XAFFER,0.8782956552654462
UYAPOA,QOZSIJ,0.8777936155525384
UYAPOA,XAFFAN,0.8754130790710616
UYAPOA,OKELOH,0.8703461599433205
UYAPOA,UFAMEW,0.8641920418708842
KEJBOQ,RIGHAR,0.9996370316264492
KEJBOQ,WEBLAQ,0.9975674602349212
KEJBOQ,ROCZEQ,0.9934413283485372
KEJBOQ,ECIWIW,0.9230882793627752
KEJBOQ,IGUTUB,0.9227702220134576
KEJBOQ,IGUVIR,0.9224411039647528
KEJBOQ,GOYLUB,0.8850374776559546
KEJBOQ,XEFGUN01,0.8847139859451364
KEJBOQ,CIKCOQ,0.8791502856008001
KEJBOQ,LULGIJ,0.8600699531240736
GURXUN01,LODZOU,0.841313177667209
GURXUN01,PAQYAJ01,0.9143482629993008
GURXUN01,IGUTUB01,0.8843257341317772
GURXUN01,ECIWIW,0.8840017742736401
GURXUN01,HIBSUG02,0.8837839296210828
GURXUN01,HIBSUG01,0.8836938931154593
GURXUN01,RUXWEM03,0.8784039787879097
MEWPIQ,FIJCUX01,0.8778401165282692
MEWPIQ,GATBUZ,0.8767754173554634
MEWPIQ,VEGMOK04,0.8767740506411841
MEWPIQ,IFABIA02,0.8759819595953062
MEWPIQ,PEVQOY,0.8730100828838797
MEWPIQ,MIBQAR12,0.8726152623528985
MEWPIQ,MIBQAR07,0.8726082905611826
MITSIS,MITSUE,0.9999986380479108
MITSIS,MITSAK,0.9999984533259616
MITSIS,FUMJAA,0.999982126677248
MITSIS,PARKUQ01,0.999936883113369
MITSIS,PARKUQ,0.9999352616646408
MITSIS,YEYRAY,0.9997689700508146
MITSIS,LIQFEY,0.9076708227123116
MITSIS,MICJOA,0.907319998477655
MITSIS,GERWOR,0.9061677964917664
MITSIS,IJEYEC,0.8904160046269544
MITSIS,QEKLID,0.8866730430215427
MITSIS,VAKLIF,0.8749992011279952
MITSIS,NOLRIR,0.8731452241972075
MITSIS,VOTHOD,0.8725281378268103
MITSIS,YIKGEF,0.8721306804035651
MITSIS,GOYLUB,0.8700603207927562
MITSIS,FIPKOG01,0.8608956520436353
ODODIW,GATBUZ,0.908247103767281
ODODIW,REDROI,0.9082138830665388
ODODIW,IFABIA02,0.9080245164517676
ODODIW,FIJCUX01,0.90775312530536
ODODIW,PEVQOY,0.9068733553092309
ODODIW,VUSKEA,0.906709919721578
ODODIW,MIBQAR12,0.906660992272073
ODODIW,MIBQAR01,0.906607252606804
ODODIW,HOLRAD,0.9066016350805348
ODODIW,PIWLAL,0.8647577323322835
RUPVAB,IJEXIF01,0.9932118669232562
RUPVAB,NIWYID,0.991206321992468
RUPVAB,REGREC,0.9894601389553594
RUPVAB,NANYUX01,0.984455663921194
RUPVAB,VEHKAW,0.9842903050302984
RUPVAB,NANYUX03,0.9842151295100288
RUPVAB,UFAMEW,0.9442828022403776
RUPVAB,QUQFEO,0.9207862980329108
RUPVAB,EXOXUL,0.919939754279032
RUPVAB,MOHLIF,0.9049675705566506
RUPVAB,FUDGIW,0.8959770352431545
RUPVAB,JOVYAW,0.8947962428044629
RUPVAB,EGIKUB01,0.8918423872965457
RUPVAB,DUNXUH13,0.8854709908215689
RUPVAB,NUFCAU,0.8776859563419716
RUPVAB,DITTEH,0.8766308061221512
RUPVAB,NUFBOH,0.8735078437765061
RUPVAB,DOYHOQ,0.872030204876336
RUPVAB,MIBQAR01,0.8714920204205383
RUPVAB,MIBQAR07,0.8714169353743592
RUPVAB,MIBQAR12,0.8714125455304125
RUPVAB,VUSKEA,0.8713381396131521
RUPVAB,PEVQOY,0.8710749557752774
RUPVAB,APACAX,0.8680652068373417
RUPVAB,IFABIA02,0.8668003177814634
RUPVAB,REDROI,0.8661397884643371
RUPVAB,VEGMOK04,0.8653174124241682
RUPVAB,GATBUZ,0.8653135464400248
IXISOZ02,SIKYER,0.9995453338201848
QOWRAV09,QOWRAV11,0.999999998072716
QOWRAV09,QOWRAV07,0.9999999491333862
QOWRAV09,QOWRAV03,0.9999997317020464
QOWRAV09,LIGQEA,0.9997399587173714
QOWRAV09,BAZFUF,0.9971724092872186
QOWRAV09,ICAREL,0.9910389321199292
QOWRAV09,KIJRUS,0.9864236735682756
QOWRAV09,BAZGAM,0.986204404328587
QOWRAV09,ANUGEW,0.9595562330222152
QOWRAV09,LAYXER,0.9574143469425808
QOWRAV09,ANUGOG,0.9568806447668328
QOWRAV09,LAYWOA,0.9544847160612168
QOWRAV09,LAYXAN,0.9529608799660096
QOWRAV09,IPUPIU,0.9446311388733076
QOWRAV09,FISGOF,0.90125378528982
QOWRAV09,LAQNID,0.8948121061186817
QOWRAV09,ENIHUG,0.8678281998797179
QOWRAV09,LURRIA,0.8608086358980511
XAMDUM04,XAMDUM02,0.9999963609022072
XAMDUM04,XAMDUM,0.9999915957266496
XAMDUM04,YOZMIL,0.99998905526876
XAMDUM04,YOZNIM,0.9999889013837936
XAMDUM04,YOZNEI,0.9999847276791476
XAMDUM04,DOTSOV11,0.999962894033519
XAMDUM04,DOTSOV16,0.9999622450986756
XAMDUM04,QAWHIH,0.999119046484051
XAMDUM04,YOZNUY,0.9982605783429908
XAMDUM04,NEHZOS,0.9965845800903402
XAMDUM04,GAVDUD,0.9965672848923768
XAMDUM04,NEHZUY,0.996501132851656
XAMDUM04,KAJZIH,0.9951444007820562
XAMDUM04,QIZLOC,0.9942692033615432
XAMDUM04,YOZNOS,0.992041461414516
XAMDUM04,YOZMUX,0.9883125754199156
XAMDUM04,LASYOU,0.9464666210838772
XAMDUM04,DALSOA,0.93299875616694
XAMDUM04,ONIXOZ,0.92506404900939
XAMDUM04,EXOGAB,0.9077633159214732
XAMDUM04,NUTQAV,0.9077093353938276
XAMDUM04,PIDRAY,0.9001657346767684
XAMDUM04,MOBDIR,0.8959689493054019
XAMDUM04,IPUPIU,0.8870468881738975
XAMDUM04,IPUPOA,0.885113111896626
XAMDUM04,KANMIX,0.8850408061344442
XAMDUM04,WANJIF,0.8849460697092573
XAMDUM04,XEDMEB,0.8847627286700632
XAMDUM04,ADONEP,0.8845958905326757
XAMDUM04,EXAXAE,0.882252390179084
XAMDUM04,EMUBIZ,0.8819018921299154
XAMDUM04,ANUGIA,0.8774319897161094
XAMDUM04,HIDTUM,0.8734533619167903
XAMDUM04,LAQNID,0.869139456622767
XAMDUM04,OKABAE,0.8671575385858643
XAMDUM04,KIRFOI,0.8660045599534206
XAMDUM04,XICKOL,0.8606645293213646
ANUGIA,ANUGEW,0.9828604931814704
ANUGIA,LAYWOA,0.9796922530293388
ANUGIA,DEKBON,0.9758338569102922
ANUGIA,BAZFUF,0.9629038723154228
ANUGIA,ICAREL,0.960958255299268
ANUGIA,EXOGAB,0.960890613935003
ANUGIA,QOWRAV10,0.960347633148374
ANUGIA,QOWRAV11,0.9603354692995094
ANUGIA,QOWRAV12,0.9603324702887618
ANUGIA,QOWRAV08,0.9603264515392362
ANUGIA,QOWRAV07,0.9603170516468676
ANUGIA,QOWRAV04,0.9602844122659868
ANUGIA,LIGQEA,0.9584521459358516
ANUGIA,KIJRUS,0.9575011027445174
ANUGIA,LAQNID,0.9408019898029478
ANUGIA,ORAWAH,0.9363754931411166
ANUGIA,ONIXOZ,0.9239255068435924
ANUGIA,LASYOU,0.9225417781387424
ANUGIA,FISGOF,0.9188664213814026
ANUGIA,ENIHUG,0.9065227234603228
ANUGIA,NAPSUV,0.9006512023936577
ANUGIA,SEMNIJ,0.8850246358797598
ANUGIA,XICKOL,0.884737357522199
ANUGIA,LURRIA,0.8813192119656423
ANUGIA,QAWHIH,0.8779205437062734
ANUGIA,TISPAO,0.8779158598293024
ANUGIA,DIHVIB,0.8776147012339012
ANUGIA,YOZMIL,0.8775512467800001
ANUGIA,XAMDUM06,0.8775294231879434
ANUGIA,LUDLED,0.8775243658857516
ANUGIA,XAMDUM,0.8775107366407151
ANUGIA,XAMDUM01,0.8774988003057931
ANUGIA,DOTSOV13,0.8771485642246896
ANUGIA,DOTSOV11,0.8771483954283391
ANUGIA,DOTSOV14,0.8771465865685405
ANUGIA,DOTSOV08,0.8771451400339398
ANUGIA,DOTSOV16,0.8771451098606161
ANUGIA,WULJUJ,0.875678541700071
ANUGIA,DOTSOV02,0.8756553004051089
ANUGIA,NEMCOA,0.8745847859142986
ANUGIA,HIDTUM,0.8728624939496811
ANUGIA,NEHZOS,0.8713645417095338
ANUGIA,GAVDUD,0.8713370310542249
ANUGIA,NEHZUY,0.8712489135466577
ANUGIA,YOZNOS,0.8708866492583967
ANUGIA,KAJZIH,0.8694180112276708
ANUGIA,OHOMIH,0.8680305550441924
ANUGIA,YOZMUX,0.8674868893379145
ANUGIA,KIRFOI,0.8657962635951064
FISGOF,LURRIA,0.949699982976486
FISGOF,ANUGOG,0.9199242458958676
FISGOF,ICAREL,0.90812467735894
FISGOF,YUGLES,0.9074535434451192
FISGOF,ANUGEW,0.9073438430974894
FISGOF,BAZFUF,0.9073122670458306
FISGOF,BAZGAM,0.9068270006443264
FISGOF,KIJRUS,0.9054647530455768
FISGOF,LAYWOA,0.9054543986560664
FISGOF,LAYXAN,0.9047991756141656
FISGOF,NAFSOF,0.9043669357138506
FISGOF,QOWRAV,0.9012932670863636
FISGOF,QOWRAV12,0.9012415687845344
FISGOF,QOWRAV08,0.9012316920462634
FISGOF,QOWRAV05,0.901171497160727
FISGOF,LIGQEA,0.8983233743067981
FISGOF,QIYDIN,0.8778211387211038
FISGOF,LAQNID,0.8692729190360977
AXINAX01,DIBQIQ,0.9998491036784452
AXINAX01,NIGPEA,0.9988442774117086
AXINAX01,MIHJUL,0.9979291865339912
AXINAX01,HELDOT,0.9977274875774202
AXINAX01,DIBQEM,0.9856460165336324
AXINAX01,MOXDOT,0.9564333049444372
AXINAX01,MOXDOT01,0.95643198182443
AXINAX01,NOMPIQ,0.9166474076814316
AXINAX01,BUKLOJ,0.9056068670477356
AXINAX01,ESEQUO,0.8954685029916882
AXINAX01,ERUNUC,0.8857297147600416
AXINAX01,JODGIU,0.8853552412193019
AXINAX01,DIDBOJ,0.8852790937757865
AXINAX01,DIDBEZ,0.8852633537797256
AXINAX01,CAXZOS,0.8852627185739173
AXINAX01,AGAFAS,0.8820210922971292
AXINAX01,CAQKAJ01,0.8767143669995119
AXINAX01,FEXCAO01,0.8754153056758007
AXINAX01,CAQJOW,0.8742083715135452
AXINAX01,YATDOP,0.8719249480642619
AXINAX01,FEVDER,0.8683494517599114
AXINAX01,NIDFOX,0.864333813807459
AXINAX01,FEYJOJ,0.8632467841047815
LASYOU,ONIXOZ,0.9706235165724414
LASYOU,EXOGAB,0.9540027375345008
LASYOU,QAWHIH01,0.9471932803229786
LASYOU,QAWHIH,0.947190642269521
LASYOU,TISPAO,0.9470703199379842
LASYOU,OQIZUL,0.9469955412042242
LASYOU,YOZNEI,0.9466434659113948
LASYOU,YOZNIM,0.9465808593065684
LASYOU,XAMDUM06,0.9465627230319018
LASYOU,LUDLED,0.9465566222351044
LASYOU,FIQCEN,0.9465467596474252
LASYOU,XAMDUM,0.946540218571208
LASYOU,XAMDUM01,0.9465266594643832
LASYOU,RILFEA,0.9465252291363158
LASYOU,LUDLIH,0.9465059404955444
LASYOU,DOTSOV42,0.94613807887335
LASYOU,DOTSOV13,0.9461155535954706
LASYOU,DOTSOV15,0.9461135169323353
LASYOU,DOTSOV10,0.9461135157326588
LASYOU,DOTSOV12,0.9461124146191484
LASYOU,DOTSOV08,0.946111612753334
LASYOU,DOTSOV16,0.9461115783935355
LASYOU,WULJUJ,0.9447926595364476
LASYOU,QIZLIW,0.9430427035996614
LASYOU,YOZNOS,0.9409110850668512
LASYOU,NEHZOS,0.9398810513520705
LASYOU,GAVDUD,0.9398566846652464
LASYOU,ANUGOG,0.921575610879088
LASYOU,HANWAW,0.9212929190727344
LASYOU,LAQNID,0.9113516016961648
LASYOU,KIRFOI,0.9057418867368824
LASYOU,XICKOL,0.901336786931228
LASYOU,ANUGEW,0.8984071281335789
LASYOU,LAYXER,0.8970349640958373
LASYOU,IXAJUN,0.8963411914914654
LASYOU,LAYWOA,0.8950742169166614
LASYOU,NAPSUV,0.8948743908509413
LASYOU,DALSOA,0.8863633548774471
LASYOU,BABREE,0.884184927174378
LASYOU,OKABAE,0.8799721705350799
LASYOU,ENIHUG,0.8797567005909008
LASYOU,EXOYAS,0.873681624055973
LASYOU,IWEVAJ,0.8736630485924457
LASYOU,NUTQEZ,0.8651280333279422
LASYOU,NUTQAV,0.8651139711141169
LASYOU,BAZFUF,0.8650856103908393
LASYOU,YUGLES,0.8650465850315647
LASYOU,OFOCUI,0.8649164314511707
LASYOU,QOWRAV,0.8630027254646282
LASYOU,QOWRAV10,0.8629878162929469
LASYOU,QOWRAV08,0.8629684311910318
LASYOU,QOWRAV07,0.8629598258770909
LASYOU,QOWRAV05,0.8629347863989119
LASYOU,QOWRAV03,0.8629325445232463
LASYOU,ICAREL,0.8627801194295913
LASYOU,BAZGAM,0.8600358557781533
IPUPOA,IPUPIU,0.996115468047528
IPUPOA,ANUGOG,0.986136120367987
IPUPOA,ANUGEW,0.9749968287517532
IPUPOA,LAYXER,0.9748912310968492
IPUPOA,LAYWOA,0.9745403633060428
IPUPOA,LAYXAN,0.9742787626571968
IPUPOA,LAQNID,0.9516464078595688
IPUPOA,BAZGAM,0.9476221154335532
IPUPOA,ICAREL,0.9473406890805532
IPUPOA,NAFSOF,0.94732456637562
IPUPOA,KIJRUS,0.94558909763581
IPUPOA,BAZFUF,0.9434875187100704
IPUPOA,QOWRAV,0.9336837037689408
IPUPOA,QOWRAV10,0.9336455730646556
IPUPOA,QOWRAV08,0.93359611542588
IPUPOA,QOWRAV05,0.9335106066428518
IPUPOA,QOWRAV04,0.9334983081564304
IPUPOA,LIGQEA,0.9295743168132832
IPUPOA,ONIXOZ,0.9174468486286396
IPUPOA,ORAWAH,0.9132887170634716
IPUPOA,ENIHUG,0.9108508253823532
IPUPOA,NAPSUV,0.9078635348315496
IPUPOA,EDOSEY,0.9071483823404312
IPUPOA,IXAJUN,0.8961609223129691
IPUPOA,QIZLIW,0.8872089399173195
IPUPOA,GAVDUD,0.8871563227372523
IPUPOA,OHOMIH,0.8863786936306137
IPUPOA,DOTSOV16,0.8856151563421109
IPUPOA,DOTSOV08,0.8856151131294308
IPUPOA,DOTSOV14,0.8856130218705105
IPUPOA,DOTSOV10,0.8856127428798565
IPUPOA,DOTSOV11,0.8856104433235455
IPUPOA,DOTSOV13,0.8856102007610225
IPUPOA,DOTSOV42,0.8855818092441687
IPUPOA,DOTSOV02,0.8855084518269203
IPUPOA,BODPAN,0.8851577767869909
IPUPOA,XAMDUM02,0.8851553960526055
IPUPOA,LUDLIH,0.885040706424735
IPUPOA,XAMDUM01,0.8849883598283131
IPUPOA,YOZMEH,0.8849621961723567
IPUPOA,FIQCEN,0.8849492089523644
IPUPOA,XAMDUM06,0.8849186189807697
IPUPOA,TISPAO,0.883376013575556
IPUPOA,QAWHIH01,0.8815989766531794
IPUPOA,QAWHIH,0.8814978458067713
IPUPOA,YOZNUY,0.8795269262325793
IPUPOA,YOZNOS,0.8732603665715108
IPUPOA,HANWAW,0.8688662520662429
IPUPOA,YOZMUX,0.8686825851090438
IPUPOA,LURRIA,0.8677253704770882
IPUPOA,HIDTUM,0.8655421383606808
IPUPOA,SIXNOF,0.8646534221755531
IPUPOA,ASIVAB,0.8642443264119177
QAWHIH,QAWHIH01,0.9999995501392164
QAWHIH,OQIZUL,0.999858483323785
QAWHIH,YOZNUY,0.9998541575768316
QAWHIH,DIHVIB,0.999358592454497
QAWHIH,XAMDUM06,0.9992447947975948
QAWHIH,FIQCEN,0.9992273795348844
QAWHIH,XAMDUM,0.999220244837121
QAWHIH,YOZMEH,0.999219891409077
QAWHIH,UXISUR,0.9992198078726996
QAWHIH,XAMDUM01,0.9992046046139418
QAWHIH,RILFEA,0.999203920003384
QAWHIH,XAMDUM02,0.9990720087685008
QAWHIH,DOTSOV15,0.9987598763903018
QAWHIH,DOTSOV14,0.9987595976004336
QAWHIH,DOTSOV12,0.9987577825209768
QAWHIH,QIZLIW,0.995543775292558
QAWHIH,YOZNOS,0.9930759092069832
QAWHIH,NEHZUY,0.9921629466104134
QAWHIH,KAJZIH,0.9901964471282436
QAWHIH,ORAWAH,0.9330113907836652
QAWHIH,DALSOA,0.931947718190918
QAWHIH,BABREE,0.929655641104693
QAWHIH,ONIXOZ,0.9189970283505048
QAWHIH,EXOYAS,0.9178418794791728
QAWHIH,IWEVAJ,0.9175692680605042
QAWHIH,RAWYAS,0.916204412775846
QAWHIH,NUTQEZ,0.9082307772460172
QAWHIH,YUGLES,0.908115640287764
QAWHIH,OFOCUI,0.9078479783667756
QAWHIH,EXOGAB,0.905590835207053
QAWHIH,MOBDIR,0.8932819178303112
QAWHIH,IPUPIU,0.8871050804599067
QAWHIH,USEVOF,0.8846060071951547
QAWHIH,KANMIX,0.884509051978597
QAWHIH,WANJIF,0.8836639281783999
QAWHIH,XEDMEB,0.8828578979171016
QAWHIH,ADONEP,0.8826746434108871
QAWHIH,EXAXAE03,0.8777779223111595
QAWHIH,EMUBIZ,0.8777268419953581
QAWHIH,ANUGOG,0.8768301056857468
QAWHIH,NEMCOA,0.8705032837704797
QAWHIH,LAQNID,0.8675984080531843
QAWHIH,OKABAE,0.8635852094583994
NUDPAE07,NUDPAE11,0.9999893034797964
UFATEA,ROGLOP,0.9956518076864784
UFATEA,HOGSIG,0.9954610552909936
UFATEA,UFATEA01,0.9945294139777312
UFATEA,TEVVOI,0.923310088271459
UFATEA,CAXZUY,0.920695224371756
UFATEA,XOMCIN,0.8761494809293654
UFATEA,LIDSEY,0.8745959695068558
UFATEA,LIDSAU,0.8735265563043714
SEQSEO01,SEQSUE,0.9971471477708204
SEQSEO01,XUCHOS02,0.8878195981533478
SEQSEO01,XUCHOS01,0.887423689033658
SEQSEO01,SOQRUM,0.8848912600525402
SEQSEO01,TEVVOI,0.8697827390365864
CUFFEP,YAMXOC,0.99999998436748
CUFFEP,TIKXAN,0.9999996836644038
CUFFEP,CUFFIT,0.9999991437561968
CUFFEP,FEYDET,0.9999715696104924
CUFFEP,CUFDUD,0.9996674020983524
CUFFEP,IYUHIU,0.999539462049932
CUFFEP,XINTOG,0.9240510521129564
CUFFEP,MAYJOM,0.8749077623541662
CUFFEP,VACFOV,0.8748521537922022
CUFFEP,VACFOV01,0.8747976651716276
CUFFEP,VIFPUY02,0.8747445945980803
CUFFEP,VIFPUY03,0.8747404671423056
CUFFEP,LOQLEJ,0.8747401108893875
TISPAO,DIHVIB,0.9998623305439454
TISPAO,QAWHIH01,0.9998328380108976
TISPAO,YOZMIL,0.9998215759903144
TISPAO,YOZNIM,0.9998165456246604
TISPAO,LUDLED,0.9998037137825008
TISPAO,XAMDUM,0.9997945757047172
TISPAO,YOZMEH,0.9997943938139566
TISPAO,UXISUR,0.9997943511507786
TISPAO,XAMDUM01,0.999786538597886
TISPAO,BODPAN,0.9997305353619792
TISPAO,XAMDUM02,0.999709057020154
TISPAO,DOTSOV42,0.9995483102913824
TISPAO,DOTSOV15,0.9995322100150354
TISPAO,DOTSOV14,0.999532074725555
TISPAO,DOTSOV12,0.9995309587296988
TISPAO,YOZNUY,0.9993410622738782
TISPAO,WULJUJ,0.9982071688397216
TISPAO,NEHZOS,0.994477873544575
TISPAO,NEHZUY,0.9943719519251232
TISPAO,QIZLOC,0.991602016256948
TISPAO,OHOMIH,0.9913952860122984
TISPAO,YOZMUX,0.9891462759550989
TISPAO,ORAWAH,0.9327955694941826
TISPAO,DALSOA,0.9326500432395596
TISPAO,BABREE,0.9310432908717796
TISPAO,ONIXOZ,0.9219959998767232
TISPAO,EXOYAS,0.9189427345074908
TISPAO,IWEVAJ,0.918318679691314
TISPAO,RAWYAS,0.917709336275278
TISPAO,NUTQAV,0.9081977298042728
TISPAO,OFOCUI,0.9079608209508988
TISPAO,EXOGAB,0.90680595750338
TISPAO,HANWAW,0.9049193834807424
TISPAO,PIDRAY,0.8970746188266381
TISPAO,HUCBOX02,0.8968879316202013
TISPAO,MOFGOE,0.8947395902422018
TISPAO,USEVOF,0.8850112603401653
TISPAO,KANMIX,0.8849721939040686
TISPAO,WANJIF,0.8844508895919798
TISPAO,EXAXAE,0.8803124006619698
TISPAO,EXAXAE03,0.8799044319646516
TISPAO,ANUGOG,0.8775607658327772
TISPAO,NEMCOA,0.8726549082774764
TISPAO,HIDTUM,0.8710713702731314
TISPAO,LAQNID,0.8685260278935503
TISPAO,OKABAE,0.8654436963929888
DOTSOV41,DOTSOV40,0.99999982538514
TOFQEM,ROCZEQ,0.9999545320788426
AMURUX06,XEHSOT,0.9967945509142412
AMURUX06,MOPQIT,0.9966197137134212
AMURUX06,NAXVOY04,0.996446881289891
AMURUX06,NIWZIE01,0.9960312754093592
AMURUX06,NIWZIE17,0.9950630462715552
DADTOS12,DADTOS06,0.9999999999333496
DADTOS12,DIDVIW,0.9999999969734198
DADTOS12,DADTOS18,0.999999979300121
DADTOS12,DADTOS08,0.9999999624599653
DADTOS12,DADTOS01,0.9999999282085614
DADTOS12,DADTOS11,0.9999999160902542
DADTOS12,DADTOS02,0.9999991753891588
DADTOS12,YANWOC02,0.999998281302854
DADTOS12,DADTOS15,0.9999703093256642
DADTOS12,REZJIR02,0.9999669557843134
DADTOS12,VIRJEM,0.9999488051796817
DADTOS12,REZJIR,0.9999481723122682
DADTOS12,PADJOU01,0.9999348489790236
DADTOS12,LIJWOR02,0.999902013331142
DADTOS12,MNFORD02,0.999900839288102
XAVQIU,XAVQIU01,0.999971781984482
VEDFUH,BOWDOI,0.9999984466070176
VEDFUH,VEDFOB,0.999990120430426
VEDFUH,VEDFER,0.999977491791985
VEDFUH,VEDGIW,0.9999724213010054
VEDFUH,VODNOS,0.9999662589632454
VEDFUH,VEDGES,0.9999634164713448
VEDFUH,OJOBAS,0.9999163812274208
VEDFUH,CEYPUT01,0.9998652904128644
VEDFUH,KEJWAY,0.999767781470407
VEDFUH,ABAVIJ,0.9994177756622956
VEDFUH,TATSIS01,0.9993281338825843
VEDFUH,ERUNIQ,0.999059352254672
VEDFUH,LASMAV,0.9987316001330102
VEDFUH,YIGGEB,0.9973800696764948
VEDFUH,ERUNUC,0.9232457838832456
VEDFUH,CAXZOS,0.9230710225208588
VEDFUH,DIDBOJ,0.9229804416310332
VEDFUH,DIDBEZ,0.9228973449991278
VEDFUH,DIDBID,0.9228198326387884
VEDFUH,BUKLOJ,0.8831277563829378
VEDFUH,FEVDER,0.8792150382337525
VEDFUH,BAKJII,0.8781901498493105
VEDFUH,TIDNIF,0.8769510054780316
VEDFUH,XALMOO,0.8601324028022166
MIBQAR12,NIRZAQ,0.9999999526758202
MIBQAR12,VUSKEA,0.9999996100856914
MIBQAR12,MIBQAR01,0.9999995466412864
MIBQAR12,HOLRAD,0.9999994534092678
MIBQAR12,MIBQAR07,0.9999992688786008
MIBQAR12,PEVQOY,0.9999923502960744
MIBQAR12,REDROI,0.998812030652581
MIBQAR12,FIJCUX01,0.9961512962214416
MIBQAR12,PIWLAL,0.943666433179307
MIBQAR12,VIKBUP,0.9060994248167368
MIBQAR12,HUTZAX01,0.9059781807808828
MIBQAR12,JENKET,0.9037796193828928
MIBQAR12,JEDDII,0.8971892606849302
MIBQAR12,GOSDUP,0.8954538289108018
MIBQAR12,ACODIH,0.8948285662135188
MIBQAR12,QEDZEG,0.8911179061014135
MIBQAR12,DITTEH,0.8853921251048366
MIBQAR12,UKOLOV,0.8852542620139814
MIBQAR12,MIMRAB01,0.8842845714923323
MIBQAR12,QAQSAD,0.8823324427814208
MIBQAR12,NAWXER,0.8818705420037346
MIBQAR12,XAFFER,0.8748695336265357
MIBQAR12,ZARLIP,0.8738734136183568
MIBQAR12,XAFFAN,0.872858117203118
MIBQAR12,FUTYOK,0.8718941931736243
MIBQAR12,NOXMAQ,0.8709873913497251
MIBQAR12,NANYUX01,0.8707348937535581
MIBQAR12,VEHKAW,0.8706510597623456
MIBQAR12,NENHEU,0.8685842578305516
MIBQAR12,GADROU,0.8681192854096188
MIBQAR12,PEGCIP,0.8657492503799613
MIBQAR12,XEGXIT,0.8626716166480223
MIBQAR12,DUFLOH,0.8608760703598624
MIBQAR12,EGIKUB01,0.8606941527896592
REZJIR,VIRJEM,0.9999998028380302
REZJIR,PADJOU01,0.9999992199049608
REZJIR,YUKTUU,0.9999980948043844
REZJIR,YUKTUU01,0.999998022216002
REZJIR,DADTOS15,0.99999674457125
REZJIR,DADTOS17,0.9999951056480696
REZJIR,LIJWOR02,0.9999927106522428
REZJIR,MNFORD02,0.9999867676685004
REZJIR,PADJOU,0.999982167536506
REZJIR,DADTOS13,0.9999697961562072
REZJIR,YANWOC02,0.9999652754890984
REZJIR,DADTOS02,0.9999603916555913
REZJIR,DADTOS,0.999954325513118
REZJIR,DADTOS11,0.9999522509567612
REZJIR,DADTOS01,0.9999519506458624
REZJIR,DADTOS08,0.9999509195743428
REZJIR,DADTOS06,0.9999482897791334
REZJIR,DIDVIW,0.9999473791001684
EDOSEY,NAPSUV,0.999960715721879
EDOSEY,XICKOL,0.9881922992698872
EDOSEY,JALPAQ,0.9849845572584516
EDOSEY,ANUGOG,0.9005743999663041
EDOSEY,LAQNID,0.8910455349459389
EDOSEY,ANUGEW,0.8841093030904885
EDOSEY,LAYXER,0.8829652300867837
EDOSEY,ORAWAH,0.8824434376350412
EDOSEY,DEKBON,0.8777832139372164
EDOSEY,ONIXOZ,0.8721834884491384
EDOSEY,POFFEX,0.8710720552745919
EDOSEY,NELCEN,0.8709152960455325
EDOSEY,POFFAT,0.8704999771232875
EDOSEY,VOJPUG01,0.869654291221642
EDOSEY,KAKTIA,0.8685615208904411
EDOSEY,UFUNAK,0.8676331984510082
EDOSEY,EGOZAB,0.8662440747005637
EDOSEY,UFUMUD02,0.8660599180149614
EDOSEY,BAHGUN,0.8658534319536562
EDOSEY,BAHGUN02,0.8653536366829737
EDOSEY,QERZUI01,0.8646025991399962
EDOSEY,UFUMUD,0.8645678987079615
EDOSEY,NIHDEQ,0.8630842524197487
EDOSEY,UGEPEB,0.8627935046040963
EDOSEY,IXAKAU,0.8621622452633422
EDOSEY,BAZFUF,0.8607981950852273
WEMKEG,BUKLOJ,0.9456742249494262
WEMKEG,ESEQUO,0.936805242666459
WEMKEG,MOXDOT,0.8998850119917865
WEMKEG,XUBKOU,0.8748506875991411
WEMKEG,WUHMUJ,0.8647258770241195
WEMKEG,DIBQIQ,0.8645496789528563
WEMKEG,NIGPEA,0.8630173612687211
WEMKEG,AXINIF,0.8628024300740067
WEMKEG,MIHJUL,0.8618236892955777
WEMKEG,GEPBEK,0.8604393644680599
VEDFAN,VEDGAO,0.9999994518963132
VEDFAN,VEDFOB,0.9999960305017704
VEDFAN,BOWDUO,0.9999957631885446
VEDFAN,YODRAM,0.9999956691073296
VEDFAN,AHETAK,0.9999940194758244
VEDFAN,VEDFER,0.9999848996087471
VEDFAN,VEDGIW,0.9999810970059372
VEDFAN,VEDFIV,0.9999805531255253
VEDFAN,VODNOS,0.9999756163607828
VEDFAN,OJOBAS,0.9999324814710092
VEDFAN,CEYPUT,0.9999292258133462
VEDFAN,CEYPUT01,0.999890569316995
VEDFAN,ABAVIJ,0.9994079221951266
VEDFAN,TATSIS01,0.999295663642536
VEDFAN,TATSIS,0.999196826474329
VEDFAN,ERUNIQ,0.9990003990735428
VEDFAN,ABAVUV,0.9987283824296797
VEDFAN,ERUNUC,0.9232686493811016
VEDFAN,CAXZOS,0.9230758681220368
VEDFAN,DIDBEZ,0.922932168601068
VEDFAN,DIDBID,0.9228565273888454
VEDFAN,FEVDER,0.8791977158386419
VEDFAN,BAKJOO,0.8791132611564163
VEDFAN,BAKJEE,0.8788531289361304
VEDFAN,TIDNIF,0.8770069581422776
VEDFAN,ESEQUO,0.8736125352840695
VEDFAN,YATDOP,0.860019598779697
QEZZED,DAFHID,0.9978775415099196
QEZZED,XUJPIC,0.8967423339940499
QEZZED,XUJPEY,0.8965292162364354
QEZZED,NUNPAP,0.8962421287434894
QEZZED,XUJPOI,0.895982357712287
VEGMIE01,VEGMIE,0.9999705116851606
VEGMIE01,VAKRIK,0.9999844710630568
PARFOF,XAVDIJ,0.8850568105262381
PARFOF,XAVDEF,0.8850429924518927
PARFOF,IDIWOH05,0.8850427665448093
PARFOF,IDIWOH06,0.885042021169017
PARFOF,IDIWOH04,0.8850397209855809
PARFOF,ALOVEC,0.8818557622139486
IDIWOH04,IDIWOH06,0.999999963339347
IDIWOH04,IXODUV,0.9999999467260948
IDIWOH04,XAVDEF,0.9999999247010748
IDIWOH04,IXOFUX,0.9999997809455292
IDIWOH04,IXOFUX01,0.9999997595876886
IDIWOH04,XAVDIJ,0.99999739755528
IDIWOH04,ATOTIM,0.999933855324452
IDIWOH04,ALOVEC,0.9960521531599096
ICAREL,UMUBEL,0.8440587818728841
ICAREL,BAZGAM,0.9991808262337476
ICAREL,BAZFUF,0.9982612394278952
ICAREL,KIJRUS,0.9976119678893508
ICAREL,NAFSOF,0.9973767211190412
ICAREL,QOWRAV,0.991083539247024
ICAREL,QOWRAV10,0.9910532635156064
ICAREL,QOWRAV11,0.991030693579524
ICAREL,QOWRAV08,0.9910139774501382
ICAREL,QOWRAV05,0.9909460102320736
ICAREL,QOWRAV04,0.990936230091157
ICAREL,ANUGEW,0.9735991975137086
ICAREL,LAYXAN,0.971607553106136
ICAREL,DEKBON,0.9699568337484852
ICAREL,ANUGOG,0.9626162645449106
ICAREL,EXOGAB,0.916664740860727
ICAREL,ONIXOZ,0.8783910997505835
ICAREL,SEMNIJ,0.8687521685845742
ICAREL,SIXNOF,0.860833530974962
ICAREL,SIXNIZ,0.8608329276633754
OQIZUL,QAWHIH01,0.9998420792610776
OQIZUL,DIHVIB,0.9986154219660268
OQIZUL,LUDLED,0.9984410131524138
OQIZUL,XAMDUM,0.9984154821442784
OQIZUL,YOZMEH,0.9984149784100748
OQIZUL,UXISUR,0.9984148596592562
OQIZUL,XAMDUM01,0.9983932757717462
OQIZUL,RILFEA,0.9983922656473851
OQIZUL,LUDLIH,0.9983453244259448
OQIZUL,BODPAN,0.9982456220773008
OQIZUL,DOTSOV13,0.9977853727859848
OQIZUL,DOTSOV10,0.9977824606003592
OQIZUL,DOTSOV14,0.9977821291213008
OQIZUL,DOTSOV08,0.9977797416161666
OQIZUL,DOTSOV16,0.9977796920170836
OQIZUL,WULJUJ,0.9959554901479124
OQIZUL,DOTSOV02,0.9959309870187412
OQIZUL,QIZLIW,0.9938240325856096
OQIZUL,YOZMUX,0.9901342423052992
OQIZUL,GAVDUD,0.9900443048290491
OQIZUL,KAJZIH,0.9877284519817718
OQIZUL,OHOMIH,0.9860832341494048
OQIZUL,ORAWAH,0.9328969741355784
OQIZUL,IWEVAJ,0.9166391607541614
OQIZUL,ONIXOZ,0.9160871023691732
OQIZUL,NUTQEZ,0.9079897843277536
OQIZUL,EXOGAB,0.9042285820043224
OQIZUL,HANWAW,0.9013641091307464
OQIZUL,HUCBOX02,0.8951361160048447
OQIZUL,PIDRAY,0.8911294527446627
OQIZUL,IPUPIU,0.8866331093073627
OQIZUL,KANMIX,0.883801752049106
OQIZUL,WANJIF,0.8826823647528861
OQIZUL,XEDMEB,0.8815995684108715
OQIZUL,ADONEP,0.8814486485113548
OQIZUL,EXAXAE,0.8761754279144358
OQIZUL,ANUGOG,0.8758890092745092
OQIZUL,LAQNID,0.8664856641044699
OQIZUL,HIDTUM,0.8662392428757352
OQIZUL,OKABAE,0.8616629943333426
TIKXAN,CUFDOX,0.9999999959821976
TIKXAN,CUFFUF,0.9999999008862086
TIKXAN,CUFFOZ,0.9999997482679706
TIKXAN,YAMXOC,0.999999701178699
TIKXAN,FEYDET,0.999976606077286
TIKXAN,IYUHIU,0.9995632747865664
TIKXAN,PEYVEV,0.988634501221148
TIKXAN,XINTOG,0.9241562757253752
TIKXAN,VACFOV,0.8748381621459738
TIKXAN,VIFPUY05,0.8747250685513879
TIKXAN,VIFPUY,0.8747225968803375
TIKXAN,VIFPUY03,0.8747220344591256
TIKXAN,LOQLEJ,0.8747216695002514
FEYDET,IMUVAO,0.9982698407816942
FEYDET,CUFDOX,0.999976071908881
FEYDET,YAMXOC,0.9999724189240976
FEYDET,CUFDUD,0.99981337532383
FEYDET,MAYJOM,0.8747881748684959
FEYDET,VACFOV01,0.874633971555212
FEYDET,LOQLEJ,0.874560004304936
FEYDET,VIFPUY03,0.8745592818901988
MUSMAQ,NETYOD,0.8796908993707531
CAQKAJ,CAQKAJ01,0.999959285209622
CAQKAJ,HALVEY,0.9991818767711584
CAQKAJ,CAQJOW,0.9949239162344136
CAQKAJ,TAHYUZ,0.9540087287833554
CAQKAJ,MOXDOT,0.8848960289864195
CAQKAJ,NIGPEA,0.8766799211220304
CAQKAJ,BUKLOJ,0.8642527464635623
TIVYAZ,CIFMIP,0.9999999437999576
KAJZIH,QIZLOC,0.9999469250764366
KAJZIH,OHOMIH,0.9999453984376
KAJZIH,DOTSOV02,0.9962521765569798
KAJZIH,DOTSOV16,0.9959049622397832
KAJZIH,DOTSOV08,0.99590489501194
KAJZIH,DOTSOV10,0.9959012073823303
KAJZIH,DOTSOV15,0.9959012055344654
KAJZIH,DOTSOV13,0.9958972533953584
KAJZIH,XAMDUM02,0.99521288608627
KAJZIH,BODPAN,0.9952087561442484
KAJZIH,RILFEA,0.9949593810066892
KAJZIH,XAMDUM01,0.9949575743648827
KAJZIH,UXISUR,0.9949192935544704
KAJZIH,YOZMEH,0.9949190816837478
KAJZIH,XAMDUM,0.9949181828639296
KAJZIH,YOZNIM,0.9948058345072236
KAJZIH,DIHVIB,0.9945427687602548
KAJZIH,YOZNUY,0.9876888493254689
KAJZIH,ONIXOZ,0.932628299376572
KAJZIH,BABREE,0.9313061316525224
KAJZIH,IWEVAJ,0.9144622209052384
KAJZIH,PIDRAY,0.9078337887770792
KAJZIH,HANWAW,0.9074081943557114
KAJZIH,YUGLES,0.9005751882092632
KAJZIH,NUTQAV,0.8996765545741493
KAJZIH,EMUBIZ,0.8848976211068096
KAJZIH,EXAXAE03,0.8848894211494422
KAJZIH,IPUPIU,0.8800342114599669
KAJZIH,KANMIX,0.8793958083910984
KAJZIH,NEMCOA,0.8778020569632483
KAJZIH,ANUGOG,0.8736673898967869
KAJZIH,KIRFOI,0.8691168079707436
KAJZIH,OKABAE,0.8687097276450951
KAJZIH,IXAJUN,0.8610444361080452
KAJZIH,OGEBAF,0.860640883365144
LUDLIH,XAMDUM01,0.9999978012468562
LUDLIH,RILFEA,0.99999754447581
LUDLIH,BODPAN,0.9999975198488288
LUDLIH,UXISUR,0.9999971482295064
LUDLIH,YOZMEH,0.9999971438546972
LUDLIH,FIQCEN,0.999996900390585
LUDLIH,LUDLED,0.9999964818648964
LUDLIH,YOZMIL,0.9999954837098924
LUDLIH,XAMDUM02,0.9999906043847288
LUDLIH,DIHVIB,0.9999859719760752
LUDLIH,DOTSOV13,0.999956706300112
LUDLIH,DOTSOV11,0.999956668234066
LUDLIH,DOTSOV14,0.999956547434524
LUDLIH,DOTSOV15,0.9999563075103776
LUDLIH,DOTSOV10,0.9999563072357298
LUDLIH,DOTSOV12,0.9999562135333864
LUDLIH,DOTSOV08,0.9999559332231308
LUDLIH,QAWHIH01,0.9992078795999776
LUDLIH,WULJUJ,0.99900508231959
LUDLIH,DOTSOV02,0.9989844713565846
LUDLIH,YOZNUY,0.9983304944698
LUDLIH,NEHZOS,0.9964935142922328
LUDLIH,NEHZUY,0.9964089018759568
LUDLIH,YOZNOS,0.991956411467794
LUDLIH,YOZMUX,0.988211878945848
LUDLIH,DALSOA,0.9329962597776302
LUDLIH,ORAWAH,0.9321161479853888
LUDLIH,ONIXOZ,0.9249242042881164
LUDLIH,EXOYAS,0.9197331265204116
LUDLIH,RAWYAS,0.9189544455068076
LUDLIH,IWEVAJ,0.9187970653024956
LUDLIH,EXOGAB,0.907728531625329
LUDLIH,NUTQEZ,0.9076414550989864
LUDLIH,HUCBOX02,0.8973175888871133
LUDLIH,MOFGOE,0.8959252951642159
LUDLIH,MOBDIR,0.8959225016536706
LUDLIH,IPUPIU,0.887074985773082
LUDLIH,KANMIX,0.8850517989521827
LUDLIH,USEVOF,0.8850247807011137
LUDLIH,XEDMEB,0.8847374603612366
LUDLIH,ADONEP,0.8845413011428499
LUDLIH,EXAXAE,0.8821696399429084
LUDLIH,ANUGOG,0.8779381935357337
LUDLIH,NEMCOA,0.8746271408711195
LUDLIH,OKABAE,0.867086288277446
LUDLIH,KIRFOI,0.8659155341911442
LUDLIH,XICKOL,0.8606317463542024
QERZUI,BAHGUN04,0.9999988230808278
QERZUI,UFUMUD02,0.9999949093979535
QERZUI,BAHGUN02,0.9999494572384184
QERZUI,QERZUI01,0.999945987362389
QERZUI,UGEPEB01,0.9998632686236042
QERZUI,UFUMUD,0.99982027010975
QERZUI,NIHDEQ,0.999738495527204
QERZUI,POFDIZ,0.9997293688557692
QERZUI,UGEPEB,0.9996203120368768
QERZUI,MURREW,0.9995991400570436
QERZUI,KAKTIA01,0.9993691157810106
QERZUI,AHEMEG,0.9988489424785691
QERZUI,POFFAT,0.9978467157028266
QERZUI,NELCEN,0.996974358029619
QERZUI,POFFEX,0.996463676675954
QERZUI,JALPAQ,0.8792301187959178
QERZUI,NAPSUV,0.8666221832884475
ANUGOG,IPUPIU,0.987558448568548
ANUGOG,LAYXER,0.9851415769370372
ANUGOG,LAYXAN,0.9831383314845568
ANUGOG,BAZGAM,0.9610583538133936
ANUGOG,KIJRUS,0.9598063095461188
ANUGOG,NAFSOF,0.9582454266126724
ANUGOG,QOWRAV,0.9569173334154478
ANUGOG,QOWRAV10,0.9568924343720902
ANUGOG,QOWRAV12,0.9568692908794518
ANUGOG,QOWRAV08,0.9568601109319526
ANUGOG,QOWRAV05,0.9568041518631408
ANUGOG,QOWRAV03,0.9568004287301034
ANUGOG,LIGQEA,0.9541383772856838
ANUGOG,LAQNID,0.9419271551723076
ANUGOG,ENIHUG,0.905449704910244
ANUGOG,XICKOL,0.8864403293129984
ANUGOG,SEMNIJ,0.8849321637965564
ANUGOG,JALPAQ,0.8843394275355392
ANUGOG,IXAJUN,0.8837433737086375
ANUGOG,LURRIA,0.8819955036721253
ANUGOG,DOTSOV42,0.8779631244168932
ANUGOG,DOTSOV13,0.8779622052480925
ANUGOG,DOTSOV11,0.8779621963353096
ANUGOG,DOTSOV15,0.877962110972289
ANUGOG,DOTSOV10,0.8779621109289174
ANUGOG,DOTSOV14,0.8779620863397516
ANUGOG,DOTSOV08,0.8779620211885113
ANUGOG,DOTSOV16,0.8779620195348923
ANUGOG,BODPAN,0.8779506892828624
ANUGOG,RILFEA,0.8779345444239959
ANUGOG,XAMDUM01,0.8779343973198971
ANUGOG,YOZMEH,0.877931348577933
ANUGOG,FIQCEN,0.8779297825886402
ANUGOG,LUDLED,0.8779274553865108
ANUGOG,YOZNIM,0.8779215677277427
ANUGOG,YOZMIL,0.8779189301259004
ANUGOG,YOZNEI,0.8779040025596463
ANUGOG,DIHVIB,0.8778945578329971
ANUGOG,HIDTUM,0.8769785528171823
ANUGOG,QAWHIH01,0.8768747863452897
ANUGOG,YOZNUY,0.8758725323519096
ANUGOG,NEHZOS,0.8750159650759175
ANUGOG,NEHZUY,0.8749382236070544
ANUGOG,OHOMIH,0.8726632326277702
ANUGOG,KIRFOI,0.8693804975321774
ANUGOG,YOZNOS,0.8692884595035724
DOTSOV38,DOTSOV27,0.9999999933255068
DOTSOV38,DOTSOV25,0.9999999992050496
WUMDIT,ACODIH,0.975395002978058
WUMDIT,JEDDII,0.974086242159598
WUMDIT,PIWLAL,0.922029029031406
WUMDIT,REDROI,0.8779587958941831
WUMDIT,GATBUZ,0.8779576022979282
WUMDIT,IFABIA02,0.8778120319106857
WUMDIT,FIJCUX01,0.877293681158819
WUMDIT,PEVQOY,0.876845979704216
WUMDIT,HOLRAD,0.876599573100815
WUMDIT,DITTEH,0.8659067251680501
LIGQEA,QOWRAV04,0.9997572611484524
LIGQEA,QOWRAV03,0.9997563917300774
LIGQEA,QOWRAV07,0.9997471798578136
LIGQEA,QOWRAV12,0.9997423237988634
LIGQEA,QOWRAV10,0.9997374890455656
LIGQEA,BAZGAM,0.9822764126124196
LIGQEA,NAFSOF,0.9741062186509976
LIGQEA,ANUGEW,0.9554493915649576
LIGQEA,LAYXER,0.9530486061898203
LIGQEA,LAYWOA,0.9497929790244516
LIGQEA,LAYXAN,0.948110377668004
LIGQEA,LAQNID,0.8918428644327955
LIGQEA,AZAVUU,0.8851120567700392
LIGQEA,ORAWAH,0.879531194044784
ZARLIP,JOVYAW,0.8857020014968111
ZARLIP,FIJCUX01,0.8779607424412728
ZARLIP,GATBUZ,0.8773258774547392
ZARLIP,VEGMOK04,0.8773248752071027
ZARLIP,REDROI,0.8770826574064137
ZARLIP,IFABIA02,0.8766890393277538
ZARLIP,PEVQOY,0.8742181570403036
ZARLIP,VUSKEA,0.8739520261050157
ZARLIP,MIBQAR07,0.8738671179271864
ZARLIP,MIBQAR01,0.8737876536545978
FISQIK,XUDVAV,0.994206683415473
FISQIK,DIBQIQ,0.9478479790081352
FISQIK,NIGPEA,0.9468603032921784
FISQIK,AXINIF,0.9467023342498928
FISQIK,MIHJUL,0.9459542691865273
FISQIK,HELDOT,0.9457542755408356
FISQIK,NIGNUO,0.9339604286332938
FISQIK,DIBQEM,0.93354186252562
FISQIK,MOXDOT,0.9330092356995988
FISQIK,MOXDOT01,0.9330075982925043
FISQIK,FEYJOJ,0.9310766053540354
FISQIK,VASYEW,0.9199380377057188
FISQIK,AGAFAS,0.9182426190883342
FISQIK,BAKJOO,0.8962705301600107
FISQIK,BAKJII,0.8956625446973137
FISQIK,XAPSIS,0.8868475310489792
FISQIK,CIPLIX,0.8863507270466787
FISQIK,BUKLOJ,0.8846162568090894
FISQIK,FEXCAO01,0.8783888605133138
FISQIK,ESEQUO,0.8744246265769564
FISQIK,FEVDER,0.8727335990067162
FISQIK,NOMPIQ01,0.8719147253825864
FISQIK,CIKPEU,0.8718467382341525
FISQIK,ERUNUC,0.8659379371798939
FISQIK,JODGIU,0.8655516474678826
FISQIK,DIDBOJ,0.8654709960712411
FISQIK,DIDBEZ,0.8654584375907409
FISQIK,CAXZOS,0.8654500586207514
DOTSOV36,DOTSOV28,0.9999999986972632
WIZMAV10,WIZMAV07,0.9999999999186856
WIZMAV10,WIZMAV09,0.9999999984511716
WIZMAV10,WIZMAV,0.9999999973818254
WIZMAV10,WIZMAV08,0.999999983365989
WIZMAV10,WIZMAV05,0.99999993441672
WIZMAV10,WIZMAV12,0.9999999009137914
WIZMAV10,ERARUM,0.9999990492138184
WIZMAV10,HERHEU,0.9545163008295114
WIZMAV10,BUNLAZ,0.9494063719296808
WIZMAV10,BUNKUS,0.9487732563787868
WIZMAV10,RUBTAK05,0.9469457628054224
WIZMAV10,UFOSEQ,0.9469435347335023
WIZMAV10,SURLEY,0.9469428154794928
WIZMAV10,OFOJAX,0.9310244755069794
WIZMAV10,DITJOH,0.9225389326457988
WIZMAV10,ESEBOV,0.8931832950799333
WIZMAV10,UNEJEE,0.8928943033201665
WIZMAV10,WUPTUY01,0.8634627821425487
WIZMAV10,OXOLAP,0.8632050157866811
HERHEU,EMIYUW,0.9999804570547576
HERHEU,GAYXEM,0.9998670429726324
HERHEU,GERBEN,0.9998569339616366
HERHEU,HERHAQ,0.9996076438993609
HERHEU,ERANAO,0.954647697376208
HERHEU,WIZMAV05,0.954538613827479
HERHEU,WIZMAV06,0.9545345139576286
HERHEU,BUNLAZ,0.915046341182408
HERHEU,BUNKUS,0.9147337573802692
HERHEU,IZIBUQ,0.9050282903636008
HERHEU,RUBTAK05,0.904633623361964
HERHEU,UFOSEQ,0.9046254810304863
HERHEU,OFOJAX,0.8983982037287364
HERHEU,ESEBOV,0.8599601612095361
EBEWOZ01,EBEWOZ,0.9999999450296514
EBEWOZ01,EBEWIT,0.9999885654465024
EBEWOZ01,YENZAV,0.89773625734436
EBEWOZ01,MIRGIG,0.8872681080179053
EBEWOZ01,KEZLIN,0.8861014985288738
EBEWOZ01,AFUDUD,0.8841956926612901
EBEWOZ01,ADEGIA,0.8673223127462262
EBEWOZ01,ATIKAP,0.8671941310555475
IFIPEV,GALJAG,0.9996801337198196
IFIPEV,FAHQEM,0.9982153736683612
IFIPEV,GALHUY,0.9935518046212396
IFIPEV,CIFSIW,0.9544208691474122
IFIPEV,CIFSAO,0.9537046013302825
IFIPEV,CIFSES,0.9535721121338192
IFIPEV,FOSTIS,0.9534875900436448
IFIPEV,UNIDAY,0.9533442828009728
IFIPEV,FOSTOY,0.9531629002322148
IFIPEV,MAYJOM,0.947079725047805
IFIPEV,VIFPUY02,0.9468914949622604
IFIPEV,VIFPUY05,0.9468901521971648
IFIPEV,VIFPUY,0.9468874810891048
IFIPEV,VIFPUY03,0.9468868620966764
QOTZEG,KOQXUL,0.889784332177241
DADTOS17,PADJOU01,0.9999978241821204
DADTOS17,VIRJEM,0.9999952340736734
DADTOS17,REZJIR03,0.9999901110869568
DADTOS17,MNFORD02,0.9999883252301318
DADTOS17,YUKTUU,0.9999879626552044
DADTOS17,YUKTUU01,0.9999877740892844
DADTOS17,REZJIR02,0.9999871038137074
DADTOS17,DADTOS13,0.9999418026534612
DADTOS17,YANWOC02,0.9999355797266436
DADTOS17,DADTOS,0.999920872765202
DADTOS17,DADTOS04,0.9999188062678412
DADTOS17,DADTOS01,0.9999177499887038
DADTOS17,DADTOS08,0.9999163988724048
DADTOS17,DADTOS09,0.9999155721055336
DADTOS17,DADTOS06,0.9999129708794866
DADTOS17,DADTOS18,0.999910111566361
DADTOS17,YANWOC01,0.999909767769968
JALPAQ,XICKOL,0.9990210633473646
JALPAQ,NAPSUV,0.9857819208207692
JALPAQ,EXOGAB,0.9167658153236216
JALPAQ,ORAWAH,0.8839242948989673
JALPAQ,IDUDES,0.8810659856127335
JALPAQ,UFUMUD01,0.8792783924539324
JALPAQ,EGOZAB,0.8792738899586681
JALPAQ,BAHGUN,0.879242347672519
JALPAQ,BAHGUN03,0.8792257792946283
JALPAQ,BAHGUN04,0.8792129390642538
JALPAQ,POFDIZ,0.8791395312223353
JALPAQ,BAHGUN02,0.8791290765367622
JALPAQ,QERZUI01,0.8790611802262875
JALPAQ,ECODIK,0.8789765237823692
JALPAQ,KAKTIA,0.8789377398755543
JALPAQ,UFUMUD,0.8789193868263726
JALPAQ,KAKTIA01,0.8789182381167979
JALPAQ,POFDEV,0.8788780553600609
JALPAQ,UFUNIS,0.8787656194415296
JALPAQ,AHEMEG,0.8786052894255519
JALPAQ,UGEPEB,0.8785616455907533
JALPAQ,VOJPUG01,0.878514409935454
JALPAQ,KIRFOI,0.8778564887584779
JALPAQ,POFFAT,0.8777945072249036
JALPAQ,NELCEN,0.8770534808590462
JALPAQ,POFFEX,0.8766095210706676
JALPAQ,LAQNID,0.8761088118513056
JALPAQ,ANUGEW,0.8729780864197048
JALPAQ,LAYWOA,0.872783272529126
JALPAQ,NEHZOS,0.8611317034566779
JALPAQ,GAVDUD,0.8611294137095586
JALPAQ,NEHZUY,0.8611239398562854
JALPAQ,OHOMIH,0.860596206578462
CAJHUS,IZAKAX,0.9999961033734936
CAJHUS,NIKZAJ01,0.999944373858734
CAJHUS,NIKYOW,0.9999196581296096
CAJHUS,NIHBAI01,0.9999012349586166
CAJHUS,CAJHUS01,0.9998873745267672
CAJHUS,VICBEQ,0.9979817004081776
CAJHUS,NUDPAE01,0.997917048545568
CAJHUS,XACLOF,0.9957711798405128
CAJHUS,NUDNUW09,0.9956024615954024
CAJHUS,PESTAL,0.9955618684674016
CAJHUS,NUDNUW01,0.9954290799540392
CUVTOD,NIWYID,0.8742112818884186
CUVTOD,ULISOZ,0.8741904103939491
CUVTOD,IJEXIF01,0.8741721532276225
CUVTOD,FUTYOK,0.8735656838956589
CUVTOD,NANYUX03,0.872911974248739
CUVTOD,EXOXUL,0.8654805962635215
XAMDUM06,FIQCEN,0.9999999005885224
XAMDUM06,YOZNIM,0.9999998682049756
XAMDUM06,XAMDUM,0.9999998033608576
XAMDUM06,YOZMEH,0.9999997977024718
XAMDUM06,UXISUR,0.999999796355534
XAMDUM06,RILFEA,0.9999994605621868
XAMDUM06,YOZNEI,0.9999968779411216
XAMDUM06,DIHVIB,0.9999953494945064
XAMDUM06,BODPAN,0.9999933951968358
XAMDUM06,XAMDUM02,0.9999751917305798
XAMDUM06,DOTSOV42,0.9999457379823024
XAMDUM06,DOTSOV13,0.9999405419175856
XAMDUM06,DOTSOV11,0.9999404963115892
XAMDUM06,DOTSOV08,0.9999396142372068
XAMDUM06,DOTSOV16,0.9999396060374662
XAMDUM06,QAWHIH01,0.9992811821333348
XAMDUM06,WULJUJ,0.9988801148467656
XAMDUM06,DOTSOV02,0.9988583649648346
XAMDUM06,QIZLIW,0.9984518713603664
XAMDUM06,YOZNUY,0.9984362854967658
XAMDUM06,NEHZOS,0.9963415778070464
XAMDUM06,GAVDUD,0.9963209245479911
XAMDUM06,YOZNOS,0.991814390571386
XAMDUM06,DALSOA,0.9329860593745758
XAMDUM06,ONIXOZ,0.9246942739837876
XAMDUM06,EXOYAS,0.9196877724919738
XAMDUM06,RAWYAS,0.9188684227287652
XAMDUM06,IWEVAJ,0.918676229688124
XAMDUM06,YUGLES,0.9079932851214488
XAMDUM06,NUTQAV,0.9078074763811944
XAMDUM06,OFOCUI,0.9076816378574504
XAMDUM06,EXOGAB,0.9076666445286627
XAMDUM06,HANWAW,0.9063152595245674
XAMDUM06,PIDRAY,0.8997930180559855
XAMDUM06,HUCBOX02,0.8972962301057885
XAMDUM06,WANJIF,0.8848644482948078
XAMDUM06,XEDMEB,0.8846908036338876
XAMDUM06,EXAXAE,0.8820310041010988
XAMDUM06,EMUBIZ,0.8816675982513161
XAMDUM06,NEMCOA,0.8744790012030396
XAMDUM06,HIDTUM,0.8731735755970098
XAMDUM06,OKABAE,0.866966048851036
XAMDUM06,KIRFOI,0.8657668606328367
XAMDUM06,XICKOL,0.8605730616156253
FIFPAM01,BOSHUN,0.9987558620661942
FIFPAM01,CAXZUY,0.860075997345213
YOZMIL,YOZNIM,0.9999998963729728
YOZMIL,LUDLED,0.9999994306552384
YOZMIL,FIQCEN,0.999999138942026
YOZMIL,YOZMEH,0.9999988923949092
YOZMIL,UXISUR,0.999998889932488
YOZMIL,RILFEA,0.9999982522962096
YOZMIL,DIHVIB,0.999997225493484
YOZMIL,BODPAN,0.9999906430567986
YOZMIL,XAMDUM02,0.9999750660464988
YOZMIL,DOTSOV42,0.9999374741520336
YOZMIL,DOTSOV11,0.9999318617585438
YOZMIL,DOTSOV14,0.9999314034560756
YOZMIL,DOTSOV15,0.999931398719823
YOZMIL,DOTSOV12,0.999930975719158
YOZMIL,DOTSOV08,0.9999309189364444
YOZMIL,QAWHIH01,0.9993092505287496
YOZMIL,WULJUJ,0.9988822913539056
YOZMIL,DOTSOV02,0.998860769668559
YOZMIL,QIZLIW,0.9984096653405377
YOZMIL,NEHZOS,0.996276906234156
YOZMIL,GAVDUD,0.9962564964159044
YOZMIL,QIZLOC,0.9938559564689736
YOZMIL,YOZNOS,0.9919146223827956
YOZMIL,YOZMUX,0.9881665827401772
YOZMIL,ORAWAH,0.9322238168400132
YOZMIL,EXOYAS,0.9196655802537886
YOZMIL,RAWYAS,0.9188308327842458
YOZMIL,IWEVAJ,0.918696819316226
YOZMIL,YUGLES,0.90800988044063
YOZMIL,NUTQAV,0.9078294260423928
YOZMIL,HANWAW,0.906273223178014
YOZMIL,IPUPIU,0.8871278637855452
YOZMIL,USEVOF,0.8850493186464785
YOZMIL,WANJIF,0.8848645414890947
YOZMIL,XEDMEB,0.8846693598379994
YOZMIL,ADONEP,0.884440298411048
YOZMIL,EXAXAE03,0.8816404870198624
YOZMIL,EMUBIZ,0.8816051356689096
YOZMIL,NEMCOA,0.874415830943066
YOZMIL,LAQNID,0.869078145309509
YOZMIL,OKABAE,0.8669145641048319
YOZMIL,KIRFOI,0.865703507002932
YOZMIL,XICKOL,0.8605468922367705
YOZMUX,YOZNOS,0.9996354016858372
YOZMUX,DOTSOV02,0.9910041826547996
YOZMUX,WULJUJ,0.9909584522035833
YOZMUX,YOZNUY,0.9901290721738828
YOZMUX,QAWHIH01,0.9897660671284728
YOZMUX,XAMDUM02,0.9886021627463478
YOZMUX,YOZNEI,0.9883564863098684
YOZMUX,DIHVIB,0.988236297883842
YOZMUX,XAMDUM,0.9880048072914934
YOZMUX,UXISUR,0.98800402939777
YOZMUX,XAMDUM01,0.9879980255676974
YOZMUX,RILFEA,0.9879781090499165
YOZMUX,DOTSOV14,0.9873109469070354
YOZMUX,DOTSOV11,0.9872942317912602
YOZMUX,DOTSOV15,0.9872912868813186
YOZMUX,NEHZOS,0.9791084020242136
YOZMUX,NEHZUY,0.9789655917280696
YOZMUX,QIZLOC,0.9760502174184148
YOZMUX,OHOMIH,0.9752366098465703
YOZMUX,BABREE,0.9174055910061164
YOZMUX,IWEVAJ,0.9134576802386578
YOZMUX,EXOYAS,0.9058045709089994
YOZMUX,RAWYAS,0.903810467592104
YOZMUX,OFOCUI,0.9005779626786645
YOZMUX,YUGLES,0.8974947957641611
YOZMUX,HUCBOX02,0.8849810112969285
YOZMUX,MOFGOE,0.8809191394410545
YOZMUX,PIDRAY,0.8799839986318686
YOZMUX,IPUPIU,0.8764040866420595
YOZMUX,WANJIF,0.8745690814880369
YOZMUX,USEVOF,0.8736089718967137
YOZMUX,KANMIX,0.873565879371331
YOZMUX,XEDMEB,0.8709573821832182
YOZMUX,EXAXAE,0.8652594535468053
YOZMUX,EMUBIZ,0.8646100105319896
FUTYOK,KAFYAT,0.9082467080890024
FUTYOK,NANYUX01,0.9999016309287756
FUTYOK,REGREC,0.9998378068177568
FUTYOK,NIWYID,0.9995291524850168
FUTYOK,IJEXIF01,0.9988999106591736
FUTYOK,UFAMEW,0.9434330036545228
FUTYOK,QUQFEO,0.932990070450931
FUTYOK,RUGXUO,0.932627995917862
FUTYOK,JOVYAW,0.9082473374936594
FUTYOK,FUDGIW,0.9082272378412182
FUTYOK,MOHLIF,0.9048436808038371
FUTYOK,KEFBOO,0.9006428429926078
FUTYOK,HOGJIX,0.8991049989138565
FUTYOK,DITTEH,0.8871519466444439
FUTYOK,APACAX,0.8777106798393794
FUTYOK,DOYHIK,0.8773923724958704
FUTYOK,DOYHOQ,0.8764783967148619
FUTYOK,FIJCUX01,0.8749596620175891
FUTYOK,GATBUZ,0.8747103554188256
FUTYOK,VEGMOK04,0.874709680336876
FUTYOK,REDROI,0.8745409218377608
FUTYOK,IFABIA02,0.8742260020945893
FUTYOK,VUSKEA,0.8719627712951561
FUTYOK,MIBQAR07,0.871889392702152
FUTYOK,MIBQAR01,0.8718194042192152
FUTYOK,HOLRAD,0.8718115058411566
FUTYOK,NUFCAU,0.8680395906715515
FUTYOK,SOWCOY,0.8611182393983832
PADJOU,MNFORD02,0.9999920660032664
PADJOU,PADJOU01,0.9999825456009852
PADJOU,VIRJEM,0.9999782567046808
PADJOU,YUKTUU,0.9999775570179582
PADJOU,LIJWOR02,0.999974741756826
PADJOU,DADTOS13,0.9999514216901336
PADJOU,YANWOC02,0.9999470713074292
PADJOU,DADTOS02,0.9999425299128312
PADJOU,DADTOS04,0.999935277506321
PADJOU,DADTOS11,0.9999348082866644
PADJOU,DADTOS01,0.9999345198114687
PADJOU,DADTOS08,0.9999335405304298
PADJOU,DADTOS18,0.9999289101877068
PADJOU,YANWOC01,0.9999285077150908
TULLIX,FOKWUZ,0.9930771247130532
TULLIX,PIQQEN,0.9765259815000364
TULLIX,WUHMOD,0.9415956221358478
TULLIX,ESADUZ01,0.9412998348877516
TULLIX,POKZOG,0.9366778983439004
TULLIX,JUQSIZ,0.9357838446831942
TULLIX,VAKLIF,0.8608232952123405
IGUVIR,IGUTUB01,0.9985984095579435
IGUVIR,RIGHAR,0.9232530897609436
IGUVIR,RUXWEM03,0.9225233276419172
IGUVIR,ROCZEQ,0.9208755564336588
IGUVIR,ZASJAG,0.920578645856433
IGUVIR,KETHEY,0.9091642770520147
IGUVIR,CIKCOQ,0.9091464137508456
IGUVIR,DAPYAW,0.884654548197225
IGUVIR,GOYLUB,0.8772396835469299
IGUVIR,QEKLID,0.8656213472828016
IGUVIR,EYULAM,0.8618545469558037
IGUVIR,DELGIN,0.8616815280901342
IGUVIR,VOQBUZ,0.8605753703105847
IGUVIR,NOLRIR,0.8601987808560875
XADDOX,DAFHEZ,0.9999334671441168
XADDOX,XADDUD,0.9999006156741628
XADDOX,MOXDEJ,0.9994399554880484
XADDOX,XAPSIS,0.8963223939033821
XADDOX,CIPLIX,0.895760943018609
XADDOX,JEDVUM,0.8957196859781767
XADDOX,FUMJAZ,0.8645237773599133
XADDOX,XIHSAJ,0.8625413427924532
XADDOX,VEFLUP,0.8619517453105968
XADDOX,TONBOO,0.8617456169207637
NANYUX01,REGREC,0.999493921492731
NANYUX01,ULISOZ,0.9991402236312676
NANYUX01,UFAMEW,0.942166309491663
NANYUX01,RUGXUO,0.9321620525491812
NANYUX01,QOPZIF,0.9179926180864508
NANYUX01,EXOXUL,0.9073121614703644
NANYUX01,MOHLIF,0.9036343788607276
NANYUX01,KEFBOO,0.8988939834088765
NANYUX01,DUNXUH13,0.8971070454249912
NANYUX01,EGIKUB01,0.8940151155859286
NANYUX01,BUKMUQ01,0.8850637510550906
NANYUX01,DOYHIK,0.8777475375696747
NANYUX01,APACAX,0.8773064272888692
NANYUX01,NUFBOH,0.874538754642527
NANYUX01,GATBUZ,0.874284876693614
NANYUX01,VEGMOK04,0.8742838236988046
NANYUX01,IFABIA02,0.8736981812348261
NANYUX01,IFABIA01,0.8736790133527348
NANYUX01,MIBQAR01,0.8706479028886701
NANYUX01,HOLRAD,0.8706382884934044
KEJWAY,EXUXEC,0.9999325723010076
KEJWAY,TATSIS,0.9998502713144216
KEJWAY,BIPXIK,0.9998473230358008
KEJWAY,YODRAM,0.9997983691198776
KEJWAY,BOWDUO,0.9997976657440376
KEJWAY,ERUNIQ,0.9997614852347528
KEJWAY,VEDGAO,0.9997169257192384
KEJWAY,ABAVIJ,0.999706924236577
KEJWAY,VEDFOB,0.9996816157345207
KEJWAY,VEDGIW,0.99958032508045
KEJWAY,OJOBAS,0.9994058326133516
KEJWAY,CEYPUT01,0.9993302249764976
KEJWAY,JODGIU,0.9226194757684824
KEJWAY,DIDBEZ,0.9225711385425472
KEJWAY,DIDBID,0.9225010502882972
KEJWAY,BAKJEE,0.877914880905875
KEJWAY,BAKJII,0.8769496802456053
KEJWAY,TIDNIF,0.8768560920239958
JOQQAJ,VAKRIK,0.999986085563082
JOQQAJ,MOXDIN,0.9998746542330462
JOQQAJ,MOXDIN01,0.999866260693958
KEDQAN,UWAGAB04,0.999675381571654
KEDQAN,XAFFER,0.9997941015486728
RILFEA,UXISUR,0.9999999198007932
RILFEA,YOZMEH,0.9999999189515848
RILFEA,FIQCEN,0.999999824297726
RILFEA,LUDLED,0.9999996235820084
RILFEA,YOZNIM,0.9999988234663156
RILFEA,YOZNEI,0.999994108619358
RILFEA,XAMDUM02,0.9999785973544002
RILFEA,DOTSOV13,0.9999513286864504
RILFEA,DOTSOV11,0.9999512874230044
RILFEA,DOTSOV15,0.9999508954109284
RILFEA,DOTSOV10,0.9999508952095992
RILFEA,DOTSOV14,0.9999508322555416
RILFEA,DOTSOV08,0.9999504890122088
RILFEA,DOTSOV16,0.9999504815872268
RILFEA,QAWHIH01,0.9992412895903394
RILFEA,QIZLIW,0.9985090423732764
RILFEA,YOZNUY,0.9983777533397032
RILFEA,GAVDUD,0.9964091600449956
RILFEA,NEHZUY,0.9963441250032824
RILFEA,QIZLOC,0.994048843554346
RILFEA,YOZNOS,0.991760298798966
RILFEA,DALSOA,0.9329930942302176
RILFEA,ORAWAH,0.9321511884944808
RILFEA,BABREE,0.9321262013420878
RILFEA,IWEVAJ,0.9186850842600734
RILFEA,EXOGAB,0.907701470775176
RILFEA,HANWAW,0.9063785370078976
RILFEA,PIDRAY,0.8999264214358107
RILFEA,HUCBOX02,0.8973071151367855
RILFEA,MOFGOE,0.8958926135684949
RILFEA,KANMIX,0.8850572810827981
RILFEA,USEVOF,0.8850345651128309
RILFEA,XEDMEB,0.8847191214067381
RILFEA,ADONEP,0.8844744117817918
RILFEA,EXAXAE03,0.881787019978126
RILFEA,EMUBIZ,0.8817525442992795
RILFEA,LAQNID,0.8691121746309713
RILFEA,KIRFOI,0.8658530203958722
IVELUS,FEJFAE,0.9999897905127484
EGUHOD01,LUWKIZ,0.9995468082554332
EGUHOD01,XEDGIY,0.929700399720382
EGUHOD01,GOYLUB,0.8828238479895404
EGUHOD01,EKUNON02,0.8609380557635193
EGUHOD01,EKUNON01,0.8608195945392174
EGUHOD01,ULOGIL,0.8601297432263022
RUBTAK08,SURKUN,0.999999999252312
RUBTAK08,KINGUM,0.9999845866681932
YUKVIK,DADVAG05,0.9999849047831588
YUKVIK,DADVAG,0.9999677348833548
VIKBUP,XAFFER,0.9628235532712076
VIKBUP,GATBUZ,0.9081902837782816
VIKBUP,VEGMOK04,0.9081899812718096
VIKBUP,IFABIA01,0.9078349085688446
VIKBUP,IQOJAB,0.9078196968211152
VIKBUP,PEVQOY,0.9063476476959802
VIKBUP,VUSKEA,0.906156404878911
VIKBUP,MIBQAR07,0.906094678967304
VIKBUP,HOLRAD,0.9060304883608264
VIKBUP,UKOLOV,0.8952831399894001
VIKBUP,PIWLAL,0.8649731057373268
VIKBUP,SIXWON,0.8601686602129962
GATBUZ,EDOWIG,0.9998701662876686
GATBUZ,FIJCUX01,0.9994552271109092
GATBUZ,VUSKEA,0.9985457333603496
GATBUZ,MIBQAR01,0.9984458568962176
GATBUZ,PIWLAL,0.946778762177622
GATBUZ,HUTZAX01,0.9081689304737236
GATBUZ,BOLPAU,0.9081075966928716
GATBUZ,JENKET,0.90745484226537
GATBUZ,WUHNUK,0.9071633079923608
GATBUZ,ACODIH,0.8972255713681072
GATBUZ,QEDZEG,0.8957295322528728
GATBUZ,UKOLOV,0.8872561926441616
GATBUZ,NAWXER,0.886044164314928
GATBUZ,WORKUL,0.8849675675540165
GATBUZ,QAQSAD,0.8848899233610639
GATBUZ,MIMRAB01,0.8847661833246604
GATBUZ,XAFFAN,0.8768888828799296
GATBUZ,ULISOZ,0.8749931041186642
GATBUZ,REGREC,0.8749816164451075
GATBUZ,VEHKAW,0.8742555853765667
GATBUZ,NANYUX03,0.8742401044129768
GATBUZ,XEGWIS,0.8674724004393634
GATBUZ,XENMIO,0.8608198673689327
WIZMAV05,WIZMAV06,0.9999999977758098
WIZMAV05,WIZMAV,0.999999958005945
WIZMAV05,WIZMAV09,0.9999999530248695
WIZMAV05,WIZMAV07,0.9999999389532792
WIZMAV05,ERARUM,0.9999994826414778
WIZMAV05,UVAHIK,0.9999952024999832
WIZMAV05,ERANAO,0.9926722793282576
WIZMAV05,HERHAQ,0.9558684971875092
WIZMAV05,EMIYUW,0.9548765587593424
WIZMAV05,GAYXEM,0.9534237099953726
WIZMAV05,RUBTAK05,0.9469373173336966
WIZMAV05,SURLEY,0.946934324051504
WIZMAV05,OFOJAX,0.9310679449203448
WIZMAV05,IZIBUQ,0.9102488563337496
WIZMAV05,WUPTUY01,0.8634837097433736
MIQCUL,YINCUV,0.939830939218414
MIQCUL,MAHTAR,0.9081198779094956
MIQCUL,LUSHOX02,0.9079828383277456
MIQCUL,OCAKUB,0.8650356116798755
MIQCUL,VUQKAU01,0.8646351059460269
WEYQAU06,WEYQAU01,0.9999845745255608
WEYQAU06,WEYQAU16,0.9998060668426316
WEYQAU06,PUNYIH,0.9939217848092236
WEYQAU06,OFODET,0.9043066928571172
WEYQAU06,SOBDOF,0.8843331338779841
WEYQAU06,BIYTOU,0.8830775526087222
WEYQAU06,HIYZEV01,0.8827681833826944
WEYQAU06,MAHTAR,0.871104746338906
WEYQAU06,XUDSUK,0.8703236181620067
WULKAQ,DOTSOV22,0.9999999956566832
BAHGUN03,BAHGUN04,0.9999992439197628
BAHGUN03,UFUMUD02,0.9999936594328832
BAHGUN03,EGOZAB,0.9999838840190124
BAHGUN03,UFUMUD01,0.999979139223766
BAHGUN03,QERZUI01,0.9999499303009808
BAHGUN03,ECODIK,0.9999044706019892
BAHGUN03,UGEPEB01,0.9998698089627538
BAHGUN03,UFUMUD,0.9998263773972964
BAHGUN03,UFUNIS,0.999779663582228
BAHGUN03,MURREW,0.9995898084295972
BAHGUN03,KAKTIA,0.9993622213702192
BAHGUN03,KAKTIA01,0.999360211926296
BAHGUN03,AHEMEG,0.9988312125269668
BAHGUN03,POFFEX,0.996433231764111
BAHGUN03,QIWQES,0.9929035876275452
BAHGUN03,IXAJUN,0.8792845358158808
BAHGUN03,XICKOL,0.8777501066457281
BAHGUN03,NAPSUV,0.8665871025235368
YAVYAW01,YAVYAW02,0.9998914207003446
TUDJAE,TUDJUY,0.9999993745920562
TUDJAE,NIFTAA,0.9999992983855508
TUDJAE,NIFRAY,0.9999823973426232
TUDJAE,SEFVEG,0.9999731816472348
TUDJAE,SEFVEG02,0.9999728546581902
TUDJAE,NIFQOL,0.9999711753333272
IFABIA01,IFABIA02,0.9999991853756308
IFABIA01,REDROI,0.9998794678511616
IFABIA01,VEGMOK04,0.9997752159822584
IFABIA01,PEVQOY,0.9991078918614392
IFABIA01,VUSKEA,0.9989865727768416
IFABIA01,MIBQAR07,0.9989653531645256
IFABIA01,MIBQAR01,0.9989089616367284
IFABIA01,FIJCUX01,0.9988261557380228
IFABIA01,PIWLAL,0.9461940599436937
IFABIA01,BOLPAU,0.9082125510983224
IFABIA01,WUHNUK,0.907752238674797
IFABIA01,JENKET,0.9067473609914108
IFABIA01,ACODIH,0.8968056949797936
IFABIA01,JEDDII,0.8964205513010283
IFABIA01,QEDZEG,0.8948092069408848
IFABIA01,SACHIP,0.8927531613860147
IFABIA01,DITTEH,0.8869736976682011
IFABIA01,UKOLOV,0.8869328920978319
IFABIA01,EKEKEL,0.8863396466282802
IFABIA01,NAWXER,0.8853945384642625
IFABIA01,MIMRAB01,0.8850569142693242
IFABIA01,WORKUL,0.8849246440239731
IFABIA01,XAFFER,0.8771623353043758
IFABIA01,XAFFAN,0.8760985637283526
IFABIA01,NOXMAQ,0.8749537509224647
IFABIA01,NIWYID,0.8748439895457569
IFABIA01,REGREC,0.8746817431046134
IFABIA01,VEHKAW,0.873591653540352
IFABIA01,NANYUX03,0.8735520024307352
IFABIA01,NENHEU,0.8720549602728972
IFABIA01,GADROU,0.8692521455592237
IFABIA01,OKELOH,0.8687299028604535
IFABIA01,PEGCIP,0.8682739480455308
IFABIA01,XEGWIS,0.8665126702656135
IFABIA01,XEGXIT,0.8664934793558939
IFABIA01,SAVMAE,0.8629961295652685
IFABIA01,HUVGEM,0.8602967270337871
IFABIA01,XENMIO,0.8602858221618305
MIMRAB01,QAQSAD,0.9991608085970392
MIMRAB01,IDIXAU,0.9964225217541668
MIMRAB01,EZINAE,0.91176775180896
MIMRAB01,IFABIA02,0.8850564800640838
MIMRAB01,PEVQOY,0.884419898114321
MIMRAB01,MIBQAR07,0.8843015572034472
MIMRAB01,MIBQAR01,0.8842514877941974
MIMRAB01,NENHEU,0.8689971583900826
MIMRAB01,EGIKUB01,0.8635495721683174
MIMRAB01,SAVMAE,0.8607060822769078
LAYXER,ANUGEW,0.999925188259012
LAYXER,LAYWOA,0.9998786851715364
LAYXER,LAYXAN,0.9997299459024062
LAYXER,DEKBON,0.9990755660531704
LAYXER,KIJRUS,0.9715796972423196
LAYXER,BAZFUF,0.9683401453530004
LAYXER,QOWRAV,0.9574751773041352
LAYXER,QOWRAV10,0.9574338857986644
LAYXER,QOWRAV12,0.957395537573118
LAYXER,QOWRAV08,0.9573803353398552
LAYXER,QOWRAV04,0.9572744567864174
LAYXER,EXOGAB,0.9467533730276896
LAYXER,LAQNID,0.9269657309832904
LAYXER,ONIXOZ,0.9182258817532204
LAYXER,ORAWAH,0.911580377146694
LAYXER,NAPSUV,0.8838090717730307
LAYXER,XICKOL,0.8717731062470011
LAYXER,HIDTUM,0.8658609654624997
LAYXER,SIXNIZ,0.8636118891258562
LAYXER,ASIVAB,0.8635095199889233
IPINAY,AHEMEG,0.9999990491525882
IPINAY,VOJPUG01,0.9999466471776094
IPINAY,POFDOF,0.9999140043458186
IPINAY,POFDEV,0.999875422821256
IPINAY,POFFAT,0.9998667209708956
IPINAY,KAKTIA,0.999751917170357
IPINAY,KAKTIA01,0.9996902034005278
IPINAY,NELCEN,0.999592841110909
IPINAY,UFUNAK,0.9995694725821104
IPINAY,POFDIZ,0.9994096506131932
IPINAY,POFFEX,0.9993908761356234
IPINAY,UFUMUD01,0.9990637839690576
IPINAY,EGOZAB,0.9990184741772938
IPINAY,UFUMUD02,0.9989342826916456
IPINAY,BAHGUN02,0.9985627883261928
IPINAY,ECODIK,0.997986389284106
IPINAY,UGEPEB01,0.99789913292788
IPINAY,QIWQES,0.9975695637551664
IPINAY,UFUNIS,0.9975052525628
IPINAY,UGEPEB,0.997179887787887
IPINAY,IXAJUN,0.8782093227032644
VEHKAW,REGREC,0.9994707154282064
VEHKAW,ULISOZ,0.9991065553670684
VEHKAW,NIWYID,0.9989792153009622
VEHKAW,IJEXIF01,0.998115210376196
VEHKAW,UFAMEW,0.942073743036512
VEHKAW,QUQFEO,0.932786720051386
VEHKAW,RUGXUO,0.932123231857165
VEHKAW,QOPZIF,0.9179264324414478
VEHKAW,EXOXUL,0.9071540258087962
VEHKAW,MOHLIF,0.9035473568199992
VEHKAW,KEFBOO,0.8987667532371649
VEHKAW,DUNXUH15,0.8971377514755798
VEHKAW,DUNXUH13,0.8970783273565225
VEHKAW,EGIKUB01,0.8939295703445942
VEHKAW,DITTEH,0.8867983770769996
VEHKAW,BUKMUQ01,0.8850742914898064
VEHKAW,DOYHOQ,0.8755851397817824
VEHKAW,NUFBOH,0.8744475787103703
VEHKAW,PEVQOY,0.871006740101726
VEHKAW,MIBQAR07,0.870646819472904
VEHKAW,MIBQAR01,0.870562875218301
VEHKAW,SOWCOY01,0.8610503081443323
VEHKAW,SOWCOY,0.8608837419324945
FINFUG,UQUTUX01,0.9548705975313222
FINFUG,UQUTUX,0.9548183693396066
NIKYOW,NIKZAJ01,0.9999976502230556
NIKYOW,CAJHUS01,0.999997194442576
NIKYOW,NIHBEM01,0.9999809078853352
NIKYOW,IZAKAX,0.999951082785438
NIKYOW,NUDPAE01,0.9986528335663332
NIKYOW,XACLOF,0.996851588253435
NIKYOW,PESTAL,0.996666396984198
NATRAD,GEVXAI01,0.9957437389912374
NATRAD,GEVXAI,0.9952980093886272
NATRAD,FEQXAB,0.9950173867512982
NATRAD,RIQVUJ,0.8737434715552068
FEQXAB,GEVXAI,0.9999957568806812
FEQXAB,AFOJIO,0.9993634735509528
FEQXAB,RIQVUJ,0.8716523766008489
RUGXUO,ULISOZ,0.9330107663276654
RUGXUO,NIWYID,0.933006856802816
RUGXUO,REGREC,0.9329630800736268
RUGXUO,IJEXIF01,0.9328255592403404
RUGXUO,NANYUX03,0.9321037365125912
RUGXUO,UFAMEW,0.8855367399234257
RUGXUO,QUQFEO,0.8747764946074789
RUGXUO,QOPZIF,0.8635256615656296
DOTSOV42,DOTSOV11,0.9999998791676464
DOTSOV42,DOTSOV10,0.9999998588852436
DOTSOV42,DOTSOV14,0.9999998458851544
DOTSOV42,DOTSOV12,0.9999998256898353
DOTSOV42,BODPAN,0.9999763354375728
DOTSOV42,XAMDUM02,0.9999606039829978
DOTSOV42,UXISUR,0.9999521823702456
DOTSOV42,YOZMEH,0.9999521616761664
DOTSOV42,XAMDUM,0.999952074033396
DOTSOV42,LUDLED,0.9999475049421304
DOTSOV42,YOZNIM,0.9999405414999916
DOTSOV42,DIHVIB,0.9999093198608696
DOTSOV42,WULJUJ,0.9990867262584656
DOTSOV42,DOTSOV02,0.999065542441177
DOTSOV42,QIZLIW,0.9989766865902984
DOTSOV42,QAWHIH01,0.9988323905304598
DOTSOV42,YOZNUY,0.9978007269342628
DOTSOV42,NEHZOS,0.9971758891002892
DOTSOV42,NEHZUY,0.9970997853728072
DOTSOV42,QIZLOC,0.995021770853828
DOTSOV42,YOZNOS,0.991226705288061
DOTSOV42,DALSOA,0.9330077701841616
DOTSOV42,BABREE,0.9324769200568144
DOTSOV42,ORAWAH,0.9317184044558132
DOTSOV42,ONIXOZ,0.9259742036093735
DOTSOV42,EXOYAS,0.9199264900285512
DOTSOV42,RAWYAS,0.9193274250288368
DOTSOV42,YUGLES,0.9077038896148634
DOTSOV42,NUTQAV,0.9074441459737724
DOTSOV42,HANWAW,0.9069015435461212
DOTSOV42,IPUPIU,0.8868594641784734
DOTSOV42,KANMIX,0.8849550131728317
DOTSOV42,WANJIF,0.8849297264878733
DOTSOV42,XEDMEB,0.8849260202124202
DOTSOV42,USEVOF,0.8849041726681988
DOTSOV42,ADONEP,0.8846669751507876
DOTSOV42,EXAXAE03,0.8825018632927026
DOTSOV42,EMUBIZ,0.8824713263517442
DOTSOV42,NEMCOA,0.875292185709571
DOTSOV42,LAQNID,0.8692371612149222
DOTSOV42,OKABAE,0.867618453943515
DOTSOV42,KIRFOI,0.866582779780377
KEPNAX04,KEPNAX01,0.999999977410983
SIZGEO,CEHKUW,0.9997446701766368
SIZGEO,YEYRAY,0.9996628995148064
SIZGEO,PARKUQ,0.9994916006412636
SIZGEO,PARKUQ01,0.9994883446531702
SIZGEO,MITSUE,0.9992104139243508
SIZGEO,MITSAK,0.9992086514979756
SIZGEO,FUMJAA,0.9989211734946888
SIZGEO,MICJOA,0.9080016881110976
SIZGEO,GERWOR,0.90755743498417
SIZGEO,QEKLID01,0.8870489032934246
SIZGEO,QEKLID,0.887043635010646
SIZGEO,VAKLIF,0.8741992285237931
SIZGEO,VOTHOD,0.8740582501621363
SIZGEO,XEFGUN01,0.8737821377021684
SIZGEO,YIKGEF,0.8735144437605968
SIZGEO,FIPKOG01,0.860840846147386
ESADUZ01,POKZOG,0.9981273561218827
ESADUZ01,JUQSIZ,0.9975870521835836
ESADUZ01,REFWIL,0.9491622266049424
ESADUZ01,FOKWUZ,0.9396925572612176
ESADUZ01,VAKLIF,0.9080554478643492
ESADUZ01,XEFGUN01,0.90654646743769
ESADUZ01,GOYLUB,0.90513792408473
ESADUZ01,REXYAX,0.8844236088084588
ESADUZ01,EREGOY,0.8602394200384744
TUDJUY,NIFTAA,0.9999999978090832
TUDJUY,NIFNOI,0.9999980189544926
TUDJUY,SEFVEG02,0.9999639889372212
TUDJUY,NIFQOL,0.999962058567006
TUDJUY,NIFQIF,0.999942430926624
DEKBON,LAYWOA,0.9996237659541548
DEKBON,NAFSOF,0.974115076727907
DEKBON,KIJRUS,0.96922868712134
DEKBON,IPUPIU,0.9644153815079968
DEKBON,QOWRAV10,0.9488074207629248
DEKBON,QOWRAV12,0.9487607225274726
DEKBON,QOWRAV07,0.948713335173173
DEKBON,QOWRAV05,0.9486295439033582
DEKBON,QOWRAV03,0.9486220575320362
DEKBON,LAQNID,0.9232760787358064
DEKBON,ENIHUG,0.8811512078511613
DEKBON,XICKOL,0.868726394906766
DEKBON,HIDTUM,0.8655490986269344
DEKBON,NEMCOA,0.865029473654099
DEKBON,LURRIA,0.8625927999137369
DEKBON,SIXNIZ,0.8603156464315573
DEKBON,ASIVAB,0.8601359084166142
QOWRAV03,QOWRAV05,0.9999999994256
QOWRAV03,QOWRAV07,0.9999999144796584
QOWRAV03,QOWRAV12,0.9999998024603842
QOWRAV03,QOWRAV11,0.999999775253376
QOWRAV03,QOWRAV10,0.999999646701186
QOWRAV03,QOWRAV,0.9999994284391064
QOWRAV03,BAZFUF,0.9971172133214457
QOWRAV03,BAZGAM,0.9860857626293686
QOWRAV03,NAFSOF,0.9787779187150188
QOWRAV03,LAYXAN,0.9528124305197332
QOWRAV03,EXOGAB,0.9074657470904668
QOWRAV03,LAQNID,0.8947245594957882
QOWRAV03,AZAVUU,0.8885948311350925
QOWRAV03,ENIHUG,0.8677820216884282
QOWRAV03,SEMNIJ,0.8658312790630404
QOWRAV03,LURRIA,0.8607302991541695
HELDOT,MIHJUL,0.999995293532112
HELDOT,DIBQOW,0.9999601621046068
HELDOT,AXINIF,0.9998695046936736
HELDOT,NIGPEA,0.9998123873146244
HELDOT,DIBQIQ,0.998746298812431
HELDOT,DIBQEM,0.9722720748335276
HELDOT,MOXDOT01,0.9539822593448806
HELDOT,NOMPIQ01,0.9113326980734296
HELDOT,CIKPEU,0.91116965887396
HELDOT,ERUNUC,0.88396668629764
HELDOT,ESEQUO,0.88337451161376
HELDOT,JODGIU,0.8828541669972395
HELDOT,DIDBOJ,0.8822527207931206
HELDOT,CAXZOS,0.8815468046238526
HELDOT,AGAFAS,0.8767599775809509
HELDOT,CAQKAJ01,0.8756998194926693
HELDOT,TAHYUZ,0.8742870058345643
HELDOT,HALVEY,0.873672741722233
HELDOT,YATDOP,0.8706507396759107
HELDOT,FEXCAO01,0.8692972096955485
HELDOT,XALMOO,0.8674270419646419
EMIYUW,HERHAQ,0.9997474527242096
EMIYUW,GAYXEM,0.9997472241536924
EMIYUW,WIZMAV06,0.9548728491285052
EMIYUW,WIZMAV04,0.9548662905781146
EMIYUW,WIZMAV11,0.9548630378902616
EMIYUW,UVAHIK,0.9546998615112336
EMIYUW,BUNLAZ,0.9146867550707412
EMIYUW,BUNKUS,0.9143433856567952
EMIYUW,UFOSEQ,0.9051012533616326
EMIYUW,RUBTAK03,0.9050979815432346
EMIYUW,IZIBUQ,0.9048129274751692
EMIYUW,OFOJAX,0.8980268911534595
EMIYUW,DITJOH,0.8836527883662494
EMIYUW,UNEJEE,0.8600303181458973
EMIYUW,ESEBOV,0.8600092055955554
XIHSAJ,XIHSAJ01,0.9999836620233018
XIHSAJ,XIHSEN01,0.99998317395893
XIHSAJ,XIHSEN,0.9999538077100404
XIHSAJ,TONBOO,0.9992350138104862
XIHSAJ,ESEQUO,0.878994582282258
XIHSAJ,MOXDEJ,0.8636606682365567
XIHSAJ,XADDUD,0.8631368125609123
XIHSAJ,DAFHEZ,0.8630499476877448
XIHSAJ,COXFOL,0.8623066221584951
XIHSAJ,WIMWEW,0.8616079474227095
XIHSAJ,XUZRIU,0.8615709024272428
XIHSAJ,HABZEQ,0.8615188524884905
XIHSAJ,FILYAC,0.8609645872337723
XIHSAJ,XEVSIB,0.8603024955651836
XAMDUM02,BODPAN,0.9999861886031816
XAMDUM02,XAMDUM01,0.9999793416579232
XAMDUM02,UXISUR,0.9999774134415302
XAMDUM02,YOZMEH,0.9999774014444976
XAMDUM02,XAMDUM,0.9999773811388408
XAMDUM02,FIQCEN,0.999976786316428
XAMDUM02,YOZNIM,0.9999741856839928
XAMDUM02,YOZNEI,0.999971501706406
XAMDUM02,DIHVIB,0.9999590059275768
XAMDUM02,DOTSOV14,0.999957749249443
XAMDUM02,DOTSOV12,0.999957486326254
XAMDUM02,DOTSOV11,0.9999572242272808
XAMDUM02,DOTSOV15,0.999956941495791
XAMDUM02,DOTSOV10,0.9999569410944852
XAMDUM02,DOTSOV08,0.9999566473740678
XAMDUM02,DOTSOV16,0.9999566423700172
XAMDUM02,DOTSOV02,0.9991698049456018
XAMDUM02,QAWHIH01,0.9991119786528384
XAMDUM02,QIZLIW,0.998639023180798
XAMDUM02,NEHZOS,0.9966402898035972
XAMDUM02,OHOMIH,0.9941689884309116
XAMDUM02,BABREE,0.9322203610261908
XAMDUM02,ORAWAH,0.932015950344287
XAMDUM02,EXOYAS,0.9197633037655072
XAMDUM02,YUGLES,0.9078828822630046
XAMDUM02,OFOCUI,0.907708115032062
XAMDUM02,NUTQAV,0.9076701661866912
XAMDUM02,NUTQEZ,0.907555840138918
XAMDUM02,PIDRAY,0.9002575914585516
XAMDUM02,HUCBOX02,0.8973276893923251
XAMDUM02,MOBDIR,0.8959917692102415
XAMDUM02,IPUPIU,0.8870164743603054
XAMDUM02,KANMIX,0.8850241314002937
XAMDUM02,WANJIF,0.8849848399663179
XAMDUM02,XEDMEB,0.8847705537150501
XAMDUM02,ADONEP,0.8846641856011301
XAMDUM02,EXAXAE,0.8823022650144403
XAMDUM02,NEMCOA,0.8747697453998216
XAMDUM02,HIDTUM,0.8735196096600693
XAMDUM02,OKABAE,0.8671990185248253
XAMDUM02,KIRFOI,0.8660587577848737
XAMDUM02,XICKOL,0.8606780686166051
YOZMEH,UXISUR,0.9999999999973636
YOZMEH,FIQCEN,0.9999999819151594
YOZMEH,LUDLED,0.9999998918644708
YOZMEH,BODPAN,0.9999954632825744
YOZMEH,YOZNEI,0.9999953092598832
YOZMEH,DOTSOV11,0.9999472326305204
YOZMEH,DOTSOV15,0.999946824662854
YOZMEH,DOTSOV10,0.9999468244533456
YOZMEH,DOTSOV14,0.9999467593705388
YOZMEH,DOTSOV08,0.9999464017900946
YOZMEH,DOTSOV12,0.9999463824194484
YOZMEH,QAWHIH01,0.9992568802799616
YOZMEH,WULJUJ,0.998895758551528
YOZMEH,DOTSOV02,0.9988740420928944
YOZMEH,QIZLIW,0.9984870091942484
YOZMEH,NEHZOS,0.996395588223526
YOZMEH,NEHZUY,0.9963097444341908
YOZMEH,OHOMIH,0.993832829315107
YOZMEH,YOZNOS,0.991781313751782
YOZMEH,DALSOA,0.9329904952329494
YOZMEH,ORAWAH,0.9321678053861998
YOZMEH,ONIXOZ,0.9247754368883362
YOZMEH,EXOYAS,0.9197054570844306
YOZMEH,IWEVAJ,0.9186817453384386
YOZMEH,YUGLES,0.9079787218855204
YOZMEH,NUTQAV,0.9077883962049031
YOZMEH,EXOGAB,0.9076880982681164
YOZMEH,NUTQEZ,0.907684254994152
YOZMEH,OFOCUI,0.9076663176991848
YOZMEH,HUCBOX02,0.8973030223543865
YOZMEH,MOBDIR,0.8958713623594131
YOZMEH,IPUPIU,0.8871013585217006
YOZMEH,KANMIX,0.8850597025026479
YOZMEH,USEVOF,0.8850381939882785
YOZMEH,XEDMEB,0.884708272969828
YOZMEH,EXAXAE,0.882080299582586
YOZMEH,HIDTUM,0.8732353415882147
YOZMEH,LAQNID,0.8691048411304454
YOZMEH,OKABAE,0.8670089683285008
XUPSAE,NIRPOW,0.9999998638630558
XUPSAE,TOXMUQ,0.9999998603472224
CUMLUT,CEHKUW,0.9999924059572298
LOQLEJ,VIFPUY,0.9999999778504712
LOQLEJ,VIFPUY03,0.9999999425600292
LOQLEJ,VIFPUY02,0.9999999240363312
LOQLEJ,MAYJOM,0.9999574737642454
LOQLEJ,NEDLOZ,0.9054080319675052
LOQLEJ,CIFSIW,0.9042899019003552
LOQLEJ,CIFSAO,0.9033097513633994
LOQLEJ,CIFSES,0.9031367108352044
LOQLEJ,FOSTIS,0.903021542662692
LOQLEJ,UNIDAY,0.9028453947728724
LOQLEJ,FOSTOY,0.9025914754546068
LOQLEJ,YAMXOC,0.8747392287859964
LOQLEJ,CUFFOZ,0.8747381505167455
LOQLEJ,CUFFUF,0.8747320691417998
LOQLEJ,CUFFIT,0.8747097427919439
LOQLEJ,IYUHIU,0.8735888741833246
DOTSOV17,DOTSOV,0.9999999051160524
DOTSOV17,DOTSOV43,0.9999999974531468
WEYQAU16,GINHOD,0.999074995664712
WEYQAU16,WEYQAU01,0.9998995960382088
WEYQAU16,WEYQAU02,0.9998225701811568
WEYQAU16,BIYTOU,0.8841252465467108
WEYQAU16,MAHTAR,0.8726408209478346
WEYQAU16,LUSHOX02,0.8721466786910208
WEYQAU16,XUDSUK,0.872028143814717
XUDSUK,LUSHOX02,0.9999972595250948
XUDSUK,OCAKUB,0.9471651115557792
XUDSUK,VUQJUN01,0.9456993910865942
XUDSUK,ENISUQ,0.9069715466707188
XUDSUK,DAWCOV,0.905170988780318
XUDSUK,BELTOD,0.8968610073228569
XUDSUK,PUGHAC,0.896232269927836
XUDSUK,UKIQIP,0.8867993870988016
XUDSUK,FEJFAE,0.88499320334627
XUDSUK,DADLEC,0.8756056975246342
XUDSUK,ABAYIO,0.8743827690942314
XUDSUK,WEYQAU01,0.8708419876591713
XUDSUK,WEYQAU02,0.8704080547951137
XUDSUK,XIHXET,0.8684927231830118
XUDSUK,ROYMEZ,0.8643070152165166
VOTHOD,CEHKUW,0.8738261131701068
VOTHOD,YEYRAY,0.8734350815081464
VOTHOD,PARKUQ,0.8730798991069673
VOTHOD,PARKUQ01,0.8730740262547532
VOTHOD,MITSAK,0.8726206322469702
VOTHOD,FUMJAA,0.8721919901086834
FITSAD,ASUKEE01,0.9999656305227402
FITSAD,FUFVEJ,0.9996010320941542
FITSAD,KIKRAA,0.9994641349424098
FITSAD,PEKZIP,0.9987260329691262
FITSAD,CUPHUS,0.9984886347525734
FITSAD,OJOQAF,0.9983913643082246
FITSAD,HAJPEQ,0.8609606480747927
WOYWIS,WIGQAH,0.9997836445212512
LUSHOX02,MAHTAR,0.9999727833468744
LUSHOX02,OCAKUB,0.9471786327302988
LUSHOX02,VUQKAU01,0.947118391071586
LUSHOX02,VUQJUN01,0.9457871210407592
LUSHOX02,PUGHAC,0.8961646903930356
LUSHOX02,UKIQIP,0.8868404792658655
LUSHOX02,DADLEC,0.8756933842305784
LUSHOX02,PUNYIH,0.8748827024057769
LUSHOX02,ABAYIO,0.8743335381123335
LUSHOX02,WEYQAU01,0.870984079332901
LUSHOX02,WEYQAU02,0.8705578970954257
LUSHOX02,ROYMEZ,0.8644610833258042
LUSHOX02,MUMBIH,0.8610886551065291
JEDVUM,CIPLIX,0.999999640385709
JEDVUM,XAPSIS,0.9998966803543122
JEDVUM,COXFOL,0.8953902868023464
JEDVUM,DAFHEZ,0.8950875504102812
JEDVUM,XADDUD,0.894953164888921
JEDVUM,FILYEG,0.8936027349033698
JEDVUM,ABIWOX,0.8771218318136867
JEDVUM,VASYEW,0.8768352140473712
JEDVUM,XUDVAV,0.8757983551372907
JEDVUM,BUKLOJ,0.8681052386932016
JEDVUM,BAKJII,0.8611232262906147
JEDVUM,QUSVOQ,0.8606710483792503
JEDVUM,BAKJOO,0.860544808668758
DOTSOV24,DOTSOV21,0.9999999930470412
VAKLIF,YINPEQ,0.999898909014133
VAKLIF,XEFGUN01,0.9969786776694884
VAKLIF,RUXWEM03,0.9447191723046198
VAKLIF,MINBEQ,0.9195153831576808
VAKLIF,WUHMOD,0.9081630117041148
VAKLIF,NOZZUZ,0.9081109059861152
VAKLIF,PIKYAM,0.9078308753133116
VAKLIF,RUGYOJ,0.9073904836506334
VAKLIF,ODIXIK,0.9072249654875576
VAKLIF,AJAKON,0.9065453922503935
VAKLIF,ODIXAC,0.9054562365505068
VAKLIF,NOZZOT,0.9053848480718898
VAKLIF,JUQSIZ,0.904283862174278
VAKLIF,DELGIN,0.8867759505805475
VAKLIF,QEKLID01,0.8867541992056176
VAKLIF,QEKLID,0.8867123260069053
VAKLIF,AWEJIW,0.8865514226951969
VAKLIF,ROCZEQ,0.8850181525710268
VAKLIF,WEBLAQ,0.8844894267314092
VAKLIF,LUWKIZ,0.8831997487408558
VAKLIF,PIQQEN,0.8776769589687682
VAKLIF,IGUTUB,0.8755935058439404
VAKLIF,MITSAK,0.8749996782338528
VAKLIF,KUJMIN,0.8749197958568008
VAKLIF,CEHKUW,0.874305838968635
VAKLIF,JUXZIN,0.8690079469804188
VAKLIF,GOQTIR,0.8684226737653483
VAKLIF,XOGWUN,0.8652357693130562
VAKLIF,EKUNON02,0.8618343527241896
VAKLIF,EKUNON01,0.8616233176897214
VAKLIF,REFWIL,0.8608518128886609
VAKLIF,ULOGIL,0.860491131362878
VAKLIF,RUVBOB,0.8602157885849472
HOGJIX,IJEXIF01,0.9043225416714542
HOGJIX,ULISOZ,0.9024519974367564
HOGJIX,REGREC,0.9013598594638204
HOGJIX,NANYUX03,0.8969980877066306
HOGJIX,UFAMEW,0.8639693652932798
ELAPEM,CAPLOX,0.8022043577758121
CECVOW,KOLPIL,0.9947342085798904
VEFLUP,XIHSEN,0.9999994479360927
VEFLUP,XIHSEN01,0.9999852791327418
VEFLUP,TONBOO,0.999173278617208
VEFLUP,ESEQUO,0.8799183986371614
VEFLUP,FILYEG,0.8632368765799092
VEFLUP,XADDUD,0.8626945051699435
VEFLUP,COXFOL,0.8617118383106157
VEFLUP,XUZRIU,0.8616624357555542
VEFLUP,HABZEQ,0.861280402582239
VEFLUP,WIMWEW,0.8608507463636613
VEFLUP,XEVSIB01,0.8608450922491263
JALLOA,ILAXOK,0.896003528731431
JALLOA,IJORUV,0.8838968968654388
XEMPAJ,IQAGEN,0.923066740101304
XEMPAJ,REYCEF,0.9161503515429742
DELGIN,AWEJIW,0.9999799527489264
DELGIN,QEKLID01,0.9728701118659844
DELGIN,QEKLID,0.9727884357880664
DELGIN,RUXWEM03,0.9277249977635044
DELGIN,QUQFOY,0.9167338269112628
DELGIN,DUWBEE,0.9041306754069808
DELGIN,PIKYAM,0.8934132895214435
DELGIN,XEDGIY,0.8700552710748232
DELGIN,YICRAF,0.864041287796896
GAVDUD,NEHZUY,0.999999408666286
GAVDUD,OHOMIH,0.9996608631418864
GAVDUD,QIZLIW,0.999543663992266
GAVDUD,DOTSOV12,0.9972006951473874
GAVDUD,DOTSOV16,0.997200615942325
GAVDUD,DOTSOV08,0.9972005602350128
GAVDUD,DOTSOV15,0.9971975058453088
GAVDUD,DOTSOV11,0.9971945459543388
GAVDUD,DOTSOV13,0.9971942336398454
GAVDUD,BODPAN,0.9966199918545648
GAVDUD,XAMDUM01,0.996407749159706
GAVDUD,FIQCEN,0.9963589331714598
GAVDUD,LUDLED,0.9963355261838795
GAVDUD,YOZNEI,0.9961352739152476
GAVDUD,DIHVIB,0.9960557161219342
GAVDUD,YOZNUY,0.9900084973453628
GAVDUD,BABREE,0.932100251705305
GAVDUD,ONIXOZ,0.9320684636124495
GAVDUD,DALSOA,0.9299307937994756
GAVDUD,ORAWAH,0.9250708878811298
GAVDUD,RAWYAS,0.9194158395119152
GAVDUD,EXOYAS,0.9184168281814448
GAVDUD,IWEVAJ,0.9158270834361985
GAVDUD,HANWAW,0.907921111332487
GAVDUD,PIDRAY,0.9072572024185028
GAVDUD,EXOGAB,0.9069069785224828
GAVDUD,YUGLES,0.902388478198729
GAVDUD,OFOCUI,0.9019984463373883
GAVDUD,NUTQAV,0.901598513106276
GAVDUD,NUTQEZ,0.9012198660647684
GAVDUD,MOFGOE,0.8961551990068816
GAVDUD,HUCBOX02,0.8945597627441502
GAVDUD,EMUBIZ,0.8850715551327726
GAVDUD,EXAXAE03,0.8850702539993849
GAVDUD,EXAXAE,0.8850467624911478
GAVDUD,XEDMEB,0.8833915223438276
GAVDUD,ADONEP,0.8830338839842261
GAVDUD,WANJIF,0.8821783523420437
GAVDUD,KANMIX,0.8809424138066008
GAVDUD,NEMCOA,0.8779614963527218
GAVDUD,HIDTUM,0.87789032589973
GAVDUD,KIRFOI,0.8692720918242933
GAVDUD,OKABAE,0.8691143603672594
MITTAL,QISNIR,0.9999995089530406
ERIQUS,LONHON,0.999964064063597
ERIQUS,LIPZES,0.9997586625252874
ERIQUS,XILBAW,0.9981415392438688
ERIQUS,RUBZIY02,0.9945592977855012
ERIQUS,XAPMUY,0.9436140252861523
ERIQUS,MOLLEG,0.9163347080175808
ERIQUS,SAQCIZ,0.8857709446977469
ERIQUS,IVOLOW,0.8855735403055192
ERIQUS,POCMEA03,0.8835616539430318
ERIQUS,POCMEA01,0.8834797974989431
ERIQUS,INICPB02,0.8834524439716618
ERIQUS,YUNBOZ,0.8820444938314014
ERIQUS,CERPOF,0.8747626830486301
FILYAC,WIMWEW,0.9999583957913184
FILYAC,COXFOL,0.9993742177408156
FILYAC,DAFHEZ,0.9993232807897546
FILYAC,XADDUD,0.9992419105408684
FILYAC,MOXDEJ,0.9982874604903388
FILYAC,CIPLIX,0.8966613973034226
FILYAC,FUMJAZ01,0.8626194689121961
FILYAC,FUMJAZ,0.8624345024145903
FILYAC,XIHSAJ01,0.860530872144805
FILYAC,XIHSEN,0.8601974568393485
FILYAC,TONBOO,0.8600478869426729
FILYAC,XEVXUT,0.8599349094535396
NEMCOA,ORAWAH,0.9287782541386396
NEMCOA,EXOYAS,0.9218683613835124
NEMCOA,EXOGAB,0.8845318896336294
NEMCOA,NEHZOS,0.8779623630211959
NEMCOA,OHOMIH,0.877561983971639
NEMCOA,WULJUJ,0.8754453587605602
NEMCOA,DOTSOV16,0.8753337943972056
NEMCOA,DOTSOV12,0.8753337535475894
NEMCOA,DOTSOV08,0.8753337404328814
NEMCOA,DOTSOV15,0.8753307787711676
NEMCOA,DOTSOV11,0.8753279087639904
NEMCOA,DOTSOV13,0.8753276058902011
NEMCOA,UXISUR,0.8745318982700392
NEMCOA,FIQCEN,0.8745160019291494
NEMCOA,LUDLED,0.87449321645312
NEMCOA,YOZNIM,0.8744383738788498
NEMCOA,YOZNEI,0.8742971337664713
NEMCOA,DIHVIB,0.8742206751447626
NEMCOA,QAWHIH01,0.8706178500316302
NEMCOA,YOZNUY,0.8682915044128925
NEMCOA,ANUGEW,0.865890193972952
XIHXET,XIHXAP01,0.9990615479071654
XIHXET,VUQKAU01,0.8848963028074315
XIHXET,OCAKUB,0.8845313284480444
XIHXET,REZFEK,0.8803777691757944
XIHXET,WACLEU,0.8614146978441372
PIKYAM,RUXWEM03,0.9555617176125816
PIKYAM,XEFGUN01,0.9070526889105246
PIKYAM,AWEJIW,0.8930067418423712
PIKYAM,NOLRIR,0.8856839479714597
PIKYAM,IGUTUB,0.8849579722499964
PIKYAM,ECIWIW,0.8844618730860472
PIKYAM,IGUTUB01,0.8822043543793299
PIWLAL,OMUSAS,0.8271257617654053
PIWLAL,JENKET,0.9563818731994064
PIWLAL,VEGMOK04,0.9467779349066252
PIWLAL,REDROI,0.9465740262875416
PIWLAL,IFABIA02,0.9462183211076004
PIWLAL,PEVQOY,0.9439870907945092
PIWLAL,VUSKEA,0.9437396496295926
PIWLAL,MIBQAR07,0.9436605500958252
PIWLAL,MIBQAR01,0.943586504723588
PIWLAL,HOLRAD,0.943578144442566
PIWLAL,DITTEH,0.9327584838021038
PIWLAL,NOXMAQ,0.9219966912747684
PIWLAL,GOSDUP,0.9141400480204668
PIWLAL,NAWXER,0.9039032496670912
PIWLAL,PEGCIP,0.8853371699223174
PIWLAL,JEDDII,0.8812434513556442
PIWLAL,YICQOS,0.8728838018057261
PIWLAL,DUFLOH,0.871889376905858
PIWLAL,IQOJAB,0.8715266261123233
PIWLAL,HUTZAX01,0.8650056322801254
PIWLAL,BOLPAU,0.8644604828973019
LIQFEY,PARKUQ01,0.9079888043677894
LIQFEY,MITSAK,0.9077289968530144
LIQFEY,MITSUE,0.9077243471098676
LIQFEY,FUMJAA,0.90744995232857
JOPGOM,HURGEH,0.9999816954740628
POKZOG,JUQSIZ,0.9998861520598908
POKZOG,PIQQEN,0.9613062104618726
POKZOG,REFWIL,0.957371862470876
POKZOG,FOKWOT,0.9423032231552732
POKZOG,XEFGUN01,0.9082439994698792
POKZOG,REXYAX,0.8796618462803043
POKZOG,EREGOY,0.8604934665429684
COXFOL,XADDUD,0.9996007106531908
COXFOL,WIMWEW,0.9995595325409382
COXFOL,MOXDEJ,0.9991677162276338
COXFOL,XAPSIS,0.8960089320619418
COXFOL,CIPLIX,0.895432301892658
COXFOL,FUMJAZ01,0.8653925750784117
COXFOL,FUMJAZ,0.8652850111453841
COXFOL,XEVXUT,0.8625050286981863
COXFOL,TONBOO,0.8623722453402458
COXFOL,XIHSAJ01,0.8619853239204581
COXFOL,XIHSEN01,0.86197373542037
COXFOL,XIHSEN,0.8617787474351971
ZEFSAG,URUFIY,0.8647564176712907
NAXVOY04,MOPQIT,0.9999975400935666
NAXVOY04,XEHSOT,0.9999909909768044
NAXVOY04,NIWZIE01,0.9999883965442232
NAXVOY04,NIWZIE09,0.9999507813705796
NAXVOY04,NIWZIE17,0.9998854788739244
NAXVOY04,NIWZIE18,0.9998775890738968
NAXVOY04,LICSEW03,0.9974862080629272
NAXVOY04,LICSEW04,0.99725083937948
NAXVOY04,MGFORD02,0.997023229532975
NAXVOY04,AMURUX,0.996454812099754
UNEJEE,ERARUM,0.8929689837520632
UNEJEE,WIZMAV06,0.892910478437877
UNEJEE,WIZMAV09,0.8928973567560707
UNEJEE,ERANAO,0.8921829174941905
UNEJEE,BUNLAZ,0.8837229818257442
UNEJEE,BUNKUS,0.8833741143420274
UNEJEE,RUBTAK05,0.8749171904677403
UNEJEE,RUBTAK03,0.8749064782432829
MUDTAH,KEFBOO,0.9859172166865025
UMELUU,UMORIY,0.9997144116722738
LARBOW01,NAHHAI,0.9029547293827108
LARBOW01,CISMEY,0.9003449025208987
HAJYAV,CAQJOW,0.9999986787095064
HAJYAV,HALVEY,0.998204881338266
HAJYAV,TAHYUZ,0.9521946676184416
HAJYAV,MOXDOT01,0.8828814127209113
HAJYAV,MOXDOT,0.8828419636418476
HAJYAV,DIBQIQ,0.8728366425521091
HAJYAV,NIGNUO,0.872393838375468
HAJYAV,DIBQEM,0.8721531889493264
HAJYAV,DIBQOW,0.8683162375583744
HAJYAV,ESEQUO,0.8646836272536945
JOVYAW,KEFBOO,0.9922633133579736
JOVYAW,NANYUX03,0.9081518240215376
JOVYAW,REGREC,0.9080665570612184
JOVYAW,NIWYID,0.9077438276956074
JOVYAW,UFAMEW,0.8612744933842137
LAYXAN,LAYWOA,0.9999706232812738
LAYXAN,ANUGEW,0.9993711749082734
LAYXAN,BAZGAM,0.9730466211276948
LAYXAN,BAZFUF,0.9655466124122112
LAYXAN,QOWRAV,0.9530289371763748
LAYXAN,QOWRAV05,0.9528193100653384
LAYXAN,QOWRAV04,0.9528044253610556
LAYXAN,ORAWAH,0.9084610897967716
LAYXAN,NAPSUV,0.8814330042394483
LAYXAN,XICKOL,0.8703541212718281
LAYXAN,HIDTUM,0.865922120797812
LAYXAN,SEMNIJ,0.8656064804760788
LAYXAN,LURRIA,0.864721353473015
LAYXAN,ASIVAB,0.8619133548713988
LAGWIB,VAKREG,0.9999612940998648
DOTSOV08,DOTSOV10,0.9999999991633428
DOTSOV08,BODPAN,0.9999722533171904
DOTSOV08,XAMDUM,0.9999463090210684
DOTSOV08,FIQCEN,0.9999444147684587
DOTSOV08,LUDLED,0.9999414790303616
DOTSOV08,YOZNEI,0.999912922816752
DOTSOV08,DOTSOV02,0.999073708544422
DOTSOV08,QIZLIW,0.9990023811012624
DOTSOV08,QAWHIH01,0.9988046110853368
DOTSOV08,YOZNUY,0.9977627018081278
DOTSOV08,NEHZOS,0.9972186060527232
DOTSOV08,NEHZUY,0.9971430729475692
DOTSOV08,QIZLOC,0.9950783254744018
DOTSOV08,DALSOA,0.9330058180414648
DOTSOV08,BABREE,0.9324954761296984
DOTSOV08,ORAWAH,0.93168916889173
DOTSOV08,EXOYAS,0.9199364619293514
DOTSOV08,EXOGAB,0.907980568991541
DOTSOV08,NUTQAV,0.9074210557417058
DOTSOV08,NUTQEZ,0.907283251194374
DOTSOV08,HANWAW,0.906930601161263
DOTSOV08,HUCBOX02,0.8973567654169241
DOTSOV08,MOFGOE,0.8962956867261792
DOTSOV08,MOBDIR,0.8962934646540652
DOTSOV08,IPUPIU,0.8868423570502197
DOTSOV08,ADONEP,0.8846758306858842
DOTSOV08,EXAXAE,0.8828264408962223
DOTSOV08,EMUBIZ,0.8825123607423393
DOTSOV08,HIDTUM,0.8741848518594566
DOTSOV08,LAQNID,0.8692419399573739
DOTSOV08,OKABAE,0.8676511646401723
DOTSOV08,KIRFOI,0.8666244848980653
EMUBIZ,EXAXAE03,0.9999998825930227
EMUBIZ,EXAXAE,0.9999896889397316
EMUBIZ,XEDMEB,0.9984958989084318
EMUBIZ,WANJIF,0.9973210267953292
EMUBIZ,KANMIX,0.9961507058888116
EMUBIZ,USEVOF,0.9958847657675756
EMUBIZ,NEHZOS,0.8850726044984625
EMUBIZ,NEHZUY,0.8850690965474902
EMUBIZ,QIZLOC,0.8846822568783324
EMUBIZ,DOTSOV02,0.8825957567119047
EMUBIZ,DOTSOV16,0.8825124140310517
EMUBIZ,DOTSOV14,0.8825097737537092
EMUBIZ,DOTSOV10,0.8825094377666426
EMUBIZ,DOTSOV11,0.882506602345472
EMUBIZ,DOTSOV13,0.8825063032769263
EMUBIZ,BODPAN,0.8819548182160957
EMUBIZ,XAMDUM01,0.8817510830801051
EMUBIZ,XAMDUM,0.8817190124873814
EMUBIZ,FIQCEN,0.8817041948403043
EMUBIZ,YOZNIM,0.8816274194932998
SITDAD,DUWBEE,0.9993946357911966
SITDAD,QUQFOY,0.9836424703576796
SITDAD,PARKUQ01,0.947211110123788
SITDAD,MITSAK,0.9471872769941044
SITDAD,MITSUE,0.9471863736037966
SITDAD,YEYRAY,0.9471351506994968
SITDAD,KUJMIN,0.9470032086404376
SITDAD,CEHKUW,0.9467809297868216
SITDAD,QEKLID01,0.9326965641003336
SITDAD,QEKLID,0.9326644034094992
SITDAD,AWEJIW,0.903064333227878
SITDAD,PAQYAJ01,0.868380780384862
SITDAD,GERWOR,0.8636062520503126
REZJIR02,YUKTUU05,0.999999969038295
REZJIR02,YUKTUU,0.999999984682827
REZJIR02,DADTOS15,0.9999999001600096
REZJIR02,REZJIR03,0.999999676279534
REZJIR02,VIRJEM,0.999998017387724
REZJIR02,PADJOU01,0.9999943752684434
REZJIR02,DADTOS13,0.9999836764344272
REZJIR02,LIJWOR02,0.9999826132872556
REZJIR02,YANWOC02,0.9999803049104216
REZJIR02,DADTOS04,0.999970600894838
REZJIR02,DADTOS11,0.9999702019104968
REZJIR02,DADTOS08,0.9999691456662108
REZJIR02,DADTOS09,0.9999686426710508
REZJIR02,DIDVIW,0.9999663203807172
REZJIR02,DADTOS18,0.9999652812457308
REZJIR02,YANWOC01,0.999965064227058
OGEBAF01,FAGQAI,0.9550147541366454
OGEBAF01,QIYDAF01,0.9549720567513116
OGEBAF01,YUGLES,0.9377569705842308
OGEBAF01,NUTQAV,0.9370555067563686
OGEBAF01,SEMNIJ,0.9256938483288102
OGEBAF01,NEHZOS,0.8610795511365348
OGEBAF01,NEHZUY,0.8610664452829894
OGEBAF01,QIZLIW,0.8610047920693165
OGEBAF01,QIZLOC,0.8604561196364485
UGEPEB01,QERZUI01,0.9999749356963376
UGEPEB01,UFUNIS,0.9999695095358184
UGEPEB01,ECODIK,0.999968179772498
UGEPEB01,BAHGUN02,0.9999272605771404
UGEPEB01,BAHGUN04,0.9998826244933224
UGEPEB01,UFUMUD02,0.9998101033505356
UGEPEB01,EGOZAB,0.9997628248393496
UGEPEB01,UFUMUD01,0.9997526357619464
UGEPEB01,POFDIZ,0.9994130267418992
UGEPEB01,UFUNAK,0.9993546704867848
UGEPEB01,KAKTIA01,0.9988732335414228
UGEPEB01,KAKTIA,0.9988408125752452
UGEPEB01,AHEMEG,0.9979873414747148
UGEPEB01,VOJPUG01,0.9979614903588824
UGEPEB01,POFDOF,0.9970215593342896
UGEPEB01,NELCEN,0.9956780559895984
UGEPEB01,POFFEX,0.9950812812309712
UGEPEB01,XICKOL,0.8768075501548729
EKEKEL,XOJWOJ,0.9994166900731803
EKEKEL,VUSKEA,0.8872975551354692
EKEKEL,MIBQAR07,0.8872962107874396
EKEKEL,HOLRAD,0.8872935722979587
EKEKEL,VEGMOK04,0.8859022780279487
EKEKEL,FIJCUX01,0.8836176175023797
QISGAC,LIWYUM,0.8650513263438099
OKABAE,ONIXOZ,0.8712220296444702
OKABAE,QIZLIW,0.8691984899347052
OKABAE,NEHZOS,0.8691188393620016
OKABAE,NEHZUY,0.8691005375755587
OKABAE,QIZLOC,0.8683689435201759
OKABAE,OHOMIH,0.8683096328991302
OKABAE,DOTSOV10,0.8676488368028143
OKABAE,DOTSOV15,0.8676488356419328
OKABAE,DOTSOV11,0.8676465783648708
OKABAE,WULJUJ,0.8675485178502106
OKABAE,ORAWAH,0.8672400941144949
OKABAE,BODPAN,0.8672015282270247
OKABAE,XAMDUM01,0.867034736851765
OKABAE,XAMDUM,0.8670083666257202
OKABAE,FIQCEN,0.8669961777829392
OKABAE,LUDLED,0.8669776284253548
OKABAE,YOZNIM,0.8669329417531497
OKABAE,KIRFOI,0.8635106712406724
OKABAE,YOZNUY,0.8616316403992863
HANWAW,ONIXOZ,0.9101484574518524
HANWAW,QIZLIW,0.9081935076392124
HANWAW,NEHZOS,0.9079202094561958
HANWAW,NEHZUY,0.907895649894163
HANWAW,ORAWAH,0.907249714130784
HANWAW,DOTSOV02,0.90707481190046
HANWAW,QIZLOC,0.9070621598689343
HANWAW,DOTSOV11,0.9069265291910164
HANWAW,DOTSOV13,0.9069263180542186
HANWAW,XAMDUM01,0.9063786424505444
HANWAW,XAMDUM,0.9063535981658072
HANWAW,FIQCEN,0.9063425555267602
HANWAW,LUDLED,0.906325750577946
HANWAW,YOZNIM,0.9062866790281014
HANWAW,YOZNEI,0.9061914717743212
HANWAW,DIHVIB,0.906123351970842
HANWAW,QAWHIH01,0.903273438615144
HANWAW,YOZNUY,0.9013338556969054
HANWAW,YOZNOS,0.8960401669393442
HANWAW,EXOGAB,0.8884848971156801
ULISOZ,NIWYID,0.9999956680963532
ULISOZ,REGREC,0.9999522539456176
ULISOZ,UFAMEW,0.9454573938186566
ULISOZ,QUQFEO,0.9327904394565776
ULISOZ,EXOXUL,0.9130022629502622
ULISOZ,KEFBOO,0.903665730549034
ULISOZ,DUNXUH13,0.8971697572447148
ULISOZ,DUNXUH15,0.8971346120435663
ULISOZ,DITTEH,0.8872415391580748
ULISOZ,DOYHOQ,0.8776057272398243
ULISOZ,NUFBOH,0.8770809467138808
ULISOZ,DOYHIK,0.8760701976896116
ULISOZ,VEGMOK04,0.8749932076252946
ULISOZ,REDROI,0.8749931347385904
ULISOZ,IFABIA02,0.8748395358319133
ULISOZ,FIJCUX01,0.8743261414317987
ULISOZ,PEVQOY,0.8738860327382296
ULISOZ,MIBQAR07,0.8736903588856718
ULISOZ,MIBQAR01,0.8736452684652737
ULISOZ,HOLRAD,0.8736401311061563
ULISOZ,SOWCOY,0.8609782262213808
ULISOZ,SOWCOY01,0.8607734945409241
VUQKAU01,VUQJUN01,0.9981664568441648
VUQKAU01,UKIQIP,0.9323517006051132
VUQKAU01,DADLEC,0.9199733784651656
VUQKAU01,BELTOD,0.8843051827625024
VUQKAU01,GURXIB,0.8795893774016432
VUQKAU01,DAWCOV,0.8616632586971749
LICSEW03,SIRBIG01,0.9998891920816254
LICSEW03,LICSEW04,0.9999761831444556
LICSEW03,MGFORD02,0.9999450154081148
LICSEW03,AMURUX,0.999877775157484
LICSEW03,XEHSOT,0.9977758297842396
LICSEW03,MOPQIT,0.9976361406557211
LICSEW03,NIWZIE01,0.9971345667715732
LICSEW03,NIWZIE09,0.9967381476886832
LICSEW03,NIWZIE18,0.9962630517853804
NIFSUT,NIFQIF,0.9999968333872368
LEPKUO,AHONIU,0.9986898353034516
HERYOT,XEXLOD,0.8205972791505847
HERYOT,QOBGEV,0.8471803015630074
QOWRAV10,QOWRAV12,0.999999977519318
QOWRAV10,QOWRAV07,0.9999999088256604
QOWRAV10,QOWRAV05,0.9999996746177808
QOWRAV10,BAZFUF,0.9971805072021884
QOWRAV10,BAZGAM,0.986221862223685
QOWRAV10,LAYWOA,0.954505814567436
QOWRAV10,AZAVUU,0.8887184100536454
QOWRAV10,ORAWAH,0.8811781048485059
QOWRAV10,LURRIA,0.8608201431489394
CUFFOZ,YAMXOC,0.9999999841625792
CUFFOZ,IYUHIU,0.999542062659312
CUFFOZ,XINTOG,0.9240624390094524
CUFFOZ,MAYJOM,0.874906592663053
CUFFOZ,VIFPUY02,0.8747426509607467
CUFFOZ,VIFPUY05,0.8747414505056494
CUFFOZ,VIFPUY,0.8747390524927571
CUFFOZ,VIFPUY03,0.8747385079007138
VACFOV,MAYJOM,0.9999934690981878
VACFOV,VIFPUY02,0.9999853824272612
VACFOV,VIFPUY,0.9999845004568606
VACFOV,VIFPUY03,0.9999843823144144
VACFOV,GALJAG,0.9471994538791936
VACFOV,FAHQEM,0.9440399414220148
VACFOV,GALHUY,0.938317598337686
VACFOV,NEDLOZ,0.9058134095199148
VACFOV,CIFSIW,0.9047705961390796
VACFOV,CIFSAO,0.903848098936565
VACFOV,FOSTIS,0.903574761631588
VACFOV,UNIDAY,0.9034035799627812
VACFOV,CUFFUF,0.8748460717430366
VACFOV,CUFFIT,0.87482897936713
VACFOV,CUFDUD,0.8740764996868007
VACFOV,PEYVEV,0.8608296325976913
WIXJIW01,UVASAM,0.8950765872823211
WIXJIW01,XALXIS01,0.8643728967704549
XAFFAN,JENKET,0.8857368956041447
XAFFAN,FIJCUX01,0.877874919440443
XAFFAN,IFABIA02,0.8761240092616018
XAFFAN,PEVQOY,0.8732437867550757
XAFFAN,MIBQAR07,0.8728512645287095
XAFFAN,MIBQAR01,0.8727624636135135
XAFFAN,DITTEH,0.8651847449861023
DADTOS04,DADTOS01,0.99999999658552
DADTOS04,DADTOS,0.9999999866742098
DADTOS04,DADTOS08,0.9999999824107432
DADTOS04,YANWOC01,0.9999997612388776
DADTOS04,DADTOS02,0.9999996616020128
DADTOS04,YANWOC02,0.9999990304710934
DADTOS04,DADTOS15,0.999973759334745
DADTOS04,YUKTUU01,0.9999695780215468
DADTOS04,YUKTUU,0.9999692783370402
DADTOS04,MNFORD02,0.9999068438197593
FIBHOQ,USUBUG,0.9954244138021552
DOTSOV13,DOTSOV16,0.999999996345504
DOTSOV13,BODPAN,0.9999728786224598
DOTSOV13,XAMDUM01,0.9999511468139785
DOTSOV13,UXISUR,0.9999472973008704
DOTSOV13,XAMDUM,0.9999471835674916
DOTSOV13,LUDLED,0.9999423922200792
DOTSOV13,YOZNIM,0.9999351082384044
DOTSOV13,YOZNEI,0.9999140326137356
DOTSOV13,DIHVIB,0.9999026377498056
DOTSOV13,WULJUJ,0.9990936788444624
DOTSOV13,QIZLIW,0.9989985958741544
DOTSOV13,YOZNUY,0.9977683544573572
DOTSOV13,NEHZOS,0.997212299352782
DOTSOV13,NEHZUY,0.9971366817230428
DOTSOV13,OHOMIH,0.9949146604645444
DOTSOV13,YOZNOS,0.9911964497439818
DOTSOV13,DALSOA,0.9330061278503964
DOTSOV13,BABREE,0.9324927482608424
DOTSOV13,ORAWAH,0.9316935197310944
DOTSOV13,ONIXOZ,0.926031509451151
DOTSOV13,RAWYAS,0.9193462524917162
DOTSOV13,IWEVAJ,0.9187165718522072
DOTSOV13,YUGLES,0.9076876967281746
DOTSOV13,OFOCUI,0.9073638106798044
DOTSOV13,NUTQEZ,0.9072869671658068
DOTSOV13,HUCBOX02,0.8973567614247182
DOTSOV13,MOFGOE,0.8962926707154408
DOTSOV13,MOBDIR,0.8962904433640774
DOTSOV13,IPUPIU,0.8868449115294754
DOTSOV13,KANMIX,0.8849472931802878
DOTSOV13,WANJIF,0.8849300961952113
DOTSOV13,USEVOF,0.8848949931281747
DOTSOV13,ADONEP,0.8846745404238909
DOTSOV13,EXAXAE,0.8828207644494575
DOTSOV13,EXAXAE03,0.8825366348140185
DOTSOV13,HIDTUM,0.8741775080433808
DOTSOV13,LAQNID,0.86924125279285
DOTSOV13,KIRFOI,0.8666183280786368
VAKREG,CUZBUW,0.999752803874658
MOXDEJ,FILYEG,0.9998691730359808
MOXDEJ,XADDUD,0.9998073754565152
MOXDEJ,WIMWEW,0.9987787468746804
MOXDEJ,XAPSIS,0.894610516299363
MOXDEJ,CIPLIX,0.8936014126274321
MOXDEJ,FUMJAZ,0.8660954598910526
MOXDEJ,XIHSEN01,0.8635551338160122
MOXDEJ,VASYEW,0.861399876182668
MOXDEJ,BUKLOJ,0.8602248425843435
NIGNUO,DIBQEM,0.9999968277354444
NIGNUO,NIGPEA,0.9770671096073524
NIGNUO,MIHJUL,0.9735363137608276
NIGNUO,XUDVAV,0.9461645056210524
NIGNUO,MOXDOT01,0.9429292560634912
NIGNUO,FISQEG,0.940272230141913
NIGNUO,CIKPEU,0.9105608463192594
NIGNUO,NOMPIQ01,0.9103885972808522
NIGNUO,ESEQUO,0.9065453964732588
NIGNUO,BUKLOJ,0.90375009501226
NIGNUO,AGAFAS,0.8754759119266983
NIGNUO,CAQJOW,0.8724398215003506
NIGNUO,JODGIU,0.8719998385303227
NIGNUO,FEXCAO01,0.8710193687779046
NIGNUO,ERUNUC,0.8705484155573919
NIGNUO,DIQHAO01,0.8691508507365732
NIGNUO,VASYEW,0.8666535849260432
NIGNUO,HALVEY,0.8649853437572997
NIGNUO,XALMOO,0.8624281767336408
BAKJII,BAKJOO,0.9996425778111496
BAKJII,FEVDER,0.9765057601801518
BAKJII,ERUNUC,0.9090906817879512
BAKJII,JODGIU,0.9083097062747164
BAKJII,DIDBOJ,0.907947121257997
BAKJII,FUMJAZ01,0.9022565797450456
BAKJII,FUMJAZ,0.902055718602323
BAKJII,XEVXUT,0.8990884225760531
BAKJII,FISQEG,0.893132138349854
BAKJII,YATDOP,0.8869628922720076
BAKJII,XUDVAV,0.8860224267156486
BAKJII,XALMOO,0.8850688446625647
BAKJII,CEYPUT01,0.8787298025583913
BAKJII,CEYPUT,0.8787223453523778
BAKJII,DIQHAO01,0.8786934251307835
BAKJII,VEDGES,0.8785335484619068
BAKJII,VEDFIV,0.8784084433289892
BAKJII,VEDFOB,0.87835097430368
BAKJII,VEDGAO,0.878293266360689
BAKJII,BOWDOI,0.8782190076380169
BAKJII,BOWDUO,0.878121916819325
BAKJII,AHETAK,0.8780934443156034
BAKJII,BOWDIC,0.8780256917016974
BAKJII,TATSIS,0.8756295342550872
BAKJII,LASMAV,0.8745693029851673
BAKJII,YIGGEB,0.8721974102605896
BAKJII,XAPSIS,0.8611386799028911
DOTSOV33,DOTSOV34,0.9999999988398368
NUCPIM,DOYHOQ,0.9065563431212602
NUCPIM,NUFCAU,0.9030733740257736
NUCPIM,DOYHIK,0.9023678443128298
NUCPIM,UFAMEW,0.879351893723267
NUCPIM,DITTEH,0.8719182254418276
NUCPIM,QUQFEO,0.8664074380990862
WEYQAU02,WEYQAU01,0.9999891063926694
WEYQAU02,WEYQAU09,0.9999846485787732
WEYQAU02,PUNYIH,0.9940205423323518
WEYQAU02,OFODET,0.9043796003312112
WEYQAU02,UKIQIP,0.8852078096107447
WEYQAU02,SOBDOF,0.8842979548351976
WEYQAU02,HIYZEV01,0.882917889077522
WEYQAU02,DIJCOP,0.8721409492995711
WIZMAV04,WIZMAV,0.999999994454712
WIZMAV04,WIZMAV06,0.9999999930615032
WIZMAV04,WIZMAV07,0.999999986399986
WIZMAV04,WIZMAV12,0.9999998060352278
WIZMAV04,ERARUM,0.9999992782527024
WIZMAV04,UVAHIK,0.9999957569259308
WIZMAV04,ERANAO,0.9926500921325108
WIZMAV04,GERBEN,0.955421678915466
WIZMAV04,RUBTAK05,0.9469416359681296
WIZMAV04,SURLEY,0.9469386660966423
WIZMAV04,RUBTAK03,0.946938420205375
WIZMAV04,DITJOH,0.922537364090802
WIZMAV04,IZIBUQ,0.910231617748427
WIZMAV04,ESEBOV,0.8931920523392558
WIZMAV04,WUPTUY01,0.8634730651470957
WIZMAV04,OXOLAP,0.8632160553909474
WUHNUK,HUTZAX01,0.9982840929518064
WUHNUK,XENMIO,0.9397785372120872
WUHNUK,PEVQOY,0.9080979371035782
WUHNUK,VUSKEA,0.9080719420102628
WUHNUK,MIBQAR01,0.9080516505806816
WUHNUK,HOLRAD,0.9080487841542156
WUHNUK,VEGMOK04,0.9071645323996442
WUHNUK,FIJCUX01,0.9051797605265676
GOQTIR,WUZGEF,0.8424253482628143
GOQTIR,FELXOM,0.9515916695867151
GOQTIR,FONQAC,0.9313674494749976
GOQTIR,JUYJIY,0.9222231330778554
GOQTIR,XOGWUN,0.8851555795848365
GOQTIR,RUXWEM03,0.8849037698909055
GOQTIR,VAYFAE,0.8840581065716562
GOQTIR,IRELIC,0.8813103401326505
GOQTIR,YICRAF,0.8758825836520043
GOQTIR,XEFGUN01,0.8686073742023137
DEKGOS,OGULUY,0.850353916222837
DADTOS11,DADTOS08,0.99999999079877
DADTOS11,DADTOS,0.9999999768604434
DADTOS11,DADTOS06,0.9999999207472862
DADTOS11,DADTOS18,0.9999998120389152
DADTOS11,YANWOC01,0.9999997956920216
DADTOS11,DADTOS02,0.9999996175602576
DADTOS11,DADTOS13,0.9999979869201924
DADTOS11,DADTOS15,0.999973382027013
DADTOS11,YUKTUU01,0.9999691720812284
DADTOS11,YUKTUU,0.9999688704104254
DADTOS11,REZJIR03,0.999964655928079
DADTOS11,VIRJEM,0.999952866309606
DADTOS11,LIJWOR02,0.9999076523627132
DADVAG01,DADVAG,0.9999999714748125
WEBLAQ,RIGHAR,0.9990556232081348
WEBLAQ,IGUTUB,0.9228055743482952
WEBLAQ,ECIWIW,0.9223681132400686
WEBLAQ,IGUTUB01,0.9202896074904968
WEBLAQ,GOYLUB,0.8830232923587132
WEBLAQ,KETHEY,0.8779153966571971
EXUTAU,EXUSUN,0.9999995081653432
EXUTAU,WECSAZ,0.9998139151315149
EXUTAU,EHAZES,0.9995356438137928
EXUTAU,YIXFOC03,0.9985725914557736
EXUTAU,SIKYER,0.9957368958158542
EXUTAU,DUGDOA,0.9082275903038546
EXUTAU,DUGDOA01,0.9082130664925336
EXUTAU,QICXUY,0.8938076533811657
EXUTAU,HISSIN,0.8850654560367917
EXUTAU,WOJYOL,0.882187351890044
EXUTAU,WOJZIG,0.8787265130309745
EXUTAU,LUCDAO,0.8777622183289904
EXUTAU,SENXER,0.8676145707461296
EXUTAU,RUYVIS,0.8659035396059015
EXUTAU,SENXAN,0.8627405751709559
EXUTAU,LIXMEM,0.8607563075891463
HIZQOX,YINPEQ,0.9998642434350594
EHAZAO,YICKIH,0.8850763673062307
EHAZAO,SIKYER,0.9999924696970036
EHAZAO,YIXFOC03,0.9993814560169856
EHAZAO,WECSAZ01,0.9985485440999464
EHAZAO,IBEYAQ,0.9420718007319504
EHAZAO,DUGDOA,0.9037461537599298
EHAZAO,WOJYOL,0.8872180275790206
EHAZAO,WOJZIG,0.8863871808450431
EHAZAO,LUCDAO,0.8845444059974521
EHAZAO,RUYVIS,0.8757009246695712
EHAZAO,SENXER,0.8738724742439768
EHAZAO,UHISEK,0.8608358087900955
EHAZAO,AHONEQ,0.8604074027430055
OHIHUJ,DOJXIK,0.9999883489364464
OHIHUJ,KUGQOT,0.9983329545630848
OHIHUJ,NAMDOV,0.9978626181719416
OHIHUJ,LESWAI,0.8636168491217149
ALUJEX,SEQWIW,0.9404507708606809
UMIZIB,LEDHEJ,0.995938196758673
UMIZIB,WOJYUR,0.9749058247277436
UMIZIB,XISDIO,0.9742389477569652
UMIZIB,DUGDUG,0.966112648194213
UMIZIB,AYOZOF,0.957284313009106
UMIZIB,KEDJEL,0.9328228801372326
UMIZIB,ZALLEG,0.9304717979339132
UMIZIB,VITZAB,0.904069200534066
UMIZIB,QACTUJ,0.8825533155393634
UMIZIB,BOJYIK,0.882467645691259
WUNVEH,OKIYIR,0.9999998484996532
WUNVEH,OKIVAG,0.9999998368083182
WUNVEH,OKIVIO01,0.9999995227285164
WUNVEH,SAHYAD02,0.9999979475652808
WUNVEH,WUNSII,0.9999940405410211
YOZNUY,DIHVIB,0.9986019489732544
YOZNUY,YOZNEI,0.9985531327639768
YOZNUY,LUDLED,0.9984267214391324
YOZNUY,FIQCEN,0.9984112897417174
YOZNUY,UXISUR,0.9984004491500102
YOZNUY,DOTSOV11,0.9977680757000648
YOZNUY,DOTSOV14,0.997765090244368
YOZNUY,DOTSOV12,0.9977626564435418
YOZNUY,DOTSOV16,0.9977626520164176
YOZNUY,WULJUJ,0.995932694852808
YOZNUY,NEHZOS,0.9900421288180996
YOZNUY,NEHZUY,0.9899007008714994
YOZNUY,QIZLOC,0.9863062571041542
YOZNUY,OHOMIH,0.986041034993394
YOZNUY,BABREE,0.9281172920314869
YOZNUY,EXOYAS,0.9165564200859746
YOZNUY,ONIXOZ,0.9160408154679024
YOZNUY,NUTQEZ,0.9079839380914956
YOZNUY,NUTQAV,0.9079036802879664
YOZNUY,OFOCUI,0.9074486944158132
YOZNUY,HUCBOX02,0.8951189369416908
YOZNUY,MOBDIR,0.8916852749921756
YOZNUY,IPUPIU,0.8866237514090355
YOZNUY,KANMIX,0.8837887698217199
YOZNUY,WANJIF,0.8826642513420309
YOZNUY,XEDMEB,0.8815782878649956
YOZNUY,EXAXAE,0.8761415661129446
YOZNUY,EXAXAE03,0.8755883699860239
YOZNUY,HIDTUM,0.8662004947923612
UFATEA01,CAXZUY,0.9220826173148856
UFATEA01,TEVVOI,0.9168962258300938
UFATEA01,LIDSAU,0.8792872448867032
UFATEA01,LIDSEY,0.8792612266625108
UFATEA01,XOMCIN,0.8789674478477321
UFATEA01,FEVDIV,0.8784024097977441
UFATEA01,JAMSEY,0.8760442337002387
QUSBIQ,YINPEQ,0.9996500024881708
USEVOF,KANMIX,0.9999950704047976
USEVOF,WANJIF,0.9996600940521364
USEVOF,XEDMEB,0.9993532667298036
USEVOF,ADONEP,0.999122607091454
USEVOF,EXAXAE03,0.995923098408998
USEVOF,YOZNIM,0.8850474388766726
USEVOF,LUDLED,0.8850421838840228
USEVOF,FIQCEN,0.8850398517775426
USEVOF,XAMDUM,0.8850382728638266
USEVOF,UXISUR,0.8850381753346116
USEVOF,DOTSOV11,0.8848949133478331
USEVOF,DOTSOV16,0.8848933585532043
USEVOF,DOTSOV12,0.8848933448677835
USEVOF,QAWHIH01,0.8846346572813559
USEVOF,WULJUJ,0.8837189588870056
USEVOF,DOTSOV02,0.8836967670821358
USEVOF,KIRFOI,0.8835928073188515
USEVOF,QIZLIW,0.8830414308132426
USEVOF,NEHZUY,0.8805942721493867
USEVOF,QIZLOC,0.8780862788924766
USEVOF,YOZNOS,0.8772781725943201
IPUPIU,EXOGAB,0.9729220012500724
IPUPIU,LAQNID,0.9521628053730504
IPUPIU,BAZFUF,0.9479663941901644
IPUPIU,QOWRAV,0.9446585791684026
IPUPIU,QOWRAV08,0.9446157684850804
IPUPIU,QOWRAV05,0.9445738352229862
IPUPIU,BAZGAM,0.9442225612371146
IPUPIU,ORAWAH,0.9190365906175704
IPUPIU,ENIHUG,0.916418183052148
IPUPIU,NAPSUV,0.9107240302594014
IPUPIU,IXAJUN,0.8907401447485865
IPUPIU,DIHVIB,0.8871677134087563
IPUPIU,LUDLED,0.8871104790254922
IPUPIU,XAMDUM,0.8871015363645722
IPUPIU,UXISUR,0.8871013166288197
IPUPIU,DOTSOV15,0.8868435915774524
IPUPIU,DOTSOV14,0.8868434364902907
IPUPIU,DOTSOV12,0.8868423361508012
IPUPIU,WULJUJ,0.8855184151542166
IPUPIU,DOTSOV02,0.8854957000032638
IPUPIU,NEHZOS,0.8818209991178355
IPUPIU,YOZNOS,0.8799335059604437
IPUPIU,QIZLOC,0.878954549058528
IPUPIU,OHOMIH,0.8787491192790382
IPUPIU,AZAVUU,0.8769482742884427
ROLCEC,ROLCEC03,0.9999921006459738
ROLCEC,ROLCEC16,0.999999977363316
ROLCEC,ROLCEC01,0.9999995898744772
ROLCEC,ROLCEC06,0.999917833734666
ROLCEC,ROLCEC09,0.999893237087604
SCFORM10,SCFORM01,0.999944694957502
OHOROS,SAQFUM,0.9999967009592172
OHOROS,SAQFUM01,0.9999833430563696
OHOROS,NUCRIN,0.8775331567802005
OHOROS,MOFTIL01,0.8770040055775168
OHOROS,MOFTIL02,0.8767525730600207
OHOROS,FECWOB,0.8759575486170053
OHOROS,GAMFEG,0.8723341207429152
OHOROS,BOVHEB,0.8694103380290893
ONIXOZ,ORAWAH,0.9857175199142044
ONIXOZ,EXOGAB,0.937415606673122
ONIXOZ,HIDTUM,0.9359460528732328
ONIXOZ,OHOMIH,0.9328593601217654
ONIXOZ,QIZLOC,0.9328140436286104
ONIXOZ,NEHZUY,0.9321019388775093
ONIXOZ,NEHZOS,0.9320584173655148
ONIXOZ,WULJUJ,0.926796740881582
ONIXOZ,DOTSOV14,0.9260372098158648
ONIXOZ,DOTSOV10,0.9260366525309296
ONIXOZ,UXISUR,0.9247757058810204
ONIXOZ,YOZNIM,0.9246318964946764
ONIXOZ,DIHVIB,0.924299696817458
ONIXOZ,LAYWOA,0.9188135697738172
ONIXOZ,ANUGEW,0.9175951878171748
ONIXOZ,YOZNOS,0.9101657905706132
ONIXOZ,IXAJUN,0.8900503218960524
ONIXOZ,XICKOL,0.8864516858468068
ONIXOZ,BAZGAM,0.8805048413080107
ONIXOZ,KIJRUS,0.877714008477354
ONIXOZ,NAPSUV,0.8734196547549065
ONIXOZ,BABREE,0.8712951590005236
ONIXOZ,DALSOA,0.8675884716037452
ONIXOZ,IXAKAU,0.8608383711498337
AHETAK,BOWDIC,0.9999983104493684
AHETAK,BIPXIK,0.9999978740020984
AHETAK,BOWDOI,0.9999952922324228
AHETAK,VEDFER,0.999971823611776
AHETAK,VEDFIV,0.9999574427404158
AHETAK,VEDGIW,0.9999553757443655
AHETAK,CEYPUT,0.999884077487086
AHETAK,CEYPUT01,0.9998351959377388
AHETAK,ABAVIJ,0.9994657496666944
AHETAK,ERUNIQ,0.9991449098335676
AHETAK,ABAVUV,0.9985530639078938
AHETAK,CAXZOS,0.9230944613616676
AHETAK,DIDBOJ,0.922983856514438
AHETAK,JODGIU,0.9229640138795134
AHETAK,DIDBEZ,0.9228879039882084
AHETAK,DIDBID,0.9228111945692876
AHETAK,FEVDER,0.8792379775163568
AHETAK,BAKJEE,0.8787476499934004
AHETAK,TIDNIF,0.8769648304415102
AHETAK,ESEQUO,0.8740313633851319
DADTOS02,YANWOC02,0.99999983760192
DADTOS02,DADTOS,0.9999997825576542
DADTOS02,DADTOS08,0.9999994897183572
DADTOS02,DADTOS09,0.9999994232449352
DADTOS02,DADTOS13,0.999999359332022
DADTOS02,DADTOS06,0.999999190125738
DADTOS02,DIDVIW,0.9999990724477268
DADTOS02,YANWOC01,0.999998854687058
DADTOS02,YUKTUU01,0.9999756560176554
DADTOS02,YUKTUU,0.9999753878507852
DADTOS02,REZJIR03,0.9999716076318592
DADTOS02,PADJOU01,0.999948628647484
DADTOS02,MNFORD02,0.9999170077863252
MAXHUP,CUGYOU,0.999880552586679
QUSVOQ,WUHMUJ,0.9422888740406384
QUSVOQ,GEPBEK,0.9340020362579214
QUSVOQ,XAPSIS,0.8609998932197629
KOGYIP,KIKRAA,0.99970954073657
KOGYIP,XIQZIH,0.9991421573552908
KOGYIP,ASUKEE01,0.998745032839815
PEFDEK,BUHFER,0.9991179204866324
PEFDEK,GAXROO,0.9990102952749846
PEFDEK,TALKAT,0.9989057230662284
FUQJUX,PEBNER,0.9999207500861642
FUQJUX,QONKUB,0.9997893083982474
FUQJUX,BUZKUE,0.9997043385215976
FUQJUX,QONLIQ,0.9996910139386848
FUQJUX,JAVNIE,0.9996384053203234
FUQJUX,QOMSES,0.9996351654598457
FUQJUX,CISLUN,0.999594519478701
FUQJUX,VUQJEX01,0.9988837433816716
FUQJUX,VUQJEX,0.9988517110165156
FUQJUX,DEGJIK,0.9986771070787186
FUQJUX,HOSPEL,0.9981857700848356
XAMDUM,FIQCEN,0.9999999835789146
XAMDUM,XAMDUM01,0.9999999133858648
XAMDUM,LUDLED,0.9999998959903682
XAMDUM,YOZNIM,0.9999993666013728
XAMDUM,BODPAN,0.9999954378833064
XAMDUM,DOTSOV15,0.9999467322605594
XAMDUM,DOTSOV16,0.9999463012891346
XAMDUM,DOTSOV12,0.9999462898410368
XAMDUM,QAWHIH01,0.9992572252347112
XAMDUM,WULJUJ,0.9988955952191124
XAMDUM,DOTSOV02,0.9988738789686816
XAMDUM,NEHZUY,0.9963089774892928
XAMDUM,QIZLOC,0.994004188004065
XAMDUM,BABREE,0.9321088022740602
XAMDUM,EXOYAS,0.9197052093300456
XAMDUM,RAWYAS,0.918899110739332
XAMDUM,IWEVAJ,0.91868174093194
XAMDUM,YUGLES,0.9079789298389442
XAMDUM,EXOGAB,0.9076878011332524
XAMDUM,NUTQEZ,0.9076845557467452
XAMDUM,OFOCUI,0.9076665684626706
XAMDUM,PIDRAY,0.8998736861971401
XAMDUM,HUCBOX02,0.8973029327937642
XAMDUM,MOFGOE,0.895873817404901
XAMDUM,WANJIF,0.8848714394813465
XAMDUM,ADONEP,0.8844639865934643
XAMDUM,EXAXAE,0.8820796081022115
XAMDUM,HIDTUM,0.8732344744793998
XAMDUM,KIRFOI,0.8658190075958593
XAMDUM,XICKOL,0.8605942944382733
ELIKEQ,ZEDVOV,0.8611345670440467
UGEPEB,NIHDEQ,0.9998875910293404
UGEPEB,UFUMUD,0.9998798993614052
UGEPEB,ECODIK,0.999855204739264
UGEPEB,QERZUI01,0.9998394968860792
UGEPEB,BAHGUN02,0.9997675744151716
UGEPEB,BAHGUN04,0.9996524469463623
UGEPEB,BAHGUN,0.9995906819431476
UGEPEB,UFUMUD01,0.9994508412561128
UGEPEB,UFUNAK,0.998914409811327
UGEPEB,KAKTIA01,0.9984190959669476
UGEPEB,KAKTIA,0.9983613703570616
UGEPEB,POFDEV,0.9980695654846308
UGEPEB,AHEMEG,0.9972817980135888
UGEPEB,POFDOF,0.9961991224021344
UGEPEB,POFFAT,0.9958577128761474
UGEPEB,NELCEN,0.9946978264120392
UGEPEB,QIWQES,0.9897181323114398
UGEPEB,IXAJUN,0.8788160427341483
UGEPEB,XICKOL,0.876038646694382
UGEPEB,NAPSUV,0.8638952761956387
WIMWEW,DAFHEZ,0.9996144758290508
WIMWEW,XADDUD,0.9995552933760864
WIMWEW,CIPLIX,0.8964094340226972
WIMWEW,FUMJAZ01,0.8633897995717683
WIMWEW,FUMJAZ,0.8632123771564341
WIMWEW,XIHSEN01,0.8612364705647606
WIMWEW,XIHSAJ01,0.8612249249953149
WIMWEW,XEVXUT,0.861023145953555
WIMWEW,XIHSEN,0.8609274919290861
WIMWEW,TONBOO,0.8606906762870288
DOTSOV22,DOTSOV20,0.9999999999305796
DOTSOV22,DOTSOV19,0.9999999983654608
MIBQAR01,HOLRAD,0.999999989524293
MIBQAR01,MIBQAR07,0.9999989938100052
MIBQAR01,VUSKEA,0.9999983365724348
MIBQAR01,PEVQOY,0.9999882023030204
MIBQAR01,IFABIA02,0.9989264751388328
MIBQAR01,REDROI,0.9987658482804278
MIBQAR01,VEGMOK04,0.9984474179673422
MIBQAR01,FIJCUX01,0.9960680763374622
MIBQAR01,BOLPAU,0.9067736391763588
MIBQAR01,HUTZAX01,0.905914046278076
MIBQAR01,JENKET,0.9036900678621717
MIBQAR01,SACHIP,0.8960583165852727
MIBQAR01,GOSDUP,0.895399724325091
MIBQAR01,ACODIH,0.8947609331843914
MIBQAR01,DITTEH,0.8853333624656211
MIBQAR01,WORKUL,0.8842376174500068
MIBQAR01,QAQSAD,0.8822621223046029
MIBQAR01,NAWXER,0.8817734257944044
MIBQAR01,IDIXAU,0.8778798814330451
MIBQAR01,XAFFER,0.8747948128463119
MIBQAR01,NIWYID,0.8737931086095567
MIBQAR01,REGREC,0.8730900624247244
MIBQAR01,NANYUX03,0.8705229317242609
MIBQAR01,NENHEU,0.8684838477139142
MIBQAR01,GADROU,0.8680817302189654
MIBQAR01,OKELOH,0.866721135885542
MIBQAR01,XEGXIT,0.8625630549122749
MIBQAR01,XEGWAK,0.8625508637693575
MIBQAR01,YICQOS,0.8611452648961195
MIBQAR01,EGIKUB01,0.8606792025362393
DURDAX,DITTEH,0.974339672567782
DITTEH,UFAMEW,0.9305699281896612
DITTEH,EZINAE,0.9024879517787991
DITTEH,REGREC,0.8872977620122853
DITTEH,REDROI,0.8872094263898594
DITTEH,IFABIA02,0.8869956647636987
DITTEH,IJEXIF01,0.8868540737344102
DITTEH,PEVQOY,0.8856255573096337
DITTEH,VUSKEA,0.8854458294491415
DITTEH,MIBQAR07,0.8853881823290091
DITTEH,GOSDUP,0.8845672031978921
DITTEH,DUFLOH,0.8699787317199696
DITTEH,XAFFER,0.8658183695248236
DITTEH,NOXMAQ,0.8643612539763463
JEXLIK,FERLEU,0.8739120869277537
JEXLIK,UDUMIP02,0.8737103964408816
NIFRAY,SEFVEG,0.9999990333760872
NIFRAY,SEFVEG02,0.9999989704957546
NIFRAY,NIFQOL,0.9999986232439394
NIFRAY,NIFQIF,0.9999932338731308
NIFRAY,TUDJEI,0.9999774782166996
NIFRAY,NIFTAA,0.9999746673562246
NIFRAY,NIFNOI,0.9999591191863464
JOPGUS,XAPSIS,0.999994914071778
QUQFEO,XOMHEO,0.999471839808344
QUQFEO,UFAMEW,0.9808990570420204
QUQFEO,NANYUX03,0.9327789076331576
QUQFEO,NIWYID,0.9327243159810216
QUQFEO,IJEXIF01,0.9322036769983904
QUQFEO,JENKET,0.882763766686465
QUQFEO,DOYHOQ,0.8807362328289624
QUQFEO,NUFBOH,0.8798986903687276
QUQFEO,EZINAE,0.874971162057282
QUQFEO,NUFCAU,0.8728604254968805
QUQFEO,JAYXAL,0.8677011656633506
QUQFEO,QOPZIF,0.8628047962339913
XEFGUN01,GOYLUB,0.9997876453507156
XEFGUN01,RUXWEM03,0.94718744615641
XEFGUN01,AJAKON,0.9080596318780628
XEFGUN01,PIKYIU,0.9079944985425866
XEFGUN01,DAPYAW,0.9078125601580394
XEFGUN01,ODIXIK,0.9077184752615772
XEFGUN01,ENITEB,0.9076689528611585
XEFGUN01,RUGYOJ,0.9075846169163512
XEFGUN01,EVUDAA,0.9063902443058448
XEFGUN01,NOZZUZ,0.9063750362956412
XEFGUN01,QEKLID,0.8863491620299121
XEFGUN01,QEKLID01,0.8862944349355093
XEFGUN01,RIGHAR,0.8850770031689377
XEFGUN01,ROCZEQ,0.8811571923040512
XEFGUN01,AWEJIW,0.8805465121953637
XEFGUN01,ECIWIW,0.8779623009719941
XEFGUN01,IGUTUB01,0.877334943257974
XEFGUN01,PIQQEN,0.8765166661308146
XEFGUN01,PARKUQ01,0.8727096257800318
XEFGUN01,REFWIL,0.8721270732757322
XEFGUN01,MITSAK,0.8720265618735679
XEFGUN01,MITSUE,0.8720156834329897
XEFGUN01,KUJMIN,0.8709191130030244
XEFGUN01,VAYFAE,0.8686088339018165
XEFGUN01,FELXOM,0.8684586882070122
XEFGUN01,JUXZIN,0.8674667425886896
XEFGUN01,EKUNON01,0.8642318735655886
XEFGUN01,EKUNON02,0.8642111889129404
XEFGUN01,ULOGIL,0.8642061320084404
XEFGUN01,YICRAF,0.8606538359067304
XEFGUN01,RUVBOB,0.860555063470593
XISDIO,DAKZUN,0.9988139382649284
XISDIO,CEJXEW,0.9564323566432718
XISDIO,KEDJEL,0.9558638787229116
XISDIO,WOJYUR,0.9479890979702452
XISDIO,QACTUJ,0.9047918407626744
XISDIO,VITZAB,0.8651463624359936
XISDIO,TORPUN,0.8601504230466177
GALJAG,FAHQEM,0.996390129224251
GALJAG,FAHQIQ,0.988598230176313
GALJAG,CIFSIW,0.95250188421456
GALJAG,CIFSES,0.9513506683911648
GALJAG,UNIDAY,0.9510582964037524
GALJAG,VIFPUY05,0.9472135842614964
GALJAG,VIFPUY03,0.947213557752942
GALJAG,VIFPUY,0.9472135488896504
GALJAG,VACFOV01,0.94721072039352
GALJAG,MAYJOM,0.947173705113644
QAWHIH01,YOZNEI,0.9993592886676934
QAWHIH01,UXISUR,0.999256798742127
QAWHIH01,BODPAN,0.999139267188827
QAWHIH01,DOTSOV11,0.9988085423810636
QAWHIH01,DOTSOV15,0.9988066089651824
QAWHIH01,DOTSOV16,0.9988045746427684
QAWHIH01,DOTSOV12,0.9988045541719208
QAWHIH01,WULJUJ,0.9972153147270592
QAWHIH01,QIZLIW,0.995632480268815
QAWHIH01,YOZNOS,0.9930622151028118
QAWHIH01,NEHZUY,0.9922803296001896
QAWHIH01,QIZLOC,0.9890918215102328
QAWHIH01,OHOMIH,0.9888564169395816
QAWHIH01,ORAWAH,0.9330094147202014
QAWHIH01,DALSOA,0.9319909977711652
QAWHIH01,BABREE,0.9297326586979726
QAWHIH01,EXOYAS,0.9179048034741836
QAWHIH01,RAWYAS,0.91628719828259
QAWHIH01,NUTQEZ,0.908235939349542
QAWHIH01,NUTQAV,0.9082144287970018
QAWHIH01,YUGLES,0.9081306378996764
QAWHIH01,OFOCUI,0.9078618045615638
QAWHIH01,EXOGAB,0.9056593360523686
QAWHIH01,HUCBOX02,0.8961606319871553
QAWHIH01,PIDRAY,0.8942132947856214
QAWHIH01,KANMIX,0.8845405389624778
QAWHIH01,WANJIF,0.8837110889802334
QAWHIH01,XEDMEB,0.8829205033239136
QAWHIH01,ADONEP,0.8827356960640376
QAWHIH01,EXAXAE,0.8783726860339833
QAWHIH01,EXAXAE03,0.8778912504778497
QAWHIH01,HIDTUM,0.8687775330957531
QAWHIH01,LAQNID,0.8676527868462753
QAWHIH01,KIRFOI,0.8618958432544284
FIVRUA,JUYJIY,0.9314125996748582
FIVRUA,FONQAC,0.927550371696716
FIVRUA,ULOGIL,0.8656024427078501
FIVRUA,EKUNON02,0.8645215135733211
CEHKUW,PARKUQ,0.9996343060462868
CEHKUW,PARKUQ01,0.9996304027100938
CEHKUW,DUWBEE,0.945154542263595
CEHKUW,QUQFOY,0.9330113411967772
CEHKUW,IJEYEC,0.8941890561121735
CEHKUW,NOLRIR,0.8788126213339185
CEHKUW,YIKGEF,0.8738790332364186
CEHKUW,CIKCOQ,0.8599035028461025
MOHLIF,NIWYID,0.906901631128973
MOHLIF,NANYUX03,0.903506517281634
MOHLIF,UFAMEW,0.865138344310737
MOHLIF,ADATAC,0.8632948614989674
AWEJIW,QEKLID01,0.9724378531712948
AWEJIW,QEKLID,0.9723483868576068
AWEJIW,NOLRIR,0.9539670027268828
AWEJIW,RUXWEM03,0.9270577549454272
AWEJIW,QUQFOY,0.9162648206627764
AWEJIW,DUWBEE,0.9040766128282578
AWEJIW,PIKYIU,0.8858192003351043
AWEJIW,GOYLUB,0.8779620834192835
AWEJIW,KETHEY,0.8651781257736563
AWEJIW,YICRAF,0.8631947714554138
OJOQAF,ASUKEE01,0.9982044760614052
OJOQAF,LIRVAK,0.9967866387161678
OJOQAF,FUFVEJ,0.9967352703983008
OJOQAF,KIKRAA,0.9963310392939392
OJOQAF,RAGREY,0.9951041242204406
OJOQAF,PEKZIP,0.9945289325536684
OJOQAF,CUPHUS,0.9939996155200994
OJOQAF,HAJPEQ,0.8616994413131629
RUBTAK05,UFOSEQ,0.9999999953829172
RUBTAK05,SURLEY,0.9999999919316056
RUBTAK05,RUBTAK03,0.9999999905444866
RUBTAK05,UVAHIK,0.9470053104699212
RUBTAK05,WIZMAV07,0.9469454677013815
RUBTAK05,WIZMAV09,0.946944473473832
RUBTAK05,WIZMAV11,0.9469429934596292
RUBTAK05,HERHAQ,0.9066147868446408
RUBTAK05,GERBEN,0.9059148463886184
RUBTAK05,WUPTUY01,0.9049554912911656
RUBTAK05,GAYXEM,0.9031452292761928
RUBTAK05,BUNLAZ,0.8982348182028491
RUBTAK05,IZIBUQ,0.8904993114855421
RUBTAK05,DITJOH,0.8778607034129241
RUBTAK05,ESEBOV,0.8753334335504753
RUBTAK05,BOHWUS,0.8725178444953345
QIYDIN,QIYDIN01,0.9995827938251892
QIYDIN,QIYDAF01,0.9979908741283268
QIYDIN,FAGQAI,0.997457609604466
QIYDIN,YUGLES,0.8854945663779984
QIYDIN,NUTQAV,0.8853060947013804
QIYDIN,NUTQEZ,0.8852028119940973
QIYDIN,SEMNIJ,0.8850777454518686
EXOGAB,LAYWOA,0.9458593733449924
EXOGAB,XICKOL,0.9177508306068892
EXOGAB,BAZGAM,0.9159216982342544
EXOGAB,BAZFUF,0.9148640155312624
EXOGAB,NAFSOF,0.9141178631868988
EXOGAB,DOTSOV12,0.9079808089860198
EXOGAB,DOTSOV16,0.9079805863068904
EXOGAB,DOTSOV14,0.9079799669851112
EXOGAB,DOTSOV10,0.9079796243374832
EXOGAB,BODPAN,0.907782730286306
EXOGAB,UXISUR,0.9076881703910976
EXOGAB,FIQCEN,0.9076817269632864
EXOGAB,QOWRAV,0.907608880508973
EXOGAB,YOZNEI,0.9075925481566578
EXOGAB,QOWRAV11,0.907555629877542
EXOGAB,QOWRAV12,0.9075500262859412
EXOGAB,QOWRAV08,0.9075387865479142
EXOGAB,QOWRAV05,0.9074703013907792
EXOGAB,WULJUJ,0.9074652208246105
EXOGAB,QOWRAV04,0.9074604471733372
EXOGAB,NEHZUY,0.906865856147918
EXOGAB,QIZLOC,0.9053477194081346
EXOGAB,OHOMIH,0.9052247963270004
EXOGAB,YOZNOS,0.8979356070787968
EXOGAB,ENIHUG,0.8902885311293127
EXOGAB,HIDTUM,0.883713840190294
EXOGAB,KIRFOI,0.8756495706180979
IDIXAU,WORKUL,0.996863802077941
IDIXAU,EZINAE,0.9108159247416016
IDIXAU,FIJCUX01,0.884581970484776
IDIXAU,IFABIA02,0.8820166934832719
IDIXAU,PEVQOY,0.8784469914016277
IDIXAU,VUSKEA,0.8780955162440848
IDIXAU,MIBQAR07,0.8779842652545359
IDIXAU,HOLRAD,0.8778681475487761
IDIXAU,NENHEU,0.871497047877698
IDAZAQ,FUQREQ,0.9981243327523466
LUDLED,FIQCEN,0.9999999622239149
LUDLED,UXISUR,0.9999998908789712
LUDLED,YOZNEI,0.9999964958982116
LUDLED,DIHVIB,0.9999948132776384
LUDLED,BODPAN,0.9999939910173056
LUDLED,DOTSOV15,0.9999419209317608
LUDLED,DOTSOV10,0.9999419207127525
LUDLED,DOTSOV14,0.9999418533462878
LUDLED,DOTSOV16,0.9999414709581768
LUDLED,DOTSOV12,0.9999414594360472
LUDLED,WULJUJ,0.9988843599473414
LUDLED,QIZLIW,0.9984613587278393
LUDLED,QIZLOC,0.9939544997533712
LUDLED,OHOMIH,0.9937814007659816
LUDLED,YOZNOS,0.9918055331504264
LUDLED,BABREE,0.9320893241745338
LUDLED,RAWYAS,0.9188768308479784
LUDLED,YUGLES,0.9079894090912336
LUDLED,NUTQAV,0.907802385807998
LUDLED,NUTQEZ,0.90769975779733
LUDLED,OFOCUI,0.9076775578039395
LUDLED,HUCBOX02,0.8972980961149255
LUDLED,MOFGOE,0.8958527916908847
LUDLED,MOBDIR,0.8958498962589181
LUDLED,KANMIX,0.885062298804492
LUDLED,WANJIF,0.8848663872663394
LUDLED,ADONEP,0.8844521961175273
LUDLED,EXAXAE,0.8820442979352404
LUDLED,HIDTUM,0.8731902222192225
LUDLED,LAQNID,0.8690961687271167
LUDLED,KIRFOI,0.865781120690853
CAQKAJ01,TAHYUZ,0.9542626557624168
CAQKAJ01,MOXDOT,0.8851215086993154
CAQKAJ01,MOXDOT01,0.8851096883101124
CAQKAJ01,DIBQIQ,0.8768880129981601
CAQKAJ01,DIBQOW,0.8760949729197276
CAQKAJ01,MIHJUL,0.8758445846352567
CAQKAJ01,BUKLOJ,0.8651057989029419
XEVSIB01,XEVSIB,0.999999344460366
XEVSIB01,YIPFIO,0.8990926899438003
XEVSIB01,IGAHED03,0.8642105608084607
XEVSIB01,UGECEO01,0.8639177046709322
XEVSIB01,OCACUR,0.8638358989989181
XEVSIB01,BUKLOJ,0.8637054504433309
XEVSIB01,IGAHED01,0.8636504063713794
XEVSIB01,IGAHED02,0.8633159476504189
XEVSIB01,IGAHED,0.8632650496096995
XEVSIB01,XIHSEN,0.8608032482977632
XEVSIB01,XIHSAJ01,0.8606281696265685
XEVSIB01,XIHSEN01,0.8606204576748995
NIGPEA,AXINIF,0.9999947900534744
NIGPEA,MIHJUL,0.99986710194595
NIGPEA,DIBQIQ,0.9995281977453496
NIGPEA,DIBQEM,0.9765377738045712
NIGPEA,MOXDOT,0.9551780441844824
NIGPEA,MOXDOT01,0.9551497376877626
NIGPEA,FISQEG,0.9438347187808036
NIGPEA,XUDVAV,0.9360136011038018
NIGPEA,NOMPIQ01,0.913330229955968
NIGPEA,CIKPEU,0.913194434959828
NIGPEA,BUKLOJ,0.9009822497599734
NIGPEA,ESEQUO,0.887276288219431
NIGPEA,ERUNUC,0.8849376792211705
NIGPEA,JODGIU,0.8840352266725985
NIGPEA,DIDBEZ,0.8838802324015963
NIGPEA,CAXZOS,0.8830752781318226
NIGPEA,AGAFAS,0.8787298399632999
NIGPEA,FEXCAO01,0.8715107526190725
NIGPEA,CAQJOW,0.8695586622809072
NIGPEA,XALMOO,0.8690935118343466
NIGPEA,FEVDER,0.8661098935855036
NIGPEA,DIQHAO01,0.8619991322802921
AXINIF,MIHJUL,0.9999143570381755
AXINIF,DIBQIQ,0.999424201748928
AXINIF,MOXDOT,0.955011660845579
AXINIF,MOXDOT01,0.9549815554682102
AXINIF,FISQEG,0.9435376111635244
AXINIF,NOMPIQ01,0.9130239323816188
AXINIF,NOMPIQ,0.9129327434913777
AXINIF,CIKPEU,0.9128833132930332
AXINIF,BUKLOJ,0.9005920260587725
AXINIF,JODGIU,0.8838719201857973
AXINIF,DIDBOJ,0.883395766817987
AXINIF,AGAFAS,0.8784279914260515
AXINIF,TAHYUZ,0.8753171298367841
AXINIF,YATDOP,0.8713695639826794
AXINIF,XALMOO,0.8688422603617485
AXINIF,FEVDER,0.8658780915285251
UFAMEW,IJEXIF01,0.9464080451030584
UFAMEW,NIWYID,0.9456263095551258
UFAMEW,REGREC,0.94483209215536
UFAMEW,NANYUX03,0.9420305042090776
UFAMEW,NUFBOH,0.8942304294184972
UFAMEW,DOYHOQ,0.8938765454300226
UFAMEW,DOYHIK,0.8871336042681222
UFAMEW,JAYXAL,0.876990310531816
UFAMEW,YOGKOW,0.8764527316220572
UFAMEW,QOPZIF,0.8750869872377172
AZAVUU,ZAZBUZ,0.9161986160812304
AZAVUU,KIJRUS,0.899458549779955
AZAVUU,NAFSOF,0.8980812753003267
AZAVUU,BAZFUF,0.8970087758026656
AZAVUU,QOWRAV11,0.8886934435008738
AZAVUU,QOWRAV12,0.8886872882866601
AZAVUU,QOWRAV08,0.8886749672539382
AZAVUU,QOWRAV07,0.8886557170530208
AZAVUU,QOWRAV05,0.8885998254709289
AZAVUU,LAYWOA,0.8778783790648077
PEVQOY,PERROW,0.9081755534504652
PEVQOY,VUSKEA,0.999995398655508
PEVQOY,MIBQAR07,0.9999914832938224
PEVQOY,HOLRAD,0.9999877146409304
PEVQOY,IFABIA02,0.9991258144204866
PEVQOY,REDROI,0.9989947091432788
PEVQOY,FIJCUX01,0.9964855178185344
PEVQOY,BOLPAU,0.9070132169195024
PEVQOY,HUTZAX01,0.9062334745114122
PEVQOY,JENKET,0.9041401528756124
PEVQOY,GOSDUP,0.8956771986496812
PEVQOY,ACODIH,0.8950985362816677
PEVQOY,QEDZEG,0.8915446331355334
PEVQOY,QAQSAD,0.8826138598806506
PEVQOY,NAWXER,0.882267234868738
PEVQOY,XAFFER,0.8751686858708835
PEVQOY,IJEXIF01,0.8746062404624748
PEVQOY,REGREC,0.8733779962362929
PEVQOY,NANYUX03,0.870968905792547
PEVQOY,GADROU,0.8682767262242229
PEVQOY,SAVMAE,0.8642129012718476
PEVQOY,KAHMOW,0.8631247680624592
PEVQOY,YICQOS,0.8611137385692262
PEVQOY,EGIKUB01,0.8607496461582512
REGREC,GERWIL,0.90818968291156
REGREC,IJEXIF01,0.999581902452502
REGREC,NANYUX03,0.9994579074648844
REGREC,QOPZIF,0.9195250619481984
REGREC,EXOXUL,0.9118012236128744
REGREC,FUDGIW,0.9081808950178624
REGREC,KEFBOO,0.9026881284325814
REGREC,APACAX,0.8779542092601641
REGREC,DOYHIK,0.8766229312834708
REGREC,VEGMOK04,0.8749814459651595
REGREC,FIJCUX01,0.8746369177615111
REGREC,MIBQAR07,0.8731434377815851
REGREC,HOLRAD,0.8730839987546444
REGREC,SOWCOY01,0.8609964654578254
REGREC,YOGKOW,0.8603467956933376
MACHIJ,OFORUZ,0.8456043119963441
MACHIJ,SOSQIC01,0.8652923529507587
EGIKUB01,IJEXIF01,0.8967781458545906
EGIKUB01,NANYUX03,0.8938898967317072
EGIKUB01,WORKUL,0.8634924857926259
EGIKUB01,QAQSAD,0.8620989586355987
EGIKUB01,VUSKEA,0.8607084790062166
EGIKUB01,MIBQAR07,0.8607003975312868
EGIKUB01,HOLRAD,0.8606768341485762
EGIKUB01,REDROI,0.8603037696490001
EGIKUB01,VEGMOK04,0.8600691564338905
JUXZIN,FELXOM,0.94957969010692
JUXZIN,FONQAC,0.929897982604282
JUXZIN,JUYJIY,0.922205947141859
JUXZIN,RUXWEM03,0.8839370653394623
JUXZIN,XOGWUN,0.8838736000848074
KAFTUI,XEGXIT,0.995858635239328
MUGQAI,RANLAV,0.985671580345124
SURLEY,RUBTAK03,0.999999999945007
SURLEY,WIZMAV07,0.9469425187574828
SURLEY,WIZMAV,0.9469411293420232
SURLEY,WIZMAV11,0.9469400309852934
SURLEY,ERARUM,0.946909809242334
SURLEY,OFOJAX,0.9096921475745005
SURLEY,GERBEN,0.9059061806311964
SURLEY,OXOLAP,0.9045886516203848
SURLEY,GAYXEM,0.9031324537314932
SURLEY,BUNLAZ,0.8982170144522844
SURLEY,BUNKUS,0.8974657275282699
SURLEY,IZIBUQ,0.8904845262673089
SURLEY,DITJOH,0.8778588655319431
SURLEY,ESEBOV,0.875324235017162
SURLEY,BOHWUS,0.8725089084420004
DOTSOV16,DOTSOV10,0.9999999991325484
DOTSOV16,DOTSOV15,0.9999999991316978
DOTSOV16,DOTSOV11,0.99999999669427
DOTSOV16,DOTSOV14,0.999999988889292
DOTSOV16,BODPAN,0.9999722478220762
DOTSOV16,UXISUR,0.9999464159690488
DOTSOV16,YOZNEI,0.999912913093854
DOTSOV16,DIHVIB,0.9999014412192904
DOTSOV16,NEHZOS,0.9972186615354124
DOTSOV16,NEHZUY,0.9971431291757228
DOTSOV16,OHOMIH,0.99492323363487
DOTSOV16,YOZNOS,0.99119112205696
DOTSOV16,BABREE,0.9324955001051902
DOTSOV16,ORAWAH,0.9316891305621116
DOTSOV16,RAWYAS,0.9193495304304474
DOTSOV16,IWEVAJ,0.9187164075894226
DOTSOV16,YUGLES,0.9076848320419924
DOTSOV16,OFOCUI,0.9073608445759814
DOTSOV16,PIDRAY,0.9011516307505072
DOTSOV16,MOBDIR,0.8962934911946068
DOTSOV16,KANMIX,0.8849459146291061
DOTSOV16,XEDMEB,0.8849358104140759
DOTSOV16,WANJIF,0.8849301369806917
DOTSOV16,ADONEP,0.8846758435078442
DOTSOV16,LAQNID,0.8692419459736804
DOTSOV16,XICKOL,0.8608883325361345
KEDWOI,UFIYIR,0.9999514635042134
KEDWOI,GOCTID,0.9992898799997136
YIKGEF,MITSUE,0.8722335991967777
YIKGEF,FUMJAA,0.871726695218238
YIKGEF,KUJMIN,0.8713209171820245
NIDFOX,XALMOO,0.9954301428503388
NIDFOX,YATDOP,0.9903664827897788
NIDFOX,CAXZOS,0.9199551384796864
NIDFOX,DIDBOJ,0.9187094255575352
NIDFOX,DIDBEZ,0.9178944343078994
NIDFOX,DIDBID,0.9178492337320732
NIDFOX,JODGIU,0.9178201219668056
NIDFOX,ERUNUC,0.9168203183996912
NIDFOX,FEVDER,0.8820353333120687
NIDFOX,DIBQEM,0.8709852825853347
DOTSOV18,DOTSOV09,0.999999999716022
PARKUQ01,PUNDUY,0.9999364095982536
PARKUQ01,FUMJAA,0.9998519011724604
PARKUQ01,KUJMIN,0.999741441001202
PARKUQ01,QUQFOY,0.9325988512635058
PARKUQ01,MICJOA,0.907740688543314
PARKUQ01,QEKLID01,0.8870357481706608
PARKUQ01,GOYLUB,0.8711082652455973
CIFSAO,FOSTIS,0.9999940683191396
CIFSAO,CIFSES,0.9999915336754136
CIFSAO,FOSTOY,0.9999753628281732
CIFSAO,UNIDAY,0.999956332304104
CIFSAO,CIFSIW,0.9999453376070014
CIFSAO,NEDLOZ,0.9997094487256616
CIFSAO,FAHQEM,0.9563343126497847
CIFSAO,GALHUY,0.9556423950647294
CIFSAO,MAYJOM,0.9041792242561464
CIFSAO,VACFOV01,0.9035710687687372
CIFSAO,VIFPUY02,0.903328851819851
CIFSAO,VIFPUY03,0.9033108776839988
YOGKOW,IDOJUJ,0.8636210721035068
YOGKOW,IJEXIF01,0.8610928240251597
YOGKOW,NIWYID,0.8607774219210481
KAKTIA,POFDEV,0.9999789302372324
KAKTIA,POFDIZ,0.9998995128574402
KAKTIA,UFUNAK,0.999810055856211
KAKTIA,AHEMEG,0.9997756937747508
KAKTIA,EGOZAB,0.9995014483797204
KAKTIA,POFDOF,0.9995001193300016
KAKTIA,BAHGUN04,0.9993175773145448
KAKTIA,UFUMUD,0.9991040212694166
KAKTIA,QERZUI01,0.9990065675978256
KAKTIA,NELCEN,0.9988914162379134
KAKTIA,UFUNIS,0.9984812407596584
KAKTIA,NIHDEQ,0.9983353589016648
KAKTIA,QIWQES,0.9962279352695788
KAKTIA,IXAJUN,0.8787276510743108
KAKTIA,NAPSUV,0.8691653808723646
ABEMIF,QIZLIW,0.99990405250713
NAPSUV,XICKOL,0.9886011390591534
NAPSUV,LAQNID,0.8913205726257245
NAPSUV,LAYWOA,0.8822750396560625
NAPSUV,QIWQES,0.8710592646414544
NAPSUV,POFFAT,0.8708162194603408
NAPSUV,KAKTIA01,0.8690556393039524
NAPSUV,UFUNAK,0.8683512823889157
NAPSUV,UFUMUD01,0.8671902994326848
NAPSUV,EGOZAB,0.8670928156146677
NAPSUV,UFUMUD02,0.8669244816037784
NAPSUV,BAHGUN,0.8667354320666871
NAPSUV,BAHGUN04,0.8664757276238221
NAPSUV,KIRFOI,0.8657481917513682
NAPSUV,UFUMUD,0.8655394815751121
NAPSUV,ECODIK,0.8651608164333254
NAPSUV,UFUNIS,0.8643538004698292
NAPSUV,BAZFUF,0.8606741745633577
REQDEX,ALUJUN,0.9981693395585302
REQDEX,SAQQOR,0.944274362229664
REQDEX,REDMUL,0.8758444683325075
REQDEX,NADZID,0.8726475272289336
REQDEX,ELIJUF,0.8605754482103329
QIWQES,NELCEN,0.999150169673714
QIWQES,POFFAT,0.9985728846063364
QIWQES,VOJPUG01,0.9975238054304654
QIWQES,AHEMEG,0.997473786022238
QIWQES,POFDEV,0.996667350396106
QIWQES,KAKTIA01,0.996099021476982
QIWQES,MURREW,0.9958482518351118
QIWQES,POFDIZ,0.9949078014876306
QIWQES,EGOZAB,0.9935226290227172
QIWQES,BAHGUN04,0.9927666817703747
QIWQES,QERZUI01,0.991690141924529
QIWQES,ECODIK,0.9911787532877088
QIWQES,UFUNIS,0.9902261877918928
QIWQES,NIHDEQ,0.990004463137328
QIWQES,XICKOL,0.8772516921135519
DIBQOW,MIHJUL,0.9999828408252992
DIBQOW,DIBQEM,0.9742793412566846
DIBQOW,MOXDOT,0.9546005874715316
DIBQOW,MOXDOT01,0.9545664463445992
DIBQOW,XUDVAV,0.9343645313042338
DIBQOW,NOMPIQ01,0.9122987217633464
DIBQOW,BUKLOJ,0.8996792487385958
DIBQOW,ESEQUO,0.8852197353459819
DIBQOW,ERUNUC,0.8844604544292218
DIBQOW,DIDBEZ,0.8832788958656295
DIBQOW,DIDBOJ,0.8829148143244391
DIBQOW,CAXZOS,0.8822991519309408
DIBQOW,TAHYUZ,0.8748879012334152
DIBQOW,YATDOP,0.8710800697124429
DIBQOW,FEXCAO01,0.8703634520549028
DIBQOW,CAQJOW,0.8682504449252142
DIBQOW,XALMOO,0.8682407918612687
DIBQOW,FEVDER,0.8653199052461176
XEDMEB,WANJIF,0.999716533498448
XEDMEB,ADONEP,0.9997093872392024
XEDMEB,KANMIX,0.9994559603340072
XEDMEB,EXAXAE03,0.9985190597893892
XEDMEB,KIRFOI,0.8862460913907978
XEDMEB,DOTSOV12,0.8849357713213637
XEDMEB,DOTSOV14,0.8849351577153883
XEDMEB,DOTSOV15,0.8849351093489549
XEDMEB,DOTSOV11,0.8849344409016168
XEDMEB,BODPAN,0.8847832758802503
XEDMEB,XAMDUM01,0.8847186154257395
XEDMEB,UXISUR,0.8847083302142396
XEDMEB,QIZLIW,0.884688521374124
XEDMEB,YOZNEI,0.8846278293623666
XEDMEB,DOTSOV02,0.8842387797864485
XEDMEB,NEHZOS,0.8834057301936012
XEDMEB,NEHZUY,0.8833469956717515
XEDMEB,QIZLOC,0.8816722199718747
XEDMEB,OHOMIH,0.8815458740913769
UXISUR,FIQCEN,0.9999999815110652
UXISUR,YOZNIM,0.9999993541330884
UXISUR,BODPAN,0.9999954700942584
UXISUR,DOTSOV10,0.9999468462695936
UXISUR,DOTSOV12,0.9999464044527152
UXISUR,WULJUJ,0.9988958459320764
UXISUR,QIZLIW,0.9984871254435378
UXISUR,NEHZUY,0.9963099253423564
UXISUR,QIZLOC,0.9940053891894762
UXISUR,DALSOA,0.9329905095975656
UXISUR,ORAWAH,0.9321677186241992
UXISUR,BABREE,0.9321092726477862
UXISUR,EXOYAS,0.9197055142116692
UXISUR,RAWYAS,0.9188996491503212
UXISUR,IWEVAJ,0.9186818098811336
UXISUR,YUGLES,0.90797867282295
UXISUR,NUTQAV,0.9077883321353536
UXISUR,OFOCUI,0.90766628750568
UXISUR,HUCBOX02,0.8973030464505348
UXISUR,MOFGOE,0.8958743254940285
UXISUR,MOBDIR,0.8958714591126868
UXISUR,EXAXAE,0.8820804628103733
UXISUR,EXAXAE03,0.8817545607221844
UXISUR,HIDTUM,0.8732355462951842
UXISUR,LAQNID,0.8691048800632729
LAYWOA,ANUGEW,0.9996135134979132
LAYWOA,NAFSOF,0.974322757210348
LAYWOA,BAZGAM,0.9733511734596254
LAYWOA,KIJRUS,0.970936304907686
LAYWOA,BAZFUF,0.9665258314713484
LAYWOA,QOWRAV,0.9545504053477214
LAYWOA,QOWRAV08,0.9544479919689368
LAYWOA,QOWRAV07,0.954422381490046
LAYWOA,QOWRAV05,0.9543480581119516
LAYWOA,QOWRAV04,0.9543336887910518
LAYWOA,ORAWAH,0.909547298715204
LAYWOA,ENIHUG,0.8852436636312395
LAYWOA,IXAJUN,0.8729200269873065
LAYWOA,HIDTUM,0.8659616492271561
LAYWOA,SIXNOF,0.8632416732763994
LAYWOA,SIXNIZ,0.8626293923840069
LAYWOA,ASIVAB,0.8624988814264138
UFUMUD02,BAHGUN,0.9999979833707316
UFUMUD02,UFUMUD01,0.9999957985182946
UFUMUD02,BAHGUN04,0.9999889379393848
UFUMUD02,BAHGUN02,0.999933806257334
UFUMUD02,QERZUI01,0.999908134470887
UFUMUD02,UFUNAK,0.9998579184615288
UFUMUD02,UFUMUD,0.9997841321552058
UFUMUD02,POFDIZ,0.9997829111978224
UFUMUD02,UFUNIS,0.9996986686546498
UFUMUD02,MURREW,0.999682532597156
UFUMUD02,NIHDEQ,0.9996609461167404
UFUMUD02,POFDEV,0.9993667576450678
UFUMUD02,AHEMEG,0.9989967855320973
UFUMUD02,VOJPUG01,0.9989152929026625
UFUMUD02,POFFAT,0.9980506084296014
UFUMUD02,NELCEN,0.9972167648101308
UFUMUD02,XICKOL,0.8779409595219424
TIDNIF,BAKJOO,0.9974002914807018
TIDNIF,BAKJEE,0.9971224817692292
TIDNIF,FEVDER,0.9759366833126744
TIDNIF,DIDBOJ,0.9087407355928508
TIDNIF,FUMJAZ,0.9070693382546748
TIDNIF,ERUNUC,0.9069620414398778
TIDNIF,FEYJOJ,0.9003237847566309
TIDNIF,FISQEG,0.8936150605107049
TIDNIF,XUDVAV,0.8896808117171215
TIDNIF,XALMOO,0.8847775227059478
TIDNIF,ABAVIJ,0.8781609219054538
TIDNIF,TATSIS01,0.8774393482404935
TIDNIF,VEDFER,0.8773531063407312
TIDNIF,CEYPUT01,0.8773045220360802
TIDNIF,VEDFIV,0.8772919763953289
TIDNIF,VEDFOB,0.8771016278241657
TIDNIF,VEDGES,0.8770716951804112
TIDNIF,BOWDOI,0.8770587778284978
TIDNIF,BOWDIC,0.877050428432613
TIDNIF,EXUXEC,0.8770146435180897
TIDNIF,VEDGAO,0.8769667717916529
TIDNIF,BIPXIK,0.8769598666288774
TIDNIF,BOWDUO,0.8769589592097459
TIDNIF,VEDGIW,0.8768957369143978
TIDNIF,VODNOS,0.8768594232165025
TIDNIF,CEYPUT,0.8768128251974625
TIDNIF,TATSIS,0.876566385224597
TIDNIF,ERUNIQ,0.8762350116898543
TIDNIF,ABAVUV,0.875475608458422
AHEMEG,POFDOF,0.9998959566122712
AHEMEG,POFDEV,0.9998920318840466
AHEMEG,POFFAT,0.9998434766170986
AHEMEG,MURREW,0.9997758828589124
AHEMEG,KAKTIA01,0.9997158617810998
AHEMEG,POFFEX,0.9993424465975612
AHEMEG,UFUMUD01,0.999122312856209
AHEMEG,EGOZAB,0.9990782497622364
AHEMEG,BAHGUN,0.9989049094526612
AHEMEG,BAHGUN04,0.9987759170097184
AHEMEG,UFUMUD,0.9981955065574092
AHEMEG,ECODIK,0.9980724330376406
AHEMEG,UFUNIS,0.9976013842519044
AHEMEG,XICKOL,0.879265064735158
OFOCUI,YOZNEI,0.907759979446599
OFOCUI,DIHVIB,0.9077495996074796
OFOCUI,XAMDUM01,0.9076600922824488
OFOCUI,DOTSOV14,0.9073655459070196
OFOCUI,DOTSOV12,0.9073642755224108
OFOCUI,DOTSOV15,0.9073622910987772
OFOCUI,DOTSOV10,0.9073622893630214
OFOCUI,DOTSOV02,0.9069180248721704
OFOCUI,QIZLIW,0.9048210746529072
OFOCUI,PIDRAY,0.9045978157216282
OFOCUI,YOZNOS,0.9035030783019218
OFOCUI,NEHZOS,0.9020058194261744
OFOCUI,NEHZUY,0.9018964525568076
OFOCUI,QIZLOC,0.8991657516856321
OFOCUI,OHOMIH,0.8988601634622446
QOZSIJ,KEPKUO,0.9111588529026052
QOZSIJ,JENKET,0.8872982421486187
SAMVEK,VEGXIQ01,0.8691999887593032
SAMVEK,LUSHOX05,0.9946128873211646
SAVMAE,SOSQIC01,0.9101383821609116
SAVMAE,VURMOL,0.8911833201937668
SAVMAE,MIBQAR07,0.8642361728463768
SAVMAE,NATFAS,0.8638963486482463
SAVMAE,CIZQOT,0.8636595672829193
SAVMAE,REDROI,0.8628411240012229
SAVMAE,RIGTIL,0.8625287795303209
SAVMAE,VEGMOK04,0.8625043139755082
SAVMAE,WORKUL,0.860689348059827
SAVMAE,FIJCUX01,0.8600168816931666
XUDVAV,FISQEG,0.9979475161533712
XUDVAV,DIBQEM,0.9460096432348424
XUDVAV,DIBQIQ,0.9402588804432332
XUDVAV,MIHJUL,0.9333946707544732
XUDVAV,FEYJOJ,0.9319745142706436
XUDVAV,MOXDOT01,0.927556230712544
XUDVAV,BAKJOO,0.8894744543012922
XUDVAV,BAKJEE,0.8881697283030865
XUDVAV,BUKLOJ,0.8867019107639202
XUDVAV,ESEQUO,0.884773521723156
XUDVAV,FEXCAO01,0.8788338289101176
XUDVAV,CIPLIX,0.8759251222630041
XUDVAV,CIKPEU,0.871217930576417
XUDVAV,NOMPIQ,0.871187712591033
XUDVAV,DIDBOJ,0.8609428602894811
XUDVAV,DIDBEZ,0.8602342837879955
NIWZIE08,NIWZIE09,0.9999974807044842
NIWZIE08,NIWZIE01,0.9999959030713916
NIWZIE08,NIWZIE17,0.9999721846109694
NIWZIE08,MOPQIT,0.9999518768677228
NIWZIE08,LICSEW04,0.9966539863983818
NIWZIE08,MGFORD02,0.9964039293328916
PIQPUC,FOKWOT,0.9766883446528688
QIZLIW,NEHZOS,0.999550992546117
QIZLIW,NEHZUY,0.9995202725254236
QIZLIW,DOTSOV12,0.9990024155132494
QIZLIW,DOTSOV10,0.9990005549088998
QIZLIW,DOTSOV15,0.9990005540032856
QIZLIW,DOTSOV02,0.9987119659941864
QIZLIW,QIZLOC,0.9984996751072766
QIZLIW,YOZNEI,0.998329667025776
QIZLIW,DALSOA,0.9318432722595922
QIZLIW,ORAWAH,0.9284040278534303
QIZLIW,EXOYAS,0.9197041759063193
QIZLIW,IWEVAJ,0.91764612157037
QIZLIW,YUGLES,0.9051923776334134
QIZLIW,NUTQAV,0.9046131794801572
QIZLIW,MOFGOE,0.8968867024537316
QIZLIW,EXAXAE,0.8848248721995069
QIZLIW,ADONEP,0.8843624285747635
QIZLIW,HIDTUM,0.87706735652397
QIZLIW,XICKOL,0.860926989206671
QIZLIW,IXAJUN,0.8606802806195887
LONHON,LIPZES,0.9998188014841758
LONHON,XILBAW,0.9983834385455004
LONHON,RUBZIY02,0.9949946389818336
LONHON,YAPQUC,0.9937057373726496
LONHON,XAPMUY,0.94395106123277
LONHON,MOLLEG,0.916696241644576
LONHON,SAQCIZ,0.8863868601555787
LONHON,IVOLOW,0.8861907603650819
LONHON,POCMEA03,0.8837728232838366
LONHON,INICPB02,0.8836977557101044
LONHON,POCMEA01,0.8836968128479681
LONHON,INICPB01,0.8832959315264882
LONHON,YUNBOZ,0.8823385100312463
LONHON,RUDRUE,0.8749416962889799
LONHON,CERPOF,0.8748305890355837
POJTUE,SETQUF,0.9999953773005984
POJTUE,SADMUH,0.999988457861005
POJTUE,SETRAM,0.999974921445521
POJTUE,VAGVAC,0.9999541091406514
POJTUE,SETQIT,0.999946906364504
POJTUE,POJTOY,0.9999420912561434
POJTUE,SETQAL,0.999929908238762
POJTUE,XADCOW,0.999877336663692
POJTUE,YAXCAC,0.9960713498394
POJTUE,KUXSIH,0.9748011360556864
POJTUE,TOVJAR,0.9070173467378666
POJTUE,UFIKIG,0.8692249617620695
DARYIF,REDROI,0.884958682088037
DARYIF,VEGMOK04,0.8848338384512298
DARYIF,VUSKEA,0.884332382328843
DARYIF,FIJCUX01,0.883708072143523
DARYIF,IQOJAB,0.873318432504705
DARYIF,KEPKUO,0.8609670546933259
VEDGAO,VEDFOB,0.9999967096323348
VEDGAO,VEDGIW,0.9999865480187832
VEDGAO,BOWDIC,0.9999837081967196
VEDGAO,VEDFER,0.9999822742125342
VEDGAO,VODNOS,0.9999819826300648
VEDGAO,VEDFIV,0.9999810823968512
VEDGAO,BIPXIK,0.9999798702063858
VEDGAO,CEYPUT,0.999939942051646
VEDGAO,EXUXEC,0.9999255206101764
VEDGAO,CEYPUT01,0.999898188948847
VEDGAO,TATSIS01,0.9992561946909032
VEDGAO,TATSIS,0.9991587883475154
VEDGAO,ERUNIQ,0.9989593504936348
VEDGAO,ABAVUV,0.9987737000284144
VEDGAO,LASMAV,0.998615596706786
VEDGAO,CAXZOS,0.9230522659681916
VEDGAO,DIDBEZ,0.9229195835787708
VEDGAO,DIDBID,0.9228424551157056
VEDGAO,BAKJOO,0.8791301729684642
VEDGAO,ESEQUO,0.8734568961649216
VEDGAO,YATDOP,0.8600410140034285
MOXDOT01,MOXDOT,0.9999998420603358
MOXDOT01,ESEQUO,0.9348115710289592
MOXDOT01,FISQEG,0.932190852164904
MOXDOT01,JODGIU,0.9221754306691724
MOXDOT01,DIDBOJ,0.922119793850148
MOXDOT01,DIDBEZ,0.9220865961263752
MOXDOT01,DIDBID,0.922007458909162
MOXDOT01,NOMPIQ,0.9028019832720288
MOXDOT01,TAHYUZ,0.8853151711725262
MOXDOT01,LUWZUZ01,0.8759318153203023
MOXDOT01,LUWZUZ02,0.8757531812740285
MOXDOT01,LUWZUZ,0.8757300259351897
MOXDOT01,XUBKOU,0.875357621923982
MOXDOT01,VEFMAW,0.8650947251603458
MOXDOT01,WUHMUJ,0.8649924359555919
VEFMAW,BUKLOJ,0.90646516934614
VEFMAW,ESEQUO,0.8973017453726493
ADONEP,WANJIF,0.999868035959838
ADONEP,EXAXAE,0.9983721439968014
ADONEP,EXAXAE03,0.9981534439226776
ADONEP,KIRFOI,0.8858720154510541
ADONEP,WULJUJ,0.8849434410634653
ADONEP,DOTSOV02,0.8849351515326708
ADONEP,DOTSOV12,0.8846792749252533
ADONEP,DOTSOV14,0.8846787238726397
ADONEP,DOTSOV11,0.884674603235113
ADONEP,FIQCEN,0.8844593200855544
ADONEP,YOZNIM,0.8844387750707927
ADONEP,DIHVIB,0.8843633764837964
ADONEP,NEHZOS,0.8830294471512959
ADONEP,QIZLOC,0.8813938018585676
ADONEP,OHOMIH,0.8811709811730535
ADONEP,YOZNOS,0.8777005978503081
DIBQIQ,MIHJUL,0.998895049036596
DIBQIQ,DIBQEM,0.9826033472488492
DIBQIQ,MOXDOT,0.9562464024938394
DIBQIQ,FISQEG,0.9461578686321274
DIBQIQ,NOMPIQ01,0.9157414030668404
DIBQIQ,NOMPIQ,0.9156817120735994
DIBQIQ,BUKLOJ,0.9041984443387407
DIBQIQ,DIDBEZ,0.8850298425944046
DIBQIQ,DIDBOJ,0.8849327099289923
DIBQIQ,HALVEY,0.8764333438972931
DIBQIQ,FEXCAO01,0.8742683851738584
DIBQIQ,CAQJOW,0.8727908394092457
DIBQIQ,YATDOP,0.8720316538901853
DIBQIQ,XALMOO,0.8709752646232621
DIBQIQ,DIQHAO01,0.8658276306846411
DIBQIQ,VASYEW,0.8620498084840268
XALMOO,YATDOP,0.9990541451927212
XALMOO,DIDBOJ,0.924911809870255
XALMOO,ERUNUC,0.9248247502620702
XALMOO,DIDBEZ,0.9247096074485152
XALMOO,BAKJOO,0.8864562582555537
XALMOO,BAKJEE,0.8859839567454777
XALMOO,MIHJUL,0.8677155807853643
XALMOO,DIBQEM,0.8620796610751047
XALMOO,EXUXEC,0.8602655162783889
XALMOO,YODRAM,0.8601583682334757
XALMOO,BOWDUO,0.8601577761957442
XALMOO,BOWDOI,0.860119305160014
XALMOO,TATSIS,0.8600921329822628
XALMOO,TATSIS01,0.8600787010772641
XALMOO,VEDFER,0.8600712868016617
XALMOO,VEDFOB,0.8600561323112746
XALMOO,VEDFIV,0.8600056551787278
XALMOO,ERUNIQ,0.8599900344847051
XALMOO,ABAVIJ,0.8599843390136832
XALMOO,VEDGIW,0.85996814692887
XALMOO,VODNOS,0.8599475791215974
XALMOO,VEDGES,0.8599473663889519
OFERUN,NIFNOI,0.9999999280067814
WUHMUJ,USAYOE,0.9974989706883856
WUHMUJ,GEPBEK,0.992535108486004
WUHMUJ,ESEQUO,0.8949570077468267
TATSIS01,TATSIS,0.9999150511889484
TATSIS01,ABAVIJ,0.9999004299011196
TATSIS01,ERUNIQ,0.9998479548734442
TATSIS01,LASMAV,0.99974348164987
TATSIS01,BIPXIK,0.9994563963218214
TATSIS01,BOWDIC,0.9994546659310388
TATSIS01,VEDFER,0.9993288985666198
TATSIS01,VEDFOB,0.9992353988310853
TATSIS01,VEDFIV,0.9992074547052868
TATSIS01,CEYPUT01,0.998834089333977
TATSIS01,CEYPUT,0.9987999062980332
TATSIS01,ABAVUV,0.9962756724346586
TATSIS01,CAXZOS,0.923125739521546
TATSIS01,DIDBEZ,0.9225149581227896
TATSIS01,JODGIU,0.9225058555204562
TATSIS01,DIDBID,0.9224825449237616
TATSIS01,BUKLOJ,0.8845422774825109
TATSIS01,ESEQUO,0.8785539874025409
REDROI,QUDGED,0.8547899333366923
REDROI,VEGMOK04,0.9999765955510798
REDROI,FIJCUX01,0.9992286305896552
REDROI,VUSKEA,0.9988545643418684
REDROI,MIBQAR07,0.9988118527673532
REDROI,HOLRAD,0.9987606570736782
REDROI,BOLPAU,0.9081574911113676
REDROI,HUTZAX01,0.9080675122026866
REDROI,GOSDUP,0.8971802817178476
REDROI,JEDDII,0.896016695390135
REDROI,SACHIP,0.8923053012505401
REDROI,UKOLOV,0.887178770768668
REDROI,NAWXER,0.8857499021188409
REDROI,WORKUL,0.8850351958084063
REDROI,QAQSAD,0.8847505933556048
REDROI,NIWYID,0.874996841059518
REDROI,IJEXIF01,0.8748558811750324
REDROI,NANYUX03,0.8739792884849327
REDROI,GADROU,0.8690322068667469
REDROI,OKELOH,0.8690296700170912
REDROI,PEGCIP,0.8686455246317153
REDROI,XEGWIS,0.8670798415433535
REDROI,XEGXIT,0.8670622278673575
REDROI,XEGWAK,0.8670566479261064
EZINAE,QAQSAD,0.9122644216111188
EZINAE,WORKUL,0.9120085084969308
FEPGEP,FONQAC,0.9172523286996196
ULOGIL,EKUNON01,0.9998979836718298
ULOGIL,EKUNON02,0.9998507251119656
ULOGIL,YIHZIA02,0.8912299553834935
ULOGIL,JUYJIY,0.8809020301000925
ULOGIL,FONQAC,0.8732698635165861
ULOGIL,FELXOM,0.8663417699564591
ULOGIL,MALWUU,0.8626704739878011
ULOGIL,LUWKIZ,0.8613435832561357
DOYHOQ,NUFBOH,0.9998754211562582
DOYHOQ,NUFCAU,0.9962342418950726
DOYHOQ,DOYHIK,0.996105138087332
DOYHOQ,APACAX,0.9518681407194848
DOYHOQ,JAYXAL,0.9056723631428923
DOYHOQ,OKELOH,0.8943875576049145
DOYHOQ,IJEXIF01,0.877934888176481
VUSKEA,PEVQEO,0.9999997079158724
VUSKEA,MIBQAR07,0.9999989504862552
VUSKEA,HOLRAD,0.999998145929724
VUSKEA,VEGMOK04,0.9985472435742492
VUSKEA,FIJCUX01,0.9962275463270476
VUSKEA,BOLPAU,0.9068664999994426
VUSKEA,JEDDII,0.8971900750879296
VUSKEA,GOSDUP,0.895506835088824
VUSKEA,ACODIH,0.8948904417479824
VUSKEA,UKOLOV,0.8853099010055359
VUSKEA,NAWXER,0.8819616479738627
VUSKEA,IJEXIF01,0.8745165494733117
VUSKEA,NIWYID,0.8738809557292017
VUSKEA,NANYUX03,0.8706931170656441
VUSKEA,NENHEU,0.8686765873522739
VUSKEA,GADROU,0.8681579244943181
VUSKEA,OKELOH,0.866849494957283
VUSKEA,XEGWIS,0.8628014657385631
VUSKEA,KAHMOW,0.8627859251796366
VUSKEA,XEGXIT,0.8627713298483395
VUSKEA,XEGWAK,0.862759328901558
VUSKEA,YICQOS,0.8611362197659872
VUSKEA,DUFLOH,0.8608656390198512
YEYRAY,MITSAK,0.9998052107336964
YEYRAY,FUMJAA,0.9996226422701088
YEYRAY,KUJMIN,0.9994553003007692
YEYRAY,DUWBEE,0.9460952396741904
YEYRAY,QUQFOY,0.9328415854642712
YEYRAY,IJEYEC,0.8927062975886446
YEYRAY,QEKLID01,0.8872185693781629
YEYRAY,QEKLID,0.8872020870457844
YEYRAY,FIPKOG01,0.861156582397056
NAHHAI,MOHSAF,0.8952810887215978
NAHHAI,IYOQIY,0.9998191333973148
NAHHAI,CISMEY,0.8991347014962728
OHOMIH,QIZLOC,0.9999909217171168
OHOMIH,NEHZUY,0.9996796402322424
OHOMIH,NEHZOS,0.9996536221649154
OHOMIH,DOTSOV12,0.99492343321289
OHOMIH,DOTSOV10,0.9949190575827146
OHOMIH,XAMDUM01,0.9938754367791632
OHOMIH,FIQCEN,0.9938118239438072
OHOMIH,YOZNIM,0.9937085702216324
OHOMIH,YOZNOS,0.980237496788808
OHOMIH,BABREE,0.930651300243724
OHOMIH,DALSOA,0.9275589635905932
OHOMIH,RAWYAS,0.9181265556336689
OHOMIH,IWEVAJ,0.9135583958733404
OHOMIH,MOBDIR,0.8947982396736059
OHOMIH,MOFGOE,0.894794173158419
OHOMIH,EXAXAE,0.8845054102881963
OHOMIH,HIDTUM,0.8778671578616966
OHOMIH,LAQNID,0.8649742772260522
MOFGOE,DOTSOV14,0.8962943425317065
MOFGOE,DOTSOV15,0.8962942310932887
MOFGOE,DOTSOV11,0.8962928197218432
MOFGOE,NEHZUY,0.8961252182911482
MOFGOE,BODPAN,0.8960040116700101
MOFGOE,YOZNIM,0.8958220381477606
MOFGOE,YOZNEI,0.895741423107736
MOFGOE,DIHVIB,0.8956984137982735
MOFGOE,QIZLOC,0.8948881008397421
MOFGOE,YOZNOS,0.8852513897650949
REYCUV,REYCEF,0.9983869951367744
REYCUV,MEQPEG,0.9037758750165106
REYCUV,HEZKIH,0.866571643020705
REYCUV,WEHHOI,0.8657396103411141
REYCUV,WEHJAW,0.865708236606854
YUKTUU,YUKTUU01,0.9999999992653176
YUKTUU,DADTOS15,0.9999998178750692
YUKTUU,REZJIR03,0.9999997590717732
YUKTUU,VIRJEM,0.9999983450554446
YUKTUU,LIJWOR02,0.9999835663793788
YUKTUU,DADTOS01,0.999968627431036
YUKTUU,DADTOS08,0.9999677909478178
YUKTUU,DADTOS09,0.9999672770299388
YUKTUU,DADTOS06,0.9999656499403078
YUKTUU,DIDVIW,0.9999649055601348
YUKTUU,DADTOS18,0.999963844928184
YUKTUU,YANWOC01,0.99996362434306
DUWBEE,QUQFOY,0.9819609369141264
DUWBEE,KUJMIN,0.9471113125606836
DUWBEE,MITSUE,0.9468375082221558
DUWBEE,MITSAK,0.9468335582864722
DUWBEE,QEKLID,0.9311431795345048
DUWBEE,CIKCOQ,0.8972996923099053
DUWBEE,PAQYAJ01,0.8645761189086117
ILAKAH,LUSHOX05,0.9200536853955684
ACICOH,ROGLOP,0.9999890275615408
ACICOH,AKOXIJ,0.9995789300472648
QIYDIN01,FAGQAI,0.9949918270142706
QIYDIN01,OGEBAF,0.9501395950311248
QIYDIN01,NUTQEZ,0.8857484756927436
QIYDIN01,YUGLES,0.885740831305555
DOTSOV02,DOTSOV12,0.999079572859434
DOTSOV02,DOTSOV10,0.9990731354088211
DOTSOV02,DOTSOV11,0.9990725779293664
DOTSOV02,BODPAN,0.9989687588803188
DOTSOV02,YOZNIM,0.998852740677476
DOTSOV02,DIHVIB,0.998777801832917
DOTSOV02,NEHZOS,0.9973440379236288
DOTSOV02,NEHZUY,0.9972836808438528
DOTSOV02,QIZLOC,0.9957776204228216
DOTSOV02,YOZNOS,0.994134241261976
DOTSOV02,BABREE,0.9320182692779224
DOTSOV02,EXOYAS,0.9192065283347448
DOTSOV02,YUGLES,0.9062891643330954
DOTSOV02,NUTQAV,0.905926948444946
DOTSOV02,NUTQEZ,0.905744622891756
DOTSOV02,PIDRAY,0.9019060410761586
DOTSOV02,HUCBOX02,0.8965291953190185
DOTSOV02,MOBDIR,0.8958536287653869
DOTSOV02,KANMIX,0.883829198315105
DOTSOV02,EXAXAE,0.8828505461993907
DOTSOV02,EXAXAE03,0.8826294507219262
DOTSOV02,HIDTUM,0.8744922604889052
DOTSOV02,LAQNID,0.8684283734390018
DOTSOV02,KIRFOI,0.8667238358783532
DOTSOV02,XICKOL,0.8602883568345957
CUFFUF,CUFDOX,0.9999999367775952
CUFFUF,CUFFIT,0.9999995369352638
CUFFUF,IYUHIU,0.9995500232862776
CUFFUF,PEYVEV,0.9885687480628416
CUFFUF,MAYJOM,0.8749029452397354
CUFFUF,VIFPUY05,0.8747354064135147
FISQEG,MIHJUL,0.94222432450834
FISQEG,DIBQEM,0.9399588726992616
FISQEG,BAKJEE,0.8942776828872752
FISQEG,CIPLIX,0.8834983609651609
FISQEG,ESEQUO,0.8800303075951258
FISQEG,JODGIU,0.8647899361713381
FISQEG,DIDBEZ,0.8647566694079576
FISQEG,DIDBID,0.8646895327259323
FISQEG,ERUNUC,0.864675455368206
NUDNUW01,XACLOF,0.9999932753004636
NUDNUW01,NUDNUW09,0.9999181512658728
NUDNUW01,NUDPAE01,0.999514348045679
NUDNUW01,NIHBAI01,0.9966695128692112
NUDNUW01,NIKZAJ01,0.9963749286273168
NUDNUW01,IZAKAX,0.9956909218895116
XADWIK,XADWIK02,0.9999929469534536
XADWIK,XADWIK01,0.9999841975774064
XADWIK,FEVDIV,0.9069048002879176
XADWIK,XOMCIN,0.9057034103069476
XADWIK,LIDSEY,0.9041330918881576
XADWIK,JAMSEY,0.9028460348839248
XADWIK,CAXZUY,0.8824811543283839
CEYPUT01,CEYPUT,0.9999675683733776
CEYPUT01,OJOBAS,0.999967563391098
CEYPUT01,VEDGES,0.9999668966272108
CEYPUT01,VEDFIV,0.9999564635247326
CEYPUT01,VEDGIW,0.9999444024865456
CEYPUT01,VEDFOB,0.9999279479036854
CEYPUT01,VEDFER,0.9999244072700948
CEYPUT01,BOWDOI,0.9998860440606324
CEYPUT01,BOWDUO,0.9998440836647045
CEYPUT01,YODRAM,0.9998435641579392
CEYPUT01,BIPXIK,0.999798580774074
CEYPUT01,EXUXEC,0.9996816142587744
CEYPUT01,ABAVIJ,0.9991470497249428
CEYPUT01,TATSIS,0.998583055907844
CEYPUT01,YIGGEB,0.9962115500074822
CEYPUT01,JODGIU,0.9231663669698406
CEYPUT01,DIDBEZ,0.9230914748879456
CEYPUT01,DIDBOJ,0.923063285407952
CEYPUT01,CAXZOS,0.9229599991701098
CEYPUT01,BUKLOJ,0.8820995058172275
CEYPUT01,BAKJOO,0.8792449045738477
CEYPUT01,BAKJEE,0.8791282418088828
CEYPUT01,FEVDER,0.8789085115804129
TEVZOK,RATDAS02,0.9999969571232163
TEVZOK,ELUQIM04,0.9998631148716602
TEVZOK,YANXIX02,0.9987737471120676
TEVZOK,SANMEB,0.9984132931454271
TEVZOK,YUKVUW04,0.9982442871287476
TEVZOK,SIWQIA02,0.9974926089882614
TEVZOK,SIWYOO,0.9973972332365802
RUBTAK03,UFOSEQ,0.9999999991420752
RUBTAK03,WIZMAV12,0.9469528339688532
RUBTAK03,WIZMAV08,0.9469383094798776
RUBTAK03,WIZMAV06,0.946935650522648
RUBTAK03,ERARUM,0.9469095507727392
RUBTAK03,ERANAO,0.9367740749559
RUBTAK03,OFOJAX,0.9096906513940952
RUBTAK03,WUPTUY01,0.9049443590034078
RUBTAK03,OXOLAP,0.9045877576961594
RUBTAK03,GAYXEM,0.903131398399533
RUBTAK03,BUNLAZ,0.8982155440486862
RUBTAK03,BUNKUS,0.8974642042263179
RUBTAK03,ESEBOV,0.8753234749509086
ESEBOV,ERARUM,0.8932503792494574
ESEBOV,WIZMAV06,0.8931978411975933
ESEBOV,WIZMAV11,0.8931891825515543
ESEBOV,WIZMAV09,0.893186041678022
ESEBOV,WIZMAV07,0.8931839245951313
ESEBOV,WIZMAV12,0.8931612156796668
ESEBOV,UVAHIK,0.8930445186220439
ESEBOV,BUNLAZ,0.8833547955895674
ESEBOV,BUNKUS,0.882977031401772
ESEBOV,UFOSEQ,0.8753264766337454
ESEBOV,GERBEN,0.8600321740666347
ESEBOV,HERHAQ,0.8599223456687702
VEDGES,VEDGIW,0.9999959924504797
VEDGES,VODNOS,0.9999950324216564
VEDGES,VEDFOB,0.9999900262196948
VEDGES,CEYPUT,0.99998309419218
VEDGES,VEDFER,0.9999759724021005
VEDGES,BOWDOI,0.9999716103322668
VEDGES,BOWDUO,0.9999509190849256
VEDGES,BIPXIK,0.9999221264079554
VEDGES,EXUXEC,0.999836154893573
VEDGES,TATSIS,0.9989065449037952
VEDGES,ERUNIQ,0.9986741231017074
VEDGES,ERUNUC,0.9233541977015514
VEDGES,CAXZOS,0.9230075753007676
VEDGES,DIDBEZ,0.9229919669697544
VEDGES,DIDBID,0.9229190683530316
VEDGES,BUKLOJ,0.8825869170055137
VEDGES,BAKJOO,0.879214956711984
VEDGES,ESEQUO,0.8727509499751094
VEDGES,YATDOP,0.8601540650062846
NUDPAE01,VICBEQ,0.9999994882842104
NUDPAE01,NIKZAJ01,0.9985388524160717
NUDPAE01,IZAKAX,0.9980929773516783
RIGHAR,ROCZEQ,0.9960847777277816
RIGHAR,GOYLUB,0.8848636343347576
RIGHAR,KETHEY,0.87925029267902
RIGHAR,CIKCOQ,0.8792365626501812
RIGHAR,LULGIJ,0.8612135958554956
APACAX,NUFBOH,0.951265298766165
APACAX,DOYHIK,0.950794995429894
APACAX,NUFCAU,0.9453457397918312
APACAX,NIWYID,0.8779310281512902
APACAX,NANYUX03,0.8772633212512786
SEQWIW,AFOVAT,0.9997963817244316
BELTOD,VUQJUN01,0.884750455203864
RISXAU,TIPRIT01,0.99960033320959
FONQAC,FELXOM,0.9126403403483708
FONQAC,EKUNON01,0.8727056592143903
FONQAC,RUXWEM03,0.8670024951916886
FONQAC,YICRAF,0.8614464814219376
DOTSOV14,DOTSOV10,0.9999999895474938
DOTSOV14,DOTSOV11,0.9999999885696048
DOTSOV14,BODPAN,0.999972604319648
DOTSOV14,XAMDUM01,0.9999506690496774
DOTSOV14,FIQCEN,0.9999447792710792
DOTSOV14,YOZNIM,0.9999345609447968
DOTSOV14,YOZNEI,0.99991356510075
DOTSOV14,DIHVIB,0.9999019426263664
DOTSOV14,WULJUJ,0.9991001510356714
DOTSOV14,NEHZOS,0.9972159132176244
DOTSOV14,QIZLOC,0.995075568183568
DOTSOV14,EXOYAS,0.9199356755704332
DOTSOV14,PIDRAY,0.9011472602042184
DOTSOV14,KANMIX,0.8849466244740863
DOTSOV14,EXAXAE03,0.882540118208026
DOTSOV14,HIDTUM,0.8741817423811934
DOTSOV14,KIRFOI,0.8666218528797116
DOTSOV14,XICKOL,0.8608874694187342
NAHGUB,GAMFEG,0.9130266044981206
NAHGUB,MOFTIL02,0.9073389829807864
NAHGUB,MOFTIL01,0.9072780771879916
NAHGUB,NUCRIN,0.9069386428035108
NAHGUB,BOVHEB,0.8933375719760228
NAHGUB,LEYLIN,0.8794979017342266
XAVDEF,IDIWOH02,0.9999998490981956
XAVDEF,IXOFOR,0.9999997148001056
XAVDEF,IDIWOH05,0.99999999960373
XAVDEF,IDIWOH06,0.999999993110454
XAVDEF,IXODUV,0.9999997662356764
XAVDEF,IXOFUX01,0.9999996874678038
XAVDEF,IXOFUX,0.99999968405915
XAVDEF,XAVDIJ,0.999998207457602
XAVDEF,ATOTIM,0.9999293187592626
KARMOH,MIXZOK,0.956332002601382
DUNXUH15,DUNXUH06,0.9999978052665944
DUNXUH15,DUNXUH13,0.9999859999710918
DUNXUH15,NIWYID,0.8970683526665718
RAVVIU01,EDAGAT,0.9999999465916848
RAVVIU01,RAVVIU,0.9999987512080308
RAVVIU01,EDAGEX,0.9999813801885576
RAVVIU01,DADTUY01,0.99848955617264
RAVVIU01,IGOPEB,0.9976127838948374
RAVVIU01,SOJKOT07,0.997203786819494
RAVVIU01,DEFNIO,0.994053269869383
DEFNIO,OXCFOR,0.9984485073587652
DEFNIO,MAJMOA03,0.999611241579959
DEFNIO,IGOPEB,0.9990495128734512
DEFNIO,DADTUY07,0.9985080374383188
DEFNIO,DADTUY,0.9983802131910352
DEFNIO,EDAGEX,0.9946952341810332
DEFNIO,EDAGAT,0.9940814590091794
DEFNIO,RAVVIU,0.9938817340513112
GIMBIN05,GIMBIN,0.9999856988110822
EXAXAE03,WANJIF,0.997355086720148
EXAXAE03,KANMIX,0.9961880000955542
EXAXAE03,NEHZUY,0.8850672897303982
EXAXAE03,QIZLOC,0.8846717152507847
EXAXAE03,DOTSOV10,0.8825397508182369
EXAXAE03,DOTSOV11,0.8825369321098112
EXAXAE03,BODPAN,0.8819883889451433
EXAXAE03,FIQCEN,0.8817389193489515
EXAXAE03,YOZNIM,0.8816625733086596
EXAXAE03,YOZNEI,0.8815238444282696
EXAXAE03,YOZNOS,0.8694215635391206
DOTSOV12,DOTSOV15,0.9999999887353688
DOTSOV12,DOTSOV10,0.9999999887299842
DOTSOV12,DOTSOV11,0.9999999863055168
DOTSOV12,YOZNIM,0.99993414302117
DOTSOV12,YOZNEI,0.9999130863868516
DOTSOV12,DIHVIB,0.999901431271671
DOTSOV12,WULJUJ,0.9991006536668972
DOTSOV12,NEHZOS,0.997218626809562
DOTSOV12,NEHZUY,0.9971430974273257
DOTSOV12,QIZLOC,0.995079163145192
DOTSOV12,YOZNOS,0.9912078463026944
DOTSOV12,DALSOA,0.9330058501948169
DOTSOV12,BABREE,0.9324954687109028
DOTSOV12,ORAWAH,0.9316891371176867
DOTSOV12,EXOYAS,0.919936301704126
DOTSOV12,IWEVAJ,0.918723928187254
DOTSOV12,YUGLES,0.907684826549503
DOTSOV12,NUTQAV,0.9074210219294472
DOTSOV12,NUTQEZ,0.9072832176548764
DOTSOV12,PIDRAY,0.9011515754947962
DOTSOV12,HUCBOX02,0.8973571051206546
DOTSOV12,KANMIX,0.8849460353071134
DOTSOV12,WANJIF,0.8849325982676587
DOTSOV12,HIDTUM,0.8741849023352113
DOTSOV12,LAQNID,0.86924193171318
DOTSOV12,KIRFOI,0.8666245019643593
DOTSOV12,XICKOL,0.8608883162920866
XEKCAT01,RASKIH,0.8957629768737303
XEKCAT01,NABMUA01,0.8738235408828263
XUFYAA,XOPXAC,0.9997675130549768
XUFYAA,WAQDOJ,0.9084495194376678
XUFYAA,UMARIL,0.8727770258317294
XUFYAA,MUDLON,0.8700439638822265
UFUMUD,BAHGUN02,0.999956403239999
UFUMUD,QERZUI01,0.9998923449174534
UFUMUD,ECODIK,0.9998392758759618
UFUMUD,BAHGUN04,0.9998286781317296
UFUMUD,BAHGUN,0.999808413495927
UFUMUD,UFUMUD01,0.999741636062354
UFUMUD,EGOZAB,0.999732522835229
UFUMUD,UFUNAK,0.9994099107729886
UFUMUD,POFDEV,0.9988674918236724
UFUMUD,VOJPUG01,0.9982701919078786
UFUMUD,POFDOF,0.997334190288355
UFUMUD,NELCEN,0.996059412646395
UFUMUD,POFFEX,0.9955062924274974
UFUMUD,IXAJUN,0.8790519655380484
UFUMUD,XICKOL,0.8770626893660705
IWEVAJ,EXOYAS,0.9983952241334012
IWEVAJ,RAWYAS,0.9978222354213192
IWEVAJ,WULJUJ,0.9198845792595376
IWEVAJ,DOTSOV11,0.9187165615892612
IWEVAJ,DOTSOV15,0.9187164881562182
IWEVAJ,DIHVIB,0.9186444486869813
IWEVAJ,YOZNOS,0.9161239519178412
IWEVAJ,NEHZOS,0.9158042530634692
IWEVAJ,NEHZUY,0.915728369959992
IWEVAJ,QIZLOC,0.913919892319675
IWEVAJ,DALSOA,0.8624521802508756
IWEVAJ,ORAWAH,0.8612203854727855
NIPWIT01,PASGIB02,0.8946656549644256
NIPWIT01,PASGEX04,0.8946364923311076
CIZQOT,RIGTIL,0.9996181311730308
CIZQOT,MUZHUL,0.9972727947897996
CIZQOT,UGUQOC,0.9958085081223677
CIZQOT,FABFOF,0.995668264418542
CIZQOT,WOBHIF03,0.8691842093622131
HOLRAD,MIBQAR07,0.9999987785694208
HOLRAD,VEGMOK04,0.9984419482252804
HOLRAD,FIJCUX01,0.9960593827510936
HOLRAD,BOLPAU,0.9067668191358924
HOLRAD,JENKET,0.903680682141296
HOLRAD,JEDDII,0.8971894405590453
HOLRAD,SACHIP,0.8960633735822292
HOLRAD,QEDZEG,0.8910012868787178
HOLRAD,UKOLOV,0.885187006232478
HOLRAD,QAQSAD,0.8822546527957479
HOLRAD,NAWXER,0.881762109182874
HOLRAD,XAFFER,0.8747869905717692
HOLRAD,NIWYID,0.8737882255088409
HOLRAD,NANYUX03,0.8705135746841249
HOLRAD,GADROU,0.8680750043425478
HOLRAD,OKELOH,0.8667141405725542
HOLRAD,XEGWIS,0.8625823676086686
HOLRAD,KAHMOW,0.8625665709653051
HOLRAD,XEGXIT,0.8625517330813464
HOLRAD,XEGWAK,0.8625394774948378
HOLRAD,YICQOS,0.8611453510442131
HOLRAD,DUFLOH,0.8608897629254144
MIBQAR07,IFABIA02,0.9989815271261506
MIBQAR07,VEGMOK04,0.9984954563138052
MIBQAR07,JENKET,0.9037733670717184
MIBQAR07,JEDDII,0.8972108521085425
MIBQAR07,GOSDUP,0.8954723530485118
MIBQAR07,ACODIH,0.8948237736663568
MIBQAR07,QEDZEG,0.8911104488607096
MIBQAR07,WORKUL,0.8842726700522975
MIBQAR07,QAQSAD,0.88232830219638
MIBQAR07,NAWXER,0.8818756093903907
MIBQAR07,XAFFER,0.8748640252735713
MIBQAR07,IJEXIF01,0.8744860696709851
MIBQAR07,NOXMAQ,0.8709799490084321
MIBQAR07,NENHEU,0.868577908796916
MIBQAR07,OKELOH,0.8667828686902568
MIBQAR07,XEGWIS,0.8626940884283898
MIBQAR07,KAHMOW,0.8626784118557256
MIBQAR07,YICQOS,0.8611438330820559
ORAWAH,YOZNEI,0.9322775468074204
ORAWAH,YOZNIM,0.9322132848215088
ORAWAH,FIQCEN,0.93217559862582
ORAWAH,XAMDUM01,0.9321519264352358
ORAWAH,BODPAN,0.9320428409651326
ORAWAH,DOTSOV10,0.931691269879686
ORAWAH,WULJUJ,0.9300721280854048
ORAWAH,NEHZOS,0.9251009305839324
ORAWAH,KIRFOI,0.9187112453938768
ORAWAH,ANUGEW,0.913012008559701
ORAWAH,LAQNID,0.8979810020484957
ORAWAH,QOWRAV,0.8811919122007859
ORAWAH,QOWRAV12,0.8811652499131476
ORAWAH,QOWRAV05,0.8811289607304876
ORAWAH,QOWRAV04,0.8811244616362102
ORAWAH,BAZGAM,0.8772767035295068
ORAWAH,DALSOA,0.873859620874527
ORAWAH,NAFSOF,0.8724341427082536
ORAWAH,ENIHUG,0.8677156210292518
ORAWAH,SEMNIJ,0.8673341175508901
ORAWAH,LURRIA,0.8634120280240998
ORAWAH,EXOYAS,0.861452327359503
FECWOB,MOFTIL02,0.9998680404187626
FECWOB,MOFTIL01,0.9998052010432904
FECWOB,NUCRIN,0.9994214380595332
FECWOB,BOVHEB,0.983784700078732
FECWOB,PEPHID,0.897010663216367
FECWOB,GAMFEG,0.8955320813761721
FECWOB,SAQFUM01,0.8759321632934082
AXULEM,KUJMIN,0.9199962165814656
UFUMUD01,EGOZAB,0.9999984043677714
UFUMUD01,BAHGUN04,0.9999711500972666
UFUMUD01,BAHGUN02,0.9999102690877416
UFUMUD01,UFUNAK,0.999902545811707
UFUMUD01,QERZUI01,0.9998648449589828
UFUMUD01,POFDIZ,0.9998219801067988
UFUMUD01,MURREW,0.9997491691063232
UFUMUD01,UFUNIS,0.999623486550223
UFUMUD01,POFDEV,0.9994612141788912
UFUMUD01,VOJPUG01,0.9990424876565572
UFUMUD01,POFDOF,0.998430726949027
UFUMUD01,POFFEX,0.9969553800218456
UFUNIS,NIHDEQ,0.9999878915246848
UFUNIS,ECODIK,0.999969439112869
UFUNIS,QERZUI01,0.9999393422628218
UFUNIS,BAHGUN02,0.99981110637286
UFUNIS,BAHGUN04,0.9998017561513616
UFUNIS,BAHGUN,0.9997458086584736
UFUNIS,EGOZAB,0.9996469855170098
UFUNIS,UFUNAK,0.9991433004175668
UFUNIS,POFDIZ,0.9991398976824698
UFUNIS,MURREW,0.9987931275593857
UFUNIS,KAKTIA01,0.9985084835244828
UFUNIS,VOJPUG01,0.9975224721034686
UFUNIS,NELCEN,0.9951017018476134
UFUNIS,POFFEX,0.9944613246213604
UFUNIS,IXAJUN,0.878993640553166
UFUNIS,XICKOL,0.8763730209108286
PIJJEZ,HIZQEN01,0.8740478232932387
DUFLOH,OKELOH,0.8741347183359673
DUFLOH,JENKET,0.8625705788877404
SIWYOO,SIWQIA02,0.9999863389292324
SIWYOO,YUKVUW04,0.9999151505338632
SIWYOO,YANXIX02,0.9997426558370872
SIWYOO,SANMEB,0.9996700617187566
SIWYOO,AMOBEL01,0.9993886721398252
SIWYOO,ELUQIM08,0.9961405003420376
SIWYOO,ELUQIM13,0.9959975168284454
BOLPAU,IFABIA02,0.9082136417169314
MAHTAR,LUSHOX05,0.9999129108736782
MAHTAR,OCAKUB,0.9472058951398052
MAHTAR,VUQJUN01,0.9461332192037084
MAHTAR,IQOKIK,0.9059192939065666
MAHTAR,DAWCOV,0.9058011997948026
MAHTAR,PUGHAC,0.8958071162025858
MAHTAR,FEJFAE,0.885060268542219
MAHTAR,DADLEC,0.8761013992930379
MAHTAR,PUNYIH,0.874755387507447
MAHTAR,ABAYIO,0.874060367110065
MAHTAR,ROYMEZ,0.865111595484136
MAHTAR,MUMBIH,0.8611465129465686
BEPPIY,GANGEJ02,0.8198822972056634
KUXREC,YAXBUV02,0.9997035760411046
KUXREC,YAXCAC,0.99963842082816
KUXREC,POJTOY,0.9986460245567482
KUXREC,XUDSIY,0.9980426470910366
KUXREC,SETQOZ,0.9978696454428144
KUXREC,SETQUF,0.9978457114112812
KUXREC,SADMUH,0.9977257691109196
KUXREC,SETQIT,0.9973390124052388
KUXREC,YAXBOP,0.9972192758051112
KUXREC,REZXOK,0.8846630737113824
KUXREC,LARPEB,0.8705974995361893
XUDSIY,KUXSIH,0.994909042359262
XUDSIY,POJTOY,0.9934547129860468
XUDSIY,VAGVAC,0.9933248734175522
XUDSIY,SETQOZ,0.9918629284054568
XUDSIY,SETQUF,0.9918164827494752
XUDSIY,SADMUH,0.991585709147472
XUDSIY,SETRAM,0.9912856362679
XUDSIY,SETQIT,0.9908603403126692
XUDSIY,YAXBOP,0.990641242427554
XUDSIY,XADCOW,0.9901249054657344
XUDSIY,TOVJAR,0.905386693547018
XUDSIY,REZXOK,0.8809136736652697
XUDSIY,UFIKIG,0.8626420152829022
FOSTOY,CIFSES,0.9999788473526198
FOSTOY,UNIDAY,0.999962188295102
FOSTOY,NEDLOZ,0.9995156793546804
FOSTOY,FAHQEM,0.9562100669111314
FOSTOY,VACFOV01,0.9028711792336108
FOSTOY,VIFPUY05,0.902606302675252
FOSTOY,VIFPUY,0.9025953127811992
FOSTOY,VIFPUY03,0.9025926609609554
NATFAS,CIZQUZ,0.999977405537791
NATFAS,RIGTIL,0.9994820148759044
NATFAS,MUZHUL,0.9968550346132604
NATFAS,WOBHOL,0.8687299508287428
NATFAS,WOBHIF03,0.8687035569577812
BIFSUF,DEHHEG,0.9997711536133688
QIZLOC,NEHZUY,0.999707048021218
QIZLOC,WULJUJ,0.9957902957824992
QIZLOC,DOTSOV10,0.995074292768496
QIZLOC,DOTSOV15,0.9950742909931348
QIZLOC,DOTSOV11,0.9950703814416156
QIZLOC,XAMDUM01,0.99404765423609
QIZLOC,FIQCEN,0.993984467685603
QIZLOC,YOZNEI,0.9937050618749874
QIZLOC,DIHVIB,0.9935979194960456
QIZLOC,RAWYAS,0.9182168688767568
QIZLOC,YUGLES,0.8994671650441863
QIZLOC,MOBDIR,0.8948920598215506
QIZLOC,HUCBOX02,0.8924493489294762
QIZLOC,KANMIX,0.8784382147130625
QIZLOC,LAQNID,0.8651158995272717
QIZLOC,IXAJUN,0.860861798548378
YICQOS,JENKET,0.8636495988358591
NUFCAU,DOYHIK,0.9848119076949992
NUFCAU,JAYXAL,0.8982853633108768
NUFCAU,OKELOH,0.8866506563387322
NUFCAU,IJEXIF01,0.8735056657592463
NUFCAU,NIWYID,0.8718599819032002
NUFCAU,NANYUX03,0.8658539457094561
FILYEG,XADDUD,0.9997146375342436
FILYEG,XIHSAJ01,0.8633642827431847
FILYEG,TONBOO,0.8632901073826321
FILYEG,XIHSEN,0.8632709629011449
FILYEG,VASYEW,0.8611426502155547
BIPXIK,YODRAM,0.9999965913597936
BIPXIK,BOWDUO,0.9999964998121104
BIPXIK,BOWDOI,0.9999875292645736
BIPXIK,EXUXEC,0.9999823017516536
BIPXIK,VEDFOB,0.9999670255199956
BIPXIK,VEDFER,0.9999604668464834
BIPXIK,VEDFIV,0.9999397087635016
BIPXIK,OJOBAS,0.9998553122342076
BIPXIK,ABAVIJ,0.999505043662037
BIPXIK,ERUNIQ,0.9992278279020744
BIPXIK,LASMAV,0.99892852894342
BIPXIK,YIGGEB,0.997666362008572
BIPXIK,ERUNUC,0.9231647154987854
BIPXIK,CAXZOS,0.9231090924744008
BIPXIK,DIDBOJ,0.9229767886370958
BIPXIK,JODGIU,0.9229409021830218
BIPXIK,FEVDER,0.8792570418647964
BAZGAM,KIJRUS,0.999104690385154
BAZGAM,BAZFUF,0.9956539762096313
BAZGAM,QOWRAV,0.9862587585381196
BAZGAM,QOWRAV11,0.986194361346576
BAZGAM,QOWRAV12,0.9861875826814588
BAZGAM,QOWRAV08,0.9861740090346504
BAZGAM,QOWRAV07,0.986152807769223
BAZGAM,QOWRAV04,0.9860793643786144
BAZGAM,ANUGEW,0.9739567266557252
BAZGAM,LAQNID,0.9006727220662911
BAZGAM,LURRIA,0.8668503717729514
BAZGAM,SEMNIJ,0.8665442565402102
BAZGAM,ENIHUG,0.8642713520162869
BAZGAM,SIXNOF,0.8601529935696653
KAHMOW,XEGXIT,0.999999991625281
KAHMOW,XEGWIS,0.999999990518807
KAHMOW,VEGMOK04,0.8674624731279863
KAHMOW,IFABIA02,0.8665292755576808
FUDGIW,HUVGEM,0.9177209357358612
FUDGIW,XENMIO,0.91771717847468
FUDGIW,IJEXIF01,0.907427520572616
FUDGIW,HUTZAX01,0.8610982168569657
FUDGIW,WEHJAW,0.8600891670433897
FUDGIW,WEHHOI,0.8600675951657963
BUKMUQ01,NIWYID,0.8840031143694893
BUKMUQ01,IJEXIF01,0.883121323564004
PEJNOJ,NANYUX03,0.9999707424465998
KETHEY,CIKCOQ,0.99998365757125
KETHEY,ECIWIW,0.9094901495595884
KETHEY,IGUTUB,0.9093547725019584
KETHEY,IGUTUB01,0.9091618571805312
KETHEY,QEKLID,0.8949360502488505
KETHEY,NOLRIR,0.8930288644008646
KETHEY,QUQFOY,0.8898173073559567
ATAFIK,CIZQUZ,0.9999917108872064
ATAFIK,QOBGEV,0.999053087586082
HALVEY,CAQJOW,0.9981733666674512
HALVEY,TAHYUZ,0.9544882032601212
HALVEY,DIBQEM,0.8645987059524018
VASYEW,FEYJOJ,0.9322692914050138
VASYEW,BAKJOO,0.8902712131369434
VASYEW,BAKJEE,0.889041712267292
VASYEW,CIPLIX,0.8769562604892618
VASYEW,XADDUD,0.8599821782413313
PIDRAY,NEHZUY,0.907291522819888
PIDRAY,NEHZOS,0.9072469312728366
PIDRAY,WULJUJ,0.901920316117067
PIDRAY,DOTSOV15,0.9011467005722829
PIDRAY,DOTSOV11,0.9011420095031268
PIDRAY,BODPAN,0.9002468102921711
PIDRAY,XAMDUM01,0.8999241186168403
PIDRAY,FIQCEN,0.8998504140728124
PIDRAY,DIHVIB,0.8993953025539747
QOWRAV08,QOWRAV07,0.9999999914212142
QOWRAV08,QOWRAV05,0.9999998696113162
QOWRAV08,KIJRUS,0.9863958045466648
QOWRAV08,LAQNID,0.8947896909837646
QOWRAV08,ENIHUG,0.8678164011333828
ETUWOG,BUKLOJ,0.9999561672050782
MIXZOK,NIWQIV,0.9048510838799104
DAFHEZ,CIPLIX,0.8951385008313806
DAFHEZ,XIHSEN01,0.8628189395965591
DAFHEZ,XIHSEN,0.8626312158909288
DAFHEZ,TONBOO,0.8623133179144906
JEDVEW,MITSAK,0.9999870045452204
IXAJUN,XICKOL,0.9986297067936872
IXAJUN,IXAKAU,0.8801599125288779
IXAJUN,EGOZAB,0.8792888487686843
IXAJUN,BAHGUN04,0.8792809734249316
IXAJUN,BAHGUN02,0.8792104762844494
IXAJUN,MURREW,0.8789547376525039
IXAJUN,KAKTIA01,0.8787172319374049
IXAJUN,POFDEV,0.8786290438494493
IXAJUN,KIRFOI,0.8778673945181624
IXAJUN,POFDOF,0.8775301588567407
IXAJUN,POFFAT,0.8773185392006659
IXAJUN,NELCEN,0.8764793411740821
IXAJUN,LAQNID,0.875595383470094
IXAJUN,NEHZUY,0.861157543005963
IXAJUN,NEHZOS,0.8611571187663165
BODPAN,XAMDUM01,0.9999966019424656
BODPAN,FIQCEN,0.9999948877051492
BODPAN,YOZNIM,0.9999916384586112
BODPAN,DIHVIB,0.9999778625823896
BODPAN,DOTSOV11,0.9999728479075642
BODPAN,DOTSOV15,0.9999725562076353
BODPAN,WULJUJ,0.99898997606685
BODPAN,NEHZOS,0.9966392652185074
BODPAN,NEHZUY,0.996556354283216
BODPAN,YOZNOS,0.9917028774672132
BODPAN,DALSOA,0.9330057115943344
BODPAN,BABREE,0.932229201868392
BODPAN,RAWYAS,0.9190375799461508
BODPAN,NUTQAV,0.9076949479406898
BODPAN,MOBDIR,0.8960013272665677
BODPAN,HIDTUM,0.8735149212011734
BODPAN,LAQNID,0.8691543378670317
BODPAN,KIRFOI,0.8660582399221003
BAHGUN02,BAHGUN04,0.9999503138074533
BAHGUN02,EGOZAB,0.9999044274470302
BAHGUN02,ECODIK,0.9998852251929684
BAHGUN02,NIHDEQ,0.9997381124959992
BAHGUN02,UFUNAK,0.9996737165132952
BAHGUN02,MURREW,0.9995107830818056
BAHGUN02,KAKTIA01,0.9993726397478816
BAHGUN02,POFDOF,0.9978421465911412
BAHGUN02,POFFAT,0.997582949900329
BAHGUN02,POFFEX,0.9961570102503584
POFDIZ,MURREW,0.9999193681490428
POFDIZ,UFUNAK,0.9998835464843836
POFDIZ,POFDEV,0.9998083402873648
POFDIZ,BAHGUN,0.9997507073086032
POFDIZ,BAHGUN04,0.999696166816116
POFDIZ,VOJPUG01,0.9995284754854676
POFDIZ,QERZUI01,0.9995096499160112
POFDIZ,NIHDEQ,0.999013214347267
POFDIZ,NELCEN,0.9981469776276944
POFDIZ,POFFEX,0.9977668444673532
POFDIZ,XICKOL,0.8785192179128507
IGAHED,SACMOA,0.9999448692444316
IGAHED,OCACUR,0.9998680865047178
IGAHED,UGECEO01,0.9998056892962696
IGAHED,IGAHED01,0.9997539981886572
IGAHED,XUZRIU,0.8642220516516763
IGAHED,HABZEQ,0.8639475069758719
IGAHED,XEVSIB,0.8632179997932015
VOSSUT,XAPSIS,0.8697972466595667
VOSSUT,CIPLIX,0.8684406256231223
CUPHUS,RAGREY,0.9999414439427308
CUPHUS,LIRVAK,0.99956453797725
CUPHUS,XIQZIH,0.9991617073354232
CUPHUS,ASUKEE01,0.9987506699579912
XENMIO,HUVGEM,0.9999998531562851
XENMIO,HUTZAX01,0.9422360637382304
XENMIO,FIJCUX01,0.861132717840043
XENMIO,IFABIA02,0.8603092540399584
EBEWOZ,EBEXAM,0.9999911885529996
EBEWOZ,EBEWIT,0.999986925087717
EBEWOZ,YENZAV,0.8976886359147735
EBEWOZ,COKJIX,0.8936104366052087
EBEWOZ,MIRGIG,0.8872654753207101
EBEWOZ,AFUDUD,0.8841696003606141
EBEWOZ,ADEGIA,0.867281488900259
EBEWOZ,ATIKAP,0.8671529734347536
EBEWOZ,ADEGIA01,0.8646277845260374
AFOVIB,ADEGIA,0.9445231993555516
AFOVIB,AYOZIZ,0.944460897861026
AFOVIB,KEZLIN,0.932835146092616
AFOVIB,AFUDUD,0.9326184944517472
AFOVIB,UMIZEX,0.9286119664712572
AFOVIB,HOGQIF,0.8852039850730572
JEJZAC,HEBJEF,0.9699347898783196
HABZEQ,XUZRIU,0.999506573398272
HABZEQ,XEVSIB,0.9975922073589504
HABZEQ,YIPFIO,0.9003722858573411
HABZEQ,TAHYUZ,0.8662910980724358
HABZEQ,SACMOA,0.864136221124248
HABZEQ,IGAHED02,0.8639161077410419
HABZEQ,OCACUR,0.8634567243887196
HABZEQ,IGAHED03,0.8624488312898031
HABZEQ,XIHSEN01,0.8614023335753139
HABZEQ,XIHSEN,0.8613089730392908
HABZEQ,TONBOO,0.8608790662105651
FAMBUS,IZEBEV,0.9804099901229876
RIGTIL,CIZQUZ,0.9992660857001228
RIGTIL,FABFOF,0.9977816411590178
RIGTIL,WOBHIF03,0.8710504110516256
TONBUU,VEMSUC,0.9999949346345594
TONBUU,GACVIS,0.9999874310705644
QOMSES,QONLIQ,0.9999976294161604
QOMSES,JAXNUU,0.999687032096496
QOMSES,PEBNER,0.9992162319160188
QOMSES,JAVNIE,0.9987122107530156
QOMSES,VUQJEX01,0.9972461073912652
QOMSES,VUQJEX,0.9971960072944388
FUFVEJ,LIRVAK,0.9999964233094788
FUFVEJ,KIKRAA,0.999988121339664
FUFVEJ,XIQZIH,0.999809088639136
FUFVEJ,OJOQAF02,0.9969910669568448
XAMDUM01,FIQCEN,0.9999998255054172
XAMDUM01,YOZNEI,0.9999943287611662
XAMDUM01,DIHVIB,0.9999917065716456
XAMDUM01,DOTSOV11,0.9999511054694112
XAMDUM01,DOTSOV10,0.9999507125449136
XAMDUM01,WULJUJ,0.9989104938259672
XAMDUM01,NEHZOS,0.9964280549543284
XAMDUM01,NEHZUY,0.99634259672852
XAMDUM01,DALSOA,0.9329930184092567
XAMDUM01,BABREE,0.9321254327435344
XAMDUM01,YUGLES,0.9079697073002378
XAMDUM01,NUTQAV,0.907776649639526
XAMDUM01,HUCBOX02,0.8973072597037183
XAMDUM01,MOBDIR,0.8958889031731295
XAMDUM01,KANMIX,0.8850575052678369
XAMDUM01,WANJIF,0.8848779202449155
XAMDUM01,EXAXAE,0.8821099302658443
XAMDUM01,HIDTUM,0.8732725229435461
XAMDUM01,LAQNID,0.8691118456586028
XAMDUM01,KIRFOI,0.8658515356567967
XAMDUM01,XICKOL,0.860607418975407
YUNBOZ,INICPB01,0.9998960953903668
YUNBOZ,INICPB02,0.9997601345290348
YUNBOZ,POCMEA03,0.9997358831744468
YUNBOZ,POCMEA04,0.9996818793325216
YUNBOZ,XILBAW,0.8849288036683545
YUNBOZ,RUBZIY02,0.8847182552796576
YUNBOZ,YAPQUC,0.8834949721055272
OXEWUL,POFGUO,0.9980003866041924
NOTRUL,RORLIV,0.9997343793536954
NOZZOT,ODIXIK,0.9995352152537488
NOZZOT,NOZZUZ,0.9982508951343594
NOZZOT,GOYLUB,0.907991094166656
GURXIB,UPEMUZ,0.8865654759408512
GURXIB,WOHYOH01,0.883333507591548
GURXIB,OCAKUB,0.8791430023404327
GURXIB,VUQJUN01,0.8771951234232036
GURXIB,WOHYUN,0.8638898288949576
FUMJAA,MITSUE,0.9999710718610452
FUMJAA,MITSAK,0.9999700651903568
FUMJAA,QUQFOY,0.9319566847832552
FUMJAA,GERWOR,0.9057652471165508
FUMJAA,QEKLID01,0.8864945039706776
FUMJAA,QEKLID,0.8864439666204444
FUMJAA,GOYLUB,0.8694515052878589
NOMPIQ01,NOMPIQ,0.9999989396442016
NOMPIQ01,CIKPEU,0.9999983422127056
NOMPIQ01,DIBQEM,0.9100823232731616
NOMPIQ01,DIDBOJ,0.8857534471312136
NOMPIQ01,DIDBEZ,0.8854395212259025
NOMPIQ01,DIDBID,0.8853729418982543
NOMPIQ01,ERUNUC,0.8853252283098068
DIDBID,DIDBEZ,0.9999970355003316
DIDBID,DIDBOJ,0.9999695357495266
DIDBID,CAXZOS,0.9998083140588616
DIDBID,VEDFIV,0.9230112724418416
DIDBID,ABAVIJ,0.9229579264745094
DIDBID,VEDGIW,0.9228316125509276
DIDBID,VODNOS,0.9228160613415524
DIDBID,BOWDUO,0.9228129928041396
DIDBID,YODRAM,0.9228128948588176
DIDBID,OJOBAS,0.9228052785599282
DIDBID,CEYPUT,0.9228016611867184
DIDBID,EXUXEC,0.9227550333328848
DIDBID,MOXDOT,0.92200597133236
DIDBID,TATSIS,0.9219712959671
DIDBID,ABAVUV,0.921779372499692
DIDBID,ERUNIQ,0.9216783163237606
DIDBID,LASMAV,0.921290956297951
DIDBID,BAKJOO,0.9088416577894682
DIDBID,BAKJEE,0.9086414063491656
DIDBID,NOMPIQ,0.885296647066812
DIDBID,FUMJAZ01,0.8829799171929379
DIDBID,FUMJAZ,0.8828919983809453
DIDBID,MIHJUL,0.8827954973170319
DIDBID,LUWZUZ01,0.8825845975230183
DIDBID,XEVXUT,0.8797130867645276
DIDBID,BUKLOJ,0.8751072123746428
DIDBID,DIBQEM,0.8716877743005661
DIDBID,ESEQUO,0.8672414060494362
BABREE,DOTSOV10,0.9324941603175244
BABREE,DOTSOV15,0.9324941596561328
BABREE,NEHZOS,0.9321107517512736
BABREE,FIQCEN,0.9321010876879624
BABREE,NEHZUY,0.932067436146807
BABREE,WULJUJ,0.9320377033243384
BABREE,YOZNEI,0.9319861880963128
BABREE,DIHVIB,0.9319458755991064
BABREE,YOZNOS,0.921691942801136
BABREE,RAWYAS,0.8637844089161897
BABREE,EXOYAS,0.8636900902983076
VIFPUY02,VIFPUY05,0.9999999986025856
VIFPUY02,VIFPUY03,0.9999999834487728
VIFPUY02,VIFPUY,0.9999999790690556
VIFPUY02,MAYJOM,0.9999593163649988
VIFPUY02,FAHQEM,0.9435963103183204
VIFPUY02,FAHQIQ,0.9357986776931548
VIFPUY02,NEDLOZ,0.9054226036411166
VIFPUY02,UNIDAY,0.9028624903507074
VIFPUY02,YAMXOC,0.8747436623240389
VIFPUY02,CUFFIT,0.8747144218717974
VIFPUY02,CUFDUD,0.8738298422183588
UFAQEA,HEBKAC,0.9961072078533671
FIQCEN,YOZNEI,0.99999582136405
FIQCEN,DIHVIB,0.9999938902236388
FIQCEN,DOTSOV11,0.9999452609276256
FIQCEN,DOTSOV15,0.9999448454230856
FIQCEN,DOTSOV10,0.9999448452096688
FIQCEN,WULJUJ,0.9988911448234252
FIQCEN,NEHZOS,0.9963794812970316
FIQCEN,EXOYAS,0.9197002112903462
FIQCEN,YUGLES,0.907983118539577
FIQCEN,NUTQAV,0.9077941433586528
FIQCEN,NUTQEZ,0.9076906209687666
FIQCEN,HUCBOX02,0.8973010352208195
FIQCEN,LAQNID,0.8691013206692365
FIQCEN,KIRFOI,0.865803978200479
DADTUY07,DADTUY01,0.9999999475993006
DADTUY07,MAJMOA03,0.9996406693765402
DADTUY07,EDAGAT,0.9985217306424724
DADTUY07,RAVVIU,0.9984200786469888
DOTSOV15,DOTSOV10,0.999999999999999
DOTSOV15,DOTSOV11,0.9999999992144026
DOTSOV15,YOZNIM,0.9999346081335424
DOTSOV15,YOZNEI,0.9999134596963192
DOTSOV15,DIHVIB,0.9999020253698102
DOTSOV15,NEHZOS,0.997215561251896
DOTSOV15,DALSOA,0.9330059685612376
DOTSOV15,EXOYAS,0.9199357594585452
DOTSOV15,RAWYAS,0.9193479335409152
DOTSOV15,YUGLES,0.9076862293177964
DOTSOV15,NUTQAV,0.9074227182228278
DOTSOV15,KANMIX,0.8849465874967108
DOTSOV15,WANJIF,0.8849301178782454
DOTSOV15,EXAXAE,0.882823700467608
DOTSOV15,LAQNID,0.8692416090021635
DOTSOV15,KIRFOI,0.8666215124788429
DOTSOV15,XICKOL,0.8608873649334349
JENKET,FIJCUX01,0.9082249186870446
JENKET,VEGMOK04,0.9074537253269808
JENKET,QEDZEG,0.905404170056618
JENKET,XAFFER,0.8856316223827214
JENKET,NOXMAQ,0.8854769750871319
JENKET,OKELOH,0.8765986146266689
JENKET,BEWCUD,0.8635970900223534
GINHOD,MEFZUU,0.8088183726093296
YICRAF,RUXWEM03,0.8762072046657654
YICRAF,QEKLID01,0.8704972731542098
YICRAF,DAPYAW,0.8683204664464184
YATDOP,DIQHAO01,0.9940674607588156
YATDOP,JODGIU,0.9249151543688976
YATDOP,DIDBEZ,0.9248034732052892
YATDOP,CAXZOS,0.9245551126318524
YATDOP,BAKJOO,0.8871895827926342
YATDOP,BAKJEE,0.8871841901573627
YATDOP,FEVDER,0.8865012478628733
YATDOP,CEYPUT,0.8602311754190544
YATDOP,OJOBAS,0.8602278840775424
YATDOP,VODNOS,0.8601590718411123
YATDOP,VEDGIW,0.8601457666564671
YATDOP,VEDFER,0.860020012341732
YATDOP,BOWDOI,0.8600019230575272
YATDOP,BOWDUO,0.8599500147622551
YATDOP,YODRAM,0.8599490896683946
QOWRAV11,QOWRAV12,0.999999999122618
QOWRAV11,QOWRAV07,0.9999999670083746
QOWRAV11,QOWRAV05,0.999999797402902
QOWRAV11,BAZFUF,0.9971677517672844
QOWRAV11,KIJRUS,0.9864144538572466
QOWRAV11,ENIHUG,0.8678243067378052
QOWRAV11,LURRIA,0.8608019948997427
HEBNAF,WEMWAP,0.846271927669292
TONBOO,XIHSAJ01,0.9991783732518468
TONBOO,XIHSEN01,0.9991451762723416
TONBOO,BUKLOJ,0.8841063367859976
TONBOO,XUZRIU,0.8607245178353341
DALSOA,DOTSOV10,0.9330059684732568
DALSOA,WULJUJ,0.9320613968632954
DALSOA,NEHZOS,0.9299494679213536
DALSOA,EXOYAS,0.8635852726204497
DALSOA,RAWYAS,0.862920397106308
HIQNOM,HIQNUS,0.9985699228311764
HIQNOM,GUDCIT,0.9568645085774032
XIHXAP01,ESEDEN,0.915324807987418
POFDOF,POFFAT,0.9999908803587264
POFDOF,VOJPUG01,0.9998864912756142
POFDOF,POFFEX,0.999755856811861
POFDOF,POFDEV,0.9996714363786444
POFDOF,MURREW,0.9994062752333734
POFDOF,EGOZAB,0.9983676549715852
POFDOF,BAHGUN,0.9981448386071672
POFDOF,BAHGUN04,0.997977230334308
POFDOF,NIHDEQ,0.9963996526344996
POFDOF,XICKOL,0.8792650869719849
VACFOV01,VIFPUY,0.9999964772959664
VACFOV01,VIFPUY03,0.9999964361196888
VACFOV01,MAYJOM,0.9999786438925976
VACFOV01,GALHUY,0.9379273062232062
VACFOV01,FAHQIQ,0.936166853342628
VACFOV01,NEDLOZ,0.9056058259668488
VACFOV01,CIFSES,0.9034006741323668
VACFOV01,UNIDAY,0.9031140602953872
VACFOV01,YAMXOC,0.8747968145321754
VACFOV01,CUFFIT,0.8747706954628766
VACFOV01,IYUHIU,0.8737273994623478
OKIVIO01,OKIVIO02,0.9999994649550658
OKIVIO01,OKIVAG,0.9999989464072616
OKIVIO01,OKIYIR,0.999998912011565
OKIVIO01,OKIWEL,0.9999988265694352
OKIVIO01,WUNSII,0.9999965476567644
OKIVIO01,WUNVAD,0.9999950333960484
OKIVIO01,YINNUH,0.9999710383517996
OKIVIO01,WUNSEE01,0.9999465774922413
FEVDER,BAKJOO,0.9777315606904504
FEVDER,ERUNUC,0.9090590396117708
FEVDER,JODGIU,0.9089438824016502
FEVDER,DIDBEZ,0.9088829816109312
FEVDER,FUMJAZ01,0.9068395375076976
FEVDER,FUMJAZ,0.9066943891257296
FEVDER,XEVXUT,0.9056176958919264
FEVDER,DIQHAO01,0.8846013302105616
FEVDER,EXUXEC,0.8792883146254971
FEVDER,BOWDIC,0.8792508854529414
FEVDER,YODRAM,0.8792321067200142
FEVDER,BOWDUO,0.8792317247586661
FEVDER,BOWDOI,0.8792065991225864
FEVDER,VEDFER,0.8791699464193684
FEVDER,VEDFOB,0.8791620001369973
FEVDER,VEDFIV,0.8791230203243029
FEVDER,VEDGIW,0.8790958869951139
FEVDER,VODNOS,0.8790798654296784
FEVDER,OJOBAS,0.8789719961108624
FEVDER,ABAVIJ,0.8789365028642206
FEVDER,LASMAV,0.8785673848659374
FEVDER,YIGGEB,0.8774863501095652
FEVDER,ABAVUV,0.8772377445243975
FEVDER,FEYJOJ,0.8761027569370241
YIPFIO,XEVSIB,0.8990365151368223
XEVSIB,IGAHED03,0.8642012784461541
XEVSIB,UGECEO01,0.863888448615332
XEVSIB,OCACUR,0.8638038444555802
XEVSIB,ESEQUO,0.8616906317601245
XEVSIB,TAHYUZ,0.8616064119139073
XEVSIB,XIHSEN,0.8607584402803381
XEVSIB,XIHSAJ01,0.8605795937262197
SIWQIA02,DAXNIA,0.9997899302006968
SIWQIA02,SANMEB,0.9997729343822332
SIWQIA02,YANXIX02,0.9997672210615424
SIWQIA02,AMOBEL01,0.9993259858474008
SIWQIA02,ELUQIM08,0.996257091718652
SIWQIA02,ELUQIM04,0.9961893845642732
SIWQIA02,ELUQIM13,0.996116260304765
OXOLAP,WUPTUY01,0.999990800102296
OXOLAP,ERANAO,0.8633900679663784
OXOLAP,WIZMAV06,0.8632233574959216
OXOLAP,WIZMAV08,0.8632163483158413
OXOLAP,WIZMAV09,0.8632084773104842
OXOLAP,WIZMAV07,0.863205809083045
OXOLAP,WIZMAV12,0.8631772183384383
OXOLAP,UVAHIK,0.8630311175739614
FOSTIS,CIFSES,0.9999976053854828
FOSTIS,UNIDAY,0.9999785896182548
FOSTIS,NEDLOZ,0.9996342857392528
FOSTIS,FAHQIQ,0.9552114620764506
FOSTIS,MAYJOM,0.9039160819767156
FOSTIS,VIFPUY05,0.9030351672389436
FOSTIS,VIFPUY03,0.9030220501663492
KANMIX,WANJIF,0.9997299913487384
KANMIX,DIHVIB,0.8850743490924091
KANMIX,YOZNIM,0.8850657362484188
KANMIX,DOTSOV10,0.8849465871292848
KANMIX,NEHZOS,0.8809635661844121
KANMIX,NEHZUY,0.880871967758717
HUTZAX01,VOPTAX,0.8094642880890883
HUTZAX01,HUVGEM,0.9422419155650044
HUTZAX01,FIJCUX01,0.9080399092325288
HUTZAX01,IFABIA02,0.907810941634516
HUTZAX01,GAWMOJ,0.8607985475357967
BAHGUN,BAHGUN04,0.9999963398283124
BAHGUN,EGOZAB,0.9999913125059052
BAHGUN,QERZUI01,0.999933179326755
BAHGUN,UFUNAK,0.9998220854945062
BAHGUN,KAKTIA01,0.9994058736581952
BAHGUN,VOJPUG01,0.9988221126871734
BAHGUN,POFFAT,0.9979234698445304
BAHGUN,XICKOL,0.8778347462440242
QOPZIF,IJEXIF01,0.9200676208909128
QOPZIF,NIWYID,0.91986819632451
LUDRUZ,WEWFIQ,0.9993694976673988
LUDRUZ,AHAJUP,0.8827347161948913
QONKUB,QONLIQ,0.9999905294949762
QONKUB,PASGAU,0.9997789040123086
QONKUB,JAXNUU,0.9995041042648688
QONKUB,PEBNER,0.9994519074411016
QONKUB,JAVNIE,0.998998871028993
QONKUB,VUQJEX01,0.9977053760352677
QONKUB,VUQJEX,0.9976596000830308
QONKUB,HOSPEL,0.9974170190398296
VUQJEX01,BUZKUE,0.9997367457256428
VUQJEX01,CISLUN,0.997142741160133
VUQJEX01,DEGJIK,0.995142937084889
HISSIN,DUGDOA01,0.9455605712140543
HISSIN,DUGDOA,0.9453077659794296
HISSIN,VITYUU,0.9323515279426194
HISSIN,IBEYAQ,0.929831612652912
HISSIN,EWASIG,0.926814535984852
HISSIN,YIXFOC03,0.8872079023540834
HISSIN,SIKYER,0.886970903661055
HISSIN,WECSAZ,0.8861670980517911
HISSIN,EXUSUN,0.8851301533498301
XUJPIC,NUNPAP,0.9998406727537108
XUJPIC,XUJPOI,0.999705328927042
XUJPIC,XUJQAV,0.9996686489078888
XUJPIC,EZOFEF,0.9928062135511478
XUJPIC,DAFHID,0.8958730627349798
XUJPIC,SOQRUM,0.8727569995535354
XUJPIC,LIDSAU,0.8611116625748924
RUBZIY01,YICREI,0.9997926817870484
RUBZIY01,RUBZIY02,0.9999991808272494
SIXNIZ,ASIVAB,0.8958316684189578
SIXNIZ,SIXNOF,0.8957905875614665
SIXNIZ,ANUGEW,0.864214434405081
CIFSES,UNIDAY,0.9999862587150998
CIFSES,CIFSIW,0.9999202419018371
CIFSES,FAHQEM,0.9563051490575896
CIFSES,VIFPUY,0.9031395904931871
CIFSES,VIFPUY03,0.9031365821826272
SANMEB,YUKVUW04,0.999853368652104
SANMEB,DAXNIA,0.9998388065455972
SANMEB,AMOBEL01,0.9984211682398858
SANMEB,ELUQIM08,0.9974399955739378
SANMEB,ELUQIM04,0.9973849471920104
SANMEB,ELUQIM13,0.9973259854893956
HIQNUS,GUDCIT,0.9536780723048028
IJEXIF01,NIWYID,0.9998681962276472
IJEXIF01,NANYUX03,0.9980897894259352
IJEXIF01,EXOXUL,0.91508506376259
IJEXIF01,KEFBOO,0.9053104445939476
IJEXIF01,DUNXUH13,0.8966252567938731
IJEXIF01,NUFBOH,0.8776918971809716
IJEXIF01,DOYHIK,0.8747118554047353
IJEXIF01,FIJCUX01,0.8734407968379783
IJEXIF01,LASMUP,0.8604633460354463
FIFPES,FIFQIX,0.998793552878546
NIWZIE18,NIWZIE13,0.9999997398932432
NIWZIE18,NIWZIE17,0.99999986854545
NIWZIE18,NIWZIE09,0.999983602424253
NIWZIE18,MOPQIT,0.9998423120562632
NIWZIE18,LICSEW04,0.9959729145554128
NIWZIE18,MGFORD02,0.9956990592185082
FELXOM,JUYJIY,0.8959417442477073
FELXOM,RUXWEM03,0.8842091672997265
FELXOM,DAPYAW,0.8768296083423872
FELXOM,GOYLUB,0.8690785739365097
FELXOM,EKUNON01,0.8657909554863578
LIRVAK,KIKRAA,0.9999810106401896
LIRVAK,XIQZIH,0.9998558723692824
LIRVAK,PEKZIP,0.9996976001259176
LIRVAK,OJOQAF02,0.9970639431551374
EWASIG,VITYUU,0.9891361536901822
EWASIG,WOJYOL,0.9224344556010168
EWASIG,WOJZIG,0.917682948222294
EWASIG,DUGDOA,0.8644163849504569
EWASIG,DUGDOA01,0.8642288019589931
RUBTAK04,RUBTAK07,0.999999996528699
QOWRAV04,QOWRAV05,0.999999997311566
QOWRAV04,QOWRAV07,0.9999998973938192
QOWRAV04,QOWRAV12,0.999999776897085
QOWRAV04,BAZFUF,0.9971142269999038
QOWRAV04,KIJRUS,0.9863090106122016
QOWRAV04,NAFSOF,0.978769968322172
QOWRAV04,ANUGEW,0.9594251826208096
QOWRAV04,LAQNID,0.894719831953274
QOWRAV04,SEMNIJ,0.8658277790449187
QOWRAV04,LURRIA,0.8607260758020532
PASGIB02,DECXUH,0.8763943109437007
PASGIB02,TACTUP,0.8740466189569182
SEMNIJ,LURRIA,0.9966359701784534
SEMNIJ,OGEBAF,0.925921635389372
SEMNIJ,YUGLES,0.9159770633387174
SEMNIJ,NUTQAV,0.9158820584873536
SEMNIJ,NUTQEZ,0.9158216018943572
SEMNIJ,FAGQAI,0.8816010546220934
SEMNIJ,BAZFUF,0.8697129155422076
SEMNIJ,QOWRAV12,0.8658868620200562
SEMNIJ,QOWRAV07,0.8658678949108343
SEMNIJ,QOWRAV05,0.86583428621594
SEMNIJ,KIJRUS,0.865582180877716
SEMNIJ,NAFSOF,0.8628360081828945
NEHZUY,NEHZOS,0.9999994909150594
NEHZUY,WULJUJ,0.9973005667395204
NEHZUY,DOTSOV11,0.9971369972594848
NEHZUY,YOZNEI,0.9960668415790696
NEHZUY,DIHVIB,0.995987575983884
NEHZUY,YOZNOS,0.9837374741867028
NEHZUY,YUGLES,0.9023055860110676
NEHZUY,NUTQAV,0.9015102791724144
NEHZUY,NUTQEZ,0.9011291794536022
NEHZUY,MOBDIR,0.8961277169709345
NEHZUY,HUCBOX02,0.8945004200372328
NEHZUY,EXAXAE,0.8850407144582559
NEHZUY,WANJIF,0.8821080856550272
NEHZUY,LAQNID,0.8669933554229708
NEHZUY,OGEBAF,0.8609997293480919
SETQAL,XADCOW,0.9999925626336053
SETQAL,SETRAM,0.9999886734052306
SETQAL,SETQOZ,0.9999573195375446
SETQAL,POJTOY01,0.99981364984261
SETQAL,YAXBUV02,0.9951248048584538
SETQAL,YAXCAC,0.9949570627271213
SETQAL,KUXSIH,0.9721567113330176
SETQAL,TOVJAR,0.9063635024417837
SETQAL,UFIKIG,0.8690384530573343
SETQAL,LARPEB,0.8609325539896866
CDLGLU12,CDLGLU11,0.9999224563213494
EVUDAA,RUXWEM03,0.8628305395254746
YUYGOQ,YUYLIP,0.999913635068578
NENHEU,IFABIA02,0.8720799204766596
NENHEU,QAQSAD,0.8710592233298997
NENHEU,WORKUL,0.8693787185111533
GAYXEM,HERHAQ,0.9990322250206448
GAYXEM,ERANAO,0.9554826264194408
GAYXEM,ERARUM,0.9535017780715112
GAYXEM,WIZMAV06,0.9534185471276152
GAYXEM,WIZMAV08,0.9534097836959888
GAYXEM,WIZMAV11,0.9534048945053624
GAYXEM,WIZMAV,0.9534012440907068
GAYXEM,WIZMAV09,0.9533999465813434
GAYXEM,WIZMAV07,0.9533966127771272
GAYXEM,UVAHIK,0.95317930483821
GAYXEM,BUNKUS,0.9156067152259488
GAYXEM,DITJOH,0.88200142349581
YOZNIM,YOZNEI,0.9999980003748492
YOZNIM,DIHVIB,0.9999967026436
YOZNIM,DOTSOV11,0.9999350605900784
YOZNIM,DOTSOV10,0.999934607894034
YOZNIM,WULJUJ,0.998874433792027
YOZNIM,NEHZOS,0.9962999729599288
YOZNIM,YOZNOS,0.9918583791912468
YOZNIM,EXOYAS,0.9196737818453052
YOZNIM,RAWYAS,0.9188443135292528
YOZNIM,YUGLES,0.9080041406665844
YOZNIM,NUTQAV,0.9078217880214768
YOZNIM,MOBDIR,0.8958191017357358
YOZNIM,WANJIF,0.8848615641496016
YOZNIM,LAQNID,0.8690835245302744
YOZNIM,XICKOL,0.8605563061433249
CIPLIX,XAPSIS,0.9999085101062444
CIPLIX,FEYJOJ,0.9416361330540188
CIPLIX,AGAFAS,0.9290864085255818
CIPLIX,XADDUD,0.895005993406002
CIPLIX,BUKLOJ,0.8682037743287351
CIPLIX,BAKJEE,0.8608833469858215
CIPLIX,BAKJOO,0.8605741147981187
RAWYAS,EXOYAS,0.9997749864518656
RAWYAS,NEHZOS,0.9194248860969616
RAWYAS,DOTSOV11,0.9193464130016104
RAWYAS,YOZNEI,0.9187594322272316
RAWYAS,DIHVIB,0.9187136033648884
RAWYAS,YOZNOS,0.9081683581988048
QOWRAV05,QOWRAV07,0.9999999279227816
QOWRAV05,QOWRAV12,0.9999998231901264
QOWRAV05,KIJRUS,0.9863199163455612
QOWRAV05,ANUGEW,0.9594376549140196
QOWRAV05,LURRIA,0.8607339307181155
VUQJUN01,OCAKUB,0.9989786577906596
VUQJUN01,DADLEC,0.9224219407061738
VUQJUN01,ENISUQ,0.8651381352649058
ERFORD01,UXEDUX,0.9981390446789123
ERFORD01,ISIYUF01,0.998079637013104
RUPZIM,VEGMOK04,0.9184900343083562
BAHGUN04,QERZUI01,0.9999597424612564
BAHGUN04,NIHDEQ,0.999772263005658
BAHGUN04,UFUNAK,0.9997681550811632
BAHGUN04,POFDEV,0.9991921441722912
BAHGUN04,XICKOL,0.8776862577262714
GUDFER,QILYIT,0.831592399979415
MAPHAP,VALVAI,0.8849447902615374
MAPHAP,MAPGOC,0.884768974747932
MAPHAP,KIKMAV,0.8846733550515948
HEBJEF,GOVWOF,0.9004695528033665
UKIQIP,OCAKUB,0.9327728528917432
UKIQIP,WEYQAU01,0.8854981863983146
UKIQIP,WEYQAU09,0.8848370742342544
UKIQIP,INEXOQ,0.8726195227469677
UKIQIP,DADLEC,0.8652716096782047
IGUTUB01,ECIWIW,0.9994401396033432
IGUTUB01,RUXWEM03,0.9216685782787484
IGUTUB01,CIKCOQ,0.909158148113631
IGUTUB01,DAPYAW,0.8857405701286785
IGUTUB01,PIKYIU,0.8856318737974705
IGUTUB01,NOLRIR,0.8644729988568206
IGUTUB01,QEKLID,0.8628428584768266
IGUTUB01,EYULAM,0.8601303990719179
FIJCUX01,VEGMOK04,0.999454301295566
FIJCUX01,ACODIH,0.8972212508219141
FIJCUX01,QEDZEG,0.8970689614032267
FIJCUX01,GOSDUP,0.896758202377699
FIJCUX01,JEDDII,0.8932708040513065
FIJCUX01,NAWXER,0.8871182953624747
FIJCUX01,UKOLOV,0.8870132100531297
FIJCUX01,WORKUL,0.8839349761696165
FIJCUX01,XAFFER,0.877923148554787
FIJCUX01,NOXMAQ,0.8774976769076944
FIJCUX01,PEGCIP,0.8692671634023746
FIJCUX01,XEGWIS,0.8689085359133812
FIJCUX01,XEGXIT,0.8689012992979722
FIJCUX01,XEGWAK,0.8688983053783952
FIJCUX01,GADROU,0.8679292704956487
FIJCUX01,HUVGEM,0.8611297029718327
SOWCOY01,SOWCOY,0.999961414529847
SOWCOY01,LASMUP,0.9964687779858422
SOWCOY01,NANYUX03,0.8610452256367017
NAWXER,VEGMOK04,0.886042789334224
NAWXER,IFABIA02,0.8854074355808066
ACODON,QACTUJ,0.8950407927229951
ACODON,BOJYIK,0.8949804773417545
ACODON,CEJXEW,0.8849466061839174
ACODON,ZALLEG,0.8841481989878284
HIZQEN01,HIZQEN,0.999994558883084
YIHZIA02,YIHZIA01,0.999858255598739
YIHZIA02,EKUNON01,0.8909680840238504
YIHZIA02,EKUNON02,0.8908875025431328
NIHDEQ,ECODIK,0.999961958977582
NIHDEQ,QERZUI01,0.9999134932149614
NIHDEQ,EGOZAB,0.9996136803460172
NIHDEQ,UFUNAK,0.999085606538164
NIHDEQ,MURREW,0.998693346445558
NIHDEQ,POFDEV,0.9981169034108728
NIHDEQ,POFFAT,0.9960994754846616
NIHDEQ,NELCEN,0.9949520900007498
NIHDEQ,POFFEX,0.9942976520836712
WIZMAV08,WIZMAV11,0.9999999980144424
WIZMAV08,WIZMAV06,0.9999999936066376
WIZMAV08,WIZMAV07,0.9999999856103716
WIZMAV08,UVAHIK,0.9999957431413076
WIZMAV08,ERANAO,0.9926506604461476
WIZMAV08,HERHAQ,0.9558624308404764
WIZMAV08,GERBEN,0.9554218913393326
WIZMAV08,BUNLAZ,0.9494278293059216
WIZMAV08,BUNKUS,0.9487956456182232
WIZMAV08,UFOSEQ,0.9469392803109988
WIZMAV08,OFOJAX,0.9310463831246892
WIZMAV08,DITJOH,0.922537321949002
WIZMAV08,WUPTUY01,0.8634733379528127
DIHVIB,YOZNEI,0.9999987849558686
DIHVIB,DOTSOV11,0.9999025793942148
DIHVIB,WULJUJ,0.9987997090382704
DIHVIB,NEHZOS,0.9960770813004728
DIHVIB,YOZNOS,0.9919681060127088
DIHVIB,YUGLES,0.9080574952883876
DIHVIB,NUTQAV,0.9078933476465998
DIHVIB,NUTQEZ,0.9078012020066144
DIHVIB,HUCBOX02,0.8972580568745044
DIHVIB,WANJIF,0.8848250432438804
DIHVIB,EXAXAE,0.8817891006340636
DIHVIB,HIDTUM,0.8728719204783203
DIHVIB,LAQNID,0.8690301755135224
DIHVIB,KIRFOI,0.8655077361243714
DIHVIB,XICKOL,0.8604642108551224
MAWVAK,BEPPAP,0.9999689887832685
MAWVAK,BEPNOB,0.999968193463621
MAWVAK,BEPMEQ,0.9999679744492312
KIKMAV,REQDIB,0.9995701310454482
KIKMAV,HELNAQ,0.9994163049282476
KIKMAV,MAPGOC,0.9993750023568432
KIKMAV,BICPUA,0.907075794671378
DADTOS,DADTOS08,0.999999938476806
DADTOS,DADTOS09,0.9999999140678346
DADTOS,DADTOS06,0.9999998119602924
DADTOS,DIDVIW,0.9999997531878636
DADTOS,DADTOS18,0.9999996570005
DADTOS,YANWOC01,0.999999635114882
DADTOS,YANWOC02,0.9999992443883146
DADTOS,DADTOS13,0.99999839542895
DADTOS,DADTOS15,0.999974928423686
DADTOS,YUKTUU01,0.999970838054232
DADTOS,REZJIR03,0.9999664378204576
DADTOS,VIRJEM,0.9999549317608496
DADTOS,PADJOU01,0.9999417623235928
YANWOC02,DADTOS01,0.9999989119857556
YANWOC02,DADTOS08,0.9999987517056534
YANWOC02,DADTOS09,0.9999986488869984
YANWOC02,DADTOS06,0.9999983025982686
YANWOC02,DIDVIW,0.9999981340327376
YANWOC02,YANWOC01,0.9999978303711776
YANWOC02,DADTOS15,0.9999828771351822
YANWOC02,YUKTUU01,0.999979467492841
YANWOC02,REZJIR03,0.9999757181946431
YANWOC02,VIRJEM,0.9999658444981804
YANWOC02,PADJOU01,0.999954200919002
YANWOC02,LIJWOR02,0.9999261719707246
YANWOC02,MNFORD02,0.999923588981296
XADWIK01,XADWIK02,0.9999707644249312
XADWIK01,JAMSEY,0.9022947898039289
XADWIK01,TEVVOI,0.8851229082240599
XADWIK01,DAFHID,0.8647096211360883
VUMXUY02,KIYMEM01,0.8136975834826712
SETQUF,SETQOZ,0.9999999327794092
SETQUF,VAGVAC,0.9999220862359192
SETQUF,XADCOW,0.9999191149169646
SETQUF,YAXBUV02,0.995957804307636
SETQUF,YAXCAC,0.9958033117712992
SETQUF,KUXSIH,0.9741560850786064
SETQUF,TOVJAR,0.9068680972388036
SETQUF,REZXOK,0.8843961578846506
SETQUF,UFIKIG,0.8691918421068451
SETQUF,LARPEB,0.8623622493129948
YAXBUV02,VEXVAW,0.8611574413728498
YAXBUV02,YAXCAC,0.9999646047464842
YAXBUV02,VAGVAC,0.9969987978481784
YAXBUV02,SETQOZ,0.995990545640512
YAXBUV02,SADMUH,0.9957944264477628
YAXBUV02,SETRAM,0.9955803555410644
YAXBUV02,XADCOW,0.99473935946237
YAXBUV02,REZXOK,0.8836671370783227
YAXBUV02,LARPEB,0.8725799412443084
YAXBUV02,UFIKIG,0.8663019534507697
ROLCEC06,ROLCEC09,0.9999983917399567
ROLCEC06,ROLCEC11,0.9999982613104422
ROLCEC06,ROLCEC01,0.9999290328618472
ROLCEC06,ROLCEC16,0.9999205307190336
ROLCEC06,MACUFR04,0.99838544768725
ROLCEC06,MAGNEQ01,0.9983350813640788
ROLCEC06,OCUQIO,0.9976716914692052
ROLCEC09,ROLCEC11,0.9999999974570726
ROLCEC09,ROLCEC01,0.9999060599435764
ROLCEC09,ROLCEC16,0.9998963144367692
ROLCEC09,MACUFR04,0.9984855957778056
ROLCEC09,OCUQIO,0.9977921841996809
QEKLID01,QEKLID,0.999999201204704
QEKLID01,NOLRIR,0.9909533023507848
QEKLID01,RUXWEM03,0.9323014533623528
QEKLID01,QUQFOY,0.9192454447251088
QEKLID01,CIKCOQ,0.8948385968861801
QEKLID01,PIKYIU,0.8930700343091278
QEKLID01,PARKUQ,0.8870390371893953
QEKLID01,MITSAK,0.8867746143075105
QEKLID01,KUJMIN,0.8862574198026891
QEKLID01,GOYLUB,0.8851606782377685
QEKLID01,IGUTUB,0.8653175301549234
GOSDUP,QEDZEG,0.9984124109904458
GOSDUP,OKELOH,0.9154956140520832
GOSDUP,IFABIA02,0.8972242590600293
EXUXEC,BOWDIC,0.999978452081606
EXUXEC,BOWDUO,0.9999633548261148
EXUXEC,BOWDOI,0.9999439379530216
EXUXEC,VEDFOB,0.9999069342559682
EXUXEC,VEDGIW,0.9998487821246752
EXUXEC,VODNOS,0.9998344507791184
EXUXEC,OJOBAS,0.9997381181632004
EXUXEC,CEYPUT,0.9997317632460492
EXUXEC,ABAVIJ,0.9996267195436922
EXUXEC,ABAVUV,0.9980972119455104
EXUXEC,YIGGEB,0.998047740816558
EXUXEC,CAXZOS,0.923158453508408
EXUXEC,ERUNUC,0.9230190397504956
EXUXEC,DIDBOJ,0.92297246183461
EXUXEC,JODGIU,0.9228901156476176
EXUXEC,DIDBEZ,0.9228273395610064
EXUXEC,BUKLOJ,0.8836970170963335
EXUXEC,BAKJOO,0.8788369957186312
EXUXEC,BAKJEE,0.8784560088680292
EXUXEC,ESEQUO,0.8751313583811604
RODSAG01,REFBAH01,0.99995250864676
RODSAG01,REFBAH,0.99993887988392
QOWRAV12,QOWRAV,0.9999999029287368
QOWRAV12,LAQNID,0.8947997115738084
QOWRAV12,ENIHUG,0.8678216778133879
QOWRAV12,LURRIA,0.8607975106721243
KEZLIN,AFUDUD,0.999218946346413
KEZLIN,XISDOU,0.947799586249093
KEZLIN,AYOZIZ,0.9351429054025338
KEZLIN,IBEYEU,0.9296823392778276
KEZLIN,EBEWIT,0.8863052061546948
KEZLIN,ADEGIA,0.8839421758854853
KEZLIN,ATIKAP,0.8838661471326514
YAVYAW,YAVYAW02,0.9999981552542212
KENTEF03,KENVOR,0.9999991990146738
KENTEF03,KENTEF04,0.9999906774169198
KENTEF03,KENVIL,0.999990603605734
KENTEF03,KEPNAX01,0.8787631115066006
LUFNAC04,LUFNAC01,0.999999662561019
LARYOU,LOBQAV01,0.9993072939439144
VIFPUY05,VIFPUY,0.9999999859921392
VIFPUY05,MAYJOM,0.9999588381203324
VIFPUY05,FAHQEM,0.9435918290806284
VIFPUY05,NEDLOZ,0.905418639271427
VIFPUY05,CIFSIW,0.9043022642923187
VIFPUY05,UNIDAY,0.902857051399713
VIFPUY05,YAMXOC,0.8747424642367039
VIFPUY05,CUFDOX,0.874727165978204
VIFPUY05,CUFFIT,0.8747131574081479
VIFPUY05,IYUHIU,0.8735963437813884
VIFPUY05,PEYVEV,0.8599198970656493
DADLEC,OCAKUB,0.9208336170379428
MOBDIR,DOTSOV11,0.8962905926310009
MOBDIR,NEHZOS,0.896167550362875
MOBDIR,WULJUJ,0.8958730113076213
MOBDIR,YOZNEI,0.8957383828305427
MOBDIR,YOZNOS,0.8852453034877331
HIBSUG01,KIJPUQ,0.8605745379759733
HIBSUG01,XASHAA,0.8642131690622712
DIDBEZ,JODGIU,0.9999948686893724
DIDBEZ,DIDBOJ,0.9999763244087104
DIDBEZ,ERUNUC,0.999438457113862
DIDBEZ,ABAVIJ,0.9229691291219826
DIDBEZ,BOWDOI,0.9229507972863168
DIDBEZ,VODNOS,0.92289660116857
DIDBEZ,BOWDUO,0.9228900161551732
DIDBEZ,YODRAM,0.9228898995678636
DIDBEZ,OJOBAS,0.9228859957994402
DIDBEZ,TATSIS,0.9220311768192864
DIDBEZ,ABAVUV,0.9218678434362152
DIDBEZ,DIQHAO01,0.9214564015238408
DIDBEZ,BAKJOO,0.9089235353050732
DIDBEZ,CIKPEU,0.8853443195774384
DIDBEZ,FUMJAZ01,0.882934618153211
DIDBEZ,MIHJUL,0.8828905924065003
DIDBEZ,FUMJAZ,0.8828410669120137
DIDBEZ,XEVXUT,0.8797653484137649
DIDBEZ,BUKLOJ,0.8751682355858477
PARKUQ,MITSAK,0.9999537175265892
PARKUQ,MITSUE,0.999952471584341
PARKUQ,KUJMIN,0.999738163448062
PARKUQ,QUQFOY,0.9326029805235037
PARKUQ,MICJOA,0.9077452528863524
PARKUQ,GERWOR,0.9068349807474844
PARKUQ,IJEYEC,0.8916823763231878
PARKUQ,QEKLID,0.8870098256021294
PARKUQ,NOLRIR,0.8749686472538384
PARKUQ,FIPKOG01,0.8610910025973897
GEVXAI,GEVXIQ,0.9995858428031524
AVEROJ,AVESAW,0.992505306223945
QERZUI01,ECODIK,0.9999888467358972
QERZUI01,UFUNAK,0.9995381421740276
QERZUI01,MURREW,0.9992696118893012
QERZUI01,KAKTIA01,0.9990198336001858
QERZUI01,POFDEV,0.99883030291165
QERZUI01,POFFAT,0.99712131058792
QERZUI01,NELCEN,0.9961264395026193
QERZUI01,POFFEX,0.9955536909649838
UFIRUX,GOCTID,0.9991319258506984
KUJMIN,MITSAK,0.999911915437836
KUJMIN,QUQFOY,0.9316873059383116
KUJMIN,MICJOA,0.9067586688134176
KUJMIN,GERWOR,0.9053608949062596
KUJMIN,IJEYEC,0.8890041774202524
KUJMIN,QEKLID,0.8862000159084281
KUJMIN,GOYLUB,0.8688566036726734
KUJMIN,FIPKOG01,0.8605659822717628
DAPYAW,QEKLID,0.9453217547988032
DAPYAW,PIKYIU,0.9166077081099928
DAPYAW,XEDGIY,0.8910511621136902
DAPYAW,ECIWIW,0.8853801913468087
DAPYAW,QUQFOY,0.8806748150963627
DAPYAW,XOGWUN,0.8766947260246629
DAPYAW,VAYFAE,0.8765680026865562
PITYUN01,LONJOP,0.8213411704453261
VEDGIW,VEDFOB,0.9999895583879088
VEDGIW,OJOBAS,0.9999848446982572
VEDGIW,CEYPUT,0.9999832967749004
VEDGIW,VEDFIV,0.9999812655915374
VEDGIW,BOWDOI,0.9999756710164288
VEDGIW,YODRAM,0.9999604342504338
VEDGIW,BOWDIC,0.9999407853617666
VEDGIW,ABAVIJ,0.9992174432562244
VEDGIW,ABAVUV,0.99901600613557
VEDGIW,TATSIS,0.9989328179023316
VEDGIW,ERUNIQ,0.998710111373986
VEDGIW,ERUNUC,0.9233506774278176
VEDGIW,DIDBOJ,0.9229457996471692
VEDGIW,BUKLOJ,0.8826375940632724
VEDGIW,BAKJEE,0.879014281445518
VEDGIW,ESEQUO,0.8726980987702191
XADCOW,YAXBOP,0.999992917675596
XADCOW,SETQIT,0.9999854426798296
XADCOW,SETRAM,0.999963039071992
XADCOW,POJTOY01,0.9997318925369654
XADCOW,POJTOY,0.999652936116058
XADCOW,YAXCAC,0.9945686685734614
XADCOW,KUXSIH,0.9712681127898986
XADCOW,TOVJAR,0.9061204485661298
XADCOW,REZXOK,0.8838465278346682
XADCOW,UFIKIG,0.8689475293004842
XADCOW,LARPEB,0.8602893013261987
TOVJAR,TOVJIZ,0.9087525074484852
TOVJAR,POJTOY,0.907490470895505
TOVJAR,VAGVAC,0.9074455043710156
TOVJAR,EFEGOM,0.9069637421216272
TOVJAR,SETQOZ,0.9068872590751138
TOVJAR,SADMUH,0.9067716933738472
TOVJAR,SETRAM,0.9066434675005072
TOVJAR,SETQIT,0.906456787838596
TOVJAR,YAXBOP,0.9063582574196866
TOVJAR,TOVJEV,0.9006376096937344
TOVJAR,KUXSIH,0.8927828048580312
KEGTEY,MUWRUT,0.884685579908712
BAKJOO,BAKJEE,0.9999421236502638
BAKJOO,ERUNUC,0.9095113717560286
BAKJOO,DIDBOJ,0.9088746156327832
BAKJOO,CAXZOS,0.9087561307367004
BAKJOO,FUMJAZ,0.904573306466117
BAKJOO,FEYJOJ,0.9012241078277724
BAKJOO,AGAFAS,0.8894773395558484
BAKJOO,DIQHAO01,0.8817833769893659
BAKJOO,CEYPUT,0.8792667528357004
BAKJOO,OJOBAS,0.8792648079411757
BAKJOO,VODNOS,0.879219052750152
BAKJOO,VEDFIV,0.8791652667631511
BAKJOO,VEDFOB,0.8791514516877219
BAKJOO,VEDFER,0.8791103100343057
BAKJOO,BOWDOI,0.8790990955024315
BAKJOO,YODRAM,0.8790563959852877
BAKJOO,BOWDIC,0.8790128324561618
BAKJOO,ABAVUV,0.8787923897459814
BAKJOO,ABAVIJ,0.8780421907983549
BAKJOO,LASMAV,0.876803591773645
BAKJOO,YIGGEB,0.8750109127984809
BAKJOO,XAPSIS,0.8609444003403474
KAKTIA01,VOJPUG01,0.9998254518949176
KAKTIA01,UFUNAK,0.999781566311446
KAKTIA01,EGOZAB,0.9994887702666144
KAKTIA01,POFFAT,0.9992807419817068
KAKTIA01,XICKOL,0.878877746741964
BOWDUO,YODRAM,0.9999999993835385
BOWDUO,VEDFOB,0.9999840097265064
BOWDUO,VEDFIV,0.9999611704023376
BOWDUO,VODNOS,0.999953445128964
BOWDUO,OJOBAS,0.9998968129480432
BOWDUO,CEYPUT,0.99989283308101
BOWDUO,ABAVIJ,0.9994514218320588
BOWDUO,TATSIS,0.9993018297830004
BOWDUO,ERUNIQ,0.9991204875879603
BOWDUO,ERUNUC,0.9232191935825452
BOWDUO,CAXZOS,0.9230873068173444
BOWDUO,DIDBOJ,0.9229823148950176
BOWDUO,BUKLOJ,0.8832160863815239
BOWDUO,BAKJEE,0.8787667341797313
VEDFOB,VEDFIV,0.9999935500356032
VEDFOB,VEDFER,0.9999917355976032
VEDFOB,VODNOS,0.9999852042024652
VEDFOB,YODRAM,0.999983842407729
VEDFOB,BOWDIC,0.9999747475296744
VEDFOB,OJOBAS,0.9999535777229602
VEDFOB,CEYPUT,0.9999508778968306
VEDFOB,TATSIS,0.9991049553525764
VEDFOB,LASMAV,0.998538990508926
VEDFOB,ERUNUC,0.9233012728937464
VEDFOB,JODGIU,0.9230642353986258
VEDFOB,DIDBOJ,0.9230414559821636
VEDFOB,BAKJEE,0.8789167617159691
UKOLOV,VEGMOK04,0.8872559356894251
UKOLOV,IFABIA02,0.8869547342580568
UKOLOV,XAFFER,0.8658531034931597
YATTUK,SEHSII,0.999029828624983
YATTUK,UPIBOM,0.989463835900246
YATTUK,VITZAB,0.943626527046334
YATTUK,OHIHOD,0.8968576971316707
YATTUK,XADDAJ,0.8864632476758583
YATTUK,WOJYUR,0.8838283184051478
YATTUK,QACTUJ,0.8749993514348496
YATTUK,TORPUN,0.8662841526283687
YATTUK,NEBYOK,0.8611127216709835
ELUQIM08,ELUQIM04,0.9999996942304746
ELUQIM08,ELUQIM13,0.9999986884140248
ELUQIM08,YANXIX02,0.9978705358410672
ELUQIM08,DAXNIA,0.9977851656083144
IXAKAU,KIRFOI,0.888599063106547
IXAKAU,XICKOL,0.8763887628536686
HAZNON,HAZNED,0.999763443504602
HAZNON,IPIJAT,0.8721741360810877
HAZNON,KULMIP,0.8631546941004694
UDUMIP03,FERLEU,0.9962730361942866
REZJIR03,YUKTUU01,0.9999997387222292
REZJIR03,PADJOU01,0.999996602497822
REZJIR03,LIJWOR02,0.9999865682690214
REZJIR03,MNFORD02,0.9999811789979368
REZJIR03,DADTOS13,0.9999794725902312
REZJIR03,DADTOS06,0.999961236335946
REZJIR03,DIDVIW,0.9999604471942468
REZJIR03,DADTOS18,0.9999593239100912
LARYIO,ADEGIA,0.9984556765519356
YUKTUU01,DADTOS15,0.999999840006893
YUKTUU01,VIRJEM,0.9999982746512042
YUKTUU01,PADJOU01,0.9999947645043196
YUKTUU01,LIJWOR02,0.9999833475670924
YUKTUU01,DADTOS13,0.9999829131148128
YUKTUU01,MNFORD02,0.9999764844275238
YUKTUU01,DADTOS08,0.9999680978156286
YUKTUU01,DADTOS06,0.9999659668658042
YUKTUU01,DADTOS18,0.9999641700912432
WUHMOD,JUQSIZ,0.9970856213865776
WUHMOD,FOKWOT,0.940417511745226
WUHMOD,REXYAX,0.8847322860399891
WUHMOD,RUXWEM03,0.8634410595544365
WUHMOD,EREGOY,0.859957542148791
NELCEN,POFFAT,0.9999254271983108
NELCEN,VOJPUG01,0.9995396663684488
NELCEN,POFDEV,0.9991460266667996
NELCEN,UFUNAK,0.9983273446540972
NELCEN,EGOZAB,0.99735126535266
NELCEN,ECODIK,0.9957783050338292
NELCEN,XICKOL,0.87903393489812
KAKCEH02,IFIQUM,0.8001918260150459
KAKCEH02,KAKCEH01,0.9999995632817206
ECODIK,MURREW,0.999100767864309
ECODIK,POFDEV,0.9986132208371152
ECODIK,POFFAT,0.996821591586972
ECODIK,POFFEX,0.9951786410073428
ECODIK,XICKOL,0.8768919466878238
CISMEY,IYOQIY,0.897815304014419
YUMFUJ,APAZIC,0.999638969765132
YUMFUJ,WOJYEB,0.9995897288777964
YUMFUJ,LUWMEX,0.9978284356958462
YUMFUJ,FECXAO,0.9460399730358796
YUMFUJ,PEZCII,0.9435223117060428
WEYQAU01,WEYQAU09,0.9999480274091456
WEYQAU01,PUNYIH,0.9945151619883528
WEYQAU01,OFODET,0.9047777207184284
WEYQAU01,HIYZEV01,0.8836746296869814
WEYQAU01,BIYTOU,0.883412689047957
WEYQAU01,DIJCOP,0.8724294650072237
MICJOA,MITSAK,0.9073941599143202
MICJOA,MITSUE,0.9073887471771848
MICJOA,FIPKOG01,0.8684000362863089
ABAVUV,OJOBAS,0.9992448804232332
ABAVUV,VODNOS,0.9990498322907958
ABAVUV,VEDFER,0.9987538438579732
ABAVUV,BOWDOI,0.9986924710332036
ABAVUV,TATSIS,0.995914992511588
ABAVUV,ERUNIQ,0.9954841780178286
ABAVUV,YIGGEB,0.992320762751879
ABAVUV,JODGIU,0.9220127352750336
ABAVUV,CAXZOS,0.9211680967645586
ABAVUV,BUKLOJ,0.8785756029182138
ERUNIQ,TATSIS,0.9999861011149608
ERUNIQ,YIGGEB,0.9995774588629998
ERUNIQ,BOWDIC,0.9991998072830508
ERUNIQ,YODRAM,0.9991219511683628
ERUNIQ,VEDFER,0.9989476665489688
ERUNIQ,VEDFIV,0.998803863958997
ERUNIQ,VODNOS,0.998669949434632
ERUNIQ,CAXZOS,0.9226358903441824
ERUNIQ,DIDBOJ,0.922105423065273
ERUNIQ,ERUNUC,0.9215331518041376
ERUNIQ,BUKLOJ,0.8848944230681052
ERUNIQ,BAKJEE,0.8765335869016465
IQOJAB,XAFFER,0.940058729907281
IZETUE,IZEVOA,0.9992903079783422
XAJZAK,VAGJAP,0.8446008071075708
LUYSOP,MOXDIN01,0.999710906534458
MOFTIL02,BOVHEB,0.9855244777038066
MOFTIL02,LEYLIN,0.9288101884245776
MOFTIL02,GAMFEG,0.8963191792306997
MOFTIL02,SAQFUM,0.8766371037806703
EYUGIP,EYUGEL,0.900725133638147
EYUGIP,EHISUJ,0.9787022417559842
EYUGIP,EYUGOV,0.9782898551106692
HERHAQ,WIZMAV,0.9558587019002316
HERHAQ,WIZMAV09,0.955858134733466
HERHAQ,WIZMAV12,0.9558410015142292
HERHAQ,UVAHIK,0.9557594685271616
HERHAQ,BUNLAZ,0.9130793901779026
HERHAQ,OFOJAX,0.8963572347560328
PUNYON,EZOFEF,0.9999987095627106
PUNYON,XUJPOI,0.9952551710209836
PUNYON,NUNNUH,0.9943265009529164
PUNYON,DAFHID,0.8940548024311
PUNYON,XUCHOS02,0.8848280078377551
PUNYON,SOQRUM,0.884436932011095
MOFTIL01,NUCRIN,0.999893939914026
MOFTIL01,LEYLIN,0.9287142607435832
MOFTIL01,PEPHID,0.89855054186712
MOFTIL01,SAQFUM01,0.8769942108796482
OKELOH,NUFBOH,0.893573663711303
OKELOH,SOSQIC01,0.8767746180806381
BAZFUF,QOWRAV,0.9971975973501016
BAZFUF,NAFSOF,0.9914034362396889
BAZFUF,ANUGEW,0.9695988455361112
BAZFUF,ENIHUG,0.8697228754147015
EXAXAE,NEHZOS,0.8850487988764765
EXAXAE,WULJUJ,0.8828678850622173
EXAXAE,YOZNEI,0.8818609166256564
EXAXAE,YOZNOS,0.8699363600262372
IDIWOH05,IDIWOH06,0.9999999959813756
IDIWOH05,IXODUV,0.9999997831447762
IDIWOH05,IXOFUX01,0.9999996940123166
IDIWOH05,XAVDIJ,0.9999981548851448
IDIWOH05,ALOVEC,0.9960839863679216
POFFEX,POFFAT,0.9998272172528004
POFFEX,VOJPUG01,0.9993452147953352
POFFEX,POFDEV,0.9988803259179097
POFFEX,MURREW,0.9984036075851852
POFFEX,XICKOL,0.8788697042902618
AFUFAL,MEQKOL,0.8868675722669994
MEQKOL,YIVZOU,0.9081300866004594
MEQKOL,GUXSUO,0.8452600689121127
MEQKOL,ATIJUI,0.9996752304378362
MEQKOL,IBEXUJ,0.9466219297971348
MEQKOL,UTONEX,0.8640622697117
MEQKOL,UTONAT,0.8640311490399053
IZIBUQ,ERANAO,0.914267267123144
IZIBUQ,ERARUM,0.9103431427451896
IZIBUQ,WIZMAV11,0.9102261639985756
IZIBUQ,WIZMAV,0.9102217628558223
IZIBUQ,WIZMAV07,0.910216179762024
IZIBUQ,UVAHIK,0.9099550162809636
IZIBUQ,UFOSEQ,0.8904881284108679
IZIBUQ,OFOJAX,0.889121230485627
IZIBUQ,BUNLAZ,0.8782144239646412
IZIBUQ,BUNKUS,0.8780712266473819
ATIKAP,ADEGIA01,0.9998023501642268
ATIKAP,IBEYEU,0.9472123501099023
ATIKAP,XISDOU,0.9049949938784888
ATIKAP,AYOZIZ,0.9049092470320488
ATIKAP,UMIZEX,0.8871080226467696
ATIKAP,AFUDUD,0.8862217407286117
ATIKAP,EBEXAM,0.867666176745596
ATIKAP,HOGQIF,0.8651721834366188
QEDZEG,VEGMOK04,0.8957279327557685
QEDZEG,IFABIA02,0.8948353820186727
VOCKUT,CEJFOO,0.9995607079548444
VOCKUT,LUWZUZ01,0.8842439390224869
VOCKUT,LUWZUZ,0.8841574363336758
DOTSOV11,DOTSOV10,0.9999999992135924
DOTSOV11,WULJUJ,0.9990937356732416
DOTSOV11,YOZNOS,0.991196183989652
DOTSOV11,EXOYAS,0.9199350776035942
DOTSOV11,NUTQAV,0.9074243267832922
DOTSOV11,NUTQEZ,0.9072867839728076
DOTSOV11,HUCBOX02,0.8973567616861803
DOTSOV11,HIDTUM,0.8741778705779077
DOTSOV11,LAQNID,0.8692412868693317
DOTSOV11,XICKOL,0.860886442955452
KUXSIH,YAXCAC,0.9905246600263314
KUXSIH,POJTOY,0.9770888821707882
KUXSIH,VAGVAC,0.976849690924889
KUXSIH,EFEGOM,0.9745653627755478
KUXSIH,SETQOZ,0.974237164803417
KUXSIH,SADMUH,0.973754671032549
KUXSIH,SETRAM,0.9732362586133592
KUXSIH,SETQIT,0.9725091485777226
KUXSIH,LARPEB,0.8725746746401235
KUXSIH,REZXOK,0.866786910043626
ZALLEG,KEDJEL,0.9958865487454208
ZALLEG,DUGDUG,0.9547958266812964
ZALLEG,DAKZUN,0.9508664911366532
ZALLEG,QACTUJ,0.9468697420039696
ZALLEG,BOJYIK,0.946846237252536
ZALLEG,AYOZOF,0.9463221884849252
ZALLEG,LEDHEJ,0.9328338666142756
ZALLEG,XADDAJ01,0.9327818944553312
ZALLEG,WOJYUR,0.9313543051878316
ZALLEG,LOZSUQ,0.8649207820121483
MURREW,UFUNAK,0.99994850500969
MURREW,POFDEV,0.9999448829083007
MURREW,EGOZAB,0.9997169103741128
MURREW,POFFAT,0.999266862635107
MURREW,XICKOL,0.8789012596093988
LACFUS,GAFREN,0.9999889357859916
UFUNAK,EGOZAB,0.999887847210914
UFUNAK,POFDEV,0.999791975073667
UFUNAK,VOJPUG01,0.9995308421147306
UFUNAK,POFFAT,0.9989581490232128
YOZNOS,WULJUJ,0.9940996825218528
YOZNOS,YOZNEI,0.9920703570578356
YOZNOS,DOTSOV10,0.9911937126848036
YOZNOS,NEHZOS,0.9838698902937264
YOZNOS,NUTQAV,0.9011704604782058
YOZNOS,YUGLES,0.9009830289246138
YOZNOS,WANJIF,0.8780838821544393
YOZNOS,HIDTUM,0.860127891916249
DADTOS18,YANWOC01,0.9999999994229712
DADTOS18,DIDVIW,0.9999999921038568
DADTOS18,DADTOS06,0.999999976888009
DADTOS18,DADTOS09,0.999999914431001
DADTOS18,DADTOS08,0.999999886010343
DADTOS18,DADTOS01,0.9999998304104132
DADTOS18,PADJOU01,0.999932514345567
EREGOY,DAKVIW,0.8957547866802081
EREGOY,JUQSIZ,0.8601847970967076
IGAHED01,UGECEO01,0.999913571534599
IGAHED01,OCACUR,0.9999070954873291
IGAHED01,XUZRIU,0.8640549180014658
DADTOS06,DIDVIW,0.9999999960099878
DADTOS06,DADTOS09,0.999999980260412
DADTOS06,YANWOC01,0.999999970784593
DADTOS06,DADTOS08,0.9999999655533937
DADTOS06,DADTOS13,0.9999971088255092
DADTOS06,DADTOS15,0.9999703980735282
DADTOS06,VIRJEM,0.9999489217874544
DADTOS06,PADJOU01,0.9999349806398096
DADTOS06,LIJWOR02,0.9999021748638992
DADTOS06,MNFORD02,0.999900994899928
IGAHED02,OCACUR,0.9998840650244653
IGAHED02,IGAHED03,0.999398286569586
IGAHED02,KUHNEI,0.9951121181790356
IGAHED02,XUZRIU,0.8642298568348459
XEGXIT,PUQYAC,0.9999999955327732
XEGXIT,XEGWAK,0.9999998633100876
XEGXIT,IFABIA02,0.8665201527449565
ACAZEK,MAGVOG32,0.997049520362185
ACAZEK,MAGVOG28,0.9969550780684344
CIZQUZ,MUZHUL,0.9963543520616348
CIZQUZ,UGUQOC,0.9946677689411068
CIZQUZ,FABFOF,0.994515074896956
CIZQUZ,WOBHIF03,0.8681450740551916
YABPEY,PUZJOL,0.9989538696913866
POFFAT,VOJPUG01,0.999813255475424
POFFAT,EGOZAB,0.9981636552551316
POFFAT,XICKOL,0.8792362777658603
CAQJOW,DIBQEM,0.872200241919192
CAQJOW,BUKLOJ,0.8692730503398676
CAQJOW,MIHJUL,0.8674705529521263
XIYYEL,CECKIH,0.9969583502315188
LIJWOR02,VIRJEM,0.9999921945733212
LIJWOR02,DADTOS08,0.9999058045222462
LIJWOR02,YANWOC01,0.999898766053164
WORKUL,QAQSAD,0.9994178466531352
WORKUL,VEGMOK04,0.8849679821501816
WORKUL,IFABIA02,0.8849456412224865
IQAGEN,MEQPEG,0.8929359899109611
QOWRAV07,QOWRAV,0.9999997850954798
QOWRAV07,NAFSOF,0.9788612163283424
QOWRAV07,ANUGEW,0.9595021539132056
QOWRAV07,LAQNID,0.8947740506712244
QOWRAV07,ENIHUG,0.8678081584322067
QOWRAV07,LURRIA,0.8607745902242192
LURRIA,OGEBAF,0.9247876900599326
LURRIA,NUTQAV,0.9121696907610478
LURRIA,NUTQEZ,0.9120454646470092
LURRIA,KIJRUS,0.8688138649319013
LURRIA,NAFSOF,0.861927763111732
LURRIA,QOWRAV,0.860844465953118
ROLCEC16,MAGNEQ01,0.997530139947674
ROLCEC16,OCUQIO,0.9967348428555428
XUCHOS01,XUCHOS02,0.9999037192241526
XUCHOS01,VEMSUC,0.8813509232911958
XUCHOS01,XUJQAV,0.8812425936762475
XUCHOS01,XUJPOI,0.8811152846343069
XUCHOS01,NUNPAP,0.8805230386397821
XUCHOS01,NUNNUH,0.8802561640804579
XUCHOS01,XUJPEY,0.8796354703848888
FEVDIV,LIDSEY,0.9776680540859976
FEVDIV,JAMSEY,0.975091217565864
FEVDIV,CAXZUY,0.9089374822111632
FEVDIV,XADWIK02,0.9070289908850748
FEVDIV,HOGSIG,0.878753364862181
DADTOS09,DADTOS08,0.9999999979656335
DADTOS09,DADTOS01,0.9999999857683128
DADTOS09,DADTOS13,0.9999975668464698
DADTOS09,DADTOS15,0.9999719069901368
DADTOS09,VIRJEM,0.9999509101735196
GOYLUB,HIZQEN,0.9999978820593094
GOYLUB,RUXWEM03,0.9468287192457132
GOYLUB,MINBEQ,0.9178589061792436
GOYLUB,PIKYIU,0.90822488602585
GOYLUB,JUQSIZ,0.9081278247720092
GOYLUB,ODIXAC,0.9079690972117688
GOYLUB,AJAKON,0.9074472856803352
GOYLUB,YUYLIP,0.9073988491540328
GOYLUB,ODIXIK,0.90683634438093
GOYLUB,RUGYOJ,0.9066241514330096
GOYLUB,NOZZUZ,0.9049055846128397
GOYLUB,QEKLID,0.8852407587688805
GOYLUB,LUWKIZ,0.8843880089222684
GOYLUB,ROCZEQ,0.8791312648967955
GOYLUB,IGUTUB,0.8775291321075452
GOYLUB,PIQQEN,0.875198514771155
GOYLUB,REFWIL,0.8741327286736772
GOYLUB,MITSAK,0.8702327287353369
GOYLUB,MITSUE,0.8702190813383763
GOYLUB,XOGWUN,0.8692013847709663
GOYLUB,VAYFAE,0.8689500732689655
GOYLUB,EKUNON02,0.8638271635424569
GOYLUB,FOKWUZ,0.8611364868248093
GOYLUB,RUVBIV,0.8608802060325134
WIVRIE,DAKVIW,0.8931271389344567
BOJYIK,QACTUJ,0.9999990428983
BOJYIK,CEJXEW,0.9438842404597396
BOJYIK,KEDJEL,0.9402923169153008
BOJYIK,DUGDUG,0.9077922158752108
BOJYIK,LOZSUQ,0.9070797045227628
BOJYIK,CUJCIV,0.9052960407684194
BOJYIK,TORPUN,0.9001387587295613
BOJYIK,AYOZOF,0.899576007696044
BOJYIK,DAKZUN,0.8994777876679303
BOJYIK,NEQTIP,0.8991375965488269
BOJYIK,XADDAJ,0.8864083375805519
BOJYIK,XADDAJ01,0.8861185274959902
BOJYIK,LAVTAF,0.8649991594490091
BOJYIK,UPIBOM,0.864272938467041
TALKAT,BUHFER,0.99990767518941
TALKAT,GAXROO,0.9998976531916018
QONLIQ,CISLUN,0.9999910029361452
QONLIQ,JAXNUU,0.99963043884043
QONLIQ,PEBNER,0.999299051622647
QONLIQ,VUQJEX,0.9973546721821736
KIJRUS,NAFSOF,0.99628320977937
KIJRUS,QOWRAV,0.9864735056509916
KIJRUS,LAQNID,0.8992859543248721
KIJRUS,ENIHUG,0.863647356596287
VOJPUG01,POFDEV,0.9999358298286294
VOJPUG01,XICKOL,0.8792277567591272
DOTSOV10,YOZNEI,0.999913459374818
DOTSOV10,NEHZOS,0.997215562773818
DOTSOV10,EXOYAS,0.9199357598569085
DOTSOV10,NUTQAV,0.9074227173944232
DOTSOV10,NUTQEZ,0.9072850457414018
DOTSOV10,HIDTUM,0.8741813079706995
DOTSOV10,KIRFOI,0.8666215139654763
DOTSOV10,XICKOL,0.860887365408191
MIRGIG,AFUDUD,0.9974779961010922
MIRGIG,UMIZEX,0.965672627214566
MIRGIG,AYOZIZ,0.928549599089294
MIRGIG,IBEYEU,0.926308140487793
MIRGIG,EBEWIT,0.887293855162957
MIRGIG,EBEXAM,0.8872906873364953
MIRGIG,ADEGIA,0.8805472370055667
IFABIA02,VEGMOK04,0.9997973919445914
IFABIA02,JEDDII,0.8964147066780073
IFABIA02,QAQSAD,0.8844682245890536
IFABIA02,XAFFER,0.8771861434225874
IFABIA02,NOXMAQ,0.8749799614924499
IFABIA02,NIWYID,0.8748649328654956
IFABIA02,GADROU,0.8692428145294947
IFABIA02,PEGCIP,0.8682975837427642
IFABIA02,XEGWIS,0.86653932721655
IFABIA02,XEGWAK,0.8665205950541808
IFABIA02,HUVGEM,0.8603205427484538
FERLEU,UDUMIP,0.996447542210925
FERLEU,UDUMIP02,0.9986991042582888
FERLEU,RABWAS,0.9978275386947116
LASMUP,SACCAD,0.8875984567731179
LASMUP,SOWCOY,0.9971662910325388
YIGGEB,LASMAV,0.999756663013979
YIGGEB,ABAVIJ,0.9984896660039724
YIGGEB,BOWDIC,0.9976170971961412
YIGGEB,YODRAM,0.9974850456407152
YIGGEB,VEDFER,0.997202309936152
YIGGEB,VEDFIV,0.9969686932696236
YIGGEB,VODNOS,0.9967542384067932
YIGGEB,OJOBAS,0.99636375953284
YIGGEB,CEYPUT,0.9963404084340358
YIGGEB,CAXZOS,0.921270139164876
YIGGEB,JODGIU,0.9198720797177272
YIGGEB,ERUNUC,0.9193399247020012
YIGGEB,BUKLOJ,0.8850273006780034
YIGGEB,ESEQUO,0.8812115633528992
YIGGEB,BAKJEE,0.8739640101429531
YIGGEB,DIQHAO01,0.860129725939879
XEZVOP,XOVPON,0.9010699622474952
ACODIH,VEGMOK04,0.8972251116686223
SUXWIT,NEBMEP,0.9997725050102868
SUXWIT,YAQDIF,0.8633171282988277
DADTOS01,DADTOS08,0.9999999944954384
DADTOS01,YANWOC01,0.9999998148599568
DADTOS01,DADTOS13,0.9999979247823018
DADTOS01,DADTOS15,0.9999731573331824
DADTOS01,VIRJEM,0.99995256744472
DADTOS01,PADJOU01,0.9999390882936527
DADTOS01,MNFORD02,0.9999057914659292
HIBSUG02,XASHAA,0.8642231860566159
YUZJOU,EKERIW,0.9992677146906476
ESEQUO,BUKLOJ,0.99540377597966
ESEQUO,MOXDOT,0.9347298230138216
ESEQUO,DIBQEM,0.9064941229276064
ESEQUO,USAYOE,0.9034493750434812
ESEQUO,MIHJUL,0.8840162930819114
ESEQUO,XIHSEN,0.8798477157009439
ESEQUO,LASMAV,0.8794755975054077
ESEQUO,XIHSEN01,0.8793788898655849
ESEQUO,TATSIS,0.878533378520775
ESEQUO,BOWDIC,0.8742830245373856
ESEQUO,YODRAM,0.8739527197809431
ESEQUO,VEDFER,0.8737828938988237
ESEQUO,VODNOS,0.8725625139557385
ESEQUO,OJOBAS,0.8718866092389006
ESEQUO,CEYPUT,0.8718429181170607
ESEQUO,CAXZOS,0.8691683376093023
ESEQUO,DIDBOJ,0.8679943531043217
ESEQUO,JODGIU,0.8668753794968556
SIXNOF,ASIVAB,0.8957720933653738
SIXNOF,ANUGEW,0.8645710670196629
DIBQEM,MIHJUL,0.9729700419527414
DIBQEM,NOMPIQ,0.9101967608363888
DIBQEM,BUKLOJ,0.9035093769188608
DIBQEM,AGAFAS,0.8751661464864029
DIBQEM,CAXZOS,0.874521442729695
DIBQEM,DIDBOJ,0.8728220835429097
DIBQEM,FEXCAO01,0.8707400860448031
DIBQEM,DIQHAO01,0.8689594295135332
WECSAZ,WECSAZ01,0.9998812485615546
WECSAZ,EXUSUN,0.9998322908987192
WECSAZ,DUGDOA01,0.9079799177520624
WECSAZ,DUGDOA,0.9079176340777346
WECSAZ,QICXUY,0.8952441245211229
WECSAZ,WOJYOL,0.883945172221194
WECSAZ,WOJZIG,0.8810505306620173
WECSAZ,LUCDAO,0.8798973939065807
WECSAZ,DIXGIC,0.8767802180352755
WECSAZ,SENXER,0.8696369040061942
WECSAZ,RUYVIS,0.8686857585112585
WECSAZ,LIXMEM,0.8608037143268173
WECSAZ,AHONEQ,0.8600536972716217
VEDFIV,VEDFER,0.9999949342734388
VEDFIV,BOWDOI,0.9999807779628967
VEDFIV,VODNOS,0.999976929090168
VEDFIV,YODRAM,0.9999609581253036
VEDFIV,CEYPUT,0.9999520864086094
VEDFIV,LASMAV,0.9984352031940458
VEDFIV,JODGIU,0.9231456185134326
VEDFIV,BAKJEE,0.8789500576435227
INEXOQ,WACLEU,0.9310231891238236
NEZQAN,MAQDUD01,0.9320389593685532
YOZNEI,WULJUJ,0.9988747831480672
YOZNEI,EXOYAS,0.9196228879707
YOZNEI,YUGLES,0.9080386650087128
YOZNEI,NUTQEZ,0.9077730500765112
YOZNEI,HUCBOX02,0.8972726191948438
YOZNEI,XICKOL,0.8604965829916067
IGAHED03,OCACUR,0.999792240521277
IGAHED03,SACMOA,0.9989278083818058
IGAHED03,KUHNEI,0.9952377620918684
IGAHED03,XUZRIU,0.8638264037715243
JUQSIZ,PIQQEN,0.9607626790764654
JUQSIZ,REFWIL,0.958085419931196
JUQSIZ,FOKWOT,0.9421394931556694
YANWOC01,DIDVIW,0.9999999883026918
YANWOC01,DADTOS08,0.9999998731363312
YANWOC01,DADTOS15,0.9999685178105052
YANWOC01,VIRJEM,0.9999464592059288
YANWOC01,PADJOU01,0.9999321952366976
IDIWOH06,IXODUV,0.9999998359611189
IDIWOH06,IXOFUX,0.9999997266352793
IDIWOH06,IXOFUX01,0.999999722423994
IDIWOH06,XAVDIJ,0.9999979786505302
IDIWOH06,ATOTIM,0.9999307047859416
IDIWOH06,ALOVEC,0.9960760802870678
NEHZOS,YUGLES,0.9024144128254866
NEHZOS,NUTQAV,0.9016260995578558
NEHZOS,NUTQEZ,0.9012481982754136
NEHZOS,HUCBOX02,0.8945758902284362
NEHZOS,WANJIF,0.8821827482068376
NEHZOS,HIDTUM,0.8778875796350203
NEHZOS,KIRFOI,0.8692728742064807
NEHZOS,LAQNID,0.8670608337049852
YUYLIP,RUXWEM03,0.8650562140494703
DADTUY01,DADTUY,0.9999965619614772
DADTUY01,IGOPEB,0.9998030064201588
DADTUY01,SOJKOT07,0.9998027692324736
DADTUY01,MAJMOA03,0.9996492924324394
DADTUY01,EDAGEX,0.9988044800260818
DADTUY01,EDAGAT,0.9985041037057336
HOGSIG,ROGLOP,0.999996839001402
HOGSIG,CAXZUY,0.922371820773644
HOGSIG,TEVVOI,0.9179011169173644
HOGSIG,LIDSEY,0.8792898835971568
HOGSIG,LIDSAU,0.8792172620155716
HOGSIG,XOMCIN,0.8791621890810954
HOGSIG,JAMSEY,0.8761455656024942
MITSUE,MITSAK,0.999999947559758
MITSUE,GERWOR,0.9062705289048876
MITSUE,IJEYEC,0.8906037359656476
MITSUE,QEKLID,0.8867287308909813
MITSUE,FIPKOG01,0.8609313153547058
WEYQAU09,PUNYIH,0.993403287667538
WEYQAU09,ABAYIO,0.9907591349049016
WEYQAU09,SOBDOF,0.8845011970298118
WEYQAU09,BIYTOU,0.882774413633848
CEYPUT,VODNOS,0.9999874239898952
CEYPUT,BOWDOI,0.9999197334271472
CEYPUT,VEDFER,0.9999188054261824
CEYPUT,ABAVIJ,0.9990227226285504
CEYPUT,TATSIS,0.9986499860151954
CEYPUT,ERUNUC,0.9233941459158242
CEYPUT,DIDBOJ,0.9228798473930164
CEYPUT,BUKLOJ,0.8822183360410427
CEYPUT,BAKJEE,0.8791334998932321
QAQSAD,VEGMOK04,0.8848893811588636
XIHSEN01,XIHSAJ01,0.999999641253803
XIHSEN01,XIHSEN,0.999989565891585
XIHSEN01,BUKLOJ,0.8849934455419401
XIHSEN01,XUZRIU,0.8616343077301117
EBIBID,WEMFAX,0.9997666970381588
SETQIT,SETRAM,0.9999948071707124
SETQIT,SADMUH,0.9999847341598068
SETQIT,EFEGOM,0.9999578051235796
SETQIT,POJTOY01,0.9998422152839952
SETQIT,YAXCAC,0.9951094219033714
SETQIT,UFIKIG,0.8690707470485104
SETQIT,LARPEB,0.8611863397987602
UXEDOR,UXEDUX,0.999973824234762
LAQNID,NAFSOF,0.8982869262300819
LAQNID,QOWRAV,0.8948521644743481
LAQNID,XICKOL,0.877756474491005
LAQNID,WULJUJ,0.8684490987273744
APAYUN,WOJYEB,0.999989522756326
APAYUN,LUWMEX,0.9994642705544798
APAYUN,APAZOI,0.9991680299184348
APAYUN,FECXAO,0.9475615194546244
DIDBOJ,JODGIU,0.999969203879596
DIDBOJ,CAXZOS,0.9999302382550032
DIDBOJ,BOWDIC,0.92301691249801
DIDBOJ,VODNOS,0.9229272508374085
DIDBOJ,MOXDOT,0.922114795355742
DIDBOJ,DIQHAO01,0.9220401034042368
DIDBOJ,LASMAV,0.9217646864528022
DIDBOJ,NOMPIQ,0.8856881682789827
DIDBOJ,CIKPEU,0.8856700707728807
DIDBOJ,FUMJAZ,0.883213700200156
DIDBOJ,LUWZUZ01,0.8829161221076238
DIDBOJ,LUWZUZ,0.8827637213725029
DIDBOJ,XEVXUT,0.8804529695795118
DIDBOJ,BUKLOJ,0.8756556376074802
DIDBOJ,FEXCAO01,0.869735234812093
WIZMAV11,WIZMAV,0.9999999988946988
WIZMAV11,WIZMAV06,0.999999984495344
WIZMAV11,UVAHIK,0.9999959250193772
WIZMAV11,ERANAO,0.9926430748730418
WIZMAV11,GERBEN,0.9554190549898164
WIZMAV11,BUNLAZ,0.9494204195786796
WIZMAV11,BUNKUS,0.9487879139315736
WIZMAV11,UFOSEQ,0.9469407539284114
WIZMAV11,OFOJAX,0.9310388182427936
WIZMAV11,DITJOH,0.9225378822073572
DIDVIW,DADTOS08,0.9999999381162306
DIDVIW,DADTOS13,0.999996890030294
DIDVIW,DADTOS15,0.9999697067803234
DIDVIW,PADJOU01,0.999933961260004
DIDVIW,MNFORD02,0.9998998071144944
BOWDOI,YODRAM,0.9999965094749692
BOWDOI,BOWDIC,0.9999918987003344
BOWDOI,VEDFER,0.999987751972987
BOWDOI,VODNOS,0.9999693555758772
BOWDOI,ABAVIJ,0.999442056569342
BOWDOI,TATSIS,0.9992259359658864
BOWDOI,CAXZOS,0.9231003638418528
KEFBOO,KEQDER,0.9237916644643384
KEFBOO,NIWYID,0.9039403651407744
KEFBOO,NANYUX03,0.8987082852854852
ROCZEQ,IGUTUB,0.9202308216579232
ROCZEQ,ECIWIW,0.919304486112134
ROCZEQ,CIKCOQ,0.8744978967423553
ROCZEQ,LULGIJ,0.8599663076181016
EPOPEG,AGUVEE,0.9939335947070826
BUNLAZ,ERANAO,0.9564313342383078
BUNLAZ,WIZMAV06,0.9494411158443272
BUNLAZ,WIZMAV09,0.9494129229115534
BUNLAZ,WIZMAV12,0.9493538662022892
BUNLAZ,UVAHIK,0.9490807205660924
BUNLAZ,GERBEN,0.9139612115032104
BUNLAZ,OFOJAX,0.9001589731616697
BUNLAZ,UFOSEQ,0.8982213516860673
BUNLAZ,DITJOH,0.8776632353670004
TILHAZ,MAQZUB,0.997908497925944
TILHAZ,MOLTIR,0.9785240584478516
TILHAZ,SAXYOH,0.9772228371918246
WENRIR,DITKAT01,0.9972398062484008
WENRIR,RUDRUE,0.8961591170050948
WENRIR,XILBAW,0.8607938130551165
NAFSOF,ANUGEW,0.9737654755656182
QOWRAV,ANUGEW,0.9596132068598908
QOWRAV,ENIHUG,0.8678492430949556
WOHYOH01,MUQNOC,0.8209506870167969
WOHYOH01,WOHYUN,0.8640128299791723
VIFPUY,VIFPUY03,0.9999999910543056
VIFPUY,FAHQEM,0.9435831082857814
VIFPUY,GALHUY,0.937567301781672
VIFPUY,FAHQIQ,0.9357752293621784
VIFPUY,NEDLOZ,0.9054108079343374
VIFPUY,YAMXOC,0.8747400934216683
VIFPUY,CUFDOX,0.874724703691006
VIFPUY,CUFDUD,0.8738222547580891
VIFPUY,IYUHIU,0.8735908283694465
VIFPUY,PEYVEV,0.8599051170276276
SEFVEG,NIFQIF,0.9999973818801966
SEFVEG,NIFNOI,0.9999455816260544
YAPQUC,RUBZIY02,0.9990939461872396
YAPQUC,LIPZES,0.9951064670652588
YAPQUC,XAPMUY,0.9459137099315588
YAPQUC,MOLLEG,0.9189274193054532
YAPQUC,IVOLOW,0.8953559962040156
YAPQUC,INICPB01,0.883062798698333
YAPQUC,POCMEA03,0.8825923205034429
YAPQUC,CERPOF,0.870139982625288
YAPQUC,RUDRUE,0.8691498082631073
YAPQUC,DITKAT01,0.860843492662183
YAPQUC,DITKAT,0.8608413724477265
CERPOF,RUDRUE,0.9999499750324442
CERPOF,DITKAT01,0.8920812935279289
CERPOF,UHEBOA,0.8868271531374405
CERPOF,LIPZES,0.8749992565035021
NOMPIQ,FEXCAO01,0.9586129223022912
NOMPIQ,MIHJUL,0.911570634818177
NOMPIQ,LUWZUZ02,0.8867611886444379
NOMPIQ,CAXZOS,0.8861578222777946
NOMPIQ,JODGIU,0.8853973569240957
NOMPIQ,BUKLOJ,0.8608265488206048
LASMAV,TATSIS,0.9999267190515512
LASMAV,ABAVIJ,0.9993248771118444
LASMAV,BOWDIC,0.9988946194991668
LASMAV,VODNOS,0.9982852794070352
LASMAV,CAXZOS,0.9223707077785784
LASMAV,JODGIU,0.92136732404765
LASMAV,ERUNUC,0.9210810495407116
LASMAV,BAKJEE,0.8759901016096047
BUKLOJ,BUKLOJ01,0.9998165271665204
BUKLOJ,MOXDOT,0.9447203611849432
BUKLOJ,XUBKOU,0.9153390415434582
BUKLOJ,USAYOE,0.9081249306584712
BUKLOJ,GEPBEK,0.907372565309808
BUKLOJ,TATSIS,0.8847891055823286
BUKLOJ,ABAVIJ,0.884001825524784
BUKLOJ,BOWDIC,0.8833312532749293
BUKLOJ,YODRAM,0.8832182096021366
BUKLOJ,VEDFER,0.8829703821656139
BUKLOJ,OJOBAS,0.882238980716843
BUKLOJ,CAXZOS,0.8763848186208908
BUKLOJ,JODGIU,0.8751643497789328
BUKLOJ,ERUNUC,0.8747459204596117
BUKLOJ,XAPSIS,0.869680378547422
BUKLOJ,TAHYUZ,0.866925385616351
BUKLOJ,CIKPEU,0.8608394009054642
ANUGEW,ENIHUG,0.8886527423452362
NUHFAY,HAHPIQ,0.9943665606810862
XIHSAJ01,XIHSEN,0.999991397571846
XIHSAJ01,XUZRIU,0.8616348624289655
XUZRIU,TAHYUZ,0.8647796725822494
XUZRIU,OCACUR,0.864195482983499
XUZRIU,SACMOA,0.8640960293280129
XUZRIU,XIHSEN,0.8616580721336908
XUJQAV,VEMSUC,0.999998983805659
XUJQAV,XUJPOI,0.9999987869744884
XUJQAV,NUNPAP,0.9999688079732636
XUJQAV,NUNNUH,0.99993058354155
XUJQAV,XUJPEY,0.9998561605373684
XUJQAV,EZOFEF,0.9955454792168494
XUJQAV,XUCHOS02,0.8823575272568939
XUJQAV,SOQRUM,0.8764270644249921
XUJQAV,LIDSEY,0.8611414562063239
XUCHOS02,SEQSUE,0.8865959550821165
XUCHOS02,EZOFEF,0.8848624905358802
XUCHOS02,VEMSUC,0.8824490139195451
XUCHOS02,XUJPOI,0.8822502721638369
XUCHOS02,NUNNUH,0.8815173165612868
PEZCII,FECXAO,0.9994823571785356
PEZCII,APAZOI,0.9477764564412848
PEZCII,APAZIC,0.9456952709597458
TAHYUZ,MOXDOT,0.8853139874364941
XAPSIS,XADDUD,0.8957518483154812
XAPSIS,ABIWOX,0.8788197921107957
XAPSIS,BAKJEE,0.8611086043044018
SEFVEG02,NIFQIF,0.9999974827493628
SEFVEG02,NIFTAA,0.9999634251246586
EBEXAM,COKJIX,0.893942562504372
EBEXAM,VODBEW,0.8896568404197458
EBEXAM,ADEGIA,0.8677904748236873
EBEXAM,ADEGIA01,0.8652167850598992
TEPJOP,YENKAG,0.9422064508966018
TEPJOP,RUWWOW,0.9397795661456386
TEPJOP,RUWXEN,0.9397415078947404
TEPJOP,RUWWUC,0.9386683365507352
TEPJOP,ISISEJ,0.8765247568394399
IPIJAT,HAZNED,0.8720686747806821
IPIJAT,KULMIP,0.8718864755388153
IPIJAT,HAZPAB,0.8710559523765766
VEGMOK04,XAFFER,0.8776776765233227
VEGMOK04,NOXMAQ,0.8759447129778059
VEGMOK04,NIWYID,0.8749780334145113
VEGMOK04,NANYUX03,0.8742390114825711
VEGMOK04,GADROU,0.868903100651661
VEGMOK04,XEGWIS,0.8674707190404088
VEGMOK04,XEGWAK,0.8674482267624637
TECVEE,TECTUS,0.999345583283658
PAGFAH,COMFIU,0.9999813814101256
WEHHOI,WEHJAW,0.9999997549324972
NIFQIF,NIFTAA,0.9999417186591792
YAXBOP,SETRAM,0.9999882911407668
YAXBOP,SADMUH,0.9999744323166436
YAXBOP,SETQOZ,0.9999565332120348
YAXBOP,VAGVAC,0.9997701815296456
YAXBOP,POJTOY,0.999744970827908
YAXBOP,YAXCAC,0.9949495393093432
YAXBOP,REZXOK,0.8840258475119998
YAXBOP,UFIKIG,0.8690366044012309
YAXBOP,LARPEB,0.8609182744381249
UFIKIG,VAGVAC,0.8692744036025826
UFIKIG,POJTOY,0.8692740628230496
UFIKIG,POJTOY01,0.869271401633553
UFIKIG,SETQOZ,0.8691964865550368
UFIKIG,SADMUH,0.8691669904978643
UFIKIG,YAXCAC,0.8661658152071152
NUCRIN,LEYLIN,0.9282337604202054
NUCRIN,PEPHID,0.8994422376860046
NUCRIN,GAMFEG,0.8970857050696581
ZASJAG,IGUTUB,0.9196978084052592
JAYXAL,DOYHIK,0.9054971703120538
YAMXOC,CUFDOX,0.9999997648163448
YAMXOC,CUFDUD,0.999668504635174
YAMXOC,PEYVEV,0.98852691062437
YAMXOC,MAYJOM,0.8749071921706407
YAMXOC,VIFPUY03,0.8747395272827532
RUVBIV,WOBNOS,0.8809685356448578
PIQQEN,REFWIL,0.9869767458985704
PIQQEN,FOKWUZ,0.9754451209178724
PIQQEN,REXYAX,0.8766015347472669
QACTUJ,BOJYIK01,0.999564798171458
QACTUJ,CUXQIW,0.9082122197379991
QACTUJ,CEJXEW,0.94395618453665
QACTUJ,LOZSUQ,0.9071196646635558
QACTUJ,CUJCIV,0.905263942606927
QACTUJ,TORPUN,0.9002437088900013
QACTUJ,DAKZUN,0.8995920633954416
QACTUJ,AYOZOF,0.8994086266316186
QACTUJ,NEQTIP,0.8992549930132226
QACTUJ,LEDHEJ,0.8872715446399868
QACTUJ,XADDAJ01,0.8861611031226264
QACTUJ,LUCDES,0.8792491800618163
QACTUJ,LAVTAF,0.8651220974659739
QACTUJ,UPIBOM,0.8644001812544064
IMIDZB13,IMIDZB08,0.9954308112416104
IMIDZB13,IMIDZB01,0.9951259401800514
IMIDZB13,IMIDZB07,0.9878856390422366
AGAFAS,FEYJOJ,0.9839770159757778
AGAFAS,BAKJEE,0.8888345156516095
NIWYID,EXOXUL,0.9133447677195818
NIWYID,DUNXUH13,0.8971120379421957
NIWYID,NUFBOH,0.8772001411169237
NIWYID,DOYHIK,0.8758859990985961
NIWYID,SOWCOY,0.8609183661366756
CUFDOX,CUFFIT,0.9999998112704124
CUFDOX,CUFDUD,0.9996853492591294
CUFDOX,XINTOG,0.9241444479294708
CUFDOX,MAYJOM,0.874897928591356
DELTAQ,DELTAQ01,0.9999904176201784
DELTAQ,DELTAQ03,0.9999329309361789
QANSEE,YOVTOS,0.9999994457489112
QANSEE,WAWGOQ,0.8650837769550468
WEHJAW,GAWMOJ,0.8955389820662738
WEHJAW,HEZKIH,0.8715947345307538
WEHJAW,REYCEF,0.8671381222907868
GAWMOJ,PURJIW,0.9978749998473174
MOPQIT,NIWZIE17,0.999851272022864
MOPQIT,MGFORD02,0.9971808316696996
MOPQIT,AMURUX,0.9966274481194426
FAHQIQ,UNIDAY,0.9552484186086304
FAHQIQ,CIFSIW,0.9544676622024868
FAHQIQ,NEDLOZ,0.9535203784640378
FAHQIQ,MAYJOM,0.937107033027054
PESTAL,NUDNUW09,0.9999996699996162
PESTAL,XACLOF,0.9999091516122004
PESTAL,VICBEQ,0.9994655738516096
PESTAL,NIHBEM01,0.9971412918687282
PESTAL,CAJHUS01,0.996847733458076
PESTAL,NIHBAI01,0.9967720831770608
MAGVOG28,MAGVOG30,0.999999403375898
MAGVOG28,MAGVOG32,0.9999983548494918
RIFYAI,IZUKEV,0.9997139280713184
WIZMAV06,WIZMAV,0.9999999751105956
WIZMAV06,WIZMAV09,0.9999999712438414
WIZMAV06,WIZMAV07,0.9999999600338814
WIZMAV06,WIZMAV12,0.9999997257272064
WIZMAV06,UVAHIK,0.9999954068408008
WIZMAV06,ERANAO,0.9926642624851943
WIZMAV06,GERBEN,0.9554269710122604
WIZMAV06,UFOSEQ,0.9469366260326136
WIZMAV06,OFOJAX,0.9310599490059254
WIZMAV06,DITJOH,0.9225363066794464
WIZMAV06,WUPTUY01,0.8634798655814335
PEKZIP,RAGREY,0.9999838331583368
PEKZIP,KIKRAA,0.9998178442988488
PEKZIP,XIQZIH,0.999313910186046
PEKZIP,ASUKEE01,0.9989797542374496
WOJZIG,CUTBEA,0.830739793715431
WOJZIG,DUGDOA01,0.939065721511832
WOJZIG,DUGDOA,0.9385637403120376
WOJZIG,VITYUU,0.932619010030358
WOJZIG,SIKYER,0.8865442988264415
WOJZIG,YIXFOC03,0.8842725228815056
WOJZIG,WECSAZ01,0.8826464602171201
WOJZIG,EHAZES,0.8822082138456101
WOJZIG,EXUSUN,0.8788530297803634
XOGWUN,VAYFAE,0.9997565244645976
XOGWUN,JUYJIY,0.898096389131096
MEQPEG,REYCEF,0.900761024122572
MEQPEG,ARIDIQ,0.8637667794206143
GEPBEK,USAYOE,0.9986563251882764
XUBKOU,MOXDOT,0.875372889597854
JAXNUU,PASGAU,0.9999448179141356
JAXNUU,CISLUN,0.9997125892447845
JAXNUU,PEBNER,0.9979163754996392
JAXNUU,VUQJEX,0.9950209329645796
RUBTAK07,SURKUN01,0.999999998888057
RUBTAK07,RUBTAK09,0.9999999967411628
BOSHUN,CAXZUY,0.8617451210282222
LIDSAU,LIDSEY,0.999944612132856
LIDSAU,XOMCIN,0.9996015716440682
LIDSAU,JAMSEY,0.9966394247401316
LIDSAU,CAXZUY,0.908059798640151
LIDSAU,XADWIK02,0.9032626173063778
LIDSAU,NUNNUH,0.8611287432828729
POCMEA01,INICPB02,0.9999930613885252
POCMEA01,POCMEA04,0.9999929941363244
POCMEA01,XILBAW,0.8850668722909967
POCMEA01,RUBZIY02,0.8839279069735299
MOLLEG,XILBAW,0.9197538006918136
MOLLEG,XAPMUY,0.8757303356935748
MITSAK,QUQFOY,0.93228207931981
MITSAK,IJEYEC,0.8906202479444835
MITSAK,QEKLID,0.8867336291469821
MITSAK,NOLRIR,0.8734353901904326
MITSAK,FIPKOG01,0.8609343426787464
IQOKIK,ENISUQ,0.9996535320395692
IQOKIK,OCAKUB,0.8629088700537694
ADEGIA,IBEYEU,0.9472134670413164
ADEGIA,XISDOU,0.9050777739172112
ADEGIA,AYOZIZ,0.9048205439949882
ADEGIA,UMIZEX,0.8870871966243192
ADEGIA,AFUDUD,0.8862693165296038
ADEGIA,YICGUP,0.8836487704069829
ADEGIA,EBEWIT,0.8678991244281857
ADEGIA,VODBEW,0.8608437728605854
ADEGIA,COKJIX,0.8599192441875543
DOYHIK,NUFBOH,0.9946752534886144
WIZMAV,WIZMAV09,0.9999999998603688
WIZMAV,WIZMAV07,0.9999999982231252
WIZMAV,UVAHIK,0.99999605812746
WIZMAV,ERANAO,0.9926374127162014
WIZMAV,BUNKUS,0.9487821427446376
WIZMAV,UFOSEQ,0.9469418508321998
WIZMAV,OFOJAX,0.9310331712630782
KULMIP,HAZNED,0.8635693800172208
KULMIP,HAZPAB,0.861065435430095
OPENUT,DOLPIF,0.9999548067888344
OPENUT,KAHWOG,0.9959938810518222
WIZMAV09,WIZMAV07,0.9999999990795524
WIZMAV09,WIZMAV12,0.999999874588894
WIZMAV09,ERARUM,0.9999991243392516
WIZMAV09,UVAHIK,0.9999961048722604
WIZMAV09,GERBEN,0.9554161828787364
WIZMAV09,BUNKUS,0.9487800917013132
WIZMAV09,DITJOH,0.9225384446743436
WIZMAV09,WUPTUY01,0.8634660066574885
WAQTAM,APEBED,0.822703729627744
NAMDOV,KUGQOT,0.9999669406666972
NAMDOV,DOJXIK,0.9980844635960509
CUFDUD,IYUHIU,0.99998959711312
CUFDUD,MAYJOM,0.874225171130498
KOQXUL,KUGQOT,0.9998830457093172
KOQXUL,DOJXIK,0.9992429085275416
KOQXUL,LESWAI,0.8620112341650874
HICGEG,IMIDZB01,0.9992983013715
HICGEG,IMIDZB07,0.9948543881341112
DAKZUN,DUGDUG,0.986828002532846
DAKZUN,CEJXEW,0.9551272511295504
DAKZUN,WOJYUR,0.9468328709406904
DAKZUN,XADDAJ01,0.9444486323719588
DAKZUN,XADDAJ,0.9438927491883808
DAKZUN,VITZAB,0.8640578192463906
YOYNUX,YOYPAF,0.99998147238024
ENITEB,ODIXAC,0.9995186045623043
ENITEB,RUXWEM03,0.8647860449173957
ENITEB,GERWOR,0.8609179612166824
ABIWOX,FEXCAO01,0.8877123782522174
EKUNON01,EKUNON02,0.9999954872302144
EKUNON01,JUYJIY,0.8816535188799416
RUXWEM03,NOLRIR,0.928300628449052
RUXWEM03,IGUTUB,0.9225744650629488
RUXWEM03,VAYFAE,0.8844881260898019
RUXWEM03,ODIXAC,0.8651388423793662
RUXWEM03,AJAKON,0.8650715970782196
RUXWEM03,ODIXIK,0.8648244197811423
RUXWEM03,NOZZUZ,0.863684235594344
FAHQEM,NEDLOZ,0.956385903671325
FAHQEM,MAYJOM,0.944320505815487
ROGLOP,CAXZUY,0.9224798911326068
ROGLOP,TEVVOI,0.9181252659302704
ROGLOP,LIDSEY,0.8792839831763315
ROGLOP,XOMCIN,0.8791919641658802
OGEBAF,YUGLES,0.9380126130506417
OGEBAF,NUTQEZ,0.9370032902861598
ECIWIW,CIKCOQ,0.9094731719280368
ECIWIW,PIKYIU,0.8855420566968185
ECIWIW,QEKLID,0.8649233727885484
ECIWIW,NOLRIR,0.8620938470635771
ECIWIW,EYULAM,0.8615454940333759
LELRUR,MAXFAU,0.8931278902192831
NASGEV,LUGLUU,0.9994508726185544
OKIWEL,OKIYIR,0.9999999971030548
OKIWEL,OKIVAG,0.9999999842766194
OKIWEL,YINNUH,0.9999808295246412
XALXIS01,USICAB02,0.8180863630048645
XALXIS01,MIMVEJ,0.9941178852253548
XALXIS01,DEBBIY,0.8835653800120911
EDOWEC,GIZXET,0.8634675589038274
MUZHUL,FABFOF,0.9998107222256244
MUZHUL,WOBHOL,0.8726320057700414
MUZHUL,WOBHIF03,0.8726291060937788
NELRAY,DODMIT,0.9994712822681489
NELRAY,AMIXIE,0.9999917607731016
NELRAY,QIKZIW,0.8987509452803715
LAVTAF,HIDDAB,0.9080423920949652
LAVTAF,UPIBOM,0.999987004799924
LAVTAF,YENZEZ,0.9002108308047994
LAVTAF,XADDAJ01,0.8829572822245648
GIRHAR,EKAZIA,0.8880094362860141
SIKYER,YIXFOC03,0.9992387978580256
SIKYER,EHAZES,0.9980653170362188
SIKYER,IBEYAQ,0.9416764116804176
SIKYER,DUGDOA01,0.9037282026323435
SIKYER,QICXUY,0.8973270250545651
SIKYER,LUCDAO,0.8846629757891085
SIKYER,SENXER,0.8739679422729293
SIKYER,KAHWOG,0.8605080497688262
TATSIS,ABAVIJ,0.9996448880919806
TATSIS,BOWDIC,0.9993752224596314
TATSIS,VEDFER,0.99916093335691
TATSIS,OJOBAS,0.9986642937102704
TATSIS,CAXZOS,0.9228265883060568
TATSIS,ERUNUC,0.9218049746747208
TATSIS,BAKJEE,0.8768679742681843
BOWDIC,VEDFER,0.9999722438871288
BOWDIC,VODNOS,0.9999314534249606
BOWDIC,OJOBAS,0.9998662187306268
BOWDIC,ERUNUC,0.9231793399729432
BOWDIC,CAXZOS,0.9231340827448706
BOWDIC,JODGIU,0.9229856855232648
BOWDIC,BAKJEE,0.8787023258681745
XAFFER,NOXMAQ,0.8801668072681488
NUTQAV,YUGLES,0.9999747154704922
NUTQAV,QIYDAF01,0.8813999260634242
NUTQAV,FAGQAI,0.8806311498065331
POFDEV,EGOZAB,0.999413093402979
YUGLES,NUTQEZ,0.9999462160849883
YUGLES,WULJUJ,0.9063120782748412
YUGLES,FAGQAI,0.8813227722101253
MIHJUL,MOXDOT,0.9542293733247614
MIHJUL,CIKPEU,0.9115147459425536
MIHJUL,JODGIU,0.8830665774214113
MIHJUL,CAXZOS,0.8818140087888824
MOXDOT,ERUNUC,0.9225306223246682
MOXDOT,JODGIU,0.922174827172204
MOXDOT,CAXZOS,0.9221205435061954
MOXDOT,CIKPEU,0.9027541360242995
MOXDOT,FEXCAO01,0.8857053252271271
MOXDOT,LUWZUZ01,0.8758910880927906
MOXDOT,LUWZUZ,0.8756881971353445
MOXDOT,USAYOE,0.8632306547248303
BOJYIK01,HISTIO,0.800869043124714
XADDUD,FUMJAZ01,0.865364649952382
XADDUD,FUMJAZ,0.8652136567657362
XADDUD,XEVXUT,0.8640161753239418
ADEGIA01,IBEYEU,0.9469834314902184
ADEGIA01,UMIZEX,0.8872762354548059
ADEGIA01,AFUDUD,0.8851541145616258
ADEGIA01,YICGUP,0.8823781015397146
ADEGIA01,EBEWIT,0.8653437719997623
ADEGIA01,HOGQIF,0.863289285385792
ADEGIA01,VODBEW,0.8606330969850774
DUGDOA01,IBEYAQ,0.9563667500576328
DUGDOA01,WOJYOL,0.9426003961694304
DUGDOA01,EXUSUN,0.9082088711986812
DUGDOA01,EHAZES,0.9077014762117852
NIHBEM01,CAJHUS01,0.9999926510760236
NIHBEM01,VICBEQ,0.9989997939871216
DEGJIK,PASGAU,0.9999505419468672
DEGJIK,CISLUN,0.999725755089881
DEGJIK,PEBNER,0.9979524319361932
DEGJIK,HOSPEL,0.995424706783548
NUFBOH,IRELAU,0.8921751069860115
NUFBOH,NANYUX03,0.8744054112552658
EDAGAT,DADTUY,0.9986438992037254
EDAGAT,MAJMOA03,0.9967096503576736
XEGWAK,XEGWIS,0.9999997987017398
DADTOS08,DADTOS15,0.999972383069732
DADTOS08,PADJOU01,0.9999379299023676
DADTOS08,MNFORD02,0.9999044400286372
WIZMAV12,UVAHIK,0.9999973771165048
WIZMAV12,ERANAO,0.9925749467568123
WIZMAV12,GERBEN,0.955393468903805
WIZMAV12,BUNKUS,0.9487184766391528
WIZMAV12,UFOSEQ,0.9469537788324848
WIZMAV12,OFOJAX,0.9309708691501852
KINNOM,KINNIG,0.9994739464670744
PEYVEV,CUFFIT,0.9887121089034664
PEYVEV,VIFPUY03,0.8598979904387845
KENVIL,KENTEF04,0.9999999998541148
KENVIL,KENTEF05,0.999999987698998
KENVIL,KENVOR,0.9999952402810036
KENVIL,KEPNAX01,0.8787175095202111
XIQZIH,RAGREY,0.9994840877621328
XIQZIH,OJOQAF02,0.997714995096604
OFOYUG,UQEFED,0.999995463784698
OFOYUG,OKAYIK,0.9998315644469852
OFOYUG,QUXRIM,0.9989470096820048
OFOYUG,DIQGUH,0.8959473919209591
FOCYUT,WAYKAK,0.9114129020531448
FOCYUT,ZEDVOV,0.8968379720398904
FOCYUT,FOKYIP,0.8838330682558949
FEWTAF,LARPEB,0.8817017880721856
PAPKUP,YUWKEH01,0.9562742582735616
PAPKUP,ECUDAI,0.8647274997978305
WAYKAK,AVAQAP,0.9472110294606564
WAYKAK,FOKYIP,0.9322970160239376
WAYKAK,FOCZEE,0.9116394439041402
ERANAO,ERARUM,0.9927938122033568
ERANAO,UVAHIK,0.9922954134965668
ERANAO,BUNKUS,0.9564326014926834
ERANAO,OFOJAX,0.9383556400371152
ERANAO,UFOSEQ,0.9367799967027126
ERANAO,DITJOH,0.9141154396283084
FOKYIP,ZEDVOV,0.8872430060702009
FOKYIP,FOCZEE,0.8839519826046367
FOCZEE,ZEDVOV,0.8969250356998582
REZXUQ,GUSNEN01,0.9470993160124248
REZXUQ,REZXEA,0.9464375788974084
OCAKUB,ROYMEZ,0.881298062078878
OCAKUB,ENISUQ,0.864320326510095
OCAKUB,DAWCOV,0.8627930569473812
AJAKON,RUGYOJ,0.9998538963626172
YOSLIB04,YOSLIB03,0.9999877698594268
SAQFUM01,SAQFUM,0.9999852426542958
SAQFUM01,BOVHEB,0.869525789101682
ERUNUC,CAXZOS,0.999311468523295
ERUNUC,OJOBAS,0.9233928466016896
ERUNUC,VEDFER,0.9232632608904832
ERUNUC,YODRAM,0.9232185215162558
ERUNUC,DIQHAO01,0.9203017297511822
ERUNUC,BAKJEE,0.9094280030638174
ERUNUC,CIKPEU,0.8852470570802495
ERUNUC,LUWZUZ02,0.8803335662535374
ERUNUC,LUWZUZ,0.8803133521980251
ERUNUC,XEVXUT,0.8789566652873099
ERUNUC,FEXCAO01,0.8687984677298713
NUNNUH,NUNPAP,0.9999833893269104
NUNNUH,XUJPEY,0.9999758696143072
NUNNUH,EZOFEF,0.9944938718922676
NUNNUH,DAFHID,0.8964457906363908
NUNNUH,XOMCIN,0.8608906796510024
LEDHEJ,XADDAJ,0.9744221446687376
LEDHEJ,XADDAJ01,0.9741847030753554
LEDHEJ,DUGDUG,0.973605015536768
LEDHEJ,AYOZOF,0.9651813117651916
LEDHEJ,VITZAB,0.901115135835232
LEDHEJ,NEBYOK,0.8729981644223548
XICKOL,IDUDES,0.8808472997463278
XICKOL,EGOZAB,0.8780343818849277
XICKOL,KIRFOI,0.8766391465187053
DOLPIF,UHISEK,0.99829515578133
DOLPIF,AHONEQ,0.9960613707819824
ATOTIM,IXODUV,0.9999369789435486
ATOTIM,IXOFUX,0.9999344959863546
ATOTIM,IXOFUX01,0.9999337522412528
ATOTIM,XAVDIJ,0.9999050166314616
MIRNOR,MIRNOR01,0.9999981765911948
DIQHAO01,CAXZOS,0.9228862894306974
DIQHAO01,BAKJEE,0.8806341620132879
OKIVAG,WUNTUV,0.999999389124682
OKIVAG,OKIYIR,0.9999999941179164
OKIVAG,OKIVIO02,0.999996972502316
OKIVAG,YINNUH,0.9999807136187012
OKIVAG,WUNSEE01,0.9999600750939368
PEGBEK01,ZAWCAE,0.9999982274377446
PEGBEK01,ZAWCIM,0.9999758861101542
LUWKIZ,EKUNON02,0.861632931909158
GALHUY,UNIDAY,0.9557695488746164
GALHUY,CIFSIW,0.9551719513955714
GALHUY,NEDLOZ,0.9543937660276038
GALHUY,MAYJOM,0.9387890588323612
GALHUY,VIFPUY03,0.9375638580840387
XAVDIJ,IXODUV,0.999996718403386
XAVDIJ,ALOVEC,0.9962514787535685
LICSEW04,DOHDOU,0.9997306900436114
LICSEW04,MGFORD02,0.9999929192143244
LICSEW04,XEHSOT,0.99755573951463
HOSPEL,BUZKUE,0.998543661868482
HOSPEL,PEBNER,0.9984276872395894
HOSPEL,VUQJEX,0.9983377217114462
HOSPEL,PASGAU,0.9962042327076438
VUQJEX,PEBNER,0.9993751756666668
VUQJEX,CISLUN,0.9970918157426452
YODRAM,VEDFER,0.9999735783594412
YODRAM,VODNOS,0.9999531065194488
YODRAM,OJOBAS,0.99989631119461
YODRAM,ABAVIJ,0.9994522840543484
YODRAM,JODGIU,0.9229669246815372
YODRAM,BAKJEE,0.8787656077797551
DADTOS15,YUKTUU06,0.9999999912804006
DADTOS15,VIRJEM,0.9999970861184124
DADTOS15,DADTOS13,0.9999860089491424
DADTOS15,MNFORD02,0.999973054569352
SEVROC,QISFUV,0.9074295524997572
EFEGOM,SETQOZ,0.9999988907466628
EFEGOM,SADMUH,0.9999932939885467
EFEGOM,VAGVAC,0.9999435253054104
EFEGOM,REZXOK,0.884462870436884
EFEGOM,LARPEB,0.8626518845650297
WOBHIF03,WOBHOL,0.9999999556673916
WOBHIF03,QEJBIT,0.8751576994647692
WOBHIF03,UGUQOC,0.8726448242461394
TEVVOI,CAXZUY,0.99694858735561
TEVVOI,XOMCIN,0.9055530968799974
TEVVOI,LIDSEY,0.9038435310261598
TEVVOI,JAMSEY,0.9032701346684328
TEVVOI,XADWIK02,0.8850570474722753
TEVVOI,SEQSUE,0.8705364676824625
JAMSEY,LIDSEY,0.9968604866644646
JAMSEY,CAXZUY,0.908441629427145
NOFHOG,RUYVIS,0.9619149037574176
EBIBOJ,QESNEK,0.999956777179608
DOLWAE02,MUVJIX,0.9988470790428674
ABAVIJ,CAXZOS,0.9233308189075338
ABAVIJ,BAKJEE,0.877530855885359
OFERUN02,UZEWUS,0.9999999657194693
OFERUN02,VELVOY,0.9999998294374596
YAXCAC,POJTOY,0.9969476200841136
YAXCAC,VAGVAC,0.9968620871776148
YAXCAC,SETQOZ,0.9958366531813048
YAXCAC,SADMUH,0.9956375308049528
YAXCAC,SETRAM,0.9954214649999912
YAXCAC,REZXOK,0.8835633365450999
YAXCAC,LARPEB,0.8726432234395363
UDUMIP02,RABWAS,0.9931877292306752
LUFNAC01,LUFNAC,0.999907590113984
LUFNAC01,TUTJAU,0.9998991979884186
NANYUX03,DUNXUH13,0.8970635237760425
NANYUX03,SOWCOY,0.8608750434841599
CISLUN,PASGAU,0.999908793732865
CISLUN,PEBNER,0.9991578830213206
CISLUN,JAVNIE,0.9986900517102368
ATIKET,RINTUF,0.9994406495314536
ATIKET,NILCIW,0.8333168298167127
NIWZIE09,NIWZIE01,0.9999869584814548
NIWZIE09,NIWZIE17,0.9999864072709588
NIWZIE09,XEHSOT,0.9998996738734224
NIWZIE17,NIWZIE01,0.9999467386372504
NIWZIE17,XEHSOT,0.9998122487970652
XUJPEY,NUNPAP,0.999958027319417
XUJPEY,VEMSUC,0.9998356672388872
XUJPEY,EZOFEF,0.9938281120552585
XUJPEY,SOQRUM,0.8740999229063975
XUJPEY,LIDSEY,0.8610935974993732
XUJPEY,XOMCIN,0.8607396793011222
SEHSII,NIGFOZ,0.9996103914526214
SEHSII,UPIBOM,0.9822165120366864
SEHSII,YENZEZ,0.9065946623398128
SEHSII,OHIHOD,0.8964091467192242
SEHSII,XADDAJ,0.8836996021157881
SEHSII,XADDAJ01,0.8831391134054115
SEHSII,WOJYUR,0.8792196752816707
YANXIX02,YUKVUW04,0.999952341288164
YANXIX02,ELUQIM04,0.9978193511268344
YANXIX02,ELUQIM13,0.9977637734792784
IGUTUB,CIKCOQ,0.909335495449834
IGUTUB,QEKLID,0.8653613019523068
IGUTUB,EYULAM,0.8617655573363249
IGUTUB,NOLRIR,0.8610783537974891
ELUQIM04,ELUQIM13,0.9999996487098712
ELUQIM04,DAXNIA,0.9977330100032435
ELUQIM04,YUKVUW04,0.9971297679501344
ROJSUF,ROJSUF01,0.809357916353259
MAGVOG30,MAGVOG32,0.9999997396737048
MAGVOG30,MAGVOG29,0.9999994176195972
MAGVOG30,MAGVOG13,0.9999963723071846
CIKPEU,LUWZUZ01,0.8868541091919797
CIKPEU,LUWZUZ02,0.8867765144758194
CIKPEU,LUWZUZ,0.8867403529554505
CIKPEU,CAXZOS,0.8861448752331945
CIKPEU,JODGIU,0.8853753230175347
ABAYIO,HIYZEV01,0.8962308374325056
ABAYIO,BIYTOU,0.882737567545322
ABAYIO,DIJCOP,0.8720403795745121
ABAYIO,SOBDOF,0.8707135833810422
ABAYIO,UVETUL,0.8602925750880205
ABAYIO,GOVWOF,0.8600559300873141
IGOPEB,SOJKOT07,0.999854187223919
IGOPEB,MAJMOA03,0.9997871973456608
IGOPEB,DADTUY,0.9997667811207566
IGOPEB,RAVVIU,0.997507683984732
HIDTUM,KIRFOI,0.8720930194168939
OCACUR,UGECEO01,0.9999938274732898
OCACUR,SACMOA,0.9996437421629544
OCACUR,KUHNEI,0.9956836678094918
AMOBEL01,DAXNIA,0.9984146935515352
APAZIC,WOJYEB,0.9999983871332044
APAZIC,LUWMEX,0.9992362900260132
APAZIC,APAZOI,0.9988891018503384
APAZIC,FECXAO,0.9473556979819148
SEQSUE,CAXZUY,0.8652029882276377
QISFUV,XIMSAP,0.8124992296359462
MNFORD02,VIRJEM,0.9999838665374414
MNFORD02,DADTOS13,0.999929900635394
DADTOS13,VIRJEM,0.9999703338513176
DADTOS13,PADJOU01,0.999959409044192
FOKWUZ,GOXGAD,0.8804129747753475
FOKWUZ,REFWIL,0.9733659350923038
NINVAI,EBIHII,0.9999931229518252
KENTEF04,KENTEF05,0.9999999848783044
KENTEF04,KENVOR01,0.9999996460312304
KENTEF04,KENVOR,0.9999952928360236
ODIXIK,NOZZUZ,0.9995885313974396
ODIXIK,ODIXAC,0.9995637777288116
ODIXIK,GERWOR,0.8609462456494399
GERWOR,ODIXAC,0.8610463340933286
GERWOR,NOZZUZ,0.8600146293337063
BAKJEE,JODGIU,0.9088421390837458
BAKJEE,FUMJAZ01,0.903858075234366
BAKJEE,FUMJAZ,0.9036732659543304
BAKJEE,XEVXUT,0.9011865106719332
BAKJEE,VODNOS,0.8790318843075824
BAKJEE,VEDFER,0.8788618735812572
FAZPIH,NERVIP01,0.9996781452264836
FAZPIH,LUWZUZ01,0.8841084002397313
FAZPIH,LUWZUZ,0.8840148209648983
PASGEX04,TACTUP,0.8738395069415327
QEKLID,NOLRIR,0.991117964231014
QEKLID,QUQFOY,0.9192518177760444
REZXOK,POJTOY,0.8848059218471782
REZXOK,VAGVAC,0.8847787420194824
REZXOK,POJTOY01,0.8847264973950951
REZXOK,SETQOZ,0.8844096046899627
REZXOK,SETRAM,0.8842357257651237
BIYTOU,SOBDOF,0.9948305658865444
XACLOF,NIHBAI01,0.9969608698187598
XACLOF,NIKZAJ01,0.9966789781974672
MAYJOM,VIFPUY03,0.9999576587760048
MAYJOM,NEDLOZ,0.9060585280246212
MAYJOM,CIFSIW,0.9050645171894038
MAYJOM,IYUHIU,0.8740354356655857
IYUHIU,CUFFIT,0.9995780256030848
IYUHIU,XINTOG,0.927631649701623
VIYHUI,ASUKEE,0.9999765271826128
YINNUH,WUNSEE01,0.9999962833751038
YINNUH,OKIVIO02,0.9999626402380434
YINNUH,WUNSII,0.99994781378187
VICBEQ,IZAKAX,0.9981548273780496
XAYMUF,IXACOZ02,0.8316617850366466
ROLCEC01,ROLCEC11,0.9999050800874428
ROLCEC01,MACUFR04,0.9976391068432766
ROLCEC01,MAGNEQ01,0.9975784940545008
ROLCEC01,OCUQIO02,0.9968072475465132
NOLRIR,CIKCOQ,0.8930452757197944
NOLRIR,PIKYIU,0.8929019112745891
WUNSEE01,OKIVIO02,0.9999353606932948
WUNSEE01,SAHYAD02,0.9999336000678544
WUNSEE01,WUNSII,0.9999162501200056
WUNSII,SAHYAD02,0.9999989675482036
WUNSII,OKIVIO02,0.9999987169820604
WUNSII,OKIYIR,0.9999919924041148
VAHWOS01,VAHWOS,0.999997668942957
VAHWOS01,VEMMAC,0.9999352430846709
BEPNOB,BEPMEQ,0.999999999585364
BEPNOB,BEPPIX,0.914038874022522
BEPNOB,KIGCEK,0.9073044650690224
ELUQIM13,YUKVUW04,0.9970661089445442
OFEREX,VITYUU,0.945195959804423
CIKCOQ,QUQFOY,0.8897904574297317
HOGWAB,COXHON,0.9863219795974636
SOQRUM,VEMSUC,0.8765900935184877
SOQRUM,XUJPOI,0.8762379159310474
SOQRUM,NUNPAP,0.8753675491461383
NEDLOZ,CIFSIW,0.9999067061261692
NEDLOZ,UNIDAY,0.999561277057476
TAMHUM,HUFHOH,0.9999372489834746
HUFHOH,TAMJEY,0.9999990677970932
HUFHOH,GAMSOD,0.8796275419751621
IDIMIU,EMIFOW,0.9999222487454388
TAJTIK,EXEQAA,0.8339581122817249
TAJTIK,HAZGOF06,0.999999962042154
TAJTIK,GATHAL,0.9999989893241632
TAJTIK,HAZGOF07,0.9999986281900528
XADWIK02,XOMCIN,0.9058603360447544
XADWIK02,LIDSEY,0.9043226377561682
XADWIK02,CAXZUY,0.8825014322589644
DAFHID,XUJPOI,0.8966931307572007
DAFHID,NUNPAP,0.8965322534768466
DAFHID,EZOFEF,0.8941744506872263
TAKCAM,TEPWOD,0.9080629594930528
TAKCAM,PAZDOM,0.8650250004530954
KEDJEL,CEJXEW,0.9993425752267878
KEDJEL,DUGDUG,0.9455451936685269
KEDJEL,AYOZOF,0.9367190025512236
KEDJEL,WOJYUR,0.9324616267091392
KEDJEL,XADDAJ01,0.9306122541810596
KEDJEL,XADDAJ,0.9301503843074256
KEDJEL,TORPUN,0.8650899631454652
TECTUS,RUFMUA,0.9999285460958056
TECTUS,DIQGUH,0.8737025144721351
RUFMUA,ECEDEY,0.9079286028298468
GUWHEM01,GUWHEM,0.9999995345615484
HAZGOF07,HAZGOF06,0.9999981463338248
HAZGOF07,HAZGOF04,0.999997471043963
HAZGOF07,CAVMUJ02,0.998899586407106
YUKDEN,YEJXUI,0.8876775364064011
NIFNOI,NIFTAA,0.9999981484945376
NIFNOI,TUDJEI,0.9999972835990452
NIFNOI,NIFQOL,0.9999427391187848
VOKKIP,VOKKIP02,0.9999315602585622
VODNOS,VEDFER,0.999959047877348
VODNOS,JODGIU,0.9229877082970692
VODNOS,CAXZOS,0.9229359344398296
VEDFER,OJOBAS,0.9999220739712702
VEDFER,CAXZOS,0.9231718347634604
VEDFER,JODGIU,0.9231494611978468
BEWCUD,WAWGOQ,0.9532549759530616
FAGQAI,NUTQEZ,0.8802974825548419
NIFQOL,NIFTAA,0.999961479909487
HUCXUA,AMIXIE,0.9079169240734128
NUTQEZ,WULJUJ,0.9057680490879852
RUWXEN,RUWWOW,0.999999857698247
KUGQOT,LESWAI,0.8609813525477311
DUGDOA,IBEYAQ,0.9564113710131592
DUGDOA,WOJYOL,0.9422121200921354
DUGDOA,EXUSUN,0.9082207534997896
DUGDOA,WECSAZ01,0.9074029401543272
DUGDOA,YIXFOC03,0.9064580316138078
DUGDOA,DIXGIC,0.8829957367169802
GAFORM11,WIHTAK,0.999975680750104
WEBTUU,IDUWAH,0.8736740827215179
AYOZOF,CEJXEW,0.9413512782313738
AYOZOF,XADDAJ,0.9367981983106012
AYOZOF,XADDAJ01,0.9362649950311198
AYOZOF,WOJYUR,0.9326568377918958
KIKRAA,RAGREY,0.9999101572628124
KIKRAA,ASUKEE01,0.9996477226343504
DAXNIA,YUKVUW04,0.9999631918137204
HAZGOF06,CAVMUJ02,0.9989788340636252
XUJPOI,NUNPAP,0.9999791077568434
XUJPOI,EZOFEF,0.99540904465935
XUJPOI,XOMCIN,0.8610665564771219
NUNPAP,EZOFEF,0.9947730690516104
NUNPAP,LIDSEY,0.8611550492330856
NUNPAP,XOMCIN,0.8609587614227311
RIQVUJ,AMIWOJ,0.8735523525874058
RIQVUJ,GEVXAI01,0.8721718600912558
XADDAJ,WOJYUR,0.9990961681671662
XADDAJ,DUGDUG,0.9453737264765512
XADDAJ,CEJXEW,0.932233406398632
XADDAJ,VITZAB,0.9320486002159484
XADDAJ,NEBYOK,0.8958214033389719
XADDAJ,UPIBOM,0.8818266312051085
OHIHOD,NIGFOZ,0.896918784532009
OHIHOD,UPIBOM,0.884619950556003
UQOWUU,KEYZIZ,0.9996379628051588
POCMEA04,POCMEA03,0.9999974011159478
POCMEA04,INICPB02,0.9999843881420386
POCMEA04,INICPB01,0.9999390390925637
POCMEA04,XILBAW,0.8850431522117783
POCMEA04,LIPZES,0.8846016529978227
POCMEA04,RUBZIY02,0.8837416937165621
NIFTAA,TUDJEI,0.9999999173707552
GITVIP,GIZJUV,0.9952396784639628
IFEPUG01,FUVFUZ,0.999928768918692
IFEPUG01,FUVDEH07,0.9999228747392396
IFEPUG01,FUVDEH05,0.9997988539727044
CUCITD03,CUCITD02,0.999974358954115
WULJUJ,HUCBOX02,0.8965491277019965
WULJUJ,WANJIF,0.8847195304716414
WULJUJ,KIRFOI,0.8667409083848285
PINGIF,QOWLOE,0.99998172573793
FUMJAZ01,XEVXUT,0.9984650033174578
FUMJAZ01,CAXZOS,0.8837517676214202
FUMJAZ01,JODGIU,0.882805065427106
DODLOY,CAKFIF,0.8366420508199606
XADDAJ01,WOJYUR,0.9993472570727644
XADDAJ01,VITZAB,0.9323086197724672
XADDAJ01,NEBYOK,0.8956003638841469
XADDAJ01,UPIBOM,0.8824715589013067
XADDAJ01,TORPUN,0.8658008635574747
YICGUP,COKJIX,0.8637486571528634
YICGUP,VODBEW,0.862347276276237
HAWVAE,QOZXUZ,0.9976346626696276
CIFHIK,RANWAH,0.8257677326099405
LIXMEM,EHAZES,0.8607436800597414
LIXMEM,WECSAZ01,0.8605739641558227
LIXMEM,YIXFOC03,0.8600008893538107
YIXFOC03,YIXFOC,0.9999966031565888
YIXFOC03,NILBUH,0.8332571671631945
YIXFOC03,EHAZES,0.9997293711932028
YIXFOC03,EXUSUN,0.9986241254604888
YIXFOC03,QICXUY,0.8968811246776843
YIXFOC03,DIXGIC,0.8778587616173505
YIXFOC03,RUYVIS,0.8727297405337209
YIXFOC03,SENXAN,0.8693710254963254
YIXFOC03,KAHWOG,0.8607572875787357
YIXFOC03,UHISEK,0.8601943902443181
BOVHEB,LEYLIN,0.9295189884893428
BOVHEB,PEPHID,0.8930488122104121
BOVHEB,GAMFEG,0.8885608460739007
MGFORD02,AMURUX,0.9999748097313595
MGFORD02,NIWZIE01,0.9966417697978488
LUWZUZ,LUWZUZ02,0.9999995766681228
LUWZUZ,LUWZUZ01,0.9999973823740116
LUWZUZ,NERVIP01,0.8828742484716862
LUWZUZ,FEXCAO01,0.871635547647378
TOXMUQ,NIRPOW,0.9999999999775626
TOXMUQ,TOXNEB,0.9999998393994728
TOXMUQ,OTECAT,0.8633196758420861
EHAZES,IBEYAQ,0.9462796495257638
EHAZES,QICXUY,0.8958942489881343
EHAZES,WOJYOL,0.8847790496411745
EHAZES,LUCDAO,0.8809481062585776
EHAZES,SENXER,0.8706226777542916
EHAZES,RUYVIS,0.8701076364426801
EHAZES,KAHWOG,0.8601806380544661
PIQMUZ,RUYVAK,0.9628561360445368
RUZCIA,YAZVAZ,0.9988319309697248
WIDTAF,DELTAQ03,0.9974534148518585
WIDTAF,DELTAQ02,0.9974183883020978
ASUKEE01,ASUKEE,0.9999991907903646
ASUKEE01,OJOQAF02,0.998428434328379
OFOJAX,ERARUM,0.9311892436784802
OFOJAX,UVAHIK,0.930692136780818
OFOJAX,BUNKUS,0.9001585121610438
OFOJAX,GERBEN,0.8972670654626315
OFOJAX,DODBUV,0.8718318108830162
OFOJAX,DITJOH,0.8620592632364051
VELVOY,MECWEX,0.999999999983054
OKIYIR,WUNVAD,0.999998542745647
OKIYIR,SAHYAD02,0.9999966808268916
ZEDVOV,VUWSAJ,0.8849047468610532
SOJKOT07,MAJMOA03,0.999978034202928
SOJKOT07,EDAGEX,0.9976385267081632
SOJKOT07,RAVVIU,0.9970850894012055
HIYZEV01,PUNYIH,0.8952126981347202
HIYZEV01,BETZOR,0.8847934170213655
HIYZEV01,REZFEK,0.8641094149164931
DELTAQ01,DELTAQ02,0.9998082490733068
HUFJID,TAMJEY,0.9985130481748292
HUFJID,GAMSOD,0.8782776182737541
OKIVIO02,WUNVAD,0.9999913118556916
GOVWOF,PUNYIH,0.8608273101594794
KIJVUX,FIXYIX,0.9986334668559502
PASGAU,PEBNER,0.9985356244131758
PASGAU,JAVNIE,0.9979108234230922
PASGAU,BUZKUE,0.9978331779390636
EZOFEF,VEMSUC,0.9956629359248657
FUVDEH05,FUVDEH07,0.9999704399445396
FUVDEH05,FUVDEH08,0.999968872765499
FUVDEH08,FUVFUZ,0.9999999605236124
DITKAT01,DITKAT,0.9999966169379688
DAWCOV,ENISUQ,0.8607180969689969
LUWMEX,APAZOI,0.9999659672850774
LUWMEX,WOJYEB,0.9993043632528475
LUWMEX,FECXAO,0.9479822157291748
FUMJAZ,XEVXUT,0.9983966344620446
FUMJAZ,CAXZOS,0.8836557763577177
FUMJAZ,JODGIU,0.8827037870722454
CUFFIT,VIFPUY03,0.8747100584011811
RUBZIY02,XILBAW,0.999054442816158
RUBZIY02,LIPZES,0.9966013442027616
RUBZIY02,IVOLOW,0.8961199996167553
RUBZIY02,INICPB01,0.8842504108702783
RUBZIY02,INICPB02,0.8839413882883876
RUBZIY02,POCMEA03,0.8838565409787598
RUBZIY02,RUDRUE,0.8707224665344833
JODGIU,OJOBAS,0.922982115881094
JODGIU,LUWZUZ01,0.8823741801336357
JODGIU,LUWZUZ02,0.8822042378832528
JODGIU,XEVXUT,0.8797196255542312
JODGIU,FEXCAO01,0.8693551967301691
XEGREJ,VUKKET,0.9402762781884308
LEPLAV,UHISEK,0.9970486767959056
GAMKUD,NIPHAY,0.996720264444102
TOVJIZ,TOVJEV,0.9077740533598436
EBEWIT,COKJIX,0.8940126354780359
EBEWIT,VODBEW,0.8897659326896781
EBEWIT,AFUDUD,0.8845598689006546
MEFSOI,IGOYOU,0.8499868914660713
LARPOL,WUCRUH,0.9999600895716574
ROFREL,MAGXOK,0.945248735996414
UQEFED,OKAYIK,0.9998096066134586
UQEFED,QUXRIM,0.9988045680007576
UQEFED,DIQGUH,0.8960220418651349
NUDMUW,NUDLOP01,0.999990114860263
NIKZAJ01,NIHBAI01,0.9999935007803986
NIKZAJ01,CAJHUS01,0.9999897103436756
WOJYUR,VITZAB,0.9330116929694304
WOJYUR,CEJXEW,0.9330077067190348
WOJYUR,UPIBOM,0.8853617945293644
KIRFOI,IDUDES,0.8895278358807452
KIRFOI,WANJIF,0.8850517017971473
XILBAW,XAPMUY,0.9469257521095004
XILBAW,SAQCIZ,0.8931499612379096
XILBAW,IVOLOW,0.8930285710741315
XILBAW,POCMEA03,0.8850593151850417
ERARUM,WIZMAV07,0.9999990666881218
ERARUM,GERBEN,0.9554749392297156
ERARUM,BUNKUS,0.9489415762885736
ERARUM,UFOSEQ,0.9469105710691216
ERARUM,DITJOH,0.9225259437728244
GUPBEZ02,GUSPUG,0.9933557814794216
RUYVIS,EXUSUN,0.8660531351637112
WOJYOL,VITYUU,0.933010751685276
WOJYOL,IBEYAQ,0.9265161908812604
WOJYOL,WECSAZ01,0.8850856616868144
WOJYOL,DIXGIC,0.8654083178926267
SENXAN,SENXER,0.9993194981212294
SENXAN,LUCDAO,0.8711026834758443
QEJBIT,WOBHOL,0.8751530434143836
RORLIV,ISITUZ01,0.9981420712921856
ADUWIH,NERVAJ,0.9395885657852734
XAPMUY,HAPZUW,0.8999893177045732
KEPNAX01,KENVOR,0.878754892914456
KEPNAX01,KENVOR01,0.8787291743153391
KEPNAX01,KENVIL02,0.8787044674851807
AVAQAP,HAXYIQ,0.8463987178497697
TORPUN,UPIBOM,0.8740246113176505
TORPUN,NIGFOZ,0.8641256563620857
TORPUN,CEJXEW,0.8640758015896682
CAXZOS,LUWZUZ01,0.8833800607413147
CAXZOS,LUWZUZ02,0.8832494491308787
CAXZOS,XEVXUT,0.8814985265115785
CAXZOS,FEXCAO01,0.87024609177645
WECSAZ01,IBEYAQ,0.9460759066749302
WECSAZ01,QICXUY,0.8961265610987251
WECSAZ01,LUCDAO,0.8813413044385316
WECSAZ01,DIXGIC,0.877411032290463
WECSAZ01,AHONEQ,0.8605474296645419
WECSAZ01,KAHWOG,0.8603368931410146
RAGREY,OJOQAF02,0.9954396559970344
FEXCAO01,LUWZUZ01,0.8717168580645078
WUPTUY01,UFOSEQ,0.904947714219027
WUPTUY01,WIZMAV07,0.863463521136445
WUPTUY01,UVAHIK,0.8633005282250867
UGUQOC,FABFOF,0.9999986503439888
VITYUU,ASUBIB,0.8642332687349514
BEPMEQ,BEPNIV,0.9999999480373836
BEPMEQ,MAWTUC,0.999983394922164
BEPMEQ,BEPPIX,0.9140388470642544
BEPMEQ,KIGCEK,0.9073044088517852
JOFPAX,KAYBAP,0.8899751939245275
KAYBAP,KAYBIX,0.9980614062671956
NIHBAI01,CAJHUS01,0.999999543944896
NIHBAI01,IZAKAX,0.9999365566837264
NIHBAI01,NUDNUW09,0.9968079218362378
DEBBIY,MIMVEJ,0.8848111076050131
UNIDAY,CIFSIW,0.9998588494708348
UNIDAY,VIFPUY03,0.9028437540847424
FECXAO,APAZOI,0.9479226665662348
FECXAO,WOJYEB,0.9474172376589308
POCMEA03,INICPB02,0.999991807865584
UHOGEF,MOXNIY,0.9985829094215752
WIVGAK,WEWFIQ,0.9997919191091216
VONCOS,VONBUX,0.9977305536388564
VONCOS,YEJXUI,0.901738487967224
EVUVUN,EVUWIC,0.9965525529657022
QOPCEE,QOPCII,0.999985883343939
LUWZUZ01,LUWZUZ02,0.999997397797251
LUWZUZ01,NERVIP01,0.8830224622811638
WOBHOL,FABFOF,0.8726292832033273
COKJIX,VODBEW,0.9990528976617592
WURKEB,POVVEC,0.8012652705641449
INICPB02,INICPB01,0.99997111172723
INICPB02,LIPZES,0.8844586655357194
IXODUV,IXOFUX,0.9999998626958616
IXODUV,IXOFUX01,0.9999998301875174
IXODUV,ALOVEC,0.9960281055306625
XOJLAK,WEBVAC,0.9048644482888752
CEJFOO,NERVIP01,0.99858837841226
VITZAB,UPIBOM,0.9453628759142624
VITZAB,NEBYOK,0.900954159364941
VITZAB,YENZEZ,0.8626072467693344
UFOSEQ,UVAHIK,0.9470033449749684
UFOSEQ,WIZMAV07,0.9469432384055334
UFOSEQ,GERBEN,0.9059082925062548
UFOSEQ,DITJOH,0.877859314596983
RBTCNQ12,RBTCNQ13,0.9999357781788188
UREVIY,WUZKUY,0.9999548577159272
QUPZAE,HADMOR,0.8329925113409693
IMIDZB01,IMIDZB07,0.997322398148402
EKUNON02,BERQAS,0.8156186750257821
EKUNON02,JUYJIY,0.8817848532663761
EKUNON02,MALWUU,0.8634899315694242
COCMOY,BAZJET,0.8799415338895132
BAZJET,MIVFOO,0.8948867917053556
GAMFEG,ROSKOB,0.8821092803299071
GAMFEG,SAQFUM,0.8723294286990027
VAYFAE,JUYJIY,0.8967949956544561
CIFSIW,VIFPUY03,0.9042908347472712
GERBEN,DITJOH,0.8843038593391068
REZXEA,IZEPEJ,0.9914196815347684
UNINUC,UNINIQ,0.9999988838949008
BUZKUE,PEBNER,0.9999311200648268
BUZKUE,JAVNIE,0.9998478846037988
BUNKUS,UVAHIK,0.9484336413926642
BUNKUS,DITJOH,0.876985567941265
VESBIG,VESBIG01,0.9996472447084565
QICXUY,EXUSUN,0.8938892557750533
QICXUY,IBEYAQ,0.8803036561883986
EYULAM,XUMNAW,0.8877612135885184
GEVXAI01,AFOJIO,0.9996075259155436
GEVXAI01,AMIWOJ,0.995158466430456
AMIWOJ,AFOJIO,0.997490881374784
DIXGIC,IBEYAQ,0.9193083440731484
DIXGIC,EXUSUN,0.8757231945365918
TAJQEC,COQMAX,0.9996890132821716
DOJXIK,LESWAI,0.8635718584761487
INOMOP,INOMIJ,0.998585237546918
KENVOR,KENVOR01,0.999997519892002
KENVOR,KENTEF05,0.9999947449912246
SENXER,EXUSUN,0.8677257908447176
GAWMOI,MOZFIR,0.9105365712222088
XISDOU,AYOZIZ,0.9870191851828396
XISDOU,UMIZEX,0.9693322337518484
XISDOU,IBEYEU,0.9532967756590524
XISDOU,AFUDUD,0.9474001354233824
CUQKOQ,WIVKIX,0.8698779140404155
CEJXEW,CUJCIV,0.8622571520825614
OCUQIO02,OCUQIO,0.999999798326144
OCUQIO02,MAGNEQ01,0.9999459042153732
OCUQIO02,MACUFR04,0.999936994371174
OCUQIO02,MACUFR06,0.9998311280800528
OCUQIO02,ROLCEC11,0.9978109118512316
QIKZIW,AMIXIE,0.8992912673214091
RAVVIU,EDAGEX,0.9999706319780431
RAVVIU,DADTUY,0.9985464514080248
RAVVIU,MAJMOA03,0.9965592328265368
LARPEB,POJTOY,0.864412670500081
LARPEB,VAGVAC,0.8642473773728472
LARPEB,SETRAM,0.8617073330749098
UNIRUF01,UNIRUF05,0.999683084094084
UNIRUF05,UNIRUF04,0.9999406396688932
UNIRUF05,UNIRUF11,0.9994433851113912
UNIRUF05,NIRCUO,0.9988846372250972
DOJTON,YURCOF,0.9005773088350844
XOMCIN,LIDSEY,0.9998432364344616
XOMCIN,VEMSUC,0.8610992899407219
KOLPIL,JOSTIU,0.8426663846286386
VAHWOS,VEMMAC,0.9999411718451244
KEDJAG09,XULFOA,0.8643763586654746
HAZPIJ,HAZPAB,0.9997149573971216
OCUQIO,MACUFR04,0.999934512915058
OCUQIO,MACUFR06,0.9998281918634928
OCUQIO,ROLCEC11,0.9977969101142948
PEQTOV,EMEYOK02,0.9999362934317304
ATIKIX,ALUJUN,0.9995902145212404
VIRJEM,PADJOU01,0.999998794471739
LIDSEY,CAXZUY,0.9084446826277895
LIDSEY,VEMSUC,0.861133582857806
IXOFUX01,IXOFUX,0.9999999973919438
TAFBEJ,TAFBIN,0.999168318504776
OBAHOR,OBAHUX,0.9999884702358308
SOWWUY,SOWYOU,0.9998366407049424
JAVNIE,PEBNER,0.9998152756222256
UHISEK,AHONEQ,0.9995329671402758
DITJOH,UVAHIK,0.922559098145627
DITJOH,WIZMAV07,0.922538821116012
VIHHEA,GUXQEV,0.9960080493618132
MACUFR06,MACUFR04,0.9999736007342436
MACUFR06,ROLCEC11,0.9988507430204276
MAJMOA04,MAJMOA03,0.9999987477055164
JEGJUD,NUDLOP01,0.8871935691553652
NIRPOW,TOXNEB,0.9999998431713734
NIRPOW,OTECAT,0.8633192717991155
KUNTAQ02,CEMLOY,0.9078677762125432
KUNTAQ02,SABWAU,0.9999689276795406
KUNTAQ02,OTECAT,0.9066935084524196
QAMVEH,SEQWOC,0.9564345359997246
QAMVEH,JIYTAP,0.8687624551260639
YUKVUW04,YUKVUW07,0.9999991924239566
DAZMID,OTECAT,0.862976539823753
PUNYIH,UVETUL,0.8609503697231478
HAFVOB,DIQGUH,0.9066692155329644
HAFVOB,LIWYUM,0.8618308604357223
WULBEM,KIYZID02,0.8081993493900064
TAMJEY,HUFHUN,0.9999860973788276
TAMJEY,GAMSOD,0.879624961927862
VABKEP,VABJUE,0.999636933873936
HAPZUW,ACAFAO,0.999831699858611
YUBMIS,XEZVIJ,0.9984920832913816
IMIDZB02,IMIDZB08,0.999999808388168
HELNAQ,VALVAI,0.999991521921778
HELNAQ,MAPGOC,0.998988996089568
HELNAQ,BICPUA,0.9065548628447484
GATHAL,HAZGOF04,0.999999317590246
GATHAL,CAVMUJ02,0.9989982552144672
VALVAI,MAPGOC,0.9991596718309866
VALVAI,BICPUA,0.9067826939215734
VALVAI,LAVTUZ,0.8696818462516879
YOSLIB03,NATXOW,0.9147504960117464
IZAKAX,CAJHUS01,0.9999253535443636
DIQGUH,OKAYIK,0.8964308503539636
DIQGUH,CAVLIW,0.8858944756464151
DIQGUH,SIJYEQ,0.8628625813206238
PIRMOU01,PIRMOU,0.9997598544212352
POJTOY,SETQOZ,0.9999120224612844
POJTOY,SADMUH,0.9998808554566796
POJTOY,SETRAM,0.999842408150658
UHEBOA,RUDRUE,0.8870803188832393
UPIBOM,NIGFOZ,0.987008798381414
UPIBOM,YENZEZ,0.8995571124133933
COZGED,ORAWEL,0.9998353042071568
UKACIU,SIVGAH,0.9957294340457992
KENVIL02,KENTEF05,0.999999653290286
IBEYAQ,EXUSUN,0.9471124893025578
NIRGAY,NEDVOJ,0.8518441464144719
NOCKOG,UYEBOR,0.8253419040155486
DITYEM02,BUHFER,0.9955165496171564
YEKQOW,VUKSIF,0.9948647440152968
LUFNAC,TUTJAU,0.9996837163030536
KUHNEI,UGECEO01,0.9958199488294844
WIZMAV07,UVAHIK,0.9999962236902706
SEQWOC,FOFDAH,0.9138441828800752
SEQWOC,JIYTAP,0.9039571830225857
DURGAY01,VITLOZ01,0.8982240948742408
AHONEQ,KAHWOG,0.9999718819017104
MAGVOG29,MAGVOG32,0.9999983785629244
MAGVOG29,MAGVOG13,0.9999979048298908
AHOKIR01,POVVUS,0.8885339081120822
DAXDUE,WISCOS,0.8194346585042328
POJTOY01,VAGVAC,0.9999977651628356
POJTOY01,SETQOZ,0.9999492360987108
POJTOY01,SADMUH,0.9999250049046208
DADVAG,DADVAG05,0.9999967751977938
CEHXIY,RANZAH,0.9975533969818356
CEHXIY,RUPTED,0.9945009671600064
RUPTED,RANZAH,0.998914265716275
AFOVAT,ATIJOC,0.9464318119905144
PAZDOM,TEPWOD,0.9472072721261512
KEPFIX,KENVOR01,0.9117647030646976
EMEYOK02,IRISAD,0.9996427386831356
EXUSUN,LUCDAO,0.877879128564187
GAGSIT,IFIPIZ,0.9956343959126392
TEPWOD,GEDPAJ,0.8446647501720785
MAGVOG31,MAGVOG32,0.9999998680656894
EQUCUO12,EQUCUO02,0.9999995700007248
QQQDHD01,HISFUM,0.8891015338892146
YAZYUU,CECVAI,0.8814350475249602
RUWWOW01,RUWWOW,0.999999732548476
XEHDOG,XEHDUM,0.99950440782652
COVRUC,UKAZAJ,0.855590782156973
DANZEX,KURHIQ,0.9936469071418768
DANZEX,JAKBUV,0.9995513226564592
MNMLTH,SENNOP,0.9967076717816596
BUHFER,GAXROO,0.9999964073837346
AYOZIZ,UMIZEX,0.9723755587671312
AYOZIZ,HOGQIF,0.8622913614005563
DEHFUR,XACFAJ,0.999996624710952
ODELOZ,OFIVAA,0.9107892907380636
RASKIH,WAMRIN01,0.8292929871066087
XICYIT,XICNOO01,0.998027636526872
UMIZEX,AFUDUD,0.9728297837048788
HOGQIF,IBEYEU,0.8813635534650102
BOBTOC,BOGXIF02,0.9998678174994594
BOBTOC,OGULUY,0.9911311720503544
HELFAI,HAWDIU,0.9233039440287516
AYABAD,COYTIU,0.8422660243060178
JACJON,LAJDUV03,0.9843779163681944
MAWTUC,BEPNIV,0.9999851785491334
MAWTUC,BEPPIX,0.9140279370769112
MAWTUC,BEPNER,0.911700965903043
MAWTUC,KIGCEK,0.9072997005445196
BUVYIB,WOBMIL02,0.8280095023942711
JUKXIW,ICAWUF,0.9772714496966304
EROJUS02,EROJUS06,0.9999909343314908
LOQLIN,HUGLUS,0.8583400289352805
CESYEF,GEWROS,0.862275620577414
RICHIV,RICHAN,0.9982011081265286
HIQKEZ,IZUKEV,0.9999313965729966
ASUBIB,ZECBOB,0.892763599972578
SETQOZ,SADMUH,0.9999976390560424
SETQOZ,SETRAM,0.9999899238270968
MAGVOG13,MAGVOG32,0.999994704132876
LIPZES,RUDRUE,0.8749491154832717
COXHON,SAHBEJ,0.998229217431708
PAMHES,SUHBAA,0.8160815802006026
HAJVUM02,RUGJUA,0.9996229160464768
TAKTOR,YAYRAT,0.9466864679773728
XAMDOF,OMICOD,0.8725705287668402
SEQJOQ,HIQKOJ,0.9028115019566858
IYOVOI,HAWVEI,0.9998315060910776
HAZGOF04,CAVMUJ02,0.9989989132325424
SOGXET,ILIFUE,0.9000050872958356
FUFRII,YUSVAK,0.8654758962382192
PACZUQ,ALALUU,0.8093327750746475
OGULUY,BOGXIF02,0.9901602054991736
TOHRUF,TOHRUF01,0.9999997468247596
MAGNEQ01,MACUFR04,0.9999992164111378
MAGNEQ01,ROLCEC11,0.9984407525964551
KEYZOF,TORXAB,0.997776265069974
EDAGEX,DADTUY,0.9989291064813368
AVUKUY,AVULAF,0.999999195084524
VITLOZ01,VITLOZ,0.9999931952255162
EQUCUO02,EQUCUO01,0.9999999878570192
FASFUD,PUFNUB,0.9999999845956086
UQUTUX01,UQUTUX,0.9998438347388058
LECHUX,EPOXAJ,0.996811583732199
UFEVIL,NICZAA01,0.9003584444308941
VOGTER,QIWPET,0.8716760755264801
IMISON,IMISED,0.9890230872584154
BAFQUW,NATREH,0.8174770635604958
MEGNUJ,NATREH,0.8143630707116483
BEPPIX,BEPNER,0.997324748078793
BEPPIX,KIGCEK,0.9426818592107492
BEPPIX,BEPPAP,0.9140389652059652
SAQSAF02,SAQSAF01,0.9999837097961704
AFUDUD,IBEYEU,0.9320018513752232
WILGOO,WILGEE,0.9938333465668938
OKAYIK,QUXRIM,0.9990063757818954
PTRPHT02,ZEFNIH01,0.9993899421925196
PTRPHT02,KIYZID,0.9063173480793728
PTRPHT02,KIYZID03,0.9062308807786446
PTRPHT02,HISGAT,0.892468609607669
PTRPHT02,DUYTUN,0.8745089037227051
JUQVAU,JUQTOG,0.999999110094372
NATREH,UTONEX,0.8634759853172749
NATREH,UTONAT,0.8620950985325
UTONEX,ATIJUI,0.863369331044559
MESBAN,DEKPEP,0.9999508359136868
ROLCEC11,MACUFR04,0.9984895120148378
PEFRID,HIPMAW,0.9977098608299056
CICSOW01,CICSOW02,0.9999958946477062
IDAXIW01,QOTFAH,0.9999734658576034
UBUMOW,WAYWUR,0.9987148516393096
CAYDOX06,CAYFAL,0.9957224622371252
UXACAY,PIZPIX01,0.901905725102697
SAQQOR,ALUJUN,0.9378490440460552
SAQQOR,REDMUL,0.9225083260999294
UNIRUF04,UNIRUF11,0.9990677360188036
UNIRUF04,NIRCUO,0.9983485067288128
MAWBUK,MAWCEV,0.9999923578521666
YOSLIB02,NATXOW,0.9147406388589412
SIVTAU,SIVSOH,0.999573432684276
WOBBOG,CIPMUL,0.9994353201104405
NAOXAL07,NAOXAL09,0.9957048530925084
NAOXAL07,NAOXAL11,0.9951627864760448
VUNNEZ,VUNNID,0.9944492740997128
REGJIW02,QATPUX01,0.99998220337207
HUFJAV,HUFHUN,0.9992033636940162
YUSWIU,QUZVEO,0.9988541101677256
VESBUS,VESBUS01,0.9980136074197434
VASFUT,DUDMEV,0.9999520527429174
ERUVEU,ESANET,0.999589215432894
FITFIA01,FITFEW,0.9993608106572826
ECORIX,ECEYUH,0.8749618895000011
NAJGAH,EJIDUW01,0.9786953441576768
YEJXUI,VONBUX,0.9035686896474844
INOBOD,YIQVOL,0.9447124024157876
COWMEH,UDISAD,0.8229391175566316
HOWPOA,HOWPEQ,0.999171039808343
JAMLEP,LIFWUT,0.9987825073654852
ROSKIV,ROSKOB,0.9035071348218062
SAQCIZ,IVOLOW,0.9999989896945484
GITTOT01,VONQOG,0.8311377846277617
UMAROR,SEKXUE,0.8774695135410829
KEQMAX03,BASHEJ,0.9987619868006236
KEQMAX03,MAKROG,0.9998302999035148
VUNMOI,VUNNID,0.9989279410176686
DUWGEJ,MALWUU,0.8713780978250536
XUDYEB,XUDYAX,0.9999980116626244
VOYWUB,QETSOY,0.8629125834940855
VOYWUB,VIDXOX,0.8625834302546043
UZATAR,QETSOY,0.9973603832669392
TEDWIL08,TEDWIL03,0.9999987417837852
YESXUS,YESYED,0.9999786054674216
ROSKOB,LEYLIN,0.8675924858539041
HAJXOI,HAJXIC,0.999977752668005
NAHQEU,NAHQAQ,0.9998813198787456
AVIPOL,NABMUA01,0.9827182003992072
TEBDAI,TEBDEM,0.9999999243607112
REZXIE01,YOXZOC,0.999544285335482
WUXZAS,WUXYIZ,0.970114783775516
BEPNER,KIGCEK,0.940085179374684
KENVOR01,KENTEF05,0.9999994850354248
HIXWIU,REGLOG,0.9953270892087742
CUGQUR,QUMGAI,0.9107203200670816
CIHFUU,WINJOS,0.9525123134607304
ROGRUB,ROGRAH,0.9981888176929188
NETHOJ,WADDIR,0.9819776909024528
XAHZAI,XIJXAS,0.9999067548674349
GAKSOB,VOZHEX,0.8186881484589182
REDMUL,ALUJUN,0.8701091137625568
IDINER,ATEYUV,0.9888362876766088
IDINER,SAQQEH,0.9444541843317804
SAQQEH,RISXAT01,0.9439546821732332
SAQQEH,ATEYUV,0.956286101095819
KOSGUW,KOTDOO,0.9999957143337266
FADDAS,EBIBAV,0.8452789018980839
ZAGHAT,DUJQUW,0.8078254738042822
QUNMOC,QUNMUI,0.99958178329916
FOHCAH,LICSUM,0.8052517067470496
XULFOA,KEDJAG29,0.8640869494103615
QOVXEG01,QOVXIK,0.9999863417717962
MINKUR,MINKOL,0.9998583183760664
EXUHUC,VIBYIQ,0.8906723263816738
OFIVAA,OCUPUY,0.934897729864838
LORGAA04,LORGAA05,0.9999998438334486
NARTUX,EBEZAO,0.8175123449956123
HOZWOK,GAYFUJ,0.8278673187510259
XATNIP01,XATNIP,0.9994400060874052
LIVWUK02,LIVWUK04,0.999999647020712
MIHHIU,MIHHUG,0.9999678202900985
ULAXUB,GAMTEU,0.9134911140240204
AFIXAO,EQOBUH,0.9981134364046912
JEBYAT,IKUTIT,0.8754827400256895
KEDJAG29,KIRFIA,0.9999998813968968
GIZJOP,SIWJAM,0.9996797881106632
ALICII,KELJIV,0.9998355952589518
MUWQEB,TEYMAO,0.997722593007648
KOTBIG,KOSFOP,0.9999941590334644
FAPYEA04,FAPYEA10,0.9999968270079542
FAPYEA04,FAPYEA05,0.9999966212163814
VOKMUF,VOKNEQ,0.9607241697737066
YOLXAA,XILXOH,0.97361140012912
XAFBEN,QETZAT,0.8965582163986693
WUZQOZ,DIXNUV01,0.9999423303470094
VABJUE,VABJIS,0.9986745942580284
NUHDIE,TIDWIO,0.8489544626317603
VODLEG,VODLEG01,0.9956904264554752
PUDTAK,MUDLIH,0.9999943067649876
XIGYOE,XAHROQ,0.9997929674136272
BEPPAP,BEPNIV,0.999999980524821
CIGFAB,HAWVUY,0.9962238862507342
MEGVUQ,SIBJAP,0.999674647880848
SADZUV,SAFBAF,0.8914112161722733
JEKRAT,CEBGAS,0.9999773929320652
GAMSOD,HUFHUN,0.8795974857165142
VEXYOM,QANYAG01,0.9993086088256748
MAPFIS,XEDLUN01,0.9154119562100698
NAOXAL11,NAOXAL09,0.9999837500268066
RAPFOG,RAPFUM,0.8542091479704133
GIKBEK,LAHYOL,0.9981046037334348
CAYDUD,CAYFAL,0.9957246963483996
SAKFAO,SAJLEX,0.999670698367547
EXOWUL,JADRUC,0.8990275361323855
PUWVOT,PUWVEJ,0.9999996699660196
IPABIL01,IPABIL,0.9999973569208644
YEBLAT,KIDVIE,0.9984243938849868
DAPGUW01,MAQJEW,0.9973482318291902
JADLOP01,JADLOP02,0.9999999646906176
XUHJEQ,XUHJEQ01,0.999999216590634
VIDXOX,QETSOY,0.9999817882781876
VIDXOX,ETEKEU,0.8678506142301352
MARLUP,MARMIE,0.9957378986380174
LEZTIW,VAYDEG,0.8742298179320197
WAPYUJ,DUZNIX,0.9506863664696688
LUSQOH,FIWJIG,0.9984254102888532
KEHWAY,KEHWEC,0.9998900919352166
GECRAI,OCUPUY,0.9402917452456238
JITQEJ,LIRTUC,0.9953124298431516
KIYZID,KIYZID02,0.9999988558498228
KIYZID,KIYZID03,0.9999979649899742
SUQHUJ,SUQJEV,0.9999924711609272
VEQBID,FAYXEJ02,0.8227141734287685
KIYMEM01,KIYMEM,0.9999993176801696
OQIJUU,OQIJOO,0.9999669763113704
LEBZIE,WIHSEN,0.9999929065235504
JABYUH01,JABYUH,0.9998536905513052
XUMNAW,CUSQOX,0.9112381473816006
FOBYAX,RAKZEI,0.999281284261418
METJIH,PAXPAI,0.9021956331342498
FAGMOS,FAGMEI,0.9998761582583288
OPUFAH01,OPUFAH,0.9999686991377296
KEHGAH,ILUFEB,0.8508993340867427
FECZIY,WIKHAC,0.818079789961792
HAWWAF,RATSAI,0.9981173721131642
PESSUD01,PESSUD02,0.9999810386872872
PUFWIX,XUMVAE,0.8433030446174798
DONKUO,ZASTUK,0.8061406845072294
RIQFAB,PEBGIP,0.8849783301178243
HIQKOJ,HEBLOR,0.8608135184487888
HIQKOJ,VANNIK,0.9021855180561694
ULEGOH,HIHQOE02,0.8109269215483385
WILNEL,WILNEL02,0.9999970612383222
IGOCUD,IGOCOX,0.9999521242951068
OKINIG,HOYCEF,0.8499418257596603
RIFQIG01,RIFQIG,0.9999922433726786
ETUFOQ,UZOBER,0.8619799040893961
CIGNAI,CIGNEM,0.9989715120319348
RAKPAV,RAKPEZ,0.9982921337864682
PUZBAO,FOTPEJ,0.8917566835069618
TEFWOR,UDANEV,0.9970294708597024
IJASES,DARFOT,0.8958229028769863
YEHDAS,VOCTOW,0.8078558619623465
TEQPEM,NIBPUM,0.802764957866502
XAGQUT,CODQUJ,0.908344359344246
XIGYIY,JAWXEN,0.999996472280592
SOTMUK01,CUGYEK,0.9961780281356672
YOMNUL10,YOMNUL02,0.999999813310877
QOZYUA01,QOZYUA03,0.9999990582985944
LUMQOB,KEYFUR,0.8760022340595032
KARPOI01,KARPOI,0.999999494486752
DEBNUU,CISMAT01,0.8215595674304712
ETEBOV,QEPNOR,0.884537078732542
UDESIG01,UDESIG,0.9999904842640296
ROYTIK,ROYRII,0.9895928438975068
DAMYIC,DAMYIC01,0.999999893620991
PESTAK01,KOSGAC,0.9999915199357464
SICDAL,YAYRAT,0.8749372041157231
LORFED02,LORFED01,0.9999999999151432
MOXNUK,NOFDUI,0.9999998849923778
KEHDOS,WEJWAL,0.9985244606329564
FIYSAK,MILQIJ,0.8111188251060558
SOWXAF,SOWXEJ,0.978681063808484
XUKKET,XUKKET01,0.9999999839771692
NAVYOA,WUYSUG,0.8651119358069366
SEZCOS,SEZCIM,0.9999272494332696
LICDOX02,LICDOX01,0.9999913187773776
KOTBUS,KOTBOM,0.9999992368476
IYUQAV,IYUQID,0.9979502084496054
KUHRAI,RAYJOT,0.8576610480999289
QQQDSD01,ZAXLUH,0.99999899423401
XESKAJ,XESKEN,0.9999987286028496
TOWXEK,TOXHAR,0.9999907177251752
GIXVOZ,ULUCUZ,0.999478107409172
CEVKET,MIGMEU,0.9983294966545436
MESNML,LALGIQ,0.99948117733901
XUJDAI02,LARVIL,0.9070289048062372
MEYDUP,REXBED,0.9974008753251862
KIYZID03,KIYZID02,0.9999947694131434
CUYDEG,QUCPEK,0.8088166411013984
ULAZAJ,ECUDAI,0.9120515488032672
QOVDAH,QOVDEL,0.9999981462474732
KULRIT,UDISUX,0.8298385937453376
DAHPAE,YEBKUM,0.9999995935320748
UDEPIE,IGOWUY,0.8376034970074135
TAVSER,TAVDEC,0.9894894062308895
WEYDEM,PEQLAZ,0.997676074582263
JERXAI,MUTGUD,0.9990364322316664
XIVLOE,XIVLUK,0.9999948214671964
LAQKAP,LAQJUI,0.9995511252939342
DOCHIN,TARQEJ,0.8322748197340024
EBEZUI,EBEZOC,0.9991310755316948
JEHCUX,XEGQUW,0.8069657696393386
VIXGEQ,VIXGAM,0.9998767549926728
PEMGAR,PEMGEV,0.9999729683497764
DEKZIE,DEKZOK,0.999794721195349
FEVFUJ,EWOBEZ,0.9999850653842456
UXABUR,ZAFXAI,0.8983115438956504
HUSPOB,HUSPUH,0.9243254181150248
CUGSUT,CUGSON,0.999386073534579
CODQOD,HURQUG,0.8061257951392425
EFORUO,EFOREY,0.8448029510853207
MAXGOJ,GUTPES,0.8695904109944548
OFUCEZ,TEHMOJ,0.9905377164913204
IXEDUK,YUNXAI,0.9999927945226132
VAMHUM,JALTUL,0.998525518218682
PIBZUY,PICBAH,0.9999621885265476
GOJFAN,GOJDUF,0.9998204077861508
SOVWUX,SOVWOR,0.9998508842062556
CDCACD,CDCACD01,0.9999202261729256
HIHFOV,HUYXOP,0.8360882207033463
HOPMOQ,NAHQUK,0.8575189910894292
FAKMAH,FAKLIO,0.9899587827140311
NUYNEC,NUYNAY,0.9999130393954112
HIFZEC,HIFZUS,0.9998582312618354
YOYZUJ,WIWHOB,0.9979187081623844
PUNSIB,PUNSUN,0.99933440287606
XUNJOG,XUNJIA,0.9998229619455984
MAWWAK05,MAWWAK08,0.998362611962915
WAPZEU,DUZNUJ,0.9506046123709816
XOWTAF,XOWSUY,0.9996225727929308
HEPLUM,HEPLIA,0.9999541323810112
SOGSAJ01,SOGSAJ,0.999914400926351
ECUDEM,YUWKIL,0.8997958145150841
EBUKOD,EBUJUI,0.9997457355484908
XORDAJ01,XORDAJ,0.9999359433428894
IFEKUA,IFEKOU,0.999869849280342
TIYMEU,OGIJIY,0.9914417308329156
HEFSUJ,KELFUF,0.9994385103363822
CUIMDZ03,CUIMDZ01,0.9923866322385442
LACYOE,LACYUK,0.9997150460173316
XEJVOZ,XEJVEP,0.9928860923901928
EVAKOB,IXISAJ,0.9893670314195984
TACPIX,TACPET,0.9999999763341548
HEJQEV,HEJREW,0.9999999618387392
YIQBEF01,YIQBEF,0.999977328535415
EMIGUD,EMIHAK,0.8639443461726456
MUPTAU01,YOGVEX,0.9999865836422008
XELHUS,HAWZEK01,0.9972783794510124
TUHSOG,RUPRUQ,0.8058747756569602
KOTRIW,CAFJIF,0.9992825975426288
TOJVUJ,VADQAS,0.9499396124331316
YUJNIB,YUJNOH,0.9985668159103044
MISKUV,VIWPAT,0.999997278768002
XOVBIV01,XOVBIV,0.8978979284169162
WEMDAV,SIYGIT,0.8091695562018812
JORQOY,YEYVII,0.997777646302911
MUYKOH,VARWUI,0.8199212135133718
KETSEI,ETUSUI,0.8998028473989533
MESGIB,MESGEX,0.9984866156634324
IWOSET,IWOSAP,0.9987457257361926
GUPBOJ03,GUPBUP,0.9998313418328032
MAXDUM01,MAXDUM,0.9999327291980424
POBGAQ01,POBGOE02,0.9999997714641582
SISWUO,FAKLOU,0.9996934337107964
TEYREW01,TEYREW,0.999994573321566
CUPMAC,HONBES,0.9999996144666028
MICDIL,MEKVAA,0.9983481657493468
MODWUX01,MOLTEN,0.8814151851401644
XUMVIM,XITDEL,0.999384488560903
FAMHAE,FECYIX,0.9999994106141528
CEXWIM,HUPTIV,0.8576524833839039
UGIXOZ,KITZAR,0.8979386770185686
PONRUH,QACCOO,0.986583725956476
KEKMOF,KEKLEU,0.9979015141713724
CETNUL,REVYUO,0.999971556495616
COWMIL,UDITEI,0.821211558649861
IPUSER,RAKYIL,0.8186089999580752
XOCROY,CAXTEC,0.8686444660739338
EJOPEZ,KABSAJ,0.9999814728300284
JIVHIG,JIVHOM,0.9925629079920656
DIBJIJ,FASGAK,0.999637259531653
YAVMIT,XEDPIH,0.9978682639374798
JOBKUI,MUTDEM,0.8193292963653478
CAFORM13,CAFORM,0.9997921467155944
XISTIE,OKIPEE,0.856104582435258
QIHLIF,FANDEG,0.8038184073074923
YINRIZ,MAXFOI,0.9506796179484092
XEGQEG01,XEGQEG,0.9999984820350604
NAFUMA13,NAFUMA14,0.9999989866523332
VUNBOW,JEHTOG,0.9866158780590328
RABVOF03,RABVOF,0.99940504161029
PUWCUF,FIJFAG,0.9990736418806268
RIBZOS,WADDUD,0.999932480889134
IVIPEK,HUFLIF,0.999208319663166
YEMLOS,XESKUD,0.998249142647776
REKWUB,REKXAI,0.9950719202622322
XANBOE,ENIZEH,0.8959140406911102
WEMBUN,OJONOQ,0.9998171698990044
GEWWIQ,GEWWOW,0.893522045947457
YUGZEG,WIHQEM,0.9999999437073536
HUBHAO,HUWWEC,0.9989529789911956
DINTID,DINQUM,0.9999883167678628
DAXKIY,DAXKOE,0.9999801441970178
SAQYOZ,YOXKEC,0.8733401424975742
LARNEA,XOPLUL,0.999565637369022
PEJDUF,PEJFAN,0.9970188251488912
CAXVII,SARHEA,0.9999947998733784
XICZAM,XICYOZ,0.9986262117327988
UFIKAX01,UFIKAX,0.9999635150466876
YEYMAQ,YEYMIY,0.9107193172604378
WUWVEQ,ILAMAK,0.808110087690594
YEYBOV,YEYBOV01,0.9998936749180164
CAYBAH01,CAYBAH,0.9999073008918076
FUXCOS,XOPKOD,0.98437013458072
LAVYOX,LAVYOX01,0.9998791058812582
WEMFOL,CAVYUW,0.9919311601037972
PULTAT,DORFIA,0.9975258433496016
KHOXAL03,KHOXAL12,0.9997045364798822
PIRNAH01,PIRNAH,0.9999990358494886
DIKBAB01,KOMJAY,0.995986148093046
RUGJIO,QEMMOL,0.9999943208921488
ESUMOU01,ESUMOU,0.9999885638999794
IFACIB,DUWFEI,0.8166750866404872
KUZHAQ,KUZHEU,0.999797004594583
UVIKOA,UVIKIU,0.9995105793613996
PEGPUO,INOJAX,0.9985876182908736
ENAMIR,HIZFIH,0.9999804224213183
CAKWUI,CAXWUV,0.862185493351908
GIMWAB,GAQYIH,0.999985575622294
SOKWAS01,SOKWAS,0.998504148817629
NUHBIC,NUHBIC01,0.9999974237363528
ILIMUN,ILIMOH,0.999467796203214
MINVUA,MINVUA01,0.9999999469721744
SIVJAI01,SIVJAI,0.9999129580951888
XANZAQ02,XANMUX08,0.8105292534523405
EBEXIU,EBEXIU01,0.9999993503906612
MAKSAT,OHUVIY,0.9979592638000784
LIFKOC,DIPGAK,0.8434111563411965
MAQRAA01,MAQRAA,0.99999750169639
HOZQOD01,HOZQOD,0.9999883830578395
CAKFEB01,CAKFEB,0.9999751495729712
ZATPOC,ZATPIW,0.9991303744188914
QAMJEU,QOGREK,0.9403116235897784
RASXIT,WEMCIC,0.9995392032732244
URUWEL,URUWIP,0.9996391192751592
TUFSEU,TUFSIY,0.9999902323705612
EDAKIE,TELDAP,0.8448580032315007
UDEPOK,WIPJUC,0.9999892857879054
KVIOLD02,KVIOLD01,0.999997297806606
SIRTEV,EHOHOY,0.8499915825551411
JEGWUQ,JEGXAX,0.99979145618236
XUKJEU,YUMVOT,0.9999734939492816
XANMIJ,EJIBOQ,0.8115444403497879
MOXGAI,RAPXEN,0.9173528750965808
FOVPAJ,FOVPEN,0.9970047369468734
WEBKEW,SIGNEC,0.8414762862513135
GUPCUQ01,GUPDEB,0.9997595398531328
HOFXUV,HOFXOP,0.9999975921585752
MELHOB,JOFKIA,0.8362592849978352
FITHIA,FITGUL,0.9984123921864516
EBUTIG,PESTEO,0.9996664644925656
ONAWEG01,EBINUA02,0.9999984837268108
WAPYIX,DUZNET,0.9506671793838024
OLURUI01,TEFWIL,0.8007446507232436
XAHZEM,XAHZEM01,0.9999776145425324
PUWQAA,GUPCUQ,0.999836337072088
TATBUO,VUKPUN,0.9996746654261982
YINRAR,MAXGEZ,0.9494419399800912
QUQSIG,MEYFOL,0.9990840937141136
EJIRUM,EJIROG,0.8892234767969721
NEXRAM,DUVVOH02,0.999994478807398
TILFUQ,TILFUQ01,0.9999986559041631
CEHWIX,CEHWOD,0.99920246100942
UZAROE,REGXOS,0.9999998990719016
VEDRAY,VATXEU,0.9957244965749557
SAHTIF01,SAHTIF,0.9999999957482778
UVIPIZ,SIWGUB,0.8725551841577068
DUCHIS,DUCHIS01,0.9996761329131388
JIGQOI,SEGJOG,0.9999090245434265
VIRJEL,OTARUX,0.8044412436557754
VESBOM01,VESBOM,0.9987501653887116
FEQRIE,FEQQUP,0.9996446949014112
EBUTEC01,EBUTEC,0.9999923490277368
PIRHAB,PIRGOO,0.9999379151772578
MAXFEY,YINQUK,0.9505639518682116
HIDCOM,OKATOJ,0.8674796042649953
GEKQUI01,GEKQUI,0.9999823907324544
YUHMIZ,YUHMUL,0.9998421898589496
TARQAF,XIFXAM,0.9998054856565212
PUHLIP,PUHLEL,0.9995556879890668
ICUDOC,ICUHIA,0.9926258075215736
ECUCAH02,ECUCAH,0.9999998432423388
ERAJEO,ERAJAK,0.999999996213053
OWIVAS,OWITAQ,0.9999999942279756
UJUXOM,IKOQII,0.9996263823618532
XOGGOR,XOGGOR01,0.9999990383589474
JECFOP,JECGUW,0.9989876080485172
ROLZEZ,VUGXOM,0.9999448486278716
MAYYER,MAYXUG,0.9962550294150548
ESIFET,ESIFIX,0.9999828826186684
FITMAW,NOFCAM,0.9000069847445482
FAFJAZ,VUSNUT,0.8332910350613464
CUTCYM01,CUTCYM02,0.99999411990786
WAMJUS,FIXYET,0.990703834113072
SEYFAE,QEKDOA,0.8640930978220736
YIFLUX,YIFKEG,0.9982970064618948
LOSKUA,LOSKUA01,0.9999999920260448
LAPMEU,IJOMAW,0.9994160246905044
VARWOC,SINXET,0.9998455940701346
XEGQOQ,OXIKUD,0.806017247273036
UTEZOK,KERTUZ,0.9140377310256704
EWAWEG01,EWAWEG,0.9995469703427134
FAFMEE,HULCEW,0.9999916002530592
WUWQUB,WUWRAI,0.999994892637109
TOLPEQ,WIKDEB,0.834071860657307
NUVDIS,HOPVIT,0.9999801653969996
EBUTOM,EBUTOM01,0.9993027538132324
WUHXEC,QEMYEM,0.8953587873769675
GIJMOB,GIJMOB01,0.9999570926869472
DAFYAN,DAFYOB,0.9999693007214469
WIFGOJ,WIFGUP,0.984139220217503
WILNIP,WILNIP01,0.9999906315276688
CESPEY,CESPIC,0.9999280736316444
