source,target,weight
KAFPUE,WOHYOH01,0.9918259248006588
KAFPUE,WOHYUN,0.8600133188379179
KAFPUE,IVELUS,0.8394616740450652
NIGNUO,NIGPAW,0.9997405820081856
NIGNUO,DIBQIQ,0.9830615917889248
NIGNUO,AXINIF,0.9763891435416664
NIGNUO,DIBQOW,0.9748324181995592
NIGNUO,MIHJUL,0.9735363137608276
NIGNUO,HELDOT,0.9728452282043636
NIGNUO,XUDVAV,0.9461645056210524
NIGNUO,MOXDOT01,0.9429292560634912
NIGNUO,MOXDOT,0.9428379903939028
NIGNUO,DERBIO,0.940528498591096
NIGNUO,FISQEG,0.940272230141913
NIGNUO,FISQIK,0.9339604286332938
NIGNUO,CIKPEU,0.9105608463192594
NIGNUO,NOMPIQ,0.910500635289655
NIGNUO,NOMPIQ01,0.9103885972808522
NIGNUO,NOMPOW,0.9099369742841156
NIGNUO,BEPRIZ,0.9084282925940173
NIGNUO,ESEQUO,0.9065453964732588
NIGNUO,BUKLOJ,0.90375009501226
NIGNUO,DIDBOJ,0.8732149456763941
NIGNUO,CAQJOW,0.8724398215003506
NIGNUO,HAJYAV,0.872393838375468
NIGNUO,DIDBID,0.8720958126824785
NIGNUO,JODGIU,0.8719998385303227
NIGNUO,DIQHAO,0.871298052308028
NIGNUO,NIDFOX,0.8710973570573936
NIGNUO,FEXCAO01,0.8710193687779046
NIGNUO,ERUNUC,0.8705484155573919
NIGNUO,DIQHAO01,0.8691508507365732
NIGNUO,SIDXOV,0.8680134088233372
NIGNUO,ERUNOW,0.8669724421913761
NIGNUO,XAFFIV,0.862146144232687
NIGNUO,AZIHOI,0.8601702101204323
NIGNUO,FAHQOX,0.8599374100053035
NIGNUO,CAQKAJ01,0.8597124687946367
NIGNUO,FEXCES,0.8553316523298813
NIGNUO,QIQTOB,0.8549843851036302
NIGNUO,FAHQIR,0.8544081728700528
NIGNUO,WEMKEG,0.8539074984411281
NIGNUO,SEQSOY,0.852873793684992
NIGNUO,XALMII,0.8482465732998273
NIGNUO,LUWZUZ,0.8413719955918315
NIGNUO,LUWZUZ01,0.8412451312390329
DOTSOV40,DOTSOV37,0.9999999989090798
DOTSOV40,DOTSOV41,0.99999982538514
ESEDEN,XIHXAP01,0.915324807987418
LUDLAZ,QIZLIW,0.8872837147248475
LUDLAZ,GAVDUD,0.8866642365181319
LUDLAZ,DOTSOV07,0.8865554994688719
LUDLAZ,DOTSOV16,0.8865271315923393
LUDLAZ,DOTSOV08,0.8865271023258067
LUDLAZ,DOTSOV10,0.8865254961807617
LUDLAZ,DOTSOV15,0.8865254953717479
LUDLAZ,DOTSOV42,0.8865044854883113
LUDLAZ,XAMDUM05,0.8862208899967282
LUDLAZ,XAMDUM02,0.8862005973054696
LUDLAZ,XAMDUM04,0.886174198178346
LUDLAZ,WULJUJ,0.8861669539540161
LUDLAZ,LUDLIH,0.8861233145417183
LUDLAZ,RILFEA,0.8860872559897859
LUDLAZ,XAMDUM01,0.886086352712007
LUDLAZ,DIHVIB01,0.8860682490251414
LUDLAZ,YOZMEH,0.8860673848584247
LUDLAZ,XAMDUM06,0.8860356619111663
LUDLAZ,YOZNIM,0.8860110870863602
LUDLAZ,KAJZIH,0.8859816131828736
LUDLAZ,YOZNEI,0.8859245919869444
LUDLAZ,YOZMOR,0.8859159752873575
LUDLAZ,YOZNAE,0.8858935364729329
LUDLAZ,YOZPAG,0.8857279015164595
LUDLAZ,OHOMIH,0.8853994350031928
LUDLAZ,TISPAO,0.8848581047718446
LUDLAZ,QAWHIH01,0.8834188890115746
LUDLAZ,QAWHIH,0.8833352195028397
LUDLAZ,OQIZUL,0.8817044140999255
LUDLAZ,YOZNUY,0.8816774861901179
LUDLAZ,YOZNOS,0.8752833121572734
LUDLAZ,YOZMUX,0.8709135463012062
LUDLAZ,PIDRAY,0.8393760558956413
LUDLAZ,MOCKEV,0.8385436265779056
DUGDOA01,DUGDOA,0.9999628090595192
DUGDOA01,WOJZIG,0.939065721511832
DUGDOA01,EXUSUN,0.9082088711986812
DUGDOA01,WECSAZ,0.9079799177520624
DUGDOA01,YIXFOC03,0.9066633841546912
DUGDOA01,SIKYER,0.9037282026323435
DUGDOA01,EWASIG,0.8642288019589931
DUGDOA01,YABKEU,0.8612934541037287
DUGDOA01,VITYUU,0.8595536241462973
DUGDOA01,NAJSUP,0.8432545568170677
EXUSUN,WECSAZ,0.9998322908987192
EXUSUN,EHAZES,0.9995642286717472
EXUSUN,WECSAZ01,0.9994314693641856
EXUSUN,YIXFOC03,0.9986241254604888
EXUSUN,EHAZAO,0.9961702149511296
EXUSUN,SIKYER,0.9958263057289598
EXUSUN,LARYEK03,0.994647316556229
EXUSUN,IBEYAQ,0.9471124893025578
EXUSUN,DARDIL,0.8940177332329959
EXUSUN,HISSIN,0.8851301533498301
EXUSUN,WOJZIG,0.8788530297803634
EXUSUN,LUCDAO,0.877879128564187
EXUSUN,DIXGIC,0.8757231945365918
EXUSUN,RUYVIS,0.8660531351637112
EXUSUN,SENXAN,0.8628866530804133
EXUSUN,AHONEQ,0.8591591614616001
EXUSUN,KAHWOG,0.8586969470336179
EXUSUN,UHISEK,0.8569383652050724
EXUSUN,ELIKOA,0.854119101034662
EXUSUN,DOLPIF,0.8501305880254323
EXUSUN,QAWREM,0.8384250118498833
SEQSEO01,XUCHOS02,0.8878195981533478
SEQSEO01,XUCHOS01,0.887423689033658
SEQSEO01,EKEKAH,0.8707636048804794
SEQSEO01,TEVVOI,0.8697827390365864
SEQSEO01,BEJKEJ,0.8695949383858749
SEQSEO01,GAWZOW,0.869516161601256
SEQSEO01,TEVVIC,0.8654621509952932
SEQSEO01,TEVVAU,0.8648777161012395
EBEWIT,DIGPER,0.999999991880526
EBEWIT,EBEXAM,0.9999995741242028
EBEWIT,EBEWOZ01,0.9999885654465024
EBEWIT,YENZAV,0.8984112331263484
EBEWIT,RAVDID,0.8943105413762804
EBEWIT,MIRGIG,0.887293855162957
EBEWIT,KEZLIN,0.8863052061546948
EBEWIT,ATIKAP,0.8677757890977965
EBEWIT,INOVEN,0.8577678074569992
EBEWIT,LUWNAU,0.8548204285399073
EBEWIT,ATEYOP,0.8398108385452557
WIDTAF,DELTAQ03,0.9974534148518585
WIDTAF,DELTAQ02,0.9974183883020978
WIDTAF,DELTAQ,0.9974022119049216
WIDTAF,NULSUJ,0.986453004445142
OTAWIR,QOZSIJ,0.9901651664391864
OTAWIR,BABRII,0.8720068076847844
OTAWIR,JENKET,0.8706233687669035
OTAWIR,VOLRAQ,0.8685615016691242
OTAWIR,UYAPOA,0.8682644895971614
OTAWIR,ODUNEH,0.8595883157839602
OTAWIR,PIWLIT,0.859209073123314
OTAWIR,ROZXEL,0.8587698155652482
OTAWIR,BUVNIR,0.8584984787221033
OTAWIR,PUGSER,0.8503420423051591
OTAWIR,VALGAS,0.8440519465200165
UREVIY,WUZKUY,0.9999548577159272
WORKUL,MIMRAB01,0.999855163304156
WORKUL,USAHAZ,0.9978977643759644
WORKUL,IDIXAU,0.996863802077941
WORKUL,DIRPOL,0.9207649386623866
WORKUL,IFABIA,0.8850642958324835
WORKUL,REDROI,0.8850351958084063
WORKUL,VEGMOK03,0.8849686554258301
WORKUL,VEGMOK01,0.8849564376996701
WORKUL,IFABIA01,0.8849246440239731
WORKUL,KOZNEU,0.8848397656210019
WORKUL,VUSKEA,0.8843106289521225
WORKUL,MIBQAR12,0.8842759525417573
WORKUL,MIBQAR01,0.8842376174500068
WORKUL,HOLRAD,0.8842335926021746
WORKUL,LAWFOF,0.8842273110244501
WORKUL,VAZTUM,0.8842237570025335
WORKUL,SAHYIK,0.8842063855514837
WORKUL,FIJCUX,0.8840427722679345
WORKUL,FIJCUX01,0.8839349761696165
WORKUL,NENHEU,0.8693787185111533
WORKUL,WIMWIA,0.863284656529846
WORKUL,SAVMAE,0.860689348059827
WORKUL,AQOROP,0.8585248972292552
WORKUL,XOHNEO,0.8505810952253808
WORKUL,SOSQIC01,0.850352775884776
WORKUL,OFIXOR,0.850065744762327
WORKUL,PERQUB,0.8500388703706762
WORKUL,IJEXIF01,0.8500375274955281
WORKUL,NIWYID,0.8500365481256305
WORKUL,ULISOZ,0.8500084847290699
WORKUL,VEHJUP,0.849937190112548
WORKUL,FUTZEB,0.849546572256218
WORKUL,FUVBAB,0.8491732976714894
WORKUL,NIWYOJ,0.8490942029269689
WORKUL,PEJPEB,0.8489215067827959
WORKUL,ACIBOE,0.8487301753692346
WORKUL,VEHKAW,0.8486468343815043
WORKUL,UNAGOH,0.8485335469716977
WORKUL,KUNLEL,0.8476566989534924
WORKUL,JEDVIA,0.8463407636448914
WORKUL,ODUNEH,0.8444067430840649
WORKUL,PIWLAL,0.8434431808415702
WORKUL,BABRII,0.8429791090804869
WORKUL,HUTZAX01,0.8426220255239574
WORKUL,WUHNUK,0.8424501502687732
WORKUL,RUPVAB,0.8423174364717428
WORKUL,GUGNON,0.842059884446063
WORKUL,JENKET,0.8415057782580144
HURGOR,DERBIO,0.9999903232513792
HURGOR,MOXDOT,0.9999568719403068
HURGOR,MOXDOT01,0.9999514944376648
HURGOR,AXINAX01,0.9564094290024404
HURGOR,DIBQIQ,0.9563838571611878
HURGOR,CIFMAH,0.9556635164062444
HURGOR,AXINIF,0.955463640932788
HURGOR,DIBQOW,0.95511933145638
HURGOR,MIHJUL,0.9548021443063616
HURGOR,HELDOT,0.954622410410241
HURGOR,BUKLOJ,0.9440235018100288
HURGOR,ESEQUO,0.9333349050274472
HURGOR,ERUNOW,0.9223748222649534
HURGOR,JODGIU,0.922118855888711
HURGOR,DIDBEZ,0.9220170013595856
HURGOR,DIDBOJ,0.9219862043487268
HURGOR,DIDBID,0.9219353593850648
HURGOR,XAFFIV,0.9216050588030408
HURGOR,BEPRIZ,0.9030183904795556
HURGOR,NOMPOW,0.902557152355165
HURGOR,NOMPIQ01,0.9023672417054204
HURGOR,WEMKEG,0.8997011446370989
HURGOR,FEXCES,0.8866733775272244
HURGOR,SEQSOY,0.8861899491989909
HURGOR,RUYGAV,0.8854484787609987
HURGOR,CAQKAJ01,0.8852711196888697
HURGOR,TAHYUZ,0.8852486181221424
HURGOR,FEXCAO01,0.8851484693762922
HURGOR,HAJYAV,0.8821448265260013
HURGOR,CAQJOW,0.8821038078569782
HURGOR,XUBKOU,0.875579504117867
HURGOR,LUWZUZ02,0.8749718291161601
HURGOR,FAHQIR,0.8670584370889041
HURGOR,QIQTOB,0.8667248479966281
HURGOR,KOHLIE,0.8651222908822979
HURGOR,CUWNIT,0.8650558740257073
HURGOR,WUHMUJ,0.8650476479549175
HURGOR,VEFMAW,0.8649442184244249
HURGOR,CANROA,0.8649049802507489
HURGOR,USAYOE,0.8626247116263558
HURGOR,ONOCUR,0.8617871382361391
HURGOR,FAHQOX,0.8602234977021903
HURGOR,YATDOP,0.8595684838777317
HURGOR,XALMOO,0.8589535977899958
HURGOR,XALMII,0.8585885666467171
HURGOR,DIQHAO01,0.8544519351319131
HURGOR,OJOBAS,0.8444130053537078
HURGOR,VODNOS,0.8443802034258925
HURGOR,VEDGES,0.8443758258635959
HURGOR,VEDGIW,0.8443728002006304
HURGOR,VEDFIV,0.8443332256891602
HURGOR,VEDFOB,0.8443245096503427
HURGOR,VEDGAO,0.8443073868019835
HURGOR,VEDFAN,0.8442928546157515
HURGOR,VEDFER,0.8442866677411155
HURGOR,BOWDOI,0.844280463771694
HURGOR,BOWDUO,0.8442444693873274
HURGOR,AHETAK,0.8442332190234673
HURGOR,BIPXIK,0.844190936324499
HURGOR,ABAVUV,0.8438346325706526
HURGOR,KEJWAY,0.8436622139318254
HURGOR,ABAVIJ,0.8432843616569219
HURGOR,TATSIS01,0.8430171044002116
HURGOR,TATSIS,0.842843201543914
HURGOR,ERUNIQ,0.8425732645514684
HURGOR,XIHSAJ,0.8425252010369388
HURGOR,XIHSEN01,0.8421796179533335
HURGOR,XIHSAJ01,0.8421685001438776
HURGOR,LASMAV,0.8421237042896342
HURGOR,TONBOO,0.8415986153635973
HURGOR,VASYEW,0.8406605223276968
MOXDEJ,FILYEG,0.9998691730359808
MOXDEJ,XADDUD,0.9998073754565152
MOXDEJ,DAFHEZ,0.9997541917018726
MOXDEJ,COXFOL,0.9991677162276338
MOXDEJ,WIMWEW,0.9987787468746804
MOXDEJ,FILYAC,0.9982874604903388
MOXDEJ,PUNYED,0.8956397807584531
MOXDEJ,ABAYOU,0.8953143047915155
MOXDEJ,JEDVUM,0.8935321149388974
MOXDEJ,FUMJAZ,0.8660954598910526
MOXDEJ,XEVXUT,0.8655078280106132
MOXDEJ,XIHSAJ,0.8636606682365567
MOXDEJ,XIHSEN01,0.8635551338160122
MOXDEJ,TONBOO,0.862823065887982
MOXDEJ,BUKLOJ,0.8602248425843435
MOXDEJ,FEYJOJ,0.8547316338241481
MOXDEJ,GAGWOB,0.8545154400990259
MOXDEJ,ESEQUO,0.8529545207777001
MOXDEJ,KESFOG,0.8491346037425984
MOXDEJ,KESFIA,0.8491303372558139
MOXDEJ,XUZRIU,0.8436526618027964
MOXDEJ,XEVSIB,0.8417371514547691
TIKXAN,CUFDOX,0.9999999959821976
TIKXAN,CUFFIT,0.9999998603056024
TIKXAN,YAMXOC,0.999999701178699
TIKXAN,FEYDET,0.999976606077286
TIKXAN,CUFDUD,0.9996875929868866
TIKXAN,IYUHIU,0.9995632747865664
TIKXAN,PEYVEV,0.988634501221148
TIKXAN,TONKEN,0.94721079561122
TIKXAN,MUQYEE,0.9472077991005168
TIKXAN,OWIHUZ,0.9469586387651155
TIKXAN,HIHNUJ,0.946938792354367
TIKXAN,MURBEI,0.9469247630349344
TIKXAN,OWIJIP,0.9469240004444306
TIKXAN,XINTOG,0.9241562757253752
TIKXAN,TIRFIK,0.8941086502611968
TIKXAN,VACFOV01,0.874781351627895
TIKXAN,VIFPUY02,0.8747263064774502
TIKXAN,VIFPUY05,0.8747250685513879
TIKXAN,VIFPUY03,0.8747220344591256
TIKXAN,LOQLEJ,0.8747216695002514
TIKXAN,VIFPUY04,0.8747185275463907
TIKXAN,VIFPUY01,0.8747182689083803
TIKXAN,TIRFOQ,0.8468424259134014
TIKXAN,GIWMAD,0.8400320702973776
TIKXAN,NEDLOZ,0.8388639763314577
POFFAT,POFDOF,0.9999908803587264
POFFAT,NELCEN,0.9999254271983108
POFFAT,IPINAY,0.9998667209708956
POFFAT,AHEMEG,0.9998434766170986
POFFAT,POFFEX,0.9998272172528004
POFFAT,KAKTIA,0.999358803496532
POFFAT,KAKTIA01,0.9992807419817068
POFFAT,MURREW,0.999266862635107
POFFAT,UFUNAK,0.9989581490232128
POFFAT,POFDIZ,0.998786220312462
POFFAT,QIWQES,0.9985728846063364
POFFAT,UFUMUD01,0.9982270376307912
POFFAT,EGOZAB,0.9981636552551316
POFFAT,BAHGUN01,0.9979441238389244
POFFAT,BAHGUN,0.9979234698445304
POFFAT,QERZUI,0.9978467157028266
POFFAT,BAHGUN04,0.9977470528205136
POFFAT,BAHGUN02,0.997582949900329
POFFAT,QERZUI01,0.99712131058792
POFFAT,UFUMUD,0.9970365840065768
POFFAT,UGEPEB01,0.9967267158032812
POFFAT,UGEPEB,0.9958577128761474
POFFAT,ICAGOK,0.9233637191262272
POFFAT,KAGJOS,0.9225199569413796
POFFAT,XICKOL,0.8792362777658603
POFFAT,JALPAQ,0.8777945072249036
POFFAT,IXAJUN,0.8773185392006659
POFFAT,EDOSEY,0.8704999771232875
POFFAT,SOZHOG,0.8646296855893566
POFFAT,IDUSIM01,0.8636163115883122
POFFAT,UNACES,0.8635423968341834
POFFAT,IDUSIM02,0.8634488964661382
POFFAT,ISISUZ,0.8634006021491782
POFFAT,IDUTAF,0.8632837605966888
POFFAT,DEGSIS01,0.8423599238652054
POFFAT,CEZYOY,0.8418941281570771
LUDLED,XAMDUM,0.9999998959903682
LUDLED,YOZMEH,0.9999998918644708
LUDLED,UXISUR,0.9999998908789712
LUDLED,DIHVIB01,0.9999998715543694
LUDLED,YOZNIM,0.9999997703459156
LUDLED,XAMDUM01,0.9999996296244515
LUDLED,RILFEA,0.9999996235820084
LUDLED,YOZMIL,0.9999994306552384
LUDLED,XAMDUM07,0.9999993538659108
LUDLED,YOZMOR,0.9999965645054902
LUDLED,LUDLIH,0.9999964818648964
LUDLED,YOZNAE,0.9999957148242276
LUDLED,DIHVIB,0.9999948132776384
LUDLED,BODPAN,0.9999939910173056
LUDLED,XAMDUM05,0.9999932612051065
LUDLED,XAMDUM04,0.9999904195133752
LUDLED,YOZPAG,0.9999821797295868
LUDLED,XAMDUM02,0.9999758255292772
LUDLED,DOTSOV42,0.9999475049421304
LUDLED,DOTSOV13,0.9999423922200792
LUDLED,DOTSOV11,0.9999423473291142
LUDLED,DOTSOV15,0.9999419209317608
LUDLED,DOTSOV10,0.9999419207127525
LUDLED,DOTSOV08,0.9999414790303616
LUDLED,DOTSOV16,0.9999414709581768
LUDLED,TISPAO,0.9998037137825008
LUDLED,DOTSOV07,0.9996019428965076
LUDLED,QAWHIH01,0.9992746875156584
LUDLED,QAWHIH,0.9992381384335612
LUDLED,WULJUJ,0.9988843599473414
LUDLED,QIZLIW,0.9984613587278393
LUDLED,YOZNUY,0.9984267214391324
LUDLED,NEHZOS,0.996356139296205
LUDLED,NEHZUY,0.9962698332488004
LUDLED,LASYOU,0.9465566222351044
LUDLED,DALSOA,0.9329872918444256
LUDLED,ORAWAH,0.9321867982745676
LUDLED,MIKVEK,0.9297979603461208
LUDLED,ONIXOZ,0.9247161354840756
LUDLED,IWEVAJ,0.9186777512860944
LUDLED,CITXUZ,0.9184217391501444
LUDLED,YUGLES,0.9079894090912336
LUDLED,YAGHUM,0.9078922236288086
LUDLED,NUTQAV,0.907802385807998
LUDLED,NUTQEZ,0.90769975779733
LUDLED,OFOCUI,0.9076775578039395
LUDLED,EXOGAB,0.907672452646712
LUDLED,HOGLEV01,0.9075541281559816
LUDLED,XIJSUH,0.9074369073234064
LUDLED,MOCKAR,0.907431683008044
LUDLED,HANWAW,0.906325750577946
LUDLED,PIDRAY,0.8998150556949109
LUDLED,HUCBOX02,0.8972980961149255
LUDLED,HUCBOX01,0.8972411839725276
LUDLED,RAHBOU,0.8969400373966169
LUDLED,VUJBIM,0.8953581075264103
LUDLED,MUDTEL,0.8946949488065545
LUDLED,GIKMOD,0.8937635309473143
LUDLED,GIKMOD01,0.8930103877870044
LUDLED,VIXPUP01,0.8870783719489597
LUDLED,RUVKAV,0.8870200152197847
LUDLED,VIXPUP,0.8866202666742444
LUDLED,PAFZEE,0.8850760196665066
LUDLED,KANMIX,0.885062298804492
LUDLED,IPUPOA,0.8849303753900865
LUDLED,WANJIF,0.8848663872663394
LUDLED,XEDMEB,0.8846955404926489
LUDLED,ADONEP,0.8844521961175273
LUDLED,APUPEH,0.882107888835818
LUDLED,EXAXAE,0.8820442979352404
LUDLED,EXAXAE03,0.8817164982858298
LUDLED,ANUGIA,0.8775243658857516
LUDLED,DICKEH,0.8770487371078034
LUDLED,NEMCOA,0.87449321645312
LUDLED,CEKHUY,0.8739473528039203
LUDLED,LAQNID,0.8690961687271167
LUDLED,OKABAE,0.8669776284253548
LUDLED,IWEQAD,0.8610775598147096
LUDLED,NIGDIS,0.8609704067717681
LUDLED,TOVWAE,0.8608707796365729
LUDLED,OGEBAF,0.8586880863162638
LUDLED,OGEBAF01,0.8584991233659065
LUDLED,XITYOP,0.857546622196536
LUDLED,IXAJUN,0.8574343077932598
LUDLED,IDUDIW,0.8564281346051902
LUDLED,FAMPUH,0.8535423259744046
LUDLED,FAMQES,0.8535337640447258
LUDLED,NAPSUV,0.853523499469407
LUDLED,EDOSEY,0.853415690773493
LUDLED,EPISOM,0.8525615737846701
LUDLED,ANUGEW,0.8524794847706021
LUDLED,LAYXER,0.8515353887974461
LUDLED,MAVRAE,0.851271800193576
LUDLED,LAYWOA,0.8501196059847641
LUDLED,LAYXAN,0.8493354853606816
LUDLED,WARXUL,0.8485657650027595
LUDLED,DEKBON,0.8470486125605668
LUDLED,BAZFUF,0.8398648621510659
LUDLED,LUKLIN,0.8396624950488858
LUDLED,ENIHUG,0.8389389426318503
LUDLED,ENIHUG01,0.8389051355988644
LUDLED,HUJGEA,0.8388914898101835
LEJRIC,AQUDIB,0.9997843417486624
RUYGOJ,PIWLAL,0.943611623634405
RUYGOJ,ODUNEH,0.94148497217614
RUYGOJ,JENKET,0.9052230158642924
RUYGOJ,BABRII,0.9018334521878282
RUYGOJ,FIJCUX,0.896752344167769
RUYGOJ,KOZNEU,0.8956464589573451
RUYGOJ,GATBUZ,0.8952138207450674
RUYGOJ,VEGMOK04,0.8952119866103084
RUYGOJ,REDROI,0.8947882082301332
RUYGOJ,IFABIA02,0.8942169495159183
RUYGOJ,IFABIA03,0.8941146085050307
RUYGOJ,VOLRAQ,0.8924959062578206
RUYGOJ,UYAPOA,0.8923666167335438
RUYGOJ,MIBQAR15,0.8901712922288534
RUYGOJ,PEVQIS,0.8901571818922024
RUYGOJ,MIBQAR12,0.8901475346963207
RUYGOJ,MIBQAR07,0.8901394927638846
RUYGOJ,LAWFOF,0.8900039596905854
RUYGOJ,LAWGOG,0.8899827179469385
RUYGOJ,SAHYIK,0.8899434967953881
RUYGOJ,NOXMAQ,0.8754675742787776
RUYGOJ,VAGMEX,0.8752251605854162
RUYGOJ,XAFFER,0.874603400787553
RUYGOJ,WUMDIT,0.8730808498693727
RUYGOJ,DUPKAC,0.8690752475089067
RUYGOJ,QEDZEG,0.8683855337067347
RUYGOJ,IGUFOH,0.8480189448712392
RUYGOJ,PEGCIP,0.8417215282274204
RUYGOJ,OKELOH,0.8411412729518883
RUYGOJ,ACODIH,0.8408967466560214
GATBUZ,VEGMOK04,0.9999999996065596
GATBUZ,VEGMOK01,0.9999997305359972
GATBUZ,REDROI,0.9999764233865692
GATBUZ,KOZNEU,0.9999755779875156
GATBUZ,IFABIA,0.9999515885025108
GATBUZ,IFABIA02,0.9997970511571456
GATBUZ,IFABIA03,0.9997877997556858
GATBUZ,IFABIA01,0.9997748731245576
GATBUZ,FIJCUX,0.9995288678542036
GATBUZ,FIJCUX01,0.9994552271109092
GATBUZ,VUSKEA,0.9985457333603496
GATBUZ,PEVQIS,0.9985024657953596
GATBUZ,MIBQAR07,0.9984939200033472
GATBUZ,HOLRAD,0.9984403844012396
GATBUZ,LAWFOF,0.998431852864028
GATBUZ,ODUNEH,0.9471728123370912
GATBUZ,PIWLIT,0.947107533002449
GATBUZ,YOCGAZ,0.9082426685752862
GATBUZ,HUTZAX01,0.9081689304737236
GATBUZ,BOLPAU,0.9081075966928716
GATBUZ,BABRII,0.908031879331458
GATBUZ,GUGNON,0.9078418856931956
GATBUZ,JENKET,0.90745484226537
GATBUZ,ACODIH,0.8972255713681072
GATBUZ,GOSDUP,0.8971705585437615
GATBUZ,PICCUC,0.8968862971095953
GATBUZ,TONQOD,0.895904255369889
GATBUZ,DITTEH,0.8872740231311085
GATBUZ,UKOLOV,0.8872561926441616
GATBUZ,NIKHAS,0.8869846094585507
GATBUZ,NAWXER,0.886044164314928
GATBUZ,EKEKEL,0.885900797708904
GATBUZ,DARYIF,0.8848333452875137
GATBUZ,WORLAS,0.8834363768995401
GATBUZ,BUVNIR,0.8823877752726613
GATBUZ,WUMDIT,0.8779576022979282
GATBUZ,XOQXIL,0.8779197941622728
GATBUZ,XAFFER,0.8776783477587334
GATBUZ,ZARLIP,0.8773258774547392
GATBUZ,XAFFAN,0.8768888828799296
GATBUZ,MEWPIQ,0.8767754173554634
GATBUZ,NOXMAQ,0.8759464918220666
GATBUZ,ZARLEL,0.8757120652534546
GATBUZ,NIWYID,0.8749778478171305
GATBUZ,FUTZEB,0.8748457125080982
GATBUZ,IJEXIF01,0.8747388130030443
GATBUZ,FUVBAB,0.874619987982454
GATBUZ,PEJPEB,0.8744507520723849
GATBUZ,ACIBOE,0.8743160796982223
GATBUZ,NANYUX01,0.874284876693614
GATBUZ,VEHKAW,0.8742555853765667
GATBUZ,NANYUX03,0.8742401044129768
GATBUZ,UNAGOH,0.8741735682902705
GATBUZ,FUTZAX,0.8736161805139708
GATBUZ,NENHEU,0.8728969695922435
GATBUZ,KUNLEL,0.8714532558889759
GATBUZ,OKELOH,0.8691505902815797
GATBUZ,GADROU,0.8689027367224222
GATBUZ,AXOCEW,0.8683869914007084
GATBUZ,XEGWIS,0.8674724004393634
GATBUZ,KAHMOW,0.8674641583520244
GATBUZ,XEGWAK,0.8674499185558516
GATBUZ,SAVMAE,0.8625026607011145
GATBUZ,UBUMAH,0.8610798038337011
GATBUZ,XENMIO,0.8608198673689327
GATBUZ,LOWQIX,0.8607433133339588
GATBUZ,WIMWIA,0.8606920055486539
GATBUZ,HAZYUE,0.8605609757503504
GATBUZ,EGIKUB01,0.8600680692138907
GATBUZ,YICQOS,0.859364935760238
GATBUZ,DUFLOH,0.8586218472959132
GATBUZ,IGUFOH,0.857880274528302
GATBUZ,CIQHOC,0.854167835920452
GATBUZ,GAWMOJ,0.8535486637806209
GATBUZ,PURJAO,0.8535461891985463
GATBUZ,SIXWON,0.8532158070664033
GATBUZ,PURJES,0.8529402638118931
GATBUZ,XOHNEO,0.8520664372300726
GATBUZ,SOSQIC01,0.8517919021525284
GATBUZ,TACJEO,0.8513486692756911
GATBUZ,WOJZOK01,0.8498925563975561
GATBUZ,IGINIX,0.8463814577781805
GATBUZ,NISCOJ,0.8462506513687514
GATBUZ,LEBQUH,0.8440482342906033
GATBUZ,REBVIG,0.8401682145900926
GATBUZ,MACHIJ,0.8397500200780169
GATBUZ,HOKLIE,0.8396813445844159
MAGNEQ01,MACUFR06,0.9999681830236686
MAGNEQ01,YUKVOQ07,0.9999268488426274
MAGNEQ01,CUFORD,0.9998857520491232
MAGNEQ01,SANMAX,0.9998638705085507
MAGNEQ01,CUFORM04,0.999495234011772
MAGNEQ01,ROLCEC09,0.9984367739663644
MAGNEQ01,ROLCEC06,0.9983350813640788
MAGNEQ01,ROLCEC01,0.9975784940545008
QIYDIN01,QIYDIN,0.9995827938251892
QIYDIN01,FAGQAI,0.9949918270142706
QIYDIN01,OGOJAX,0.9746365276660616
QIYDIN01,BIHRUI,0.9746036667160451
QIYDIN01,BIHROC,0.972902422730644
QIYDIN01,OGEBAF,0.9501395950311248
QIYDIN01,OGEBAF01,0.9498660791723958
QIYDIN01,HABQUY,0.938039422458154
QIYDIN01,DICKEH,0.9260205290845374
QIYDIN01,VUJBIM,0.8999014246752284
QIYDIN01,MUDTEL,0.8995163795610355
QIYDIN01,YAGHUM,0.8857563905795454
QIYDIN01,LURRIA,0.8813591719881076
QIYDIN01,FISGOF,0.8769163038901713
QIYDIN01,RUVKAV,0.8401999522366524
WULKAQ,DOTSOV19,0.9999999993510128
HAJYAV,CAQKAJ01,0.9958286378544838
HAJYAV,QIQTOB,0.935102555513512
HAJYAV,ONOCUR,0.9126412794334052
HAJYAV,MOXDOT01,0.8828814127209113
HAJYAV,DERBIO,0.8817871502130781
HAJYAV,EJINIV01,0.8811522215802305
HAJYAV,EJINIV,0.881143410800185
HAJYAV,NIGPAW,0.8742885744254283
HAJYAV,AXINAX01,0.8742455834947553
HAJYAV,DIBQIQ,0.8728366425521091
HAJYAV,DIBQEM,0.8721531889493264
HAJYAV,NIGPEA,0.8696195390636748
HAJYAV,BUKLOJ,0.8692744709983152
HAJYAV,AXINIF,0.8692292348872861
HAJYAV,ESEQUO,0.8646836272536945
HAJYAV,FIQDER,0.8623170463732053
HAJYAV,FISQEG,0.8571104845063272
HAJYAV,FISQIK,0.8548641917123878
HAJYAV,XEVSIB,0.8418062127105123
KAKTIA,MURREW,0.9999536466756171
KAKTIA,VOJPUG01,0.999859544893523
KAKTIA,UFUNAK,0.999810055856211
KAKTIA,IPINAY,0.999751917170357
KAKTIA,UFUMUD01,0.9995508195559212
KAKTIA,EGOZAB,0.9995014483797204
KAKTIA,POFDOF,0.9995001193300016
KAKTIA,QERZUI,0.9993719714578684
KAKTIA,BAHGUN03,0.9993622213702192
KAKTIA,BAHGUN02,0.999346873520865
KAKTIA,BAHGUN04,0.9993175773145448
KAKTIA,UFUMUD,0.9991040212694166
KAKTIA,QERZUI01,0.9990065675978256
KAKTIA,NIHDIU,0.9989960104214008
KAKTIA,UGEPEB01,0.9988408125752452
KAKTIA,UGEPEB,0.9983613703570616
KAKTIA,NIHDEQ,0.9983353589016648
KAKTIA,QIWQES,0.9962279352695788
KAKTIA,KAGJOS,0.9233851009387212
KAKTIA,WURNOO,0.9232699272035404
KAKTIA,XICKOL,0.8789434553163371
KAKTIA,JALPAQ,0.8789377398755543
KAKTIA,IXAJUN,0.8787276510743108
KAKTIA,NAPSUV,0.8691653808723646
KAKTIA,EDOSEY,0.8685615208904411
KAKTIA,SOZHOG,0.866084557748954
KAKTIA,IDUSIM01,0.8655559386158613
KAKTIA,UNACIW,0.8654511988491995
KAKTIA,IDUTAF,0.8653442211010826
KAKTIA,IDUTEJ,0.8652809836468176
KAKTIA,HOYKUD,0.855544084786505
KAKTIA,QESBAR,0.8439025770495512
KAKTIA,DEGSIS01,0.8436312585469143
KAKTIA,CEZYOY,0.8432461730353016
KAKTIA,ENITAX,0.8428919401199282
XAPQAI01,HIHGUC,0.8835250286261509
XAPQAI01,FIJDEI,0.8517878909993898
OFUWIV01,DEHFUR,0.8529872609997714
OFUWIV01,VESNEP,0.9010585304247416
OFUWIV01,XATNIP01,0.9010444392365968
WOSZEL,VOLQOD,0.9999991761069952
DUFLOH,ODUNEH,0.8749077557756368
DUFLOH,OKELOH,0.8741347183359673
DUFLOH,PIWLIT,0.8732375030658881
DUFLOH,ROZXEL,0.8720926295875582
DUFLOH,DITTEH,0.8699787317199696
DUFLOH,NIKHAS,0.8684994354769845
DUFLOH,VOLRAQ,0.8680219354553662
DUFLOH,BABRII,0.8672786523659682
DUFLOH,JENKET,0.8625705788877404
DUFLOH,SAHYIK,0.8609090037430258
DUFLOH,MIBQAR07,0.8608995352495015
DUFLOH,HOLRAD,0.8608897629254144
DUFLOH,VUSKEA,0.8608656390198512
DUFLOH,IFABIA01,0.8595740015644295
DUFLOH,IFABIA,0.8592296359365178
DUFLOH,REDROI,0.8590782996213402
DUFLOH,VEGMOK03,0.858626904191583
DUFLOH,VEGMOK04,0.8586237621984584
DUFLOH,VEGMOK01,0.8585714334287193
DUFLOH,KOZNEU,0.8581197540342742
DUFLOH,GOSDUP,0.8561485310338194
DUFLOH,FIJCUX,0.8560660080668661
DUFLOH,FIJCUX01,0.8558292452424054
DUFLOH,ORIBAU,0.8551272094628982
DUFLOH,TONQOD,0.8511298058015255
DUFLOH,SOSQIC01,0.8495524942909237
DUFLOH,VOTHIX,0.8436933352559359
DUFLOH,DUPKAC,0.8408582596579415
FIJCUX01,RUPZIM,0.9198091058170176
FIJCUX01,KOZNEU,0.9996614147899826
FIJCUX01,VEGMOK04,0.999454301295566
FIJCUX01,VEGMOK03,0.9994527925265776
FIJCUX01,REDROI,0.9992286305896552
FIJCUX01,IFABIA,0.9990832383490182
FIJCUX01,IFABIA02,0.9988507752723248
FIJCUX01,IFABIA01,0.9988261557380228
FIJCUX01,PEVQOY,0.9964855178185344
FIJCUX01,VUSKEA,0.9962275463270476
FIJCUX01,MIBQAR15,0.996168691303
FIJCUX01,MIBQAR12,0.9961512962214416
FIJCUX01,MIBQAR07,0.9961451068783732
FIJCUX01,MIBQAR01,0.9960680763374622
FIJCUX01,HOLRAD,0.9960593827510936
FIJCUX01,VAZTUM,0.9960382487687708
FIJCUX01,LAWGOG,0.9960302270454956
FIJCUX01,PIWLIT,0.9470433409482736
FIJCUX01,NEHGIS,0.9082404427699468
FIJCUX01,DAWCIP,0.9081192553156674
FIJCUX01,VIKBUP,0.9080009380781894
FIJCUX01,BOLPAU,0.907435626290622
FIJCUX01,BABRII,0.906801403246621
FIJCUX01,WUHNUK,0.9051797605265676
FIJCUX01,ACODIH,0.8972212508219141
FIJCUX01,TONQOD,0.8971398612244426
FIJCUX01,GOSDUP,0.896758202377699
FIJCUX01,NIYZIG,0.8957073604208725
FIJCUX01,PICCUC,0.895327911065095
FIJCUX01,NIKHAS,0.8872628925321667
FIJCUX01,NAWXER,0.8871182953624747
FIJCUX01,UKOLOV,0.8870132100531297
FIJCUX01,DITTEH,0.8869585537903564
FIJCUX01,USAHAZ,0.8849311987621966
FIJCUX01,DARYIF,0.883708072143523
FIJCUX01,FECYUJ,0.8818870240282389
FIJCUX01,WORLAS,0.8810809452043348
FIJCUX01,BUVNIR,0.8794359322204409
FIJCUX01,ZARLIP,0.8779607424412728
FIJCUX01,VAGMEX,0.8779100702777303
FIJCUX01,NOXMAQ,0.8774976769076944
FIJCUX01,ZARLEL,0.8773814442377723
FIJCUX01,PEJPEB,0.874999988420736
FIJCUX01,NIWYOJ,0.8749933847255964
FIJCUX01,FUVBAB,0.8749846761643172
FIJCUX01,VEHKAW,0.8749829074610511
FIJCUX01,NANYUX01,0.8749793962246115
FIJCUX01,UNAGOH,0.8749707139922247
FIJCUX01,FUTZAX,0.8748074487760337
FIJCUX01,REGREC,0.8746369177615111
FIJCUX01,ULISOZ,0.8743261414317987
FIJCUX01,JEDVIA,0.8742530707362701
FIJCUX01,NIWYID,0.8742143607857232
FIJCUX01,PERQUB,0.8742037094028862
FIJCUX01,NENHEU,0.8740545205070904
FIJCUX01,IJEXIF01,0.8734407968379783
FIJCUX01,VEHJUP,0.8729477538635231
FIJCUX01,XEGWIS,0.8689085359133812
FIJCUX01,AXOCEW,0.8664570898479848
FIJCUX01,XENMIO,0.861132717840043
FIJCUX01,HUVGEM,0.8611297029718327
FIJCUX01,UBUMAH,0.8609465648913661
FIJCUX01,WIMWIA,0.8607218200219289
FIJCUX01,HIFGIO,0.8606925000858557
FIJCUX01,LOWQIX,0.8606665869597618
FIJCUX01,RUPVAB,0.8602427752728521
FIJCUX01,SAVMAE,0.8600168816931666
FIJCUX01,EGIKUB01,0.8582455913415681
FIJCUX01,YICQOS,0.856854935075993
FIJCUX01,CIQHOC,0.854988480673407
FIJCUX01,PURJES,0.8535513679523964
FIJCUX01,PURJAO,0.8531263478036493
FIJCUX01,GAWMOJ,0.8531053092331218
FIJCUX01,SIXWON,0.8518148411089472
FIJCUX01,TACJEO,0.8491749764481458
FIJCUX01,IGINIX,0.846268936853402
FIJCUX01,LEBQUH,0.8457706780886131
FIJCUX01,NISCOJ,0.8451218357983235
FIJCUX01,REBVIG,0.8399135586042376
FIJCUX01,HOKLIE,0.8391979200986079
VOLRAQ,UYAPOA,0.999539266734325
VOLRAQ,BABRII,0.9971213304728604
VOLRAQ,ODUNEH,0.9525975571486984
VOLRAQ,PIWLIT,0.9502651852749152
VOLRAQ,PUGSER,0.9359757055781708
VOLRAQ,SAHYIK,0.9074395904007726
VOLRAQ,LAWGOG,0.9074266947678136
VOLRAQ,VAZTUM,0.9074230101325136
VOLRAQ,MIBQAR01,0.9074092809867184
VOLRAQ,MIBQAR07,0.9073719464116072
VOLRAQ,MIBQAR12,0.9073700765964964
VOLRAQ,PEVQIS,0.9073665602223332
VOLRAQ,MIBQAR15,0.907361696316354
VOLRAQ,VUSKEA,0.9073329696860848
VOLRAQ,PEVQOY,0.9071987131354304
VOLRAQ,IFABIA03,0.9046855551434904
VOLRAQ,IFABIA,0.9044777862877362
VOLRAQ,REDROI,0.9041514205665264
VOLRAQ,VEGMOK03,0.9035891371711932
VOLRAQ,VEGMOK04,0.903584748517308
VOLRAQ,VEGMOK01,0.9035111999032308
VOLRAQ,KOZNEU,0.902886105006264
VOLRAQ,GOSDUP,0.9003209528861555
VOLRAQ,FIJCUX,0.9001697883977196
VOLRAQ,ORIBAU,0.8989854799845766
VOLRAQ,TONQOD,0.894279353184783
VOLRAQ,QEDZEG,0.8938062962243774
VOLRAQ,XAFFER,0.8785119207332238
VOLRAQ,QUQFEO,0.8765311127625242
VOLRAQ,VAGMEX,0.8759945395483378
VOLRAQ,NOXMAQ,0.8730159026182063
VOLRAQ,QUQFIS,0.8728087334300186
VOLRAQ,IGUFOH,0.8693656700026364
VOLRAQ,YICQOS,0.8679193319717412
VOLRAQ,DUZPUL,0.8648344192637931
VOLRAQ,UFAMEW,0.8645789962351524
VOLRAQ,UFOFUT,0.8587301972381516
VOLRAQ,NAWXER,0.858327061286502
VOLRAQ,HIFGIO,0.8558709040808388
VOLRAQ,BEWCUD,0.8550066993093856
VOLRAQ,YOZYUJ,0.8538984666674487
VOLRAQ,JEDDII,0.8504660229688475
VOLRAQ,CESQUP,0.850221407819331
VOLRAQ,VANHEA,0.8493196304097302
VOLRAQ,NIYZIG,0.8488740838336317
VOLRAQ,ACODIH,0.8451076083508609
VOLRAQ,PEGCIP,0.8438687231797249
VOLRAQ,MIMRAB01,0.8398141955274987
PERQUB,NIWYID,0.9999997681393998
PERQUB,REGREC,0.9999159323927914
PERQUB,IJEXIF01,0.9998727445051396
PERQUB,VEHJUP,0.9997074093565084
PERQUB,FUTZEB,0.9997006574048436
PERQUB,FUTYOK,0.9995204886967594
PERQUB,FUVBAB,0.9994060167090156
PERQUB,NIWYOJ,0.9993414368339386
PERQUB,PEJPEB,0.9991982994237264
PERQUB,ACIBOE,0.9990371768268956
PERQUB,NANYUX01,0.999001895189256
PERQUB,VEHKAW,0.9989658864921124
PERQUB,NANYUX03,0.998947449342774
PERQUB,UNAGOH,0.9988693900885222
PERQUB,FUTZAX,0.998229813416584
PERQUB,RUPVAB,0.991242117717866
PERQUB,UFOFUT,0.946932956378818
PERQUB,UFAMEW,0.9456414747437144
PERQUB,YOZYUJ,0.9453726354664332
PERQUB,QUQFEO,0.9327179574588044
PERQUB,QOPZIF,0.9198715566836532
PERQUB,REBVIG,0.9081250657908688
PERQUB,FUDGIW,0.9079464196625208
PERQUB,JOVYAW,0.907735419109706
PERQUB,MOHLIF,0.9069158701887332
PERQUB,HOGJIX,0.9027894143683396
PERQUB,DUNXUH13,0.8971028638574532
PERQUB,DUNXUH15,0.8970614580093134
PERQUB,DUNXUH,0.8970614574665691
PERQUB,LOWQIX,0.8967059782975455
PERQUB,WIMWIA,0.8966323763791458
PERQUB,EGIKUB01,0.8963960887948861
PERQUB,BOWJAA,0.8872744580673597
PERQUB,DITTEH,0.8872021965509823
PERQUB,PUGSER,0.8851377318715175
PERQUB,BUKMUQ01,0.8839907280153338
PERQUB,NUFBEX,0.877765093077937
PERQUB,DOYHOQ,0.8776859675222196
PERQUB,NASROR,0.8770858067721858
PERQUB,IFABIA,0.8749955306953532
PERQUB,REDROI,0.8749949391096982
PERQUB,VEGMOK03,0.8749766763688824
PERQUB,VEGMOK04,0.8749763635309775
PERQUB,VEGMOK01,0.8749708330625041
PERQUB,IFABIA03,0.8748571731674858
PERQUB,CUVTOD,0.8742128688016215
PERQUB,ORIBAU,0.8739112367817646
PERQUB,VUSKEA,0.8738937809672688
PERQUB,MIBQAR15,0.873861713145881
PERQUB,PEVQIS,0.8738559555699095
PERQUB,MIBQAR12,0.8738522181763458
PERQUB,MIBQAR07,0.8738483503980244
PERQUB,MIBQAR01,0.8738064297003381
PERQUB,HOLRAD,0.873801639448176
PERQUB,LAWFOF,0.8737941567222116
PERQUB,LAWGOG,0.8737854893892258
PERQUB,SAHYIK,0.8737692529368228
PERQUB,VOTHIX,0.8731997947902423
PERQUB,NUFCAU,0.8718853622465957
PERQUB,GEYLEE,0.8692682124868039
PERQUB,UKOLUD,0.868105748294527
PERQUB,SOWCOY,0.860912621206488
PERQUB,YOGKOW,0.8607845463163587
PERQUB,SOWCOY01,0.8606797642392418
PERQUB,ALANAD,0.8534722381409078
PERQUB,WEHHIC,0.8534544401493336
PERQUB,WEHJAW,0.8534513146129954
PERQUB,MIMRAB01,0.8498627029269262
PERQUB,FECYUJ,0.8490418261069378
PERQUB,WORLAS,0.8487845597045423
PERQUB,CIJLIT,0.846402589281847
PERQUB,HIQNOM,0.8461302207197262
PERQUB,REYCEF,0.845923582606841
PERQUB,GUGNON,0.8395799884282079
PERQUB,JAYXAL,0.839509121893419
PERQUB,NUCPIM,0.8393205126463508
OHOMIH,QIZLOC,0.9999909217171168
OHOMIH,NEHZUY,0.9996796402322424
OHOMIH,GAVDUD,0.9996608631418864
OHOMIH,QIZLIW,0.99841905930495
OHOMIH,WULJUJ,0.9955021477968704
OHOMIH,DOTSOV02,0.995487608884079
OHOMIH,DOTSOV08,0.9949231587552204
OHOMIH,DOTSOV14,0.9949197765756392
OHOMIH,DOTSOV10,0.9949190575827146
OHOMIH,DOTSOV15,0.9949190556044996
OHOMIH,DOTSOV13,0.9949146604645444
OHOMIH,EBAMUS,0.9944449231409052
OHOMIH,XAMDUM05,0.994181423867481
OHOMIH,XAMDUM02,0.9941689884309116
OHOMIH,XAMDUM03,0.9940394739759768
OHOMIH,LUDLIH,0.9939649278021826
OHOMIH,XAMDUM01,0.9938754367791632
OHOMIH,UXISUR,0.9938330640494104
OHOMIH,XAMDUM,0.9938318426671996
OHOMIH,FIQCEN,0.9938118239438072
OHOMIH,YOZNIM,0.9937085702216324
OHOMIH,YOZMIL,0.993679239406377
OHOMIH,YOZNEI,0.9935231181933064
OHOMIH,YOZNAE,0.9934528159348496
OHOMIH,DIHVIB,0.9934194457675524
OHOMIH,YOZPAG,0.9931026127449718
OHOMIH,TISPAO,0.9913952860122984
OHOMIH,QAWHIH,0.9887159785296388
OHOMIH,YOZNUY,0.986041034993394
OHOMIH,YOZNOS,0.980237496788808
OHOMIH,LASYOU,0.936401807154323
OHOMIH,BABREE,0.930651300243724
OHOMIH,ORAWAH,0.9214888009613306
OHOMIH,CITXUZ,0.9186227399434392
OHOMIH,RAWYAS,0.9181265556336689
OHOMIH,IWEVAJ,0.9135583958733404
OHOMIH,EXOGAB,0.9052247963270004
OHOMIH,HOGLEV,0.9051026858830212
OHOMIH,GERWEH,0.901372180665926
OHOMIH,YUGLES,0.8992563958637466
OHOMIH,OFOCUI,0.8988601634622446
OHOMIH,YAGHUM,0.8987263728793814
OHOMIH,NUTQAV,0.8982870971043502
OHOMIH,NUTQEZ,0.8978264605448919
OHOMIH,GIKMOD01,0.8971892380699568
OHOMIH,GIKMOD,0.8969975132556923
OHOMIH,MOCKEV,0.8968735999514781
OHOMIH,XIJSUH,0.8967781321492597
OHOMIH,MOFGOE,0.894794173158419
OHOMIH,RAHBOU,0.8939413221181951
OHOMIH,HUCBOX,0.8924605339875983
OHOMIH,HUCBOX02,0.8922847189977412
OHOMIH,IPUPOA,0.8863786936306137
OHOMIH,EMUBIZ,0.8846481746218564
OHOMIH,VIXPUP02,0.8846094426256668
OHOMIH,EXAXAE,0.8845054102881963
OHOMIH,VIXPUP,0.8844965307257937
OHOMIH,VIXPUP01,0.8831892339488903
OHOMIH,ADONEP,0.8811709811730535
OHOMIH,MUDTEL,0.8804745536801676
OHOMIH,WANJIF,0.8799287237151702
OHOMIH,PAFZEE,0.8790141896131962
OHOMIH,KANMIX,0.8782526820328089
OHOMIH,USEVOF,0.87789943451733
OHOMIH,CEKHUY,0.8777224539207743
OHOMIH,NEMCOA,0.877561983971639
OHOMIH,EMUBOF,0.8767982588901022
OHOMIH,ANUGOG,0.8726632326277702
OHOMIH,KIRFOI,0.8688795155051398
OHOMIH,OKABAE,0.8683096328991302
OHOMIH,HABQUY,0.8628770655378095
OHOMIH,IDUDIW,0.8610475269296822
OHOMIH,IXAJUN,0.8608348842906082
OHOMIH,XITYOP,0.8607502341170867
OHOMIH,JALPAQ,0.860596206578462
OHOMIH,OGEBAF01,0.8604055002579798
OHOMIH,XICKOL,0.8581424045686847
OHOMIH,TEKYOA,0.8571814090256826
OHOMIH,LAYXAN,0.8550102473623065
OHOMIH,DEKBON,0.8549110817210231
OHOMIH,LAYXER,0.8546272019597897
OHOMIH,ANUGEW,0.8542084498305574
OHOMIH,UWALEL,0.8533294473229114
OHOMIH,MAVRAE,0.8525779332051657
OHOMIH,TOVWAE,0.8520058809397273
OHOMIH,EPISOM,0.8506397529285049
OHOMIH,FAMQAO,0.8470264521569146
OHOMIH,FAMPUH,0.8468034603089274
OHOMIH,FAMQES,0.8466214022454253
OHOMIH,EDOSEY,0.8453617355270621
OHOMIH,RUJMEQ,0.8414860774985194
OHOMIH,HOYKUD,0.8396413531616018
OHOMIH,BAZGAM,0.8387302278863429
POFDOF,AHEMEG,0.9998959566122712
POFDOF,VOJPUG01,0.9998864912756142
POFDOF,NELCEN,0.9998742034784684
POFDOF,POFDEV,0.9996714363786444
POFDOF,MURREW,0.9994062752333734
POFDOF,UFUNAK,0.9991100287692364
POFDOF,UFUMUD01,0.998430726949027
POFDOF,QIWQES,0.9983813900715636
POFDOF,EGOZAB,0.9983676549715852
POFDOF,BAHGUN01,0.9981625863213586
POFDOF,QERZUI,0.9980722516913668
POFDOF,BAHGUN03,0.998049896287642
POFDOF,NIHDIU,0.9974292247529666
POFDOF,QERZUI01,0.9973871124481972
POFDOF,UFUMUD,0.997334190288355
POFDOF,UGEPEB01,0.9970215593342896
POFDOF,ICAGOK,0.9233903051711704
POFDOF,JALPAQ,0.8779774545918507
POFDOF,IXAJUN,0.8775301588567407
POFDOF,NAPSUV,0.8706985476142254
POFDOF,EDOSEY,0.8703511985719555
POFDOF,SOZHOG,0.8648465779884748
POFDOF,UNACES,0.8638107904083762
POFDOF,UNABUH01,0.863710126835098
POFDOF,ISISUZ,0.8636751397047547
POFDOF,IDUTAF,0.8635660859600218
POFDOF,IDUTIN,0.8635330838180002
POFDOF,IDUTEJ,0.8634863584803579
POFDOF,QESBAR,0.8435489974639454
AHEFAU,AHEFAU01,0.9999993749449874
INICPB02,POCMEA04,0.9999843881420386
INICPB02,POCMEA,0.9999836026516586
INICPB02,INICPB01,0.99997111172723
INICPB02,TUTQOP,0.9971823105205472
INICPB02,RUBZIY02,0.8839413882883876
INICPB02,ERIQUS,0.8834524439716618
INICPB02,YAPQUC,0.8828407134453301
FOMDAO01,LIPZES,0.9057920324859094
FOMDAO01,LONHON,0.9044086547967274
FOMDAO01,ERIQUS,0.9040191806992782
FOMDAO01,XAPMUY,0.8651187284487836
MUDTAH,KEFBOO,0.9859172166865025
KIKRAA,FUFVEJ,0.999988121339664
KIKRAA,LIRVAK,0.9999810106401896
KIKRAA,RAGREY,0.9999101572628124
KIKRAA,PEKZIP,0.9998178442988488
KIKRAA,XIQZIH,0.9997478841402534
KIKRAA,FITSAD,0.9994641349424098
KIKRAA,OJOQAF02,0.9966043929210732
KIKRAA,OJOQAF01,0.9964603897681288
KIKRAA,OJOQAF,0.9963310392939392
KIKRAA,KAGJOS,0.8608045203356284
KIKRAA,HAJPEQ,0.8595074842090824
KIKRAA,ICAGOK,0.8592876273127936
KIKRAA,RANLAV,0.8543549075838784
KIKRAA,MUGQAI,0.8458570469152703
KIKRAA,JALPAQ,0.8454413137610993
QUQFIS,YOZYUJ,0.9840966840924972
QUQFIS,UFOFUT,0.9836780194837748
QUQFIS,UFAMEW,0.9781387226584763
QUQFIS,DUZPUL,0.9771565400311272
QUQFIS,REBVIG,0.9412265940554632
QUQFIS,UNAGOH,0.932994648397132
QUQFIS,FUTZAX,0.93299455814464
QUQFIS,NANYUX03,0.9329835933407922
QUQFIS,VEHKAW,0.9329797817051322
QUQFIS,ACIBOE,0.9329659550329784
QUQFIS,NIWYOJ,0.9328642620890304
QUQFIS,FUVBAB,0.9328311293293388
QUQFIS,JEDVIA,0.9326983403185024
QUQFIS,FUTZEB,0.9325906588867175
QUQFIS,REGREC,0.9321904743073828
QUQFIS,ULISOZ,0.9317475487074682
QUQFIS,NIWYID,0.9315964323095688
QUQFIS,IJEXIF01,0.9306029493359282
QUQFIS,VEHJUP,0.9299989815590924
QUQFIS,KUNLEL,0.924491795312943
QUQFIS,RUPVAB,0.9158668040067856
QUQFIS,CIJLIT,0.8987671741377292
QUQFIS,JENKET,0.8829930164672942
QUQFIS,GUGNON,0.8828517924112246
QUQFIS,APACAX,0.880865623276392
QUQFIS,BABRII,0.880746595833229
QUQFIS,NUFBEX,0.8791855236855723
QUQFIS,DOYHOQ,0.8789151967708027
QUQFIS,NUFBOH,0.8776548956271097
QUQFIS,NASROR,0.8773393506041591
QUQFIS,EZINAE,0.874321439804907
QUQFIS,RUGXUO,0.8737375834747867
QUQFIS,UYAPOA,0.872667279385418
QUQFIS,NUFCAU,0.8685728411887772
QUQFIS,JAYXAL,0.8671092667296384
QUQFIS,NUCPIM,0.8644881338102947
QUQFIS,YOGKOW,0.861641319372167
QUQFIS,MUWRUT,0.8571212206430074
QUQFIS,JOVYAW,0.8533219605549353
QUQFIS,FUDGIW,0.8531335935785053
QUQFIS,EXOXUL,0.8495608848740647
QUQFIS,DUNXUH13,0.8436170618554729
QUQFIS,WIMWIA,0.8433236911974562
QUQFIS,LOWQIX,0.8432240367740307
QUQFIS,KEFBOO,0.8429418092330176
QUQFIS,HOGJIX,0.8411441239535551
QUQFIS,EGIKUB01,0.8400929507572266
ROLCEC,ROLCEC16,0.999999977363316
ROLCEC,ROLCEC06,0.999917833734666
ROLCEC,ROLCEC09,0.999893237087604
ROLCEC,SANMAX,0.9985388887147132
ROLCEC,MACUFR04,0.9975766148901588
ROLCEC,MAGMOZ01,0.9969706027522104
ROLCEC,OCUQIO02,0.99673470270009
ROLCEC,OCUQIO,0.9967177168030242
ESADUZ01,POKZOG,0.9981273561218827
ESADUZ01,JUQSIZ,0.9975870521835836
ESADUZ01,PIQQEN,0.9628958408420558
ESADUZ01,REFWIL,0.9491622266049424
ESADUZ01,MICCIM,0.9414478398654929
ESADUZ01,TULLIX,0.9412998348877516
ESADUZ01,FOKWUZ,0.9396925572612176
ESADUZ01,VAKLIF,0.9080554478643492
ESADUZ01,XEFGUN01,0.90654646743769
ESADUZ01,GOYLUB,0.90513792408473
ESADUZ01,FALGIK,0.8651203418894005
ESADUZ01,HIHGUC,0.8606570144274315
ESADUZ01,WIVRIE,0.8595254203977487
ESADUZ01,EGUHOD01,0.8429236736330705
ESADUZ01,LUWKIZ,0.8421230834833393
EGUHOD01,XEDGIY,0.929700399720382
EGUHOD01,OKOSUE,0.9121890900466127
EGUHOD01,GOYLUB,0.8828238479895404
EGUHOD01,NENHAQ,0.8700082397992358
EGUHOD01,EKUNON,0.8608742651804627
EGUHOD01,EKUNON01,0.8608195945392174
EGUHOD01,ULOGIL,0.8601297432263022
EGUHOD01,MITSEO,0.8500547974369455
EGUHOD01,CEHKUW,0.850051887200695
EGUHOD01,YEYRAY,0.8500107877106409
EGUHOD01,PARKUQ,0.8498488994703045
EGUHOD01,SIZGEO,0.8498163245547854
EGUHOD01,NABLIM,0.8496278042578906
EGUHOD01,MITSAK,0.8496012697530091
EGUHOD01,MITSUE,0.8495968409311684
EGUHOD01,MITSIS,0.849545920394428
EGUHOD01,FUMJAA,0.8493346479056633
EGUHOD01,KUJMIN,0.8491071947494647
EGUHOD01,FALGIK,0.844255903350417
EGUHOD01,PIQQEN,0.8439900685382047
EGUHOD01,RUXWEM03,0.8436446997546121
EGUHOD01,PIQQOX,0.8426937261174274
EGUHOD01,JUQSIZ,0.8412886932505854
UHISEK,DOLPIF,0.99829515578133
UHISEK,OPENUT,0.9977657576415374
UHISEK,LUCDAO,0.8632899888793946
UHISEK,SIKYER,0.8608328781206763
UHISEK,WECSAZ01,0.8593430987987817
UHISEK,EHAZES,0.8591002862985556
UHISEK,EXUTAU,0.8568525053093501
UHISEK,YABKEU,0.8550094369725878
UHISEK,VITYUU,0.8549206916590752
UHISEK,WIPLOY,0.8532248913141786
UHISEK,SENXER,0.8532126058819723
CEYPUT01,CEYPUT,0.9999675683733776
CEYPUT01,OJOBAS,0.999967563391098
CEYPUT01,VEDGIW,0.9999444024865456
CEYPUT01,ABAVOP,0.999939403207996
CEYPUT01,VEDFOB,0.9999279479036854
CEYPUT01,VEDFER,0.9999244072700948
CEYPUT01,VEDGAO,0.999898188948847
CEYPUT01,VEDFAN,0.999890569316995
CEYPUT01,BOWDOI,0.9998860440606324
CEYPUT01,VEDFUH,0.9998652904128644
CEYPUT01,BOWDUO,0.9998440836647045
CEYPUT01,YODRAM,0.9998435641579392
CEYPUT01,EXUXEC,0.9996816142587744
CEYPUT01,KEJWAY,0.9993302249764976
CEYPUT01,ABAVIJ,0.9991470497249428
CEYPUT01,TATSIS01,0.998834089333977
CEYPUT01,TATSIS,0.998583055907844
CEYPUT01,ERUNIQ,0.9983089617320576
CEYPUT01,LASMAV,0.99787566083346
CEYPUT01,YIGGEB,0.9962115500074822
CEYPUT01,JODGIU,0.9231663669698406
CEYPUT01,DIDBOJ,0.923063285407952
CEYPUT01,DIDBID,0.923029566108574
CEYPUT01,CAXZOS,0.9229599991701098
CEYPUT01,JODGOA,0.8949279709213223
CEYPUT01,LIDSIC,0.8792061142923846
CEYPUT01,FEVDER,0.8789085115804129
CEYPUT01,CANYIB,0.8777641499773138
CEYPUT01,ESEQUO,0.8720846407343408
CEYPUT01,YATDOP,0.8602140040569146
CEYPUT01,XALMOO,0.8597351316827673
CEYPUT01,XALMII,0.8591180570462735
CEYPUT01,FUMJAZ01,0.8533143473308121
CEYPUT01,FUMJAZ,0.853160533072614
CEYPUT01,NIDFOX,0.8520629069690083
CEYPUT01,MOXDOT01,0.8443701232782619
CEYPUT01,DERBIO,0.8443683901862027
CEYPUT01,WEMKEG,0.8441620105023887
CEYPUT01,RAKBIO02,0.8438349399942098
CEYPUT01,RAKBIO,0.843830141354247
CEYPUT01,NERVIP01,0.8435321813601903
CEYPUT01,KOHDIW,0.8428208036790393
CEYPUT01,CANROA,0.8427927915359208
CEYPUT01,NERVOV,0.8424637804422898
CEYPUT01,WOPWOP,0.8423531165553307
CEYPUT01,VOCKUT,0.8423104399401072
CEYPUT01,NERVEL,0.8422166328368974
CEYPUT01,NERVIP,0.8418719273601007
CEYPUT01,YIRSUQ,0.841228209811068
CEYPUT01,CEJFOO,0.8409081361508941
MOXDOT01,DERBIO,0.9998987841444148
MOXDOT01,DIBQIQ,0.9562353180473818
MOXDOT01,CIFMAH,0.9552284940745012
MOXDOT01,AXINIF,0.9549815554682102
MOXDOT01,DIBQOW,0.9545664463445992
MOXDOT01,MIHJUL,0.9541919667536072
MOXDOT01,HELDOT,0.9539822593448806
MOXDOT01,NIGPAW,0.9463756193920038
MOXDOT01,BUKLOJ,0.9447597934711915
MOXDOT01,DIBQEM,0.9425182735449112
MOXDOT01,ESEQUO,0.9348115710289592
MOXDOT01,FISQIK,0.9330075982925043
MOXDOT01,XUDVAV,0.927556230712544
MOXDOT01,ERUNUC,0.92252504453107
MOXDOT01,CAXZOS,0.9221313081560584
MOXDOT01,ERUNOW,0.922128286806746
MOXDOT01,DIDBOJ,0.922119793850148
MOXDOT01,DIDBEZ,0.9220865961263752
MOXDOT01,XAFFIV,0.9211229048820468
MOXDOT01,NOMPOW,0.9029966293704356
MOXDOT01,NOMPIQ01,0.9028429609813128
MOXDOT01,NOMPIQ,0.9028019832720288
MOXDOT01,WEMKEG,0.8998933728955882
MOXDOT01,FEXCES,0.8862770100693601
MOXDOT01,SEQSOY,0.88567855367835
MOXDOT01,RUYGAV,0.8848023771307826
MOXDOT01,LUWZUZ02,0.8757531812740285
MOXDOT01,LUWZUZ,0.8757300259351897
MOXDOT01,XUBKOU,0.875357621923982
MOXDOT01,QIQTOB,0.8673297032359756
MOXDOT01,VEFMAW,0.8650947251603458
MOXDOT01,CANROA,0.8650736579259257
MOXDOT01,CUWNIT,0.8648756771115074
MOXDOT01,ONOCUR,0.8629089339830454
MOXDOT01,XALMOO,0.8592584219523991
MOXDOT01,DIQHAO01,0.8553871085980884
MOXDOT01,POSGUB,0.8477252924860027
MOXDOT01,VEDGIW,0.8444233315745087
MOXDOT01,VODNOS,0.8444230605557156
MOXDOT01,CIJBEE,0.8444224021981294
MOXDOT01,ABAVOP,0.8444214476059744
MOXDOT01,VEDGES,0.8444197950854395
MOXDOT01,VEDFOB,0.8444124183070241
MOXDOT01,VEDGAO,0.8444088618915734
MOXDOT01,CEYPUT,0.8444078151528428
MOXDOT01,VEDFAN,0.8444032867325062
MOXDOT01,VEDFUH,0.844394223105955
MOXDOT01,VEDFER,0.8443890760976681
MOXDOT01,AHETAK,0.8443767762330484
MOXDOT01,BOWDIC,0.8443620587326872
MOXDOT01,BIPXIK,0.8443547694282736
MOXDOT01,EXUXEC,0.8442686736589836
MOXDOT01,ABAVIJ,0.8436374699433262
MOXDOT01,TATSIS01,0.8434694804143594
MOXDOT01,ABAVUV,0.8434485493614227
MOXDOT01,TATSIS,0.8433470482593434
MOXDOT01,XIHSAJ,0.8430825564994638
MOXDOT01,XIHSEN01,0.842789809303145
MOXDOT01,LASMAV,0.842742042659153
MOXDOT01,XIHSEN,0.8425405727059723
MOXDOT01,VEFLUP,0.8424784825619539
MOXDOT01,TONBOO,0.8421712832714053
MOXDOT01,VASYEW,0.8416630246337711
SIXNOF,SIXNEV,0.8958321262635129
SIXNOF,SIXNIZ,0.8957905875614665
SIXNOF,ASIVAB,0.8957720933653738
SIXNOF,IPUPOA,0.8646534221755531
SIXNOF,ANUGEW,0.8645710670196629
SIXNOF,LAYXER,0.8640811453310946
SIXNOF,LAYWOA,0.8632416732763994
SIXNOF,LAYXAN,0.8627401185675204
SIXNOF,HEHROE,0.8627073856031743
SIXNOF,DEKBON,0.8611783019199322
SIXNOF,ICAREL,0.860833530974962
SIXNOF,BAZFUF01,0.8588463576380991
SIXNOF,BAZFUF,0.8588265316745216
SIXNOF,NAFSOF,0.8585396299549808
SIXNOF,KIJRUS,0.8585241658404446
SIXNOF,ANUGOG,0.8559337137238594
SIXNOF,ANUGIA,0.8541020101700426
SIXNOF,QOWRAV,0.8513142380412555
SIXNOF,QOWRAV09,0.8512681532668436
SIXNOF,QOWRAV11,0.8512596422474028
SIXNOF,QOWRAV12,0.8512538976346855
SIXNOF,QOWRAV07,0.8512243889887185
SIXNOF,QOWRAV06,0.8511978714978788
SIXNOF,QOWRAV03,0.8511674969754428
SIXNOF,QOWRAV04,0.8511620638659378
SIXNOF,RUJMEQ,0.8466973285525675
VUSKAW,NIRZAQ,0.9999999969074294
DOTSOV31,DOTSOV37,0.9999999947386612
DEKBON,LAYXAN,0.999804610096784
DEKBON,LAYXER,0.9990755660531704
DEKBON,ANUGEW,0.9984758327291976
DEKBON,ANUGOG,0.9810172625324978
DEKBON,ANUGIA,0.9758338569102922
DEKBON,NAFSOF,0.974115076727907
DEKBON,BAZGAM,0.9719915750884648
DEKBON,ICAREL,0.9699568337484852
DEKBON,KIJRUS,0.96922868712134
DEKBON,HOYQIX,0.965070195842212
DEKBON,BAZFUF01,0.9628071500989692
DEKBON,BAZFUF,0.96276003631599
DEKBON,QOWRAV,0.9488577152582308
DEKBON,QOWRAV10,0.9488074207629248
DEKBON,QOWRAV12,0.9487607225274726
DEKBON,QOWRAV08,0.9487422128013744
DEKBON,QOWRAV07,0.948713335173173
DEKBON,QOWRAV02,0.9486039038221412
DEKBON,LAQNID,0.9232760787358064
DEKBON,ONIXOZ,0.9192595095036302
DEKBON,MIKVEK,0.9181714680710988
DEKBON,ORAWAH,0.9054008102103634
DEKBON,YUSWEP,0.8970852601263688
DEKBON,EPISOM,0.8838195076941181
DEKBON,CEFNIN,0.8814355321913978
DEKBON,MUNDOQ,0.879352276020089
DEKBON,NAPSUV,0.8789977156160882
DEKBON,EDOSEY,0.8777832139372164
DEKBON,AZAVUU,0.8760933117191461
DEKBON,HAYXIR,0.872420137996984
DEKBON,NIGDIS,0.8672433656130103
DEKBON,CEKHUY,0.8652808660355175
DEKBON,NEMCOA,0.865029473654099
DEKBON,KAGJOS,0.8636934509120168
DEKBON,SEMNIJ,0.8630713309122002
DEKBON,LURRIA,0.8625927999137369
DEKBON,SIXNIZ,0.8603156464315573
DEKBON,ASIVAB,0.8601359084166142
DEKBON,AVAKAL02,0.8572719828259474
DEKBON,KIRFOI,0.8566268474329006
DEKBON,QIZLOC,0.8548697783224573
DEKBON,KAJZIH,0.8547063262008106
DEKBON,NEHZUY,0.8542179136821164
DEKBON,GAVDUD,0.8541863308465545
DEKBON,NEHZOS,0.8541769502016816
DEKBON,QIZLIW,0.8524980329219072
DEKBON,WULJUJ,0.8490637967059493
DEKBON,DOTSOV02,0.8490492773668381
DEKBON,DOTSOV07,0.8489398685491333
DEKBON,DOTSOV16,0.8483473207287995
DEKBON,DOTSOV12,0.8483472603493869
DEKBON,DOTSOV08,0.8483472351122401
DEKBON,DOTSOV14,0.8483430730475099
DEKBON,DOTSOV10,0.8483425391353727
DEKBON,DOTSOV15,0.8483425367834263
DEKBON,DOTSOV42,0.8482814040630814
DEKBON,EBAMUS,0.8477879137394814
DEKBON,XAMDUM02,0.8474782176138526
DEKBON,BODPAN,0.8474684669120366
DEKBON,XAMDUM04,0.8473893715408216
DEKBON,XAMDUM03,0.8473406939451175
DEKBON,RILFEA,0.8471569493317312
DEKBON,XAMDUM01,0.8471547031911483
DEKBON,UXISUR,0.8471070334351151
DEKBON,YOZMEH,0.8471067697128415
DEKBON,XAMDUM,0.8471056510109017
DEKBON,FIQCEN,0.847083011528621
DEKBON,XAMDUM06,0.847027171802747
DEKBON,YOZMIL,0.8469321296550032
DEKBON,YOZNEI,0.8467545370984325
DEKBON,YOZMOR,0.8467327621555474
DEKBON,YOZNAE,0.8466777035320472
DEKBON,DIHVIB,0.8466400905393036
DEKBON,YOZPAG,0.8462834817718141
DEKBON,TISPAO,0.8443769410232301
DEKBON,QAWHIH01,0.8415783583938706
DEKBON,OQIZUL,0.8385547283647974
DEKBON,YOZNUY,0.8385090528432424
YOZNAE,DIHVIB,0.9999999569909942
YOZNAE,YOZMIL,0.9999978538254626
YOZNAE,YOZNIM,0.9999974107139518
YOZNAE,YOZPAG,0.9999953708477888
YOZNAE,FIQCEN,0.9999948723753672
YOZNAE,XAMDUM,0.9999942756152824
YOZNAE,YOZMEH,0.9999942452566176
YOZNAE,DIHVIB01,0.9999941723100872
YOZNAE,XAMDUM01,0.999992856823694
YOZNAE,RILFEA,0.999992798335651
YOZNAE,LUDLIH,0.9999873514524272
YOZNAE,XAMDUM03,0.9999860586935854
YOZNAE,XAMDUM05,0.9999782431840162
YOZNAE,DOTSOV13,0.9999066865951536
YOZNAE,DOTSOV11,0.9999066294656328
YOZNAE,DOTSOV15,0.999906087061221
YOZNAE,DOTSOV10,0.9999060867823596
YOZNAE,DOTSOV14,0.9999060052270566
YOZNAE,DOTSOV07,0.9995444374050328
YOZNAE,QAWHIH01,0.9993818330608788
YOZNAE,WULJUJ,0.9988077131688772
YOZNAE,DOTSOV02,0.9987858194282884
YOZNAE,OQIZUL,0.998599967964538
YOZNAE,NEHZOS,0.996102913334604
YOZNAE,NEHZUY,0.9960136990988836
YOZNAE,KAJZIH,0.9945731974535896
YOZNAE,QIZLOC,0.9936307878416348
YOZNAE,YOZNOS,0.9919533408322508
YOZNAE,YOZMUX,0.9882178321352122
YOZNAE,BABREE,0.9319593648714444
YOZNAE,ONIXOZ,0.9243380298372093
YOZNAE,EXOYAS,0.9196064657451266
YOZNAE,RAWYAS,0.9187288931256103
YOZNAE,IWEVAJ,0.918647737668081
YOZNAE,CITXUZ,0.9182489677794382
YOZNAE,YUGLES,0.9080517246916996
YOZNAE,YAGHUM,0.9079660396035576
YOZNAE,NUTQAV,0.9078854938367876
YOZNAE,NUTQEZ,0.9077923935308624
YOZNAE,OFOCUI,0.9077433906957928
YOZNAE,HOGLEV,0.9076260509907664
YOZNAE,MOCKEV,0.9075510557896056
YOZNAE,HOGLEV01,0.9074408511675932
YOZNAE,HANWAW,0.9061421781479152
YOZNAE,ALIXUP,0.8998329248894195
YOZNAE,HUCBOX01,0.8971918371687457
YOZNAE,HUCBOX,0.8969532255852634
YOZNAE,RAHBOU,0.8968509926785906
YOZNAE,MOBDIR,0.8957098214564243
YOZNAE,VUJBIM,0.8955387110917528
YOZNAE,GIKMOD,0.8935119299586943
YOZNAE,GIKMOD01,0.8927343322285716
YOZNAE,IPUPIU,0.8871629308404317
YOZNAE,VIXPUP01,0.8870127054982324
YOZNAE,RUVKAV,0.8869466848844673
YOZNAE,VIXPUP,0.886508258728757
YOZNAE,VIXPUP02,0.8864465124466022
YOZNAE,KANMIX,0.8850736781830191
YOZNAE,USEVOF,0.8850623351839673
YOZNAE,EMUBOF,0.8849740149888495
YOZNAE,IPUPOA,0.8847251436206096
YOZNAE,XEDMEB,0.8846104305871003
YOZNAE,ADONEP,0.8843718140418927
YOZNAE,EXAXAE,0.8818127607429237
YOZNAE,EXAXAE03,0.8814730771986489
YOZNAE,EMUBIZ,0.8814370085068113
YOZNAE,ANUGIA,0.87760690435155
YOZNAE,DICKEH,0.8769192985197636
YOZNAE,NEMCOA,0.8742459142633883
YOZNAE,CEKHUY,0.8736818347672177
YOZNAE,LAQNID,0.869036613299688
YOZNAE,KIRFOI,0.8655330518996737
YOZNAE,IWEQAD,0.8610362804519517
YOZNAE,TOVWAE,0.8609365812627081
YOZNAE,NIGDIS,0.860910097861423
YOZNAE,TEKYOA,0.8608352615521249
YOZNAE,JALPAQ,0.8578668379568167
YOZNAE,XITYOP,0.8572963133100013
YOZNAE,FALTUK,0.8535533741915996
YOZNAE,FAMQAO,0.8535533643647744
YOZNAE,FAMPUH,0.8535518013398583
YOZNAE,FAMQES,0.8535478203244078
YOZNAE,NAPSUV,0.8535418492898185
YOZNAE,EPISOM,0.8524454761114948
YOZNAE,ANUGEW,0.8522669561749698
YOZNAE,LAYXER,0.851287504346573
YOZNAE,LAYXAN,0.8490208365635465
YOZNAE,HEHROE,0.8489694107249683
YOZNAE,RUJMEQ,0.8462934147123807
YOZNAE,BAZFUF01,0.8399443573303603
YOZNAE,BAZFUF,0.839937125717754
YOZNAE,REGYOT,0.8395698444478626
YOZNAE,ICAREL,0.8395672839552085
YOZNAE,LUKLIN,0.8395616720661512
YOZNAE,HUJGEA,0.8387709530098252
JOQQAJ,VAKRIK,0.999986085563082
JOQQAJ,MOXDIN,0.9998746542330462
AMURUX08,AMURUX,0.999987505652536
AMURUX08,AMURUX06,0.9999874797940476
AMURUX08,AMURUX10,0.9999685009813092
AMURUX08,LICSEW04,0.9999469205780256
AMURUX08,MGFORD01,0.9999468318014202
AMURUX08,SIRBIG06,0.999595121725068
AMURUX08,ILECIN,0.9995827332527172
AMURUX08,NAXVOY,0.998801986603057
AMURUX08,XEHSOT,0.9968191180786264
AMURUX08,NAXVOY01,0.9965896751976412
AMURUX08,NAXVOY04,0.9964733997757116
AMURUX08,NIWZIE08,0.9958020988889044
AMURUX08,NIWZIE17,0.9950953306490178
FEPGEP,JUYJIY,0.929074769340505
BOYTEQ,LIJPAX,0.9999985221344596
BOYTEQ,DIWFAT,0.8518598903903882
BOYTEQ,REZFEK,0.8517625045744885
BOYTEQ,IVEMAZ,0.8509441571173733
BOYTEQ,FEJFAE,0.8503919684960587
BOYTEQ,HIYZEV01,0.8483560762285631
BOYTEQ,BIRMUM,0.845495143386129
BOYTEQ,BAMHIJ,0.8432678902871615
XAMDUM07,YOZNIM,0.9999998721827268
XAMDUM07,YOZMIL,0.9999998370572248
XAMDUM07,FIQCEN,0.999999003628566
XAMDUM07,YOZMOR,0.9999987550680192
XAMDUM07,XAMDUM,0.9999987313876336
XAMDUM07,YOZMEH,0.9999987170731022
XAMDUM07,UXISUR,0.9999987136869756
XAMDUM07,YOZNEI,0.9999984887974248
XAMDUM07,DIHVIB,0.999997828456564
XAMDUM07,XAMDUM03,0.9999939109888972
XAMDUM07,BODPAN,0.9999894831901536
XAMDUM07,XAMDUM05,0.9999884476840092
XAMDUM07,YOZPAG,0.999988319829035
XAMDUM07,XAMDUM04,0.9999866009967526
XAMDUM07,XAMDUM02,0.9999710755292348
XAMDUM07,DOTSOV42,0.999935211707786
XAMDUM07,DOTSOV11,0.9999294953976472
XAMDUM07,DOTSOV08,0.999928535537998
XAMDUM07,DOTSOV16,0.999928526618124
XAMDUM07,TISPAO,0.9998255864067548
XAMDUM07,EBAMUS,0.9998162526609904
XAMDUM07,DOTSOV07,0.999580664114435
XAMDUM07,QAWHIH01,0.999317307808009
XAMDUM07,QAWHIH,0.9992818338883892
XAMDUM07,WULJUJ,0.998855675673973
XAMDUM07,DOTSOV02,0.9988338761462408
XAMDUM07,OQIZUL,0.9985037483921952
XAMDUM07,YOZNUY,0.9984897455607402
XAMDUM07,GAVDUD,0.9962379339028896
XAMDUM07,NEHZUY,0.9961713766372736
XAMDUM07,QIZLOC,0.993829801637504
XAMDUM07,YOZNOS,0.9918641005018032
XAMDUM07,YOZMUX,0.9881065601280052
XAMDUM07,LASYOU,0.9465966363240312
XAMDUM07,ONIXOZ,0.9245702975241
XAMDUM07,RAWYAS,0.9188203980466056
XAMDUM07,IWEVAJ,0.9186671934341756
XAMDUM07,CITXUZ,0.918355661016228
XAMDUM07,YAGHUM,0.9079219034562642
XAMDUM07,NUTQAV,0.9078356734601812
XAMDUM07,NUTQEZ,0.9077367447492783
XAMDUM07,OFOCUI,0.9077041754327716
XAMDUM07,EXOGAB,0.9076333033545716
XAMDUM07,MOCKEV,0.9074839155835016
XAMDUM07,MOCKAR,0.9074769420875112
XAMDUM07,HANWAW,0.9062554919867448
XAMDUM07,PIDRAY,0.8996680472218768
XAMDUM07,HUCBOX02,0.897285149266956
XAMDUM07,MOFGOE,0.8957994829053323
XAMDUM07,MOBDIR,0.8957965167909308
XAMDUM07,VUJBIM,0.8954292474072587
XAMDUM07,MUDTEL,0.894777076989195
XAMDUM07,GIKMOD01,0.8929041921913536
XAMDUM07,HOYQIX,0.8872054839388793
XAMDUM07,IPUPIU,0.8871318637217193
XAMDUM07,VIXPUP01,0.8870538903713432
XAMDUM07,VIXPUP,0.8865777879762323
XAMDUM07,VIXPUP02,0.8865187644567711
XAMDUM07,KANMIX,0.8850677367722686
XAMDUM07,USEVOF,0.8850510264715415
XAMDUM07,XEDMEB,0.8846635075775265
XAMDUM07,ADONEP,0.8844220370374493
XAMDUM07,EXAXAE,0.8819553955517018
XAMDUM07,EXAXAE03,0.8816229801196702
XAMDUM07,EMUBIZ,0.881587662612845
XAMDUM07,ANUGIA,0.8775574324576082
XAMDUM07,DICKEH,0.8769994891998725
XAMDUM07,NEMCOA,0.8743981903175996
XAMDUM07,HIDTUM,0.8730790387142892
XAMDUM07,OKABAE,0.8669001185561583
XAMDUM07,KIRFOI,0.8656857968297641
XAMDUM07,NIGDIS,0.8609480098736614
XAMDUM07,TOVWAE,0.8608973470899058
XAMDUM07,TEKYOA,0.8608791103770155
XAMDUM07,OGEBAF,0.8586081331133447
XAMDUM07,OGEBAF01,0.8584158147781886
XAMDUM07,JALPAQ,0.8580100511433819
XAMDUM07,IXAJUN,0.857335940993357
XAMDUM07,FALTUK,0.853551807904086
XAMDUM07,FAMPUH,0.8535470234500127
XAMDUM07,NAPSUV,0.8535316425999264
XAMDUM07,EDOSEY,0.8534339072783718
XAMDUM07,MAVRAE,0.851194594705307
XAMDUM07,LAYXAN,0.8492142990354573
XAMDUM07,RUJMEQ,0.84631917197025
XAMDUM07,UWALEL,0.8446324710047761
XAMDUM07,BAZFUF01,0.8399017317599151
XAMDUM07,ICAREL,0.8396296923213452
XAMDUM07,LUKLIN,0.8396243602538248
XAMDUM07,SEMNIJ,0.8396133242443276
XAMDUM07,ENIHUG,0.8389821214964667
XAMDUM07,ENIHUG01,0.8389492974156918
XAMDUM07,HUJGEA,0.8388457018472197
FISQIK,XUDVAV,0.994206683415473
FISQIK,DIBQIQ,0.9478479790081352
FISQIK,CIFMAH,0.9469340169659656
FISQIK,NIGPEA,0.9468603032921784
FISQIK,AXINIF,0.9467023342498928
FISQIK,DIBQOW,0.9463101788652686
FISQIK,HELDOT,0.9457542755408356
FISQIK,NIGPAW,0.9374760760600156
FISQIK,DIBQEM,0.93354186252562
FISQIK,DERBIO,0.9329517747606338
FISQIK,FEYJOJ,0.9310766053540354
FISQIK,KESFOG,0.9305231010163882
FISQIK,BAKJOO,0.8962705301600107
FISQIK,LIDSIC,0.8962178477336763
FISQIK,BAKJII,0.8956625446973137
FISQIK,CANYIB,0.8946177214583985
FISQIK,XAPSIS,0.8868475310489792
FISQIK,CIPLIX,0.8863507270466787
FISQIK,JEDVUM,0.886313493776202
FISQIK,BUKLOJ,0.8846162568090894
FISQIK,ABAYOU,0.8828031708726266
FISQIK,FEXCAO01,0.8783888605133138
FISQIK,ESEQUO,0.8744246265769564
FISQIK,FEVDER,0.8727335990067162
FISQIK,NOMPOW,0.8720801709951083
FISQIK,NOMPIQ01,0.8719147253825864
FISQIK,CIKPEU,0.8718467382341525
FISQIK,ERUNOW,0.8656042548577054
FISQIK,JODGIU,0.8655516474678826
FISQIK,DIDBOJ,0.8654709960712411
FISQIK,DIDBEZ,0.8654584375907409
FISQIK,XAFFIV,0.8646752460268508
FISQIK,SIDXOV,0.8640911551225943
FISQIK,HALVEY,0.8574589132850089
FISQIK,CAQKAJ01,0.8573837720063595
FISQIK,CAQKAJ,0.857181899405304
FISQIK,CAQJOW,0.8548263928254858
FISQIK,YATDOP,0.8528414779887127
FISQIK,XALMII,0.851613679109104
FISQIK,QUSVOQ,0.8495397625192351
FISQIK,DIQHAO01,0.8484392796778917
FISQIK,NIDFOX,0.8451731127619869
FISQIK,DIQHAO,0.844553190400925
FISQIK,BIKMAL,0.8425400933222056
FISQIK,BIKMAL01,0.8420015981609317
FISQIK,QIQTOB,0.8405382474823561
VIKRUF,VIKSIU,0.9999993679174078
VIKRUF,VIKSEQ,0.9999992570296348
VIKRUF,VIKRIT,0.9998669164372852
VIKRUF,IZIBUQ,0.9426622209360804
VIKRUF,WIZMAV12,0.8939144419308371
VIKRUF,WIZMAV07,0.8938999965758522
VIKRUF,WIZMAV04,0.8938947426890734
VIKRUF,WIZMAV05,0.893888833078908
VIKRUF,ERARUM,0.8938556946520485
VIKRUF,EMIYUW,0.8819014355543531
VIKRUF,GAYXEM,0.8797507488001804
VIKRUF,RUBTAK03,0.8779283518590012
VIKRUF,SURLEY,0.8779282626933445
VIKRUF,UFOSEQ,0.8779279989677203
VIKRUF,OFOJAX,0.8588389635700249
VIKRUF,BUNLAZ,0.8487819887751631
VIKRUF,BUNKUS,0.8479878873865867
HICNUF,GERBEN,0.9160211611679424
HICNUF,HERHAQ,0.9159902366756408
HICNUF,EMIYUW,0.9159216327962094
HICNUF,HERHEU,0.9158310258001288
HICNUF,ERARUM,0.8789363855685632
HICNUF,WIZMAV05,0.8788942609974049
HICNUF,WIZMAV06,0.8788914584694615
HICNUF,WIZMAV08,0.878886696800186
HICNUF,WIZMAV04,0.8788864976813435
HICNUF,WIZMAV11,0.8788840376819437
HICNUF,WIZMAV,0.878882051114585
HICNUF,WIZMAV09,0.8788813447527983
HICNUF,WIZMAV07,0.8788795292695999
HICNUF,WIZMAV10,0.8788789893763544
HICNUF,WIZMAV12,0.8788600390690162
HICNUF,UVAHIK,0.8787594328849004
HICNUF,WUPTUY01,0.8465644440953264
HICNUF,OXOLAP,0.8464879351833772
HICNUF,BUNLAZ,0.8437711313807487
YANXIX02,YUKVUW04,0.999952341288164
YANXIX02,SANMEB,0.9998497510285504
YANXIX02,SIWYOO,0.9997426558370872
YANXIX02,KAVROQ,0.9996838657974796
YANXIX02,TEVZOK,0.9987737471120676
YANXIX02,AMOBEL02,0.9985024471565755
YANXIX02,AMOBEL01,0.9983406245777644
YANXIX02,ELUQIM08,0.9978705358410672
YANXIX02,ELUQIM06,0.9978336713448844
YANXIX02,ELUQIM01,0.9978025668989204
YANXIX02,ELUQIM13,0.9977637734792784
YUKVUW07,DAXNIA,0.9999625793300292
MUPQEU,QALHES,0.996374196833253
MUPQEU,QEJZUB,0.9888040891164792
MUPQEU,KELJIV,0.9819103668303872
MOXDIN01,VEGMIE,0.9996750410300828
GEDPAJ,WUPVAG,0.9242173368278532
XAMDUM,YOZMEH,0.9999999999589456
XAMDUM,DIHVIB01,0.9999999880870992
XAMDUM,FIQCEN,0.9999999835789146
XAMDUM,RILFEA,0.999999915304458
XAMDUM,YOZNIM,0.9999993666013728
XAMDUM,YOZMIL,0.9999989055268236
XAMDUM,LUDLIH,0.9999971359406172
XAMDUM,YOZMOR,0.9999953241586556
XAMDUM,DIHVIB,0.9999932403217108
XAMDUM,YOZPAG,0.9999793531557776
XAMDUM,DOTSOV42,0.999952074033396
XAMDUM,DOTSOV10,0.9999467320508096
XAMDUM,DOTSOV12,0.9999462898410368
XAMDUM,EBAMUS,0.99982835776886
XAMDUM,TISPAO,0.9997945757047172
XAMDUM,DOTSOV07,0.9996101649710672
XAMDUM,QAWHIH01,0.9992572252347112
XAMDUM,QAWHIH,0.999220244837121
XAMDUM,WULJUJ,0.9988955952191124
XAMDUM,DOTSOV02,0.9988738789686816
XAMDUM,QIZLIW,0.9984865172647536
XAMDUM,OQIZUL,0.9984154821442784
XAMDUM,YOZNUY,0.9984010744239732
XAMDUM,NEHZOS,0.9963948301554864
XAMDUM,GAVDUD,0.99637432523776
XAMDUM,YOZNOS,0.9917819388726096
XAMDUM,LASYOU,0.946540218571208
XAMDUM,BABREE,0.9321088022740602
XAMDUM,MIKVEK,0.9298342557585616
XAMDUM,EXOYAS,0.9197052093300456
XAMDUM,RAWYAS,0.918899110739332
XAMDUM,IWEVAJ,0.91868174093194
XAMDUM,GERWEH,0.908227231143753
XAMDUM,YUGLES,0.9079789298389442
XAMDUM,YAGHUM,0.9078799529825556
XAMDUM,NUTQAV,0.9077886677859952
XAMDUM,NUTQEZ,0.9076845557467452
XAMDUM,OFOCUI,0.9076665684626706
XAMDUM,HOGLEV01,0.9075710066087238
XAMDUM,MOCKEV,0.9074214967156812
XAMDUM,MOCKAR,0.9074131624385628
XAMDUM,HANWAW,0.9063535981658072
XAMDUM,ALIXUP,0.9002626465735967
XAMDUM,PIDRAY,0.8998736861971401
XAMDUM,HUCBOX02,0.8973029327937642
XAMDUM,HUCBOX01,0.8972481003690089
XAMDUM,HUCBOX,0.8970072445025148
XAMDUM,PAMQIF,0.8968014544896864
XAMDUM,MOFGOE,0.895873817404901
XAMDUM,MOBDIR,0.89587095033466
XAMDUM,MUDTEL,0.8946616387603595
XAMDUM,GIKMOD,0.8938019677970639
XAMDUM,GIKMOD01,0.893052636826942
XAMDUM,VIXPUP01,0.887087831849969
XAMDUM,RUVKAV,0.8870306689332632
XAMDUM,VIXPUP02,0.8865803461375218
XAMDUM,PAFZEE,0.8850765602236845
XAMDUM,KANMIX,0.8850597557926141
XAMDUM,USEVOF,0.8850382728638266
XAMDUM,IPUPOA,0.8849615851763475
XAMDUM,EMUBOF,0.8849197325925048
XAMDUM,XEDMEB,0.8847080294994045
XAMDUM,ADONEP,0.8844639865934643
XAMDUM,APUPEH,0.8821428279377175
XAMDUM,EXAXAE03,0.8817536610832556
XAMDUM,EMUBIZ,0.8817190124873814
XAMDUM,ANUGIA,0.8775107366407151
XAMDUM,DICKEH,0.8770681343400523
XAMDUM,CEKHUY,0.8739879623908554
XAMDUM,HIDTUM,0.8732344744793998
XAMDUM,IWEQAD,0.8610832187272566
XAMDUM,NIGDIS,0.8609790358792819
XAMDUM,TEKYOA,0.8609154222058127
XAMDUM,OGEBAF,0.8587198196318477
XAMDUM,OGEBAF01,0.8585321886373528
XAMDUM,JALPAQ,0.8581347790746027
XAMDUM,XITYOP,0.8575848742267195
XAMDUM,IXAJUN,0.8574734156352053
XAMDUM,IDUDIW,0.8564721280289922
XAMDUM,FAMQAO,0.8535482361688158
XAMDUM,FALTUK,0.8535477196161759
XAMDUM,FAMPUH,0.853540078475205
XAMDUM,FAMQES,0.8535308026055664
XAMDUM,ANUGEW,0.8525118318603175
XAMDUM,LAYXER,0.8515732474471545
XAMDUM,MAVRAE,0.8513024211698348
XAMDUM,LAYWOA,0.8501644504305579
XAMDUM,HEHROE,0.8493338832029865
XAMDUM,WARXUL,0.8486109876404684
XAMDUM,RUJMEQ,0.8463393891375471
XAMDUM,UWALEL,0.8448421053500713
XAMDUM,BAZFUF01,0.8398611245939358
XAMDUM,BAZFUF,0.8398528334465561
XAMDUM,ICAREL,0.8396825160239312
XAMDUM,LUKLIN,0.8396774328760397
XAMDUM,ENIHUG,0.83892125665184
XAMDUM,HUJGEA,0.8389095024807708
UYAPOA,BABRII,0.9968122817141964
UYAPOA,GUGNON,0.9919818692904312
UYAPOA,PIWLIT,0.9500339134707892
UYAPOA,ROZXEL,0.9485596365345238
UYAPOA,PIWLAL,0.9483026828939508
UYAPOA,DITTEH,0.9423929158633166
UYAPOA,PUGSER,0.9358362602106722
UYAPOA,LAWGOG,0.9070456908352824
UYAPOA,MIBQAR01,0.9070315475986916
UYAPOA,PEVQIS,0.9070013572169996
UYAPOA,MIBQAR12,0.9069912277123456
UYAPOA,PEVQOY,0.9068303238965716
UYAPOA,IFABIA02,0.9047477530187888
UYAPOA,IFABIA,0.9041644916564056
UYAPOA,REDROI,0.903960347362782
UYAPOA,VEGMOK03,0.9033186994507768
UYAPOA,VEGMOK04,0.9033143673300414
UYAPOA,KOZNEU,0.9026295915639296
UYAPOA,GOSDUP,0.900635430569355
UYAPOA,FIJCUX,0.8999738212705501
UYAPOA,ORIBAU,0.8988026802350388
UYAPOA,TONQOD,0.8941424746179396
UYAPOA,QEDZEG,0.8936612073730701
UYAPOA,XAFFER,0.8782956552654462
UYAPOA,QOZSIJ,0.8777936155525384
UYAPOA,QUQFEO,0.8762951847390044
UYAPOA,VAGMEX,0.8758196854769916
UYAPOA,NOXMAQ,0.8728944620255996
UYAPOA,OKELOH,0.8703461599433205
UYAPOA,YICQOS,0.8676199659923406
UYAPOA,DUZPUL,0.8644367629459906
UYAPOA,UFAMEW,0.8641920418708842
UYAPOA,UFOFUT,0.8585072882452367
UYAPOA,NAWXER,0.8584668585334508
UYAPOA,BEWCUD,0.8554147991457216
UYAPOA,YOZYUJ,0.8537479601404998
UYAPOA,CESQUP,0.8498542084004679
UYAPOA,VANHEA,0.8489343987099455
UYAPOA,NIYZIG,0.8485618112260177
UYAPOA,EZINAE,0.8476450459031544
UYAPOA,ACODIH,0.8448820346761361
UYAPOA,WORLAS,0.8421031358425421
UYAPOA,FECYUJ,0.8415750886294163
UYAPOA,EJIQIZ,0.840812881426001
UYAPOA,KUNLEL,0.8397429865537684
EGOZAB,HAWZEM,0.9999964073205077
EGOZAB,BAHGUN01,0.9999934050799196
EGOZAB,BAHGUN,0.9999913125059052
EGOZAB,QERZUI,0.9999860622026392
EGOZAB,BAHGUN03,0.9999838840190124
EGOZAB,BAHGUN02,0.9999044274470302
EGOZAB,QERZUI01,0.9998776823751064
EGOZAB,UGEPEB01,0.9997628248393496
EGOZAB,MURREW,0.9997169103741128
EGOZAB,UFUNIS,0.9996469855170098
EGOZAB,NIHDEQ,0.9996136803460172
EGOZAB,KAKTIA01,0.9994887702666144
EGOZAB,UGEPEB,0.9994630389248148
EGOZAB,POFDEV,0.999413093402979
EGOZAB,AHEMEG,0.9990782497622364
EGOZAB,IPINAY,0.9990184741772938
EGOZAB,VOJPUG01,0.9989827577866696
EGOZAB,NELCEN,0.99735126535266
EGOZAB,POFFEX,0.996870456492156
EGOZAB,QIWQES,0.9935226290227172
EGOZAB,ICAGOK,0.9220655079297284
EGOZAB,IXAJUN,0.8792888487686843
EGOZAB,JALPAQ,0.8792738899586681
EGOZAB,XICKOL,0.8780343818849277
EGOZAB,IDUSIM,0.8665487352195885
EGOZAB,IDUSIM01,0.8665212809300651
EGOZAB,UNACES,0.8665054422568591
EGOZAB,UNACIW,0.8664881165808378
EGOZAB,UNABUH01,0.8664799180163933
EGOZAB,ISISUZ,0.8664707444913132
EGOZAB,IDUTAF,0.866440171770264
EGOZAB,IDUTIN,0.8664319716925992
EGOZAB,IDUTEJ,0.8664185862005811
EGOZAB,EDOSEY,0.8662440747005637
EGOZAB,HOYKUD,0.8565653909421578
EGOZAB,QESBAR,0.8436610893849867
EGOZAB,ENITAX,0.8425563456206204
DOTSOV32,DOTSOV38,0.999999998839484
DITTEH,PUGSER,0.9986527668620904
DITTEH,GUGNON,0.9477566389102738
DITTEH,JENKET,0.9474484093124744
DITTEH,PIWLIT,0.9329836777653294
DITTEH,ROZXEL,0.932803793197558
DITTEH,UFAMEW,0.9305699281896612
DITTEH,DUZPUL,0.9299263217738538
DITTEH,QUQFEO,0.9192081542745184
DITTEH,EZINAE,0.9024879517787991
DITTEH,DUPKAC,0.8888642617596691
DITTEH,KOZNEU,0.8872981507677447
DITTEH,REGREC,0.8872977620122853
DITTEH,VEGMOK01,0.8872788549691104
DITTEH,VEGMOK04,0.8872738277865704
DITTEH,FUTZEB,0.8872419716591384
DITTEH,NIWYID,0.8872061243679119
DITTEH,IFABIA,0.8871570095869926
DITTEH,NIWYOJ,0.8870464595758801
DITTEH,FIJCUX,0.8870163147511093
DITTEH,IFABIA02,0.8869956647636987
DITTEH,IFABIA01,0.8869736976682011
DITTEH,PEJPEB,0.8869550574241692
DITTEH,IJEXIF01,0.8868540737344102
DITTEH,ACIBOE,0.8868470138089986
DITTEH,VEHKAW,0.8867983770769996
DITTEH,NANYUX03,0.8867853022935244
DITTEH,UNAGOH,0.8867300294123157
DITTEH,VUSKEA,0.8854458294491415
DITTEH,MIBQAR15,0.8854044557467426
DITTEH,PEVQIS,0.8853972719978964
DITTEH,MIBQAR12,0.8853921251048366
DITTEH,MIBQAR01,0.8853333624656211
DITTEH,HOLRAD,0.8853271484913121
DITTEH,VAZTUM,0.8853122425335368
DITTEH,LAWGOG,0.8853064853241219
DITTEH,JEDVIA,0.8852064715957524
DITTEH,GOSDUP,0.8845672031978921
DITTEH,TONQOD,0.8836369666695998
DITTEH,KUNLEL,0.883145682335116
DITTEH,RUPVAB,0.8766308061221512
DITTEH,JAYXAL,0.8727381758947685
DITTEH,YICQOS,0.870772179800732
DITTEH,XAFFER,0.8658183695248236
DITTEH,VAGMEX,0.8652967518917045
DITTEH,XAFFAN,0.8651847449861023
DITTEH,OKELOH,0.8575095604069335
DITTEH,NIKHAS,0.849836587944785
DITTEH,NAWXER,0.8490678865707556
DITTEH,HIFGIO,0.8480909548712561
DITTEH,QOZSIJ,0.84645799563192
DITTEH,IGUFOH,0.8453843059668564
DITTEH,DOYHOQ,0.8408646584711409
DITTEH,DOYHIK,0.8402687423911297
DITTEH,NUFBOH,0.8401843121937782
DITTEH,NASROR,0.8400105034523546
PASGIB02,PASGEX04,0.999998468432901
PASGIB02,NIPWIT01,0.8946656549644256
PASGIB02,DECYAO,0.8919632145906562
PASGIB02,SARBUK,0.8830998020491444
PASGIB02,DECYOC,0.8807188520982644
PASGIB02,DECXUH,0.8763943109437007
PASGIB02,TACTUP,0.8740466189569182
PASGIB02,LOWQIX,0.854592976530639
PASGIB02,EGIKUB01,0.8529204589161131
PASGIB02,DARYIF,0.8432670729286537
TACTUP,PASGEX04,0.8738395069415327
TACTUP,DECYAO,0.8683062220563585
TACTUP,DECXUH,0.8647767694006993
TACTUP,DECYOC,0.8581314399479218
TACTUP,DECYES,0.8462778998726803
IGAHED01,UGECEO01,0.999913571534599
IGAHED01,IGAHED02,0.999761251850255
IGAHED01,IGAHED,0.9997539981886572
IGAHED01,SACMOA,0.9995335680081608
IGAHED01,WINCEC,0.9928896148740424
IGAHED01,NAVJAW01,0.8667381753011558
IGAHED01,XUZRIU,0.8640549180014658
IGAHED01,XEVSIB,0.8636104456711144
IGAHED01,HABZEQ,0.8634554796169293
IGAHED01,WOCGUR,0.8469733595852932
IGAHED01,VOSSUT,0.8399816136004801
MIBQAR,MIBQAR01,0.999999877256754
MIBQAR,MIBQAR06,0.9999989145373208
ENIHUG01,CEZYOY,0.9185500114120418
ENIHUG01,HOYQIX,0.9162977895317336
ENIHUG01,ANUGIA,0.906514615348408
ENIHUG01,EXOGAB,0.8902255990699728
ENIHUG01,ANUGEW,0.8885577719438396
ENIHUG01,LAYXER,0.8871403974483021
ENIHUG01,LAYXAN,0.884047926682498
ENIHUG01,HEHROE,0.8839798515917351
ENIHUG01,LAQNID,0.87460900418261
ENIHUG01,QOWRAV10,0.8678888516272436
ENIHUG01,QOWRAV09,0.8678821772081274
ENIHUG01,QOWRAV11,0.8678783374730552
ENIHUG01,QOWRAV08,0.8678705401963617
ENIHUG01,QOWRAV07,0.8678624101947425
ENIHUG01,QOWRAV05,0.8678387484988963
ENIHUG01,ORAWAH,0.8677170350979116
ENIHUG01,NIGDIS,0.8663187022713781
ENIHUG01,UWALEL,0.8656082622083114
ENIHUG01,BAZGAM,0.8641845751750296
ENIHUG01,MIKVEK,0.8605905159417476
ENIHUG01,EDOSEY,0.8600270990434506
ENIHUG01,NAPSUV,0.8597853150719557
ENIHUG01,NAFSOF,0.8593898371236468
ENIHUG01,ONIXOZ,0.8536341457440662
ENIHUG01,YIMQOD,0.8458436402055085
ENIHUG01,XICKOL,0.8448959110272803
ENIHUG01,QAWHIH,0.839683001230481
ENIHUG01,OQIZUL,0.839548442151084
ENIHUG01,DIHVIB,0.8390269109292252
ENIHUG01,YOZMOR,0.8390000782676872
ENIHUG01,YOZNEI,0.8389931639001192
ENIHUG01,YOZNIM,0.8389308431498987
ENIHUG01,FIQCEN,0.8388942641818958
ENIHUG01,YOZMEH,0.8388866980041237
ENIHUG01,UXISUR,0.8388866138005561
ENIHUG01,DIHVIB01,0.8388859801335897
ENIHUG01,RILFEA,0.8388705618583017
ENIHUG01,LUDLIH,0.8388365427217349
ENIHUG01,XAMDUM03,0.8388096423538872
ENIHUG01,XAMDUM04,0.8387856437997732
ENIHUG01,XAMDUM05,0.8387539271018084
ENIHUG01,XAMDUM02,0.8387388381501322
ENIHUG01,DOTSOV42,0.8384489673974553
ENIHUG01,DOTSOV13,0.8384246635680449
ENIHUG01,DOTSOV11,0.8384244540279995
ENIHUG01,DOTSOV15,0.8384224669884991
ENIHUG01,DOTSOV12,0.8384203881368771
DOTSOV08,DOTSOV12,0.9999999895820688
DOTSOV08,BODPAN,0.9999722533171904
DOTSOV08,XAMDUM04,0.9999622508765532
DOTSOV08,LUDLIH,0.9999559332231308
DOTSOV08,XAMDUM01,0.9999503056132762
DOTSOV08,YOZMEH,0.9999464017900946
DOTSOV08,FIQCEN,0.9999444147684587
DOTSOV08,XAMDUM06,0.9999396142372068
DOTSOV08,YOZNIM,0.9999341393107452
DOTSOV08,YOZMIL,0.9999309189364444
DOTSOV08,YOZNEI,0.999912922816752
DOTSOV08,YOZMOR,0.9999110880057688
DOTSOV08,DIHVIB,0.9999014516931356
DOTSOV08,DOTSOV07,0.9997408988302732
DOTSOV08,WULJUJ,0.9990948620062968
DOTSOV08,DOTSOV02,0.999073708544422
DOTSOV08,QIZLIW,0.9990023811012624
DOTSOV08,QAWHIH,0.998757839879168
DOTSOV08,OQIZUL,0.9977797416161666
DOTSOV08,YOZNUY,0.9977627018081278
DOTSOV08,GAVDUD,0.9972005602350128
DOTSOV08,QIZLOC,0.9950783254744018
DOTSOV08,YOZNOS,0.9911911613821086
DOTSOV08,BABREE,0.9324954761296984
DOTSOV08,ORAWAH,0.93168916889173
DOTSOV08,EXOYAS,0.9199364619293514
DOTSOV08,RAWYAS,0.9193495018652572
DOTSOV08,CITXUZ,0.9189863058393604
DOTSOV08,GERWEH,0.908108782269932
DOTSOV08,HOGLEV01,0.9078985677973136
DOTSOV08,YUGLES,0.90768485707231
DOTSOV08,YAGHUM,0.9075452035421406
DOTSOV08,NUTQEZ,0.907283251194374
DOTSOV08,MOCKEV,0.9069539355331716
DOTSOV08,MOCKAR,0.9069365250284916
DOTSOV08,HANWAW,0.906930601161263
DOTSOV08,ALIXUP,0.9015096909023154
DOTSOV08,HUCBOX02,0.8973567654169241
DOTSOV08,HUCBOX01,0.8973492066506972
DOTSOV08,RAHBOU,0.8971948657994623
DOTSOV08,HUCBOX,0.897102132321427
DOTSOV08,PAMQIF,0.8970327184796043
DOTSOV08,MOFGOE,0.8962956867261792
DOTSOV08,VUJBIM,0.894616970165
DOTSOV08,MUDTEL,0.8938494150635592
DOTSOV08,GINTUT,0.8872537523320121
DOTSOV08,VIXPUP,0.886960011576009
DOTSOV08,VIXPUP02,0.8869191867097512
DOTSOV08,IPUPIU,0.8868423570502197
DOTSOV08,IPUPOA,0.8856151131294308
DOTSOV08,PAFZEE,0.8850327868582967
DOTSOV08,KANMIX,0.884945926635277
DOTSOV08,XEDMEB,0.884935797889601
DOTSOV08,EMUBOF,0.884682321513866
DOTSOV08,ADONEP,0.8846758306858842
DOTSOV08,APUPEH,0.8828812165198805
DOTSOV08,EXAXAE03,0.8825426565539558
DOTSOV08,EMUBIZ,0.8825123607423393
DOTSOV08,ANUGOG,0.8779620211885113
DOTSOV08,DICKEH,0.8774529684473067
DOTSOV08,NEMCOA,0.8753337404328814
DOTSOV08,LAQNID,0.8692419399573739
DOTSOV08,OKABAE,0.8676511646401723
DOTSOV08,KIRFOI,0.8666244848980653
DOTSOV08,NIGDIS,0.8611190547872279
DOTSOV08,TEKYOA,0.861089754176182
DOTSOV08,XICKOL,0.8608883152296858
DOTSOV08,TOVWAE,0.8605533420179875
DOTSOV08,OGEBAF,0.8593852342397299
DOTSOV08,OGEBAF01,0.8592279361104532
DOTSOV08,XITYOP,0.8583986270258924
DOTSOV08,IXAJUN,0.8583066833401151
DOTSOV08,FAMQES,0.8534074724304603
DOTSOV08,NAPSUV,0.8533813450033072
DOTSOV08,ANUGEW,0.853191237672731
DOTSOV08,EDOSEY,0.853177700905323
DOTSOV08,EPISOM,0.8529172605206825
DOTSOV08,LAYXER,0.8523780802356906
DOTSOV08,MAVRAE,0.8519425424294156
DOTSOV08,LAYXAN,0.8504255358148991
DOTSOV08,HEHROE,0.8503804484988425
DOTSOV08,RUJMEQ,0.8464089826686246
DOTSOV08,UWALEL,0.8461460361219184
DOTSOV08,REGYOT,0.8399659016026758
DOTSOV08,ICAREL,0.8399643331494794
DOTSOV08,LUKLIN,0.8399608713537539
DOTSOV08,BAZFUF01,0.8395351106394711
DOTSOV08,BAZFUF,0.8395235771321791
DOTSOV08,SEMNIJ,0.8394006701389052
DOTSOV08,HUJGEA,0.8392628452624085
DOTSOV08,BAZGAM,0.8384743444116011
HUCBOX02,HUCBOX,0.9997937252643164
HUCBOX02,PAMQIF,0.9997163070722896
HUCBOX02,GIKMOD,0.9972567338078692
HUCBOX02,DOTSOV12,0.8973571051206546
HUCBOX02,DOTSOV14,0.8973571046203004
HUCBOX02,DOTSOV15,0.8973567644445024
HUCBOX02,DOTSOV10,0.8973567643407673
HUCBOX02,DOTSOV11,0.8973567616861803
HUCBOX02,DOTSOV13,0.8973567614247182
HUCBOX02,XAMDUM04,0.8973270561371037
HUCBOX02,XAMDUM03,0.8973208671760124
HUCBOX02,LUDLIH,0.8973175888871133
HUCBOX02,XAMDUM01,0.8973072597037183
HUCBOX02,UXISUR,0.8973030464505348
HUCBOX02,YOZMEH,0.8973030223543865
HUCBOX02,FIQCEN,0.8973010352208195
HUCBOX02,YOZNIM,0.897291148402
HUCBOX02,YOZMIL,0.8972888200086166
HUCBOX02,YOZNEI,0.8972726191948438
HUCBOX02,YOZMOR,0.8972696443375969
HUCBOX02,DIHVIB,0.8972580568745044
HUCBOX02,EBAMUS,0.8972442010976611
HUCBOX02,DOTSOV07,0.8971499364729904
HUCBOX02,WULJUJ,0.8965491277019965
HUCBOX02,DOTSOV02,0.8965291953190185
HUCBOX02,OQIZUL,0.8951361160048447
HUCBOX02,YOZNUY,0.8951189369416908
HUCBOX02,NEHZOS,0.8945758902284362
HUCBOX02,GAVDUD,0.8945597627441502
HUCBOX02,NEHZUY,0.8945004200372328
HUCBOX02,KAJZIH,0.893262084162565
HUCBOX02,YOZNOS,0.8888285995572625
HUCBOX02,YOZMUX,0.8849810112969285
HUCBOX02,DALSOA,0.8441144924718834
LAWGOG,LAWFOF,0.9999999841635812
LAWGOG,HOLRAD,0.9999999455042186
LAWGOG,MIBQAR01,0.9999999053931596
LAWGOG,SAHYIK,0.999999790877534
LAWGOG,PEVQIS,0.9999988489243112
LAWGOG,MIBQAR15,0.9999987538987404
LAWGOG,VUSKEA,0.9999974616673012
LAWGOG,PEVQOY,0.9999860316363548
LAWGOG,IFABIA03,0.9989771397711726
LAWGOG,IFABIA01,0.998888938104564
LAWGOG,VEGMOK03,0.9984261086750316
LAWGOG,VEGMOK04,0.9984235495068208
LAWGOG,VEGMOK01,0.998380532304901
LAWGOG,FIJCUX,0.9962330257983188
LAWGOG,ORIBAU,0.995407546249341
LAWGOG,PIWLIT,0.944713542523285
LAWGOG,PIWLAL,0.9435501315867376
LAWGOG,WUHNUK,0.908045166543272
LAWGOG,BABRII,0.9076218758488416
LAWGOG,YOCGAZ,0.9064766153175884
LAWGOG,VIKBUP,0.906008565614584
LAWGOG,HUTZAX01,0.905884827766198
LAWGOG,GUGNON,0.9046679624340164
LAWGOG,NEHGIS,0.9046222760120852
LAWGOG,JENKET,0.9036493243807138
LAWGOG,AWEYAE,0.9019508623849092
LAWGOG,CESQUP,0.8973132288731629
LAWGOG,JEDDII,0.8971897940443769
LAWGOG,PICCUC,0.8970363477304937
LAWGOG,SACHIP,0.8960800448820019
LAWGOG,ACODIH,0.8947300800713057
LAWGOG,QEDZEG,0.8909643611696301
LAWGOG,EKEKEL,0.8872925526883663
LAWGOG,UKOLOV,0.8851656322949882
LAWGOG,WORLAS,0.8849560155338988
LAWGOG,FECYUJ,0.8845374664915213
LAWGOG,MIMRAB01,0.8842342051135593
LAWGOG,NIKHAS,0.8840107975133373
LAWGOG,QAQSAD,0.8822299702561266
LAWGOG,DUPKAC,0.8779288839632038
LAWGOG,IDIXAU,0.8778288652411161
LAWGOG,WUMDIT,0.8765823689983085
LAWGOG,XOQXIL,0.8758139118754626
LAWGOG,IJEXIF01,0.8744440598772567
LAWGOG,NIWYID,0.8737720029155693
LAWGOG,REGREC,0.8730636087982764
LAWGOG,VAGMEX,0.8730155390761078
LAWGOG,MEWPIQ,0.8724729198195484
LAWGOG,FUTZEB,0.8722837653564935
LAWGOG,FUTYOK,0.8717852733902444
LAWGOG,RUPVAB,0.8715276314498267
LAWGOG,ACIBOE,0.8706693573272688
LAWGOG,NANYUX01,0.8706077851933949
LAWGOG,VEHKAW,0.8705225492112119
LAWGOG,NANYUX03,0.8704825082059516
LAWGOG,UNAGOH,0.8703223316722642
LAWGOG,OKELOH,0.8666905912867741
LAWGOG,SAVMAE,0.8642421233757378
LAWGOG,XEGWIS,0.862544493935461
LAWGOG,XEGXIT,0.8625137741815879
LAWGOG,XEGWAK,0.8625014981630905
LAWGOG,IGUFOH,0.8610953313307392
LAWGOG,ZAQXEX,0.8592926041343045
LAWGOG,UBUMAH,0.8588028851342715
LAWGOG,HUVGEM,0.8578225741919154
LAWGOG,XENMIO,0.8577871985115711
LAWGOG,XOHNEO,0.8548076425194177
LAWGOG,HIFGIO,0.8540247299895615
LAWGOG,WOJZOK01,0.8531193804904189
LAWGOG,SIXWON,0.8530968603593959
LAWGOG,TACJEO,0.8525699599554358
LAWGOG,CIQHOC,0.8502768937589789
LAWGOG,PURJES,0.8494031647262358
LAWGOG,NISCOJ,0.8456676077976004
LAWGOG,MACHIJ,0.8446717267798072
LAWGOG,IGINIX,0.8440694967222144
LAWGOG,VURMOL,0.8383455360394556
DOTSOV21,DOTSOV03,0.9999999997285054
DOTSOV21,DOTSOV24,0.9999999930470412
MOCKAR,QAWHIH,0.9082473301148112
MOCKAR,QAWHIH01,0.908245571774529
MOCKAR,OQIZUL,0.9081290428359282
MOCKAR,YOZNUY,0.9081250622114796
MOCKAR,YOZPAG,0.9076549721360768
MOCKAR,DIHVIB,0.9075565677545367
MOCKAR,YOZMOR,0.9075289623979363
MOCKAR,YOZMIL,0.9074684637316688
MOCKAR,XAMDUM06,0.907438574562664
MOCKAR,FIQCEN,0.9074205462155662
MOCKAR,UXISUR,0.9074127101873252
MOCKAR,DIHVIB01,0.9074120476992515
MOCKAR,XAMDUM01,0.9073969988579184
MOCKAR,RILFEA,0.9073962716663188
MOCKAR,LUDLIH,0.9073613093585156
MOCKAR,XAMDUM03,0.9073339165093454
MOCKAR,XAMDUM04,0.9073091957670264
MOCKAR,XAMDUM05,0.9072769197848812
MOCKAR,XAMDUM02,0.9072613701974392
MOCKAR,DOTSOV42,0.9069656299240924
MOCKAR,EBAMUS,0.9069639255322208
MOCKAR,DOTSOV13,0.9069408565129554
MOCKAR,DOTSOV11,0.906940642948284
MOCKAR,DOTSOV10,0.906938616675049
MOCKAR,DOTSOV12,0.9069364862521266
MOCKAR,DOTSOV07,0.9063003906253888
MOCKAR,WULJUJ,0.9053206524242848
MOCKAR,DOTSOV02,0.9052968610180132
MOCKAR,QIZLIW,0.903661517677453
MOCKAR,YOZNOS,0.901358000703032
MOCKAR,GAVDUD,0.900335110750515
MOCKAR,NEHZUY,0.9002389808832256
MOCKAR,KAJZIH,0.8982525609690928
MOCKAR,QIZLOC,0.8969984484003479
MOCKAR,LASYOU,0.86512075895309
MOCKAR,ORAWAH,0.8535533630364235
MOCKAR,DALSOA,0.8524239192891041
MOCKAR,BABREE,0.8500827387728385
MOCKAR,MIKVEK,0.8463105842281067
MOCKAR,EXOYAS,0.8406617885586428
MOCKAR,IWEVAJ,0.8404228071024346
RUBTAK05,SURKUN01,0.9999999999200232
RUBTAK05,RUBTAK07,0.9999999982117412
RUBTAK05,UFOSEQ,0.9999999953829172
RUBTAK05,SURLEY,0.9999999919316056
RUBTAK05,RUBTAK03,0.9999999905444866
RUBTAK05,SURHEU02,0.9999999892319752
RUBTAK05,UVAHIK,0.9470053104699212
RUBTAK05,WIZMAV10,0.9469457628054224
RUBTAK05,WIZMAV11,0.9469429934596292
RUBTAK05,WIZMAV08,0.9469415258910728
RUBTAK05,WIZMAV06,0.946938882466972
RUBTAK05,ERARUM,0.9469129313967412
RUBTAK05,ERANAO,0.9367937279558108
RUBTAK05,IXETEM,0.9082474084041756
RUBTAK05,RUKDIM,0.907575619273668
RUBTAK05,XULGIW,0.907571323856428
RUBTAK05,WUPTUY01,0.9049554912911656
RUBTAK05,HERHEU,0.904633623361964
RUBTAK05,BUNLAZ,0.8982348182028491
RUBTAK05,IZIBUQ,0.8904993114855421
RUBTAK05,VIKROZ,0.8778752205876178
RUBTAK05,DITJOH,0.8778607034129241
RUBTAK05,VIKRIT,0.8776532285777179
RUBTAK05,XIJVIY,0.8770396110525208
RUBTAK05,ESEBOV,0.8753334335504753
NUTQEZ,NUTQAV,0.9999946847821296
NUTQEZ,YAGHUM,0.9999792696487888
NUTQEZ,YUGLES,0.9999462160849883
NUTQEZ,DICKEH,0.9600323956145094
NUTQEZ,HABQUY,0.9480841301312072
NUTQEZ,RUVKAV,0.9463822868190525
NUTQEZ,OGEBAF,0.9370032902861598
NUTQEZ,OGEBAF01,0.9367173356414616
NUTQEZ,BIHRUI,0.9142268478638148
NUTQEZ,BIHROC,0.9124417313717972
NUTQEZ,QAWHIH01,0.908235939349542
NUTQEZ,OQIZUL,0.9079897843277536
NUTQEZ,YOZPAG,0.9078795925981392
NUTQEZ,DIHVIB,0.9078012020066144
NUTQEZ,YOZNEI,0.9077730500765112
NUTQEZ,YOZNIM,0.9077213021984452
NUTQEZ,DIHVIB01,0.9076836393461222
NUTQEZ,LUDLIH,0.9076414550989864
NUTQEZ,XAMDUM03,0.9076191084043106
NUTQEZ,BODPAN,0.9075812730597108
NUTQEZ,XAMDUM05,0.9075716667527108
NUTQEZ,XAMDUM02,0.907555840138918
NUTQEZ,DOTSOV42,0.9073082003174472
NUTQEZ,DOTSOV13,0.9072869671658068
NUTQEZ,DOTSOV11,0.9072867839728076
NUTQEZ,DOTSOV15,0.9072850466367336
NUTQEZ,DOTSOV10,0.9072850457414018
NUTQEZ,EBAMUS,0.9072849047683051
NUTQEZ,DOTSOV14,0.9072848179010888
NUTQEZ,DOTSOV16,0.907283218450967
NUTQEZ,FISGOF,0.9069867874582626
NUTQEZ,WULJUJ,0.9057680490879852
NUTQEZ,QIZLIW,0.9043309576638738
NUTQEZ,YOZNOS,0.9012413963054028
NUTQEZ,GAVDUD,0.9012198660647684
NUTQEZ,NEHZUY,0.9011291794536022
NUTQEZ,KAJZIH,0.899248202182878
NUTQEZ,YOZMUX,0.8978850359742204
NUTQEZ,QIYDIN,0.8852028119940973
NUTQEZ,FAGQAI,0.8802974825548419
NUTQEZ,LASYOU,0.8651280333279422
NUTQEZ,DALSOA,0.8527437833708865
NUTQEZ,BABREE,0.850662221822733
NUTQEZ,ONIXOZ,0.8404977775156182
NUTQEZ,RAWYAS,0.8396194551540699
NUTQEZ,CITXUZ,0.8388844585874381
OQIZUL,YOZNUY,0.9999999656760196
OQIZUL,QAWHIH,0.999858483323785
OQIZUL,QAWHIH01,0.9998420792610776
OQIZUL,TISPAO,0.9993503192604194
OQIZUL,DIHVIB,0.9986154219660268
OQIZUL,YOZMOR,0.9985766882402112
OQIZUL,YOZNEI,0.9985669071520372
OQIZUL,YOZMIL,0.9984920461826576
OQIZUL,XAMDUM06,0.9984505337358304
OQIZUL,UXISUR,0.9984148596592562
OQIZUL,DIHVIB01,0.9984139618578364
OQIZUL,XAMDUM01,0.9983932757717462
OQIZUL,RILFEA,0.9983922656473851
OQIZUL,LUDLIH,0.9983453244259448
OQIZUL,XAMDUM03,0.9983070898406532
OQIZUL,XAMDUM04,0.9982757714095376
OQIZUL,BODPAN,0.9982456220773008
OQIZUL,XAMDUM05,0.9982299242501292
OQIZUL,XAMDUM02,0.9982154805373916
OQIZUL,EBAMUS,0.9978631378083292
OQIZUL,DOTSOV42,0.9978176217041932
OQIZUL,DOTSOV14,0.9977821291213008
OQIZUL,DOTSOV12,0.9977797045571978
OQIZUL,DOTSOV16,0.9977796920170836
OQIZUL,DOTSOV07,0.9970326261096712
OQIZUL,WULJUJ,0.9959554901479124
OQIZUL,QIZLIW,0.9938240325856096
OQIZUL,NEHZOS,0.9900778329817496
OQIZUL,GAVDUD,0.9900443048290491
OQIZUL,KAJZIH,0.9877284519817718
OQIZUL,QIZLOC,0.9863482647719082
OQIZUL,LASYOU,0.9469955412042242
OQIZUL,DALSOA,0.931031489757824
OQIZUL,BABREE,0.9281424413231442
OQIZUL,MIKVEK,0.9238108361845108
OQIZUL,IWEVAJ,0.9166391607541614
OQIZUL,EXOYAS,0.9165777335074584
OQIZUL,RAWYAS,0.9145892418058054
OQIZUL,XIJSUH,0.9081270334670242
OQIZUL,MOCKEV,0.9080895675357604
OQIZUL,NUTQAV,0.9079103588141514
OQIZUL,YAGHUM,0.9078227069790152
OQIZUL,YUGLES,0.9077003038088152
OQIZUL,HOGLEV,0.9043665848131606
OQIZUL,EXOGAB,0.9042285820043224
OQIZUL,HOGLEV01,0.9039235923032656
OQIZUL,MUDTEL,0.8972117903016001
OQIZUL,HUCBOX01,0.894824731383783
OQIZUL,HUCBOX,0.8946240283604912
OQIZUL,RAHBOU,0.8937693798269287
OQIZUL,PAMQIF,0.8936793721387661
OQIZUL,MOBDIR,0.8917112777706397
OQIZUL,ALIXUP,0.8916826751113636
OQIZUL,PIDRAY,0.8911294527446627
OQIZUL,GIKMOD,0.8875158711579767
OQIZUL,IPUPIU,0.8866331093073627
OQIZUL,HOYQIX,0.88645406347978
OQIZUL,GIKMOD01,0.8863014628680611
OQIZUL,GINTUT,0.8856616807806044
OQIZUL,EMUBOF,0.8843329294460869
OQIZUL,USEVOF,0.8839487723585108
OQIZUL,KANMIX,0.883801752049106
OQIZUL,VIXPUP,0.883013802885557
OQIZUL,VIXPUP02,0.882872083233511
OQIZUL,WANJIF,0.8826823647528861
OQIZUL,XEDMEB,0.8815995684108715
OQIZUL,IPUPOA,0.8795585377822168
OQIZUL,ANUGIA,0.8776214593456926
OQIZUL,APUPEH,0.8762839659689248
OQIZUL,EXAXAE,0.8761754279144358
OQIZUL,ANUGOG,0.8758890092745092
OQIZUL,EXAXAE03,0.8756232517242162
OQIZUL,DICKEH,0.8731117327957006
OQIZUL,NEMCOA,0.8683267012032163
OQIZUL,CEKHUY,0.8674372253607829
OQIZUL,LAQNID,0.8664856641044699
OQIZUL,HABQUY,0.8635817779031495
OQIZUL,OKABAE,0.8616629943333426
OQIZUL,KIRFOI,0.8596001378283067
OQIZUL,IWEQAD,0.8588145039469578
OQIZUL,NIGDIS,0.8583457149929499
OQIZUL,NAPSUV,0.8523957524717929
OQIZUL,FAMQES,0.8523241899007796
OQIZUL,FAMPUH,0.8522454691006226
OQIZUL,JALPAQ,0.8522125548135328
OQIZUL,FALTUK,0.8521522634997614
OQIZUL,FAMQAO,0.8521440311178676
OQIZUL,XITYOP,0.8513240749667463
OQIZUL,IXAJUN,0.8511054974596552
OQIZUL,IDUDIW,0.8495096193161683
OQIZUL,EPISOM,0.8488799796746703
OQIZUL,LAYXER,0.8453578976235477
OQIZUL,LAYWOA,0.843097040896778
OQIZUL,LAYXAN,0.8418995183011219
OQIZUL,HEHROE,0.8418240787380059
OQIZUL,BAZFUF,0.83976570170088
OQIZUL,BAZFUF01,0.8397563434322477
OQIZUL,YIMQOD,0.8396469985345302
OQIZUL,ENIHUG,0.8395338370717031
OQIZUL,QOWRAV,0.8391849310279811
OQIZUL,QOWRAV12,0.8391649344194252
OQIZUL,QOWRAV08,0.8391611004960526
OQIZUL,QOWRAV07,0.8391551076413624
OQIZUL,QOWRAV05,0.8391376403053199
OQIZUL,QOWRAV04,0.8391342503060897
OQIZUL,SEMNIJ,0.8387627239427127
NUFBEX,NUFBOH,0.999809805454279
NUFBEX,DOYHIK,0.9964165664929744
NUFBEX,NUFCAU,0.99591007957319
NUFBEX,APACAX,0.9519775092343836
NUFBEX,OKELOH,0.894548343599622
NUFBEX,UFOFUT,0.8934527916530811
NUFBEX,DUZPUL,0.8934011575829257
NUFBEX,IRELAU,0.892662641203694
NUFBEX,IJEXIF01,0.877956407179363
NUFBEX,ULISOZ,0.8776960906015993
NUFBEX,FUTZEB,0.8769777339344178
NUFBEX,FUVBAB,0.8764842385989564
NUFBEX,KUNLEL,0.8763155889148886
NUFBEX,VEHKAW,0.8758257974958484
NUFBEX,UNAGOH,0.8756871131212534
NUFBEX,RUPVAB,0.8716332480158869
NUFBEX,XOHNEO,0.840310748514546
WOPWOP,NERVOV,0.9999974329302328
WOPWOP,NERVIP,0.9999614332575664
WOPWOP,NERVEL,0.9999516996003938
WOPWOP,NERVIP01,0.9996445515989144
WOPWOP,CEJFOO,0.9991672254291066
WOPWOP,BIVXAG,0.9948079821450546
WOPWOP,LUWZUZ01,0.8837046543364699
WOPWOP,LUWZUZ02,0.8836398226902409
WOPWOP,BIKMAL,0.8779513654547936
WOPWOP,BIKMAL01,0.8778707627106105
WOPWOP,ERUNIQ,0.8440161720250204
WOPWOP,LASMAV,0.8439878783866961
WOPWOP,TATSIS01,0.8438616898526068
WOPWOP,ABIWOX,0.8436125566309527
WOPWOP,EXUXEC,0.8434751869499332
WOPWOP,BIPXIK,0.8432662007866192
WOPWOP,BOWDUO,0.8431603087015297
WOPWOP,VEDFUH,0.8430999952029526
WOPWOP,BOWDOI,0.8430711435377033
WOPWOP,VEDFAN,0.8430412775627245
WOPWOP,VEDFOB,0.8429351145684294
WOPWOP,VEDFIV,0.8428442407045497
WOPWOP,VEDGIW,0.8427548568090186
WOPWOP,VEDGES,0.8427177101695489
WOPWOP,CIJBEE,0.8427086171806727
WOPWOP,CEYPUT,0.8424482772481964
WOPWOP,ABAVUV,0.8395528871520974
FUMJAZ01,FUMJAZ,0.9999970693352982
FUMJAZ01,AZIHOI,0.9074824885304462
FUMJAZ01,TIDNIF,0.9070716560322668
FUMJAZ01,SIDXOV,0.9059989311460936
FUMJAZ01,BAKJOO,0.9047494568638484
FUMJAZ01,LIDSIC,0.9043663651368488
FUMJAZ01,BAKJEE,0.903858075234366
FUMJAZ01,CANYIB,0.8996749674227662
FUMJAZ01,CAXZOS,0.8837517676214202
FUMJAZ01,DIDBOJ,0.8833062446585439
FUMJAZ01,DIDBEZ,0.882934618153211
FUMJAZ01,JODGIU,0.882805065427106
FUMJAZ01,ERUNUC,0.8811657591827478
FUMJAZ01,ERUNOW,0.8794413565424112
FUMJAZ01,FILYEG,0.8667128200194089
FUMJAZ01,DAFHEZ,0.8654156910676987
FUMJAZ01,XADDUD,0.865364649952382
FUMJAZ01,XADDOX,0.8646808655730198
FUMJAZ01,FILYAC,0.8626194689121961
FUMJAZ01,TATSIS01,0.8559558699886238
FUMJAZ01,ABAVIJ,0.8558747680665972
FUMJAZ01,LASMAV,0.855714912679151
FUMJAZ01,TATSIS,0.8556634895182608
FUMJAZ01,ERUNIQ,0.8556523177484537
FUMJAZ01,KEJWAY,0.8550496948140884
FUMJAZ01,EXUXEC,0.8545497980254074
FUMJAZ01,BOWDIC,0.8542115786575926
FUMJAZ01,BIPXIK,0.8541929870057822
FUMJAZ01,VEDFER,0.8540843074654818
FUMJAZ01,AHETAK,0.8540801689753028
FUMJAZ01,YODRAM,0.854045306772456
FUMJAZ01,BOWDOI,0.8539882637468708
FUMJAZ01,VEDFAN,0.8539145625810244
FUMJAZ01,VEDFOB,0.8538415285765064
FUMJAZ01,VEDGAO,0.8538359154784149
FUMJAZ01,VEDGES,0.8535568115755694
FUMJAZ01,VEDGIW,0.8534843924207663
FUMJAZ01,DIQHAO01,0.8452982449952309
FUMJAZ01,NIDFOX,0.8435740566938503
FUMJAZ01,DIQHAO,0.843257106236633
FUMJAZ01,BIKMAL,0.8386442341587099
ATAFIK,CIZQUZ,0.9999917108872064
XAMDUM06,YOZMEH,0.9999997977024718
XAMDUM06,UXISUR,0.999999796355534
XAMDUM06,DIHVIB01,0.9999997743097516
XAMDUM06,YOZMIL,0.999999574228186
XAMDUM06,XAMDUM01,0.999999469661943
XAMDUM06,RILFEA,0.9999994605621868
XAMDUM06,DIHVIB,0.9999953494945064
XAMDUM06,XAMDUM05,0.9999926195380896
XAMDUM06,XAMDUM04,0.9999899266134008
XAMDUM06,XAMDUM02,0.9999751917305798
XAMDUM06,DOTSOV42,0.9999457379823024
XAMDUM06,DOTSOV13,0.9999405419175856
XAMDUM06,DOTSOV10,0.9999400629140538
XAMDUM06,DOTSOV14,0.999939994711514
XAMDUM06,DOTSOV16,0.9999396060374662
XAMDUM06,TISPAO,0.9998070869841212
XAMDUM06,QAWHIH01,0.9992811821333348
XAMDUM06,WULJUJ,0.9988801148467656
XAMDUM06,DOTSOV02,0.9988583649648346
XAMDUM06,NEHZOS,0.9963415778070464
XAMDUM06,GAVDUD,0.9963209245479911
XAMDUM06,NEHZUY,0.9962551017772104
XAMDUM06,YOZMUX,0.9880449304064304
XAMDUM06,DALSOA,0.9329860593745758
XAMDUM06,BABREE,0.9320819666436124
XAMDUM06,MIKVEK,0.9297842995047384
XAMDUM06,EXOYAS,0.9196877724919738
XAMDUM06,IWEVAJ,0.918676229688124
XAMDUM06,CITXUZ,0.9184118797997304
XAMDUM06,GERWEH,0.9082309544712712
XAMDUM06,YUGLES,0.9079932851214488
XAMDUM06,YAGHUM,0.907896771433394
XAMDUM06,HOGLEV,0.9077194408403476
XAMDUM06,EXOGAB,0.9076666445286627
XAMDUM06,HOGLEV01,0.9075477454402444
XAMDUM06,XIJSUH,0.9074437767870154
XAMDUM06,HANWAW,0.9063152595245674
XAMDUM06,HUCBOX01,0.8972385366894822
XAMDUM06,RAHBOU,0.8969350705956878
XAMDUM06,PAMQIF,0.8967840246227388
XAMDUM06,MOFGOE,0.8958448537027853
XAMDUM06,VUJBIM,0.8953688924385285
XAMDUM06,MUDTEL,0.8947073866910978
XAMDUM06,GIKMOD,0.8937490644581843
XAMDUM06,GINTUT,0.8872971322722031
XAMDUM06,IPUPIU,0.8871137788654158
XAMDUM06,VIXPUP01,0.8870747711348775
XAMDUM06,VIXPUP,0.8866139581134864
XAMDUM06,VIXPUP02,0.886556402922017
XAMDUM06,PAFZEE,0.8850757633904929
XAMDUM06,KANMIX,0.8850631992634541
XAMDUM06,USEVOF,0.8850435968364196
XAMDUM06,EMUBOF,0.884930657101229
XAMDUM06,IPUPOA,0.8849186189807697
XAMDUM06,WANJIF,0.8848644482948078
XAMDUM06,XEDMEB,0.8846908036338876
XAMDUM06,ADONEP,0.8844477340562754
XAMDUM06,EXAXAE,0.8820310041010988
XAMDUM06,EXAXAE03,0.88170250986535
XAMDUM06,ANUGOG,0.8779259692260285
XAMDUM06,ANUGIA,0.8775294231879434
XAMDUM06,NEMCOA,0.8744790012030396
XAMDUM06,HIDTUM,0.8731735755970098
XAMDUM06,LAQNID,0.8690929249764697
XAMDUM06,HABQUY,0.8663812152944548
XAMDUM06,KIRFOI,0.8657668606328367
XAMDUM06,IWEQAD,0.8610753838937072
XAMDUM06,NIGDIS,0.8609671188568265
XAMDUM06,TOVWAE,0.8608748593167754
XAMDUM06,OGEBAF,0.8586761371465558
XAMDUM06,OGEBAF01,0.8584866712500068
XAMDUM06,JALPAQ,0.8580859728176677
XAMDUM06,XITYOP,0.8575322306600921
XAMDUM06,IXAJUN,0.8574195898833582
XAMDUM06,IDUDIW,0.8564115876057244
XAMDUM06,FAMQAO,0.8535500507504608
XAMDUM06,FALTUK,0.8535496317117441
XAMDUM06,FAMQES,0.8535348209310569
XAMDUM06,EDOSEY,0.8534185140019727
XAMDUM06,EPISOM,0.8525550248825594
XAMDUM06,ANUGEW,0.8524673019071629
XAMDUM06,MAVRAE,0.8512602657639571
XAMDUM06,LAYWOA,0.8501027372977454
XAMDUM06,HEHROE,0.849267176091898
XAMDUM06,WARXUL,0.8485487544222288
XAMDUM06,RUJMEQ,0.8463317321599833
XAMDUM06,UWALEL,0.8447598637931184
XAMDUM06,BAZFUF01,0.8398774140724682
XAMDUM06,BAZFUF,0.8398693192712203
XAMDUM06,REGYOT,0.8396643813307763
XAMDUM06,LUKLIN,0.8396568400494744
XAMDUM06,SEMNIJ,0.8396014497691842
XAMDUM06,ENIHUG,0.8389455212301005
XAMDUM06,HUJGEA,0.8388846827844079
KOZNEU,VEGMOK03,0.999975060068413
KOZNEU,IFABIA,0.9998586243902066
KOZNEU,FIJCUX,0.9997188954142204
KOZNEU,IFABIA01,0.9996642909581984
KOZNEU,PEVQOY,0.9983249560342622
KOZNEU,MIBQAR15,0.998103674587304
KOZNEU,PEVQIS,0.9980963011163796
KOZNEU,MIBQAR12,0.9980914203662424
KOZNEU,MIBQAR01,0.998032559856932
KOZNEU,LAWFOF,0.9980168142906328
KOZNEU,VAZTUM,0.9980113968109084
KOZNEU,SAHYIK,0.99798503005961
KOZNEU,PIWLIT,0.9471848699034744
KOZNEU,ODUNEH,0.947085280464587
KOZNEU,ROZXEL,0.94700560765846
KOZNEU,YOCGAZ,0.9082416792938854
KOZNEU,VIKBUP,0.9082411309593236
KOZNEU,HUTZAX01,0.9082325548328908
KOZNEU,BOLPAU,0.908055700052954
KOZNEU,DAWCIP,0.9080276454133936
KOZNEU,BABRII,0.9078621155539524
KOZNEU,JENKET,0.9077086591802284
KOZNEU,AWEYAE,0.9070356686792932
KOZNEU,ACODIH,0.8973155793523636
KOZNEU,NIYZIG,0.8968639444223063
KOZNEU,PICCUC,0.896646980621685
KOZNEU,JEDDII,0.8952295213571099
KOZNEU,SACHIP,0.8909115763098503
KOZNEU,UKOLOV,0.8872956626399449
KOZNEU,NIKHAS,0.8871343586464282
KOZNEU,NAWXER,0.8863619363882844
KOZNEU,PUGSER,0.8859532029728163
KOZNEU,EKEKEL,0.8855075787871735
KOZNEU,QAQSAD,0.8850004646252054
KOZNEU,DARYIF,0.8846854725548671
KOZNEU,FECYUJ,0.883475999496692
KOZNEU,IDIXAU,0.8834259160835172
KOZNEU,WORLAS,0.8830273305175417
KOZNEU,BUVNIR,0.881852467483351
KOZNEU,WUMDIT,0.8779079131705455
KOZNEU,XAFFER,0.8778210804351101
KOZNEU,XAFFAN,0.8771883510212266
KOZNEU,DUPKAC,0.8764666207958288
KOZNEU,REGREC,0.8749995719275352
KOZNEU,ULISOZ,0.8749427873214063
KOZNEU,FUVBAB,0.8747880595475019
KOZNEU,PEJPEB,0.8746578816155908
KOZNEU,ACIBOE,0.8745500161826227
KOZNEU,VEHKAW,0.8745003161719247
KOZNEU,UNAGOH,0.8744331118834889
KOZNEU,VEHJUP,0.8742751191028908
KOZNEU,KUNLEL,0.870842765540478
KOZNEU,OKELOH,0.8692361705994586
KOZNEU,GADROU,0.8687866641570379
KOZNEU,RUPVAB,0.8643268130568105
KOZNEU,SAVMAE,0.8620664334880687
KOZNEU,UBUMAH,0.8611425304527355
KOZNEU,HUVGEM,0.860985239083223
KOZNEU,XENMIO,0.8609769847083665
KOZNEU,EGIKUB01,0.8597725002935863
KOZNEU,YICQOS,0.8589234588578716
KOZNEU,IGUFOH,0.8572750999258935
KOZNEU,CIQHOC,0.8544323544173557
KOZNEU,PURJAO,0.853548222396254
KOZNEU,GAWMOJ,0.8535457223426424
KOZNEU,PURJES,0.8531604794811376
KOZNEU,SIXWON,0.853009886492455
KOZNEU,XOHNEO,0.8515064690234402
KOZNEU,SOSQIC01,0.8512101125590043
KOZNEU,TACJEO,0.8509770872489237
KOZNEU,WOJZOK01,0.8492727027802984
KOZNEU,NISCOJ,0.8461023821104634
KOZNEU,HOKLIE,0.8396699099445573
KOZNEU,MACHIJ,0.8389216806769794
XEKYOE,SOWCOY01,0.8812130898355391
XEKYOE,SOWCOY,0.8811377957268567
XEKYOE,LASMUP,0.8773317446113411
XEKYOE,GASSUR,0.8570326588737623
DIDVIW,DADTOS12,0.9999999969734198
DIDVIW,DADTOS05,0.9999999387068488
DIDVIW,DADTOS08,0.9999999381162306
DIDVIW,DADTOS01,0.999999895701576
DIDVIW,DADTOS,0.9999997531878636
DIDVIW,DADTOS02,0.9999990724477268
DIDVIW,YANWOC02,0.9999981340327376
DIDVIW,YANWOC,0.9999973175823944
DIDVIW,DADTOS10,0.9999971510270056
DIDVIW,DADTOS13,0.999996890030294
DIDVIW,IJOMOJ03,0.9999957050464476
DIDVIW,YANWOC03,0.9999956584427704
DIDVIW,DADTOS07,0.9999857536200796
DIDVIW,REZJIR04,0.999983517682077
DIDVIW,DADTOS03,0.99998245418708
DIDVIW,JEDKIP01,0.99997990008774
DIDVIW,REZJIR02,0.9999663203807172
DIDVIW,YUKTUU01,0.9999652259085738
DIDVIW,VIRJEM,0.9999480149541408
DIDVIW,PADJOU01,0.999933961260004
DIDVIW,LIJWOR02,0.9999009239165148
DIDVIW,MNFORD02,0.9998998071144944
DIDVIW,LIJWOR,0.9998961387072997
DIDVIW,LIJWOR01,0.9998821028227972
DIDVIW,LIJWOR05,0.999848908348758
DIDVIW,QINSUD,0.9997909083204536
DIDVIW,SIWPUL04,0.9997906223458743
DIDVIW,SIWPUL,0.9997858048659888
DIDVIW,IQEWOQ,0.9987264306657944
DIDVIW,ATIBOU02,0.99870995147683
SAQQOR,ATIKIX,0.940871702969568
SAQQOR,REQDEX,0.944274362229664
FECXUI,WORLAS,0.999829832470943
WIZMAV11,WIZMAV,0.9999999988946988
WIZMAV11,WIZMAV04,0.9999999983008406
WIZMAV11,WIZMAV08,0.9999999980144424
WIZMAV11,WIZMAV09,0.9999999979696388
WIZMAV11,WIZMAV07,0.9999999943151054
WIZMAV11,WIZMAV06,0.999999984495344
WIZMAV11,WIZMAV12,0.9999998406445374
WIZMAV11,IXETEM,0.9561948088733888
WIZMAV11,GERBEN,0.9554190549898164
WIZMAV11,EMIYUW,0.9548630378902616
WIZMAV11,GAYXEM,0.9534048945053624
WIZMAV11,BUNKUS,0.9487879139315736
WIZMAV11,SURHEU02,0.9469395696271778
WIZMAV11,OFOJAX,0.9310388182427936
WIZMAV11,DITJOH,0.9225378822073572
WIZMAV11,IZIBUQ,0.9102261639985756
WIZMAV11,VIKSEQ,0.893934723862613
WIZMAV11,VIKSIU,0.8939318170753395
WIZMAV11,VIKROZ,0.8937348679353967
WIZMAV11,VIKRIT,0.8932437329823883
WIZMAV11,ESEBOV,0.8931891825515543
WIZMAV11,UNEJEE,0.8929008489362289
WIZMAV11,YEYCUC,0.8923845138619211
WIZMAV11,HICNOZ,0.8785583364737173
WIZMAV11,RUKDIM,0.8650583120616876
WIZMAV11,XULGIW,0.865056735105607
WIZMAV11,WUPTUY01,0.8634696947520507
WIZMAV11,RIBSAZ,0.8531284164100403
YOZNIM,FIQCEN,0.9999995518866904
YOZNIM,YOZMEH,0.9999993563616264
YOZNIM,UXISUR,0.9999993541330884
YOZNIM,XAMDUM01,0.9999988633873012
YOZNIM,RILFEA,0.9999988234663156
YOZNIM,YOZMOR,0.9999981070874876
YOZNIM,YOZNEI,0.9999980003748492
YOZNIM,LUDLIH,0.9999955022044617
YOZNIM,XAMDUM03,0.9999954592237384
YOZNIM,XAMDUM05,0.9999906511155204
YOZNIM,XAMDUM04,0.9999889013837936
YOZNIM,YOZPAG,0.9999858859198556
YOZNIM,DOTSOV13,0.9999351082384044
YOZNIM,DOTSOV11,0.9999350605900784
YOZNIM,DOTSOV15,0.9999346081335424
YOZNIM,DOTSOV10,0.999934607894034
YOZNIM,DOTSOV12,0.99993414302117
YOZNIM,DOTSOV16,0.9999341307581648
YOZNIM,EBAMUS,0.9998229336504504
YOZNIM,TISPAO,0.9998165456246604
YOZNIM,DOTSOV07,0.999593276897224
YOZNIM,QAWHIH01,0.9992994672861611
YOZNIM,QAWHIH,0.9992635402141864
YOZNIM,DOTSOV02,0.998852740677476
YOZNIM,NEHZOS,0.9962999729599288
YOZNIM,QIZLOC,0.9938834027288284
YOZNIM,YOZNOS,0.9918583791912468
YOZNIM,LASYOU,0.9465808593065684
YOZNIM,DALSOA,0.9329824338772648
YOZNIM,ORAWAH,0.9322132848215088
YOZNIM,MIKVEK,0.9297460170380888
YOZNIM,ONIXOZ,0.9246318964946764
YOZNIM,EXOYAS,0.9196737818453052
YOZNIM,RAWYAS,0.9188443135292528
YOZNIM,IWEVAJ,0.9186802677750782
YOZNIM,YUGLES,0.9080041406665844
YOZNIM,YAGHUM,0.907909538747918
YOZNIM,NUTQAV,0.9078217880214768
YOZNIM,HOGLEV,0.9077035109249596
YOZNIM,OFOCUI,0.9076969688918504
YOZNIM,EXOGAB,0.9076502207985564
YOZNIM,MOCKEV,0.9074665681553984
YOZNIM,XIJSUH,0.907463150388515
YOZNIM,HANWAW,0.9062866790281014
YOZNIM,ALIXUP,0.9001224370542176
YOZNIM,PIDRAY,0.8997301336296697
YOZNIM,HUCBOX01,0.8972307972581106
YOZNIM,HUCBOX,0.8969943442579316
YOZNIM,MOFGOE,0.8958220381477606
YOZNIM,MOBDIR,0.8958191017357358
YOZNIM,GIKMOD01,0.8929490143100917
YOZNIM,GINTUT,0.8872962644271386
YOZNIM,IPUPIU,0.8871230039532536
YOZNIM,VIXPUP01,0.8870643901819856
YOZNIM,VIXPUP,0.8865958306621984
YOZNIM,VIXPUP02,0.8865375597230717
YOZNIM,WANJIF,0.8848615641496016
YOZNIM,XEDMEB,0.8846771293287126
YOZNIM,ADONEP,0.8844387750707927
YOZNIM,EXAXAE,0.8819930255369661
YOZNIM,EXAXAE03,0.8816625733086596
YOZNIM,EMUBIZ,0.8816274194932998
YOZNIM,ANUGOG,0.8779215677277427
YOZNIM,ANUGIA,0.8775436464863897
YOZNIM,NEMCOA,0.8744383738788498
YOZNIM,HIDTUM,0.8731260654601548
YOZNIM,LAQNID,0.8690835245302744
YOZNIM,HABQUY,0.8663817747814748
YOZNIM,KIRFOI,0.8657261101606394
YOZNIM,IWEQAD,0.861068932768556
YOZNIM,NIGDIS,0.8609580484011035
YOZNIM,XICKOL,0.8605563061433249
YOZNIM,JALPAQ,0.8580477682668038
YOZNIM,FAMQAO,0.8535511987765508
YOZNIM,FALTUK,0.8535508609427831
YOZNIM,FAMPUH,0.853545218634864
YOZNIM,EDOSEY,0.8534263677662937
YOZNIM,LAYXER,0.8514804702874305
YOZNIM,LAYWOA,0.8500545862922538
YOZNIM,LAYXAN,0.8492655223009227
YOZNIM,HEHROE,0.8492151330705922
YOZNIM,WARXUL,0.848500170938723
YOZNIM,BAZFUF01,0.8398897844128068
YOZNIM,REGYOT,0.8396482743650955
YOZNIM,ICAREL,0.8396458385212484
YOZNIM,LUKLIN,0.8396405855540435
YOZNIM,ENIHUG,0.838964073577236
YOZNIM,HUJGEA,0.838865443112122
XOMHEO,UFOFUT,0.9836137202977596
PUGSER,JENKET,0.947808205972298
PUGSER,BABRII,0.944821221157757
PUGSER,YOZYUJ,0.9329998637285072
PUGSER,PIWLAL,0.9325810769911952
PUGSER,ROZXEL,0.9325169243843036
PUGSER,UFOFUT,0.9321272694841234
PUGSER,UFAMEW,0.9256215562494654
PUGSER,DUZPUL,0.924535618097338
PUGSER,QUQFEO,0.9184020342942448
PUGSER,EZINAE,0.9012879743143826
PUGSER,FUTZAX,0.8872786887810956
PUGSER,JEDVIA,0.887216478795734
PUGSER,UNAGOH,0.8871324946006357
PUGSER,ORIBAU,0.8871159061288483
PUGSER,NANYUX03,0.8871003068735328
PUGSER,VEHKAW,0.8870902621901533
PUGSER,PEJPEB,0.8869673877784954
PUGSER,FIJCUX,0.8869013799159692
PUGSER,FUTYOK,0.8866922578457481
PUGSER,FUTZEB,0.8864453274318842
PUGSER,REGREC,0.885904851526453
PUGSER,VEGMOK01,0.8856097828818811
PUGSER,VEGMOK04,0.8855652777427512
PUGSER,NIWYID,0.8851555010679282
PUGSER,QEDZEG,0.8847403505623618
PUGSER,DUPKAC,0.8846943731005541
PUGSER,IFABIA02,0.8846526916811501
PUGSER,IFABIA03,0.8845596976258704
PUGSER,IJEXIF01,0.8839652862301565
PUGSER,VEHJUP,0.8832614654178653
PUGSER,GOSDUP,0.8830612736010442
PUGSER,PEVQOY,0.8812942531611266
PUGSER,VUSKEA,0.8809593455104026
PUGSER,MIBQAR12,0.8808608488136308
PUGSER,MIBQAR07,0.8808533645124577
PUGSER,HOLRAD,0.880742447374647
PUGSER,LAWFOF,0.880725056449668
PUGSER,KUNLEL,0.8771164127829512
PUGSER,JAYXAL,0.8716382161474405
PUGSER,RUPVAB,0.8678508814303719
PUGSER,XAFFAN,0.8658846267888725
PUGSER,XAFFER,0.8653518242631926
PUGSER,NAWXER,0.8499028118400236
PUGSER,NIKHAS,0.8494218271792223
PUGSER,QOZSIJ,0.8468367735242164
PUGSER,YOGKOW,0.8453690816431001
PUGSER,MUWRUT,0.8419861804433544
PUGSER,DOYHIK,0.8415645128392544
PUGSER,IGUFOH,0.8394653954969603
KEQDER,UBUMAH,0.9554330318911856
MOFGOE,MOBDIR,0.999999998049698
MOFGOE,QIZLIW,0.8968867024537316
MOFGOE,DOTSOV16,0.8962957132202818
MOFGOE,DOTSOV14,0.8962943425317065
MOFGOE,DOTSOV11,0.8962928197218432
MOFGOE,DOTSOV13,0.8962926707154408
MOFGOE,DOTSOV07,0.8962917941830518
MOFGOE,NEHZOS,0.8961651144760823
MOFGOE,GAVDUD,0.8961551990068816
MOFGOE,NEHZUY,0.8961252182911482
MOFGOE,EBAMUS,0.8960094418371314
MOFGOE,BODPAN,0.8960040116700101
MOFGOE,XAMDUM04,0.8959716724805081
MOFGOE,LUDLIH,0.8959252951642159
MOFGOE,XAMDUM01,0.8958917458290214
MOFGOE,DIHVIB01,0.8958749919890125
MOFGOE,DOTSOV02,0.8958549907173577
MOFGOE,YOZNEI,0.895741423107736
MOFGOE,YOZPAG,0.8955584690751541
MOFGOE,QIZLOC,0.8948881008397421
MOFGOE,TISPAO,0.8947395902422018
MOFGOE,QAWHIH01,0.893367434892165
MOFGOE,QAWHIH,0.8932872298321705
MOFGOE,YOZMUX,0.8809191394410545
MOFGOE,UWALEL,0.8534903727959413
MOFGOE,EXOGAB,0.8534732913947047
MOFGOE,LUKLIN,0.8534636522369498
MOFGOE,REGYOT,0.8534604416851476
MOFGOE,LASYOU,0.8516353176700346
MOFGOE,MIKVEK,0.8431685373157076
MOFGOE,ORAWAH,0.8399707849231475
JODGOA,ABAVUV,0.8960136661970276
JODGOA,OJOBAS,0.8948899165282205
JODGOA,VODNOS,0.8946503397449567
JODGOA,VEDGES,0.8946415227976382
JODGOA,VEDGIW,0.894608929047879
JODGOA,ABAVOP,0.8945232177511189
JODGOA,VEDGAO,0.8943174949503547
JODGOA,VEDFAN,0.8942633066735963
JODGOA,BOWDOI,0.8942203849873374
JODGOA,VEDFUH,0.8941821453954533
JODGOA,BOWDUO,0.8940934522661184
JODGOA,YODRAM,0.8940912695881689
JODGOA,AHETAK,0.8940566255843667
JODGOA,BOWDIC,0.8939697286293173
JODGOA,BIPXIK,0.893924423128978
JODGOA,KEJWAY,0.8926350974927897
JODGOA,TATSIS01,0.8914761600105915
JODGOA,ERUNIQ,0.8905991650177064
JODGOA,ERUNOW,0.8783391256614053
JODGOA,ERUNUC,0.8776759933648598
JODGOA,DIDBOJ,0.876267534249791
JODGOA,CAXZOS,0.8757288618617356
JODGOA,BUKLOJ,0.8459310910796961
ERUNIQ,LASMAV,0.9999752080640134
ERUNIQ,TATSIS01,0.9998479548734442
ERUNIQ,KEJWAY,0.9997614852347528
ERUNIQ,ABAVIJ,0.9995068407762764
ERUNIQ,BIPXIK,0.9992278279020744
ERUNIQ,BOWDIC,0.9991998072830508
ERUNIQ,YODRAM,0.9991219511683628
ERUNIQ,BOWDUO,0.9991204875879603
ERUNIQ,BOWDOI,0.9990310551553544
ERUNIQ,VEDGAO,0.9989593504936348
ERUNIQ,VEDFER,0.9989476665489688
ERUNIQ,VEDFIV,0.998803863958997
ERUNIQ,ABAVOP,0.9987885768882696
ERUNIQ,VEDGIW,0.998710111373986
ERUNIQ,VEDGES,0.9986741231017074
ERUNIQ,VODNOS,0.998669949434632
ERUNIQ,CIJBEE,0.998664106462883
ERUNIQ,OJOBAS,0.9984158102007706
ERUNIQ,ABAVUV,0.9954841780178286
ERUNIQ,CAXZOS,0.9226358903441824
ERUNIQ,DIDBOJ,0.922105423065273
ERUNIQ,DIDBAV,0.9219368988229736
ERUNIQ,DIDBEZ,0.9217427311795892
ERUNIQ,DIDBID,0.9216783163237606
ERUNIQ,ERUNUC,0.9215331518041376
ERUNIQ,ERUNOW,0.9201330321664956
ERUNIQ,BUKLOJ,0.8848944230681052
ERUNIQ,AZIHOI,0.8791604485551232
ERUNIQ,ESEQUO,0.8788657798202338
ERUNIQ,FEVDER,0.8788094676438323
ERUNIQ,LIDSIC,0.8769747915524249
ERUNIQ,BAKJEE,0.8765335869016465
ERUNIQ,SIDXOV,0.8761227336138274
ERUNIQ,CANYIB,0.872990131708619
ERUNIQ,XALMOO,0.8599900344847051
ERUNIQ,DIQHAO01,0.8594101334389859
ERUNIQ,YATDOP,0.8579607551674884
ERUNIQ,NIDFOX,0.8578013980709354
ERUNIQ,XEVXUT,0.8554675373807967
ERUNIQ,XALMII,0.8547258940237652
ERUNIQ,NERVEL,0.8439746743286556
ERUNIQ,FAZPIH,0.8439728169518963
ERUNIQ,VOCKUT,0.843951905355171
ERUNIQ,GAGWOB,0.843938209482058
ERUNIQ,WEMKEG,0.8437600401150687
ERUNIQ,NERVIP01,0.8436490455458661
ERUNIQ,CEJFOO,0.8432131061116366
ERUNIQ,CANROA,0.8422444003389166
ERUNIQ,KOHLIE,0.8415589556949103
ERUNIQ,RAKBIO02,0.8412168812291276
ERUNIQ,RAKBIO,0.8411962000890212
ERUNIQ,BIVXAG,0.8388801893955197
XIHSAJ01,XIHSEN01,0.999999641253803
XIHSAJ01,XIHSEN,0.999991397571846
XIHSAJ01,XIHSAJ,0.9999836620233018
XIHSAJ01,FILYEG,0.8633642827431847
XIHSAJ01,XADDOX,0.8622439359664791
XIHSAJ01,COXFOL,0.8619853239204581
XIHSAJ01,HABZEQ,0.8614032614937824
XIHSAJ01,XEVSIB01,0.8606281696265685
XIHSAJ01,XEVSIB,0.8605795937262197
XIHSAJ01,XUYYIA,0.852483383137924
XIHSAJ01,XUYYEW,0.8524827257251437
XIHSAJ01,EJINIV01,0.8524733929052559
XIHSAJ01,EJINIV,0.8524547388995214
XIHSAJ01,PUNYED,0.849659623079199
XIHSAJ01,ABAYOU,0.8494781081153149
XIHSAJ01,XAPSIS,0.8459796983925814
XIHSAJ01,CIPLIX,0.8446717774328963
XIHSAJ01,JEDVUM,0.8445837899307544
XIHSAJ01,WEMKEG,0.843509543218111
XIHSAJ01,MOXDOT,0.8427480133229921
XIHSAJ01,DERBIO,0.8418662712794849
XIHSAJ01,GEPBEK,0.841513679579367
XIHSAJ01,CUWNIT,0.8397552621568581
XIHSAJ01,XAMGUQ,0.8396912392137611
XIHSAJ01,NIGPAW,0.8393958661065822
VAKRIK,VEGMIE01,0.9999844710630568
XUYYIA,QIQTOB,0.9335788930995272
XUYYIA,ONOCUR,0.9325973205337938
XUYYIA,FAHQOX,0.9319546490004972
XUYYIA,FIQDER,0.9247979260314192
XUYYIA,XUZRIU,0.910390898094928
XUYYIA,HABZEQ,0.9099231106587268
XUYYIA,XEVSIB01,0.9096645789447132
XUYYIA,XEVSIB,0.9096242224405978
XUYYIA,CAQJOW,0.8813665727356889
XUYYIA,HALVEY,0.8798909918304633
XUYYIA,YIPFIO,0.8658504740860571
XUYYIA,BUKLOJ,0.8550097256140561
XUYYIA,XIHSEN,0.8525043763501465
XUYYIA,XIHSEN01,0.8524824225828069
XUYYIA,XIHSAJ,0.8524241231517435
XUYYIA,ESEQUO,0.8499908937293574
XUYYIA,VOSSUT,0.8425727391521262
VEMTAJ01,DUVNIS,0.9999995290290014
DOTSOV,DOTSOV17,0.9999999051160524
DOTSOV05,DOTSOV04,0.9999999997628496
DOTSOV22,DOTSOV20,0.9999999999305796
MIBQAR07,PEVQIS,0.999999699097976
MIBQAR07,MIBQAR15,0.9999993953850776
MIBQAR07,VAZTUM,0.9999986918615736
MIBQAR07,LAWFOF,0.9999986189860922
MIBQAR07,SAHYIK,0.9999984634405588
MIBQAR07,PEVQOY,0.9999914832938224
MIBQAR07,IFABIA03,0.9990495965159192
MIBQAR07,IFABIA02,0.9989815271261506
MIBQAR07,IFABIA01,0.9989653531645256
MIBQAR07,VEGMOK03,0.9984979573749088
MIBQAR07,VEGMOK04,0.9984954563138052
MIBQAR07,VEGMOK01,0.9984534343877286
MIBQAR07,FIJCUX,0.996345279864558
MIBQAR07,ORIBAU,0.995531293909084
MIBQAR07,ODUNEH,0.946161704618013
MIBQAR07,ROZXEL,0.9438354833031166
MIBQAR07,WUHNUK,0.9080787636877232
MIBQAR07,ODODIW,0.906656611381928
MIBQAR07,YOCGAZ,0.9065529716448352
MIBQAR07,VIKBUP,0.906094678967304
MIBQAR07,HUTZAX01,0.9059730827926596
MIBQAR07,GUGNON,0.904776903689318
MIBQAR07,NEHGIS,0.9047319147109918
MIBQAR07,JENKET,0.9037733670717184
MIBQAR07,AWEYAE,0.902095651958903
MIBQAR07,CESQUP,0.8973241015201464
MIBQAR07,PICCUC,0.8970679686365436
MIBQAR07,NIYZIG,0.8968974883661622
MIBQAR07,GOSDUP,0.8954723530485118
MIBQAR07,ACODIH,0.8948237736663568
MIBQAR07,TONQOD,0.8914565699366459
MIBQAR07,EKEKEL,0.8872962107874396
MIBQAR07,FECYUJ,0.884590155146962
MIBQAR07,DARYIF,0.884311722422497
MIBQAR07,MIMRAB01,0.8843015572034472
MIBQAR07,NIKHAS,0.884118037383698
MIBQAR07,QAQSAD,0.88232830219638
MIBQAR07,NAWXER,0.8818756093903907
MIBQAR07,IDIXAU,0.8779842652545359
MIBQAR07,DUPKAC,0.8779383636142206
MIBQAR07,WUMDIT,0.8766505812009329
MIBQAR07,XOQXIL,0.8758990957575821
MIBQAR07,VEHJUP,0.8747160857792036
MIBQAR07,KUNLEL,0.8745675807678781
MIBQAR07,ULISOZ,0.8736903588856718
MIBQAR07,REGREC,0.8731434377815851
MIBQAR07,XAFFAN,0.8728512645287095
MIBQAR07,FUTZEB,0.8723790009771227
MIBQAR07,FUTYOK,0.871889392702152
MIBQAR07,FUVBAB,0.8716085908590825
MIBQAR07,NIWYOJ,0.871455649253884
MIBQAR07,PEJPEB,0.8711333579624971
MIBQAR07,ACIBOE,0.8707894121928386
MIBQAR07,NANYUX03,0.8706060524636274
MIBQAR07,ZARLEL,0.8705510339680527
MIBQAR07,FUTZAX,0.8692414796925192
MIBQAR07,AXOCEW,0.8691923546090691
MIBQAR07,GADROU,0.8681447695703669
MIBQAR07,JEDVIA,0.8670321334011264
MIBQAR07,OKELOH,0.8667828686902568
MIBQAR07,PEGCIP,0.8657439579408652
MIBQAR07,XEGWIS,0.8626940884283898
MIBQAR07,KAHMOW,0.8626784118557256
MIBQAR07,XEGXIT,0.8626637113466347
MIBQAR07,XEGWAK,0.862652178909488
MIBQAR07,IGUFOH,0.861264967804844
MIBQAR07,EGIKUB01,0.8607003975312868
MIBQAR07,UBUMAH,0.8588911703579543
MIBQAR07,LOWQIX,0.8584613423278024
MIBQAR07,WIMWIA,0.8582344028249239
MIBQAR07,XENMIO,0.8578936034699518
MIBQAR07,XOHNEO,0.8547781045819813
MIBQAR07,SOSQIC01,0.8546856255776781
MIBQAR07,HIFGIO,0.8541789466346692
MIBQAR07,SIXWON,0.8531348129494072
MIBQAR07,WOJZOK01,0.853078589705317
MIBQAR07,TACJEO,0.8526288285176763
MIBQAR07,GAWMOJ,0.8518743092997392
MIBQAR07,CIQHOC,0.8504024338212721
MIBQAR07,PURJES,0.8495205910244152
MIBQAR07,NISCOJ,0.8457190555875167
MIBQAR07,MACHIJ,0.8445927774070116
MIBQAR07,LEBQUH,0.8388000538803504
MIBQAR07,VURMOL,0.8383207850128829
SIXWON,WAQDOK01,0.932010494845562
SIXWON,VIKBUP,0.8601686602129962
SIXWON,IFABIA,0.853422292922987
SIXWON,IFABIA03,0.8533578465146888
SIXWON,IFABIA02,0.8533300936454852
SIXWON,PEVQOY,0.8532425322413335
SIXWON,VEGMOK04,0.8532165353120631
SIXWON,VEGMOK01,0.8531964691358149
SIXWON,VUSKEA,0.8531623202359366
SIXWON,MIBQAR15,0.8531431449863095
SIXWON,PEVQIS,0.8531396467533605
SIXWON,MIBQAR12,0.8531374369657446
SIXWON,MIBQAR01,0.8531096713929421
SIXWON,HOLRAD,0.8531067486190176
SIXWON,LAWFOF,0.8531021724183194
SIXWON,VAZTUM,0.853099570885985
SIXWON,SAHYIK,0.8530868127400383
SIXWON,FIJCUX,0.8519483948334232
SIXWON,UKOLOV,0.8417094092613906
AMOBEL01,KAVROQ,0.999469293179
AMOBEL01,SIWYOO,0.9993886721398252
AMOBEL01,SIWQIA02,0.9993259858474008
AMOBEL01,AMOBEL02,0.9991235429328664
AMOBEL01,YUKVUW04,0.998853175970651
AMOBEL01,DAXNIA,0.9984146935515352
AMOBEL01,YANXIX04,0.9981708036472255
AMOBEL01,TEVZOK,0.9942781693996716
AMOBEL01,ELUQIM08,0.992480688199038
AMOBEL01,ELUQIM13,0.9922823494783952
AMOBEL01,VERZUP,0.9919512703626115
HEHROE,LAYXER,0.9997188751151046
HEHROE,ANUGEW,0.9993543637117304
HEHROE,ANUGIA,0.978623368723597
HEHROE,IPUPOA,0.9742607666822805
HEHROE,ICAREL,0.971572693954678
HEHROE,HOYQIX,0.9675831143479672
HEHROE,IPUPIU,0.967014268563781
HEHROE,BAZFUF,0.9654845596132342
HEHROE,QOWRAV10,0.9528873474399652
HEHROE,QOWRAV09,0.9528654423025918
HEHROE,QOWRAV08,0.952827315358416
HEHROE,QOWRAV07,0.9528007274371088
HEHROE,QOWRAV05,0.9527235714903552
HEHROE,QOWRAV04,0.9527086552060542
HEHROE,QOWRAV02,0.9526999593059342
HEHROE,LIGQEA,0.9480052119197198
HEHROE,EXOGAB,0.9452966652191144
HEHROE,LAQNID,0.925156875062578
HEHROE,ONIXOZ,0.9190242779417276
HEHROE,ORAWAH,0.9083924763451864
HEHROE,FISGOF,0.9047570062493668
HEHROE,YUSWEP,0.9000595296615526
HEHROE,LASYOU,0.8939568596486176
HEHROE,CEFNIN,0.8841358792766695
HEHROE,EDOSEY,0.8803302313555575
HEHROE,MUNDOQ,0.8799277447635463
HEHROE,HAYXIR,0.8746170491023126
HEHROE,IXAJUN,0.8727828664326183
HEHROE,JALPAQ,0.8725801783011657
HEHROE,TEKYOA,0.8694092208083127
HEHROE,NIGDIS,0.869119526092587
HEHROE,NEMCOA,0.8656766352526575
HEHROE,SEMNIJ,0.8655504504749421
HEHROE,ICAGOK,0.863161380089026
HEHROE,SIXNEV,0.8628144862292849
HEHROE,SIXNIZ,0.8620206239945953
HEHROE,ASIVAB,0.8618754603189944
HEHROE,AVAKAL02,0.8596136079156115
HEHROE,KIRFOI,0.8572688961974179
HEHROE,NEHZOS,0.8547845707508571
HEHROE,QIZLIW,0.8536814180087587
HEHROE,DOTSOV16,0.8503805200500659
HEHROE,DOTSOV14,0.8503769807498337
HEHROE,DOTSOV10,0.8503765241352044
HEHROE,DOTSOV15,0.85037652217328
HEHROE,DOTSOV11,0.8503727178764673
HEHROE,DOTSOV42,0.8503254088536261
HEHROE,XAMDUM05,0.8496693237853442
HEHROE,BODPAN,0.8496414912930925
HEHROE,XAMDUM04,0.8495739393370991
HEHROE,XAMDUM03,0.8495333020243665
HEHROE,RILFEA,0.849377453576586
HEHROE,XAMDUM01,0.8493755571400403
HEHROE,DIHVIB01,0.8493367352956459
HEHROE,YOZMEH,0.8493348335335295
HEHROE,FIQCEN,0.8493146458955101
HEHROE,YOZMIL,0.8491863367209327
HEHROE,YOZNEI,0.8490349680611793
HEHROE,YOZPAG,0.8486321757294
HEHROE,QAWHIH01,0.8445230469437317
HEHROE,WARXUL,0.8423000264513175
HEHROE,SIXNUL,0.8421789748050243
HEHROE,YOZNUY,0.841783040724181
HEHROE,HANWAW,0.8414881150814593
CIKCOQ,FESYEK,0.9141339067554142
CIKCOQ,ECIWIW,0.9094731719280368
CIKCOQ,IGUTUB,0.909335495449834
CIKCOQ,IGUTUB01,0.909158148113631
CIKCOQ,IGUVIR,0.9091464137508456
CIKCOQ,PIHJIB,0.907974513912901
CIKCOQ,SITDAD,0.9006426893917951
CIKCOQ,DUWBEE,0.8972996923099053
CIKCOQ,KEPLID,0.8954626783551838
CIKCOQ,QEKLID,0.8949036448965053
CIKCOQ,NOLRIR,0.8930452757197944
CIKCOQ,PAQYAJ01,0.8811172743123928
CIKCOQ,PAQXUC,0.8810782157933761
CIKCOQ,ZASJAG,0.8792990031396906
CIKCOQ,RIGHAR,0.8792365626501812
CIKCOQ,AVAQIX,0.8787911545373984
CIKCOQ,WEBLAQ,0.8778860802102212
CIKCOQ,SAHYOS,0.8768903818405549
CIKCOQ,ROCZEQ,0.8744978967423553
CIKCOQ,CEHKUW,0.8599035028461025
CIKCOQ,SIZGEO,0.8595834992870961
CIKCOQ,YEYRAY,0.858920287825027
CIKCOQ,PARKUQ,0.8581982307583937
CIKCOQ,PARKUQ01,0.8581872254627473
CIKCOQ,ODOXEK,0.8574477968688163
CIKCOQ,MITSAK,0.857414548205879
CIKCOQ,MITSIS,0.857261521735085
CIKCOQ,FUMJAA,0.8567187494518367
CIKCOQ,KUJMIN,0.856185553801375
CIKCOQ,DAPYAW,0.8438144088973789
CIKCOQ,VOQBUZ,0.8427586177533832
CIKCOQ,JEPWIN01,0.8405329929239851
CIKCOQ,MAHGAG,0.8403423970517945
DAFHID,QEZZED,0.9978775415099196
DAFHID,VEMSUC,0.8967480360548304
DAFHID,XUJQAV,0.8967230418846733
DAFHID,XUJPOI,0.8966931307572007
DAFHID,NUNPAP,0.8965322534768466
DAFHID,NUNNUH,0.8964457906363908
DAFHID,XUJPEY,0.896241606536471
DAFHID,XUJPIC,0.8958730627349798
DAFHID,PUNYON,0.8940548024311
DAFHID,XADWIK02,0.8652551993131942
DAFHID,XADWIK,0.8651154393264693
DAFHID,XADWIK01,0.8647096211360883
DAFHID,BEXPAX,0.8409229222816558
GUGNON,JENKET,0.9999357264579032
GUGNON,BABRII,0.9987847814653804
GUGNON,PIWLAL,0.9564349685183346
GUGNON,ROZXEL,0.956434812155814
GUGNON,PIWLIT,0.9563380856303052
GUGNON,ODUNEH,0.9557309778684888
GUGNON,DUPKAC,0.9342887513704462
GUGNON,FIJCUX,0.908245818987433
GUGNON,VEGMOK01,0.9078625376063092
GUGNON,IFABIA,0.907514014224602
GUGNON,IFABIA02,0.9072905599807556
GUGNON,QEDZEG,0.9051441776545268
GUGNON,PEVQOY,0.9050997978776604
GUGNON,VUSKEA,0.9048552890050532
GUGNON,PEVQIS,0.9047895410859782
GUGNON,MIBQAR12,0.904782938720002
GUGNON,MIBQAR01,0.9047039083512431
GUGNON,HOLRAD,0.9046956618339062
GUGNON,LAWFOF,0.9046828171713792
GUGNON,SAHYIK,0.9046403674421496
GUGNON,QOZSIJ,0.8872299300614206
GUGNON,VAGMEX,0.8856468901358987
GUGNON,XAFFAN,0.885598456862815
GUGNON,WUMDIT,0.885242095966009
GUGNON,NOXMAQ,0.8851439853115757
GUGNON,QUQFEO,0.8829541789270627
GUGNON,OKELOH,0.8768076068974182
GUGNON,NAWXER,0.868669017481043
GUGNON,YICQOS,0.8647074844620555
GUGNON,IGUFOH,0.8629289282413128
GUGNON,DUZPUL,0.8601436337217303
GUGNON,EZINAE,0.8533780151143261
GUGNON,PEGCIP,0.8517627662187508
GUGNON,ACODIH,0.8514059995849061
GUGNON,PICCUC,0.8497242185079832
GUGNON,CESQUP,0.8486663894964823
GUGNON,VANHEA,0.8465893540115634
GUGNON,LEYLIN,0.8434395387385094
GUGNON,EJIQIZ,0.8432138302117316
GUGNON,QAQSAD,0.8429542734105708
GUGNON,USAHAZ,0.842764354035806
GUGNON,IDIXAU,0.842350453109382
GUGNON,NIWYOJ,0.8402064192310503
GUGNON,FUTYOK,0.8401966704657917
GUGNON,ACIBOE,0.8401709538067387
GUGNON,NANYUX03,0.8401516757495129
GUGNON,FUTZEB,0.8401468730848151
GUGNON,UNAGOH,0.8401330403815358
GUGNON,FECYUJ,0.8401273171308138
GUGNON,REGREC,0.8399549485678719
GUGNON,FUTZAX,0.8399159166194803
GUGNON,ULISOZ,0.8396880301619606
GUGNON,NIWYID,0.8395893601749523
GUGNON,WORLAS,0.8393841311160086
GUGNON,JEDVIA,0.8392760468924583
GUGNON,VEHJUP,0.8384323528475193
QOWRAV06,QOWRAV05,0.9999999825600084
QOWRAV06,QOWRAV03,0.9999999756555225
QOWRAV06,QOWRAV02,0.9999999541482856
QOWRAV06,QOWRAV08,0.9999999475438012
QOWRAV06,LIGQEA,0.9997514981045058
QOWRAV06,BAZFUF,0.99713389557116
QOWRAV06,BAZFUF01,0.9971101779083562
QOWRAV06,BAZGAM,0.9861215530702097
QOWRAV06,NAFSOF,0.9788223806456904
QOWRAV06,ANUGEW,0.9594693987170736
QOWRAV06,LAYXER,0.957321650574743
QOWRAV06,ANUGOG,0.9568246469344678
QOWRAV06,LAYWOA,0.9543846341303835
QOWRAV06,LAYXAN,0.9528571988765884
QOWRAV06,IPUPIU,0.9445892010484148
QOWRAV06,YUSWEP,0.9310784926124728
QOWRAV06,CEFNIN,0.9113970868789668
QOWRAV06,FISGOF,0.9011935412537088
QOWRAV06,AZAVUU,0.8886273355094938
QOWRAV06,AVAKAL02,0.8811310503256328
QOWRAV06,ICAGOK,0.8767841279503239
QOWRAV06,KAGJOS,0.8723637824159426
QOWRAV06,WURNOO,0.872103813493194
QOWRAV06,LASYOU,0.862947121089123
QOWRAV06,EDOSEY,0.8572107761470189
QOWRAV06,ONIXOZ,0.8567812010801195
QOWRAV06,SIXNIZ,0.8524285270863984
QOWRAV06,EPISOM,0.850827954065809
QOWRAV06,RUJMEQ,0.8470500793353624
QOWRAV06,YIMQOD,0.8459819839803943
QOWRAV06,YOZNUY,0.8391579847298746
QOWRAV06,QAWHIH,0.8382314598199597
DOTSOV26,DOTSOV38,0.999999999260666
DOTSOV26,DOTSOV25,0.999999999162568
WUCRUH,EBIHII,0.9958202862060156
WUCRUH,LARPOL,0.9999600895716574
WUCRUH,NINVAI,0.9961499133691027
DADVAG02,DADVAG04,0.999999772902743
DADVAG02,DADVAG03,0.999999085368544
DADVAG02,DADVAG08,0.9999908792412568
DADVAG02,YUKVIK,0.9999832719414904
DADVAG02,XOBXIW,0.998830324026816
TIRFIK,CUFDUD,0.8956707195316366
TIRFIK,CUFFIT,0.8941461077656032
TIRFIK,CUFDOX,0.8941019336317004
TIRFIK,CUFFUF,0.8940752138121822
TIRFIK,YAMXOC,0.894051827418975
TIRFIK,TIRFOQ,0.863740941882136
TIRFIK,MAYJOM,0.8568455471657946
TIRFIK,VACFOV,0.8565172495776654
TIRFIK,VACFOV01,0.8562425114626955
TIRFIK,VIFPUY02,0.8560021377467674
TIRFIK,VIFPUY05,0.8559969593492862
TIRFIK,VIFPUY03,0.8559843049466791
TIRFIK,VIFPUY01,0.8559687818617753
TIRFIK,MUQYEE,0.8524484537415697
TIRFIK,TONKEN,0.8520287086482154
TIRFIK,OWIHUZ,0.8502612269507541
TIRFIK,OWIJAH,0.8502382912910607
TIRFIK,HIHNUJ,0.8501770685461248
TIRFIK,OWIHOT,0.8501470080536995
TIRFIK,OWIJIP,0.850115862204942
TIRFIK,XOMHIS,0.8437480177364436
TIRFIK,XINTOG,0.8420510237483309
NEMZIR,QEKLID01,0.8592507770547095
NEMZIR,NOLRIR,0.8590677331642247
LIGQEA,QOWRAV04,0.9997572611484524
LIGQEA,QOWRAV03,0.9997563917300774
LIGQEA,QOWRAV05,0.9997556432001748
LIGQEA,QOWRAV07,0.9997471798578136
LIGQEA,QOWRAV12,0.9997423237988634
LIGQEA,QOWRAV11,0.9997413722460492
LIGQEA,QOWRAV09,0.9997399587173714
LIGQEA,QOWRAV10,0.9997374890455656
LIGQEA,BAZFUF,0.9952056493008762
LIGQEA,ICAREL,0.9877634809475824
LIGQEA,KIJRUS,0.9828054586771766
LIGQEA,NAFSOF,0.9741062186509976
LIGQEA,ANUGEW,0.9554493915649576
LIGQEA,ANUGOG,0.9541383772856838
LIGQEA,LAYWOA,0.9497929790244516
LIGQEA,LAYXAN,0.948110377668004
LIGQEA,IPUPIU,0.9425124033749228
LIGQEA,HOYQIX,0.9420210909388494
LIGQEA,CEFNIN,0.9094886534069914
LIGQEA,EXOGAB,0.904265653774705
LIGQEA,LAQNID,0.8918428644327955
LIGQEA,ORAWAH,0.879531194044784
LIGQEA,ICAGOK,0.8735858243998621
LIGQEA,HAYXIR,0.8691803507304988
LIGQEA,WURNOO,0.8682363596458188
LIGQEA,ENIHUG,0.8661412433213229
LIGQEA,SEMNIJ,0.8636332995805116
LIGQEA,MIKVEK,0.8624118689840501
LIGQEA,LASYOU,0.8612314126504522
LIGQEA,LURRIA,0.8581350504162468
LIGQEA,MUNDOQ,0.8551138799828082
LIGQEA,EDOSEY,0.8550729243474593
LIGQEA,ONIXOZ,0.8515891989299393
LIGQEA,SIXNIZ,0.8493213485170932
LIGQEA,SIXNEV,0.8476453352237835
LIGQEA,EPISOM,0.847510487892589
YOZMEH,DIHVIB01,0.9999999880828117
YOZMEH,XAMDUM01,0.9999999166903364
YOZMEH,YOZMIL,0.9999988923949092
YOZMEH,YOZMOR,0.9999952965971216
YOZMEH,XAMDUM05,0.999994858098708
YOZMEH,DOTSOV42,0.9999521616761664
YOZMEH,DOTSOV13,0.999947275577194
YOZMEH,DOTSOV11,0.9999472326305204
YOZMEH,DOTSOV10,0.9999468244533456
YOZMEH,DOTSOV14,0.9999467593705388
YOZMEH,TISPAO,0.9997943938139566
YOZMEH,WULJUJ,0.998895758551528
YOZMEH,QIZLIW,0.9984870091942484
YOZMEH,YOZNUY,0.9984005684889128
YOZMEH,GAVDUD,0.996375084343686
YOZMEH,NEHZUY,0.9963097444341908
YOZMEH,QIZLOC,0.994005154464144
YOZMEH,YOZNOS,0.991781313751782
YOZMEH,LASYOU,0.9465398862317502
YOZMEH,DALSOA,0.9329904952329494
YOZMEH,BABREE,0.9321091829432292
YOZMEH,ONIXOZ,0.9247754368883362
YOZMEH,EXOYAS,0.9197054570844306
YOZMEH,IWEVAJ,0.9186817453384386
YOZMEH,CITXUZ,0.9184484011285176
YOZMEH,GERWEH,0.908227172723104
YOZMEH,YUGLES,0.9079787218855204
YOZMEH,HOGLEV,0.9077399145849512
YOZMEH,OFOCUI,0.9076663176991848
YOZMEH,HOGLEV01,0.9075713361370108
YOZMEH,MOCKEV,0.907421128669196
YOZMEH,HANWAW,0.9063541310406872
YOZMEH,ALIXUP,0.9002637695848167
YOZMEH,HUCBOX01,0.8972482344480817
YOZMEH,HUCBOX,0.8970073421545702
YOZMEH,RAHBOU,0.8969533951831479
YOZMEH,PAMQIF,0.8968016746197174
YOZMEH,MOBDIR,0.8958713623594131
YOZMEH,VUJBIM,0.8953286351649581
YOZMEH,MUDTEL,0.8946609821801369
YOZMEH,GIKMOD,0.893802721496451
YOZMEH,GIKMOD01,0.8930534654477301
YOZMEH,GINTUT,0.8872979141499846
YOZMEH,IPUPIU,0.8871013585217006
YOZMEH,PAFZEE,0.8850765686199247
YOZMEH,KANMIX,0.8850597025026479
YOZMEH,USEVOF,0.8850381939882785
YOZMEH,IPUPOA,0.8849621961723567
YOZMEH,EMUBOF,0.8849195736148049
YOZMEH,XEDMEB,0.884708272969828
YOZMEH,ADONEP,0.8844641832270347
YOZMEH,EXAXAE,0.882080299582586
YOZMEH,ANUGIA,0.8775104667503651
YOZMEH,DICKEH,0.8770685131709877
YOZMEH,CEKHUY,0.8739887559041529
YOZMEH,OKABAE,0.8670089683285008
YOZMEH,KIRFOI,0.8658197498953404
YOZMEH,IWEQAD,0.861083328546908
YOZMEH,NIGDIS,0.8609791994660443
YOZMEH,TOVWAE,0.8608595386687715
YOZMEH,OGEBAF,0.8587204317698814
YOZMEH,OGEBAF01,0.85853283604345
YOZMEH,XITYOP,0.8575856096973391
YOZMEH,FAMQAO,0.8535482071912873
YOZMEH,FALTUK,0.8535476891993523
YOZMEH,FAMPUH,0.8535400319774498
YOZMEH,FAMQES,0.8535307423347827
YOZMEH,NAPSUV,0.8535197957394706
YOZMEH,EDOSEY,0.8534078662050266
YOZMEH,WARXUL,0.8486118741339326
YOZMEH,RUJMEQ,0.8463394955836608
YOZMEH,UWALEL,0.8448432777484118
YOZMEH,BAZFUF01,0.8398608888910462
YOZMEH,BAZFUF,0.8398525949376769
YOZMEH,ICAREL,0.8396828059688151
YOZMEH,LUKLIN,0.8396777241860603
YOZMEH,SEMNIJ,0.8395931196935205
YOZMEH,HUJGEA,0.8389098517369685
YUKVOQ07,OCUQIO,0.9999986968186284
YUKVOQ07,OCUQIO02,0.9999985560893792
YUKVOQ07,YUKVOQ03,0.9999884916583028
YUKVOQ07,MAGMOZ01,0.9999878619773568
YUKVOQ07,MACUFR06,0.9997985761657476
YUKVOQ07,CUFORM04,0.9997696267690832
YUKVOQ07,SANMAX,0.9995935304115028
YUKVOQ07,ROLCEC01,0.9966704708812746
SENNOP,MNMLTH,0.9967076717816596
SENNOP,SENNIJ,0.999998069100311
MGFORD01,LIJWUX,0.9999856085253402
MGFORD01,LICSEW03,0.9999610694394084
MGFORD01,AMURUX,0.9999566761010684
MGFORD01,ILECIN,0.999765253878129
MGFORD01,NAXVOY,0.9989497215741991
MGFORD01,NAXVOY01,0.9972968880910418
MGFORD01,NIWZIE08,0.9965905230180042
MGFORD01,NIWZIE02,0.9964984196595434
MGFORD01,NIWPIU,0.9959438102415056
SOWCOY,ZAQXEX,0.8912486702213765
SOWCOY,FUTZEB,0.8611547340060837
SOWCOY,FUTYOK,0.8611182393983832
SOWCOY,REGREC,0.8611155314883696
SOWCOY,FUVBAB,0.8610810591160856
SOWCOY,ULISOZ,0.8609782262213808
SOWCOY,ACIBOE,0.8609208067634924
SOWCOY,NIWYID,0.8609183661366756
SOWCOY,NANYUX01,0.8608975836386417
SOWCOY,NANYUX03,0.8608750434841599
SOWCOY,UNAGOH,0.8608341258023491
SOWCOY,FUTZAX,0.8604583075894435
SOWCOY,IJEXIF01,0.860432523006591
SOWCOY,JEDVIA,0.8595663290939921
SOWCOY,KUNLEL,0.8562184881828365
SOWCOY,RUPVAB,0.8492605440767851
NANYUX03,PEJPEB,0.9999827023114928
NANYUX03,NIWYOJ,0.9999539037429832
NANYUX03,FUVBAB,0.999934674189486
NANYUX03,FUTYOK,0.9998886124262708
NANYUX03,FUTZEB,0.9997704726109116
NANYUX03,REGREC,0.9994579074648844
NANYUX03,NIWYID,0.99896021761037
NANYUX03,KUNLEL,0.9924379509005132
NANYUX03,UFAMEW,0.9420305042090776
NANYUX03,QUQFEO,0.9327789076331576
NANYUX03,QOPZIF,0.9178950327663328
NANYUX03,MOHLIF,0.903506517281634
NANYUX03,KEFBOO,0.8987082852854852
NANYUX03,DUNXUH15,0.8971291245080008
NANYUX03,DUNXUH,0.8971189443083438
NANYUX03,DUNXUH13,0.8970635237760425
NANYUX03,HOGJIX,0.8969980877066306
NANYUX03,WIMWIA,0.8966955857548473
NANYUX03,LOWQIX,0.8966206281311547
NANYUX03,BOWJAA,0.8860756313938654
NANYUX03,BUKMUQ01,0.8850763160579196
NANYUX03,REFVEF,0.8803711612022307
NANYUX03,DOYHIK,0.8777855878695832
NANYUX03,APACAX,0.8772633212512786
NANYUX03,DOYHOQ,0.87555531407853
NANYUX03,ORIBAU,0.8749994498579436
NANYUX03,FIJCUX,0.8749655487095362
NANYUX03,NUFBOH,0.8744054112552658
NANYUX03,VEGMOK01,0.8742684270326105
NANYUX03,VEGMOK04,0.8742390114825711
NANYUX03,REDROI,0.8739792884849327
NANYUX03,IFABIA,0.8738091256420025
NANYUX03,IFABIA01,0.8735520024307352
NANYUX03,IFABIA03,0.8735108612901726
NANYUX03,CUVTOD,0.872911974248739
NANYUX03,VUSKEA,0.8706931170656441
NANYUX03,MIBQAR15,0.8706303111963725
NANYUX03,PEVQIS,0.8706194783496997
NANYUX03,MIBQAR12,0.8706116325786519
NANYUX03,MIBQAR01,0.8705229317242609
NANYUX03,VAZTUM,0.8704911655247622
NANYUX03,SAHYIK,0.8704520843690151
NANYUX03,UKOLUD,0.8692710686539404
NANYUX03,GEYLEE,0.8680643250650216
NANYUX03,NUFCAU,0.8658539457094561
NANYUX03,SOWCOY01,0.8610452256367017
NANYUX03,UBUMAH,0.8608058326329264
NANYUX03,LASMUP,0.8562614014763569
NANYUX03,MUWRUT,0.853533907013688
NANYUX03,WEHJAW,0.8517446170264024
NANYUX03,WEHHOI,0.8517120333746677
NANYUX03,QAQSAD,0.8498766085558062
NANYUX03,MIMRAB01,0.8482905481159302
NANYUX03,FECYUJ,0.8464438799444229
NANYUX03,HIQNUS,0.8461759240707352
NANYUX03,CIJLIT,0.8455267094330026
NANYUX03,HEZKIH,0.8440156865453687
NANYUX03,REYCEF,0.8439285845625082
NANYUX03,JENKET,0.8402064072521861
NANYUX03,NENHEU,0.8401273027943574
NANYUX03,REYCUV,0.8393882686164329
NANYUX03,JAYXAL,0.8393114999704229
NANYUX03,BABRII,0.8384213189593126
LIKFOB,CIZQUZ,0.9985033336734682
LIKFOB,NATFAS,0.9981648974855394
LIKFOB,AZIMIH,0.9954153636230364
LIKFOB,UMEXUF,0.9916719697150528
LIKFOB,MUZHUL,0.9902640551436556
LIKFOB,SAVMAE,0.8636628635639665
LIKFOB,WOBHOL,0.8615731300956221
LIKFOB,WOBHIF03,0.8615292090985417
LIKFOB,VOTHIX,0.8393665889000705
QIWCUW,PIWLAL,0.8595837731801106
QIWCUW,ROZXEL,0.8595705115676053
QIWCUW,PIWLIT,0.8593941269564693
POFGUO,REYDOR,0.9947369019052912
POFGUO,JIYKIO,0.924772042536024
POFGUO,AZAYEH,0.9075723177543386
POFGUO,MAQDUD,0.874809143913573
MAGVOG29,MAGVOG28,0.9999999999128004
MAGVOG29,MAGVOG27,0.9999996199421154
MAGVOG29,MAGVOG30,0.9999994176195972
MAGVOG29,MAGVOG32,0.9999983785629244
MAGVOG29,MAGVOG13,0.9999979048298908
MAGVOG29,MAGVOG34,0.9999939844692434
MAGVOG29,MAGVOG08,0.9999926174488132
MAGVOG29,ACAZEK,0.9969558581011068
MAGVOG28,MAGVOG27,0.9999996312962958
MAGVOG28,MAGVOG30,0.999999403375898
MAGVOG28,MAGVOG13,0.9999979134630856
MAGVOG28,MAGVOG35,0.9999930066905648
MAGVOG28,ACAZEK,0.9969550780684344
SURLEY,RUBTAK03,0.999999999945007
SURLEY,UFOSEQ,0.9999999995214768
SURLEY,UFOSOA,0.99999999637869
SURLEY,UVAHIK,0.9470027102564722
SURLEY,WIZMAV10,0.9469428154794928
SURLEY,WIZMAV07,0.9469425187574828
SURLEY,WIZMAV09,0.9469415190854892
SURLEY,WIZMAV04,0.9469386660966423
SURLEY,WIZMAV08,0.9469385554205306
SURLEY,WIZMAV05,0.946934324051504
SURLEY,ERARUM,0.946909809242334
SURLEY,ERANAO,0.9367755742364656
SURLEY,OFOJAX,0.9096921475745005
SURLEY,IXETEM,0.9082472319653913
SURLEY,RUKDIM,0.9075709550162514
SURLEY,GERBEN,0.9059061806311964
SURLEY,WUPTUY01,0.904945208575863
SURLEY,HERHEU,0.9046228579967744
SURLEY,GAYXEM,0.9031324537314932
SURLEY,BUNKUS,0.8974657275282699
SURLEY,IZIBUQ,0.8904845262673089
SURLEY,VIKSEQ,0.8779378924150013
SURLEY,VIKSIU,0.8779371977716004
SURLEY,VIKROZ,0.8778769095128605
SURLEY,DITJOH,0.8778588655319431
SURLEY,VIKRIT,0.8776563888630364
SURLEY,XIJVIY,0.8770450612710732
SURLEY,ESEBOV,0.875324235017162
SURLEY,UNEJEE,0.8749072957756728
SURLEY,HERHUK,0.8573094047072848
WEYQAU07,WEYQAU06,0.9999986001705438
WEYQAU07,WEYQAU16,0.999773290727768
WEYQAU07,FUTCAZ,0.996731664355188
WEYQAU07,OFODET,0.9041621354375362
WEYQAU07,UKIQIP,0.8850464664884811
WEYQAU07,SOBDOF,0.8843921994837707
WEYQAU07,GELVEZ02,0.8841486273904247
WEYQAU07,HIYZEV01,0.8825080048640008
WEYQAU07,DIJCOP,0.8719789440201222
WEYQAU07,MAHTAR,0.8709667246788194
WEYQAU07,LUSHOX04,0.870484213278074
WEYQAU07,XUDSUK,0.87017003193923
WEYQAU07,UVETUL,0.8569656316202383
WEYQAU07,INEXOQ,0.8383580865696025
AMIXIE,DODMIT,0.9995601085185256
AMIXIE,NELRAY,0.9999917607731016
AMIXIE,HUCXUA,0.9079169240734128
AMIXIE,GEWSEJ,0.9028379037924392
AMIXIE,QIFMIE,0.8996331008437104
AMIXIE,VOYWUB,0.8547168923404915
NIKYOW,NIKYOW01,0.9999998500006876
NIKYOW,NIHBAI02,0.999999813267744
NIKYOW,NIHBAI01,0.9999989519826638
NIKYOW,NIKZAJ01,0.9999976502230556
NIKYOW,CAJHUS01,0.999997194442576
NIKYOW,NIKZEN,0.999997157976364
NIKYOW,NIHBEM01,0.9999809078853352
NIKYOW,IZAJUQ,0.999946829229116
NIKYOW,CAJHUS,0.9999196581296096
NIKYOW,NUDPAE12,0.9996580697196829
NIKYOW,NUDPAE,0.998663082543254
NIKYOW,NUDPAE01,0.9986528335663332
NIKYOW,NUDPAE09,0.9979501456061556
NIKYOW,IZIDOM,0.9973513210253184
NIKYOW,XACLOF,0.996851588253435
NIKYOW,NUDNUW09,0.9967023970850796
NIKYOW,PESTAL,0.996666396984198
NIKYOW,NUDNUW01,0.9965552659969288
ACODIH,PICCUC,0.9988891295323368
ACODIH,FIJCUX,0.8972571350628515
ACODIH,VEGMOK04,0.8972251116686223
ACODIH,VEGMOK03,0.8972243621228891
ACODIH,IFABIA,0.8970162893298349
ACODIH,IFABIA02,0.8968286662975296
ACODIH,IFABIA01,0.8968056949797936
ACODIH,IFABIA03,0.8967958952309003
ACODIH,VUSKEA,0.8948904417479824
ACODIH,MIBQAR15,0.8948427289970429
ACODIH,PEVQIS,0.894834375045895
ACODIH,MIBQAR12,0.8948285662135188
ACODIH,HOLRAD,0.8947538232318611
ACODIH,LAWFOF,0.8947428110735135
ACODIH,VAZTUM,0.8947366546157923
ACODIH,SAHYIK,0.8947065980585649
ACODIH,PIWLIT,0.8850251236481288
ACODIH,ODUNEH,0.8847039998143049
ACODIH,BABRII,0.8507888140648541
ARIDIQ,PURJES,0.852911989662366
ARIDIQ,IQAGEN,0.8526799194633539
ARIDIQ,HUTZAX01,0.8399590524779068
ARIDIQ,AWEYAE,0.8387301278599184
YOZPAG,DIHVIB,0.9999962202174184
YOZPAG,YOZNEI,0.9999925966758813
YOZPAG,UXISUR,0.9999792819124926
YOZPAG,XAMDUM01,0.9999767446069912
YOZPAG,RILFEA,0.9999766238503658
YOZPAG,LUDLIH,0.9999689006963046
YOZPAG,XAMDUM03,0.9999653679492796
YOZPAG,BODPAN,0.9999559256902132
YOZPAG,XAMDUM05,0.9999535663186984
YOZPAG,XAMDUM02,0.9999367465105476
YOZPAG,DOTSOV15,0.9998597724519638
YOZPAG,DOTSOV10,0.9998597721084346
YOZPAG,DOTSOV14,0.99985968411301
YOZPAG,EBAMUS,0.9997649652746136
YOZPAG,QAWHIH01,0.9994841077773744
YOZPAG,DOTSOV07,0.9994768521557672
YOZPAG,QAWHIH,0.999453206811525
YOZPAG,YOZNUY,0.9987433441579532
YOZPAG,QIZLIW,0.9981130202812232
YOZPAG,GAVDUD,0.9958088621154308
YOZPAG,NEHZUY,0.9957385965411788
YOZPAG,QIZLOC,0.9932858664421232
YOZPAG,YOZNOS,0.9921048057385322
YOZPAG,YOZMUX,0.9884082097105962
YOZPAG,LASYOU,0.9467526433865232
YOZPAG,ORAWAH,0.932411456746044
YOZPAG,ONIXOZ,0.9239363459939864
YOZPAG,IWEVAJ,0.9186105183913468
YOZPAG,YUGLES,0.908107405891218
YOZPAG,YAGHUM,0.9080336748091964
YOZPAG,NUTQAV,0.9079627879196784
YOZPAG,OFOCUI,0.907804106290062
YOZPAG,XIJSUH,0.9076594250278976
YOZPAG,MOCKEV,0.9076582202831148
YOZPAG,HOGLEV,0.9075141888659508
YOZPAG,HOGLEV01,0.9073140839724302
YOZPAG,HANWAW,0.9059429168273048
YOZPAG,ALIXUP,0.8994371278022593
YOZPAG,RAHBOU,0.8967494231816385
YOZPAG,VUJBIM,0.8957173769388479
YOZPAG,MOBDIR,0.8955552026094802
YOZPAG,GIKMOD01,0.8924385230799889
YOZPAG,GINTUT,0.88727135277859
YOZPAG,HOYQIX,0.8872596608189265
YOZPAG,VIXPUP01,0.8869354085939832
YOZPAG,VIXPUP,0.8863828087717868
YOZPAG,KANMIX,0.8850764732111603
YOZPAG,PAFZEE,0.885049770962378
YOZPAG,EMUBOF,0.8850130498622549
YOZPAG,WANJIF,0.8847824294701845
YOZPAG,XEDMEB,0.884512913843479
YOZPAG,IPUPOA,0.8845028882480013
YOZPAG,EXAXAE,0.8815631979414235
YOZPAG,EXAXAE03,0.8812111837626848
YOZPAG,ANUGOG,0.8778582755394566
YOZPAG,ANUGIA,0.877683608597509
YOZPAG,NEMCOA,0.8739799759208373
YOZPAG,CEKHUY,0.873397084253597
YOZPAG,HIDTUM,0.8725922199434757
YOZPAG,LAQNID,0.8689656525806481
YOZPAG,OKABAE,0.8665563097961949
YOZPAG,HABQUY,0.8662361819473678
YOZPAG,KIRFOI,0.865266319282826
YOZPAG,TOVWAE,0.8609958643847078
YOZPAG,IWEQAD,0.8609842761144524
YOZPAG,NIGDIS,0.8608385145563398
YOZPAG,TEKYOA,0.8607534244094842
YOZPAG,XICKOL,0.8603581491857195
YOZPAG,OGEBAF01,0.8580473753703787
YOZPAG,IXAJUN,0.8569035344202249
YOZPAG,FAMQES,0.853553345466329
YOZPAG,FAMPUH,0.8535525765512175
YOZPAG,NAPSUV,0.8535518361752834
YOZPAG,FALTUK,0.8535486928629065
YOZPAG,EPISOM,0.8523170989694339
YOZPAG,ANUGEW,0.85203712313884
YOZPAG,LAYXER,0.8510209808844746
YOZPAG,MAVRAE,0.8508521884969374
YOZPAG,LAYXAN,0.8486850023178816
YOZPAG,WARXUL,0.847955060219455
YOZPAG,BAZFUF01,0.8400094306875695
YOZPAG,SEMNIJ,0.8396587429498367
YOZPAG,REGYOT,0.8394567258830851
YOZPAG,ICAREL,0.8394539301194537
YOZPAG,LUKLIN,0.8394478446016205
YOZPAG,ENIHUG,0.8391513056605393
IZIBUQ,VIKSEQ,0.9428135228981108
IZIBUQ,VIKROZ,0.9420623011160796
IZIBUQ,VIKRIT,0.9404989931594446
IZIBUQ,ERANAO,0.914267267123144
IZIBUQ,ERARUM,0.9103431427451896
IZIBUQ,WIZMAV05,0.9102488563337496
IZIBUQ,WIZMAV06,0.9102426284586672
IZIBUQ,WIZMAV04,0.910231617748427
IZIBUQ,WIZMAV,0.9102217628558223
IZIBUQ,WIZMAV09,0.9102201986269736
IZIBUQ,WIZMAV07,0.910216179762024
IZIBUQ,WIZMAV10,0.9102149850400192
IZIBUQ,WIZMAV12,0.910173175357056
IZIBUQ,UVAHIK,0.9099550162809636
IZIBUQ,HERHUK,0.9061324546749776
IZIBUQ,HERHEU,0.9050282903636008
IZIBUQ,EMIYUW,0.9048129274751692
IZIBUQ,HERHAQ,0.9037427344505718
IZIBUQ,UFOSEQ,0.8904881284108679
IZIBUQ,RUBTAK03,0.8904833050453612
IZIBUQ,SURHEU02,0.8904822295225714
IZIBUQ,OFOJAX,0.889121230485627
IZIBUQ,BUNLAZ,0.8782144239646412
IZIBUQ,BUNKUS,0.8780712266473819
IZIBUQ,IXETEM,0.871809561974602
IZIBUQ,ESEBOV,0.8494354039084349
CUFDOX,CUFFUF,0.9999999367775952
CUFDOX,CUFFIT,0.9999998112704124
CUFDOX,CUFFOZ,0.9999998078540636
CUFDOX,YAMXOC,0.9999997648163448
CUFDOX,CUFFEP,0.9999997509467868
CUFDOX,FEYDET,0.999976071908881
CUFDOX,IYUHIU,0.999560622823432
CUFDOX,PEYVEV,0.9886212961556348
CUFDOX,TONKEN,0.9472109978533418
CUFDOX,MUQYEE,0.947207495319974
CUFDOX,OTEGOL01,0.9469618100888354
CUFDOX,OWIHUZ,0.9469606584336792
CUFDOX,OWIJAH,0.9469553270459244
CUFDOX,OWIHIN,0.9469525115636612
CUFDOX,HIHNUJ,0.9469408892768107
CUFDOX,OWIJIP,0.9469261531304268
CUFDOX,MURBEI,0.9469226052084064
CUFDOX,XINTOG,0.9241444479294708
CUFDOX,MAYJOM,0.874897928591356
CUFDOX,VACFOV,0.8748397706009917
CUFDOX,VACFOV01,0.8747832217316251
CUFDOX,VIFPUY02,0.8747283991704545
CUFDOX,VIFPUY,0.874724703691006
CUFDOX,VIFPUY03,0.8747241434433376
CUFDOX,LOQLEJ,0.8747237796445795
CUFDOX,VIFPUY04,0.8747206494415931
CUFDOX,VIFPUY01,0.8747203919975375
CUFDOX,TIRFOQ,0.8468353005179413
CUFDOX,GIWMAD,0.8400303903571362
CUFDOX,NEDLOZ,0.8388593329782912
EXUMEP,GUPJEG01,0.980514151810201
EXUMEP,IVEMAZ,0.839487711760321
AWEJIW,QEKLID01,0.9724378531712948
AWEJIW,QEKLID,0.9723483868576068
AWEJIW,DAPYAW,0.9637601636380598
AWEJIW,FESYEK,0.9471619258007928
AWEJIW,FALGIK,0.9316819466159842
AWEJIW,RUXWEM01,0.9278566428968076
AWEJIW,RUXWEM03,0.9270577549454272
AWEJIW,QUQFOY,0.9162648206627764
AWEJIW,DUWBEE,0.9040766128282578
AWEJIW,SITDAD,0.903064333227878
AWEJIW,VAKLIF,0.8865514226951969
AWEJIW,PIKYIU,0.8858192003351043
AWEJIW,GOYLUB,0.8779620834192835
AWEJIW,XEDGIY,0.8695582716503361
AWEJIW,KETHEY,0.8651781257736563
AWEJIW,YICRAF,0.8631947714554138
AWEJIW,ECIWIW,0.8589751630713499
AWEJIW,JUXZOT,0.8555722113748481
AWEJIW,KUJMIN,0.8546854837334602
AWEJIW,FUMJAA,0.8545262786977794
AWEJIW,IGUTUB01,0.8545054467412185
AWEJIW,GOQTIR,0.8543603980176986
AWEJIW,MITSIS,0.8543200271852462
AWEJIW,MITSUE,0.8542580687108199
AWEJIW,MITSAK,0.8542525789189166
AWEJIW,ODOXEK,0.8542369004628887
AWEJIW,PARKUQ,0.8538296101614311
AWEJIW,YEYRAY,0.8532841338282546
AWEJIW,ZASJAG,0.8529432702990518
AWEJIW,SIZGEO,0.8521700799660867
AWEJIW,CEHKUW,0.8521470609804408
AWEJIW,MUXVIM,0.8511671310897901
AWEJIW,JIYSUI,0.8494520981301121
AWEJIW,XOGWUN,0.8493287120973435
AWEJIW,WEVVOL,0.8475995516217558
AWEJIW,FELXOM,0.8453459372544466
AWEJIW,FIVRUA,0.8418264060083147
AWEJIW,FONKEA,0.8418110384997404
DIHVIB01,UXISUR,0.9999999882559738
DIHVIB01,FIQCEN,0.9999999666485772
DIHVIB01,XAMDUM01,0.999999932617887
DIHVIB01,RILFEA,0.999999914461384
DIHVIB01,YOZMIL,0.9999989369937898
DIHVIB01,XAMDUM03,0.9999982441700772
DIHVIB01,LUDLIH,0.9999974711469364
DIHVIB01,BODPAN,0.9999956093153728
DIHVIB01,YOZNEI,0.9999954428398368
DIHVIB01,YOZMOR,0.999995355040676
DIHVIB01,XAMDUM05,0.9999949328090316
DIHVIB01,XAMDUM04,0.9999921585495446
DIHVIB01,XAMDUM02,0.9999783565949124
DIHVIB01,DOTSOV13,0.999947453208771
DIHVIB01,DOTSOV14,0.9999469600267828
DIHVIB01,DOTSOV12,0.999946583705295
DIHVIB01,TISPAO,0.9997940477831052
DIHVIB01,DOTSOV07,0.9996139074917464
DIHVIB01,QAWHIH01,0.9992561529031734
DIHVIB01,QAWHIH,0.9992191469752464
DIHVIB01,DOTSOV02,0.9988807065417058
DIHVIB01,QIZLIW,0.9984880175491871
DIHVIB01,YOZNUY,0.9983995386566136
DIHVIB01,NEHZOS,0.996397102359284
DIHVIB01,GAVDUD,0.9963767238553376
DIHVIB01,NEHZUY,0.9963112799541084
DIHVIB01,KAJZIH,0.9949208645434976
DIHVIB01,YOZNOS,0.9917981277994184
DIHVIB01,DALSOA,0.9329906547630626
DIHVIB01,ORAWAH,0.9321670600012868
DIHVIB01,BABREE,0.9321099284780954
DIHVIB01,MIKVEK,0.9298370919486124
DIHVIB01,EXOYAS,0.91970577752613
DIHVIB01,RAWYAS,0.918900400435632
DIHVIB01,IWEVAJ,0.918689890851092
DIHVIB01,CITXUZ,0.918449375968636
DIHVIB01,YUGLES,0.9079782910377832
DIHVIB01,YAGHUM,0.907879208339462
DIHVIB01,HOGLEV,0.9077404964280508
DIHVIB01,EXOGAB,0.9076889477414748
DIHVIB01,OFOCUI,0.907669516849739
DIHVIB01,HOGLEV01,0.9075719862340368
DIHVIB01,MOCKEV,0.9074215084721454
DIHVIB01,XIJSUH,0.9074173344136908
DIHVIB01,HANWAW,0.906356568940524
DIHVIB01,RAHBOU,0.8969539683900364
DIHVIB01,PAMQIF,0.8968050763224903
DIHVIB01,MOBDIR,0.8958721265181357
DIHVIB01,MUDTEL,0.894659661217737
DIHVIB01,GIKMOD01,0.8930550487805762
DIHVIB01,HOYQIX,0.8871820899677687
DIHVIB01,IPUPIU,0.8871009969758534
DIHVIB01,VIXPUP01,0.8870884090578082
DIHVIB01,RUVKAV,0.887031281616071
DIHVIB01,VIXPUP,0.8866379129339033
DIHVIB01,VIXPUP02,0.8865813754018049
DIHVIB01,KANMIX,0.8850597246120842
DIHVIB01,USEVOF,0.8850380183894422
DIHVIB01,IPUPOA,0.8849634242049004
DIHVIB01,WANJIF,0.8848743267718379
DIHVIB01,XEDMEB,0.8847087294496497
DIHVIB01,EMUBIZ,0.881721205512808
DIHVIB01,DICKEH,0.8770692832748762
DIHVIB01,CEKHUY,0.8739905967512613
DIHVIB01,LAQNID,0.8691051639772864
DIHVIB01,KIRFOI,0.865821229202917
DIHVIB01,TEKYOA,0.8609159999470424
DIHVIB01,XICKOL,0.8605951927991053
DIHVIB01,JALPAQ,0.8581368143665066
DIHVIB01,XITYOP,0.8575886621925257
DIHVIB01,IXAJUN,0.8574756914426644
DIHVIB01,IDUDIW,0.8564754730235093
DIHVIB01,FAMQAO,0.8535481598601518
DIHVIB01,FAMPUH,0.8535399559504653
DIHVIB01,NAPSUV,0.8535196363792157
DIHVIB01,EDOSEY,0.853407540747186
DIHVIB01,EPISOM,0.8525834002196402
DIHVIB01,ANUGEW,0.8525137337411546
DIHVIB01,MAVRAE,0.8513045679980742
DIHVIB01,LAYWOA,0.8501671036728593
DIHVIB01,WARXUL,0.8486136365396613
DIHVIB01,RUJMEQ,0.8463397103571195
DIHVIB01,UWALEL,0.8448456180785557
DIHVIB01,REGYOT,0.8396857331304959
DIHVIB01,ICAREL,0.8396833826619627
DIHVIB01,LUKLIN,0.8396783077142733
DIHVIB01,HUJGEA,0.8389108311839204
SURHEU02,RUBTAK03,0.999999999957359
SURHEU02,UFOSEQ,0.9999999987169284
SURHEU02,UFOSOA,0.9999999978625488
SURHEU02,UVAHIK,0.9470023051361028
SURHEU02,WIZMAV12,0.9469526230988848
SURHEU02,WIZMAV07,0.94694205949991
SURHEU02,WIZMAV09,0.9469410589826934
SURHEU02,WIZMAV,0.9469406689101116
SURHEU02,WIZMAV08,0.9469380928210566
SURHEU02,ERARUM,0.9469093230928308
SURHEU02,ERANAO,0.93677275456825
SURHEU02,XULGIW,0.9075659169249796
SURHEU02,HERHAQ,0.9066064018795792
SURHEU02,GERBEN,0.9059048338780404
SURHEU02,HERHEU,0.9046211852104532
SURHEU02,GAYXEM,0.9031304689682454
SURHEU02,BUNKUS,0.8974628627064811
SURHEU02,VIKSEQ,0.8779380359903076
SURHEU02,VIKROZ,0.8778771702613668
SURHEU02,DITJOH,0.8778585787593318
SURHEU02,XIJVIY,0.8770459059461685
SURHEU02,ESEBOV,0.8753228055517008
SURHEU02,UNEJEE,0.8749057582373237
SURHEU02,BOHWUS,0.8725075197223268
SURHEU02,HERHUK,0.8573076868259102
PIQQOX,REFWIL,0.994675831587888
PIQQOX,MICCIM,0.9722722969778674
PIQQOX,POKZOG,0.9629077751808526
PIQQOX,YILKAH,0.9611936062249437
PIQQOX,XEFGUN01,0.8779525056248045
PIQQOX,GOYLUB,0.8778407768402394
PIQQOX,VAKLIF,0.874552475025037
PIQQOX,REXYAX,0.871833892730512
PIQQOX,LUWKIZ,0.8437863182301667
FUTYOK,FENVOL,0.8872980733761306
FUTYOK,FUTZEB,0.9999788293889336
FUTYOK,PEJPEB,0.9999584885337685
FUTYOK,NANYUX01,0.9999016309287756
FUTYOK,UNAGOH,0.9998619646873136
FUTYOK,VEHJUP,0.9984802573826352
FUTYOK,KUNLEL,0.9941511478538146
FUTYOK,UFOFUT,0.9471870885047524
FUTYOK,YOZYUJ,0.946770998266141
FUTYOK,UFAMEW,0.9434330036545228
FUTYOK,QUQFEO,0.932990070450931
FUTYOK,EXOXUL,0.909351162479484
FUTYOK,JOVYAW,0.9082473374936594
FUTYOK,FUDGIW,0.9082272378412182
FUTYOK,REBVIG,0.9081316557150944
FUTYOK,MOHLIF,0.9048436808038371
FUTYOK,KEFBOO,0.9006428429926078
FUTYOK,HOGJIX,0.8991049989138565
FUTYOK,WIMWIA,0.8969061889939343
FUTYOK,BOWJAA,0.8866972917609635
FUTYOK,BUKMUQ01,0.8849539933237223
FUTYOK,REFVEF,0.8820070066495969
FUTYOK,APACAX,0.8777106798393794
FUTYOK,DOYHIK,0.8773923724958704
FUTYOK,DOYHOQ,0.8764783967148619
FUTYOK,NUFBOH,0.8755468759615059
FUTYOK,NASROR,0.8753120256931579
FUTYOK,FIJCUX,0.8749778811001809
FUTYOK,ORIBAU,0.874876318155718
FUTYOK,REDROI,0.8745409218377608
FUTYOK,IFABIA,0.8744254987551485
FUTYOK,IFABIA02,0.8742260020945893
FUTYOK,IFABIA03,0.874182081977744
FUTYOK,CUVTOD,0.8735656838956589
FUTYOK,PEVQOY,0.872193922086569
FUTYOK,MIBQAR15,0.8719099244623252
FUTYOK,HOLRAD,0.8718115058411566
FUTYOK,LAWFOF,0.8717993341029334
FUTYOK,VAZTUM,0.8717925853066304
FUTYOK,SAHYIK,0.8717595471338543
FUTYOK,VOTHIX,0.8713203756167095
FUTYOK,GEYLEE,0.8686867313356547
FUTYOK,NUFCAU,0.8680395906715515
FUTYOK,YOGKOW,0.8594619438840866
FUTYOK,WEHHOI,0.8525054644982956
FUTYOK,IDIXAU,0.8492531523309614
FUTYOK,MIMRAB01,0.8490352705607158
FUTYOK,WORLAS,0.8468301417579044
FUTYOK,HIQNUS,0.8463261098790347
FUTYOK,EZINAE,0.846307892241052
FUTYOK,CIJLIT,0.8460424844052228
FUTYOK,HIQNOM,0.844919927218128
FUTYOK,NENHEU,0.8398276612215894
FUTYOK,JAYXAL,0.8396069475219854
FUTYOK,BABRII,0.8392009704369385
LUKLIN,REGYOT,0.999999949288765
LUKLIN,DOTSOV16,0.8399608878995674
LUKLIN,DOTSOV12,0.8399608757635575
LUKLIN,DOTSOV15,0.8399599628788014
LUKLIN,DOTSOV11,0.8399590814031055
LUKLIN,QIZLIW,0.8399538603104904
LUKLIN,DOTSOV42,0.8399480189220054
LUKLIN,XAMDUM02,0.8397581314343615
LUKLIN,EBAMUS,0.8397286531048526
LUKLIN,LUDLIH,0.8397137148267059
LUKLIN,RILFEA,0.8396907343954256
LUKLIN,XAMDUM01,0.8396901591527575
LUKLIN,UXISUR,0.8396777929536283
LUKLIN,DIHVIB,0.839551101187982
LUKLIN,WULJUJ,0.839367514819332
LUKLIN,DOTSOV02,0.8393475826792538
LUKLIN,NEHZOS,0.8388316790631274
LUKLIN,GAVDUD,0.8388189008551429
LUKLIN,TISPAO,0.8388133771380062
LUKLIN,NEHZUY,0.8387783409844043
DOTSOV42,DOTSOV15,0.9999998588961156
DOTSOV42,DOTSOV10,0.9999998588852436
DOTSOV42,DOTSOV14,0.9999998458851544
DOTSOV42,DOTSOV16,0.9999998358899927
DOTSOV42,XAMDUM05,0.9999783376761486
DOTSOV42,BODPAN,0.9999763354375728
DOTSOV42,LUDLIH,0.9999610127145078
DOTSOV42,XAMDUM02,0.9999606039829978
DOTSOV42,RILFEA,0.9999560185861228
DOTSOV42,UXISUR,0.9999521823702456
DOTSOV42,FIQCEN,0.9999502834468932
DOTSOV42,YOZMIL,0.9999374741520336
DOTSOV42,YOZMOR,0.9999185407800156
DOTSOV42,DIHVIB,0.9999093198608696
DOTSOV42,EBAMUS,0.9998476118551136
DOTSOV42,DOTSOV07,0.9997365190960612
DOTSOV42,WULJUJ,0.9990867262584656
DOTSOV42,DOTSOV02,0.999065542441177
DOTSOV42,QIZLIW,0.9989766865902984
DOTSOV42,QAWHIH,0.9987861594228208
DOTSOV42,NEHZOS,0.9971758891002892
DOTSOV42,KAJZIH,0.9958531662529776
DOTSOV42,QIZLOC,0.995021770853828
DOTSOV42,MIKVEK,0.9305638000798904
DOTSOV42,ONIXOZ,0.9259742036093735
DOTSOV42,EXOYAS,0.9199264900285512
DOTSOV42,CITXUZ,0.9189593639906624
DOTSOV42,IWEVAJ,0.918717376676744
DOTSOV42,YUGLES,0.9077038896148634
DOTSOV42,YAGHUM,0.907566480580823
DOTSOV42,NUTQAV,0.9074441459737724
DOTSOV42,OFOCUI,0.907380585229163
DOTSOV42,HANWAW,0.9069015435461212
DOTSOV42,ALIXUP,0.9014435582091268
DOTSOV42,PIDRAY,0.901083703977182
DOTSOV42,RAHBOU,0.8971843183403336
DOTSOV42,PAMQIF,0.8970227821857502
DOTSOV42,MOBDIR,0.8962729277051399
DOTSOV42,GIKMOD,0.8945775660202162
DOTSOV42,GIKMOD01,0.8939102135821355
DOTSOV42,MUDTEL,0.8938970256716231
DOTSOV42,GINTUT,0.8872589910201603
DOTSOV42,VIXPUP01,0.8872407705264197
DOTSOV42,VIXPUP,0.8869449699252937
DOTSOV42,IPUPOA,0.8855818092441687
DOTSOV42,PAFZEE,0.8850380045443756
DOTSOV42,WANJIF,0.8849297264878733
DOTSOV42,USEVOF,0.8849041726681988
DOTSOV42,APUPEH,0.8828432211231458
DOTSOV42,EMUBIZ,0.8824713263517442
DOTSOV42,ANUGOG,0.8779631244168932
DOTSOV42,DICKEH,0.8774345143692426
DOTSOV42,ANUGIA,0.8771681191410792
DOTSOV42,LAQNID,0.8692371612149222
DOTSOV42,OKABAE,0.867618453943515
DOTSOV42,KIRFOI,0.866582779780377
DOTSOV42,IWEQAD,0.8611545441864366
DOTSOV42,TEKYOA,0.861082928151741
DOTSOV42,XICKOL,0.8608748781600514
DOTSOV42,TOVWAE,0.8605730548832189
DOTSOV42,OGEBAF,0.859351285641239
DOTSOV42,OGEBAF01,0.8591922982766844
DOTSOV42,XITYOP,0.8583564830851662
DOTSOV42,IDUDIW,0.8573672106604179
DOTSOV42,FAMQAO,0.8534689150714746
DOTSOV42,FAMQES,0.8534170817102966
DOTSOV42,EDOSEY,0.8531932151144551
DOTSOV42,EPISOM,0.8529014158801005
DOTSOV42,MAVRAE,0.8519099839291656
DOTSOV42,LAYXAN,0.8503707607830092
DOTSOV42,WARXUL,0.8495325187910273
DOTSOV42,RUJMEQ,0.8464079409743045
DOTSOV42,UWALEL,0.84607675435975
DOTSOV42,BAZFUF01,0.8395559058347384
DOTSOV42,BAZFUF,0.8395445512337
DOTSOV42,HUJGEA,0.8392461343526765
DOTSOV42,ENIHUG,0.8384916236941281
REBVIG,DURDAX,0.9999999645032926
REBVIG,UFOFUT,0.9564035093350168
REBVIG,DUZPUL,0.9532030244205568
REBVIG,QUQFEO,0.9419048045672336
REBVIG,BABRII,0.9162287859470212
REBVIG,JENKET,0.9161846615115964
REBVIG,REGREC,0.9082445144079558
REBVIG,NIWYID,0.9081293253877584
REBVIG,FUVBAB,0.9080720635023858
REBVIG,NIWYOJ,0.9080360864096672
REBVIG,PEJPEB,0.9079516740515592
REBVIG,ACIBOE,0.9078507133724852
REBVIG,NANYUX01,0.9078258034788824
REBVIG,IJEXIF01,0.9077475661550928
REBVIG,VEHJUP,0.9074531741729424
REBVIG,FUTZAX,0.907288018277374
REBVIG,JEDVIA,0.9062737735338514
REBVIG,KUNLEL,0.9039263597624916
REBVIG,ODUNEH,0.8954185304458534
REBVIG,ROZXEL,0.8954045396735189
REBVIG,PIWLAL,0.8953631143577249
REBVIG,NUCPIM,0.8920045656895486
REBVIG,MUWRUT,0.8605561454055788
REBVIG,DOYHOQ,0.8592700275259388
REBVIG,NUFBOH,0.8585610280872872
REBVIG,DUPKAC,0.8584431455713248
REBVIG,NASROR,0.8583824624516154
REBVIG,LOWQIX,0.8535388601780809
REBVIG,CIJLIT,0.8534831260950975
REBVIG,NUFCAU,0.8521285112035241
REBVIG,GOSDUP,0.8512929001424235
REBVIG,UKOLUD,0.8512296851369007
REBVIG,TONQOD,0.8504596153315692
REBVIG,QEDZEG,0.8503123347310247
REBVIG,QOPZIF,0.8423451056505346
REBVIG,ADUVAZ,0.8419411411445197
REBVIG,REDROI,0.8400914518957613
REBVIG,IFABIA,0.8400333281574113
REBVIG,FIJCUX,0.839966974564871
REBVIG,IFABIA02,0.8398630649535943
REBVIG,IFABIA03,0.8398411125575889
REBVIG,IFABIA01,0.839840614318068
UNIRUF05,NIRCUO,0.9988846372250972
NIWYOJ,FUVBAB,0.9999981483211716
NIWYOJ,ACIBOE,0.9999710787260412
NIWYOJ,NANYUX01,0.9999579675886836
NIWYOJ,VEHKAW,0.9999569324338412
NIWYOJ,UNAGOH,0.999936449306809
NIWYOJ,FUTZAX,0.9997300923958894
NIWYOJ,REGREC,0.9997278110531698
NIWYOJ,ULISOZ,0.9994524315185918
NIWYOJ,IJEXIF01,0.9986360411188148
NIWYOJ,KUNLEL,0.993563273591414
NIWYOJ,RUPVAB,0.9858492279678208
NIWYOJ,UFOFUT,0.9471341103933892
NIWYOJ,YOZYUJ,0.9469155262545862
NIWYOJ,UFAMEW,0.9429569578743296
NIWYOJ,DUZPUL,0.9421210229964792
NIWYOJ,QUQFEO,0.932940418251566
NIWYOJ,RUGXUO,0.9324655136020564
NIWYOJ,QOPZIF,0.9184806100146196
NIWYOJ,EXOXUL,0.908563597785928
NIWYOJ,JOVYAW,0.9082390577609548
NIWYOJ,MOHLIF,0.9043911981367796
NIWYOJ,HOGJIX,0.8983767163722687
NIWYOJ,DUNXUH15,0.8972890208313798
NIWYOJ,WIMWIA,0.8968563793193142
NIWYOJ,LOWQIX,0.8968126160774434
NIWYOJ,BOWJAA,0.8864985197097337
NIWYOJ,REFVEF,0.8814467505448396
NIWYOJ,APACAX,0.8775764994066513
NIWYOJ,DOYHOQ,0.8761737257138041
NIWYOJ,FIJCUX,0.8749991473473308
NIWYOJ,NASROR,0.8749106536060836
NIWYOJ,VEGMOK01,0.8745893406682803
NIWYOJ,VEGMOK04,0.874567218713902
NIWYOJ,VEGMOK03,0.8745658753782102
NIWYOJ,REDROI,0.8743647617481446
NIWYOJ,IFABIA02,0.8740132485904638
NIWYOJ,IFABIA01,0.873989346766025
NIWYOJ,IFABIA03,0.8739619490051999
NIWYOJ,CUVTOD,0.8733577052907276
NIWYOJ,PEVQOY,0.8717814880469839
NIWYOJ,MIBQAR15,0.8714779253988132
NIWYOJ,PEVQIS,0.8714680667885374
NIWYOJ,MIBQAR12,0.871461192506404
NIWYOJ,MIBQAR01,0.871381384930388
NIWYOJ,VAZTUM,0.8713527760260701
NIWYOJ,VOTHIX,0.8709012795729937
NIWYOJ,UKOLUD,0.869201583757104
NIWYOJ,NUFCAU,0.8672803503631832
NIWYOJ,UBUMAH,0.8610143205751399
NIWYOJ,ADUVAZ,0.8575330911868105
NIWYOJ,LASMUP,0.8571612342096147
NIWYOJ,MUWRUT,0.8535476115299455
NIWYOJ,WEHHIC,0.8533063000008397
NIWYOJ,ALANAD,0.8523530007083369
NIWYOJ,QAQSAD,0.8500190375627183
NIWYOJ,IDIXAU,0.8494545398613461
NIWYOJ,WORLAS,0.8463903027799425
NIWYOJ,HIQNUS,0.8462930754189621
NIWYOJ,EZINAE,0.8462177740960265
NIWYOJ,CIJLIT,0.8458836772680787
NIWYOJ,HEZKIH,0.845216981284902
NIWYOJ,HIQNOM,0.8446150124194216
NIWYOJ,REYCEF,0.8445127751757029
NIWYOJ,REYCUV,0.8404725288009469
NIWYOJ,JENKET,0.8401522968165511
NIWYOJ,NENHEU,0.8399602194253024
NIWYOJ,JAYXAL,0.8395267479141025
IQOJAB,XAFFER,0.940058729907281
IQOJAB,XAFFAN,0.9388549593070348
IQOJAB,IGUFOH,0.9222365269601528
IQOJAB,DARYIF,0.873318432504705
IQOJAB,ODUNEH,0.8726330680610555
IQOJAB,PIWLIT,0.872131221317319
IQOJAB,BUVNIR,0.8719029020932108
IQOJAB,ROZXEL,0.8716254923975493
IQOJAB,QOZSIJ,0.867210333703521
IQOJAB,JENKET,0.838506057935204
YUGLES,YAGHUM,0.999992267223964
YUGLES,NUTQAV,0.9999747154704922
YUGLES,VUJBIM,0.985842287371316
YUGLES,MUDTEL,0.9853996723065878
YUGLES,DICKEH,0.9607637384081732
YUGLES,RUVKAV,0.9469158620332512
YUGLES,OGEBAF01,0.9377569705842308
YUGLES,SEMNIJ,0.9159770633387174
YUGLES,BIHROC,0.9134522057660108
YUGLES,TISPAO,0.9082439392521956
YUGLES,QAWHIH,0.908115640287764
YUGLES,DIHVIB,0.9080574952883876
YUGLES,FIQCEN,0.907983118539577
YUGLES,XAMDUM01,0.9079697073002378
YUGLES,LUDLIH,0.9079482228588748
YUGLES,XAMDUM03,0.9079331203319204
YUGLES,XAMDUM04,0.9079162112368582
YUGLES,XAMDUM05,0.907899273654745
YUGLES,XAMDUM02,0.9078828822630046
YUGLES,YOZNUY,0.907691809495153
YUGLES,DOTSOV13,0.9076876967281746
YUGLES,DOTSOV11,0.90768755677706
YUGLES,DOTSOV10,0.9076862286343236
YUGLES,DOTSOV14,0.907686049622727
YUGLES,DOTSOV16,0.9076848320419924
YUGLES,DOTSOV12,0.907684826549503
YUGLES,FISGOF,0.9074535434451192
YUGLES,DOTSOV07,0.9071779401962052
YUGLES,WULJUJ,0.9063120782748412
YUGLES,DOTSOV02,0.9062891643330954
YUGLES,NEHZOS,0.9024144128254866
YUGLES,KAJZIH,0.9005751882092632
YUGLES,QIYDAF01,0.8820360970682507
YUGLES,FAGQAI,0.8813227722101253
YUGLES,MIKVEK,0.8482679700503191
YUGLES,IWEVAJ,0.8411328340855153
MITTAL,QISNIR,0.9999995089530406
WEVVOL,FESYEK,0.8921236428673078
WEVVOL,JUYJIY,0.8883740272797803
WEVVOL,FONKEA,0.8791404902322106
WEVVOL,DUWBEE,0.8774226644565164
WEVVOL,QEKLID01,0.8727114945143146
WEVVOL,NOLRIR,0.8648305930368386
WEVVOL,GOQTIR,0.8554027284318171
WEVVOL,JUXZOT,0.8552501329302553
WEVVOL,JUXZIN,0.855057030728097
WEVVOL,MUXVIM,0.8542883439548795
WEVVOL,OKOSUE,0.8526693532123287
WEVVOL,CEHKUW,0.8396731563249583
WEVVOL,MITSEO,0.8396707695241266
WEVVOL,PARKUQ01,0.8391823960268191
WEVVOL,ODOXEK,0.8388549588235257
WEVVOL,MITSAK,0.8388387352232891
WEVVOL,MITSIS,0.8387649970959563
WEVVOL,KUJMIN,0.8382060197407788
DOTSOV36,DOTSOV27,0.9999999994787494
DOTSOV36,DOTSOV28,0.9999999986972632
ALIXUP,QIZLOC,0.9080870718244984
ALIXUP,KAJZIH,0.9079173096805282
ALIXUP,NEHZUY,0.9074208393433774
ALIXUP,GAVDUD,0.9073890638416712
ALIXUP,QIZLIW,0.905684323668744
ALIXUP,WULJUJ,0.9022455348535524
ALIXUP,DOTSOV02,0.9022311954928978
ALIXUP,DOTSOV07,0.9021125524921284
ALIXUP,DOTSOV14,0.901505551932782
ALIXUP,DOTSOV10,0.9015049733559388
ALIXUP,DOTSOV11,0.9015003981147458
ALIXUP,DOTSOV13,0.901499915603727
ALIXUP,EBAMUS,0.9009535462405872
ALIXUP,XAMDUM05,0.9006601256103587
ALIXUP,BODPAN,0.9006272068469424
ALIXUP,XAMDUM04,0.9005485778157107
ALIXUP,XAMDUM03,0.9004986931470417
ALIXUP,XAMDUM01,0.9003119446972806
ALIXUP,FIQCEN,0.9002399117527432
ALIXUP,YOZNEI,0.8999104487623679
ALIXUP,DIHVIB,0.8997951593543423
ALIXUP,TISPAO,0.8975234173630348
ALIXUP,QAWHIH01,0.8947153040880472
ALIXUP,YOZNOS,0.885771828182002
ALIXUP,ONIXOZ,0.8535513660123901
ALIXUP,MIKVEK,0.8524381433234589
ALIXUP,LASYOU,0.8519723941036623
ALIXUP,BABREE,0.8500181449807447
ALIXUP,YUSWEP,0.8470486409547616
ALIXUP,DALSOA,0.8463817699295755
ALIXUP,CITXUZ,0.8405870718672287
ALIXUP,RAWYAS,0.8399600432382266
CERPOF01,NOFRAC,0.8968715233784827
CERPOF01,WENRIR,0.8965263708492208
CERPOF01,LONHON,0.8748116293978556
CERPOF01,YAPQUC,0.8702296036920378
BOJYIK01,LOBQAV01,0.9993450199318272
BOJYIK01,YIXFUI,0.9999712137512944
VEDGAO,BOWDOI,0.9999979309281316
VEDGAO,VEDFUH,0.9999973800647256
VEDGAO,ABAVOP,0.9999933419782452
VEDGAO,BOWDUO,0.9999931384713668
VEDGAO,YODRAM,0.999993010593678
VEDGAO,AHETAK,0.9999908268924416
VEDGAO,VODNOS,0.9999819826300648
VEDGAO,CIJBEE,0.9999811267040988
VEDGAO,VEDFIV,0.9999810823968512
VEDGAO,OJOBAS,0.9999429256510552
VEDGAO,CEYPUT,0.999939942051646
VEDGAO,EXUXEC,0.9999255206101764
VEDGAO,KEJWAY,0.9997169257192384
VEDGAO,ABAVIJ,0.99937251129575
VEDGAO,TATSIS01,0.9992561946909032
VEDGAO,TATSIS,0.9991587883475154
VEDGAO,ABAVUV,0.9987737000284144
VEDGAO,ERUNUC,0.9232834570520448
VEDGAO,CAXZOS,0.9230522659681916
VEDGAO,JODGIU,0.9230005366612888
VEDGAO,DIDBEZ,0.9229195835787708
VEDGAO,DIDBID,0.9228424551157056
VEDGAO,DIDBAV,0.9227676077192152
VEDGAO,BUKLOJ,0.8829846645707007
VEDGAO,FEVDER,0.8791848742275374
VEDGAO,BAKJEE,0.8788795230460841
VEDGAO,BAKJII,0.878293266360689
VEDGAO,CANYIB,0.8770594656879412
VEDGAO,ESEQUO,0.8734568961649216
VEDGAO,SIDXOV,0.8714792017814466
VEDGAO,YATDOP,0.8600410140034285
VEDGAO,XALMII,0.8584942514190335
VEDGAO,DIQHAO01,0.8565658524070803
VEDGAO,FUMJAZ,0.8536765706100193
VEDGAO,MOXDOT,0.8444056812649547
VEDGAO,DERBIO,0.8442313172221251
VEDGAO,NERVIP01,0.8438256459272326
VEDGAO,GAGWOB,0.8432354549027524
VEDGAO,NERVOV,0.8430796235003217
VEDGAO,FAZPIH,0.8430098708415148
VEDGAO,KOHDIW,0.8429700317185012
VEDGAO,VOCKUT,0.8428817429121274
VEDGAO,NERVEL,0.8428274025679373
VEDGAO,NERVIP,0.842594444691671
VEDGAO,YIRSUQ,0.8420369856386831
NOMPOW,NOMPIQ01,0.9999931236332664
NOMPOW,CIKPEU,0.9999865003206988
NOMPOW,BEPRIZ,0.9998998835100918
NOMPOW,FEXCAO01,0.9585623107334555
NOMPOW,FEXCES,0.955130823674269
NOMPOW,SEQSOY,0.9540710780784084
NOMPOW,AXINAX01,0.9168543230911084
NOMPOW,NIGPEA,0.9136695772906392
NOMPOW,AXINIF,0.9133748831725436
NOMPOW,MIHJUL,0.9120718834529984
NOMPOW,HELDOT,0.9117421419904242
NOMPOW,DIBQEM,0.9096217224977636
NOMPOW,MOXDOT,0.902974152478118
NOMPOW,DERBIO,0.9023312191701878
NOMPOW,LUWZUZ02,0.8866492024142314
NOMPOW,CAXZOS,0.8862836879762291
NOMPOW,DIDBOJ,0.885866058713029
NOMPOW,DIDBAV,0.8856828346488546
NOMPOW,JODGIU,0.8856108321985802
NOMPOW,ERUNUC,0.8855164199766951
NOMPOW,DIDBID,0.8855070262760253
NOMPOW,ERUNOW,0.884336889519177
NOMPOW,FISQEG,0.8730015271164286
NOMPOW,XUDVAV,0.870898615247997
NOMPOW,ESEQUO,0.8537826178610042
NOMPOW,XALMOO,0.8483873955534353
NOMPOW,DIQHAO01,0.847075571881079
NOMPOW,YATDOP,0.8468462069688997
NOMPOW,DIQHAO,0.844710132816472
NOMPOW,SIDXOV,0.8437016290774261
NOMPOW,EDAJUP,0.8407752930768868
NOMPOW,EDAJUP01,0.8401070476114999
IFABIA,VEGMOK03,0.999952308100583
IFABIA,VEGMOK01,0.9999441164971962
IFABIA,IFABIA01,0.99983395856249
IFABIA,FIJCUX,0.9991792981576793
IFABIA,VUSKEA,0.9990257757063452
IFABIA,PEVQIS,0.9989900160012596
IFABIA,MIBQAR01,0.998943708853144
IFABIA,HOLRAD,0.9989392774369285
IFABIA,LAWFOF,0.9989322356198108
IFABIA,VAZTUM,0.998928137017058
IFABIA,SAHYIK,0.9989083730396175
IFABIA,ORIBAU,0.998771099437992
IFABIA,ODUNEH,0.9472130293530456
IFABIA,PIWLIT,0.9469160789658608
IFABIA,PIWLAL,0.9464411609154244
IFABIA,BABRII,0.9081874663520846
IFABIA,ODODIW,0.9081836274861874
IFABIA,YOCGAZ,0.9081613384672498
IFABIA,BOLPAU,0.9080850408031462
IFABIA,VIKBUP,0.9080361414532244
IFABIA,HUTZAX01,0.9079970144573798
IFABIA,DAWCIP,0.9075998069313208
IFABIA,WUHNUK,0.907531830737026
IFABIA,NEHGIS,0.9074931895459052
IFABIA,JENKET,0.9070158473760536
IFABIA,AWEYAE,0.9060687425867084
IFABIA,PICCUC,0.8971397446310512
IFABIA,GOSDUP,0.8970688257910047
IFABIA,CESQUP,0.896684236603032
IFABIA,JEDDII,0.8961244749432298
IFABIA,TONQOD,0.895327116266743
IFABIA,QEDZEG,0.8951220292616144
IFABIA,SACHIP,0.8926691785465692
IFABIA,EKEKEL,0.886369905478875
IFABIA,NAWXER,0.8855078530274633
IFABIA,DARYIF,0.8849479274015403
IFABIA,MIMRAB01,0.8848876298356727
IFABIA,WORLAS,0.8839162170368907
IFABIA,USAHAZ,0.8832844891134093
IFABIA,BUVNIR,0.883057589464435
IFABIA,WUMDIT,0.8779440145196923
IFABIA,XOQXIL,0.8777783886451176
IFABIA,NOXMAQ,0.8752760980300927
IFABIA,ZARLEL,0.875006976595365
IFABIA,NIWYID,0.8749940754813136
IFABIA,ULISOZ,0.8749808422345031
IFABIA,IJEXIF01,0.8749146465541282
IFABIA,REGREC,0.874873735860794
IFABIA,VEHJUP,0.8747731802253016
IFABIA,FUTZEB,0.8746247891761276
IFABIA,PEJPEB,0.8740773880101915
IFABIA,ACIBOE,0.873905159469154
IFABIA,UNAGOH,0.873726660944901
IFABIA,FUTZAX,0.8730521408987606
IFABIA,NENHEU,0.87234282479704
IFABIA,JEDVIA,0.8716869949254666
IFABIA,OKELOH,0.8689479090357205
IFABIA,AXOCEW,0.868749776492554
IFABIA,PEGCIP,0.8685118156030113
IFABIA,XEGXIT,0.8668178574365868
IFABIA,RUPVAB,0.8666192226192208
IFABIA,UBUMAH,0.8609090181126018
IFABIA,XENMIO,0.8605162854815853
IFABIA,WIMWIA,0.8604722017766636
IFABIA,EGIKUB01,0.860395318001556
IFABIA,YICQOS,0.8599001933760221
IFABIA,IGUFOH,0.8585145453560181
IFABIA,HIFGIO,0.8584734752523293
IFABIA,CIQHOC,0.8537141547486669
IFABIA,XOHNEO,0.8527711811986792
IFABIA,PURJES,0.8525486392830095
IFABIA,WOJZOK01,0.850681505387318
IFABIA,IGINIX,0.8462040976390155
IFABIA,LEBQUH,0.8433275028922398
IFABIA,MACHIJ,0.8408315331899183
PEVQOY,PERROW,0.9081755534504652
PEVQOY,VUSKEA,0.999995398655508
PEVQOY,PEVQIS,0.9999926060488528
PEVQOY,HOLRAD,0.9999877146409304
PEVQOY,IFABIA02,0.9991258144204866
PEVQOY,IFABIA01,0.9991078918614392
PEVQOY,REDROI,0.9989947091432788
PEVQOY,VEGMOK01,0.9986669370070878
PEVQOY,ORIBAU,0.9958980096664972
PEVQOY,ODUNEH,0.9463366339748356
PEVQOY,PIWLIT,0.9450724997356168
PEVQOY,WUHNUK,0.9080979371035782
PEVQOY,BOLPAU,0.9070132169195024
PEVQOY,ODODIW,0.9068733553092309
PEVQOY,VIKBUP,0.9063476476959802
PEVQOY,HUTZAX01,0.9062334745114122
PEVQOY,NEHGIS,0.9050569273739854
PEVQOY,JENKET,0.9041401528756124
PEVQOY,AWEYAE,0.9025266131947628
PEVQOY,CESQUP,0.8973501943161155
PEVQOY,PICCUC,0.897156741791431
PEVQOY,NIYZIG,0.897010785459683
PEVQOY,GOSDUP,0.8956771986496812
PEVQOY,TONQOD,0.89187796399157
PEVQOY,QEDZEG,0.8915446331355334
PEVQOY,EKEKEL,0.8872961896350091
PEVQOY,WORLAS,0.8849487086264315
PEVQOY,BUVNIR,0.8848242996595255
PEVQOY,DARYIF,0.8844376201960373
PEVQOY,NIKHAS,0.8844241304506768
PEVQOY,QAQSAD,0.8826138598806506
PEVQOY,USAHAZ,0.879992458826043
PEVQOY,IDIXAU,0.8784469914016277
PEVQOY,DUPKAC,0.8779595022695579
PEVQOY,WUMDIT,0.876845979704216
PEVQOY,XOQXIL,0.8761459516749472
PEVQOY,VEHJUP,0.8748034619359912
PEVQOY,IJEXIF01,0.8746062404624748
PEVQOY,KUNLEL,0.8744417590429248
PEVQOY,ULISOZ,0.8738860327382296
PEVQOY,XAFFAN,0.8732437867550757
PEVQOY,FUTZEB,0.8726584365474841
PEVQOY,FUVBAB,0.8719265862911616
PEVQOY,PEJPEB,0.8714742198625852
PEVQOY,ACIBOE,0.8711453475943894
PEVQOY,NANYUX01,0.8710869600720591
PEVQOY,FUTZAX,0.8696576058992086
PEVQOY,AXOCEW,0.869233925510413
PEVQOY,NENHEU,0.8689899243319459
PEVQOY,JEDVIA,0.8675225352028001
PEVQOY,OKELOH,0.8670556886806129
PEVQOY,PEGCIP,0.8660689339355682
PEVQOY,SAVMAE,0.8642129012718476
PEVQOY,XEGWIS,0.863139902246522
PEVQOY,KAHMOW,0.8631247680624592
PEVQOY,XEGXIT,0.8631105537138382
PEVQOY,XEGWAK,0.8630988567908571
PEVQOY,YICQOS,0.8611137385692262
PEVQOY,HAZYUE,0.8610228120273049
PEVQOY,IGUFOH,0.8609320741241342
PEVQOY,ZAQXEX,0.8596008898253599
PEVQOY,UBUMAH,0.8591508727778434
PEVQOY,LOWQIX,0.85872754715078
PEVQOY,XENMIO,0.8582058866346879
PEVQOY,XOHNEO,0.854683910972509
PEVQOY,HIFGIO,0.8546378803056096
PEVQOY,SOSQIC01,0.854569927792369
PEVQOY,WOJZOK01,0.8529497840458161
PEVQOY,TACJEO,0.8525925369200998
PEVQOY,GAWMOJ,0.85209696865608
PEVQOY,PURJAO,0.8520583281840527
PEVQOY,CIQHOC,0.8507756598152294
PEVQOY,NISCOJ,0.8458570317851071
PEVQOY,IGINIX,0.8444208076677922
PEVQOY,MACHIJ,0.8443418110942162
PEVQOY,LEBQUH,0.8392793740948994
PEVQOY,HOKLIE,0.8382914163079346
PEVQOY,VURMOL,0.8382382203188231
TONKEN,MUQYEE,0.9999840633482436
TONKEN,OTEGOL01,0.999795172629512
TONKEN,OWIHUZ,0.9997941341717314
TONKEN,OWIJAH,0.999789322962266
TONKEN,OWIHIN,0.9997867791718106
TONKEN,OWIHOT,0.999769742762462
TONKEN,OWIJIP,0.999762906596781
TONKEN,MURBEI,0.9996531918965216
TONKEN,XOMHIS,0.9812727141306168
TONKEN,CUFFEP,0.9472123068382634
TONKEN,CUFFUF,0.9472117186326524
TONKEN,FEYDET,0.9471756930125422
TONKEN,CUFDUD,0.9468411246814789
TONKEN,GIWMAD,0.86492779448162
TONKEN,CIFSIW,0.8628534050471397
TONKEN,CIFSES,0.8619550410748856
TONKEN,FOSTIS,0.8618645565930408
TONKEN,UNIDAY,0.8617185403332983
VEDFUH,VEDFAN,0.9999986750922176
VEDFUH,BOWDOI,0.9999984466070176
VEDFUH,AHETAK,0.9999979532055576
VEDFUH,VEDFOB,0.999990120430426
VEDFUH,VEDFER,0.999977491791985
VEDFUH,VEDGIW,0.9999724213010054
VEDFUH,VEDFIV,0.9999694944444906
VEDFUH,VODNOS,0.9999662589632454
VEDFUH,VEDGES,0.9999634164713448
VEDFUH,EXUXEC,0.9999500902851512
VEDFUH,KEJWAY,0.999767781470407
VEDFUH,ABAVIJ,0.9994177756622956
VEDFUH,TATSIS01,0.9993281338825843
VEDFUH,TATSIS,0.9992472868550784
VEDFUH,LASMAV,0.9987316001330102
VEDFUH,ABAVUV,0.9986594417178264
VEDFUH,ERUNUC,0.9232457838832456
VEDFUH,CAXZOS,0.9230710225208588
VEDFUH,DIDBOJ,0.9229804416310332
VEDFUH,DIDBEZ,0.9228973449991278
VEDFUH,DIDBID,0.9228198326387884
VEDFUH,DIDBAV,0.9227606256589396
VEDFUH,ERUNOW,0.9226983942676186
VEDFUH,FEVDER,0.8792150382337525
VEDFUH,LIDSIC,0.8789854787368808
VEDFUH,BAKJII,0.8781901498493105
VEDFUH,CANYIB,0.8769066421921504
VEDFUH,ESEQUO,0.8737481354180272
VEDFUH,SIDXOV,0.8717563451597663
VEDFUH,YATDOP,0.8599870032277273
VEDFUH,FUMJAZ,0.8537978801402093
VEDFUH,DIQHAO,0.8532457587336248
VEDFUH,WEMKEG,0.8443990619694659
VEDFUH,MOXDOT,0.8443897755349884
VEDFUH,DERBIO,0.8441844382756797
VEDFUH,NERVIP01,0.8438637081805567
VEDFUH,RAKBIO02,0.8435201870890927
VEDFUH,RAKBIO,0.8435114370254646
VEDFUH,FAZPIH,0.8431022469605697
VEDFUH,CANROA,0.8429863665253665
VEDFUH,KOHDIW,0.8429801073455785
VEDFUH,VOCKUT,0.8429785006352448
VEDFUH,NERVEL,0.842928994086267
VEDFUH,NERVIP,0.8427105522553195
VEDFER,VEDFIV,0.9999949342734388
VEDFER,VEDFAN,0.9999848996087471
VEDFER,ABAVOP,0.9999786341271047
VEDFER,VEDGES,0.9999759724021005
VEDFER,YODRAM,0.9999735783594412
VEDFER,BOWDIC,0.9999722438871288
VEDFER,AHETAK,0.999971823611776
VEDFER,VEDGIW,0.999966059104584
VEDFER,BIPXIK,0.9999604668464834
VEDFER,VODNOS,0.999959047877348
VEDFER,CEYPUT,0.9999188054261824
VEDFER,EXUXEC,0.9999130566518628
VEDFER,ABAVIJ,0.99950298798709
VEDFER,TATSIS01,0.9993288985666198
VEDFER,TATSIS,0.99916093335691
VEDFER,ABAVUV,0.9987538438579732
VEDFER,YIGGEB,0.997202309936152
VEDFER,ERUNUC,0.9232632608904832
VEDFER,CAXZOS,0.9231718347634604
VEDFER,JODGIU,0.9231494611978468
VEDFER,DIDBOJ,0.9231406502909628
VEDFER,DIDBEZ,0.9230859759647994
VEDFER,DIDBAV,0.92296116916163
VEDFER,BUKLOJ,0.8829703821656139
VEDFER,FEVDER,0.8791699464193684
VEDFER,BAKJOO,0.8791103100343057
VEDFER,BAKJEE,0.8788618735812572
VEDFER,AZIHOI,0.8788483438236555
VEDFER,TIDNIF,0.8773531063407312
VEDFER,CANYIB,0.8770351642300678
VEDFER,ESEQUO,0.8737828938988237
VEDFER,XALMOO,0.8600712868016617
VEDFER,XALMII,0.8584702584854803
VEDFER,FUMJAZ,0.8539382265392821
VEDFER,NIDFOX,0.8535505990186777
VEDFER,XEVXUT,0.852126671811852
VEDFER,MOXDOT,0.8443858460239824
VEDFER,DERBIO,0.8442132233474593
VEDFER,NERVIP01,0.843838791879472
VEDFER,NERVOV,0.8430726444987569
VEDFER,KOHDIW,0.8429755750016303
VEDFER,CANROA,0.8429593359474249
VEDFER,NERVEL,0.8428686439471801
VEDFER,YIRSUQ,0.8420260220782687
VEDFER,CEJFOO,0.8416720153524384
LIDZUV,OFOYUG,0.9999998342077964
LIDZUV,UQEFED,0.999993563647906
LIDZUV,OKAYIK,0.999834631924992
LIDZUV,QUXRIM,0.99897322363138
LIDZUV,DIQGUH,0.895931834889255
LIDZUV,LIWYUM,0.8524614947058808
LIDZUV,HAFVOB,0.8514687603881708
HOGLEV,HOGLEV01,0.9999879271448836
HOGLEV,DOTSOV12,0.908016392651422
HOGLEV,DOTSOV14,0.9080156066273042
HOGLEV,DOTSOV10,0.9080154975791184
HOGLEV,DOTSOV15,0.9080154971423916
HOGLEV,DOTSOV11,0.9080146412691656
HOGLEV,QIZLIW,0.9079804983865168
HOGLEV,XAMDUM05,0.907836831500626
HOGLEV,XAMDUM02,0.907818669122896
HOGLEV,XAMDUM04,0.9078062708016232
HOGLEV,XAMDUM03,0.9077983031407768
HOGLEV,LUDLIH,0.907775271173873
HOGLEV,UXISUR,0.9077399820472054
HOGLEV,FIQCEN,0.9077338354665576
HOGLEV,YOZMOR,0.9076410175609596
HOGLEV,DIHVIB,0.9076156694816608
HOGLEV,WULJUJ,0.907416558040027
HOGLEV,DOTSOV02,0.9073966228434532
HOGLEV,TISPAO,0.9068886444211498
HOGLEV,NEHZOS,0.9068389850094964
HOGLEV,GAVDUD,0.90682610485563
HOGLEV,QIZLOC,0.9052220970431522
HOGLEV,YOZMUX,0.8937269683181344
HOGLEV,LASYOU,0.8628140416592001
HOGLEV,DALSOA,0.8532350138234844
HOGLEV,ORAWAH,0.8508928636066095
HOGLEV,RAWYAS,0.8428560544527806
HOGLEV,IWEVAJ,0.8413620344198754
DOTSOV09,DOTSOV18,0.999999999716022
ENITEB,NOZZUZ,0.9996296952470272
ENITEB,NOZZOT,0.999488612527806
ENITEB,XEFGUN01,0.9076689528611585
ENITEB,GOYLUB,0.9067565329464288
ENITEB,RUXWEM01,0.8649608649517249
ENITEB,RUXWEM03,0.8647860449173957
ENITEB,GERWOR,0.8609179612166824
ENITEB,WEBLAQ,0.8429520635802599
ENITEB,MINBEQ,0.8428880963851159
ENITEB,RIGHAR,0.8424197048109869
ENITEB,ROCZEQ,0.8415070133450151
ENITEB,JIYSUI,0.8413645424966908
ENITEB,KEJBOQ,0.8411798693134664
LAYXER,ANUGEW,0.999925188259012
LAYXER,LAYWOA,0.9998786851715364
LAYXER,LAYXAN,0.9997299459024062
LAYXER,ANUGIA,0.9815597507246628
LAYXER,NAFSOF,0.9741057381576208
LAYXER,BAZGAM,0.973791279353358
LAYXER,KIJRUS,0.9715796972423196
LAYXER,IPUPIU,0.9697137146784254
LAYXER,QOWRAV10,0.9574338857986644
LAYXER,QOWRAV09,0.9574143469425808
LAYXER,QOWRAV11,0.9574031167771484
LAYXER,QOWRAV12,0.957395537573118
LAYXER,QOWRAV07,0.9573566148157518
LAYXER,QOWRAV05,0.9572877684904022
LAYXER,QOWRAV03,0.9572816160403358
LAYXER,QOWRAV02,0.9572666959801566
LAYXER,EXOGAB,0.9467533730276896
LAYXER,LAQNID,0.9269657309832904
LAYXER,MIKVEK,0.9192471875281236
LAYXER,ORAWAH,0.911580377146694
LAYXER,FISGOF,0.9066071618652196
LAYXER,YUSWEP,0.9032257883167014
LAYXER,ENIHUG,0.8872456734688281
LAYXER,CEFNIN,0.8869772855372323
LAYXER,EPISOM,0.8866907914738114
LAYXER,NAPSUV,0.8838090717730307
LAYXER,EDOSEY,0.8829652300867837
LAYXER,MUNDOQ,0.88012532055435
LAYXER,AZAVUU,0.8785613246475719
LAYXER,RUJMEQ,0.8775963371442933
LAYXER,HAYXIR,0.8768178342967036
LAYXER,JALPAQ,0.8729875287983341
LAYXER,XICKOL,0.8717731062470011
LAYXER,TEKYOA,0.8711341565071288
LAYXER,NIGDIS,0.8709230844085812
LAYXER,SEMNIJ,0.8681011556529707
LAYXER,LURRIA,0.8667445387034867
LAYXER,NEMCOA,0.865962450445471
LAYXER,HIDTUM,0.8658609654624997
LAYXER,KAGJOS,0.8655696360231334
LAYXER,SIXNEV,0.8641516499974269
LAYXER,SIXNIZ,0.8636118891258562
LAYXER,AVAKAL02,0.8619936484547854
LAYXER,YIMQOD,0.861879312172707
LAYXER,KIRFOI,0.8575484209754775
LAYXER,NEHZOS,0.8550217167844372
LAYXER,GAVDUD,0.8550211638917977
LAYXER,KAJZIH,0.8548646034055007
LAYXER,QIZLIW,0.8546282347648125
LAYXER,WULJUJ,0.8525060406263298
LAYXER,DOTSOV16,0.8523781343698436
LAYXER,DOTSOV14,0.8523754952504154
LAYXER,DOTSOV10,0.8523751118924844
LAYXER,DOTSOV11,0.8523722324861519
LAYXER,DOTSOV13,0.852371928792862
LAYXER,EBAMUS,0.8519727552780975
LAYXER,XAMDUM05,0.8518339505641346
LAYXER,XAMDUM02,0.8518146361119526
LAYXER,BODPAN,0.8518125063885947
LAYXER,XAMDUM03,0.8517284955540712
LAYXER,LUDLIH,0.8516703398924818
LAYXER,RILFEA,0.8516072342754614
LAYXER,XAMDUM01,0.8516057925528163
LAYXER,UXISUR,0.8515741639540945
LAYXER,YOZMIL,0.8514579980702215
LAYXER,YOZNEI,0.8513392737320898
LAYXER,YOZMOR,0.8513246628165201
LAYXER,DIHVIB,0.851262208137818
LAYXER,SIXNUL,0.8434281084041835
LAYXER,HANWAW,0.8422973177588691
LAYXER,WARXUL,0.8421916967918152
LAYXER,YOZNOS,0.8391723081597019
NUDPAE,NUDPAE07,0.9999549169564146
NUDPAE,NUDPAE01,0.9999999712690196
NUDPAE,VICBEQ,0.9999996587770188
NUDPAE,NUDPAE09,0.999923852650443
NUDPAE,IZIDOM,0.999776707780244
NUDPAE,NUDPAE12,0.9995990546268814
NUDPAE,NUDNUW09,0.999510534004827
NUDPAE,PESTAL,0.9994913328843492
NUDPAE,NUDNUW06,0.9994527348971244
NUDPAE,CAJHUS01,0.9987815183886476
NUDPAE,NIHBAI01,0.998734082758176
NUDPAE,NIKYOW01,0.9986818622901548
NUDPAE,NIHBAI02,0.9986389024681832
NUDPAE,NIKZAJ01,0.9985495592699024
NUDPAE,IZAJUQ,0.9980790227647384
NUDPAE,CAJHUS,0.9979296878510904
XAPMUY,ACAFAO,0.9013927497533438
XAPMUY,RUBZIY02,0.9470210179001932
XAPMUY,XILBAW,0.9469257521095004
XAPMUY,YAPQUC,0.9459137099315588
XAPMUY,LIPZES,0.9452330665465322
XAPMUY,LONHON,0.94395106123277
XAPMUY,HAPZUW,0.8999893177045732
XAPMUY,MOLLEG,0.8757303356935748
XAPMUY,FAHQUD,0.8673990079491928
XAPMUY,IVOLOW,0.8530178278935605
XAPMUY,LACFOM,0.8528916329895229
XAPMUY,YUNBOZ,0.8443973026229078
XAPMUY,INICPB01,0.8441994731489125
XAPMUY,POCMEA01,0.8440199369141659
XAPMUY,POCMEA03,0.8439770584955903
XAPMUY,POCMEA04,0.8439068060168902
XAPMUY,POCMEA,0.8439048712348387
HAPZUW,TEDZUZ,0.9270653173659756
HAPZUW,TEYCAD,0.8678287980742536
HAPZUW,YAPQUC,0.8584175140749424
HAPZUW,XILBAW,0.8550014953645579
HAPZUW,LONHON,0.8472050841118356
HAPZUW,ERIQUS,0.8464787438250894
ANUGEW,LAYWOA,0.9996135134979132
ANUGEW,LAYXAN,0.9993711749082734
ANUGEW,ANUGIA,0.9828604931814704
ANUGEW,BAZGAM,0.9739567266557252
ANUGEW,ICAREL,0.9735991975137086
ANUGEW,BAZFUF,0.9695988455361112
ANUGEW,QOWRAV,0.9596132068598908
ANUGEW,QOWRAV09,0.9595562330222152
ANUGEW,QOWRAV11,0.9595457140536844
ANUGEW,QOWRAV12,0.9595386146910994
ANUGEW,QOWRAV08,0.959524374342895
ANUGEW,QOWRAV03,0.9594318904751388
ANUGEW,QOWRAV02,0.959417911077482
ANUGEW,EXOGAB,0.9472855626589074
ANUGEW,ORAWAH,0.913012008559701
ANUGEW,LASYOU,0.8984071281335789
ANUGEW,ENIHUG,0.8886527423452362
ANUGEW,CEFNIN,0.8882027943014408
ANUGEW,NAPSUV,0.884846474045127
ANUGEW,EDOSEY,0.8841093030904885
ANUGEW,MUNDOQ,0.8800075198057534
ANUGEW,HAYXIR,0.8777357286873839
ANUGEW,TEKYOA,0.8718059700242627
ANUGEW,SEMNIJ,0.8692013636088884
ANUGEW,LURRIA,0.867567564002593
ANUGEW,NEMCOA,0.865890193972952
ANUGEW,KAGJOS,0.865759940662986
ANUGEW,HIDTUM,0.8656119579302111
ANUGEW,SIXNIZ,0.864214434405081
ANUGEW,YIMQOD,0.8635911712330852
ANUGEW,AVAKAL02,0.8630052222985751
ANUGEW,KIRFOI,0.8574729085980417
ANUGEW,NEHZOS,0.8549243349385776
ANUGEW,GAVDUD,0.8549206653207316
ANUGEW,KAJZIH,0.8545720463264695
ANUGEW,DOTSOV12,0.8531912567927911
ANUGEW,DOTSOV14,0.8531890521298116
ANUGEW,DOTSOV10,0.85318876513452
ANUGEW,DOTSOV15,0.8531887638992064
ANUGEW,DOTSOV13,0.8531861133895146
ANUGEW,EBAMUS,0.8528239913670914
ANUGEW,BODPAN,0.8527153439372915
ANUGEW,XAMDUM02,0.852713375917068
ANUGEW,XAMDUM03,0.8526441452931051
ANUGEW,LUDLIH,0.8525938860915936
ANUGEW,XAMDUM01,0.8525395844352542
ANUGEW,UXISUR,0.8525126146622519
ANUGEW,FIQCEN,0.8524990037314111
ANUGEW,YOZMIL,0.8524131318256695
ANUGEW,YOZMOR,0.8522986732948798
ANUGEW,TISPAO,0.8508758620927878
ANUGEW,QAWHIH01,0.8490536990464306
ANUGEW,YOZNUY,0.8469374911185852
ANUGEW,SIXNUL,0.8438535320135283
QOPZIF,TEQVES,0.9999108487606182
QOPZIF,VEHJUP,0.9200695657131076
QOPZIF,IJEXIF01,0.9200676208909128
QOPZIF,NIWYID,0.91986819632451
QOPZIF,FUTZEB,0.91907859727093
QOPZIF,PEJPEB,0.9182606657370902
QOPZIF,ACIBOE,0.9180219518600168
QOPZIF,UNAGOH,0.9177806261730088
QOPZIF,JEDVIA,0.9152088802841414
QOPZIF,RUPVAB,0.9137787443712714
QOPZIF,UFOFUT,0.874763811341606
QOPZIF,YOZYUJ,0.8724569413042041
QOPZIF,NASROR,0.870237597513997
QOPZIF,EXOXUL,0.848366938358191
QOPZIF,MOHLIF,0.8424976515144266
QOPZIF,JOVYAW,0.8416235196445617
QOPZIF,KEFBOO,0.8403726489363703
QOPZIF,HOGJIX,0.839436012730129
KAFYAT,FUTZEB,0.9082355483542784
DUNXUH13,DUNXUH,0.9999961994179009
DUNXUH13,DUNXUH15,0.9999859999710918
DUNXUH13,PEJPEB,0.8971822822908738
DUNXUH13,ULISOZ,0.8971697572447148
DUNXUH13,ACIBOE,0.8971052829799071
DUNXUH13,UNAGOH,0.8970186862838501
DUNXUH13,IJEXIF01,0.8966252567938731
DUNXUH13,JEDVIA,0.895746303541708
DUNXUH13,YOZYUJ,0.8546462695300934
DUNXUH13,DUZPUL,0.851641405399322
DUNXUH13,QUQFEO,0.8441058171800081
DUNXUH13,RUGXUO,0.8439430907756488
IGUFOH,XAFFER,0.9776974011147572
IGUFOH,VIKBUP,0.9419003415491964
IGUFOH,ODUNEH,0.903198536075803
IGUFOH,ROZXEL,0.8999017131382326
IGUFOH,PIWLAL,0.8996716182205104
IGUFOH,BABRII,0.8672214909145423
IGUFOH,IFABIA01,0.8617701590910505
IGUFOH,PEVQIS,0.8611253050355558
IGUFOH,VAZTUM,0.8611154641291124
IGUFOH,MIBQAR01,0.8610963177777693
IGUFOH,LAWFOF,0.8610855896481671
IGUFOH,HOLRAD,0.861080509201827
IGUFOH,MIBQAR15,0.8610671917093244
IGUFOH,VUSKEA,0.8610388751963696
IGUFOH,VEGMOK03,0.8578865880501728
IGUFOH,VEGMOK04,0.8578825856075114
IGUFOH,VEGMOK01,0.8578193243356249
IGUFOH,FIJCUX,0.8549673547345789
IGUFOH,ORIBAU,0.8538888336159879
IGUFOH,UKOLOV,0.8452268775294536
VEGMOK03,VEGMOK04,0.9999999989565826
VEGMOK03,VEGMOK01,0.9999996737026942
VEGMOK03,REDROI,0.9999768782583498
VEGMOK03,IFABIA02,0.9997979667969904
VEGMOK03,IFABIA03,0.9997888196930091
VEGMOK03,IFABIA01,0.9997757959342696
VEGMOK03,FIJCUX,0.9995266039447902
VEGMOK03,ORIBAU,0.9992063668878362
VEGMOK03,PEVQIS,0.9985064917691056
VEGMOK03,MIBQAR01,0.9984499578313512
VEGMOK03,HOLRAD,0.9984444924267584
VEGMOK03,ODUNEH,0.9471734753175854
VEGMOK03,PIWLIT,0.947106457321955
VEGMOK03,PIWLAL,0.9467765866621748
VEGMOK03,YOCGAZ,0.9082424187265044
VEGMOK03,VIKBUP,0.9081894872887684
VEGMOK03,BOLPAU,0.9081078994636644
VEGMOK03,JENKET,0.9074519058233472
VEGMOK03,AWEYAE,0.9066634752506026
VEGMOK03,GOSDUP,0.8971702848757888
VEGMOK03,CESQUP,0.896279609018568
VEGMOK03,QEDZEG,0.8957253275123709
VEGMOK03,JEDDII,0.8956461360088185
VEGMOK03,QAQSAD,0.8848884982415955
VEGMOK03,USAHAZ,0.8838197995479471
VEGMOK03,WORLAS,0.8834404477929347
VEGMOK03,IDIXAU,0.8829959783384765
VEGMOK03,BUVNIR,0.8823931639820591
VEGMOK03,XOQXIL,0.8779190981707288
VEGMOK03,VAGMEX,0.8770181321056449
VEGMOK03,XAFFAN,0.8768854650410683
VEGMOK03,DUPKAC,0.8768277966831061
VEGMOK03,REGREC,0.8749811667318698
VEGMOK03,FUTZEB,0.8748444157551969
VEGMOK03,PEJPEB,0.8744483076244316
VEGMOK03,ACIBOE,0.8743133525937046
VEGMOK03,NANYUX01,0.8742821140642604
VEGMOK03,FUTZAX,0.8736123062969889
VEGMOK03,NENHEU,0.8728931706050936
VEGMOK03,OKELOH,0.8691494272553371
VEGMOK03,GADROU,0.8689037239135599
VEGMOK03,AXOCEW,0.8683900905445884
VEGMOK03,XEGWIS,0.8674679801790689
VEGMOK03,XEGXIT,0.8674519677911932
VEGMOK03,XEGWAK,0.8674454716781763
VEGMOK03,RUPVAB,0.8653237042651496
VEGMOK03,UBUMAH,0.8610788820284396
VEGMOK03,HUVGEM,0.8608292480517908
VEGMOK03,XENMIO,0.8608179506609649
VEGMOK03,LOWQIX,0.8607422656314183
VEGMOK03,YICQOS,0.859369336902935
VEGMOK03,CIQHOC,0.8541647862781767
VEGMOK03,GAWMOJ,0.8535484345603012
VEGMOK03,PURJAO,0.8535459076866485
VEGMOK03,PURJES,0.8529376812901655
VEGMOK03,XOHNEO,0.8520720860645405
VEGMOK03,SOSQIC01,0.8517977891166439
VEGMOK03,TACJEO,0.8513523725650274
VEGMOK03,WOJZOK01,0.8498988377508632
VEGMOK03,IGINIX,0.8463804904344152
VEGMOK03,HOKLIE,0.8396812051383015
QOTZEG,HELFAI,0.999552546608158
AFOVAT,SEQWIW,0.9997963817244316
MIKVEK,ONIXOZ,0.9987878149229656
MIKVEK,ORAWAH,0.992729991022132
MIKVEK,LASYOU,0.9774336355537896
MIKVEK,EXOGAB,0.940869297760161
MIKVEK,NEMCOA,0.9364193839574952
MIKVEK,HIDTUM,0.936268485349632
MIKVEK,GAVDUD,0.9329897320551566
MIKVEK,NEHZOS,0.9329876732073308
MIKVEK,NEHZUY,0.9329818867443358
MIKVEK,QIZLIW,0.9326994060829658
MIKVEK,QIZLOC,0.9325652617543908
MIKVEK,DOTSOV02,0.9308423904539788
MIKVEK,DOTSOV12,0.9306041814878164
MIKVEK,DOTSOV16,0.9306035443432412
MIKVEK,DOTSOV14,0.9306016614553828
MIKVEK,DOTSOV10,0.9306006654731374
MIKVEK,DOTSOV11,0.9305979230334318
MIKVEK,DOTSOV13,0.9305976339800696
MIKVEK,ANUGIA,0.930420546564064
MIKVEK,EBAMUS,0.9302851959966016
MIKVEK,XAMDUM05,0.9300847219564404
MIKVEK,BODPAN,0.9300663646648404
MIKVEK,XAMDUM03,0.9299830914764802
MIKVEK,LUDLIH,0.929936239073262
MIKVEK,RILFEA,0.9298668251193508
MIKVEK,UXISUR,0.929835132193005
MIKVEK,YOZMOR,0.929599326714348
MIKVEK,DIHVIB,0.9295358756400376
MIKVEK,TISPAO,0.9280246218155952
MIKVEK,KIRFOI,0.9263842530522082
MIKVEK,YOZNUY,0.9237761824743224
MIKVEK,LAYWOA,0.9190708467677452
MIKVEK,LAYXAN,0.9188951791837529
MIKVEK,HOYQIX,0.9147625713347348
MIKVEK,HANWAW,0.9122951345299932
MIKVEK,IXAJUN,0.8909334597470095
MIKVEK,IDUDIW,0.8908174794816204
MIKVEK,NIGDIS,0.8891051910994079
MIKVEK,NAFSOF,0.8826885254465866
MIKVEK,ICAREL,0.8818882317313956
MIKVEK,KIJRUS,0.8806427167285292
MIKVEK,FAMQAO,0.8792954392108407
MIKVEK,FALTUK,0.8792827424750658
MIKVEK,FAMPUH,0.879132948952828
MIKVEK,FAMQES,0.8789987867680314
MIKVEK,NAPSUV,0.8788716212493444
MIKVEK,EDOSEY,0.8780579695264621
MIKVEK,BAZFUF01,0.8774109748567508
MIKVEK,BABREE,0.8742992386212183
MIKVEK,RUJMEQ,0.8726958930810909
MIKVEK,DALSOA,0.8723299026824213
MIKVEK,HUJGEA,0.8668990829649152
MIKVEK,QOWRAV,0.8667631977913115
MIKVEK,QOWRAV10,0.8667226517194034
MIKVEK,QOWRAV09,0.8667034657796986
MIKVEK,QOWRAV11,0.8666924369835038
MIKVEK,QOWRAV08,0.866670067480009
MIKVEK,QOWRAV05,0.8665791659328899
MIKVEK,QOWRAV03,0.8665731242552764
MIKVEK,XITYOP,0.8648756382293091
MIKVEK,CITXUZ,0.8635394252005901
MIKVEK,SEMNIJ,0.8633875893657641
MIKVEK,EXOYAS,0.8624274191749258
MIKVEK,LURRIA,0.8623029380455962
MIKVEK,ENIHUG,0.8606926416337388
MIKVEK,IDUDES,0.8606630134352315
MIKVEK,IXAKAU,0.8594637716307335
MIKVEK,HOGLEV01,0.8526243299074583
MIKVEK,PIDRAY,0.8522883069683187
MIKVEK,OFOCUI,0.8479757725586087
MIKVEK,YAGHUM,0.8478586366125559
MIKVEK,NUTQAV,0.847516731581319
MIKVEK,MOBDIR,0.8431706383476882
MIKVEK,RAHBOU,0.8428071210482757
MIKVEK,PAMQIF,0.8426594678729779
MIKVEK,HUCBOX01,0.8420191396174415
MIKVEK,HUCBOX,0.8418335916723384
HANWAW,ONIXOZ,0.9101484574518524
HANWAW,QIZLIW,0.9081935076392124
HANWAW,NEHZOS,0.9079202094561958
HANWAW,DOTSOV07,0.9072352321731452
HANWAW,WULJUJ,0.9070887279057472
HANWAW,DOTSOV12,0.9069318844844324
HANWAW,DOTSOV16,0.9069306393834872
HANWAW,DOTSOV10,0.906928534484135
HANWAW,XAMDUM05,0.90654531394204
HANWAW,BODPAN,0.906534003463126
HANWAW,XAMDUM04,0.9065172818692996
HANWAW,XAMDUM03,0.9064673777652162
HANWAW,LUDLIH,0.9064419812226628
HANWAW,FIQCEN,0.9063425555267602
HANWAW,YOZNEI,0.9061914717743212
HANWAW,QAWHIH01,0.903273438615144
HANWAW,QAWHIH,0.9031792388628028
HANWAW,YOZNOS,0.8960401669393442
HANWAW,YOZMUX,0.8917466011946057
HANWAW,EXOGAB,0.8884848971156801
HANWAW,IPUPOA,0.8688662520662429
HANWAW,HOYQIX,0.8659974985238297
HANWAW,IPUPIU,0.8656367890430612
HANWAW,CEKHUY,0.8596144993348298
HANWAW,ANUGOG,0.8586089714729077
HANWAW,BABREE,0.8533440903816015
HANWAW,DALSOA,0.8520447899656589
HANWAW,OKABAE,0.8517045021266098
HANWAW,KIRFOI,0.8514763649451071
HANWAW,LAQNID,0.850820484991756
HANWAW,EDOSOI,0.8442298845829421
HANWAW,EDORUN,0.8442196517038674
HANWAW,JALPAQ,0.843847394726727
HANWAW,IXAJUN,0.8436791705945986
HANWAW,XICKOL,0.8436174846051399
HANWAW,IDUDIW,0.8433812189725749
HANWAW,TEKYOA,0.843233733849732
HANWAW,NIGDIS,0.8431201220134877
HANWAW,CITXUZ,0.8429487383447796
HANWAW,RAWYAS,0.8428823910754601
HANWAW,EXOYAS,0.8423888692210435
HANWAW,LAYWOA,0.8418290434722631
HANWAW,LAYXAN,0.8415100215213455
HANWAW,IWEVAJ,0.8406800797729269
BASHEJ,HAWVOQ,0.999977181060319
VACFOV,VACFOV01,0.9999957327171438
VACFOV,MAYJOM,0.9999934690981878
VACFOV,VIFPUY02,0.9999853824272612
VACFOV,VIFPUY03,0.9999843823144144
VACFOV,LOQLEJ,0.9999842304030324
VACFOV,VIFPUY04,0.9999834427379268
VACFOV,VIFPUY01,0.999983433231186
VACFOV,GALJAG,0.9471994538791936
VACFOV,IFIPEV,0.9470140701194028
VACFOV,IYUHUG,0.9469533216321688
VACFOV,FIFGEI,0.946891644017873
VACFOV,FAHQIQ,0.9365921655330274
VACFOV,CIFSIW,0.9047705961390796
VACFOV,CIFSAO,0.903848098936565
VACFOV,CIFSES,0.9036826139168724
VACFOV,FOSTIS,0.903574761631588
VACFOV,UNIDAY,0.9034035799627812
VACFOV,FOSTOY,0.9031683162571228
VACFOV,TIRFOQ,0.8802600562744088
VACFOV,CUFFEP,0.8748521537922022
VACFOV,YAMXOC,0.8748514297686097
VACFOV,CUFFUF,0.8748460717430366
VACFOV,CUFFIT,0.87482897936713
VACFOV,FEYDET,0.8747081975014522
VACFOV,CUFDUD,0.8740764996868007
VACFOV,IYUHIU,0.8738703464762175
VACFOV,LEPTUY,0.8675996565922421
VACFOV,PEYVEV,0.8608296325976913
DIQHAO,NIDFOX,0.9999874643432556
DIQHAO,DIQHAO01,0.9992254085583634
DIQHAO,XALMOO,0.9949502224698816
DIQHAO,YATDOP,0.989678815672495
DIQHAO,XALMII,0.9837100220207514
DIQHAO,CAXZOS,0.9194196210824518
DIQHAO,DIDBOJ,0.9181195165424552
DIQHAO,DIDBEZ,0.9172714958454676
DIQHAO,DIDBID,0.9172254149165896
DIQHAO,JODGIU,0.9171934215643428
DIQHAO,ERUNUC,0.916166963441892
DIQHAO,SIDXOV,0.8871934414932598
DIQHAO,AZIHOI,0.8829935790143681
DIQHAO,FEVDER,0.8815257120752343
DIQHAO,LIDSIC,0.8769319524409592
DIQHAO,BAKJEE,0.8760307678223664
DIQHAO,NIGPAW,0.8719129127100762
DIQHAO,DIBQEM,0.871198410755719
DIQHAO,AXINAX01,0.8637163638048917
DIQHAO,DIBQIQ,0.8613488344504552
DIQHAO,YIGGEB,0.8592155729990758
DIQHAO,CIFMAH,0.8567301619954051
DIQHAO,TATSIS01,0.8565269510359805
DIQHAO,NIGPEA,0.8564568660782598
DIQHAO,DIBQOW,0.8545908777466902
DIQHAO,EXUXEC,0.8543681194770475
DIQHAO,MIHJUL,0.8535001169575769
DIQHAO,AHETAK,0.8534819662188362
DIQHAO,YODRAM,0.8534179297870979
DIQHAO,BOWDUO,0.8534138662306069
DIQHAO,BOWDOI,0.853167612163735
DIQHAO,HELDOT,0.8529161392234432
DIQHAO,XUDVAV,0.8527001541413135
DIQHAO,VEDFIV,0.8525899514871327
DIQHAO,ABAVOP,0.8525370588062953
DIQHAO,VEDGES,0.8522542665966633
DIQHAO,VODNOS,0.8522452817061563
DIQHAO,CIJBEE,0.8522285345548579
DIQHAO,OJOBAS,0.8516392460769511
DIQHAO,DERBIO,0.8497322021577862
DIQHAO,FISQEG,0.8492401382355772
DIQHAO,ABAVUV,0.8458440518851791
DIQHAO,CIKPEU,0.8451415297762417
DIQHAO,NOMPIQ,0.8451002954498401
DIQHAO,BEPRIZ,0.8436223869564577
EDOWEC,QATLEE,0.9994110565684606
XISDOU,ATEYOP,0.9997160988420594
XISDOU,AYOZIZ,0.9870191851828396
XISDOU,LUWNAU,0.974149753025223
XISDOU,UMIZEX,0.9693322337518484
XISDOU,AFOVIB,0.9564140491790054
XISDOU,IBEYEU,0.9532967756590524
XISDOU,KEZLIN,0.947799586249093
XISDOU,AFUDUD,0.9474001354233824
XISDOU,MIRGIG,0.9473143194112572
XISDOU,ADEGIA,0.9050777739172112
XISDOU,ATIKAP,0.9049949938784888
XISDOU,ADEGIA01,0.9032930053285269
XISDOU,HOGQIF,0.8768396093838116
XISDOU,YICGUP,0.8426528364517454
XISDOU,EBEXAM,0.8393807260060189
XISDOU,EBEWOZ01,0.8392162724379223
XISDOU,EBEWOZ,0.839201474066979
QOMSES,QONLEM,0.9999989308814085
QOMSES,CISLUN,0.9999954261376496
QOMSES,QONKUB,0.9999789522944535
QOMSES,PASGAU,0.9998942522823184
QOMSES,QOMRUH,0.9998866289241516
QOMSES,QOMSAO,0.999813193808464
QOMSES,IBUDOZ,0.999806098458622
QOMSES,FUSWIA,0.9997430275929536
QOMSES,JAVNIE,0.9987122107530156
QOMSES,VUQJEX,0.9971960072944388
QOMSES,HOSPEL,0.9970960111812724
QOMSES,PENLEB,0.8707918806337243
QOMSES,QITZUP,0.8706215768609038
QOMSES,CEXJUN01,0.8633065467330587
QOMSES,CEXJUN,0.8632600591155264
QOMSES,CEXJUN03,0.8632150063573946
QOMSES,RODSAG01,0.8568157838893177
QOMSES,REFBAH01,0.856300726452075
QOMSES,REFBAH,0.856238378904915
QOMSES,RAJPIE,0.8542286974103198
RODSAG01,WIFSAI01,0.9215846299884684
RODSAG01,WIFSAI,0.9215659801881888
RODSAG01,BUZKUE,0.8580370508082387
RODSAG01,JAVNIE,0.8579503708429647
RODSAG01,FUQJUX,0.8577866747570306
RODSAG01,VUQJEX01,0.8577315859781596
RODSAG01,QONKUB,0.857114873194783
RODSAG01,QONLAI,0.8571104098762659
RODSAG01,CISLUN,0.8567544085974118
RODSAG01,QONLEM,0.8567484866983324
RODSAG01,PIZHOX,0.8561847304527976
RODSAG01,PASGAU,0.8559918398251075
RODSAG01,QOMRUH,0.8559578942716278
RODSAG01,QOMSAO,0.8556965215519485
RODSAG01,IBUDOZ,0.855648084963074
RODSAG01,DEGJIK,0.8553077605981352
RODSAG01,JAXNUU,0.8552661739889599
BOSHUN,FIFPAM01,0.9987558620661942
BOSHUN,TEVVIC,0.8588549785855564
BOSHUN,TEVVEY,0.8588367387233334
BOSHUN,TEVVOI,0.8588357783214092
BOSHUN,TEVVAU,0.8584350902476015
BOSHUN,FEVDIV,0.8456006807454775
BOSHUN,XOMCIN,0.8455542650119245
BOSHUN,LIDSAU,0.8448563406400852
JEDVIA,VEHKAW,0.9994499295156531
JEDVIA,NANYUX01,0.9994082435822932
JEDVIA,ACIBOE,0.9993988356379452
JEDVIA,FUVBAB,0.9990270803625236
JEDVIA,FUTZEB,0.9985374340415348
JEDVIA,REGREC,0.997850699024228
JEDVIA,ULISOZ,0.9971643942939504
JEDVIA,NIWYID,0.9969402566555128
JEDVIA,KUNLEL,0.987932532926621
JEDVIA,RUPVAB,0.9780035145317914
JEDVIA,UFAMEW,0.9381990686991208
JEDVIA,DUZPUL,0.9370057585462452
JEDVIA,RUGXUO,0.9301796532784212
JEDVIA,JOVYAW,0.907165813059392
JEDVIA,EXOXUL,0.9013760935749376
JEDVIA,MOHLIF,0.8998171205481003
JEDVIA,DUNXUH15,0.8958940433583682
JEDVIA,DUNXUH,0.8958727445582344
JEDVIA,LOWQIX,0.8952774680731906
JEDVIA,HOGJIX,0.8916439294746563
JEDVIA,EGIKUB01,0.8908266472701208
JEDVIA,BUKMUQ01,0.8845667766509684
JEDVIA,BOWJAA,0.8839359033182258
JEDVIA,DOYHIK,0.8778694069805497
JEDVIA,REFVEF,0.8760328699117281
JEDVIA,ORIBAU,0.8744914601585261
JEDVIA,VEGMOK01,0.8724879616618134
JEDVIA,REDROI,0.8719730137011783
JEDVIA,IFABIA02,0.8713659054549885
JEDVIA,IFABIA01,0.8713386636823607
JEDVIA,IFABIA03,0.8712549317032464
JEDVIA,NUFBOH,0.8711348178496633
JEDVIA,NASROR,0.8707381753180514
JEDVIA,CUVTOD,0.8707077076517282
JEDVIA,UKOLUD,0.8688182323706386
JEDVIA,VUSKEA,0.8671498835638678
JEDVIA,PEVQIS,0.8670506441463158
JEDVIA,MIBQAR01,0.8669215308621298
JEDVIA,HOLRAD,0.8669091062249463
JEDVIA,VOTHIX,0.8665875646143372
JEDVIA,GEYLEE,0.8659273267782964
JEDVIA,UBUMAH,0.8594070652867343
JEDVIA,MUWRUT,0.8527975371118454
JEDVIA,LASMUP,0.8525226009186153
JEDVIA,ALANAD,0.8493972854511862
JEDVIA,WEHJAW,0.8492537288767291
JEDVIA,WEHHOI,0.8492032568700267
JEDVIA,QAQSAD,0.8487002596540155
JEDVIA,MIMRAB01,0.8458735780473328
JEDVIA,HIQNUS,0.8450583927334454
JEDVIA,EZINAE,0.8444973866070501
JEDVIA,REYCEF,0.8412054705058097
JEDVIA,HIQNOM,0.8412022873006058
JEDVIA,JENKET,0.8397005205949901
JEDVIA,HEZKIH,0.8391767715275844
OKELOH,GOSDUP,0.9154956140520832
OKELOH,DOYHIK,0.8945682097656011
OKELOH,DOYHOQ,0.8943875576049145
OKELOH,NUFCAU,0.8866506563387322
OKELOH,ROZXEL,0.8852694879903744
OKELOH,IRELAU,0.8834098011455748
OKELOH,HIFGIO,0.8767306413223104
OKELOH,JENKET,0.8765986146266689
OKELOH,VEGMOK04,0.8691501484267303
OKELOH,IFABIA02,0.8687534590965316
OKELOH,IFABIA01,0.8687299028604535
OKELOH,IFABIA03,0.8687218807940857
OKELOH,VUSKEA,0.866849494957283
OKELOH,MIBQAR12,0.8667882227090709
OKELOH,MIBQAR01,0.866721135885542
OKELOH,HOLRAD,0.8667141405725542
OKELOH,LAWFOF,0.8667032234892953
OKELOH,JAYXAL,0.8553940950734521
OKELOH,DUPKAC,0.8469173763785531
OKELOH,MUSMAQ,0.8443447426546079
NUFCAU,NUFBOH,0.9974230667787404
NUFCAU,DOYHOQ,0.9962342418950726
NUFCAU,APACAX,0.9453457397918312
NUFCAU,NUCPIM,0.9030733740257736
NUFCAU,UFAMEW,0.8929172770486382
NUFCAU,UFOFUT,0.8854663813026783
NUFCAU,RUPVAB,0.8776859563419716
NUFCAU,VEHJUP,0.8742452486070461
NUFCAU,IJEXIF01,0.8735056657592463
NUFCAU,QUQFEO,0.8728604254968805
NUFCAU,NIWYID,0.8718599819032002
NUFCAU,ULISOZ,0.8715328295386492
NUFCAU,FUTZEB,0.8689218453954533
NUFCAU,FUVBAB,0.8675480434730667
NUFCAU,PEJPEB,0.8667291729360378
NUFCAU,VEHKAW,0.8659276014160056
NUFCAU,UNAGOH,0.8655899730092691
NUFCAU,FUTZAX,0.8636693516475679
NUFCAU,SOSQIC01,0.8408797735075263
NUFCAU,XOHNEO,0.8407287967157092
SACHIP,SAHYIK,0.8960959739549936
SACHIP,VAZTUM,0.8960754036542267
SACHIP,LAWFOF,0.8960711305536314
SACHIP,MIBQAR12,0.8960096611924805
SACHIP,PEVQIS,0.8960051599059835
SACHIP,MIBQAR15,0.8959992303643602
SACHIP,VUSKEA,0.8959637309208612
SACHIP,IFABIA03,0.892909120294437
SACHIP,IFABIA01,0.8927531613860147
SACHIP,REDROI,0.8923053012505401
SACHIP,VEGMOK01,0.8915982000117626
SACHIP,FIJCUX,0.8879634729884666
SACHIP,ORIBAU,0.8866913031041197
SACHIP,ODUNEH,0.8506434086794027
SACHIP,PIWLIT,0.8480787037100319
SACHIP,PIWLAL,0.8461761394259848
CIFMAH,NIGPEA,0.9999987076173102
CIFMAH,AXINIF,0.999988483687801
CIFMAH,DIBQOW,0.9999276562787514
CIFMAH,MIHJUL,0.99984004325637
CIFMAH,HELDOT,0.9997804751646272
CIFMAH,DIBQEM,0.9768708765111588
CIFMAH,DERBIO,0.9558256385123846
CIFMAH,MOXDOT,0.955255916390972
CIFMAH,FISQEG,0.9439771143866418
CIFMAH,BEPRIZ,0.9147184686994556
CIFMAH,NOMPIQ,0.913390273316624
CIFMAH,BUKLOJ,0.9011701232090376
CIFMAH,ESEQUO,0.8875958165044419
CIFMAH,XAFFIV,0.8857467955726791
CIFMAH,ERUNOW,0.8855743207441136
CIFMAH,ERUNUC,0.8850003889826661
CIFMAH,JODGIU,0.8841233768316067
CIFMAH,DIDBID,0.8838810225016817
CIFMAH,AGAFAS,0.8788742631070626
CIFMAH,FEXCES,0.8771157658293022
CIFMAH,CAQKAJ,0.8767108807640335
CIFMAH,CAQKAJ01,0.8765018421894597
CIFMAH,TAHYUZ,0.875573014215421
CIFMAH,HALVEY,0.8751305474415783
CIFMAH,FEXCAO01,0.8716783030116843
CIFMAH,XALMOO,0.8692131307492116
CIFMAH,FEVDER,0.8662201390551094
CIFMAH,AZIHOI,0.8650834778342728
CIFMAH,KESFIA,0.8648431912782019
CIFMAH,WEMKEG,0.8631189182660302
CIFMAH,FEYJOJ,0.8593149195571521
CIFMAH,NIDFOX,0.857566257330298
CIFMAH,QIQTOB,0.8552688740996782
CIFMAH,RUYGAV,0.8533208865729731
CIFMAH,SIDXOV,0.8526049413739224
CIFMAH,FAHQOX,0.8462537455802545
CIFMAH,LIDSIC,0.8435177305441833
CIFMAH,BAKJOO,0.8433626005049051
CIFMAH,XUBKOU,0.842761762522217
CIFMAH,CIPLIX,0.840204000304622
LEPTUY,FAHQEM,0.8850984587551416
LEPTUY,FIFGEI,0.8848083823884426
LEPTUY,GALJAG,0.8833411946681166
LEPTUY,GALHUY,0.8824641781706111
LEPTUY,FAHQIQ,0.8814435496199454
LEPTUY,MAYJOM,0.8678019861689767
LEPTUY,VACFOV01,0.8674266293621677
LEPTUY,VIFPUY02,0.867272792358941
LEPTUY,VIFPUY05,0.867269452741851
LEPTUY,VIFPUY,0.8672628618295632
LEPTUY,VIFPUY03,0.8672612872291068
LEPTUY,LOQLEJ,0.8672605288991243
LEPTUY,VIFPUY04,0.8672522050278911
LEPTUY,NEDLOZ,0.8516920473177991
LEPTUY,CIFSAO,0.8511140709879281
LEPTUY,CIFSES,0.8510449979451912
LEPTUY,UNIDAY,0.8509156000006313
YOZMOR,YOZNEI,0.9999998745265564
YOZMOR,DIHVIB,0.9999994140617036
YOZMOR,YOZMIL,0.999998731343268
YOZMOR,FIQCEN,0.99999584168293
YOZMOR,UXISUR,0.9999952910656262
YOZMOR,XAMDUM01,0.9999941848625076
YOZMOR,LUDLIH,0.9999905891653704
YOZMOR,XAMDUM04,0.99998272671404
YOZMOR,BODPAN,0.9999826333975472
YOZMOR,XAMDUM02,0.9999681507776588
YOZMOR,DOTSOV13,0.9999122125623244
YOZMOR,DOTSOV11,0.9999121572070212
YOZMOR,DOTSOV14,0.9999116687244876
YOZMOR,DOTSOV10,0.9999116316969624
YOZMOR,DOTSOV12,0.999911183725116
YOZMOR,DOTSOV16,0.9999110781235394
YOZMOR,TISPAO,0.9998498479561686
YOZMOR,DOTSOV07,0.9995705440031504
YOZMOR,QAWHIH,0.9993318801216556
YOZMOR,WULJUJ,0.9988516658545616
YOZMOR,DOTSOV02,0.9988302003153748
YOZMOR,QIZLIW,0.9983199673086052
YOZMOR,NEHZOS,0.9961406290278152
YOZMOR,NEHZUY,0.9960518635704548
YOZMOR,KAJZIH,0.9946176357251136
YOZMOR,QIZLOC,0.9936834382865068
YOZMOR,YOZNOS,0.9920250757364296
YOZMOR,LASYOU,0.9466470553267876
YOZMOR,DALSOA,0.932966368599425
YOZMOR,ORAWAH,0.932284688110812
YOZMOR,EXOYAS,0.9196185733864868
YOZMOR,IWEVAJ,0.918694490328241
YOZMOR,CITXUZ,0.9182745422524348
YOZMOR,GERWEH,0.9082424014800592
YOZMOR,YAGHUM,0.9079553215772532
YOZMOR,NUTQAV,0.9078733987708694
YOZMOR,MOCKEV,0.9075406164031408
YOZMOR,XIJSUH,0.9075338645389872
YOZMOR,HOGLEV01,0.9074578358703648
YOZMOR,PIDRAY,0.8994905413982892
YOZMOR,HUCBOX01,0.8971991959626551
YOZMOR,RAHBOU,0.8968647696484456
YOZMOR,PAMQIF,0.896731178412497
YOZMOR,VUJBIM,0.8955122388839771
YOZMOR,MUDTEL,0.8948731947057278
YOZMOR,GIKMOD,0.8935490408878066
YOZMOR,GINTUT,0.8872905980831027
YOZMOR,IPUPIU,0.8871554209881296
YOZMOR,RUVKAV,0.886957761892728
YOZMOR,VIXPUP,0.8865250431486775
YOZMOR,VIXPUP02,0.886464075977526
YOZMOR,PAFZEE,0.8850691430767791
YOZMOR,USEVOF,0.8850595407848638
YOZMOR,EMUBOF,0.8849673965216249
YOZMOR,XEDMEB,0.8846231386691017
YOZMOR,ADONEP,0.8844032082612425
YOZMOR,APUPEH,0.8819129396159024
YOZMOR,EXAXAE,0.8818473616707514
YOZMOR,EXAXAE03,0.8815095275520745
YOZMOR,EMUBIZ,0.8814734541277189
YOZMOR,DICKEH,0.876938783829047
YOZMOR,NEMCOA,0.8742827154944957
YOZMOR,LAQNID,0.8690456622170875
YOZMOR,OKABAE,0.866805651026483
YOZMOR,HABQUY,0.8663834119778968
YOZMOR,KIRFOI,0.8655699880170182
YOZMOR,TOVWAE,0.8609267471439065
YOZMOR,NIGDIS,0.8609215042336283
YOZMOR,TEKYOA,0.860845825173807
YOZMOR,XICKOL,0.8604906959056119
YOZMOR,OGEBAF,0.8585160632745427
YOZMOR,OGEBAF01,0.8583144374061423
YOZMOR,JALPAQ,0.8579012409663054
YOZMOR,IXAJUN,0.8572164056360021
YOZMOR,IDUDIW,0.8561877163231353
YOZMOR,FAMQAO,0.8535531399406591
YOZMOR,FALTUK,0.8535531093950806
YOZMOR,FAMPUH,0.8535507658007002
YOZMOR,FAMQES,0.8535459582392135
YOZMOR,EDOSEY,0.8534536075926177
YOZMOR,EPISOM,0.8524812636553305
YOZMOR,LAYWOA,0.8498705571944682
YOZMOR,LAYXAN,0.849067688270642
YOZMOR,WARXUL,0.8483145061998856
YOZMOR,RUJMEQ,0.8462996842737224
YOZMOR,UWALEL,0.8444515712410342
YOZMOR,BAZFUF01,0.839934071310867
YOZMOR,BAZFUF,0.8399267043117109
YOZMOR,SEMNIJ,0.8396282088244887
YOZMOR,REGYOT,0.839585117164433
YOZMOR,ICAREL,0.8395823890160283
YOZMOR,ENIHUG,0.8390316893384467
YOZMOR,HUJGEA,0.8387905090176517
IXAJUN,NAPSUV,0.9850551073839872
IXAJUN,WURNOO,0.9092649784348694
IXAJUN,KAGJOS,0.9090486641357568
IXAJUN,ICAGOK,0.9080578393897912
IXAJUN,EDORUN,0.8993180010417958
IXAJUN,EDOSOI,0.8992511405304318
IXAJUN,LASYOU,0.8963411914914654
IXAJUN,IPUPOA,0.8961609223129691
IXAJUN,IPUPIU,0.8907401447485865
IXAJUN,ONIXOZ,0.8900503218960524
IXAJUN,ORAWAH,0.88293647891186
IXAJUN,IDUDES,0.8808945834712986
IXAJUN,IXAKAU,0.8801599125288779
IXAJUN,HAWZEM,0.8792911433058208
IXAJUN,UFUMUD02,0.8792899137438193
IXAJUN,UFUMUD01,0.879284799552672
IXAJUN,BAHGUN03,0.8792845358158808
IXAJUN,BAHGUN04,0.8792809734249316
IXAJUN,NIHDIU,0.8792139831740877
IXAJUN,BAHGUN02,0.8792104762844494
IXAJUN,QERZUI01,0.8792000647596837
IXAJUN,ECODIK,0.8791470749610522
IXAJUN,UGEPEB01,0.8790952017432193
IXAJUN,UFUMUD,0.8790519655380484
IXAJUN,NIHDEQ,0.8789640875442223
IXAJUN,MURREW,0.8789547376525039
IXAJUN,UGEPEB,0.8788160427341483
IXAJUN,KAKTIA01,0.8787172319374049
IXAJUN,POFDEV,0.8786290438494493
IXAJUN,AHEMEG,0.8782721133535463
IXAJUN,IPINAY,0.8782093227032644
IXAJUN,VOJPUG01,0.8781737248596316
IXAJUN,KIRFOI,0.8778673945181624
IXAJUN,YIMQOD,0.8772044470613422
IXAJUN,NELCEN,0.8764793411740821
IXAJUN,LAYWOA,0.8729200269873065
IXAJUN,QIWQES,0.8725610131064625
IXAJUN,NEHZUY,0.861157543005963
IXAJUN,NEHZOS,0.8611571187663165
IXAJUN,GAVDUD,0.8611568898772316
IXAJUN,QIZLOC,0.860861798548378
IXAJUN,DOTSOV07,0.8586029781081173
IXAJUN,WULJUJ,0.8584565671871012
IXAJUN,DOTSOV02,0.8584395953605788
IXAJUN,DOTSOV10,0.8583036025129753
IXAJUN,DOTSOV15,0.8583036009663048
IXAJUN,EBAMUS,0.8578843619627695
IXAJUN,XAMDUM05,0.8577428408418951
IXAJUN,BODPAN,0.8577204486216603
IXAJUN,XAMDUM01,0.8575069818659153
IXAJUN,YOZMIL,0.8573541550922293
IXAJUN,TISPAO,0.8555379588784059
IXAJUN,SOZHOG,0.8546488547971991
IXAJUN,IDUSIM,0.8545523185150438
IXAJUN,UNABUH,0.8544858634374112
IXAJUN,ISISUZ,0.8544838241976063
IXAJUN,IDUTAF,0.8544563577591086
IXAJUN,IDUTIN,0.8544490747322064
IXAJUN,QAWHIH01,0.8534478243210368
IXAJUN,QAWHIH,0.8533305153281561
IXAJUN,YOZNUY,0.8510695732214696
IXAJUN,TEKYOA,0.8457849331992582
IXAJUN,ASUKEE01,0.8457218801951778
IXAJUN,FUFVEJ,0.8456952075044104
IXAJUN,FITSAD,0.8456004075620012
IXAJUN,XIQZIH,0.8455953646460835
IXAJUN,NIGDIS,0.8455634967828554
IXAJUN,PEKZIP,0.8450950252694948
IXAJUN,YOZNOS,0.8448871408714029
IXAJUN,OJOQAF02,0.8436647127814767
IXAJUN,OJOQAF01,0.8435879413440512
IXAJUN,OJOQAF,0.8434782163938812
IXAJUN,ICAREL,0.8425985834503544
IXAJUN,NEMCOA,0.8412573658888545
IXAJUN,YOZMUX,0.840112445059714
IXAJUN,ENIHUG,0.8398203024782003
IXAJUN,UWALEL,0.8394252084964735
BEPRIZ,NOMPIQ01,0.9998536508018472
BEPRIZ,NOMPIQ,0.999829462243356
BEPRIZ,CIKPEU,0.9998212736636162
BEPRIZ,FEXCAO01,0.9583784566018018
BEPRIZ,FEXCES,0.9559908222675936
BEPRIZ,SEQSOY,0.9550705025436068
BEPRIZ,AXINAX01,0.9172351156930608
BEPRIZ,DIBQIQ,0.9165459737376532
BEPRIZ,NIGPEA,0.9145927006096662
BEPRIZ,AXINIF,0.9143362057770288
BEPRIZ,MIHJUL,0.913177467022688
BEPRIZ,DIBQEM,0.9080845756780922
BEPRIZ,MOXDOT,0.903330201291002
BEPRIZ,DERBIO,0.9028462026089396
BEPRIZ,LUWZUZ01,0.886678275312752
BEPRIZ,CAXZOS,0.8866135307421255
BEPRIZ,LUWZUZ02,0.8865655500414484
BEPRIZ,LUWZUZ,0.886542036510166
BEPRIZ,DIDBOJ,0.886361614744915
BEPRIZ,JODGIU,0.8861896599275298
BEPRIZ,DIDBEZ,0.8861636237430396
BEPRIZ,ERUNUC,0.8859824802547308
BEPRIZ,ERUNOW,0.8850260504227692
BEPRIZ,FISQEG,0.8728957514444321
BEPRIZ,XUDVAV,0.8700589220222674
BEPRIZ,BUKLOJ,0.8602491092045335
BEPRIZ,ESEQUO,0.8529379653563767
BEPRIZ,XALMOO,0.8484418256708537
BEPRIZ,AZIHOI,0.8477797036272705
BEPRIZ,FEVDER,0.847757603320142
BEPRIZ,YATDOP,0.8473941876326805
BEPRIZ,SIDXOV,0.84257360973346
BEPRIZ,EDAJUP,0.8412573197992893
BEPRIZ,POSGUB,0.840137330626028
BEPRIZ,VACKUI,0.838410982427165
LAYWOA,ANUGOG,0.983857782596712
LAYWOA,ANUGIA,0.9796922530293388
LAYWOA,ICAREL,0.97214372252115
LAYWOA,KIJRUS,0.970936304907686
LAYWOA,HOYQIX,0.9685345051736588
LAYWOA,IPUPIU,0.9680021689687984
LAYWOA,BAZFUF01,0.9665646749086694
LAYWOA,BAZFUF,0.9665258314713484
LAYWOA,QOWRAV,0.9545504053477214
LAYWOA,QOWRAV10,0.954505814567436
LAYWOA,QOWRAV09,0.9544847160612168
LAYWOA,QOWRAV11,0.95447258998738
LAYWOA,QOWRAV08,0.9544479919689368
LAYWOA,QOWRAV07,0.954422381490046
LAYWOA,QOWRAV03,0.954341416795019
LAYWOA,EXOGAB,0.9458593733449924
LAYWOA,LAQNID,0.9258401315083016
LAYWOA,ONIXOZ,0.9188135697738172
LAYWOA,ORAWAH,0.909547298715204
LAYWOA,FISGOF,0.9054543986560664
LAYWOA,EPISOM,0.885861714654105
LAYWOA,NAPSUV,0.8822750396560625
LAYWOA,EDOSEY,0.8812960982588793
LAYWOA,AZAVUU,0.8778783790648077
LAYWOA,RUJMEQ,0.8763701567922683
LAYWOA,HAYXIR,0.8754344328447883
LAYWOA,JALPAQ,0.872783272529126
LAYWOA,XICKOL,0.8708813374022131
LAYWOA,TEKYOA,0.8700637510074642
LAYWOA,NIGDIS,0.8698009920652114
LAYWOA,SEMNIJ,0.8664874981910333
LAYWOA,HIDTUM,0.8659616492271561
LAYWOA,CEKHUY,0.8659166472423732
LAYWOA,NEMCOA,0.8658380511842754
LAYWOA,WURNOO,0.8653459948086805
LAYWOA,KAGJOS,0.8651022789126396
LAYWOA,ICAGOK,0.8637359314308024
LAYWOA,SIXNEV,0.8633362401941638
LAYWOA,SIXNIZ,0.8626293923840069
LAYWOA,ASIVAB,0.8624988814264138
LAYWOA,AVAKAL02,0.8604922934451096
LAYWOA,YIMQOD,0.8594921344184195
LAYWOA,KIRFOI,0.8574281548769243
LAYWOA,KAJZIH,0.8550209305545764
LAYWOA,QIZLOC,0.854949700127196
LAYWOA,NEHZUY,0.8549426310360956
LAYWOA,QIZLIW,0.8540694451711773
LAYWOA,WULJUJ,0.8514682485036138
LAYWOA,DOTSOV02,0.8514521649863963
LAYWOA,DOTSOV16,0.8511283765083547
LAYWOA,DOTSOV14,0.8511251464767527
LAYWOA,DOTSOV10,0.8511247136951687
LAYWOA,DOTSOV15,0.8511247119012714
LAYWOA,DOTSOV11,0.8511212245971451
LAYWOA,DOTSOV13,0.8511208566081622
LAYWOA,BODPAN,0.8504486825392206
LAYWOA,XAMDUM04,0.8503861950317267
LAYWOA,LUDLIH,0.8502795650842065
LAYWOA,RILFEA,0.8502047424675085
LAYWOA,XAMDUM01,0.850203002741436
LAYWOA,UXISUR,0.850165536652751
LAYWOA,YOZMIL,0.8500279563357961
LAYWOA,YOZNEI,0.8498877600368007
LAYWOA,DIHVIB,0.8497971246715459
LAYWOA,QAWHIH01,0.8456578824740344
LAYWOA,QAWHIH,0.8455288527751296
LAYWOA,YOZNUY,0.8430579733173992
LAYWOA,SIXNUL,0.8426705767614813
LAYWOA,WARXUL,0.8423262247493664
LARYOU,LOBQAV01,0.9993072939439144
UGECEO03,UGECEO,0.999996430031085
UGECEO03,UGECEO01,0.9999754633742204
UGECEO03,OCACUR,0.99996121930374
UGECEO03,IGAHED02,0.9997451927070942
UGECEO03,IGAHED,0.999718030965444
UGECEO03,SACMOA,0.9994152585127908
UGECEO03,WINCEC,0.9918792502413596
UGECEO03,NAVJAW01,0.865820437157904
UGECEO03,XUZRIU,0.8641040860807264
UGECEO03,XEVSIB,0.8640127146776986
UGECEO03,WOCGUR,0.8469856010855564
UGECEO03,VOSSUT,0.8399781766108819
NAVJAW01,WINCEC,0.8726237933238185
NAVJAW01,IGAHED,0.8683069916027047
NAVJAW01,IGAHED02,0.8681974825860815
NAVJAW01,OCACUR,0.86670011242889
NAVJAW01,IGAHED03,0.8643394091139993
NAVJAW01,KUHNEI,0.8614927690914074
VEHKAW,ACIBOE,0.9999970616215896
VEHKAW,NANYUX01,0.99999598728688
VEHKAW,PEJPEB,0.9999837759990238
VEHKAW,FUVBAB,0.9999391267968324
VEHKAW,REGREC,0.9994707154282064
VEHKAW,ULISOZ,0.9991065553670684
VEHKAW,NIWYID,0.9989792153009622
VEHKAW,IJEXIF01,0.998115210376196
VEHKAW,VEHJUP,0.9975771431518932
VEHKAW,KUNLEL,0.9924918811262065
VEHKAW,RUPVAB,0.9842903050302984
VEHKAW,UFOFUT,0.9469757119965072
VEHKAW,UFAMEW,0.942073743036512
VEHKAW,DUZPUL,0.9411601935951468
VEHKAW,QUQFEO,0.932786720051386
VEHKAW,JOVYAW,0.9081561507732352
VEHKAW,FUDGIW,0.90802769062365
VEHKAW,EXOXUL,0.9071540258087962
VEHKAW,KEFBOO,0.8987667532371649
VEHKAW,DUNXUH15,0.8971377514755798
VEHKAW,DUNXUH,0.8971309244158236
VEHKAW,WIMWIA,0.8967043974356954
VEHKAW,LOWQIX,0.8966302159617648
VEHKAW,EGIKUB01,0.8939295703445942
VEHKAW,BOWJAA,0.8861021091107014
VEHKAW,BUKMUQ01,0.8850742914898064
VEHKAW,REFVEF,0.8804230752454447
VEHKAW,DOYHOQ,0.8755851397817824
VEHKAW,ORIBAU,0.8749976669600896
VEHKAW,FIJCUX,0.8749679575194796
VEHKAW,NUFBOH,0.8744475787103703
VEHKAW,VEGMOK01,0.8742835875212897
VEHKAW,VEGMOK04,0.8742545046419479
VEHKAW,IFABIA03,0.8735490856285697
VEHKAW,VUSKEA,0.870732279100335
VEHKAW,MIBQAR15,0.8706698040206426
VEHKAW,MIBQAR01,0.870562875218301
VEHKAW,LAWFOF,0.8705390962350504
VEHKAW,VAZTUM,0.8705313075936152
VEHKAW,VOTHIX,0.8701130474241312
VEHKAW,UKOLUD,0.8692684035450173
VEHKAW,GEYLEE,0.8680855264898908
VEHKAW,SOWCOY01,0.8610503081443323
VEHKAW,UBUMAH,0.8608159396990782
VEHKAW,YOGKOW,0.858514954866789
VEHKAW,ADUVAZ,0.8567238028432479
VEHKAW,MUWRUT,0.8535351645739402
VEHKAW,WEHHIC,0.8530594655405395
VEHKAW,WEHJAW,0.851769394267455
VEHKAW,WEHHOI,0.8517375263088464
VEHKAW,QAQSAD,0.849884766489746
VEHKAW,MIMRAB01,0.8483322053262484
VEHKAW,FECYUJ,0.8465093294392688
VEHKAW,HIQNUS,0.8461966377328296
VEHKAW,EZINAE,0.8459944949893398
VEHKAW,WORLAS,0.8456016177749406
VEHKAW,REYCEF,0.8439811917668235
VEHKAW,JENKET,0.8402047842770106
VEHKAW,NENHEU,0.8401210754684574
VEHKAW,REYCUV,0.8394377979539075
WORLAS,FECYUJ,0.9998102186106482
WORLAS,MIMRAB01,0.9993324210096036
WORLAS,QAQSAD,0.9971274278103492
WORLAS,USAHAZ,0.9943679549972552
WORLAS,IDIXAU,0.9927609750937214
WORLAS,DIRPOL,0.919450033373148
WORLAS,EZINAE,0.9100819222914568
WORLAS,SAHYIK,0.8849641527327357
WORLAS,PEVQIS,0.8849630173750749
WORLAS,MIBQAR15,0.884958301795801
WORLAS,VAZTUM,0.8849580990269967
WORLAS,MIBQAR01,0.8849576132836976
WORLAS,VUSKEA,0.8849571781577293
WORLAS,MIBQAR12,0.8849562268957514
WORLAS,HOLRAD,0.8849559030191495
WORLAS,LAWFOF,0.8849558104483835
WORLAS,IFABIA01,0.884158616635618
WORLAS,IFABIA02,0.8841565139072277
WORLAS,VEGMOK04,0.8834379185598835
WORLAS,VEGMOK01,0.8833957344543872
WORLAS,ORIBAU,0.8804673977578286
WORLAS,LOWQIX,0.8612873125612048
WORLAS,WIMWIA,0.8610680787543022
WORLAS,AQOROP,0.8587005637611651
WORLAS,SOSQIC01,0.8521677758013171
WORLAS,VEHJUP,0.8496597636285238
WORLAS,OFIXOR,0.8492355620136908
WORLAS,REGREC,0.8480772760827453
WORLAS,FUTZEB,0.8473156713788972
WORLAS,FUVBAB,0.8465517707528517
WORLAS,RUPVAB,0.8463887598238395
WORLAS,NANYUX01,0.8457269227372379
WORLAS,ACIBOE,0.8457178657338851
WORLAS,FUTZAX,0.844176083000667
WORLAS,WUHNUK,0.8429325465181025
WORLAS,BABRII,0.8422877815119032
WORLAS,MACHIJ,0.8420520880485444
WORLAS,PIWLIT,0.8418809715367792
WORLAS,ROZXEL,0.8409063870994437
WORLAS,PIWLAL,0.840730965718402
WORLAS,JENKET,0.83838381426428
RIGHAR,TOFQEM,0.996880406595942
RIGHAR,KEJBOQ,0.9996370316264492
RIGHAR,AVAQIX,0.9991721900173688
RIGHAR,WEBLAQ,0.9990556232081348
RIGHAR,ROCZEQ,0.9960847777277816
RIGHAR,ECIWIW,0.923402504679454
RIGHAR,IGUTUB01,0.9227734547029788
RIGHAR,XEFGUN01,0.8850770031689377
RIGHAR,GOYLUB,0.8848636343347576
RIGHAR,VAKLIF,0.8820598134283862
RIGHAR,LULGIJ,0.8612135958554956
RIGHAR,PIHJIB,0.8553450878520802
RIGHAR,ZASJAG,0.8535340665294201
RIGHAR,ACUBOP01,0.8439915333993155
RIGHAR,HIBSUG06,0.8439781667218319
RIGHAR,HIBSUG01,0.8439762326538818
RIGHAR,ACUBOP,0.8435564811302605
RIGHAR,NOZZOT,0.8429950264543222
RIGHAR,ODIXAC,0.8429926764835065
RIGHAR,ODIXIK,0.8424690565876642
RIGHAR,FALGIK,0.8423255929860656
DURGAY01,VITLOZ01,0.8982240948742408
TONQOD,QEDZEG,0.9999949007259538
TONQOD,GOSDUP,0.998583870854046
TONQOD,PIWLIT,0.9138678640620224
TONQOD,ODUNEH,0.9126616991226576
TONQOD,HIFGIO,0.9065644854252208
TONQOD,BABRII,0.9027625747256682
TONQOD,VEGMOK04,0.8959027438106909
TONQOD,REDROI,0.895551105648008
TONQOD,IFABIA02,0.8950561020155132
TONQOD,IFABIA03,0.8949697898272593
TONQOD,VUSKEA,0.891557590213862
TONQOD,PEVQIS,0.8914722189968324
TONQOD,MIBQAR01,0.8913606263021454
TONQOD,HOLRAD,0.8913498406003857
TONQOD,LAWFOF,0.8913331810078454
TONQOD,VAZTUM,0.8913239073822897
TONQOD,DUPKAC,0.8703111609068709
TONQOD,NAWXER,0.8590354615660333
TONQOD,YICQOS,0.8523225031330308
TONQOD,XAFFAN,0.8504094757344717
TONQOD,VAGMEX,0.8503827476232018
TONQOD,TADWIG,0.8502051344799365
TONQOD,XAFFER,0.8499867794867311
TONQOD,PEGCIP,0.8420751226182309
WIZMAV08,WIZMAV,0.999999993946296
WIZMAV08,WIZMAV06,0.9999999936066376
WIZMAV08,WIZMAV07,0.9999999856103716
WIZMAV08,WIZMAV05,0.9999999838406024
WIZMAV08,WIZMAV12,0.9999998030840348
WIZMAV08,ERANAO,0.9926506604461476
WIZMAV08,GERBEN,0.9554218913393326
WIZMAV08,EMIYUW,0.9548665514508216
WIZMAV08,BUNLAZ,0.9494278293059216
WIZMAV08,UFOSEQ,0.9469392803109988
WIZMAV08,UFOSOA,0.946936556374681
WIZMAV08,DITJOH,0.922537321949002
WIZMAV08,VIKSEQ,0.8939327895181277
WIZMAV08,VIKSIU,0.8939298767774675
WIZMAV08,VIKROZ,0.8937325599429176
WIZMAV08,UNEJEE,0.8929042984382551
WIZMAV08,XIJVIY,0.8922073635917124
WIZMAV08,HICNOZ,0.8785614421138077
WIZMAV08,RUKDIM,0.8650591557294701
WIZMAV08,XULGIW,0.865057586143628
WIZMAV08,WUPTUY01,0.8634733379528127
WIZMAV08,WUPTUY,0.8631969532915547
WIZMAV08,RIBSAZ,0.8531364897324777
GAVDUD,NEHZUY,0.999999408666286
GAVDUD,KAJZIH,0.9998758736413936
GAVDUD,QIZLIW,0.999543663992266
GAVDUD,WULJUJ,0.9973780262375262
GAVDUD,DOTSOV02,0.9973614809669312
GAVDUD,DOTSOV12,0.9972006951473874
GAVDUD,DOTSOV14,0.9971979731053356
GAVDUD,DOTSOV10,0.9971975073379344
GAVDUD,DOTSOV15,0.9971975058453088
GAVDUD,EBAMUS,0.9967966028224462
GAVDUD,XAMDUM05,0.9966417403306138
GAVDUD,LUDLIH,0.996474927532301
GAVDUD,RILFEA,0.9964091600449956
GAVDUD,XAMDUM01,0.996407749159706
GAVDUD,FIQCEN,0.9963589331714598
GAVDUD,YOZNEI,0.9961352739152476
GAVDUD,DIHVIB,0.9960557161219342
GAVDUD,QAWHIH01,0.9923746194731282
GAVDUD,QAWHIH,0.992257944765824
GAVDUD,YOZNUY,0.9900084973453628
GAVDUD,LASYOU,0.9398566846652464
GAVDUD,BABREE,0.932100251705305
GAVDUD,DALSOA,0.9299307937994756
GAVDUD,RAWYAS,0.9194158395119152
GAVDUD,EXOYAS,0.9184168281814448
GAVDUD,IWEVAJ,0.9158270834361985
GAVDUD,PIDRAY,0.9072572024185028
GAVDUD,EXOGAB,0.9069069785224828
GAVDUD,OFOCUI,0.9019984463373883
GAVDUD,NUTQAV,0.901598513106276
GAVDUD,MOCKEV,0.9004217830927985
GAVDUD,XIJSUH,0.900351275078439
GAVDUD,GIKMOD,0.8973586144353908
GAVDUD,MOBDIR,0.8961576493194289
GAVDUD,PAMQIF,0.8955268878755792
GAVDUD,HUCBOX01,0.8948911864498434
GAVDUD,VIXPUP,0.8861044993184839
GAVDUD,RUVKAV,0.8853713572474257
GAVDUD,VIXPUP01,0.8852057364477712
GAVDUD,EXAXAE03,0.8850702539993849
GAVDUD,EXAXAE,0.8850467624911478
GAVDUD,HOYQIX,0.8822673850922167
GAVDUD,USEVOF,0.8806662684755566
GAVDUD,EMUBOF,0.8797918071901464
GAVDUD,NEMCOA,0.8779614963527218
GAVDUD,CEKHUY,0.8779559984160298
GAVDUD,HIDTUM,0.87789032589973
GAVDUD,DICKEH,0.8770445268932647
GAVDUD,ANUGOG,0.8749973786288765
GAVDUD,OKABAE,0.8691143603672594
GAVDUD,LAQNID,0.8670446820460873
GAVDUD,XITYOP,0.8611129954619996
GAVDUD,OGEBAF01,0.8610763098570642
GAVDUD,OGEBAF,0.8610169476968299
GAVDUD,XICKOL,0.8598228242437258
GAVDUD,NIGDIS,0.858943295735079
GAVDUD,TOVWAE,0.8551684000865932
GAVDUD,LAYXAN,0.8547995535611816
GAVDUD,WARXUL,0.8534503228311285
GAVDUD,MAVRAE,0.8533875768246932
GAVDUD,FAMQAO,0.8496506294814563
GAVDUD,FALTUK,0.8496369482313941
GAVDUD,FAMPUH,0.84947726923763
GAVDUD,FAMQES,0.8493352235382425
GAVDUD,NAPSUV,0.8492000217938477
GAVDUD,RUJMEQ,0.8437240951277971
GAVDUD,NAFSOF,0.8400140182328852
GAVDUD,HOYKUD,0.8395366102144357
GAVDUD,ICAREL,0.8388106289502482
GAVDUD,REGYOT,0.8388069432690024
GAVDUD,HUJGEA,0.8386274650674967
FENTEY,NABLIM,0.9999889172576226
GADROU,IFABIA01,0.8692521455592237
GADROU,REDROI,0.8690322068667469
GADROU,VEGMOK01,0.8688929048297694
GADROU,VUSKEA,0.8681579244943181
GADROU,PEVQIS,0.8681331995185171
GADROU,MIBQAR12,0.8681192854096188
GADROU,MIBQAR01,0.8680817302189654
GADROU,HOLRAD,0.8680750043425478
GADROU,LAWFOF,0.8680685132987912
GADROU,VAZTUM,0.8680684752655607
GADROU,SAHYIK,0.868060712399259
GADROU,ORIBAU,0.8675984780152893
MAKGAJ,VITZIJ,0.8410389778716985
KANMIX,USEVOF,0.9999950704047976
KANMIX,EMUBOF,0.9999284478558976
KANMIX,WANJIF,0.9997299913487384
KANMIX,ADONEP,0.9992430066679326
KANMIX,EXAXAE,0.9965374095521192
KANMIX,EMUBIZ,0.9961507058888116
KANMIX,YOZNEI,0.8850723601655328
KANMIX,YOZMIL,0.8850671604372097
KANMIX,XAMDUM01,0.8850575052678369
KANMIX,RILFEA,0.8850572810827981
KANMIX,XAMDUM04,0.8850408061344442
KANMIX,BODPAN,0.8850387286817678
KANMIX,XAMDUM02,0.8850241314002937
KANMIX,DOTSOV13,0.8849472931802878
KANMIX,DOTSOV11,0.8849472258799898
KANMIX,DOTSOV14,0.8849466244740863
KANMIX,DOTSOV15,0.8849465874967108
KANMIX,DOTSOV16,0.8849459146291061
KANMIX,EBAMUS,0.8848641637199082
KANMIX,DOTSOV07,0.8845864727730243
KANMIX,KIRFOI,0.883862222453468
KANMIX,NEHZOS,0.8809635661844121
KANMIX,KAJZIH,0.8793958083910984
KANMIX,YOZMUX,0.873565879371331
KANMIX,IDUDIW,0.8487486674008409
KANMIX,LASYOU,0.8439482722189098
KANMIX,GERWEH,0.8429967281141608
KANMIX,DEGSIS01,0.8402901622630969
GALHUY,FAHQIQ,0.9999220668252656
GALHUY,FIFGEI,0.9941468779708222
GALHUY,IYUHUG,0.9938680346461416
GALHUY,WAQFAX,0.9936875711767252
GALHUY,IFIPEV,0.9935518046212396
GALHUY,FOSTOY,0.9558971652160256
GALHUY,UNIDAY,0.9557695488746164
GALHUY,CIFSES,0.9557007227571692
GALHUY,CIFSAO,0.9556423950647294
GALHUY,CIFSIW,0.9551719513955714
GALHUY,NEDLOZ,0.9543937660276038
GALHUY,VACFOV01,0.9379273062232062
GALHUY,VIFPUY05,0.9375816076414284
GALHUY,VIFPUY,0.937567301781672
GALHUY,VIFPUY04,0.9375442933096686
GALHUY,TIRFOQ,0.8437332813251595
IFABIA01,IFABIA02,0.9999991853756308
IFABIA01,REDROI,0.9998794678511616
IFABIA01,VEGMOK04,0.9997752159822584
IFABIA01,VUSKEA,0.9989865727768416
IFABIA01,PEVQIS,0.9989589533324696
IFABIA01,MIBQAR15,0.9989587688543892
IFABIA01,MIBQAR01,0.9989089616367284
IFABIA01,HOLRAD,0.9989028608836904
IFABIA01,LAWFOF,0.9988962353000346
IFABIA01,SAHYIK,0.9988841629679452
IFABIA01,ORIBAU,0.9984996286766492
IFABIA01,ROZXEL,0.9462798558652
IFABIA01,BOLPAU,0.9082125510983224
IFABIA01,ODODIW,0.9080021523600288
IFABIA01,YOCGAZ,0.9079769460257152
IFABIA01,VIKBUP,0.9078349085688446
IFABIA01,WUHNUK,0.907752238674797
IFABIA01,NEHGIS,0.9072439776782502
IFABIA01,JENKET,0.9067473609914108
IFABIA01,GOSDUP,0.8972260289928751
IFABIA01,NIYZIG,0.8971401547111885
IFABIA01,PICCUC,0.8970384657052534
IFABIA01,CESQUP,0.8966218424544135
IFABIA01,UKOLOV,0.8869328920978319
IFABIA01,EKEKEL,0.8863396466282802
IFABIA01,NAWXER,0.8853945384642625
IFABIA01,MIMRAB01,0.8850569142693242
IFABIA01,QAQSAD,0.8844459082596268
IFABIA01,XOQXIL,0.8775931079498926
IFABIA01,DUPKAC,0.8771874102419495
IFABIA01,ZARLIP,0.876664280772082
IFABIA01,VAGMEX,0.8762670565005279
IFABIA01,XAFFAN,0.8760985637283526
IFABIA01,MEWPIQ,0.8759563672503926
IFABIA01,NOXMAQ,0.8749537509224647
IFABIA01,NIWYID,0.8748439895457569
IFABIA01,IJEXIF01,0.8747938688527335
IFABIA01,VEHJUP,0.8746747022322863
IFABIA01,FUVBAB,0.8740736119626213
IFABIA01,PEJPEB,0.8738212358893912
IFABIA01,UNAGOH,0.8734535067212698
IFABIA01,KUNLEL,0.8722928583286104
IFABIA01,AXOCEW,0.868713008241263
IFABIA01,XEGWIS,0.8665126702656135
IFABIA01,KAHMOW,0.8665025967619813
IFABIA01,XEGXIT,0.8664934793558939
IFABIA01,SAVMAE,0.8629961295652685
IFABIA01,HAZYUE,0.8607453944551041
IFABIA01,EGIKUB01,0.8604356283170058
IFABIA01,WIMWIA,0.8602684670131654
IFABIA01,YICQOS,0.8599270750654511
IFABIA01,HIFGIO,0.8581447707990386
IFABIA01,GAWMOJ,0.8532870599801278
IFABIA01,PURJAO,0.8532790788834441
IFABIA01,TACJEO,0.8524947430269059
IFABIA01,PURJES,0.8522858681406533
IFABIA01,WOJZOK01,0.8507111747954162
IFABIA01,LEBQUH,0.8429852909119144
IFABIA01,MACHIJ,0.8409628925515531
ROZXEL,OMUSAS,0.8270812585956712
ROZXEL,PIWLAL,0.9999977763372324
ROZXEL,PIWLIT,0.999917771609106
ROZXEL,ODUNEH,0.999337191388948
ROZXEL,BABRII,0.9552751882358904
ROZXEL,FIJCUX,0.9472080782586006
ROZXEL,ORIBAU,0.9471368210205228
ROZXEL,VEGMOK04,0.9468379368514106
ROZXEL,REDROI,0.9466469404400384
ROZXEL,VUSKEA,0.9439126273730316
ROZXEL,MIBQAR15,0.9438575342254084
ROZXEL,MIBQAR12,0.9438412345909064
ROZXEL,MIBQAR01,0.9437632756716072
ROZXEL,HOLRAD,0.9437551198240786
ROZXEL,LAWFOF,0.9437424454806848
ROZXEL,VAZTUM,0.9437353206252084
ROZXEL,SAHYIK,0.943700655952992
ROZXEL,XAFFER,0.922571135361486
ROZXEL,VAGMEX,0.9224481854868956
ROZXEL,XAFFAN,0.9223964222185996
ROZXEL,WUMDIT,0.9220965799162482
ROZXEL,NOXMAQ,0.9219226687102988
ROZXEL,DUPKAC,0.9197581755266834
ROZXEL,QEDZEG,0.914201961814643
ROZXEL,PEGCIP,0.8853355029304508
ROZXEL,NIYZIG,0.8836817454495794
ROZXEL,PICCUC,0.8833373380105639
ROZXEL,CESQUP,0.88229716584743
ROZXEL,JEDDII,0.8814198887822415
ROZXEL,HIFGIO,0.8762148804788759
ROZXEL,YICQOS,0.8730690028939802
ROZXEL,NEHGIS,0.8651469636660011
ROZXEL,HUTZAX01,0.8650390332047821
ROZXEL,VIKBUP,0.8650103598530681
ROZXEL,YOCGAZ,0.8648596484639985
ROZXEL,AWEYAE,0.8647317395270209
ROZXEL,VANHEA,0.8561305852883598
ROZXEL,BOVHEB,0.855796458938975
ROZXEL,QOZSIJ,0.853471166985615
ROZXEL,EJIQIZ,0.8525530749514336
ROZXEL,POSGOV,0.8477188174510863
ROZXEL,FECWOB,0.8475665144226492
ROZXEL,MOFTIL02,0.8470976047279621
ROZXEL,NUCRIN,0.8462042489008718
ROZXEL,USAHAZ,0.8441656197594541
ROZXEL,RUTNOK,0.8440975503212016
ROZXEL,RUTNOK01,0.8436133133194966
ROZXEL,EKEKEL,0.8431950409146499
ROZXEL,BUVNIR,0.8393612588321278
DOYHIK,APACAX,0.950794995429894
DOYHIK,JAYXAL,0.9054971703120538
DOYHIK,NUCPIM,0.9023678443128298
DOYHIK,IRELAU,0.8904386899287836
DOYHIK,UFAMEW,0.8871336042681222
DOYHIK,UNAGOH,0.8778162340437199
DOYHIK,NANYUX01,0.8777475375696747
DOYHIK,PEJPEB,0.877658605548102
DOYHIK,FUVBAB,0.8775042627456484
DOYHIK,FUTZEB,0.8771519542648001
DOYHIK,REGREC,0.8766229312834708
DOYHIK,ULISOZ,0.8760701976896116
DOYHIK,NIWYID,0.8758859990985961
DOYHIK,VEHJUP,0.8740160843653098
DAPYAW,DELGIN,0.9646522943498448
DAPYAW,RUXWEM03,0.9557633067592942
DAPYAW,RUXWEM01,0.9554511626710992
DAPYAW,FALGIK,0.9519939359393456
DAPYAW,QEKLID,0.9453217547988032
DAPYAW,QEKLID01,0.945230619199498
DAPYAW,PIKYIU,0.9166077081099928
DAPYAW,GOYLUB,0.9082084594212356
DAPYAW,IGUTUB01,0.8857405701286785
DAPYAW,IGUVIR,0.884654548197225
DAPYAW,QUQFOY,0.8806748150963627
DAPYAW,FELXOM,0.8768296083423872
DAPYAW,XOGWUN,0.8766947260246629
DAPYAW,VAYFAE,0.8765680026865562
DAPYAW,MUXVIM,0.875322079230755
DAPYAW,GOQTIR,0.8747104941297625
DAPYAW,JUXZIN,0.8729214064957587
DAPYAW,JIYSUI,0.8625879425031922
DAPYAW,SITDAD,0.8602158422365517
DAPYAW,DUWBEE,0.8561858064385989
DAPYAW,GURXUN01,0.8458813964755924
DAPYAW,XEQRAO,0.8443030301571713
DAPYAW,KETHEY,0.8438192831499512
DAPYAW,LUWKIZ,0.8419373795083196
DAPYAW,MINBEQ,0.8401416460189223
DAPYAW,NABLIM,0.8391075730571506
DOTSOV30,DOTSOV29,0.9999999983407376
QOWRAV03,QOWRAV04,0.999999999222512
QOWRAV03,QOWRAV02,0.9999999966240452
QOWRAV03,QOWRAV08,0.9999998517285376
QOWRAV03,QOWRAV12,0.9999998024603842
QOWRAV03,QOWRAV11,0.999999775253376
QOWRAV03,QOWRAV10,0.999999646701186
QOWRAV03,QOWRAV,0.9999994284391064
QOWRAV03,BAZFUF,0.9971172133214457
QOWRAV03,BAZFUF01,0.997093427276722
QOWRAV03,ICAREL,0.9909414902023936
QOWRAV03,BAZGAM,0.9860857626293686
QOWRAV03,ANUGIA,0.9602872615244618
QOWRAV03,LAYXAN,0.9528124305197332
QOWRAV03,HOYQIX,0.944179831724252
QOWRAV03,IPUPOA,0.9335049225432852
QOWRAV03,YUSWEP,0.9310647710116652
QOWRAV03,EXOGAB,0.9074657470904668
QOWRAV03,FISGOF,0.901167492925956
QOWRAV03,LAQNID,0.8947245594957882
QOWRAV03,AZAVUU,0.8885948311350925
QOWRAV03,ORAWAH,0.8811268817777829
QOWRAV03,AVAKAL02,0.8811098975800443
QOWRAV03,WURNOO,0.8720678274365963
QOWRAV03,HAYXIR,0.8717033550172634
QOWRAV03,LASYOU,0.8629325445232463
QOWRAV03,MUNDOQ,0.8594185928243825
QOWRAV03,EDOSEY,0.857192011372045
QOWRAV03,ONIXOZ,0.85673197907845
QOWRAV03,ASIVAB,0.852633060651252
QOWRAV03,SIXNIZ,0.8524001190474007
QOWRAV03,EPISOM,0.8507974286959916
QOWRAV03,RUJMEQ,0.8470250547955746
QOWRAV03,YOZNUY,0.8391478645618426
QOWRAV03,QAWHIH,0.8382175935582495
NOXMAQ,PIWLAL,0.9219966912747684
NOXMAQ,PIWLIT,0.9213771796276724
NOXMAQ,ODUNEH,0.9199461238016988
NOXMAQ,JENKET,0.8854769750871319
NOXMAQ,NEHGIS,0.8851627584909156
NOXMAQ,DAWCIP,0.8848784531950694
NOXMAQ,BABRII,0.882207138227174
NOXMAQ,VAGMEX,0.8807498310134959
NOXMAQ,ORIBAU,0.8776814085685528
NOXMAQ,FIJCUX,0.8774244106917628
NOXMAQ,VEGMOK01,0.8759927669299414
NOXMAQ,VEGMOK04,0.8759447129778059
NOXMAQ,REDROI,0.8755342219478262
NOXMAQ,IFABIA03,0.8748801926905166
NOXMAQ,VUSKEA,0.871089919723732
NOXMAQ,PEVQIS,0.8709970580204475
NOXMAQ,MIBQAR01,0.8708759056313873
NOXMAQ,HOLRAD,0.8708642165351019
NOXMAQ,WUMDIT,0.854889433073652
NOXMAQ,QEDZEG,0.8504175327455349
NOXMAQ,NAWXER,0.8414134340381347
NOXMAQ,NIKHAS,0.8408173227059859
WIZMAV09,WIZMAV,0.9999999998603688
WIZMAV09,WIZMAV07,0.9999999990795524
WIZMAV09,WIZMAV10,0.9999999984511716
WIZMAV09,WIZMAV04,0.9999999925557012
WIZMAV09,WIZMAV06,0.9999999712438414
WIZMAV09,WIZMAV05,0.9999999530248695
WIZMAV09,ERARUM,0.9999991243392516
WIZMAV09,UVAHIK,0.9999961048722604
WIZMAV09,ERANAO,0.992635400456829
WIZMAV09,IXETEM,0.9561962044862532
WIZMAV09,HERHEU,0.9545197377643228
WIZMAV09,GAYXEM,0.9533999465813434
WIZMAV09,BUNLAZ,0.9494129229115534
WIZMAV09,UFOSEQ,0.9469422400594322
WIZMAV09,VIKSIU,0.8939337750626055
WIZMAV09,VIKRIT,0.893246798746802
WIZMAV09,YEYCUC,0.892388554674368
WIZMAV09,XIJVIY,0.8922157401024278
WIZMAV09,HICNOZ,0.8785551920295983
WIZMAV09,HERHUK,0.874782325365522
WIZMAV09,RUKDIM,0.8650574548947638
WIZMAV09,XULGIW,0.865055870485708
WIZMAV09,WUPTUY,0.8631890430809581
SUXWIT,YAQDIF,0.8633171282988277
UFUNIS,NIHDEQ,0.9999878915246848
UFUNIS,UGEPEB,0.9999425258277862
UFUNIS,QERZUI01,0.9999393422628218
UFUNIS,BAHGUN04,0.9998017561513616
UFUNIS,QERZUI,0.99977161429612
UFUNIS,BAHGUN,0.9997458086584736
UFUNIS,BAHGUN01,0.9997365374473732
UFUNIS,UFUMUD02,0.9996986686546498
UFUNIS,UFUMUD01,0.999623486550223
UFUNIS,POFDIZ,0.9991398976824698
UFUNIS,MURREW,0.9987931275593857
UFUNIS,KAKTIA01,0.9985084835244828
UFUNIS,AHEMEG,0.9976013842519044
UFUNIS,VOJPUG01,0.9975224721034686
UFUNIS,POFFEX,0.9944613246213604
UFUNIS,WURNOO,0.9223243190581272
UFUNIS,XICKOL,0.8763730209108286
UFUNIS,IDUTEJ,0.8666636804429855
UFUNIS,UNABUH,0.8666544560392522
UFUNIS,ISISUZ,0.866651753392091
UFUNIS,UNACIW,0.8666497721227773
UFUNIS,IDUSIM02,0.8666481437976605
UFUNIS,UNACES,0.8666399704280199
UFUNIS,IDUSIM,0.8666215210251951
UFUNIS,SOZHOG,0.8664119256776309
UFUNIS,HOYKUD,0.8566992337410835
UFUNIS,CEZYOY,0.8434215627757404
UFUNIS,QESBAR,0.8426088238334157
UFUNIS,ENITAX,0.8414275914803446
NIWYID,REGREC,0.9999192443141012
NIWYID,IJEXIF01,0.9998681962276472
NIWYID,FUTZEB,0.9997073221264468
NIWYID,FUVBAB,0.9994157656379906
NIWYID,PEJPEB,0.9992090310005518
NIWYID,ACIBOE,0.999048923557283
NIWYID,NANYUX01,0.9990166100708688
NIWYID,UNAGOH,0.9988821995424988
NIWYID,FUTZAX,0.998246186672336
NIWYID,RUPVAB,0.991206321992468
NIWYID,YOZYUJ,0.9453890325952352
NIWYID,QUQFEO,0.9327243159810216
NIWYID,FUDGIW,0.9079526512438476
NIWYID,JOVYAW,0.9077438276956074
NIWYID,MOHLIF,0.906901631128973
NIWYID,HOGJIX,0.9027610619477764
NIWYID,DUNXUH,0.8970701313711766
NIWYID,DUNXUH15,0.8970683526665718
NIWYID,LOWQIX,0.8967116854690947
NIWYID,EGIKUB01,0.896391410379521
NIWYID,BOWJAA,0.8872771142012882
NIWYID,NUFBOH,0.8772001411169237
NIWYID,REDROI,0.874996841059518
NIWYID,VEGMOK04,0.8749780334145113
NIWYID,IFABIA02,0.8748649328654956
NIWYID,IFABIA03,0.8748647969089244
NIWYID,CUVTOD,0.8742112818884186
NIWYID,ORIBAU,0.8739237893480302
NIWYID,MIBQAR15,0.8738487269622677
NIWYID,MIBQAR12,0.8738390909879006
NIWYID,MIBQAR01,0.8737931086095567
NIWYID,LAWFOF,0.8737807027428146
NIWYID,VAZTUM,0.8737765350035624
NIWYID,SAHYIK,0.8737560287208352
NIWYID,UKOLUD,0.8681186741781083
NIWYID,UBUMAH,0.8609750103634143
NIWYID,YOGKOW,0.8607774219210481
NIWYID,SOWCOY01,0.8606880237690161
NIWYID,ADUVAZ,0.8599424144749281
NIWYID,LASMUP,0.8597274916386454
NIWYID,WEHHIC,0.8534581348739092
NIWYID,WEHJAW,0.8534472653134783
NIWYID,MUWRUT,0.8527769005869072
NIWYID,MIMRAB01,0.8498697113485567
NIWYID,QAQSAD,0.8497333035972863
NIWYID,FECYUJ,0.8490506697109809
NIWYID,USAHAZ,0.8484629862754063
NIWYID,IDIXAU,0.8475453517531222
NIWYID,CIJLIT,0.8464037845733423
NIWYID,HIQNOM,0.8461239174779356
NIWYID,REYCEF,0.8459319932946054
NIWYID,REYCUV,0.8437381214022884
NIWYID,BABRII,0.8401063763176456
NIWYID,JAYXAL,0.8395146196713059
NIWYID,NUCPIM,0.8393129810053999
NIWYID,JENKET,0.8391276010044164
NIWYID,NENHEU,0.8385131025081021
PARKUQ01,JEDVEW,0.9999903577446678
PARKUQ01,YEYRAY,0.9999469650393312
PARKUQ01,MITSIS,0.999936883113369
PARKUQ01,KUJMIN,0.999741441001202
PARKUQ01,MITSEO,0.9996440905124808
PARKUQ01,CEHKUW,0.9996304027100938
PARKUQ01,SIZGEO,0.9994883446531702
PARKUQ01,SITDAD,0.947211110123788
PARKUQ01,DUWBEE,0.9465282303058288
PARKUQ01,QUQFOY,0.9325988512635058
PARKUQ01,AJIJEI,0.9200347259307192
PARKUQ01,FESYEK,0.908215480521356
PARKUQ01,VIDVUB,0.9077566278422318
PARKUQ01,GERWOR,0.906827327201033
PARKUQ01,IJEYEC,0.891667113318744
PARKUQ01,QEKLID01,0.8870357481706608
PARKUQ01,JUVROJ,0.8778202589738113
PARKUQ01,VAKLIF,0.874949192615758
PARKUQ01,PENNAZ,0.8610854508978355
PARKUQ01,KETHEY,0.858222596411579
PARKUQ01,DELGIN,0.8541247655986077
PARKUQ01,DAKVIW,0.8530554097786405
PARKUQ01,OKOSUE,0.8463945085490431
PARKUQ01,TEMDIB,0.8396146051402589
PARKUQ01,NENHAQ,0.8395965998704559
MURREW,UFUNAK,0.99994850500969
MURREW,POFDEV,0.9999448829083007
MURREW,AHEMEG,0.9997758828589124
MURREW,UFUMUD01,0.9997491691063232
MURREW,HAWZEM,0.9996542255473744
MURREW,BAHGUN01,0.99963554040276
MURREW,QERZUI,0.9995991400570436
MURREW,BAHGUN03,0.9995898084295972
MURREW,BAHGUN04,0.9995545415509156
MURREW,BAHGUN02,0.9995107830818056
MURREW,NIHDIU,0.9992796358587182
MURREW,QERZUI01,0.9992696118893012
MURREW,UFUMUD,0.9992421981189455
MURREW,ECODIK,0.999100767864309
MURREW,UGEPEB01,0.99908347521309
MURREW,NELCEN,0.9987346169997112
MURREW,NIHDEQ,0.998693346445558
MURREW,POFFEX,0.9984036075851852
MURREW,QIWQES,0.9958482518351118
MURREW,WURNOO,0.9233815149049828
MURREW,KAGJOS,0.9233405716653404
MURREW,ICAGOK,0.9229777761562686
MURREW,JALPAQ,0.8791247244741948
MURREW,NAPSUV,0.8689100203263238
MURREW,SOZHOG,0.8663143060063764
MURREW,UNACES,0.8657939751715283
MURREW,UNABUH01,0.8657381803582999
MURREW,IDUTIN,0.8656382090751339
MURREW,QESBAR,0.8439859025014013
MURREW,DEGSIS01,0.8438119150180143
MURREW,CEZYOY,0.8434657008079569
MURREW,ENITAX,0.8429546942269752
FUTZEB,GERWIL,0.9082452048324772
FUTZEB,FUVBAB,0.9999499022687528
FUTZEB,REGREC,0.999933808045
FUTZEB,PEJPEB,0.9998785195610675
FUTZEB,ULISOZ,0.9997738613473184
FUTZEB,UNAGOH,0.9997331663042032
FUTZEB,IJEXIF01,0.9991834369219796
FUTZEB,VEHJUP,0.9988170153065414
FUTZEB,KUNLEL,0.9948284452440496
FUTZEB,RUPVAB,0.9877449132931858
FUTZEB,YOZYUJ,0.9465569047544762
FUTZEB,DUZPUL,0.9432402012706114
FUTZEB,RUGXUO,0.9327861378400232
FUTZEB,EXOXUL,0.9102712173114428
FUTZEB,FUDGIW,0.9082480120297448
FUTZEB,JOVYAW,0.908219551419136
FUTZEB,MOHLIF,0.905357262748126
FUTZEB,HOGJIX,0.8999551628945975
FUTZEB,DUNXUH15,0.8973596288621765
FUTZEB,DUNXUH,0.8973539974802653
FUTZEB,WIMWIA,0.8969281621824893
FUTZEB,LOWQIX,0.8969225915074245
FUTZEB,EGIKUB01,0.8953199038790459
FUTZEB,BOWJAA,0.8868966165562638
FUTZEB,BUKMUQ01,0.8848314105223174
FUTZEB,REFVEF,0.8826504032945677
FUTZEB,DOYHOQ,0.8768108618238958
FUTZEB,NASROR,0.8757631851251333
FUTZEB,VEGMOK01,0.8748583345101985
FUTZEB,REDROI,0.8747150794912384
FUTZEB,IFABIA03,0.8743998629794718
FUTZEB,CUVTOD,0.873780952624391
FUTZEB,VUSKEA,0.8724467735319597
FUTZEB,PEVQIS,0.8723897715057768
FUTZEB,MIBQAR12,0.872383867116911
FUTZEB,LAWFOF,0.8722967035660615
FUTZEB,VAZTUM,0.8722904462786065
FUTZEB,SAHYIK,0.8722599025254797
FUTZEB,UBUMAH,0.8611445509477269
FUTZEB,SOWCOY01,0.8611367275698092
FUTZEB,ADUVAZ,0.858465527463678
FUTZEB,LASMUP,0.8581456401299552
FUTZEB,WEHHOI,0.8527815383425092
FUTZEB,USAHAZ,0.8495412025551436
FUTZEB,MIMRAB01,0.8492847107636643
FUTZEB,HEZKIH,0.8465956876420057
FUTZEB,EZINAE,0.8463797797633397
FUTZEB,HIQNUS,0.8463175827720004
FUTZEB,CIJLIT,0.8461974901866192
FUTZEB,HIQNOM,0.8452530622770171
FUTZEB,REYCEF,0.8451191974931014
FUTZEB,REYCUV,0.8416856132201118
FUTZEB,JENKET,0.8399587177310908
FUTZEB,NUCPIM,0.8383632277391735
EVUDAA,GOYLUB,0.9074329162620264
EVUDAA,RUXWEM03,0.8628305395254746
EVUDAA,RUXWEM01,0.8622788781003978
EVUDAA,FALGIK,0.8572696617341267
DITKAT,DITKAT01,0.9999966169379688
DITKAT,WENRIR,0.997405742873213
DITKAT,RUDRUE,0.8913014848343254
DITKAT,RUBZIY02,0.8600129115110406
DITKAT,XILBAW,0.8588426150261317
DITKAT,LIPZES,0.8561576060792636
DITKAT,LONHON,0.854771961703587
SOLCED,SOLCAZ,0.9999824600078928
WIDQEG,WIDQAC,0.999999984197828
WIDQEG,IDIWOH,0.9999999754053066
WIDQEG,IXODUV,0.9999998403223276
WIDQEG,IDIWOH04,0.9999996718772494
WIDQEG,IXOFUX,0.9999995057033374
WIDQEG,IXOFUX01,0.999999433052302
WIDQEG,IDIWOH05,0.9999993149421902
WIDQEG,XAVDEF,0.9999992822411772
WIDQEG,IXOFAD,0.9999973613017022
WIDQEG,XAVDIJ,0.999995221296158
WIDQEG,JUMDEC,0.9999946819383696
WIDQEG,ATOTIM,0.9999428431235612
WIDQEG,ALOVEC,0.9959801396518028
WIDQEG,PARFOF,0.8850324017521867
MIBQAR15,MIBQAR01,0.999999341956905
MIBQAR15,HOLRAD,0.9999992142842145
MIBQAR15,VAZTUM,0.9999988996426878
MIBQAR15,IFABIA03,0.999044644387032
MIBQAR15,REDROI,0.9988221046748248
MIBQAR15,VEGMOK04,0.9985105440691346
MIBQAR15,FIJCUX,0.9963679385052158
MIBQAR15,PIWLIT,0.9448233574272964
MIBQAR15,ODODIW,0.9066721627029982
MIBQAR15,YOCGAZ,0.9065689013030716
MIBQAR15,DAWCIP,0.9051223071221924
MIBQAR15,JENKET,0.9037983948370504
MIBQAR15,AWEYAE,0.9021251777242708
MIBQAR15,CESQUP,0.8973271343408491
MIBQAR15,EKEKEL,0.8872966227830277
MIBQAR15,UKOLOV,0.8852670592487253
MIBQAR15,FECYUJ,0.8845630334564955
MIBQAR15,MIMRAB01,0.8842940641604062
MIBQAR15,NIKHAS,0.8841370097682464
MIBQAR15,QAQSAD,0.8823472820694696
MIBQAR15,NAWXER,0.8818924880698737
MIBQAR15,DUPKAC,0.8779409147763962
MIBQAR15,XOQXIL,0.8759157655282536
MIBQAR15,XAFFER,0.8748851554487288
MIBQAR15,ZARLIP,0.8738913516405935
MIBQAR15,ULISOZ,0.873704213875689
MIBQAR15,VAGMEX,0.8731701492039666
MIBQAR15,REGREC,0.8731601245397738
MIBQAR15,XAFFAN,0.8728781509313529
MIBQAR15,FUVBAB,0.8716297869658078
MIBQAR15,RUPVAB,0.8713956696256859
MIBQAR15,PEJPEB,0.871156902557604
MIBQAR15,NANYUX01,0.8707538118201135
MIBQAR15,ZARLEL,0.870583185134141
MIBQAR15,UNAGOH,0.8704726533613545
MIBQAR15,FUTZAX,0.8692693599567105
MIBQAR15,NENHEU,0.8686054021068197
MIBQAR15,PEGCIP,0.8657659790115457
MIBQAR15,SAVMAE,0.8642362834516347
MIBQAR15,XEGWIS,0.8627246526464117
MIBQAR15,XEGXIT,0.8626943411340673
MIBQAR15,HAZYUE,0.8609550835655977
MIBQAR15,EGIKUB01,0.8606982341359158
MIBQAR15,ZAQXEX,0.8593874975348392
MIBQAR15,WIMWIA,0.8582530691599042
MIBQAR15,HUVGEM,0.8579494851152134
MIBQAR15,XENMIO,0.8579148202652906
MIBQAR15,XOHNEO,0.8547736421229758
MIBQAR15,SOSQIC01,0.8546717371664341
MIBQAR15,GAWMOJ,0.8518901238634212
MIBQAR15,PURJAO,0.8518488661905694
MIBQAR15,PURJES,0.8495447384631669
MIBQAR15,NISCOJ,0.8457271443514132
MIBQAR15,MACHIJ,0.8445764530312174
MIBQAR15,LEBQUH,0.8388326795629063
MIBQAR15,VURMOL,0.8383164860449939
DITKAT01,WENRIR,0.9972398062484008
DITKAT01,CERPOF,0.8920812935279289
DITKAT01,RUDRUE,0.8910949889963099
DITKAT01,RUBZIY02,0.859908528661136
DITKAT01,LIPZES,0.8559623609820406
DITKAT01,ERIQUS,0.8538075068279496
MOLLEG,RUBZIY02,0.919925225455414
MOLLEG,XILBAW,0.9197538006918136
MOLLEG,YAPQUC,0.9189274193054532
MOLLEG,LONHON,0.916696241644576
FUDGIW,HUVGEM,0.9177209357358612
FUDGIW,FUVBAB,0.9081985123731364
FUDGIW,REGREC,0.9081808950178624
FUDGIW,PEJPEB,0.908128342941172
FUDGIW,ACIBOE,0.908061491092469
FUDGIW,NANYUX01,0.9080383646732534
FUDGIW,ULISOZ,0.9080197229173818
FUDGIW,IJEXIF01,0.907427520572616
FUDGIW,KUNLEL,0.903064816867594
FUDGIW,RUPVAB,0.8959770352431545
FUDGIW,UFOFUT,0.8651476623375578
FUDGIW,YOZYUJ,0.8644952685888916
FUDGIW,HUTZAX01,0.8610982168569657
FUDGIW,WEHJAW,0.8600891670433897
FUDGIW,WEHHOI,0.8600675951657963
FUDGIW,QUQFEO,0.8535532945078153
FUDGIW,REYCEF,0.8522407176540653
FUDGIW,REYCUV,0.84881906857243
FUDGIW,PEPHID,0.8483593401718552
FUDGIW,FAHMIM,0.8389313141976599
SOJKOT06,SOJKOT07,0.9999993559704384
SOJKOT06,MAJMOA03,0.999970525889198
SOJKOT06,IGOPEB,0.9998678517737312
SOJKOT06,DADTUY01,0.9998230066700308
SOJKOT06,DADTUY07,0.9998168649613954
SOJKOT06,DADTUY05,0.9997911601505098
SOJKOT06,DADTUY,0.9997702565030128
SOJKOT06,EDAGAT,0.9973011165099236
SOJKOT06,RAVVIU,0.9971647069065592
SOJKOT06,RAVVOA01,0.9969871925291076
SOJKOT06,JEXWUF,0.996065636602784
HAZPIJ,HAZNON,0.9998351948820569
FAVNAU,KULMIP,0.8584842708544114
FAVNAU,HAZPAB,0.8409694744880808
FAVNAU,HAZNON,0.8393967666896721
IYUHIU,CUFDUD,0.99998959711312
IYUHIU,FEYDET,0.9997157839188217
IYUHIU,CUFFOZ,0.999542062659312
IYUHIU,CUFFEP,0.999539462049932
IYUHIU,OTEGOL01,0.9458581328786244
IYUHIU,OWIHUZ,0.945855465514714
IYUHIU,OWIJAH,0.9458431619004048
IYUHIU,OWIHIN,0.9458366932273018
IYUHIU,HIHNUJ,0.9458102018610914
IYUHIU,OWIHOT,0.9457939390969508
IYUHIU,OWIJIP,0.9457770525713792
IYUHIU,XOMHIS,0.9320577662117246
IYUHIU,XINTOG,0.927631649701623
IYUHIU,MAYJOM,0.8740354356655857
IYUHIU,VACFOV01,0.8737273994623478
IYUHIU,VIFPUY02,0.8735991394971194
IYUHIU,VIFPUY05,0.8735963437813884
IYUHIU,VIFPUY,0.8735908283694465
IYUHIU,LOQLEJ,0.8735888741833246
IYUHIU,VIFPUY04,0.8735818983779875
IYUHIU,TIRFOQ,0.8487614676584845
IYUHIU,GIWMAD,0.8401479611768736
IYUHIU,NEDLOZ,0.8399585087344199
IYUHIU,CIFSAO,0.8391312723424458
IYUHIU,CIFSES,0.8390450518571275
IYUHIU,FOSTIS,0.8389927507500331
IYUHIU,FOSTOY,0.8387815255974209
DADTOS16,REZJIR,0.9999997487870306
DADTOS16,REZJIR03,0.999998867754037
DADTOS16,PADJOU01,0.9999987917813312
DADTOS16,YUKTUU,0.9999982253075728
DADTOS16,LIJWOR03,0.99999559813411
DADTOS16,DADTOS17,0.999995425889245
DADTOS16,LIJWOR06,0.9999920191509432
DADTOS16,LIJWOR,0.99998998868941
DADTOS16,MNFORD02,0.9999836653047772
DADTOS16,MNFORD03,0.9999831210052964
DADTOS16,PADJOU,0.9999776876754928
DADTOS16,LIJWOR05,0.9999745503464116
DADTOS16,DADTOS13,0.9999698588649611
DADTOS16,IJOMOJ01,0.9999670679878784
DADTOS16,DADTOS02,0.9999604298722456
DADTOS16,DADTOS,0.999954346150142
DADTOS16,DADTOS04,0.9999527732287564
DADTOS16,DADTOS01,0.999951966801406
DADTOS16,DADTOS08,0.999950932953472
DADTOS16,DADTOS12,0.9999481813429438
DADTOS16,QINSUD,0.9999479267858336
DADTOS16,DADTOS18,0.999946089392219
DADTOS16,SIWPUL,0.9999454266098065
DADTOS16,NURGUE,0.9999364522703482
DADTOS16,YANWOC,0.999921003399972
DADTOS16,DADTOS10,0.9999200531112726
DADTOS16,IJOMOJ03,0.9999136145548958
DADTOS16,REZJIR04,0.9998720188135436
DADTOS16,DADTOS03,0.9998693192625868
DADTOS16,ATIBOU02,0.9981372607659426
DADTOS16,SIWPUL11,0.9967817713163614
DADTOS08,DADTOS09,0.9999999979656335
DADTOS08,DADTOS11,0.99999999079877
DADTOS08,DADTOS04,0.9999999824107432
DADTOS08,DADTOS06,0.9999999655533937
DADTOS08,DADTOS12,0.9999999624599653
DADTOS08,DADTOS,0.999999938476806
DADTOS08,YANWOC01,0.9999998731363312
DADTOS08,DADTOS02,0.9999994897183572
DADTOS08,YANWOC02,0.9999987517056534
DADTOS08,DADTOS13,0.9999977055226028
DADTOS08,YANWOC,0.9999964433455956
DADTOS08,DADTOS10,0.9999962493851076
DADTOS08,YANWOC03,0.9999950669932716
DADTOS08,IJOMOJ03,0.9999946304027846
DADTOS08,DADTOS14,0.9999918695561806
DADTOS08,REZJIR04,0.9999814363493664
DADTOS08,DADTOS03,0.999980318165578
DADTOS08,DADTOS15,0.999972383069732
DADTOS08,YUKTUU01,0.9999680978156286
DADTOS08,VIRJEM,0.9999515401117988
DADTOS08,REZJIR,0.9999509195743428
DADTOS08,LIJWOR03,0.999917857998274
DADTOS08,DADTOS17,0.9999163988724048
DADTOS08,MNFORD02,0.9999044400286372
DADTOS08,LIJWOR,0.9999011053438835
DADTOS08,LIJWOR01,0.9998854313200836
DADTOS08,IJOMOJ01,0.9998376182124372
DADTOS08,NURGUE,0.9998052869276988
DADTOS08,QINSUD,0.999798036777211
DADTOS08,IQEWOQ,0.9987086795914044
DADTOS08,ATIBOU02,0.9986920446775857
DADTOS08,SIWPUL11,0.9975254826843576
PASGEX04,DECYAO,0.8918879857472741
PASGEX04,DECYOC,0.8806378323146736
PASGEX04,WIMWIA,0.8545991496861358
PASGEX04,LOWQIX,0.8545835866659287
PASGEX04,DARYIF,0.843212598746316
PASGEX04,BUVNIR,0.8396155649004017
LOWQIX,WIMWIA,0.9999946210520868
LOWQIX,EGIKUB01,0.9985757625496569
LOWQIX,REGREC,0.8968953061813523
LOWQIX,ULISOZ,0.8967683553391447
LOWQIX,PEJPEB,0.896748439081816
LOWQIX,ACIBOE,0.8966681742187409
LOWQIX,NANYUX01,0.8966461510866449
LOWQIX,UNAGOH,0.896577687711567
LOWQIX,IJEXIF01,0.8962425968564232
LOWQIX,FUTZAX,0.8961895580146246
LOWQIX,VEHJUP,0.8959039225234338
LOWQIX,QAQSAD,0.86378996974097
LOWQIX,MIMRAB01,0.8631334577532198
LOWQIX,ADUWIH,0.8608078143452662
LOWQIX,VEGMOK04,0.8607429151407352
LOWQIX,FIJCUX,0.8607075260413161
LOWQIX,REDROI,0.8606332921047997
LOWQIX,IFABIA03,0.8603424631337844
LOWQIX,MIBQAR12,0.858466080887691
LOWQIX,LAWFOF,0.8583829283317223
LOWQIX,SAHYIK,0.8583477621308628
LOWQIX,DUPKAC,0.8526873721351536
LOWQIX,UFAMEW,0.8520504553754014
LOWQIX,DUZPUL,0.8513446553253036
LOWQIX,QUQFEO,0.8437448332662134
LOWQIX,RUGXUO,0.8435892814218278
OKABAE,LASYOU,0.8799721705350799
OKABAE,ONIXOZ,0.8712220296444702
OKABAE,QIZLIW,0.8691984899347052
OKABAE,NEHZUY,0.8691005375755587
OKABAE,KAJZIH,0.8687097276450951
OKABAE,QIZLOC,0.8683689435201759
OKABAE,DOTSOV16,0.8676512070806441
OKABAE,DOTSOV14,0.8676491136314778
OKABAE,DOTSOV10,0.8676488368028143
OKABAE,DOTSOV15,0.8676488356419328
OKABAE,DOTSOV11,0.8676465783648708
OKABAE,DOTSOV13,0.867646340138906
OKABAE,DOTSOV02,0.8675305705350175
OKABAE,EBAMUS,0.867297186077703
OKABAE,XAMDUM04,0.8671575385858643
OKABAE,XAMDUM01,0.867034736851765
OKABAE,YOZNEI,0.8668174376139473
OKABAE,DIHVIB,0.8667546990132426
OKABAE,TISPAO,0.8654436963929888
OKABAE,QAWHIH01,0.8636853728564621
OKABAE,QAWHIH,0.8635852094583994
OKABAE,KIRFOI,0.8635106712406724
OKABAE,YOZNOS,0.8553612580625874
OKABAE,IDUDIW,0.8551976574850515
CEZYOY,XICKOL,0.9321776574592926
CEZYOY,NAPSUV,0.9200741267839928
CEZYOY,ENIHUG,0.9186562262310778
CEZYOY,EDOSOI,0.8618577102740983
CEZYOY,LASYOU,0.8587203115629075
CEZYOY,ONIXOZ,0.8533535556887628
CEZYOY,WURNOO,0.850321283983699
CEZYOY,KAGJOS,0.8501068324869728
CEZYOY,ICAGOK,0.8491674892205224
CEZYOY,ORAWAH,0.8465254541299542
CEZYOY,IDUDES,0.8452252423424695
CEZYOY,IXAKAU,0.84437013125234
CEZYOY,HAWZEM,0.8437595222650007
CEZYOY,BAHGUN,0.8437547888637252
CEZYOY,QERZUI,0.8437501483189016
CEZYOY,BAHGUN04,0.8437426676040491
CEZYOY,NIHDIU,0.8436620096395019
CEZYOY,QERZUI01,0.8436467168494223
CEZYOY,UFUNAK,0.8436418558862765
CEZYOY,ECODIK,0.8435873640510233
CEZYOY,POFDIZ,0.8435387633381294
CEZYOY,UGEPEB01,0.8435333143883086
CEZYOY,NIHDEQ,0.84338990224152
CEZYOY,UGEPEB,0.8432374099182882
CEZYOY,KAKTIA01,0.8432335872272181
CEZYOY,AHEMEG,0.8428178826715474
CEZYOY,IPINAY,0.8427574276722588
CEZYOY,VOJPUG01,0.8427200374257819
CEZYOY,KIRFOI,0.8424742075702955
CEZYOY,POFFEX,0.8405911986938839
YEYDUE,OTECAT,0.8631685677912004
YEYDUE,CELZOK,0.8621079260727573
YEYDUE,PEYSUJ,0.8537658226685174
YEYDUE,DITJEY01,0.841531409956012
NANYUX01,UNAGOH,0.9999854610820867
NANYUX01,FUTZAX,0.9998788756021014
NANYUX01,REGREC,0.999493921492731
NANYUX01,ULISOZ,0.9991402236312676
NANYUX01,IJEXIF01,0.9981671203644074
NANYUX01,KUNLEL,0.9926090695780692
NANYUX01,YOZYUJ,0.9470719796954888
NANYUX01,UFOFUT,0.946989386491548
NANYUX01,UFAMEW,0.942166309491663
NANYUX01,RUGXUO,0.9321620525491812
NANYUX01,JOVYAW,0.9081600438310122
NANYUX01,EXOXUL,0.9073121614703644
NANYUX01,MOHLIF,0.9036343788607276
NANYUX01,KEFBOO,0.8988939834088765
NANYUX01,HOGJIX,0.897200579676699
NANYUX01,DUNXUH,0.8971529114631502
NANYUX01,DUNXUH15,0.8971515822824927
NANYUX01,WIMWIA,0.8967186714867361
NANYUX01,EGIKUB01,0.8940151155859286
NANYUX01,BUKMUQ01,0.8850637510550906
NANYUX01,REFVEF,0.8805357065407253
NANYUX01,DOYHOQ,0.8756472545763873
NANYUX01,ORIBAU,0.8749877196027012
NANYUX01,FIJCUX,0.8749675752964112
NANYUX01,NUFBOH,0.874538754642527
NANYUX01,VEGMOK01,0.8743121497008811
NANYUX01,VEGMOK04,0.8742838236988046
NANYUX01,NASROR,0.8742321820868707
NANYUX01,CUVTOD,0.8729748843521723
NANYUX01,MIBQAR01,0.8706479028886701
NANYUX01,HOLRAD,0.8706382884934044
NANYUX01,VAZTUM,0.8706167962482122
NANYUX01,SAHYIK,0.8705799122950063
NANYUX01,VOTHIX,0.8701919840586159
NANYUX01,UKOLUD,0.8692564270060186
NANYUX01,SOWCOY01,0.8610559637241588
NANYUX01,UBUMAH,0.8608330182528985
NANYUX01,YOGKOW,0.8585802361054671
NANYUX01,ALANAD,0.851913280402807
NANYUX01,WEHHOI,0.8517896907482932
NANYUX01,USAHAZ,0.8499822696929145
NANYUX01,QAQSAD,0.849897583449586
NANYUX01,FECYUJ,0.8466575661636773
NANYUX01,HIQNUS,0.8462402198383384
NANYUX01,EZINAE,0.8460136650525658
NANYUX01,HEZKIH,0.8443361121523699
NANYUX01,JENKET,0.8401952317892771
NANYUX01,REYCUV,0.8395445598504443
NANYUX01,BABRII,0.8384963455979381
IFABIA03,VEGMOK04,0.9997881805319796
IFABIA03,VEGMOK01,0.9997775368388816
IFABIA03,PEVQIS,0.9990444191855934
IFABIA03,MIBQAR12,0.9990343281034284
IFABIA03,MIBQAR01,0.9989964439185718
IFABIA03,HOLRAD,0.9989906714747766
IFABIA03,LAWFOF,0.9989842463564612
IFABIA03,VAZTUM,0.9989829554108276
IFABIA03,ODUNEH,0.9470832719101472
IFABIA03,PIWLAL,0.9461670399421036
IFABIA03,BOLPAU,0.9082004408346516
IFABIA03,ODODIW,0.9080131033298656
IFABIA03,YOCGAZ,0.9079852940141367
IFABIA03,VIKBUP,0.907833115042264
IFABIA03,WUHNUK,0.9077943456463542
IFABIA03,NEHGIS,0.9072178781011304
IFABIA03,JENKET,0.9067060159325722
IFABIA03,AWEYAE,0.9056924622386668
IFABIA03,CESQUP,0.8966974856432575
IFABIA03,QEDZEG,0.8947448955963924
IFABIA03,EKEKEL,0.886422058749061
IFABIA03,NAWXER,0.8853225732363765
IFABIA03,DARYIF,0.8850666757195909
IFABIA03,MIMRAB01,0.8850640438929691
IFABIA03,WUMDIT,0.8778074442284562
IFABIA03,XOQXIL,0.8775918397185751
IFABIA03,XAFFER,0.8771427611210252
IFABIA03,VAGMEX,0.8762211802354074
IFABIA03,XAFFAN,0.8760487248403744
IFABIA03,MEWPIQ,0.8759032824926536
IFABIA03,ULISOZ,0.8748354091627498
IFABIA03,VEHJUP,0.8747293474797485
IFABIA03,ZARLEL,0.874592011580557
IFABIA03,PEJPEB,0.8737893082561018
IFABIA03,ACIBOE,0.8736019049673185
IFABIA03,UNAGOH,0.8734113316465906
IFABIA03,FUTZAX,0.8727004303698211
IFABIA03,NENHEU,0.8719968733832906
IFABIA03,PEGCIP,0.8682463999650681
IFABIA03,RUPVAB,0.8669877147482675
IFABIA03,XEGXIT,0.8664252612320873
IFABIA03,SAVMAE,0.8630891163729535
IFABIA03,HUVGEM,0.8602747927212553
IFABIA03,XENMIO,0.8602626995944651
IFABIA03,HIFGIO,0.8580719503106368
IFABIA03,CIQHOC,0.8533919855319688
IFABIA03,TACJEO,0.8524928042039883
IFABIA03,PURJES,0.8522516263795268
IFABIA03,LEBQUH,0.8429055063242556
CIFMIP,TIVYAZ,0.9999999437999576
RIBSAZ,ERANAO,0.8614465154602415
RIBSAZ,ERARUM,0.8532889009173019
RIBSAZ,WIZMAV05,0.8531595002406495
RIBSAZ,WIZMAV06,0.853150967084068
RIBSAZ,WIZMAV04,0.8531358849053686
RIBSAZ,WIZMAV,0.8531223903381733
RIBSAZ,WIZMAV07,0.8531147470857523
RIBSAZ,WIZMAV10,0.85311311171412
RIBSAZ,WIZMAV12,0.8530559191434294
RIBSAZ,UVAHIK,0.8527586790572088
RIBSAZ,ESEBOV,0.845935255023233
VUSKEA,PEVQEO,0.9999997079158724
VUSKEA,PEVQIS,0.999999625559326
VUSKEA,MIBQAR01,0.9999983365724348
VUSKEA,REDROI,0.9988545643418684
VUSKEA,VEGMOK01,0.9985059319533796
VUSKEA,ORIBAU,0.9956198478933782
VUSKEA,PIWLIT,0.9448698556174348
VUSKEA,PIWLAL,0.9437396496295926
VUSKEA,WUHNUK,0.9080719420102628
VUSKEA,BABRII,0.9076989895846752
VUSKEA,BOLPAU,0.9068664999994426
VUSKEA,YOCGAZ,0.9066078758479982
VUSKEA,VIKBUP,0.906156404878911
VUSKEA,JENKET,0.9038617911898632
VUSKEA,CESQUP,0.8973323789155939
VUSKEA,JEDDII,0.8971900750879296
VUSKEA,PICCUC,0.8970910378998332
VUSKEA,GOSDUP,0.895506835088824
VUSKEA,QEDZEG,0.8912149010022505
VUSKEA,EKEKEL,0.8872975551354692
VUSKEA,UKOLOV,0.8853099010055359
VUSKEA,BUVNIR,0.8848878698704905
VUSKEA,NIKHAS,0.8841903831353221
VUSKEA,USAHAZ,0.879683604857848
VUSKEA,IDIXAU,0.8780955162440848
VUSKEA,DUPKAC,0.8779453388489113
VUSKEA,WUMDIT,0.8766981072393268
VUSKEA,XOQXIL,0.875958791134666
VUSKEA,KUNLEL,0.8745383796281673
VUSKEA,ULISOZ,0.8737384271333057
VUSKEA,VAGMEX,0.8732359453024975
VUSKEA,REGREC,0.8732009244247889
VUSKEA,XAFFAN,0.8729459080912163
VUSKEA,MEWPIQ,0.8727051057993869
VUSKEA,RUPVAB,0.8713381396131521
VUSKEA,ACIBOE,0.8708754918882834
VUSKEA,AXOCEW,0.8692025813445395
VUSKEA,PEGCIP,0.8658222887024445
VUSKEA,SAVMAE,0.864233058282798
VUSKEA,XEGWIS,0.8628014657385631
VUSKEA,KAHMOW,0.8627859251796366
VUSKEA,XEGXIT,0.8627713298483395
VUSKEA,XEGWAK,0.862759328901558
VUSKEA,YICQOS,0.8611362197659872
VUSKEA,EGIKUB01,0.8607084790062166
VUSKEA,WIMWIA,0.8583014565378042
VUSKEA,XENMIO,0.8579689614899253
VUSKEA,SOSQIC01,0.8546539869057039
VUSKEA,WOJZOK01,0.8530505081430851
VUSKEA,TACJEO,0.8525854205968109
VUSKEA,PURJAO,0.8518881241866856
VUSKEA,CIQHOC,0.8504927176416563
VUSKEA,NISCOJ,0.8457518283029077
VUSKEA,IGINIX,0.8442225733527772
VUSKEA,LEBQUH,0.8389152252922633
SIZGEO,MITSEO,0.9997482998835204
SIZGEO,CEHKUW,0.9997446701766368
SIZGEO,PARKUQ,0.9994916006412636
SIZGEO,ODOXEK,0.9992179236338352
SIZGEO,MITSUE,0.9992104139243508
SIZGEO,MITSAK,0.9992086514979756
SIZGEO,MITSIS,0.9991482819317076
SIZGEO,FUMJAA,0.9989211734946888
SIZGEO,KUJMIN,0.9986824635689016
SIZGEO,SITDAD,0.9466474200693348
SIZGEO,QUQFOY,0.932760116353524
SIZGEO,AJIJEI,0.9192657893114324
SIZGEO,NAPZOV,0.9192318228672062
SIZGEO,LIQFEY,0.9079976217636384
SIZGEO,GERWOR,0.90755743498417
SIZGEO,FESYEK,0.9075300591519524
SIZGEO,QEKLID01,0.8870489032934246
SIZGEO,NOLRIR,0.8781040942165264
SIZGEO,JUVROJ,0.8776920009270414
SIZGEO,VAKLIF,0.8741992285237931
SIZGEO,GIYTOY,0.873975106432218
SIZGEO,XEFGUN01,0.8737821377021684
SIZGEO,YIKGEF,0.8735144437605968
SIZGEO,PENNAZ,0.8608434445107773
SIZGEO,KETHEY,0.8594873504353079
SIZGEO,VIDWAI,0.8531801583543932
SIZGEO,DELGIN,0.8526056894698899
SIZGEO,LUWKIZ,0.8494740338422537
SIZGEO,OKOSUE,0.8460045306594628
WIMWIA,EGIKUB01,0.9984034283266944
WIMWIA,FUVBAB,0.8968768382547937
WIMWIA,PEJPEB,0.8968041491950021
WIMWIA,ULISOZ,0.8967052529382805
WIMWIA,FUTZAX,0.8963083871024702
WIMWIA,IJEXIF01,0.8961176227128977
WIMWIA,VEHJUP,0.8957525201130279
WIMWIA,IRELAU,0.8746023874427046
WIMWIA,QAQSAD,0.8638016036040639
WIMWIA,VALGAS,0.8634340959767114
WIMWIA,USAHAZ,0.8632694349072143
WIMWIA,MIMRAB01,0.8630320280503834
WIMWIA,IDIXAU,0.862695900692265
WIMWIA,FECYUJ,0.8616721212186143
WIMWIA,ADUWIH,0.8607756072115282
WIMWIA,VEGMOK04,0.8606915168382856
WIMWIA,ORIBAU,0.8605935420290334
WIMWIA,IFABIA02,0.8602908533923732
WIMWIA,PEVQIS,0.8582447538787622
WIMWIA,MIBQAR12,0.8582386297402315
WIMWIA,MIBQAR01,0.858170079787213
WIMWIA,HOLRAD,0.8581628139070435
WIMWIA,LAWFOF,0.8581516465470559
WIMWIA,VAZTUM,0.8581454821788749
WIMWIA,SAHYIK,0.8581152264367826
WIMWIA,MUWRUT,0.8570987992772898
WIMWIA,UFOFUT,0.855023172601108
WIMWIA,DUPKAC,0.8524825025921506
WIMWIA,UFAMEW,0.8517970877602312
WIMWIA,DUZPUL,0.851063743389968
WIMWIA,QUQFEO,0.8437495657684947
WIMWIA,RUGXUO,0.8435275334682759
WIMWIA,SAVMAE,0.8412025815697154
LARPEB,SAJRUT,0.9470600551152432
LARPEB,PIJKUR,0.88170505797903
LARPEB,NEHZAE,0.8747522274845947
LARPEB,XUDSIY,0.874506262634913
LARPEB,YAXCAC,0.8726432234395363
LARPEB,YAXBUV02,0.8725799412443084
LARPEB,KUXSIH,0.8725746746401235
LARPEB,KUXREC,0.8705974995361893
LARPEB,POJTOY,0.864412670500081
LARPEB,VAGVAC,0.8642473773728472
LARPEB,EFEGOM,0.8626518845650297
LARPEB,SETQUF,0.8623622493129948
LARPEB,SETRAM,0.8617073330749098
LARPEB,SETQIT,0.8611863397987602
LARPEB,SETQAL,0.8609325539896866
LARPEB,SADMOB,0.8607894081942253
LARPEB,XADCOW,0.8602893013261987
LARPEB,REZXOK,0.8425739558258545
QEKLID,QEKLID01,0.999999201204704
QEKLID,RUXWEM01,0.9325933685563772
QEKLID,RUXWEM03,0.9323470701139014
QEKLID,QUQFOY,0.9192518177760444
QEKLID,OKOSUE,0.9023196731171952
QEKLID,PIKYAM,0.8952704046605818
QEKLID,KETHEY,0.8949360502488505
QEKLID,PIKYIU,0.8931494406001672
QEKLID,MITSEO,0.8872950837699023
QEKLID,YEYRAY,0.8872020870457844
QEKLID,PARKUQ,0.8870098256021294
QEKLID,NABLIM,0.8869386524947925
QEKLID,MITSAK,0.8867336291469821
QEKLID,MITSUE,0.8867287308909813
QEKLID,VAKLIF,0.8867123260069053
QEKLID,KUJMIN,0.8862000159084281
QEKLID,GOYLUB,0.8852407587688805
QEKLID,YICRAF,0.8705739836677819
QEKLID,IGUVIR,0.8656213472828016
QEKLID,IGUTUB,0.8653613019523068
QEKLID,ECIWIW,0.8649233727885484
QEKLID,JUXZOT,0.8574984149709952
QEKLID,JUXZIN,0.8573395109687307
QEKLID,TEMDIB,0.8507326442922862
QEKLID,ZASJAG,0.8502778491557454
QEKLID,PENNAZ,0.8496153773385211
QEKLID,YAYNEU,0.8452354070727209
QEKLID,PAQXUC,0.8422756494446793
QEKLID,PAQYAJ01,0.842060009052587
QEKLID,FONKEA,0.8414959132187015
XENMIO,HUVGEM,0.9999998531562851
XENMIO,HUTZAX01,0.9422360637382304
XENMIO,AWEYAE,0.9418677220928372
XENMIO,FIJCUX,0.8611464248505936
XENMIO,ORIBAU,0.8610623722867666
XENMIO,VEGMOK01,0.8608386660584684
XENMIO,IFABIA02,0.8603092540399584
XENMIO,PEVQIS,0.8579054097783013
XENMIO,MIBQAR12,0.8578987344188207
XENMIO,MIBQAR01,0.8578221278071291
XENMIO,HOLRAD,0.8578140609917136
XENMIO,LAWFOF,0.8578015985516345
XENMIO,VAZTUM,0.8577946598861698
XENMIO,SAHYIK,0.8577607583718987
XENMIO,PEPHID,0.8414523445513407
HERHUK,EMIYUW,0.8931408682465749
HERHUK,VIKSEQ,0.8822548664531855
HERHUK,VIKSIU,0.8822459550640882
HERHUK,VIKROZ,0.881677507719115
HERHUK,VIKRIT,0.8804518740459351
HERHUK,ERANAO,0.87519042371461
HERHUK,ERARUM,0.8748665242927073
HERHUK,WIZMAV05,0.8748019062663492
HERHUK,WIZMAV06,0.8747976520715156
HERHUK,WIZMAV10,0.8747787615921789
HERHUK,WIZMAV12,0.8747501296560753
HERHUK,UVAHIK,0.8746000792104518
HERHUK,UFOSOA,0.8573019864344569
HERHUK,OFOJAX,0.8523580426204754
HERHUK,BUNLAZ,0.8425156012961472
HERHUK,BUNKUS,0.8422151845303101
HERHUK,IXETEM,0.8403091484886283
UFOSOA,UFOSEQ,0.9999999932674608
UFOSOA,UVAHIK,0.9470009592365816
UFOSOA,WIZMAV10,0.9469408319387688
UFOSOA,WIZMAV07,0.9469405341329412
UFOSOA,WIZMAV,0.9469391396497168
UFOSOA,WIZMAV04,0.9469366674518724
UFOSOA,WIZMAV05,0.946932309723382
UFOSOA,ERARUM,0.9469077085530156
UFOSOA,ERANAO,0.9367634039103392
UFOSOA,OFOJAX,0.9096800033384737
UFOSOA,HERHAQ,0.906602659327544
UFOSOA,GERBEN,0.9059003662512118
UFOSOA,HERHEU,0.904615635885314
UFOSOA,OXOLAP,0.9045813940166414
UFOSOA,WUPTUY,0.9045547425639676
UFOSOA,GAYXEM,0.903123886184542
UFOSOA,BUNLAZ,0.8982050785224042
UFOSOA,BUNKUS,0.8974533623224779
UFOSOA,VIKSEQ,0.8779385091750426
UFOSOA,VIKSIU,0.8779378225842371
UFOSOA,VIKROZ,0.877878031907519
UFOSOA,DITJOH,0.8778576252123221
UFOSOA,VIKRIT,0.8776584969685098
UFOSOA,YEYCUC,0.8771593435213202
UFOSOA,XIJVIY,0.8770487034655463
UFOSOA,UNEJEE,0.8749006580846036
XOHNEO,VURMOL,0.8575434791419765
XOHNEO,IRELAU,0.8555827086358772
XOHNEO,MIBQAR12,0.8547781680918403
XOHNEO,PEVQIS,0.8547760001404302
XOHNEO,IFABIA02,0.8527936379535513
XOHNEO,REDROI,0.8525138867582998
XOHNEO,VEGMOK04,0.8520685876732326
XOHNEO,VEGMOK01,0.8520098832019924
XOHNEO,ORIBAU,0.8482383755639128
XOHNEO,JAYXAL,0.8468987182141532
XOHNEO,USAHAZ,0.8444818853510367
XOHNEO,NETYOD,0.843478915572335
XOHNEO,VOTHIX,0.8422744151558237
XOHNEO,NUFBOH,0.8410398684005849
XOHNEO,SUGTEV,0.8409350511534046
XOHNEO,DOYHOQ,0.840483962854191
KOGYIP,CUPHUS,0.9999992327573016
KOGYIP,FUFVEJ,0.999580922484174
KOGYIP,LIRVAK,0.9995631632287378
KOGYIP,ASUKEE01,0.998745032839815
KOGYIP,FITSAD,0.998474008534784
KOGYIP,OJOQAF01,0.9941554165083272
KOGYIP,WURNOO,0.8598013015175887
KOGYIP,HAJPEQ,0.8575663018667103
KOGYIP,ICAGOK,0.857271911600568
KOGYIP,JALPAQ,0.8445227058965994
KOGYIP,XICKOL,0.8413331427000688
KOGYIP,MOXPIZ,0.8385007893473921
IDIXAU,USAHAZ,0.9998963864580545
IDIXAU,QAQSAD,0.9989801900966538
IDIXAU,MIMRAB01,0.9964225217541668
IDIXAU,FECYUJ,0.9939963848474856
IDIXAU,DIRPOL,0.918398442195108
IDIXAU,FIJCUX,0.8845064646116273
IDIXAU,VEGMOK04,0.8829989170513792
IDIXAU,MIBQAR12,0.8779922495271189
IDIXAU,HOLRAD,0.8778681475487761
IDIXAU,LAWFOF,0.8778499234237235
IDIXAU,EGIKUB01,0.858464158888344
IDIXAU,FUTZAX,0.8499995459664724
IDIXAU,UNAGOH,0.8497863995679564
IDIXAU,ACIBOE,0.8496921942721738
IDIXAU,PEJPEB,0.849579215142232
IDIXAU,FUVBAB,0.8493880705739421
IDIXAU,OFIXOR,0.8467042777996248
IDIXAU,PIWLAL,0.843811421160257
IDIXAU,PIWLIT,0.8431782173904206
IDIXAU,AWEYAE,0.8429633036508264
IDIXAU,JENKET,0.8426936401693307
IDIXAU,SOSQIC01,0.8421017731809219
IDIXAU,ODUNEH,0.8417258574427346
IDIXAU,HUTZAX01,0.8416522353245817
IDIXAU,BABRII,0.8393687265068346
WUZGEF01,WUZGEF,0.9998118376186064
WUZGEF01,JUXZIN,0.8423539064215766
WUZGEF01,FALGIK,0.841347852433777
WUZGEF01,MUXVIM,0.841303321241399
WUZGEF01,RUXWEM01,0.8411005134579517
WUZGEF01,RUXWEM03,0.8408341158074131
PIKYAM,FALGIK,0.9563081020007852
PIKYAM,RUXWEM01,0.9558492302414082
PIKYAM,VAKLIF,0.9078308753133116
PIKYAM,GOYLUB,0.9058351075589028
PIKYAM,NOLRIR,0.8856839479714597
PIKYAM,IGUTUB,0.8849579722499964
PIKYAM,ECIWIW,0.8844618730860472
PIKYAM,IGUTUB01,0.8822043543793299
PIKYAM,JIYSUI,0.8683395491197282
PIKYAM,FESYEK,0.8607490845267978
PIKYAM,JUXZOT,0.8517523861302612
PIKYAM,GOQTIR,0.851686496055523
PIKYAM,XEQRAO,0.8507953340921427
PIKYAM,MUXVIM,0.8502374917526222
PIKYAM,XOGWUN,0.8498833334678224
PIKYAM,VAYFAE,0.8486106054038565
PIKYAM,MINBEQ,0.8429404101700848
PIKYAM,GURXUN01,0.8429278496467332
PIKYAM,YICRAF,0.8412469428245706
NEHZUY,NEHZOS,0.9999994909150594
NEHZUY,QIZLOC,0.999707048021218
NEHZUY,QIZLIW,0.9995202725254236
NEHZUY,DOTSOV16,0.9971431291757228
NEHZUY,DOTSOV14,0.9971403474583512
NEHZUY,DOTSOV10,0.9971399888689952
NEHZUY,DOTSOV15,0.997139987327663
NEHZUY,DOTSOV11,0.9971369972594848
NEHZUY,DOTSOV13,0.9971366817230428
NEHZUY,EBAMUS,0.9967232477462992
NEHZUY,XAMDUM05,0.996578687658156
NEHZUY,XAMDUM02,0.9965577244408788
NEHZUY,RILFEA,0.9963441250032824
NEHZUY,UXISUR,0.9963099253423564
NEHZUY,FIQCEN,0.996293448469886
NEHZUY,YOZMIL,0.9961896930466144
NEHZUY,YOZNEI,0.9960668415790696
NEHZUY,YOZNUY,0.9899007008714994
NEHZUY,YOZNOS,0.9837374741867028
NEHZUY,LASYOU,0.9397595642650542
NEHZUY,ONIXOZ,0.9321019388775093
NEHZUY,BABREE,0.932067436146807
NEHZUY,DALSOA,0.92987025561853
NEHZUY,ORAWAH,0.9249745489805712
NEHZUY,CITXUZ,0.9196696451530312
NEHZUY,RAWYAS,0.9193877736145812
NEHZUY,IWEVAJ,0.915728369959992
NEHZUY,PIDRAY,0.907291522819888
NEHZUY,HOGLEV01,0.907038350727582
NEHZUY,EXOGAB,0.906865856147918
NEHZUY,OFOCUI,0.9018964525568076
NEHZUY,YAGHUM,0.9018718600446656
NEHZUY,MOCKEV,0.9003207293532712
NEHZUY,XIJSUH,0.9002552418653775
NEHZUY,GIKMOD,0.8973583583889645
NEHZUY,MOBDIR,0.8961277169709345
NEHZUY,PAMQIF,0.8954679076418401
NEHZUY,HUCBOX,0.8945437350459884
NEHZUY,IPUPOA,0.8871433190609659
NEHZUY,VUJBIM,0.886224237485272
NEHZUY,VIXPUP02,0.8861413724703054
NEHZUY,RUVKAV,0.8853236405702027
NEHZUY,VIXPUP01,0.8851558391392643
NEHZUY,EXAXAE,0.8850407144582559
NEHZUY,APUPEH,0.8850333645844191
NEHZUY,MUDTEL,0.8847393241857715
NEHZUY,GINTUT,0.8836856567481377
NEHZUY,ADONEP,0.882969742918837
NEHZUY,IPUPIU,0.8817154974951371
NEHZUY,PAFZEE,0.8814674539618591
NEHZUY,USEVOF,0.8805942721493867
NEHZUY,NEMCOA,0.8779597811091959
NEHZUY,CEKHUY,0.8779578613879192
NEHZUY,HIDTUM,0.8778995824707247
NEHZUY,KIRFOI,0.8692705609258864
NEHZUY,JALPAQ,0.8611239398562854
NEHZUY,XITYOP,0.8611042736893504
NEHZUY,IDUDIW,0.8610868443629491
NEHZUY,OGEBAF01,0.8610664452829894
NEHZUY,OGEBAF,0.8609997293480919
NEHZUY,LAYXAN,0.8548158194114315
NEHZUY,WARXUL,0.8534614286724823
NEHZUY,UWALEL,0.852479717666131
NEHZUY,FAMQAO,0.8495827358455623
NEHZUY,FALTUK,0.8495689108281552
NEHZUY,FAMPUH,0.8494078657045875
NEHZUY,FAMQES,0.8492647754151712
NEHZUY,NAPSUV,0.8491284655491353
NEHZUY,NAFSOF,0.840029028267385
NEHZUY,BAZGAM,0.839587648657698
NEHZUY,ICAREL,0.8387699691878902
NEHZUY,REGYOT,0.8387660381026254
NEHZUY,HUJGEA,0.838590709896331
SIDXOV,AZIHOI,0.9954202792722155
SIDXOV,FEVDER,0.9938936244803248
SIDXOV,TIDNIF,0.9689346637942544
SIDXOV,LIDSIC,0.967417167558291
SIDXOV,CANYIB,0.960019621124984
SIDXOV,XEVXUT,0.908502691271518
SIDXOV,FUMJAZ,0.9059594161505108
SIDXOV,CAXZOS,0.9030295067280788
SIDXOV,DIDBOJ,0.901692753663921
SIDXOV,DIDBEZ,0.9008208350263872
SIDXOV,ERUNUC,0.899652085089913
SIDXOV,ERUNOW,0.8967176907481911
SIDXOV,NIDFOX,0.887161740417255
SIDXOV,DIQHAO01,0.8862829222959956
SIDXOV,XALMOO,0.881744731961174
SIDXOV,YIGGEB,0.8780112135756714
SIDXOV,LASMAV,0.8766546084808646
SIDXOV,YATDOP,0.8763049396371813
SIDXOV,TATSIS01,0.8751759401784268
SIDXOV,FEYJOJ,0.8743062233188986
SIDXOV,KEJWAY,0.8741545167001278
SIDXOV,EXUXEC,0.8729178626064864
SIDXOV,BIPXIK,0.8722452813033219
SIDXOV,AHETAK,0.8720004487877938
SIDXOV,BOWDUO,0.8719300404108283
SIDXOV,BOWDOI,0.8716765301422954
SIDXOV,VEDFAN,0.8715912749354868
SIDXOV,VEDFOB,0.8713043335101831
SIDXOV,VEDGIW,0.87082480983282
SIDXOV,CIJBEE,0.870707569087307
SIDXOV,OJOBAS,0.8700998638101651
SIDXOV,CEYPUT,0.8700629721270359
SIDXOV,FISQEG,0.8689489015136308
SIDXOV,NIGPAW,0.8685373579933962
SIDXOV,ABAVUV,0.864157087636372
SIDXOV,AXINAX01,0.8597679500509164
SIDXOV,BIKMAL01,0.8589453730267507
SIDXOV,DIBQIQ,0.8573337248949765
SIDXOV,KESFOG,0.8562432719007977
SIDXOV,NIGPEA,0.8523255815136683
SIDXOV,MIHJUL,0.8493082482162818
SIDXOV,HELDOT,0.8487129461067878
SIDXOV,NOMPIQ,0.8441095973419042
FEYJOJ,KESFIA,0.99121688427763
FEYJOJ,PUNYED,0.946845969500588
FEYJOJ,ABAYOU,0.9466793457254294
FEYJOJ,XAPSIS,0.9429666584475128
FEYJOJ,CIPLIX,0.9416361330540188
FEYJOJ,FISQEG,0.9328407577201686
FEYJOJ,VASYEW,0.9322692914050138
FEYJOJ,LIDSIC,0.900890800989496
FEYJOJ,BAKJEE,0.9003993583578374
FEYJOJ,TIDNIF,0.9003237847566309
FEYJOJ,BAKJII,0.8989621343968273
FEYJOJ,AZIHOI,0.8765727136380032
FEYJOJ,FEVDER,0.8761027569370241
FEYJOJ,HUZJIW,0.8757283080401588
FEYJOJ,UFUKUB01,0.8753060536058946
FEYJOJ,UFUKUB02,0.8741603781463713
FEYJOJ,BIKMAL01,0.872665138652257
FEYJOJ,AXINAX01,0.8632467841047815
FEYJOJ,DIBQIQ,0.8620279292232912
FEYJOJ,EBIMEJ,0.8613702185961543
FEYJOJ,FUDHAP,0.8609873859439112
FEYJOJ,DIBQEM,0.8592801521213368
FEYJOJ,NIGPEA,0.859144084325075
FEYJOJ,AXINIF,0.8587883822892505
FEYJOJ,BEXVAD01,0.8587161031441387
FEYJOJ,MIHJUL,0.8572388088247894
FEYJOJ,HELDOT,0.8568514562618497
FEYJOJ,FILYEG,0.8545301779736667
FEYJOJ,XADDUD,0.8540661852252236
FEYJOJ,WIMWEW,0.8523202311240263
FEYJOJ,ABIWOX,0.8442270708267612
WEYQAU06,WEYQAU02,0.9999994059752536
WEYQAU06,WEYQAU09,0.9999890947286458
WEYQAU06,WEYQAU10,0.9999860541680348
WEYQAU06,WEYQAU01,0.9999845745255608
WEYQAU06,WEYQAU16,0.9998060668426316
WEYQAU06,PUNYIH,0.9939217848092236
WEYQAU06,ABAYIO,0.9913730362609524
WEYQAU06,UKIQIP,0.8851529717655571
WEYQAU06,SOBDOF,0.8843331338779841
WEYQAU06,GELVEZ02,0.8842149874339114
WEYQAU06,BIYTOU,0.8830775526087222
WEYQAU06,HIYZEV01,0.8827681833826944
WEYQAU06,DIJCOP,0.8720816983487107
WEYQAU06,LUSHOX04,0.8706315409156505
WEYQAU06,LUSHOX02,0.8704737387949825
WEYQAU06,INEXOQ,0.8384378181498242
ILAKAH,MAHTAR,0.9198640008902216
XAMDUM04,LUDLIH,0.9999985105580936
XAMDUM04,XAMDUM05,0.9999945692480122
XAMDUM04,RILFEA,0.9999924734709192
XAMDUM04,FIQCEN,0.9999911523564496
XAMDUM04,YOZMIL,0.99998905526876
XAMDUM04,DIHVIB,0.9999762414135024
XAMDUM04,DOTSOV13,0.9999629273902428
XAMDUM04,DOTSOV11,0.999962894033519
XAMDUM04,DOTSOV15,0.9999625785620448
XAMDUM04,DOTSOV16,0.9999622450986756
XAMDUM04,EBAMUS,0.9998938870718334
XAMDUM04,DOTSOV07,0.9997158319146277
XAMDUM04,DOTSOV02,0.9990594046803576
XAMDUM04,QIZLIW,0.9986073905255414
XAMDUM04,NEHZOS,0.9965845800903402
XAMDUM04,KAJZIH,0.9951444007820562
XAMDUM04,YOZNOS,0.992041461414516
XAMDUM04,YOZMUX,0.9883125754199156
XAMDUM04,DALSOA,0.93299875616694
XAMDUM04,BABREE,0.9321996656481872
XAMDUM04,ONIXOZ,0.92506404900939
XAMDUM04,EXOYAS,0.9197575806064652
XAMDUM04,RAWYAS,0.9190043106202752
XAMDUM04,GERWEH,0.9082100156707742
XAMDUM04,YAGHUM,0.9078080485526304
XAMDUM04,NUTQAV,0.9077093353938276
XAMDUM04,OFOCUI,0.9076812335828092
XAMDUM04,MOCKEV,0.9073439730503372
XAMDUM04,HUCBOX01,0.8972739711518453
XAMDUM04,HUCBOX,0.897107578600485
XAMDUM04,RAHBOU,0.8970130182156015
XAMDUM04,PAMQIF,0.8969213671874179
XAMDUM04,GIKMOD01,0.8932591044030999
XAMDUM04,HOYQIX,0.8871385178358195
XAMDUM04,VIXPUP01,0.887128230745697
XAMDUM04,RUVKAV,0.887076418338285
XAMDUM04,IPUPIU,0.8870468881738975
XAMDUM04,VIXPUP,0.8867135558543121
XAMDUM04,VIXPUP02,0.886661017391536
XAMDUM04,IPUPOA,0.885113111896626
XAMDUM04,PAFZEE,0.8850707357204657
XAMDUM04,XEDMEB,0.8847627286700632
XAMDUM04,EXAXAE,0.882252390179084
XAMDUM04,EXAXAE03,0.8819363361995134
XAMDUM04,EMUBIZ,0.8819018921299154
XAMDUM04,ANUGOG,0.8779419537243858
XAMDUM04,DICKEH,0.877159190933729
XAMDUM04,NEMCOA,0.8747158328543556
XAMDUM04,HIDTUM,0.8734533619167903
XAMDUM04,LAQNID,0.869139456622767
XAMDUM04,HABQUY,0.8666826876126162
XAMDUM04,IWEQAD,0.8611015481670312
XAMDUM04,NIGDIS,0.8610237996733854
XAMDUM04,OGEBAF,0.8588963424832904
XAMDUM04,OGEBAF01,0.8586933583323904
XAMDUM04,JALPAQ,0.8583069072377029
XAMDUM04,XITYOP,0.8578064632683562
XAMDUM04,IDUDIW,0.8567059097908587
XAMDUM04,FAMQAO,0.8535328161493114
XAMDUM04,FAMPUH,0.8535202385789398
XAMDUM04,NAPSUV,0.853492305437161
XAMDUM04,EDOSEY,0.853359580509065
XAMDUM04,EPISOM,0.8527356646436755
XAMDUM04,MAVRAE,0.851458500210899
XAMDUM04,LAYXAN,0.8496228878652191
XAMDUM04,WARXUL,0.8488340849279895
XAMDUM04,RUJMEQ,0.8463590973077391
XAMDUM04,UWALEL,0.8451400682404866
XAMDUM04,BAZFUF01,0.8397914701080736
XAMDUM04,REGYOT,0.8397529724381796
XAMDUM04,SEMNIJ,0.8395538722095034
XAMDUM04,HUJGEA,0.8389992367233476
QOWRAV12,QOWRAV11,0.999999999122618
QOWRAV12,QOWRAV08,0.9999999964722536
QOWRAV12,QOWRAV10,0.999999977519318
QOWRAV12,QOWRAV07,0.9999999768911528
QOWRAV12,QOWRAV,0.9999999029287368
QOWRAV12,QOWRAV04,0.999999776897085
QOWRAV12,QOWRAV02,0.9999997474362318
QOWRAV12,BAZFUF,0.9971646071116492
QOWRAV12,BAZFUF01,0.9971410158698144
QOWRAV12,KIJRUS,0.986408229984995
QOWRAV12,BAZGAM,0.9861875826814588
QOWRAV12,NAFSOF,0.97890445416714
QOWRAV12,LAYXAN,0.9529398390492874
QOWRAV12,IPUPOA,0.9336101565870092
QOWRAV12,CEFNIN,0.9114275646551332
QOWRAV12,EXOGAB,0.9075500262859412
QOWRAV12,ICAGOK,0.8768381980563174
QOWRAV12,WURNOO,0.8721702149790839
QOWRAV12,HAYXIR,0.8717682404486935
QOWRAV12,ENIHUG,0.8678216778133879
QOWRAV12,LASYOU,0.8629739375519621
QOWRAV12,LURRIA,0.8607975106721243
QOWRAV12,MUNDOQ,0.85953457454497
QOWRAV12,EDOSEY,0.8572453378171567
QOWRAV12,NAPSUV,0.8564573943577176
QOWRAV12,ASIVAB,0.8527127526804408
QOWRAV12,SIXNIZ,0.8524809174152262
QOWRAV12,SIXNEV,0.8510396305753755
QOWRAV12,EPISOM,0.8508842503402774
QOWRAV12,YOZNUY,0.8391765649163755
QOWRAV12,QAWHIH,0.8382569654437887
QOWRAV12,QAWHIH01,0.8381973998117301
EHISUJ,EYUGOV,0.9997004334524004
EHISUJ,EYUGIP,0.9787022417559842
EHISUJ,EYUGUB,0.9349327213659876
EHISUJ,YOXXUG01,0.882944064192745
KAKTIA01,VOJPUG01,0.9998254518949176
KAKTIA01,UFUNAK,0.999781566311446
KAKTIA01,AHEMEG,0.9997158617810998
KAKTIA01,IPINAY,0.9996902034005278
KAKTIA01,UFUMUD01,0.9995407529403584
KAKTIA01,UFUMUD02,0.9994641279467776
KAKTIA01,BAHGUN03,0.999360211926296
KAKTIA01,BAHGUN04,0.9993156590613442
KAKTIA01,QERZUI01,0.9990198336001858
KAKTIA01,ECODIK,0.9988072232025303
KAKTIA01,UGEPEB,0.9984190959669476
KAKTIA01,NIHDEQ,0.9983520011171476
KAKTIA01,QIWQES,0.996099021476982
KAKTIA01,KAGJOS,0.923395236827046
KAKTIA01,ICAGOK,0.92297577188854
KAKTIA01,JALPAQ,0.8789182381167979
KAKTIA01,NAPSUV,0.8690556393039524
KAKTIA01,SOZHOG,0.8660765766901732
KAKTIA01,IDUSIM,0.8656132962146824
KAKTIA01,UNACES,0.8654887769811095
KAKTIA01,UNACIW,0.8654610269086389
KAKTIA01,UNABUH01,0.8654276325880397
KAKTIA01,UNABUH,0.8654255290061412
KAKTIA01,ISISUZ,0.8654062304402796
KAKTIA01,IDUTAF,0.8653574800390027
KAKTIA01,QESBAR,0.8438601368602429
KAKTIA01,DEGSIS01,0.8436214162503362
KAKTIA01,ENITAX,0.842847899173115
YOZNEI,DIHVIB,0.9999987849558686
YOZNEI,YOZMIL,0.9999987509629206
YOZNEI,FIQCEN,0.99999582136405
YOZNEI,XAMDUM03,0.999988306733936
YOZNEI,XAMDUM02,0.999971501706406
YOZNEI,DOTSOV13,0.9999140326137356
YOZNEI,DOTSOV11,0.9999139779666056
YOZNEI,DOTSOV15,0.9999134596963192
YOZNEI,DOTSOV16,0.999912913093854
YOZNEI,YOZNUY,0.9985531327639768
YOZNEI,QIZLIW,0.998329667025776
YOZNEI,KAJZIH,0.9946351273996727
YOZNEI,YOZNOS,0.9920703570578356
YOZNEI,DALSOA,0.9329677015561372
YOZNEI,ORAWAH,0.9322775468074204
YOZNEI,BABREE,0.9319861880963128
YOZNEI,EXOYAS,0.9196228879707
YOZNEI,RAWYAS,0.9187594322272316
YOZNEI,IWEVAJ,0.9187204790604242
YOZNEI,CITXUZ,0.9182843992483016
YOZNEI,GERWEH,0.9082421332851396
YOZNEI,YAGHUM,0.9079505919113312
YOZNEI,OFOCUI,0.907759979446599
YOZNEI,HUCBOX01,0.8972017210628338
YOZNEI,RAHBOU,0.8968699784262301
YOZNEI,PAMQIF,0.8967449212748924
YOZNEI,MOBDIR,0.8957383828305427
YOZNEI,VUJBIM,0.8955011745500002
YOZNEI,MUDTEL,0.8948604433176435
YOZNEI,GIKMOD,0.8935635254876315
YOZNEI,GIKMOD01,0.8927909900977473
YOZNEI,GINTUT,0.8872908185118313
YOZNEI,IPUPIU,0.8871519917683132
YOZNEI,VIXPUP01,0.8870265391826716
YOZNEI,VIXPUP,0.8865313936995236
YOZNEI,VIXPUP02,0.8864707621198016
YOZNEI,PAFZEE,0.8850693694271059
YOZNEI,EMUBOF,0.8849643228585279
YOZNEI,IPUPOA,0.8847677617459737
YOZNEI,XEDMEB,0.8846278293623666
YOZNEI,EXAXAE,0.8818609166256564
YOZNEI,EXAXAE03,0.8815238444282696
YOZNEI,EMUBIZ,0.8814877356354166
YOZNEI,ANUGIA,0.8775896924494504
YOZNEI,DICKEH,0.8769462446445209
YOZNEI,CEKHUY,0.8737389859244327
YOZNEI,LAQNID,0.8690489005046056
YOZNEI,HABQUY,0.866421263805988
YOZNEI,KIRFOI,0.8655844645183709
YOZNEI,TOVWAE,0.8609223191477513
YOZNEI,XICKOL,0.8604965829916067
YOZNEI,OGEBAF,0.8585313359162595
YOZNEI,OGEBAF01,0.8583271214094225
YOZNEI,IDUDIW,0.8562068843957119
YOZNEI,FAMQES,0.853544797711195
YOZNEI,NAPSUV,0.8535379304533103
YOZNEI,EDOSEY,0.8534506218703732
YOZNEI,MAVRAE,0.8511150747355107
YOZNEI,LAYXAN,0.8490861743747897
YOZNEI,RUJMEQ,0.8463018115059032
YOZNEI,UWALEL,0.8444744183796113
YOZNEI,BAZFUF01,0.8399295276019602
YOZNEI,BAZFUF,0.8399221061282873
YOZNEI,SEMNIJ,0.8396259355942917
YOZNEI,REGYOT,0.8395909020933414
YOZNEI,ICAREL,0.8395880706292966
YOZNEI,HUJGEA,0.8387982474776732
UGUQOC,AZIMIH,0.9980739336541252
UGUQOC,CIZQOT,0.9958085081223677
UGUQOC,NATFAS,0.9952722827386088
UGUQOC,WOBHOL,0.8726423600483031
UGUQOC,COKNAT,0.8726392697618147
UGUQOC,WOBHEB,0.8721988865969483
UGUQOC,SAVMAE,0.8566174152128399
UGUQOC,APACAX,0.8444721222395787
HEBJEF,XACSIG,0.97550800211488
HEBJEF,UQOGAK,0.9215080382672954
HEBJEF,BEXSAA,0.8606196495940941
HEBJEF,LELGOB,0.8390838365491797
DOTSOV13,DOTSOV15,0.9999999990399016
DOTSOV13,DOTSOV10,0.9999999990390038
DOTSOV13,DOTSOV16,0.999999996345504
DOTSOV13,DOTSOV14,0.9999999883813856
DOTSOV13,DOTSOV12,0.9999999859647573
DOTSOV13,BODPAN,0.9999728786224598
DOTSOV13,XAMDUM03,0.999964878687892
DOTSOV13,LUDLIH,0.999956706300112
DOTSOV13,RILFEA,0.9999513286864504
DOTSOV13,XAMDUM01,0.9999511468139785
DOTSOV13,FIQCEN,0.9999453046694496
DOTSOV13,DIHVIB,0.9999026377498056
DOTSOV13,EBAMUS,0.9998460381549322
DOTSOV13,TISPAO,0.9995335487462566
DOTSOV13,QIZLIW,0.9989985958741544
DOTSOV13,QAWHIH01,0.99880874625285
DOTSOV13,QAWHIH,0.998762055040789
DOTSOV13,NEHZOS,0.997212299352782
DOTSOV13,KAJZIH,0.9958972533953584
DOTSOV13,QIZLOC,0.9950699691800589
DOTSOV13,YOZNOS,0.9911964497439818
DOTSOV13,BABREE,0.9324927482608424
DOTSOV13,ORAWAH,0.9316935197310944
DOTSOV13,ONIXOZ,0.926031509451151
DOTSOV13,RAWYAS,0.9193462524917162
DOTSOV13,CITXUZ,0.9189823358361764
DOTSOV13,IWEVAJ,0.9187165718522072
DOTSOV13,HOGLEV01,0.907896323697191
DOTSOV13,OFOCUI,0.9073638106798044
DOTSOV13,PIDRAY,0.901141514512265
DOTSOV13,HUCBOX01,0.8973488151752047
DOTSOV13,RAHBOU,0.8971933241914308
DOTSOV13,HUCBOX,0.8971017983718239
DOTSOV13,PAMQIF,0.8970312679861252
DOTSOV13,MOBDIR,0.8962904433640774
DOTSOV13,GIKMOD,0.8946137047379985
DOTSOV13,MUDTEL,0.8938564873864885
DOTSOV13,GINTUT,0.8872545489247545
DOTSOV13,VIXPUP01,0.8872458802693179
DOTSOV13,VIXPUP,0.8869578042699598
DOTSOV13,VIXPUP02,0.8869168503501872
DOTSOV13,IPUPIU,0.8868449115294754
DOTSOV13,WANJIF,0.8849300961952113
DOTSOV13,EXAXAE,0.8828207644494575
DOTSOV13,EXAXAE03,0.8825366348140185
DOTSOV13,EMUBIZ,0.8825063032769263
DOTSOV13,ANUGOG,0.8779622052480925
DOTSOV13,DICKEH,0.8774502556920168
DOTSOV13,NEMCOA,0.8753276058902011
DOTSOV13,KIRFOI,0.8666183280786368
DOTSOV13,HABQUY,0.8665740864923507
DOTSOV13,TEKYOA,0.8610887637692968
DOTSOV13,XICKOL,0.8608863455974642
DOTSOV13,OGEBAF01,0.8592226780244481
DOTSOV13,XITYOP,0.8583924055307544
DOTSOV13,IDUDIW,0.8574092991150176
DOTSOV13,FAMQAO,0.8534624616479589
DOTSOV13,NAPSUV,0.8533829131646576
DOTSOV13,MAVRAE,0.8519377405447874
DOTSOV13,RUJMEQ,0.8464088490304763
DOTSOV13,REGYOT,0.839964038011667
DOTSOV13,BAZFUF01,0.8395382113685774
DOTSOV13,BAZFUF,0.8395267043594719
DOTSOV13,HUJGEA,0.839260390764176
DOTSOV13,BAZGAM,0.8384699015248976
EXAXAE03,EMUBIZ,0.9999998825930227
EXAXAE03,EXAXAE,0.999991531603311
EXAXAE03,XEDMEB,0.9985190597893892
EXAXAE03,ADONEP,0.9981534439226776
EXAXAE03,WANJIF,0.997355086720148
EXAXAE03,USEVOF,0.995923098408998
EXAXAE03,MUNDOQ,0.8880441366085068
EXAXAE03,KIRFOI,0.8878144393425584
EXAXAE03,KAJZIH,0.8848894211494422
EXAXAE03,QIZLIW,0.8847240598112864
EXAXAE03,QIZLOC,0.8846717152507847
EXAXAE03,DOTSOV07,0.8828149851343556
EXAXAE03,WULJUJ,0.8826464918172634
EXAXAE03,DOTSOV02,0.8826294507219262
EXAXAE03,DOTSOV16,0.882542709542692
EXAXAE03,DOTSOV12,0.8825427091171594
EXAXAE03,DOTSOV15,0.8825397493750136
EXAXAE03,DOTSOV11,0.8825369321098112
EXAXAE03,EBAMUS,0.8821416825983599
EXAXAE03,XAMDUM05,0.88200945298031
EXAXAE03,XAMDUM02,0.8819898626351443
EXAXAE03,BODPAN,0.8819883889451433
EXAXAE03,RILFEA,0.881787019978126
EXAXAE03,FIQCEN,0.8817389193489515
EXAXAE03,YOZMIL,0.8816404870198624
EXAXAE03,DIHVIB,0.8814482276516307
EXAXAE03,TISPAO,0.8799044319646516
EXAXAE03,QAWHIH01,0.8778912504778497
EXAXAE03,QAWHIH,0.8777779223111595
EXAXAE03,YOZNUY,0.8755883699860239
EXAXAE03,YOZNOS,0.8694215635391206
EXAXAE03,YOZMUX,0.8647022491635523
EXAXAE03,IDUDIW,0.8538782055366825
EXAXAE03,QESBAR,0.8437149042374109
EXAXAE03,GERWEH,0.8391452118269742
OWIJAH,OWIHIN,0.9999999923628328
OWIJAH,OWIHUZ,0.9999999721842204
OWIJAH,OTEGOL01,0.9999999587758224
OWIJAH,HIHNUJ,0.9999998033753292
OWIJAH,OWIHOT,0.9999995645520192
OWIJAH,MUQYEE,0.999657553942377
OWIJAH,XOMHIS,0.9795201707776028
OWIJAH,CUFFEP,0.946971114341
OWIJAH,CUFFUF,0.9469633432764816
OWIJAH,CUFFIT,0.9469416741224148
OWIJAH,FEYDET,0.9467946538171076
OWIJAH,CUFDUD,0.9460712273546776
OWIJAH,PEYVEV,0.9322379518466148
OWIJAH,XINTOG,0.8751819145461415
OWIJAH,GIWMAD,0.8642869224421328
OWIJAH,CIFSES,0.86011242593408
OWIJAH,FOSTIS,0.859998988446062
OWIJAH,FOSTOY,0.8595729091337053
BEQPEU,IVELUS,0.8391530713238194
BEQPEU,DIWFAT,0.8384971388398965
FIQCEN,XAMDUM01,0.9999998255054172
FIQCEN,RILFEA,0.999999824297726
FIQCEN,YOZMIL,0.999999138942026
FIQCEN,XAMDUM03,0.999997840651335
FIQCEN,LUDLIH,0.999996900390585
FIQCEN,XAMDUM05,0.9999942312857606
FIQCEN,DIHVIB,0.9999938902236388
FIQCEN,DOTSOV11,0.9999452609276256
FIQCEN,DOTSOV15,0.9999448454230856
FIQCEN,DOTSOV10,0.9999448452096688
FIQCEN,DOTSOV12,0.9999443953843846
FIQCEN,EBAMUS,0.999827092922857
FIQCEN,TISPAO,0.999798231453504
FIQCEN,QAWHIH01,0.9992641885574832
FIQCEN,DOTSOV02,0.998869418635919
FIQCEN,YOZNUY,0.9984112897417174
FIQCEN,QIZLOC,0.993984467685603
FIQCEN,YOZMUX,0.9880163811588488
FIQCEN,LASYOU,0.9465467596474252
FIQCEN,DALSOA,0.9329892115195404
FIQCEN,EXOYAS,0.9197002112903462
FIQCEN,YAGHUM,0.9078848534645256
FIQCEN,NUTQAV,0.9077941433586528
FIQCEN,EXOGAB,0.9076817269632864
FIQCEN,HOGLEV01,0.9075643249743304
FIQCEN,MOCKEV,0.9074287191659028
FIQCEN,XIJSUH,0.9074258060330688
FIQCEN,HUCBOX01,0.8972453771627457
FIQCEN,HUCBOX,0.8970046230140473
FIQCEN,PAMQIF,0.8967964498515555
FIQCEN,MOBDIR,0.8958626096136134
FIQCEN,GIKMOD,0.8937867199947462
FIQCEN,GIKMOD01,0.8930358742204663
FIQCEN,GINTUT,0.8872977228299768
FIQCEN,HOYQIX,0.8871852529298447
FIQCEN,VIXPUP,0.8866303443021055
FIQCEN,VIXPUP02,0.886573467343975
FIQCEN,PAFZEE,0.8850763703173807
FIQCEN,USEVOF,0.8850398517775426
FIQCEN,IPUPOA,0.8849492089523644
FIQCEN,EMUBOF,0.884922929884924
FIQCEN,XEDMEB,0.8847030920315478
FIQCEN,ADONEP,0.8844593200855544
FIQCEN,ANUGOG,0.8779297825886402
FIQCEN,ANUGIA,0.8775161769287879
FIQCEN,NEMCOA,0.8745160019291494
FIQCEN,CEKHUY,0.8739718506621764
FIQCEN,LAQNID,0.8691013206692365
FIQCEN,HABQUY,0.8663913628653707
FIQCEN,KIRFOI,0.865803978200479
FIQCEN,TEKYOA,0.8609114187754008
FIQCEN,TOVWAE,0.8608641615788983
FIQCEN,OGEBAF,0.8587072335648958
FIQCEN,OGEBAF01,0.8585190751181446
FIQCEN,JALPAQ,0.858120715254193
FIQCEN,IDUDIW,0.856454670780049
FIQCEN,FAMPUH,0.8535409963486813
FIQCEN,FAMQES,0.8535320042048301
FIQCEN,NAPSUV,0.853521336519551
FIQCEN,EDOSEY,0.853411092173208
FIQCEN,EPISOM,0.852572051045966
FIQCEN,MAVRAE,0.85129027829563
FIQCEN,UWALEL,0.8448183784873388
FIQCEN,BAZFUF01,0.8398658721838443
FIQCEN,BAZFUF,0.8398576377743424
FIQCEN,REGYOT,0.8396789616552724
FIQCEN,ICAREL,0.8396766338192589
LUWZUZ,BIKMAL01,0.9138184328664704
LUWZUZ,BIKMAL,0.9137234949493722
LUWZUZ,NOMPIQ01,0.8867527537838168
LUWZUZ,CIKPEU,0.8867403529554505
LUWZUZ,NOMPIQ,0.8867251653443434
LUWZUZ,VOCKUT,0.8841574363336758
LUWZUZ,NERVEL,0.8840964281699238
LUWZUZ,FAZPIH,0.8840148209648983
LUWZUZ,NERVOV,0.883626117228035
LUWZUZ,DIDBAV,0.882955504923507
LUWZUZ,NERVIP01,0.8828742484716862
LUWZUZ,DIDBOJ,0.8827637213725029
LUWZUZ,DIDBID,0.8824252274349692
LUWZUZ,JODGIU,0.8822056795001657
LUWZUZ,BIVXAG,0.8808715603572459
LUWZUZ,ERUNUC,0.8803133521980251
LUWZUZ,MOXDOT,0.8756881971353445
LUWZUZ,DERBIO,0.8746010280282084
LUWZUZ,FEXCAO01,0.871635547647378
LUWZUZ,SEQSOY,0.8628113174469649
LUWZUZ,DIBQEM,0.8411386148300808
LUWZUZ,DIBQIQ,0.8409667942076211
LUWZUZ,BUKLOJ,0.8383962961433926
NIYZIG,XOJWOJ,0.9103746589115268
NIYZIG,PICCUC,0.9999802815953324
NIYZIG,CESQUP,0.9997565517781064
NIYZIG,JEDDII,0.9993486118336792
NIYZIG,WUMDIT,0.9753765392061082
NIYZIG,EKEKEL,0.9099884911848182
NIYZIG,REDROI,0.8971876581690018
NIYZIG,IFABIA02,0.8971600734785415
NIYZIG,VEGMOK04,0.8970602069895799
NIYZIG,PEVQIS,0.8969023263599554
NIYZIG,MIBQAR12,0.8968998741264769
NIYZIG,MIBQAR01,0.8968707332706531
NIYZIG,HOLRAD,0.8968676357079969
NIYZIG,VAZTUM,0.8968601472197958
NIYZIG,SAHYIK,0.8968468933293472
NIYZIG,FIJCUX,0.8958375866882404
NIYZIG,ORIBAU,0.8952965529838184
NIYZIG,ODUNEH,0.8849070438218862
NIYZIG,PIWLAL,0.8835703034200557
IJEXIF01,ULISOZ,0.9998165625005886
IJEXIF01,FUVBAB,0.9987298569939682
IJEXIF01,ACIBOE,0.998211110801286
IJEXIF01,KUNLEL,0.9981128769956906
IJEXIF01,UNAGOH,0.997985059132066
IJEXIF01,FUTZAX,0.9971561150070314
IJEXIF01,UFAMEW,0.9464080451030584
IJEXIF01,DUZPUL,0.9460215898032132
IJEXIF01,YOZYUJ,0.944280209219783
IJEXIF01,RUGXUO,0.9328255592403404
IJEXIF01,QUQFEO,0.9322036769983904
IJEXIF01,EXOXUL,0.91508506376259
IJEXIF01,DUNXUH,0.8965496486420935
IJEXIF01,REFVEF,0.8857225796492738
IJEXIF01,BUKMUQ01,0.883121323564004
IJEXIF01,DOYHOQ,0.877934888176481
IJEXIF01,NASROR,0.8776271009123273
IJEXIF01,REDROI,0.8748558811750324
IJEXIF01,VEGMOK01,0.874721769595892
IJEXIF01,MIBQAR12,0.8744889306760719
IJEXIF01,MIBQAR01,0.8744582034327182
IJEXIF01,LAWFOF,0.87444992347255
IJEXIF01,SAHYIK,0.8744329809608165
IJEXIF01,CUVTOD,0.8741721532276225
IJEXIF01,ORIBAU,0.8730410046757275
IJEXIF01,GEYLEE,0.8691940518406478
IJEXIF01,YOGKOW,0.8610928240251597
IJEXIF01,ADUVAZ,0.8606027339557649
IJEXIF01,UBUMAH,0.8605337806309439
IJEXIF01,LASMUP,0.8604633460354463
IJEXIF01,WEHHOI,0.8535526293577979
IJEXIF01,WEHJAW,0.8535520004299855
IJEXIF01,WEHHIC,0.8531028787927704
IJEXIF01,MUWRUT,0.8520070054106541
IJEXIF01,HEZKIH,0.8502653897825253
IJEXIF01,QAQSAD,0.849180614345132
IJEXIF01,USAHAZ,0.8474139650540418
IJEXIF01,HIQNOM,0.846380347538886
IJEXIF01,HIQNUS,0.8453426761450307
IJEXIF01,REYCUV,0.8447909848442583
IJEXIF01,NUCPIM,0.839622847357007
IJEXIF01,JAYXAL,0.839084971588178
IJEXIF01,JENKET,0.8382436142239675
IMUVAO,IMUTUG,0.9999748506903882
CITXUZ,IWEVAJ,0.9974335431877096
CITXUZ,PAFZEE,0.9690062557132646
CITXUZ,CEKHUY,0.9228896618881444
CITXUZ,QIZLIW,0.9200815167832364
CITXUZ,NEHZOS,0.9196981714179626
CITXUZ,KAJZIH,0.9191274976596896
CITXUZ,DOTSOV07,0.919067297412408
CITXUZ,DOTSOV16,0.918986340734927
CITXUZ,DOTSOV12,0.9189862727925108
CITXUZ,DOTSOV10,0.9189843904664762
CITXUZ,DOTSOV11,0.918982531913702
CITXUZ,WULJUJ,0.9187262421348724
CITXUZ,DOTSOV02,0.9187075270611292
CITXUZ,QIZLOC,0.918697796679957
CITXUZ,XAMDUM05,0.918626034535599
CITXUZ,XAMDUM02,0.9186044740402726
CITXUZ,LUDLIH,0.9185129756766306
CITXUZ,RILFEA,0.9184713095996526
CITXUZ,XAMDUM01,0.9184702491239338
CITXUZ,UXISUR,0.9184485215488096
CITXUZ,DIHVIB,0.9182311904417276
CITXUZ,QAWHIH01,0.9155105053299748
CITXUZ,LASYOU,0.8713598385641214
CITXUZ,ORAWAH,0.858983181169756
CITXUZ,GINTUT,0.8509279515982742
CITXUZ,HOGLEV01,0.842788641769616
CITXUZ,EXOGAB,0.8427123167009777
CITXUZ,PIDRAY,0.8403701232101051
CITXUZ,OFOCUI,0.8393832248077295
CITXUZ,NUTQAV,0.8391737128198458
CITXUZ,MOCKEV,0.8382545128919744
CITXUZ,XIJSUH,0.8382119560970682
IWEQAD,DOTSOV16,0.8611557505379914
IWEQAD,DOTSOV10,0.8611556739298181
IWEQAD,DOTSOV15,0.8611556738677936
IWEQAD,DOTSOV12,0.8611556594120904
IWEQAD,DOTSOV11,0.8611555993458597
IWEQAD,DOTSOV14,0.8611555922635472
IWEQAD,BODPAN,0.8611141356583325
IWEQAD,XAMDUM02,0.86109601698431
IWEQAD,RILFEA,0.8610881475905826
IWEQAD,XAMDUM01,0.8610878564963251
IWEQAD,UXISUR,0.8610833537949906
IWEQAD,YOZMIL,0.861065021369393
IWEQAD,DIHVIB,0.8610316713123087
IWEQAD,EBAMUS,0.8609854766138473
IWEQAD,DOTSOV07,0.8608981204313444
IWEQAD,WULJUJ,0.8602537068006499
IWEQAD,QIZLIW,0.8602392435587346
IWEQAD,DOTSOV02,0.8602323710352379
IWEQAD,QAWHIH01,0.8598715948298529
IWEQAD,QAWHIH,0.859823106401511
IWEQAD,NEHZOS,0.8585097279182325
IWEQAD,YOZMUX,0.8482315305706377
NABLIM,CEHKUW,0.9997169439461148
NABLIM,YEYRAY,0.9991794091299004
NABLIM,PARKUQ,0.9987233619624152
NABLIM,ODOXEK,0.9982148346330082
NABLIM,MITSAK,0.9981918875004234
NABLIM,MITSIS,0.9980849192005375
NABLIM,KUJMIN,0.9973097818435196
NABLIM,SITDAD,0.945814830516279
NABLIM,DUWBEE,0.94338021660685
NABLIM,QUQFOY,0.9327673987497038
NABLIM,NAPZOV,0.9200241296020044
NABLIM,AJIJEI,0.9182490631547796
NABLIM,AJIJEI01,0.9182193545095128
NABLIM,GERWOR,0.9082343620628746
NABLIM,MICJOA,0.9080695736018412
NABLIM,LIQFEY,0.9078521413312076
NABLIM,QEKLID01,0.8869062209952031
NABLIM,NOLRIR,0.8815570010831312
NABLIM,JUVROJ,0.8773903108169316
NABLIM,GOYLUB,0.8742785095521765
NABLIM,YIKGEF,0.8742097891942021
NABLIM,VOTHOD,0.8739955731723223
NABLIM,GIZNOT,0.8738902062552509
NABLIM,VAKLIF,0.8731567336738963
NABLIM,PENNAZ,0.8604049057236804
NABLIM,FIPKOG01,0.8603925634386587
NABLIM,DAKVIW,0.8533655911849484
NABLIM,VIDWAI,0.8525654232186619
NABLIM,DELGIN,0.8507060518045039
NABLIM,OKOSUE,0.8453904579650662
NABLIM,TEMDIB,0.8389128152094854
FONQAC,FONKEA,0.9913862298661296
FONQAC,GOQTIR,0.9313674494749976
FONQAC,JUXZOT,0.929944365245502
FONQAC,JUXZIN,0.929897982604282
FONQAC,FELXOM,0.9126403403483708
FONQAC,ULOGIL,0.8732698635165861
FONQAC,EKUNON01,0.8727056592143903
FONQAC,EKUNON,0.8726299477370894
FONQAC,EKUNON02,0.8725511191072661
FONQAC,RUXWEM03,0.8670024951916886
FONQAC,RUXWEM01,0.8666613329741625
FONQAC,YICRAF,0.8614464814219376
FONQAC,XEFGUN01,0.851888950872177
FONQAC,IRELIC,0.8463814803490564
FONQAC,VAKLIF,0.845752791876184
EFUFEQ,HOQKII,0.8947067400303776
EFUFEQ,FIJDEI,0.8528660353960055
EFUFEQ,WEBLAQ,0.8438085698385563
EFUFEQ,KEJBOQ,0.8427833997506499
EFUFEQ,AVAQIX,0.8419841147431957
EFUFEQ,ROCZEQ,0.8418731776309023
HIZQEN,HIZQEN01,0.999994558883084
HIZQEN,GOYLUB,0.9999978820593094
ZAZBUZ,AZAVUU,0.9161986160812304
QIZLIW,ABEMIF,0.99990405250713
QIZLIW,DOTSOV16,0.9990024144000096
QIZLIW,DOTSOV10,0.9990005549088998
QIZLIW,KAJZIH,0.998945411728339
QIZLIW,DOTSOV02,0.9987119659941864
QIZLIW,XAMDUM05,0.9986577660158736
QIZLIW,BODPAN,0.9986437418692974
QIZLIW,XAMDUM02,0.998639023180798
QIZLIW,LUDLIH,0.99854997535844
QIZLIW,RILFEA,0.9985090423732764
QIZLIW,UXISUR,0.9984871254435378
QIZLIW,DIHVIB,0.9982778148182312
QIZLIW,QAWHIH,0.995543775292558
QIZLIW,YOZNUY,0.9937957388013416
QIZLIW,LASYOU,0.9430427035996614
QIZLIW,ONIXOZ,0.9303038145913708
QIZLIW,ORAWAH,0.9284040278534303
QIZLIW,RAWYAS,0.920063859436216
QIZLIW,EXOYAS,0.9197041759063193
QIZLIW,IWEVAJ,0.91764612157037
QIZLIW,HOGLEV01,0.908082075582757
QIZLIW,EXOGAB,0.908013920595651
QIZLIW,GERWEH,0.9063706199498044
QIZLIW,PIDRAY,0.905460613950592
QIZLIW,YAGHUM,0.9048782383874834
QIZLIW,OFOCUI,0.9048210746529072
QIZLIW,NUTQAV,0.9046131794801572
QIZLIW,MOCKEV,0.9037182833012156
QIZLIW,GIKMOD,0.8969272349976614
QIZLIW,MOBDIR,0.8968872689330227
QIZLIW,PAMQIF,0.8968023445963039
QIZLIW,GIKMOD01,0.8966416413857349
QIZLIW,HUCBOX01,0.8965558198390989
QIZLIW,HUCBOX,0.8962842825989429
QIZLIW,VUJBIM,0.8903344102871357
QIZLIW,MUDTEL,0.8891400313675476
QIZLIW,IPUPOA,0.8872089399173195
QIZLIW,VIXPUP,0.8871240966461429
QIZLIW,RUVKAV,0.886789491700509
QIZLIW,VIXPUP01,0.8867025212682931
QIZLIW,GINTUT,0.8858349924140413
QIZLIW,HOYQIX,0.8848337337497775
QIZLIW,IPUPIU,0.884499619192862
QIZLIW,ADONEP,0.8843624285747635
QIZLIW,WANJIF,0.8839556292205063
QIZLIW,USEVOF,0.8830414308132426
QIZLIW,EMUBOF,0.8824330251564395
QIZLIW,NEMCOA,0.8775748655505494
QIZLIW,HIDTUM,0.87706735652397
QIZLIW,LAQNID,0.8686043831741003
QIZLIW,OGEBAF,0.8610310124593779
QIZLIW,OGEBAF01,0.8610047920693165
QIZLIW,JALPAQ,0.8608978857198786
QIZLIW,TEKYOA,0.8606120007396683
QIZLIW,TOVWAE,0.8580078944955032
QIZLIW,MAVRAE,0.8534783882730519
QIZLIW,EPISOM,0.8531496756981026
QIZLIW,FAMQAO,0.8518586166039092
QIZLIW,FALTUK,0.8518495635937132
QIZLIW,FAMQES,0.8516482362284539
QIZLIW,NAPSUV,0.8515568049460325
QIZLIW,EDOSEY,0.8509588536048266
QIZLIW,UWALEL,0.8505689231684048
QIZLIW,ICAREL,0.8399503215335442
QIZLIW,REGYOT,0.8399486798948613
QIZLIW,HUJGEA,0.8395578176231244
QIZLIW,NAFSOF,0.8389658355679048
QIZLIW,HOYKUD,0.8385653113065721
LAGWIB,VAKREG,0.9999612940998648
AVUCEA,XAVQIU,0.9997429524938386
UPIZOJ,CEDYER01,0.9759938029337112
QETSOY,QETSOY01,0.999996772482702
QETSOY,VOYWUB,0.8629125834940855
PEJPEB,FUVBAB,0.999983990785476
PEJPEB,FUTZAX,0.9998101360207382
PEJPEB,REGREC,0.9996332598874584
PEJPEB,UFAMEW,0.9426049722146248
PEJPEB,DUZPUL,0.9417369585893122
PEJPEB,MOHLIF,0.9040557904812156
PEJPEB,KEFBOO,0.8994905802052586
PEJPEB,DUNXUH15,0.8972372017187589
PEJPEB,DUNXUH,0.897226471716853
PEJPEB,EGIKUB01,0.8943207555752547
PEJPEB,BUKMUQ01,0.8850553881012113
PEJPEB,APACAX,0.8774649242824963
PEJPEB,FIJCUX,0.8749969693629367
PEJPEB,ORIBAU,0.8749780368016178
PEJPEB,NASROR,0.8746111683023415
PEJPEB,REDROI,0.8742235369831158
PEJPEB,IFABIA02,0.8738457765025096
PEJPEB,CUVTOD,0.8731942110736267
PEJPEB,PEVQIS,0.8711465214333163
PEJPEB,SAHYIK,0.8709892420061174
PEJPEB,VOTHIX,0.8705893672277202
PEJPEB,UKOLUD,0.8692399162146981
PEJPEB,GEYLEE,0.8683336266748787
PEJPEB,SOWCOY01,0.8611158292715084
PEJPEB,UBUMAH,0.8609437790810655
PEJPEB,ADUVAZ,0.8572066507518831
PEJPEB,MUWRUT,0.8535533234621412
PEJPEB,WEHHIC,0.8532158369345566
PEJPEB,WEHJAW,0.852078358164166
PEJPEB,WEHHOI,0.8520486086317244
PEJPEB,QAQSAD,0.8499739221778106
PEJPEB,MIMRAB01,0.8485968952737775
PEJPEB,FECYUJ,0.846872056255749
PEJPEB,HIQNUS,0.8462521651395823
PEJPEB,HIQNOM,0.8443833257921638
PEJPEB,REYCEF,0.8442845338489383
PEJPEB,JENKET,0.8401844692366849
PEJPEB,NENHEU,0.8400363867101672
VIXPUP02,VIXPUP,0.9999988258523624
VIXPUP02,OFOCUI,0.8930658817857415
VIXPUP02,MOCKEV,0.8922293828433037
VIXPUP02,PIDRAY,0.8910756252991769
VIXPUP02,MAVRAE,0.8875414264304867
VIXPUP02,FAMQAO,0.8871255807158502
VIXPUP02,FAMPUH,0.8870436503817666
VIXPUP02,DOTSOV16,0.8869192072502633
VIXPUP02,DOTSOV10,0.886918059871338
VIXPUP02,DOTSOV15,0.886918059312189
VIXPUP02,DOTSOV11,0.8869169657999476
VIXPUP02,XAMDUM05,0.8866967755995612
VIXPUP02,BODPAN,0.8866872944673337
VIXPUP02,XAMDUM02,0.8866783673905467
VIXPUP02,EBAMUS,0.886669237520503
VIXPUP02,LUDLIH,0.8866231789385782
VIXPUP02,RILFEA,0.886595846568929
VIXPUP02,XAMDUM01,0.886595184945236
VIXPUP02,UXISUR,0.8865807653475104
VIXPUP02,DIHVIB,0.8864343758341956
VIXPUP02,NEHZOS,0.8861893333578928
VIXPUP02,TISPAO,0.8856081951847692
VIXPUP02,KAJZIH,0.8853112030990312
VIXPUP02,QIZLOC,0.8847187513659422
VIXPUP02,QAWHIH,0.8843086022683099
VIXPUP02,YOZNUY,0.8828480853631462
VIXPUP02,YOZNOS,0.8764196927145629
VIXPUP02,IDUSIM,0.8572721776119221
VIXPUP02,IDUSIM01,0.8571754353396224
VIXPUP02,UNACES,0.8571146062019805
VIXPUP02,UNACIW,0.8570564633382212
VIXPUP02,IDUSIM02,0.8570383361225048
VIXPUP02,UNABUH,0.8570069893571857
VIXPUP02,ISISUZ,0.8569988383992354
VIXPUP02,IDUTAF,0.856903531183447
VIXPUP02,IDUTEJ,0.8568366527394038
VIXPUP02,TOVWAE,0.8477505649968248
VIXPUP02,LASYOU,0.8436502552190135
HUCBOX01,HUCBOX,0.9997446964058948
HUCBOX01,PAMQIF,0.9997363437531844
HUCBOX01,GIKMOD,0.9975878325441652
HUCBOX01,GIKMOD01,0.9969637020922408
HUCBOX01,DOTSOV16,0.8973492100502894
HUCBOX01,DOTSOV12,0.8973491648423305
HUCBOX01,DOTSOV10,0.8973490185913431
HUCBOX01,DOTSOV15,0.8973490184869437
HUCBOX01,DOTSOV14,0.8973489971861899
HUCBOX01,DOTSOV11,0.89734883467065
HUCBOX01,BODPAN,0.8972873483690498
HUCBOX01,XAMDUM03,0.8972746286073731
HUCBOX01,XAMDUM02,0.8972715443132044
HUCBOX01,RILFEA,0.8972541635112922
HUCBOX01,XAMDUM01,0.8972538669358625
HUCBOX01,UXISUR,0.8972482658114935
HUCBOX01,DIHVIB,0.8971864211145966
HUCBOX01,DOTSOV07,0.8971189110497909
HUCBOX01,DOTSOV02,0.8964776584149763
HUCBOX01,NEHZOS,0.8949083366513236
HUCBOX01,YOZNUY,0.8948065452041005
HUCBOX01,KAJZIH,0.8936667951612104
HUCBOX01,YOZNOS,0.8882286161888089
HUCBOX01,YOZMUX,0.8842650791605887
HUCBOX01,LASYOU,0.8540825582752931
HUCBOX01,DALSOA,0.8440892218684064
HUCBOX01,ORAWAH,0.8425544590244094
WINCEC,IGAHED,0.9946067972107232
WINCEC,IGAHED02,0.9944854867635772
WINCEC,OCACUR,0.9928376994291988
WINCEC,UGECEO,0.9915430794642102
WINCEC,IGAHED03,0.99027621664544
WINCEC,KUHNEI,0.9875675776569264
WINCEC,VULFOZ,0.8723660554574066
WINCEC,HABZEQ,0.8610197943988929
WINCEC,XUZRIU,0.8581184747403103
WINCEC,XEVSIB01,0.8533212772103891
WINCEC,WOCGUR,0.8413792643441501
EMIYUW,GERBEN,0.9999307863420608
EMIYUW,HERHAQ,0.9997474527242096
EMIYUW,GAYXEM,0.9997472241536924
EMIYUW,ERARUM,0.9549327363907834
EMIYUW,WIZMAV06,0.9548728491285052
EMIYUW,WIZMAV04,0.9548662905781146
EMIYUW,WIZMAV07,0.9548570794985056
EMIYUW,HICNOZ,0.9159933675825296
EMIYUW,BUNKUS,0.9143433856567952
EMIYUW,UFOSEQ,0.9051012533616326
EMIYUW,DITJOH,0.8836527883662494
EMIYUW,VIKSEQ,0.8820072206038658
EMIYUW,VIKRIT,0.8803452328327414
EMIYUW,UNEJEE,0.8600303181458973
EMIYUW,XIJVIY,0.8526008488886078
NUDNUW01,AMOMUM,0.9997045549369058
NUDNUW01,NUDNUW06,0.9999984994576936
NUDNUW01,IZIDOM,0.999947096909814
NUDNUW01,NUDNUW09,0.9999181512658728
NUDNUW01,NUDPAE09,0.9998189531988576
NUDNUW01,NUDPAE01,0.999514348045679
NUDNUW01,VICBEQ,0.9994823245971676
NUDNUW01,NIKYUC,0.9972828711462636
NUDNUW01,NIHBAI01,0.9966695128692112
NUDNUW01,NIKYOW01,0.9965853160729402
NUDNUW01,NIHBAI02,0.9965165291911988
NUDNUW01,IZAJUQ,0.995651787465278
NUDNUW01,CAJHUS,0.9954290799540392
CUVTOD,REGREC,0.8740584816221764
CUVTOD,VEHJUP,0.8740515003506478
CUVTOD,ACIBOE,0.8730123163252468
CUVTOD,FUTZAX,0.8721207663801841
CUVTOD,KUNLEL,0.8716404428281189
CUVTOD,RUPVAB,0.8661671176280658
CUVTOD,EXOXUL,0.8654805962635215
KAVROQ,SIWYOO,0.999994208694039
KAVROQ,SIWQIA02,0.9999888524218136
KAVROQ,TAYZUQ,0.999980358285142
KAVROQ,YUKVUW04,0.9998816558023892
KAVROQ,DAXNIA,0.9997140333645754
KAVROQ,SANMEB,0.9996613220863342
KAVROQ,YANXIX04,0.9996079017513644
KAVROQ,AMOBEL02,0.9992396546212056
KAVROQ,ELUQIM01,0.9958280944634424
KAVROQ,ELUQIM13,0.9957748243066344
KAVROQ,VERZUP,0.9955282199567485
WEYQAU09,WEYQAU10,0.99999979542956
WEYQAU09,WEYQAU02,0.9999846485787732
WEYQAU09,WEYQEY,0.9992882824665396
WEYQAU09,PUNYIH,0.993403287667538
WEYQAU09,OFODET,0.9038829646830732
WEYQAU09,UKIQIP,0.8848370742342544
WEYQAU09,SOBDOF,0.8845011970298118
WEYQAU09,BIYTOU,0.882774413633848
WEYQAU09,HIYZEV01,0.8819890087056765
WEYQAU09,MAHTAR,0.8706870378419419
WEYQAU09,LUSHOX04,0.8701888123640785
WEYQAU09,LUSHOX02,0.8700231252684977
WEYQAU09,GOVWOF,0.8571707804704514
WEYQAU09,UVETUL,0.8566806405873949
PUNYIH,MEFZUU,0.8108940768975459
PUNYIH,ABAYIO,0.9997741530311745
PUNYIH,FUTCAZ,0.9995162022539336
PUNYIH,WEYQAU16,0.9958863911518118
PUNYIH,WEYQAU01,0.9945151619883528
PUNYIH,WEYQAU02,0.9940205423323518
PUNYIH,HIYZEV01,0.8952126981347202
PUNYIH,UKIQIP,0.8862602438409816
PUNYIH,BIYTOU,0.8839637990740644
PUNYIH,GELVEZ02,0.8827037061907266
PUNYIH,LUSHOX02,0.8748827024057769
PUNYIH,LUSHOX04,0.8748566200572626
PUNYIH,MAHTAR,0.874755387507447
PUNYIH,DIJCOP,0.8732184931278584
PUNYIH,UVETUL,0.8609503697231478
PUNYIH,GOVWOF,0.8608273101594794
PUNYIH,WACLEU,0.8459226564380142
INEXOQ,WACLEU,0.9310231891238236
INEXOQ,UKIQIP,0.8726195227469677
INEXOQ,FUTCAZ,0.8392477318063953
INEXOQ,WEYQAU16,0.8392254999256208
INEXOQ,WEYQAU01,0.8386989984662979
INEXOQ,WEYQAU02,0.8384817926240398
LETDIY,QALHES,0.9976582997614352
YINPEQ,VAKLIF,0.999898909014133
PARKUQ,PUNDUY,0.9999361739933674
PARKUQ,ODOXEK,0.9999573456516504
PARKUQ,YEYRAY,0.999948437326195
PARKUQ,MITSIS,0.9999352616646408
PARKUQ,FUMJAA,0.9998494201621696
PARKUQ,KUJMIN,0.999738163448062
PARKUQ,CEHKUW,0.9996343060462868
PARKUQ,DUWBEE,0.9465228967155832
PARKUQ,QUQFOY,0.9326029805235037
PARKUQ,AJIJEI,0.9200333031426536
PARKUQ,AJIJEI01,0.9200282842174262
PARKUQ,NAPZOV,0.9181959387401716
PARKUQ,LIQFEY,0.9079920739230004
PARKUQ,VIDVUB,0.9077521097248946
PARKUQ,GERWOR,0.9068349807474844
PARKUQ,FIJDEI,0.896814513984365
PARKUQ,QEKLID01,0.8870390371893953
PARKUQ,VAKLIF,0.8749477319862342
PARKUQ,GIZNOT,0.8739197865108488
PARKUQ,VOTHOD,0.8730798991069673
PARKUQ,GOYLUB,0.8711209023708734
PARKUQ,PENNAZ,0.8610871698112664
PARKUQ,VIDWAI,0.8535348710661774
PARKUQ,LUWKIZ,0.8487661044946807
PARKUQ,OKOSUE,0.8463953032930164
PARKUQ,TEMDIB,0.839616203007009
PARKUQ,NENHAQ,0.8395915688882756
LIXMIQ,ELIKUG,0.972836928303802
LIXMIQ,TEPJEF,0.9415089030114194
LIXMIQ,YENZAV,0.9177111589225334
LIXMIQ,ADEGIA01,0.8610793768848596
LIXMIQ,ADEGIA,0.8606976031504934
MIMRAB01,QAQSAD,0.9991608085970392
MIMRAB01,USAHAZ,0.9975131299109724
MIMRAB01,EZINAE,0.91176775180896
MIMRAB01,IFABIA02,0.8850564800640838
MIMRAB01,VEGMOK04,0.8847667030162235
MIMRAB01,VEGMOK01,0.8847522836526958
MIMRAB01,PEVQIS,0.8842947793265822
MIMRAB01,MIBQAR12,0.8842845714923323
MIMRAB01,MIBQAR01,0.8842514877941974
MIMRAB01,LAWFOF,0.8842404113468824
MIMRAB01,ORIBAU,0.8832406841307663
MIMRAB01,NENHEU,0.8689971583900826
MIMRAB01,EGIKUB01,0.8635495721683174
MIMRAB01,AQOROP,0.8585467483410197
MIMRAB01,SOSQIC01,0.8505816440637362
MIMRAB01,OFIXOR,0.8499211059589127
MIMRAB01,VEHJUP,0.849854979329784
MIMRAB01,FUVBAB,0.8488838203287241
MIMRAB01,ACIBOE,0.8483905027208591
MIMRAB01,UNAGOH,0.8481819684031378
MIMRAB01,FUTZAX,0.8474129039707934
MIMRAB01,ODUNEH,0.8442391293043261
MIMRAB01,PIWLIT,0.8437409179924938
MIMRAB01,PIWLAL,0.8431324102381895
MIMRAB01,BABRII,0.8428588490734
MIMRAB01,WUHNUK,0.8426802443908508
MIMRAB01,RUPVAB,0.8426458829284986
MIMRAB01,HUTZAX01,0.8423715543854096
MIMRAB01,AWEYAE,0.8400652133445531
MIMRAB01,MACHIJ,0.8391533339707371
QOWRAV,QOWRAV10,0.9999999738766776
QOWRAV,QOWRAV09,0.9999999433361492
QOWRAV,QOWRAV11,0.9999999205085974
QOWRAV,QOWRAV07,0.9999997850954798
QOWRAV,QOWRAV02,0.99999933720961
QOWRAV,BAZFUF,0.9971975973501016
QOWRAV,ICAREL,0.991083539247024
QOWRAV,KIJRUS,0.9864735056509916
QOWRAV,BAZGAM,0.9862587585381196
QOWRAV,NAFSOF,0.9789929400732827
QOWRAV,LAYXAN,0.9530289371763748
QOWRAV,HOYQIX,0.9442722370692774
QOWRAV,IPUPOA,0.9336837037689408
QOWRAV,YUSWEP,0.9311308077844828
QOWRAV,CEFNIN,0.9114603729432428
QOWRAV,FISGOF,0.9012932670863636
QOWRAV,LAQNID,0.8948521644743481
QOWRAV,AZAVUU,0.8887519009520022
QOWRAV,ICAGOK,0.8768964264246006
QOWRAV,KAGJOS,0.8724996283959214
QOWRAV,HAYXIR,0.8718134960520106
QOWRAV,ENIHUG,0.8678492430949556
QOWRAV,LASYOU,0.8630027254646282
QOWRAV,LURRIA,0.860844465953118
QOWRAV,EDOSEY,0.8572824874703384
QOWRAV,ONIXOZ,0.8569700740995524
QOWRAV,SIXNIZ,0.8525373294509595
QOWRAV,SIXNEV,0.8511006291145126
QOWRAV,RUJMEQ,0.8471458672828303
QOWRAV,YIMQOD,0.8460134785407656
QOWRAV,YOZNUY,0.839196449268487
QOWRAV,QAWHIH01,0.8382251803225652
IXISOZ02,NOFHOG,0.9081843204638478
IXISOZ02,YIXFOC03,0.9976111935419684
GOXGAD,FOKWUZ,0.8804129747753475
GIZNOT,GIYTOY,0.9999997542638714
GIZNOT,YEYRAY,0.8741199487918562
GIZNOT,ODOXEK,0.8736493008973896
GIZNOT,MITSAK,0.8736357297317949
GIZNOT,MITSUE,0.8736308119120896
GIZNOT,MITSIS,0.8735737261168861
GIZNOT,FODGUB,0.8501866948723368
IZEBEV,VIDWAI,0.9309527001734104
IZEBEV,DAKVIW,0.8508421572764818
IZEBEV,TULLIX,0.8410718401761147
APAZOI,LUWMEX,0.9999659672850774
APAZOI,APAYUN,0.9991680299184348
APAZOI,WOJYEB,0.9989710418940912
APAZOI,APAZIC,0.9988891018503384
APAZOI,YUMFUJ,0.9972649543502796
APAZOI,FECXAO,0.9479226665662348
APAZOI,RUWWOW01,0.8494492113811923
APAZOI,RUWXEN,0.8494448350071822
APAZOI,JIYPEP,0.8494133789928184
IDUSIM02,UNABUH01,0.999999989276059
IDUSIM02,ISISUZ,0.9999998196411736
IDUSIM02,UNACIW,0.999999642956579
IDUSIM02,UNABUH,0.9999995756237872
IDUSIM02,IDUTIN,0.9999970761399272
IDUSIM02,IDUTEJ,0.9999954412795276
IDUSIM02,IDUSIM01,0.9999954411022338
IDUSIM02,SOZHOG,0.9998653568321484
IDUSIM02,FAMQAO,0.8800805502424927
IDUSIM02,FALTUK,0.8800640400137973
IDUSIM02,FAMPUH,0.8798721650946322
IDUSIM02,FAMQES,0.8797022499550355
IDUSIM02,QERZUI01,0.8666613219164404
IDUSIM02,NIHDEQ,0.8666476258161603
IDUSIM02,UGEPEB01,0.8666369217455957
IDUSIM02,BAHGUN03,0.8665726742449187
IDUSIM02,HAWZEM,0.8665319769259086
IDUSIM02,UGEPEB,0.8665229351650766
IDUSIM02,UFUMUD02,0.8665155882939368
IDUSIM02,UFUMUD,0.866492515995742
IDUSIM02,UFUMUD01,0.8664595284313352
IDUSIM02,UFUNAK,0.8660739059669458
IDUSIM02,POFDEV,0.8652457470799556
IDUSIM02,AHEMEG,0.8647116361981837
IDUSIM02,VOJPUG01,0.8645920683227337
IDUSIM02,POFFEX,0.861792320327656
IDUSIM02,QIWQES,0.8577689205573178
IDUSIM02,XICKOL,0.8522045245931286
IDUSIM02,NAPSUV,0.8409649257072822
IDUSIM02,EDOSEY,0.8399444052350349
RUBZIY02,RUBZIY01,0.9999991808272494
RUBZIY02,YAPQUC,0.9990939461872396
RUBZIY02,XILBAW,0.999054442816158
RUBZIY02,LIPZES,0.9966013442027616
RUBZIY02,LONHON,0.9949946389818336
RUBZIY02,VIXKOE,0.9053802479301686
RUBZIY02,SAQCIZ,0.8961857896049087
RUBZIY02,YUNBOZ,0.8847182552796576
RUBZIY02,TUTQOP,0.8846976578064302
RUBZIY02,INICPB01,0.8842504108702783
RUBZIY02,POCMEA04,0.8837416937165621
RUBZIY02,CERPOF,0.8715856057990276
RUBZIY02,HIFHIP,0.8604744986001729
RUBZIY02,WENRIR,0.8594189534744112
RUBZIY02,SOSQOI,0.8542455062502203
RUBZIY02,FAHQUD,0.8507570758552068
YUKTUU04,YUKTUU02,0.9999999641813808
SAHYIK,PEKGAO,0.9998977158529722
SAHYIK,VAZTUM,0.9999998212845784
SAHYIK,LAWFOF,0.999999704410661
SAHYIK,HOLRAD,0.9999996151964002
SAHYIK,MIBQAR01,0.999999602593529
SAHYIK,PEVQIS,0.9999984069453856
SAHYIK,IFABIA02,0.9989010041113882
SAHYIK,VEGMOK04,0.9984051322180516
SAHYIK,VEGMOK01,0.9983618703132924
SAHYIK,ORIBAU,0.9953764856015356
SAHYIK,PIWLAL,0.9435223219176192
SAHYIK,WUHNUK,0.9080498218378756
SAHYIK,BABRII,0.907610227951134
SAHYIK,BOLPAU,0.906742087074598
SAHYIK,ODODIW,0.9065637712598928
SAHYIK,YOCGAZ,0.9064571296334832
SAHYIK,VIKBUP,0.9059867429758875
SAHYIK,DAWCIP,0.9049784209897948
SAHYIK,JENKET,0.9036183398248752
SAHYIK,AWEYAE,0.9019145225527088
SAHYIK,CESQUP,0.8973097987508094
SAHYIK,PICCUC,0.8970278218844564
SAHYIK,GOSDUP,0.8953636152730351
SAHYIK,QEDZEG,0.8909278295045187
SAHYIK,EKEKEL,0.8872916759933027
SAHYIK,UKOLOV,0.8851447237810128
SAHYIK,FECYUJ,0.8845488797163169
SAHYIK,NIKHAS,0.8839857273039926
SAHYIK,NAWXER,0.8816996461355299
SAHYIK,USAHAZ,0.879414289279139
SAHYIK,DUPKAC,0.877925930924233
SAHYIK,WUMDIT,0.8765655693181146
SAHYIK,XOQXIL,0.8757929146298286
SAHYIK,XAFFER,0.8747347718113295
SAHYIK,KUNLEL,0.8746138243774447
SAHYIK,ZARLIP,0.8737188353581417
SAHYIK,ULISOZ,0.8736058533848703
SAHYIK,REGREC,0.8730432238945034
SAHYIK,VAGMEX,0.8729833186304409
SAHYIK,RUPVAB,0.8715542455424874
SAHYIK,FUVBAB,0.8714729605143561
SAHYIK,ZARLEL,0.8703524484087364
SAHYIK,UNAGOH,0.8702910034861839
SAHYIK,FUTZAX,0.8690657201934793
SAHYIK,NENHEU,0.8684037128861988
SAHYIK,KAHMOW,0.8624910265504755
SAHYIK,XEGXIT,0.8624761135020449
SAHYIK,XEGWAK,0.8624640909075527
SAHYIK,YICQOS,0.8611492838174808
SAHYIK,HAZYUE,0.8609145842668033
SAHYIK,ZAQXEX,0.8592736894210735
SAHYIK,UBUMAH,0.8587804985747531
SAHYIK,SOSQIC01,0.8547214204028958
SAHYIK,WOJZOK01,0.8531284345441552
SAHYIK,GAWMOJ,0.851778895957318
SAHYIK,CIQHOC,0.8502451958176045
SAHYIK,PURJES,0.849373525842373
SAHYIK,NISCOJ,0.8456561478410963
SAHYIK,IGINIX,0.8440472267586063
WAQFAX,IYUHUG,0.9999986486256294
WAQFAX,GALJAG,0.9996488195401028
WAQFAX,FAHQEM,0.9982868547067032
WAQFAX,FAHQIQ,0.9922178187315392
WAQFAX,GIWMAD,0.9563152578336642
WAQFAX,NEDLOZ,0.955252820638652
WAQFAX,CIFSIW,0.9544967945324132
WAQFAX,FOSTOY,0.9532597246698004
WAQFAX,MAYJOM,0.9470592020818182
WAQFAX,VACFOV01,0.9469230366187724
WAQFAX,VIFPUY02,0.9468600790209848
WAQFAX,VIFPUY03,0.9468552263817618
WAQFAX,LOQLEJ,0.9468548750040824
WAQFAX,VIFPUY04,0.946851330134704
WAQFAX,VIFPUY01,0.9468510031830836
MAYJOM,VACFOV01,0.9999786438925976
MAYJOM,VIFPUY02,0.9999593163649988
MAYJOM,VIFPUY05,0.9999588381203324
MAYJOM,VIFPUY,0.9999578699622068
MAYJOM,VIFPUY03,0.9999576587760048
MAYJOM,LOQLEJ,0.9999574737642454
MAYJOM,VIFPUY04,0.9999562158184292
MAYJOM,GALJAG,0.947173705113644
MAYJOM,IFIPEV,0.947079725047805
MAYJOM,FIFGEI,0.9469768003446816
MAYJOM,FAHQEM,0.944320505815487
MAYJOM,FAHQIQ,0.937107033027054
MAYJOM,GIWMAD,0.9077013942237014
MAYJOM,NEDLOZ,0.9060585280246212
MAYJOM,CIFSIW,0.9050645171894038
MAYJOM,CIFSAO,0.9041792242561464
MAYJOM,FOSTIS,0.9039160819767156
MAYJOM,FOSTOY,0.9035243482614852
MAYJOM,TIRFOQ,0.8806051418857803
MAYJOM,YAMXOC,0.8749071921706407
MAYJOM,CUFFOZ,0.874906592663053
MAYJOM,FEYDET,0.8747881748684959
MAYJOM,CUFDUD,0.874225171130498
MAYJOM,PEYVEV,0.8614183128050827
NEHGIS,DAWCIP,0.9998995216195068
NEHGIS,FIJCUX,0.908246853019308
NEHGIS,VEGMOK01,0.9078473949613708
NEHGIS,VEGMOK04,0.9078255322427063
NEHGIS,REDROI,0.9076237818919756
NEHGIS,IFABIA02,0.9072684309705524
NEHGIS,PEVQIS,0.9047446294940192
NEHGIS,MIBQAR12,0.9047379842793388
NEHGIS,MIBQAR01,0.9046584494574896
NEHGIS,HOLRAD,0.904650150654812
NEHGIS,LAWFOF,0.90463722464714
NEHGIS,VAZTUM,0.9046299313651536
NEHGIS,YOCGAZ,0.8607809155723471
ACIBOE,FUVBAB,0.9999550731386008
ACIBOE,REGREC,0.9995218440688876
ACIBOE,ULISOZ,0.9991723035014536
ACIBOE,VEHJUP,0.9976855463496654
ACIBOE,KUNLEL,0.9926781524867307
ACIBOE,RUPVAB,0.9845620058969564
ACIBOE,YOZYUJ,0.947072149414918
ACIBOE,UFAMEW,0.942230445563644
ACIBOE,JOVYAW,0.9081779017488952
ACIBOE,MOHLIF,0.9036980941480344
ACIBOE,HOGJIX,0.8972919802571565
ACIBOE,DUNXUH15,0.897169694997938
ACIBOE,DUNXUH,0.8971577747006452
ACIBOE,EGIKUB01,0.8940375317650084
ACIBOE,BOWJAA,0.8861672375712923
ACIBOE,APACAX,0.8773361345213986
ACIBOE,VEGMOK01,0.8743429432056785
ACIBOE,NASROR,0.8742902076949958
ACIBOE,REDROI,0.8740651461961728
ACIBOE,MIBQAR12,0.8707958054141748
ACIBOE,MIBQAR01,0.8707088821211044
ACIBOE,LAWFOF,0.8706856803411973
ACIBOE,VAZTUM,0.8706777376166362
ACIBOE,VOTHIX,0.8702555037011328
ACIBOE,GEYLEE,0.8681597203592031
ACIBOE,SOWCOY01,0.8610733357439204
ACIBOE,UBUMAH,0.8608569496428783
ACIBOE,YOGKOW,0.8586268395639776
ACIBOE,ADUVAZ,0.8568595493102877
ACIBOE,MUWRUT,0.8535445308587882
ACIBOE,WEHJAW,0.8518625850032725
ACIBOE,USAHAZ,0.8499842189142005
ACIBOE,QAQSAD,0.8499133490154263
ACIBOE,FECYUJ,0.8465787109378369
ACIBOE,HIQNUS,0.8461990031130722
ACIBOE,EZINAE,0.8460400834890351
ACIBOE,CIJLIT,0.845608332904132
ACIBOE,HEZKIH,0.8442469939116831
ACIBOE,JENKET,0.8402028070817062
ACIBOE,NENHEU,0.8400998840489301
ACIBOE,REYCUV,0.8396215038682702
ACIBOE,JAYXAL,0.8393633779679909
ACIBOE,BABRII,0.838538451663767
UDUMIP,UDUMIP03,0.9999974818276888
FERLEU,JEXLIK,0.8739120869277537
FERLEU,TEKYOX01,0.845523367604976
WIZMAV04,WIZMAV,0.999999994454712
WIZMAV04,WIZMAV06,0.9999999930615032
WIZMAV04,WIZMAV07,0.999999986399986
WIZMAV04,WIZMAV10,0.9999999842159176
WIZMAV04,WIZMAV05,0.9999999829807196
WIZMAV04,WIZMAV12,0.9999998060352278
WIZMAV04,ERARUM,0.9999992782527024
WIZMAV04,GERBEN,0.955421678915466
WIZMAV04,HERHEU,0.9545272641865588
WIZMAV04,GAYXEM,0.9534094174517465
WIZMAV04,BUNLAZ,0.949427274214872
WIZMAV04,BUNKUS,0.9487950664069412
WIZMAV04,UFOSEQ,0.9469393908411892
WIZMAV04,RUBTAK03,0.946938420205375
WIZMAV04,OFOJAX,0.9310458171657632
WIZMAV04,DITJOH,0.922537364090802
WIZMAV04,VIKSIU,0.8939300223186655
WIZMAV04,VIKROZ,0.8937327330380342
WIZMAV04,YEYCUC,0.8923808137125542
WIZMAV04,XIJVIY,0.8922076760105745
WIZMAV04,HICNOZ,0.8785612095328961
WIZMAV04,WUPTUY01,0.8634730651470957
WIZMAV04,WUPTUY,0.8631966588647115
JENKET,BABRII,0.9981629915857252
JENKET,PIWLAL,0.9563818731994064
JENKET,PIWLIT,0.9561159174009533
JENKET,ORIBAU,0.9082482729281404
JENKET,IFABIA02,0.9067721131544436
JENKET,QEDZEG,0.905404170056618
JENKET,GOSDUP,0.9047361941076733
JENKET,PEVQIS,0.9037873054511428
JENKET,MIBQAR01,0.9036900678621717
JENKET,HOLRAD,0.903680682141296
JENKET,LAWFOF,0.903666135051172
JENKET,VAZTUM,0.9036579920270849
JENKET,QOZSIJ,0.8872982421486187
JENKET,VAGMEX,0.8857518824001948
JENKET,UFOFUT,0.8648825407420048
JENKET,YICQOS,0.8636495988358591
JENKET,BEWCUD,0.8635970900223534
JENKET,UFAMEW,0.8598779482747676
JENKET,EZINAE,0.8531015930500971
JENKET,PICCUC,0.8489902038191051
JENKET,CESQUP,0.8477553152650908
JENKET,JEDDII,0.8467711656352823
JENKET,QAQSAD,0.8427862466354538
JENKET,EJIQIZ,0.8426308221306841
JENKET,UNAGOH,0.8402065606171172
JENKET,FUVBAB,0.8401311951204451
JENKET,FUTZAX,0.8401251386508296
JENKET,REGREC,0.8396364723592349
JENKET,FECYUJ,0.8392871664384336
JENKET,ULISOZ,0.8392592193345763
JENKET,TADWIG,0.838424604980727
TADWIG,TADWEC,0.8787549884551035
TADWIG,QEDZEG,0.8502251918642144
TADWIG,PIWLIT,0.8466862446640144
TADWIG,ODUNEH,0.845295255674468
YUYLIP,AJAKON,0.9999992876852584
YUYLIP,YUYGOQ,0.999913635068578
YUYLIP,RUGYOJ,0.9998734511321388
YUYLIP,VAKLIF,0.9066142196069444
YUYLIP,RUXWEM01,0.8651271565003598
YUYLIP,RUXWEM03,0.8650562140494703
YUYLIP,FALGIK,0.8641700490379766
BIJJOV,IVOLIQ,0.9999592901551736
BIJJOV,XEFGUN01,0.8970062412282911
BIJJOV,VAKLIF,0.8960487696214595
BIJJOV,RUXWEM01,0.8553354360753365
BIJJOV,RUXWEM03,0.8552187857213436
YAVYAW,XOPLOE,0.9972719488161056
YAVYAW,PARNIH,0.9941269519948468
YAVYAW,RAHBOU,0.8510118078874567
YAVYAW,AZAVUU,0.8413854422034015
TUDJAE,TUDJEI,0.9999996973103876
TUDJAE,TUDJUY,0.9999993745920562
TUDJAE,NIFTAA,0.9999992983855508
TUDJAE,SEFTOO,0.999996957005038
TUDJAE,NIFNOI,0.9999951673842724
TUDJAE,SEFWEH,0.9999909931998834
TUDJAE,NIFRAY,0.9999823973426232
TUDJAE,SEFVEG,0.9999731816472348
TUDJAE,SEFVEG02,0.9999728546581902
TUDJAE,NIFQOL,0.9999711753333272
TUDJAE,NIFPAW,0.9999289229328622
MUQZII,NASGIZ01,0.9993429758617184
MUQZII,LARBOW,0.8437784270127371
MUQZII,XEGREJ,0.8432901248021956
ONOCUR,FAHQIR,0.977452894742838
ONOCUR,EJINIV,0.931758507676886
ONOCUR,HALVEY,0.9084717461516876
ONOCUR,CAQKAJ01,0.9048633663619866
ONOCUR,CAQKAJ,0.9036632617856551
ONOCUR,TAHYUZ,0.8858259171672636
ONOCUR,XUZRIU,0.8736490057433992
ONOCUR,DERBIO,0.8612588473447405
ONOCUR,AXINAX01,0.8545295105146682
ONOCUR,NIGPEA,0.8480406733386274
ONOCUR,DIBQOW,0.8463389233474731
ONOCUR,YIRSUQ,0.846132546409232
ONOCUR,MIHJUL,0.8453396981225824
ONOCUR,XUDVAV,0.8423124240997154
ONOCUR,FISQEG,0.8399196313800175
QOWRAV10,QOWRAV08,0.9999999561813012
QOWRAV10,QOWRAV07,0.9999999088256604
QOWRAV10,QOWRAV05,0.9999996746177808
QOWRAV10,QOWRAV04,0.9999996127765322
QOWRAV10,QOWRAV02,0.9999995742536798
QOWRAV10,BAZFUF,0.9971805072021884
QOWRAV10,BAZFUF01,0.997156981684812
QOWRAV10,KIJRUS,0.9864396764789812
QOWRAV10,BAZGAM,0.986221862223685
QOWRAV10,NAFSOF,0.9789470590790446
QOWRAV10,LAYXAN,0.9529827385371116
QOWRAV10,HOYQIX,0.9442525765642568
QOWRAV10,IPUPOA,0.9336455730646556
QOWRAV10,CEFNIN,0.9114433878577692
QOWRAV10,FISGOF,0.9012664714813676
QOWRAV10,AZAVUU,0.8887184100536454
QOWRAV10,ORAWAH,0.8811781048485059
QOWRAV10,WURNOO,0.8722046708985669
QOWRAV10,HAYXIR,0.8717900430925367
QOWRAV10,LASYOU,0.8629878162929469
QOWRAV10,LURRIA,0.8608201431489394
QOWRAV10,MUNDOQ,0.8595736178481831
QOWRAV10,EDOSEY,0.8572632394796901
QOWRAV10,ONIXOZ,0.8569192583160765
QOWRAV10,SIXNIZ,0.8525080883989034
QOWRAV10,SIXNEV,0.8510690086166421
QOWRAV10,RUJMEQ,0.8471201326313957
QOWRAV10,YIMQOD,0.8460050650945841
QOWRAV10,QAWHIH,0.8382701589244199
QOWRAV10,QAWHIH01,0.8382107928335487
SAJLEX,SAKFAO,0.999670698367547
IYUHUG,FIFGEI,0.9999966958073462
IYUHUG,FAHQIQ,0.9924180424895356
IYUHUG,NEDLOZ,0.9553305367271282
IYUHUG,CIFSIW,0.954596696119949
IYUHUG,CIFSES,0.953783158122042
IYUHUG,UNIDAY,0.9535640814187476
IYUHUG,VACFOV01,0.9468824238572424
IYUHUG,VIFPUY02,0.9468154553983568
IYUHUG,VIFPUY05,0.9468139629014014
IYUHUG,VIFPUY03,0.9468103069841152
IYUHUG,LOQLEJ,0.9468100151985552
IYUHUG,VIFPUY04,0.9468062803144308
HAZPAB,HAZNED,0.9979863437511216
HAZPAB,HAZNIH,0.9979765986168788
HAZPAB,IPIJAT,0.8710559523765766
HAZPAB,KULMIP,0.861065435430095
HIBSUG07,HIBSUG01,0.9999999598884776
HIBSUG07,HIBSUG06,0.9999997240216248
HIBSUG07,HIBSUG,0.9999994398904823
HIBSUG07,HIBSUG03,0.9999961586651052
HIBSUG07,ACUBOP,0.9997744075538044
HIBSUG07,GURXUN01,0.8836791345820372
HIBSUG07,PAQYAJ01,0.8774518390870266
HIBSUG07,XASHAA,0.8642090018975296
HIBSUG07,WEBLAQ,0.8434257479734133
HIBSUG07,KEJBOQ,0.8433767695420598
HIBSUG07,AVAQIX,0.8427777802996134
HIBSUG07,ROCZEQ,0.8408621132480175
PURJES,PURJAO,0.9995121896182724
PURJES,GAWMOJ,0.9994897294115086
PURJES,TACJEO,0.9954524744468984
PURJES,WEHJAW,0.8942548318824404
PURJES,WEHHOI,0.8942240173988684
PURJES,HUTZAX01,0.8605924804975951
PURJES,WUHNUK,0.8576189627231138
PURJES,FIJCUX,0.8535439717536467
PURJES,ORIBAU,0.8535420873332089
PURJES,VEGMOK01,0.8529656864660506
PURJES,VEGMOK04,0.8529392817240545
PURJES,REDROI,0.8527011858323343
PURJES,MIBQAR01,0.8494418564578616
PURJES,HOLRAD,0.8494329726202338
PURJES,LAWFOF,0.8494191484884122
PURJES,VAZTUM,0.8494113601452339
PURJES,MEQPEG,0.8435389643073727
ONIXOZ,ORAWAH,0.9857175199142044
ONIXOZ,LASYOU,0.9706235165724414
ONIXOZ,EXOGAB,0.937415606673122
ONIXOZ,HIDTUM,0.9359460528732328
ONIXOZ,CEKHUY,0.9356573020867018
ONIXOZ,NEMCOA,0.9353897590421564
ONIXOZ,NEHZOS,0.9320584173655148
ONIXOZ,ANUGOG,0.9292025165362234
ONIXOZ,WULJUJ,0.926796740881582
ONIXOZ,DOTSOV02,0.9267824178278996
ONIXOZ,DOTSOV07,0.92665432898884
ONIXOZ,DOTSOV16,0.9260415371541714
ONIXOZ,EBAMUS,0.925474877800632
ONIXOZ,KIRFOI,0.9253675165145518
ONIXOZ,XAMDUM05,0.9251779555635398
ONIXOZ,XAMDUM02,0.9251551408087724
ONIXOZ,RILFEA,0.924826607435258
ONIXOZ,XAMDUM01,0.9248243278481124
ONIXOZ,UXISUR,0.9247757058810204
ONIXOZ,YOZMIL,0.9245974191413332
ONIXOZ,DIHVIB,0.924299696817458
ONIXOZ,TISPAO,0.9219959998767232
ONIXOZ,QAWHIH,0.9189970283505048
ONIXOZ,IPUPOA,0.9174468486286396
ONIXOZ,YOZNUY,0.9160408154679024
ONIXOZ,YOZNOS,0.9101657905706132
ONIXOZ,HOYQIX,0.9089750590198604
ONIXOZ,WARXUL,0.9078241223733003
ONIXOZ,YOZMUX,0.9049495560216716
ONIXOZ,LAQNID,0.8936942320666778
ONIXOZ,IDUDIW,0.8904436584735699
ONIXOZ,JALPAQ,0.889670914290779
ONIXOZ,XICKOL,0.8864516858468068
ONIXOZ,NIGDIS,0.8849318077728294
ONIXOZ,ICAREL,0.8783910997505835
ONIXOZ,EPISOM,0.8783574767715261
ONIXOZ,FAMQAO,0.8740810757994177
ONIXOZ,FALTUK,0.8740607715486521
ONIXOZ,NAPSUV,0.8734196547549065
ONIXOZ,EDOSEY,0.8721834884491384
ONIXOZ,BABREE,0.8712951590005236
ONIXOZ,BAZFUF01,0.8710968505803278
ONIXOZ,BAZFUF,0.8710489770381066
ONIXOZ,IXAKAU,0.8608383711498337
ONIXOZ,RAWYAS,0.8606088960817918
ONIXOZ,EXOYAS,0.8586987152363051
ONIXOZ,SEMNIJ,0.8576859809013975
ONIXOZ,LURRIA,0.8572675375070569
ONIXOZ,UWALEL,0.8572105423884544
ONIXOZ,QOWRAV09,0.8568952171730377
ONIXOZ,QOWRAV11,0.8568814007140949
ONIXOZ,QOWRAV08,0.8568533754076737
ONIXOZ,QOWRAV07,0.8568241991953913
ONIXOZ,QOWRAV02,0.8567136381592703
ONIXOZ,IWEVAJ,0.8552721444636459
ONIXOZ,FISGOF,0.854592472529403
ONIXOZ,ENIHUG,0.8537772666660713
ONIXOZ,PIDRAY,0.8535528222283892
ONIXOZ,HOGLEV01,0.8493420577269013
ONIXOZ,YIMQOD,0.8492216818015835
ONIXOZ,GERWEH,0.8444983731445156
ONIXOZ,GIKMOD01,0.8434839521424458
ONIXOZ,GIKMOD,0.8431444671185299
ONIXOZ,OFOCUI,0.8416464018473655
ONIXOZ,YAGHUM,0.8415049090594897
ONIXOZ,MOBDIR,0.8403367657321482
ONIXOZ,RAHBOU,0.839120085212582
KEJBOQ,AVAQIX,0.9998680008640553
KEJBOQ,WEBLAQ,0.9975674602349212
KEJBOQ,IGUTUB01,0.9233292482955056
KEJBOQ,ECIWIW,0.9230882793627752
KEJBOQ,IGUVIR,0.9224411039647528
KEJBOQ,VAKLIF,0.879694790853512
KEJBOQ,KETHEY,0.8791134325463161
KEJBOQ,KEPLID,0.8635560341218921
KEJBOQ,LULGIJ,0.8600699531240736
KEJBOQ,PIHJIB,0.8563500463678239
KEJBOQ,RUXWEM03,0.8438590559743798
KEJBOQ,RUXWEM01,0.8435849949459776
KEJBOQ,HIBSUG02,0.8434070764016393
KEJBOQ,OVAJAX,0.843161276951218
KEJBOQ,ODIXAC,0.8425496267830423
KEJBOQ,ACUBOP,0.8424123562654646
KEJBOQ,ODIXIK,0.8412639966721498
KEJBOQ,FALGIK,0.840282133267023
KEJBOQ,NOZZUZ,0.8391811640901508
CIFGOP,YARGAB,0.863708511827334
EJIQIZ,ODUNEH,0.8535187276315678
EJIQIZ,PIWLIT,0.8530440719548824
EJIQIZ,DUPKAC,0.8381857477261543
YICQOS,PIWLIT,0.8741011852552678
YICQOS,PIWLAL,0.8728838018057261
YICQOS,NIKHAS,0.8694173439354422
YICQOS,BABRII,0.867839365357642
YICQOS,VAZTUM,0.8611467130659293
YICQOS,HOLRAD,0.8611453510442131
YICQOS,MIBQAR01,0.8611452648961195
YICQOS,PEVQIS,0.861141492685475
YICQOS,IFABIA02,0.8599406235031204
YICQOS,REDROI,0.8597184162574757
YICQOS,FIJCUX,0.8570669004540308
YICQOS,ORIBAU,0.8562085099368163
YICQOS,QEDZEG,0.8519603365867254
YICQOS,SOSQIC01,0.849473268586905
VAZTUM,MIBQAR12,0.9999991647024076
VAZTUM,IFABIA02,0.9989125375407464
VAZTUM,REDROI,0.9987492373808768
VAZTUM,VEGMOK04,0.9984286036512576
VAZTUM,ORIBAU,0.99541618535874
VAZTUM,ODUNEH,0.9461058294197784
VAZTUM,PIWLAL,0.943557849029355
VAZTUM,WUHNUK,0.9080483248749032
VAZTUM,BOLPAU,0.9067569256603624
VAZTUM,ODODIW,0.9065879108324012
VAZTUM,YOCGAZ,0.906481978115534
VAZTUM,VIKBUP,0.9060146055368148
VAZTUM,HUTZAX01,0.9058910061687137
VAZTUM,AWEYAE,0.9019609482755202
VAZTUM,CESQUP,0.89731406684891
VAZTUM,PICCUC,0.8970386190468437
VAZTUM,EKEKEL,0.8872929351512304
VAZTUM,FECYUJ,0.8845425722019414
VAZTUM,DARYIF,0.8842522428856154
VAZTUM,USAHAZ,0.8794581068173242
VAZTUM,DUPKAC,0.8779296331143362
VAZTUM,WUMDIT,0.8765872069827331
VAZTUM,XOQXIL,0.8758199204142798
VAZTUM,XAFFER,0.8747680100516658
VAZTUM,ULISOZ,0.8736276984959577
VAZTUM,REGREC,0.8730692088902701
VAZTUM,VAGMEX,0.8730245052815617
VAZTUM,MEWPIQ,0.872482362185421
VAZTUM,FUVBAB,0.8715073320118593
VAZTUM,ZARLEL,0.8704032105878393
VAZTUM,UNAGOH,0.8703310533023861
VAZTUM,FUTZAX,0.8691103887801214
VAZTUM,NENHEU,0.8684479163825162
VAZTUM,PEGCIP,0.8656410699562604
VAZTUM,SAVMAE,0.8642417846681216
VAZTUM,XEGWIS,0.8625549083862295
VAZTUM,KAHMOW,0.8625390783925605
VAZTUM,XEGWAK,0.8625120116607098
VAZTUM,ZAQXEX,0.8592983479559678
VAZTUM,HUVGEM,0.857829954799536
VAZTUM,SOSQIC01,0.854708498524519
VAZTUM,HIFGIO,0.8540354721010566
VAZTUM,WOJZOK01,0.8531166376611619
VAZTUM,TACJEO,0.8525761730582666
VAZTUM,CIQHOC,0.8502856458032868
VAZTUM,IGINIX,0.844075814348155
VAZTUM,LEBQUH,0.8386503794470115
VAZTUM,VURMOL,0.8383439233124428
BAZFUF01,AVAKEP02,0.8654979068970007
BAZFUF01,BAZFUF,0.999999950851676
BAZFUF01,ICAREL,0.9982796470497776
BAZFUF01,QOWRAV05,0.9970960033882807
BAZFUF01,QOWRAV04,0.997090428735212
BAZFUF01,QOWRAV02,0.9970871772099744
BAZFUF01,NAFSOF,0.9914441436793724
BAZFUF01,LAYXAN,0.9655877794079312
BAZFUF01,ANUGIA,0.9629027212591048
BAZFUF01,HOYQIX,0.9479279510194384
BAZFUF01,IPUPOA,0.9435170855903504
BAZFUF01,YUSWEP,0.9329166482467156
BAZFUF01,CEFNIN,0.914257879492312
BAZFUF01,LAQNID,0.901015418026494
BAZFUF01,AVAKAL02,0.8855533169311153
BAZFUF01,ICAGOK,0.8840615933407284
BAZFUF01,ORAWAH,0.8829065259188171
BAZFUF01,WURNOO,0.8817265550865775
BAZFUF01,MUNDOQ,0.8707677945944525
BAZFUF01,ENIHUG,0.8697189294693829
BAZFUF01,SEMNIJ,0.8697170067702835
BAZFUF01,LASYOU,0.8650825393185967
BAZFUF01,EDOSEY,0.8608011437689691
BAZFUF01,NAPSUV,0.8606799011632034
BAZFUF01,ASIVAB,0.8594836440352589
BAZFUF01,SIXNIZ,0.8593871814100248
BAZFUF01,EPISOM,0.8585343660927166
BAZFUF01,NIGDIS,0.8430162377093999
BAZFUF01,TEKYOA,0.8428652730282117
BAZFUF01,QAWHIH01,0.8401318388745942
BAZFUF01,QAWHIH,0.84011976927823
BAZFUF01,DIHVIB,0.8399510330615266
BAZFUF01,YOZMIL,0.839896379410003
BAZFUF01,UXISUR,0.8398608333849871
BAZFUF01,XAMDUM01,0.8398506990227004
BAZFUF01,RILFEA,0.8398502204134932
BAZFUF01,BODPAN,0.8397792774289038
BAZFUF01,XAMDUM05,0.8397715840949059
BAZFUF01,YOZNUY,0.8397486327269292
BAZFUF01,DOTSOV11,0.8395380585313672
BAZFUF01,DOTSOV10,0.8395366082163459
BAZFUF01,DOTSOV14,0.8395364261730731
BAZFUF01,DOTSOV12,0.8395350907204727
BAZFUF01,EBAMUS,0.8395120602655691
BAZFUF01,DOTSOV07,0.8390073545784887
GOYLUB,XEFGUN01,0.9997876453507156
GOYLUB,VAKLIF,0.995172447410222
GOYLUB,RUXWEM03,0.9468287192457132
GOYLUB,RUXWEM01,0.946585162419583
GOYLUB,MINBEQ,0.9178589061792436
GOYLUB,ODIXAC,0.9079690972117688
GOYLUB,AJAKON,0.9074472856803352
GOYLUB,YUYGOQ,0.9067718644031324
GOYLUB,YILKAH,0.9054941803158564
GOYLUB,NOZZUZ,0.9049055846128397
GOYLUB,WUHMOD,0.9045415067702762
GOYLUB,NOLRIR,0.8848877205308174
GOYLUB,LUWKIZ,0.8843880089222684
GOYLUB,JIYSUI,0.8819130438639131
GOYLUB,ROCZEQ,0.8791312648967955
GOYLUB,IGUTUB01,0.8778535888648054
GOYLUB,ECIWIW,0.8777914571413016
GOYLUB,IGUTUB,0.8775291321075452
GOYLUB,IGUVIR,0.8772396835469299
GOYLUB,PIQQEN,0.875198514771155
GOYLUB,REFWIL,0.8741327286736772
GOYLUB,MITSEO,0.8731012150816085
GOYLUB,YEYRAY,0.8719592731342285
GOYLUB,ODOXEK,0.8702711646329353
GOYLUB,MITSUE,0.8702190813383763
GOYLUB,MITSIS,0.8700603207927562
GOYLUB,FUMJAA,0.8694515052878589
GOYLUB,XOGWUN,0.8692013847709663
GOYLUB,FELXOM,0.8690785739365097
GOYLUB,VAYFAE,0.8689500732689655
GOYLUB,WAHQON,0.868930773624943
GOYLUB,GOQTIR,0.8676435016721764
GOYLUB,NENHAQ,0.8666671639407291
GOYLUB,JUXZIN,0.8660546984638698
GOYLUB,EKUNON01,0.8639094963063177
GOYLUB,EKUNON,0.8638730863782635
GOYLUB,EKUNON02,0.8638271635424569
GOYLUB,XEQRAO,0.8628567709889364
GOYLUB,YICRAF,0.8609068594700924
GOYLUB,RUVBOB,0.8596338002890367
GOYLUB,PENNAZ,0.8582489070861415
GOYLUB,EREGOY,0.8525750879705246
GOYLUB,HIHGUC,0.8487631080057868
GOYLUB,FONKEA,0.8480651990052722
GOYLUB,WIVRIE,0.8451139498097315
GOYLUB,GURXUN01,0.8388649048642391
GOYLUB,YIHZIA02,0.8385006058500635
DADTOS18,YANWOC01,0.9999999994229712
DADTOS18,DADTOS09,0.999999914431001
DADTOS18,DADTOS05,0.9999998868120324
DADTOS18,DADTOS01,0.9999998304104132
DADTOS18,DADTOS11,0.9999998120389152
DADTOS18,DADTOS,0.9999996570005
DADTOS18,DADTOS02,0.9999988933901957
DADTOS18,YANWOC02,0.9999978833784582
DADTOS18,YANWOC,0.9999975999958164
DADTOS18,DADTOS10,0.9999974431027217
DADTOS18,DADTOS13,0.9999965687233244
DADTOS18,IJOMOJ03,0.999996058493474
DADTOS18,DADTOS14,0.9999898302479036
DADTOS18,REZJIR04,0.999984231221352
DADTOS18,DADTOS03,0.9999831876090068
DADTOS18,JEDKIP01,0.9999806883998767
DADTOS18,DADTOS15,0.9999687207588994
DADTOS18,REZJIR02,0.9999652812457308
DADTOS18,YUKTUU01,0.9999641700912432
DADTOS18,REZJIR03,0.9999593239100912
DADTOS18,PADJOU,0.9999289101877068
DADTOS18,LIJWOR03,0.999911630367048
DADTOS18,LIJWOR02,0.9998991512259716
DADTOS18,MNFORD02,0.9998981258090246
DADTOS18,LIJWOR06,0.9998966384630064
DADTOS18,LIJWOR,0.9998943360236012
DADTOS18,MNFORD03,0.999869023383518
DADTOS18,QINSUD,0.9997883324652928
DADTOS18,SIWPUL,0.999783197197451
DADTOS18,IQEWOQ,0.9987327441535516
KEFBOO,JOVYAW,0.9922633133579736
KEFBOO,KUNLEL,0.9081299223495852
KEFBOO,FUVBAB,0.9002088837792547
KEFBOO,UNAGOH,0.8984772851944516
KEFBOO,FUTZAX,0.896752763810676
KEFBOO,BOWJAA,0.8912842671051087
KEFBOO,ZARLIP,0.8766568878878109
KEFBOO,DUZPUL,0.8647594929076277
KEFBOO,UFOFUT,0.8584076801798128
KEFBOO,YOZYUJ,0.8534749066761252
KEFBOO,QUQFEO,0.8467442184913043
KEFBOO,EXOXUL,0.8427188440961038
RUVKAV,YAGHUM,0.946726140742872
RUVKAV,VUJBIM,0.9322737546709312
RUVKAV,DOTSOV12,0.8872167095945929
RUVKAV,DOTSOV14,0.8872162429318273
RUVKAV,DOTSOV10,0.8872161943304252
RUVKAV,DOTSOV15,0.8872161940673964
RUVKAV,BODPAN,0.8870941687380918
RUVKAV,XAMDUM02,0.8870812826125394
RUVKAV,XAMDUM03,0.8870727452801601
RUVKAV,LUDLIH,0.8870555615624357
RUVKAV,RILFEA,0.8870401043997851
RUVKAV,XAMDUM01,0.887039689350644
RUVKAV,EBAMUS,0.8870167643827936
RUVKAV,YOZMIL,0.886997631457786
RUVKAV,DIHVIB,0.8869388673477717
RUVKAV,WULJUJ,0.8864892172783514
RUVKAV,DOTSOV02,0.8864687403842457
RUVKAV,NEHZOS,0.8853864073666855
RUVKAV,QAWHIH,0.8853390072161115
RUVKAV,KAJZIH,0.8842743626617295
RUVKAV,YOZNUY,0.8841274988727479
RUVKAV,YOZMUX,0.8735545891398484
RUVKAV,BIHROC,0.871920745327217
RUVKAV,LURRIA,0.8694523756763437
RUVKAV,QIYDIN,0.8412912349709962
RUVKAV,QIYDAF01,0.8407639516189408
OFOCUI,XIJSUH,0.9995832792280608
OFOCUI,TOVWAE,0.9420331377092892
OFOCUI,TISPAO,0.9079608209508988
OFOCUI,QAWHIH01,0.9078618045615638
OFOCUI,QAWHIH,0.9078479783667756
OFOCUI,DIHVIB,0.9077495996074796
OFOCUI,EBAMUS,0.9077393935887048
OFOCUI,YOZMIL,0.9077118042471768
OFOCUI,XAMDUM02,0.907708115032062
OFOCUI,LUDLIH,0.90768375515945
OFOCUI,UXISUR,0.90766628750568
OFOCUI,XAMDUM01,0.9076600922824488
OFOCUI,BODPAN,0.9076065246137744
OFOCUI,YOZNUY,0.9074486944158132
OFOCUI,DOTSOV14,0.9073655459070196
OFOCUI,DOTSOV15,0.9073622910987772
OFOCUI,DOTSOV10,0.9073622893630214
OFOCUI,DOTSOV16,0.9073608445759814
OFOCUI,PIDRAY,0.9045978157216282
OFOCUI,NEHZOS,0.9020058194261744
OFOCUI,YOZMUX,0.9005779626786645
OFOCUI,KAJZIH,0.9001475201649194
OFOCUI,QIZLOC,0.8991657516856321
OFOCUI,VIXPUP01,0.8939981105732839
OFOCUI,VIXPUP,0.8931559119305972
OFOCUI,LASYOU,0.8649164314511707
OFOCUI,FAMPUH,0.8603791817309918
OFOCUI,FALTUK,0.8603428535584811
OFOCUI,MAVRAE,0.8564395679586737
OFOCUI,BABREE,0.8510322333615534
OFOCUI,IWEVAJ,0.8420558473061602
OFOCUI,RAWYAS,0.8400454159723968
OFOCUI,HOYKUD,0.8384149699216057
QUQFOY,SITDAD,0.9836424703576796
QUQFOY,MITSEO,0.9330104422817288
QUQFOY,ODOXEK,0.9322971012497946
QUQFOY,MITSIS,0.9322133598990062
QUQFOY,KUJMIN,0.9316873059383116
QUQFOY,QEKLID01,0.9192454447251088
QUQFOY,DELGIN,0.9167338269112628
QUQFOY,NOLRIR,0.9109811167687172
QUQFOY,KETHEY,0.8898173073559567
QUQFOY,OKOSUE,0.8747310090170924
QUQFOY,NAPZOV,0.8632565063863527
QUQFOY,PAQXUC,0.8591325993941882
QUQFOY,PAQYAJ01,0.8589344922858448
QUQFOY,MICJOA,0.853547862072332
QUQFOY,LIQFEY,0.8535352498582544
QUQFOY,FIVRUA,0.8448128119326059
QUQFOY,FIJDEI,0.842818032151149
QUQFOY,YAYNEU,0.8408105095283336
QUQFOY,XEDGIY,0.8387432486893402
AMURUX,AMURUX06,0.9999999955342398
AMURUX,LICSEW04,0.9999476778057692
AMURUX,AMURUX10,0.9999324250901424
AMURUX,LIJWUX,0.9998936405430028
AMURUX,SIRBIG06,0.9995972975516096
AMURUX,ILECIN,0.9995402046471658
AMURUX,NAXVOY,0.9986296435045704
AMURUX,XEHSOT,0.9968020861358424
AMURUX,NIWZIE01,0.9960396545723534
AMURUX,NIWZIE08,0.9957818780488512
AMURUX,NIWZIE02,0.9956796008541547
AMURUX,NIWZIE09,0.9955741019512928
AMURUX,NIWZIE17,0.9950723831556296
AMURUX,NIWPIU,0.9950663348428088
AMURUX,NIWZIE18,0.9950216035793328
WOBQEL,OCAKUB,0.8630311675859821
WOBQEL,XIHXET,0.8626338904629477
WOBQEL,VUQKAU01,0.8613668995155741
WOBQEL,VUQKAU02,0.8611500814835741
WOBQEL,VUQKAU,0.861101478260552
WOBQEL,MAHTAR,0.847504208882081
WOBQEL,LUSHOX04,0.8469190198281648
WOBQEL,UKIQIP,0.8385229534107563
WIZMAV12,WIZMAV10,0.9999999009137914
WIZMAV12,WIZMAV07,0.9999998951565184
WIZMAV12,WIZMAV,0.9999998660823014
WIZMAV12,WIZMAV06,0.9999997257272064
WIZMAV12,UVAHIK,0.9999973771165048
WIZMAV12,IXETEM,0.956207031997502
WIZMAV12,HERHAQ,0.9558410015142292
WIZMAV12,GERBEN,0.955393468903805
WIZMAV12,HERHEU,0.9544886945007872
WIZMAV12,GAYXEM,0.9533609191162202
WIZMAV12,BUNLAZ,0.9493538662022892
WIZMAV12,BUNKUS,0.9487184766391528
WIZMAV12,UFOSEQ,0.9469537788324848
WIZMAV12,RUBTAK03,0.9469528339688532
WIZMAV12,OFOJAX,0.9309708691501852
WIZMAV12,VIKRIT,0.8932707531819564
WIZMAV12,XIJVIY,0.8922486848197544
WIZMAV12,RUKDIM,0.8650505767909157
WIZMAV12,XULGIW,0.8650489338074003
WIZMAV12,WUPTUY01,0.8634368802242163
WIZMAV12,OXOLAP,0.8631772183384383
WIZMAV12,WUPTUY,0.8631576292467192
OXOLAP,WUPTUY,0.9999999482391682
OXOLAP,XULGIW,0.998813812042314
OXOLAP,UFOSEQ,0.9045912881168232
OXOLAP,ERANAO,0.8633900679663784
OXOLAP,ERARUM,0.8632898029104337
OXOLAP,WIZMAV05,0.863227485685139
OXOLAP,WIZMAV06,0.8632233574959216
OXOLAP,WIZMAV07,0.863205809083045
OXOLAP,WIZMAV10,0.8632050157866811
OXOLAP,HICNOZ,0.8466048067286834
OXOLAP,OFOJAX,0.8412574140261466
QIWQES,NELCEN,0.999150169673714
QIWQES,IPINAY,0.9975695637551664
QIWQES,AHEMEG,0.997473786022238
QIWQES,POFDEV,0.996667350396106
QIWQES,UFUNAK,0.995106684051453
QIWQES,POFDIZ,0.9949078014876306
QIWQES,UFUMUD01,0.9936456341142252
QIWQES,UFUMUD02,0.993317334672868
QIWQES,QERZUI,0.9929462095853928
QIWQES,BAHGUN04,0.9927666817703747
QIWQES,NIHDIU,0.9917661157848058
QIWQES,ECODIK,0.9911787532877088
QIWQES,UGEPEB01,0.9910656036783368
QIWQES,NIHDEQ,0.990004463137328
QIWQES,UGEPEB,0.9897181323114398
QIWQES,ICAGOK,0.9214669106136996
QIWQES,KAGJOS,0.9191082041379444
QIWQES,WURNOO,0.9190040720910414
QIWQES,XICKOL,0.8772516921135519
QIWQES,JALPAQ,0.8734635252820883
QIWQES,EDOSEY,0.8712161176634661
QIWQES,NAPSUV,0.8710592646414544
QIWQES,SOZHOG,0.8598093056139811
QIWQES,IDUSIM,0.8582495497842416
QIWQES,IDUSIM01,0.85805262401524
QIWQES,UNACIW,0.8578066466912312
QIWQES,UNABUH01,0.8577495403284716
QIWQES,ISISUZ,0.8576892876515759
QIWQES,IDUTAF,0.85750040921273
QIWQES,IDUTIN,0.8574461806107259
QIWQES,HOYKUD,0.8479881446809391
QIWQES,QESBAR,0.8402049920414983
QIWQES,ENITAX,0.8394463618401746
CAQKAJ,HALVEY,0.9991818767711584
CAQKAJ,FAHQIR,0.9318654385802736
CAQKAJ,FAHQOX,0.9236128045551982
CAQKAJ,EJINIV01,0.8782824448671256
CAQKAJ,EJINIV,0.878173842573282
CAQKAJ,DIBQIQ,0.8768364369646682
CAQKAJ,AXINAX01,0.8765072686873443
CAQKAJ,DIBQOW,0.8764117532686696
CAQKAJ,MIHJUL,0.8762137480846645
CAQKAJ,HELDOT,0.8760963807397428
CAQKAJ,NIGPAW,0.8621414995463855
CAQKAJ,FIQDER,0.8588654944032263
CAQKAJ,YIRSUQ,0.8581756156736666
CAQKAJ,DIBQEM,0.8575624211665485
CAQKAJ,HABZEQ,0.8402463833440647
QAWHIH,QAWHIH01,0.9999995501392164
QAWHIH,YOZMIL,0.9992735762504764
QAWHIH,UXISUR,0.9992198078726996
QAWHIH,LUDLIH,0.9991697650263875
QAWHIH,BODPAN,0.9990995051517628
QAWHIH,XAMDUM02,0.9990720087685008
QAWHIH,DOTSOV15,0.9987598763903018
QAWHIH,DOTSOV10,0.9987598753808932
QAWHIH,DOTSOV14,0.9987595976004336
QAWHIH,DOTSOV16,0.9987578027324407
QAWHIH,DOTSOV02,0.9971317408829103
QAWHIH,NEHZOS,0.992287760276533
QAWHIH,KAJZIH,0.9901964471282436
QAWHIH,YOZMUX,0.9897919301677512
QAWHIH,ORAWAH,0.9330113907836652
QAWHIH,DALSOA,0.931947718190918
QAWHIH,BABREE,0.929655641104693
QAWHIH,EXOYAS,0.9178418794791728
QAWHIH,NUTQAV,0.9082061743839608
QAWHIH,YAGHUM,0.9081719551059042
QAWHIH,GERWEH,0.9076941067510174
QAWHIH,EXOGAB,0.905590835207053
QAWHIH,HOGLEV01,0.9053420603664516
QAWHIH,VUJBIM,0.897065262360748
QAWHIH,MUDTEL,0.8967810939773398
QAWHIH,HUCBOX,0.8956623120884533
QAWHIH,RAHBOU,0.8950499865953166
QAWHIH,PAMQIF,0.8949381071636121
QAWHIH,PIDRAY,0.8940561977884823
QAWHIH,GIKMOD,0.8897167353984519
QAWHIH,GIKMOD01,0.8886398945316268
QAWHIH,IPUPIU,0.8871050804599067
QAWHIH,HOYQIX,0.8870036191137456
QAWHIH,GINTUT,0.8864818301538036
QAWHIH,VIXPUP01,0.8854992754710629
QAWHIH,EMUBOF,0.8848402257222727
QAWHIH,USEVOF,0.8846060071951547
QAWHIH,PAFZEE,0.8842590359021187
QAWHIH,WANJIF,0.8836639281783999
QAWHIH,XEDMEB,0.8828578979171016
QAWHIH,ADONEP,0.8826746434108871
QAWHIH,IPUPOA,0.8814978458067713
QAWHIH,EXAXAE,0.8782631508340886
QAWHIH,ANUGIA,0.8779205437062734
QAWHIH,NEMCOA,0.8705032837704797
QAWHIH,HIDTUM,0.8686497124100532
QAWHIH,LAQNID,0.8675984080531843
QAWHIH,KIRFOI,0.8617810324447088
QAWHIH,NIGDIS,0.8594622162841294
QAWHIH,OGEBAF,0.855210987111018
QAWHIH,OGEBAF01,0.8549088070045645
QAWHIH,JALPAQ,0.8543056942984211
QAWHIH,XITYOP,0.8535155021149721
QAWHIH,EDOSEY,0.8533014562701493
QAWHIH,NAPSUV,0.8530633016209863
QAWHIH,FAMQAO,0.8528950399115812
QAWHIH,EPISOM,0.8503093608041207
QAWHIH,MAVRAE,0.8478893221582653
QAWHIH,ENIHUG,0.8396829913505799
QAWHIH,YIMQOD,0.8393625793410502
QAWHIH,SEMNIJ,0.8393427034004646
QAWHIH,UWALEL,0.8389266472006794
QAWHIH,QOWRAV11,0.8382595753833805
QAWHIH,QOWRAV08,0.8382517266769838
QAWHIH,QOWRAV05,0.8382197266384286
QAWHIH,QOWRAV02,0.8382124175594017
IQEWOQ,JEDKIP01,0.9990258964334496
IQEWOQ,REZJIR04,0.9989990663939567
IQEWOQ,DADTOS07,0.9989806962761218
IQEWOQ,IJOMOJ03,0.9988649715771708
IQEWOQ,DADTOS10,0.9988436655857926
IQEWOQ,YANWOC03,0.9988067105177192
IQEWOQ,YANWOC01,0.9987339593276512
IQEWOQ,DADTOS12,0.9987225134960992
IQEWOQ,DADTOS06,0.9987219347146788
IQEWOQ,DADTOS09,0.9987119094383204
IQEWOQ,DADTOS05,0.998708762614173
IQEWOQ,DADTOS01,0.9987033573535746
IQEWOQ,DADTOS11,0.9987017981201268
IQEWOQ,DADTOS04,0.9986991556360736
IQEWOQ,DADTOS02,0.9986569891801756
IQEWOQ,YANWOC02,0.9986273515580778
IQEWOQ,DADTOS13,0.998597878902838
IQEWOQ,DADTOS15,0.9983046881608708
IQEWOQ,REZJIR02,0.9982805246241158
IQEWOQ,YUKTUU,0.998270393422872
IQEWOQ,REZJIR03,0.998242432176611
IQEWOQ,PADJOU,0.9981862398625756
IQEWOQ,VIRJEM,0.9981620034672812
IQEWOQ,PADJOU01,0.998087824330417
IQEWOQ,LIJWOR03,0.9979804922523264
IQEWOQ,MNFORD02,0.997972343663431
IQEWOQ,DADTOS17,0.9979704860608524
IQEWOQ,LIJWOR02,0.9979244886687532
IQEWOQ,LIJWOR,0.997910865618423
IQEWOQ,LIJWOR06,0.9979087069781988
IQEWOQ,NURGUE,0.9976167200125908
IQEWOQ,SIWPUL04,0.99749044557173
IQEWOQ,SIWPUL,0.9974742022736024
RUPVAB,VEHJUP,0.9941321975786648
RUPVAB,ULISOZ,0.9908175252112432
RUPVAB,REGREC,0.9894601389553594
RUPVAB,UFOFUT,0.9350785302717872
RUPVAB,RUGXUO,0.92381953619867
RUPVAB,QUQFEO,0.9207862980329108
RUPVAB,EXOXUL,0.919939754279032
RUPVAB,HOGJIX,0.9078547788219736
RUPVAB,DUNXUH15,0.8851128433184026
RUPVAB,BOWJAA,0.8789523858484714
RUPVAB,NASROR,0.8738531285769957
RUPVAB,NUFBOH,0.8735078437765061
RUPVAB,DOYHOQ,0.872030204876336
RUPVAB,LAWFOF,0.8715129765118341
RUPVAB,MIBQAR01,0.8714920204205383
RUPVAB,MIBQAR12,0.8714125455304125
RUPVAB,PEVQIS,0.8714055158487551
RUPVAB,VOTHIX,0.8704186481897556
RUPVAB,BUKMUQ01,0.8691629717525993
RUPVAB,REDROI,0.8661397884643371
RUPVAB,VEGMOK04,0.8653174124241682
RUPVAB,VEGMOK01,0.8652121028109145
RUPVAB,ORIBAU,0.8590767215868331
RUPVAB,LASMUP,0.8580019647060956
RUPVAB,ADUVAZ,0.8576264852061151
RUPVAB,YOGKOW,0.8556198702213215
RUPVAB,UKOLUD,0.8530539141121979
RUPVAB,SOWCOY01,0.8478854188572977
RUPVAB,WEHHOI,0.8466347949660814
RUPVAB,ALANAD,0.8463855918011493
RUPVAB,FECYUJ,0.8448338878365323
RUPVAB,WEHHIC,0.842854912750213
RUPVAB,HIQNOM,0.840484475982787
RUPVAB,REYCEF,0.8399470102060788
RUPVAB,MUWRUT,0.838835155385901
RUPVAB,UVUFUO,0.8386439262983162
DADTUY05,DADTUY,0.9999995010320912
DADTUY05,DADTUY07,0.999999155568024
DADTUY05,DADTUY01,0.9999986824806288
DADTUY05,YUKVEG,0.9999812225027496
DADTUY05,SOJKOT05,0.9998055457958293
DADTUY05,EDAGAT,0.9985914486305824
DADTUY05,DEFNIO,0.998436402964165
DADTUY05,RAVVOA01,0.9983619760877814
DADTUY05,JEXWUF,0.9976652742235324
CEYPUT,OJOBAS,0.999999961414267
CEYPUT,VODNOS,0.9999874239898952
CEYPUT,VEDGIW,0.9999832967749004
CEYPUT,VEDGES,0.99998309419218
CEYPUT,VEDFIV,0.9999520864086094
CEYPUT,BOWDOI,0.9999197334271472
CEYPUT,AHETAK,0.999884077487086
CEYPUT,BIPXIK,0.9998506082990496
CEYPUT,ABAVUV,0.999255460634246
CEYPUT,TATSIS01,0.9987999062980332
CEYPUT,TATSIS,0.9986499860151954
CEYPUT,YIGGEB,0.9963404084340358
CEYPUT,ERUNOW,0.9231074605643552
CEYPUT,DIDBEZ,0.9228825532597188
CEYPUT,DIDBOJ,0.9228798473930164
CEYPUT,CAXZOS,0.9228350231682
CEYPUT,DIDBAV,0.922646104925162
CEYPUT,BUKLOJ,0.8822183360410427
CEYPUT,LIDSIC,0.8792248648662109
CEYPUT,BAKJEE,0.8791334998932321
CEYPUT,BAKJII,0.8787223453523778
CEYPUT,AZIHOI,0.8784728153791095
CEYPUT,CANYIB,0.8777300347109209
CEYPUT,ESEQUO,0.8718429181170607
CEYPUT,YATDOP,0.8602311754190544
CEYPUT,XALMOO,0.8598021951709005
CEYPUT,XALMII,0.8590919815922174
CEYPUT,DIQHAO01,0.8555718607023319
CEYPUT,FUMJAZ,0.852907931021814
CEYPUT,NIDFOX,0.8522345874224944
CEYPUT,XEVXUT,0.8510332989473438
CEYPUT,WEMKEG,0.8442199045539037
CEYPUT,RAKBIO01,0.843817569114926
CEYPUT,NERVIP01,0.8435565571590194
CEYPUT,KOHLIE,0.8429926839497417
CEYPUT,CANROA,0.8428387994991311
CEYPUT,NERVOV,0.8425458838354821
CEYPUT,FAZPIH,0.8424664237720153
CEYPUT,VOCKUT,0.8423119669348254
CEYPUT,NERVEL,0.84223999420781
CEYPUT,NERVIP,0.8419512037543315
CEYPUT,YIRSUQ,0.8413351193985875
CEYPUT,CEJFOO,0.8407219901777858
XADDOX,DAFHEZ,0.9999334671441168
XADDOX,FILYAC,0.9996809850178496
XADDOX,XAPSIS,0.8963223939033821
XADDOX,CIPLIX,0.895760943018609
XADDOX,JEDVUM,0.8957196859781767
XADDOX,ABAYOU,0.8928642763444685
XADDOX,FUMJAZ,0.8645237773599133
XADDOX,XEVXUT,0.8627384964085181
XADDOX,XIHSAJ,0.8625413427924532
XADDOX,XIHSEN01,0.8622507479955561
XADDOX,XIHSEN,0.8620131228825627
XADDOX,VEFLUP,0.8619517453105968
XADDOX,TONBOO,0.8617456169207637
XADDOX,VASYEW,0.8587634309674144
XADDOX,RAKBIO02,0.8542755421505861
XADDOX,RAKBIO,0.8542684697220235
XADDOX,RAKBIO01,0.8542332171658615
XADDOX,GAGWOB,0.8536930883566771
XADDOX,KESFOG,0.8521857832007108
XADDOX,ESEQUO,0.8488215268336261
XADDOX,HABZEQ,0.8435649976500927
XADDOX,XUZRIU,0.842067852997518
XADDOX,XEVSIB01,0.838988774695997
XADDOX,XEVSIB,0.8388811926032768
KAKBUW,NOHSUA,0.9995120476143377
KAKBUW,LIWYUM,0.9564287549688048
KAKBUW,DIQGUH,0.9059730454828824
KAKBUW,OKAYUW,0.8990622568111617
FOKWUZ,TULLIX,0.9930771247130532
FOKWUZ,REFWIL,0.9733659350923038
FOKWUZ,JUQSIZ,0.9422665949753376
FOKWUZ,YILKAH,0.9400213312083864
FOKWUZ,WUHMOD,0.9391439413740597
FOKWUZ,TALBEQ,0.8937967396418298
FOKWUZ,XEFGUN01,0.861053100922305
FOKWUZ,VAKLIF,0.8569240793146149
FOKWUZ,CISMEY,0.8474350936971623
FISQEG,AXINAX01,0.9470573673415656
FISQEG,NIGPEA,0.9438347187808036
FISQEG,NIGPAW,0.9428278619889674
FISQEG,HELDOT,0.9418921927942864
FISQEG,DIBQEM,0.9399588726992616
FISQEG,MOXDOT,0.932167929938184
FISQEG,KESFOG,0.9265012757627245
FISQEG,VASYEW,0.923374938462194
FISQEG,AGAFAS,0.9192614410939954
FISQEG,BAKJOO,0.8949047434948203
FISQEG,TIDNIF,0.8936150605107049
FISQEG,BAKJII,0.893132138349854
FISQEG,BUKLOJ,0.8868612002906744
FISQEG,PUNYED,0.8862782784874078
FISQEG,ABAYOU,0.8859876553675231
FISQEG,XAPSIS,0.8845826872780281
FISQEG,CIPLIX,0.8834983609651609
FISQEG,JEDVUM,0.8834243588074177
FISQEG,FEXCAO01,0.8799779852484183
FISQEG,SEQSOY,0.8753944090620841
FISQEG,NOMPIQ01,0.8729977136219299
FISQEG,NOMPIQ,0.8729938475091974
FISQEG,CIKPEU,0.8729917864912393
FISQEG,AZIHOI,0.8729853523490076
FISQEG,FEVDER,0.8727901242986171
FISQEG,CAXZOS,0.8654750419531337
FISQEG,DIDBAV,0.8648719488863903
FISQEG,JODGIU,0.8647899361713381
FISQEG,DIDBEZ,0.8647566694079576
FISQEG,ERUNUC,0.864675455368206
FISQEG,ERUNOW,0.8634803167221882
FISQEG,VACKUI,0.862165036514605
FISQEG,CAQJOW,0.857095466599055
FISQEG,HALVEY,0.8570873043259997
FISQEG,CAQKAJ01,0.8556370609632
FISQEG,XALMOO,0.8528379377873899
FISQEG,DIQHAO01,0.8515834626634229
FISQEG,YATDOP,0.8512622566045724
FISQEG,NIDFOX,0.8496504257193611
FISQEG,QUSVOQ,0.8479570272396966
FISQEG,BIKMAL,0.8441521629144344
FISQEG,BIKMAL01,0.8439863764745632
FISQEG,FAHQIR,0.8422676354708817
FISQEG,QIQTOB,0.842197122170419
QOWRAV09,QOWRAV08,0.9999999823337228
QOWRAV09,QOWRAV07,0.9999999491333862
QOWRAV09,QOWRAV02,0.9999996681343588
QOWRAV09,BAZFUF,0.9971724092872186
QOWRAV09,ICAREL,0.9910389321199292
QOWRAV09,KIJRUS,0.9864236735682756
QOWRAV09,NAFSOF,0.978925350676737
QOWRAV09,ANUGIA,0.960339910956154
QOWRAV09,ANUGOG,0.9568806447668328
QOWRAV09,LAYXAN,0.9529608799660096
QOWRAV09,HOYQIX,0.9442432634858428
QOWRAV09,IPUPOA,0.9336275283675938
QOWRAV09,YUSWEP,0.9311101375986442
QOWRAV09,CEFNIN,0.9114353482559528
QOWRAV09,LAQNID,0.8948121061186817
QOWRAV09,AZAVUU,0.8887025623610667
QOWRAV09,ORAWAH,0.8811715589080391
QOWRAV09,KAGJOS,0.8724458138150095
QOWRAV09,WURNOO,0.8721871157598137
QOWRAV09,HAYXIR,0.8717789373235858
QOWRAV09,SEMNIJ,0.8658960190232853
QOWRAV09,LURRIA,0.8608086358980511
QOWRAV09,EDOSEY,0.8572541214138689
QOWRAV09,NAPSUV,0.8564670849123817
QOWRAV09,ASIVAB,0.852725898427294
QOWRAV09,EPISOM,0.8508985882810752
QOWRAV09,RUJMEQ,0.8471079480043329
QOWRAV09,YIMQOD,0.8460010692112354
QOWRAV09,YOZNUY,0.83918127453064
QOWRAV09,QAWHIH01,0.8382039726034556
WULJUJ,DOTSOV02,0.9999998710938168
WULJUJ,EBAMUS,0.9995822473091094
WULJUJ,XAMDUM02,0.9991883668573536
WULJUJ,DOTSOV12,0.9991006536668972
WULJUJ,DOTSOV16,0.9990948749044504
WULJUJ,DOTSOV15,0.999094292490788
WULJUJ,DOTSOV10,0.9990942910434704
WULJUJ,LUDLIH,0.99900508231959
WULJUJ,BODPAN,0.99898997606685
WULJUJ,XAMDUM05,0.9989759239208946
WULJUJ,XAMDUM03,0.998940937478982
WULJUJ,XAMDUM01,0.9989104938259672
WULJUJ,RILFEA,0.9989054950295508
WULJUJ,YOZMIL,0.9988822913539056
WULJUJ,DIHVIB,0.9987997090382704
WULJUJ,NEHZOS,0.9973609948461144
WULJUJ,YOZNUY,0.995932694852808
WULJUJ,QIZLOC,0.9957902957824992
WULJUJ,DALSOA,0.9320613968632954
WULJUJ,ORAWAH,0.9300721280854048
WULJUJ,EXOYAS,0.9192273035246088
WULJUJ,GERWEH,0.9070405903667887
WULJUJ,MOCKEV,0.9056414513247384
WULJUJ,XIJSUH,0.9053290500014628
WULJUJ,PIDRAY,0.901920316117067
WULJUJ,MOBDIR,0.8958730113076213
WULJUJ,GIKMOD,0.8947362806720691
WULJUJ,VUJBIM,0.8926923844224527
WULJUJ,GINTUT,0.886219950377098
WULJUJ,HOYQIX,0.885709370796451
WULJUJ,IPUPOA,0.8855263488364322
WULJUJ,IPUPIU,0.8855184151542166
WULJUJ,ADONEP,0.8849434410634653
WULJUJ,XEDMEB,0.8842591071638326
WULJUJ,PAFZEE,0.883999454050598
WULJUJ,EMUBOF,0.8833864788309544
WULJUJ,EXAXAE,0.8828678850622173
WULJUJ,EMUBIZ,0.8826128892659721
WULJUJ,ANUGOG,0.8770250058552561
WULJUJ,DICKEH,0.8769999611914356
WULJUJ,HIDTUM,0.8745083955217323
WULJUJ,HABQUY,0.8687498304380687
WULJUJ,LAQNID,0.8684490987273744
WULJUJ,KIRFOI,0.8667409083848285
WULJUJ,XICKOL,0.8603082457493296
WULJUJ,OGEBAF,0.859579228178694
WULJUJ,XITYOP,0.8589345758484437
WULJUJ,IDUDIW,0.8579257795769668
WULJUJ,FALTUK,0.8523688869585165
WULJUJ,FAMPUH,0.8523180685026517
WULJUJ,FAMQES,0.8522634515969936
WULJUJ,NAPSUV,0.8522168225349294
WULJUJ,LAYXAN,0.8508708548371045
WULJUJ,RUJMEQ,0.8455273608283604
WULJUJ,KIJRUS,0.8395259624365368
WULJUJ,REGYOT,0.8393781956067551
WULJUJ,BAZGAM,0.8393741631834029
WULJUJ,ICAREL,0.8393677275262492
WULJUJ,LURRIA,0.8387557890194073
UMEXUF,MUZHUL,0.9999440403859876
UMEXUF,AZIMIH,0.9994380819122962
UMEXUF,RIGTIL,0.9993295094602708
UMEXUF,CIZQOT,0.9979893389247264
UMEXUF,NATFAS,0.9976360938792936
UMEXUF,COKNAT,0.8724818382117455
UMEXUF,WOBHOL,0.8724746516169287
UMEXUF,WOBHIF03,0.8724686036163216
UMEXUF,SAVMAE,0.8597237796236514
UMEXUF,APACAX,0.8458681571238145
EMUBIZ,EMUBOF,0.9950384060959342
EMUBIZ,KIRFOI,0.8878150655328905
EMUBIZ,NEHZOS,0.8850726044984625
EMUBIZ,HAYXIR,0.8848331586347258
EMUBIZ,QIZLOC,0.8846822568783324
EMUBIZ,DOTSOV07,0.8827828459780356
EMUBIZ,DOTSOV12,0.8825123800725778
EMUBIZ,DOTSOV14,0.8825097737537092
EMUBIZ,EBAMUS,0.8821059278422052
EMUBIZ,XAMDUM03,0.881872155018091
EMUBIZ,XAMDUM01,0.8817510830801051
EMUBIZ,UXISUR,0.8817199168814587
EMUBIZ,YOZMIL,0.8816051356689096
EMUBIZ,TISPAO,0.8798612544175861
EMUBIZ,DEGSIS01,0.8440129963071082
EMUBIZ,GERWEH,0.8391075384868114
HOGLEV01,DOTSOV16,0.9078985875173304
HOGLEV01,DOTSOV12,0.907898564630126
HOGLEV01,DOTSOV15,0.9078974849513588
HOGLEV01,DOTSOV11,0.9078964346002268
HOGLEV01,XAMDUM05,0.9076839196086212
HOGLEV01,BODPAN,0.9076746637262924
HOGLEV01,XAMDUM02,0.9076647909914066
HOGLEV01,XAMDUM03,0.907638973259798
HOGLEV01,LUDLIH,0.9076122579977348
HOGLEV01,RILFEA,0.9075860595403352
HOGLEV01,XAMDUM01,0.9075853992899832
HOGLEV01,YOZMIL,0.9075191166171762
HOGLEV01,DIHVIB,0.9074290327676282
HOGLEV01,DOTSOV02,0.907342682216992
HOGLEV01,NEHZOS,0.9070874095022902
HOGLEV01,TISPAO,0.9066208292348508
HOGLEV01,KAJZIH,0.9061919863359952
HOGLEV01,QIZLOC,0.9055894910740137
HOGLEV01,QAWHIH01,0.90541372107824
HOGLEV01,YOZNOS,0.897450421538608
HOGLEV01,YOZMUX,0.8932317325492202
HOGLEV01,LASYOU,0.8624676595455113
HOGLEV01,YUSWEP,0.8578872568258129
HOGLEV01,BABREE,0.8535370404799962
HOGLEV01,DALSOA,0.8530990227170433
HOGLEV01,ORAWAH,0.8505235742481849
HOGLEV01,EXOYAS,0.8429533222980212
HOGLEV01,RAWYAS,0.8429265174276601
HOGLEV01,IWEVAJ,0.8412284780328455
EREGOY,HIHGUC,0.998554734454948
EREGOY,WIVRIE,0.996298103188882
EREGOY,DAKVIW,0.8957547866802081
EREGOY,POKZOG,0.8604934665429684
EREGOY,JUQSIZ,0.8601847970967076
EREGOY,WUHMOD,0.859957542148791
EREGOY,XEFGUN01,0.8532740299160462
EREGOY,VAXTEV,0.8526775472346634
EREGOY,VAKLIF,0.8520874209064051
HIZQOX,VAKLIF,0.9999971927137912
FUTZAX,PEJNOJ,0.9999820357135796
FUTZAX,UNAGOH,0.9999283200032408
FUTZAX,FUVBAB,0.9996857240998396
FUTZAX,ULISOZ,0.998414906137458
FUTZAX,VEHJUP,0.996503139402902
FUTZAX,KUNLEL,0.9906828289880748
FUTZAX,UFAMEW,0.9405578356045288
FUTZAX,DUZPUL,0.9395247094414206
FUTZAX,QUQFEO,0.932391402230289
FUTZAX,JOVYAW,0.9078699372622449
FUTZAX,MOHLIF,0.9020933213294964
FUTZAX,DUNXUH15,0.8967432998344786
FUTZAX,EGIKUB01,0.8927401371026299
FUTZAX,BOWJAA,0.8853123590340712
FUTZAX,REFVEF,0.8786861963824683
FUTZAX,ORIBAU,0.8749172752121877
FUTZAX,FIJCUX,0.8747595387374443
FUTZAX,DOYHOQ,0.8745185586724766
FUTZAX,VEGMOK01,0.8736544765866682
FUTZAX,VEGMOK04,0.8736147065205269
FUTZAX,NUFBOH,0.8731687510172842
FUTZAX,IFABIA02,0.8727848577521584
FUTZAX,PEVQIS,0.8692569144163979
FUTZAX,UKOLUD,0.8692119029959033
FUTZAX,HOLRAD,0.8691360031658026
FUTZAX,VOTHIX,0.8687467421114488
FUTZAX,SOWCOY01,0.8607481041858769
FUTZAX,YOGKOW,0.8573968193819699
FUTZAX,LASMUP,0.8548273668248236
FUTZAX,WEHHOI,0.8507934479184811
FUTZAX,USAHAZ,0.8500667194439175
FUTZAX,QAQSAD,0.8495153765344188
FUTZAX,FECYUJ,0.8452588766642631
FUTZAX,CIJLIT,0.8448611489808511
FUTZAX,REYCEF,0.8429237406627437
FUTZAX,HEZKIH,0.8421260477421294
FUTZAX,NENHEU,0.8402063772945892
AMIXOK,ALUJOH,0.999654261480856
AMIXOK,ZEDVOV,0.9942720127291322
AMIXOK,WAYKAK,0.945472515458852
AMIXOK,VUKSUR,0.9046912069234124
AMIXOK,FOCZEE,0.8880822374326116
AMIXOK,FOCYUT,0.8876896164530024
AMIXOK,FOKYIP,0.8826197280907766
AMIXOK,VUWSAJ,0.8811500852035915
AMIXOK,ELIKEQ,0.856104966390308
AMIXOK,QOHZIX,0.8460192903412663
VIFPUY04,VIFPUY01,0.9999999872765928
VIFPUY04,VIFPUY,0.9999999395054584
VIFPUY04,VIFPUY03,0.9999998946204444
VIFPUY04,VIFPUY05,0.999999868125948
VIFPUY04,GALJAG,0.9472133919271308
VIFPUY04,IFIPEV,0.9468830972237828
VIFPUY04,FAHQEM,0.9435691243387142
VIFPUY04,GIWMAD,0.9073488535500768
VIFPUY04,NEDLOZ,0.9053981559051008
VIFPUY04,CIFSAO,0.9032967885496448
VIFPUY04,CIFSES,0.9031239016647676
VIFPUY04,FOSTOY,0.9025776196374762
VIFPUY04,YAMXOC,0.8747362020351044
VIFPUY04,CUFFOZ,0.8747351011155713
VIFPUY04,FEYDET,0.8745564212586687
GIWMAD,NEDLOZ,0.9994508119063236
GIWMAD,CIFSIW,0.9989054848438508
GIWMAD,CIFSAO,0.9983626658270536
GIWMAD,CIFSES,0.9982578457581868
GIWMAD,FOSTIS,0.9981929993892522
GIWMAD,FIFGEI,0.956371444089545
GIWMAD,IFIPEV,0.9562957812106252
GIWMAD,GALJAG,0.9555535350569898
GIWMAD,FAHQEM,0.9555086408793708
GIWMAD,VACFOV01,0.9074640712832696
GIWMAD,VIFPUY02,0.9073626567498264
GIWMAD,VIFPUY05,0.9073604323827577
GIWMAD,VIFPUY,0.9073560235670296
GIWMAD,VIFPUY03,0.907354989840434
GIWMAD,OTEGOL01,0.8642987895664234
GIWMAD,OWIHUZ,0.8642966764545119
GIWMAD,HIHNUJ,0.8642607339035849
GIWMAD,OWIHOT,0.8642477860659762
GIWMAD,OWIJIP,0.8642343190359651
GIWMAD,TIRFOQ,0.8410836697844302
GIWMAD,CUFFIT,0.8400413426793407
GIWMAD,CUFFUF,0.8400236471231224
GIWMAD,YAMXOC,0.8400176846925651
GIWMAD,CUFFEP,0.840016882988837
RUYVIS,LARYEK03,0.8766264614518007
RUYVIS,SIKYER,0.875952652101426
RUYVIS,EHAZAO,0.8757009246695712
RUYVIS,EHAZES,0.8701076364426801
RUYVIS,WECSAZ,0.8686857585112585
RUYVIS,EXUTAU,0.8659035396059015
RUYVIS,EYACOX,0.8398424332846458
RUYGID,HAWBUE,0.870821276855948
WEYQAU02,WEYQAU04,0.9999967859056654
WEYQAU02,WEYQAU01,0.9999891063926694
WEYQAU02,WEYQAU16,0.9998225701811568
WEYQAU02,WEYQEY,0.9994818381176632
WEYQAU02,FUTCAZ,0.996927408351998
WEYQAU02,OFODET,0.9043796003312112
WEYQAU02,GELVEZ02,0.8842517421743282
WEYQAU02,DIJCOP,0.8721409492995711
WEYQAU02,MAHTAR,0.8711843437271864
WEYQAU02,LUSHOX02,0.8705578970954257
WEYQAU02,GOVWOF,0.857648452299863
MUMBIH,LUSHOX04,0.8611074620228394
MUMBIH,LUSHOX02,0.8610886551065291
MUMBIH,DADLEC,0.8396734099351402
GELVEZ02,WEYQAU16,0.8848375785276352
GELVEZ02,WEYQAU01,0.8844298750577876
GELVEZ02,FUTCAZ,0.8843605167603454
GELVEZ02,ABAYIO,0.8810195664411189
GELVEZ02,SAMVIO,0.8414453729990583
ETUWOG,BUKLOJ01,0.9999156714646328
ETUWOG,BUKLOJ,0.9999561672050782
SAMVIO,XOHTOE,0.8983437346708432
SAMVIO,COKNUN02,0.8662322631977922
SAMVIO,COKNUN,0.866231894544853
SAMVIO,WACLEU,0.8431776904836318
SAMVIO,LUSHOX02,0.8386303360085371
TOVJIZ,TOVJAR,0.9087525074484852
TOVJIZ,TOVJEV,0.9077740533598436
TOVJIZ,PIJKIF,0.8878717449617919
TOVJIZ,PIJKUR,0.8877884508881797
TOVJIZ,KUXREC,0.8535283408415838
TOVJIZ,YAXBUV02,0.853403957558074
TOVJIZ,YAXCAC,0.8533507507776693
TOVJIZ,POJTOY,0.8518068595480175
TOVJIZ,VAGVAC,0.8517389112052647
TOVJIZ,POJTOY01,0.8516134122669352
TOVJIZ,POJTUE,0.8511189670872796
TOVJIZ,SETQOZ,0.8509375169522854
TOVJIZ,SETQUF,0.8509110123298398
TOVJIZ,SADMUH,0.8507784186847196
TOVJIZ,SETRAM,0.8506038536418492
TOVJIZ,SETQIT,0.8503529774912514
TOVJIZ,SETQAL,0.8502288707251459
TOVJIZ,YAXBOP,0.8502219015298793
TOVJIZ,SADMOB,0.8501583630188887
TOVJIZ,NEHZAE,0.8476188808153813
TOVJIZ,KUXSIH,0.8413923361110829
PIJKIF,PIJKUR,0.9999872382313012
PIJKIF,TOVJAR,0.94797022470831
PIJKIF,BAZBIQ,0.9314962274004276
PIJKIF,YAXBUV02,0.8868086413971131
PIJKIF,YAXCAC,0.8867332279667781
PIJKIF,POJTOY,0.8862815844477447
PIJKIF,POJTOY01,0.8861326722932672
PIJKIF,SETQUF,0.8855753812104818
PIJKIF,SETQIT,0.885119205111613
PIJKIF,YAXBOP,0.8850106606282488
PIJKIF,SETQEP,0.8849629564375585
PIJKIF,SADMOB,0.8849579107874737
PIJKIF,XUDSIY,0.8848829383065626
PIJKIF,NEHZAE,0.8797492109716541
PIJKIF,KUXSIH,0.872883250902504
CUFORM04,CUFORM06,0.9999515080032336
CUFORM04,AYONOT,0.999963854394546
CUFORM04,CUFORD,0.999838175032123
CUFORM04,YUKVOQ03,0.9998072685868854
CUFORM04,OCUQIO02,0.9997383020454595
CUFORM04,MAGMOZ01,0.9996922929501678
CUFORM04,MACUFR04,0.9994585551965828
CUFORM04,SANMAX,0.9988570869484026
CUFORM04,ROLCEC06,0.996107841573208
CUFORM04,ROLCEC01,0.995001777757926
CUFORM04,ROLCEC16,0.9949332974075588
EKUNON01,EKUNON02,0.9999954872302144
EKUNON01,ULOGIL,0.9998979836718298
EKUNON01,BERQIA,0.8912856909257006
EKUNON01,JUYJIY,0.8816535188799416
EKUNON01,FONKEA,0.8715182805902434
EKUNON01,FIVRUA,0.8647297771232458
EKUNON01,XEFGUN01,0.8642318735655886
EKUNON01,UYOGOF,0.8636415906929625
EKUNON01,VAKLIF,0.8616233176897214
EKUNON01,LUWKIZ,0.8616047163269822
EKUNON01,YICRAF,0.8581187198234254
EKUNON01,VOTHOD,0.8509613292956641
EKUNON01,NENHAQ,0.846756684594052
EKUNON01,GOQTIR,0.8418943900791773
EKUNON01,MUXVIM,0.8415602668972415
EKUNON01,JUXZOT,0.8412183857347791
EKUNON01,FIJDEI,0.8411834858540862
EKUNON01,JUXZIN,0.8408600248836
IGUVIR,IGUTUB,0.9999629336946771
IGUVIR,ECIWIW,0.9998094216420396
IGUVIR,WEBLAQ,0.92306555438043
IGUVIR,RUXWEM01,0.9225713297439546
IGUVIR,ROCZEQ,0.9208755564336588
IGUVIR,KETHEY,0.9091642770520147
IGUVIR,PIKYIU,0.8849823520420199
IGUVIR,GURXUN01,0.8833468537283298
IGUVIR,PIHJIB,0.8827015972820604
IGUVIR,XEFGUN01,0.8778116691180056
IGUVIR,VAKLIF,0.8761463913328325
IGUVIR,KEPLID,0.8689095347535438
IGUVIR,JIYSUI,0.8637949558218043
IGUVIR,EYULAM,0.8618545469558037
IGUVIR,NOLRIR,0.8601987808560875
IGUVIR,SAHYOS,0.8407767860153287
NUDPAE01,NUDPAE02,0.9999999965940184
NUDPAE01,NUDPAE09,0.9999262827217976
NUDPAE01,XACLOF,0.999621781737621
NUDPAE01,NUDPAE12,0.99959253044561
NUDPAE01,NUDNUW06,0.9994592331333116
NUDPAE01,NIKYUC,0.9990925132829498
NUDPAE01,NIHBEM01,0.998954083836618
NUDPAE01,CAJHUS01,0.9987717744502378
NUDPAE01,NIHBAI01,0.9987241607863296
NUDPAE01,NIKYOW01,0.9986717405188776
AZIHOI,TIDNIF,0.975769011128539
AZIHOI,BAKJII,0.9755137288975194
AZIHOI,CAXZOS,0.9091533229072268
AZIHOI,DIDBOJ,0.9087933335288708
AZIHOI,JODGIU,0.9085754418060028
AZIHOI,DIDBID,0.908470763000262
AZIHOI,ERUNOW,0.9074146897496106
AZIHOI,FUMJAZ,0.9073536045480824
AZIHOI,XEVXUT,0.9067153937439096
AZIHOI,AGAFAS,0.8909378005882225
AZIHOI,DIQHAO01,0.885554252625455
AZIHOI,NIDFOX,0.8834322571505844
AZIHOI,KEJWAY,0.8792747223204702
AZIHOI,TATSIS,0.8792246239602555
AZIHOI,BIPXIK,0.8790220599836458
AZIHOI,LASMAV,0.8790218767125053
AZIHOI,ABAVIJ,0.8790131298400893
AZIHOI,BOWDIC,0.8790066999719606
AZIHOI,AHETAK,0.8789724298465358
AZIHOI,BOWDUO,0.8789573870397649
AZIHOI,VEDFAN,0.8788828757239623
AZIHOI,VEDFOB,0.8788147395160143
AZIHOI,VEDGIW,0.8786896607859279
AZIHOI,VEDGES,0.8786669825854958
AZIHOI,VODNOS,0.878661659116595
AZIHOI,CIJBEE,0.8786593643073914
AZIHOI,OJOBAS,0.8784839300543446
AZIHOI,ABAVUV,0.8761747860909663
AZIHOI,KESFOG,0.8709839221874136
AZIHOI,KESFIA,0.8709796598037555
AZIHOI,XUDVAV,0.8705685947963631
AZIHOI,AXINAX01,0.8679012425752283
AZIHOI,DIBQIQ,0.8671000419786004
AZIHOI,NIGPEA,0.8649496726525222
AZIHOI,DIBQOW,0.8640063328031535
AZIHOI,MIHJUL,0.8634302796933543
AZIHOI,NIGPAW,0.8628518058577818
AZIHOI,BIKMAL01,0.8607271154871272
AZIHOI,DIBQEM,0.8598429184407699
AZIHOI,YIRSUQ,0.8542204971136311
AZIHOI,NOMPIQ01,0.8477887360105848
AZIHOI,CIKPEU,0.8477736279941608
BOWDIC,BIPXIK,0.999998845795264
BOWDIC,AHETAK,0.9999983104493684
BOWDIC,VEDFAN,0.9999887765488678
BOWDIC,EXUXEC,0.999978452081606
BOWDIC,ABAVOP,0.9999573088846752
BOWDIC,VEDGIW,0.9999407853617666
BOWDIC,VEDGES,0.9999332785102716
BOWDIC,VODNOS,0.9999314534249606
BOWDIC,OJOBAS,0.9998662187306268
BOWDIC,ABAVIJ,0.9995237141401738
BOWDIC,TATSIS01,0.9994546659310388
BOWDIC,TATSIS,0.9993752224596314
BOWDIC,LASMAV,0.9988946194991668
BOWDIC,ABAVUV,0.998479595580534
BOWDIC,YIGGEB,0.9976170971961412
BOWDIC,CAXZOS,0.9231340827448706
BOWDIC,DIDBOJ,0.92301691249801
BOWDIC,JODGIU,0.9229856855232648
BOWDIC,DIDBID,0.9228416436927108
BOWDIC,DIDBAV,0.9228098072327864
BOWDIC,ERUNOW,0.9225654077033276
BOWDIC,BUKLOJ,0.8833312532749293
BOWDIC,LIDSIC,0.8788955761186827
BOWDIC,ESEQUO,0.8742830245373856
BOWDIC,YATDOP,0.859896078111415
BOWDIC,XALMII,0.8581402735510288
BOWDIC,DIQHAO01,0.8570413666284081
BOWDIC,NIDFOX,0.8541897978645431
BOWDIC,FUMJAZ,0.8540596196627485
BOWDIC,WEMKEG,0.8444155178080239
BOWDIC,DERBIO,0.8441050382878671
BOWDIC,NERVIP01,0.8439204744610649
BOWDIC,GAGWOB,0.8434436240781567
BOWDIC,RAKBIO,0.8433972772818256
BOWDIC,RAKBIO01,0.8433486842193263
BOWDIC,NERVOV,0.8433076981517342
BOWDIC,FAZPIH,0.8432492649133796
BOWDIC,NERVEL,0.8430891695713788
BOWDIC,KOHDIW,0.8429928891518081
BOWDIC,YIRSUQ,0.8423508842685127
BOWDIC,CEJFOO,0.8418238976344612
ECIWIW,IGUTUB,0.999940328442512
ECIWIW,IGUTUB01,0.9994401396033432
ECIWIW,RUXWEM03,0.92253377281175
ECIWIW,RUXWEM01,0.9224311606356552
ECIWIW,WEBLAQ,0.9223681132400686
ECIWIW,ROCZEQ,0.919304486112134
ECIWIW,PIKYIU,0.8855420566968185
ECIWIW,GURXUN01,0.8840017742736401
ECIWIW,PIHJIB,0.8838780241414513
ECIWIW,XEFGUN01,0.8779623009719941
ECIWIW,KEPLID,0.8699700529532778
ECIWIW,JIYSUI,0.8623262566332739
ECIWIW,EYULAM,0.8615454940333759
ECIWIW,DELGIN,0.8596989506553846
ECIWIW,VOQBUZ,0.8593934652554409
ECIWIW,SAHYOS,0.840746716174382
FEVDIV,XOMCIN,0.9781208263879072
FEVDIV,LIDSEY,0.9776680540859976
FEVDIV,JAMSEY,0.975091217565864
FEVDIV,CAXZUY,0.9089374822111632
FEVDIV,BEJKEJ,0.9088678019854493
FEVDIV,GAWZOW,0.9086662089902916
FEVDIV,TEVVOI,0.9068909125101496
FEVDIV,TEVVEY,0.9061717840461918
FEVDIV,TEVVAU,0.905739192062808
FEVDIV,ROGLOP,0.8788176114830761
FEVDIV,HOGSIG,0.878753364862181
FEVDIV,UFATEA01,0.8784024097977441
FEVDIV,UFATEA,0.8773333591890529
FEVDIV,BIKMEP,0.8604089767157787
FEVDIV,VEXTUO,0.8477933450462982
FEVDIV,FIFPAM01,0.8444133066109486
NUNPAP,NUNNUH,0.9999833893269104
NUNPAP,XUJPOI,0.9999791077568434
NUNPAP,XUJQAV,0.9999688079732636
NUNPAP,XUJPEY,0.999958027319417
NUNPAP,VEMSUC,0.9999580094273716
NUNPAP,XUJPIC,0.9998406727537108
NUNPAP,EZOFEF,0.9947730690516104
NUNPAP,QEZZED,0.8962421287434894
NUNPAP,XUCHOS01,0.8805230386397821
NUNPAP,SOQRUM,0.8753675491461383
NUNPAP,LIDSAU,0.8611231796773914
DADTOS03,DADTOS07,0.999999686173366
DADTOS03,DADTOS10,0.9999936860320549
DADTOS03,YANWOC,0.9999934900395602
DADTOS03,YANWOC03,0.9999884453696768
DADTOS03,YANWOC01,0.9999833231293696
DADTOS03,DADTOS12,0.99998199211088
DADTOS03,DADTOS01,0.9999796564393518
DADTOS03,DADTOS11,0.9999794608273866
DADTOS03,DADTOS,0.9999780642789634
DADTOS03,YANWOC02,0.9999691842441568
DADTOS03,DADTOS13,0.9999646314780116
DADTOS03,DADTOS14,0.999946975332476
DADTOS03,DADTOS15,0.9999062349075256
DADTOS03,YUKTUU01,0.9998985357473826
DADTOS03,YUKTUU,0.9998979899825609
DADTOS03,REZJIR03,0.999890851723468
DADTOS03,REZJIR,0.9998698231334392
DADTOS03,PADJOU,0.9998584880664932
DADTOS03,PADJOU01,0.9998493918780268
DADTOS03,DADTOS17,0.9998158841925722
DADTOS03,LIJWOR01,0.9998146267911177
DADTOS03,MNFORD02,0.9998063067825264
DADTOS03,LIJWOR02,0.9998010534904214
DADTOS03,LIJWOR06,0.9997968603282508
DADTOS03,LIJWOR,0.9997953886161792
DADTOS03,MNFORD03,0.9997589972679972
DADTOS03,IJOMOJ01,0.999705298379454
DADTOS03,NURGUE,0.9996758419932492
DADTOS03,SIWPUL04,0.9996526383568184
DADTOS03,ATIBOU02,0.9989919400356818
YUKTUU06,YUKTUU07,0.9999998762727847
YUKTUU06,DADTOS15,0.9999999912804006
YUKTUU06,YUKTUU05,0.9999999735347892
WURKEB,POVVAY,0.8709053926383674
WURKEB,QUJJUB,0.8644056654779269
WURKEB,COKNUN,0.8590499070873927
WURKEB,LUSHOX04,0.8464639673132278
WURKEB,MAHTAR,0.846461812540461
WURKEB,XUDSUK,0.8464461301390801
REZFEK,HIYZEV01,0.8641094149164931
REZFEK,LIJPAX,0.851846761338422
IVEMAZ,FEJFAE,0.9999827261466864
IVEMAZ,IVELUS,0.9999613279005352
IVEMAZ,DIWFAT,0.9999590168985816
IVEMAZ,YAQCEY,0.9992842691214512
IVEMAZ,MAHTAR,0.8850317799985031
IVEMAZ,LIJPAX,0.8511267130753303
IVEMAZ,OCAKUB,0.8443856649402498
IVEMAZ,VUQKAU,0.8441168167489135
IVEMAZ,VUQKAU02,0.8441110851232313
IVEMAZ,VUQKAU01,0.8440774005612764
IVEMAZ,VUQJUN01,0.8437391454807741
IVEMAZ,IQOKIK,0.8412702571333678
BAMHIJ,LIJPAX,0.8435577706740113
BAMHIJ,HIYZEV01,0.8420083873640734
NENHEU,VEGMOK04,0.8728955241653802
NENHEU,REDROI,0.8725587915980564
NENHEU,USAHAZ,0.8715789853841853
NENHEU,QAQSAD,0.8710592233298997
NENHEU,MIBQAR12,0.8685842578305516
NENHEU,MIBQAR01,0.8684838477139142
NENHEU,HOLRAD,0.8684732739592145
NENHEU,LAWFOF,0.8684569684092684
NENHEU,EGIKUB01,0.8494585420303841
NENHEU,HOKLIE,0.8454512336896581
NENHEU,SAVMAE,0.8453776766395794
NENHEU,UNAGOH,0.8401468841194624
NENHEU,FUVBAB,0.8399177990580995
NENHEU,REGREC,0.839170318274861
NENHEU,ULISOZ,0.8386788072228469
JEXLIK,UDUMIP02,0.8737103964408816
JEXLIK,SEKXUE,0.8439804616099847
JEXLIK,AVOGAT,0.8395470256815132
MACHIJ,OFORUZ,0.8456043119963441
MACHIJ,SOSQIC01,0.8652923529507587
MACHIJ,LAWFOF,0.8446611421973148
MACHIJ,MIBQAR12,0.8445885494840716
MACHIJ,PEVQIS,0.8445838861213281
MACHIJ,IFABIA02,0.8409742672330958
MACHIJ,REDROI,0.8404393348243292
MACHIJ,VEGMOK04,0.8397532489615028
MACHIJ,VEGMOK01,0.8396652451088376
KIRFOI,IDUDIW,0.9222214671351296
KIRFOI,LASYOU,0.9057418867368824
KIRFOI,IDUDES,0.8895278358807452
KIRFOI,EXAXAE,0.8877993741293955
KIRFOI,YIMQOD,0.8863353491962427
KIRFOI,XEDMEB,0.8862460913907978
KIRFOI,ADONEP,0.8858720154510541
KIRFOI,WANJIF,0.8850517017971473
KIRFOI,MUNDOQ,0.8837553114505062
KIRFOI,JALPAQ,0.8778564887584779
KIRFOI,EXOGAB,0.8756495706180979
KIRFOI,CEKHUY,0.8721739787383929
KIRFOI,ANUGOG,0.8693804975321774
KIRFOI,NEHZOS,0.8692728742064807
KIRFOI,DOTSOV02,0.8667238358783532
KIRFOI,DOTSOV16,0.8666245390601481
KIRFOI,DOTSOV12,0.8666245019643593
KIRFOI,DOTSOV14,0.8666218528797116
KIRFOI,DOTSOV15,0.8666215124788429
KIRFOI,EBAMUS,0.8662136119943902
KIRFOI,XAMDUM05,0.8660798547974481
KIRFOI,XAMDUM02,0.8660587577848737
KIRFOI,BODPAN,0.8660582399221003
KIRFOI,XAMDUM03,0.8659743667803399
KIRFOI,XAMDUM01,0.8658515356567967
KIRFOI,UXISUR,0.8658199249392116
KIRFOI,NAPSUV,0.8657481917513682
KIRFOI,TISPAO,0.86393764547484
KIRFOI,YOZNUY,0.8595648741988039
KIRFOI,IPUPOA,0.8574387817863516
KIRFOI,LAYXAN,0.8572799223072262
KIRFOI,YOZNOS,0.8533790593499282
KIRFOI,YOZMUX,0.8486365019512238
KIRFOI,WARXUL,0.8480215174508214
QOWRAV07,QOWRAV08,0.9999999914212142
QOWRAV07,QOWRAV11,0.9999999670083746
QOWRAV07,QOWRAV04,0.9999998973938192
QOWRAV07,QOWRAV02,0.9999998771206056
QOWRAV07,KIJRUS,0.9863763629210855
QOWRAV07,BAZGAM,0.986152807769223
QOWRAV07,ANUGIA,0.9603170516468676
QOWRAV07,ANUGOG,0.9568457815088026
QOWRAV07,IPUPIU,0.944605036994552
QOWRAV07,HOYQIX,0.9442157090301068
QOWRAV07,IPUPOA,0.9335742055732504
QOWRAV07,FISGOF,0.9012162760261904
QOWRAV07,LAQNID,0.8947740506712244
QOWRAV07,AZAVUU,0.8886557170530208
QOWRAV07,ORAWAH,0.881152171085301
QOWRAV07,AVAKAL02,0.8811495046026617
QOWRAV07,ICAGOK,0.8768097207308156
QOWRAV07,KAGJOS,0.8723947280090923
QOWRAV07,WURNOO,0.8721352376785145
QOWRAV07,HAYXIR,0.8717460918643298
QOWRAV07,ENIHUG,0.8678081584322067
QOWRAV07,LASYOU,0.8629598258770909
QOWRAV07,LURRIA,0.8607745902242192
QOWRAV07,MUNDOQ,0.8594949469487472
QOWRAV07,EDOSEY,0.8572271425018076
QOWRAV07,SIXNIZ,0.8524533251229984
QOWRAV07,SIXNEV,0.851009800882996
QOWRAV07,EPISOM,0.8508546047859954
QOWRAV07,RUJMEQ,0.8470719189438447
QOWRAV07,YIMQOD,0.8459892075323401
QOWRAV07,YOZNUY,0.8391667928651951
DOTSOV37,DOTSOV39,0.9999999846634474
RISTAQ,MOMRIR,0.9988281711978436
ACICOH,ROGLOP,0.9999890275615408
ACICOH,AKOXIJ,0.9995789300472648
ASIVAB,SIXNIZ,0.8958316684189578
ASIVAB,SIXNUL,0.8730615011512105
ASIVAB,IPUPOA,0.8642443264119177
ASIVAB,IPUPIU,0.8641038258475751
ASIVAB,LAYXAN,0.8619133548713988
ASIVAB,BAZFUF,0.8594672644706796
ASIVAB,NAFSOF,0.8577294975863998
ASIVAB,QOWRAV11,0.852718050147246
ASIVAB,QOWRAV08,0.8527021253739344
ASIVAB,QOWRAV05,0.8526373676821619
ASIVAB,QOWRAV02,0.8526226143527615
XIHSEN,VEFLUP,0.9999994479360927
XIHSEN,XIHSEN01,0.999989565891585
XIHSEN,XIHSAJ,0.9999538077100404
XIHSEN,TONBOO,0.9991930580153215
XIHSEN,BUKLOJ,0.8850379672965214
XIHSEN,XADDUD,0.8627411730317464
XIHSEN,DAFHEZ,0.8626312158909288
XIHSEN,COXFOL,0.8617787474351971
XIHSEN,XUZRIU,0.8616580721336908
XIHSEN,XEVSIB,0.8607584402803381
XIHSEN,FILYAC,0.8601974568393485
XIHSEN,EJINIV01,0.8524297264175549
XIHSEN,EJINIV,0.8524217898397524
XIHSEN,PUNYED,0.8497697907545946
XIHSEN,ABAYOU,0.8496078507079166
XIHSEN,XAPSIS,0.8456082079159837
XIHSEN,CIPLIX,0.8442465142673472
XIHSEN,JEDVUM,0.8441551731205027
XIHSEN,YIPFIO,0.8439497829570766
XIHSEN,MOXDOT,0.8425059998977706
XIHSEN,GEPBEK,0.8417283617845098
XIHSEN,DERBIO,0.8415701207107359
XIHSEN,NIGPAW,0.8397281484354767
XIHSEN,CUWNIT,0.8394250966774192
XIHSEN,XAMGUQ,0.8393554574052082
XIHSEN01,VEFLUP,0.9999852791327418
XIHSEN01,XIHSAJ,0.99998317395893
XIHSEN01,TONBOO,0.9991451762723416
XIHSEN01,FILYEG,0.8633546811861373
XIHSEN01,XUZRIU,0.8616343077301117
XIHSEN01,XEVSIB01,0.8606204576748995
XIHSEN01,XEVSIB,0.8605720906326807
XIHSEN01,XUYYEW,0.8524774577071015
XIHSEN01,EJINIV01,0.8524741958180435
XIHSEN01,EJINIV,0.8524495848836875
XIHSEN01,PUNYED,0.8496495832982262
XIHSEN01,ABAYOU,0.8494723552974354
XIHSEN01,XAPSIS,0.84599404823356
XIHSEN01,CIPLIX,0.8446885903556868
XIHSEN01,JEDVUM,0.8446007498931329
XIHSEN01,WEMKEG,0.8435169479118767
XIHSEN01,DERBIO,0.8418776932300257
XIHSEN01,GEPBEK,0.8415002499869011
XIHSEN01,WUHMUJ,0.8405998250023803
XIHSEN01,XAMGUQ,0.8397046876400573
NUTQAV,YAGHUM,0.999994948217056
NUTQAV,DICKEH,0.960273772776498
NUTQAV,HABQUY,0.9482586032328733
NUTQAV,OGEBAF01,0.9370555067563686
NUTQAV,OGOJAX,0.9145277596588108
NUTQAV,BIHRUI,0.9144944109178412
NUTQAV,QAWHIH01,0.9082144287970018
NUTQAV,DIHVIB,0.9078933476465998
NUTQAV,YOZMIL,0.9078294260423928
NUTQAV,UXISUR,0.9077883321353536
NUTQAV,XAMDUM01,0.907776649639526
NUTQAV,RILFEA,0.9077761105272986
NUTQAV,LUDLIH,0.9077494439423098
NUTQAV,XAMDUM03,0.9077293908923711
NUTQAV,BODPAN,0.9076949479406898
NUTQAV,DOTSOV15,0.9074227182228278
NUTQAV,DOTSOV16,0.9074210254210862
NUTQAV,FISGOF,0.9071450598431888
NUTQAV,DOTSOV07,0.9068620492249404
NUTQAV,NEHZOS,0.9016260995578558
NUTQAV,KAJZIH,0.8996765545741493
NUTQAV,QIZLOC,0.898509555240381
NUTQAV,YOZMUX,0.8977722936222493
NUTQAV,QIYDIN,0.8853060947013804
NUTQAV,QIYDAF01,0.8813999260634242
NUTQAV,FAGQAI,0.8806311498065331
NUTQAV,LASYOU,0.8651139711141169
NUTQAV,ORAWAH,0.8534952229242263
NUTQAV,DALSOA,0.8528695673059508
NUTQAV,BABREE,0.8509041768100744
NUTQAV,EXOYAS,0.8413262225881197
NUTQAV,IWEVAJ,0.8408842715547145
NUTQAV,RAWYAS,0.8398812823728437
LAQNID,EXOGAB,0.9521528939942387
LAQNID,ANUGOG,0.9419271551723076
LAQNID,LASYOU,0.9113516016961648
LAQNID,RUJMEQ,0.9050600270074552
LAQNID,BAZGAM,0.9006727220662911
LAQNID,NAFSOF,0.8982869262300819
LAQNID,ORAWAH,0.8979810020484957
LAQNID,QOWRAV11,0.8948047063970213
LAQNID,QOWRAV08,0.8947896909837646
LAQNID,QOWRAV02,0.8947147066007306
LAQNID,XICKOL,0.877756474491005
LAQNID,ENIHUG,0.8746591089970679
LAQNID,YIMQOD,0.8728515099997713
LAQNID,DOTSOV14,0.8692416368218889
LAQNID,DOTSOV15,0.8692416090021635
LAQNID,DOTSOV11,0.8692412868693317
LAQNID,BODPAN,0.8691543378670317
LAQNID,XAMDUM02,0.869140475192351
LAQNID,XAMDUM03,0.8691378258785609
LAQNID,LUDLIH,0.8691239520064505
LAQNID,UXISUR,0.8691048800632729
LAQNID,TISPAO,0.8685260278935503
LAQNID,DOTSOV02,0.8684283734390018
LAQNID,QAWHIH01,0.8676527868462753
LAQNID,YOZNUY,0.8664665822845415
LAQNID,KAJZIH,0.8658743512973026
LAQNID,QIZLOC,0.8651158995272717
LAQNID,YOZMUX,0.8559298816530986
LAQNID,LURRIA,0.8521709219543724
LAQNID,CEFNIN,0.8483585541420847
LAQNID,NEMCOA,0.8468521956230863
LAQNID,YUSWEP,0.8464408548531954
LAQNID,CEKHUY,0.8464243035351855
LAQNID,HIDTUM,0.8458185547417507
LAQNID,ADASEF,0.8434531278389702
LAQNID,HAYXIR,0.8409794862342663
LAQNID,MUNDOQ,0.8387952897664448
UTONEX,MEGNUJ,0.8035765162369404
UTONEX,MEQKOL,0.8640622697117
UTONEX,NATREH,0.8634759853172749
UTONEX,ATIJUI,0.863369331044559
UTONEX,NATREH02,0.8628336841745587
UTONEX,FOKYEL,0.8609903588110268
UTONEX,DOJXOQ,0.8423810943254193
FESYEK,QEKLID01,0.9738610576719806
FESYEK,SITDAD,0.9564181679078304
FESYEK,KETHEY,0.914167774190584
FESYEK,ODOXEK,0.9082467093092608
FESYEK,YEYRAY,0.908079061390804
FESYEK,MITSEO,0.907644106557733
FESYEK,OKOSUE,0.9006000629555161
FESYEK,RUXWEM01,0.8937171294036433
FESYEK,RUXWEM03,0.8932231825314092
FESYEK,YAYNEU,0.8617520963691567
FESYEK,PAQXUC,0.8585049235578188
FESYEK,PIKYIU,0.8563875564164358
FESYEK,XEDGIY,0.8431056143074392
FESYEK,AJIJEI01,0.8429928185090901
FESYEK,VAKLIF,0.8402045657276472
VEDGIW,CIJBEE,0.9999987255554994
VEDGIW,ABAVOP,0.9999983236553976
VEDGIW,VEDGES,0.9999959924504797
VEDGIW,VEDFOB,0.9999895583879088
VEDGIW,OJOBAS,0.9999848446982572
VEDGIW,VEDFIV,0.9999812655915374
VEDGIW,VEDFAN,0.9999810970059372
VEDGIW,BOWDOI,0.9999756710164288
VEDGIW,BOWDUO,0.9999607440958526
VEDGIW,AHETAK,0.9999553757443655
VEDGIW,KEJWAY,0.99958032508045
VEDGIW,ABAVIJ,0.9992174432562244
VEDGIW,TATSIS01,0.9990527254742816
VEDGIW,ABAVUV,0.99901600613557
VEDGIW,TATSIS,0.9989328179023316
VEDGIW,ERUNUC,0.9233506774278176
VEDGIW,JODGIU,0.9229999061970272
VEDGIW,CAXZOS,0.9229601348721894
VEDGIW,ERUNOW,0.9229498606040264
VEDGIW,DIDBEZ,0.9229109904546088
VEDGIW,DIDBAV,0.9227182487363436
VEDGIW,BUKLOJ,0.8826375940632724
VEDGIW,BAKJOO,0.8792096017870088
VEDGIW,LIDSIC,0.8791415487309677
VEDGIW,BAKJEE,0.879014281445518
VEDGIW,BAKJII,0.8785108292730768
VEDGIW,TIDNIF,0.8768957369143978
VEDGIW,YATDOP,0.8601457666564671
VEDGIW,XALMOO,0.85996814692887
VEDGIW,XALMII,0.8587914007329426
VEDGIW,DIQHAO01,0.856108176898783
VEDGIW,FUMJAZ,0.8533193865127706
VEDGIW,XEVXUT,0.8516308350541917
VEDGIW,WEMKEG,0.8443197608299357
VEDGIW,DERBIO,0.8443191294778767
VEDGIW,RAKBIO,0.8437198080348967
VEDGIW,RAKBIO01,0.8436856224163478
VEDGIW,GAGWOB,0.8430209137584956
VEDGIW,KOHLIE,0.8429929312173461
VEDGIW,CANROA,0.8429248528860327
VEDGIW,NERVOV,0.8428421727017141
VEDGIW,FAZPIH,0.8427662165968642
VEDGIW,YIRSUQ,0.8417202569961705
LIPZES,LONHON,0.9998188014841758
LIPZES,ERIQUS,0.9997586625252874
LIPZES,YAPQUC,0.9951064670652588
LIPZES,VIXKOE,0.9082255859949088
LIPZES,IVOLOW,0.8886756857397677
LIPZES,LACFOM,0.8884388318964148
LIPZES,POCMEA04,0.8846016529978227
LIPZES,POCMEA01,0.8844793096731758
LIPZES,INICPB01,0.8842009602104293
LIPZES,YUNBOZ,0.883511191417202
LIPZES,CERPOF,0.8749992565035021
LIPZES,WENRIR,0.8604190398402732
LIPZES,HIFHIP,0.8540504767701067
LIPZES,FAHQUD,0.8535176669888643
MNFORD02,LIJWOR02,0.9999923168617304
MNFORD02,PADJOU,0.9999920660032664
MNFORD02,LIJWOR03,0.9999912292086012
MNFORD02,DADTOS17,0.9999883252301318
MNFORD02,VIRJEM,0.9999838665374414
MNFORD02,REZJIR03,0.9999811789979368
MNFORD02,REZJIR02,0.9999759929861172
MNFORD02,IJOMOJ01,0.999975521174982
MNFORD02,DADTOS15,0.999973054569352
MNFORD02,LIJWOR01,0.999966957410778
MNFORD02,QINSUD,0.999966073927502
MNFORD02,SIWPUL04,0.9999648057301376
MNFORD02,SIWPUL,0.999963443357888
MNFORD02,DADTOS13,0.999929900635394
MNFORD02,YANWOC02,0.999923588981296
MNFORD02,DADTOS04,0.9999068438197593
MNFORD02,DADTOS11,0.9999061879233666
MNFORD02,DADTOS09,0.9999036124962244
MNFORD02,DADTOS12,0.999900839288102
MNFORD02,YANWOC01,0.9998976735219278
MNFORD02,IJOMOJ03,0.9998545019405242
MNFORD02,REZJIR04,0.9998072699955508
MNFORD02,JEDKIP01,0.9997964754435916
MNFORD02,ATIBOU02,0.9979365379812372
IJOMOJ01,SIWPUL04,0.999997726875474
IJOMOJ01,MNFORD03,0.9999972408074542
IJOMOJ01,SIWPUL,0.999997178990326
IJOMOJ01,LIJWOR06,0.9999915034178222
IJOMOJ01,DADTOS17,0.999987040221538
IJOMOJ01,LIJWOR03,0.9999861682542364
IJOMOJ01,REZJIR03,0.9999547147146072
IJOMOJ01,YUKTUU01,0.9999496468989766
IJOMOJ01,REZJIR02,0.99994830055561
IJOMOJ01,DADTOS14,0.9999021507267712
IJOMOJ01,YANWOC02,0.9998648394467085
IJOMOJ01,DADTOS02,0.9998553108132964
IJOMOJ01,DADTOS11,0.9998400532977452
IJOMOJ01,DADTOS01,0.9998395032494868
IJOMOJ01,DADTOS05,0.999837587973593
IJOMOJ01,DADTOS09,0.9998364668583112
IJOMOJ01,YANWOC,0.9997860936795736
IJOMOJ01,IJOMOJ03,0.9997741273601624
IJOMOJ01,REZJIR04,0.9997092854932832
IJOMOJ01,ATIBOU02,0.9976101674817848
IJOMOJ01,SIWPUL11,0.9961002855780148
REZJIR04,JEDKIP01,0.9999998109114164
REZJIR04,IJOMOJ03,0.9999956846653884
REZJIR04,DADTOS10,0.9999943723429288
REZJIR04,YANWOC03,0.9999881074740692
REZJIR04,DADTOS12,0.9999830679946208
REZJIR04,DADTOS06,0.9999830009028222
REZJIR04,DADTOS01,0.9999807915423492
REZJIR04,DADTOS11,0.9999806006287366
REZJIR04,DADTOS04,0.999980275944082
REZJIR04,DADTOS,0.9999792377134648
REZJIR04,DADTOS02,0.9999747709167224
REZJIR04,DADTOS13,0.9999660903139268
REZJIR04,DADTOS14,0.9999487375130772
REZJIR04,REZJIR02,0.9999027400715924
REZJIR04,YUKTUU01,0.9999008805299407
REZJIR04,VIRJEM,0.9998730073286666
REZJIR04,REZJIR,0.999872193416762
REZJIR04,PADJOU,0.9998580479664736
REZJIR04,PADJOU01,0.9998518223773276
REZJIR04,LIJWOR01,0.9998116797482264
REZJIR04,LIJWOR02,0.9998039032139742
REZJIR04,LIJWOR,0.9997978265108224
REZJIR04,MNFORD03,0.9997624416519478
REZJIR04,LIJWOR05,0.9997326569205895
REZJIR04,ATIBOU02,0.9989848030607136
REZJIR04,SIWPUL11,0.9979346406372532
QAWHIH01,YOZMIL,0.9993092505287496
QAWHIH01,UXISUR,0.999256798742127
QAWHIH01,XAMDUM01,0.9992419573088186
QAWHIH01,XAMDUM03,0.99918237680779
QAWHIH01,BODPAN,0.999139267188827
QAWHIH01,XAMDUM05,0.9991284056847224
QAWHIH01,EBAMUS,0.9988214363834554
QAWHIH01,DOTSOV11,0.9988085423810636
QAWHIH01,DOTSOV15,0.9988066089651824
QAWHIH01,DOTSOV14,0.998806334821499
QAWHIH01,DOTSOV02,0.9971915702631146
QAWHIH01,QIZLOC,0.9890918215102328
QAWHIH01,LASYOU,0.9471932803229786
QAWHIH01,ORAWAH,0.9330094147202014
QAWHIH01,DALSOA,0.9319909977711652
QAWHIH01,BABREE,0.9297326586979726
QAWHIH01,IWEVAJ,0.9176139498430312
QAWHIH01,GERWEH,0.9077251694819556
QAWHIH01,EXOGAB,0.9056593360523686
QAWHIH01,VUJBIM,0.8970418025229174
QAWHIH01,MUDTEL,0.8967483971532848
QAWHIH01,HUCBOX,0.8957127384931542
QAWHIH01,RAHBOU,0.8951138579728323
QAWHIH01,PIDRAY,0.8942132947856214
QAWHIH01,GIKMOD,0.8898326726465232
QAWHIH01,IPUPIU,0.887123274530327
QAWHIH01,HOYQIX,0.8870261913412851
QAWHIH01,GINTUT,0.8865196806151769
QAWHIH01,USEVOF,0.8846346572813559
QAWHIH01,VIXPUP,0.8844963170421334
QAWHIH01,PAFZEE,0.8842969210750633
QAWHIH01,ADONEP,0.8827356960640376
QAWHIH01,APUPEH,0.8784670554179438
QAWHIH01,EXAXAE,0.8783726860339833
QAWHIH01,ANUGIA,0.8779289829434662
QAWHIH01,ANUGOG,0.8768747863452897
QAWHIH01,HIDTUM,0.8687775330957531
QAWHIH01,TOVWAE,0.8610574592432869
QAWHIH01,NIGDIS,0.8595168382584294
QAWHIH01,TEKYOA,0.8593260299398617
QAWHIH01,XICKOL,0.8585612429147345
QAWHIH01,OGEBAF,0.8553131696580047
QAWHIH01,OGEBAF01,0.8550137424492997
QAWHIH01,JALPAQ,0.8544155316224902
QAWHIH01,XITYOP,0.8536310237487155
QAWHIH01,EDOSEY,0.8533222931112043
QAWHIH01,FAMQES,0.8530469525292076
QAWHIH01,IDUDIW,0.8520368190518761
QAWHIH01,EPISOM,0.8503818991805481
QAWHIH01,MAVRAE,0.8479892383601271
QAWHIH01,RUJMEQ,0.8451386460157465
QAWHIH01,LAYXAN,0.8445904979558183
QAWHIH01,ENIHUG,0.8396829740994979
QAWHIH01,SEMNIJ,0.8393669941112272
QAWHIH01,YIMQOD,0.839338121907367
QAWHIH01,UWALEL,0.8390860673764028
QAWHIH01,QOWRAV11,0.8382000491706804
QAWHIH01,QOWRAV08,0.8381920820041288
VEDFIV,ABAVOP,0.999988372183425
VEDFIV,VEDFAN,0.9999805531255253
VEDFIV,VODNOS,0.999976929090168
VEDFIV,BOWDUO,0.9999611704023376
VEDFIV,AHETAK,0.9999574427404158
VEDFIV,OJOBAS,0.999954471384242
VEDFIV,BIPXIK,0.9999397087635016
VEDFIV,EXUXEC,0.9998733655116988
VEDFIV,KEJWAY,0.9996277873612928
VEDFIV,ABAVIJ,0.9994071425228368
VEDFIV,TATSIS01,0.9992074547052868
VEDFIV,ABAVUV,0.9989070116499849
VEDFIV,ERUNUC,0.9233108760022828
VEDFIV,CAXZOS,0.923114633941497
VEDFIV,DIDBOJ,0.9231119715607732
VEDFIV,DIDBAV,0.9229251526090952
VEDFIV,ERUNOW,0.92286771519394
VEDFIV,BAKJOO,0.8791652667631511
VEDFIV,LIDSIC,0.8790860314106007
VEDFIV,BAKJEE,0.8789500576435227
VEDFIV,BAKJII,0.8784084433289892
VEDFIV,CANYIB,0.8772423916330111
VEDFIV,ESEQUO,0.8733104931798943
VEDFIV,XALMOO,0.8600056551787278
VEDFIV,DIQHAO01,0.8563700232004624
VEDFIV,NIDFOX,0.8531887997494928
VEDFIV,XEVXUT,0.8518273266727399
VEDFIV,MOXDOT,0.844403378827945
VEDFIV,WEMKEG,0.844329988068414
VEDFIV,DERBIO,0.8442731255346896
VEDFIV,RAKBIO01,0.8436113542446062
VEDFIV,GAGWOB,0.8431562564727444
VEDFIV,KOHLIE,0.8429715437446713
VEDFIV,CANROA,0.8429365439551646
VEDFIV,NERVOV,0.8429356613235781
VEDFIV,VOCKUT,0.8427852766048336
VEDFIV,NERVEL,0.8427124196880708
VEDFIV,YIRSUQ,0.8418414537222689
VEDFIV,CEJFOO,0.8414584245565466
VODNOS,CIJBEE,0.9999985174282804
VODNOS,VEDGES,0.9999950324216564
VODNOS,VEDFOB,0.9999852042024652
VODNOS,BOWDOI,0.9999693555758772
VODNOS,BOWDUO,0.999953445128964
VODNOS,BIPXIK,0.9999244579892684
VODNOS,EXUXEC,0.9998344507791184
VODNOS,KEJWAY,0.9995570969926232
VODNOS,TATSIS01,0.9990145658800714
VODNOS,LASMAV,0.9982852794070352
VODNOS,YIGGEB,0.9967542384067932
VODNOS,ERUNUC,0.9233583210039804
VODNOS,JODGIU,0.9229877082970692
VODNOS,ERUNOW,0.9229728933225236
VODNOS,CAXZOS,0.9229359344398296
VODNOS,DIDBOJ,0.9229272508374085
VODNOS,DIDBID,0.9228160613415524
VODNOS,LIDSIC,0.8791546297286259
VODNOS,FEVDER,0.8790798654296784
VODNOS,CANYIB,0.8774384216023825
VODNOS,TIDNIF,0.8768594232165025
VODNOS,ESEQUO,0.8725625139557385
VODNOS,YATDOP,0.8601590718411123
VODNOS,XALMII,0.8588336748946487
VODNOS,DIQHAO01,0.8560316550180431
VODNOS,FUMJAZ,0.8532474352958498
VODNOS,DERBIO,0.8443297332923373
VODNOS,RAKBIO02,0.8437450130572676
VODNOS,NERVIP01,0.8436912672270842
VODNOS,GAGWOB,0.8429825528257628
VODNOS,KOHDIW,0.8429115082055623
VODNOS,VOCKUT,0.8425800990229617
VODNOS,NERVEL,0.8425175796074311
VODNOS,NERVIP,0.8422577902151929
VODNOS,CEJFOO,0.8410533907255231
SEFWEH,NIFRAY,0.9999985733068562
SEFWEH,NIFQIF,0.9999855935212574
SEFWEH,NIFTAA,0.999985264027738
SEFWEH,TUDKEJ,0.9999783320063688
SEFWEH,NIFPAW,0.9999705141890252
EDOSEY,JALPAQ,0.9849845572584516
EDOSEY,EXOGAB,0.9317373377579884
EDOSEY,ICAGOK,0.9219618894422646
EDOSEY,KAGJOS,0.919961318664316
EDOSEY,WURNOO,0.9199168366043342
EDOSEY,HOYQIX,0.9107902398612686
EDOSEY,IPUPIU,0.9107880259383466
EDOSEY,ANUGOG,0.9005743999663041
EDOSEY,YIMQOD,0.8991802526579833
EDOSEY,LASYOU,0.8950834682933126
EDOSEY,EDOSOI,0.8887035788239379
EDOSEY,EDORUN,0.888552921951628
EDOSEY,POFFEX,0.8710720552745919
EDOSEY,IDUDES,0.8701731555339574
EDOSEY,VOJPUG01,0.869654291221642
EDOSEY,AHEMEG,0.8696345530057922
EDOSEY,POFDEV,0.8689460224599233
EDOSEY,UFUNAK,0.8676331984510082
EDOSEY,RUJMEQ,0.8670045417903698
EDOSEY,UFUMUD01,0.8663509198028866
EDOSEY,UFUMUD02,0.8660599180149614
EDOSEY,HAWZEM,0.8659739933698818
EDOSEY,BAHGUN01,0.8658857407039475
EDOSEY,QERZUI,0.8657299119336963
EDOSEY,BAHGUN04,0.8655703350497093
EDOSEY,NIHDIU,0.8646754170910409
EDOSEY,UFUMUD,0.8645678987079615
EDOSEY,ECODIK,0.8641459871841293
EDOSEY,NIGDIS,0.8611415957857432
EDOSEY,TEKYOA,0.8610215730327908
EDOSEY,BAZFUF,0.8607981950852273
EDOSEY,ENIHUG,0.8600465445098593
EDOSEY,ICAREL,0.8596226270138989
EDOSEY,BAZGAM,0.8573003322019894
EDOSEY,QOWRAV08,0.8572382341540549
EDOSEY,QOWRAV04,0.857188652890022
EDOSEY,QOWRAV02,0.857185011296827
EDOSEY,DIHVIB,0.8534639483286564
EDOSEY,YOZMIL,0.8534304486968805
EDOSEY,UXISUR,0.8534078301183886
EDOSEY,RILFEA,0.8534009175741551
EDOSEY,BODPAN,0.853353271438968
EDOSEY,XAMDUM02,0.8533312227482706
EDOSEY,HOYKUD,0.8531945127923175
EDOSEY,DOTSOV11,0.8531799052136446
EDOSEY,DOTSOV10,0.8531788209343963
EDOSEY,DOTSOV14,0.8531786667515863
EDOSEY,DOTSOV16,0.8531776804598717
EDOSEY,DOTSOV12,0.8531776679733225
EDOSEY,EBAMUS,0.8531196769457751
EDOSEY,YOZNUY,0.85277257488498
EDOSEY,DOTSOV07,0.8527152075399251
EDOSEY,DOTSOV02,0.8518660111448405
EDOSEY,ADASEF,0.8467450228809791
EDOSEY,KAJZIH,0.8466191589192839
EDOSEY,QIZLOC,0.8455622015249817
EDOSEY,YOZMUX,0.8425153166303783
EDOSEY,MUNDOQ,0.8416495809732628
EDOSEY,IDUSIM,0.8403765769506968
EDOSEY,IDUSIM01,0.840197301683886
EDOSEY,UNACES,0.8400841406784182
EDOSEY,UNACIW,0.839977377730382
EDOSEY,UNABUH01,0.8399269130357103
EDOSEY,UNABUH,0.8398871732393078
EDOSEY,ISISUZ,0.8398724952847177
EDOSEY,IDUTIN,0.839652730589385
CUXPOB,CUXQIW,0.9995193571335358
CUXPOB,YIXFUI,0.9080938296634908
CUXPOB,QACTUJ,0.9074687060044822
CUXPOB,BOJYIK,0.907432834076791
CUXPOB,ZALLEG,0.8650600613993715
CUXPOB,CEJXEW,0.864295765095459
CUXPOB,KEDJEL,0.8621464401247474
BOJYIK,HISTIO,0.8014959887949374
BOJYIK,YIXFUI,0.9997396802070094
BOJYIK,ZALLEG,0.946846237252536
BOJYIK,CEJXEW,0.9438842404597396
BOJYIK,HUCXEK,0.9080076818153904
BOJYIK,DUGDUG,0.9077922158752108
BOJYIK,LOZSUQ,0.9070797045227628
BOJYIK,ZAXSAV,0.9067670218441698
BOJYIK,CUJCIV,0.9052960407684194
BOJYIK,XISDIO,0.90471834266478
BOJYIK,TORPUN,0.9001387587295613
BOJYIK,AYOZOF,0.899576007696044
BOJYIK,NEQTIP,0.8991375965488269
BOJYIK,ACODON,0.8949804773417545
BOJYIK,LEDHEJ,0.887264021973102
BOJYIK,XADDAJ,0.8864083375805519
BOJYIK,WOJYUR,0.8837175983335475
BOJYIK,LUCDES,0.8791551132337987
BOJYIK,NIGFOZ,0.8748886072740268
BOJYIK,MINCOD,0.8682625421378426
BOJYIK,LIXDAZ,0.8610261900326441
BOJYIK,OHIHOD,0.8607881271243734
ROLCEC16,ROLCEC11,0.9998952851641594
ROLCEC16,SANMAX,0.998550320876494
ROLCEC16,MACUFR04,0.9975913342088668
ROLCEC16,MAGMOZ01,0.9969870700760048
ROLCEC16,OCUQIO,0.9967348428555428
ROLCEC16,AYONOT,0.995743364578172
SANMAX,MACUFR06,0.9999618167826853
SANMAX,MAGMOZ01,0.9997150963674886
SANMAX,OCUQIO02,0.9996405157394114
SANMAX,OCUQIO,0.999634652948074
SANMAX,YUKVOQ03,0.9995953689768924
SANMAX,ROLCEC09,0.9992214257426272
SEHSII,NIGFOZ,0.9996103914526214
SEHSII,YATTUK,0.999029828624983
SEHSII,LAVTAF,0.9831485836761832
SEHSII,UPIBOM,0.9822165120366864
SEHSII,JUXSIG,0.9319791671874283
SEHSII,YICXIU,0.8988098289001815
SEHSII,OHIHOD,0.8964091467192242
SEHSII,XADDAJ,0.8836996021157881
SEHSII,XADDAJ01,0.8831391134054115
SEHSII,QACTUJ,0.8740472074206485
SEHSII,YIXFUI,0.8728540352589731
SEHSII,XOBGON,0.8710649713558736
SEHSII,TORPUN,0.859856160402509
SEHSII,NEBYOK,0.8597260168266413
SEHSII,IZEBAR,0.8543244548015826
SEHSII,LEDHEJ,0.8537250300016963
SEHSII,UFOSAM,0.8533236681543362
SEHSII,UMIZIB,0.8451235399974938
SEHSII,DUGDUG,0.8401258419252455
PAQMAY,JUXSIG,0.8478109259423142
PAQMAY,VITZAB,0.8464181842810887
MOBDIR,DOTSOV16,0.8962934911946068
MOBDIR,DOTSOV12,0.8962934177102233
MOBDIR,DOTSOV10,0.8962920072161031
MOBDIR,DOTSOV07,0.8962900231596637
MOBDIR,NEHZOS,0.896167550362875
MOBDIR,XAMDUM02,0.8959917692102415
MOBDIR,RILFEA,0.8958897720945024
MOBDIR,DOTSOV02,0.8958536287653869
MOBDIR,YOZMIL,0.8958062395213001
MOBDIR,DIHVIB,0.8956953181453738
MOBDIR,TISPAO,0.8947354652137578
MOBDIR,YOZNUY,0.8916852749921756
MOBDIR,YOZNOS,0.8852453034877331
MOBDIR,YOZMUX,0.8809123209607463
MOBDIR,EXOGAB,0.8534725082020358
MOBDIR,LASYOU,0.8516302033625672
MOBDIR,BABREE,0.8437439388272391
MOBDIR,ORAWAH,0.8399653738305167
IPINAY,AHEMEG,0.9999990491525882
IPINAY,VOJPUG01,0.9999466471776094
IPINAY,POFDEV,0.999875422821256
IPINAY,NELCEN,0.999592841110909
IPINAY,UFUNAK,0.9995694725821104
IPINAY,UFUMUD01,0.9990637839690576
IPINAY,UFUMUD02,0.9989342826916456
IPINAY,HAWZEM,0.998896819369353
IPINAY,BAHGUN01,0.9988556707919188
IPINAY,BAHGUN,0.9988396560241778
IPINAY,QERZUI,0.998782073566342
IPINAY,BAHGUN02,0.9985627883261928
IPINAY,QERZUI01,0.998221216191398
IPINAY,UFUMUD,0.9981135459791532
IPINAY,ECODIK,0.997986389284106
IPINAY,NIHDEQ,0.9974040603577417
IPINAY,ICAGOK,0.92337473998242
IPINAY,WURNOO,0.9231116801528426
IPINAY,KAGJOS,0.923000333794836
IPINAY,UNACES,0.8646994033418127
IPINAY,UNACIW,0.8646418673353523
IPINAY,IDUTIN,0.8644673169641518
IPINAY,IDUTEJ,0.8644275377834741
IPINAY,HOYKUD,0.8547610002755912
IPINAY,DEGSIS01,0.8431634296990539
IPINAY,ENITAX,0.8428899994788892
GOXZIE,YAVYAW01,0.9998837300399808
GOXZIE,YAVYAW02,0.9997654661298324
GOXZIE,XOPLOE,0.996092869851575
GOXZIE,PARNON,0.993228796526052
GOXZIE,PARNIH,0.992506335696197
GOXZIE,AZAVUU,0.840968586055827
HAZYUE,VIKBUP,0.8675786673114019
HAZYUE,LAWFOF,0.8609261725237793
HAZYUE,REDROI,0.8607474186861525
HAZYUE,VEGMOK04,0.8605619434983224
HAZYUE,VEGMOK01,0.8605353712269938
HAZYUE,FIJCUX,0.8590318748882615
HAZYUE,ORIBAU,0.8584007282010613
HAZYUE,UKOLOV,0.8487344100025311
HAZYUE,XAFFER,0.8395543522125142
IDUSIM01,IDUSIM,0.9999979858676074
IDUSIM01,UNACIW,0.9999973727058322
IDUSIM01,UNACES,0.9999972746482448
IDUSIM01,ISISUZ,0.9999939561755056
IDUSIM01,IDUTAF,0.9999908283403368
IDUSIM01,IDUTIN,0.999987287611488
IDUSIM01,IDUTEJ,0.999984825673394
IDUSIM01,SOZHOG,0.9998972723162336
IDUSIM01,HOYKUD,0.8891533511671548
IDUSIM01,FAMQAO,0.8803048139278046
IDUSIM01,FALTUK,0.8802887020947462
IDUSIM01,FAMPUH,0.88010061530602
IDUSIM01,ECODIK,0.8666779325228902
IDUSIM01,QERZUI01,0.8666748545025238
IDUSIM01,NIHDIU,0.8666740621180228
IDUSIM01,UGEPEB01,0.8666519218323903
IDUSIM01,NIHDEQ,0.8666260286703912
IDUSIM01,BAHGUN03,0.8666035574984414
IDUSIM01,QERZUI,0.8665990237889483
IDUSIM01,BAHGUN,0.8665833290888605
IDUSIM01,BAHGUN01,0.8665785939945274
IDUSIM01,HAWZEM,0.8665653505836719
IDUSIM01,UFUMUD02,0.8665534884191506
IDUSIM01,UFUMUD,0.866539335169478
IDUSIM01,UFUMUD01,0.8665033169151879
IDUSIM01,UFUNAK,0.8661446492768972
IDUSIM01,POFDEV,0.8653757586669912
IDUSIM01,AHEMEG,0.8648409749367332
IDUSIM01,VOJPUG01,0.864745361313429
IDUSIM01,NELCEN,0.8625911478372839
IDUSIM01,VIXPUP,0.8570774215811118
IDUSIM01,VIXPUP01,0.8559249401329374
IDUSIM01,JALPAQ,0.8543695350231165
DOTSOV43,DOTSOV17,0.9999999974531468
MITSAK,MITSIS,0.9999984533259616
MITSAK,KUJMIN,0.999911915437836
MITSAK,YEYRAY,0.9998052107336964
MITSAK,MITSEO,0.9993473073614736
MITSAK,CEHKUW,0.999328885841571
MITSAK,SITDAD,0.9471872769941044
MITSAK,DUWBEE,0.9468335582864722
MITSAK,AJIJEI,0.9200837619261442
MITSAK,AJIJEI01,0.920083469933444
MITSAK,NAPZOV,0.9175601201695688
MITSAK,VIDVUB,0.908008527085554
MITSAK,MICJOA,0.9073941599143202
MITSAK,JUVROJ,0.8776153018833196
MITSAK,GIYTOY,0.8736583855815676
MITSAK,NOLRIR,0.8734353901904326
MITSAK,VOTHOD,0.8726206322469702
MITSAK,YIKGEF,0.872242746063681
MITSAK,XEFGUN01,0.8720265618735679
MITSAK,FIPKOG01,0.8609343426787464
MITSAK,PENNAZ,0.8609274173764541
MITSAK,DELGIN,0.854481026819493
MITSAK,VIDWAI,0.8534300724180238
MITSAK,DAKVIW,0.8527122055190871
MITSAK,LUWKIZ,0.848229785292406
MITSAK,NENHAQ,0.8398824082619125
MITSAK,TEMDIB,0.8394611207296064
LASMAV,TATSIS,0.9999267190515512
LASMAV,YIGGEB,0.999756663013979
LASMAV,TATSIS01,0.99974348164987
LASMAV,KEJWAY,0.9995836983737468
LASMAV,AHETAK,0.9988311662486856
LASMAV,BOWDUO,0.9988027030982554
LASMAV,BOWDOI,0.9986976542035996
LASMAV,VEDFOB,0.998538990508926
LASMAV,ABAVOP,0.9984192965480364
LASMAV,VEDGES,0.9982880034817864
LASMAV,OJOBAS,0.9979979455879208
LASMAV,CAXZOS,0.9223707077785784
LASMAV,DIDBOJ,0.9217646864528022
LASMAV,DIDBAV,0.9215990786914212
LASMAV,JODGIU,0.92136732404765
LASMAV,DIDBEZ,0.921355187924352
LASMAV,DIDBID,0.921290956297951
LASMAV,ERUNUC,0.9210810495407116
LASMAV,ERUNOW,0.9195440579327364
LASMAV,BUKLOJ,0.8850039312211715
LASMAV,ESEQUO,0.8794755975054077
LASMAV,LIDSIC,0.876474949582105
LASMAV,BAKJII,0.8745693029851673
LASMAV,CANYIB,0.8721847427126166
LASMAV,XALMOO,0.8597907640675202
LASMAV,DIQHAO01,0.859652231523879
LASMAV,XEVXUT,0.8557961242495352
LASMAV,FUMJAZ,0.8556045046716252
LASMAV,NERVIP,0.8440108111941971
LASMAV,NERVOV,0.8439715291080291
LASMAV,NERVEL,0.8439596408480977
LASMAV,FAZPIH,0.8439292050862156
LASMAV,GAGWOB,0.8438539796056821
LASMAV,NERVIP01,0.8434339423394377
LASMAV,CEJFOO,0.8432702833879194
LASMAV,MOXDOT,0.8427093494822999
LASMAV,CANROA,0.8419479497648097
LASMAV,DERBIO,0.8418183722305496
LASMAV,KOHLIE,0.8411591658923698
LASMAV,RAKBIO02,0.8406703787442914
LASMAV,RAKBIO,0.8406477845714836
LASMAV,RAKBIO01,0.8405350116681461
LASMAV,BIVXAG,0.8395630632520134
CANYIB,BAKJII,0.9997542985240172
CANYIB,BAKJEE,0.9992720195245548
CANYIB,BAKJOO,0.9988049526095316
CANYIB,TIDNIF,0.995049423107902
CANYIB,FEVDER,0.9749512018952144
CANYIB,ERUNOW,0.9090177009142066
CANYIB,JODGIU,0.9071826987421664
CANYIB,DIDBEZ,0.9070139274832748
CANYIB,DIDBOJ,0.9066479887322716
CANYIB,DIDBAV,0.9063594040608082
CANYIB,CAXZOS,0.906029510382116
CANYIB,KESFIA,0.9037098708106434
CANYIB,FUMJAZ,0.89945471024627
CANYIB,YATDOP,0.8862333776450833
CANYIB,AGAFAS,0.8856303262060845
CANYIB,VASYEW,0.8837699167229571
CANYIB,XALMOO,0.8833809592229145
CANYIB,XUDVAV,0.8826401081271259
CANYIB,OJOBAS,0.8777147033682183
CANYIB,CIJBEE,0.8774454491709226
CANYIB,ABAVOP,0.877293155597185
CANYIB,VEDFOB,0.8771478999381961
CANYIB,BOWDUO,0.8768068511909441
CANYIB,YODRAM,0.8768043986764358
CANYIB,AHETAK,0.876765492171456
CANYIB,BIPXIK,0.8766173518831564
CANYIB,EXUXEC,0.876173367367291
CANYIB,DIQHAO01,0.8756121341474926
CANYIB,KEJWAY,0.8751933768417464
CANYIB,ABAVIJ,0.8747309148584038
CANYIB,TATSIS01,0.8739439340239226
CANYIB,TATSIS,0.8734994359353254
CANYIB,BIKMAL01,0.8733727214624489
CANYIB,NIDFOX,0.8705942324267397
CANYIB,YIGGEB,0.869337740102831
CANYIB,XAPSIS,0.8607579657265895
CANYIB,PUNYED,0.8504337976814638
CANYIB,ABAYOU,0.8495067421494653
CANYIB,YIRSUQ,0.8467996435282222
CANYIB,DIBQOW,0.8440311833898158
CANYIB,MIHJUL,0.8440158127948543
CANYIB,AXINIF,0.8440028371682666
CANYIB,HELDOT,0.8439940699662812
CANYIB,NIGPEA,0.8439734412168162
CANYIB,DIBQIQ,0.8431716826747786
CANYIB,AXINAX01,0.8423017482299631
RIGTIL,AZIMIH,0.999995201070495
RIGTIL,CIZQOT,0.9996181311730308
RIGTIL,NATFAS,0.9994820148759044
RIGTIL,MUZHUL,0.9988866621010783
RIGTIL,FABFOF,0.9977816411590178
RIGTIL,COKNAT,0.8710876420615841
RIGTIL,WOBHOL,0.8710673233064858
RIGTIL,WOBHIF03,0.8710504110516256
RIGTIL,SAVMAE,0.8625287795303209
RIGTIL,VOTHIX,0.8388654208573691
XAMDUM02,LUDLIH,0.9999906043847288
XAMDUM02,XAMDUM01,0.9999793416579232
XAMDUM02,RILFEA,0.9999785973544002
XAMDUM02,UXISUR,0.9999774134415302
XAMDUM02,YOZMIL,0.9999750660464988
XAMDUM02,DOTSOV14,0.999957749249443
XAMDUM02,DOTSOV12,0.999957486326254
XAMDUM02,DOTSOV11,0.9999572242272808
XAMDUM02,DOTSOV15,0.999956941495791
XAMDUM02,DOTSOV10,0.9999569410944852
XAMDUM02,DOTSOV16,0.9999566423700172
XAMDUM02,EBAMUS,0.9999295468282908
XAMDUM02,DOTSOV07,0.9997716188117708
XAMDUM02,TISPAO,0.999709057020154
XAMDUM02,DOTSOV02,0.9991698049456018
XAMDUM02,YOZNUY,0.9981999331446368
XAMDUM02,LASYOU,0.9464375177664714
XAMDUM02,DALSOA,0.9329908926903476
XAMDUM02,BABREE,0.9322203610261908
XAMDUM02,RAWYAS,0.9190300444591382
XAMDUM02,IWEVAJ,0.9189956125701364
XAMDUM02,GERWEH,0.9081950956227024
XAMDUM02,EXOGAB,0.9077810049117416
XAMDUM02,YAGHUM,0.9077714917108184
XAMDUM02,XIJSUH,0.9072670618552316
XAMDUM02,PIDRAY,0.9002575914585516
XAMDUM02,RAHBOU,0.8970235026706661
XAMDUM02,PAMQIF,0.8969786928480772
XAMDUM02,VUJBIM,0.8951059557875999
XAMDUM02,GIKMOD,0.8940429838946459
XAMDUM02,GINTUT,0.8872788051143522
XAMDUM02,VIXPUP01,0.8871315292986619
XAMDUM02,HOYQIX,0.8871117898754958
XAMDUM02,VIXPUP,0.8867292670937956
XAMDUM02,IPUPOA,0.8851553960526055
XAMDUM02,PAFZEE,0.8850575692115188
XAMDUM02,WANJIF,0.8849848399663179
XAMDUM02,XEDMEB,0.8847705537150501
XAMDUM02,ADONEP,0.8846641856011301
XAMDUM02,ANUGOG,0.8779344627943402
XAMDUM02,ANUGIA,0.877393079950788
XAMDUM02,DICKEH,0.877180204671257
XAMDUM02,NEMCOA,0.8747697453998216
XAMDUM02,HIDTUM,0.8735196096600693
XAMDUM02,HABQUY,0.8668727352457171
XAMDUM02,TEKYOA,0.8609622839503609
XAMDUM02,XICKOL,0.8606780686166051
XAMDUM02,JALPAQ,0.8583559725911833
XAMDUM02,XITYOP,0.8578874253977355
XAMDUM02,FAMQAO,0.8535163338420404
XAMDUM02,FAMPUH,0.8535022588095946
XAMDUM02,FAMQES,0.8534869413576303
XAMDUM02,EPISOM,0.8528111808256226
XAMDUM02,LAYXAN,0.8496961464802877
XAMDUM02,WARXUL,0.8489015039858769
XAMDUM02,UWALEL,0.8452340345758629
XAMDUM02,HUJGEA,0.8390221636105559
KEPFIX,KENSEE01,0.9999999924444336
AVERUP,LIHSAX,0.9980533865291354
AVERUP,LIHRUQ,0.997906282129428
AVERUP,AVEROJ,0.9923538623959216
LUSHOX02,YINCUV,0.8600178362863294
LUSHOX02,OCAKUB,0.9471786327302988
LUSHOX02,VUQJUN01,0.9457871210407592
LUSHOX02,IQOKIK,0.9054240461758216
LUSHOX02,DAWCOV,0.9052941920717896
LUSHOX02,BELTOD,0.8969119017246825
LUSHOX02,PUGHAC,0.8961646903930356
LUSHOX02,PUGFII,0.8959684346997109
LUSHOX02,IVELUS,0.8850469067867471
LUSHOX02,FEJFAE,0.8850115096421538
LUSHOX02,JIYPAL,0.8849969631910141
LUSHOX02,YEKJAC,0.8849188767278493
LUSHOX02,DIWFAT,0.8847561007549108
LUSHOX02,YAQCEY,0.8836054587738004
LUSHOX02,OSADIX,0.8777657500312614
LUSHOX02,DADLEC,0.8756933842305784
LUSHOX02,ABAYIO,0.8743335381123335
LUSHOX02,WEYQEY,0.8730680506367807
LUSHOX02,WEYQAU16,0.8721466786910208
LUSHOX02,WEYQAU01,0.870984079332901
LUSHOX02,XIHXET,0.868428593082666
LUSHOX02,AVILAT,0.8670318320707113
LUSHOX02,XOHTOE,0.8624583083176818
LUSHOX02,HIYZEV01,0.8581229212563833
LUSHOX02,MUVJIX,0.8536302096388176
LUSHOX02,DOLWAE,0.8506922263012862
LUSHOX02,NEDVOJ,0.8503659650486196
LUSHOX02,UKUPEX,0.846422281951933
LUSHOX02,GURXIB,0.8391354793563248
YUKTUU01,YUKTUU,0.9999999992653176
YUKTUU01,REZJIR02,0.9999999904649376
YUKTUU01,DADTOS15,0.999999840006893
YUKTUU01,REZJIR03,0.9999997387222292
YUKTUU01,VIRJEM,0.9999982746512042
YUKTUU01,PADJOU01,0.9999947645043196
YUKTUU01,DADTOS14,0.9999921747549444
YUKTUU01,LIJWOR03,0.9999882638736955
YUKTUU01,DADTOS17,0.9999877740892844
YUKTUU01,DADTOS13,0.9999829131148128
YUKTUU01,YANWOC02,0.999979467492841
YUKTUU01,PADJOU,0.9999774955455896
YUKTUU01,DADTOS02,0.9999756560176554
YUKTUU01,MNFORD03,0.9999701894370002
YUKTUU01,DADTOS04,0.9999695780215468
YUKTUU01,DADTOS01,0.9999689302796968
YUKTUU01,DADTOS05,0.999968084347578
YUKTUU01,DADTOS09,0.9999675863412524
YUKTUU01,DADTOS06,0.9999659668658042
YUKTUU01,DADTOS12,0.9999658716469484
YUKTUU01,YANWOC03,0.9999484140926096
YUKTUU01,DADTOS10,0.9999424721388592
YUKTUU01,IJOMOJ03,0.9999369072901856
YUKTUU01,LIJWOR01,0.9999280967368984
YUKTUU01,SIWPUL,0.999923611923584
YUKTUU01,NURGUE,0.9999195020785026
YUKTUU01,DADTOS07,0.9999064691949232
YUKTUU01,JEDKIP01,0.9998923145686124
YUKTUU01,ATIBOU02,0.9982523755857936
OGOJAX,BIHRUI,0.9999999136537192
OGOJAX,BIHROC,0.9998081536212888
OGOJAX,OGEBAF,0.9780487301509196
OGOJAX,QIYDIN,0.9765013306056436
OGOJAX,HABQUY,0.9637812476509012
OGOJAX,VUJBIM,0.9240768883974766
OGOJAX,MUDTEL,0.9229296453868852
OGOJAX,YAGHUM,0.9147772057862456
OGOJAX,SEMNIJ,0.9069186073560016
OGOJAX,LURRIA,0.9048494902509182
OGOJAX,FISGOF,0.9007285595157846
OGEBAF,BIHRUI,0.9780567585139364
OGEBAF,DICKEH,0.9773748585615843
OGEBAF,HABQUY,0.9635220062266938
OGEBAF,FAGQAI,0.9549933847240596
OGEBAF,QIYDIN,0.9525651120428352
OGEBAF,YAGHUM,0.9376423028518994
OGEBAF,SEMNIJ,0.925921635389372
OGEBAF,LURRIA,0.9247876900599326
OGEBAF,MUDTEL,0.920340246021392
OGEBAF,FISGOF,0.9199308507884866
OGEBAF,NEHZOS,0.8610156740869582
OGEBAF,DOTSOV02,0.8595647406131397
OGEBAF,DOTSOV12,0.8593862155530156
OGEBAF,DOTSOV16,0.8593852787071583
OGEBAF,DOTSOV14,0.8593840620427001
OGEBAF,DOTSOV10,0.8593828178716039
OGEBAF,DOTSOV15,0.859382816952261
OGEBAF,XAMDUM05,0.8589385224292647
OGEBAF,LUDLIH,0.8588140478233963
OGEBAF,XAMDUM01,0.8587479348385247
OGEBAF,YOZMIL,0.8586265461638823
OGEBAF,TISPAO,0.8571128333549078
OGEBAF,YOZNUY,0.8532221430961947
OGEBAF,IPUPOA,0.8496665958949043
OGEBAF,YOZNOS,0.8477325405481654
OGEBAF,HOYQIX,0.8460818358619443
OGEBAF,ANUGOG,0.839356131700078
YUKTUU02,YUKTUU03,0.9999999857192208
GOSDUP,QEDZEG,0.9984124109904458
GOSDUP,ODUNEH,0.91437784049106
GOSDUP,PIWLAL,0.9141400480204668
GOSDUP,HIFGIO,0.9046632382751004
GOSDUP,IFABIA02,0.8972242590600293
GOSDUP,REDROI,0.8971802817178476
GOSDUP,VEGMOK04,0.897170445207878
GOSDUP,FIJCUX,0.8968284840311846
GOSDUP,ORIBAU,0.8965415019948786
GOSDUP,PEVQIS,0.8954669476270269
GOSDUP,MIBQAR12,0.8954538289108018
GOSDUP,MIBQAR01,0.895399724325091
GOSDUP,LAWFOF,0.895382755449861
GOSDUP,DUPKAC,0.8739530227693741
GOSDUP,NIKHAS,0.858734827145211
GOSDUP,XAFFER,0.8500611874107223
GOSDUP,VAGMEX,0.8494824873073815
GOSDUP,XAFFAN,0.8493617798650732
GOSDUP,PEGCIP,0.8418925893959636
DIQHAO01,XALMOO,0.9978025084266048
DIQHAO01,YATDOP,0.9940674607588156
DIQHAO01,XALMII,0.9893911793653876
DIQHAO01,CAXZOS,0.9228862894306974
DIQHAO01,DIDBOJ,0.9220401034042368
DIQHAO01,DIDBAV,0.9220137142319476
DIQHAO01,DIDBEZ,0.9214564015238408
DIQHAO01,DIDBID,0.9214383053088406
DIQHAO01,ERUNUC,0.9203017297511822
DIQHAO01,ERUNOW,0.9181324481856116
DIQHAO01,FEVDER,0.8846013302105616
DIQHAO01,TIDNIF,0.8827086906181115
DIQHAO01,BAKJOO,0.8817833769893659
DIQHAO01,BAKJII,0.8786934251307835
DIQHAO01,NIGPAW,0.8705819661600154
DIQHAO01,DIBQEM,0.8689594295135332
DIQHAO01,AXINAX01,0.8675859218655948
DIQHAO01,DIBQIQ,0.8658276306846411
DIQHAO01,NIGPEA,0.8619991322802921
DIQHAO01,YIGGEB,0.860129725939879
DIQHAO01,HELDOT,0.8591187949451621
DIQHAO01,KEJWAY,0.8583094446829229
DIQHAO01,EXUXEC,0.8575361905254004
DIQHAO01,BIPXIK,0.8570774703781034
DIQHAO01,AHETAK,0.8569150829648
DIQHAO01,BOWDUO,0.8568666555095938
DIQHAO01,BOWDOI,0.856718991690391
DIQHAO01,VEDFOB,0.8564780462580883
DIQHAO01,VEDGES,0.8560864051305674
DIQHAO01,CIJBEE,0.856046274108688
DIQHAO01,MOXDOT,0.8553363191501456
DIQHAO01,XUDVAV,0.8527225561459192
DIQHAO01,ABAVUV,0.8511690405343312
DIQHAO01,XEVXUT,0.8457928519460871
DIQHAO01,FUMJAZ,0.8452533947499568
KAFTUI,AXOCEW,0.99993447785207
KAFTUI,PUQYAC,0.9958500642462108
JUXZIN,JUXZOT,0.9999019050117084
JUXZIN,MUXVIM,0.9984929220812848
JUXZIN,FONKEA,0.9347726370861232
JUXZIN,JUYJIY,0.922205947141859
JUXZIN,FALGIK,0.8852170700222646
JUXZIN,RUXWEM01,0.8843172786308653
JUXZIN,IRELIC,0.8795256628333671
JUXZIN,VAKLIF,0.8690079469804188
JUXZIN,QEKLID01,0.857360711969715
JUXZIN,DELGIN,0.8561356758699671
JUXZIN,FIVRUA,0.8549703696893955
JUXZIN,NOLRIR,0.8464781762172476
JUXZIN,EKUNON02,0.8410102981770209
JUXZIN,EKUNON,0.8409268927597054
JUXZIN,ULOGIL,0.8400015946574056
QEKLID01,NOLRIR,0.9909533023507848
QEKLID01,DELGIN,0.9728701118659844
QEKLID01,SITDAD,0.9326965641003336
QEKLID01,RUXWEM01,0.9325575581011704
QEKLID01,RUXWEM03,0.9323014533623528
QEKLID01,OKOSUE,0.9023420403984476
QEKLID01,PIKYIU,0.8930700343091278
QEKLID01,MITSEO,0.8872912289004232
QEKLID01,CEHKUW,0.8872891972336497
QEKLID01,ODOXEK,0.8867873898620047
QEKLID01,MITSUE,0.8867699600423945
QEKLID01,VAKLIF,0.8867541992056176
QEKLID01,FUMJAA,0.8864945039706776
QEKLID01,XEFGUN01,0.8862944349355093
QEKLID01,KUJMIN,0.8862574198026891
QEKLID01,YICRAF,0.8704972731542098
QEKLID01,IGUTUB01,0.8627443661166148
QEKLID01,GOQTIR,0.8575140975802109
QEKLID01,JUXZOT,0.8575101810176851
QEKLID01,XOGWUN,0.8559074983004273
QEKLID01,FELXOM,0.8539257575086712
QEKLID01,ZASJAG,0.8503675388969753
QEKLID01,PENNAZ,0.8496297461641369
QEKLID01,XEDGIY,0.849546854062572
QEKLID01,JIYSUI,0.8492578267790643
QEKLID01,YAYNEU,0.845171476565905
QEKLID01,PAQXUC,0.8422060969283498
QEKLID01,PAQYAJ01,0.8419770389924879
QEKLID01,FONKEA,0.841545731196204
RINTUF,ATIKET,0.9994406495314536
EDOWIG,FIJCUX,0.9998841316381752
LATCIV,DUBXUV,0.8607055350013435
JEPWIN01,MAHGAG,0.9999958011245929
JEPWIN01,KETHEY,0.8405681097129442
REYCEF,FAHMIM,0.98106824641556
REYCEF,ECUVEF,0.9608819149804524
REYCEF,XEMPAJ,0.9161503515429742
REYCEF,SIKCIA,0.907508230431906
REYCEF,WEHHOI,0.8671516503108432
REYCEF,WEHJAW,0.8671381222907868
REYCEF,HEZKIH,0.8651022903875851
REYCEF,IQAGEN,0.8507263772538434
REYCEF,UVUFUO,0.8505794661461433
REYCEF,FUVBAB,0.844628919091639
REYCEF,KUNLEL,0.8446048163842114
REYCEF,UNAGOH,0.8438002170507843
FUMJAZ,FEVDER,0.9066943891257296
FUMJAZ,BAKJOO,0.904573306466117
FUMJAZ,BAKJEE,0.9036732659543304
FUMJAZ,BAKJII,0.902055718602323
FUMJAZ,DIDBAV,0.8833714163947808
FUMJAZ,JODGIU,0.8827037870722454
FUMJAZ,ERUNUC,0.8809915849720388
FUMJAZ,COXFOL,0.8652850111453841
FUMJAZ,XADDUD,0.8652136567657362
FUMJAZ,TATSIS01,0.855862578773664
FUMJAZ,YIGGEB,0.8556060296882032
FUMJAZ,TATSIS,0.8555487460365758
FUMJAZ,EXUXEC,0.8544033896004942
FUMJAZ,BIPXIK,0.85403871598359
FUMJAZ,AHETAK,0.8539241913180746
FUMJAZ,YODRAM,0.8538886737877278
FUMJAZ,VEDFAN,0.8537572131919111
FUMJAZ,VEDFOB,0.8536856855140891
FUMJAZ,ABAVOP,0.8534684198025
FUMJAZ,VEDGES,0.8533972723884367
FUMJAZ,CIJBEE,0.8533178475731835
FUMJAZ,OJOBAS,0.8529301824476951
FUMJAZ,VASYEW,0.849433666723193
FUMJAZ,ABAVUV,0.8493636219990155
FUMJAZ,XALMOO,0.8439898807950731
FUMJAZ,NIDFOX,0.8435267757928409
FUMJAZ,YATDOP,0.8412004296599316
PELVUZ,YENZUP,0.8611011441877737
GERWEH,YOZMIL,0.9082356933953982
GERWEH,UXISUR,0.908227161039194
GERWEH,XAMDUM01,0.9082249158247658
GERWEH,LUDLIH,0.9082204489098042
GERWEH,XAMDUM03,0.908213615066993
GERWEH,BODPAN,0.9082054511122448
GERWEH,TISPAO,0.9081489208414464
GERWEH,DOTSOV11,0.9081101176309712
GERWEH,DOTSOV14,0.9081096157227004
GERWEH,DOTSOV15,0.9081094615163255
GERWEH,DOTSOV10,0.9081094611040524
GERWEH,EBAMUS,0.9080428328386482
GERWEH,DOTSOV02,0.9070194183923544
GERWEH,QIZLOC,0.9015616869282628
GERWEH,YOZMUX,0.8968771632393381
GERWEH,LASYOU,0.86469052661193
GERWEH,ENITAX,0.8592945668440514
GERWEH,ORAWAH,0.8529447858734547
GERWEH,BABREE,0.8523627177164187
GERWEH,EMUBOF,0.842929797247473
GERWEH,WANJIF,0.8427327208232719
GERWEH,XEDMEB,0.8424370612415835
GERWEH,IWEVAJ,0.8416120538926175
GERWEH,RAWYAS,0.8414870552656296
IGAHED02,IGAHED,0.9999991902948676
IGAHED02,SACMOA,0.9999323333826275
IGAHED02,OCACUR,0.9998840650244653
IGAHED02,UGECEO01,0.9998248003312288
IGAHED02,KUHNEI,0.9951121181790356
IGAHED02,VULFOZ,0.8732529483697019
IGAHED02,XUZRIU,0.8642298568348459
IGAHED02,HABZEQ,0.8639161077410419
IGAHED02,VOSSUT,0.8402062015164548
PIKYIU,RUXWEM01,0.9557720014275818
PIKYIU,FALGIK,0.9526945295626328
PIKYIU,XEFGUN01,0.9079944985425866
PIKYIU,NOLRIR,0.8929019112745891
PIKYIU,DELGIN,0.886661498584675
PIKYIU,IGUTUB01,0.8856318737974705
PIKYIU,JIYSUI,0.8634410425869015
PIKYIU,XOGWUN,0.851716403426942
PIKYIU,VAYFAE,0.8515884101148345
PIKYIU,FELXOM,0.8515635491933218
PIKYIU,MUXVIM,0.8507433608227084
PIKYIU,GOQTIR,0.8500604727153237
PIKYIU,JUXZOT,0.8489378599116291
PIKYIU,GURXUN01,0.8461218698739659
PIKYIU,XEQRAO,0.8452356642656669
PIKYIU,YICRAF,0.8439101868360224
PIKYIU,MINBEQ,0.8407637477403708
UGECEO,UGECEO01,0.9999572981527252
UGECEO,OCACUR,0.9999351012455756
UGECEO,SACMOA,0.999321989997212
UGECEO,KUHNEI,0.995278581794946
UGECEO,VULFOZ,0.8718248607942691
UGECEO,XEVSIB01,0.864085043031728
UGECEO,HABZEQ,0.8629665000032697
UGECEO,WOCGUR,0.8469298937185058
OCUGAX,FUVYOL,0.9979232141538968
OCUGAX,ABIWOX,0.882041150327219
OCUGAX,EDAJUP,0.8698242336564397
OCUGAX,EDAJUP01,0.8692058873759179
OCUGAX,NERVOV,0.844001537152717
OCUGAX,NERVEL,0.8439706016116344
OCUGAX,FAZPIH,0.8439567943914155
OCUGAX,VOCKUT,0.8439411291523169
OCUGAX,NERVIP01,0.8435640075833377
OCUGAX,BIVXAG,0.8391686754996224
WUMDIT,CESQUP,0.9746724542671727
WUMDIT,JEDDII,0.974086242159598
WUMDIT,ODUNEH,0.9225620805409412
WUMDIT,PIWLIT,0.9224118345351384
WUMDIT,MIBQAR01,0.8766047797502332
WUMDIT,LAWFOF,0.8765915919899234
WUMDIT,XAFFER,0.8567635854897308
WUMDIT,DUPKAC,0.8561682379904626
SIXNEV,SIXNUL,0.8731882703579319
SIXNEV,NAFSOF,0.85864366906006
SIXNEV,QOWRAV11,0.8510454377508049
SIXNEV,QOWRAV05,0.8509570106955717
SIXNEV,QOWRAV04,0.8509467993858254
SIXNEV,AZAVUU,0.8460794200401325
IBEYAQ,DUGDOA,0.9564113710131592
IBEYAQ,EXUTAU,0.9471260863481352
IBEYAQ,YIXFOC03,0.9450121351185368
IBEYAQ,LARYEK03,0.9403497696304636
IBEYAQ,WOJYOL,0.9265161908812604
IBEYAQ,WOJZIG,0.9226777024808857
IBEYAQ,DIXGIC,0.9193083440731484
IBEYAQ,DARDIL,0.8804558885430932
IBEYAQ,QICXUY,0.8803036561883986
IBEYAQ,YEKWOC,0.8650004204179009
IBEYAQ,VUKTEC,0.8595176357507547
EGIKUB01,VEHJUP,0.8968764685993369
EGIKUB01,KUNLEL,0.8958833436930931
EGIKUB01,IRELAU,0.874583377059384
EGIKUB01,VALGAS,0.8670327519668359
EGIKUB01,MIBQAR12,0.8606941527896592
EGIKUB01,MIBQAR01,0.8606792025362393
EGIKUB01,LAWFOF,0.8606742314945284
EGIKUB01,REDROI,0.8603037696490001
EGIKUB01,VEGMOK01,0.8600393293190218
EGIKUB01,USAHAZ,0.8598403117035885
EGIKUB01,ORIBAU,0.857739575710377
EGIKUB01,MUWRUT,0.8546360112859803
EGIKUB01,DUPKAC,0.8545423350854606
EGIKUB01,DUZPUL,0.8544648646509574
EGIKUB01,UFOFUT,0.8534589398928539
EGIKUB01,RUGXUO,0.8431212447884424
EGIKUB01,YOGKOW,0.8388077070843417
WEBLAQ,ROCZEQ,0.9989822299470256
WEBLAQ,AVAQIX,0.9964658026048006
WEBLAQ,IGUTUB,0.9228055743482952
WEBLAQ,IGUTUB01,0.9202896074904968
WEBLAQ,VAKLIF,0.8844894267314092
WEBLAQ,LULGIJ,0.8615816235281499
WEBLAQ,ZASJAG,0.8576324039874752
WEBLAQ,PIHJIB,0.852117011234472
WEBLAQ,HIBSUG03,0.8434942406136954
WEBLAQ,HIBSUG02,0.8434064363824318
WEBLAQ,HIBSUG,0.8433892350167793
WEBLAQ,ACUBOP01,0.8433539124985208
WEBLAQ,NOZZUZ,0.8428401267151732
WEBLAQ,ODIXAC,0.8421771363123668
WEBLAQ,NOZZOT,0.842138163530066
JEGKAK,XUNRUV,0.8432252608419187
JEGKAK,XUNSOQ,0.8422810916471444
JEGKAK,XUNSEG,0.8409059481424856
UFOFUT,QUQFEO,0.9841226316791118
UFOFUT,REGREC,0.9471560248624104
UFOFUT,FUVBAB,0.94715545471719
UFOFUT,ULISOZ,0.9470036928007622
UFOFUT,KUNLEL,0.9421205573602508
UFOFUT,APACAX,0.8942890140646248
UFOFUT,NUFBOH,0.8924625248863212
UFOFUT,NASROR,0.8922552292891088
UFOFUT,RUGXUO,0.8870880777194341
UFOFUT,ADUVAZ,0.8742321191369604
UFOFUT,EXOXUL,0.8660295716975509
UFOFUT,BABRII,0.864442127499875
UFOFUT,MOHLIF,0.8623160191189552
UFOFUT,HOGJIX,0.8569543219624518
UFOFUT,DUNXUH15,0.855409010003689
UFOFUT,DUNXUH,0.8554037772954214
UFOFUT,KEGTEY,0.8477799763208422
UFOFUT,NAHGUB,0.8477001866787817
UFOFUT,BOWJAA,0.8460300894220412
UFOFUT,BUKMUQ01,0.8441601758496446
UFOFUT,REFVEF,0.8418367039902892
BABRII,ODUNEH,0.9563661417908974
BABRII,PIWLAL,0.9551715044827878
BABRII,IFABIA02,0.9080850060890138
BABRII,VEGMOK04,0.9080324623816332
BABRII,PEVQIS,0.9076722478600772
BABRII,MIBQAR12,0.9076695577597786
BABRII,MIBQAR01,0.9076369081222222
BABRII,HOLRAD,0.907633462250519
BABRII,FIJCUX,0.9069230752347728
BABRII,ORIBAU,0.9064154135659076
BABRII,XAFFAN,0.8835036730823118
BABRII,QUQFEO,0.8822875072277694
BABRII,NIKHAS,0.8678844189171596
BABRII,NAWXER,0.8664455209583404
BABRII,UFAMEW,0.8642584817078467
BABRII,DUZPUL,0.8638542948930293
BABRII,BEWCUD,0.8620619319921321
BABRII,EZINAE,0.8530856306836441
BABRII,CESQUP,0.8511479369531184
BABRII,JEDDII,0.8507038997606894
BABRII,VANHEA,0.849532089343917
BABRII,FECYUJ,0.8423564014717009
BABRII,QAQSAD,0.8421922717940601
BABRII,USAHAZ,0.8404882334817512
BABRII,VEHJUP,0.840153961240573
BABRII,REGREC,0.8398460110656771
BABRII,FUVBAB,0.8390380947198244
BABRII,KUNLEL,0.8381922217835713
ODUNEH,PIWLIT,0.9997216719912436
ODUNEH,PIWLAL,0.999258244010441
ODUNEH,VEGMOK04,0.9471730652769536
ODUNEH,IFABIA02,0.9470796441657154
ODUNEH,PEVQIS,0.9461689839928572
ODUNEH,MIBQAR12,0.9461654066605922
ODUNEH,MIBQAR01,0.9461216274153412
ODUNEH,HOLRAD,0.946117042721654
ODUNEH,LAWFOF,0.9461098836971932
ODUNEH,ORIBAU,0.9460233879945332
ODUNEH,XAFFER,0.9220342900483978
ODUNEH,VAGMEX,0.9212014984226228
ODUNEH,XAFFAN,0.9210425133343444
ODUNEH,NAWXER,0.9024078370815248
ODUNEH,PICCUC,0.8847904117035582
ODUNEH,PEGCIP,0.8846054789327983
ODUNEH,CESQUP,0.8843225934498234
ODUNEH,JEDDII,0.8837692681011305
ODUNEH,ODODIW,0.865092498814901
ODUNEH,YOCGAZ,0.8650716857442794
ODUNEH,VIKBUP,0.8649523266515973
ODUNEH,AWEYAE,0.8630201986267017
ODUNEH,BOVHEB,0.8602391174433626
ODUNEH,VANHEA,0.8584961847684175
ODUNEH,MOFTIL01,0.8478111301335663
ODUNEH,MOFTIL02,0.8478089586385248
ODUNEH,FECWOB,0.8477438241162059
ODUNEH,NUCRIN,0.8476188812925984
ODUNEH,POSGOV,0.8476055825685981
ODUNEH,RUTNOK01,0.8462899849277369
ODUNEH,UKOLOV,0.8462446396906121
ODUNEH,DARYIF,0.8442977593710566
ODUNEH,QAQSAD,0.8440210685668904
ODUNEH,FECYUJ,0.8434669641740027
ODUNEH,MIDCUZ,0.8431818532782551
ODUNEH,USAHAZ,0.8426776258604207
VIXPUP,VIXPUP01,0.9998742165883676
VIXPUP,MOCKEV,0.8923455215623177
VIXPUP,PIDRAY,0.890935153165752
VIXPUP,FAMQAO,0.8871870373865114
VIXPUP,FALTUK,0.8871808671060814
VIXPUP,FAMQES,0.8870419429030413
VIXPUP,DOTSOV16,0.886960030971178
VIXPUP,DOTSOV12,0.8869600059924783
VIXPUP,DOTSOV10,0.8869589470330904
VIXPUP,DOTSOV15,0.8869589464986403
VIXPUP,DOTSOV07,0.886892180746232
VIXPUP,BODPAN,0.886739317897433
VIXPUP,EBAMUS,0.886712877932003
VIXPUP,XAMDUM03,0.8867040910094763
VIXPUP,RILFEA,0.8866518218088678
VIXPUP,XAMDUM01,0.8866511672330973
VIXPUP,DIHVIB,0.8864965673684594
VIXPUP,DOTSOV02,0.8863973749714399
VIXPUP,TISPAO,0.8856955407195517
VIXPUP,QIZLOC,0.8846078287155239
VIXPUP,YOZMUX,0.8723227894495413
VIXPUP,SOZHOG,0.8579023802054927
VIXPUP,IDUSIM,0.8571766631805301
VIXPUP,UNACIW,0.8569558134343223
VIXPUP,UNABUH01,0.8569275713948699
VIXPUP,UNABUH,0.8569052001718236
VIXPUP,ISISUZ,0.856896980936195
VIXPUP,IDUTAF,0.8567993469133773
VIXPUP,IDUTIN,0.8567725225335339
VIXPUP,IDUTEJ,0.8567311196156018
VIXPUP,TOVWAE,0.8478442587671934
DITJOH,UVAHIK,0.922559098145627
DITJOH,WIZMAV,0.922538297627137
DITJOH,WIZMAV06,0.9225363066794464
DITJOH,WIZMAV05,0.9225357018756568
DITJOH,ERARUM,0.9225259437728244
DITJOH,IXETEM,0.885672822385913
DITJOH,GERBEN,0.8843038593391068
DITJOH,HERHEU,0.8832614491460749
DITJOH,GAYXEM,0.88200142349581
DITJOH,UFOSEQ,0.877859314596983
DITJOH,RUBTAK03,0.8778587130804063
DITJOH,BUNLAZ,0.8776632353670004
WIZMAV06,WIZMAV05,0.9999999977758098
WIZMAV06,WIZMAV,0.9999999751105956
WIZMAV06,WIZMAV10,0.9999999563476788
WIZMAV06,ERARUM,0.9999994126630852
WIZMAV06,UVAHIK,0.9999954068408008
WIZMAV06,ERANAO,0.9926642624851943
WIZMAV06,IXETEM,0.9561909310097818
WIZMAV06,HERHAQ,0.9558662503657752
WIZMAV06,GERBEN,0.9554269710122604
WIZMAV06,BUNKUS,0.9488095099207128
WIZMAV06,RUBTAK03,0.946935650522648
WIZMAV06,VIKSEQ,0.8939293085560789
WIZMAV06,VIKRIT,0.8932352397802913
WIZMAV06,ESEBOV,0.8931978411975933
WIZMAV06,UNEJEE,0.892910478437877
WIZMAV06,YEYCUC,0.8923733261570458
WIZMAV06,XIJVIY,0.8921998764992269
WIZMAV06,HICNOZ,0.878567005043118
WIZMAV06,RUKDIM,0.865060659686611
WIZMAV06,XULGIW,0.865059103326359
WIZMAV06,WUPTUY01,0.8634798655814335
JUXZOT,MUXVIM,0.9983012604075754
JUXZOT,FELXOM,0.950144823717109
JUXZOT,FONKEA,0.9347200416065002
JUXZOT,JUYJIY,0.9223229218329482
JUXZOT,FALGIK,0.8852727457788266
JUXZOT,RUXWEM01,0.8845831228198412
JUXZOT,RUXWEM03,0.8842596453256582
JUXZOT,YICRAF,0.8747568473519796
JUXZOT,VAKLIF,0.8689804209300112
JUXZOT,XEFGUN01,0.8678415220731812
JUXZOT,FIVRUA,0.8556705038503218
JUXZOT,NOLRIR,0.847300629391173
JUXZOT,ULOGIL,0.840429378282283
IGUTUB01,IGUTUB,0.999015463781354
IGUTUB01,AVAQIX,0.9233912188753676
IGUTUB01,RUXWEM03,0.9216685782787484
IGUTUB01,RUXWEM01,0.921310737165196
IGUTUB01,FALGIK,0.9175585512252826
IGUTUB01,ROCZEQ,0.9157380069057512
IGUTUB01,ZASJAG,0.913995897471285
IGUTUB01,KETHEY,0.9091618571805312
IGUTUB01,XEFGUN01,0.877334943257974
IGUTUB01,KEPLID,0.8709068400134826
IGUTUB01,NOLRIR,0.8644729988568206
IGUTUB01,EYULAM,0.8601303990719179
IGUTUB01,VOQBUZ,0.8564907088310694
IGUTUB01,DELGIN,0.8554337573744727
IGUTUB01,SAHYOS,0.839809385640099
AXINIF,NIGPEA,0.9999947900534744
AXINIF,DIBQOW,0.9999738643755728
AXINIF,HELDOT,0.9998695046936736
AXINIF,DIBQIQ,0.999424201748928
AXINIF,AXINAX01,0.998684568205806
AXINIF,MOXDOT,0.955011660845579
AXINIF,XUDVAV,0.9355164889591604
AXINIF,NOMPIQ,0.9129327434913777
AXINIF,CIKPEU,0.9128833132930332
AXINIF,BUKLOJ,0.9005920260587725
AXINIF,XAFFIV,0.8857583525528068
AXINIF,VACKUI,0.8857321282906774
AXINIF,ERUNOW,0.885470782348729
AXINIF,ERUNUC,0.8848022144777344
AXINIF,JODGIU,0.8838719201857973
AXINIF,DIDBEZ,0.8837134952391451
AXINIF,DIDBID,0.8836220096308256
AXINIF,DIDBAV,0.8831160492484189
AXINIF,CAXZOS,0.8828528270772878
AXINIF,AGAFAS,0.8784279914260515
AXINIF,SEQSOY,0.8771189921313103
AXINIF,FEXCES,0.8770853629998756
AXINIF,CAQKAJ01,0.8763568281045073
AXINIF,TAHYUZ,0.8753171298367841
AXINIF,HALVEY,0.874835043382534
AXINIF,XALMII,0.8720345116892467
AXINIF,XALMOO,0.8688422603617485
AXINIF,KESFOG,0.8649510030654323
AXINIF,KESFIA,0.8649502173024792
AXINIF,WEMKEG,0.8628024300740067
AXINIF,NIDFOX,0.8567509442267083
AXINIF,QIQTOB,0.8547536870419309
AXINIF,RUYGAV,0.8534128415642992
AXINIF,BAKJEE,0.8435622393626547
AXINIF,BAKJOO,0.8431757501603336
AXINIF,JEDVUM,0.8401866671903653
AXINIF,CIPLIX,0.8401809117716842
AXINIF,XAPSIS,0.8399919062832222
AXINIF,TIDNIF,0.8396101359402457
HURGEH,JOPGOM,0.9999816954740628
KAJZIH,NEHZOS,0.9998724816177084
KAJZIH,DOTSOV07,0.9963129926286234
KAJZIH,DOTSOV02,0.9962521765569798
KAJZIH,DOTSOV16,0.9959049622397832
KAJZIH,DOTSOV14,0.9959016215330744
KAJZIH,DOTSOV15,0.9959012055344654
KAJZIH,DOTSOV11,0.9958976306355166
KAJZIH,BODPAN,0.9952087561442484
KAJZIH,XAMDUM03,0.9951066630375812
KAJZIH,RILFEA,0.9949593810066892
KAJZIH,XAMDUM01,0.9949575743648827
KAJZIH,YOZMIL,0.9947785414823058
KAJZIH,DIHVIB,0.9945427687602548
KAJZIH,TISPAO,0.9926843911487522
KAJZIH,YOZNOS,0.9816100293847296
KAJZIH,BABREE,0.9313061316525224
KAJZIH,DALSOA,0.9285775175827796
KAJZIH,EXOYAS,0.917388873126062
KAJZIH,IWEVAJ,0.9144622209052384
KAJZIH,EXOGAB,0.90596925546375
KAJZIH,YAGHUM,0.9000842761430814
KAJZIH,MOCKEV,0.8983460189788655
KAJZIH,XIJSUH,0.8982706911345023
KAJZIH,GIKMOD01,0.8973273065095444
KAJZIH,RAHBOU,0.8947381404611041
KAJZIH,HUCBOX,0.8933621163285594
KAJZIH,IPUPOA,0.8867681058737533
KAJZIH,EXAXAE,0.8848013345734982
KAJZIH,VIXPUP01,0.8840677277428581
KAJZIH,VUJBIM,0.8839098582874862
KAJZIH,GINTUT,0.8823083786731694
KAJZIH,MUDTEL,0.882286604921999
KAJZIH,ADONEP,0.8819551784039337
KAJZIH,WANJIF,0.8808751577207202
KAJZIH,HOYQIX,0.8805766480747519
KAJZIH,IPUPIU,0.8800342114599669
KAJZIH,USEVOF,0.879074291659832
KAJZIH,EMUBOF,0.8780624071221182
KAJZIH,CEKHUY,0.8778945012328896
KAJZIH,NEMCOA,0.8778020569632483
KAJZIH,DICKEH,0.8762474530170177
KAJZIH,ANUGOG,0.8736673898967869
KAJZIH,HABQUY,0.8635989689608898
KAJZIH,IDUDIW,0.8611359598185737
KAJZIH,XITYOP,0.8609613045565405
KAJZIH,JALPAQ,0.8608895048968974
KAJZIH,OGEBAF01,0.8607526398892356
KAJZIH,XICKOL,0.8588885159082076
KAJZIH,TEKYOA,0.8580452440023144
KAJZIH,TOVWAE,0.8533371996050488
KAJZIH,UWALEL,0.8530607434984461
KAJZIH,MAVRAE,0.8529768010991245
KAJZIH,FAMQAO,0.8481448038855532
KAJZIH,FALTUK,0.8481286909646882
KAJZIH,FAMPUH,0.8479413242702017
KAJZIH,FAMQES,0.8477753045263707
KAJZIH,NAFSOF,0.8401992675758221
KAJZIH,BAZGAM,0.8391282909432055
IDUDES,JALPAQ,0.8810659856127335
IDUDES,QESBAR,0.8779479513161246
IDUDES,DEGSIS01,0.8777642090150317
IDUDES,YIMQOD,0.8695850887943721
IDUDES,LASYOU,0.8679946805819339
IDUDES,EXOGAB,0.8625143919904645
IDUDES,ORAWAH,0.8556747313759966
IDUDES,IPUPOA,0.8442279560127421
IDUDES,IPUPIU,0.8410237533714005
YESXEC,YESYUT,0.999965218350542
YESXEC,CIMFUB,0.9999531358462588
OWIHUZ,OTEGOL01,0.9999999986854315
OWIHUZ,OWIHIN,0.999999935398982
OWIHUZ,HIHNUJ,0.9999996277372858
OWIHUZ,MUQYEE,0.9996636952658046
OWIHUZ,MURBEI,0.9989140706671752
OWIHUZ,XOMHIS,0.979542669053264
OWIHUZ,CUFFOZ,0.9469744057436512
OWIHUZ,CUFFUF,0.946968590878679
OWIHUZ,CUFFIT,0.946947145219808
OWIHUZ,FEYDET,0.9468014048536534
OWIHUZ,CUFDUD,0.9460824607181404
OWIHUZ,PEYVEV,0.9322777965066674
OWIHUZ,XINTOG,0.8752181571016071
OWIHUZ,FOSTIS,0.8600227691753325
NOMPIQ,NOMPIQ01,0.9999989396442016
NOMPIQ,FEXCAO01,0.9586129223022912
NOMPIQ,SEQSOY,0.9536149135967262
NOMPIQ,AXINAX01,0.9166474076814316
NOMPIQ,DIBQIQ,0.9156817120735994
NOMPIQ,NIGPEA,0.9132422717664114
NOMPIQ,DIBQOW,0.9122011071646008
NOMPIQ,MIHJUL,0.911570634818177
NOMPIQ,LUWZUZ01,0.8868399261150304
NOMPIQ,LUWZUZ02,0.8867611886444379
NOMPIQ,DIDBAV,0.8855045467275633
NOMPIQ,DIDBID,0.885296647066812
NOMPIQ,ERUNUC,0.8852746777888029
NOMPIQ,ERUNOW,0.8840044253779322
NOMPIQ,BUKLOJ,0.8608265488206048
NOMPIQ,XALMOO,0.848313029793554
NOMPIQ,FEVDER,0.8475274506647692
NOMPIQ,YATDOP,0.8465711021359656
NOMPIQ,XALMII,0.8435801652095611
NOMPIQ,EDAJUP,0.8409213890970675
XUJPOI,XUJQAV,0.9999987869744884
XUJPOI,VEMSUC,0.9999963528463528
XUJPOI,XUJPEY,0.9998805793901946
XUJPOI,XUJPIC,0.999705328927042
XUJPOI,EZOFEF,0.99540904465935
XUJPOI,XUCHOS02,0.8822502721638369
XUJPOI,SOQRUM,0.8762379159310474
XUJPOI,LIDSEY,0.8611486370858035
XUJPOI,XOMCIN,0.8610665564771219
XUJPOI,LIDSAU,0.861048833729174
HOGSIG,ROGLOP,0.999996839001402
HOGSIG,UFATEA,0.9954610552909936
HOGSIG,GAWZOW,0.9226014004480396
HOGSIG,CAXZUY,0.922371820773644
HOGSIG,TEVVIC,0.9222187199729605
HOGSIG,TEVVOI,0.9179011169173644
HOGSIG,LIDSEY,0.8792898835971568
HOGSIG,XOMCIN,0.8791621890810954
HOGSIG,KEVBUK01,0.859560959225484
HOGSIG,KEVBUK,0.8594949762375553
HOGSIG,XADWIK02,0.8522859183266601
HOGSIG,XADWIK,0.852098156711133
HOGSIG,VOWCIV,0.8426181090627672
CEXJUN02,CEXJUN01,0.9999989259911508
CEXJUN02,CEXJUN,0.9999919543485742
CEXJUN02,FUQJUX,0.8636357924147229
CEXJUN02,FUSWIA,0.863625948178296
CEXJUN02,PEBNER,0.8635583331393473
CEXJUN02,QONLEM,0.8632324660956502
CEXJUN02,QONKOV,0.8631218895236061
CEXJUN02,PIZHOX,0.8628877439952907
CEXJUN02,PASGAU,0.8627681483320316
CEXJUN02,QOMRUH,0.8627472079166799
CEXJUN02,QOMSAO,0.8625603947600231
CEXJUN02,IBUDOZ,0.8625421224328962
CEXJUN02,VUQJEX01,0.8625248660967062
CEXJUN02,DEGJIK,0.8623083526363607
CEXJUN02,TEYMES,0.8487399991878347
QOMSAO,IBUDOZ,0.999992052178074
QOMSAO,QOMRUH,0.9999857734056528
QOMSAO,PASGAU,0.9999848687828352
QOMSAO,DEGJIK,0.999977178049537
QOMSAO,JAXNUU,0.9999739912551016
QOMSAO,QONKOV,0.9998971390405224
QOMSAO,QONLIQ,0.9997705570432652
QOMSAO,QONKUB,0.9996679191458476
QOMSAO,FUSWIA,0.9991233574688244
QOMSAO,FUQJUX,0.998932963681324
QOMSAO,JAVNIE,0.9976650594832296
QOMSAO,HOSPEL,0.996044876408692
QOMSAO,VUQJEX01,0.9956480392881076
QOMSAO,VUQJEX,0.9955853203254752
QOMSAO,PENLEB,0.8686246099724493
QOMSAO,QITZUP,0.8684387517347422
QOMSAO,CEXJUN01,0.8626269053437496
QOMSAO,CEXJUN,0.8625615854855928
QOMSAO,CEXJUN03,0.8624716468783656
QOMSAO,REFBAH01,0.8550150070931302
QOMSAO,REFBAH,0.8549085002677567
QOMSAO,RANLAV,0.8506928801945652
QOMSAO,MUGQAI,0.8423750269124026
POSGOV,PIWLIT,0.8478301490012482
UMIZIB,WOJYUR,0.9749058247277436
UMIZIB,XISDIO,0.9742389477569652
UMIZIB,YICXIU,0.9479836977010634
UMIZIB,KEDJEL,0.9328228801372326
UMIZIB,ZALLEG,0.9304717979339132
UMIZIB,JUXSEC,0.9035633590077056
UMIZIB,JUXSIG,0.9035579027839632
UMIZIB,YIXFUI,0.8844425486628708
UMIZIB,QACTUJ,0.8825533155393634
UMIZIB,LAVTAF,0.8540800350412292
UMIZIB,YATTUK,0.8503213666168279
UMIZIB,NIGFOZ,0.8486270912248564
YAQCEY,LUSHOX04,0.8836955074303415
YAQCEY,VUQJUN01,0.8444230006723805
YAQCEY,WOHYOH01,0.8439186024391496
YAQCEY,OCAKUB,0.8433639826167922
YAQCEY,ENISUQ,0.8429827535922387
YAQCEY,IQOKIK,0.8427775514714995
YAQCEY,VUQKAU01,0.8425414138156474
YAQCEY,VUQKAU02,0.8424808404107305
DAWCOV,VUQKAU02,0.8615472145330956
DAWCOV,VUQKAU,0.8615211574011882
DAWCOV,IQOKIK,0.8611096431341652
NUDNUW09,XACLOF,0.9999191862262056
NUDNUW09,IZIDOM,0.9999034827162928
NUDNUW09,NUDPAE09,0.9997851302810608
NUDNUW09,VICBEQ,0.9994851471478172
NUDNUW09,NUDPAE12,0.9984490868237867
NUDNUW09,NIKYUC,0.9974025137048332
NUDNUW09,NIHBEM01,0.9971754123905324
NUDNUW09,CAJHUS01,0.996883213265602
NUDNUW09,NIHBAI01,0.9968079218362378
NUDNUW09,NIKYOW01,0.9967263442642696
NUDNUW09,NIHBAI02,0.9966600008543472
NUDNUW09,NIKZAJ01,0.9965312136453884
NUDNUW09,CAJHUS,0.9956024615954024
XEFGUN01,RUXWEM01,0.9471009990445356
XEFGUN01,FALGIK,0.9451126362476538
XEFGUN01,MINBEQ,0.9190021169863872
XEFGUN01,POKZOG,0.9082439994698792
XEFGUN01,YUYGOQ,0.9076786951239402
XEFGUN01,RUGYOJ,0.9075846169163512
XEFGUN01,YILKAH,0.9068060187941386
XEFGUN01,WUHMOD,0.9060957519469184
XEFGUN01,LUWKIZ,0.8849397923282747
XEFGUN01,DELGIN,0.881257816293881
XEFGUN01,MITSEO,0.8741577272238232
XEFGUN01,YEYRAY,0.873351324580353
XEFGUN01,REFWIL,0.8721270732757322
XEFGUN01,FUMJAA,0.8714021429143446
XEFGUN01,KUJMIN,0.8709191130030244
XEFGUN01,WAHQON,0.8692586909854731
XEFGUN01,VAYFAE,0.8686088339018165
XEFGUN01,FELXOM,0.8684586882070122
XEFGUN01,MUXVIM,0.8684454854640039
XEFGUN01,XEQRAO,0.8649688825839006
XEFGUN01,EKUNON,0.8642234516758639
XEFGUN01,EKUNON02,0.8642111889129404
XEFGUN01,ULOGIL,0.8642061320084404
XEFGUN01,FOKWOT,0.8611497738019772
XEFGUN01,YICRAF,0.8606538359067304
XEFGUN01,RUVBOB,0.860555063470593
XEFGUN01,RUVBIV,0.8604952981381621
XEFGUN01,PENNAZ,0.859605868174823
XEFGUN01,MICCIM,0.8561611352019084
XEFGUN01,TULLIX,0.8558061645531467
XEFGUN01,EXEMUR,0.8514626618748115
XEFGUN01,WIVRIE,0.8475569869194284
XEFGUN01,GURXUN01,0.8384860515391319
XEFGUN01,YIHZIA02,0.8382979608528023
NIHDIU,QERZUI01,0.9999956649602618
NIHDIU,BAHGUN04,0.9999668986887714
NIHDIU,BAHGUN03,0.999956516485752
NIHDIU,UGEPEB01,0.9999524124751112
NIHDIU,BAHGUN,0.9999412259831656
NIHDIU,BAHGUN01,0.9999382983535724
NIHDIU,BAHGUN02,0.999922532695978
NIHDIU,UGEPEB,0.9997948782382744
NIHDIU,UFUNAK,0.9995617554533542
NIHDIU,POFDIZ,0.999488687365568
NIHDIU,AHEMEG,0.998343825136163
NIHDIU,VOJPUG01,0.9982398318210326
NIHDIU,NELCEN,0.9961837265077238
NIHDIU,POFFEX,0.995612096721958
NIHDIU,WURNOO,0.9228016808033034
NIHDIU,KAGJOS,0.9225689392748366
NIHDIU,XICKOL,0.8771956081750902
NIHDIU,UNACES,0.8666708220232989
NIHDIU,UNACIW,0.8666672492477221
NIHDIU,UNABUH01,0.8666646192984377
NIHDIU,UNABUH,0.8666632449210039
NIHDIU,IDUTAF,0.8666532473812092
NIHDIU,IDUTEJ,0.8666453496080839
NIHDIU,SOZHOG,0.866616645774456
NIHDIU,HOYKUD,0.8567302639189449
NIHDIU,DEGSIS01,0.8438580772847477
NIHDIU,ENITAX,0.8420154279758814
UNABUH01,ISISUZ,0.9999998968439692
UNABUH01,UNACIW,0.9999995873005816
UNABUH01,UNACES,0.9999991263321518
UNABUH01,IDUTIN,0.999997419391077
UNABUH01,IDUTEJ,0.9999958704195124
UNABUH01,SOZHOG,0.9998629431912216
UNABUH01,MAVRAE,0.9236614720569314
UNABUH01,HOYKUD,0.8891549631843888
UNABUH01,FAMQAO,0.8800650308993827
UNABUH01,FALTUK,0.8800484982392653
UNABUH01,FAMPUH,0.8798563668880943
UNABUH01,FAMQES,0.8796862292001564
UNABUH01,QERZUI01,0.8666606138840592
UNABUH01,NIHDEQ,0.8666487814185806
UNABUH01,UGEPEB01,0.8666368596618634
UNABUH01,BAHGUN04,0.8665874953782613
UNABUH01,QERZUI,0.8665655439617274
UNABUH01,BAHGUN,0.8665471786488074
UNABUH01,BAHGUN01,0.8665433656354834
UNABUH01,HAWZEM,0.8665294519654947
UNABUH01,UFUMUD,0.8664915743592634
UNABUH01,UFUMUD01,0.8664564496946727
UNABUH01,UFUNAK,0.8660688042908326
UNABUH01,AHEMEG,0.8647024646452498
UNABUH01,VOJPUG01,0.8645826780276165
UNABUH01,POFFEX,0.8617779072310136
UNABUH01,JALPAQ,0.8543150642445128
UNABUH01,NAPSUV,0.8409486955937724
BODPAN,XAMDUM03,0.9999992375889094
BODPAN,LUDLIH,0.9999975198488288
BODPAN,UXISUR,0.9999954700942584
BODPAN,YOZMIL,0.9999906430567986
BODPAN,DOTSOV14,0.999972604319648
BODPAN,DOTSOV10,0.9999725560284798
BODPAN,DOTSOV12,0.9999723342188614
BODPAN,DOTSOV07,0.9996725253926984
BODPAN,DOTSOV02,0.9989687588803188
BODPAN,YOZNUY,0.9982304280256552
BODPAN,YOZMUX,0.9879053031181556
BODPAN,DALSOA,0.9330057115943344
BODPAN,BABREE,0.932229201868392
BODPAN,ORAWAH,0.9320428409651326
BODPAN,EXOYAS,0.919780817811758
BODPAN,IWEVAJ,0.918737512918594
BODPAN,YAGHUM,0.907795568850209
BODPAN,MOCKEV,0.9073042896046652
BODPAN,XIJSUH,0.9072941323551182
BODPAN,HUCBOX,0.8970599844177843
BODPAN,RAHBOU,0.8970327560256083
BODPAN,PAMQIF,0.8968906501544016
BODPAN,MUDTEL,0.8944416335455208
BODPAN,GIKMOD,0.8940444584122473
BODPAN,GIKMOD01,0.8933197252242433
BODPAN,GINTUT,0.8872961210176786
BODPAN,VIXPUP01,0.8871437855680006
BODPAN,HOYQIX,0.8871331819117882
BODPAN,IPUPIU,0.8870386541367107
BODPAN,PAFZEE,0.8850748824548472
BODPAN,WANJIF,0.8849103814715652
BODPAN,EMUBOF,0.884863016243427
BODPAN,XEDMEB,0.8847832758802503
BODPAN,ANUGOG,0.8779506892828624
BODPAN,DICKEH,0.8771881343594732
BODPAN,NEMCOA,0.8747694266340269
BODPAN,CEKHUY,0.8742458871481096
BODPAN,HIDTUM,0.8735149212011734
BODPAN,HABQUY,0.8665059296434658
BODPAN,NIGDIS,0.8610313633147202
BODPAN,TEKYOA,0.8609755764575721
BODPAN,TOVWAE,0.8607831669118631
BODPAN,XICKOL,0.8606884597965658
BODPAN,JALPAQ,0.8583581391477824
BODPAN,XITYOP,0.8578333272884645
BODPAN,FAMQAO,0.853534337131285
BODPAN,FALTUK,0.853533385847383
BODPAN,FAMPUH,0.8535204740942923
BODPAN,EPISOM,0.8527010518600465
BODPAN,MAVRAE,0.8514963349352032
BODPAN,WARXUL,0.8488975424210734
BODPAN,RUJMEQ,0.8463698832286934
BODPAN,UWALEL,0.8452226246848196
BODPAN,ICAREL,0.839773218111584
BODPAN,BAZFUF,0.8397700656057111
BODPAN,HUJGEA,0.8390217309778127
BODPAN,ENIHUG,0.83880197236987
EHAZAO,YICKIH,0.8850763673062307
EHAZAO,LARYEK03,0.9998580173048048
EHAZAO,YIXFOC03,0.9993814560169856
EHAZAO,WECSAZ01,0.9985485440999464
EHAZAO,WECSAZ,0.9976014556716086
EHAZAO,EXUTAU,0.9960844528786604
EHAZAO,VUKTEC,0.9082365984591912
EHAZAO,GAPQAQ,0.9072303694348542
EHAZAO,YEKWOC,0.904688690610512
EHAZAO,DUGDOA,0.9037461537599298
EHAZAO,WOJYOL,0.8872180275790206
EHAZAO,WOJZIG,0.8863871808450431
EHAZAO,DIXGIC,0.8777515165350188
EHAZAO,SENXAN,0.8722110571734105
EHAZAO,ELIKOA,0.8606680152711204
EHAZAO,AHONEQ,0.8604074027430055
EHAZAO,POHLOP,0.8382530299872994
OKOSUE,XEDGIY,0.9582621910376604
OKOSUE,LUWKIZ,0.9112685016598444
OKOSUE,NOLRIR,0.8909912533394722
OKOSUE,SITDAD,0.887267753214407
OKOSUE,DUWBEE,0.8863910911632258
OKOSUE,MITSUE,0.8462949425517426
OKOSUE,MITSIS,0.8462690935951976
OKOSUE,CEHKUW,0.8461767660913742
OKOSUE,FUMJAA,0.8461508207585702
OKOSUE,KUJMIN,0.8460094779707871
KUJMIN,AXULEM,0.9199962165814656
KUJMIN,FUMJAA,0.9999846709032786
KUJMIN,MITSIS,0.999933707170932
KUJMIN,YEYRAY,0.9994553003007692
KUJMIN,MITSEO,0.9987802597945834
KUJMIN,SITDAD,0.9470032086404376
KUJMIN,AJIJEI01,0.9200072781548856
KUJMIN,AJIJEI,0.9200010022396004
KUJMIN,VIDVUB,0.9082110693621508
KUJMIN,LIQFEY,0.9072136218403372
KUJMIN,MICJOA,0.9067586688134176
KUJMIN,FIJDEI,0.8968756186981941
KUJMIN,JUVROJ,0.8771767587467334
KUJMIN,VAKLIF,0.8749197958568008
KUJMIN,FIPKOG01,0.8605659822717628
KUJMIN,PENNAZ,0.8605547475048118
KUJMIN,KETHEY,0.8562319843031028
KUJMIN,DELGIN,0.8548300346082411
KUJMIN,VIDWAI,0.8531341094205157
KUJMIN,DAKVIW,0.8520805391105906
KUJMIN,NENHAQ,0.8401324312498497
KUJMIN,TEMDIB,0.8390975965758722
OKAYUW,LIWYUM,0.9084938319017482
OKAYUW,NOHSUA,0.9021158881405636
VEDGES,CIJBEE,0.9999989473292462
VEDGES,ABAVOP,0.9999958746929942
VEDGES,OJOBAS,0.9999845790080012
VEDGES,VEDFAN,0.9999755133149028
VEDGES,BOWDOI,0.9999716103322668
VEDGES,YODRAM,0.999950596956912
VEDGES,AHETAK,0.9999453452552178
VEDGES,BIPXIK,0.9999221264079554
VEDGES,EXUXEC,0.999836154893573
VEDGES,ABAVIJ,0.9992613651924828
VEDGES,TATSIS01,0.999062780697136
VEDGES,ABAVUV,0.9990437389238568
VEDGES,TATSIS,0.9989065449037952
VEDGES,ERUNUC,0.9233541977015514
VEDGES,JODGIU,0.923073751151096
VEDGES,DIDBEZ,0.9229919669697544
VEDGES,ERUNOW,0.9229665011096932
VEDGES,DIDBAV,0.922806415562898
VEDGES,BAKJOO,0.879214956711984
VEDGES,LIDSIC,0.8791492034996381
VEDGES,FEVDER,0.8790804149540259
VEDGES,BAKJEE,0.8790282813107567
VEDGES,TIDNIF,0.8770716951804112
VEDGES,ESEQUO,0.8727509499751094
VEDGES,XALMOO,0.8599473663889519
VEDGES,NIDFOX,0.8528637067180606
VEDGES,XEVXUT,0.851559644170886
VEDGES,DERBIO,0.8443264696435702
VEDGES,WEMKEG,0.8443052704703886
VEDGES,RAKBIO02,0.8437376327297932
VEDGES,RAKBIO,0.8437311135109407
VEDGES,RAKBIO01,0.8436985266620028
VEDGES,GAGWOB,0.8430175024519917
VEDGES,KOHDIW,0.8429223745268226
VEDGES,NERVOV,0.8428100225977669
VEDGES,FAZPIH,0.8427566518043642
VEDGES,NERVEL,0.8425498946339127
VEDGES,NERVIP,0.8422710017784494
LIDSIC,BAKJEE,0.9999803484477618
LIDSIC,BAKJII,0.9997533552359114
LIDSIC,TIDNIF,0.9972640802865562
LIDSIC,FEVDER,0.9775739942799688
LIDSIC,ERUNOW,0.9094314277183118
LIDSIC,JODGIU,0.90895028000965
LIDSIC,DIDBEZ,0.908838650893862
LIDSIC,DIDBAV,0.9085155688485844
LIDSIC,KESFOG,0.9021798361593546
LIDSIC,KESFIA,0.9021775970531736
LIDSIC,AGAFAS,0.8892206591786703
LIDSIC,XUDVAV,0.8889387220221521
LIDSIC,YATDOP,0.8872014699049701
LIDSIC,XALMOO,0.8862713783715426
LIDSIC,OJOBAS,0.8792216666369794
LIDSIC,ABAVOP,0.8791127914007727
LIDSIC,BOWDOI,0.8789999259302754
LIDSIC,BOWDUO,0.8789490024112049
LIDSIC,AHETAK,0.8789335018324235
LIDSIC,BIPXIK,0.8788763082256038
LIDSIC,EXUXEC,0.8786901644254146
LIDSIC,KEJWAY,0.878221212907209
LIDSIC,ABAVIJ,0.8778287761329054
LIDSIC,NIDFOX,0.8776177690992505
LIDSIC,TATSIS,0.8772783382418355
LIDSIC,YIGGEB,0.8745837677643636
LIDSIC,XAPSIS,0.8610273948688487
LIDSIC,CIPLIX,0.8607183361007473
LIDSIC,JEDVUM,0.8606928638073609
LIDSIC,PUNYED,0.8559055589017875
LIDSIC,ABAYOU,0.8552549329774229
LIDSIC,DIBQIQ,0.8440269811377303
LIDSIC,AXINAX01,0.8439265751726823
LIDSIC,DIBQOW,0.8430604746184888
LIDSIC,MIHJUL,0.8427855543249839
LIDSIC,OKEHIW,0.8408025827081488
XAFFER,VAGMEX,0.9998094876868726
XAFFER,XAFFAN,0.999747511285585
XAFFER,PIWLAL,0.922561611493301
XAFFER,FIJCUX,0.877941498597443
XAFFER,VEGMOK01,0.8776956347078921
XAFFER,VEGMOK04,0.8776776765233227
XAFFER,MIBQAR12,0.8748695336265357
XAFFER,MIBQAR01,0.8747948128463119
XAFFER,HOLRAD,0.8747869905717692
XAFFER,LAWFOF,0.874774838148388
XAFFER,DIRPOL,0.8559283332832496
XAFFER,QEDZEG,0.8498871837065571
XAFFER,NIKHAS,0.8415619503883403
XAFFER,NAWXER,0.8411989117405277
JODGIU,DIDBEZ,0.9999948686893724
JODGIU,DIDBID,0.9999845014942828
JODGIU,DIDBAV,0.9999334284112156
JODGIU,CAXZOS,0.9998230502565412
JODGIU,ERUNUC,0.9995405097497674
JODGIU,ERUNOW,0.9991276663174472
JODGIU,CIJBEE,0.9230356010233408
JODGIU,ABAVOP,0.9230261134665808
JODGIU,BOWDOI,0.9230259979129988
JODGIU,VEDFAN,0.9230104060387088
JODGIU,ABAVIJ,0.9229446988284148
JODGIU,EXUXEC,0.9228901156476176
JODGIU,MOXDOT,0.922174827172204
JODGIU,TATSIS,0.922049869550728
JODGIU,ABAVUV,0.9220127352750336
JODGIU,YIGGEB,0.9198720797177272
JODGIU,NIDFOX,0.9178201219668056
JODGIU,FEVDER,0.9089438824016502
JODGIU,TIDNIF,0.9086620778832222
JODGIU,BAKJII,0.9083097062747164
JODGIU,NOMPIQ01,0.8854691851470906
JODGIU,CIKPEU,0.8853753230175347
JODGIU,AXINAX01,0.8853552412193019
JODGIU,NIGPEA,0.8840352266725985
JODGIU,DIBQOW,0.8834471312239398
JODGIU,MIHJUL,0.8830665774214113
JODGIU,HELDOT,0.8828541669972395
JODGIU,LUWZUZ01,0.8823741801336357
JODGIU,LUWZUZ02,0.8822042378832528
JODGIU,XEVXUT,0.8797196255542312
JODGIU,BUKLOJ,0.8751643497789328
JODGIU,DIBQEM,0.8715883556516323
JODGIU,FEXCAO01,0.8693551967301691
JODGIU,SEQSOY,0.8689314592801199
JODGIU,YIRSUQ,0.8687657501655468
JODGIU,ESEQUO,0.8668753794968556
JODGIU,XUDVAV,0.8601850922935073
GOQTIR,MUXVIM,0.9988648274857436
GOQTIR,FELXOM,0.9515916695867151
GOQTIR,JUYJIY,0.9222231330778554
GOQTIR,RUXWEM03,0.8849037698909055
GOQTIR,VAYFAE,0.8840581065716562
GOQTIR,IRELIC,0.8813103401326505
GOQTIR,YICRAF,0.8758825836520043
GOQTIR,VAKLIF,0.8684226737653483
GOQTIR,FIVRUA,0.8574973340848253
GOQTIR,DELGIN,0.8548445984235077
GOQTIR,NOLRIR,0.8495735331450036
GOQTIR,EKUNON02,0.8419829520197033
GOQTIR,EKUNON,0.841935527781309
GOQTIR,ULOGIL,0.841347328751672
MITSUE,ODOXEK,0.9999997494543128
MITSUE,YEYRAY,0.9998023420658247
MITSUE,SITDAD,0.9471863736037966
MITSUE,AJIJEI,0.9200835893912218
MITSUE,AJIJEI01,0.920083381504888
MITSUE,NAPZOV,0.9175517440124332
MITSUE,VIDVUB,0.908011609764222
MITSUE,LIQFEY,0.9077243471098676
MITSUE,MICJOA,0.9073887471771848
MITSUE,GERWOR,0.9062705289048876
MITSUE,FIJDEI,0.8969044990399835
MITSUE,IJEYEC,0.8906037359656476
MITSUE,VAKLIF,0.8749998618423854
MITSUE,GIYTOY,0.8736534980269558
MITSUE,VOTHOD,0.8726203791006705
MITSUE,PENNAZ,0.8609243281950328
MITSUE,KETHEY,0.8574439672783336
MITSUE,DELGIN,0.8544856200579023
MITSUE,VIDWAI,0.8534281305310751
MITSUE,DAKVIW,0.8527065128608582
MITSUE,LUWKIZ,0.8482216272997358
MITSUE,NENHAQ,0.8398859418899941
MITSUE,TEMDIB,0.8394591972723727
HOLRAD,MIBQAR01,0.999999989524293
HOLRAD,LAWFOF,0.9999999883263276
HOLRAD,MIBQAR12,0.9999994534092678
HOLRAD,VEGMOK04,0.9984419482252804
HOLRAD,VEGMOK01,0.9983991802399208
HOLRAD,FIJCUX,0.9962614232574756
HOLRAD,ORIBAU,0.9954388866095282
HOLRAD,PIWLIT,0.9447366965379086
HOLRAD,PIWLAL,0.943578144442566
HOLRAD,WUHNUK,0.9080487841542156
HOLRAD,BOLPAU,0.9067668191358924
HOLRAD,VIKBUP,0.9060304883608264
HOLRAD,DAWCIP,0.9050228244940586
HOLRAD,AWEYAE,0.9019875114484572
HOLRAD,JEDDII,0.8971894405590453
HOLRAD,UKOLOV,0.885187006232478
HOLRAD,BUVNIR,0.8849234383895697
HOLRAD,FECYUJ,0.8845415132134629
HOLRAD,DARYIF,0.8842593445902414
HOLRAD,NIKHAS,0.8840372705428143
HOLRAD,QAQSAD,0.8822546527957479
HOLRAD,NAWXER,0.881762109182874
HOLRAD,DUPKAC,0.8779316064929371
HOLRAD,KUNLEL,0.8745946540670888
HOLRAD,REGREC,0.8730839987546444
HOLRAD,VAGMEX,0.8730480632938065
HOLRAD,XAFFAN,0.8727524631613506
HOLRAD,FUVBAB,0.8715270407281805
HOLRAD,ZARLEL,0.8704322831175593
HOLRAD,UNAGOH,0.8703539585587475
HOLRAD,AXOCEW,0.8691777337087647
HOLRAD,XEGXIT,0.8625517330813464
HOLRAD,HUVGEM,0.8578493048548852
HOLRAD,SOSQIC01,0.854701599486784
HOLRAD,WOJZOK01,0.8531096481658917
HOLRAD,TACJEO,0.8525708430305058
HOLRAD,GAWMOJ,0.8518176804131538
HOLRAD,PURJAO,0.8517755145474999
HOLRAD,CIQHOC,0.8503087576100511
HOLRAD,NISCOJ,0.845680151249371
HOLRAD,VURMOL,0.8383396681230193
DIHVIB,XAMDUM01,0.9999917065716456
DIHVIB,RILFEA,0.9999916423449524
DIHVIB,XAMDUM03,0.999984467272103
DIHVIB,XAMDUM05,0.9999762671746868
DIHVIB,DOTSOV11,0.9999025793942148
DIHVIB,DOTSOV15,0.9999020253698102
DIHVIB,DOTSOV10,0.9999020250847986
DIHVIB,DOTSOV16,0.9999014412192904
DIHVIB,DOTSOV12,0.999901431271671
DIHVIB,TISPAO,0.9998623305439454
DIHVIB,EBAMUS,0.9997966189065376
DIHVIB,DOTSOV07,0.999538282605738
DIHVIB,YOZNUY,0.9986019489732544
DIHVIB,NEHZOS,0.9960770813004728
DIHVIB,QIZLOC,0.9935979194960456
DIHVIB,YOZMUX,0.988236297883842
DIHVIB,BABREE,0.9319458755991064
DIHVIB,EXOYAS,0.9195973652562972
DIHVIB,RAWYAS,0.9187136033648884
DIHVIB,IWEVAJ,0.9186444486869813
DIHVIB,YAGHUM,0.907972962425721
DIHVIB,XIJSUH,0.907561375955064
DIHVIB,EXOGAB,0.907558183256428
DIHVIB,RAHBOU,0.8968416028956094
DIHVIB,PAMQIF,0.8966938847345871
DIHVIB,VUJBIM,0.8955563346326105
DIHVIB,MUDTEL,0.8949243173125622
DIHVIB,GIKMOD,0.8934862589947254
DIHVIB,GINTUT,0.8872877635688112
DIHVIB,HOYQIX,0.8872317097407268
DIHVIB,VIXPUP01,0.887005656403295
DIHVIB,PAFZEE,0.8850662827214919
DIHVIB,USEVOF,0.885063881489665
DIHVIB,WANJIF,0.8848250432438804
DIHVIB,IPUPOA,0.8847041171718739
DIHVIB,ADONEP,0.8843633764837964
DIHVIB,APUPEH,0.8818553096466859
DIHVIB,EXAXAE,0.8817891006340636
DIHVIB,ANUGOG,0.8778945578329971
DIHVIB,NEMCOA,0.8742206751447626
DIHVIB,CEKHUY,0.873654777959974
DIHVIB,HIDTUM,0.8728719204783203
DIHVIB,TOVWAE,0.8609426997771666
DIHVIB,NIGDIS,0.8609035946019834
DIHVIB,XICKOL,0.8604642108551224
DIHVIB,OGEBAF01,0.8582597696317693
DIHVIB,JALPAQ,0.8578430815454985
DIHVIB,XITYOP,0.8572708098200956
DIHVIB,FAMQAO,0.8535532702267612
DIHVIB,FAMQES,0.8535487561710422
DIHVIB,NAPSUV,0.8535432152451188
DIHVIB,MAVRAE,0.8510497307144124
DIHVIB,WARXUL,0.8482406124387578
DIHVIB,RUJMEQ,0.846288891363495
DIHVIB,BAZFUF,0.8399438932992792
DIHVIB,REGYOT,0.8395593414894573
DIHVIB,ICAREL,0.8395567587950438
DIHVIB,ENIHUG,0.8390579326175994
DIHVIB,HUJGEA,0.8387584142050619
CEKHUY,ORAWAH,0.927981438128296
CEKHUY,RAWYAS,0.9225803881673228
CEKHUY,IWEVAJ,0.918876459378809
CEKHUY,LASYOU,0.9147315741104992
CEKHUY,EXOGAB,0.884201031694319
CEKHUY,QIZLOC,0.8777506310200861
CEKHUY,DOTSOV02,0.8751076840017618
CEKHUY,DOTSOV15,0.8748521886342294
CEKHUY,DOTSOV11,0.8748490709214441
CEKHUY,EBAMUS,0.8744520816855328
CEKHUY,XAMDUM05,0.8742682795002749
CEKHUY,XAMDUM03,0.8741546836824535
CEKHUY,LUDLIH,0.8740950813397171
CEKHUY,RILFEA,0.8740244299738925
CEKHUY,XAMDUM01,0.8740230626883381
CEKHUY,UXISUR,0.8739889450417557
CEKHUY,YOZMIL,0.873865105135501
CEKHUY,ANUGIA,0.8738553081632485
CEKHUY,TISPAO,0.8719864891414864
CEKHUY,IPUPOA,0.8657436039433184
CEKHUY,HOYQIX,0.8605205341582383
CEKHUY,IPUPIU,0.860030875907038
CEKHUY,YOZMUX,0.8566749631449935
CEKHUY,WARXUL,0.8562937962717262
CEKHUY,IDUDIW,0.8412277163658369
CEKHUY,NIGDIS,0.8387734640285072
BIKMEP,EKEKAH,0.9144201137728298
BIKMEP,LIDSEY,0.8789273370634865
BIKMEP,JAMSEY,0.8788988172123706
BIKMEP,LIDSAU,0.8782212240208472
BIKMEP,VOWCIV,0.8776604723278089
BIKMEP,XADWIK,0.8387524470393293
BIKMEP,XADWIK02,0.838736479047712
GACVIS,TONBUU,0.9999874310705644
XUCHOS01,XUCHOS02,0.9999037192241526
XUCHOS01,SOQRUM,0.9990223580518988
XUCHOS01,SEQSUE,0.887248052620399
XUCHOS01,EZOFEF,0.8850531154532761
XUCHOS01,PUNYON,0.8850407327852532
XUCHOS01,VEMSUC,0.8813509232911958
XUCHOS01,XUJQAV,0.8812425936762475
XUCHOS01,NUNNUH,0.8802561640804579
XUCHOS01,XUJPEY,0.8796354703848888
XUCHOS01,XUJPIC,0.8786740711376273
XUCHOS01,VEXTUO,0.8521541285428939
YOGKOW,DUZPUL,0.8761648340940262
YOGKOW,YOZYUJ,0.8730034483649587
YOGKOW,QUQFEO,0.8635704997230442
YOGKOW,VEHJUP,0.8611524714162404
YOGKOW,KUNLEL,0.8599032872959725
YOGKOW,MUWRUT,0.8382618341702389
UVAHIK,WIZMAV10,0.9999962586554716
UVAHIK,WIZMAV07,0.9999962236902706
UVAHIK,WIZMAV05,0.9999952024999832
UVAHIK,ERANAO,0.9922954134965668
UVAHIK,HERHAQ,0.9557594685271616
UVAHIK,GERBEN,0.9552864225718194
UVAHIK,HERHEU,0.954343689727848
UVAHIK,BUNLAZ,0.9490807205660924
UVAHIK,UFOSEQ,0.9470033449749684
UVAHIK,RUBTAK03,0.947002494875637
UVAHIK,OFOJAX,0.930692136780818
UVAHIK,VIKRIT,0.8933771061052033
UVAHIK,ESEBOV,0.8930445186220439
UVAHIK,UNEJEE,0.8927404518574784
UVAHIK,XIJVIY,0.8923961617589553
UVAHIK,HICNOZ,0.87841351007634
UVAHIK,XULGIW,0.8650140212246524
UVAHIK,WUPTUY01,0.8633005282250867
CIFSES,FOSTIS,0.9999976053854828
CIFSES,UNIDAY,0.9999862587150998
CIFSES,NEDLOZ,0.999660019632101
CIFSES,FAHQEM,0.9563051490575896
CIFSES,FAHQIQ,0.955147092929678
CIFSES,FIFGEI,0.9539650683418212
CIFSES,IFIPEV,0.9535721121338192
CIFSES,GALJAG,0.9513506683911648
CIFSES,VIFPUY02,0.9031548550833182
CIFSES,VIFPUY,0.9031395904931871
CIFSES,VIFPUY03,0.9031365821826272
CIFSES,XOMHIS,0.8829993687469694
CIFSES,MURBEI,0.8637058938754885
CIFSES,OTEGOL01,0.8601410352152679
CIFSES,OWIHIN,0.8601000819843931
CIFSES,HIHNUJ,0.8600497806291902
CIFSES,OWIHOT,0.8600188899368624
CIFSES,OWIJIP,0.8599869841935407
CIFSES,TIRFOQ,0.8429784442972856
CIFSES,CUFDUD,0.8388161384722277
VOCKUT,FAZPIH,0.9999949019893138
VOCKUT,NERVOV,0.999940351413768
VOCKUT,NERVIP01,0.9996047367996655
VOCKUT,LUWZUZ02,0.8841844687961313
VOCKUT,BIKMAL,0.8778870867574202
VOCKUT,TATSIS,0.8439624989144925
VOCKUT,TATSIS01,0.8439567967283368
VOCKUT,ABAVIJ,0.8437218582459199
VOCKUT,ABIWOX,0.8435728714508128
VOCKUT,YIGGEB,0.8435395405917754
VOCKUT,BIPXIK,0.8431494932436583
VOCKUT,YODRAM,0.8430425418214419
VOCKUT,BOWDUO,0.8430410130869046
VOCKUT,BOWDOI,0.842968461730534
VOCKUT,ABAVOP,0.8427153201990891
VOCKUT,CIJBEE,0.8425936823055961
VOCKUT,ABAVUV,0.839383546628393
HUTZAX01,AWEYAE,0.9990476267876784
HUTZAX01,HUVGEM,0.9422419155650044
HUTZAX01,VEGMOK01,0.9081779087917592
HUTZAX01,VEGMOK04,0.908168576720846
HUTZAX01,FIJCUX,0.9080843957500536
HUTZAX01,REDROI,0.9080675122026866
HUTZAX01,ORIBAU,0.907879014245086
HUTZAX01,MIBQAR12,0.9059781807808828
HUTZAX01,PIWLIT,0.8651463714842232
HUTZAX01,PURJAO,0.8608050310499542
HUTZAX01,TACJEO,0.8579322544179407
HUTZAX01,USAHAZ,0.8422945887894943
HUTZAX01,FECYUJ,0.841108108562697
PIHJIB,KETHEY,0.9079707237319806
PIHJIB,SIVWUR,0.8948979295580087
PIHJIB,FIJDEI,0.8587000442765386
PIHJIB,KEPLID,0.8529910184026224
PIHJIB,IRELIC,0.8527996579702009
PIHJIB,ROCZEQ,0.8468049266522898
NIKZAJ01,NIKYOW01,0.9999966082853928
NIKZAJ01,NIKZEN,0.9999897576454968
NIKZAJ01,CAJHUS01,0.9999897103436756
NIKZAJ01,CAJHUS,0.999944373858734
NIKZAJ01,NIKYUC,0.9999341783369792
NIKZAJ01,VICBEQ,0.9985929459438893
NIKZAJ01,NUDPAE09,0.997810206301687
NIKZAJ01,IZIDOM,0.9971929871671948
NIKZAJ01,XACLOF,0.9966789781974672
NIKZAJ01,PESTAL,0.9964947088805766
NIKZAJ01,NUDNUW06,0.9962272130378448
VICBEQ,NUDPAE09,0.9999134886140392
VICBEQ,NUDPAE12,0.9996194600074004
VICBEQ,NUDNUW06,0.999425470803765
VICBEQ,NIKYUC,0.9991350617584304
VICBEQ,NIKZEN,0.9988225159647648
VICBEQ,NIHBAI01,0.9987746888133447
VICBEQ,NIKYOW01,0.9987233038727552
VICBEQ,IZAKAX,0.9981548273780496
VICBEQ,CAJHUS,0.9979817004081776
NOCKOG,JETZAK,0.9442498561082848
NOCKOG,UYEBOR,0.8253419040155486
AZAVUU,BAZGAM,0.9000374424084934
AZAVUU,ICAREL,0.8996190104477002
AZAVUU,NAFSOF,0.8980812753003267
AZAVUU,BAZFUF,0.8970087758026656
AZAVUU,QOWRAV11,0.8886934435008738
AZAVUU,QOWRAV08,0.8886749672539382
AZAVUU,QOWRAV05,0.8885998254709289
AZAVUU,QOWRAV04,0.888589020366888
AZAVUU,QOWRAV02,0.8885827145942461
AZAVUU,IPUPOA,0.8789737367067824
AZAVUU,LAYXAN,0.8774546666890134
AZAVUU,HOYQIX,0.8772451767087216
AZAVUU,IPUPIU,0.8769482742884427
AZAVUU,KAGJOS,0.8703139140707489
AZAVUU,ICAGOK,0.8699685234720133
AZAVUU,ANUGOG,0.8692800553124095
AZAVUU,AVAKAL02,0.8686282949963988
AZAVUU,SUKYIH,0.8424965057280364
AZAVUU,YEKXOD,0.8424951268308807
AZAVUU,YUSWEP,0.8423118286129829
AZAVUU,YAVYAW01,0.8417616369895609
AZAVUU,PARNON,0.8411566766625336
AZAVUU,PARNIH,0.8408145045664326
AZAVUU,XEBHOC,0.8399520894194545
AZAVUU,NAYZOE,0.8393153915409112
AZAVUU,MUNDOQ,0.8383429466308009
YAVYAW02,YAVYAW01,0.9998914207003446
YAVYAW02,XOPLOE,0.997308988840958
YAVYAW02,LEDLEN,0.9955861211577244
YAVYAW02,PARNON,0.9948234528741984
YAVYAW02,PARNIH,0.9941806649500128
NIHDEQ,UGEPEB,0.9998875910293404
NIHDEQ,BAHGUN04,0.999772263005658
NIHDEQ,BAHGUN03,0.9997463163009626
NIHDEQ,QERZUI,0.999738495527204
NIHDEQ,UFUMUD,0.9997370097828864
NIHDEQ,BAHGUN,0.999710881886696
NIHDEQ,BAHGUN01,0.999704660773446
NIHDEQ,UFUMUD01,0.9995818302231148
NIHDEQ,UFUNAK,0.999085606538164
NIHDEQ,POFDIZ,0.999013214347267
NIHDEQ,NELCEN,0.9949520900007498
NIHDEQ,POFFEX,0.9942976520836712
NIHDEQ,WURNOO,0.9222580299593706
NIHDEQ,ICAGOK,0.9202455208354036
NIHDEQ,JALPAQ,0.8787237493036985
NIHDEQ,IDUTAF,0.8666610936837994
NIHDEQ,ISISUZ,0.8666522323958654
NIHDEQ,UNACES,0.866637564705728
NIHDEQ,IDUSIM,0.8666112965210404
NIHDEQ,HOYKUD,0.8566964349526995
NIHDEQ,DEGSIS01,0.8435359477254653
NIHDEQ,QESBAR,0.8425350125126698
NIHDEQ,ENITAX,0.8413460438025937
MEQPEG,FAHMIM,0.9217840324805046
MEQPEG,REYCUV,0.9037758750165106
MEQPEG,XEMPAJ,0.8509580641681319
MEQPEG,GAWMOJ,0.8475223536478674
MEQPEG,PURJAO,0.8474442166697529
PURJAO,GAWMOJ,0.9999997287453743
PURJAO,TACJEO,0.9976118910629967
PURJAO,WEHHIC,0.8958276192792896
PURJAO,WUHNUK,0.8595904604128353
PURJAO,AWEYAE,0.8594686413963587
PURJAO,IFABIA02,0.8533012163015536
PURJAO,PEVQIS,0.8518419533623898
PURJAO,MIBQAR12,0.851837206911199
PURJAO,MIBQAR01,0.8517813850579563
PURJAO,LAWFOF,0.8517664089158081
MAGVOG33,MAGVOG34,0.9999998021296004
MAGVOG33,MAGVOG35,0.9999996063952794
MAGVOG33,MAGVOG08,0.9999994967848258
MAGVOG33,MAGVOG32,0.9999994605398212
MAGVOG33,MAGVOG30,0.9999984507260672
MAGVOG33,MAGVOG13,0.9999913806548224
KEDQAN,UWAGAB04,0.999675381571654
NIHBAI02,NIKYOW01,0.9999996545005082
NIHBAI02,NIKZEN,0.9999957768256038
NIHBAI02,IZAKAX,0.9999557689665164
NIHBAI02,IZAJUQ,0.9999517099787928
NIHBAI02,CAJHUS,0.9999256374232072
NIHBAI02,NUDPAE12,0.9996430154086722
NIHBAI02,NUDPAE02,0.9986329288040554
NIHBAI02,NUDPAE09,0.9979203195475496
NIHBAI02,XACLOF,0.9968146095630084
IZAJUQ,IZAKAX,0.9999999107355328
IZAJUQ,CAJHUS,0.9999971936207308
IZAJUQ,NIHBAI01,0.9999317121631836
IZAJUQ,CAJHUS01,0.99992010702987
IZAJUQ,NIHBEM01,0.99986430654632
IZAJUQ,NIKYUC,0.9998077303851748
IZAJUQ,NUDPAE12,0.9993446025852092
IZAJUQ,NUDPAE02,0.998071967925965
IZAJUQ,NUDPAE09,0.9972402450303172
IZAJUQ,IZIDOM,0.9965513569151998
IZAJUQ,XACLOF,0.9959853616978362
IZAJUQ,NUDNUW06,0.995490446903109
RAGREY,PEKZIP,0.9999838331583368
RAGREY,FUFVEJ,0.9998333806748148
RAGREY,ASUKEE01,0.9992178392747824
RAGREY,FITSAD,0.9989861692608364
RAGREY,OJOQAF02,0.9954396559970344
RAGREY,OJOQAF,0.9951041242204406
RAGREY,LABJUV,0.8880201839897767
RAGREY,WURNOO,0.8604317881225034
RAGREY,RANLAV,0.8536729039389928
RAGREY,MUGQAI,0.8457709266841016
RAGREY,XICKOL,0.8422815073787397
RAGREY,MOXPIZ,0.8384321410817311
MAQDUD01,XUNTEH01,0.8849033578903658
QOWRAV08,QOWRAV11,0.9999999920764436
QOWRAV08,QOWRAV05,0.9999998696113162
QOWRAV08,ICAREL,0.9910139774501382
QOWRAV08,KIJRUS,0.9863958045466648
QOWRAV08,ANUGIA,0.9603264515392362
QOWRAV08,LAYXAN,0.9529228340027036
QOWRAV08,IPUPIU,0.9446157684850804
QOWRAV08,HOYQIX,0.9442270370356391
QOWRAV08,CEFNIN,0.911421329294563
QOWRAV08,EXOGAB,0.9075387865479142
QOWRAV08,WURNOO,0.8721565542646584
QOWRAV08,HAYXIR,0.8717595926839837
QOWRAV08,ENIHUG,0.8678164011333828
QOWRAV08,NAPSUV,0.8564495580729719
QOWRAV08,SIXNIZ,0.8524701421901903
QOWRAV08,YIMQOD,0.8459940910835959
NIKHAS,PIWLAL,0.9041321667032992
NIKHAS,PIWLIT,0.904089148207882
NIKHAS,VEGMOK01,0.8870026396637166
NIKHAS,VEGMOK04,0.8869839097213295
NIKHAS,REDROI,0.8868148637674051
NIKHAS,IFABIA02,0.8865163823560632
NIKHAS,PEVQIS,0.8841282864396026
NIKHAS,MIBQAR12,0.8841208729664942
NIKHAS,WAWGOQ,0.846617194850304
NIKHAS,XOQXIL,0.8414433657577798
MIMVEJ,XALXIS01,0.9941178852253548
MIMVEJ,WIXJIW01,0.8559146767389274
MIMVEJ,DARYIF,0.8414405671803297
FECYUJ,USAHAZ,0.995410630400072
FECYUJ,DIRPOL,0.9197449236206648
FECYUJ,EZINAE,0.9105673036007338
FECYUJ,IFABIA02,0.8845625198100853
FECYUJ,MIBQAR12,0.884556294652283
FECYUJ,LAWFOF,0.8845393491195525
FECYUJ,VEGMOK01,0.8837587861541245
FECYUJ,FIJCUX,0.8820647359457613
FECYUJ,ORIBAU,0.8813674157376379
FECYUJ,SAVMAE,0.8610683983079703
FECYUJ,VEHJUP,0.8495858787280152
FECYUJ,OFIXOR,0.849337309865654
FECYUJ,ULISOZ,0.8489360088150519
FECYUJ,KUNLEL,0.8487696244565273
FECYUJ,REGREC,0.8485132857109292
FECYUJ,FUVBAB,0.8472959050113479
FECYUJ,WUHNUK,0.8429037882648129
FECYUJ,PIWLIT,0.8424379135534051
FECYUJ,PIWLAL,0.8414899791335233
POJTOY01,POJTOY,0.9999949019909856
POJTOY01,POJTUE,0.999971082954153
POJTOY01,EFEGOM,0.9999631297625516
POJTOY01,SADMIV,0.9999526384762468
POJTOY01,SETQUF,0.999945485479104
POJTOY01,SADMUH,0.9999250049046208
POJTOY01,SETRAM,0.9998939361591832
POJTOY01,SETQIT,0.9998422152839952
POJTOY01,SETQAL,0.99981364984261
POJTOY01,SETQEP,0.9997980983217736
POJTOY01,XADCOW,0.9997318925369654
POJTOY01,KUXREC,0.9984750260358172
POJTOY01,XUDSIY,0.99308681164145
POJTOY01,PIJKUR,0.8863628853811099
POJTOY01,REZXOK,0.8847264973950951
POJTOY01,UFIKOM,0.8692691703145782
POJTOY01,UFIHUP,0.8692022579754016
OJOQAF01,OJOQAF,0.9999884911158888
OJOQAF01,OJOQAF02,0.9999022389749368
OJOQAF01,FITSAD,0.9984157225617164
OJOQAF01,ASUKEE01,0.998267815502055
OJOQAF01,LIRVAK,0.996894932100014
OJOQAF01,FUFVEJ,0.9968563306350232
OJOQAF01,LABJUV,0.8880920657882029
OJOQAF01,HAJPEQ,0.8617480866790381
OJOQAF01,KAGJOS,0.8609333479602501
OJOQAF01,WURNOO,0.8609049337025679
OJOQAF01,RANLAV,0.8545274829131135
OJOQAF01,MUGQAI,0.8422962109090261
VIYHUI,ASUKEE,0.9999765271826128
LURRIA,OGEBAF01,0.9240983590850732
LURRIA,YAGHUM,0.9122817636709194
LURRIA,BIHRUI,0.9048319503123384
LURRIA,BIHROC,0.9038271864744436
LURRIA,MUDTEL,0.8985741995931082
LURRIA,ANUGOG,0.8819955036721253
LURRIA,ANUGIA,0.8813192119656423
LURRIA,QIYDAF01,0.8804442236017002
LURRIA,FAGQAI,0.8799840515366647
LURRIA,KIJRUS,0.8688138649319013
LURRIA,ICAREL,0.8663154675279586
LURRIA,QOWRAV11,0.8608019948997427
LURRIA,QOWRAV02,0.8607214794827535
LURRIA,LASYOU,0.8508125081504636
LURRIA,DOTSOV02,0.8387746389458886
LURRIA,EPISOM,0.8381871616469286
XAMDUM01,RILFEA,0.9999999906918924
XAMDUM01,UXISUR,0.999999917623252
XAMDUM01,XAMDUM03,0.9999988645693942
XAMDUM01,XAMDUM05,0.9999960321585616
XAMDUM01,DOTSOV10,0.9999507125449136
XAMDUM01,DOTSOV14,0.9999506690496774
XAMDUM01,DOTSOV12,0.9999503061044944
XAMDUM01,EBAMUS,0.9998332782595692
XAMDUM01,TISPAO,0.999786538597886
XAMDUM01,DOTSOV07,0.9996199702212244
XAMDUM01,YOZNUY,0.998378760332752
XAMDUM01,NEHZOS,0.9964280549543284
XAMDUM01,QIZLOC,0.99404765423609
XAMDUM01,DALSOA,0.9329930184092567
XAMDUM01,ORAWAH,0.9321519264352358
XAMDUM01,BABREE,0.9321254327435344
XAMDUM01,EXOYAS,0.9197158033621398
XAMDUM01,RAWYAS,0.9189181578867732
XAMDUM01,IWEVAJ,0.9186919963769834
XAMDUM01,YAGHUM,0.9078691843074838
XAMDUM01,EXOGAB,0.9077010999046522
XAMDUM01,PIDRAY,0.8999241186168403
XAMDUM01,PAMQIF,0.8968147407473981
XAMDUM01,VUJBIM,0.8953040912081062
XAMDUM01,MUDTEL,0.8946327208837539
XAMDUM01,GIKMOD,0.8938349128524014
XAMDUM01,GINTUT,0.8872981955149343
XAMDUM01,VIXPUP01,0.887095852702678
XAMDUM01,IPUPIU,0.8870936476499969
XAMDUM01,PAFZEE,0.8850768639665678
XAMDUM01,USEVOF,0.8850347160920353
XAMDUM01,IPUPOA,0.8849883598283131
XAMDUM01,EMUBOF,0.8849126679545952
XAMDUM01,ADONEP,0.8844771876560673
XAMDUM01,APUPEH,0.8821728230187615
XAMDUM01,EXAXAE,0.8821099302658443
XAMDUM01,ANUGOG,0.8779343973198971
XAMDUM01,HABQUY,0.8664139180505951
XAMDUM01,NIGDIS,0.8609866833189949
XAMDUM01,TOVWAE,0.8608500148730112
XAMDUM01,XICKOL,0.860607418975407
XAMDUM01,OGEBAF01,0.8585605695801544
XAMDUM01,JALPAQ,0.8581651719714398
XAMDUM01,FALTUK,0.8535463332318263
XAMDUM01,FAMPUH,0.8535379871693869
XAMDUM01,FAMQES,0.8535280704362769
XAMDUM01,MAVRAE,0.8513289893285562
XAMDUM01,LAYXAN,0.8494252509506043
XAMDUM01,WARXUL,0.8486498429234485
XAMDUM01,UWALEL,0.8448935270234529
XAMDUM01,BAZFUF,0.8398422846808915
XAMDUM01,ICAREL,0.8396951772275114
XAMDUM01,SEMNIJ,0.8395878922516868
XAMDUM01,HUJGEA,0.8389251226621848
XAMDUM01,ENIHUG,0.8389058187243997
KOLPIL,CECVOW,0.9947342085798904
BAHGUN01,BAHGUN,0.9999996646884012
BAHGUN01,HAWZEM,0.9999994531573582
BAHGUN01,UFUMUD02,0.9999983266848752
BAHGUN01,UFUMUD01,0.999989299173768
BAHGUN01,BAHGUN02,0.9999361318467485
BAHGUN01,QERZUI01,0.999927879334844
BAHGUN01,UGEPEB01,0.9998341146784204
BAHGUN01,UFUNAK,0.999828663366764
BAHGUN01,UFUMUD,0.9997923015765
BAHGUN01,POFDIZ,0.9997453710334612
BAHGUN01,POFDEV,0.9993005970024376
BAHGUN01,VOJPUG01,0.9988301973475282
BAHGUN01,NELCEN,0.9970894835302672
BAHGUN01,POFFEX,0.9965874265219716
BAHGUN01,KAGJOS,0.9229226847856372
BAHGUN01,JALPAQ,0.8792463778451087
BAHGUN01,XICKOL,0.8778518882128987
BAHGUN01,NAPSUV,0.8667650828388496
BAHGUN01,SOZHOG,0.8666792604805003
BAHGUN01,UNACIW,0.8665508071488358
BAHGUN01,IDUTAF,0.8665112857597426
BAHGUN01,IDUTIN,0.8665033925687602
BAHGUN01,DEGSIS01,0.8439935401774321
GAFREN,LACFUS,0.9999889357859916
GAFREN,XILBAW,0.9999973447392608
GAFREN,YICREI,0.999699873611602
KAKCEH01,KAKCEH02,0.9999995632817206
JEDKIP01,DADTOS10,0.9999921749182962
JEDKIP01,YANWOC01,0.999980841910566
JEDKIP01,DADTOS12,0.9999794040810588
JEDKIP01,DADTOS09,0.9999780343725696
JEDKIP01,DADTOS05,0.9999776208430818
JEDKIP01,DADTOS01,0.999976902417821
JEDKIP01,DADTOS11,0.9999766932734028
JEDKIP01,DADTOS,0.9999752024959532
JEDKIP01,DADTOS02,0.9999703426331084
JEDKIP01,YANWOC02,0.999965791254396
JEDKIP01,DADTOS13,0.9999609885788858
JEDKIP01,DADTOS14,0.9999425097160995
JEDKIP01,REZJIR02,0.9998942589772776
JEDKIP01,YUKTUU,0.9998917517519852
JEDKIP01,VIRJEM,0.999863332047506
JEDKIP01,REZJIR,0.9998625917541224
JEDKIP01,PADJOU01,0.9998415423289642
JEDKIP01,LIJWOR03,0.9998100050239812
JEDKIP01,LIJWOR01,0.9998042368591128
JEDKIP01,LIJWOR02,0.999792078057641
JEDKIP01,LIJWOR06,0.9997880673775216
JEDKIP01,LIJWOR,0.9997860111518532
JEDKIP01,QINSUD,0.9996415099649194
JEDKIP01,SIWPUL,0.9996347587995402
JEDKIP01,SIWPUL11,0.997972585384574
DOTSOV11,DOTSOV15,0.9999999992144026
DOTSOV11,DOTSOV14,0.9999999885696048
DOTSOV11,DOTSOV12,0.9999999863055168
DOTSOV11,XAMDUM05,0.9999749820756968
DOTSOV11,LUDLIH,0.999956668234066
DOTSOV11,RILFEA,0.9999512874230044
DOTSOV11,UXISUR,0.99994725436299
DOTSOV11,YOZMIL,0.9999318617585438
DOTSOV11,NEHZOS,0.997212610719444
DOTSOV11,QIZLOC,0.9950703814416156
DOTSOV11,YOZMUX,0.9872942317912602
DOTSOV11,LASYOU,0.9461153590578424
DOTSOV11,BABREE,0.9324928830369972
DOTSOV11,ORAWAH,0.931693305209252
DOTSOV11,RAWYAS,0.9193464130016104
DOTSOV11,IWEVAJ,0.9187165615892612
DOTSOV11,EXOGAB,0.9079787068852296
DOTSOV11,YAGHUM,0.9075482192802578
DOTSOV11,MOCKEV,0.9069579847714732
DOTSOV11,XIJSUH,0.9069472529419706
DOTSOV11,PIDRAY,0.9011420095031268
DOTSOV11,HUCBOX,0.8971018140604655
DOTSOV11,PAMQIF,0.8970313389128703
DOTSOV11,VUJBIM,0.8946229175244602
DOTSOV11,GIKMOD01,0.893950784634865
DOTSOV11,MUDTEL,0.8938561385723957
DOTSOV11,GINTUT,0.8872545097827444
DOTSOV11,XEDMEB,0.8849344409016168
DOTSOV11,USEVOF,0.8848949133478331
DOTSOV11,EMUBOF,0.88468458095687
DOTSOV11,APUPEH,0.8828758860679798
DOTSOV11,EXAXAE,0.8828210447120053
DOTSOV11,ANUGOG,0.8779621963353096
DOTSOV11,DICKEH,0.8774503897146428
DOTSOV11,ANUGIA,0.8771483954283391
DOTSOV11,HIDTUM,0.8741778705779077
DOTSOV11,HABQUY,0.8665741336724585
DOTSOV11,TEKYOA,0.8610888128108822
DOTSOV11,XICKOL,0.860886442955452
DOTSOV11,OGEBAF01,0.8592229376445459
DOTSOV11,XITYOP,0.8583927122579438
DOTSOV11,IDUDIW,0.8574096589781917
DOTSOV11,FAMQAO,0.8534624052479831
DOTSOV11,FAMPUH,0.8534342123219991
DOTSOV11,FAMQES,0.8534088452913994
DOTSOV11,NAPSUV,0.8533828359544704
DOTSOV11,MAVRAE,0.8519379775589198
DOTSOV11,RUJMEQ,0.8464088557909695
DOTSOV11,UWALEL,0.8461362998681362
DOTSOV11,REGYOT,0.8399641301265506
DOTSOV11,HUJGEA,0.839260511969514
DOTSOV11,BAZGAM,0.8384701197836891
DOTSOV11,ENIHUG,0.8384675345439702
XIHSAJ,VEFLUP,0.999943453836906
XIHSAJ,TONBOO,0.9992350138104862
XIHSAJ,COXFOL,0.8623066221584951
XIHSAJ,WIMWEW,0.8616079474227095
XIHSAJ,XUZRIU,0.8615709024272428
XIHSAJ,HABZEQ,0.8615188524884905
XIHSAJ,FILYAC,0.8609645872337723
XIHSAJ,XEVSIB01,0.8603574712103668
XIHSAJ,EJINIV01,0.8525064380714336
XIHSAJ,PUNYED,0.8494950150847659
XIHSAJ,ABAYOU,0.8492696920162823
XIHSAJ,XAPSIS,0.8464660399707027
XIHSAJ,JEDVUM,0.8451483849130332
XIHSAJ,YIPFIO,0.8440134176311821
XIHSAJ,WEMKEG,0.8437302438850272
XIHSAJ,MOXDOT,0.8430533480341653
XIHSAJ,USAYOE,0.8429067466315
XIHSAJ,AXINAX01,0.8415169235117771
XIHSAJ,DIBQIQ,0.8404235508922042
XIHSAJ,XAMGUQ,0.8401262707060289
XIHSAJ,NIGPAW,0.8389080510189899
LOMQOV,CUZBUW,0.9999987241854074
LAYXAN,ANUGOG,0.9831383314845568
LAYXAN,ANUGIA,0.9786870155374492
LAYXAN,NAFSOF,0.9743404899903017
LAYXAN,BAZGAM,0.9730466211276948
LAYXAN,ICAREL,0.971607553106136
LAYXAN,IPUPIU,0.9670732353238528
LAYXAN,BAZFUF,0.9655466124122112
LAYXAN,QOWRAV05,0.9528193100653384
LAYXAN,QOWRAV04,0.9528044253610556
LAYXAN,QOWRAV02,0.952795747856277
LAYXAN,EXOGAB,0.9453311111871154
LAYXAN,YUSWEP,0.9001277192827082
LAYXAN,EPISOM,0.8853660158846396
LAYXAN,ENIHUG,0.884172644097969
LAYXAN,NAPSUV,0.8814330042394483
LAYXAN,MUNDOQ,0.8799371451665636
LAYXAN,RUJMEQ,0.8756789449414382
LAYXAN,JALPAQ,0.8725937307398324
LAYXAN,XICKOL,0.8703541212718281
LAYXAN,TEKYOA,0.869448907818448
LAYXAN,NIGDIS,0.8691608876233712
LAYXAN,HIDTUM,0.865922120797812
LAYXAN,NEMCOA,0.8656877851688551
LAYXAN,SEMNIJ,0.8656064804760788
LAYXAN,WURNOO,0.8650477179065528
LAYXAN,ICAGOK,0.8631965002655462
LAYXAN,YIMQOD,0.8582329149409496
LAYXAN,DOTSOV07,0.8508765927827865
LAYXAN,DOTSOV16,0.8504256070240253
LAYXAN,DOTSOV12,0.8504255739267187
LAYXAN,DOTSOV14,0.8504220915597928
LAYXAN,EBAMUS,0.8499360811184442
LAYXAN,XAMDUM05,0.8497177219447329
LAYXAN,LUDLIH,0.8495077560005708
LAYXAN,UXISUR,0.8493849212995648
LAYXAN,YOZMIL,0.8492368663936588
LAYXAN,YOZNUY,0.8418585917788531
VOJPUG01,AHEMEG,0.9999476844013462
VOJPUG01,POFDEV,0.9999358298286294
VOJPUG01,POFFEX,0.9993452147953352
VOJPUG01,UFUMUD01,0.9990424876565572
VOJPUG01,UFUMUD02,0.9989152929026625
VOJPUG01,QERZUI,0.9987650286010143
VOJPUG01,BAHGUN02,0.9986456556503251
VOJPUG01,UGEPEB,0.9973039383472808
VOJPUG01,KAGJOS,0.9231420948837874
VOJPUG01,JALPAQ,0.878514409935454
VOJPUG01,NAPSUV,0.8701170232685345
VOJPUG01,SOZHOG,0.8655091342166303
VOJPUG01,IDUSIM,0.8648271719306153
VOJPUG01,UNACES,0.8646662799495686
VOJPUG01,UNACIW,0.8646172186830818
VOJPUG01,ISISUZ,0.864553556305261
VOJPUG01,IDUTAF,0.86447174434397
VOJPUG01,HOYKUD,0.8547286029404775
VOJPUG01,QESBAR,0.8438133495126638
VOJPUG01,ENITAX,0.842848394881017
QUQFEO,YOZYUJ,0.9834594638860148
QUQFEO,REGREC,0.9329486918809936
QUQFEO,ULISOZ,0.9327904394565776
QUQFEO,UNAGOH,0.9327415614197208
QUQFEO,VEHJUP,0.9318387335401016
QUQFEO,KUNLEL,0.9278591880186706
QUQFEO,CIJLIT,0.8997909637075291
QUQFEO,APACAX,0.8817558039990754
QUQFEO,DOYHOQ,0.8807362328289624
QUQFEO,NUFBOH,0.8798986903687276
QUQFEO,NASROR,0.8796923236480784
QUQFEO,UKOLUD,0.8728112827855781
QUQFEO,JAYXAL,0.8677011656633506
QUQFEO,NUCPIM,0.8664074380990862
QUQFEO,ADUVAZ,0.8622194495138878
QUQFEO,MUWRUT,0.8570985851045722
QUQFEO,HOGJIX,0.8452839324589848
QUQFEO,DUNXUH15,0.8441232708866826
ODIXAC,NOZZOT,0.9999995462715984
ODIXAC,ODIXIK,0.9995637777288116
ODIXAC,VAKLIF,0.9054562365505068
ODIXAC,FALGIK,0.8632382944196852
ODIXAC,MINBEQ,0.8420452430350314
ODIXAC,ROCZEQ,0.8393389866919445
EKEXOI,FIXLAC,0.999937197802999
BOWDUO,YODRAM,0.9999999993835385
BOWDUO,AHETAK,0.9999998260327088
BOWDUO,BOWDOI,0.9999965762000742
BOWDUO,BIPXIK,0.9999964998121104
BOWDUO,VEDFAN,0.9999957631885446
BOWDUO,VEDFOB,0.9999840097265064
BOWDUO,ABAVOP,0.999972987639506
BOWDUO,EXUXEC,0.9999633548261148
BOWDUO,CIJBEE,0.999951545696406
BOWDUO,KEJWAY,0.9997976657440376
BOWDUO,TATSIS01,0.9993757597435474
BOWDUO,TATSIS,0.9993018297830004
BOWDUO,ABAVUV,0.9985843203619854
BOWDUO,YIGGEB,0.9974825770324484
BOWDUO,ERUNUC,0.9232191935825452
BOWDUO,DIDBOJ,0.9229823148950176
BOWDUO,DIDBEZ,0.9228900161551732
BOWDUO,DIDBID,0.9228129928041396
BOWDUO,DIDBAV,0.922764350028104
BOWDUO,ERUNOW,0.922643517308148
BOWDUO,BAKJOO,0.8790571502198362
BOWDUO,BAKJEE,0.8787667341797313
BOWDUO,BAKJII,0.878121916819325
BOWDUO,ESEQUO,0.8739477328565054
BOWDUO,YATDOP,0.8599500147622551
BOWDUO,XALMII,0.8582661421288269
BOWDUO,NIDFOX,0.8539752380240532
BOWDUO,WEMKEG,0.844408003579532
BOWDUO,MOXDOT,0.8443770036345547
BOWDUO,DERBIO,0.8441521186303528
BOWDUO,NERVIP01,0.8438868281792546
BOWDUO,RAKBIO02,0.843473993707127
BOWDUO,RAKBIO,0.8434648476946158
BOWDUO,FAZPIH,0.843161312800821
BOWDUO,NERVEL,0.8429938254222866
BOWDUO,CANROA,0.842991933771801
BOWDUO,KOHLIE,0.8429284526280002
ABAVUV,OJOBAS,0.9992448804232332
ABAVUV,CIJBEE,0.9990556261473734
ABAVUV,ABAVOP,0.9989456265257064
ABAVUV,VEDFOB,0.998839471662646
ABAVUV,VEDFAN,0.9987283824296797
ABAVUV,BOWDOI,0.9986924710332036
ABAVUV,YODRAM,0.9985824692983098
ABAVUV,BIPXIK,0.9984402546191518
ABAVUV,KEJWAY,0.9973157405472722
ABAVUV,ABAVIJ,0.9968944119405332
ABAVUV,TATSIS01,0.9962756724346586
ABAVUV,TATSIS,0.995914992511588
ABAVUV,ERUNOW,0.9233039349040518
ABAVUV,DIDBID,0.921779372499692
ABAVUV,DIDBOJ,0.9216128135795216
ABAVUV,BAKJII,0.8792793276878492
ABAVUV,BAKJEE,0.8790740901317222
ABAVUV,BAKJOO,0.8787923897459814
ABAVUV,BUKLOJ,0.8785756029182138
ABAVUV,TIDNIF,0.875475608458422
ABAVUV,XALMII,0.8602453372027927
ABAVUV,YATDOP,0.859945345723166
ABAVUV,DERBIO,0.8439751446732511
ABAVUV,RAKBIO01,0.8438423341726433
ABAVUV,RAKBIO02,0.8438100843116592
ABAVUV,MOXDOT,0.8434731815515134
ABAVUV,KOHLIE,0.8421356728424911
ABAVUV,NERVIP01,0.8416668674734171
ABAVUV,KOHDIW,0.8414335094031251
ABAVUV,GAGWOB,0.8401317425561927
ABAVUV,NERVOV,0.8397200846989544
ABAVUV,FAZPIH,0.8396252780303372
ABAVUV,NERVIP,0.838746144044671
LIJPAX,EZATOP,0.9242677651974376
LIJPAX,FEJFAE,0.8505828881256123
LIJPAX,IVELUS,0.8501646193273305
LIJPAX,HIYZEV01,0.8486864048731915
LIJPAX,BIRMUM,0.8455560285885875
DOTSOV34,DOTSOV33,0.9999999988398368
QOWRAV04,QOWRAV05,0.999999997311566
QOWRAV04,BAZFUF,0.9971142269999038
QOWRAV04,ICAREL,0.990936230091157
QOWRAV04,KIJRUS,0.9863090106122016
QOWRAV04,NAFSOF,0.978769968322172
QOWRAV04,ANUGIA,0.9602844122659868
QOWRAV04,ANUGOG,0.956796095730366
QOWRAV04,IPUPIU,0.9445677928517744
QOWRAV04,HOYQIX,0.944176402106754
QOWRAV04,ORAWAH,0.8811244616362102
QOWRAV04,KAGJOS,0.8723220087691025
QOWRAV04,WURNOO,0.8720613915844406
QOWRAV04,HAYXIR,0.8716992715888942
QOWRAV04,SEMNIJ,0.8658277790449187
QOWRAV04,LASYOU,0.8629299350596499
QOWRAV04,NAPSUV,0.8563948836184265
QOWRAV04,SIXNIZ,0.8523950373389902
QOWRAV04,EPISOM,0.8507919708996969
QOWRAV04,YIMQOD,0.8459721864026887
DADTOS,DADTOS04,0.9999999866742098
DADTOS,DADTOS01,0.99999996977636
DADTOS,DADTOS05,0.9999999378856784
DADTOS,DADTOS09,0.9999999140678346
DADTOS,DADTOS06,0.9999998119602924
DADTOS,DADTOS12,0.9999998048227756
DADTOS,YANWOC01,0.999999635114882
DADTOS,YANWOC02,0.9999992443883146
DADTOS,YANWOC,0.999995448159771
DADTOS,DADTOS10,0.9999952271380758
DADTOS,YANWOC03,0.9999943500798238
DADTOS,IJOMOJ03,0.999993436544648
DADTOS,DADTOS14,0.9999932225188995
DADTOS,DADTOS15,0.999974928423686
DADTOS,REZJIR02,0.9999718393584176
DADTOS,YUKTUU,0.9999705446264464
DADTOS,REZJIR03,0.9999664378204576
DADTOS,REZJIR,0.999954325513118
DADTOS,PADJOU01,0.9999417623235928
DADTOS,LIJWOR03,0.9999222873933024
DADTOS,DADTOS17,0.999920872765202
DADTOS,LIJWOR02,0.999910546308661
DADTOS,MNFORD03,0.9998820818180318
DADTOS,QINSUD,0.999805020397632
DADTOS,SIWPUL04,0.9998047483069308
DADTOS,SIWPUL,0.9998000943135228
DADTOS,SIWPUL11,0.9975008057811542
TONBOO,VEFLUP,0.999173278617208
TONBOO,BUKLOJ,0.8841063367859976
TONBOO,ESEQUO,0.8805274948801957
TONBOO,DAFHEZ,0.8623133179144906
TONBOO,HABZEQ,0.8608790662105651
TONBOO,FILYAC,0.8600478869426729
TONBOO,EJINIV,0.8519592561095377
TONBOO,XUYYEW,0.8518273306834663
TONBOO,EJINIV01,0.8517004913623805
TONBOO,PUNYED,0.8489745661145504
TONBOO,ABAYOU,0.8485091084676746
TONBOO,XAPSIS,0.8455350238361423
TONBOO,CIPLIX,0.8442706023992941
TONBOO,JEDVUM,0.8441856930876572
TONBOO,YIPFIO,0.8431818941883683
TONBOO,WEMKEG,0.8428248296206999
TONBOO,USAYOE,0.8425651210844627
TONBOO,DERBIO,0.8413344029348769
TONBOO,GEPBEK,0.840683716777968
TONBOO,AXINAX01,0.8406073361480001
TONBOO,DIBQIQ,0.8394875208038185
TONBOO,CUWNIT,0.8393387220302784
TONBOO,XAMGUQ,0.8391796704816957
PAFZEE,IWEVAJ,0.9691987684226128
PAFZEE,NEMCOA,0.8935871611350532
PAFZEE,XAMDUM03,0.8850765786387529
PAFZEE,LUDLIH,0.885075053412837
PAFZEE,XAMDUM05,0.8850744804737072
PAFZEE,YOZMIL,0.8850741979468297
PAFZEE,DOTSOV14,0.8850331251151364
PAFZEE,DOTSOV12,0.8850327827132802
PAFZEE,EBAMUS,0.8849131758277538
PAFZEE,DOTSOV07,0.8847058727077994
PAFZEE,DOTSOV02,0.8839778389683146
PAFZEE,NEHZOS,0.8815523530186327
PAFZEE,YOZNOS,0.8768201770421292
PAFZEE,YOZMUX,0.8730336114515349
PAFZEE,LASYOU,0.8437154597646561
LARYEK03,SIKYER,0.999914017265804
LARYEK03,YIXFOC03,0.998688821325965
LARYEK03,WECSAZ01,0.997554645087564
LARYEK03,EXUTAU,0.9945472570051634
LARYEK03,VUKTEC,0.9081749706967857
LARYEK03,YEKWOC,0.9032196325785888
LARYEK03,DUGDOA,0.9021112719020472
LARYEK03,QICXUY,0.8971447266214398
LARYEK03,DARDIL,0.8971155761027536
LARYEK03,WOJYOL,0.8872793137972919
LARYEK03,WOJZIG,0.8869224497067795
LARYEK03,HISSIN,0.8865777306970386
LARYEK03,LUCDAO,0.8849228995977406
LARYEK03,DIXGIC,0.8772856476793098
LARYEK03,SENXER,0.8741557581610967
LARYEK03,ELIKOA,0.8610232852314743
LARYEK03,DOLPIF,0.8599053934116518
LARYEK03,OPENUT,0.8594938838568941
LARYEK03,LIXMEM,0.8567079556723343
LARYEK03,POHLOP,0.8384686750178924
HIBSUG,HIBSUG06,0.9999996535211556
HIBSUG,HIBSUG03,0.9999936787162804
HIBSUG,ACUBOP,0.9997517273315956
HIBSUG,GURXUN01,0.8837238451717996
HIBSUG,PAQYAJ01,0.8774846996405512
HIBSUG,XASHAA,0.8642412795308291
KIYZID,KIYZID02,0.9999988558498228
KIYZID,KIYZID01,0.999998653827304
KIYZID,KIZBEC01,0.9999754742857944
KIYZID,PTRPHT02,0.9063173480793728
KIZBEC01,KIYZID01,0.9999854949479946
KIZBEC01,KIYZID03,0.999984720051352
KIZBEC01,KIYZID02,0.9999639215356436
VOYWUB,QETSOY01,0.8627784772460158
VOYWUB,VIDXOX,0.8625834302546043
VOYWUB,NELRAY,0.8541600454680994
VOYWUB,UCEXOQ,0.8518496104179898
WARXUL,LASYOU,0.8860995103118563
WARXUL,HUJGEA,0.8784875858347341
WARXUL,EXOGAB,0.8586581987825019
WARXUL,DOTSOV07,0.8499818612928834
WARXUL,DOTSOV02,0.8499121134859541
WARXUL,DOTSOV16,0.8495835260021958
WARXUL,DOTSOV14,0.8495802399310389
WARXUL,DOTSOV10,0.8495798284952962
WARXUL,EBAMUS,0.8491153701541312
WARXUL,XAMDUM05,0.8489234952235788
WARXUL,XAMDUM03,0.8487968662855413
WARXUL,UXISUR,0.8486120831313585
WARXUL,IPUPOA,0.8418409459931531
FUVBAB,ULISOZ,0.9995113233402612
FUVBAB,KUNLEL,0.9937695345697716
FUVBAB,DUZPUL,0.9423039316304348
FUVBAB,RUGXUO,0.9325254079074894
FUVBAB,EXOXUL,0.9088392657734736
FUVBAB,JOVYAW,0.908244748975758
FUVBAB,MOHLIF,0.9045499754472474
FUVBAB,HOGJIX,0.8986305550133173
FUVBAB,DUNXUH,0.8973025863968979
FUVBAB,BOWJAA,0.8865726146981311
FUVBAB,DOYHOQ,0.8762820477407136
FUVBAB,NUFBOH,0.8753003681411871
FUVBAB,NASROR,0.8750518638850413
FUVBAB,FIJCUX,0.8749948711049566
FUVBAB,ORIBAU,0.8749249945308162
FUVBAB,REDROI,0.8744297324114304
FUVBAB,IFABIA02,0.8740966539313703
FUVBAB,PEVQIS,0.8716203156533116
FUVBAB,LAWFOF,0.8715143424358873
FUVBAB,VOTHIX,0.8710482346189807
FUVBAB,UKOLUD,0.8691773350613823
FUVBAB,UBUMAH,0.8610434036228247
FUVBAB,ADUVAZ,0.8576899236277032
FUVBAB,MUWRUT,0.853539378799674
FUVBAB,ALANAD,0.852441302041686
FUVBAB,WEHJAW,0.8523657709783179
FUVBAB,WEHHOI,0.8523394261096995
FUVBAB,HIQNUS,0.8463133767115402
FUVBAB,EZINAE,0.8462516678199196
FUVBAB,CIJLIT,0.8459415566267166
FUVBAB,HEZKIH,0.84546159679379
FUVBAB,REYCUV,0.8406694048300081
FUVBAB,JAYXAL,0.839557746643202
OCAKUB,VUQKAU,0.9998547832385702
OCAKUB,VUQKAU01,0.9998387544929372
OCAKUB,VUQJUN01,0.9989786577906596
OCAKUB,LUSHOX04,0.9471904948195684
OCAKUB,XUDSUK,0.9471651115557792
OCAKUB,UKIQIP,0.9327728528917432
OCAKUB,DADLEC,0.9208336170379428
OCAKUB,JIYPAL,0.9023679914278808
OCAKUB,BELTOD,0.8847903734550873
OCAKUB,XIHXET,0.8845313284480444
OCAKUB,GURXIB,0.8791430023404327
OCAKUB,MIQCUL,0.8650356116798755
OCAKUB,ENISUQ,0.864320326510095
OCAKUB,KOCWEF,0.8477438939928509
OCAKUB,IVELUS,0.8444199888770133
DUNXUH06,DUNXUH,0.9999930558087562
JIYTAP,SEQWOC,0.9039571830225857
JIYTAP,ALUJIB,0.879910442268097
JIYTAP,ZEBMAW,0.8411290694129507
ALUJIB,ZEBMAW,0.9059424480903124
ALUJIB,QAMVEH,0.8984793928240796
ALUJIB,AWOFOI,0.8749715688631713
ALUJIB,ILAXOK,0.85765198937769
ALUJIB,UZIJUJ,0.8474805992830755
VACFOV01,VIFPUY02,0.9999969047524916
VACFOV01,VIFPUY05,0.9999967719677768
VACFOV01,VIFPUY,0.9999964772959664
VACFOV01,VIFPUY03,0.9999964361196888
VACFOV01,LOQLEJ,0.9999963064471415
VACFOV01,VIFPUY01,0.9999959343936468
VACFOV01,GALJAG,0.94721072039352
VACFOV01,IFIPEV,0.9469514622484332
VACFOV01,FIFGEI,0.9468132762254534
VACFOV01,FAHQEM,0.9438037219845016
VACFOV01,NEDLOZ,0.9056058259668488
VACFOV01,CIFSIW,0.9045235999248132
VACFOV01,FOSTIS,0.9032894756239817
VACFOV01,UNIDAY,0.9031140602953872
VACFOV01,TIRFOQ,0.879971631578859
VACFOV01,YAMXOC,0.8747968145321754
VACFOV01,CUFFOZ,0.8747959347443481
VACFOV01,CUFFUF,0.874790560921863
VACFOV01,CUFDUD,0.873946814133133
VACFOV01,PEYVEV,0.8603445003755701
VASYEW,KESFOG,0.9184669676902694
VASYEW,KESFIA,0.9184603244157756
VASYEW,BAKJOO,0.8902712131369434
VASYEW,BAKJEE,0.889041712267292
VASYEW,ABAYOU,0.8872792427879502
VASYEW,PUNYED,0.887214467670293
VASYEW,XAPSIS,0.8787934950460636
VASYEW,CIPLIX,0.8769562604892618
VASYEW,JEDVUM,0.8768352140473712
VASYEW,FEVDER,0.8699954765037535
VASYEW,DIBQEM,0.8664807961470753
VASYEW,AXINAX01,0.8639266418634598
VASYEW,FILYEG,0.8611426502155547
VASYEW,DAFHEZ,0.8597935439245814
VASYEW,NIGPEA,0.8580139556386449
VASYEW,WIMWEW,0.8571037002887181
VASYEW,DIBQOW,0.8564354697957268
VASYEW,FILYAC,0.8560505774267458
VASYEW,HELDOT,0.8550042553335224
VASYEW,XEVXUT,0.8508134603886357
OJOQAF02,OJOQAF03,0.9998841362067848
OJOQAF02,OJOQAF,0.9999494629803952
OJOQAF02,FITSAD,0.9986648446662684
OJOQAF02,ASUKEE01,0.998428434328379
OJOQAF02,XIQZIH,0.997714995096604
OJOQAF02,LIRVAK,0.9970639431551374
OJOQAF02,FUFVEJ,0.9969910669568448
OJOQAF02,LABJUV,0.8881055615595206
OJOQAF02,XICKOL,0.8455707715662315
OJOQAF02,JALPAQ,0.8441353432525515
OJOQAF02,MUGQAI,0.842448506851601
YOZNUY,TISPAO,0.9993410622738782
YOZNUY,UXISUR,0.9984004491500102
YOZNUY,RILFEA,0.9983777533397032
YOZNUY,XAMDUM05,0.9982146902824064
YOZNUY,EBAMUS,0.9978460317983736
YOZNUY,DOTSOV15,0.9977654325231754
YOZNUY,DOTSOV12,0.9977626564435418
YOZNUY,DOTSOV16,0.9977626520164176
YOZNUY,DOTSOV02,0.9959081510785912
YOZNUY,YOZNOS,0.9931888034617798
YOZNUY,YOZMUX,0.9901290721738828
YOZNUY,NEHZOS,0.9900421288180996
YOZNUY,QIZLOC,0.9863062571041542
YOZNUY,LASYOU,0.9469900466070496
YOZNUY,ORAWAH,0.9328930494043836
YOZNUY,DALSOA,0.9310153704380274
YOZNUY,IWEVAJ,0.916619746637749
YOZNUY,XIJSUH,0.9081230197097246
YOZNUY,MOCKEV,0.9080849567672932
YOZNUY,VUJBIM,0.8973338607575074
YOZNUY,HUCBOX,0.8946047439479021
YOZNUY,RAHBOU,0.8937477254865502
YOZNUY,PIDRAY,0.891082913882019
YOZNUY,IPUPIU,0.8866237514090355
YOZNUY,GINTUT,0.885647033426854
YOZNUY,VIXPUP01,0.8843321206981369
YOZNUY,EMUBOF,0.8843230365041651
YOZNUY,USEVOF,0.883936606140782
YOZNUY,WANJIF,0.8826642513420309
YOZNUY,XEDMEB,0.8815782878649956
YOZNUY,IPUPOA,0.8795269262325793
YOZNUY,APUPEH,0.8762503101361178
YOZNUY,ANUGOG,0.8758725323519096
YOZNUY,NEMCOA,0.8682915044128925
YOZNUY,HIDTUM,0.8662004947923612
YOZNUY,HABQUY,0.8635577745167019
YOZNUY,TOVWAE,0.8606400438663733
YOZNUY,NIGDIS,0.8583264099547883
YOZNUY,TEKYOA,0.8580758962463039
YOZNUY,XICKOL,0.8571050586099217
YOZNUY,OGEBAF01,0.8528696768283907
YOZNUY,NAPSUV,0.8523834276529401
YOZNUY,FAMQES,0.8523114915237309
YOZNUY,FAMPUH,0.8522323620526377
YOZNUY,JALPAQ,0.852178636051488
YOZNUY,FALTUK,0.8521387006718131
YOZNUY,FAMQAO,0.852130430625709
YOZNUY,XITYOP,0.8512880456121916
YOZNUY,EPISOM,0.8488547392705775
YOZNUY,MAVRAE,0.8459404968877189
YOZNUY,RUJMEQ,0.8440692706552972
YOZNUY,BAZFUF,0.8397580710211856
YOZNUY,YIMQOD,0.8396491415250004
YOZNUY,ENIHUG,0.8395293849434058
YOZNUY,QOWRAV05,0.8391494222271607
YOZNUY,QOWRAV02,0.8391440835232178
AJAKON,RUGYOJ,0.9998538963626172
AJAKON,VAKLIF,0.9065453922503935
AJAKON,RUXWEM01,0.8651334007051512
AJAKON,RUXWEM03,0.8650715970782196
AJAKON,MINBEQ,0.8426058919656036
RUBTAK03,UFOSEQ,0.9999999991420752
RUBTAK03,WIZMAV10,0.9469425714494336
RUBTAK03,WIZMAV07,0.9469422745938868
RUBTAK03,WIZMAV,0.9469408845539236
RUBTAK03,WIZMAV05,0.9469340762276862
RUBTAK03,OFOJAX,0.9096906513940952
RUBTAK03,RUKDIM,0.9075705692521604
RUBTAK03,XULGIW,0.9075662577888064
RUBTAK03,GERBEN,0.9059054645562516
RUBTAK03,WUPTUY01,0.9049443590034078
RUBTAK03,HERHEU,0.9046219682744168
RUBTAK03,WUPTUY,0.9045611291353366
RUBTAK03,GAYXEM,0.903131398399533
RUBTAK03,BUNLAZ,0.8982155440486862
RUBTAK03,BUNKUS,0.8974642042263179
RUBTAK03,VIKSEQ,0.8779379687990625
RUBTAK03,VIKRIT,0.8776566490130948
RUBTAK03,XIJVIY,0.8770455104507269
RUBTAK03,UNEJEE,0.8749064782432829
RUBTAK03,BOHWUS,0.8725081700347977
PEYSUJ,NIRPOW,0.8540895386308994
PEYSUJ,XUPSAE,0.8540214073828398
PEYSUJ,CELZOK,0.840295569370247
JOPGOM,JOPGIG,0.9999820657889752
BUKLOJ,ESEQUO,0.99540377597966
BUKLOJ,WEMKEG,0.9456742249494262
BUKLOJ,DERBIO,0.9436659280952148
BUKLOJ,RUYGAV,0.9231623722232508
BUKLOJ,XUBKOU,0.9153390415434582
BUKLOJ,USAYOE,0.9081249306584712
BUKLOJ,GEPBEK,0.907372565309808
BUKLOJ,CANROA,0.9065731175290636
BUKLOJ,KOHDIW,0.9065343239674672
BUKLOJ,VEFMAW,0.90646516934614
BUKLOJ,KOHLIE,0.9056060961630924
BUKLOJ,WUHMUJ,0.9049011938712233
BUKLOJ,DIBQIQ,0.9041984443387407
BUKLOJ,CUWNIT,0.9039015621066911
BUKLOJ,XAMGUQ,0.9038283513957062
BUKLOJ,DIBQEM,0.9035093769188608
BUKLOJ,NIGPEA,0.9009822497599734
BUKLOJ,DIBQOW,0.8996792487385958
BUKLOJ,HELDOT,0.898482435464911
BUKLOJ,XUDVAV,0.8867019107639202
BUKLOJ,YIGGEB,0.8850273006780034
BUKLOJ,TATSIS,0.8847891055823286
BUKLOJ,KEJWAY,0.8842391449864913
BUKLOJ,EXUXEC,0.8836970170963335
BUKLOJ,AHETAK,0.8832515896172055
BUKLOJ,YODRAM,0.8832182096021366
BUKLOJ,BOWDOI,0.883086021871115
BUKLOJ,VEDFAN,0.8830425884587276
BUKLOJ,OJOBAS,0.882238980716843
BUKLOJ,CAXZOS,0.8763848186208908
BUKLOJ,DIDBOJ,0.8756556376074802
BUKLOJ,DIDBAV,0.8755030849236141
BUKLOJ,PUNYED,0.8748625711237596
BUKLOJ,ABAYOU,0.8747655879859909
BUKLOJ,XAFFIV,0.87030746058815
BUKLOJ,XAPSIS,0.869680378547422
BUKLOJ,CAQJOW,0.8692730503398676
BUKLOJ,CIPLIX,0.8682037743287351
BUKLOJ,JEDVUM,0.8681052386932016
BUKLOJ,HALVEY,0.8674811675793435
BUKLOJ,CAQKAJ01,0.8651057989029419
BUKLOJ,HABZEQ,0.8636094118139651
BUKLOJ,CIKPEU,0.8608394009054642
BUKLOJ,XADDUD,0.8593434162864572
BUKLOJ,DAFHEZ,0.8592078468669941
BUKLOJ,COXFOL,0.858232648786343
BUKLOJ,WIMWEW,0.8572710896864817
BUKLOJ,QUSVOQ,0.8572678906196713
BUKLOJ,FILYAC,0.8564621872895678
BUKLOJ,XUYYEW,0.854987589597975
BUKLOJ,EJINIV01,0.8547912654763978
BUKLOJ,QIQTOB,0.8534621604767826
BUKLOJ,YIPFIO,0.8462634775653352
BUKLOJ,FEXCAO01,0.8462358569001761
BUKLOJ,LUWZUZ02,0.838438968784756
BUKLOJ,SEQSOY,0.8383817925677703
ILECIN,SIRBIG06,0.9999600085305882
ILECIN,LICSEW03,0.9998825087739972
ILECIN,LIJWUX,0.9998642959720716
ILECIN,NAXVOY,0.9996232821105182
ILECIN,AMURUX06,0.9995374866533806
ILECIN,MOPQIT,0.9985522731882692
ILECIN,NIWZIE01,0.9981537460611932
ILECIN,NIWZIE08,0.9979780073996825
ILECIN,NIWZIE17,0.9974819897288132
ILECIN,NIWPIU,0.9974776794789804
ILECIN,NIWZIE18,0.997445855881814
BIKMAL01,BIKMAL,0.9999631407453492
BIKMAL01,LUWZUZ02,0.9138597810624076
BIKMAL01,BAKJOO,0.8782849444144779
BIKMAL01,NERVEL,0.877856387903528
BIKMAL01,NERVOV,0.8778429153362035
BIKMAL01,FAZPIH,0.8778010771741275
BIKMAL01,BAKJEE,0.877406327470917
BIKMAL01,CEJFOO,0.8772370107531134
BIKMAL01,BIVXAG,0.8740676056527729
BIKMAL01,KESFOG,0.8632221625932794
BIKMAL01,KESFIA,0.8632167741999865
BIKMAL01,AGAFAS,0.8605985931405834
BIKMAL01,FEVDER,0.8601820585368407
BIKMAL01,XUDVAV,0.8434448590471737
KESFOG,KESFIA,0.999999999216586
KESFOG,AGAFAS,0.9774472470966312
KESFOG,JEDVUM,0.9468696161969744
KESFOG,CIPLIX,0.946847020743645
KESFOG,XAPSIS,0.9463895750705684
KESFOG,PUNYED,0.9346314926626358
KESFOG,ABAYOU,0.9336297052436104
KESFOG,XUDVAV,0.9172549033362936
KESFOG,BAKJEE,0.9025123569201774
KESFOG,UFUKUB03,0.8730321810286337
KESFOG,UFUKUB02,0.8727950552024848
KESFOG,FEVDER,0.8724824981976196
KESFOG,UFUKUB01,0.8703858096288575
KESFOG,HELDOT,0.8651414767323784
KESFOG,DIBQOW,0.8650684946257929
KESFOG,BEXVAD01,0.8649636171663553
KESFOG,NIGPEA,0.864881952927922
KESFOG,BIKMAL,0.8643532271788513
KESFOG,FUDHAP,0.864170437172463
KESFOG,DIBQIQ,0.8637021015963132
KESFOG,ALIXID,0.8611790698724435
KESFOG,FUDHET,0.8585661216698487
KESFOG,FILYAC,0.8537651751066491
KESFOG,WIMWEW,0.8532674125097184
KESFOG,DAFHEZ,0.8512547854294344
KESFOG,FILYEG,0.8492631013800087
KESFOG,NIGPAW,0.8421515203411647
DOTSOV17,DOTSOV18,0.9999999985076448
GEVXIQ,FEQXAB,0.9996641306224082
NOLRIR,DELGIN,0.955219699154914
NOLRIR,FALGIK,0.9211019415762148
NOLRIR,SITDAD,0.920312259968901
NOLRIR,DUWBEE,0.9142664621797884
NOLRIR,KETHEY,0.8930288644008646
NOLRIR,CEHKUW,0.8788126213339185
NOLRIR,YEYRAY,0.876491384593306
NOLRIR,VAKLIF,0.8733334527590829
NOLRIR,YICRAF,0.8704486218715318
NOLRIR,FELXOM,0.8563136900584979
NOLRIR,XOGWUN,0.8544537453342061
NOLRIR,YAYNEU,0.8437077770250367
NOLRIR,TEMDIB,0.8401579004738183
NOLRIR,PENNAZ,0.8391306524946013
ZASJAG,KEPLID,0.9138638939306052
ZASJAG,KETHEY,0.8793541395970033
ZASJAG,ROCZEQ,0.8599099391580747
ZASJAG,FALGIK,0.8582569314190894
ZASJAG,RUXWEM01,0.8544220580381978
ZASJAG,RUXWEM03,0.8536218056555509
ZASJAG,AVAQIX,0.8480309986469698
DOTSOV16,DOTSOV10,0.9999999991325484
DOTSOV16,XAMDUM05,0.9999744037736016
DOTSOV16,XAMDUM03,0.9999641585378274
DOTSOV16,LUDLIH,0.9999559265141178
DOTSOV16,RILFEA,0.9999504815872268
DOTSOV16,UXISUR,0.9999464159690488
DOTSOV16,EBAMUS,0.9998457380668668
DOTSOV16,DOTSOV07,0.9997409056694718
DOTSOV16,ORAWAH,0.9316891305621116
DOTSOV16,IWEVAJ,0.9187164075894226
DOTSOV16,MOCKEV,0.9069538984586744
DOTSOV16,XIJSUH,0.9069431073415328
DOTSOV16,PIDRAY,0.9011516307505072
DOTSOV16,RAHBOU,0.8971948793652293
DOTSOV16,HUCBOX,0.8971021366291474
DOTSOV16,PAMQIF,0.897032732406672
DOTSOV16,VUJBIM,0.8946169150678958
DOTSOV16,GIKMOD01,0.8939574721793222
DOTSOV16,GINTUT,0.8872537452926743
DOTSOV16,VIXPUP01,0.8872467520445656
DOTSOV16,WANJIF,0.8849301369806917
DOTSOV16,USEVOF,0.8848933585532043
DOTSOV16,EMUBOF,0.8846823005620993
DOTSOV16,ANUGIA,0.8771451098606161
DOTSOV16,HIDTUM,0.8741849164820663
DOTSOV16,JALPAQ,0.85888500791264
DOTSOV16,FAMQAO,0.8534613052323137
DOTSOV16,FALTUK,0.8534591775925433
DOTSOV16,FAMPUH,0.8534329538958352
DOTSOV16,FAMQES,0.8534074596866024
DOTSOV16,NAPSUV,0.8533813311657845
DOTSOV16,MAVRAE,0.8519425848108357
DOTSOV16,REGYOT,0.8399659179911708
DOTSOV16,ICAREL,0.8399643495769433
DOTSOV16,BAZFUF,0.8395235495757333
DOTSOV16,SEMNIJ,0.8394006524193333
DOTSOV16,BAZGAM,0.8384743851536398
DOTSOV16,ENIHUG,0.8384635269589419
FALTUK,FAMQAO,0.9999999873342345
FALTUK,FAMPUH,0.9999983917063346
FALTUK,FAMQES,0.99999434537313
FALTUK,LASYOU,0.8947284940903828
FALTUK,SOZHOG,0.8816726452748038
FALTUK,UNACES,0.8801880945206983
FALTUK,UNACIW,0.8800934874570974
FALTUK,UNABUH,0.8800133440224558
FALTUK,ISISUZ,0.8800001365657347
FALTUK,IDUTAF,0.8798470348123472
FALTUK,IDUTEJ,0.8797399808018264
FALTUK,EXOGAB,0.8601656840351085
FALTUK,XIJSUH,0.8601453119527788
FALTUK,YOZMIL,0.8535513648608732
FALTUK,UXISUR,0.8535476822330094
FALTUK,XAMDUM03,0.8535395465921464
FALTUK,XAMDUM05,0.8535317870218275
FALTUK,DOTSOV14,0.8534596929305326
FALTUK,EBAMUS,0.8533562714275014
FALTUK,DOTSOV07,0.8531021252646251
FALTUK,DOTSOV02,0.8523470848341841
FALTUK,PIDRAY,0.8520322511055144
FALTUK,NEHZOS,0.8496581005398922
FALTUK,QIZLOC,0.847187475299628
FALTUK,HOYQIX,0.8422562866235663
FALTUK,IPUPIU,0.8421908485967813
RUJMEQ,EXOGAB,0.9240306648557952
RUJMEQ,HOYQIX,0.9021246362035362
RUJMEQ,IPUPOA,0.9008967344427564
RUJMEQ,ANUGIA,0.8919096246402638
RUJMEQ,ORAWAH,0.8735964454294077
RUJMEQ,NIGDIS,0.8544477400490449
RUJMEQ,XICKOL,0.8542396837845375
RUJMEQ,ICAREL,0.8533434306223542
RUJMEQ,BAZFUF,0.8528121933660124
RUJMEQ,JALPAQ,0.8523039404338529
RUJMEQ,BAZGAM,0.8519014672472072
RUJMEQ,KIJRUS,0.8506030928868786
RUJMEQ,CEFNIN,0.8504211925880961
RUJMEQ,YIMQOD,0.8500718672380726
RUJMEQ,NAFSOF,0.8492422815833103
RUJMEQ,QOWRAV11,0.8471009427250413
RUJMEQ,QOWRAV05,0.8470289017766862
RUJMEQ,DOTSOV14,0.8464089238232098
RUJMEQ,DOTSOV15,0.8464089190288739
RUJMEQ,RILFEA,0.8463442005614019
RUJMEQ,YOZMIL,0.8463219078666439
RUJMEQ,EBAMUS,0.8462501745734146
RUJMEQ,TISPAO,0.8458929729432738
RUJMEQ,DOTSOV02,0.8455063155914508
RUJMEQ,NEHZOS,0.843741738246275
JAYXAL,NUCPIM,0.9220393703331587
JAYXAL,NUFBOH,0.9049240427152778
JAYXAL,APACAX,0.8851121920990794
JAYXAL,YOZYUJ,0.8788916338708421
JAYXAL,EZINAE,0.8530064883475406
JAYXAL,REGREC,0.8396665670557947
JAYXAL,UNAGOH,0.8392639417686862
JAYXAL,VEHJUP,0.8387665900501478
KEVBUK01,KEVBUK,0.9999985907678977
KEVBUK01,TEVVAU,0.9253581530838952
KEVBUK01,BEJKEJ,0.9238805564223898
KEVBUK01,GAWZOW,0.9233822465159984
KEVBUK01,CAXZUY,0.9225645550551432
KEVBUK01,LIDSEY,0.8865221590876561
KEVBUK01,JAMSEY,0.8827702927375553
KEVBUK01,UFATEA01,0.859877090790464
KEVBUK01,ROGLOP,0.8594794990944219
KEVBUK01,UFATEA,0.8513872199885854
KEVBUK01,VEXTUO,0.8459938153810584
TEVVAU,TEVVIC,0.99998496305955
TEVVAU,BEJKEJ,0.9975298953403796
TEVVAU,GAWZOW,0.9969738493537504
TEVVAU,CAXZUY,0.9959157229212454
TEVVAU,TEVVOI,0.9874547014051018
TEVVAU,KEVBUK,0.925383084500432
TEVVAU,UFATEA01,0.9224007643757604
TEVVAU,ROGLOP,0.9218251607618824
TEVVAU,UFATEA,0.9122953867721784
TEVVAU,LIDSAU,0.9086312001917606
TEVVAU,XOMCIN,0.9070494521948528
TEVVAU,XADWIK02,0.8741888947074153
TEVVAU,EKEKAH,0.8738812956554477
TEVVAU,SEQSUE,0.8538498706375826
TEVVAU,PINPAG,0.849291929054758
FAHQIR,FAHQOX,0.9974759356282276
FAHQIR,CAQJOW,0.9350086661192208
FAHQIR,EJINIV01,0.9336096526172004
FAHQIR,EJINIV,0.9335859446561846
FAHQIR,CAQKAJ01,0.9325541576508884
FAHQIR,XUZRIU,0.8745327476502647
FAHQIR,HABZEQ,0.8744845763086039
FAHQIR,XEVSIB01,0.8733040183873346
FAHQIR,XEVSIB,0.8732491838555161
FAHQIR,MOXDOT,0.8675831078727351
FAHQIR,DERBIO,0.866782032083439
FAHQIR,AXINAX01,0.8593850029277729
FAHQIR,NIGPAW,0.8567222176748905
FAHQIR,DIBQOW,0.8545329669699187
FAHQIR,DIBQEM,0.8541213701018656
FAHQIR,MIHJUL,0.853862300259679
FAHQIR,HELDOT,0.85349773047362
UKOLUD,DUZPUL,0.8789616357595069
UKOLUD,UNAGOH,0.8692741433651839
UKOLUD,ULISOZ,0.8682551016498092
UKOLUD,VEHJUP,0.8666467179256181
UKOLUD,KUNLEL,0.86140598163372
PIWLIT,PIWLAL,0.999888508701491
PIWLIT,VEGMOK04,0.947107124161437
PIWLIT,ORIBAU,0.9468957556543072
PIWLIT,IFABIA02,0.9467317071671232
PIWLIT,PEVQIS,0.9448151956018632
PIWLIT,MIBQAR12,0.944809561730431
PIWLIT,MIBQAR01,0.9447436229175258
PIWLIT,LAWFOF,0.944725958548836
PIWLIT,DUPKAC,0.9206368900530896
PIWLIT,QEDZEG,0.9137387328533644
PIWLIT,NAWXER,0.9035015833038798
PIWLIT,PICCUC,0.8839996802005007
PIWLIT,CESQUP,0.8831605689483195
PIWLIT,JEDDII,0.8824011397929346
PIWLIT,ODODIW,0.8650635248839427
PIWLIT,BOLPAU,0.8648499148734258
PIWLIT,WUHNUK,0.8633261707061402
PIWLIT,FECWOB,0.8477801140168129
PIWLIT,MOFTIL02,0.8475006839523558
PIWLIT,MOFTIL01,0.847385112980588
PIWLIT,NUCRIN,0.8468530210305936
PIWLIT,RUTNOK,0.8451206219423884
PIWLIT,RUTNOK01,0.8447053561962947
PIWLIT,QAQSAD,0.8444117719123418
PIWLIT,EKEKEL,0.844138809758153
PIWLIT,DARYIF,0.8438209625326195
PIWLIT,USAHAZ,0.8437924861711438
PIWLIT,BUVNIR,0.8405642050136479
PIWLIT,MIDCUZ,0.8394142844702838
LASMUP,SOWCOY01,0.9964687779858422
LASMUP,ZAQXEX,0.8891912723220255
LASMUP,KUNLEL,0.8608615265140989
LASMUP,VEHJUP,0.8607360862778201
LASMUP,ULISOZ,0.8595673555771198
LASMUP,UNAGOH,0.8560954373573396
JUQSIZ,POKZOG,0.9998861520598908
JUQSIZ,YILKAH,0.9979098645841228
JUQSIZ,WUHMOD,0.9970856213865776
JUQSIZ,PIQQEN,0.9607626790764654
JUQSIZ,REFWIL,0.958085419931196
JUQSIZ,FOKWOT,0.9421394931556694
JUQSIZ,MICCIM,0.9361488159077131
JUQSIZ,TULLIX,0.9357838446831942
JUQSIZ,VAKLIF,0.904283862174278
JUQSIZ,TALBEQ,0.9005138292504492
JUQSIZ,REXYAX,0.8787193360183381
JUQSIZ,RUXWEM03,0.864931802883899
JUQSIZ,RUXWEM01,0.8647811632777214
JUQSIZ,FALGIK,0.8622235914749838
JUQSIZ,WIVRIE,0.8536555595432601
JUQSIZ,LUWKIZ,0.8425725988171151
JUQSIZ,VAXTEV,0.8401015830031674
IGUTUB,RUXWEM01,0.9225557828894692
IGUTUB,AVAQIX,0.9221781709407204
IGUTUB,FALGIK,0.9210126327665948
IGUTUB,ROCZEQ,0.9202308216579232
IGUTUB,KETHEY,0.9093547725019584
IGUTUB,VAKLIF,0.8755935058439404
IGUTUB,KEPLID,0.86942271779779
IGUTUB,JIYSUI,0.863195430374168
IGUTUB,EYULAM,0.8617655573363249
IGUTUB,VOQBUZ,0.8601017986748142
IGUTUB,SAHYOS,0.8408105188107019
RIBRAY,VITZIJ,0.9452812294703212
RIBRAY,EYIYES,0.8862369046731473
RIBRAY,LEWFOJ,0.881145685200927
RIBRAY,VAHVOR,0.8597463947097143
SEQWOC,FOFDAH,0.9138441828800752
SEQWOC,QAMVEH,0.9564345359997246
SEQWOC,RUYVAK,0.8650248957221174
SEQWOC,ZEBMAW,0.8624683010099574
ENIHUG,HOYQIX,0.9163188190921888
ENIHUG,IPUPOA,0.9108508253823532
ENIHUG,EXOGAB,0.8902885311293127
ENIHUG,BAZFUF,0.8697228754147015
ENIHUG,QOWRAV05,0.8677841700893693
ENIHUG,ORAWAH,0.8677156210292518
ENIHUG,ICAREL,0.8672529740489516
ENIHUG,NIGDIS,0.8663688931372079
ENIHUG,TEKYOA,0.8661759725419262
ENIHUG,KIJRUS,0.863647356596287
ENIHUG,JALPAQ,0.8407918616799922
ENIHUG,TISPAO,0.8395068696368123
ENIHUG,YOZMIL,0.8389740516641389
ENIHUG,UXISUR,0.8389208246443463
ENIHUG,XAMDUM03,0.8388454817038722
ENIHUG,EBAMUS,0.8384851094707316
ENIHUG,DOTSOV14,0.8384653300770888
ENIHUG,DOTSOV12,0.8384635315197395
DADTOS11,DADTOS01,0.9999999995276724
DADTOS11,DADTOS05,0.9999999905695238
DADTOS11,DADTOS02,0.9999996175602576
DADTOS11,YANWOC02,0.9999989568396768
DADTOS11,DADTOS13,0.9999979869201924
DADTOS11,YANWOC03,0.9999948029611682
DADTOS11,DADTOS07,0.9999830328721546
DADTOS11,DADTOS15,0.999973382027013
DADTOS11,YUKTUU,0.9999688704104254
DADTOS11,REZJIR03,0.999964655928079
DADTOS11,VIRJEM,0.999952866309606
DADTOS11,PADJOU01,0.9999394260591756
DADTOS11,PADJOU,0.9999348082866644
DADTOS11,LIJWOR03,0.9999195852112868
DADTOS11,DADTOS17,0.9999181436463364
DADTOS11,LIJWOR,0.9999029852331972
DADTOS11,MNFORD03,0.9998787559471192
DADTOS11,LIJWOR05,0.9998572575935828
DADTOS11,NURGUE,0.9998077461114828
DADTOS11,QINSUD,0.9998007517420976
DADTOS11,SIWPUL04,0.999800475416862
ORAWAH,LASYOU,0.9840945002707056
ORAWAH,ANUGIA,0.9363754931411166
ORAWAH,ANUGOG,0.9352235812138286
ORAWAH,TISPAO,0.9327955694941826
ORAWAH,YOZMIL,0.9322238168400132
ORAWAH,UXISUR,0.9321677186241992
ORAWAH,RILFEA,0.9321511884944808
ORAWAH,LUDLIH,0.9321161479853888
ORAWAH,EBAMUS,0.9317182333709214
ORAWAH,DOTSOV10,0.931691269879686
ORAWAH,DOTSOV07,0.9310524208011732
ORAWAH,DOTSOV02,0.9300483502534924
ORAWAH,YOZNOS,0.9261309938281704
ORAWAH,YOZMUX,0.9228718504244188
ORAWAH,QIZLOC,0.9217290915177376
ORAWAH,HOYQIX,0.918927695252438
ORAWAH,NIGDIS,0.8891750031728692
ORAWAH,TEKYOA,0.8889752467651547
ORAWAH,BAZFUF,0.8829111190822809
ORAWAH,FAMQES,0.8821417257398179
ORAWAH,FAMPUH,0.8820867233353757
ORAWAH,FAMQAO,0.8820148203126181
ORAWAH,IDUDIW,0.8814995458441988
ORAWAH,QOWRAV11,0.8811677929953055
ORAWAH,ICAREL,0.8803198869759672
ORAWAH,EPISOM,0.8793678319631596
ORAWAH,KIJRUS,0.8766806960021345
ORAWAH,DALSOA,0.873859620874527
ORAWAH,NAFSOF,0.8724341427082536
ORAWAH,BABREE,0.871510260923881
ORAWAH,YIMQOD,0.8674366623472082
ORAWAH,HUJGEA,0.864490133958085
ORAWAH,IWEVAJ,0.8612203854727855
ORAWAH,RAWYAS,0.8597813640807833
ORAWAH,FISGOF,0.8591767282008687
ORAWAH,MOCKEV,0.8535268027579546
ORAWAH,YAGHUM,0.853455890754085
ORAWAH,IXAKAU,0.8460016917438704
ORAWAH,VUJBIM,0.8438669182278482
ORAWAH,UWALEL,0.8423181451354116
ORAWAH,RAHBOU,0.8417035885172611
ORAWAH,PAMQIF,0.8415968381696817
ORAWAH,PIDRAY,0.8390928679662764
NIGDIS,TEKYOA,0.9999904843680302
NIGDIS,LASYOU,0.9022747294819904
NIGDIS,IPUPIU,0.895568919174896
NIGDIS,NAPSUV,0.8614190340351864
NIGDIS,EPISOM,0.8614009790180593
NIGDIS,DOTSOV12,0.8611194488324032
NIGDIS,DOTSOV15,0.8611187134358306
NIGDIS,XAMDUM05,0.8610343715103197
NIGDIS,XAMDUM03,0.861012750245999
NIGDIS,RILFEA,0.8609866400371478
NIGDIS,EBAMUS,0.860983030997742
NIGDIS,DOTSOV07,0.8609812036145199
NIGDIS,DOTSOV02,0.8604224028692086
NIGDIS,NEHZOS,0.8589571847245889
NIGDIS,QIZLOC,0.8570341080633899
NIGDIS,YOZMUX,0.8481744693529036
NIGDIS,XICKOL,0.8477115193024949
NIGDIS,ICAREL,0.8439335195505167
NIGDIS,BAZFUF,0.8430021043764281
NIGDIS,BAZGAM,0.8427704894623336
NIGDIS,NAFSOF,0.8403218621554557
JEDDII,PICCUC,0.9995182086842102
JEDDII,EKEKEL,0.9102309129650208
JEDDII,PEVQIS,0.8971973033156596
JEDDII,LAWFOF,0.8971894302625707
JEDDII,MIBQAR12,0.8971892606849302
JEDDII,IFABIA02,0.8964147066780073
JEDDII,VEGMOK04,0.8956435809164706
JEDDII,VEGMOK01,0.8956010276856847
JEDDII,FIJCUX,0.8934778955421898
JEDDII,ORIBAU,0.8926543831265088
JEDDII,PIWLAL,0.8812434513556442
QOZSIJ,KEPKUO,0.9111588529026052
QOZSIJ,BUVNIR,0.847819652945917
UVASAM,WOJZOK01,0.9965412639271984
KULMIP,IPIJAT,0.8718864755388153
KULMIP,NIMVUC,0.8635913551752055
KULMIP,HAZNED,0.8635693800172208
KULMIP,HAZNIH,0.863568033468376
KULMIP,HAZNON,0.8631546941004694
KULMIP,AJIJEI,0.8605732929654359
BEFKEF,IQEKUM,0.9999053767221988
WEHJAW,WEHHIC,0.9995980890304106
WEHJAW,GAWMOJ,0.8955389820662738
WEHJAW,TACJEO,0.8944580090636232
WEHJAW,HEZKIH,0.8715947345307538
WEHJAW,VEHJUP,0.8535043449375301
WEHJAW,UNAGOH,0.8516426155547782
QICXUY,DARDIL,0.99999847554734
QICXUY,SIKYER,0.8973270250545651
QICXUY,EHAZES,0.8958942489881343
QICXUY,WECSAZ,0.8952441245211229
GERBEN,HERHAQ,0.999937517790973
GERBEN,HERHEU,0.9998569339616366
GERBEN,GAYXEM,0.9994612851400372
GERBEN,ERARUM,0.9554749392297156
GERBEN,WIZMAV05,0.9554299610941946
GERBEN,WIZMAV10,0.9554136709789456
GERBEN,ERANAO,0.9535151928863344
GERBEN,IXETEM,0.9144226728157432
GERBEN,BUNKUS,0.913561395298001
GERBEN,OFOJAX,0.8972670654626315
GERBEN,VIKSEQ,0.8828921310009837
GERBEN,VIKSIU,0.882884981025841
GERBEN,ESEBOV,0.8600321740666347
GERBEN,YEYCUC,0.8541545257431387
GERBEN,BOHWUS,0.840204589475415
YOZMIL,UXISUR,0.999998889932488
YOZMIL,RILFEA,0.9999982522962096
YOZMIL,LUDLIH,0.9999954837098924
YOZMIL,XAMDUM05,0.999989401027442
YOZMIL,DOTSOV15,0.999931398719823
YOZMIL,DOTSOV12,0.999930975719158
YOZMIL,EBAMUS,0.9998270017211652
YOZMIL,TISPAO,0.9998215759903144
YOZMIL,NEHZOS,0.996276906234156
YOZMIL,QIZLOC,0.9938559564689736
YOZMIL,LASYOU,0.9465922168293996
YOZMIL,DALSOA,0.9329803147014016
YOZMIL,BABREE,0.9320490155547804
YOZMIL,EXOYAS,0.9196655802537886
YOZMIL,RAWYAS,0.9188308327842458
YOZMIL,YAGHUM,0.907916328850331
YOZMIL,XIJSUH,0.9074735685817324
YOZMIL,PIDRAY,0.8996953680497528
YOZMIL,HUCBOX,0.8969983157892945
YOZMIL,PAMQIF,0.8967725714003685
YOZMIL,VUJBIM,0.8954159883883509
YOZMIL,MUDTEL,0.8947617720026598
YOZMIL,GIKMOD,0.8936845712060669
YOZMIL,GINTUT,0.8872955950645278
YOZMIL,IPUPIU,0.8871278637855452
YOZMIL,VIXPUP01,0.8870585329765048
YOZMIL,USEVOF,0.8850493186464785
YOZMIL,EMUBOF,0.8849431441994076
YOZMIL,IPUPOA,0.8848663441007059
YOZMIL,XEDMEB,0.8846693598379994
YOZMIL,ADONEP,0.884440298411048
YOZMIL,APUPEH,0.8820362995620771
YOZMIL,EXAXAE,0.8819719832399502
YOZMIL,ANUGOG,0.8779189301259004
YOZMIL,ANUGIA,0.8775512467800001
YOZMIL,DICKEH,0.8770086893748352
YOZMIL,NEMCOA,0.874415830943066
YOZMIL,HIDTUM,0.8730998028202639
YOZMIL,HABQUY,0.8664020173225319
YOZMIL,XICKOL,0.8605468922367705
YOZMIL,OGEBAF01,0.8584313476527762
YOZMIL,JALPAQ,0.8580264849764988
YOZMIL,XITYOP,0.8574737086908341
YOZMIL,FAMQAO,0.8535516487334888
YOZMIL,FAMQES,0.8535389926773549
YOZMIL,UWALEL,0.8446603278218869
YOZMIL,BAZFUF,0.8398885209345388
YOZMIL,REGYOT,0.8396392855291802
YOZMIL,ICAREL,0.8396367392153448
YOZMIL,HUJGEA,0.8388551713252885
POFDEV,POFDIZ,0.9998083402873648
POFDEV,UFUNAK,0.999791975073667
POFDEV,UFUMUD01,0.9994612141788912
POFDEV,UFUMUD02,0.9993667576450678
POFDEV,HAWZEM,0.9993254099180716
POFDEV,QERZUI,0.9992525166547228
POFDEV,BAHGUN03,0.9992402921907227
POFDEV,BAHGUN04,0.9991921441722912
POFDEV,BAHGUN02,0.999170594180204
POFDEV,NELCEN,0.9991460266667996
POFDEV,UFUMUD,0.9988674918236724
POFDEV,UGEPEB01,0.9986189116782715
POFDEV,WURNOO,0.9232757039627985
POFDEV,ICAGOK,0.9231880901734978
POFDEV,XICKOL,0.8790907445651297
POFDEV,NAPSUV,0.8695084346584938
POFDEV,SOZHOG,0.8659783157823245
POFDEV,UNACES,0.8653067377862922
POFDEV,UNACIW,0.865268119655488
POFDEV,ISISUZ,0.8652139851935086
POFDEV,IDUTAF,0.8651486868570202
POFDEV,IDUTIN,0.8651157854591094
POFDEV,IDUTEJ,0.8650851260231722
POFDEV,HOYKUD,0.8553686587143094
POFDEV,QESBAR,0.843942077272536
POFDEV,DEGSIS01,0.8435471767359832
UFOSEQ,WIZMAV10,0.9469435347335023
UFOSEQ,WIZMAV07,0.9469432384055334
UFOSEQ,WIZMAV05,0.9469350544973156
UFOSEQ,ERARUM,0.9469105710691216
UFOSEQ,IXETEM,0.9082472764150592
UFOSEQ,RUKDIM,0.9075720923972612
UFOSEQ,XULGIW,0.9075677857672618
UFOSEQ,WUPTUY01,0.904947714219027
UFOSEQ,WUPTUY,0.9045646722742848
UFOSEQ,GAYXEM,0.9031355664606476
UFOSEQ,BUNLAZ,0.8982213516860673
UFOSEQ,BUNKUS,0.8974702208161933
UFOSEQ,VIKSEQ,0.8779376663954899
UFOSEQ,VIKRIT,0.8776556207062275
UFOSEQ,YEYCUC,0.8771546843256223
UFOSEQ,UNEJEE,0.8749097069281497
UFOSEQ,BOHWUS,0.8725110861327705
KAGJOS,WURNOO,0.999842532647218
KAGJOS,POFDIZ,0.9233638903925894
KAGJOS,UFUNAK,0.923220094920871
KAGJOS,UFUMUD01,0.9230406104416804
KAGJOS,UFUMUD02,0.9229766862751978
KAGJOS,HAWZEM,0.9229342281952008
KAGJOS,BAHGUN,0.9229272245147534
KAGJOS,QERZUI,0.9228956308856032
KAGJOS,UGEPEB01,0.9224681226765148
KAGJOS,ECODIK,0.922395062493906
KAGJOS,NELCEN,0.9219875697839136
KAGJOS,JALPAQ,0.9092142121164412
KAGJOS,XICKOL,0.908980825724578
KAGJOS,BAZGAM,0.8857161558046603
KAGJOS,ICAREL,0.8851918844641726
KAGJOS,NAFSOF,0.884649323112336
KAGJOS,KIJRUS,0.8844818184018646
KAGJOS,BAZFUF,0.8817691891410855
KAGJOS,CEFNIN,0.880636526523192
KAGJOS,QOWRAV11,0.8724358727291142
KAGJOS,QOWRAV02,0.8723151362721373
KAGJOS,MUNDOQ,0.8704890707224718
KAGJOS,HAYXIR,0.8690801419659059
KAGJOS,HOYQIX,0.862901883158411
KAGJOS,IPUPIU,0.8625410628857071
KAGJOS,FITSAD,0.861774534512583
KAGJOS,LIRVAK,0.8610664851030154
KAGJOS,FUFVEJ,0.8610097603381477
KAGJOS,OJOQAF,0.8609350789055644
KAGJOS,PEKZIP,0.8598015918848702
KAGJOS,CUPHUS,0.8594966390647126
KAGJOS,ANUGOG,0.8555875840757763
KAGJOS,AVAKAL02,0.8547392667146536
KAGJOS,ANUGIA,0.8528402467930027
KAGJOS,EDOSOI,0.8385198540537728
BAZFUF,ICAREL,0.9982612394278952
BAZFUF,QOWRAV02,0.9971109887182592
BAZFUF,BAZGAM,0.9956539762096313
BAZFUF,KIJRUS,0.9948659287526812
BAZFUF,NAFSOF,0.9914034362396889
BAZFUF,ANUGIA,0.9629038723154228
BAZFUF,HOYQIX,0.947924428277596
BAZFUF,IPUPOA,0.9434875187100704
BAZFUF,FISGOF,0.9073122670458306
BAZFUF,AVAKAL02,0.8855469198928188
BAZFUF,ICAGOK,0.8840433170035248
BAZFUF,HAYXIR,0.8767223122230343
BAZFUF,MUNDOQ,0.8707326236661014
BAZFUF,LASYOU,0.8650856103908393
BAZFUF,NAPSUV,0.8606741745633577
BAZFUF,SIXNIZ,0.8593702343155583
BAZFUF,YIMQOD,0.8459580439142378
BAZFUF,TISPAO,0.8401867759416045
BAZFUF,LUDLIH,0.8398182251699923
BAZFUF,XAMDUM03,0.8398005827351035
BAZFUF,DOTSOV15,0.8395250882557902
BAZFUF,DOTSOV10,0.8395250874993504
BAZFUF,DOTSOV07,0.838993534532307
BAZFUF,JALPAQ,0.8385965538109195
ERANAO,WIZMAV05,0.9926722793282576
ERANAO,WIZMAV,0.9926374127162014
ERANAO,WIZMAV10,0.9926286941857082
ERANAO,BUNKUS,0.9564326014926834
ERANAO,BUNLAZ,0.9564313342383078
ERANAO,GAYXEM,0.9554826264194408
ERANAO,HERHEU,0.954647697376208
ERANAO,HERHAQ,0.9526016741986864
ERANAO,IXETEM,0.9462040605474132
ERANAO,OFOJAX,0.9383556400371152
ERANAO,VIKROZ,0.8819916017141898
ERANAO,VIKRIT,0.8801243022060964
ERANAO,WUPTUY,0.8634084926731986
ERANAO,WUPTUY01,0.8631270117455419
ERANAO,XULGIW,0.8593323772498386
ERANAO,RUKDIM,0.8593198254580054
AYOZIZ,ATEYOP,0.9842693564920968
AYOZIZ,IBEYEU,0.952970085802236
AYOZIZ,AFOVIB,0.944460897861026
AYOZIZ,AFUDUD,0.939875222271663
AYOZIZ,KEZLIN,0.9351429054025338
AYOZIZ,ATIKAP,0.9049092470320488
AYOZIZ,ADEGIA,0.9048205439949882
AYOZIZ,HOGQIF,0.8622913614005563
YANWOC02,DADTOS13,0.999999841849178
YANWOC02,DADTOS02,0.99999983760192
YANWOC02,DADTOS01,0.9999989119857556
YANWOC02,DADTOS05,0.9999987490618696
YANWOC02,DADTOS09,0.9999986488869984
YANWOC02,DADTOS12,0.999998281302854
YANWOC02,YANWOC01,0.9999978303711776
YANWOC02,DADTOS14,0.9999969925877388
YANWOC02,YANWOC,0.9999909863421036
YANWOC02,YANWOC03,0.9999908150970688
YANWOC02,REZJIR02,0.9999803049104216
YANWOC02,YUKTUU,0.999979221140256
YANWOC02,REZJIR03,0.9999757181946431
YANWOC02,DADTOS07,0.9999735768505223
YANWOC02,LIJWOR03,0.9999368251717224
YANWOC02,DADTOS17,0.9999355797266436
YANWOC02,LIJWOR02,0.9999261719707246
YANWOC02,LIJWOR06,0.9999240999641892
YANWOC02,LIJWOR,0.9999218322627286
YANWOC02,LIJWOR01,0.999898523509729
YANWOC02,LIJWOR05,0.9998806130250129
YANWOC02,NURGUE,0.9998326812131892
YANWOC02,SIWPUL,0.9998238966461598
YANWOC02,ATIBOU02,0.9986100958297176
VIFPUY03,VIFPUY05,0.999999991669784
VIFPUY03,VIFPUY,0.9999999910543056
VIFPUY03,VIFPUY02,0.9999999834487728
VIFPUY03,VIFPUY01,0.9999999492590615
VIFPUY03,LOQLEJ,0.9999999425600292
VIFPUY03,FIFGEI,0.94673431073071
VIFPUY03,FAHQEM,0.9435808756352432
VIFPUY03,FAHQIQ,0.9357714870835888
VIFPUY03,CIFSIW,0.9042908347472712
VIFPUY03,CIFSAO,0.9033108776839988
VIFPUY03,FOSTOY,0.9025926609609554
VIFPUY03,TIRFOQ,0.8797025013612971
VIFPUY03,CUFFEP,0.8747404671423056
VIFPUY03,CUFFIT,0.8747100584011811
VIFPUY03,FEYDET,0.8745592818901988
VIFPUY03,CUFDUD,0.8738210343510667
BETZOR,HIYZEV01,0.8847934170213655
BETZOR,EZATOP,0.8587579745579136
BETZOR,BELTOD,0.8587411914913325
QUSBIQ,VAKLIF,0.9991732678420248
EYOQEP,GEDKUX,0.8620414957744201
REDROI,VEGMOK01,0.9999716344269144
REDROI,FIJCUX,0.9993174334775108
REDROI,ORIBAU,0.9989415349689564
REDROI,PEVQIS,0.9988172057609696
REDROI,MIBQAR12,0.998812030652581
REDROI,LAWFOF,0.9987530674146524
REDROI,PIWLAL,0.9465740262875416
REDROI,ODODIW,0.9082138830665388
REDROI,BOLPAU,0.9081574911113676
REDROI,VIKBUP,0.9081007228717152
REDROI,DAWCIP,0.907759498088531
REDROI,AWEYAE,0.9062985688090616
REDROI,UKOLOV,0.887178770768668
REDROI,EKEKEL,0.8862050222065958
REDROI,NAWXER,0.8857499021188409
REDROI,DARYIF,0.884958682088037
REDROI,USAHAZ,0.8834929779739152
REDROI,XOQXIL,0.8778406830488829
REDROI,DUPKAC,0.8770948581533016
REDROI,ZARLIP,0.8770826574064137
REDROI,MEWPIQ,0.8764525065724997
REDROI,ULISOZ,0.8749931347385904
REDROI,UNAGOH,0.8739004299303645
REDROI,KUNLEL,0.871952265273453
REDROI,PEGCIP,0.8686455246317153
REDROI,KAHMOW,0.8670707314353903
REDROI,XEGXIT,0.8670622278673575
REDROI,SAVMAE,0.8628411240012229
REDROI,ZAQXEX,0.8610960588571036
REDROI,HUVGEM,0.8606509890616257
REDROI,TACJEO,0.8517640853859174
REDROI,NISCOJ,0.8463430223754669
REDROI,IGINIX,0.8462791921070253
REDROI,LEBQUH,0.8436029255229381
REDROI,HOKLIE,0.8396471481218852
BAHGUN,BAHGUN03,0.9999987902049616
BAHGUN,BAHGUN04,0.9999963398283124
BAHGUN,UFUMUD01,0.9999879604904828
BAHGUN,QERZUI01,0.999933179326755
BAHGUN,ECODIK,0.9998821180268662
BAHGUN,UGEPEB01,0.9998448971378244
BAHGUN,UFUNAK,0.9998220854945062
BAHGUN,UFUMUD,0.999808413495927
BAHGUN,POFDIZ,0.9997507073086032
BAHGUN,UGEPEB,0.9995906819431476
BAHGUN,AHEMEG,0.9989049094526612
BAHGUN,POFFEX,0.9965621057540526
BAHGUN,WURNOO,0.923117467872829
BAHGUN,ICAGOK,0.9218621262288618
BAHGUN,XICKOL,0.8778347462440242
BAHGUN,NAPSUV,0.8667354320666871
BAHGUN,SOZHOG,0.8666785038886214
BAHGUN,IDUSIM,0.8666027838178134
BAHGUN,UNACIW,0.8665551033977257
BAHGUN,ISISUZ,0.8665397370816326
BAHGUN,HOYKUD,0.8566275858024803
FAZPIH,NERVEL,0.9999917601553564
FAZPIH,NERVIP,0.9999341815803462
FAZPIH,NERVIP01,0.9996781452264836
FAZPIH,LUWZUZ01,0.8841084002397313
FAZPIH,LUWZUZ02,0.8840431159061055
FAZPIH,TATSIS,0.8439891917217099
FAZPIH,TATSIS01,0.843969808066952
FAZPIH,KEJWAY,0.843773330104238
FAZPIH,ABAVIJ,0.8437369912951515
FAZPIH,BIPXIK,0.8432636995415158
FAZPIH,AHETAK,0.8431853218291082
FAZPIH,YODRAM,0.8431627516165829
FAZPIH,VEDFOB,0.8429666839405235
FAZPIH,ABAVOP,0.84285061184791
FAZPIH,CIJBEE,0.8427338993911637
FAZPIH,OJOBAS,0.8424818254859173
ABAVIJ,TATSIS01,0.9999004299011196
ABAVIJ,KEJWAY,0.999706924236577
ABAVIJ,TATSIS,0.9996448880919806
ABAVIJ,YODRAM,0.9994522840543484
ABAVIJ,BOWDOI,0.999442056569342
ABAVIJ,VEDFAN,0.9994079221951266
ABAVIJ,VEDFOB,0.9993869609259748
ABAVIJ,YIGGEB,0.9984896660039724
ABAVIJ,CAXZOS,0.9233308189075338
ABAVIJ,DIDBAV,0.9231194811473162
ABAVIJ,DIDBID,0.9229579264745094
ABAVIJ,ERUNOW,0.921246877697349
ABAVIJ,FEVDER,0.8789365028642206
ABAVIJ,BAKJOO,0.8780421907983549
ABAVIJ,ESEQUO,0.8777977982559674
ABAVIJ,BAKJEE,0.877530855885359
ABAVIJ,BAKJII,0.876520993800165
ABAVIJ,XALMOO,0.8599843390136832
ABAVIJ,XALMII,0.8563333510393341
ABAVIJ,XEVXUT,0.8539526136245467
ABAVIJ,WEMKEG,0.8439717072001018
ABAVIJ,GAGWOB,0.8438374147700933
ABAVIJ,NERVEL,0.843650079879672
ABAVIJ,MOXDOT,0.8436199383048135
ABAVIJ,DERBIO,0.8431092657160534
ABAVIJ,YIRSUQ,0.8429179248815521
ABAVIJ,CANROA,0.8425317497138214
ABAVIJ,RAKBIO02,0.8421967013462851
ABAVIJ,RAKBIO,0.8421814868197053
ABAVIJ,KOHLIE,0.842137773812646
ABAVIJ,RAKBIO01,0.8421116362885882
KOCWEF,VUQKAU,0.8478258391621271
KOCWEF,VUQKAU02,0.847808756857934
KOCWEF,VUQJUN01,0.8461495304959358
POKZOG,YILKAH,0.9983992778527228
POKZOG,WUHMOD,0.997654974126291
POKZOG,PIQQEN,0.9613062104618726
POKZOG,FOKWOT,0.9423032231552732
POKZOG,MICCIM,0.937044156305757
POKZOG,VAKLIF,0.905003342474614
POKZOG,RUXWEM03,0.8650968408332258
POKZOG,RUXWEM01,0.864987712596047
POKZOG,FALGIK,0.8628610032154408
POKZOG,WIVRIE,0.8545309418694035
POKZOG,LUWKIZ,0.8428079098571999
POKZOG,MINBEQ,0.8417750340821593
QONKUB,QONLEM,0.999969572266356
QONKUB,QONKOV,0.9999335559141216
QONKUB,FUSWIA,0.9998690304820692
QONKUB,PIZHOX,0.9998372206444086
QONKUB,PASGAU,0.9997789040123086
QONKUB,QOMRUH,0.999768041499878
QONKUB,IBUDOZ,0.9996576296976104
QONKUB,DEGJIK,0.9995216378640208
QONKUB,PEBNER,0.9994519074411016
QONKUB,JAVNIE,0.998998871028993
QONKUB,BUZKUE,0.9989949950847584
QONKUB,QITZUP,0.8712865707838744
QONKUB,CEXJUN,0.8634155417452134
QONKUB,CEXJUN03,0.8633822304877448
QONKUB,RODSAG,0.8572780279145407
QONKUB,REFBAH,0.8566066063564722
QONKUB,RANLAV,0.8515520097684277
QONKUB,MUGQAI,0.8420926832038624
QOMRUH,PASGAU,0.9999997951797854
QOMRUH,PIZHOX,0.9999922791658132
QOMRUH,IBUDOZ,0.9999892167774392
QOMRUH,QONKOV,0.9999430735676268
QOMRUH,QONLIQ,0.9998516629559602
QOMRUH,FUQJUX,0.9991156331620202
QOMRUH,PEBNER,0.9985081086510462
QOMRUH,BUZKUE,0.9977996477339456
QOMRUH,HOSPEL,0.9961484823588554
QOMRUH,VUQJEX01,0.9960202979790522
QOMRUH,PENLEB,0.8691082144181957
QOMRUH,QITZUP,0.8689149671203403
QOMRUH,CEXJUN,0.8627350941378688
QOMRUH,CEXJUN03,0.8626659886611994
QOMRUH,RODSAG,0.8562047986600345
QOMRUH,REFBAH01,0.8553030037797904
QOMRUH,REFBAH,0.8552228097673582
QOMRUH,RAJPIE,0.8528067538246181
QOMRUH,RANLAV,0.8508782813415304
BIYTOU,FUTCAZ,0.8849473340067672
BIYTOU,WEYQEY,0.8846217322095763
BIYTOU,WEYQAU16,0.8841252465467108
BIYTOU,WEYQAU01,0.883412689047957
BIYTOU,ABAYIO,0.882737567545322
BIYTOU,WEYQAU10,0.882731768848648
BIYTOU,BEXSAA,0.8702468016847511
BIYTOU,WOHYOH01,0.8439824208809621
VOKNAM,VOKNEQ,0.9417531411373428
IXETEM,OFOJAX,0.9757270778558736
IXETEM,WIZMAV07,0.9561971419007376
IXETEM,WIZMAV,0.9561958390181796
IXETEM,WIZMAV05,0.9561894542052672
IXETEM,ERARUM,0.9561664177980308
IXETEM,HERHEU,0.913163578266598
IXETEM,GAYXEM,0.9116959433175976
IXETEM,YEYCUC,0.9106076585758598
IXETEM,XIJVIY,0.9104929273144828
IXETEM,UNEJEE,0.9085305985629718
IXETEM,BUNLAZ,0.9068380131403764
IXETEM,DODBUV,0.8646480686624289
IXETEM,VIKSEQ,0.8600029301831869
IXETEM,VIKSIU,0.8600020982555519
IXETEM,VIKROZ,0.8599333190482991
IXETEM,HICNOZ,0.8441475761385726
DIBQEM,DIBQIQ,0.9826033472488492
DIBQEM,DIBQOW,0.9742793412566846
DIBQEM,MIHJUL,0.9729700419527414
DIBQEM,HELDOT,0.9722720748335276
DIBQEM,ESEQUO,0.9064941229276064
DIBQEM,AGAFAS,0.8751661464864029
DIBQEM,DIDBAV,0.8727789435657308
DIBQEM,DIDBID,0.8716877743005661
DIBQEM,NIDFOX,0.8709852825853347
DIBQEM,FEXCAO01,0.8707400860448031
DIBQEM,ERUNOW,0.8664909614914516
DIBQEM,XAFFIV,0.8616094527052909
DIBQEM,FAHQOX,0.859827234118671
DIBQEM,CAQKAJ01,0.859251070423429
DIBQEM,YATDOP,0.8551014672789634
DIBQEM,WEMKEG,0.8535314526875324
DIBQEM,SEQSOY,0.8523302365977246
DIBQEM,XALMII,0.847708000914919
DIBQEM,LUWZUZ02,0.8412067906861698
NENHAQ,PIJJEZ,0.9892245902189856
NENHAQ,VAKLIF,0.8739185330403734
NENHAQ,XIRKAM,0.8700256204459822
NENHAQ,FIJDEI,0.8533209115146451
NENHAQ,EKUNON02,0.8470411441801426
NENHAQ,EKUNON,0.8468865305123331
NENHAQ,FUMJAA,0.8400495425231055
NENHAQ,ODOXEK,0.8398722053648736
NENHAQ,YEYRAY,0.8391853148703666
XEQRAO,FALGIK,0.8849428865129109
XEQRAO,RUXWEM01,0.8822870189938817
XEQRAO,RUXWEM03,0.881664693367004
XEQRAO,VAKLIF,0.8691601885220248
CUFDUD,FEYDET,0.99981337532383
CUFDUD,CUFFUF,0.9996763687059088
CUFDUD,CUFFOZ,0.9996696117372128
CUFDUD,YAMXOC,0.999668504635174
CUFDUD,CUFFEP,0.9996674020983524
CUFDUD,PEYVEV,0.9920250205312006
CUFDUD,MURBEI,0.9472131130149652
CUFDUD,OTEGOL01,0.9460848953928932
CUFDUD,OWIJIP,0.94601078782728
CUFDUD,XINTOG,0.9271509268974044
CUFDUD,VIFPUY02,0.8738298422183588
CUFDUD,VIFPUY05,0.8738272863734401
CUFDUD,VIFPUY,0.8738222547580891
CUFDUD,LOQLEJ,0.8738204826373797
CUFDUD,VIFPUY01,0.873813453434718
CUFDUD,TIRFOQ,0.8485230295474062
CUFDUD,NEDLOZ,0.8398464850700156
CUFDUD,CIFSIW,0.8393869903625296
CUFDUD,CIFSAO,0.8389096245708062
CUFDUD,FOSTIS,0.8387582940600455
CUFDUD,FOSTOY,0.8385280447121286
UFIRUX,UFIYIR,0.9997720767083564
UFIRUX,KEDWOI,0.9997546020637575
UFIRUX,GOCTID,0.9991319258506984
RIYXIG,RAFRUL,0.9962597741590068
RIYXIG,CIFGUT,0.9951887896356748
QOWRAV05,QOWRAV02,0.9999999932645832
QOWRAV05,QOWRAV11,0.999999797402902
QOWRAV05,ICAREL,0.9909460102320736
QOWRAV05,KIJRUS,0.9863199163455612
QOWRAV05,NAFSOF,0.9787847511899757
QOWRAV05,ANUGIA,0.960289709319728
QOWRAV05,ANUGOG,0.9568041518631408
QOWRAV05,IPUPIU,0.9445738352229862
QOWRAV05,HOYQIX,0.9441827783610308
QOWRAV05,YUSWEP,0.931066881858036
QOWRAV05,CEFNIN,0.9113830618240808
QOWRAV05,EXOGAB,0.9074703013907792
QOWRAV05,AVAKAL02,0.8811131498560797
QOWRAV05,ICAGOK,0.8767593172826531
QOWRAV05,MUNDOQ,0.8594248563495884
QOWRAV05,NAPSUV,0.8564017670358823
QOWRAV05,SIXNIZ,0.8524044857306984
OGEBAF01,BIHROC,0.9782567534230348
OGEBAF01,BIHRUI,0.9780179813987172
OGEBAF01,DICKEH,0.9773114757989732
OGEBAF01,HABQUY,0.9629241834916876
OGEBAF01,FAGQAI,0.9550147541366454
OGEBAF01,QIYDAF01,0.9549720567513116
OGEBAF01,QIYDIN,0.9523719445339482
OGEBAF01,YAGHUM,0.9373751769485882
OGEBAF01,SEMNIJ,0.9256938483288102
OGEBAF01,VUJBIM,0.9212976377261096
OGEBAF01,MUDTEL,0.9199386897673234
OGEBAF01,FISGOF,0.9197919950584804
OGEBAF01,NEHZOS,0.8610795511365348
OGEBAF01,QIZLOC,0.8604561196364485
OGEBAF01,DOTSOV07,0.8594301951954839
OGEBAF01,DOTSOV12,0.859227964974687
OGEBAF01,DOTSOV14,0.8592257027305927
OGEBAF01,DOTSOV10,0.8592253989857627
OGEBAF01,DOTSOV15,0.8592253977208741
OGEBAF01,EBAMUS,0.858856223703049
OGEBAF01,XAMDUM05,0.8587590992472093
OGEBAF01,XAMDUM03,0.8586674910946295
OGEBAF01,LUDLIH,0.8586162623343147
OGEBAF01,RILFEA,0.8585618496619902
OGEBAF01,UXISUR,0.858532988847485
OGEBAF01,YOZNOS,0.846631468197639
OGEBAF01,YOZMUX,0.8420088450577268
OGEBAF01,ANUGOG,0.8391924670933814
VOTHIX,VEHJUP,0.8740034775019043
VOTHIX,ULISOZ,0.873049554451155
VOTHIX,REGREC,0.8725288839153915
VOTHIX,UNAGOH,0.8699226600496144
VOTHIX,SAVMAE,0.8514562990406189
VOTHIX,NATFAS,0.840013676948734
VOTHIX,CIZQOT,0.8398152109297227
VOTHIX,AZIMIH,0.8387007805468937
UFIKIG,UFIKOM,0.9999841440630748
UFIKIG,VAGVAC,0.8692744036025826
UFIKIG,POJTUE,0.8692249617620695
UFIKIG,EFEGOM,0.8692139717377021
UFIKIG,SADMIV,0.8692005065632806
UFIKIG,SETQOZ,0.8691964865550368
UFIKIG,SETQUF,0.8691918421068451
UFIKIG,SADMUH,0.8691669904978643
UFIKIG,SETRAM,0.8691303913316523
UFIKIG,SETQIT,0.8690707470485104
UFIKIG,SETQAL,0.8690384530573343
UFIKIG,YAXBOP,0.8690366044012309
UFIKIG,SETQEP,0.8690209948672201
UFIKIG,XADCOW,0.8689475293004842
UFIKIG,KUXREC,0.8678801629381642
UFIKIG,YAXBUV02,0.8663019534507697
UFIKIG,XUDSIY,0.8626420152829022
UFIKIG,NEHZAE,0.8551183913955199
UFIKIG,TOVJAR,0.850975286823955
UFIKIG,KUXSIH,0.8462023399645915
XADCOW,SADMOB,0.9999955343481268
XADCOW,SETQEP,0.9999952904927428
XADCOW,YAXBOP,0.999992917675596
XADCOW,SETQAL,0.9999925626336053
XADCOW,SETQIT,0.9999854426798296
XADCOW,SADMUH,0.9999404584352574
XADCOW,SETQUF,0.9999191149169646
XADCOW,SETQOZ,0.999914388938556
XADCOW,EFEGOM,0.9998937928420972
XADCOW,POJTUE,0.999877336663692
XADCOW,POJTOY,0.999652936116058
XADCOW,KUXREC,0.996932552722138
XADCOW,YAXBUV02,0.99473935946237
XADCOW,YAXCAC,0.9945686685734614
XADCOW,XUDSIY,0.9901249054657344
XADCOW,NEHZAE,0.9812955533706385
XADCOW,REZXOK,0.8838465278346682
XADCOW,UFIHUP,0.8692123395971214
XADCOW,UFIKOM,0.8690756434892226
XADCOW,TOVKEW,0.851638092672712
XADCOW,TOVJEV,0.8449168586532615
DOLPIF,OPENUT,0.9999548067888344
DOLPIF,YIXFOC03,0.8563985824617613
DOLPIF,WECSAZ01,0.8544643457461727
DOLPIF,EHAZES,0.8539710522189929
DOLPIF,YABKEU,0.8530559914651614
DOLPIF,SENXER,0.8530144220944553
DOLPIF,WIPLOY,0.8530012531274469
DOLPIF,WECSAZ,0.8526207990600936
DOLPIF,EXUTAU,0.8499893420177931
DADTOS06,DADTOS12,0.9999999999333496
DADTOS06,DADTOS05,0.9999999659936752
DADTOS06,DADTOS01,0.9999999325110768
DADTOS06,DADTOS04,0.9999998987419968
DADTOS06,DADTOS02,0.999999190125738
DADTOS06,DADTOS13,0.9999971088255092
DADTOS06,YANWOC,0.9999971073061632
DADTOS06,DADTOS10,0.9999969338037096
DADTOS06,YANWOC03,0.9999955198087692
DADTOS06,DADTOS14,0.999990776741756
DADTOS06,REZJIR02,0.999967049497112
DADTOS06,YUKTUU,0.9999656499403078
DADTOS06,REZJIR03,0.999961236335946
DADTOS06,VIRJEM,0.9999489217874544
DADTOS06,PADJOU01,0.9999349806398096
DADTOS06,PADJOU,0.9999310201657
DADTOS06,LIJWOR03,0.9999144624963068
DADTOS06,DADTOS17,0.9999129708794866
DADTOS06,LIJWOR02,0.9999021748638992
DADTOS06,LIJWOR06,0.9998997062457072
DADTOS06,LIJWOR,0.9998974114317128
DADTOS06,LIJWOR01,0.9998829588861592
DADTOS06,MNFORD03,0.9998724789214382
DADTOS06,LIJWOR05,0.9998504561113446
DADTOS06,SIWPUL04,0.9997924458184706
DADTOS06,SIWPUL11,0.997543867617412
SEQSOY,FEXCES,0.9999307681223452
SEQSOY,FEXCAO01,0.9937255303031012
SEQSOY,NOMPIQ01,0.95370945067692
SEQSOY,CIKPEU,0.9535640042516276
SEQSOY,MOXDOT,0.885710330275822
SEQSOY,ABIWOX,0.8788888277469747
SEQSOY,DIBQOW,0.8771143914366889
SEQSOY,MIHJUL,0.8770723668279684
SEQSOY,DIBQIQ,0.8764416253785021
SEQSOY,AXINAX01,0.8756502302885151
SEQSOY,DIDBEZ,0.8687707586053675
SEQSOY,DIDBID,0.8686798928463929
SEQSOY,DIDBOJ,0.8684324491190456
SEQSOY,DIDBAV,0.8681534337697963
SEQSOY,CAXZOS,0.8678558004419346
SEQSOY,EDAJUP,0.8647730496489967
SEQSOY,LUWZUZ01,0.8631221961648412
SEQSOY,NIGPAW,0.8575312629009282
MIBQAR12,PEVQIS,0.9999998975366936
MIBQAR12,LAWFOF,0.9999992820071788
MIBQAR12,IFABIA02,0.998965644092742
MIBQAR12,VEGMOK04,0.9984996770027044
MIBQAR12,FIJCUX,0.996350955118796
MIBQAR12,ORIBAU,0.9955377528299324
MIBQAR12,WUHNUK,0.9080609901885764
MIBQAR12,BOLPAU,0.9068206222057515
MIBQAR12,YOCGAZ,0.9065573595208044
MIBQAR12,DAWCIP,0.905104985100744
MIBQAR12,AWEYAE,0.90210323797929
MIBQAR12,CESQUP,0.8973255379268488
MIBQAR12,QEDZEG,0.8911179061014135
MIBQAR12,UKOLOV,0.8852542620139814
MIBQAR12,BUVNIR,0.8849045712245427
MIBQAR12,NAWXER,0.8818705420037346
MIBQAR12,USAHAZ,0.8795926273724444
MIBQAR12,DUPKAC,0.8779395364404783
MIBQAR12,XOQXIL,0.8759029144318549
MIBQAR12,REGREC,0.8731480530189408
MIBQAR12,XAFFAN,0.872858117203118
MIBQAR12,MEWPIQ,0.8726152623528985
MIBQAR12,ZARLEL,0.8705591085729204
MIBQAR12,UNAGOH,0.8704537376956812
MIBQAR12,AXOCEW,0.869191608132499
MIBQAR12,SAVMAE,0.8642372296256289
MIBQAR12,XEGWIS,0.8627019801506686
MIBQAR12,KAHMOW,0.8626863232578827
MIBQAR12,XEGXIT,0.8626716166480223
MIBQAR12,XEGWAK,0.8626594721476802
MIBQAR12,ZAQXEX,0.8593753900191732
MIBQAR12,HUVGEM,0.8579335299620827
MIBQAR12,SOSQIC01,0.8546757663556519
MIBQAR12,HIFGIO,0.854186819663399
MIBQAR12,WOJZOK01,0.8530779697935638
MIBQAR12,TACJEO,0.8525768851260306
MIBQAR12,GAWMOJ,0.8518786318238654
MIBQAR12,CIQHOC,0.850409266697721
MIBQAR12,VURMOL,0.838320309586803
SOJKOT05,SOJKOT07,0.9999956020196352
SOJKOT05,MAJMOA03,0.9999616145986252
SOJKOT05,YUKVEG,0.9999076050056102
SOJKOT05,IGOPEB,0.9998988723650456
SOJKOT05,DADTUY11,0.9998913311890598
SOJKOT05,DADTUY01,0.9998360308931468
SOJKOT05,DADTUY07,0.9998301559066352
SOJKOT05,DADTUY,0.9997854940124862
SOJKOT05,EDAGAT,0.9973604432777988
SOJKOT05,RAVVIU01,0.997341612474972
SOJKOT05,RAVVIU,0.9972261779701008
SOJKOT05,RAVVOA01,0.9970498389530428
SOJKOT05,JEXWUF,0.996137126235529
QAQSAD,DIRPOL,0.9205157446783188
QAQSAD,FIJCUX,0.8850120078083421
QAQSAD,VEGMOK04,0.8848893811588636
QAQSAD,IFABIA02,0.8844682245890536
QAQSAD,MIBQAR01,0.8822621223046029
QAQSAD,SAVMAE,0.8586012574772522
QAQSAD,REGREC,0.8499816322881841
QAQSAD,UNAGOH,0.8498417913444116
QAQSAD,VEHJUP,0.8487998762526153
QAQSAD,SOSQIC01,0.8475629983735413
QAQSAD,KUNLEL,0.8447203343635091
QAQSAD,PIWLAL,0.8443711438220237
QAQSAD,WUHNUK,0.8408986121935829
JOVYAW,UBUMAH,0.9422457282742934
JOVYAW,REGREC,0.9080665570612184
JOVYAW,BOWJAA,0.8946414783263557
JOVYAW,ZARLIP,0.8857020014968111
JOVYAW,YOZYUJ,0.8647370618512769
JOVYAW,UFAMEW,0.8612744933842137
JOVYAW,RUGXUO,0.8531368139400031
BOWJAA,ULISOZ,0.8872606184470997
BOWJAA,VEHJUP,0.8870627628201211
BOWJAA,UNAGOH,0.8859880227827099
BOWJAA,KUNLEL,0.88455033063798
BOWJAA,UFAMEW,0.8450023322566537
VUQKAU02,VUQKAU01,0.9999593916795652
VUQKAU02,LUSHOX04,0.9471581300488552
VUQKAU02,UKIQIP,0.9322979698263928
VUQKAU02,DADLEC,0.9197835156500024
VUQKAU02,JIYPAL,0.9012661147797892
VUQKAU02,BELTOD,0.8843001200431333
VUQKAU02,ROYMEZ,0.8797151121480158
VUQKAU02,MIQCUL,0.8646550056349513
VUQKAU02,IQOKIK,0.8616904151312217
VUQKAU02,FEJFAE,0.844233781969492
VUQKAU02,DIWFAT,0.843862752450447
YANWOC03,YANWOC,0.9999969112963506
YANWOC03,DADTOS10,0.9999964361925008
YANWOC03,YANWOC01,0.9999958206224092
YANWOC03,DADTOS12,0.9999955366865152
YANWOC03,DADTOS09,0.9999951851481904
YANWOC03,DADTOS01,0.999994863298356
YANWOC03,DADTOS02,0.9999926552293684
YANWOC03,DADTOS07,0.9999894801552386
YANWOC03,DADTOS13,0.9999887523247044
YANWOC03,DADTOS14,0.9999793538323264
YANWOC03,DADTOS15,0.9999534694600845
YANWOC03,REZJIR02,0.9999498062611548
YANWOC03,YUKTUU,0.99994803815317
YANWOC03,REZJIR,0.9999291903419644
YANWOC03,VIRJEM,0.9999283048134824
YANWOC03,PADJOU,0.9999276797350384
YANWOC03,LIJWOR01,0.999893535694344
YANWOC03,LIJWOR02,0.9998776204977432
YANWOC03,LIJWOR,0.999874939995145
YANWOC03,LIJWOR06,0.9998725569538433
YANWOC03,MNFORD03,0.9998431704461638
YANWOC03,LIJWOR05,0.9998168947410248
YANWOC03,QINSUD,0.9997571641746212
YANWOC03,ATIBOU02,0.9987836896968092
FUFVEJ,LIRVAK,0.9999964233094788
FUFVEJ,ASUKEE01,0.999763061860692
FUFVEJ,PEKZIP,0.9997134469205208
FUFVEJ,FITSAD,0.9996010320941542
FUFVEJ,CUPHUS,0.9995790602680056
FUFVEJ,OJOQAF,0.9967352703983008
FUFVEJ,LABJUV,0.8887576341087638
FUFVEJ,WURNOO,0.8612441291556698
FUFVEJ,HAJPEQ,0.8598278608208277
FUFVEJ,RANLAV,0.8545565095738018
FUFVEJ,MUGQAI,0.8458441247840665
NERVOV,CEJFOO,0.9991878805502888
NERVOV,BIVXAG,0.9946227250855424
NERVOV,LUWZUZ01,0.8837301402592344
NERVOV,LUWZUZ02,0.8836615644094236
NERVOV,BIKMAL,0.877939775174515
NERVOV,TATSIS,0.8440124990550013
NERVOV,TATSIS01,0.8438965365476355
NERVOV,KEJWAY,0.8438262422296715
NERVOV,YIGGEB,0.8435220511817639
NERVOV,AHETAK,0.8432549386949731
NERVOV,YODRAM,0.8432332187753037
NERVOV,BOWDOI,0.8431485848613962
NERVOV,VEDFOB,0.8430191733703659
NERVOV,ABAVOP,0.8429177553143821
NERVOV,CIJBEE,0.8427993638118713
NERVOV,OJOBAS,0.8425607628726036
VOGTER,VAGTAA01,0.997424047407224
VOGTER,QIWPET,0.8716760755264801
NERVEL,NERVIP,0.9999661132625336
NERVEL,TATSIS,0.843971271599735
NERVEL,KEJWAY,0.8436868067248344
NERVEL,YODRAM,0.8429954036192956
NERVEL,VEDFAN,0.8428751087806152
NERVEL,VEDFOB,0.8427779608873093
NERVEL,ABAVOP,0.8426534359100182
NERVEL,CIJBEE,0.8425266706794197
NERVEL,OJOBAS,0.8422564849828467
RAKBIO,RAKBIO02,0.9999999617297644
RAKBIO,FILYAC,0.8546031682966069
RAKBIO,OJOBAS,0.8438387127881734
RAKBIO,ABAVOP,0.8436796468118518
RAKBIO,VEDFOB,0.8436161220071395
RAKBIO,VEDFAN,0.8435525283996042
RAKBIO,YODRAM,0.8434636875660853
RAKBIO,AHETAK,0.8434451965973733
RAKBIO,KEJWAY,0.8425954737088394
RAKBIO,TATSIS,0.8415316268442314
IPIJAT,HAZNED,0.8720686747806821
IPIJAT,HAZNIH,0.872065966757344
IPIJAT,NIMVUC,0.8720352481663419
ICAREL,UMUBEL,0.8440587818728841
ICAREL,BAZGAM,0.9991808262337476
ICAREL,QOWRAV11,0.991030693579524
ICAREL,QOWRAV02,0.9909305275555068
ICAREL,ANUGIA,0.960958255299268
ICAREL,IPUPOA,0.9473406890805532
ICAREL,HOYQIX,0.9468567816692228
ICAREL,YUSWEP,0.9303854271051124
ICAREL,FISGOF,0.90812467735894
ICAREL,WURNOO,0.8852709492504729
ICAREL,AVAKAL02,0.885019976879485
ICAREL,SEMNIJ,0.8687521685845742
ICAREL,XICKOL,0.8440305354176751
ICAREL,TEKYOA,0.8439773318310306
ICAREL,JALPAQ,0.8429994636249973
ICAREL,YIMQOD,0.8419773198012128
ICAREL,SIXNUL,0.8401584315688042
ICAREL,DOTSOV07,0.8398681875938387
ICAREL,XAMDUM05,0.8397812712170405
ICAREL,XAMDUM03,0.8397421150609332
ICAREL,LUDLIH,0.8397185561548628
ICAREL,RILFEA,0.8396957532206669
ICAREL,UXISUR,0.8396828743825436
ICAREL,DOTSOV02,0.8393477735519425
ICAREL,NEHZOS,0.8388234649738527
ICAREL,TISPAO,0.8388216180259347
UKOLOV,FIJCUX,0.8870659637498055
UKOLOV,IFABIA02,0.8869547342580568
UKOLOV,ORIBAU,0.8868290928181481
UKOLOV,PEVQIS,0.8852596890088068
UKOLOV,LAWFOF,0.8851770893736621
UKOLOV,VAGMEX,0.8653743004884363
UKOLOV,XAFFAN,0.86526875919726
UKOLOV,PIWLAL,0.8462028952891849
DIRPOL,USAHAZ,0.919293604319436
DIRPOL,VAGMEX,0.8551729235121208
NURGUE,LIJWOR,0.9999747818576749
NURGUE,QINSUD,0.9999742731703364
NURGUE,SIWPUL04,0.9999723831476156
NURGUE,MNFORD03,0.9999706234388792
NURGUE,LIJWOR02,0.9999677173682912
NURGUE,LIJWOR06,0.9999622847624792
NURGUE,LIJWOR03,0.999961023922296
NURGUE,PADJOU,0.999960926300788
NURGUE,PADJOU01,0.9999527491103756
NURGUE,LIJWOR01,0.9999496815736584
NURGUE,REZJIR,0.9999414143849628
NURGUE,REZJIR03,0.9999283657339124
NURGUE,REZJIR02,0.9999184190742648
NURGUE,DADTOS15,0.9999128565484424
NURGUE,DADTOS14,0.99987051295397
NURGUE,DADTOS13,0.9998419848757144
NURGUE,DADTOS02,0.999823147642543
NURGUE,DADTOS04,0.999808669533153
NURGUE,DADTOS05,0.9998052514924368
NURGUE,YANWOC,0.9997545003063324
NURGUE,IJOMOJ03,0.9997368205591286
NURGUE,DADTOS07,0.9996853195732072
NURGUE,ATIBOU02,0.9975707509574828
BERQIA,YIHZIA02,0.999574123825834
BERQIA,EKUNON02,0.8912919601341932
BERQIA,EKUNON,0.8912894877200063
BERQIA,ULOGIL,0.8911311934362167
BERQIA,JUYJIY,0.8547663001697375
BERQIA,FONKEA,0.8453228511582271
BERQIA,FIVRUA,0.8385273596608104
ACUBOP,KIJPUQ,0.8620499141251647
ACUBOP,OVAJAX,0.9998773796300124
ACUBOP,HIBSUG03,0.999816370084836
ACUBOP,HIBSUG01,0.9997717932717444
ACUBOP,ACUBOP01,0.999729236329194
ACUBOP,GURXUN01,0.8826876913117747
ACUBOP,PAQXUC,0.8766967654361745
ACUBOP,PAQYAJ01,0.8765471463769207
ACUBOP,AVAQIX,0.841498190945697
LODZOU,HIBSUG02,0.8410864160894357
CIZQUZ,QOBGEV,0.9991175230618274
CIZQUZ,NATFAS,0.999977405537791
CIZQUZ,FABFOF,0.994515074896956
CIZQUZ,WOBHEB,0.8700508939672124
CIZQUZ,COKNAT,0.8682071295470626
CIZQUZ,WOBHOL,0.8681732184009248
CIZQUZ,WOBHIF03,0.8681450740551916
CIZQUZ,SAVMAE,0.8640297216793529
CIZQUZ,HIVSIQ,0.8577409352154229
NIFNOI,OFERUN,0.9999999280067814
NIFNOI,TUDJEI,0.9999972835990452
NIFNOI,SEFVEG,0.9999455816260544
NIFNOI,SEFVEG02,0.999945116269732
NIFNOI,NIFQOL,0.9999427391187848
NIFNOI,NIFQIF,0.9999190930592122
NIFNOI,NIFPAW,0.999887030055434
DOTSOV12,DOTSOV15,0.9999999887353688
DOTSOV12,DOTSOV10,0.9999999887299842
DOTSOV12,XAMDUM05,0.9999744184315148
DOTSOV12,XAMDUM03,0.9999641504140928
DOTSOV12,LUDLIH,0.9999562135333864
DOTSOV12,UXISUR,0.9999464044527152
DOTSOV12,YOZNOS,0.9912078463026944
DOTSOV12,YOZMUX,0.987308207103577
DOTSOV12,BABREE,0.9324954687109028
DOTSOV12,IWEVAJ,0.918723928187254
DOTSOV12,EXOGAB,0.9079808089860198
DOTSOV12,YAGHUM,0.9075451713558228
DOTSOV12,RAHBOU,0.8971949269238696
DOTSOV12,VUJBIM,0.8946169321952687
DOTSOV12,GINTUT,0.8872537483212277
DOTSOV12,HOYQIX,0.8869711307897896
DOTSOV12,IPUPOA,0.885615135319088
DOTSOV12,WANJIF,0.8849325982676587
DOTSOV12,EMUBOF,0.884682298017616
DOTSOV12,APUPEH,0.8828812434457057
DOTSOV12,EXAXAE,0.8828264754662946
DOTSOV12,ANUGOG,0.8779620062516051
DOTSOV12,DICKEH,0.8774529870945353
DOTSOV12,NEMCOA,0.8753337535475894
DOTSOV12,HABQUY,0.8665855313791785
DOTSOV12,TEKYOA,0.861089741276553
DOTSOV12,TOVWAE,0.8605532568377465
DOTSOV12,XITYOP,0.8584001124248877
DOTSOV12,FAMPUH,0.8534329710125542
DOTSOV12,FAMQES,0.8534074507272285
DOTSOV12,NAPSUV,0.8533813221479736
DOTSOV12,MAVRAE,0.8519428896294303
DOTSOV12,UWALEL,0.8461460715751832
DOTSOV12,REGYOT,0.8399659377898223
DOTSOV12,BAZGAM,0.8384781941086774
QOWRAV11,QOWRAV02,0.9999997167871724
QOWRAV11,KIJRUS,0.9864144538572466
QOWRAV11,NAFSOF,0.97891287422319
QOWRAV11,ANUGIA,0.9603354692995094
QOWRAV11,IPUPIU,0.9446260660219824
QOWRAV11,YUSWEP,0.9311063132245108
QOWRAV11,CEFNIN,0.9114307025144656
QOWRAV11,FISGOF,0.90124649187992
QOWRAV11,WURNOO,0.8721770252586132
QOWRAV11,HAYXIR,0.871772551334487
QOWRAV11,LASYOU,0.8629766835876554
QOWRAV11,MUNDOQ,0.8595422910227224
QOWRAV11,SIXNIZ,0.852486288596572
QOWRAV11,YIMQOD,0.8459987683105059
XADWIK02,XADWIK01,0.9999707644249312
XADWIK02,XOMCIN,0.9058603360447544
XADWIK02,LIDSEY,0.9043226377561682
XADWIK02,LIDSAU,0.9032626173063778
XADWIK02,JAMSEY,0.9027533410268818
XADWIK02,GAWZOW,0.8812893896663734
XADWIK02,BEJKEJ,0.8812366375556244
XADWIK02,TEVVIC,0.8749763537476655
XADWIK02,QEZZED,0.8586024842102531
XADWIK02,UFATEA,0.8567381375741783
XADWIK02,ROGLOP,0.8524743061679645
XADWIK02,UFATEA01,0.8513622909575334
XADWIK02,PINPAG,0.8472243179177772
VOTHOD,MITSEO,0.873820638999373
VOTHOD,YEYRAY,0.8734350815081464
VOTHOD,MITSIS,0.8725281378268103
VOTHOD,EKUNON02,0.8510104473467601
VOTHOD,EKUNON,0.8509806297955771
VOTHOD,YICRAF,0.8428781103113194
VOTHOD,MALWUU,0.8396814714222922
AVULAF,AVUKUY,0.999999195084524
AVULAF,AWEZEI,0.9976118769038048
TATSIS01,EXUXEC,0.999626540766118
TATSIS01,BIPXIK,0.9994563963218214
TATSIS01,AHETAK,0.9993953360130804
TATSIS01,YODRAM,0.999376934587334
TATSIS01,BOWDOI,0.9993297371691564
TATSIS01,CIJBEE,0.99903453720844
TATSIS01,CAXZOS,0.923125739521546
TATSIS01,DIDBAV,0.9226977577695942
TATSIS01,ERUNUC,0.9219818543416848
TATSIS01,ERUNOW,0.9207764605497558
TATSIS01,ESEQUO,0.8785539874025409
TATSIS01,BAKJOO,0.8777456495186807
TATSIS01,TIDNIF,0.8774393482404935
TATSIS01,BAKJEE,0.8771208400284944
TATSIS01,BAKJII,0.8759572732560179
TATSIS01,XALMOO,0.8600787010772641
TATSIS01,NIDFOX,0.856947998605448
TATSIS01,XALMII,0.8556136642667181
TATSIS01,XEVXUT,0.8548060851771921
TATSIS01,GAGWOB,0.8440042149339184
TATSIS01,WEMKEG,0.8439553578014376
TATSIS01,YIRSUQ,0.8433920401394912
TATSIS01,DERBIO,0.8427929676328096
TATSIS01,KOHDIW,0.8425068678907468
TATSIS01,KOHLIE,0.8419383982467854
TATSIS01,RAKBIO02,0.8417927191444158
ICAGOK,NELCEN,0.9231812981824202
ICAGOK,POFFEX,0.923028402557454
ICAGOK,POFDIZ,0.9225937245082868
ICAGOK,NAPSUV,0.92235667215191
ICAGOK,HAWZEM,0.921924807312497
ICAGOK,QERZUI,0.921795837136664
ICAGOK,BAHGUN03,0.9217753061202204
ICAGOK,BAHGUN02,0.9215760248015614
ICAGOK,QERZUI01,0.9211639381731532
ICAGOK,UFUMUD,0.9210968533809952
ICAGOK,ECODIK,0.9208941781521832
ICAGOK,UGEPEB01,0.9208198106932536
ICAGOK,UGEPEB,0.9200440324376852
ICAGOK,XICKOL,0.9095119357353258
ICAGOK,BAZGAM,0.8849622840719588
ICAGOK,KIJRUS,0.8834546691086864
ICAGOK,NAFSOF,0.8831039517598652
ICAGOK,CEFNIN,0.8817602223591936
ICAGOK,QOWRAV02,0.8767438817538925
ICAGOK,HAYXIR,0.87051163385149
ICAGOK,IPUPOA,0.8652977854227761
ICAGOK,IPUPIU,0.8646205626599306
ICAGOK,FITSAD,0.8608489023994603
ICAGOK,XIQZIH,0.8599859531894658
ICAGOK,PEKZIP,0.8577385425485199
ICAGOK,AVAKAL02,0.8564196049925914
ICAGOK,ANUGIA,0.8552161662503385
ICAGOK,EDORUN,0.8383264319227689
MIBQAR01,LATFUI,0.9999999918656078
MIBQAR01,LAWFOF,0.9999999630112362
MIBQAR01,PEVQIS,0.999999411025941
MIBQAR01,VEGMOK01,0.9984047246483312
MIBQAR01,ORIBAU,0.9954482472467884
MIBQAR01,PIWLAL,0.943586504723588
MIBQAR01,WUHNUK,0.9080516505806816
MIBQAR01,BOLPAU,0.9067736391763588
MIBQAR01,ODODIW,0.906607252606804
MIBQAR01,VIKBUP,0.9060370256072576
MIBQAR01,PICCUC,0.8970471107844922
MIBQAR01,QEDZEG,0.8910123236112965
MIBQAR01,EKEKEL,0.8872939365645127
MIBQAR01,DARYIF,0.8842644952128178
MIBQAR01,XOQXIL,0.8758418544717395
MIBQAR01,KUNLEL,0.8745920283404656
MIBQAR01,ULISOZ,0.8736452684652737
MIBQAR01,REGREC,0.8730900624247244
MIBQAR01,AXOCEW,0.8691792801053264
MIBQAR01,SAVMAE,0.8642407569550322
MIBQAR01,XEGWIS,0.8625936637079435
MIBQAR01,KAHMOW,0.8625778792264645
MIBQAR01,XEGXIT,0.8625630549122749
MIBQAR01,XEGWAK,0.8625508637693575
MIBQAR01,ZAQXEX,0.8593187089649299
MIBQAR01,UBUMAH,0.8588320626621402
MIBQAR01,HUVGEM,0.8578572949982122
MIBQAR01,SOSQIC01,0.8546999956333219
MIBQAR01,WOJZOK01,0.8531066572166696
MIBQAR01,CIQHOC,0.8503182487878468
MIBQAR01,NISCOJ,0.8456841243462904
MIBQAR01,IGINIX,0.8440989851211039
MIBQAR01,VURMOL,0.8383378887890058
NAXVOY01,MOPQIT,0.999999482247361
NAXVOY01,XEHSOT,0.9999959639053
NAXVOY01,NIWZIE01,0.9999806582930956
NAXVOY01,NIWZIE08,0.9999587703021828
NAXVOY01,NIWZIE02,0.9999480777557556
NAXVOY01,NIWZIE17,0.9998632572269182
NAXVOY01,NIWPIU,0.9998622430862644
NAXVOY01,NIWZIE18,0.999854648104296
NAXVOY01,SIRBIG06,0.9985154127181124
NAXVOY01,LIJWUX,0.997667495024468
NAXVOY01,LICSEW03,0.9975839369799568
NAXVOY01,AMURUX06,0.9965638117098408
NAXVOY01,AMURUX10,0.9960387576437506
DOYHOQ,APACAX,0.9518681407194848
DOYHOQ,NUCPIM,0.9065563431212602
DOYHOQ,YOZYUJ,0.8908605138923341
DOYHOQ,VEHJUP,0.8779638841367525
DOYHOQ,ULISOZ,0.8776057272398243
DOYHOQ,REGREC,0.8772964034822037
DOYHOQ,KUNLEL,0.8765172893357867
DOYHOQ,UNAGOH,0.8754372155251848
DOYHOQ,SOSQIC01,0.8403121867380582
MUZHUL,NATFAS,0.9968550346132604
MUZHUL,COKNAT,0.8726353886176765
MUZHUL,WOBHOL,0.8726320057700414
MUZHUL,WOBHEB,0.8725941555103895
MUZHUL,SAVMAE,0.8586673193100459
MIQCUL,VUQJUN01,0.8646841649433897
MIQCUL,VUQKAU01,0.8646351059460269
MIQCUL,NEDVOJ,0.8592162151201436
DOTSOV33,DOTSOV01,0.9999999974739002
RUBTAK09,RUBTAK07,0.9999999967411628
HERHAQ,HERHEU,0.9996076438993609
HERHAQ,WIZMAV07,0.955856676719972
HERHAQ,WIZMAV10,0.9558562430539824
HERHAQ,BUNLAZ,0.9130793901779026
HERHAQ,BUNKUS,0.9126215227685908
HERHAQ,VIKSEQ,0.883674261681486
HERHAQ,VIKRIT,0.8823923770827179
HERHAQ,XIJVIY,0.855036870324989
ODOXEK,MITSIS,0.999997668283242
ODOXEK,YEYRAY,0.9998129733570688
ODOXEK,MITSEO,0.999361558627292
ODOXEK,SITDAD,0.9471899582200982
ODOXEK,DUWBEE,0.9468224556190036
ODOXEK,AJIJEI,0.9200836119938284
ODOXEK,AJIJEI01,0.9200831151851288
ODOXEK,NAPZOV,0.9175871354641096
ODOXEK,VIDVUB,0.9079997130632091
ODOXEK,LIQFEY,0.9077417265125776
ODOXEK,MICJOA,0.9074101889982068
ODOXEK,FIJDEI,0.8968994213563306
ODOXEK,IJEYEC,0.8906660633535197
ODOXEK,VAKLIF,0.8749992534901925
ODOXEK,FIPKOG01,0.8609426359259666
ODOXEK,PENNAZ,0.8609358489420671
ODOXEK,KETHEY,0.8574904028076465
ODOXEK,VIDWAI,0.8534360153005804
ODOXEK,DAKVIW,0.8527283058651904
ODOXEK,LUWKIZ,0.8482534835020863
ODOXEK,TEMDIB,0.8394686591815481
LOQLEJ,VIFPUY01,0.999999987640482
LOQLEJ,VIFPUY05,0.9999999329046998
LOQLEJ,VIFPUY02,0.9999999240363312
LOQLEJ,GALJAG,0.9472134801271342
LOQLEJ,IFIPEV,0.9468864931720302
LOQLEJ,FAHQEM,0.9435801825961788
LOQLEJ,FAHQIQ,0.9357698062470232
LOQLEJ,NEDLOZ,0.9054080319675052
LOQLEJ,CIFSIW,0.9042899019003552
LOQLEJ,FOSTIS,0.903021542662692
LOQLEJ,YAMXOC,0.8747392287859964
LOQLEJ,CUFFOZ,0.8747381505167455
LOQLEJ,CUFFUF,0.8747320691417998
LOQLEJ,CUFFIT,0.8747097427919439
LOQLEJ,FEYDET,0.874560004304936
LOQLEJ,PEYVEV,0.8599035095963704
WECSAZ01,WECSAZ,0.9998812485615546
WECSAZ01,SIKYER,0.9983334626816494
WECSAZ01,GAPQAQ,0.9082047732769484
WECSAZ01,DARDIL,0.8962026321370142
WECSAZ01,WOJYOL,0.8850856616868144
WECSAZ01,WOJZIG,0.8826464602171201
WECSAZ01,LUCDAO,0.8813413044385316
WECSAZ01,SENXER,0.8709900358420055
WECSAZ01,SENXAN,0.8673615662160814
WECSAZ01,PEHWUW,0.8607630183846253
WECSAZ01,LIXMEM,0.8605739641558227
WECSAZ01,KAHWOG,0.8603368931410146
WECSAZ01,ELIKOA,0.8575368331400359
WECSAZ01,OPENUT,0.8535015815138207
EKUNON,ULOGIL,0.999877616826456
EKUNON,YIHZIA02,0.8909326849250933
EKUNON,JUYJIY,0.881713993090907
EKUNON,FIVRUA,0.8646364748147368
EKUNON,UYOGOF,0.8636875608413901
EKUNON,MALWUU,0.8634250878354812
EKUNON,VAKLIF,0.8617198138954077
EKUNON,LUWKIZ,0.8616182216002203
EKUNON,REXYAX,0.8482855875841526
EKUNON,FIJDEI,0.8412838548939957
VANHEA,PIWLAL,0.8559533996630164
VANHEA,DUPKAC,0.8444036801412365
FILYAC,COXFOL,0.9993742177408156
FILYAC,DAFHEZ,0.9993232807897546
FILYAC,XADDUD,0.9992419105408684
FILYAC,FILYEG,0.9983045650446992
FILYAC,XAPSIS,0.8968824192710514
FILYAC,PUNYED,0.8909958181542519
FILYAC,ABAYOU,0.8902988364483553
FILYAC,VEFLUP,0.860111514363944
FILYAC,RAKBIO02,0.8546032758353621
FILYAC,RAKBIO01,0.8546018015120649
FILYAC,KESFIA,0.8537631943481638
FILYAC,ESEQUO,0.8447884043988915
FILYAC,HABZEQ,0.8424031681529052
FILYAC,AGAFAS,0.8415994017943993
FILYAC,XUZRIU,0.8401530427466424
ERUNUC,DIDBOJ,0.99940513320169
ERUNUC,DIDBID,0.999356950991986
ERUNUC,DIDBAV,0.999168093511524
ERUNUC,YATDOP,0.9254551315506768
ERUNUC,XALMOO,0.9248247502620702
ERUNUC,OJOBAS,0.9233928466016896
ERUNUC,CIJBEE,0.9233590453381394
ERUNUC,VEDFAN,0.9232686493811016
ERUNUC,BIPXIK,0.9231647154987854
ERUNUC,EXUXEC,0.9230190397504956
ERUNUC,KEJWAY,0.9226298513017452
ERUNUC,DERBIO,0.9225689874291724
ERUNUC,NIDFOX,0.9168203183996912
ERUNUC,BAKJEE,0.9094280030638174
ERUNUC,FEVDER,0.9090590396117708
ERUNUC,TIDNIF,0.9069620414398778
ERUNUC,DIBQIQ,0.8857103334199941
ERUNUC,NOMPIQ01,0.8853252283098068
ERUNUC,NIGPEA,0.8849376792211705
ERUNUC,MIHJUL,0.8841453362057912
ERUNUC,HELDOT,0.88396668629764
ERUNUC,LUWZUZ02,0.8803335662535374
ERUNUC,XEVXUT,0.8789566652873099
ERUNUC,NIGPAW,0.8742156096703715
ERUNUC,FEXCES,0.8703579784009718
ERUNUC,FEXCAO01,0.8687984677298713
ERUNUC,ESEQUO,0.8640358338529448
ERUNUC,XAFFIV,0.8561864345330805
GURXUN01,PAQYAJ01,0.9143482629993008
GURXUN01,HIBSUG02,0.8837839296210828
GURXUN01,HIBSUG06,0.8837182094901866
GURXUN01,HIBSUG01,0.8836938931154593
GURXUN01,HIBSUG03,0.8836682669997262
GURXUN01,OVAJAX,0.8834364639584372
GURXUN01,RUXWEM03,0.8784039787879097
GURXUN01,RUXWEM01,0.8781584923674379
GURXUN01,XASHAA,0.8634019266693846
AGAFAS,ABAYOU,0.9317749255479276
AGAFAS,XAPSIS,0.9301897526970172
AGAFAS,CIPLIX,0.9290864085255818
AGAFAS,JEDVUM,0.9290112106565762
AGAFAS,XUDVAV,0.9173018163027722
AGAFAS,FEVDER,0.8907218425035988
AGAFAS,TIDNIF,0.8881731368720401
AGAFAS,BAKJII,0.8876666894173535
AGAFAS,AXINAX01,0.8820210922971292
AGAFAS,NIGPAW,0.8779996104277654
AGAFAS,HELDOT,0.8767599775809509
AGAFAS,UFUKUB01,0.8637289343930081
AGAFAS,HUZJIW,0.8637113161304051
AGAFAS,UFUKUB03,0.8629121739090783
AGAFAS,BIKMAL,0.8607515814715688
AGAFAS,FUDHET,0.8535375089987735
AGAFAS,ALIXID,0.8531998214004304
AGAFAS,EBIMEJ,0.8511105780382668
AGAFAS,FIQDER,0.8499229535032986
AGAFAS,FILYEG,0.8435675842898591
AGAFAS,XADDUD,0.8433939759120207
AGAFAS,COXFOL,0.8426479383818699
AGAFAS,WIMWEW,0.842154890220799
LUYSOP,MOXDIN,0.9996982317174492
VOQBUZ,KETHEY,0.842791403476333
XUDSUK,MAHTAR,0.9999548775624268
XUDSUK,VUQKAU,0.9471808699690064
XUDSUK,VUQJUN01,0.9456993910865942
XUDSUK,ENISUQ,0.9069715466707188
XUDSUK,IQOKIK,0.9053034667973404
XUDSUK,PUGHAC,0.896232269927836
XUDSUK,UKIQIP,0.8867993870988016
XUDSUK,JIYPAL,0.8848870893862067
XUDSUK,YEKJAC,0.8848083821647191
XUDSUK,OSADIX,0.8777885359316555
XUDSUK,DADLEC,0.8756056975246342
XUDSUK,FUTCAZ,0.874838988028698
XUDSUK,ABAYIO,0.8743827690942314
XUDSUK,WEYQEY,0.8729675731635174
XUDSUK,XIHXET,0.8684927231830118
XUDSUK,AVILAT,0.867127783621495
XUDSUK,ROYMEZ,0.8643070152165166
XUDSUK,XOHSUJ,0.8637859787954575
XUDSUK,XOHTOE,0.8623656409235596
XUDSUK,MUVJIX,0.8535460731441913
XUDSUK,DOLWAE,0.8505448449921215
XUDSUK,NEDVOJ,0.8502433191811991
DADTOS09,DADTOS05,0.9999999980709606
DADTOS09,YANWOC01,0.9999999031867264
DADTOS09,DADTOS02,0.9999994232449352
DADTOS09,DADTOS13,0.9999975668464698
DADTOS09,YANWOC,0.9999966111555436
DADTOS09,DADTOS10,0.9999964220482224
DADTOS09,DADTOS14,0.999991610306054
DADTOS09,DADTOS07,0.9999841747512788
DADTOS09,DADTOS15,0.9999719069901368
DADTOS09,REZJIR02,0.9999686426710508
DADTOS09,YUKTUU,0.9999672770299388
DADTOS09,VIRJEM,0.9999509101735196
DADTOS09,PADJOU,0.9999329390277472
DADTOS09,LIJWOR03,0.9999170395825449
DADTOS09,LIJWOR02,0.9999049294354448
DADTOS09,LIJWOR06,0.9999025002532024
DADTOS09,LIJWOR,0.9999002153295832
DADTOS09,LIJWOR01,0.9998848452465086
DADTOS09,MNFORD03,0.9998756317140616
DADTOS09,LIJWOR05,0.9998538695389644
DADTOS09,SIWPUL,0.999791722930217
DADTOS09,ATIBOU02,0.998695300803361
DADTOS09,SIWPUL11,0.9975299568020148
LAWFOF,VEGMOK01,0.9983905372521876
LAWFOF,FIJCUX,0.9962482503516212
LAWFOF,ORIBAU,0.995424349376249
LAWFOF,PIWLAL,0.9435651524673576
LAWFOF,WUHNUK,0.9080469562849496
LAWFOF,BOLPAU,0.9067589140604392
LAWFOF,ODODIW,0.9065928697125936
LAWFOF,VIKBUP,0.9060203238537012
LAWFOF,DAWCIP,0.9050107661665092
LAWFOF,AWEYAE,0.90197051066793
LAWFOF,CESQUP,0.8973149169321142
LAWFOF,QEDZEG,0.8909841561293592
LAWFOF,EKEKEL,0.887293104878436
LAWFOF,NAWXER,0.8817462040978088
LAWFOF,USAHAZ,0.8794671125940925
LAWFOF,DUPKAC,0.8779303561423675
LAWFOF,XOQXIL,0.8758254168055696
LAWFOF,VEHJUP,0.8746891645473811
LAWFOF,KUNLEL,0.874598986276798
LAWFOF,ZARLIP,0.8737647580927547
LAWFOF,ULISOZ,0.8736321627795182
LAWFOF,REGREC,0.8730745471959552
LAWFOF,VAGMEX,0.8730329763490877
LAWFOF,XAFFAN,0.8727369342601852
LAWFOF,ZARLEL,0.8704136612946689
LAWFOF,UNAGOH,0.8703392880289242
LAWFOF,AXOCEW,0.8691756202947174
LAWFOF,SAVMAE,0.8642416120807428
LAWFOF,XEGWIS,0.8625647989240162
LAWFOF,XEGXIT,0.8625341248082463
LAWFOF,ZAQXEX,0.8593032875720796
LAWFOF,UBUMAH,0.8588149411562449
LAWFOF,HUVGEM,0.8578369069435534
LAWFOF,HIFGIO,0.8540456212097817
LAWFOF,WOJZOK01,0.8531141846675658
LAWFOF,TACJEO,0.8525699994714429
LAWFOF,GAWMOJ,0.8518086824861717
LAWFOF,CIQHOC,0.8502939796739415
LAWFOF,LEBQUH,0.8386609737686607
LAWFOF,VURMOL,0.8383424056351781
YATTUK,LAVTAF,0.9901835879593786
YATTUK,JUXSIG,0.9386296519094726
YATTUK,RAVDOJ,0.9079156904210126
YATTUK,YICXIU,0.9038642792522472
YATTUK,OHIHOD,0.8968576971316707
YATTUK,XADDAJ,0.8864632476758583
YATTUK,WOJYUR,0.8838283184051478
YATTUK,QACTUJ,0.8749993514348496
YATTUK,YIXFUI,0.874768985186764
YATTUK,LEHTID,0.8737570676517609
YATTUK,IZEBAR,0.8584894241250072
YATTUK,LEDHEJ,0.8549991557408938
YATTUK,DUGDUG,0.839710049400901
WEYQAU01,WEYQAU10,0.999941484566102
WEYQAU01,WEYQEY,0.9996206731548178
WEYQAU01,FUTCAZ,0.9972796499820342
WEYQAU01,ABAYIO,0.9920811497266664
WEYQAU01,OFODET,0.9047777207184284
WEYQAU01,UKIQIP,0.8854981863983146
WEYQAU01,SOBDOF,0.8841038694834409
WEYQAU01,HIYZEV01,0.8836746296869814
WEYQAU01,DIJCOP,0.8724294650072237
WEYQAU01,MAHTAR,0.871577806461061
WEYQAU01,LUSHOX04,0.8711328233033883
WEYQAU01,GOVWOF,0.8580257091462067
WEYQAU01,UVETUL,0.8575891092722008
WEYQAU01,WACLEU,0.8436981360603941
KOGCIT,GUXSOI,0.9990435626286368
KOGCIT,UCEXOQ,0.8424206872960117
NAWXER,ORIBAU,0.8872051223383426
NAWXER,VEGMOK01,0.8860798578467174
NAWXER,PEVQIS,0.8818833428279685
NAWXER,QEDZEG,0.859010224053405
NAWXER,XAFFAN,0.8415114351944134
NAWXER,YOCGAZ,0.8414848729906321
NAWXER,ODODIW,0.8413995975587889
NAWXER,BOLPAU,0.8411614937899197
XAFFAN,VIKBUP,0.9622756893032168
XAFFAN,FIJCUX,0.8778412515242695
XAFFAN,VEGMOK01,0.8769226267657737
XAFFAN,IFABIA02,0.8761240092616018
XAFFAN,PEVQIS,0.8728662525594664
XAFFAN,DUPKAC,0.8527220827583739
XAFFAN,QEDZEG,0.8503807247040035
DIDBAV,ERUNOW,0.998580379907328
DIDBAV,XALMOO,0.9247128400236824
DIDBAV,YATDOP,0.9244783080965742
DIDBAV,VEDFAN,0.9227893676218132
DIDBAV,EXUXEC,0.922770517029188
DIDBAV,AHETAK,0.9227669648301784
DIDBAV,YODRAM,0.9227645147576552
DIDBAV,BIPXIK,0.9227614146483304
DIDBAV,CIJBEE,0.9227556671867232
DIDBAV,OJOBAS,0.9226518112111618
DIDBAV,KEJWAY,0.9226005496765392
DIDBAV,MOXDOT,0.9218872537815712
DIDBAV,DERBIO,0.9216721576526302
DIDBAV,YIGGEB,0.9203001769092954
DIDBAV,TIDNIF,0.9089841494759132
DIDBAV,FEVDER,0.9088423122343336
DIDBAV,BAKJOO,0.908635731113098
DIDBAV,BAKJEE,0.9083583218825688
DIDBAV,BAKJII,0.9076796572289156
DIDBAV,CIKPEU,0.8854870019660505
DIDBAV,AXINAX01,0.8850503642966354
DIDBAV,NIGPEA,0.883305684628916
DIDBAV,LUWZUZ01,0.8830982319793333
DIDBAV,XEVXUT,0.8803354399293509
DIDBAV,YIRSUQ,0.8690564179275468
DIDBAV,FEXCES,0.8688295719317529
DIDBAV,XUDVAV,0.86082709378324
DIDBAV,VACKUI,0.8549232042542511
DIDBAV,XAFFIV,0.8544926131665844
XUBKOU,ESEQUO,0.9033245729847048
XUBKOU,DERBIO,0.875646650612949
XUBKOU,MOXDOT,0.875372889597854
XUBKOU,WEMKEG,0.8748506875991411
XUBKOU,RUYGAV,0.8628685869121901
XUBKOU,CUWNIT,0.8429845501847535
XUBKOU,DIBQIQ,0.842969334163093
XUBKOU,WUHMUJ,0.8427502457937815
XUBKOU,AXINAX01,0.8426890268391379
XUBKOU,DIBQOW,0.8424288462696649
XUBKOU,KOHDIW,0.842222164180246
XUBKOU,MIHJUL,0.8422144006440471
XUBKOU,HELDOT,0.8420884274334821
OQEPEG,OCUNAE,0.8856271730945271
OQEPEG,OCUMOR,0.8832214663949184
DADLEC,VUQJUN01,0.9224219407061738
DADLEC,VUQKAU01,0.9199733784651656
DADLEC,VUQKAU,0.9196875479287708
DADLEC,MAHTAR,0.8761013992930379
DADLEC,UKIQIP,0.8652716096782047
DADLEC,JIYPAL,0.8414973922322198
MAGVOG30,MAGVOG31,0.9999999783927024
MAGVOG30,MAGVOG32,0.9999997396737048
MAGVOG30,MAGVOG34,0.9999971455100302
MAGVOG30,MAGVOG35,0.999996495331169
MAGVOG30,MAGVOG08,0.9999961820391172
MAGVOG30,ACAZEK,0.9970122625081808
BIPXIK,YODRAM,0.9999965913597936
BIPXIK,VEDFAN,0.9999848840970836
BIPXIK,ABAVOP,0.9999501636655208
BIPXIK,CIJBEE,0.9999221847973973
BIPXIK,OJOBAS,0.9998553122342076
BIPXIK,KEJWAY,0.9998473230358008
BIPXIK,TATSIS,0.9993967061201968
BIPXIK,YIGGEB,0.997666362008572
BIPXIK,DIDBOJ,0.9229767886370958
BIPXIK,DIDBEZ,0.9228672334384472
BIPXIK,ERUNOW,0.9225368633734335
BIPXIK,FEVDER,0.8792570418647964
BIPXIK,BAKJOO,0.8789964103417254
BIPXIK,BAKJEE,0.8786775942869989
BIPXIK,XALMOO,0.8601991796597694
BIPXIK,YATDOP,0.8598763578000945
BIPXIK,XALMII,0.8580941967453137
BIPXIK,NIDFOX,0.8542675181736156
BIPXIK,WEMKEG,0.8444191465329591
BIPXIK,DERBIO,0.8440870200197061
BIPXIK,GAGWOB,0.8434528745427635
BIPXIK,RAKBIO02,0.8433834222464367
BIPXIK,CANROA,0.8429967085734122
BIPXIK,NERVIP,0.8429101141509945
BIPXIK,CEJFOO,0.8418130007961905
PEVQIS,VEGMOK04,0.9985039981626072
PEVQIS,VEGMOK01,0.9984620842687902
PEVQIS,BOLPAU,0.9068318932729376
PEVQIS,YOCGAZ,0.906561969704373
PEVQIS,VIKBUP,0.9061046713026156
PEVQIS,DAWCIP,0.9051169861739392
PEVQIS,AWEYAE,0.9021121085119304
PEVQIS,CESQUP,0.8973260384003698
PEVQIS,PICCUC,0.8970721517618945
PEVQIS,QEDZEG,0.8911269131230279
PEVQIS,EKEKEL,0.8872965490149756
PEVQIS,XOQXIL,0.8759083627967758
PEVQIS,KUNLEL,0.8745626754788094
PEVQIS,ZARLIP,0.8738806631830895
PEVQIS,ULISOZ,0.8736981783113996
PEVQIS,ZARLEL,0.8705689067643609
PEVQIS,UNAGOH,0.870461423745992
PEVQIS,PEGCIP,0.8657562003504142
PEVQIS,SAVMAE,0.8642365628554161
PEVQIS,KAHMOW,0.8626954757295181
PEVQIS,XEGXIT,0.8626807844650429
PEVQIS,XEGWAK,0.8626688763713963
PEVQIS,TACJEO,0.8525967221876465
PEVQIS,CIQHOC,0.8504168959037698
PEVQIS,NISCOJ,0.8457233606379052
PEVQIS,IGINIX,0.8441691875438694
PEVQIS,LEBQUH,0.8388181977821785
UWAGAB04,VAGMEX,0.9998811598356996
KUNLEL,VEHJUP,0.9985843042794196
KUNLEL,ULISOZ,0.9967577569142086
KUNLEL,REGREC,0.9959263522168604
KUNLEL,UNAGOH,0.9922305699285447
KUNLEL,UFAMEW,0.9469857668820288
KUNLEL,YOZYUJ,0.9377349811207588
KUNLEL,RUGXUO,0.929766616015257
KUNLEL,EXOXUL,0.9193361734486288
KUNLEL,MOHLIF,0.9079149192243412
KUNLEL,DUNXUH15,0.8921941624567435
KUNLEL,REFVEF,0.8872841758925178
KUNLEL,BUKMUQ01,0.8774231488526198
KUNLEL,NASROR,0.8773341556683114
KUNLEL,NUFBOH,0.8771938661617544
KUNLEL,IFABIA02,0.8723059651220328
KUNLEL,VEGMOK01,0.8713913959462558
KUNLEL,FIJCUX,0.86841526576627
KUNLEL,ORIBAU,0.8673401100943421
KUNLEL,GEYLEE,0.8665358638125473
KUNLEL,SOWCOY01,0.8553127516834927
KUNLEL,HEZKIH,0.8528431875176622
KUNLEL,ALANAD,0.8514638648098515
KUNLEL,MUWRUT,0.8467285852314457
KUNLEL,REYCUV,0.8463973944883678
KUNLEL,HIQNOM,0.8449665689438344
KUNLEL,CIJLIT,0.8431164599884837
NELCEN,AHEMEG,0.9995529424575972
NELCEN,UFUNAK,0.9983273446540972
NELCEN,HAWZEM,0.9971543769560128
NELCEN,QERZUI,0.996974358029619
NELCEN,BAHGUN04,0.9968563424071458
NELCEN,QERZUI01,0.9961264395026193
NELCEN,UFUMUD,0.996059412646395
NELCEN,ECODIK,0.9957783050338292
NELCEN,UGEPEB01,0.9956780559895984
NELCEN,WURNOO,0.9220155640703208
NELCEN,NAPSUV,0.8711235229233809
NELCEN,SOZHOG,0.8637759583707998
NELCEN,IDUSIM,0.8627289348029847
NELCEN,UNACES,0.862504867839507
NELCEN,UNACIW,0.8624225379597354
NELCEN,UNABUH,0.8623529329029083
NELCEN,IDUTIN,0.8621715275443216
NELCEN,IDUTEJ,0.8621151404630216
NELCEN,HOYKUD,0.8525675950114329
NELCEN,ENITAX,0.8420667149357706
UNACIW,UNABUH,0.9999997152060568
UNACIW,ISISUZ,0.9999992910246353
UNACIW,UNACES,0.9999992769345052
UNACIW,IDUTEJ,0.9999944072392388
UNACIW,IDUSIM,0.9999942306372548
UNACIW,SOZHOG,0.9998700054248366
UNACIW,MAVRAE,0.9236786469089344
UNACIW,HOYKUD,0.8891551873073109
UNACIW,FAMQES,0.8797324674620204
UNACIW,ECODIK,0.8666792137742287
UNACIW,UGEPEB01,0.8666439240599582
UNACIW,BAHGUN04,0.866594089801014
UNACIW,QERZUI,0.8665729845874302
UNACIW,BAHGUN02,0.8665553123902128
UNACIW,UFUMUD,0.8665084824069302
UNACIW,POFDIZ,0.8660133034694245
UNACIW,AHEMEG,0.8647283626879841
UNACIW,POFFEX,0.8618200497023447
UNACIW,VIXPUP01,0.8557736075821312
UNACIW,JALPAQ,0.8543255987059537
UNACIW,XICKOL,0.8522237682440524
UNACIW,NAPSUV,0.8409955376200245
LETVUB,OJOQAF03,0.9997288580546
DEGSIS01,EXAXAE,0.8440094140228793
DEGSIS01,UFUMUD02,0.844004093061599
DEGSIS01,HAWZEM,0.8439977869641011
DEGSIS01,QERZUI,0.8439833949832742
DEGSIS01,BAHGUN03,0.843980500080985
DEGSIS01,UFUNAK,0.8439435041609669
DEGSIS01,BAHGUN02,0.8439148479474285
DEGSIS01,QERZUI01,0.8438478807455547
DEGSIS01,UFUMUD,0.8437400163108896
DEGSIS01,XEDMEB,0.8425865528065513
DEGSIS01,WANJIF,0.8414732013477901
DEGSIS01,POFFEX,0.8411265820883687
DEGSIS01,USEVOF,0.8400263404063743
DEGSIS01,EMUBOF,0.8391926110830528
JOPGUS,XAPSIS,0.999994914071778
XAMDUM05,LUDLIH,0.9999962045613768
XAMDUM05,RILFEA,0.9999960661261508
XAMDUM05,DOTSOV15,0.9999747009871804
XAMDUM05,DOTSOV14,0.999974678665864
XAMDUM05,EBAMUS,0.9998482776475874
XAMDUM05,TISPAO,0.9997243948076648
XAMDUM05,DOTSOV07,0.9996659657502338
XAMDUM05,DOTSOV02,0.9989544709595156
XAMDUM05,NEHZOS,0.9966613431257884
XAMDUM05,QIZLOC,0.9943491533305068
XAMDUM05,YOZNOS,0.9916307088117018
XAMDUM05,YOZMUX,0.9878185114030542
XAMDUM05,LASYOU,0.9464199022382054
XAMDUM05,DALSOA,0.9330067238639472
XAMDUM05,BABREE,0.9322400100270636
XAMDUM05,IWEVAJ,0.9187132126907636
XAMDUM05,EXOGAB,0.907790243181378
XAMDUM05,YAGHUM,0.907787690400158
XAMDUM05,MOCKEV,0.9072893639124467
XAMDUM05,PIDRAY,0.9002806487600454
XAMDUM05,PAMQIF,0.8968879428274166
XAMDUM05,MUDTEL,0.8944213570541245
XAMDUM05,GIKMOD,0.8940666116659106
XAMDUM05,GINTUT,0.887295708675339
XAMDUM05,HOYQIX,0.8871284910436816
XAMDUM05,IPUPIU,0.8870327038408675
XAMDUM05,IPUPOA,0.8851754230847714
XAMDUM05,USEVOF,0.885004837381837
XAMDUM05,WANJIF,0.8849041451135983
XAMDUM05,ADONEP,0.8845453271850632
XAMDUM05,APUPEH,0.8823829302455639
XAMDUM05,EXAXAE,0.8823223326054206
XAMDUM05,ANUGOG,0.8779522635909933
XAMDUM05,ANUGIA,0.8774089201007499
XAMDUM05,HIDTUM,0.8735401879823272
XAMDUM05,TEKYOA,0.8609808796711362
XAMDUM05,XICKOL,0.8606968286166585
XAMDUM05,JALPAQ,0.8583784640376584
XAMDUM05,IDUDIW,0.8567768751478667
XAMDUM05,FAMQAO,0.853532796689995
XAMDUM05,FAMPUH,0.8535183903855218
XAMDUM05,FAMQES,0.853504057001446
XAMDUM05,NAPSUV,0.8534884152103683
XAMDUM05,MAVRAE,0.8515125126579738
XAMDUM05,UWALEL,0.8452571321931104
XAMDUM05,REGYOT,0.8397833991115804
XAMDUM05,SEMNIJ,0.8395450610855483
XAMDUM05,HUJGEA,0.8390307302201262
POFFEX,UFUNAK,0.997940721779586
POFFEX,UFUMUD01,0.9969553800218456
POFFEX,QERZUI,0.996463676675954
POFFEX,BAHGUN03,0.996433231764111
POFFEX,BAHGUN04,0.996335968855458
POFFEX,QERZUI01,0.9955536909649838
POFFEX,UFUMUD,0.9955062924274974
POFFEX,ECODIK,0.9951786410073428
POFFEX,UGEPEB,0.9940475716368592
POFFEX,XICKOL,0.8788697042902618
POFFEX,JALPAQ,0.8766095210706676
POFFEX,UNACES,0.8619072823902018
POFFEX,IDUTAF,0.8615915892079907
POFFEX,HOYKUD,0.8519703108379093
KEPNAX03,KEPMUQ,0.9999999998788858
KEPNAX03,KEPNAX01,0.9999993820801032
KEPNAX03,KENTEF03,0.8787436172793908
KEPNAX03,KENVOR,0.8787357513757941
KEPNAX03,KENVOR01,0.8787102129660977
KEPNAX03,KENSEE01,0.8787099586199428
KEPNAX03,KENTEF04,0.8786988204702105
KEPNAX03,KENVIL,0.8786985902392463
KEPNAX03,KENTEF05,0.8786966326601431
KEPNAX03,KENVIL02,0.8786856796208555
LIQFEY,MITSEO,0.9082406510298948
LIQFEY,CEHKUW,0.9082385541972636
LIQFEY,MITSIS,0.9076708227123116
LIQFEY,FUMJAA,0.90744995232857
LIQFEY,SITDAD,0.8648356391097943
LIQFEY,DUWBEE,0.8633621782853196
LIQFEY,AJIJEI,0.8424648439269751
LIQFEY,AJIJEI01,0.8424486003409195
LIQFEY,NAPZOV,0.8422336228204625
ADUWIH,NERVAJ,0.9395885657852734
ADUWIH,REYCUV,0.842761396406253
GINTUT,RILFEA,0.8872982000626272
GINTUT,UXISUR,0.8872979161659067
GINTUT,LUDLIH,0.8872963574005389
GINTUT,DOTSOV15,0.8872541379279366
GINTUT,DOTSOV10,0.8872541377325786
GINTUT,TISPAO,0.8870738571718905
GINTUT,DOTSOV02,0.8861983338904826
GINTUT,NEHZOS,0.8837705922875023
GINTUT,QIZLOC,0.8814026969518902
GINTUT,YOZNOS,0.8790435635913169
GINTUT,YOZMUX,0.8752574721973939
GINTUT,EXOYAS,0.8521579394690666
GINTUT,RAWYAS,0.8513713853968261
GINTUT,LASYOU,0.8457036309077265
YUSWEP,QOWRAV02,0.9310596488777532
YUSWEP,BAZGAM,0.9273727873107576
YUSWEP,KIJRUS,0.9267673627020224
YUSWEP,ANUGOG,0.8997258526628317
YUSWEP,IPUPIU,0.8877637043415947
YUSWEP,IPUPOA,0.8820987268767742
YUSWEP,CEFNIN,0.8583436736703349
YUSWEP,FISGOF,0.8519404269836093
NEHZOS,QIZLOC,0.9996826557643572
NEHZOS,DOTSOV07,0.9975110388143535
NEHZOS,DOTSOV14,0.9972159132176244
NEHZOS,DOTSOV10,0.997215562773818
NEHZOS,DOTSOV15,0.997215561251896
NEHZOS,EBAMUS,0.9968018833671116
NEHZOS,LUDLIH,0.9964935142922328
NEHZOS,RILFEA,0.9964295685146168
NEHZOS,UXISUR,0.9963957670106072
NEHZOS,TISPAO,0.994477873544575
NEHZOS,LASYOU,0.9398810513520705
NEHZOS,EXOYAS,0.9184316881862185
NEHZOS,IWEVAJ,0.9158042530634692
NEHZOS,EXOGAB,0.9069182567392796
NEHZOS,YAGHUM,0.9019845572028578
NEHZOS,MOCKEV,0.9004458751858581
NEHZOS,XIJSUH,0.9003812738187549
NEHZOS,GIKMOD01,0.8973281650415114
NEHZOS,RAHBOU,0.8957651448446002
NEHZOS,HUCBOX,0.8946147741670323
NEHZOS,IPUPOA,0.8871605690692527
NEHZOS,VUJBIM,0.8863726106263425
NEHZOS,VIXPUP01,0.8852212230857476
NEHZOS,EXAXAE,0.8850487988764765
NEHZOS,APUPEH,0.8850422805080298
NEHZOS,MUDTEL,0.8848970741939371
NEHZOS,HOYQIX,0.8822914480032887
NEHZOS,WANJIF,0.8821827482068376
NEHZOS,EMUBOF,0.879816441873702
NEHZOS,NEMCOA,0.8779623630211959
NEHZOS,DICKEH,0.8770549261962839
NEHZOS,JALPAQ,0.8611317034566779
NEHZOS,XITYOP,0.8611055525842694
NEHZOS,IDUDIW,0.8610753268764225
NEHZOS,XICKOL,0.8598353809539065
NEHZOS,TEKYOA,0.8591751735482815
NEHZOS,EPISOM,0.8521820126862654
NEHZOS,FAMQAO,0.8496717718447563
NEHZOS,FAMPUH,0.8494988353703741
NEHZOS,FAMQES,0.8493573015414154
NEHZOS,NAPSUV,0.8492224458439471
NEHZOS,NAFSOF,0.8400094928111738
NEHZOS,BAZGAM,0.8396097824099646
NEHZOS,HOYKUD,0.8395329861650703
NEHZOS,REGYOT,0.8388196013207762
NEHZOS,HUJGEA,0.8386372272348841
MITSEO,CEHKUW,0.999999867963094
MITSEO,MITSIS,0.999282276435331
MITSEO,FUMJAA,0.9990381151616166
MITSEO,NAPZOV,0.9194645698624984
MITSEO,GERWOR,0.907893149580006
MITSEO,IJEYEC,0.8941486747677474
MITSEO,GIYTOY,0.8742247101415024
MITSEO,PENNAZ,0.8610497844884366
MITSEO,KETHEY,0.8599082006728013
MITSEO,DAKVIW,0.8535413162559038
MITSEO,VIDWAI,0.8533432502121796
MITSEO,DELGIN,0.8526411294036248
MITSEO,LUWKIZ,0.8497676272064035
MITSEO,TEMDIB,0.8395581853150645
PARNIH,PARNON,0.9999809856260096
PARNIH,LEDLEN,0.9999020329417052
PARNIH,XOPLOE,0.999399407985825
NAFSOF,BAZGAM,0.9987726379021606
NAFSOF,ANUGOG,0.9582454266126724
NAFSOF,HOYQIX,0.940811021405527
NAFSOF,EXOGAB,0.9141178631868988
NAFSOF,FISGOF,0.9043669357138506
NAFSOF,WURNOO,0.8849072928223572
NAFSOF,AVAKAL02,0.8796302868717129
NAFSOF,MUNDOQ,0.8769579767236599
NAFSOF,HAYXIR,0.871815180386361
NAFSOF,SEMNIJ,0.8628360081828945
NAFSOF,EPISOM,0.858344908338154
NAFSOF,SIXNIZ,0.8578710644358102
NAFSOF,NAPSUV,0.8544781097011377
NAFSOF,XICKOL,0.8414924740599087
NAFSOF,TEKYOA,0.8406045957774709
NAFSOF,QIZLOC,0.8401812025354303
YENKAG,RUWWOW01,0.9744344636530636
YENKAG,RUWXAJ,0.9744075921512332
YENKAG,TEPJOP,0.9422064508966018
NIPWIT01,SARBUK,0.8757962533201429
VIKSIU,VIKSEQ,0.9999999955195296
VIKSIU,VIKROZ,0.9999828992803302
VIKSIU,VIKRIT,0.999847943986056
VIKSIU,WIZMAV10,0.8939354819088814
VIKSIU,WIZMAV,0.8939332621619381
VIKSIU,WIZMAV05,0.8939243197333764
VIKSIU,ERARUM,0.8938923210566206
VIKSIU,HERHEU,0.8814799855494598
VIKSIU,BUNLAZ,0.8489481945375543
VIKSIU,BUNKUS,0.8481597371982827
HERHEU,GAYXEM,0.9998670429726324
HERHEU,WIZMAV07,0.9545170880553228
HERHEU,HICNOZ,0.9159447508731912
HERHEU,BUNLAZ,0.915046341182408
HERHEU,OFOJAX,0.8983982037287364
HERHEU,VIKROZ,0.8809247347777467
HERHEU,VIKRIT,0.879725158129825
HERHEU,XIJVIY,0.8518768472610347
HERHEU,BOHWUS,0.840097833058431
UXISUR,RILFEA,0.9999999198007932
UXISUR,XAMDUM03,0.9999982217563016
UXISUR,LUDLIH,0.9999971482295064
UXISUR,DOTSOV15,0.9999468464790976
UXISUR,DOTSOV10,0.9999468462695936
UXISUR,DOTSOV14,0.9999467813269
UXISUR,EBAMUS,0.999828425344713
UXISUR,TISPAO,0.9997943511507786
UXISUR,DOTSOV07,0.9996103515563846
UXISUR,DOTSOV02,0.9988741300363284
UXISUR,QIZLOC,0.9940053891894762
UXISUR,YOZNOS,0.991781307256968
UXISUR,DALSOA,0.9329905095975656
UXISUR,IWEVAJ,0.9186818098811336
UXISUR,YAGHUM,0.9078796524724084
UXISUR,MOCKEV,0.90742105067732
UXISUR,PIDRAY,0.8998751072602884
UXISUR,HUCBOX,0.8970073923926921
UXISUR,RAHBOU,0.8969534558108013
UXISUR,PAMQIF,0.8968017496822847
UXISUR,GIKMOD,0.893802898703677
UXISUR,HOYQIX,0.8871823428934525
UXISUR,USEVOF,0.8850381753346116
UXISUR,EMUBOF,0.8849195361412958
UXISUR,ADONEP,0.8844642586770306
UXISUR,EXAXAE,0.8820804628103733
UXISUR,ANUGIA,0.8775104031266978
UXISUR,DICKEH,0.8770686026623287
UXISUR,HIDTUM,0.8732355462951842
UXISUR,HABQUY,0.8663956882086774
UXISUR,TOVWAE,0.8608594867532238
UXISUR,XICKOL,0.8605946658301096
UXISUR,JALPAQ,0.8581356375542427
UXISUR,XITYOP,0.8575857955001637
UXISUR,FAMQAO,0.8535482005235496
UXISUR,FAMQES,0.8535307281139365
UXISUR,NAPSUV,0.8535197784163598
UXISUR,EPISOM,0.8525793356781912
UXISUR,MAVRAE,0.8513031609501933
UXISUR,UWALEL,0.8448435541974004
UXISUR,REGYOT,0.839685188344201
UXISUR,SEMNIJ,0.8395930914525334
UXISUR,HUJGEA,0.8389099363486058
REZJIR03,REZJIR02,0.999999676279534
REZJIR03,REZJIR,0.9999990685399204
REZJIR03,VIRJEM,0.999998996304708
REZJIR03,DADTOS17,0.9999901110869568
REZJIR03,DADTOS14,0.9999897446355271
REZJIR03,LIJWOR02,0.9999865682690214
REZJIR03,DADTOS13,0.9999794725902312
REZJIR03,MNFORD03,0.999974198666459
REZJIR03,DADTOS01,0.9999643974539074
REZJIR03,DADTOS05,0.999963494316598
REZJIR03,LIJWOR05,0.999963300677795
REZJIR03,DADTOS12,0.9999611346187428
REZJIR03,YANWOC,0.9999373558697956
REZJIR03,DADTOS10,0.9999364114344872
REZJIR03,LIJWOR01,0.9999342682145934
REZJIR03,SIWPUL04,0.9999328838078918
REZJIR03,IJOMOJ03,0.9999303103348928
REZJIR03,DADTOS07,0.999898815872508
REZJIR03,ATIBOU02,0.99822056522847
REZJIR03,SIWPUL11,0.996891107853214
REZJIR02,VIRJEM,0.999998017387724
REZJIR02,PADJOU01,0.9999943752684434
REZJIR02,DADTOS14,0.9999926867605924
REZJIR02,LIJWOR03,0.9999876351483856
REZJIR02,DADTOS17,0.9999871038137074
REZJIR02,DADTOS13,0.9999836764344272
REZJIR02,PADJOU,0.9999775432043528
REZJIR02,DADTOS01,0.9999699641753136
REZJIR02,MNFORD03,0.9999691653183788
REZJIR02,YANWOC01,0.999965064227058
REZJIR02,LIJWOR05,0.9999577589870784
REZJIR02,QINSUD,0.9999250249867632
REZJIR02,SIWPUL04,0.9999248777459327
REZJIR02,DADTOS07,0.999908271470316
REZJIR02,ATIBOU02,0.9982602124946248
REZJIR02,SIWPUL11,0.9969437391480974
UVUFUO,HEZKIH,0.8595786426799724
UVUFUO,WEHHOI,0.8576792233788173
UVUFUO,ECUVEF,0.8389965365965247
QIYDAF01,QIYDIN,0.9979908741283268
QIYDAF01,BIHROC,0.97774554420086
QIYDAF01,HABQUY,0.938539158127766
QIYDAF01,DICKEH,0.928354633366553
QIYDAF01,VUJBIM,0.892486494233169
QIYDAF01,MUDTEL,0.891215366826813
QIYDAF01,YAGHUM,0.8816904333931055
LIJWUX,LICSEW04,0.9999898911515964
LIJWUX,LICSEW03,0.9999784657347544
LIJWUX,SIRBIG06,0.9999038724783428
LIJWUX,NAXVOY,0.999133048754346
LIJWUX,XEHSOT,0.9978570791699316
LIJWUX,MOPQIT,0.9977142355305516
LIJWUX,NIWZIE01,0.997224643803359
LIJWUX,NIWZIE08,0.9970079456037793
LIJWUX,NIWZIE02,0.9969217045929524
LIJWUX,NIWZIE09,0.9968323549407924
LIJWUX,NIWZIE17,0.9964053010284049
LIJWUX,NIWPIU,0.9964001270828456
LIJWUX,NIWZIE18,0.9963618550812582
LIXDAZ,VUKTOM,0.937796616353656
LIXDAZ,QACTUJ,0.8610119032758611
LIXDAZ,YIXFUI,0.8603977936319553
LIXDAZ,NILCES,0.840403848030737
LUCDES,MINCOD,0.8715799044780407
LUCDES,LAVTAF,0.8495301174521338
LUCDES,UPIBOM,0.8493497660983178
LUCDES,KEDJEL,0.8443839055823693
LUCDES,TORPUN,0.8428139018338892
LUCDES,DAKZUN,0.8427142998389316
LUCDES,VUKTOM,0.8425495549539477
LUCDES,NIGFOZ,0.8424278370543655
LUCDES,LOZSUQ,0.8411561384303687
UFATEA01,ROGLOP,0.9999348471716742
UFATEA01,BEJKEJ,0.9228294820294636
UFATEA01,TEVVIC,0.9226305858045908
UFATEA01,TEVVEY,0.9226180238092532
UFATEA01,GAWZOW,0.922458627594744
UFATEA01,CAXZUY,0.9220826173148856
UFATEA01,TEVVOI,0.9168962258300938
UFATEA01,LIDSAU,0.8792872448867032
UFATEA01,XOMCIN,0.8789674478477321
UFATEA01,XADWIK,0.8511601409500339
UFATEA01,XADWIK01,0.8505727860626242
UFATEA01,PINPAG,0.8437490207111606
UFATEA01,LICROF,0.8422942653496555
XUCHOS02,SOQRUM,0.9983143915358216
XUCHOS02,VEMSUC,0.8824490139195451
XUCHOS02,XUJPEY,0.8809807985943343
XUCHOS02,VEXTUO,0.8528959017522677
XUCHOS02,VOWCIV,0.8436914414928652
XUCHOS02,LICROF,0.8435856992404928
VIFPUY02,VIFPUY05,0.9999999986025856
VIFPUY02,VIFPUY,0.9999999790690556
VIFPUY02,VIFPUY01,0.9999999043630258
VIFPUY02,FAHQEM,0.9435963103183204
VIFPUY02,FAHQIQ,0.9357986776931548
VIFPUY02,NEDLOZ,0.9054226036411166
VIFPUY02,CIFSIW,0.9043069407160846
VIFPUY02,CIFSAO,0.903328851819851
VIFPUY02,UNIDAY,0.9028624903507074
VIFPUY02,FOSTOY,0.9026118852379188
VIFPUY02,CUFFEP,0.8747445945980803
VIFPUY02,YAMXOC,0.8747436623240389
VIFPUY02,CUFFOZ,0.8747426509607467
VIFPUY02,CUFFIT,0.8747144218717974
VIFPUY02,FEYDET,0.8745646322343654
QQQAWM02,REGJIW02,0.9782369004422982
REGJIW02,QATPUX01,0.99998220337207
XEGXIT,KAHMOW,0.999999991625281
XEGXIT,XEGWIS,0.9999999645429832
XEGXIT,XEGWAK,0.9999998633100876
XEGXIT,AXOCEW,0.9947700404720156
XEGXIT,ORIBAU,0.8690631331080619
XEGXIT,FIJCUX,0.8688353357750022
XEGXIT,VEGMOK04,0.8674547187220107
XEGXIT,IFABIA02,0.8665201527449565
MOXDOT,DERBIO,0.9999066171540568
MOXDOT,AXINAX01,0.9564333049444372
MOXDOT,DIBQOW,0.9546005874715316
MOXDOT,NIGPAW,0.9462965531753896
MOXDOT,ESEQUO,0.9347298230138216
MOXDOT,XUDVAV,0.9274976852098512
MOXDOT,CAXZOS,0.9221205435061954
MOXDOT,DIDBOJ,0.922114795355742
MOXDOT,DIDBEZ,0.9220852506797816
MOXDOT,DIDBID,0.92200597133236
MOXDOT,VACKUI,0.9215131017564884
MOXDOT,XAFFIV,0.9211530140200442
MOXDOT,NOMPIQ01,0.9028184145246768
MOXDOT,CIKPEU,0.9027541360242995
MOXDOT,HALVEY,0.8852795049108385
MOXDOT,CAQKAJ01,0.8851215086993154
MOXDOT,CAQJOW,0.8828055513829329
MOXDOT,LUWZUZ01,0.8758910880927906
MOXDOT,LUWZUZ02,0.8757111946559781
MOXDOT,QIQTOB,0.8672977809481922
MOXDOT,KOHLIE,0.865146091039958
MOXDOT,VEFMAW,0.8650887459787241
MOXDOT,KOHDIW,0.8650651018389119
MOXDOT,WUHMUJ,0.8649982046037661
MOXDOT,CUWNIT,0.8648885689224508
MOXDOT,FAHQOX,0.8613968087670696
MOXDOT,GEPBEK,0.8588673944272913
MOXDOT,NIDFOX,0.852149558970748
MOXDOT,POSGUB,0.8477333629199253
MOXDOT,CIJBEE,0.8444226346901131
MOXDOT,VEDFOB,0.8444100133472912
MOXDOT,VEDFAN,0.8443995952638966
MOXDOT,YODRAM,0.8443766674963082
MOXDOT,AHETAK,0.8443711936602772
MOXDOT,EXUXEC,0.8442586467698463
MOXDOT,YIGGEB,0.8411786079079987
XAPSIS,JEDVUM,0.9998966803543122
XAPSIS,PUNYED,0.9929867104598676
XAPSIS,ABAYOU,0.992230142645736
XAPSIS,UFUKUB03,0.9195393139419944
XAPSIS,UFUKUB02,0.9194303334546142
XAPSIS,UFUKUB01,0.918100513745674
XAPSIS,HUZJIW,0.9161535848958392
XAPSIS,EBIMEJ,0.9082342077467294
XAPSIS,BEXVAD01,0.908019359019534
XAPSIS,FUDHET,0.9054848797048832
XAPSIS,COXFOL,0.8960089320619418
XAPSIS,DAFHEZ,0.8958549081994059
XAPSIS,XADDUD,0.8957518483154812
XAPSIS,ABIWOX,0.8788197921107957
XAPSIS,XUDVAV,0.877853660127786
XAPSIS,VOSSUT,0.8697972466595667
XAPSIS,EDAJUP,0.8650652385639555
XAPSIS,EDAJUP01,0.8641459351321211
XAPSIS,BAKJII,0.8611386799028911
XAPSIS,QUSVOQ,0.8609998932197629
XAPSIS,BAKJOO,0.8609444003403474
XAPSIS,TIDNIF,0.8578931477943454
XAPSIS,VEFLUP,0.845512741655678
XAPSIS,DIBQIQ,0.8401195156268632
XAPSIS,NIGPEA,0.8400533042121057
XAPSIS,DIBQOW,0.8398159071200175
XAPSIS,AXINAX01,0.8397393107772263
XAPSIS,MIHJUL,0.8396350265194827
XAPSIS,HELDOT,0.839526637582842
ROLCEC06,ROLCEC03,0.9999604331981072
ROLCEC06,ROLCEC09,0.9999983917399567
ROLCEC06,ROLCEC11,0.9999982613104422
ROLCEC06,MACUFR06,0.9987597975073312
ROLCEC06,MACUFR04,0.99838544768725
ROLCEC06,MAGMOZ01,0.9978838683885548
ROLCEC06,OCUQIO02,0.9976860730664228
ROLCEC06,OCUQIO,0.9976716914692052
ROLCEC06,YUKVOQ03,0.9975914782323694
YUKVOQ03,OCUQIO,0.999990868942204
YUKVOQ03,MAGMOZ01,0.9999857475046358
YUKVOQ03,AYONOT,0.9999363012340464
YUKVOQ03,ROLCEC11,0.9977185130443876
YUKVOQ03,ROLCEC09,0.9977137133605388
YUKVOQ03,ROLCEC01,0.9966986676892844
RUGXUO,ULISOZ,0.9330107663276654
RUGXUO,UNAGOH,0.9320296262704464
RUGXUO,UFAMEW,0.8855367399234257
RUGXUO,DUZPUL,0.8849846955130231
RUGXUO,EXOXUL,0.8567183126414994
RUGXUO,MOHLIF,0.8520449257252244
RUGXUO,DUNXUH15,0.8438988475148287
LIJWOR03,DADTOS17,0.9999997825603788
LIJWOR03,LIJWOR02,0.9999995481510564
LIJWOR03,LIJWOR06,0.9999992390581574
LIJWOR03,LIJWOR,0.9999985035375494
LIJWOR03,PADJOU01,0.9999984878105594
LIJWOR03,MNFORD03,0.9999957547502304
LIJWOR03,REZJIR,0.999995739021832
LIJWOR03,VIRJEM,0.9999954671078024
LIJWOR03,LIJWOR05,0.9999904681115768
LIJWOR03,YUKTUU,0.9999884482204672
LIJWOR03,DADTOS15,0.9999853721817248
LIJWOR03,PADJOU,0.9999761902696088
LIJWOR03,QINSUD,0.9999734606928002
LIJWOR03,SIWPUL04,0.99997328686853
LIJWOR03,SIWPUL,0.9999715738004592
LIJWOR03,DADTOS13,0.99994298545288
LIJWOR03,DADTOS02,0.9999302779761828
LIJWOR03,LIJWOR01,0.9999286141905448
LIJWOR03,DADTOS01,0.9999191952519656
LIJWOR03,YANWOC01,0.9999112754452362
LIJWOR03,YANWOC,0.9998803262764284
LIJWOR03,ATIBOU02,0.9979566743080762
LIJWOR03,SIWPUL11,0.996545714076714
RAWYAS,EXOYAS,0.9997749864518656
RAWYAS,NEMCOA,0.9228181768466802
RAWYAS,DOTSOV07,0.919371843963844
RAWYAS,DOTSOV10,0.9193479343287312
RAWYAS,DOTSOV15,0.9193479335409152
RAWYAS,EBAMUS,0.9190581834082584
RAWYAS,XAMDUM03,0.9189895435831272
RAWYAS,DOTSOV02,0.9189587239141416
RAWYAS,LUDLIH,0.9189544455068076
RAWYAS,TISPAO,0.917709336275278
RAWYAS,YOZNOS,0.9081683581988048
RAWYAS,YOZMUX,0.903810467592104
RAWYAS,LASYOU,0.8721183608808396
RAWYAS,BABREE,0.8637844089161897
RAWYAS,DALSOA,0.862920397106308
RAWYAS,EXOGAB,0.8428792713596569
RAWYAS,MOCKEV,0.8390450259705473
RAWYAS,XIJSUH,0.8390071177447797
VEQBID,FAYXEJ02,0.8227141734287685
VUQKAU,VUQKAU01,0.9998790319699996
VUQKAU,VUQJUN01,0.998095222765886
VUQKAU,LUSHOX04,0.9471610977422515
VUQKAU,UKIQIP,0.9322556231991356
VUQKAU,XIHXET,0.8843171633425553
VUQKAU,GURXIB,0.8791968806234242
VUQKAU,ENISUQ,0.8635121546660679
VUQKAU,IQOKIK,0.8616650914353271
VUQKAU,PUGHAC,0.8545899922562393
VUQKAU,PUGFII,0.8543741180763782
VUQKAU,IVELUS,0.8442950022214626
VUQKAU,DIWFAT,0.8438540977577733
VUQKAU,YEKJAC,0.8434216305521041
YOZMUX,YOZNOS,0.9996354016858372
YOZMUX,DOTSOV02,0.9910041826547996
YOZMUX,DOTSOV07,0.9894783445666464
YOZMUX,RILFEA,0.9879781090499165
YOZMUX,DOTSOV14,0.9873109469070354
YOZMUX,DOTSOV10,0.9872912793726958
YOZMUX,QIZLOC,0.9760502174184148
YOZMUX,DALSOA,0.9206122116625476
YOZMUX,EXOYAS,0.9058045709089994
YOZMUX,MOCKEV,0.8990544828556772
YOZMUX,YAGHUM,0.8976543918935161
YOZMUX,EXOGAB,0.8937951215997131
YOZMUX,VUJBIM,0.8875491571770247
YOZMUX,HUCBOX,0.8872112482166545
YOZMUX,PAMQIF,0.8857016341414646
YOZMUX,RAHBOU,0.8832011254249579
YOZMUX,PIDRAY,0.8799839986318686
YOZMUX,ADONEP,0.8741649743956095
YOZMUX,USEVOF,0.8736089718967137
YOZMUX,XEDMEB,0.8709573821832182
YOZMUX,IPUPOA,0.8686825851090438
YOZMUX,ANUGIA,0.8674868893379145
YOZMUX,EXAXAE,0.8652594535468053
YOZMUX,HABQUY,0.8631314333261096
YOZMUX,DICKEH,0.8624011786165151
YOZMUX,NEMCOA,0.8573606692671747
YOZMUX,TOVWAE,0.8504018932712745
YOZMUX,TEKYOA,0.8475070611535911
YOZMUX,XICKOL,0.8464639833856856
YOZMUX,FAMQES,0.8419713703061952
YOZMUX,XITYOP,0.8417690571801678
YOZMUX,IDUDIW,0.8391806488434435
XOHSUJ,XOHTOE,0.9958115288601418
XOHSUJ,WACLEU,0.8659188889315991
XOHSUJ,MAHTAR,0.8634941193506289
XOHSUJ,XIHXET,0.8409058199481615
XACLOF,NUDNUW06,0.999985496839884
XACLOF,IZIDOM,0.9999777831085392
XACLOF,NUDPAE09,0.9998819689199164
XACLOF,NUDPAE02,0.9996195092156356
XACLOF,NUDPAE12,0.9984695109048236
XACLOF,NIHBEM01,0.9973213722004668
XACLOF,CAJHUS01,0.9970344812981202
XACLOF,NIKYOW01,0.9968803948369612
XACLOF,IZAKAX,0.996022975559684
XACLOF,CAJHUS,0.9957711798405128
EYUGUB,EYUGIP,0.9543813399556812
EYUGUB,EYUGOV,0.9340852019674478
EYUGUB,YOXXUG01,0.8983732953539043
FALGIK,RUXWEM01,0.9987408685585576
FALGIK,VAKLIF,0.9471289047953751
FALGIK,DELGIN,0.9319882056176552
FALGIK,JIYSUI,0.903973916972906
FALGIK,MUXVIM,0.8830410391360777
FALGIK,XOGWUN,0.8823587784727056
FALGIK,MINBEQ,0.875487606417124
FALGIK,YICRAF,0.8728104006802508
FALGIK,FONKEA,0.8687422678269625
FALGIK,NOZZUZ,0.8651416097814194
FALGIK,WUHMOD,0.8651323454886721
FALGIK,YILKAH,0.8650735717316459
FALGIK,RUGYOJ,0.864740079425268
FALGIK,YUYGOQ,0.8646644711839904
FALGIK,ODIXIK,0.8646262866604596
FALGIK,NOZZOT,0.8631791686383569
FALGIK,JUYJIY,0.8498506228143482
FALGIK,LARBOW01,0.8398265670666034
NIHBEM01,NIKZEN,0.9999926900719672
NIHBEM01,CAJHUS01,0.9999926510760236
NIHBEM01,NIKYOW01,0.999983082419436
NIHBEM01,NUDPAE12,0.999790394189701
NIHBEM01,NUDPAE09,0.9983259518782426
NIHBEM01,IZIDOM,0.9977806473564697
NIHBEM01,PESTAL,0.9971412918687282
NIHBEM01,NUDNUW06,0.9969138872759458
YUKVEG,DADTUY11,0.999999201641416
YUKVEG,DADTUY01,0.9999897990852198
YUKVEG,DADTUY07,0.9999882974073682
YUKVEG,SOJKOT07,0.9998813360761284
YUKVEG,IGOPEB,0.9998587001947564
YUKVEG,DEFNIO,0.9987593385912376
YUKVEG,EDAGEX,0.9985766143277832
YUKVEG,RAVVIU,0.9981397327597126
ALIXID,EBIMEJ,0.9990602720777888
ALIXID,PUNYED,0.9057870380431516
ALIXID,KESFIA,0.8611755601927723
ALIXID,UFUKUB02,0.8429191279378144
ALIXID,UFUKUB01,0.8428929947971052
ALIXID,UFUKUB03,0.8428742253966246
ALIXID,HUZJIW,0.8421911124654482
DIDBID,DIDBEZ,0.9999970355003316
DIDBID,DIDBOJ,0.9999695357495266
DIDBID,ERUNOW,0.998913115151002
DIDBID,BOWDOI,0.9228770850940644
DIDBID,VEDFAN,0.9228565273888454
DIDBID,YODRAM,0.9228128948588176
DIDBID,AHETAK,0.9228111945692876
DIDBID,OJOBAS,0.9228052785599282
DIDBID,TATSIS,0.9219712959671
DIDBID,DERBIO,0.9218894192761846
DIDBID,YIGGEB,0.9198317555400712
DIDBID,NIDFOX,0.9178492337320732
DIDBID,TIDNIF,0.908876191787696
DIDBID,BAKJOO,0.9088416577894682
DIDBID,BAKJII,0.9080803753182194
DIDBID,CIKPEU,0.8852754241202176
DIDBID,AXINAX01,0.8851839034644686
DIDBID,DIBQIQ,0.8849460200940494
DIDBID,NIGPEA,0.8837888936115789
DIDBID,MIHJUL,0.8827954973170319
DIDBID,LUWZUZ01,0.8825845975230183
DIDBID,HELDOT,0.8825783281608022
DIDBID,LUWZUZ02,0.8824195480139453
DIDBID,NIGPAW,0.8754800100483785
DIDBID,XUDVAV,0.8601822650173343
DIDBID,VACKUI,0.8553773513892902
ULISOZ,REGREC,0.9999522539456176
ULISOZ,VEHJUP,0.9996249314358718
ULISOZ,YOZYUJ,0.9455613403664704
ULISOZ,UFAMEW,0.9454573938186566
ULISOZ,HOGJIX,0.9024519974367564
ULISOZ,DUNXUH,0.8971346574176293
ULISOZ,REFVEF,0.8844683977601747
ULISOZ,NUFBOH,0.8770809467138808
ULISOZ,NASROR,0.8769467027950719
ULISOZ,IFABIA02,0.8748395358319133
ULISOZ,FIJCUX,0.8744084196066075
ULISOZ,ORIBAU,0.8740552630011948
ULISOZ,GEYLEE,0.869252787175758
ULISOZ,UBUMAH,0.8610267376157139
ULISOZ,ADUVAZ,0.859793175513371
ULISOZ,ALANAD,0.8534266247156919
ULISOZ,WEHHOI,0.8533908125717419
ULISOZ,MUWRUT,0.8528879801665069
ULISOZ,USAHAZ,0.8486244513946796
ULISOZ,CIJLIT,0.8464099099032221
ULISOZ,EZINAE,0.846319110165008
ULISOZ,HIQNUS,0.8460094310466184
ULISOZ,REYCUV,0.8435207479757706
ULISOZ,NUCPIM,0.839229247018087
DAWCIP,VEGMOK01,0.907905208697276
DAWCIP,IFABIA02,0.9076070873210668
DAWCIP,YOCGAZ,0.8608245886288801
DAWCIP,BOLPAU,0.8607311344468714
VEGMOK01,FIJCUX,0.9995511217351012
VEGMOK01,PIWLAL,0.9468001328568632
VEGMOK01,ODODIW,0.9082479645632232
VEGMOK01,YOCGAZ,0.90824486062595
VEGMOK01,VIKBUP,0.9081979206929316
VEGMOK01,WUHNUK,0.9071309671796712
VEGMOK01,AWEYAE,0.9067085594129326
VEGMOK01,PICCUC,0.8968634497542773
VEGMOK01,CESQUP,0.896241778404939
VEGMOK01,BUVNIR,0.8823338149520202
VEGMOK01,XOQXIL,0.8779264388631864
VEGMOK01,ZARLIP,0.8773518276198383
VEGMOK01,VAGMEX,0.8770529181788508
VEGMOK01,MEWPIQ,0.876810906299153
VEGMOK01,ZARLEL,0.875760959436189
VEGMOK01,REGREC,0.8749857982704482
VEGMOK01,VEHJUP,0.8744935917273843
VEGMOK01,UNAGOH,0.874203120685243
VEGMOK01,PEGCIP,0.8688683757509899
VEGMOK01,AXOCEW,0.8683558568084246
VEGMOK01,KAHMOW,0.8675079837972666
VEGMOK01,XEGWAK,0.8674939153201924
VEGMOK01,SAVMAE,0.862459116355266
VEGMOK01,ZAQXEX,0.8611471270246701
VEGMOK01,HUVGEM,0.8608496148283096
VEGMOK01,CIQHOC,0.8541979099006467
VEGMOK01,SOSQIC01,0.8517330763977076
VEGMOK01,TACJEO,0.8513120379697139
VEGMOK01,HOKLIE,0.8396824401333023
EDOSOI,EDORUN,0.9999940866777236
EDOSOI,XICKOL,0.8994909822105924
EDOSOI,NAPSUV,0.8893028491063217
EDOSOI,XITYOP,0.86121554926206
EDOSOI,WURNOO,0.8386089281562518
LEPLAV,AHONEQ,0.998906031493375
VAGVAC,SETQOZ,0.9999265941984264
VAGVAC,SETQUF,0.9999220862359192
VAGVAC,SADMUH,0.9998979069128948
VAGVAC,SETRAM,0.999862167865728
VAGVAC,SETQIT,0.9998037198102006
VAGVAC,SETQAL,0.9997719992150907
VAGVAC,YAXBOP,0.9997701815296456
VAGVAC,SADMOB,0.999753215767786
VAGVAC,KUXREC,0.9985859898415318
VAGVAC,YAXCAC,0.9968620871776148
VAGVAC,NEHZAE,0.9857821036412732
VAGVAC,TOVJAR,0.9074455043710156
VAGVAC,PIJKUR,0.8864495376470755
VAGVAC,REZXOK,0.8847787420194824
VAGVAC,UFIKOM,0.8692606439706325
VAGVAC,TOVKEW,0.8528548496153717
VAGVAC,TOVJEV,0.845975881198248
HOGJIX,VEHJUP,0.9050162429176808
HOGJIX,REGREC,0.9013598594638204
HOGJIX,UNAGOH,0.8967477296930264
HOGJIX,YOZYUJ,0.8515949669609175
KEPNAX01,KEPMUQ05,0.9999999340684296
KEPNAX01,KEPMUQ,0.999999394151813
KEPNAX01,KENVOR01,0.8787291743153391
KEPNAX01,KENVIL,0.8787175095202111
KEPNAX01,KENVIL02,0.8787044674851807
KEPMUQ,KEPNAX04,0.9999995617797336
KEPMUQ,KEPMUQ05,0.9999993861295244
KEPMUQ,KENTEF03,0.8787439309258489
KEPMUQ,KENVOR,0.8787360750712706
KEPMUQ,KENVIL,0.8786989457290807
KEPMUQ,KENTEF05,0.8786969896485293
EBIMEJ,JEDVUM,0.9080556716278444
EBIMEJ,PUNYED,0.901833785278492
EBIMEJ,ABAYOU,0.901114869920966
EBIMEJ,UFUKUB03,0.8426126069784721
EBIMEJ,UFUKUB02,0.8425199535757447
EBIMEJ,UFUKUB01,0.8413307500478813
EBIMEJ,HUZJIW,0.8395170129525995
ADEGIA,LARYIO,0.9984556765519356
ADEGIA,ATIKAP,0.9999994053274824
ADEGIA,ADEGIA01,0.9997800839381102
ADEGIA,AFOVIB,0.9445231993555516
ADEGIA,TEPJEF,0.9081498795312763
ADEGIA,CUXPIV,0.908078645348496
ADEGIA,ATEYOP,0.90342201504135
ADEGIA,UMIZEX,0.8870871966243192
ADEGIA,AFUDUD,0.8862693165296038
ADEGIA,YICGUP,0.8836487704069829
ADEGIA,EBEXAM,0.8677904748236873
ADEGIA,EBEWOZ,0.867281488900259
ADEGIA,COKJIX,0.8599192441875543
ADEGIA,ELIKUG,0.8584239571997446
ADEGIA,XEVHEM,0.84588973070746
DIBQOW,MIHJUL,0.9999828408252992
DIBQOW,HELDOT,0.9999601621046068
DIBQOW,NIGPEA,0.99994543651732
DIBQOW,AXINAX01,0.9982883620325838
DIBQOW,DERBIO,0.9553337152591884
DIBQOW,XUDVAV,0.9343645313042338
DIBQOW,NOMPIQ01,0.9122987217633464
DIBQOW,XAFFIV,0.8857323001972335
DIBQOW,VACKUI,0.8856537115139618
DIBQOW,ERUNOW,0.8852714422925595
DIBQOW,ESEQUO,0.8852197353459819
DIBQOW,CAXZOS,0.8822991519309408
DIBQOW,FEXCES,0.8769961398393762
DIBQOW,HALVEY,0.8743469225678575
DIBQOW,YATDOP,0.8710800697124429
DIBQOW,FEXCAO01,0.8703634520549028
DIBQOW,CAQJOW,0.8682504449252142
DIBQOW,XALMOO,0.8682407918612687
DIBQOW,WEMKEG,0.8622827715580847
DIBQOW,NIDFOX,0.8554821575733355
DIBQOW,RUYGAV,0.8535079163531797
DIBQOW,BAKJII,0.8437922283606691
DIBQOW,BAKJEE,0.8433148491800446
DIBQOW,BAKJOO,0.8428510185928176
DIBQOW,JEDVUM,0.8401145359560458
DIBQOW,TIDNIF,0.8391059053838545
EJINIV,EJINIV01,0.9999751899396164
EJINIV,XUYYEW,0.9999009473145208
EJINIV,QIQTOB,0.9335654807761382
EJINIV,FIQDER,0.9248067166427496
EJINIV,HABZEQ,0.9102809905016812
EJINIV,XUZRIU,0.9102248582128012
EJINIV,XEVSIB01,0.9089355692358284
EJINIV,CAQJOW,0.8811437989134809
EJINIV,YIPFIO,0.8659329222667248
EJINIV,VEFLUP,0.8524074624918749
EJINIV,ESEQUO,0.849038510281339
EJINIV,VOSSUT,0.8424805350605847
DEKYOK,POHLUV,0.886013967720624
DEKYOK,KEDJEL,0.8853311799733408
DEKYOK,DAKZUN,0.8767201168334618
DEKYOK,XISDIO,0.8764290869318283
DEKYOK,DUGDUG,0.8665000580722435
DEKYOK,QACTUJ,0.8628520844438519
DEKYOK,AYOZOF,0.8576245265568491
DEKYOK,WOJYUR,0.8571066299434515
DEKYOK,IZIHIK,0.855401150902583
DEKYOK,XADDAJ01,0.8553822166719032
DEKYOK,LEDHEJ,0.8519240133813621
PIDRAY,HOYKUD,0.9156487707174203
PIDRAY,DOTSOV02,0.9019060410761586
PIDRAY,DOTSOV07,0.9017714312963188
PIDRAY,DOTSOV10,0.9011467029941214
PIDRAY,EBAMUS,0.9005807625670317
PIDRAY,XAMDUM03,0.90011535496308
PIDRAY,LUDLIH,0.9000247578504467
PIDRAY,RILFEA,0.8999264214358107
PIDRAY,TISPAO,0.8970746188266381
PIDRAY,YOZNOS,0.8852116389223799
PIDRAY,YEKXUJ,0.860949118324304
PIDRAY,MAVRAE,0.8588795598726946
PIDRAY,TOVWAE,0.8568118874861843
PIDRAY,YEKXOD,0.8566875286864417
PIDRAY,FAMQAO,0.852052716536382
PIDRAY,FAMPUH,0.8517947179037498
PIDRAY,BABREE,0.8497566069200964
XEKCAT01,HAFVUH,0.9357115344643688
XEKCAT01,WAMRIN02,0.9139090923470334
XEKCAT01,VIDWIQ,0.8985467094161116
DELGIN,RUXWEM03,0.9277249977635044
DELGIN,DUWBEE,0.9041306754069808
DELGIN,SITDAD,0.9033384175893274
DELGIN,VAKLIF,0.8867759505805475
DELGIN,YICRAF,0.864041287796896
DELGIN,YEYRAY,0.8536370330703263
DELGIN,MUXVIM,0.851812302633054
DELGIN,XOGWUN,0.8501124368682913
DELGIN,JIYSUI,0.8496415836889117
DELGIN,FELXOM,0.8463038554857479
DELGIN,FIVRUA,0.8429201783901571
DELGIN,FONKEA,0.8419942512231491
DARYIF,BUVNIR,0.9983562716919728
DARYIF,WOJZOK01,0.8936559612703597
DARYIF,IFABIA02,0.8850585353046138
DARYIF,VEGMOK04,0.8848338384512298
DARYIF,FIJCUX,0.8838264771484963
DARYIF,ORIBAU,0.8833450247352521
DARYIF,KEPKUO,0.8609670546933259
DARYIF,XALXIS01,0.8433158348549439
DARYIF,BOLPAU,0.8428980965624248
DARYIF,YOCGAZ,0.8426892096637928
YIMQOD,IDUDIW,0.9573061412002388
YIMQOD,EXOGAB,0.911211054790525
YIMQOD,IPUPIU,0.893665110822455
YIMQOD,HOYQIX,0.8934469518006858
YIMQOD,IPUPOA,0.8858522503022443
YIMQOD,ANUGIA,0.8845628674404844
YIMQOD,XICKOL,0.883658962769484
YIMQOD,ANUGOG,0.8825068091696646
YIMQOD,LASYOU,0.8793521938740981
YIMQOD,JALPAQ,0.8783776818765943
YIMQOD,HAYXIR,0.8704115211542383
YIMQOD,MUNDOQ,0.8612309011763761
YIMQOD,EPISOM,0.8547835029796425
YIMQOD,QOWRAV02,0.845970570049216
YIMQOD,TISPAO,0.8386912833430583
YIMQOD,BAZGAM,0.8382268731974042
DUZPUL,YOZYUJ,0.9921646686175724
DUZPUL,REGREC,0.9441959679142912
DUZPUL,UNAGOH,0.9409270265834108
DUZPUL,NUFBOH,0.8940400696788438
DUZPUL,CIJLIT,0.8849463983126564
DUZPUL,EZINAE,0.8839856185398136
DUZPUL,ADUVAZ,0.8767264403830968
DUZPUL,MOHLIF,0.8650616878107533
DUZPUL,KEGTEY,0.8444867464269948
ANUGOG,ANUGIA,0.9992677845893256
ANUGOG,IPUPIU,0.987558448568548
ANUGOG,EXOGAB,0.9625887472865
ANUGOG,LASYOU,0.921575610879088
ANUGOG,FISGOF,0.9199242458958676
ANUGOG,EPISOM,0.9001920144413058
ANUGOG,XICKOL,0.8864403293129984
ANUGOG,SEMNIJ,0.8849321637965564
ANUGOG,JALPAQ,0.8843394275355392
ANUGOG,CEFNIN,0.8827557658354023
ANUGOG,NEMCOA,0.8781590323630847
ANUGOG,DOTSOV14,0.8779620863397516
ANUGOG,XAMDUM03,0.8779449314505128
ANUGOG,LUDLIH,0.8779381935357337
ANUGOG,EBAMUS,0.8778151989724549
ANUGOG,DOTSOV07,0.8776860524544343
ANUGOG,TISPAO,0.8775607658327772
ANUGOG,QIZLOC,0.8728220042781519
ANUGOG,HAYXIR,0.8709481034338914
ANUGOG,YOZNOS,0.8692884595035724
ANUGOG,SIXNIZ,0.8561571708683775
ANUGOG,WURNOO,0.855605978987219
ANUGOG,XITYOP,0.8383377267871936
XITYOP,EXOGAB,0.8672911995167788
XITYOP,EDORUN,0.86125044527941
XITYOP,QIZLOC,0.8608206026300209
XITYOP,DOTSOV07,0.8589021922910963
XITYOP,DOTSOV14,0.8583974369574712
XITYOP,DOTSOV10,0.8583956246825822
XITYOP,EBAMUS,0.8581599999586524
XITYOP,XAMDUM03,0.8577419655141634
XITYOP,RILFEA,0.8576192011436066
XITYOP,YOZNOS,0.8462870810052168
XITYOP,IPUPIU,0.8442646570535087
BUVNIR,IFABIA02,0.8830762179324032
BUVNIR,VEGMOK04,0.8823898265833712
BUVNIR,FIJCUX,0.8796776991387976
BUVNIR,ORIBAU,0.8786993045511563
BUVNIR,KEPKUO,0.8623333766673247
BUVNIR,VALGAS,0.8567367796183283
BUVNIR,XALXIS01,0.8438047905929296
BUVNIR,ODODIW,0.8401941477536052
BUVNIR,PIWLAL,0.8391479674105237
RUZCOG,PURROK,0.916263355493086
SIWPUL11,ATIBOU02,0.9998148020198826
SIWPUL11,IJOMOJ03,0.9977467095843616
SIWPUL11,DADTOS10,0.9977139665448944
SIWPUL11,YANWOC,0.9977087405896532
SIWPUL11,YANWOC01,0.9975606669631308
SIWPUL11,DADTOS12,0.9975446736088864
SIWPUL11,DADTOS01,0.9975181144248096
SIWPUL11,DADTOS04,0.9975123044087172
SIWPUL11,DADTOS13,0.9973728842974544
SIWPUL11,DADTOS14,0.9972344592376868
SIWPUL11,YUKTUU,0.9969303982902852
SIWPUL11,REZJIR,0.996783192091392
SIWPUL11,PADJOU01,0.9966850046423502
SIWPUL11,DADTOS17,0.996535383881606
SIWPUL11,LIJWOR02,0.9964712767708068
SIWPUL11,MNFORD03,0.9963014094882224
SIWPUL11,LIJWOR05,0.9961874210588834
SIWPUL11,QINSUD,0.99591609941687
SIWPUL11,SIWPUL,0.9958933934535202
ILAXOK,JALLOA,0.896003528731431
ILAXOK,AWOFOI,0.8943083489447472
VIDWIQ,WAMRIN01,0.8429968736418844
VIDWIQ,WAMRIN02,0.8425942649906766
ADONEP,USEVOF,0.999122607091454
ADONEP,EMUBOF,0.9987776078740171
ADONEP,EXAXAE,0.9983721439968014
ADONEP,MUNDOQ,0.8859096990431696
ADONEP,DOTSOV02,0.8849351515326708
ADONEP,EBAMUS,0.8848786992304853
ADONEP,DOTSOV14,0.8846787238726397
ADONEP,DOTSOV15,0.8846752090558531
ADONEP,DOTSOV10,0.8846752083363065
ADONEP,RILFEA,0.8844744117817918
ADONEP,QIZLOC,0.8813938018585676
ADONEP,YOZNOS,0.8777005978503081
ADONEP,IDUDIW,0.8512961811627227
ADONEP,QESBAR,0.8432210428173812
IVOLIQ,VAKLIF,0.8962202308163941
IVOLIQ,RUXWEM01,0.855270324992851
IVOLIQ,RUXWEM03,0.8551117572089769
NAOXAL09,NAOXAL06,0.9976488933483562
NAOXAL09,NAOXAL11,0.9999837500268066
NAOXAL09,NAOXAL,0.999962886212364
NAOXAL,NAOXAL11,0.9998975251630492
NAOXAL,NAOXAL07,0.99646343182688
DOTSOV04,DOTSOV23,0.999999999933448
NEQTIP,VUKTOM,0.9984187510183402
NEQTIP,LOZSUQ,0.9962179827827669
NEQTIP,QACTUJ,0.8992549930132226
NEQTIP,NILCES,0.8790472318110281
NEQTIP,ZALLEG,0.8593072536501664
NEQTIP,YENZEZ,0.8538709903758799
WANJIF,EMUBOF,0.9994462564862788
WANJIF,HAYXIR,0.8878951537279909
WANJIF,EBAMUS,0.8850690719876015
WANJIF,DOTSOV07,0.8850432364626131
WANJIF,DOTSOV14,0.8849325846314263
WANJIF,DOTSOV15,0.8849301178782454
WANJIF,DOTSOV10,0.8849301171484347
WANJIF,XAMDUM03,0.8848905789876733
WANJIF,DOTSOV02,0.8847070329388456
WANJIF,YOZNOS,0.8780838821544393
WANJIF,IDUDIW,0.8502426685651052
WANJIF,LASYOU,0.8432535889004638
WANJIF,QESBAR,0.8427897610196176
ABAYOU,CIPLIX,0.9904692239472302
ABAYOU,JEDVUM,0.99035292572641
ABAYOU,KESFIA,0.93362327506998
ABAYOU,HUZJIW,0.9194288974514104
ABAYOU,UFUKUB01,0.9181661689300088
ABAYOU,UFUKUB03,0.9158634656379188
ABAYOU,FUDHET,0.9069480101101622
ABAYOU,FUDHAP,0.9006262315700355
ABAYOU,FILYEG,0.8950371673957841
ABAYOU,XADDUD,0.8940107177120155
ABAYOU,DAFHEZ,0.8938264673583382
ABAYOU,WIMWEW,0.8913011469897123
ABAYOU,XUDVAV,0.8872152298172273
ABAYOU,VOSSUT,0.8737558359020576
ABAYOU,EDAJUP,0.8736213043558286
ABAYOU,EDAJUP01,0.8731411714650914
ABAYOU,ESEQUO,0.8718503244247633
ABAYOU,BAKJOO,0.8557338686863487
ABAYOU,TIDNIF,0.8556437680031326
ABAYOU,QUSVOQ,0.8551468500964248
ABAYOU,BAKJII,0.8526158295168563
ABAYOU,VEFLUP,0.8496383865775635
ABAYOU,NIGPAW,0.8389299277298415
FIVRUA,JUYJIY,0.9314125996748582
FIVRUA,FONKEA,0.9178726988271458
FIVRUA,ULOGIL,0.8656024427078501
FIVRUA,EKUNON02,0.8645215135733211
FIVRUA,IRELIC,0.859531151304616
FIVRUA,MUXVIM,0.8589592715972143
FIVRUA,FELXOM,0.8408625855579237
FIVRUA,VAYFAE,0.8401187899085643
FIVRUA,XOGWUN,0.8397649496482716
QIYDIN,FAGQAI,0.997457609604466
QIYDIN,BIHRUI,0.9764803710063658
QIYDIN,BIHROC,0.9753266242690284
QIYDIN,HABQUY,0.9391475724496526
QIYDIN,DICKEH,0.927664222510988
QIYDIN,VUJBIM,0.8984862308760007
QIYDIN,MUDTEL,0.897821103313615
QIYDIN,YAGHUM,0.8853965805767687
QIYDIN,SEMNIJ,0.8850777454518686
QIYDIN,FISGOF,0.8778211387211038
PADJOU,PADJOU01,0.9999825456009852
PADJOU,REZJIR,0.999982167536506
PADJOU,LIJWOR,0.9999787776343232
PADJOU,VIRJEM,0.9999782567046808
PADJOU,YUKTUU,0.9999775570179582
PADJOU,DADTOS15,0.999975833189034
PADJOU,DADTOS17,0.9999716466722144
PADJOU,LIJWOR06,0.999968338841184
PADJOU,DADTOS14,0.9999633496775424
PADJOU,DADTOS02,0.9999425299128312
PADJOU,DADTOS04,0.999935277506321
PADJOU,DADTOS01,0.9999345198114687
PADJOU,DADTOS05,0.9999335204574746
PADJOU,QINSUD,0.9999253665580088
PADJOU,YANWOC,0.9999059802215194
PADJOU,DADTOS07,0.9998635679721226
PADJOU,ATIBOU02,0.9981467083969234
BAHGUN04,BAHGUN03,0.9999992439197628
BAHGUN04,UFUMUD02,0.9999889379393848
BAHGUN04,UFUMUD01,0.9999711500972666
BAHGUN04,BAHGUN02,0.9999503138074533
BAHGUN04,ECODIK,0.9999199487442266
BAHGUN04,UFUNAK,0.9997681550811632
BAHGUN04,POFDIZ,0.999696166816116
BAHGUN04,UGEPEB,0.9996524469463623
BAHGUN04,AHEMEG,0.9987759170097184
BAHGUN04,JALPAQ,0.8792129390642538
BAHGUN04,IDUSIM,0.8666326136658383
BAHGUN04,ISISUZ,0.866581277734565
BAHGUN04,IDUTIN,0.866554325533317
BAHGUN04,IDUTEJ,0.8665451178184939
BAHGUN04,QESBAR,0.8434645784025379
BAHGUN04,ENITAX,0.8423409703017859
PIWLAL,FIJCUX,0.9472128424054924
PIWLAL,ORIBAU,0.9471607277426408
PIWLAL,VEGMOK04,0.9467779349066252
PIWLAL,IFABIA02,0.9462183211076004
PIWLAL,VAGMEX,0.9224798240401452
PIWLAL,QEDZEG,0.914262432786608
PIWLAL,PEGCIP,0.8853371699223174
PIWLAL,HIFGIO,0.876288791989757
PIWLAL,AWEYAE,0.8647903692881964
PIWLAL,WUHNUK,0.8623440662830608
PIWLAL,BOVHEB,0.8554997385041214
PIWLAL,NUCRIN,0.8460818858646955
PIWLAL,USAHAZ,0.844211263749844
PIWLAL,RUTNOK,0.8439137688145515
PIWLAL,RUTNOK01,0.8434182181939024
PIWLAL,EKEKEL,0.8430242880520604
DADTOS01,DADTOS04,0.99999999658552
DADTOS01,DADTOS12,0.9999999282085614
DADTOS01,YANWOC01,0.9999998148599568
DADTOS01,YANWOC,0.999996158430378
DADTOS01,DADTOS10,0.9999959565196174
DADTOS01,DADTOS14,0.999992287151305
DADTOS01,DADTOS07,0.9999832114334096
DADTOS01,DADTOS15,0.9999731573331824
DADTOS01,VIRJEM,0.99995256744472
DADTOS01,REZJIR,0.9999519506458624
DADTOS01,DADTOS17,0.9999177499887038
DADTOS01,LIJWOR02,0.9999072349304888
DADTOS01,LIJWOR06,0.9999048416111505
DADTOS01,LIJWOR,0.999902560116782
DADTOS01,QINSUD,0.9998001379835012
DADTOS01,SIWPUL04,0.9997998611141066
DADTOS01,ATIBOU02,0.998686679767264
XEVXUT,TIDNIF,0.9026041394988576
XEVXUT,BAKJOO,0.90245766259232
XEVXUT,BAKJEE,0.9011865106719332
XEVXUT,BAKJII,0.8990884225760531
XEVXUT,CAXZOS,0.8814985265115785
XEVXUT,DIDBOJ,0.8804529695795118
XEVXUT,DIDBEZ,0.8797653484137649
XEVXUT,ERUNOW,0.8765788679969135
XEVXUT,FILYEG,0.8652076164147416
XEVXUT,XADDUD,0.8640161753239418
XEVXUT,DAFHEZ,0.8638101816556477
XEVXUT,COXFOL,0.8625050286981863
XEVXUT,YIGGEB,0.8565103536809058
XEVXUT,KEJWAY,0.8541307495213307
XEVXUT,YODRAM,0.8524865232724437
XEVXUT,BOWDOI,0.8522889924363827
XEVXUT,VEDFAN,0.8522238364618087
XEVXUT,VEDFOB,0.8520019845130303
XEVXUT,ABAVOP,0.8517867402852213
XEVXUT,CIJBEE,0.8515390634233303
XEVXUT,YIRSUQ,0.8513977942582704
XEVXUT,NIDFOX,0.8457626162024275
XEVXUT,XALMOO,0.843131824362973
XEVXUT,YATDOP,0.8389324636444104
XEVXUT,BIKMAL,0.8386316268762138
BOWDOI,VEDFAN,0.9999994922578668
BOWDOI,YODRAM,0.9999965094749692
BOWDOI,VEDFOB,0.9999951083933024
BOWDOI,ABAVOP,0.999986165537376
BOWDOI,EXUXEC,0.9999439379530216
BOWDOI,TATSIS,0.9992259359658864
BOWDOI,YIGGEB,0.9973322159587644
BOWDOI,CAXZOS,0.9231003638418528
BOWDOI,DIDBOJ,0.923025999386448
BOWDOI,BAKJOO,0.8790990955024315
BOWDOI,BAKJEE,0.8788318253962704
BOWDOI,BAKJII,0.8782190076380169
BOWDOI,TIDNIF,0.8770587778284978
BOWDOI,ESEQUO,0.8737494389308023
BOWDOI,XALMII,0.8583953564837934
BOWDOI,NIDFOX,0.8537404261703849
BOWDOI,WEMKEG,0.8443925269527204
BOWDOI,DERBIO,0.8441979921887304
BOWDOI,NERVIP01,0.8438601118347541
BOWDOI,RAKBIO01,0.8434867434180555
BOWDOI,GAGWOB,0.8433076185337063
BOWDOI,KOHLIE,0.842950252631003
BOWDOI,NERVIP,0.8426816270041798
BOWDOI,YIRSUQ,0.8421296204753488
MIHJUL,HELDOT,0.999995293532112
MIHJUL,NIGPEA,0.99986710194595
MIHJUL,DIBQIQ,0.998895049036596
MIHJUL,XUDVAV,0.9333946707544732
MIHJUL,NOMPIQ01,0.9116735092079328
MIHJUL,CIKPEU,0.9115147459425536
MIHJUL,VACKUI,0.8855518297416768
MIHJUL,ESEQUO,0.8840162930819114
MIHJUL,CAXZOS,0.8818140087888824
MIHJUL,CAQKAJ01,0.8758445846352567
MIHJUL,HALVEY,0.8739133589363504
MIHJUL,YATDOP,0.8708072547027318
MIHJUL,FEXCAO01,0.8696723124655134
MIHJUL,KESFIA,0.8651251085522869
MIHJUL,FEVDER,0.8648297203959178
MIHJUL,NIDFOX,0.8544181141603338
MIHJUL,RUYGAV,0.8535466230876464
MIHJUL,QIQTOB,0.8532347874321903
MIHJUL,BAKJII,0.8436470675233902
MIHJUL,FAHQOX,0.8430937507932039
MIHJUL,BAKJOO,0.8425496881058829
MIHJUL,JEDVUM,0.8400177685739765
MIHJUL,TIDNIF,0.8386637574977024
SOSQIC01,VURMOL,0.8575011827319139
SOSQIC01,IRELAU,0.855340638270484
SOSQIC01,VEGMOK04,0.8517941390478028
SOSQIC01,FIJCUX,0.8488819864731946
SOSQIC01,ORIBAU,0.8478426979535159
SOSQIC01,USAHAZ,0.8440561116377173
SOSQIC01,NETYOD,0.8433198971194122
SOSQIC01,SUGTEV,0.8407394792577415
SOSQIC01,FERHAN,0.8385441099118749
XOPLOE,LEDLEN,0.9997864666076818
XOPLOE,YAVYAW01,0.997319999736998
XOPLOE,RAHBOU,0.8505412334204836
IDUDIW,LASYOU,0.8949850540453057
IDUDIW,IXAKAU,0.8805899522955295
IDUDIW,DOTSOV07,0.8579036301031644
IDUDIW,DOTSOV10,0.8574130731160208
IDUDIW,EBAMUS,0.8570450745512599
IDUDIW,XAMDUM03,0.8566529982640936
IDUDIW,LUDLIH,0.8565951021985188
IDUDIW,RILFEA,0.8565116445621318
IDUDIW,TISPAO,0.8543217718657147
IDUDIW,XEDMEB,0.8515698872088533
IDUDIW,IPUPOA,0.8492736611909626
IDUDIW,USEVOF,0.848434580030977
IDUDIW,EMUBOF,0.8474592696030414
IDUDIW,YOZNOS,0.8439543132139015
IDUDIW,HOYQIX,0.8434259829314534
IDUDIW,IPUPIU,0.8429024923473333
IDUDIW,HIDTUM,0.8412499769582961
YICXIU,XADDAJ,0.9729438125602092
YICXIU,JUXSEC,0.9557336102945356
YICXIU,LEDHEJ,0.9442231457295008
YICXIU,XISDIO,0.9166064223363316
YICXIU,NEBYOK,0.9142067307656416
YICXIU,DUGDUG,0.9088589868105748
YICXIU,LAVTAF,0.90715370777402
YICXIU,UPIBOM,0.9069025025224428
YICXIU,NIGFOZ,0.9022233892210018
YICXIU,CEJXEW,0.8954872737120784
YICXIU,KEDJEL,0.895316547685759
YICXIU,OHIHOD,0.8479937443801266
YICXIU,IFUNUU,0.8466874641020226
SITDAD,MITSIS,0.9471729926516568
SITDAD,YEYRAY,0.9471351506994968
SITDAD,FUMJAA,0.9471013329498728
SITDAD,CEHKUW,0.9467809297868216
SITDAD,AJIJEI01,0.8757009062729828
SITDAD,PAQYAJ01,0.868380780384862
SITDAD,MICJOA,0.8645673495434303
SITDAD,FIJDEI,0.8549407948438761
SITDAD,TEMDIB,0.8543626699975555
SITDAD,IJEYEC,0.8494777704916392
SITDAD,ASEJIT,0.8477110802863974
SITDAD,IYOQIY,0.847662528919336
SITDAD,NAHHAI,0.8471309762486107
DUPKAC,LEYLIN,0.8912249879679075
DUPKAC,IFABIA02,0.8772057048782954
DUPKAC,VEGMOK04,0.8768256207274028
DUPKAC,FIJCUX,0.8748919375514639
DUPKAC,QEDZEG,0.8699876025472697
DUPKAC,VAGMEX,0.8529941919342148
HIPMAW,PEFRID,0.9977098608299056
DARSEV,GATJIV,0.8687525177828442
RANZAH,CEHXIY,0.9975533969818356
XADDAJ,XISDIO,0.9471111221817484
XADDAJ,DUGDUG,0.9453737264765512
XADDAJ,DAKZUN,0.9438927491883808
XADDAJ,ZALLEG,0.9328987841268972
XADDAJ,CEJXEW,0.932233406398632
XADDAJ,VITZAB,0.9320486002159484
XADDAJ,KEDJEL,0.9301503843074256
XADDAJ,JUXSEC,0.9289403403051758
XADDAJ,JUXSIG,0.9289259351026412
XADDAJ,YIXFUI,0.8871102850461755
XADDAJ,QACTUJ,0.886445180295275
XADDAJ,TORPUN,0.8652784629439897
XADDAJ,IFUNUU,0.8494320134560565
XADDAJ,IZEBAR,0.8491698159553588
VUKTOM,LOZSUQ,0.9995237710009248
VUKTOM,QACTUJ,0.9051927041574608
VUKTOM,NILCES,0.8838771356074299
VUKTOM,KEDJEL,0.8643959588110718
BAKJII,BAKJOO,0.9996425778111496
BAKJII,ERUNOW,0.9094704924321384
BAKJII,DIDBEZ,0.9081692459230402
BAKJII,DIDBOJ,0.907947121257997
BAKJII,KESFIA,0.903190056292473
BAKJII,YATDOP,0.8869628922720076
BAKJII,XUDVAV,0.8860224267156486
BAKJII,OJOBAS,0.8787130641569276
BAKJII,CIJBEE,0.8785452449119777
BAKJII,ABAVOP,0.8784474102402937
BAKJII,VEDFOB,0.87835097430368
BAKJII,VEDFAN,0.8782520032344721
BAKJII,YODRAM,0.8781202315089709
BAKJII,AHETAK,0.8780934443156034
BAKJII,EXUXEC,0.8776751013289
BAKJII,KEJWAY,0.8769496802456053
BAKJII,NIDFOX,0.8743361022542544
BAKJII,YIGGEB,0.8721974102605896
BAKJII,PUNYED,0.8534053723385987
BAKJII,YIRSUQ,0.8493165662484161
BAKJII,NIGPEA,0.8439660427827333
BAKJII,DIBQIQ,0.8438449038344519
BAKJII,AXINAX01,0.8433588833559955
BAKJII,OKEHIW,0.8392199443030199
XAMDUM03,LUDLIH,0.9999976676490984
XAMDUM03,DOTSOV10,0.999964510309036
XAMDUM03,EBAMUS,0.9998399373365991
XAMDUM03,TISPAO,0.9997543475123518
XAMDUM03,DOTSOV07,0.9996425805183048
XAMDUM03,LASYOU,0.9464698962245316
XAMDUM03,DALSOA,0.9330012871119948
XAMDUM03,BABREE,0.9321875811075504
XAMDUM03,EXOYAS,0.9197555333993598
XAMDUM03,IWEVAJ,0.9186972051693868
XAMDUM03,YAGHUM,0.9078266945042278
XAMDUM03,EXOGAB,0.9077494395103232
XAMDUM03,HUCBOX,0.8970331175528652
XAMDUM03,RAHBOU,0.8970054139361037
XAMDUM03,MUDTEL,0.8945209060953828
XAMDUM03,GIKMOD,0.8939596059215972
XAMDUM03,HOYQIX,0.8871518484444798
XAMDUM03,VIXPUP01,0.8871249478154375
XAMDUM03,IPUPIU,0.8870621176062586
XAMDUM03,IPUPOA,0.8850891679538794
XAMDUM03,USEVOF,0.8850197760320452
XAMDUM03,EMUBOF,0.8848842992145114
XAMDUM03,XEDMEB,0.8847577362539207
XAMDUM03,APUPEH,0.882285925297245
XAMDUM03,EXAXAE,0.8822242502275603
XAMDUM03,DICKEH,0.8771465805902386
XAMDUM03,HABQUY,0.8664378631583256
XAMDUM03,TEKYOA,0.860955353982952
XAMDUM03,TOVWAE,0.860811679029329
XAMDUM03,JALPAQ,0.8582800237286123
XAMDUM03,FAMPUH,0.8535285041194733
XAMDUM03,FAMQES,0.8535162554256159
XAMDUM03,NAPSUV,0.853502540307109
XAMDUM03,EPISOM,0.8526493525110629
XAMDUM03,MAVRAE,0.8514276016554685
XAMDUM03,REGYOT,0.839744298751351
XAMDUM03,HUJGEA,0.8389822256738575
CUMLUT,CEHKUW,0.9999924059572298
LUWKIZ,FIJDEI,0.8616647767066248
LUWKIZ,EKUNON02,0.861632931909158
LUWKIZ,ULOGIL,0.8613435832561357
LUWKIZ,YEYRAY,0.8492308730157443
LUWKIZ,MITSIS,0.8481217468780201
LUWKIZ,RUXWEM01,0.8444211608609038
LUWKIZ,PIQQEN,0.8433188201867245
LUWKIZ,YILKAH,0.8423067492961808
VAYFAE,XOGWUN,0.9997565244645976
VAYFAE,FELXOM,0.9087031314495704
VAYFAE,JUYJIY,0.8967949956544561
NETYOD,MUSMAQ,0.8796908993707531
NETYOD,SAVMAE,0.8529715647829526
NETYOD,CIQHOC,0.8411752860166181
MINCOD,YIXFUI,0.8704838547717675
MINCOD,LAVTAF,0.8396802739687066
FAMQES,FAMPUH,0.9999987586742726
FAMQES,FAMQAO,0.999993816132656
FAMQES,LASYOU,0.8948322085283971
FAMQES,VIXPUP01,0.8875992046124739
FAMQES,IDUSIM,0.880097476287713
FAMQES,UNACES,0.879830160765256
FAMQES,ISISUZ,0.8796363783341491
FAMQES,IDUTAF,0.8794784031292815
FAMQES,IDUTEJ,0.8793682816073107
FAMQES,XIJSUH,0.8602651481413104
FAMQES,MOCKEV,0.8602633373563953
FAMQES,TISPAO,0.8534615966311863
FAMQES,DOTSOV10,0.8534081702998662
FAMQES,DOTSOV14,0.8534080730775053
FAMQES,EBAMUS,0.8533134758137214
FAMQES,QIZLOC,0.846804936148457
FAMQES,HOYQIX,0.8422904814503057
FAMQES,IPUPOA,0.8395090693279114
NUYXEL,BUPJUS,0.9065154778833754
VAXTEV,HIHGUC,0.8489924427784803
VAXTEV,WIVRIE,0.8454142992051579
IQEKUM,HOFSUS,0.993669804748136
IGAHED,SACMOA,0.9999448692444316
IGAHED,UGECEO01,0.9998056892962696
IGAHED,HABZEQ,0.8639475069758719
IGAHED,XEVSIB01,0.8632650496096995
IGAHED,XEVSIB,0.8632179997932015
IGAHED,WOCGUR,0.8471747349524887
UBUMAH,ZARLIP,0.9547449449207536
UBUMAH,ZARLEL,0.9535213219390912
UBUMAH,REGREC,0.8611370308616648
UBUMAH,VEGMOK04,0.8610794536580305
UBUMAH,FIJCUX,0.8609913986627584
UBUMAH,ORIBAU,0.8607848245894575
YIXFOC03,YIXFOC,0.9999966031565888
YIXFOC03,EHAZES,0.9997293711932028
YIXFOC03,WECSAZ,0.9994165012176524
YIXFOC03,EXUTAU,0.9985725914557736
YIXFOC03,GAPQAQ,0.9081977417995324
YIXFOC03,YEKWOC,0.907033487887217
YIXFOC03,DUGDOA,0.9064580316138078
YIXFOC03,WOJZIG,0.8842725228815056
YIXFOC03,LUCDAO,0.8827817954637205
YIXFOC03,SENXER,0.8723194520854509
YIXFOC03,PEHWUW,0.860062091775122
YIXFOC03,OPENUT,0.855584785552115
YIXFOC03,WIPLOY,0.8383259649514618
WOJZIG,WOJYOL,0.9995490376809864
WOJZIG,HISSIN,0.9979268854967326
WOJZIG,WIPLOY,0.9742054230528758
WOJZIG,VITYUU,0.932619010030358
WOJZIG,YABKEU,0.9319485817251651
WOJZIG,EWASIG,0.917682948222294
WOJZIG,SIKYER,0.8865442988264415
WOJZIG,EHAZES,0.8822082138456101
WOJZIG,EXUTAU,0.8787265130309745
WOJZIG,IFUPAC,0.8507727082764537
XEVSIB01,XUZRIU,0.9992991469303234
XEVSIB01,HABZEQ,0.9976665928019408
XEVSIB01,XUYYEW,0.9095945427497268
XEVSIB01,YIPFIO,0.8990926899438003
XEVSIB01,VULFOZ,0.8747149163779435
XEVSIB01,FAHQOX,0.8744440888022769
XEVSIB01,FIQDER,0.8658840786274314
XEVSIB01,UGECEO01,0.8639177046709322
XEVSIB01,OCACUR,0.8638358989989181
XEVSIB01,TAHYUZ,0.8617153062977723
XEVSIB01,ESEQUO,0.8616699574121228
XEVSIB01,VEFLUP,0.8608450922491263
XEVSIB01,KUHNEI,0.859384181142544
XEVSIB01,VOSSUT,0.8505996947645783
XEVSIB01,CAQJOW,0.8418564891757243
XEVSIB01,XADDUD,0.840287213811151
XEVSIB01,DAFHEZ,0.8400781524815024
XEVSIB01,COXFOL,0.8387588370453891
WUHMOD,PIQQEN,0.9628301430124484
WUHMOD,REFWIL,0.9479575463750984
WUHMOD,TULLIX,0.9415956221358478
WUHMOD,VAKLIF,0.9081630117041148
WUHMOD,REXYAX,0.8847322860399891
WUHMOD,RUXWEM01,0.8638614944362162
WUHMOD,RUXWEM03,0.8634410595544365
WUHMOD,HIHGUC,0.860760711517385
WUHMOD,WIVRIE,0.8598731014862893
WUHMOD,MINBEQ,0.842783012027101
HISSIN,WIPLOY,0.9731931868784474
HISSIN,DUGDOA,0.9453077659794296
HISSIN,VITYUU,0.9323515279426194
HISSIN,EHAZES,0.8866249355862297
HISSIN,DIXGIC,0.8659619021084056
HISSIN,IFUPAC,0.8493457535660791
HISSIN,ELIKOA,0.8482845819075103
VUNNEZ,VUNNID,0.9944492740997128
VUNNEZ,IPOWOA,0.9887036393972418
VUNNEZ,PASNEE,0.9876161077585792
YAXBUV02,YAXCAC,0.9999646047464842
YAXBUV02,KUXREC,0.9997035760411046
YAXBUV02,POJTOY,0.9970866529724812
YAXBUV02,EFEGOM,0.9961222881112444
YAXBUV02,SETQOZ,0.995990545640512
YAXBUV02,NEHZAE,0.9957900178078872
YAXBUV02,SETRAM,0.9955803555410644
YAXBUV02,SETQIT,0.995275114270832
YAXBUV02,SETQAL,0.9951248048584538
YAXBUV02,YAXBOP,0.9951162716468596
YAXBUV02,SETQEP,0.9950469155863376
YAXBUV02,SADMOB,0.9950395521144686
YAXBUV02,KUXSIH,0.9903565724459364
YAXBUV02,REZXOK,0.8836671370783227
YAXBUV02,UFIKOM,0.8658533908925105
YAXBUV02,UFIHUP,0.8650902836680374
YAXBUV02,TOVKEW,0.8526154232794146
YAXBUV02,TOVJEV,0.8452551203884762
AXINAX01,DIBQIQ,0.9998491036784452
AXINAX01,NIGPEA,0.9988442774117086
AXINAX01,DERBIO,0.9563683060065558
AXINAX01,XUDVAV,0.9422556265637564
AXINAX01,CIKPEU,0.9166235878736532
AXINAX01,ESEQUO,0.8954685029916882
AXINAX01,DIDBOJ,0.8852790937757865
AXINAX01,CAXZOS,0.8852627185739173
AXINAX01,VACKUI,0.8847877427944517
AXINAX01,HALVEY,0.8768068844038521
AXINAX01,CAQKAJ01,0.8767143669995119
AXINAX01,FEXCES,0.8762177930133237
AXINAX01,YATDOP,0.8719249480642619
AXINAX01,XALMII,0.8706763361435055
AXINAX01,FEVDER,0.8683494517599114
AXINAX01,NIDFOX,0.864333813807459
AXINAX01,KESFIA,0.8626164488180972
AXINAX01,BAKJEE,0.843817174718495
AXINAX01,VEFLUP,0.8408849729946057
AXINAX01,CIPLIX,0.8392349056555579
MAVRAE,SOZHOG,0.9241311956995244
MAVRAE,UNABUH,0.9236510711077436
MAVRAE,IDUTIN,0.9235758102967716
MAVRAE,FAMPUH,0.9140579538624088
MAVRAE,VIXPUP01,0.886883517198453
MAVRAE,MOCKEV,0.8551157370431048
MAVRAE,XIJSUH,0.8550471649305427
MAVRAE,QIZLOC,0.8526464288717167
MAVRAE,DOTSOV14,0.851940824056765
MAVRAE,DOTSOV10,0.8519402254666298
MAVRAE,DOTSOV15,0.8519402244076774
MAVRAE,LUDLIH,0.8513846559580625
MAVRAE,RILFEA,0.8513298728358157
MAVRAE,TISPAO,0.8497435412093995
MAVRAE,YOZNOS,0.8399277019166458
MAVRAE,IPUPIU,0.838553642328691
EZATOP,HIYZEV01,0.923350040317034
EZATOP,BIRMUM,0.9039163222632042
LEDHEJ,XADDAJ01,0.9741847030753554
LEDHEJ,DUGDUG,0.973605015536768
LEDHEJ,XISDIO,0.9714651331519552
LEDHEJ,DAKZUN,0.966613952102727
LEDHEJ,AYOZOF,0.9651813117651916
LEDHEJ,CEJXEW,0.9303176678928337
LEDHEJ,KEDJEL,0.9270158815700096
LEDHEJ,JUXSEC,0.8964507444085934
LEDHEJ,QACTUJ,0.8872715446399868
LEDHEJ,YIXFUI,0.8871916373415679
LEDHEJ,NEBYOK,0.8729981644223548
LEDHEJ,NIGFOZ,0.8547567829119809
LEDHEJ,LAVTAF,0.8461382565626714
WEHHOI,WEHHIC,0.9995824444426876
WEHHOI,HEZKIH,0.871650932683362
WEHHOI,REYCUV,0.8657396103411141
WEHHOI,VEHJUP,0.8535095050107921
WEHHOI,FAHMIM,0.853073000579895
WEHHOI,ECUVEF,0.8518415410526758
KEPLID,KETHEY,0.8954624587626449
KEPLID,SAHYOS,0.8929889928171355
KEPLID,ROCZEQ,0.8546894651591808
CAXZOS,DIDBEZ,0.999826657067607
CAXZOS,XALMOO,0.925189996921583
CAXZOS,YATDOP,0.9245551126318524
CAXZOS,EXUXEC,0.923158453508408
CAXZOS,KEJWAY,0.9230992215370432
CAXZOS,AHETAK,0.9230944613616676
CAXZOS,VEDFAN,0.9230758681220368
CAXZOS,CIJBEE,0.9229726954708476
CAXZOS,TATSIS,0.9228265883060568
CAXZOS,XALMII,0.9225091633644608
CAXZOS,YIGGEB,0.921270139164876
CAXZOS,NIDFOX,0.9199551384796864
CAXZOS,FEVDER,0.9092579820648748
CAXZOS,BAKJOO,0.9087561307367004
CAXZOS,TIDNIF,0.9084710385020732
CAXZOS,CIKPEU,0.8861448752331945
CAXZOS,DIBQIQ,0.8847382408445568
CAXZOS,LUWZUZ01,0.8833800607413147
CAXZOS,LUWZUZ02,0.8832494491308787
CAXZOS,NIGPEA,0.8830752781318226
CAXZOS,HELDOT,0.8815468046238526
CAXZOS,FEXCAO01,0.87024609177645
CAXZOS,YIRSUQ,0.869875911641098
CAXZOS,FEXCES,0.8686517683800539
CAXZOS,XUDVAV,0.8620221677840554
CAXZOS,VACKUI,0.8547301237189595
CAXZOS,XAFFIV,0.85423198371369
USAHAZ,ORIBAU,0.8850238277743337
USAHAZ,FIJCUX,0.8848890317328751
USAHAZ,VEGMOK04,0.883822085034619
USAHAZ,SAVMAE,0.8557330945430668
USAHAZ,AQOROP,0.8547474908833292
USAHAZ,REGREC,0.8491014034988256
USAHAZ,OFIXOR,0.8477787445630727
USAHAZ,VEHJUP,0.8467815934836019
USAHAZ,AWEYAE,0.8429781317653894
USAHAZ,WUHNUK,0.8384836313747133
OHIHOD,NIGFOZ,0.896918784532009
OHIHOD,UPIBOM,0.884619950556003
OHIHOD,JUXSEC,0.8448521530731393
OHIHOD,JUXSIG,0.8448294972345889
OHIHOD,TORPUN,0.8440557817998062
FAHQUD,SOSQOI,0.9329787023668183
FAHQUD,HIFHIP,0.8555621355835044
FAHQUD,LONHON,0.8532276411181561
FAHQUD,ERIQUS,0.8531080889492044
MOCKEV,XIJSUH,0.9999733812880768
MOCKEV,TISPAO,0.908028343997515
MOCKEV,LUDLIH,0.9073857068046514
MOCKEV,EBAMUS,0.9071031629690762
MOCKEV,DOTSOV14,0.9069567803575402
MOCKEV,DOTSOV10,0.9069559923281696
MOCKEV,DOTSOV02,0.9056213571486108
MOCKEV,YOZNOS,0.9021625794833787
MOCKEV,QIZLOC,0.8971402701261741
MOCKEV,VIXPUP01,0.8934297472819472
MOCKEV,LASYOU,0.8651401787032132
MOCKEV,FAMPUH,0.8602113597270441
MOCKEV,DALSOA,0.8524403901835189
MOCKEV,EXOYAS,0.8406859332356446
MUDTEL,YAGHUM,0.9855895023087332
MUDTEL,HABQUY,0.957488443240464
MUDTEL,DICKEH,0.9438798025007592
MUDTEL,BIHRUI,0.9228787236842612
MUDTEL,BIHROC,0.9203477298296447
MUDTEL,TISPAO,0.895943001235103
MUDTEL,RILFEA,0.8946314032831061
MUDTEL,LUDLIH,0.8945710741896135
MUDTEL,DOTSOV15,0.8938528313771996
MUDTEL,DOTSOV10,0.893852829669532
MUDTEL,DOTSOV14,0.8938524178718692
MUDTEL,FISGOF,0.8933035034779784
MUDTEL,FAGQAI,0.8901134806707285
MUDTEL,DALSOA,0.8409152775948918
LUSHOX05,SAMVEK,0.9946128873211646
LUSHOX05,LUSHOX04,0.9999051732589044
ELUQIM07,ELUQIM06,0.9999999612547362
ELUQIM07,ELUQIM08,0.9999999580320468
ELUQIM07,ELUQIM04,0.9999998768494772
ELUQIM07,ELUQIM13,0.9999991096817094
ELUQIM07,VERZUP,0.9999920286888332
ELUQIM07,TEVZOK,0.9998711928149532
ELUQIM07,YANXIX04,0.998035714946101
ELUQIM07,SANMEB,0.9974193186693084
ELUQIM07,SIWYOO,0.9961155483008366
DUWBEE,MITSIS,0.9468804537301216
DUWBEE,CEHKUW,0.945154542263595
DUWBEE,KETHEY,0.8973485079767519
DUWBEE,AJIJEI01,0.8753784234484269
DUWBEE,AJIJEI,0.8753650559704492
DUWBEE,NAPZOV,0.8708900043435439
DUWBEE,PAQXUC,0.8652254965320728
DUWBEE,VIDVUB,0.8651322651336815
DUWBEE,MICJOA,0.8627790067860973
DUWBEE,TEMDIB,0.8532866708889371
DUWBEE,ASEJIT,0.8465645995377178
DUWBEE,IYOQIY,0.8464160620584799
DUWBEE,NAHHAI,0.8452254458341483
DUWBEE,IJEYEC,0.8451222660373152
GUPBEZ02,IQEDUE,0.9978779725737577
AVAQIX,ROCZEQ,0.991686642053647
AVAQIX,VAKLIF,0.8780936900215194
AVAQIX,LULGIJ,0.8591601793323418
AVAQIX,RUXWEM03,0.8432830276053671
AVAQIX,RUXWEM01,0.8428871356046773
AVAQIX,ACUBOP01,0.842876705655641
AVAQIX,HIBSUG06,0.8427960838252939
AVAQIX,HIBSUG03,0.8426696747688533
AVAQIX,OVAJAX,0.8424831007775958
AVAQIX,NOZZOT,0.8420851091751296
AVAQIX,ODIXIK,0.8403224553229888
XEDMEB,USEVOF,0.9993532667298036
XEDMEB,EMUBOF,0.9989923782097472
XEDMEB,HAYXIR,0.8877305228371011
XEDMEB,MUNDOQ,0.8862879613426118
XEDMEB,DOTSOV10,0.8849351097003685
XEDMEB,DOTSOV15,0.8849351093489549
XEDMEB,LUDLIH,0.8847374603612366
XEDMEB,EBAMUS,0.8847191802940908
XEDMEB,RILFEA,0.8847191214067381
XEDMEB,TISPAO,0.8839525944817685
XEDMEB,QESBAR,0.843569456880552
XEDMEB,LASYOU,0.8423978433123192
VEFLUP,ESEQUO,0.8799183986371614
VEFLUP,XADDUD,0.8626945051699435
VEFLUP,COXFOL,0.8617118383106157
VEFLUP,XUZRIU,0.8616624357555542
VEFLUP,WIMWEW,0.8608507463636613
VEFLUP,XUYYEW,0.8525034146278245
VEFLUP,EJINIV01,0.8524163915635998
VEFLUP,PUNYED,0.8497920198528043
VEFLUP,JEDVUM,0.8440455658795233
VEFLUP,YIPFIO,0.8439380046840246
VEFLUP,WEMKEG,0.8432806452349463
VEFLUP,WUHMUJ,0.8402554435487046
VEFLUP,DIBQIQ,0.8396088823627319
VEFLUP,CUWNIT,0.8393390774599492
VEFLUP,XAMGUQ,0.8392693181262373
VEGMOK04,IFABIA02,0.9997973919445914
VEGMOK04,FIJCUX,0.9995280068262362
VEGMOK04,ODODIW,0.908247060187964
VEGMOK04,VIKBUP,0.9081899812718096
VEGMOK04,BOLPAU,0.9081077041147612
VEGMOK04,WUHNUK,0.9071645323996442
VEGMOK04,AWEYAE,0.9066660409949228
VEGMOK04,PICCUC,0.8968871594616759
VEGMOK04,CESQUP,0.8962774879529352
VEGMOK04,QEDZEG,0.8957279327557685
VEGMOK04,EKEKEL,0.8859022780279487
VEGMOK04,XOQXIL,0.8779195295370393
VEGMOK04,ZARLIP,0.8773248752071027
VEGMOK04,VAGMEX,0.8770201156220822
VEGMOK04,MEWPIQ,0.8767740506411841
VEGMOK04,REGREC,0.8749814459651595
VEGMOK04,VEHJUP,0.8745175453107108
VEGMOK04,UNAGOH,0.8741724284017313
VEGMOK04,PEGCIP,0.8688463778001385
VEGMOK04,AXOCEW,0.8683881703427816
VEGMOK04,XEGWIS,0.8674707190404088
VEGMOK04,KAHMOW,0.8674624731279863
VEGMOK04,SAVMAE,0.8625043139755082
VEGMOK04,ZAQXEX,0.8611436784707648
VEGMOK04,HUVGEM,0.8608304164334895
VEGMOK04,HIFGIO,0.859141303389842
VEGMOK04,CIQHOC,0.8541666761144691
VEGMOK04,GAWMOJ,0.8535485771581778
VEGMOK04,WOJZOK01,0.8498949474696393
VEGMOK04,IGINIX,0.8463810899805406
VEGMOK04,NISCOJ,0.8462511477946115
VEGMOK04,HOKLIE,0.8396812920202001
UFIHUP,SADMUH,0.8692744340537694
UFIHUP,SETQUF,0.8692732269505292
UFIHUP,SETQOZ,0.8692725859623603
UFIHUP,SADMIV,0.8692717633270526
UFIHUP,EFEGOM,0.8692685875517023
UFIHUP,POJTUE,0.8692641282047234
UFIHUP,SETQAL,0.8692477793517516
UFIHUP,SADMOB,0.8692411302451533
UFIHUP,POJTOY,0.8691588678121871
UFIHUP,KUXREC,0.8670160371126713
UFIHUP,YAXCAC,0.864934946067627
UFIHUP,TOVJAR,0.8502994067780125
UFIHUP,KUXSIH,0.8430817513762213
GUPJEG01,DIWFAT,0.8395659579830701
EXOXUL,VEHJUP,0.915871291941008
EXOXUL,REGREC,0.9118012236128744
EXOXUL,UNAGOH,0.9068116196680576
EXOXUL,UFAMEW,0.8739352265953938
EXOXUL,YOZYUJ,0.8602680125799869
DOTSOV02,DOTSOV07,0.9997942069473486
DOTSOV02,EBAMUS,0.9995695719072224
DOTSOV02,DOTSOV10,0.9990731354088211
DOTSOV02,TISPAO,0.9981845081943604
DOTSOV02,QIZLOC,0.9957776204228216
DOTSOV02,YOZNOS,0.994134241261976
DOTSOV02,LASYOU,0.9447720198209372
DOTSOV02,DALSOA,0.9320402008222598
DOTSOV02,EXOYAS,0.9192065283347448
DOTSOV02,YAGHUM,0.9060950938597716
DOTSOV02,XIJSUH,0.9053052649389232
DOTSOV02,PAMQIF,0.8971200127042591
DOTSOV02,RAHBOU,0.8965413189635582
DOTSOV02,VUJBIM,0.8926675403859725
DOTSOV02,APUPEH,0.8828916379048646
DOTSOV02,EXAXAE,0.8828505461993907
DOTSOV02,DICKEH,0.8769806082939597
DOTSOV02,ANUGIA,0.8756553004051089
DOTSOV02,NEMCOA,0.8754282572344361
DOTSOV02,HIDTUM,0.8744922604889052
DOTSOV02,XICKOL,0.8602883568345957
DOTSOV02,TOVWAE,0.8591258940262485
DOTSOV02,EPISOM,0.8533034838422769
DOTSOV02,FAMQAO,0.8523500183532902
DOTSOV02,NAPSUV,0.8521946794848668
DOTSOV02,UWALEL,0.8469374054195073
DOTSOV02,BAZGAM,0.8393693267207852
DOTSOV02,REGYOT,0.8393583619379422
DOTSOV02,HUJGEA,0.838817507184858
IDUSIM,UNACES,0.9999965457274148
IDUSIM,UNABUH,0.9999913823125748
IDUSIM,IDUTAF,0.9999836976798208
IDUSIM,IDUTEJ,0.9999774519361028
IDUSIM,SOZHOG,0.9999189938653542
IDUSIM,HOYKUD,0.8891525878643132
IDUSIM,FAMQAO,0.8804632734589983
IDUSIM,QERZUI01,0.8666743533939936
IDUSIM,UGEPEB01,0.8666373762816837
IDUSIM,QERZUI,0.8666166495682339
IDUSIM,BAHGUN02,0.8665890416218308
IDUSIM,UFUMUD02,0.8665761214064513
IDUSIM,UFUMUD,0.8665213314704734
IDUSIM,UGEPEB,0.8664934284485639
IDUSIM,POFDIZ,0.8661212220167593
IDUSIM,AHEMEG,0.8649343570258365
IDUSIM,XICKOL,0.8524540722367048
FIJCUX,VIKBUP,0.908049714416464
FIJCUX,YOCGAZ,0.907874427948726
FIJCUX,BOLPAU,0.9075232476580652
FIJCUX,WUHNUK,0.9053589951576856
FIJCUX,PICCUC,0.8954724556135916
FIJCUX,CESQUP,0.894380423471689
FIJCUX,MEWPIQ,0.8778009299896052
FIJCUX,XOQXIL,0.8777379588467998
FIJCUX,ZARLEL,0.8772997594888611
FIJCUX,UNAGOH,0.8749503166325496
FIJCUX,PEGCIP,0.8692733654338767
FIJCUX,XEGWIS,0.8688431872711
FIJCUX,KAHMOW,0.8688391416674675
FIJCUX,XEGWAK,0.86883225599323
FIJCUX,AXOCEW,0.8666282219619661
FIJCUX,ZAQXEX,0.8608229717533467
FIJCUX,HIFGIO,0.8606192458885439
FIJCUX,SAVMAE,0.8602260837984493
FIJCUX,CIQHOC,0.8549663535654808
NAHHAI,IYOQIY,0.9998191333973148
NAHHAI,ASEJIT,0.9997600041362614
NAHHAI,LARBOW01,0.9029547293827108
XOKJUD,JORDAX,0.9990584648099108
XOKJUD,YABKEU,0.8444104258996861
XOKJUD,VITYUU,0.844305213094448
PEZCII,APAYUN,0.9461045110227309
PEZCII,WOJYEB,0.9458136592298656
PEZCII,APAZIC,0.9456952709597458
PEZCII,YUMFUJ,0.9435223117060428
PEZCII,JIYPEP,0.8674284327836089
WAYKAK,ZEDVOV,0.9460526671994296
WAYKAK,UKAPUS,0.8849687236729165
WAYKAK,VUKSUR,0.8648063217912447
WAYKAK,YEMRIU,0.8574573937669724
WAYKAK,VUWSAJ,0.8439825850481866
WURNOO,POFDIZ,0.9232708035284156
WURNOO,HAWZEM,0.923145601198568
WURNOO,AHEMEG,0.9231440003062492
WURNOO,QERZUI,0.9230884481524604
WURNOO,BAHGUN02,0.92294856271496
WURNOO,QERZUI01,0.9227753042502012
WURNOO,ECODIK,0.922633640133944
WURNOO,UGEPEB01,0.9225686337374228
WURNOO,UGEPEB,0.9220806131443686
WURNOO,NAPSUV,0.9205899842304834
WURNOO,JALPAQ,0.909413126723839
WURNOO,XICKOL,0.9090628688557444
WURNOO,BAZGAM,0.8854051493073312
WURNOO,KIJRUS,0.8834324804779906
WURNOO,QOWRAV02,0.8720544148250039
WURNOO,MUNDOQ,0.8707044110011914
WURNOO,IPUPOA,0.8659510164985158
WURNOO,IPUPIU,0.8624879211937313
WURNOO,ASUKEE01,0.8617297351806976
WURNOO,FITSAD,0.8616891575007818
WURNOO,XIQZIH,0.8613272405969739
WURNOO,LIRVAK,0.8612534079490652
WURNOO,OJOQAF,0.8608219970792461
WURNOO,CUPHUS,0.8597959810563087
WURNOO,AVAKAL02,0.8547200894570801
WURNOO,EDORUN,0.8386281417068681
EBEXAM,YENZAV,0.8982837717158885
EBEXAM,RAVDID,0.8941591555982825
EBEXAM,COKJIX,0.893942562504372
EBEXAM,MIRGIG,0.8872906873364953
EBEXAM,AFUDUD,0.884491923153101
EBEXAM,ADEGIA01,0.8652167850598992
EBEXAM,INOVEN,0.8576923103174627
EBEXAM,LUWNAU,0.8548015582302098
EBEXAM,YICGUP,0.8478352037068586
AFOVIB,IBEYEU,0.9973383895168224
AFOVIB,ATEYOP,0.9560488274728745
AFOVIB,KEZLIN,0.932835146092616
AFOVIB,MIRGIG,0.932083370134052
AFOVIB,UMIZEX,0.9286119664712572
AFOVIB,HOGQIF,0.8852039850730572
AFOVIB,TEPJEF,0.8630137745908376
AFOVIB,YICGUP,0.8442237771231059
AFOVIB,MAKFOW,0.8414013257655191
PASGAU,IBUDOZ,0.9999864832404096
PASGAU,DEGJIK,0.9999505419468672
PASGAU,JAXNUU,0.9999448179141356
PASGAU,QONLEM,0.9999120802797102
PASGAU,CISLUN,0.999908793732865
PASGAU,QONLIQ,0.9998604981277514
PASGAU,QONLAI,0.9997803345648532
PASGAU,FUSWIA,0.9993078375566612
PASGAU,FUQJUX,0.999136931477553
PASGAU,PEBNER,0.9985356244131758
PASGAU,HOSPEL,0.9962042327076438
PASGAU,VUQJEX01,0.9960653550998568
PASGAU,VUQJEX,0.9960055833346676
PASGAU,QITZUP,0.8689787556486086
PASGAU,CEXJUN01,0.8628280600425018
PASGAU,CEXJUN,0.8627576754122542
PASGAU,RODSAG,0.8562362684963788
PASGAU,REFBAH01,0.8553427821781456
PASGAU,REFBAH,0.8552609590813003
PASGAU,RAJPIE,0.852859589205524
PASGAU,RANLAV,0.8508992876696057
PASGAU,MUGQAI,0.8423767090282517
RUXWEM01,POSGEL,0.8477679645527108
RUXWEM01,VAKLIF,0.9452273120016116
RUXWEM01,JIYSUI,0.9017932165811616
RUXWEM01,FELXOM,0.8838156165634113
RUXWEM01,NOZZOT,0.8650633876996309
RUXWEM01,YUYGOQ,0.8649647693068773
RUXWEM01,RUGYOJ,0.8649142858653555
RUXWEM01,YILKAH,0.8643946744989203
RUXWEM01,NOZZUZ,0.8640656056640313
RUXWEM01,XEDGIY,0.8497005289874171
RUXWEM01,LARBOW,0.8449230456902592
RUXWEM01,ROCZEQ,0.8416961696678926
ACUBOP01,HIBSUG01,0.9999981612371592
ACUBOP01,HIBSUG03,0.999989842152331
ACUBOP01,OVAJAX,0.9999707064850653
ACUBOP01,PAQYAJ01,0.8775147739702079
ACUBOP01,PAQXUC,0.8774937058208002
ACUBOP01,ROCZEQ,0.8406992530537528
DADTUY01,DADTUY07,0.9999999475993006
DADTUY01,DADTUY11,0.9999942009950304
DADTUY01,IGOPEB,0.9998030064201588
DADTUY01,EDAGEX,0.9988044800260818
DADTUY01,DEFNIO,0.9985256288040076
DADTUY01,RAVVIU01,0.99848955617264
DADTUY01,RAVVIU,0.9984018610980596
DADTUY01,RAVVOA01,0.9982679090947032
DADTUY01,JEXWUF,0.9975533042152565
VAKLIF,RUXWEM03,0.9447191723046198
VAKLIF,YUYGOQ,0.907278450174516
VAKLIF,ODIXIK,0.9072249654875576
VAKLIF,NOZZOT,0.9053848480718898
VAKLIF,JIYSUI,0.8872827273974371
VAKLIF,PIQQEN,0.8776769589687682
VAKLIF,YEYRAY,0.8747926152462493
VAKLIF,WAHQON,0.8666716690033706
VAKLIF,XOGWUN,0.8652357693130562
VAKLIF,FELXOM,0.8623207373665682
VAKLIF,EKUNON02,0.8618343527241896
VAKLIF,PENNAZ,0.8609137973923515
VAKLIF,MICCIM,0.8609083876854442
VAKLIF,FIJDEI,0.8608232633383381
VAKLIF,ULOGIL,0.860491131362878
VAKLIF,FOKWOT,0.8584306059442373
VAKLIF,RUVBIV,0.8552742895304235
VAKLIF,HIHGUC,0.8535531613197611
VAKLIF,FONKEA,0.8535317963461118
VAKLIF,WIVRIE,0.8530299559867316
QIZLOC,DOTSOV14,0.995075568183568
QIZLOC,DOTSOV10,0.995074292768496
QIZLOC,LUDLIH,0.9941433659851996
QIZLOC,TISPAO,0.991602016256948
QIZLOC,LASYOU,0.936656643908322
QIZLOC,BABREE,0.9307520934081728
QIZLOC,EXOGAB,0.9053477194081346
QIZLOC,YAGHUM,0.8989436158943919
QIZLOC,GIKMOD01,0.8972029751074327
QIZLOC,GIKMOD,0.8970257392015075
QIZLOC,RAHBOU,0.8940677606976477
QIZLOC,IPUPOA,0.886436155305437
QIZLOC,EXAXAE,0.8845476713183307
QIZLOC,APUPEH,0.8845206648363159
QIZLOC,VIXPUP01,0.8833282005903311
QIZLOC,HOYQIX,0.8795352370010798
QIZLOC,USEVOF,0.8780862788924766
QIZLOC,HIDTUM,0.8778757664843119
QIZLOC,EMUBOF,0.8770001208416423
QIZLOC,ANUGIA,0.8682528447779561
QIZLOC,HABQUY,0.863292905741735
QIZLOC,XICKOL,0.8582586480593706
QIZLOC,TEKYOA,0.8573168578281958
QIZLOC,UWALEL,0.8532778082995094
QIZLOC,EPISOM,0.8508376714549618
QIZLOC,FAMQAO,0.847204703012755
QIZLOC,NAPSUV,0.8466348268855806
QIZLOC,BAZGAM,0.8389005461190668
JUYJIY,FONKEA,0.9889135295717338
JUYJIY,MUXVIM,0.9207223980729105
JUYJIY,XOGWUN,0.898096389131096
JUYJIY,ULOGIL,0.8809020301000925
JUYJIY,YIHZIA02,0.8531219337617496
JUYJIY,IRELIC,0.8509232875869038
JUYJIY,YICRAF,0.8448989349482963
OWIHOT,HIHNUJ,0.999999952836293
OWIHOT,OWIJIP,0.9999999499362492
OWIHOT,OWIHIN,0.9999996722395158
OWIHOT,OTEGOL01,0.9999992553656262
OWIHOT,MUQYEE,0.9996327113883218
OWIHOT,XOMHIS,0.9794306187333892
OWIHOT,CUFFEP,0.9469501331143426
OWIHOT,YAMXOC,0.9469491665678544
OWIHOT,CUFFIT,0.9469194824716196
OWIHOT,FEYDET,0.9467674036487598
OWIHOT,XINTOG,0.8750379983312506
OWIHOT,NEDLOZ,0.8622960725345316
OWIHOT,UNIDAY,0.859725107130266
OWIHOT,FOSTOY,0.8594744888720713
PESTAL,NUDNUW06,0.9999014358420468
PESTAL,IZIDOM,0.9998919930008744
PESTAL,NUDPAE02,0.9994928076359796
PESTAL,NUDPAE12,0.998427416617221
PESTAL,NIKZEN,0.9968571414739584
PESTAL,NIHBAI01,0.9967720831770608
PESTAL,IZAKAX,0.9958167146875172
PESTAL,CAJHUS,0.9955618684674016
VAGMEX,ORIBAU,0.8779577472257005
VAGMEX,IFABIA02,0.8762922835830331
VAGMEX,QEDZEG,0.850344680460255
IQAGEN,FAHMIM,0.8725040444133758
IQAGEN,REYCUV,0.8527838495704044
IQAGEN,TACJEO,0.8394166501458029
IQAGEN,ECUVEF,0.8388981478000208
EPOXAJ,LECHUX,0.996811583732199
TOXNEB,TOXMUQ,0.9999998393994728
TOXNEB,CELZOK,0.8624134829461121
ABAYIO,FUTCAZ,0.9986304931044006
ABAYIO,WEYQEY,0.9951512602090448
ABAYIO,WEYQAU10,0.9906744809091272
ABAYIO,OFODET,0.907253683542397
ABAYIO,LUSHOX04,0.8742720332214565
ABAYIO,MAHTAR,0.874060367110065
ABAYIO,SOBDOF,0.8707135833810422
ABAYIO,UVETUL,0.8602925750880205
ABAYIO,WACLEU,0.8450345472554561
KAVJEX01,PEVLIN,0.8214048561808187
KAVJEX01,CAPLOX,0.8680381621416476
VOSSUT,PUNYED,0.8739081807606615
VOSSUT,JEDVUM,0.8683495862603436
VOSSUT,HABZEQ,0.8511186295971928
VOSSUT,XEVSIB,0.8505553724466792
VOSSUT,XUYYEW,0.8425618547484133
VOSSUT,EJINIV01,0.8425015565960767
VOSSUT,SACMOA,0.840124777030101
VOSSUT,UGECEO01,0.8400518961418182
VOSSUT,IGAHED03,0.8396456339692833
DUVNIS01,DUVNIS,0.9999982638589344
DUVNIS01,FIXLAC,0.9999901171721484
HAZNIH,HAZNED,0.999999946694458
HAZNIH,HAZNON,0.9997603991594428
HAZNIH,NIMVUC,0.8636337542563447
NIRSUF,UKIQIP,0.8413052919356951
BOLPAU,ODODIW,0.9998512730442556
BOLPAU,XOQXIL,0.9627013699183904
BOLPAU,IFABIA02,0.9082136417169314
BOLPAU,ORIBAU,0.9071655285104768
APUPEH,DOTSOV10,0.8828785108311034
APUPEH,DOTSOV15,0.882878509480843
APUPEH,EBAMUS,0.8824945944248845
APUPEH,LUDLIH,0.8822317789486264
APUPEH,TISPAO,0.880392042914715
APUPEH,YOZNOS,0.8700342239984906
APUPEH,DALSOA,0.8613563129448496
VUKKET,NASGIZ01,0.8756168686741509
ENISUQ,MAHTAR,0.9073678120674212
ENISUQ,VUQKAU01,0.8635685474398637
ENISUQ,DIWFAT,0.8427188375697078
ENISUQ,JIYPAL,0.842399881728274
ENISUQ,IVELUS,0.8421466166308396
FUMJAA,MITSIS,0.999982126677248
FUMJAA,YEYRAY,0.9996226422701088
FUMJAA,CEHKUW,0.9990157974527122
FUMJAA,AJIJEI01,0.9200605202105134
FUMJAA,AJIJEI,0.9200569881785778
FUMJAA,NAPZOV,0.9169833225753428
FUMJAA,VIDVUB,0.9081479731889732
FUMJAA,GERWOR,0.9057652471165508
FUMJAA,IJEYEC,0.8896990821053413
FUMJAA,GIYTOY,0.8733676707090919
FUMJAA,YIKGEF,0.871726695218238
FUMJAA,PENNAZ,0.8607315716631624
FUMJAA,VIDWAI,0.8532788439587703
FUMJAA,DAKVIW,0.8523652803825965
CIKPEU,FEXCES,0.9546836683060568
CIKPEU,NIGPEA,0.913194434959828
CIKPEU,NIGPAW,0.9130201867371036
CIKPEU,HELDOT,0.91116965887396
CIKPEU,DERBIO,0.902041043209016
CIKPEU,LUWZUZ01,0.8868541091919797
CIKPEU,LUWZUZ02,0.8867765144758194
CIKPEU,DIDBOJ,0.8856700707728807
CIKPEU,DIDBEZ,0.8853443195774384
CIKPEU,ERUNOW,0.8839669165032668
CIKPEU,XUDVAV,0.871217930576417
CIKPEU,XALMOO,0.8483036498192564
CIKPEU,NIDFOX,0.8455296298930151
CIKPEU,XALMII,0.8435303213814942
CIKPEU,EDAJUP,0.840949341135697
CIKPEU,EDAJUP01,0.8402972543407794
XEJVOZ,XEJVEP,0.9928860923901928
POVVEC,QUJJUB,0.8519705305426867
COKNUN,COKNUN02,0.9999999760214476
COKNUN,QUJJUB,0.9982226609979522
FAMPUH,FAMQAO,0.9999980997430528
FAMPUH,LASYOU,0.8947858636196642
FAMPUH,VIXPUP01,0.887640613502976
FAMPUH,UNABUH,0.87982063987019
FAMPUH,IDUTIN,0.8796084829079139
FAMPUH,IDUTEJ,0.8795428325809659
FAMPUH,XIJSUH,0.8602106973097414
FAMPUH,EXOGAB,0.8600981394377228
FAMPUH,RILFEA,0.8535378715197015
FAMPUH,LUDLIH,0.8535314177150092
FAMPUH,DOTSOV10,0.8534335993558566
FAMPUH,DOTSOV14,0.8534335363463221
FAMPUH,DOTSOV07,0.8530628747130449
FAMPUH,YOZNOS,0.845613955165336
FAMPUH,HOYQIX,0.8422759413404037
FAMPUH,IPUPIU,0.8422187865202223
FAMPUH,IPUPOA,0.8396249932294971
DERBIO,DIBQIQ,0.9564186453892032
DERBIO,NIGPEA,0.9557691361021204
DERBIO,HELDOT,0.9548755291591474
DERBIO,NIGPAW,0.9442820916242872
DERBIO,ESEQUO,0.9326786673219336
DERBIO,ERUNOW,0.9224530685976966
DERBIO,VACKUI,0.9220494410196476
DERBIO,DIDBEZ,0.9219709298003428
DERBIO,DIDBOJ,0.921910588955148
DERBIO,NOMPIQ01,0.9021254103099888
DERBIO,WEMKEG,0.8995844736842411
DERBIO,FEXCES,0.8868181102927692
DERBIO,RUYGAV,0.8857041956339534
DERBIO,CAQKAJ01,0.8853120312310594
DERBIO,FEXCAO01,0.8848621771644155
DERBIO,LUWZUZ02,0.8746197505836983
DERBIO,XAMGUQ,0.8650999585101959
DERBIO,KOHDIW,0.8648065895068664
DERBIO,CANROA,0.8647993369877385
DERBIO,USAYOE,0.8623160713570849
DERBIO,FAHQOX,0.859642264090722
DERBIO,GEPBEK,0.8572596115325952
DERBIO,NIDFOX,0.8504049524766004
DERBIO,ABAVOP,0.8442954400544782
DERBIO,VEDFOB,0.8442555606167736
DERBIO,VEDFAN,0.8442130774665192
DERBIO,AHETAK,0.8441383441864346
DERBIO,EXUXEC,0.8439183377419915
DERBIO,TATSIS,0.8425901620992711
WIMWEW,XADDUD,0.9995552933760864
WIMWEW,FILYEG,0.9987678398096914
WIMWEW,CIPLIX,0.8964094340226972
WIMWEW,JEDVUM,0.8963817717264257
WIMWEW,PUNYED,0.8919388041115901
WIMWEW,RAKBIO02,0.8545599123224276
WIMWEW,RAKBIO01,0.8545433604161028
WIMWEW,KESFIA,0.8532650728398457
WIMWEW,GAGWOB,0.852869029948509
WIMWEW,HABZEQ,0.8428921067502881
WIMWEW,XUZRIU,0.8409215750749143
XADDUD,DAFHEZ,0.9999889901902864
XADDUD,FILYEG,0.9997146375342436
XADDUD,COXFOL,0.9996007106531908
XADDUD,CIPLIX,0.895005993406002
XADDUD,PUNYED,0.8944568302232718
XADDUD,RAKBIO02,0.8538369256082615
XADDUD,KESFIA,0.8510593341873598
XADDUD,HABZEQ,0.8439161695704984
UYEBIL,CUSBUP,0.9996080166036292
ABAVOP,CIJBEE,0.9999968880923789
ABAVOP,VEDFAN,0.9999898073950784
ABAVOP,OJOBAS,0.999974562970555
ABAVOP,YODRAM,0.999972736245223
ABAVOP,AHETAK,0.9999686014248432
ABAVOP,EXUXEC,0.9998753257740912
ABAVOP,YIGGEB,0.9969396747695908
ABAVOP,DIDBOJ,0.9229848786949904
ABAVOP,BAKJOO,0.8791881850051595
ABAVOP,FEVDER,0.8791257663886127
ABAVOP,ESEQUO,0.8729766161779031
ABAVOP,XALMOO,0.8600071082150385
ABAVOP,XALMII,0.8587039518958761
ABAVOP,NIDFOX,0.8531341452056043
ABAVOP,WEMKEG,0.8443403346737872
ABAVOP,NERVIP01,0.8437535640884692
ABAVOP,RAKBIO01,0.843643556472582
ABAVOP,GAGWOB,0.8430972026747602
ABAVOP,KOHLIE,0.8429873577859786
ABAVOP,YIRSUQ,0.8418190881172991
HOSPEL,VUQJEX01,0.9983501749273512
HOSPEL,VUQJEX,0.9983377217114462
HOSPEL,FUQJUX,0.9981857700848356
HOSPEL,FUSWIA,0.99805513464557
HOSPEL,QONLAI,0.9973933546305817
HOSPEL,QONKOV,0.99695246272495
HOSPEL,PIZHOX,0.9964760808061556
HOSPEL,IBUDOZ,0.995795270301844
HOSPEL,JAXNUU,0.9953803823408942
HOSPEL,QITZUP,0.8738396993554582
HOSPEL,PENLEB,0.8737308719689298
HOSPEL,CEXJUN,0.8619832203083517
HOSPEL,CEXJUN03,0.8618176142502436
HOSPEL,CEXJUN01,0.8617260969773781
HOSPEL,RODSAG,0.8566677879465155
HOSPEL,RAJPIE,0.8562121615019034
HOSPEL,MUGQAI,0.8383737999063575
WEMFEB,EBIBOJ,0.9997943723021184
WEMFEB,COMFIU,0.9967711909600592
QEDZEG,HIFGIO,0.9065897495294434
QEDZEG,ORIBAU,0.8972091551817012
QEDZEG,IFABIA02,0.8948353820186727
QEDZEG,PEGCIP,0.8419920271755483
SIXNIZ,SIXNUL,0.8730896187019546
SIXNIZ,IPUPOA,0.8643200087831939
SIXNIZ,IPUPIU,0.8640190674937669
SIXNIZ,KIJRUS,0.8583620502565654
SIXNIZ,ANUGIA,0.8546779712736965
VEHJUP,REGREC,0.9993098974324746
VEHJUP,YOZYUJ,0.9436175542984588
VEHJUP,REFVEF,0.8861504927372394
VEHJUP,BUKMUQ01,0.8825734289440486
VEHJUP,NUFBOH,0.8778434840131665
VEHJUP,APACAX,0.8774322457046491
VEHJUP,IFABIA02,0.8746943630044448
VEHJUP,ADUVAZ,0.8608397179652122
VEHJUP,SOWCOY01,0.8596405576318672
VEHJUP,ALANAD,0.8534873874991641
VEHJUP,WEHHIC,0.8528218447920751
VEHJUP,MUWRUT,0.8515158576341679
VEHJUP,HEZKIH,0.8508231280416202
VEHJUP,HIQNOM,0.8464099244449282
VEHJUP,CIJLIT,0.8460171557979479
VEHJUP,EZINAE,0.8455750050406337
VEHJUP,REYCUV,0.845225249714308
VEHJUP,HIQNUS,0.8449465218810758
VEHJUP,NUCPIM,0.8396793498172014
WAQFIG,DEBBIY,0.8401613899261008
REGREC,UNAGOH,0.9994015482225234
REGREC,YOZYUJ,0.9460744735287772
REGREC,UFAMEW,0.94483209215536
REGREC,MOHLIF,0.9061638334605822
REGREC,DUNXUH15,0.8972939173749943
REGREC,DUNXUH,0.897290397833592
REGREC,REFVEF,0.8836881498769785
REGREC,APACAX,0.8779542092601641
REGREC,NUFBOH,0.876625842467067
REGREC,NASROR,0.8764589927883548
REGREC,IFABIA02,0.874704408760289
REGREC,ORIBAU,0.8744319022400014
REGREC,GEYLEE,0.8691410609819177
REGREC,SOWCOY01,0.8609964654578254
REGREC,ADUVAZ,0.8592373643146639
REGREC,WEHHIC,0.8535527763627043
REGREC,ALANAD,0.8532233339177117
REGREC,MUWRUT,0.8531964834232304
REGREC,EZINAE,0.8464032318393047
REGREC,CIJLIT,0.8463683703088034
REGREC,HIQNUS,0.8462028064385871
REGREC,NUCPIM,0.8388875390120956
DADTOS15,YUKTUU,0.9999998178750692
DADTOS15,VIRJEM,0.9999970861184124
DADTOS15,REZJIR,0.99999674457125
DADTOS15,DADTOS14,0.999994221628692
DADTOS15,DADTOS13,0.9999860089491424
DADTOS15,LIJWOR02,0.9999799257151748
DADTOS15,DADTOS02,0.9999793806051686
DADTOS15,LIJWOR06,0.9999790745551728
DADTOS15,LIJWOR,0.9999769748309268
DADTOS15,YANWOC01,0.9999685178105052
DADTOS15,LIJWOR05,0.9999538725840844
DADTOS15,IJOMOJ03,0.9999430457578212
DADTOS15,SIWPUL,0.9999165484734334
DADTOS15,DADTOS07,0.9999139164486176
UFUMUD01,UFUMUD02,0.9999957985182946
UFUMUD01,QERZUI,0.9999814601529098
UFUMUD01,BAHGUN02,0.9999102690877416
UFUMUD01,UFUNAK,0.999902545811707
UFUMUD01,QERZUI01,0.9998648449589828
UFUMUD01,POFDIZ,0.9998219801067988
UFUMUD01,UFUMUD,0.999741636062354
UFUMUD01,JALPAQ,0.8792783924539324
UFUMUD01,XICKOL,0.8780871691191452
UFUMUD01,UNACES,0.8664834087904346
UFUMUD01,UNABUH,0.8664503899489367
UFUMUD01,ISISUZ,0.8664467839436761
UFUMUD01,IDUTAF,0.8664163368868357
UFUMUD01,IDUTIN,0.8664060349048172
UFUMUD01,ENITAX,0.8425870254170513
JEDVUM,KESFIA,0.9468685792769612
JEDVUM,UFUKUB02,0.918808634970578
JEDVUM,UFUKUB01,0.9170953601520324
JEDVUM,HUZJIW,0.91478301587954
JEDVUM,BEXVAD01,0.9082235460951824
JEDVUM,FUDHAP,0.90804344673991
JEDVUM,COXFOL,0.8953902868023464
JEDVUM,ABIWOX,0.8771218318136867
JEDVUM,XUDVAV,0.8757983551372907
JEDVUM,EDAJUP01,0.862118479361738
JEDVUM,BAKJEE,0.8608631326501393
JEDVUM,BAKJOO,0.860544808668758
JEDVUM,ESEQUO,0.8546483153495346
JEDVUM,NIGPEA,0.840201905665854
JEDVUM,DIBQIQ,0.8398266539633116
OTEGOL01,OWIHIN,0.99999991565434
OTEGOL01,HIHNUJ,0.9999995821892906
OTEGOL01,OWIJIP,0.9999988191475876
OTEGOL01,MUQYEE,0.9996650228731612
OTEGOL01,MURBEI,0.9989164563331528
OTEGOL01,XOMHIS,0.9795475527624038
OTEGOL01,CUFFEP,0.9469773949316936
OTEGOL01,YAMXOC,0.9469764790761817
OTEGOL01,CUFFOZ,0.9469755256442678
OTEGOL01,PEYVEV,0.932286447098036
OTEGOL01,NEDLOZ,0.8623872450437766
OTEGOL01,CIFSAO,0.8603140400280063
OTEGOL01,FOSTIS,0.8600279312998604
OTEGOL01,FOSTOY,0.8596030204634091
VEXTUO,CAXZUY,0.8864281031105934
VEXTUO,BEJKEJ,0.8863365611249274
VEXTUO,GAWZOW,0.8862001229053955
VEXTUO,TEVVIC,0.8835123582614012
VEXTUO,TEVVEY,0.8834891900973212
VEXTUO,KEVBUK,0.8458751423794472
DOTSOV07,DOTSOV15,0.9997405972669128
DOTSOV07,RILFEA,0.9996173734829084
DOTSOV07,YOZNOS,0.9929751768746452
DOTSOV07,DALSOA,0.932726025979138
DOTSOV07,BABREE,0.9324724852066444
DOTSOV07,EXOGAB,0.9079278601289036
DOTSOV07,XIJSUH,0.9063079566997514
DOTSOV07,HUCBOX,0.8973533775591118
DOTSOV07,PAMQIF,0.8973093872588229
DOTSOV07,RAHBOU,0.8970793525373226
DOTSOV07,GIKMOD,0.8948985126464901
DOTSOV07,GIKMOD01,0.8942982677487354
DOTSOV07,VIXPUP01,0.8870671156680027
DOTSOV07,IPUPIU,0.8863613783211971
DOTSOV07,IPUPOA,0.8857862837977251
DOTSOV07,EMUBOF,0.8842162496014658
DOTSOV07,EXAXAE,0.8830659905215632
DOTSOV07,DICKEH,0.877432555972206
DOTSOV07,ANUGIA,0.8765883933377857
DOTSOV07,HIDTUM,0.8745722602925557
DOTSOV07,HABQUY,0.8679636295292638
DOTSOV07,TEKYOA,0.8609155236560568
DOTSOV07,XICKOL,0.8608008912968679
DOTSOV07,TOVWAE,0.8600296170833666
DOTSOV07,FAMQAO,0.8531046756899924
DOTSOV07,NAPSUV,0.8529849095939966
DOTSOV07,UWALEL,0.8467850662312296
DOTSOV07,HUJGEA,0.8392569408367474
DOTSOV07,BAZGAM,0.839176070425957
DOTSOV07,SEMNIJ,0.838968442843654
DOTSOV07,KIJRUS,0.838663811050089
FEVDER,BAKJOO,0.9777315606904504
FEVDER,BAKJEE,0.9773245830085332
FEVDER,TIDNIF,0.9759366833126744
FEVDER,DIDBOJ,0.9090447220971736
FEVDER,DIDBEZ,0.9088829816109312
FEVDER,ERUNOW,0.908268499263327
FEVDER,XALMOO,0.88718297828183
FEVDER,XALMII,0.8844127967856581
FEVDER,NIDFOX,0.8820353333120687
FEVDER,KEJWAY,0.8792489289011478
FEVDER,YODRAM,0.8792321067200142
FEVDER,VEDFOB,0.8791620001369973
FEVDER,CIJBEE,0.8790776665622355
FEVDER,OJOBAS,0.8789719961108624
FEVDER,TATSIS,0.8789411600933543
FEVDER,YIGGEB,0.8774863501095652
FEVDER,KESFIA,0.8724788111423417
FEVDER,XUDVAV,0.8694239783464924
FEVDER,DIBQIQ,0.8678062601196727
FEVDER,NIGPEA,0.8661098935855036
FEVDER,BIKMAL,0.860523688138366
FEVDER,YIRSUQ,0.8536743287951145
FEVDER,NOMPIQ01,0.8475504120185215
NUDPAE11,NUDPAE09,0.9999984104155996
BEPNOB,BEPPAP,0.99999999494557
BEPNOB,BEPNUH,0.9999999813710578
BEPNOB,MAWTUC,0.9999835530999486
BEPNOB,MAWVAK,0.999968193463621
BEPNOB,BEPNER,0.91129361061913
BEPNOB,KIGCEK,0.9073044650690224
BEPNOB,UFARAX,0.8994039919959245
BEPNOB,UFAREB,0.8993596972277846
BEPNER,BEPPIX,0.997324748078793
BEPNER,KIGCEK,0.940085179374684
BEPNER,MAWTUC,0.911700965903043
BEPNER,BEPNIV,0.9113152036754568
BEPNER,BEPMIU,0.9112668607339498
BEPNER,UFARAX,0.8871002751857915
AGONEQ,DUWGEJ,0.8725391989915536
AGONEQ,UYOGOF,0.9972114177460566
AGONEQ,EKUNON02,0.8585910373017589
AGONEQ,ULOGIL,0.8566204357030536
HIFGIO,ORIBAU,0.860875830094543
BIHRUI,BIHROC,0.9998162056547816
BIHRUI,HABQUY,0.963770020931552
BIHRUI,VUJBIM,0.9240299064113014
BIHRUI,SEMNIJ,0.90689221555344
BIHRUI,FISGOF,0.9007146035988844
PEYVEV,FEYDET,0.9895619949012882
PEYVEV,CUFFIT,0.9887121089034664
PEYVEV,CUFFUF,0.9885687480628416
PEYVEV,YAMXOC,0.98852691062437
PEYVEV,CUFFEP,0.9885169566993532
PEYVEV,MURBEI,0.9391151572927604
PEYVEV,MUQYEE,0.9363497266786815
PEYVEV,XINTOG,0.9326400480285844
PEYVEV,OWIHIN,0.9322170216284126
PEYVEV,HIHNUJ,0.9321322934686976
PEYVEV,VIFPUY05,0.8599198970656493
PEYVEV,TIRFOQ,0.8475551419904752
XIJSUH,TOVWAE,0.9421922135416192
XIJSUH,TISPAO,0.9080385666037027
XIJSUH,RILFEA,0.907401608044294
XIJSUH,LUDLIH,0.9073667475376748
XIJSUH,DOTSOV15,0.9069452328216868
XIJSUH,DOTSOV10,0.9069452317811142
XIJSUH,DOTSOV14,0.9069449671583772
XIJSUH,YOZNOS,0.90135635837638
XIJSUH,VIXPUP01,0.8934100755963649
XIJSUH,LASYOU,0.8651213513111806
XIJSUH,FAMQAO,0.8601394944166062
XIJSUH,BABREE,0.8500934893372318
NAOXAL11,NAOXAL07,0.9951627864760448
HALVEY,CAQJOW,0.9981733666674512
HALVEY,QIQTOB,0.93411536526046
HALVEY,EJINIV01,0.8806481030998246
HALVEY,XUYYEW,0.8799569177120172
HALVEY,DIBQIQ,0.8764333438972931
HALVEY,NIGPEA,0.8750358634006922
HALVEY,NIGPAW,0.8682098602591583
HALVEY,FIQDER,0.8614647595242313
HALVEY,YIRSUQ,0.8611656018992105
HALVEY,ESEQUO,0.8582866151726447
HALVEY,XUDVAV,0.8530996455427348
HALVEY,XUZRIU,0.8408484142345296
JALPAQ,XICKOL,0.9990210633473646
JALPAQ,NAPSUV,0.9857819208207692
JALPAQ,EDORUN,0.8995173715087489
JALPAQ,HOYQIX,0.8919976681113796
JALPAQ,IPUPIU,0.8915597517908311
JALPAQ,ANUGIA,0.8809582607489115
JALPAQ,IXAKAU,0.8797536061754505
JALPAQ,UFUMUD02,0.8792599979201173
JALPAQ,HAWZEM,0.8792545296839669
JALPAQ,BAHGUN03,0.8792257792946283
JALPAQ,QERZUI01,0.8790611802262875
JALPAQ,UFUMUD,0.8789193868263726
JALPAQ,AHEMEG,0.8786052894255519
JALPAQ,UGEPEB,0.8785616455907533
JALPAQ,HOYKUD,0.8677370017748136
JALPAQ,EPISOM,0.8607182779435439
JALPAQ,DOTSOV14,0.8588824777121821
JALPAQ,DOTSOV10,0.8588822054074873
JALPAQ,EBAMUS,0.8584879897165149
JALPAQ,LUDLIH,0.8582243306224205
JALPAQ,TISPAO,0.8563609520324812
JALPAQ,SOZHOG,0.8546060266559872
JALPAQ,UNABUH,0.8543061262052385
JALPAQ,ISISUZ,0.8543032148015753
JALPAQ,IDUTAF,0.8542640162091214
JALPAQ,TEKYOA,0.8462695533783938
JALPAQ,YOZNOS,0.8459268351761419
JALPAQ,ASUKEE01,0.8457473346496195
JALPAQ,LIRVAK,0.8455580201225806
JALPAQ,XIQZIH,0.8455181160739257
JALPAQ,PEKZIP,0.8447616890391674
JALPAQ,OJOQAF,0.8439885390260333
JALPAQ,BAZGAM,0.8435586341139089
JALPAQ,KIJRUS,0.8413910397790867
JALPAQ,NEMCOA,0.8412486200425096
JALPAQ,HIDTUM,0.8410699428707313
RAHBOU,DOTSOV14,0.897194264337465
RAHBOU,DOTSOV10,0.8971941225721547
RAHBOU,LUDLIH,0.8969854339744563
RAHBOU,EBAMUS,0.8969838648667341
RAHBOU,RILFEA,0.8969647856333727
RAHBOU,YOZNOS,0.88731146089748
RAHBOU,YAVYAW01,0.8509787250786347
RAHBOU,PARNON,0.8489039798969258
HUCXOU,SAQQEH,0.852598010110201
HABZEQ,XEVSIB,0.9975922073589504
HABZEQ,XUYYEW,0.9099843863929344
HABZEQ,YIPFIO,0.9003722858573411
HABZEQ,VULFOZ,0.8783191575210794
HABZEQ,FIQDER,0.8668554315956587
HABZEQ,TAHYUZ,0.8662910980724358
HABZEQ,SACMOA,0.864136221124248
HABZEQ,OCACUR,0.8634567243887196
HABZEQ,UGECEO01,0.8633241539015595
HABZEQ,IGAHED03,0.8624488312898031
HABZEQ,KUHNEI,0.8590936346853277
HABZEQ,CAQKAJ01,0.8407939978276092
JIYSUI,NOZZUZ,0.8423356256070307
JIYSUI,ODIXIK,0.841290698808996
FOKYEL,MEQKOL,0.884829904355782
FOKYEL,UTONAT,0.8615109904968685
FOKYEL,DOJXOQ,0.8608673317712267
FOKYEL,ZEDZAL,0.8413981065744107
OPENUT,KAHWOG,0.9959938810518222
OPENUT,SENXAN,0.8535452815634594
OPENUT,EHAZES,0.8529574169885494
OPENUT,WIPLOY,0.8526982748847278
OPENUT,WECSAZ,0.8515327832227981
OPENUT,EXUTAU,0.848746132072608
YOZNOS,TISPAO,0.992666836221915
YOZNOS,LUDLIH,0.991956411467794
YOZNOS,DOTSOV15,0.9911937189598788
YOZNOS,DOTSOV10,0.9911937126848036
YOZNOS,LASYOU,0.9409110850668512
YOZNOS,BABREE,0.921691942801136
YOZNOS,IWEVAJ,0.9161239519178412
YOZNOS,EXOYAS,0.9099379119480956
YOZNOS,EXOGAB,0.8979356070787968
YOZNOS,PAMQIF,0.8893725765664787
YOZNOS,GIKMOD,0.8812521770665114
YOZNOS,GIKMOD01,0.8800885093617086
YOZNOS,IPUPIU,0.8799335059604437
YOZNOS,HOYQIX,0.8797651660936331
YOZNOS,VIXPUP01,0.8778307389104711
YOZNOS,ANUGIA,0.8708866492583967
YOZNOS,EXAXAE,0.8699363600262372
YOZNOS,DICKEH,0.8666813241900871
YOZNOS,NEMCOA,0.8621009466864631
YOZNOS,TOVWAE,0.8538836351500522
YOZNOS,FAMQAO,0.8455150267551262
YOZNOS,EPISOM,0.8450603789438605
MAHTAR,VUQJUN01,0.9461332192037084
MAHTAR,IQOKIK,0.9059192939065666
MAHTAR,UKIQIP,0.8870092192416925
MAHTAR,DIWFAT,0.8849051732792508
MAHTAR,OSADIX,0.8776090129939784
MAHTAR,XIHXET,0.868320806627747
MAHTAR,AVILAT,0.8665487523571133
MAHTAR,ROYMEZ,0.865111595484136
MAHTAR,HIYZEV01,0.8575930089323323
MAHTAR,MUVJIX,0.8539682929107093
MAHTAR,DOLWAE,0.851309640784803
MAHTAR,NEDVOJ,0.8508860218400347
MAHTAR,GURXIB,0.8389555047742248
ZARLIP,ZARLEL,0.9995064601152944
HIBSUG02,HIBSUG06,0.9999986966794344
HIBSUG02,HIBSUG03,0.9999965431227842
HIBSUG02,OVAJAX,0.999977779331175
HIBSUG02,PAQXUC,0.8774992310074508
HIBSUG02,XASHAA,0.8642231860566159
HIBSUG02,ROCZEQ,0.8408215564212953
IPUPIU,HOYQIX,0.999989326963684
IPUPIU,IPUPOA,0.996115468047528
IPUPIU,ANUGIA,0.9878971133757716
IPUPIU,EXOGAB,0.9729220012500724
IPUPIU,BAZGAM,0.9442225612371146
IPUPIU,KIJRUS,0.9433432095404994
IPUPIU,NAPSUV,0.9107240302594014
IPUPIU,EPISOM,0.9088737695036844
IPUPIU,XICKOL,0.8948895527384843
IPUPIU,DOTSOV15,0.8868435915774524
IPUPIU,DOTSOV10,0.8868435909603409
IPUPIU,EBAMUS,0.8867958427316599
IPUPIU,MUNDOQ,0.8744790849098656
IPUPIU,SEMNIJ,0.8727289584482456
IPUPIU,AVAKAL02,0.8658674143366207
IPUPIU,ADASEF,0.8598295220838417
IPUPIU,SIXNUL,0.8423408333388961
IPUPIU,FAMQAO,0.8421882772328193
EBAMUS,LUDLIH,0.9998693430985164
EBAMUS,DOTSOV10,0.9998458843052284
EBAMUS,RILFEA,0.9998310715738352
EBAMUS,YAGHUM,0.907523743766652
EBAMUS,HUCBOX,0.8973185397288477
EBAMUS,GIKMOD,0.8941974220911051
EBAMUS,GIKMOD01,0.8935052772163642
EBAMUS,HOYQIX,0.8869074413525204
EBAMUS,IPUPOA,0.8852571476068662
EBAMUS,EXAXAE,0.8824378245083733
EBAMUS,DICKEH,0.8771873462139832
EBAMUS,ANUGIA,0.877134948362088
EBAMUS,NEMCOA,0.87492333173193
EBAMUS,HIDTUM,0.8737282034838066
EBAMUS,TEKYOA,0.8608933007554253
EBAMUS,TOVWAE,0.8605156619874716
EBAMUS,FAMQAO,0.8533572683173223
EBAMUS,UWALEL,0.8455666546055158
EBAMUS,HUJGEA,0.8390376026422598
PAMQIF,GIKMOD,0.9981896367439554
PAMQIF,DOTSOV15,0.8970320193511928
PAMQIF,LUDLIH,0.8968709381862912
PAMQIF,RILFEA,0.8968126580058797
PAMQIF,TISPAO,0.8960443441626251
PAMQIF,LASYOU,0.8532961165003106
PAMQIF,DALSOA,0.8437323619104736
KINGUM,SURKUN,0.9999843712209644
KEJWAY,AHETAK,0.9998093177198584
KEJWAY,YODRAM,0.9997983691198776
KEJWAY,VEDFAN,0.9997381905941576
KEJWAY,VEDFOB,0.9996816157345207
KEJWAY,CIJBEE,0.9995539823191152
KEJWAY,OJOBAS,0.9994058326133516
KEJWAY,DIDBEZ,0.9225711385425472
KEJWAY,BAKJOO,0.8784203553303955
KEJWAY,BAKJEE,0.877914880905875
KEJWAY,TIDNIF,0.8768560920239958
KEJWAY,XALMOO,0.860296823401127
KEJWAY,YATDOP,0.8592150551963907
KEJWAY,NIDFOX,0.8560249624610677
KEJWAY,WEMKEG,0.8443165961170824
KEJWAY,NERVIP01,0.8439943031151362
KEJWAY,NERVIP,0.843578753388832
KEJWAY,YIRSUQ,0.8431505197040841
KEJWAY,CEJFOO,0.8426408338982044
KEJWAY,RAKBIO02,0.8426101622033759
ISISUZ,UNABUH,0.9999996769670229
ISISUZ,UNACES,0.9999984227639558
ISISUZ,IDUTIN,0.9999983481329776
ISISUZ,IDUTAF,0.9999982988957166
ISISUZ,HOYKUD,0.8891542420894588
ISISUZ,ECODIK,0.866677787213155
ISISUZ,UGEPEB,0.866528319352107
ISISUZ,UFUMUD02,0.8665045798537988
ISISUZ,UFUMUD,0.8664888121798843
ISISUZ,UFUNAK,0.8660528384980675
ISISUZ,POFDIZ,0.8659714775707419
ISISUZ,AHEMEG,0.8646738586107261
ISISUZ,VIXPUP01,0.8557008017945082
WIVRIE,HIHGUC,0.999460583181822
WIVRIE,YILKAH,0.8592774364402976
REZJIR,VIRJEM,0.9999998028380302
REZJIR,PADJOU01,0.9999992199049608
REZJIR,DADTOS17,0.9999951056480696
REZJIR,LIJWOR,0.9999910335688368
REZJIR,MNFORD03,0.9999830083660626
REZJIR,LIJWOR05,0.9999738114805532
REZJIR,DADTOS02,0.9999603916555913
REZJIR,DADTOS04,0.9999527542741375
REZJIR,DADTOS05,0.9999509025392996
REZJIR,QINSUD,0.9999479415829816
REZJIR,YANWOC01,0.9999458033786376
REZJIR,SIWPUL,0.9999453029710308
REZJIR,YANWOC,0.999921165151802
REZJIR,DADTOS10,0.9999200971183052
REZJIR,DADTOS07,0.9998784872821168
REZJIR,ATIBOU02,0.9981386187139836
COZGED,ORAWEL,0.9998353042071568
DADTOS02,DADTOS05,0.9999994880225286
DADTOS02,DADTOS13,0.999999359332022
DADTOS02,DADTOS12,0.9999991753891588
DADTOS02,YANWOC01,0.999998854687058
DADTOS02,YANWOC,0.9999932432639964
DADTOS02,DADTOS07,0.999977556034848
DADTOS02,VIRJEM,0.9999609745197218
DADTOS02,PADJOU01,0.999948628647484
DADTOS02,DADTOS17,0.9999289505962804
DADTOS02,LIJWOR02,0.9999191223325378
DADTOS02,LIJWOR06,0.999916919632466
DADTOS02,LIJWOR,0.9999146603670632
DADTOS02,MNFORD03,0.9998919862472428
DADTOS02,LIJWOR05,0.9998716455379448
DADTOS02,QINSUD,0.9998178126590972
DADTOS02,SIWPUL04,0.999817555444501
DADTOS02,ATIBOU02,0.998639935817156
NASROR,UFAMEW,0.8943048885621273
NASROR,YOZYUJ,0.8891554462758585
NASROR,UNAGOH,0.8739698006967241
TAHYUZ,CAQKAJ01,0.9542626557624168
TAHYUZ,CAQJOW,0.9521693391260682
TAHYUZ,QIQTOB,0.9119183516774564
TAHYUZ,FAHQOX,0.9061646641956717
TAHYUZ,NIGPEA,0.8754895242304708
TAHYUZ,HELDOT,0.8742870058345643
TAHYUZ,ESEQUO,0.8574733241079829
TAHYUZ,EJINIV01,0.8564402684321797
TAHYUZ,XUYYEW,0.8556547844768762
TAHYUZ,XUDVAV,0.852257599930526
TAHYUZ,YIRSUQ,0.8405180553995123
TAHYUZ,FIQDER,0.8397160515162541
ERUNOW,DIDBOJ,0.9988379686568588
ERUNOW,YATDOP,0.9254033301881398
ERUNOW,XALMOO,0.9239145982385876
ERUNOW,CIJBEE,0.9229759589110634
ERUNOW,VEDFAN,0.9227477708816894
ERUNOW,YODRAM,0.922642157048867
ERUNOW,AHETAK,0.9226205047317444
ERUNOW,EXUXEC,0.9222758199932712
ERUNOW,BAKJEE,0.9094918825709508
ERUNOW,TIDNIF,0.9063412806339288
ERUNOW,NIGPEA,0.8855428038916567
ERUNOW,NOMPIQ01,0.884073228755386
ERUNOW,LUWZUZ01,0.8787173447366261
ERUNOW,LUWZUZ02,0.8784719289791884
ERUNOW,FEXCAO01,0.8673224036969165
ERUNOW,ESEQUO,0.8607903655776061
ERUNOW,VACKUI,0.8570026994762494
ERUNOW,XAFFIV,0.8568551429274417
VEGMIE,VEGMIE01,0.9999705116851606
TEKYOA,EXOGAB,0.9176853413757962
TEKYOA,LASYOU,0.9020747272472264
TEKYOA,HOYQIX,0.8956218822119756
TEKYOA,IPUPOA,0.8952384452464662
TEKYOA,ANUGIA,0.8854054973119228
TEKYOA,EPISOM,0.8613983375956699
TEKYOA,NAPSUV,0.8613282629372447
TEKYOA,DOTSOV14,0.8610893158611463
TEKYOA,DOTSOV10,0.8610892770164925
TEKYOA,DOTSOV15,0.8610892767753168
TEKYOA,LUDLIH,0.8609388982512303
TEKYOA,RILFEA,0.8609243925325745
TEKYOA,XICKOL,0.847759246908103
TEKYOA,BAZGAM,0.842840174996018
TEKYOA,KIJRUS,0.8414047001271421
TEKYOA,HIDTUM,0.8384239697931452
EYULAM,XUMNAW,0.8877612135885184
NASGIZ01,LARBOW01,0.8450262359397389
NASGIZ01,TAQGEZ,0.8441614750219532
QINSUD,SIWPUL04,0.999999965381512
QINSUD,SIWPUL,0.9999999503039378
QINSUD,MNFORD03,0.9999903408914756
QINSUD,LIJWOR06,0.999980670940233
QINSUD,LIJWOR02,0.9999795106773388
QINSUD,DADTOS17,0.99997414519519
QINSUD,VIRJEM,0.9999473510251692
QINSUD,DADTOS14,0.9998708879221648
QINSUD,DADTOS13,0.999838763244974
QINSUD,DADTOS05,0.9997980026245108
QINSUD,DADTOS12,0.9997924950349708
QINSUD,YANWOC,0.9997411316526544
QINSUD,DADTOS10,0.9997392829537785
QINSUD,IJOMOJ03,0.9997274853563034
QINSUD,ATIBOU02,0.9974655783169708
GIKMOD,GIKMOD01,0.9999639391002204
GIKMOD,DOTSOV14,0.8946172261824951
GIKMOD,LUDLIH,0.8938990492837154
GIKMOD,TISPAO,0.8918961387761349
GIKMOD,LASYOU,0.8481415814902175
GIKMOD,DALSOA,0.8411039393722793
CEFNIN,BAZGAM,0.9118147634397078
CEFNIN,QOWRAV02,0.9113743336540162
CEFNIN,IPUPOA,0.8884428032567937
CEFNIN,AVAKAL02,0.8831473250579245
CEFNIN,EXOGAB,0.857045021350257
CEFNIN,MUNDOQ,0.8448426239074273
DIDBOJ,DIDBEZ,0.9999763244087104
DIDBOJ,XALMOO,0.924911809870255
DIDBOJ,XALMII,0.923059134526656
DIDBOJ,VEDFOB,0.9230414559821636
DIDBOJ,AHETAK,0.922983856514438
DIDBOJ,YODRAM,0.9229824158666886
DIDBOJ,EXUXEC,0.92297246183461
DIDBOJ,OJOBAS,0.9228849740213052
DIDBOJ,TATSIS,0.9223580994496272
DIDBOJ,YIGGEB,0.9204407271562992
DIDBOJ,TIDNIF,0.9087407355928508
DIDBOJ,DIBQIQ,0.8849327099289923
DIDBOJ,FEXCAO01,0.869735234812093
DIDBOJ,FEXCES,0.8691031983890557
DIDBOJ,XUDVAV,0.8609428602894811
DIDBOJ,XAFFIV,0.8547737550549896
LEDLEN,PARNON,0.999969332121283
LEDLEN,YAVYAW01,0.9956288331526264
HAYXIR,EMUBOF,0.8878672553408393
HAYXIR,HOYQIX,0.8799874623054793
HAYXIR,IPUPOA,0.8779064873288634
HAYXIR,BAZGAM,0.8749402971314884
YATDOP,XALMII,0.9993039091703028
YATDOP,XALMOO,0.9990541451927212
YATDOP,NIDFOX,0.9903664827897788
YATDOP,DIDBEZ,0.9248034732052892
YATDOP,BAKJOO,0.8871895827926342
YATDOP,BAKJEE,0.8871841901573627
YATDOP,TIDNIF,0.8844651923532572
YATDOP,DIBQIQ,0.8720316538901853
YATDOP,NIGPEA,0.8714817481578323
YATDOP,HELDOT,0.8706507396759107
YATDOP,VEDFOB,0.8600687780021636
YATDOP,YODRAM,0.8599490896683946
YATDOP,NIGPAW,0.8593770587961365
YATDOP,TATSIS,0.8582663404765788
YATDOP,YIGGEB,0.8555592461433504
YATDOP,NOMPIQ01,0.84662835049955
BIVXAG,CEJFOO,0.9955901895425354
BIVXAG,NERVIP01,0.9918060040158054
BIVXAG,LUWZUZ02,0.8809362358990332
BIVXAG,BIKMAL,0.8732784269307541
BIVXAG,FUVYOL,0.8434341601612805
BIVXAG,YIGGEB,0.8413961709458024
BIVXAG,ABIWOX,0.8413089920726613
BIVXAG,TATSIS,0.838390462873818
IDIWOH05,XAVDEF,0.99999999960373
IDIWOH05,IDIWOH06,0.9999999959813756
IDIWOH05,IDIWOH04,0.999999935045196
IDIWOH05,IXODUV,0.9999997831447762
IDIWOH05,IDIWOH,0.99999913311012
IDIWOH05,WIDQAC,0.9999990910647378
IDIWOH05,XAVDIJ,0.9999981548851448
IDIWOH05,ALOVEC,0.9960839863679216
IDIWOH05,PARFOF,0.8850427665448093
BAYQAU03,BAYQAU04,0.9999931862877456
XIHXET,XIHXAP01,0.9990615479071654
XIHXET,VUQKAU01,0.8848963028074315
WOJYUR,XISDIO,0.9479890979702452
WOJYUR,DUGDUG,0.9414150833644656
WOJYUR,CEJXEW,0.9330077067190348
WOJYUR,AYOZOF,0.9326568377918958
WOJYUR,KEDJEL,0.9324616267091392
WOJYUR,JUXSEC,0.9318691639109378
WOJYUR,JUXSIG,0.9318614997867448
WOJYUR,LAVTAF,0.8856655534070228
WOJYUR,YIXFUI,0.8853835014924867
WOJYUR,QACTUJ,0.8837912744864833
WOJYUR,NIGFOZ,0.8823522367928156
WOJYUR,TORPUN,0.8679996382276505
WOJYUR,IZEBAR,0.8496363445137975
BAZGAM,KIJRUS,0.999104690385154
BAZGAM,HOYQIX,0.9445910538646076
BAZGAM,EXOGAB,0.9159216982342544
BAZGAM,FISGOF,0.9068270006443264
BAZGAM,AVAKAL02,0.883034095992886
BAZGAM,SEMNIJ,0.8665442565402102
BAZGAM,EPISOM,0.8605220738272112
BAZGAM,LASYOU,0.8600358557781533
BAZGAM,XICKOL,0.8432473224983104
BAZGAM,DOTSOV15,0.8384722003487843
BAZGAM,DOTSOV10,0.8384722002734852
CIJLIT,YOZYUJ,0.8856827777194923
CIJLIT,UFAMEW,0.8855038204935477
CIJLIT,UNAGOH,0.8454546768517637
MOLTIR,SAXYOH,0.9987406800863784
MOLTIR,TILHAZ,0.9785240584478516
FELXOM,MUXVIM,0.9525291113318268
FELXOM,FONKEA,0.9056934650271622
FELXOM,RUXWEM03,0.8842091672997265
FELXOM,YICRAF,0.8774713830190706
FELXOM,EKUNON02,0.8656494645217995
FELXOM,IRELIC,0.8410820455617427
EBEXEQ01,MIMCOD,0.8049726045000156
EBEXEQ01,EBEXIU02,0.9996487461777772
YANWOC,IJOMOJ03,0.9999995702124556
YANWOC,YANWOC01,0.9999976517346904
YANWOC,DADTOS04,0.999995926168662
YANWOC,DADTOS07,0.999995399134154
YANWOC,DADTOS14,0.999977576780532
YANWOC,VIRJEM,0.9999217879259484
YANWOC,PADJOU01,0.9999049879093104
YANWOC,DADTOS17,0.9998784198728564
YANWOC,LIJWOR02,0.9998659588077478
YANWOC,LIJWOR06,0.9998628432198372
YANWOC,LIJWOR,0.999860786006158
YANWOC,LIJWOR01,0.9998593365237108
YANWOC,MNFORD03,0.999831339328269
YANWOC,LIJWOR05,0.9998060084594912
YANWOC,SIWPUL04,0.9997407538133832
VIFPUY,VIFPUY05,0.9999999859921392
VIFPUY,VIFPUY01,0.9999999729109282
VIFPUY,IFIPEV,0.9468874810891048
VIFPUY,FIFGEI,0.9467350798114764
VIFPUY,FAHQEM,0.9435831082857814
VIFPUY,FAHQIQ,0.9357752293621784
VIFPUY,NEDLOZ,0.9054108079343374
VIFPUY,CIFSAO,0.9033133511761128
VIFPUY,FOSTIS,0.9030248457733104
VIFPUY,UNIDAY,0.9028474234104134
VIFPUY,TIRFOQ,0.8797063129724485
VIFPUY,CUFFOZ,0.8747390524927571
VIFPUY,CUFFUF,0.8747329808137353
VIFPUY,CUFFIT,0.8747106546887231
VIFPUY,FEYDET,0.8745604396744141
KESFIA,CIPLIX,0.9468459503523594
KESFIA,BAKJOO,0.9019110281800852
KESFIA,UFUKUB03,0.8730292795495156
KESFIA,UFUKUB02,0.8727920304071021
KESFIA,UFUKUB01,0.8703817394248358
KESFIA,HELDOT,0.8651413291535544
KESFIA,BEXVAD01,0.8649628559852399
KESFIA,DIBQIQ,0.8636999771254468
KESFIA,COXFOL,0.8518287849880346
KESFIA,FILYEG,0.8492589584698519
KESFIA,NIGPAW,0.8421432354486076
WOJYOL,DUGDOA,0.9422121200921354
WOJYOL,VITYUU,0.933010751685276
WOJYOL,YABKEU,0.932882897808608
WOJYOL,EWASIG,0.9224344556010168
WOJYOL,EHAZES,0.8847790496411745
WOJYOL,ELIKOA,0.8495157913367741
XALXIS01,WIXJIW01,0.8643728967704549
YOXYAN,TILHAZ,0.8985974827259465
YOXYAN,SAXYOH,0.8842479351777635
YOXYAN,XOYCET,0.8832360584534397
DADTOS10,IJOMOJ03,0.99999972038206
DADTOS10,YANWOC01,0.9999975005674776
DADTOS10,DADTOS05,0.9999962539856692
DADTOS10,DADTOS04,0.999995718142877
DADTOS10,DADTOS07,0.9999956462019576
DADTOS10,YUKTUU,0.9999420603398608
DADTOS10,PADJOU01,0.9999037780539152
DADTOS10,DADTOS17,0.999877237873814
DADTOS10,LIJWOR02,0.9998645530273168
DADTOS10,LIJWOR06,0.9998615725367886
DADTOS10,LIJWOR,0.9998591971028647
DADTOS10,LIJWOR01,0.9998564101984492
DADTOS10,LIJWOR05,0.9998045902373432
DADTOS10,SIWPUL04,0.999738947732928
DADTOS10,SIWPUL,0.999733575466681
UPIBOM,HIDDAB,0.9079259778214588
UPIBOM,LAVTAF,0.999987004799924
UPIBOM,JUXSIG,0.9471116527652038
UPIBOM,YENZEZ,0.8995571124133933
UPIBOM,RAVDOJ,0.893693260275598
UPIBOM,XOBGON,0.8753778442005186
UPIBOM,TORPUN,0.8740246113176505
UPIBOM,LEHTID,0.8675765073768116
UPIBOM,YIXFUI,0.8673272166910951
UPIBOM,QACTUJ,0.8644001812544064
UPIBOM,UFOSAM,0.8590975460933694
UPIBOM,IZEBAR,0.8585294191407695
UPIBOM,NEBYOK,0.8519380816031649
UPIBOM,DAKZUN,0.8401061376485941
UPIBOM,IFUNUU,0.8383305134452768
UPIBOM,XISDIO,0.8382325299282509
LEHTID,NIGFOZ,0.8731305929252946
XISDIO,DUGDUG,0.9934947858198736
XISDIO,CEJXEW,0.9564323566432718
XISDIO,KEDJEL,0.9558638787229116
XISDIO,YIXFUI,0.9063708377328936
XISDIO,QACTUJ,0.9047918407626744
XISDIO,TORPUN,0.8601504230466177
TAKTOR,TAKTAD,0.9999970710649466
EHAZES,WECSAZ,0.999933941472883
EHAZES,SIKYER,0.9980653170362188
EHAZES,GAPQAQ,0.9081600836325772
EHAZES,YEKWOC,0.9079026070866256
EHAZES,LUCDAO,0.8809481062585776
EHAZES,DIXGIC,0.8772507711732315
EHAZES,SENXAN,0.8668341597146682
EHAZES,LIXMEM,0.8607436800597414
EHAZES,KAHWOG,0.8601806380544661
EHAZES,ELIKOA,0.8571483439982597
DADTOS13,DADTOS12,0.9999970810397478
DADTOS13,IJOMOJ03,0.999985424926633
DADTOS13,PADJOU01,0.999959409044192
DADTOS13,DADTOS17,0.9999418026534612
DADTOS13,LIJWOR,0.9999286459222776
DADTOS13,MNFORD03,0.999907976922122
DADTOS13,LIJWOR01,0.9999028292614148
DADTOS13,LIJWOR05,0.999889130464158
DADTOS13,ATIBOU02,0.9985803433268025
XITDEL,XUMVIM,0.999384488560903
FUSWIA,FUQJUX,0.9999905638852288
FUSWIA,QONLAI,0.999867781996953
FUSWIA,PEBNER,0.9998566860067734
FUSWIA,QONLEM,0.9997126828309524
FUSWIA,CISLUN,0.999707962164378
FUSWIA,QONKOV,0.9996205659374778
FUSWIA,BUZKUE,0.9995893299417558
FUSWIA,JAVNIE,0.9995372600882544
FUSWIA,IBUDOZ,0.9991037235850232
FUSWIA,JAXNUU,0.9988642716327044
FUSWIA,VUQJEX01,0.998669351020895
FUSWIA,PENLEB,0.8729068013989307
FUSWIA,QITZUP,0.8727681855478431
FUSWIA,CEXJUN,0.8636211796762931
FUSWIA,CEXJUN03,0.8636157864982745
FUSWIA,RODSAG,0.85777976916842
FUSWIA,REFBAH,0.8573429855565222
FUSWIA,RAJPIE,0.8559464906996499
FUSWIA,RANLAV,0.8517534937723199
TEPJEF,ELIKUG,0.9401292961828704
TEPJEF,YENZAV,0.8606046776904024
TEPJEF,YICGUP,0.8419369749525578
EBEXIU02,DIGPER,0.9999913064463848
RISXAT01,SAQQEH,0.9439546821732332
FIJDEI,MITSIS,0.8969086903002272
FIJDEI,YEYRAY,0.896615362178185
FIJDEI,IRELIC,0.8684095107622551
FIJDEI,EKUNON02,0.8414048693357159
HIBSUG01,HIBSUG06,0.9999998940565624
HIBSUG01,PAQYAJ01,0.8774557966845706
HIBSUG01,PAQXUC,0.8774526068153772
HIBSUG01,XASHAA,0.8642131690622712
HIBSUG01,ROCZEQ,0.8408519455566041
REFBAH,WIFSAI,0.92124706364969
REFBAH,BUZKUE,0.8580058276630216
REFBAH,VUQJEX01,0.8579446324411089
REFBAH,VUQJEX,0.8579348859708888
REFBAH,FUQJUX,0.857496205896914
REFBAH,QONLIQ,0.8563655062097202
REFBAH,QONLEM,0.8561593753788638
REFBAH,CISLUN,0.8561548769575043
REFBAH,QONKOV,0.8559391289736754
REFBAH,PIZHOX,0.8554820326746769
REFBAH,IBUDOZ,0.8548656772666228
REFBAH,DEGJIK,0.8544758107500519
FUVDEH07,FUVDEH08,0.9999999793792484
FUVDEH07,FUVFUZ,0.9999998828403712
FUVDEH07,FUVDEH04,0.9999997534709196
FUVDEH07,FUVGAG,0.9999988747424492
FUVDEH07,FUVDEH05,0.9999704399445396
FUVDEH07,IFEPUG,0.9999176034002428
FUVGAG,FUVGAG02,0.999999879616701
FUVGAG,FUVFUZ,0.9999994837617387
FUVGAG,FUVDEH08,0.9999991587759152
FUVGAG,IFEPUG01,0.9999403798009574
XOQXIL,YOCGAZ,0.96289135406312
XOQXIL,IFABIA02,0.8776149731482037
XOQXIL,ORIBAU,0.877503567641224
UKIQIP,VUQKAU01,0.9323517006051132
UKIQIP,FUTCAZ,0.8871769331312538
UKIQIP,LUSHOX04,0.8868871281641154
UKIQIP,WEYQAU16,0.8862471449703153
UKIQIP,WEYQAU10,0.884793956171406
UKIQIP,WACLEU,0.8576499692436704
UKIQIP,JIYPAL,0.8492627278174825
LIXMEM,GAPQAQ,0.9415729230984612
LIXMEM,WECSAZ,0.8608037143268173
LIXMEM,EXUTAU,0.8607563075891463
LIXMEM,ACOFEG,0.8413212535935202
VITYUU,OFEREX,0.945195959804423
VITYUU,DUGDOA,0.8591585591691899
VITYUU,KAHWOG,0.8543504495629346
VITYUU,IFUPAC,0.8542965357300113
VITYUU,AHONEQ,0.8540477327222318
VITYUU,ZECBOB,0.8460105468350948
DICKEH,SEMNIJ,0.9478055900385124
DICKEH,FAGQAI,0.9281579214056604
DICKEH,FISGOF,0.8986326848157012
DICKEH,DOTSOV14,0.8774518203881092
DICKEH,DOTSOV10,0.8774516599268616
DICKEH,DOTSOV15,0.8774516592769322
DICKEH,LUDLIH,0.8771162892470921
DOJXOQ,MEQKOL,0.8581443555954696
DOJXOQ,ATIJUI,0.8574022191890517
DOJXOQ,UTONAT,0.8400715844762621
DOTSOV10,DOTSOV14,0.9999999895474938
DOTSOV10,LUDLIH,0.9999563072357298
DOTSOV10,TISPAO,0.9995322093826208
DOTSOV10,LASYOU,0.9461135157326588
DOTSOV10,DALSOA,0.9330059684732568
DOTSOV10,BABREE,0.9324941603175244
DOTSOV10,EXOYAS,0.9199357598569085
DOTSOV10,IWEVAJ,0.9187164858639204
DOTSOV10,EXOGAB,0.9079796243374832
DOTSOV10,HUCBOX,0.8971019716015258
DOTSOV10,GIKMOD01,0.8939540472592225
DOTSOV10,VIXPUP01,0.8872463282165767
DOTSOV10,IPUPOA,0.8856127428798565
DOTSOV10,EXAXAE,0.8828237018323711
DOTSOV10,HABQUY,0.866574611378481
DOTSOV10,XICKOL,0.860887365408191
DOTSOV10,TOVWAE,0.8605547622187066
DOTSOV10,FAMQAO,0.8534618695465376
DOTSOV10,EPISOM,0.8529161384823916
DOTSOV10,UWALEL,0.8461410934063762
DOTSOV10,HUJGEA,0.8392616613672217
XEMPAJ,ECUVEF,0.9031497759219188
IQOKIK,LUSHOX04,0.9055488974784665
IQOKIK,VUQJUN01,0.8649107350828851
IQOKIK,JIYPAL,0.8425531123232167
IQOKIK,IVELUS,0.8407172039170112
XEQLEM01,XEQLEM,0.999987860664144
XEQLEM01,KIFKAM,0.8847717323357167
XEQLEM01,JEGJUD,0.8434277852198387
XEQLEM01,JETZAK,0.8422081749527512
LAVTAF,NIGFOZ,0.9878074815258028
LAVTAF,JUXSIG,0.94717141561832
LAVTAF,VITZAB,0.9456595624811146
LAVTAF,YENZEZ,0.9002108308047994
LAVTAF,XOBGON,0.8757306828252557
LAVTAF,QACTUJ,0.8651220974659739
LAVTAF,IZEBAR,0.8588851948157293
LAVTAF,NEBYOK,0.8526114119462778
LAVTAF,DAKZUN,0.840165365287862
LAVTAF,IFUNUU,0.8385823733614337
HOJNOL,GATHAL,0.9999992335503166
HOJNOL,HOJNIF,0.9999987647007488
HOJNOL,HAZGOF04,0.999998086593967
HOJNOL,HAZGOF11,0.9999974253345154
HOJNOL,HAZGOF06,0.999997022606757
HOJNOL,HAZGOF07,0.9999939661858132
HOJNOL,CAVMUJ02,0.999049448635248
ADASEF,EXOGAB,0.879681223274546
ADASEF,HOYQIX,0.8599585858828814
ADASEF,IPUPOA,0.8586654542804442
ADASEF,ANUGIA,0.8507495033970826
ADASEF,NAPSUV,0.8469554246026073
FITSAD,ASUKEE01,0.9999656305227402
FITSAD,LIRVAK,0.9996464356722272
FITSAD,CUPHUS,0.9984886347525734
FITSAD,LABJUV,0.8891026487755855
FITSAD,RANLAV,0.8550849245411716
FITSAD,MUGQAI,0.8453213663627404
FITSAD,XICKOL,0.8448044318860095
ALANAD,UNAGOH,0.851738102281413
YEYRAY,CEHKUW,0.9998571116190482
YEYRAY,AJIJEI01,0.9198710835431786
YEYRAY,NAPZOV,0.9187607362424351
YEYRAY,MICJOA,0.9080141769350292
YEYRAY,VIDVUB,0.9073818939884464
YEYRAY,IJEYEC,0.8927062975886446
YEYRAY,JUVROJ,0.8779420929867157
YEYRAY,KETHEY,0.8589559757390429
YEYRAY,DAKVIW,0.8533266875049563
YEYRAY,TEMDIB,0.8396756139156277
IDIWOH,WIDQAC,0.999999983857892
IDIWOH,IXOFUX,0.9999994972747792
IDIWOH,IXOFAD,0.999997690794695
IDIWOH,JUMDEC,0.9999942641642778
TUDJUY,TUDJEI,0.9999999420851
TUDJUY,SEFTOO,0.9999990906619244
TUDJUY,NIFRAY,0.999975136201973
DIQGUH,KAYBAP,0.8455360215858204
DIQGUH,NOHSUA,0.9071210988256388
DIQGUH,HAFVOB,0.9066692155329644
DIQGUH,UQEFAZ,0.8937230337858817
DIQGUH,QUXRIM,0.8935967872173085
DIQGUH,CAVLIW,0.8858944756464151
DIQGUH,TECVEE,0.8741083936925425
DIQGUH,TECVOO,0.8741002273380873
DIQGUH,TECTUS,0.8737025144721351
JIYPAL,VUQJUN01,0.9040406212941594
JIYPAL,VUQKAU01,0.9013582464533983
JIYPAL,LUSHOX04,0.8851097512447161
IZIDOM,NUDPAE09,0.9999608696695766
IZIDOM,NUDNUW06,0.999927783939312
IZIDOM,NUDPAE12,0.9988156400279148
IZIDOM,NIKYUC,0.9979843102710996
IZIDOM,CAJHUS01,0.9975185982211716
IZIDOM,NIHBAI01,0.9974511325088896
IZIDOM,IZAKAX,0.9965862209348804
IZIDOM,CAJHUS,0.9963525683415432
BEPPIX,BEPNIV,0.9140391088595142
BEPPIX,BEPMIU,0.9140384619283666
BEPPIX,MAWTUC,0.9140279370769112
BEPPIX,MAWVAK,0.9140147280321448
TIRFOQ,VIFPUY01,0.8796890842470373
TIRFOQ,FEYDET,0.847323922961314
TIRFOQ,CUFFIT,0.8468838515039002
TIRFOQ,CUFFUF,0.8468069177421428
TIRFOQ,CUFFOZ,0.8467857614607068
TIRFOQ,CUFFEP,0.8467788775671723
TIRFOQ,FAHQEM,0.8442223799824721
TIRFOQ,FAHQIQ,0.8432073132146736
TIRFOQ,FOSTIS,0.8429681849394237
TIRFOQ,FOSTOY,0.8429479999455529
TIRFOQ,CIFSAO,0.8429448262872921
TIRFOQ,CIFSIW,0.8428516991558215
TIRFOQ,NEDLOZ,0.8425590098717685
TIRFOQ,FIFGEI,0.8417575987223413
TIRFOQ,IFIPEV,0.8413521881117221
TIRFOQ,GALJAG,0.8390760435700549
HORHOM,UFEVIL,0.9046308517602832
HORHOM,FOXQIT,0.904271119387919
HORHOM,UFEVEH,0.9041042058696968
HORHOM,AHAJUP,0.8544988610833275
YAGHUM,VUJBIM,0.9859938984685754
YAGHUM,HABQUY,0.9484195765356294
YAGHUM,BIHROC,0.9130814835215912
YAGHUM,TISPAO,0.9082246345060652
YAGHUM,LUDLIH,0.9078445374065376
YAGHUM,DOTSOV14,0.9075465375121848
YAGHUM,FISGOF,0.9072891735663652
YAGHUM,LASYOU,0.8650901055380861
YAGHUM,DALSOA,0.852981994227011
YAGHUM,BABREE,0.851129935518093
YAGHUM,EXOYAS,0.8415046168340171
YAGHUM,IWEVAJ,0.841001632084261
XUDVAV,NIGPAW,0.9472801814845516
XUDVAV,DIBQIQ,0.9402588804432332
XUDVAV,HELDOT,0.9328738010632652
XUDVAV,BAKJOO,0.8894744543012922
XUDVAV,FEXCAO01,0.8788338289101176
XUDVAV,CIPLIX,0.8759251222630041
XUDVAV,NOMPIQ01,0.8711307672577366
XUDVAV,FEXCES,0.8689853674822742
XUDVAV,DIDBEZ,0.8602342837879955
XUDVAV,CAQJOW,0.8569685639884151
XUDVAV,NIDFOX,0.8527961561140537
XUDVAV,XALMOO,0.8498596360056381
XUDVAV,WEMKEG,0.842365898586108
XUDVAV,QUSVOQ,0.8421956537942877
XUDVAV,FAHQOX,0.8421671747853402
XUDVAV,XALMII,0.8403399649406493
UFAMEW,YOZYUJ,0.993207894433084
UFAMEW,UNAGOH,0.9418589627458124
UFAMEW,NUFBOH,0.8942304294184972
UFAMEW,EZINAE,0.8846537531719262
UFAMEW,NUCPIM,0.879351893723267
UFAMEW,ADUVAZ,0.8768267151225868
UFAMEW,MUWRUT,0.8643586651400984
UFAMEW,DUNXUH,0.8521919478257809
UFAMEW,DUNXUH15,0.8521750102694121
UFAMEW,REFVEF,0.8462810483958652
UFAMEW,NAHGUB,0.845801458553826
UFAMEW,KEGTEY,0.8451553634912048
UFAMEW,BUKMUQ01,0.8391651367122779
KIFKAM,XEQLEM,0.8847350563627107
KIFKAM,UMARIL,0.869268645921544
KIFKAM,RASKIH,0.8600499503377774
QONLAI,QONLEM,0.999970265940344
QONLAI,CISLUN,0.9999648018740698
QONLAI,QONKOV,0.9999333592437616
QONLAI,PIZHOX,0.9998379415395714
QONLAI,IBUDOZ,0.9996597525376192
QONLAI,DEGJIK,0.9995241789429372
QONLAI,JAXNUU,0.9995066885906312
QONLAI,PEBNER,0.9994495474849824
QONLAI,BUZKUE,0.9989916936970046
QONLAI,JAVNIE,0.9989894124704992
QONLAI,VUQJEX01,0.9977004108966306
QONLAI,VUQJEX,0.9976545782752976
QONLAI,PENLEB,0.8714398864115829
QONLAI,CEXJUN01,0.8634509729218078
QONLAI,RAJPIE,0.8547646391411354
QONLAI,RANLAV,0.8515507079599324
QONLAI,MUGQAI,0.8420943521460891
NIWZIE01,NIWZIE08,0.9999959030713916
NIWZIE01,NAXVOY04,0.9999883965442232
NIWZIE01,NIWZIE09,0.9999869584814548
NIWZIE01,XEHSOT,0.9999589638243268
NIWZIE01,NIWZIE17,0.9999467386372504
NIWZIE01,NIWZIE18,0.9999413154545144
NIWZIE01,SIRBIG06,0.9981580325012128
NIWZIE01,LICSEW03,0.9971345667715732
NIWZIE01,MGFORD02,0.9966417697978488
NIWZIE01,AMURUX06,0.9960312754093592
NIWZIE01,AMURUX10,0.995469987681106
VUJBIM,HABQUY,0.95836330808007
VUJBIM,BIHROC,0.9216797827501484
VUJBIM,DOTSOV14,0.8946196256426631
VUJBIM,FAGQAI,0.8914592006613605
VUJBIM,LASYOU,0.8550142463273004
VUJBIM,DALSOA,0.8416471876661248
SIWPUL04,LIJWOR05,0.9999948436502644
SIWPUL04,LIJWOR06,0.9999806675738075
SIWPUL04,LIJWOR02,0.9999792679677452
SIWPUL04,DADTOS17,0.9999741437226686
SIWPUL04,DADTOS04,0.9998015095736548
SIWPUL04,DADTOS12,0.99979221072001
SIWPUL04,YANWOC01,0.999787506442401
SIWPUL04,IJOMOJ03,0.9997272885568168
BEJKEJ,CAXZUY,0.9997945602249018
BEJKEJ,TEVVIC,0.9978564445319146
BEJKEJ,TEVVEY,0.9978468872087218
BEJKEJ,KEVBUK,0.9237972930995376
BEJKEJ,ROGLOP,0.9230026402916744
BEJKEJ,UFATEA,0.9194107518387672
BEJKEJ,LIDSEY,0.9090448702973394
BEJKEJ,LIDSAU,0.9088640305668524
BEJKEJ,JAMSEY,0.9082825660390392
BEJKEJ,XADWIK,0.8811609837787457
BEJKEJ,XADWIK01,0.8806452450339508
BEJKEJ,FIFPAM01,0.8610243419935988
RAKBIO01,GAGWOB,0.9975611366045344
RAKBIO01,COXFOL,0.8539033736312094
RAKBIO01,FILYEG,0.8527852541356957
RAKBIO01,OJOBAS,0.8438120563823923
RAKBIO01,VEDFOB,0.8435773899786159
RAKBIO01,VEDFAN,0.843510261773314
RAKBIO01,TATSIS,0.8414354466143678
RAKBIO01,YIGGEB,0.8384611077886878
MOHSAF,LARBOW01,0.9909841894784196
JETZAK,XUFYAA,0.9406325362065464
JETZAK,XUFYEE,0.9389108680090454
JETZAK,MUDLON,0.9225769967893104
JETZAK,UMARIL,0.8814819699809151
ROCZEQ,KETHEY,0.8745425032555407
ROCZEQ,LULGIJ,0.8599663076181016
ROCZEQ,NOZZUZ,0.8426215325351119
ROCZEQ,RUXWEM03,0.8411063311087935
ROCZEQ,HIBSUG06,0.8408325994496593
ROCZEQ,NOZZOT,0.8392574250665512
IFABIA02,ORIBAU,0.9985245980461478
IFABIA02,AWEYAE,0.9057816255778304
IFABIA02,PICCUC,0.8970582933251174
IFABIA02,CESQUP,0.8966404337690245
IFABIA02,UNAGOH,0.8734785073118758
IFABIA02,AXOCEW,0.8687293666889978
IFABIA02,XEGWAK,0.8665205950541808
IFABIA02,ZAQXEX,0.8609122561886766
IFABIA02,GAWMOJ,0.8533093811667799
IFABIA02,WOJZOK01,0.8507269381623719
IFABIA02,NISCOJ,0.8462999934285119
IFABIA02,IGINIX,0.8460291293324483
IFABIA02,LEBQUH,0.8430123869835803
NAHGUB,FECWOB,0.9073956530585284
NAHGUB,MOFTIL02,0.9073389829807864
NAHGUB,MOFTIL01,0.9072780771879916
NAHGUB,BOVHEB,0.8933375719760228
VITZAB,JUXSEC,0.9989221032408904
VITZAB,JUXSIG,0.998914686835332
VITZAB,NIGFOZ,0.9421284124352084
VITZAB,DAKZUN,0.8640578192463906
VITZAB,AYOZOF,0.8496173373785925
LAVTUZ,SADLIU,0.999999576614337
LAVTUZ,MAPGOC,0.8730344945634343
LAVTUZ,KIKMAV,0.8707053128208486
LAVTUZ,HELNAQ,0.8692568234233005
LAVTUZ,AMIXUQ,0.8645466962339138
LAVTUZ,VUDQOB,0.8625014079930802
LAVTUZ,MAPHAP,0.8462893819041879
LAVTUZ,ATEZEG,0.8396693638921573
LAVTUZ,BICPUA,0.8389999681626782
IDUTEJ,IDUTAF,0.9999990447539032
IDUTEJ,UNABUH,0.9999966115709764
IDUTEJ,UNACES,0.999991208337524
IDUTEJ,SOZHOG,0.9998115089854802
IDUTEJ,HOYKUD,0.889146949490514
IDUTEJ,FAMQAO,0.8797569421086767
IDUTEJ,UGEPEB01,0.8666341702273465
IDUTEJ,BAHGUN03,0.866524944676496
IDUTEJ,QERZUI,0.8665188842899543
IDUTEJ,HAWZEM,0.8664758104975621
IDUTEJ,UFUMUD,0.8664745370216111
IDUTEJ,UFUNAK,0.8659646245192711
IDUTEJ,POFDIZ,0.8658890512178912
IDUTEJ,AHEMEG,0.8645184043868552
IDUTEJ,VIXPUP01,0.8554971873542075
UGEPEB01,UFUMUD,0.9999410233197398
UGEPEB01,UGEPEB,0.9999389681502318
UGEPEB01,BAHGUN02,0.9999272605771404
UGEPEB01,QERZUI,0.9998632686236042
UGEPEB01,AHEMEG,0.9979873414747148
UGEPEB01,XICKOL,0.8768075501548729
UGEPEB01,UNABUH,0.8666437561711333
UGEPEB01,UNACES,0.8666362276980494
UGEPEB01,IDUTIN,0.8666338458903202
UGEPEB01,SOZHOG,0.8665077219331628
UGEPEB01,NAPSUV,0.8650498222274099
UGEPEB01,ENITAX,0.8417326007251782
GEDKUX,PUFTUH,0.8047679019984422
JEXWUF,RAVVOA01,0.9999381660048507
JEXWUF,RAVVIU01,0.9998870709266964
JEXWUF,EDAGAT,0.9998831372212708
JEXWUF,EDAGEX,0.9997768912170352
JEXWUF,DADTUY,0.997732881419532
JEXWUF,DADTUY11,0.9973099335786187
JEXWUF,IGOPEB,0.9964830636469796
JEXWUF,SOJKOT07,0.9959723490189374
DADTOS05,DADTOS12,0.999999962920017
DADTOS05,YANWOC01,0.999999873995326
DADTOS05,DADTOS14,0.99999186279008
DADTOS05,DADTOS07,0.9999838234482228
DADTOS05,VIRJEM,0.999951523543582
DADTOS05,PADJOU01,0.9999379106427612
DADTOS05,MNFORD03,0.9998766086133548
DADTOS05,SIWPUL,0.9997929875300352
DADTOS05,ATIBOU02,0.9986921302330504
LIJWOR05,MNFORD03,0.9999987721444272
LIJWOR05,LIJWOR06,0.9999949679216976
LIJWOR05,SIWPUL,0.999994029577966
LIJWOR05,LIJWOR,0.9999922820167833
LIJWOR05,DADTOS17,0.9999915099955756
LIJWOR05,LIJWOR01,0.99989127300097
LIJWOR05,DADTOS04,0.999858133408888
LIJWOR05,DADTOS12,0.9998502571114832
LIJWOR05,IJOMOJ03,0.9997949429036532
LIJWOR05,DADTOS07,0.99974194390552
LIJWOR05,ATIBOU02,0.99767813053832
RUBDUO,POXDIQ,0.8469453604349457
BOHWUS,GAYXEM,0.8397363572967345
ULOGIL,BERQAS,0.8151516603261222
ULOGIL,EKUNON02,0.9998507251119656
ULOGIL,YIHZIA02,0.8912299553834935
ULOGIL,UYOGOF,0.8630435807117256
ULOGIL,MALWUU,0.8626704739878011
ULOGIL,YICRAF,0.8584151734701755
ULOGIL,REXYAX,0.8466223697733405
WOBHOL,COKNAT,0.9999999353042348
WOBHOL,WOBHEB,0.999746129058873
WOBHOL,QEJBIT,0.8751530434143836
WOBHOL,FABFOF,0.8726292832033273
WOBHOL,AZIMIH,0.8712380381596772
WOBHOL,CIZQOT,0.8692087511839591
WOBHOL,NATFAS,0.8687299508287428
DITYEM02,BUHFER,0.9955165496171564
DITYEM02,GAXROO,0.9952837580987306
DITYEM02,TALKAT,0.9951009513753004
JAVNIE,FUQJUX,0.9996384053203234
JAVNIE,VUQJEX01,0.9995061395544168
JAVNIE,VUQJEX,0.9994885153745172
JAVNIE,QONLIQ,0.9988179736427928
JAVNIE,CISLUN,0.9986900517102368
JAVNIE,QONKOV,0.9985104680114734
JAVNIE,DEGJIK,0.9972285167373124
JAVNIE,PENLEB,0.8745714403263347
JAVNIE,QITZUP,0.8745329042406291
JAVNIE,CEXJUN03,0.8632961472910753
JAVNIE,REFBAH01,0.8579290185336557
JAVNIE,MUGQAI,0.8401003083037386
DADTUY,DADTUY07,0.9999973584031908
DADTUY,DADTUY11,0.9999818333015869
DADTUY,IGOPEB,0.9997667811207566
DADTUY,SOJKOT07,0.9997472641523883
DADTUY,MAJMOA03,0.9995764387695358
DADTUY,EDAGEX,0.9989291064813368
DADTUY,EDAGAT,0.9986438992037254
DADTUY,RAVVIU01,0.9986300422097956
DADTUY,RAVVOA01,0.9984185639325286
DADTUY,DEFNIO,0.9983802131910352
ORIBAU,AWEYAE,0.9081125264411914
ORIBAU,WUHNUK,0.9046419833538548
ORIBAU,MEWPIQ,0.877923903064451
ORIBAU,ZARLEL,0.8775894294513613
ORIBAU,PEGCIP,0.8692187689039992
ORIBAU,AXOCEW,0.8659286623041247
ORIBAU,HUVGEM,0.8610563963924358
ORIBAU,ZAQXEX,0.8605471991896856
ORIBAU,SAVMAE,0.8593750111004392
ORIBAU,GAWMOJ,0.8528801260139226
ORIBAU,TACJEO,0.8486019459428851
ORIBAU,IGINIX,0.8461114979679716
ORIBAU,LEBQUH,0.8459895647085371
ORIBAU,WOJZOK01,0.8457258745571754
ORIBAU,NISCOJ,0.8447568280416763
ORIBAU,HOKLIE,0.838964564646679
YOCGAZ,ODODIW,0.999998352162836
TATSIS,EXUXEC,0.9995846926751906
TATSIS,VEDFOB,0.9991049553525764
TATSIS,OJOBAS,0.9986642937102704
TATSIS,BAKJOO,0.8775552901634139
TATSIS,TIDNIF,0.876566385224597
TATSIS,GAGWOB,0.8439834604107364
TATSIS,WEMKEG,0.8439146313013143
TATSIS,NERVIP01,0.8437715822469529
TATSIS,YIRSUQ,0.8435999289237803
TATSIS,CEJFOO,0.843215477950185
TATSIS,CANROA,0.842412955383832
TATSIS,KOHLIE,0.8417964153134385
SIWPUL,LIJWOR06,0.9999791677616288
SIWPUL,LIJWOR,0.9999784043443756
SIWPUL,LIJWOR02,0.9999777868643454
SIWPUL,DADTOS17,0.999972412073223
SIWPUL,PADJOU01,0.9999571748165196
SIWPUL,VIRJEM,0.9999448199078824
SIWPUL,LIJWOR01,0.9998715521406448
SIWPUL,DADTOS12,0.9997874113089597
SIWPUL,YANWOC01,0.9997826521310036
SIWPUL,IJOMOJ03,0.9997217605186848
SIWPUL,DADTOS07,0.9996611354869668
VAPBIZ,VAPBEV,0.999994497286488
RUTNOK01,RUTNOK,0.8888740183764637
OCUQIO02,OCUQIO,0.999999798326144
OCUQIO02,MACUFR04,0.999936994371174
OCUQIO02,AYONOT,0.9998868775229304
OCUQIO02,MACUFR06,0.9998311280800528
OCUQIO02,ROLCEC11,0.9978109118512316
OCUQIO02,ROLCEC09,0.9978062010872376
SADMIV,SETQUF,0.9999996921093742
SADMIV,EFEGOM,0.9999992762082298
SADMIV,POJTUE,0.999996835254189
SADMIV,SADMUH,0.9999967921835754
SADMIV,SETQIT,0.9999677347665202
SADMIV,SETQAL,0.9999541668112826
SADMIV,SETQEP,0.9999462964651482
SADMIV,SADMOB,0.9999455035252428
SADMIV,POJTOY,0.9999164738827078
SADMIV,YAXCAC,0.995864000769254
SADMIV,XUDSIY,0.9919046247780662
SADMIV,NEHZAE,0.9837584824452368
SADMIV,KUXSIH,0.9743107136617164
SADMIV,UFIKOM,0.8692530802559236
SADMIV,TOVKEW,0.8523595679446032
SADMIV,TOVJEV,0.8455593792613899
VONBUX,VONCUY,0.999973088357914
VONBUX,VONBUX01,0.999547323800456
VONBUX,VONCOS,0.9977305536388564
VONBUX,YEJXUI,0.9035686896474844
VONBUX,NUXMEY01,0.8946645598175117
VONBUX,ODOJUN,0.8930542631533633
XUJPEY,XUJPIC,0.999959729315118
XUJPEY,XUJQAV,0.9998561605373684
XUJPEY,EZOFEF,0.9938281120552585
XUJPEY,QEZZED,0.8965292162364354
XUJPEY,SOQRUM,0.8740999229063975
XUJPEY,LIDSAU,0.8611552093498618
XUJPEY,LIDSEY,0.8610935974993732
XUJPEY,XOMCIN,0.8607396793011222
TONBUU,VEMSUC,0.9999949346345594
YIRSUQ,CAQKAJ01,0.8589769012785443
YIRSUQ,BAKJOO,0.8517123012068747
YIRSUQ,TIDNIF,0.8509893890265046
YIRSUQ,QIQTOB,0.847154297771691
YIRSUQ,XUZRIU,0.8468416807951955
YIRSUQ,XEVSIB,0.8460475493297432
YIRSUQ,YIGGEB,0.8436348548161765
YIRSUQ,VEDFOB,0.8419533250800835
YIRSUQ,OJOBAS,0.8413541737155862
VABJUE,VABKEP,0.999636933873936
VABJUE,VABJIS,0.9986745942580284
VABJUE,XISXIG,0.8634480632917688
VABJUE,XISXEC,0.8633662783332136
PUNYED,XAVQIU01,0.9997920959404988
PUNYED,HUZJIW,0.9196208668243452
PUNYED,UFUKUB01,0.9185169933470374
PUNYED,UFUKUB02,0.91667136384201
PUNYED,FUDHAP,0.9014473902197442
PUNYED,BEXVAD01,0.8984967107751431
PUNYED,DAFHEZ,0.8943134439830012
PUNYED,COXFOL,0.8933126770399381
PUNYED,ABIWOX,0.8850358837662268
PUNYED,EDAJUP,0.8744788721359126
PUNYED,TIDNIF,0.8565489655189549
PUNYED,BAKJOO,0.8563578266420014
PUNYED,QUSVOQ,0.8558621093411573
PUNYED,BAKJEE,0.8552587108754124
PUNYED,NIGPAW,0.8385659002129511
ABAYOS,YOSLOH,0.9995060880468514
FODGUB02,FODGUB,0.9997654174700596
FODGUB02,HOQKII,0.9981070254775104
SUTBUF,SEVROC,0.8449046784751744
SUTBUF,NOCLOH01,0.8444307790562251
SUTBUF,NOCLOH03,0.8436147562856762
NOCLOH03,NOCLOH01,0.9999308233152276
NOCLOH03,NOCLUN,0.9953061019237522
NOCLOH03,QISFUV,0.9064414821866296
NOCLOH03,ELOQON,0.8519697922216993
HUJGEA,HIDTUM,0.8406802226692571
HUJGEA,DOTSOV14,0.839262055888275
HUJGEA,RILFEA,0.8389255761703165
MIYHAE,YEYVII,0.9999440659587884
MIYHAE,JORQOY,0.9970207902126442
IXOFAD,IXODUV,0.9999977917532664
IXOFAD,IDIWOH04,0.9999973144019718
IXOFAD,WIDQAC,0.9999972885796548
IXOFAD,XAVDEF,0.9999970723725696
IXOFAD,JUMDEC,0.9999937346503908
IXOFAD,ALOVEC,0.9960114291097948
IXOFAD,PARFOF,0.8850322541895851
XALMOO,NIDFOX,0.9954301428503388
XALMOO,BAKJEE,0.8859839567454777
XALMOO,TIDNIF,0.8847775227059478
XALMOO,DIBQIQ,0.8709752646232621
XALMOO,NIGPEA,0.8690935118343466
XALMOO,HELDOT,0.8674270419646419
XALMOO,NIGPAW,0.8653047175467756
XALMOO,AHETAK,0.8601675577130822
XALMOO,YODRAM,0.8601583682334757
XALMOO,VEDFOB,0.8600561323112746
XALMOO,CIJBEE,0.859943863116617
XALMOO,OJOBAS,0.8598108332953504
XALMOO,YIGGEB,0.8588431680746025
QAWREM,POHLOP,0.8562053004918138
KEGTEY,OBAHOR,0.819888057887003
KEGTEY,YOZYUJ,0.8468381346987889
KEGTEY,DECYAO,0.838194558135092
WECSAZ,EXUTAU,0.9998139151315149
WECSAZ,SIKYER,0.9973273833753028
WECSAZ,GAPQAQ,0.907949446091829
WECSAZ,DUGDOA,0.9079176340777346
WECSAZ,LUCDAO,0.8798973939065807
WECSAZ,DIXGIC,0.8767802180352755
WECSAZ,PEHWUW,0.8610769651908933
WECSAZ,KAHWOG,0.8597279439719163
WECSAZ,ELIKOA,0.8561132795317213
WECSAZ,GEQQEB,0.8384931271886583
HAWZEM,UFUMUD02,0.9999988281479149
HAWZEM,QERZUI,0.9999963044701574
HAWZEM,BAHGUN03,0.99999513968459
HAWZEM,BAHGUN02,0.999925498980474
HAWZEM,ECODIK,0.9998635906887494
HAWZEM,UFUNAK,0.9998443946597632
HAWZEM,UGEPEB,0.9995417933969584
HAWZEM,AHEMEG,0.9989602766685636
HAWZEM,NAPSUV,0.8668459031771569
HAWZEM,SOZHOG,0.8666791029452454
HAWZEM,UNACES,0.8665514593835066
HAWZEM,UNABUH,0.866523744831097
HAWZEM,HOYKUD,0.8566113274296523
HAWZEM,QESBAR,0.8435863849516401
HAWZEM,ENITAX,0.84247375279566
REYCUV,FAHMIM,0.9789256259020708
REYCUV,SIKCIA,0.9105889112955352
REYCUV,HEZKIH,0.866571643020705
REYCUV,WEHHIC,0.8636520663765483
REYCUV,ADATAC,0.859569471549054
REYCUV,UNAGOH,0.8391897517565292
WEYQEY,GINHOD,0.9995631880019864
WEYQEY,WEYQAU16,0.9999089297134138
WEYQEY,WEYQAU10,0.999264491597265
WEYQEY,FUTCAZ,0.9989296602509228
WEYQEY,OFODET,0.9066729683635336
WEYQEY,HIYZEV01,0.8877382998823183
WEYQEY,DIJCOP,0.8737007790429197
WEYQEY,LUSHOX04,0.8731711874255116
WEYQEY,GOVWOF,0.8598233532955779
WEYQEY,UVETUL,0.8595327945652378
BELTOD,VUQKAU01,0.8843051827625024
EQUCUO07,EQUCUO11,0.9999723710334608
VODBEW,COKJIX,0.9990528976617592
VODBEW,EBEWOZ01,0.8891867300999885
VODBEW,EBEWOZ,0.8891457398275978
VODBEW,YICGUP,0.862347276276237
VODBEW,ATIKAP,0.8608436665613759
VODBEW,QETCUO,0.8544889626581689
FUTCAZ,WEYQAU10,0.996426539094832
FUTCAZ,OFODET,0.9081490026306496
FUTCAZ,SOBDOF,0.8781525110540052
FUTCAZ,GOVWOF,0.861142838926722
FUTCAZ,UVETUL,0.8610997304576871
FUTCAZ,WACLEU,0.846410141193368
UNEJEE,ESEBOV,0.9999846362524322
UNEJEE,ERARUM,0.8929689837520632
UNEJEE,WIZMAV05,0.8929141175409399
UNEJEE,WIZMAV,0.8928982726577431
UNEJEE,WIZMAV10,0.8928943033201665
UNEJEE,BUNLAZ,0.8837229818257442
UNEJEE,BUNKUS,0.8833741143420274
UNEJEE,XIJVIY,0.8736473198804803
LUGLUU,OHOROS,0.893140564739287
BOVHEB,NUCRIN,0.9872104682169082
BOVHEB,MOFTIL01,0.9859419902743836
BOVHEB,FECWOB,0.983784700078732
BOVHEB,LEYLIN,0.9295189884893428
BOVHEB,AQOROP,0.9083910504260572
BOVHEB,PEPHID,0.8930488122104121
BOVHEB,GAMFEG,0.8885608460739007
BOVHEB,SAQFUM01,0.869525789101682
BOVHEB,OHOROS,0.8694103380290893
BOVHEB,VAHWIM,0.843943073257273
BOVHEB,VAHWOS,0.8437468334217932
BOVHEB,VEMMAC,0.8430667035733921
UNABUH,IDUTAF,0.9999987309437246
UNABUH,HOYKUD,0.8891542031509927
UNABUH,FAMQAO,0.8800299003148432
UNABUH,QERZUI01,0.8666617223588851
UNABUH,BAHGUN03,0.8665669598749847
UNABUH,UGEPEB,0.8665388032655397
UNABUH,UFUMUD02,0.8665079534754339
UFATEA,ROGLOP,0.9956518076864784
UFATEA,TEVVIC,0.9130874886430036
UFATEA,LIDSEY,0.8745959695068558
UFATEA,JAMSEY,0.8730704105164115
UFATEA,XADWIK01,0.8567163604973526
UFATEA,VOWCIV,0.8431006889039889
UFATEA,LICROF,0.8429338145435586
UFATEA,PINPAG,0.8388028183907407
PINPAG,KEVBUK,0.9380216643757832
PINPAG,LIDSAU,0.9334300822575784
PINPAG,JAMSEY,0.9302669615744742
PINPAG,TEVVEY,0.8495350311513492
PINPAG,CAXZUY,0.8493729403425039
PINPAG,XADWIK,0.8470293892202571
PINPAG,ROGLOP,0.8437409629093748
EBIBOJ,QESNEK,0.999956777179608
EBIBOJ,COMFIU,0.9981825685787108
REXYAX,YILKAH,0.8841836152067435
REXYAX,FOKWOT,0.8559563651558817
REXYAX,EKUNON02,0.8484456542389693
BAHGUN02,UFUMUD,0.999956403239999
BAHGUN02,QERZUI,0.9999494572384184
BAHGUN02,QERZUI01,0.9999446882047824
BAHGUN02,UFUMUD02,0.999933806257334
BAHGUN02,UGEPEB,0.9997675744151716
BAHGUN02,POFDIZ,0.9997534413606788
BAHGUN02,UFUNAK,0.9996737165132952
BAHGUN02,AHEMEG,0.9986352382003556
BAHGUN02,XICKOL,0.8775418329059769
BAHGUN02,IDUTIN,0.8665114662529378
BAHGUN02,NAPSUV,0.866271827485068
BAHGUN02,HOYKUD,0.8566168936304186
BAHGUN02,ENITAX,0.8422257264850954
SACCAD,ZAQXEX,0.999773512325624
SIRBIG01,DOHDOU,0.9999784357428456
PICCUC,CESQUP,0.9998752997319992
PICCUC,EKEKEL,0.9101465363927742
USICAB02,NISCOJ,0.8872624735565918
YEKXOD,YEKYAQ,0.9992280819478196
YEKXOD,YEKXUJ,0.9971025213770146
YEKXOD,HOYKUD,0.8444625084159437
NUCPIM,EZINAE,0.8520582699524926
KENTEF05,KENVIL,0.999999987698998
KENTEF05,KENTEF04,0.9999999848783044
KENTEF05,KENVIL02,0.999999653290286
KENTEF05,KENSEE01,0.911764103244141
YILKAH,PIQQEN,0.9629018775254774
YILKAH,MICCIM,0.941235934163318
YILKAH,FOKWOT,0.9410822053889448
YILKAH,TULLIX,0.94107397187593
YILKAH,RUXWEM03,0.8640660330008519
YILKAH,MINBEQ,0.8429455783937588
VIXPUP01,FAMQAO,0.8876887332868552
VIXPUP01,DOTSOV14,0.8872463974531869
VIXPUP01,DOTSOV15,0.8872463280170927
VIXPUP01,RILFEA,0.8870961896363598
VIXPUP01,TISPAO,0.8864669527655904
VIXPUP01,SOZHOG,0.8569735239456275
VIXPUP01,IDUTIN,0.8555478542264956
VIXPUP01,LASYOU,0.8447854111542227
UFUMUD,QERZUI01,0.9998923449174534
UFUMUD,UGEPEB,0.9998798993614052
UFUMUD,ECODIK,0.9998392758759618
UFUMUD,BAHGUN03,0.9998263773972964
UFUMUD,QERZUI,0.99982027010975
UFUMUD,UFUMUD02,0.9997841321552058
UFUMUD,POFDIZ,0.999603011409918
UFUMUD,UFUNAK,0.9994099107729886
UFUMUD,XICKOL,0.8770626893660705
UFUMUD,IDUTAF,0.866499833216202
UFUMUD,UNACES,0.8664984693363686
UFUMUD,SOZHOG,0.8664616078905484
UFUMUD,NAPSUV,0.8655394815751121
UFUMUD,ENITAX,0.8418717339861406
UMARIL,XUFYAA,0.8727770258317294
UMARIL,XUFYEE,0.8718658106420668
WOHYOH01,GURXIB,0.883333507591548
WOHYOH01,SOBDOF,0.8396484782552702
CAJHUS,NIKYOW01,0.9999151628447976
CAJHUS,NIHBAI01,0.9999012349586166
CAJHUS,NIKYUC,0.9997585027792802
CAJHUS,NUDPAE12,0.9992589835500416
CAJHUS,NUDPAE02,0.9979223611571416
CAJHUS,NUDNUW06,0.995263728768819
CIZQOT,NATFAS,0.999936379402191
CIZQOT,FABFOF,0.995668264418542
CIZQOT,WOBHIF03,0.8691842093622131
CIZQOT,SAVMAE,0.8636595672829193
SAHYAD03,SAHYAD02,0.9999999452571496
SAHYAD03,OKIVIO02,0.999999919826551
SAHYAD03,WUNSII,0.9999992236781344
SAHYAD03,OKIVIO01,0.9999990386426136
SAHYAD03,OKIYIR01,0.99999631528457
SAHYAD03,OKIYIR,0.9999961774458584
SAHYAD03,OKIVAG,0.9999961721125352
SAHYAD03,ITIWIS,0.9999935586697788
SAHYAD03,WUNSEE01,0.9999315787771512
OKIYIR,OKIWEL,0.9999999971030548
OKIYIR,OKIYAJ01,0.9999999272920596
OKIYIR,WUNVEH,0.9999998484996532
OKIYIR,OKIVIO01,0.999998912011565
OKIYIR,WUNVAD,0.999998542745647
OKIYIR,OKIVIO02,0.9999969502041656
OKIYIR,YINNUH,0.9999806307924912
LUFNAC,LUFNAC01,0.999907590113984
LUFNAC,UQOGAK,0.8490570768957922
PUGHAC,PUGFII,0.9998814164624302
PUGHAC,LUSHOX04,0.8960826579444564
LUDLIH,RILFEA,0.99999754447581
LUDLIH,DOTSOV14,0.999956547434524
LUDLIH,BABREE,0.9321567954876312
LUDLIH,IWEVAJ,0.9187970653024956
LUDLIH,GIKMOD01,0.8931597246477383
LUDLIH,HOYQIX,0.887161407248837
LUDLIH,USEVOF,0.8850247807011137
LUDLIH,EMUBOF,0.8848956516723523
LUDLIH,ANUGIA,0.8774718263118054
LUDLIH,NEMCOA,0.8746271408711195
LUDLIH,HIDTUM,0.873348144556208
LUDLIH,HABQUY,0.8665691110319963
LUDLIH,XICKOL,0.8606317463542024
LUDLIH,FAMQAO,0.8535418264333468
LUDLIH,NAPSUV,0.853507184617323
LUDLIH,EPISOM,0.8526685850067774
LUDLIH,UWALEL,0.8449962096822629
YUMFUJ,APAZIC,0.999638969765132
YUMFUJ,APAYUN,0.9994482427493928
YUMFUJ,LUWMEX,0.9978284356958462
YUMFUJ,FECXAO,0.9460399730358796
YUMFUJ,JIYPEP,0.8492070893895644
YUMFUJ,RUWWOW,0.8483704274664553
YUMFUJ,RUWWOW01,0.8483326485862906
YUMFUJ,RUWWUC,0.8475347469032144
TEPJOP,RUWXEN,0.9397415078947404
TEPJOP,RUWWOW01,0.9397272439128396
TEPJOP,LESWAI,0.8411040323989968
MOFTIL02,FECWOB,0.9998680404187626
MOFTIL02,NUCRIN,0.9997885358358792
MOFTIL02,GAMFEG,0.8963191792306997
MOFTIL02,SAQFUM01,0.8767697277729247
MOFTIL02,OHOROS,0.8767525730600207
MOFTIL02,VAHWOS02,0.8506190800109549
VONCOS,VONBUX01,0.9984014869128038
VONCOS,VONCUY,0.9972220777231092
VONCOS,VONDAF,0.9953999363103456
VONCOS,ODOJUN,0.8869778987914819
YOZYUJ,UNAGOH,0.9471271931288996
YOZYUJ,APACAX,0.8930401541201567
YOZYUJ,NUFBOH,0.8894908850192507
YOZYUJ,EZINAE,0.886329670293678
YOZYUJ,ADUVAZ,0.8708817174071819
YOZYUJ,MUWRUT,0.8687113250044634
YOZYUJ,DUNXUH15,0.8547505400040338
YOZYUJ,DUNXUH,0.8547344506686685
NUDPAE09,NUDPAE02,0.9999252772734358
NUDPAE09,NUDNUW06,0.9997847388427824
NUDPAE09,CAJHUS01,0.998097403308198
NUDPAE09,NIHBAI01,0.9980382968513636
NUDPAE09,NIKYOW01,0.997973468974038
NUDPAE09,IZAKAX,0.9972714557580338
WIXJIW01,WOJZOK01,0.8979785308021502
NOMPIQ01,FEXCES,0.954811505008336
NOMPIQ01,NIGPEA,0.913330229955968
NOMPIQ01,NIGPAW,0.9128798173314
NOMPIQ01,LUWZUZ01,0.8868681310352761
NOMPIQ01,LUWZUZ02,0.8867875417795965
NOMPIQ01,ESEQUO,0.8541886417891708
NOMPIQ01,ABIWOX,0.8533774901211063
NOMPIQ01,NIDFOX,0.8454189749943405
NOMPIQ01,XALMII,0.8436718343017284
NOMPIQ01,EDAJUP01,0.8403818903722047
BIHROC,FAGQAI,0.9777654663346362
BIHROC,HABQUY,0.9630566361061308
BIHROC,SEMNIJ,0.9054885361143944
ALUJOH,ZEDVOV,0.991292729121562
ALUJOH,AFOVOH,0.9396950458222042
ALUJOH,UKAPUS,0.8946516590815462
ALUJOH,FOCZEE,0.8843784401205861
ALUJOH,FOCYUT,0.8839264995986964
ALUJOH,FOKYIP,0.8798757475986715
ALUJOH,ELIKEQ,0.8532691021127988
RAVVIU,RAVVOA01,0.9999972052027782
RAVVIU,DADTUY11,0.9982038714159084
RAVVIU,IGOPEB,0.997507683984732
HIHNUJ,OWIHIN,0.9999998731572828
HIHNUJ,OWIJIP,0.99999980581951
HIHNUJ,MUQYEE,0.9996409773722024
HIHNUJ,MURBEI,0.998873543591804
HIHNUJ,XOMHIS,0.9794601234934852
HIHNUJ,CUFFEP,0.9469571184440264
HIHNUJ,YAMXOC,0.9469561681110724
HIHNUJ,CUFFOZ,0.9469551707610706
HIHNUJ,CUFFUF,0.9469491280953816
HIHNUJ,FEYDET,0.9467765168584268
HIHNUJ,XINTOG,0.8750853544431139
HIHNUJ,CIFSIW,0.8612027643286342
HIHNUJ,FOSTIS,0.8599355764642652
HIHNUJ,UNIDAY,0.8597568691922786
HIHNUJ,FOSTOY,0.859506907826663
RUXWEM03,XOGWUN,0.8851307019497526
RUXWEM03,MUXVIM,0.8846037178040943
RUXWEM03,MINBEQ,0.8749623231248863
RUXWEM03,FONKEA,0.8659553148806127
RUXWEM03,ODIXIK,0.8648244197811423
RUXWEM03,YUYGOQ,0.8647929873319016
RUXWEM03,RUGYOJ,0.8647198811859615
RUXWEM03,NOZZUZ,0.863684235594344
RUXWEM03,LARBOW,0.8454788544839438
RUXWEM03,LARBOW01,0.8454447326999013
SIKYER,EXUTAU,0.9957368958158542
SIKYER,VUKTEC,0.9082477850768638
SIKYER,LUCDAO,0.8846629757891085
SIKYER,DIXGIC,0.8776646138930096
SIKYER,SENXER,0.8739679422729293
SIKYER,ELIKOA,0.8607812673132524
SIKYER,KAHWOG,0.8605080497688262
SIKYER,PEHWUW,0.8574816898283194
SIKYER,WIPLOY,0.8399571300353508
SIKYER,POHLOP,0.8383317863816389
FAHMIM,ECUVEF,0.9431711793562276
FAHMIM,SIKCIA,0.8912291085897793
FAHMIM,WEHHIC,0.8526496698511733
FAHMIM,ADATAC,0.8476095864785079
FAHMIM,HUVGEM,0.8394977131393048
WUPTUY,RUKDIM,0.9987928572775224
WUPTUY,HICNOZ,0.846600748740494
WUPTUY,OFOJAX,0.841275608083752
HOLQAC,HOLQIK,0.9313657531404612
FEXCAO01,FEXCES,0.9949493876747189
FEXCAO01,ABIWOX,0.8877123782522174
FEXCAO01,EDAJUP01,0.8765449473728963
FEXCAO01,LUWZUZ02,0.8716645885960427
FEXCAO01,NIGPEA,0.8715107526190725
FEXCAO01,DIDBEZ,0.8693703586442522
FEXCAO01,HELDOT,0.8692972096955485
TALKAT,BUHFER,0.99990767518941
TALKAT,PEFDEK,0.9989057230662284
QONKOV,QONLEM,0.9999893407453904
QONKOV,PIZHOX,0.9999766284378432
QONKOV,QONLIQ,0.9999739033396976
QONKOV,IBUDOZ,0.9998834482182036
QONKOV,DEGJIK,0.9998004861572258
QONKOV,JAXNUU,0.999789252058974
QONKOV,FUQJUX,0.999492198523674
QONKOV,PEBNER,0.9990125691767132
QONKOV,VUQJEX,0.9968258230335284
QONKOV,PENLEB,0.8702873631545617
QONKOV,QITZUP,0.870119221397098
QONKOV,CEXJUN01,0.8631674722684839
QONKOV,CEXJUN,0.8631227856211695
QONKOV,CEXJUN03,0.8630600689314044
QONKOV,REFBAH01,0.8560221692689972
QONKOV,RAJPIE,0.8538073661819902
QONKOV,RANLAV,0.8512528115238291
QONKOV,MUGQAI,0.842296499819278
AXOCEW,KAHMOW,0.9947831223234556
XINTOG,FEYDET,0.924917061350922
XINTOG,CUFFIT,0.924222538085169
XINTOG,CUFFUF,0.9240974522038397
XINTOG,CUFFOZ,0.9240624390094524
XINTOG,YAMXOC,0.9240565955094654
XINTOG,CUFFEP,0.9240510521129564
XINTOG,OWIHIN,0.8751629041904179
XINTOG,OWIJIP,0.8749890125520028
XINTOG,XOMHIS,0.8731894715445099
XOMHIS,MURBEI,0.98291174912242
XOMHIS,MUQYEE,0.9816819368170776
XOMHIS,OWIJIP,0.979400060264638
XOMHIS,CUFFIT,0.9303695725164702
XOMHIS,CUFFUF,0.9303003495850796
XOMHIS,CUFFEP,0.9302745674483016
XOMHIS,CIFSAO,0.8830125732803967
XOMHIS,CIFSIW,0.8829859349825631
XOMHIS,FOSTOY,0.8829691046018481
PARNON,YAVYAW01,0.9948779512266984
DECYES,DECYAO,0.9031765955469684
DECYES,DECYOC,0.8646881873788728
HUCBOX,GIKMOD01,0.9966550936617888
HUCBOX,DOTSOV15,0.8971019724854691
HUCBOX,TISPAO,0.8965174394016875
HUCBOX,LASYOU,0.8539974891862978
HUCBOX,BABREE,0.8434735620961354
TALBEQ,FOKWOT,0.8932097592438927
TALBEQ,REFWIL,0.8892262231398289
TALBEQ,TULLIX,0.8842397593135896
PEPHID,FECWOB,0.897010663216367
PEPHID,GAMFEG,0.8588728974319602
PEPHID,LEYLIN,0.852744805520586
DOTSOV15,BABREE,0.9324941596561328
DOTSOV15,EXOYAS,0.9199357594585452
DOTSOV15,EXOGAB,0.907979623936772
DOTSOV15,HOYQIX,0.8869722016882168
DOTSOV15,IPUPOA,0.8856127416969144
DOTSOV15,USEVOF,0.8848941562243803
DOTSOV15,EMUBOF,0.8846834701103851
DOTSOV15,NEMCOA,0.8753307787711676
DOTSOV15,HABQUY,0.8665746142529205
DOTSOV15,FAMQAO,0.8534618698281182
DOTSOV15,NAPSUV,0.8533821032090112
DOTSOV15,EPISOM,0.8529161389043387
DOTSOV15,UWALEL,0.8461410909333649
DOTSOV15,SEMNIJ,0.839401641737271
GEWSEJ,NELRAY,0.9024146119444671
GEWSEJ,UCEXOQ,0.9006202259506925
YAXCAC,XUDSIY,0.9993011619064344
YAXCAC,POJTUE,0.9960713498394
YAXCAC,EFEGOM,0.9959701880340748
YAXCAC,SETQUF,0.9958033117712992
YAXCAC,SADMUH,0.9956375308049528
YAXCAC,SETRAM,0.9954214649999912
YAXCAC,SETQIT,0.9951094219033714
YAXCAC,SETQAL,0.9949570627271213
YAXCAC,YAXBOP,0.9949495393093432
YAXCAC,SETQEP,0.9948781686381536
YAXCAC,TOVJAR,0.9074653507908864
YAXCAC,PIJKUR,0.8865588086758753
YAXCAC,TOVKEW,0.8526178053999712
YAXCAC,TOVJEV,0.8451600520352445
EXOGAB,IPUPOA,0.9737290824807628
EXOGAB,HOYQIX,0.973157022894927
EXOGAB,ANUGIA,0.960890613935003
EXOGAB,LASYOU,0.9540027375345008
EXOGAB,EPISOM,0.9327800972402388
EXOGAB,NAPSUV,0.9321451376330564
EXOGAB,XICKOL,0.9177508306068892
EXOGAB,KIJRUS,0.9144055333239476
EXOGAB,RILFEA,0.907701470775176
EXOGAB,QOWRAV02,0.9074547011341332
EXOGAB,SEMNIJ,0.8918146956616068
EXOGAB,NEMCOA,0.8845318896336294
EXOGAB,HIDTUM,0.883713840190294
EXOGAB,FAMQAO,0.8601713418184029
EXOGAB,UWALEL,0.8559642123553894
EXOGAB,BABREE,0.8535105925888861
EXOGAB,MUNDOQ,0.8521360639030742
EXOGAB,IWEVAJ,0.8414050631628112
NAYZOE,XAWVUN,0.9902324073948144
NAYZOE,XEBHOC,0.9883621119853524
NAYZOE,AVAKAL02,0.9625341380290784
FOKWOT,PIQQEN,0.9765206926912666
FOKWOT,REFWIL,0.971502340237677
FOKWOT,CISMEY,0.8470272844713758
URUFIY,ZEFSAG,0.8647564176712907
BUNKUS,ERARUM,0.9489415762885736
BUNKUS,WIZMAV,0.9487821427446376
BUNKUS,WIZMAV07,0.9487748226226452
BUNKUS,WIZMAV10,0.9487732563787868
BUNKUS,VIKSEQ,0.8481741484871682
BUNKUS,VIKROZ,0.8472527287953199
BUNKUS,HICNOZ,0.8439104882474185
BUNKUS,YEYCUC,0.842648393327134
BUNKUS,XIJVIY,0.8421556976128963
WUHNUK,VOPTAX,0.8096504718746136
WUHNUK,AWEYAE,0.994888565900586
WUHNUK,GAWMOJ,0.8596210641337416
TEVVOI,CAXZUY,0.99694858735561
TEVVOI,GAWZOW,0.9956179658737964
TEVVOI,TEVVIC,0.9882905001323964
TEVVOI,ROGLOP,0.9181252659302704
TEVVOI,KEVBUK,0.9150230483137808
TEVVOI,XOMCIN,0.9055530968799974
TEVVOI,LIDSEY,0.9038435310261598
TEVVOI,LIDSAU,0.9026806942485242
TEVVOI,XADWIK01,0.8851229082240599
TEVVOI,EKEKAH,0.8839522026333103
TEVVOI,SEQSUE,0.8705364676824625
TEVVOI,FIFPAM01,0.8541580628671617
KETHEY,PAQYAJ01,0.8811246064621094
KETHEY,PAQXUC,0.8809707011037957
KETHEY,SAHYOS,0.8769088808044321
KETHEY,CEHKUW,0.8599334149034614
KETHEY,MITSIS,0.857304111603328
KETHEY,MAHGAG,0.8403785088904507
QOWRAV02,KIJRUS,0.9863026387571684
QOWRAV02,ANUGIA,0.960281322539832
QOWRAV02,HOYQIX,0.9441726834083076
QOWRAV02,IPUPOA,0.9334911379026758
QOWRAV02,FISGOF,0.9011577806972196
QOWRAV02,SEMNIJ,0.8658239840232149
QOWRAV02,NAPSUV,0.8563908693381386
QOWRAV02,EPISOM,0.8507860491243183
BUKMUQ01,UNAGOH,0.8850765432729992
HEZKIH,WEHHIC,0.8691340808810326
HEZKIH,ECUVEF,0.853272170819682
HEZKIH,UNAGOH,0.8437682371298375
EBIFUS,SOSQOI,0.8420448111629024
DADVAG03,DADVAG05,0.9999994356253128
DADVAG03,DADVAG07,0.99999821791725
DADVAG03,DADVAG,0.999993513841825
DADVAG03,YUKVIK,0.9999901778401772
DADVAG03,XOBXIW,0.9987640741562858
KIYZID01,KIYZID03,0.9999989399536052
KIYZID01,ZEFNIH01,0.9076751689650564
KIYZID01,PTRPHT02,0.9062143081253738
IXOFUX,IDIWOH03,0.9999996999242384
IXOFUX,XAVDEF,0.99999968405915
IXOFUX,WIDQAC,0.9999993588900954
IXOFUX,XAVDIJ,0.999997024150514
IXOFUX,JUMDEC,0.999996772831922
IXOFUX,ATOTIM,0.9999344959863546
IXOFUX,ALOVEC,0.9960469982755208
IXOFUX,PARFOF,0.885038710513379
GALJAG,FAHQEM,0.996390129224251
GALJAG,FAHQIQ,0.988598230176313
GALJAG,NEDLOZ,0.9536163803908744
GALJAG,CIFSIW,0.95250188421456
GALJAG,CIFSAO,0.9515247119232326
GALJAG,FOSTIS,0.9512365436812972
GALJAG,UNIDAY,0.9510582964037524
GALJAG,FOSTOY,0.9508083481513634
GALJAG,VIFPUY01,0.9472134507925029
CUFFOZ,CUFFEP,0.9999999963143392
CUFFOZ,YAMXOC,0.9999999841625792
CUFFOZ,CUFFIT,0.9999992514665326
CUFFOZ,FEYDET,0.999972141771321
CUFFOZ,MUQYEE,0.9472051716330429
CUFFOZ,OWIHIN,0.946966481475217
CUFFOZ,VIFPUY05,0.8747414505056494
CUFFOZ,VIFPUY01,0.8747348526829692
CUFFOZ,NEDLOZ,0.8388270026106566
REFVEF,UNAGOH,0.880172302214752
QERZUI,BAHGUN03,0.9999999198292672
QERZUI,QERZUI01,0.999945987362389
QERZUI,ECODIK,0.9998995501943102
QERZUI,UGEPEB,0.9996203120368768
QERZUI,AHEMEG,0.9988489424785691
QERZUI,XICKOL,0.877770306961883
QERZUI,NAPSUV,0.8666221832884475
QERZUI,UNACES,0.8665844676827843
QERZUI,IDUTAF,0.8665371686374358
QERZUI,QESBAR,0.8435130542172029
SEFVEG02,SEFVEG,0.9999999990092544
SEFVEG02,NIFQOL,0.999999974775518
SEFVEG02,NIFRAY,0.9999989704957546
SEFVEG02,NIFQIF,0.9999974827493628
SEFVEG02,TUDJEI,0.999966819231848
SEFVEG02,SEFTOO,0.9999516352889912
VACKUI,VEFMAW,0.9612834682956528
VACKUI,HELDOT,0.8854847858797461
VACKUI,DIBQIQ,0.8854019877731499
VACKUI,NIGPAW,0.8681034202115507
VACKUI,ESEQUO,0.8577584178981559
DELTAQ03,DELTAQ,0.9999329309361789
LUWZUZ01,BIKMAL,0.9138151459683896
LUWZUZ01,NERVIP01,0.8830224622811638
LUWZUZ01,DIDBEZ,0.882525357867751
LUWZUZ01,DIBQIQ,0.8412074889471945
EKUNON02,UYOGOF,0.8637408237067716
EKUNON02,MALWUU,0.8634899315694242
TAJTAC,GATHAL,0.9999986900638088
TAJTAC,HAZGOF16,0.9999971960909388
TAJTAC,HAZGOF07,0.999996242005918
TAJTAC,HAZGOF04,0.9999961850521312
TAJTAC,HOJNIF,0.9999943688010334
TAJTAC,CAVMUJ02,0.9989758898037184
LIJWOR06,LIJWOR02,0.9999995770631444
LIJWOR06,DADTOS17,0.9999995261941624
LIJWOR06,MNFORD03,0.9999983299789924
LIJWOR06,LIJWOR,0.999998244288919
LIJWOR06,PADJOU01,0.9999956588698272
LIJWOR06,DADTOS04,0.9999059778758518
LIJWOR06,DADTOS12,0.9998995428962554
LIJWOR06,YANWOC01,0.9998962679245644
LIJWOR06,DADTOS07,0.99980812908341
LIJWOR06,ATIBOU02,0.9978860264280288
MUNDOQ,EXAXAE,0.8880148437298303
MUNDOQ,USEVOF,0.8835117593981494
MUNDOQ,EMUBOF,0.8826247170567572
MUNDOQ,IPUPOA,0.8799646914156208
MUNDOQ,HOYQIX,0.8749570814158635
MUNDOQ,KIJRUS,0.8742220257928842
MUNDOQ,ANUGIA,0.8641785905621581
MUNDOQ,NAPSUV,0.8425240314196245
ACODON,YIXFUI,0.8962918675880023
ACODON,QACTUJ,0.8950407927229951
ACODON,ZALLEG,0.8841481989878284
ACODON,DUGDUG,0.8465729666257324
FOSTOY,FOSTIS,0.9999896069353196
FOSTOY,CIFSAO,0.9999753628281732
FOSTOY,UNIDAY,0.999962188295102
FOSTOY,CIFSIW,0.9998473483004946
FOSTOY,FAHQIQ,0.95541001168961
FOSTOY,FIFGEI,0.9535839620417452
FOSTOY,IFIPEV,0.9531629002322148
FOSTOY,VIFPUY01,0.902576150281318
FOSTOY,OWIJIP,0.8594409243132495
LUFNAC01,TUTJAU,0.9998991979884186
LUFNAC01,UQOGAK,0.8486799952652337
FEJFAE,IVELUS,0.9999897905127484
FEJFAE,VUQKAU01,0.8442145679037898
FEJFAE,VUQJUN01,0.8435371679158741
DAKVIW,JUVROJ,0.9007851055408612
DAKVIW,HIHGUC,0.8949824120785232
DAKVIW,VIDWAI,0.8746783518435339
DAKVIW,MITSIS,0.8526385882714507
DAKZUN,DUGDUG,0.986828002532846
DAKZUN,AYOZOF,0.9779876994962098
DAKZUN,KEDJEL,0.9563243673247234
DAKZUN,CEJXEW,0.9551272511295504
DAKZUN,ZALLEG,0.9508664911366532
DAKZUN,XADDAJ01,0.9444486323719588
DAKZUN,YIXFUI,0.9022188672611036
DAKZUN,JUXSEC,0.865148262642267
DAKZUN,JUXSIG,0.8651482519659957
DAKZUN,TORPUN,0.8610870405835335
BUNLAZ,WIZMAV05,0.949448946615004
BUNLAZ,WIZMAV10,0.9494063719296808
BUNLAZ,GAYXEM,0.9158350009510572
BUNLAZ,ESEBOV,0.8833547955895674
BUNLAZ,VIKSEQ,0.8489621305540945
BUNLAZ,VIKROZ,0.8480704989823217
BUNLAZ,VIKRIT,0.8462347526895195
WOBHIF03,COKNAT,0.9999997838852512
WOBHIF03,QEJBIT,0.8751576994647692
WOBHIF03,FABFOF,0.8726321769527314
WOBHIF03,AZIMIH,0.8712220415065961
PEGBEK01,ZAWCAE,0.9999982274377446
PEGBEK01,ZAWCEI,0.9999976941239764
CAYDUD,CAYDOX06,0.9999999997043248
WOBNOS,RUVBIV,0.8809685356448578
RUVBOB,RUVBIV,0.997833166696092
WEYQAU16,WEYQAU10,0.999688175882707
WEYQAU16,OFODET,0.9058545832168888
WEYQAU16,SOBDOF,0.8833816318339534
WEYQAU16,GOVWOF,0.8590393461551394
WEYQAU16,UVETUL,0.8586768871039726
WEYQAU16,WACLEU,0.8446337892634161
IMUVES,IMUTUG,0.999959678672884
MAGMOZ01,OCUQIO,0.9999944833932028
MAGMOZ01,CUFORD,0.9999699904837408
MAGMOZ01,MACUFR06,0.9998830037540144
MAGMOZ01,AYONOT,0.9998626713911324
MAGMOZ01,ROLCEC11,0.9980031534081564
MAGMOZ01,ROLCEC09,0.9979986535589692
MAGMOZ01,ROLCEC01,0.997040461176582
WIZMAV07,WIZMAV05,0.9999999389532792
WIZMAV07,ERARUM,0.9999990666881218
WIZMAV07,GAYXEM,0.9533966127771272
WIZMAV07,OFOJAX,0.9310260077640458
WIZMAV07,VIKROZ,0.8937387641637085
WIZMAV07,VIKRIT,0.8932488607172027
WIZMAV07,ESEBOV,0.8931839245951313
WIZMAV07,YEYCUC,0.8923912731812655
WIZMAV07,XIJVIY,0.8922185722363376
WIZMAV07,HICNOZ,0.878553072534195
WIZMAV07,RUKDIM,0.8650568754635048
WIZMAV07,XULGIW,0.8650552860362799
DUGDOA,WIPLOY,0.9093527704560828
DUGDOA,DIXGIC,0.8829957367169802
DUGDOA,EWASIG,0.8644163849504569
DUGDOA,DARDIL,0.8475083509570827
ERIQUS,LONHON,0.999964064063597
ERIQUS,XILBAW,0.9981415392438688
ERIQUS,YAPQUC,0.9929401448137446
ERIQUS,VIXKOE,0.90783629348279
ERIQUS,SAQCIZ,0.8857709446977469
ERIQUS,LACFOM,0.885298834160379
ERIQUS,POCMEA,0.8836873152658095
ERIQUS,POCMEA04,0.8836840088350665
ERIQUS,POCMEA03,0.8835616539430318
ERIQUS,INICPB01,0.8830424580231166
ERIQUS,TUTQOP,0.8764483334130596
ERIQUS,CERPOF,0.8747626830486301
ERIQUS,TEDZUZ,0.8602973360774016
ERIQUS,WENRIR,0.8595381131218326
ERIQUS,HIFHIP,0.8512173166711416
UNACES,IDUTAF,0.999994197323428
UNACES,IDUTIN,0.9999935426819856
UNACES,SOZHOG,0.9998839411843834
UNACES,FAMQAO,0.8802044260398658
UNACES,ECODIK,0.8666784646504548
UNACES,UFUMUD02,0.8665360682355756
UNACES,UGEPEB,0.8665111481122829
UNACES,UFUNAK,0.8661140974831739
UNACES,AHEMEG,0.8647845490500364
PAQXUC,PAQYAJ01,0.9997651950940154
PAQXUC,HIBSUG06,0.8774663485752421
PAQXUC,HIBSUG03,0.8774237102221696
PAQXUC,OVAJAX,0.8772782003991857
PAQXUC,SIVWUR,0.8536246639441909
VIKROZ,VIKRIT,0.9999328220465294
VIKROZ,ERARUM,0.8936880303437982
VIKROZ,OFOJAX,0.8581160526968421
YODRAM,AHETAK,0.9999998461279912
YODRAM,VEDFOB,0.999983842407729
YODRAM,CIJBEE,0.9999512097476716
YODRAM,YIGGEB,0.9974850456407152
YODRAM,DIDBEZ,0.9228898995678636
YODRAM,BAKJOO,0.8790563959852877
YODRAM,BAKJEE,0.8787656077797551
YODRAM,TIDNIF,0.8769593171469465
YODRAM,ESEQUO,0.8739527197809431
YODRAM,NIDFOX,0.853979138365886
YODRAM,WEMKEG,0.8444081944763371
YODRAM,NERVIP01,0.843887379624399
YODRAM,GAGWOB,0.8433668348157366
YODRAM,KOHDIW,0.8429852037659296
YODRAM,KOHLIE,0.8429280458098212
YODRAM,CEJFOO,0.8416686641565692
NIDFOX,DIDBEZ,0.9178944343078994
NIDFOX,BAKJOO,0.8782287615455219
NIDFOX,BAKJEE,0.876746645830746
NIDFOX,DIBQIQ,0.8620485770618663
NIDFOX,YIGGEB,0.8594325120062124
NIDFOX,NIGPEA,0.857299993873148
NIDFOX,HELDOT,0.8538480945642126
NIDFOX,CIJBEE,0.8528377319807763
NIDFOX,OJOBAS,0.8522691378946942
YIHZIA01,YIHZIA02,0.999858255598739
AWEYAE,GAWMOJ,0.8594311033194091
AWEYAE,TACJEO,0.8542914779179706
USEVOF,EMUBOF,0.9999600924157364
USEVOF,EXAXAE,0.9962847560083236
USEVOF,RILFEA,0.8850345651128309
USEVOF,TISPAO,0.8850112603401653
USEVOF,DOTSOV14,0.8848940431084777
USEVOF,LASYOU,0.8440299160404359
USEVOF,QESBAR,0.8418497723599719
BIRMUM,HIYZEV01,0.8547465485203923
VEFMAW,XAFFIV,0.9608447299710484
VEFMAW,WEMKEG,0.8651392720523388
DIDBEZ,XALMII,0.9233816916279364
DIDBEZ,VEDFOB,0.9229877589834264
DIDBEZ,CIJBEE,0.9229493375614548
DIDBEZ,OJOBAS,0.9228859957994402
DIDBEZ,EXUXEC,0.9228273395610064
DIDBEZ,BAKJOO,0.9089235353050732
DIDBEZ,BAKJEE,0.908724663534879
DIDBEZ,DIBQIQ,0.8850298425944046
DIDBEZ,NIGPEA,0.8838802324015963
DIDBEZ,HELDOT,0.8826741793953836
DIDBEZ,NIGPAW,0.8755207328276281
DIDBEZ,ESEQUO,0.867145112532401
NERVIP01,CEJFOO,0.99858837841226
NERVIP01,LUWZUZ02,0.8828996697940401
NERVIP01,BIKMAL,0.8774626878588772
NERVIP01,EXUXEC,0.843985027785694
NERVIP01,AHETAK,0.8438959293700129
NERVIP01,VEDFAN,0.843844832059551
NERVIP01,CIJBEE,0.8436965301636714
NERVIP01,OJOBAS,0.843564938758142
NERVIP01,YIGGEB,0.8424485144949382
NERVIP01,FUVYOL,0.8395865008416477
WUHMUJ,CUWNIT,0.9998510325970492
WUHMUJ,XAMGUQ,0.9998087379294576
WUHMUJ,USAYOE,0.9974989706883856
WUHMUJ,GEPBEK,0.992535108486004
WUHMUJ,QUSVOQ,0.9422888740406384
WUHMUJ,WEMKEG,0.8647258770241195
WUHMUJ,FUDHAP,0.8608930521107935
WUHMUJ,FUDHET,0.8597436813760924
WUHMUJ,RUYGAV,0.8516460048780073
KOHLIE,KOHDIW,0.9998909132388432
KOHLIE,CANROA,0.9998897608059508
KOHLIE,RUYGAV,0.8512401778912231
KOHLIE,CIJBEE,0.842995011526053
KOHLIE,OJOBAS,0.8429934764194461
KOHLIE,VEDFOB,0.8429732088520807
KOHLIE,VEDFAN,0.842957241963908
KOHLIE,YIGGEB,0.8395830167619367
SEQTEP,NIRGAY,0.9989779455020322
SEQTEP,NEDVOJ,0.8534618850107153
SEQTEP,GOVWOF,0.8395141247226662
AYONOT,CUFORD,0.999944168550858
AYONOT,MACUFR06,0.9995320064093438
AYONOT,ROLCEC09,0.996955478543361
AYONOT,ROLCEC01,0.9958062628905444
RASKIH,JEGJUD,0.8533860846828125
SAVMAE,VURMOL,0.8911833201937668
SAVMAE,NATFAS,0.8638963486482463
SAVMAE,AZIMIH,0.8623430642248453
SAVMAE,FABFOF,0.8564389416636881
NOZZUZ,ODIXIK,0.9995885313974396
NOZZUZ,NOZZOT,0.9982508951343594
NOZZUZ,MINBEQ,0.842820873929522
FABFOF,COKNAT,0.8726256682073587
FABFOF,WOBHEB,0.8721531376832463
FABFOF,HIVSIQ,0.860503561119919
FABFOF,APACAX,0.8443796994374094
NAPSUV,XICKOL,0.9886011390591534
NAPSUV,IPUPOA,0.9078635348315496
NAPSUV,ANUGIA,0.9006512023936577
NAPSUV,LASYOU,0.8948743908509413
NAPSUV,AHEMEG,0.8701069842996444
NAPSUV,UFUNAK,0.8683512823889157
NAPSUV,POFDIZ,0.8681532170623316
NAPSUV,BAHGUN03,0.8665871025235368
NAPSUV,QERZUI01,0.8655833405817834
NAPSUV,ECODIK,0.8651608164333254
NAPSUV,UGEPEB,0.8638952761956387
NAPSUV,KIJRUS,0.8569315947372956
NAPSUV,HOYKUD,0.8542045619457448
NAPSUV,RILFEA,0.8535164146401837
NAPSUV,TISPAO,0.8534803898437372
NAPSUV,DOTSOV14,0.8533819979627244
NAPSUV,SOZHOG,0.8426509464797785
NAPSUV,IDUTIN,0.8406940965799956
CUPHUS,LIRVAK,0.99956453797725
CUPHUS,XIQZIH,0.9991617073354232
CUPHUS,ASUKEE01,0.9987506699579912
CUPHUS,HAJPEQ,0.8575591038838835
CUPHUS,RANLAV,0.8529940288084622
CUPHUS,MUGQAI,0.8455716658070394
CUPHUS,MOXPIZ,0.8385009387818781
EPISOM,HOYQIX,0.9091277273541458
EPISOM,ANUGIA,0.8983294655588767
EPISOM,LASYOU,0.8924047604179838
EPISOM,SUKYIH,0.8844202441189605
EPISOM,DOTSOV14,0.852919553295291
EPISOM,TISPAO,0.8516139137117723
EPISOM,SEMNIJ,0.8387050342451327
OJOBAS,VEDFOB,0.9999535777229602
OJOBAS,VEDFAN,0.9999324814710092
OJOBAS,AHETAK,0.9998882209928116
OJOBAS,BAKJOO,0.8792648079411757
OJOBAS,TIDNIF,0.8768204182342387
OJOBAS,ESEQUO,0.8718866092389006
OJOBAS,RAKBIO02,0.8438438897883246
OJOBAS,KOHDIW,0.842844269346253
OJOBAS,GAGWOB,0.8427678496476838
OJOBAS,NERVIP,0.8419688817765063
OJOBAS,CEJFOO,0.8407432407100002
TISPAO,RILFEA,0.9997861508564282
TISPAO,DOTSOV14,0.999532074725555
TISPAO,LASYOU,0.9470703199379842
TISPAO,DALSOA,0.9326500432395596
TISPAO,HOYQIX,0.8872855680579488
TISPAO,IPUPOA,0.883376013575556
TISPAO,ANUGIA,0.8779158598293024
TISPAO,NEMCOA,0.8726549082774764
TISPAO,XICKOL,0.8597095786524921
TISPAO,FAMQAO,0.8534078413672102
TISPAO,UWALEL,0.8419924660616263
FAGQAI,HABQUY,0.9381983591531288
IDIWOH06,IXOFOR,0.9999996217368632
IDIWOH06,IDIWOH04,0.999999963339347
IDIWOH06,IXODUV,0.9999998359611189
IDIWOH06,IDIWOH03,0.999999722203326
IDIWOH06,WIDQAC,0.9999992079203084
IDIWOH06,XAVDIJ,0.9999979786505302
IDIWOH06,JUMDEC,0.9999976126645364
IDIWOH06,ATOTIM,0.9999307047859416
IDIWOH06,ALOVEC,0.9960760802870678
IDIWOH06,PARFOF,0.885042021169017
BIYTAG,IJORUV,0.9956110385765368
BIYTAG,AWOFOI,0.872273320357433
SENXAN,SENXER,0.9993194981212294
SENXAN,LUCDAO,0.8711026834758443
SENXAN,EXUTAU,0.8627405751709559
FAHQIQ,FAHQEM,0.9977903604467536
FAHQIQ,FIFGEI,0.9927280230389136
FAHQIQ,IFIPEV,0.9920673809402406
FAHQIQ,UNIDAY,0.9552484186086304
FAHQIQ,FOSTIS,0.9552114620764506
FAHQIQ,CIFSAO,0.955067924507728
FAHQIQ,NEDLOZ,0.9535203784640378
FAHQIQ,VIFPUY05,0.9357907802972446
FAHQIQ,VIFPUY01,0.9357481384934876
VEDFAN,VEDFOB,0.9999960305017704
VEDFAN,EXUXEC,0.9999364123561528
VEDFAN,YIGGEB,0.9972817494133216
VEDFAN,BAKJEE,0.8788531289361304
VEDFAN,TIDNIF,0.8770069581422776
VEDFAN,ESEQUO,0.8736125352840695
VEDFAN,XALMII,0.8584390563250117
VEDFAN,WEMKEG,0.8443880921716479
VEDFAN,RAKBIO02,0.8435609088383462
VEDFAN,GAGWOB,0.8432749303759973
VEDFAN,NERVIP,0.8426437562890343
VEDFAN,CEJFOO,0.8415361978603726
JIYKIO,NEZQAN,0.8418520713466389
JIYKIO,AZAYEH,0.8399809731767233
DAFHEZ,FILYEG,0.9997326156588656
DAFHEZ,CIPLIX,0.8951385008313806
DAFHEZ,GAGWOB,0.8541166859493079
DAFHEZ,RAKBIO02,0.8539137645245809
DAFHEZ,ESEQUO,0.8504650622111727
DAFHEZ,XUZRIU,0.842731237140291
DAFHEZ,XEVSIB,0.8399818987561298
AHETAK,CIJBEE,0.999945739271246
AHETAK,BAKJOO,0.8790443172806356
AHETAK,TIDNIF,0.8769648304415102
AHETAK,XALMII,0.8582286688701994
AHETAK,WEMKEG,0.8444110465364044
AHETAK,RAKBIO02,0.843454504491042
AHETAK,NERVIP,0.8428117800912767
AHETAK,CEJFOO,0.8417023636452552
YAYRAT,TAKTAD,0.9467620890885742
YAYRAT,MEGQAT,0.8749487982920485
YAYRAT,SICDAL,0.8749372041157231
GAWMOJ,TACJEO,0.9976414273053592
YAMXOC,CUFFEP,0.99999998436748
YAMXOC,MUQYEE,0.9472050836562328
YAMXOC,OWIHIN,0.9469674527425758
YAMXOC,MURBEI,0.9469063626093452
YAMXOC,VIFPUY01,0.8747359268407624
IBUDOZ,DEGJIK,0.999988644681204
IBUDOZ,JAXNUU,0.9999858088994876
IBUDOZ,QONLEM,0.9998311479176912
IBUDOZ,CISLUN,0.9998251324719294
IBUDOZ,FUQJUX,0.9989105610501048
IBUDOZ,PEBNER,0.9982453649763974
IBUDOZ,VUQJEX01,0.9955989752767102
IBUDOZ,PENLEB,0.8685459125705932
IBUDOZ,QITZUP,0.86834444953397
IBUDOZ,CEXJUN01,0.8626095343007396
IBUDOZ,CEXJUN,0.862527409469654
IBUDOZ,CEXJUN03,0.8624522153868458
IBUDOZ,RAJPIE,0.852324428663161
IBUDOZ,RANLAV,0.8506735015786302
IBUDOZ,MUGQAI,0.8423785941647453
QONLEM,QONLIQ,0.999993562544893
QONLEM,DEGJIK,0.9997322725126916
QONLEM,JAXNUU,0.9997191105454488
QONLEM,BUZKUE,0.9986161732302408
QONLEM,VUQJEX01,0.9971492617203916
QONLEM,VUQJEX,0.997098283332435
QONLEM,PENLEB,0.8706535502154606
QONLEM,QITZUP,0.8704788753800143
QONLEM,CEXJUN01,0.8632730182404291
QONLEM,CEXJUN,0.8632217023702928
QONLEM,REFBAH01,0.8562194562504828
QONLEM,RANLAV,0.851362157674461
QONLEM,MUGQAI,0.8422491717663991
OWIGOR,NAFGOR,0.9998100487391044
KIJRUS,ANUGIA,0.9575011027445174
KIJRUS,SEMNIJ,0.865582180877716
KIJRUS,LASYOU,0.8596060602886426
KIJRUS,XICKOL,0.8416630690403015
KUXREC,POJTOY,0.9986460245567482
KUXREC,POJTUE,0.9980329234670048
KUXREC,SETQOZ,0.9978696454428144
KUXREC,SETQIT,0.9973390124052388
KUXREC,SETQAL,0.9972256783986986
KUXREC,SETQEP,0.9971667218438878
KUXREC,SADMOB,0.997161175591853
KUXREC,NEHZAE,0.9932751145950172
KUXREC,TOVJAR,0.9081621414887756
KUXREC,PIJKUR,0.8872264111614245
KUXREC,REZXOK,0.8846630737113824
KUXREC,TOVKEW,0.8533407447622374
CESQUP,EKEKEL,0.9103709692294571
NOZZOT,GERWOR,0.8610350471844208
NOZZOT,MINBEQ,0.8420040229239953
NIFPAW,NIFSUT,0.9999999691647808
NIFPAW,NIFQIF,0.9999973210968266
NIFPAW,NIFQOL,0.9999906172771856
NIFPAW,SEFVEG,0.999989417393064
NIFPAW,NIFRAY,0.9999820554561089
NIFPAW,TUDKEJ,0.9998983074441896
GAGWOB,RAKBIO02,0.9976702794283572
GAGWOB,FILYEG,0.8545260428876226
GAGWOB,COXFOL,0.8536507235829262
GAGWOB,YIGGEB,0.8432927212705497
GAGWOB,VEDFOB,0.8432019696932476
COMDOY,LOQLIN,0.9998434372335874
WIZMAV05,OFOJAX,0.9310679449203448
WIZMAV05,VIKRIT,0.8932320149644335
WIZMAV05,ESEBOV,0.893201112585235
WIZMAV05,XULGIW,0.8650599921942936
WIZMAV05,WUPTUY01,0.8634837097433736
EZOFEF,XUJQAV,0.9955454792168494
EZOFEF,NUNNUH,0.9944938718922676
EZOFEF,XUJPIC,0.9928062135511478
EZOFEF,QEZZED,0.8872643050476677
EZOFEF,XOMCIN,0.8577636267131891
EZOFEF,LIDSEY,0.8561554070071677
HIYZEV01,WEYQAU10,0.8818820871139271
HIYZEV01,LUSHOX04,0.8579991463053136
ADAVEI,KEPMUQ05,0.8480280968846738
ELUQIM06,ELUQIM08,0.9999998401929148
ELUQIM06,ELUQIM13,0.9999994423953688
ELUQIM06,VERZUP,0.9999931014152356
ELUQIM06,TEVZOK,0.9998666897585604
ELUQIM06,YANXIX04,0.9980182705047344
ELUQIM06,DAXNIA,0.997747619100141
ELUQIM06,SANMEB,0.9974000043204286
ELUQIM06,SIWQIA02,0.9962082303803832
ELUQIM06,TAYZUQ,0.9953328468486496
AMURUX06,MGFORD02,0.9999741356578884
AMURUX06,LICSEW04,0.9999467233466018
AMURUX06,AMURUX10,0.9999329816210606
AMURUX06,LICSEW03,0.999876493895242
AMURUX06,SIRBIG06,0.9995946131104084
AMURUX06,NAXVOY,0.998625990310922
AMURUX06,XEHSOT,0.9967945509142412
AMURUX06,MOPQIT,0.9966197137134212
AMURUX06,NIWZIE08,0.995773232889307
AMURUX06,NIWZIE09,0.9955652484059678
AMURUX06,NIWPIU,0.99505699228726
VIXKOE,YAPQUC,0.903918319594998
MURBEI,OWIHIN,0.9988972733628028
MURBEI,OWIJIP,0.9988438179845188
MURBEI,CUFFIT,0.9469367211988003
MURBEI,CUFFUF,0.9469139662427254
MURBEI,CUFFEP,0.9469053353129314
MURBEI,NEDLOZ,0.8647617282599243
MURBEI,FOSTIS,0.8636472950007482
MURBEI,UNIDAY,0.863534963041519
OWIHIN,OWIJIP,0.9999993659813586
OWIHIN,MUQYEE,0.9996543131789593
OWIHIN,CUFFEP,0.9469683859895168
OWIHIN,CUFFUF,0.946960571695301
OWIHIN,FEYDET,0.94679108944054
OWIHIN,NEDLOZ,0.8623567248658413
OWIHIN,CIFSIW,0.8612471518820157
OWIHIN,CIFSAO,0.860273767279072
ANUGIA,HOYQIX,0.9878389154838776
ANUGIA,IPUPOA,0.983110160166374
ANUGIA,LASYOU,0.9225417781387424
ANUGIA,FISGOF,0.9188664213814026
ANUGIA,SEMNIJ,0.8850246358797598
ANUGIA,XICKOL,0.884737357522199
ANUGIA,RILFEA,0.8774982594306273
ANUGIA,HIDTUM,0.8728624939496811
ANUGIA,AVAKAL02,0.856852965614681
ATIBOU02,YANWOC01,0.9987176079559515
ATIBOU02,DADTOS12,0.9987060016884224
ATIBOU02,DADTOS04,0.9986824469088712
ATIBOU02,DADTOS14,0.9984779848736032
ATIBOU02,YUKTUU,0.998250113770314
ATIBOU02,VIRJEM,0.9981410386214952
ATIBOU02,LIJWOR01,0.998111863310617
ATIBOU02,LIJWOR02,0.9978993441538302
NIFRAY,NIFQOL,0.9999986232439394
NIFRAY,NIFQIF,0.9999932338731308
NIFRAY,TUDJEI,0.9999774782166996
NIFRAY,NIFTAA,0.9999746673562246
LIRVAK,XIQZIH,0.9998558723692824
LIRVAK,ASUKEE01,0.9997872235191794
LIRVAK,PEKZIP,0.9996976001259176
LIRVAK,OJOQAF,0.9967866387161678
LIRVAK,LABJUV,0.8887650485731327
LIRVAK,HAJPEQ,0.8598493354408752
LIRVAK,RANLAV,0.8545653295051536
LIRVAK,XICKOL,0.8436596212272646
HOYKUD,IDUTAF,0.889150045304399
HOYKUD,IDUTIN,0.8891492915352588
HOYKUD,SOZHOG,0.8890404554903426
HOYKUD,XICKOL,0.8656761856515394
HOYKUD,ECODIK,0.8567377538636145
HOYKUD,QERZUI01,0.8567256834977168
HOYKUD,BAHGUN03,0.8566488589545787
HOYKUD,UFUMUD02,0.8565960596076525
HOYKUD,UGEPEB,0.8565710251197957
HOYKUD,UFUNAK,0.8561746257846513
HOYKUD,POFDIZ,0.8560924174621128
HOYKUD,AHEMEG,0.8548461052498108
HOYKUD,YEKXUJ,0.8466430741728841
HOYKUD,YEKYAQ,0.8410841700481881
DITJEY01,DITHOG,0.9999694077926938
DITJEY01,TOXMUQ,0.8417135719069377
DITJEY01,NIRPOW,0.8417130850882196
SABWAU,CEMLOY,0.9080527056385832
SABWAU,KUNTAQ02,0.9999689276795406
SETQIT,SETQAL,0.9999988118137386
SETQIT,YAXBOP,0.9999986656172968
SETQIT,SETQEP,0.999997282967539
SETQIT,SETRAM,0.9999948071707124
SETQIT,SETQUF,0.9999731256114786
SETQIT,SETQOZ,0.999970370562998
SETQIT,EFEGOM,0.9999578051235796
SETQIT,POJTUE,0.999946906364504
SETQIT,XUDSIY,0.9908603403126692
SETQIT,KUXSIH,0.9725091485777226
SETQIT,TOVJAR,0.906456787838596
SETQIT,UFIKOM,0.8691685324624545
SETQIT,TOVKEW,0.8519484139197286
SETQIT,TOVJEV,0.8451964070795129
IPUPOA,HOYQIX,0.9965105855387488
IPUPOA,LASYOU,0.927539538443739
IPUPOA,FISGOF,0.9074770833923936
IPUPOA,XICKOL,0.8957076591344518
IPUPOA,DOTSOV14,0.8856130218705105
IPUPOA,RILFEA,0.8849895716690743
IPUPOA,SEMNIJ,0.8694096263950585
IPUPOA,NEMCOA,0.865856735244079
IPUPOA,HIDTUM,0.8655421383606808
IPUPOA,AVAKAL02,0.8631951867548509
IPUPOA,SIXNUL,0.8439225929143682
IPUPOA,UWALEL,0.8402836474114621
IPUPOA,FAMQAO,0.8397659975174186
DAPHAD01,CECKIH,0.9993985737413298
AHEMEG,UFUNAK,0.9996088015371472
AHEMEG,POFDIZ,0.999452915589982
AHEMEG,UFUMUD02,0.9989967855320973
AHEMEG,QERZUI01,0.9983022970126412
AHEMEG,UGEPEB,0.9972817980135888
AHEMEG,QESBAR,0.8438838588324304
RILFEA,DOTSOV14,0.9999508322555416
RILFEA,LASYOU,0.9465252291363158
RILFEA,BABREE,0.9321262013420878
RILFEA,GIKMOD01,0.8930905872718187
RILFEA,HOYQIX,0.8871761634608527
RILFEA,EXAXAE,0.8821112951337504
RILFEA,HABQUY,0.8664045365093411
RILFEA,TOVWAE,0.8608496320826619
RILFEA,XICKOL,0.8606080160411044
RILFEA,FAMQAO,0.8535468313612201
RILFEA,UWALEL,0.8448958734845724
RILFEA,REGYOT,0.8396980381385917
RILFEA,SEMNIJ,0.839587638210604
BAHGUN03,QERZUI01,0.9999499303009808
BAHGUN03,UFUNAK,0.9997915635127218
BAHGUN03,POFDIZ,0.9997248490593338
BAHGUN03,XICKOL,0.8777501066457281
BAHGUN03,IDUTIN,0.8665347457138143
BAHGUN03,QESBAR,0.843501182917328
ATEZEG,BICPUA,0.9998660391941868
ATEZEG,KIKMAV,0.9063169433441344
ATEZEG,VALVAI,0.905764923242304
ATEZEG,HELNAQ,0.9054714527428492
ATEZEG,AMIXUQ,0.9019682796959004
ATEZEG,SADLIU,0.839638789864572
YENZAV,ELIKUG,0.9378002942849856
YENZAV,EBEWOZ01,0.89773625734436
YENZAV,EBEWOZ,0.8976886359147735
UFUNAK,POFDIZ,0.9998835464843836
UFUNAK,UFUMUD02,0.9998579184615288
UFUNAK,ECODIK,0.9994169363600868
UFUNAK,UGEPEB,0.998914409811327
UFUNAK,SOZHOG,0.8665099968679875
UFUNAK,IDUTIN,0.8659868887705495
UFUNAK,QESBAR,0.8439480922524274
FEYDET,CUFFIT,0.9999800030748964
FEYDET,MUQYEE,0.9472063835857328
FEYDET,VIFPUY01,0.8745555376148525
FEYDET,NEDLOZ,0.8391479704252501
FEYDET,CIFSIW,0.8384304045070067
IDUTIN,SOZHOG,0.999822774070138
IDUTIN,QERZUI01,0.8666471670509479
IDUTIN,UFUMUD02,0.866469086124043
IDUTIN,POFDIZ,0.8659074144546482
AZIMIH,WOBHEB,0.8721927343872913
AZIMIH,COKNAT,0.8712572497984163
AZIMIH,HIVSIQ,0.8601422089550304
AZIMIH,APACAX,0.8464666872761939
GOVWOF,UQOGAK,0.8791022113941704
GOVWOF,XACSIG,0.8788384659807202
GOVWOF,JEJZAC,0.8749614033854183
GOVWOF,LELGOB,0.8669557624906408
GOVWOF,WEYQAU10,0.8571148229396315
GOVWOF,BEXSAA,0.8553956133378254
AJIJEI01,MITSIS,0.9200835176390978
AJIJEI01,MINBEQ,0.8523528435157068
AJIJEI01,NAPZOV,0.8503503686189108
AJIJEI01,VIDVUB,0.8427763542594507
AJIJEI01,MICJOA,0.8421046782030561
COKJIX,EBEWOZ01,0.8936373024726039
COKJIX,YICGUP,0.8637486571528634
COKJIX,ATIKAP,0.8598740826920994
COKJIX,ADEGIA01,0.8588499664933783
EXUXEC,VEDFOB,0.9999069342559682
EXUXEC,CIJBEE,0.9998333171388176
EXUXEC,YIGGEB,0.998047740816558
EXUXEC,BAKJOO,0.8788369957186312
EXUXEC,ESEQUO,0.8751313583811604
EXUXEC,XALMII,0.8576889386563364
EXUXEC,WEMKEG,0.8444179840612321
EXUXEC,NERVIP,0.8431702958737666
EXUXEC,CANROA,0.842982774526658
EXUXEC,CEJFOO,0.8421548448598646
VITZIJ,UQUTUX01,0.8593472276882265
VITZIJ,UQUTUX,0.8590926574831691
VITZIJ,EYIYES,0.8462803052636878
VITZIJ,LEWFOJ,0.8440700210938112
ZEDVOV,HAXYIQ,0.8458801088898862
ZEDVOV,AVAQAP,0.998942597042815
ZEDVOV,AFOVOH,0.9470659697607164
ZEDVOV,FOKYIP,0.8872430060702009
ZEDVOV,VUWSAJ,0.8849047468610532
WACLEU,WEYQAU10,0.8428463002707278
XEGWAK,KAHMOW,0.9999998354489248
XEGWAK,XEGWIS,0.9999997987017398
TOVWAE,DOTSOV14,0.8605545232216381
XADWIK01,XADWIK,0.9999841975774064
XADWIK01,LIDSEY,0.9035879173756058
XADWIK01,JAMSEY,0.9022947898039289
XADWIK01,GAWZOW,0.8807459092137795
XADWIK01,TEVVEY,0.8738564989710462
VOWCIV,LICROF,0.9999921041997482
VOWCIV,EKEKAH,0.8832337280491517
VOWCIV,ROGLOP,0.8427281216220329
IXODUV,WIDQAC,0.9999997295442118
IXODUV,XAVDIJ,0.999996718403386
IXODUV,JUMDEC,0.9999963106014532
IXODUV,ATOTIM,0.9999369789435486
IXODUV,ALOVEC,0.9960281055306625
VULFOZ,XUZRIU,0.8772729399707729
VULFOZ,SACMOA,0.8736978462669382
VULFOZ,OCACUR,0.8724919119513271
VULFOZ,UGECEO01,0.8722903210856482
VULFOZ,KUHNEI,0.8675395731983215
VULFOZ,WOCGUR,0.8453685832062688
SAZQEQ,YOVTOS,0.999986086304055
SAZQEQ,QANSEE,0.9999799906335204
SAZQEQ,WAWGOQ,0.8651142737998694
YOVTOS,CATDEH,0.9642214616943812
KEQMAX03,HAWVOQ02,0.9987141887500376
ESEQUO,RUYGAV,0.9080055904909404
ESEQUO,NIGPAW,0.9066639978615156
ESEQUO,USAYOE,0.9034493750434812
ESEQUO,KOHDIW,0.8976968331444901
ESEQUO,CANROA,0.8975867543224791
ESEQUO,DIBQIQ,0.8927591396449808
ESEQUO,CUWNIT,0.8923526129040237
ESEQUO,XAMGUQ,0.8920818976920093
ESEQUO,NIGPEA,0.887276288219431
ESEQUO,YIGGEB,0.8812115633528992
ESEQUO,VEDFOB,0.8733805050478161
ESEQUO,XEVSIB,0.8616906317601245
ESEQUO,XAFFIV,0.8563689854931421
ESEQUO,CIPLIX,0.8548093997990559
ESEQUO,FILYEG,0.8534403162877154
ESEQUO,FAHQOX,0.8516430490439699
ESEQUO,XUYYEW,0.8501611727037068
ESEQUO,COXFOL,0.8498572444533846
ESEQUO,QUSVOQ,0.846519691738177
ESEQUO,YIPFIO,0.8401159674115759
YUHMAR,DEKGOS,0.9094188669595064
COQMAX,TAJQEC,0.9996890132821716
HEBNAF,WEMWAP,0.846271927669292
HEBNAF,ZAQXEX,0.840768748196362
SANMEB,YUKVUW04,0.999853368652104
SANMEB,YANXIX04,0.9998390076231668
SANMEB,SIWYOO,0.9996700617187566
SANMEB,TAYZUQ,0.9994833974166536
SANMEB,ELUQIM08,0.9974399955739378
SANMEB,ELUQIM04,0.9973849471920104
SANMEB,ELUQIM13,0.9973259854893956
SANMEB,VERZUP,0.9971352120853548
RUKDIM,XULGIW,0.9999999931553506
RUKDIM,WUPTUY01,0.9990081316378652
RUKDIM,WIZMAV,0.8650576800055985
RUKDIM,WIZMAV10,0.8650567029130483
QUDGED,IGINIX,0.8895336563182098
FONKEA,MUXVIM,0.9316772389799576
FONKEA,XOGWUN,0.9087862622072044
UFUKUB01,UFUKUB02,0.9996392470495876
UFUKUB01,UFUKUB03,0.9995491508488894
UFUKUB01,CIPLIX,0.9171603536650668
UFUKUB01,FUDHET,0.8429152183317787
UFUKUB01,BEXVAD01,0.8394447179125
DOTSOV14,LASYOU,0.9461141124798388
DOTSOV14,DALSOA,0.9330059844537296
DOTSOV14,BABREE,0.932494295473558
DOTSOV14,EXOYAS,0.9199356755704332
DOTSOV14,IWEVAJ,0.9187240079823382
DOTSOV14,GIKMOD01,0.8939543686604698
DOTSOV14,HOYQIX,0.8869720628670144
DOTSOV14,EMUBOF,0.8846833217689
DOTSOV14,EXAXAE,0.8828240331589174
DOTSOV14,NEMCOA,0.8753311140472909
DOTSOV14,HIDTUM,0.8741817423811934
DOTSOV14,HABQUY,0.8665851054720011
DOTSOV14,XICKOL,0.8608874694187342
DOTSOV14,FAMQAO,0.8534618100008313
DOTSOV14,UWALEL,0.8461416642670786
DOTSOV14,REGYOT,0.839965136592862
YIGGEB,VEDFOB,0.997108249050219
YIGGEB,CIJBEE,0.9967438918451856
YIGGEB,TIDNIF,0.8746428580484885
YIGGEB,BAKJEE,0.8739640101429531
YIGGEB,XALMII,0.8512622565859578
YIGGEB,CEJFOO,0.843217825712303
YIGGEB,KOHDIW,0.8406532179535053
YIGGEB,RAKBIO02,0.8386320918442471
DUNXUH15,DUNXUH,0.9999955479712176
YUZJOU,OJOQAF03,0.9993558387086904
AMUCOB,YUDYAX,0.997504656103642
KEDJEL,CEJXEW,0.9993425752267878
KEDJEL,DUGDUG,0.9455451936685269
KEDJEL,QACTUJ,0.9403941312273614
KEDJEL,ZAXSAV,0.8631360664415599
KEDJEL,EWETUW,0.862822996878574
KEDJEL,CUJCIV,0.8602898493368392
KEDJEL,HUCXEK,0.8554320918410754
XUYYEW,QIQTOB,0.9335821921454924
XUYYEW,FAHQOX,0.9318537819496528
XUYYEW,XUZRIU,0.9103702602222205
XUYYEW,CAQKAJ01,0.8777971956343895
ATEYOP,LUWNAU,0.9741977578029516
ATEYOP,UMIZEX,0.9673355511077946
ATEYOP,IBEYEU,0.9516428337184888
ATEYOP,KEZLIN,0.947833917212906
ATEYOP,MIRGIG,0.94765663553062
ATEYOP,AFUDUD,0.9465196694558076
ATEYOP,ATIKAP,0.9033272124538244
ATEYOP,ADEGIA01,0.9014177484633412
ATEYOP,HOGQIF,0.8767329572275507
ATEYOP,EBEWOZ01,0.8396902528768877
ATEYOP,EBEWOZ,0.839681139679247
CUXPIV,ADEGIA01,0.9074934943946152
CUXPIV,IBEYEU,0.8649860858070331
CUXPIV,BETDOV,0.839806840881562
HIBSUG03,OVAJAX,0.999991328109237
HIBSUG03,PAQYAJ01,0.8773797982693294
HIQNOM,HIQNUS,0.9985699228311764
HIQNOM,GUDCIT,0.9568645085774032
HIQNOM,UNAGOH,0.8438777470753348
MAJMOA04,MAJMOA03,0.9999987477055164
LUFNAC05,LUFNAC04,0.9999965568865554
LUFNAC05,TUTJAU,0.9999018832614492
JUXSEC,JUXSIG,0.9999999826746524
JUXSEC,NIGFOZ,0.9364190946965668
JUXSEC,XADDAJ01,0.9294945972855576
JUXSEC,IFUNUU,0.8537522594574071
JUXSEC,AYOZOF,0.8431313467522301
GAPQAQ,NILBUH,0.8853549023478514
GAPQAQ,VUKTEC,0.9987589381072473
GAPQAQ,ELIKOA,0.9394143261936548
GAPQAQ,EXUTAU,0.9072954371306216
GAPQAQ,LUCDAO,0.8399833800780365
GIKMOD01,BABREE,0.8428538079497647
GIKMOD01,DALSOA,0.8404103814429689
AGUVOO,KOMGAV,0.9995196246996824
AGUVOO,FIFQOD,0.9987196798329816
AGUVOO,EPOPEG,0.9965697477270072
GURXIB,UPEMUZ,0.8865654759408512
GURXIB,VUQJUN01,0.8771951234232036
GURXIB,WOHYUN,0.8638898288949576
IWOSAP,IWOSET,0.9987457257361926
WUPTUY01,ERARUM,0.863541702589351
WUPTUY01,WIZMAV,0.8634669739433543
WUPTUY01,WIZMAV10,0.8634627821425487
WUPTUY01,OFOJAX,0.8409958038478542
GARLUJ,TORKAO,0.8689313075607321
GARLUJ,TORJOB,0.8689053540234846
DIWFAT,IVELUS,0.9998428905795058
DIWFAT,VUQJUN01,0.844028467708105
DIWFAT,VUQKAU01,0.8438639182609754
SACMOA,UGECEO01,0.9995460721762472
SACMOA,XUZRIU,0.8640960293280129
SACMOA,XEVSIB,0.8626898832131583
GAYXEM,ERARUM,0.9535017780715112
GAYXEM,WIZMAV10,0.9533956216516742
GAYXEM,HICNOZ,0.9156180632605336
GAYXEM,OFOJAX,0.899223698585139
GAYXEM,VIKSEQ,0.879882836593731
GAYXEM,VIKRIT,0.8778435624475124
GAYXEM,ESEBOV,0.8596324470250639
GAYXEM,XIJVIY,0.8497134204042553
NEMCOA,EXOYAS,0.9218683613835124
NUFBOH,APACAX,0.951265298766165
NUFBOH,IRELAU,0.8921751069860115
NUFBOH,UNAGOH,0.8742591159267827
UWALEL,LASYOU,0.8548330595821645
MAGVOG34,MAGVOG35,0.99999996667438
MAGVOG34,MAGVOG27,0.9999905803804828
MAGVOG34,MAGVOG13,0.9999888445296908
ESEBOV,ERARUM,0.8932503792494574
ESEBOV,WIZMAV,0.893186865484262
ESEBOV,WIZMAV10,0.8931832950799333
ESEBOV,XIJVIY,0.8742975064072862
LIBNIU01,LIBNIU,0.9999650161272686
POFDIZ,UFUMUD02,0.9997829111978224
POFDIZ,QERZUI01,0.9995096499160112
POFDIZ,ECODIK,0.9993535517792286
POFDIZ,UGEPEB,0.9990707721465512
POFDIZ,XICKOL,0.8785192179128507
POFDIZ,SOZHOG,0.8664187153238382
POFDIZ,QESBAR,0.8438102730929932
POFDIZ,ENITAX,0.8427571060976992
OFOJAX,WIZMAV,0.9310331712630782
OFOJAX,WIZMAV10,0.9310244755069794
OFOJAX,YEYCUC,0.9065065621144898
OFOJAX,XIJVIY,0.9060206366855632
OFOJAX,VIKSEQ,0.8590220653630933
AQOROP,NUCRIN,0.918694932089836
AQOROP,MOFTIL01,0.9184398139794056
AQOROP,LEYLIN,0.901680080370874
AQOROP,EZINAE,0.8468699401200823
CUFFIT,CUFFEP,0.9999991437561968
CUFFIT,OWIJIP,0.9469117605467436
CAJHUS01,NIKZEN,0.9999998495349992
CAJHUS01,NIHBAI01,0.999999543944896
CAJHUS01,NIKYOW01,0.9999980337633616
CAJHUS01,IZAKAX,0.9999253535443636
CAJHUS01,NUDNUW06,0.9966066139190268
NIHBAI01,NIKYOW01,0.999999470852368
NIHBAI01,NIKYUC,0.999968604516006
NIHBAI01,NUDPAE12,0.9996881964855612
XAMGUQ,CUWNIT,0.999996687541634
XAMGUQ,QUSVOQ,0.9422618445056696
XAMGUQ,WEMKEG,0.8644019137616535
XAMGUQ,FUDHET,0.8589806443138613
SAMVEK,VEGXIQ01,0.8691999887593032
SUHMIS,SUHPUH,0.9999999755411234
SUHMIS,SUHNIT,0.999998479579458
SUHMIS,BOBTOC,0.9998702514307728
BAKJOO,BAKJEE,0.9999421236502638
BAKJOO,XALMII,0.88631120051506
BAKJOO,CIJBEE,0.8792202211485188
BAKJOO,VEDFOB,0.8791514516877219
BAKJOO,CIPLIX,0.8605741147981187
BAKJOO,DIBQIQ,0.844003597041952
BAKJOO,HELDOT,0.8423782538242188
BAKJOO,OKEHIW,0.8410650691731445
VEXVAW,TOVJAR,0.9170548486151492
RUWXEN,RUWWOW01,0.9999999796507012
RUWXEN,RUWWOW,0.999999857698247
RUWXEN,LUWMEX,0.8495897382210392
RUWXEN,APAZIC,0.8493758751397092
IGOPEB,SOJKOT07,0.999854187223919
IGOPEB,DADTUY11,0.999839297732648
IGOPEB,DADTUY07,0.999798851900748
IGOPEB,MAJMOA03,0.9997871973456608
IGOPEB,RAVVIU01,0.9976127838948374
IGOPEB,RAVVOA01,0.9973385301961692
NIWZIE02,NIWZIE09,0.9999993538039168
NIWZIE02,NIWZIE17,0.9999798544715518
NIWZIE02,NIWPIU,0.9999794640136308
NIWZIE02,NIWZIE18,0.9999764686750544
NIWZIE02,NAXVOY04,0.9999613939286948
NIWZIE02,MOPQIT,0.9999404959846632
NIWZIE02,SIRBIG06,0.9979094336247836
NIWZIE02,LICSEW03,0.9968290243273168
NIWZIE02,MGFORD02,0.9963093311096868
NIWZIE02,AMURUX10,0.99508887130036
WEYQAU10,SOBDOF,0.8845222727919558
WEYQAU10,DIJCOP,0.8717243795772033
WEYQAU10,UVETUL,0.856621331754525
YUBMIS,XEZVIJ,0.9984920832913816
OKEHIW,BAKJEE,0.8404082357687901
MITSIS,CEHKUW,0.9992629700445818
MITSIS,VIDVUB,0.9080454710782926
MITSIS,IJEYEC,0.8904160046269544
MITSIS,GIYTOY,0.8735975589367371
MITSIS,YIKGEF,0.8721306804035651
MITSIS,PENNAZ,0.8608881573364003
MITSIS,VIDWAI,0.8534009415754445
IJEYEC,CEHKUW,0.8941890561121735
FEWTAF,SIYXIH,0.9997622419459364
FEWTAF,BAZBIQ,0.8437601254856547
VIFPUY01,VIFPUY05,0.9999999208809384
VIFPUY01,NEDLOZ,0.9053971547603236
VIFPUY01,FOSTIS,0.903006693142952
VIFPUY01,CUFFUF,0.8747287330953436
SEMNIJ,FISGOF,0.9524587511107504
SEMNIJ,LASYOU,0.8541818874646381
LASYOU,HOYQIX,0.9327749252717084
LASYOU,HIDTUM,0.9136821818629326
LASYOU,EXOYAS,0.873681624055973
LASYOU,EMUBOF,0.8442354292353368
NIGPAW,CAQJOW,0.874323182436593
NIGPAW,XAFFIV,0.8667415560975232
NIGPAW,CAQKAJ01,0.8636183017988411
NIGPAW,FEXCES,0.8597441300624054
NIGPAW,QIQTOB,0.8571815631668745
NIGPAW,LUWZUZ02,0.8432101844630496
XEHSOT,MOPQIT,0.9999973880187298
XEHSOT,NAXVOY04,0.9999909909768044
XEHSOT,NIWZIE08,0.9999289443750108
XEHSOT,NIWZIE09,0.9998996738734224
XEHSOT,NIWPIU,0.99981106086783
XEHSOT,NIWZIE18,0.9998021838475968
XEHSOT,SIRBIG06,0.9986659849828596
XEHSOT,NAXVOY,0.998605754721187
XEHSOT,LICSEW04,0.99755573951463
XEHSOT,MGFORD02,0.9973408600439208
XEHSOT,AMURUX10,0.9962850334471002
KIYZID02,KIYZID03,0.9999947694131434
KIYZID02,ZEFNIH01,0.9077682324025936
KIYZID02,PTRPHT02,0.90641003647523
ATULOS,CIQHOC,0.8602234571570533
VAQLIK,ZAWHIQ,0.932993120259757
MINBEQ,AJIJEI,0.8523683387493215
MINBEQ,YUYGOQ,0.8428786228412924
MINBEQ,ODIXIK,0.8428654162690825
EDORUN,XICKOL,0.8994466818796926
TECVEE,TECVOO,0.9997787422758015
TECVEE,TECTUS,0.999345583283658
TECVEE,MOMQAI,0.8611197908724493
TECVEE,NOHSUA,0.8397122494044078
XADWIK,XOMCIN,0.9057034103069476
XADWIK,LIDSEY,0.9041330918881576
XADWIK,CAXZUY,0.8824811543283839
XADWIK,QEZZED,0.8583397255297189
XADWIK,ROGLOP,0.8522951428756573
EBEWOZ01,RAVDID,0.8935125320427038
EBEWOZ01,MIRGIG,0.8872681080179053
EBEWOZ01,KEZLIN,0.8861014985288738
EBEWOZ01,AFUDUD,0.8841956926612901
EBEWOZ01,ATIKAP,0.8671941310555475
EBEWOZ01,ADEGIA01,0.8646749420028176
EBEWOZ01,ELIKUG,0.8598971891015612
EBEWOZ01,LUWNAU,0.8547126662544222
EBEWOZ01,YICGUP,0.8475699206910823
VAHWOS,VAHWOS02,0.9999947879803628
VAHWOS,EHIVOH,0.9252891333997652
VAHWOS,MIVFUU,0.9252191587969568
VAHWOS,TEDGUG,0.9248072747534531
VAHWOS,DANWAS,0.9198108401579664
VAHWOS,TEDGOA,0.9197654040198128
VAHWOS,OHOROS,0.8569645359510202
VAHWOS,NUCRIN,0.8514485625012572
VAHWOS,FECWOB,0.8499070427156011
MOFTIL01,FECWOB,0.9998052010432904
MOFTIL01,LEYLIN,0.9287142607435832
MOFTIL01,GAMFEG,0.89656635562502
MOFTIL01,SAQFUM,0.8768964864628669
MOFTIL01,VEMMAC,0.8513401597391594
MOFTIL01,VAHWOS01,0.8509297890670096
MOFTIL01,VAHWIM,0.8508357290774616
XADGUG,VAFCAH01,0.999998674692002
UGEPEB,ECODIK,0.999855204739264
UGEPEB,XICKOL,0.876038646694382
UGEPEB,SOZHOG,0.8662424623509342
UGEPEB,QESBAR,0.8423386796487413
PUGFII,LUSHOX04,0.8958752678122762
PUGFII,VUQKAU01,0.8543615152647197
PUGFII,VUQJUN01,0.8498508428157449
YEYCUC,XIJVIY,0.9999964335291328
YEYCUC,WIZMAV,0.8923874957626005
YEYCUC,ERARUM,0.8923038953764147
RUBTAK04,RUBTAK08,0.9999999878751676
RUBTAK04,SURKUN,0.9999999931492812
HUSJUC,LESWAI,0.8580877886847961
HUSJUC,NAMDOV,0.850195402205701
HUSJUC,KOQXUL,0.8480264687734378
HUSJUC,DOJXIK,0.8433066331415136
DALSOA,EXOYAS,0.8635852726204497
DALSOA,IWEVAJ,0.8624521802508756
CUIMDZ01,CUIMDZ03,0.9923866322385442
XALMII,TIDNIF,0.8827088050251618
XALMII,DIBQIQ,0.8714304335343801
XALMII,CIJBEE,0.8588398201842259
IMIDZB02,VEJZIU,0.9999964591060696
VUKTEC,ELIKOA,0.941973648473304
VUKTEC,EXUTAU,0.9039017944867294
VUKTEC,PEHWUW,0.864851861496333
VUKTEC,LUCDAO,0.8426085543433697
XAFFIV,HELDOT,0.8856280205765066
XAFFIV,DIBQIQ,0.8851823701277459
MAGVOG35,MAGVOG08,0.9999999930627296
MAGVOG35,MAGVOG32,0.9999981453430922
MAGVOG35,MAGVOG27,0.9999894265049792
MAGVOG35,ACAZEK,0.9971460593378656
YESYUT,YESYIH,0.9999992644329472
YESYUT,CIMFUB,0.9999991009302642
NOFRAC,CERPOF,0.8969035523788904
OVAJAX,HIBSUG06,0.999981522846306
OVAJAX,PAQYAJ01,0.8772567586223032
RAVFAX,TOJWEV,0.8423080362476925
TACJEO,PURJIW,0.9989549242632452
TACJEO,WEHHIC,0.8932532138262235
XICKOL,ECODIK,0.8768919466878238
XICKOL,IXAKAU,0.8763887628536686
XICKOL,SOZHOG,0.8532152644760899
XICKOL,XIQZIH,0.8439627451642315
XICKOL,PEKZIP,0.8417919671729357
XICKOL,HIDTUM,0.8392264016966602
SADMOB,SETQEP,0.9999999925710824
SADMOB,YAXBOP,0.9999996974328564
SADMOB,SETRAM,0.9999842243286334
SADMOB,SADMUH,0.9999685711358104
SADMOB,SETQUF,0.9999526179290128
SADMOB,SETQOZ,0.9999489830706304
SADMOB,POJTUE,0.9999194431311438
SADMOB,XUDSIY,0.9905355729490032
SADMOB,NEHZAE,0.9818576966201776
SADMOB,KUXSIH,0.9719584837722998
SADMOB,TOVJAR,0.9063102532870336
SADMOB,PIJKUR,0.885289245024991
SADMOB,TOVKEW,0.8518133425694376
DADTOS07,YANWOC01,0.9999865500739736
DADTOS07,DADTOS12,0.9999853353099382
DADTOS07,DADTOS14,0.9999527416404131
DADTOS07,YUKTUU,0.999905944342162
DADTOS07,PADJOU01,0.9998585775309132
DADTOS07,DADTOS17,0.9998266559170303
DADTOS07,LIJWOR01,0.99981657886788
DADTOS07,LIJWOR02,0.999811704989181
DADTOS07,LIJWOR,0.9998056274878192
XUJQAV,VEMSUC,0.999998983805659
XUJQAV,XUJPIC,0.9996686489078888
XUJQAV,PUNYON,0.9953937868420903
XUJQAV,QEZZED,0.8959187677289983
XUJQAV,SOQRUM,0.8764270644249921
XUJQAV,LIDSEY,0.8611414562063239
XUJQAV,XOMCIN,0.8610849779314607
XUJQAV,LIDSAU,0.8610265071486382
CIQHOC,IGINIX,0.8899599456051066
DIXGIC,EXUTAU,0.8756574602034772
XULGIW,ERARUM,0.8650729768082703
XULGIW,WIZMAV,0.8650560975504901
XULGIW,HICNOZ,0.8460450551937533
AFOVOH,FOCYUT,0.9136561617398736
AFOVOH,UKAPUS,0.8836812298766381
PIZHOX,QONLIQ,0.9999062441792432
PIZHOX,FUQJUX,0.9992575805575614
PIZHOX,PEBNER,0.9986938427199684
PIZHOX,VUQJEX01,0.9963282279403132
PIZHOX,QITZUP,0.8693467218935331
PIZHOX,CEXJUN01,0.8629431989955617
PIZHOX,CEXJUN,0.8628829861142161
PIZHOX,RODSAG,0.8564157041629159
PIZHOX,REFBAH01,0.85556749120794
PIZHOX,RAJPIE,0.8531657796114747
PIZHOX,RANLAV,0.8510189764296244
PIZHOX,MUGQAI,0.8423620776014575
PEBNER,FUQJUX,0.9999207500861642
PEBNER,VUQJEX01,0.9993987641235156
PEBNER,VUQJEX,0.9993751756666668
PEBNER,DEGJIK,0.9979524319361932
PEBNER,JAXNUU,0.9979163754996392
PEBNER,PENLEB,0.8741548799101322
PEBNER,CEXJUN03,0.86358009272761
PEBNER,CEXJUN,0.8635550392832183
PEBNER,CEXJUN01,0.863538970452194
PEBNER,REFBAH01,0.8578386697377447
PEBNER,RANLAV,0.8516841585290748
DUNXUH,UNAGOH,0.8970788526921691
PIQQEN,REFWIL,0.9869767458985704
PIQQEN,MICCIM,0.9766957044611382
MURFEM,OHOROS,0.9187032109230254
MURFEM,SAQFUM01,0.9186963160955982
MURFEM,SAQFUM,0.9186890502751308
MURFEM,LEYLIN,0.9000868091639844
MURFEM,ROSKOB,0.8813405873194118
MURFEM,TEDGUG,0.8474387439028241
MURFEM,DANWAS,0.843085572152972
MURFEM,TEDGOA,0.8430418229559421
WOJZOK01,HAWBUE,0.8652224117687224
SAHBEJ,SAGZUW,0.9999961049074352
ENITAX,QERZUI01,0.8419834204129256
ENITAX,ECODIK,0.8418040249616392
GISLOK,SEHSOO,0.849999194856887
GISLOK,IDINER,0.8424362649998741
GIMBIN05,DEHHOQ,0.9996576610918976
HACPOR01,HACPOR,0.9998736015375456
DUGDUG,AYOZOF,0.9919026137997397
DUGDUG,CEJXEW,0.9502034865232464
DUGDUG,YIXFUI,0.9068452969510452
DUGDUG,JUXSIG,0.851993672836599
DUGDUG,TORPUN,0.8487471703842989
DUGDUG,NEBYOK,0.8431917455216571
DUGDUG,NIGFOZ,0.8400899365371467
OKELIB,HALTUM,0.9983944178480734
OKELIB,FAHQEN,0.9336711921592792
CIFSAO,UNIDAY,0.999956332304104
CIFSAO,CIFSIW,0.9999453376070014
CIFSAO,NEDLOZ,0.9997094487256616
CIFSAO,FAHQEM,0.9563343126497847
CIFSAO,FIFGEI,0.9540881755691192
MICJOA,PENNAZ,0.9421274377347366
MICJOA,FIPKOG01,0.8684000362863089
MICJOA,NAPZOV,0.8425518350229632
MICJOA,AJIJEI,0.8421253173233714
ECEDEY01,ECEDEY,0.9997333167451554
ECEDEY01,TECVOO,0.908201423311306
ECEDEY01,TECTUS,0.9082013932527888
IDIWOH04,IDIWOH03,0.9999998873761328
IDIWOH04,WIDQAC,0.9999995120706724
SIKCIA,ECUVEF,0.910180393846215
CAXZUY,GAWZOW,0.999878015848473
CAXZUY,TEVVIC,0.9963452028314216
CAXZUY,TEVVEY,0.9963313647346116
CAXZUY,KEVBUK,0.9224489326060988
CAXZUY,XOMCIN,0.9088364326234132
CAXZUY,EKEKAH,0.8833492871211097
CAXZUY,FIFPAM01,0.860075997345213
CEXJUN03,CEXJUN01,0.999994382513464
CEXJUN03,QITZUP,0.8732711625777541
CEXJUN03,FUQJUX,0.8636338247298969
CEXJUN03,BUZKUE,0.8633868400050907
CEXJUN03,CISLUN,0.863168873967439
CEXJUN03,VUQJEX01,0.8626119254928358
CEXJUN03,VUQJEX,0.8625812101257331
CEXJUN03,JAXNUU,0.8621793639661166
CEXJUN03,TEYMES,0.8487472187046826
YIQVOL,INOBOD,0.9447124024157876
DEXZIS,INOBOD,0.9051535518751722
FIQDER,FAHQOX,0.926344064978084
FIQDER,EJINIV01,0.924835101091438
FIQDER,XUZRIU,0.8670025241154484
FIQDER,XEVSIB,0.8658328617088124
FIQDER,CAQJOW,0.8623069824203151
CAQJOW,QIQTOB,0.935095936967138
CAQJOW,FAHQOX,0.9338483797388836
CAQJOW,EJINIV01,0.8811413257749475
CAQJOW,DIBQIQ,0.8727908394092457
CAQJOW,NIGPEA,0.8695586622809072
CAQJOW,HELDOT,0.8670489257630131
CAQJOW,XUZRIU,0.8423651059585466
NUNNUH,VEMSUC,0.9999199770733216
NUNNUH,PUNYON,0.9943265009529164
NUNNUH,QEZZED,0.8963211641803437
NUNNUH,LIDSAU,0.8611287432828729
NUNNUH,XOMCIN,0.8608906796510024
YIPFIO,XUZRIU,0.9003776994137992
YIPFIO,XEVSIB,0.8990365151368223
EXOYAS,BABREE,0.8636900902983076
POCMEA01,POCMEA03,0.9999989151525884
POCMEA01,POCMEA04,0.9999929941363244
POCMEA01,POCMEA,0.9999927351822162
POCMEA01,INICPB01,0.999973337581482
POCMEA01,YUNBOZ,0.9997686076449048
POCMEA01,TUTQOP,0.99717518539425
POCMEA01,XILBAW,0.8850668722909967
POCMEA01,YAPQUC,0.8826691528233885
POCMEA01,NICOPB01,0.8436397479572797
WENRIR,RUDRUE,0.8961591170050948
WENRIR,LONHON,0.8597244398359152
ADEGIA01,ATIKAP,0.9998023501642268
ADEGIA01,UMIZEX,0.8872762354548059
ADEGIA01,KEZLIN,0.8822963635978711
ADEGIA01,EBEWOZ,0.8646277845260374
ADEGIA01,HOGQIF,0.863289285385792
ADEGIA01,INOVEN,0.8595218790327772
ADEGIA01,ELIKUG,0.8567469813694777
ADEGIA01,GEQQIF,0.8384223825819852
EMUBOF,QESBAR,0.8412234017661141
XUDSIY,NEHZAE,0.9985613989219028
XUDSIY,KUXSIH,0.994909042359262
XUDSIY,POJTOY,0.9934547129860468
XUDSIY,POJTUE,0.9921848122172002
XUDSIY,SETQOZ,0.9918629284054568
XUDSIY,SETQUF,0.9918164827494752
XUDSIY,SADMUH,0.991585709147472
XUDSIY,SETRAM,0.9912856362679
XUDSIY,SETQAL,0.990652710632615
XUDSIY,PIJKUR,0.8845215855111003
XUDSIY,TOVKEW,0.8503142367597846
XUDSIY,TOVJEV,0.842693228186126
INOVEN,ATIKAP,0.8604335454301499
INOVEN,AFUDUD,0.8496543837940408
INOVEN,KEZLIN,0.848588342816788
INOVEN,MIRGIG,0.8465407312845895
MIRGIG,KEZLIN,0.999122215325938
MIRGIG,AFUDUD,0.9974779961010922
MIRGIG,UMIZEX,0.965672627214566
MIRGIG,EBEWOZ,0.8872654753207101
MIRGIG,ATIKAP,0.8804269313689397
MIRGIG,MAKFOW,0.8800044306916672
MIRGIG,HOGQIF,0.8571891991530135
JAXNUU,QONLIQ,0.99963043884043
JAXNUU,BUZKUE,0.9970920612433508
JAXNUU,VUQJEX01,0.9950876469019524
JAXNUU,VUQJEX,0.9950209329645796
JAXNUU,CEXJUN01,0.8623544448407363
JAXNUU,CEXJUN,0.8622628993120639
JAXNUU,RODSAG,0.8555522833326779
JAXNUU,REFBAH01,0.8545181396682413
JAXNUU,RAJPIE,0.8517440073531369
JAXNUU,RANLAV,0.8504110944303312
JAXNUU,MUGQAI,0.8423528762662901
CEXJUN01,FUQJUX,0.8636348649183463
CEXJUN01,BUZKUE,0.8633064048535203
CEXJUN01,CISLUN,0.8632647709490131
CEXJUN01,VUQJEX01,0.8624547758514669
CEXJUN01,VUQJEX,0.8624218109642295
CEXJUN01,DEGJIK,0.8623827128470611
SEQSUE,SOQRUM,0.8880486376540607
SEQSUE,EKEKAH,0.8699777101819749
SEQSUE,GAWZOW,0.8634283806181371
SEQSUE,TEVVIC,0.8548310598289068
SEQSUE,TEVVEY,0.854773734419251
NIWQIV,KARMOH,0.9448958806356542
ELUQIM13,ELUQIM01,0.9999998295027638
ELUQIM13,ELUQIM04,0.9999996487098712
ELUQIM13,ELUQIM08,0.9999986884140248
ELUQIM13,VERZUP,0.99999646630746
ELUQIM13,TEVZOK,0.9998489010981716
ELUQIM13,YUKVUW04,0.9970661089445442
WEMKEG,CANROA,0.8651448488039254
WEMKEG,KOHDIW,0.8651339441500567
WEMKEG,DIBQIQ,0.8645496789528563
WEMKEG,CUWNIT,0.8644292303385311
WEMKEG,HELDOT,0.86156972325786
WEMKEG,VEDFOB,0.8443631036067563
WEMKEG,CIJBEE,0.8443051213177237
JUXSIG,XADDAJ01,0.9294812150036684
JUXSIG,NEBYOK,0.8963887629176751
JUXSIG,RAVDOJ,0.8528962983265396
JUXSIG,AYOZOF,0.8430934463192935
NOHSUA,TECVOO,0.8401519010540148
FUVYOL,ABIWOX,0.8815724465964782
FUVYOL,EDAJUP01,0.870427728068609
FUVYOL,NERVIP,0.8422276492575831
FUVYOL,CEJFOO,0.8419565940380236
UKOYOJ,ENEZON,0.8638997238395331
LUSHOX04,VUQJUN01,0.9458758107983938
LUSHOX04,YEKJAC,0.8850332863304842
LUSHOX04,AVILAT,0.8669194094866218
LUSHOX04,XOHTOE,0.8625564035221427
LUSHOX04,MUVJIX,0.8537171909496988
LUSHOX04,DOLWAE,0.8508467016203322
LUSHOX04,UKUPEX,0.8464373070107291
ECODIK,QERZUI01,0.9999888467358972
ECODIK,UFUMUD02,0.9998493800372328
ECODIK,QESBAR,0.8429661443369937
SENXER,KAHWOG,0.8523680361311031
SENXER,AHONEQ,0.8519757216567019
WIZMAV10,WIZMAV,0.9999999973818254
WIZMAV10,ERARUM,0.9999990492138184
WIZMAV10,VIKRIT,0.8932494731642034
NIMVUC,HAZNED,0.8636338007916053
NIMVUC,HAZNON,0.8633524074169447
IJOMOJ03,YANWOC01,0.9999961410982344
IJOMOJ03,DADTOS04,0.999994008761794
IJOMOJ03,DADTOS14,0.9999734942343248
IJOMOJ03,YUKTUU,0.999936476186692
IJOMOJ03,VIRJEM,0.9999143737588188
IJOMOJ03,LIJWOR02,0.9998557133581252
IJOMOJ03,LIJWOR01,0.9998434918659714
XAWVUN,AVAKAL02,0.9565745488546592
HELDOT,NIGPEA,0.9998123873146244
HELDOT,DIBQIQ,0.998746298812431
HELDOT,QIQTOB,0.8528546352899227
HELDOT,BAKJEE,0.8429375122048308
HELDOT,FAHQOX,0.8425216939456672
HELDOT,CIPLIX,0.8399339583359076
HELDOT,TIDNIF,0.8384198695806832
HICNOZ,ERARUM,0.8786196014436837
HICNOZ,WIZMAV,0.8785560167569773
DADTUY11,DADTUY07,0.9999930463389738
DADTUY11,SOJKOT07,0.9998645966473522
DADTUY11,MAJMOA03,0.9997336487368134
DADTUY11,DEFNIO,0.9987041839650465
DADTUY11,EDAGEX,0.9986323876027994
DADTUY11,EDAGAT,0.9983123473048552
DADTUY11,RAVVIU01,0.9982968973971296
DADTUY11,RAVVOA01,0.9980620624633024
NUCRIN,LEYLIN,0.9282337604202054
NUCRIN,GAMFEG,0.8970857050696581
NUCRIN,SAQFUM01,0.8775131491227427
NUCRIN,SAQFUM,0.8774587271618659
NUCRIN,VEMMAC,0.8516976227627566
NUCRIN,VAHWOS01,0.8514385190525187
NUCRIN,VAHWOS02,0.8513863981336491
NUCRIN,VAHWIM,0.8513685382737887
ROSKIV,ROSKOB,0.9035071348218062
GEPBEK,USAYOE,0.9986563251882764
GEPBEK,FUDHAP,0.8509299236929431
HIDTUM,HOYQIX,0.859645761249298
WIPLOY,YABKEU,0.9559959735363178
WIPLOY,EWASIG,0.9438208655460836
WIPLOY,NAJSUP,0.9003416822579858
WIPLOY,AHONEQ,0.8520001812240595
LICSEW04,MGFORD02,0.9999929192143244
LICSEW04,SIRBIG06,0.9998315854148482
LICSEW04,NAXVOY,0.9990324764802028
LICSEW04,NAXVOY04,0.99725083937948
LICSEW04,NIWZIE09,0.9964685354524642
LICSEW04,NIWPIU,0.9960131653873988
LICSEW04,NIWZIE18,0.9959729145554128
NICZAA01,FOXQIT,0.9004998360537353
UFEVIL,AHAJUP,0.8541784399210064
IFIPEV,FIFGEI,0.9999854130491936
IFIPEV,FAHQEM,0.9982153736683612
IFIPEV,NEDLOZ,0.9551933421064636
IFIPEV,CIFSIW,0.9544208691474122
GUPDEB,GUPCUQ01,0.9997595398531328
POJTOY,EFEGOM,0.999930668235358
POJTOY,SETQOZ,0.9999120224612844
POJTOY,SETQUF,0.9999071015635664
POJTOY,SADMUH,0.9998808554566796
POJTOY,SETRAM,0.999842408150658
POJTOY,SETQAL,0.999746950324512
POJTOY,YAXBOP,0.999744970827908
POJTOY,SETQEP,0.999728880686886
POJTOY,TOVJAR,0.907490470895505
POJTOY,PIJKUR,0.8864957911351985
POJTOY,REZXOK,0.8848059218471782
POJTOY,UFIKOM,0.8692538539262005
POJTOY,TOVJEV,0.8460087230317812
TIDNIF,VEDFOB,0.8771016278241657
TIDNIF,CIPLIX,0.8571845147352113
TIDNIF,NIGPEA,0.8397960675871546
QACTUJ,HUCXEK,0.907988209632395
QACTUJ,LOZSUQ,0.9071196646635558
QACTUJ,ZAXSAV,0.906814718599972
QACTUJ,CUJCIV,0.905263942606927
QACTUJ,XADDAJ01,0.8861611031226264
QACTUJ,NIGFOZ,0.8748755478138741
QACTUJ,IZEBAR,0.8584570864572956
KEVBUK,TEVVIC,0.9254449519754376
KEVBUK,GAWZOW,0.9232921767622064
KEVBUK,XOMCIN,0.8856210333723279
KEVBUK,ROGLOP,0.8594101075834711
SEZCIM,SEZCOS,0.9999272494332696
IDUTAF,QERZUI01,0.866653715655982
IDUTAF,UFUMUD02,0.8664784357069368
XUFYEE,XOPXAC,0.9999218896021036
XUFYEE,WAQDOJ,0.9071020103021524
QISGAC,LIWYUM,0.8650513263438099
BEXPAX,FAHQEN,0.8429564571792934
UXEDUX,UXEDOR,0.999973824234762
UXEDUX,ISIYUF01,0.9999995083429358
UXEDUX,ISIYOZ01,0.9998702332973132
UXEDUX,ERFORD01,0.9981390446789123
MNFORD03,LIJWOR,0.9999971824738508
MNFORD03,PADJOU01,0.9999892070376314
MNFORD03,VIRJEM,0.9999827893812072
MNFORD03,YUKTUU,0.9999704846690683
MNFORD03,DADTOS14,0.9999318212255393
MNFORD03,LIJWOR01,0.9999109049984038
MNFORD03,DADTOS12,0.999872294600151
MNFORD03,YANWOC01,0.9998686000375936
VIRJEM,YUKTUU,0.9999983450554446
VIRJEM,DADTOS17,0.9999952340736734
VIRJEM,LIJWOR,0.9999898953509284
VIRJEM,DADTOS04,0.9999533686707875
VIRJEM,YANWOC01,0.9999464592059288
VIRJEM,LIJWOR01,0.9999282995562332
KENVOR01,KENTEF04,0.9999996460312304
KENVOR01,KENTEF03,0.999993945959966
KENVOR01,KEPMUQ05,0.8787231972807027
GAWZOW,TEVVIC,0.9973191398093302
GAWZOW,TEVVEY,0.9973112486112
GAWZOW,LIDSEY,0.9087005437838642
GAWZOW,FIFPAM01,0.8606051321886589
DIBQIQ,NIGPEA,0.9995281977453496
DIBQIQ,CAQKAJ01,0.8768880129981601
DIBQIQ,FEXCES,0.8768060767058672
DIBQIQ,RUYGAV,0.8522690259157365
DIBQIQ,FAHQOX,0.850756279796178
DIBQIQ,BAKJEE,0.8440255837507512
DIBQIQ,LUWZUZ02,0.8409842018895076
DIBQIQ,CIPLIX,0.8398496674369529
MGFORD02,LICSEW03,0.9999450154081148
MGFORD02,AMURUX10,0.9998609832098704
MGFORD02,SIRBIG06,0.9997727433478264
MGFORD02,NAXVOY,0.9988633308306858
MGFORD02,MOPQIT,0.9971808316696996
MGFORD02,NAXVOY04,0.997023229532975
MGFORD02,NIWZIE08,0.9964039293328916
MGFORD02,NIWZIE09,0.9962117715735396
MGFORD02,NIWPIU,0.995740656702403
MGFORD02,NIWZIE18,0.9956990592185082
ATIJOC,ALUJEX,0.9952861871159112
GERWOR,CEHKUW,0.9079065186947728
GERWOR,ODIXIK,0.8609462456494399
PIJKUR,TOVJAR,0.9479886930837128
PIJKUR,BAZBIQ,0.9312065251865826
PIJKUR,EFEGOM,0.8859557825637414
PIJKUR,SETQOZ,0.8858776213235412
PIJKUR,SETQUF,0.8858580464397026
PIJKUR,SADMUH,0.8857596074173212
PIJKUR,SETRAM,0.8856287767495296
PIJKUR,SETQEP,0.885293886377309
PIJKUR,TOVJEV,0.8800626652101899
PIJKUR,KUXSIH,0.8720284416818807
PIJKUR,TOVKEW,0.8422540580812313
SETQOZ,SETQUF,0.9999999327794092
SETQOZ,EFEGOM,0.9999988907466628
SETQOZ,SADMUH,0.9999976390560424
SETQOZ,SETRAM,0.9999899238270968
SETQOZ,YAXBOP,0.9999565332120348
SETQOZ,KUXSIH,0.974237164803417
SETQOZ,REZXOK,0.8844096046899627
SETQOZ,TOVJEV,0.8455456927691382
VIKRIT,VIKSEQ,0.9998462892210987
VIKRIT,ERARUM,0.8931823639175839
IDINER,SAQQEH,0.9444541843317804
IDINER,SEHSOO,0.8399070808903351
SEHSOO,XUMTUV,0.8779618379806151
FUDHAP,QUSVOQ,0.9422271721814612
FUDHAP,USAYOE,0.8569291691168939
FUDHAP,UFUKUB02,0.8423248261611245
FUDHAP,HUZJIW,0.8391516008509126
LIJWOR01,LIJWOR,0.9999380071302628
LIJWOR01,PADJOU01,0.9999372322392012
LIJWOR01,YUKTUU,0.9999281556391234
LIJWOR01,DADTOS14,0.9999142991910012
LIJWOR01,DADTOS04,0.9998871164186586
LIJWOR01,YANWOC01,0.99988037627882
KIYZID03,PTRPHT02,0.9062308807786446
JOFDOZ01,UTEXUN,0.9961591330490548
SAQFUM,OHOROS,0.9999967009592172
SAQFUM,FELZOM,0.9186097532997106
SAQFUM,VAHWOS02,0.8569592064024424
SAQFUM,VAHWOS01,0.856956602283699
SAQFUM,VAHWIM,0.8569519822271849
SAQFUM,VEMMAC,0.8568649274364016
SAQFUM,LEYLIN,0.8529003286381295
IZUKEV,HIQKEZ,0.9999313965729966
IZUKEV,RIFYAI,0.9997139280713184
HAZGOF11,GATHAL,0.9999976476984092
HAZGOF11,HAZGOF16,0.9999969558302876
HAZGOF11,HAZGOF07,0.9999945084435984
HAZGOF11,HAZGOF04,0.9999944504754668
HAZGOF11,TAJTIK,0.999994105357724
HAZGOF11,HAZGOF06,0.9999935714735786
HAZGOF11,HOJNIF,0.9999929276361156
HAZGOF11,CAVMUJ02,0.9989815565514084
CEJXEW,ZALLEG,0.9985117965630644
CEJXEW,AYOZOF,0.9413512782313738
CEJXEW,XADDAJ01,0.9324652023230916
CEJXEW,ZAXSAV,0.8647775707347586
CEJXEW,EWETUW,0.8646362405449525
CEJXEW,LOZSUQ,0.8645891021560184
CEJXEW,TORPUN,0.8640758015896682
CEJXEW,CUJCIV,0.8622571520825614
CEJXEW,HUCXEK,0.8598000404395285
CDLGLU11,CDLGLU12,0.9999224563213494
GEVXAI01,AFOJIO,0.9996075259155436
GEVXAI01,NATRAD,0.9957437389912374
GEVXAI01,VIFBIX,0.9892692234267116
GEVXAI01,RIQVUJ,0.8721718600912558
VIFBIX,AFOJIO,0.992915856794597
VIFBIX,GEVXAI,0.9885714376724104
VIFBIX,FEQXAB,0.9881395489296986
VIFBIX,RIQVUJ,0.8706810205301442
YUKTUU05,JEDKIP,0.9999990924554584
HUFHOH,TAMHUM,0.9999372489834746
HUFHOH,TAMJEY,0.9999990677970932
HUFHOH,HUFHUN,0.9999779655579288
HUFHOH,HUFJEZ,0.9997718612569492
HUFHOH,HUFJID,0.99858643807046
HUFHOH,GAMSOD,0.8796275419751621
HUFJAV,HUFJEZ,0.9996824806867842
MACUFR06,OCUQIO,0.9998281918634928
MACUFR06,CUFORD,0.9997346591333884
MACUFR06,ROLCEC11,0.9988507430204276
MACUFR06,ROLCEC09,0.99884732681164
MACUFR06,ROLCEC01,0.998097145619076
NAXVOY04,MOPQIT,0.9999975400935666
NAXVOY04,NIWZIE08,0.9999705259986852
NAXVOY04,NIWPIU,0.9998845505984012
NAXVOY04,NAXVOY,0.9984261653586738
NAXVOY04,LICSEW03,0.9974862080629272
NIWZIE09,NIWZIE17,0.9999864072709588
NIWZIE09,NIWPIU,0.9999860862720128
NIWZIE09,NIWZIE18,0.999983602424253
NIWZIE09,NAXVOY,0.9979286303742928
HIQNUS,GUDCIT,0.9536780723048028
EDAGEX,EDAGAT,0.9999828351315628
EDAGEX,RAVVOA01,0.9999498596120716
EDAGEX,DADTUY07,0.9988202322543748
EDAGEX,MAJMOA03,0.9971628781087322
EDAGEX,DEFNIO,0.9946952341810332
UNAGOH,APACAX,0.8771992641858075
UNAGOH,MUWRUT,0.8535223226145384
UNAGOH,WEHHIC,0.852992389067421
CISLUN,DEGJIK,0.999725755089881
CISLUN,FUQJUX,0.999594519478701
CISLUN,PENLEB,0.8706565118057681
CISLUN,CEXJUN,0.8632270559664038
CISLUN,RODSAG,0.8569440575135179
CISLUN,REFBAH01,0.8562352752854433
CISLUN,RAJPIE,0.8541166679666181
CISLUN,RANLAV,0.8513549142563037
TEYMES,CEXJUN,0.8487487763727255
YEKWOC,EXUTAU,0.9082395211667992
EJINIV01,QIQTOB,0.9335811630827772
EJINIV01,FAHQOX,0.930884772690916
EJINIV01,XUZRIU,0.910245231890094
EJINIV01,XEVSIB,0.9088531603264562
EJINIV01,CAQKAJ01,0.878946370423429
POJTUE,EFEGOM,0.9999990793056855
POJTUE,SETQUF,0.9999953773005984
POJTUE,SETQAL,0.999929908238762
POJTUE,YAXBOP,0.9999290101081088
POJTUE,SETQEP,0.9999202873836512
POJTUE,NEHZAE,0.9841508146913488
POJTUE,REZXOK,0.8844996022885847
POJTUE,TOVKEW,0.8524754157177682
POJTUE,TOVJEV,0.8456487650676742
NIKYOW01,NIKZEN,0.9999977835585692
NIKYOW01,NIKYUC,0.9999599247629976
NIKYOW01,IZAKAX,0.9999476143043808
NIKYOW01,NUDPAE12,0.9996635063288876
NIKYOW01,NUDPAE02,0.998675985384012
MALWUU,QOZPEC,0.8395269655606528
RUDRUE,CERPOF,0.9999499750324442
RUDRUE,UHEBOA,0.8870803188832393
RUDRUE,YAPQUC,0.8691498082631073
LIJWOR,LIJWOR02,0.9999994936497484
LIJWOR,DADTOS14,0.9999491262251616
LIJWOR,DADTOS04,0.9999036963324828
LIJWOR,DADTOS12,0.9998972465226954
LIJWOR,YANWOC01,0.9998939229598494
QIQTOB,FAHQOX,0.9978327874231914
QIQTOB,XUZRIU,0.8745924928717861
QIQTOB,XEVSIB,0.8735101128702714
FUQJUX,QONLIQ,0.9996910139386848
FUQJUX,VUQJEX,0.9988517110165156
FUQJUX,PENLEB,0.8732545312348378
FUQJUX,RANLAV,0.8517629398337749
FUQJUX,MUGQAI,0.8413893864916149
DEHHEG,DELTAQ01,0.9997936210284608
DEHHEG,BIFSUF,0.9997711536133688
PADJOU01,DADTOS17,0.9999978241821204
PADJOU01,LIJWOR02,0.9999966374079864
PADJOU01,YUKTUU,0.9999948839749202
PADJOU01,DADTOS14,0.9999745459669848
PADJOU01,DADTOS12,0.9999348489790236
CIJBEE,NERVIP,0.8422554966274074
PEKZIP,ASUKEE01,0.9989797542374496
PEKZIP,LABJUV,0.887722817184128
PEKZIP,RANLAV,0.8533301815473762
PEKZIP,MUGQAI,0.845680066113369
PEKZIP,MOXPIZ,0.838482745910359
LARBOW,LARBOW01,0.9999998699594028
LARBOW,IYOQIY,0.901046299420686
NAMDOV,KOQXUL,0.99972882349534
NAMDOV,OHIHUJ,0.9978626181719416
NAMDOV,HAWDIU,0.8410756719168677
YIXFUI,EWETUW,0.907887139452988
YIXFUI,ZAXSAV,0.9077476924590504
YIXFUI,HUCXEK,0.90724855724031
YIXFUI,AYOZOF,0.8983656011190952
YIXFUI,XADDAJ01,0.8869659749362124
ACOFEG,ELIKOA,0.8581442267359203
DADTOS12,DADTOS04,0.999999893487886
DADTOS12,DADTOS14,0.99999072717147
DADTOS12,YUKTUU,0.9999655542791156
DADTOS12,DADTOS17,0.9999128187595612
DADTOS12,LIJWOR02,0.999902013331142
VALGAS,KEPKUO,0.8515738533017532
VALGAS,IRELAU,0.8509314650890383
ASEJIT,IYOQIY,0.9999956220820144
ASEJIT,CISMEY,0.897584111168762
YEJXUI,VONCUY,0.9035031471765448
YEJXUI,VONBUX01,0.9033557485058012
YEJXUI,VONDAF,0.9029713832615672
YEJXUI,NUXMEY01,0.845057375142005
RUFMUA,TECTUS,0.9999285460958056
PEFDEK,BUHFER,0.9991179204866324
PEFDEK,GAXROO,0.9990102952749846
OKIVAG,OKIYIR01,0.9999999739768166
OKIVAG,OKIYAJ01,0.9999999270418908
OKIVAG,OKIVIO01,0.9999989464072616
OKIVAG,WUNVAD,0.999998541285656
OKIVAG,OKIVIO02,0.999996972502316
OKIVAG,WUNSII,0.9999919676795406
OKIVAG,WUNSEE01,0.9999600750939368
WUNVAD,OKIYIR01,0.9999984400118436
WUNVAD,OKIYAJ01,0.9999978273921633
WUNVAD,WUNVEH,0.9999974540568012
WUNVAD,OKIVIO01,0.9999950333960484
WUNVAD,YINNUH,0.9999897372354776
WUNVAD,WUNSII,0.99998370455139
WUNVAD,WUNSEE01,0.999973722016252
NEBYOK,XADDAJ01,0.8956003638841469
MAJMOA03,DEFNIO,0.999611241579959
MAJMOA03,EDAGAT,0.9967096503576736
AHONEQ,LUCDAO,0.8618719944235229
AHONEQ,EXUTAU,0.8591020123522293
AHONEQ,YABKEU,0.8546825257493011
AHONEQ,EWASIG,0.8496603430953091
DELTAQ01,DELTAQ02,0.9998082490733068
LUWMEX,APAZIC,0.9992362900260132
LUWMEX,FECXAO,0.9479822157291748
FISGOF,HOYQIX,0.9083066880255192
FISGOF,HABQUY,0.8871481400907731
HAFVOB,OFOYUG,0.851465900113622
HAFVOB,UQEFED,0.8514455444228677
HAFVOB,OKAYIK,0.851322208205596
HAFVOB,UQEFAZ,0.8507194104922735
HAFVOB,QUXRIM,0.8506541756639329
NERVIP,CEJFOO,0.999378075816996
NERVIP,VEDFOB,0.8425241240327842
YUKTUU,DADTOS17,0.9999879626552044
YUKTUU,LIJWOR02,0.9999835663793788
MUXVIM,XOGWUN,0.8856468850518513
MUXVIM,IRELIC,0.8822664215853342
REFWIL,MICCIM,0.9563652901193924
SADMUH,SETQUF,0.9999983682120652
SADMUH,SETRAM,0.9999973126425938
SADMUH,SETQAL,0.9999750324851
SADMUH,YAXBOP,0.9999744323166436
SADMUH,SETQEP,0.9999691441893872
SADMUH,NEHZAE,0.9833110345383786
SADMUH,TOVJAR,0.9067716933738472
SADMUH,REZXOK,0.8843279124003607
SADMUH,UFIKOM,0.8692336905078596
SADMUH,TOVJEV,0.8454530645967188
DADVAG04,DADVAG07,0.9999967059306152
DADVAG04,DADVAG,0.9999957282916196
DADVAG04,DADVAG08,0.999993529425596
DADVAG04,YUKVIK,0.9999869382425914
HOYQIX,AVAKAL02,0.8659204557845497
HOYQIX,SIXNUL,0.8426163018972371
HOYQIX,FAMQAO,0.8422544352012167
GARTIF,REVSAP,0.8481140881902145
ATIKET,NILCIW,0.8333168298167127
LIJWOR02,DADTOS17,0.9999992290933352
LIJWOR02,DADTOS04,0.9999083528043922
LIJWOR02,YANWOC01,0.999898766053164
FOSTIS,UNIDAY,0.9999785896182548
FOSTIS,CIFSIW,0.9999099576145096
FOSTIS,FIFGEI,0.953886669443386
FOSTIS,VIFPUY05,0.9030351672389436
HOGWAB,JELPAS,0.9911302884101
HOGWAB,COXHON,0.9863219795974636
WIZMAV,ERARUM,0.999999146311214
WIZMAV,VIKSEQ,0.8939361645075877
WIZMAV,XIJVIY,0.8922146369510399
NIWZIE18,NIWPIU,0.9999998980565318
NIWZIE18,NIWZIE17,0.99999986854545
NIWZIE18,NIWZIE08,0.9999682289140196
NIWZIE18,MOPQIT,0.9998423120562632
NIWZIE18,NAXVOY,0.9976016109609306
NIWZIE18,LICSEW03,0.9962630517853804
NIWZIE18,AMURUX10,0.9943920438609778
XOHTOE,KOZDEK,0.8746483111694267
VUQJEX01,VUQJEX,0.9999997726526206
VUQJEX01,BUZKUE,0.9997367457256428
VUQJEX01,QONLIQ,0.9974033278651868
VUQJEX01,QITZUP,0.875761950545819
VUQJEX01,CEXJUN,0.8625282156325234
VUQJEX01,RODSAG,0.8576312827111026
VUQJEX01,RANLAV,0.850647438382039
IXOFUX01,XAVDEF,0.9999996874678038
IXOFUX01,WIDQAC,0.9999992750567418
IXOFUX01,XAVDIJ,0.9999971469602544
IXOFUX01,JUMDEC,0.9999969146888732
IXOFUX01,ATOTIM,0.9999337522412528
IXOFUX01,ALOVEC,0.9960526248862012
IXOFUX01,PARFOF,0.8850392235684728
ATOTIM,XAVDIJ,0.9999050166314616
ATOTIM,JUMDEC,0.9999028051978396
ATOTIM,ALOVEC,0.9949695681452192
EFEGOM,SETQUF,0.9999982781445684
EFEGOM,SETQAL,0.9999424586947318
EFEGOM,YAXBOP,0.9999415404239902
EFEGOM,SETQEP,0.9999336793107892
EFEGOM,NEHZAE,0.9839625815013916
EFEGOM,KUXSIH,0.9745653627755478
EFEGOM,REZXOK,0.884462870436884
EFEGOM,TOVKEW,0.8524174911054765
EDAJUP,FEXCES,0.8663262599781941
SOWCOY01,ZAQXEX,0.8911195975109992
RODSAG,REFBAH01,0.9999040270335378
RODSAG,RAJPIE,0.9991254211328268
RODSAG,WIFSAI01,0.921485088112107
RODSAG,BUZKUE,0.8580260070584848
RODSAG,VUQJEX,0.8576117822326397
RODSAG,DEGJIK,0.85559169772935
PENLEB,QITZUP,0.9999919119186836
PENLEB,VUQJEX,0.8758471103165913
PENLEB,BUZKUE,0.8748549043099004
PENLEB,CEXJUN,0.8732800425904795
PENLEB,QONLIQ,0.8710156398018488
MAGVOG08,MAGVOG32,0.9999979155042322
WOCGUR,UGECEO01,0.847051885294516
WOCGUR,IGAHED03,0.8466717345293109
EDAGAT,RAVVIU01,0.9999999465916848
EDAGAT,DEFNIO,0.9940814590091794
IMIDZB13,HICGEG,0.9981158795273928
IMIDZB13,VEJZIU,0.9955752913214946
IMIDZB13,KUMXEW,0.9955095897896822
IMIDZB13,IMIDZB08,0.9954308112416104
IMIDZB13,IMIDZB05,0.9951364297182722
WIPKAJ,IGOWUY,0.8386960282282324
MUQYEE,CUFFUF,0.9472062085789348
MUQYEE,CUFFEP,0.9472048199635928
MUQYEE,NEDLOZ,0.8639729619759637
MUQYEE,CIFSIW,0.8632191907843569
YANWOC01,DADTOS04,0.9999997612388776
YANWOC01,DADTOS14,0.9999897142106604
YANWOC01,DADTOS17,0.999909767769968
CEHKUW,NAPZOV,0.919481530196804
CEHKUW,VIDVUB,0.9065365259860296
CEHKUW,PENNAZ,0.8610422180438365
TOVJAR,SETQUF,0.9068680972388036
TOVJAR,SETRAM,0.9066434675005072
TOVJAR,SETQAL,0.9063635024417837
TOVJAR,YAXBOP,0.9063582574196866
TOVJAR,SETQEP,0.9063148124924212
TOVJAR,TOVJEV,0.9006376096937344
TOVJAR,NEHZAE,0.8999280126862548
TOVJAR,KUXSIH,0.8927828048580312
TOVJAR,TOVKEW,0.8607767921351261
TOVJAR,UFIKOM,0.8507361154068138
TOVJAR,REZXOK,0.8428746566837007
SETQAL,YAXBOP,0.9999999870842516
SETQAL,SETRAM,0.9999886734052306
SETQAL,SETQUF,0.9999606393607748
SETQAL,NEHZAE,0.9820188075153092
SETQAL,REZXOK,0.8840297726302401
SETQAL,TOVKEW,0.8518617724364835
WAWGOQ,BEWCUD,0.9532549759530616
WAWGOQ,CATDEH,0.8558721897912199
ALICII,KELJIV,0.9998355952589518
KELJIV,QALHES,0.994386514823022
VUQKAU01,VUQJUN01,0.9981664568441648
VUQKAU01,IVELUS,0.8442386778175355
HAZNED,HAZNON,0.999763443504602
SIWQIA02,TAYZUQ,0.999940216394636
SIWQIA02,YUKVUW04,0.9999286332943964
SIWQIA02,DAXNIA,0.9997899302006968
SIWQIA02,AMOBEL02,0.9992659088842484
SIWQIA02,TEVZOK,0.9974926089882614
SIWQIA02,ELUQIM04,0.9961893845642732
SIWQIA02,ELUQIM01,0.9961672808821268
SIWQIA02,VERZUP,0.995880019730487
FAHQEM,FIFGEI,0.9985229959232516
FAHQEM,CIFSIW,0.956428273533388
FAHQEM,NEDLOZ,0.956385903671325
FAHQEM,UNIDAY,0.9562366618659276
TEVZOK,RATDAS02,0.9999969571232163
TEVZOK,ELUQIM04,0.9998631148716602
TEVZOK,VERZUP,0.9997992008351356
TEVZOK,YANXIX04,0.9989117936627248
TEVZOK,DAXNIA,0.9987084450170028
TEVZOK,YUKVUW04,0.9982442871287476
TEVZOK,SIWYOO,0.9973972332365802
TEVZOK,TAYZUQ,0.996771440976789
TEVZOK,AMOBEL02,0.995301212693284
FAWCEN01,VELVOY,0.9999982346936124
FAWCEN01,XIZCOA,0.999995968825606
MAQDUD,NEZQAN,0.9318060336438324
MAQDUD,XUNGOD,0.8849123249678099
MAQDUD,NEXXIZ,0.8844360850542946
MAQDUD,XUNSEG,0.8830633809303567
MAQDUD,OXEWUL,0.8740387792675927
MAQDUD,REYDOR,0.8714654959961985
DADTOS17,DADTOS14,0.999960409018585
UFUKUB02,HUZJIW,0.9986162219522576
UFUKUB02,CIPLIX,0.9188510373763336
BEPMEQ,BEPPAP,0.9999999918348096
BEPMEQ,BEPMIU,0.9999999442598564
BEPMEQ,KIGCEK,0.9073044088517852
BEPMEQ,UFAREB,0.8993581992574525
CIPLIX,UFUKUB03,0.9190028481179504
CIPLIX,HUZJIW,0.9148695135386016
CIPLIX,BEXVAD01,0.9082172385310998
CIPLIX,FUDHET,0.904392518614382
CIPLIX,FILYEG,0.8936701177543771
CIPLIX,QUSVOQ,0.8606961093963209
YAXBOP,SETRAM,0.9999882911407668
YAXBOP,KUXSIH,0.9721370755378304
YAXBOP,REZXOK,0.8840258475119998
YAXBOP,UFIKOM,0.8691435532155365
YAXBOP,TOVKEW,0.8518583562652904
YAXBOP,TOVJEV,0.8451150409667108
TUTJAU,UQOGAK,0.847851976190753
WULBEM,ZEFNIH01,0.8778747548538872
WUNSEE01,YINNUH,0.9999962833751038
WUNSEE01,WUNTAB,0.9999803184063112
WUNSEE01,ITIWIS,0.999966980132371
WUNSEE01,OKIWEL,0.999960265451929
WUNSEE01,OKIYIR01,0.9999593734220296
WUNSEE01,OKIVIO01,0.9999465774922413
WUNSEE01,OKIVIO02,0.9999353606932948
WUNSEE01,SAHYAD02,0.9999336000678544
WUNSEE01,WUNSII,0.9999162501200056
JEGJUD,NUDLOP01,0.8871935691553652
JEGJUD,NUDLOP,0.8868212773327606
JEGJUD,NUDMUW,0.8866172033976565
JEGJUD,XEQLEM,0.8433869113915716
LESWAI,OHIHUJ,0.8636168491217149
NOCLUN,NOCLOH01,0.9963369551358424
NOCLUN,DAYCIQ,0.8573354516975656
NOCLUN,ELOQON,0.8547022831589215
ROYMEZ,VUQJUN01,0.8843312359444373
RUWWOW01,RUWWOW,0.999999732548476
RUWWOW01,RUWWUC,0.9998662469272984
RUWWOW01,APAYUN,0.8495109290451742
RUWWOW01,APAZIC,0.8493708761058976
REQDIB,KIKMAV,0.9995701310454482
BICPUA,MAPGOC,0.9081489666846964
BICPUA,HELNAQ,0.9065548628447484
BICPUA,MAPGUI,0.9026996083975584
BICPUA,VUDQOB,0.9022639718036692
BICPUA,MAPHAP,0.8422787589149179
BICPUA,SADLIU,0.8389543907849344
LINJEX,GAMPUG,0.8194495294845603
ELUQIM08,ELUQIM01,0.9999994634041398
ELUQIM08,YANXIX04,0.998053543586648
ELUQIM08,DAXNIA,0.9977851656083144
ELUQIM08,YUKVUW04,0.9971885109512356
ELUQIM08,SIWYOO,0.9961405003420376
ELUQIM08,TAYZUQ,0.9953868312250352
ELUQIM08,AMOBEL02,0.9937673280350916
NAXKOO02,TEPJAB,0.9999213735634342
NAXKOO02,EGELOS,0.8383521671439657
MIRNOR01,MIRNOR,0.9999981765911948
FEXCES,EDAJUP01,0.8653650084988036
FEXCES,POSGUB,0.8459427314756001
VAFCAH,VAFCAH01,0.9997773067856384
VAFCAH,HAWDIU,0.857663439693301
IBAPEJ,NERCIY,0.8424433256031212
IBAPEJ,DANVAQ,0.8407409039336258
IBAPEJ,DANVEU,0.8400814438517711
IBAPEJ,ECUFAM,0.838484477060771
YUWKEH,ECUDAI,0.8999551099063775
ECUDAI,ULAZAJ,0.9120515488032672
ECUDAI,PAPKUP,0.8647274997978305
WUNTUV,ITIWIS,0.9999998878039252
OHIHUJ,DOJXIK,0.9999883489364464
OHIHUJ,KUGQOT,0.9983329545630848
OHIHUJ,HAWDIU,0.8436521550286875
SUHPUH,BOGXIF02,0.9999982524778608
SUHPUH,BOBTOC,0.9998670149124268
SUHPUH,OGULUY,0.9899356528575204
OGULUY,BOGXIF02,0.9901602054991736
OGULUY,SUHNIT,0.9899442437016508
CIFSIW,NEDLOZ,0.9999067061261692
CIFSIW,UNIDAY,0.9998588494708348
CIFSIW,FIFGEI,0.954748514902984
CIFSIW,VIFPUY05,0.9043022642923187
GAMSOD,BUXTUL,0.8795398497102815
XAVDEF,IDIWOH02,0.9999998490981956
XAVDEF,IDIWOH03,0.999999627923954
XAVDEF,WIDQAC,0.9999990534695304
XAVDEF,XAVDIJ,0.999998207457602
XAVDEF,PARFOF,0.8850429924518927
UQOGAK,JEJZAC,0.8899954028462999
TADWEC,FECJUT,0.8745508241158053
LACFOM,SAQCIZ,0.9999948185174986
LACFOM,YAPQUC,0.8952627661811647
LACFOM,XILBAW,0.8928595284542451
LACFOM,LONHON,0.8859213962261209
BEPNUH,BEPMIU,0.9999999858115728
BEPNUH,BEPPAP,0.999999957003724
BEPNUH,MAWTUC,0.9999824278117186
BEPNUH,KIGCEK,0.9073040535303744
BEPNUH,UFAREB,0.8993490369275347
JUVROJ,VIDWAI,0.9008331192936654
JUVROJ,SIWTOJ,0.8397305226968517
EXUTAU,LUCDAO,0.8777622183289904
EXUTAU,PEHWUW,0.8611352948020083
EXUTAU,ELIKOA,0.8540034135552175
KUHNEI,OCACUR,0.9956836678094918
KUHNEI,IGAHED03,0.9952377620918684
KUHNEI,XUZRIU,0.8594000247893206
KUHNEI,XEVSIB,0.8593167157270549
QIKZIW,NELRAY,0.8987509452803715
QIKZIW,UCEXOQ,0.8965039499672135
FOCYUT,FOCZEE,0.999995229948406
FOCYUT,FOKYIP,0.8838330682558949
OKIYAJ01,WUNVEH,0.9999999799761964
OKIYAJ01,OKIYIR01,0.9999999335477376
OKIYAJ01,OKIVIO01,0.9999993979124934
OKIYAJ01,ITIWIS,0.9999992772480129
OKIYAJ01,OKIVIO02,0.9999978188307632
OKIYAJ01,SAHYAD02,0.999997563229602
OKIYAJ01,WUNSII,0.9999934210880482
OKIYAJ01,YINNUH,0.9999782696664332
RIPPAJ,RIPPEN,0.999800471065324
HENSEB01,VUKSIF,0.9997057283907976
UCEXOQ,HUCXUA,0.9082295671676162
JUMDEC,XAVDIJ,0.9999999543852814
JUMDEC,ALOVEC,0.9962655954134988
JUMDEC,PARFOF,0.8850576967240364
DADTUY07,DEFNIO,0.9985080374383188
DADTUY07,RAVVIU01,0.9985072676601996
DADTUY07,RAVVOA01,0.9982868765679876
QETSOY01,UZATAR,0.9975359767002616
QETSOY01,ETEKEU,0.8675030664800305
DOLWAE,MUVJIX,0.9991843245708816
ASUKEE01,XIQZIH,0.9998673175576894
ASUKEE01,OJOQAF,0.9982044760614052
ASUKEE01,RANLAV,0.8551172985884326
ASUKEE01,MUGQAI,0.8455019123904841
MUGQAI,RANLAV,0.985671580345124
MUGQAI,DEGJIK,0.842356917421726
MUGQAI,QONLIQ,0.842187203944329
MUGQAI,OJOQAF,0.8421690469954596
UQEFAZ,OKAYIK,0.9990745886685772
UQEFAZ,OFOYUG,0.999020854830242
UQEFAZ,UQEFED,0.9988833065462104
HAWVOQ02,HAWVOQ,0.9999829769918276
HAWVOQ02,MAKROG,0.9976528946324272
KAKCEH02,IFIQUM,0.8001918260150459
PIQPUC,MICCIM,0.9762405536714278
TORXAB,KEYZEV,0.9976984411748968
KEYZOF,KEYZEV,0.9999991530091944
TAYZUQ,SIWYOO,0.9999661269994968
TAYZUQ,YUKVUW04,0.9997748670993104
TAYZUQ,ELUQIM04,0.9953118785582532
TAYZUQ,ELUQIM01,0.995287342789694
TAYZUQ,VERZUP,0.9949689215833412
WUPVAG,PAZDOM,0.8630233395622114
VALVAI,HELNAQ,0.999991521921778
VALVAI,KIKMAV,0.9994664737272074
VALVAI,MAPGOC,0.9991596718309866
VALVAI,MAPGUI,0.998676834488444
MAPGUI,VUDQOB,0.9999848679628962
MAPGUI,AMIXUQ,0.9999520134439503
MAPGUI,HELNAQ,0.9988791582002434
MAPGUI,KIKMAV,0.997490028971452
MECWEX,VELVOY,0.999999999983054
MECWEX,OFERUN02,0.9999998328131752
MECWEX,XIZCOA,0.9999995331841016
LABJUV,XIQZIH,0.8888064208353804
NIFQOL,SEFVEG,0.9999999637913982
NIFQOL,NIFTAA,0.999961479909487
NIFQOL,TUDKEJ,0.999950683403412
DELTAQ02,DELTAQ,0.9998085792339187
DELTAQ02,NULSUJ,0.9954358883338654
HICGEG,VEJZIU,0.999462429504122
HICGEG,IMIDZB08,0.9994068056893712
HICGEG,IMIDZB05,0.9993023212621563
HICGEG,IMIDZB01,0.9992983013715
HICGEG,IMIDZB11,0.9988002014311592
BALFAV02,BALFAV04,0.9970979659504372
FITFEW,FITFIA01,0.9993608106572826
BUZKUE,VUQJEX,0.9997210577642706
BUZKUE,QONLIQ,0.9987916100338076
BUZKUE,DEGJIK,0.997134650487848
BUZKUE,QITZUP,0.8747571655633584
BIKMAL,LUWZUZ02,0.913761942644309
BIKMAL,CEJFOO,0.8772048484793117
GAXROO,BUHFER,0.9999964073837346
QONLIQ,DEGJIK,0.999645545622446
QONLIQ,QITZUP,0.8708495087911134
QONLIQ,CEXJUN,0.8633173718149927
QONLIQ,RANLAV,0.8514533161908087
XUZRIU,FAHQOX,0.8730150114121717
XUZRIU,OCACUR,0.864195482983499
XUZRIU,IGAHED03,0.8638264037715243
XUZRIU,FILYEG,0.8434225186568864
XIJVIY,ERARUM,0.8921275802654615
HERYOT,XEXLOD,0.8205972791505847
HERYOT,QATLEE,0.851791220217347
CUWNIT,QUSVOQ,0.9422865900432318
CUWNIT,RUYGAV,0.8524237994309694
HUFHUN,TAMJEY,0.9999860973788276
HUFHUN,HUFJID,0.998212315167652
IZAVUA01,HAWDIU,0.8397584209217576
USAYOE,FUDHET,0.8609053461282433
ITIWIS,OKIVIO01,0.9999974047808778
ITIWIS,OKIVIO02,0.9999945925162724
ITIWIS,WUNSII,0.999988352739023
OCUNAE,OCUMOR,0.9996193204413408
MAPHAP,HELNAQ,0.8848706993550133
MAPHAP,AMIXUQ,0.8833947408701359
NEDLOZ,FIFGEI,0.9554476392107296
NEDLOZ,VIFPUY05,0.905418639271427
NEDLOZ,OWIJIP,0.8622721919369499
NEDLOZ,CUFFEP,0.838822494921268
JIHROH01,JIHROH,0.9999999997625304
KEDJAG09,KEDJAG01,0.99999974406837
KEDJAG09,XULFOA,0.8643763586654746
ZAZVEE,CUMFOG,0.8159172879314693
NIKZEN,NIKYUC,0.9999758442499094
NIKZEN,IZAKAX,0.9999246673010224
NIKZEN,NUDPAE12,0.9997158415595576
NIKZEN,NUDPAE02,0.9987770563524312
NIKZEN,NUDNUW06,0.99660878562171
SEQXET,LEPKUO,0.8165356418358751
SEQXET,AFUFEP,0.9324473282189502
SEQXET,VUKTAY,0.8649254636238135
SEQXET,YEMROA,0.8553408494363859
MEGPOF,FOBJUD,0.9999896346502548
MEGPOF,SARMII,0.990055656182616
MEGPOF,RUSXAG,0.8636240253780476
FEQXAB,NATRAD,0.9950173867512982
FEQXAB,AMIWOJ,0.9943854782218678
FEQXAB,RIQVUJ,0.8716523766008489
FEQXAB,HOGQIF,0.8383361757033053
CERPOF,UHEBOA,0.8868271531374405
CERPOF,LONHON,0.8748305890355837
CERPOF,YAPQUC,0.870139982625288
SEVROC,NOCLOH01,0.9999685490718492
SEVROC,DAYCIQ,0.8611059215078947
SEVROC,WARWOC,0.8602667150706796
XADDAJ01,AYOZOF,0.9362649950311198
XADDAJ01,ZALLEG,0.9327818944553312
XADDAJ01,NIGFOZ,0.8852858267641933
XADDAJ01,IZEBAR,0.8493553169751612
NIWZIE08,NIWZIE17,0.9999721846109694
NIWZIE08,NIWPIU,0.99997172623215
NIWZIE08,MOPQIT,0.9999518768677228
NIWZIE08,NAXVOY,0.9980479675675183
NIWZIE08,AMURUX10,0.9951963432998876
RANLAV,OJOQAF,0.8544454981748948
RANLAV,VUQJEX,0.8506153987702976
RANLAV,DEGJIK,0.8504401302137123
KARMOH,MIXZOK,0.956332002601382
PINGIF,QOWLOE,0.99998172573793
PINGIF,PINGEB,0.9999999996328252
CUFFUF,OWIJIP,0.9469346132352496
FECWOB,LEYLIN,0.9290412507810464
FECWOB,SAQFUM01,0.8759321632934082
FECWOB,VEMMAC,0.8505227569998325
UNIDAY,VIFPUY05,0.902857051399713
UNIDAY,OWIJIP,0.859692401173059
CUFORD,MACUFR04,0.9998711925772528
CUFORD,ROLCEC09,0.9974797430545028
CUFORD,ROLCEC01,0.9964165785088388
FAMBUS,VIDWAI,0.9490170954031972
REZXOK,SETQUF,0.8843961578846506
REZXOK,SETRAM,0.8842357257651237
REZXOK,NEHZAE,0.8746363170612609
REZXOK,KUXSIH,0.866786910043626
YANXIX04,DAXNIA,0.99999052794703
YANXIX04,YUKVUW04,0.9999203253289226
YANXIX04,ELUQIM04,0.9980045746197744
YANXIX04,VERZUP,0.9977781729898252
DOJXIK,KOQXUL,0.9992429085275416
DOJXIK,KUGQOT,0.9985357513699163
DOJXIK,HAWDIU,0.8436561025259937
NATFAS,WOBHEB,0.8704738896549113
NATFAS,HIVSIQ,0.8582018927886179
NATFAS,APACAX,0.8458832838421444
VIFPUY05,CUFFEP,0.8747433986771966
CIMFUB,YESYIH,0.9999967389497388
BEXVAD01,KORMUB,0.8605179136650042
BEXVAD01,UFUKUB03,0.8415211275515029
XUNRUV,XUNGOD,0.9999851459432808
XUNRUV,XUNSOQ,0.999582529020463
XUNRUV,XUNSEG,0.9986596090634704
MISQAH,AQMAND,0.8327272171617826
MISQAH,GEJJEL01,0.9979656511602312
MISQAH,AZIYOX01,0.8999198459640374
MISQAH,NAJGAH,0.8831962411593337
UZEWUS,OFERUN02,0.9999999657194693
NIGFOZ,YENZEZ,0.9078082649132536
NIGFOZ,TORPUN,0.8641256563620857
NIGFOZ,IZEBAR,0.8571779305281815
NIGFOZ,UFOSAM,0.8564033552411554
ZALLEG,AYOZOF,0.9463221884849252
ZALLEG,LOZSUQ,0.8649207820121483
ZALLEG,ZAXSAV,0.8647744933675638
ZALLEG,CUJCIV,0.8629386701911413
ZALLEG,TORPUN,0.8600998751120361
TECVOO,MOMQAI,0.8607552172639934
LUCDAO,NAJSUP,0.912108429285042
LUCDAO,KAHWOG,0.8623089176533035
KUNTAQ02,EGELOS,0.9999949583740844
KUNTAQ02,DAZMID,0.9398390299250936
KUNTAQ02,DAZKEX,0.906391249038746
KUNTAQ02,TEPJAB,0.8384676210999956
XIVLUK,XIVLOE,0.9999948214671964
PIZPIX01,PIZPIX,0.9999828727708376
RABWAS,UDUMIP02,0.9931877292306752
CESYEF,CESYEF01,0.9999984098850168
QEJBIT,COKNAT,0.8751473006884326
QEJBIT,WOBHEB,0.8745436793063209
NIWZIE13,NIWZIE17,0.9999999782541636
LIDSEY,XOMCIN,0.9998432364344616
LIDSEY,JAMSEY,0.9968604866644646
LIDSEY,TEVVEY,0.908391050628539
LIDSEY,ROGLOP,0.8792839831763315
LIDSEY,XUJPIC,0.8609561550946321
LIDSEY,PUNYON,0.8559948845955246
LIDSEY,FIFPAM01,0.8456217555443377
JUKXIW,OTOVAW,0.8424699381689014
TORKAO,TORJOB,0.9999618855037216
GERXEJ,WIKGAB,0.8395568616474172
WIKGAB,GAGTAM,0.8496948760370204
ROLCEC01,ROLCEC09,0.9999060599435764
ROLCEC01,ROLCEC11,0.9999050800874428
ROLCEC01,OCUQIO,0.9967904456224
CISMEY,TULLIX,0.8389633869008413
HORHAX,FOSRIP,0.9253928187081512
AMIXUQ,KIKMAV,0.9980168828345656
AMIXUQ,MAPGOC,0.9965989925660392
NAPZOV,AJIJEI,0.8503853492725356
NIFTAA,TUDJEI,0.9999999173707552
NIFTAA,TUDKEJ,0.9999993338865996
NIFTAA,NIFQIF,0.9999417186591792
DUDMEV,VASFUT,0.9999520527429174
DUDMEV,RIGWIP,0.8436223984062693
YIKGEF,GIYTOY,0.9995708473925512
YIKGEF,FODGUB,0.8513817626205793
YIKGEF,HOQKII,0.8510403759628975
LONHON,XILBAW,0.9983834385455004
LONHON,SAQCIZ,0.8863868601555787
LONHON,POCMEA03,0.8837728232838366
LONHON,INICPB01,0.8832959315264882
LONHON,TUTQOP,0.8769711128724109
LONHON,TEDZUZ,0.8606373016684996
LONHON,SOSQOI,0.8531557088223551
LONHON,HIFHIP,0.8518203701433833
NIKYUC,NUDPAE12,0.9998438885838152
NIKYUC,NUDPAE02,0.999096022693104
NIKYUC,NUDNUW06,0.9971547324832708
CEJFOO,LUWZUZ02,0.8850565872421291
CEJFOO,VEDFOB,0.8414556811650715
FECXAO,APAYUN,0.9475615194546244
FECXAO,APAZIC,0.9473556979819148
FECXAO,JIYPEP,0.868674207620983
NIGPEA,CAQKAJ01,0.8764564166005597
LEYLIN,FELZOM,0.9005274967969723
LEYLIN,ROSKOB,0.8675924858539041
LEYLIN,SAQFUM01,0.8530466022107404
DADVAG05,DADVAG01,0.99999614076434
DADVAG05,DADVAG,0.9999967751977938
DADVAG05,DADVAG07,0.9999956483256732
GUSPUG,IQEDUE,0.9838464256734516
XIQZIH,HAJPEQ,0.8601437928970117
AJIJEI,VIDVUB,0.8427658019128624
FINFUG,UQUTUX,0.9548183693396066
FINFUG,FINGAN,0.8463613920884175
POCMEA03,POCMEA04,0.9999974011159478
POCMEA03,POCMEA,0.9999972216380336
POCMEA03,INICPB01,0.9999616071448476
POCMEA03,NICOPB01,0.8436143124960989
QESBAR,UFUMUD02,0.8436091130405381
IVOLOW,YAPQUC,0.8953559962040156
IVOLOW,XILBAW,0.8930285710741315
APAYUN,WOJYEB,0.999989522756326
APAYUN,APAZIC,0.9999798153230548
APAYUN,RUWWOW,0.8495244724602145
APAYUN,RUWXAJ,0.8495050715238484
APAYUN,RUWWUC,0.8491376340552272
XICYIT,XICNOO01,0.998027636526872
XICYIT,SEMMIJ,0.9998993944645472
EBEWOZ,RAVDID,0.8934564118383611
EBEWOZ,KEZLIN,0.8860866400793856
EBEWOZ,AFUDUD,0.8841696003606141
EBEWOZ,ELIKUG,0.8598805081770341
EBEWOZ,LUWNAU,0.8547043471735388
EBEWOZ,YICGUP,0.8475464791243972
SAHYAD02,OKIVIO02,0.9999998604106888
SAHYAD02,OKIVIO01,0.9999991570407476
SAHYAD02,WUNVEH,0.9999979475652808
SAHYAD02,OKIYIR01,0.9999968378029354
SAHYAD02,OKIWEL,0.999996588882636
VERZUP,ELUQIM01,0.9999947436864232
VERZUP,ELUQIM04,0.999993887035503
VERZUP,DAXNIA,0.9974920657067602
VERZUP,YUKVUW04,0.9968597119050384
KIXXOG01,HERYIN,0.8563774764488382
WUNVEH,OKIWEL,0.9999998264792506
WUNVEH,WUNTAB,0.9999948002136084
WUNVEH,WUNSII,0.9999940405410211
WUNVEH,YINNUH,0.9999770553473294
IYOQIY,LARBOW01,0.9009907526561116
TECTUS,MOMQAI,0.86023530529027
NELRAY,HUCXUA,0.9080123464497716
NELRAY,QIFMIE,0.8991062114756083
XAVDIJ,IDIWOH03,0.9999962021675596
XAVDIJ,WIDQAC,0.9999946559243236
XAVDIJ,ALOVEC,0.9962514787535685
XAVDIJ,PARFOF,0.8850568105262381
ELUQIM01,ELUQIM04,0.9999999676770878
ELUQIM01,YUKVUW04,0.997110532741828
ELUQIM01,SIWYOO,0.9960493854030038
ELUQIM01,AMOBEL02,0.9936574349872832
GIYTOY,FODGUB01,0.8500751879085301
YENZEZ,LOZSUQ,0.8605448932642805
GANBED05,BEXRIG,0.9999785231920232
GANBED05,DIBWUH,0.9972748700862824
BEPNIV,MAWTUC,0.9999851785491334
HIBSUG06,PAQYAJ01,0.8774631376579924
MAGVOG32,MAGVOG13,0.999994704132876
MAGVOG32,ACAZEK,0.997049520362185
UNIROZ,UNIRUF11,0.9985945830868218
UNIROZ,NIRCUO,0.998035057890207
UNIROZ,UNIRUF04,0.9953854466725924
YUKDEN,ODOJUN,0.8802232634920437
YUKDEN,NUXMEY01,0.8795853396006706
XUFYAA,WAQDOJ,0.9084495194376678
XUFYAA,HAFVUH,0.8388990730977652
VIDVUB,VIDWAI,0.860138205437226
IZUSEC,CUVTIX,0.8478456168347843
HUFJID,TAMJEY,0.9985130481748292
HUFJID,BUXTUL,0.9980350317031512
ECUVEF,WEHHIC,0.8499652390844145
NOFDUI,MOXNUK,0.9999998849923778
LAPMUN,LAPLUM,0.9996836394923873
LAPMUN,LAPNIC,0.9994408235445916
LOZSUQ,NILCES,0.8851894294916179
SETRAM,SETQEP,0.9999846131853144
SETRAM,NEHZAE,0.9828928133517248
SETRAM,KUXSIH,0.9732362586133592
SETRAM,UFIKOM,0.8692101228607368
SETRAM,TOVKEW,0.8521245377920461
SETRAM,TOVJEV,0.8453492664286282
UFUKUB03,HUZJIW,0.998444436985208
VEJZIU,KUMXEW,0.9999989312563824
VEJZIU,IMIDZB08,0.999994938648885
VEJZIU,IMIDZB11,0.9998681356382308
MAWTUC,MAWVAK,0.9999974870596992
MAWTUC,UFAREB,0.8996600213407827
TUDJEI,TUDKEJ,0.9999987820483044
CAHMON,CAHMON01,0.9999930488747192
YEMLUY,ATIJUJ,0.8094628749677121
BEPMIU,MAWVAK,0.9999652478179568
BEPMIU,KIGCEK,0.907303664129556
BEPMIU,UFAREB,0.8993396806842211
KEPMUQ05,KENTEF03,0.8787583437265928
KEPMUQ05,KENVOR,0.8787497034324023
KEPMUQ05,KENSEE01,0.8787230491559055
KEPMUQ05,KENTEF04,0.8787114646572585
KEPMUQ05,KENVIL,0.8787112270501014
SIRBIG06,NAXVOY,0.9993513728771404
SIRBIG06,NIWZIE17,0.997479917899396
SIRBIG06,NIWPIU,0.9974755814440992
NUXLUN01,NUXLUN,0.9986544016532848
NUXLUN01,AHOKIR,0.8779133692997441
LICSEW03,NAXVOY,0.9993069557295572
LICSEW03,NIWZIE17,0.9963069162885756
LICSEW03,NIWPIU,0.9963016848056876
FAPYEA10,FAPYEA05,0.9999998594741376
HAZGOF12,HAZGOF16,0.9999998246716711
HAZGOF12,HAZGOF04,0.9999911241477404
HAZGOF12,HAZGOF06,0.999991049583382
HAZGOF12,HOJNIF,0.999986501733678
HAZGOF12,CAVMUJ02,0.9988908722907484
VUNNID,VUNMOI,0.9989279410176686
VUNNID,IPOWOA,0.997885591047964
VUNNID,PASNEE,0.9974829218573972
ROGLOP,TEVVIC,0.9221169194081298
ROGLOP,TEVVEY,0.9221008502747912
ROGLOP,XOMCIN,0.8791919641658802
ROGLOP,LIDSAU,0.8791899796836824
ROGLOP,LICROF,0.8428977988651122
MITGUR,JUXFAL,0.9196681638567274
TORPUN,IZEBAR,0.8426040118900499
OXCFOR,DEFNIO,0.9984485073587652
FUVGAG02,FUVDEH04,0.99999995269929
FUVGAG02,IFEPUG01,0.999934901703352
FUVGAG02,IFEPUG,0.9999300516506864
RAFRUL,CIFGUT,0.9999036455404232
AFOJIO,GEVXAI,0.9994581759410824
AFOJIO,NATRAD,0.9979046365127714
AFOJIO,AMIWOJ,0.997490881374784
AFOJIO,RIQVUJ,0.873573969625322
NATRAD,AMIWOJ,0.9999807483481716
NATRAD,GEVXAI,0.9952980093886272
NATRAD,RIQVUJ,0.8737434715552068
NUDNUW06,NUDPAE02,0.9994565169181996
APAZIC,JIYPEP,0.8499151195519514
APAZIC,RUWWUC,0.8489144931441035
HADMOR,AQOMAW,0.8607123217351624
XUPSAE,CELZOK,0.8624196422426063
XUPSAE,DITHOG,0.8422159941955061
ASUBIB,YABKEU,0.8648429658360375
ASUBIB,JOFZOV,0.8396843179354091
ASUBIB,CUWZIF,0.8394352320035721
KOHDIW,CANROA,0.9999942027025954
RUYGAV,CANROA,0.8501234852052794
GAMPUG,IBITEU,0.8877762996678917
SEZCUY01,SEZDAF01,0.9999625293808228
FUVDEH05,FUVDEH08,0.999968872765499
FUVDEH05,FUVFUZ,0.9999666361228188
FUVDEH05,FUVDEH04,0.9999648543644272
FUVDEH05,IFEPUG,0.9997904079687336
NEBMEP,YAQDIF,0.8624824204839554
AMURUX10,MOPQIT,0.9961060498159454
AMURUX10,NIWPIU,0.9944392628689364
EWASIG,NAJSUP,0.8701902282914251
EWASIG,JOFZOV,0.8649929917287269
EWASIG,KAHWOG,0.8488606408453581
EJIDUW01,NAJGAH,0.9786953441576768
EJIDUW01,GEJJEL01,0.9020082811909872
KOSFOP,KOTBIG,0.9999941590334644
OKIVIO01,OKIVIO02,0.9999994649550658
OKIVIO01,WUNTAB,0.99999163460079
OKIVIO01,YINNUH,0.9999710383517996
TEDZUZ,XILBAW,0.8638496445266053
TEDZUZ,YAPQUC,0.8629518127959332
YEKJAC,VUQJUN01,0.846288001419428
WIVGAK,WEWFIQ,0.9997919191091216
WIVGAK,LUDRUZ,0.9994493789548886
ATIKAP,IBEYEU,0.9472123501099023
ATIKAP,AFUDUD,0.8862217407286117
ATIKAP,ELIKUG,0.8583468603296291
ATIKAP,XEVHEM,0.8459241833630752
SIYXIH,BAZBIQ,0.8427307790686288
VUMXUY02,JEGQOE,0.9999977007757797
DAXNIA,SIWYOO,0.9997717759283796
DAXNIA,ELUQIM04,0.9977330100032435
FODGUB01,HOQKII,0.9988884261556438
LIDSAU,JAMSEY,0.9966394247401316
LIDSAU,TEVVIC,0.9088460065161732
LIDSAU,TEVVEY,0.908834152390254
LIDSAU,XUJPIC,0.8611116625748924
LIDSAU,FIFPAM01,0.8457547908744285
KIDVIE,YEBLAT,0.9984243938849868
KIDVIE,KULPUD,0.9972278913198548
VOQXIK,REYDOR,0.9995526093843186
VEDFOB,CANROA,0.8429620420890584
KOQXUL,KUGQOT,0.9998830457093172
KOQXUL,HAWDIU,0.8425055345243029
DANVAQ,IFOQAV,0.9988714498873336
DANVAQ,NERCIY,0.9986825287321685
WIDQAC,PARFOF,0.8850307071226124
YUKVIK,DADVAG07,0.9999967594544986
YUKVIK,DADVAG,0.9999677348833548
YUKVIK,XOBXIW,0.9985343485954596
FELZOM,OHOROS,0.918642614863938
FELZOM,GAMFEG,0.9019982903547012
FELZOM,EHIVOH,0.8479434504146184
FELZOM,MIVFUU,0.8475664362229604
FELZOM,TEDGUG,0.8470456453861613
FELZOM,DANWAS,0.8438207310841023
FELZOM,TEDGOA,0.843779606746628
FADDAS,FADKON01,0.999981653399424
KENVIL02,KENVIL,0.9999995103829212
KENVIL02,KENTEF04,0.9999994933547318
KENVIL02,KENVOR,0.9999917021160604
PUNYON,VEMSUC,0.9955133154058118
PUNYON,QEZZED,0.8870427130453531
MAGXOK,ROFREL,0.945248735996414
FIFPAM01,TEVVIC,0.861447682662523
FIFPAM01,TEVVEY,0.861438138982357
FIFPAM01,JAMSEY,0.842184132238802
PTRPHT02,ZEFNIH01,0.9993899421925196
PTRPHT02,HISGAT,0.892468609607669
PTRPHT02,DUYTUN,0.8745089037227051
RUWWOW,RUWXAJ,0.999999459943588
RUWWOW,RUWWUC,0.9998566170088152
ELUQIM04,YUKVUW04,0.9971297679501344
ELUQIM04,AMOBEL02,0.9936841025876362
HUCXEK,CUJCIV,0.9958389658999324
OFERUN02,VELVOY,0.9999998294374596
OFERUN02,XIZCOA,0.9999988072656087
EKEKAH,LICROF,0.8831959091782104
EKEKAH,TEVVEY,0.8745753290408269
TOVKEW,SETQUF,0.8523299665683595
TOVKEW,SETQEP,0.8518165421926776
HAWDIU,VAFCAH01,0.859763883943669
COWMUX,UDITAE,0.8209577332848281
LAPNIC,LAPLUM,0.9999424664182078
NAXVOY,MOPQIT,0.998542079520968
NAXVOY,NIWPIU,0.997628570949464
NIWPIU,MOPQIT,0.9998502151240096
KEPKUO,MUWRUT,0.839114791218337
TUDKEJ,NIFQIF,0.9999285919797456
OKIYIR01,OKIWEL,0.999999994354628
OKIYIR01,WUNTAB,0.9999962452756108
OKIYIR01,WUNSII,0.9999922157514882
OKIYIR01,YINNUH,0.999980203817847
AFUDUD,LUWNAU,0.973547655760396
AFUDUD,UMIZEX,0.9728297837048788
AFUDUD,IBEYEU,0.9320018513752232
AFUDUD,HOGQIF,0.8565683315158763
AFUDUD,ELIKUG,0.8492796541724112
ELIKUG,KEZLIN,0.8494743652011219
SETQEP,SETQUF,0.9999533249003044
SETQEP,NEHZAE,0.9818715090098616
SETQEP,KUXSIH,0.971975389087069
SETQEP,UFIKOM,0.869131898501954
SETQEP,TOVJEV,0.8450789995749647
WEBTUU,IDUWAH,0.8736740827215179
YUKVUW04,SIWYOO,0.9999151505338632
KENTEF03,KENVOR,0.9999991990146738
KENTEF03,KENTEF04,0.9999906774169198
KENTEF03,KENVIL,0.999990603605734
KENTEF03,KENSEE01,0.9117589460360752
VOKCIJ,VOKNEQ,0.9199668681235796
UNIRUF04,UNIRUF,0.9991601383327614
UNIRUF04,UNIRUF11,0.9990677360188036
UNIRUF04,NIRCUO,0.9983485067288128
NASGEV,OHOROS,0.8948450180142582
CUSQOX,XUMNAW,0.9112381473816006
RORLIV,VINMOX,0.9999876004576572
EYACOX,YABKEU,0.8454830453959967
YABKEU,JOFZOV,0.8726357705356274
YABKEU,ZECBOB,0.8453364020792776
RAVWAO,RAVXET,0.8872884801252223
LIGHAM,ODEJOY01,0.9147241743304612
WIRNAO,WIRMUH,0.996795455768189
IJISOK,KODSUT,0.8269285110721658
MAGVOG27,MAGVOG13,0.9999982858245722
MAGVOG27,ACAZEK,0.9969092518869104
XORDAJ01,XORDAJ,0.9999359433428894
UGUGUZ,HORCOH,0.8460362917289658
MUVJIX,DOLWAE02,0.9988470790428674
SAHYOS,TULLIX,0.8383559100547229
OCACUR,IGAHED03,0.999792240521277
OCACUR,XEVSIB,0.8638038444555802
XEVSIB,UGECEO01,0.863888448615332
XEVSIB,FILYEG,0.8414250234605496
XEVSIB,COXFOL,0.8386419430087596
EBAQOP,ANAYUL,0.8574950638981164
UNISEQ01,NIRCUO,0.9999358265313067
UNISEQ01,UNIRUF,0.9996837517370116
UNISEQ01,UNIRUF11,0.9996661228947544
IFEPUG,IFEPUG01,0.9999999128674046
IFEPUG,FUVDEH04,0.9999263701886264
IFEPUG,FUVFUZ,0.9999236995865936
IFEPUG,FUVDEH08,0.9999201894676336
AHONIU,COKJOD,0.9995655445579952
QUSVOQ,KORMUB,0.8606698466879977
YOSLIB04,YOSLIB03,0.9999877698594268
YOSLIB04,NATXOW,0.9147198793760574
VONCUY,VONDAF,0.9997681334282632
VONCUY,VONBUX01,0.999440222677168
VONCUY,ODOJUN,0.8934364155776786
IJORUV,JALLOA,0.8838968968654388
JALLOA,OPURIB,0.9078259709004242
JALLOA,QAMVEH,0.840057786394829
BUKTEI,BUKTOS,0.9999998379239616
BUKTEI,YENTUJ,0.9999797277330782
SARMII,FOBJUD,0.9897078689721134
IVELUS,VUQJUN01,0.8433762682293054
TOXMUQ,NIRPOW,0.9999999999775626
TOXMUQ,OTECAT,0.8633196758420861
TOXMUQ,CELZOK,0.8625045949131791
KUXSIH,SETQUF,0.9741560850786064
KUXSIH,UFIKOM,0.8450065643285607
FIQZIP,FIQZIP01,0.9999981346072844
WEWFIQ,AHAJUP,0.881263617423404
XOBXIW,DADVAG,0.9989364620850252
VUDQOB,HELNAQ,0.9986805397745442
VUDQOB,KIKMAV,0.997110642313709
VUDQOB,MAPGOC,0.9953780908652704
UNIRUF01,UNIRUF11,0.999920719390589
HEBLOR,HIQKOJ,0.8608135184487888
FUDHET,HUZJIW,0.8428779649005008
TULLIX,MICCIM,0.9999916456093176
ATIJUI,YIVZOU,0.9079168491912004
ATIJUI,MEQKOL,0.9996752304378362
ATIJUI,IBEXUJ,0.9464202742573742
ATIJUI,ZEDZAL,0.9069878364815328
ATIJUI,AFUFAL,0.8872728235051222
ATIJUI,UTONAT,0.8641367649422454
ATIJUI,ELIKAM,0.8604792735253943
ATIJUI,OXAZIX,0.8463855607608923
AMOBEL02,SIWYOO,0.9991122535465746
IMIDZB07,IMIDZB11,0.9977829458661768
IMIDZB07,IMIDZB05,0.9973112020962512
YARZEZ01,VINMUD01,0.9998507629067666
NUDPAE12,NUDPAE02,0.9995947638099616
KEDJAG01,KEDJAG02,0.9999983640553728
KEDJAG01,KEDJAG29,0.9999815568400968
KEDJAG01,XULFOA,0.8643480988097086
FUVFUZ,IFEPUG01,0.999928768918692
YOMNUL09,YOMNUL10,0.9999943630442418
YOMNUL02,YOMNUL10,0.999999813310877
NERCIY,DANVEU,0.9980943168283254
YUNBOZ,POCMEA04,0.9996818793325216
YUNBOZ,POCMEA,0.9996806118102668
YUNBOZ,TUTQOP,0.9985545468721048
WIWHOB,YOYZUJ,0.9979187081623844
MESGEX,MESGIB,0.9984866156634324
TEVVEY,TEVVIC,0.999999890627871
TEVVEY,XOMCIN,0.907396902357231
RAKBIO02,COXFOL,0.8539413642893986
RAKBIO02,FILYEG,0.8528749040313409
KENVOR,KENTEF04,0.9999952928360236
KENVOR,KENVIL,0.9999952402810036
KENVOR,KENSEE01,0.9117624023794452
YICGUP,IBEYEU,0.8430163772405163
KIYMEM01,KIYMEM,0.9999993176801696
DAZMID,EGELOS,0.940216921760529
EGELOS,OTECAT,0.9068652937554568
EGELOS,TEPJAB,0.8384887560671117
OKIVIO02,WUNSII,0.9999987169820604
OKIVIO02,OKIWEL,0.9999968295673032
OKIVIO02,WUNTAB,0.9999869064456182
OKIVIO02,YINNUH,0.9999626402380434
JELPAS,COXHON,0.9994696338938364
ZEBMAW,AFOVEX,0.8629247058207734
WIGQAH,WIGPUA,0.9999790376328485
WIGQAH,WOYWEO,0.9578371300899716
UGECEO01,IGAHED03,0.9998458950942036
VONBUX01,VONDAF,0.9986595539715152
VONBUX01,ODOJUN,0.8916795581033151
REZXUQ,IZEPEJ,0.9327716806641744
REZXUQ,GUSNEN01,0.9470993160124248
REZXUQ,REZXEA,0.9464375788974084
EKERIW,OJOQAF,0.9988100457320346
DELTAQ,NULSUJ,0.9944322244391672
JEJZAC,BEXSAA,0.8420901283794979
XANMIJ,EJIBOQ,0.8115444403497879
DITPON,JOJJAU01,0.8159839865496519
REZXIE01,YOXZOC,0.999544285335482
REZXIE01,CONSAA,0.8975850141131424
VUNYUZ,PASMUT,0.84359020688745
PEGREA,ATIJUJ,0.9983298331543428
NUDMUW,NUDLOP,0.999998786961575
NUDMUW,NUDLOP01,0.999990114860263
PARFOF,IDIWOH03,0.8850355121878443
JOHFIW,BEVSUR,0.9964312067999024
JOHFIW,REQDEX,0.8713435320636347
BAHOXH13,BALMUW,0.9992612778578588
SOBDOF,BEXSAA,0.8656994504425433
VAHWOS02,VAHWOS01,0.9999984204346372
VAHWOS02,VAHWIM,0.9999984080673252
VAHWOS02,EHIVOH,0.925387374771656
VAHWOS02,TEDGUG,0.9248886539462264
VAHWOS02,DANWAS,0.9195960626510392
VAHWOS02,TEDGOA,0.9195503536800782
VAHWOS02,OHOROS,0.8569568071249267
JIYPEP,WOJYEB,0.8499368938878917
COVRUC,UKAZAJ,0.855590782156973
XACSIG,LELGOB,0.8537597606486069
XACSIG,BEXSAA,0.8447918013392846
DADVAG,DADVAG07,0.9999849322133568
MARMIE,MARLUP,0.9957378986380174
QUJJUB,COKNUN02,0.99820960625152
QUJJUB,POVVAY,0.8516471058317133
SOJKOT07,DEFNIO,0.9994048518599667
SOJKOT07,RAVVIU01,0.997203786819494
SOJKOT07,RAVVOA01,0.9969053338567532
WUNTAB,OKIWEL,0.9999965135871371
WUNTAB,WUNSII,0.9999777303185856
HAJPEQ,OJOQAF,0.8616994413131629
WILFED,WILFON,0.99653475496373
YEVKES,CUSYUM,0.9995346320160624
WOBHEB,MEFHUC,0.8407387472431234
FILYEG,COXFOL,0.9995075786502536
SAQFUM01,OHOROS,0.9999833430563696
SAQFUM01,GAMFEG,0.8723186339624771
SAQFUM01,VAHWOS01,0.8569640592778491
SAQFUM01,VEMMAC,0.8568824449331415
SAQFUM01,ROSKOB,0.852580316727275
VESBEC,VESBEC01,0.999138054351136
YOSLIB03,NATXOW,0.9147504960117464
NUDLOP01,NUDLOP,0.9999958274094104
AFOYEB,ACOVEU,0.9066490831524328
TAMJEY,BUXTUL,0.9999371355855547
TAMJEY,HUFHIB,0.9998614562871068
TAMJEY,HUFJEZ,0.9998000894687776
XAYMUF,PAVLOO,0.8789306476781349
FUVDEH04,FUVDEH08,0.999999875440674
FUVDEH04,IFEPUG01,0.9999313484931338
SOGXET,ILIFUE,0.9000050872958356
IBEYEU,UMIZEX,0.9327930305242668
IBEYEU,KEZLIN,0.9296823392778276
IBEYEU,LUWNAU,0.9281381334649352
IBEYEU,HOGQIF,0.8813635534650102
SADLIU,MAPGOC,0.8729766288561993
HAFVUH,IQUCOO,0.858574556174787
HAFVUH,NABMUA01,0.8444219677406718
WARWOC,DAYCIQ,0.9986326537735664
WARWOC,NOCLOH01,0.8599009285589936
DEGJIK,VUQJEX,0.9950765946747698
DEGJIK,QITZUP,0.86773692425878
DEGJIK,CEXJUN,0.862292102875764
TAJTIK,HAZGOF06,0.999999962042154
TAJTIK,HAZGOF04,0.9999997765250602
TAJTIK,GATHAL,0.9999989893241632
TAJTIK,HOJNIF,0.9999974474916014
TAJTIK,HAZGOF16,0.9999921657033044
TAJTIK,CAVMUJ02,0.9989690747738788
CAVMUJ02,HAZGOF04,0.9989989132325424
CAVMUJ02,GATHAL,0.9989982552144672
CAVMUJ02,HAZGOF06,0.9989788340636252
CAVMUJ02,HAZGOF16,0.9988677082771302
VIDXOX,ETEKEU,0.8678506142301352
FUFRII,YUSVAK,0.8654758962382192
FUVDEH08,IFEPUG01,0.9999253760589404
TOVJEV,SETQUF,0.8455303990481693
DEXXAF,CIFGUT,0.9998978963563516
QISFUV,XIMSAP,0.8124992296359462
KUMXEW,IMIDZB05,0.9999922685505624
KUMXEW,IMIDZB01,0.999991771578348
KUMXEW,IMIDZB08,0.9999912750559272
XIJXAS,XAHZAI,0.9999067548674349
HAWWAF,RATSAI,0.9981173721131642
XEMDEA,PUCTAJ,0.9987671129981984
SEQJOQ,HIQKOJ,0.9028115019566858
LUDRUZ,AHAJUP,0.8827347161948913
IMIDZB08,IMIDZB01,0.999989215588954
IMIDZB08,IMIDZB05,0.9999891766535536
YAPQUC,XILBAW,0.99785426676288
YAPQUC,SAQCIZ,0.8954376057812115
YAPQUC,INICPB01,0.883062798698333
YAPQUC,HIFHIP,0.8598582045822738
YAPQUC,SOSQOI,0.8530009533692042
EBEZUI,EBEZOC,0.9991310755316948
FOCZEE,FOKYIP,0.8839519826046367
DADVAG08,DADVAG07,0.9999994688801894
DEFNIO,RAVVIU01,0.994053269869383
IKUTIT,JEBYAT,0.8754827400256895
BAZBIQ,SAJRUT,0.9979962178035008
CAVLIW,LIWYUM,0.8462092812480855
TUTQOP,INICPB01,0.997691931900955
TUTQOP,NICOPB01,0.8420898713089568
QATLEE,TIRQOB,0.8636248981250797
KEDJAG02,KEDJAG29,0.9999905076280964
QEZZED,XUJPIC,0.8967423339940499
QEZZED,VEMSUC,0.895861385087169
JAKBUV,JAKBOP01,0.9996069146019194
JAKBUV,DANZEX,0.9995513226564592
WOYWEO,WIGPUA,0.9575559284094424
MAGVOG13,ACAZEK,0.9970128851096348
LOQLIN,SICDAL,0.999838370294672
SEFTOO,SEFVEG,0.9999520720768804
SEFTOO,NIFQIF,0.999927052019203
TOHRUF01,TOHRUF,0.9999997468247596
FOKYIP,IYAHAT,0.8413277087845478
QQQDHD01,QQQDHD02,0.9997896615451494
XOGGOR,XOGGOR01,0.9999990383589474
MAFBOM,MAFBUS,0.9999977423221644
IXEDUK,YUNXAI,0.9999927945226132
UFAREB,UFARAX,0.9999970613325152
UFAREB,MAWVAK,0.8997686532096993
UFAREB,BEPPAP,0.8993652472519675
RAJPIE,REFBAH01,0.9995840373490528
RAJPIE,WIFSAI01,0.9217773132269568
RAJPIE,WIFSAI,0.9199095731184856
RAJPIE,VUQJEX,0.8579621332927403
LIHRUQ,AVEROJ,0.996258309680768
UMELUU,UMORIY,0.9997144116722738
AZUCED,LASBIS,0.8411196976877007
WAMRIN02,IQUCOO,0.8402628271550956
BOHXIH,ISENEB,0.9018932857344908
VAHWOS01,VAHWIM,0.9999954762045208
VAHWOS01,VEMMAC,0.9999352430846709
VAHWOS01,EHIVOH,0.9253635063189698
VAHWOS01,MIVFUU,0.92522123567019
VAHWOS01,TEDGUG,0.9248109776173388
VAHWOS01,DANWAS,0.9197877550318124
VAHWOS01,TEDGOA,0.9197426509212064
AHOKIR01,NUXLUN,0.910382523808018
AHOKIR01,POVVUS,0.8885339081120822
AHOKIR01,AHOKIR,0.8471422866744134
LIVWUK04,LIVWUK01,0.999999998613286
WOQJIW04,WOQJES04,0.9675541995093196
XOMCIN,JAMSEY,0.996970058604237
XOMCIN,TEVVIC,0.9074179217978424
XOMCIN,VEMSUC,0.8610992899407219
XOMCIN,XUJPIC,0.8604446274032334
KOMGAV,AGUVEE,0.9999937144305632
NEXRAM,DUVVOH02,0.999994478807398
WAQDOJ,NABMUA01,0.849684865648906
WAQDOJ,AVIPOL,0.8495585638035376
WAQDOJ,MUDLON,0.8403764925292959
VAHWIM,VEMMAC,0.9999018945423672
VAHWIM,EHIVOH,0.9254442474245508
VAHWIM,MIVFUU,0.925285498033051
VAHWIM,TEDGUG,0.9248948033827308
VAHWIM,OHOROS,0.8569473840017725
YOXXOA02,CONSAA,0.8998227393997406
UNIRUF,UNIRUF11,0.9999970908436148
UNIRUF,NIRCUO,0.999345234903696
HOJNIF,HAZGOF06,0.9999978734549096
HOJNIF,HAZGOF07,0.9999927833696984
HOJNIF,HAZGOF16,0.9999854192433374
HAZGOF16,GATHAL,0.999994026938008
HAZGOF16,HAZGOF06,0.9999911042740122
HAZGOF16,HAZGOF04,0.9999908730000332
VIBYEM,TELFAT,0.8750081199518179
VIBYEM,NIBSAU,0.8509949982536699
BAYQAU11,BAYQAU01,0.9999961394484153
VOKNEQ,VOKMUF,0.9607241697737066
JAMSEY,TEVVIC,0.9045168049117304
JAMSEY,VEMSUC,0.8581230891437925
JAMSEY,XUJPIC,0.8575896156055891
PITYUN01,COWSAJ,0.9999487443942308
POCMEA,POCMEA04,0.9999999887787048
POCMEA,INICPB01,0.9999382444268522
POCMEA,XILBAW,0.8850425168561196
POCMEA,NICOPB01,0.8435596062708545
TIVMIW,QIWFIN01,0.9868205661883918
QIMFUQ,QIWFIN01,0.9999962374088
UDISUX,KULRIT,0.8298385937453376
WIFSAI,WIFSAI01,0.9988093709833136
WIFSAI,REFBAH01,0.9212828784468
NAFGOR,EQOBUH,0.9999662917978224
NAFGOR,AFIXAO,0.9975767038384018
IZEHAX,VEMHOL,0.9991775745465992
PASNEE,IPOWOA,0.999974404696061
VUQJEX,QITZUP,0.8757836710987622
MAQJEW,DAPGUW01,0.9973482318291902
XUJPIC,VEMSUC,0.9996362791957818
XUJPIC,SOQRUM,0.8727569995535354
COMFIU,PAGFAH,0.9999813814101256
WUNSII,OKIWEL,0.9999918360434809
XATNIP,XATNIP01,0.9994400060874052
BOGXIF02,BOBTOC,0.9998678174994594
OKAYIK,OFOYUG,0.9998315644469852
OKAYIK,QUXRIM,0.9990063757818954
USUBUG,RUMRUO,0.9999876247255428
KIRFIA,KEDJAG29,0.9999998813968968
EQUCUO11,EQUCUO12,0.9999997370240876
EQUCUO11,EQUCUO02,0.9999995645919124
ECOTOG,PACYIE,0.9999568640334964
BECDAP,POPICR15,0.8296009514369563
GAJZAU,AZILEA,0.9980874218783788
SICDAL,HUGLUS,0.860812782725962
SICDAL,MEGQAT,0.9999833788741213
PINFOK01,PINGEB,0.9999993953991348
YAYPOF,WIVKIX,0.9998968770023284
YAYPOF,CUQKOQ,0.8699464482156737
YAYPOF,OMOFED03,0.8623400186670049
NIRPOW,OTECAT,0.8633192717991155
GAMKUD,NIPHAY,0.996720264444102
YOYNUX,YOYPAF,0.99998147238024
REFBAH01,WIFSAI01,0.9217545795725002
UGUKEN,AMBZAG10,0.8054818064120699
IMIDZB11,IMIDZB01,0.999933429828157
IMIDZB11,IMIDZB05,0.9999322155928664
VUQKOI,VUQKUO,0.8502454261208472
ODOJUN,NUXMEY01,0.998639864785934
ODOJUN,VONDAF,0.8942743385068158
IPIDAN,FUCTAY,0.8626206610587335
UMAROR,SEKXUE,0.8774695135410829
UMAROR,SABJUD,0.8405068951179998
UFAQOK,UFAQEA,0.9999960735871292
LUWNAU,MAKFOW,0.8591590174348616
LUWNAU,HOGQIF,0.8575017861752736
ODELOZ,GECRAI,0.9062072754237424
TEBSAW,RAMRUV,0.9991835204753268
TEBSAW,SIVGOV,0.9964246622816691
OFOYUG,UQEFED,0.999995463784698
OFOYUG,QUXRIM,0.9989470096820048
OFOYUG,LIWYUM,0.8525053133868545
QEHGOC01,QEHGOC,0.9999999690256992
IJOMAW,LAPMEU,0.9994160246905044
QUNMUI,QUNMOC,0.99958178329916
XUNGOD,XUNTEH01,0.9991977500269988
XUNGOD,XUNSEG,0.9989262348337504
OHOROS,GAMFEG,0.8723341207429152
OHOROS,VEMMAC,0.8568962575234311
OHOROS,ROSKOB,0.8525609848019673
NUVDOY,GIFFAE,0.999966013647134
SIVWUR,IRELIC,0.846448399059719
SIWJAM,KUDJOK,0.9999982342997896
FIQZOV01,RANZAI,0.9989177800215076
FIQZOV01,XETPOC,0.9986390147549344
TAKCAM,PAZDOM,0.8650250004530954
AMIWOJ,GEVXAI,0.9946831026066438
AMIWOJ,RIQVUJ,0.8735523525874058
SAQCIZ,XILBAW,0.8931499612379096
XILBAW,INICPB01,0.8850730077222306
XILBAW,POCMEA04,0.8850431522117783
OPIFUQ,LELMIA,0.8255242026511556
WOBMIL03,WOBMIL02,0.9998058135613328
BUVYIB,BUVWOF02,0.9999856197153204
MILQIJ,JIZWAS,0.9999788872246888
VEMMAC,EHIVOH,0.9251370777385548
VEMMAC,MIVFUU,0.9247550312535112
VEMMAC,TEDGUG,0.9242385714632582
VEMMAC,DANWAS,0.9209429569403816
VEMMAC,TEDGOA,0.9209017492022272
SOLCAZ,SOSQOI,0.8405380484011857
MEFSOI,IGOYOU,0.8499868914660713
RAGCOS,XOVPON,0.9020140263359434
BUPFAU,BUPDUM,0.999999986056175
HAZGOF04,HAZGOF06,0.9999998666242969
VIKVIX,JIWXOF,0.9216308575967498
IJASES,AFUPEX,0.8743341575229797
IJASES,AVIHOE,0.8653060941987565
IJASES,ELILIV,0.8571392562303709
FAGMEI,FAGMOS,0.9998761582583288
HAZGOF06,GATHAL,0.9999988801613494
EYUGIP,EYUGOV,0.9782898551106692
EYUGIP,YOXXUG01,0.8997509094127372
TEPWOD,PAZDOM,0.9472072721261512
PAZDOM,HICCUU,0.8783399255151554
PAZDOM,OFAWAV,0.8401125238749394
HISTOU,NUCYIV,0.8543277861911733
KEFFEI,FIGXEY,0.9998310660422912
FIGXEY,LOJQUY,0.99994367581695
DENQIZ,LACPEN,0.9933414603166004
FITFOG,FITDOE,0.9994073061830288
KEZLIN,UMIZEX,0.9698153905924656
KEZLIN,MAKFOW,0.8800518582622588
KEZLIN,HOGQIF,0.8573146211766294
DECYAO,DECYOC,0.8858646278014012
DECYAO,DECXUH,0.866317106756002
KENSEE01,KENVIL,0.911764263137465
OWISOD,WITMOD,0.904066262367072
JOSTIU,QITMOW,0.8528145601518018
VUWSAJ,VUKSUR,0.8429566051894836
OPUFAH01,OPUFAH,0.9999686991377296
TEDWIL08,TEDWIL09,0.9999988288189284
RUWWUC,RUWXAJ,0.999870275423091
RUWWUC,WOJYEB,0.8489831435111072
CAKFEB,CAKFEB01,0.9999751495729712
JEHTOG,VUNBOW,0.9866158780590328
MAQZUB,TILHAZ,0.997908497925944
WIVKIX,CUQKOQ,0.8698779140404155
WIVKIX,OMOFED03,0.8605116123100185
TEFWIL,OLURUI01,0.8007446507232436
COYVAO01,KOLQEI,0.900071307630844
TUCJAD,CIFHIK,0.9998845393082488
UTONAT,MEQKOL,0.8640311490399053
UTONAT,NATREH,0.8620950985325
UTONAT,NATREH02,0.8605793851539185
CATDEH,QANSEE,0.9642270251298268
AFOVEX,RUYVAK,0.8648973609237952
RIQFAB,PEBGIP,0.8849783301178243
SUHBAA,PAMHES,0.8160815802006026
AZAYEH,REYDOR,0.8985873852668421
LIWYUM,UQEFED,0.8527290133209273
LIWYUM,QUXRIM,0.847982672058032
EXOWUL,JADRUC,0.8990275361323855
XUNSEG,XUNSOQ,0.9997375141457427
XUNSEG,XUNTEH01,0.9962747343275028
YABPAU,YABPEY,0.9997271998344331
YABPAU,PUZJOL,0.9976161771116964
BUPVEP,XEZVOP,0.9994603900873226
BUPVEP,XOVPON,0.8991064770050671
VESBOM,VESBOM01,0.9987501653887116
EBUJUI,EBUKOD,0.9997457355484908
GEVXAI,RIQVUJ,0.8718451020145568
GEVXAI,HOGQIF,0.8382794951782571
REXBED,MEYDUP,0.9974008753251862
MEQKOL,IBEXUJ,0.9466219297971348
MEQKOL,AFUFAL,0.8868675722669994
MEQKOL,ELIKAM,0.8596950910826395
MEQKOL,OXAZIX,0.84590644053169
LEDJOU,BUGSIG,0.8749607985846242
HADLOQ,AQOMAW,0.8993783818778056
RUGJEK,RUGKAH,0.9998409070933336
MAKFOW,UMIZEX,0.8529548558406639
EXEQAA,HAZGOF07,0.8340249677112272
IJUKIJ,PEHLAS,0.8383566615043236
GATHAL,HAZGOF07,0.9999974959899957
HIXWIU,REGLOG,0.9953270892087742
MIVFUU,TEDGUG,0.9999528203237495
MIVFUU,DANWAS,0.98906832435125
XETPOC,IHILUI,0.9972159705844073
DUBGAJ,GUXSUO,0.8652422324891689
XESCIK,GUTPAO,0.8827969899951472
NAFUMA14,NAFUMA13,0.9999989866523332
AFUFAL,IBEXUJ,0.9319107183497256
AFUFAL,ELIKAM,0.8492480842421563
CUGYEK,SOTMUK01,0.9961780281356672
MUQSUM,GIXNAF,0.9046085757621908
AQOLUP,AQOMEA01,0.9311510241194464
OQIJUU,OQIJOO,0.9999669763113704
XEGQEG01,XEGQEG,0.9999984820350604
KVIOLD01,KVIOLD02,0.999997297806606
GAMFEG,ROSKOB,0.8821092803299071
XAFBEN,QETZAT,0.8965582163986693
KAYBIX,JOFPAX,0.8870113779711535
GITTOT01,VONQOG,0.8311377846277617
GUSNEN01,QALGUH,0.9999987931292904
AYABEH,QITMOW,0.8414848757931068
BALMUW01,BALMUW,0.9997349326576476
CUGYIO,OSIWIX,0.9941116202061592
KENTEF04,KENVIL,0.9999999998541148
CUQKOQ,OMOFED03,0.992206628598244
POCLAV,LEKGOY01,0.8402625852989641
CAYDIR,CAYFAL,0.9957192502789436
AZIYOX01,NAJGAH,0.971164329635507
AZIYOX01,GEJJEL01,0.8937952756499614
DEHHOQ,MANLET,0.8491418469299747
AHOKIR,NUXLUN,0.8801130157200225
RUGJUA,HAJVUM02,0.9996229160464768
RAVVOA01,RAVVIU01,0.9999923480556144
EHIVOH,TEDGUG,0.9984969214777284
EHIVOH,DANWAS,0.9925721388392528
TEDGOA,DANWAS,0.999999896960798
TEDGOA,TEDGUG,0.9875382548981428
XOYCET,SAXYOH,0.9993832248255116
XOYCET,QADKEL02,0.8836256429854394
QUXRIM,UQEFED,0.9988045680007576
EYUGEL,YOXXUG01,0.9998632801752304
BAYQAU08,BAYQAU04,0.9997579200534852
WEQMEL,WEQMIP,0.9996543038252586
FASFUD,PUFNUB,0.9999999845956086
NUVLOG,FIRGIW,0.9995655928085851
ILUFEB,KEHGAH,0.8508993340867427
POBGOE02,POBGAQ01,0.9999997714641582
LOLREL,AFUPEX,0.9360120095403848
IKEJUF,ALALUU,0.800501897433909
EBIBID,FADCIZ03,0.845420163433105
WOJYEB,RUWXAJ,0.8494067540226249
DUBFEM,RIGWIP,0.8432785450253967
HAWVOQ,MAKROG,0.9972374949936582
XUNSOQ,XUNTEH01,0.997984601281359
SUDNIQ,AVAXIF,0.8568843713845656
GAFBEX,NACKOT,0.9999872650321512
UNINUC,UNINIQ,0.9999988838949008
ELOQON,NOCLOH01,0.8528164468604956
ALUJUN,BEVSUR,0.8730176462246357
ALUJUN,REDMUL,0.8701091137625568
ALUJUN,NADZID,0.8667043808502588
ALUJUN,ELIJUF,0.8567273343486475
REDMUL,REQDEX,0.8758444683325075
IMIDZB01,IMIDZB05,0.9999999881996432
EFOREY,EFORUO,0.8448029510853207
DANWAS,TEDGUG,0.9876027465188288
LIVTEP,SUFROA,0.9998330110034552
LIVTEP,TIZVIH,0.8499841232147979
ISIYOZ01,ERFORD01,0.9970897651540902
OFIVAA,OCUTAI,0.9972567550801692
OFIVAA,GECRAI,0.995630189416852
OFIVAA,OCUPUY,0.934897729864838
EMAFAA,EMAFII,0.9996844549024384
SABJUD,AVOGAT,0.8630297613808382
GAQKOB,QAKFIU,0.8944870661565655
WOBBOG,CIPMUL,0.9994353201104405
OJARAU01,OJARAU,0.9998095617166054
NICOPB01,POCMEA04,0.8435638173407346
CIYZIU,OQIQIQ,0.9974567640239924
RIPPEN,VELVIS,0.9999960271724612
MAWVAK,BEPPAP,0.9999689887832685
MAWVAK,UFARAX,0.8998055580758575
QASYUH,BENXOJ,0.859526069569464
COCMOY,MIVFOO,0.8910846826631894
REQDEX,NADZID,0.8726475272289336
REQDEX,ELIJUF,0.8605754482103329
ROYTIK,ROYRII,0.9895928438975068
REGLOG,HIXWIU01,0.9955810784447392
REGLOG,REGLUM,0.9940573472830668
EQUCUO01,EQUCUO02,0.9999999878570192
AQUDIB,GINYAG,0.8752583263935143
UMIZEX,HOGQIF,0.8514994491963332
HIQKOJ,KEZGII,0.8500120711779211
QUPZAE,AQOMAW,0.9034892340619698
VIXGEQ,VIXGAM,0.9998767549926728
PULWEZ,HOXGAD,0.9894653708135146
PULWEZ,DIMBOS,0.999999227481598
UDUMIP02,NOHFEX01,0.9329153671998244
UDUMIP02,TEKYOX01,0.8420159464152331
QOTWON,QQQFUV02,0.9998472898180476
PEQLAZ,WEYDEM,0.997676074582263
HENYUX,HENYOR,0.9999998492901844
METJIH,PAXPAI,0.9021956331342498
MEGVUQ,SIBJAP,0.999674647880848
ULEGOH,HIHQOE02,0.8109269215483385
KHOXAL03,KHOXAL12,0.9997045364798822
YICRIM,WOBHAX,0.8607038602007486
KOTDOO,KOSGUW,0.9999957143337266
TOHQAK,AHUBIO,0.8666166476081312
HUCXIO,VAHVOR,0.936077469201943
GAMTEU,ULAXUB,0.9134911140240204
TONVAV,FAKLUA,0.9990788558452012
ZAWCIM,ZAWCEI,0.9999588419114024
SEZDAF01,SEZCIM02,0.9999664633299504
SIBCAK,SIBMEY,0.8198863858283812
DAPZAW,XOBDUO,0.9811734323438902
DAPZAW,AVIVUW,0.8400450925882087
CODQUJ,XAGQUT,0.908344359344246
HIFZEC,HIFZUS,0.9998582312618354
HISGAT,ZEFNIH01,0.8887006155330796
CUTBEA,ACALAT,0.9320297085987364
TILFUQ,TILFUQ01,0.9999986559041631
RIQVUJ,HOGQIF,0.8477465263096453
IMISON,IMISED,0.9890230872584154
ISIYUF01,UXEFAF,0.9998837291657656
HAWVIM,IYOVIC,0.9984026107897784
LORFED02,LORFED01,0.9999999999151432
EJIRUM,EJIROG,0.8892234767969721
YIVPOJ,YIDJAX,0.9982834645310756
GEJJEL01,PADBAZ,0.8545825924848081
BEVSUR,ELIJUF,0.8606403041420829
BALFAV04,BALFAV01,0.9970659410678928
XILXOH,YOLXAA,0.97361140012912
POCMEA04,INICPB01,0.9999390390925637
EMIFOW,IDIMIU,0.9999222487454388
PINGOL,PINGEB,0.999969688894581
NUXMEY01,CAVQOH,0.8066913976831607
EBEXIU01,EBEXIU,0.9999993503906612
XICZAM,XICYOZ,0.9986262117327988
GIZJOP,KUDJOK,0.9996938419191218
MESBAN,DEKPEP,0.9999508359136868
PAPKUP,ULAZAJ,0.8499256514591925
VADQAS,TOJVUJ,0.9499396124331316
HAJXOI,XODXIZ,0.9999753219220636
TAVDEC,TAVSER,0.9894894062308895
FECYIX,FAMHAE,0.9999994106141528
IFIPIZ,SOKKUZ,0.9951992876751912
MAWWAK05,MAWWAK08,0.998362611962915
CAVYUW,WEMFOL,0.9919311601037972
LIVWUK02,LIVWUK01,0.9999996014125287
XANLOP,MIQSAJ,0.9993991667597258
DIKBAB01,KOMJAY,0.995986148093046
TIYMEU,OGIJIY,0.9914417308329156
WILGOO,WILGEE,0.9938333465668938
VESBUS,VESBUS01,0.9980136074197434
YINRAR,MAXGEZ,0.9494419399800912
BEXRAY,DANZEX,0.9992774099968432
PIQMUZ,RUYVAK,0.9628561360445368
WOLREV,MIVFOO,0.8802131845343587
EQUCUO02,EQUCUO12,0.9999995700007248
DECYOC,DECXUH,0.8559072902031427
BOBTOC,SUHNIT,0.9998461944519637
LORGAA04,LORGAA05,0.9999998438334486
COMHUI,JOFKIA01,0.8055331293473332
YIGHUU,VITDUY,0.8918241955016908
TEFWOR,UDANEV,0.9970294708597024
JUQTOG,JUQVAU,0.999999110094372
HOWROC,DEDTEN,0.8939943166285824
TAFBEJ,TAFBIN,0.999168318504776
NEGXIJ,POGDAS,0.9999456058375004
TILHAZ,QADKEL02,0.8991602842572338
XAGCIS02,XAGCEO,0.9993047304993196
XAGCEO,XAGCEO01,0.9997432364375402
MAKSAT,OHUVIY,0.9979592638000784
IFOPUO,AYABAD,0.9892400990199792
IFOPUO,COYTIU,0.8520118155514121
IFOPUO,AHAKEA,0.8423677598677602
SAXYOH,QADKEL02,0.8844244558084136
ECORIX,ECEYUH,0.8749618895000011
WEMRIS,ILIFOY,0.9102272055838264
AFUPEX,ELILIV,0.8532343037115065
OMOTAM,HUHHOI,0.8919698462535064
SEKQEH,UFOSAM,0.8785088492268278
WOYWIS,WIGPUA,0.9996335320689868
DUZWOM,QQQFUV02,0.9995772297563792
DEBNUU,GUXLIU,0.8475269264125656
WAMJUS,FIXYET,0.990703834113072
BUVXOG,BUVWOF02,0.9999998924770492
XUBJAF01,XUBJAF02,0.9999816142300126
ROFREL,UDICAN,0.945131261601579
IRISAD,EMEYOK02,0.9996427386831356
XOBDUO,AVIVUW,0.842059954748294
XANBOE,ENIZEH,0.8959140406911102
PIRGOO,PIRHAB,0.9999379151772578
SOPROF,QIQVOE,0.9989739383617708
WOBCAT,XAFXOT,0.9916282015556902
NAHQAQ,NAHQEU,0.9998813198787456
DIXNUV01,WUZQOZ,0.9999423303470094
UXEFAF,ERFORD01,0.9970595361440424
FAJHAC,NUCYIV,0.9978192637932988
YEBKOG,DAHNUW,0.9999040985608996
YEBKOG,XOTGUI,0.9963894930699128
XOTGUI,XUMBEN,0.9956933365840896
AVESAW,LIHSAX,0.9995600344175112
GURYOI,GAFXIV,0.999354025681001
MAPFIS,XEDLUN01,0.9154119562100698
HADMIL,AQOMAW,0.8535470069738736
VEMHOL,HOZXEB,0.9986570855363186
ULAZAJ,YUWKEH01,0.8831591909660914
OCUTAI,GECRAI,0.9998101376094324
OCUTAI,OCUPUY,0.9398873317190748
MIVFOO,BAZJET,0.8948867917053556
LONVIV,LONVER,0.9991308948006123
TASJUT,TIMMIM,0.8718976881544009
FOBJUD,RUSXAG,0.8636634402681147
BUSXAP,YOYRAH,0.8211392338556495
ROGRUB,QUMXUS,0.8431778177958718
XOVBIV,XOVBIV01,0.8978979284169162
NUVDEO,HOPVEP,0.9999757845199316
NOQLOV,DECDUN,0.9998252897604296
PEJDUF,PEJFAN,0.9970188251488912
MAQRAA01,MAQRAA,0.99999750169639
PESTAK01,KOSGAC,0.9999915199357464
SOGSAJ,SOGSAJ01,0.999914400926351
HUKZES,BAQXOG,0.9963717330890388
TOXHAR,TOWXEK,0.9999907177251752
BEPPAP,KIGCEK,0.9073046644678996
WEMFAX,FADCIZ03,0.8410009960424035
WEMFAX,FADKAZ,0.8408958022647224
FUQRIU,LINRUY,0.9912206054581368
UNIPOY,UNINIQ,0.999996601504344
UNIPOY,UNINOW,0.9999931516915856
NOTRUL,VINMOX,0.999836740044884
HOWPEQ,HOWPOA,0.999171039808343
MUQNOC,ABUFOU,0.8555950376081219
MUHQAH,WAYWAW,0.9998553561703002
HIQXEM,CEDYER,0.8801290362999551
GIRHIZ,JEFGEH,0.9998086566577328
UNINIQ,UNINOW,0.9999993043585048
BEXQIF,KEQLOK,0.9999854271311256
MIQSAJ,APEBED,0.9996112375835208
FIBHOQ,RUMRUO,0.9958515389721428
ETUSUI,XESGAE,0.9999947939230768
QQQDHD02,HISFUM,0.8885259579250373
GEKQUI,GEKQUI01,0.9999823907324544
RABVOF03,RABVOF,0.99940504161029
CEVKET,MIGMEU,0.9983294966545436
HOZDAD,HOZDEH,0.9988176315115896
DAHPAE,YEBKUM,0.9999995935320748
PIGXAF,SUZTAI,0.9993498961924642
PIGXAF,SOGWIV,0.9973288430136068
RASXEP,DEGBOI,0.80820425891914
MEWNEH,KINDOC,0.8693644030087807
NIBSAU,TELFAT,0.8446709129802822
NADKIO,NADKEK,0.9995519714592332
MAWCEV,MAWBUK,0.9999923578521666
CIHFUU,WINJOS,0.9525123134607304
TEYMAO,MUWQEB,0.997722593007648
ROJSUF01,ROJSUF,0.809357916353259
TELMII,TELMII01,1.0
ESIFIX,ESIFET,0.9999828826186684
AHAKEA,COYTIU,0.900133965749522
BUGSEC,GAKBAX,0.9999284342280316
ETECAJ,EMEYOK02,0.998421917813852
UXUWOB,UXUWUH,0.950678248942236
QOFMUU,EVINON,0.8414542547942612
JAHVUJ,HAKYOH,0.9999432486043968
MIHHIU,MIHHUG,0.9999678202900985
NIBPUM,TEQPEM,0.802764957866502
HOZQOD,HOZQOD01,0.9999883830578395
SIYGOZ,HUPTOB,0.9946075345460684
NUHDIE,TIDWIO,0.8489544626317603
OCUPUY,GECRAI,0.9402917452456238
WENLAE,NUCYIV,0.8528034105470312
EMEYOK02,PEQTOV,0.9999362934317304
TOWXEK,OBUZIV,0.9048701855913974
XAMDOF,OMICOD,0.8725705287668402
RAPFOG,RAPFUM,0.8542091479704133
EVUVEX,EVUVOH,0.9999968639936044
MAXDUM,MAXDUM01,0.9999327291980424
CEHWOD,CEHWIX,0.99920246100942
GOJDUF,GOJFAN,0.9998204077861508
TACPIX,TACPET,0.9999999763341548
NEWPUB02,NEWPUB01,0.9999948386579228
OMICOD,VIRXIF,0.8518273323620035
LIFWUT,JAMLEP,0.9987825073654852
RORRIB,BEKNEN,0.8746318784261946
CIFHAC,PAMGIV,0.8074649431947816
GUPBOJ03,GUPBUP,0.9998313418328032
VITLOZ02,VITLOZ,0.999907864955797
GIZXET,TIRQOB,0.9999492344996332
TIRQOB,YARGAB,0.9993241650101626
HIFMEP,WUYQOY,0.9948456532573592
QUPZIM,VICDOC,0.999899288477784
DIBZIZ,WOCFUR,0.8968550648797984
NATREH02,BAFQUW,0.817481916504317
XODXIZ,HAJXIC,0.99994201178373
XOVYUD,WUHMAP,0.8738922363827824
CEBGAS,JEKRAT,0.9999773929320652
AHIJOQ01,AHIJOQ,0.999852268264086
MUPTAU01,YOGVEX,0.9999865836422008
PUNSUN,PUNSIB,0.99933440287606
GANGEJ02,HASNUN,0.814460650536087
EDIKIL,DIVNAY,0.9999032397050516
AVIHOE,ELILIV,0.8599122694695212
XESKOX,XESKIR,0.9999698444960806
WEBVAC,XOJLAK,0.9048644482888752
PIZPIX,UXACAY,0.9019750271714564
TAGTIH,QIMFEA,0.996085740652652
ASEMUG,ASEMUG01,0.999999630867392
CUCITD03,CUCITD02,0.999974358954115
KIGCEK,UFARAX,0.8796211058862811
SOHYEV,SOHYOF,0.9998806172174132
RUZCIA,YAZVAZ,0.9988319309697248
KUHRAI,RAYJOT,0.8576610480999289
UFOBEZ01,UFOBAV,0.9999944502419308
COWMEH,UDISAD,0.8229391175566316
MOYVIG,SAHDAH,0.8106147743104563
IHOTEG,OQUSEA,0.9991567740982756
KOTDII,KOSFUV,0.999995514509324
MAWWAK08,MAWWAK11,0.9999223686883622
WOHZAU,COWMOR,0.999720616066748
FAPYEA21,FAPYEA05,0.9999984430097284
DAHWAM,BOHZAA,0.8440983175666344
RAPXEN,MOXGAI,0.9173528750965808
IRUWUP,DALXEW,0.9992452255532528
WUWVEQ,ILAMAK,0.808110087690594
NATXOW,YOSLIB02,0.9147406388589412
XINJEL,FOJKIA,0.9978647795073998
CUGSUT,CUGSON,0.999386073534579
NODKOH,DORDUK,0.9999883654532776
MAPXEH,YEKREO,0.8288804411979858
IFEKOU,IFEKUA,0.999869849280342
QUMGAI,CUGQUR,0.9107203200670816
HAKXEX01,HAKXEX,0.9997683634696308
FUXCOS,XOPKOD,0.98437013458072
HISFUM,MOFTUY,0.8532903666101388
RICHIV,RICHAN,0.9982011081265286
ULAQAB,BICPIP,0.8382496809673632
JERXAI,MUTGUD,0.9990364322316664
IYUQID,IYUQAV,0.9979502084496054
KEKLEU,KEKMOF,0.9979015141713724
QEPNOR,ETEBOV,0.884537078732542
UFAQEA,HEBKAC,0.9961072078533671
GUXQEV,VIHHEA,0.9960080493618132
MAQKAR01,WEKWIT,0.9989167049234736
JADLOP02,JADLOP01,0.9999999646906176
UVELIR01,UVELUD,0.9972231109243036
BIQNUN,NACKUZ,0.8697943900442656
ELUVEN,NEBQES,0.8481236227719278
CAXVUU,CAXWEF,0.9999992990060564
HASNUN,BEPPIY,0.9978612014789844
QUMXUS,ROGRAH,0.843986282576267
ZAXQUM,ZAXQOG,0.9999999273354676
ORONOA,ORONOA01,0.9997200991903274
VOHSAM,THOXLB03,0.9989546207850676
BAXFIR02,BAXFIR01,0.999999095464464
WIPJUC,UDEPOK,0.9999892857879054
PARMIG,BEDHOJ,0.9999999254220489
QIHLIF,FANDEG,0.8038184073074923
ONAWEG01,EBINUA02,0.9999984837268108
CECVAI,YAZYUU,0.8814350475249602
KARPOI01,KARPOI,0.999999494486752
IXISAJ,EVAKOB,0.9893670314195984
IYOVOI,HAWVEI,0.9998315060910776
QOZYUA03,QOZYUA01,0.9999990582985944
KUZHAQ,KUZHEU,0.999797004594583
XIFHIF,SADBOQ,0.8645496547349137
HAZVUC,ZEFNIH01,0.8776491251661157
PUHLEL,PUHLIP,0.9995556879890668
VIHHUR,VEZVUT,0.8863432853774803
VEWHIQ,AWAROF,0.9995333240909304
UHOGEF,MOXNIY,0.9985829094215752
YEPLAG02,YEPLAG,0.9997745551015068
VEGNAY01,GETTIJ,0.836807708643627
YEYBOV01,YEYBOV,0.9998936749180164
YOXKEC,HUYQAU,0.8749550223970257
BEPPIY,HASNIB,0.9978132232183052
ULAQEF,DONKIC,0.8747554179083736
VUGYIH,FANCIJ,0.9997232674940084
COXHED,CECKON,0.99685540647454
WIKDAX,TOLPIU,0.8347800781312411
WUXZAS,WUXYIZ,0.970114783775516
XOPLUL,LARNEA,0.999565637369022
CITWOS,CITWUY,0.8666405637560146
GUPCOK,GUPBOJ01,0.815283525702241
JALTUL,VAMHUM,0.998525518218682
QOGREK,QAMJEU,0.9403116235897784
AGOGOU,LATPUU,0.9998112285289324
OKEPUR,IMZYCO,0.9986504898455256
UTEZOK,KERTUZ,0.9140377310256704
FEQREA,IBOWIH,0.8080225139090819
XEHDUM,XEHDOG,0.99950440782652
VESCED,VESCED01,0.9999885811618596
CAFJIF,KOTRIW,0.9992825975426288
JABYUH,JABYUH01,0.9998536905513052
PESSOX02,PESSOX,0.9999570147810746
KUVMUL,KUVMIZ,0.9986917044152628
FUQREQ,IDAZAQ,0.9981243327523466
GIGBOP,GIGBAB,0.8430290507500069
WEBVEG,XOJLEO,0.904811694827296
KHMALA03,YURDAS,0.8941319201280857
BALZEW,GARZIL,0.999540971256372
HUFLIF,IVIPEK,0.999208319663166
ULUCUZ,GIXVOZ,0.999478107409172
AGDCNM,FOCVUQ,0.8081490469677951
ROLZEZ,VUGXOM,0.9999448486278716
PORZUT,MUFYAP,0.8256320443778025
NEBQAO,NEBQES,0.9993068282004012
PIBZUY,PICBAH,0.9999621885265476
CUGYOU,MAXHUP,0.999880552586679
TATFOL,NIRBOG,0.9335228303688629
RASXIT,WEMCIC,0.9995392032732244
VUNCOX,USUQOQ,0.8633528652370053
FECZIY,WIKHAC,0.818079789961792
EMIGUD,EMIHAK,0.8639443461726456
UFIJUQ,UFIJOK,0.999844918781029
AVUPIR,AVUPOX,0.9877420308147687
MINKOL,MINKUR,0.9998583183760664
FITMAW,NOFCAM,0.9000069847445482
CETNUL,REVYUO,0.999971556495616
CDCACD01,CDCACD,0.9999202261729256
JARMEU,JARMEU10,1.0
QOPCEE,QOPCII,0.999985883343939
XAHZEM,XAHZEM01,0.9999776145425324
EWAWEG,EWAWEG01,0.9995469703427134
BARKOV,AYIVIO,0.8084037729392483
WILNIP,WILNIP01,0.9999906315276688
TUHSOG,RUPRUQ,0.8058747756569602
ZAFWUB,WADDEN,0.9976082450972972
WADDUD,RIBZOS,0.999932480889134
RBTCNQ12,RBTCNQ13,0.9999357781788188
HOYCEF,OKINIG,0.8499418257596603
DIPGAK,LIFKOC,0.8434111563411965
HIHFOV,HUYXOP,0.8360882207033463
XEGQUW,JEHCUX,0.8069657696393386
QILYIT,GUDFER,0.831592399979415
AXIMUP,QIBTAW,0.8444462792615774
FIJFAG,PUWCUF,0.9990736418806268
DODLUE,BOPWIO,0.8359272373277067
KOGHEU,AJIFIJ,0.8444190442942142
MAXFUO,YINROF,0.9506170459253876
SADZUV,SAFBAF,0.8914112161722733
HOPMOQ,NAHQUK,0.8575189910894292
QACCOO,PONRUH,0.986583725956476
DUZNUJ,WAPZEU,0.9506046123709816
QANYAG01,VEXYOM,0.9993086088256748
ODAJIO,QALNEW,0.997636805865787
QEKDOA,SEYFAE,0.8640930978220736
PADROD,PADROD01,0.9999657034509016
EJOPEZ,KABSAJ,0.9999814728300284
SIGNEC,WEBKEW,0.8414762862513135
FIVJAW,RIDKOE,0.9988156381644652
IWELIG,IWELOM,0.999999858992201
MAXFOI,YINRIZ,0.9506796179484092
HEJREW,HEJQEV,0.9999999618387392
XUKKET,XUKKET01,0.9999999839771692
KOSLOV,KOSLIP,0.999989619615692
PAXSEM01,PAXSEM,0.999990327988376
VOKKIP,VOKKIP02,0.9999315602585622
QATBAQ,QATDEW,0.9999786257881896
OFUCEZ,TEHMOJ,0.9905377164913204
HIZFIH,ENAMIR,0.9999804224213183
JISSEK,AMOROK,0.9008201813450164
QUMFUB,LARNIE,0.9966593087102532
ZAXLUH,QQQDSD01,0.99999899423401
GORWUF,YEPTOF01,0.999999795964463
DUZNET,WAPYIX,0.9506671793838024
RAKZEI,FOBYAX,0.999281284261418
YUMVOT,XUKJEU,0.9999734939492816
DINTID,DINQUM,0.9999883167678628
ADINCU,MEQMON,0.8052051671625591
VIBPAZ,VIBPED,0.8417237181442757
JEGWUQ,JEGXAX,0.99979145618236
PUDTAK,MUDLIH,0.9999943067649876
FIKQIB,FIKQOH,0.9955387112531352
WEMDAV,SIYGIT,0.8091695562018812
AGSLFB,AGSLFA,0.8901588334259273
NEFJOA,AGUWEG01,0.811001096562126
MELHOB,JOFKIA,0.8362592849978352
REKWUB,REKXAI,0.9950719202622322
DEHBEY,UQAXAN,0.9999281917607576
FIWJIG,LUSQOH,0.9984254102888532
MAGCEE01,MAGCEE,0.9999903002090758
PIRMOU01,PIRMOU,0.9997598544212352
RESWOC,BIQPAV,0.8029392573291964
BINSOJ,BINSAV,0.9980175823692266
PUKTIZ,BOLGUF,0.8477640718633268
FIXVEQ,SALXIP,0.999534541197589
VOJRIW,YAVSOG,0.8396227405344029
YUQYIU,AYAVON,0.8388781957251932
GUPCUQ,PUWQAA,0.999836337072088
FALDEC,FALDOM,0.8621252047151318
YIQBEF01,YIQBEF,0.999977328535415
MAYYER,MAYXUG,0.9962550294150548
TOJDAY,RIFPEB,0.8076915140516683
MODWUX,LULHUW,0.9019817864865248
SUXYOA,WUHHUC,0.8089150952151312
YIFKEG,YIFLUX,0.9982970064618948
XESKAJ,XESKEN,0.9999987286028496
MEYGAY,BESXED,0.9999302770009556
FUWXOL,QEWYID,0.9991555388874992
MAXHOJ01,MAXHOJ02,0.999999999106929
ABUFUA,FAVKAP,0.8171449995284192
BAFORM,MEHRUN,0.9996491763592582
GIRHAR,EKAZIA,0.8880094362860141
SISQES,MOVWIF,0.9966755221519408
LICDOX01,LICDOX02,0.9999913187773776
COWMIL,UDITEI,0.821211558649861
SOKWAS01,SOKWAS,0.998504148817629
HUPTIV,CEXWIM,0.8576524833839039
ITIBET,YEDBOB,0.997233649371259
SIVJAI01,SIVJAI,0.9999129580951888
AWAREV,YUZCAZ,0.8036412033179078
EBUTOM01,EBUTOM,0.9993027538132324
INEBOT,INEBOT01,0.9999826844918762
NAHNLA10,HACVAI,0.921923548841892
TARQEJ,DOCHIN,0.8322748197340024
TEDLUM,TEDMEX,0.856213732895925
KAPHAL,KATLEX,0.9998126076174412
PABXAT,AZOCAU,0.9955738046217558
EGOYEF,UHAXOS,0.8060996760604933
LAVYOX01,LAVYOX,0.9998791058812582
RAZYIC,RAZYOI,0.9999961481253412
CAYBAH,CAYBAH01,0.9999073008918076
BETGEO,BETGIS,0.9999981975294414
HEFSUJ,KELFUF,0.9994385103363822
ZASTUK,DONKUO,0.8061406845072294
NUVDIS,HOPVIT,0.9999801653969996
HOLVAF,ISEGIY,0.999524273180618
UVIPIZ,SIWGUB,0.8725551841577068
TEBDEM,TEBDAI,0.9999999243607112
ETEVEF,ETEVEF01,0.9999941677971436
JIVHIG,JIVHOM,0.9925629079920656
XOWTAF,XOWSUY,0.9996225727929308
BOJLOC01,BOJLOC,0.9999996565393564
WUWRAI,WUWQUB,0.999994892637109
BIVXOT,QEGPUP,0.9999982761933216
KEHGIP,KEHFUA,0.925421404705118
ACMPCD,COBWEV,0.9044072872420656
COBWEV,COBWIZ,0.8508794679282009
CIGVEW,CIGVAS,0.9989416189693634
YUJNOH,YUJNIB,0.9985668159103044
SINXET,VARWOC,0.9998455940701346
CETKOE,IVOCIH,0.9994112230299946
UFIKAX01,UFIKAX,0.9999635150466876
NIYJEM,NIYJAI,0.8735377758509957
TAZZUS,DETGIT,0.8229031080015399
XEGQOQ,OXIKUD,0.806017247273036
YAVMIT,XEDPIH,0.9978682639374798
RUGGOR,WIHTEO,0.9999429813714348
DORFIA,PULTAT,0.9975258433496016
SCFORM01,SCFORM10,0.999944694957502
ECUDEM,YUWKIL,0.8997958145150841
MISKUV,VIWPAT,0.999997278768002
TARQAF,XIFXAM,0.9998054856565212
XUNJOG,XUNJIA,0.9998229619455984
GIJMOB,GIJMOB01,0.9999570926869472
TEJXIQ,TEDPIC,0.9999997428328856
FAYXAF,SEJSUW,0.9977715764740228
HOFXOP,HOFXUV,0.9999975921585752
FAKLOU,SISWUO,0.9996934337107964
