source,target,weight
DOTSOV07,EBAMUS,0.9999308847937758
DOTSOV07,XAMDUM02,0.9997716188117708
DOTSOV07,DOTSOV12,0.9997439991911108
DOTSOV07,DOTSOV14,0.9997437331098334
DOTSOV07,DOTSOV08,0.9997408988302732
DOTSOV07,DOTSOV10,0.9997405964892244
DOTSOV07,DOTSOV13,0.9997402714472494
DOTSOV07,DOTSOV42,0.9997365190960612
DOTSOV07,XAMDUM04,0.9997158319146277
DOTSOV07,LUDLIH,0.9996732178404976
DOTSOV07,BODPAN,0.9996725253926984
DOTSOV07,XAMDUM05,0.9996659657502338
DOTSOV07,RILFEA,0.9996173734829084
DOTSOV07,UXISUR,0.9996103515563846
DOTSOV07,YOZMEH,0.9996102947429863
DOTSOV07,XAMDUM,0.9996101649710672
DOTSOV07,LUDLED,0.9996019428965076
DOTSOV07,YOZNIM,0.999593276897224
DOTSOV07,YOZMOR,0.9995705440031504
DOTSOV07,DIHVIB,0.999538282605738
DOTSOV07,YOZPAG,0.9994768521557672
DOTSOV07,QAWHIH01,0.998182594679042
DOTSOV07,QAWHIH,0.9981289011575492
DOTSOV07,NEHZOS,0.9975110388143535
DOTSOV07,NEHZUY,0.9974434342581135
DOTSOV07,OQIZUL,0.9970326261096712
DOTSOV07,YOZNUY,0.9970125109004055
DOTSOV07,OHOMIH,0.9954449623738572
DOTSOV07,YOZMUX,0.9894783445666464
DOTSOV07,DALSOA,0.932726025979138
DOTSOV07,BABREE,0.9324724852066444
DOTSOV07,IWEVAJ,0.919567890022494
DOTSOV07,RAWYAS,0.919371843963844
DOTSOV07,CITXUZ,0.919067297412408
DOTSOV07,HOGLEV01,0.9078342848737432
DOTSOV07,OFOCUI,0.9073582518751754
DOTSOV07,HANWAW,0.9072352321731452
DOTSOV07,YUGLES,0.9071779401962052
DOTSOV07,NUTQAV,0.9068620492249404
DOTSOV07,NUTQEZ,0.9067006646855174
DOTSOV07,XIJSUH,0.9063079566997514
DOTSOV07,ALIXUP,0.9021125524921284
DOTSOV07,HUCBOX,0.8973533775591118
DOTSOV07,HUCBOX02,0.8971499364729904
DOTSOV07,RAHBOU,0.8970793525373226
DOTSOV07,MOFGOE,0.8962917941830518
DOTSOV07,GIKMOD,0.8948985126464901
DOTSOV07,GIKMOD01,0.8942982677487354
DOTSOV07,VUJBIM,0.8938163390918197
DOTSOV07,VIXPUP01,0.8870671156680027
DOTSOV07,IPUPIU,0.8863613783211971
DOTSOV07,IPUPOA,0.8857862837977251
DOTSOV07,ADONEP,0.8850435938959833
DOTSOV07,WANJIF,0.8850432364626131
DOTSOV07,XEDMEB,0.8847973381784972
DOTSOV07,USEVOF,0.884491686290048
DOTSOV07,EMUBOF,0.8842162496014658
DOTSOV07,EXAXAE,0.8830659905215632
DOTSOV07,ANUGIA,0.8765883933377857
DOTSOV07,NEMCOA,0.8756100189730917
DOTSOV07,LAQNID,0.869042195096279
DOTSOV07,HABQUY,0.8679636295292638
DOTSOV07,KIRFOI,0.8669032955158198
DOTSOV07,NIGDIS,0.8609812036145199
DOTSOV07,TEKYOA,0.8609155236560568
DOTSOV07,IWEQAD,0.8608981204313444
DOTSOV07,XICKOL,0.8608008912968679
DOTSOV07,OGEBAF01,0.8594301951954839
DOTSOV07,XITYOP,0.8589021922910963
DOTSOV07,IDUDIW,0.8579036301031644
DOTSOV07,ANUGEW,0.8533803942122185
DOTSOV07,EPISOM,0.8533515436598829
DOTSOV07,FAMQAO,0.8531046756899924
DOTSOV07,FALTUK,0.8531021252646251
DOTSOV07,NAPSUV,0.8529849095939966
DOTSOV07,EDOSEY,0.8527152075399251
DOTSOV07,LAYXER,0.8526630870644676
DOTSOV07,LAYXAN,0.8508765927827865
DOTSOV07,HEHROE,0.8508339482504668
DOTSOV07,DEKBON,0.8489398685491333
DOTSOV07,UWALEL,0.8467850662312296
DOTSOV07,REGYOT,0.8398745365011006
DOTSOV07,ICAREL,0.8398681875938387
DOTSOV07,HUJGEA,0.8392569408367474
DOTSOV07,BAZGAM,0.839176070425957
DOTSOV07,BAZFUF01,0.8390073545784887
DOTSOV07,BAZFUF,0.838993534532307
DOTSOV07,SEMNIJ,0.838968442843654
DOTSOV07,KIJRUS,0.838663811050089
DOTSOV07,LURRIA,0.8379382828130633
DOTSOV07,ENIHUG,0.8378416676947744
DOTSOV07,ENIHUG01,0.8377932428298824
LATFUI,MIBQAR01,0.9999999918656078
QOMSES,QONLEM,0.9999989308814085
QOMSES,QONLIQ,0.9999976294161604
QOMSES,QONKOV,0.999985840400346
QOMSES,QONLAI,0.9999792979533644
QOMSES,QONKUB,0.9999789522944535
QOMSES,QOMRUH,0.9998866289241516
QOMSES,QOMSAO,0.999813193808464
QOMSES,IBUDOZ,0.999806098458622
QOMSES,FUSWIA,0.9997430275929536
QOMSES,FUQJUX,0.9996351654598457
QOMSES,PEBNER,0.9992162319160188
QOMSES,VUQJEX01,0.9972461073912652
QOMSES,VUQJEX,0.9971960072944388
QOMSES,HOSPEL,0.9970960111812724
QOMSES,CEXJUN01,0.8633065467330587
QOMSES,CEXJUN02,0.8632679007667565
QOMSES,CEXJUN,0.8632600591155264
QOMSES,RODSAG,0.8570038851011913
QOMSES,RODSAG01,0.8568157838893177
QOMSES,RANLAV,0.851397667348858
QOMSES,MUGQAI,0.842227427761766
BUHFER,TALKAT,0.99990767518941
BUHFER,DITYEM02,0.9955165496171564
NUTQEZ,YUGLES,0.9999462160849883
NUTQEZ,VUJBIM,0.986208830931007
NUTQEZ,DICKEH,0.9600323956145094
NUTQEZ,HABQUY,0.9480841301312072
NUTQEZ,RUVKAV,0.9463822868190525
NUTQEZ,OGEBAF01,0.9367173356414616
NUTQEZ,BIHRUI,0.9142268478638148
NUTQEZ,BIHROC,0.9124417313717972
NUTQEZ,LURRIA,0.9120454646470092
NUTQEZ,QAWHIH,0.9082307772460172
NUTQEZ,TISPAO,0.9081596406245818
NUTQEZ,YOZNAE,0.9077923935308624
NUTQEZ,YOZMOR,0.9077788973225824
NUTQEZ,YOZNEI,0.9077730500765112
NUTQEZ,XAMDUM07,0.9077367447492783
NUTQEZ,YOZMIL,0.907729814588886
NUTQEZ,YOZMEH,0.907684254994152
NUTQEZ,UXISUR,0.9076841840593122
NUTQEZ,LUDLIH,0.9076414550989864
NUTQEZ,BODPAN,0.9075812730597108
NUTQEZ,XAMDUM05,0.9075716667527108
NUTQEZ,DOTSOV11,0.9072867839728076
NUTQEZ,DOTSOV10,0.9072850457414018
NUTQEZ,EBAMUS,0.9072849047683051
NUTQEZ,DOTSOV14,0.9072848179010888
NUTQEZ,DOTSOV08,0.907283251194374
NUTQEZ,WULJUJ,0.9057680490879852
NUTQEZ,DOTSOV02,0.905744622891756
NUTQEZ,QIZLIW,0.9043309576638738
NUTQEZ,NEHZOS,0.9012481982754136
NUTQEZ,YOZNOS,0.9012413963054028
NUTQEZ,GAVDUD,0.9012198660647684
NUTQEZ,NEHZUY,0.9011291794536022
NUTQEZ,KAJZIH,0.899248202182878
NUTQEZ,QIZLOC,0.8980543111606971
NUTQEZ,YOZMUX,0.8978850359742204
NUTQEZ,QIYDIN,0.8852028119940973
NUTQEZ,QIYDAF01,0.8810916296583926
NUTQEZ,BABREE,0.850662221822733
NUTQEZ,MIKVEK,0.8471558467227249
NUTQEZ,EXOYAS,0.8411327963242496
NUTQEZ,IWEVAJ,0.8407541840647181
NUTQEZ,ONIXOZ,0.8404977775156182
NUTQEZ,CITXUZ,0.8388844585874381
HOYKUD,PIDRAY,0.9156487707174203
HOYKUD,UNABUH,0.8891542031509927
HOYKUD,IDUSIM,0.8891525878643132
HOYKUD,IDUTAF,0.889150045304399
HOYKUD,IDUTIN,0.8891492915352588
HOYKUD,IDUTEJ,0.889146949490514
HOYKUD,SOZHOG,0.8890404554903426
HOYKUD,IXAJUN,0.8679029152709652
HOYKUD,XICKOL,0.8656761856515394
HOYKUD,ECODIK,0.8567377538636145
HOYKUD,QERZUI01,0.8567256834977168
HOYKUD,BAHGUN04,0.856664219755027
HOYKUD,BAHGUN03,0.8566488589545787
HOYKUD,BAHGUN,0.8566275858024803
HOYKUD,BAHGUN02,0.8566168936304186
HOYKUD,HAWZEM,0.8566113274296523
HOYKUD,UGEPEB,0.8565710251197957
HOYKUD,EGOZAB,0.8565653909421578
HOYKUD,UFUMUD,0.8565591767551264
HOYKUD,UFUMUD01,0.85654350026727
HOYKUD,POFDIZ,0.8560924174621128
HOYKUD,KAKTIA01,0.8555509827732313
HOYKUD,POFDEV,0.8553686587143094
HOYKUD,AHEMEG,0.8548461052498108
HOYKUD,IPINAY,0.8547610002755912
HOYKUD,NAPSUV,0.8542045619457448
HOYKUD,POFDOF,0.8538730738961225
HOYKUD,NELCEN,0.8525675950114329
HOYKUD,QIWQES,0.8479881446809391
HOYKUD,YEKXUJ,0.8466430741728841
HOYKUD,YEKYAQ,0.8410841700481881
HOYKUD,OHOMIH,0.8396413531616018
HOYKUD,QIZLOC,0.8396401215723877
HOYKUD,NEHZUY,0.8395499487900007
HOYKUD,GAVDUD,0.8395366102144357
HOYKUD,OFOCUI,0.8384149699216057
XAMDUM,YOZMEH,0.9999999999589456
XAMDUM,UXISUR,0.9999999999385843
XAMDUM,DIHVIB01,0.9999999880870992
XAMDUM,RILFEA,0.999999915304458
XAMDUM,XAMDUM01,0.9999999133858648
XAMDUM,LUDLED,0.9999998959903682
XAMDUM,XAMDUM06,0.9999998033608576
XAMDUM,YOZNIM,0.9999993666013728
XAMDUM,XAMDUM07,0.9999987313876336
XAMDUM,LUDLIH,0.9999971359406172
XAMDUM,YOZNEI,0.9999953358895468
XAMDUM,XAMDUM05,0.9999948296274224
XAMDUM,YOZNAE,0.9999942756152824
XAMDUM,XAMDUM02,0.9999773811388408
XAMDUM,DOTSOV42,0.999952074033396
XAMDUM,DOTSOV13,0.9999471835674916
XAMDUM,DOTSOV11,0.9999471405832918
XAMDUM,DOTSOV15,0.9999467322605594
XAMDUM,DOTSOV10,0.9999467320508096
XAMDUM,DOTSOV14,0.9999466671191386
XAMDUM,DOTSOV08,0.9999463090210684
XAMDUM,DOTSOV12,0.9999462898410368
XAMDUM,EBAMUS,0.99982835776886
XAMDUM,QAWHIH,0.999220244837121
XAMDUM,WULJUJ,0.9988955952191124
XAMDUM,YOZNUY,0.9984010744239732
XAMDUM,NEHZOS,0.9963948301554864
XAMDUM,NEHZUY,0.9963089774892928
XAMDUM,KAJZIH,0.9949181828639296
XAMDUM,YOZNOS,0.9917819388726096
XAMDUM,YOZMUX,0.9880048072914934
XAMDUM,DALSOA,0.9329904360066974
XAMDUM,ORAWAH,0.9321681734309936
XAMDUM,BABREE,0.9321088022740602
XAMDUM,EXOYAS,0.9197052093300456
XAMDUM,RAWYAS,0.918899110739332
XAMDUM,YAGHUM,0.9078799529825556
XAMDUM,HOGLEV,0.9077396291439326
XAMDUM,EXOGAB,0.9076878011332524
XAMDUM,OFOCUI,0.9076665684626706
XAMDUM,HUCBOX01,0.8972481003690089
XAMDUM,MOBDIR,0.89587095033466
XAMDUM,VUJBIM,0.8953292051534698
XAMDUM,GIKMOD,0.8938019677970639
XAMDUM,GIKMOD01,0.893052636826942
XAMDUM,GINTUT,0.8872979060841129
XAMDUM,IPUPIU,0.8871015363645722
XAMDUM,VIXPUP01,0.887087831849969
XAMDUM,VIXPUP02,0.8865803461375218
XAMDUM,LUDLAZ,0.8860669406202852
XAMDUM,PAFZEE,0.8850765602236845
XAMDUM,KANMIX,0.8850597557926141
XAMDUM,USEVOF,0.8850382728638266
XAMDUM,IPUPOA,0.8849615851763475
XAMDUM,EMUBOF,0.8849197325925048
XAMDUM,WANJIF,0.8848714394813465
XAMDUM,ADONEP,0.8844639865934643
XAMDUM,EXAXAE,0.8820796081022115
XAMDUM,EXAXAE03,0.8817536610832556
XAMDUM,EMUBIZ,0.8817190124873814
XAMDUM,DICKEH,0.8770681343400523
XAMDUM,NEMCOA,0.8745309838164868
XAMDUM,CEKHUY,0.8739879623908554
XAMDUM,HIDTUM,0.8732344744793998
XAMDUM,LAQNID,0.8691046760990457
XAMDUM,OKABAE,0.8670083666257202
XAMDUM,HABQUY,0.8663954743326612
XAMDUM,IWEQAD,0.8610832187272566
XAMDUM,TOVWAE,0.8608597567854446
XAMDUM,XICKOL,0.8605942944382733
XAMDUM,OGEBAF,0.8587198196318477
XAMDUM,OGEBAF01,0.8585321886373528
XAMDUM,JALPAQ,0.8581347790746027
XAMDUM,FAMQAO,0.8535482361688158
XAMDUM,FAMPUH,0.853540078475205
XAMDUM,FAMQES,0.8535308026055664
XAMDUM,NAPSUV,0.853519869146641
XAMDUM,EDOSEY,0.8534080189541119
XAMDUM,EPISOM,0.85257892796606
XAMDUM,MAVRAE,0.8513024211698348
XAMDUM,LAYWOA,0.8501644504305579
XAMDUM,LAYXAN,0.8493837519517139
XAMDUM,HEHROE,0.8493338832029865
XAMDUM,DEKBON,0.8471056510109017
XAMDUM,RUJMEQ,0.8463393891375471
XAMDUM,BAZFUF01,0.8398611245939358
XAMDUM,ICAREL,0.8396825160239312
XAMDUM,LUKLIN,0.8396774328760397
XAMDUM,SEMNIJ,0.8395932400119679
XAMDUM,HUJGEA,0.8389095024807708
QOWRAV,QOWRAV10,0.9999999738766776
QOWRAV,QOWRAV09,0.9999999433361492
QOWRAV,QOWRAV11,0.9999999205085974
QOWRAV,QOWRAV12,0.9999999029287368
QOWRAV,QOWRAV07,0.9999997850954798
QOWRAV,QOWRAV03,0.9999994284391064
QOWRAV,LIGQEA,0.999732226950304
QOWRAV,BAZFUF,0.9971975973501016
QOWRAV,ICAREL,0.991083539247024
QOWRAV,BAZGAM,0.9862587585381196
QOWRAV,NAFSOF,0.9789929400732827
QOWRAV,LAYXER,0.9574751773041352
QOWRAV,ANUGOG,0.9569173334154478
QOWRAV,LAYWOA,0.9545504053477214
QOWRAV,LAYXAN,0.9530289371763748
QOWRAV,DEKBON,0.9488577152582308
QOWRAV,IPUPIU,0.9446585791684026
QOWRAV,HOYQIX,0.9442722370692774
QOWRAV,YUSWEP,0.9311308077844828
QOWRAV,FISGOF,0.9012932670863636
QOWRAV,AZAVUU,0.8887519009520022
QOWRAV,ORAWAH,0.8811919122007859
QOWRAV,KAGJOS,0.8724996283959214
QOWRAV,WURNOO,0.8722417659923306
QOWRAV,HAYXIR,0.8718134960520106
QOWRAV,ENIHUG01,0.8679029307505697
QOWRAV,ENIHUG,0.8678492430949556
QOWRAV,MIKVEK,0.8667631977913115
QOWRAV,SEMNIJ,0.8659255939235869
QOWRAV,LURRIA,0.860844465953118
QOWRAV,MUNDOQ,0.8596156588490179
QOWRAV,ASIVAB,0.8527683890613074
QOWRAV,SIXNOF,0.8513142380412555
QOWRAV,EPISOM,0.8509449054566052
QOWRAV,RUJMEQ,0.8471458672828303
QOWRAV,YIMQOD,0.8460134785407656
QOWRAV,YOZNUY,0.839196449268487
QOWRAV,QAWHIH,0.8382843313005386
QOWRAV,QAWHIH01,0.8382251803225652
LAPLUM,LAPNIC,0.9999424664182078
VIFPUY04,VIFPUY01,0.9999999872765928
VIFPUY04,LOQLEJ,0.9999999866684356
VIFPUY04,VIFPUY,0.9999999395054584
VIFPUY04,VIFPUY03,0.9999998946204444
VIFPUY04,VIFPUY05,0.999999868125948
VIFPUY04,VIFPUY02,0.9999998523304504
VIFPUY04,MAYJOM,0.9999562158184292
VIFPUY04,IFIPEV,0.9468830972237828
VIFPUY04,FIFGEI,0.9467298323258008
VIFPUY04,GALHUY,0.9375442933096686
VIFPUY04,FAHQIQ,0.9357502259307297
VIFPUY04,GIWMAD,0.9073488535500768
VIFPUY04,CIFSIW,0.9042783039521638
VIFPUY04,CIFSES,0.9031239016647676
VIFPUY04,FOSTIS,0.9030084014790966
VIFPUY04,UNIDAY,0.902832698274156
VIFPUY04,FOSTOY,0.9025776196374762
VIFPUY04,TIRFOQ,0.8796920051924227
VIFPUY04,CUFFEP,0.8747370727493419
VIFPUY04,CUFFOZ,0.8747351011155713
VIFPUY04,CUFFUF,0.8747289851520169
VIFPUY04,CUFDOX,0.8747206494415931
VIFPUY04,TIKXAN,0.8747185275463907
VIFPUY04,CUFFIT,0.8747065510299773
VIFPUY04,CUFDUD,0.8738141084282846
VIFPUY04,IYUHIU,0.8735818983779875
VIFPUY04,LEPTUY,0.8672522050278911
VIFPUY04,PEYVEV,0.8598834356578712
FAMBUS,IZEBEV,0.9804099901229876
NIKYOW01,NIKYOW,0.9999998500006876
NIKYOW01,NIHBAI02,0.9999996545005082
NIKYOW01,NIHBAI01,0.999999470852368
NIKYOW01,NIKZAJ01,0.9999966082853928
NIKYOW01,NIHBEM01,0.999983082419436
NIKYOW01,IZAKAX,0.9999476143043808
NIKYOW01,NUDPAE12,0.9996635063288876
NIKYOW01,VICBEQ,0.9987233038727552
NIKYOW01,NUDPAE02,0.998675985384012
NIKYOW01,NUDPAE01,0.9986717405188776
NIKYOW01,NUDPAE09,0.997973468974038
NIKYOW01,IZIDOM,0.9973773462301918
NIKYOW01,NUDNUW09,0.9967263442642696
NIKYOW01,NUDNUW01,0.9965853160729402
NIKYOW01,NUDNUW06,0.9964419949874292
OKABAE,MIKVEK,0.8730151088105367
OKABAE,ONIXOZ,0.8712220296444702
OKABAE,QIZLIW,0.8691984899347052
OKABAE,GAVDUD,0.8691143603672594
OKABAE,NEHZUY,0.8691005375755587
OKABAE,KAJZIH,0.8687097276450951
OKABAE,QIZLOC,0.8683689435201759
OKABAE,DOTSOV16,0.8676512070806441
OKABAE,DOTSOV08,0.8676511646401723
OKABAE,DOTSOV14,0.8676491136314778
OKABAE,DOTSOV15,0.8676488356419328
OKABAE,DOTSOV11,0.8676465783648708
OKABAE,DOTSOV13,0.867646340138906
OKABAE,DOTSOV02,0.8675305705350175
OKABAE,EBAMUS,0.867297186077703
OKABAE,ORAWAH,0.8672400941144949
OKABAE,BODPAN,0.8672015282270247
OKABAE,XAMDUM02,0.8671990185248253
OKABAE,LUDLIH,0.867086288277446
OKABAE,FIQCEN,0.8669961777829392
OKABAE,LUDLED,0.8669776284253548
OKABAE,YOZNIM,0.8669329417531497
OKABAE,YOZMOR,0.866805651026483
OKABAE,YOZNAE,0.8667754224210468
OKABAE,DIHVIB,0.8667546990132426
OKABAE,YOZPAG,0.8665563097961949
OKABAE,TISPAO,0.8654436963929888
OKABAE,QAWHIH01,0.8636853728564621
OKABAE,OQIZUL,0.8616629943333426
OKABAE,YOZNUY,0.8616316403992863
OKABAE,YOZNOS,0.8553612580625874
OKABAE,HANWAW,0.8517045021266098
OKABAE,YOZMUX,0.8507955679483687
KAJZIH,QIZLOC,0.9999469250764366
KAJZIH,NEHZUY,0.9998880786296824
KAJZIH,NEHZOS,0.9998724816177084
KAJZIH,QIZLIW,0.998945411728339
KAJZIH,WULJUJ,0.9962682276617676
KAJZIH,DOTSOV12,0.9959049097007976
KAJZIH,DOTSOV14,0.9959016215330744
KAJZIH,DOTSOV10,0.9959012073823303
KAJZIH,DOTSOV15,0.9959012055344654
KAJZIH,DOTSOV11,0.9958976306355166
KAJZIH,DOTSOV13,0.9958972533953584
KAJZIH,DOTSOV42,0.9958531662529776
KAJZIH,XAMDUM05,0.995235090759894
KAJZIH,XAMDUM02,0.99521288608627
KAJZIH,RILFEA,0.9949593810066892
KAJZIH,XAMDUM01,0.9949575743648827
KAJZIH,FIQCEN,0.9948999900531844
KAJZIH,LUDLED,0.9948723348228212
KAJZIH,XAMDUM06,0.9948550897381008
KAJZIH,XAMDUM07,0.9947571737779428
KAJZIH,DIHVIB,0.9945427687602548
KAJZIH,YOZPAG,0.9942534529586414
KAJZIH,TISPAO,0.9926843911487522
KAJZIH,QAWHIH01,0.9903275254846294
KAJZIH,QAWHIH,0.9901964471282436
KAJZIH,OQIZUL,0.9877284519817718
KAJZIH,YOZMUX,0.9766760131244504
KAJZIH,MIKVEK,0.9327745424265304
KAJZIH,ONIXOZ,0.932628299376572
KAJZIH,BABREE,0.9313061316525224
KAJZIH,DALSOA,0.9285775175827796
KAJZIH,ORAWAH,0.922984812730091
KAJZIH,CITXUZ,0.9191274976596896
KAJZIH,RAWYAS,0.9187183424090282
KAJZIH,EXOYAS,0.917388873126062
KAJZIH,IWEVAJ,0.9144622209052384
KAJZIH,ALIXUP,0.9079173096805282
KAJZIH,HANWAW,0.9074081943557114
KAJZIH,HOGLEV01,0.9061919863359952
KAJZIH,EXOGAB,0.90596925546375
KAJZIH,HOGLEV,0.9058656446747556
KAJZIH,GERWEH,0.9025183413307314
KAJZIH,YUGLES,0.9005751882092632
KAJZIH,OFOCUI,0.9001475201649194
KAJZIH,NUTQAV,0.8996765545741493
KAJZIH,MOCKEV,0.8983460189788655
KAJZIH,MOCKAR,0.8982525609690928
KAJZIH,GIKMOD01,0.8973273065095444
KAJZIH,GIKMOD,0.8972229704540551
KAJZIH,RAHBOU,0.8947381404611041
KAJZIH,PAMQIF,0.8944813591488515
KAJZIH,HUCBOX,0.8933621163285594
KAJZIH,IPUPOA,0.8867681058737533
KAJZIH,VIXPUP,0.8852141129152722
KAJZIH,EXAXAE,0.8848013345734982
KAJZIH,RUVKAV,0.8842743626617295
KAJZIH,MUDTEL,0.882286604921999
KAJZIH,ADONEP,0.8819551784039337
KAJZIH,HOYQIX,0.8805766480747519
KAJZIH,PAFZEE,0.8800907158693339
KAJZIH,IPUPIU,0.8800342114599669
KAJZIH,USEVOF,0.879074291659832
KAJZIH,EMUBOF,0.8780624071221182
KAJZIH,CEKHUY,0.8778945012328896
KAJZIH,NEMCOA,0.8778020569632483
KAJZIH,DICKEH,0.8762474530170177
KAJZIH,HABQUY,0.8635989689608898
KAJZIH,IDUDIW,0.8611359598185737
KAJZIH,XITYOP,0.8609613045565405
KAJZIH,JALPAQ,0.8608895048968974
KAJZIH,OGEBAF01,0.8607526398892356
KAJZIH,OGEBAF,0.860640883365144
KAJZIH,TEKYOA,0.8580452440023144
KAJZIH,HEHROE,0.8550061214863488
KAJZIH,TOVWAE,0.8533371996050488
KAJZIH,UWALEL,0.8530607434984461
KAJZIH,MAVRAE,0.8529768010991245
KAJZIH,FAMQES,0.8477753045263707
KAJZIH,NAPSUV,0.8476174975711177
KAJZIH,EDOSEY,0.8466191589192839
KAJZIH,LUKLIN,0.8378685939333839
KAJZIH,ICAREL,0.8378578993095492
KAJZIH,HUJGEA,0.8377811403078081
VIKRUF,VIKSIU,0.9999993679174078
VIKRUF,VIKROZ,0.9999888424855436
VIKRUF,VIKRIT,0.9998669164372852
VIKRUF,IZIBUQ,0.9426622209360804
VIKRUF,UVAHIK,0.8939835431287778
VIKRUF,WIZMAV12,0.8939144419308371
VIKRUF,WIZMAV10,0.8939004016560386
VIKRUF,WIZMAV07,0.8938999965758522
VIKRUF,WIZMAV09,0.893898632355395
VIKRUF,WIZMAV,0.8938981007070645
VIKRUF,WIZMAV08,0.8938945918515079
VIKRUF,WIZMAV06,0.8938909733197896
VIKRUF,ERARUM,0.8938556946520485
VIKRUF,HERHAQ,0.8835949892431256
VIKRUF,GERBEN,0.8827993682578599
VIKRUF,ERANAO,0.8827160202148915
VIKRUF,HERHUK,0.8821392367843007
VIKRUF,HERHEU,0.8813758318971912
VIKRUF,GAYXEM,0.8797507488001804
VIKRUF,UFOSEQ,0.8779279989677203
VIKRUF,OFOJAX,0.8588389635700249
VIKRUF,BUNLAZ,0.8487819887751631
HORHOM,FOXQIT,0.904271119387919
HORHOM,AHAJUP,0.8544988610833275
DOTSOV28,DOTSOV40,0.9999999562344196
DOTSOV28,DOTSOV36,0.9999999986972632
EFEGOM,SADMUH,0.9999932939885467
EFEGOM,SETRAM,0.999982128655218
EFEGOM,POJTOY01,0.9999631297625516
EFEGOM,SETQIT,0.9999578051235796
EFEGOM,YAXBOP,0.9999415404239902
EFEGOM,SETQEP,0.9999336793107892
EFEGOM,YAXBUV02,0.9961222881112444
EFEGOM,NEHZAE,0.9839625815013916
EFEGOM,TOVJAR,0.9069637421216272
EFEGOM,PIJKUR,0.8859557825637414
EFEGOM,REZXOK,0.884462870436884
EFEGOM,UFIHUP,0.8692685875517023
EFEGOM,UFIKOM,0.8692600525959806
EFEGOM,UFIKIG,0.8692139717377021
EFEGOM,LARPEB,0.8626518845650297
EFEGOM,TOVKEW,0.8524174911054765
EFEGOM,TOVJIZ,0.8510438486306089
EFEGOM,TOVJEV,0.8456064484478054
OTAWIR,IQOJAB,0.8752258661400254
OTAWIR,BABRII,0.8720068076847844
OTAWIR,GUGNON,0.871160731013187
OTAWIR,UYAPOA,0.8682644895971614
OTAWIR,DARYIF,0.8602046158470722
OTAWIR,ODUNEH,0.8595883157839602
OTAWIR,PIWLIT,0.859209073123314
OTAWIR,PIWLAL,0.8586818704686888
OTAWIR,DITTEH,0.8527379251735652
OTAWIR,PUGSER,0.8503420423051591
DOTSOV42,DOTSOV13,0.9999998812146434
DOTSOV42,DOTSOV11,0.9999998791676464
DOTSOV42,DOTSOV15,0.9999998588961156
DOTSOV42,DOTSOV10,0.9999998588852436
DOTSOV42,DOTSOV16,0.9999998358899927
DOTSOV42,XAMDUM05,0.9999783376761486
DOTSOV42,BODPAN,0.9999763354375728
DOTSOV42,XAMDUM03,0.9999688448189716
DOTSOV42,XAMDUM04,0.999966678142501
DOTSOV42,LUDLIH,0.9999610127145078
DOTSOV42,XAMDUM02,0.9999606039829978
DOTSOV42,XAMDUM01,0.9999558454633536
DOTSOV42,DIHVIB01,0.9999523305677582
DOTSOV42,UXISUR,0.9999521823702456
DOTSOV42,YOZMEH,0.9999521616761664
DOTSOV42,XAMDUM06,0.9999457379823024
DOTSOV42,YOZNIM,0.9999405414999916
DOTSOV42,EBAMUS,0.9998476118551136
DOTSOV42,TISPAO,0.9995483102913824
DOTSOV42,WULJUJ,0.9990867262584656
DOTSOV42,QIZLIW,0.9989766865902984
DOTSOV42,QAWHIH01,0.9988323905304598
DOTSOV42,QAWHIH,0.9987861594228208
DOTSOV42,OQIZUL,0.9978176217041932
DOTSOV42,NEHZOS,0.9971758891002892
DOTSOV42,GAVDUD,0.9971577087985553
DOTSOV42,QIZLOC,0.995021770853828
DOTSOV42,OHOMIH,0.994865646404334
DOTSOV42,YOZMUX,0.9873307215748854
DOTSOV42,BABREE,0.9324769200568144
DOTSOV42,ONIXOZ,0.9259742036093735
DOTSOV42,EXOYAS,0.9199264900285512
DOTSOV42,CITXUZ,0.9189593639906624
DOTSOV42,IWEVAJ,0.918717376676744
DOTSOV42,HOGLEV01,0.9078832777379872
DOTSOV42,YUGLES,0.9077038896148634
DOTSOV42,YAGHUM,0.907566480580823
DOTSOV42,OFOCUI,0.907380585229163
DOTSOV42,MOCKEV,0.906982553271144
DOTSOV42,XIJSUH,0.906972176543322
DOTSOV42,ALIXUP,0.9014435582091268
DOTSOV42,PIDRAY,0.901083703977182
DOTSOV42,HUCBOX02,0.8973565984945899
DOTSOV42,HUCBOX01,0.8973464242602236
DOTSOV42,HUCBOX,0.8970997334930163
DOTSOV42,MOFGOE,0.8962751854182389
DOTSOV42,MOBDIR,0.8962729277051399
DOTSOV42,MUDTEL,0.8938970256716231
DOTSOV42,GINTUT,0.8872589910201603
DOTSOV42,VIXPUP01,0.8872407705264197
DOTSOV42,RUVKAV,0.8872092446557187
DOTSOV42,HOYQIX,0.8869856237334521
DOTSOV42,VIXPUP,0.8869449699252937
DOTSOV42,VIXPUP02,0.8869032737569006
DOTSOV42,IPUPIU,0.8868594641784734
DOTSOV42,LUDLAZ,0.8865044854883113
DOTSOV42,IPUPOA,0.8855818092441687
DOTSOV42,WANJIF,0.8849297264878733
DOTSOV42,XEDMEB,0.8849260202124202
DOTSOV42,EMUBOF,0.8846982272969637
DOTSOV42,ADONEP,0.8846669751507876
DOTSOV42,APUPEH,0.8828432211231458
DOTSOV42,EXAXAE,0.8827879787143765
DOTSOV42,EMUBIZ,0.8824713263517442
DOTSOV42,ANUGOG,0.8779631244168932
DOTSOV42,DICKEH,0.8774345143692426
DOTSOV42,ANUGIA,0.8771681191410792
DOTSOV42,NEMCOA,0.875292185709571
DOTSOV42,CEKHUY,0.8748102771776823
DOTSOV42,HIDTUM,0.8741351334387286
DOTSOV42,LAQNID,0.8692371612149222
DOTSOV42,KIRFOI,0.866582779780377
DOTSOV42,IWEQAD,0.8611545441864366
DOTSOV42,NIGDIS,0.861114129152119
DOTSOV42,TEKYOA,0.861082928151741
DOTSOV42,OGEBAF01,0.8591922982766844
DOTSOV42,JALPAQ,0.8588463097767434
DOTSOV42,XITYOP,0.8583564830851662
DOTSOV42,IXAJUN,0.8582634412325976
DOTSOV42,FALTUK,0.8534668765394138
DOTSOV42,FAMQES,0.8534170817102966
DOTSOV42,NAPSUV,0.8533917929550935
DOTSOV42,EDOSEY,0.8531932151144551
DOTSOV42,LAYXER,0.8523364113470582
DOTSOV42,MAVRAE,0.8519099839291656
DOTSOV42,LAYWOA,0.8510778465941944
DOTSOV42,LAYXAN,0.8503707607830092
DOTSOV42,HEHROE,0.8503254088536261
DOTSOV42,WARXUL,0.8495325187910273
DOTSOV42,RUJMEQ,0.8464079409743045
DOTSOV42,UWALEL,0.84607675435975
DOTSOV42,HUJGEA,0.8392461343526765
DOTSOV42,ENIHUG01,0.8384489673974553
DOTSOV42,BAZGAM,0.8384442043902476
EMUBOF,USEVOF,0.9999600924157364
EMUBOF,KANMIX,0.9999284478558976
EMUBOF,XEDMEB,0.9989923782097472
EMUBOF,ADONEP,0.9987776078740171
EMUBOF,EXAXAE,0.9954782586680287
EMUBOF,EXAXAE03,0.9950804867036156
EMUBOF,EMUBIZ,0.9950384060959342
EMUBOF,HAYXIR,0.8878672553408393
EMUBOF,YOZNAE,0.8849740149888495
EMUBOF,YOZNEI,0.8849643228585279
EMUBOF,XAMDUM07,0.8849467120540618
EMUBOF,YOZMIL,0.8849431441994076
EMUBOF,YOZNIM,0.8849388552762836
EMUBOF,XAMDUM06,0.884930657101229
EMUBOF,FIQCEN,0.884922929884924
EMUBOF,YOZMEH,0.8849195736148049
EMUBOF,UXISUR,0.8849195361412958
EMUBOF,RILFEA,0.884912349292454
EMUBOF,LUDLIH,0.8848956516723523
EMUBOF,BODPAN,0.884863016243427
EMUBOF,QAWHIH01,0.884860413079463
EMUBOF,XAMDUM05,0.8848576414820646
EMUBOF,QAWHIH,0.8848402257222727
EMUBOF,DOTSOV13,0.8846846980572947
EMUBOF,DOTSOV11,0.88468458095687
EMUBOF,DOTSOV15,0.8846834701103851
EMUBOF,DOTSOV14,0.8846833217689
EMUBOF,OQIZUL,0.8843329294460869
EMUBOF,WULJUJ,0.8833864788309544
EMUBOF,DOTSOV02,0.8833638582171834
EMUBOF,MUNDOQ,0.8826247170567572
EMUBOF,QIZLIW,0.8824330251564395
EMUBOF,NEHZOS,0.879816441873702
EMUBOF,GAVDUD,0.8797918071901464
EMUBOF,NEHZUY,0.8797130153398023
EMUBOF,YOZNOS,0.8776376016786033
EMUBOF,OHOMIH,0.8767982588901022
EMUBOF,IDUDIW,0.8474592696030414
EMUBOF,LASYOU,0.8442354292353368
EMUBOF,QESBAR,0.8412234017661141
EMUBOF,DEGSIS01,0.8391926110830528
YOZNEI,YOZMOR,0.9999998745265564
YOZNEI,YOZNAE,0.9999990016457988
YOZNEI,DIHVIB,0.9999987849558686
YOZNEI,YOZMIL,0.9999987509629206
YOZNEI,XAMDUM07,0.9999984887974248
YOZNEI,XAMDUM06,0.9999968779411216
YOZNEI,LUDLED,0.9999964958982116
YOZNEI,FIQCEN,0.99999582136405
YOZNEI,YOZMEH,0.9999953092598832
YOZNEI,XAMDUM01,0.9999943287611662
YOZNEI,RILFEA,0.999994108619358
YOZNEI,LUDLIH,0.9999917827863852
YOZNEI,XAMDUM04,0.9999847276791476
YOZNEI,BODPAN,0.9999834802118684
YOZNEI,XAMDUM05,0.999981494778634
YOZNEI,XAMDUM02,0.999971501706406
YOZNEI,DOTSOV11,0.9999139779666056
YOZNEI,DOTSOV14,0.99991356510075
YOZNEI,DOTSOV15,0.9999134596963192
YOZNEI,DOTSOV10,0.999913459374818
YOZNEI,DOTSOV12,0.9999130863868516
YOZNEI,DOTSOV08,0.999912922816752
YOZNEI,EBAMUS,0.9998267616341224
YOZNEI,QAWHIH01,0.9993592886676934
YOZNEI,DOTSOV02,0.9988535630154972
YOZNEI,OQIZUL,0.9985669071520372
YOZNEI,YOZNUY,0.9985531327639768
YOZNEI,QIZLIW,0.998329667025776
YOZNEI,NEHZOS,0.9961554227882308
YOZNEI,GAVDUD,0.9961352739152476
YOZNEI,YOZMUX,0.9883564863098684
YOZNEI,LASYOU,0.9466434659113948
YOZNEI,DALSOA,0.9329677015561372
YOZNEI,BABREE,0.9319861880963128
YOZNEI,ONIXOZ,0.9244164580450376
YOZNEI,EXOYAS,0.9196228879707
YOZNEI,RAWYAS,0.9187594322272316
YOZNEI,IWEVAJ,0.9187204790604242
YOZNEI,CITXUZ,0.9182843992483016
YOZNEI,YAGHUM,0.9079505919113312
YOZNEI,NUTQAV,0.9078681141906028
YOZNEI,OFOCUI,0.907759979446599
YOZNEI,HOGLEV,0.9076466565231804
YOZNEI,EXOGAB,0.9075925481566578
YOZNEI,MOCKAR,0.9075218379425896
YOZNEI,HANWAW,0.9061914717743212
YOZNEI,ALIXUP,0.8999104487623679
YOZNEI,PIDRAY,0.8995129459956377
YOZNEI,HUCBOX02,0.8972726191948438
YOZNEI,HUCBOX01,0.8972017210628338
YOZNEI,RAHBOU,0.8968699784262301
YOZNEI,MOBDIR,0.8957383828305427
YOZNEI,VUJBIM,0.8955011745500002
YOZNEI,MUDTEL,0.8948604433176435
YOZNEI,GIKMOD01,0.8927909900977473
YOZNEI,IPUPIU,0.8871519917683132
YOZNEI,VIXPUP01,0.8870265391826716
YOZNEI,RUVKAV,0.8869618154867568
YOZNEI,VIXPUP,0.8865313936995236
YOZNEI,LUDLAZ,0.8859245919869444
YOZNEI,KANMIX,0.8850723601655328
YOZNEI,PAFZEE,0.8850693694271059
YOZNEI,USEVOF,0.8850579992605929
YOZNEI,WANJIF,0.8848586923395846
YOZNEI,XEDMEB,0.8846278293623666
YOZNEI,ADONEP,0.8844189099383559
YOZNEI,APUPEH,0.8819263288378281
YOZNEI,EMUBIZ,0.8814877356354166
YOZNEI,ANUGOG,0.8779040025596463
YOZNEI,ANUGIA,0.8775896924494504
YOZNEI,NEMCOA,0.8742971337664713
YOZNEI,HIDTUM,0.8729614567319968
YOZNEI,HABQUY,0.866421263805988
YOZNEI,IWEQAD,0.861044075367196
YOZNEI,TOVWAE,0.8609223191477513
YOZNEI,TEKYOA,0.860849667621278
YOZNEI,XICKOL,0.8604965829916067
YOZNEI,OGEBAF,0.8585313359162595
YOZNEI,OGEBAF01,0.8583271214094225
YOZNEI,JALPAQ,0.8579146555033648
YOZNEI,XITYOP,0.8573611643903484
YOZNEI,IXAJUN,0.8572312940518056
YOZNEI,IDUDIW,0.8562068843957119
YOZNEI,FAMQAO,0.8535526598273169
YOZNEI,FAMQES,0.853544797711195
YOZNEI,EPISOM,0.852498575518437
YOZNEI,LAYXER,0.8513392737320898
YOZNEI,WARXUL,0.8483317713910543
YOZNEI,DEKBON,0.8467545370984325
YOZNEI,UWALEL,0.8444744183796113
YOZNEI,BAZFUF01,0.8399295276019602
YOZNEI,SEMNIJ,0.8396259355942917
YOZNEI,ICAREL,0.8395880706292966
YOZNEI,LUKLIN,0.8395825871983037
YOZNEI,ENIHUG01,0.8389931639001192
YOZNEI,HUJGEA,0.8387982474776732
MURREW,KAKTIA,0.9999536466756171
MURREW,UFUNAK,0.99994850500969
MURREW,POFDEV,0.9999448829083007
MURREW,KAKTIA01,0.9999333941910472
MURREW,POFDIZ,0.9999193681490428
MURREW,AHEMEG,0.9997758828589124
MURREW,VOJPUG01,0.9997710232906906
MURREW,UFUMUD01,0.9997491691063232
MURREW,IPINAY,0.9997464131952484
MURREW,EGOZAB,0.9997169103741128
MURREW,HAWZEM,0.9996542255473744
MURREW,BAHGUN01,0.99963554040276
MURREW,QERZUI,0.9995991400570436
MURREW,BAHGUN04,0.9995545415509156
MURREW,POFDOF,0.9994062752333734
MURREW,QERZUI01,0.9992696118893012
MURREW,POFFAT,0.999266862635107
MURREW,UFUMUD,0.9992421981189455
MURREW,UGEPEB01,0.99908347521309
MURREW,UFUNIS,0.9987931275593857
MURREW,NELCEN,0.9987346169997112
MURREW,UGEPEB,0.998604901293614
MURREW,QIWQES,0.9958482518351118
MURREW,WURNOO,0.9233815149049828
MURREW,JALPAQ,0.8791247244741948
MURREW,IXAJUN,0.8789547376525039
MURREW,XICKOL,0.8789012596093988
MURREW,NAPSUV,0.8689100203263238
MURREW,EDOSEY,0.8682613745892298
MURREW,SOZHOG,0.8663143060063764
MURREW,IDUSIM,0.865899646923185
MURREW,IDUSIM01,0.8658456317989577
MURREW,UNACES,0.8657939751715283
MURREW,UNACIW,0.8657611911988328
MURREW,IDUSIM02,0.865744476100514
MURREW,UNABUH01,0.8657381803582999
MURREW,UNABUH,0.8657288324556085
MURREW,ISISUZ,0.8657186100061562
MURREW,IDUTAF,0.8656629146469093
MURREW,IDUTIN,0.8656382090751339
MURREW,IDUTEJ,0.8656125769177295
MURREW,QESBAR,0.8439859025014013
MURREW,CEZYOY,0.8434657008079569
MURREW,ENITAX,0.8429546942269752
FIQCEN,DIHVIB01,0.9999999666485772
FIQCEN,LUDLED,0.9999999622239149
FIQCEN,XAMDUM06,0.9999999005885224
FIQCEN,XAMDUM01,0.9999998255054172
FIQCEN,RILFEA,0.999999824297726
FIQCEN,XAMDUM07,0.999999003628566
FIQCEN,XAMDUM03,0.999997840651335
FIQCEN,LUDLIH,0.999996900390585
FIQCEN,YOZMOR,0.99999584168293
FIQCEN,BODPAN,0.9999948877051492
FIQCEN,XAMDUM04,0.9999911523564496
FIQCEN,YOZPAG,0.999980501153202
FIQCEN,XAMDUM02,0.999976786316428
FIQCEN,DOTSOV15,0.9999448454230856
FIQCEN,DOTSOV10,0.9999448452096688
FIQCEN,DOTSOV14,0.9999447792710792
FIQCEN,DOTSOV16,0.9999444069013124
FIQCEN,DOTSOV12,0.9999443953843846
FIQCEN,EBAMUS,0.999827092922857
FIQCEN,TISPAO,0.999798231453504
FIQCEN,QAWHIH01,0.9992641885574832
FIQCEN,DOTSOV02,0.998869418635919
FIQCEN,QIZLIW,0.9984765454879476
FIQCEN,OQIZUL,0.9984256513537948
FIQCEN,YOZNUY,0.9984112897417174
FIQCEN,NEHZOS,0.9963794812970316
FIQCEN,GAVDUD,0.9963589331714598
FIQCEN,NEHZUY,0.996293448469886
FIQCEN,YOZMUX,0.9880163811588488
FIQCEN,DALSOA,0.9329892115195404
FIQCEN,ORAWAH,0.93217559862582
FIQCEN,BABREE,0.9321010876879624
FIQCEN,ONIXOZ,0.9247512107693728
FIQCEN,EXOYAS,0.9197002112903462
FIQCEN,YUGLES,0.907983118539577
FIQCEN,EXOGAB,0.9076817269632864
FIQCEN,OFOCUI,0.9076709533053576
FIQCEN,HOGLEV01,0.9075643249743304
FIQCEN,MOCKEV,0.9074287191659028
FIQCEN,HANWAW,0.9063425555267602
FIQCEN,HUCBOX02,0.8973010352208195
FIQCEN,HUCBOX,0.8970046230140473
FIQCEN,RAHBOU,0.8969479588460036
FIQCEN,PAMQIF,0.8967964498515555
FIQCEN,MOBDIR,0.8958626096136134
FIQCEN,MUDTEL,0.8946748987722154
FIQCEN,GIKMOD01,0.8930358742204663
FIQCEN,GINTUT,0.8872977228299768
FIQCEN,HOYQIX,0.8871852529298447
FIQCEN,VIXPUP,0.8866303443021055
FIQCEN,LUDLAZ,0.886057942061333
FIQCEN,PAFZEE,0.8850763703173807
FIQCEN,USEVOF,0.8850398517775426
FIQCEN,WANJIF,0.8848694522354055
FIQCEN,XEDMEB,0.8847030920315478
FIQCEN,ADONEP,0.8844593200855544
FIQCEN,APUPEH,0.8821289698483106
FIQCEN,EXAXAE,0.8820656025539739
FIQCEN,EMUBIZ,0.8817041948403043
FIQCEN,ANUGOG,0.8779297825886402
FIQCEN,ANUGIA,0.8775161769287879
FIQCEN,NEMCOA,0.8745160019291494
FIQCEN,CEKHUY,0.8739718506621764
FIQCEN,LAQNID,0.8691013206692365
FIQCEN,HABQUY,0.8663913628653707
FIQCEN,KIRFOI,0.865803978200479
FIQCEN,IWEQAD,0.8610809952610756
FIQCEN,TEKYOA,0.8609114187754008
FIQCEN,TOVWAE,0.8608641615788983
FIQCEN,XICKOL,0.8605881989496216
FIQCEN,OGEBAF,0.8587072335648958
FIQCEN,OGEBAF01,0.8585190751181446
FIQCEN,IXAJUN,0.8574579011231274
FIQCEN,IDUDIW,0.856454670780049
FIQCEN,FALTUK,0.8535483124923263
FIQCEN,FAMPUH,0.8535409963486813
FIQCEN,MAVRAE,0.85129027829563
FIQCEN,LAYWOA,0.8501466563543227
FIQCEN,LAYXAN,0.8493645980605137
FIQCEN,HEHROE,0.8493146458955101
FIQCEN,WARXUL,0.8485930433334294
FIQCEN,DEKBON,0.847083011528621
FIQCEN,RUJMEQ,0.8463372168086162
FIQCEN,ICAREL,0.8396766338192589
FIQCEN,LUKLIN,0.83967152232537
LETVUB,MIRNOR,0.9999766822158502
UFUMUD02,HAWZEM,0.9999988281479149
UFUMUD02,BAHGUN01,0.9999983266848752
UFUMUD02,EGOZAB,0.9999971128088204
UFUMUD02,UFUMUD01,0.9999957985182946
UFUMUD02,QERZUI,0.9999949093979535
UFUMUD02,BAHGUN03,0.9999936594328832
UFUMUD02,BAHGUN04,0.9999889379393848
UFUMUD02,BAHGUN02,0.999933806257334
UFUMUD02,QERZUI01,0.999908134470887
UFUMUD02,UGEPEB01,0.9998101033505356
UFUMUD02,UGEPEB,0.9995364583324436
UFUMUD02,KAKTIA01,0.9994641279467776
UFUMUD02,VOJPUG01,0.9989152929026625
UFUMUD02,POFDOF,0.9982647637483016
UFUMUD02,NELCEN,0.9972167648101308
UFUMUD02,POFFEX,0.9967259609097362
UFUMUD02,QIWQES,0.993317334672868
UFUMUD02,WURNOO,0.9231635838983724
UFUMUD02,KAGJOS,0.9229766862751978
UFUMUD02,ICAGOK,0.921971397492731
UFUMUD02,IXAJUN,0.8792899137438193
UFUMUD02,JALPAQ,0.8792599979201173
UFUMUD02,XICKOL,0.8779409595219424
UFUMUD02,NAPSUV,0.8669244816037784
UFUMUD02,IDUSIM,0.8665761214064513
UFUMUD02,IDUSIM01,0.8665534884191506
UFUMUD02,IDUSIM02,0.8665155882939368
UFUMUD02,UNABUH01,0.8665129320053724
UFUMUD02,UNABUH,0.8665079534754339
UFUMUD02,ISISUZ,0.8665045798537988
UFUMUD02,IDUTAF,0.8664784357069368
UFUMUD02,IDUTIN,0.866469086124043
UFUMUD02,IDUTEJ,0.8664571139479922
UFUMUD02,EDOSEY,0.8660599180149614
HIBSUG,HIBSUG06,0.9999996535211556
HIBSUG,HIBSUG01,0.9999995740727794
HIBSUG,HIBSUG07,0.9999994398904823
HIBSUG,HIBSUG02,0.9999976440569248
HIBSUG,OVAJAX,0.9999776671344692
HIBSUG,ACUBOP,0.9997517273315956
HIBSUG,GURXUN01,0.8837238451717996
HIBSUG,PAQYAJ01,0.8774846996405512
HIBSUG,PAQXUC,0.8774733074528673
HIBSUG,XASHAA,0.8642412795308291
HIBSUG,RIGHAR,0.8439840696690242
HIBSUG,WEBLAQ,0.8433892350167793
HIBSUG,AVAQIX,0.84282928572189
HIBSUG,ROCZEQ,0.8407787239587154
HIBSUG02,HIBSUG06,0.9999986966794344
HIBSUG02,HIBSUG01,0.9999979329209808
HIBSUG02,HIBSUG07,0.9999973417949344
HIBSUG02,HIBSUG03,0.9999965431227842
HIBSUG02,ACUBOP01,0.9999962926894111
HIBSUG02,OVAJAX,0.999977779331175
HIBSUG02,GURXUN01,0.8837839296210828
HIBSUG02,PAQXUC,0.8774992310074508
HIBSUG02,PAQYAJ01,0.8774636617661701
HIBSUG02,XASHAA,0.8642231860566159
HIBSUG02,RIGHAR,0.8439766788455745
HIBSUG02,KEJBOQ,0.8434070764016393
HIBSUG02,WEBLAQ,0.8434064363824318
HIBSUG02,ROCZEQ,0.8408215564212953
YESYUT,YESYIH,0.9999992644329472
YESYUT,YESXEC,0.999965218350542
DOTSOV36,DOTSOV27,0.9999999994787494
LIJWOR,LIJWOR03,0.9999985035375494
LIJWOR,LIJWOR06,0.999998244288919
LIJWOR,DADTOS17,0.999997582595461
LIJWOR,PADJOU01,0.9999955312718402
LIJWOR,MNFORD02,0.9999954025163093
LIJWOR,REZJIR,0.9999910335688368
LIJWOR,DADTOS16,0.99998998868941
LIJWOR,VIRJEM,0.9999898953509284
LIJWOR,IJOMOJ01,0.9999897101884138
LIJWOR,QINSUD,0.9999802510457364
LIJWOR,PADJOU,0.9999787776343232
LIJWOR,SIWPUL,0.9999784043443756
LIJWOR,NURGUE,0.9999747818576749
LIJWOR,LIJWOR01,0.9999380071302628
LIJWOR,DADTOS13,0.9999286459222776
LIJWOR,DADTOS02,0.9999146603670632
LIJWOR,DADTOS,0.9999059313810512
LIJWOR,DADTOS04,0.9999036963324828
LIJWOR,DADTOS11,0.9999029852331972
LIJWOR,DADTOS08,0.9999011053438835
LIJWOR,DADTOS05,0.9999010807179414
LIJWOR,DADTOS09,0.9999002153295832
LIJWOR,DADTOS06,0.9998974114317128
LIJWOR,DIDVIW,0.9998961387072997
LIJWOR,DADTOS18,0.9998943360236012
LIJWOR,YANWOC01,0.9998939229598494
LIJWOR,YANWOC03,0.999874939995145
LIJWOR,DADTOS10,0.9998591971028647
LIJWOR,DADTOS07,0.9998056274878192
LIJWOR,REZJIR04,0.9997978265108224
LIJWOR,DADTOS03,0.9997953886161792
LIJWOR,JEDKIP01,0.9997860111518532
LIJWOR,IQEWOQ,0.997910865618423
LIJWOR,SIWPUL11,0.9964497448262228
MOXDOT,MOXDOT01,0.9999998420603358
MOXDOT,HURGOR,0.9999568719403068
MOXDOT,AXINAX01,0.9564333049444372
MOXDOT,CIFMAH,0.955255916390972
MOXDOT,NIGPEA,0.9551780441844824
MOXDOT,AXINIF,0.955011660845579
MOXDOT,DIBQOW,0.9546005874715316
MOXDOT,NIGPAW,0.9462965531753896
MOXDOT,BUKLOJ,0.9447203611849432
MOXDOT,NIGNUO,0.9428379903939028
MOXDOT,DIBQEM,0.9424256713360044
MOXDOT,ESEQUO,0.9347298230138216
MOXDOT,FISQIK,0.9330092356995988
MOXDOT,XUDVAV,0.9274976852098512
MOXDOT,ERUNOW,0.9221449607777058
MOXDOT,CAXZOS,0.9221205435061954
MOXDOT,DIDBEZ,0.9220852506797816
MOXDOT,DIDBID,0.92200597133236
MOXDOT,VACKUI,0.9215131017564884
MOXDOT,BEPRIZ,0.903330201291002
MOXDOT,NOMPOW,0.902974152478118
MOXDOT,NOMPIQ,0.9027769141725834
MOXDOT,CIKPEU,0.9027541360242995
MOXDOT,TAHYUZ,0.8853139874364941
MOXDOT,CAQKAJ01,0.8851215086993154
MOXDOT,CAQKAJ,0.8848960289864195
MOXDOT,HAJYAV,0.8828419636418476
MOXDOT,CAQJOW,0.8828055513829329
MOXDOT,LUWZUZ01,0.8758910880927906
MOXDOT,LUWZUZ02,0.8757111946559781
MOXDOT,LUWZUZ,0.8756881971353445
MOXDOT,XUBKOU,0.875372889597854
MOXDOT,QIQTOB,0.8672977809481922
MOXDOT,KOHLIE,0.865146091039958
MOXDOT,WUHMUJ,0.8649982046037661
MOXDOT,XAMGUQ,0.8648726268377038
MOXDOT,ONOCUR,0.8628474653658331
MOXDOT,YATDOP,0.8594546478071641
MOXDOT,GEPBEK,0.8588673944272913
MOXDOT,XALMII,0.8581288619966738
MOXDOT,NIDFOX,0.852149558970748
MOXDOT,DIQHAO,0.8515421201964826
MOXDOT,VODNOS,0.8444232245905577
MOXDOT,VEDGIW,0.8444230579495239
MOXDOT,CIJBEE,0.8444226346901131
MOXDOT,OJOBAS,0.8444121325154135
MOXDOT,CEYPUT,0.8444107899101816
MOXDOT,VEDFOB,0.8444100133472912
MOXDOT,VEDGAO,0.8444056812649547
MOXDOT,VEDFAN,0.8443995952638966
MOXDOT,VEDFUH,0.8443897755349884
MOXDOT,VEDFER,0.8443858460239824
MOXDOT,YODRAM,0.8443766674963082
MOXDOT,AHETAK,0.8443711936602772
MOXDOT,BOWDIC,0.8443557168487058
MOXDOT,BIPXIK,0.8443480295122487
MOXDOT,EXUXEC,0.8442586467698463
MOXDOT,KEJWAY,0.8439812460386389
MOXDOT,ABAVIJ,0.8436199383048135
MOXDOT,ABAVUV,0.8434731815515134
MOXDOT,TATSIS,0.8433208969752206
MOXDOT,ERUNIQ,0.843094310185068
MOXDOT,XIHSAJ,0.8430533480341653
MOXDOT,XIHSEN01,0.8427575812706588
MOXDOT,LASMAV,0.8427093494822999
MOXDOT,XIHSEN,0.8425059998977706
MOXDOT,TONBOO,0.8421412178257809
AXINIF,NIGPEA,0.9999947900534744
AXINIF,CIFMAH,0.999988483687801
AXINIF,DIBQOW,0.9999738643755728
AXINIF,MIHJUL,0.9999143570381755
AXINIF,HELDOT,0.9998695046936736
AXINIF,AXINAX01,0.998684568205806
AXINIF,NIGPAW,0.98098439601785
AXINIF,DIBQEM,0.9758524446744876
AXINIF,HURGOR,0.955463640932788
AXINIF,MOXDOT01,0.9549815554682102
AXINIF,BUKLOJ,0.9005920260587725
AXINIF,ERUNUC,0.8848022144777344
AXINIF,JODGIU,0.8838719201857973
AXINIF,DIDBEZ,0.8837134952391451
AXINIF,DIDBOJ,0.883395766817987
AXINIF,DIDBAV,0.8831160492484189
AXINIF,CAXZOS,0.8828528270772878
AXINIF,AGAFAS,0.8784279914260515
AXINIF,SEQSOY,0.8771189921313103
AXINIF,CAQKAJ01,0.8763568281045073
AXINIF,TAHYUZ,0.8753171298367841
AXINIF,HALVEY,0.874835043382534
AXINIF,YATDOP,0.8713695639826794
AXINIF,FEXCAO01,0.8711710117572069
AXINIF,HAJYAV,0.8692292348872861
AXINIF,XALMOO,0.8688422603617485
AXINIF,FEVDER,0.8658780915285251
AXINIF,KESFOG,0.8649510030654323
AXINIF,WEMKEG,0.8628024300740067
AXINIF,DIQHAO01,0.8615492997263763
AXINIF,FEYJOJ,0.8587883822892505
AXINIF,NIDFOX,0.8567509442267083
AXINIF,QIQTOB,0.8547536870419309
AXINIF,RUYGAV,0.8534128415642992
AXINIF,SIDXOV,0.8517495523856121
AXINIF,ONOCUR,0.8475272754635361
AXINIF,FAHQOX,0.8454352078956472
AXINIF,CANYIB,0.8440028371682666
AXINIF,BAKJII,0.8439240673213495
AXINIF,BAKJEE,0.8435622393626547
AXINIF,LIDSIC,0.8433525588427764
AXINIF,BAKJOO,0.8431757501603336
AXINIF,CIPLIX,0.8401809117716842
AXINIF,XAPSIS,0.8399919062832222
AXINIF,TIDNIF,0.8396101359402457
TILHAZ,XOYCET,0.978380668565624
NOFHOG,RUYVIS,0.9619149037574176
NIFTAA,TUDJUY,0.9999999978090832
NIFTAA,TUDJEI,0.9999999173707552
NIFTAA,SEFWEH,0.999985264027738
NIFTAA,NIFRAY,0.9999746673562246
NIFTAA,SEFVEG,0.9999638048373098
NIFTAA,SEFVEG02,0.9999634251246586
NIFTAA,NIFQIF,0.9999417186591792
QOWRAV06,QOWRAV05,0.9999999825600084
QOWRAV06,QOWRAV03,0.9999999756555225
QOWRAV06,QOWRAV04,0.9999999661769025
QOWRAV06,QOWRAV08,0.9999999475438012
QOWRAV06,QOWRAV12,0.9999999168097582
QOWRAV06,QOWRAV11,0.9999998988458804
QOWRAV06,LIGQEA,0.9997514981045058
QOWRAV06,BAZFUF,0.99713389557116
QOWRAV06,ANUGIA,0.960303176753452
QOWRAV06,ANUGEW,0.9594693987170736
QOWRAV06,LAYWOA,0.9543846341303835
QOWRAV06,HEHROE,0.9527615407238303
QOWRAV06,DEKBON,0.9486707767372992
QOWRAV06,IPUPIU,0.9445892010484148
QOWRAV06,HOYQIX,0.9441989945977952
QOWRAV06,IPUPOA,0.9335419077353956
QOWRAV06,YUSWEP,0.9310784926124728
QOWRAV06,EXOGAB,0.9074953771799474
QOWRAV06,LAQNID,0.8947509855918652
QOWRAV06,ORAWAH,0.8811403957123491
QOWRAV06,AVAKAL02,0.8811310503256328
QOWRAV06,KAGJOS,0.8723637824159426
QOWRAV06,WURNOO,0.872103813493194
QOWRAV06,LASYOU,0.862947121089123
QOWRAV06,LURRIA,0.8607539482520012
QOWRAV06,ONIXOZ,0.8567812010801195
QOWRAV06,NAPSUV,0.8564192750648052
QOWRAV06,SIXNIZ,0.8524285270863984
QOWRAV06,SIXNOF,0.8511978714978788
QOWRAV06,EPISOM,0.850827954065809
QOWRAV06,YIMQOD,0.8459819839803943
QOWRAV06,YOZNUY,0.8391579847298746
QOWRAV06,OQIZUL,0.8391462503725596
QOWRAV06,QAWHIH01,0.838171510366235
CAJHUS,IZAJUQ,0.9999971936207308
CAJHUS,IZAKAX,0.9999961033734936
CAJHUS,NIKZAJ01,0.999944373858734
CAJHUS,NIHBAI02,0.9999256374232072
CAJHUS,NIKYOW,0.9999196581296096
CAJHUS,CAJHUS01,0.9998873745267672
CAJHUS,NIHBEM01,0.9998225054966982
CAJHUS,NIKYUC,0.9997585027792802
CAJHUS,NUDPAE12,0.9992589835500416
CAJHUS,VICBEQ,0.9979817004081776
CAJHUS,NUDPAE,0.9979296878510904
CAJHUS,NUDPAE01,0.997917048545568
CAJHUS,NUDNUW09,0.9956024615954024
CAJHUS,NUDNUW06,0.995263728768819
USEVOF,KANMIX,0.9999950704047976
USEVOF,WANJIF,0.9996600940521364
USEVOF,XEDMEB,0.9993532667298036
USEVOF,ADONEP,0.999122607091454
USEVOF,EXAXAE,0.9962847560083236
USEVOF,EXAXAE03,0.995923098408998
USEVOF,EMUBIZ,0.9958847657675756
USEVOF,HAYXIR,0.8880006647134719
USEVOF,YOZPAG,0.8850741922978992
USEVOF,DIHVIB,0.885063881489665
USEVOF,YOZNAE,0.8850623351839673
USEVOF,YOZMOR,0.8850595407848638
USEVOF,XAMDUM07,0.8850510264715415
USEVOF,YOZNIM,0.8850474388766726
USEVOF,LUDLED,0.8850421838840228
USEVOF,YOZMEH,0.8850381939882785
USEVOF,DIHVIB01,0.8850380183894422
USEVOF,XAMDUM01,0.8850347160920353
USEVOF,RILFEA,0.8850345651128309
USEVOF,XAMDUM03,0.8850197760320452
USEVOF,XAMDUM02,0.8849876064875464
USEVOF,DOTSOV13,0.8848949931281747
USEVOF,DOTSOV11,0.8848949133478331
USEVOF,DOTSOV14,0.8848940431084777
USEVOF,QAWHIH01,0.8846346572813559
USEVOF,QAWHIH,0.8846060071951547
USEVOF,WULJUJ,0.8837189588870056
USEVOF,KIRFOI,0.8835928073188515
USEVOF,MUNDOQ,0.8835117593981494
USEVOF,GAVDUD,0.8806662684755566
USEVOF,NEHZUY,0.8805942721493867
USEVOF,QIZLOC,0.8780862788924766
USEVOF,YOZNOS,0.8772781725943201
USEVOF,QESBAR,0.8418497723599719
QUQFIS,QUQFEO,0.9995721960896858
QUQFIS,DUZPUL,0.9771565400311272
QUQFIS,NANYUX03,0.9329835933407922
QUQFIS,VEHKAW,0.9329797817051322
QUQFIS,PEJPEB,0.93292163929564
QUQFIS,NIWYOJ,0.9328642620890304
QUQFIS,JEDVIA,0.9326983403185024
QUQFIS,FUTZEB,0.9325906588867175
QUQFIS,PERQUB,0.9315814771755636
QUQFIS,IJEXIF01,0.9306029493359282
QUQFIS,VEHJUP,0.9299989815590924
QUQFIS,KUNLEL,0.924491795312943
QUQFIS,PUGSER,0.9191872063045678
QUQFIS,DITTEH,0.9184764328337134
QUQFIS,RUPVAB,0.9158668040067856
QUQFIS,CIJLIT,0.8987671741377292
QUQFIS,JENKET,0.8829930164672942
QUQFIS,GUGNON,0.8828517924112246
QUQFIS,DOYHIK,0.8818172943413397
QUQFIS,DOYHOQ,0.8789151967708027
QUQFIS,NUFBOH,0.8776548956271097
QUQFIS,NASROR,0.8773393506041591
QUQFIS,UYAPOA,0.872667279385418
QUQFIS,NUFCAU,0.8685728411887772
QUQFIS,JAYXAL,0.8671092667296384
QUQFIS,YOGKOW,0.861641319372167
QUQFIS,QOPZIF,0.8610831155913174
QUQFIS,ADUVAZ,0.8596752895796993
QUQFIS,MUWRUT,0.8571212206430074
QUQFIS,MOHLIF,0.8480436862846429
QUQFIS,DUNXUH15,0.8437001668444711
QUQFIS,DUNXUH,0.8436884601524782
QUQFIS,WIMWIA,0.8433236911974562
QUQFIS,LOWQIX,0.8432240367740307
QUQFIS,KEFBOO,0.8429418092330176
QUQFIS,HOGJIX,0.8411441239535551
QUQFIS,EGIKUB01,0.8400929507572266
PEJPEB,NIWYOJ,0.9999929082990584
PEJPEB,ACIBOE,0.999992614015547
PEJPEB,FUVBAB,0.999983990785476
PEJPEB,VEHKAW,0.9999837759990238
PEJPEB,NANYUX03,0.9999827023114928
PEJPEB,NANYUX01,0.9999803150732252
PEJPEB,FUTYOK,0.9999584885337685
PEJPEB,FUTZEB,0.9998785195610675
PEJPEB,FUTZAX,0.9998101360207382
PEJPEB,REGREC,0.9996332598874584
PEJPEB,ULISOZ,0.9993211848668716
PEJPEB,JEDVIA,0.9992582900153254
PEJPEB,NIWYID,0.9992090310005518
PEJPEB,PERQUB,0.9991982994237264
PEJPEB,IJEXIF01,0.9984332410910456
PEJPEB,VEHJUP,0.9979390992801542
PEJPEB,RUPVAB,0.9852198773408803
PEJPEB,UFOFUT,0.9470796683614502
PEJPEB,DUZPUL,0.9417369585893122
PEJPEB,QUQFEO,0.9328883356000864
PEJPEB,QOPZIF,0.9182606657370902
PEJPEB,JOVYAW,0.908216099449838
PEJPEB,FUDGIW,0.908128342941172
PEJPEB,EXOXUL,0.9079926935743065
PEJPEB,MOHLIF,0.9040557904812156
PEJPEB,KEFBOO,0.8994905802052586
PEJPEB,HOGJIX,0.8978475566934283
PEJPEB,DUNXUH15,0.8972372017187589
PEJPEB,DUNXUH13,0.8971822822908738
PEJPEB,EGIKUB01,0.8943207555752547
PEJPEB,PUGSER,0.8869673877784954
PEJPEB,BUKMUQ01,0.8850553881012113
PEJPEB,REFVEF,0.8810355257067222
PEJPEB,DOYHIK,0.877658605548102
PEJPEB,APACAX,0.8774649242824963
PEJPEB,DOYHOQ,0.8759421922142139
PEJPEB,FIJCUX01,0.874999988420736
PEJPEB,FIJCUX,0.8749969693629367
PEJPEB,NUFBOH,0.8748737897998111
PEJPEB,NASROR,0.8746111683023415
PEJPEB,GATBUZ,0.8744507520723849
PEJPEB,IFABIA01,0.8738212358893912
PEJPEB,IFABIA03,0.8737893082561018
PEJPEB,CUVTOD,0.8731942110736267
PEJPEB,PEVQOY,0.8714742198625852
PEJPEB,VUSKEA,0.8712158453202548
PEJPEB,MIBQAR15,0.871156902557604
PEJPEB,MIBQAR12,0.8711394711808128
PEJPEB,MIBQAR07,0.8711333579624971
PEJPEB,MIBQAR01,0.8710561321600734
PEJPEB,HOLRAD,0.8710474180598966
PEJPEB,LAWFOF,0.8710338760816213
PEJPEB,VAZTUM,0.8710262631701533
PEJPEB,LAWGOG,0.8710182203880059
PEJPEB,SAHYIK,0.8709892420061174
PEJPEB,VOTHIX,0.8705893672277202
PEJPEB,NUFCAU,0.8667291729360378
PEJPEB,SOWCOY,0.8609970273351173
PEJPEB,UBUMAH,0.8609437790810655
PEJPEB,YOGKOW,0.858892269775781
PEJPEB,LASMUP,0.8568202565740322
PEJPEB,MUWRUT,0.8535533234621412
PEJPEB,WEHHIC,0.8532158369345566
PEJPEB,WEHJAW,0.852078358164166
PEJPEB,WEHHOI,0.8520486086317244
PEJPEB,QAQSAD,0.8499739221778106
PEJPEB,IDIXAU,0.849579215142232
PEJPEB,MIMRAB01,0.8485968952737775
PEJPEB,FECYUJ,0.846872056255749
PEJPEB,HIQNUS,0.8462521651395823
PEJPEB,EZINAE,0.846137215830711
PEJPEB,WORLAS,0.8460631666667142
PEJPEB,CIJLIT,0.8457547585698384
PEJPEB,REYCEF,0.8442845338489383
PEJPEB,JENKET,0.8401844692366849
PEJPEB,REYCUV,0.840059058931082
PEJPEB,JAYXAL,0.8394531238177434
PEJPEB,BABRII,0.8387527532191981
NEHZOS,GAVDUD,0.9999996594757532
NEHZOS,QIZLOC,0.9996826557643572
NEHZOS,QIZLIW,0.999550992546117
NEHZOS,WULJUJ,0.9973609948461144
NEHZOS,DOTSOV08,0.9972186060527232
NEHZOS,DOTSOV14,0.9972159132176244
NEHZOS,DOTSOV15,0.997215561251896
NEHZOS,EBAMUS,0.9968018833671116
NEHZOS,XAMDUM02,0.9966402898035972
NEHZOS,BODPAN,0.9966392652185074
NEHZOS,XAMDUM03,0.9965535344983948
NEHZOS,RILFEA,0.9964295685146168
NEHZOS,XAMDUM01,0.9964280549543284
NEHZOS,DIHVIB01,0.996397102359284
NEHZOS,UXISUR,0.9963957670106072
NEHZOS,LUDLED,0.996356139296205
NEHZOS,XAMDUM06,0.9963415778070464
NEHZOS,YOZNIM,0.9962999729599288
NEHZOS,YOZMIL,0.996276906234156
NEHZOS,XAMDUM07,0.9962588122765004
NEHZOS,YOZNAE,0.996102913334604
NEHZOS,YOZPAG,0.9958308283396692
NEHZOS,TISPAO,0.994477873544575
NEHZOS,QAWHIH01,0.9924042159217932
NEHZOS,YOZNUY,0.9900421288180996
NEHZOS,YOZNOS,0.9838698902937264
NEHZOS,LASYOU,0.9398810513520705
NEHZOS,ORAWAH,0.9251009305839324
NEHZOS,CITXUZ,0.9196981714179626
NEHZOS,RAWYAS,0.9194248860969616
NEHZOS,EXOYAS,0.9184316881862185
NEHZOS,PIDRAY,0.9072469312728366
NEHZOS,HOGLEV,0.9068389850094964
NEHZOS,GERWEH,0.9040931863402518
NEHZOS,YUGLES,0.9024144128254866
NEHZOS,MOCKEV,0.9004458751858581
NEHZOS,XIJSUH,0.9003812738187549
NEHZOS,GIKMOD,0.8973594462382077
NEHZOS,GIKMOD01,0.8973281650415114
NEHZOS,MOBDIR,0.896167550362875
NEHZOS,MOFGOE,0.8961651144760823
NEHZOS,RAHBOU,0.8957651448446002
NEHZOS,HUCBOX01,0.8949083366513236
NEHZOS,HUCBOX02,0.8945758902284362
NEHZOS,IPUPOA,0.8871605690692527
NEHZOS,LUDLAZ,0.8866730930174921
NEHZOS,VUJBIM,0.8863726106263425
NEHZOS,VIXPUP02,0.8861893333578928
NEHZOS,VIXPUP,0.8861164338102865
NEHZOS,RUVKAV,0.8853864073666855
NEHZOS,EXAXAE,0.8850487988764765
NEHZOS,APUPEH,0.8850422805080298
NEHZOS,ADONEP,0.8830294471512959
NEHZOS,HOYQIX,0.8822914480032887
NEHZOS,WANJIF,0.8821827482068376
NEHZOS,PAFZEE,0.8815523530186327
NEHZOS,KANMIX,0.8809635661844121
NEHZOS,NEMCOA,0.8779623630211959
NEHZOS,ANUGOG,0.8750159650759175
NEHZOS,ANUGIA,0.8713645417095338
NEHZOS,IXAJUN,0.8611571187663165
NEHZOS,JALPAQ,0.8611317034566779
NEHZOS,XITYOP,0.8611055525842694
NEHZOS,OGEBAF01,0.8610795511365348
NEHZOS,IDUDIW,0.8610753268764225
NEHZOS,XICKOL,0.8598353809539065
NEHZOS,TEKYOA,0.8591751735482815
NEHZOS,NIGDIS,0.8589571847245889
NEHZOS,TOVWAE,0.8551949081235843
NEHZOS,LAYWOA,0.8549292941546709
NEHZOS,WARXUL,0.8534472422211364
NEHZOS,MAVRAE,0.8533903526851796
NEHZOS,UWALEL,0.8524325158071945
NEHZOS,FAMQAO,0.8496717718447563
NEHZOS,FAMPUH,0.8494988353703741
NEHZOS,EDOSEY,0.8483625080177447
NEHZOS,RUJMEQ,0.843741738246275
NEHZOS,BAZGAM,0.8396097824099646
NEHZOS,LUKLIN,0.8388316790631274
NEHZOS,ICAREL,0.8388234649738527
NEHZOS,REGYOT,0.8388196013207762
NEHZOS,HUJGEA,0.8386372272348841
VACKUI,XAFFIV,0.9999737400585104
VACKUI,VEFMAW,0.9612834682956528
VACKUI,DERBIO,0.9220494410196476
VACKUI,HURGOR,0.9218981172241472
VACKUI,CIFMAH,0.8857553466200646
VACKUI,DIBQOW,0.8856537115139618
VACKUI,MIHJUL,0.8855518297416768
VACKUI,HELDOT,0.8854847858797461
VACKUI,AXINAX01,0.8847877427944517
VACKUI,NIGPAW,0.8681034202115507
VACKUI,FISQIK,0.8650163503907338
VACKUI,NIGNUO,0.8636595137309755
VACKUI,DIBQEM,0.8631393795541139
VACKUI,ERUNUC,0.8564769125751898
VACKUI,DIDBEZ,0.8554677894420264
VACKUI,DIDBID,0.8553773513892902
VACKUI,DIDBOJ,0.8551975457130323
VACKUI,XUDVAV,0.8545940513019784
VACKUI,BEPRIZ,0.838410982427165
NIGNUO,DIBQEM,0.9999968277354444
NIGNUO,AXINAX01,0.9860632768452232
NIGNUO,NIGPEA,0.9770671096073524
NIGNUO,MIHJUL,0.9735363137608276
NIGNUO,XUDVAV,0.9461645056210524
NIGNUO,MOXDOT01,0.9429292560634912
NIGNUO,HURGOR,0.941286666143382
NIGNUO,FISQIK,0.9339604286332938
NIGNUO,NOMPIQ,0.910500635289655
NIGNUO,NOMPIQ01,0.9103885972808522
NIGNUO,NOMPOW,0.9099369742841156
NIGNUO,ESEQUO,0.9065453964732588
NIGNUO,AGAFAS,0.8754759119266983
NIGNUO,DIDBAV,0.8731696656483354
NIGNUO,HAJYAV,0.872393838375468
NIGNUO,DIDBEZ,0.8721297414427585
NIGNUO,JODGIU,0.8719998385303227
NIGNUO,DIQHAO,0.871298052308028
NIGNUO,FEXCAO01,0.8710193687779046
NIGNUO,ERUNUC,0.8705484155573919
NIGNUO,SIDXOV,0.8680134088233372
NIGNUO,VASYEW,0.8666535849260432
NIGNUO,TAHYUZ,0.8636577102055474
NIGNUO,AZIHOI,0.8601702101204323
NIGNUO,FAHQOX,0.8599374100053035
NIGNUO,CAQKAJ01,0.8597124687946367
NIGNUO,CAQKAJ,0.8580445923323692
NIGNUO,YATDOP,0.8555537349343079
NIGNUO,FEXCES,0.8553316523298813
NIGNUO,QIQTOB,0.8549843851036302
NIGNUO,FAHQIR,0.8544081728700528
NIGNUO,SEQSOY,0.852873793684992
NIGNUO,LUWZUZ02,0.8414394475369431
NIGNUO,LUWZUZ,0.8413719955918315
ODUNEH,ROZXEL,0.999337191388948
ODUNEH,PIWLAL,0.999258244010441
ODUNEH,BABRII,0.9563661417908974
ODUNEH,GUGNON,0.9557309778684888
ODUNEH,VOLRAQ,0.9525975571486984
ODUNEH,UYAPOA,0.9523077887158136
ODUNEH,IFABIA,0.9472130293530456
ODUNEH,VEGMOK03,0.9471734753175854
ODUNEH,KOZNEU,0.947085280464587
ODUNEH,IFABIA03,0.9470832719101472
ODUNEH,IFABIA01,0.9470581287806914
ODUNEH,PEVQOY,0.9463366339748356
ODUNEH,MIBQAR15,0.9461744830663008
ODUNEH,PEVQIS,0.9461689839928572
ODUNEH,MIBQAR07,0.946161704618013
ODUNEH,MIBQAR01,0.9461216274153412
ODUNEH,LAWFOF,0.9461098836971932
ODUNEH,VAZTUM,0.9461058294197784
ODUNEH,LAWGOG,0.9461015905369674
ODUNEH,SAHYIK,0.9460860558716632
ODUNEH,ORIBAU,0.9460233879945332
ODUNEH,PUGSER,0.9307102759764578
ODUNEH,WUMDIT,0.9225620805409412
ODUNEH,VAGMEX,0.9212014984226228
ODUNEH,XAFFAN,0.9210425133343444
ODUNEH,NOXMAQ,0.9199461238016988
ODUNEH,GOSDUP,0.91437784049106
ODUNEH,QEDZEG,0.9124586960837692
ODUNEH,IGUFOH,0.903198536075803
ODUNEH,NAWXER,0.9024078370815248
ODUNEH,REBVIG,0.8954185304458534
ODUNEH,OKELOH,0.8850305464087639
ODUNEH,NIYZIG,0.8849070438218862
ODUNEH,ACODIH,0.8847039998143049
ODUNEH,PEGCIP,0.8846054789327983
ODUNEH,CESQUP,0.8843225934498234
ODUNEH,JEDDII,0.8837692681011305
ODUNEH,YICQOS,0.8755732084787292
ODUNEH,DUFLOH,0.8749077557756368
ODUNEH,HIFGIO,0.8742403175996944
ODUNEH,ODODIW,0.865092498814901
ODUNEH,YOCGAZ,0.8650716857442794
ODUNEH,VIKBUP,0.8649523266515973
ODUNEH,NEHGIS,0.8644234791416872
ODUNEH,AWEYAE,0.8630201986267017
ODUNEH,BOVHEB,0.8602391174433626
ODUNEH,QIWCUW,0.858640629163716
ODUNEH,VANHEA,0.8584961847684175
ODUNEH,EJIQIZ,0.8535187276315678
ODUNEH,SACHIP,0.8506434086794027
ODUNEH,FECWOB,0.8477438241162059
ODUNEH,EKEKEL,0.8454487725784395
ODUNEH,TADWIG,0.845295255674468
ODUNEH,QAQSAD,0.8440210685668904
ODUNEH,FECYUJ,0.8434669641740027
ODUNEH,USAHAZ,0.8426776258604207
ODUNEH,BUVNIR,0.8423543046484615
ODUNEH,XOQXIL,0.8378911741383365
UFAMEW,XOMHEO,0.9829776203793312
UFAMEW,DUZPUL,0.9999621801314656
UFAMEW,REBVIG,0.9538625310851452
UFAMEW,VEHJUP,0.9467046377413696
UFAMEW,NIWYID,0.9456263095551258
UFAMEW,ULISOZ,0.9454573938186566
UFAMEW,RUPVAB,0.9442828022403776
UFAMEW,NIWYOJ,0.9429569578743296
UFAMEW,ACIBOE,0.942230445563644
UFAMEW,DITTEH,0.9305699281896612
UFAMEW,PUGSER,0.9256215562494654
UFAMEW,NASROR,0.8943048885621273
UFAMEW,NUFBOH,0.8942304294184972
UFAMEW,DOYHOQ,0.8938765454300226
UFAMEW,NUFBEX,0.8937528100368917
UFAMEW,NUFCAU,0.8929172770486382
UFAMEW,RUGXUO,0.8855367399234257
UFAMEW,UKOLUD,0.8799003672014353
UFAMEW,JAYXAL,0.876990310531816
UFAMEW,ADUVAZ,0.8768267151225868
UFAMEW,YOGKOW,0.8764527316220572
UFAMEW,QOPZIF,0.8750869872377172
UFAMEW,KEFBOO,0.864479527400378
UFAMEW,UYAPOA,0.8641920418708842
UFAMEW,FUDGIW,0.8619010932164344
UFAMEW,JOVYAW,0.8612744933842137
UFAMEW,GUGNON,0.8609721517329642
UFAMEW,JENKET,0.8598779482747676
UFAMEW,DUNXUH13,0.8523537998990968
UFAMEW,DUNXUH,0.8521919478257809
UFAMEW,DUNXUH15,0.8521750102694121
UFAMEW,LOWQIX,0.8520504553754014
UFAMEW,REFVEF,0.8462810483958652
UFAMEW,KEGTEY,0.8451553634912048
UFAMEW,BOWJAA,0.8450023322566537
UFAMEW,BUKMUQ01,0.8391651367122779
XICKOL,NAPSUV,0.9886011390591534
XICKOL,EDOSEY,0.9881922992698872
XICKOL,ICAGOK,0.9095119357353258
XICKOL,KAGJOS,0.908980825724578
XICKOL,LASYOU,0.901336786931228
XICKOL,EDOSOI,0.8994909822105924
XICKOL,EDORUN,0.8994466818796926
XICKOL,IPUPOA,0.8957076591344518
XICKOL,HOYQIX,0.8951252250691609
XICKOL,IPUPIU,0.8948895527384843
XICKOL,MIKVEK,0.889891583956471
XICKOL,ORAWAH,0.8881811704168684
XICKOL,ONIXOZ,0.8864516858468068
XICKOL,ANUGOG,0.8864403293129984
XICKOL,ANUGIA,0.884737357522199
XICKOL,YIMQOD,0.883658962769484
XICKOL,IDUDES,0.8808472997463278
XICKOL,POFDOF,0.8792650869719849
XICKOL,NELCEN,0.87903393489812
XICKOL,KAKTIA,0.8789434553163371
XICKOL,KAKTIA01,0.878877746741964
XICKOL,UFUNAK,0.8786726755599717
XICKOL,POFDIZ,0.8785192179128507
XICKOL,EGOZAB,0.8780343818849277
XICKOL,BAHGUN01,0.8778518882128987
XICKOL,BAHGUN,0.8778347462440242
XICKOL,QERZUI,0.877770306961883
XICKOL,LAQNID,0.877756474491005
XICKOL,BAHGUN04,0.8776862577262714
XICKOL,BAHGUN02,0.8775418329059769
XICKOL,NIHDIU,0.8771956081750902
XICKOL,QERZUI01,0.8771518535479059
XICKOL,UFUMUD,0.8770626893660705
XICKOL,ECODIK,0.8768919466878238
XICKOL,UGEPEB01,0.8768075501548729
XICKOL,KIRFOI,0.8766391465187053
XICKOL,IXAKAU,0.8763887628536686
XICKOL,UFUNIS,0.8763730209108286
XICKOL,NIHDEQ,0.8762586365788871
XICKOL,UGEPEB,0.876038646694382
XICKOL,LAYXER,0.8717731062470011
XICKOL,DEKBON,0.868726394906766
XICKOL,IDUDIW,0.8675548873471406
XICKOL,DOTSOV16,0.8608883325361345
XICKOL,DOTSOV12,0.8608883162920866
XICKOL,DOTSOV08,0.8608883152296858
XICKOL,DOTSOV14,0.8608874694187342
XICKOL,DOTSOV15,0.8608873649334349
XICKOL,DOTSOV11,0.860886442955452
XICKOL,DOTSOV13,0.8608863455974642
XICKOL,XAMDUM02,0.8606780686166051
XICKOL,XAMDUM04,0.8606645293213646
XICKOL,RILFEA,0.8606080160411044
XICKOL,XAMDUM01,0.860607418975407
XICKOL,DIHVIB01,0.8605951927991053
XICKOL,YOZMEH,0.8605945949293581
XICKOL,LUDLED,0.8605788911605993
XICKOL,XAMDUM06,0.8605730616156253
XICKOL,YOZNIM,0.8605563061433249
XICKOL,YOZMIL,0.8605468922367705
XICKOL,YOZMOR,0.8604906959056119
XICKOL,GAVDUD,0.8598228242437258
XICKOL,NEHZUY,0.8597830684685608
XICKOL,TISPAO,0.8597095786524921
XICKOL,QAWHIH01,0.8585612429147345
XICKOL,QIZLOC,0.8582586480593706
XICKOL,YOZNUY,0.8571050586099217
XICKOL,RUJMEQ,0.8542396837845375
XICKOL,IDUSIM,0.8524540722367048
XICKOL,IDUSIM01,0.8523506616109724
XICKOL,UNACES,0.8522858423779348
XICKOL,UNACIW,0.8522237682440524
XICKOL,UNABUH01,0.8521943030660564
XICKOL,UNABUH,0.8521710554371996
XICKOL,ISISUZ,0.8521624492943252
XICKOL,IDUTAF,0.8520609196488063
XICKOL,IDUTIN,0.8520329369288141
XICKOL,IDUTEJ,0.8519898926127824
XICKOL,YOZNOS,0.8506437692136908
XICKOL,TEKYOA,0.847759246908103
XICKOL,NIGDIS,0.8477115193024949
XICKOL,OJOQAF01,0.8456779887615483
XICKOL,OJOQAF,0.8456302318174971
XICKOL,OJOQAF02,0.8455707715662315
XICKOL,ENIHUG01,0.8448959110272803
XICKOL,FITSAD,0.8448044318860095
XICKOL,ASUKEE01,0.8447378474973373
XICKOL,LIRVAK,0.8436596212272646
XICKOL,FUFVEJ,0.8436380355467641
XICKOL,BAZGAM,0.8432473224983104
XICKOL,KIJRUS,0.8416630690403015
XICKOL,NAFSOF,0.8414924740599087
XICKOL,KOGYIP,0.8413331427000688
XICKOL,NEMCOA,0.8400430077949765
DOTSOV11,DOTSOV13,0.9999999999912554
DOTSOV11,DOTSOV15,0.9999999992144026
DOTSOV11,DOTSOV10,0.9999999992135924
DOTSOV11,DOTSOV08,0.9999999967546486
DOTSOV11,DOTSOV16,0.99999999669427
DOTSOV11,DOTSOV14,0.9999999885696048
DOTSOV11,DOTSOV12,0.9999999863055168
DOTSOV11,BODPAN,0.9999728479075642
DOTSOV11,XAMDUM03,0.9999648436327588
DOTSOV11,XAMDUM04,0.999962894033519
DOTSOV11,XAMDUM01,0.9999511054694112
DOTSOV11,DIHVIB01,0.9999474103302196
DOTSOV11,UXISUR,0.99994725436299
DOTSOV11,YOZMEH,0.9999472326305204
DOTSOV11,YOZMIL,0.9999318617585438
DOTSOV11,XAMDUM07,0.9999294953976472
DOTSOV11,YOZMOR,0.9999121572070212
DOTSOV11,YOZPAG,0.9998604353861924
DOTSOV11,EBAMUS,0.999846022856379
DOTSOV11,WULJUJ,0.9990937356732416
DOTSOV11,DOTSOV02,0.9990725779293664
DOTSOV11,QIZLIW,0.9989987828137836
DOTSOV11,QAWHIH,0.9987618472217288
DOTSOV11,OQIZUL,0.9977850950861564
DOTSOV11,YOZNUY,0.9977680757000648
DOTSOV11,GAVDUD,0.9971945459543388
DOTSOV11,NEHZUY,0.9971369972594848
DOTSOV11,YOZMUX,0.9872942317912602
DOTSOV11,LASYOU,0.9461153590578424
DOTSOV11,DALSOA,0.9330061127184196
DOTSOV11,ORAWAH,0.931693305209252
DOTSOV11,MIKVEK,0.9305979230334318
DOTSOV11,ONIXOZ,0.9260320001098824
DOTSOV11,RAWYAS,0.9193464130016104
DOTSOV11,HOGLEV,0.9080146412691656
DOTSOV11,EXOGAB,0.9079787068852296
DOTSOV11,HOGLEV01,0.9078964346002268
DOTSOV11,YUGLES,0.90768755677706
DOTSOV11,YAGHUM,0.9075482192802578
DOTSOV11,XIJSUH,0.9069472529419706
DOTSOV11,HANWAW,0.9069265291910164
DOTSOV11,HUCBOX01,0.89734883467065
DOTSOV11,RAHBOU,0.897193400410443
DOTSOV11,HUCBOX,0.8971018140604655
DOTSOV11,PAMQIF,0.8970313389128703
DOTSOV11,MOFGOE,0.8962928197218432
DOTSOV11,VUJBIM,0.8946229175244602
DOTSOV11,GIKMOD,0.8946140137950733
DOTSOV11,GIKMOD01,0.893950784634865
DOTSOV11,MUDTEL,0.8938561385723957
DOTSOV11,VIXPUP01,0.8872459230715202
DOTSOV11,LUDLAZ,0.8865239374229654
DOTSOV11,KANMIX,0.8849472258799898
DOTSOV11,XEDMEB,0.8849344409016168
DOTSOV11,WANJIF,0.8849300975731751
DOTSOV11,ADONEP,0.884674603235113
DOTSOV11,APUPEH,0.8828758860679798
DOTSOV11,EMUBIZ,0.882506602345472
DOTSOV11,ANUGOG,0.8779621963353096
DOTSOV11,HIDTUM,0.8741778705779077
DOTSOV11,HABQUY,0.8665741336724585
DOTSOV11,IWEQAD,0.8611555993458597
DOTSOV11,NIGDIS,0.861118380981621
DOTSOV11,TEKYOA,0.8610888128108822
DOTSOV11,TOVWAE,0.8605561375193014
DOTSOV11,OGEBAF,0.859380473566135
DOTSOV11,OGEBAF01,0.8592229376445459
DOTSOV11,JALPAQ,0.8588795354117246
DOTSOV11,XITYOP,0.8583927122579438
DOTSOV11,IXAJUN,0.8583006140566207
DOTSOV11,IDUDIW,0.8574096589781917
DOTSOV11,FALTUK,0.8534602902526702
DOTSOV11,FAMQES,0.8534088452913994
DOTSOV11,NAPSUV,0.8533828359544704
DOTSOV11,ANUGEW,0.8531863664099617
DOTSOV11,LAYXER,0.8523722324861519
DOTSOV11,RUJMEQ,0.8464088557909695
DOTSOV11,REGYOT,0.8399641301265506
DOTSOV11,ICAREL,0.8399625558040077
DOTSOV11,LUKLIN,0.8399590814031055
DOTSOV11,BAZFUF,0.8395265502147018
DOTSOV11,SEMNIJ,0.8394025811479526
DOTSOV11,BAZGAM,0.8384701197836891
DOTSOV11,ENIHUG01,0.8384244540279995
WEVVOL,FESYEK,0.8921236428673078
WEVVOL,JUYJIY,0.8883740272797803
WEVVOL,SITDAD,0.8792035532522431
WEVVOL,DUWBEE,0.8774226644565164
WEVVOL,FONQAC,0.8765212611350041
WEVVOL,QEKLID,0.8727215237305308
WEVVOL,QEKLID01,0.8727114945143146
WEVVOL,QUQFOY,0.8677135559089919
WEVVOL,JUXZIN,0.855057030728097
WEVVOL,MUXVIM,0.8542883439548795
WEVVOL,DELGIN,0.8480865407772216
WEVVOL,AWEJIW,0.8475995516217558
WEVVOL,CEHKUW,0.8396731563249583
WEVVOL,MITSEO,0.8396707695241266
WEVVOL,YEYRAY,0.8394548646071913
WEVVOL,PARKUQ,0.8391869399715595
WEVVOL,PARKUQ01,0.8391823960268191
WEVVOL,ODOXEK,0.8388549588235257
WEVVOL,MITSAK,0.8388387352232891
WEVVOL,MITSUE,0.838832872986129
WEVVOL,KUJMIN,0.8382060197407788
OFOJAX,IXETEM,0.9757270778558736
OFOJAX,ERANAO,0.9383556400371152
OFOJAX,ERARUM,0.9311892436784802
OFOJAX,WIZMAV05,0.9310679449203448
OFOJAX,WIZMAV06,0.9310599490059254
OFOJAX,WIZMAV08,0.9310463831246892
OFOJAX,WIZMAV11,0.9310388182427936
OFOJAX,WIZMAV12,0.9309708691501852
OFOJAX,ESEBOV,0.9208212593604412
OFOJAX,RUBTAK05,0.909710261220674
OFOJAX,YEYCUC,0.9065065621144898
OFOJAX,BUNLAZ,0.9001589731616697
OFOJAX,EMIYUW,0.8980268911534595
OFOJAX,GERBEN,0.8972670654626315
OFOJAX,VIKROZ,0.8581160526968421
OFOJAX,WUPTUY,0.841275608083752
YODRAM,BOWDUO,0.9999999993835385
YODRAM,AHETAK,0.9999998461279912
YODRAM,VEDFUH,0.9999989199269343
YODRAM,BOWDOI,0.9999965094749692
YODRAM,VEDFAN,0.9999956691073296
YODRAM,VEDFOB,0.999983842407729
YODRAM,VEDFER,0.9999735783594412
YODRAM,EXUXEC,0.9999636547909369
YODRAM,VEDFIV,0.9999609581253036
YODRAM,VEDGIW,0.9999604342504338
YODRAM,VODNOS,0.9999531065194488
YODRAM,VEDGES,0.999950596956912
YODRAM,OJOBAS,0.99989631119461
YODRAM,CEYPUT01,0.9998435641579392
YODRAM,ABAVIJ,0.9994522840543484
YODRAM,ERUNIQ,0.9991219511683628
YODRAM,LASMAV,0.9988044072391296
YODRAM,YIGGEB,0.9974850456407152
YODRAM,CAXZOS,0.9230877420435892
YODRAM,DIDBOJ,0.9229824158666886
YODRAM,JODGIU,0.9229669246815372
YODRAM,DIDBEZ,0.9228898995678636
YODRAM,DIDBAV,0.9227645147576552
YODRAM,ERUNOW,0.922642157048867
YODRAM,JODGOA,0.8940912695881689
YODRAM,FEVDER,0.8792321067200142
YODRAM,BAKJOO,0.8790563959852877
YODRAM,LIDSIC,0.8789480893693411
YODRAM,BAKJEE,0.8787656077797551
YODRAM,BAKJII,0.8781202315089709
YODRAM,TIDNIF,0.8769593171469465
YODRAM,CANYIB,0.8768043986764358
YODRAM,ESEQUO,0.8739527197809431
YODRAM,XALMOO,0.8601583682334757
YODRAM,YATDOP,0.8599490896683946
YODRAM,XALMII,0.8582639209567442
YODRAM,DIQHAO01,0.8568695477844815
YODRAM,FUMJAZ01,0.854045306772456
YODRAM,FUMJAZ,0.8538886737877278
YODRAM,WEMKEG,0.8444081944763371
YODRAM,MOXDOT01,0.8443819404130448
YODRAM,HURGOR,0.8442438093709458
YODRAM,DERBIO,0.8441513083395888
YODRAM,NERVIP01,0.843887379624399
YODRAM,RAKBIO02,0.8434728432159027
YODRAM,RAKBIO01,0.843417365082643
YODRAM,GAGWOB,0.8433668348157366
YODRAM,NERVOV,0.8432332187753037
YODRAM,FAZPIH,0.8431627516165829
YODRAM,WOPWOP,0.8431617507375738
YODRAM,KOHDIW,0.8429852037659296
YODRAM,KOHLIE,0.8429280458098212
YODRAM,YIRSUQ,0.8422482622248783
DOTSOV25,DOTSOV38,0.9999999992050496
DOTSOV25,DOTSOV32,0.999999999066893
DOTSOV25,DOTSOV26,0.999999999162568
SIWPUL11,ATIBOU02,0.9998148020198826
SIWPUL11,IQEWOQ,0.9998010312719796
SIWPUL11,JEDKIP01,0.997972585384574
SIWPUL11,YANWOC,0.9977087405896532
SIWPUL11,YANWOC03,0.997651648581152
SIWPUL11,YANWOC01,0.9975606669631308
SIWPUL11,DADTOS18,0.9975588763328204
SIWPUL11,DIDVIW,0.99755010922466
SIWPUL11,DADTOS12,0.9975446736088864
SIWPUL11,DADTOS09,0.9975299568020148
SIWPUL11,DADTOS05,0.997525600633748
SIWPUL11,DADTOS08,0.9975254826843576
SIWPUL11,DADTOS01,0.9975181144248096
SIWPUL11,DADTOS11,0.997515954018384
SIWPUL11,DADTOS,0.9975008057811542
SIWPUL11,YANWOC02,0.9974133759131772
SIWPUL11,DADTOS15,0.9969766237489448
SIWPUL11,YUKTUU01,0.9969333908691794
SIWPUL11,YUKTUU,0.9969303982902852
SIWPUL11,REZJIR03,0.996891107853214
SIWPUL11,PADJOU,0.9967970697468324
SIWPUL11,VIRJEM,0.9967866810596624
SIWPUL11,REZJIR,0.996783192091392
SIWPUL11,DADTOS16,0.9967817713163614
SIWPUL11,LIJWOR01,0.9967639000150548
SIWPUL11,PADJOU01,0.9966850046423502
SIWPUL11,LIJWOR03,0.996545714076714
SIWPUL11,DADTOS17,0.996535383881606
SIWPUL11,MNFORD02,0.9965204444943884
SIWPUL11,LIJWOR06,0.99645445851343
SIWPUL11,MNFORD03,0.9963014094882224
SIWPUL11,LIJWOR05,0.9961874210588834
SIWPUL11,IJOMOJ01,0.9961002855780148
SIWPUL11,NURGUE,0.9960534661171168
SIWPUL11,QINSUD,0.99591609941687
UFUMUD01,EGOZAB,0.9999984043677714
UFUMUD01,QERZUI,0.9999814601529098
UFUMUD01,BAHGUN03,0.999979139223766
UFUMUD01,BAHGUN04,0.9999711500972666
UFUMUD01,UFUNAK,0.999902545811707
UFUMUD01,NIHDIU,0.9998764635596682
UFUMUD01,POFDIZ,0.9998219801067988
UFUMUD01,ECODIK,0.9997950469631538
UFUMUD01,UGEPEB01,0.9997526357619464
UFUMUD01,UFUMUD,0.999741636062354
UFUMUD01,KAKTIA,0.9995508195559212
UFUMUD01,KAKTIA01,0.9995407529403584
UFUMUD01,POFDEV,0.9994612141788912
UFUMUD01,UGEPEB,0.9994508412561128
UFUMUD01,AHEMEG,0.999122312856209
UFUMUD01,IPINAY,0.9990637839690576
UFUMUD01,POFDOF,0.998430726949027
UFUMUD01,NELCEN,0.9974281685349528
UFUMUD01,POFFEX,0.9969553800218456
UFUMUD01,KAGJOS,0.9230406104416804
UFUMUD01,ICAGOK,0.9221219921009516
UFUMUD01,IXAJUN,0.879284799552672
UFUMUD01,JALPAQ,0.8792783924539324
UFUMUD01,SOZHOG,0.866668700982015
UFUMUD01,IDUSIM,0.8665305628949077
UFUMUD01,IDUSIM01,0.8665033169151879
UFUMUD01,UNACIW,0.8664662486619122
UFUMUD01,IDUSIM02,0.8664595284313352
UFUMUD01,UNABUH,0.8664503899489367
UFUMUD01,IDUTAF,0.8664163368868357
UFUMUD01,IDUTIN,0.8664060349048172
UFUMUD01,IDUTEJ,0.8663923093955651
UFUMUD01,DEGSIS01,0.8440140205606298
UFUMUD01,CEZYOY,0.8437593823832785
UFUMUD01,QESBAR,0.8436876110679171
UFUMUD01,ENITAX,0.8425870254170513
BAZFUF,QOWRAV10,0.9971805072021884
BAZFUF,QOWRAV09,0.9971724092872186
BAZFUF,QOWRAV07,0.9971484410995832
BAZFUF,QOWRAV05,0.9971197789294616
BAZFUF,QOWRAV03,0.9971172133214457
BAZFUF,QOWRAV04,0.9971142269999038
BAZFUF,QOWRAV02,0.9971109887182592
BAZFUF,BAZGAM,0.9956539762096313
BAZFUF,LIGQEA,0.9952056493008762
BAZFUF,KIJRUS,0.9948659287526812
BAZFUF,NAFSOF,0.9914034362396889
BAZFUF,ANUGEW,0.9695988455361112
BAZFUF,LAYXER,0.9683401453530004
BAZFUF,LAYXAN,0.9655466124122112
BAZFUF,DEKBON,0.96276003631599
BAZFUF,ANUGOG,0.962306074254872
BAZFUF,IPUPIU,0.9479663941901644
BAZFUF,HOYQIX,0.947924428277596
BAZFUF,EXOGAB,0.9148640155312624
BAZFUF,CEFNIN,0.9142578740148144
BAZFUF,FISGOF,0.9073122670458306
BAZFUF,ORAWAH,0.8829111190822809
BAZFUF,KAGJOS,0.8817691891410855
BAZFUF,WURNOO,0.881698466825469
BAZFUF,MIKVEK,0.8773779511885254
BAZFUF,MUNDOQ,0.8707326236661014
BAZFUF,ENIHUG,0.8697228754147015
BAZFUF,ENIHUG01,0.8697117224503507
BAZFUF,LASYOU,0.8650856103908393
BAZFUF,NAPSUV,0.8606741745633577
BAZFUF,SIXNIZ,0.8593702343155583
BAZFUF,SIXNOF,0.8588265316745216
BAZFUF,EPISOM,0.8585142982947979
BAZFUF,TISPAO,0.8401867759416045
BAZFUF,QAWHIH01,0.8401356303859303
BAZFUF,QAWHIH,0.8401238580832285
BAZFUF,DIHVIB,0.8399438932992792
BAZFUF,YOZNAE,0.839937125717754
BAZFUF,YOZMOR,0.8399267043117109
BAZFUF,XAMDUM07,0.8398939393549822
BAZFUF,YOZMIL,0.8398885209345388
BAZFUF,YOZNIM,0.839881842068581
BAZFUF,LUDLED,0.8398648621510659
BAZFUF,YOZMEH,0.8398525949376769
BAZFUF,UXISUR,0.8398525387703858
BAZFUF,XAMDUM01,0.8398422846808915
BAZFUF,RILFEA,0.8398418004124839
BAZFUF,XAMDUM03,0.8398005827351035
BAZFUF,XAMDUM05,0.8397622881356969
BAZFUF,YOZNUY,0.8397580710211856
BAZFUF,XAMDUM02,0.8397465398506424
BAZFUF,DOTSOV10,0.8395250874993504
BAZFUF,DOTSOV12,0.8395235571367243
BAZFUF,DOTSOV16,0.8395235495757333
BAZFUF,JALPAQ,0.8385965538109195
BAZFUF,WULJUJ,0.8381072225843723
BAZFUF,DOTSOV02,0.8380841796880487
BAZFUF,SIXNUL,0.8378403914171854
QOWRAV05,QOWRAV03,0.9999999994256
QOWRAV05,QOWRAV07,0.9999999279227816
QOWRAV05,QOWRAV09,0.9999997559558432
QOWRAV05,BAZFUF01,0.9970960033882807
QOWRAV05,ICAREL,0.9909460102320736
QOWRAV05,KIJRUS,0.9863199163455612
QOWRAV05,BAZGAM,0.98609126184049
QOWRAV05,NAFSOF,0.9787847511899757
QOWRAV05,ANUGIA,0.960289709319728
QOWRAV05,LAYXER,0.9572877684904022
QOWRAV05,LAYWOA,0.9543480581119516
QOWRAV05,LAYXAN,0.9528193100653384
QOWRAV05,DEKBON,0.9486295439033582
QOWRAV05,IPUPIU,0.9445738352229862
QOWRAV05,HOYQIX,0.9441827783610308
QOWRAV05,IPUPOA,0.9335106066428518
QOWRAV05,YUSWEP,0.931066881858036
QOWRAV05,CEFNIN,0.9113830618240808
QOWRAV05,EXOGAB,0.9074703013907792
QOWRAV05,LAQNID,0.8947286217568582
QOWRAV05,AZAVUU,0.8885998254709289
QOWRAV05,ICAGOK,0.8767593172826531
QOWRAV05,KAGJOS,0.8723337903386756
QOWRAV05,WURNOO,0.8720733580752068
QOWRAV05,MIKVEK,0.8665791659328899
QOWRAV05,LASYOU,0.8629347863989119
QOWRAV05,NAPSUV,0.8564017670358823
QOWRAV05,ASIVAB,0.8526373676821619
QOWRAV05,SIXNOF,0.851172165705078
QOWRAV05,SIXNEV,0.8509570106955717
QOWRAV05,RUJMEQ,0.8470289017766862
QOWRAV05,YOZNUY,0.8391494222271607
QOWRAV05,OQIZUL,0.8391376403053199
QOWRAV05,QAWHIH,0.8382197266384286
NUDPAE02,NUDPAE01,0.9999999965940184
NUDPAE02,NUDPAE,0.999999984086624
NUDPAE02,VICBEQ,0.9999995683738792
NUDPAE02,NUDPAE09,0.9999252772734358
NUDPAE02,IZIDOM,0.9997789822927804
NUDPAE02,XACLOF,0.9996195092156356
NUDPAE02,NUDNUW09,0.9995120720243726
NUDPAE02,NUDNUW01,0.9995117736636598
NUDPAE02,PESTAL,0.9994928076359796
NUDPAE02,NIKYUC,0.999096022693104
NUDPAE02,NIHBEM01,0.9989578511692516
NUDPAE02,CAJHUS01,0.9987758565845748
NUDPAE02,NIHBAI01,0.9987283211905468
NUDPAE02,NIHBAI02,0.9986329288040554
NUDPAE02,NIKZAJ01,0.9985433035345525
NUDPAE02,IZAKAX,0.998098061411402
NUDPAE02,IZAJUQ,0.998071967925965
IDUTAF,IDUTIN,0.9999992267609136
IDUTAF,UNABUH,0.9999987309437246
IDUTAF,UNABUH01,0.999997549683738
IDUTAF,IDUSIM02,0.999997270378796
IDUTAF,MAVRAE,0.923593387823007
IDUTAF,FALTUK,0.8798470348123472
IDUTAF,FAMPUH,0.8796516240093033
IDUTAF,FAMQES,0.8794784031292815
IDUTAF,UFUNIS,0.866663767342468
IDUTAF,NIHDEQ,0.8666610936837994
IDUTAF,QERZUI01,0.866653715655982
IDUTAF,NIHDIU,0.8666532473812092
IDUTAF,UGEPEB01,0.8666449173299804
IDUTAF,UGEPEB,0.8665567322897128
IDUTAF,BAHGUN03,0.866543041240545
IDUTAF,QERZUI,0.8665371686374358
IDUTAF,BAHGUN,0.8665165583366926
IDUTAF,HAWZEM,0.8664950621615786
IDUTAF,EGOZAB,0.866440171770264
IDUTAF,UFUNAK,0.8660010406084915
IDUTAF,POFDIZ,0.8659390890002181
IDUTAF,KAKTIA,0.8653442211010826
IDUTAF,POFDEV,0.8651486868570202
IDUTAF,AHEMEG,0.8645817257153439
IDUTAF,IPINAY,0.8644920440173504
IDUTAF,POFDOF,0.8635660859600218
IDUTAF,POFFAT,0.8632837605966888
IDUTAF,VIXPUP,0.8567993469133773
IDUTAF,VIXPUP01,0.8555811443884016
IDUTAF,IXAJUN,0.8544563577591086
IDUTAF,EDOSEY,0.8397001543329146
OKIVIO02,SAHYAD03,0.999999919826551
OKIVIO02,OKIVIO01,0.9999994649550658
OKIVIO02,WUNSII,0.9999987169820604
OKIVIO02,WUNVEH,0.9999981303052472
OKIVIO02,OKIYAJ01,0.9999978188307632
OKIVIO02,OKIVAG,0.999996972502316
OKIVIO02,OKIYIR,0.9999969502041656
OKIVIO02,OKIWEL,0.9999968295673032
OKIVIO02,WUNVAD,0.9999913118556916
OKIVIO02,YINNUH,0.9999626402380434
OKIVIO02,WUNSEE01,0.9999353606932948
ATIKIX,ALUJUN,0.9995902145212404
DOTSOV19,DOTSOV20,0.9999999989697476
GURXUN01,LODZOU,0.841313177667209
GURXUN01,PAQXUC,0.9149025548516994
GURXUN01,PAQYAJ01,0.9143482629993008
GURXUN01,ECIWIW,0.8840017742736401
GURXUN01,HIBSUG01,0.8836938931154593
GURXUN01,IGUTUB,0.8836689465526746
GURXUN01,HIBSUG03,0.8836682669997262
GURXUN01,OVAJAX,0.8834364639584372
GURXUN01,RUXWEM01,0.8781584923674379
GURXUN01,FALGIK,0.8746421257644382
GURXUN01,PIKYIU,0.8461218698739659
GURXUN01,GOYLUB,0.8388649048642391
GURXUN01,XEFGUN01,0.8384860515391319
MIRNOR,MIRNOR01,0.9999981765911948
AMOBEL01,TAYZUQ,0.9996424574599776
AMOBEL01,SIWQIA02,0.9993259858474008
AMOBEL01,YUKVUW04,0.998853175970651
AMOBEL01,SANMEB,0.9984211682398858
AMOBEL01,DAXNIA,0.9984146935515352
AMOBEL01,YANXIX02,0.9983406245777644
AMOBEL01,ELUQIM08,0.992480688199038
AMOBEL01,ELUQIM06,0.9924119844907706
AMOBEL01,ELUQIM04,0.9923853386644524
AMOBEL01,ELUQIM01,0.9923541709680784
AMOBEL01,VERZUP,0.9919512703626115
YIKGEF,GIYTOY,0.9995708473925512
YIKGEF,NABLIM,0.8742097891942021
YIKGEF,CEHKUW,0.8738790332364186
YIKGEF,MITSEO,0.8738654804734836
YIKGEF,YEYRAY,0.873290352062215
YIKGEF,ODOXEK,0.8722677536067366
YIKGEF,MITSAK,0.872242746063681
YIKGEF,MITSIS,0.8721306804035651
YIKGEF,FODGUB,0.8513817626205793
YIKGEF,HOQKII,0.8510403759628975
YIKGEF,FODGUB02,0.8505548933335845
WORLAS,FECXUI,0.999829832470943
WORLAS,FECYUJ,0.9998102186106482
WORLAS,MIMRAB01,0.9993324210096036
WORLAS,USAHAZ,0.9943679549972552
WORLAS,IDIXAU,0.9927609750937214
WORLAS,EZINAE,0.9100819222914568
WORLAS,PEVQIS,0.8849630173750749
WORLAS,MIBQAR15,0.884958301795801
WORLAS,VAZTUM,0.8849580990269967
WORLAS,MIBQAR01,0.8849576132836976
WORLAS,VUSKEA,0.8849571781577293
WORLAS,LAWGOG,0.8849560155338988
WORLAS,LAWFOF,0.8849558104483835
WORLAS,PEVQOY,0.8849487086264315
WORLAS,IFABIA03,0.8842165791228116
WORLAS,IFABIA02,0.8841565139072277
WORLAS,VEGMOK03,0.8834404477929347
WORLAS,VEGMOK04,0.8834379185598835
WORLAS,GATBUZ,0.8834363768995401
WORLAS,FIJCUX,0.8812860354587361
WORLAS,ORIBAU,0.8804673977578286
WORLAS,SAVMAE,0.8615334825647791
WORLAS,LOWQIX,0.8612873125612048
WORLAS,AQOROP,0.8587005637611651
WORLAS,SOSQIC01,0.8521677758013171
WORLAS,VEHJUP,0.8496597636285238
WORLAS,OFIXOR,0.8492355620136908
WORLAS,PERQUB,0.8487845597045423
WORLAS,NIWYID,0.8487810577564248
WORLAS,FUTYOK,0.8468301417579044
WORLAS,FUVBAB,0.8465517707528517
WORLAS,RUPVAB,0.8463887598238395
WORLAS,NANYUX01,0.8457269227372379
WORLAS,ACIBOE,0.8457178657338851
WORLAS,VEHKAW,0.8456016177749406
WORLAS,FUTZAX,0.844176083000667
WORLAS,WUHNUK,0.8429325465181025
WORLAS,BABRII,0.8422877815119032
WORLAS,UYAPOA,0.8421031358425421
WORLAS,MACHIJ,0.8420520880485444
WORLAS,VOLRAQ,0.8420119245608597
WORLAS,JEDVIA,0.8419551247359929
WORLAS,PIWLIT,0.8418809715367792
WORLAS,ROZXEL,0.8409063870994437
WORLAS,GUGNON,0.8393841311160086
WORLAS,JENKET,0.83838381426428
UPIBOM,LAVTAF,0.999987004799924
UPIBOM,YATTUK,0.989463835900246
UPIBOM,JUXSIG,0.9471116527652038
UPIBOM,JUXSEC,0.9471093010874988
UPIBOM,YICXIU,0.9069025025224428
UPIBOM,YENZEZ,0.8995571124133933
UPIBOM,RAVDOJ,0.893693260275598
UPIBOM,WOJYUR,0.8853617945293644
UPIBOM,OHIHOD,0.884619950556003
UPIBOM,XADDAJ,0.8818266312051085
UPIBOM,BOJYIK,0.864272938467041
UPIBOM,UFOSAM,0.8590975460933694
UPIBOM,NEBYOK,0.8519380816031649
UPIBOM,LUCDES,0.8493497660983178
UPIBOM,LEDHEJ,0.8454522019127299
UPIBOM,IFUNUU,0.8383305134452768
UPIBOM,XISDIO,0.8382325299282509
POVVAY,POVVEC,0.9090864522899949
POVVAY,SAMVIO,0.8574236618045795
POVVAY,QUJJUB,0.8516471058317133
POVVAY,COKNUN,0.8433457336043386
POVVAY,COKNUN02,0.8433090157474623
YAVYAW,XOPLOE,0.9972719488161056
MOHLIF,KUNLEL,0.9079149192243412
MOHLIF,VEHJUP,0.9078715551401972
MOHLIF,IJEXIF01,0.9076116368255832
MOHLIF,PERQUB,0.9069158701887332
MOHLIF,NIWYID,0.906901631128973
MOHLIF,REGREC,0.9061638334605822
MOHLIF,FUTZEB,0.905357262748126
MOHLIF,RUPVAB,0.9049675705566506
MOHLIF,FUTYOK,0.9048436808038371
MOHLIF,FUVBAB,0.9045499754472474
MOHLIF,NIWYOJ,0.9043911981367796
MOHLIF,NANYUX01,0.9036343788607276
MOHLIF,DUZPUL,0.8650616878107533
MOHLIF,UFOFUT,0.8623160191189552
MOHLIF,YOZYUJ,0.8588624070419113
MOHLIF,RUGXUO,0.8520449257252244
MOHLIF,EXOXUL,0.8409200557195604
AJIJEI01,AJIJEI,0.9999998762980328
AJIJEI01,MITSUE,0.920083381504888
AJIJEI01,FUMJAA,0.9200605202105134
AJIJEI01,KUJMIN,0.9200072781548856
AJIJEI01,CEHKUW,0.9193796585181752
AJIJEI01,NABLIM,0.9182193545095128
AJIJEI01,QUQFOY,0.8630378987187586
AJIJEI01,KULMIP,0.860547929968605
AJIJEI01,MINBEQ,0.8523528435157068
AJIJEI01,FESYEK,0.8429928185090901
AJIJEI01,LIQFEY,0.8424486003409195
AJIJEI01,GERWOR,0.8409717987219214
MOBDIR,MOFGOE,0.999999998049698
MOBDIR,QIZLIW,0.8968872689330227
MOBDIR,DOTSOV16,0.8962934911946068
MOBDIR,DOTSOV08,0.8962934646540652
MOBDIR,DOTSOV12,0.8962934177102233
MOBDIR,DOTSOV10,0.8962920072161031
MOBDIR,DOTSOV13,0.8962904433640774
MOBDIR,GAVDUD,0.8961576493194289
MOBDIR,NEHZUY,0.8961277169709345
MOBDIR,BODPAN,0.8960013272665677
MOBDIR,XAMDUM03,0.8959562785977583
MOBDIR,XAMDUM01,0.8958889031731295
MOBDIR,UXISUR,0.8958714591126868
MOBDIR,DOTSOV02,0.8958536287653869
MOBDIR,LUDLED,0.8958498962589181
MOBDIR,XAMDUM06,0.8958419476358281
MOBDIR,YOZMIL,0.8958062395213001
MOBDIR,DIHVIB,0.8956953181453738
MOBDIR,YOZPAG,0.8955552026094802
MOBDIR,QIZLOC,0.8948920598215506
MOBDIR,OHOMIH,0.8947982396736059
MOBDIR,TISPAO,0.8947354652137578
MOBDIR,QAWHIH,0.8932819178303112
MOBDIR,OQIZUL,0.8917112777706397
MOBDIR,YOZNOS,0.8852453034877331
MOBDIR,UWALEL,0.8534957424214272
MOBDIR,EXOGAB,0.8534725082020358
MOBDIR,LUKLIN,0.8534628138537192
MOBDIR,REGYOT,0.8534595888645775
MOBDIR,LASYOU,0.8516302033625672
MOBDIR,BABREE,0.8437439388272391
MOBDIR,MIKVEK,0.8431706383476882
MOBDIR,DALSOA,0.8429765050871331
MOBDIR,XITYOP,0.8380584193487016
GINTUT,RILFEA,0.8872982000626272
GINTUT,DIHVIB01,0.887297934527128
GINTUT,XAMDUM06,0.8872971322722031
GINTUT,LUDLIH,0.8872963574005389
GINTUT,YOZNIM,0.8872962644271386
GINTUT,XAMDUM05,0.887295708675339
GINTUT,XAMDUM04,0.8872919991822767
GINTUT,YOZMOR,0.8872905980831027
GINTUT,YOZNAE,0.8872890683205717
GINTUT,YOZPAG,0.88727135277859
GINTUT,DOTSOV13,0.8872545489247545
GINTUT,DOTSOV15,0.8872541379279366
GINTUT,DOTSOV08,0.8872537523320121
GINTUT,DOTSOV12,0.8872537483212277
GINTUT,DOTSOV16,0.8872537452926743
GINTUT,TISPAO,0.8870738571718905
GINTUT,QAWHIH,0.8864818301538036
GINTUT,YOZNUY,0.885647033426854
GINTUT,GAVDUD,0.8837503841526634
GINTUT,NEHZUY,0.8836856567481377
GINTUT,QIZLOC,0.8814026969518902
GINTUT,OHOMIH,0.8812314845080222
GINTUT,YOZMUX,0.8752574721973939
GINTUT,EXOYAS,0.8521579394690666
GINTUT,RAWYAS,0.8513713853968261
GINTUT,LASYOU,0.8457036309077265
DOTSOV15,DOTSOV10,0.999999999999999
DOTSOV15,DOTSOV16,0.9999999991316978
DOTSOV15,DOTSOV14,0.9999999895536316
DOTSOV15,DOTSOV12,0.9999999887353688
DOTSOV15,BODPAN,0.9999725562076353
DOTSOV15,XAMDUM03,0.9999645104811832
DOTSOV15,LUDLIH,0.9999563075103776
DOTSOV15,RILFEA,0.9999508954109284
DOTSOV15,XAMDUM01,0.999950712752448
DOTSOV15,DIHVIB01,0.9999470030808716
DOTSOV15,LUDLED,0.9999419209317608
DOTSOV15,YOZNIM,0.9999346081335424
DOTSOV15,YOZMIL,0.999931398719823
DOTSOV15,XAMDUM07,0.9999290239519624
DOTSOV15,YOZNAE,0.999906087061221
DOTSOV15,DIHVIB,0.9999020253698102
DOTSOV15,WULJUJ,0.999094292490788
DOTSOV15,DOTSOV02,0.9990731368767708
DOTSOV15,QIZLIW,0.9990005540032856
DOTSOV15,QAWHIH01,0.9988066089651824
DOTSOV15,YOZNUY,0.9977654325231754
DOTSOV15,GAVDUD,0.9971975058453088
DOTSOV15,YOZNOS,0.9911937189598788
DOTSOV15,LASYOU,0.9461135169323353
DOTSOV15,DALSOA,0.9330059685612376
DOTSOV15,BABREE,0.9324941596561328
DOTSOV15,MIKVEK,0.9306006642597996
DOTSOV15,ONIXOZ,0.926036650131794
DOTSOV15,EXOYAS,0.9199357594585452
DOTSOV15,CITXUZ,0.9189843894958306
DOTSOV15,IWEVAJ,0.9187164881562182
DOTSOV15,GERWEH,0.9081094615163255
DOTSOV15,HOGLEV01,0.9078974849513588
DOTSOV15,YAGHUM,0.9075467363307242
DOTSOV15,NUTQAV,0.9074227182228278
DOTSOV15,OFOCUI,0.9073622910987772
DOTSOV15,MOCKAR,0.9069386177182548
DOTSOV15,HANWAW,0.9069285338310022
DOTSOV15,ALIXUP,0.9015049710057852
DOTSOV15,PIDRAY,0.9011467005722829
DOTSOV15,HUCBOX02,0.8973567644445024
DOTSOV15,HUCBOX,0.8971019724854691
DOTSOV15,PAMQIF,0.8970320193511928
DOTSOV15,MOFGOE,0.8962942310932887
DOTSOV15,VUJBIM,0.8946199922006863
DOTSOV15,GIKMOD01,0.8939540455571199
DOTSOV15,MUDTEL,0.8938528313771996
DOTSOV15,VIXPUP01,0.8872463280170927
DOTSOV15,RUVKAV,0.8872161940673964
DOTSOV15,HOYQIX,0.8869722016882168
DOTSOV15,VIXPUP02,0.886918059312189
DOTSOV15,IPUPIU,0.8868435915774524
DOTSOV15,LUDLAZ,0.8865254953717479
DOTSOV15,IPUPOA,0.8856127416969144
DOTSOV15,PAFZEE,0.8850331709519135
DOTSOV15,KANMIX,0.8849465874967108
DOTSOV15,WANJIF,0.8849301178782454
DOTSOV15,EXAXAE,0.882823700467608
DOTSOV15,EMUBIZ,0.8825094363048098
DOTSOV15,ANUGIA,0.8771467945681711
DOTSOV15,NEMCOA,0.8753307787711676
DOTSOV15,CEKHUY,0.8748521886342294
DOTSOV15,HIDTUM,0.8741813062058419
DOTSOV15,LAQNID,0.8692416090021635
DOTSOV15,KIRFOI,0.8666215124788429
DOTSOV15,HABQUY,0.8665746142529205
DOTSOV15,TEKYOA,0.8610892767753168
DOTSOV15,JALPAQ,0.8588822040179835
DOTSOV15,IDUDIW,0.8574130715716483
DOTSOV15,FAMQAO,0.8534618698281182
DOTSOV15,ANUGEW,0.8531887638992064
DOTSOV15,EPISOM,0.8529161389043387
DOTSOV15,LAYWOA,0.8511247119012714
DOTSOV15,HEHROE,0.85037652217328
DOTSOV15,DEKBON,0.8483425367834263
DOTSOV15,RUJMEQ,0.8464089190288739
DOTSOV15,UWALEL,0.8461410909333649
DOTSOV15,REGYOT,0.8399650025228812
DOTSOV15,ICAREL,0.8399634310767041
DOTSOV15,BAZFUF01,0.8395366089663749
DOTSOV15,HUJGEA,0.8392616608539236
DOTSOV15,BAZGAM,0.8384722003487843
DOTSOV15,ENIHUG01,0.8384224669884991
TONQOD,GOSDUP,0.998583870854046
TONQOD,ROZXEL,0.9142906403655576
TONQOD,PIWLIT,0.9138678640620224
TONQOD,HIFGIO,0.9065644854252208
TONQOD,GUGNON,0.905229213639872
TONQOD,BABRII,0.9027625747256682
TONQOD,ORIBAU,0.8972587873338066
TONQOD,FIJCUX01,0.8971398612244426
TONQOD,GATBUZ,0.895904255369889
TONQOD,VEGMOK04,0.8959027438106909
TONQOD,REDROI,0.895551105648008
TONQOD,IFABIA,0.895327116266743
TONQOD,IFABIA01,0.8950307781129254
TONQOD,VOLRAQ,0.894279353184783
TONQOD,UYAPOA,0.8941424746179396
TONQOD,VUSKEA,0.891557590213862
TONQOD,MIBQAR12,0.8914632447728027
TONQOD,MIBQAR01,0.8913606263021454
TONQOD,LAWFOF,0.8913331810078454
TONQOD,LAWGOG,0.8913139404971989
TONQOD,SAHYIK,0.8912786794996856
TONQOD,DITTEH,0.8836369666695998
TONQOD,DUPKAC,0.8703111609068709
TONQOD,RUYGOJ,0.868353808282898
TONQOD,NIKHAS,0.8586694224263375
TONQOD,YICQOS,0.8523225031330308
TONQOD,DUFLOH,0.8511298058015255
TONQOD,XAFFAN,0.8504094757344717
TONQOD,NOXMAQ,0.8503922768161427
TONQOD,VAGMEX,0.8503827476232018
TONQOD,TADWIG,0.8502051344799365
TONQOD,XAFFER,0.8499867794867311
TONQOD,WUMDIT,0.8487819724117402
TONQOD,PEGCIP,0.8420751226182309
SIKYER,WECSAZ01,0.9983334626816494
SIKYER,EHAZES,0.9980653170362188
SIKYER,WECSAZ,0.9973273833753028
SIKYER,EXUTAU,0.9957368958158542
SIKYER,IBEYAQ,0.9416764116804176
SIKYER,GAPQAQ,0.9070505153417796
SIKYER,DUGDOA01,0.9037282026323435
SIKYER,DUGDOA,0.903374395134377
SIKYER,HISSIN,0.886970903661055
SIKYER,WOJZIG,0.8865442988264415
SIKYER,LUCDAO,0.8846629757891085
SIKYER,DIXGIC,0.8776646138930096
SIKYER,RUYVIS,0.875952652101426
SIKYER,SENXER,0.8739679422729293
SIKYER,SENXAN,0.87244826516876
SIKYER,UHISEK,0.8608328781206763
SIKYER,KAHWOG,0.8605080497688262
SIKYER,DOLPIF,0.8593047090509931
SIKYER,OPENUT,0.8588168860847583
SIKYER,LIXMEM,0.8576183549101573
SIKYER,PEHWUW,0.8574816898283194
SIKYER,WIPLOY,0.8399571300353508
SIKYER,POHLOP,0.8383317863816389
MIMVEJ,DEBBIY,0.8848111076050131
MIMVEJ,WIXJIW01,0.8559146767389274
MIMVEJ,BUKMUQ01,0.843896109340439
MIMVEJ,DARYIF,0.8414405671803297
EDOWIG,FIJCUX,0.9998841316381752
XEHSOT,MOPQIT,0.9999973880187298
XEHSOT,NAXVOY01,0.9999959639053
XEHSOT,NIWZIE01,0.9999589638243268
XEHSOT,NIWZIE02,0.999915093992516
XEHSOT,NIWZIE17,0.9998122487970652
XEHSOT,NIWPIU,0.99981106086783
XEHSOT,NIWZIE18,0.9998021838475968
XEHSOT,LIJWUX,0.9978570791699316
XEHSOT,LICSEW03,0.9977758297842396
XEHSOT,MGFORD01,0.9975012304450228
XEHSOT,MGFORD02,0.9973408600439208
XEHSOT,AMURUX,0.9968020861358424
XEHSOT,AMURUX06,0.9967945509142412
XEHSOT,AMURUX10,0.9962850334471002
BODPAN,XAMDUM05,0.9999998407270392
BODPAN,XAMDUM01,0.9999966019424656
BODPAN,RILFEA,0.9999965639353796
BODPAN,DIHVIB01,0.9999956093153728
BODPAN,UXISUR,0.9999954700942584
BODPAN,LUDLED,0.9999939910173056
BODPAN,XAMDUM06,0.9999933951968358
BODPAN,YOZNIM,0.9999916384586112
BODPAN,YOZMIL,0.9999906430567986
BODPAN,XAMDUM07,0.9999894831901536
BODPAN,XAMDUM02,0.9999861886031816
BODPAN,YOZMOR,0.9999826333975472
BODPAN,DIHVIB,0.9999778625823896
BODPAN,DOTSOV14,0.999972604319648
BODPAN,DOTSOV10,0.9999725560284798
BODPAN,DOTSOV08,0.9999722533171904
BODPAN,YOZPAG,0.9999559256902132
BODPAN,EBAMUS,0.9998556167556488
BODPAN,TISPAO,0.9997305353619792
BODPAN,QAWHIH01,0.999139267188827
BODPAN,WULJUJ,0.99898997606685
BODPAN,DOTSOV02,0.9989687588803188
BODPAN,QIZLIW,0.9986437418692974
BODPAN,GAVDUD,0.9966199918545648
BODPAN,NEHZUY,0.996556354283216
BODPAN,EXOYAS,0.919780817811758
BODPAN,CITXUZ,0.9186111913974538
BODPAN,GERWEH,0.9082054511122448
BODPAN,YAGHUM,0.907795568850209
BODPAN,HOGLEV01,0.9076746637262924
BODPAN,XIJSUH,0.9072941323551182
BODPAN,MOCKAR,0.9072884692080072
BODPAN,HANWAW,0.906534003463126
BODPAN,ALIXUP,0.9006272068469424
BODPAN,HUCBOX02,0.8973305571372046
BODPAN,HUCBOX,0.8970599844177843
BODPAN,RAHBOU,0.8970327560256083
BODPAN,PAMQIF,0.8968906501544016
BODPAN,VUJBIM,0.8951376177075533
BODPAN,MUDTEL,0.8944416335455208
BODPAN,GIKMOD,0.8940444584122473
BODPAN,GIKMOD01,0.8933197252242433
BODPAN,VIXPUP01,0.8871437855680006
BODPAN,HOYQIX,0.8871331819117882
BODPAN,RUVKAV,0.8870941687380918
BODPAN,IPUPIU,0.8870386541367107
BODPAN,VIXPUP,0.886739317897433
BODPAN,VIXPUP02,0.8866872944673337
BODPAN,LUDLAZ,0.8862081522180796
BODPAN,PAFZEE,0.8850748824548472
BODPAN,XEDMEB,0.8847832758802503
BODPAN,ADONEP,0.8845509617116802
BODPAN,EXAXAE,0.8823023028196291
BODPAN,NEMCOA,0.8747694266340269
BODPAN,CEKHUY,0.8742458871481096
BODPAN,HIDTUM,0.8735149212011734
BODPAN,HABQUY,0.8665059296434658
BODPAN,IWEQAD,0.8611141356583325
BODPAN,NIGDIS,0.8610313633147202
BODPAN,TOVWAE,0.8607831669118631
BODPAN,OGEBAF01,0.8587403781106712
BODPAN,JALPAQ,0.8583581391477824
BODPAN,XITYOP,0.8578333272884645
BODPAN,IXAJUN,0.8577204486216603
BODPAN,IDUDIW,0.8567541637186691
BODPAN,FALTUK,0.853533385847383
BODPAN,FAMPUH,0.8535204740942923
BODPAN,NAPSUV,0.8534912185007679
BODPAN,EPISOM,0.8527010518600465
BODPAN,MAVRAE,0.8514963349352032
BODPAN,LAYWOA,0.8504486825392206
BODPAN,LAYXAN,0.8496900365306653
BODPAN,HEHROE,0.8496414912930925
BODPAN,WARXUL,0.8488975424210734
BODPAN,DEKBON,0.8474684669120366
BODPAN,RUJMEQ,0.8463698832286934
BODPAN,UWALEL,0.8452226246848196
BODPAN,ICAREL,0.839773218111584
BODPAN,LUKLIN,0.839768612828792
BODPAN,SEMNIJ,0.8395493224996284
BODPAN,HUJGEA,0.8390217309778127
BODPAN,ENIHUG01,0.8387652617499514
BODPAN,BAZGAM,0.8380753299532041
KOLQEI,COYVAO01,0.900071307630844
VEGMIE01,VAKRIK,0.9999844710630568
HAZYUE,SIXWON,0.8830285097257924
HAZYUE,VIKBUP,0.8675786673114019
HAZYUE,PEVQOY,0.8610228120273049
HAZYUE,VUSKEA,0.86096850228273
HAZYUE,PEVQIS,0.8609523307770299
HAZYUE,MIBQAR12,0.8609511982465319
HAZYUE,MIBQAR01,0.8609314366566789
HAZYUE,HOLRAD,0.8609294455555456
HAZYUE,LAWFOF,0.8609261725237793
HAZYUE,LAWGOG,0.8609223455467725
HAZYUE,SAHYIK,0.8609145842668033
HAZYUE,REDROI,0.8607474186861525
HAZYUE,IFABIA01,0.8607453944551041
HAZYUE,VEGMOK03,0.86056351606276
HAZYUE,VEGMOK04,0.8605619434983224
HAZYUE,GATBUZ,0.8605609757503504
HAZYUE,VEGMOK01,0.8605353712269938
HAZYUE,KOZNEU,0.8602954442892998
HAZYUE,ORIBAU,0.8584007282010613
HAZYUE,UKOLOV,0.8487344100025311
HAZYUE,XAFFER,0.8395543522125142
HAZYUE,VAGMEX,0.8382267682238116
HAZYUE,XAFFAN,0.837993153546216
HOLRAD,LAWFOF,0.9999999883263276
HOLRAD,VAZTUM,0.9999999595451088
HOLRAD,LAWGOG,0.9999999455042186
HOLRAD,MIBQAR12,0.9999994534092678
HOLRAD,MIBQAR15,0.9999992142842145
HOLRAD,MIBQAR07,0.9999987785694208
HOLRAD,VUSKEA,0.999998145929724
HOLRAD,IFABIA03,0.9989906714747766
HOLRAD,IFABIA,0.9989392774369285
HOLRAD,IFABIA02,0.9989205014369162
HOLRAD,IFABIA01,0.9989028608836904
HOLRAD,VEGMOK04,0.9984419482252804
HOLRAD,GATBUZ,0.9984403844012396
HOLRAD,VEGMOK01,0.9983991802399208
HOLRAD,ORIBAU,0.9954388866095282
HOLRAD,PIWLIT,0.9447366965379086
HOLRAD,ROZXEL,0.9437551198240786
HOLRAD,WUHNUK,0.9080487841542156
HOLRAD,UYAPOA,0.9070321697906988
HOLRAD,YOCGAZ,0.9064961184709824
HOLRAD,HUTZAX01,0.905907351765137
HOLRAD,GUGNON,0.9046956618339062
HOLRAD,NEHGIS,0.904650150654812
HOLRAD,CESQUP,0.8973163513756648
HOLRAD,JEDDII,0.8971894405590453
HOLRAD,PICCUC,0.8970446637619369
HOLRAD,NIYZIG,0.8968676357079969
HOLRAD,GOSDUP,0.8953918473937215
HOLRAD,ACODIH,0.8947538232318611
HOLRAD,QEDZEG,0.8910012868787178
HOLRAD,RUYGOJ,0.8900223429963935
HOLRAD,EKEKEL,0.8872935722979587
HOLRAD,DITTEH,0.8853271484913121
HOLRAD,FECYUJ,0.8845415132134629
HOLRAD,DARYIF,0.8842593445902414
HOLRAD,WORKUL,0.8842335926021746
HOLRAD,NIKHAS,0.8840372705428143
HOLRAD,QAQSAD,0.8822546527957479
HOLRAD,PUGSER,0.880742447374647
HOLRAD,USAHAZ,0.8794831932913911
HOLRAD,XOQXIL,0.875835375099098
HOLRAD,XAFFER,0.8747869905717692
HOLRAD,KUNLEL,0.8745946540670888
HOLRAD,IJEXIF01,0.8744549769270556
HOLRAD,ZARLIP,0.873778690256467
HOLRAD,VAGMEX,0.8730480632938065
HOLRAD,XAFFAN,0.8727524631613506
HOLRAD,FUTYOK,0.8718115058411566
HOLRAD,FUVBAB,0.8715270407281805
HOLRAD,NIWYOJ,0.8713730050546651
HOLRAD,NOXMAQ,0.8708642165351019
HOLRAD,VEHKAW,0.8705534453034529
HOLRAD,NANYUX03,0.8705135746841249
HOLRAD,ZARLEL,0.8704322831175593
HOLRAD,UNAGOH,0.8703539585587475
HOLRAD,AXOCEW,0.8691777337087647
HOLRAD,FUTZAX,0.8691360031658026
HOLRAD,NENHEU,0.8684732739592145
HOLRAD,JEDVIA,0.8669091062249463
HOLRAD,OKELOH,0.8667141405725542
HOLRAD,PEGCIP,0.8656612297077166
HOLRAD,SAVMAE,0.8642411344377224
HOLRAD,KAHMOW,0.8625665709653051
HOLRAD,IGUFOH,0.861080509201827
HOLRAD,DUFLOH,0.8608897629254144
HOLRAD,EGIKUB01,0.8606768341485762
HOLRAD,ZAQXEX,0.8593125551736549
HOLRAD,UBUMAH,0.8588253630815673
HOLRAD,LOWQIX,0.8583936088808222
HOLRAD,WIMWIA,0.8581628139070435
HOLRAD,HUVGEM,0.8578493048548852
HOLRAD,XENMIO,0.8578140609917136
HOLRAD,XOHNEO,0.854800770609031
HOLRAD,HIFGIO,0.8540637014809778
HOLRAD,WOJZOK01,0.8531096481658917
HOLRAD,TACJEO,0.8525708430305058
HOLRAD,PURJAO,0.8517755145474999
HOLRAD,CIQHOC,0.8503087576100511
HOLRAD,PURJES,0.8494329726202338
HOLRAD,NISCOJ,0.845680151249371
HOLRAD,LEBQUH,0.8386798351051633
HOLRAD,VURMOL,0.8383396681230193
HOLRAD,REBVIG,0.8381186506080898
XEBHOC,XAWVUN,0.9999163513863436
XEBHOC,AZAVUU,0.8399520894194545
AZAVUU,ZAZBUZ,0.9161986160812304
AZAVUU,CEFNIN,0.9824341543535352
AZAVUU,KIJRUS,0.899458549779955
AZAVUU,NAFSOF,0.8980812753003267
AZAVUU,BAZFUF01,0.8970317660400787
AZAVUU,QOWRAV10,0.8887184100536454
AZAVUU,QOWRAV11,0.8886934435008738
AZAVUU,QOWRAV12,0.8886872882866601
AZAVUU,QOWRAV08,0.8886749672539382
AZAVUU,QOWRAV04,0.888589020366888
AZAVUU,QOWRAV02,0.8885827145942461
AZAVUU,LIGQEA,0.8851120567700392
AZAVUU,IPUPOA,0.8789737367067824
AZAVUU,LAYWOA,0.8778783790648077
AZAVUU,LAYXAN,0.8774546666890134
AZAVUU,HOYQIX,0.8772451767087216
AZAVUU,DEKBON,0.8760933117191461
AZAVUU,WURNOO,0.8699135000727583
AZAVUU,ANUGOG,0.8692800553124095
AZAVUU,AVAKAL02,0.8686282949963988
AZAVUU,ANUGIA,0.8670588451110668
AZAVUU,SIXNEV,0.8460794200401325
AZAVUU,SIXNOF,0.8460643757184667
AZAVUU,SIXNIZ,0.8459259911023603
AZAVUU,ASIVAB,0.8458924754493902
AZAVUU,ENITAX,0.8425407424838525
AZAVUU,EXOGAB,0.8425153001956542
AZAVUU,YEKXOD,0.8424951268308807
AZAVUU,YUSWEP,0.8423118286129829
AZAVUU,XOPLOE,0.8422599913004867
AZAVUU,YAVYAW01,0.8417616369895609
AZAVUU,YAVYAW02,0.8413556121494887
AZAVUU,YEKYAQ,0.8412694917722665
AZAVUU,PARNON,0.8411566766625336
AZAVUU,GOXZIE,0.840968586055827
AZAVUU,XAWVUN,0.8408004662424085
AZAVUU,YEKXUJ,0.8404872739647332
AZAVUU,RUJMEQ,0.8384922985262238
AZAVUU,MUNDOQ,0.8383429466308009
AZAVUU,HAYXIR,0.8381243594558183
DOTSOV17,DOTSOV,0.9999999051160524
DOTSOV17,DOTSOV18,0.9999999985076448
ISISUZ,UNABUH01,0.9999998968439692
ISISUZ,IDUSIM02,0.9999998196411736
ISISUZ,UNABUH,0.9999996769670229
ISISUZ,UNACES,0.9999984227639558
ISISUZ,IDUTEJ,0.9999970691487304
ISISUZ,IDUSIM01,0.9999939561755056
ISISUZ,IDUSIM,0.9999905267394594
ISISUZ,FALTUK,0.8800001365657347
ISISUZ,FAMPUH,0.8798072095856714
ISISUZ,FAMQES,0.8796363783341491
ISISUZ,ECODIK,0.866677787213155
ISISUZ,QERZUI01,0.8666583418026019
ISISUZ,NIHDEQ,0.8666522323958654
ISISUZ,UFUNIS,0.866651753392091
ISISUZ,UGEPEB01,0.8666366785693772
ISISUZ,BAHGUN03,0.8665637944666299
ISISUZ,QERZUI,0.866558639281346
ISISUZ,BAHGUN02,0.8665358472998373
ISISUZ,BAHGUN01,0.8665357872149733
ISISUZ,UFUMUD,0.8664888121798843
ISISUZ,POFDIZ,0.8659714775707419
ISISUZ,KAKTIA01,0.8654062304402796
ISISUZ,KAKTIA,0.8653975969537884
ISISUZ,POFDEV,0.8652139851935086
ISISUZ,IPINAY,0.8645863007868435
ISISUZ,VOJPUG01,0.864553556305261
ISISUZ,POFFAT,0.8634006021491782
ISISUZ,NELCEN,0.8623417097950778
ISISUZ,VIXPUP02,0.8569988383992354
ISISUZ,IXAJUN,0.8544838241976063
ISISUZ,JALPAQ,0.8543032148015753
ISISUZ,NAPSUV,0.8408981949925824
ESEQUO,WEMKEG,0.936805242666459
ESEQUO,HURGOR,0.9333349050274472
ESEQUO,NIGPAW,0.9066639978615156
ESEQUO,DIBQEM,0.9064941229276064
ESEQUO,GEPBEK,0.9062969228518188
ESEQUO,USAYOE,0.9034493750434812
ESEQUO,XUBKOU,0.9033245729847048
ESEQUO,KOHDIW,0.8976968331444901
ESEQUO,CANROA,0.8975867543224791
ESEQUO,VEFMAW,0.8973017453726493
ESEQUO,KOHLIE,0.8954856108139686
ESEQUO,DIBQIQ,0.8927591396449808
ESEQUO,CUWNIT,0.8923526129040237
ESEQUO,DIBQOW,0.8852197353459819
ESEQUO,XUDVAV,0.884773521723156
ESEQUO,HELDOT,0.88337451161376
ESEQUO,TONBOO,0.8805274948801957
ESEQUO,FISQEG,0.8800303075951258
ESEQUO,VEFLUP,0.8799183986371614
ESEQUO,XIHSEN,0.8798477157009439
ESEQUO,XIHSAJ01,0.8794403023172802
ESEQUO,XIHSEN01,0.8793788898655849
ESEQUO,TATSIS01,0.8785539874025409
ESEQUO,TATSIS,0.878533378520775
ESEQUO,ABAVIJ,0.8777977982559674
ESEQUO,KEJWAY,0.8765388814025795
ESEQUO,FISQIK,0.8744246265769564
ESEQUO,BIPXIK,0.8743039548229339
ESEQUO,AHETAK,0.8740313633851319
ESEQUO,BOWDUO,0.8739477328565054
ESEQUO,VEDFUH,0.8737481354180272
ESEQUO,VEDFOB,0.8733805050478161
ESEQUO,ABAVOP,0.8729766161779031
ESEQUO,CIJBEE,0.8726399998539801
ESEQUO,VODNOS,0.8725625139557385
ESEQUO,CEYPUT01,0.8720846407343408
ESEQUO,OJOBAS,0.8718866092389006
ESEQUO,ABAYOU,0.8718503244247633
ESEQUO,CEYPUT,0.8718429181170607
ESEQUO,PUNYED,0.8718114775866843
ESEQUO,CAXZOS,0.8691683376093023
ESEQUO,DIDBAV,0.8683046871102882
ESEQUO,DIDBOJ,0.8679943531043217
ESEQUO,DIDBEZ,0.867145112532401
ESEQUO,JODGIU,0.8668753794968556
ESEQUO,CAQJOW,0.8648073879164445
ESEQUO,HAJYAV,0.8646836272536945
ESEQUO,ERUNOW,0.8607903655776061
ESEQUO,HALVEY,0.8582866151726447
ESEQUO,TAHYUZ,0.8574733241079829
ESEQUO,HABZEQ,0.8566184769303875
ESEQUO,XAFFIV,0.8563689854931421
ESEQUO,CIPLIX,0.8548093997990559
ESEQUO,CIKPEU,0.8542740310696115
ESEQUO,NOMPIQ01,0.8541886417891708
ESEQUO,NOMPOW,0.8537826178610042
ESEQUO,FILYEG,0.8534403162877154
ESEQUO,MOXDEJ,0.8529545207777001
ESEQUO,FAHQOX,0.8516430490439699
ESEQUO,DAFHEZ,0.8504650622111727
ESEQUO,EJINIV,0.849038510281339
ESEQUO,XADDOX,0.8488215268336261
ESEQUO,EJINIV01,0.8485807569230864
ESEQUO,QIQTOB,0.847881359299712
ESEQUO,FAHQIR,0.8473718695391553
ESEQUO,WIMWEW,0.8462564435546931
ESEQUO,FEXCAO01,0.841071773606617
ABAVOP,VODNOS,0.9999963422981076
ABAVOP,VEDFOB,0.999996239937912
ABAVOP,VEDGES,0.9999958746929942
ABAVOP,VEDGAO,0.9999933419782452
ABAVOP,VEDFAN,0.9999898073950784
ABAVOP,VEDFIV,0.999988372183425
ABAVOP,BOWDOI,0.999986165537376
ABAVOP,VEDFUH,0.9999823707603356
ABAVOP,VEDFER,0.9999786341271047
ABAVOP,BOWDUO,0.999972987639506
ABAVOP,CEYPUT,0.9999725437961896
ABAVOP,AHETAK,0.9999686014248432
ABAVOP,BIPXIK,0.9999501636655208
ABAVOP,EXUXEC,0.9998753257740912
ABAVOP,KEJWAY,0.999624721673705
ABAVOP,ABAVIJ,0.9992874749621604
ABAVOP,TATSIS01,0.999129229821336
ABAVOP,LASMAV,0.9984192965480364
ABAVOP,ERUNUC,0.9233328833401022
ABAVOP,JODGIU,0.9230261134665808
ABAVOP,CAXZOS,0.9230097375845856
ABAVOP,DIDBEZ,0.9229420282179028
ABAVOP,ERUNOW,0.9229011054919868
ABAVOP,JODGOA,0.8945232177511189
ABAVOP,BUKLOJ,0.88274507114029
ABAVOP,FEVDER,0.8791257663886127
ABAVOP,LIDSIC,0.8791127914007727
ABAVOP,BAKJEE,0.8789765430783171
ABAVOP,BAKJII,0.8784474102402937
ABAVOP,SIDXOV,0.871025437890512
ABAVOP,YATDOP,0.8601165794281053
ABAVOP,XALMOO,0.8600071082150385
ABAVOP,XALMII,0.8587039518958761
ABAVOP,DIQHAO01,0.8562619410601069
ABAVOP,FUMJAZ01,0.8536298755663706
ABAVOP,FUMJAZ,0.8534684198025
ABAVOP,NIDFOX,0.8531341452056043
ABAVOP,XEVXUT,0.8517867402852213
ABAVOP,HURGOR,0.8443554761611036
ABAVOP,WEMKEG,0.8443403346737872
ABAVOP,NERVIP01,0.8437535640884692
ABAVOP,RAKBIO02,0.8436867802670401
ABAVOP,RAKBIO,0.8436796468118518
ABAVOP,RAKBIO01,0.843643556472582
ABAVOP,GAGWOB,0.8430972026747602
ABAVOP,KOHLIE,0.8429873577859786
ABAVOP,CANROA,0.8429427640413304
ABAVOP,NERVOV,0.8429177553143821
ABAVOP,WOPWOP,0.8428319298057634
ABAVOP,NERVIP,0.8423977342841887
BAKJII,CANYIB,0.9997542985240172
BAKJII,FEVDER,0.9765057601801518
BAKJII,AZIHOI,0.9755137288975194
BAKJII,SIDXOV,0.9639469032528468
BAKJII,ERUNOW,0.9094704924321384
BAKJII,ERUNUC,0.9090906817879512
BAKJII,DIDBEZ,0.9081692459230402
BAKJII,DIDBOJ,0.907947121257997
BAKJII,CAXZOS,0.9075557868922788
BAKJII,KESFIA,0.903190056292473
BAKJII,FUMJAZ01,0.9022565797450456
BAKJII,FUMJAZ,0.902055718602323
BAKJII,XEVXUT,0.8990884225760531
BAKJII,FEYJOJ,0.8989621343968273
BAKJII,FISQIK,0.8956625446973137
BAKJII,YATDOP,0.8869628922720076
BAKJII,XUDVAV,0.8860224267156486
BAKJII,XALMOO,0.8850688446625647
BAKJII,CEYPUT01,0.8787298025583913
BAKJII,DIQHAO01,0.8786934251307835
BAKJII,CIJBEE,0.8785452449119777
BAKJII,VEDGES,0.8785335484619068
BAKJII,VEDFAN,0.8782520032344721
BAKJII,BOWDOI,0.8782190076380169
BAKJII,VEDFUH,0.8781901498493105
BAKJII,BOWDUO,0.878121916819325
BAKJII,BOWDIC,0.8780256917016974
BAKJII,EXUXEC,0.8776751013289
BAKJII,KEJWAY,0.8769496802456053
BAKJII,ABAVIJ,0.876520993800165
BAKJII,TATSIS,0.8756295342550872
BAKJII,NIDFOX,0.8743361022542544
BAKJII,DIQHAO,0.873546031701088
BAKJII,YIGGEB,0.8721974102605896
BAKJII,XAPSIS,0.8611386799028911
BAKJII,CIPLIX,0.8611298785103398
BAKJII,JEDVUM,0.8611232262906147
BAKJII,PUNYED,0.8534053723385987
BAKJII,YIRSUQ,0.8493165662484161
BAKJII,CIFMAH,0.8439827709366237
BAKJII,NIGPEA,0.8439660427827333
BAKJII,DIBQIQ,0.8438449038344519
BAKJII,DIBQOW,0.8437922283606691
BAKJII,HELDOT,0.8435573645209892
BAKJII,AXINAX01,0.8433588833559955
MNFORD03,LIJWOR05,0.9999987721444272
MNFORD03,LIJWOR06,0.9999983299789924
MNFORD03,LIJWOR02,0.9999977967532024
MNFORD03,IJOMOJ01,0.9999972408074542
MNFORD03,DADTOS17,0.9999960821663714
MNFORD03,LIJWOR03,0.9999957547502304
MNFORD03,QINSUD,0.9999903408914756
MNFORD03,SIWPUL,0.9999892394787316
MNFORD03,DADTOS16,0.9999831210052964
MNFORD03,REZJIR,0.9999830083660626
MNFORD03,VIRJEM,0.9999827893812072
MNFORD03,NURGUE,0.9999706234388792
MNFORD03,REZJIR02,0.9999691653183788
MNFORD03,DADTOS13,0.999907976922122
MNFORD03,YANWOC02,0.999900189716327
MNFORD03,DADTOS02,0.9998919862472428
MNFORD03,DADTOS,0.9998820818180318
MNFORD03,DADTOS04,0.9998795617682434
MNFORD03,DADTOS11,0.9998787559471192
MNFORD03,DADTOS01,0.999878276948884
MNFORD03,DADTOS05,0.9998766086133548
MNFORD03,DADTOS09,0.9998756317140616
MNFORD03,DADTOS06,0.9998724789214382
MNFORD03,DIDVIW,0.99987104868626
MNFORD03,YANWOC03,0.9998431704461638
MNFORD03,YANWOC,0.999831339328269
MNFORD03,DADTOS10,0.9998298804417768
MNFORD03,DADTOS07,0.9997711131030758
MNFORD03,REZJIR04,0.9997624416519478
MNFORD03,DADTOS03,0.9997589972679972
MNFORD03,IQEWOQ,0.997791714446006
LIJWOR03,PADJOU01,0.9999984878105594
LIJWOR03,DADTOS16,0.99999559813411
LIJWOR03,VIRJEM,0.9999954671078024
LIJWOR03,YUKTUU,0.9999884482204672
LIJWOR03,YUKTUU01,0.9999882638736955
LIJWOR03,REZJIR02,0.9999876351483856
LIJWOR03,IJOMOJ01,0.9999861682542364
LIJWOR03,PADJOU,0.9999761902696088
LIJWOR03,QINSUD,0.9999734606928002
LIJWOR03,SIWPUL04,0.99997328686853
LIJWOR03,SIWPUL,0.9999715738004592
LIJWOR03,DADTOS14,0.9999613440674868
LIJWOR03,NURGUE,0.999961023922296
LIJWOR03,YANWOC02,0.9999368251717224
LIJWOR03,DADTOS,0.9999222873933024
LIJWOR03,DADTOS04,0.9999202400549
LIJWOR03,DADTOS01,0.9999191952519656
LIJWOR03,DADTOS09,0.9999170395825449
LIJWOR03,DADTOS06,0.9999144624963068
LIJWOR03,DADTOS18,0.999911630367048
LIJWOR03,YANWOC03,0.9998905001126848
LIJWOR03,DADTOS07,0.9998288286582412
LIJWOR03,REZJIR04,0.9998213524879562
LIJWOR03,JEDKIP01,0.9998100050239812
LIJWOR03,IQEWOQ,0.9979804922523264
UNAGOH,NANYUX03,0.9999983684513412
UNAGOH,VEHKAW,0.999996224495088
UNAGOH,ACIBOE,0.999993246396337
UNAGOH,FUTZAX,0.9999283200032408
UNAGOH,FUVBAB,0.9999137541434622
UNAGOH,FUTYOK,0.9998619646873136
UNAGOH,FUTZEB,0.9997331663042032
UNAGOH,ULISOZ,0.9990162572631875
UNAGOH,NIWYID,0.9988821995424988
UNAGOH,PERQUB,0.9988693900885222
UNAGOH,KUNLEL,0.9922305699285447
UNAGOH,YOZYUJ,0.9471271931288996
UNAGOH,UFOFUT,0.9469284745036552
UNAGOH,DUZPUL,0.9409270265834108
UNAGOH,QUQFEO,0.9327415614197208
UNAGOH,RUGXUO,0.9320296262704464
UNAGOH,QOPZIF,0.9177806261730088
UNAGOH,JOVYAW,0.9081275509083506
UNAGOH,FUDGIW,0.907983720878566
UNAGOH,REBVIG,0.9077404560372698
UNAGOH,EXOXUL,0.9068116196680576
UNAGOH,DUNXUH15,0.897091467468378
UNAGOH,DUNXUH,0.8970788526921691
UNAGOH,DUNXUH13,0.8970186862838501
UNAGOH,HOGJIX,0.8967477296930264
UNAGOH,LOWQIX,0.896577687711567
UNAGOH,PUGSER,0.8871324946006357
UNAGOH,BOWJAA,0.8859880227827099
UNAGOH,BUKMUQ01,0.8850765432729992
UNAGOH,REFVEF,0.880172302214752
UNAGOH,APACAX,0.8771992641858075
UNAGOH,NUFBEX,0.8756871131212534
UNAGOH,ORIBAU,0.8749996043246805
UNAGOH,FIJCUX01,0.8749707139922247
UNAGOH,FIJCUX,0.8749503166325496
UNAGOH,NUFBOH,0.8742591159267827
UNAGOH,GATBUZ,0.8741735682902705
UNAGOH,REDROI,0.8739004299303645
UNAGOH,IFABIA02,0.8734785073118758
UNAGOH,IFABIA01,0.8734535067212698
UNAGOH,CUVTOD,0.8728247166261212
UNAGOH,PEVQIS,0.870461423745992
UNAGOH,MIBQAR12,0.8704537376956812
UNAGOH,MIBQAR07,0.8704472571096153
UNAGOH,VAZTUM,0.8703310533023861
UNAGOH,LAWGOG,0.8703223316722642
UNAGOH,SAHYIK,0.8702910034861839
UNAGOH,UKOLUD,0.8692741433651839
UNAGOH,GEYLEE,0.8679799024126535
UNAGOH,NUFCAU,0.8655899730092691
UNAGOH,SOWCOY,0.8608341258023491
UNAGOH,ADUVAZ,0.8565150274789665
UNAGOH,LASMUP,0.8560954373573396
UNAGOH,MUWRUT,0.8535223226145384
UNAGOH,WEHHIC,0.852992389067421
UNAGOH,ALANAD,0.851738102281413
UNAGOH,WEHJAW,0.8516426155547782
UNAGOH,WEHHOI,0.8516088323133004
UNAGOH,QAQSAD,0.8498417913444116
UNAGOH,IDIXAU,0.8497863995679564
UNAGOH,WORKUL,0.8485335469716977
UNAGOH,FECYUJ,0.8462890718759523
UNAGOH,EZINAE,0.8459334159177763
UNAGOH,CIJLIT,0.8454546768517637
UNAGOH,NENHEU,0.8401468841194624
UNAGOH,GUGNON,0.8401330403815358
UNAGOH,JAYXAL,0.8392639417686862
UNAGOH,REYCUV,0.8391897517565292
UNAGOH,BABRII,0.8383199012794069
REQDEX,SAQQOR,0.944274362229664
REQDEX,REDMUL,0.8758444683325075
REQDEX,NADZID,0.8726475272289336
REQDEX,JOHFIW,0.8713435320636347
EKERIW,YUZJOU,0.9992677146906476
ICAREL,AVAKEP02,0.8651743129104849
ICAREL,BAZGAM,0.9991808262337476
ICAREL,BAZFUF01,0.9982796470497776
ICAREL,KIJRUS,0.9976119678893508
ICAREL,NAFSOF,0.9973767211190412
ICAREL,QOWRAV10,0.9910532635156064
ICAREL,QOWRAV09,0.9910389321199292
ICAREL,QOWRAV11,0.991030693579524
ICAREL,QOWRAV04,0.990936230091157
ICAREL,QOWRAV02,0.9909305275555068
ICAREL,ANUGEW,0.9735991975137086
ICAREL,LAYXAN,0.971607553106136
ICAREL,HEHROE,0.971572693954678
ICAREL,DEKBON,0.9699568337484852
ICAREL,ANUGIA,0.960958255299268
ICAREL,IPUPOA,0.9473406890805532
ICAREL,HOYQIX,0.9468567816692228
ICAREL,IPUPIU,0.9466265308227018
ICAREL,YUSWEP,0.9303854271051124
ICAREL,KAGJOS,0.8851918844641726
ICAREL,MIKVEK,0.8818882317313956
ICAREL,ORAWAH,0.8803198869759672
ICAREL,ONIXOZ,0.8783910997505835
ICAREL,HAYXIR,0.8766507623007884
ICAREL,LURRIA,0.8663154675279586
ICAREL,SIXNOF,0.860833530974962
ICAREL,SIXNIZ,0.8608329276633754
ICAREL,SIXNEV,0.8608252423597224
ICAREL,ASIVAB,0.8608227309403014
ICAREL,EPISOM,0.8605698211093669
ICAREL,NAPSUV,0.8600210554178586
ICAREL,RUJMEQ,0.8533434306223542
ICAREL,TEKYOA,0.8439773318310306
ICAREL,NIGDIS,0.8439335195505167
ICAREL,IXAJUN,0.8425985834503544
ICAREL,YIMQOD,0.8419773198012128
ICAREL,SIXNUL,0.8401584315688042
ICAREL,DOTSOV16,0.8399643495769433
ICAREL,DOTSOV12,0.8399643337047946
ICAREL,DOTSOV08,0.8399643331494794
ICAREL,DOTSOV10,0.8399634315273669
ICAREL,DOTSOV13,0.839962463373332
ICAREL,XAMDUM05,0.8397812712170405
ICAREL,XAMDUM02,0.8397625640447137
ICAREL,XAMDUM04,0.8397499959507069
ICAREL,XAMDUM03,0.8397421150609332
ICAREL,EBAMUS,0.8397322170501469
ICAREL,LUDLIH,0.8397185561548628
ICAREL,RILFEA,0.8396957532206669
ICAREL,XAMDUM01,0.8396951772275114
ICAREL,YOZMEH,0.8396828059688151
ICAREL,LUDLED,0.8396676495169925
ICAREL,XAMDUM06,0.8396620212468213
ICAREL,YOZNIM,0.8396458385212484
ICAREL,XAMDUM07,0.8396296923213452
ICAREL,YOZMOR,0.8395823890160283
ICAREL,YOZPAG,0.8394539301194537
ICAREL,WULJUJ,0.8393677275262492
ICAREL,DOTSOV02,0.8393477735519425
ICAREL,TISPAO,0.8388216180259347
ICAREL,GAVDUD,0.8388106289502482
ICAREL,NEHZUY,0.8387699691878902
YOZNUY,OQIZUL,0.9999999656760196
YOZNUY,QAWHIH,0.9998541575768316
YOZNUY,QAWHIH01,0.9998375110296944
YOZNUY,TISPAO,0.9993410622738782
YOZNUY,YOZPAG,0.9987433441579532
YOZNUY,DIHVIB,0.9986019489732544
YOZNUY,YOZNAE,0.9985864205852748
YOZNUY,YOZMOR,0.99856298489011
YOZNUY,YOZMIL,0.9984779594324016
YOZNUY,UXISUR,0.9984004491500102
YOZNUY,DIHVIB01,0.9983995386566136
YOZNUY,XAMDUM01,0.998378760332752
YOZNUY,RILFEA,0.9983777533397032
YOZNUY,LUDLIH,0.9983304944698
YOZNUY,XAMDUM03,0.9982921986241184
YOZNUY,XAMDUM04,0.9982605783429908
YOZNUY,EBAMUS,0.9978460317983736
YOZNUY,DOTSOV13,0.9977683544573572
YOZNUY,DOTSOV10,0.9977654311611774
YOZNUY,DOTSOV16,0.9977626520164176
YOZNUY,DOTSOV02,0.9959081510785912
YOZNUY,QIZLIW,0.9937957388013416
YOZNUY,YOZMUX,0.9901290721738828
YOZNUY,GAVDUD,0.9900084973453628
YOZNUY,QIZLOC,0.9863062571041542
YOZNUY,OHOMIH,0.986041034993394
YOZNUY,ORAWAH,0.9328930494043836
YOZNUY,MIKVEK,0.9237761824743224
YOZNUY,IWEVAJ,0.916619746637749
YOZNUY,EXOYAS,0.9165564200859746
YOZNUY,ONIXOZ,0.9160408154679024
YOZNUY,CITXUZ,0.9136350840700742
YOZNUY,MOCKAR,0.9081250622114796
YOZNUY,NUTQAV,0.9079036802879664
YOZNUY,YAGHUM,0.9078152165745964
YOZNUY,HOGLEV,0.9043440969042288
YOZNUY,HOGLEV01,0.9038998760245064
YOZNUY,HANWAW,0.9013338556969054
YOZNUY,HUCBOX01,0.8948065452041005
YOZNUY,HUCBOX,0.8946047439479021
YOZNUY,RAHBOU,0.8937477254865502
YOZNUY,PAMQIF,0.8936569427968936
YOZNUY,MOFGOE,0.8916916348481734
YOZNUY,PIDRAY,0.891082913882019
YOZNUY,GIKMOD01,0.8862638422328424
YOZNUY,VIXPUP01,0.8843321206981369
YOZNUY,RUVKAV,0.8841274988727479
YOZNUY,KANMIX,0.8837887698217199
YOZNUY,PAFZEE,0.883423615058313
YOZNUY,VIXPUP,0.8829901967708496
YOZNUY,WANJIF,0.8826642513420309
YOZNUY,LUDLAZ,0.8816774861901179
YOZNUY,XEDMEB,0.8815782878649956
YOZNUY,ANUGIA,0.8776147288419716
YOZNUY,APUPEH,0.8762503101361178
YOZNUY,EXAXAE,0.8761415661129446
YOZNUY,ANUGOG,0.8758725323519096
YOZNUY,EXAXAE03,0.8755883699860239
YOZNUY,EMUBIZ,0.8755302321724476
YOZNUY,CEKHUY,0.8674003817033582
YOZNUY,HIDTUM,0.8662004947923612
YOZNUY,HABQUY,0.8635577745167019
YOZNUY,IWEQAD,0.8587970344897874
YOZNUY,OGEBAF,0.8532221430961947
YOZNUY,NAPSUV,0.8523834276529401
YOZNUY,FAMQES,0.8523114915237309
YOZNUY,FAMPUH,0.8522323620526377
YOZNUY,JALPAQ,0.852178636051488
YOZNUY,FALTUK,0.8521387006718131
YOZNUY,FAMQAO,0.852130430625709
YOZNUY,IXAJUN,0.8510695732214696
YOZNUY,IDUDIW,0.8494707426706418
YOZNUY,EPISOM,0.8488547392705775
YOZNUY,LAYWOA,0.8430579733173992
YOZNUY,HEHROE,0.841783040724181
YOZNUY,BAZFUF01,0.8397486327269292
YOZNUY,YIMQOD,0.8396491415250004
YOZNUY,ENIHUG01,0.8395442089372709
YOZNUY,ENIHUG,0.8395293849434058
YOZNUY,QOWRAV12,0.8391765649163755
YOZNUY,QOWRAV08,0.8391727523584076
YOZNUY,QOWRAV07,0.8391667928651951
YOZNUY,QOWRAV03,0.8391478645618426
YOZNUY,QOWRAV04,0.8391460508926392
YOZNUY,QOWRAV02,0.8391440835232178
YOZNUY,LIGQEA,0.8378907598975895
DOTSOV37,DOTSOV31,0.9999999947386612
DOTSOV37,DOTSOV39,0.9999999846634474
VIXPUP02,VIXPUP01,0.9998488969377622
VIXPUP02,OFOCUI,0.8930658817857415
VIXPUP02,XIJSUH,0.8921978686840093
VIXPUP02,PIDRAY,0.8910756252991769
VIXPUP02,MAVRAE,0.8875414264304867
VIXPUP02,QIZLIW,0.8871514197903201
VIXPUP02,FALTUK,0.8871191789368132
VIXPUP02,DOTSOV16,0.8869192072502633
VIXPUP02,DOTSOV12,0.8869192033211323
VIXPUP02,DOTSOV13,0.8869168503501872
VIXPUP02,EBAMUS,0.886669237520503
VIXPUP02,XAMDUM04,0.886661017391536
VIXPUP02,XAMDUM03,0.8866503790605597
VIXPUP02,LUDLIH,0.8866231789385782
VIXPUP02,XAMDUM01,0.886595184945236
VIXPUP02,DIHVIB01,0.8865813754018049
VIXPUP02,LUDLED,0.8865629715884776
VIXPUP02,XAMDUM06,0.886556402922017
VIXPUP02,YOZNIM,0.8865375597230717
VIXPUP02,XAMDUM07,0.8865187644567711
VIXPUP02,YOZNAE,0.8864465124466022
VIXPUP02,DOTSOV02,0.8863840975661528
VIXPUP02,YOZPAG,0.8863164477381075
VIXPUP02,GAVDUD,0.8861778782425802
VIXPUP02,NEHZUY,0.8861413724703054
VIXPUP02,QIZLOC,0.8847187513659422
VIXPUP02,OHOMIH,0.8846094426256668
VIXPUP02,OQIZUL,0.882872083233511
VIXPUP02,SOZHOG,0.857978572405256
VIXPUP02,IDUSIM01,0.8571754353396224
VIXPUP02,UNACES,0.8571146062019805
VIXPUP02,UNABUH01,0.8570287423901288
VIXPUP02,IDUTIN,0.85687712543442
VIXPUP02,IDUTEJ,0.8568366527394038
VIXPUP02,TOVWAE,0.8477505649968248
VIXPUP02,LASYOU,0.8436502552190135
FUTYOK,GERWIL,0.9082183958152424
FUTYOK,KAFYAT,0.9082467080890024
FUTYOK,FENVOL,0.8872980733761306
FUTYOK,FUVBAB,0.9999938648728705
FUTYOK,NIWYOJ,0.9999857111162964
FUTYOK,FUTZEB,0.9999788293889336
FUTYOK,ACIBOE,0.9999161462938304
FUTYOK,VEHKAW,0.9998943572025232
FUTYOK,NANYUX03,0.9998886124262708
FUTYOK,REGREC,0.9998378068177568
FUTYOK,ULISOZ,0.9996145641569608
FUTYOK,FUTZAX,0.9995920367195036
FUTYOK,PERQUB,0.9995204886967594
FUTYOK,UFOFUT,0.9471870885047524
FUTYOK,YOZYUJ,0.946770998266141
FUTYOK,DUZPUL,0.942642705829936
FUTYOK,QUQFEO,0.932990070450931
FUTYOK,RUGXUO,0.932627995917862
FUTYOK,QOPZIF,0.9187686455473714
FUTYOK,JOVYAW,0.9082473374936594
FUTYOK,FUDGIW,0.9082272378412182
FUTYOK,REBVIG,0.9081316557150944
FUTYOK,KEFBOO,0.9006428429926078
FUTYOK,HOGJIX,0.8991049989138565
FUTYOK,DUNXUH15,0.897338253783047
FUTYOK,DUNXUH13,0.897308325881292
FUTYOK,WIMWIA,0.8969061889939343
FUTYOK,LOWQIX,0.8968794331646142
FUTYOK,EGIKUB01,0.8949357761293862
FUTYOK,REFVEF,0.8820070066495969
FUTYOK,APACAX,0.8777106798393794
FUTYOK,DOYHIK,0.8773923724958704
FUTYOK,DOYHOQ,0.8764783967148619
FUTYOK,NASROR,0.8753120256931579
FUTYOK,FIJCUX,0.8749778811001809
FUTYOK,FIJCUX01,0.8749596620175891
FUTYOK,ORIBAU,0.874876318155718
FUTYOK,KOZNEU,0.8748540239521607
FUTYOK,VEGMOK04,0.874709680336876
FUTYOK,IFABIA,0.8744254987551485
FUTYOK,IFABIA02,0.8742260020945893
FUTYOK,IFABIA01,0.8742029389358607
FUTYOK,CUVTOD,0.8735656838956589
FUTYOK,PEVQOY,0.872193922086569
FUTYOK,VUSKEA,0.8719627712951561
FUTYOK,PEVQIS,0.8719007919751471
FUTYOK,MIBQAR12,0.8718941931736243
FUTYOK,MIBQAR07,0.871889392702152
FUTYOK,LAWFOF,0.8717993341029334
FUTYOK,VAZTUM,0.8717925853066304
FUTYOK,LAWGOG,0.8717852733902444
FUTYOK,SAHYIK,0.8717595471338543
FUTYOK,VOTHIX,0.8713203756167095
FUTYOK,UKOLUD,0.8691227979901415
FUTYOK,GEYLEE,0.8686867313356547
FUTYOK,NUFCAU,0.8680395906715515
FUTYOK,SOWCOY,0.8611182393983832
FUTYOK,YOGKOW,0.8594619438840866
FUTYOK,ADUVAZ,0.8579724947641497
FUTYOK,WEHHOI,0.8525054644982956
FUTYOK,USAHAZ,0.8497311947746342
FUTYOK,IDIXAU,0.8492531523309614
FUTYOK,HIQNUS,0.8463261098790347
FUTYOK,EZINAE,0.846307892241052
FUTYOK,CIJLIT,0.8460424844052228
FUTYOK,HEZKIH,0.8458690580770435
FUTYOK,HIQNOM,0.844919927218128
FUTYOK,REYCEF,0.8448115539712557
FUTYOK,REYCUV,0.8410361223807489
FUTYOK,GUGNON,0.8401966704657917
FUTYOK,NUCPIM,0.838008728791086
VAKRIK,JOQQAJ,0.999986085563082
FEXCES,SEQSOY,0.9999307681223452
FEXCES,FEXCAO01,0.9949493876747189
FEXCES,NOMPIQ,0.9547287670395666
FEXCES,DERBIO,0.8868181102927692
FEXCES,CIFMAH,0.8771157658293022
FEXCES,NIGPEA,0.8771083713216307
FEXCES,HELDOT,0.8768138639832793
FEXCES,DIBQIQ,0.8768060767058672
FEXCES,FISQEG,0.8764629494131646
FEXCES,AXINAX01,0.8762177930133237
FEXCES,ERUNOW,0.870854208634145
FEXCES,ERUNUC,0.8703579784009718
FEXCES,JODGIU,0.8695117074601082
FEXCES,DIDBEZ,0.8693634729565403
FEXCES,DIDBID,0.8692731082651313
FEXCES,DIDBOJ,0.8691031983890557
FEXCES,XUDVAV,0.8689853674822742
FEXCES,DIDBAV,0.8688295719317529
FEXCES,CAXZOS,0.8686517683800539
FEXCES,EDAJUP,0.8663262599781941
FEXCES,EDAJUP01,0.8653650084988036
FEXCES,LUWZUZ,0.8642182072141794
FEXCES,BUKLOJ,0.8397899305320662
FUTCAZ,WEYQEY,0.9989296602509228
FUTCAZ,ABAYIO,0.9986304931044006
FUTCAZ,WEYQAU16,0.998217130361789
FUTCAZ,WEYQAU01,0.9972796499820342
FUTCAZ,WEYQAU02,0.996927408351998
FUTCAZ,WEYQAU10,0.996426539094832
FUTCAZ,OFODET,0.9081490026306496
FUTCAZ,SOBDOF,0.8781525110540052
FUTCAZ,LUSHOX04,0.874896760281199
FUTCAZ,LUSHOX02,0.8748704627609524
FUTCAZ,DIJCOP,0.8741319904267916
FUTCAZ,GOVWOF,0.861142838926722
FUTCAZ,UVETUL,0.8610997304576871
FUTCAZ,WACLEU,0.846410141193368
FUTCAZ,INEXOQ,0.8392477318063953
PIQQEN,PIQPUC,0.9998466964370936
PIQQEN,PIQQOX,0.9982777180322427
PIQQEN,TULLIX,0.9765259815000364
PIQQEN,FOKWOT,0.9765206926912666
PIQQEN,FOKWUZ,0.9754451209178724
PIQQEN,YILKAH,0.9629018775254774
PIQQEN,ESADUZ01,0.9628958408420558
PIQQEN,POKZOG,0.9613062104618726
PIQQEN,JUQSIZ,0.9607626790764654
PIQQEN,VAKLIF,0.8776769589687682
PIQQEN,REXYAX,0.8766015347472669
PIQQEN,GOYLUB,0.875198514771155
PIQQEN,EGUHOD01,0.8439900685382047
PIQQEN,LUWKIZ,0.8433188201867245
PIQQEN,FALGIK,0.8380006665651796
AMURUX06,MGFORD01,0.9999557920198536
AMURUX06,LICSEW04,0.9999467233466018
AMURUX06,LIJWUX,0.9998922640472024
AMURUX06,SIRBIG06,0.9995946131104084
AMURUX06,ILECIN,0.9995374866533806
AMURUX06,NAXVOY01,0.9965638117098408
AMURUX06,NAXVOY04,0.996446881289891
AMURUX06,NIWZIE01,0.9960312754093592
AMURUX06,NIWZIE08,0.995773232889307
AMURUX06,NIWZIE02,0.995670852709624
AMURUX06,NIWZIE09,0.9955652484059678
AMURUX06,NIWZIE17,0.9950630462715552
AMURUX06,NIWZIE18,0.9950122192141752
VAZTUM,MIBQAR,0.9999998643619488
VAZTUM,LAWGOG,0.999999987588803
VAZTUM,LAWFOF,0.9999999846105532
VAZTUM,MIBQAR01,0.9999999420301132
VAZTUM,SAHYIK,0.9999998212845784
VAZTUM,MIBQAR12,0.9999991647024076
VAZTUM,MIBQAR15,0.9999988996426878
VAZTUM,VUSKEA,0.9999976642506694
VAZTUM,PEVQOY,0.999986507024022
VAZTUM,IFABIA03,0.9989829554108276
VAZTUM,IFABIA,0.998928137017058
VAZTUM,REDROI,0.9987492373808768
VAZTUM,VEGMOK03,0.998431158867278
VAZTUM,VEGMOK04,0.9984286036512576
VAZTUM,GATBUZ,0.9984270331905446
VAZTUM,VEGMOK01,0.99838565517557
VAZTUM,KOZNEU,0.9980113968109084
VAZTUM,ORIBAU,0.99541618535874
VAZTUM,PIWLIT,0.9447199461657648
VAZTUM,ROZXEL,0.9437353206252084
VAZTUM,PIWLAL,0.943557849029355
VAZTUM,WUHNUK,0.9080483248749032
VAZTUM,VOLRAQ,0.9074230101325136
VAZTUM,UYAPOA,0.9070460890550576
VAZTUM,ODODIW,0.9065879108324012
VAZTUM,YOCGAZ,0.906481978115534
VAZTUM,HUTZAX01,0.9058910061687137
VAZTUM,GUGNON,0.9046755697230756
VAZTUM,NEHGIS,0.9046299313651536
VAZTUM,AWEYAE,0.9019609482755202
VAZTUM,JEDDII,0.8971922063533286
VAZTUM,PICCUC,0.8970386190468437
VAZTUM,NIYZIG,0.8968601472197958
VAZTUM,SACHIP,0.8960754036542267
VAZTUM,GOSDUP,0.8953805146477208
VAZTUM,ACODIH,0.8947366546157923
VAZTUM,QEDZEG,0.8909745436683711
VAZTUM,RUYGOJ,0.8899936347515917
VAZTUM,EKEKEL,0.8872929351512304
VAZTUM,UKOLOV,0.8851716164828585
VAZTUM,BUVNIR,0.8849275314042284
VAZTUM,MIMRAB01,0.8842397231706107
VAZTUM,NIKHAS,0.8840184030950481
VAZTUM,QAQSAD,0.8822368971677815
VAZTUM,NAWXER,0.8817387940801873
VAZTUM,USAHAZ,0.8794581068173242
VAZTUM,IDIXAU,0.8778396869344589
VAZTUM,XAFFER,0.8747680100516658
VAZTUM,VEHJUP,0.8746870100817346
VAZTUM,IJEXIF01,0.8744470487481603
VAZTUM,NIWYID,0.8737765350035624
VAZTUM,ZARLIP,0.8737569232120416
VAZTUM,ULISOZ,0.8736276984959577
VAZTUM,REGREC,0.8730692088902701
VAZTUM,VAGMEX,0.8730245052815617
VAZTUM,XAFFAN,0.8727282149033998
VAZTUM,MEWPIQ,0.872482362185421
VAZTUM,FUTZEB,0.8722904462786065
VAZTUM,FUVBAB,0.8715073320118593
VAZTUM,NIWYOJ,0.8713527760260701
VAZTUM,ACIBOE,0.8706777376166362
VAZTUM,NANYUX01,0.8706167962482122
VAZTUM,ZARLEL,0.8704032105878393
VAZTUM,NENHEU,0.8684479163825162
VAZTUM,GADROU,0.8680684752655607
VAZTUM,JEDVIA,0.8668789902137396
VAZTUM,OKELOH,0.8666970448039036
VAZTUM,PEGCIP,0.8656410699562604
VAZTUM,SAVMAE,0.8642417846681216
VAZTUM,XEGWIS,0.8625549083862295
VAZTUM,KAHMOW,0.8625390783925605
VAZTUM,XEGXIT,0.8625242123690688
VAZTUM,YICQOS,0.8611467130659293
VAZTUM,EGIKUB01,0.8606737531480797
VAZTUM,ZAQXEX,0.8592983479559678
VAZTUM,UBUMAH,0.8588090733749516
VAZTUM,LOWQIX,0.8583769477782186
VAZTUM,WIMWIA,0.8581454821788749
VAZTUM,HUVGEM,0.857829954799536
VAZTUM,XENMIO,0.8577946598861698
VAZTUM,XOHNEO,0.8548056709635692
VAZTUM,SOSQIC01,0.854708498524519
VAZTUM,WOJZOK01,0.8531166376611619
VAZTUM,CIQHOC,0.8502856458032868
VAZTUM,PURJES,0.8494113601452339
VAZTUM,NISCOJ,0.8456713549913744
VAZTUM,MACHIJ,0.8446664160762516
VAZTUM,IGINIX,0.844075814348155
VAZTUM,VURMOL,0.8383439233124428
VAZTUM,REBVIG,0.8381032669711606
VAZTUM,HOKLIE,0.8380043420854437
RUVBOB,WOBNOS,0.8795095017019283
RUVBOB,RUVBIV,0.997833166696092
RUVBOB,VAKLIF,0.8602157885849472
RUVBOB,GOYLUB,0.8596338002890367
RUVBOB,GEDKUX,0.8483363099943502
RUVBOB,QUNXEE,0.8379557175772367
FIJCUX,VEGMOK01,0.9995511217351012
FIJCUX,GATBUZ,0.9995288678542036
FIJCUX,VEGMOK04,0.9995280068262362
FIJCUX,VEGMOK03,0.9995266039447902
FIJCUX,REDROI,0.9993174334775108
FIJCUX,IFABIA,0.9991792981576793
FIJCUX,IFABIA02,0.9989575073376888
FIJCUX,IFABIA01,0.9989334530720352
FIJCUX,VUSKEA,0.9964252374353096
FIJCUX,PEVQIS,0.9963579149795893
FIJCUX,MIBQAR12,0.996350955118796
FIJCUX,MIBQAR07,0.996345279864558
FIJCUX,MIBQAR01,0.9962699251498705
FIJCUX,LAWFOF,0.9962482503516212
FIJCUX,LAWGOG,0.9962330257983188
FIJCUX,SAHYIK,0.9962049622257778
FIJCUX,PIWLAL,0.9472128424054924
FIJCUX,ROZXEL,0.9472080782586006
FIJCUX,PIWLIT,0.9470834022344128
FIJCUX,NEHGIS,0.908246853019308
FIJCUX,GUGNON,0.908245818987433
FIJCUX,JENKET,0.9082064678972426
FIJCUX,DAWCIP,0.9081425653059232
FIJCUX,HUTZAX01,0.9080843957500536
FIJCUX,VIKBUP,0.908049714416464
FIJCUX,YOCGAZ,0.907874427948726
FIJCUX,ODODIW,0.9078231920565925
FIJCUX,UYAPOA,0.8999738212705501
FIJCUX,GOSDUP,0.8968284840311846
FIJCUX,RUYGOJ,0.896752344167769
FIJCUX,NIYZIG,0.8958375866882404
FIJCUX,PICCUC,0.8954724556135916
FIJCUX,CESQUP,0.894380423471689
FIJCUX,NIKHAS,0.8872796005089382
FIJCUX,NAWXER,0.8870815546274005
FIJCUX,UKOLOV,0.8870659637498055
FIJCUX,IDIXAU,0.8845064646116273
FIJCUX,WORKUL,0.8840427722679345
FIJCUX,DARYIF,0.8838264771484963
FIJCUX,EKEKEL,0.8838130658316973
FIJCUX,MIMRAB01,0.8837313343121138
FIJCUX,FECYUJ,0.8820647359457613
FIJCUX,BUVNIR,0.8796776991387976
FIJCUX,ZARLIP,0.8779517074428232
FIJCUX,XAFFER,0.877941498597443
FIJCUX,VAGMEX,0.8778832361939374
FIJCUX,MEWPIQ,0.8778009299896052
FIJCUX,WUMDIT,0.8773759238524111
FIJCUX,ZARLEL,0.8772997594888611
FIJCUX,FUVBAB,0.8749948711049566
FIJCUX,ACIBOE,0.8749801572081275
FIJCUX,VEHKAW,0.8749679575194796
FIJCUX,NANYUX01,0.8749675752964112
FIJCUX,DUPKAC,0.8748919375514639
FIJCUX,PERQUB,0.8742932743445776
FIJCUX,NENHEU,0.8740090160558964
FIJCUX,IJEXIF01,0.8735671402428503
FIJCUX,VEHJUP,0.8730930693713246
FIJCUX,PEGCIP,0.8692733654338767
FIJCUX,OKELOH,0.8691624827270275
FIJCUX,XEGWIS,0.8688431872711
FIJCUX,KAHMOW,0.8688391416674675
FIJCUX,XEGXIT,0.8688353357750022
FIJCUX,KUNLEL,0.86841526576627
FIJCUX,GADROU,0.8680403501338391
FIJCUX,AXOCEW,0.8666282219619661
FIJCUX,XENMIO,0.8611464248505936
FIJCUX,WIMWIA,0.860755473677003
FIJCUX,LOWQIX,0.8607075260413161
FIJCUX,HIFGIO,0.8606192458885439
FIJCUX,SAVMAE,0.8602260837984493
FIJCUX,EGIKUB01,0.8584106893797062
FIJCUX,YICQOS,0.8570669004540308
FIJCUX,DUFLOH,0.8560660080668661
FIJCUX,CIQHOC,0.8549663535654808
FIJCUX,PURJAO,0.8531913195451215
FIJCUX,GAWMOJ,0.8531718695685989
FIJCUX,TACJEO,0.8493761018521517
FIJCUX,XOHNEO,0.849248366880982
FIJCUX,LEBQUH,0.8456852424300748
FIJCUX,NISCOJ,0.8452370562133922
FIJCUX,HOKLIE,0.8392673496311709
NAWXER,PIWLAL,0.9039032496670912
NAWXER,ORIBAU,0.8872051223383426
NAWXER,FIJCUX01,0.8871182953624747
NAWXER,GATBUZ,0.886044164314928
NAWXER,VEGMOK04,0.886042789334224
NAWXER,IFABIA,0.8855078530274633
NAWXER,IFABIA01,0.8853945384642625
NAWXER,PEVQOY,0.882267234868738
NAWXER,VUSKEA,0.8819616479738627
NAWXER,PEVQIS,0.8818833428279685
NAWXER,MIBQAR07,0.8818756093903907
NAWXER,MIBQAR01,0.8817734257944044
NAWXER,LAWFOF,0.8817462040978088
NAWXER,LAWGOG,0.8817280422794069
NAWXER,SAHYIK,0.8816996461355299
NAWXER,JENKET,0.8688415416206634
NAWXER,GUGNON,0.868669017481043
NAWXER,BABRII,0.8664455209583404
NAWXER,QEDZEG,0.859010224053405
NAWXER,RUYGOJ,0.858906107972502
NAWXER,UYAPOA,0.8584668585334508
NAWXER,VOLRAQ,0.858327061286502
NAWXER,PUGSER,0.8499028118400236
NAWXER,DITTEH,0.8490678865707556
NAWXER,XAFFAN,0.8415114351944134
NAWXER,VAGMEX,0.8414992292677408
NAWXER,YOCGAZ,0.8414848729906321
NAWXER,NOXMAQ,0.8414134340381347
NAWXER,ODODIW,0.8413995975587889
NAWXER,XAFFER,0.8411989117405277
NAWXER,BOLPAU,0.8411614937899197
NAWXER,WUMDIT,0.8401354848023226
PUGSER,DITTEH,0.9986527668620904
PUGSER,REBVIG,0.9730883118423004
PUGSER,GUGNON,0.947528393455486
PUGSER,BABRII,0.944821221157757
PUGSER,VOLRAQ,0.9359757055781708
PUGSER,UYAPOA,0.9358362602106722
PUGSER,YOZYUJ,0.9329998637285072
PUGSER,PIWLAL,0.9325810769911952
PUGSER,PIWLIT,0.9320313417671018
PUGSER,DUZPUL,0.924535618097338
PUGSER,QUQFEO,0.9184020342942448
PUGSER,JEDVIA,0.887216478795734
PUGSER,ORIBAU,0.8871159061288483
PUGSER,NANYUX03,0.8871003068735328
PUGSER,VEHKAW,0.8870902621901533
PUGSER,NANYUX01,0.8870615552750872
PUGSER,FIJCUX01,0.8869638882921067
PUGSER,FUVBAB,0.8868076583038204
PUGSER,REGREC,0.885904851526453
PUGSER,VEGMOK01,0.8856097828818811
PUGSER,GATBUZ,0.8855669259744148
PUGSER,VEGMOK04,0.8855652777427512
PUGSER,NIWYID,0.8851555010679282
PUGSER,IFABIA,0.8849423513793999
PUGSER,QEDZEG,0.8847403505623618
PUGSER,RUYGOJ,0.8847195673238416
PUGSER,IFABIA02,0.8846526916811501
PUGSER,IFABIA03,0.8845596976258704
PUGSER,IJEXIF01,0.8839652862301565
PUGSER,GOSDUP,0.8830612736010442
PUGSER,VUSKEA,0.8809593455104026
PUGSER,MIBQAR15,0.8808833286439471
PUGSER,PEVQIS,0.8808700237176028
PUGSER,MIBQAR07,0.8808533645124577
PUGSER,LAWFOF,0.880725056449668
PUGSER,LAWGOG,0.8807049626867192
PUGSER,SAHYIK,0.8806679158366756
PUGSER,JAYXAL,0.8716382161474405
PUGSER,YICQOS,0.8659845973569151
PUGSER,NOXMAQ,0.8659514903331944
PUGSER,VAGMEX,0.8658434207611594
PUGSER,XAFFER,0.8653518242631926
PUGSER,OKELOH,0.856618501204185
PUGSER,HIFGIO,0.8496785462329516
PUGSER,NIKHAS,0.8494218271792223
PUGSER,UBUMAH,0.8486131769585918
PUGSER,QOZSIJ,0.8468367735242164
PUGSER,YOGKOW,0.8453690816431001
PUGSER,MUWRUT,0.8419861804433544
PUGSER,DOYHIK,0.8415645128392544
PUGSER,IGUFOH,0.8394653954969603
PUGSER,NUFBEX,0.8378972346414872
VEGMOK01,VEGMOK03,0.9999996737026942
VEGMOK01,REDROI,0.9999716344269144
VEGMOK01,IFABIA,0.9999441164971962
VEGMOK01,IFABIA02,0.9997878340693548
VEGMOK01,IFABIA03,0.9997775368388816
VEGMOK01,IFABIA01,0.9997656003740408
VEGMOK01,FIJCUX01,0.999479176958203
VEGMOK01,PEVQOY,0.9986669370070878
VEGMOK01,MIBQAR15,0.998468719214187
VEGMOK01,PEVQIS,0.9984620842687902
VEGMOK01,MIBQAR12,0.998457700950972
VEGMOK01,MIBQAR01,0.9984047246483312
VEGMOK01,LAWGOG,0.998380532304901
VEGMOK01,PIWLIT,0.9471179525837112
VEGMOK01,ROZXEL,0.9468585300283852
VEGMOK01,PIWLAL,0.9468001328568632
VEGMOK01,YOCGAZ,0.90824486062595
VEGMOK01,HUTZAX01,0.9081779087917592
VEGMOK01,BABRII,0.9080163409478358
VEGMOK01,NEHGIS,0.9078473949613708
VEGMOK01,WUHNUK,0.9071309671796712
VEGMOK01,AWEYAE,0.9067085594129326
VEGMOK01,UYAPOA,0.9032424131226514
VEGMOK01,ACODIH,0.8972373218967311
VEGMOK01,NIYZIG,0.897041270162912
VEGMOK01,PICCUC,0.8968634497542773
VEGMOK01,RUYGOJ,0.8952615434471876
VEGMOK01,SACHIP,0.8915982000117626
VEGMOK01,DITTEH,0.8872788549691104
VEGMOK01,UKOLOV,0.887262636599486
VEGMOK01,EKEKEL,0.8858617778397867
VEGMOK01,WORKUL,0.8849564376996701
VEGMOK01,QAQSAD,0.884903832270485
VEGMOK01,USAHAZ,0.8838599311759989
VEGMOK01,FECYUJ,0.8837587861541245
VEGMOK01,WUMDIT,0.8779546809749585
VEGMOK01,ZARLIP,0.8773518276198383
VEGMOK01,VAGMEX,0.8770529181788508
VEGMOK01,XAFFAN,0.8769226267657737
VEGMOK01,MEWPIQ,0.876810906299153
VEGMOK01,DUPKAC,0.8767889984748152
VEGMOK01,NOXMAQ,0.8759927669299414
VEGMOK01,ZARLEL,0.875760959436189
VEGMOK01,ULISOZ,0.8749901152381645
VEGMOK01,NIWYID,0.8749727102346092
VEGMOK01,FUTZEB,0.8748583345101985
VEGMOK01,IJEXIF01,0.874721769595892
VEGMOK01,NIWYOJ,0.8745893406682803
VEGMOK01,VEHJUP,0.8744935917273843
VEGMOK01,ACIBOE,0.8743429432056785
VEGMOK01,NANYUX01,0.8743121497008811
VEGMOK01,VEHKAW,0.8742835875212897
VEGMOK01,NANYUX03,0.8742684270326105
VEGMOK01,NENHEU,0.8729345178645067
VEGMOK01,JEDVIA,0.8724879616618134
VEGMOK01,OKELOH,0.8691618743844274
VEGMOK01,PEGCIP,0.8688683757509899
VEGMOK01,XEGXIT,0.8675003269480687
VEGMOK01,XEGWAK,0.8674939153201924
VEGMOK01,SAVMAE,0.862459116355266
VEGMOK01,UBUMAH,0.8610886883366962
VEGMOK01,HUVGEM,0.8608496148283096
VEGMOK01,XENMIO,0.8608386660584684
VEGMOK01,LOWQIX,0.8607534542542159
VEGMOK01,WIMWIA,0.8607045147097988
VEGMOK01,EGIKUB01,0.8600393293190218
VEGMOK01,YICQOS,0.859320849342048
VEGMOK01,HIFGIO,0.8591893167875375
VEGMOK01,DUFLOH,0.8585714334287193
VEGMOK01,IGUFOH,0.8578193243356249
VEGMOK01,CIQHOC,0.8541979099006467
VEGMOK01,GAWMOJ,0.8535506508909269
VEGMOK01,PURJAO,0.8535486993772281
VEGMOK01,PURJES,0.8529656864660506
VEGMOK01,XOHNEO,0.8520098832019924
VEGMOK01,TACJEO,0.8513120379697139
VEGMOK01,IGINIX,0.8463908027942557
VEGMOK01,NISCOJ,0.8462373774189053
VEGMOK01,REBVIG,0.8401743990566891
VEGMOK01,HOKLIE,0.8396824401333023
VEGMOK01,MACHIJ,0.8396652451088376
BIPXIK,AHETAK,0.9999978740020984
BIPXIK,BOWDUO,0.9999964998121104
BIPXIK,VEDFAN,0.9999848840970836
BIPXIK,EXUXEC,0.9999823017516536
BIPXIK,VEDFIV,0.9999397087635016
BIPXIK,VEDGIW,0.9999338046688444
BIPXIK,VEDGES,0.9999221264079554
BIPXIK,OJOBAS,0.9998553122342076
BIPXIK,ABAVIJ,0.999505043662037
BIPXIK,TATSIS01,0.9994563963218214
BIPXIK,LASMAV,0.99892852894342
BIPXIK,ABAVUV,0.9984402546191518
BIPXIK,YIGGEB,0.997666362008572
BIPXIK,DIDBOJ,0.9229767886370958
BIPXIK,JODGIU,0.9229409021830218
BIPXIK,DIDBAV,0.9227614146483304
BIPXIK,ERUNOW,0.9225368633734335
BIPXIK,JODGOA,0.893924423128978
BIPXIK,BUKLOJ,0.8833737165007349
BIPXIK,FEVDER,0.8792570418647964
BIPXIK,AZIHOI,0.8790220599836458
BIPXIK,BAKJOO,0.8789964103417254
BIPXIK,LIDSIC,0.8788763082256038
BIPXIK,BAKJEE,0.8786775942869989
BIPXIK,XALMOO,0.8601991796597694
BIPXIK,YATDOP,0.8598763578000945
BIPXIK,NIDFOX,0.8542675181736156
BIPXIK,FUMJAZ01,0.8541929870057822
BIPXIK,FUMJAZ,0.85403871598359
BIPXIK,DIQHAO,0.8537188491500032
BIPXIK,MOXDOT01,0.8443547694282736
BIPXIK,HURGOR,0.844190936324499
BIPXIK,NERVIP01,0.8439234425110361
BIPXIK,RAKBIO02,0.8433834222464367
BIPXIK,RAKBIO,0.8433735461040537
BIPXIK,WOPWOP,0.8432662007866192
BIPXIK,VOCKUT,0.8431494932436583
BIPXIK,NERVEL,0.8431068937127173
BIPXIK,CANROA,0.8429967085734122
BIPXIK,NERVIP,0.8429101141509945
BIPXIK,KOHLIE,0.8428939581831109
BIPXIK,YIRSUQ,0.8423882761575452
BIPXIK,CEJFOO,0.8418130007961905
MOXDOT01,HURGOR,0.9999514944376648
MOXDOT01,DERBIO,0.9998987841444148
MOXDOT01,AXINAX01,0.95643198182443
MOXDOT01,CIFMAH,0.9552284940745012
MOXDOT01,NIGPEA,0.9551497376877626
MOXDOT01,MIHJUL,0.9541919667536072
MOXDOT01,HELDOT,0.9539822593448806
MOXDOT01,NIGPAW,0.9463756193920038
MOXDOT01,BUKLOJ,0.9447597934711915
MOXDOT01,DIBQEM,0.9425182735449112
MOXDOT01,FISQIK,0.9330075982925043
MOXDOT01,FISQEG,0.932190852164904
MOXDOT01,ERUNUC,0.92252504453107
MOXDOT01,JODGIU,0.9221754306691724
MOXDOT01,ERUNOW,0.922128286806746
MOXDOT01,DIDBOJ,0.922119793850148
MOXDOT01,DIDBEZ,0.9220865961263752
MOXDOT01,DIDBID,0.922007458909162
MOXDOT01,DIDBAV,0.921892840209072
MOXDOT01,XAFFIV,0.9211229048820468
MOXDOT01,NOMPOW,0.9029966293704356
MOXDOT01,WEMKEG,0.8998933728955882
MOXDOT01,SEQSOY,0.88567855367835
MOXDOT01,TAHYUZ,0.8853151711725262
MOXDOT01,HALVEY,0.8852853881439056
MOXDOT01,RUYGAV,0.8848023771307826
MOXDOT01,HAJYAV,0.8828814127209113
MOXDOT01,CAQJOW,0.882845278529223
MOXDOT01,LUWZUZ01,0.8759318153203023
MOXDOT01,XUBKOU,0.875357621923982
MOXDOT01,FAHQIR,0.8676121065610389
MOXDOT01,VEFMAW,0.8650947251603458
MOXDOT01,CANROA,0.8650736579259257
MOXDOT01,KOHDIW,0.8650718241410744
MOXDOT01,WUHMUJ,0.8649924359555919
MOXDOT01,XAMGUQ,0.8648592740716875
MOXDOT01,DIQHAO01,0.8553871085980884
MOXDOT01,DIQHAO,0.8516127273305499
MOXDOT01,POSGUB,0.8477252924860027
MOXDOT01,VODNOS,0.8444230605557156
MOXDOT01,CIJBEE,0.8444224021981294
MOXDOT01,VEDGES,0.8444197950854395
MOXDOT01,VEDFOB,0.8444124183070241
MOXDOT01,OJOBAS,0.8444093119253334
MOXDOT01,VEDGAO,0.8444088618915734
MOXDOT01,CEYPUT,0.8444078151528428
MOXDOT01,VEDFAN,0.8444032867325062
MOXDOT01,BOWDOI,0.8443978042522395
MOXDOT01,VEDFER,0.8443890760976681
MOXDOT01,CEYPUT01,0.8443701232782619
MOXDOT01,ABAVIJ,0.8436374699433262
MOXDOT01,TATSIS,0.8433470482593434
MOXDOT01,ERUNIQ,0.843123089159619
MOXDOT01,XIHSAJ,0.8430825564994638
MOXDOT01,LASMAV,0.842742042659153
MOXDOT01,VEFLUP,0.8424784825619539
MOXDOT01,TONBOO,0.8421712832714053
MOXDOT01,VASYEW,0.8416630246337711
LAYWOA,DEKBON,0.9996237659541548
LAYWOA,ANUGEW,0.9996135134979132
LAYWOA,ANUGOG,0.983857782596712
LAYWOA,ANUGIA,0.9796922530293388
LAYWOA,KIJRUS,0.970936304907686
LAYWOA,HOYQIX,0.9685345051736588
LAYWOA,IPUPIU,0.9680021689687984
LAYWOA,BAZFUF01,0.9665646749086694
LAYWOA,QOWRAV10,0.954505814567436
LAYWOA,QOWRAV11,0.95447258998738
LAYWOA,QOWRAV12,0.9544644063283644
LAYWOA,QOWRAV08,0.9544479919689368
LAYWOA,QOWRAV07,0.954422381490046
LAYWOA,QOWRAV03,0.954341416795019
LAYWOA,QOWRAV04,0.9543336887910518
LAYWOA,QOWRAV02,0.9543253116398002
LAYWOA,EXOGAB,0.9458593733449924
LAYWOA,LAQNID,0.9258401315083016
LAYWOA,MIKVEK,0.9190708467677452
LAYWOA,ORAWAH,0.909547298715204
LAYWOA,FISGOF,0.9054543986560664
LAYWOA,YUSWEP,0.9012069593802368
LAYWOA,EPISOM,0.885861714654105
LAYWOA,ENIHUG,0.8852436636312395
LAYWOA,ENIHUG01,0.8851253293064091
LAYWOA,NAPSUV,0.8822750396560625
LAYWOA,RUJMEQ,0.8763701567922683
LAYWOA,HAYXIR,0.8754344328447883
LAYWOA,SEMNIJ,0.8664874981910333
LAYWOA,CEKHUY,0.8659166472423732
LAYWOA,NEMCOA,0.8658380511842754
LAYWOA,WURNOO,0.8653459948086805
LAYWOA,KAGJOS,0.8651022789126396
LAYWOA,ICAGOK,0.8637359314308024
LAYWOA,SIXNEV,0.8633362401941638
LAYWOA,SIXNOF,0.8632416732763994
LAYWOA,SIXNIZ,0.8626293923840069
LAYWOA,ASIVAB,0.8624988814264138
LAYWOA,KIRFOI,0.8574281548769243
LAYWOA,QIZLOC,0.854949700127196
LAYWOA,OHOMIH,0.8549435590486085
LAYWOA,NEHZUY,0.8549426310360956
LAYWOA,QIZLIW,0.8540694451711773
LAYWOA,WULJUJ,0.8514682485036138
LAYWOA,DOTSOV02,0.8514521649863963
LAYWOA,DOTSOV16,0.8511283765083547
LAYWOA,DOTSOV12,0.8511283539958185
LAYWOA,DOTSOV08,0.8511283109165783
LAYWOA,DOTSOV14,0.8511251464767527
LAYWOA,DOTSOV10,0.8511247136951687
LAYWOA,DOTSOV13,0.8511208566081622
LAYWOA,XAMDUM02,0.8504533776404775
LAYWOA,XAMDUM03,0.8503487592220194
LAYWOA,RILFEA,0.8502047424675085
LAYWOA,UXISUR,0.850165536652751
LAYWOA,LUDLED,0.8501196059847641
LAYWOA,XAMDUM06,0.8501027372977454
LAYWOA,XAMDUM07,0.8500069466544228
LAYWOA,YOZMOR,0.8498705571944682
LAYWOA,DIHVIB,0.8497971246715459
LAYWOA,YOZPAG,0.849513858458757
LAYWOA,QAWHIH01,0.8456578824740344
LAYWOA,SIXNUL,0.8426705767614813
LAYWOA,WARXUL,0.8423262247493664
LAYWOA,HANWAW,0.8418290434722631
TUDJUY,TUDKEJ,0.9999992553111025
TUDJUY,SEFTOO,0.9999990906619244
TUDJUY,NIFNOI,0.9999980189544926
TUDJUY,SEFWEH,0.99998562110606
TUDJUY,NIFRAY,0.999975136201973
TUDJUY,SEFVEG,0.9999643657043852
TUDJUY,SEFVEG02,0.9999639889372212
TUDJUY,NIFQIF,0.999942430926624
DOTSOV29,DOTSOV30,0.9999999983407376
FALTUK,FAMQAO,0.9999999873342345
FALTUK,FAMPUH,0.9999983917063346
FALTUK,FAMQES,0.99999434537313
FALTUK,MAVRAE,0.9141854940693774
FALTUK,LASYOU,0.8947284940903828
FALTUK,VIXPUP,0.8871808671060814
FALTUK,ORAWAH,0.8820206952142791
FALTUK,IDUSIM,0.8804473496244203
FALTUK,IDUSIM01,0.8802887020947462
FALTUK,UNACES,0.8801880945206983
FALTUK,UNACIW,0.8800934874570974
FALTUK,IDUSIM02,0.8800640400137973
FALTUK,UNABUH,0.8800133440224558
FALTUK,IDUTIN,0.8798045921401252
FALTUK,IDUTEJ,0.8797399808018264
FALTUK,MIKVEK,0.8792827424750658
FALTUK,ONIXOZ,0.8740607715486521
FALTUK,OFOCUI,0.8603428535584811
FALTUK,EXOGAB,0.8601656840351085
FALTUK,MOCKEV,0.8601472184808449
FALTUK,XIJSUH,0.8601453119527788
FALTUK,DIHVIB,0.8535533258013862
FALTUK,YOZMOR,0.8535531093950806
FALTUK,XAMDUM07,0.853551807904086
FALTUK,YOZNIM,0.8535508609427831
FALTUK,UXISUR,0.8535476822330094
FALTUK,DIHVIB01,0.8535476442142199
FALTUK,XAMDUM01,0.8535463332318263
FALTUK,XAMDUM03,0.8535395465921464
FALTUK,XAMDUM04,0.8535320485786044
FALTUK,XAMDUM05,0.8535317870218275
FALTUK,DOTSOV13,0.8534603473045645
FALTUK,DOTSOV14,0.8534596929305326
FALTUK,DOTSOV12,0.8534591929880573
FALTUK,DOTSOV08,0.8534591878214308
FALTUK,DOTSOV16,0.8534591775925433
FALTUK,TISPAO,0.8534104845696037
FALTUK,QAWHIH01,0.8529344584253888
FALTUK,DOTSOV02,0.8523470848341841
FALTUK,OQIZUL,0.8521522634997614
FALTUK,PIDRAY,0.8520322511055144
FALTUK,QIZLIW,0.8518495635937132
FALTUK,GAVDUD,0.8496369482313941
FALTUK,NEHZUY,0.8495689108281552
FALTUK,OHOMIH,0.8470088345787026
FALTUK,YOZNOS,0.8455265579201005
FALTUK,HOYQIX,0.8422562866235663
FALTUK,IPUPOA,0.8397548776868019
VEMTAJ01,DUVNIS,0.9999995290290014
GERWEH,YOZPAG,0.9082468760980942
GERWEH,YOZNAE,0.9082426694118184
GERWEH,YOZMOR,0.9082424014800592
GERWEH,YOZNIM,0.908233844753954
GERWEH,XAMDUM06,0.9082309544712712
GERWEH,DIHVIB01,0.9082273135152344
GERWEH,YOZMEH,0.908227172723104
GERWEH,UXISUR,0.908227161039194
GERWEH,XAMDUM01,0.9082249158247658
GERWEH,RILFEA,0.9082245718024392
GERWEH,XAMDUM03,0.908213615066993
GERWEH,XAMDUM05,0.9082023065492276
GERWEH,XAMDUM02,0.9081950956227024
GERWEH,DOTSOV14,0.9081096157227004
GERWEH,DOTSOV10,0.9081094611040524
GERWEH,DOTSOV12,0.9081090100698792
GERWEH,DOTSOV08,0.908108782269932
GERWEH,QAWHIH,0.9076941067510174
GERWEH,WULJUJ,0.9070405903667887
GERWEH,DOTSOV02,0.9070194183923544
GERWEH,QIZLIW,0.9063706199498044
GERWEH,GAVDUD,0.9040725822466578
GERWEH,NEHZUY,0.9040011624193222
GERWEH,QIZLOC,0.9015616869282628
GERWEH,YOZNOS,0.9005376492090907
GERWEH,LASYOU,0.86469052661193
GERWEH,DALSOA,0.8534689607945372
GERWEH,BABREE,0.8523627177164187
GERWEH,KANMIX,0.8429967281141608
GERWEH,XEDMEB,0.8424370612415835
GERWEH,IWEVAJ,0.8416120538926175
GERWEH,RAWYAS,0.8414870552656296
GERWEH,CITXUZ,0.840982430258425
GERWEH,EMUBIZ,0.8391075384868114
PEGCIP,PIWLAL,0.8853371699223174
PEGCIP,ROZXEL,0.8853355029304508
PEGCIP,ORIBAU,0.8692187689039992
PEGCIP,KOZNEU,0.8690269728571549
PEGCIP,GATBUZ,0.868847197731283
PEGCIP,VEGMOK04,0.8688463778001385
PEGCIP,VEGMOK03,0.8688450421504733
PEGCIP,IFABIA02,0.8682975837427642
PEGCIP,IFABIA03,0.8682463999650681
PEGCIP,PEVQOY,0.8660689339355682
PEGCIP,VUSKEA,0.8658222887024445
PEGCIP,MIBQAR01,0.8656696149047184
PEGCIP,SAHYIK,0.8656058554240573
PEGCIP,GUGNON,0.8517627662187508
PEGCIP,JENKET,0.8517068728049279
PEGCIP,VOLRAQ,0.8438687231797249
PEGCIP,UYAPOA,0.8436770482324227
PEGCIP,QEDZEG,0.8419920271755483
PEGCIP,RUYGOJ,0.8417215282274204
GOSDUP,PIWLIT,0.9144126074612728
GOSDUP,ROZXEL,0.914191626316391
GOSDUP,GUGNON,0.905070564928291
GOSDUP,JENKET,0.9047361941076733
GOSDUP,HIFGIO,0.9046632382751004
GOSDUP,UYAPOA,0.900635430569355
GOSDUP,VOLRAQ,0.9003209528861555
GOSDUP,IFABIA01,0.8972260289928751
GOSDUP,IFABIA02,0.8972242590600293
GOSDUP,IFABIA03,0.8971982816669
GOSDUP,KOZNEU,0.8971735612516492
GOSDUP,VEGMOK03,0.8971702848757888
GOSDUP,ORIBAU,0.8965415019948786
GOSDUP,VUSKEA,0.895506835088824
GOSDUP,MIBQAR07,0.8954723530485118
GOSDUP,MIBQAR15,0.8954681375795425
GOSDUP,PEVQIS,0.8954669476270269
GOSDUP,MIBQAR12,0.8954538289108018
GOSDUP,MIBQAR01,0.895399724325091
GOSDUP,LAWGOG,0.8953726502946365
GOSDUP,SAHYIK,0.8953636152730351
GOSDUP,RUYGOJ,0.8663501572424068
GOSDUP,VAGMEX,0.8494824873073815
GOSDUP,XAFFAN,0.8493617798650732
GOSDUP,NOXMAQ,0.8484949670103503
GOSDUP,TADWIG,0.8483859552412725
CANYIB,BAKJEE,0.9992720195245548
CANYIB,LIDSIC,0.9990157953267952
CANYIB,BAKJOO,0.9988049526095316
CANYIB,FEVDER,0.9749512018952144
CANYIB,SIDXOV,0.960019621124984
CANYIB,ERUNOW,0.9090177009142066
CANYIB,JODGIU,0.9071826987421664
CANYIB,DIDBEZ,0.9070139274832748
CANYIB,KESFIA,0.9037098708106434
CANYIB,FUMJAZ01,0.8996749674227662
CANYIB,FUMJAZ,0.89945471024627
CANYIB,XEVXUT,0.89577385679973
CANYIB,FISQEG,0.891127289425901
CANYIB,XALMII,0.887179118307794
CANYIB,AGAFAS,0.8856303262060845
CANYIB,VASYEW,0.8837699167229571
CANYIB,XALMOO,0.8833809592229145
CANYIB,XUDVAV,0.8826401081271259
CANYIB,CEYPUT01,0.8777641499773138
CANYIB,CEYPUT,0.8777300347109209
CANYIB,OJOBAS,0.8777147033682183
CANYIB,VODNOS,0.8774384216023825
CANYIB,VEDGES,0.877428871217388
CANYIB,VEDGIW,0.8773909834531038
CANYIB,VEDFIV,0.8772423916330111
CANYIB,VEDFOB,0.8771478999381961
CANYIB,VEDGAO,0.8770594656879412
CANYIB,VEDFER,0.8770351642300678
CANYIB,VEDFAN,0.8769982544438426
CANYIB,VEDFUH,0.8769066421921504
CANYIB,EXUXEC,0.876173367367291
CANYIB,DIQHAO01,0.8756121341474926
CANYIB,KEJWAY,0.8751933768417464
CANYIB,ABAVIJ,0.8747309148584038
CANYIB,BIKMAL,0.8744016481240056
CANYIB,TATSIS01,0.8739439340239226
CANYIB,BIKMAL01,0.8733727214624489
CANYIB,LASMAV,0.8721847427126166
CANYIB,NIDFOX,0.8705942324267397
CANYIB,DIQHAO,0.8697016024116293
CANYIB,JEDVUM,0.861060985225937
CANYIB,XAPSIS,0.8607579657265895
CANYIB,PUNYED,0.8504337976814638
CANYIB,ABAYOU,0.8495067421494653
CANYIB,YIRSUQ,0.8467996435282222
CANYIB,DIBQOW,0.8440311833898158
ETEKEU,QETSOY,0.8672430146527303
UZATAR,VIDXOX,0.997767873245376
RUGXUO,NIWYID,0.933006856802816
RUGXUO,PERQUB,0.933004777192828
RUGXUO,REGREC,0.9329630800736268
RUGXUO,VEHJUP,0.9326336191868542
RUGXUO,FUVBAB,0.9325254079074894
RUGXUO,NIWYOJ,0.9324655136020564
RUGXUO,ACIBOE,0.9321852244218626
RUGXUO,NANYUX01,0.9321620525491812
RUGXUO,VEHKAW,0.932123231857165
RUGXUO,NANYUX03,0.9321037365125912
RUGXUO,FUTZAX,0.931430075514694
RUGXUO,KUNLEL,0.929766616015257
RUGXUO,RUPVAB,0.92381953619867
RUGXUO,YOZYUJ,0.8856476908306057
RUGXUO,DUZPUL,0.8849846955130231
RUGXUO,QUQFEO,0.8747764946074789
RUGXUO,QOPZIF,0.8635256615656296
RUGXUO,EXOXUL,0.8567183126414994
RUGXUO,FUDGIW,0.8533229511012562
RUGXUO,JOVYAW,0.8531368139400031
RUGXUO,KEFBOO,0.8489625439585448
RUGXUO,DUNXUH13,0.8439430907756488
RUGXUO,DUNXUH,0.8439047175953005
RUGXUO,DUNXUH15,0.8438988475148287
RUGXUO,WIMWIA,0.8435275334682759
RUGXUO,EGIKUB01,0.8431212447884424
ATIJOC,ALUJEX,0.9952861871159112
FISQIK,FISQEG,0.9990436425928032
FISQIK,AXINAX01,0.947989158692842
FISQIK,DIBQIQ,0.9478479790081352
FISQIK,CIFMAH,0.9469340169659656
FISQIK,DIBQOW,0.9463101788652686
FISQIK,MIHJUL,0.9459542691865273
FISQIK,NIGPAW,0.9374760760600156
FISQIK,DERBIO,0.9329517747606338
FISQIK,VASYEW,0.9199380377057188
FISQIK,AGAFAS,0.9182426190883342
FISQIK,BAKJOO,0.8962705301600107
FISQIK,TIDNIF,0.8938796659064172
FISQIK,XAPSIS,0.8868475310489792
FISQIK,CIPLIX,0.8863507270466787
FISQIK,BUKLOJ,0.8846162568090894
FISQIK,PUNYED,0.8833667072473607
FISQIK,FEVDER,0.8727335990067162
FISQIK,BEPRIZ,0.87246561350033
FISQIK,AZIHOI,0.8722768750677989
FISQIK,NOMPOW,0.8720801709951083
FISQIK,NOMPIQ01,0.8719147253825864
FISQIK,NOMPIQ,0.8718708391736861
FISQIK,CIKPEU,0.8718467382341525
FISQIK,ERUNUC,0.8659379371798939
FISQIK,ERUNOW,0.8656042548577054
FISQIK,JODGIU,0.8655516474678826
FISQIK,DIDBEZ,0.8654584375907409
FISQIK,CAXZOS,0.8654500586207514
FISQIK,DIDBID,0.8653783612933617
FISQIK,SIDXOV,0.8640911551225943
FISQIK,CAQKAJ01,0.8573837720063595
FISQIK,HAJYAV,0.8548641917123878
FISQIK,QUSVOQ,0.8495397625192351
FISQIK,DIQHAO01,0.8484392796778917
FISQIK,DIQHAO,0.844553190400925
FISQIK,BIKMAL,0.8425400933222056
FISQIK,FAHQIR,0.8408372849879308
FISQIK,QIQTOB,0.8405382474823561
CIFMAH,NIGPEA,0.9999987076173102
CIFMAH,DIBQOW,0.9999276562787514
CIFMAH,MIHJUL,0.99984004325637
CIFMAH,HELDOT,0.9997804751646272
CIFMAH,DIBQIQ,0.999575462209974
CIFMAH,AXINAX01,0.9989189298925558
CIFMAH,DIBQEM,0.9768708765111588
CIFMAH,DERBIO,0.9558256385123846
CIFMAH,HURGOR,0.9556635164062444
CIFMAH,FISQEG,0.9439771143866418
CIFMAH,NOMPOW,0.9138106195041268
CIFMAH,NOMPIQ01,0.9134771079493552
CIFMAH,NOMPIQ,0.913390273316624
CIFMAH,CIKPEU,0.9133432204377776
CIFMAH,ERUNOW,0.8855743207441136
CIFMAH,ERUNUC,0.8850003889826661
CIFMAH,JODGIU,0.8841233768316067
CIFMAH,DIDBEZ,0.8839712823996618
CIFMAH,DIDBID,0.8838810225016817
CIFMAH,DIDBOJ,0.8836845235963335
CIFMAH,DIDBAV,0.8834098439015955
CIFMAH,AGAFAS,0.8788742631070626
CIFMAH,CAQKAJ,0.8767108807640335
CIFMAH,TAHYUZ,0.875573014215421
CIFMAH,HALVEY,0.8751305474415783
CIFMAH,FEXCAO01,0.8716783030116843
CIFMAH,YATDOP,0.8715330044354145
CIFMAH,CAQJOW,0.8697478167670183
CIFMAH,XALMOO,0.8692131307492116
CIFMAH,FEVDER,0.8662201390551094
CIFMAH,AZIHOI,0.8650834778342728
CIFMAH,KESFIA,0.8648431912782019
CIFMAH,WEMKEG,0.8631189182660302
CIFMAH,VASYEW,0.8582443227497282
CIFMAH,NIDFOX,0.857566257330298
CIFMAH,DIQHAO,0.8567301619954051
CIFMAH,FAHQIR,0.8558050372632563
CIFMAH,QIQTOB,0.8552688740996782
CIFMAH,RUYGAV,0.8533208865729731
CIFMAH,SIDXOV,0.8526049413739224
CIFMAH,ONOCUR,0.848289018192728
CIFMAH,BAKJEE,0.8436976567985552
CIFMAH,BAKJOO,0.8433626005049051
CIFMAH,JEDVUM,0.840205685805577
CIFMAH,XAPSIS,0.8400798906633468
CIFMAH,TIDNIF,0.8399118857175147
CIFMAH,LUWZUZ02,0.8378422998941533
BUKMUQ01,LUPCOQ,0.9121304941096342
BUKMUQ01,NANYUX03,0.8850763160579196
BUKMUQ01,VEHKAW,0.8850742914898064
BUKMUQ01,ACIBOE,0.8850732791162755
BUKMUQ01,NANYUX01,0.8850637510550906
BUKMUQ01,NIWYOJ,0.8850235498224748
BUKMUQ01,FUVBAB,0.8850024323198693
BUKMUQ01,FUTZAX,0.8849934553918112
BUKMUQ01,FUTZEB,0.8848314105223174
BUKMUQ01,JEDVIA,0.8845667766509684
BUKMUQ01,REGREC,0.8845107051915116
BUKMUQ01,ULISOZ,0.8841345096833693
BUKMUQ01,NIWYID,0.8840031143694893
BUKMUQ01,PERQUB,0.8839907280153338
BUKMUQ01,KUNLEL,0.8774231488526198
BUKMUQ01,YOZYUJ,0.844324082863178
BUKMUQ01,UFOFUT,0.8441601758496446
BUKMUQ01,XALXIS01,0.8395262133052304
BUKMUQ01,DUZPUL,0.8382411418834469
JALLOA,AWOFOI,0.9933628815594292
JALLOA,OPURIB,0.9078259709004242
JALLOA,BIYTAG,0.8840541404116282
JALLOA,IJORUV,0.8838968968654388
JALLOA,ALUJIB,0.867473070853247
JALLOA,QAMVEH,0.840057786394829
XAFFER,UWAGAB04,0.999977384445576
XAFFER,KEDQAN,0.9997941015486728
XAFFER,VAGMEX,0.9998094876868726
XAFFER,IGUFOH,0.9776974011147572
XAFFER,VIKBUP,0.9628235532712076
XAFFER,GUGNON,0.8857478198254092
XAFFER,JENKET,0.8856316223827214
XAFFER,VOLRAQ,0.8785119207332238
XAFFER,KOZNEU,0.8778210804351101
XAFFER,GATBUZ,0.8776783477587334
XAFFER,IFABIA,0.877395267410095
XAFFER,IFABIA02,0.8771861434225874
XAFFER,IFABIA03,0.8771427611210252
XAFFER,PEVQOY,0.8751686858708835
XAFFER,MIBQAR07,0.8748640252735713
XAFFER,LAWFOF,0.874774838148388
XAFFER,SAHYIK,0.8747347718113295
XAFFER,RUYGOJ,0.874603400787553
XAFFER,UKOLOV,0.8658531034931597
XAFFER,WUMDIT,0.8567635854897308
XAFFER,DIRPOL,0.8559283332832496
XAFFER,DUPKAC,0.854577168957389
XAFFER,QEDZEG,0.8498871837065571
XAFFER,NIKHAS,0.8415619503883403
AJIJEI,MITSUE,0.9200835893912218
AJIJEI,MITSIS,0.9200829410938104
AJIJEI,PARKUQ01,0.9200347259307192
AJIJEI,PARKUQ,0.9200333031426536
AJIJEI,KUJMIN,0.9200010022396004
AJIJEI,MITSEO,0.9194166483318552
AJIJEI,CEHKUW,0.9193980774333032
AJIJEI,SIZGEO,0.9192657893114324
AJIJEI,NABLIM,0.9182490631547796
AJIJEI,MINBEQ,0.8523683387493215
AJIJEI,FESYEK,0.8429937370907282
AJIJEI,LIQFEY,0.8424648439269751
AJIJEI,MICJOA,0.8421253173233714
AJIJEI,GERWOR,0.8410030932537375
NUFBOH,DOYHOQ,0.9998754211562582
NUFBOH,NUFCAU,0.9974230667787404
NUFBOH,DOYHIK,0.9946752534886144
NUFBOH,APACAX,0.951265298766165
NUFBOH,NUCPIM,0.906475932488514
NUFBOH,JAYXAL,0.9049240427152778
NUFBOH,OKELOH,0.893573663711303
NUFBOH,UFOFUT,0.8924625248863212
NUFBOH,IRELAU,0.8921751069860115
NUFBOH,VEHJUP,0.8778434840131665
NUFBOH,PERQUB,0.8772067500444287
NUFBOH,NIWYID,0.8772001411169237
NUFBOH,KUNLEL,0.8771938661617544
NUFBOH,REGREC,0.876625842467067
NUFBOH,FUTZEB,0.8759728223073338
NUFBOH,FUVBAB,0.8753003681411871
NUFBOH,NIWYOJ,0.8751619592265161
NUFBOH,NANYUX01,0.874538754642527
NUFBOH,NANYUX03,0.8744054112552658
NUFBOH,FUTZAX,0.8731687510172842
NUFBOH,JEDVIA,0.8711348178496633
NUFBOH,XOHNEO,0.8410398684005849
NUFBOH,SOSQIC01,0.8409583698975058
NUFBOH,DITTEH,0.8401843121937782
DIDBOJ,DIDBEZ,0.9999763244087104
DIDBOJ,DIDBID,0.9999695357495266
DIDBOJ,ERUNUC,0.99940513320169
DIDBOJ,XALMOO,0.924911809870255
DIDBOJ,ABAVIJ,0.923147199439456
DIDBOJ,VEDFER,0.9231406502909628
DIDBOJ,VEDFIV,0.9231119715607732
DIDBOJ,XALMII,0.923059134526656
DIDBOJ,BOWDIC,0.92301691249801
DIDBOJ,VEDGES,0.923016211404012
DIDBOJ,VEDFAN,0.9230044528355392
DIDBOJ,AHETAK,0.922983856514438
DIDBOJ,CIJBEE,0.9229753161474168
DIDBOJ,EXUXEC,0.92297246183461
DIDBOJ,VODNOS,0.9229272508374085
DIDBOJ,OJOBAS,0.9228849740213052
DIDBOJ,CEYPUT,0.9228798473930164
DIDBOJ,TATSIS,0.9223580994496272
DIDBOJ,ERUNIQ,0.922105423065273
DIDBOJ,HURGOR,0.9219862043487268
DIDBOJ,YIGGEB,0.9204407271562992
DIDBOJ,NIDFOX,0.9187094255575352
DIDBOJ,DIQHAO,0.9181195165424552
DIDBOJ,LIDSIC,0.9087609095647377
DIDBOJ,BAKJEE,0.9086047260420692
DIDBOJ,BEPRIZ,0.886361614744915
DIDBOJ,NOMPIQ01,0.8857534471312136
DIDBOJ,CIKPEU,0.8856700707728807
DIDBOJ,AXINAX01,0.8852790937757865
DIDBOJ,DIBQIQ,0.8849327099289923
DIDBOJ,NIGPEA,0.8835838981871567
DIDBOJ,FUMJAZ01,0.8833062446585439
DIDBOJ,FUMJAZ,0.883213700200156
DIDBOJ,LUWZUZ,0.8827637213725029
DIDBOJ,MIHJUL,0.8824888650972531
DIDBOJ,XEVXUT,0.8804529695795118
DIDBOJ,JODGOA,0.876267534249791
DIDBOJ,BUKLOJ,0.8756556376074802
DIDBOJ,DIBQEM,0.8728220835429097
DIDBOJ,FEXCAO01,0.869735234812093
DIDBOJ,SEQSOY,0.8684324491190456
DIDBOJ,XAFFIV,0.8547737550549896
ABEMIF,QIZLIW,0.99990405250713
AGAFAS,KESFOG,0.9774472470966312
AGAFAS,KESFIA,0.9774427071355628
AGAFAS,PUNYED,0.9320516605510036
AGAFAS,XAPSIS,0.9301897526970172
AGAFAS,CIPLIX,0.9290864085255818
AGAFAS,JEDVUM,0.9290112106565762
AGAFAS,FISQEG,0.9192614410939954
AGAFAS,XUDVAV,0.9173018163027722
AGAFAS,FEVDER,0.8907218425035988
AGAFAS,BAKJOO,0.8894773395558484
AGAFAS,LIDSIC,0.8892206591786703
AGAFAS,DIBQIQ,0.8810967082417228
AGAFAS,MIHJUL,0.8770964083847781
AGAFAS,HELDOT,0.8767599775809509
AGAFAS,DIBQEM,0.8751661464864029
AGAFAS,UFUKUB01,0.8637289343930081
AGAFAS,UFUKUB03,0.8629121739090783
AGAFAS,FUDHET,0.8535375089987735
AGAFAS,ALIXID,0.8531998214004304
AGAFAS,FIQDER,0.8499229535032986
AGAFAS,BEXVAD01,0.8489036130024887
AGAFAS,MOXDEJ,0.8437248556558481
AGAFAS,XADDUD,0.8433939759120207
AGAFAS,XADDOX,0.8429276807105833
AGAFAS,COXFOL,0.8426479383818699
AGAFAS,WIMWEW,0.842154890220799
AGAFAS,FILYAC,0.8415994017943993
EDAJUP01,FEXCAO01,0.8765449473728963
EDAJUP01,ABAYOU,0.8731411714650914
EDAJUP01,FUVYOL,0.870427728068609
EDAJUP01,NOMPIQ,0.8402674913465532
EDAJUP01,NOMPOW,0.8401070476114999
REZJIR,VIRJEM,0.9999998028380302
REZJIR,PADJOU01,0.9999992199049608
REZJIR,REZJIR03,0.9999990685399204
REZJIR,YUKTUU,0.9999980948043844
REZJIR,REZJIR02,0.9999977834731146
REZJIR,DADTOS15,0.99999674457125
REZJIR,DADTOS17,0.9999951056480696
REZJIR,LIJWOR02,0.9999927106522428
REZJIR,MNFORD02,0.9999867676685004
REZJIR,DADTOS14,0.9999826381215792
REZJIR,PADJOU,0.999982167536506
REZJIR,DADTOS13,0.9999697961562072
REZJIR,IJOMOJ01,0.9999666330953928
REZJIR,YANWOC02,0.9999652754890984
REZJIR,DADTOS02,0.9999603916555913
REZJIR,DADTOS,0.999954325513118
REZJIR,DADTOS04,0.9999527542741375
REZJIR,DADTOS09,0.9999502872892366
REZJIR,DADTOS06,0.9999482897791334
REZJIR,QINSUD,0.9999479415829816
REZJIR,SIWPUL04,0.99994768985438
REZJIR,DIDVIW,0.9999473791001684
REZJIR,DADTOS18,0.9999460849146768
REZJIR,YANWOC01,0.9999458033786376
REZJIR,NURGUE,0.9999414143849628
REZJIR,DADTOS10,0.9999200971183052
REZJIR,IJOMOJ03,0.9999132679609702
REZJIR,JEDKIP01,0.9998625917541224
REZJIR,ATIBOU02,0.9981386187139836
YANWOC03,YANWOC,0.9999969112963506
YANWOC03,DADTOS10,0.9999964361925008
YANWOC03,DADTOS18,0.9999958416192796
YANWOC03,YANWOC01,0.9999958206224092
YANWOC03,DADTOS12,0.9999955366865152
YANWOC03,DADTOS06,0.9999955198087692
YANWOC03,DADTOS05,0.9999950685264866
YANWOC03,DADTOS01,0.999994863298356
YANWOC03,DADTOS11,0.9999948029611682
YANWOC03,DADTOS,0.9999943500798238
YANWOC03,IJOMOJ03,0.9999943032846104
YANWOC03,DADTOS02,0.9999926552293684
YANWOC03,YANWOC02,0.9999908150970688
YANWOC03,DADTOS07,0.9999894801552386
YANWOC03,REZJIR04,0.9999881074740692
YANWOC03,JEDKIP01,0.9999857864234142
YANWOC03,DADTOS14,0.9999793538323264
YANWOC03,DADTOS15,0.9999534694600845
YANWOC03,YUKTUU,0.99994803815317
YANWOC03,VIRJEM,0.9999283048134824
YANWOC03,PADJOU,0.9999276797350384
YANWOC03,PADJOU01,0.999914649422007
YANWOC03,MNFORD02,0.9998873321942114
YANWOC03,LIJWOR06,0.9998725569538433
YANWOC03,IJOMOJ01,0.9997988499921048
YANWOC03,NURGUE,0.9997853784412604
YANWOC03,SIWPUL04,0.99975618455248
YANWOC03,SIWPUL,0.9997512023272658
YANWOC03,IQEWOQ,0.9988067105177192
VUKKET,NASGIZ01,0.8756168686741509
XOHNEO,OFORUZ,0.834393617317226
XOHNEO,SOSQIC01,0.999962594840368
XOHNEO,SAVMAE,0.9102313354906082
XOHNEO,MACHIJ,0.8651938880020784
XOHNEO,VURMOL,0.8575434791419765
XOHNEO,MIBQAR01,0.8547986218961034
XOHNEO,MIBQAR12,0.8547781680918403
XOHNEO,MIBQAR07,0.8547781045819813
XOHNEO,PEVQIS,0.8547760001404302
XOHNEO,VUSKEA,0.85475830598346
XOHNEO,PEVQOY,0.854683910972509
XOHNEO,IFABIA03,0.8528939735236112
XOHNEO,REDROI,0.8525138867582998
XOHNEO,VEGMOK03,0.8520720860645405
XOHNEO,KOZNEU,0.8515064690234402
XOHNEO,FECYUJ,0.8514323138232638
XOHNEO,MIMRAB01,0.8506643720405789
XOHNEO,DUFLOH,0.8494558541770643
XOHNEO,FIJCUX01,0.8489986040321449
XOHNEO,QAQSAD,0.8478888102969783
XOHNEO,JAYXAL,0.8468987182141532
XOHNEO,SUGTEV,0.8409350511534046
XOHNEO,NUFCAU,0.8407287967157092
XOHNEO,DOYHOQ,0.840483962854191
XOHNEO,FERHAN,0.8388388028435658
NAMDOV,KUGQOT,0.9999669406666972
NAMDOV,LESWAI,0.8603569866091332
NAMDOV,HAWDIU,0.8410756719168677
YAGHUM,DICKEH,0.9604989699992388
YAGHUM,HABQUY,0.9484195765356294
YAGHUM,RUVKAV,0.946726140742872
YAGHUM,OGEBAF,0.9376423028518994
YAGHUM,OGEBAF01,0.9373751769485882
YAGHUM,OGOJAX,0.9147772057862456
YAGHUM,BIHRUI,0.9147451614786776
YAGHUM,BIHROC,0.9130814835215912
YAGHUM,TISPAO,0.9082246345060652
YAGHUM,QAWHIH01,0.9081832239084896
YAGHUM,QAWHIH,0.9081719551059042
YAGHUM,YOZMOR,0.9079553215772532
YAGHUM,XAMDUM07,0.9079219034562642
YAGHUM,YOZNIM,0.907909538747918
YAGHUM,LUDLED,0.9078922236288086
YAGHUM,YOZMEH,0.9078797098345264
YAGHUM,UXISUR,0.9078796524724084
YAGHUM,DIHVIB01,0.907879208339462
YAGHUM,RILFEA,0.907868701758006
YAGHUM,LUDLIH,0.9078445374065376
YAGHUM,XAMDUM03,0.9078266945042278
YAGHUM,OQIZUL,0.9078227069790152
YAGHUM,XAMDUM04,0.9078080485526304
YAGHUM,XAMDUM05,0.907787690400158
YAGHUM,XAMDUM02,0.9077714917108184
YAGHUM,DOTSOV10,0.907546735567036
YAGHUM,DOTSOV14,0.9075465375121848
YAGHUM,DOTSOV16,0.907545175585574
YAGHUM,DOTSOV12,0.9075451713558228
YAGHUM,EBAMUS,0.907523743766652
YAGHUM,FISGOF,0.9072891735663652
YAGHUM,DOTSOV02,0.9060950938597716
YAGHUM,QIZLIW,0.9048782383874834
YAGHUM,GAVDUD,0.9019577092768584
YAGHUM,NEHZUY,0.9018718600446656
YAGHUM,YOZNOS,0.9010928782458114
YAGHUM,OHOMIH,0.8987263728793814
YAGHUM,QIYDIN,0.8853965805767687
YAGHUM,QIYDAF01,0.8816904333931055
YAGHUM,FAGQAI,0.8809464246103892
YAGHUM,LASYOU,0.8650901055380861
YAGHUM,DALSOA,0.852981994227011
YAGHUM,BABREE,0.851129935518093
YAGHUM,ONIXOZ,0.8415049090594897
YAGHUM,EXOYAS,0.8415046168340171
YAGHUM,IWEVAJ,0.841001632084261
YAGHUM,RAWYAS,0.8401264336406037
HOGJIX,KUNLEL,0.9078748112964848
HOGJIX,VEHJUP,0.9050162429176808
HOGJIX,IJEXIF01,0.9043225416714542
HOGJIX,PERQUB,0.9027894143683396
HOGJIX,NIWYID,0.9027610619477764
HOGJIX,FUTZEB,0.8999551628945975
HOGJIX,NIWYOJ,0.8983767163722687
HOGJIX,ACIBOE,0.8972919802571565
HOGJIX,VEHKAW,0.8970616705289773
HOGJIX,NANYUX03,0.8969980877066306
HOGJIX,FUTZAX,0.8948863480547734
HOGJIX,JEDVIA,0.8916439294746563
HOGJIX,DUZPUL,0.8643533408053194
HOGJIX,UFOFUT,0.8569543219624518
HOGJIX,YOZYUJ,0.8515949669609175
HOGJIX,QUQFEO,0.8452839324589848
HOGJIX,QOPZIF,0.839436012730129
NUFBEX,DOYHOQ,0.9999930317293356
NUFBEX,NUFCAU,0.99591007957319
NUFBEX,APACAX,0.9519775092343836
NUFBEX,NUCPIM,0.9065382279287636
NUFBEX,OKELOH,0.894548343599622
NUFBEX,UFOFUT,0.8934527916530811
NUFBEX,DUZPUL,0.8934011575829257
NUFBEX,IRELAU,0.892662641203694
NUFBEX,YOZYUJ,0.8911572718582761
NUFBEX,QUQFEO,0.8809028270960365
NUFBEX,VEHJUP,0.8779555574660899
NUFBEX,PERQUB,0.877765093077937
NUFBEX,ULISOZ,0.8776960906015993
NUFBEX,REGREC,0.8774222400376904
NUFBEX,FUTZEB,0.8769777339344178
NUFBEX,ACIBOE,0.8759277926986145
NUFBEX,NANYUX01,0.8758818250428824
NUFBEX,NANYUX03,0.8757985721071564
NUFBEX,JEDVIA,0.8731243356927193
NUFBEX,REBVIG,0.859405374439832
NUFBEX,DITTEH,0.8409931130448671
UFOFUT,DUZPUL,0.9960954164708138
UFOFUT,QUQFEO,0.9841226316791118
UFOFUT,REBVIG,0.9564035093350168
UFOFUT,REGREC,0.9471560248624104
UFOFUT,FUVBAB,0.94715545471719
UFOFUT,NIWYOJ,0.9471341103933892
UFOFUT,ACIBOE,0.9470093950191028
UFOFUT,ULISOZ,0.9470036928007622
UFOFUT,NANYUX01,0.946989386491548
UFOFUT,NIWYID,0.946939448091388
UFOFUT,PERQUB,0.946932956378818
UFOFUT,FUTZAX,0.946571487688876
UFOFUT,IJEXIF01,0.946428126805524
UFOFUT,VEHJUP,0.9460680976467368
UFOFUT,JEDVIA,0.9457086876887923
UFOFUT,KUNLEL,0.9421205573602508
UFOFUT,RUPVAB,0.9350785302717872
UFOFUT,DITTEH,0.932964308284214
UFOFUT,DOYHIK,0.8935611340076208
UFOFUT,NASROR,0.8922552292891088
UFOFUT,EZINAE,0.8872736716060206
UFOFUT,CIJLIT,0.8871014166923631
UFOFUT,UKOLUD,0.8850328203402608
UFOFUT,JAYXAL,0.8797642510883837
UFOFUT,NUCPIM,0.8784969820890165
UFOFUT,YOGKOW,0.8755682433992512
UFOFUT,QOPZIF,0.874763811341606
UFOFUT,ADUVAZ,0.8742321191369604
UFOFUT,FUDGIW,0.8651476623375578
UFOFUT,JOVYAW,0.8651134107523937
UFOFUT,JENKET,0.8648825407420048
UFOFUT,BABRII,0.864442127499875
UFOFUT,VOLRAQ,0.8587301972381516
UFOFUT,LOWQIX,0.855020077542569
UFOFUT,EGIKUB01,0.8534589398928539
UFOFUT,KEGTEY,0.8477799763208422
UFOFUT,BOWJAA,0.8460300894220412
UFOFUT,REFVEF,0.8418367039902892
ONIXOZ,MIKVEK,0.9987878149229656
ONIXOZ,LASYOU,0.9706235165724414
ONIXOZ,EXOGAB,0.937415606673122
ONIXOZ,HIDTUM,0.9359460528732328
ONIXOZ,QIZLOC,0.9328140436286104
ONIXOZ,NEHZUY,0.9321019388775093
ONIXOZ,QIZLIW,0.9303038145913708
ONIXOZ,ANUGOG,0.9292025165362234
ONIXOZ,DOTSOV02,0.9267824178278996
ONIXOZ,DOTSOV16,0.9260415371541714
ONIXOZ,DOTSOV08,0.9260414496875516
ONIXOZ,DOTSOV14,0.9260372098158648
ONIXOZ,EBAMUS,0.925474877800632
ONIXOZ,KIRFOI,0.9253675165145518
ONIXOZ,XAMDUM05,0.9251779555635398
ONIXOZ,XAMDUM02,0.9251551408087724
ONIXOZ,XAMDUM04,0.92506404900939
ONIXOZ,XAMDUM03,0.9250140110093956
ONIXOZ,RILFEA,0.924826607435258
ONIXOZ,YOZMEH,0.9247754368883362
ONIXOZ,LUDLED,0.9247161354840756
ONIXOZ,XAMDUM06,0.9246942739837876
ONIXOZ,YOZNIM,0.9246318964946764
ONIXOZ,YOZMOR,0.9243942166756984
ONIXOZ,YOZNAE,0.9243380298372093
ONIXOZ,DIHVIB,0.924299696817458
ONIXOZ,YOZPAG,0.9239363459939864
ONIXOZ,QAWHIH01,0.9191531713138316
ONIXOZ,HEHROE,0.9190242779417276
ONIXOZ,QAWHIH,0.9189970283505048
ONIXOZ,IPUPOA,0.9174468486286396
ONIXOZ,OQIZUL,0.9160871023691732
ONIXOZ,YOZNOS,0.9101657905706132
ONIXOZ,HANWAW,0.9101484574518524
ONIXOZ,IPUPIU,0.9083089902668164
ONIXOZ,LAQNID,0.8936942320666778
ONIXOZ,IDUDIW,0.8904436584735699
ONIXOZ,JALPAQ,0.889670914290779
ONIXOZ,BAZGAM,0.8805048413080107
ONIXOZ,EPISOM,0.8783574767715261
ONIXOZ,KIJRUS,0.877714008477354
ONIXOZ,FAMPUH,0.8738250819982958
ONIXOZ,FAMQES,0.8736169190400676
ONIXOZ,NAPSUV,0.8734196547549065
ONIXOZ,RUJMEQ,0.8682075343727614
ONIXOZ,HUJGEA,0.863729091869349
ONIXOZ,IXAKAU,0.8608383711498337
ONIXOZ,RAWYAS,0.8606088960817918
ONIXOZ,IDUDES,0.8585249758108802
ONIXOZ,SEMNIJ,0.8576859809013975
ONIXOZ,QOWRAV10,0.8569192583160765
ONIXOZ,QOWRAV11,0.8568814007140949
ONIXOZ,QOWRAV08,0.8568533754076737
ONIXOZ,QOWRAV07,0.8568241991953913
ONIXOZ,IWEVAJ,0.8552721444636459
ONIXOZ,FISGOF,0.854592472529403
ONIXOZ,ALIXUP,0.8535513660123901
ONIXOZ,CEZYOY,0.8533535556887628
ONIXOZ,HOGLEV01,0.8493420577269013
ONIXOZ,YIMQOD,0.8492216818015835
ONIXOZ,HOGLEV,0.8488812881541792
ONIXOZ,GIKMOD,0.8431444671185299
ONIXOZ,NUTQAV,0.8410126625100509
ONIXOZ,MOFGOE,0.840331621663744
ONIXOZ,MOCKEV,0.8394261252925153
ONIXOZ,XIJSUH,0.8393306750447594
ONIXOZ,MOCKAR,0.8393091245502478
ONIXOZ,RAHBOU,0.839120085212582
ONIXOZ,HUCBOX01,0.8376787855443092
JOFZOV,VITYUU,0.872348782624824
JOFZOV,WIPLOY,0.8393171151488769
MACHIJ,SAHYIK,0.8446914123261133
MACHIJ,MIBQAR01,0.8446461334282369
MACHIJ,MIBQAR07,0.8445927774070116
MACHIJ,MIBQAR15,0.8445764530312174
MACHIJ,PEVQOY,0.8443418110942162
MACHIJ,IFABIA03,0.8411285972756238
MACHIJ,IFABIA01,0.8409628925515531
MACHIJ,IFABIA,0.8408315331899183
MACHIJ,REDROI,0.8404393348243292
MACHIJ,VEGMOK04,0.8397532489615028
MACHIJ,KOZNEU,0.8389216806769794
REBVIG,DURDAX,0.9999999645032926
REBVIG,DITTEH,0.9743399144892642
REBVIG,YOZYUJ,0.9554227276436568
REBVIG,DUZPUL,0.9532030244205568
REBVIG,QUQFEO,0.9419048045672336
REBVIG,GUGNON,0.9164721418807164
REBVIG,JENKET,0.9161846615115964
REBVIG,UYAPOA,0.9108745836104616
REBVIG,FUTZEB,0.9082098162030464
REBVIG,ULISOZ,0.908170216108284
REBVIG,NIWYID,0.9081293253877584
REBVIG,PERQUB,0.9081250657908688
REBVIG,FUVBAB,0.9080720635023858
REBVIG,NANYUX01,0.9078258034788824
REBVIG,VEHKAW,0.9078044339400252
REBVIG,VEHJUP,0.9074531741729424
REBVIG,FUTZAX,0.907288018277374
REBVIG,JEDVIA,0.9062737735338514
REBVIG,KUNLEL,0.9039263597624916
REBVIG,EZINAE,0.9006932456800915
REBVIG,RUPVAB,0.8973129493242668
REBVIG,PIWLIT,0.8955607531667213
REBVIG,ROZXEL,0.8954045396735189
REBVIG,JAYXAL,0.8929080975537117
REBVIG,YOGKOW,0.8676808845144506
REBVIG,MUWRUT,0.8605561454055788
REBVIG,APACAX,0.8600148120464066
REBVIG,DOYHIK,0.8588369924270695
REBVIG,DUPKAC,0.8584431455713248
REBVIG,NASROR,0.8583824624516154
REBVIG,LOWQIX,0.8535388601780809
REBVIG,WIMWIA,0.8535160995825274
REBVIG,QEDZEG,0.8503123347310247
REBVIG,QOPZIF,0.8423451056505346
REBVIG,ADUVAZ,0.8419411411445197
REBVIG,YICQOS,0.8416763913690529
REBVIG,DUFLOH,0.8408626633916871
REBVIG,GATBUZ,0.8401682145900926
REBVIG,VEGMOK04,0.8401679675731043
REBVIG,IFABIA02,0.8398630649535943
REBVIG,IFABIA01,0.839840614318068
REBVIG,KEGTEY,0.8386663931499047
REBVIG,PEVQOY,0.8384260992438786
REBVIG,MIBQAR15,0.8381981946518732
REBVIG,PEVQIS,0.8381907130996517
REBVIG,MIBQAR12,0.8381855368657773
REBVIG,MIBQAR01,0.8381250160518882
REBVIG,LAWFOF,0.8381087862553385
REBVIG,LAWGOG,0.838097378812226
REBVIG,SAHYIK,0.8380763042282027
PEVQOY,PERROW,0.9081755534504652
PEVQOY,VUSKEA,0.999995398655508
PEVQOY,MIBQAR15,0.9999931128689163
PEVQOY,MIBQAR12,0.9999923502960744
PEVQOY,MIBQAR07,0.9999914832938224
PEVQOY,LAWFOF,0.99998694595926
PEVQOY,LAWGOG,0.9999860316363548
PEVQOY,SAHYIK,0.9999841501212224
PEVQOY,IFABIA03,0.999188901901993
PEVQOY,IFABIA,0.9991549503928108
PEVQOY,IFABIA01,0.9991078918614392
PEVQOY,VEGMOK03,0.9987082687330472
PEVQOY,VEGMOK04,0.9987059494411248
PEVQOY,KOZNEU,0.9983249560342622
PEVQOY,FIJCUX01,0.9964855178185344
PEVQOY,ORIBAU,0.9958980096664972
PEVQOY,PIWLIT,0.9450724997356168
PEVQOY,ROZXEL,0.9441537546544
PEVQOY,WUHNUK,0.9080979371035782
PEVQOY,BABRII,0.9077948909909584
PEVQOY,VOLRAQ,0.9071987131354304
PEVQOY,BOLPAU,0.9070132169195024
PEVQOY,UYAPOA,0.9068303238965716
PEVQOY,YOCGAZ,0.9067767778046396
PEVQOY,HUTZAX01,0.9062334745114122
PEVQOY,GUGNON,0.9050997978776604
PEVQOY,NEHGIS,0.9050569273739854
PEVQOY,JENKET,0.9041401528756124
PEVQOY,AWEYAE,0.9025266131947628
PEVQOY,CESQUP,0.8973501943161155
PEVQOY,JEDDII,0.8971800396032097
PEVQOY,PICCUC,0.897156741791431
PEVQOY,NIYZIG,0.897010785459683
PEVQOY,SACHIP,0.8957991046092141
PEVQOY,EKEKEL,0.8872961896350091
PEVQOY,UKOLOV,0.8854962381638634
PEVQOY,BUVNIR,0.8848242996595255
PEVQOY,FECYUJ,0.8846037171270277
PEVQOY,DARYIF,0.8844376201960373
PEVQOY,NIKHAS,0.8844241304506768
PEVQOY,QAQSAD,0.8826138598806506
PEVQOY,USAHAZ,0.879992458826043
PEVQOY,IDIXAU,0.8784469914016277
PEVQOY,DUPKAC,0.8779595022695579
PEVQOY,XOQXIL,0.8761459516749472
PEVQOY,IJEXIF01,0.8746062404624748
PEVQOY,ZARLIP,0.8742181570403036
PEVQOY,PERQUB,0.874031731195062
PEVQOY,NIWYID,0.8740197155811305
PEVQOY,REGREC,0.8733779962362929
PEVQOY,XAFFAN,0.8732437867550757
PEVQOY,MEWPIQ,0.8730100828838797
PEVQOY,FUTZEB,0.8726584365474841
PEVQOY,FUVBAB,0.8719265862911616
PEVQOY,ACIBOE,0.8711453475943894
PEVQOY,NANYUX01,0.8710869600720591
PEVQOY,RUPVAB,0.8710749557752774
PEVQOY,ZARLEL,0.8710240526494507
PEVQOY,NANYUX03,0.870968905792547
PEVQOY,AXOCEW,0.869233925510413
PEVQOY,GADROU,0.8682767262242229
PEVQOY,JEDVIA,0.8675225352028001
PEVQOY,OKELOH,0.8670556886806129
PEVQOY,SAVMAE,0.8642129012718476
PEVQOY,XEGWIS,0.863139902246522
PEVQOY,XEGWAK,0.8630988567908571
PEVQOY,YICQOS,0.8611137385692262
PEVQOY,IGUFOH,0.8609320741241342
PEVQOY,EGIKUB01,0.8607496461582512
PEVQOY,ZAQXEX,0.8596008898253599
PEVQOY,UBUMAH,0.8591508727778434
PEVQOY,LOWQIX,0.85872754715078
PEVQOY,XENMIO,0.8582058866346879
PEVQOY,SOSQIC01,0.854569927792369
PEVQOY,WOJZOK01,0.8529497840458161
PEVQOY,CIQHOC,0.8507756598152294
PEVQOY,PURJES,0.8498689172309115
PEVQOY,NISCOJ,0.8458570317851071
PEVQOY,IGINIX,0.8444208076677922
PEVQOY,HOKLIE,0.8382914163079346
NIGFOZ,YATTUK,0.999868040394631
NIGFOZ,SEHSII,0.9996103914526214
NIGFOZ,VITZAB,0.9421284124352084
NIGFOZ,JUXSEC,0.9364190946965668
NIGFOZ,JUXSIG,0.9363958047917996
NIGFOZ,RAVDOJ,0.9082026072608288
NIGFOZ,YENZEZ,0.9078082649132536
NIGFOZ,XADDAJ01,0.8852858267641933
NIGFOZ,BOJYIK,0.8748886072740268
NIGFOZ,QACTUJ,0.8748755478138741
NIGFOZ,YIXFUI,0.8742896675326495
NIGFOZ,XOBGON,0.8739322608824496
NIGFOZ,LEHTID,0.8731305929252946
NIGFOZ,NEBYOK,0.8608275281592402
NIGFOZ,IZEBAR,0.8571779305281815
NIGFOZ,UFOSAM,0.8564033552411554
NIGFOZ,LEDHEJ,0.8547567829119809
NIGFOZ,UMIZIB,0.8486270912248564
NIGFOZ,LUCDES,0.8424278370543655
NIGFOZ,DUGDUG,0.8400899365371467
KUXREC,YAXBUV02,0.9997035760411046
KUXREC,VAGVAC,0.9985859898415318
KUXREC,POJTOY01,0.9984750260358172
KUXREC,XUDSIY,0.9980426470910366
KUXREC,SADMIV,0.99789134857866
KUXREC,SETQOZ,0.9978696454428144
KUXREC,SETQUF,0.9978457114112812
KUXREC,SADMUH,0.9977257691109196
KUXREC,SETQAL,0.9972256783986986
KUXREC,SETQEP,0.9971667218438878
KUXREC,XADCOW,0.996932552722138
KUXREC,TOVJAR,0.9081621414887756
KUXREC,REZXOK,0.8846630737113824
KUXREC,LARPEB,0.8705974995361893
KUXREC,UFIKIG,0.8678801629381642
KUXREC,UFIKOM,0.8675674393738314
KUXREC,UFIHUP,0.8670160371126713
KUXREC,TOVKEW,0.8533407447622374
DUVNIS,DUVNIS01,0.9999982638589344
WEMKEG,HURGOR,0.8997011446370989
WEMKEG,DERBIO,0.8995844736842411
WEMKEG,CANROA,0.8651448488039254
WEMKEG,VEFMAW,0.8651392720523388
WEMKEG,KOHDIW,0.8651339441500567
WEMKEG,AXINAX01,0.864999739123092
WEMKEG,KOHLIE,0.8649993456262464
WEMKEG,CUWNIT,0.8644292303385311
WEMKEG,NIGPEA,0.8630173612687211
WEMKEG,DIBQOW,0.8622827715580847
WEMKEG,MIHJUL,0.8618236892955777
WEMKEG,GEPBEK,0.8604393644680599
WEMKEG,NIGPAW,0.8570355666995385
WEMKEG,DIBQEM,0.8535314526875324
WEMKEG,FISQEG,0.846072945889459
WEMKEG,AHETAK,0.8444110465364044
WEMKEG,BOWDUO,0.844408003579532
WEMKEG,VEDFUH,0.8443990619694659
WEMKEG,BOWDOI,0.8443925269527204
WEMKEG,VEDFAN,0.8443880921716479
WEMKEG,VEDFOB,0.8443631036067563
WEMKEG,VEDFER,0.8443595678354754
WEMKEG,VEDFIV,0.844329988068414
WEMKEG,VODNOS,0.844308296218315
WEMKEG,VEDGES,0.8443052704703886
WEMKEG,OJOBAS,0.8442253853566002
WEMKEG,CEYPUT01,0.8441620105023887
WEMKEG,ABAVIJ,0.8439717072001018
WEMKEG,XIHSEN01,0.8435169479118767
WEMKEG,XIHSAJ01,0.843509543218111
WEMKEG,LASMAV,0.8434811124278216
WEMKEG,VEFLUP,0.8432806452349463
WEMKEG,TONBOO,0.8428248296206999
WEMKEG,ABAVUV,0.8426983120982607
WEMKEG,XUDVAV,0.842365898586108
WEMKEG,YIGGEB,0.8422821582437261
HIFGIO,QEDZEG,0.9065897495294434
HIFGIO,ROZXEL,0.8762148804788759
HIFGIO,JENKET,0.8683247595364727
HIFGIO,BABRII,0.8650582060705138
HIFGIO,ORIBAU,0.860875830094543
HIFGIO,FIJCUX01,0.8606925000858557
HIFGIO,KOZNEU,0.8595615538644928
HIFGIO,GATBUZ,0.8591430807259965
HIFGIO,VEGMOK03,0.8591384086058779
HIFGIO,REDROI,0.858730045422541
HIFGIO,IFABIA02,0.8581714350770604
HIFGIO,UYAPOA,0.8557384717158748
HIFGIO,VUSKEA,0.8542892651967028
HIFGIO,MIBQAR15,0.8542101868699352
HIFGIO,PEVQIS,0.854196322132045
HIFGIO,MIBQAR12,0.854186819663399
HIFGIO,MIBQAR07,0.8541789466346692
HIFGIO,LAWGOG,0.8540247299895615
HIFGIO,SAHYIK,0.8539861721521472
HIFGIO,DITTEH,0.8480909548712561
EXOXUL,VEHJUP,0.915871291941008
EXOXUL,PERQUB,0.9133741614138312
EXOXUL,ULISOZ,0.9130022629502622
EXOXUL,REGREC,0.9118012236128744
EXOXUL,FUTZEB,0.9102712173114428
EXOXUL,FUVBAB,0.9088392657734736
EXOXUL,ACIBOE,0.9073952871644422
EXOXUL,NANYUX01,0.9073121614703644
EXOXUL,VEHKAW,0.9071540258087962
EXOXUL,FUTZAX,0.9048231143695256
EXOXUL,JEDVIA,0.9013760935749376
EXOXUL,QUQFEO,0.8540150364150025
EXOXUL,QOPZIF,0.848366938358191
SEQSOY,BEPRIZ,0.9550705025436068
SEQSOY,NOMPOW,0.9540710780784084
SEQSOY,NOMPIQ01,0.95370945067692
SEQSOY,DERBIO,0.8863862596760821
SEQSOY,HURGOR,0.8861899491989909
SEQSOY,ABIWOX,0.8788888277469747
SEQSOY,NIGPEA,0.877104016695541
SEQSOY,HELDOT,0.8770366779926122
SEQSOY,DIBQIQ,0.8764416253785021
SEQSOY,AXINAX01,0.8756502302885151
SEQSOY,FISQEG,0.8753944090620841
SEQSOY,ERUNOW,0.8706063160705826
SEQSOY,ERUNUC,0.8698788039893488
SEQSOY,DIDBEZ,0.8687707586053675
SEQSOY,DIDBID,0.8686798928463929
SEQSOY,DIDBAV,0.8681534337697963
SEQSOY,CAXZOS,0.8678558004419346
SEQSOY,XUDVAV,0.8671873475166078
SEQSOY,LUWZUZ,0.8628113174469649
SEQSOY,DIBQEM,0.8523302365977246
SEQSOY,POSGUB,0.8455161026479234
NIWYOJ,NANYUX01,0.9999579675886836
NIWYOJ,VEHKAW,0.9999569324338412
NIWYOJ,FUTZEB,0.9999300230214444
NIWYOJ,REGREC,0.9997278110531698
NIWYOJ,ULISOZ,0.9994524315185918
NIWYOJ,PERQUB,0.9993414368339386
NIWYOJ,VEHJUP,0.9981726571636153
NIWYOJ,KUNLEL,0.993563273591414
NIWYOJ,YOZYUJ,0.9469155262545862
NIWYOJ,DUZPUL,0.9421210229964792
NIWYOJ,QUQFEO,0.932940418251566
NIWYOJ,QOPZIF,0.9184806100146196
NIWYOJ,JOVYAW,0.9082390577609548
NIWYOJ,FUDGIW,0.9081792448421272
NIWYOJ,KEFBOO,0.8999763491526345
NIWYOJ,DUNXUH13,0.8972445330254927
NIWYOJ,WIMWIA,0.8968563793193142
NIWYOJ,LOWQIX,0.8968126160774434
NIWYOJ,EGIKUB01,0.8945849608634715
NIWYOJ,DITTEH,0.8870464595758801
NIWYOJ,BOWJAA,0.8864985197097337
NIWYOJ,DOYHIK,0.8775586554182808
NIWYOJ,FIJCUX01,0.8749933847255964
NIWYOJ,NASROR,0.8749106536060836
NIWYOJ,GATBUZ,0.8745680432000631
NIWYOJ,VEGMOK03,0.8745658753782102
NIWYOJ,REDROI,0.8743647617481446
NIWYOJ,IFABIA,0.8742312141448845
NIWYOJ,MIBQAR12,0.871461192506404
NIWYOJ,MIBQAR01,0.871381384930388
NIWYOJ,LAWGOG,0.8713450319107703
NIWYOJ,VOTHIX,0.8709012795729937
NIWYOJ,GEYLEE,0.8684895591619074
NIWYOJ,NUFCAU,0.8672803503631832
NIWYOJ,ADUVAZ,0.8575330911868105
NIWYOJ,LASMUP,0.8571612342096147
NIWYOJ,MUWRUT,0.8535476115299455
NIWYOJ,ALANAD,0.8523530007083369
NIWYOJ,WEHJAW,0.8522749595486291
NIWYOJ,USAHAZ,0.8498558737625548
NIWYOJ,IDIXAU,0.8494545398613461
NIWYOJ,WORKUL,0.8490942029269689
NIWYOJ,MIMRAB01,0.8487883929837747
NIWYOJ,FECYUJ,0.8471517581119821
NIWYOJ,HIQNUS,0.8462930754189621
NIWYOJ,HEZKIH,0.845216981284902
NIWYOJ,REYCUV,0.8404725288009469
NIWYOJ,GUGNON,0.8402064192310503
NIWYOJ,JENKET,0.8401522968165511
NIWYOJ,NENHEU,0.8399602194253024
NIWYOJ,BABRII,0.838947937930794
NIWYOJ,NUCPIM,0.837686652188867
HIQNOM,HIQNUS,0.9985699228311764
HIQNOM,VEHJUP,0.8464099244449282
HIQNOM,IJEXIF01,0.846380347538886
HIQNOM,PERQUB,0.8461302207197262
HIQNOM,ULISOZ,0.846049589750656
HIQNOM,MEWPIQ,0.8460072973866167
HIQNOM,KUNLEL,0.8449665689438344
HIQNOM,FUVBAB,0.8447232106494772
HIQNOM,ACIBOE,0.8441317945946427
HIQNOM,NANYUX03,0.8439956661892332
HIQNOM,JEDVIA,0.8412022873006058
HIQNOM,RUPVAB,0.840484475982787
PIWLAL,ROZXEL,0.9999977763372324
PIWLAL,GUGNON,0.9564349685183346
PIWLAL,BABRII,0.9551715044827878
PIWLAL,VOLRAQ,0.9485082162693396
PIWLAL,UYAPOA,0.9483026828939508
PIWLAL,ORIBAU,0.9471607277426408
PIWLAL,KOZNEU,0.9469603849820296
PIWLAL,GATBUZ,0.946778762177622
PIWLAL,VEGMOK04,0.9467779349066252
PIWLAL,VEGMOK03,0.9467765866621748
PIWLAL,REDROI,0.9465740262875416
PIWLAL,IFABIA01,0.9461940599436937
PIWLAL,IFABIA03,0.9461670399421036
PIWLAL,MIBQAR15,0.9436831472125354
PIWLAL,MIBQAR12,0.943666433179307
PIWLAL,MIBQAR07,0.9436605500958252
PIWLAL,LAWFOF,0.9435651524673576
PIWLAL,LAWGOG,0.9435501315867376
PIWLAL,SAHYIK,0.9435223219176192
PIWLAL,XAFFAN,0.922434283828975
PIWLAL,WUMDIT,0.922029029031406
PIWLAL,NOXMAQ,0.9219966912747684
PIWLAL,DUPKAC,0.919598078128153
PIWLAL,QEDZEG,0.914262432786608
PIWLAL,NIKHAS,0.9041321667032992
PIWLAL,IGUFOH,0.8996716182205104
PIWLAL,OKELOH,0.8852427108829767
PIWLAL,ACODIH,0.8849407009760063
PIWLAL,NIYZIG,0.8835703034200557
PIWLAL,PICCUC,0.8832127537296475
PIWLAL,CESQUP,0.8821395771240479
PIWLAL,HUTZAX01,0.8650056322801254
PIWLAL,VIKBUP,0.8649731057373268
PIWLAL,YOCGAZ,0.8648067664024027
PIWLAL,AWEYAE,0.8647903692881964
PIWLAL,ODODIW,0.8647577323322835
PIWLAL,WUHNUK,0.8623440662830608
PIWLAL,QIWCUW,0.8595837731801106
PIWLAL,VANHEA,0.8559533996630164
PIWLAL,BOVHEB,0.8554997385041214
PIWLAL,EJIQIZ,0.8524566295400005
PIWLAL,POSGOV,0.8476847608609653
PIWLAL,TADWIG,0.8472804405827518
PIWLAL,MOFTIL02,0.8470157771963334
PIWLAL,SACHIP,0.8461761394259848
PIWLAL,NUCRIN,0.8460818858646955
PIWLAL,QAQSAD,0.8443711438220237
PIWLAL,IDIXAU,0.843811421160257
PIWLAL,RUTNOK01,0.8434182181939024
PIWLAL,DARYIF,0.8432271907860207
PIWLAL,MIMRAB01,0.8431324102381895
PIWLAL,EKEKEL,0.8430242880520604
PIWLAL,ZARLIP,0.8380421632999348
PIWLAL,MEWPIQ,0.8378756565901533
PIWLAL,XOQXIL,0.8378599635000652
AVUCEA,TIVYAZ,0.9999499090918952
TONBOO,XIHSAJ,0.9992350138104862
TONBOO,XIHSEN,0.9991930580153215
TONBOO,XIHSAJ01,0.9991783732518468
TONBOO,XIHSEN01,0.9991451762723416
TONBOO,FILYEG,0.8632901073826321
TONBOO,MOXDEJ,0.862823065887982
TONBOO,COXFOL,0.8623722453402458
TONBOO,XADDOX,0.8617456169207637
TONBOO,HABZEQ,0.8608790662105651
TONBOO,XUZRIU,0.8607245178353341
TONBOO,WIMWEW,0.8606906762870288
TONBOO,XEVSIB01,0.8596217501121468
TONBOO,EJINIV,0.8519592561095377
TONBOO,XUYYEW,0.8518273306834663
TONBOO,EJINIV01,0.8517004913623805
TONBOO,XUYYIA,0.851601089375876
TONBOO,PUNYED,0.8489745661145504
TONBOO,ABAYOU,0.8485091084676746
TONBOO,XAPSIS,0.8455350238361423
TONBOO,CIPLIX,0.8442706023992941
TONBOO,YIPFIO,0.8431818941883683
TONBOO,DERBIO,0.8413344029348769
TONBOO,GEPBEK,0.840683716777968
TONBOO,AXINAX01,0.8406073361480001
TONBOO,WUHMUJ,0.8406050457727068
TONBOO,DIBQIQ,0.8394875208038185
TONBOO,NIGPAW,0.8382429974307398
JEDVEW,MITSAK,0.9999870045452204
ECODIK,NIHDIU,0.9999896530296066
ECODIK,QERZUI01,0.9999888467358972
ECODIK,UGEPEB01,0.999968179772498
ECODIK,BAHGUN04,0.9999199487442266
ECODIK,BAHGUN03,0.9999044706019892
ECODIK,QERZUI,0.9998995501943102
ECODIK,BAHGUN,0.9998821180268662
ECODIK,BAHGUN01,0.9998775828038812
ECODIK,HAWZEM,0.9998635906887494
ECODIK,UGEPEB,0.999855204739264
ECODIK,UFUMUD,0.9998392758759618
ECODIK,EGOZAB,0.999815829389799
ECODIK,POFDIZ,0.9993535517792286
ECODIK,KAKTIA,0.998796568074075
ECODIK,VOJPUG01,0.9979664848192358
ECODIK,NELCEN,0.9957783050338292
ECODIK,QIWQES,0.9911787532877088
ECODIK,WURNOO,0.922633640133944
ECODIK,ICAGOK,0.9208941781521832
ECODIK,IXAJUN,0.8791470749610522
ECODIK,UNABUH,0.8666786313317607
ECODIK,UNACES,0.8666784646504548
ECODIK,UNABUH01,0.8666782601491073
ECODIK,IDUSIM01,0.8666779325228902
ECODIK,IDUSIM,0.8666747701112341
ECODIK,IDUTIN,0.8666738240244449
ECODIK,IDUTEJ,0.8666720632915186
ECODIK,SOZHOG,0.8665553700768879
ECODIK,NAPSUV,0.8651608164333254
ECODIK,EDOSEY,0.8641459871841293
ECODIK,DEGSIS01,0.8437677450052352
ECODIK,CEZYOY,0.8435873640510233
ECODIK,QESBAR,0.8429661443369937
ECODIK,ENITAX,0.8418040249616392
DOTSOV34,DOTSOV33,0.9999999988398368
DOTSOV34,DOTSOV01,0.9999999996025484
NIHDEQ,UFUNIS,0.9999878915246848
NIHDEQ,UGEPEB01,0.999926123162344
NIHDEQ,NIHDIU,0.9999127897252796
NIHDEQ,UGEPEB,0.9998875910293404
NIHDEQ,BAHGUN04,0.999772263005658
NIHDEQ,BAHGUN03,0.9997463163009626
NIHDEQ,BAHGUN02,0.9997381124959992
NIHDEQ,UFUMUD,0.9997370097828864
NIHDEQ,BAHGUN,0.999710881886696
NIHDEQ,EGOZAB,0.9996136803460172
NIHDEQ,UFUNAK,0.999085606538164
NIHDEQ,POFDEV,0.9981169034108728
NIHDEQ,AHEMEG,0.9975016285328506
NIHDEQ,IPINAY,0.9974040603577417
NIHDEQ,VOJPUG01,0.9973736524300048
NIHDEQ,POFDOF,0.9963996526344996
NIHDEQ,POFFAT,0.9960994754846616
NIHDEQ,NELCEN,0.9949520900007498
NIHDEQ,QIWQES,0.990004463137328
NIHDEQ,WURNOO,0.9222580299593706
NIHDEQ,IXAJUN,0.8789640875442223
NIHDEQ,JALPAQ,0.8787237493036985
NIHDEQ,IDUTEJ,0.8666670938094035
NIHDEQ,IDUTIN,0.8666639772133815
NIHDEQ,UNABUH,0.8666510432339667
NIHDEQ,UNABUH01,0.8666487814185806
NIHDEQ,UNACES,0.866637564705728
NIHDEQ,IDUSIM01,0.8666260286703912
NIHDEQ,IDUSIM,0.8666112965210404
NIHDEQ,NAPSUV,0.8641734013742968
NIHDEQ,EDOSEY,0.8630842524197487
NIHDEQ,CEZYOY,0.84338990224152
NIHDEQ,QESBAR,0.8425350125126698
IQOKIK,XUDSUK,0.9053034667973404
IQOKIK,OCAKUB,0.8629088700537694
IQOKIK,VUQKAU01,0.8618024481024658
IQOKIK,VUQKAU,0.8616650914353271
IQOKIK,DAWCOV,0.8611096431341652
IQOKIK,YAQCEY,0.8427775514714995
IQOKIK,JIYPAL,0.8425531123232167
IQOKIK,DIWFAT,0.8417536863193175
IQOKIK,IVEMAZ,0.8412702571333678
IQOKIK,IVELUS,0.8407172039170112
VUQKAU,VUQKAU01,0.9998790319699996
VUQKAU,OCAKUB,0.9998547832385702
VUQKAU,VUQJUN01,0.998095222765886
VUQKAU,LUSHOX02,0.9471753841215702
VUQKAU,DADLEC,0.9196875479287708
VUQKAU,XIHXET,0.8843171633425553
VUQKAU,BELTOD,0.8842947066140108
VUQKAU,ROYMEZ,0.8796736148371163
VUQKAU,GURXIB,0.8791968806234242
VUQKAU,ENISUQ,0.8635121546660679
VUQKAU,DAWCOV,0.8615211574011882
VUQKAU,KOCWEF,0.8478258391621271
VUQKAU,FEJFAE,0.8442217084528176
VUQKAU,IVEMAZ,0.8441168167489135
VUQKAU,DIWFAT,0.8438540977577733
VUQKAU,YAQCEY,0.8424662589327162
POFFEX,NELCEN,0.9999794967599068
POFFEX,POFDOF,0.999755856811861
POFFEX,IPINAY,0.9993908761356234
POFFEX,VOJPUG01,0.9993452147953352
POFFEX,AHEMEG,0.9993424465975612
POFFEX,POFDEV,0.9988803259179097
POFFEX,UFUNAK,0.997940721779586
POFFEX,POFDIZ,0.9977668444673532
POFFEX,BAHGUN,0.9965621057540526
POFFEX,QERZUI,0.996463676675954
POFFEX,BAHGUN03,0.996433231764111
POFFEX,BAHGUN04,0.996335968855458
POFFEX,BAHGUN02,0.9961570102503584
POFFEX,UFUMUD,0.9955062924274974
POFFEX,UGEPEB01,0.9950812812309712
POFFEX,UFUNIS,0.9944613246213604
POFFEX,UGEPEB,0.9940475716368592
POFFEX,ICAGOK,0.923028402557454
POFFEX,JALPAQ,0.8766095210706676
POFFEX,IXAJUN,0.8759846100905586
POFFEX,NAPSUV,0.8712241247235145
POFFEX,SOZHOG,0.8632740052034076
POFFEX,IDUSIM,0.8621476334405538
POFFEX,IDUSIM01,0.8620014782423585
POFFEX,UNACIW,0.8618200497023447
POFFEX,UNABUH01,0.8617779072310136
POFFEX,IDUTIN,0.8615515533272919
POFFEX,IDUTEJ,0.861491650004575
POFFEX,ENITAX,0.841772983310208
POFFEX,DEGSIS01,0.8411265820883687
GUDCIT,HIQNUS,0.9536780723048028
CUPHUS,KOGYIP,0.9999992327573016
CUPHUS,PEKZIP,0.9999861976524158
CUPHUS,RAGREY,0.9999414439427308
CUPHUS,KIKRAA,0.9997073182510686
CUPHUS,LIRVAK,0.99956453797725
CUPHUS,XIQZIH,0.9991617073354232
CUPHUS,ASUKEE01,0.9987506699579912
CUPHUS,FITSAD,0.9984886347525734
CUPHUS,OJOQAF01,0.9941521893381988
CUPHUS,WURNOO,0.8597959810563087
CUPHUS,RANLAV,0.8529940288084622
CUPHUS,MUGQAI,0.8455716658070394
CUPHUS,JALPAQ,0.8445180278896032
CUPHUS,MOXPIZ,0.8385009387818781
ASUKEE,ASUKEE01,0.9999991907903646
LAWGOG,MIBQAR01,0.9999999053931596
LAWGOG,PEVQIS,0.9999988489243112
LAWGOG,MIBQAR15,0.9999987538987404
LAWGOG,MIBQAR07,0.999998432140556
LAWGOG,IFABIA03,0.9989771397711726
LAWGOG,IFABIA01,0.998888938104564
LAWGOG,REDROI,0.9987443445895344
LAWGOG,VEGMOK03,0.9984261086750316
LAWGOG,VEGMOK04,0.9984235495068208
LAWGOG,GATBUZ,0.9984219765108384
LAWGOG,FIJCUX01,0.9960302270454956
LAWGOG,ORIBAU,0.995407546249341
LAWGOG,VOLRAQ,0.9074266947678136
LAWGOG,BOLPAU,0.9067501188090096
LAWGOG,ODODIW,0.9065827223643708
LAWGOG,YOCGAZ,0.9064766153175884
LAWGOG,HUTZAX01,0.905884827766198
LAWGOG,DAWCIP,0.9049971050217852
LAWGOG,JENKET,0.9036493243807138
LAWGOG,CESQUP,0.8973132288731629
LAWGOG,JEDDII,0.8971897940443769
LAWGOG,PICCUC,0.8970363477304937
LAWGOG,NIYZIG,0.8968572673201127
LAWGOG,SACHIP,0.8960800448820019
LAWGOG,RUYGOJ,0.8899827179469385
LAWGOG,DITTEH,0.8853064853241219
LAWGOG,UKOLOV,0.8851656322949882
LAWGOG,FECYUJ,0.8845374664915213
LAWGOG,DARYIF,0.8842470670810565
LAWGOG,MIMRAB01,0.8842342051135593
LAWGOG,WORKUL,0.8842200315830063
LAWGOG,NIKHAS,0.8840107975133373
LAWGOG,QAQSAD,0.8822299702561266
LAWGOG,USAHAZ,0.8794485318753054
LAWGOG,IDIXAU,0.8778288652411161
LAWGOG,WUMDIT,0.8765823689983085
LAWGOG,XOQXIL,0.8758139118754626
LAWGOG,VEHJUP,0.8746847534886533
LAWGOG,KUNLEL,0.8746039941054271
LAWGOG,IJEXIF01,0.8744440598772567
LAWGOG,PERQUB,0.8737854893892258
LAWGOG,NIWYID,0.8737720029155693
LAWGOG,ULISOZ,0.8736229420548705
LAWGOG,REGREC,0.8730636087982764
LAWGOG,VAGMEX,0.8730155390761078
LAWGOG,FUTZEB,0.8722837653564935
LAWGOG,RUPVAB,0.8715276314498267
LAWGOG,NOXMAQ,0.8708252374132375
LAWGOG,ACIBOE,0.8706693573272688
LAWGOG,NANYUX01,0.8706077851933949
LAWGOG,VEHKAW,0.8705225492112119
LAWGOG,NANYUX03,0.8704825082059516
LAWGOG,FUTZAX,0.8691005366667514
LAWGOG,NENHEU,0.8684381397623022
LAWGOG,JEDVIA,0.8668675316868434
LAWGOG,OKELOH,0.8666905912867741
LAWGOG,SAVMAE,0.8642421233757378
LAWGOG,XEGWIS,0.862544493935461
LAWGOG,KAHMOW,0.8625286530484143
LAWGOG,XEGXIT,0.8625137741815879
LAWGOG,XEGWAK,0.8625014981630905
LAWGOG,DUFLOH,0.8608943950724104
LAWGOG,EGIKUB01,0.8606713436581812
LAWGOG,ZAQXEX,0.8592926041343045
LAWGOG,UBUMAH,0.8588028851342715
LAWGOG,LOWQIX,0.8583705785331677
LAWGOG,WIMWIA,0.8581387478801048
LAWGOG,HUVGEM,0.8578225741919154
LAWGOG,SOSQIC01,0.854709716849755
LAWGOG,WOJZOK01,0.8531193804904189
LAWGOG,TACJEO,0.8525699599554358
LAWGOG,PURJES,0.8494031647262358
LAWGOG,LEBQUH,0.8386391802360437
RUYGOJ,ROZXEL,0.9435334171278944
RUYGOJ,PIWLIT,0.9429624557256256
RUYGOJ,JENKET,0.9052230158642924
RUYGOJ,GUGNON,0.9048676893948124
RUYGOJ,FIJCUX01,0.896830327416937
RUYGOJ,KOZNEU,0.8956464589573451
RUYGOJ,GATBUZ,0.8952138207450674
RUYGOJ,VEGMOK04,0.8952119866103084
RUYGOJ,IFABIA,0.8945244043787799
RUYGOJ,IFABIA02,0.8942169495159183
RUYGOJ,IFABIA03,0.8941146085050307
RUYGOJ,VOLRAQ,0.8924959062578206
RUYGOJ,VUSKEA,0.8902517163528646
RUYGOJ,PEVQIS,0.8901571818922024
RUYGOJ,MIBQAR07,0.8901394927638846
RUYGOJ,MIBQAR01,0.8900341800717659
RUYGOJ,SAHYIK,0.8899434967953881
RUYGOJ,DITTEH,0.8830261858677215
RUYGOJ,NOXMAQ,0.8754675742787776
RUYGOJ,XAFFAN,0.8752860756827743
RUYGOJ,VAGMEX,0.8752251605854162
RUYGOJ,WUMDIT,0.8730808498693727
RUYGOJ,QEDZEG,0.8683855337067347
RUYGOJ,NIKHAS,0.8582651694145511
RUYGOJ,ACODIH,0.8408967466560214
RUYGOJ,NIYZIG,0.8380606326956469
YOZPAG,DIHVIB,0.9999962202174184
YOZPAG,YOZNAE,0.9999953708477888
YOZPAG,YOZMOR,0.9999936802926976
YOZPAG,YOZMIL,0.999987163650939
YOZPAG,XAMDUM06,0.9999831860711808
YOZPAG,LUDLED,0.9999821797295868
YOZPAG,YOZMEH,0.9999792954604164
YOZPAG,DIHVIB01,0.999979176626876
YOZPAG,XAMDUM01,0.9999767446069912
YOZPAG,RILFEA,0.9999766238503658
YOZPAG,XAMDUM03,0.9999653679492796
YOZPAG,XAMDUM04,0.9999561054422104
YOZPAG,XAMDUM05,0.9999535663186984
YOZPAG,XAMDUM02,0.9999367465105476
YOZPAG,TISPAO,0.9999041678122054
YOZPAG,DOTSOV13,0.9998605052342864
YOZPAG,DOTSOV10,0.9998597721084346
YOZPAG,DOTSOV08,0.999859086320902
YOZPAG,DOTSOV16,0.9998590738007326
YOZPAG,DOTSOV12,0.999859072527398
YOZPAG,QAWHIH,0.999453206811525
YOZPAG,WULJUJ,0.9987213335436798
YOZPAG,DOTSOV02,0.9986993106854208
YOZPAG,QIZLIW,0.9981130202812232
YOZPAG,GAVDUD,0.9958088621154308
YOZPAG,NEHZUY,0.9957385965411788
YOZPAG,OHOMIH,0.9931026127449718
YOZPAG,YOZNOS,0.9921048057385322
YOZPAG,YOZMUX,0.9884082097105962
YOZPAG,LASYOU,0.9467526433865232
YOZPAG,DALSOA,0.9329269855849353
YOZPAG,BABREE,0.9318152681124968
YOZPAG,MIKVEK,0.9293043307376968
YOZPAG,EXOYAS,0.9195078657082736
YOZPAG,IWEVAJ,0.9186105183913468
YOZPAG,RAWYAS,0.918566123832952
YOZPAG,CITXUZ,0.9180603975195778
YOZPAG,OFOCUI,0.907804106290062
YOZPAG,MOCKEV,0.9076582202831148
YOZPAG,MOCKAR,0.9076549721360768
YOZPAG,HOGLEV,0.9075141888659508
YOZPAG,EXOGAB,0.9074525563098416
YOZPAG,HOGLEV01,0.9073140839724302
YOZPAG,HANWAW,0.9059429168273048
YOZPAG,HUCBOX02,0.8972158046714207
YOZPAG,HUCBOX,0.8968962140278388
YOZPAG,RAHBOU,0.8967494231816385
YOZPAG,VUJBIM,0.8957173769388479
YOZPAG,MUDTEL,0.8951119595773809
YOZPAG,GIKMOD01,0.8924385230799889
YOZPAG,IPUPIU,0.8872083628874947
YOZPAG,VIXPUP01,0.8869354085939832
YOZPAG,RUVKAV,0.8868614130033654
YOZPAG,VIXPUP,0.8863828087717868
YOZPAG,LUDLAZ,0.8857279015164595
YOZPAG,PAFZEE,0.885049770962378
YOZPAG,WANJIF,0.8847824294701845
YOZPAG,XEDMEB,0.884512913843479
YOZPAG,ADONEP,0.8842806006352419
YOZPAG,APUPEH,0.8816316367747428
YOZPAG,EXAXAE03,0.8812111837626848
YOZPAG,EMUBIZ,0.8811738260486981
YOZPAG,ANUGOG,0.8778582755394566
YOZPAG,ANUGIA,0.877683608597509
YOZPAG,LAQNID,0.8689656525806481
YOZPAG,IWEQAD,0.8609842761144524
YOZPAG,NIGDIS,0.8608385145563398
YOZPAG,TEKYOA,0.8607534244094842
YOZPAG,OGEBAF01,0.8580473753703787
YOZPAG,JALPAQ,0.8576162681130354
YOZPAG,FAMQES,0.853553345466329
YOZPAG,FAMPUH,0.8535525765512175
YOZPAG,NAPSUV,0.8535518361752834
YOZPAG,FAMQAO,0.8535482077933407
YOZPAG,EDOSEY,0.8534969300736065
YOZPAG,ANUGEW,0.85203712313884
YOZPAG,LAYXER,0.8510209808844746
YOZPAG,MAVRAE,0.8508521884969374
YOZPAG,HEHROE,0.8486321757294
YOZPAG,DEKBON,0.8462834817718141
YOZPAG,RUJMEQ,0.8462423125563763
YOZPAG,UWALEL,0.8439814488437396
YOZPAG,BAZFUF01,0.8400094306875695
YOZPAG,REGYOT,0.8394567258830851
YOZPAG,ENIHUG,0.8391513056605393
YOZPAG,ENIHUG01,0.8391226647543648
YOZPAG,HUJGEA,0.8386367520851501
YOZPAG,YIMQOD,0.8379799734749117
DOTSOV13,DOTSOV16,0.999999996345504
DOTSOV13,DOTSOV14,0.9999999883813856
DOTSOV13,XAMDUM03,0.999964878687892
DOTSOV13,XAMDUM04,0.9999629273902428
DOTSOV13,XAMDUM02,0.9999572542583208
DOTSOV13,LUDLIH,0.999956706300112
DOTSOV13,RILFEA,0.9999513286864504
DOTSOV13,XAMDUM01,0.9999511468139785
DOTSOV13,DIHVIB01,0.999947453208771
DOTSOV13,UXISUR,0.9999472973008704
DOTSOV13,YOZMEH,0.999947275577194
DOTSOV13,LUDLED,0.9999423922200792
DOTSOV13,XAMDUM06,0.9999405419175856
DOTSOV13,YOZNIM,0.9999351082384044
DOTSOV13,YOZMIL,0.9999319105416774
DOTSOV13,XAMDUM07,0.9999295450412188
DOTSOV13,YOZNAE,0.9999066865951536
DOTSOV13,EBAMUS,0.9998460381549322
DOTSOV13,TISPAO,0.9995335487462566
DOTSOV13,QAWHIH01,0.99880874625285
DOTSOV13,OQIZUL,0.9977853727859848
DOTSOV13,NEHZUY,0.9971366817230428
DOTSOV13,QIZLOC,0.9950699691800589
DOTSOV13,OHOMIH,0.9949146604645444
DOTSOV13,YOZNOS,0.9911964497439818
DOTSOV13,BABREE,0.9324927482608424
DOTSOV13,ORAWAH,0.9316935197310944
DOTSOV13,MIKVEK,0.9305976339800696
DOTSOV13,EXOYAS,0.919935005523188
DOTSOV13,RAWYAS,0.9193462524917162
DOTSOV13,CITXUZ,0.9189823358361764
DOTSOV13,IWEVAJ,0.9187165718522072
DOTSOV13,EXOGAB,0.9079786101296736
DOTSOV13,HOGLEV01,0.907896323697191
DOTSOV13,YUGLES,0.9076876967281746
DOTSOV13,NUTQAV,0.9074244963900756
DOTSOV13,XIJSUH,0.9069474659675744
DOTSOV13,MOCKAR,0.9069408565129554
DOTSOV13,HANWAW,0.9069263180542186
DOTSOV13,PIDRAY,0.901141514512265
DOTSOV13,HUCBOX01,0.8973488151752047
DOTSOV13,RAHBOU,0.8971933241914308
DOTSOV13,HUCBOX,0.8971017983718239
DOTSOV13,PAMQIF,0.8970312679861252
DOTSOV13,MOFGOE,0.8962926707154408
DOTSOV13,VUJBIM,0.8946232260515252
DOTSOV13,GIKMOD,0.8946137047379985
DOTSOV13,MUDTEL,0.8938564873864885
DOTSOV13,VIXPUP01,0.8872458802693179
DOTSOV13,RUVKAV,0.8872156315031109
DOTSOV13,HOYQIX,0.8869733195055192
DOTSOV13,VIXPUP,0.8869578042699598
DOTSOV13,IPUPIU,0.8868449115294754
DOTSOV13,LUDLAZ,0.8865237729642564
DOTSOV13,IPUPOA,0.8856102007610225
DOTSOV13,PAFZEE,0.8850335803402624
DOTSOV13,WANJIF,0.8849300961952113
DOTSOV13,ADONEP,0.8846745404238909
DOTSOV13,APUPEH,0.8828756092149883
DOTSOV13,EXAXAE03,0.8825366348140185
DOTSOV13,ANUGOG,0.8779622052480925
DOTSOV13,ANUGIA,0.8771485642246896
DOTSOV13,LAQNID,0.86924125279285
DOTSOV13,KIRFOI,0.8666183280786368
DOTSOV13,HABQUY,0.8665740864923507
DOTSOV13,NIGDIS,0.8611183459554301
DOTSOV13,TEKYOA,0.8610887637692968
DOTSOV13,OGEBAF,0.8593802265866202
DOTSOV13,JALPAQ,0.8588792537725163
DOTSOV13,XITYOP,0.8583924055307544
DOTSOV13,IDUDIW,0.8574092991150176
DOTSOV13,FAMQAO,0.8534624616479589
DOTSOV13,FAMPUH,0.853434276870952
DOTSOV13,NAPSUV,0.8533829131646576
DOTSOV13,ANUGEW,0.8531861133895146
DOTSOV13,EDOSEY,0.8531800194492197
DOTSOV13,LAYXER,0.852371928792862
DOTSOV13,LAYXAN,0.8504174429555552
DOTSOV13,HEHROE,0.850372316440405
DOTSOV13,WARXUL,0.8495759348739613
DOTSOV13,DEKBON,0.8483375044880573
DOTSOV13,UWALEL,0.8461357943284624
DOTSOV13,SEMNIJ,0.8394026801669303
DOTSOV13,BAZGAM,0.8384699015248976
DOTSOV13,ENIHUG01,0.8384246635680449
VURMOL,SAVMAE,0.8911833201937668
VURMOL,CUVTOD,0.8498715334968641
VURMOL,MIBQAR07,0.8383207850128829
VURMOL,PEVQIS,0.8383186639359451
VURMOL,MIBQAR15,0.8383164860449939
VURMOL,VUSKEA,0.8383032275756986
XUZRIU,HABZEQ,0.999506573398272
XUZRIU,XEVSIB01,0.9992991469303234
XUZRIU,EJINIV01,0.910245231890094
XUZRIU,EJINIV,0.9102248582128012
XUZRIU,YIPFIO,0.9003776994137992
XUZRIU,VULFOZ,0.8772729399707729
XUZRIU,QIQTOB,0.8745924928717861
XUZRIU,FAHQIR,0.8745327476502647
XUZRIU,FAHQOX,0.8730150114121717
XUZRIU,FIQDER,0.8670025241154484
XUZRIU,TAHYUZ,0.8647796725822494
XUZRIU,BUKLOJ,0.8642356648223602
XUZRIU,IGAHED02,0.8642298568348459
XUZRIU,OCACUR,0.864195482983499
XUZRIU,UGECEO01,0.8641539915131358
XUZRIU,UGECEO03,0.8641040860807264
XUZRIU,VEFLUP,0.8616624357555542
XUZRIU,XIHSAJ01,0.8616348624289655
XUZRIU,XIHSEN01,0.8616343077301117
XUZRIU,XIHSAJ,0.8615709024272428
XUZRIU,KUHNEI,0.8594000247893206
XUZRIU,WINCEC,0.8581184747403103
XUZRIU,VOSSUT,0.8514693310705892
XUZRIU,MOXDEJ,0.8436526618027964
XUZRIU,XADDUD,0.8428604494424716
XUZRIU,DAFHEZ,0.842731237140291
XUZRIU,HAJYAV,0.8423702675848579
XUZRIU,CAQJOW,0.8423651059585466
XUZRIU,XADDOX,0.842067852997518
XUZRIU,WIMWEW,0.8409215750749143
XUZRIU,CAQKAJ,0.8378011140004517
WIMWEW,XADDUD,0.9995552933760864
WIMWEW,MOXDEJ,0.9987787468746804
WIMWEW,FILYEG,0.9987678398096914
WIMWEW,XAPSIS,0.896753512899452
WIMWEW,PUNYED,0.8919388041115901
WIMWEW,FUMJAZ,0.8632123771564341
WIMWEW,XIHSEN01,0.8612364705647606
WIMWEW,XIHSEN,0.8609274919290861
WIMWEW,BUKLOJ,0.8572710896864817
WIMWEW,VASYEW,0.8571037002887181
WIMWEW,RAKBIO,0.8545572839600319
WIMWEW,KESFOG,0.8532674125097184
WIMWEW,GAGWOB,0.852869029948509
WIMWEW,FEYJOJ,0.8523202311240263
WIMWEW,HABZEQ,0.8428921067502881
ACODIH,NIYZIG,0.999164903995695
ACODIH,WUMDIT,0.975395002978058
ACODIH,EKEKEL,0.9079964272912132
ACODIH,VEGMOK03,0.8972243621228891
ACODIH,REDROI,0.8971022505864619
ACODIH,ORIBAU,0.8970859282037119
ACODIH,IFABIA,0.8970162893298349
ACODIH,IFABIA02,0.8968286662975296
ACODIH,IFABIA01,0.8968056949797936
ACODIH,PEVQIS,0.894834375045895
ACODIH,MIBQAR12,0.8948285662135188
ACODIH,MIBQAR07,0.8948237736663568
ACODIH,MIBQAR01,0.8947609331843914
ACODIH,SAHYIK,0.8947065980585649
ACODIH,ROZXEL,0.8849661403777787
ACODIH,GUGNON,0.8514059995849061
ACODIH,JENKET,0.851204393831754
IFABIA01,IFABIA02,0.9999991853756308
IFABIA01,IFABIA,0.99983395856249
IFABIA01,VEGMOK03,0.9997757959342696
IFABIA01,GATBUZ,0.9997748731245576
IFABIA01,KOZNEU,0.9996642909581984
IFABIA01,PEVQIS,0.9989589533324696
IFABIA01,MIBQAR15,0.9989587688543892
IFABIA01,MIBQAR12,0.99894792730938
IFABIA01,MIBQAR01,0.9989089616367284
IFABIA01,LAWFOF,0.9988962353000346
IFABIA01,SAHYIK,0.9988841629679452
IFABIA01,FIJCUX01,0.9988261557380228
IFABIA01,ORIBAU,0.9984996286766492
IFABIA01,BOLPAU,0.9082125510983224
IFABIA01,BABRII,0.9080646144120728
IFABIA01,YOCGAZ,0.9079769460257152
IFABIA01,HUTZAX01,0.907787690862908
IFABIA01,DAWCIP,0.9075996596900496
IFABIA01,GUGNON,0.9072661486411152
IFABIA01,AWEYAE,0.905755321905764
IFABIA01,UYAPOA,0.9047719352893364
IFABIA01,VOLRAQ,0.9045435175390673
IFABIA01,JEDDII,0.8964205513010283
IFABIA01,QEDZEG,0.8948092069408848
IFABIA01,SACHIP,0.8927531613860147
IFABIA01,DITTEH,0.8869736976682011
IFABIA01,NIKHAS,0.8864953818855015
IFABIA01,EKEKEL,0.8863396466282802
IFABIA01,MIMRAB01,0.8850569142693242
IFABIA01,WORKUL,0.8849246440239731
IFABIA01,FECYUJ,0.8845810951013222
IFABIA01,USAHAZ,0.8829908042137127
IFABIA01,IDIXAU,0.8819899044668664
IFABIA01,DUPKAC,0.8771874102419495
IFABIA01,ZARLIP,0.876664280772082
IFABIA01,VAGMEX,0.8762670565005279
IFABIA01,NIWYID,0.8748439895457569
IFABIA01,PERQUB,0.8748348419370048
IFABIA01,ULISOZ,0.874817974832706
IFABIA01,FUVBAB,0.8740736119626213
IFABIA01,ACIBOE,0.8736389317698635
IFABIA01,NANYUX03,0.8735520024307352
IFABIA01,FUTZAX,0.8727596739735513
IFABIA01,NENHEU,0.8720549602728972
IFABIA01,JEDVIA,0.8713386636823607
IFABIA01,GADROU,0.8692521455592237
IFABIA01,OKELOH,0.8687299028604535
IFABIA01,AXOCEW,0.868713008241263
IFABIA01,XEGWIS,0.8665126702656135
IFABIA01,XEGWAK,0.8664945661841641
IFABIA01,XEGXIT,0.8664934793558939
IFABIA01,IGUFOH,0.8617701590910505
IFABIA01,UBUMAH,0.8607029965402297
IFABIA01,LOWQIX,0.8603491848682685
IFABIA01,HUVGEM,0.8602967270337871
IFABIA01,XENMIO,0.8602858221618305
IFABIA01,WIMWIA,0.8602684670131654
IFABIA01,YICQOS,0.8599270750654511
IFABIA01,CIQHOC,0.8534346446231144
IFABIA01,SIXWON,0.8533099445550608
IFABIA01,PURJAO,0.8532790788834441
IFABIA01,SOSQIC01,0.8526801505109614
IFABIA01,TACJEO,0.8524947430269059
IFABIA01,PURJES,0.8522858681406533
IFABIA01,NISCOJ,0.8462820513095636
IFABIA01,HOKLIE,0.839438122710637
GOQTIR,JUXZIN,0.9996610380992152
GOQTIR,FELXOM,0.9515916695867151
GOQTIR,FONKEA,0.9340516674069368
GOQTIR,FONQAC,0.9313674494749976
GOQTIR,FALGIK,0.8849360342363773
GOQTIR,RUXWEM03,0.8849037698909055
GOQTIR,YICRAF,0.8758825836520043
GOQTIR,DAPYAW,0.8747104941297625
GOQTIR,GOYLUB,0.8676435016721764
GOQTIR,QEKLID01,0.8575140975802109
GOQTIR,AWEJIW,0.8543603980176986
GOQTIR,PIKYIU,0.8500604727153237
GOQTIR,NOLRIR,0.8495735331450036
GOQTIR,WUZGEF01,0.8424193176129671
GOQTIR,EKUNON02,0.8419829520197033
GOQTIR,EKUNON,0.841935527781309
GOQTIR,EKUNON01,0.8418943900791773
GOQTIR,ULOGIL,0.841347328751672
FONKEA,FONQAC,0.9913862298661296
FONKEA,JUYJIY,0.9889135295717338
FONKEA,JUXZOT,0.9347200416065002
FONKEA,MUXVIM,0.9316772389799576
FONKEA,FIVRUA,0.9178726988271458
FONKEA,XOGWUN,0.9087862622072044
FONKEA,VAYFAE,0.9070030965694194
FONKEA,FELXOM,0.9056934650271622
FONKEA,EKUNON02,0.871748844277644
FONKEA,EKUNON,0.8716237283567916
FONKEA,ULOGIL,0.8702938252519664
FONKEA,FALGIK,0.8687422678269625
FONKEA,RUXWEM03,0.8659553148806127
FONKEA,YICRAF,0.8558685276567211
FONKEA,DAPYAW,0.8543879202812527
FONKEA,XEFGUN01,0.850004161028376
FONKEA,GOYLUB,0.8480651990052722
FONKEA,BERQIA,0.8453228511582271
FONKEA,YIHZIA02,0.8427137739167149
FONKEA,DELGIN,0.8419942512231491
FONKEA,IRELIC,0.8401096800496418
DUNXUH06,DUNXUH15,0.9999978052665944
MIHJUL,HELDOT,0.999995293532112
MIHJUL,DIBQOW,0.9999828408252992
MIHJUL,DIBQIQ,0.998895049036596
MIHJUL,NIGPAW,0.9784027098314784
MIHJUL,HURGOR,0.9548021443063616
MIHJUL,BEPRIZ,0.913177467022688
MIHJUL,NOMPOW,0.9120718834529984
MIHJUL,BUKLOJ,0.8989024645741002
MIHJUL,XAFFIV,0.885672847628374
MIHJUL,ERUNOW,0.8850716184520593
MIHJUL,DIDBEZ,0.8828905924065003
MIHJUL,DIDBID,0.8827954973170319
MIHJUL,DIDBAV,0.8821946811119421
MIHJUL,CAQKAJ,0.8762137480846645
MIHJUL,CAQKAJ01,0.8758445846352567
MIHJUL,TAHYUZ,0.8745023839002364
MIHJUL,HALVEY,0.8739133589363504
MIHJUL,XALMII,0.8719598602490493
MIHJUL,YATDOP,0.8708072547027318
MIHJUL,XALMOO,0.8677155807853643
MIHJUL,KESFOG,0.8651253774148358
MIHJUL,KESFIA,0.8651251085522869
MIHJUL,FEVDER,0.8648297203959178
MIHJUL,AZIHOI,0.8634302796933543
MIHJUL,VASYEW,0.8555046848125007
MIHJUL,NIDFOX,0.8544181141603338
MIHJUL,QIQTOB,0.8532347874321903
MIHJUL,SIDXOV,0.8493082482162818
MIHJUL,ONOCUR,0.8453396981225824
MIHJUL,FAHQOX,0.8430937507932039
MIHJUL,BAKJEE,0.843076158851806
MIHJUL,LIDSIC,0.8427855543249839
MIHJUL,BAKJOO,0.8425496881058829
MIHJUL,JEDVUM,0.8400177685739765
MIHJUL,CIPLIX,0.8400009180461979
MIHJUL,XAPSIS,0.8396350265194827
WEBLAQ,TOFQEM,0.999366679189949
WEBLAQ,RIGHAR,0.9990556232081348
WEBLAQ,ROCZEQ,0.9989822299470256
WEBLAQ,AVAQIX,0.9964658026048006
WEBLAQ,IGUTUB01,0.9202896074904968
WEBLAQ,XEFGUN01,0.8841303768818114
WEBLAQ,CIKCOQ,0.8778860802102212
WEBLAQ,KEPLID,0.8597381495628286
WEBLAQ,ZASJAG,0.8576324039874752
WEBLAQ,PIHJIB,0.852117011234472
WEBLAQ,ACUBOP,0.8439298958960882
WEBLAQ,EFUFEQ,0.8438085698385563
WEBLAQ,OVAJAX,0.8436026356772597
WEBLAQ,HIBSUG07,0.8434257479734133
WEBLAQ,ODIXIK,0.8429370229563842
WEBLAQ,ODIXAC,0.8421771363123668
WEBLAQ,NOZZOT,0.842138163530066
HIBSUG07,HIBSUG01,0.9999999598884776
HIBSUG07,HIBSUG06,0.9999997240216248
HIBSUG07,ACUBOP,0.9997744075538044
HIBSUG07,RIGHAR,0.8439751258451487
HIBSUG07,KEJBOQ,0.8433767695420598
VAKLIF,YINPEQ,0.999898909014133
VAKLIF,QUSBIQ,0.9991732678420248
VAKLIF,XEFGUN01,0.9969786776694884
VAKLIF,GOYLUB,0.995172447410222
VAKLIF,FALGIK,0.9471289047953751
VAKLIF,RUXWEM01,0.9452273120016116
VAKLIF,RUXWEM03,0.9447191723046198
VAKLIF,MINBEQ,0.9195153831576808
VAKLIF,WUHMOD,0.9081630117041148
VAKLIF,YILKAH,0.907949120459352
VAKLIF,ENITEB,0.9072909362973354
VAKLIF,YUYGOQ,0.907278450174516
VAKLIF,AJAKON,0.9065453922503935
VAKLIF,ODIXAC,0.9054562365505068
VAKLIF,POKZOG,0.905003342474614
VAKLIF,PIKYIU,0.9033232857230244
VAKLIF,IVOLIQ,0.8962202308163941
VAKLIF,JIYSUI,0.8872827273974371
VAKLIF,DELGIN,0.8867759505805475
VAKLIF,QEKLID,0.8867123260069053
VAKLIF,AWEJIW,0.8865514226951969
VAKLIF,LUWKIZ,0.8831997487408558
VAKLIF,KEJBOQ,0.879694790853512
VAKLIF,AVAQIX,0.8780936900215194
VAKLIF,IGUVIR,0.8761463913328325
VAKLIF,IGUTUB,0.8755935058439404
VAKLIF,MITSIS,0.8749992011279952
VAKLIF,PARKUQ01,0.874949192615758
VAKLIF,KUJMIN,0.8749197958568008
VAKLIF,YEYRAY,0.8747926152462493
VAKLIF,PIQQOX,0.874552475025037
VAKLIF,CEHKUW,0.874305838968635
VAKLIF,SIZGEO,0.8741992285237931
VAKLIF,NABLIM,0.8731567336738963
VAKLIF,IGUTUB01,0.87157303817854
VAKLIF,WAHQON,0.8666716690033706
VAKLIF,MUXVIM,0.8662430895936317
VAKLIF,EKUNON02,0.8618343527241896
VAKLIF,EKUNON,0.8617198138954077
VAKLIF,EKUNON01,0.8616233176897214
VAKLIF,PENNAZ,0.8609137973923515
VAKLIF,MICCIM,0.8609083876854442
VAKLIF,REFWIL,0.8608518128886609
VAKLIF,TULLIX,0.8608232952123405
VAKLIF,ULOGIL,0.860491131362878
VAKLIF,HIHGUC,0.8535531613197611
VAKLIF,EXEMUR,0.8534673718042384
VAKLIF,WIVRIE,0.8530299559867316
VAKLIF,EREGOY,0.8520874209064051
VAKLIF,FESYEK,0.8402045657276472
VUQJUN01,VUQKAU01,0.9981664568441648
VUQJUN01,VUQKAU02,0.9981087596173694
VUQJUN01,MAHTAR,0.9461332192037084
VUQJUN01,LUSHOX04,0.9458758107983938
VUQJUN01,LUSHOX02,0.9457871210407592
VUQJUN01,XUDSUK,0.9456993910865942
VUQJUN01,DADLEC,0.9224219407061738
VUQJUN01,BELTOD,0.884750455203864
VUQJUN01,WOBQEL,0.8669053044506003
VUQJUN01,ENISUQ,0.8651381352649058
VUQJUN01,DAWCOV,0.864871927981935
VUQJUN01,MIQCUL,0.8646841649433897
VUQJUN01,YEKJAC,0.846288001419428
VUQJUN01,KOCWEF,0.8461495304959358
VUQJUN01,YAQCEY,0.8444230006723805
VUQJUN01,DIWFAT,0.844028467708105
VUQJUN01,IVELUS,0.8433762682293054
HIYZEV01,EZATOP,0.923350040317034
HIYZEV01,ABAYIO,0.8962308374325056
HIYZEV01,PUNYIH,0.8952126981347202
HIYZEV01,WEYQAU16,0.8858458641769033
HIYZEV01,BETZOR,0.8847934170213655
HIYZEV01,WEYQAU02,0.882917889077522
HIYZEV01,WEYQAU06,0.8827681833826944
HIYZEV01,WEYQAU07,0.8825080048640008
HIYZEV01,WEYQAU10,0.8818820871139271
HIYZEV01,REZFEK,0.8641094149164931
HIYZEV01,XUDSUK,0.8582293818876999
HIYZEV01,LUSHOX02,0.8581229212563833
HIYZEV01,LUSHOX04,0.8579991463053136
HIYZEV01,MAHTAR,0.8575930089323323
HIYZEV01,BIRMUM,0.8547465485203923
HIYZEV01,EXUMEP,0.8545909308684337
HIYZEV01,BOYTEQ,0.8483560762285631
HIYZEV01,BAMHIJ,0.8420083873640734
ROLCEC16,ROLCEC01,0.999999759402812
ROLCEC16,ROLCEC09,0.9998963144367692
ROLCEC16,SANMAX,0.998550320876494
ROLCEC16,MACUFR06,0.9980542626841268
ROLCEC16,MAGNEQ01,0.997530139947674
ROLCEC16,YUKVOQ03,0.996642457628646
ROLCEC16,YUKVOQ07,0.996613836252854
EZINAE,WORKUL,0.9120085084969308
EZINAE,MIMRAB01,0.91176775180896
EZINAE,USAHAZ,0.9114986021007372
EZINAE,IDIXAU,0.9108159247416016
EZINAE,FECYUJ,0.9105673036007338
EZINAE,YOZYUJ,0.886329670293678
EZINAE,DUZPUL,0.8839856185398136
EZINAE,GUGNON,0.8533780151143261
EZINAE,JENKET,0.8531015930500971
EZINAE,BABRII,0.8530856306836441
EZINAE,NUCPIM,0.8520582699524926
EZINAE,VOLRAQ,0.8478994227149452
EZINAE,UYAPOA,0.8476450459031544
EZINAE,DIRPOL,0.8469004844008028
EZINAE,REGREC,0.8464032318393047
EZINAE,FUTZEB,0.8463797797633397
EZINAE,ULISOZ,0.846319110165008
EZINAE,NIWYID,0.8462751741811035
EZINAE,PERQUB,0.8462709303051239
EZINAE,NANYUX01,0.8460136650525658
EZINAE,VEHKAW,0.8459944949893398
EZINAE,VEHJUP,0.8455750050406337
EZINAE,FUTZAX,0.8454925749676081
EZINAE,KUNLEL,0.8419950694309764
QOZSIJ,KEPKUO,0.9111588529026052
QOZSIJ,GUGNON,0.8872299300614206
QOZSIJ,BABRII,0.8854392399496949
QOZSIJ,VOLRAQ,0.8779771454681488
QOZSIJ,UYAPOA,0.8777936155525384
QOZSIJ,IQOJAB,0.867210333703521
QOZSIJ,ROZXEL,0.853471166985615
QOZSIJ,BUVNIR,0.847819652945917
QOZSIJ,DITTEH,0.84645799563192
PUNYIH,WEYQEY,0.9970120140716155
PUNYIH,WEYQAU01,0.9945151619883528
PUNYIH,WEYQAU06,0.9939217848092236
PUNYIH,WEYQAU09,0.993403287667538
PUNYIH,WEYQAU10,0.9933315689370964
PUNYIH,BIYTOU,0.8839637990740644
PUNYIH,GELVEZ02,0.8827037061907266
PUNYIH,XUDSUK,0.8748999012698513
PUNYIH,LUSHOX04,0.8748566200572626
PUNYIH,MAHTAR,0.874755387507447
PUNYIH,DIJCOP,0.8732184931278584
PUNYIH,GOVWOF,0.8608273101594794
PUNYIH,WACLEU,0.8459226564380142
PUNYIH,INEXOQ,0.8378508268367812
REFWIL,FOKWUZ,0.9733659350923038
REFWIL,FOKWOT,0.971502340237677
REFWIL,JUQSIZ,0.958085419931196
REFWIL,POKZOG,0.957371862470876
REFWIL,MICCIM,0.9563652901193924
REFWIL,TULLIX,0.9556523692710543
REFWIL,YILKAH,0.9499195027868592
REFWIL,ESADUZ01,0.9491622266049424
REFWIL,WUHMOD,0.9479575463750984
REFWIL,TALBEQ,0.8892262231398289
REFWIL,REXYAX,0.8553449581076049
BOWDIC,BOWDUO,0.9999972601045714
BOWDIC,BOWDOI,0.9999918987003344
BOWDIC,VEDGAO,0.9999837081967196
BOWDIC,EXUXEC,0.999978452081606
BOWDIC,VEDFOB,0.9999747475296744
BOWDIC,VEDFER,0.9999722438871288
BOWDIC,VEDFIV,0.999952887122611
BOWDIC,VEDGIW,0.9999407853617666
BOWDIC,VEDGES,0.9999332785102716
BOWDIC,VODNOS,0.9999314534249606
BOWDIC,OJOBAS,0.9998662187306268
BOWDIC,ABAVIJ,0.9995237141401738
BOWDIC,TATSIS,0.9993752224596314
BOWDIC,ERUNUC,0.9231793399729432
BOWDIC,CAXZOS,0.9231340827448706
BOWDIC,DIDBEZ,0.9229149951661072
BOWDIC,DIDBID,0.9228416436927108
BOWDIC,DIDBAV,0.9228098072327864
BOWDIC,ERUNOW,0.9225654077033276
BOWDIC,JODGOA,0.8939697286293173
BOWDIC,FEVDER,0.8792508854529414
BOWDIC,BAKJOO,0.8790128324561618
BOWDIC,AZIHOI,0.8790066999719606
BOWDIC,LIDSIC,0.8788955761186827
BOWDIC,XALMOO,0.8601881109943922
BOWDIC,YATDOP,0.859896078111415
BOWDIC,XALMII,0.8581402735510288
BOWDIC,NIDFOX,0.8541897978645431
BOWDIC,FUMJAZ,0.8540596196627485
BOWDIC,HURGOR,0.8442051834472128
BOWDIC,DERBIO,0.8441050382878671
BOWDIC,NERVIP01,0.8439204744610649
BOWDIC,GAGWOB,0.8434436240781567
BOWDIC,RAKBIO02,0.8434069606859633
BOWDIC,RAKBIO,0.8433972772818256
BOWDIC,RAKBIO01,0.8433486842193263
BOWDIC,NERVOV,0.8433076981517342
BOWDIC,FAZPIH,0.8432492649133796
BOWDIC,WOPWOP,0.8432378257768867
BOWDIC,VOCKUT,0.8431363304999008
BOWDIC,NERVEL,0.8430891695713788
BOWDIC,CANROA,0.8429963166007941
BOWDIC,NERVIP,0.8428802047058425
POSGUB,DERBIO,0.847832663208237
POSGUB,HURGOR,0.8478209898177056
POSGUB,BEPRIZ,0.840137330626028
POSGUB,NOMPIQ01,0.8394077957522115
POSGUB,CIKPEU,0.839322493835202
QIYDIN,QIYDAF01,0.9979908741283268
QIYDIN,FAGQAI,0.997457609604466
QIYDIN,OGOJAX,0.9765013306056436
QIYDIN,BIHRUI,0.9764803710063658
QIYDIN,DICKEH,0.927664222510988
QIYDIN,YUGLES,0.8854945663779984
QIYDIN,SEMNIJ,0.8850777454518686
QIYDIN,LURRIA,0.882027439671478
QIYDIN,RUVKAV,0.8412912349709962
NOXMAQ,ROZXEL,0.9219226687102988
NOXMAQ,JENKET,0.8854769750871319
NOXMAQ,GUGNON,0.8851439853115757
NOXMAQ,DAWCIP,0.8848784531950694
NOXMAQ,BABRII,0.882207138227174
NOXMAQ,XAFFAN,0.8808048781506492
NOXMAQ,VAGMEX,0.8807498310134959
NOXMAQ,ORIBAU,0.8776814085685528
NOXMAQ,FIJCUX01,0.8774976769076944
NOXMAQ,KOZNEU,0.8763653272130052
NOXMAQ,GATBUZ,0.8759464918220666
NOXMAQ,VEGMOK04,0.8759447129778059
NOXMAQ,REDROI,0.8755342219478262
NOXMAQ,IFABIA,0.8752760980300927
NOXMAQ,IFABIA02,0.8749799614924499
NOXMAQ,IFABIA03,0.8748801926905166
NOXMAQ,VOLRAQ,0.8730159026182063
NOXMAQ,VUSKEA,0.871089919723732
NOXMAQ,MIBQAR15,0.8710108190045424
NOXMAQ,PEVQIS,0.8709970580204475
NOXMAQ,MIBQAR12,0.8709873913497251
NOXMAQ,MIBQAR07,0.8709799490084321
NOXMAQ,SAHYIK,0.8707868639745973
NOXMAQ,DITTEH,0.8643612539763463
NOXMAQ,WUMDIT,0.854889433073652
NOXMAQ,IGUFOH,0.8538535743948981
NOXMAQ,NIKHAS,0.8408173227059859
FOKWUZ,MICCIM,0.99347669984232
FOKWUZ,TULLIX,0.9930771247130532
FOKWUZ,PIQQOX,0.9777196825693816
FOKWUZ,JUQSIZ,0.9422665949753376
FOKWUZ,POKZOG,0.9422560985286256
FOKWUZ,YILKAH,0.9400213312083864
FOKWUZ,WUHMOD,0.9391439413740597
FOKWUZ,TALBEQ,0.8937967396418298
FOKWUZ,CISMEY,0.8474350936971623
YEYRAY,PARKUQ,0.999948437326195
YEYRAY,PARKUQ01,0.9999469650393312
YEYRAY,ODOXEK,0.9998129733570688
YEYRAY,MITSUE,0.9998023420658247
YEYRAY,MITSIS,0.9997689700508146
YEYRAY,SIZGEO,0.9996628995148064
YEYRAY,FUMJAA,0.9996226422701088
YEYRAY,NAPZOV,0.9187607362424351
YEYRAY,LIQFEY,0.9081702485688083
YEYRAY,FESYEK,0.908079061390804
YEYRAY,MICJOA,0.9080141769350292
YEYRAY,VIDVUB,0.9073818939884464
YEYRAY,GERWOR,0.907322066068953
YEYRAY,FIJDEI,0.896615362178185
YEYRAY,QEKLID01,0.8872185693781629
YEYRAY,QEKLID,0.8872020870457844
YEYRAY,GIYTOY,0.8741294924794943
YEYRAY,GIZNOT,0.8741199487918562
YEYRAY,VOTHOD,0.8734350815081464
YEYRAY,FIPKOG01,0.861156582397056
YEYRAY,PENNAZ,0.8611560822755959
YEYRAY,KETHEY,0.8589559757390429
YEYRAY,CIKCOQ,0.858920287825027
YEYRAY,DAKVIW,0.8533266875049563
YEYRAY,AWEJIW,0.8532841338282546
YEYRAY,EGUHOD01,0.8500107877106409
YEYRAY,TEMDIB,0.8396756139156277
YEYRAY,NENHAQ,0.8391853148703666
NUCPIM,DOYHOQ,0.9065563431212602
NUCPIM,DOYHIK,0.9023678443128298
NUCPIM,APACAX,0.8845391036264171
NUCPIM,DUZPUL,0.8790605976400647
NUCPIM,YOZYUJ,0.8759459537361887
NUCPIM,DITTEH,0.8719182254418276
NUCPIM,QUQFEO,0.8664074380990862
NUCPIM,OKELOH,0.8541749321939163
NUCPIM,VEHJUP,0.8396793498172014
NUCPIM,IJEXIF01,0.839622847357007
NUCPIM,ULISOZ,0.839229247018087
NUCPIM,REGREC,0.8388875390120956
NUCPIM,KUNLEL,0.8384089994419439
NUCPIM,FUTZEB,0.8383632277391735
YEKXOD,YEKYAQ,0.9992280819478196
YEKXOD,YEKXUJ,0.9971025213770146
YEKXOD,PIDRAY,0.8566875286864417
IPIJAT,HAZNON,0.8721741360810877
IPIJAT,HAZNIH,0.872065966757344
IPIJAT,KULMIP,0.8718864755388153
IPIJAT,FAVNAU,0.8470515098450246
FUTZEB,FUVBAB,0.9999499022687528
FUTZEB,REGREC,0.999933808045
FUTZEB,ACIBOE,0.9998112375215902
FUTZEB,NANYUX01,0.9997913870196964
FUTZEB,VEHKAW,0.9997786495750172
FUTZEB,ULISOZ,0.9997738613473184
FUTZEB,NIWYID,0.9997073221264468
FUTZEB,PERQUB,0.9997006574048436
FUTZEB,VEHJUP,0.9988170153065414
FUTZEB,JEDVIA,0.9985374340415348
FUTZEB,KUNLEL,0.9948284452440496
FUTZEB,RUPVAB,0.9877449132931858
FUTZEB,QUQFEO,0.9330126007397456
FUTZEB,QOPZIF,0.91907859727093
FUTZEB,FUDGIW,0.9082480120297448
FUTZEB,KEFBOO,0.9014175804324284
FUTZEB,DUNXUH15,0.8973596288621765
FUTZEB,DUNXUH,0.8973539974802653
FUTZEB,DUNXUH13,0.8973436537308437
FUTZEB,WIMWIA,0.8969281621824893
FUTZEB,LOWQIX,0.8969225915074245
FUTZEB,EGIKUB01,0.8953199038790459
FUTZEB,DITTEH,0.8872419716591384
FUTZEB,BOWJAA,0.8868966165562638
FUTZEB,APACAX,0.8778360147197003
FUTZEB,DOYHIK,0.8771519542648001
FUTZEB,DOYHOQ,0.8768108618238958
FUTZEB,NASROR,0.8757631851251333
FUTZEB,FIJCUX01,0.8748805977850316
FUTZEB,GATBUZ,0.8748457125080982
FUTZEB,VEGMOK04,0.8748452195096684
FUTZEB,REDROI,0.8747150794912384
FUTZEB,IFABIA,0.8746247891761276
FUTZEB,IFABIA03,0.8743998629794718
FUTZEB,CUVTOD,0.873780952624391
FUTZEB,VUSKEA,0.8724467735319597
FUTZEB,MIBQAR15,0.8723982642450412
FUTZEB,PEVQIS,0.8723897715057768
FUTZEB,MIBQAR07,0.8723790009771227
FUTZEB,LAWFOF,0.8722967035660615
FUTZEB,SAHYIK,0.8722599025254797
FUTZEB,UKOLUD,0.8689888914077419
FUTZEB,NUFCAU,0.8689218453954533
FUTZEB,GEYLEE,0.86888801190139
FUTZEB,SOWCOY,0.8611547340060837
FUTZEB,ADUVAZ,0.858465527463678
FUTZEB,LASMUP,0.8581456401299552
FUTZEB,WEHHIC,0.8534992851656842
FUTZEB,ALANAD,0.8528622543426716
FUTZEB,WEHJAW,0.8528027284406603
FUTZEB,WEHHOI,0.8527815383425092
FUTZEB,WORKUL,0.849546572256218
FUTZEB,MIMRAB01,0.8492847107636643
FUTZEB,CIJLIT,0.8461974901866192
FUTZEB,REYCEF,0.8451191974931014
FUTZEB,REYCUV,0.8416856132201118
FUTZEB,GUGNON,0.8401468730848151
FUTZEB,JENKET,0.8399587177310908
FUTZEB,JAYXAL,0.8396658155283409
SARBUK,PASGIB02,0.8830998020491444
SARBUK,NIPWIT01,0.8757962533201429
OGEBAF01,OGEBAF,0.9999737726608168
OGEBAF01,BIHROC,0.9782567534230348
OGEBAF01,BIHRUI,0.9780179813987172
OGEBAF01,OGOJAX,0.978008738281967
OGEBAF01,FAGQAI,0.9550147541366454
OGEBAF01,QIYDIN01,0.9498660791723958
OGEBAF01,YUGLES,0.9377569705842308
OGEBAF01,NUTQAV,0.9370555067563686
OGEBAF01,LURRIA,0.9240983590850732
OGEBAF01,VUJBIM,0.9212976377261096
OGEBAF01,MUDTEL,0.9199386897673234
OGEBAF01,RUVKAV,0.8950960315062853
OGEBAF01,QIZLIW,0.8610047920693165
OGEBAF01,DOTSOV12,0.859227964974687
OGEBAF01,DOTSOV08,0.8592279361104532
OGEBAF01,DOTSOV14,0.8592257027305927
OGEBAF01,DOTSOV10,0.8592253989857627
OGEBAF01,DOTSOV02,0.8591807061121755
OGEBAF01,EBAMUS,0.858856223703049
OGEBAF01,XAMDUM02,0.8587390958686708
OGEBAF01,XAMDUM04,0.8586933583323904
OGEBAF01,XAMDUM03,0.8586674910946295
OGEBAF01,LUDLIH,0.8586162623343147
OGEBAF01,XAMDUM01,0.8585605695801544
OGEBAF01,DIHVIB01,0.858534142501666
OGEBAF01,YOZMEH,0.85853283604345
OGEBAF01,LUDLED,0.8584991233659065
OGEBAF01,XAMDUM06,0.8584866712500068
OGEBAF01,YOZNIM,0.8584510836870292
OGEBAF01,XAMDUM07,0.8584158147781886
OGEBAF01,YOZMOR,0.8583144374061423
OGEBAF01,YOZNAE,0.8582819878581107
OGEBAF01,DIHVIB,0.8582597696317693
OGEBAF01,TISPAO,0.8568644177025244
OGEBAF01,QAWHIH01,0.8550137424492997
OGEBAF01,QAWHIH,0.8549088070045645
OGEBAF01,OQIZUL,0.8529023076609464
OGEBAF01,YOZNOS,0.846631468197639
OGEBAF01,ANUGOG,0.8391924670933814
WEHJAW,GAWMOJ,0.8955389820662738
WEHJAW,PURJAO,0.8955214256172491
WEHJAW,TACJEO,0.8944580090636232
WEHJAW,PURJES,0.8942548318824404
WEHJAW,HEZKIH,0.8715947345307538
WEHJAW,REYCEF,0.8671381222907868
WEHJAW,REYCUV,0.865708236606854
WEHJAW,FUDGIW,0.8600891670433897
WEHJAW,UVUFUO,0.8576397791058112
WEHJAW,PERQUB,0.8534513146129954
WEHJAW,ULISOZ,0.853400481861575
WEHJAW,REGREC,0.8531820542259769
WEHJAW,FAHMIM,0.853059213350921
WEHJAW,FUVBAB,0.8523657709783179
WEHJAW,ACIBOE,0.8518625850032725
WEHJAW,NANYUX01,0.8518198519443494
WEHJAW,NANYUX03,0.8517446170264024
WEHJAW,FUTZAX,0.8508334483563378
WEHJAW,JEDVIA,0.8492537288767291
WEHJAW,RUPVAB,0.846571144225837
DEKBON,LAYXAN,0.999804610096784
DEKBON,LAYXER,0.9990755660531704
DEKBON,ANUGEW,0.9984758327291976
DEKBON,NAFSOF,0.974115076727907
DEKBON,BAZGAM,0.9719915750884648
DEKBON,KIJRUS,0.96922868712134
DEKBON,HOYQIX,0.965070195842212
DEKBON,QOWRAV10,0.9488074207629248
DEKBON,QOWRAV09,0.9487836260256436
DEKBON,QOWRAV11,0.9487699511406108
DEKBON,QOWRAV08,0.9487422128013744
DEKBON,QOWRAV07,0.948713335173173
DEKBON,QOWRAV03,0.9486220575320362
DEKBON,QOWRAV02,0.9486039038221412
DEKBON,EXOGAB,0.9437006985989148
DEKBON,MIKVEK,0.9181714680710988
DEKBON,LASYOU,0.89105416231578
DEKBON,EPISOM,0.8838195076941181
DEKBON,ENIHUG,0.8811512078511613
DEKBON,MUNDOQ,0.879352276020089
DEKBON,HAYXIR,0.872420137996984
DEKBON,CEKHUY,0.8652808660355175
DEKBON,NEMCOA,0.865029473654099
DEKBON,WURNOO,0.8640084455882825
DEKBON,KAGJOS,0.8636934509120168
DEKBON,LURRIA,0.8625927999137369
DEKBON,ICAGOK,0.8615374046835059
DEKBON,SIXNEV,0.8613150119696387
DEKBON,SIXNOF,0.8611783019199322
DEKBON,ASIVAB,0.8601359084166142
DEKBON,AVAKAL02,0.8572719828259474
DEKBON,QIZLIW,0.8524980329219072
DEKBON,DOTSOV16,0.8483473207287995
DEKBON,DOTSOV12,0.8483472603493869
DEKBON,DOTSOV08,0.8483472351122401
DEKBON,XAMDUM02,0.8474782176138526
DEKBON,RILFEA,0.8471569493317312
DEKBON,XAMDUM01,0.8471547031911483
DEKBON,DIHVIB01,0.8471089939938483
DEKBON,UXISUR,0.8471070334351151
DEKBON,XAMDUM06,0.847027171802747
DEKBON,YOZNIM,0.8469659785820252
DEKBON,YOZMIL,0.8469321296550032
DEKBON,XAMDUM07,0.8469055702991024
DEKBON,YOZMOR,0.8467327621555474
DEKBON,YOZNAE,0.8466777035320472
DEKBON,DIHVIB,0.8466400905393036
DEKBON,WARXUL,0.8419732370792848
DEKBON,SIXNUL,0.8407507393382526
DEKBON,HANWAW,0.8404174237282799
DEKBON,OQIZUL,0.8385547283647974
DOTSOV30,DOTSOV24,0.9999999966801396
YUKVOQ07,OCUQIO,0.9999986968186284
YUKVOQ07,OCUQIO02,0.9999985560893792
YUKVOQ07,MAGMOZ01,0.9999878619773568
YUKVOQ07,MAGNEQ01,0.9999268488426274
YUKVOQ07,MACUFR04,0.999916476012484
YUKVOQ07,AYONOT,0.999904207785211
YUKVOQ07,CUFORM04,0.9997696267690832
YUKVOQ07,SANMAX,0.9995935304115028
YUKVOQ07,ROLCEC11,0.9976972932010212
YUKVOQ07,ROLCEC06,0.9975693148291566
DOTSOV41,DOTSOV39,0.9999998622471922
DADVAG,DADVAG02,0.9999974704634932
DADVAG,DADVAG05,0.9999967751977938
DADVAG,DADVAG04,0.9999957282916196
DADVAG,DADVAG03,0.999993513841825
DADVAG,DADVAG07,0.9999849322133568
LEDLEN,PARNON,0.999969332121283
LEDLEN,PARNIH,0.9999020329417052
LEDLEN,YAVYAW01,0.9956288331526264
LEDLEN,YAVYAW02,0.9955861211577244
LEDLEN,GOXZIE,0.9940952025061628
KAKTIA,KAKTIA01,0.9999959193818276
KAKTIA,POFDEV,0.9999789302372324
KAKTIA,VOJPUG01,0.999859544893523
KAKTIA,UFUNAK,0.999810055856211
KAKTIA,AHEMEG,0.9997756937747508
KAKTIA,POFDOF,0.9995001193300016
KAKTIA,BAHGUN,0.9994100470039304
KAKTIA,BAHGUN01,0.9994095698853837
KAKTIA,QERZUI,0.9993719714578684
KAKTIA,BAHGUN03,0.9993622213702192
KAKTIA,POFFAT,0.999358803496532
KAKTIA,BAHGUN04,0.9993175773145448
KAKTIA,NIHDIU,0.9989960104214008
KAKTIA,NELCEN,0.9988914162379134
KAKTIA,UGEPEB01,0.9988408125752452
KAKTIA,UGEPEB,0.9983613703570616
KAKTIA,QIWQES,0.9962279352695788
KAKTIA,WURNOO,0.9232699272035404
KAKTIA,ICAGOK,0.923039490284672
KAKTIA,NAPSUV,0.8691653808723646
KAKTIA,SOZHOG,0.866084557748954
KAKTIA,IDUSIM,0.8656070522701893
KAKTIA,IDUSIM01,0.8655559386158613
KAKTIA,UNACES,0.8654820266246039
KAKTIA,UNABUH01,0.8654194817645438
KAKTIA,UNABUH,0.8654149224612113
KAKTIA,IDUTIN,0.8653078984433844
KAKTIA,IDUTEJ,0.8652809836468176
KAKTIA,QESBAR,0.8439025770495512
KAKTIA,DEGSIS01,0.8436312585469143
KAKTIA,CEZYOY,0.8432461730353016
KAKTIA,ENITAX,0.8428919401199282
LUSHOX02,MAHTAR,0.9999727833468744
LUSHOX02,ENISUQ,0.9070525654876792
LUSHOX02,DAWCOV,0.9052941920717896
LUSHOX02,BELTOD,0.8969119017246825
LUSHOX02,PUGHAC,0.8961646903930356
LUSHOX02,PUGFII,0.8959684346997109
LUSHOX02,IVELUS,0.8850469067867471
LUSHOX02,FEJFAE,0.8850115096421538
LUSHOX02,JIYPAL,0.8849969631910141
LUSHOX02,IVEMAZ,0.884940466541613
LUSHOX02,YEKJAC,0.8849188767278493
LUSHOX02,DIWFAT,0.8847561007549108
LUSHOX02,YAQCEY,0.8836054587738004
LUSHOX02,OSADIX,0.8777657500312614
LUSHOX02,DADLEC,0.8756933842305784
LUSHOX02,ABAYIO,0.8743335381123335
LUSHOX02,WEYQAU16,0.8721466786910208
LUSHOX02,WEYQAU01,0.870984079332901
LUSHOX02,WEYQAU02,0.8705578970954257
LUSHOX02,WEYQAU06,0.8704737387949825
LUSHOX02,WEYQAU07,0.8703235578133246
LUSHOX02,WEYQAU09,0.8700231252684977
LUSHOX02,WEYQAU10,0.8699609544852209
LUSHOX02,XIHXET,0.868428593082666
LUSHOX02,AVILAT,0.8670318320707113
LUSHOX02,XOHTOE,0.8624583083176818
LUSHOX02,MUMBIH,0.8610886551065291
LUSHOX02,MUVJIX,0.8536302096388176
LUSHOX02,NEDVOJ,0.8503659650486196
LUSHOX02,WOBQEL,0.8467254343908015
LUSHOX02,WURKEB,0.8464584145324008
LUSHOX02,GURXIB,0.8391354793563248
YOZNIM,XAMDUM06,0.9999998682049756
YOZNIM,YOZMEH,0.9999993563616264
YOZNIM,UXISUR,0.9999993541330884
YOZNIM,DIHVIB01,0.9999993492728624
YOZNIM,XAMDUM01,0.9999988633873012
YOZNIM,RILFEA,0.9999988234663156
YOZNIM,YOZMOR,0.9999981070874876
YOZNIM,DIHVIB,0.9999967026436
YOZNIM,XAMDUM05,0.9999906511155204
YOZNIM,XAMDUM04,0.9999889013837936
YOZNIM,DOTSOV10,0.999934607894034
YOZNIM,DOTSOV14,0.9999345609447968
YOZNIM,DOTSOV12,0.99993414302117
YOZNIM,DOTSOV08,0.9999341393107452
YOZNIM,DOTSOV16,0.9999341307581648
YOZNIM,TISPAO,0.9998165456246604
YOZNIM,QAWHIH01,0.9992994672861611
YOZNIM,QAWHIH,0.9992635402141864
YOZNIM,WULJUJ,0.998874433792027
YOZNIM,OQIZUL,0.9984774615585952
YOZNIM,QIZLIW,0.9984247346950584
YOZNIM,NEHZUY,0.9962130169936976
YOZNIM,QIZLOC,0.9938834027288284
YOZNIM,OHOMIH,0.9937085702216324
YOZNIM,YOZNOS,0.9918583791912468
YOZNIM,YOZMUX,0.9880986358957422
YOZNIM,LASYOU,0.9465808593065684
YOZNIM,ORAWAH,0.9322132848215088
YOZNIM,BABREE,0.9320608491978676
YOZNIM,MIKVEK,0.9297460170380888
YOZNIM,RAWYAS,0.9188443135292528
YOZNIM,IWEVAJ,0.9186802677750782
YOZNIM,CITXUZ,0.9183836071600282
YOZNIM,YUGLES,0.9080041406665844
YOZNIM,NUTQAV,0.9078217880214768
YOZNIM,HOGLEV,0.9077035109249596
YOZNIM,HOGLEV01,0.90752940950084
YOZNIM,MOCKAR,0.9074580110219116
YOZNIM,HANWAW,0.9062866790281014
YOZNIM,PIDRAY,0.8997301336296697
YOZNIM,HUCBOX02,0.897291148402
YOZNIM,HUCBOX01,0.8972307972581106
YOZNIM,PAMQIF,0.8967733493358504
YOZNIM,MOFGOE,0.8958220381477606
YOZNIM,GIKMOD,0.8937076560173421
YOZNIM,GIKMOD01,0.8929490143100917
YOZNIM,VIXPUP01,0.8870643901819856
YOZNIM,RUVKAV,0.8870042736960824
YOZNIM,VIXPUP,0.8865958306621984
YOZNIM,KANMIX,0.8850657362484188
YOZNIM,IPUPOA,0.8848850054478307
YOZNIM,XEDMEB,0.8846771293287126
YOZNIM,ADONEP,0.8844387750707927
YOZNIM,ANUGOG,0.8779215677277427
YOZNIM,ANUGIA,0.8775436464863897
YOZNIM,NEMCOA,0.8744383738788498
YOZNIM,HABQUY,0.8663817747814748
YOZNIM,IWEQAD,0.861068932768556
YOZNIM,NIGDIS,0.8609580484011035
YOZNIM,TEKYOA,0.8608902809069789
YOZNIM,JALPAQ,0.8580477682668038
YOZNIM,IXAJUN,0.857377517302987
YOZNIM,IDUDIW,0.8563651508703949
YOZNIM,FAMQAO,0.8535511987765508
YOZNIM,FAMPUH,0.853545218634864
YOZNIM,NAPSUV,0.8535283552399112
YOZNIM,EDOSEY,0.8534263677662937
YOZNIM,EPISOM,0.8525399463728476
YOZNIM,MAVRAE,0.8512276527369234
YOZNIM,RUJMEQ,0.8463255191193297
YOZNIM,UWALEL,0.844695760198976
YOZNIM,BAZFUF01,0.8398897844128068
YOZNIM,SEMNIJ,0.8396075566530882
YOZNIM,ENIHUG,0.838964073577236
YOZNIM,ENIHUG01,0.8389308431498987
YOZNIM,HUJGEA,0.838865443112122
YOZNIM,BAZGAM,0.8378110731366634
FOKYIP,WAYKAK,0.9322970160239376
FOKYIP,ZEDVOV,0.8872430060702009
FOKYIP,FOCZEE,0.8839519826046367
FOKYIP,AMIXOK,0.8826197280907766
NAYZOE,XAWVUN,0.9902324073948144
NAYZOE,AVAKAL02,0.9625341380290784
DUGDOA,DUGDOA01,0.9999628090595192
DUGDOA,HISSIN,0.9453077659794296
DUGDOA,WOJZIG,0.9385637403120376
DUGDOA,WIPLOY,0.9093527704560828
DUGDOA,EXUTAU,0.9082275903038546
DUGDOA,EXUSUN,0.9082207534997896
DUGDOA,WECSAZ,0.9079176340777346
DUGDOA,EHAZES,0.9075700467555646
DUGDOA,WECSAZ01,0.9074029401543272
DUGDOA,YIXFOC03,0.9064580316138078
DUGDOA,LARYEK03,0.9021112719020472
DUGDOA,EWASIG,0.8644163849504569
DUGDOA,YABKEU,0.8609656937082919
DUGDOA,VITYUU,0.8591585591691899
DUGDOA,DARDIL,0.8475083509570827
DUGDOA,QICXUY,0.8473680047552097
DUGDOA,NAJSUP,0.842713684469728
BUVNIR,DARYIF,0.9983562716919728
BUVNIR,WOJZOK01,0.8959837693103442
BUVNIR,SAHYIK,0.8849343221140842
BUVNIR,LAWFOF,0.8849261031416409
BUVNIR,MIBQAR01,0.8849216716286932
BUVNIR,MIBQAR15,0.8849007972272177
BUVNIR,VUSKEA,0.8848878698704905
BUVNIR,IFABIA03,0.8831713459144637
BUVNIR,IFABIA02,0.8830762179324032
BUVNIR,VEGMOK04,0.8823898265833712
BUVNIR,ORIBAU,0.8786993045511563
BUVNIR,IQOJAB,0.8719029020932108
BUVNIR,KEPKUO,0.8623333766673247
BUVNIR,IQAGEN,0.8601889832663822
BUVNIR,VALGAS,0.8567367796183283
BUVNIR,XALXIS01,0.8438047905929296
BUVNIR,PIWLIT,0.8405642050136479
BUVNIR,ODODIW,0.8401941477536052
BUVNIR,YOCGAZ,0.8400571148931946
BUVNIR,PASGEX04,0.8396155649004017
BUVNIR,ROZXEL,0.8393612588321278
ABAVIJ,TATSIS01,0.9999004299011196
ABAVIJ,KEJWAY,0.999706924236577
ABAVIJ,TATSIS,0.9996448880919806
ABAVIJ,VEDFER,0.99950298798709
ABAVIJ,AHETAK,0.9994657496666944
ABAVIJ,BOWDUO,0.9994514218320588
ABAVIJ,VEDFUH,0.9994177756622956
ABAVIJ,VEDFAN,0.9994079221951266
ABAVIJ,VEDFIV,0.9994071425228368
ABAVIJ,VEDFOB,0.9993869609259748
ABAVIJ,VEDGAO,0.99937251129575
ABAVIJ,LASMAV,0.9993248771118444
ABAVIJ,VEDGES,0.9992613651924828
ABAVIJ,CIJBEE,0.9992213372567073
ABAVIJ,VEDGIW,0.9992174432562244
ABAVIJ,OJOBAS,0.9990337799955596
ABAVIJ,CEYPUT,0.9990227226285504
ABAVIJ,YIGGEB,0.9984896660039724
ABAVIJ,ABAVUV,0.9968944119405332
ABAVIJ,DIDBAV,0.9231194811473162
ABAVIJ,DIDBEZ,0.9229691291219826
ABAVIJ,DIDBID,0.9229579264745094
ABAVIJ,JODGIU,0.9229446988284148
ABAVIJ,ERUNUC,0.9222536235150708
ABAVIJ,ERUNOW,0.921246877697349
ABAVIJ,BUKLOJ,0.884001825524784
ABAVIJ,AZIHOI,0.8790131298400893
ABAVIJ,FEVDER,0.8789365028642206
ABAVIJ,TIDNIF,0.8781609219054538
ABAVIJ,BAKJOO,0.8780421907983549
ABAVIJ,LIDSIC,0.8778287761329054
ABAVIJ,BAKJEE,0.877530855885359
ABAVIJ,SIDXOV,0.8740340163055927
ABAVIJ,XALMOO,0.8599843390136832
ABAVIJ,YATDOP,0.8588255060238011
ABAVIJ,DIQHAO01,0.8584823109844892
ABAVIJ,NIDFOX,0.8558982372192323
ABAVIJ,FUMJAZ,0.8557938112204724
ABAVIJ,DIQHAO,0.8554193799376189
ABAVIJ,XEVXUT,0.8539526136245467
ABAVIJ,GAGWOB,0.8438374147700933
ABAVIJ,FAZPIH,0.8437369912951515
ABAVIJ,NERVEL,0.843650079879672
ABAVIJ,NERVOV,0.8435872631674488
ABAVIJ,NERVIP,0.8434009206233564
ABAVIJ,HURGOR,0.8432843616569219
ABAVIJ,DERBIO,0.8431092657160534
ABAVIJ,YIRSUQ,0.8429179248815521
ABAVIJ,CANROA,0.8425317497138214
ABAVIJ,RAKBIO,0.8421814868197053
ABAVIJ,RAKBIO01,0.8421116362885882
JEDVUM,CIPLIX,0.999999640385709
JEDVUM,XAPSIS,0.9998966803543122
JEDVUM,PUNYED,0.9911965650338452
JEDVUM,ABAYOU,0.99035292572641
JEDVUM,KESFIA,0.9468685792769612
JEDVUM,UFUKUB03,0.9189631248297744
JEDVUM,UFUKUB02,0.918808634970578
JEDVUM,UFUKUB01,0.9170953601520324
JEDVUM,BEXVAD01,0.9082235460951824
JEDVUM,ALIXID,0.906267211080568
JEDVUM,FILYAC,0.8966414488863742
JEDVUM,DAFHEZ,0.8950875504102812
JEDVUM,XADDUD,0.894953164888921
JEDVUM,FILYEG,0.8936027349033698
JEDVUM,MOXDEJ,0.8935321149388974
JEDVUM,FISQEG,0.8834243588074177
JEDVUM,XUDVAV,0.8757983551372907
JEDVUM,EDAJUP,0.8630862067306205
JEDVUM,LIDSIC,0.8606928638073609
JEDVUM,QUSVOQ,0.8606710483792503
JEDVUM,BAKJOO,0.860544808668758
JEDVUM,TIDNIF,0.8571346461224223
JEDVUM,XIHSEN01,0.8446007498931329
JEDVUM,XIHSAJ01,0.8445837899307544
JEDVUM,NIGPEA,0.840201905665854
JEDVUM,DIBQOW,0.8401145359560458
JEDVUM,HELDOT,0.8399534083829379
AMOMUM,XACLOF,0.9996087331422217
XACLOF,NUDNUW01,0.9999932753004636
XACLOF,NUDNUW06,0.999985496839884
XACLOF,IZIDOM,0.9999777831085392
XACLOF,NUDNUW09,0.9999191862262056
XACLOF,PESTAL,0.9999091516122004
XACLOF,NUDPAE09,0.9998819689199164
XACLOF,NUDPAE,0.9996163437268072
XACLOF,VICBEQ,0.999593457609643
XACLOF,NUDPAE12,0.9984695109048236
XACLOF,NIKYUC,0.997545507773382
XACLOF,CAJHUS01,0.9970344812981202
XACLOF,NIHBAI02,0.9968146095630084
XACLOF,IZAKAX,0.996022975559684
XACLOF,IZAJUQ,0.9959853616978362
KENVIL02,KENVOR01,0.9999982948259416
KENVIL02,KENVOR,0.9999917021160604
KENVIL02,KENTEF03,0.9999858242312376
KENVIL02,KEPMUQ05,0.8786978393184598
MAGVOG30,MAGVOG31,0.9999999783927024
MAGVOG30,MAGVOG29,0.9999994176195972
MAGVOG30,MAGVOG28,0.999999403375898
MAGVOG30,MAGVOG33,0.9999984507260672
MAGVOG30,MAGVOG34,0.9999971455100302
MAGVOG30,MAGVOG35,0.999996495331169
MAGVOG30,MAGVOG08,0.9999961820391172
MAGVOG30,ACAZEK,0.9970122625081808
UXISUR,DIHVIB01,0.9999999882559738
UXISUR,RILFEA,0.9999999198007932
UXISUR,LUDLED,0.9999998908789712
UXISUR,XAMDUM07,0.9999987136869756
UXISUR,LUDLIH,0.9999971482295064
UXISUR,YOZMOR,0.9999952910656262
UXISUR,XAMDUM05,0.9999948650308256
UXISUR,XAMDUM04,0.9999916200643666
UXISUR,XAMDUM02,0.9999774134415302
UXISUR,DOTSOV10,0.9999468462695936
UXISUR,DOTSOV14,0.9999467813269
UXISUR,DOTSOV08,0.9999464236927512
UXISUR,DOTSOV16,0.9999464159690488
UXISUR,DOTSOV12,0.9999464044527152
UXISUR,EBAMUS,0.999828425344713
UXISUR,QAWHIH01,0.999256798742127
UXISUR,DOTSOV02,0.9988741300363284
UXISUR,QIZLIW,0.9984871254435378
UXISUR,GAVDUD,0.9963752643365398
UXISUR,NEHZUY,0.9963099253423564
UXISUR,QIZLOC,0.9940053891894762
UXISUR,OHOMIH,0.9938330640494104
UXISUR,LASYOU,0.946539814896691
UXISUR,DALSOA,0.9329905095975656
UXISUR,ORAWAH,0.9321677186241992
UXISUR,MIKVEK,0.929835132193005
UXISUR,RAWYAS,0.9188996491503212
UXISUR,IWEVAJ,0.9186818098811336
UXISUR,CITXUZ,0.9184485215488096
UXISUR,YUGLES,0.90797867282295
UXISUR,HOGLEV01,0.9075714138379792
UXISUR,MOCKEV,0.90742105067732
UXISUR,XIJSUH,0.9074179948410522
UXISUR,PIDRAY,0.8998751072602884
UXISUR,HUCBOX01,0.8972482658114935
UXISUR,RAHBOU,0.8969534558108013
UXISUR,MOFGOE,0.8958743254940285
UXISUR,VUJBIM,0.8953285008086791
UXISUR,HOYQIX,0.8871823428934525
UXISUR,VIXPUP01,0.8870880588365001
UXISUR,RUVKAV,0.8870309250183035
UXISUR,VIXPUP,0.8866373497779702
UXISUR,KANMIX,0.8850596910232733
UXISUR,IPUPOA,0.8849623403487257
UXISUR,XEDMEB,0.8847083302142396
UXISUR,APUPEH,0.8821436736602628
UXISUR,EXAXAE,0.8820804628103733
UXISUR,ANUGOG,0.8779313657801073
UXISUR,ANUGIA,0.8775104031266978
UXISUR,NEMCOA,0.8745318982700392
UXISUR,CEKHUY,0.8739889450417557
UXISUR,HIDTUM,0.8732355462951842
UXISUR,KIRFOI,0.8658199249392116
UXISUR,NIGDIS,0.8609792414469538
UXISUR,TEKYOA,0.860915665789
UXISUR,TOVWAE,0.8608594867532238
UXISUR,OGEBAF,0.8587205842930243
UXISUR,XITYOP,0.8575857955001637
UXISUR,IXAJUN,0.8574743626827489
UXISUR,FAMQAO,0.8535482005235496
UXISUR,FAMPUH,0.8535400212285833
UXISUR,NAPSUV,0.8535197784163598
UXISUR,EDOSEY,0.8534078301183886
UXISUR,EPISOM,0.8525793356781912
UXISUR,ANUGEW,0.8525126146622519
UXISUR,LAYXER,0.8515741639540945
UXISUR,MAVRAE,0.8513031609501933
UXISUR,HEHROE,0.8493350576720444
UXISUR,UWALEL,0.8448435541974004
UXISUR,BAZFUF01,0.8398608333849871
UXISUR,REGYOT,0.839685188344201
UXISUR,LUKLIN,0.8396777929536283
UXISUR,SEMNIJ,0.8395930914525334
UXISUR,ENIHUG,0.8389208246443463
UXISUR,HUJGEA,0.8389099363486058
UXISUR,ENIHUG01,0.8388866138005561
UXISUR,BAZGAM,0.8378778927226979
WORKUL,MIMRAB01,0.999855163304156
WORKUL,QAQSAD,0.9994178466531352
WORKUL,FECYUJ,0.9992147034964654
WORKUL,IDIXAU,0.996863802077941
WORKUL,DIRPOL,0.9207649386623866
WORKUL,IFABIA,0.8850642958324835
WORKUL,REDROI,0.8850351958084063
WORKUL,VEGMOK03,0.8849686554258301
WORKUL,VEGMOK04,0.8849679821501816
WORKUL,GATBUZ,0.8849675675540165
WORKUL,IFABIA03,0.8849574474017724
WORKUL,KOZNEU,0.8848397656210019
WORKUL,MIBQAR15,0.884283890880585
WORKUL,PEVQIS,0.8842790850125728
WORKUL,MIBQAR12,0.8842759525417573
WORKUL,MIBQAR07,0.8842726700522975
WORKUL,LAWFOF,0.8842273110244501
WORKUL,SAHYIK,0.8842063855514837
WORKUL,FIJCUX01,0.8839349761696165
WORKUL,NENHEU,0.8693787185111533
WORKUL,EGIKUB01,0.8634924857926259
WORKUL,LOWQIX,0.8633836432562043
WORKUL,SAVMAE,0.860689348059827
WORKUL,OFIXOR,0.850065744762327
WORKUL,PERQUB,0.8500388703706762
WORKUL,IJEXIF01,0.8500375274955281
WORKUL,NIWYID,0.8500365481256305
WORKUL,VEHJUP,0.849937190112548
WORKUL,REGREC,0.8498524867737024
WORKUL,FUVBAB,0.8491732976714894
WORKUL,ACIBOE,0.8487301753692346
WORKUL,FUTZAX,0.8478002323834309
WORKUL,KUNLEL,0.8476566989534924
WORKUL,JEDVIA,0.8463407636448914
WORKUL,PIWLIT,0.8439924952065904
WORKUL,ROZXEL,0.8435342456777951
WORKUL,HUTZAX01,0.8426220255239574
WORKUL,WUHNUK,0.8424501502687732
WORKUL,GUGNON,0.842059884446063
WORKUL,VOLRAQ,0.8396460071910617
WORKUL,UYAPOA,0.8393460518534608
UNABUH01,IDUSIM02,0.999999989276059
UNABUH01,UNABUH,0.9999996304650712
UNABUH01,UNACIW,0.9999995873005816
UNABUH01,UNACES,0.9999991263321518
UNABUH01,IDUTIN,0.999997419391077
UNABUH01,IDUSIM,0.9999923659042944
UNABUH01,SOZHOG,0.9998629431912216
UNABUH01,MAVRAE,0.9236614720569314
UNABUH01,FAMQES,0.8796862292001564
UNABUH01,UFUNIS,0.8666490382626435
UNABUH01,UGEPEB01,0.8666368596618634
UNABUH01,BAHGUN04,0.8665874953782613
UNABUH01,QERZUI,0.8665655439617274
UNABUH01,BAHGUN02,0.8665414108305363
UNABUH01,HAWZEM,0.8665294519654947
UNABUH01,EGOZAB,0.8664799180163933
UNABUH01,POFDIZ,0.8659869540436934
UNABUH01,KAKTIA01,0.8654276325880397
UNABUH01,POFDEV,0.8652380001161158
UNABUH01,IPINAY,0.86461552365923
UNABUH01,POFDOF,0.863710126835098
UNABUH01,POFFAT,0.8634371612106347
UNABUH01,QIWQES,0.8577495403284716
UNABUH01,JALPAQ,0.8543150642445128
UNABUH01,EDOSEY,0.8399269130357103
UHISEK,KAHWOG,0.999731118557613
UHISEK,OPENUT,0.9977657576415374
UHISEK,YIXFOC03,0.8601943902443181
UHISEK,WECSAZ01,0.8593430987987817
UHISEK,WECSAZ,0.858384254615946
UHISEK,EXUTAU,0.8568525053093501
UHISEK,YABKEU,0.8550094369725878
UHISEK,VITYUU,0.8549206916590752
NOZZOT,ODIXAC,0.9999995462715984
NOZZOT,ODIXIK,0.9995352152537488
NOZZOT,ENITEB,0.999488612527806
NOZZOT,GOYLUB,0.907991094166656
NOZZOT,RUXWEM03,0.8651344163618206
NOZZOT,RUXWEM01,0.8650633876996309
NOZZOT,GERWOR,0.8610350471844208
NOZZOT,KEJBOQ,0.8425763357043896
NOZZOT,MINBEQ,0.8420040229239953
NOZZOT,JIYSUI,0.8392830596652945
VEHKAW,FUVBAB,0.9999391267968324
VEHKAW,REGREC,0.9994707154282064
VEHKAW,JEDVIA,0.9994499295156531
VEHKAW,NIWYID,0.9989792153009622
VEHKAW,KUNLEL,0.9924918811262065
VEHKAW,RUPVAB,0.9842903050302984
VEHKAW,YOZYUJ,0.9470956728080744
VEHKAW,DUZPUL,0.9411601935951468
VEHKAW,QUQFEO,0.932786720051386
VEHKAW,QOPZIF,0.9179264324414478
VEHKAW,FUDGIW,0.90802769062365
VEHKAW,DUNXUH15,0.8971377514755798
VEHKAW,DUNXUH,0.8971309244158236
VEHKAW,DUNXUH13,0.8970783273565225
VEHKAW,WIMWIA,0.8967043974356954
VEHKAW,LOWQIX,0.8966302159617648
VEHKAW,EGIKUB01,0.8939295703445942
VEHKAW,DITTEH,0.8867983770769996
VEHKAW,REFVEF,0.8804230752454447
VEHKAW,DOYHIK,0.8777757681678043
VEHKAW,DOYHOQ,0.8755851397817824
VEHKAW,ORIBAU,0.8749976669600896
VEHKAW,FIJCUX01,0.8749829074610511
VEHKAW,GATBUZ,0.8742555853765667
VEHKAW,REDROI,0.8740007638616478
VEHKAW,IFABIA,0.8738280772483876
VEHKAW,IFABIA02,0.8736142717961979
VEHKAW,CUVTOD,0.8729329849455788
VEHKAW,VUSKEA,0.870732279100335
VEHKAW,MIBQAR15,0.8706698040206426
VEHKAW,MIBQAR12,0.8706510597623456
VEHKAW,MIBQAR07,0.870646819472904
VEHKAW,SAHYIK,0.8704928737609595
VEHKAW,GEYLEE,0.8680855264898908
VEHKAW,NUFCAU,0.8659276014160056
VEHKAW,SOWCOY,0.8608837419324945
VEHKAW,MUWRUT,0.8535351645739402
VEHKAW,ALANAD,0.8518626917073994
VEHKAW,USAHAZ,0.8500020825946355
VEHKAW,QAQSAD,0.849884766489746
VEHKAW,IDIXAU,0.8497320592364951
VEHKAW,FECYUJ,0.8465093294392688
VEHKAW,HEZKIH,0.8441132291080936
VEHKAW,JENKET,0.8402047842770106
VEHKAW,GUGNON,0.8401545995525279
VEHKAW,NENHEU,0.8401210754684574
VEHKAW,REYCUV,0.8394377979539075
ENISUQ,MAHTAR,0.9073678120674212
ENISUQ,LUSHOX04,0.9071337629746205
ENISUQ,XUDSUK,0.9069715466707188
ENISUQ,VUQKAU02,0.8635227663813636
ENISUQ,DAWCOV,0.8607180969689969
ENISUQ,YAQCEY,0.8429827535922387
ENISUQ,DIWFAT,0.8427188375697078
ENISUQ,IVEMAZ,0.8424699789733313
ENISUQ,FEJFAE,0.8422902772458258
TECVOO,RUFMUA,0.9996388231052457
TECVOO,TECTUS,0.9998828754346204
TECVOO,TECVEE,0.9997787422758015
TECVOO,ECEDEY01,0.908201423311306
TECVOO,DIQGUH,0.8741002273380873
TECVOO,NOHSUA,0.8401519010540148
TECVOO,KAKBUW,0.839339751146937
IDUDIW,YIMQOD,0.9573061412002388
IDUDIW,KIRFOI,0.9222214671351296
IDUDIW,LASYOU,0.8949850540453057
IDUDIW,IDUDES,0.8805679956957811
IDUDIW,NEHZUY,0.8610868443629491
IDUDIW,QIZLIW,0.8602736818466932
IDUDIW,WULJUJ,0.8579257795769668
IDUDIW,DOTSOV12,0.8574173404231695
IDUDIW,DOTSOV08,0.8574165929899276
IDUDIW,DOTSOV10,0.8574130731160208
IDUDIW,EBAMUS,0.8570450745512599
IDUDIW,XAMDUM02,0.8567840829343201
IDUDIW,XAMDUM05,0.8567768751478667
IDUDIW,XAMDUM03,0.8566529982640936
IDUDIW,LUDLIH,0.8565951021985188
IDUDIW,XAMDUM01,0.8565105993310689
IDUDIW,DIHVIB01,0.8564754730235093
IDUDIW,LUDLED,0.8564281346051902
IDUDIW,YOZMIL,0.8563408239423275
IDUDIW,NAPSUV,0.856277894864659
IDUDIW,YOZMOR,0.8561877163231353
IDUDIW,DIHVIB,0.8561117298306384
IDUDIW,EDOSEY,0.8553153420698792
IDUDIW,TISPAO,0.8543217718657147
IDUDIW,EMUBIZ,0.8538834573231493
IDUDIW,EXAXAE,0.8538066510653897
IDUDIW,QAWHIH01,0.8520368190518761
IDUDIW,QAWHIH,0.8519095422457802
IDUDIW,XEDMEB,0.8515698872088533
IDUDIW,ADONEP,0.8512961811627227
IDUDIW,OQIZUL,0.8495096193161683
IDUDIW,KANMIX,0.8487486674008409
IDUDIW,YOZNOS,0.8439543132139015
IDUDIW,HOYQIX,0.8434259829314534
IDUDIW,HANWAW,0.8433812189725749
IDUDIW,HIDTUM,0.8412499769582961
IDUDIW,CEKHUY,0.8412277163658369
IDUDIW,NEMCOA,0.8411529888038858
IDUDIW,YOZMUX,0.8391806488434435
XAMDUM02,XAMDUM04,0.9999963609022072
XAMDUM02,LUDLIH,0.9999906043847288
XAMDUM02,XAMDUM05,0.999983480913732
XAMDUM02,XAMDUM01,0.9999793416579232
XAMDUM02,DIHVIB01,0.9999783565949124
XAMDUM02,YOZMEH,0.9999774014444976
XAMDUM02,YOZMIL,0.9999750660464988
XAMDUM02,YOZNAE,0.9999609472938362
XAMDUM02,DIHVIB,0.9999590059275768
XAMDUM02,DOTSOV14,0.999957749249443
XAMDUM02,DOTSOV08,0.9999566473740678
XAMDUM02,DOTSOV16,0.9999566423700172
XAMDUM02,EBAMUS,0.9999295468282908
XAMDUM02,WULJUJ,0.9991883668573536
XAMDUM02,DOTSOV02,0.9991698049456018
XAMDUM02,QAWHIH,0.9990720087685008
XAMDUM02,OQIZUL,0.9982154805373916
XAMDUM02,GAVDUD,0.996625218771142
XAMDUM02,NEHZUY,0.9965577244408788
XAMDUM02,QIZLOC,0.9943592395268565
XAMDUM02,OHOMIH,0.9941689884309116
XAMDUM02,YOZNOS,0.9922822983798062
XAMDUM02,YOZMUX,0.9886021627463478
XAMDUM02,LASYOU,0.9464375177664714
XAMDUM02,DALSOA,0.9329908926903476
XAMDUM02,ORAWAH,0.932015950344287
XAMDUM02,MIKVEK,0.9300905857704288
XAMDUM02,EXOYAS,0.9197633037655072
XAMDUM02,IWEVAJ,0.9189956125701364
XAMDUM02,YUGLES,0.9078828822630046
XAMDUM02,HOGLEV,0.907818669122896
XAMDUM02,HOGLEV01,0.9076647909914066
XAMDUM02,MOCKEV,0.9073155023275188
XAMDUM02,MOCKAR,0.9072613701974392
XAMDUM02,HANWAW,0.9065759489712382
XAMDUM02,ALIXUP,0.9006386081528458
XAMDUM02,PIDRAY,0.9002575914585516
XAMDUM02,HUCBOX02,0.8973276893923251
XAMDUM02,HUCBOX01,0.8972715443132044
XAMDUM02,HUCBOX,0.8971626245362121
XAMDUM02,VUJBIM,0.8951059557875999
XAMDUM02,GIKMOD,0.8940429838946459
XAMDUM02,GIKMOD01,0.8933200854397527
XAMDUM02,HOYQIX,0.8871117898754958
XAMDUM02,RUVKAV,0.8870812826125394
XAMDUM02,LUDLAZ,0.8862005973054696
XAMDUM02,PAFZEE,0.8850575692115188
XAMDUM02,WANJIF,0.8849848399663179
XAMDUM02,XEDMEB,0.8847705537150501
XAMDUM02,ADONEP,0.8846641856011301
XAMDUM02,APUPEH,0.8823626063173762
XAMDUM02,EXAXAE03,0.8819898626351443
XAMDUM02,ANUGIA,0.877393079950788
XAMDUM02,NEMCOA,0.8747697453998216
XAMDUM02,CEKHUY,0.8742564660796992
XAMDUM02,LAQNID,0.869140475192351
XAMDUM02,HABQUY,0.8668727352457171
XAMDUM02,KIRFOI,0.8660587577848737
XAMDUM02,NIGDIS,0.8610321885386154
XAMDUM02,TOVWAE,0.8607577192623294
XAMDUM02,OGEBAF,0.8589566203746049
XAMDUM02,JALPAQ,0.8583559725911833
XAMDUM02,XITYOP,0.8578874253977355
XAMDUM02,FAMQAO,0.8535163338420404
XAMDUM02,EDOSEY,0.8533312227482706
XAMDUM02,EPISOM,0.8528111808256226
XAMDUM02,ANUGEW,0.852713375917068
XAMDUM02,LAYXER,0.8518146361119526
XAMDUM02,LAYXAN,0.8496961464802877
XAMDUM02,HEHROE,0.8496474586477156
XAMDUM02,UWALEL,0.8452340345758629
XAMDUM02,REGYOT,0.8397661152506424
XAMDUM02,BAZFUF01,0.8397558181865147
XAMDUM02,SEMNIJ,0.8395289289827467
XAMDUM02,HUJGEA,0.8390221636105559
XAMDUM02,ENIHUG,0.8387754819843916
XAMDUM02,ENIHUG01,0.8387388381501322
DIBQEM,AXINAX01,0.9856460165336324
DIBQEM,DIBQIQ,0.9826033472488492
DIBQEM,NIGPEA,0.9765377738045712
DIBQEM,XUDVAV,0.9460096432348424
DIBQEM,HURGOR,0.9408523388084292
DIBQEM,FISQEG,0.9399588726992616
DIBQEM,NOMPIQ01,0.9100823232731616
DIBQEM,NOMPOW,0.9096217224977636
DIBQEM,BEPRIZ,0.9080845756780922
DIBQEM,CAXZOS,0.874521442729695
DIBQEM,DIDBAV,0.8727789435657308
DIBQEM,DIDBEZ,0.8717212312830803
DIBQEM,NIDFOX,0.8709852825853347
DIBQEM,DIQHAO01,0.8689594295135332
DIBQEM,SIDXOV,0.8679237361310036
DIBQEM,ERUNOW,0.8664909614914516
DIBQEM,VASYEW,0.8664807961470753
DIBQEM,HALVEY,0.8645987059524018
DIBQEM,TAHYUZ,0.8632504166831371
DIBQEM,XAFFIV,0.8616094527052909
DIBQEM,AZIHOI,0.8598429184407699
DIBQEM,CAQKAJ01,0.859251070423429
DIBQEM,FEVDER,0.8577828311606893
DIBQEM,CAQKAJ,0.8575624211665485
DIBQEM,YATDOP,0.8551014672789634
DIBQEM,FAHQIR,0.8541213701018656
DIBQEM,LUWZUZ,0.8411386148300808
LIDSIC,TIDNIF,0.9972640802865562
LIDSIC,AZIHOI,0.9769106708982808
LIDSIC,SIDXOV,0.967417167558291
LIDSIC,ERUNOW,0.9094314277183118
LIDSIC,JODGIU,0.90895028000965
LIDSIC,DIDBEZ,0.908838650893862
LIDSIC,DIDBAV,0.9085155688485844
LIDSIC,FUMJAZ01,0.9043663651368488
LIDSIC,FUMJAZ,0.9041854767656096
LIDSIC,KESFOG,0.9021798361593546
LIDSIC,KESFIA,0.9021775970531736
LIDSIC,FEYJOJ,0.900890800989496
LIDSIC,FISQEG,0.8946543527027183
LIDSIC,VASYEW,0.8897660573540872
LIDSIC,CEYPUT,0.8792248648662109
LIDSIC,OJOBAS,0.8792216666369794
LIDSIC,CEYPUT01,0.8792061142923846
LIDSIC,VEDGES,0.8791492034996381
LIDSIC,VEDGIW,0.8791415487309677
LIDSIC,VEDFOB,0.8790655633628519
LIDSIC,VEDGAO,0.8790386147112662
LIDSIC,VEDFER,0.879016777182245
LIDSIC,BOWDOI,0.8789999259302754
LIDSIC,BOWDUO,0.8789490024112049
LIDSIC,AHETAK,0.8789335018324235
LIDSIC,EXUXEC,0.8786901644254146
LIDSIC,KEJWAY,0.878221212907209
LIDSIC,TATSIS,0.8772783382418355
LIDSIC,DIQHAO,0.8769319524409592
LIDSIC,LASMAV,0.876474949582105
LIDSIC,XAPSIS,0.8610273948688487
LIDSIC,CIPLIX,0.8607183361007473
LIDSIC,PUNYED,0.8559055589017875
LIDSIC,ABAYOU,0.8552549329774229
LIDSIC,YIRSUQ,0.8513560758342477
LIDSIC,DIBQIQ,0.8440269811377303
LIDSIC,AXINAX01,0.8439265751726823
LIDSIC,DIBQOW,0.8430604746184888
LIDSIC,HELDOT,0.8426279353018152
LIDSIC,OKEHIW,0.8408025827081488
PIWLIT,GUGNON,0.9563380856303052
PIWLIT,JENKET,0.9561159174009533
PIWLIT,VOLRAQ,0.9502651852749152
PIWLIT,UYAPOA,0.9500339134707892
PIWLIT,KOZNEU,0.9471848699034744
PIWLIT,GATBUZ,0.947107533002449
PIWLIT,VEGMOK04,0.947107124161437
PIWLIT,VEGMOK03,0.947106457321955
PIWLIT,IFABIA02,0.9467317071671232
PIWLIT,VUSKEA,0.9448698556174348
PIWLIT,PEVQIS,0.9448151956018632
PIWLIT,MIBQAR07,0.944804803018225
PIWLIT,MIBQAR01,0.9447436229175258
PIWLIT,SAHYIK,0.9446906058532268
PIWLIT,DITTEH,0.9329836777653294
PIWLIT,WUMDIT,0.9224118345351384
PIWLIT,VAGMEX,0.9221601320217186
PIWLIT,DUPKAC,0.9206368900530896
PIWLIT,QEDZEG,0.9137387328533644
PIWLIT,IGUFOH,0.9012414729177278
PIWLIT,OKELOH,0.8853365294222779
PIWLIT,NIYZIG,0.8842641011217159
PIWLIT,JEDDII,0.8824011397929346
PIWLIT,IQOJAB,0.872131221317319
PIWLIT,HUTZAX01,0.8651463714842232
PIWLIT,ODODIW,0.8650635248839427
PIWLIT,NEHGIS,0.8650433116738392
PIWLIT,DAWCIP,0.8650280400923249
PIWLIT,BOLPAU,0.8648499148734258
PIWLIT,WUHNUK,0.8633261707061402
PIWLIT,QIWCUW,0.8593941269564693
PIWLIT,VANHEA,0.8571134233984861
PIWLIT,EJIQIZ,0.8530440719548824
PIWLIT,SACHIP,0.8480787037100319
PIWLIT,MOFTIL02,0.8475006839523558
PIWLIT,MOFTIL01,0.847385112980588
PIWLIT,NUCRIN,0.8468530210305936
PIWLIT,TADWIG,0.8466862446640144
PIWLIT,UKOLOV,0.8463953523067934
PIWLIT,RUTNOK,0.8451206219423884
PIWLIT,RUTNOK01,0.8447053561962947
PIWLIT,QAQSAD,0.8444117719123418
PIWLIT,DARYIF,0.8438209625326195
PIWLIT,IDIXAU,0.8431782173904206
PIWLIT,XOQXIL,0.8380483378078261
IQAGEN,MEQPEG,0.8929359899109611
IQAGEN,FAHMIM,0.8725040444133758
IQAGEN,DARYIF,0.8577074113866283
IQAGEN,REYCUV,0.8527838495704044
IQAGEN,ARIDIQ,0.8526799194633539
IQAGEN,REYCEF,0.8507263772538434
IQAGEN,TACJEO,0.8394166501458029
IQAGEN,ECUVEF,0.8388981478000208
NIPWIT01,PASGEX04,0.8946364923311076
ECIWIW,IGUTUB,0.999940328442512
ECIWIW,IGUVIR,0.9998094216420396
ECIWIW,IGUTUB01,0.9994401396033432
ECIWIW,RIGHAR,0.923402504679454
ECIWIW,AVAQIX,0.9226587269872766
ECIWIW,RUXWEM03,0.92253377281175
ECIWIW,CIKCOQ,0.9094731719280368
ECIWIW,PIKYIU,0.8855420566968185
ECIWIW,PIHJIB,0.8838780241414513
ECIWIW,XEFGUN01,0.8779623009719941
ECIWIW,GOYLUB,0.8777914571413016
ECIWIW,KEPLID,0.8699700529532778
ECIWIW,QEKLID,0.8649233727885484
ECIWIW,QEKLID01,0.8648660254866251
ECIWIW,NOLRIR,0.8620938470635771
ECIWIW,VOQBUZ,0.8593934652554409
ECIWIW,AWEJIW,0.8589751630713499
ECIWIW,SAHYOS,0.840746716174382
IZEBAR,LAVTAF,0.8588851948157293
IZEBAR,QACTUJ,0.8584570864572956
IZEBAR,BOJYIK,0.8583921469954439
IZEBAR,SEHSII,0.8543244548015826
IZEBAR,XADDAJ01,0.8493553169751612
IZEBAR,TORPUN,0.8426040118900499
UXEFAF,ISIYOZ01,0.9999994026901818
UXEFAF,ISIYUF01,0.9998837291657656
UXEFAF,UXEDUX,0.9998681541250878
UXEFAF,ERFORD01,0.9970595361440424
BABRII,GUGNON,0.9987847814653804
BABRII,JENKET,0.9981629915857252
BABRII,VOLRAQ,0.9971213304728604
BABRII,UYAPOA,0.9968122817141964
BABRII,ROZXEL,0.9552751882358904
BABRII,DITTEH,0.9476041878365528
BABRII,REDROI,0.9081368247172138
BABRII,IFABIA02,0.9080850060890138
BABRII,VEGMOK03,0.9080334100282158
BABRII,KOZNEU,0.9078621155539524
BABRII,MIBQAR15,0.9076763154483612
BABRII,MIBQAR12,0.9076695577597786
BABRII,MIBQAR07,0.9076667722484588
BABRII,MIBQAR01,0.9076369081222222
BABRII,SAHYIK,0.907610227951134
BABRII,ORIBAU,0.9064154135659076
BABRII,QEDZEG,0.9025227089895144
BABRII,WUMDIT,0.8856103567045741
BABRII,VAGMEX,0.8836971719058258
BABRII,XAFFAN,0.8835036730823118
BABRII,NIKHAS,0.8678844189171596
BABRII,YICQOS,0.867839365357642
BABRII,DUFLOH,0.8672786523659682
BABRII,DUZPUL,0.8638542948930293
BABRII,YOZYUJ,0.8623696467877804
BABRII,BEWCUD,0.8620619319921321
BABRII,PICCUC,0.851430033441128
BABRII,CESQUP,0.8511479369531184
BABRII,VANHEA,0.849532089343917
BABRII,EJIQIZ,0.844259230050555
BABRII,LEYLIN,0.8430850804901905
BABRII,QAQSAD,0.8421922717940601
BABRII,USAHAZ,0.8404882334817512
BABRII,IJEXIF01,0.8402047894054211
BABRII,IQOJAB,0.8402042546863866
BABRII,VEHJUP,0.840153961240573
BABRII,NIWYID,0.8401063763176456
BABRII,ULISOZ,0.8400606948528626
BABRII,REGREC,0.8398460110656771
BABRII,IDIXAU,0.8393687265068346
BABRII,ACIBOE,0.838538451663767
BABRII,NANYUX01,0.8384963455979381
BABRII,KUNLEL,0.8381922217835713
JOQQAJ,VEGMIE,0.9999581737537868
CIKPEU,NOMPIQ01,0.9999983422127056
CIKPEU,BEPRIZ,0.9998212736636162
CIKPEU,FEXCAO01,0.9586181103396884
CIKPEU,DIBQIQ,0.9156491798480054
CIKPEU,NIGPEA,0.913194434959828
CIKPEU,NIGPAW,0.9130201867371036
CIKPEU,HELDOT,0.91116965887396
CIKPEU,DERBIO,0.902041043209016
CIKPEU,LUWZUZ01,0.8868541091919797
CIKPEU,LUWZUZ02,0.8867765144758194
CIKPEU,LUWZUZ,0.8867403529554505
CIKPEU,CAXZOS,0.8861448752331945
CIKPEU,JODGIU,0.8853753230175347
CIKPEU,DIDBEZ,0.8853443195774384
CIKPEU,DIDBID,0.8852754241202176
CIKPEU,ERUNUC,0.8852470570802495
CIKPEU,FISQEG,0.8729917864912393
CIKPEU,BUKLOJ,0.8608394009054642
CIKPEU,ABIWOX,0.8534273442723218
CIKPEU,AZIHOI,0.8477736279941608
CIKPEU,FEVDER,0.8475150070645646
CIKPEU,YATDOP,0.8465398434770697
CIKPEU,NIDFOX,0.8455296298930151
CIKPEU,DIQHAO,0.8451415297762417
CIKPEU,XALMII,0.8435303213814942
CIKPEU,EDAJUP,0.840949341135697
JUQSIZ,POKZOG,0.9998861520598908
JUQSIZ,YILKAH,0.9979098645841228
JUQSIZ,ESADUZ01,0.9975870521835836
JUQSIZ,PIQQOX,0.9628170255349828
JUQSIZ,MICCIM,0.9361488159077131
JUQSIZ,TULLIX,0.9357838446831942
JUQSIZ,GOYLUB,0.9081278247720092
JUQSIZ,XEFGUN01,0.9081181989284696
JUQSIZ,REXYAX,0.8787193360183381
JUQSIZ,RUXWEM01,0.8647811632777214
JUQSIZ,EREGOY,0.8601847970967076
JUQSIZ,LUWKIZ,0.8425725988171151
JUQSIZ,MINBEQ,0.8414269777146741
JUQSIZ,VAXTEV,0.8401015830031674
WAHQON,GOYLUB,0.868930773624943
DUFLOH,OKELOH,0.8741347183359673
DUFLOH,DITTEH,0.8699787317199696
DUFLOH,NIKHAS,0.8684994354769845
DUFLOH,UYAPOA,0.8682014773466465
DUFLOH,GUGNON,0.8637185591820633
DUFLOH,SAHYIK,0.8609090037430258
DUFLOH,MIBQAR07,0.8608995352495015
DUFLOH,LAWFOF,0.8608917299525356
DUFLOH,MIBQAR01,0.860890552673225
DUFLOH,PEVQIS,0.8608834535550135
DUFLOH,VUSKEA,0.8608656390198512
DUFLOH,IFABIA02,0.8595659656633068
DUFLOH,IFABIA,0.8592296359365178
DUFLOH,REDROI,0.8590782996213402
DUFLOH,GATBUZ,0.8586218472959132
DUFLOH,SAVMAE,0.858532066007121
DUFLOH,FIJCUX01,0.8558292452424054
DUFLOH,ORIBAU,0.8551272094628982
DOTSOV18,DOTSOV09,0.999999999716022
XAMDUM01,RILFEA,0.9999999906918924
XAMDUM01,DIHVIB01,0.999999932617887
XAMDUM01,LUDLED,0.9999996296244515
XAMDUM01,XAMDUM06,0.999999469661943
XAMDUM01,XAMDUM03,0.9999988645693942
XAMDUM01,YOZMIL,0.9999983468438252
XAMDUM01,XAMDUM07,0.9999980177416078
XAMDUM01,XAMDUM05,0.9999960321585616
XAMDUM01,YOZNAE,0.999992856823694
XAMDUM01,DOTSOV10,0.9999507125449136
XAMDUM01,DOTSOV14,0.9999506690496774
XAMDUM01,DOTSOV12,0.9999503061044944
XAMDUM01,DOTSOV16,0.99995029818333
XAMDUM01,EBAMUS,0.9998332782595692
XAMDUM01,TISPAO,0.999786538597886
XAMDUM01,QAWHIH01,0.9992419573088186
XAMDUM01,QAWHIH,0.9992046046139418
XAMDUM01,WULJUJ,0.9989104938259672
XAMDUM01,DOTSOV02,0.9988888661985192
XAMDUM01,GAVDUD,0.996407749159706
XAMDUM01,NEHZUY,0.99634259672852
XAMDUM01,QIZLOC,0.99404765423609
XAMDUM01,OHOMIH,0.9938754367791632
XAMDUM01,YOZNOS,0.9917769072913982
XAMDUM01,LASYOU,0.9465266594643832
XAMDUM01,BABREE,0.9321254327435344
XAMDUM01,EXOYAS,0.9197158033621398
XAMDUM01,RAWYAS,0.9189181578867732
XAMDUM01,CITXUZ,0.9184702491239338
XAMDUM01,NUTQAV,0.907776649639526
XAMDUM01,HOGLEV,0.9077521101499284
XAMDUM01,XIJSUH,0.907402332932424
XAMDUM01,MOCKAR,0.9073969988579184
XAMDUM01,HANWAW,0.9063786424505444
XAMDUM01,PIDRAY,0.8999241186168403
XAMDUM01,RAHBOU,0.8969643372124441
XAMDUM01,PAMQIF,0.8968147407473981
XAMDUM01,MOFGOE,0.8958917458290214
XAMDUM01,VUJBIM,0.8953040912081062
XAMDUM01,MUDTEL,0.8946327208837539
XAMDUM01,GIKMOD,0.8938349128524014
XAMDUM01,GIKMOD01,0.8930888711524267
XAMDUM01,HOYQIX,0.8871764345180146
XAMDUM01,VIXPUP01,0.887095852702678
XAMDUM01,RUVKAV,0.887039689350644
XAMDUM01,PAFZEE,0.8850768639665678
XAMDUM01,KANMIX,0.8850575052678369
XAMDUM01,WANJIF,0.8848779202449155
XAMDUM01,ADONEP,0.8844771876560673
XAMDUM01,EXAXAE03,0.881785597591706
XAMDUM01,ANUGOG,0.8779343973198971
XAMDUM01,DICKEH,0.8770847192378398
XAMDUM01,CEKHUY,0.8740230626883381
XAMDUM01,HIDTUM,0.8732725229435461
XAMDUM01,KIRFOI,0.8658515356567967
XAMDUM01,IWEQAD,0.8610878564963251
XAMDUM01,NIGDIS,0.8609866833189949
XAMDUM01,TEKYOA,0.8609239937308176
XAMDUM01,OGEBAF,0.8587479348385247
XAMDUM01,JALPAQ,0.8581651719714398
XAMDUM01,XITYOP,0.8576190782827824
XAMDUM01,IXAJUN,0.8575069818659153
XAMDUM01,FAMQAO,0.8535469064965296
XAMDUM01,EDOSEY,0.8534012148559504
XAMDUM01,EPISOM,0.8525967832781993
XAMDUM01,LAYXAN,0.8494252509506043
XAMDUM01,WARXUL,0.8486498429234485
XAMDUM01,UWALEL,0.8448935270234529
XAMDUM01,BAZFUF01,0.8398506990227004
XAMDUM01,REGYOT,0.8396974968658177
XAMDUM01,LUKLIN,0.8396901591527575
XAMDUM01,SEMNIJ,0.8395878922516868
XAMDUM01,HUJGEA,0.8389251226621848
XAMDUM01,ENIHUG,0.8389058187243997
XAMDUM01,ENIHUG01,0.8388712837441443
XAMDUM01,BAZGAM,0.8379053974432281
NUNNUH,NUNPAP,0.9999833893269104
NUNNUH,XUJPEY,0.9999758696143072
NUNNUH,XUJPOI,0.9999476559570384
NUNNUH,XUJQAV,0.99993058354155
NUNNUH,XUJPIC,0.9998765237448672
NUNNUH,EZOFEF,0.9944938718922676
NUNNUH,PUNYON,0.9943265009529164
NUNNUH,DAFHID,0.8964457906363908
NUNNUH,QEZZED,0.8963211641803437
NUNNUH,XUCHOS02,0.8815173165612868
NUNNUH,XUCHOS01,0.8802561640804579
NUNNUH,SOQRUM,0.8749925853576115
NUNNUH,LIDSEY,0.8611335309671255
NUNNUH,LIDSAU,0.8611287432828729
NUNNUH,JAMSEY,0.8583048523546599
SIWPUL,QINSUD,0.9999999503039378
SIWPUL,LIJWOR05,0.999994029577966
SIWPUL,LIJWOR06,0.9999791677616288
SIWPUL,NURGUE,0.9999724510023246
SIWPUL,MNFORD02,0.999963443357888
SIWPUL,DADTOS16,0.9999454266098065
SIWPUL,VIRJEM,0.9999448199078824
SIWPUL,REZJIR03,0.9999301721722544
SIWPUL,YUKTUU,0.9999240849464492
SIWPUL,YUKTUU01,0.999923611923584
SIWPUL,DADTOS15,0.9999165484734334
SIWPUL,LIJWOR01,0.9998715521406448
SIWPUL,DADTOS14,0.9998668966262384
SIWPUL,YANWOC02,0.9998238966461598
SIWPUL,DADTOS02,0.9998130543830976
SIWPUL,DADTOS11,0.9997957713594818
SIWPUL,DADTOS01,0.9997951498872182
SIWPUL,DADTOS08,0.9997930219881944
SIWPUL,DADTOS05,0.9997929875300352
SIWPUL,DADTOS06,0.9997876491343374
SIWPUL,DADTOS12,0.9997874113089597
SIWPUL,DIDVIW,0.9997858048659888
SIWPUL,DADTOS18,0.999783197197451
SIWPUL,YANWOC01,0.9997826521310036
SIWPUL,IJOMOJ03,0.9997217605186848
SIWPUL,DADTOS07,0.9996611354869668
SIWPUL,REZJIR04,0.9996506094379976
SIWPUL,DADTOS03,0.9996464905777588
SIWPUL,JEDKIP01,0.9996347587995402
SIWPUL,IQEWOQ,0.9974742022736024
SIWPUL,ATIBOU02,0.997447590168564
IFABIA03,IFABIA02,0.999998816774239
IFABIA03,REDROI,0.9998950596145776
IFABIA03,IFABIA,0.999861494491401
IFABIA03,VEGMOK03,0.9997888196930091
IFABIA03,VEGMOK04,0.9997881805319796
IFABIA03,GATBUZ,0.9997877997556858
IFABIA03,KOZNEU,0.9996678406923676
IFABIA03,VUSKEA,0.9990716085007632
IFABIA03,MIBQAR07,0.9990495965159192
IFABIA03,MIBQAR15,0.999044644387032
IFABIA03,PEVQIS,0.9990444191855934
IFABIA03,MIBQAR01,0.9989964439185718
IFABIA03,LAWFOF,0.9989842463564612
IFABIA03,ORIBAU,0.9984586987043296
IFABIA03,BOLPAU,0.9082004408346516
IFABIA03,ODODIW,0.9080131033298656
IFABIA03,HUTZAX01,0.907783803757555
IFABIA03,DAWCIP,0.9075568702958836
IFABIA03,NEHGIS,0.9072178781011304
IFABIA03,JENKET,0.9067060159325722
IFABIA03,AWEYAE,0.9056924622386668
IFABIA03,UYAPOA,0.904855017563848
IFABIA03,VOLRAQ,0.9046855551434904
IFABIA03,CESQUP,0.8966974856432575
IFABIA03,JEDDII,0.8964737802077382
IFABIA03,QEDZEG,0.8947448955963924
IFABIA03,SACHIP,0.892909120294437
IFABIA03,DITTEH,0.8869761795049729
IFABIA03,NIKHAS,0.8864702457795237
IFABIA03,QAQSAD,0.8844308691897897
IFABIA03,WUMDIT,0.8778074442284562
IFABIA03,XOQXIL,0.8775918397185751
IFABIA03,ZARLIP,0.8766288984845241
IFABIA03,VAGMEX,0.8762211802354074
IFABIA03,MEWPIQ,0.8759032824926536
IFABIA03,NIWYID,0.8748647969089244
IFABIA03,PERQUB,0.8748571731674858
IFABIA03,IJEXIF01,0.8748376315977382
IFABIA03,ULISOZ,0.8748354091627498
IFABIA03,VEHJUP,0.8747293474797485
IFABIA03,ZARLEL,0.874592011580557
IFABIA03,FUVBAB,0.8740476365646092
IFABIA03,NANYUX03,0.8735108612901726
IFABIA03,FUTZAX,0.8727004303698211
IFABIA03,NENHEU,0.8719968733832906
IFABIA03,JEDVIA,0.8712549317032464
IFABIA03,GADROU,0.869238244541813
IFABIA03,AXOCEW,0.868778884185845
IFABIA03,RUPVAB,0.8669877147482675
IFABIA03,KAHMOW,0.8664345726645798
IFABIA03,XEGXIT,0.8664252612320873
IFABIA03,XEGWAK,0.8664252566715707
IFABIA03,SAVMAE,0.8630891163729535
IFABIA03,UBUMAH,0.8606989749378606
IFABIA03,EGIKUB01,0.8604883669658047
IFABIA03,LOWQIX,0.8603424631337844
IFABIA03,XENMIO,0.8602626995944651
IFABIA03,WIMWIA,0.8602563093411775
IFABIA03,CIQHOC,0.8533919855319688
IFABIA03,TACJEO,0.8524928042039883
IFABIA03,IGINIX,0.846000855279781
IFABIA03,LEBQUH,0.8429055063242556
IFABIA03,HOKLIE,0.8394480372592582
JENKET,GUGNON,0.9999357264579032
JENKET,UYAPOA,0.990550619709786
JENKET,ROZXEL,0.9563578236295136
JENKET,DITTEH,0.9474484093124744
JENKET,DUPKAC,0.9333642856691162
JENKET,ORIBAU,0.9082482729281404
JENKET,GATBUZ,0.90745484226537
JENKET,VEGMOK04,0.9074537253269808
JENKET,REDROI,0.9071871911862548
JENKET,VUSKEA,0.9038617911898632
JENKET,MIBQAR15,0.9037983948370504
JENKET,MIBQAR07,0.9037733670717184
JENKET,MIBQAR01,0.9036900678621717
JENKET,SAHYIK,0.9036183398248752
JENKET,WUMDIT,0.8848145408810533
JENKET,QUQFEO,0.882763766686465
JENKET,NIKHAS,0.868819091979991
JENKET,YOZYUJ,0.8650508371729423
JENKET,YICQOS,0.8636495988358591
JENKET,BEWCUD,0.8635970900223534
JENKET,DUZPUL,0.8589530186752234
JENKET,NIYZIG,0.8494122354559273
JENKET,CESQUP,0.8477553152650908
JENKET,JEDDII,0.8467711656352823
JENKET,VANHEA,0.8455731949136471
JENKET,LEYLIN,0.8431773492002698
JENKET,MIMRAB01,0.8411597272458855
JENKET,ACIBOE,0.8402028070817062
JENKET,NANYUX01,0.8401952317892771
JENKET,FUTZAX,0.8401251386508296
JENKET,FECYUJ,0.8392871664384336
JENKET,NIWYID,0.8391276010044164
JENKET,PERQUB,0.8391149210839021
JENKET,IQOJAB,0.838506057935204
VEGMOK03,VEGMOK04,0.9999999989565826
VEGMOK03,KOZNEU,0.999975060068413
VEGMOK03,IFABIA,0.999952308100583
VEGMOK03,IFABIA02,0.9997979667969904
VEGMOK03,FIJCUX01,0.9994527925265776
VEGMOK03,MIBQAR15,0.9985130319468624
VEGMOK03,PEVQIS,0.9985064917691056
VEGMOK03,MIBQAR12,0.9985021737605618
VEGMOK03,LAWFOF,0.998435972084281
VEGMOK03,SAHYIK,0.9984077067695
VEGMOK03,ROZXEL,0.9468366847557084
VEGMOK03,ODODIW,0.9082469874889152
VEGMOK03,BOLPAU,0.9081078994636644
VEGMOK03,DAWCIP,0.907886516646818
VEGMOK03,GUGNON,0.9078397821321708
VEGMOK03,NEHGIS,0.9078242038552848
VEGMOK03,WUHNUK,0.9071665456460498
VEGMOK03,NIYZIG,0.897061323508383
VEGMOK03,PICCUC,0.8968885615475393
VEGMOK03,QEDZEG,0.8957253275123709
VEGMOK03,SACHIP,0.8916840967806595
VEGMOK03,UKOLOV,0.8872555168123188
VEGMOK03,NIKHAS,0.8869827722047212
VEGMOK03,EKEKEL,0.8859046873144281
VEGMOK03,QAQSAD,0.8848884982415955
VEGMOK03,MIMRAB01,0.8847675699067281
VEGMOK03,FECYUJ,0.8837924058300417
VEGMOK03,IDIXAU,0.8829959783384765
VEGMOK03,WUMDIT,0.8779578668943251
VEGMOK03,XOQXIL,0.8779190981707288
VEGMOK03,VAGMEX,0.8770181321056449
VEGMOK03,XAFFAN,0.8768854650410683
VEGMOK03,MEWPIQ,0.8767718243256901
VEGMOK03,ZARLEL,0.8757071262635722
VEGMOK03,ULISOZ,0.8749933747940661
VEGMOK03,REGREC,0.8749811667318698
VEGMOK03,NIWYID,0.8749783346365645
VEGMOK03,PERQUB,0.8749766763688824
VEGMOK03,FUVBAB,0.874617956152494
VEGMOK03,ACIBOE,0.8743133525937046
VEGMOK03,NANYUX01,0.8742821140642604
VEGMOK03,JEDVIA,0.8724305231236036
VEGMOK03,OKELOH,0.8691494272553371
VEGMOK03,AXOCEW,0.8683900905445884
VEGMOK03,XEGWIS,0.8674679801790689
VEGMOK03,KAHMOW,0.8674597280269378
VEGMOK03,XEGWAK,0.8674454716781763
VEGMOK03,RUPVAB,0.8653237042651496
VEGMOK03,SAVMAE,0.8625070031422686
VEGMOK03,UBUMAH,0.8610788820284396
VEGMOK03,HUVGEM,0.8608292480517908
VEGMOK03,LOWQIX,0.8607422656314183
VEGMOK03,WIMWIA,0.86069072077263
VEGMOK03,IGUFOH,0.8578865880501728
VEGMOK03,GAWMOJ,0.8535484345603012
VEGMOK03,PURJAO,0.8535459076866485
VEGMOK03,SIXWON,0.8532177191466295
VEGMOK03,PURJES,0.8529376812901655
VEGMOK03,TACJEO,0.8513523725650274
VEGMOK03,WOJZOK01,0.8498988377508632
VEGMOK03,IGINIX,0.8463804904344152
VEGMOK03,NISCOJ,0.8462519572955238
VEGMOK03,HOKLIE,0.8396812051383015
NIGPAW,AXINAX01,0.9895667890005816
NIGPAW,DIBQIQ,0.986939445323634
NIGPAW,NIGPEA,0.981595220388748
NIGPAW,DIBQOW,0.979577843403214
NIGPAW,HELDOT,0.9777747152297324
NIGPAW,HURGOR,0.9449461810407191
NIGPAW,NOMPIQ01,0.9128798173314
NIGPAW,NOMPOW,0.912510285899116
NIGPAW,BEPRIZ,0.9112519793100234
NIGPAW,BUKLOJ,0.9056455135272778
NIGPAW,CAXZOS,0.877917768379856
NIGPAW,DIDBAV,0.8763937742125054
NIGPAW,DIDBID,0.8754800100483785
NIGPAW,JODGIU,0.875420970768831
NIGPAW,ERUNUC,0.8742156096703715
NIGPAW,DIQHAO,0.8719129127100762
NIGPAW,NIDFOX,0.8718239534779165
NIGPAW,ERUNOW,0.8710627781936141
NIGPAW,DIQHAO01,0.8705819661600154
NIGPAW,SIDXOV,0.8685373579933962
NIGPAW,TAHYUZ,0.8670635849021048
NIGPAW,XAFFIV,0.8667415560975232
NIGPAW,XALMOO,0.8653047175467756
NIGPAW,CAQKAJ01,0.8636183017988411
NIGPAW,AZIHOI,0.8628518058577818
NIGPAW,CAQKAJ,0.8621414995463855
NIGPAW,FEYJOJ,0.8616909524931122
NIGPAW,ONOCUR,0.8603209580730021
NIGPAW,FAHQIR,0.8567222176748905
NIGPAW,LUWZUZ02,0.8432101844630496
NIGPAW,LUWZUZ01,0.8430670026367649
NIGPAW,KESFIA,0.8421432354486076
NIGPAW,VEFLUP,0.8398094681822411
NIGPAW,XIHSAJ01,0.8393958661065822
NIGPAW,ABAYOU,0.8389299277298415
NIGPAW,PUNYED,0.8385659002129511
GACVIS,VEMSUC,0.9999707859275966
VEMSUC,XUJQAV,0.999998983805659
VEMSUC,XUJPOI,0.9999963528463528
VEMSUC,NUNPAP,0.9999580094273716
VEMSUC,XUJPEY,0.9998356672388872
VEMSUC,XUJPIC,0.9996362791957818
VEMSUC,EZOFEF,0.9956629359248657
VEMSUC,PUNYON,0.9955133154058118
VEMSUC,DAFHID,0.8967480360548304
VEMSUC,XUCHOS02,0.8824490139195451
VEMSUC,XUCHOS01,0.8813509232911958
VEMSUC,SOQRUM,0.8765900935184877
VEMSUC,LIDSEY,0.861133582857806
VEMSUC,LIDSAU,0.8610053699724458
VEMSUC,JAMSEY,0.8581230891437925
RUPVAB,KUNLEL,0.998468880591403
RUPVAB,IJEXIF01,0.9932118669232562
RUPVAB,PERQUB,0.991242117717866
RUPVAB,NIWYID,0.991206321992468
RUPVAB,REGREC,0.9894601389553594
RUPVAB,NANYUX01,0.984455663921194
RUPVAB,FUTZAX,0.9817429573448
RUPVAB,JEDVIA,0.9780035145317914
RUPVAB,YOZYUJ,0.928734001238992
RUPVAB,QUQFEO,0.9207862980329108
RUPVAB,QOPZIF,0.9137787443712714
RUPVAB,KEFBOO,0.9074465501324024
RUPVAB,JOVYAW,0.8947962428044629
RUPVAB,REFVEF,0.885459142723464
RUPVAB,LOWQIX,0.885190635174397
RUPVAB,DUNXUH,0.8851497912793205
RUPVAB,DUNXUH15,0.8851128433184026
RUPVAB,WIMWIA,0.8846967530301555
RUPVAB,DITTEH,0.8766308061221512
RUPVAB,NASROR,0.8738531285769957
RUPVAB,DOYHOQ,0.872030204876336
RUPVAB,SAHYIK,0.8715542455424874
RUPVAB,LAWFOF,0.8715129765118341
RUPVAB,MIBQAR01,0.8714920204205383
RUPVAB,MIBQAR07,0.8714169353743592
RUPVAB,MIBQAR12,0.8714125455304125
RUPVAB,PEVQIS,0.8714055158487551
RUPVAB,MIBQAR15,0.8713956696256859
RUPVAB,VUSKEA,0.8713381396131521
RUPVAB,VOTHIX,0.8704186481897556
RUPVAB,APACAX,0.8680652068373417
RUPVAB,IFABIA02,0.8668003177814634
RUPVAB,IFABIA,0.8666192226192208
RUPVAB,CUVTOD,0.8661671176280658
RUPVAB,REDROI,0.8661397884643371
RUPVAB,GATBUZ,0.8653135464400248
RUPVAB,KOZNEU,0.8643268130568105
RUPVAB,ORIBAU,0.8590767215868331
RUPVAB,DOYHIK,0.8587087672318396
RUPVAB,LASMUP,0.8580019647060956
RUPVAB,ADUVAZ,0.8576264852061151
RUPVAB,YOGKOW,0.8556198702213215
RUPVAB,SOWCOY,0.8492605440767851
RUPVAB,WEHHOI,0.8466347949660814
RUPVAB,FECYUJ,0.8448338878365323
RUPVAB,WEHHIC,0.842854912750213
RUPVAB,VOLRAQ,0.8392879328491549
RUPVAB,MUWRUT,0.838835155385901
RUPVAB,UYAPOA,0.8387436079261384
MITTAL,QISNIR,0.9999995089530406
MITTAL,CUMLUT,0.999958536389272
YIGGEB,LASMAV,0.999756663013979
YIGGEB,TATSIS,0.9994257376862072
YIGGEB,TATSIS01,0.9991286525433812
YIGGEB,KEJWAY,0.99870494348392
YIGGEB,EXUXEC,0.998047740816558
YIGGEB,AHETAK,0.9975238825309708
YIGGEB,BOWDUO,0.9974825770324484
YIGGEB,VEDFUH,0.9973800696764948
YIGGEB,BOWDOI,0.9973322159587644
YIGGEB,VEDGAO,0.9972147697522026
YIGGEB,VEDFOB,0.997108249050219
YIGGEB,VEDGIW,0.9968166047105026
YIGGEB,VEDGES,0.996759751587322
YIGGEB,VODNOS,0.9967542384067932
YIGGEB,OJOBAS,0.99636375953284
YIGGEB,CEYPUT,0.9963404084340358
YIGGEB,CEYPUT01,0.9962115500074822
YIGGEB,ABAVUV,0.992320762751879
YIGGEB,CAXZOS,0.921270139164876
YIGGEB,DIDBAV,0.9203001769092954
YIGGEB,ERUNUC,0.9193399247020012
YIGGEB,ERUNOW,0.9173739576382433
YIGGEB,JODGOA,0.8871669098795325
YIGGEB,AZIHOI,0.8782684332433336
YIGGEB,SIDXOV,0.8780112135756714
YIGGEB,FEVDER,0.8774863501095652
YIGGEB,BAKJOO,0.8750109127984809
YIGGEB,BAKJEE,0.8739640101429531
YIGGEB,DIQHAO01,0.860129725939879
YIGGEB,DIQHAO,0.8592155729990758
YIGGEB,XEVXUT,0.8565103536809058
YIGGEB,FUMJAZ01,0.855694913245741
YIGGEB,XALMII,0.8512622565859578
YIGGEB,YIRSUQ,0.8436348548161765
YIGGEB,NERVEL,0.8436133276478426
YIGGEB,VOCKUT,0.8435395405917754
YIGGEB,NERVOV,0.8435220511817639
YIGGEB,NERVIP01,0.8424485144949382
YIGGEB,KOHDIW,0.8406532179535053
YIGGEB,DERBIO,0.8399899201992985
YIGGEB,KOHLIE,0.8395830167619367
YIGGEB,RAKBIO02,0.8386320918442471
YIGGEB,RAKBIO,0.8386034998069265
YIGGEB,RAKBIO01,0.8384611077886878
WUHMUJ,XAMGUQ,0.9998087379294576
WUHMUJ,HURGOR,0.8650476479549175
WUHMUJ,FUDHAP,0.8608930521107935
WUHMUJ,RUYGAV,0.8516460048780073
WUHMUJ,XUBKOU,0.8427502457937815
WUHMUJ,XIHSAJ01,0.8406003662975468
WUHMUJ,XIHSEN01,0.8405998250023803
WUHMUJ,VEFLUP,0.8402554435487046
POXDIQ,RUBDUO,0.8469453604349457
PURJAO,GAWMOJ,0.9999997287453743
PURJAO,PURJES,0.9995121896182724
PURJAO,WEHHOI,0.8955076806603021
PURJAO,AWEYAE,0.8594686413963587
PURJAO,GATBUZ,0.8535461891985463
PURJAO,VEGMOK04,0.8535460825807861
PURJAO,REDROI,0.8535000843215468
PURJAO,IFABIA,0.8534604390530542
PURJAO,FIJCUX01,0.8531263478036493
PURJAO,PEVQIS,0.8518419533623898
PURJAO,MIBQAR12,0.851837206911199
PURJAO,MIBQAR01,0.8517813850579563
PURJAO,SAHYIK,0.8517363781078215
FIJCUX01,ORIBAU,0.9999771258864062
FIJCUX01,KOZNEU,0.9996614147899826
FIJCUX01,VUSKEA,0.9962275463270476
FIJCUX01,PEVQIS,0.996158304512738
FIJCUX01,MIBQAR07,0.9961451068783732
FIJCUX01,MIBQAR01,0.9960680763374622
FIJCUX01,SAHYIK,0.996001252632665
FIJCUX01,NEHGIS,0.9082404427699468
FIJCUX01,GUGNON,0.90823815787344
FIJCUX01,DAWCIP,0.9081192553156674
FIJCUX01,HUTZAX01,0.9080399092325288
FIJCUX01,VIKBUP,0.9080009380781894
FIJCUX01,AWEYAE,0.9079782605209064
FIJCUX01,YOCGAZ,0.9078085252936584
FIJCUX01,ODODIW,0.90775312530536
FIJCUX01,BOLPAU,0.907435626290622
FIJCUX01,WUHNUK,0.9051797605265676
FIJCUX01,VOLRAQ,0.8998753429149555
FIJCUX01,UYAPOA,0.8996748533437458
FIJCUX01,PICCUC,0.895327911065095
FIJCUX01,CESQUP,0.8941996885453057
FIJCUX01,SACHIP,0.8876466760552657
FIJCUX01,UKOLOV,0.8870132100531297
FIJCUX01,DITTEH,0.8869585537903564
FIJCUX01,QAQSAD,0.8849827173591311
FIJCUX01,USAHAZ,0.8849311987621966
FIJCUX01,IDIXAU,0.884581970484776
FIJCUX01,EKEKEL,0.8836176175023797
FIJCUX01,FECYUJ,0.8818870240282389
FIJCUX01,MEWPIQ,0.8778401165282692
FIJCUX01,WUMDIT,0.877293681158819
FIJCUX01,FUVBAB,0.8749846761643172
FIJCUX01,NANYUX03,0.8749818504035479
FIJCUX01,REGREC,0.8746369177615111
FIJCUX01,ULISOZ,0.8743261414317987
FIJCUX01,JEDVIA,0.8742530707362701
FIJCUX01,PERQUB,0.8742037094028862
FIJCUX01,NENHEU,0.8740545205070904
FIJCUX01,KAHMOW,0.8689048107715718
FIJCUX01,KUNLEL,0.8681482610040911
FIJCUX01,GADROU,0.8679292704956487
FIJCUX01,UBUMAH,0.8609465648913661
FIJCUX01,ZAQXEX,0.8607600040503114
FIJCUX01,WIMWIA,0.8607218200219289
FIJCUX01,LOWQIX,0.8606665869597618
FIJCUX01,SAVMAE,0.8600168816931666
FIJCUX01,EGIKUB01,0.8582455913415681
FIJCUX01,YICQOS,0.856854935075993
FIJCUX01,CIQHOC,0.854988480673407
FIJCUX01,IGUFOH,0.8546531496874488
FIJCUX01,SIXWON,0.8518148411089472
FIJCUX01,TACJEO,0.8491749764481458
FIJCUX01,SOSQIC01,0.8486226454812095
FIJCUX01,WOJZOK01,0.8465432568867106
FIJCUX01,LEBQUH,0.8457706780886131
FOJKIA,JEGKEO,0.8383302574317104
WANJIF,XEDMEB,0.999716533498448
WANJIF,EXAXAE,0.9976349986893648
WANJIF,EXAXAE03,0.997355086720148
WANJIF,HAYXIR,0.8878951537279909
WANJIF,KIRFOI,0.8850517017971473
WANJIF,MUNDOQ,0.8850383526529764
WANJIF,XAMDUM04,0.8849460697092573
WANJIF,DOTSOV14,0.8849325846314263
WANJIF,DOTSOV08,0.8849301355926644
WANJIF,DOTSOV10,0.8849301171484347
WANJIF,LUDLIH,0.8849170657768156
WANJIF,XAMDUM03,0.8848905789876733
WANJIF,RILFEA,0.8848757940828741
WANJIF,XAMDUM06,0.8848644482948078
WANJIF,XAMDUM07,0.8848529844018402
WANJIF,YOZMOR,0.8848487383549152
WANJIF,YOZNAE,0.8848291807294548
WANJIF,DIHVIB,0.8848250432438804
WANJIF,WULJUJ,0.8847195304716414
WANJIF,DOTSOV02,0.8847070329388456
WANJIF,TISPAO,0.8844508895919798
WANJIF,QIZLIW,0.8839556292205063
WANJIF,QAWHIH01,0.8837110889802334
WANJIF,QAWHIH,0.8836639281783999
WANJIF,OQIZUL,0.8826823647528861
WANJIF,QIZLOC,0.8801500004352364
WANJIF,OHOMIH,0.8799287237151702
WANJIF,YOZMUX,0.8745690814880369
WANJIF,DEGSIS01,0.8414732013477901
DOTSOV14,DOTSOV12,0.9999999993347496
DOTSOV14,DOTSOV10,0.9999999895474938
DOTSOV14,DOTSOV08,0.9999999889074984
DOTSOV14,XAMDUM05,0.999974678665864
DOTSOV14,XAMDUM03,0.9999644585244924
DOTSOV14,LUDLIH,0.999956547434524
DOTSOV14,RILFEA,0.9999508322555416
DOTSOV14,LUDLED,0.9999418533462878
DOTSOV14,XAMDUM07,0.9999289510673586
DOTSOV14,YOZNAE,0.9999060052270566
DOTSOV14,DIHVIB,0.9999019426263664
DOTSOV14,WULJUJ,0.9991001510356714
DOTSOV14,QIZLIW,0.9990007872151856
DOTSOV14,QAWHIH,0.9987595976004336
DOTSOV14,NEHZUY,0.9971403474583512
DOTSOV14,QIZLOC,0.995075568183568
DOTSOV14,OHOMIH,0.9949197765756392
DOTSOV14,YOZNOS,0.991210139863264
DOTSOV14,YOZMUX,0.9873109469070354
DOTSOV14,LASYOU,0.9461141124798388
DOTSOV14,DALSOA,0.9330059844537296
DOTSOV14,ORAWAH,0.9316910106196368
DOTSOV14,MIKVEK,0.9306016614553828
DOTSOV14,EXOYAS,0.9199356755704332
DOTSOV14,RAWYAS,0.9193480974064244
DOTSOV14,IWEVAJ,0.9187240079823382
DOTSOV14,HOGLEV,0.9080156066273042
DOTSOV14,EXOGAB,0.9079799669851112
DOTSOV14,NUTQAV,0.9074225036733184
DOTSOV14,OFOCUI,0.9073655459070196
DOTSOV14,MOCKEV,0.9069567803575402
DOTSOV14,XIJSUH,0.9069449671583772
DOTSOV14,MOCKAR,0.906938351416584
DOTSOV14,HANWAW,0.9069300431288236
DOTSOV14,ALIXUP,0.901505551932782
DOTSOV14,PIDRAY,0.9011472602042184
DOTSOV14,HUCBOX02,0.8973571046203004
DOTSOV14,HUCBOX01,0.8973489971861899
DOTSOV14,RAHBOU,0.897194264337465
DOTSOV14,HUCBOX,0.8971052101240806
DOTSOV14,PAMQIF,0.8970348392265038
DOTSOV14,MOFGOE,0.8962943425317065
DOTSOV14,GIKMOD,0.8946172261824951
DOTSOV14,IPUPIU,0.8868434364902907
DOTSOV14,LUDLAZ,0.8865256574910524
DOTSOV14,IPUPOA,0.8856130218705105
DOTSOV14,KANMIX,0.8849466244740863
DOTSOV14,APUPEH,0.8828788308904911
DOTSOV14,EXAXAE,0.8828240331589174
DOTSOV14,EXAXAE03,0.882540118208026
DOTSOV14,DICKEH,0.8774518203881092
DOTSOV14,NEMCOA,0.8753311140472909
DOTSOV14,CEKHUY,0.8748527977643498
DOTSOV14,HIDTUM,0.8741817423811934
DOTSOV14,LAQNID,0.8692416368218889
DOTSOV14,NIGDIS,0.8611191450138198
DOTSOV14,TEKYOA,0.8610893158611463
DOTSOV14,TOVWAE,0.8605545232216381
DOTSOV14,OGEBAF,0.8593840620427001
DOTSOV14,XITYOP,0.8583974369574712
DOTSOV14,IXAJUN,0.8583039374019673
DOTSOV14,FAMQAO,0.8534618100008313
DOTSOV14,FAMPUH,0.8534335363463221
DOTSOV14,FAMQES,0.8534080730775053
DOTSOV14,EDOSEY,0.8531786667515863
DOTSOV14,LAYXER,0.8523754952504154
DOTSOV14,MAVRAE,0.851940824056765
DOTSOV14,LAYXAN,0.8504220915597928
DOTSOV14,RUJMEQ,0.8464089238232098
DOTSOV14,UWALEL,0.8461416642670786
DOTSOV14,LUKLIN,0.8399600661664026
DOTSOV14,BAZFUF01,0.8395364261730731
DOTSOV14,HUJGEA,0.839262055888275
DOTSOV14,BAZGAM,0.8384762865232388
DOTSOV14,ENIHUG,0.8384653300770888
DOTSOV14,ENIHUG01,0.8384222181763942
YUKTUU01,YUKTUU,0.9999999992653176
YUKTUU01,REZJIR02,0.9999999904649376
YUKTUU01,DADTOS15,0.999999840006893
YUKTUU01,DADTOS16,0.9999981526303884
YUKTUU01,DADTOS14,0.9999921747549444
YUKTUU01,DADTOS17,0.9999877740892844
YUKTUU01,LIJWOR02,0.9999833475670924
YUKTUU01,MNFORD02,0.9999764844275238
YUKTUU01,DADTOS02,0.9999756560176554
YUKTUU01,DADTOS,0.999970838054232
YUKTUU01,DADTOS04,0.9999695780215468
YUKTUU01,DADTOS11,0.9999691720812284
YUKTUU01,DADTOS01,0.9999689302796968
YUKTUU01,DADTOS09,0.9999675863412524
YUKTUU01,DIDVIW,0.9999652259085738
YUKTUU01,DADTOS18,0.9999641700912432
YUKTUU01,YANWOC01,0.9999639505124958
YUKTUU01,IJOMOJ01,0.9999496468989766
YUKTUU01,IJOMOJ03,0.9999369072901856
YUKTUU01,QINSUD,0.9999266190949548
YUKTUU01,DADTOS07,0.9999064691949232
YUKTUU01,REZJIR04,0.9999008805299407
YUKTUU01,JEDKIP01,0.9998923145686124
YUKTUU01,IQEWOQ,0.9982726359580074
YUKTUU01,ATIBOU02,0.9982523755857936
XAPSIS,JOPGUS,0.999994914071778
XAPSIS,CIPLIX,0.9999085101062444
XAPSIS,ABAYOU,0.992230142645736
XAPSIS,UFUKUB03,0.9195393139419944
XAPSIS,HUZJIW,0.9161535848958392
XAPSIS,EBIMEJ,0.9082342077467294
XAPSIS,FUDHAP,0.908176698507
XAPSIS,BEXVAD01,0.908019359019534
XAPSIS,ALIXID,0.9070674520445052
XAPSIS,FUDHET,0.9054848797048832
XAPSIS,FILYAC,0.8968824192710514
XAPSIS,XADDOX,0.8963223939033821
XAPSIS,COXFOL,0.8960089320619418
XAPSIS,XADDUD,0.8957518483154812
XAPSIS,MOXDEJ,0.894610516299363
XAPSIS,FISQEG,0.8845826872780281
XAPSIS,ABIWOX,0.8788197921107957
XAPSIS,VASYEW,0.8787934950460636
XAPSIS,VOSSUT,0.8697972466595667
XAPSIS,BUKLOJ,0.869680378547422
XAPSIS,BAKJEE,0.8611086043044018
XAPSIS,QUSVOQ,0.8609998932197629
XAPSIS,BAKJOO,0.8609444003403474
XAPSIS,TIDNIF,0.8578931477943454
XAPSIS,XIHSEN01,0.84599404823356
XAPSIS,XIHSAJ01,0.8459796983925814
XAPSIS,XIHSEN,0.8456082079159837
XAPSIS,VEFLUP,0.845512741655678
XAPSIS,NIGPEA,0.8400533042121057
XAPSIS,DIBQOW,0.8398159071200175
EBEWIT,DIGPER,0.999999991880526
EBEWIT,VODBEW,0.8897659326896781
EBEWIT,MIRGIG,0.887293855162957
EBEWIT,KEZLIN,0.8863052061546948
EBEWIT,AFUDUD,0.8845598689006546
EBEWIT,ADEGIA,0.8678991244281857
EBEWIT,ATIKAP,0.8677757890977965
EBEWIT,ADEGIA01,0.8653437719997623
EBEWIT,ELIKUG,0.8601255591487923
EBEWIT,INOVEN,0.8577678074569992
EBEWIT,YICGUP,0.8478958859295719
EBEWIT,UMIZEX,0.8452868274611818
EBEWIT,ATEYOP,0.8398108385452557
EBEWIT,XEGJIE02,0.8379017028496689
PAMQIF,HUCBOX,0.9999076676139156
PAMQIF,HUCBOX02,0.9997163070722896
PAMQIF,GIKMOD,0.9981896367439554
PAMQIF,EBAMUS,0.897145007396263
PAMQIF,DOTSOV02,0.8971200127042591
PAMQIF,DOTSOV12,0.8970354599408624
PAMQIF,DOTSOV08,0.8970327184796043
PAMQIF,DOTSOV10,0.8970320188806482
PAMQIF,XAMDUM04,0.8969213671874179
PAMQIF,XAMDUM05,0.8968879428274166
PAMQIF,XAMDUM03,0.8968522118220821
PAMQIF,RILFEA,0.8968126580058797
PAMQIF,YOZMEH,0.8968016746197174
PAMQIF,XAMDUM06,0.8967840246227388
PAMQIF,YOZMIL,0.8967725714003685
PAMQIF,YOZMOR,0.896731178412497
PAMQIF,YOZNAE,0.8967028941761245
PAMQIF,DIHVIB,0.8966938847345871
PAMQIF,TISPAO,0.8960443441626251
PAMQIF,GAVDUD,0.8955268878755792
PAMQIF,NEHZUY,0.8954679076418401
PAMQIF,QAWHIH01,0.8950009531647927
PAMQIF,QAWHIH,0.8949381071636121
PAMQIF,QIZLOC,0.8939079897754061
PAMQIF,OHOMIH,0.8937073214311391
PAMQIF,OQIZUL,0.8936793721387661
PAMQIF,YOZMUX,0.8857016341414646
PAMQIF,BABREE,0.8438279823316266
PAMQIF,DALSOA,0.8437323619104736
PAMQIF,MIKVEK,0.8426594678729779
EXOYAS,RAWYAS,0.9997749864518656
EXOYAS,CITXUZ,0.999557994533848
EXOYAS,IWEVAJ,0.9983952241334012
EXOYAS,DOTSOV08,0.9199364619293514
EXOYAS,DOTSOV12,0.919936301704126
EXOYAS,XAMDUM04,0.9197575806064652
EXOYAS,XAMDUM03,0.9197555333993598
EXOYAS,RILFEA,0.9197164407898704
EXOYAS,DIHVIB01,0.91970577752613
EXOYAS,YOZMEH,0.9197054570844306
EXOYAS,QIZLIW,0.9197041759063193
EXOYAS,EBAMUS,0.919702701244635
EXOYAS,LUDLED,0.9196925672448618
EXOYAS,YOZMIL,0.9196655802537886
EXOYAS,YOZMOR,0.9196185733864868
EXOYAS,YOZNAE,0.9196064657451266
EXOYAS,WULJUJ,0.9192273035246088
EXOYAS,NEHZUY,0.9183732726208572
EXOYAS,QAWHIH01,0.9179048034741836
EXOYAS,QAWHIH,0.9178418794791728
EXOYAS,QIZLOC,0.916701255186697
EXOYAS,YOZMUX,0.9058045709089994
EXOYAS,LASYOU,0.873681624055973
EXOYAS,BABREE,0.8636900902983076
EXOYAS,DALSOA,0.8635852726204497
EXOYAS,MIKVEK,0.8624274191749258
EXOYAS,HOGLEV,0.8429868153893588
EXOYAS,EXOGAB,0.8429757568886803
EXOYAS,HOGLEV01,0.8429533222980212
EXOYAS,HANWAW,0.8423888692210435
EXOYAS,OFOCUI,0.8413414065660858
EXOYAS,NUTQAV,0.8413262225881197
EXOYAS,MOCKEV,0.8406859332356446
EXOYAS,XIJSUH,0.8406706147149836
EXOYAS,ALIXUP,0.8380913709751179
ABAYIO,MEFZUU,0.8110840846121311
ABAYIO,WEYQEY,0.9951512602090448
ABAYIO,WEYQAU16,0.9937449223761132
ABAYIO,WEYQAU01,0.9920811497266664
ABAYIO,WEYQAU06,0.9913730362609524
ABAYIO,WEYQAU07,0.9911686802878464
ABAYIO,WEYQAU10,0.9906744809091272
ABAYIO,OFODET,0.907253683542397
ABAYIO,LUSHOX04,0.8742720332214565
ABAYIO,SOBDOF,0.8707135833810422
ABAYIO,UVETUL,0.8602925750880205
ABAYIO,GOVWOF,0.8600559300873141
UVUFUO,WEHHOI,0.8576792233788173
UVUFUO,REYCUV,0.8529072376795853
UVUFUO,REYCEF,0.8505794661461433
UVUFUO,FUDGIW,0.8404742537518313
UVUFUO,KUNLEL,0.8396347433545357
UVUFUO,VEHJUP,0.8377049033076943
XIHSAJ01,XIHSEN,0.999991397571846
XIHSAJ01,XIHSAJ,0.9999836620233018
XIHSAJ01,BUKLOJ,0.8849955489538849
XIHSAJ01,MOXDEJ,0.8635518628377528
XIHSAJ01,DAFHEZ,0.8628149152117912
XIHSAJ01,HABZEQ,0.8614032614937824
XIHSAJ01,XEVSIB01,0.8606281696265685
XIHSAJ01,XEVSIB,0.8605795937262197
XIHSAJ01,FILYAC,0.860530872144805
XIHSAJ01,XUYYIA,0.852483383137924
XIHSAJ01,EJINIV,0.8524547388995214
XIHSAJ01,YIPFIO,0.8439887380325408
XIHSAJ01,USAYOE,0.8429240894597904
XIHSAJ01,HURGOR,0.8421685001438776
XIHSAJ01,DERBIO,0.8418662712794849
XIHSAJ01,GEPBEK,0.841513679579367
XIHSAJ01,AXINAX01,0.8411999234814886
XIHSAJ01,CUWNIT,0.8397552621568581
XIHSAJ01,XAMGUQ,0.8396912392137611
BEXVAD01,FUDHAP,0.916315982978644
BEXVAD01,FUDHET,0.91209117402928
BEXVAD01,CIPLIX,0.9082172385310998
BEXVAD01,PUNYED,0.8984967107751431
BEXVAD01,ABAYOU,0.897613959455046
BEXVAD01,KORMUB,0.8605179136650042
BEXVAD01,UFUKUB02,0.8413443183266187
BEXVAD01,OKEHIW,0.8394894879597277
BEXVAD01,UFUKUB01,0.8394447179125
REDROI,IFABIA,0.9999861561099916
REDROI,GATBUZ,0.9999764233865692
REDROI,IFABIA02,0.9998973039917284
REDROI,VUSKEA,0.9988545643418684
REDROI,MIBQAR15,0.9988221046748248
REDROI,PEVQIS,0.9988172057609696
REDROI,MIBQAR07,0.9988118527673532
REDROI,SAHYIK,0.998729600606412
REDROI,ODODIW,0.9082138830665388
REDROI,BOLPAU,0.9081574911113676
REDROI,HUTZAX01,0.9080675122026866
REDROI,DAWCIP,0.907759498088531
REDROI,NEHGIS,0.9076237818919756
REDROI,AWEYAE,0.9062985688090616
REDROI,VOLRAQ,0.9041514205665264
REDROI,NIYZIG,0.8971876581690018
REDROI,PICCUC,0.8970520519834828
REDROI,CESQUP,0.8965389011113338
REDROI,JEDDII,0.896016695390135
REDROI,QEDZEG,0.8953555925542853
REDROI,SACHIP,0.8923053012505401
REDROI,DITTEH,0.8872094263898594
REDROI,DARYIF,0.884958682088037
REDROI,QAQSAD,0.8847505933556048
REDROI,FECYUJ,0.8841093771100427
REDROI,USAHAZ,0.8834929779739152
REDROI,IDIXAU,0.8825816401168387
REDROI,WUMDIT,0.8779587958941831
REDROI,DUPKAC,0.8770948581533016
REDROI,ZARLIP,0.8770826574064137
REDROI,VAGMEX,0.8767310970381355
REDROI,XAFFAN,0.876580538717287
REDROI,MEWPIQ,0.8764525065724997
REDROI,ZARLEL,0.8752767949070359
REDROI,PERQUB,0.8749949391096982
REDROI,ULISOZ,0.8749931347385904
REDROI,REGREC,0.8749206426096138
REDROI,IJEXIF01,0.8748558811750324
REDROI,VEHJUP,0.8746847382466836
REDROI,FUVBAB,0.8744297324114304
REDROI,ACIBOE,0.8740651461961728
REDROI,NANYUX01,0.8740442338343186
REDROI,NANYUX03,0.8739792884849327
REDROI,FUTZAX,0.8732713761448876
REDROI,NENHEU,0.8725587915980564
REDROI,KUNLEL,0.871952265273453
REDROI,GADROU,0.8690322068667469
REDROI,OKELOH,0.8690296700170912
REDROI,KAHMOW,0.8670707314353903
REDROI,XEGXIT,0.8670622278673575
REDROI,ZAQXEX,0.8610960588571036
REDROI,HUVGEM,0.8606509890616257
REDROI,XENMIO,0.8606380570100749
REDROI,LOWQIX,0.8606332921047997
REDROI,YICQOS,0.8597184162574757
REDROI,IGUFOH,0.8589092944780313
REDROI,CIQHOC,0.8538895459099161
REDROI,GAWMOJ,0.8535063777019869
REDROI,SIXWON,0.8533522444943974
REDROI,PURJES,0.8527011858323343
REDROI,NISCOJ,0.8463430223754669
REDROI,IGINIX,0.8462791921070253
REDROI,LEBQUH,0.8436029255229381
REDROI,HOKLIE,0.8396471481218852
WIZMAV07,WIZMAV11,0.9999999943151054
WIZMAV07,WIZMAV04,0.999999986399986
WIZMAV07,WIZMAV08,0.9999999856103716
WIZMAV07,WIZMAV05,0.9999999389532792
WIZMAV07,ERARUM,0.9999990666881218
WIZMAV07,UVAHIK,0.9999962236902706
WIZMAV07,ERANAO,0.9926302308826244
WIZMAV07,IXETEM,0.9561971419007376
WIZMAV07,HERHAQ,0.955856676719972
WIZMAV07,GERBEN,0.9554142467407188
WIZMAV07,EMIYUW,0.9548570794985056
WIZMAV07,HERHEU,0.9545170880553228
WIZMAV07,BUNLAZ,0.949407873033314
WIZMAV07,BUNKUS,0.9487748226226452
WIZMAV07,UFOSEQ,0.9469432384055334
WIZMAV07,RUBTAK03,0.9469422745938868
WIZMAV07,SURHEU02,0.94694205949991
WIZMAV07,DITJOH,0.922538821116012
WIZMAV07,VIKSIU,0.8939350911363184
WIZMAV07,VIKRIT,0.8932488607172027
WIZMAV07,ESEBOV,0.8931839245951313
WIZMAV07,UNEJEE,0.8928950031330111
WIZMAV07,YEYCUC,0.8923912731812655
WIZMAV07,XIJVIY,0.8922185722363376
WIZMAV07,HICNUF,0.8788795292695999
WIZMAV07,HERHUK,0.8747795769949324
WIZMAV07,RUKDIM,0.8650568754635048
WIZMAV07,OXOLAP,0.863205809083045
WIZMAV07,RIBSAZ,0.8531147470857523
BEWCUD,WAWGOQ,0.9532549759530616
BEWCUD,GUGNON,0.8635821897194578
XAMDUM05,XAMDUM03,0.9999991244715336
XAMDUM05,YOZMEH,0.999994858098708
XAMDUM05,XAMDUM04,0.9999945692480122
XAMDUM05,XAMDUM06,0.9999926195380896
XAMDUM05,YOZMOR,0.999980834327168
XAMDUM05,YOZNAE,0.9999782431840162
XAMDUM05,DOTSOV10,0.9999747008349468
XAMDUM05,DOTSOV08,0.9999744090994922
XAMDUM05,DOTSOV16,0.9999744037736016
XAMDUM05,EBAMUS,0.9998482776475874
XAMDUM05,TISPAO,0.9997243948076648
XAMDUM05,QAWHIH,0.9990883902884552
XAMDUM05,WULJUJ,0.9989759239208946
XAMDUM05,QIZLIW,0.9986577660158736
XAMDUM05,OQIZUL,0.9982299242501292
XAMDUM05,GAVDUD,0.9966417403306138
XAMDUM05,QIZLOC,0.9943491533305068
XAMDUM05,YOZMUX,0.9878185114030542
XAMDUM05,LASYOU,0.9464199022382054
XAMDUM05,BABREE,0.9322400100270636
XAMDUM05,ORAWAH,0.932031205786269
XAMDUM05,RAWYAS,0.9190500431251938
XAMDUM05,IWEVAJ,0.9187132126907636
XAMDUM05,CITXUZ,0.918626034535599
XAMDUM05,HOGLEV,0.907836831500626
XAMDUM05,EXOGAB,0.907790243181378
XAMDUM05,NUTQAV,0.9076862196502888
XAMDUM05,HOGLEV01,0.9076839196086212
XAMDUM05,MOCKEV,0.9072893639124467
XAMDUM05,XIJSUH,0.9072826175213504
XAMDUM05,MOCKAR,0.9072769197848812
XAMDUM05,HANWAW,0.90654531394204
XAMDUM05,PIDRAY,0.9002806487600454
XAMDUM05,HUCBOX01,0.8972908460332962
XAMDUM05,HUCBOX,0.8970520885226437
XAMDUM05,RAHBOU,0.8970395574549939
XAMDUM05,VUJBIM,0.8951199311240337
XAMDUM05,GIKMOD01,0.8933441282865243
XAMDUM05,VIXPUP01,0.8871485602971965
XAMDUM05,HOYQIX,0.8871284910436816
XAMDUM05,RUVKAV,0.8870997604458967
XAMDUM05,IPUPIU,0.8870327038408675
XAMDUM05,VIXPUP,0.8867484651284284
XAMDUM05,IPUPOA,0.8851754230847714
XAMDUM05,XEDMEB,0.8847900163960993
XAMDUM05,APUPEH,0.8823829302455639
XAMDUM05,EXAXAE,0.8823223326054206
XAMDUM05,EMUBIZ,0.8819761099393814
XAMDUM05,ANUGOG,0.8779522635909933
XAMDUM05,ANUGIA,0.8774089201007499
XAMDUM05,DICKEH,0.8771988048444292
XAMDUM05,NEMCOA,0.8747909843895084
XAMDUM05,CEKHUY,0.8742682795002749
XAMDUM05,LAQNID,0.8691586606291823
XAMDUM05,HABQUY,0.8664753805431127
XAMDUM05,KIRFOI,0.8660798547974481
XAMDUM05,NIGDIS,0.8610343715103197
XAMDUM05,JALPAQ,0.8583784640376584
XAMDUM05,FAMQAO,0.853532796689995
XAMDUM05,FAMPUH,0.8535183903855218
XAMDUM05,FAMQES,0.853504057001446
XAMDUM05,ANUGEW,0.8527336737229192
XAMDUM05,EPISOM,0.8526992408444535
XAMDUM05,LAYXAN,0.8497177219447329
XAMDUM05,HEHROE,0.8496693237853442
XAMDUM05,UWALEL,0.8452571321931104
XAMDUM05,LUKLIN,0.83977669482973
XAMDUM05,SEMNIJ,0.8395450610855483
XAMDUM05,BAZGAM,0.8380783196539262
VIXPUP,MOCKEV,0.8923455215623177
VIXPUP,XIJSUH,0.8923161942181213
VIXPUP,PIDRAY,0.890935153165752
VIXPUP,FAMQAO,0.8871870373865114
VIXPUP,QIZLIW,0.8871240966461429
VIXPUP,FAMPUH,0.8871080632606448
VIXPUP,FAMQES,0.8870419429030413
VIXPUP,DOTSOV16,0.886960030971178
VIXPUP,DOTSOV12,0.8869600059924783
VIXPUP,XAMDUM04,0.8867135558543121
VIXPUP,EBAMUS,0.886712877932003
VIXPUP,XAMDUM03,0.8867040910094763
VIXPUP,LUDLIH,0.8866776465851196
VIXPUP,LUDLED,0.8866202666742444
VIXPUP,XAMDUM06,0.8866139581134864
VIXPUP,YOZMIL,0.8865856479919556
VIXPUP,XAMDUM07,0.8865777879762323
VIXPUP,YOZMOR,0.8865250431486775
VIXPUP,YOZNAE,0.886508258728757
VIXPUP,DIHVIB,0.8864965673684594
VIXPUP,NEHZUY,0.8860669381831252
VIXPUP,QIZLOC,0.8846078287155239
VIXPUP,OHOMIH,0.8844965307257937
VIXPUP,YOZNOS,0.8765367444275229
VIXPUP,SOZHOG,0.8579023802054927
VIXPUP,IDUSIM,0.8571766631805301
VIXPUP,IDUSIM01,0.8570774215811118
VIXPUP,UNACES,0.8570154332097762
VIXPUP,UNACIW,0.8569558134343223
VIXPUP,IDUSIM02,0.8569373855582578
VIXPUP,IDUTIN,0.8567725225335339
VIXPUP,IDUTEJ,0.8567311196156018
NIKYUC,NIHBEM01,0.9999950788634232
NIKYUC,NIKZEN,0.9999758442499094
NIKYUC,CAJHUS01,0.999975710064522
NIKYUC,NIHBAI01,0.999968604516006
NIKYUC,NIKYOW,0.9999566121261458
NIKYUC,IZAKAX,0.9998159182071062
NIKYUC,IZAJUQ,0.9998077303851748
NIKYUC,VICBEQ,0.9991350617584304
NIKYUC,NUDPAE01,0.9990925132829498
NIKYUC,IZIDOM,0.9979843102710996
NIKYUC,NUDNUW09,0.9974025137048332
NIKYUC,NUDNUW01,0.9972828711462636
NIKYUC,NUDNUW06,0.9971547324832708
OCAKUB,MAHTAR,0.9472058951398052
OCAKUB,LUSHOX04,0.9471904948195684
OCAKUB,XUDSUK,0.9471651115557792
OCAKUB,UKIQIP,0.9327728528917432
OCAKUB,DADLEC,0.9208336170379428
OCAKUB,JIYPAL,0.9023679914278808
OCAKUB,BELTOD,0.8847903734550873
OCAKUB,XIHXET,0.8845313284480444
OCAKUB,MIQCUL,0.8650356116798755
OCAKUB,DAWCOV,0.8627930569473812
OCAKUB,PUGHAC,0.8537724881920211
OCAKUB,YEKJAC,0.8445651166016015
OCAKUB,FEJFAE,0.8444185382343286
OCAKUB,YAQCEY,0.8433639826167922
VIXPUP01,OFOCUI,0.8939981105732839
VIXPUP01,XIJSUH,0.8934100755963649
VIXPUP01,PIDRAY,0.8893390494513727
VIXPUP01,FAMPUH,0.887640613502976
VIXPUP01,FAMQES,0.8875992046124739
VIXPUP01,DOTSOV16,0.8872467520445656
VIXPUP01,DOTSOV08,0.8872467444563952
VIXPUP01,DOTSOV10,0.8872463282165767
VIXPUP01,XAMDUM04,0.887128230745697
VIXPUP01,XAMDUM03,0.8871249478154375
VIXPUP01,LUDLIH,0.8871100623305707
VIXPUP01,RILFEA,0.8870961896363598
VIXPUP01,DIHVIB01,0.8870884090578082
VIXPUP01,YOZMEH,0.8870880152964558
VIXPUP01,XAMDUM06,0.8870747711348775
VIXPUP01,XAMDUM07,0.8870538903713432
VIXPUP01,YOZMOR,0.8870228342753677
VIXPUP01,MAVRAE,0.886883517198453
VIXPUP01,DOTSOV02,0.8864713489966418
VIXPUP01,QAWHIH01,0.885555622619904
VIXPUP01,QAWHIH,0.8854992754710629
VIXPUP01,GAVDUD,0.8852057364477712
VIXPUP01,NEHZUY,0.8851558391392643
VIXPUP01,OQIZUL,0.8843517431357004
VIXPUP01,QIZLOC,0.8833282005903311
VIXPUP01,YOZMUX,0.8738102415475234
VIXPUP01,UNACES,0.8558471068909004
VIXPUP01,IDUSIM02,0.855750624121638
VIXPUP01,UNABUH,0.8557111591226693
VIXPUP01,IDUTEJ,0.8554971873542075
VALGAS,DUPKAC,0.8633881293825179
VALGAS,DARYIF,0.854994042653683
VALGAS,KEPKUO,0.8515738533017532
VALGAS,IRELAU,0.8509314650890383
VALGAS,IQOJAB,0.8380733951097981
FOKYEL,ATIJUI,0.885056522064963
FOKYEL,ZEDZAL,0.8413981065744107
CUFDUD,CUFFIT,0.9997000671698238
CUFDUD,TIKXAN,0.9996875929868866
CUFDUD,CUFDOX,0.9996853492591294
CUFDUD,CUFFUF,0.9996763687059088
CUFDUD,CUFFOZ,0.9996696117372128
CUFDUD,YAMXOC,0.999668504635174
CUFDUD,MURBEI,0.9472131130149652
CUFDUD,MUQYEE,0.9469792078381954
CUFDUD,OTEGOL01,0.9460848953928932
CUFDUD,OWIJAH,0.9460712273546776
CUFDUD,OWIHIN,0.9460653192755896
CUFDUD,HIHNUJ,0.9460411129391118
CUFDUD,OWIHOT,0.9460262387606502
CUFDUD,OWIJIP,0.94601078782728
CUFDUD,XOMHIS,0.9318482911672756
CUFDUD,VIFPUY02,0.8738298422183588
CUFDUD,VIFPUY05,0.8738272863734401
CUFDUD,VIFPUY03,0.8738210343510667
CUFDUD,VIFPUY01,0.873813453434718
CUFDUD,TIRFOQ,0.8485230295474062
CUFDUD,GIWMAD,0.8401870583364885
CUFDUD,NEDLOZ,0.8398464850700156
CUFDUD,CIFSIW,0.8393869903625296
CUFDUD,CIFSAO,0.8389096245708062
CUFDUD,CIFSES,0.8388161384722277
CUFDUD,FOSTIS,0.8387582940600455
CUFDUD,UNIDAY,0.8386486280085518
CUFDUD,FOSTOY,0.8385280447121286
UNIDAY,CIFSES,0.9999862587150998
UNIDAY,CIFSAO,0.999956332304104
UNIDAY,NEDLOZ,0.999561277057476
UNIDAY,GIWMAD,0.9980730172504462
UNIDAY,FIFGEI,0.9537516593154352
UNIDAY,WAQFAX,0.953438582296543
UNIDAY,GALJAG,0.9510582964037524
UNIDAY,MAYJOM,0.9037500406362886
UNIDAY,VACFOV,0.9034035799627812
UNIDAY,VIFPUY02,0.9028624903507074
UNIDAY,VIFPUY05,0.902857051399713
UNIDAY,VIFPUY,0.9028474234104134
UNIDAY,LOQLEJ,0.9028453947728724
UNIDAY,VIFPUY03,0.9028437540847424
UNIDAY,VIFPUY01,0.902829955558198
UNIDAY,MURBEI,0.863534963041519
UNIDAY,MUQYEE,0.862167054057476
UNIDAY,TONKEN,0.8617185403332983
UNIDAY,OTEGOL01,0.8598503558718285
UNIDAY,HIHNUJ,0.8597568691922786
UNIDAY,OWIHOT,0.859725107130266
UNIDAY,OWIJIP,0.859692401173059
UNIDAY,LEPTUY,0.8509156000006313
UNIDAY,IYUHIU,0.8388889485995684
UNIDAY,PEYVEV,0.8377039308773935
COZGED,ORAWEL,0.9998353042071568
VAGMEX,XAFFAN,0.99999564136309
VAGMEX,VIKBUP,0.9623764397822644
VAGMEX,ROZXEL,0.9224481854868956
VAGMEX,GUGNON,0.8856468901358987
VAGMEX,ORIBAU,0.8779577472257005
VAGMEX,KOZNEU,0.8773002375371053
VAGMEX,VEGMOK04,0.8770201156220822
VAGMEX,IFABIA,0.8765473005971841
VAGMEX,VOLRAQ,0.8759945395483378
VAGMEX,PEVQIS,0.8731585926871857
VAGMEX,MIBQAR12,0.8731506923007311
VAGMEX,MIBQAR07,0.8731440213827033
VAGMEX,MIBQAR01,0.8730577791585579
VAGMEX,LAWFOF,0.8730329763490877
VAGMEX,SAHYIK,0.8729833186304409
VAGMEX,UKOLOV,0.8653743004884363
VAGMEX,WUMDIT,0.8560362369806851
VAGMEX,DIRPOL,0.8551729235121208
VAGMEX,DUPKAC,0.8529941919342148
VAGMEX,QEDZEG,0.850344680460255
HIBSUG01,HIBSUG06,0.9999998940565624
HIBSUG01,OVAJAX,0.9999832939198644
HIBSUG01,ACUBOP,0.9997717932717444
HIBSUG01,PAQYAJ01,0.8774557966845706
HIBSUG01,PAQXUC,0.8774526068153772
HIBSUG01,XASHAA,0.8642131690622712
HIBSUG01,RIGHAR,0.8439762326538818
HIBSUG01,AVAQIX,0.8427841851566422
HIBSUG01,ROCZEQ,0.8408519455566041
VOTHIX,KUNLEL,0.8737107301453422
VOTHIX,NIWYID,0.8731868098266033
VOTHIX,ULISOZ,0.873049554451155
VOTHIX,ACIBOE,0.8702555037011328
VOTHIX,NANYUX01,0.8701919840586159
VOTHIX,NANYUX03,0.8700757017788204
VOTHIX,FUTZAX,0.8687467421114488
VOTHIX,JEDVIA,0.8665875646143372
VOTHIX,SAVMAE,0.8514562990406189
VOTHIX,YICQOS,0.8439950919730654
VOTHIX,NATFAS,0.840013676948734
VOTHIX,CIZQOT,0.8398152109297227
VOTHIX,LIKFOB,0.8393665889000705
VOTHIX,RIGTIL,0.8388654208573691
RUBTAK08,RUBTAK09,0.9999999874684604
RUBTAK08,KINGUM,0.9999845866681932
CUFDOX,TIKXAN,0.9999999959821976
CUFDOX,CUFFIT,0.9999998112704124
CUFDOX,CUFFEP,0.9999997509467868
CUFDOX,FEYDET,0.999976071908881
CUFDOX,IYUHIU,0.999560622823432
CUFDOX,TONKEN,0.9472109978533418
CUFDOX,OTEGOL01,0.9469618100888354
CUFDOX,OWIHUZ,0.9469606584336792
CUFDOX,OWIJAH,0.9469553270459244
CUFDOX,HIHNUJ,0.9469408892768107
CUFDOX,OWIHOT,0.94693368787319
CUFDOX,OWIJIP,0.9469261531304268
CUFDOX,MURBEI,0.9469226052084064
CUFDOX,XINTOG,0.9241444479294708
CUFDOX,TIRFIK,0.8941019336317004
CUFDOX,MAYJOM,0.874897928591356
CUFDOX,VACFOV,0.8748397706009917
CUFDOX,VIFPUY02,0.8747283991704545
CUFDOX,VIFPUY05,0.874727165978204
CUFDOX,VIFPUY,0.874724703691006
CUFDOX,VIFPUY03,0.8747241434433376
CUFDOX,TIRFOQ,0.8468353005179413
CUFDOX,NEDLOZ,0.8388593329782912
NOMPIQ01,BEPRIZ,0.9998536508018472
NOMPIQ01,DIBQIQ,0.9157414030668404
NOMPIQ01,DIBQOW,0.9122987217633464
NOMPIQ01,HURGOR,0.9023672417054204
NOMPIQ01,LUWZUZ02,0.8867875417795965
NOMPIQ01,LUWZUZ,0.8867527537838168
NOMPIQ01,CAXZOS,0.886207019607647
NOMPIQ01,DIDBAV,0.8855763126415697
NOMPIQ01,JODGIU,0.8854691851470906
NOMPIQ01,FISQEG,0.8729977136219299
NOMPIQ01,BUKLOJ,0.8608019787717213
NOMPIQ01,AZIHOI,0.8477887360105848
NOMPIQ01,FEVDER,0.8475504120185215
NOMPIQ01,DIQHAO01,0.8472610253728908
NOMPIQ01,NIDFOX,0.8454189749943405
NOMPIQ01,DIQHAO,0.8450228401509998
NOMPIQ01,SIDXOV,0.8440290312556059
NOMPIQ01,XALMII,0.8436718343017284
NOMPIQ01,EDAJUP,0.8410360667552021
BAKJEE,BAKJOO,0.9999421236502638
BAKJEE,AZIHOI,0.9765698404589432
BAKJEE,SIDXOV,0.96649263805705
BAKJEE,ERUNOW,0.9094918825709508
BAKJEE,DIDBID,0.9086414063491656
BAKJEE,FUMJAZ01,0.903858075234366
BAKJEE,FUMJAZ,0.9036732659543304
BAKJEE,XEVXUT,0.9011865106719332
BAKJEE,FEYJOJ,0.9003993583578374
BAKJEE,FISQEG,0.8942776828872752
BAKJEE,XUDVAV,0.8881697283030865
BAKJEE,XALMII,0.8867065088955409
BAKJEE,XALMOO,0.8859839567454777
BAKJEE,DIQHAO01,0.8806341620132879
BAKJEE,CEYPUT,0.8791334998932321
BAKJEE,OJOBAS,0.8791286312702655
BAKJEE,CEYPUT01,0.8791282418088828
BAKJEE,ABAVUV,0.8790740901317222
BAKJEE,CIJBEE,0.8790352681215933
BAKJEE,VEDGES,0.8790282813107567
BAKJEE,VEDGIW,0.879014281445518
BAKJEE,VEDFOB,0.8789167617159691
BAKJEE,VEDFAN,0.8788531289361304
BAKJEE,BOWDOI,0.8788318253962704
BAKJEE,BOWDUO,0.8787667341797313
BAKJEE,EXUXEC,0.8784560088680292
BAKJEE,BIKMAL,0.8781157706771563
BAKJEE,KEJWAY,0.877914880905875
BAKJEE,BIKMAL01,0.877406327470917
BAKJEE,TATSIS01,0.8771208400284944
BAKJEE,NIDFOX,0.876746645830746
BAKJEE,ERUNIQ,0.8765335869016465
BAKJEE,DIQHAO,0.8760307678223664
BAKJEE,DIBQIQ,0.8440255837507512
BAKJEE,DIBQOW,0.8433148491800446
BAKJEE,OKEHIW,0.8404082357687901
YAXBOP,SETQEP,0.9999997443608416
YAXBOP,SADMOB,0.9999996974328564
YAXBOP,SETQIT,0.9999986656172968
YAXBOP,XADCOW,0.999992917675596
YAXBOP,SADMUH,0.9999744323166436
YAXBOP,SETQUF,0.999959882900134
YAXBOP,SADMIV,0.9999533021179172
YAXBOP,POJTUE,0.9999290101081088
YAXBOP,POJTOY01,0.9998119381714616
YAXBOP,POJTOY,0.999744970827908
YAXBOP,YAXCAC,0.9949495393093432
YAXBOP,NEHZAE,0.9820027603466572
YAXBOP,TOVJAR,0.9063582574196866
YAXBOP,PIJKUR,0.8853381233741309
YAXBOP,PIJKIF,0.8850106606282488
YAXBOP,REZXOK,0.8840258475119998
YAXBOP,UFIHUP,0.8692471791633266
YAXBOP,UFIKOM,0.8691435532155365
YAXBOP,LARPEB,0.8609182744381249
BUKLOJ01,ETUWOG,0.9999156714646328
GAFREN,LACFUS,0.9999889357859916
GAFREN,XILBAW,0.9999973447392608
VEDFOB,BOWDOI,0.9999951083933024
VEDFOB,VEDFER,0.9999917355976032
VEDFOB,VEDFUH,0.999990120430426
VEDFOB,VEDGES,0.9999900262196948
VEDFOB,VEDGIW,0.9999895583879088
VEDFOB,AHETAK,0.9999810362841614
VEDFOB,CEYPUT,0.9999508778968306
VEDFOB,CEYPUT01,0.9999279479036854
VEDFOB,EXUXEC,0.9999069342559682
VEDFOB,TATSIS01,0.9992353988310853
VEDFOB,TATSIS,0.9991049553525764
VEDFOB,ERUNIQ,0.9988938825410182
VEDFOB,LASMAV,0.998538990508926
VEDFOB,ERUNUC,0.9233012728937464
VEDFOB,CAXZOS,0.9230797705313496
VEDFOB,JODGIU,0.9230642353986258
VEDFOB,DIDBAV,0.9228349876511556
VEDFOB,ERUNOW,0.9228255097831104
VEDFOB,JODGOA,0.8943951557283174
VEDFOB,BUKLOJ,0.8828914353701742
VEDFOB,FEVDER,0.8791620001369973
VEDFOB,TIDNIF,0.8771016278241657
VEDFOB,XALMOO,0.8600561323112746
VEDFOB,XALMII,0.8585734210895621
VEDFOB,DIQHAO01,0.8564780462580883
VEDFOB,FUMJAZ01,0.8538415285765064
VEDFOB,FUMJAZ,0.8536856855140891
VEDFOB,NIDFOX,0.8533944954182635
VEDFOB,XEVXUT,0.8520019845130303
VEDFOB,HURGOR,0.8443245096503427
VEDFOB,GAGWOB,0.8432019696932476
VEDFOB,NERVOV,0.8430191733703659
VEDFOB,KOHDIW,0.842966292154903
VEDFOB,CANROA,0.8429620420890584
VEDFOB,YIRSUQ,0.8419533250800835
IGAHED01,OCACUR,0.9999070954873291
IGAHED01,UGECEO,0.9997656263797468
IGAHED01,IGAHED,0.9997539981886572
IGAHED01,IGAHED03,0.9996134501699144
IGAHED01,SACMOA,0.9995335680081608
IGAHED01,KUHNEI,0.9968315106836532
IGAHED01,WINCEC,0.9928896148740424
IGAHED01,VULFOZ,0.872450409248129
IGAHED01,XEVSIB,0.8636104456711144
IGAHED01,HABZEQ,0.8634554796169293
IGAHED01,VOSSUT,0.8399816136004801
XUYYEW,XUYYIA,0.9999838527676222
XUYYEW,EJINIV01,0.9998808453547136
XUYYEW,FAHQIR,0.9335313896441249
XUYYEW,HABZEQ,0.9099843863929344
XUYYEW,XEVSIB01,0.9095945427497268
XUYYEW,XEVSIB,0.9095501072107306
XUYYEW,CAQJOW,0.881352434683024
XUYYEW,HAJYAV,0.8813492285596071
XUYYEW,HALVEY,0.8799569177120172
XUYYEW,CAQKAJ01,0.8777971956343895
XUYYEW,CAQKAJ,0.8769975661346524
XUYYEW,YIPFIO,0.8658589596453115
XUYYEW,VEFLUP,0.8525034146278245
XUYYEW,XIHSAJ,0.8524387370988316
XUYYEW,VOSSUT,0.8425618547484133
XUYYEW,YIRSUQ,0.838051237787331
OJOQAF,OJOQAF01,0.9999884911158888
OJOQAF,OJOQAF02,0.9999494629803952
OJOQAF,FUFVEJ,0.9967352703983008
OJOQAF,RAGREY,0.9951041242204406
OJOQAF,PEKZIP,0.9945289325536684
OJOQAF,KOGYIP,0.9939971774369816
OJOQAF,LABJUV,0.8880040221380782
OJOQAF,ICAGOK,0.8617557256671334
OJOQAF,HAJPEQ,0.8616994413131629
OJOQAF,KAGJOS,0.8609350789055644
OJOQAF,IXAJUN,0.8434782163938812
OJOQAF,MUGQAI,0.8421690469954596
OJOQAF,NAPSUV,0.8381018267874167
REYCEF,REYCUV,0.9983869951367744
REYCEF,FAHMIM,0.98106824641556
REYCEF,ECUVEF,0.9608819149804524
REYCEF,XEMPAJ,0.9161503515429742
REYCEF,SIKCIA,0.907508230431906
REYCEF,MEQPEG,0.900761024122572
REYCEF,WEHHOI,0.8671516503108432
REYCEF,WEHHIC,0.866545885991425
REYCEF,ADATAC,0.8610003612707716
REYCEF,FUDGIW,0.8522407176540653
REYCEF,IJEXIF01,0.8461330262117065
REYCEF,ULISOZ,0.845858350138597
REYCEF,ADUWIH,0.845603882633582
REYCEF,REGREC,0.8455674987998426
REYCEF,NANYUX01,0.8440990415712294
REYCEF,ACIBOE,0.844042162110147
REYCEF,NANYUX03,0.8439285845625082
REYCEF,FUTZAX,0.8429237406627437
REYCEF,JEDVIA,0.8412054705058097
WIZMAV06,WIZMAV05,0.9999999977758098
WIZMAV06,WIZMAV04,0.9999999930615032
WIZMAV06,WIZMAV,0.9999999751105956
WIZMAV06,WIZMAV09,0.9999999712438414
WIZMAV06,WIZMAV10,0.9999999563476788
WIZMAV06,IXETEM,0.9561909310097818
WIZMAV06,HERHEU,0.9545345139576286
WIZMAV06,GAYXEM,0.9534185471276152
WIZMAV06,BUNLAZ,0.9494411158443272
WIZMAV06,BUNKUS,0.9488095099207128
WIZMAV06,RUBTAK05,0.946938882466972
WIZMAV06,UFOSEQ,0.9469366260326136
WIZMAV06,SURLEY,0.9469358976478004
WIZMAV06,RUBTAK03,0.946935650522648
WIZMAV06,UFOSOA,0.9469338889894052
WIZMAV06,DITJOH,0.9225363066794464
WIZMAV06,IZIBUQ,0.9102426284586672
WIZMAV06,VIKSEQ,0.8939293085560789
WIZMAV06,VIKSIU,0.8939263851336587
WIZMAV06,UNEJEE,0.892910478437877
WIZMAV06,YEYCUC,0.8923733261570458
WIZMAV06,XIJVIY,0.8921998764992269
WIZMAV06,HICNOZ,0.878567005043118
WIZMAV06,XULGIW,0.865059103326359
WIZMAV06,WUPTUY01,0.8634798655814335
WIZMAV06,OXOLAP,0.8632233574959216
WIZMAV06,WUPTUY,0.8632039974515134
WIZMAV06,RIBSAZ,0.853150967084068
BIHRUI,OGOJAX,0.9999999136537192
BIHRUI,BIHROC,0.9998162056547816
BIHRUI,QIYDAF01,0.9776859866470976
BIHRUI,QIYDIN01,0.9746036667160451
BIHRUI,HABQUY,0.963770020931552
BIHRUI,VUJBIM,0.9240299064113014
BIHRUI,MUDTEL,0.9228787236842612
BIHRUI,YUGLES,0.9150415783132076
BIHRUI,NUTQAV,0.9144944109178412
BIHRUI,FISGOF,0.9007146035988844
HABQUY,DICKEH,0.9856901826693668
HABQUY,OGOJAX,0.9637812476509012
HABQUY,BIHROC,0.9630566361061308
HABQUY,VUJBIM,0.95836330808007
HABQUY,NUTQAV,0.9482586032328733
HABQUY,LURRIA,0.9388838620912136
HABQUY,QIYDIN01,0.938039422458154
HABQUY,SEMNIJ,0.935769506234128
HABQUY,RUVKAV,0.9025931947698758
HABQUY,FISGOF,0.8871481400907731
HABQUY,EBAMUS,0.8676232086663321
HABQUY,DOTSOV08,0.8665751020586595
HABQUY,DOTSOV10,0.866574611378481
HABQUY,LUDLIH,0.8665691110319963
HABQUY,DIHVIB01,0.8664070533931095
HABQUY,RILFEA,0.8664045365093411
HABQUY,YOZMIL,0.8664020173225319
HABQUY,LUDLED,0.8663851145921071
HABQUY,XAMDUM07,0.8663587951981125
HABQUY,YOZNAE,0.8663144425289472
HABQUY,DIHVIB,0.8663071554737218
HABQUY,QIZLIW,0.866136620325561
HABQUY,YOZNOS,0.8654873538820971
HABQUY,QAWHIH01,0.8647937125841857
HABQUY,QAWHIH,0.8647360975658581
HABQUY,NEHZUY,0.8646548069030838
HABQUY,OQIZUL,0.8635817779031495
HABQUY,QIZLOC,0.863292905741735
LOBQAV01,YIXFUI,0.9991569549507658
BERQIA,YIHZIA02,0.999574123825834
BERQIA,EKUNON02,0.8912919601341932
BERQIA,EKUNON,0.8912894877200063
BERQIA,EKUNON01,0.8912856909257006
BERQIA,JUYJIY,0.8547663001697375
BERQIA,FONQAC,0.8460824909560895
BERQIA,FIVRUA,0.8385273596608104
BERQIA,XEFGUN01,0.8384609622261434
SIZGEO,CEHKUW,0.9997446701766368
SIZGEO,PARKUQ,0.9994916006412636
SIZGEO,MITSUE,0.9992104139243508
SIZGEO,MITSAK,0.9992086514979756
SIZGEO,MITSIS,0.9991482819317076
SIZGEO,KUJMIN,0.9986824635689016
SIZGEO,QUQFOY,0.932760116353524
SIZGEO,NAPZOV,0.9192318228672062
SIZGEO,MICJOA,0.9080016881110976
SIZGEO,LIQFEY,0.9079976217636384
SIZGEO,FESYEK,0.9075300591519524
SIZGEO,VIDVUB,0.9064994017572808
SIZGEO,IJEYEC,0.8936389032660407
SIZGEO,NOLRIR,0.8781040942165264
SIZGEO,JUVROJ,0.8776920009270414
SIZGEO,VOTHOD,0.8740582501621363
SIZGEO,GIZNOT,0.8739792836804986
SIZGEO,GIYTOY,0.873975106432218
SIZGEO,XEFGUN01,0.8737821377021684
SIZGEO,GOYLUB,0.8726703582485307
SIZGEO,PENNAZ,0.8608434445107773
SIZGEO,FIPKOG01,0.860840846147386
SIZGEO,CIKCOQ,0.8595834992870961
SIZGEO,VIDWAI,0.8531801583543932
SIZGEO,AWEJIW,0.8521700799660867
SIZGEO,EGUHOD01,0.8498163245547854
SIZGEO,OKOSUE,0.8460045306594628
SIZGEO,TEMDIB,0.839435363611864
OQIZUL,QAWHIH,0.999858483323785
OQIZUL,QAWHIH01,0.9998420792610776
OQIZUL,TISPAO,0.9993503192604194
OQIZUL,DIHVIB,0.9986154219660268
OQIZUL,YOZNAE,0.998599967964538
OQIZUL,XAMDUM07,0.9985037483921952
OQIZUL,YOZMIL,0.9984920461826576
OQIZUL,LUDLED,0.9984410131524138
OQIZUL,YOZMEH,0.9984149784100748
OQIZUL,LUDLIH,0.9983453244259448
OQIZUL,XAMDUM04,0.9982757714095376
OQIZUL,EBAMUS,0.9978631378083292
OQIZUL,DOTSOV10,0.9977824606003592
OQIZUL,DOTSOV08,0.9977797416161666
OQIZUL,DOTSOV16,0.9977796920170836
OQIZUL,WULJUJ,0.9959554901479124
OQIZUL,DOTSOV02,0.9959309870187412
OQIZUL,QIZLIW,0.9938240325856096
OQIZUL,YOZNOS,0.9931960168100602
OQIZUL,NEHZUY,0.9899366540238396
OQIZUL,OHOMIH,0.9860832341494048
OQIZUL,DALSOA,0.931031489757824
OQIZUL,BABREE,0.9281424413231442
OQIZUL,MIKVEK,0.9238108361845108
OQIZUL,RAWYAS,0.9145892418058054
OQIZUL,CITXUZ,0.9136638967373644
OQIZUL,MOCKEV,0.9080895675357604
OQIZUL,YUGLES,0.9077003038088152
OQIZUL,HOGLEV,0.9043665848131606
OQIZUL,EXOGAB,0.9042285820043224
OQIZUL,HOGLEV01,0.9039235923032656
OQIZUL,VUJBIM,0.8973319916914191
OQIZUL,MUDTEL,0.8972117903016001
OQIZUL,HUCBOX02,0.8951361160048447
OQIZUL,HUCBOX01,0.894824731383783
OQIZUL,RAHBOU,0.8937693798269287
OQIZUL,MOFGOE,0.8917176220152874
OQIZUL,ALIXUP,0.8916826751113636
OQIZUL,PIDRAY,0.8911294527446627
OQIZUL,GIKMOD,0.8875158711579767
OQIZUL,GIKMOD01,0.8863014628680611
OQIZUL,KANMIX,0.883801752049106
OQIZUL,LUDLAZ,0.8817044140999255
OQIZUL,XEDMEB,0.8815995684108715
OQIZUL,EXAXAE,0.8761754279144358
OQIZUL,ANUGOG,0.8758890092745092
OQIZUL,EXAXAE03,0.8756232517242162
OQIZUL,EMUBIZ,0.8755652055157208
OQIZUL,NEMCOA,0.8683267012032163
OQIZUL,CEKHUY,0.8674372253607829
OQIZUL,LAQNID,0.8664856641044699
OQIZUL,TOVWAE,0.860648212645397
OQIZUL,KIRFOI,0.8596001378283067
OQIZUL,NAPSUV,0.8523957524717929
OQIZUL,FAMQES,0.8523241899007796
OQIZUL,FAMPUH,0.8522454691006226
OQIZUL,FAMQAO,0.8521440311178676
OQIZUL,XITYOP,0.8513240749667463
OQIZUL,IXAJUN,0.8511054974596552
OQIZUL,EPISOM,0.8488799796746703
OQIZUL,ANUGEW,0.8469697247690479
OQIZUL,LAYXAN,0.8418995183011219
OQIZUL,WARXUL,0.8414974565576736
OQIZUL,BAZFUF01,0.8397563434322477
OQIZUL,YIMQOD,0.8396469985345302
OQIZUL,ENIHUG01,0.839548442151084
OQIZUL,ENIHUG,0.8395338370717031
OQIZUL,QOWRAV09,0.8391696705426667
OQIZUL,QOWRAV08,0.8391611004960526
OQIZUL,QOWRAV03,0.8391360740115593
OQIZUL,QOWRAV04,0.8391342503060897
OQIZUL,QOWRAV02,0.8391322720471067
OQIZUL,SEMNIJ,0.8387627239427127
OQIZUL,LIGQEA,0.8378733661853487
EDORUN,JALPAQ,0.8995173715087489
EDORUN,XITYOP,0.86125044527941
EDORUN,HANWAW,0.8442196517038674
EDORUN,WURNOO,0.8386281417068681
EDORUN,KAGJOS,0.8384861205244798
EDORUN,ICAGOK,0.8383264319227689
FIXLAC,DUVNIS01,0.9999901171721484
DEGSIS01,QESBAR,0.9997187580309144
DEGSIS01,IDUDES,0.8777642090150317
DEGSIS01,EXAXAE03,0.8440139996491651
DEGSIS01,EMUBIZ,0.8440129963071082
DEGSIS01,HAWZEM,0.8439977869641011
DEGSIS01,BAHGUN01,0.8439935401774321
DEGSIS01,BAHGUN,0.8439922733950836
DEGSIS01,QERZUI,0.8439833949832742
DEGSIS01,BAHGUN03,0.843980500080985
DEGSIS01,BAHGUN04,0.8439697887510405
DEGSIS01,UFUNAK,0.8439435041609669
DEGSIS01,BAHGUN02,0.8439148479474285
DEGSIS01,POFDIZ,0.8438744285880645
DEGSIS01,NIHDIU,0.8438580772847477
DEGSIS01,QERZUI01,0.8438478807455547
DEGSIS01,UFUMUD,0.8437400163108896
DEGSIS01,UFUNIS,0.8435850560735396
DEGSIS01,POFDEV,0.8435471767359832
DEGSIS01,UGEPEB,0.8434154881881906
DEGSIS01,AHEMEG,0.8432193377179131
DEGSIS01,IPINAY,0.8431634296990539
DEGSIS01,VOJPUG01,0.8431509540866348
DEGSIS01,XEDMEB,0.8425865528065513
DEGSIS01,POFFAT,0.8423599238652054
DEGSIS01,QIWQES,0.8378869106666834
LAGWIB,VAKREG,0.9999612940998648
DIQHAO01,DIQHAO,0.9992254085583634
DIQHAO01,YATDOP,0.9940674607588156
DIQHAO01,XALMII,0.9893911793653876
DIQHAO01,CAXZOS,0.9228862894306974
DIQHAO01,ERUNUC,0.9203017297511822
DIQHAO01,AZIHOI,0.885554252625455
DIQHAO01,FEVDER,0.8846013302105616
DIQHAO01,TIDNIF,0.8827086906181115
DIQHAO01,AXINAX01,0.8675859218655948
DIQHAO01,DIBQIQ,0.8658276306846411
DIQHAO01,NIGPEA,0.8619991322802921
DIQHAO01,DIBQOW,0.8604918003440805
DIQHAO01,HELDOT,0.8591187949451621
DIQHAO01,EXUXEC,0.8575361905254004
DIQHAO01,AHETAK,0.8569150829648
DIQHAO01,BOWDUO,0.8568666555095938
DIQHAO01,VEDFUH,0.8567484866648676
DIQHAO01,BOWDOI,0.856718991690391
DIQHAO01,VEDFER,0.8566452745149316
DIQHAO01,VEDGIW,0.856108176898783
DIQHAO01,CIJBEE,0.856046274108688
DIQHAO01,VODNOS,0.8560316550180431
DIQHAO01,OJOBAS,0.8555987140523073
DIQHAO01,CEYPUT,0.8555718607023319
DIQHAO01,HURGOR,0.8544519351319131
DIQHAO01,XUDVAV,0.8527225561459192
DIQHAO01,FISQEG,0.8515834626634229
DIQHAO01,ABAVUV,0.8511690405343312
DIQHAO01,NOMPOW,0.847075571881079
DIQHAO01,XEVXUT,0.8457928519460871
DIQHAO01,FUMJAZ01,0.8452982449952309
YAXCAC,YAXBUV02,0.9999646047464842
YAXCAC,XUDSIY,0.9993011619064344
YAXCAC,POJTOY,0.9969476200841136
YAXCAC,VAGVAC,0.9968620871776148
YAXCAC,POJTUE,0.9960713498394
YAXCAC,NEHZAE,0.99588569354173
YAXCAC,SETQOZ,0.9958366531813048
YAXCAC,SETQUF,0.9958033117712992
YAXCAC,SADMUH,0.9956375308049528
YAXCAC,SETQIT,0.9951094219033714
YAXCAC,SETQEP,0.9948781686381536
YAXCAC,SADMOB,0.9948715101983074
YAXCAC,XADCOW,0.9945686685734614
YAXCAC,TOVJAR,0.9074653507908864
YAXCAC,PIJKIF,0.8867332279667781
YAXCAC,REZXOK,0.8835633365450999
YAXCAC,LARPEB,0.8726432234395363
YAXCAC,UFIKIG,0.8661658152071152
YAXCAC,TOVKEW,0.8526178053999712
YAXCAC,TOVJEV,0.8451600520352445
NIYZIG,JEDDII,0.9993486118336792
NIYZIG,WUMDIT,0.9753765392061082
NIYZIG,EKEKEL,0.9099884911848182
NIYZIG,IFABIA02,0.8971600734785415
NIYZIG,GATBUZ,0.8970595203226568
NIYZIG,PEVQIS,0.8969023263599554
NIYZIG,MIBQAR12,0.8968998741264769
NIYZIG,MIBQAR07,0.8968974883661622
NIYZIG,MIBQAR01,0.8968707332706531
NIYZIG,KOZNEU,0.8968639444223063
NIYZIG,LAWFOF,0.8968628338206731
NIYZIG,ROZXEL,0.8836817454495794
NIYZIG,UYAPOA,0.8485618112260177
LURRIA,SEMNIJ,0.9966359701784534
LURRIA,DICKEH,0.945582500948329
LURRIA,OGEBAF,0.9247876900599326
LURRIA,NUTQAV,0.9121696907610478
LURRIA,OGOJAX,0.9048494902509182
LURRIA,BIHROC,0.9038271864744436
LURRIA,VUJBIM,0.8992996236411095
LURRIA,EXOGAB,0.8895309465433888
LURRIA,ANUGOG,0.8819955036721253
LURRIA,QIYDIN01,0.8813591719881076
LURRIA,ANUGIA,0.8813192119656423
LURRIA,QIYDAF01,0.8804442236017002
LURRIA,FAGQAI,0.8799840515366647
LURRIA,KIJRUS,0.8688138649319013
LURRIA,BAZFUF01,0.8660913528113849
LURRIA,LAYXAN,0.864721353473015
LURRIA,ORAWAH,0.8634120280240998
LURRIA,MIKVEK,0.8623029380455962
LURRIA,NAFSOF,0.861927763111732
LURRIA,QOWRAV10,0.8608201431489394
LURRIA,QOWRAV09,0.8608086358980511
LURRIA,QOWRAV11,0.8608019948997427
LURRIA,QOWRAV12,0.8607975106721243
LURRIA,QOWRAV08,0.86078858464931
LURRIA,QOWRAV07,0.8607745902242192
LURRIA,QOWRAV03,0.8607302991541695
LURRIA,QOWRAV02,0.8607214794827535
LURRIA,LIGQEA,0.8581350504162468
LURRIA,LAQNID,0.8521709219543724
LURRIA,LASYOU,0.8508125081504636
LURRIA,DOTSOV02,0.8387746389458886
LURRIA,EPISOM,0.8381871616469286
MNFORD02,LIJWOR02,0.9999923168617304
MNFORD02,PADJOU,0.9999920660032664
MNFORD02,PADJOU01,0.99999091642371
MNFORD02,NURGUE,0.9999823159137696
MNFORD02,REZJIR03,0.9999811789979368
MNFORD02,LIJWOR05,0.9999777341666332
MNFORD02,YUKTUU,0.9999766794338862
MNFORD02,IJOMOJ01,0.999975521174982
MNFORD02,DADTOS15,0.999973054569352
MNFORD02,LIJWOR01,0.999966957410778
MNFORD02,QINSUD,0.999966073927502
MNFORD02,SIWPUL04,0.9999648057301376
MNFORD02,DADTOS14,0.9999485282054024
MNFORD02,DADTOS13,0.999929900635394
MNFORD02,YANWOC02,0.999923588981296
MNFORD02,DADTOS,0.99990892880268
MNFORD02,DADTOS01,0.9999057914659292
MNFORD02,DADTOS05,0.9999044151902544
MNFORD02,DADTOS09,0.9999036124962244
MNFORD02,DADTOS06,0.999900994899928
MNFORD02,DADTOS18,0.9998981258090246
MNFORD02,YANWOC,0.9998671670693158
MNFORD02,DADTOS10,0.9998651679357448
MNFORD02,IJOMOJ03,0.9998545019405242
MNFORD02,DADTOS07,0.9998143965934234
MNFORD02,JEDKIP01,0.9997964754435916
MNFORD02,IQEWOQ,0.997972343663431
MNFORD02,ATIBOU02,0.9979365379812372
PIJJEZ,NENHAQ,0.9892245902189856
GIKMOD,GIKMOD01,0.9999639391002204
GIKMOD,HUCBOX01,0.9975878325441652
GIKMOD,HUCBOX,0.99728439204742
GIKMOD,HUCBOX02,0.9972567338078692
GIKMOD,QIZLOC,0.8970257392015075
GIKMOD,OHOMIH,0.8969975132556923
GIKMOD,WULJUJ,0.8947362806720691
GIKMOD,DOTSOV16,0.8946200192781407
GIKMOD,DOTSOV12,0.8946199195242304
GIKMOD,EBAMUS,0.8941974220911051
GIKMOD,XAMDUM04,0.8939888951261998
GIKMOD,XAMDUM03,0.8939596059215972
GIKMOD,LUDLIH,0.8938990492837154
GIKMOD,YOZMEH,0.893802721496451
GIKMOD,LUDLED,0.8937635309473143
GIKMOD,XAMDUM06,0.8937490644581843
GIKMOD,YOZMIL,0.8936845712060669
GIKMOD,XAMDUM07,0.8936668343821704
GIKMOD,YOZMOR,0.8935490408878066
GIKMOD,YOZNAE,0.8935119299586943
GIKMOD,QAWHIH01,0.8898326726465232
GIKMOD,QAWHIH,0.8897167353984519
GIKMOD,YOZNOS,0.8812521770665114
GIKMOD,YOZMUX,0.8764864789099119
WULKAQ,DOTSOV22,0.9999999956566832
MINBEQ,GOYLUB,0.9178589061792436
MINBEQ,RUXWEM01,0.8752371721990175
MINBEQ,RUXWEM03,0.8749623231248863
MINBEQ,YILKAH,0.8429455783937588
MINBEQ,PIKYAM,0.8429404101700848
MINBEQ,RUGYOJ,0.842922190727206
MINBEQ,ESADUZ01,0.842888555244591
MINBEQ,ENITEB,0.8428880963851159
MINBEQ,ODIXIK,0.8428654162690825
MINBEQ,NOZZUZ,0.842820873929522
MINBEQ,WUHMOD,0.842783012027101
MINBEQ,YUYLIP,0.8426362744189126
MINBEQ,ODIXAC,0.8420452430350314
MINBEQ,POKZOG,0.8417750340821593
MINBEQ,PIKYIU,0.8407637477403708
MINBEQ,DAPYAW,0.8401416460189223
MITSIS,AXULEM,0.919777379950344
MITSIS,MITSUE,0.9999986380479108
MITSIS,MITSAK,0.9999984533259616
MITSIS,ODOXEK,0.999997668283242
MITSIS,FUMJAA,0.999982126677248
MITSIS,PARKUQ01,0.999936883113369
MITSIS,PARKUQ,0.9999352616646408
MITSIS,CEHKUW,0.9992629700445818
MITSIS,NABLIM,0.9980849192005375
MITSIS,DUWBEE,0.9468804537301216
MITSIS,QUQFOY,0.9322133598990062
MITSIS,NAPZOV,0.91743415826645
MITSIS,FESYEK,0.9082424195940249
MITSIS,MICJOA,0.907319998477655
MITSIS,GERWOR,0.9061677964917664
MITSIS,FIJDEI,0.8969086903002272
MITSIS,QEKLID01,0.8867161972109109
MITSIS,GIZNOT,0.8735737261168861
MITSIS,VOTHOD,0.8725281378268103
MITSIS,XEFGUN01,0.8718898347875255
MITSIS,GOYLUB,0.8700603207927562
MITSIS,DELGIN,0.8545373692862392
MITSIS,AWEJIW,0.8543200271852462
MITSIS,EGUHOD01,0.849545920394428
MITSIS,LUWKIZ,0.8481217468780201
MITSIS,OKOSUE,0.8462690935951976
MITSIS,TEMDIB,0.8394229497070729
BUNKUS,BUNLAZ,0.9999861483724718
BUNKUS,ERANAO,0.9564326014926834
BUNKUS,WIZMAV08,0.9487956456182232
BUNKUS,WIZMAV04,0.9487950664069412
BUNKUS,WIZMAV11,0.9487879139315736
BUNKUS,WIZMAV,0.9487821427446376
BUNKUS,WIZMAV09,0.9487800917013132
BUNKUS,WIZMAV10,0.9487732563787868
BUNKUS,GAYXEM,0.9156067152259488
BUNKUS,EMIYUW,0.9143433856567952
BUNKUS,HERHAQ,0.9126215227685908
BUNKUS,IXETEM,0.906094056217411
BUNKUS,RUBTAK05,0.8974841720909335
BUNKUS,SURLEY,0.8974657275282699
BUNKUS,SURHEU02,0.8974628627064811
BUNKUS,UFOSOA,0.8974533623224779
BUNKUS,ESEBOV,0.882977031401772
BUNKUS,DITJOH,0.876985567941265
BUNKUS,VIKSIU,0.8481597371982827
BUNKUS,VIKROZ,0.8472527287953199
BUNKUS,VIKRIT,0.8453592176036915
BUNKUS,HICNOZ,0.8439104882474185
BUNKUS,HICNUF,0.8433566358844913
BUNKUS,HERHUK,0.8422151845303101
XAPMUY,RUBZIY02,0.9470210179001932
XAPMUY,LIPZES,0.9452330665465322
XAPMUY,LONHON,0.94395106123277
XAPMUY,ERIQUS,0.9436140252861523
XAPMUY,MOLLEG,0.8757303356935748
XAPMUY,HIFHIP,0.8752688062055831
XAPMUY,FOMDAO01,0.8651187284487836
XAPMUY,VIXKOE,0.8635684279234945
XAPMUY,SAQCIZ,0.853107744386549
XAPMUY,LACFOM,0.8528916329895229
XAPMUY,INICPB01,0.8441994731489125
XAPMUY,POCMEA03,0.8439770584955903
XAPMUY,POCMEA04,0.8439068060168902
XAPMUY,TUTQOP,0.8433275018160107
QOWRAV07,QOWRAV08,0.9999999914212142
QOWRAV07,QOWRAV12,0.9999999768911528
QOWRAV07,QOWRAV11,0.9999999670083746
QOWRAV07,QOWRAV09,0.9999999491333862
QOWRAV07,QOWRAV03,0.9999999144796584
QOWRAV07,QOWRAV10,0.9999999088256604
QOWRAV07,QOWRAV04,0.9999998973938192
QOWRAV07,QOWRAV02,0.9999998771206056
QOWRAV07,LIGQEA,0.9997471798578136
QOWRAV07,BAZFUF01,0.9971247832255016
QOWRAV07,ANUGEW,0.9595021539132056
QOWRAV07,LAYXER,0.9573566148157518
QOWRAV07,ANUGOG,0.9568457815088026
QOWRAV07,HEHROE,0.9528007274371088
QOWRAV07,IPUPIU,0.944605036994552
QOWRAV07,CEFNIN,0.9114115383599692
QOWRAV07,EXOGAB,0.9075212438463288
QOWRAV07,FISGOF,0.9012162760261904
QOWRAV07,ORAWAH,0.881152171085301
QOWRAV07,ICAGOK,0.8768097207308156
QOWRAV07,KAGJOS,0.8723947280090923
QOWRAV07,HAYXIR,0.8717460918643298
QOWRAV07,ENIHUG,0.8678081584322067
QOWRAV07,MIKVEK,0.866646774201264
QOWRAV07,LASYOU,0.8629598258770909
QOWRAV07,MUNDOQ,0.8594949469487472
QOWRAV07,NAPSUV,0.8564373239417966
QOWRAV07,ASIVAB,0.8526855388675668
QOWRAV07,SIXNIZ,0.8524533251229984
QOWRAV07,SIXNOF,0.8512243889887185
QOWRAV07,RUJMEQ,0.8470719189438447
QOWRAV07,QAWHIH,0.8382435432311839
APUPEH,NEHZUY,0.8850333645844191
APUPEH,QIZLIW,0.8848430115187017
APUPEH,QIZLOC,0.8845206648363159
APUPEH,OHOMIH,0.884477202668619
APUPEH,DOTSOV02,0.8828916379048646
APUPEH,DOTSOV16,0.8828812658503091
APUPEH,DOTSOV12,0.8828812434457057
APUPEH,EBAMUS,0.8824945944248845
APUPEH,XAMDUM04,0.8823135345801553
APUPEH,XAMDUM03,0.882285925297245
APUPEH,LUDLIH,0.8822317789486264
APUPEH,DIHVIB01,0.8821448886400329
APUPEH,YOZMEH,0.882143512196839
APUPEH,XAMDUM06,0.8820947341065581
APUPEH,YOZMIL,0.8820362995620771
APUPEH,XAMDUM07,0.8820199108056118
APUPEH,YOZMOR,0.8819129396159024
APUPEH,YOZNAE,0.8818787316421468
APUPEH,DIHVIB,0.8818553096466859
APUPEH,TISPAO,0.880392042914715
APUPEH,QAWHIH01,0.8784670554179438
APUPEH,QAWHIH,0.8783582801386973
APUPEH,YOZNOS,0.8700342239984906
APUPEH,DALSOA,0.8613563129448496
APUPEH,LASYOU,0.8380582878878412
DOTSOV05,DOTSOV22,0.9999999999653564
NEHZUY,GAVDUD,0.999999408666286
NEHZUY,QIZLIW,0.9995202725254236
NEHZUY,DOTSOV08,0.9971430729475692
NEHZUY,EBAMUS,0.9967232477462992
NEHZUY,XAMDUM04,0.996501132851656
NEHZUY,LUDLIH,0.9964089018759568
NEHZUY,RILFEA,0.9963441250032824
NEHZUY,DIHVIB01,0.9963112799541084
NEHZUY,YOZMEH,0.9963097444341908
NEHZUY,LUDLED,0.9962698332488004
NEHZUY,YOZMIL,0.9961896930466144
NEHZUY,XAMDUM07,0.9961713766372736
NEHZUY,YOZMOR,0.9960518635704548
NEHZUY,DIHVIB,0.995987575983884
NEHZUY,QAWHIH01,0.9922803296001896
NEHZUY,QAWHIH,0.9921629466104134
NEHZUY,YOZNOS,0.9837374741867028
NEHZUY,YOZMUX,0.9789655917280696
NEHZUY,LASYOU,0.9397595642650542
NEHZUY,MIKVEK,0.9329818867443358
NEHZUY,BABREE,0.932067436146807
NEHZUY,DALSOA,0.92987025561853
NEHZUY,ORAWAH,0.9249745489805712
NEHZUY,CITXUZ,0.9196696451530312
NEHZUY,RAWYAS,0.9193877736145812
NEHZUY,IWEVAJ,0.915728369959992
NEHZUY,HANWAW,0.907895649894163
NEHZUY,PIDRAY,0.907291522819888
NEHZUY,EXOGAB,0.906865856147918
NEHZUY,HOGLEV,0.9067849998488527
NEHZUY,OFOCUI,0.9018964525568076
NEHZUY,GIKMOD01,0.8973356437949476
NEHZUY,RAHBOU,0.8957077734276832
NEHZUY,HUCBOX01,0.8948373664002527
NEHZUY,HUCBOX02,0.8945004200372328
NEHZUY,IPUPOA,0.8871433190609659
NEHZUY,LUDLAZ,0.8866369319981484
NEHZUY,VUJBIM,0.886224237485272
NEHZUY,RUVKAV,0.8853236405702027
NEHZUY,EXAXAE03,0.8850672897303982
NEHZUY,EXAXAE,0.8850407144582559
NEHZUY,ADONEP,0.882969742918837
NEHZUY,IPUPIU,0.8817154974951371
NEHZUY,PAFZEE,0.8814674539618591
NEHZUY,KANMIX,0.880871967758717
NEHZUY,NEMCOA,0.8779597811091959
NEHZUY,DICKEH,0.8770114352645019
NEHZUY,ANUGOG,0.8749382236070544
NEHZUY,ANUGIA,0.8712489135466577
NEHZUY,IXAJUN,0.861157543005963
NEHZUY,JALPAQ,0.8611239398562854
NEHZUY,XITYOP,0.8611042736893504
NEHZUY,OGEBAF,0.8609997293480919
NEHZUY,NIGDIS,0.8588900290801714
NEHZUY,IWEQAD,0.8584359977714697
NEHZUY,LAYXER,0.8550193461520693
NEHZUY,LAYXAN,0.8548158194114315
NEHZUY,WARXUL,0.8534614286724823
NEHZUY,MAVRAE,0.8533718337640464
NEHZUY,UWALEL,0.852479717666131
NEHZUY,EPISOM,0.8521345376549211
NEHZUY,FAMQES,0.8492647754151712
NEHZUY,EDOSEY,0.848259756759639
NEHZUY,NAFSOF,0.840029028267385
NEHZUY,BAZGAM,0.839587648657698
NEHZUY,LUKLIN,0.8387783409844043
HUCBOX02,HUCBOX,0.9997937252643164
HUCBOX02,DOTSOV12,0.8973571051206546
HUCBOX02,DOTSOV16,0.8973567655721083
HUCBOX02,DOTSOV08,0.8973567654169241
HUCBOX02,LUDLIH,0.8973175888871133
HUCBOX02,DIHVIB01,0.897303573533885
HUCBOX02,YOZMEH,0.8973030223543865
HUCBOX02,XAMDUM06,0.8972962301057885
HUCBOX02,YOZMIL,0.8972888200086166
HUCBOX02,XAMDUM07,0.897285149266956
HUCBOX02,YOZMOR,0.8972696443375969
HUCBOX02,YOZNAE,0.8972621237377402
HUCBOX02,DIHVIB,0.8972580568745044
HUCBOX02,EBAMUS,0.8972442010976611
HUCBOX02,DOTSOV02,0.8965291953190185
HUCBOX02,QIZLIW,0.896359889347006
HUCBOX02,QAWHIH01,0.8961606319871553
HUCBOX02,QIZLOC,0.8924493489294762
HUCBOX02,YOZNOS,0.8888285995572625
HUCBOX02,YOZMUX,0.8849810112969285
HUCBOX02,LASYOU,0.8543180863071237
HUCBOX02,ORAWAH,0.8427968066703565
HUCBOX02,MIKVEK,0.8417231954918014
YOZNAE,DIHVIB,0.9999999569909942
YOZNAE,YOZMOR,0.99999958124681
YOZNAE,XAMDUM07,0.9999983966226152
YOZNAE,YOZMIL,0.9999978538254626
YOZNAE,LUDLED,0.9999957148242276
YOZNAE,DIHVIB01,0.9999941723100872
YOZNAE,RILFEA,0.999992798335651
YOZNAE,LUDLIH,0.9999873514524272
YOZNAE,XAMDUM03,0.9999860586935854
YOZNAE,XAMDUM04,0.999977950659904
YOZNAE,DOTSOV10,0.9999060867823596
YOZNAE,DOTSOV12,0.9999055045659296
YOZNAE,TISPAO,0.99985742159756
YOZNAE,QAWHIH01,0.9993818330608788
YOZNAE,QAWHIH,0.9993480531913554
YOZNAE,WULJUJ,0.9988077131688772
YOZNAE,GAVDUD,0.9960816140236272
YOZNAE,OHOMIH,0.9934528159348496
YOZNAE,YOZMUX,0.9882178321352122
YOZNAE,LASYOU,0.946657030605079
YOZNAE,BABREE,0.9319593648714444
YOZNAE,MIKVEK,0.9295601478024031
YOZNAE,RAWYAS,0.9187288931256103
YOZNAE,IWEVAJ,0.918647737668081
YOZNAE,CITXUZ,0.9182489677794382
YOZNAE,YUGLES,0.9080517246916996
YOZNAE,NUTQAV,0.9078854938367876
YOZNAE,OFOCUI,0.9077433906957928
YOZNAE,HOGLEV,0.9076260509907664
YOZNAE,XIJSUH,0.907550470631221
YOZNAE,MOCKAR,0.9075456245333986
YOZNAE,HOGLEV01,0.9074408511675932
YOZNAE,HANWAW,0.9061421781479152
YOZNAE,HUCBOX,0.8969532255852634
YOZNAE,RAHBOU,0.8968509926785906
YOZNAE,VUJBIM,0.8955387110917528
YOZNAE,MUDTEL,0.89490385711175
YOZNAE,GIKMOD01,0.8927343322285716
YOZNAE,IPUPIU,0.8871629308404317
YOZNAE,RUVKAV,0.8869466848844673
YOZNAE,LUDLAZ,0.8858935364729329
YOZNAE,KANMIX,0.8850736781830191
YOZNAE,IPUPOA,0.8847251436206096
YOZNAE,XEDMEB,0.8846104305871003
YOZNAE,ADONEP,0.8843718140418927
YOZNAE,EMUBIZ,0.8814370085068113
YOZNAE,ANUGIA,0.87760690435155
YOZNAE,NEMCOA,0.8742459142633883
YOZNAE,HIDTUM,0.8729013232847509
YOZNAE,LAQNID,0.869036613299688
YOZNAE,IWEQAD,0.8610362804519517
YOZNAE,NIGDIS,0.860910097861423
YOZNAE,TEKYOA,0.8608352615521249
YOZNAE,OGEBAF,0.858479562264366
YOZNAE,XITYOP,0.8572963133100013
YOZNAE,IXAJUN,0.8571784055326915
YOZNAE,FAMQAO,0.8535533643647744
YOZNAE,FAMPUH,0.8535518013398583
YOZNAE,EDOSEY,0.8534599835129398
YOZNAE,EPISOM,0.8524454761114948
YOZNAE,ANUGEW,0.8522669561749698
YOZNAE,LAYXER,0.851287504346573
YOZNAE,LAYXAN,0.8490208365635465
YOZNAE,WARXUL,0.8482706394200181
YOZNAE,RUJMEQ,0.8462934147123807
YOZNAE,UWALEL,0.844393873449146
YOZNAE,BAZFUF01,0.8399443573303603
YOZNAE,ENIHUG01,0.8390162506078247
YOZNAE,HUJGEA,0.8387709530098252
FIJDEI,MITSUE,0.8969044990399835
FIJDEI,ODOXEK,0.8968994213563306
FIJDEI,PARKUQ01,0.8968165811675963
FIJDEI,MITSEO,0.8960820066996389
FIJDEI,CEHKUW,0.8960607637509992
FIJDEI,NABLIM,0.8948407987635323
FIJDEI,IRELIC,0.8684095107622551
FIJDEI,SIVWUR,0.8677040974591433
FIJDEI,EGUHOD01,0.8631656247286749
FIJDEI,NENHAQ,0.8533209115146451
FIJDEI,EFUFEQ,0.8528660353960055
FIJDEI,EKUNON02,0.8414048693357159
FIJDEI,EKUNON,0.8412838548939957
FIJDEI,EKUNON01,0.8411834858540862
FIJDEI,ULOGIL,0.8399957884433715
YOCGAZ,ODODIW,0.999998352162836
YOCGAZ,BOLPAU,0.9998412042176889
YOCGAZ,ORIBAU,0.9075852214841544
YOCGAZ,VUSKEA,0.9066078758479982
YOCGAZ,MIBQAR15,0.9065689013030716
YOCGAZ,PEVQIS,0.906561969704373
YOCGAZ,MIBQAR07,0.9065529716448352
YOCGAZ,MIBQAR01,0.9065019225258028
YOCGAZ,LAWFOF,0.906487078105462
YOCGAZ,DAWCIP,0.8608245886288801
YOCGAZ,DARYIF,0.8426892096637928
WOCGUR,OCACUR,0.8471024504969359
WOCGUR,SACMOA,0.847079472358493
WOCGUR,UGECEO01,0.847051885294516
WOCGUR,UGECEO03,0.8469856010855564
WOCGUR,IGAHED03,0.8466717345293109
WOCGUR,KUHNEI,0.842334190627298
LAWFOF,MIBQAR01,0.9999999630112362
LAWFOF,PEVQIS,0.9999990795262416
LAWFOF,MIBQAR15,0.9999990126819832
LAWFOF,MIBQAR07,0.9999986189860922
LAWFOF,VUSKEA,0.999997840751965
LAWFOF,WUHNUK,0.9080469562849496
LAWFOF,VOLRAQ,0.9074195380547122
LAWFOF,UYAPOA,0.9070381518105904
LAWFOF,ODODIW,0.9065928697125936
LAWFOF,VIKBUP,0.9060203238537012
LAWFOF,HUTZAX01,0.9058969101461852
LAWFOF,DAWCIP,0.9050107661665092
LAWFOF,AWEYAE,0.90197051066793
LAWFOF,CESQUP,0.8973149169321142
LAWFOF,JEDDII,0.8971894302625707
LAWFOF,PICCUC,0.8970408179500701
LAWFOF,EKEKEL,0.887293104878436
LAWFOF,DITTEH,0.8853175639582909
LAWFOF,FECYUJ,0.8845393491195525
LAWFOF,DARYIF,0.8842535237991992
LAWFOF,MIMRAB01,0.8842404113468824
LAWFOF,QAQSAD,0.8822431974991491
LAWFOF,DUPKAC,0.8779303561423675
LAWFOF,IDIXAU,0.8778499234237235
LAWFOF,XOQXIL,0.8758254168055696
LAWFOF,VEHJUP,0.8746891645473811
LAWFOF,KUNLEL,0.874598986276798
LAWFOF,IJEXIF01,0.87444992347255
LAWFOF,PERQUB,0.8737941567222116
LAWFOF,ULISOZ,0.8736321627795182
LAWFOF,REGREC,0.8730745471959552
LAWFOF,XAFFAN,0.8727369342601852
LAWFOF,MEWPIQ,0.8724912786024248
LAWFOF,NANYUX01,0.870624094761743
LAWFOF,NANYUX03,0.8704991575937445
LAWFOF,AXOCEW,0.8691756202947174
LAWFOF,NENHEU,0.8684569684092684
LAWFOF,GADROU,0.8680685132987912
LAWFOF,OKELOH,0.8667032234892953
LAWFOF,SAVMAE,0.8642416120807428
LAWFOF,XEGWIS,0.8625647989240162
LAWFOF,KAHMOW,0.8625489818361197
LAWFOF,XEGXIT,0.8625341248082463
LAWFOF,IGUFOH,0.8610855896481671
LAWFOF,EGIKUB01,0.8606742314945284
LAWFOF,ZAQXEX,0.8593032875720796
LAWFOF,UBUMAH,0.8588149411562449
LAWFOF,LOWQIX,0.8583829283317223
LAWFOF,WIMWIA,0.8581516465470559
LAWFOF,HUVGEM,0.8578369069435534
LAWFOF,XENMIO,0.8578015985516345
LAWFOF,WOJZOK01,0.8531141846675658
LAWFOF,SIXWON,0.8531021724183194
LAWFOF,TACJEO,0.8525699994714429
LAWFOF,GAWMOJ,0.8518086824861717
LAWFOF,CIQHOC,0.8502939796739415
LAWFOF,PURJES,0.8494191484884122
LAWFOF,LEBQUH,0.8386609737686607
CIQHOC,QUDGED,0.9976272348939316
CIQHOC,ORIBAU,0.8550221634668111
CIQHOC,KOZNEU,0.8544323544173557
CIQHOC,GATBUZ,0.854167835920452
CIQHOC,IFABIA,0.8537141547486669
CIQHOC,MIBQAR15,0.8504282862755216
CIQHOC,PEVQIS,0.8504168959037698
CIQHOC,MIBQAR12,0.850409266697721
CIQHOC,MIBQAR07,0.8504024338212721
CIQHOC,SAHYIK,0.8502451958176045
CIQHOC,NETYOD,0.8411752860166181
NAFSOF,BAZGAM,0.9987726379021606
NAFSOF,BAZFUF01,0.9914441436793724
NAFSOF,QOWRAV10,0.9789470590790446
NAFSOF,QOWRAV09,0.978925350676737
NAFSOF,QOWRAV02,0.9787613501449404
NAFSOF,HEHROE,0.9743396570496174
NAFSOF,ANUGOG,0.9582454266126724
NAFSOF,IPUPOA,0.94732456637562
NAFSOF,HOYQIX,0.940811021405527
NAFSOF,IPUPIU,0.9402510956371924
NAFSOF,EXOGAB,0.9141178631868988
NAFSOF,CEFNIN,0.9057864472547232
NAFSOF,FISGOF,0.9043669357138506
NAFSOF,WURNOO,0.8849072928223572
NAFSOF,KAGJOS,0.884649323112336
NAFSOF,MIKVEK,0.8826885254465866
NAFSOF,AVAKAL02,0.8796302868717129
NAFSOF,MUNDOQ,0.8769579767236599
NAFSOF,SEMNIJ,0.8628360081828945
NAFSOF,ENIHUG,0.8595132874633136
NAFSOF,ENIHUG01,0.8593898371236468
NAFSOF,SIXNEV,0.85864366906006
NAFSOF,EPISOM,0.858344908338154
NAFSOF,ASIVAB,0.8577294975863998
NAFSOF,NAPSUV,0.8544781097011377
NAFSOF,RUJMEQ,0.8492422815833103
NAFSOF,JALPAQ,0.8436652017391488
NAFSOF,TEKYOA,0.8406045957774709
NAFSOF,NIGDIS,0.8403218621554557
NAFSOF,OHOMIH,0.8401852973350272
NAFSOF,QIZLOC,0.8401812025354303
NAFSOF,GAVDUD,0.8400140182328852
HANWAW,LASYOU,0.9212929190727344
HANWAW,MIKVEK,0.9122951345299932
HANWAW,QIZLIW,0.9081935076392124
HANWAW,GAVDUD,0.907921111332487
HANWAW,ORAWAH,0.907249714130784
HANWAW,WULJUJ,0.9070887279057472
HANWAW,DOTSOV02,0.90707481190046
HANWAW,OHOMIH,0.9069578453526408
HANWAW,DOTSOV12,0.9069318844844324
HANWAW,DOTSOV16,0.9069306393834872
HANWAW,DOTSOV08,0.906930601161263
HANWAW,DOTSOV10,0.906928534484135
HANWAW,XAMDUM04,0.9065172818692996
HANWAW,XAMDUM03,0.9064673777652162
HANWAW,LUDLIH,0.9064419812226628
HANWAW,RILFEA,0.9063785370078976
HANWAW,DIHVIB01,0.906356568940524
HANWAW,YOZMEH,0.9063541310406872
HANWAW,LUDLED,0.906325750577946
HANWAW,YOZMIL,0.906273223178014
HANWAW,YOZMOR,0.906176693407292
HANWAW,DIHVIB,0.906123351970842
HANWAW,TISPAO,0.9049193834807424
HANWAW,YOZNOS,0.8960401669393442
HANWAW,YOZMUX,0.8917466011946057
HANWAW,EXOGAB,0.8884848971156801
HANWAW,HOYQIX,0.8659974985238297
HANWAW,IPUPIU,0.8656367890430612
HANWAW,CEKHUY,0.8596144993348298
HANWAW,HIDTUM,0.8593396846914257
HANWAW,BABREE,0.8533440903816015
HANWAW,KIRFOI,0.8514763649451071
HANWAW,EDOSOI,0.8442298845829421
HANWAW,XITYOP,0.8437645785222514
HANWAW,IXAJUN,0.8436791705945986
HANWAW,CITXUZ,0.8429487383447796
HANWAW,LAYXER,0.8422973177588691
HANWAW,LAYXAN,0.8415100215213455
HANWAW,HEHROE,0.8414881150814593
HANWAW,IWEVAJ,0.8406800797729269
BOVHEB,NUCRIN,0.9872104682169082
BOVHEB,MOFTIL01,0.9859419902743836
BOVHEB,MOFTIL02,0.9855244777038066
BOVHEB,LEYLIN,0.9295189884893428
BOVHEB,AQOROP,0.9083910504260572
BOVHEB,SAQFUM,0.8695583529145381
BOVHEB,OHOROS,0.8694103380290893
BOVHEB,VAHWIM,0.843943073257273
BOVHEB,VAHWOS01,0.8437960001416399
PURROK,RUZCOG,0.916263355493086
XAMDUM06,DIHVIB01,0.9999997743097516
XAMDUM06,YOZMIL,0.999999574228186
XAMDUM06,XAMDUM07,0.9999995336617736
XAMDUM06,RILFEA,0.9999994605621868
XAMDUM06,YOZMOR,0.9999969764243594
XAMDUM06,XAMDUM03,0.9999968146724836
XAMDUM06,LUDLIH,0.9999961840699536
XAMDUM06,DIHVIB,0.9999953494945064
XAMDUM06,DOTSOV10,0.9999400629140538
XAMDUM06,DOTSOV08,0.9999396142372068
XAMDUM06,DOTSOV16,0.9999396060374662
XAMDUM06,DOTSOV12,0.9999395945643922
XAMDUM06,QAWHIH01,0.9992811821333348
XAMDUM06,QAWHIH,0.9992447947975948
XAMDUM06,WULJUJ,0.9988801148467656
XAMDUM06,DOTSOV02,0.9988583649648346
XAMDUM06,QIZLIW,0.9984518713603664
XAMDUM06,GAVDUD,0.9963209245479911
XAMDUM06,QIZLOC,0.9939358178500644
XAMDUM06,OHOMIH,0.993762434208996
XAMDUM06,YOZNOS,0.991814390571386
XAMDUM06,YOZMUX,0.9880449304064304
XAMDUM06,LASYOU,0.9465627230319018
XAMDUM06,DALSOA,0.9329860593745758
XAMDUM06,BABREE,0.9320819666436124
XAMDUM06,RAWYAS,0.9188684227287652
XAMDUM06,YUGLES,0.9079932851214488
XAMDUM06,NUTQAV,0.9078074763811944
XAMDUM06,OFOCUI,0.9076816378574504
XAMDUM06,HOGLEV01,0.9075477454402444
XAMDUM06,MOCKEV,0.9074463612934578
XAMDUM06,XIJSUH,0.9074437767870154
XAMDUM06,ALIXUP,0.9001838379155898
XAMDUM06,HUCBOX01,0.8972385366894822
XAMDUM06,HUCBOX,0.8969980663190682
XAMDUM06,RAHBOU,0.8969350705956878
XAMDUM06,VUJBIM,0.8953688924385285
XAMDUM06,MUDTEL,0.8947073866910978
XAMDUM06,GIKMOD01,0.8929944919223308
XAMDUM06,PAFZEE,0.8850757633904929
XAMDUM06,IPUPOA,0.8849186189807697
XAMDUM06,XEDMEB,0.8846908036338876
XAMDUM06,EXAXAE,0.8820310041010988
XAMDUM06,EMUBIZ,0.8816675982513161
XAMDUM06,ANUGIA,0.8775294231879434
XAMDUM06,NEMCOA,0.8744790012030396
XAMDUM06,HIDTUM,0.8731735755970098
XAMDUM06,LAQNID,0.8690929249764697
XAMDUM06,KIRFOI,0.8657668606328367
XAMDUM06,TOVWAE,0.8608748593167754
XAMDUM06,OGEBAF,0.8586761371465558
XAMDUM06,FAMQAO,0.8535500507504608
XAMDUM06,FAMPUH,0.8535431152371395
XAMDUM06,EDOSEY,0.8534185140019727
XAMDUM06,EPISOM,0.8525550248825594
XAMDUM06,ANUGEW,0.8524673019071629
XAMDUM06,LAYXAN,0.8493173335437835
XAMDUM06,HEHROE,0.849267176091898
XAMDUM06,RUJMEQ,0.8463317321599833
XAMDUM06,UWALEL,0.8447598637931184
XAMDUM06,BAZFUF01,0.8398774140724682
XAMDUM06,REGYOT,0.8396643813307763
XAMDUM06,SEMNIJ,0.8396014497691842
XAMDUM06,ENIHUG,0.8389455212301005
XAMDUM06,ENIHUG01,0.8389118620570072
XAMDUM06,BAZGAM,0.8378376641641364
MIBQAR15,PEVQIS,0.9999999463081108
MIBQAR15,VUSKEA,0.9999997698966152
MIBQAR15,MIBQAR07,0.9999993953850776
MIBQAR15,MIBQAR01,0.999999341956905
MIBQAR15,IFABIA,0.9989956449772184
MIBQAR15,VEGMOK04,0.9985105440691346
MIBQAR15,ORIBAU,0.995556490622456
MIBQAR15,WUHNUK,0.9080653802309052
MIBQAR15,VOLRAQ,0.907361696316354
MIBQAR15,UYAPOA,0.9069874689499652
MIBQAR15,BOLPAU,0.9068329948128204
MIBQAR15,ODODIW,0.9066721627029982
MIBQAR15,VIKBUP,0.9061124458666522
MIBQAR15,HUTZAX01,0.9059915354277776
MIBQAR15,DAWCIP,0.9051223071221924
MIBQAR15,GUGNON,0.9047994354806062
MIBQAR15,JEDDII,0.8971916407498153
MIBQAR15,EKEKEL,0.8872966227830277
MIBQAR15,FECYUJ,0.8845630334564955
MIBQAR15,DARYIF,0.8843080409919849
MIBQAR15,MIMRAB01,0.8842940641604062
MIBQAR15,QAQSAD,0.8823472820694696
MIBQAR15,IDIXAU,0.8780157983688499
MIBQAR15,DUPKAC,0.8779409147763962
MIBQAR15,WUMDIT,0.8766638524396402
MIBQAR15,XOQXIL,0.8759157655282536
MIBQAR15,VEHJUP,0.874723015491014
MIBQAR15,KUNLEL,0.8745587530760998
MIBQAR15,IJEXIF01,0.8744952566427695
MIBQAR15,PERQUB,0.873861713145881
MIBQAR15,NIWYID,0.8738487269622677
MIBQAR15,NANYUX01,0.8707538118201135
MIBQAR15,NANYUX03,0.8706303111963725
MIBQAR15,ZARLEL,0.870583185134141
MIBQAR15,GADROU,0.8681308935133849
MIBQAR15,JEDVIA,0.867065442144384
MIBQAR15,SAVMAE,0.8642362834516347
MIBQAR15,XEGWIS,0.8627246526464117
MIBQAR15,KAHMOW,0.8627090211117436
MIBQAR15,XEGXIT,0.8626943411340673
MIBQAR15,XEGWAK,0.8626822885847577
MIBQAR15,IGUFOH,0.8610671917093244
MIBQAR15,EGIKUB01,0.8606982341359158
MIBQAR15,ZAQXEX,0.8593874975348392
MIBQAR15,UBUMAH,0.8589094131173256
MIBQAR15,LOWQIX,0.8584798012158972
MIBQAR15,XENMIO,0.8579148202652906
MIBQAR15,SOSQIC01,0.8546717371664341
MIBQAR15,WOJZOK01,0.8530717292418379
MIBQAR15,GAWMOJ,0.8518901238634212
MIBQAR15,PURJES,0.8495447384631669
MIBQAR15,NISCOJ,0.8457271443514132
MIBQAR15,IGINIX,0.8441770706550783
XUCHOS02,SOQRUM,0.9983143915358216
XUCHOS02,SEQSEO01,0.8878195981533478
XUCHOS02,SEQSUE,0.8865959550821165
XUCHOS02,EZOFEF,0.8848624905358802
XUCHOS02,PUNYON,0.8848280078377551
XUCHOS02,XUJQAV,0.8823575272568939
XUCHOS02,XUJPOI,0.8822502721638369
XUCHOS02,NUNPAP,0.8817459992589738
XUCHOS02,XUJPIC,0.8801399545957681
XUCHOS02,LICROF,0.8435856992404928
AKOXIJ,ROGLOP,0.999510589113558
IGUFOH,XAFFAN,0.975116832075328
IGUFOH,VIKBUP,0.9419003415491964
IGUFOH,IQOJAB,0.9222365269601528
IGUFOH,ROZXEL,0.8999017131382326
IGUFOH,UYAPOA,0.8743367610355766
IGUFOH,VOLRAQ,0.8693656700026364
IGUFOH,GUGNON,0.8629289282413128
IGUFOH,IFABIA02,0.8615574989865559
IGUFOH,MIBQAR12,0.861048782841639
IGUFOH,IFABIA,0.8585145453560181
IGUFOH,VEGMOK04,0.8578825856075114
IGUFOH,GATBUZ,0.857880274528302
IGUFOH,UKOLOV,0.8452268775294536
IGUFOH,DUPKAC,0.8399771010492685
KEPKUO,DARYIF,0.8609670546933259
WUMDIT,PICCUC,0.9752256818989148
WUMDIT,CESQUP,0.9746724542671727
WUMDIT,JEDDII,0.974086242159598
WUMDIT,EKEKEL,0.8891470800687058
WUMDIT,GUGNON,0.885242095966009
WUMDIT,VOLRAQ,0.8814328788107809
WUMDIT,VEGMOK04,0.8779577031973815
WUMDIT,KOZNEU,0.8779079131705455
WUMDIT,IFABIA02,0.8778120319106857
WUMDIT,VUSKEA,0.8766981072393268
WUMDIT,MIBQAR12,0.876653580795066
WUMDIT,MIBQAR01,0.8766047797502332
WUMDIT,SAHYIK,0.8765655693181146
WUMDIT,DITTEH,0.8659067251680501
WUMDIT,QEDZEG,0.8485955160630856
EYULAM,VOQBUZ,0.9989938857551492
EYULAM,XUMNAW,0.8877612135885184
EYULAM,IGUVIR,0.8618545469558037
EYULAM,IGUTUB,0.8617655573363249
EYULAM,IGUTUB01,0.8601303990719179
EYULAM,KETHEY,0.8452526974789234
EYULAM,CIKCOQ,0.8452290786319625
PIHJIB,CIKCOQ,0.907974513912901
PIHJIB,SIVWUR,0.8948979295580087
PIHJIB,IGUTUB01,0.8850152160688756
PIHJIB,IGUTUB,0.8832656152933636
PIHJIB,IGUVIR,0.8827015972820604
PIHJIB,KEJBOQ,0.8563500463678239
PIHJIB,KEPLID,0.8529910184026224
MGFORD02,LICSEW04,0.9999929192143244
MGFORD02,LIJWUX,0.9999707438829976
MGFORD02,LICSEW03,0.9999450154081148
MGFORD02,SIRBIG06,0.9997727433478264
MGFORD02,ILECIN,0.9997144170068376
MGFORD02,NAXVOY,0.9988633308306858
MGFORD02,NAXVOY01,0.997130232687815
MGFORD02,NAXVOY04,0.997023229532975
MGFORD02,NIWZIE08,0.9964039293328916
MGFORD02,NIWZIE02,0.9963093311096868
MGFORD02,NIWZIE17,0.9957462793650016
MGFORD02,NIWZIE18,0.9956990592185082
KANMIX,ADONEP,0.9992430066679326
KANMIX,EXAXAE03,0.9961880000955542
KANMIX,EMUBIZ,0.9961507058888116
KANMIX,YOZMOR,0.8850729382270017
KANMIX,XAMDUM07,0.8850677367722686
KANMIX,LUDLED,0.885062298804492
KANMIX,DIHVIB01,0.8850597246120842
KANMIX,YOZMEH,0.8850597025026479
KANMIX,RILFEA,0.8850572810827981
KANMIX,XAMDUM03,0.8850469675013911
KANMIX,XAMDUM04,0.8850408061344442
KANMIX,DOTSOV12,0.8849460353071134
KANMIX,DOTSOV08,0.884945926635277
KANMIX,EBAMUS,0.8848641637199082
KANMIX,QAWHIH01,0.8845405389624778
KANMIX,QAWHIH,0.884509051978597
KANMIX,WULJUJ,0.8838507630560182
KANMIX,MUNDOQ,0.8837913996110522
KANMIX,QIZLIW,0.8832275772129733
KANMIX,GAVDUD,0.8809424138066008
KANMIX,QIZLOC,0.8784382147130625
KANMIX,OHOMIH,0.8782526820328089
KANMIX,YOZNOS,0.877250801871838
KANMIX,YOZMUX,0.873565879371331
KANMIX,LASYOU,0.8439482722189098
KANMIX,QESBAR,0.842041190751339
QOWRAV04,QOWRAV12,0.999999776897085
QOWRAV04,LIGQEA,0.9997572611484524
QOWRAV04,BAZFUF01,0.997090428735212
QOWRAV04,KIJRUS,0.9863090106122016
QOWRAV04,BAZGAM,0.9860793643786144
QOWRAV04,ANUGIA,0.9602844122659868
QOWRAV04,ANUGEW,0.9594251826208096
QOWRAV04,LAYXER,0.9572744567864174
QOWRAV04,ANUGOG,0.956796095730366
QOWRAV04,LAYXAN,0.9528044253610556
QOWRAV04,HEHROE,0.9527086552060542
QOWRAV04,IPUPIU,0.9445677928517744
QOWRAV04,YUSWEP,0.9310623137677028
QOWRAV04,EXOGAB,0.9074604471733372
QOWRAV04,LAQNID,0.894719831953274
QOWRAV04,AVAKAL02,0.8811061123826028
QOWRAV04,ICAGOK,0.876749567104673
QOWRAV04,KAGJOS,0.8723220087691025
QOWRAV04,WURNOO,0.8720613915844406
QOWRAV04,ENIHUG01,0.8678341622489207
QOWRAV04,MIKVEK,0.8665660940432771
QOWRAV04,LASYOU,0.8629299350596499
QOWRAV04,NAPSUV,0.8563948836184265
QOWRAV04,ASIVAB,0.8526280483475831
QOWRAV04,SIXNEV,0.8509467993858254
QOWRAV04,RUJMEQ,0.8470205777132501
QOWRAV04,YIMQOD,0.8459721864026887
QOWRAV04,QAWHIH01,0.8381549162665471
YOZMOR,DIHVIB,0.9999994140617036
YOZMOR,XAMDUM07,0.9999987550680192
YOZMOR,DIHVIB01,0.999995355040676
YOZMOR,RILFEA,0.9999940251053144
YOZMOR,LUDLIH,0.9999905891653704
YOZMOR,XAMDUM04,0.99998272671404
YOZMOR,DOTSOV10,0.9999116316969624
YOZMOR,DOTSOV12,0.999911183725116
YOZMOR,TISPAO,0.9998498479561686
YOZMOR,QAWHIH01,0.9993660701663796
YOZMOR,QAWHIH,0.9993318801216556
YOZMOR,WULJUJ,0.9988516658545616
YOZMOR,DOTSOV02,0.9988302003153748
YOZMOR,QIZLIW,0.9983199673086052
YOZMOR,GAVDUD,0.9961200681935446
YOZMOR,QIZLOC,0.9936834382865068
YOZMOR,YOZMUX,0.9883026302012016
YOZMOR,BABREE,0.9319787812594088
YOZMOR,RAWYAS,0.9187509593475074
YOZMOR,NUTQAV,0.9078733987708694
YOZMOR,OFOCUI,0.9077530506378876
YOZMOR,HOGLEV,0.9076410175609596
YOZMOR,MOCKEV,0.9075406164031408
YOZMOR,XIJSUH,0.9075338645389872
YOZMOR,MOCKAR,0.9075289623979363
YOZMOR,HOGLEV01,0.9074578358703648
YOZMOR,ALIXUP,0.8998884454273631
YOZMOR,HUCBOX01,0.8971991959626551
YOZMOR,HUCBOX,0.8969784948261894
YOZMOR,RAHBOU,0.8968647696484456
YOZMOR,GIKMOD01,0.8927750521082696
YOZMOR,IPUPIU,0.8871554209881296
YOZMOR,RUVKAV,0.886957761892728
YOZMOR,IPUPOA,0.884755803980437
YOZMOR,XEDMEB,0.8846231386691017
YOZMOR,ADONEP,0.8844032082612425
YOZMOR,EXAXAE03,0.8815095275520745
YOZMOR,EMUBIZ,0.8814734541277189
YOZMOR,ANUGOG,0.877902565870015
YOZMOR,ANUGIA,0.8775949248605568
YOZMOR,DICKEH,0.876938783829047
YOZMOR,NEMCOA,0.8742827154944957
YOZMOR,CEKHUY,0.8737226896910427
YOZMOR,LAQNID,0.8690456622170875
YOZMOR,KIRFOI,0.8655699880170182
YOZMOR,OGEBAF,0.8585160632745427
YOZMOR,XITYOP,0.8573417788020905
YOZMOR,FAMQAO,0.8535531399406591
YOZMOR,FAMPUH,0.8535507658007002
YOZMOR,FAMQES,0.8535459582392135
YOZMOR,LAYXER,0.8513246628165201
YOZMOR,MAVRAE,0.8511022846267915
YOZMOR,RUJMEQ,0.8462996842737224
YOZMOR,BAZFUF01,0.839934071310867
YOZMOR,SEMNIJ,0.8396282088244887
YOZMOR,LUKLIN,0.8395768659801452
YOZMOR,ENIHUG,0.8390316893384467
YOZMOR,HUJGEA,0.8387905090176517
YOZMOR,BAZGAM,0.8377090636477907
VAYFAE,XOGWUN,0.9997565244645976
VAYFAE,FONQAC,0.9132082375064368
VAYFAE,FELXOM,0.9087031314495704
VAYFAE,JUYJIY,0.8967949956544561
VAYFAE,RUXWEM03,0.8844881260898019
VAYFAE,RUXWEM01,0.884233963577732
VAYFAE,JUXZOT,0.8828626705911519
VAYFAE,JUXZIN,0.8826822918742809
VAYFAE,FALGIK,0.8808436569051548
VAYFAE,DAPYAW,0.8765680026865562
VAYFAE,GOYLUB,0.8689500732689655
VAYFAE,NOLRIR,0.8552154967855119
VAYFAE,QEKLID01,0.8546923889925426
VAYFAE,PIKYIU,0.8515884101148345
GIZNOT,GIYTOY,0.9999997542638714
GIZNOT,CEHKUW,0.8742251061224516
GIZNOT,PARKUQ01,0.8739162043346911
GIZNOT,MITSAK,0.8736357297317949
GIZNOT,MITSUE,0.8736308119120896
GIZNOT,KUJMIN,0.8730915072231964
GIZNOT,HOQKII,0.8506655355387753
GIZNOT,FODGUB,0.8501866948723368
GIZNOT,FODGUB02,0.8487431855569908
EXAXAE03,EMUBIZ,0.9999998825930227
EXAXAE03,XEDMEB,0.9985190597893892
EXAXAE03,ADONEP,0.9981534439226776
EXAXAE03,MUNDOQ,0.8880441366085068
EXAXAE03,KIRFOI,0.8878144393425584
EXAXAE03,HAYXIR,0.8848674864101499
EXAXAE03,QIZLOC,0.8846717152507847
EXAXAE03,DOTSOV12,0.8825427091171594
EXAXAE03,DOTSOV08,0.8825426565539558
EXAXAE03,DOTSOV10,0.8825397508182369
EXAXAE03,XAMDUM04,0.8819363361995134
EXAXAE03,RILFEA,0.881787019978126
EXAXAE03,YOZMEH,0.8817543888099743
EXAXAE03,YOZMIL,0.8816404870198624
EXAXAE03,XAMDUM07,0.8816229801196702
EXAXAE03,DIHVIB,0.8814482276516307
EXAXAE03,TISPAO,0.8799044319646516
EXAXAE03,QESBAR,0.8437149042374109
VOLQOD,WOSZEL,0.9999991761069952
WEYQEY,GINHOD,0.9995631880019864
WEYQEY,WEYQAU16,0.9999089297134138
WEYQEY,WEYQAU06,0.9994524195892384
WEYQEY,WEYQAU07,0.9993994612447687
WEYQEY,OFODET,0.9066729683635336
WEYQEY,UKIQIP,0.886762815070322
WEYQEY,GELVEZ02,0.8850413581598322
WEYQEY,DIJCOP,0.8737007790429197
WEYQEY,MAHTAR,0.8734735521986335
WEYQEY,LUSHOX04,0.8731711874255116
WEYQEY,XUDSUK,0.8729675731635174
WEYQEY,GOVWOF,0.8598233532955779
WEYQEY,UVETUL,0.8595327945652378
WEYQEY,WACLEU,0.8453449906501594
WEYQEY,INEXOQ,0.8395411609263055
MUXVIM,JUXZOT,0.9983012604075754
MUXVIM,FELXOM,0.9525291113318268
MUXVIM,FONQAC,0.9338964814823112
MUXVIM,JUYJIY,0.9207223980729105
MUXVIM,RUXWEM01,0.8846497720294275
MUXVIM,RUXWEM03,0.8846037178040943
MUXVIM,FALGIK,0.8830410391360777
MUXVIM,IRELIC,0.8822664215853342
MUXVIM,YICRAF,0.8772049812683484
MUXVIM,DAPYAW,0.875322079230755
MUXVIM,GOYLUB,0.8680360274967813
MUXVIM,QEKLID,0.8562007278822139
MUXVIM,DELGIN,0.851812302633054
MUXVIM,AWEJIW,0.8511671310897901
MUXVIM,PIKYIU,0.8507433608227084
MUXVIM,PIKYAM,0.8502374917526222
MUXVIM,EKUNON01,0.8415602668972415
MUXVIM,EKUNON02,0.8415581904919094
MUXVIM,EKUNON,0.8415538723956325
MUXVIM,WUZGEF01,0.841303321241399
IDUTEJ,IDUTIN,0.9999998004035088
IDUTEJ,UNABUH,0.9999966115709764
IDUTEJ,IDUSIM02,0.9999954412795276
IDUTEJ,UNACIW,0.9999944072392388
IDUTEJ,UNACES,0.999991208337524
IDUTEJ,IDUSIM01,0.999984825673394
IDUTEJ,IDUSIM,0.9999774519361028
IDUTEJ,SOZHOG,0.9998115089854802
IDUTEJ,MAVRAE,0.9235530732101606
IDUTEJ,FAMQAO,0.8797569421086767
IDUTEJ,FAMQES,0.8793682816073107
IDUTEJ,UFUNIS,0.8666636804429855
IDUTEJ,NIHDIU,0.8666453496080839
IDUTEJ,UGEPEB01,0.8666341702273465
IDUTEJ,UGEPEB,0.8665497411450973
IDUTEJ,BAHGUN02,0.8665052273016118
IDUTEJ,BAHGUN,0.8664971265162303
IDUTEJ,BAHGUN01,0.866492290505078
IDUTEJ,EGOZAB,0.8664185862005811
IDUTEJ,UFUNAK,0.8659646245192711
IDUTEJ,KAKTIA01,0.8652927354534485
IDUTEJ,POFDEV,0.8650851260231722
IDUTEJ,AHEMEG,0.8645184043868552
IDUTEJ,IPINAY,0.8644275377834741
IDUTEJ,VOJPUG01,0.8643974937608221
IDUTEJ,POFFAT,0.8632029659447901
IDUTEJ,QIWQES,0.8573662879222903
IDUTEJ,IXAJUN,0.854436997141207
IDUTEJ,JALPAQ,0.8542368044235936
EGOZAB,BAHGUN,0.9999913125059052
EGOZAB,QERZUI,0.9999860622026392
EGOZAB,BAHGUN03,0.9999838840190124
EGOZAB,BAHGUN02,0.9999044274470302
EGOZAB,NIHDIU,0.9998927743416806
EGOZAB,QERZUI01,0.9998776823751064
EGOZAB,POFDIZ,0.9997868348672092
EGOZAB,UGEPEB01,0.9997628248393496
EGOZAB,UFUMUD,0.999732522835229
EGOZAB,UFUNIS,0.9996469855170098
EGOZAB,IPINAY,0.9990184741772938
EGOZAB,VOJPUG01,0.9989827577866696
EGOZAB,POFDOF,0.9983676549715852
EGOZAB,QIWQES,0.9935226290227172
EGOZAB,WURNOO,0.9232026928690544
EGOZAB,KAGJOS,0.9229925905858254
EGOZAB,ICAGOK,0.9220655079297284
EGOZAB,IXAJUN,0.8792888487686843
EGOZAB,SOZHOG,0.8666734482873442
EGOZAB,IDUSIM01,0.8665212809300651
EGOZAB,UNACES,0.8665054422568591
EGOZAB,UNACIW,0.8664881165808378
EGOZAB,IDUSIM02,0.8664828308016957
EGOZAB,IDUTIN,0.8664319716925992
EGOZAB,EDOSEY,0.8662440747005637
EGOZAB,CEZYOY,0.8437617867192392
EGOZAB,QESBAR,0.8436610893849867
EGOZAB,ENITAX,0.8425563456206204
WOHYOH01,MUQNOC,0.8209506870167969
WOHYOH01,BIYTOU,0.8439824208809621
WOHYOH01,DIWFAT,0.8439042642030976
WOHYOH01,IVEMAZ,0.8437320734431825
WOHYOH01,FEJFAE,0.8435959961882558
WOHYOH01,IVELUS,0.8434843391053906
WOHYOH01,SOBDOF,0.8396484782552702
FEJFAE,IVELUS,0.9999897905127484
FEJFAE,IVEMAZ,0.9999827261466864
FEJFAE,DIWFAT,0.9999016696025412
FEJFAE,MAHTAR,0.885060268542219
FEJFAE,LUSHOX04,0.8850285813080424
FEJFAE,LIJPAX,0.8505828881256123
FEJFAE,BOYTEQ,0.8503919684960587
FEJFAE,VUQKAU02,0.844233781969492
FEJFAE,EXUMEP,0.8399435187968052
FEJFAE,BEQPEU,0.8390338126066549
FEJFAE,GUPJEG01,0.8381586057742176
XAMDUM07,YOZMIL,0.9999998370572248
XAMDUM07,YOZMEH,0.9999987170731022
XAMDUM07,RILFEA,0.999997991114868
XAMDUM07,LUDLIH,0.9999939576228698
XAMDUM07,XAMDUM03,0.9999939109888972
XAMDUM07,XAMDUM04,0.9999866009967526
XAMDUM07,DOTSOV08,0.999928535537998
XAMDUM07,DOTSOV16,0.999928526618124
XAMDUM07,TISPAO,0.9998255864067548
XAMDUM07,QAWHIH01,0.999317307808009
XAMDUM07,QAWHIH,0.9992818338883892
XAMDUM07,DOTSOV02,0.9988338761462408
XAMDUM07,QIZLIW,0.9983977537111072
XAMDUM07,OHOMIH,0.9936548034143948
XAMDUM07,YOZMUX,0.9881065601280052
XAMDUM07,LASYOU,0.9465966363240312
XAMDUM07,ORAWAH,0.9322323175552816
XAMDUM07,MIKVEK,0.9297066277770888
XAMDUM07,RAWYAS,0.9188203980466056
XAMDUM07,IWEVAJ,0.9186671934341756
XAMDUM07,OFOCUI,0.9077041754327716
XAMDUM07,MOCKEV,0.9074839155835016
XAMDUM07,XIJSUH,0.9074820195587598
XAMDUM07,ALIXUP,0.9000617304781742
XAMDUM07,PIDRAY,0.8996680472218768
XAMDUM07,HUCBOX,0.8969832565109275
XAMDUM07,MOFGOE,0.8957994829053323
XAMDUM07,HOYQIX,0.8872054839388793
XAMDUM07,RUVKAV,0.8869925570706683
XAMDUM07,LUDLAZ,0.8859867275261135
XAMDUM07,PAFZEE,0.8850737675503666
XAMDUM07,IPUPOA,0.8848516902654764
XAMDUM07,EXAXAE,0.8819553955517018
XAMDUM07,ANUGOG,0.8779170284643009
XAMDUM07,ANUGIA,0.8775574324576082
XAMDUM07,DICKEH,0.8769994891998725
XAMDUM07,CEKHUY,0.8738452537872297
XAMDUM07,HIDTUM,0.8730790387142892
XAMDUM07,LAQNID,0.8690740599355841
XAMDUM07,KIRFOI,0.8656857968297641
XAMDUM07,IWEQAD,0.8610625473090079
XAMDUM07,NIGDIS,0.8609480098736614
XAMDUM07,TEKYOA,0.8608791103770155
XAMDUM07,OGEBAF,0.8586081331133447
XAMDUM07,XITYOP,0.8574504444831355
XAMDUM07,IXAJUN,0.857335940993357
XAMDUM07,FAMPUH,0.8535470234500127
XAMDUM07,NAPSUV,0.8535316425999264
XAMDUM07,EDOSEY,0.8534339072783718
XAMDUM07,EPISOM,0.8525175427069309
XAMDUM07,ANUGEW,0.852397965455248
XAMDUM07,LAYXER,0.8514401370406489
XAMDUM07,LAYXAN,0.8492142990354573
XAMDUM07,WARXUL,0.8484521623878082
XAMDUM07,UWALEL,0.8446324710047761
XAMDUM07,BAZFUF01,0.8399017317599151
XAMDUM07,REGYOT,0.8396321230360854
XAMDUM07,LUKLIN,0.8396243602538248
XAMDUM07,SEMNIJ,0.8396133242443276
XAMDUM07,ENIHUG01,0.8389492974156918
XAMDUM07,HUJGEA,0.8388457018472197
XAMDUM07,BAZGAM,0.8377761114799915
XAMDUM07,YIMQOD,0.8376867961865144
KEDJEL,DAKZUN,0.9563243673247234
KEDJEL,YIXFUI,0.9427025416810502
KEDJEL,QACTUJ,0.9403941312273614
KEDJEL,WOJYUR,0.9324616267091392
KEDJEL,LEDHEJ,0.9270158815700096
KEDJEL,ACODON,0.8838321331755818
KEDJEL,TORPUN,0.8650899631454652
KEDJEL,VUKTOM,0.8643959588110718
KEDJEL,ZAXSAV,0.8631360664415599
KEDJEL,EWETUW,0.862822996878574
KEDJEL,LOZSUQ,0.8627301808309641
KEDJEL,HUCXEK,0.8554320918410754
KEDJEL,LUCDES,0.8443839055823693
YAVYAW01,YAVYAW02,0.9998914207003446
YAVYAW01,GOXZIE,0.9998837300399808
YAVYAW01,XOPLOE,0.997319999736998
YAVYAW01,PARNON,0.9948779512266984
YAVYAW01,PARNIH,0.9942459338465056
YAVYAW01,RAHBOU,0.8509787250786347
MITSEO,NABLIM,0.999705370909018
MITSEO,PARKUQ,0.9996479205774692
MITSEO,PARKUQ01,0.9996440905124808
MITSEO,ODOXEK,0.999361558627292
MITSEO,MITSUE,0.9993421528584892
MITSEO,FUMJAA,0.9990381151616166
MITSEO,KUJMIN,0.9987802597945834
MITSEO,SITDAD,0.9467957468026208
MITSEO,DUWBEE,0.9451868897302576
MITSEO,QUQFOY,0.9330104422817288
MITSEO,LIQFEY,0.9082406510298948
MITSEO,MICJOA,0.9082336046150796
MITSEO,GERWOR,0.907893149580006
MITSEO,VIDVUB,0.906566002403025
MITSEO,IJEYEC,0.8941486747677474
MITSEO,QEKLID,0.8872950837699023
MITSEO,QEKLID01,0.8872912289004232
MITSEO,XEFGUN01,0.8741577272238232
MITSEO,FIPKOG01,0.8610449549939712
MITSEO,KETHEY,0.8599082006728013
MITSEO,CIKCOQ,0.8598786100204703
MITSEO,DELGIN,0.8526411294036248
MITSEO,AWEJIW,0.8521852471220395
MITSEO,EGUHOD01,0.8500547974369455
MITSEO,OKOSUE,0.8461875935367108
MITSEO,DAPYAW,0.8377203177478048
YILKAH,ESADUZ01,0.9999882376488748
YILKAH,WUHMOD,0.9999288831396737
YILKAH,POKZOG,0.9983992778527228
YILKAH,PIQQOX,0.9611936062249437
YILKAH,MICCIM,0.941235934163318
YILKAH,FOKWOT,0.9410822053889448
YILKAH,TULLIX,0.94107397187593
YILKAH,GOYLUB,0.9054941803158564
YILKAH,RUXWEM01,0.8643946744989203
YILKAH,RUXWEM03,0.8640660330008519
YILKAH,HIHGUC,0.8605518568866033
YILKAH,WIVRIE,0.8592774364402976
KEGTEY,OBAHOR,0.819888057887003
KEGTEY,DUZPUL,0.8444867464269948
KEGTEY,DECXUH,0.8394458908973486
UVAHIK,WIZMAV12,0.9999973771165048
UVAHIK,WIZMAV10,0.9999962586554716
UVAHIK,WIZMAV09,0.9999961048722604
UVAHIK,WIZMAV,0.99999605812746
UVAHIK,WIZMAV11,0.9999959250193772
UVAHIK,WIZMAV04,0.9999957569259308
UVAHIK,WIZMAV08,0.9999957431413076
UVAHIK,WIZMAV05,0.9999952024999832
UVAHIK,ERARUM,0.9999915417139856
UVAHIK,ERANAO,0.9922954134965668
UVAHIK,EMIYUW,0.9546998615112336
UVAHIK,HERHEU,0.954343689727848
UVAHIK,GAYXEM,0.95317930483821
UVAHIK,BUNLAZ,0.9490807205660924
UVAHIK,RUBTAK05,0.9470053104699212
UVAHIK,UFOSEQ,0.9470033449749684
UVAHIK,RUBTAK03,0.947002494875637
UVAHIK,SURHEU02,0.9470023051361028
UVAHIK,VIKSIU,0.8940155537326302
UVAHIK,UNEJEE,0.8927404518574784
UVAHIK,XIJVIY,0.8923961617589553
UVAHIK,HICNUF,0.8787594328849004
UVAHIK,HICNOZ,0.87841351007634
UVAHIK,RUKDIM,0.8650159320089923
UVAHIK,XULGIW,0.8650140212246524
IBUDOZ,QOMRUH,0.9999892167774392
IBUDOZ,DEGJIK,0.999988644681204
IBUDOZ,JAXNUU,0.9999858088994876
IBUDOZ,QONKOV,0.9998834482182036
IBUDOZ,CISLUN,0.9998251324719294
IBUDOZ,QONKUB,0.9996576296976104
IBUDOZ,JAVNIE,0.9975637534118764
IBUDOZ,BUZKUE,0.9974829972324314
IBUDOZ,QITZUP,0.86834444953397
IBUDOZ,CEXJUN01,0.8626095343007396
IBUDOZ,CEXJUN,0.862527409469654
IBUDOZ,CEXJUN03,0.8624522153868458
IBUDOZ,RODSAG01,0.855648084963074
HOYQIX,IPUPOA,0.9965105855387488
HOYQIX,ANUGIA,0.9878389154838776
HOYQIX,ANUGOG,0.9876770332908712
HOYQIX,EXOGAB,0.973157022894927
HOYQIX,LAYXER,0.970175771419469
HOYQIX,HEHROE,0.9675831143479672
HOYQIX,BAZFUF01,0.9479279510194384
HOYQIX,QOWRAV09,0.9442432634858428
HOYQIX,QOWRAV11,0.9442379078907556
HOYQIX,QOWRAV12,0.9442342922420268
HOYQIX,QOWRAV08,0.9442270370356391
HOYQIX,QOWRAV03,0.944179831724252
HOYQIX,QOWRAV02,0.9441726834083076
HOYQIX,KIJRUS,0.9436485053995572
HOYQIX,LASYOU,0.9327749252717084
HOYQIX,ENIHUG01,0.9162977895317336
HOYQIX,MIKVEK,0.9147625713347348
HOYQIX,EDOSEY,0.9107902398612686
HOYQIX,NAPSUV,0.9107671908220436
HOYQIX,RUJMEQ,0.9021246362035362
HOYQIX,NIGDIS,0.8957359753548254
HOYQIX,YIMQOD,0.8934469518006858
HOYQIX,YUSWEP,0.8876591825112388
HOYQIX,TISPAO,0.8872855680579488
HOYQIX,DIHVIB,0.8872317097407268
HOYQIX,YOZMIL,0.8872024385336292
HOYQIX,LUDLED,0.8871893483476063
HOYQIX,DIHVIB01,0.8871820899677687
HOYQIX,QAWHIH01,0.8870261913412851
HOYQIX,DOTSOV10,0.886972201167292
HOYQIX,DOTSOV08,0.8869711559498534
HOYQIX,DOTSOV12,0.8869711307897896
HOYQIX,EBAMUS,0.8869074413525204
HOYQIX,DOTSOV02,0.885686868870954
HOYQIX,GAVDUD,0.8822673850922167
HOYQIX,HAYXIR,0.8799874623054793
HOYQIX,YOZNOS,0.8797651660936331
HOYQIX,YOZMUX,0.876176817795733
HOYQIX,SEMNIJ,0.8727480065648503
HOYQIX,ICAGOK,0.8648488234546844
HOYQIX,ASIVAB,0.864304132959106
HOYQIX,SIXNIZ,0.8642277569477959
HOYQIX,SIXNOF,0.8637888022340658
HOYQIX,KAGJOS,0.862901883158411
HOYQIX,NEMCOA,0.8611580556863911
HOYQIX,CEKHUY,0.8605205341582383
HOYQIX,HIDTUM,0.859645761249298
HOYQIX,KIRFOI,0.8527180457599344
HOYQIX,XITYOP,0.8447300798525412
HOYQIX,SIXNUL,0.8426163018972371
HOYQIX,FAMPUH,0.8422759413404037
HOYQIX,IDUDES,0.8413833990596992
ANUGIA,IPUPIU,0.9878971133757716
ANUGIA,IPUPOA,0.983110160166374
ANUGIA,LAYXAN,0.9786870155374492
ANUGIA,HEHROE,0.978623368723597
ANUGIA,BAZFUF01,0.9629027212591048
ANUGIA,QOWRAV10,0.960347633148374
ANUGIA,QOWRAV09,0.960339910956154
ANUGIA,QOWRAV11,0.9603354692995094
ANUGIA,QOWRAV12,0.9603324702887618
ANUGIA,QOWRAV08,0.9603264515392362
ANUGIA,QOWRAV03,0.9602872615244618
ANUGIA,QOWRAV02,0.960281322539832
ANUGIA,LIGQEA,0.9584521459358516
ANUGIA,KIJRUS,0.9575011027445174
ANUGIA,ORAWAH,0.9363754931411166
ANUGIA,MIKVEK,0.930420546564064
ANUGIA,LASYOU,0.9225417781387424
ANUGIA,FISGOF,0.9188664213814026
ANUGIA,ENIHUG,0.9065227234603228
ANUGIA,YUSWEP,0.900841535736582
ANUGIA,EDOSEY,0.900806362889363
ANUGIA,NAPSUV,0.9006512023936577
ANUGIA,EPISOM,0.8983294655588767
ANUGIA,NIGDIS,0.8855689884425876
ANUGIA,TEKYOA,0.8854054973119228
ANUGIA,SEMNIJ,0.8850246358797598
ANUGIA,CEFNIN,0.8833393653269827
ANUGIA,QAWHIH01,0.8779289829434662
ANUGIA,DIHVIB,0.8776147012339012
ANUGIA,YOZMIL,0.8775512467800001
ANUGIA,LUDLED,0.8775243658857516
ANUGIA,YOZMEH,0.8775104667503651
ANUGIA,DIHVIB01,0.8775099173213684
ANUGIA,RILFEA,0.8774982594306273
ANUGIA,LUDLIH,0.8774718263118054
ANUGIA,XAMDUM04,0.8774319897161094
ANUGIA,DOTSOV10,0.877146793742064
ANUGIA,DOTSOV08,0.8771451400339398
ANUGIA,DOTSOV12,0.8771451119025819
ANUGIA,DOTSOV16,0.8771451098606161
ANUGIA,EBAMUS,0.877134948362088
ANUGIA,WULJUJ,0.875678541700071
ANUGIA,DOTSOV02,0.8756553004051089
ANUGIA,NEMCOA,0.8745847859142986
ANUGIA,CEKHUY,0.8738553081632485
ANUGIA,HIDTUM,0.8728624939496811
ANUGIA,YOZNOS,0.8708866492583967
ANUGIA,YOZMUX,0.8674868893379145
ANUGIA,MUNDOQ,0.8641785905621581
ANUGIA,ICAGOK,0.8552161662503385
ANUGIA,ASIVAB,0.8547813545363314
ANUGIA,SIXNIZ,0.8546779712736965
ANUGIA,SIXNOF,0.8541020101700426
ANUGIA,ADASEF,0.8507495033970826
SOSQIC01,IRELAU,0.855340638270484
SOSQIC01,MIBQAR01,0.8546999956333219
SOSQIC01,PEVQIS,0.8546769287218399
SOSQIC01,IFABIA02,0.8526862699401393
SOSQIC01,IFABIA,0.8525210702824392
SOSQIC01,VEGMOK04,0.8517941390478028
SOSQIC01,FECYUJ,0.8515242017637566
SOSQIC01,KOZNEU,0.8512101125590043
SOSQIC01,MIMRAB01,0.8505816440637362
SOSQIC01,YICQOS,0.849473268586905
SOSQIC01,JAYXAL,0.846596163338702
SOSQIC01,USAHAZ,0.8440561116377173
SOSQIC01,NUFCAU,0.8408797735075263
SOSQIC01,DOYHOQ,0.8403121867380582
SOSQIC01,FERHAN,0.8385441099118749
MOCKEV,OFOCUI,0.9997414346523548
MOCKEV,TOVWAE,0.9421747558808384
MOCKEV,QAWHIH01,0.90821987604004
MOCKEV,TISPAO,0.908028343997515
MOCKEV,DIHVIB,0.9075617743911856
MOCKEV,YOZMIL,0.9074794673909784
MOCKEV,LUDLED,0.9074396162566576
MOCKEV,YOZMEH,0.907421128669196
MOCKEV,RILFEA,0.9074049567909306
MOCKEV,XAMDUM03,0.9073440702486806
MOCKEV,XAMDUM04,0.9073439730503372
MOCKEV,DOTSOV10,0.9069559923281696
MOCKEV,DOTSOV12,0.9069549451091632
MOCKEV,DOTSOV08,0.9069539355331716
MOCKEV,DOTSOV16,0.9069538984586744
MOCKEV,WULJUJ,0.9056414513247384
MOCKEV,DOTSOV02,0.9056213571486108
MOCKEV,QIZLIW,0.9037182833012156
MOCKEV,YOZNOS,0.9021625794833787
MOCKEV,YOZMUX,0.8990544828556772
MOCKEV,LASYOU,0.8651401787032132
MOCKEV,FAMQES,0.8602633373563953
MOCKEV,FAMPUH,0.8602113597270441
MOCKEV,FAMQAO,0.8601412702805152
MOCKEV,MAVRAE,0.8551157370431048
MOCKEV,ORAWAH,0.8535268027579546
MOCKEV,DALSOA,0.8524403901835189
MOCKEV,BABREE,0.8501270413264571
MOCKEV,MIKVEK,0.8464205543257721
MOCKEV,RAWYAS,0.8390450259705473
SETQAL,SETQEP,0.999999688287431
SETQAL,SADMOB,0.9999996218399706
SETQAL,SETQIT,0.9999988118137386
SETQAL,SETRAM,0.9999886734052306
SETQAL,SETQUF,0.9999606393607748
SETQAL,SETQOZ,0.9999573195375446
SETQAL,SADMIV,0.9999541668112826
SETQAL,POJTUE,0.999929908238762
SETQAL,POJTOY01,0.99981364984261
SETQAL,POJTOY,0.999746950324512
SETQAL,YAXBUV02,0.9951248048584538
SETQAL,XUDSIY,0.990652710632615
SETQAL,NEHZAE,0.9820188075153092
SETQAL,KUXSIH,0.9721567113330176
SETQAL,TOVJAR,0.9063635024417837
SETQAL,PIJKUR,0.8853434640036396
SETQAL,UFIKOM,0.8691449137086956
SETQAL,UFIKIG,0.8690384530573343
SETQAL,TOVKEW,0.8518617724364835
POFDIZ,KAKTIA01,0.999912531174808
POFDIZ,BAHGUN02,0.9997534413606788
POFDIZ,HAWZEM,0.9997509488381146
POFDIZ,BAHGUN01,0.9997453710334612
POFDIZ,QERZUI,0.9997293688557692
POFDIZ,UFUMUD,0.999603011409918
POFDIZ,QERZUI01,0.9995096499160112
POFDIZ,NIHDIU,0.999488687365568
POFDIZ,AHEMEG,0.999452915589982
POFDIZ,UFUNIS,0.9991398976824698
POFDIZ,POFDOF,0.998978909756207
POFDIZ,POFFAT,0.998786220312462
POFDIZ,NELCEN,0.9981469776276944
POFDIZ,WURNOO,0.9232708035284156
POFDIZ,JALPAQ,0.8791395312223353
POFDIZ,NAPSUV,0.8681532170623316
POFDIZ,EDOSEY,0.8674253028963734
POFDIZ,SOZHOG,0.8664187153238382
POFDIZ,IDUSIM01,0.8660926141139504
POFDIZ,UNACES,0.8660308478466192
POFDIZ,IDUTIN,0.8659074144546482
POFDIZ,ENITAX,0.8427571060976992
UYOGOF,MALWUU,0.9999747672460464
UYOGOF,EKUNON02,0.8637408237067716
UYOGOF,EKUNON,0.8636875608413901
UYOGOF,EKUNON01,0.8636415906929625
UYOGOF,VOTHOD,0.8398079147470481
UYOGOF,QOZPEC,0.8394221803396931
VEDGAO,VEDFAN,0.9999994518963132
VEDGAO,BOWDOI,0.9999979309281316
VEDGAO,VEDFUH,0.9999973800647256
VEDGAO,VEDGIW,0.9999865480187832
VEDGAO,VODNOS,0.9999819826300648
VEDGAO,CIJBEE,0.9999811267040988
VEDGAO,VEDFIV,0.9999810823968512
VEDGAO,VEDGES,0.9999801436118992
VEDGAO,OJOBAS,0.9999429256510552
VEDGAO,CEYPUT,0.999939942051646
VEDGAO,EXUXEC,0.9999255206101764
VEDGAO,CEYPUT01,0.999898188948847
VEDGAO,KEJWAY,0.9997169257192384
VEDGAO,TATSIS01,0.9992561946909032
VEDGAO,TATSIS,0.9991587883475154
VEDGAO,ERUNIQ,0.9989593504936348
VEDGAO,LASMAV,0.998615596706786
VEDGAO,ERUNUC,0.9232834570520448
VEDGAO,JODGIU,0.9230005366612888
VEDGAO,DIDBEZ,0.9229195835787708
VEDGAO,ERUNOW,0.9227805337381602
VEDGAO,JODGOA,0.8943174949503547
VEDGAO,FEVDER,0.8791848742275374
VEDGAO,AZIHOI,0.878855987688995
VEDGAO,TIDNIF,0.8769667717916529
VEDGAO,SIDXOV,0.8714792017814466
VEDGAO,YATDOP,0.8600410140034285
VEDGAO,XALMII,0.8584942514190335
VEDGAO,FUMJAZ01,0.8538359154784149
VEDGAO,FUMJAZ,0.8536765706100193
VEDGAO,NIDFOX,0.8535564930132233
VEDGAO,DIQHAO,0.8529771522045205
VEDGAO,HURGOR,0.8443073868019835
VEDGAO,NERVIP01,0.8438256459272326
VEDGAO,RAKBIO,0.8435802919513335
VEDGAO,RAKBIO01,0.8435391373821618
VEDGAO,GAGWOB,0.8432354549027524
VEDGAO,FAZPIH,0.8430098708415148
VEDGAO,WOPWOP,0.8430010205344476
VEDGAO,CANROA,0.8429737785146996
VEDGAO,VOCKUT,0.8428817429121274
VEDGAO,NERVEL,0.8428274025679373
VEDGAO,YIRSUQ,0.8420369856386831
VEDGAO,CEJFOO,0.8414621340333049
VELVOY,MECWEX,0.999999999983054
VELVOY,FAWCEN01,0.9999982346936124
WIMWIA,LOWQIX,0.9999946210520868
WIMWIA,EGIKUB01,0.9984034283266944
WIMWIA,FUVBAB,0.8968768382547937
WIMWIA,REGREC,0.8968635487400827
WIMWIA,ACIBOE,0.8967362544770788
WIMWIA,NANYUX01,0.8967186714867361
WIMWIA,NIWYID,0.8966393249905394
WIMWIA,PERQUB,0.8966323763791458
WIMWIA,FUTZAX,0.8963083871024702
WIMWIA,IJEXIF01,0.8961176227128977
WIMWIA,VEHJUP,0.8957525201130279
WIMWIA,JEDVIA,0.8954571675038014
WIMWIA,KUNLEL,0.8917729727309642
WIMWIA,QAQSAD,0.8638016036040639
WIMWIA,MIMRAB01,0.8630320280503834
WIMWIA,IDIXAU,0.862695900692265
WIMWIA,FECYUJ,0.8616721212186143
WIMWIA,KOZNEU,0.8607892229680311
WIMWIA,ADUWIH,0.8607756072115282
WIMWIA,GATBUZ,0.8606920055486539
WIMWIA,VEGMOK04,0.8606915168382856
WIMWIA,ORIBAU,0.8605935420290334
WIMWIA,IFABIA,0.8604722017766636
WIMWIA,VUSKEA,0.8583014565378042
WIMWIA,PEVQIS,0.8582447538787622
WIMWIA,MIBQAR01,0.858170079787213
WIMWIA,SAHYIK,0.8581152264367826
WIMWIA,MUWRUT,0.8570987992772898
WIMWIA,PASGIB02,0.8546028672395838
WIMWIA,PASGEX04,0.8545991496861358
WIMWIA,YOZYUJ,0.8543609920031288
WIMWIA,DUZPUL,0.851063743389968
WIMWIA,QUQFEO,0.8437495657684947
WIMWIA,SAVMAE,0.8412025815697154
VIKBUP,XAFFAN,0.9622756893032168
VIKBUP,KOZNEU,0.9082411309593236
VIKBUP,GATBUZ,0.9081902837782816
VIKBUP,VEGMOK04,0.9081899812718096
VIKBUP,IFABIA,0.9080361414532244
VIKBUP,IFABIA02,0.9078577670682078
VIKBUP,ORIBAU,0.9078277197762948
VIKBUP,PEVQIS,0.9061046713026156
VIKBUP,MIBQAR12,0.9060994248167368
VIKBUP,MIBQAR07,0.906094678967304
VIKBUP,MIBQAR01,0.9060370256072576
VIKBUP,SAHYIK,0.9059867429758875
VIKBUP,UKOLOV,0.8952831399894001
VIKBUP,DIRPOL,0.8847747126916496
VIKBUP,ROZXEL,0.8650103598530681
VIKBUP,SIXWON,0.8601686602129962
YOZMUX,EBAMUS,0.9897913722796776
YOZMUX,QAWHIH01,0.9897660671284728
YOZMUX,TISPAO,0.9891462759550989
YOZMUX,DIHVIB,0.988236297883842
YOZMUX,LUDLIH,0.988211878945848
YOZMUX,YOZMIL,0.9881665827401772
YOZMUX,LUDLED,0.988033971396596
YOZMUX,DIHVIB01,0.9880241351424084
YOZMUX,XAMDUM03,0.9878842978467514
YOZMUX,DOTSOV12,0.987308207103577
YOZMUX,DOTSOV10,0.9872912793726958
YOZMUX,DOTSOV08,0.9872882317158952
YOZMUX,DOTSOV16,0.9872881847614844
YOZMUX,QIZLIW,0.9830427475858908
YOZMUX,QIZLOC,0.9760502174184148
YOZMUX,OHOMIH,0.9752366098465703
YOZMUX,LASYOU,0.9377212908490418
YOZMUX,ORAWAH,0.9228718504244188
YOZMUX,DALSOA,0.9206122116625476
YOZMUX,BABREE,0.9174055910061164
YOZMUX,MIKVEK,0.913512081813756
YOZMUX,IWEVAJ,0.9134576802386578
YOZMUX,RAWYAS,0.903810467592104
YOZMUX,OFOCUI,0.9005779626786645
YOZMUX,MOCKAR,0.8980947818769517
YOZMUX,XIJSUH,0.8980914746431097
YOZMUX,NUTQAV,0.8977722936222493
YOZMUX,YUGLES,0.8974947957641611
YOZMUX,EXOGAB,0.8937951215997131
YOZMUX,HOGLEV,0.8937269683181344
YOZMUX,HOGLEV01,0.8932317325492202
YOZMUX,MUDTEL,0.8875381161084482
YOZMUX,HUCBOX01,0.8842650791605887
YOZMUX,RAHBOU,0.8832011254249579
YOZMUX,ALIXUP,0.8805804186435788
YOZMUX,PIDRAY,0.8799839986318686
YOZMUX,IPUPIU,0.8764040866420595
YOZMUX,RUVKAV,0.8735545891398484
YOZMUX,PAFZEE,0.8730336114515349
YOZMUX,XEDMEB,0.8709573821832182
YOZMUX,LUDLAZ,0.8709135463012062
YOZMUX,ANUGOG,0.8654118526493253
YOZMUX,EXAXAE,0.8652594535468053
YOZMUX,DICKEH,0.8624011786165151
YOZMUX,LAQNID,0.8559298816530986
YOZMUX,HIDTUM,0.8552374582100266
YOZMUX,TOVWAE,0.8504018932712745
YOZMUX,KIRFOI,0.8486365019512238
YOZMUX,NIGDIS,0.8481744693529036
YOZMUX,TEKYOA,0.8475070611535911
YOZMUX,OGEBAF,0.843294074595469
YOZMUX,NAPSUV,0.8420552285341658
YOZMUX,FAMQES,0.8419713703061952
YOZMUX,FAMPUH,0.8419046301914463
YOZMUX,FAMQAO,0.8417806877599506
YOZMUX,EPISOM,0.8413550159987104
YOZMUX,JALPAQ,0.841236762514851
BIVXAG,CEJFOO,0.9955901895425354
BIVXAG,NERVEL,0.9950433334952942
BIVXAG,WOPWOP,0.9948079821450546
BIVXAG,FAZPIH,0.9946331533205472
BIVXAG,NERVOV,0.9946227250855424
BIVXAG,LUWZUZ02,0.8809362358990332
BIVXAG,LUWZUZ,0.8808715603572459
BIVXAG,LUWZUZ01,0.880770180052063
BIVXAG,ABIWOX,0.8413089920726613
BIVXAG,LASMAV,0.8395630632520134
BIVXAG,OCUGAX,0.8391686754996224
BIVXAG,TATSIS,0.838390462873818
BIVXAG,TATSIS01,0.837714118135153
FAHQOX,QIQTOB,0.9978327874231914
FAHQOX,ONOCUR,0.9790881248411571
FAHQOX,CAQJOW,0.9338483797388836
FAHQOX,HAJYAV,0.9338240003912404
FAHQOX,EJINIV,0.9309259821077274
FAHQOX,FIQDER,0.926344064978084
FAHQOX,CAQKAJ01,0.9249207269679912
FAHQOX,CAQKAJ,0.9236128045551982
FAHQOX,TAHYUZ,0.9061646641956717
FAHQOX,XEVSIB01,0.8744440888022769
FAHQOX,HABZEQ,0.8707858399840179
FAHQOX,HURGOR,0.8602234977021903
FAHQOX,DERBIO,0.859642264090722
FAHQOX,BUKLOJ,0.8521816874442312
FAHQOX,NIGPEA,0.845986649407488
FAHQOX,YIRSUQ,0.8454808385089495
FAHQOX,DIBQOW,0.8441616725546286
FAHQOX,HELDOT,0.8425216939456672
LOMQOV,CUZBUW,0.9999987241854074
VUQKAU01,VUQKAU02,0.9999593916795652
VUQKAU01,XUDSUK,0.9471464102472222
VUQKAU01,LUSHOX04,0.947101804978958
VUQKAU01,JIYPAL,0.9013582464533983
VUQKAU01,MIQCUL,0.8646351059460269
VUQKAU01,WOBQEL,0.8613668995155741
VUQKAU01,KOCWEF,0.8477226080261451
VUQKAU01,IVEMAZ,0.8440774005612764
VUQKAU01,DIWFAT,0.8438639182609754
VUQKAU01,YEKJAC,0.8435471110745025
VUQKAU01,YAQCEY,0.8425414138156474
VUQKAU01,OSADIX,0.8378407769676697
PERQUB,NIWYID,0.9999997681393998
PERQUB,VEHJUP,0.9997074093565084
PERQUB,FUVBAB,0.9994060167090156
PERQUB,ACIBOE,0.9990371768268956
PERQUB,NANYUX03,0.998947449342774
PERQUB,FUTZAX,0.998229813416584
PERQUB,KUNLEL,0.9970088664978832
PERQUB,JEDVIA,0.9969191098008084
PERQUB,YOZYUJ,0.9453726354664332
PERQUB,DUZPUL,0.945117071644044
PERQUB,QUQFEO,0.9327179574588044
PERQUB,FUDGIW,0.9079464196625208
PERQUB,JOVYAW,0.907735419109706
PERQUB,KEFBOO,0.903965560883252
PERQUB,DUNXUH15,0.8970614580093134
PERQUB,DUNXUH,0.8970614574665691
PERQUB,BOWJAA,0.8872744580673597
PERQUB,DOYHOQ,0.8776859675222196
PERQUB,IFABIA,0.8749955306953532
PERQUB,KOZNEU,0.8749035079082331
PERQUB,IFABIA02,0.8748565594683367
PERQUB,CUVTOD,0.8742128688016215
PERQUB,VUSKEA,0.8738937809672688
PERQUB,PEVQIS,0.8738559555699095
PERQUB,MIBQAR07,0.8738483503980244
PERQUB,SAHYIK,0.8737692529368228
PERQUB,GEYLEE,0.8692682124868039
PERQUB,UKOLUD,0.868105748294527
PERQUB,YOGKOW,0.8607845463163587
PERQUB,ALANAD,0.8534722381409078
PERQUB,WEHHIC,0.8534544401493336
PERQUB,WEHHOI,0.8534432468350515
PERQUB,MIMRAB01,0.8498627029269262
PERQUB,QAQSAD,0.8497257330091336
PERQUB,IDIXAU,0.847526160129316
PERQUB,HIQNUS,0.8459199582806916
PERQUB,GUGNON,0.8395799884282079
PERQUB,NENHEU,0.8384969318346529
POFDOF,POFFAT,0.9999908803587264
POFDOF,IPINAY,0.9999140043458186
POFDOF,AHEMEG,0.9998959566122712
POFDOF,POFDEV,0.9996714363786444
POFDOF,KAKTIA01,0.999432219705922
POFDOF,UFUNAK,0.9991100287692364
POFDOF,QIWQES,0.9983813900715636
POFDOF,HAWZEM,0.9982129087437764
POFDOF,BAHGUN,0.9981448386071672
POFDOF,BAHGUN03,0.998049896287642
POFDOF,BAHGUN04,0.997977230334308
POFDOF,NIHDIU,0.9974292247529666
POFDOF,QERZUI01,0.9973871124481972
POFDOF,UFUMUD,0.997334190288355
POFDOF,UGEPEB01,0.9970215593342896
POFDOF,ICAGOK,0.9233903051711704
POFDOF,WURNOO,0.9227180839382896
POFDOF,JALPAQ,0.8779774545918507
POFDOF,IXAJUN,0.8775301588567407
POFDOF,NAPSUV,0.8706985476142254
POFDOF,EDOSEY,0.8703511985719555
POFDOF,SOZHOG,0.8648465779884748
POFDOF,IDUSIM01,0.8638864903410534
POFDOF,IDUSIM02,0.8637213681545068
POFDOF,UNABUH,0.8636861510160042
POFDOF,ENITAX,0.8426190008600969
OFODET,WEYQAU16,0.9058545832168888
OFODET,WEYQAU01,0.9047777207184284
OFODET,WEYQAU02,0.9043796003312112
OFODET,WEYQAU06,0.9043066928571172
OFODET,WEYQAU10,0.9038261178320076
SOSQOI,FAHQUD,0.9329787023668183
SOSQOI,XILBAW,0.8550136862958365
SOSQOI,LIPZES,0.8540942602702354
SOSQOI,LONHON,0.8531557088223551
SOSQOI,YAPQUC,0.8530009533692042
SOSQOI,ERIQUS,0.8529078199331459
SOSQOI,EBIFUS,0.8420448111629024
SOSQOI,SOLCED,0.8408645787417718
XOHTOE,XOHSUJ,0.9958115288601418
XOHTOE,KOZDEK,0.8746483111694267
XOHTOE,WACLEU,0.8661001146255545
XOHTOE,MAHTAR,0.8628414833896947
XOHTOE,LUSHOX04,0.8625564035221427
XOHTOE,XUDSUK,0.8623656409235596
NIRZAQ,VUSKAW,0.9999999969074294
OJOQAF03,OJOQAF02,0.9998841362067848
PEFDEK,GAXROO,0.9990102952749846
PEFDEK,TALKAT,0.9989057230662284
PEFDEK,DITYEM02,0.9986023944107132
IMIDZB07,IMIDZB11,0.9977829458661768
IMIDZB07,KUMXEW,0.9970851536928664
IMIDZB07,IMIDZB13,0.9878856390422366
FUTZAX,NANYUX03,0.9999069397231024
FUTZAX,ACIBOE,0.999877571950314
FUTZAX,REGREC,0.9989164026885344
FUTZAX,VEHJUP,0.996503139402902
FUTZAX,KUNLEL,0.9906828289880748
FUTZAX,YOZYUJ,0.9472127825614948
FUTZAX,DUZPUL,0.9395247094414206
FUTZAX,QUQFEO,0.932391402230289
FUTZAX,QOPZIF,0.9169027157468056
FUTZAX,FUDGIW,0.9076368443458688
FUTZAX,KEFBOO,0.896752763810676
FUTZAX,DUNXUH15,0.8967432998344786
FUTZAX,DUNXUH,0.8967289448686238
FUTZAX,DUNXUH13,0.8966441143115464
FUTZAX,LOWQIX,0.8961895580146246
FUTZAX,REFVEF,0.8786861963824683
FUTZAX,DOYHIK,0.8779504387117034
FUTZAX,APACAX,0.8766602448507532
FUTZAX,ORIBAU,0.8749172752121877
FUTZAX,DOYHOQ,0.8745185586724766
FUTZAX,NASROR,0.8728343984094221
FUTZAX,VUSKEA,0.8693412275927976
FUTZAX,PEVQIS,0.8692569144163979
FUTZAX,MIBQAR12,0.8692480324521721
FUTZAX,MIBQAR01,0.8691466629707028
FUTZAX,SAHYIK,0.8690657201934793
FUTZAX,SOWCOY,0.8604583075894435
FUTZAX,UBUMAH,0.8603514848252982
FUTZAX,YOGKOW,0.8573968193819699
FUTZAX,MUWRUT,0.8533563496649688
FUTZAX,WEHHIC,0.8525204325151046
FUTZAX,ALANAD,0.8509478785219511
FUTZAX,IDIXAU,0.8499995459664724
FUTZAX,QAQSAD,0.8495153765344188
FUTZAX,FECYUJ,0.8452588766642631
FUTZAX,CIJLIT,0.8448611489808511
FUTZAX,HEZKIH,0.8421260477421294
FUTZAX,GUGNON,0.8399159166194803
FUTZAX,JAYXAL,0.838846826330848
FUTZAX,REYCUV,0.8376929509195397
ROLCEC09,ROLCEC06,0.9999983917399567
ROLCEC09,ROLCEC,0.999893237087604
ROLCEC09,MACUFR04,0.9984855957778056
ROLCEC09,MAGNEQ01,0.9984367739663644
ROLCEC09,MAGMOZ01,0.9979986535589692
ROLCEC09,OCUQIO02,0.9978062010872376
ROLCEC09,OCUQIO,0.9977921841996809
ROLCEC09,YUKVOQ03,0.9977137133605388
ROLCEC09,CUFORD,0.9974797430545028
DOTSOV02,WULJUJ,0.9999998710938168
DOTSOV02,EBAMUS,0.9995695719072224
DOTSOV02,DOTSOV12,0.999079572859434
DOTSOV02,DOTSOV16,0.9990737215135448
DOTSOV02,DOTSOV10,0.9990731354088211
DOTSOV02,XAMDUM04,0.9990594046803576
DOTSOV02,DIHVIB01,0.9988807065417058
DOTSOV02,LUDLED,0.9988626190392312
DOTSOV02,YOZMIL,0.998860769668559
DOTSOV02,DIHVIB,0.998777801832917
DOTSOV02,QIZLIW,0.9987119659941864
DOTSOV02,TISPAO,0.9981845081943604
DOTSOV02,QAWHIH01,0.9971915702631146
DOTSOV02,QIZLOC,0.9957776204228216
DOTSOV02,OHOMIH,0.995487608884079
DOTSOV02,LASYOU,0.9447720198209372
DOTSOV02,BABREE,0.9320182692779224
DOTSOV02,MIKVEK,0.9308423904539788
DOTSOV02,IWEVAJ,0.9198896982660076
DOTSOV02,CITXUZ,0.9187075270611292
DOTSOV02,EXOGAB,0.907446158156548
DOTSOV02,OFOCUI,0.9069180248721704
DOTSOV02,YUGLES,0.9062891643330954
DOTSOV02,NUTQAV,0.905926948444946
DOTSOV02,MOCKAR,0.9052968610180132
DOTSOV02,PIDRAY,0.9019060410761586
DOTSOV02,HUCBOX,0.8971403555074936
DOTSOV02,RAHBOU,0.8965413189635582
DOTSOV02,HUCBOX01,0.8964776584149763
DOTSOV02,MOFGOE,0.8958549907173577
DOTSOV02,GIKMOD01,0.8941759339984074
DOTSOV02,RUVKAV,0.8864687403842457
DOTSOV02,ADONEP,0.8849351515326708
DOTSOV02,XEDMEB,0.8842387797864485
DOTSOV02,PAFZEE,0.8839778389683146
DOTSOV02,EXAXAE,0.8828505461993907
DOTSOV02,EMUBIZ,0.8825957567119047
DOTSOV02,ANUGOG,0.8770037221416223
DOTSOV02,DICKEH,0.8769806082939597
DOTSOV02,NEMCOA,0.8754282572344361
DOTSOV02,CEKHUY,0.8751076840017618
DOTSOV02,HIDTUM,0.8744922604889052
DOTSOV02,LAQNID,0.8684283734390018
DOTSOV02,NIGDIS,0.8604224028692086
DOTSOV02,OGEBAF,0.8595647406131397
DOTSOV02,XITYOP,0.8589226709432837
DOTSOV02,EPISOM,0.8533034838422769
DOTSOV02,ANUGEW,0.8531189810040597
DOTSOV02,LAYXER,0.8524891201887277
DOTSOV02,FAMQES,0.8522413862877616
DOTSOV02,MAVRAE,0.851909082493331
DOTSOV02,LAYXAN,0.8508552036974389
DOTSOV02,RUJMEQ,0.8455063155914508
DOTSOV02,KIJRUS,0.8395407233368859
DOTSOV02,REGYOT,0.8393583619379422
DOTSOV02,LUKLIN,0.8393475826792538
DOTSOV02,SEMNIJ,0.8381462337625288
FERLEU,UDUMIP02,0.9986991042582888
FERLEU,JEXLIK,0.8739120869277537
UDUMIP02,RABWAS,0.9931877292306752
XEQLEM,XEQLEM01,0.999987860664144
XEQLEM,KIFKAM,0.8847350563627107
XEQLEM,JEGJUD,0.8433869113915716
XEQLEM,JETZAK,0.8422623671165479
WAQDOK01,SIXWON,0.932010494845562
SIVWUR,PAQXUC,0.8536246639441909
SIVWUR,PAQYAJ01,0.8531356327994567
TISPAO,DIHVIB,0.9998623305439454
TISPAO,QAWHIH01,0.9998328380108976
TISPAO,QAWHIH,0.999815050815684
TISPAO,DIHVIB01,0.9997940477831052
TISPAO,RILFEA,0.9997861508564282
TISPAO,DOTSOV10,0.9995322093826208
TISPAO,DOTSOV16,0.9995309351148004
TISPAO,QIZLIW,0.9971691777267448
TISPAO,GAVDUD,0.9944527879312552
TISPAO,QIZLOC,0.991602016256948
TISPAO,OHOMIH,0.9913952860122984
TISPAO,LASYOU,0.9470703199379842
TISPAO,ORAWAH,0.9327955694941826
TISPAO,DALSOA,0.9326500432395596
TISPAO,BABREE,0.9310432908717796
TISPAO,MIKVEK,0.9280246218155952
TISPAO,IWEVAJ,0.918318679691314
TISPAO,RAWYAS,0.917709336275278
TISPAO,YUGLES,0.9082439392521956
TISPAO,NUTQAV,0.9081977298042728
TISPAO,MOCKAR,0.9080359049268566
TISPAO,EXOGAB,0.90680595750338
TISPAO,PIDRAY,0.8970746188266381
TISPAO,HUCBOX01,0.8967400342780942
TISPAO,RAHBOU,0.8961706123254745
TISPAO,MUDTEL,0.895943001235103
TISPAO,MOFGOE,0.8947395902422018
TISPAO,GIKMOD01,0.890978028662009
TISPAO,IPUPIU,0.8872982309907974
TISPAO,RUVKAV,0.8863567326694973
TISPAO,LUDLAZ,0.8848581047718446
TISPAO,XEDMEB,0.8839525944817685
TISPAO,ADONEP,0.8837461748655734
TISPAO,EXAXAE,0.8803124006619698
TISPAO,DICKEH,0.8760062579713195
TISPAO,NEMCOA,0.8726549082774764
TISPAO,LAQNID,0.8685260278935503
TISPAO,KIRFOI,0.86393764547484
TISPAO,TOVWAE,0.8611488417378251
TISPAO,NIGDIS,0.8603957263373531
TISPAO,TEKYOA,0.8602643606844234
TISPAO,OGEBAF,0.8571128333549078
TISPAO,JALPAQ,0.8563609520324812
TISPAO,XITYOP,0.8556900862073717
TISPAO,IXAJUN,0.8555379588784059
TISPAO,NAPSUV,0.8534803898437372
TISPAO,FAMQES,0.8534615966311863
TISPAO,FAMPUH,0.8534391932606418
TISPAO,EPISOM,0.8516139137117723
TISPAO,ANUGEW,0.8508758620927878
TISPAO,MAVRAE,0.8497435412093995
TISPAO,LAYXER,0.8496932188145194
TISPAO,LAYXAN,0.8470429897502775
TISPAO,HEHROE,0.8469838200010769
TISPAO,RUJMEQ,0.8458929729432738
TISPAO,UWALEL,0.8419924660616263
TISPAO,BAZFUF01,0.8401887157829117
TISPAO,SEMNIJ,0.8396595555995594
TISPAO,ENIHUG,0.8395068696368123
TISPAO,ENIHUG01,0.8394902240076545
TISPAO,LUKLIN,0.8388133771380062
TISPAO,YIMQOD,0.8386912833430583
TISPAO,HUJGEA,0.8379095020228726
KIJRUS,BAZGAM,0.999104690385154
KIJRUS,BAZFUF01,0.9948895610026623
KIJRUS,QOWRAV09,0.9864236735682756
KIJRUS,QOWRAV08,0.9863958045466648
KIJRUS,QOWRAV03,0.986314874817758
KIJRUS,QOWRAV02,0.9863026387571684
KIJRUS,LIGQEA,0.9828054586771766
KIJRUS,ANUGEW,0.9718903570901
KIJRUS,LAYXAN,0.9705337416616852
KIJRUS,IPUPOA,0.94558909763581
KIJRUS,IPUPIU,0.9433432095404994
KIJRUS,CEFNIN,0.9138093933690956
KIJRUS,FISGOF,0.9054647530455768
KIJRUS,LAQNID,0.8992859543248721
KIJRUS,ICAGOK,0.8834546691086864
KIJRUS,AVAKAL02,0.88197359554045
KIJRUS,HAYXIR,0.8738400107760904
KIJRUS,SEMNIJ,0.865582180877716
KIJRUS,ENIHUG01,0.8635741263170235
KIJRUS,EPISOM,0.8597978063958567
KIJRUS,SIXNEV,0.8585434661198614
KIJRUS,SIXNOF,0.8585241658404446
KIJRUS,NAPSUV,0.8569315947372956
KIJRUS,EDOSEY,0.8563801966006697
KIJRUS,TEKYOA,0.8414047001271421
KIJRUS,JALPAQ,0.8413910397790867
KIJRUS,IXAJUN,0.8411455747403682
KIJRUS,WULJUJ,0.8395259624365368
KIJRUS,QIZLIW,0.8379706307929039
KIJRUS,SIXNUL,0.8379419927154862
RIPNIP,PAMHES,0.9992121718827834
XIQZIH,FITSAD,0.9998672347373478
XIQZIH,LIRVAK,0.9998558723692824
XIQZIH,FUFVEJ,0.999809088639136
XIQZIH,KIKRAA,0.9997478841402534
XIQZIH,RAGREY,0.9994840877621328
XIQZIH,KOGYIP,0.9991421573552908
XIQZIH,HAJPEQ,0.8601437928970117
XIQZIH,ICAGOK,0.8599859531894658
XIQZIH,RANLAV,0.8546574194182206
XIQZIH,MUGQAI,0.8456112361758005
XIQZIH,IXAJUN,0.8455953646460835
PEVQIS,MIBQAR07,0.999999699097976
PEVQIS,MIBQAR01,0.999999411025941
PEVQIS,SAHYIK,0.9999984069453856
PEVQIS,IFABIA,0.9989900160012596
PEVQIS,IFABIA02,0.998976109768497
PEVQIS,VEGMOK04,0.9985039981626072
PEVQIS,KOZNEU,0.9980963011163796
PEVQIS,ORIBAU,0.9955453557503364
PEVQIS,WUHNUK,0.9080688638801072
PEVQIS,VOLRAQ,0.9073665602223332
PEVQIS,UYAPOA,0.9070013572169996
PEVQIS,BOLPAU,0.9068318932729376
PEVQIS,HUTZAX01,0.9059834865263824
PEVQIS,DAWCIP,0.9051169861739392
PEVQIS,GUGNON,0.9047895410859782
PEVQIS,AWEYAE,0.9021121085119304
PEVQIS,CESQUP,0.8973260384003698
PEVQIS,JEDDII,0.8971973033156596
PEVQIS,QEDZEG,0.8911269131230279
PEVQIS,EKEKEL,0.8872965490149756
PEVQIS,DITTEH,0.8853972719978964
PEVQIS,DARYIF,0.8843076235975504
PEVQIS,MIMRAB01,0.8842947793265822
PEVQIS,USAHAZ,0.8796011253350827
PEVQIS,IDIXAU,0.8780018092116436
PEVQIS,DUPKAC,0.8779400084950356
PEVQIS,VEHJUP,0.8747201383440127
PEVQIS,KUNLEL,0.8745626754788094
PEVQIS,ZARLIP,0.8738806631830895
PEVQIS,NIWYID,0.8738431285250255
PEVQIS,FUVBAB,0.8716203156533116
PEVQIS,NANYUX01,0.870744288919195
PEVQIS,AXOCEW,0.8691933802042688
PEVQIS,NENHEU,0.8685931104704506
PEVQIS,GADROU,0.8681331995185171
PEVQIS,OKELOH,0.8667937588873713
PEVQIS,XEGWIS,0.8627111259218202
PEVQIS,XEGXIT,0.8626807844650429
PEVQIS,XEGWAK,0.8626688763713963
PEVQIS,UBUMAH,0.8589014297580015
PEVQIS,WOJZOK01,0.8530751472193904
PEVQIS,GAWMOJ,0.8518832371561115
PEVQIS,PURJES,0.8495341052314037
PEVQIS,NISCOJ,0.8457233606379052
PEVQIS,IGINIX,0.8441691875438694
PEVQIS,LEBQUH,0.8388181977821785
SAHYIK,PEKGAO,0.9998977158529722
SAHYIK,MIBQAR12,0.9999983901546928
SAHYIK,VUSKEA,0.99999657125661
SAHYIK,IFABIA,0.9989083730396175
SAHYIK,IFABIA02,0.9989010041113882
SAHYIK,GATBUZ,0.9984035502395152
SAHYIK,KOZNEU,0.99798503005961
SAHYIK,ORIBAU,0.9953764856015356
SAHYIK,ROZXEL,0.943700655952992
SAHYIK,VOLRAQ,0.9074395904007726
SAHYIK,UYAPOA,0.9070748960196974
SAHYIK,BOLPAU,0.906742087074598
SAHYIK,ODODIW,0.9065637712598928
SAHYIK,DAWCIP,0.9049784209897948
SAHYIK,GUGNON,0.9046403674421496
SAHYIK,CESQUP,0.8973097987508094
SAHYIK,JEDDII,0.8971997193729635
SAHYIK,SACHIP,0.8960959739549936
SAHYIK,QEDZEG,0.8909278295045187
SAHYIK,EKEKEL,0.8872916759933027
SAHYIK,UKOLOV,0.8851447237810128
SAHYIK,FECYUJ,0.8845488797163169
SAHYIK,DARYIF,0.8842417635382689
SAHYIK,MIMRAB01,0.8842310792647434
SAHYIK,QAQSAD,0.8822059322008117
SAHYIK,DUPKAC,0.877925930924233
SAHYIK,IDIXAU,0.8777899782173957
SAHYIK,VEHJUP,0.8746763934609454
SAHYIK,KUNLEL,0.8746138243774447
SAHYIK,IJEXIF01,0.8744329809608165
SAHYIK,NIWYID,0.8737560287208352
SAHYIK,ZARLIP,0.8737188353581417
SAHYIK,XAFFAN,0.8726858288327772
SAHYIK,ACIBOE,0.8706391340146648
SAHYIK,ZARLEL,0.8703524484087364
SAHYIK,AXOCEW,0.8691694565164267
SAHYIK,GADROU,0.868060712399259
SAHYIK,JEDVIA,0.8668264129577963
SAHYIK,XEGWIS,0.8625069160034967
SAHYIK,KAHMOW,0.8624910265504755
SAHYIK,YICQOS,0.8611492838174808
SAHYIK,EGIKUB01,0.8606691932192252
SAHYIK,LOWQIX,0.8583477621308628
SAHYIK,HUVGEM,0.8577960891362
SAHYIK,WOJZOK01,0.8531284345441552
SAHYIK,SIXWON,0.8530868127400383
SAHYIK,TACJEO,0.8525922514231948
SAHYIK,GAWMOJ,0.851778895957318
SAHYIK,NISCOJ,0.8456561478410963
SAHYIK,IGINIX,0.8440472267586063
SAHYIK,LEBQUH,0.8385989419269722
SAHYIK,HOKLIE,0.8379802118618144
GOVWOF,HEBJEF,0.9004695528033665
GOVWOF,UQOGAK,0.8791022113941704
GOVWOF,XACSIG,0.8788384659807202
GOVWOF,JEJZAC,0.8749614033854183
GOVWOF,LELGOB,0.8669557624906408
GOVWOF,WEYQAU07,0.8574395693637606
GOVWOF,WEYQAU09,0.8571707804704514
GOVWOF,WEYQAU10,0.8571148229396315
GOVWOF,BEXSAA,0.8553956133378254
BEXSAA,UQOGAK,0.8735732930628448
BEXSAA,BIYTOU,0.8702468016847511
BEXSAA,SOBDOF,0.8656994504425433
BEXSAA,HEBJEF,0.8606196495940941
BEXSAA,XACSIG,0.8447918013392846
IPUPIU,IPUPOA,0.996115468047528
IPUPIU,EXOGAB,0.9729220012500724
IPUPIU,ANUGEW,0.97089124586675
IPUPIU,LAYXER,0.9697137146784254
IPUPIU,HEHROE,0.967014268563781
IPUPIU,BAZFUF01,0.9479684686773536
IPUPIU,QOWRAV10,0.9446399597611022
IPUPIU,QOWRAV09,0.9446311388733076
IPUPIU,QOWRAV11,0.9446260660219824
IPUPIU,QOWRAV12,0.9446226411408014
IPUPIU,QOWRAV08,0.9446157684850804
IPUPIU,QOWRAV03,0.9445710429172124
IPUPIU,BAZGAM,0.9442225612371146
IPUPIU,LASYOU,0.9328616173576746
IPUPIU,ENIHUG01,0.916401158052816
IPUPIU,NAPSUV,0.9107240302594014
IPUPIU,EPISOM,0.9088737695036844
IPUPIU,FISGOF,0.9081488228298754
IPUPIU,RUJMEQ,0.9019887614582917
IPUPIU,TEKYOA,0.8954394033983502
IPUPIU,YIMQOD,0.893665110822455
IPUPIU,CEFNIN,0.8928531380264971
IPUPIU,JALPAQ,0.8915597517908311
IPUPIU,IXAJUN,0.8907401447485865
IPUPIU,DIHVIB,0.8871677134087563
IPUPIU,LUDLED,0.8871104790254922
IPUPIU,QAWHIH,0.8871050804599067
IPUPIU,YOZMEH,0.8871013585217006
IPUPIU,DIHVIB01,0.8871009969758534
IPUPIU,RILFEA,0.8870932880832257
IPUPIU,DOTSOV08,0.8868423570502197
IPUPIU,EBAMUS,0.8867958427316599
IPUPIU,QIZLIW,0.884499619192862
IPUPIU,GAVDUD,0.8817958937179093
IPUPIU,YOZNOS,0.8799335059604437
IPUPIU,OHOMIH,0.8787491192790382
IPUPIU,MUNDOQ,0.8744790849098656
IPUPIU,SEMNIJ,0.8727289584482456
IPUPIU,AVAKAL02,0.8658674143366207
IPUPIU,ICAGOK,0.8646205626599306
IPUPIU,SIXNIZ,0.8640190674937669
IPUPIU,SIXNEV,0.8634483634523673
IPUPIU,KAGJOS,0.8625410628857071
IPUPIU,WURNOO,0.8624879211937313
IPUPIU,NEMCOA,0.8606968980353542
IPUPIU,ADASEF,0.8598295220838417
IPUPIU,SIXNUL,0.8423408333388961
IPUPIU,FAMQES,0.8422405462708762
IPUPIU,FAMQAO,0.8421882772328193
IPUPIU,MAVRAE,0.838553642328691
EYUGOV,EYUGIP,0.9782898551106692
EYUGOV,EYUGUB,0.9340852019674478
EYUGOV,YOXXUG01,0.8841339932534177
EYUGIP,EHISUJ,0.9787022417559842
EYUGIP,EYUGUB,0.9543813399556812
EYUGIP,YOXXUG01,0.8997509094127372
RUBTAK04,RUBTAK09,0.9999999999966456
CIPLIX,PUNYED,0.9913076931388172
CIPLIX,KESFOG,0.946847020743645
CIPLIX,FEYJOJ,0.9416361330540188
CIPLIX,UFUKUB01,0.9171603536650668
CIPLIX,EBIMEJ,0.9080719441084972
CIPLIX,ALIXID,0.906320126976018
CIPLIX,FUDHET,0.904392518614382
CIPLIX,FILYAC,0.8966613973034226
CIPLIX,XADDOX,0.895760943018609
CIPLIX,DAFHEZ,0.8951385008313806
CIPLIX,XADDUD,0.895005993406002
CIPLIX,FILYEG,0.8936701177543771
CIPLIX,MOXDEJ,0.8936014126274321
CIPLIX,VASYEW,0.8769562604892618
CIPLIX,XUDVAV,0.8759251222630041
CIPLIX,VOSSUT,0.8684406256231223
CIPLIX,BUKLOJ,0.8682037743287351
CIPLIX,EDAJUP,0.8632070435234267
CIPLIX,BAKJOO,0.8605741147981187
CIPLIX,XIHSAJ,0.8452317573542422
CIPLIX,XIHSEN,0.8442465142673472
CIPLIX,VEFLUP,0.8441377412710158
CIPLIX,DIBQOW,0.8401026507471427
CIPLIX,DIBQIQ,0.8398496674369529
CIPLIX,AXINAX01,0.8392349056555579
GEJJEL01,MISQAH,0.9979656511602312
GEJJEL01,EJIDUW01,0.9020082811909872
GEJJEL01,AZIYOX01,0.8937952756499614
GEJJEL01,NAJGAH,0.884878244111992
GEJJEL01,PADBAZ,0.8545825924848081
SITDAD,DUWBEE,0.9993946357911966
SITDAD,MITSAK,0.9471872769941044
SITDAD,KUJMIN,0.9470032086404376
SITDAD,NABLIM,0.945814830516279
SITDAD,QEKLID01,0.9326965641003336
SITDAD,QEKLID,0.9326644034094992
SITDAD,NOLRIR,0.920312259968901
SITDAD,AWEJIW,0.903064333227878
SITDAD,OKOSUE,0.887267753214407
SITDAD,PAQXUC,0.8687969726173467
SITDAD,PAQYAJ01,0.868380780384862
SITDAD,VIDVUB,0.8647240901156629
SITDAD,GERWOR,0.8636062520503126
SITDAD,DAPYAW,0.8602158422365517
SITDAD,YAYNEU,0.8499994709213051
SITDAD,IJEYEC,0.8494777704916392
SITDAD,JUVROJ,0.8378771684468619
VIDVUB,KUJMIN,0.9082110693621508
VIDVUB,FUMJAA,0.9081479731889732
VIDVUB,MITSUE,0.908011609764222
VIDVUB,ODOXEK,0.9079997130632091
VIDVUB,PARKUQ01,0.9077566278422318
VIDVUB,CEHKUW,0.9065365259860296
VIDVUB,NABLIM,0.9048922273030284
VIDVUB,DUWBEE,0.8651322651336815
VIDVUB,VIDWAI,0.860138205437226
VIDVUB,QUQFOY,0.8517475402655372
VIDVUB,NAPZOV,0.8386902611129711
KETHEY,FESYEK,0.914167774190584
KETHEY,IGUTUB,0.9093547725019584
KETHEY,IGUTUB01,0.9091618571805312
KETHEY,DUWBEE,0.8973485079767519
KETHEY,KEPLID,0.8954624587626449
KETHEY,QUQFOY,0.8898173073559567
KETHEY,PAQYAJ01,0.8811246064621094
KETHEY,PAQXUC,0.8809707011037957
KETHEY,ZASJAG,0.8793541395970033
KETHEY,RIGHAR,0.87925029267902
KETHEY,KEJBOQ,0.8791134325463161
KETHEY,AVAQIX,0.8787880236946477
KETHEY,DELGIN,0.8659445395234436
KETHEY,AWEJIW,0.8651781257736563
KETHEY,NABLIM,0.8608032288203628
KETHEY,CEHKUW,0.8599334149034614
KETHEY,PARKUQ,0.8582335849132281
KETHEY,MITSAK,0.8574563284982684
KETHEY,MITSUE,0.8574439672783336
KETHEY,FUMJAA,0.8567637815422051
KETHEY,KUJMIN,0.8562319843031028
KETHEY,DAPYAW,0.8438192831499512
KETHEY,VOQBUZ,0.842791403476333
KETHEY,JEPWIN01,0.8405681097129442
KETHEY,MAHGAG,0.8403785088904507
PURJES,GAWMOJ,0.9994897294115086
PURJES,WEHHIC,0.8954452987166437
PURJES,WEHHOI,0.8942240173988684
PURJES,WUHNUK,0.8576189627231138
PURJES,GATBUZ,0.8529402638118931
PURJES,VEGMOK04,0.8529392817240545
PURJES,IFABIA02,0.8523106913002261
PURJES,VUSKEA,0.8496049360798003
PURJES,MIBQAR12,0.8495269546628911
PURJES,MEQPEG,0.8435389643073727
DADTOS17,LIJWOR06,0.9999995261941624
DADTOS17,LIJWOR02,0.9999992290933352
DADTOS17,PADJOU01,0.9999978241821204
DADTOS17,DADTOS16,0.999995425889245
DADTOS17,VIRJEM,0.9999952340736734
DADTOS17,LIJWOR05,0.9999915099955756
DADTOS17,IJOMOJ01,0.999987040221538
DADTOS17,QINSUD,0.99997414519519
DADTOS17,SIWPUL04,0.9999741437226686
DADTOS17,PADJOU,0.9999716466722144
DADTOS17,DADTOS14,0.999960409018585
DADTOS17,NURGUE,0.9999569891574778
DADTOS17,DADTOS13,0.9999418026534612
DADTOS17,DADTOS02,0.9999289505962804
DADTOS17,LIJWOR01,0.9999205650631572
DADTOS17,DADTOS11,0.9999181436463364
DADTOS17,DADTOS05,0.999916377177075
DADTOS17,DADTOS09,0.9999155721055336
DADTOS17,DADTOS06,0.9999129708794866
DADTOS17,DIDVIW,0.9999117884755686
DADTOS17,IJOMOJ03,0.9998693253720118
DADTOS17,DADTOS07,0.9998266559170303
DADTOS17,REZJIR04,0.999819064063841
DADTOS17,DADTOS03,0.9998158841925722
DADTOS17,JEDKIP01,0.999807540136212
DADTOS17,IQEWOQ,0.9979704860608524
YEKWOC,DIXGIC,0.9608749857573152
YEKWOC,EXUSUN,0.9082429697366936
YEKWOC,EXUTAU,0.9082395211667992
YEKWOC,WECSAZ,0.908133240241851
YEKWOC,EHAZES,0.9079026070866256
YEKWOC,WECSAZ01,0.907781025791604
YEKWOC,LARYEK03,0.9032196325785888
YEKWOC,IBEYAQ,0.8650004204179009
MUWRUT,DUZPUL,0.8634937726026275
MUWRUT,QUQFEO,0.8570985851045722
MUWRUT,LOWQIX,0.8570442562101023
MUWRUT,EGIKUB01,0.8546360112859803
MUWRUT,FUVBAB,0.853539378799674
MUWRUT,NANYUX03,0.853533907013688
MUWRUT,NANYUX01,0.8535321255925634
MUWRUT,REGREC,0.8531964834232304
MUWRUT,NIWYID,0.8527769005869072
MUWRUT,IJEXIF01,0.8520070054106541
MUWRUT,VEHJUP,0.8515158576341679
MUWRUT,KUNLEL,0.8467285852314457
MUWRUT,DITTEH,0.8419928438997988
NIWYID,ULISOZ,0.9999956680963532
NIWYID,REGREC,0.9999192443141012
NIWYID,IJEXIF01,0.9998681962276472
NIWYID,VEHJUP,0.9997006903809292
NIWYID,NANYUX03,0.99896021761037
NIWYID,YOZYUJ,0.9453890325952352
NIWYID,DUZPUL,0.9450996971991932
NIWYID,QUQFEO,0.9327243159810216
NIWYID,QOPZIF,0.91986819632451
NIWYID,KEFBOO,0.9039403651407744
NIWYID,DUNXUH13,0.8971120379421957
NIWYID,DUNXUH,0.8970701313711766
NIWYID,DUNXUH15,0.8970683526665718
NIWYID,LOWQIX,0.8967116854690947
NIWYID,EGIKUB01,0.896391410379521
NIWYID,APACAX,0.8779310281512902
NIWYID,DOYHOQ,0.877679974299352
NIWYID,NASROR,0.877074248117118
NIWYID,DOYHIK,0.8758859990985961
NIWYID,VEGMOK04,0.8749780334145113
NIWYID,KOZNEU,0.8749070687810447
NIWYID,CUVTOD,0.8742112818884186
NIWYID,ORIBAU,0.8739237893480302
NIWYID,MIBQAR07,0.8738359607687035
NIWYID,MIBQAR01,0.8737931086095567
NIWYID,NUFCAU,0.8718599819032002
NIWYID,SOWCOY,0.8609183661366756
NIWYID,YOGKOW,0.8607774219210481
NIWYID,ADUVAZ,0.8599424144749281
NIWYID,WEHHIC,0.8534581348739092
NIWYID,MIMRAB01,0.8498697113485567
NIWYID,QAQSAD,0.8497333035972863
NIWYID,FECYUJ,0.8490506697109809
NIWYID,HEZKIH,0.8490016549664327
NIWYID,USAHAZ,0.8484629862754063
NIWYID,HIQNUS,0.8459358102408703
NIWYID,REYCUV,0.8437381214022884
NIWYID,JAYXAL,0.8395146196713059
YUKTUU03,YUKTUU02,0.9999999857192208
KEQDER,KEFBOO,0.9237916644643384
GATBUZ,VEGMOK04,0.9999999996065596
GATBUZ,IFABIA,0.9999515885025108
GATBUZ,ORIBAU,0.9992092985378372
GATBUZ,VUSKEA,0.9985457333603496
GATBUZ,MIBQAR12,0.9984981423281716
GATBUZ,MIBQAR07,0.9984939200033472
GATBUZ,ROZXEL,0.9468387050619204
GATBUZ,ODODIW,0.908247103767281
GATBUZ,HUTZAX01,0.9081689304737236
GATBUZ,DAWCIP,0.9078882347362522
GATBUZ,GUGNON,0.9078418856931956
GATBUZ,NEHGIS,0.9078263471684636
GATBUZ,AWEYAE,0.9066676161029076
GATBUZ,UYAPOA,0.903311730499134
GATBUZ,PICCUC,0.8968862971095953
GATBUZ,CESQUP,0.896276183924994
GATBUZ,QEDZEG,0.8957295322528728
GATBUZ,JEDDII,0.8956420257940026
GATBUZ,SACHIP,0.8916762853004341
GATBUZ,DITTEH,0.8872740231311085
GATBUZ,NIKHAS,0.8869846094585507
GATBUZ,QAQSAD,0.8848899233610639
GATBUZ,DARYIF,0.8848333452875137
GATBUZ,MIMRAB01,0.8847661833246604
GATBUZ,USAHAZ,0.883823488206323
GATBUZ,FECYUJ,0.8837893317611578
GATBUZ,IDIXAU,0.8830007213358362
GATBUZ,XAFFAN,0.8768888828799296
GATBUZ,DUPKAC,0.876824283112199
GATBUZ,MEWPIQ,0.8767754173554634
GATBUZ,ZARLEL,0.8757120652534546
GATBUZ,REGREC,0.8749816164451075
GATBUZ,FUVBAB,0.874619987982454
GATBUZ,ACIBOE,0.8743160796982223
GATBUZ,NANYUX03,0.8742401044129768
GATBUZ,OKELOH,0.8691505902815797
GATBUZ,AXOCEW,0.8683869914007084
GATBUZ,XEGWIS,0.8674724004393634
GATBUZ,XEGWAK,0.8674499185558516
GATBUZ,SAVMAE,0.8625026607011145
GATBUZ,ZAQXEX,0.8611438157734151
GATBUZ,HUVGEM,0.8608311333166265
GATBUZ,XENMIO,0.8608198673689327
GATBUZ,LOWQIX,0.8607433133339588
GATBUZ,EGIKUB01,0.8600680692138907
GATBUZ,SIXWON,0.8532158070664033
GATBUZ,WOJZOK01,0.8498925563975561
GATBUZ,NISCOJ,0.8462506513687514
GATBUZ,LEBQUH,0.8440482342906033
QOWRAV12,QOWRAV08,0.9999999964722536
QOWRAV12,QOWRAV03,0.9999998024603842
QOWRAV12,BAZFUF01,0.9971410158698144
QOWRAV12,ANUGEW,0.9595386146910994
QOWRAV12,LAYXER,0.957395537573118
QOWRAV12,ANUGOG,0.9568692908794518
QOWRAV12,HEHROE,0.9528443566128862
QOWRAV12,YUSWEP,0.9311037306966552
QOWRAV12,CEFNIN,0.9114275646551332
QOWRAV12,EXOGAB,0.9075500262859412
QOWRAV12,FISGOF,0.9012415687845344
QOWRAV12,LAQNID,0.8947997115738084
QOWRAV12,AVAKAL02,0.8811700267761553
QOWRAV12,ICAGOK,0.8768381980563174
QOWRAV12,HAYXIR,0.8717682404486935
QOWRAV12,ENIHUG,0.8678216778133879
QOWRAV12,MIKVEK,0.8666849935673975
QOWRAV12,LASYOU,0.8629739375519621
QOWRAV12,MUNDOQ,0.85953457454497
QOWRAV12,NAPSUV,0.8564573943577176
QOWRAV12,SIXNIZ,0.8524809174152262
QOWRAV12,SIXNOF,0.8512538976346855
QOWRAV12,SIXNEV,0.8510396305753755
QOWRAV12,EPISOM,0.8508842503402774
QOWRAV12,RUJMEQ,0.8470962140306542
QOWRAV12,YIMQOD,0.845997213685846
QOWRAV12,QAWHIH,0.8382569654437887
WOYWIS,WIGQAH,0.9997836445212512
WOYWIS,WIGPUA,0.9996335320689868
ORIBAU,RUPZIM,0.919944752130472
ORIBAU,IFABIA,0.998771099437992
ORIBAU,IFABIA02,0.9985245980461478
ORIBAU,VUSKEA,0.9956198478933782
ORIBAU,MIBQAR12,0.9955377528299324
ORIBAU,MIBQAR07,0.995531293909084
ORIBAU,ROZXEL,0.9471368210205228
ORIBAU,GUGNON,0.908184837779858
ORIBAU,AWEYAE,0.9081125264411914
ORIBAU,ODODIW,0.9075175765323238
ORIBAU,WUHNUK,0.9046419833538548
ORIBAU,VOLRAQ,0.8989854799845766
ORIBAU,UYAPOA,0.8988026802350388
ORIBAU,QEDZEG,0.8972091551817012
ORIBAU,PICCUC,0.8948749996052554
ORIBAU,CESQUP,0.8936411757423849
ORIBAU,JEDDII,0.8926543831265088
ORIBAU,NIKHAS,0.88718566617082
ORIBAU,UKOLOV,0.8868290928181481
ORIBAU,SACHIP,0.8866913031041197
ORIBAU,IDIXAU,0.8847718365824189
ORIBAU,DARYIF,0.8833450247352521
ORIBAU,FECYUJ,0.8813674157376379
ORIBAU,ZARLIP,0.8779563433911295
ORIBAU,XOQXIL,0.877503567641224
ORIBAU,NANYUX03,0.8749994498579436
ORIBAU,ACIBOE,0.8749961201019076
ORIBAU,REGREC,0.8744319022400014
ORIBAU,NENHEU,0.8741574375236328
ORIBAU,DUPKAC,0.8741418861624997
ORIBAU,IJEXIF01,0.8730410046757275
ORIBAU,VEHJUP,0.8724927060295996
ORIBAU,XEGWIS,0.8690685706865897
ORIBAU,KAHMOW,0.8690657724443469
ORIBAU,XEGXIT,0.8690631331080619
ORIBAU,GADROU,0.8675984780152893
ORIBAU,KUNLEL,0.8673401100943421
ORIBAU,AXOCEW,0.8659286623041247
ORIBAU,HUVGEM,0.8610563963924358
ORIBAU,UBUMAH,0.8607848245894575
ORIBAU,SAVMAE,0.8593750111004392
ORIBAU,EGIKUB01,0.857739575710377
ORIBAU,YICQOS,0.8562085099368163
ORIBAU,SIXWON,0.8513940459640783
ORIBAU,TACJEO,0.8486019459428851
ORIBAU,IGINIX,0.8461114979679716
ORIBAU,WOJZOK01,0.8457258745571754
ORIBAU,NISCOJ,0.8447568280416763
KUJMIN,FUMJAA,0.9999846709032786
KUJMIN,MITSUE,0.999913726964143
KUJMIN,MITSAK,0.999911915437836
KUJMIN,CEHKUW,0.9987551431960466
KUJMIN,DUWBEE,0.9471113125606836
KUJMIN,QUQFOY,0.9316873059383116
KUJMIN,NAPZOV,0.9165351965438914
KUJMIN,FESYEK,0.9081398340019772
KUJMIN,MICJOA,0.9067586688134176
KUJMIN,GERWOR,0.9053608949062596
KUJMIN,QEKLID01,0.8862574198026891
KUJMIN,JUVROJ,0.8771767587467334
KUJMIN,GIYTOY,0.8731229842083188
KUJMIN,VOTHOD,0.8718527113973578
KUJMIN,NOLRIR,0.8711731615966609
KUJMIN,XEFGUN01,0.8709191130030244
KUJMIN,GOYLUB,0.8688566036726734
KUJMIN,CIKCOQ,0.856185553801375
KUJMIN,DELGIN,0.8548300346082411
KUJMIN,VIDWAI,0.8531341094205157
KUJMIN,LUWKIZ,0.8473388816880942
ACIBOE,NANYUX03,0.9999977159337308
ACIBOE,FUVBAB,0.9999550731386008
ACIBOE,JEDVIA,0.9993988356379452
ACIBOE,ULISOZ,0.9991723035014536
ACIBOE,VEHJUP,0.9976855463496654
ACIBOE,KUNLEL,0.9926781524867307
ACIBOE,YOZYUJ,0.947072149414918
ACIBOE,DUZPUL,0.9413297073804252
ACIBOE,QUQFEO,0.932820358179058
ACIBOE,QOPZIF,0.9180219518600168
ACIBOE,JOVYAW,0.9081779017488952
ACIBOE,FUDGIW,0.908061491092469
ACIBOE,KEFBOO,0.898979298605819
ACIBOE,DUNXUH15,0.897169694997938
ACIBOE,DUNXUH,0.8971577747006452
ACIBOE,LOWQIX,0.8966681742187409
ACIBOE,EGIKUB01,0.8940375317650084
ACIBOE,DITTEH,0.8868470138089986
ACIBOE,BOWJAA,0.8861672375712923
ACIBOE,REFVEF,0.8806008925611063
ACIBOE,DOYHIK,0.8777462561521103
ACIBOE,APACAX,0.8773361345213986
ACIBOE,DOYHOQ,0.8756909336724543
ACIBOE,KOZNEU,0.8745500161826227
ACIBOE,VEGMOK04,0.8743150425536487
ACIBOE,IFABIA02,0.8736638052617813
ACIBOE,CUVTOD,0.8730123163252468
ACIBOE,MIBQAR12,0.8707958054141748
ACIBOE,MIBQAR07,0.8707894121928386
ACIBOE,MIBQAR01,0.8707088821211044
ACIBOE,GEYLEE,0.8681597203592031
ACIBOE,SOWCOY,0.8609208067634924
ACIBOE,UBUMAH,0.8608569496428783
ACIBOE,LASMUP,0.856456667092597
ACIBOE,WEHHIC,0.8531086369642954
ACIBOE,ALANAD,0.8519522764561556
ACIBOE,WEHHOI,0.8518307386693127
ACIBOE,IDIXAU,0.8496921942721738
ACIBOE,CIJLIT,0.845608332904132
ACIBOE,HEZKIH,0.8442469939116831
ACIBOE,GUGNON,0.8401709538067387
ACIBOE,NENHEU,0.8400998840489301
ACIBOE,REYCUV,0.8396215038682702
DAWCIP,KOZNEU,0.9080276454133936
DAWCIP,IFABIA02,0.9076070873210668
DAWCIP,VUSKEA,0.9051743248649212
DAWCIP,MIBQAR07,0.9051150022448404
DAWCIP,MIBQAR12,0.905104985100744
DAWCIP,ROZXEL,0.8650581019592183
DAWCIP,BOLPAU,0.8607311344468714
AHEMEG,IPINAY,0.9999990491525882
AHEMEG,VOJPUG01,0.9999476844013462
AHEMEG,UFUNAK,0.9996088015371472
AHEMEG,NELCEN,0.9995529424575972
AHEMEG,BAHGUN,0.9989049094526612
AHEMEG,QERZUI,0.9988489424785691
AHEMEG,BAHGUN03,0.9988312125269668
AHEMEG,NIHDIU,0.998343825136163
AHEMEG,QERZUI01,0.9983022970126412
AHEMEG,UGEPEB01,0.9979873414747148
AHEMEG,UFUNIS,0.9976013842519044
AHEMEG,ICAGOK,0.9233639565485664
AHEMEG,WURNOO,0.9231440003062492
AHEMEG,NAPSUV,0.8701069842996444
AHEMEG,EDOSEY,0.8696345530057922
AHEMEG,SOZHOG,0.8656044969454385
AHEMEG,IDUSIM,0.8649343570258365
AHEMEG,IDUSIM01,0.8648409749367332
AHEMEG,UNACES,0.8647845490500364
AHEMEG,IDUSIM02,0.8647116361981837
AHEMEG,UNABUH,0.8646810520504821
AHEMEG,IDUTIN,0.8645573416495549
XEDMEB,ADONEP,0.9997093872392024
XEDMEB,EMUBIZ,0.9984958989084318
XEDMEB,HAYXIR,0.8877305228371011
XEDMEB,KIRFOI,0.8862460913907978
XEDMEB,DOTSOV08,0.884935797889601
XEDMEB,XAMDUM03,0.8847577362539207
XEDMEB,LUDLIH,0.8847374603612366
XEDMEB,EBAMUS,0.8847191802940908
XEDMEB,DIHVIB01,0.8847087294496497
XEDMEB,QIZLIW,0.884688521374124
XEDMEB,YOZMIL,0.8846693598379994
XEDMEB,WULJUJ,0.8842591071638326
XEDMEB,GAVDUD,0.8833915223438276
XEDMEB,QIZLOC,0.8816722199718747
XEDMEB,OHOMIH,0.8815458740913769
XEDMEB,YOZNOS,0.8750655478195485
XEDMEB,QESBAR,0.843569456880552
XEDMEB,LASYOU,0.8423978433123192
NAHGUB,FECWOB,0.9073956530585284
NAHGUB,MOFTIL02,0.9073389829807864
NAHGUB,NUCRIN,0.9069386428035108
NAHGUB,PEPHID,0.8973148055648397
NAHGUB,LEYLIN,0.8794979017342266
NAHGUB,YOZYUJ,0.8464207041364871
MUDTEL,VUJBIM,0.9999524174670322
MUDTEL,DICKEH,0.9438798025007592
MUDTEL,OGOJAX,0.9229296453868852
MUDTEL,BIHROC,0.9203477298296447
MUDTEL,SEMNIJ,0.9031242315044418
MUDTEL,QAWHIH,0.8967810939773398
MUDTEL,QAWHIH01,0.8967483971532848
MUDTEL,YOZMEH,0.8946609821801369
MUDTEL,DIHVIB01,0.894659661217737
MUDTEL,LUDLIH,0.8945710741896135
MUDTEL,XAMDUM03,0.8945209060953828
MUDTEL,XAMDUM04,0.8944821145055433
MUDTEL,DOTSOV10,0.893852829669532
MUDTEL,DOTSOV08,0.8938494150635592
MUDTEL,DOTSOV12,0.8938493730265731
MUDTEL,FISGOF,0.8933035034779784
MUDTEL,QIYDAF01,0.891215366826813
MUDTEL,GAVDUD,0.8848596483049158
MUDTEL,QIZLOC,0.8807672836407723
MUDTEL,OHOMIH,0.8804745536801676
MUDTEL,LASYOU,0.8546984184465717
MUDTEL,DALSOA,0.8409152775948918
AVAKAL02,XAWVUN,0.9565745488546592
AVAKAL02,BAZFUF01,0.8855533169311153
AVAKAL02,BAZGAM,0.883034095992886
AVAKAL02,QOWRAV10,0.8811902237639594
AVAKAL02,QOWRAV09,0.8811799359034055
AVAKAL02,QOWRAV08,0.8811620140117642
AVAKAL02,QOWRAV03,0.8811098975800443
AVAKAL02,LIGQEA,0.8787529873809026
AVAKAL02,IPUPOA,0.8631951867548509
AVAKAL02,ANUGEW,0.8630052222985751
AVAKAL02,LAYXER,0.8619936484547854
AVAKAL02,LAYXAN,0.8596662629799696
AVAKAL02,WURNOO,0.8547200894570801
DELTAQ01,DELTAQ,0.9999904176201784
DELTAQ01,DELTAQ02,0.9998082490733068
DELTAQ01,NULSUJ,0.9940796206961592
MUGQAI,KIKRAA,0.8458570469152703
MUGQAI,LIRVAK,0.8458383247133712
MUGQAI,RAGREY,0.8457709266841016
MUGQAI,PEKZIP,0.845680066113369
MUGQAI,KOGYIP,0.8455732000460585
MUGQAI,ASUKEE01,0.8455019123904841
MUGQAI,FITSAD,0.8453213663627404
MUGQAI,OJOQAF02,0.842448506851601
MUGQAI,PASGAU,0.8423767090282517
MUGQAI,DEGJIK,0.842356917421726
MUGQAI,JAXNUU,0.8423528762662901
MUGQAI,QONKOV,0.842296499819278
MUGQAI,OJOQAF01,0.8422962109090261
MUGQAI,QONLEM,0.8422491717663991
MUGQAI,CISLUN,0.8422457929559398
MUGQAI,QONLIQ,0.842187203944329
MUGQAI,QONLAI,0.8420943521460891
MUGQAI,QONKUB,0.8420926832038624
MUGQAI,FUSWIA,0.8415732564868693
MUGQAI,PEBNER,0.8407506118045851
MUGQAI,JAVNIE,0.8401003083037386
MUGQAI,BUZKUE,0.84001328761224
MUGQAI,VUQJEX01,0.8381776240067477
MUGQAI,VUQJEX,0.8381158664829289
QONLAI,QONKUB,0.9999999271087878
QONLAI,QONLIQ,0.9999906062968674
QONLAI,QONLEM,0.999970265940344
QONLAI,CISLUN,0.9999648018740698
QONLAI,QONKOV,0.9999333592437616
QONLAI,FUSWIA,0.999867781996953
QONLAI,FUQJUX,0.9997877194961386
QONLAI,QOMSAO,0.9996685213442024
QONLAI,JAXNUU,0.9995066885906312
QONLAI,BUZKUE,0.9989916936970046
QONLAI,VUQJEX01,0.9977004108966306
QONLAI,VUQJEX,0.9976545782752976
QONLAI,HOSPEL,0.9973933546305817
QONLAI,PENLEB,0.8714398864115829
QONLAI,CEXJUN01,0.8634509729218078
QONLAI,CEXJUN02,0.8634217093776593
QONLAI,CEXJUN,0.8634128292836262
QONLAI,CEXJUN03,0.8633808883501718
QONLAI,RODSAG,0.8572743419751083
QONLAI,REFBAH,0.8566024864642698
QONLAI,RAJPIE,0.8547646391411354
QONLAI,RANLAV,0.8515507079599324
VULFOZ,HABZEQ,0.8783191575210794
VULFOZ,XEVSIB,0.8746231255091773
VULFOZ,IGAHED,0.87330400902876
VULFOZ,OCACUR,0.8724919119513271
VULFOZ,WINCEC,0.8723660554574066
VULFOZ,UGECEO,0.8718248607942691
VULFOZ,IGAHED03,0.8711245643617704
VULFOZ,TAHYUZ,0.851648136324359
VUJBIM,NUTQAV,0.9861051691901834
VUJBIM,DICKEH,0.9449537575495032
VUJBIM,BIHROC,0.9216797827501484
VUJBIM,SEMNIJ,0.9036620191182162
VUJBIM,QIYDIN01,0.8999014246752284
VUJBIM,QAWHIH,0.897065262360748
VUJBIM,YOZMIL,0.8954159883883509
VUJBIM,LUDLED,0.8953581075264103
VUJBIM,YOZMEH,0.8953286351649581
VUJBIM,DIHVIB01,0.8953274880085376
VUJBIM,RILFEA,0.8953029466546039
VUJBIM,LUDLIH,0.8952502207250154
VUJBIM,XAMDUM03,0.8952067966835349
VUJBIM,XAMDUM04,0.8951722673649214
VUJBIM,EBAMUS,0.8947271272872389
VUJBIM,DOTSOV08,0.894616970165
VUJBIM,DOTSOV12,0.8946169321952687
VUJBIM,FISGOF,0.8941317255211585
VUJBIM,WULJUJ,0.8926923844224527
VUJBIM,FAGQAI,0.8914592006613605
VUJBIM,QIZLIW,0.8903344102871357
VUJBIM,GAVDUD,0.8863373970516102
VUJBIM,OHOMIH,0.8821921919303046
VUJBIM,LASYOU,0.8550142463273004
FUFVEJ,KIKRAA,0.999988121339664
FUFVEJ,RAGREY,0.9998333806748148
FUFVEJ,FITSAD,0.9996010320941542
FUFVEJ,OJOQAF01,0.9968563306350232
FUFVEJ,LABJUV,0.8887576341087638
FUFVEJ,WURNOO,0.8612441291556698
FUFVEJ,KAGJOS,0.8610097603381477
FUFVEJ,HAJPEQ,0.8598278608208277
FUFVEJ,ICAGOK,0.8596236656208381
FUFVEJ,RANLAV,0.8545565095738018
FUFVEJ,JALPAQ,0.8455554725278105
NOCKOG,KIFKAM,0.9998608187162702
WAQDOJ,XUFYAA,0.9084495194376678
WAQDOJ,XUFYEE,0.9071020103021524
WAQDOJ,AVIPOL,0.8495585638035376
WAQDOJ,MUDLON,0.8403764925292959
OGOJAX,OGEBAF,0.9780487301509196
OGOJAX,QIYDAF01,0.9776806260540188
OGOJAX,FAGQAI,0.9775450893125638
OGOJAX,YUGLES,0.9150720069736386
OGOJAX,NUTQAV,0.9145277596588108
OGOJAX,RUVKAV,0.8726394356125969
HIZQEN01,HIZQEN,0.999994558883084
RASKIH,KIFKAM,0.8600499503377774
RASKIH,JEGJUD,0.8533860846828125
RASKIH,HAFVUH,0.8496275658364553
NUDMUW,NUDLOP01,0.999990114860263
NUDMUW,JEGJUD,0.8866172033976565
EGUHOD01,OKOSUE,0.9121890900466127
EGUHOD01,XEFGUN01,0.8839933958945214
EGUHOD01,GOYLUB,0.8828238479895404
EGUHOD01,NENHAQ,0.8700082397992358
EGUHOD01,CEHKUW,0.850051887200695
EGUHOD01,PARKUQ,0.8498488994703045
EGUHOD01,PARKUQ01,0.8498458611850397
EGUHOD01,ODOXEK,0.8496133647780371
EGUHOD01,MITSAK,0.8496012697530091
EGUHOD01,MITSUE,0.8495968409311684
EGUHOD01,FUMJAA,0.8493346479056633
EGUHOD01,RUXWEM01,0.8439140444580173
EGUHOD01,RUXWEM03,0.8436446997546121
EGUHOD01,ESADUZ01,0.8429236736330705
EGUHOD01,WUHMOD,0.8428055620328807
EGUHOD01,PIQQOX,0.8426937261174274
EGUHOD01,POKZOG,0.8417780413535341
EGUHOD01,DAPYAW,0.8401075417639197
MIBQAR06,MIBQAR07,0.9999998950521644
DADTOS08,DADTOS05,0.9999999999983858
DADTOS08,DADTOS01,0.9999999944954384
DADTOS08,DADTOS11,0.99999999079877
DADTOS08,DADTOS04,0.9999999824107432
DADTOS08,DADTOS12,0.9999999624599653
DADTOS08,DIDVIW,0.9999999381162306
DADTOS08,DADTOS18,0.999999886010343
DADTOS08,DADTOS02,0.9999994897183572
DADTOS08,YANWOC02,0.9999987517056534
DADTOS08,DADTOS13,0.9999977055226028
DADTOS08,YANWOC,0.9999964433455956
DADTOS08,DADTOS10,0.9999962493851076
DADTOS08,IJOMOJ03,0.9999946304027846
DADTOS08,DADTOS15,0.999972383069732
DADTOS08,REZJIR03,0.999963508995314
DADTOS08,VIRJEM,0.9999515401117988
DADTOS08,PADJOU01,0.9999379299023676
DADTOS08,LIJWOR02,0.9999058045222462
DADTOS08,LIJWOR01,0.9998854313200836
DADTOS08,IJOMOJ01,0.9998376182124372
DADTOS08,NURGUE,0.9998052869276988
DADTOS08,QINSUD,0.999798036777211
DADTOS08,IQEWOQ,0.9987086795914044
NELCEN,POFFAT,0.9999254271983108
NELCEN,IPINAY,0.999592841110909
NELCEN,VOJPUG01,0.9995396663684488
NELCEN,QIWQES,0.999150169673714
NELCEN,UFUNAK,0.9983273446540972
NELCEN,HAWZEM,0.9971543769560128
NELCEN,BAHGUN,0.9970653986252388
NELCEN,QERZUI,0.996974358029619
NELCEN,BAHGUN03,0.9969460195840558
NELCEN,BAHGUN04,0.9968563424071458
NELCEN,BAHGUN02,0.9966778182847922
NELCEN,NIHDIU,0.9961837265077238
NELCEN,UFUMUD,0.996059412646395
NELCEN,UGEPEB01,0.9956780559895984
NELCEN,UFUNIS,0.9951017018476134
NELCEN,UGEPEB,0.9946978264120392
NELCEN,ICAGOK,0.9231812981824202
NELCEN,JALPAQ,0.8770534808590462
NELCEN,NAPSUV,0.8711235229233809
NELCEN,SOZHOG,0.8637759583707998
NELCEN,IDUSIM,0.8627289348029847
NELCEN,IDUSIM01,0.8625911478372839
NELCEN,UNACES,0.862504867839507
NELCEN,UNACIW,0.8624225379597354
NELCEN,UNABUH,0.8623529329029083
NELCEN,IDUTIN,0.8621715275443216
NELCEN,QESBAR,0.8429504117181356
QIZLOC,OHOMIH,0.9999909217171168
QIZLOC,QIZLIW,0.9984996751072766
QIZLOC,WULJUJ,0.9957902957824992
QIZLOC,DOTSOV16,0.9950783993488296
QIZLOC,DOTSOV10,0.995074292768496
QIZLOC,EBAMUS,0.994673127364796
QIZLOC,XAMDUM04,0.9942692033615432
QIZLOC,LUDLIH,0.9941433659851996
QIZLOC,RILFEA,0.994048843554346
QIZLOC,DIHVIB01,0.994007958847865
QIZLOC,YOZMEH,0.994005154464144
QIZLOC,LUDLED,0.9939544997533712
QIZLOC,YOZMIL,0.9938559564689736
QIZLOC,QAWHIH01,0.9890918215102328
QIZLOC,QAWHIH,0.9889529314991377
QIZLOC,YOZNOS,0.9809440527548748
QIZLOC,MIKVEK,0.9325652617543908
QIZLOC,ORAWAH,0.9217290915177376
QIZLOC,CITXUZ,0.918697796679957
QIZLOC,RAWYAS,0.9182168688767568
QIZLOC,YUGLES,0.8994671650441863
QIZLOC,NUTQAV,0.898509555240381
QIZLOC,GIKMOD01,0.8972029751074327
QIZLOC,XIJSUH,0.8970176447639824
QIZLOC,MOCKAR,0.8969984484003479
QIZLOC,MOFGOE,0.8948881008397421
QIZLOC,RAHBOU,0.8940677606976477
QIZLOC,HUCBOX01,0.8928775673656159
QIZLOC,HUCBOX,0.8926963109430417
QIZLOC,LUDLAZ,0.8854879752332468
QIZLOC,EXAXAE,0.8845476713183307
QIZLOC,RUVKAV,0.8835557324406753
QIZLOC,ADONEP,0.8813938018585676
QIZLOC,PAFZEE,0.879185336827602
QIZLOC,HIDTUM,0.8778757664843119
QIZLOC,CEKHUY,0.8777506310200861
QIZLOC,NEMCOA,0.8775943253886187
QIZLOC,ANUGOG,0.8728220042781519
QIZLOC,KIRFOI,0.8689115092075677
QIZLOC,IXAJUN,0.860861798548378
QIZLOC,XITYOP,0.8608206026300209
QIZLOC,JALPAQ,0.8606362727470717
QIZLOC,NIGDIS,0.8570341080633899
QIZLOC,HEHROE,0.855004253475973
QIZLOC,LAYXAN,0.8550031284896541
QIZLOC,LAYXER,0.8546605140894499
QIZLOC,UWALEL,0.8532778082995094
QIZLOC,MAVRAE,0.8526464288717167
QIZLOC,TOVWAE,0.8522171479189679
QIZLOC,FAMQAO,0.847204703012755
QIZLOC,FAMPUH,0.8469851139784889
QIZLOC,FAMQES,0.846804936148457
QIZLOC,NAPSUV,0.8466348268855806
QIZLOC,EDOSEY,0.8455622015249817
QIZLOC,RUJMEQ,0.841638881585064
QIZLOC,BAZGAM,0.8389005461190668
KEDWOI,UFIYIR,0.9999514635042134
VEDFIV,CIJBEE,0.9999856308195616
VEDFIV,VEDGIW,0.9999812655915374
VEDFIV,VEDFAN,0.9999805531255253
VEDFIV,VODNOS,0.999976929090168
VEDFIV,VEDFUH,0.9999694944444906
VEDFIV,AHETAK,0.9999574427404158
VEDFIV,CEYPUT,0.9999520864086094
VEDFIV,KEJWAY,0.9996277873612928
VEDFIV,TATSIS01,0.9992074547052868
VEDFIV,ABAVUV,0.9989070116499849
VEDFIV,ERUNIQ,0.998803863958997
VEDFIV,DIDBEZ,0.923076241444174
VEDFIV,DIDBID,0.9230112724418416
VEDFIV,ERUNOW,0.92286771519394
VEDFIV,JODGOA,0.8944766724741324
VEDFIV,BUKLOJ,0.8827677117613735
VEDFIV,BAKJOO,0.8791652667631511
VEDFIV,AZIHOI,0.8787543107062863
VEDFIV,TIDNIF,0.8772919763953289
VEDFIV,SIDXOV,0.8710829811062814
VEDFIV,XALMOO,0.8600056551787278
VEDFIV,FUMJAZ01,0.8538625804258304
VEDFIV,FUMJAZ,0.8537122557231253
VEDFIV,DIQHAO,0.8525899514871327
VEDFIV,XEVXUT,0.8518273266727399
VEDFIV,HURGOR,0.8443332256891602
VEDFIV,DERBIO,0.8442731255346896
VEDFIV,NERVIP01,0.8437755508574296
VEDFIV,RAKBIO02,0.8436543297097745
VEDFIV,RAKBIO01,0.8436113542446062
VEDFIV,GAGWOB,0.8431562564727444
VEDFIV,KOHLIE,0.8429715437446713
VEDFIV,CANROA,0.8429365439551646
VEDFIV,WOPWOP,0.8428442407045497
VEDFIV,VOCKUT,0.8427852766048336
VEDFIV,NERVIP,0.8424298380547548
SAVMAE,MIBQAR01,0.8642407569550322
SAVMAE,MIBQAR12,0.8642372296256289
SAVMAE,VUSKEA,0.864233058282798
SAVMAE,CIZQUZ,0.8640297216793529
SAVMAE,NATFAS,0.8638963486482463
SAVMAE,IFABIA,0.8630332233441096
SAVMAE,RIGTIL,0.8625287795303209
SAVMAE,VEGMOK04,0.8625043139755082
SAVMAE,FECYUJ,0.8610683983079703
SAVMAE,UMEXUF,0.8597237796236514
SAVMAE,YICQOS,0.8587674560613601
SAVMAE,MUZHUL,0.8586673193100459
SAVMAE,QAQSAD,0.8586012574772522
SAVMAE,UGUQOC,0.8566174152128399
SAVMAE,FABFOF,0.8564389416636881
SAVMAE,USAHAZ,0.8557330945430668
SAVMAE,EGIKUB01,0.843893395461318
SAVMAE,LOWQIX,0.8414439020575786
SAVMAE,OKELOH,0.8395867292437544
IPUPOA,ANUGOG,0.986136120367987
IPUPOA,ANUGEW,0.9749968287517532
IPUPOA,EXOGAB,0.9737290824807628
IPUPOA,LAQNID,0.9516464078595688
IPUPOA,BAZGAM,0.9476221154335532
IPUPOA,BAZFUF01,0.9435170855903504
IPUPOA,QOWRAV11,0.9336171566208908
IPUPOA,LASYOU,0.927539538443739
IPUPOA,ORAWAH,0.9132887170634716
IPUPOA,ENIHUG,0.9108508253823532
IPUPOA,ENIHUG01,0.9107579883201424
IPUPOA,FISGOF,0.9074770833923936
IPUPOA,EDOSEY,0.9071483823404312
IPUPOA,JALPAQ,0.8962701590282898
IPUPOA,IXAJUN,0.8961609223129691
IPUPOA,TEKYOA,0.8952384452464662
IPUPOA,NIGDIS,0.8950753804862531
IPUPOA,GAVDUD,0.8871563227372523
IPUPOA,DOTSOV08,0.8856151131294308
IPUPOA,EBAMUS,0.8852571476068662
IPUPOA,XAMDUM04,0.885113111896626
IPUPOA,XAMDUM03,0.8850891679538794
IPUPOA,LUDLIH,0.885040706424735
IPUPOA,RILFEA,0.8849895716690743
IPUPOA,DIHVIB01,0.8849634242049004
IPUPOA,YOZMEH,0.8849621961723567
IPUPOA,LUDLED,0.8849303753900865
IPUPOA,YUSWEP,0.8820987268767742
IPUPOA,QAWHIH,0.8814978458067713
IPUPOA,MUNDOQ,0.8799646914156208
IPUPOA,YOZNOS,0.8732603665715108
IPUPOA,SEMNIJ,0.8694096263950585
IPUPOA,WURNOO,0.8659510164985158
IPUPOA,NEMCOA,0.865856735244079
IPUPOA,CEKHUY,0.8657436039433184
IPUPOA,HIDTUM,0.8655421383606808
IPUPOA,ICAGOK,0.8652977854227761
IPUPOA,SIXNOF,0.8646534221755531
IPUPOA,ADASEF,0.8586654542804442
IPUPOA,KIRFOI,0.8574387817863516
IPUPOA,OGEBAF,0.8496665958949043
IPUPOA,XITYOP,0.8495166347643424
IPUPOA,MAVRAE,0.8423231969091378
IPUPOA,IXAKAU,0.8422435449470342
IPUPOA,UWALEL,0.8402836474114621
IPUPOA,FAMQAO,0.8397659975174186
IPUPOA,FAMPUH,0.8396249932294971
IPUPOA,FAMQES,0.8395090693279114
IPUPOA,CEZYOY,0.8379363363879841
TEKYOA,NIGDIS,0.9999904843680302
TEKYOA,EXOGAB,0.9176853413757962
TEKYOA,MIKVEK,0.8892924488928119
TEKYOA,ORAWAH,0.8889752467651547
TEKYOA,LAQNID,0.8778646856637297
TEKYOA,ANUGEW,0.8718059700242627
TEKYOA,LAYXER,0.8711341565071288
TEKYOA,LAYXAN,0.869448907818448
TEKYOA,HEHROE,0.8694092208083127
TEKYOA,ENIHUG,0.8661759725419262
TEKYOA,ENIHUG01,0.8661227842218554
TEKYOA,EPISOM,0.8613983375956699
TEKYOA,NAPSUV,0.8613282629372447
TEKYOA,DOTSOV16,0.8610897628590907
TEKYOA,DOTSOV08,0.861089754176182
TEKYOA,DOTSOV12,0.861089741276553
TEKYOA,DOTSOV10,0.8610892770164925
TEKYOA,RILFEA,0.8609243925325745
TEKYOA,DIHVIB01,0.8609159999470424
TEKYOA,YOZMEH,0.8609156193382358
TEKYOA,LUDLED,0.8609052839730071
TEKYOA,DIHVIB,0.860827775228448
TEKYOA,QIZLIW,0.8606120007396683
TEKYOA,QAWHIH01,0.8593260299398617
TEKYOA,QAWHIH,0.859268280256392
TEKYOA,GAVDUD,0.8591598328942635
TEKYOA,OHOMIH,0.8571814090256826
TEKYOA,RUJMEQ,0.8544233866839305
TEKYOA,YOZNOS,0.8515513073632153
TEKYOA,JALPAQ,0.8462695533783938
TEKYOA,IXAJUN,0.8457849331992582
TEKYOA,YIMQOD,0.8438305688757504
TEKYOA,BAZFUF01,0.8428652730282117
TEKYOA,BAZGAM,0.842840174996018
TEKYOA,HIDTUM,0.8384239697931452
HOLQAC,HOLQIK,0.9313657531404612
CESQUP,PICCUC,0.9998752997319992
CESQUP,JEDDII,0.9997856899163692
CESQUP,EKEKEL,0.9103709692294571
CESQUP,MIBQAR12,0.8973255379268488
CESQUP,MIBQAR07,0.8973241015201464
CESQUP,MIBQAR01,0.8973172415168434
CESQUP,IFABIA,0.896684236603032
CESQUP,IFABIA02,0.8966404337690245
CESQUP,VEGMOK04,0.8962774879529352
CESQUP,ROZXEL,0.88229716584743
CESQUP,VOLRAQ,0.850221407819331
CESQUP,UYAPOA,0.8498542084004679
DADTOS06,DADTOS09,0.999999980260412
DADTOS06,DADTOS18,0.999999976888009
DADTOS06,DADTOS01,0.9999999325110768
DADTOS06,DADTOS11,0.9999999207472862
DADTOS06,DADTOS,0.9999998119602924
DADTOS06,DADTOS13,0.9999971088255092
DADTOS06,DADTOS10,0.9999969338037096
DADTOS06,IJOMOJ03,0.9999954439334264
DADTOS06,REZJIR04,0.9999830009028222
DADTOS06,JEDKIP01,0.9999793302293318
DADTOS06,DADTOS15,0.9999703980735282
DADTOS06,REZJIR02,0.999967049497112
DADTOS06,DADTOS16,0.9999482986080014
DADTOS06,LIJWOR02,0.9999021748638992
DADTOS06,LIJWOR06,0.9998997062457072
DADTOS06,LIJWOR01,0.9998829588861592
DADTOS06,LIJWOR05,0.9998504561113446
DADTOS06,IJOMOJ01,0.999832854612464
DADTOS06,NURGUE,0.9998004591946328
DADTOS06,SIWPUL04,0.9997924458184706
LUDLIH,XAMDUM04,0.9999985105580936
LUDLIH,XAMDUM03,0.9999976676490984
LUDLIH,YOZMEH,0.9999971438546972
LUDLIH,YOZMIL,0.9999954837098924
LUDLIH,DIHVIB,0.9999859719760752
LUDLIH,DOTSOV10,0.9999563072357298
LUDLIH,EBAMUS,0.9998693430985164
LUDLIH,QAWHIH01,0.9992078795999776
LUDLIH,QAWHIH,0.9991697650263875
LUDLIH,WULJUJ,0.99900508231959
LUDLIH,YOZNOS,0.991956411467794
LUDLIH,DALSOA,0.9329962597776302
LUDLIH,BABREE,0.9321567954876312
LUDLIH,ORAWAH,0.9321161479853888
LUDLIH,MIKVEK,0.929936239073262
LUDLIH,YUGLES,0.9079482228588748
LUDLIH,HOGLEV,0.907775271173873
LUDLIH,NUTQAV,0.9077494439423098
LUDLIH,EXOGAB,0.907728531625329
LUDLIH,OFOCUI,0.90768375515945
LUDLIH,HOGLEV01,0.9076122579977348
LUDLIH,XIJSUH,0.9073667475376748
LUDLIH,MOCKAR,0.9073613093585156
LUDLIH,RAHBOU,0.8969854339744563
LUDLIH,GIKMOD01,0.8931597246477383
LUDLIH,RUVKAV,0.8870555615624357
LUDLIH,LUDLAZ,0.8861233145417183
LUDLIH,ADONEP,0.8845413011428499
LUDLIH,EXAXAE,0.8821696399429084
LUDLIH,ANUGOG,0.8779381935357337
LUDLIH,DICKEH,0.8771162892470921
LUDLIH,NEMCOA,0.8746271408711195
LUDLIH,HIDTUM,0.873348144556208
LUDLIH,LAQNID,0.8691239520064505
LUDLIH,KIRFOI,0.8659155341911442
LUDLIH,IWEQAD,0.8610938745123358
LUDLIH,TOVWAE,0.8608268454012352
LUDLIH,OGEBAF,0.8588140478233963
LUDLIH,XITYOP,0.8577033863737682
LUDLIH,IXAJUN,0.8575729107141481
LUDLIH,FAMQES,0.853519884108042
LUDLIH,NAPSUV,0.853507184617323
LUDLIH,EDOSEY,0.853384619696473
LUDLIH,ANUGEW,0.8525938860915936
LUDLIH,LAYXER,0.8516703398924818
LUDLIH,MAVRAE,0.8513846559580625
LUDLIH,LAYXAN,0.8495077560005708
LUDLIH,HEHROE,0.8494583422813976
LUDLIH,WARXUL,0.8487267343410101
LUDLIH,UWALEL,0.8449962096822629
LUDLIH,REGYOT,0.8397212955651545
LUDLIH,LUKLIN,0.8397137148267059
LUDLIH,SEMNIJ,0.8395745463205287
LUDLIH,ENIHUG,0.8388716795005695
LUDLIH,BAZGAM,0.8380046694474853
MIBQAR07,MIBQAR12,0.9999992688786008
MIBQAR07,IFABIA,0.9989822959238424
MIBQAR07,IFABIA02,0.9989815271261506
MIBQAR07,VEGMOK04,0.9984954563138052
MIBQAR07,ROZXEL,0.9438354833031166
MIBQAR07,VOLRAQ,0.9073719464116072
MIBQAR07,BOLPAU,0.9068363447917762
MIBQAR07,ODODIW,0.906656611381928
MIBQAR07,HUTZAX01,0.9059730827926596
MIBQAR07,NEHGIS,0.9047319147109918
MIBQAR07,AWEYAE,0.902095651958903
MIBQAR07,PICCUC,0.8970679686365436
MIBQAR07,SACHIP,0.8960116977087935
MIBQAR07,EKEKEL,0.8872962107874396
MIBQAR07,DITTEH,0.8853881823290091
MIBQAR07,UKOLOV,0.8852504621673635
MIBQAR07,FECYUJ,0.884590155146962
MIBQAR07,MIMRAB01,0.8843015572034472
MIBQAR07,NIKHAS,0.884118037383698
MIBQAR07,USAHAZ,0.8795857350010737
MIBQAR07,XOQXIL,0.8758990957575821
MIBQAR07,VEHJUP,0.8747160857792036
MIBQAR07,NANYUX01,0.8707339162136647
MIBQAR07,ZARLEL,0.8705510339680527
MIBQAR07,AXOCEW,0.8691923546090691
MIBQAR07,NENHEU,0.868577908796916
MIBQAR07,GADROU,0.8681447695703669
MIBQAR07,JEDVIA,0.8670321334011264
MIBQAR07,XEGWIS,0.8626940884283898
MIBQAR07,KAHMOW,0.8626784118557256
MIBQAR07,XEGXIT,0.8626637113466347
MIBQAR07,YICQOS,0.8611438330820559
MIBQAR07,UBUMAH,0.8588911703579543
MIBQAR07,LOWQIX,0.8584613423278024
MIBQAR07,XENMIO,0.8578936034699518
MIBQAR07,SIXWON,0.8531348129494072
MIBQAR07,WOJZOK01,0.853078589705317
MIBQAR07,TACJEO,0.8526288285176763
MIBQAR07,GAWMOJ,0.8518743092997392
MIBQAR07,NISCOJ,0.8457190555875167
MIBQAR07,IGINIX,0.8441592715673617
MIBQAR07,LEBQUH,0.8388000538803504
MIBQAR07,HOKLIE,0.8380737767848521
EXUXEC,BOWDUO,0.9999633548261148
EXUXEC,VEDFAN,0.9999364123561528
EXUXEC,VEDFER,0.9999130566518628
EXUXEC,VEDGIW,0.9998487821246752
EXUXEC,VEDGES,0.999836154893573
EXUXEC,VODNOS,0.9998344507791184
EXUXEC,CEYPUT01,0.9996816142587744
EXUXEC,TATSIS01,0.999626540766118
EXUXEC,TATSIS,0.9995846926751906
EXUXEC,ERUNIQ,0.9994406548310746
EXUXEC,LASMAV,0.9991814625877974
EXUXEC,ABAVUV,0.9980972119455104
EXUXEC,CAXZOS,0.923158453508408
EXUXEC,DIDBEZ,0.9228273395610064
EXUXEC,DIDBAV,0.922770517029188
EXUXEC,DIDBID,0.9227550333328848
EXUXEC,ERUNOW,0.9222758199932712
EXUXEC,FEVDER,0.8792883146254971
EXUXEC,AZIHOI,0.8791415354723581
EXUXEC,BAKJOO,0.8788369957186312
EXUXEC,TIDNIF,0.8770146435180897
EXUXEC,SIDXOV,0.8729178626064864
EXUXEC,XALMII,0.8576889386563364
EXUXEC,FUMJAZ01,0.8545497980254074
EXUXEC,FUMJAZ,0.8544033896004942
EXUXEC,DIQHAO,0.8543681194770475
EXUXEC,XEVXUT,0.8532277419535004
EXUXEC,HURGOR,0.8440472432264066
EXUXEC,NERVIP01,0.843985027785694
EXUXEC,DERBIO,0.8439183377419915
EXUXEC,NERVOV,0.8435329415699464
EXUXEC,FAZPIH,0.8434760717946027
EXUXEC,WOPWOP,0.8434751869499332
EXUXEC,VOCKUT,0.8433778399421447
EXUXEC,NERVEL,0.8433425363294159
EXUXEC,NERVIP,0.8431702958737666
EXUXEC,RAKBIO,0.8431458301795551
EXUXEC,RAKBIO01,0.8430882249516218
EXUXEC,CANROA,0.842982774526658
EXUXEC,KOHDIW,0.8429750276078688
EXUXEC,KOHLIE,0.8427929159469698
EXUXEC,YIRSUQ,0.8426775731929097
EXUXEC,CEJFOO,0.8421548448598646
QOWRAV10,QOWRAV08,0.9999999561813012
QOWRAV10,QOWRAV02,0.9999995742536798
QOWRAV10,LIGQEA,0.9997374890455656
QOWRAV10,BAZFUF01,0.997156981684812
QOWRAV10,YUSWEP,0.9311167852564366
QOWRAV10,EXOGAB,0.9075783727313153
QOWRAV10,FISGOF,0.9012664714813676
QOWRAV10,LAQNID,0.894824977385968
QOWRAV10,ORAWAH,0.8811781048485059
QOWRAV10,ICAGOK,0.8768662432943055
QOWRAV10,WURNOO,0.8722046708985669
QOWRAV10,HAYXIR,0.8717900430925367
QOWRAV10,MIKVEK,0.8667226517194034
QOWRAV10,SEMNIJ,0.8659055251152181
QOWRAV10,LASYOU,0.8629878162929469
QOWRAV10,MUNDOQ,0.8595736178481831
QOWRAV10,ASIVAB,0.8527395504328006
QOWRAV10,SIXNIZ,0.8525080883989034
QOWRAV10,RUJMEQ,0.8471201326313957
QOWRAV10,YIMQOD,0.8460050650945841
ATIBOU02,IQEWOQ,0.9999958530719496
ATIBOU02,DADTOS03,0.9989919400356818
ATIBOU02,REZJIR04,0.9989848030607136
ATIBOU02,IJOMOJ03,0.9988513323612428
ATIBOU02,YANWOC,0.998824532783614
ATIBOU02,YANWOC01,0.9987176079559515
ATIBOU02,DADTOS18,0.9987163184445442
ATIBOU02,DADTOS12,0.9987060016884224
ATIBOU02,DADTOS09,0.998695300803361
ATIBOU02,DADTOS01,0.998686679767264
ATIBOU02,DADTOS11,0.9986851064397628
ATIBOU02,DADTOS,0.9986740666663582
ATIBOU02,DADTOS02,0.998639935817156
ATIBOU02,DADTOS13,0.9985803433268025
ATIBOU02,DADTOS15,0.9982849683894672
ATIBOU02,REZJIR02,0.9982602124946248
ATIBOU02,YUKTUU,0.998250113770314
ATIBOU02,REZJIR03,0.99822056522847
ATIBOU02,PADJOU,0.9981467083969234
ATIBOU02,VIRJEM,0.9981410386214952
ATIBOU02,DADTOS16,0.9981372607659426
ATIBOU02,LIJWOR01,0.998111863310617
ATIBOU02,PADJOU01,0.9980637238286472
ATIBOU02,LIJWOR02,0.9978993441538302
ATIBOU02,LIJWOR05,0.99767813053832
ATIBOU02,IJOMOJ01,0.9976101674817848
ATIBOU02,QINSUD,0.9974655783169708
ATIBOU02,SIWPUL04,0.9974641447872332
UWALEL,ENIHUG01,0.8656082622083114
UWALEL,EXOGAB,0.8559642123553894
UWALEL,MIKVEK,0.8558189050794489
UWALEL,LASYOU,0.8548330595821645
UWALEL,OHOMIH,0.8533294473229114
UWALEL,GAVDUD,0.8524434108057095
UWALEL,QIZLIW,0.8505689231684048
UWALEL,WULJUJ,0.8469515149188571
UWALEL,DOTSOV16,0.8461461262414248
UWALEL,DOTSOV08,0.8461460361219184
UWALEL,EBAMUS,0.8455666546055158
UWALEL,DIHVIB01,0.8448456180785557
UWALEL,YOZMEH,0.8448432777484118
UWALEL,LUDLED,0.8447823304801167
UWALEL,DIHVIB,0.8443545042905715
UWALEL,ORAWAH,0.8423181451354116
UWALEL,IXAJUN,0.8394252084964735
UWALEL,XITYOP,0.8392826357907777
UWALEL,QAWHIH01,0.8390860673764028
UWALEL,QAWHIH,0.8389266472006794
YUYGOQ,RUGYOJ,0.9999949434531096
YUYGOQ,AJAKON,0.9998972392044652
YUYGOQ,RUXWEM03,0.8647929873319016
YUYGOQ,FALGIK,0.8646644711839904
IMIDZB05,KUMXEW,0.9999922685505624
IMIDZB05,IMIDZB11,0.9999322155928664
IMIDZB05,HICGEG,0.9993023212621563
EYOQEP,GEDKUX,0.8620414957744201
PEJNOJ,NANYUX03,0.9999707424465998
LUKLIN,REGYOT,0.999999949288765
LUKLIN,MOFGOE,0.8534636522369498
LUKLIN,DOTSOV16,0.8399608878995674
LUKLIN,DOTSOV12,0.8399608757635575
LUKLIN,DOTSOV10,0.8399599633315309
LUKLIN,XAMDUM03,0.8397373291057584
LUKLIN,EBAMUS,0.8397286531048526
LUKLIN,DIHVIB01,0.8396783077142733
LUKLIN,YOZMEH,0.8396777241860603
LUKLIN,LUDLED,0.8396624950488858
LUKLIN,DIHVIB,0.839551101187982
LUKLIN,WULJUJ,0.839367514819332
LUKLIN,QAWHIH01,0.8376835860914402
NENHAQ,LUWKIZ,0.8678761813211628
NENHAQ,GOYLUB,0.8666671639407291
NENHAQ,EKUNON,0.8468865305123331
NENHAQ,EKUNON01,0.846756684594052
NENHAQ,FUMJAA,0.8400495425231055
NENHAQ,MITSUE,0.8398859418899941
NENHAQ,ODOXEK,0.8398722053648736
NENHAQ,PARKUQ01,0.8395965998704559
NENHAQ,PARKUQ,0.8395915688882756
NENHAQ,CEHKUW,0.838279770922156
CEZYOY,IXAJUN,0.9334592753545984
CEZYOY,JALPAQ,0.9334401363607728
CEZYOY,NAPSUV,0.9200741267839928
CEZYOY,EDOSEY,0.9192208811396672
CEZYOY,EDOSOI,0.8618577102740983
CEZYOY,LASYOU,0.8587203115629075
CEZYOY,EXOGAB,0.855057044338384
CEZYOY,MIKVEK,0.8543191614715441
CEZYOY,WURNOO,0.850321283983699
CEZYOY,KAGJOS,0.8501068324869728
CEZYOY,ICAGOK,0.8491674892205224
CEZYOY,ORAWAH,0.8465254541299542
CEZYOY,IDUDES,0.8452252423424695
CEZYOY,IXAKAU,0.84437013125234
CEZYOY,HAWZEM,0.8437595222650007
CEZYOY,BAHGUN01,0.8437568568592702
CEZYOY,BAHGUN,0.8437547888637252
CEZYOY,BAHGUN03,0.8437481268583835
CEZYOY,BAHGUN04,0.8437426676040491
CEZYOY,NIHDIU,0.8436620096395019
CEZYOY,QERZUI01,0.8436467168494223
CEZYOY,UFUNAK,0.8436418558862765
CEZYOY,UFUNIS,0.8434215627757404
CEZYOY,UGEPEB,0.8432374099182882
CEZYOY,IPINAY,0.8427574276722588
CEZYOY,VOJPUG01,0.8427200374257819
CEZYOY,KIRFOI,0.8424742075702955
CEZYOY,POFFAT,0.8418941281570771
EMUBIZ,EXAXAE,0.9999896889397316
EMUBIZ,ADONEP,0.998124072631133
EMUBIZ,GAVDUD,0.8850715551327726
EMUBIZ,HAYXIR,0.8848331586347258
EMUBIZ,WULJUJ,0.8826128892659721
EMUBIZ,DOTSOV16,0.8825124140310517
EMUBIZ,DOTSOV08,0.8825123607423393
EMUBIZ,DOTSOV10,0.8825094377666426
EMUBIZ,XAMDUM04,0.8819018921299154
EMUBIZ,XAMDUM03,0.881872155018091
EMUBIZ,DIHVIB01,0.881721205512808
EMUBIZ,YOZMIL,0.8816051356689096
EMUBIZ,QAWHIH01,0.8778405621647782
EMUBIZ,QAWHIH,0.8777268419953581
EMUBIZ,YOZNOS,0.8693392463851721
EMUBIZ,QESBAR,0.8437045368340802
FIFPAM01,TEVVIC,0.861447682662523
FIFPAM01,TEVVEY,0.861438138982357
FIFPAM01,TEVVAU,0.8612730729421698
FIFPAM01,BEJKEJ,0.8610243419935988
FIFPAM01,CAXZUY,0.860075997345213
FIFPAM01,TEVVOI,0.8541580628671617
FIFPAM01,LIDSAU,0.8457547908744285
FIFPAM01,XOMCIN,0.8451482559653168
FIFPAM01,FEVDIV,0.8444133066109486
FIFPAM01,JAMSEY,0.842184132238802
XIJVIY,IXETEM,0.9104929273144828
XIJVIY,WIZMAV12,0.8922486848197544
XIJVIY,WIZMAV10,0.892219413579912
XIJVIY,WIZMAV,0.8922146369510399
XIJVIY,WIZMAV11,0.8922115305365469
XIJVIY,WIZMAV08,0.8922073635917124
XIJVIY,ERARUM,0.8921275802654615
XIJVIY,UFOSOA,0.8770487034655463
XIJVIY,RUBTAK03,0.8770455104507269
XIJVIY,SURLEY,0.8770450612710732
XIJVIY,UFOSEQ,0.8770437354317997
XIJVIY,ESEBOV,0.8742975064072862
XIJVIY,HERHAQ,0.855036870324989
XIJVIY,HERHEU,0.8518768472610347
XIJVIY,GAYXEM,0.8497134204042553
LIPZES,ERIQUS,0.9997586625252874
LIPZES,RUBZIY02,0.9966013442027616
LIPZES,YAPQUC,0.9951064670652588
LIPZES,MOLLEG,0.9179909022305344
LIPZES,FOMDAO01,0.9057920324859094
LIPZES,SAQCIZ,0.8888456544286625
LIPZES,POCMEA04,0.8846016529978227
LIPZES,POCMEA03,0.8845289782695074
LIPZES,POCMEA01,0.8844793096731758
LIPZES,INICPB02,0.8844586655357194
LIPZES,INICPB01,0.8842009602104293
LIPZES,YUNBOZ,0.883511191417202
LIPZES,TUTQOP,0.8790755193565816
LIPZES,RUDRUE,0.8749491154832717
LIPZES,WENRIR,0.8604190398402732
LIPZES,DITKAT,0.8561576060792636
LIPZES,HIFHIP,0.8540504767701067
LIPZES,FAHQUD,0.8535176669888643
LIPZES,HAPZUW,0.849958738843944
NANYUX03,FUVBAB,0.999934674189486
NANYUX03,REGREC,0.9994579074648844
NANYUX03,KUNLEL,0.9924379509005132
NANYUX03,YOZYUJ,0.9471035102479378
NANYUX03,DUZPUL,0.941112990387164
NANYUX03,QUQFEO,0.9327789076331576
NANYUX03,QOPZIF,0.9178950327663328
NANYUX03,JOVYAW,0.9081518240215376
NANYUX03,FUDGIW,0.9080203629585044
NANYUX03,DUNXUH13,0.8970635237760425
NANYUX03,LOWQIX,0.8966206281311547
NANYUX03,EGIKUB01,0.8938898967317072
NANYUX03,DITTEH,0.8867853022935244
NANYUX03,BOWJAA,0.8860756313938654
NANYUX03,REFVEF,0.8803711612022307
NANYUX03,APACAX,0.8772633212512786
NANYUX03,VEGMOK04,0.8742390114825711
NANYUX03,CUVTOD,0.872911974248739
NANYUX03,MIBQAR12,0.8706116325786519
NANYUX03,MIBQAR01,0.8705229317242609
NANYUX03,UKOLUD,0.8692710686539404
NANYUX03,GEYLEE,0.8680643250650216
NANYUX03,SOWCOY01,0.8610452256367017
NANYUX03,UBUMAH,0.8608058326329264
NANYUX03,ADUVAZ,0.8566779890239355
NANYUX03,LASMUP,0.8562614014763569
NANYUX03,WEHHIC,0.8530469924375029
NANYUX03,ALANAD,0.8518379060902862
NANYUX03,USAHAZ,0.8500082179245323
NANYUX03,QAQSAD,0.8498766085558062
NANYUX03,MIMRAB01,0.8482905481159302
NANYUX03,FECYUJ,0.8464438799444229
NANYUX03,HIQNUS,0.8461759240707352
NANYUX03,CIJLIT,0.8455267094330026
NANYUX03,HEZKIH,0.8440156865453687
NANYUX03,GUGNON,0.8401516757495129
NANYUX03,JAYXAL,0.8393114999704229
APACAX,DOYHOQ,0.9518681407194848
APACAX,DOYHIK,0.950794995429894
APACAX,NUFCAU,0.9453457397918312
APACAX,YOZYUJ,0.8930401541201567
APACAX,DUZPUL,0.8917283261227471
APACAX,QUQFEO,0.8817558039990754
APACAX,REGREC,0.8779542092601641
APACAX,FUVBAB,0.87762570595754
APACAX,VEHJUP,0.8774322457046491
APACAX,NANYUX01,0.8773064272888692
APACAX,JEDVIA,0.875508803782342
APACAX,KUNLEL,0.87428796243553
APACAX,IRELAU,0.8490728000010207
APACAX,UMEXUF,0.8458681571238145
APACAX,CIZQUZ,0.8456534783501328
APACAX,MUZHUL,0.8454463213349748
APACAX,DITTEH,0.8415502788462814
VEFLUP,XIHSEN01,0.9999852791327418
VEFLUP,XIHSAJ,0.999943453836906
VEFLUP,MOXDEJ,0.8634258638463533
VEFLUP,FILYEG,0.8632368765799092
VEFLUP,DAFHEZ,0.862581081167363
VEFLUP,COXFOL,0.8617118383106157
VEFLUP,XEVSIB01,0.8608450922491263
VEFLUP,XEVSIB,0.8608014720869799
VEFLUP,FILYAC,0.860111514363944
VEFLUP,XUYYIA,0.8525078525635469
VEFLUP,EJINIV,0.8524074624918749
VEFLUP,ABAYOU,0.8496383865775635
VEFLUP,YIPFIO,0.8439380046840246
VEFLUP,USAYOE,0.8429335601273316
VEFLUP,GEPBEK,0.8417774115926466
VEFLUP,DERBIO,0.8414936493033873
VEFLUP,AXINAX01,0.8408849729946057
VEFLUP,DIBQIQ,0.8396088823627319
JOPGOM,CIFMIP,0.9999122304435726
MAHTAR,LUSHOX05,0.9999129108736782
MAHTAR,VUQKAU02,0.9470828464401454
MAHTAR,BELTOD,0.8970946715484814
MAHTAR,UKIQIP,0.8870092192416925
MAHTAR,JIYPAL,0.8854425707069657
MAHTAR,IVELUS,0.8850760887333566
MAHTAR,IVEMAZ,0.8850317799985031
MAHTAR,OSADIX,0.8776090129939784
MAHTAR,DADLEC,0.8761013992930379
MAHTAR,WEYQAU16,0.8726408209478346
MAHTAR,WEYQAU02,0.8711843437271864
MAHTAR,WEYQAU06,0.871104746338906
MAHTAR,WEYQAU09,0.8706870378419419
MAHTAR,WEYQAU10,0.8706287869129804
MAHTAR,XIHXET,0.868320806627747
MAHTAR,AVILAT,0.8665487523571133
MAHTAR,XOHSUJ,0.8634941193506289
MAHTAR,MUMBIH,0.8611465129465686
MAHTAR,MUVJIX,0.8539682929107093
MAHTAR,NEDVOJ,0.8508860218400347
MAHTAR,UKUPEX,0.8464648202674102
MAHTAR,WURKEB,0.846461812540461
MAHTAR,SAMVIO,0.8394663148667716
MAHTAR,GURXIB,0.8389555047742248
DUNXUH,DUNXUH13,0.9999961994179009
DUNXUH,REGREC,0.897290397833592
DUNXUH,NANYUX01,0.8971529114631502
DUNXUH,ULISOZ,0.8971346574176293
DUNXUH,VEHJUP,0.8961863246772116
DUNXUH,QUQFEO,0.8441164737408132
TOVJEV,TOVJIZ,0.9077740533598436
TOVJEV,TOVJAR,0.9006376096937344
TOVJEV,PIJKUR,0.8800626652101899
TOVJEV,PIJKIF,0.8799907452768555
TOVJEV,VAGVAC,0.845975881198248
TOVJEV,POJTOY01,0.8459131942483873
TOVJEV,POJTUE,0.8456487650676742
TOVJEV,SETQOZ,0.8455456927691382
TOVJEV,SETRAM,0.8453492664286282
TOVJEV,YAXBUV02,0.8452551203884762
TOVJEV,XADCOW,0.8449168586532615
TOVJEV,XUDSIY,0.842693228186126
TOVJAR,PIJKIF,0.94797022470831
TOVJAR,TOVJIZ,0.9087525074484852
TOVJAR,YAXBUV02,0.90754633862593
TOVJAR,SADMIV,0.9069045010082318
TOVJAR,SETQOZ,0.9068872590751138
TOVJAR,SETQUF,0.9068680972388036
TOVJAR,SADMUH,0.9067716933738472
TOVJAR,SETQIT,0.906456787838596
TOVJAR,SETQEP,0.9063148124924212
TOVJAR,SADMOB,0.9063102532870336
TOVJAR,XADCOW,0.9061204485661298
TOVJAR,XUDSIY,0.905386693547018
TOVJAR,KUXSIH,0.8927828048580312
TOVJAR,BAZBIQ,0.8632735746310403
TOVJAR,TOVKEW,0.8607767921351261
TOVJAR,UFIKIG,0.850975286823955
TOVJAR,UFIHUP,0.8502994067780125
NUDNUW06,NUDNUW01,0.9999984994576936
NUDNUW06,IZIDOM,0.999927783939312
NUDNUW06,PESTAL,0.9999014358420468
NUDNUW06,NUDPAE09,0.9997847388427824
NUDNUW06,NUDPAE01,0.9994592331333116
NUDNUW06,NUDPAE12,0.9981613066283074
NUDNUW06,NIKZEN,0.99660878562171
NUDNUW06,CAJHUS01,0.9966066139190268
NUDNUW06,NIHBAI01,0.9965279369228714
NUDNUW06,NIKYOW,0.9964112518101936
NUDNUW06,NIHBAI02,0.9963717937179511
NUDNUW06,IZAKAX,0.9955302975467633
NUDNUW06,IZAJUQ,0.995490446903109
RAWYAS,CITXUZ,0.99996356218486
RAWYAS,PAFZEE,0.9694493776805404
RAWYAS,NEMCOA,0.9228181768466802
RAWYAS,CEKHUY,0.9225803881673228
RAWYAS,GAVDUD,0.9194158395119152
RAWYAS,DOTSOV16,0.9193495304304474
RAWYAS,DOTSOV08,0.9193495018652572
RAWYAS,DOTSOV12,0.919349495106147
RAWYAS,DOTSOV10,0.9193479343287312
RAWYAS,WULJUJ,0.9189778185245068
RAWYAS,DIHVIB01,0.918900400435632
RAWYAS,YOZMEH,0.9188995464763592
RAWYAS,LUDLED,0.9188768308479784
RAWYAS,QAWHIH01,0.91628719828259
RAWYAS,QAWHIH,0.916204412775846
RAWYAS,LASYOU,0.8721183608808396
RAWYAS,BABREE,0.8637844089161897
RAWYAS,MIKVEK,0.8633125801075262
RAWYAS,ORAWAH,0.8597813640807833
RAWYAS,HOGLEV01,0.8429265174276601
RAWYAS,EXOGAB,0.8428792713596569
RAWYAS,HOGLEV,0.8428560544527806
RAWYAS,YUGLES,0.8404159156247265
RAWYAS,OFOCUI,0.8400454159723968
RAWYAS,NUTQAV,0.8398812823728437
RAWYAS,XIJSUH,0.8390071177447797
JOVYAW,MUDTAH,0.9734363718630696
JOVYAW,KEFBOO,0.9922633133579736
JOVYAW,UBUMAH,0.9422457282742934
JOVYAW,NANYUX01,0.9081600438310122
JOVYAW,REGREC,0.9080665570612184
JOVYAW,ULISOZ,0.90783263350458
JOVYAW,JEDVIA,0.907165813059392
JOVYAW,VEHJUP,0.9066693003788572
JOVYAW,BOWJAA,0.8946414783263557
JOVYAW,ZARLIP,0.8857020014968111
JOVYAW,ZARLEL,0.884875208640782
JOVYAW,DUZPUL,0.860474864735611
JOVYAW,QUQFEO,0.853523350280955
HEHROE,LAYXAN,0.9999998878602468
HEHROE,LAYXER,0.9997188751151046
HEHROE,BAZGAM,0.973024829075201
HEHROE,QOWRAV09,0.9528654423025918
HEHROE,QOWRAV11,0.9528528528828156
HEHROE,QOWRAV08,0.952827315358416
HEHROE,QOWRAV03,0.9527166773481168
HEHROE,QOWRAV02,0.9526999593059342
HEHROE,EXOGAB,0.9452966652191144
HEHROE,ORAWAH,0.9083924763451864
HEHROE,YUSWEP,0.9000595296615526
HEHROE,ENIHUG01,0.8839798515917351
HEHROE,NAPSUV,0.8813793714282412
HEHROE,MUNDOQ,0.8799277447635463
HEHROE,RUJMEQ,0.8756345651318629
HEHROE,HAYXIR,0.8746170491023126
HEHROE,NIGDIS,0.869119526092587
HEHROE,HIDTUM,0.8659177677803676
HEHROE,CEKHUY,0.8658064528236835
HEHROE,WURNOO,0.8650274698035894
HEHROE,SIXNEV,0.8628144862292849
HEHROE,SIXNOF,0.8627073856031743
HEHROE,SIXNIZ,0.8620206239945953
HEHROE,ASIVAB,0.8618754603189944
HEHROE,YIMQOD,0.8581536958059954
HEHROE,OHOMIH,0.855012358293299
HEHROE,WULJUJ,0.8508304877216128
HEHROE,DOTSOV16,0.8503805200500659
HEHROE,DOTSOV12,0.8503804799952629
HEHROE,DOTSOV08,0.8503804484988425
HEHROE,XAMDUM04,0.8495739393370991
HEHROE,XAMDUM03,0.8495333020243665
HEHROE,RILFEA,0.849377453576586
HEHROE,YOZMEH,0.8493348335335295
HEHROE,LUDLED,0.8492854066548516
HEHROE,YOZMIL,0.8491863367209327
HEHROE,DIHVIB,0.848937294745738
HEHROE,QAWHIH01,0.8445230469437317
HEHROE,WARXUL,0.8423000264513175
HEHROE,SIXNUL,0.8421789748050243
OXCFOR,DEFNIO,0.9984485073587652
DOTSOV03,DOTSOV21,0.9999999997285054
DOTSOV03,DOTSOV43,0.9999999937452642
DAXNIA,YANXIX02,0.999998750952808
DAXNIA,YUKVUW04,0.9999631918137204
DAXNIA,SANMEB,0.9998388065455972
DAXNIA,SIWQIA02,0.9997899302006968
DAXNIA,TEVZOK,0.9987084450170028
DAXNIA,ELUQIM08,0.9977851656083144
DAXNIA,ELUQIM07,0.9977662212139394
DAXNIA,ELUQIM06,0.997747619100141
DAXNIA,ELUQIM04,0.9977330100032435
DAXNIA,ELUQIM01,0.9977158966444654
DAXNIA,ELUQIM13,0.9976763499261372
DAXNIA,VERZUP,0.9974920657067602
AXOCEW,KAFTUI,0.99993447785207
AXOCEW,KAHMOW,0.9947831223234556
AXOCEW,XEGWAK,0.9947601705088108
AXOCEW,MIBQAR01,0.8691792801053264
AXOCEW,VEGMOK04,0.8683881703427816
AXOCEW,KOZNEU,0.8680687635047497
REGREC,ULISOZ,0.9999522539456176
REGREC,FUVBAB,0.9997686109159358
REGREC,VEHJUP,0.9993098974324746
REGREC,JEDVIA,0.997850699024228
REGREC,KUNLEL,0.9959263522168604
REGREC,YOZYUJ,0.9460744735287772
REGREC,DUZPUL,0.9441959679142912
REGREC,QUQFEO,0.9329486918809936
REGREC,QOPZIF,0.9195250619481984
REGREC,FUDGIW,0.9081808950178624
REGREC,DUNXUH15,0.8972939173749943
REGREC,EGIKUB01,0.8958988216159433
REGREC,DITTEH,0.8872977620122853
REGREC,BOWJAA,0.8871476787331165
REGREC,DOYHOQ,0.8772964034822037
REGREC,DOYHIK,0.8766229312834708
REGREC,NASROR,0.8764589927883548
REGREC,IFABIA,0.874873735860794
REGREC,MIBQAR01,0.8730900624247244
REGREC,NUFCAU,0.8703858148677313
REGREC,GEYLEE,0.8691410609819177
REGREC,UKOLUD,0.8686481904720189
REGREC,UBUMAH,0.8611370308616648
REGREC,SOWCOY01,0.8609964654578254
REGREC,ADUVAZ,0.8592373643146639
REGREC,WEHHIC,0.8535527763627043
REGREC,ALANAD,0.8532233339177117
REGREC,QAQSAD,0.8499816322881841
REGREC,MIMRAB01,0.849627856375921
REGREC,USAHAZ,0.8491014034988256
REGREC,FECYUJ,0.8485132857109292
REGREC,IDIXAU,0.848365406440282
REGREC,CIJLIT,0.8463683703088034
REGREC,REYCUV,0.842733421070064
REGREC,GUGNON,0.8399549485678719
REGREC,JAYXAL,0.8396665670557947
REGREC,NENHEU,0.839170318274861
SURKUN01,RUBTAK05,0.9999999999200232
SURKUN01,RUBTAK07,0.999999998888057
LUWZUZ02,NOMPIQ,0.8867611886444379
LUWZUZ02,NOMPOW,0.8866492024142314
LUWZUZ02,BEPRIZ,0.8865655500414484
LUWZUZ02,NERVEL,0.8841261160204212
LUWZUZ02,NERVIP,0.8839582305180347
LUWZUZ02,CAXZOS,0.8832494491308787
LUWZUZ02,DIDBAV,0.8829500836845766
LUWZUZ02,DIDBID,0.8824195480139453
LUWZUZ02,DIDBEZ,0.8823591194213446
LUWZUZ02,ERUNUC,0.8803335662535374
LUWZUZ02,HURGOR,0.8749718291161601
LUWZUZ02,DERBIO,0.8746197505836983
LUWZUZ02,FEXCAO01,0.8716645885960427
LUWZUZ02,AXINAX01,0.8424711907723506
LUWZUZ02,BUKLOJ,0.838438968784756
CIJBEE,VEDGIW,0.9999987255554994
CIJBEE,VEDFER,0.9999684070131794
CIJBEE,VEDFUH,0.9999644470189812
CIJBEE,CEYPUT01,0.999959845806026
CIJBEE,KEJWAY,0.9995539823191152
CIJBEE,LASMAV,0.9982773812846872
CIJBEE,ERUNOW,0.9229759589110634
CIJBEE,CAXZOS,0.9229726954708476
CIJBEE,DIDBEZ,0.9229493375614548
CIJBEE,DIDBID,0.9228729179905224
CIJBEE,JODGOA,0.8946563625192756
CIJBEE,FEVDER,0.8790776665622355
CIJBEE,AZIHOI,0.8786593643073914
CIJBEE,FUMJAZ01,0.8534807713374122
CIJBEE,FUMJAZ,0.8533178475731835
CIJBEE,NIDFOX,0.8528377319807763
CIJBEE,DIQHAO,0.8522285345548579
CIJBEE,XEVXUT,0.8515390634233303
CIJBEE,HURGOR,0.8443807245122006
CIJBEE,RAKBIO02,0.843746437843102
CIJBEE,RAKBIO,0.843739985339833
CIJBEE,NERVIP01,0.8436965301636714
CIJBEE,KOHLIE,0.842995011526053
CIJBEE,KOHDIW,0.8429164370181261
CIJBEE,WOPWOP,0.8427086171806727
CIJBEE,YIRSUQ,0.841662398981863
YIHZIA01,YIHZIA02,0.999858255598739
DADTOS18,YANWOC01,0.9999999994229712
DADTOS18,DIDVIW,0.9999999921038568
DADTOS18,DADTOS12,0.999999979300121
DADTOS18,DADTOS09,0.999999914431001
DADTOS18,DADTOS01,0.9999998304104132
DADTOS18,DADTOS11,0.9999998120389152
DADTOS18,DADTOS04,0.9999997788777616
DADTOS18,DADTOS,0.9999996570005
DADTOS18,YANWOC02,0.9999978833784582
DADTOS18,YANWOC,0.9999975999958164
DADTOS18,DADTOS14,0.9999898302479036
DADTOS18,DADTOS07,0.999986416505485
DADTOS18,REZJIR04,0.999984231221352
DADTOS18,DADTOS03,0.9999831876090068
DADTOS18,JEDKIP01,0.9999806883998767
DADTOS18,DADTOS15,0.9999687207588994
DADTOS18,REZJIR02,0.9999652812457308
DADTOS18,YUKTUU,0.999963844928184
DADTOS18,REZJIR03,0.9999593239100912
DADTOS18,PADJOU01,0.999932514345567
DADTOS18,PADJOU,0.9999289101877068
DADTOS18,LIJWOR06,0.9998966384630064
DADTOS18,LIJWOR01,0.9998808929153532
DADTOS18,IJOMOJ01,0.999828901274856
DADTOS18,QINSUD,0.9997883324652928
DADTOS18,SIWPUL04,0.9997880438830746
EDOSOI,NAPSUV,0.8893028491063217
EDOSOI,WURNOO,0.8386089281562518
EDOSOI,KAGJOS,0.8385198540537728
IXAKAU,IDUDES,0.9974501969814162
IXAKAU,IXAJUN,0.8801599125288779
IXAKAU,JALPAQ,0.8797536061754505
IXAKAU,QESBAR,0.8751588179107141
IXAKAU,MIKVEK,0.8594637716307335
IXAKAU,LASYOU,0.8586348102710557
IXAKAU,YIMQOD,0.8582961727518252
IXAKAU,ORAWAH,0.8460016917438704
XOGWUN,FONQAC,0.9124958760294286
XOGWUN,JUYJIY,0.898096389131096
XOGWUN,RUXWEM03,0.8851307019497526
XOGWUN,JUXZOT,0.8841955632068618
XOGWUN,JUXZIN,0.8838736000848074
XOGWUN,FALGIK,0.8823587784727056
XOGWUN,QEKLID,0.8559747626645757
XOGWUN,QEKLID01,0.8559074983004273
XOGWUN,NOLRIR,0.8544537453342061
XOGWUN,PIKYIU,0.851716403426942
XOGWUN,DELGIN,0.8501124368682913
XOGWUN,PIKYAM,0.8498833334678224
XOGWUN,AWEJIW,0.8493287120973435
NEHGIS,KOZNEU,0.9080048998312136
NEHGIS,IFABIA,0.9074931895459052
NEHGIS,VUSKEA,0.9048108015296596
NEHGIS,ROZXEL,0.8651469636660011
NEHGIS,BOLPAU,0.8604349318827116
BEXPAX,QEZZED,0.8440126792823192
BEXPAX,FAHQEN,0.8429564571792934
BEXPAX,DAFHID,0.8409229222816558
FAHQEN,OKELIB,0.9336711921592792
DARYIF,UVASAM,0.8959597033617104
DARYIF,IFABIA02,0.8850585353046138
DARYIF,IFABIA,0.8849479274015403
DARYIF,VEGMOK04,0.8848338384512298
DARYIF,KOZNEU,0.8846854725548671
DARYIF,VUSKEA,0.884332382328843
DARYIF,MIBQAR12,0.8842988211975726
DARYIF,MIBQAR01,0.8842644952128178
DARYIF,IQOJAB,0.873318432504705
DARYIF,ROZXEL,0.8433242304770783
DARYIF,PASGEX04,0.843212598746316
DARYIF,BOLPAU,0.8428980965624248
DARYIF,ODODIW,0.842724460334032
IGUTUB01,IGUVIR,0.9985984095579435
IGUTUB01,RIGHAR,0.9227734547029788
IGUTUB01,RUXWEM03,0.9216685782787484
IGUTUB01,RUXWEM01,0.921310737165196
IGUTUB01,CIKCOQ,0.909158148113631
IGUTUB01,DAPYAW,0.8857405701286785
IGUTUB01,PIKYIU,0.8856318737974705
IGUTUB01,PIKYAM,0.8822043543793299
IGUTUB01,XEFGUN01,0.877334943257974
IGUTUB01,KEPLID,0.8709068400134826
IGUTUB01,QEKLID,0.8628428584768266
IGUTUB01,QEKLID01,0.8627443661166148
IGUTUB01,JIYSUI,0.8589330867419123
IGUTUB01,AWEJIW,0.8545054467412185
IGAHED,IGAHED02,0.9999991902948676
IGAHED,OCACUR,0.9998680865047178
IGAHED,IGAHED03,0.9993569764592628
IGAHED,WINCEC,0.9946067972107232
IGAHED,NAVJAW01,0.8683069916027047
IGAHED,HABZEQ,0.8639475069758719
IGAHED,XEVSIB,0.8632179997932015
IGAHED,VOSSUT,0.8402039662381701
USAHAZ,QAQSAD,0.9995263776264662
USAHAZ,MIMRAB01,0.9975131299109724
USAHAZ,DIRPOL,0.919293604319436
USAHAZ,KOZNEU,0.8841486625425317
USAHAZ,VEGMOK04,0.883822085034619
USAHAZ,IFABIA,0.8832844891134093
USAHAZ,MIBQAR12,0.8795926273724444
USAHAZ,NENHEU,0.8715789853841853
USAHAZ,LOWQIX,0.8631590116309237
USAHAZ,AQOROP,0.8547474908833292
USAHAZ,NANYUX01,0.8499822696929145
USAHAZ,JEDVIA,0.8498371222532901
USAHAZ,FUVBAB,0.8498159340090522
USAHAZ,IJEXIF01,0.8474139650540418
USAHAZ,VEHJUP,0.8467815934836019
USAHAZ,AWEYAE,0.8429781317653894
USAHAZ,HUTZAX01,0.8422945887894943
USAHAZ,WUHNUK,0.8384836313747133
KEVBUK,LIDSEY,0.8864589146960603
KEVBUK,XOMCIN,0.8856210333723279
KEVBUK,FEVDIV,0.8845426677607702
KEVBUK,JAMSEY,0.8826809227827208
KEVBUK,UFATEA01,0.8598267982586322
KEVBUK,HOGSIG,0.8594949762375553
KEVBUK,ROGLOP,0.8594101075834711
KEVBUK,UFATEA,0.8511637017373791
KEVBUK,VEXTUO,0.8458751423794472
DAFHEZ,XADDOX,0.9999334671441168
DAFHEZ,MOXDEJ,0.9997541917018726
DAFHEZ,FILYEG,0.9997326156588656
DAFHEZ,COXFOL,0.9997222228835748
DAFHEZ,FILYAC,0.9993232807897546
DAFHEZ,ABAYOU,0.8938264673583382
DAFHEZ,FUMJAZ01,0.8654156910676987
DAFHEZ,XEVXUT,0.8638101816556477
DAFHEZ,XIHSAJ,0.8630499476877448
DAFHEZ,XIHSEN01,0.8628189395965591
DAFHEZ,XIHSEN,0.8626312158909288
DAFHEZ,VASYEW,0.8597935439245814
DAFHEZ,BUKLOJ,0.8592078468669941
DAFHEZ,FEYJOJ,0.8539550433874356
DAFHEZ,RAKBIO02,0.8539137645245809
DAFHEZ,RAKBIO,0.8539035183919823
DAFHEZ,RAKBIO01,0.8538528469085724
DAFHEZ,KESFIA,0.8512513743918393
DAFHEZ,HABZEQ,0.8438839085155725
DAFHEZ,XEVSIB01,0.8400781524815024
DAFHEZ,XEVSIB,0.8399818987561298
GIWMAD,CIFSIW,0.9989054848438508
GIWMAD,CIFSES,0.9982578457581868
GIWMAD,FOSTOY,0.997937168475612
GIWMAD,IYUHUG,0.9563391207318844
GIWMAD,WAQFAX,0.9563152578336642
GIWMAD,IFIPEV,0.9562957812106252
GIWMAD,FAHQEM,0.9555086408793708
GIWMAD,GALHUY,0.951736750140082
GIWMAD,FAHQIQ,0.9504558132694364
GIWMAD,MAYJOM,0.9077013942237014
GIWMAD,VACFOV,0.9075754184157336
GIWMAD,VACFOV01,0.9074640712832696
GIWMAD,VIFPUY02,0.9073626567498264
GIWMAD,VIFPUY03,0.907354989840434
GIWMAD,LOQLEJ,0.907354430510025
GIWMAD,VIFPUY01,0.9073483238663368
GIWMAD,MURBEI,0.8651341340387422
GIWMAD,MUQYEE,0.8650303496674727
GIWMAD,TONKEN,0.86492779448162
GIWMAD,OTEGOL01,0.8642987895664234
GIWMAD,OWIHUZ,0.8642966764545119
GIWMAD,OWIJAH,0.8642869224421328
GIWMAD,OWIHOT,0.8642477860659762
GIWMAD,OWIJIP,0.8642343190359651
GIWMAD,LEPTUY,0.8515382115682063
GIWMAD,TIRFOQ,0.8410836697844302
GIWMAD,IYUHIU,0.8401479611768736
GIWMAD,CUFFIT,0.8400413426793407
GIWMAD,CUFFOZ,0.840018552695765
GIWMAD,YAMXOC,0.8400176846925651
GIWMAD,CUFFEP,0.840016882988837
REFVEF,KUNLEL,0.8872841758925178
REFVEF,IJEXIF01,0.8857225796492738
REFVEF,ULISOZ,0.8844683977601747
REFVEF,NANYUX01,0.8805357065407253
REFVEF,DUZPUL,0.8463825337150571
YUKTUU06,YUKTUU05,0.9999999735347892
NAPZOV,NABLIM,0.9200241296020044
NAPZOV,CEHKUW,0.919481530196804
NAPZOV,PARKUQ,0.9181959387401716
NAPZOV,PARKUQ01,0.918187161132478
NAPZOV,MITSAK,0.9175601201695688
NAPZOV,FUMJAA,0.9169833225753428
NAPZOV,DUWBEE,0.8708900043435439
NAPZOV,QUQFOY,0.8632565063863527
NAPZOV,GERWOR,0.842947898597197
NAPZOV,MICJOA,0.8425518350229632
NAPZOV,LIQFEY,0.8422336228204625
NAPZOV,FESYEK,0.8405773446765044
JEGKEO,XINJEL,0.8393993760272136
HUTZAX01,AWEYAE,0.9990476267876784
HUTZAX01,WUHNUK,0.9982840929518064
HUTZAX01,HUVGEM,0.9422419155650044
HUTZAX01,XENMIO,0.9422360637382304
HUTZAX01,KOZNEU,0.9082325548328908
HUTZAX01,IFABIA,0.9079970144573798
HUTZAX01,IFABIA02,0.907810941634516
HUTZAX01,VUSKEA,0.9060367290284964
HUTZAX01,MIBQAR01,0.905914046278076
HUTZAX01,ROZXEL,0.8650390332047821
HUTZAX01,FUDGIW,0.8610982168569657
HUTZAX01,GAWMOJ,0.8607985475357967
HUTZAX01,TACJEO,0.8579322544179407
HUTZAX01,QAQSAD,0.8429739590244135
HUTZAX01,MIMRAB01,0.8423715543854096
HUTZAX01,IDIXAU,0.8416522353245817
HUTZAX01,FECYUJ,0.841108108562697
HUTZAX01,ARIDIQ,0.8399590524779068
IVEMAZ,DIWFAT,0.9999590168985816
IVEMAZ,YAQCEY,0.9992842691214512
IVEMAZ,LUSHOX04,0.8849673808551937
IVEMAZ,BOYTEQ,0.8509441571173733
IVEMAZ,VUQKAU02,0.8441110851232313
IVEMAZ,EXUMEP,0.839487711760321
IVEMAZ,GUPJEG01,0.8386894134810963
IVEMAZ,KAFPUE,0.8385908437116573
BEPRIZ,FEXCAO01,0.9583784566018018
BEPRIZ,AXINAX01,0.9172351156930608
BEPRIZ,DIBQOW,0.9137167237843752
BEPRIZ,HELDOT,0.9128817232148896
BEPRIZ,HURGOR,0.9030183904795556
BEPRIZ,DERBIO,0.9028462026089396
BEPRIZ,LUWZUZ,0.886542036510166
BEPRIZ,JODGIU,0.8861896599275298
BEPRIZ,DIDBEZ,0.8861636237430396
BEPRIZ,ERUNUC,0.8859824802547308
BEPRIZ,ERUNOW,0.8850260504227692
BEPRIZ,ABIWOX,0.8526941161622282
BEPRIZ,FEVDER,0.847757603320142
BEPRIZ,XALMII,0.844994429076174
BEPRIZ,SIDXOV,0.84257360973346
BEPRIZ,XAFFIV,0.8378434832288708
ERUNIQ,KEJWAY,0.9997614852347528
ERUNIQ,BOWDUO,0.9991204875879603
ERUNIQ,VEDFUH,0.999059352254672
ERUNIQ,BOWDOI,0.9990310551553544
ERUNIQ,VEDFAN,0.9990003990735428
ERUNIQ,VEDFER,0.9989476665489688
ERUNIQ,VEDGIW,0.998710111373986
ERUNIQ,VODNOS,0.998669949434632
ERUNIQ,OJOBAS,0.9984158102007706
ERUNIQ,CEYPUT,0.9984003262891792
ERUNIQ,CEYPUT01,0.9983089617320576
ERUNIQ,CAXZOS,0.9226358903441824
ERUNIQ,DIDBAV,0.9219368988229736
ERUNIQ,JODGIU,0.9217621491155756
ERUNIQ,DIDBEZ,0.9217427311795892
ERUNIQ,ERUNUC,0.9215331518041376
ERUNIQ,JODGOA,0.8905991650177064
ERUNIQ,AZIHOI,0.8791604485551232
ERUNIQ,FEVDER,0.8788094676438323
ERUNIQ,BAKJOO,0.8772722053184034
ERUNIQ,SIDXOV,0.8761227336138274
ERUNIQ,YATDOP,0.8579607551674884
ERUNIQ,NIDFOX,0.8578013980709354
ERUNIQ,DIQHAO,0.8574419669713469
ERUNIQ,FUMJAZ01,0.8556523177484537
ERUNIQ,XALMII,0.8547258940237652
ERUNIQ,WOPWOP,0.8440161720250204
ERUNIQ,NERVOV,0.8440133749773581
ERUNIQ,NERVIP,0.8439839126665873
ERUNIQ,FAZPIH,0.8439728169518963
ERUNIQ,YIRSUQ,0.8436756970482372
ERUNIQ,NERVIP01,0.8436490455458661
ERUNIQ,HURGOR,0.8425732645514684
ERUNIQ,DERBIO,0.8422986359043867
ERUNIQ,CANROA,0.8422444003389166
ERUNIQ,KOHDIW,0.8422179631682023
ERUNIQ,KOHLIE,0.8415589556949103
ERUNIQ,RAKBIO,0.8411962000890212
REGYOT,MOFGOE,0.8534604416851476
REGYOT,DOTSOV12,0.8399659377898223
REGYOT,DOTSOV16,0.8399659179911708
REGYOT,QIZLIW,0.8399486798948613
REGYOT,XAMDUM04,0.8397529724381796
REGYOT,XAMDUM03,0.839744298751351
REGYOT,EBAMUS,0.8397382923590349
REGYOT,YOZMEH,0.8396851198620905
REGYOT,LUDLED,0.8396699971768915
REGYOT,YOZMIL,0.8396392855291802
REGYOT,DIHVIB,0.8395593414894573
REGYOT,WULJUJ,0.8393781956067551
REGYOT,GAVDUD,0.8388069432690024
REGYOT,QAWHIH01,0.8376997489281377
RIFYAI,HIQKEZ,0.9999110226477016
RIFYAI,IZUKEV,0.9997139280713184
BOLPAU,ODODIW,0.9998512730442556
BOLPAU,XOQXIL,0.9627013699183904
BOLPAU,IFABIA02,0.9082136417169314
BOLPAU,VEGMOK04,0.9081077041147612
BOLPAU,KOZNEU,0.908055700052954
DADTOS01,DADTOS11,0.9999999995276724
DADTOS01,DADTOS04,0.99999999658552
DADTOS01,DADTOS05,0.9999999943180397
DADTOS01,DADTOS12,0.9999999282085614
DADTOS01,DIDVIW,0.999999895701576
DADTOS01,DADTOS13,0.9999979247823018
DADTOS01,DADTOS10,0.9999959565196174
DADTOS01,IJOMOJ03,0.9999942866903752
DADTOS01,DADTOS14,0.999992287151305
DADTOS01,DADTOS07,0.9999832114334096
DADTOS01,REZJIR04,0.9999807915423492
DADTOS01,DADTOS03,0.9999796564393518
DADTOS01,REZJIR02,0.9999699641753136
DADTOS01,DADTOS16,0.999951966801406
DADTOS01,PADJOU01,0.9999390882936527
DADTOS01,PADJOU,0.9999345198114687
DADTOS01,LIJWOR02,0.9999072349304888
DADTOS01,LIJWOR06,0.9999048416111505
DADTOS01,LIJWOR01,0.999886384178892
DADTOS01,LIJWOR05,0.9998567383252638
DADTOS01,IJOMOJ01,0.9998395032494868
DADTOS01,NURGUE,0.9998071873016215
DADTOS01,QINSUD,0.9998001379835012
DADTOS01,SIWPUL04,0.9997998611141066
DADTOS01,IQEWOQ,0.9987033573535746
RUBTAK05,UFOSEQ,0.9999999953829172
RUBTAK05,SURHEU02,0.9999999892319752
RUBTAK05,UFOSOA,0.9999999774996936
RUBTAK05,WIZMAV12,0.9469559641715656
RUBTAK05,WIZMAV10,0.9469457628054224
RUBTAK05,WIZMAV,0.9469440858502528
RUBTAK05,WIZMAV04,0.9469416359681296
RUBTAK05,WIZMAV08,0.9469415258910728
RUBTAK05,WIZMAV05,0.9469373173336966
RUBTAK05,ERANAO,0.9367937279558108
RUBTAK05,RUKDIM,0.907575619273668
RUBTAK05,HERHAQ,0.9066147868446408
RUBTAK05,GERBEN,0.9059148463886184
RUBTAK05,WUPTUY01,0.9049554912911656
RUBTAK05,WUPTUY,0.9045728853201644
RUBTAK05,GAYXEM,0.9031452292761928
RUBTAK05,VIKROZ,0.8778752205876178
RUBTAK05,VIKRIT,0.8776532285777179
RUBTAK05,YEYCUC,0.8771508157008242
RUBTAK05,UNEJEE,0.8749171904677403
RUBTAK05,BOHWUS,0.8725178444953345
RUBTAK05,HERHUK,0.8573204594986239
NIKHAS,ROZXEL,0.9041395634683056
NIKHAS,DUPKAC,0.8877188679966689
NIKHAS,KOZNEU,0.8871343586464282
NIKHAS,IFABIA,0.8866899179794103
NIKHAS,VUSKEA,0.8841903831353221
NIKHAS,YICQOS,0.8694173439354422
NIKHAS,UYAPOA,0.8614163267733707
NIKHAS,QEDZEG,0.85857190292351
NIKHAS,XAFFAN,0.8413322305858096
NIKHAS,RUTNOK,0.8407353818054097
GEQQIF,ADEGIA01,0.8384223825819852
GEQQIF,ATIKAP,0.8380729730076599
GEQQIF,ADEGIA,0.8380421254216377
FEQXAB,GEVXIQ,0.9996641306224082
FEQXAB,AFOJIO,0.9993634735509528
FEQXAB,NATRAD,0.9950173867512982
FEQXAB,RIQVUJ,0.8716523766008489
FEQXAB,HOGQIF,0.8383361757033053
WUNTAB,WUNVAD,0.9999995194307756
WUNTAB,OKIVAG,0.999996446589783
WUNTAB,OKIYIR,0.9999964238331914
WUNTAB,OKIYIR01,0.9999962452756108
WUNTAB,OKIYAJ01,0.9999953594404732
WUNTAB,YINNUH,0.9999936909365812
OKIVAG,OKIYIR,0.9999999941179164
OKIVAG,OKIWEL,0.9999999842766194
OKIVAG,ITIWIS,0.9999996568804844
OKIVAG,WUNVAD,0.999998541285656
OKIVAG,WUNSII,0.9999919676795406
OKIVAG,WUNSEE01,0.9999600750939368
YOZMEH,RILFEA,0.9999999189515848
YOZMEH,YOZMIL,0.9999988923949092
YOZMEH,DIHVIB,0.9999932073303752
YOZMEH,DOTSOV10,0.9999468244533456
YOZMEH,DOTSOV08,0.9999464017900946
YOZMEH,DOTSOV12,0.9999463824194484
YOZMEH,QAWHIH,0.999219891409077
YOZMEH,QIZLIW,0.9984870091942484
YOZMEH,GAVDUD,0.996375084343686
YOZMEH,LASYOU,0.9465398862317502
YOZMEH,DALSOA,0.9329904952329494
YOZMEH,ORAWAH,0.9321678053861998
YOZMEH,BABREE,0.9321091829432292
YOZMEH,MIKVEK,0.9298349603639108
YOZMEH,CITXUZ,0.9184484011285176
YOZMEH,EXOGAB,0.9076880982681164
YOZMEH,OFOCUI,0.9076663176991848
YOZMEH,HOGLEV01,0.9075713361370108
YOZMEH,XIJSUH,0.9074180808908234
YOZMEH,MOCKAR,0.9074127965100764
YOZMEH,PIDRAY,0.8998748361224858
YOZMEH,HUCBOX01,0.8972482344480817
YOZMEH,RAHBOU,0.8969533951831479
YOZMEH,GIKMOD01,0.8930534654477301
YOZMEH,RUVKAV,0.8870308761529004
YOZMEH,LUDLAZ,0.8860673848584247
YOZMEH,ADONEP,0.8844641832270347
YOZMEH,ANUGOG,0.877931348577933
YOZMEH,CEKHUY,0.8739887559041529
YOZMEH,HIDTUM,0.8732353415882147
YOZMEH,LAQNID,0.8691048411304454
YOZMEH,KIRFOI,0.8658197498953404
YOZMEH,IWEQAD,0.861083328546908
YOZMEH,NIGDIS,0.8609791994660443
YOZMEH,TOVWAE,0.8608595386687715
YOZMEH,OGEBAF,0.8587204317698814
YOZMEH,FAMQES,0.8535307423347827
YOZMEH,EPISOM,0.8525792354376822
YOZMEH,LAYXER,0.8515739887650442
YOZMEH,MAVRAE,0.851303017491154
YOZMEH,LAYXAN,0.8493846980918132
YOZMEH,SEMNIJ,0.8395931196935205
YOZMEH,ENIHUG,0.8389209070648713
YOZMEH,HUJGEA,0.8389098517369685
YOZMEH,BAZGAM,0.8378777363669729
PARNON,PARNIH,0.9999809856260096
PARNON,XOPLOE,0.999594017680749
PARNON,YAVYAW02,0.9948234528741984
PARNON,GOXZIE,0.993228796526052
DERBIO,HURGOR,0.9999903232513792
DERBIO,DIBQIQ,0.9564186453892032
DERBIO,AXINAX01,0.9563683060065558
DERBIO,HELDOT,0.9548755291591474
DERBIO,FISQEG,0.931514386102277
DERBIO,XUDVAV,0.9259799084315372
DERBIO,ERUNUC,0.9225689874291724
DERBIO,ERUNOW,0.9224530685976966
DERBIO,DIDBEZ,0.9219709298003428
DERBIO,XAFFIV,0.9217879909182553
DERBIO,CAXZOS,0.92177334474503
DERBIO,NOMPOW,0.9023312191701878
DERBIO,NOMPIQ,0.9020706760689036
DERBIO,RUYGAV,0.8857041956339534
DERBIO,CAQKAJ01,0.8853120312310594
DERBIO,CAQKAJ,0.8852082225419731
DERBIO,TAHYUZ,0.885191169382766
DERBIO,HALVEY,0.8850392215903037
DERBIO,FEXCAO01,0.8848621771644155
DERBIO,HAJYAV,0.8817871502130781
DERBIO,LUWZUZ01,0.8748300589532955
DERBIO,CUWNIT,0.8651058969827746
DERBIO,XAMGUQ,0.8650999585101959
DERBIO,KOHLIE,0.865081372612585
DERBIO,VEFMAW,0.864846292559166
DERBIO,KOHDIW,0.8648065895068664
DERBIO,ONOCUR,0.8612588473447405
DERBIO,YATDOP,0.8595921159199444
DERBIO,XALMOO,0.8587872617982584
DERBIO,XALMII,0.8587750854969132
DERBIO,GEPBEK,0.8572596115325952
DERBIO,NIDFOX,0.8504049524766004
DERBIO,CEYPUT,0.844385782708011
DERBIO,OJOBAS,0.8443834004942373
DERBIO,CEYPUT01,0.8443683901862027
DERBIO,VEDGES,0.8443264696435702
DERBIO,VEDGIW,0.8443191294778767
DERBIO,VEDFER,0.8442132233474593
DERBIO,VEDFAN,0.8442130774665192
DERBIO,BOWDOI,0.8441979921887304
DERBIO,AHETAK,0.8441383441864346
DERBIO,KEJWAY,0.8434825389991498
DERBIO,TATSIS01,0.8427929676328096
DERBIO,TATSIS,0.8425901620992711
DERBIO,XIHSAJ,0.8422477523840349
DERBIO,XIHSEN01,0.8418776932300257
DERBIO,LASMAV,0.8418183722305496
DERBIO,XIHSEN,0.8415701207107359
LASYOU,ORAWAH,0.9840945002707056
LASYOU,QAWHIH01,0.9471932803229786
LASYOU,QAWHIH,0.947190642269521
LASYOU,YOZMIL,0.9465922168293996
LASYOU,LUDLED,0.9465566222351044
LASYOU,RILFEA,0.9465252291363158
LASYOU,XAMDUM03,0.9464698962245316
LASYOU,XAMDUM04,0.9464666210838772
LASYOU,DOTSOV10,0.9461135157326588
LASYOU,DOTSOV12,0.9461124146191484
LASYOU,WULJUJ,0.9447926595364476
LASYOU,QIZLIW,0.9430427035996614
LASYOU,YOZNOS,0.9409110850668512
LASYOU,GAVDUD,0.9398566846652464
LASYOU,OHOMIH,0.936401807154323
LASYOU,ANUGOG,0.921575610879088
LASYOU,NEMCOA,0.9154888539850676
LASYOU,CEKHUY,0.9147315741104992
LASYOU,LAQNID,0.9113516016961648
LASYOU,KIRFOI,0.9057418867368824
LASYOU,NIGDIS,0.9022747294819904
LASYOU,JALPAQ,0.8972896944533522
LASYOU,LAYXER,0.8970349640958373
LASYOU,EDOSEY,0.8950834682933126
LASYOU,NAPSUV,0.8948743908509413
LASYOU,FAMQAO,0.8947231809016349
LASYOU,BABREE,0.884184927174378
LASYOU,ENIHUG01,0.8797541780643627
LASYOU,YIMQOD,0.8793521938740981
LASYOU,HUJGEA,0.876921412249733
LASYOU,IWEVAJ,0.8736630485924457
LASYOU,IDUDES,0.8679946805819339
LASYOU,XIJSUH,0.8651213513111806
LASYOU,NUTQAV,0.8651139711141169
LASYOU,BAZFUF01,0.8650825393185967
LASYOU,YUGLES,0.8650465850315647
LASYOU,QOWRAV11,0.8629766835876554
LASYOU,QOWRAV02,0.8629271039511569
LASYOU,HOGLEV,0.8628140416592001
LASYOU,BAZGAM,0.8600358557781533
LASYOU,ALIXUP,0.8519723941036623
LASYOU,PIDRAY,0.8514756274258782
LASYOU,FISGOF,0.8464178083561059
LASYOU,ADASEF,0.845806576298574
LASYOU,PAFZEE,0.8437154597646561
LASYOU,LUDLAZ,0.8427132227615539
LASYOU,ADONEP,0.8423521800443573
WARXUL,MIKVEK,0.9080390918144768
WARXUL,ORAWAH,0.8984156619004098
WARXUL,HIDTUM,0.8786177104112777
WARXUL,HUJGEA,0.8784875858347341
WARXUL,EXOGAB,0.8586581987825019
WARXUL,CEKHUY,0.8562937962717262
WARXUL,OHOMIH,0.8534834453600679
WARXUL,GAVDUD,0.8534503228311285
WARXUL,ANUGOG,0.8521794606326383
WARXUL,DOTSOV12,0.8495834778697917
WARXUL,DOTSOV10,0.8495798284952962
WARXUL,EBAMUS,0.8491153701541312
WARXUL,XAMDUM04,0.8488340849279895
WARXUL,RILFEA,0.8486516212819105
WARXUL,DIHVIB01,0.8486136365396613
WARXUL,LUDLED,0.8485657650027595
WARXUL,DIHVIB,0.8482406124387578
WARXUL,KIRFOI,0.8480215174508214
WARXUL,QAWHIH01,0.8440727319053469
WARXUL,QAWHIH,0.8439429298289456
WARXUL,LAYXER,0.8421916967918152
WARXUL,ANUGEW,0.8419162291402926
WARXUL,LUDLAZ,0.8410806253830903
HEBNAF,WEMWAP,0.846271927669292
YIHZIA02,EKUNON01,0.8909680840238504
YIHZIA02,EKUNON,0.8909326849250933
YIHZIA02,EKUNON02,0.8908875025431328
YIHZIA02,FONQAC,0.8470670004172471
YIHZIA02,XEFGUN01,0.8382979608528023
XUYYIA,EJINIV,0.9998497827613604
XUYYIA,QIQTOB,0.9335788930995272
XUYYIA,FAHQIR,0.9335225516783036
XUYYIA,HABZEQ,0.9099231106587268
XUYYIA,XEVSIB01,0.9096645789447132
XUYYIA,XEVSIB,0.9096242224405978
XUYYIA,HAJYAV,0.881371110426343
XUYYIA,CAQKAJ01,0.8776783468103029
XUYYIA,CAQKAJ,0.8768717090819294
XUYYIA,YIPFIO,0.8658504740860571
XUYYIA,BUKLOJ,0.8550097256140561
XUYYIA,XIHSEN,0.8525043763501465
XUYYIA,XIHSEN01,0.8524824225828069
XUYYIA,VOSSUT,0.8425727391521262
XUYYIA,YIRSUQ,0.8380609612992618
UYAPOA,VOLRAQ,0.999539266734325
UYAPOA,DUPKAC,0.9356291929207377
UYAPOA,MIBQAR01,0.9070315475986916
UYAPOA,IFABIA,0.9041644916564056
UYAPOA,VEGMOK04,0.9033143673300414
UYAPOA,OKELOH,0.8703461599433205
UYAPOA,YICQOS,0.8676199659923406
UYAPOA,DUZPUL,0.8644367629459906
UYAPOA,YOZYUJ,0.8537479601404998
UYAPOA,JEDDII,0.8506442434083379
UYAPOA,PICCUC,0.8489715243634138
UYAPOA,VANHEA,0.8489343987099455
UYAPOA,EJIQIZ,0.840812881426001
UYAPOA,MIMRAB01,0.8400089397761124
UYAPOA,VEHJUP,0.8377224563388754
BAHGUN01,BAHGUN,0.9999996646884012
BAHGUN01,HAWZEM,0.9999994531573582
BAHGUN01,BAHGUN03,0.9999978393112656
BAHGUN01,BAHGUN04,0.9999953670648348
BAHGUN01,BAHGUN02,0.9999361318467485
BAHGUN01,QERZUI01,0.999927879334844
BAHGUN01,UFUNAK,0.999828663366764
BAHGUN01,UFUMUD,0.9997923015765
BAHGUN01,UFUNIS,0.9997365374473732
BAHGUN01,UGEPEB,0.999572670143128
BAHGUN01,KAKTIA01,0.999403057108086
BAHGUN01,POFDEV,0.9993005970024376
BAHGUN01,IPINAY,0.9988556707919188
BAHGUN01,VOJPUG01,0.9988301973475282
BAHGUN01,POFFAT,0.9979441238389244
BAHGUN01,WURNOO,0.923125541642168
BAHGUN01,KAGJOS,0.9229226847856372
BAHGUN01,ICAGOK,0.9218786913313288
BAHGUN01,IXAJUN,0.8792900057486656
BAHGUN01,NAPSUV,0.8667650828388496
BAHGUN01,SOZHOG,0.8666792604805003
BAHGUN01,IDUSIM,0.8665995037572579
BAHGUN01,UNACES,0.8665642489401522
BAHGUN01,UNACIW,0.8665508071488358
BAHGUN01,IDUSIM02,0.8665457691688531
BAHGUN01,UNABUH,0.8665384209560528
BAHGUN01,QESBAR,0.8435603610588606
WEHHOI,GAWMOJ,0.8955255422252242
WEHHOI,FUDGIW,0.8600675951657963
WEHHOI,VEHJUP,0.8535095050107921
WEHHOI,ULISOZ,0.8533908125717419
WEHHOI,ECUVEF,0.8518415410526758
WEHHOI,NANYUX01,0.8517896907482932
NANYUX01,JEDVIA,0.9994082435822932
NANYUX01,ULISOZ,0.9991402236312676
NANYUX01,IJEXIF01,0.9981671203644074
NANYUX01,KUNLEL,0.9926090695780692
NANYUX01,QUQFEO,0.9327985553081174
NANYUX01,QOPZIF,0.9179926180864508
NANYUX01,DUNXUH15,0.8971515822824927
NANYUX01,DUNXUH13,0.8971070454249912
NANYUX01,EGIKUB01,0.8940151155859286
NANYUX01,DITTEH,0.8868222969703007
NANYUX01,BOWJAA,0.8861574892399524
NANYUX01,DOYHIK,0.8777475375696747
NANYUX01,KOZNEU,0.8745225915941084
NANYUX01,IFABIA02,0.8736981812348261
NANYUX01,VUSKEA,0.8708155270410002
NANYUX01,MIBQAR12,0.8707348937535581
NANYUX01,MIBQAR01,0.8706479028886701
NANYUX01,UKOLUD,0.8692564270060186
NANYUX01,GEYLEE,0.8681280395571914
NANYUX01,SOWCOY01,0.8610559637241588
NANYUX01,SOWCOY,0.8608975836386417
NANYUX01,UBUMAH,0.8608330182528985
NANYUX01,ADUVAZ,0.8568231514291242
NANYUX01,LASMUP,0.8563884772506976
NANYUX01,ALANAD,0.851913280402807
NANYUX01,QAQSAD,0.849897583449586
NANYUX01,IDIXAU,0.8496974120400285
NANYUX01,MIMRAB01,0.8484240107659555
NANYUX01,FECYUJ,0.8466575661636773
NANYUX01,HIQNUS,0.8462402198383384
NANYUX01,CIJLIT,0.84557795276677
NANYUX01,HEZKIH,0.8443361121523699
NANYUX01,NENHEU,0.8401011480495886
NANYUX01,REYCUV,0.8395445598504443
NANYUX01,JAYXAL,0.839343299158346
MAVRAE,IDUSIM,0.9237956848664912
MAVRAE,IDUSIM02,0.9236668265794982
MAVRAE,UNABUH,0.9236510711077436
MAVRAE,IDUTIN,0.9235758102967716
MAVRAE,FAMQAO,0.9141963363634036
MAVRAE,FAMPUH,0.9140579538624088
MAVRAE,FAMQES,0.9139436432983984
MAVRAE,QIZLIW,0.8534783882730519
MAVRAE,OHOMIH,0.8525779332051657
MAVRAE,DOTSOV12,0.8519428896294303
MAVRAE,DOTSOV08,0.8519425424294156
MAVRAE,DOTSOV10,0.8519402254666298
MAVRAE,EBAMUS,0.8516279478058948
MAVRAE,XAMDUM04,0.851458500210899
MAVRAE,RILFEA,0.8513298728358157
MAVRAE,DIHVIB01,0.8513045679980742
MAVRAE,LUDLED,0.851271800193576
MAVRAE,YOZMIL,0.8512101695103873
MAVRAE,DIHVIB,0.8510497307144124
MAVRAE,QAWHIH,0.8478893221582653
MAVRAE,YOZNOS,0.8399277019166458
VEGXIQ01,AVILAT,0.9859231691901952
NERVEL,NERVOV,0.9999570435578596
NERVEL,WOPWOP,0.9999516996003938
NERVEL,CEJFOO,0.999517460867143
NERVEL,LUWZUZ01,0.8841823072982282
NERVEL,BIKMAL,0.8779187289208914
NERVEL,BIKMAL01,0.877856387903528
NERVEL,TATSIS,0.843971271599735
NERVEL,OCUGAX,0.8439706016116344
NERVEL,KEJWAY,0.8436868067248344
NERVEL,AHETAK,0.8430201757746352
NERVEL,BOWDUO,0.8429938254222866
NERVEL,VEDFUH,0.842928994086267
NERVEL,VEDFAN,0.8428751087806152
NERVEL,VEDFER,0.8428686439471801
NERVEL,VEDGES,0.8425498946339127
NERVEL,CEYPUT,0.84223999420781
YICKIH,EHAZAO,0.8850763673062307
IQOJAB,ROZXEL,0.8716254923975493
IQOJAB,GUGNON,0.8391020768205835
WEYQAU10,WEYQAU09,0.99999979542956
WEYQAU10,WEYQAU07,0.9999931355111328
WEYQAU10,WEYQAU06,0.9999860541680348
WEYQAU10,WEYQAU02,0.9999809639873004
WEYQAU10,WEYQAU01,0.999941484566102
WEYQAU10,WEYQAU16,0.999688175882707
WEYQAU10,SOBDOF,0.8845222727919558
WEYQAU10,BIYTOU,0.882731768848648
WEYQAU10,XUDSUK,0.8698021798615723
WEYQAU10,WACLEU,0.8428463002707278
SIXNEV,SIXNOF,0.8958321262635129
SIXNEV,ASIVAB,0.8957536941917287
SIXNEV,SIXNUL,0.8731882703579319
SIXNEV,ANUGEW,0.8646226276109364
SIXNEV,LAYXER,0.8641516499974269
SIXNEV,LAYXAN,0.8628464942858685
SIXNEV,BAZGAM,0.8601922680480025
SIXNEV,QOWRAV11,0.8510454377508049
SIXNEV,QOWRAV02,0.8509408455623235
SIXNEV,LIGQEA,0.8476453352237835
XAMDUM04,RILFEA,0.9999924734709192
XAMDUM04,DIHVIB01,0.9999921585495446
XAMDUM04,YOZMIL,0.99998905526876
XAMDUM04,DIHVIB,0.9999762414135024
XAMDUM04,DOTSOV12,0.9999627186572512
XAMDUM04,DOTSOV10,0.9999625782547968
XAMDUM04,DOTSOV08,0.9999622508765532
XAMDUM04,QAWHIH01,0.9991582391446135
XAMDUM04,QAWHIH,0.999119046484051
XAMDUM04,WULJUJ,0.9990793035962914
XAMDUM04,QIZLIW,0.9986073905255414
XAMDUM04,OHOMIH,0.9940876077496148
XAMDUM04,YOZNOS,0.992041461414516
XAMDUM04,DALSOA,0.93299875616694
XAMDUM04,CITXUZ,0.9185722607432604
XAMDUM04,YUGLES,0.9079162112368582
XAMDUM04,OFOCUI,0.9076812335828092
XAMDUM04,HOGLEV01,0.907648682168789
XAMDUM04,MOCKAR,0.9073091957670264
XAMDUM04,PIDRAY,0.9001657346767684
XAMDUM04,HUCBOX01,0.8972739711518453
XAMDUM04,HUCBOX,0.897107578600485
XAMDUM04,RAHBOU,0.8970130182156015
XAMDUM04,MOFGOE,0.8959716724805081
XAMDUM04,GIKMOD01,0.8932591044030999
XAMDUM04,LUDLAZ,0.886174198178346
XAMDUM04,ANUGOG,0.8779419537243858
XAMDUM04,DICKEH,0.877159190933729
XAMDUM04,NEMCOA,0.8747158328543556
XAMDUM04,CEKHUY,0.8741930688950105
XAMDUM04,HIDTUM,0.8734533619167903
XAMDUM04,KIRFOI,0.8660045599534206
XAMDUM04,IWEQAD,0.8611015481670312
XAMDUM04,OGEBAF,0.8588963424832904
XAMDUM04,JALPAQ,0.8583069072377029
XAMDUM04,XITYOP,0.8578064632683562
XAMDUM04,IXAJUN,0.8576648421343182
XAMDUM04,FAMQAO,0.8535328161493114
XAMDUM04,FAMPUH,0.8535202385789398
XAMDUM04,NAPSUV,0.853492305437161
XAMDUM04,EDOSEY,0.853359580509065
XAMDUM04,EPISOM,0.8527356646436755
XAMDUM04,ANUGEW,0.8526691024616884
XAMDUM04,LAYXER,0.8517596948628365
XAMDUM04,SEMNIJ,0.8395538722095034
XAMDUM04,HUJGEA,0.8389992367233476
XAMDUM04,BAZGAM,0.8381051500297552
IYUHIU,FEYDET,0.9997157839188217
IYUHIU,TIKXAN,0.9995632747865664
IYUHIU,YAMXOC,0.9995407388071528
IYUHIU,CUFFEP,0.999539462049932
IYUHIU,PEYVEV,0.9925755650100904
IYUHIU,MUQYEE,0.9468700808359568
IYUHIU,TONKEN,0.9467062940129808
IYUHIU,OWIHUZ,0.945855465514714
IYUHIU,OWIHIN,0.9458366932273018
IYUHIU,HIHNUJ,0.9458102018610914
IYUHIU,OWIHOT,0.9457939390969508
IYUHIU,MAYJOM,0.8740354356655857
IYUHIU,VACFOV,0.8738703464762175
IYUHIU,VACFOV01,0.8737273994623478
IYUHIU,VIFPUY05,0.8735963437813884
IYUHIU,VIFPUY01,0.8735811929588767
IYUHIU,TIRFOQ,0.8487614676584845
IYUHIU,CIFSIW,0.8395611256152975
IYUHIU,CIFSES,0.8390450518571275
IYUHIU,FOSTIS,0.8389927507500331
IYUHIU,FOSTOY,0.8387815255974209
IVOLOW,SAQCIZ,0.9999989896945484
IVOLOW,RUBZIY02,0.8961199996167553
IVOLOW,YAPQUC,0.8953559962040156
IVOLOW,XILBAW,0.8930285710741315
IVOLOW,LONHON,0.8861907603650819
IVOLOW,ERIQUS,0.8855735403055192
RUBZIY02,RUBZIY01,0.9999991808272494
RUBZIY02,YAPQUC,0.9990939461872396
RUBZIY02,FOMDAO01,0.9081703460497385
RUBZIY02,LACFOM,0.8960280594063911
RUBZIY02,YUNBOZ,0.8847182552796576
RUBZIY02,TUTQOP,0.8846976578064302
RUBZIY02,INICPB01,0.8842504108702783
RUBZIY02,POCMEA01,0.8839279069735299
RUBZIY02,POCMEA04,0.8837416937165621
RUBZIY02,POCMEA,0.8837383012824748
RUBZIY02,RUDRUE,0.8707224665344833
RUBZIY02,TEDZUZ,0.8641184499367585
RUBZIY02,HIFHIP,0.8604744986001729
RUBZIY02,HAPZUW,0.8588701684121397
RUBZIY02,FAHQUD,0.8507570758552068
UGUQOC,UMEXUF,0.9995912051034064
UGUQOC,AZIMIH,0.9980739336541252
UGUQOC,CIZQUZ,0.9946677689411068
UGUQOC,LIKFOB,0.98762039298001
UGUQOC,COKNAT,0.8726392697618147
UGUQOC,HIVSIQ,0.8605400613376556
UXEDOR,UXEDUX,0.999973824234762
QUQFEO,DUZPUL,0.9801657788443018
QUQFEO,ULISOZ,0.9327904394565776
QUQFEO,IJEXIF01,0.9322036769983904
QUQFEO,VEHJUP,0.9318387335401016
QUQFEO,JEDVIA,0.9315401116571635
QUQFEO,GUGNON,0.8829541789270627
QUQFEO,DOYHIK,0.8810613476837957
QUQFEO,UKOLUD,0.8728112827855781
QUQFEO,JAYXAL,0.8677011656633506
QUQFEO,YOGKOW,0.8635704997230442
QUQFEO,QOPZIF,0.8628047962339913
QUQFEO,ADUVAZ,0.8622194495138878
QUQFEO,FUDGIW,0.8535532945078153
QUQFEO,KEFBOO,0.8467442184913043
QUQFEO,DUNXUH15,0.8441232708866826
QUQFEO,DUNXUH13,0.8441058171800081
QUQFEO,LOWQIX,0.8437448332662134
QUQFEO,EGIKUB01,0.8421493197014573
SOWCOY01,SOWCOY,0.999961414529847
SOWCOY01,LASMUP,0.9964687779858422
SOWCOY01,FUVBAB,0.8611509274119424
SOWCOY01,IJEXIF01,0.8600599001422202
SOWCOY01,VEHJUP,0.8596405576318672
SOWCOY01,KUNLEL,0.8553127516834927
KOZNEU,VEGMOK04,0.9999753815548472
KOZNEU,IFABIA02,0.999687031567345
KOZNEU,MIBQAR12,0.9980914203662424
KOZNEU,MIBQAR01,0.998032559856932
KOZNEU,ROZXEL,0.94700560765846
KOZNEU,ODODIW,0.90823344315726
KOZNEU,GUGNON,0.9080166682600624
KOZNEU,AWEYAE,0.9070356686792932
KOZNEU,WUHNUK,0.906833233429743
KOZNEU,QEDZEG,0.8961036601685514
KOZNEU,JEDDII,0.8952295213571099
KOZNEU,DITTEH,0.8872981507677447
KOZNEU,UKOLOV,0.8872956626399449
KOZNEU,QAQSAD,0.8850004646252054
KOZNEU,MIMRAB01,0.8846115799038106
KOZNEU,FECYUJ,0.883475999496692
KOZNEU,IDIXAU,0.8834259160835172
KOZNEU,XOQXIL,0.8779611754860048
KOZNEU,ZARLIP,0.8775511146401272
KOZNEU,ULISOZ,0.8749427873214063
KOZNEU,FUVBAB,0.8747880595475019
KOZNEU,IJEXIF01,0.8745547301564032
KOZNEU,XEGWIS,0.8678669583034434
KOZNEU,KAHMOW,0.8678596703629567
KOZNEU,XEGXIT,0.867852814452795
KOZNEU,XEGWAK,0.8678470485039596
KOZNEU,ZAQXEX,0.8611534302939848
KOZNEU,UBUMAH,0.8611425304527355
KOZNEU,HUVGEM,0.860985239083223
KOZNEU,SIXWON,0.853009886492455
KOZNEU,TACJEO,0.8509770872489237
KOZNEU,NISCOJ,0.8461023821104634
AZIMIH,RIGTIL,0.999995201070495
AZIMIH,NATFAS,0.9993776522469476
AZIMIH,MUZHUL,0.9990278811370422
AZIMIH,FABFOF,0.9979827025558188
AZIMIH,LIKFOB,0.9954153636230364
AZIMIH,WOBHEB,0.8721927343872913
AZIMIH,COKNAT,0.8712572497984163
AZIMIH,WOBHIF03,0.8712220415065961
AZIMIH,HIVSIQ,0.8601422089550304
RILFEA,LUDLED,0.9999996235820084
RILFEA,XAMDUM03,0.999998896767706
RILFEA,YOZMIL,0.9999982522962096
RILFEA,DIHVIB,0.9999916423449524
RILFEA,DOTSOV10,0.9999508952095992
RILFEA,DOTSOV08,0.9999504890122088
RILFEA,DOTSOV16,0.9999504815872268
RILFEA,EBAMUS,0.9998310715738352
RILFEA,QAWHIH,0.999203920003384
RILFEA,WULJUJ,0.9989054950295508
RILFEA,QIZLIW,0.9985090423732764
RILFEA,BABREE,0.9321262013420878
RILFEA,MIKVEK,0.9298668251193508
RILFEA,IWEVAJ,0.9186850842600734
RILFEA,CITXUZ,0.9184713095996526
RILFEA,YUGLES,0.9079692950857898
RILFEA,OFOCUI,0.9076564374454285
RILFEA,HOGLEV01,0.9075860595403352
RILFEA,XIJSUH,0.907401608044294
RILFEA,MOCKAR,0.9073962716663188
RILFEA,ALIXUP,0.9003141608265972
RILFEA,PIDRAY,0.8999264214358107
RILFEA,HUCBOX01,0.8972541635112922
RILFEA,HUCBOX,0.8970130284302278
RILFEA,MOFGOE,0.8958926135684949
RILFEA,LUDLAZ,0.8860872559897859
RILFEA,PAFZEE,0.8850768693121105
RILFEA,EXAXAE,0.8821112951337504
RILFEA,ANUGOG,0.8779345444239959
RILFEA,DICKEH,0.8770854601533861
RILFEA,HIDTUM,0.873274231956026
RILFEA,LAQNID,0.8691121746309713
RILFEA,IWEQAD,0.8610881475905826
RILFEA,NIGDIS,0.8609866400371478
RILFEA,TOVWAE,0.8608496320826619
RILFEA,FAMQAO,0.8535468313612201
RILFEA,FAMPUH,0.8535378715197015
RILFEA,NAPSUV,0.8535164146401837
RILFEA,EPISOM,0.8525943757466997
RILFEA,LAYXER,0.8516072342754614
RILFEA,LAYXAN,0.849427132754051
RILFEA,ENIHUG,0.8389051188945846
WURKEB,SAMVIO,0.9926011330980404
WURKEB,COKNUN,0.8590499070873927
WURKEB,COKNUN02,0.8590238333129189
WURKEB,WACLEU,0.8490710354911015
WURKEB,LUSHOX04,0.8464639673132278
WURKEB,XUDSUK,0.8464461301390801
WURKEB,GELVEZ02,0.8427579415180629
PASGIB02,DECXUH,0.8763943109437007
PASGIB02,DECYES,0.8714237494877191
PASGIB02,LOWQIX,0.854592976530639
DOTSOV12,DOTSOV16,0.9999999895910618
DOTSOV12,DOTSOV08,0.9999999895820688
DOTSOV12,DOTSOV10,0.9999999887299842
DOTSOV12,XAMDUM03,0.9999641504140928
DOTSOV12,DIHVIB01,0.999946583705295
DOTSOV12,LUDLED,0.9999414594360472
DOTSOV12,DIHVIB,0.999901431271671
DOTSOV12,EBAMUS,0.9998482103723144
DOTSOV12,QIZLIW,0.9990024155132494
DOTSOV12,QAWHIH01,0.9988045541719208
DOTSOV12,QAWHIH,0.9987577825209768
DOTSOV12,DALSOA,0.9330058501948169
DOTSOV12,BABREE,0.9324954687109028
DOTSOV12,ORAWAH,0.9316891371176867
DOTSOV12,MIKVEK,0.9306041814878164
DOTSOV12,CITXUZ,0.9189862727925108
DOTSOV12,IWEVAJ,0.918723928187254
DOTSOV12,HOGLEV01,0.907898564630126
DOTSOV12,YUGLES,0.907684826549503
DOTSOV12,NUTQAV,0.9074210219294472
DOTSOV12,PIDRAY,0.9011515754947962
DOTSOV12,HUCBOX01,0.8973491648423305
DOTSOV12,RAHBOU,0.8971949269238696
DOTSOV12,MOFGOE,0.8962956398285148
DOTSOV12,LUDLAZ,0.8865270896246509
DOTSOV12,ADONEP,0.8846792749252533
DOTSOV12,ANUGOG,0.8779620062516051
DOTSOV12,DICKEH,0.8774529870945353
DOTSOV12,CEKHUY,0.8748556648642433
DOTSOV12,HIDTUM,0.8741849023352113
DOTSOV12,KIRFOI,0.8666245019643593
DOTSOV12,IWEQAD,0.8611556594120904
DOTSOV12,NIGDIS,0.8611194488324032
DOTSOV12,OGEBAF,0.8593862155530156
DOTSOV12,JALPAQ,0.8588849319309035
DOTSOV12,XITYOP,0.8584001124248877
DOTSOV12,IXAJUN,0.858306684497461
DOTSOV12,FAMQAO,0.8534613157369718
DOTSOV12,NAPSUV,0.8533813221479736
DOTSOV12,EDOSEY,0.8531776679733225
DOTSOV12,LAYXAN,0.8504255739267187
DOTSOV12,RUJMEQ,0.8464089804635971
DOTSOV12,SEMNIJ,0.8394006622394288
ODIXIK,ENITEB,0.9999987829458674
ODIXIK,ODIXAC,0.9995637777288116
ODIXIK,GOYLUB,0.90683634438093
ODIXIK,RUXWEM01,0.8649872359145307
ODIXIK,RUXWEM03,0.8648244197811423
ODIXIK,GERWOR,0.8609462456494399
ODIXIK,ROCZEQ,0.8414251943406995
ODIXIK,JIYSUI,0.841290698808996
XENMIO,HUVGEM,0.9999998531562851
XENMIO,AWEYAE,0.9418677220928372
XENMIO,WUHNUK,0.9397785372120872
XENMIO,VEGMOK04,0.8608191383518169
XENMIO,IFABIA,0.8605162854815853
XENMIO,VUSKEA,0.8579689614899253
XENMIO,MIBQAR01,0.8578221278071291
XENMIO,PEPHID,0.8414523445513407
POFDEV,KAKTIA01,0.9999579971668692
POFDEV,VOJPUG01,0.9999358298286294
POFDEV,UFUNAK,0.999791975073667
POFDEV,UFUMUD,0.9988674918236724
POFDEV,NIHDIU,0.9988353661509612
POFDEV,QERZUI01,0.99883030291165
POFDEV,UGEPEB01,0.9986189116782715
POFDEV,UGEPEB,0.9980695654846308
POFDEV,KAGJOS,0.9233242450390706
POFDEV,ICAGOK,0.9231880901734978
POFDEV,JALPAQ,0.8788780553600609
POFDEV,EDOSEY,0.8689460224599233
POFDEV,SOZHOG,0.8659783157823245
POFDEV,IDUSIM,0.865439865413884
POFDEV,IDUSIM01,0.8653757586669912
POFDEV,IDUSIM02,0.8652457470799556
POFDEV,IDUTIN,0.8651157854591094
XEGWAK,KAHMOW,0.9999998354489248
XEGWAK,VUSKEA,0.862759328901558
XEGWAK,MIBQAR12,0.8626594721476802
SADMOB,SETQEP,0.9999999925710824
SADMOB,XADCOW,0.9999955343481268
SADMOB,SETRAM,0.9999842243286334
SADMOB,SADMUH,0.9999685711358104
SADMOB,POJTUE,0.9999194431311438
SADMOB,POJTOY01,0.9997965804135132
SADMOB,XUDSIY,0.9905355729490032
SADMOB,NEHZAE,0.9818576966201776
SADMOB,PIJKUR,0.885289245024991
SADMOB,REZXOK,0.883989943298852
SADMOB,UFIHUP,0.8692411302451533
SADMOB,UFIKOM,0.869130671014263
SADMOB,UFIKIG,0.8690193492941974
SADMOB,TOVKEW,0.8518133425694376
SADMOB,TOVJIZ,0.8501583630188887
XAMDUM03,LUDLED,0.9999972316972292
XAMDUM03,YOZMIL,0.9999945010582854
XAMDUM03,DIHVIB,0.999984467272103
XAMDUM03,DOTSOV10,0.999964510309036
XAMDUM03,DOTSOV16,0.9999641585378274
XAMDUM03,EBAMUS,0.9998399373365991
XAMDUM03,QAWHIH01,0.99918237680779
XAMDUM03,QAWHIH,0.9991436030256862
XAMDUM03,WULJUJ,0.998940937478982
XAMDUM03,GAVDUD,0.9965334962304068
XAMDUM03,YOZNOS,0.9916840816220404
XAMDUM03,ORAWAH,0.932088494970064
XAMDUM03,MIKVEK,0.9299830914764802
XAMDUM03,CITXUZ,0.9185544158506932
XAMDUM03,HOGLEV,0.9077983031407768
XAMDUM03,EXOGAB,0.9077494395103232
XAMDUM03,NUTQAV,0.9077293908923711
XAMDUM03,HOGLEV01,0.907638973259798
XAMDUM03,OFOCUI,0.9076191383053412
XAMDUM03,MOCKAR,0.9073339165093454
XAMDUM03,ALIXUP,0.9004986931470417
XAMDUM03,HUCBOX01,0.8972746286073731
XAMDUM03,MOFGOE,0.8959590277052902
XAMDUM03,RUVKAV,0.8870727452801601
XAMDUM03,LUDLAZ,0.8861591595028908
XAMDUM03,ADONEP,0.8845112933343002
XAMDUM03,EXAXAE,0.8822242502275603
XAMDUM03,ANUGOG,0.8779449314505128
XAMDUM03,DICKEH,0.8771465805902386
XAMDUM03,NEMCOA,0.874685845112062
XAMDUM03,CEKHUY,0.8741546836824535
XAMDUM03,KIRFOI,0.8659743667803399
XAMDUM03,NIGDIS,0.861012750245999
XAMDUM03,TOVWAE,0.860811679029329
XAMDUM03,OGEBAF,0.8588497193495244
XAMDUM03,JALPAQ,0.8582800237286123
XAMDUM03,IXAJUN,0.8576338518894742
XAMDUM03,FAMQAO,0.8535403573178717
XAMDUM03,FAMQES,0.8535162554256159
XAMDUM03,EDOSEY,0.8533738828607751
XAMDUM03,LAYXER,0.8517284955540712
XAMDUM03,LAYXAN,0.8495822981681616
XAMDUM03,BAZFUF01,0.8398094676485085
XAMDUM03,SEMNIJ,0.8395660189739758
XAMDUM03,HUJGEA,0.8389822256738575
XAMDUM03,ENIHUG,0.8388454817038722
NOMPIQ,NOMPOW,0.9999889629134224
NOMPIQ,AXINAX01,0.9166474076814316
NOMPIQ,NIGPEA,0.9132422717664114
NOMPIQ,DIBQOW,0.9122011071646008
NOMPIQ,HELDOT,0.9112270565752232
NOMPIQ,HURGOR,0.9023171260068926
NOMPIQ,LUWZUZ,0.8867251653443434
NOMPIQ,CAXZOS,0.8861578222777946
NOMPIQ,DIDBEZ,0.8853656790998404
NOMPIQ,ERUNOW,0.8840044253779322
NOMPIQ,FISQEG,0.8729938475091974
NOMPIQ,XUDVAV,0.871187712591033
NOMPIQ,BUKLOJ,0.8608265488206048
NOMPIQ,ABIWOX,0.8534100722235478
NOMPIQ,XALMOO,0.848313029793554
NOMPIQ,AZIHOI,0.847778557619685
NOMPIQ,FEVDER,0.8475274506647692
NOMPIQ,YATDOP,0.8465711021359656
NOMPIQ,NIDFOX,0.8454908450601492
NOMPIQ,DIQHAO,0.8451002954498401
NOMPIQ,SIDXOV,0.8441095973419042
NOMPIQ,XALMII,0.8435801652095611
NOMPIQ,EDAJUP,0.8409213890970675
CUJCIV,YIXFUI,0.9059461585844224
CUJCIV,BOJYIK,0.9052960407684194
CUJCIV,QACTUJ,0.905263942606927
CAXZOS,DIDBAV,0.999878546186992
CAXZOS,ERUNUC,0.999311468523295
CAXZOS,YATDOP,0.9245551126318524
CAXZOS,VEDFER,0.9231718347634604
CAXZOS,AHETAK,0.9230944613616676
CAXZOS,BOWDUO,0.9230873068173444
CAXZOS,VEDGES,0.9230075753007676
CAXZOS,VEDGIW,0.9229601348721894
CAXZOS,CEYPUT01,0.9229599991701098
CAXZOS,VODNOS,0.9229359344398296
CAXZOS,CEYPUT,0.9228350231682
CAXZOS,TATSIS,0.9228265883060568
CAXZOS,XALMII,0.9225091633644608
CAXZOS,HURGOR,0.921896740668352
CAXZOS,NIDFOX,0.9199551384796864
CAXZOS,FEVDER,0.9092579820648748
CAXZOS,BAKJOO,0.9087561307367004
CAXZOS,FUMJAZ01,0.8837517676214202
CAXZOS,NIGPEA,0.8830752781318226
CAXZOS,DIBQOW,0.8822991519309408
CAXZOS,HELDOT,0.8815468046238526
CAXZOS,FEXCAO01,0.87024609177645
CAXZOS,FISQEG,0.8654750419531337
AWEYAE,VEGMOK04,0.9066660409949228
AWEYAE,VUSKEA,0.9021994690686684
AWEYAE,MIBQAR12,0.90210323797929
AWEYAE,MIBQAR01,0.9019984482848304
AWEYAE,ROZXEL,0.8647317395270209
AWEYAE,FUDGIW,0.8603668947676132
AWEYAE,QAQSAD,0.842314758559022
AWEYAE,MIMRAB01,0.8400652133445531
AWEYAE,ARIDIQ,0.8387301278599184
AWEYAE,FECYUJ,0.8378214891707431
TORPUN,QACTUJ,0.9002437088900013
TORPUN,LAVTAF,0.8741104551999872
TORPUN,DAKZUN,0.8610870405835335
TORPUN,XISDIO,0.8601504230466177
JUXSIG,JUXSEC,0.9999999826746524
JUXSIG,VITZAB,0.998914686835332
JUXSIG,YICXIU,0.955727631832028
JUXSIG,LAVTAF,0.94717141561832
JUXSIG,UMIZIB,0.9035579027839632
JUXSIG,NEBYOK,0.8963887629176751
JUXSIG,DAKZUN,0.8651482519659957
JUXSIG,XISDIO,0.8639677914996835
JUXSIG,YENZEZ,0.8582236615796746
JUXSIG,IFUNUU,0.8537462088409928
JUXSIG,RAVDOJ,0.8528962983265396
JUXSIG,DUGDUG,0.851993672836599
JUXSIG,PAQMAY,0.8478109259423142
JUXSIG,OHIHOD,0.8448294972345889
JUXSIG,AYOZOF,0.8430934463192935
NENHEU,VEGMOK04,0.8728955241653802
NENHEU,IDIXAU,0.871497047877698
NENHEU,MIMRAB01,0.8689971583900826
NENHEU,VUSKEA,0.8686765873522739
NENHEU,MIBQAR12,0.8685842578305516
NENHEU,MIBQAR01,0.8684838477139142
NENHEU,FECYUJ,0.8668675417460715
NENHEU,JEDVIA,0.8400052949323324
NENHEU,FUVBAB,0.8399177990580995
NENHEU,ULISOZ,0.8386788072228469
FUVYOL,EDAJUP,0.8708093389074871
FUVYOL,NERVIP,0.8422276492575831
FUVYOL,CEJFOO,0.8419565940380236
FUVYOL,VOCKUT,0.8417139591155416
FUVYOL,WOPWOP,0.8417117077728147
FUVYOL,FAZPIH,0.8415793281975728
FUVYOL,NERVIP01,0.8395865008416477
OKELOH,DOYHIK,0.8945682097656011
OKELOH,DOYHOQ,0.8943875576049145
OKELOH,NUFCAU,0.8866506563387322
OKELOH,IRELAU,0.8834098011455748
OKELOH,YICQOS,0.8750156166070392
OKELOH,VEGMOK04,0.8691501484267303
OKELOH,MIBQAR12,0.8667882227090709
OKELOH,MIBQAR01,0.866721135885542
OKELOH,DITTEH,0.8575095604069335
OKELOH,JAYXAL,0.8553940950734521
OKELOH,DUPKAC,0.8469173763785531
OKELOH,MUSMAQ,0.8443447426546079
NIHDIU,QERZUI01,0.9999956649602618
NIHDIU,BAHGUN04,0.9999668986887714
NIHDIU,BAHGUN03,0.999956516485752
NIHDIU,QERZUI,0.9999532858218
NIHDIU,UGEPEB01,0.9999524124751112
NIHDIU,HAWZEM,0.9999283607040106
NIHDIU,UFUNIS,0.9999261565398668
NIHDIU,BAHGUN02,0.999922532695978
NIHDIU,UFUMUD,0.9998463878272966
NIHDIU,IPINAY,0.9982640010806748
NIHDIU,VOJPUG01,0.9982398318210326
NIHDIU,POFFAT,0.9971724662346791
NIHDIU,WURNOO,0.9228016808033034
NIHDIU,KAGJOS,0.9225689392748366
NIHDIU,ICAGOK,0.9212046006056273
NIHDIU,IXAJUN,0.8792139831740877
NIHDIU,UNACES,0.8666708220232989
NIHDIU,UNACIW,0.8666672492477221
NIHDIU,UNABUH,0.8666632449210039
NIHDIU,IDUTIN,0.866649875201788
NIHDIU,SOZHOG,0.866616645774456
NIHDIU,NAPSUV,0.8656510323140658
NIHDIU,QESBAR,0.8431640045613836
QERZUI,BAHGUN04,0.9999988230808278
QERZUI,HAWZEM,0.9999963044701574
QERZUI,BAHGUN02,0.9999494572384184
QERZUI,QERZUI01,0.999945987362389
QERZUI,UGEPEB01,0.9998632686236042
QERZUI,UFUMUD,0.99982027010975
QERZUI,UFUNAK,0.9997991295530012
QERZUI,UFUNIS,0.99977161429612
QERZUI,UGEPEB,0.9996203120368768
QERZUI,KAKTIA01,0.9993691157810106
QERZUI,IPINAY,0.998782073566342
QERZUI,VOJPUG01,0.9987650286010143
QERZUI,QIWQES,0.9929462095853928
QERZUI,WURNOO,0.9230884481524604
QERZUI,KAGJOS,0.9228956308856032
QERZUI,IXAJUN,0.8792859221513993
QERZUI,IDUSIM,0.8666166495682339
QERZUI,IDUSIM01,0.8665990237889483
QERZUI,UNACES,0.8665844676827843
QERZUI,UNABUH,0.8665617108667023
QERZUI,IDUTIN,0.866528936794596
QERZUI,EDOSEY,0.8657299119336963
QERZUI,QESBAR,0.8435130542172029
QERZUI,ENITAX,0.8423941887943625
YOZYUJ,DUZPUL,0.9921646686175724
YOZYUJ,IJEXIF01,0.944280209219783
YOZYUJ,VEHJUP,0.9436175542984588
YOZYUJ,DOYHIK,0.8943970067910683
YOZYUJ,DOYHOQ,0.8908605138923341
YOZYUJ,NASROR,0.8891554462758585
YOZYUJ,CIJLIT,0.8856827777194923
YOZYUJ,NUFCAU,0.879909152904963
YOZYUJ,JAYXAL,0.8788916338708421
YOZYUJ,YOGKOW,0.8730034483649587
YOZYUJ,QOPZIF,0.8724569413042041
YOZYUJ,FUDGIW,0.8644952685888916
YOZYUJ,DUNXUH15,0.8547505400040338
YOZYUJ,DUNXUH13,0.8546462695300934
YOZYUJ,VOLRAQ,0.8538984666674487
YOZYUJ,KEFBOO,0.8534749066761252
YOZYUJ,EGIKUB01,0.8507239799135399
SAXYOH,MAQZUB,0.9786526168658766
SAXYOH,XOYCET,0.9993832248255116
DADTOS,DADTOS04,0.9999999866742098
DADTOS,DADTOS11,0.9999999768604434
DADTOS,DADTOS09,0.9999999140678346
DADTOS,DADTOS12,0.9999998048227756
DADTOS,DADTOS02,0.9999997825576542
DADTOS,DIDVIW,0.9999997531878636
DADTOS,YANWOC01,0.999999635114882
DADTOS,YANWOC02,0.9999992443883146
DADTOS,DADTOS13,0.99999839542895
DADTOS,YANWOC,0.999995448159771
DADTOS,DADTOS10,0.9999952271380758
DADTOS,IJOMOJ03,0.999993436544648
DADTOS,DADTOS07,0.99998175658074
DADTOS,JEDKIP01,0.9999752024959532
DADTOS,DADTOS15,0.999974928423686
DADTOS,REZJIR02,0.9999718393584176
DADTOS,YUKTUU,0.9999705446264464
DADTOS,VIRJEM,0.9999549317608496
DADTOS,DADTOS16,0.999954346150142
DADTOS,PADJOU01,0.9999417623235928
DADTOS,PADJOU,0.9999367903381412
DADTOS,LIJWOR02,0.999910546308661
DADTOS,LIJWOR01,0.9998886081618664
DADTOS,LIJWOR05,0.9998608667147144
DADTOS,IJOMOJ01,0.9998438771263752
DADTOS,NURGUE,0.9998116189047402
DADTOS,SIWPUL04,0.9998047483069308
DADTOS,IQEWOQ,0.9986908523792069
AXINAX01,DIBQIQ,0.9998491036784452
AXINAX01,DIBQOW,0.9982883620325838
AXINAX01,HELDOT,0.9977274875774202
AXINAX01,HURGOR,0.9564094290024404
AXINAX01,FISQEG,0.9470573673415656
AXINAX01,XUDVAV,0.9422556265637564
AXINAX01,BUKLOJ,0.9056068670477356
AXINAX01,ERUNUC,0.8857297147600416
AXINAX01,ERUNOW,0.8853849823678361
AXINAX01,JODGIU,0.8853552412193019
AXINAX01,DIDBEZ,0.8852633537797256
AXINAX01,DIDBID,0.8851839034644686
AXINAX01,DIDBAV,0.8850503642966354
AXINAX01,XAFFIV,0.8844426165639075
AXINAX01,HALVEY,0.8768068844038521
AXINAX01,CAQKAJ01,0.8767143669995119
AXINAX01,CAQKAJ,0.8765072686873443
AXINAX01,FEXCAO01,0.8754153056758007
AXINAX01,HAJYAV,0.8742455834947553
AXINAX01,YATDOP,0.8719249480642619
AXINAX01,FEVDER,0.8683494517599114
AXINAX01,AZIHOI,0.8679012425752283
AXINAX01,NIDFOX,0.864333813807459
AXINAX01,VASYEW,0.8639266418634598
AXINAX01,FEYJOJ,0.8632467841047815
AXINAX01,KESFIA,0.8626164488180972
AXINAX01,SIDXOV,0.8597679500509164
AXINAX01,FAHQIR,0.8593850029277729
AXINAX01,QIQTOB,0.8590889540034206
AXINAX01,ONOCUR,0.8545295105146682
AXINAX01,XUBKOU,0.8426890268391379
AXINAX01,LUWZUZ01,0.8426556936156666
AXINAX01,LUWZUZ,0.8424489032621975
AXINAX01,XIHSAJ,0.8415169235117771
AXINAX01,XIHSEN01,0.8412097143966394
AXINAX01,XIHSEN,0.8409497480037895
XAMGUQ,CUWNIT,0.999996687541634
XAMGUQ,USAYOE,0.9963854867277304
XAMGUQ,GEPBEK,0.9908382939868984
XAMGUQ,BUKLOJ,0.9038283513957062
XAMGUQ,HURGOR,0.8650475805237559
XAMGUQ,FUDHAP,0.8610053982538062
XAMGUQ,FUDHET,0.8589806443138613
XAMGUQ,RUYGAV,0.8524653976452093
XAMGUQ,XIHSAJ,0.8401262707060289
XAMGUQ,XIHSEN01,0.8397046876400573
XAMGUQ,XIHSEN,0.8393554574052082
DUNXUH13,DUNXUH15,0.9999859999710918
DUNXUH13,ULISOZ,0.8971697572447148
DUNXUH13,IJEXIF01,0.8966252567938731
LASMUP,ZAQXEX,0.8891912723220255
LASMUP,XEKYOE,0.8773317446113411
LASMUP,KUNLEL,0.8608615265140989
LASMUP,VEHJUP,0.8607360862778201
LASMUP,ULISOZ,0.8595673555771198
LASMUP,FUVBAB,0.857322397051819
CUFFIT,TIKXAN,0.9999998603056024
CUFFIT,CUFFUF,0.9999995369352638
CUFFIT,CUFFOZ,0.9999992514665326
CUFFIT,YAMXOC,0.9999992100645352
CUFFIT,FEYDET,0.9999800030748964
CUFFIT,PEYVEV,0.9887121089034664
CUFFIT,OTEGOL01,0.9469483272148778
CUFFIT,MURBEI,0.9469367211988003
CUFFIT,OWIHOT,0.9469194824716196
CUFFIT,OWIJIP,0.9469117605467436
CUFFIT,XINTOG,0.924222538085169
CUFFIT,TIRFIK,0.8941461077656032
CUFFIT,MAYJOM,0.8748892817130527
CUFFIT,VACFOV,0.87482897936713
CUFFIT,VACFOV01,0.8747706954628766
CUFFIT,TIRFOQ,0.8468838515039002
CUFFIT,NEDLOZ,0.838889884785941
CUFFIT,CIFSIW,0.8380973448172434
FOSTOY,FOSTIS,0.9999896069353196
FOSTOY,CIFSIW,0.9998473483004946
FOSTOY,FAHQEM,0.9562100669111314
FOSTOY,FAHQIQ,0.95541001168961
FOSTOY,FIFGEI,0.9535839620417452
FOSTOY,IYUHUG,0.9533877473734412
FOSTOY,WAQFAX,0.9532597246698004
FOSTOY,IFIPEV,0.9531629002322148
FOSTOY,GALJAG,0.9508083481513634
FOSTOY,VIFPUY02,0.9026118852379188
FOSTOY,VIFPUY,0.9025953127811992
FOSTOY,VIFPUY03,0.9025926609609554
FOSTOY,XOMHIS,0.8829691046018481
FOSTOY,MURBEI,0.8634134598853411
FOSTOY,MUQYEE,0.8619846677175398
FOSTOY,TONKEN,0.8615213268993691
FOSTOY,OTEGOL01,0.8596030204634091
FOSTOY,OWIHUZ,0.8595976493639373
FOSTOY,OWIHIN,0.85955992466393
FOSTOY,HIHNUJ,0.859506907826663
FOSTOY,OWIHOT,0.8594744888720713
FOSTOY,OWIJIP,0.8594409243132495
FOSTOY,LEPTUY,0.8508367400088801
FOSTOY,TIRFOQ,0.8429479999455529
FOSTOY,PEYVEV,0.8377425944817408
AMIXUQ,MAPGUI,0.9999520134439503
AMIXUQ,VUDQOB,0.9999054682139622
AMIXUQ,VALVAI,0.9991264721536918
AMIXUQ,KIKMAV,0.9980168828345656
AMIXUQ,MAPGOC,0.9965989925660392
AMIXUQ,BICPUA,0.9036591942659
AMIXUQ,ATEZEG,0.9019682796959004
AMIXUQ,MAPHAP,0.8833947408701359
AMIXUQ,LAVTUZ,0.8645466962339138
VALVAI,HELNAQ,0.999991521921778
VALVAI,KIKMAV,0.9994664737272074
VALVAI,MAPGOC,0.9991596718309866
VALVAI,MAPGUI,0.998676834488444
VALVAI,ATEZEG,0.905764923242304
VALVAI,MAPHAP,0.8849447902615374
VALVAI,SADLIU,0.8695870366118702
ADAVEI,KEPNAX01,0.848040334998359
ADAVEI,KEPMUQ05,0.8480280968846738
ADAVEI,KEPMUQ,0.8480243934663605
JALPAQ,WURNOO,0.909413126723839
JALPAQ,KAGJOS,0.9092142121164412
JALPAQ,ICAGOK,0.9084618793987016
JALPAQ,MIKVEK,0.8909505846686215
JALPAQ,ORAWAH,0.8839242948989673
JALPAQ,IDUDES,0.8810659856127335
JALPAQ,HAWZEM,0.8792545296839669
JALPAQ,UFUNAK,0.8792500534442789
JALPAQ,BAHGUN,0.879242347672519
JALPAQ,BAHGUN03,0.8792257792946283
JALPAQ,UGEPEB01,0.8789180809129908
JALPAQ,UFUNIS,0.8787656194415296
JALPAQ,UGEPEB,0.8785616455907533
JALPAQ,YIMQOD,0.8783776818765943
JALPAQ,POFFAT,0.8777945072249036
JALPAQ,QIWQES,0.8734635252820883
JALPAQ,LAYXER,0.8729875287983341
JALPAQ,ANUGEW,0.8729780864197048
JALPAQ,GAVDUD,0.8611294137095586
JALPAQ,QIZLIW,0.8608978857198786
JALPAQ,OHOMIH,0.860596206578462
JALPAQ,WULJUJ,0.8589141707969729
JALPAQ,DOTSOV08,0.8588849577543092
JALPAQ,EBAMUS,0.8584879897165149
JALPAQ,DIHVIB01,0.8581368143665066
JALPAQ,LUDLED,0.8580993219697348
JALPAQ,YOZMIL,0.8580264849764988
JALPAQ,SOZHOG,0.8546060266559872
JALPAQ,IDUSIM01,0.8543695350231165
JALPAQ,UNACES,0.8543483762825839
JALPAQ,IDUSIM02,0.8543188382110879
JALPAQ,UNABUH,0.8543061262052385
JALPAQ,QAWHIH,0.8543056942984211
JALPAQ,NIGDIS,0.8460743860482924
JALPAQ,YOZNOS,0.8459268351761419
JALPAQ,ASUKEE01,0.8457473346496195
JALPAQ,LIRVAK,0.8455580201225806
JALPAQ,NEMCOA,0.8412486200425096
JALPAQ,CEKHUY,0.841194368127994
JALPAQ,HIDTUM,0.8410699428707313
JALPAQ,ENIHUG,0.8407918616799922
JALPAQ,ENIHUG01,0.8406910489832895
JALPAQ,BAZFUF01,0.8386290142415789
IGUTUB,IGUVIR,0.9999629336946771
IGUTUB,KEJBOQ,0.9227702220134576
IGUTUB,RUXWEM03,0.9225744650629488
IGUTUB,AVAQIX,0.9221781709407204
IGUTUB,ROCZEQ,0.9202308216579232
IGUTUB,ZASJAG,0.9196978084052592
IGUTUB,PIKYIU,0.8852731357605454
IGUTUB,DAPYAW,0.8850205371625515
IGUTUB,XEFGUN01,0.8779248505887769
IGUTUB,GOYLUB,0.8775291321075452
IGUTUB,KEPLID,0.86942271779779
IGUTUB,JIYSUI,0.863195430374168
IGUTUB,NOLRIR,0.8610783537974891
IGUTUB,AWEJIW,0.8601991932525402
IGUTUB,VOQBUZ,0.8601017986748142
DADTOS03,REZJIR04,0.9999998817343152
DADTOS03,JEDKIP01,0.999999858184404
DADTOS03,DADTOS07,0.999999686173366
DADTOS03,DADTOS10,0.9999936860320549
DADTOS03,YANWOC,0.9999934900395602
DADTOS03,DIDVIW,0.99998245418708
DADTOS03,DADTOS12,0.99998199211088
DADTOS03,DADTOS09,0.9999807150088108
DADTOS03,DADTOS04,0.9999791271196602
DADTOS03,YANWOC02,0.9999691842441568
DADTOS03,DADTOS13,0.9999646314780116
DADTOS03,REZJIR02,0.9999004337553684
DADTOS03,YUKTUU,0.9998979899825609
DADTOS03,REZJIR03,0.999890851723468
DADTOS03,DADTOS16,0.9998693192625868
DADTOS03,PADJOU01,0.9998493918780268
DADTOS03,LIJWOR01,0.9998146267911177
DADTOS03,LIJWOR02,0.9998010534904214
DADTOS03,LIJWOR06,0.9997968603282508
DADTOS03,LIJWOR05,0.9997286159454568
DADTOS03,IJOMOJ01,0.999705298379454
DADTOS03,NURGUE,0.9996758419932492
DADTOS03,IQEWOQ,0.999007445766374
CEXJUN,CEXJUN02,0.9999919543485742
CEXJUN,CEXJUN01,0.999990587469912
CEXJUN,PENLEB,0.8732800425904795
CEXJUN,QITZUP,0.8731593177342363
CEXJUN,FUSWIA,0.8636211796762931
CEXJUN,QONKUB,0.8634155417452134
CEXJUN,JAVNIE,0.8633260109838419
CEXJUN,QONLIQ,0.8633173718149927
CEXJUN,CISLUN,0.8632270559664038
CEXJUN,QONLEM,0.8632217023702928
CEXJUN,QONKOV,0.8631227856211695
CEXJUN,PIZHOX,0.8628829861142161
CEXJUN,QOMRUH,0.8627350941378688
CEXJUN,QOMSAO,0.8625615854855928
CEXJUN,VUQJEX,0.8624964299514953
CEXJUN,DEGJIK,0.862292102875764
CEXJUN,HOSPEL,0.8619832203083517
CEXJUN01,CEXJUN02,0.9999989259911508
CEXJUN01,QITZUP,0.8730062040207782
CEXJUN01,FUQJUX,0.8636348649183463
CEXJUN01,FUSWIA,0.8636313874867536
CEXJUN01,QONLIQ,0.8633591535401647
CEXJUN01,BUZKUE,0.8633064048535203
CEXJUN01,QONLEM,0.8632730182404291
CEXJUN01,CISLUN,0.8632647709490131
CEXJUN01,QONKOV,0.8631674722684839
CEXJUN01,PIZHOX,0.8629431989955617
CEXJUN01,QOMSAO,0.8626269053437496
CEXJUN01,VUQJEX01,0.8624547758514669
CEXJUN01,DEGJIK,0.8623827128470611
CEXJUN01,JAXNUU,0.8623544448407363
CEXJUN01,HOSPEL,0.8617260969773781
WEYQAU04,WEYQAU01,0.9999964312955802
BIYTAG,IJORUV,0.9956110385765368
BIYTAG,AWOFOI,0.872273320357433
YOGKOW,IDOJUJ,0.8636210721035068
YOGKOW,VEHJUP,0.8611524714162404
YOGKOW,ULISOZ,0.8606923517653511
YOGKOW,KUNLEL,0.8599032872959725
YOGKOW,DITTEH,0.8488428395113112
YOGKOW,EGIKUB01,0.8388077070843417
XEVXUT,FUMJAZ01,0.9984650033174578
XEVXUT,FUMJAZ,0.9983966344620446
XEVXUT,SIDXOV,0.908502691271518
XEVXUT,AZIHOI,0.9067153937439096
XEVXUT,FEVDER,0.9056176958919264
XEVXUT,TIDNIF,0.9026041394988576
XEVXUT,BAKJOO,0.90245766259232
XEVXUT,DIDBAV,0.8803354399293509
XEVXUT,DIDBID,0.8797130867645276
XEVXUT,ERUNUC,0.8789566652873099
XEVXUT,ERUNOW,0.8765788679969135
XEVXUT,FILYEG,0.8652076164147416
XEVXUT,XADDUD,0.8640161753239418
XEVXUT,XADDOX,0.8627384964085181
XEVXUT,COXFOL,0.8625050286981863
XEVXUT,FILYAC,0.8599349094535396
XEVXUT,LASMAV,0.8557961242495352
XEVXUT,TATSIS01,0.8548060851771921
XEVXUT,KEJWAY,0.8541307495213307
XEVXUT,BOWDUO,0.8524833197205113
XEVXUT,BOWDOI,0.8522889924363827
XEVXUT,VEDFAN,0.8522238364618087
XEVXUT,VEDFER,0.852126671811852
XEVXUT,VEDGIW,0.8516308350541917
XEVXUT,VODNOS,0.8515521488479159
XEVXUT,YIRSUQ,0.8513977942582704
XEVXUT,OJOBAS,0.8510623983333084
XEVXUT,CEYPUT,0.8510332989473438
XEVXUT,CEYPUT01,0.8508797032045016
XEVXUT,VASYEW,0.8508134603886357
XEVXUT,ABAVUV,0.8462111862549127
XEVXUT,NIDFOX,0.8457626162024275
XEVXUT,DIQHAO,0.8456506145928924
XEVXUT,XALMOO,0.843131824362973
XEVXUT,BIKMAL01,0.8389872878538045
XEVXUT,YATDOP,0.8389324636444104
XEVXUT,BIKMAL,0.8386316268762138
FEYJOJ,KESFOG,0.9912220792540252
FEYJOJ,ABAYOU,0.9466793457254294
FEYJOJ,VASYEW,0.9322692914050138
FEYJOJ,XUDVAV,0.9319745142706436
FEYJOJ,BAKJOO,0.9012241078277724
FEYJOJ,TIDNIF,0.9003237847566309
FEYJOJ,AZIHOI,0.8765727136380032
FEYJOJ,HUZJIW,0.8757283080401588
FEYJOJ,SIDXOV,0.8743062233188986
FEYJOJ,UFUKUB02,0.8741603781463713
FEYJOJ,UFUKUB03,0.8739777003394669
FEYJOJ,BIKMAL,0.8726717918372777
FEYJOJ,FUDHET,0.8649695691473832
FEYJOJ,ALIXID,0.8641951002559066
FEYJOJ,DIBQIQ,0.8620279292232912
FEYJOJ,EBIMEJ,0.8613702185961543
FEYJOJ,FUDHAP,0.8609873859439112
FEYJOJ,NIGPEA,0.859144084325075
FEYJOJ,DIBQOW,0.8579530492768295
FEYJOJ,HELDOT,0.8568514562618497
FEYJOJ,MOXDEJ,0.8547316338241481
FEYJOJ,FILYEG,0.8545301779736667
HEZKIH,WEHHIC,0.8691340808810326
HEZKIH,FUDGIW,0.8538465101225106
HEZKIH,ECUVEF,0.853272170819682
HEZKIH,KUNLEL,0.8528431875176622
HEZKIH,FAHMIM,0.8508825132132092
HEZKIH,VEHJUP,0.8508231280416202
HEZKIH,IJEXIF01,0.8502653897825253
HEZKIH,ULISOZ,0.8487304212108561
HEZKIH,FUVBAB,0.84546159679379
HEZKIH,JEDVIA,0.8391767715275844
XALMII,YATDOP,0.9993039091703028
XALMII,XALMOO,0.9967405155591084
XALMII,NIDFOX,0.9845718450559606
XALMII,DIQHAO,0.9837100220207514
XALMII,ERUNUC,0.9244884983643292
XALMII,JODGIU,0.9235419391014692
XALMII,BAKJOO,0.88631120051506
XALMII,FEVDER,0.8844127967856581
XALMII,AZIHOI,0.8831929689166564
XALMII,NIGPEA,0.8720266775303513
XALMII,DIBQOW,0.8720144562379627
XALMII,HELDOT,0.8719175755783977
XALMII,ABAVUV,0.8602453372027927
XALMII,CEYPUT01,0.8591180570462735
XALMII,OJOBAS,0.8590784754532724
XALMII,VEDGES,0.8588247155984657
XALMII,VEDGIW,0.8587914007329426
XALMII,VEDFER,0.8584702584854803
XALMII,VEDFUH,0.8583564170571025
XALMII,BOWDUO,0.8582661421288269
XALMII,AHETAK,0.8582286688701994
XALMII,KEJWAY,0.8567856745442425
XALMII,LASMAV,0.853966272779376
XALMII,FISQEG,0.8484126404829198
XALMII,NOMPOW,0.8440258951903823
XALMII,XUDVAV,0.8403399649406493
HERYOT,EDOWEC,0.847898063529188
RAHBOU,DOTSOV16,0.8971948793652293
RAHBOU,DOTSOV08,0.8971948657994623
RAHBOU,QIZLIW,0.8970078396803515
RAHBOU,YOZMIL,0.8969129341623661
RAHBOU,WULJUJ,0.8965612689491695
RAHBOU,GAVDUD,0.89575173235364
RAHBOU,QAWHIH01,0.8951138579728323
RAHBOU,QAWHIH,0.8950499865953166
RAHBOU,YOZNOS,0.88731146089748
RAHBOU,YAVYAW02,0.8510266295462462
RAHBOU,PARNIH,0.8484438067316569
RAHBOU,DALSOA,0.8438849041512683
RAHBOU,MIKVEK,0.8428071210482757
RAHBOU,ORAWAH,0.8417035885172611
WURNOO,KAGJOS,0.999842532647218
WURNOO,ICAGOK,0.9994984472117048
WURNOO,HAWZEM,0.923145601198568
WURNOO,IPINAY,0.9231116801528426
WURNOO,BAHGUN03,0.9230790459060778
WURNOO,VOJPUG01,0.9230726061718764
WURNOO,BAHGUN02,0.92294856271496
WURNOO,QERZUI01,0.9227753042502012
WURNOO,UFUMUD,0.9226536781301816
WURNOO,POFFAT,0.92258397356248
WURNOO,UFUNIS,0.9223243190581272
WURNOO,EDOSEY,0.9199168366043342
WURNOO,QIWQES,0.9190040720910414
WURNOO,IXAJUN,0.9092649784348694
WURNOO,BAZGAM,0.8854051493073312
WURNOO,BAZFUF01,0.8817265550865775
WURNOO,QOWRAV03,0.8720678274365963
WURNOO,QOWRAV02,0.8720544148250039
WURNOO,MUNDOQ,0.8707044110011914
WURNOO,HAYXIR,0.8690531576991382
WURNOO,LIGQEA,0.8682363596458188
WURNOO,ANUGEW,0.8659357637166859
WURNOO,LAYXER,0.8657714965571173
WURNOO,LAYXAN,0.8650477179065528
WURNOO,ASUKEE01,0.8617297351806976
WURNOO,FITSAD,0.8616891575007818
WURNOO,OJOQAF02,0.8609046571145779
WURNOO,RAGREY,0.8604317881225034
WURNOO,ANUGOG,0.855605978987219
EROJUS02,EROJUS06,0.9999909343314908
XEFGUN01,RUXWEM03,0.94718744615641
XEFGUN01,RUXWEM01,0.9471009990445356
XEFGUN01,FALGIK,0.9451126362476538
XEFGUN01,POKZOG,0.9082439994698792
XEFGUN01,ODIXAC,0.9082437059423468
XEFGUN01,AJAKON,0.9080596318780628
XEFGUN01,PIKYIU,0.9079944985425866
XEFGUN01,DAPYAW,0.9078125601580394
XEFGUN01,ENITEB,0.9076689528611585
XEFGUN01,RUGYOJ,0.9075846169163512
XEFGUN01,ESADUZ01,0.90654646743769
XEFGUN01,EVUDAA,0.9063902443058448
XEFGUN01,NOZZUZ,0.9063750362956412
XEFGUN01,WUHMOD,0.9060957519469184
XEFGUN01,BIJJOV,0.8970062412282911
XEFGUN01,QEKLID01,0.8862944349355093
XEFGUN01,RIGHAR,0.8850770031689377
XEFGUN01,AVAQIX,0.8842512261223584
XEFGUN01,JIYSUI,0.8838319247544133
XEFGUN01,NOLRIR,0.8832505222007988
XEFGUN01,ROCZEQ,0.8811571923040512
XEFGUN01,AWEJIW,0.8805465121953637
XEFGUN01,PIQQOX,0.8779525056248045
XEFGUN01,CEHKUW,0.8741783572044237
XEFGUN01,PARKUQ,0.8727193353875798
XEFGUN01,PARKUQ01,0.8727096257800318
XEFGUN01,MITSAK,0.8720265618735679
XEFGUN01,FUMJAA,0.8714021429143446
XEFGUN01,FELXOM,0.8684586882070122
XEFGUN01,JUXZOT,0.8678415220731812
XEFGUN01,XEQRAO,0.8649688825839006
XEFGUN01,EKUNON02,0.8642111889129404
XEFGUN01,ULOGIL,0.8642061320084404
XEFGUN01,YICRAF,0.8606538359067304
XEFGUN01,RUVBIV,0.8604952981381621
XEFGUN01,PENNAZ,0.859605868174823
XEFGUN01,MICCIM,0.8561611352019084
XEFGUN01,EREGOY,0.8532740299160462
XEFGUN01,FONQAC,0.851888950872177
XEFGUN01,EXEMUR,0.8514626618748115
XEFGUN01,XIRKAM,0.8383926548325544
SURLEY,UFOSOA,0.99999999637869
SURLEY,WIZMAV09,0.9469415190854892
SURLEY,WIZMAV,0.9469411293420232
SURLEY,WIZMAV11,0.9469400309852934
SURLEY,WIZMAV04,0.9469386660966423
SURLEY,WIZMAV08,0.9469385554205306
SURLEY,ERARUM,0.946909809242334
SURLEY,IXETEM,0.9082472319653913
SURLEY,RUKDIM,0.9075709550162514
SURLEY,HERHAQ,0.9066075299221174
SURLEY,EMIYUW,0.9050988105014824
SURLEY,HERHEU,0.9046228579967744
SURLEY,OXOLAP,0.9045886516203848
SURLEY,WUPTUY,0.9045620262704382
SURLEY,BUNLAZ,0.8982170144522844
SURLEY,IZIBUQ,0.8904845262673089
SURLEY,VIKSIU,0.8779371977716004
SURLEY,VIKROZ,0.8778769095128605
SURLEY,VIKRIT,0.8776563888630364
SURLEY,YEYCUC,0.8771559278273625
SURLEY,ESEBOV,0.875324235017162
SURLEY,UNEJEE,0.8749072957756728
WIZMAV11,WIZMAV,0.9999999988946988
WIZMAV11,HERHAQ,0.9558602967430632
WIZMAV11,GERBEN,0.9554190549898164
WIZMAV11,EMIYUW,0.9548630378902616
WIZMAV11,BUNLAZ,0.9494204195786796
WIZMAV11,UFOSEQ,0.9469407539284114
WIZMAV11,SURHEU02,0.9469395696271778
WIZMAV11,UFOSOA,0.9469380372961684
WIZMAV11,VIKSEQ,0.893934723862613
WIZMAV11,VIKSIU,0.8939318170753395
WIZMAV11,VIKROZ,0.8937348679353967
WIZMAV11,VIKRIT,0.8932437329823883
WIZMAV11,UNEJEE,0.8929008489362289
WIZMAV11,YEYCUC,0.8923845138619211
WIZMAV11,HICNUF,0.8788840376819437
WIZMAV11,HICNOZ,0.8785583364737173
WIZMAV11,HERHUK,0.8747864058437524
WIZMAV11,OXOLAP,0.8632124367544222
WIZMAV11,WUPTUY,0.8631930222104665
WIZMAV11,RIBSAZ,0.8531284164100403
LAQNID,ANUGOG,0.9419271551723076
LAQNID,ANUGEW,0.9276810183346608
LAQNID,LAYXER,0.9269657309832904
LAQNID,LAYXAN,0.9251982254210284
LAQNID,RUJMEQ,0.9050600270074552
LAQNID,BAZGAM,0.9006727220662911
LAQNID,ORAWAH,0.8979810020484957
LAQNID,QOWRAV11,0.8948047063970213
LAQNID,QOWRAV08,0.8947896909837646
LAQNID,QOWRAV02,0.8947147066007306
LAQNID,EDOSEY,0.8910455349459389
LAQNID,NIGDIS,0.8778671759567953
LAQNID,IXAJUN,0.875595383470094
LAQNID,ENIHUG,0.8746591089970679
LAQNID,YIMQOD,0.8728515099997713
LAQNID,FISGOF,0.8692729190360977
LAQNID,DOTSOV16,0.8692419459736804
LAQNID,DOTSOV08,0.8692419399573739
LAQNID,EBAMUS,0.869058907143011
LAQNID,QIZLIW,0.8686043831741003
LAQNID,WULJUJ,0.8684490987273744
LAQNID,QAWHIH01,0.8676527868462753
LAQNID,QAWHIH,0.8675984080531843
LAQNID,OHOMIH,0.8649742772260522
LAQNID,YOZNOS,0.8599303119727659
LAQNID,SEMNIJ,0.854896264396132
LAQNID,NEMCOA,0.8468521956230863
LAQNID,YUSWEP,0.8464408548531954
LAQNID,HIDTUM,0.8458185547417507
LAQNID,ADASEF,0.8434531278389702
LAQNID,HAYXIR,0.8409794862342663
LAQNID,MUNDOQ,0.8387952897664448
FELXOM,JUYJIY,0.8959417442477073
FELXOM,RUXWEM03,0.8842091672997265
FELXOM,RUXWEM01,0.8838156165634113
FELXOM,FALGIK,0.8798168689205299
FELXOM,YICRAF,0.8774713830190706
FELXOM,GOYLUB,0.8690785739365097
FELXOM,EKUNON,0.8657276322716224
FELXOM,EKUNON02,0.8656494645217995
FELXOM,NOLRIR,0.8563136900584979
FELXOM,QEKLID,0.854029972617729
FELXOM,QEKLID01,0.8539257575086712
FELXOM,PIKYIU,0.8515635491933218
FELXOM,PIKYAM,0.8477849895373699
FELXOM,DELGIN,0.8463038554857479
FELXOM,IRELIC,0.8410820455617427
FELXOM,WUZGEF01,0.8388178572124693
YIXFUI,BOJYIK01,0.9999712137512944
YIXFUI,QACTUJ,0.9997596910828854
YIXFUI,BOJYIK,0.9997396802070094
YIXFUI,ZALLEG,0.9472043191925584
YIXFUI,CEJXEW,0.9454821793010983
YIXFUI,CUXPOB,0.9080938296634908
YIXFUI,LOZSUQ,0.9079196122749182
YIXFUI,ZAXSAV,0.9077476924590504
YIXFUI,HUCXEK,0.90724855724031
YIXFUI,DUGDUG,0.9068452969510452
YIXFUI,XISDIO,0.9063708377328936
YIXFUI,NEQTIP,0.901936187830714
YIXFUI,AYOZOF,0.8983656011190952
YIXFUI,ACODON,0.8962918675880023
YIXFUI,XADDAJ01,0.8869659749362124
YIXFUI,WOJYUR,0.8853835014924867
YIXFUI,UMIZIB,0.8844425486628708
YIXFUI,LUCDES,0.8813669105551247
YIXFUI,SEHSII,0.8728540352589731
YIXFUI,MINCOD,0.8704838547717675
YIXFUI,LAVTAF,0.8679412818242616
YIXFUI,DEKYOK,0.8650859619341943
YIXFUI,LIXDAZ,0.8603977936319553
DALSOA,DOTSOV10,0.9330059684732568
DALSOA,DOTSOV08,0.9330058180414648
DALSOA,DOTSOV16,0.9330058153016512
DALSOA,DIHVIB01,0.9329906547630626
DALSOA,LUDLED,0.9329872918444256
DALSOA,WULJUJ,0.9320613968632954
DALSOA,QAWHIH01,0.9319909977711652
DALSOA,QAWHIH,0.931947718190918
DALSOA,OHOMIH,0.9275589635905932
DALSOA,YOZNOS,0.9244632118279656
DALSOA,ORAWAH,0.873859620874527
DALSOA,CITXUZ,0.8625257041255134
DALSOA,EXOGAB,0.8531939810192264
DALSOA,YUGLES,0.8531071384318154
DALSOA,HOGLEV01,0.8530990227170433
DALSOA,XIJSUH,0.8524300628279291
DALSOA,PIDRAY,0.846012529588597
DALSOA,GIKMOD01,0.8404103814429689
GOXZIE,XOPLOE,0.996092869851575
GOXZIE,PARNIH,0.992506335696197
EDAGAT,RAVVIU01,0.9999999465916848
EDAGAT,RAVVIU,0.9999982547574492
EDAGAT,RAVVOA01,0.9999913146010456
EDAGAT,EDAGEX,0.9999828351315628
EDAGAT,DADTUY05,0.9985914486305824
EDAGAT,DADTUY07,0.9985217306424724
EDAGAT,DADTUY11,0.9983123473048552
EDAGAT,YUKVEG,0.9982499302104773
EDAGAT,IGOPEB,0.9976276614452972
EDAGAT,SOJKOT06,0.9973011165099236
EDAGAT,SOJKOT07,0.9972235512013558
EDAGAT,MAJMOA03,0.9967096503576736
DEBBIY,XALXIS01,0.8835653800120911
DEBBIY,WAQTAM,0.8400907454145126
CUFFUF,PEYVEV,0.9885687480628416
CUFFUF,TONKEN,0.9472117186326524
CUFFUF,MUQYEE,0.9472062085789348
CUFFUF,OWIHUZ,0.946968590878679
CUFFUF,OWIHIN,0.946960571695301
CUFFUF,OWIHOT,0.946942035589082
CUFFUF,MURBEI,0.9469139662427254
CUFFUF,XOMHIS,0.9303003495850796
CUFFUF,TIRFIK,0.8940752138121822
CUFFUF,VACFOV,0.8748460717430366
CUFFUF,VACFOV01,0.874790560921863
CUFFUF,VIFPUY02,0.8747366208280407
CUFFUF,VIFPUY05,0.8747354064135147
CUFFUF,VIFPUY01,0.8747287330953436
CUFFUF,NEDLOZ,0.8388408347711459
CUFFUF,CIFSIW,0.8380353711667055
JEDDII,PICCUC,0.9995182086842102
JEDDII,EKEKEL,0.9102309129650208
JEDDII,MIBQAR01,0.897191409491731
JEDDII,VUSKEA,0.8971900750879296
JEDDII,IFABIA02,0.8964147066780073
JEDDII,IFABIA,0.8961244749432298
LASMAV,KEJWAY,0.9995836983737468
LASMAV,AHETAK,0.9988311662486856
LASMAV,BOWDUO,0.9988027030982554
LASMAV,VEDFUH,0.9987316001330102
LASMAV,BOWDOI,0.9986976542035996
LASMAV,VEDFAN,0.9986626189495228
LASMAV,VEDGIW,0.998330583704128
LASMAV,VODNOS,0.9982852794070352
LASMAV,OJOBAS,0.9979979455879208
LASMAV,CEYPUT,0.997980584315204
LASMAV,ABAVUV,0.9947969793061344
LASMAV,DIDBAV,0.9215990786914212
LASMAV,JODGIU,0.92136732404765
LASMAV,DIDBID,0.921290956297951
LASMAV,ERUNUC,0.9210810495407116
LASMAV,ERUNOW,0.9195440579327364
LASMAV,JODGOA,0.8898471438672472
LASMAV,BUKLOJ,0.8850039312211715
LASMAV,FEVDER,0.8785673848659374
LASMAV,BAKJOO,0.876803591773645
LASMAV,TIDNIF,0.8758892404279637
LASMAV,NIDFOX,0.8582711674625971
LASMAV,DIQHAO,0.8579465190698113
LASMAV,YATDOP,0.8574582949237144
LASMAV,FUMJAZ,0.8556045046716252
LASMAV,FAZPIH,0.8439292050862156
LASMAV,VOCKUT,0.8439231565381206
LASMAV,NERVIP01,0.8434339423394377
LASMAV,CEJFOO,0.8432702833879194
LASMAV,HURGOR,0.8421237042896342
LASMAV,KOHDIW,0.8419155112721615
LASMAV,RAKBIO02,0.8406703787442914
LASMAV,RAKBIO,0.8406477845714836
LASMAV,RAKBIO01,0.8405350116681461
ODIXAC,GOYLUB,0.9079690972117688
ODIXAC,RUXWEM01,0.8650751545740716
ODIXAC,FALGIK,0.8632382944196852
ODIXAC,GERWOR,0.8610463340933286
ODIXAC,RIGHAR,0.8429926764835065
ODIXAC,KEJBOQ,0.8425496267830423
ODIXAC,AVAQIX,0.8420441011782824
ODIXAC,JIYSUI,0.8393596352381603
ODIXAC,ROCZEQ,0.8393389866919445
ORAWAH,MIKVEK,0.992729991022132
ORAWAH,EXOGAB,0.9391663642098528
ORAWAH,ANUGOG,0.9352235812138286
ORAWAH,YOZMIL,0.9322238168400132
ORAWAH,LUDLED,0.9321867982745676
ORAWAH,DIHVIB01,0.9321670600012868
ORAWAH,EBAMUS,0.9317182333709214
ORAWAH,DOTSOV08,0.93168916889173
ORAWAH,DOTSOV16,0.9316891305621116
ORAWAH,NEMCOA,0.9287782541386396
ORAWAH,YOZNOS,0.9261309938281704
ORAWAH,GAVDUD,0.9250708878811298
ORAWAH,ANUGEW,0.913012008559701
ORAWAH,LAYXAN,0.9084610897967716
ORAWAH,IXAJUN,0.88293647891186
ORAWAH,BAZFUF01,0.8829065259188171
ORAWAH,EDOSEY,0.8824434376350412
ORAWAH,FAMPUH,0.8820867233353757
ORAWAH,FAMQAO,0.8820148203126181
ORAWAH,QOWRAV09,0.8811715589080391
ORAWAH,QOWRAV11,0.8811677929953055
ORAWAH,QOWRAV03,0.8811268817777829
ORAWAH,LIGQEA,0.879531194044784
ORAWAH,EPISOM,0.8793678319631596
ORAWAH,RUJMEQ,0.8735964454294077
ORAWAH,ENIHUG,0.8677156210292518
ORAWAH,YIMQOD,0.8674366623472082
ORAWAH,SEMNIJ,0.8673341175508901
ORAWAH,HUJGEA,0.864490133958085
ORAWAH,IWEVAJ,0.8612203854727855
ORAWAH,FISGOF,0.8591767282008687
ORAWAH,IDUDES,0.8556747313759966
ORAWAH,XIJSUH,0.8535533248966356
ORAWAH,HOGLEV,0.8508928636066095
ORAWAH,HOGLEV01,0.8505235742481849
ORAWAH,HUCBOX01,0.8425544590244094
ORAWAH,HUCBOX,0.8423427142554386
ORAWAH,MOFGOE,0.8399707849231475
ORAWAH,PIDRAY,0.8390928679662764
LEPKUO,AHONIU,0.9986898353034516
FAHQIQ,GALHUY,0.9999220668252656
FAHQIQ,FAHQEM,0.9977903604467536
FAHQIQ,FIFGEI,0.9927280230389136
FAHQIQ,WAQFAX,0.9922178187315392
FAHQIQ,FOSTIS,0.9552114620764506
FAHQIQ,CIFSES,0.955147092929678
FAHQIQ,CIFSAO,0.955067924507728
FAHQIQ,NEDLOZ,0.9535203784640378
FAHQIQ,VACFOV01,0.936166853342628
FAHQIQ,VIFPUY05,0.9357907802972446
FAHQIQ,VIFPUY,0.9357752293621784
FAHQIQ,VIFPUY03,0.9357714870835888
WIFSAI,WIFSAI01,0.9988093709833136
WIFSAI,RODSAG,0.9216565655452912
WIFSAI,RODSAG01,0.9215659801881888
WIFSAI,REFBAH01,0.9212828784468
WIFSAI,RAJPIE,0.9199095731184856
MIBQAR12,VUSKEA,0.9999996100856914
MIBQAR12,MIBQAR01,0.9999995466412864
MIBQAR12,IFABIA,0.9989868244776632
MIBQAR12,IFABIA02,0.998965644092742
MIBQAR12,WUHNUK,0.9080609901885764
MIBQAR12,ODODIW,0.906660992272073
MIBQAR12,GUGNON,0.904782938720002
MIBQAR12,SACHIP,0.8960096611924805
MIBQAR12,UKOLOV,0.8852542620139814
MIBQAR12,QAQSAD,0.8823324427814208
MIBQAR12,IDIXAU,0.8779922495271189
MIBQAR12,DUPKAC,0.8779395364404783
MIBQAR12,XOQXIL,0.8759029144318549
MIBQAR12,VEHJUP,0.8747183160201761
MIBQAR12,KUNLEL,0.8745644178987453
MIBQAR12,IJEXIF01,0.8744889306760719
MIBQAR12,ZARLIP,0.8738734136183568
MIBQAR12,ULISOZ,0.873694039721092
MIBQAR12,XAFFAN,0.872858117203118
MIBQAR12,FUVBAB,0.8716133365480827
MIBQAR12,GADROU,0.8681192854096188
MIBQAR12,JEDVIA,0.8670404967293632
MIBQAR12,KAHMOW,0.8626863232578827
MIBQAR12,XEGXIT,0.8626716166480223
MIBQAR12,YICQOS,0.8611406884223476
MIBQAR12,ZAQXEX,0.8593753900191732
MIBQAR12,UBUMAH,0.8588960606799063
MIBQAR12,LOWQIX,0.858466080887691
MIBQAR12,SIXWON,0.8531374369657446
MIBQAR12,WOJZOK01,0.8530779697935638
MIBQAR12,TACJEO,0.8525768851260306
MIBQAR12,GAWMOJ,0.8518786318238654
MIBQAR12,NISCOJ,0.8457194780691084
MIBQAR12,IGINIX,0.8441635151761472
MIBQAR12,LEBQUH,0.8388082988271747
MIBQAR12,HOKLIE,0.8380777826808472
JAYXAL,NUFCAU,0.8982853633108768
JAYXAL,DUZPUL,0.8763057976171645
JAYXAL,DITTEH,0.8727381758947685
JAYXAL,FUVBAB,0.839557746643202
JAYXAL,IJEXIF01,0.839084971588178
JAYXAL,VEHJUP,0.8387665900501478
JAYXAL,JEDVIA,0.8378876689581203
LOWQIX,EGIKUB01,0.9985757625496569
LOWQIX,FUVBAB,0.8968386734767625
LOWQIX,IJEXIF01,0.8962425968564232
LOWQIX,VEHJUP,0.8959039225234338
LOWQIX,JEDVIA,0.8952774680731906
LOWQIX,MIMRAB01,0.8631334577532198
LOWQIX,IDIXAU,0.8625392975073813
LOWQIX,FECYUJ,0.8618390114423771
LOWQIX,VEGMOK04,0.8607429151407352
LOWQIX,IFABIA02,0.8603720746492372
LOWQIX,VUSKEA,0.8585260446621776
LOWQIX,MIBQAR01,0.8584004979627247
LOWQIX,PASGEX04,0.8545835866659287
LOWQIX,DUPKAC,0.8526873721351536
VUSKEA,PEVQEO,0.9999997079158724
VUSKEA,MIBQAR01,0.9999983365724348
VUSKEA,IFABIA,0.9990257757063452
VUSKEA,IFABIA02,0.9990042282545591
VUSKEA,WUHNUK,0.9080719420102628
VUSKEA,VOLRAQ,0.9073329696860848
VUSKEA,GUGNON,0.9048552890050532
VUSKEA,EKEKEL,0.8872975551354692
VUSKEA,DITTEH,0.8854458294491415
VUSKEA,UKOLOV,0.8853099010055359
VUSKEA,DUPKAC,0.8779453388489113
VUSKEA,XOQXIL,0.875958791134666
VUSKEA,VEHJUP,0.8747387318407713
VUSKEA,KUNLEL,0.8745383796281673
VUSKEA,IJEXIF01,0.8745165494733117
VUSKEA,ZARLIP,0.8739520261050157
VUSKEA,MEWPIQ,0.8727051057993869
VUSKEA,ZARLEL,0.8706646663274911
VUSKEA,GADROU,0.8681579244943181
VUSKEA,XEGXIT,0.8627713298483395
VUSKEA,ZAQXEX,0.859427429577646
VUSKEA,HUVGEM,0.8580033487716936
VUSKEA,WOJZOK01,0.8530505081430851
VUSKEA,TACJEO,0.8525854205968109
VUSKEA,NISCOJ,0.8457518283029077
VUSKEA,IGINIX,0.8442225733527772
VUSKEA,LEBQUH,0.8389152252922633
VUSKEA,HOKLIE,0.8381270225609847
CUFFOZ,CUFFEP,0.9999999963143392
CUFFOZ,YAMXOC,0.9999999841625792
CUFFOZ,TIKXAN,0.9999997482679706
CUFFOZ,PEYVEV,0.9885296608100116
CUFFOZ,TONKEN,0.9472121738585064
CUFFOZ,MUQYEE,0.9472051716330429
CUFFOZ,OTEGOL01,0.9469755256442678
CUFFOZ,OWIHUZ,0.9469744057436512
CUFFOZ,OWIJIP,0.9469408203548028
CUFFOZ,XOMHIS,0.9302808996978524
CUFFOZ,XINTOG,0.9240624390094524
CUFFOZ,TIRFIK,0.8940552692469119
CUFFOZ,MAYJOM,0.874906592663053
CUFFOZ,VACFOV,0.874850673976221
CUFFOZ,VACFOV01,0.8747959347443481
CUFFOZ,VIFPUY03,0.8747385079007138
CUFFOZ,LOQLEJ,0.8747381505167455
CUFFOZ,VIFPUY01,0.8747348526829692
CUFFOZ,TIRFOQ,0.8467857614607068
QISNIR,FENTEY,0.9998007031928946
HUJGEA,EXOGAB,0.8466704598428078
HUJGEA,HIDTUM,0.8406802226692571
HUJGEA,QIZLIW,0.8395578176231244
HUJGEA,DOTSOV08,0.8392628452624085
HUJGEA,DOTSOV10,0.8392616613672217
HUJGEA,EBAMUS,0.8390376026422598
HUJGEA,DIHVIB01,0.8389108311839204
HUJGEA,YOZMIL,0.8388551713252885
HUJGEA,GAVDUD,0.8386274650674967
UFUKUB01,HUZJIW,0.9996677885879656
UFUKUB01,UFUKUB02,0.9996392470495876
UFUKUB01,PUNYED,0.9185169933470374
UFUKUB01,KESFOG,0.8703858096288575
UFUKUB01,KESFIA,0.8703817394248358
UFUKUB01,ALIXID,0.8428929947971052
UFUKUB01,EBIMEJ,0.8413307500478813
UFUKUB01,FUDHAP,0.8410413906047653
QOWRAV03,QOWRAV02,0.9999999966240452
QOWRAV03,QOWRAV11,0.999999775253376
QOWRAV03,QOWRAV09,0.9999997317020464
QOWRAV03,LIGQEA,0.9997563917300774
QOWRAV03,BAZFUF01,0.997093427276722
QOWRAV03,BAZGAM,0.9860857626293686
QOWRAV03,ANUGEW,0.9594318904751388
QOWRAV03,LAYXER,0.9572816160403358
QOWRAV03,YUSWEP,0.9310647710116652
QOWRAV03,EXOGAB,0.9074657470904668
QOWRAV03,FISGOF,0.901167492925956
QOWRAV03,ICAGOK,0.8767548110778206
QOWRAV03,KAGJOS,0.8723283448600138
QOWRAV03,HAYXIR,0.8717033550172634
QOWRAV03,ENIHUG01,0.867836629259313
QOWRAV03,ENIHUG,0.8677820216884282
QOWRAV03,MIKVEK,0.8665731242552764
QOWRAV03,SEMNIJ,0.8658312790630404
QOWRAV03,MUNDOQ,0.8594185928243825
QOWRAV03,NAPSUV,0.8563985859715023
QOWRAV03,ASIVAB,0.852633060651252
QOWRAV03,SIXNIZ,0.8524001190474007
QOWRAV03,SIXNOF,0.8511674969754428
QOWRAV03,EPISOM,0.8507974286959916
QOWRAV03,RUJMEQ,0.8470250547955746
QOWRAV03,YIMQOD,0.8459736761924924
QOWRAV03,QAWHIH,0.8382175935582495
VOQBUZ,IGUVIR,0.8605753703105847
VOQBUZ,CIKCOQ,0.8427586177533832
FECYUJ,QAQSAD,0.9977599345881376
FECYUJ,IDIXAU,0.9939963848474856
FECYUJ,IFABIA02,0.8845625198100853
FECYUJ,MIBQAR01,0.8845460392099809
FECYUJ,IFABIA,0.8841239074308844
FECYUJ,OFIXOR,0.849337309865654
FECYUJ,ULISOZ,0.8489360088150519
FECYUJ,FUVBAB,0.8472959050113479
FECYUJ,JEDVIA,0.8432882861485593
FECYUJ,WUHNUK,0.8429037882648129
FECYUJ,ROZXEL,0.8416365937906486
FECYUJ,VOLRAQ,0.8410382770609643
FECYUJ,GUGNON,0.8401273171308138
SETQEP,SETQIT,0.999997282967539
SETQEP,XADCOW,0.9999952904927428
SETQEP,SETRAM,0.9999846131853144
SETQEP,SETQUF,0.9999533249003044
SETQEP,SADMIV,0.9999462964651482
SETQEP,POJTUE,0.9999202873836512
SETQEP,VAGVAC,0.9997548346324197
SETQEP,POJTOY,0.999728880686886
SETQEP,YAXBUV02,0.9950469155863376
SETQEP,XUDSIY,0.9905454903437854
SETQEP,NEHZAE,0.9818715090098616
SETQEP,KUXSIH,0.971975389087069
SETQEP,UFIKOM,0.869131898501954
SETQEP,UFIKIG,0.8690209948672201
SETQEP,LARPEB,0.8608017018316377
SETQEP,TOVJIZ,0.8501644000476181
IZIDOM,NUDPAE09,0.9999608696695766
IZIDOM,NUDNUW01,0.999947096909814
IZIDOM,NUDNUW09,0.9999034827162928
IZIDOM,NUDPAE01,0.9997807118453368
IZIDOM,NUDPAE,0.999776707780244
IZIDOM,VICBEQ,0.9997590454589292
IZIDOM,NUDPAE12,0.9988156400279148
IZIDOM,NIHBAI02,0.9973169900299356
IZIDOM,IZAKAX,0.9965862209348804
DIWFAT,IVELUS,0.9998428905795058
DIWFAT,YAQCEY,0.999581239485163
DIWFAT,LUSHOX04,0.8847972494257969
DIWFAT,XUDSUK,0.8847136757870429
DIWFAT,LIJPAX,0.8520274010335851
DIWFAT,GUPJEG01,0.8395659579830701
DIWFAT,BEQPEU,0.8384971388398965
ROZXEL,GUGNON,0.956434812155814
ROZXEL,VOLRAQ,0.9487694862087472
ROZXEL,IFABIA,0.9465217456310536
ROZXEL,IFABIA02,0.9463039563962312
ROZXEL,MIBQAR01,0.9437632756716072
ROZXEL,DITTEH,0.932803793197558
ROZXEL,XAFFAN,0.9223964222185996
ROZXEL,DUPKAC,0.9197581755266834
ROZXEL,QEDZEG,0.914201961814643
ROZXEL,PICCUC,0.8833373380105639
ROZXEL,YICQOS,0.8730690028939802
ROZXEL,ODODIW,0.8648144330758817
ROZXEL,QIWCUW,0.8595705115676053
ROZXEL,VANHEA,0.8561305852883598
ROZXEL,FECWOB,0.8475665144226492
ROZXEL,MOFTIL02,0.8470976047279621
ROZXEL,SACHIP,0.8464579125272981
ROZXEL,NUCRIN,0.8462042489008718
ROZXEL,QAQSAD,0.8443903837993824
ROZXEL,RUTNOK,0.8440975503212016
ROZXEL,RUTNOK01,0.8436133133194966
ROZXEL,MIMRAB01,0.8432314525801823
ROZXEL,EKEKEL,0.8431950409146499
VACFOV01,VIFPUY05,0.9999967719677768
VACFOV01,LOQLEJ,0.9999963064471415
VACFOV01,VIFPUY01,0.9999959343936468
VACFOV01,VACFOV,0.9999957327171438
VACFOV01,GALJAG,0.94721072039352
VACFOV01,IFIPEV,0.9469514622484332
VACFOV01,WAQFAX,0.9469230366187724
VACFOV01,IYUHUG,0.9468824238572424
VACFOV01,FIFGEI,0.9468132762254534
VACFOV01,FAHQEM,0.9438037219845016
VACFOV01,GALHUY,0.9379273062232062
VACFOV01,NEDLOZ,0.9056058259668488
VACFOV01,CIFSIW,0.9045235999248132
VACFOV01,CIFSAO,0.9035710687687372
VACFOV01,FOSTIS,0.9032894756239817
VACFOV01,TIRFOQ,0.879971631578859
VACFOV01,YAMXOC,0.8747968145321754
VACFOV01,TIKXAN,0.874781351627895
VACFOV01,LEPTUY,0.8674266293621677
VACFOV01,PEYVEV,0.8603445003755701
ENIHUG01,ENIHUG,0.9999996228230787
ENIHUG01,ANUGOG,0.9054084647215656
ENIHUG01,EXOGAB,0.8902255990699728
ENIHUG01,ANUGEW,0.8885577719438396
ENIHUG01,QOWRAV09,0.8678821772081274
ENIHUG01,QOWRAV08,0.8678705401963617
ENIHUG01,QOWRAV02,0.8678314867835806
ENIHUG01,NIGDIS,0.8663187022713781
ENIHUG01,LIGQEA,0.8662147863949536
ENIHUG01,MIKVEK,0.8605905159417476
ENIHUG01,YIMQOD,0.8458436402055085
ENIHUG01,IXAJUN,0.8397126685121878
ENIHUG01,QAWHIH,0.839683001230481
ENIHUG01,QAWHIH01,0.8396821614487862
ENIHUG01,DIHVIB,0.8390269109292252
ENIHUG01,LUDLED,0.8389051355988644
ENIHUG01,DOTSOV10,0.8384224659611705
ENIHUG01,FISGOF,0.8380842651134155
DIMBOS,PULWEZ,0.999999227481598
MIBQAR01,VEGMOK04,0.9984474179673422
MIBQAR01,WUHNUK,0.9080516505806816
MIBQAR01,ODODIW,0.906607252606804
MIBQAR01,GUGNON,0.9047039083512431
MIBQAR01,PICCUC,0.8970471107844922
MIBQAR01,SACHIP,0.8960583165852727
MIBQAR01,UKOLOV,0.8851934590815386
MIBQAR01,MIMRAB01,0.8842514877941974
MIBQAR01,QAQSAD,0.8822621223046029
MIBQAR01,DUPKAC,0.8779323947824409
MIBQAR01,IDIXAU,0.8778798814330451
MIBQAR01,XOQXIL,0.8758418544717395
MIBQAR01,IJEXIF01,0.8744582034327182
MIBQAR01,ZARLIP,0.8737876536545978
MIBQAR01,ULISOZ,0.8736452684652737
MIBQAR01,XAFFAN,0.8727624636135135
MIBQAR01,MEWPIQ,0.8725173972542369
MIBQAR01,FUVBAB,0.8715353023118004
MIBQAR01,ZARLEL,0.8704442795928731
MIBQAR01,JEDVIA,0.8669215308621298
MIBQAR01,XEGWIS,0.8625936637079435
MIBQAR01,KAHMOW,0.8625778792264645
MIBQAR01,XEGXIT,0.8625630549122749
MIBQAR01,YICQOS,0.8611452648961195
MIBQAR01,EGIKUB01,0.8606792025362393
MIBQAR01,UBUMAH,0.8588320626621402
MIBQAR01,HUVGEM,0.8578572949982122
MIBQAR01,SIXWON,0.8531096713929421
MIBQAR01,TACJEO,0.8525760784801133
MIBQAR01,LEBQUH,0.8386919794137155
MIBQAR01,HOKLIE,0.8380237747971775
KAVROQ,TAYZUQ,0.999980358285142
KAVROQ,YUKVUW04,0.9998816558023892
KAVROQ,TEVZOK,0.997217294101148
KAVROQ,ELUQIM08,0.9959217891454502
KAVROQ,ELUQIM07,0.9958960271272214
KAVROQ,ELUQIM06,0.9958708892759128
KAVROQ,ELUQIM04,0.9958511810241606
KAVROQ,ELUQIM13,0.9957748243066344
YUKVUW04,YUKVUW07,0.9999991924239566
YUKVUW04,YANXIX02,0.999952341288164
YUKVUW04,SIWQIA02,0.9999286332943964
YUKVUW04,YANXIX04,0.9999203253289226
YUKVUW04,SANMEB,0.999853368652104
YUKVUW04,TAYZUQ,0.9997748670993104
YUKVUW04,TEVZOK,0.9982442871287476
YUKVUW04,ELUQIM08,0.9971885109512356
YUKVUW04,ELUQIM06,0.9971461827611414
YUKVUW04,ELUQIM04,0.9971297679501344
YUKVUW04,ELUQIM01,0.997110532741828
YUKVUW04,VERZUP,0.9968597119050384
WOBHOL,COKNAT,0.9999999353042348
WOBHOL,WOBHEB,0.999746129058873
WOBHOL,QEJBIT,0.8751530434143836
WOBHOL,UMEXUF,0.8724746516169287
WOBHOL,RIGTIL,0.8710673233064858
WOBHOL,NATFAS,0.8687299508287428
WOBHOL,CIZQUZ,0.8681732184009248
WOBHOL,LIKFOB,0.8615731300956221
KAKBUW,NOHSUA,0.9995120476143377
KAKBUW,DIQGUH,0.9059730454828824
KAKBUW,TECTUS,0.8398522696069621
KAKBUW,TECVEE,0.8382446972372317
JIYPEP,FECXAO,0.868674207620983
JIYPEP,APAYUN,0.8499773510780434
JIYPEP,APAZIC,0.8499151195519514
JIYPEP,APAZOI,0.8494133789928184
JIYPEP,YUMFUJ,0.8492070893895644
APAZOI,LUWMEX,0.9999659672850774
APAZOI,WOJYEB,0.9989710418940912
APAZOI,YUMFUJ,0.9972649543502796
APAZOI,FECXAO,0.9479226665662348
APAZOI,RUWWUC,0.8495967315758377
APAZOI,RUWWOW01,0.8494492113811923
WEYQAU16,WEYQAU01,0.9998995960382088
WEYQAU16,WEYQAU02,0.9998225701811568
WEYQAU16,WEYQAU06,0.9998060668426316
WEYQAU16,WEYQAU07,0.999773290727768
WEYQAU16,WEYQAU09,0.9997033972029212
WEYQAU16,GELVEZ02,0.8848375785276352
WEYQAU16,BIYTOU,0.8841252465467108
WEYQAU16,SOBDOF,0.8833816318339534
WEYQAU16,DIJCOP,0.8731729727009254
WEYQAU16,LUSHOX04,0.8722714932994714
WEYQAU16,INEXOQ,0.8392254999256208
NATFAS,CIZQUZ,0.999977405537791
NATFAS,UMEXUF,0.9976360938792936
NATFAS,MUZHUL,0.9968550346132604
NATFAS,FABFOF,0.9951304481947876
NATFAS,WOBHEB,0.8704738896549113
NATFAS,WOBHIF03,0.8687035569577812
NATFAS,HIVSIQ,0.8582018927886179
QIYDAF01,FAGQAI,0.9999684907905386
QIYDAF01,QIYDIN01,0.9957513349328913
QIYDAF01,OGEBAF,0.9549733679287709
QIYDAF01,DICKEH,0.928354633366553
QIYDAF01,SEMNIJ,0.8822376658089779
QIYDAF01,YUGLES,0.8820360970682507
QIYDAF01,RUVKAV,0.8407639516189408
QOBGEV,LIKFOB,0.9999188056810674
WIZMAV,WIZMAV10,0.9999999973818254
WIZMAV,WIZMAV05,0.999999958005945
WIZMAV,ERANAO,0.9926374127162014
WIZMAV,IXETEM,0.9561958390181796
WIZMAV,HERHAQ,0.9558587019002316
WIZMAV,EMIYUW,0.9548604130878474
WIZMAV,HERHEU,0.9545207699389746
WIZMAV,GAYXEM,0.9534012440907068
WIZMAV,UFOSEQ,0.9469418508321998
WIZMAV,RUBTAK03,0.9469408845539236
WIZMAV,SURHEU02,0.9469406689101116
WIZMAV,UFOSOA,0.9469391396497168
WIZMAV,DITJOH,0.922538297627137
WIZMAV,VIKSEQ,0.8939361645075877
WIZMAV,VIKROZ,0.8937365873634897
WIZMAV,ESEBOV,0.893186865484262
WIZMAV,UNEJEE,0.8928982726577431
WIZMAV,YEYCUC,0.8923874957626005
WIZMAV,HERHUK,0.8747833979103988
WIZMAV,RUKDIM,0.8650576800055985
WIZMAV,XULGIW,0.8650560975504901
WIZMAV,WUPTUY01,0.8634669739433543
WIZMAV,OXOLAP,0.8632095157255254
EBEWOZ01,EBEWOZ,0.9999999450296514
EBEWOZ01,EBEXAM,0.9999925254484252
EBEWOZ01,COKJIX,0.8936373024726039
EBEWOZ01,RAVDID,0.8935125320427038
EBEWOZ01,MIRGIG,0.8872681080179053
EBEWOZ01,KEZLIN,0.8861014985288738
EBEWOZ01,AFUDUD,0.8841956926612901
EBEWOZ01,ADEGIA,0.8673223127462262
EBEWOZ01,ATIKAP,0.8671941310555475
EBEWOZ01,ADEGIA01,0.8646749420028176
EBEWOZ01,ELIKUG,0.8598971891015612
EBEWOZ01,INOVEN,0.8573641933146484
EBEWOZ01,YICGUP,0.8475699206910823
EBEWOZ01,UMIZEX,0.8446151567122271
EBEWOZ01,ATEYOP,0.8396902528768877
EBEWOZ01,XISDOU,0.8392162724379223
QAWHIH01,DIHVIB,0.9993920948521834
QAWHIH01,EBAMUS,0.9988214363834554
QAWHIH01,DOTSOV16,0.9988045746427684
QAWHIH01,WULJUJ,0.9972153147270592
QAWHIH01,QIZLIW,0.995632480268815
QAWHIH01,YOZNOS,0.9930622151028118
QAWHIH01,GAVDUD,0.9923746194731282
QAWHIH01,OHOMIH,0.9888564169395816
QAWHIH01,BABREE,0.9297326586979726
QAWHIH01,MIKVEK,0.92604457922727
QAWHIH01,CITXUZ,0.9155105053299748
QAWHIH01,MOCKAR,0.908245571774529
QAWHIH01,NUTQAV,0.9082144287970018
QAWHIH01,YUGLES,0.9081306378996764
QAWHIH01,OFOCUI,0.9078618045615638
QAWHIH01,EXOGAB,0.9056593360523686
QAWHIH01,HOGLEV01,0.90541372107824
QAWHIH01,HUCBOX01,0.8959303927453511
QAWHIH01,HUCBOX,0.8957127384931542
QAWHIH01,ALIXUP,0.8947153040880472
QAWHIH01,MOFGOE,0.893367434892165
QAWHIH01,GIKMOD01,0.8887636257670927
QAWHIH01,RUVKAV,0.8853978218524823
QAWHIH01,PAFZEE,0.8842969210750633
QAWHIH01,LUDLAZ,0.8834188890115746
QAWHIH01,ADONEP,0.8827356960640376
QAWHIH01,EXAXAE,0.8783726860339833
QAWHIH01,ANUGOG,0.8768747863452897
QAWHIH01,DICKEH,0.8746987937919848
QAWHIH01,NEMCOA,0.8706178500316302
QAWHIH01,HIDTUM,0.8687775330957531
QAWHIH01,KIRFOI,0.8618958432544284
QAWHIH01,TOVWAE,0.8610574592432869
QAWHIH01,IWEQAD,0.8598715948298529
QAWHIH01,NIGDIS,0.8595168382584294
QAWHIH01,XITYOP,0.8536310237487155
QAWHIH01,IXAJUN,0.8534478243210368
QAWHIH01,EDOSEY,0.8533222931112043
QAWHIH01,FAMPUH,0.8529959097178654
QAWHIH01,ANUGEW,0.8490536990464306
QAWHIH01,RUJMEQ,0.8451386460157465
QAWHIH01,BAZFUF01,0.8401318388745942
QAWHIH01,SEMNIJ,0.8393669941112272
QAWHIH01,YIMQOD,0.839338121907367
QAWHIH01,QOWRAV09,0.8382039726034556
QAWHIH01,QOWRAV11,0.8382000491706804
QAWHIH01,QOWRAV08,0.8381920820041288
QAWHIH01,QOWRAV02,0.8381521831795091
DADTOS02,YANWOC02,0.99999983760192
DADTOS02,DADTOS04,0.9999996616020128
DADTOS02,DADTOS11,0.9999996175602576
DADTOS02,DADTOS05,0.9999994880225286
DADTOS02,DADTOS09,0.9999994232449352
DADTOS02,DADTOS13,0.999999359332022
DADTOS02,DADTOS12,0.9999991753891588
DADTOS02,DIDVIW,0.9999990724477268
DADTOS02,YANWOC,0.9999932432639964
DADTOS02,DADTOS15,0.9999793806051686
DADTOS02,YUKTUU,0.9999753878507852
DADTOS02,REZJIR04,0.9999747709167224
DADTOS02,REZJIR03,0.9999716076318592
DADTOS02,JEDKIP01,0.9999703426331084
DADTOS02,DADTOS16,0.9999604298722456
DADTOS02,PADJOU01,0.999948628647484
DADTOS02,LIJWOR02,0.9999191223325378
DADTOS02,LIJWOR05,0.9998716455379448
DADTOS02,IJOMOJ01,0.9998553108132964
DADTOS02,QINSUD,0.9998178126590972
DADTOS02,SIWPUL04,0.999817555444501
YENZEZ,SEHSII,0.9065946623398128
YENZEZ,LAVTAF,0.9002108308047994
YENZEZ,VITZAB,0.8626072467693344
YENZEZ,JUXSEC,0.8582423460721472
YENZEZ,NEQTIP,0.8538709903758799
UFUNIS,BAHGUN03,0.999779663582228
UFUNIS,BAHGUN,0.9997458086584736
UFUNIS,HAWZEM,0.9997144830672338
UFUNIS,UFUNAK,0.9991433004175668
UFUNIS,KAKTIA01,0.9985084835244828
UFUNIS,IPINAY,0.9975052525628
UFUNIS,POFFAT,0.9962283319149036
UFUNIS,ICAGOK,0.9203689176736182
UFUNIS,IXAJUN,0.878993640553166
UFUNIS,IDUTIN,0.8666605315927872
UFUNIS,UNACIW,0.8666497721227773
UFUNIS,UNACES,0.8666399704280199
UFUNIS,IDUSIM01,0.8666398694120905
UFUNIS,QESBAR,0.8426088238334157
UFUNIS,ENITAX,0.8414275914803446
HAYXIR,MUNDOQ,0.9963940890568752
HAYXIR,ADONEP,0.8875236165788278
HAYXIR,EXAXAE,0.8851864367235087
HAYXIR,LAYXER,0.8768178342967036
HAYXIR,BAZGAM,0.8749402971314884
HAYXIR,LAYXAN,0.8746662237432703
HAYXIR,QOWRAV09,0.8717789373235858
HAYXIR,QOWRAV08,0.8717595926839837
HAYXIR,QOWRAV02,0.8716948439470283
HAYXIR,ICAGOK,0.87051163385149
HAYXIR,KAGJOS,0.8690801419659059
HAYXIR,EXOGAB,0.8530489440544287
HAYXIR,CEFNIN,0.8508641419802343
HAYXIR,NAPSUV,0.8469610272692167
UFUMUD,BAHGUN02,0.999956403239999
UFUMUD,QERZUI01,0.9998923449174534
UFUMUD,BAHGUN03,0.9998263773972964
UFUMUD,BAHGUN,0.999808413495927
UFUMUD,IPINAY,0.9981135459791532
UFUMUD,POFFAT,0.9970365840065768
UFUMUD,KAGJOS,0.9227299972407262
UFUMUD,ICAGOK,0.9210968533809952
UFUMUD,IXAJUN,0.8790519655380484
UFUMUD,IDUSIM,0.8665213314704734
UFUMUD,SOZHOG,0.8664616078905484
UFUMUD,NAPSUV,0.8655394815751121
UFUMUD,EDOSEY,0.8645678987079615
UFUMUD,QESBAR,0.843007999552526
UFUMUD,ENITAX,0.8418717339861406
WECSAZ01,YIXFOC,0.9998490978174532
WECSAZ01,EHAZES,0.999984721559482
WECSAZ01,WECSAZ,0.9998812485615546
WECSAZ01,YIXFOC03,0.9998238883760492
WECSAZ01,EXUSUN,0.9994314693641856
WECSAZ01,EXUTAU,0.9993980361602636
WECSAZ01,EHAZAO,0.9985485440999464
WECSAZ01,IBEYAQ,0.9460759066749302
WECSAZ01,GAPQAQ,0.9082047732769484
WECSAZ01,DUGDOA01,0.9075263433067664
WECSAZ01,DARDIL,0.8962026321370142
WECSAZ01,HISSIN,0.8867809905266332
WECSAZ01,WOJYOL,0.8850856616868144
WECSAZ01,LUCDAO,0.8813413044385316
WECSAZ01,RUYVIS,0.8706509826165167
WECSAZ01,SENXAN,0.8673615662160814
WECSAZ01,LIXMEM,0.8605739641558227
WECSAZ01,AHONEQ,0.8605474296645419
WECSAZ01,ELIKOA,0.8575368331400359
WECSAZ01,OPENUT,0.8535015815138207
WECSAZ01,GEQQEB,0.838339710790218
EGIKUB01,NERVAJ,0.8321988772090015
EGIKUB01,IJEXIF01,0.8967781458545906
EGIKUB01,ULISOZ,0.8962910226157802
EGIKUB01,KUNLEL,0.8958833436930931
EGIKUB01,FUVBAB,0.8947117491711797
EGIKUB01,JEDVIA,0.8908266472701208
EGIKUB01,IRELAU,0.874583377059384
EGIKUB01,IFABIA,0.860395318001556
EGIKUB01,ADUWIH,0.8598364887353923
EGIKUB01,IDIXAU,0.858464158888344
EGIKUB01,DUPKAC,0.8545423350854606
EGIKUB01,DUZPUL,0.8544648646509574
DUGDUG,XISDIO,0.9934947858198736
DUGDUG,AYOZOF,0.9919026137997397
DUGDUG,DAKZUN,0.986828002532846
DUGDUG,CEJXEW,0.9502034865232464
DUGDUG,WOJYUR,0.9414150833644656
DUGDUG,DEKYOK,0.8665000580722435
DUGDUG,VITZAB,0.8584141583237735
DUGDUG,JUXSEC,0.8520193059472654
DUGDUG,ACODON,0.8465729666257324
DUGDUG,NEBYOK,0.8431917455216571
EZATOP,REZFEK,0.9124558155925208
EZATOP,BIRMUM,0.9039163222632042
EZATOP,BETZOR,0.8587579745579136
DUDMEV,DUBFEM,0.9999681585371644
DUDMEV,VASFUT,0.9999520527429174
KEJBOQ,AVAQIX,0.9998680008640553
KEJBOQ,ROCZEQ,0.9934413283485372
KEJBOQ,IGUVIR,0.9224411039647528
KEJBOQ,CIKCOQ,0.8791502856008001
KEJBOQ,ZASJAG,0.8501825319685022
KEJBOQ,RUXWEM03,0.8438590559743798
KEJBOQ,RUXWEM01,0.8435849949459776
KEJBOQ,ACUBOP01,0.8434459715015477
KEJBOQ,HIBSUG06,0.843394052262309
KEJBOQ,HIBSUG03,0.8433119395256312
KEJBOQ,ACUBOP,0.8424123562654646
KEJBOQ,ENITEB,0.8411798693134664
KEJBOQ,FALGIK,0.840282133267023
KEJBOQ,NOZZUZ,0.8391811640901508
DECYOC,DECYAO,0.8858646278014012
DECYOC,DECYES,0.8646881873788728
DECYOC,TACTUP,0.8581314399479218
DECYOC,DECXUH,0.8559072902031427
CUFORM04,AYONOT,0.999963854394546
CUFORM04,YUKVOQ03,0.9998072685868854
CUFORM04,MAGNEQ01,0.999495234011772
CUFORM04,MACUFR04,0.9994585551965828
CUFORM04,MACUFR06,0.9992361046893434
CUFORM04,ROLCEC06,0.996107841573208
CUFORM04,ROLCEC01,0.995001777757926
IJEXIF01,VEHJUP,0.9999660591091508
IJEXIF01,FUVBAB,0.9987298569939682
IJEXIF01,FUDGIW,0.907427520572616
IJEXIF01,KEFBOO,0.9053104445939476
IJEXIF01,BOWJAA,0.8872001921921306
IJEXIF01,NASROR,0.8776271009123273
IJEXIF01,IFABIA02,0.8748143117170389
IJEXIF01,VEGMOK04,0.8747394535711147
IJEXIF01,DOYHIK,0.8747118554047353
IJEXIF01,CUVTOD,0.8741721532276225
IJEXIF01,NUFCAU,0.8735056657592463
IJEXIF01,GEYLEE,0.8691940518406478
IJEXIF01,UKOLUD,0.8672087892240696
IJEXIF01,ADUVAZ,0.8606027339557649
IJEXIF01,UBUMAH,0.8605337806309439
IJEXIF01,SOWCOY,0.860432523006591
IJEXIF01,WEHHIC,0.8531028787927704
IJEXIF01,QAQSAD,0.849180614345132
IJEXIF01,IDIXAU,0.8462653221202061
IJEXIF01,CIJLIT,0.8462140551858971
IJEXIF01,HIQNUS,0.8453426761450307
IJEXIF01,REYCUV,0.8447909848442583
IJEXIF01,GUGNON,0.838888574861818
ERARUM,WIZMAV05,0.9999994826414778
ERARUM,WIZMAV10,0.9999990492138184
ERARUM,ERANAO,0.9927938122033568
ERARUM,IXETEM,0.9561664177980308
ERARUM,HERHEU,0.9546006263374602
ERARUM,GAYXEM,0.9535017780715112
ERARUM,BUNLAZ,0.9495676502409618
ERARUM,UFOSEQ,0.9469105710691216
ERARUM,RUBTAK03,0.9469095507727392
ERARUM,SURHEU02,0.9469093230928308
ERARUM,UFOSOA,0.9469077085530156
ERARUM,DITJOH,0.9225259437728244
ERARUM,IZIBUQ,0.9103431427451896
ERARUM,VIKSEQ,0.8938953466083323
ERARUM,VIKSIU,0.8938923210566206
ERARUM,VIKROZ,0.8936880303437982
ERARUM,ESEBOV,0.8932503792494574
ERARUM,VIKRIT,0.8931823639175839
ERARUM,UNEJEE,0.8929689837520632
ERARUM,HICNUF,0.8789363855685632
ERARUM,HICNOZ,0.8786196014436837
ERARUM,HERHUK,0.8748665242927073
ERARUM,RUKDIM,0.8650744065669594
ERARUM,XULGIW,0.8650729768082703
ERARUM,WUPTUY,0.8632707732551123
VODBEW,EBEXAM,0.8896568404197458
VODBEW,EBEWOZ,0.8891457398275978
VODBEW,YICGUP,0.862347276276237
VODBEW,ATIKAP,0.8608436665613759
VODBEW,ADEGIA01,0.8606330969850774
VODBEW,QETCUO,0.8544889626581689
BAKJOO,AZIHOI,0.9771356978387282
BAKJOO,SIDXOV,0.9680667947448602
BAKJOO,ERUNOW,0.9093629507151224
BAKJOO,JODGIU,0.9090284398976703
BAKJOO,DIDBID,0.9088416577894682
BAKJOO,DIDBAV,0.908635731113098
BAKJOO,FUMJAZ01,0.9047494568638484
BAKJOO,FUMJAZ,0.904573306466117
BAKJOO,KESFOG,0.901913444628082
BAKJOO,FISQEG,0.8949047434948203
BAKJOO,YATDOP,0.8871895827926342
BAKJOO,CEYPUT,0.8792667528357004
BAKJOO,OJOBAS,0.8792648079411757
BAKJOO,VEDGES,0.879214956711984
BAKJOO,VEDFER,0.8791103100343057
BAKJOO,VEDFUH,0.8790871286792925
BAKJOO,AHETAK,0.8790443172806356
BAKJOO,KEJWAY,0.8784203553303955
BAKJOO,BIKMAL01,0.8782849444144779
BAKJOO,TATSIS01,0.8777456495186807
BAKJOO,DIQHAO,0.8775641019724046
BAKJOO,TATSIS,0.8775552901634139
BAKJOO,PUNYED,0.8563578266420014
BAKJOO,ABAYOU,0.8557338686863487
BAKJOO,YIRSUQ,0.8517123012068747
BAKJOO,DIBQIQ,0.844003597041952
BAKJOO,DIBQOW,0.8428510185928176
BAKJOO,OKEHIW,0.8410650691731445
MUZHUL,FABFOF,0.9998107222256244
MUZHUL,COKNAT,0.8726353886176765
MUZHUL,WOBHIF03,0.8726291060937788
MUZHUL,WOBHEB,0.8725941555103895
MUZHUL,HIVSIQ,0.8608218945469093
ERUNUC,ERUNOW,0.9998048005026604
ERUNUC,JODGIU,0.9995405097497674
ERUNUC,DIDBAV,0.999168093511524
ERUNUC,XALMOO,0.9248247502620702
ERUNUC,OJOBAS,0.9233928466016896
ERUNUC,CEYPUT01,0.9233688481802887
ERUNUC,VEDGIW,0.9233506774278176
ERUNUC,VEDFER,0.9232632608904832
ERUNUC,BOWDOI,0.923256076306745
ERUNUC,VEDFUH,0.9232457838832456
ERUNUC,BOWDUO,0.9232191935825452
ERUNUC,AHETAK,0.92320774083831
ERUNUC,ABAVUV,0.922828384955425
ERUNUC,HURGOR,0.9225770595109652
ERUNUC,TATSIS01,0.9219818543416848
ERUNUC,TATSIS,0.9218049746747208
ERUNUC,NIDFOX,0.9168203183996912
ERUNUC,DIQHAO,0.916166963441892
ERUNUC,FEVDER,0.9090590396117708
ERUNUC,AZIHOI,0.9084982534348036
ERUNUC,SIDXOV,0.899652085089913
ERUNUC,DIBQIQ,0.8857103334199941
ERUNUC,NOMPOW,0.8855164199766951
ERUNUC,NIGPEA,0.8849376792211705
ERUNUC,FUMJAZ01,0.8811657591827478
ERUNUC,LUWZUZ,0.8803133521980251
ERUNUC,JODGOA,0.8776759933648598
ERUNUC,BUKLOJ,0.8747459204596117
ERUNUC,YIRSUQ,0.8683945243790047
ERUNUC,FISQEG,0.864675455368206
ELUQIM07,ELUQIM06,0.9999999612547362
ELUQIM07,ELUQIM08,0.9999999580320468
ELUQIM07,ELUQIM04,0.9999998768494772
ELUQIM07,ELUQIM13,0.9999991096817094
ELUQIM07,VERZUP,0.9999920286888332
ELUQIM07,YANXIX04,0.998035714946101
ELUQIM07,YANXIX02,0.9978519112791528
ELUQIM07,SANMEB,0.9974193186693084
ELUQIM07,SIWQIA02,0.9962322866836186
ELUQIM07,SIWYOO,0.9961155483008366
DAPYAW,DELGIN,0.9646522943498448
DAPYAW,AWEJIW,0.9637601636380598
DAPYAW,RUXWEM03,0.9557633067592942
DAPYAW,FALGIK,0.9519939359393456
DAPYAW,NOLRIR,0.9461570456901996
DAPYAW,QEKLID,0.9453217547988032
DAPYAW,PIKYIU,0.9166077081099928
DAPYAW,PIKYAM,0.9135962355611136
DAPYAW,FESYEK,0.9111399138484776
DAPYAW,GOYLUB,0.9082084594212356
DAPYAW,QUQFOY,0.8806748150963627
DAPYAW,JUXZOT,0.8734456079617074
DAPYAW,YICRAF,0.8683204664464184
DAPYAW,JIYSUI,0.8625879425031922
DAPYAW,DUWBEE,0.8561858064385989
DAPYAW,OKOSUE,0.8493626534536849
DAPYAW,XEQRAO,0.8443030301571713
DAPYAW,CIKCOQ,0.8438144088973789
DAPYAW,JUYJIY,0.840803305632113
DAPYAW,NABLIM,0.8391075730571506
ECUVEF,REYCUV,0.9613774383363068
ECUVEF,FAHMIM,0.9431711793562276
ECUVEF,SIKCIA,0.910180393846215
ECUVEF,ADATAC,0.8486840619364494
ECUVEF,ADUWIH,0.8484052182434473
YOZMIL,DIHVIB01,0.9999989369937898
YOZMIL,DIHVIB,0.999997225493484
YOZMIL,DOTSOV08,0.9999309189364444
YOZMIL,QAWHIH,0.9992735762504764
YOZMIL,WULJUJ,0.9988822913539056
YOZMIL,QIZLIW,0.9984096653405377
YOZMIL,OHOMIH,0.993679239406377
YOZMIL,MIKVEK,0.9297260695900944
YOZMIL,YUGLES,0.90800988044063
YOZMIL,OFOCUI,0.9077118042471768
YOZMIL,EXOGAB,0.907641450533578
YOZMIL,HOGLEV01,0.9075191166171762
YOZMIL,XIJSUH,0.9074735685817324
YOZMIL,PIDRAY,0.8996953680497528
YOZMIL,MOFGOE,0.8958091927416776
YOZMIL,GIKMOD01,0.8929236912517943
YOZMIL,RUVKAV,0.886997631457786
YOZMIL,EXAXAE,0.8819719832399502
YOZMIL,ANUGOG,0.8779189301259004
YOZMIL,DICKEH,0.8770086893748352
YOZMIL,CEKHUY,0.873865105135501
YOZMIL,KIRFOI,0.865703507002932
YOZMIL,IWEQAD,0.861065021369393
YOZMIL,TOVWAE,0.8608921529883348
YOZMIL,XITYOP,0.8574737086908341
YOZMIL,FAMQAO,0.8535516487334888
YOZMIL,FAMQES,0.8535389926773549
YOZMIL,EDOSEY,0.8534304486968805
YOZMIL,RUJMEQ,0.8463219078666439
YOZMIL,BAZFUF01,0.839896379410003
YOZMIL,SEMNIJ,0.8396107232208168
YOZMIL,ENIHUG,0.8389740516641389
YOZMIL,YIMQOD,0.8376732729909215
BUKLOJ,HURGOR,0.9440235018100288
BUKLOJ,RUYGAV,0.9231623722232508
BUKLOJ,XUBKOU,0.9153390415434582
BUKLOJ,USAYOE,0.9081249306584712
BUKLOJ,GEPBEK,0.907372565309808
BUKLOJ,CANROA,0.9065731175290636
BUKLOJ,KOHDIW,0.9065343239674672
BUKLOJ,DIBQOW,0.8996792487385958
BUKLOJ,HELDOT,0.898482435464911
BUKLOJ,FISQEG,0.8868612002906744
BUKLOJ,XIHSEN01,0.8849934455419401
BUKLOJ,XIHSAJ,0.8849075508853135
BUKLOJ,KEJWAY,0.8842391449864913
BUKLOJ,AHETAK,0.8832515896172055
BUKLOJ,VEDFUH,0.8831277563829378
BUKLOJ,BOWDOI,0.883086021871115
BUKLOJ,VEDGIW,0.8826375940632724
BUKLOJ,VEDGES,0.8825869170055137
BUKLOJ,VODNOS,0.8825829642122018
BUKLOJ,CEYPUT,0.8822183360410427
BUKLOJ,DIDBAV,0.8755030849236141
BUKLOJ,PUNYED,0.8748625711237596
BUKLOJ,ERUNOW,0.8729734132617952
BUKLOJ,XAFFIV,0.87030746058815
BUKLOJ,HALVEY,0.8674811675793435
BUKLOJ,TAHYUZ,0.866925385616351
BUKLOJ,XEVSIB01,0.8637054504433309
BUKLOJ,MOXDEJ,0.8602248425843435
BUKLOJ,FILYEG,0.8599989943524129
BUKLOJ,QUSVOQ,0.8572678906196713
BUKLOJ,FILYAC,0.8564621872895678
BUKLOJ,EJINIV,0.8547820447217722
BUKLOJ,QIQTOB,0.8534621604767826
BUKLOJ,YIPFIO,0.8462634775653352
BUKLOJ,LUWZUZ,0.8383962961433926
GIKMOD01,GAVDUD,0.8973293458520007
GIKMOD01,WULJUJ,0.8941926547256553
GIKMOD01,DOTSOV16,0.8939574721793222
GIKMOD01,DOTSOV08,0.8939574108835855
GIKMOD01,DOTSOV10,0.8939540472592225
GIKMOD01,EBAMUS,0.8935052772163642
GIKMOD01,DIHVIB01,0.8930550487805762
GIKMOD01,LUDLED,0.8930103877870044
GIKMOD01,DIHVIB,0.892706212923207
GIKMOD01,QAWHIH,0.8886398945316268
GIKMOD01,YOZNOS,0.8800885093617086
GIKMOD01,MIKVEK,0.8440225641315521
GIKMOD01,BABREE,0.8428538079497647
EKEKEL,XOJWOJ,0.9994166900731803
NOCLOH01,SEVROC,0.9999685490718492
NOCLOH01,QISFUV,0.9070775659459274
NOCLOH01,DAYCIQ,0.8611545020402681
NOCLOH01,ELOQON,0.8528164468604956
ECEDEY,ECEDEY01,0.9997333167451554
NIWZIE17,NIWPIU,0.9999999981260096
NIWZIE17,NIWZIE09,0.9999864072709588
NIWZIE17,NIWZIE01,0.9999467386372504
NIWZIE17,NAXVOY04,0.9998854788739244
NIWZIE17,NAXVOY01,0.9998632572269182
NIWZIE17,NAXVOY,0.9976322552477344
NIWZIE17,ILECIN,0.9974819897288132
NIWZIE17,AMURUX08,0.9950953306490178
NIWZIE17,AMURUX,0.9950723831556296
ULISOZ,VEHJUP,0.9996249314358718
ULISOZ,FUVBAB,0.9995113233402612
ULISOZ,JEDVIA,0.9971643942939504
ULISOZ,KUNLEL,0.9967577569142086
ULISOZ,DUZPUL,0.9449054604465564
ULISOZ,FUDGIW,0.9080197229173818
ULISOZ,KEFBOO,0.903665730549034
ULISOZ,BOWJAA,0.8872606184470997
ULISOZ,DITTEH,0.8872415391580748
ULISOZ,DOYHIK,0.8760701976896116
ULISOZ,VEGMOK04,0.8749932076252946
ULISOZ,IFABIA02,0.8748395358319133
ULISOZ,CUVTOD,0.8741904103939491
ULISOZ,NUFCAU,0.8715328295386492
ULISOZ,GEYLEE,0.869252787175758
ULISOZ,UKOLUD,0.8682551016498092
ULISOZ,UBUMAH,0.8610267376157139
ULISOZ,ADUVAZ,0.859793175513371
ULISOZ,WEHHIC,0.8534943225644073
ULISOZ,ALANAD,0.8534266247156919
ULISOZ,MIMRAB01,0.849825453996627
ULISOZ,QAQSAD,0.8498047586343604
ULISOZ,CIJLIT,0.8464099099032221
ULISOZ,REYCUV,0.8435207479757706
DADTOS13,YANWOC02,0.999999841849178
DADTOS13,DADTOS14,0.9999982133682546
DADTOS13,DADTOS04,0.999998089701384
DADTOS13,DADTOS11,0.9999979869201924
DADTOS13,DADTOS05,0.9999977019253944
DADTOS13,DADTOS09,0.9999975668464698
DADTOS13,DADTOS12,0.9999970810397478
DADTOS13,DIDVIW,0.999996890030294
DADTOS13,YANWOC,0.99998844593591
DADTOS13,DADTOS10,0.9999880879077104
DADTOS13,IJOMOJ03,0.999985424926633
DADTOS13,REZJIR02,0.9999836764344272
DADTOS13,YUKTUU,0.999982688318907
DADTOS13,REZJIR03,0.9999794725902312
DADTOS13,VIRJEM,0.9999703338513176
DADTOS13,DADTOS07,0.9999693316559408
DADTOS13,PADJOU01,0.999959409044192
DADTOS13,PADJOU,0.9999514216901336
DADTOS13,LIJWOR02,0.9999328374609476
DADTOS13,LIJWOR06,0.9999308692050696
DADTOS13,LIJWOR01,0.9999028292614148
DADTOS13,LIJWOR05,0.999889130464158
DADTOS13,IJOMOJ01,0.9998739235948476
DADTOS13,NURGUE,0.9998419848757144
DADTOS13,QINSUD,0.999838763244974
REZJIR03,YUKTUU,0.9999997590717732
REZJIR03,DADTOS15,0.9999992287143687
REZJIR03,VIRJEM,0.999998996304708
REZJIR03,PADJOU01,0.999996602497822
REZJIR03,DADTOS14,0.9999897446355271
REZJIR03,LIJWOR02,0.9999865682690214
REZJIR03,LIJWOR06,0.9999854141258602
REZJIR03,YANWOC02,0.9999757181946431
REZJIR03,DADTOS04,0.9999650888727112
REZJIR03,DADTOS09,0.9999629634227968
REZJIR03,DADTOS12,0.9999611346187428
REZJIR03,YANWOC01,0.9999590797806543
REZJIR03,IJOMOJ01,0.9999547147146072
REZJIR03,YANWOC,0.9999373558697956
REZJIR03,DADTOS10,0.9999364114344872
REZJIR03,QINSUD,0.9999331341358942
REZJIR03,REZJIR04,0.9998930588525268
REZJIR03,JEDKIP01,0.999884248643712
REZJIR03,IQEWOQ,0.998242432176611
LIGQEA,QOWRAV02,0.9997582016370512
LIGQEA,QOWRAV11,0.9997413722460492
LIGQEA,ANUGOG,0.9541383772856838
LIGQEA,LAYXER,0.9530486061898203
LIGQEA,LAYXAN,0.948110377668004
LIGQEA,YUSWEP,0.9294483798198518
LIGQEA,CEFNIN,0.9094886534069914
LIGQEA,FISGOF,0.8983233743067981
LIGQEA,KAGJOS,0.8685530190275758
LIGQEA,SEMNIJ,0.8636332995805116
LIGQEA,MIKVEK,0.8624118689840501
LIGQEA,MUNDOQ,0.8551138799828082
LIGQEA,NAPSUV,0.8540878360422253
LIGQEA,ASIVAB,0.8495929077278788
LIGQEA,SIXNIZ,0.8493213485170932
LIGQEA,SIXNOF,0.8478932755708414
LIGQEA,YIMQOD,0.8448974839671647
LIGQEA,RUJMEQ,0.844282782062559
BOWDOI,VEDFAN,0.9999994922578668
BOWDOI,BOWDUO,0.9999965762000742
BOWDOI,AHETAK,0.9999952922324228
BOWDOI,VEDGIW,0.9999756710164288
BOWDOI,VODNOS,0.9999693555758772
BOWDOI,OJOBAS,0.9999232129866964
BOWDOI,CEYPUT,0.9999197334271472
BOWDOI,CEYPUT01,0.9998860440606324
BOWDOI,TATSIS01,0.9993297371691564
BOWDOI,ABAVUV,0.9986924710332036
BOWDOI,JODGIU,0.9230259979129988
BOWDOI,DIDBEZ,0.9229507972863168
BOWDOI,DIDBID,0.9228770850940644
BOWDOI,ERUNOW,0.9227213462965232
BOWDOI,JODGOA,0.8942203849873374
BOWDOI,FEVDER,0.8792065991225864
BOWDOI,TIDNIF,0.8770587778284978
BOWDOI,XALMOO,0.860119305160014
BOWDOI,YATDOP,0.8600019230575272
BOWDOI,FUMJAZ01,0.8539882637468708
BOWDOI,DIQHAO,0.853167612163735
BOWDOI,NERVIP01,0.8438601118347541
BOWDOI,RAKBIO02,0.8435383621249677
BOWDOI,RAKBIO,0.8435297867212175
BOWDOI,GAGWOB,0.8433076185337063
BOWDOI,NERVOV,0.8431485848613962
BOWDOI,FAZPIH,0.8430901424123165
BOWDOI,WOPWOP,0.8430711435377033
BOWDOI,KOHDIW,0.8429828527933712
BOWDOI,VOCKUT,0.842968461730534
EDAJUP,FEXCAO01,0.8771299870117268
EDAJUP,ABAYOU,0.8736213043558286
EDAJUP,OCUGAX,0.8698242336564397
EDAJUP,NOMPOW,0.8407752930768868
REYCUV,FAHMIM,0.9789256259020708
REYCUV,XEMPAJ,0.9189302406125128
REYCUV,SIKCIA,0.9105889112955352
REYCUV,MEQPEG,0.9037758750165106
REYCUV,ADATAC,0.859569471549054
REYCUV,FUDGIW,0.84881906857243
REYCUV,KUNLEL,0.8463973944883678
REYCUV,ADUWIH,0.842761396406253
REYCUV,FUVBAB,0.8406694048300081
MITSAK,ODOXEK,0.9999999069802648
MITSAK,PARKUQ,0.9999537175265892
MITSAK,CEHKUW,0.999328885841571
MITSAK,DUWBEE,0.9468335582864722
MITSAK,QUQFOY,0.93228207931981
MITSAK,FESYEK,0.908246467777629
MITSAK,LIQFEY,0.9077289968530144
MITSAK,IJEYEC,0.8906202479444835
MITSAK,QEKLID01,0.8867746143075105
MITSAK,GIYTOY,0.8736583855815676
MITSAK,FIPKOG01,0.8609343426787464
MITSAK,PENNAZ,0.8609274173764541
MITSAK,DELGIN,0.854481026819493
MITSAK,AWEJIW,0.8542525789189166
MITSAK,VIDWAI,0.8534300724180238
MITSAK,DAKVIW,0.8527122055190871
MITSAK,LUWKIZ,0.848229785292406
MITSAK,OKOSUE,0.8462970835669777
MITSAK,TEMDIB,0.8394611207296064
YIPFIO,XEVSIB,0.8990365151368223
YIPFIO,EJINIV01,0.8659613778486701
YIPFIO,NAVJAW01,0.8626418138963333
YIPFIO,XIHSEN01,0.8439899096743264
YIPFIO,XIHSEN,0.8439497829570766
CUSQOX,XUMNAW,0.9112381473816006
AHEFAU01,AHEFAU,0.9999993749449874
LARPEB,SAJRUT,0.9470600551152432
LARPEB,BAZBIQ,0.9461643289351476
LARPEB,PIJKIF,0.8822227169462569
LARPEB,PIJKUR,0.88170505797903
LARPEB,FEWTAF,0.8817017880721856
LARPEB,YAXBUV02,0.8725799412443084
LARPEB,KUXSIH,0.8725746746401235
LARPEB,POJTOY,0.864412670500081
LARPEB,VAGVAC,0.8642473773728472
LARPEB,POJTUE,0.8628173877243118
LARPEB,SETQUF,0.8623622493129948
LARPEB,REZXOK,0.8425739558258545
AVAQIX,RIGHAR,0.9991721900173688
AVAQIX,IGUVIR,0.9217178158938704
AVAQIX,GOYLUB,0.8848762275862536
AVAQIX,CIKCOQ,0.8787911545373984
AVAQIX,KEPLID,0.8637843161743481
AVAQIX,LULGIJ,0.8591601793323418
AVAQIX,ZASJAG,0.8480309986469698
AVAQIX,RUXWEM03,0.8432830276053671
AVAQIX,ACUBOP01,0.842876705655641
AVAQIX,HIBSUG06,0.8427960838252939
AVAQIX,OVAJAX,0.8424831007775958
AVAQIX,EFUFEQ,0.8419841147431957
AVAQIX,ACUBOP,0.841498190945697
AVAQIX,ENITEB,0.8402133352709865
AVAQIX,FALGIK,0.8388769053722632
AVAQIX,NOZZUZ,0.8378237268954025
JEDVIA,FUVBAB,0.9990270803625236
JEDVIA,VEHJUP,0.9947377128439652
JEDVIA,KUNLEL,0.987932532926621
JEDVIA,DUZPUL,0.9370057585462452
JEDVIA,QOPZIF,0.9152088802841414
JEDVIA,DUNXUH15,0.8958940433583682
JEDVIA,DITTEH,0.8852064715957524
JEDVIA,DOYHIK,0.8778694069805497
JEDVIA,DOYHOQ,0.8727640782085687
JEDVIA,VEGMOK04,0.8724337870192477
JEDVIA,IFABIA,0.8716869949254666
JEDVIA,IFABIA02,0.8713659054549885
JEDVIA,NASROR,0.8707381753180514
JEDVIA,GEYLEE,0.8659273267782964
JEDVIA,NUFCAU,0.8603236757686256
JEDVIA,UBUMAH,0.8594070652867343
JEDVIA,IDIXAU,0.8500441806576097
JEDVIA,QAQSAD,0.8487002596540155
JEDVIA,MIMRAB01,0.8458735780473328
JEDVIA,HIQNUS,0.8450583927334454
JEDVIA,GUGNON,0.8392760468924583
BOSHUN,CAXZUY,0.8617451210282222
BOSHUN,GAWZOW,0.861620231929562
BOSHUN,TEVVIC,0.8588549785855564
BOSHUN,TEVVEY,0.8588367387233334
BOSHUN,TEVVOI,0.8588357783214092
BOSHUN,TEVVAU,0.8584350902476015
BOSHUN,FEVDIV,0.8456006807454775
BOSHUN,LIDSEY,0.8452108912392639
BOSHUN,LIDSAU,0.8448563406400852
BOSHUN,JAMSEY,0.843938879164978
AJAKON,YUYLIP,0.9999992876852584
AJAKON,RUGYOJ,0.9998538963626172
AJAKON,GOYLUB,0.9074472856803352
VOSSUT,PUNYED,0.8739081807606615
VOSSUT,ABAYOU,0.8737558359020576
VOSSUT,HABZEQ,0.8511186295971928
VOSSUT,XEVSIB01,0.8505996947645783
VOSSUT,XEVSIB,0.8505553724466792
VOSSUT,EJINIV01,0.8425015565960767
VOSSUT,EJINIV,0.8424805350605847
VOSSUT,IGAHED02,0.8402062015164548
VOSSUT,SACMOA,0.840124777030101
VOSSUT,OCACUR,0.8401074029452683
VOSSUT,UGECEO01,0.8400518961418182
VOSSUT,UGECEO03,0.8399781766108819
IGAHED02,SACMOA,0.9999323333826275
IGAHED02,OCACUR,0.9998840650244653
IGAHED02,UGECEO,0.9996822458927628
IGAHED02,IGAHED03,0.999398286569586
IGAHED02,KUHNEI,0.9951121181790356
IGAHED02,NAVJAW01,0.8681974825860815
IGAHED02,XEVSIB01,0.8633159476504189
ZAQXEX,SACCAD,0.999773512325624
ZAQXEX,IFABIA,0.86104612207969
ZAQXEX,IFABIA02,0.8609122561886766
VIFPUY,VIFPUY02,0.9999999790690556
VIFPUY,LOQLEJ,0.9999999778504712
VIFPUY,VIFPUY01,0.9999999729109282
VIFPUY,VACFOV,0.9999845004568606
VIFPUY,MAYJOM,0.9999578699622068
VIFPUY,GALJAG,0.9472135488896504
VIFPUY,WAQFAX,0.9468558875706744
VIFPUY,FIFGEI,0.9467350798114764
VIFPUY,FAHQEM,0.9435831082857814
VIFPUY,GALHUY,0.937567301781672
VIFPUY,CIFSIW,0.904293082479258
VIFPUY,CIFSES,0.9031395904931871
VIFPUY,FOSTIS,0.9030248457733104
VIFPUY,CUFFEP,0.8747410096601523
VIFPUY,YAMXOC,0.8747400934216683
VIFPUY,TIRFIK,0.855986668504915
CIJLIT,DUZPUL,0.8849463983126564
CIJLIT,VEHJUP,0.8460171557979479
CIJLIT,KUNLEL,0.8431164599884837
IMIDZB02,IMIDZB08,0.999999808388168
IXAJUN,NAPSUV,0.9850551073839872
IXAJUN,EDOSEY,0.9841871050049126
IXAJUN,KAGJOS,0.9090486641357568
IXAJUN,ANUGOG,0.8837433737086375
IXAJUN,HAWZEM,0.8792911433058208
IXAJUN,BAHGUN,0.8792885535929126
IXAJUN,BAHGUN04,0.8792809734249316
IXAJUN,BAHGUN02,0.8792104762844494
IXAJUN,QERZUI01,0.8792000647596837
IXAJUN,UFUNAK,0.8791435223194817
IXAJUN,UGEPEB01,0.8790952017432193
IXAJUN,UGEPEB,0.8788160427341483
IXAJUN,KAKTIA01,0.8787172319374049
IXAJUN,IPINAY,0.8782093227032644
IXAJUN,VOJPUG01,0.8781737248596316
IXAJUN,POFFAT,0.8773185392006659
IXAJUN,YIMQOD,0.8772044470613422
IXAJUN,LAYXER,0.8729979669470964
IXAJUN,ANUGEW,0.8728892697828035
IXAJUN,QIWQES,0.8725610131064625
IXAJUN,GAVDUD,0.8611568898772316
IXAJUN,OHOMIH,0.8608348842906082
IXAJUN,QIZLIW,0.8606802806195887
IXAJUN,EPISOM,0.8603653522739827
IXAJUN,DOTSOV16,0.8583067394989237
IXAJUN,DOTSOV08,0.8583066833401151
IXAJUN,DOTSOV10,0.8583036025129753
IXAJUN,EBAMUS,0.8578843619627695
IXAJUN,DIHVIB,0.8571523050555314
IXAJUN,SOZHOG,0.8546488547971991
IXAJUN,IDUSIM01,0.8545281863913256
IXAJUN,UNACES,0.8545145901170265
IXAJUN,IDUSIM02,0.8544945808625211
IXAJUN,UNABUH,0.8544858634374112
IXAJUN,IDUTIN,0.8544490747322064
IXAJUN,ASUKEE01,0.8457218801951778
IXAJUN,FITSAD,0.8456004075620012
IXAJUN,KOGYIP,0.8448966059049811
IXAJUN,YOZNOS,0.8448871408714029
IXAJUN,OJOQAF02,0.8436647127814767
IXAJUN,OJOQAF01,0.8435879413440512
IXAJUN,BAZGAM,0.8434095224183603
IXAJUN,CEKHUY,0.8412546658469727
IXAJUN,HIDTUM,0.8411959695195399
IXAJUN,BAZFUF01,0.837758150997973
ANUGEW,LAYXAN,0.9993711749082734
ANUGEW,ANUGOG,0.9859815713568748
ANUGEW,BAZGAM,0.9739567266557252
ANUGEW,BAZFUF01,0.9696291874138208
ANUGEW,QOWRAV09,0.9595562330222152
ANUGEW,QOWRAV11,0.9595457140536844
ANUGEW,QOWRAV08,0.959524374342895
ANUGEW,QOWRAV02,0.959417911077482
ANUGEW,EXOGAB,0.9472855626589074
ANUGEW,MIKVEK,0.9192138655316552
ANUGEW,FISGOF,0.9073438430974894
ANUGEW,YUSWEP,0.9046461197762484
ANUGEW,EPISOM,0.8871636619078479
ANUGEW,NAPSUV,0.884846474045127
ANUGEW,RUJMEQ,0.8783908769604571
ANUGEW,NIGDIS,0.8716345040160856
ANUGEW,SEMNIJ,0.8692013636088884
ANUGEW,NEMCOA,0.865890193972952
ANUGEW,CEKHUY,0.8657929224261266
ANUGEW,KAGJOS,0.865759940662986
ANUGEW,HIDTUM,0.8656119579302111
ANUGEW,ICAGOK,0.8652028866670892
ANUGEW,SIXNIZ,0.864214434405081
ANUGEW,ASIVAB,0.8641341811639177
ANUGEW,YIMQOD,0.8635911712330852
ANUGEW,KIRFOI,0.8574729085980417
ANUGEW,QIZLIW,0.8548972372879069
ANUGEW,DOTSOV16,0.8531912827490056
ANUGEW,DOTSOV08,0.853191237672731
ANUGEW,EBAMUS,0.8528239913670914
ANUGEW,DIHVIB01,0.8525137337411546
ANUGEW,DIHVIB,0.8522451990014255
ANUGEW,SIXNUL,0.8438535320135283
ANUGEW,YOZNOS,0.8406825073299605
ANUGEW,ADASEF,0.838436849560402
VAXTEV,EREGOY,0.8526775472346634
VAXTEV,POKZOG,0.8400881717626113
MOXDIN,MOXDIN01,0.9999998639528048
LIDSEY,LIDSAU,0.999944612132856
LIDSEY,JAMSEY,0.9968604866644646
LIDSEY,FEVDIV,0.9776680540859976
LIDSEY,PINPAG,0.9334570798349042
LIDSEY,BEJKEJ,0.9090448702973394
LIDSEY,GAWZOW,0.9087005437838642
LIDSEY,CAXZUY,0.9084446826277895
LIDSEY,TEVVIC,0.9084063025429078
LIDSEY,TEVVAU,0.908134128565241
LIDSEY,XADWIK,0.9041330918881576
LIDSEY,TEVVOI,0.9038435310261598
LIDSEY,KEVBUK01,0.8865221590876561
LIDSEY,ROGLOP,0.8792839831763315
LIDSEY,UFATEA01,0.8792612266625108
LIDSEY,BIKMEP,0.8789273370634865
LIDSEY,UFATEA,0.8745959695068558
LIDSEY,XUJQAV,0.8611414562063239
LIDSEY,XUJPEY,0.8610935974993732
LIDSEY,PUNYON,0.8559948845955246
UFATEA01,ACICOH,0.9998717810499776
UFATEA01,HOGSIG,0.9999556114385568
UFATEA01,ROGLOP,0.9999348471716742
UFATEA01,UFATEA,0.9945294139777312
UFATEA01,TEVVIC,0.9226305858045908
UFATEA01,CAXZUY,0.9220826173148856
UFATEA01,LIDSAU,0.8792872448867032
UFATEA01,FEVDIV,0.8784024097977441
UFATEA01,JAMSEY,0.8760442337002387
UFATEA01,KEVBUK01,0.859877090790464
UFATEA01,XADWIK,0.8511601409500339
UFATEA01,XADWIK01,0.8505727860626242
UFATEA01,PINPAG,0.8437490207111606
TIDNIF,SIDXOV,0.9689346637942544
TIDNIF,DIDBAV,0.9089841494759132
TIDNIF,DIDBID,0.908876191787696
TIDNIF,DIDBEZ,0.9087873170110496
TIDNIF,JODGIU,0.9086620778832222
TIDNIF,FUMJAZ01,0.9070716560322668
TIDNIF,ERUNOW,0.9063412806339288
TIDNIF,FISQEG,0.8936150605107049
TIDNIF,XALMOO,0.8847775227059478
TIDNIF,YATDOP,0.8844651923532572
TIDNIF,DIQHAO,0.8783003560757291
TIDNIF,BIKMAL01,0.8774944440016116
TIDNIF,VEDFER,0.8773531063407312
TIDNIF,CEYPUT01,0.8773045220360802
TIDNIF,VEDFAN,0.8770069581422776
TIDNIF,AHETAK,0.8769648304415102
TIDNIF,VEDFUH,0.8769510054780316
TIDNIF,VODNOS,0.8768594232165025
TIDNIF,KEJWAY,0.8768560920239958
TIDNIF,OJOBAS,0.8768204182342387
TIDNIF,CEYPUT,0.8768128251974625
TIDNIF,ABAVUV,0.875475608458422
TIDNIF,PUNYED,0.8565489655189549
TIDNIF,YIRSUQ,0.8509893890265046
TIDNIF,DIBQOW,0.8391059053838545
TIDNIF,HELDOT,0.8384198695806832
IDIXAU,QAQSAD,0.9989801900966538
IDIXAU,MIMRAB01,0.9964225217541668
IDIXAU,DIRPOL,0.918398442195108
IDIXAU,VEGMOK04,0.8829989170513792
IDIXAU,IFABIA,0.8823217351564414
IDIXAU,IFABIA02,0.8820166934832719
IDIXAU,AQOROP,0.8533444943573497
IDIXAU,FUVBAB,0.8493880705739421
IDIXAU,VEHJUP,0.84551602638925
IDIXAU,GUGNON,0.842350453109382
IDIXAU,KUNLEL,0.8390810539055439
HURGEH,JOPGIG,0.9999979919621816
VOLRAQ,GUGNON,0.9921947562006748
VOLRAQ,DITTEH,0.9426311913487212
VOLRAQ,DUPKAC,0.9359940589522572
VOLRAQ,IFABIA02,0.904557757542936
VOLRAQ,IFABIA,0.9044777862877362
VOLRAQ,XAFFAN,0.8755818146217453
VOLRAQ,YICQOS,0.8679193319717412
VOLRAQ,DUZPUL,0.8648344192637931
VOLRAQ,VANHEA,0.8493196304097302
VOLRAQ,EJIQIZ,0.8411197911184741
VOLRAQ,VEHJUP,0.8380544110829452
VOLRAQ,LEYLIN,0.8378042539634573
UKOLOV,VEGMOK04,0.8872559356894251
UKOLOV,IFABIA,0.8871174680262347
UKOLOV,IFABIA02,0.8869547342580568
UKOLOV,XAFFAN,0.86526875919726
UKOLOV,SIXWON,0.8417094092613906
ILECIN,DOHDOU,0.9999521240430648
ILECIN,SIRBIG06,0.9999600085305882
ILECIN,LIJWUX,0.9998642959720716
ILECIN,LICSEW04,0.9997949991190542
ILECIN,NAXVOY,0.9996232821105182
ILECIN,AMURUX08,0.9995827332527172
ILECIN,AMURUX10,0.999399387489885
ILECIN,MOPQIT,0.9985522731882692
ILECIN,NAXVOY04,0.9984328863989766
ILECIN,NIWZIE01,0.9981537460611932
ILECIN,NIWZIE08,0.9979780073996825
ILECIN,NIWZIE02,0.9979084183414682
ILECIN,NIWPIU,0.9974776794789804
ILECIN,NIWZIE18,0.997445855881814
ISIYOZ01,ISIYUF01,0.9998855757180154
ISIYOZ01,ERFORD01,0.9970897651540902
EBEXIU02,EBEXEQ01,0.9996487461777772
EBEXIU02,DIGPER,0.9999913064463848
REYDOR,POFGUO,0.9947369019052912
REYDOR,AZAYEH,0.8985873852668421
REYDOR,MAQDUD,0.8714654959961985
QATLEE,EDOWEC,0.9994110565684606
QATLEE,CIFGOP,0.9994892030014836
QATLEE,YARGAB,0.8636364151080737
QATLEE,TIRQOB,0.8636248981250797
YIMQOD,EXOGAB,0.911211054790525
YIMQOD,NAPSUV,0.8987183836078709
YIMQOD,ANUGOG,0.8825068091696646
YIMQOD,IDUDES,0.8695850887943721
YIMQOD,MUNDOQ,0.8612309011763761
YIMQOD,MIKVEK,0.8573393106246878
YIMQOD,EPISOM,0.8547835029796425
YIMQOD,RUJMEQ,0.8500718672380726
YIMQOD,QOWRAV09,0.8460010692112354
YIMQOD,QOWRAV11,0.8459987683105059
YIMQOD,QOWRAV08,0.8459940910835959
YIMQOD,QOWRAV02,0.845970570049216
YIMQOD,BAZFUF01,0.8459460274983449
YIMQOD,ENIHUG,0.8458216754897201
YIMQOD,QAWHIH,0.8393625793410502
YIMQOD,BAZGAM,0.8382268731974042
YIMQOD,DIHVIB,0.83781606111656
NEMCOA,MIKVEK,0.9364193839574952
NEMCOA,PAFZEE,0.8935871611350532
NEMCOA,EXOGAB,0.8845318896336294
NEMCOA,ANUGOG,0.8781590323630847
NEMCOA,GAVDUD,0.8779614963527218
NEMCOA,QIZLIW,0.8775748655505494
NEMCOA,OHOMIH,0.877561983971639
NEMCOA,EBAMUS,0.87492333173193
NEMCOA,DIHVIB01,0.8745331943193678
NEMCOA,LUDLED,0.87449321645312
NEMCOA,KIRFOI,0.8721936485093225
NEMCOA,QAWHIH,0.8705032837704797
NEMCOA,LAYXER,0.865962450445471
NEMCOA,LAYXAN,0.8656877851688551
NEMCOA,YOZNOS,0.8621009466864631
NEMCOA,NIGDIS,0.8391950396068317
GAXROO,TALKAT,0.9998976531916018
GAXROO,DITYEM02,0.9952837580987306
LIRVAK,KIKRAA,0.9999810106401896
LIRVAK,RAGREY,0.9998205600373736
LIRVAK,PEKZIP,0.9996976001259176
LIRVAK,KOGYIP,0.9995631632287378
LIRVAK,OJOQAF01,0.996894932100014
LIRVAK,KAGJOS,0.8610664851030154
LIRVAK,HAJPEQ,0.8598493354408752
LIRVAK,ICAGOK,0.8596495783000798
LIRVAK,MOXPIZ,0.8380346653115482
CESYEF01,GEWROS,0.8623724430380453
QUQFOY,DUWBEE,0.9819609369141264
QUQFOY,FESYEK,0.9412630020460916
QUQFOY,CEHKUW,0.9330113411967772
QUQFOY,PARKUQ01,0.9325988512635058
QUQFOY,FUMJAA,0.9319566847832552
QUQFOY,QEKLID,0.9192518177760444
QUQFOY,QEKLID01,0.9192454447251088
QUQFOY,DELGIN,0.9167338269112628
QUQFOY,CIKCOQ,0.8897904574297317
QUQFOY,OKOSUE,0.8747310090170924
QUQFOY,PAQXUC,0.8591325993941882
QUQFOY,PAQYAJ01,0.8589344922858448
QUQFOY,MICJOA,0.853547862072332
QUQFOY,LIQFEY,0.8535352498582544
QUQFOY,GERWOR,0.853251808637262
QUQFOY,FIVRUA,0.8448128119326059
QUQFOY,TEMDIB,0.843045113035701
QUQFOY,IJEYEC,0.8410775526543262
QUQFOY,YAYNEU,0.8408105095283336
QUQFOY,XEDGIY,0.8387432486893402
JAXNUU,DEGJIK,0.9999998419963694
JAXNUU,QOMSAO,0.9999739912551016
JAXNUU,QOMRUH,0.9999503344846314
JAXNUU,PASGAU,0.9999448179141356
JAXNUU,PIZHOX,0.9999062303834058
JAXNUU,QONLEM,0.9997191105454488
JAXNUU,CISLUN,0.9997125892447845
JAXNUU,QONLIQ,0.99963043884043
JAXNUU,FUQJUX,0.9986480740747494
JAXNUU,PEBNER,0.9979163754996392
JAXNUU,JAVNIE,0.9971877533398902
JAXNUU,HOSPEL,0.9953803823408942
JAXNUU,VUQJEX01,0.9950876469019524
JAXNUU,VUQJEX,0.9950209329645796
JAXNUU,PENLEB,0.8678735377866438
JAXNUU,QITZUP,0.8676638841654818
JAXNUU,CEXJUN02,0.8622792650451749
JAXNUU,CEXJUN03,0.8621793639661166
JAXNUU,RODSAG,0.8555522833326779
JAXNUU,REFBAH01,0.8545181396682413
JAXNUU,RAJPIE,0.8517440073531369
REFBAH01,REFBAH,0.9999812130598292
REFBAH01,RODSAG01,0.99995250864676
REFBAH01,RODSAG,0.9999040270335378
REFBAH01,BUZKUE,0.8579962745113013
REFBAH01,JAVNIE,0.8579290185336557
REFBAH01,VUQJEX01,0.8579036010806353
REFBAH01,PEBNER,0.8578386697377447
REFBAH01,FUQJUX,0.8575209600989057
REFBAH01,FUSWIA,0.8573733213825994
REFBAH01,CISLUN,0.8562352752854433
REFBAH01,QONLEM,0.8562194562504828
REFBAH01,QONKOV,0.8560221692689972
REFBAH01,PASGAU,0.8553427821781456
REFBAH01,QOMRUH,0.8553030037797904
REFBAH01,QOMSAO,0.8550150070931302
QIWQES,VOJPUG01,0.9975238054304654
QIWQES,KAKTIA01,0.996099021476982
QIWQES,BAHGUN,0.9930850051554014
QIWQES,BAHGUN04,0.9927666817703747
QIWQES,BAHGUN02,0.992546243295644
QIWQES,QERZUI01,0.991690141924529
QIWQES,ICAGOK,0.9214669106136996
QIWQES,EDOSEY,0.8712161176634661
QIWQES,SOZHOG,0.8598093056139811
QIWQES,IDUSIM,0.8582495497842416
QIWQES,IDUSIM01,0.85805262401524
QIWQES,UNACES,0.8579237590613887
QIWQES,UNACIW,0.8578066466912312
QIWQES,IDUSIM02,0.8577689205573178
QIWQES,UNABUH,0.8577067333486011
QIWQES,QESBAR,0.8402049920414983
QOWRAV09,QOWRAV11,0.999999998072716
QOWRAV09,QOWRAV02,0.9999996681343588
QOWRAV09,BAZFUF01,0.9971488502727364
QOWRAV09,LAYXER,0.9574143469425808
QOWRAV09,ANUGOG,0.9568806447668328
QOWRAV09,YUSWEP,0.9311101375986442
QOWRAV09,CEFNIN,0.9114353482559528
QOWRAV09,EXOGAB,0.9075639318408186
QOWRAV09,FISGOF,0.90125378528982
QOWRAV09,ENIHUG,0.8678281998797179
QOWRAV09,MUNDOQ,0.8595537246573216
QOWRAV09,EDOSEY,0.8572541214138689
QOWRAV09,NAPSUV,0.8564670849123817
QOWRAV09,ASIVAB,0.852725898427294
QOWRAV09,EPISOM,0.8508985882810752
QOWRAV09,RUJMEQ,0.8471079480043329
QOWRAV09,QAWHIH,0.838263440391739
IFABIA02,VEGMOK04,0.9997973919445914
IFABIA02,ODODIW,0.9080245164517676
IFABIA02,WUHNUK,0.9077506096932028
IFABIA02,GUGNON,0.9072905599807556
IFABIA02,QEDZEG,0.8948353820186727
IFABIA02,SACHIP,0.8927670321841692
IFABIA02,DITTEH,0.8869956647636987
IFABIA02,MIMRAB01,0.8850564800640838
IFABIA02,ZARLIP,0.8766890393277538
IFABIA02,FUVBAB,0.8740966539313703
IFABIA02,YICQOS,0.8599406235031204
IFABIA02,SIXWON,0.8533300936454852
IFABIA02,TACJEO,0.8524569341454908
IFABIA02,WOJZOK01,0.8507269381623719
IFABIA02,NISCOJ,0.8462999934285119
IFABIA02,IGINIX,0.8460291293324483
IFABIA02,HOKLIE,0.8394600953061158
FONQAC,JUYJIY,0.984450389823546
FONQAC,FIVRUA,0.927550371696716
FONQAC,ULOGIL,0.8732698635165861
FONQAC,EKUNON01,0.8727056592143903
FONQAC,EKUNON02,0.8725511191072661
FONQAC,RUXWEM03,0.8670024951916886
FONQAC,FALGIK,0.8625144085689882
FONQAC,YICRAF,0.8614464814219376
FONQAC,GOYLUB,0.852529224862638
FONQAC,NOLRIR,0.8402856390514097
FONQAC,QEKLID,0.8379305656911317
NIKZAJ01,NIHBAI02,0.9999983637492432
NIKZAJ01,NIKYOW,0.9999976502230556
NIKZAJ01,NIHBAI01,0.9999935007803986
NIKZAJ01,NIKZEN,0.9999897576454968
NIKZAJ01,CAJHUS01,0.9999897103436756
NIKZAJ01,IZAKAX,0.9999697867398308
NIKZAJ01,NIHBEM01,0.9999652203136244
NIKZAJ01,NUDPAE12,0.9996046705718802
NIKZAJ01,VICBEQ,0.9985929459438893
NIKZAJ01,NUDPAE01,0.9985388524160717
NIKZAJ01,NUDPAE09,0.997810206301687
NIKZAJ01,PESTAL,0.9964947088805766
NIKZAJ01,NUDNUW01,0.9963749286273168
OHOMIH,DOTSOV16,0.99492323363487
OHOMIH,EBAMUS,0.9944449231409052
OHOMIH,DIHVIB01,0.9938350646251594
OHOMIH,LUDLED,0.9937814007659816
OHOMIH,DIHVIB,0.9934194457675524
OHOMIH,QAWHIH,0.9887159785296388
OHOMIH,YOZNOS,0.980237496788808
OHOMIH,MIKVEK,0.9325090118289648
OHOMIH,CITXUZ,0.9186227399434392
OHOMIH,PIDRAY,0.9080757499989862
OHOMIH,HOGLEV01,0.905478865917408
OHOMIH,EXOGAB,0.9052247963270004
OHOMIH,HOGLEV,0.9051026858830212
OHOMIH,YUGLES,0.8992563958637466
OHOMIH,OFOCUI,0.8988601634622446
OHOMIH,HUCBOX,0.8924605339875983
OHOMIH,LUDLAZ,0.8853994350031928
OHOMIH,EXAXAE,0.8845054102881963
OHOMIH,HIDTUM,0.8778671578616966
OHOMIH,CEKHUY,0.8777224539207743
OHOMIH,DICKEH,0.8755911180294563
OHOMIH,ANUGOG,0.8726632326277702
OHOMIH,KIRFOI,0.8688795155051398
OHOMIH,XITYOP,0.8607502341170867
OHOMIH,NIGDIS,0.8568820355354045
OHOMIH,LAYXAN,0.8550102473623065
OHOMIH,LAYXER,0.8546272019597897
OHOMIH,TOVWAE,0.8520058809397273
OHOMIH,EPISOM,0.8506397529285049
OHOMIH,FAMQAO,0.8470264521569146
OHOMIH,NAPSUV,0.8464488720933478
OHOMIH,RUJMEQ,0.8414860774985194
OHOMIH,BAZGAM,0.8387302278863429
EXOGAB,ANUGOG,0.9625887472865
EXOGAB,LAYXER,0.9467533730276896
EXOGAB,LAYXAN,0.9453311111871154
EXOGAB,MIKVEK,0.940869297760161
EXOGAB,EPISOM,0.9327800972402388
EXOGAB,EDOSEY,0.9317373377579884
EXOGAB,RUJMEQ,0.9240306648557952
EXOGAB,NIGDIS,0.9176427154251272
EXOGAB,BAZGAM,0.9159216982342544
EXOGAB,BAZFUF01,0.9148827504453748
EXOGAB,DOTSOV10,0.9079796243374832
EXOGAB,EBAMUS,0.907773207467048
EXOGAB,QOWRAV08,0.9075387865479142
EXOGAB,WULJUJ,0.9074652208246105
EXOGAB,QOWRAV02,0.9074547011341332
EXOGAB,QAWHIH,0.905590835207053
EXOGAB,YOZNOS,0.8979356070787968
EXOGAB,ENIHUG,0.8902885311293127
EXOGAB,FISGOF,0.8854257489946067
EXOGAB,KIRFOI,0.8756495706180979
EXOGAB,XITYOP,0.8672911995167788
EXOGAB,FAMQAO,0.8601713418184029
EXOGAB,FAMQES,0.8600362798342448
EXOGAB,YUSWEP,0.8581386786250871
EXOGAB,BABREE,0.8535105925888861
EXOGAB,MOFGOE,0.8534732913947047
EXOGAB,CITXUZ,0.8427123167009777
EXOGAB,IWEVAJ,0.8414050631628112
RAJPIE,REFBAH,0.99962434195106
RAJPIE,RODSAG01,0.999280898003993
RAJPIE,RODSAG,0.9991254211328268
RAJPIE,WIFSAI01,0.9217773132269568
RAJPIE,VUQJEX01,0.8579534365943375
RAJPIE,PEBNER,0.8568962443531586
RAJPIE,HOSPEL,0.8562121615019034
RAJPIE,FUSWIA,0.8559464906996499
RAJPIE,CISLUN,0.8541166679666181
RAJPIE,QONKOV,0.8538073661819902
RAJPIE,PASGAU,0.852859589205524
RAJPIE,DEGJIK,0.8518065396157624
VUQJEX01,VUQJEX,0.9999997726526206
VUQJEX01,BUZKUE,0.9997367457256428
VUQJEX01,JAVNIE,0.9995061395544168
VUQJEX01,PEBNER,0.9993987641235156
VUQJEX01,FUQJUX,0.9988837433816716
VUQJEX01,FUSWIA,0.998669351020895
VUQJEX01,QONLIQ,0.9974033278651868
VUQJEX01,QONLEM,0.9971492617203916
VUQJEX01,CISLUN,0.997142741160133
VUQJEX01,QONKOV,0.9968790439429918
VUQJEX01,PIZHOX,0.9963282279403132
VUQJEX01,PASGAU,0.9960653550998568
VUQJEX01,QOMRUH,0.9960202979790522
VUQJEX01,QOMSAO,0.9956480392881076
VUQJEX01,DEGJIK,0.995142937084889
VUQJEX01,PENLEB,0.8758264479321098
VUQJEX01,QITZUP,0.875761950545819
VUQJEX01,CEXJUN02,0.8625248660967062
VUQJEX01,RODSAG,0.8576312827111026
HUZJIW,UFUKUB02,0.9986162219522576
HUZJIW,UFUKUB03,0.998444436985208
HUZJIW,PUNYED,0.9196208668243452
HUZJIW,ABAYOU,0.9194288974514104
HUZJIW,KESFIA,0.8674068065772996
HUZJIW,FUDHET,0.8428779649005008
HUZJIW,ALIXID,0.8421911124654482
HUZJIW,EBIMEJ,0.8395170129525995
HUZJIW,FUDHAP,0.8391516008509126
QAQSAD,MIMRAB01,0.9991608085970392
QAQSAD,DIRPOL,0.9205157446783188
QAQSAD,IFABIA,0.8846512961493492
QAQSAD,AQOROP,0.8570630918736678
QAQSAD,FUVBAB,0.8500360845911494
QAQSAD,VEHJUP,0.8487998762526153
QAQSAD,KUNLEL,0.8447203343635091
QAQSAD,GUGNON,0.8429542734105708
QAQSAD,WUHNUK,0.8408986121935829
WULJUJ,EBAMUS,0.9995822473091094
WULJUJ,DOTSOV16,0.9990948749044504
WULJUJ,LUDLED,0.9988843599473414
WULJUJ,GAVDUD,0.9973780262375262
WULJUJ,BABREE,0.9320377033243384
WULJUJ,MIKVEK,0.9308573232484116
WULJUJ,HOGLEV,0.907416558040027
WULJUJ,OFOCUI,0.9069289917055184
WULJUJ,NUTQAV,0.9059502189370302
WULJUJ,MOCKAR,0.9053206524242848
WULJUJ,ALIXUP,0.9022455348535524
WULJUJ,HUCBOX,0.897150032290803
WULJUJ,MOFGOE,0.8958743765133648
WULJUJ,RUVKAV,0.8864892172783514
WULJUJ,LUDLAZ,0.8861669539540161
WULJUJ,ADONEP,0.8849434410634653
WULJUJ,PAFZEE,0.883999454050598
WULJUJ,EXAXAE,0.8828678850622173
WULJUJ,ANUGOG,0.8770250058552561
WULJUJ,DICKEH,0.8769999611914356
WULJUJ,KIRFOI,0.8667409083848285
WULJUJ,NIGDIS,0.8604417119577298
WULJUJ,IWEQAD,0.8602537068006499
WULJUJ,TOVWAE,0.8591490566546123
WULJUJ,LAYXER,0.8525060406263298
WULJUJ,FAMQAO,0.8523718292525114
WULJUJ,FAMPUH,0.8523180685026517
WULJUJ,NAPSUV,0.8522168225349294
WULJUJ,EDOSEY,0.851888630806053
WULJUJ,RUJMEQ,0.8455273608283604
WULJUJ,BAZGAM,0.8393741631834029
PUNDUY,PARKUQ01,0.9999364095982536
DUPKAC,OMUSAS,0.8272492983298958
DUPKAC,LEYLIN,0.8912249879679075
DUPKAC,IFABIA,0.877243979396716
DUPKAC,QEDZEG,0.8699876025472697
DUPKAC,XAFFAN,0.8527220827583739
DUPKAC,VANHEA,0.8444036801412365
DUPKAC,YICQOS,0.8411846751352619
DUPKAC,EJIQIZ,0.8381857477261543
VIXKOE,ERIQUS,0.90783629348279
VIXKOE,XILBAW,0.9077261463952478
POCMEA03,POCMEA01,0.9999989151525884
POCMEA03,POCMEA,0.9999972216380336
POCMEA03,INICPB02,0.999991807865584
POCMEA03,INICPB01,0.9999616071448476
POCMEA03,XILBAW,0.8850593151850417
POCMEA03,LONHON,0.8837728232838366
POCMEA03,ERIQUS,0.8835616539430318
IMUTUG,IMUVAO,0.9999748506903882
IMUTUG,IMUVES,0.999959678672884
MIMRAB01,DIRPOL,0.920596442934578
MIMRAB01,IFABIA,0.8848876298356727
MIMRAB01,AQOROP,0.8585467483410197
MIMRAB01,OFIXOR,0.8499211059589127
MIMRAB01,KUNLEL,0.8478059282712573
IJOMOJ03,DADTOS10,0.99999972038206
IJOMOJ03,YANWOC,0.9999995702124556
IJOMOJ03,DADTOS07,0.9999968178336304
IJOMOJ03,DIDVIW,0.9999957050464476
IJOMOJ03,REZJIR04,0.9999956846653884
IJOMOJ03,DADTOS12,0.9999954784067446
IJOMOJ03,DADTOS11,0.9999941836089452
IJOMOJ03,JEDKIP01,0.999993689933966
IJOMOJ03,YANWOC02,0.9999882936138778
IJOMOJ03,DADTOS14,0.9999734942343248
IJOMOJ03,DADTOS15,0.9999430457578212
IJOMOJ03,REZJIR02,0.9999383619010844
IJOMOJ03,YUKTUU,0.999936476186692
IJOMOJ03,DADTOS16,0.9999136145548958
IJOMOJ03,PADJOU,0.9998939639617715
IJOMOJ03,LIJWOR06,0.9998531391111488
IJOMOJ03,LIJWOR05,0.9997949429036532
IJOMOJ03,IJOMOJ01,0.9997741273601624
IJOMOJ03,NURGUE,0.9997368205591286
IJOMOJ03,SIWPUL04,0.9997272885568168
IJOMOJ03,IQEWOQ,0.9988649715771708
LUDLED,DIHVIB01,0.9999998715543694
LUDLED,DOTSOV10,0.9999419207127525
LUDLED,DOTSOV08,0.9999414790303616
LUDLED,QAWHIH,0.9992381384335612
LUDLED,QIZLIW,0.9984613587278393
LUDLED,GAVDUD,0.9963355261838795
LUDLED,IWEVAJ,0.9186777512860944
LUDLED,CITXUZ,0.9184217391501444
LUDLED,YUGLES,0.9079894090912336
LUDLED,HOGLEV,0.907724985495841
LUDLED,OFOCUI,0.9076775578039395
LUDLED,MOCKAR,0.907431683008044
LUDLED,ALIXUP,0.900205368398078
LUDLED,HUCBOX01,0.8972411839725276
LUDLED,HUCBOX,0.8970005996880646
LUDLED,MOFGOE,0.8958527916908847
LUDLED,PAFZEE,0.8850760196665066
LUDLED,ADONEP,0.8844521961175273
LUDLED,EXAXAE,0.8820442979352404
LUDLED,ANUGOG,0.8779274553865108
LUDLED,DICKEH,0.8770487371078034
LUDLED,HIDTUM,0.8731902222192225
LUDLED,KIRFOI,0.865781120690853
LUDLED,IWEQAD,0.8610775598147096
LUDLED,NIGDIS,0.8609704067717681
LUDLED,OGEBAF,0.8586880863162638
LUDLED,XITYOP,0.857546622196536
LUDLED,FAMQAO,0.8535495948198911
LUDLED,FAMPUH,0.8535423259744046
LUDLED,FAMQES,0.8535337640447258
LUDLED,NAPSUV,0.853523499469407
LUDLED,EPISOM,0.8525615737846701
LUDLED,LAYXER,0.8515353887974461
LUDLED,LAYXAN,0.8493354853606816
LUDLED,BAZFUF01,0.8398730105015666
LUDLED,SEMNIJ,0.8395992497342244
WEHHIC,GAWMOJ,0.8958249687816453
WEHHIC,TACJEO,0.8932532138262235
WEHHIC,FUVBAB,0.8533451556731484
WEHHIC,VEHJUP,0.8528218447920751
WEHHIC,FAHMIM,0.8526496698511733
WEHHIC,KUNLEL,0.849380512178423
IWEVAJ,CITXUZ,0.9974335431877096
IWEVAJ,PAFZEE,0.9691987684226128
IWEVAJ,EBAMUS,0.919467600070609
IWEVAJ,CEKHUY,0.918876459378809
IWEVAJ,DOTSOV08,0.9187164058135306
IWEVAJ,DIHVIB01,0.918689890851092
IWEVAJ,QAWHIH,0.9175692680605042
IWEVAJ,BABREE,0.8618545532823667
IWEVAJ,MIKVEK,0.8601465967434873
IWEVAJ,MOCKAR,0.8404228071024346
CEJXEW,QACTUJ,0.94395618453665
CEJXEW,BOJYIK,0.9438842404597396
CEJXEW,AYOZOF,0.9413512782313738
CEJXEW,WOJYUR,0.9330077067190348
CEJXEW,UMIZIB,0.93287186022222
CEJXEW,XADDAJ01,0.9324652023230916
CEJXEW,XADDAJ,0.932233406398632
CEJXEW,LEDHEJ,0.9303176678928337
CEJXEW,YICXIU,0.8954872737120784
CEJXEW,ACODON,0.8849466061839174
CEJXEW,DEKYOK,0.8848000768811343
CEJXEW,VUKTOM,0.8651449675720569
CEJXEW,ZAXSAV,0.8647775707347586
CEJXEW,EWETUW,0.8646362405449525
CEJXEW,CUXPOB,0.864295765095459
KAGJOS,ICAGOK,0.999444848791368
KAGJOS,KAKTIA01,0.923395236827046
KAGJOS,UFUNAK,0.923220094920871
KAGJOS,VOJPUG01,0.9231420948837874
KAGJOS,IPINAY,0.923000333794836
KAGJOS,HAWZEM,0.9229342281952008
KAGJOS,BAHGUN,0.9229272245147534
KAGJOS,BAHGUN02,0.9229171546008008
KAGJOS,BAHGUN03,0.922888390524236
KAGJOS,BAHGUN04,0.9228486292717812
KAGJOS,QERZUI01,0.9225918285451822
KAGJOS,POFFAT,0.9225199569413796
KAGJOS,UGEPEB01,0.9224681226765148
KAGJOS,BAZFUF01,0.8817964783358906
KAGJOS,CEFNIN,0.880636526523192
KAGJOS,QOWRAV11,0.8724358727291142
KAGJOS,QOWRAV08,0.8724157194425769
KAGJOS,QOWRAV02,0.8723151362721373
KAGJOS,FITSAD,0.861774534512583
KAGJOS,ASUKEE01,0.8616746913271273
KAGJOS,KIKRAA,0.8608045203356284
KAGJOS,PEKZIP,0.8598015918848702
KAGJOS,KOGYIP,0.8594804227967896
KAGJOS,ANUGOG,0.8555875840757763
EBAMUS,DOTSOV10,0.9998458843052284
EBAMUS,DOTSOV08,0.9998457396489916
EBAMUS,DOTSOV16,0.9998457380668668
EBAMUS,DIHVIB01,0.9998311478848888
EBAMUS,DIHVIB,0.9997966189065376
EBAMUS,QAWHIH,0.9987780404734832
EBAMUS,YOZNOS,0.9932561682603022
EBAMUS,MIKVEK,0.9302851959966016
EBAMUS,HOGLEV,0.9077875589625772
EBAMUS,OFOCUI,0.9077393935887048
EBAMUS,HOGLEV01,0.9076501652733492
EBAMUS,YUGLES,0.9076493817647542
EBAMUS,XIJSUH,0.906970085271195
EBAMUS,MOCKAR,0.9069639255322208
EBAMUS,ALIXUP,0.9009535462405872
EBAMUS,PIDRAY,0.9005807625670317
EBAMUS,HUCBOX,0.8973185397288477
EBAMUS,HUCBOX01,0.8971747282851334
EBAMUS,MOFGOE,0.8960094418371314
EBAMUS,RUVKAV,0.8870167643827936
EBAMUS,ADONEP,0.8848786992304853
EBAMUS,EXAXAE,0.8824378245083733
EBAMUS,ANUGOG,0.8778151989724549
EBAMUS,HIDTUM,0.8737282034838066
EBAMUS,KIRFOI,0.8662136119943902
EBAMUS,NIGDIS,0.860983030997742
EBAMUS,TOVWAE,0.8605156619874716
EBAMUS,XITYOP,0.8581599999586524
EBAMUS,EPISOM,0.853057848755838
EBAMUS,LAYXAN,0.8499360811184442
EBAMUS,BAZFUF01,0.8395120602655691
EBAMUS,BAZGAM,0.8385923467175409
EBAMUS,ENIHUG,0.8384851094707316
UNACES,UNACIW,0.9999992769345052
UNACES,UNABUH,0.9999983225270042
UNACES,IDUSIM01,0.9999972746482448
UNACES,IDUSIM,0.9999965457274148
UNACES,IDUTIN,0.9999935426819856
UNACES,FAMPUH,0.879998279531829
UNACES,FAMQES,0.879830160765256
UNACES,QERZUI01,0.8666660584681208
UNACES,UGEPEB01,0.8666362276980494
UNACES,BAHGUN04,0.8666044191682023
UNACES,BAHGUN03,0.8665889834740087
UNACES,BAHGUN02,0.8665564469416619
UNACES,HAWZEM,0.8665514593835066
UNACES,UFUNAK,0.8661140974831739
UNACES,IPINAY,0.8646994033418127
UNACES,VOJPUG01,0.8646662799495686
UNACES,NAPSUV,0.8410945187783668
UNACES,EDOSEY,0.8400841406784182
OMOFED03,OVUDAL,0.8600621056262379
XAVQIU,XAVQIU01,0.999971781984482
UDUMIP03,UDUMIP,0.9999974818276888
ERUNOW,DIDBID,0.998913115151002
ERUNOW,ABAVUV,0.9233039349040518
ERUNOW,CEYPUT,0.9231074605643552
ERUNOW,CEYPUT01,0.9231046326034306
ERUNOW,OJOBAS,0.9231007418113812
ERUNOW,VEDGES,0.9229665011096932
ERUNOW,VEDGIW,0.9229498606040264
ERUNOW,VEDFER,0.9227584081256128
ERUNOW,VEDFAN,0.9227477708816894
ERUNOW,VEDFUH,0.9226983942676186
ERUNOW,TATSIS01,0.9207764605497558
ERUNOW,TATSIS,0.920496717862928
ERUNOW,NIDFOX,0.9140545056399922
ERUNOW,DIQHAO,0.9133080418322586
ERUNOW,FEVDER,0.908268499263327
ERUNOW,AZIHOI,0.9074146897496106
ERUNOW,SIDXOV,0.8967176907481911
ERUNOW,DIBQIQ,0.8857087966682283
ERUNOW,HELDOT,0.8849533030598625
ERUNOW,NOMPOW,0.884336889519177
ERUNOW,FUMJAZ,0.8792490612251708
ERUNOW,LUWZUZ01,0.8787173447366261
ERUNOW,LUWZUZ,0.8784572620091529
ERUNOW,JODGOA,0.8783391256614053
ERUNOW,YIRSUQ,0.8667380463956623
ERUNOW,FISQEG,0.8634803167221882
ERUNOW,XUDVAV,0.8569556304317081
GIZXET,YARGAB,0.999636153276508
YARGAB,TIRQOB,0.9993241650101626
YARGAB,CIFGOP,0.863708511827334
IZAVUA,IZAVUA01,0.9999560250379214
DOJXIK,OHIHUJ,0.9999883489364464
DOJXIK,KOQXUL,0.9992429085275416
DOJXIK,LESWAI,0.8635718584761487
DOJXIK,HAWDIU,0.8436561025259937
DOJXIK,HUSJUC,0.8433066331415136
VOJPUG01,IPINAY,0.9999466471776094
VOJPUG01,KAKTIA01,0.9998254518949176
VOJPUG01,POFFAT,0.999813255475424
VOJPUG01,HAWZEM,0.998864888753324
VOJPUG01,BAHGUN,0.9988221126871734
VOJPUG01,BAHGUN03,0.9987486631697704
VOJPUG01,QERZUI01,0.9982269947478924
VOJPUG01,UGEPEB01,0.9979614903588824
VOJPUG01,UGEPEB,0.9973039383472808
VOJPUG01,ICAGOK,0.9233425989749896
VOJPUG01,EDOSEY,0.869654291221642
VOJPUG01,IDUSIM,0.8648271719306153
VOJPUG01,IDUSIM01,0.864745361313429
VOJPUG01,UNACIW,0.8646172186830818
VOJPUG01,IDUTIN,0.8644349285757024
VOJPUG01,QESBAR,0.8438133495126638
VOJPUG01,ENITAX,0.842848394881017
FEYQOQ,CETFUD,0.9781164065234482
FEYQOQ,IKEJUF,0.9538210344080116
IXOFOR,IDIWOH02,0.9999999612869648
IDIWOH03,IXODUV,0.999999964167154
IDIWOH03,WIDQEG,0.9999999437234212
IDIWOH03,IDIWOH,0.999999874222505
IDIWOH03,WIDQAC,0.9999998682856784
IDIWOH03,IDIWOH06,0.999999722203326
IDIWOH03,IDIWOH05,0.9999996513609132
IDIWOH03,IXOFUX01,0.9999996485483916
IDIWOH03,XAVDEF,0.999999627923954
IDIWOH03,IXOFAD,0.9999974236331408
IDIWOH03,JUMDEC,0.9999957168604556
IDIWOH03,ATOTIM,0.9999392006923066
IDIWOH03,ALOVEC,0.996010042644182
IDIWOH03,PARFOF,0.8850355121878443
SURHEU02,UFOSOA,0.9999999978625488
SURHEU02,WIZMAV12,0.9469526230988848
SURHEU02,WIZMAV09,0.9469410589826934
SURHEU02,WIZMAV04,0.9469382035901508
SURHEU02,WIZMAV08,0.9469380928210566
SURHEU02,WIZMAV05,0.9469338579106308
SURHEU02,IXETEM,0.9082472031240574
SURHEU02,RUKDIM,0.907570229465818
SURHEU02,XULGIW,0.9075659169249796
SURHEU02,HERHAQ,0.9066064018795792
SURHEU02,EMIYUW,0.9050972524182456
SURHEU02,HERHEU,0.9046211852104532
SURHEU02,OXOLAP,0.904586970429266
SURHEU02,WUPTUY,0.9045603390244707
SURHEU02,GAYXEM,0.9031304689682454
SURHEU02,BUNLAZ,0.8982142491096713
SURHEU02,IZIBUQ,0.8904822295225714
SURHEU02,VIKSEQ,0.8779380359903076
SURHEU02,VIKROZ,0.8778771702613668
SURHEU02,DITJOH,0.8778585787593318
SURHEU02,VIKRIT,0.8776568780345883
SURHEU02,BOHWUS,0.8725075197223268
SURHEU02,HERHUK,0.8573076868259102
EDAGEX,JEXWUF,0.9997768912170352
EDAGEX,DADTUY05,0.9988824321933228
EDAGEX,DADTUY01,0.9988044800260818
EDAGEX,DADTUY11,0.9986323876027994
EDAGEX,YUKVEG,0.9985766143277832
EDAGEX,IGOPEB,0.9980112627726232
EDAGEX,SOJKOT05,0.9977661498023628
EDAGEX,SOJKOT06,0.9977103487118522
EDAGEX,SOJKOT07,0.9976385267081632
EDAGEX,MAJMOA03,0.9971628781087322
EDAGEX,DEFNIO,0.9946952341810332
ULOGIL,EKUNON01,0.9998979836718298
ULOGIL,EKUNON,0.999877616826456
ULOGIL,EKUNON02,0.9998507251119656
ULOGIL,FIVRUA,0.8656024427078501
ULOGIL,GOYLUB,0.8641780836117121
ULOGIL,MALWUU,0.8626704739878011
ULOGIL,LUWKIZ,0.8613435832561357
ULOGIL,YICRAF,0.8584151734701755
ULOGIL,AGONEQ,0.8566204357030536
ULOGIL,VOTHOD,0.850572497468972
ULOGIL,REXYAX,0.8466223697733405
ULOGIL,JUXZOT,0.840429378282283
RUXWEM03,PIKYIU,0.95601208599542
RUXWEM03,PIKYAM,0.9555617176125816
RUXWEM03,GOYLUB,0.9468287192457132
RUXWEM03,QEKLID,0.9323470701139014
RUXWEM03,NOLRIR,0.928300628449052
RUXWEM03,DELGIN,0.9277249977635044
RUXWEM03,JIYSUI,0.9012439290052856
RUXWEM03,JUXZOT,0.8842596453256582
RUXWEM03,YICRAF,0.8762072046657654
RUXWEM03,YUYLIP,0.8650562140494703
RUXWEM03,ENITEB,0.8647860449173957
RUXWEM03,RUGYOJ,0.8647198811859615
RUXWEM03,ZASJAG,0.8536218056555509
RUXWEM03,XEDGIY,0.8495057319511983
RUXWEM03,LARBOW,0.8454788544839438
RUXWEM03,RIGHAR,0.8443978011622301
RUXWEM03,LUWKIZ,0.8443793412588616
RUXWEM03,ROCZEQ,0.8411063311087935
RUXWEM03,PIQQOX,0.8379884912900799
ENITAX,IPINAY,0.8428899994788892
ENITAX,UFUNAK,0.8428888454762752
ENITAX,KAKTIA01,0.842847899173115
ENITAX,POFFAT,0.8425185109855018
ENITAX,HAWZEM,0.84247375279566
ENITAX,BAHGUN,0.8424345259382229
ENITAX,BAHGUN03,0.8423813317929014
ENITAX,BAHGUN02,0.8422257264850954
FALGIK,RUXWEM01,0.9987408685585576
FALGIK,PIKYIU,0.9526945295626328
FALGIK,QEKLID01,0.932811731263104
FALGIK,QEKLID,0.9327862194685064
FALGIK,AWEJIW,0.9316819466159842
FALGIK,IGUVIR,0.921454217422402
FALGIK,JIYSUI,0.903973916972906
FALGIK,FESYEK,0.8955154141729482
FALGIK,JUXZOT,0.8852727457788266
FALGIK,XEQRAO,0.8849428865129109
FALGIK,YICRAF,0.8728104006802508
FALGIK,WUHMOD,0.8651323454886721
FALGIK,ENITEB,0.864672476699346
FALGIK,YUYLIP,0.8641700490379766
FALGIK,POKZOG,0.8628610032154408
FALGIK,ZASJAG,0.8582569314190894
FALGIK,EVUDAA,0.8572696617341267
FALGIK,IVOLIQ,0.8547859730421171
FALGIK,BIJJOV,0.8546771353076981
FALGIK,JUYJIY,0.8498506228143482
FALGIK,XEDGIY,0.8493878086636382
FALGIK,ROCZEQ,0.8441398149982579
FALGIK,WUZGEF01,0.841347852433777
FALGIK,LARBOW,0.8398883703672577
FALGIK,LARBOW01,0.8398265670666034
HOGSIG,ROGLOP,0.999996839001402
HOGSIG,UFATEA,0.9954610552909936
HOGSIG,BEJKEJ,0.9229425181025992
HOGSIG,GAWZOW,0.9226014004480396
HOGSIG,TEVVIC,0.9222187199729605
HOGSIG,TEVVEY,0.922202806151957
HOGSIG,TEVVOI,0.9179011169173644
HOGSIG,LIDSAU,0.8792172620155716
HOGSIG,FEVDIV,0.878753364862181
HOGSIG,KEVBUK01,0.859560959225484
HOGSIG,XADWIK,0.852098156711133
HOGSIG,XADWIK01,0.8515622775069698
HOGSIG,PINPAG,0.8437524971922697
HOGSIG,VOWCIV,0.8426181090627672
ODOXEK,MITSUE,0.9999997494543128
ODOXEK,FUMJAA,0.999966918402946
ODOXEK,PARKUQ,0.9999573456516504
ODOXEK,CEHKUW,0.9993433523459074
ODOXEK,NABLIM,0.9982148346330082
ODOXEK,FESYEK,0.9082467093092608
ODOXEK,LIQFEY,0.9077417265125776
ODOXEK,GERWOR,0.9063042483122749
ODOXEK,QEKLID01,0.8867873898620047
ODOXEK,QEKLID,0.886746936635668
ODOXEK,JUVROJ,0.877625732836941
ODOXEK,NOLRIR,0.8735005009243864
ODOXEK,VOTHOD,0.8726368239779309
ODOXEK,GOYLUB,0.8702711646329353
ODOXEK,FIPKOG01,0.8609426359259666
ODOXEK,PENNAZ,0.8609358489420671
ODOXEK,CIKCOQ,0.8574477968688163
ODOXEK,DELGIN,0.8544678595810777
ODOXEK,AWEJIW,0.8542369004628887
ODOXEK,VIDWAI,0.8534360153005804
ODOXEK,DAKVIW,0.8527283058651904
ODOXEK,LUWKIZ,0.8482534835020863
ODOXEK,OKOSUE,0.8463029431979602
ODOXEK,TEMDIB,0.8394686591815481
FODGUB,FODGUB01,0.9999981208693388
FODGUB,HOQKII,0.9989775751201084
FODGUB,GIYTOY,0.8501487651525039
WUNSEE01,WUNVAD,0.999973722016252
WUNSEE01,OKIWEL,0.999960265451929
WUNSEE01,OKIYIR,0.999959968740428
WUNSEE01,OKIYIR01,0.9999593734220296
WUNSEE01,OKIYAJ01,0.999956592281224
WUNSEE01,WUNVEH,0.9999548929584368
WUNSEE01,OKIVIO01,0.9999465774922413
WUNSEE01,SAHYAD02,0.9999336000678544
WUNSEE01,WUNSII,0.9999162501200056
WUHNUK,VOPTAX,0.8096504718746136
WUHNUK,HUVGEM,0.9398034015060696
WUHNUK,IFABIA,0.907531830737026
WUHNUK,VEGMOK04,0.9071645323996442
WUHNUK,GAWMOJ,0.8596210641337416
WUHNUK,FUDGIW,0.8590925777474261
WUHNUK,ARIDIQ,0.8389486431343313
WUHNUK,MEQPEG,0.8380778386100937
SOQRUM,XUCHOS01,0.9990223580518988
SOQRUM,SEQSUE,0.8880486376540607
SOQRUM,SEQSEO01,0.8848912600525402
SOQRUM,XUJQAV,0.8764270644249921
SOQRUM,XUJPOI,0.8762379159310474
SOQRUM,XUJPEY,0.8740999229063975
SOQRUM,XUJPIC,0.8727569995535354
SOQRUM,LICROF,0.8402397936251795
DAFHID,QEZZED,0.9978775415099196
DAFHID,XUJQAV,0.8967230418846733
DAFHID,NUNPAP,0.8965322534768466
DAFHID,XUJPIC,0.8958730627349798
DAFHID,EZOFEF,0.8941744506872263
DAFHID,PUNYON,0.8940548024311
DAFHID,XADWIK02,0.8652551993131942
DAFHID,XADWIK,0.8651154393264693
DAFHID,XADWIK01,0.8647096211360883
LAYXAN,LAYXER,0.9997299459024062
LAYXAN,BAZGAM,0.9730466211276948
LAYXAN,BAZFUF01,0.9655877794079312
LAYXAN,MIKVEK,0.9188951791837529
LAYXAN,FISGOF,0.9047991756141656
LAYXAN,YUSWEP,0.9001277192827082
LAYXAN,CEFNIN,0.8842004845536963
LAYXAN,ENIHUG,0.884172644097969
LAYXAN,EDOSEY,0.8803879206704803
LAYXAN,RUJMEQ,0.8756789449414382
LAYXAN,NIGDIS,0.8691608876233712
LAYXAN,CEKHUY,0.865814706322477
LAYXAN,SIXNOF,0.8627401185675204
LAYXAN,SIXNIZ,0.8620576656664862
LAYXAN,KIRFOI,0.8572799223072262
LAYXAN,DOTSOV16,0.8504256070240253
LAYXAN,DOTSOV08,0.8504255358148991
LAYXAN,DIHVIB,0.8489888556070655
LAYXAN,QAWHIH,0.8444544874701039
NIWZIE08,NIWZIE02,0.9999993775494
NIWZIE08,NIWZIE09,0.9999974807044842
NIWZIE08,NIWZIE01,0.9999959030713916
NIWZIE08,NIWPIU,0.99997172623215
NIWZIE08,NAXVOY04,0.9999705259986852
NIWZIE08,NAXVOY01,0.9999587703021828
NIWZIE08,MOPQIT,0.9999518768677228
NIWZIE08,NAXVOY,0.9980479675675183
NIWZIE08,LICSEW03,0.9969155483817278
NIWZIE08,LICSEW04,0.9966539863983818
NIWZIE08,AMURUX,0.9957818780488512
QEKLID,QEKLID01,0.999999201204704
QEKLID,NOLRIR,0.991117964231014
QEKLID,FESYEK,0.9738214910113924
QEKLID,DELGIN,0.9727884357880664
QEKLID,AWEJIW,0.9723483868576068
QEKLID,OKOSUE,0.9023196731171952
QEKLID,PIKYIU,0.8931494406001672
QEKLID,CEHKUW,0.8872937014939606
QEKLID,PARKUQ01,0.8870063567892915
QEKLID,MITSUE,0.8867287308909813
QEKLID,FUMJAA,0.8864439666204444
QEKLID,GOYLUB,0.8852407587688805
QEKLID,YICRAF,0.8705739836677819
QEKLID,NEMZIR,0.8593303997516353
QEKLID,JUXZOT,0.8574984149709952
QEKLID,PENNAZ,0.8496153773385211
QEKLID,XEDGIY,0.8495558096128968
QEKLID,JIYSUI,0.849209240738117
QEKLID,YAYNEU,0.8452354070727209
QEKLID,PAQXUC,0.8422756494446793
PAQXUC,PAQYAJ01,0.9997651950940154
PAQXUC,CIKCOQ,0.8810782157933761
PAQXUC,HIBSUG03,0.8774237102221696
PAQXUC,OVAJAX,0.8772782003991857
PAQXUC,ACUBOP,0.8766967654361745
PAQXUC,DUWBEE,0.8652254965320728
PAQXUC,FESYEK,0.8585049235578188
PAQXUC,QEKLID01,0.8422060969283498
PAQXUC,NOLRIR,0.8413168170335759
GALJAG,IFIPEV,0.9996801337198196
GALJAG,WAQFAX,0.9996488195401028
GALJAG,IYUHUG,0.999604327459603
GALJAG,FAHQEM,0.996390129224251
GALJAG,GALHUY,0.9903873714074486
GALJAG,CIFSIW,0.95250188421456
GALJAG,CIFSAO,0.9515247119232326
GALJAG,VIFPUY05,0.9472135842614964
GALJAG,LOQLEJ,0.9472134801271342
GALJAG,VIFPUY01,0.9472134507925029
GALJAG,TIRFOQ,0.8390760435700549
FAVNAU,KULMIP,0.8584842708544114
FAVNAU,HAZNON,0.8393967666896721
FAVNAU,HAZNED,0.8378869866267692
AMIWOJ,NATRAD,0.9999807483481716
AMIWOJ,GEVXAI01,0.995158466430456
YEKXUJ,YEKYAQ,0.993359471861009
YEKXUJ,PIDRAY,0.860949118324304
LARBOW01,MOHSAF,0.9909841894784196
LARBOW01,LARBOW,0.9999998699594028
LARBOW01,NAHHAI,0.9029547293827108
LARBOW01,IYOQIY,0.9009907526561116
LARBOW01,CISMEY,0.9003449025208987
LARBOW01,NASGIZ01,0.8450262359397389
LARBOW01,RUXWEM01,0.8448850103501782
TIVYAZ,CIFMIP,0.9999999437999576
DIQGUH,KAYBAP,0.8455360215858204
DIQGUH,LIWYUM,0.9451779650224974
DIQGUH,QISGAC,0.9066410462856695
DIQGUH,OKAYIK,0.8964308503539636
DIQGUH,UQEFED,0.8960220418651349
DIQGUH,OFOYUG,0.8959473919209591
DIQGUH,LIDZUV,0.895931834889255
DIQGUH,OKAYUW,0.8948290110181134
DIQGUH,UQEFAZ,0.8937230337858817
DIQGUH,QUXRIM,0.8935967872173085
DIQGUH,CAVLIW,0.8858944756464151
DIQGUH,TECTUS,0.8737025144721351
DIQGUH,SIJYEQ,0.8628625813206238
DIQGUH,ORUKIX,0.8525201454683558
EBEXAM,YENZAV,0.8982837717158885
EBEXAM,RAVDID,0.8941591555982825
EBEXAM,COKJIX,0.893942562504372
EBEXAM,KEZLIN,0.8862659305070719
EBEXAM,AFUDUD,0.884491923153101
EBEXAM,ATIKAP,0.867666176745596
EBEXAM,INOVEN,0.8576923103174627
EBEXAM,LUWNAU,0.8548015582302098
EBEXAM,YICGUP,0.8478352037068586
EBEXAM,UMIZEX,0.845159976913039
EBEXAM,ATEYOP,0.8397877827865791
DAKVIW,JUVROJ,0.9007851055408612
DAKVIW,EREGOY,0.8957547866802081
DAKVIW,HIHGUC,0.8949824120785232
DAKVIW,WIVRIE,0.8931271389344567
DAKVIW,VIDWAI,0.8746783518435339
DAKVIW,CEHKUW,0.8535436150891407
DAKVIW,PARKUQ,0.853059939085328
DAKVIW,PARKUQ01,0.8530554097786405
UNABUH,IDUSIM02,0.9999995756237872
UNABUH,IDUSIM,0.9999913823125748
UNABUH,SOZHOG,0.9998575578715568
UNABUH,FAMQAO,0.8800299003148432
UNABUH,FAMPUH,0.87982063987019
UNABUH,QERZUI01,0.8666617223588851
UNABUH,UGEPEB01,0.8666437561711333
UNABUH,BAHGUN04,0.8665839598148131
UNABUH,BAHGUN03,0.8665669598749847
UNABUH,BAHGUN02,0.8665461819402254
UNABUH,BAHGUN,0.8665429378519574
UNABUH,HAWZEM,0.866523744831097
UNABUH,KAKTIA01,0.8654255290061412
UNABUH,POFFAT,0.8634101064938723
UNABUH,EDOSEY,0.8398871732393078
GIMBIN,GIMBIN05,0.9999856988110822
NASGEV,OHOROS,0.8948450180142582
CEHKUW,NABLIM,0.9997169439461148
CEHKUW,PARKUQ01,0.9996304027100938
CEHKUW,FUMJAA,0.9990157974527122
CEHKUW,DUWBEE,0.945154542263595
CEHKUW,FESYEK,0.9076262765108192
CEHKUW,JUVROJ,0.877912288900917
CEHKUW,VOTHOD,0.8738261131701068
CEHKUW,GOYLUB,0.873132199388194
CEHKUW,PENNAZ,0.8610422180438365
CEHKUW,CIKCOQ,0.8599035028461025
CEHKUW,VIDWAI,0.8533326549257493
CEHKUW,DELGIN,0.8526061182909859
CEHKUW,LUWKIZ,0.8497797914385673
CEHKUW,TEMDIB,0.8395499479282289
IYUHUG,WAQFAX,0.9999986486256294
IYUHUG,IFIPEV,0.9999959230254564
IYUHUG,GALHUY,0.9938680346461416
IYUHUG,NEDLOZ,0.9553305367271282
IYUHUG,CIFSIW,0.954596696119949
IYUHUG,CIFSAO,0.9539097451304122
IYUHUG,FOSTIS,0.9537013753446448
IYUHUG,MAYJOM,0.9470292300728652
IYUHUG,VACFOV,0.9469533216321688
IYUHUG,LOQLEJ,0.9468100151985552
IYUHUG,LEPTUY,0.88472177588626
IYUHUG,TIRFOQ,0.8415712537650609
OJOBAS,VODNOS,0.9999887408079496
OJOBAS,VEDFAN,0.9999324814710092
OJOBAS,VEDFER,0.9999220739712702
OJOBAS,AHETAK,0.9998882209928116
OJOBAS,KEJWAY,0.9994058326133516
OJOBAS,ABAVUV,0.9992448804232332
OJOBAS,TATSIS01,0.9988132995502106
OJOBAS,DIDBEZ,0.9228859957994402
OJOBAS,DIDBAV,0.9226518112111618
OJOBAS,JODGOA,0.8948899165282205
OJOBAS,AZIHOI,0.8784839300543446
OJOBAS,SIDXOV,0.8700998638101651
OJOBAS,FUMJAZ01,0.8531002373723005
OJOBAS,RAKBIO02,0.8438438897883246
OJOBAS,NERVIP01,0.843564938758142
OJOBAS,KOHLIE,0.8429934764194461
OJOBAS,CANROA,0.8428436742840958
OJOBAS,GAGWOB,0.8427678496476838
OJOBAS,NERVOV,0.8425607628726036
OJOBAS,FAZPIH,0.8424818254859173
OJOBAS,WOPWOP,0.8424635853891584
OJOBAS,VOCKUT,0.8423281001156644
OJOBAS,YIRSUQ,0.8413541737155862
BIYTOU,SOBDOF,0.9948305658865444
BIYTOU,WEYQAU01,0.883412689047957
BIYTOU,WEYQAU02,0.8831343366796935
BIYTOU,WEYQAU06,0.8830775526087222
BIYTOU,WEYQAU07,0.8829778894376396
GASSUR,XEKYOE,0.8570326588737623
CEKHUY,MIKVEK,0.9363851454914696
CEKHUY,CITXUZ,0.9228896618881444
CEKHUY,HIDTUM,0.8809182285049992
CEKHUY,ANUGOG,0.877666826537852
CEKHUY,DOTSOV16,0.8748554646275553
CEKHUY,DOTSOV08,0.874855405898012
CEKHUY,DIHVIB01,0.8739905967512613
CEKHUY,DIHVIB,0.873654777959974
CEKHUY,QAWHIH,0.8697160071063578
CEKHUY,LAYXER,0.8659428987560428
CEKHUY,YOZNOS,0.861445071890599
QOPZIF,TEQVES,0.9999108487606182
QOPZIF,VEHJUP,0.9200695657131076
QOPZIF,FUVBAB,0.918584444875392
QOPZIF,KUNLEL,0.9184516928095774
QOPZIF,NASROR,0.870237597513997
QOPZIF,FUDGIW,0.8419842990216548
VIFPUY02,LOQLEJ,0.9999999240363312
VIFPUY02,VIFPUY01,0.9999999043630258
VIFPUY02,VACFOV,0.9999853824272612
VIFPUY02,MAYJOM,0.9999593163649988
VIFPUY02,IFIPEV,0.9468914949622604
VIFPUY02,WAQFAX,0.9468600790209848
VIFPUY02,FAHQEM,0.9435963103183204
VIFPUY02,GALHUY,0.9375888727590708
VIFPUY02,CIFSIW,0.9043069407160846
VIFPUY02,CIFSES,0.9031548550833182
VIFPUY02,FOSTIS,0.9030405343362298
VIFPUY02,TIRFOQ,0.8797211675118513
VIFPUY02,CUFFEP,0.8747445945980803
VIFPUY02,TIKXAN,0.8747263064774502
VIFPUY02,FEYDET,0.8745646322343654
VIFPUY02,LEPTUY,0.867272792358941
VIFPUY02,PEYVEV,0.8599288581524629
VIFPUY02,TIRFIK,0.8560021377467674
EHAZAO,YIXFOC03,0.9993814560169856
EHAZAO,EXUSUN,0.9961702149511296
EHAZAO,IBEYAQ,0.9420718007319504
EHAZAO,VUKTEC,0.9082365984591912
EHAZAO,GAPQAQ,0.9072303694348542
EHAZAO,DUGDOA01,0.9040817224540388
EHAZAO,WOJYOL,0.8872180275790206
EHAZAO,WOJZIG,0.8863871808450431
EHAZAO,DIXGIC,0.8777515165350188
EHAZAO,RUYVIS,0.8757009246695712
EHAZAO,SENXER,0.8738724742439768
EHAZAO,ELIKOA,0.8606680152711204
EHAZAO,OPENUT,0.8585642153914549
EHAZAO,LIXMEM,0.8579090696374917
EHAZAO,WIPLOY,0.839863239094997
EHAZAO,POHLOP,0.8382530299872994
DIHVIB01,DIHVIB,0.9999931296608188
DIHVIB01,DOTSOV10,0.9999470028651116
DIHVIB01,DOTSOV08,0.9999465809354298
DIHVIB01,DOTSOV16,0.9999465732330248
DIHVIB01,QIZLIW,0.9984880175491871
DIHVIB01,GAVDUD,0.9963767238553376
DIHVIB01,BABREE,0.9321099284780954
DIHVIB01,MIKVEK,0.9298370919486124
DIHVIB01,YUGLES,0.9079782910377832
DIHVIB01,NUTQAV,0.9077878373300532
DIHVIB01,HOGLEV,0.9077404964280508
DIHVIB01,HOGLEV01,0.9075719862340368
DIHVIB01,XIJSUH,0.9074173344136908
DIHVIB01,PIDRAY,0.8998771298328097
DIHVIB01,HUCBOX01,0.8972484604827671
DIHVIB01,HUCBOX,0.8970110186112268
DIHVIB01,RUVKAV,0.887031281616071
DIHVIB01,LUDLAZ,0.8860682490251414
DIHVIB01,PAFZEE,0.8850765894982822
DIHVIB01,ADONEP,0.8844682983246971
DIHVIB01,EXAXAE,0.8820816984091571
DIHVIB01,DICKEH,0.8770692832748762
DIHVIB01,KIRFOI,0.865821229202917
DIHVIB01,TOVWAE,0.8608590288810781
DIHVIB01,OGEBAF,0.8587226983767735
DIHVIB01,XITYOP,0.8575886621925257
DIHVIB01,FAMQAO,0.8535481598601518
DIHVIB01,FAMPUH,0.8535399559504653
DIHVIB01,FAMQES,0.853530609916678
DIHVIB01,EDOSEY,0.853407540747186
DIHVIB01,EPISOM,0.8525834002196402
DIHVIB01,BAZFUF01,0.839860415215664
DIHVIB01,SEMNIJ,0.83959288472517
DIHVIB01,ENIHUG,0.8389201972894951
DIHVIB01,BAZGAM,0.837882933406786
DADTOS12,DADTOS09,0.9999999779021066
DADTOS12,YANWOC01,0.9999999735066988
DADTOS12,DADTOS11,0.9999999160902542
DADTOS12,DADTOS04,0.999999893487886
DADTOS12,YANWOC02,0.999998281302854
DADTOS12,DADTOS10,0.9999969622852466
DADTOS12,REZJIR04,0.9999830679946208
DADTOS12,PADJOU01,0.9999348489790236
DADTOS12,PADJOU,0.9999309041293952
DADTOS12,LIJWOR02,0.999902013331142
DADTOS12,LIJWOR06,0.9998995428962554
DADTOS12,NURGUE,0.999800241278696
DADTOS12,SIWPUL04,0.99979221072001
JUVROJ,VIDWAI,0.9008331192936654
JUVROJ,PARKUQ,0.8778226940825424
JUVROJ,PARKUQ01,0.8778202589738113
JUVROJ,NABLIM,0.8773903108169316
JUVROJ,FUMJAA,0.8773810611486901
JUVROJ,IZEBEV,0.8762196245379743
JUVROJ,SIWTOJ,0.8397305226968517
DIXGIC,IBEYAQ,0.9193083440731484
DIXGIC,LARYEK03,0.8772856476793098
DIXGIC,EXUSUN,0.8757231945365918
DIXGIC,WOJYOL,0.8654083178926267
DIXGIC,WOJZIG,0.8639595353233982
QOTZEG,HELFAI,0.999552546608158
IZAVUA01,HAWDIU,0.8397584209217576
VODNOS,VEDGIW,0.9999996170736968
VODNOS,CEYPUT,0.9999874239898952
VODNOS,VEDFUH,0.9999662589632454
VODNOS,VEDFER,0.999959047877348
VODNOS,AHETAK,0.9999475934842896
VODNOS,CEYPUT01,0.9999462424869598
VODNOS,ABAVUV,0.9990498322907958
VODNOS,TATSIS01,0.9990145658800714
VODNOS,TATSIS,0.9988953402743715
VODNOS,JODGIU,0.9229877082970692
VODNOS,DIDBEZ,0.92289660116857
VODNOS,DIDBID,0.9228160613415524
VODNOS,DIDBAV,0.9226962066653788
VODNOS,JODGOA,0.8946503397449567
VODNOS,FEVDER,0.8790798654296784
VODNOS,YATDOP,0.8601590718411123
VODNOS,XALMOO,0.8599475791215974
VODNOS,FUMJAZ01,0.8534140461774412
VODNOS,FUMJAZ,0.8532474352958498
VODNOS,DIQHAO,0.8522452817061563
VODNOS,RAKBIO02,0.8437450130572676
VODNOS,RAKBIO01,0.8437053096008722
VODNOS,NERVIP01,0.8436912672270842
VODNOS,GAGWOB,0.8429825528257628
VODNOS,KOHDIW,0.8429115082055623
VODNOS,NERVOV,0.8428035025871446
VODNOS,VOCKUT,0.8425800990229617
VODNOS,NERVIP,0.8422577902151929
VODNOS,CEJFOO,0.8410533907255231
LUYSOP,MOXDIN01,0.999710906534458
XACFAJ,DEHFUR,0.999996624710952
DOTSOV10,DOTSOV08,0.9999999991633428
DOTSOV10,DOTSOV16,0.9999999991325484
DOTSOV10,DIHVIB,0.9999020250847986
DOTSOV10,QAWHIH,0.9987598753808932
DOTSOV10,YOZNOS,0.9911937126848036
DOTSOV10,CITXUZ,0.9189843904664762
DOTSOV10,HOGLEV,0.9080154975791184
DOTSOV10,HOGLEV01,0.90789748549402
DOTSOV10,YUGLES,0.9076862286343236
DOTSOV10,NUTQAV,0.9074227173944232
DOTSOV10,OFOCUI,0.9073622893630214
DOTSOV10,XIJSUH,0.9069452317811142
DOTSOV10,MOCKAR,0.906938616675049
DOTSOV10,PIDRAY,0.9011467029941214
DOTSOV10,HUCBOX,0.8971019716015258
DOTSOV10,RUVKAV,0.8872161943304252
DOTSOV10,LUDLAZ,0.8865254961807617
DOTSOV10,ADONEP,0.8846752083363065
DOTSOV10,EXAXAE,0.8828237018323711
DOTSOV10,ANUGOG,0.8779621109289174
DOTSOV10,HIDTUM,0.8741813079706995
DOTSOV10,IWEQAD,0.8611556739298181
DOTSOV10,XITYOP,0.8583956246825822
DOTSOV10,FAMPUH,0.8534335993558566
DOTSOV10,FAMQES,0.8534081702998662
DOTSOV10,EDOSEY,0.8531788209343963
DOTSOV10,RUJMEQ,0.8464089190588318
WILNEL,WILNEL02,0.9999970612383222
YOZNOS,DOTSOV16,0.99119112205696
YOZNOS,BABREE,0.921691942801136
YOZNOS,MIKVEK,0.918109252583586
YOZNOS,CITXUZ,0.9072637650911068
YOZNOS,OFOCUI,0.9035030783019218
YOZNOS,MOCKAR,0.901358000703032
YOZNOS,XIJSUH,0.90135635837638
YOZNOS,YUGLES,0.9009830289246138
YOZNOS,HOGLEV,0.8978850376554625
YOZNOS,HUCBOX,0.8906473707232908
YOZNOS,ALIXUP,0.885771828182002
YOZNOS,MOFGOE,0.8852513897650949
YOZNOS,PIDRAY,0.8852116389223799
YOZNOS,ADONEP,0.8777005978503081
YOZNOS,RUVKAV,0.8776116600428396
YOZNOS,PAFZEE,0.8768201770421292
YOZNOS,EXAXAE,0.8699363600262372
YOZNOS,ANUGOG,0.8692884595035724
YOZNOS,DICKEH,0.8666813241900871
YOZNOS,KIRFOI,0.8533790593499282
YOZNOS,NIGDIS,0.8521143231701171
YOZNOS,XITYOP,0.8462870810052168
YOZNOS,EDOSEY,0.8460818371646878
YOZNOS,NAPSUV,0.8457312977982101
YOZNOS,FAMPUH,0.845613955165336
YOZNOS,LAYXER,0.8391723081597019
YICQOS,DITTEH,0.870772179800732
YICQOS,GUGNON,0.8647074844620555
OWIHIN,OWIJAH,0.9999999923628328
OWIHIN,OWIHUZ,0.999999935398982
OWIHIN,HIHNUJ,0.9999998731572828
OWIHIN,OWIHOT,0.9999996722395158
OWIHIN,OWIJIP,0.9999993659813586
OWIHIN,MUQYEE,0.9996543131789593
OWIHIN,XOMHIS,0.9795083610416788
OWIHIN,CUFFEP,0.9469683859895168
OWIHIN,TIKXAN,0.9469504597089504
OWIHIN,FEYDET,0.94679108944054
OWIHIN,XINTOG,0.8751629041904179
OWIHIN,CIFSIW,0.8612471518820157
OWIHIN,CIFSAO,0.860273767279072
OWIHIN,CIFSES,0.8601000819843931
OWIHIN,TIRFIK,0.8502262533436201
XEKYOE,SOWCOY,0.8811377957268567
IMIDZB13,HICGEG,0.9981158795273928
IMIDZB13,KUMXEW,0.9955095897896822
IMIDZB13,IMIDZB08,0.9954308112416104
IMIDZB13,IMIDZB01,0.9951259401800514
EBIHII,NINVAI,0.9999931229518252
SETQUF,SETQOZ,0.9999999327794092
SETQUF,SADMIV,0.9999996921093742
SETQUF,SADMUH,0.9999983682120652
SETQUF,POJTUE,0.9999953773005984
SETQUF,SETRAM,0.999991499330556
SETQUF,SETQIT,0.9999731256114786
SETQUF,POJTOY01,0.999945485479104
SETQUF,XADCOW,0.9999191149169646
SETQUF,POJTOY,0.9999071015635664
SETQUF,YAXBUV02,0.995957804307636
SETQUF,XUDSIY,0.9918164827494752
SETQUF,NEHZAE,0.9836340030643544
SETQUF,PIJKIF,0.8855753812104818
SETQUF,UFIKIG,0.8691918421068451
SETQUF,TOVJIZ,0.8509110123298398
RUWWOW01,RUWXEN,0.9999999796507012
RUWWOW01,RUWWUC,0.9998662469272984
RUWWOW01,YENKAG,0.9744344636530636
RUWWOW01,TEPJOP,0.9397272439128396
RUWWOW01,LUWMEX,0.849592451846781
RUWWOW01,APAYUN,0.8495109290451742
RUWWOW01,APAZIC,0.8493708761058976
CEFNIN,BAZFUF01,0.914257879492312
CEFNIN,QOWRAV11,0.9114307025144656
CEFNIN,QOWRAV02,0.9113743336540162
CEFNIN,LAYXER,0.8869772855372323
CEFNIN,ANUGOG,0.8827557658354023
CEFNIN,YUSWEP,0.8583436736703349
CEFNIN,MUNDOQ,0.8448426239074273
FIQZIP01,FIQZIP,0.9999981346072844
FIQZIP01,UDIQII,0.9010908893427928
NOLRIR,DELGIN,0.955219699154914
NOLRIR,AWEJIW,0.9539670027268828
NOLRIR,RUXWEM01,0.9275299230745055
NOLRIR,DUWBEE,0.9142664621797884
NOLRIR,CIKCOQ,0.8930452757197944
NOLRIR,PIKYIU,0.8929019112745891
NOLRIR,PIKYAM,0.8856839479714597
NOLRIR,GOYLUB,0.8848877205308174
NOLRIR,PARKUQ01,0.8749463171096081
NOLRIR,FUMJAA,0.8721368806106156
NOLRIR,YICRAF,0.8704486218715318
NOLRIR,IGUVIR,0.8601987808560875
NOLRIR,NEMZIR,0.8590677331642247
NOLRIR,JUXZOT,0.847300629391173
NOLRIR,JUXZIN,0.8464781762172476
NOLRIR,PAQYAJ01,0.8420092789759854
NOLRIR,XEDGIY,0.8418936680196649
NOLRIR,PENNAZ,0.8391306524946013
IDUSIM02,IDUTIN,0.9999970761399272
IDUSIM02,IDUSIM01,0.9999954411022338
IDUSIM02,IDUSIM,0.9999929187688408
IDUSIM02,FAMPUH,0.8798721650946322
IDUSIM02,FAMQES,0.8797022499550355
IDUSIM02,BAHGUN04,0.8665894631764264
IDUSIM02,BAHGUN03,0.8665726742449187
IDUSIM02,BAHGUN,0.8665495420214423
IDUSIM02,HAWZEM,0.8665319769259086
IDUSIM02,UFUNAK,0.8660739059669458
IDUSIM02,KAKTIA01,0.8654345744638606
IDUSIM02,IPINAY,0.864624893138158
IDUSIM02,EDOSEY,0.8399444052350349
AMIXAW,XIBQOQ,0.8638909119453311
AMIXAW,IKUTIT,0.8597033344319801
ROCZEQ,ZASJAG,0.8599099391580747
ROCZEQ,ACUBOP,0.8423202036190398
ROCZEQ,RUXWEM01,0.8416961696678926
ROCZEQ,ENITEB,0.8415070133450151
ROCZEQ,HIBSUG03,0.8410253905238264
ROCZEQ,ACUBOP01,0.8406992530537528
YUKVEG,DADTUY11,0.999999201641416
YUKVEG,DADTUY07,0.9999882974073682
YUKVEG,DADTUY05,0.9999812225027496
YUKVEG,SOJKOT05,0.9999076050056102
YUKVEG,SOJKOT06,0.9998971528982824
YUKVEG,SOJKOT07,0.9998813360761284
YUKVEG,IGOPEB,0.9998587001947564
YUKVEG,MAJMOA03,0.9997575952916276
YUKVEG,DEFNIO,0.9987593385912376
YUKVEG,RAVVIU01,0.9982343306038975
YUKVEG,RAVVIU,0.9981397327597126
YUKVEG,JEXWUF,0.9972311708394824
VERZUP,ELUQIM13,0.99999646630746
VERZUP,ELUQIM01,0.9999947436864232
VERZUP,ELUQIM04,0.999993887035503
VERZUP,ELUQIM06,0.9999931014152356
VERZUP,ELUQIM08,0.9999908530656092
VERZUP,YANXIX02,0.9975829607030016
VERZUP,SIWQIA02,0.995880019730487
VERZUP,TAYZUQ,0.9949689215833412
VERZUP,AMOBEL02,0.9933131551134782
XULGIW,WUPTUY01,0.9990133307867746
XULGIW,OXOLAP,0.998813812042314
XULGIW,WUPTUY,0.9987985924021552
XULGIW,UFOSEQ,0.9075677857672618
XULGIW,RUBTAK03,0.9075662577888064
XULGIW,UFOSOA,0.9075635010917328
XULGIW,WIZMAV08,0.865057586143628
XULGIW,WIZMAV09,0.865055870485708
XULGIW,WIZMAV12,0.8650489338074003
XULGIW,HICNUF,0.846274720294593
XULGIW,HICNOZ,0.8460450551937533
WEYQAU02,WEYQAU06,0.9999994059752536
WEYQAU02,WEYQAU01,0.9999891063926694
WEYQAU02,WEYQAU09,0.9999846485787732
WEYQAU02,DIJCOP,0.8721409492995711
WEYQAU02,LUSHOX04,0.8707145007767677
ROSKOB,GAMFEG,0.8821092803299071
ROSKOB,SAQFUM01,0.852580316727275
ROSKOB,OHOROS,0.8525609848019673
ROSKOB,SAQFUM,0.8523791379084225
GOYLUB,POKZOG,0.9080896320580242
GOYLUB,EVUDAA,0.9074329162620264
GOYLUB,YUYLIP,0.9073988491540328
GOYLUB,RUGYOJ,0.9066241514330096
GOYLUB,PIKYAM,0.9058351075589028
GOYLUB,ESADUZ01,0.90513792408473
GOYLUB,NOZZUZ,0.9049055846128397
GOYLUB,BIJJOV,0.8962465629133135
GOYLUB,IVOLIQ,0.8960206864740141
GOYLUB,QEKLID01,0.8851606782377685
GOYLUB,RIGHAR,0.8848636343347576
GOYLUB,JIYSUI,0.8819130438639131
GOYLUB,DELGIN,0.8787998915023099
GOYLUB,AWEJIW,0.8779620834192835
GOYLUB,PIQQOX,0.8778407768402394
GOYLUB,IGUVIR,0.8772396835469299
GOYLUB,PARKUQ,0.8711209023708734
GOYLUB,PARKUQ01,0.8711082652455973
GOYLUB,JUXZOT,0.8665291976611275
GOYLUB,EKUNON01,0.8639094963063177
GOYLUB,EKUNON,0.8638730863782635
GOYLUB,EKUNON02,0.8638271635424569
GOYLUB,XEQRAO,0.8628567709889364
GOYLUB,FOKWOT,0.8608568680280202
GOYLUB,MICCIM,0.8539038958521048
GOYLUB,TULLIX,0.8534795567253796
GOYLUB,EREGOY,0.8525750879705246
GOYLUB,HIHGUC,0.8487631080057868
GOYLUB,WIVRIE,0.8451139498097315
GOYLUB,XIRKAM,0.8384844571552947
GIYTOY,PARKUQ01,0.8739324447635408
GIYTOY,MITSUE,0.8736534980269558
GIYTOY,FUMJAA,0.8733676707090919
GIYTOY,FODGUB01,0.8500751879085301
GIYTOY,FODGUB02,0.8486912061783706
RAVFAX,TOJWEV,0.8423080362476925
ABAVUV,CEYPUT,0.999255460634246
ABAVUV,VEDGES,0.9990437389238568
ABAVUV,VEDGIW,0.99901600613557
ABAVUV,VEDFER,0.9987538438579732
ABAVUV,VEDFUH,0.9986594417178264
ABAVUV,BOWDUO,0.9985843203619854
ABAVUV,AHETAK,0.9985530639078938
ABAVUV,TATSIS01,0.9962756724346586
ABAVUV,TATSIS,0.995914992511588
ABAVUV,JODGIU,0.9220127352750336
ABAVUV,DIDBAV,0.9213448012370024
ABAVUV,JODGOA,0.8960136661970276
ABAVUV,FEVDER,0.8772377445243975
ABAVUV,SIDXOV,0.864157087636372
ABAVUV,YATDOP,0.859945345723166
ABAVUV,FUMJAZ01,0.8495674039901985
ABAVUV,FUMJAZ,0.8493636219990155
ABAVUV,DIQHAO,0.8458440518851791
ABAVUV,RAKBIO01,0.8438423341726433
ABAVUV,HURGOR,0.8438346325706526
ABAVUV,RAKBIO,0.8438156550990221
ABAVUV,KOHLIE,0.8421356728424911
ABAVUV,KOHDIW,0.8414335094031251
ABAVUV,CANROA,0.8414101864567978
ABAVUV,GAGWOB,0.8401317425561927
ABAVUV,NERVOV,0.8397200846989544
ABAVUV,FAZPIH,0.8396252780303372
ABAVUV,WOPWOP,0.8395528871520974
ABAVUV,VOCKUT,0.839383546628393
ABAVUV,NERVIP,0.838746144044671
ABAVUV,YIRSUQ,0.8379191043668299
OKEHIW,KORMUB,0.9207895111417111
DOTSOV23,DOTSOV04,0.999999999933448
SIYXIH,FEWTAF,0.9997622419459364
SIYXIH,BAZBIQ,0.8427307790686288
CEHXIY,RUPTED,0.9945009671600064
WINCEC,SACMOA,0.995633143599724
WINCEC,OCACUR,0.9928376994291988
WINCEC,UGECEO03,0.9918792502413596
WINCEC,UGECEO,0.9915430794642102
WINCEC,NAVJAW01,0.8726237933238185
WINCEC,HABZEQ,0.8610197943988929
WINCEC,XEVSIB,0.8531675353737855
XIJSUH,OFOCUI,0.9995832792280608
XIJSUH,TOVWAE,0.9421922135416192
XIJSUH,DOTSOV08,0.906943145407696
XIJSUH,PIDRAY,0.9022662710555932
XIJSUH,GAVDUD,0.900351275078439
XIJSUH,FAMPUH,0.8602106973097414
XIJSUH,BABREE,0.8500934893372318
XIJSUH,MIKVEK,0.8463260475803068
XIJSUH,LUDLAZ,0.8385053543301297
XIJSUH,CITXUZ,0.8382119560970682
HAWZEM,BAHGUN,0.9999983989447409
HAWZEM,BAHGUN04,0.9999919452672944
HAWZEM,QERZUI01,0.9999156979121352
HAWZEM,UGEPEB01,0.999814751039892
HAWZEM,KAKTIA01,0.9994186378910108
HAWZEM,NAPSUV,0.8668459031771569
HAWZEM,SOZHOG,0.8666791029452454
HAWZEM,IDUSIM,0.8665883500850631
HAWZEM,UNACIW,0.8665367679443591
HAWZEM,EDOSEY,0.8659739933698818
HAWZEM,QESBAR,0.8435863849516401
NUTQAV,YUGLES,0.9999747154704922
NUTQAV,DICKEH,0.960273772776498
NUTQAV,SEMNIJ,0.9158820584873536
NUTQAV,QAWHIH,0.9082061743839608
NUTQAV,QIZLIW,0.9046131794801572
NUTQAV,GAVDUD,0.901598513106276
NUTQAV,QIYDIN01,0.8857576646254158
NUTQAV,BABREE,0.8509041768100744
NUTQAV,CITXUZ,0.8391737128198458
WAYKAK,AFOVOH,0.9991259298182692
WAYKAK,ZEDVOV,0.9460526671994296
WAYKAK,ALUJOH,0.9436606786905876
WAYKAK,FOCZEE,0.9116394439041402
WAYKAK,FOCYUT,0.9114129020531448
WAYKAK,UKAPUS,0.8849687236729165
WAYKAK,VUKSUR,0.8648063217912447
WAYKAK,YEMRIU,0.8574573937669724
WAYKAK,VUWSAJ,0.8439825850481866
AFOVOH,ZEDVOV,0.9470659697607164
AFOVOH,FOCZEE,0.9137542907522902
AFOVOH,UKAPUS,0.8836812298766381
AFOVOH,VUKSUR,0.8650205865892246
AFOVOH,VUWSAJ,0.8442542644681106
YESYIH,CIMFUB,0.9999967389497388
YESYIH,YESXEC,0.9999745981563511
FIQDER,FAHQIR,0.9286556495522498
FIQDER,EJINIV01,0.924835101091438
FIQDER,XEVSIB01,0.8658840786274314
FIQDER,XEVSIB,0.8658328617088124
FIQDER,HAJYAV,0.8623170463732053
FIQDER,CAQJOW,0.8623069824203151
FIQDER,CAQKAJ,0.8588654944032263
LIXDAZ,VUKTOM,0.937796616353656
LIXDAZ,BOJYIK,0.8610261900326441
LIXDAZ,QACTUJ,0.8610119032758611
LIXDAZ,NILCES,0.840403848030737
INOVEN,EBEWOZ,0.857335368359386
INOVEN,AFUDUD,0.8496543837940408
INOVEN,KEZLIN,0.848588342816788
INOVEN,MIRGIG,0.8465407312845895
RAVDOJ,SEHSII,0.9080789127172232
RAVDOJ,LAVTAF,0.8945380718461069
RAVDOJ,VITZAB,0.8590594420174076
WOJYUR,XADDAJ01,0.9993472570727644
WOJYUR,XADDAJ,0.9990961681671662
WOJYUR,YICXIU,0.9742878437439793
WOJYUR,XISDIO,0.9479890979702452
WOJYUR,DAKZUN,0.9468328709406904
WOJYUR,VITZAB,0.9330116929694304
WOJYUR,JUXSEC,0.9318691639109378
WOJYUR,NEBYOK,0.8935862035590062
WOJYUR,YATTUK,0.8838283184051478
WOJYUR,QACTUJ,0.8837912744864833
WOJYUR,BOJYIK,0.8837175983335475
WOJYUR,SEHSII,0.8792196752816707
WOJYUR,DEKYOK,0.8571066299434515
WOJYUR,IFUNUU,0.8507707277978371
BEQPEU,IVELUS,0.8391530713238194
VAYDEG,LEZTIW,0.8742298179320197
VUWSAJ,ZEDVOV,0.8849047468610532
VUWSAJ,AMIXOK,0.8811500852035915
VUWSAJ,VUKSUR,0.8429566051894836
ZEDVOV,VUKSUR,0.9079626985448852
ZEDVOV,FOCZEE,0.8969250356998582
ZEDVOV,FOCYUT,0.8968379720398904
ZEDVOV,UKAPUS,0.8956230351958101
ZEDVOV,QOHZIX,0.8434776623619371
RUBTAK07,SURKUN,0.9999999799248884
WIZMAV04,WIZMAV08,0.9999999999887192
WIZMAV04,WIZMAV10,0.9999999842159176
WIZMAV04,WIZMAV05,0.9999999829807196
WIZMAV04,ERANAO,0.9926500921325108
WIZMAV04,IXETEM,0.9561935285836932
WIZMAV04,HERHAQ,0.9558622710463024
WIZMAV04,GERBEN,0.955421678915466
WIZMAV04,EMIYUW,0.9548662905781146
WIZMAV04,HERHEU,0.9545272641865588
WIZMAV04,GAYXEM,0.9534094174517465
WIZMAV04,BUNLAZ,0.949427274214872
WIZMAV04,UFOSEQ,0.9469393908411892
WIZMAV04,UFOSOA,0.9469366674518724
WIZMAV04,DITJOH,0.922537364090802
WIZMAV04,IZIBUQ,0.910231617748427
WIZMAV04,VIKSEQ,0.8939329346123664
WIZMAV04,VIKSIU,0.8939300223186655
WIZMAV04,VIKROZ,0.8937327330380342
WIZMAV04,YEYCUC,0.8923808137125542
WIZMAV04,HICNUF,0.8788864976813435
WIZMAV04,HICNOZ,0.8785612095328961
WIZMAV04,RUKDIM,0.8650590926571975
WIZMAV04,OXOLAP,0.8632160553909474
WIZMAV04,RIBSAZ,0.8531358849053686
PENNAZ,MICJOA,0.9421274377347366
PENNAZ,PARKUQ,0.8610871698112664
PENNAZ,PARKUQ01,0.8610854508978355
PENNAZ,FUMJAA,0.8607315716631624
PENNAZ,NABLIM,0.8604049057236804
PENNAZ,QEKLID01,0.8496297461641369
PUNYED,UFUKUB02,0.91667136384201
PUNYED,UFUKUB03,0.9164037595196276
PUNYED,ALIXID,0.9057870380431516
PUNYED,FUDHAP,0.9014473902197442
PUNYED,MOXDEJ,0.8956397807584531
PUNYED,FILYEG,0.8954810602785295
PUNYED,XADDUD,0.8944568302232718
PUNYED,COXFOL,0.8933126770399381
PUNYED,FILYAC,0.8909958181542519
PUNYED,VASYEW,0.887214467670293
PUNYED,XUDVAV,0.8870898123134554
PUNYED,FISQEG,0.8862782784874078
PUNYED,QUSVOQ,0.8558621093411573
PUNYED,XIHSEN,0.8497697907545946
RUYGAV,HELDOT,0.8535532007771799
RUYGAV,DIBQOW,0.8535079163531797
RUYGAV,DIBQIQ,0.8522690259157365
RUYGAV,VEFMAW,0.8502743522731352
RUYGAV,KOHDIW,0.8501584328144169
CONSAA,YOXZOC,0.8999624871010664
CONSAA,YOXXOA02,0.8998227393997406
NURGUE,QINSUD,0.9999742731703364
NURGUE,LIJWOR02,0.9999677173682912
NURGUE,LIJWOR06,0.9999622847624792
NURGUE,PADJOU,0.999960926300788
NURGUE,PADJOU01,0.9999527491103756
NURGUE,VIRJEM,0.9999365580042736
NURGUE,DADTOS15,0.9999128565484424
NURGUE,DADTOS14,0.99987051295397
NURGUE,DADTOS04,0.999808669533153
NURGUE,DADTOS11,0.9998077461114828
NURGUE,DADTOS05,0.9998052514924368
NURGUE,DIDVIW,0.9997988011155048
NURGUE,YANWOC01,0.999795811019028
NURGUE,YANWOC,0.9997545003063324
NURGUE,DADTOS10,0.9997516279168862
NURGUE,JEDKIP01,0.9996628695960664
NURGUE,IQEWOQ,0.9976167200125908
PIKYIU,PIKYAM,0.9975073857312596
PIKYIU,RUXWEM01,0.9557720014275818
PIKYIU,QEKLID01,0.8930700343091278
PIKYIU,DELGIN,0.886661498584675
PIKYIU,JIYSUI,0.8634410425869015
PIKYIU,JUXZOT,0.8489378599116291
PIKYIU,YICRAF,0.8439101868360224
LUDLAZ,QIZLIW,0.8872837147248475
LUDLAZ,GAVDUD,0.8866642365181319
LUDLAZ,DOTSOV16,0.8865271315923393
LUDLAZ,DOTSOV08,0.8865271023258067
LUDLAZ,DIHVIB,0.8858779704685655
LUDLAZ,QAWHIH,0.8833352195028397
LUDLAZ,OFOCUI,0.839557918651749
LUDLAZ,PIDRAY,0.8393760558956413
BABREE,QIZLIW,0.9329343708789646
BABREE,DOTSOV16,0.9324955001051902
BABREE,GAVDUD,0.932100251705305
BABREE,HOGLEV01,0.8535370404799962
BABREE,HOGLEV,0.8534968746333765
BABREE,YUGLES,0.8513953997348327
BABREE,OFOCUI,0.8510322333615534
BABREE,MOCKAR,0.8500827387728385
BABREE,ALIXUP,0.8500181449807447
BABREE,PIDRAY,0.8497566069200964
BABREE,MOFGOE,0.8437441537368531
BABREE,HUCBOX,0.8434735620961354
DOYHOQ,NUFCAU,0.9962342418950726
DOYHOQ,DOYHIK,0.996105138087332
DOYHOQ,DUZPUL,0.8935563979359207
DOYHOQ,IRELAU,0.892597423530891
DOYHOQ,VEHJUP,0.8779638841367525
DOYHOQ,KUNLEL,0.8765172893357867
DOYHOQ,FUVBAB,0.8762820477407136
XUJPIC,XUJPOI,0.999705328927042
XUJPIC,XUJQAV,0.9996686489078888
XUJPIC,EZOFEF,0.9928062135511478
XUJPIC,QEZZED,0.8967423339940499
MOCKAR,DIHVIB,0.9075565677545367
MOCKAR,DOTSOV08,0.9069365250284916
MOCKAR,DOTSOV16,0.9069364868661618
MOCKAR,QIZLIW,0.903661517677453
MOCKAR,GAVDUD,0.900335110750515
MOCKAR,MIKVEK,0.8463105842281067
MOCKAR,CITXUZ,0.8381993315268869
DITTEH,GUGNON,0.9477566389102738
DITTEH,DUZPUL,0.9299263217738538
DITTEH,VEGMOK04,0.8872738277865704
DITTEH,IFABIA,0.8871570095869926
DITTEH,FUVBAB,0.8870859754632285
DITTEH,VEHJUP,0.886574855469478
DITTEH,QEDZEG,0.8834837646787077
DITTEH,XAFFAN,0.8651847449861023
DITTEH,DOYHIK,0.8402687423911297
DITTEH,NASROR,0.8400105034523546
HIZQOX,YINPEQ,0.9998642434350594
ACUBOP01,HIBSUG06,0.9999984227945092
ACUBOP01,OVAJAX,0.9999707064850653
ACUBOP01,ACUBOP,0.999729236329194
ACUBOP01,RIGHAR,0.8439915333993155
YUGLES,DICKEH,0.9607637384081732
YUGLES,RUVKAV,0.9469158620332512
YUGLES,OGEBAF,0.9380126130506417
YUGLES,SEMNIJ,0.9159770633387174
YUGLES,DIHVIB,0.9080574952883876
YUGLES,DOTSOV16,0.9076848320419924
YUGLES,GAVDUD,0.902388478198729
YUGLES,QIYDIN01,0.885740831305555
YUGLES,CITXUZ,0.8397682639051668
AFOVAT,SEQWIW,0.9997963817244316
RUYTIQ,RAGMOE,0.9999997157997332
POJTUE,SADMUH,0.999988457861005
POJTUE,SETRAM,0.999974921445521
POJTUE,VAGVAC,0.9999541091406514
POJTUE,SETQIT,0.999946906364504
POJTUE,POJTOY,0.9999420912561434
POJTUE,XADCOW,0.999877336663692
POJTUE,YAXBUV02,0.9962151077338216
POJTUE,KUXSIH,0.9748011360556864
POJTUE,PIJKIF,0.8857423158871771
POJTUE,UFIKOM,0.8692650181735333
POJTUE,UFIHUP,0.8692641282047234
POJTUE,UFIKIG,0.8692249617620695
POJTUE,TOVJIZ,0.8511189670872796
SOZHOG,IDUSIM01,0.9998972723162336
SOZHOG,UNACIW,0.9998700054248366
SOZHOG,IDUTIN,0.999822774070138
SOZHOG,FAMQAO,0.881686634430082
SOZHOG,UGEPEB01,0.8665077219331628
SOZHOG,UGEPEB,0.8662424623509342
SOZHOG,KAKTIA01,0.8660765766901732
SOZHOG,NAPSUV,0.8426509464797785
SOZHOG,EDOSEY,0.8417723919935425
SIWPUL04,QINSUD,0.999999965381512
SIWPUL04,IJOMOJ01,0.999997726875474
SIWPUL04,LIJWOR05,0.9999948436502644
SIWPUL04,LIJWOR06,0.9999806675738075
SIWPUL04,LIJWOR02,0.9999792679677452
SIWPUL04,YUKTUU,0.9999269486072622
SIWPUL04,PADJOU,0.9999235434744284
SIWPUL04,DADTOS15,0.999919558275341
SIWPUL04,LIJWOR01,0.999873247274669
SIWPUL04,DADTOS14,0.9998706958262078
SIWPUL04,YANWOC02,0.999828266329869
SIWPUL04,DADTOS11,0.999800475416862
SIWPUL04,DADTOS05,0.9997977235285124
SIWPUL04,DADTOS09,0.9997964732926125
SIWPUL04,YANWOC01,0.999787506442401
SIWPUL04,IQEWOQ,0.99749044557173
YANWOC01,DADTOS11,0.9999997956920216
YANWOC01,DADTOS04,0.9999997612388776
YANWOC01,DADTOS07,0.9999865500739736
YANWOC01,REZJIR04,0.9999843729227728
YANWOC01,JEDKIP01,0.999980841910566
YANWOC01,VIRJEM,0.9999464592059288
YANWOC01,DADTOS16,0.9999458230733336
YANWOC01,LIJWOR06,0.9998962679245644
YANWOC01,LIJWOR01,0.99988037627882
YANWOC01,LIJWOR05,0.9998462787230432
YANWOC01,IQEWOQ,0.9987339593276512
DADLEC,VUQKAU02,0.9197835156500024
DADLEC,UKIQIP,0.8652716096782047
DADLEC,JIYPAL,0.8414973922322198
CIKCOQ,IGUVIR,0.9091464137508456
CIKCOQ,PAQYAJ01,0.8811172743123928
CIKCOQ,RIGHAR,0.8792365626501812
CIKCOQ,SAHYOS,0.8768903818405549
CIKCOQ,DELGIN,0.8658917116627414
CIKCOQ,AWEJIW,0.8651233026424023
CIKCOQ,NABLIM,0.8608070019300318
CIKCOQ,PARKUQ01,0.8581872254627473
CIKCOQ,MITSUE,0.8574038026163671
CIKCOQ,FUMJAA,0.8567187494518367
CIKCOQ,MAHGAG,0.8403423970517945
NUYXEL,BUPJUS,0.9065154778833754
MOXDEJ,FILYEG,0.9998691730359808
MOXDEJ,XADDUD,0.9998073754565152
MOXDEJ,ABAYOU,0.8953143047915155
MOXDEJ,FUMJAZ01,0.8662266109945689
MOXDEJ,FUMJAZ,0.8660954598910526
MOXDEJ,XIHSAJ,0.8636606682365567
MOXDEJ,XIHSEN01,0.8635551338160122
MOXDEJ,XIHSEN,0.863452926228217
MOXDEJ,GAGWOB,0.8545154400990259
MOXDEJ,RAKBIO02,0.8528770075852057
MOXDEJ,RAKBIO,0.8528607385053951
MOXDEJ,RAKBIO01,0.8527793857269019
MOXDEJ,KESFIA,0.8491303372558139
MOXDEJ,XEVSIB01,0.8418091428336919
EDOSEY,ICAGOK,0.9219618894422646
EDOSEY,ANUGOG,0.9005743999663041
EDOSEY,LAYXER,0.8829652300867837
EDOSEY,EPISOM,0.8732361757544969
EDOSEY,POFFAT,0.8704999771232875
EDOSEY,IDUDES,0.8701731555339574
EDOSEY,KAKTIA01,0.8684424286247586
EDOSEY,RUJMEQ,0.8670045417903698
EDOSEY,BAHGUN,0.8658534319536562
EDOSEY,BAHGUN03,0.8656916944682247
EDOSEY,BAHGUN04,0.8655703350497093
EDOSEY,BAHGUN02,0.8653536366829737
EDOSEY,KIRFOI,0.8649038077875713
EDOSEY,UGEPEB,0.8627935046040963
EDOSEY,NIGDIS,0.8611415957857432
EDOSEY,BAZFUF01,0.8608011437689691
EDOSEY,ENIHUG,0.8600465445098593
EDOSEY,BAZGAM,0.8573003322019894
EDOSEY,QOWRAV11,0.8572488778662444
EDOSEY,QOWRAV08,0.8572382341540549
EDOSEY,QOWRAV02,0.857185011296827
EDOSEY,DIHVIB,0.8534639483286564
EDOSEY,QAWHIH,0.8533014562701493
EDOSEY,DOTSOV08,0.853177700905323
EDOSEY,QIZLIW,0.8509588536048266
EDOSEY,MUNDOQ,0.8416495809732628
EDOSEY,IDUSIM,0.8403765769506968
EDOSEY,SEMNIJ,0.8402656693592357
EDOSEY,IDUSIM01,0.840197301683886
EDOSEY,IDUTIN,0.839652730589385
NEBMEP,SUXWIT,0.9997725050102868
WIDQEG,WIDQAC,0.999999984197828
WIDQEG,IDIWOH,0.9999999754053066
WIDQEG,IXODUV,0.9999998403223276
WIDQEG,IXOFUX01,0.999999433052302
WIDQEG,IDIWOH06,0.9999994158613594
WIDQEG,IDIWOH05,0.9999993149421902
WIDQEG,XAVDEF,0.9999992822411772
WIDQEG,JUMDEC,0.9999946819383696
WIDQEG,ATOTIM,0.9999428431235612
SADMUH,SETQOZ,0.9999976390560424
SADMUH,SETRAM,0.9999973126425938
SADMUH,SADMIV,0.9999967921835754
SADMUH,SETQIT,0.9999847341598068
SADMUH,POJTOY01,0.9999250049046208
SADMUH,POJTOY,0.9998808554566796
SADMUH,YAXBUV02,0.9957944264477628
SADMUH,NEHZAE,0.9833110345383786
SADMUH,PIJKUR,0.8857596074173212
SADMUH,PIJKIF,0.8854678966560433
SADMUH,UFIHUP,0.8692744340537694
SADMUH,UFIKOM,0.8692336905078596
SADMUH,TOVKEW,0.8522413673707246
SADMUH,TOVJIZ,0.8507784186847196
CUFORD,OCUQIO,0.999989111204124
CUFORD,YUKVOQ03,0.9999890475658396
CUFORD,OCUQIO02,0.9999873130679172
CUFORD,MAGMOZ01,0.9999699904837408
CUFORD,AYONOT,0.999944168550858
CUFORD,MAGNEQ01,0.9998857520491232
CUFORD,MACUFR04,0.9998711925772528
CUFORD,MACUFR06,0.9997346591333884
CUFORD,ROLCEC11,0.9974847903341186
CUFORD,ROLCEC06,0.9973511996327196
CUFORD,ROLCEC01,0.9964165785088388
CUFORD,ROLCEC,0.996339799824208
ROLCEC01,ROLCEC,0.9999995898744772
ROLCEC01,ROLCEC06,0.9999290328618472
ROLCEC01,ROLCEC11,0.9999050800874428
ROLCEC01,SANMAX,0.9985873680125492
ROLCEC01,MACUFR06,0.998097145619076
ROLCEC01,OCUQIO,0.9967904456224
ROLCEC01,YUKVOQ03,0.9966986676892844
ROLCEC01,AYONOT,0.9958062628905444
BICPUA,ATEZEG,0.9998660391941868
BICPUA,MAPGOC,0.9081489666846964
BICPUA,MAPGUI,0.9026996083975584
BICPUA,VUDQOB,0.9022639718036692
BICPUA,MAPHAP,0.8422787589149179
BICPUA,SADLIU,0.8389543907849344
DANVEU,DANVAQ,0.999945687057166
DANVEU,ECUFAM,0.99980172067906
DANVEU,IFOQAV,0.9983229025233428
DANVEU,NERCIY,0.9980943168283254
DANVEU,IBAPEJ,0.8400814438517711
VITZAB,JUXSEC,0.9989221032408904
VITZAB,YICXIU,0.9563952050258574
VITZAB,YATTUK,0.943626527046334
VITZAB,SEHSII,0.9389574054829124
VITZAB,XADDAJ01,0.9323086197724672
VITZAB,XADDAJ,0.9320486002159484
VITZAB,UMIZIB,0.904069200534066
VITZAB,NEBYOK,0.900954159364941
VITZAB,XISDIO,0.8651463624359936
VITZAB,IFUNUU,0.8544195228693693
VITZAB,OHIHOD,0.8503653608476792
VITZAB,AYOZOF,0.8496173373785925
XUNGOD,XUNRUV,0.9999851459432808
XUNGOD,XUNSOQ,0.9997246745552416
XUNGOD,XUNSEG,0.9989262348337504
UFUNAK,BAHGUN,0.9998220854945062
UFUNAK,BAHGUN03,0.9997915635127218
UFUNAK,BAHGUN04,0.9997681550811632
UFUNAK,IPINAY,0.9995694725821104
UFUNAK,POFFAT,0.9989581490232128
UFUNAK,UGEPEB,0.998914409811327
UFUNAK,ICAGOK,0.9227277382898894
UFUNAK,NAPSUV,0.8683512823889157
UFUNAK,IDUSIM,0.8661948174494853
UFUNAK,IDUSIM01,0.8661446492768972
SAMVIO,COKNUN02,0.8662322631977922
SAMVIO,WACLEU,0.8431776904836318
SAMVIO,GELVEZ02,0.8414453729990583
SAMVIO,XUDSUK,0.8384345029230179
SABJUD,AVOGEX,0.8631859407837099
SABJUD,JEXLIK,0.8478224080844358
AVOGEX,JEXLIK,0.8393831195602349
KUNLEL,VEHJUP,0.9985843042794196
KUNLEL,FUVBAB,0.9937695345697716
KUNLEL,DUZPUL,0.9471334074590352
KUNLEL,KEFBOO,0.9081299223495852
KUNLEL,DUNXUH15,0.8921941624567435
KUNLEL,BOWJAA,0.88455033063798
KUNLEL,NUFCAU,0.8774105143749533
KUNLEL,CUVTOD,0.8716404428281189
KUNLEL,DOYHIK,0.8679221355447468
KUNLEL,UKOLUD,0.86140598163372
KUNLEL,ADUVAZ,0.8607410558450247
KUNLEL,SOWCOY,0.8562184881828365
KUNLEL,HIQNUS,0.8407823122403001
MUNDOQ,EXAXAE,0.8880148437298303
MUNDOQ,LAYXER,0.88012532055435
MUNDOQ,BAZGAM,0.8764888959045415
MUNDOQ,ICAGOK,0.8694741116964332
MUNDOQ,ANUGOG,0.8678927054665755
MUNDOQ,QOWRAV02,0.8594034035304791
SEMNIJ,OGEBAF,0.925921635389372
SEMNIJ,QIYDIN01,0.8850407574408735
SEMNIJ,ANUGOG,0.8849321637965564
SEMNIJ,FAGQAI,0.8816010546220934
SEMNIJ,RUVKAV,0.8720821476851291
SEMNIJ,BAZFUF01,0.8697170067702835
SEMNIJ,BAZGAM,0.8665442565402102
SEMNIJ,QOWRAV11,0.8658905525085616
SEMNIJ,QOWRAV08,0.8658794568527003
SEMNIJ,QOWRAV02,0.8658239840232149
SEMNIJ,MIKVEK,0.8633875893657641
SEMNIJ,NAPSUV,0.8402587032310376
SEMNIJ,DIHVIB,0.8396357711374114
SEMNIJ,DOTSOV08,0.8394006701389052
SEMNIJ,EPISOM,0.8387050342451327
NERVOV,WOPWOP,0.9999974329302328
NERVOV,NERVIP,0.9999485187974794
NERVOV,CEJFOO,0.9991878805502888
NERVOV,LUWZUZ01,0.8837301402592344
NERVOV,LUWZUZ,0.883626117228035
NERVOV,BIKMAL,0.877939775174515
NERVOV,BIKMAL01,0.8778429153362035
NERVOV,TATSIS,0.8440124990550013
NERVOV,TATSIS01,0.8438965365476355
NERVOV,ABIWOX,0.8435589344300011
NERVOV,BOWDUO,0.8432318336189277
NERVOV,VEDFAN,0.8431189722255736
NERVOV,VEDFER,0.8430726444987569
NERVOV,VEDGES,0.8428100225977669
NERVOV,CEYPUT,0.8425458838354821
NERVOV,CEYPUT01,0.8424637804422898
PEKZIP,RAGREY,0.9999838331583368
PEKZIP,ASUKEE01,0.9989797542374496
PEKZIP,OJOQAF01,0.9946817166788424
PEKZIP,HAJPEQ,0.8580176034501388
PEKZIP,ICAGOK,0.8577385425485199
PEKZIP,MOXPIZ,0.838482745910359
TOVWAE,OFOCUI,0.9420331377092892
TOVWAE,QAWHIH,0.8610435918358694
TOVWAE,DIHVIB,0.8609426997771666
TOVWAE,DOTSOV08,0.8605533420179875
TOVWAE,DOTSOV16,0.8605533160773097
TOVWAE,QIZLIW,0.8580078944955032
TOVWAE,PIDRAY,0.8568118874861843
KIGCEK,BEPPIX,0.9426818592107492
KIGCEK,BEPNIV,0.9073050155221924
KIGCEK,BEPPAP,0.9073046644678996
KIGCEK,BEPMEQ,0.9073044088517852
KIGCEK,BEPMIU,0.907303664129556
KIGCEK,MAWTUC,0.9072997005445196
KIGCEK,MAWVAK,0.9072889057767802
KIGCEK,UFARAX,0.8796211058862811
CIFGOP,TIRQOB,0.8625494303958613
YANWOC02,DADTOS04,0.9999990304710934
YANWOC02,DADTOS05,0.9999987490618696
YANWOC02,DADTOS09,0.9999986488869984
YANWOC02,DADTOS14,0.9999969925877388
YANWOC02,YANWOC,0.9999909863421036
YANWOC02,DADTOS10,0.9999906739478406
YANWOC02,DADTOS15,0.9999828771351822
YANWOC02,YUKTUU,0.999979221140256
YANWOC02,DADTOS07,0.9999735768505223
YANWOC02,VIRJEM,0.9999658444981804
YANWOC02,JEDKIP01,0.999965791254396
YANWOC02,DADTOS16,0.9999653360708948
YANWOC02,PADJOU,0.9999470713074292
YANWOC02,LIJWOR02,0.9999261719707246
YANWOC02,LIJWOR01,0.999898523509729
YANWOC02,IJOMOJ01,0.9998648394467085
YANWOC02,QINSUD,0.9998285080344524
BAHGUN02,BAHGUN03,0.9999521193325984
BAHGUN02,QERZUI01,0.9999446882047824
BAHGUN02,KAKTIA01,0.9993726397478816
BAHGUN02,IPINAY,0.9985627883261928
BAHGUN02,POFFAT,0.997582949900329
BAHGUN02,ICAGOK,0.9215760248015614
BAHGUN02,IDUSIM,0.8665890416218308
BAHGUN02,IDUSIM01,0.866588486329831
BAHGUN02,UNACIW,0.8665553123902128
BAHGUN02,IDUTIN,0.8665114662529378
BAHGUN02,NAPSUV,0.866271827485068
DIBQIQ,DIBQOW,0.9991530282789644
DIBQIQ,HELDOT,0.998746298812431
DIBQIQ,XUDVAV,0.9402588804432332
DIBQIQ,XAFFIV,0.8851823701277459
DIBQIQ,JODGIU,0.8851446386082954
DIBQIQ,DIDBEZ,0.8850298425944046
DIBQIQ,DIDBID,0.8849460200940494
DIBQIQ,CAQKAJ01,0.8768880129981601
DIBQIQ,CAQKAJ,0.8768364369646682
DIBQIQ,TAHYUZ,0.8766312215616873
DIBQIQ,HALVEY,0.8764333438972931
DIBQIQ,FEXCAO01,0.8742683851738584
DIBQIQ,HAJYAV,0.8728366425521091
DIBQIQ,CAQJOW,0.8727908394092457
DIBQIQ,YATDOP,0.8720316538901853
DIBQIQ,XALMOO,0.8709752646232621
DIBQIQ,VASYEW,0.8620498084840268
DIBQIQ,NIDFOX,0.8620485770618663
DIBQIQ,DIQHAO,0.8613488344504552
DIBQIQ,FAHQIR,0.8582981165386128
DIBQIQ,SIDXOV,0.8573337248949765
DIBQIQ,LUWZUZ01,0.8412074889471945
DIBQIQ,XIHSAJ,0.8404235508922042
DIBQIQ,XIHSEN01,0.8400232922271063
NOMPOW,FEXCAO01,0.9585623107334555
NOMPOW,DIBQOW,0.912675909515206
NOMPOW,HELDOT,0.9117421419904242
NOMPOW,HURGOR,0.902557152355165
NOMPOW,LUWZUZ,0.8866151605866754
NOMPOW,DIDBAV,0.8856828346488546
NOMPOW,DIDBEZ,0.8855753412568269
NOMPOW,DIDBID,0.8855070262760253
NOMPOW,FISQEG,0.8730015271164286
NOMPOW,ABIWOX,0.8532399601321661
NOMPOW,FEVDER,0.847630290312894
NOMPOW,YATDOP,0.8468462069688997
NOMPOW,SIDXOV,0.8437016290774261
HALVEY,CAQKAJ,0.9991818767711584
HALVEY,HAJYAV,0.998204881338266
HALVEY,CAQJOW,0.9981733666674512
HALVEY,TAHYUZ,0.9544882032601212
HALVEY,FAHQIR,0.9343448286039026
HALVEY,ONOCUR,0.9084717461516876
HALVEY,EJINIV,0.880578547544046
HALVEY,HELDOT,0.873672741722233
HALVEY,FISQEG,0.8570873043259997
HALVEY,XUDVAV,0.8530996455427348
HALVEY,HABZEQ,0.8420599103262411
HALVEY,XEVSIB01,0.8380855658166739
ODODIW,VEGMOK04,0.908247060187964
ODODIW,IFABIA,0.9081836274861874
YEBLAT,KULPUD,0.991508596022046
AWEJIW,DELGIN,0.9999799527489264
AWEJIW,QEKLID01,0.9724378531712948
AWEJIW,FESYEK,0.9471619258007928
AWEJIW,RUXWEM01,0.9278566428968076
AWEJIW,PIKYAM,0.8930067418423712
AWEJIW,OKOSUE,0.8786579784215287
AWEJIW,FUMJAA,0.8545262786977794
AWEJIW,MITSUE,0.8542580687108199
AWEJIW,PARKUQ,0.8538296101614311
AWEJIW,ZASJAG,0.8529432702990518
AWEJIW,NABLIM,0.8501012511142381
AWEJIW,JIYSUI,0.8494520981301121
AWEJIW,FIVRUA,0.8418264060083147
PESTAL,NUDNUW09,0.9999996699996162
PESTAL,NUDNUW01,0.9999094697009884
PESTAL,NUDPAE,0.9994913328843492
PESTAL,NUDPAE12,0.998427416617221
PESTAL,NIHBEM01,0.9971412918687282
PESTAL,CAJHUS01,0.996847733458076
PESTAL,NIHBAI01,0.9967720831770608
PESTAL,NIKYOW,0.996666396984198
PESTAL,NIHBAI02,0.9966235565989728
PESTAL,IZAKAX,0.9958167146875172
SIDXOV,FUMJAZ01,0.9059989311460936
SIDXOV,FUMJAZ,0.9059594161505108
SIDXOV,JODGIU,0.9007360083021084
SIDXOV,DIQHAO,0.8871934414932598
SIDXOV,NIDFOX,0.887161740417255
SIDXOV,YATDOP,0.8763049396371813
SIDXOV,TATSIS,0.8757349449439045
SIDXOV,TATSIS01,0.8751759401784268
SIDXOV,VASYEW,0.8724513439604751
SIDXOV,AHETAK,0.8720004487877938
SIDXOV,VEDFAN,0.8715912749354868
SIDXOV,VEDFER,0.8714715525116944
SIDXOV,VEDGIW,0.87082480983282
SIDXOV,VEDGES,0.8707349225404418
SIDXOV,FISQEG,0.8689489015136308
SIDXOV,BIKMAL01,0.8589453730267507
SIDXOV,BIKMAL,0.858340947948131
SIDXOV,KESFOG,0.8562432719007977
SIDXOV,YIRSUQ,0.8524380353714018
SIDXOV,NIGPEA,0.8523255815136683
SIDXOV,DIBQOW,0.8504207257162674
BAHGUN,IPINAY,0.9988396560241778
BAHGUN,ICAGOK,0.9218621262288618
BAHGUN,IDUSIM,0.8666027838178134
BAHGUN,IDUSIM01,0.8665833290888605
BAHGUN,UNACIW,0.8665551033977257
JEXWUF,RAVVOA01,0.9999381660048507
JEXWUF,RAVVIU,0.9999094001745258
JEXWUF,RAVVIU01,0.9998870709266964
JEXWUF,DADTUY01,0.9975533042152565
JEXWUF,DADTUY11,0.9973099335786187
JEXWUF,SOJKOT06,0.996065636602784
JEXWUF,SOJKOT07,0.9959723490189374
JEXWUF,MAJMOA03,0.9953586065104914
JEXWUF,DEFNIO,0.992314120722294
ICAGOK,IPINAY,0.92337473998242
ICAGOK,POFFAT,0.9233637191262272
ICAGOK,KAKTIA01,0.92297577188854
ICAGOK,NAPSUV,0.92235667215191
ICAGOK,BAHGUN03,0.9217753061202204
ICAGOK,BAHGUN04,0.921709029857008
ICAGOK,UGEPEB01,0.9208198106932536
ICAGOK,BAZGAM,0.8849622840719588
ICAGOK,BAZFUF01,0.8840615933407284
ICAGOK,QOWRAV11,0.8768437421135786
ICAGOK,QOWRAV08,0.8768270774530912
ICAGOK,QOWRAV02,0.8767438817538925
ICAGOK,OJOQAF01,0.8617951393572708
ICAGOK,FITSAD,0.8608489023994603
ICAGOK,ASUKEE01,0.8607662158487347
ICAGOK,KIKRAA,0.8592876273127936
ICAGOK,KOGYIP,0.857271911600568
ICAGOK,ANUGOG,0.8568581396638062
BIJJOV,IVOLIQ,0.9999592901551736
TACTUP,PASGEX04,0.8738395069415327
TACTUP,DECXUH,0.8647767694006993
TACTUP,DECYES,0.8462778998726803
UQUTUX,UQUTUX01,0.9998438347388058
UQUTUX,VITZIJ,0.8590926574831691
QEDZEG,GUGNON,0.9051441776545268
QEDZEG,VEGMOK04,0.8957279327557685
SUTBUF,NOCLUN,0.8461019194588605
SUTBUF,SEVROC,0.8449046784751744
UNACIW,IDUSIM01,0.9999973727058322
UNACIW,IDUTIN,0.9999960369751684
UNACIW,FAMQAO,0.8801099286832283
UNACIW,FAMPUH,0.8799021054163277
UNACIW,FAMQES,0.8797324674620204
UNACIW,QERZUI01,0.8666653167535389
UNACIW,BAHGUN04,0.866594089801014
UNACIW,UGEPEB,0.8665319136283446
UNACIW,KAKTIA01,0.8654610269086389
UNACIW,NAPSUV,0.8409955376200245
IDUTIN,IDUSIM01,0.999987287611488
IDUTIN,IDUSIM,0.9999810986295936
IDUTIN,FAMQAO,0.8798214702871318
IDUTIN,FAMPUH,0.8796084829079139
IDUTIN,FAMQES,0.8794348785594291
IDUTIN,UGEPEB01,0.8666338458903202
IDUTIN,BAHGUN04,0.866554325533317
IDUTIN,UGEPEB,0.8665425814807415
IDUTIN,BAHGUN03,0.8665347457138143
IDUTIN,KAKTIA01,0.8653184507351075
IDUTIN,IPINAY,0.8644673169641518
FUDHET,FUDHAP,0.9973571922374586
FUDHET,QUSVOQ,0.9405951311055364
FUDHET,ABAYOU,0.9069480101101622
FUDHET,CUWNIT,0.8590439003127219
FUDHET,GEPBEK,0.8586241224935394
FUDHET,KESFOG,0.8585661216698487
FUDHET,UFUKUB02,0.8422540420853164
FUDHET,KORMUB,0.8395544867299382
MICCIM,TULLIX,0.9999916456093176
MICCIM,FOKWOT,0.9953839946007974
MICCIM,PIQQOX,0.9722722969778674
MICCIM,WUHMOD,0.9417143925484754
MICCIM,ESADUZ01,0.9414478398654929
MICCIM,REXYAX,0.8611399073298047
MICCIM,IZEBEV,0.8410458049181242
MICCIM,SAHYOS,0.8386793272378683
XAFFAN,GUGNON,0.885598456862815
XAFFAN,VEGMOK04,0.8768875828420826
XAFFAN,IFABIA,0.8763860293062374
ADASEF,NAPSUV,0.8469554246026073
XUDVAV,FISQEG,0.9979475161533712
XUDVAV,HELDOT,0.9328738010632652
XUDVAV,HURGOR,0.9264855544641812
XUDVAV,VASYEW,0.9249720835894754
XUDVAV,KESFOG,0.9172549033362936
XUDVAV,KESFIA,0.917247992852347
XUDVAV,ABAYOU,0.8872152298172273
XUDVAV,FEXCAO01,0.8788338289101176
XUDVAV,AZIHOI,0.8705685947963631
XUDVAV,FEVDER,0.8694239783464924
XUDVAV,DIDBAV,0.86082709378324
XUDVAV,JODGIU,0.8601850922935073
XUDVAV,DIDBID,0.8601822650173343
XUDVAV,CAQJOW,0.8569685639884151
XUDVAV,NIDFOX,0.8527961561140537
XUDVAV,DIQHAO,0.8527001541413135
XUDVAV,TAHYUZ,0.852257599930526
XUDVAV,XALMOO,0.8498596360056381
XUDVAV,CAQKAJ01,0.8496548057322468
XUDVAV,BIKMAL01,0.8434448590471737
XUDVAV,ONOCUR,0.8423124240997154
XUDVAV,QUSVOQ,0.8421956537942877
XUDVAV,FAHQIR,0.8409099253511982
GERWOR,NABLIM,0.9082343620628746
GERWOR,PARKUQ,0.9068349807474844
GERWOR,MITSUE,0.9062705289048876
GERWOR,DUWBEE,0.861076677174816
GERWOR,ENITEB,0.8609179612166824
GERWOR,NOZZUZ,0.8600146293337063
JUXZIN,JUXZOT,0.9999019050117084
JUXZIN,JUYJIY,0.922205947141859
JUXZIN,RUXWEM01,0.8843172786308653
JUXZIN,QEKLID01,0.857360711969715
JUXZIN,PIKYAM,0.8516251497941988
JUXZIN,WUZGEF01,0.8423539064215766
JUXZIN,EKUNON02,0.8410102981770209
JUXZIN,EKUNON01,0.8408600248836
XUDSUK,MIQCUL,0.9079409826686488
XUDSUK,BELTOD,0.8968610073228569
XUDSUK,PUGHAC,0.896232269927836
XUDSUK,PUGFII,0.896066550413524
XUDSUK,UKIQIP,0.8867993870988016
XUDSUK,YAQCEY,0.8835166136721407
XUDSUK,OSADIX,0.8777885359316555
XUDSUK,WEYQAU01,0.8708419876591713
XUDSUK,WEYQAU07,0.87017003193923
XUDSUK,WEYQAU09,0.8698650646628555
XUDSUK,AVILAT,0.867127783621495
XUDSUK,XOHSUJ,0.8637859787954575
XUDSUK,DOLWAE,0.8505448449921215
XUDSUK,NEDVOJ,0.8502433191811991
XUDSUK,WOBQEL,0.8465426121580658
XUDSUK,UKUPEX,0.8464011788489623
XUDSUK,GURXIB,0.839204217652368
DOYHIK,NUFCAU,0.9848119076949992
DOYHIK,IRELAU,0.8904386899287836
ADUVAZ,DUZPUL,0.8767264403830968
ADUVAZ,FUVBAB,0.8576899236277032
NIGPEA,HELDOT,0.9998123873146244
NIGPEA,HURGOR,0.95560027209954
NIGPEA,FISQEG,0.9438347187808036
NIGPEA,JODGIU,0.8840352266725985
NIGPEA,CAQKAJ,0.8766799211220304
NIGPEA,CAQKAJ01,0.8764564166005597
NIGPEA,TAHYUZ,0.8754895242304708
NIGPEA,FEXCAO01,0.8715107526190725
NIGPEA,YATDOP,0.8714817481578323
NIGPEA,CAQJOW,0.8695586622809072
NIGPEA,XALMOO,0.8690935118343466
NIGPEA,FEVDER,0.8661098935855036
NIGPEA,AZIHOI,0.8649496726525222
NIGPEA,KESFOG,0.864881952927922
NIGPEA,KESFIA,0.8648810395881344
NIGPEA,VASYEW,0.8580139556386449
NIGPEA,FAHQIR,0.8556458400201308
NIGPEA,QIQTOB,0.8551014638765462
NIGPEA,XUBKOU,0.8427263756573917
NIGPEA,LUWZUZ01,0.8379244768025467
NIGPEA,XIHSAJ,0.8377598741608446
XUPSAE,TOXNEB,0.9999999992683686
XUPSAE,NIRPOW,0.9999998638630558
XUPSAE,TOXMUQ,0.9999998603472224
XUPSAE,YEYDUE,0.9999981467225572
XUPSAE,OTECAT,0.8632876354463991
XUPSAE,CELZOK,0.8624196422426063
XUPSAE,PEYSUJ,0.8540214073828398
XUPSAE,DITHOG,0.8422159941955061
XUPSAE,DITJEY01,0.841674863700767
SEQTEP,NIRGAY,0.9989779455020322
SEQTEP,NEDVOJ,0.8534618850107153
LUSHOX04,VUQKAU02,0.9471581300488552
LUSHOX04,BELTOD,0.8969610899054042
LUSHOX04,PUGFII,0.8958752678122762
LUSHOX04,UKIQIP,0.8868871281641154
LUSHOX04,IVELUS,0.8850588469748943
LUSHOX04,WEYQAU01,0.8711328233033883
LUSHOX04,WEYQAU06,0.8706315409156505
LUSHOX04,WEYQAU07,0.870484213278074
LUSHOX04,WEYQAU09,0.8701888123640785
LUSHOX04,XIHXET,0.8684138402015558
LUSHOX04,AVILAT,0.8669194094866218
LUSHOX04,ROYMEZ,0.8646236567044628
LUSHOX04,MUMBIH,0.8611074620228394
LUSHOX04,DOLWAE,0.8508467016203322
LUSHOX04,GURXIB,0.8391017585628346
CITXUZ,GAVDUD,0.9196909888718704
CITXUZ,DOTSOV16,0.918986340734927
CITXUZ,DOTSOV08,0.9189863058393604
CITXUZ,DIHVIB,0.9182311904417276
CITXUZ,MIKVEK,0.8635394252005901
CITXUZ,HOGLEV01,0.842788641769616
CITXUZ,OFOCUI,0.8393832248077295
YAXBUV02,XUDSIY,0.9992670913478082
YAXBUV02,POJTOY,0.9970866529724812
YAXBUV02,SADMIV,0.9960204707366924
YAXBUV02,NEHZAE,0.9957900178078872
YAXBUV02,SETRAM,0.9955803555410644
YAXBUV02,SETQIT,0.995275114270832
YAXBUV02,XADCOW,0.99473935946237
YAXBUV02,PIJKUR,0.8866381562804533
YAXBUV02,REZXOK,0.8836671370783227
YAXBUV02,UFIKIG,0.8663019534507697
YAXBUV02,UFIKOM,0.8658533908925105
YAXBUV02,UFIHUP,0.8650902836680374
VEGMOK04,GUGNON,0.9078410858936612
VEGMOK04,PICCUC,0.8968871594616759
VEGMOK04,SACHIP,0.8916792585810224
VEGMOK04,XOQXIL,0.8779195295370393
VEGMOK04,ZARLIP,0.8773248752071027
VEGMOK04,MEWPIQ,0.8767740506411841
VEGMOK04,ZARLEL,0.8757101863574621
VEGMOK04,FUVBAB,0.8746192149520426
VEGMOK04,VEHJUP,0.8745175453107108
VEGMOK04,GADROU,0.868903100651661
VEGMOK04,KAHMOW,0.8674624731279863
VEGMOK04,UBUMAH,0.8610794536580305
VEGMOK04,HUVGEM,0.8608304164334895
VEGMOK04,TACJEO,0.8513500564085942
VEGMOK04,LEBQUH,0.8440463104794409
VEGMOK04,HOKLIE,0.8396812920202001
TEPWOD,WUPVAG,0.9058863808769152
TEPWOD,OFAWAV,0.8804321704840596
WUPVAG,PAZDOM,0.8630233395622114
FUDHAP,KESFOG,0.864170437172463
FUDHAP,USAYOE,0.8569291691168939
FUDHAP,GEPBEK,0.8509299236929431
FUDHAP,UFUKUB03,0.842423617656702
FUDHAP,UFUKUB02,0.8423248261611245
FUDHAP,KORMUB,0.8392892970218051
ACODON,QACTUJ,0.8950407927229951
ACODON,BOJYIK,0.8949804773417545
ACODON,DAKZUN,0.8494468764030607
ACODON,AYOZOF,0.8378532941039887
XADDAJ01,XADDAJ,0.9999795681475898
XADDAJ01,UMIZIB,0.9737579131853136
XADDAJ01,AYOZOF,0.9362649950311198
XADDAJ01,ZALLEG,0.9327818944553312
XADDAJ01,YATTUK,0.8861818631687984
XADDAJ01,SEHSII,0.8831391134054115
XADDAJ01,LAVTAF,0.8829572822245648
XADDAJ01,DEKYOK,0.8553822166719032
XADDAJ01,IFUNUU,0.8497482646996475
NAXVOY01,MOPQIT,0.999999482247361
NAXVOY01,NAXVOY04,0.9999990149287266
NAXVOY01,NIWZIE01,0.9999806582930956
NAXVOY01,NIWZIE02,0.9999480777557556
NAXVOY01,NIWZIE09,0.9999358755742982
NAXVOY01,NIWPIU,0.9998622430862644
NAXVOY01,NIWZIE18,0.999854648104296
NAXVOY01,NAXVOY,0.9984874637940764
NAXVOY01,LIJWUX,0.997667495024468
NAXVOY01,LICSEW03,0.9975839369799568
NAXVOY01,MGFORD01,0.9972968880910418
NAXVOY01,AMURUX,0.9965716117781568
DIDBID,DIDBEZ,0.9999970355003316
DIDBID,JODGIU,0.9999845014942828
DIDBID,YATDOP,0.9247200924314124
DIDBID,XALMOO,0.9246373207315596
DIDBID,VEDFER,0.9230232628655964
DIDBID,VEDGES,0.9229190683530316
DIDBID,VEDFAN,0.9228565273888454
DIDBID,TATSIS,0.9219712959671
DIDBID,HURGOR,0.9219353593850648
DIDBID,NIDFOX,0.9178492337320732
DIDBID,AZIHOI,0.908470763000262
DIDBID,DIBQOW,0.8831853283591643
DIDBID,LUWZUZ01,0.8825845975230183
DIDBID,HELDOT,0.8825783281608022
DIDBID,LUWZUZ,0.8824252274349692
DIDBID,JODGOA,0.8764908974383178
DIDBID,FEXCAO01,0.8693313914832707
DIDBID,YIRSUQ,0.8687025116848165
DIDBID,FISQEG,0.8646895327259323
DIDBID,XAFFIV,0.8549990518208317
OGEBAF,BIHROC,0.9782385523639564
OGEBAF,FAGQAI,0.9549933847240596
OGEBAF,FISGOF,0.9199308507884866
OGEBAF,RUVKAV,0.8952154478705129
OGEBAF,QIZLIW,0.8610310124593779
OGEBAF,DOTSOV16,0.8593852787071583
OGEBAF,DOTSOV08,0.8593852342397299
OGEBAF,DIHVIB,0.8584582300166834
OGEBAF,ANUGOG,0.839356131700078
ELUQIM13,ELUQIM01,0.9999998295027638
ELUQIM13,ELUQIM08,0.9999986884140248
ELUQIM13,TEVZOK,0.9998489010981716
ELUQIM13,YANXIX04,0.9979513891258752
ELUQIM13,SANMEB,0.9973259854893956
ELUQIM13,TAYZUQ,0.9952307515312568
ELUQIM13,AMOBEL02,0.9935958402561088
IFABIA,GUGNON,0.907514014224602
IFABIA,SACHIP,0.8926691785465692
IFABIA,XOQXIL,0.8777783886451176
IFABIA,MEWPIQ,0.8762492515752125
IFABIA,ZARLEL,0.875006976595365
IFABIA,VEHJUP,0.8747731802253016
IFABIA,GADROU,0.8689643919712589
IFABIA,XEGWIS,0.866836442255758
IFABIA,XEGXIT,0.8668178574365868
IFABIA,SIXWON,0.853422292922987
IFABIA,WOJZOK01,0.850681505387318
IFABIA,IGINIX,0.8462040976390155
IFABIA,HOKLIE,0.8396144881978883
IDUDES,QESBAR,0.8779479513161246
IDUDES,NAPSUV,0.8708206282713353
IDUDES,MIKVEK,0.8606630134352315
PIKYAM,RUXWEM01,0.9558492302414082
PIKYAM,QEKLID01,0.8952763126246509
PIKYAM,DELGIN,0.8934132895214435
PIKYAM,JIYSUI,0.8683395491197282
PIKYAM,JUXZOT,0.8517523861302612
PIKYAM,XEQRAO,0.8507953340921427
VOTHOD,NABLIM,0.8739955731723223
VOTHOD,PARKUQ,0.8730798991069673
VOTHOD,PARKUQ01,0.8730740262547532
VOTHOD,FUMJAA,0.8721919901086834
VOTHOD,YICRAF,0.8428781103113194
VUQKAU02,UKIQIP,0.9322979698263928
VUQKAU02,JIYPAL,0.9012661147797892
VUQKAU02,XIHXET,0.8845884180520116
VUQKAU02,BELTOD,0.8843001200431333
VUQKAU02,ROYMEZ,0.8797151121480158
VUQKAU02,GURXIB,0.8793983130463066
VUQKAU02,MIQCUL,0.8646550056349513
VUQKAU02,KOCWEF,0.847808756857934
VUQKAU02,IVELUS,0.8442887303695435
VUQKAU02,YEKJAC,0.8434465750051557
VUQKAU02,YAQCEY,0.8424808404107305
KAKCEH01,IFIQUM,0.8002259192391562
YUNBOZ,INICPB01,0.9998960953903668
YUNBOZ,INICPB02,0.9997601345290348
YUNBOZ,YAPQUC,0.8834949721055272
YUNBOZ,LONHON,0.8823385100312463
YUNBOZ,ERIQUS,0.8820444938314014
KIRFOI,ADONEP,0.8858720154510541
KIRFOI,HIDTUM,0.8720930194168939
KIRFOI,ANUGOG,0.8693804975321774
KIRFOI,QIZLIW,0.8688774224651103
KIRFOI,DOTSOV16,0.8666245390601481
KIRFOI,DOTSOV08,0.8666244848980653
KIRFOI,NAPSUV,0.8657481917513682
KIRFOI,DIHVIB,0.8655077361243714
KIRFOI,LAYXER,0.8575484209754775
WOPWOP,FAZPIH,0.9999519117824698
WOPWOP,VOCKUT,0.9999284935720076
WOPWOP,NERVIP01,0.9996445515989144
WOPWOP,LUWZUZ,0.8836026726715515
WOPWOP,BIKMAL,0.8779513654547936
WOPWOP,BIKMAL01,0.8778707627106105
WOPWOP,OCUGAX,0.8440105095213314
WOPWOP,TATSIS01,0.8438616898526068
WOPWOP,ABIWOX,0.8436125566309527
WOPWOP,AHETAK,0.8431843688628272
WOPWOP,BOWDUO,0.8431603087015297
WOPWOP,VEDFAN,0.8430412775627245
WOPWOP,VEDFER,0.8429859788117753
WOPWOP,VEDGES,0.8427177101695489
WOPWOP,CEYPUT,0.8424482772481964
UBUMAH,ZARLIP,0.9547449449207536
UBUMAH,ZARLEL,0.9535213219390912
UBUMAH,FUVBAB,0.8610434036228247
UBUMAH,VEHJUP,0.8602091419224148
ARIDIQ,MEQPEG,0.8637667794206143
ARIDIQ,GAWMOJ,0.8533248257236632
ARIDIQ,TACJEO,0.851734199756573
NIKYOW,NIHBAI01,0.9999989519826638
NIKYOW,CAJHUS01,0.999997194442576
NIKYOW,NIKZEN,0.999997157976364
NIKYOW,NIHBEM01,0.9999809078853352
NIKYOW,IZAKAX,0.999951082785438
NIKYOW,IZAJUQ,0.999946829229116
NIKYOW,NUDPAE,0.998663082543254
NIKYOW,NUDPAE01,0.9986528335663332
NIKYOW,NUDPAE09,0.9979501456061556
NIKYOW,NUDNUW01,0.9965552659969288
QICXUY,DARDIL,0.99999847554734
QICXUY,WECSAZ,0.8952441245211229
QICXUY,EXUSUN,0.8938892557750533
QICXUY,EXUTAU,0.8938076533811657
QICXUY,IBEYAQ,0.8803036561883986
HUCBOX01,QIZLIW,0.8965558198390989
DIQHAO,NIDFOX,0.9999874643432556
DIQHAO,XALMOO,0.9949502224698816
DIQHAO,DIDBAV,0.9180276922675156
DIQHAO,DIDBEZ,0.9172714958454676
DIQHAO,AZIHOI,0.8829935790143681
DIQHAO,FEVDER,0.8815257120752343
DIQHAO,TATSIS01,0.8565269510359805
DIQHAO,KEJWAY,0.8555596004056905
DIQHAO,DIBQOW,0.8545908777466902
DIQHAO,BOWDUO,0.8534138662306069
DIQHAO,VEDFUH,0.8532457587336248
DIQHAO,VEDFAN,0.8530854405395463
DIQHAO,VEDFER,0.852966114592851
DIQHAO,HELDOT,0.8529161392234432
DIQHAO,VEDGIW,0.8523429648733708
DIQHAO,VEDGES,0.8522542665966633
DIQHAO,FISQEG,0.8492401382355772
DIQHAO,FUMJAZ01,0.843257106236633
DIQHAO,FUMJAZ,0.8432125576746807
IQEWOQ,JEDKIP01,0.9990258964334496
IQEWOQ,REZJIR04,0.9989990663939567
IQEWOQ,DADTOS07,0.9989806962761218
IQEWOQ,DADTOS10,0.9988436655857926
IQEWOQ,DIDVIW,0.9987264306657944
IQEWOQ,DADTOS11,0.9987017981201268
IQEWOQ,DADTOS04,0.9986991556360736
IQEWOQ,DADTOS14,0.9984962977727329
IQEWOQ,DADTOS15,0.9983046881608708
IQEWOQ,REZJIR02,0.9982805246241158
IQEWOQ,YUKTUU,0.998270393422872
IQEWOQ,PADJOU,0.9981862398625756
IQEWOQ,LIJWOR01,0.9981666119266313
IQEWOQ,VIRJEM,0.9981620034672812
IQEWOQ,PADJOU01,0.998087824330417
IQEWOQ,LIJWOR02,0.9979244886687532
IQEWOQ,LIJWOR05,0.9977005730917948
IQEWOQ,QINSUD,0.9974926173719176
UFOSEQ,WIZMAV10,0.9469435347335023
UFOSEQ,WIZMAV08,0.9469392803109988
UFOSEQ,IXETEM,0.9082472764150592
UFOSEQ,RUKDIM,0.9075720923972612
UFOSEQ,HERHAQ,0.9066092987017382
UFOSEQ,GERBEN,0.9059082925062548
UFOSEQ,WUPTUY01,0.904947714219027
UFOSEQ,HERHEU,0.9046254810304863
UFOSEQ,OXOLAP,0.9045912881168232
UFOSEQ,WUPTUY,0.9045646722742848
UFOSEQ,GAYXEM,0.9031355664606476
UFOSEQ,VIKSEQ,0.8779376663954899
UFOSEQ,VIKSIU,0.8779369688243991
UFOSEQ,VIKROZ,0.8778764996833192
UFOSEQ,VIKRIT,0.8776556207062275
UFOSEQ,ESEBOV,0.8753264766337454
UFOSEQ,UNEJEE,0.8749097069281497
UFOSEQ,BOHWUS,0.8725110861327705
LICSEW04,LICSEW03,0.9999761831444556
LICSEW04,AMURUX,0.9999476778057692
LICSEW04,AMURUX08,0.9999469205780256
LICSEW04,AMURUX10,0.9998393793060822
LICSEW04,NAXVOY04,0.99725083937948
LICSEW04,NIWZIE01,0.996883269995714
LICSEW04,NIWZIE02,0.9965629209079536
LICSEW04,NIWZIE09,0.9964685354524642
LICSEW04,NIWPIU,0.9960131653873988
VEHJUP,DUZPUL,0.9463895994574536
VEHJUP,FUDGIW,0.907060166610009
VEHJUP,DUNXUH15,0.8961791800158533
VEHJUP,BOWJAA,0.8870627628201211
VEHJUP,NUFCAU,0.8742452486070461
VEHJUP,CUVTOD,0.8740515003506478
VEHJUP,UKOLUD,0.8666467179256181
VEHJUP,SOWCOY,0.8600851950391164
VEHJUP,HIQNUS,0.8449465218810758
DOTSOV16,QAWHIH,0.9987578027324407
DOTSOV16,GAVDUD,0.997200615942325
DOTSOV16,MIKVEK,0.9306035443432412
DOTSOV16,HOGLEV,0.908016395244547
DOTSOV16,OFOCUI,0.9073608445759814
DOTSOV16,ALIXUP,0.9015097769303768
DOTSOV16,PIDRAY,0.9011516307505072
DOTSOV16,HUCBOX,0.8971021366291474
DOTSOV16,MOFGOE,0.8962957132202818
DOTSOV16,PAFZEE,0.8850327798462765
DOTSOV16,ADONEP,0.8846758435078442
DOTSOV16,DICKEH,0.8774529923011054
DOTSOV16,HIDTUM,0.8741849164820663
DOTSOV16,NIGDIS,0.8611190611687844
DOTSOV16,FAMPUH,0.8534329538958352
DOTSOV16,RUJMEQ,0.8464089838163601
DOTSOV16,BAZFUF01,0.8395350833162487
DOTSOV16,ENIHUG,0.8384635269589419
YINNUH,WUNVAD,0.9999897372354776
YINNUH,OKIYIR,0.9999806307924912
YINNUH,WUNVEH,0.9999770553473294
YINNUH,OKIVIO01,0.9999710383517996
YINNUH,SAHYAD02,0.9999612841091916
GEQQEB,POHLOP,0.8592415115680876
GEQQEB,WECSAZ,0.8384931271886583
GEQQEB,EHAZES,0.8384138091713284
GEQQEB,EXUSUN,0.838365961145616
GEQQEB,EXUTAU,0.8383503454539787
GEQQEB,YIXFOC03,0.8378363760550385
UFIYIR,UFIRUX,0.9997720767083564
TIKXAN,CUFFEP,0.9999996836644038
TIKXAN,FEYDET,0.999976606077286
TIKXAN,PEYVEV,0.988634501221148
TIKXAN,MUQYEE,0.9472077991005168
TIKXAN,OTEGOL01,0.9469597950119724
TIKXAN,OWIHUZ,0.9469586387651155
TIKXAN,OWIJAH,0.9469532862564032
TIKXAN,HIHNUJ,0.946938792354367
TIKXAN,OWIHOT,0.9469315635200122
TIKXAN,OWIJIP,0.9469240004444306
TIKXAN,VIFPUY01,0.8747182689083803
TIKXAN,TIRFOQ,0.8468424259134014
TIKXAN,NEDLOZ,0.8388639763314577
NIWPIU,NIWZIE18,0.9999998980565318
NIWPIU,NIWZIE09,0.9999860862720128
NIWPIU,NIWZIE02,0.9999794640136308
NIWPIU,NAXVOY04,0.9998845505984012
NIWPIU,NAXVOY,0.997628570949464
NIWPIU,SIRBIG06,0.9974755814440992
NIWPIU,LICSEW03,0.9963016848056876
NIWPIU,AMURUX08,0.9950892981888866
TONKEN,OTEGOL01,0.999795172629512
TONKEN,OWIHUZ,0.9997941341717314
TONKEN,HIHNUJ,0.999776279531464
TONKEN,OWIHOT,0.999769742762462
TONKEN,OWIJIP,0.999762906596781
TONKEN,MURBEI,0.9996531918965216
TONKEN,XOMHIS,0.9812727141306168
TONKEN,YAMXOC,0.9472123258981316
TONKEN,CUFFEP,0.9472123068382634
TONKEN,FEYDET,0.9471756930125422
TONKEN,XINTOG,0.8781362334972492
TONKEN,NEDLOZ,0.8636837599891265
TONKEN,CIFSAO,0.8620926895635749
LUWZUZ01,CEJFOO,0.8850762798970049
LUWZUZ01,VOCKUT,0.8842439390224869
LUWZUZ01,NERVIP,0.8840037482904068
LUWZUZ01,DIDBAV,0.8830982319793333
LUWZUZ01,NERVIP01,0.8830224622811638
LUWZUZ01,DIDBEZ,0.882525357867751
QERZUI01,BAHGUN04,0.9999597424612564
QERZUI01,BAHGUN03,0.9999499303009808
QERZUI01,IPINAY,0.998221216191398
QERZUI01,POFFAT,0.99712131058792
QERZUI01,IDUSIM01,0.8666748545025238
QERZUI01,IDUSIM,0.8666743533939936
QERZUI01,NAPSUV,0.8655833405817834
SOJKOT06,SOJKOT07,0.9999993559704384
SOJKOT06,SOJKOT05,0.9999979256847809
SOJKOT06,DADTUY11,0.9998812417171248
SOJKOT06,IGOPEB,0.9998678517737312
SOJKOT06,DADTUY07,0.9998168649613954
SOJKOT06,DEFNIO,0.999369251900438
SOJKOT06,RAVVIU01,0.9972817093469152
SOJKOT06,RAVVIU,0.9971647069065592
ASIVAB,SIXNIZ,0.8958316684189578
ASIVAB,SIXNOF,0.8957720933653738
ASIVAB,SIXNUL,0.8730615011512105
ASIVAB,LAYXER,0.8635095199889233
ASIVAB,BAZGAM,0.8598081036710038
ASIVAB,BAZFUF01,0.8594836440352589
ASIVAB,QOWRAV11,0.852718050147246
ASIVAB,QOWRAV08,0.8527021253739344
ASIVAB,QOWRAV02,0.8526226143527615
LIJPAX,BOYTEQ,0.9999985221344596
LIJPAX,YAQCEY,0.8544099076096996
LIJPAX,REZFEK,0.851846761338422
LIJPAX,BIRMUM,0.8455560285885875
LIJPAX,BAMHIJ,0.8435577706740113
EKEXOI,JOPGIG,0.99998192708722
BAZBIQ,SAJRUT,0.9979962178035008
BAZBIQ,PIJKIF,0.9314962274004276
BAZBIQ,PIJKUR,0.9312065251865826
BAZBIQ,FEWTAF,0.8437601254856547
KUGQOT,KOQXUL,0.9998830457093172
KUGQOT,LESWAI,0.8609813525477311
KUGQOT,HUSJUC,0.8495046317124746
KUGQOT,HAWDIU,0.8416290327435261
YUMFUJ,PEZCII,0.9435223117060428
YUMFUJ,RUWWOW,0.8483704274664553
YUMFUJ,RUWXEN,0.8483429803675284
YUMFUJ,RUWXAJ,0.8483165898858498
CUXPIV,ATIKAP,0.9080589001748904
CUXPIV,IBEYEU,0.8649860858070331
CUXPIV,AFOVIB,0.8636365513596329
IJOMOJ01,LIJWOR05,0.999999397567567
IJOMOJ01,QINSUD,0.9999976212453446
IJOMOJ01,LIJWOR02,0.9999901459377618
IJOMOJ01,PADJOU01,0.9999755387760096
IJOMOJ01,DADTOS16,0.9999670679878784
IJOMOJ01,YUKTUU,0.999950030518318
IJOMOJ01,DADTOS15,0.9999439262763704
IJOMOJ01,DADTOS14,0.9999021507267712
IJOMOJ01,DADTOS04,0.9998409799949716
IJOMOJ01,DADTOS11,0.9998400532977452
IJOMOJ01,DADTOS05,0.999837587973593
IJOMOJ01,DADTOS09,0.9998364668583112
IJOMOJ01,YANWOC,0.9997860936795736
IJOMOJ01,DADTOS07,0.9997189282562952
IJOMOJ01,REZJIR04,0.9997092854932832
MIKVEK,GAVDUD,0.9329897320551566
MIKVEK,QIZLIW,0.9326994060829658
MIKVEK,DOTSOV08,0.9306034925146058
MIKVEK,QAWHIH,0.9259330407560328
MIKVEK,LAYXER,0.9192471875281236
MIKVEK,NIGDIS,0.8891051910994079
MIKVEK,EPISOM,0.8816935591390431
MIKVEK,FAMQAO,0.8792954392108407
MIKVEK,NAPSUV,0.8788716212493444
MIKVEK,BAZFUF01,0.8774109748567508
MIKVEK,RUJMEQ,0.8726958930810909
MIKVEK,QOWRAV11,0.8666924369835038
MIKVEK,QOWRAV08,0.866670067480009
MIKVEK,ENIHUG,0.8606926416337388
MIKVEK,ALIXUP,0.8524381433234589
MIKVEK,HOGLEV,0.8524026126307029
MIKVEK,PIDRAY,0.8522883069683187
MIKVEK,OFOCUI,0.8479757725586087
MIKVEK,HUCBOX,0.8418335916723384
IPINAY,POFFAT,0.9998667209708956
IPINAY,BAHGUN03,0.9987638240406702
IPINAY,BAHGUN04,0.9987070277540916
IPINAY,UGEPEB01,0.99789913292788
IPINAY,UGEPEB,0.997179887787887
IPINAY,NAPSUV,0.8701728937374034
IPINAY,IDUSIM,0.8648524758438527
IPINAY,IDUSIM01,0.8647568111589357
IPINAY,QESBAR,0.8438606026450521
JOHFIW,NADZID,0.9998532647324812
JOHFIW,ALUJUN,0.8643938521883399
VIYHUI,FITSAD,0.9998718958675334
EJINIV01,EJINIV,0.9999751899396164
EJINIV01,QIQTOB,0.9335811630827772
EJINIV01,ONOCUR,0.9317302236324376
EJINIV01,HABZEQ,0.9102856322348956
EJINIV01,XEVSIB01,0.9089110580613392
EJINIV01,XEVSIB,0.9088531603264562
EJINIV01,HAJYAV,0.8811522215802305
EJINIV01,CAQKAJ01,0.878946370423429
EJINIV01,CAQKAJ,0.8782824448671256
EJINIV01,XIHSEN01,0.8524741958180435
EJINIV01,XIHSEN,0.8524297264175549
EJINIV01,YIRSUQ,0.8379404552921413
EPISOM,LAYXER,0.8866907914738114
EPISOM,SUKYIH,0.8844202441189605
EPISOM,NAPSUV,0.8736830585651216
EPISOM,BAZGAM,0.8605220738272112
EPISOM,BAZFUF01,0.8585343660927166
EPISOM,QIZLIW,0.8531496756981026
EPISOM,DIHVIB,0.8524334574904924
EPISOM,GAVDUD,0.8521884666909487
EPISOM,QOWRAV11,0.8508900283420993
EPISOM,QOWRAV02,0.8507860491243183
YICXIU,XADDAJ,0.9729438125602092
YICXIU,JUXSEC,0.9557336102945356
YICXIU,UMIZIB,0.9479836977010634
YICXIU,LEDHEJ,0.9442231457295008
YICXIU,XISDIO,0.9166064223363316
YICXIU,DAKZUN,0.9159545291679752
YICXIU,LAVTAF,0.90715370777402
YICXIU,YATTUK,0.9038642792522472
YICXIU,AYOZOF,0.9000233510841764
YICXIU,SEHSII,0.8988098289001815
YICXIU,ZALLEG,0.8932694096681726
YICXIU,OHIHOD,0.8479937443801266
YICXIU,IFUNUU,0.8466874641020226
EKEKAH,BIKMEP,0.9144201137728298
EKEKAH,TEVVOI,0.8839522026333103
EKEKAH,LICROF,0.8831959091782104
EKEKAH,TEVVIC,0.8745992145317394
EKEKAH,TEVVEY,0.8745753290408269
EKEKAH,TEVVAU,0.8738812956554477
EKEKAH,SEQSUE,0.8699777101819749
XOMCIN,LIDSAU,0.9996015716440682
XOMCIN,JAMSEY,0.996970058604237
XOMCIN,FEVDIV,0.9781208263879072
XOMCIN,PINPAG,0.9332525862156772
XOMCIN,BEJKEJ,0.9090939540212856
XOMCIN,CAXZUY,0.9088364326234132
XOMCIN,GAWZOW,0.9088204367421496
XOMCIN,TEVVIC,0.9074179217978424
XOMCIN,TEVVAU,0.9070494521948528
XOMCIN,XADWIK,0.9057034103069476
XOMCIN,XADWIK01,0.9052538660367856
XOMCIN,ROGLOP,0.8791919641658802
XOMCIN,UFATEA,0.8761494809293654
XOMCIN,XUJPOI,0.8610665564771219
XOMCIN,NUNPAP,0.8609587614227311
XOMCIN,PUNYON,0.8576309409356575
YUKVIK,DADVAG07,0.9999967594544986
YUKVIK,DADVAG02,0.9999832719414904
YUKVIK,XOBXIW,0.9985343485954596
REZJIR04,DADTOS10,0.9999943723429288
REZJIR04,YANWOC,0.9999941109997824
REZJIR04,DADTOS05,0.9999814465310912
REZJIR04,DADTOS11,0.9999806006287366
REZJIR04,DADTOS04,0.999980275944082
REZJIR04,DADTOS14,0.9999487375130772
REZJIR04,YUKTUU,0.9999003403414768
REZJIR04,VIRJEM,0.9998730073286666
REZJIR04,DADTOS16,0.9998720188135436
REZJIR04,PADJOU,0.9998580479664736
REZJIR04,LIJWOR01,0.9998116797482264
REZJIR04,LIJWOR02,0.9998039032139742
REZJIR04,LIJWOR06,0.9998001549105924
LUFNAC,LUFNAC05,0.9999274370904588
LUFNAC,LUFNAC01,0.999907590113984
LUFNAC,TUTJAU,0.9996837163030536
TATSIS01,KEJWAY,0.9998272400510492
TATSIS01,AHETAK,0.9993953360130804
TATSIS01,BOWDUO,0.9993757597435474
TATSIS01,VEDFER,0.9993288985666198
TATSIS01,VEDFAN,0.999295663642536
TATSIS01,VEDGES,0.999062780697136
TATSIS01,DIDBEZ,0.9225149581227896
TATSIS01,JODGIU,0.9225058555204562
TATSIS01,AZIHOI,0.87918222491371
TATSIS01,FEVDER,0.8789650282471153
TATSIS01,YATDOP,0.8584808579394538
TATSIS01,FUMJAZ01,0.8559558699886238
TATSIS01,FUMJAZ,0.855862578773664
TATSIS01,VOCKUT,0.8439567967283368
TATSIS01,NERVIP01,0.8438282352921957
TATSIS01,NERVIP,0.8437932883982929
TATSIS01,CEJFOO,0.8434382280203807
TATSIS01,YIRSUQ,0.8433920401394912
TATSIS01,RAKBIO02,0.8417927191444158
TATSIS01,RAKBIO,0.8417747400422145
AZIHOI,FEVDER,0.9998885605606378
AZIHOI,DIDBEZ,0.9085372305741328
AZIHOI,FUMJAZ,0.9073536045480824
AZIHOI,XALMOO,0.887161605461182
AZIHOI,TATSIS,0.8792246239602555
AZIHOI,BOWDUO,0.8789573870397649
AZIHOI,VEDFUH,0.8789193074255192
AZIHOI,VEDFAN,0.8788828757239623
AZIHOI,VEDFER,0.8788483438236555
AZIHOI,CEYPUT,0.8784728153791095
AZIHOI,FISQEG,0.8729853523490076
AZIHOI,VASYEW,0.871038107429011
AZIHOI,KESFOG,0.8709839221874136
AZIHOI,DIBQOW,0.8640063328031535
AZIHOI,BIKMAL,0.8609421159577115
AZIHOI,YIRSUQ,0.8542204971136311
ZARLEL,ZARLIP,0.9995064601152944
RODSAG01,REFBAH,0.99993887988392
RODSAG01,WIFSAI01,0.9215846299884684
RODSAG01,BUZKUE,0.8580370508082387
RODSAG01,PEBNER,0.8579889591626433
RODSAG01,JAVNIE,0.8579503708429647
RODSAG01,QONKUB,0.857114873194783
RODSAG01,QONLIQ,0.856920960977145
RODSAG01,HOSPEL,0.8567613263313189
RODSAG01,CISLUN,0.8567544085974118
RODSAG01,QONLEM,0.8567484866983324
RODSAG01,QONKOV,0.8565739830951885
RODSAG01,QOMRUH,0.8559578942716278
RODSAG01,QOMSAO,0.8556965215519485
RODSAG01,DEGJIK,0.8553077605981352
QONKOV,CISLUN,0.9999940373396456
QONKOV,QOMRUH,0.9999430735676268
QONKOV,QOMSAO,0.9998971390405224
QONKOV,DEGJIK,0.9998004861572258
QONKOV,FUSWIA,0.9996205659374778
QONKOV,JAVNIE,0.9985104680114734
QONKOV,BUZKUE,0.9984247768912644
QONKOV,HOSPEL,0.99695246272495
QONKOV,VUQJEX,0.9968258230335284
QONKOV,RODSAG,0.8567773875471103
QONKOV,REFBAH,0.8559391289736754
TEVVIC,BEJKEJ,0.9978564445319146
TEVVIC,CAXZUY,0.9963452028314216
TEVVIC,TEVVOI,0.9882905001323964
TEVVIC,ROGLOP,0.9221169194081298
TEVVIC,FEVDIV,0.906198049665663
TEVVIC,JAMSEY,0.9045168049117304
TEVVIC,SEQSEO01,0.8654621509952932
TEVVIC,SEQSUE,0.8548310598289068
TEVVIC,PINPAG,0.8495494477395255
IZUSEC,CUVTIX,0.8478456168347843
IZUSEC,IZUSAY,0.8477966288432898
HIBSUG03,PAQYAJ01,0.8773797982693294
HIBSUG03,XASHAA,0.8641406903711302
HIBSUG03,RIGHAR,0.8439519799077794
KAHWOG,AHONEQ,0.9999718819017104
KAHWOG,OPENUT,0.9959938810518222
KAHWOG,EXUTAU,0.8586324830644725
KAHWOG,YABKEU,0.854849887264
KAHWOG,WIPLOY,0.8523891407684911
KAHWOG,SENXER,0.8523680361311031
LEPLAV,AHONEQ,0.998906031493375
EFUFEQ,FODGUB01,0.8947403862147495
EFUFEQ,RIGHAR,0.843749705629211
WIPLOY,WOJZIG,0.9742054230528758
WIPLOY,HISSIN,0.9731931868784474
WIPLOY,VITYUU,0.9563684193145716
WIPLOY,YABKEU,0.9559959735363178
WIPLOY,EWASIG,0.9438208655460836
WIPLOY,DUGDOA01,0.9097963543661104
WIPLOY,IBEYAQ,0.8874593402879423
WIPLOY,DOLPIF,0.8530012531274469
WIPLOY,OPENUT,0.8526982748847278
WIPLOY,AHONEQ,0.8520001812240595
WIPLOY,LARYEK03,0.8401412256410441
ANUGOG,QOWRAV08,0.9568601109319526
ANUGOG,QOWRAV02,0.9567913979734788
ANUGOG,FISGOF,0.9199242458958676
ANUGOG,ENIHUG,0.905449704910244
ANUGOG,NAPSUV,0.9007584348821404
ANUGOG,DIHVIB,0.8778945578329971
ANUGOG,HIDTUM,0.8769785528171823
ANUGOG,QAWHIH,0.8768301056857468
ANUGOG,GAVDUD,0.8749973786288765
ANUGOG,SIXNIZ,0.8561571708683775
ANUGOG,SIXNOF,0.8559337137238594
ANUGOG,XITYOP,0.8383377267871936
POCLAV,LEKGOY01,0.8402625852989641
CANROA,KOHDIW,0.9999942027025954
CANROA,HURGOR,0.8649049802507489
CANROA,AHETAK,0.84299365180306
CANROA,VEDFUH,0.8429863665253665
CANROA,VEDGIW,0.8429248528860327
CANROA,VEDGES,0.842915117948714
CANROA,KEJWAY,0.8428532221522063
CANROA,CEYPUT,0.8428387994991311
CANROA,CEYPUT01,0.8427927915359208
CANROA,TATSIS,0.842412955383832
CANROA,XUBKOU,0.842210533335459
CUVTOD,FUVBAB,0.8734323373501498
RISXAT01,HUCXOU,0.9032330387023664
PEQLAZ,WEYDEM,0.997676074582263
UFOSOA,RUBTAK03,0.9999999972161948
UFOSOA,WIZMAV12,0.9469511276392653
UFOSOA,WIZMAV09,0.9469395308135472
UFOSOA,WIZMAV08,0.946936556374681
UFOSOA,WIZMAV05,0.946932309723382
UFOSOA,HERHAQ,0.906602659327544
UFOSOA,GERBEN,0.9059003662512118
UFOSOA,WUPTUY01,0.9049383109118928
UFOSOA,WUPTUY,0.9045547425639676
UFOSOA,GAYXEM,0.903123886184542
UFOSOA,VIKSEQ,0.8779385091750426
UFOSOA,VIKROZ,0.877878031907519
UFOSOA,DITJOH,0.8778576252123221
UFOSOA,VIKRIT,0.8776584969685098
UFOSOA,YEYCUC,0.8771593435213202
UFOSOA,ESEBOV,0.8753180636848874
FAZPIH,VOCKUT,0.9999949019893138
FAZPIH,NERVIP,0.9999341815803462
FAZPIH,BIKMAL,0.8778982665733169
FAZPIH,BIKMAL01,0.8778010771741275
FAZPIH,TATSIS,0.8439891917217099
FAZPIH,OCUGAX,0.8439567943914155
FAZPIH,KEJWAY,0.843773330104238
FAZPIH,ABIWOX,0.8435298598421692
FAZPIH,VEDFER,0.8430526561256196
FAZPIH,VEDGIW,0.8427662165968642
FAZPIH,VEDGES,0.8427566518043642
OCUGAX,NERVIP,0.8439997637610879
OCUGAX,NERVIP01,0.8435640075833377
OCUGAX,CEJFOO,0.8432272433986563
ENITEB,NOZZUZ,0.9996296952470272
ENITEB,RUXWEM01,0.8649608649517249
ENITEB,JIYSUI,0.8413645424966908
QEKLID01,FESYEK,0.9738610576719806
QEKLID01,RUXWEM01,0.9325575581011704
QEKLID01,DUWBEE,0.9312183305054248
QEKLID01,OKOSUE,0.9023420403984476
QEKLID01,NABLIM,0.8869062209952031
QEKLID01,MITSUE,0.8867699600423945
QEKLID01,FUMJAA,0.8864945039706776
QEKLID01,IGUVIR,0.8655883838947495
QEKLID01,NEMZIR,0.8592507770547095
QEKLID01,JUXZOT,0.8575101810176851
QEKLID01,TEMDIB,0.8507487479006406
QEKLID01,XEDGIY,0.849546854062572
QEKLID01,JIYSUI,0.8492578267790643
QEKLID01,PAQYAJ01,0.8419770389924879
FECJUT,TADWEC,0.8745508241158053
QINSUD,LIJWOR05,0.9999946381363763
QINSUD,LIJWOR06,0.999980670940233
QINSUD,PADJOU01,0.9999595593383236
QINSUD,DADTOS16,0.9999479267858336
QINSUD,VIRJEM,0.9999473510251692
QINSUD,PADJOU,0.9999253665580088
QINSUD,DADTOS15,0.9999196762792556
QINSUD,DADTOS14,0.9998708879221648
QINSUD,DADTOS11,0.9998007517420976
QINSUD,DADTOS05,0.9997980026245108
QINSUD,DADTOS09,0.999796753924439
QINSUD,YANWOC,0.9997411316526544
QINSUD,DADTOS07,0.9996675863699886
QINSUD,JEDKIP01,0.9996415099649194
WUHMOD,POKZOG,0.997654974126291
WUHMOD,PIQQOX,0.9604254664342096
WUHMOD,TULLIX,0.9415956221358478
WUHMOD,FOKWOT,0.940417511745226
WUHMOD,RUXWEM01,0.8638614944362162
WUHMOD,WIVRIE,0.8598731014862893
WUHMOD,LUWKIZ,0.8417930036597425
FECWOB,LEYLIN,0.9290412507810464
FECWOB,AQOROP,0.9177416669441972
FECWOB,GAMFEG,0.8955320813761721
FECWOB,OHOROS,0.8759575486170053
FECWOB,SAQFUM,0.8758008385768301
FECWOB,VEMMAC,0.8505227569998325
FECWOB,VAHWOS01,0.8498915092044717
FECWOB,VAHWIM,0.8497533503926534
YABKEU,OFEREX,0.943887630659027
YABKEU,VITYUU,0.9998364541381264
YABKEU,EWASIG,0.9916154001984316
YABKEU,WOJYOL,0.932882897808608
YABKEU,ASUBIB,0.8648429658360375
YABKEU,AHONEQ,0.8546825257493011
YABKEU,IFUPAC,0.8538074409617986
YABKEU,DOLPIF,0.8530559914651614
YABKEU,OPENUT,0.8525059469409527
YABKEU,EYACOX,0.8454830453959967
YABKEU,ZECBOB,0.8453364020792776
YABKEU,XOKJUD,0.8444104258996861
YABKEU,JORDAX,0.843629228017368
WOJYOL,WOJZIG,0.9995490376809864
WOJYOL,HISSIN,0.999408530112384
WOJYOL,DUGDOA01,0.9426003961694304
WOJYOL,VITYUU,0.933010751685276
WOJYOL,EWASIG,0.9224344556010168
WOJYOL,YIXFOC03,0.8861551452059426
WOJYOL,WECSAZ,0.883945172221194
WOJYOL,EXUTAU,0.882187351890044
WOJYOL,IFUPAC,0.8506234857410551
KAKTIA01,BAHGUN03,0.999360211926296
KAKTIA01,BAHGUN04,0.9993156590613442
KAKTIA01,POFFAT,0.9992807419817068
KAKTIA01,UGEPEB01,0.9988732335414228
KAKTIA01,UGEPEB,0.9984190959669476
KAKTIA01,NAPSUV,0.8690556393039524
KAKTIA01,IDUSIM,0.8656132962146824
PASGEX04,DECXUH,0.876352850854347
PASGEX04,DECYES,0.8713838504237849
DUZPUL,FUVBAB,0.9423039316304348
DUZPUL,KEFBOO,0.8647594929076277
DUZPUL,FUDGIW,0.8611652626340409
DUZPUL,GUGNON,0.8601436337217303
DUZPUL,BOWJAA,0.8445078665704847
UNISEQ01,NIRCUO,0.9999358265313067
UNISEQ01,UNIRUF11,0.9996661228947544
UNISEQ01,UNIRUF04,0.998648956292955
YIRSUQ,DIDBAV,0.8690564179275468
YIRSUQ,HAJYAV,0.8626021909139269
YIRSUQ,CAQJOW,0.8625987937675808
YIRSUQ,CAQKAJ01,0.8589769012785443
YIRSUQ,CAQKAJ,0.8581756156736666
YIRSUQ,FEVDER,0.8536743287951145
YIRSUQ,FUMJAZ,0.8510353684448154
YIRSUQ,FAHQIR,0.8471013829946077
YIRSUQ,HABZEQ,0.8464027654329136
YIRSUQ,ONOCUR,0.846132546409232
YIRSUQ,XEVSIB01,0.8460891181498043
YIRSUQ,XEVSIB,0.8460475493297432
YIRSUQ,AHETAK,0.8422784190649968
YIRSUQ,BOWDUO,0.8422463430280107
YIRSUQ,VEDFUH,0.8421664726053234
YIRSUQ,VEDFAN,0.8420898662631832
YIRSUQ,VEDFER,0.8420260220782687
YIRSUQ,VEDGIW,0.8417202569961705
YIRSUQ,CEYPUT01,0.841228209811068
YIRSUQ,TAHYUZ,0.8405180553995123
HIDTUM,GAVDUD,0.87789032589973
HIDTUM,QIZLIW,0.87706735652397
HIDTUM,DOTSOV08,0.8741848518594566
HIDTUM,DIHVIB,0.8728719204783203
EXEQAA,HAZGOF12,0.833979175056329
ROLCEC,ROLCEC03,0.9999921006459738
ROLCEC,ROLCEC06,0.999917833734666
ROLCEC,ROLCEC11,0.999892192675367
ROLCEC,MACUFR06,0.9980410045545532
ROLCEC,MACUFR04,0.9975766148901588
ROLCEC,OCUQIO,0.9967177168030242
ROLCEC,AYONOT,0.9957238087175616
GUXTEZ,GUXTID,0.9989687176633496
GAVDUD,QAWHIH,0.992257944765824
GAVDUD,ALIXUP,0.9073890638416712
GAVDUD,PIDRAY,0.9072572024185028
GAVDUD,HOGLEV,0.90682610485563
GAVDUD,MOFGOE,0.8961551990068816
GAVDUD,HUCBOX,0.8946153290524157
GAVDUD,RUVKAV,0.8853713572474257
GAVDUD,EXAXAE,0.8850467624911478
GAVDUD,ADONEP,0.8830338839842261
GAVDUD,XITYOP,0.8611129954619996
GAVDUD,NIGDIS,0.858943295735079
GAVDUD,IWEQAD,0.8584916718075923
GAVDUD,LAYXER,0.8550211638917977
GAVDUD,FAMQAO,0.8496506294814563
GAVDUD,FAMPUH,0.84947726923763
GAVDUD,NAPSUV,0.8492000217938477
GAVDUD,RUJMEQ,0.8437240951277971
GAVDUD,BAZGAM,0.8396252052156246
PUQYAC,XEGWIS,0.9999999349073376
AYONOT,CUFORM06,0.9999345111631168
AYONOT,YUKVOQ03,0.9999363012340464
AYONOT,OCUQIO02,0.9998868775229304
AYONOT,MACUFR06,0.9995320064093438
AYONOT,SANMAX,0.9992270506678242
AYONOT,ROLCEC06,0.9968156570237576
GAQKOB,QAKFIU,0.8944870661565655
ATIKAP,ADEGIA,0.9999994053274824
ATIKAP,ADEGIA01,0.9998023501642268
ATIKAP,IBEYEU,0.9472123501099023
ATIKAP,TEPJEF,0.9081440800789004
ATIKAP,UMIZEX,0.8871080226467696
ATIKAP,KEZLIN,0.8838661471326514
ATIKAP,YICGUP,0.8835930136929484
ATIKAP,LUWNAU,0.882281145052283
ATIKAP,EBEWOZ,0.8671529734347536
ATIKAP,HOGQIF,0.8651721834366188
ATIKAP,LIXMIQ,0.8607285254920282
ATIKAP,ELIKUG,0.8583468603296291
ATIKAP,XEVHEM,0.8459241833630752
SABWAU,CEMLOY,0.9080527056385832
SABWAU,DAZMID,0.9407582180344084
FUMJAA,MITSUE,0.9999710718610452
FUMJAA,PARKUQ01,0.9998519011724604
FUMJAA,PARKUQ,0.9998494201621696
FUMJAA,NABLIM,0.9976985235291428
FUMJAA,FESYEK,0.9082055970408516
FUMJAA,LIQFEY,0.90744995232857
FUMJAA,MICJOA,0.9070449006408348
FUMJAA,IJEYEC,0.8896990821053413
FUMJAA,DELGIN,0.8547058414581251
FUMJAA,VIDWAI,0.8532788439587703
FUMJAA,LUWKIZ,0.8477315613567901
FUMJAA,OKOSUE,0.8461508207585702
FUMJAA,TEMDIB,0.8392702622180921
OWIJAH,HIHNUJ,0.9999998033753292
OWIJAH,XOMHIS,0.9795201707776028
OWIJAH,NEDLOZ,0.8623659254976929
OWIJAH,CIFSAO,0.8602859023326455
OWIJAH,CIFSES,0.86011242593408
OWIJAH,FOSTIS,0.859998988446062
OWIJAH,TIRFIK,0.8502382912910607
TADWIG,GUGNON,0.8381110543621078
PARFOF,JUMDEC,0.8850576967240364
PARFOF,XAVDIJ,0.8850568105262381
PARFOF,IDIWOH06,0.885042021169017
PARFOF,IXODUV,0.8850372440892134
PARFOF,IXOFAD,0.8850322541895851
PARFOF,IDIWOH,0.8850310477783732
PARFOF,ATOTIM,0.8848742847190876
PARFOF,ALOVEC,0.8818557622139486
TAMHUM,TAMJEY,0.9999210216991874
TAMJEY,BUXTUL,0.9999371355855547
TAMJEY,HUFHIB,0.9998614562871068
TAMJEY,HUFJEZ,0.9998000894687776
TAMJEY,HUFJID,0.9985130481748292
XISDIO,DAKZUN,0.9988139382649284
XISDIO,AYOZOF,0.9846980876593784
XISDIO,UMIZIB,0.9742389477569652
XISDIO,LEDHEJ,0.9714651331519552
XISDIO,BOJYIK,0.90471834266478
XISDIO,DEKYOK,0.8764290869318283
XISDIO,JUXSEC,0.8639755219770713
XISDIO,LUCDES,0.8426861787714641
XISDIO,NEBYOK,0.8413473092976254
XISDIO,LAVTAF,0.8385393582588966
OVAJAX,KIJPUQ,0.861015294173497
OVAJAX,ACUBOP,0.9998773796300124
OVAJAX,PAQYAJ01,0.8772567586223032
OVAJAX,XASHAA,0.8640175202542087
REGLOG,REGLUM,0.9940573472830668
IMIDZB11,IMIDZB01,0.999933429828157
IMIDZB11,KUMXEW,0.9998794221454498
IMIDZB11,VEJZIU,0.9998681356382308
IMIDZB11,HICGEG,0.9988002014311592
DELGIN,RUXWEM01,0.9284764059428556
DELGIN,XEDGIY,0.8700552710748232
DELGIN,IGUVIR,0.8616815280901342
DELGIN,PARKUQ01,0.8541247655986077
DELGIN,ZASJAG,0.8529220185644772
DELGIN,NABLIM,0.8507060518045039
DELGIN,JIYSUI,0.8496415836889117
NIWZIE18,NIWZIE13,0.9999997398932432
NIWZIE18,MOPQIT,0.9998423120562632
NIWZIE18,NAXVOY,0.9976016109609306
NIWZIE18,LIJWUX,0.9963618550812582
NIWZIE18,LICSEW03,0.9962630517853804
NIWZIE18,AMURUX08,0.9950447324131272
NIWZIE18,AMURUX10,0.9943920438609778
WUCRUH,LARPOL,0.9999600895716574
LICROF,XUCHOS01,0.8430883074988205
ROLCEC11,ROLCEC06,0.9999982613104422
ROLCEC11,SANMAX,0.9992242349856292
ROLCEC11,MAGNEQ01,0.9984407525964551
ROLCEC11,MAGMOZ01,0.9980031534081564
ROLCEC11,OCUQIO02,0.9978109118512316
ROLCEC11,YUKVOQ03,0.9977185130443876
IBEYEU,ATEYOP,0.9516428337184888
IBEYEU,ADEGIA01,0.9469834314902184
IBEYEU,MIRGIG,0.926308140487793
IBEYEU,HOGQIF,0.8813635534650102
IBEYEU,YICGUP,0.8430163772405163
RUBTAK03,WIZMAV12,0.9469528339688532
RUBTAK03,ERANAO,0.9367740749559
RUBTAK03,IXETEM,0.9082472166679368
RUBTAK03,RUKDIM,0.9075705692521604
RUBTAK03,HERHAQ,0.9066069301426726
RUBTAK03,EMIYUW,0.9050979815432346
RUBTAK03,WUPTUY01,0.9049443590034078
RUBTAK03,HERHEU,0.9046219682744168
RUBTAK03,OXOLAP,0.9045877576961594
RUBTAK03,GAYXEM,0.903131398399533
RUBTAK03,IZIBUQ,0.8904833050453612
RUBTAK03,VIKSEQ,0.8779379687990625
RUBTAK03,VIKSIU,0.8779372751477985
RUBTAK03,VIKROZ,0.8778770482019896
RUBTAK03,VIKRIT,0.8776566490130948
RUBTAK03,ESEBOV,0.8753234749509086
RUBTAK03,UNEJEE,0.8749064782432829
XADWIK02,XADWIK,0.9999929469534536
XADWIK02,LIDSAU,0.9032626173063778
XADWIK02,JAMSEY,0.9027533410268818
XADWIK02,TEVVOI,0.8850570474722753
XADWIK02,CAXZUY,0.8825014322589644
XADWIK02,BEJKEJ,0.8812366375556244
XADWIK02,QEZZED,0.8586024842102531
XADWIK02,UFATEA,0.8567381375741783
XADWIK02,ROGLOP,0.8524743061679645
XADWIK02,BIKMEP,0.838736479047712
KEPMUQ,KEPNAX01,0.999999394151813
KEPMUQ,KENTEF03,0.8787439309258489
KEPMUQ,KENSEE01,0.8787103050296686
KEPMUQ,KENTEF04,0.8786991757851189
NIHBAI02,NIHBAI01,0.999998270629759
NIHBAI02,CAJHUS01,0.99999604258015
NIHBAI02,IZAKAX,0.9999557689665164
NIHBAI02,IZAJUQ,0.9999517099787928
NIHBAI02,NUDPAE12,0.9996430154086722
NIHBAI02,VICBEQ,0.9986810154091752
NIHBAI02,NUDPAE,0.9986389024681832
NIHBAI02,NUDPAE09,0.9979203195475496
NIHBAI02,NUDNUW09,0.9966600008543472
NIHBAI02,NUDNUW01,0.9965165291911988
FUDGIW,FUVBAB,0.9081985123731364
FUDGIW,PEPHID,0.8483593401718552
FUDGIW,FAHMIM,0.8389313141976599
XADWIK,FEVDIV,0.9069048002879176
XADWIK,LIDSAU,0.903053406750718
XADWIK,TEVVOI,0.8851037203016061
XADWIK,CAXZUY,0.8824811543283839
XADWIK,GAWZOW,0.8812500553407383
XADWIK,BEJKEJ,0.8811609837787457
XADWIK,TEVVAU,0.8739024510945798
XADWIK,QEZZED,0.8583397255297189
XADWIK,UFATEA,0.8567340163050752
XADWIK,ROGLOP,0.8522951428756573
XADWIK,PINPAG,0.8470293892202571
XADWIK,BIKMEP,0.8387524470393293
HOGQIF,AFOVIB,0.8852039850730572
HOGQIF,XISDOU,0.8768396093838116
HOGQIF,ATEYOP,0.8767329572275507
HOGQIF,AYOZIZ,0.8622913614005563
HOGQIF,LUWNAU,0.8575017861752736
HOGQIF,KEZLIN,0.8573146211766294
HOGQIF,UMIZEX,0.8514994491963332
HOGQIF,RIQVUJ,0.8477465263096453
EJIDUW01,AZIYOX01,0.9916981579072066
EJIDUW01,NAJGAH,0.9786953441576768
EJIDUW01,MISQAH,0.8999420060129473
JEGQOE,VUMXUY02,0.9999977007757797
COKNAT,WOBHIF03,0.9999997838852512
COKNAT,RIGTIL,0.8710876420615841
COKNAT,CIZQOT,0.8692383582911367
COKNAT,CIZQUZ,0.8682071295470626
COKNAT,LIKFOB,0.8616260732972262
NABLIM,PARKUQ01,0.9987161318010712
NABLIM,DUWBEE,0.94338021660685
NABLIM,MICJOA,0.9080695736018412
NABLIM,LIQFEY,0.9078521413312076
NABLIM,FIPKOG01,0.8603925634386587
NABLIM,VIDWAI,0.8525654232186619
NABLIM,TEMDIB,0.8389128152094854
BAZGAM,BAZFUF01,0.9956818049607942
BAZGAM,QOWRAV11,0.986194361346576
BAZGAM,QOWRAV08,0.9861740090346504
BAZGAM,LAYXER,0.973791279353358
BAZGAM,YUSWEP,0.9273727873107576
BAZGAM,FISGOF,0.9068270006443264
BAZGAM,SIXNOF,0.8601529935696653
BAZGAM,SIXNIZ,0.8598703698979935
BAZGAM,NAPSUV,0.8579677411072903
BAZGAM,NIGDIS,0.8427704894623336
BAZGAM,QIZLIW,0.8398268501718241
BAZGAM,DOTSOV08,0.8384743444116011
FUVBAB,DUNXUH15,0.8973092228395632
FUVBAB,BOWJAA,0.8865726146981311
FUVBAB,NASROR,0.8750518638850413
FUVBAB,GEYLEE,0.8685609239141947
FUVBAB,SOWCOY,0.8610810591160856
FUVBAB,ALANAD,0.852441302041686
FUVBAB,HIQNUS,0.8463133767115402
HERHUK,IZIBUQ,0.9061324546749776
HERHUK,HERHEU,0.8931639772866593
HERHUK,EMIYUW,0.8931408682465749
HERHUK,GAYXEM,0.8930558502701597
HERHUK,HERHAQ,0.8926948099455928
HERHUK,VIKSEQ,0.8822548664531855
HERHUK,VIKSIU,0.8822459550640882
HERHUK,VIKROZ,0.881677507719115
HERHUK,VIKRIT,0.8804518740459351
HERHUK,WIZMAV08,0.8747904323102405
HERHUK,WIZMAV10,0.8747787615921789
HERHUK,WIZMAV12,0.8747501296560753
HERHUK,IXETEM,0.8403091484886283
NUCRIN,MOFTIL01,0.999893939914026
NUCRIN,MOFTIL02,0.9997885358358792
NUCRIN,LEYLIN,0.9282337604202054
NUCRIN,AQOROP,0.918694932089836
NUCRIN,PEPHID,0.8994422376860046
NUCRIN,GAMFEG,0.8970857050696581
NUCRIN,VAHWOS01,0.8514385190525187
NUCRIN,VAHWOS02,0.8513863981336491
LARYEK03,IXISOZ02,0.9998244180996084
LARYEK03,YIXFOC03,0.998688821325965
LARYEK03,EHAZES,0.9972517077069688
LARYEK03,IBEYAQ,0.9403497696304636
LARYEK03,VUKTEC,0.9081749706967857
LARYEK03,GAPQAQ,0.9063926734098924
LARYEK03,DUGDOA01,0.9025523535592852
LARYEK03,WOJZIG,0.8869224497067795
LARYEK03,LUCDAO,0.8849228995977406
LARYEK03,RUYVIS,0.8766264614518007
LARYEK03,SENXER,0.8741557581610967
LARYEK03,SENXAN,0.8730765263025944
LARYEK03,ELIKOA,0.8610232852314743
LARYEK03,OPENUT,0.8594938838568941
LARYEK03,LIXMEM,0.8567079556723343
LARYEK03,PEHWUW,0.8563744010444985
MOFGOE,QIZLIW,0.8968867024537316
MOFGOE,QAWHIH,0.8932872298321705
MOFGOE,XITYOP,0.8380560509064294
FAHQEM,GALHUY,0.9985411070583862
FAHQEM,IFIPEV,0.9982153736683612
FAHQEM,CIFSIW,0.956428273533388
FAHQEM,VACFOV,0.9440399414220148
FAHQEM,VIFPUY05,0.9435918290806284
FAHQEM,LOQLEJ,0.9435801825961788
FAHQEM,LEPTUY,0.8850984587551416
FAHQEM,TIRFOQ,0.8442223799824721
OWIJIP,OWIHOT,0.9999999499362492
OWIJIP,OTEGOL01,0.9999988191475876
OWIJIP,MUQYEE,0.9996240910628243
OWIJIP,XOMHIS,0.979400060264638
OWIJIP,YAMXOC,0.9469418419184276
OWIJIP,FEYDET,0.9467579693789115
OWIJIP,XINTOG,0.8749890125520028
OWIJIP,CIFSIW,0.8611474519552544
OWIJIP,CIFSES,0.8599869841935407
OWIJIP,TIRFIK,0.850115862204942
ZEBMAW,ALUJIB,0.9059424480903124
ZEBMAW,SEQWOC,0.8624683010099574
FUMJAZ01,DIDBEZ,0.882934618153211
FUMJAZ01,JODGIU,0.882805065427106
FUMJAZ01,FILYEG,0.8667128200194089
FUMJAZ01,COXFOL,0.8653925750784117
FUMJAZ01,XADDOX,0.8646808655730198
FUMJAZ01,FILYAC,0.8626194689121961
FUMJAZ01,TATSIS,0.8556634895182608
FUMJAZ01,VEDFER,0.8540843074654818
FUMJAZ01,BOWDUO,0.854043090615065
FUMJAZ01,VEDFAN,0.8539145625810244
FUMJAZ01,VEDGES,0.8535568115755694
FUMJAZ01,VEDGIW,0.8534843924207663
FUMJAZ01,CEYPUT01,0.8533143473308121
FUMJAZ01,CEYPUT,0.8530783361680252
FUMJAZ01,VASYEW,0.8495011415786535
FUMJAZ01,NIDFOX,0.8435740566938503
FUMJAZ01,YATDOP,0.8413813277359746
FUMJAZ01,BIKMAL01,0.8386844733991089
LAYXER,QOWRAV11,0.9574031167771484
LAYXER,QOWRAV02,0.9572666959801566
LAYXER,FISGOF,0.9066071618652196
LAYXER,YUSWEP,0.9032257883167014
LAYXER,ENIHUG,0.8872456734688281
LAYXER,RUJMEQ,0.8775963371442933
LAYXER,QIZLIW,0.8546282347648125
LAYXER,DIHVIB,0.851262208137818
LAYXER,QAWHIH,0.8475376955766882
LAYXER,SIXNUL,0.8434281084041835
YAVYAW02,XOPLOE,0.997308988840958
SADMIV,SETRAM,0.999988252817126
SADMIV,SETQIT,0.9999677347665202
SADMIV,POJTOY01,0.9999526384762468
SADMIV,VAGVAC,0.9999304925777732
SADMIV,POJTOY,0.9999164738827078
SADMIV,XADCOW,0.999909851138462
SADMIV,XUDSIY,0.9919046247780662
SADMIV,KUXSIH,0.9743107136617164
SADMIV,PIJKUR,0.885895236870131
SADMIV,PIJKIF,0.8856162103116264
SADMIV,REZXOK,0.8844216864162129
SADMIV,UFIKOM,0.8692530802559236
SADMIV,UFIKIG,0.8692005065632806
SADMIV,TOVKEW,0.8523595679446032
SADMIV,TOVJIZ,0.850961469117481
WEYQAU09,WEYQAU07,0.9999952727953249
WEYQAU09,WEYQAU06,0.9999890947286458
WEYQAU09,DIJCOP,0.8717685236917132
WEYQAU09,WACLEU,0.8428989354766718
POCMEA01,POCMEA,0.9999927351822162
POCMEA01,INICPB01,0.999973337581482
POCMEA01,LONHON,0.8836968128479681
POCMEA01,ERIQUS,0.8834797974989431
POCMEA01,YAPQUC,0.8826691528233885
UMEXUF,FABFOF,0.9995490325814304
UMEXUF,RIGTIL,0.9993295094602708
UMEXUF,CIZQOT,0.9979893389247264
UMEXUF,CIZQUZ,0.9971984297214476
UMEXUF,LIKFOB,0.9916719697150528
UMEXUF,WOBHIF03,0.8724686036163216
UMEXUF,HIVSIQ,0.8608361422808777
HURGOR,HELDOT,0.954622410410241
HURGOR,FISQEG,0.9317435723182032
HURGOR,JODGIU,0.922118855888711
HURGOR,XAFFIV,0.9216050588030408
HURGOR,CAQKAJ01,0.8852711196888697
HURGOR,TAHYUZ,0.8852486181221424
HURGOR,XUBKOU,0.875579504117867
HURGOR,QIQTOB,0.8667248479966281
HURGOR,KOHLIE,0.8651222908822979
HURGOR,CUWNIT,0.8650558740257073
HURGOR,KOHDIW,0.8649082516092046
HURGOR,ONOCUR,0.8617871382361391
HURGOR,NIDFOX,0.8509827264432893
HURGOR,CEYPUT,0.8444142109729694
HURGOR,CEYPUT01,0.8443877610703296
HURGOR,VEDGES,0.8443758258635959
HURGOR,VEDFER,0.8442866677411155
HURGOR,BOWDUO,0.8442444693873274
HURGOR,AHETAK,0.8442332190234673
HURGOR,KEJWAY,0.8436622139318254
HURGOR,TATSIS,0.842843201543914
HURGOR,XIHSAJ,0.8425252010369388
HURGOR,XIHSEN01,0.8421796179533335
HURGOR,VASYEW,0.8406605223276968
CEXJUN03,PENLEB,0.8734043824191473
CEXJUN03,FUQJUX,0.8636338247298969
CEXJUN03,FUSWIA,0.8636157864982745
CEXJUN03,PEBNER,0.86358009272761
CEXJUN03,BUZKUE,0.8633868400050907
CEXJUN03,QONKUB,0.8633822304877448
CEXJUN03,QONLIQ,0.8632748417962937
CEXJUN03,QONLEM,0.8631771189641947
CEXJUN03,PIZHOX,0.8628132208549293
CEXJUN03,QOMRUH,0.8626659886611994
CEXJUN03,VUQJEX,0.8625812101257331
CEXJUN03,QOMSAO,0.8624716468783656
CEXJUN03,HOSPEL,0.8618176142502436
LUWKIZ,XEDGIY,0.9296350343120264
LUWKIZ,EKUNON,0.8616182216002203
LUWKIZ,EKUNON01,0.8616047163269822
LUWKIZ,PARKUQ,0.8487661044946807
LUWKIZ,PARKUQ01,0.8487587614808957
LUWKIZ,MITSUE,0.8482216272997358
LUWKIZ,ESADUZ01,0.8421230834833393
CISLUN,QONKUB,0.999965378134244
CISLUN,PIZHOX,0.9999471103426204
CISLUN,QOMSAO,0.9998421776725084
CISLUN,DEGJIK,0.999725755089881
CISLUN,FUSWIA,0.999707962164378
CISLUN,BUZKUE,0.9986103061773433
CISLUN,HOSPEL,0.9971655741647512
CISLUN,VUQJEX,0.9970918157426452
CISLUN,QITZUP,0.8704945212082238
CISLUN,CEXJUN02,0.8632242199743619
CISLUN,RODSAG,0.8569440575135179
CISLUN,REFBAH,0.8561548769575043
CISLUN,RANLAV,0.8513549142563037
DITKAT,DITKAT01,0.9999966169379688
DITKAT,WENRIR,0.997405742873213
DITKAT,CERPOF01,0.8923620085263152
DITKAT,RUDRUE,0.8913014848343254
DITKAT,YAPQUC,0.8608413724477265
DITKAT,LONHON,0.854771961703587
DITKAT,ERIQUS,0.8540246728631122
MAXDUM,MAXDUM01,0.9999327291980424
EYACOX,VITYUU,0.8457429798589893
EYACOX,RUYVIS,0.8398424332846458
VITYUU,EWASIG,0.9891361536901822
VITYUU,WOJZIG,0.932619010030358
VITYUU,HISSIN,0.9323515279426194
VITYUU,NAJSUP,0.8865726697647478
VITYUU,ASUBIB,0.8642332687349514
VITYUU,DUGDOA01,0.8595536241462973
VITYUU,AHONEQ,0.8540477327222318
VITYUU,OPENUT,0.8536236948129658
VITYUU,XOKJUD,0.844305213094448
ERIQUS,LONHON,0.999964064063597
ERIQUS,YAPQUC,0.9929401448137446
ERIQUS,MOLLEG,0.9163347080175808
ERIQUS,FOMDAO01,0.9040191806992782
ERIQUS,SAQCIZ,0.8857709446977469
ERIQUS,POCMEA04,0.8836840088350665
ERIQUS,INICPB02,0.8834524439716618
ERIQUS,INICPB01,0.8830424580231166
ERIQUS,TUTQOP,0.8764483334130596
ERIQUS,CERPOF,0.8747626830486301
ERIQUS,TEDZUZ,0.8602973360774016
ERIQUS,DITKAT01,0.8538075068279496
ERIQUS,HIFHIP,0.8512173166711416
ERIQUS,HAPZUW,0.8464787438250894
CERPOF,CERPOF01,0.9999994533454336
CERPOF,RUDRUE,0.9999499750324442
CERPOF,UHEBOA,0.8868271531374405
CERPOF,LONHON,0.8748305890355837
CERPOF,XILBAW,0.8742308700522077
EXAXAE,ADONEP,0.9983721439968014
EXAXAE,QIZLIW,0.8848248721995069
EXAXAE,QAWHIH,0.8782631508340886
EXAXAE,QESBAR,0.8438074838130402
ATIKET,RINTUF,0.9994406495314536
ATIKET,NILCIW,0.8333168298167127
FITSAD,ASUKEE01,0.9999656305227402
FITSAD,OJOQAF02,0.9986648446662684
FITSAD,HAJPEQ,0.8609606480747927
WUNSII,SAHYAD03,0.9999992236781344
WUNSII,OKIYIR01,0.9999922157514882
WUNSII,WUNVAD,0.99998370455139
WUNVAD,OKIYIR,0.999998542745647
WUNVAD,OKIYIR01,0.9999984400118436
DEFNIO,MAJMOA03,0.999611241579959
DEFNIO,SOJKOT07,0.9994048518599667
DEFNIO,IGOPEB,0.9990495128734512
DEFNIO,DADTUY07,0.9985080374383188
DEFNIO,DADTUY05,0.998436402964165
DEFNIO,DADTUY,0.9983802131910352
DEFNIO,RAVVIU01,0.994053269869383
DEFNIO,RAVVIU,0.9938817340513112
PARNIH,XOPLOE,0.999399407985825
LUFNAC05,LUFNAC01,0.9999965855432282
LUFNAC05,TUTJAU,0.9999018832614492
MEWPIQ,HIQNUS,0.8486853240488725
TAHYUZ,HAJYAV,0.9521946676184416
TAHYUZ,QIQTOB,0.9119183516774564
TAHYUZ,DIBQOW,0.8748879012334152
TAHYUZ,HABZEQ,0.8662910980724358
TAHYUZ,XEVSIB01,0.8617153062977723
TAHYUZ,XEVSIB,0.8616064119139073
TAHYUZ,FISQEG,0.8567824315054962
TAHYUZ,EJINIV,0.856409051790582
SACMOA,OCACUR,0.9996437421629544
SACMOA,UGECEO01,0.9995460721762472
SACMOA,KUHNEI,0.994761361805976
SACMOA,HABZEQ,0.864136221124248
SACMOA,XEVSIB01,0.862747393488958
SACMOA,XEVSIB,0.8626898832131583
BIKMAL,BIKMAL01,0.9999631407453492
BIKMAL,VOCKUT,0.8778870867574202
BIKMAL,CEJFOO,0.8772048484793117
BIKMAL,KESFOG,0.8643532271788513
BIKMAL,KESFIA,0.8643481664373993
ALUJIB,AFOVEX,0.93819834522028
ALUJIB,QAMVEH,0.8984793928240796
ALUJIB,RUYVAK,0.8960329307892884
ALUJIB,JIYTAP,0.879910442268097
ALUJIB,AWOFOI,0.8749715688631713
ALUJIB,ILAXOK,0.85765198937769
ALUJIB,UZIJUJ,0.8474805992830755
RODSAG,WIFSAI01,0.921485088112107
RODSAG,JAVNIE,0.8579301192074825
RODSAG,FUQJUX,0.8578700406823214
RODSAG,FUSWIA,0.85777976916842
RODSAG,VUQJEX,0.8576117822326397
RODSAG,QONKUB,0.8572780279145407
RODSAG,QONLIQ,0.8571003132352742
RODSAG,QONLEM,0.856942501182737
RODSAG,HOSPEL,0.8566677879465155
RODSAG,PIZHOX,0.8564157041629159
RODSAG,PASGAU,0.8562362684963788
RODSAG,QOMRUH,0.8562047986600345
RODSAG,QOMSAO,0.8559544103024136
OKAYIK,OFOYUG,0.9998315644469852
OKAYIK,UQEFED,0.9998096066134586
OKAYIK,QUXRIM,0.9990063757818954
OKAYIK,LIWYUM,0.8520037982152742
IMIDZB08,VEJZIU,0.999994938648885
IMIDZB08,IMIDZB01,0.999989215588954
IMIDZB08,HICGEG,0.9994068056893712
JUXZOT,YICRAF,0.8747568473519796
JUXZOT,FIVRUA,0.8556705038503218
JUXZOT,WUZGEF01,0.8424241488381856
JUXZOT,EKUNON,0.8412823084613374
JUXZOT,EKUNON01,0.8412183857347791
NIWZIE02,NIWZIE01,0.9999920983703254
NIWZIE02,MOPQIT,0.9999404959846632
NIWZIE02,NAXVOY,0.9979927190366584
NIWZIE02,SIRBIG06,0.9979094336247836
NIWZIE02,LIJWUX,0.9969217045929524
NIWZIE02,LICSEW03,0.9968290243273168
NIWZIE02,MGFORD01,0.9964984196595434
NIWZIE02,AMURUX,0.9956796008541547
NIWZIE02,AMURUX10,0.99508887130036
PADJOU,PADJOU01,0.9999825456009852
PADJOU,VIRJEM,0.9999782567046808
PADJOU,DADTOS16,0.9999776876754928
PADJOU,YUKTUU,0.9999775570179582
PADJOU,REZJIR02,0.9999775432043528
PADJOU,DADTOS15,0.999975833189034
PADJOU,DADTOS14,0.9999633496775424
PADJOU,LIJWOR05,0.9999457284031606
PADJOU,DADTOS04,0.999935277506321
PADJOU,DADTOS11,0.9999348082866644
PADJOU,DADTOS09,0.9999329390277472
PADJOU,DIDVIW,0.9999301472859662
PADJOU,DADTOS07,0.9998635679721226
KEPNAX04,KEPNAX01,0.999999977410983
QOWRAV02,QOWRAV08,0.9999998036062951
QOWRAV02,QOWRAV11,0.9999997167871724
QOWRAV02,YUSWEP,0.9310596488777532
QOWRAV02,FISGOF,0.9011577806972196
QOWRAV02,SIXNOF,0.8511561738441707
QOWRAV02,RUJMEQ,0.8470157237874988
QOWRAV02,QAWHIH,0.8382124175594017
HUCBOX,DOTSOV08,0.897102132321427
HUCBOX,QIZLIW,0.8962842825989429
HUCBOX,QAWHIH,0.8956623120884533
JODGOA,CEYPUT01,0.8949279709213223
JODGOA,CEYPUT,0.8949031188635755
JODGOA,VEDGES,0.8946415227976382
JODGOA,VEDGIW,0.894608929047879
JODGOA,VEDFAN,0.8942633066735963
JODGOA,BOWDUO,0.8940934522661184
JODGOA,AHETAK,0.8940566255843667
JODGOA,JODGIU,0.8767417057723214
JODGOA,DIDBAV,0.8759864295018349
YATDOP,XALMOO,0.9990541451927212
YATDOP,NIDFOX,0.9903664827897788
YATDOP,JODGIU,0.9249151543688976
YATDOP,DIDBEZ,0.9248034732052892
YATDOP,FEVDER,0.8865012478628733
YATDOP,DIBQOW,0.8710800697124429
YATDOP,CEYPUT,0.8602311754190544
YATDOP,CEYPUT01,0.8602140040569146
YATDOP,VEDGES,0.8601540650062846
YATDOP,VEDGIW,0.8601457666564671
YATDOP,VEDFUH,0.8599870032277273
YATDOP,BOWDUO,0.8599500147622551
YATDOP,AHETAK,0.8599343117858261
YATDOP,KEJWAY,0.8592150551963907
YATDOP,TATSIS,0.8582663404765788
BAHGUN03,UGEPEB,0.9996312507028292
BAHGUN03,POFFAT,0.9978226816800996
BAHGUN03,IDUSIM,0.8666204065108934
BAHGUN03,IDUSIM01,0.8666035574984414
NUDPAE11,NUDPAE09,0.9999984104155996
IGAHED03,UGECEO,0.9999548828786008
IGAHED03,UGECEO01,0.9998458950942036
IGAHED03,OCACUR,0.999792240521277
IGAHED03,KUHNEI,0.9952377620918684
IGAHED03,NAVJAW01,0.8643394091139993
IGAHED03,XEVSIB01,0.8642105608084607
IGAHED03,HABZEQ,0.8624488312898031
GECRAI,OCUTAI,0.9998101376094324
GECRAI,OFIVAA,0.995630189416852
GECRAI,OCUPUY,0.9402917452456238
MOPQIT,NAXVOY04,0.9999975400935666
MOPQIT,NIWZIE01,0.9999757213927254
MOPQIT,LIJWUX,0.9977142355305516
MOPQIT,MGFORD01,0.9973463275740811
MOPQIT,AMURUX08,0.996649022035532
MOPQIT,AMURUX,0.9966274481194426
MOPQIT,AMURUX10,0.9961060498159454
WAPYUJ,DUZNIX,0.9506863664696688
IZEBEV,VIDWAI,0.9309527001734104
EHIVOH,MIVFUU,0.998850294340237
EHIVOH,TEDGUG,0.9984969214777284
EHIVOH,TEDGOA,0.9925309425466516
EHIVOH,VAHWOS01,0.9253635063189698
EHIVOH,VAHWOS,0.9252891333997652
EHIVOH,VEMMAC,0.9251370777385548
EHIVOH,MURFEM,0.8480956522085696
EHIVOH,FELZOM,0.8479434504146184
RUVKAV,DICKEH,0.9145729725108624
RUVKAV,DOTSOV08,0.8872167177529007
RUVKAV,DIHVIB,0.8869388673477717
RUVKAV,QIZLIW,0.886789491700509
RUVKAV,QAWHIH,0.8853390072161115
RUVKAV,BIHROC,0.871920745327217
RUVKAV,FISGOF,0.865760811290475
RUVKAV,FAGQAI,0.8404150916259137
RUVKAV,QIYDIN01,0.8401999522366524
DADTUY07,DADTUY01,0.9999999475993006
DADTUY07,DADTUY,0.9999973584031908
DADTUY07,DADTUY11,0.9999930463389738
DADTUY07,SOJKOT05,0.9998301559066352
DADTUY07,SOJKOT07,0.9997962889052572
DADTUY07,RAVVIU01,0.9985072676601996
DADTUY07,RAVVOA01,0.9982868765679876
QAWHIH,DIHVIB,0.999358592454497
QAWHIH,HOGLEV,0.9057035100913838
QAWHIH,HOGLEV01,0.9053420603664516
QAWHIH,ALIXUP,0.8945609544955315
QAWHIH,PIDRAY,0.8940561977884823
QAWHIH,PAFZEE,0.8842590359021187
QAWHIH,DICKEH,0.8746219432721509
QAWHIH,XITYOP,0.8535155021149721
QAWHIH,NAPSUV,0.8530633016209863
QAWHIH,FAMQAO,0.8528950399115812
QAWHIH,RUJMEQ,0.8450904265022878
QAWHIH,BAZFUF01,0.84011976927823
QAWHIH,ENIHUG,0.8396829913505799
QAWHIH,QOWRAV11,0.8382595753833805
QAWHIH,QOWRAV08,0.8382517266769838
WIXJIW01,WOJZOK01,0.8979785308021502
WIXJIW01,XALXIS01,0.8643728967704549
ASUKEE01,KIKRAA,0.9996477226343504
ASUKEE01,RAGREY,0.9992178392747824
ASUKEE01,KOGYIP,0.998745032839815
ASUKEE01,OJOQAF01,0.998267815502055
ASUKEE01,LABJUV,0.8891584023473739
ASUKEE01,HAJPEQ,0.8608980435383984
ASUKEE01,RANLAV,0.8551172985884326
FUSWIA,FUQJUX,0.9999905638852288
FUSWIA,QONLEM,0.9997126828309524
FUSWIA,PASGAU,0.9993078375566612
FUSWIA,QOMRUH,0.999288765485078
FUSWIA,HOSPEL,0.99805513464557
FUSWIA,PENLEB,0.8729068013989307
FUSWIA,CEXJUN02,0.863625948178296
FUSWIA,REFBAH,0.8573429855565222
FUSWIA,RANLAV,0.8517534937723199
FODGUB02,FODGUB01,0.9997934038500098
FODGUB02,HOQKII,0.9981070254775104
ALIXUP,HOGLEV01,0.9959695374682952
ALIXUP,HOGLEV,0.9955184536889868
ALIXUP,DOTSOV08,0.9015096909023154
ALIXUP,DIHVIB,0.8997951593543423
ALIXUP,YUSWEP,0.8470486409547616
XIHXAP01,XIHXET,0.9990615479071654
WEYQAU06,WEYQAU01,0.9999845745255608
WEYQAU06,UKIQIP,0.8851529717655571
WEYQAU06,GELVEZ02,0.8842149874339114
WEYQAU06,DIJCOP,0.8720816983487107
UNEJEE,WIZMAV05,0.8929141175409399
UNEJEE,WIZMAV08,0.8929042984382551
UNEJEE,WIZMAV09,0.8928973567560707
UNEJEE,WIZMAV10,0.8928943033201665
UNEJEE,WIZMAV12,0.8928697698498552
UNEJEE,BUNLAZ,0.8837229818257442
UNEJEE,EMIYUW,0.8600303181458973
UNEJEE,HERHEU,0.8600139940074326
UNEJEE,GAYXEM,0.8597755238331217
UNEJEE,IZIBUQ,0.8496681112222267
COXFOL,XADDOX,0.9997574387087524
COXFOL,XADDUD,0.9996007106531908
COXFOL,FILYEG,0.9995075786502536
COXFOL,FILYAC,0.9993742177408156
COXFOL,ABAYOU,0.8926230666570683
COXFOL,XIHSEN,0.8617787474351971
COXFOL,RAKBIO02,0.8539413642893986
COXFOL,RAKBIO01,0.8539033736312094
COXFOL,GAGWOB,0.8536507235829262
COXFOL,KESFOG,0.8518317357159078
COXFOL,HABZEQ,0.8434042548253401
COXFOL,XEVSIB01,0.8387588370453891
COXFOL,XEVSIB,0.8386419430087596
FISQEG,DIBQOW,0.942832935372606
FISQEG,KESFOG,0.9265012757627245
FISQEG,KESFIA,0.9264967925321662
FISQEG,XAFFIV,0.8615100893646674
FISQEG,HAJYAV,0.8571104845063272
FISQEG,CAQJOW,0.857095466599055
FISQEG,NIDFOX,0.8496504257193611
FISQEG,BIKMAL01,0.8439863764745632
FISQEG,FAHQIR,0.8422676354708817
FISQEG,ONOCUR,0.8399196313800175
UGEPEB01,UGEPEB,0.9999389681502318
UGEPEB01,NAPSUV,0.8650498222274099
UGEPEB01,QESBAR,0.842891786664081
BOWDUO,AHETAK,0.9999998260327088
BOWDUO,VEDFUH,0.9999989707624604
BOWDUO,VEDFAN,0.9999957631885446
BOWDUO,VEDFER,0.9999736792000542
BOWDUO,VEDGIW,0.9999607440958526
BOWDUO,CEYPUT01,0.9998440836647045
BOWDUO,KEJWAY,0.9997976657440376
BOWDUO,TATSIS,0.9993018297830004
BOWDUO,JODGIU,0.9229670991426936
BOWDUO,DIDBEZ,0.9228900161551732
BOWDUO,XALMOO,0.8601577761957442
BOWDUO,NIDFOX,0.8539752380240532
BOWDUO,FUMJAZ,0.8538864161975046
BOWDUO,RAKBIO,0.8434648476946158
BOWDUO,RAKBIO01,0.8434185718219046
BOWDUO,GAGWOB,0.8433655913265206
BOWDUO,KOHDIW,0.8429850964468318
BOWDUO,KOHLIE,0.8429284526280002
BOWDUO,NERVIP,0.8427827241363837
BOWDUO,CEJFOO,0.8416665214600085
HIBSUG06,RIGHAR,0.8439781667218319
HOKLIE,VANHEA,0.8807165527755011
OJOQAF01,YUZJOU,0.9999310780688552
OJOQAF01,OJOQAF02,0.9999022389749368
OJOQAF01,RAGREY,0.9952492026259112
OJOQAF01,KOGYIP,0.9941554165083272
OJOQAF01,HAJPEQ,0.8617480866790381
OJOQAF01,RANLAV,0.8545274829131135
OJOQAF01,NAPSUV,0.8381005360779672
HAZGOF06,TAJTIK,0.999999962042154
HAZGOF06,GATHAL,0.9999988801613494
HAZGOF06,HAZGOF07,0.9999981463338248
HAZGOF06,HOJNOL,0.999997022606757
HAZGOF06,TAJTAC,0.9999955339444292
HAZGOF06,HAZGOF16,0.9999911042740122
HAZGOF06,HAZGOF12,0.999991049583382
HAZGOF06,CAVMUJ02,0.9989788340636252
FILYEG,XADDUD,0.9997146375342436
FILYEG,XADDOX,0.9994295989263832
FILYEG,FILYAC,0.9983045650446992
FILYEG,FUMJAZ,0.866614802262167
FILYEG,XIHSAJ,0.8635070079625735
FILYEG,GAGWOB,0.8545260428876226
FILYEG,RAKBIO01,0.8527852541356957
FILYEG,KESFOG,0.8492631013800087
FILYEG,KESFIA,0.8492589584698519
FILYEG,XEVSIB01,0.8415068820940743
FILYEG,XEVSIB,0.8414250234605496
VEDFER,AHETAK,0.999971823611776
VEDFER,VEDGIW,0.999966059104584
VEDFER,CEYPUT01,0.9999244072700948
VEDFER,CEYPUT,0.9999188054261824
VEDFER,TATSIS,0.99916093335691
VEDFER,JODGIU,0.9231494611978468
VEDFER,DIDBEZ,0.9230859759647994
VEDFER,FEVDER,0.8791699464193684
VEDFER,XALMOO,0.8600712868016617
VEDFER,FUMJAZ,0.8539382265392821
VEDFER,NIDFOX,0.8535505990186777
VEDFER,NERVIP01,0.843838791879472
VEDFER,RAKBIO02,0.8435636985434349
VEDFER,RAKBIO01,0.8435157412692214
VEDFER,GAGWOB,0.8432828003781054
VEDFER,KOHLIE,0.8429477941534653
VEDFER,VOCKUT,0.8429376807160188
VEDFER,CEJFOO,0.8416720153524384
PADJOU01,VIRJEM,0.999998794471739
PADJOU01,LIJWOR02,0.9999966374079864
PADJOU01,YUKTUU,0.9999948839749202
PADJOU01,DADTOS15,0.9999927809176554
PADJOU01,LIJWOR05,0.9999813735896064
PADJOU01,DADTOS14,0.9999745459669848
PADJOU01,DADTOS04,0.9999399919376062
PADJOU01,LIJWOR01,0.9999372322392012
PADJOU01,DIDVIW,0.999933961260004
PADJOU01,DADTOS07,0.9998585775309132
POFFAT,BAHGUN04,0.9977470528205136
POFFAT,IDUSIM,0.8637361457533896
POFFAT,IDUSIM01,0.8636163115883122
XUFYEE,XOPXAC,0.9999218896021036
XUFYEE,XUFYAA,0.9999532726117965
XUFYEE,JETZAK,0.9389108680090454
XUFYEE,KIFKAM,0.9035580036235098
XUFYEE,UMARIL,0.8718658106420668
XUFYEE,MUDLON,0.868326751528521
RIGHAR,IGUVIR,0.9232530897609436
RIGHAR,KEPLID,0.8627081707953979
RIGHAR,RUXWEM01,0.8443120182635546
RIGHAR,ACUBOP,0.8435564811302605
DADTOS05,DADTOS09,0.9999999980709606
DADTOS05,DADTOS11,0.9999999905695238
DADTOS05,YANWOC,0.9999964477094266
DADTOS05,DADTOS10,0.9999962539856692
DADTOS05,DADTOS14,0.99999186279008
DADTOS05,DADTOS15,0.9999723706028008
DADTOS05,REZJIR02,0.999969132396886
DADTOS05,YUKTUU,0.999967777414745
DADTOS05,VIRJEM,0.999951523543582
DADTOS05,DADTOS16,0.9999509163340814
DADTOS05,LIJWOR06,0.9999033654561094
DADTOS05,LIJWOR05,0.9998549292184744
VEDFAN,AHETAK,0.9999940194758244
VEDFAN,VEDGIW,0.9999810970059372
VEDFAN,VEDGES,0.9999755133149028
VEDFAN,CEYPUT,0.9999292258133462
VEDFAN,CEYPUT01,0.999890569316995
VEDFAN,KEJWAY,0.9997381905941576
VEDFAN,TATSIS,0.999196826474329
VEDFAN,JODGIU,0.9230104060387088
VEDFAN,DIDBAV,0.9227893676218132
VEDFAN,FEVDER,0.8791977158386419
VEDFAN,XALMOO,0.8601064933239033
VEDFAN,NIDFOX,0.8536609250774023
VEDFAN,RAKBIO02,0.8435609088383462
VEDFAN,RAKBIO,0.8435525283996042
VEDFAN,RAKBIO01,0.843510261773314
VEDFAN,KOHLIE,0.842957241963908
VEDFAN,NERVIP,0.8426437562890343
MAWWAK05,MAWWAK08,0.998362611962915
SAMVEK,LUSHOX05,0.9946128873211646
DOLPIF,OPENUT,0.9999548067888344
DOLPIF,AHONEQ,0.9960613707819824
DOLPIF,LUCDAO,0.8634415797897043
DOLPIF,EHAZES,0.8539710522189929
DOLPIF,SENXAN,0.8535332043356307
DOLPIF,SENXER,0.8530144220944553
DOLPIF,EXUSUN,0.8501305880254323
DOLPIF,EXUTAU,0.8499893420177931
YUKTUU07,DADTOS15,0.9999998399446391
YUKTUU07,JEDKIP,0.999999592510444
HUCXEK,ZAXSAV,0.99708894135394
HUCXEK,BOJYIK,0.9080076818153904
HUCXEK,QACTUJ,0.907988209632395
HUCXEK,ZALLEG,0.8639473950839559
NUDNUW01,NUDPAE09,0.9998189531988576
NUDNUW01,NUDPAE01,0.999514348045679
NUDNUW01,NIHBEM01,0.9970473660628636
NUDNUW01,CAJHUS01,0.9967465822489532
NUDNUW01,IZAKAX,0.9956909218895116
NUDNUW01,IZAJUQ,0.995651787465278
VESNEP,XATNIP,0.9545293667110892
ROSKIV,MOFTIL02,0.8849181882617587
IGUVIR,RUXWEM01,0.9225713297439546
IGUVIR,ZASJAG,0.920578645856433
IGUVIR,KEPLID,0.8689095347535438
IGUVIR,JIYSUI,0.8637949558218043
IGUVIR,SAHYOS,0.8407767860153287
VIFPUY03,VIFPUY01,0.9999999492590615
VIFPUY03,LOQLEJ,0.9999999425600292
VIFPUY03,MAYJOM,0.9999576587760048
VIFPUY03,WAQFAX,0.9468552263817618
VIFPUY03,FIFGEI,0.94673431073071
VIFPUY03,GALHUY,0.9375638580840387
VIFPUY03,NEDLOZ,0.9054089484896376
VIFPUY03,CIFSIW,0.9042908347472712
VIFPUY03,CIFSAO,0.9033108776839988
VIFPUY03,CIFSES,0.9031365821826272
VIFPUY03,TIRFOQ,0.8797025013612971
VIFPUY03,CUFFEP,0.8747404671423056
VIFPUY03,FEYDET,0.8745592818901988
VIFPUY03,LEPTUY,0.8672612872291068
VIFPUY03,PEYVEV,0.8598979904387845
VIFPUY03,TIRFIK,0.8559843049466791
PAFZEE,DIHVIB,0.8850662827214919
EZOFEF,PUNYON,0.9999987095627106
EZOFEF,XUJQAV,0.9955454792168494
EZOFEF,NUNPAP,0.9947730690516104
EZOFEF,XUJPEY,0.9938281120552585
EZOFEF,QEZZED,0.8872643050476677
EZOFEF,XUCHOS01,0.8850531154532761
XUCHOS01,SEQSUE,0.887248052620399
XUCHOS01,XUJQAV,0.8812425936762475
XUCHOS01,XUJPOI,0.8811152846343069
XUCHOS01,NUNPAP,0.8805230386397821
XUCHOS01,VEXTUO,0.8521541285428939
TACJEO,PURJIW,0.9989549242632452
TACJEO,GAWMOJ,0.9976414273053592
ESEDEN,WOBQEL,0.917290418430698
NIWZIE09,SIRBIG06,0.9978356825835716
NIWZIE09,LICSEW03,0.9967381476886832
NIWZIE09,AMURUX10,0.9949761488591088
UGEPEB,IDUSIM,0.8664934284485639
BIKMAL01,LUWZUZ,0.9138184328664704
BIKMAL01,VASYEW,0.8867365292311078
BIKMAL01,VOCKUT,0.8778085356789611
BIKMAL01,CEJFOO,0.8772370107531134
BIKMAL01,NERVIP01,0.877155016593218
BIKMAL01,KESFOG,0.8632221625932794
BIKMAL01,KESFIA,0.8632167741999865
BIKMAL01,FEVDER,0.8601820585368407
BIKMAL01,FUMJAZ,0.8385791177801023
OCUMOR,OCUNAE,0.9996193204413408
QQQFUV02,DUZWOM,0.9995772297563792
POPICR13,BECDAP,0.8295856760091382
POPICR13,POPICR15,0.9999989630512932
KEFBOO,BOWJAA,0.8912842671051087
KEFBOO,ZARLIP,0.8766568878878109
LIJWOR01,LIJWOR02,0.9999287662039756
LIJWOR01,VIRJEM,0.9999282995562332
LIJWOR01,DADTOS16,0.9999272775686984
LIJWOR01,DADTOS15,0.9999259788115012
LIJWOR01,LIJWOR06,0.9999175014935104
LIJWOR01,DADTOS14,0.9999142991910012
LIJWOR01,DADTOS04,0.9998871164186586
LIJWOR01,DADTOS09,0.9998848452465086
LIJWOR01,DADTOS10,0.9998564101984492
LIJWOR01,DADTOS07,0.99981657886788
PIDRAY,OFOCUI,0.9045978157216282
PIDRAY,DOTSOV08,0.9011515425135388
PIDRAY,DIHVIB,0.8993953025539747
YENZUP,PELVUZ,0.8611011441877737
YENZUP,VUKTAY,0.8594542801770696
AMURUX08,MGFORD01,0.9999468318014202
AMURUX08,LIJWUX,0.9998913328315566
AMURUX08,NAXVOY,0.998801986603057
MGFORD01,AMURUX10,0.9998349463688724
MGFORD01,SIRBIG06,0.9998180643143938
MGFORD01,NAXVOY,0.9989497215741991
MGFORD01,NAXVOY04,0.9971929893262907
TEDWIL08,TEDWIL09,0.9999988288189284
IFIPEV,FIFGEI,0.9999854130491936
IFIPEV,CIFSAO,0.9537046013302825
IFIPEV,MAYJOM,0.947079725047805
IFIPEV,VACFOV,0.9470140701194028
IFIPEV,LOQLEJ,0.9468864931720302
IFIPEV,VIFPUY01,0.9468828019483648
IFIPEV,LEPTUY,0.8846182897788488
IFIPEV,TIRFOQ,0.8413521881117221
XOMHIS,MUQYEE,0.9816819368170776
XOMHIS,HIHNUJ,0.9794601234934852
XOMHIS,OWIHOT,0.9794306187333892
XOMHIS,FEYDET,0.930743497133314
XOMHIS,CIFSES,0.8829993687469694
XOMHIS,XINTOG,0.8731894715445099
XOMHIS,TIRFIK,0.8437480177364436
REZFEK,BIRMUM,0.8921390831885242
REZFEK,XIHXET,0.8803777691757944
REZFEK,BOYTEQ,0.8517625045744885
BIRMUM,BOYTEQ,0.845495143386129
DADTOS07,DADTOS09,0.9999841747512788
DADTOS07,DADTOS14,0.9999527416404131
DADTOS07,DADTOS15,0.9999139164486176
DADTOS07,REZJIR02,0.999908271470316
DADTOS07,DADTOS16,0.9998783917271948
DADTOS07,LIJWOR02,0.999811704989181
DADTOS07,LIJWOR05,0.99974194390552
SIXNIZ,SIXNOF,0.8957905875614665
SIXNIZ,BAZFUF01,0.8593871814100248
SIXNIZ,QOWRAV11,0.852486288596572
SIXNIZ,QOWRAV08,0.8524701421901903
NIDFOX,XALMOO,0.9954301428503388
NIDFOX,DIDBEZ,0.9178944343078994
NIDFOX,JODGIU,0.9178201219668056
NIDFOX,FEVDER,0.8820353333120687
NIDFOX,TATSIS,0.8574560007679242
NIDFOX,KEJWAY,0.8560249624610677
NIDFOX,DIBQOW,0.8554821575733355
NIDFOX,AHETAK,0.8540405962681811
NIDFOX,VEDGIW,0.852946629702549
NIDFOX,CEYPUT,0.8522345874224944
NIDFOX,CEYPUT01,0.8520629069690083
NIDFOX,FUMJAZ,0.8435267757928409
WUPTUY01,WUPTUY,0.9999894088979412
WUPTUY01,RUKDIM,0.9990081316378652
WUPTUY01,WIZMAV08,0.8634733379528127
WUPTUY01,WIZMAV12,0.8634368802242163
WUPTUY01,ERANAO,0.8631270117455419
BOHWUS,EMIYUW,0.8401593287477552
BOHWUS,HERHAQ,0.8401180972662715
BOHWUS,HERHEU,0.840097833058431
BOHWUS,GAYXEM,0.8397363572967345
HAZGOF12,HAZGOF11,0.9999980558790988
HAZGOF12,HOJNOL,0.99999221368375
HAZGOF12,HAZGOF04,0.9999911241477404
HAZGOF12,CAVMUJ02,0.9988908722907484
CUXQIW,CUXPOB,0.9995193571335358
ZAXSAV,QACTUJ,0.906814718599972
ZAXSAV,BOJYIK,0.9067670218441698
ZAXSAV,ZALLEG,0.8647744933675638
DADTUY11,DADTUY01,0.9999942009950304
DADTUY11,SOJKOT05,0.9998913311890598
DADTUY11,SOJKOT07,0.9998645966473522
DADTUY11,IGOPEB,0.999839297732648
DADTUY11,MAJMOA03,0.9997336487368134
DADTUY11,RAVVIU01,0.9982968973971296
DADTUY11,RAVVIU,0.9982038714159084
WECSAZ,EHAZES,0.999933941472883
WECSAZ,EXUSUN,0.9998322908987192
WECSAZ,EXUTAU,0.9998139151315149
WECSAZ,YIXFOC03,0.9994165012176524
WECSAZ,IBEYAQ,0.9466906758183168
WECSAZ,VUKTEC,0.9055094094126752
WECSAZ,DARDIL,0.8953442672988633
WECSAZ,LUCDAO,0.8798973939065807
WECSAZ,SENXER,0.8696369040061942
WECSAZ,RUYVIS,0.8686857585112585
WECSAZ,PEHWUW,0.8610769651908933
WECSAZ,LIXMEM,0.8608037143268173
WECSAZ,AHONEQ,0.8600536972716217
WECSAZ,QAWREM,0.8380324893062787
FIPKOG01,MICJOA,0.8684000362863089
FIPKOG01,PARKUQ,0.8610910025973897
FIPKOG01,MITSUE,0.8609313153547058
YINQUK,MAXFEY,0.9505639518682116
BAZFUF01,QOWRAV11,0.997144173509199
BAZFUF01,QOWRAV08,0.9971346790902964
BAZFUF01,YUSWEP,0.9329166482467156
BAZFUF01,FISGOF,0.9073257706198168
BAZFUF01,ENIHUG,0.8697189294693829
BAZFUF01,NAPSUV,0.8606799011632034
BAZFUF01,NIGDIS,0.8430162377093999
BAZFUF01,DIHVIB,0.8399510330615266
BAZFUF01,DOTSOV08,0.8395351106394711
BAZFUF01,SIXNUL,0.8378618610790376
UFIHUP,UFIKIG,0.9998959465041136
UFIHUP,SETQOZ,0.8692725859623603
UFIHUP,SETRAM,0.8692712220931714
UFIHUP,VAGVAC,0.8691757199733521
UFIHUP,XUDSIY,0.8608906450986157
TOVKEW,POJTOY,0.8528898744647264
TOVKEW,VAGVAC,0.8528548496153717
TOVKEW,SETQOZ,0.8523476906828507
TOVKEW,SETRAM,0.8521245377920461
TOVKEW,SETQIT,0.8519484139197286
TOVKEW,XADCOW,0.851638092672712
TOVKEW,NEHZAE,0.8446150235938923
BUNLAZ,WIZMAV05,0.949448946615004
BUNLAZ,WIZMAV10,0.9494063719296808
BUNLAZ,HERHEU,0.915046341182408
BUNLAZ,HERHAQ,0.9130793901779026
BUNLAZ,IZIBUQ,0.8782144239646412
BUNLAZ,VIKROZ,0.8480704989823217
BUNLAZ,VIKRIT,0.8462347526895195
BUNLAZ,HICNUF,0.8437711313807487
BUNLAZ,YEYCUC,0.8435999321430647
TECTUS,TECVEE,0.999345583283658
TECTUS,NOHSUA,0.8401951129980455
ELUQIM06,ELUQIM08,0.9999998401929148
ELUQIM06,YANXIX04,0.9980182705047344
ELUQIM06,YANXIX02,0.9978336713448844
ELUQIM06,SANMEB,0.9974000043204286
ELUQIM06,SIWQIA02,0.9962082303803832
ELUQIM06,SIWYOO,0.9960910707846292
ELUQIM06,TAYZUQ,0.9953328468486496
QIZLIW,DIHVIB,0.9982778148182312
QIZLIW,OFOCUI,0.9048210746529072
QIZLIW,ADONEP,0.8843624285747635
QIZLIW,NIGDIS,0.8604935278344624
QIZLIW,IWEQAD,0.8602392435587346
QIZLIW,FAMQAO,0.8518586166039092
QIZLIW,FAMQES,0.8516482362284539
QIZLIW,NAPSUV,0.8515568049460325
FITFOG,FITFIA01,0.8142278529162537
FITFOG,FITDOE,0.9994073061830288
IVOLIQ,RUXWEM01,0.855270324992851
VABJIS,XISXIG,0.8550987926311574
VABJIS,XISXEC,0.8549881916104001
DADTUY,DADTUY01,0.9999965619614772
DADTUY,SOJKOT07,0.9997472641523883
DADTUY,RAVVIU01,0.9986300422097956
DADTUY,RAVVIU,0.9985464514080248
DADTUY,RAVVOA01,0.9984185639325286
CIZQUZ,ATAFIK,0.9999917108872064
CIZQUZ,RIGTIL,0.9992660857001228
CIZQUZ,FABFOF,0.994515074896956
CIZQUZ,WOBHEB,0.8700508939672124
CIZQUZ,WOBHIF03,0.8681450740551916
IWEQAD,DOTSOV08,0.8611557492151919
LUWMEX,APAZIC,0.9992362900260132
LUWMEX,FECXAO,0.9479822157291748
LUWMEX,PEZCII,0.9475759156946576
LUWMEX,RUWXAJ,0.8495966797860608
LUWMEX,RUWXEN,0.8495897382210392
LUWMEX,RUWWOW,0.8495820789799571
OKIVIO01,WUNVEH,0.9999995227285164
OKIVIO01,OKIYAJ01,0.9999993979124934
OKIVIO01,SAHYAD02,0.9999991570407476
OKIVIO01,SAHYAD03,0.9999990386426136
OKIVIO01,OKIYIR,0.999998912011565
OKIVIO01,OKIWEL,0.9999988265694352
CAQJOW,HAJYAV,0.9999986787095064
CAQJOW,CAQKAJ01,0.9957834066634728
CAQJOW,CAQKAJ,0.9949239162344136
CAQJOW,QIQTOB,0.935095936967138
CAQJOW,FAHQIR,0.9350086661192208
CAQJOW,HELDOT,0.8670489257630131
XIHSAJ,XADDUD,0.8631368125609123
XIHSAJ,XEVSIB01,0.8603574712103668
XIHSAJ,XEVSIB,0.8603024955651836
QIQTOB,FAHQIR,0.9999862270522528
QIQTOB,ONOCUR,0.9777446416323494
QIQTOB,HAJYAV,0.935102555513512
QIQTOB,CAQKAJ01,0.9321615123915694
QIQTOB,HABZEQ,0.8743863333775388
QIQTOB,XEVSIB01,0.8735596779603664
QIQTOB,XEVSIB,0.8735101128702714
QIQTOB,DIBQOW,0.8539352834856858
CUXPOB,QACTUJ,0.9074687060044822
CUXPOB,BOJYIK,0.907432834076791
CUXPOB,ZALLEG,0.8650600613993715
AQOMAW,HADMOR,0.8607123217351624
AQOMAW,HADLOQ,0.8993783818778056
AQOMAW,HADMIL,0.8535470069738736
IDUSIM,FAMQES,0.880097476287713
IDUSIM,NAPSUV,0.8413654105629378
IZAJUQ,IZAKAX,0.9999999107355328
IZAJUQ,NIHBAI01,0.9999317121631836
IZAJUQ,NUDPAE12,0.9993446025852092
IZAJUQ,NUDPAE01,0.9980668492675472
LIQFEY,MITSUE,0.9077243471098676
YANWOC,DADTOS10,0.999999982838573
YANWOC,DADTOS11,0.9999960729829726
YANWOC,DADTOS14,0.999977576780532
YANWOC,DADTOS15,0.999949039697234
YANWOC,REZJIR02,0.999944701215084
YANWOC,VIRJEM,0.9999217879259484
YANWOC,LIJWOR06,0.9998628432198372
YANWOC,LIJWOR05,0.9998060084594912
SANMEB,SIWQIA02,0.9997729343822332
SANMEB,SIWYOO,0.9996700617187566
SANMEB,AMOBEL02,0.9991480679619966
SANMEB,ELUQIM01,0.9973671508003812
CELZOK,NIRPOW,0.8625035206355982
CELZOK,TOXNEB,0.8624134829461121
CELZOK,YEYDUE,0.8621079260727573
CELZOK,PEYSUJ,0.840295569370247
OTEGOL01,OWIHUZ,0.9999999986854315
OTEGOL01,HIHNUJ,0.9999995821892906
OTEGOL01,MUQYEE,0.9996650228731612
OTEGOL01,MURBEI,0.9989164563331528
OTEGOL01,CUFFEP,0.9469773949316936
OTEGOL01,FEYDET,0.9468028644538252
OTEGOL01,PEYVEV,0.932286447098036
OTEGOL01,XINTOG,0.8752260289229848
OTEGOL01,CIFSIW,0.861283206559289
OTEGOL01,CIFSES,0.8601410352152679
OTEGOL01,FOSTIS,0.8600279312998604
OTEGOL01,TIRFIK,0.8502662058742759
EXUTAU,EHAZES,0.9995356438137928
EXUTAU,YIXFOC03,0.9985725914557736
EXUTAU,IBEYAQ,0.9471260863481352
EXUTAU,VUKTEC,0.9039017944867294
EXUTAU,HISSIN,0.8850654560367917
EXUTAU,LUCDAO,0.8777622183289904
EXUTAU,PEHWUW,0.8611352948020083
EXUTAU,LIXMEM,0.8607563075891463
EXUTAU,AHONEQ,0.8591020123522293
EXUTAU,QAWREM,0.8384367784972105
CEJFOO,VOCKUT,0.9995607079548444
CEJFOO,NERVIP,0.999378075816996
CEJFOO,NERVIP01,0.99858837841226
CEJFOO,TATSIS,0.843215477950185
CEJFOO,KEJWAY,0.8426408338982044
CEJFOO,AHETAK,0.8417023636452552
CEJFOO,VEDFUH,0.8415817140220195
CEJFOO,VEDGIW,0.8411201126104175
CEJFOO,CEYPUT01,0.8409081361508941
CEJFOO,CEYPUT,0.8407219901777858
LIJWOR02,YUKTUU,0.9999835663793788
LIJWOR02,DADTOS15,0.9999799257151748
LIJWOR02,DADTOS14,0.9999528756442108
LIJWOR02,DADTOS09,0.9999049294354448
LIJWOR02,DIDVIW,0.9999009239165148
LIJWOR02,JEDKIP01,0.999792078057641
QONKUB,QOMSAO,0.9996679191458476
QONKUB,DEGJIK,0.9995216378640208
QONKUB,JAVNIE,0.998998871028993
QONKUB,BUZKUE,0.9989949950847584
QONKUB,VUQJEX,0.9976596000830308
QONKUB,HOSPEL,0.9974170190398296
QONKUB,PENLEB,0.8714482176156487
QONKUB,QITZUP,0.8712865707838744
QONKUB,REFBAH,0.8566066063564722
DADTOS11,DADTOS04,0.999999998652032
DADTOS11,DADTOS09,0.99999998011141
DADTOS11,DIDVIW,0.9999998811922326
DADTOS11,DADTOS14,0.999992407379276
DADTOS11,REZJIR02,0.9999702019104968
DADTOS11,YUKTUU,0.9999688704104254
DADTOS11,DADTOS16,0.9999522675288348
DADTOS11,LIJWOR06,0.9999052650940072
DADTOS11,LIJWOR05,0.9998572575935828
FUQCIF,PIZNOB,0.9897994443419582
ESADUZ01,POKZOG,0.9981273561218827
ESADUZ01,PIQQOX,0.960911409724465
ESADUZ01,FOKWOT,0.9408416201473162
ESADUZ01,TALBEQ,0.8963685663577736
ESADUZ01,RUXWEM01,0.8642015389146052
ESADUZ01,EREGOY,0.8602394200384744
BEVSUR,NADZID,0.9977284692656884
BEVSUR,ALUJUN,0.8730176462246357
MAGXOK,UDICAN,0.991940098824266
MAGXOK,ROFREL,0.945248735996414
XAFBEN,QETZAT,0.8965582163986693
VIKROZ,VIKSEQ,0.9999823412920948
VIKROZ,VIKRIT,0.9999328220465294
VIKROZ,IZIBUQ,0.9420623011160796
VIKROZ,WIZMAV12,0.8937553676568211
VIKROZ,WIZMAV10,0.8937392293390896
VIKROZ,WIZMAV08,0.8937325599429176
VIKROZ,WIZMAV05,0.893725953959129
VIKROZ,HERHAQ,0.8832738765759478
VIKROZ,GERBEN,0.8824260223641077
VIKROZ,ERANAO,0.8819916017141898
VIKROZ,GAYXEM,0.8792251819124989
WIZMAV10,WIZMAV09,0.9999999984511716
WIZMAV10,WIZMAV08,0.999999983365989
WIZMAV10,ERANAO,0.9926286941857082
WIZMAV10,GERBEN,0.9554136709789456
WIZMAV10,HERHEU,0.9545163008295114
WIZMAV10,GAYXEM,0.9533956216516742
WIZMAV10,DITJOH,0.9225389326457988
WIZMAV10,IZIBUQ,0.9102149850400192
WIZMAV10,VIKSIU,0.8939354819088814
WIZMAV10,YEYCUC,0.8923920807556155
WIZMAV10,OXOLAP,0.8632050157866811
WIZMAV10,WUPTUY,0.8631855643260978
XADCOW,SETQOZ,0.999914388938556
XADCOW,POJTOY01,0.9997318925369654
XADCOW,XUDSIY,0.9901249054657344
XADCOW,NEHZAE,0.9812955533706385
XADCOW,KUXSIH,0.9712681127898986
XADCOW,PIJKUR,0.8850960884063298
XADCOW,PIJKIF,0.8847497945956941
XADCOW,REZXOK,0.8838465278346682
PIJKUR,VEXVAW,0.8723462092830828
PIJKUR,PIJKIF,0.9999872382313012
PIJKUR,SAJRUT,0.9254268919736576
PIJKUR,TOVJIZ,0.8877884508881797
PIJKUR,VAGVAC,0.8864495376470755
PIJKUR,SETQOZ,0.8858776213235412
PIJKUR,SETRAM,0.8856287767495296
PIJKUR,SETQIT,0.8854384831523032
PIJKUR,XUDSIY,0.8845215855111003
PIJKUR,NEHZAE,0.8791223915036241
DIBQOW,DIDBEZ,0.8832788958656295
DIBQOW,DIDBAV,0.8826268589813653
DIBQOW,CAQKAJ,0.8764117532686696
DIBQOW,CAQKAJ01,0.8760949729197276
DIBQOW,XALMOO,0.8682407918612687
DIBQOW,KESFIA,0.8650679942769846
DIBQOW,FAHQIR,0.8545329669699187
VEJZIU,KUMXEW,0.9999989312563824
VEJZIU,IMIDZB01,0.9999888839719968
KUMXEW,IMIDZB01,0.999991771578348
KUMXEW,HICGEG,0.9994395533218106
WAQFAX,GALHUY,0.9936875711767252
WAQFAX,NEDLOZ,0.955252820638652
WAQFAX,CIFSAO,0.9537930313058672
WAQFAX,CIFSES,0.9536628873776164
WAQFAX,FOSTIS,0.9535796159090928
WAQFAX,MAYJOM,0.9470592020818182
WAQFAX,VIFPUY01,0.9468510031830836
NIFQIF,NIFQOL,0.9999979612894964
NIFQIF,SEFVEG02,0.9999974827493628
NIFQIF,SEFVEG,0.9999973818801966
NIFQIF,NIFPAW,0.9999973210968266
NIFQIF,NIFRAY,0.9999932338731308
NIFQIF,TUDJAE,0.9999538056545634
NIFQIF,TUDJEI,0.9999460247218784
XITYOP,DOTSOV08,0.8583986270258924
XITYOP,DIHVIB,0.8572708098200956
QONLIQ,QONLEM,0.999993562544893
QONLIQ,BUZKUE,0.9987916100338076
QONLIQ,VUQJEX,0.9973546721821736
QONLIQ,HOSPEL,0.9972258686032331
QONLIQ,QITZUP,0.8708495087911134
QONLIQ,CEXJUN02,0.8633236686382666
QONLEM,PIZHOX,0.9999460678399962
QONLEM,DEGJIK,0.9997322725126916
QONLEM,FUQJUX,0.999599153453064
QONLEM,HOSPEL,0.9969888505016816
QONLEM,PENLEB,0.8706535502154606
QONLEM,QITZUP,0.8704788753800143
QONLEM,CEXJUN02,0.8632324660956502
QONLEM,REFBAH,0.8561593753788638
QONLEM,RANLAV,0.851362157674461
DADTOS16,VIRJEM,0.9999999947596302
DADTOS16,YUKTUU,0.9999982253075728
DADTOS16,DADTOS15,0.9999969386462356
DADTOS16,LIJWOR06,0.9999920191509432
DADTOS16,DADTOS14,0.9999827486281668
DADTOS16,LIJWOR05,0.9999745503464116
DADTOS16,DADTOS04,0.9999527732287564
DADTOS16,DADTOS09,0.999950299064156
DADTOS16,DADTOS10,0.9999200531112726
DADTOS16,JEDKIP01,0.9998622942213248
BIHROC,FAGQAI,0.9777654663346362
BIHROC,QIYDIN01,0.972902422730644
KENTEF03,KENVOR,0.9999991990146738
KENTEF03,KENVOR01,0.999993945959966
KENTEF03,KENTEF05,0.9999899113761204
KENTEF03,KENSEE01,0.9117589460360752
KENTEF03,KEPMUQ05,0.8787583437265928
KENTEF03,KEPNAX03,0.8787436172793908
DECXUH,DECYAO,0.866317106756002
DECXUH,DECYES,0.8466970772800625
DECYES,DECYAO,0.9031765955469684
IXETEM,WIZMAV12,0.956207031997502
IXETEM,WIZMAV09,0.9561962044862532
IXETEM,WIZMAV08,0.9561934247127222
IXETEM,WIZMAV05,0.9561894542052672
IXETEM,ERANAO,0.9462040605474132
IXETEM,HERHAQ,0.9151079140389344
IXETEM,GERBEN,0.9144226728157432
IXETEM,EMIYUW,0.9136312535814436
IXETEM,GAYXEM,0.9116959433175976
IXETEM,YEYCUC,0.9106076585758598
IXETEM,ESEBOV,0.9089395777100832
IXETEM,DITJOH,0.885672822385913
IXETEM,RIBSAZ,0.8657302974125006
IXETEM,DODBUV,0.8646480686624289
IXETEM,VIKSIU,0.8600020982555519
IXETEM,VIKRIT,0.8596959781932997
IXETEM,HICNUF,0.8446283792562105
IXETEM,HICNOZ,0.8441475761385726
FOKWOT,GOXGAD,0.879519409216609
FOKWOT,TULLIX,0.9950410909934252
FOKWOT,PIQQOX,0.9777278557480676
FOKWOT,TALBEQ,0.8932097592438927
FOKWOT,REXYAX,0.8559563651558817
FOKWOT,SAHYOS,0.8427810235647204
SENNOP,SENNIJ,0.999998069100311
SIKCIA,FAHMIM,0.8912291085897793
DOTSOV08,HOGLEV,0.9080163791765944
DOTSOV08,HOGLEV01,0.9078985677973136
DOTSOV08,OFOCUI,0.9073608690125124
DOTSOV08,DICKEH,0.8774529684473067
DOTSOV08,NIGDIS,0.8611190547872279
DOTSOV08,FAMPUH,0.8534329654615471
DOTSOV08,FAMQES,0.8534074724304603
DOTSOV08,RUJMEQ,0.8464089826686246
DOTSOV08,ENIHUG,0.8384635637564462
RUBZIY01,YICREI,0.9997926817870484
FAMQES,FAMPUH,0.9999987586742726
FAMQES,FAMQAO,0.999993816132656
FAMQES,IDUSIM01,0.8799335979357578
FAMQES,OFOCUI,0.8604037249453478
FAMQES,DIHVIB,0.8535487561710422
NAPSUV,BAHGUN04,0.8664757276238221
NAPSUV,NIGDIS,0.8614190340351864
NAPSUV,ENIHUG,0.8598124337646875
NAPSUV,QOWRAV08,0.8564495580729719
NAPSUV,DIHVIB,0.8535432152451188
NAPSUV,IDUSIM01,0.8411993458005753
FUVGAG,FUVGAG02,0.999999879616701
FUVGAG,FUVDEH04,0.9999996815610828
FUVGAG,FUVDEH08,0.9999991587759152
FUVGAG,FUVDEH07,0.9999988747424492
FUVGAG,FUVDEH05,0.9999578930010232
FUVGAG,IFEPUG01,0.9999403798009574
FUVGAG,IFEPUG,0.9999357345268584
HOFXOP,HOFXUV,0.9999975921585752
WIDTAF,DELTAQ02,0.9974183883020978
WIDTAF,NULSUJ,0.986453004445142
LIDSAU,JAMSEY,0.9966394247401316
LIDSAU,FEVDIV,0.9772506283293664
LIDSAU,PINPAG,0.9334300822575784
LIDSAU,TEVVAU,0.9086312001917606
LIDSAU,GAWZOW,0.908476767704363
LIDSAU,CAXZUY,0.908059798640151
LIDSAU,XADWIK01,0.902451853687278
LIDSAU,KEVBUK01,0.8868545690993364
LIDSAU,ROGLOP,0.8791899796836824
LIDSAU,NUNPAP,0.8611231796773914
LIDSAU,XUJPOI,0.861048833729174
LIDSAU,XUJQAV,0.8610265071486382
LIDSAU,PUNYON,0.8548767538686144
NOZZUZ,RUXWEM01,0.8640656056640313
NOZZUZ,JIYSUI,0.8423356256070307
BUVXOG,WOBMIL02,0.8282854244107263
BUVXOG,BUVWOF02,0.9999998924770492
AYOZOF,LEDHEJ,0.9651813117651916
AYOZOF,UMIZIB,0.957284313009106
AYOZOF,ZALLEG,0.9463221884849252
AYOZOF,BOJYIK,0.899576007696044
AYOZOF,QACTUJ,0.8994086266316186
AYOZOF,DEKYOK,0.8576245265568491
XADDUD,FUMJAZ,0.8652136567657362
XADDUD,XIHSEN01,0.8629267185974119
XADDUD,XIHSEN,0.8627411730317464
XADDUD,GAGWOB,0.8541477936823143
XADDUD,RAKBIO02,0.8538369256082615
XADDUD,RAKBIO,0.8538260590150685
XADDUD,RAKBIO01,0.8537712586665047
XADDUD,KESFOG,0.8510628410240548
XADDUD,KESFIA,0.8510593341873598
XADDUD,HABZEQ,0.8439161695704984
XADDUD,XEVSIB01,0.840287213811151
KUXSIH,NEHZAE,0.9988755107726158
KUXSIH,XUDSIY,0.994909042359262
KUXSIH,POJTOY01,0.9764166125006696
KUXSIH,SETQOZ,0.974237164803417
KUXSIH,PIJKIF,0.872883250902504
KUXSIH,REZXOK,0.866786910043626
KUXSIH,UFIKIG,0.8462023399645915
FIVRUA,EKUNON,0.8646364748147368
FIVRUA,EKUNON02,0.8645215135733211
FIVRUA,IRELIC,0.859531151304616
XUJPEY,NUNPAP,0.999958027319417
XUJPEY,XUJPOI,0.9998805793901946
XUJPEY,XUJQAV,0.9998561605373684
XUJPEY,PUNYON,0.9936504802852604
XUJPEY,QEZZED,0.8965292162364354
XUJPEY,JAMSEY,0.8579405883514233
SEFVEG02,SEFVEG,0.9999999990092544
SEFVEG02,NIFQOL,0.999999974775518
SEFVEG02,NIFPAW,0.9999896210982304
SEFVEG02,TUDJAE,0.9999728546581902
SEFVEG02,TUDJEI,0.999966819231848
SEFVEG02,TUDKEJ,0.9999528877024304
SEFVEG02,SEFTOO,0.9999516352889912
SEFVEG02,NIFNOI,0.999945116269732
WIZMAV12,WIZMAV08,0.9999998030840348
WIZMAV12,ERANAO,0.9925749467568123
WIZMAV12,HERHAQ,0.9558410015142292
WIZMAV12,GERBEN,0.955393468903805
WIZMAV12,EMIYUW,0.95483136726927
WIZMAV12,HERHEU,0.9544886945007872
WIZMAV12,DITJOH,0.922542724073608
WIZMAV12,VIKSEQ,0.8939518760805695
WIZMAV12,VIKSIU,0.8939490226229349
WIZMAV12,YEYCUC,0.8924201729889221
WIZMAV12,RUKDIM,0.8650505767909157
WIZMAV12,OXOLAP,0.8631772183384383
WIZMAV12,RIBSAZ,0.8530559191434294
MAQRAA01,MAQRAA,0.99999750169639
NIHBAI01,CAJHUS01,0.999999543944896
NIHBAI01,NIHBEM01,0.999988535260618
NIHBAI01,IZAKAX,0.9999365566837264
NIHBAI01,VICBEQ,0.9987746888133447
NIHBAI01,NUDPAE01,0.9987241607863296
NIHBAI01,NUDPAE09,0.9980382968513636
NIHBAI01,NUDNUW09,0.9968079218362378
LOQLEJ,VIFPUY01,0.999999987640482
LOQLEJ,VIFPUY05,0.9999999329046998
LOQLEJ,VACFOV,0.9999842304030324
LOQLEJ,MAYJOM,0.9999574737642454
LOQLEJ,FIFGEI,0.9467339214956192
LOQLEJ,NEDLOZ,0.9054080319675052
LOQLEJ,CIFSAO,0.9033097513633994
LOQLEJ,CIFSES,0.9031367108352044
LOQLEJ,CUFFEP,0.8747401108893875
LOQLEJ,FEYDET,0.874560004304936
LOQLEJ,PEYVEV,0.8599035095963704
TUCJAD,CIFHIK,0.9998845393082488
VIKSIU,IZIBUQ,0.9428018266568604
VIKSIU,WIZMAV09,0.8939337750626055
VIKSIU,WIZMAV08,0.8939298767774675
VIKSIU,WIZMAV05,0.8939243197333764
VIKSIU,ERANAO,0.8828853082817132
VIKSIU,GERBEN,0.882884981025841
VIKSIU,EMIYUW,0.8819990682947538
VIKSIU,HERHEU,0.8814799855494598
VIKSIU,GAYXEM,0.8798726326642853
ENIHUG,QOWRAV08,0.8678164011333828
ENIHUG,NIGDIS,0.8663688931372079
ENIHUG,FISGOF,0.8381328497618237
CIZQOT,LIKFOB,0.997718419716832
CIZQOT,FABFOF,0.995668264418542
CIZQOT,WOBHIF03,0.8691842093622131
ABAYOU,KESFOG,0.9336297052436104
ABAYOU,KESFIA,0.93362327506998
ABAYOU,UFUKUB03,0.9158634656379188
ABAYOU,ALIXID,0.9053379727333324
ABAYOU,ABIWOX,0.8849940697570644
ABAYOU,QUSVOQ,0.8551468500964248
ABAYOU,XIHSEN,0.8496078507079166
ABAYOU,XIHSEN01,0.8494723552974354
CEYPUT,VEDGIW,0.9999832967749004
CEYPUT,VEDGES,0.99998309419218
CEYPUT,CEYPUT01,0.9999675683733776
CEYPUT,KEJWAY,0.9993963132215476
CEYPUT,TATSIS,0.9986499860151954
CEYPUT,FEVDER,0.8789650024906895
CEYPUT,XALMOO,0.8598021951709005
CEYPUT,RAKBIO01,0.843817569114926
CEYPUT,NERVIP01,0.8435565571590194
CEYPUT,GAGWOB,0.8427539696899904
CEYPUT,NERVIP,0.8419512037543315
UGECEO03,OCACUR,0.99996121930374
UGECEO03,KUHNEI,0.9953305998328128
UGECEO03,NAVJAW01,0.865820437157904
UGECEO03,XEVSIB,0.8640127146776986
UGECEO03,HABZEQ,0.8630978170764416
TIRFOQ,VIFPUY05,0.8797157491877943
TIRFOQ,VIFPUY01,0.8796890842470373
TIRFOQ,FEYDET,0.847323922961314
TIRFOQ,CUFFEP,0.8467788775671723
TIRFOQ,GALHUY,0.8437332813251595
TIRFOQ,CIFSES,0.8429784442972856
TIRFOQ,FOSTIS,0.8429681849394237
TIRFOQ,CIFSAO,0.8429448262872921
TIRFOQ,CIFSIW,0.8428516991558215
TIRFOQ,FIFGEI,0.8417575987223413
AHOKIR01,POVVUS,0.8885339081120822
ATEZEG,KIKMAV,0.9063169433441344
ATEZEG,HELNAQ,0.9054714527428492
ATEZEG,MAPGUI,0.9008573093759694
ATEZEG,MAPHAP,0.8415255993992421
ATEZEG,LAVTUZ,0.8396693638921573
KOLPIL,CECVOW,0.9947342085798904
KOLPIL,QITMOW,0.8429427047257717
RAKBIO02,RAKBIO,0.9999999617297644
RAKBIO02,GAGWOB,0.9976702794283572
RAKBIO02,FILYAC,0.8546032758353621
RAKBIO02,XADDOX,0.8542755421505861
RAKBIO02,CEYPUT01,0.8438349399942098
RAKBIO02,VEDGES,0.8437376327297932
RAKBIO02,VEDFUH,0.8435201870890927
RAKBIO02,KEJWAY,0.8426101622033759
RAKBIO02,TATSIS,0.8415510268497162
VIFPUY01,VACFOV,0.999983433231186
VIFPUY01,GALHUY,0.9375423756191268
VIFPUY01,NEDLOZ,0.9053971547603236
VIFPUY01,CIFSAO,0.9032954248656
VIFPUY01,FOSTIS,0.903006693142952
VIFPUY01,CUFFEP,0.8747368254510322
VIFPUY01,LEPTUY,0.8672513591258071
VIFPUY01,PEYVEV,0.8598775789081445
AMOBEL02,SIWQIA02,0.9992659088842484
AMOBEL02,TAYZUQ,0.999219317113266
AMOBEL02,SIWYOO,0.9991122535465746
AMOBEL02,YANXIX02,0.9985024471565755
AMOBEL02,YANXIX04,0.9983956669932608
AMOBEL02,TEVZOK,0.995301212693284
AMOBEL02,ELUQIM08,0.9937673280350916
AMOBEL02,ELUQIM04,0.9936841025876362
YANXIX02,YANXIX04,0.9999958086154082
YANXIX02,SIWQIA02,0.9997672210615424
YANXIX02,TAYZUQ,0.9995222870600516
YANXIX02,TEVZOK,0.9987737471120676
YANXIX02,ELUQIM08,0.9978705358410672
YANXIX02,ELUQIM04,0.9978193511268344
YANXIX02,ELUQIM01,0.9978025668989204
LAVTAF,HIDDAB,0.9080423920949652
LAVTAF,YATTUK,0.9901835879593786
LAVTAF,JUXSEC,0.9471698830875928
LAVTAF,OHIHOD,0.8853975523703427
LAVTAF,XADDAJ,0.8823443008831049
LAVTAF,XOBGON,0.8757306828252557
LAVTAF,UFOSAM,0.8594112109825851
LAVTAF,UMIZIB,0.8540800350412292
LAVTAF,NEBYOK,0.8526114119462778
LAVTAF,LEDHEJ,0.8461382565626714
LAVTAF,DAKZUN,0.840165365287862
LAVTAF,MINCOD,0.8396802739687066
LAVTAF,IFUNUU,0.8385823733614337
PARKUQ01,MITSUE,0.9999538622000972
PARKUQ01,FESYEK,0.908215480521356
PARKUQ01,MICJOA,0.907740688543314
PARKUQ01,IJEYEC,0.891667113318744
PARKUQ01,OKOSUE,0.8463945085490431
CUWNIT,USAYOE,0.996480465797296
CUWNIT,GEPBEK,0.990957681714492
CUWNIT,XIHSEN01,0.8397665492639397
CUWNIT,XIHSEN,0.8394250966774192
QESBAR,BAHGUN04,0.8434645784025379
QESBAR,ADONEP,0.8432210428173812
VEFMAW,XUBKOU,0.8422823681036542
PARKUQ,DUWBEE,0.9465228967155832
PARKUQ,FESYEK,0.9082143051915677
PARKUQ,MICJOA,0.9077452528863524
PARKUQ,VIDWAI,0.8535348710661774
PARKUQ,OKOSUE,0.8463953032930164
PARKUQ,TEMDIB,0.839616203007009
OCUQIO,OCUQIO02,0.999999798326144
OCUQIO,MAGMOZ01,0.9999944833932028
OCUQIO,YUKVOQ03,0.999990868942204
OCUQIO,MACUFR06,0.9998281918634928
OCUQIO,ROLCEC06,0.9976716914692052
ENIBEJ,UKOYOJ,0.8650182613681863
ZASJAG,KEPLID,0.9138638939306052
ZASJAG,RUXWEM01,0.8544220580381978
HOGLEV01,DIHVIB,0.9074290327676282
HOGLEV01,YUSWEP,0.8578872568258129
YAMXOC,CUFFEP,0.99999998436748
YAMXOC,FEYDET,0.9999724189240976
YAMXOC,PEYVEV,0.98852691062437
YAMXOC,OWIHUZ,0.946975361464652
YAMXOC,MURBEI,0.9469063626093452
YAMXOC,XINTOG,0.9240565955094654
YAMXOC,TIRFIK,0.894051827418975
YAMXOC,MAYJOM,0.8749071921706407
YAMXOC,VACFOV,0.8748514297686097
YAMXOC,NEDLOZ,0.8388246757024139
ALICII,KELJIV,0.9998355952589518
ALICII,QEJZUB,0.9982417962515966
ALICII,QALHES,0.9923155971474962
ALICII,MUPQEU,0.9783730223885576
YUKDEN,ODOJUN,0.8802232634920437
IBEYAQ,DUGDOA01,0.9563667500576328
IBEYAQ,EXUSUN,0.9471124893025578
IBEYAQ,EHAZES,0.9462796495257638
IBEYAQ,YIXFOC03,0.9450121351185368
IBEYAQ,HISSIN,0.929831612652912
IBEYAQ,WOJZIG,0.9226777024808857
IBEYAQ,DARDIL,0.8804558885430932
IBEYAQ,VUKTEC,0.8595176357507547
MAGNEQ01,MACUFR06,0.9999681830236686
MAGNEQ01,OCUQIO02,0.9999459042153732
MAGNEQ01,SANMAX,0.9998638705085507
MAGNEQ01,ROLCEC06,0.9983350813640788
VAGTAA01,VOGTER,0.997424047407224
VAGTAA01,QIWPET,0.8659105995486054
KEJWAY,TATSIS,0.9998502713144216
KEJWAY,AHETAK,0.9998093177198584
KEJWAY,VEDFUH,0.999767781470407
KEJWAY,VEDGIW,0.99958032508045
KEJWAY,CEYPUT01,0.9993302249764976
KEJWAY,JODGIU,0.9226194757684824
KEJWAY,FEVDER,0.8792489289011478
KEJWAY,XALMOO,0.860296823401127
KEJWAY,FUMJAZ,0.8549134797689724
KEJWAY,NERVIP01,0.8439943031151362
KEJWAY,GAGWOB,0.8438635266502441
KEJWAY,KOHDIW,0.8428383049826551
KEJWAY,RAKBIO,0.8425954737088394
KEJWAY,RAKBIO01,0.8425219795610482
KEJWAY,KOHLIE,0.8424912223761436
SAQQOR,REDMUL,0.9225083260999294
ELIJUF,ALUJUN,0.8567273343486475
IFOPUO,GOZMOZ,0.8427944946524283
IFOPUO,AHAKEA,0.8423677598677602
AHAKEA,COYTIU,0.900133965749522
OKAYUW,LIWYUM,0.9084938319017482
OKAYUW,NOHSUA,0.9021158881405636
VAFCAH01,HAWDIU,0.859763883943669
UQEFED,LIDZUV,0.999993563647906
UQEFED,UQEFAZ,0.9988833065462104
UQEFED,LIWYUM,0.8527290133209273
UQEFED,HAFVOB,0.8514455444228677
UQEFAZ,QUXRIM,0.9999986446452636
UQEFAZ,LIDZUV,0.9990461317784164
UQEFAZ,OFOYUG,0.999020854830242
UQEFAZ,LIWYUM,0.8481800691276744
GAYXEM,EMIYUW,0.9997472241536924
GAYXEM,GERBEN,0.9994612851400372
GAYXEM,HERHAQ,0.9990322250206448
GAYXEM,WIZMAV05,0.9534237099953726
GAYXEM,WIZMAV09,0.9533999465813434
GAYXEM,IZIBUQ,0.9054222252660488
GAYXEM,DITJOH,0.88200142349581
GAYXEM,VIKRIT,0.8778435624475124
GAYXEM,ESEBOV,0.8596324470250639
GAYXEM,YEYCUC,0.8500898563677033
INEXOQ,WACLEU,0.9310231891238236
INEXOQ,UKIQIP,0.8726195227469677
INEXOQ,XIHXET,0.8536739978681821
INEXOQ,WEYQAU07,0.8383580865696025
SETQOZ,SETRAM,0.9999899238270968
SETQOZ,SETQIT,0.999970370562998
SETQOZ,POJTOY01,0.9999492360987108
SETQOZ,XUDSIY,0.9918629284054568
SETQOZ,NEHZAE,0.9836991426761184
SETQOZ,PIJKIF,0.8855967864749392
SETQOZ,UFIKIG,0.8691964865550368
SETQOZ,TOVJIZ,0.8509375169522854
SIXNOF,QOWRAV08,0.8512423736488828
FEPGEP,JUYJIY,0.929074769340505
HIHQOE02,ULEGOH,0.8109269215483385
REZJIR02,YUKTUU04,0.9999999519589282
REZJIR02,YUKTUU,0.999999984682827
REZJIR02,VIRJEM,0.999998017387724
REZJIR02,DADTOS14,0.9999926867605924
REZJIR02,DADTOS04,0.999970600894838
REZJIR02,LIJWOR05,0.9999577589870784
REZJIR02,JEDKIP01,0.9998942589772776
FAHMIM,MEQPEG,0.9217840324805046
FAHMIM,XEMPAJ,0.8997253507948838
FAHMIM,ADATAC,0.8476095864785079
FAHMIM,HUVGEM,0.8394977131393048
SUHNIT,SUHPUH,0.999998833696128
SUHNIT,SUHMIS,0.999998479579458
SUHNIT,BOBTOC,0.9998461944519637
SUHNIT,OGULUY,0.9899442437016508
AHETAK,VEDFUH,0.9999979532055576
AHETAK,VEDGES,0.9999453452552178
AHETAK,DIDBEZ,0.9228879039882084
AHETAK,FEVDER,0.8792379775163568
AHETAK,XALMOO,0.8601675577130822
AHETAK,NERVIP01,0.8438959293700129
AHETAK,RAKBIO,0.8434451965973733
AHETAK,RAKBIO01,0.8433981378681383
AHETAK,GAGWOB,0.8433863194049915
AHETAK,KOHLIE,0.8429214555390624
AHETAK,NERVIP,0.8428117800912767
GEPBEK,USAYOE,0.9986563251882764
GEPBEK,QUSVOQ,0.9340020362579214
GEPBEK,XIHSEN01,0.8415002499869011
XIHSEN,HABZEQ,0.8613089730392908
XIHSEN,XEVSIB01,0.8608032482977632
XIHSEN,XEVSIB,0.8607584402803381
XIHSEN,EJINIV,0.8524217898397524
CUFFEP,PEYVEV,0.9885169566993532
CUFFEP,MUQYEE,0.9472048199635928
CUFFEP,HIHNUJ,0.9469571184440264
CUFFEP,OWIHOT,0.9469501331143426
CUFFEP,MURBEI,0.9469053353129314
CUFFEP,XINTOG,0.9240510521129564
CUFFEP,TIRFIK,0.8940487761635975
CUFFEP,MAYJOM,0.8749077623541662
CUFFEP,VACFOV,0.8748521537922022
CUFFEP,VIFPUY05,0.8747433986771966
CUFFEP,NEDLOZ,0.838822494921268
CUFFEP,CIFSIW,0.8380122840175708
MURFEM,SAQFUM01,0.9186963160955982
MURFEM,SAQFUM,0.9186890502751308
MURFEM,LEYLIN,0.9000868091639844
MURFEM,MIVFUU,0.8478902260199774
MURFEM,TEDGUG,0.8474387439028241
YIGHUU,VITDUY,0.8918241955016908
DADVAG07,DADVAG08,0.9999994688801894
DADVAG07,DADVAG03,0.99999821791725
DADVAG07,XOBXIW,0.9986685559804284
HEBLOR,HIQKOJ,0.8608135184487888
PEPHID,MOFTIL01,0.89855054186712
PEPHID,MOFTIL02,0.8981761667460975
PEPHID,LEYLIN,0.852744805520586
ABAYOS,YOSLOH,0.9995060880468514
YOSLIB02,NATXOW,0.9147406388589412
DIDBEZ,JODGIU,0.9999948686893724
DIDBEZ,DIDBAV,0.9999615544323012
DIDBEZ,XALMOO,0.9247096074485152
DIDBEZ,CEYPUT01,0.9230914748879456
DIDBEZ,VEDFUH,0.9228973449991278
DIDBEZ,FEVDER,0.9088829816109312
DIDBEZ,HELDOT,0.8826741793953836
DIDBEZ,FEXCAO01,0.8693703586442522
XALMOO,TATSIS,0.8600921329822628
XALMOO,VEDGIW,0.85996814692887
XALMOO,CEYPUT01,0.8597351316827673
FESYEK,MITSUE,0.9082465985973892
FESYEK,RUXWEM01,0.8937171294036433
FESYEK,PAQYAJ01,0.8580339546580528
FESYEK,XEDGIY,0.8431056143074392
FESYEK,YICRAF,0.8390158213204926
QUXRIM,LIDZUV,0.99897322363138
QUXRIM,OFOYUG,0.9989470096820048
LUSHOX05,ILAKAH,0.9200536853955684
PASGAU,QOMRUH,0.9999997951797854
PASGAU,DEGJIK,0.9999505419468672
PASGAU,BUZKUE,0.9978331779390636
PASGAU,HOSPEL,0.9962042327076438
PASGAU,PENLEB,0.8691698308462956
PASGAU,CEXJUN02,0.8627681483320316
PASGAU,REFBAH,0.8552609590813003
PASGAU,RANLAV,0.8508992876696057
SIXWON,LEBQUH,0.8629460807662754
LUCDAO,YIXFOC03,0.8827817954637205
LUCDAO,EXUSUN,0.877879128564187
LUCDAO,SENXER,0.8715623265343381
LUCDAO,SENXAN,0.8711026834758443
LUCDAO,AHONEQ,0.8618719944235229
MAGVOG27,MAGVOG29,0.9999996199421154
MAGVOG27,MAGVOG13,0.9999982858245722
MAGVOG27,MAGVOG32,0.9999964284954048
MAGVOG27,MAGVOG33,0.9999931129591082
MAGVOG27,MAGVOG34,0.9999905803804828
MAGVOG27,MAGVOG35,0.9999894265049792
MAGVOG27,MAGVOG08,0.9999888874414952
MAGVOG27,ACAZEK,0.9969092518869104
RATDAS02,TEVZOK,0.9999969571232163
IGINIX,MUSMAQ,0.8721127112161499
IGINIX,ATULOS,0.8538225813352223
LIDZUV,HAFVOB,0.8514687603881708
SEHSII,YATTUK,0.999029828624983
SEHSII,OHIHOD,0.8964091467192242
SEHSII,XADDAJ,0.8836996021157881
SEHSII,BOJYIK,0.8740871834850046
SEHSII,QACTUJ,0.8740472074206485
SEHSII,LEDHEJ,0.8537250300016963
SEHSII,LUCDES,0.8386414498567349
TONBUU,XUJQAV,0.9999894016260156
JAMSEY,PINPAG,0.9302669615744742
JAMSEY,BEJKEJ,0.9082825660390392
JAMSEY,TEVVEY,0.9045227529354204
JAMSEY,TEVVAU,0.9041896177591086
JAMSEY,XADWIK01,0.9022947898039289
JAMSEY,KEVBUK01,0.8827702927375553
JAMSEY,BIKMEP,0.8788988172123706
JAMSEY,XUJPOI,0.8580898164612825
VACFOV,MAYJOM,0.9999934690981878
VACFOV,VIFPUY05,0.999985095218806
VACFOV,GALHUY,0.938317598337686
VACFOV,CIFSIW,0.9047705961390796
VACFOV,CIFSAO,0.903848098936565
VACFOV,CIFSES,0.9036826139168724
VACFOV,FOSTIS,0.903574761631588
VACFOV,FEYDET,0.8747081975014522
VACFOV,PEYVEV,0.8608296325976913
RUYVIS,YIXFOC03,0.8727297405337209
RUYVIS,EHAZES,0.8701076364426801
UFIJUQ,UFIJOK,0.999844918781029
CIFSES,FOSTIS,0.9999976053854828
CIFSES,CIFSAO,0.9999915336754136
CIFSES,CIFSIW,0.9999202419018371
CIFSES,GALHUY,0.9557007227571692
CIFSES,FIFGEI,0.9539650683418212
CIFSES,MAYJOM,0.9040197589681428
CIFSES,VIFPUY05,0.9031495497784277
CIFSES,MURBEI,0.8637058938754885
CIFSES,MUQYEE,0.8623887963141561
CIFSES,OWIHOT,0.8600188899368624
CIFSES,LEPTUY,0.8510449979451912
JOSTIU,AYABEH,0.9888703813138796
OKIYAJ01,OKIYIR01,0.9999999335477376
OKIYAJ01,OKIYIR,0.9999999272920596
OKIYAJ01,OKIWEL,0.9999999055187204
OKIYAJ01,ITIWIS,0.9999992772480129
OKIYAJ01,SAHYAD02,0.999997563229602
OKIYAJ01,SAHYAD03,0.9999971495567832
WUNTUV,OKIWEL,0.999999359771404
XEQRAO,RUXWEM01,0.8822870189938817
XEQRAO,YICRAF,0.8487960458662198
FABFOF,RIGTIL,0.9977816411590178
FABFOF,LIKFOB,0.9873942660984608
FABFOF,HIVSIQ,0.860503561119919
VIKRIT,WIZMAV09,0.893246798746802
VIKRIT,WIZMAV08,0.8932406971846872
VIKRIT,HERHAQ,0.8823923770827179
VIKRIT,GERBEN,0.8814166836877224
VIKRIT,EMIYUW,0.8803452328327414
VIKRIT,HERHEU,0.879725158129825
IFUPAC,EWASIG,0.8408140533311275
HAZNON,HAZPIJ,0.9998351948820569
HAZNON,HAZNIH,0.9997603991594428
HAZNON,NIMVUC,0.8633524074169447
HAZNON,KULMIP,0.8631546941004694
ALIXID,EBIMEJ,0.9990602720777888
ALIXID,KESFOG,0.8611790698724435
ALIXID,UFUKUB02,0.8429191279378144
LIJWOR06,LIJWOR05,0.9999949679216976
LIJWOR06,VIRJEM,0.9999917744979968
LIJWOR06,YUKTUU,0.9999827415753698
LIJWOR06,DADTOS15,0.9999790745551728
LIJWOR06,DADTOS14,0.999951307638468
LIJWOR06,DADTOS04,0.9999059778758518
LIJWOR06,DIDVIW,0.9998984372009616
LIJWOR06,DADTOS10,0.9998615725367886
LIJWOR06,JEDKIP01,0.9997880673775216
YINCUV,OSADIX,0.9773732256692425
NOHSUA,TECVEE,0.8397122494044078
MAPGUI,KIKMAV,0.997490028971452
MAPGUI,SADLIU,0.8629922022352927
SAJRUT,FEWTAF,0.8394623924188007
AHONEQ,OPENUT,0.995298142567389
AHONEQ,YIXFOC03,0.8608276964477859
AHONEQ,SENXER,0.8519757216567019
AHONEQ,EWASIG,0.8496603430953091
AHONEQ,SENXAN,0.8492320702472235
INICPB02,POCMEA04,0.9999843881420386
INICPB02,INICPB01,0.99997111172723
INICPB02,TUTQOP,0.9971823105205472
INICPB02,XILBAW,0.8850641494478948
INICPB02,YAPQUC,0.8828407134453301
INICPB02,NICOPB01,0.8437162531533747
OWIHUZ,HIHNUJ,0.9999996277372858
OWIHUZ,OWIHOT,0.9999993166247216
OWIHUZ,MUQYEE,0.9996636952658046
OWIHUZ,MURBEI,0.9989140706671752
OWIHUZ,FEYDET,0.9468014048536534
OWIHUZ,PEYVEV,0.9322777965066674
OWIHUZ,XINTOG,0.8752181571016071
OWIHUZ,NEDLOZ,0.8623834439476565
OWIHUZ,CIFSIW,0.8612787146222561
OWIHUZ,CIFSAO,0.8603090213741819
OWIHUZ,FOSTIS,0.8600227691753325
OWIHUZ,TIRFIK,0.8502612269507541
UNIRUF01,UNIRUF,0.9999455451341372
MITSUE,DUWBEE,0.9468375082221558
MITSUE,IJEYEC,0.8906037359656476
MITSUE,OKOSUE,0.8462949425517426
PIQQOX,TULLIX,0.971900184215612
PIQQOX,TALBEQ,0.8912497121340988
MURBEI,MUQYEE,0.9997858468075294
MURBEI,HIHNUJ,0.998873543591804
MURBEI,OWIHOT,0.9988589665887412
MURBEI,FEYDET,0.9470441513004292
MURBEI,PEYVEV,0.9391151572927604
MURBEI,XINTOG,0.8813326995594175
MURBEI,NEDLOZ,0.8647617282599243
MURBEI,CIFSIW,0.8642890676821811
GALHUY,FIFGEI,0.9941468779708222
GALHUY,FOSTIS,0.9557503621279276
GALHUY,CIFSIW,0.9551719513955714
GALHUY,NEDLOZ,0.9543937660276038
ONOCUR,EJINIV,0.931758507676886
ONOCUR,CAQKAJ,0.9036632617856551
ONOCUR,XEVSIB,0.8746167905494904
ONOCUR,XEVSIB01,0.8746099342121656
ONOCUR,HELDOT,0.8448034971652425
LOLREL,AFUPEX,0.9360120095403848
EKUNON01,EKUNON02,0.9999954872302144
EKUNON01,AGONEQ,0.8582712447563714
EKUNON01,YICRAF,0.8581187198234254
EKUNON01,REXYAX,0.8481511788215166
XADDOX,XIHSEN01,0.8622507479955561
XADDOX,VASYEW,0.8587634309674144
XADDOX,RAKBIO,0.8542684697220235
XADDOX,GAGWOB,0.8536930883566771
XADDOX,KESFOG,0.8521857832007108
XADDOX,HABZEQ,0.8435649976500927
XADDOX,XEVSIB,0.8388811926032768
KUNTAQ02,DAZMID,0.9398390299250936
KUNTAQ02,OTECAT,0.9066935084524196
KUNTAQ02,TEPJAB,0.8384676210999956
KUNTAQ02,NAXKOO02,0.8382946350632535
DIHVIB,HOGLEV,0.9076156694816608
DIHVIB,ADONEP,0.8843633764837964
DIHVIB,DICKEH,0.8769058620445945
DIHVIB,FAMQAO,0.8535532702267612
DIHVIB,RUJMEQ,0.846288891363495
XAGCIS02,XAGCEO01,0.999866991743992
XAGCIS02,XAGCEO,0.9993047304993196
ISIYUF01,ERFORD01,0.998079637013104
OXAZIX,GUXSUO,0.99895314382029
OXAZIX,ATIJUI,0.8463855607608923
MIRGIG,KEZLIN,0.999122215325938
MIRGIG,AFUDUD,0.9974779961010922
MIRGIG,UMIZEX,0.965672627214566
MIRGIG,ATEYOP,0.94765663553062
MIRGIG,AYOZIZ,0.928549599089294
MIRGIG,ADEGIA01,0.8780494036235479
AYOZIZ,UMIZEX,0.9723755587671312
AYOZIZ,LUWNAU,0.9580733552019416
AYOZIZ,KEZLIN,0.9351429054025338
AYOZIZ,ADEGIA01,0.906314861940087
AYOZIZ,ADEGIA,0.9048205439949882
SIWJAM,KUDJOK,0.9999982342997896
KUDJOK,GIZJOP,0.9996938419191218
NUDLOP01,JEGJUD,0.8871935691553652
USICAB02,NISCOJ,0.8872624735565918
WOBQEL,XIHXET,0.8626338904629477
WOBQEL,UKIQIP,0.8385229534107563
WIVKIX,OVUDAL,0.9999943143281772
WIVKIX,YAYPOF,0.9998968770023284
WIVKIX,CUQKOQ,0.8698779140404155
GAWZOW,BEJKEJ,0.999952827441352
GAWZOW,CAXZUY,0.999878015848473
GAWZOW,TEVVEY,0.9973112486112
GAWZOW,TEVVOI,0.9956179658737964
GAWZOW,KEVBUK01,0.9233822465159984
GAWZOW,UFATEA,0.9194705145474064
GAWZOW,VEXTUO,0.8862001229053955
GAWZOW,SEQSEO01,0.869516161601256
GAWZOW,SEQSUE,0.8634283806181371
GAWZOW,PINPAG,0.8496697914370178
RUYGEY,RUYGEY01,0.9999856902228594
CIFSAO,CIFSIW,0.9999453376070014
CIFSAO,NEDLOZ,0.9997094487256616
CIFSAO,MAYJOM,0.9041792242561464
CIFSAO,VIFPUY05,0.9033236325048573
CIFSAO,HIHNUJ,0.8602242071605855
CIFSAO,OWIHOT,0.8601938948367553
EWETUW,BOJYIK,0.9070150785743548
BOJYIK,HISTIO,0.8014959887949374
BOJYIK,QACTUJ,0.9999990428983
BOJYIK,ZALLEG,0.946846237252536
BOJYIK,LOZSUQ,0.9070797045227628
BOJYIK,VUKTOM,0.9051235687395424
BOJYIK,DAKZUN,0.8994777876679303
BOJYIK,NEQTIP,0.8991375965488269
BOJYIK,LEDHEJ,0.887264021973102
BOJYIK,XADDAJ,0.8864083375805519
BOJYIK,UMIZIB,0.882467645691259
BOJYIK,LUCDES,0.8791551132337987
BOJYIK,YATTUK,0.8749991243611475
BOJYIK,MINCOD,0.8682625421378426
BOJYIK,OHIHOD,0.8607881271243734
TUTJAU,LUFNAC01,0.9998991979884186
TUTJAU,UQOGAK,0.847851976190753
IPOWOA,VUNMOI,0.9969571013214584
IPOWOA,VUNNID,0.997885591047964
IPOWOA,VUNNEZ,0.9887036393972418
VUNNEZ,VUNNID,0.9944492740997128
VUNNEZ,PASNEE,0.9876161077585792
ATOTIM,WIDQAC,0.9999447279435666
ATOTIM,IXODUV,0.9999369789435486
ATOTIM,IXOFAD,0.99993686983289
ATOTIM,IDIWOH04,0.999933855324452
ATOTIM,IXOFUX01,0.9999337522412528
ATOTIM,IDIWOH05,0.9999296455521968
ATOTIM,XAVDIJ,0.9999050166314616
ATOTIM,JUMDEC,0.9999028051978396
ATOTIM,ALOVEC,0.9949695681452192
SOJKOT05,SOJKOT07,0.9999956020196352
SOJKOT05,MAJMOA03,0.9999616145986252
SOJKOT05,DADTUY01,0.9998360308931468
SOJKOT05,DADTUY05,0.9998055457958293
SOJKOT05,RAVVOA01,0.9970498389530428
EMIYUW,WIZMAV05,0.9548765587593424
EMIYUW,WIZMAV08,0.9548665514508216
EMIYUW,HICNOZ,0.9159933675825296
EMIYUW,HICNUF,0.9159216327962094
EMIYUW,ESEBOV,0.8600092055955554
MAHGAG,JEPWIN01,0.9999958011245929
UFIKIG,VAGVAC,0.8692744036025826
UFIKIG,SETQIT,0.8690707470485104
UFIKIG,XUDSIY,0.8626420152829022
UFIKOM,POJTOY01,0.8692691703145782
UFIKOM,VAGVAC,0.8692606439706325
UFIKOM,POJTOY,0.8692538539262005
UFIKOM,SETRAM,0.8692101228607368
UFIKOM,SETQIT,0.8691685324624545
UFIKOM,XUDSIY,0.8619824078388694
UFIKOM,NEHZAE,0.8541694227881118
XUBKOU,KOHLIE,0.8426890506163506
XUBKOU,KOHDIW,0.842222164180246
XUBKOU,HELDOT,0.8420884274334821
ELIKOA,LIXMEM,0.9721530274307332
ELIKOA,VUKTEC,0.941973648473304
ELIKOA,GAPQAQ,0.9394143261936548
ELIKOA,EHAZES,0.8571483439982597
ELIKOA,EXUSUN,0.854119101034662
ELIKOA,ZAVQEU,0.8437081832045876
EQUCUO12,EQUCUO11,0.9999997370240876
GAMFEG,AQOROP,0.9062818468688912
GAMFEG,FELZOM,0.9019982903547012
GAMFEG,MOFTIL01,0.89656635562502
GAMFEG,MOFTIL02,0.8963191792306997
GAMFEG,OHOROS,0.8723341207429152
GAMFEG,SAQFUM,0.8723294286990027
OHOROS,LUGLUU,0.893140564739287
OHOROS,SAQFUM,0.9999967009592172
OHOROS,FELZOM,0.918642614863938
OHOROS,VAHWOS01,0.8569587603671693
OHOROS,VAHWIM,0.8569473840017725
OHOROS,VEMMAC,0.8568962575234311
NIWQIV,UFATEA,0.88493676793402
BOJYIK01,LARYOU,0.998694654240617
TEYCAD,TEDZUZ,0.9012687448564456
YANXIX04,SIWQIA02,0.9997033461738448
YANXIX04,SIWYOO,0.9996729503383548
YANXIX04,TEVZOK,0.9989117936627248
QOWRAV08,QOWRAV11,0.9999999920764436
QOWRAV08,YUSWEP,0.9310985471287644
VIFPUY05,FIFGEI,0.9467382967680548
VIFPUY05,CIFSIW,0.9043022642923187
VIFPUY05,FOSTIS,0.9030351672389436
VIFPUY05,FEYDET,0.8745630817268102
VIFPUY05,LEPTUY,0.867269452741851
VIFPUY05,PEYVEV,0.8599198970656493
JOFPAX,KAYBIX,0.8870113779711535
UXACAY,PIZPIX,0.9019750271714564
FOCZEE,AMIXOK,0.8880822374326116
FOCZEE,ALUJOH,0.8843784401205861
ELIKEQ,AMIXOK,0.856104966390308
ELIKEQ,ALUJOH,0.8532691021127988
COKJOD,VOJNAK,0.9998492026377974
AFUFEP,SEQXET,0.9324473282189502
UGECEO,OCACUR,0.9999351012455756
UGECEO,KUHNEI,0.995278581794946
UGECEO,NAVJAW01,0.865510712007604
UGECEO,XEVSIB01,0.864085043031728
UGECEO,XEVSIB,0.8640660186880373
UGECEO,HABZEQ,0.8629665000032697
POKZOG,TULLIX,0.9366778983439004
POKZOG,RUXWEM01,0.864987712596047
POKZOG,EREGOY,0.8604934665429684
POKZOG,HIHGUC,0.8576301519206537
POKZOG,WIVRIE,0.8545309418694035
NUDPAE09,NUDPAE07,0.9999959511818344
NUDPAE09,NUDPAE01,0.9999262827217976
NUDPAE09,NUDPAE,0.999923852650443
NUDPAE09,VICBEQ,0.9999134886140392
NUDPAE09,NUDNUW09,0.9997851302810608
NUDPAE09,NIKZEN,0.9980989177350176
NUDPAE09,CAJHUS01,0.998097403308198
NUDPAE09,IZAKAX,0.9972714557580338
MUPTAU01,YOGVEX,0.9999865836422008
FISGOF,DICKEH,0.8986326848157012
FISGOF,QIYDIN01,0.8769163038901713
FISGOF,FAGQAI,0.8764836509281217
FISGOF,YUSWEP,0.8519404269836093
FILYAC,VASYEW,0.8560505774267458
FILYAC,KESFOG,0.8537651751066491
FILYAC,KESFIA,0.8537631943481638
FILYAC,GAGWOB,0.8523035066297405
ZAWCAE,PEGBEK01,0.9999982274377446
UTONAT,UTONEX,0.9992046502423068
UTONAT,ATIJUI,0.8641367649422454
UTONAT,DOJXOQ,0.8400715844762621
QOWRAV11,YUSWEP,0.9311063132245108
QOWRAV11,RUJMEQ,0.8471009427250413
TULLIX,CISMEY,0.8389633869008413
PEYVEV,FEYDET,0.9895619949012882
PEYVEV,XINTOG,0.9326400480285844
PEYVEV,HIHNUJ,0.9321322934686976
PEYVEV,OWIHOT,0.932079826108694
PEYVEV,TIRFIK,0.8938977419447625
PEYVEV,MAYJOM,0.8614183128050827
RIBSAZ,ERANAO,0.8614465154602415
RIBSAZ,ESEBOV,0.845935255023233
WUNVEH,OKIYIR01,0.9999998757184267
WUNVEH,OKIYIR,0.9999998484996532
WUNVEH,OKIWEL,0.9999998264792506
WUNVEH,ITIWIS,0.9999990556161849
WUNVEH,SAHYAD02,0.9999979475652808
WUNVEH,SAHYAD03,0.9999975404428592
XEVSIB,HABZEQ,0.9975922073589504
XEVSIB,EJINIV,0.9088754943062344
XEVSIB,FAHQIR,0.8732491838555161
XEVSIB,UGECEO01,0.863888448615332
XEVSIB,OCACUR,0.8638038444555802
XEVSIB,KUHNEI,0.8593167157270549
XEVSIB,HAJYAV,0.8418062127105123
NAXVOY,SIRBIG06,0.9993513728771404
NAXVOY,LICSEW03,0.9993069557295572
NAXVOY,LIJWUX,0.999133048754346
NAXVOY,AMURUX10,0.998685577481694
NAXVOY,AMURUX,0.9986296435045704
NAXVOY,NAXVOY04,0.9984261653586738
NAXVOY,NIWZIE01,0.99819294649815
OSADIX,MIQCUL,0.9619993325178028
VICBEQ,NUDPAE01,0.9999994882842104
VICBEQ,NUDPAE12,0.9996194600074004
VICBEQ,NUDNUW09,0.9994851471478172
VICBEQ,NIHBEM01,0.9989997939871216
VICBEQ,NIKZEN,0.9988225159647648
VICBEQ,CAJHUS01,0.9988213431814588
VICBEQ,IZAKAX,0.9981548273780496
VIKSEQ,IZIBUQ,0.9428135228981108
VIKSEQ,WIZMAV09,0.893936675830898
VIKSEQ,WIZMAV08,0.8939327895181277
VIKSEQ,WIZMAV05,0.8939272494555599
VIKSEQ,HERHAQ,0.883674261681486
VIKSEQ,HERHEU,0.8814886912426503
XADWIK01,FEVDIV,0.9065454738654112
XADWIK01,TEVVOI,0.8851229082240599
XADWIK01,BEJKEJ,0.8806452450339508
XADWIK01,TEVVAU,0.8730785233353175
XADWIK01,QEZZED,0.8575856540021101
EXUMEP,IVELUS,0.8402807430378382
VEDGIW,VEDGES,0.9999959924504797
VEDGIW,VEDFUH,0.9999724213010054
VEDGIW,CEYPUT01,0.9999444024865456
VEDGIW,TATSIS,0.9989328179023316
VEDGIW,JODGIU,0.9229999061970272
VEDGIW,DIDBAV,0.9227182487363436
VEDGIW,FEVDER,0.8790958869951139
VEDGIW,RAKBIO,0.8437198080348967
VEDGIW,NERVIP01,0.8437125092265121
VEDGIW,RAKBIO01,0.8436856224163478
VEDGIW,KOHLIE,0.8429929312173461
VEDGIW,KOHDIW,0.8429225039476087
VEDGIW,NERVIP,0.8423049035907129
EKUNON02,BERQAS,0.8156186750257821
EKUNON02,JUYJIY,0.8817848532663761
EKUNON02,MALWUU,0.8634899315694242
EKUNON02,AGONEQ,0.8585910373017589
EKUNON02,YICRAF,0.858024790664597
EKUNON02,REXYAX,0.8484456542389693
GUPJEG01,YAQCEY,0.841870496758479
GUPJEG01,IVELUS,0.837750708869683
SAQFUM01,FELZOM,0.9186256498248384
SAQFUM01,MOFTIL01,0.8769942108796482
SAQFUM01,VAHWIM,0.8569658935750832
SAQFUM01,VAHWOS02,0.8569651217870327
RIGTIL,WOBHIF03,0.8710504110516256
RIGTIL,HIVSIQ,0.860021470913862
GERBEN,HERHAQ,0.999937517790973
GERBEN,HERHEU,0.9998569339616366
GERBEN,WIZMAV09,0.9554161828787364
GERBEN,ERANAO,0.9535151928863344
GERBEN,HICNUF,0.9160211611679424
GERBEN,IZIBUQ,0.9043521808000644
GERBEN,ESEBOV,0.8600321740666347
GERBEN,YEYCUC,0.8541545257431387
WIZMAV09,WIZMAV08,0.9999999919686308
WIZMAV09,WIZMAV05,0.9999999530248695
WIZMAV09,IZIBUQ,0.9102201986269736
WIZMAV09,ESEBOV,0.893186041678022
WIZMAV09,YEYCUC,0.892388554674368
WIZMAV09,HICNUF,0.8788813447527983
WIZMAV09,HICNOZ,0.8785551920295983
WIZMAV09,RUKDIM,0.8650574548947638
WIZMAV09,WUPTUY,0.8631890430809581
WEYQAU07,WEYQAU01,0.9999746074216328
WEYQAU07,UKIQIP,0.8850464664884811
WEYQAU07,UVETUL,0.8569656316202383
WEYQAU07,WACLEU,0.8431510318749917
WOBHIF03,QEJBIT,0.8751576994647692
TUDKEJ,NIFNOI,0.9999997034725748
TUDKEJ,TUDJEI,0.9999987820483044
TUDKEJ,SEFWEH,0.9999783320063688
TUDKEJ,NIFRAY,0.9999657858301833
TUDKEJ,NIFPAW,0.9998983074441896
HAWVAE,QOZXUZ,0.9976346626696276
DITJEY01,TOXMUQ,0.8417135719069377
DITJEY01,NIRPOW,0.8417130850882196
DITJEY01,TOXNEB,0.8416720501308443
DITJEY01,YEYDUE,0.841531409956012
HELDOT,XAFFIV,0.8856280205765066
HELDOT,DIDBAV,0.881955398136583
HELDOT,CAQKAJ,0.8760963807397428
HELDOT,CAQKAJ01,0.8756998194926693
HELDOT,FEXCAO01,0.8692972096955485
HELDOT,HAJYAV,0.8671191595976354
HELDOT,KESFIA,0.8651413291535544
HELDOT,VASYEW,0.8550042553335224
HELDOT,FAHQIR,0.85349773047362
NASGIZ01,MUQZII,0.9993429758617184
NASGIZ01,TAQGEZ,0.8441614750219532
IDIWOH04,IDIWOH06,0.999999963339347
IDIWOH04,IXODUV,0.9999999467260948
IDIWOH04,IDIWOH05,0.999999935045196
IDIWOH04,IXOFUX,0.9999997809455292
IDIWOH04,IXOFUX01,0.9999997595876886
IDIWOH04,IDIWOH,0.9999995384470374
IDIWOH04,WIDQAC,0.9999995120706724
IDIWOH04,IXOFAD,0.9999973144019718
IDIWOH04,JUMDEC,0.9999969881284458
IXOFUX01,IXOFUX,0.9999999973919438
IXOFUX01,IXODUV,0.9999998301875174
IXOFUX01,IDIWOH06,0.999999722423994
IXOFUX01,IDIWOH05,0.9999996940123166
IXOFUX01,XAVDEF,0.9999996874678038
IXOFUX01,IDIWOH,0.9999994222475508
IXOFUX01,WIDQAC,0.9999992750567418
IXOFUX01,IXOFAD,0.9999986495494348
IXOFUX01,XAVDIJ,0.9999971469602544
IXOFUX01,ALOVEC,0.9960526248862012
FOSTIS,MAYJOM,0.9039160819767156
FOSTIS,MUQYEE,0.8623048250169336
FOSTIS,HIHNUJ,0.8599355764642652
FOSTIS,OWIHOT,0.8599043667199743
FOSTIS,LEPTUY,0.8510049998729885
TORJOB,GARLUJ,0.8689053540234846
EXUSUN,YIXFOC03,0.9986241254604888
EXUSUN,DUGDOA01,0.9082088711986812
EXUSUN,GAPQAQ,0.907337045658763
EXUSUN,VUKTEC,0.9039919967283816
EXUSUN,HISSIN,0.8851301533498301
EXUSUN,WOJZIG,0.8788530297803634
EXUSUN,SENXER,0.8677257908447176
EXUSUN,SENXAN,0.8628866530804133
EXUSUN,PEHWUW,0.8611411473592011
EXUSUN,LIXMEM,0.8607634481685082
EXUSUN,OPENUT,0.8488959409768042
EXUSUN,QAWREM,0.8384250118498833
NERVIP01,NERVIP,0.9994079475026334
NERVIP01,VEDFUH,0.8438637081805567
NERVIP01,TATSIS,0.8437715822469529
NERVIP01,VEDGES,0.8437069389065925
NERVIP01,CEYPUT01,0.8435321813601903
NERVIP01,ABIWOX,0.8425144561541646
RAKBIO,GAGWOB,0.9976516301786856
RAKBIO,CEYPUT01,0.843830141354247
RAKBIO,VEDFUH,0.8435114370254646
NAXVOY04,NIWZIE01,0.9999883965442232
NAXVOY04,SIRBIG06,0.9984380639088252
NAXVOY04,LIJWUX,0.9975708862142948
NAXVOY04,LICSEW03,0.9974862080629272
ALOVEC,JUMDEC,0.9962655954134988
ALOVEC,XAVDIJ,0.9962514787535685
ALOVEC,XAVDEF,0.9960864256024944
ALOVEC,IDIWOH05,0.9960839863679216
ALOVEC,IXOFUX,0.9960469982755208
ALOVEC,IXOFAD,0.9960114291097948
ALOVEC,IDIWOH,0.9959683431498092
ALOVEC,WIDQAC,0.9959642535157434
NUDPAE12,NIHBEM01,0.999790394189701
NUDPAE12,NIKZEN,0.9997158415595576
NUDPAE12,NUDPAE,0.9995990546268814
NUDPAE12,NUDPAE01,0.99959253044561
NUDPAE12,IZAKAX,0.9993592519624864
UPEMUZ,GURXIB,0.8865654759408512
ASEJIT,NAHHAI,0.9997600041362614
ASEJIT,LARBOW,0.9007200887749184
ASEJIT,DUWBEE,0.8465645995377178
DADTOS10,DIDVIW,0.9999971510270056
DADTOS10,DADTOS09,0.9999964220482224
DADTOS10,DADTOS04,0.999995718142877
DADTOS10,DADTOS15,0.9999482788385944
DADTOS10,YUKTUU,0.9999420603398608
DADTOS10,LIJWOR05,0.9998045902373432
OXEWUL,JIYKIO,0.9305819722253664
GEWSEJ,AMIXIE,0.9028379037924392
GEWSEJ,NELRAY,0.9024146119444671
TEVVAU,TEVVEY,0.9999867470070778
TEVVAU,CAXZUY,0.9959157229212454
TEVVAU,TEVVOI,0.9874547014051018
TEVVAU,KEVBUK01,0.9253581530838952
TEVVAU,ROGLOP,0.9218251607618824
TEVVAU,FEVDIV,0.905739192062808
TEVVAU,SEQSEO01,0.8648777161012395
TEVVAU,PINPAG,0.849291929054758
GAPQAQ,NILBUH,0.8853549023478514
GAPQAQ,YIXFOC03,0.9081977417995324
GAPQAQ,EHAZES,0.9081600836325772
GAPQAQ,PEHWUW,0.8679204086522356
XACSIG,JEJZAC,0.9990745304535747
XACSIG,HEBJEF,0.97550800211488
XACSIG,UQOGAK,0.8962304541618336
XACSIG,LELGOB,0.8537597606486069
LACFOM,SAQCIZ,0.9999948185174986
FEYDET,MUQYEE,0.9472063835857328
FEYDET,HIHNUJ,0.9467765168584268
FEYDET,XINTOG,0.924917061350922
FEYDET,NEDLOZ,0.8391479704252501
FEYDET,CIFSIW,0.8384304045070067
SIXNUL,UMUBEL,0.8509093359059428
JUYJIY,IRELIC,0.8509232875869038
JUYJIY,RUXWEM01,0.8492921254759768
JUYJIY,YICRAF,0.8448989349482963
XUJPOI,XUJQAV,0.9999987869744884
XUJPOI,NUNPAP,0.9999791077568434
XUJPOI,PUNYON,0.9952551710209836
XUJPOI,QEZZED,0.895982357712287
XEVSIB01,EJINIV,0.9089355692358284
XEVSIB01,UGECEO01,0.8639177046709322
XEVSIB01,XIHSEN01,0.8606204576748995
XEVSIB01,KUHNEI,0.859384181142544
XEVSIB01,HAJYAV,0.8418412419245392
DIJCOP,WEYQAU01,0.8724294650072237
WEYQAU01,UKIQIP,0.8854981863983146
WEYQAU01,SOBDOF,0.8841038694834409
WEYQAU01,UVETUL,0.8575891092722008
WEYQAU01,WACLEU,0.8436981360603941
VEDGES,CEYPUT01,0.9999668966272108
VEDGES,VEDFUH,0.9999634164713448
VEDGES,JODGIU,0.923073751151096
VEDGES,FEVDER,0.8790804149540259
VEDGES,RAKBIO01,0.8436985266620028
VEDGES,KOHLIE,0.8429924771227382
VEDGES,KOHDIW,0.8429223745268226
VEDGES,VOCKUT,0.8426200855215529
VEDGES,NERVIP,0.8422710017784494
NEDLOZ,CIFSIW,0.9999067061261692
NEDLOZ,FIFGEI,0.9554476392107296
NEDLOZ,MAYJOM,0.9060585280246212
NEDLOZ,MUQYEE,0.8639729619759637
NEDLOZ,HIHNUJ,0.862319107129774
NEDLOZ,OWIHOT,0.8622960725345316
HIHNUJ,OWIHOT,0.999999952836293
LUFNAC04,LUFNAC01,0.999999662561019
GAGWOB,TATSIS,0.8439834604107364
GAGWOB,VEDFUH,0.84331465145385
GAGWOB,CEYPUT01,0.8427510809527852
GATHAL,HAZGOF04,0.999999317590246
GATHAL,HOJNOL,0.9999992335503166
GATHAL,TAJTIK,0.9999989893241632
GATHAL,TAJTAC,0.9999986900638088
GATHAL,HAZGOF11,0.9999976476984092
GATHAL,HAZGOF07,0.9999974959899957
GATHAL,HAZGOF16,0.999994026938008
HICNOZ,HICNUF,0.9999746839287584
HICNOZ,HERHEU,0.9159447508731912
HICNOZ,WIZMAV08,0.8785614421138077
HICNOZ,ERANAO,0.8771749778425181
HICNOZ,OXOLAP,0.8466048067286834
HICNOZ,RUKDIM,0.8460408567319455
SEZCIM02,SEZDAF01,0.9999664633299504
KOHDIW,KOHLIE,0.9998909132388432
KOHDIW,VEDFUH,0.8429801073455785
KOHDIW,CEYPUT01,0.8428208036790393
RAGREY,KOGYIP,0.9999427565025292
RAGREY,KIKRAA,0.9999101572628124
RAGREY,OJOQAF02,0.9954396559970344
RAGREY,RANLAV,0.8536729039389928
HABZEQ,EJINIV,0.9102809905016812
HABZEQ,UGECEO01,0.8633241539015595
HABZEQ,XIHSEN01,0.8614023335753139
HABZEQ,HAJYAV,0.8417434498673065
RUTNOK01,RUTNOK,0.8888740183764637
KEPFIX,KENTEF04,0.9117643850678794
KENVOR,KENVIL,0.9999952402810036
KENVOR,KENSEE01,0.9117624023794452
KENVOR,KEPMUQ05,0.8787497034324023
TOXNEB,NIRPOW,0.9999998431713734
TOXNEB,TOXMUQ,0.9999998393994728
TOXNEB,YEYDUE,0.99999821963586
TOXNEB,OTECAT,0.8632853055324203
TOXNEB,PEYSUJ,0.8540163830864262
TOXNEB,DITHOG,0.8422134669085661
OCACUR,KUHNEI,0.9956836678094918
MAGVOG32,MAGVOG33,0.9999994605398212
MAGVOG32,MAGVOG34,0.9999986092391518
MAGVOG32,MAGVOG28,0.9999983548494918
MAGVOG32,MAGVOG08,0.9999979155042322
MAGVOG32,ACAZEK,0.997049520362185
GIMBIN05,DEHHOQ,0.9996576610918976
YATTUK,JUXSEC,0.938650522958919
YATTUK,QACTUJ,0.8749993514348496
YATTUK,LEHTID,0.8737570676517609
YATTUK,NEBYOK,0.8611127216709835
YATTUK,UFOSAM,0.8578481244540537
YATTUK,LEDHEJ,0.8549991557408938
YATTUK,UMIZIB,0.8503213666168279
YATTUK,LUCDES,0.8442904032633224
XIHXET,WACLEU,0.8614146978441372
XIHXET,UKIQIP,0.8565297161467572
QOMSAO,PIZHOX,0.9999696151872256
QOMSAO,FUQJUX,0.998932963681324
QOMSAO,PEBNER,0.9982735222978288
QOMSAO,JAVNIE,0.9976650594832296
QOMSAO,BUZKUE,0.9975188596641358
QOMSAO,VUQJEX,0.9955853203254752
QOMSAO,PENLEB,0.8686246099724493
QOMSAO,CEXJUN02,0.8625603947600231
QOMSAO,REFBAH,0.8549085002677567
WOJZOK01,HAWBUE,0.8652224117687224
QAMVEH,PIQMUZ,0.8857374193604028
QAMVEH,SEQWOC,0.9564345359997246
QAMVEH,AFOVEX,0.9564195230833638
QAMVEH,JIYTAP,0.8687624551260639
SANMAX,MACUFR06,0.9999618167826853
SANMAX,MACUFR04,0.9998784413182306
SANMAX,MAGMOZ01,0.9997150963674886
SANMAX,OCUQIO02,0.9996405157394114
SANMAX,ROLCEC06,0.9991491067804344
JODGIU,VEDFUH,0.922976472703026
JODGIU,TATSIS,0.922049869550728
JODGIU,FEVDER,0.9089438824016502
JODGIU,FUMJAZ,0.8827037870722454
JODGIU,LUWZUZ,0.8822056795001657
JODGIU,XAFFIV,0.8552500990775225
YAPQUC,XILBAW,0.99785426676288
YAPQUC,LONHON,0.9937057373726496
YAPQUC,MOLLEG,0.9189274193054532
YAPQUC,SAQCIZ,0.8954376057812115
YAPQUC,TUTQOP,0.8837929220993184
YAPQUC,INICPB01,0.883062798698333
YAPQUC,POCMEA04,0.8824550210387259
YAPQUC,POCMEA,0.8824455134590384
YAPQUC,DITKAT01,0.860843492662183
YAPQUC,HIFHIP,0.8598582045822738
YAPQUC,HAPZUW,0.8584175140749424
YAPQUC,WENRIR,0.8580871113471827
YAPQUC,FAHQUD,0.849456493345516
POFGUO,AZAYEH,0.9075723177543386
POFGUO,MAQDUD,0.874809143913573
XIHSEN01,EJINIV,0.8524495848836875
XIHSEN01,USAYOE,0.842913499714655
SAQQEH,ATEYUV,0.956286101095819
SAQQEH,IDINER,0.9444541843317804
SAQQEH,HUCXOU,0.852598010110201
DUWBEE,MICJOA,0.8627790067860973
DUWBEE,TEMDIB,0.8532866708889371
DUWBEE,YAYNEU,0.8465738294869912
DUWBEE,IYOQIY,0.8464160620584799
DUWBEE,NAHHAI,0.8452254458341483
DUWBEE,IJEYEC,0.8451222660373152
LABJUV,OJOQAF02,0.8881055615595206
LABJUV,KOGYIP,0.8874334758536642
LIJWOR05,VIRJEM,0.9999740684344264
LIJWOR05,YUKTUU,0.9999593354207076
LIJWOR05,DADTOS15,0.9999538725840844
LIJWOR05,DADTOS14,0.9999154784720826
LIJWOR05,DIDVIW,0.999848908348758
TUDJEI,NIFNOI,0.9999972835990452
TUDJEI,NIFRAY,0.9999774782166996
TUDJEI,SEFVEG,0.9999671808513192
XEGWIS,XEGXIT,0.9999999645429832
QACTUJ,LOZSUQ,0.9071196646635558
QACTUJ,VUKTOM,0.9051927041574608
QACTUJ,NEQTIP,0.8992549930132226
QACTUJ,LEDHEJ,0.8872715446399868
QACTUJ,UMIZIB,0.8825533155393634
QACTUJ,LUCDES,0.8792491800618163
QACTUJ,DEKYOK,0.8628520844438519
QACTUJ,OHIHOD,0.8607784914191072
YUKTUU,VIRJEM,0.9999983450554446
YUKTUU,DADTOS09,0.9999672770299388
YUKTUU,JEDKIP01,0.9998917517519852
SAHYAD02,ITIWIS,0.99999422137063
ITIWIS,OKIYIR,0.9999996600138332
ITIWIS,SAHYAD03,0.9999935586697788
SETRAM,POJTOY01,0.9998939361591832
SETRAM,VAGVAC,0.999862167865728
SETRAM,POJTOY,0.999842408150658
SETRAM,XUDSIY,0.9912856362679
SETRAM,REZXOK,0.8842357257651237
SETRAM,TOVJIZ,0.8506038536418492
DEKYOK,POHLUV,0.886013967720624
DEKYOK,ZALLEG,0.8815316093359792
DEKYOK,DAKZUN,0.8767201168334618
DEKYOK,LEDHEJ,0.8519240133813621
ELUQIM01,ELUQIM04,0.9999999676770878
ELUQIM01,ELUQIM08,0.9999994634041398
ELUQIM01,TAYZUQ,0.995287342789694
EPOPEG,FIFQOD,0.9911358787991624
VUKTAY,SEQXET,0.8649254636238135
VUQJEX,BUZKUE,0.9997210577642706
VUQJEX,JAVNIE,0.9994885153745172
VUQJEX,HOSPEL,0.9983377217114462
VUQJEX,PIZHOX,0.9962705006625748
VUQJEX,PENLEB,0.8758471103165913
VUQJEX,QITZUP,0.8757836710987622
VUQJEX,CEXJUN02,0.8624928846423014
VUQJEX,RANLAV,0.8506153987702976
GUXSOI,DODMIT,0.8461233515834148
HERHEU,ERANAO,0.954647697376208
HERHEU,WIZMAV05,0.954538613827479
HERHEU,HICNUF,0.9158310258001288
HERHEU,IZIBUQ,0.9050282903636008
HERHEU,DITJOH,0.8832614491460749
HERHEU,ESEBOV,0.8599601612095361
DIDVIW,DADTOS04,0.9999998545522436
DIDVIW,JEDKIP01,0.99997990008774
DIDVIW,DADTOS15,0.9999697067803234
FAMQAO,OFOCUI,0.8603387738188093
NUDNUW09,CAJHUS01,0.996883213265602
NUDNUW09,IZAKAX,0.9958564217572556
WIZMAV05,WIZMAV08,0.9999999838406024
WIZMAV05,HERHAQ,0.9558684971875092
WIZMAV05,DITJOH,0.9225357018756568
WIZMAV05,ESEBOV,0.893201112585235
WIZMAV05,YEYCUC,0.8923690808542748
WIZMAV05,HICNUF,0.8788942609974049
WIZMAV05,OXOLAP,0.863227485685139
AHONIU,VOJNAK,0.9999265457402192
XEDGIY,OKOSUE,0.9582621910376604
CAQKAJ,CAQKAJ01,0.999959285209622
CAQKAJ,HAJYAV,0.9949752595204538
CAQKAJ,EJINIV,0.878173842573282
ABIWOX,FEXCAO01,0.8877123782522174
ABIWOX,NERVIP,0.8438067619759414
ABIWOX,VOCKUT,0.8435728714508128
CAPLOX,KAVJEX01,0.8680381621416476
ECEDEY01,TECVEE,0.9077987630619344
WIFSAI01,REFBAH,0.9217847315922174
QEJBIT,MEFHUC,0.8566734782315129
LIHRUQ,AVERUP,0.997906282129428
LIHRUQ,AVEROJ,0.996258309680768
HAJXIC,HAJXOI,0.999977752668005
HAJXIC,XODXIZ,0.99994201178373
AMURUX10,AMURUX,0.9999324250901424
AMURUX10,NIWZIE01,0.995469987681106
IGOPEB,MAJMOA04,0.9997772120096788
IGOPEB,SOJKOT07,0.999854187223919
IGOPEB,DADTUY01,0.9998030064201588
IGOPEB,DADTUY05,0.9997813187750854
IGOPEB,RAVVIU,0.997507683984732
HAWDIU,XADGUG,0.8597665682157015
HAWDIU,OHIHUJ,0.8436521550286875
HAWDIU,KOQXUL,0.8425055345243029
DAKZUN,UMIZIB,0.9737504882490724
DAKZUN,LEDHEJ,0.966613952102727
DAKZUN,ZALLEG,0.9508664911366532
DAKZUN,JUXSEC,0.865148262642267
DAKZUN,LUCDES,0.8427142998389316
BEPNOB,BEPMEQ,0.999999999585364
BEPNOB,BEPPAP,0.99999999494557
BEPNOB,BEPNUH,0.9999999813710578
BEPNOB,BEPNIV,0.9999999559676808
BEPNOB,MAWTUC,0.9999835530999486
BEPNOB,BEPPIX,0.914038874022522
BEPNOB,BEPNER,0.91129361061913
BEPNOB,UFARAX,0.8994039919959245
BEPNOB,UFAREB,0.8993596972277846
BEPNER,MAWVAK,0.9118514268111856
BEPNER,BEPNIV,0.9113152036754568
BEPNER,BEPMEQ,0.9112915984139416
BEPNER,BEPNUH,0.9112793513401136
BEJKEJ,CAXZUY,0.9997945602249018
BEJKEJ,TEVVEY,0.9978468872087218
BEJKEJ,TEVVOI,0.9954297762120236
BEJKEJ,KEVBUK01,0.9238805564223898
BEJKEJ,ROGLOP,0.9230026402916744
BEJKEJ,UFATEA,0.9194107518387672
BEJKEJ,FEVDIV,0.9088678019854493
BEJKEJ,VEXTUO,0.8863365611249274
BEJKEJ,SEQSEO01,0.8695949383858749
BEJKEJ,SEQSUE,0.8632224252668617
BEJKEJ,PINPAG,0.8500260464387241
KAFPUE,GURXIB,0.8815856178009566
KAFPUE,WOHYUN,0.8600133188379179
KAFPUE,IVELUS,0.8394616740450652
JUXSEC,XADDAJ,0.9289403403051758
JUXSEC,IFUNUU,0.8537522594574071
YOXXUG01,EYUGEL,0.9998632801752304
YOXXUG01,EHISUJ,0.882944064192745
XEXLOD,FOMWOV,0.8359573739854803
AQUDIB,GINYAG,0.8752583263935143
IDUSIM01,BAHGUN04,0.8666169588031776
LELGOB,JEJZAC,0.8484543109707732
LELGOB,HEBJEF,0.8390838365491797
POCMEA04,INICPB01,0.9999390390925637
POCMEA04,LONHON,0.8838837315366044
POCMEA04,NICOPB01,0.8435638173407346
NERVIP,TATSIS,0.8439403745319265
NERVIP,CEYPUT01,0.8418719273601007
OJOQAF02,KIKRAA,0.9966043929210732
OJOQAF02,KOGYIP,0.9943808580423376
OJOQAF02,HAJPEQ,0.8616488959775686
OJOQAF02,RANLAV,0.854502486989283
FABCUI,KOGYOV,0.99980540550699
FABCUI,ODAHIK,0.9546771885240636
MIYHAE,JORQOY,0.9970207902126442
PIZHOX,QOMRUH,0.9999922791658132
PIZHOX,DEGJIK,0.9999136700005749
PIZHOX,FUQJUX,0.9992575805575614
PIZHOX,JAVNIE,0.9981165805676911
PIZHOX,BUZKUE,0.9980271186248934
PIZHOX,HOSPEL,0.9964760808061556
PIZHOX,QITZUP,0.8693467218935331
PIZHOX,CEXJUN02,0.8628877439952907
PIZHOX,REFBAH,0.8554820326746769
PIZHOX,RANLAV,0.8510189764296244
CUXPUH,AMIXIE,0.9064011109798108
MOLLEG,XILBAW,0.9197538006918136
MOLLEG,LONHON,0.916696241644576
LARBOW,NAHHAI,0.903001096576936
LARBOW,IYOQIY,0.901046299420686
LARBOW,RUXWEM01,0.8449230456902592
OHIHOD,LUCDES,0.8566858898173537
OHIHOD,MINCOD,0.8463890455819196
BASHEJ,HAWVOQ02,0.9999994688022482
AVEROJ,LIHSAX,0.9955500425379504
AVEROJ,AVERUP,0.9923538623959216
ANAYUL,BANLUA,0.9992497133170698
RUGYOJ,RUXWEM01,0.8649142858653555
YIXFOC03,EHAZES,0.9997293711932028
YIXFOC03,VUKTEC,0.907451802902391
YIXFOC03,HISSIN,0.8872079023540834
YIXFOC03,SENXAN,0.8693710254963254
YIXFOC03,LIXMEM,0.8600008893538107
YIXFOC03,OPENUT,0.855584785552115
OFERUN,NIFNOI,0.9999999280067814
KUHNEI,NAVJAW01,0.8614927690914074
HAZGOF07,TAJTIK,0.9999986281900528
HAZGOF07,HAZGOF04,0.999997471043963
HAZGOF07,HAZGOF16,0.9999962522967492
HAZGOF07,HAZGOF11,0.9999945084435984
HAZGOF07,HOJNOL,0.9999939661858132
TEDGUG,DANWAS,0.9876027465188288
TEDGUG,TEDGOA,0.9875382548981428
TEDGUG,VAHWOS,0.9248072747534531
TEDGOA,VAHWOS01,0.9197426509212064
TEDGOA,VAHWOS02,0.9195503536800782
TEDGOA,FELZOM,0.843779606746628
PIZPIX,PIZPIX01,0.9999828727708376
XOHSUJ,WACLEU,0.8659188889315991
BUZKUE,PEBNER,0.9999311200648268
BUZKUE,JAVNIE,0.9998478846037988
BUZKUE,FUQJUX,0.9997043385215976
BUZKUE,HOSPEL,0.998543661868482
BUZKUE,QOMRUH,0.9977996477339456
BUZKUE,PENLEB,0.8748549043099004
BUZKUE,QITZUP,0.8747571655633584
BUZKUE,RANLAV,0.8514677250013539
IXOFAD,IXOFUX,0.9999986213265204
IXOFAD,IDIWOH,0.999997690794695
IXOFAD,WIDQAC,0.9999972885796548
IXOFAD,IDIWOH06,0.999997152478314
IXOFAD,IDIWOH05,0.9999970828722377
IXOFAD,XAVDEF,0.9999970723725696
IXOFAD,JUMDEC,0.9999937346503908
COKJIX,YICGUP,0.8637486571528634
COKJIX,ADEGIA,0.8599192441875543
COKJIX,ADEGIA01,0.8588499664933783
COKJIX,QETCUO,0.8528829281291924
UKOYOJ,ENEZON,0.8638997238395331
UKIQIP,WACLEU,0.8576499692436704
UKIQIP,JIYPAL,0.8492627278174825
UKIQIP,NIRSUF,0.8413052919356951
SINXET,VARWOC,0.9998455940701346
YIVZOU,ZEDZAL,0.8305807552320974
MALWUU,QOZPEC,0.8395269655606528
XUFYAA,JETZAK,0.9406325362065464
XUFYAA,KIFKAM,0.904436797290808
XUFYAA,UMARIL,0.8727770258317294
XUFYAA,HAFVUH,0.8388990730977652
OXOLAP,ERANAO,0.8633900679663784
OXOLAP,WIZMAV08,0.8632163483158413
OXOLAP,HICNUF,0.8464879351833772
XADDAJ,ZALLEG,0.9328987841268972
XADDAJ,IFUNUU,0.8494320134560565
FIFGEI,CIFSIW,0.954748514902984
NIFRAY,NIFQOL,0.9999986232439394
NIFRAY,SEFWEH,0.9999985733068562
NIFRAY,TUDJAE,0.9999823973426232
NIFRAY,NIFPAW,0.9999820554561089
NIFRAY,SEFTOO,0.9999647173006184
NIFRAY,NIFNOI,0.9999591191863464
KIKMAV,MAPGOC,0.9993750023568432
KIKMAV,VUDQOB,0.997110642313709
KIKMAV,MAPHAP,0.8846733550515948
MAPGOC,HELNAQ,0.998988996089568
MAPGOC,VUDQOB,0.9953780908652704
MAPGOC,LAVTUZ,0.8730344945634343
VAGVAC,POJTOY,0.9999992372977224
VAGVAC,POJTOY01,0.9999977651628356
VAGVAC,SETQIT,0.9998037198102006
VAGVAC,XUDSIY,0.9933248734175522
VAGVAC,NEHZAE,0.9857821036412732
VAGVAC,PIJKIF,0.8862294216749448
VAGVAC,REZXOK,0.8847787420194824
POJTOY,POJTOY01,0.9999949019909856
POJTOY,SETQIT,0.9997804332969076
POJTOY,XUDSIY,0.9934547129860468
POJTOY,NEHZAE,0.9859714941997856
POJTOY,PIJKIF,0.8862815844477447
POJTOY,REZXOK,0.8848059218471782
POJTOY,TOVJIZ,0.8518068595480175
XADGUG,VAFCAH,0.9997719941029798
PULWEZ,HOXGAD,0.9894653708135146
ESEBOV,WIZMAV08,0.8931922846308038
ESEBOV,ERANAO,0.8917989541828317
ESEBOV,YEYCUC,0.874600095966132
ESEBOV,IZIBUQ,0.8494354039084349
PEBNER,JAVNIE,0.9998152756222256
PEBNER,QOMRUH,0.9985081086510462
PEBNER,DEGJIK,0.9979524319361932
PEBNER,CEXJUN02,0.8635583331393473
PEBNER,REFBAH,0.8578335117819065
PEBNER,RANLAV,0.8516841585290748
DADTUY01,DADTUY05,0.9999986824806288
DADTUY01,MAJMOA03,0.9996492924324394
DADTUY01,RAVVIU01,0.99848955617264
DADTUY01,RAVVIU,0.9984018610980596
KIYZID02,KIYZID,0.9999988558498228
KIYZID02,KIZBEC01,0.9999639215356436
KIYZID02,PTRPHT02,0.90641003647523
PTRPHT02,KIYZID,0.9063173480793728
PTRPHT02,KIYZID03,0.9062308807786446
PTRPHT02,KIYZID01,0.9062143081253738
PTRPHT02,KIZBEC01,0.9058659446872412
PTRPHT02,HISGAT,0.892468609607669
PTRPHT02,DUYTUN,0.8745089037227051
HICNUF,HERHAQ,0.9159902366756408
HICNUF,WUPTUY,0.8464816586368582
HICNUF,RUKDIM,0.8462713526228747
EHAZES,DUGDOA01,0.9077014762117852
EHAZES,DARDIL,0.895979749200137
EHAZES,WOJZIG,0.8822082138456101
EHAZES,SENXAN,0.8668341597146682
EHAZES,PEHWUW,0.8608742202272824
NAOXAL07,NAOXAL,0.99646343182688
NAOXAL07,NAOXAL11,0.9951627864760448
RAVVIU,RAVVIU01,0.9999987512080308
RAVVIU,RAVVOA01,0.9999972052027782
RAVVIU,SOJKOT07,0.9970850894012055
RAVVIU,MAJMOA03,0.9965592328265368
NIGHOA,CUMFOG,0.8458868143614392
OFOYUG,LIWYUM,0.8525053133868545
OFOYUG,HAFVOB,0.851465900113622
UDESIG01,UDESIG,0.9999904842640296
NUDPAE,NUDPAE01,0.9999999712690196
NUDPAE,NIKZEN,0.9987827898094191
NUDPAE,CAJHUS01,0.9987815183886476
NUDPAE,IZAKAX,0.9981050672863911
ERANAO,HERHAQ,0.9526016741986864
ERANAO,IZIBUQ,0.914267267123144
ERANAO,DITJOH,0.9141154396283084
ERANAO,YEYCUC,0.8774479586509671
ERANAO,WUPTUY,0.8634084926731986
ERANAO,RUKDIM,0.8593198254580054
RAJFAL,MOMQAI,0.8611539923294258
DELTAQ02,DELTAQ03,0.9999681135077712
DELTAQ02,NULSUJ,0.9954358883338654
TAKCAM,PAZDOM,0.8650250004530954
OWIHOT,MUQYEE,0.9996327113883218
OWIHOT,XINTOG,0.8750379983312506
OWIHOT,CIFSIW,0.8611755938947623
DADTOS04,DADTOS14,0.9999926082665608
DADTOS04,JEDKIP01,0.9999763374385552
DADTOS04,DADTOS15,0.999973759334745
DADTOS04,VIRJEM,0.9999533686707875
ODOJUN,NUXMEY01,0.998639864785934
ODOJUN,VONDAF,0.8942743385068158
ODOJUN,VONCUY,0.8934364155776786
ODOJUN,YEJXUI,0.8431109652031183
TAJTIK,HAZGOF04,0.9999997765250602
TAJTIK,HAZGOF11,0.999994105357724
TAJTIK,HAZGOF16,0.9999921657033044
TAJTIK,CAVMUJ02,0.9989690747738788
AGUVEE,KOMGAV,0.9999937144305632
DODMIT,NELRAY,0.9994712822681489
SIWYOO,SIWQIA02,0.9999863389292324
SIWYOO,TEVZOK,0.9973972332365802
SIWYOO,ELUQIM08,0.9961405003420376
SIWYOO,ELUQIM04,0.996071864540315
NUVLOG,FIRGIW,0.9995655928085851
NICZAA01,FOXQIT,0.9004998360537353
YICGUP,ADEGIA,0.8836487704069829
YICGUP,EBEWOZ,0.8475464791243972
YICGUP,AFOVIB,0.8442237771231059
YICGUP,XISDOU,0.8426528364517454
YICGUP,TEPJEF,0.8419369749525578
LIXMIQ,ELIKUG,0.972836928303802
LIXMIQ,YENZAV,0.9177111589225334
LIXMIQ,ADEGIA01,0.8610793768848596
LIXMIQ,ADEGIA,0.8606976031504934
RUXWEM01,POSGEL,0.8477679645527108
RUXWEM01,YICRAF,0.8759820451060132
RUXWEM01,EVUDAA,0.8622788781003978
COYTIU,AYABAD,0.8422660243060178
GOCTID,UFIRUX,0.9991319258506984
JORDAX,XOKJUD,0.9990584648099108
FEVDER,DIDBAV,0.9088423122343336
FEVDER,FUMJAZ,0.9066943891257296
FEVDER,VEDFUH,0.8792150382337525
FEVDER,TATSIS,0.8789411600933543
FEVDER,CEYPUT01,0.8789085115804129
FEVDER,KESFOG,0.8724824981976196
FEVDER,KESFIA,0.8724788111423417
FEVDER,VASYEW,0.8699954765037535
DADTOS15,VIRJEM,0.9999970861184124
DADTOS15,DADTOS14,0.999994221628692
DADTOS15,JEDKIP01,0.9999002888536592
XAYMUF,PAVLOO,0.8789306476781349
TEVZOK,ELUQIM08,0.9998757411619994
TEVZOK,TAYZUQ,0.996771440976789
SRFORM02,SRFORA06,0.9973146906940956
CAXZUY,TEVVEY,0.9963313647346116
CAXZUY,KEVBUK01,0.9225645550551432
CAXZUY,ROGLOP,0.9224798911326068
CAXZUY,FEVDIV,0.9089374822111632
CAXZUY,VEXTUO,0.8864281031105934
CAXZUY,SEQSEO01,0.8701391913368979
NIFNOI,SEFTOO,0.999999793970472
NIFNOI,TUDJAE,0.9999951673842724
NIFNOI,SEFVEG,0.9999455816260544
NIFNOI,NIFQOL,0.9999427391187848
NIFNOI,NIFPAW,0.999887030055434
DEGJIK,PENLEB,0.8679457688565975
DEGJIK,CEXJUN02,0.8623083526363607
DEGJIK,REFBAH,0.8544758107500519
DEGJIK,RANLAV,0.8504401302137123
TAJQEC,COQMAX,0.9996890132821716
BUVWOF02,BUVYIB,0.9999856197153204
KARMOH,MIXZOK,0.956332002601382
TOXMUQ,YEYDUE,0.9999969896218944
TOXMUQ,OTECAT,0.8633196758420861
TOXMUQ,PEYSUJ,0.8540903752801918
TOXMUQ,DITHOG,0.842250750831871
EJINIV,FAHQIR,0.9335859446561846
EJINIV,HAJYAV,0.881143410800185
EJINIV,CAQKAJ01,0.8788542381977282
NAJSUP,WOJZIG,0.90244181550027
NAJSUP,HISSIN,0.899723906809358
NAJSUP,EWASIG,0.8701902282914251
NAJSUP,DUGDOA01,0.8432545568170677
WOJZIG,DUGDOA01,0.939065721511832
DOLWAE02,DOLWAE,0.9999706489746856
NIFPAW,NIFSUT,0.9999999691647808
NIFPAW,TUDJAE,0.9999289229328622
NIFPAW,SEFTOO,0.9998964715518516
LUWZUZ,VOCKUT,0.8841574363336758
LUWZUZ,DIDBAV,0.882955504923507
LUWZUZ,FEXCAO01,0.871635547647378
RAVVIU01,RAVVOA01,0.9999923480556144
RAVVIU01,DADTUY05,0.998577327621852
RAVVIU01,SOJKOT07,0.997203786819494
RAVVIU01,MAJMOA03,0.9966881979759776
GEVXAI01,GEVXAI,0.9999876558795268
GEVXAI01,AFOJIO,0.9996075259155436
GEVXAI01,NATRAD,0.9957437389912374
GEVXAI01,VIFBIX,0.9892692234267116
MAYJOM,LEPTUY,0.8678019861689767
VEDFUH,CEYPUT01,0.9998652904128644
VEDFUH,TATSIS,0.9992472868550784
VEDFUH,DIDBAV,0.9227606256589396
VEDFUH,VOCKUT,0.8429785006352448
VEDFUH,KOHLIE,0.8429441846346787
QANYAG01,VEXYOM,0.9993086088256748
RUWXAJ,RUWXEN,0.9999998713884608
RUWXAJ,APAYUN,0.8495050715238484
RUWXAJ,WOJYEB,0.8494067540226249
QOMRUH,HOSPEL,0.9961484823588554
QOMRUH,PENLEB,0.8691082144181957
QOMRUH,REFBAH,0.8552228097673582
QOMRUH,RANLAV,0.8508782813415304
MOXPIZ,KOGYIP,0.8385007893473921
LEPTUY,CIFSIW,0.8514359196349166
SEQSEO01,SEQSUE,0.9971471477708204
SEQSEO01,VEXTUO,0.9584108991765864
SEQSEO01,TEVVOI,0.8697827390365864
SEQSEO01,TEVVEY,0.8654293572587176
MEQKOL,ATIJUI,0.9996752304378362
MEQKOL,ZEDZAL,0.9060394419751496
MEQKOL,UTONEX,0.8640622697117
MEQKOL,ELIKAM,0.8596950910826395
MEQKOL,DOJXOQ,0.8581443555954696
UTONEX,NATREH,0.8634759853172749
UTONEX,NATREH02,0.8628336841745587
UTONEX,DOJXOQ,0.8423810943254193
XUDSIY,NEHZAE,0.9985613989219028
XUDSIY,REZXOK,0.8809136736652697
BEPPIX,BEPPAP,0.9140389652059652
BEPPIX,BEPNUH,0.9140386699466962
BEPPIX,BEPMIU,0.9140384619283666
BEPPIX,MAWTUC,0.9140279370769112
BEPPIX,UFARAX,0.8858620724174002
TECVEE,MOMQAI,0.8611197908724493
NODKOH,NODKAT,0.9996721422370374
WIDQAC,IDIWOH06,0.9999992079203084
WIDQAC,XAVDEF,0.9999990534695304
WIDQAC,XAVDIJ,0.9999946559243236
WIDQAC,JUMDEC,0.9999940885949136
MOFTIL01,LEYLIN,0.9287142607435832
MOFTIL01,SAQFUM,0.8768964864628669
MOFTIL01,VAHWOS,0.8509374982440792
MOFTIL01,VAHWOS02,0.850854098734283
MOFTIL01,VAHWIM,0.8508357290774616
TEVVEY,TEVVOI,0.988245233184468
TEVVEY,UFATEA,0.9130415481360012
TEVVEY,FEVDIV,0.9061717840461918
TEVVEY,PINPAG,0.8495350311513492
LICSEW03,LIJWUX,0.9999784657347544
LICSEW03,AMURUX,0.999877775157484
LICSEW03,SIRBIG06,0.9998644946196328
LICSEW03,NIWZIE01,0.9971345667715732
WAWGOQ,SAZQEQ,0.8651142737998694
WAWGOQ,QANSEE,0.8650837769550468
WAWGOQ,CATDEH,0.8558721897912199
KOQXUL,LESWAI,0.8620112341650874
CAJHUS01,NIHBEM01,0.9999926510760236
CAJHUS01,IZAKAX,0.9999253535443636
CAJHUS01,NUDPAE01,0.9987717744502378
OMICOD,XISGEN,0.9971392518968878
VABJUE,VABKEP,0.999636933873936
NIHBEM01,NIKZEN,0.9999926900719672
NIHBEM01,IZAKAX,0.9998711698897396
NIHBEM01,NUDPAE01,0.998954083836618
FIFQOD,KOMGAV,0.999807443471784
FIFQOD,AGUVOO,0.9987196798329816
IXOFUX,IXODUV,0.9999998626958616
IXOFUX,IDIWOH06,0.9999997266352793
IXOFUX,XAVDEF,0.99999968405915
IXOFUX,IDIWOH,0.9999994972747792
IXOFUX,XAVDIJ,0.999997024150514
FUMJAZ,DIDBAV,0.8833714163947808
FUMJAZ,TATSIS,0.8555487460365758
FUMJAZ,CEYPUT01,0.853160533072614
FUMJAZ,VASYEW,0.849433666723193
YAYPOF,OVUDAL,0.9998429579884412
YAYPOF,CUQKOQ,0.8699464482156737
WUZGEF01,WUZGEF,0.9998118376186064
XUJDAI02,LARVIL,0.9070289048062372
UFUKUB03,UFUKUB02,0.9999949084638412
AMURUX,LIJWUX,0.9998936405430028
AMURUX,NIWZIE01,0.9960396545723534
LIJWUX,SIRBIG06,0.9999038724783428
DADTOS14,VIRJEM,0.999983106484256
DADTOS14,JEDKIP01,0.9999425097160995
JEDKIP01,VIRJEM,0.999863332047506
WIZMAV08,HERHAQ,0.9558624308404764
WIZMAV08,DITJOH,0.922537321949002
WIZMAV08,IZIBUQ,0.9102320594066412
WIZMAV08,YEYCUC,0.8923805137994505
WIZMAV08,WUPTUY,0.8631969532915547
FEXCAO01,DIDBAV,0.869638680926508
INOMOP,FEZTIP01,0.999840308341732
WOBHEB,LIKFOB,0.864650284323778
ELIKUG,EBEWOZ,0.8598805081770341
ELIKUG,ADEGIA,0.8584239571997446
ELIKUG,ADEGIA01,0.8567469813694777
ELIKUG,AFUDUD,0.8492796541724112
SOJKOT07,MAJMOA03,0.999978034202928
SOJKOT07,DADTUY05,0.9997692192470944
FOXQIT,UFEVEH,0.9977603953667756
UQOGAK,HEBJEF,0.9215080382672954
UQOGAK,JEJZAC,0.8899954028462999
RIPPAJ,RIPPEN,0.999800471065324
NELRAY,AMIXIE,0.9999917607731016
NELRAY,UCEXOQ,0.9998782471250968
NELRAY,HUCXUA,0.9080123464497716
ELUQIM04,TAYZUQ,0.9953118785582532
LEDHEJ,UMIZIB,0.995938196758673
AQOROP,MOFTIL02,0.9183014686056964
AQOROP,LEYLIN,0.901680080370874
HIHGUC,XAPQAI01,0.8835250286261509
LARYIO,ADEGIA,0.9984556765519356
KEPNAX03,KEPNAX01,0.9999993820801032
KEPNAX03,KEPMUQ05,0.999999378635792
KEPNAX03,KENVOR01,0.8787102129660977
KEPNAX03,KENTEF04,0.8786988204702105
KEPNAX03,KENVIL,0.8786985902392463
AVAQAP,HAXYIQ,0.8463987178497697
AVAQAP,AMIXOK,0.9981257261049016
UNIRUF04,UNIRUF05,0.9999406396688932
UNIRUF04,UNIRUF11,0.9990677360188036
UNIRUF04,NIRCUO,0.9983485067288128
UNIRUF04,UNIROZ,0.9953854466725924
XIZCOA,FAWCEN01,0.999995968825606
LIGHAM,ODEJOY01,0.9147241743304612
ZALLEG,LOZSUQ,0.8649207820121483
ZALLEG,VUKTOM,0.8637960128517388
ZALLEG,NEQTIP,0.8593072536501664
ZALLEG,LUCDES,0.8410732947996539
ADEGIA01,ADEGIA,0.9997800839381102
ADEGIA01,AFOVIB,0.9428733743826768
ADEGIA01,TEPJEF,0.9078364580960068
ADEGIA01,XISDOU,0.9032930053285269
ADEGIA01,ATEYOP,0.9014177484633412
ADEGIA01,UMIZEX,0.8872762354548059
ADEGIA01,AFUDUD,0.8851541145616258
ADEGIA01,KEZLIN,0.8822963635978711
ADEGIA01,LUWNAU,0.8802169130809796
ADEGIA01,EBEWOZ,0.8646277845260374
ADEGIA01,XEVHEM,0.8463385509425916
HUCXUA,UCEXOQ,0.9082295671676162
HUCXUA,AMIXIE,0.9079169240734128
ATEYOP,XISDOU,0.9997160988420594
ATEYOP,LUWNAU,0.9741977578029516
ATEYOP,UMIZEX,0.9673355511077946
ATEYOP,KEZLIN,0.947833917212906
ATEYOP,AFUDUD,0.9465196694558076
ATEYOP,ADEGIA,0.90342201504135
ATEYOP,EBEWOZ,0.839681139679247
YEJXUI,VONBUX,0.9035686896474844
YEJXUI,VONDAF,0.9029713832615672
YEJXUI,VONCOS,0.901738487967224
BEFKEF,IQEKUM,0.9999053767221988
VOYWUB,AMIXIE,0.8547168923404915
TEDWIL09,TEDWIL03,0.9999956432199716
DARDIL,DUGDOA01,0.8478311275110941
IGOWUY,WIPKAJ,0.8386960282282324
OCUNAE,OQEPEG,0.8856271730945271
OCUNAE,NIRSUF,0.852102451847713
YUDDUX,NAHCIT02,0.999917845267204
FODGUB01,HOQKII,0.9988884261556438
SEQSUE,VEXTUO,0.953679218084008
SEQSUE,TEVVOI,0.8705364676824625
HAZNED,NIMVUC,0.8636338007916053
HAZNED,KULMIP,0.8635693800172208
KIKRAA,KOGYIP,0.99970954073657
KIKRAA,HAJPEQ,0.8595074842090824
KIKRAA,RANLAV,0.8543549075838784
FAHQUD,HIFHIP,0.8555621355835044
FAHQUD,LONHON,0.8532276411181561
FAHQUD,XILBAW,0.8530601923820742
DITKAT01,WENRIR,0.9972398062484008
DITKAT01,CERPOF01,0.8921703360238415
DITKAT01,XILBAW,0.8586909669899614
DITKAT01,LONHON,0.8545763364607177
EBIMEJ,KESFOG,0.8640978868127438
EBIMEJ,UFUKUB02,0.8425199535757447
LONHON,XILBAW,0.9983834385455004
LONHON,FOMDAO01,0.9044086547967274
LONHON,INICPB01,0.8832959315264882
LONHON,TUTQOP,0.8769711128724109
LONHON,RUDRUE,0.8749416962889799
LONHON,CERPOF01,0.8748116293978556
LONHON,TEDZUZ,0.8606373016684996
LONHON,WENRIR,0.8597244398359152
LONHON,HIFHIP,0.8518203701433833
TUDJAE,SEFWEH,0.9999909931998834
TUDJAE,SEFVEG,0.9999731816472348
KOGYIP,RANLAV,0.8530006170713994
TEYMES,CEXJUN02,0.8487399991878347
CEYPUT01,TATSIS,0.998583055907844
CEYPUT01,DIDBAV,0.9228818424923676
CEYPUT01,RAKBIO01,0.8438074063892796
CEYPUT01,KOHLIE,0.8429618362868877
CEYPUT01,VOCKUT,0.8423104399401072
XOBXIW,DADVAG02,0.998830324026816
XOBXIW,DADVAG05,0.9988162488309902
XOBXIW,DADVAG04,0.9987975477486476
XOBXIW,DADVAG03,0.9987640741562858
XOBXIW,DADVAG08,0.998614917580857
SENXAN,SENXER,0.9993194981212294
SENXAN,OPENUT,0.8535452815634594
DIBZIZ,WOCFUR,0.8968550648797984
DADTOS09,VIRJEM,0.9999509101735196
DEHHOQ,MANLET,0.8491418469299747
AZIYOX01,NAJGAH,0.971164329635507
AZIYOX01,MISQAH,0.8999198459640374
AMIXIE,UCEXOQ,0.999807365210608
AMIXIE,QIFMIE,0.8996331008437104
AMIXIE,QIKZIW,0.8992912673214091
XITDEL,XUMVIM,0.999384488560903
WIVRIE,EREGOY,0.996298103188882
WIVRIE,XAPQAI01,0.8808500546124208
XAPQAI01,EREGOY,0.8856725567480535
XAPQAI01,PURRUR,0.8722659582685124
EKUNON,AGONEQ,0.8584169271491208
EKUNON,YICRAF,0.8580734248447898
ROGLOP,UFATEA,0.9956518076864784
ROGLOP,TEVVOI,0.9181252659302704
ROGLOP,FEVDIV,0.8788176114830761
PIJKIF,POJTOY01,0.8861326722932672
PIJKIF,NEHZAE,0.8797492109716541
RAVVOA01,DADTUY05,0.9983619760877814
RAVVOA01,MAJMOA03,0.9963641635416556
RUVBIV,GEDKUX,0.8472712711925414
DIDBAV,TATSIS,0.9222005452902295
DIDBAV,XAFFIV,0.8544926131665844
COKNUN,COKNUN02,0.9999999760214476
COKNUN,QUJJUB,0.9982226609979522
MAQKAR01,WEKWIT,0.9989167049234736
CESYEF,GEWROS,0.862275620577414
TEDZUZ,ACAFAO,0.9284045370177568
TEDZUZ,HAPZUW,0.9270653173659756
TEDZUZ,XILBAW,0.8638496445266053
WOJYEB,APAZIC,0.9999983871332044
WOJYEB,FECXAO,0.9474172376589308
WOJYEB,RUWXEN,0.8494186738113796
FUQJUX,JAVNIE,0.9996384053203234
FUQJUX,PENLEB,0.8732545312348378
FUQJUX,QITZUP,0.8731223730301879
FUQJUX,RANLAV,0.8517629398337749
OPENUT,SENXER,0.8527164554911053
SEVROC,QISFUV,0.9074295524997572
SEVROC,WARWOC,0.8602667150706796
SEVROC,ELOQON,0.8533109991876854
CIMFUB,YESXEC,0.9999531358462588
AFOVIB,ADEGIA,0.9445231993555516
AFOVIB,AFUDUD,0.9326184944517472
AFOVIB,UMIZEX,0.9286119664712572
AFOVIB,TEPJEF,0.8630137745908376
AFOVIB,MAKFOW,0.8414013257655191
VEMMAC,VAHWOS02,0.9999134378868176
VEMMAC,VAHWIM,0.9999018945423672
VEMMAC,MIVFUU,0.9247550312535112
VEMMAC,DANWAS,0.9209429569403816
VEMMAC,SAQFUM,0.8568649274364016
VEMMAC,MOFTIL02,0.8511509107610222
KESFIA,KESFOG,0.999999999216586
KESFIA,VASYEW,0.9184603244157756
KESFIA,UFUKUB02,0.8727920304071021
VONDAF,VONBUX01,0.9986595539715152
VONDAF,VONCOS,0.9953999363103456
UNIRUF11,UNIRUF,0.9999970908436148
UNIRUF11,NIRCUO,0.999314136526166
UNIRUF11,UNIROZ,0.9985945830868218
ILAXOK,AWOFOI,0.8943083489447472
NETYOD,MUSMAQ,0.8796908993707531
QUZVEO,YUSWIU,0.9988541101677256
XICYOZ,XICZAM,0.9986262117327988
NAXKOO02,TEPJAB,0.9999213735634342
RISTAQ,MOMRIR,0.9988281711978436
XEMPAJ,MEQPEG,0.8509580641681319
KESFOG,VASYEW,0.9184669676902694
KESFOG,UFUKUB02,0.8727950552024848
NEQTIP,VUKTOM,0.9984187510183402
NEQTIP,NILCES,0.8790472318110281
ACAZEK,MAGVOG08,0.9971504934544768
ACAZEK,MAGVOG35,0.9971460593378656
ACAZEK,MAGVOG34,0.997133315722644
WENRIR,CERPOF01,0.8965263708492208
WENRIR,XILBAW,0.8607938130551165
DIXNUV01,WUZQOZ,0.9999423303470094
QEZZED,XUJQAV,0.8959187677289983
QEZZED,PUNYON,0.8870427130453531
METJIH,PAXPAI,0.9021956331342498
KEPMUQ05,KEPNAX01,0.9999999340684296
KEPMUQ05,KENSEE01,0.8787230491559055
KEPMUQ05,KENVIL,0.8787112270501014
XISDOU,LUWNAU,0.974149753025223
XISDOU,UMIZEX,0.9693322337518484
XISDOU,AFUDUD,0.9474001354233824
XISDOU,ADEGIA,0.9050777739172112
COKNUN02,QUJJUB,0.99820960625152
EGELOS,DAZKEX,0.906579404208078
EGELOS,TEPJAB,0.8384887560671117
BOHXIH,ISENEB,0.9018932857344908
NOCLOH03,WARWOC,0.8592443756245378
NOCLOH03,ELOQON,0.8519697922216993
YEKQOW,HENSEB01,0.9922084808891796
BAMHIJ,BOYTEQ,0.8432678902871615
FECXAO,PEZCII,0.9994823571785356
FECXAO,APAZIC,0.9473556979819148
OFOCUI,FAMPUH,0.8603791817309918
CAHMON,CAHMON01,0.9999930488747192
AWOFOI,OPURIB,0.8978761936092798
AWOFOI,IJORUV,0.882837530354225
MAJMOA03,DADTUY05,0.9996050012860336
NUDPAE01,IZAKAX,0.9980929773516783
FINFUG,HUCXIO,0.8639197366360609
FINFUG,MAKGAJ,0.8378917691175501
GAGTAM,WIKGAB,0.8496948760370204
KULMIP,HAZNIH,0.863568033468376
FELZOM,SAQFUM,0.9186097532997106
FELZOM,LEYLIN,0.9005274967969723
FELZOM,MIVFUU,0.8475664362229604
VAHWOS02,VAHWOS01,0.9999984204346372
VAHWOS02,VAHWIM,0.9999984080673252
VAHWOS02,VAHWOS,0.9999947879803628
VAHWOS02,DANWAS,0.9195960626510392
TORKAO,GARLUJ,0.8689313075607321
CEXJUN02,PENLEB,0.8732594096447818
CEXJUN02,QITZUP,0.8731234229432243
CEXJUN02,JAVNIE,0.8632584661386362
MOLTIR,XOYCET,0.9998858275535132
MEFSOI,FUVDEH05,0.8187874776218319
MAKFOW,AFUDUD,0.8792631145679896
MAKFOW,LUWNAU,0.8591590174348616
MAKFOW,UMIZEX,0.8529548558406639
MOFTIL02,LEYLIN,0.9288101884245776
MOFTIL02,VAHWOS01,0.850700915279282
MOFTIL02,VAHWIM,0.8506076844361549
OFIVAA,ODELOZ,0.9107892907380636
OFIVAA,OCUPUY,0.934897729864838
SEFTOO,SEFWEH,0.9999774799813526
SEFTOO,NIFQOL,0.9999494022137672
REVSAP,GARTIF,0.8481140881902145
HAWVOQ,KEQMAX03,0.9984037566192766
VONCOS,VONBUX01,0.9984014869128038
VONCOS,VONBUX,0.9977305536388564
VONCOS,VONCUY,0.9972220777231092
HERHAQ,IZIBUQ,0.9037427344505718
HERHAQ,YEYCUC,0.8552992237564654
UNIPOY,UNINUC,0.9999964642189304
UNIPOY,UNINIQ,0.999996601504344
UNIPOY,UNINOW,0.9999931516915856
LIXMEM,ACOFEG,0.8413212535935202
TUMDEM,PUFTUH,0.857128895023868
WEJWAL,KEHDOS,0.9985244606329564
ESIFET,ESIFIX,0.9999828826186684
NILCES,LOZSUQ,0.8851894294916179
NILCES,VUKTOM,0.8838771356074299
VOQXIK,JIYKIO,0.9330082298722284
XUNSOQ,XUNSEG,0.9997375141457427
XUNSOQ,XUNRUV,0.999582529020463
XUNSOQ,XUNTEH01,0.997984601281359
QITZUP,PENLEB,0.9999919119186836
QITZUP,JAVNIE,0.8745329042406291
QIFMIE,UCEXOQ,0.896899758043707
AVUKUY,AWEZEI,0.997533292102186
SIRBIG06,SIRBIG01,0.999998558561144
EBIBID,FADKAZ,0.8453246287453111
TAKTAD,TAKTOR,0.9999970710649466
TAKTAD,YAYRAT,0.9467620890885742
LUCDES,VUKTOM,0.8425495549539477
SAKFAO,SAJLEX,0.999670698367547
KOHLIE,TATSIS,0.8417964153134385
NIKZEN,IZAKAX,0.9999246673010224
UZEWUS,OFERUN02,0.9999999657194693
WOHYUN,GURXIB,0.8638898288949576
KEZLIN,LUWNAU,0.9746090056520396
KEZLIN,UMIZEX,0.9698153905924656
KEZLIN,ADEGIA,0.8839421758854853
POJTOY01,SETQIT,0.9998422152839952
POJTOY01,NEHZAE,0.9854394431364436
QADKEL02,XOYCET,0.8836256429854394
XOYCET,YOXYAN,0.8832360584534397
HEBJEF,JEJZAC,0.9699347898783196
IVELUS,YAQCEY,0.9989140791801308
IVELUS,BOYTEQ,0.8499673569459054
QIWPET,VOGTER,0.8716760755264801
CUTBEA,ACALAT,0.9320297085987364
RUDRUE,CERPOF01,0.9999392004955596
RUDRUE,XILBAW,0.8737939672676169
DITJOH,IZIBUQ,0.8451526524607496
RUWWUC,RUWWOW,0.9998566170088152
RUWWUC,YENKAG,0.9731879374222382
RUWWUC,TEPJOP,0.9386683365507352
RUWWUC,APAZIC,0.8489144931441035
APAZIC,APAYUN,0.9999798153230548
APAZIC,RUWWOW,0.8493890599537264
INICPB01,POCMEA,0.9999382444268522
INICPB01,TUTQOP,0.997691931900955
WEWFIQ,WIVGAK,0.9997919191091216
WEWFIQ,LUDRUZ,0.9993694976673988
CIFHAC,PAMGIV,0.8074649431947816
NICOPB01,POCMEA,0.8435596062708545
POCMEA,XILBAW,0.8850425168561196
TAJTAC,HOJNOL,0.9999980384175337
TAJTAC,HAZGOF16,0.9999971960909388
TAJTAC,HAZGOF04,0.9999961850521312
TAJTAC,CAVMUJ02,0.9989758898037184
VUKSIF,HENSEB01,0.9997057283907976
HAJYAV,FAHQIR,0.9350185266531524
GISLOK,IDINER,0.8424362649998741
DOJXOQ,ATIJUI,0.8574022191890517
ELIKAM,ATIJUI,0.8604792735253943
ELIKAM,AFUFAL,0.8492480842421563
VONCUY,VONBUX01,0.999440222677168
BOGXIF02,SUHPIV,0.9999992516209588
BOGXIF02,SUHMIS,0.9999980832787462
BOGXIF02,BOBTOC,0.9998678174994594
BOGXIF02,OGULUY,0.9901602054991736
UNIRUF,UNIRUF05,0.9995175875192452
UNIRUF,UNIROZ,0.9984768809867026
BOYTEQ,YAQCEY,0.8542913912327345
RAVCUO,ELAPEM,0.8420214726761281
ADEGIA,UMIZEX,0.8870871966243192
ADEGIA,AFUDUD,0.8862693165296038
ADEGIA,LUWNAU,0.8823840359733544
FIYSAK,MILQIJ,0.8111188251060558
XUNJIA,XUNJOG,0.9998229619455984
AFUDUD,UMIZEX,0.9728297837048788
NATREH,NATREH02,0.999755914801858
OSIXEU,CUGYIO,0.8151328228874191
OGIJIY,TIYMEU,0.9914417308329156
HISSIN,DUGDOA01,0.9455605712140543
HISSIN,EWASIG,0.926814535984852
WARWOC,DAYCIQ,0.9986326537735664
MAWWAK11,MAWWAK08,0.9999223686883622
ZAWCEI,PEGBEK01,0.9999976941239764
ALUJOH,UKAPUS,0.8946516590815462
ALUJOH,QOHZIX,0.8449521739012945
VAHVOR,RIBRAY,0.8597463947097143
ATIJUI,IBEXUJ,0.9464202742573742
ATIJUI,ZEDZAL,0.9069878364815328
XEKCAT01,WAMRIN01,0.910360729351383
XEKCAT01,HAFVUH,0.9357115344643688
XEKCAT01,WAMRIN02,0.9139090923470334
XEKCAT01,AVIPOL,0.8844145024206376
XEKCAT01,KIFKAM,0.8749638353952602
XEKCAT01,NABMUA01,0.8738235408828263
UNIROZ,UNIRUF05,0.996299468996409
BEPMEQ,BEPPAP,0.9999999918348096
BEPMEQ,BEPNUH,0.9999999863067168
BEPMEQ,BEPNIV,0.9999999480373836
BEPMEQ,MAWTUC,0.999983394922164
BEPMEQ,MAWVAK,0.9999679744492312
BEPMEQ,UFARAX,0.8994025391785607
FAGQAI,DICKEH,0.9281579214056604
HUFJAV,HUFJEZ,0.9996824806867842
HUFHOH,HUFHUN,0.9999779655579288
HUFHOH,HUFJEZ,0.9997718612569492
HUFHOH,GAMSOD,0.8796275419751621
UBUBIF,FADLON,0.8420657286995452
SEFWEH,SEFVEG,0.9999952582840224
SEFWEH,NIFQOL,0.9999943936848196
EBEWOZ,YENZAV,0.8976886359147735
EBEWOZ,RAVDID,0.8934564118383611
EBEWOZ,LUWNAU,0.8547043471735388
EBEWOZ,UMIZEX,0.8445677653505743
EBEWOZ,XEGJIE02,0.8377168478818402
VIDWAI,FODBEH,0.840080070844286
CAXVII,SARHEA,0.9999947998733784
WEMFEB,EBIBOJ,0.9997943723021184
WEMFEB,COMFIU,0.9967711909600592
RAVDID,MIMCOD,0.817154929852191
BEPNIV,BEPPAP,0.999999980524821
BEPNIV,BEPNUH,0.9999998814572244
BEPNIV,MAWTUC,0.9999851785491334
BEPNIV,MAWVAK,0.999970476150969
BEPNIV,UFAREB,0.8993758703063459
NEBQES,ELUVEN,0.8481236227719278
NEBQES,NEBQAO,0.9993068282004012
HOSPEL,JAVNIE,0.9993023156640116
HOSPEL,REFBAH,0.8566016072977629
HOSPEL,RANLAV,0.8499078355272002
GEKQUI01,GEKQUI,0.9999823907324544
HOFSUS,IQEKUM,0.993669804748136
IBEXUJ,AFUFAL,0.9319107183497256
ELUQIM08,SIWQIA02,0.996257091718652
ISISEJ,TEPJOP,0.8765247568394399
XUJQAV,NUNPAP,0.9999688079732636
YAYRAT,TAKTOR,0.9466864679773728
YAYRAT,MEGQAT,0.8749487982920485
YAYRAT,SICDAL,0.8749372041157231
YAYRAT,COMDOY,0.8749341586554154
YAYRAT,LOQLIN,0.8745746782677142
FUVDEH08,FUVFUZ,0.9999999605236124
FUVDEH08,FUVDEH04,0.999999875440674
FUVDEH08,FUVGAG02,0.9999996748192584
FUVDEH08,FUVDEH05,0.999968872765499
FUVDEH08,IFEPUG01,0.9999253760589404
JUKXIW,ICAWUF,0.9772714496966304
JUKXIW,OTOVAW,0.8424699381689014
XAVDEF,IDIWOH05,0.99999999960373
XAVDEF,IXODUV,0.9999997662356764
XAVDEF,IDIWOH,0.999999097682023
XAVDEF,XAVDIJ,0.999998207457602
KOGYOV,ODAHIK,0.954672849477839
VEXTUO,FEVDIV,0.8477933450462982
VEXTUO,KEVBUK01,0.8459938153810584
BUPVEP,XEZVOP,0.9994603900873226
BUPVEP,XOVPON,0.8991064770050671
IZIBUQ,YEYCUC,0.8380977172180255
MAGMOZ01,MACUFR04,0.9999652077559432
MAGMOZ01,ROLCEC06,0.9978838683885548
MAGVOG29,MAGVOG13,0.9999979048298908
MAGVOG29,MAGVOG33,0.9999959686032788
MAGVOG29,MAGVOG34,0.9999939844692434
JAVNIE,REFBAH,0.857831707974017
JAVNIE,RANLAV,0.8513886021540876
LESWAI,HUSJUC,0.8580877886847961
MACUFR04,MACUFR06,0.9999736007342436
MACUFR04,OCUQIO02,0.999936994371174
MACUFR04,YUKVOQ03,0.9999118103811332
MACUFR04,ROLCEC06,0.99838544768725
YUKVOQ03,MACUFR06,0.9998054351495862
KEPNAX01,KENVOR01,0.8787291743153391
KEPNAX01,KENSEE01,0.8787290028767553
KEPNAX01,KENVIL,0.8787175095202111
KEPNAX01,KENTEF05,0.8787155297656806
HAZPAB,NIMVUC,0.8614928938502516
AHAJUP,LUDRUZ,0.8827347161948913
AHAJUP,WIVGAK,0.8815500493750716
AHAJUP,UFEVEH,0.8543531657633521
AHAJUP,UFEVIL,0.8541784399210064
MAPHAP,HELNAQ,0.8848706993550133
MAPHAP,VUDQOB,0.882510448654263
MAPHAP,LAVTUZ,0.8462893819041879
MAPHAP,SADLIU,0.8462092514193175
MUQZII,TAQGEZ,0.8442727961112022
MUQZII,XEGREJ,0.8432901248021956
OBUMIK,BARMAL,0.8392116489010406
XILBAW,HIFHIP,0.8579272129563704
XILBAW,HAPZUW,0.8550014953645579
UNINIQ,UNINOW,0.9999993043585048
HOPVEP,NUVDEO,0.9999757845199316
HUFHUN,HUFJID,0.998212315167652
HUFHUN,GAMSOD,0.8795974857165142
IXACOZ02,IXACOZ01,0.9999733527262272
BEPPIY,HASNUN,0.9978612014789844
YEVKES,CUSYUM,0.9995346320160624
OCUQIO02,ROLCEC06,0.9976860730664228
XISXIG,XISXEC,0.9999997596694468
LIWYUM,HAFVOB,0.8618308604357223
CUGSON,CUGSUT,0.999386073534579
SENNIJ,MNMLTH,0.9965470873418376
HOJNOL,HOJNIF,0.9999987647007488
HOJNOL,HAZGOF11,0.9999974253345154
HOJNOL,CAVMUJ02,0.999049448635248
GAMPUG,IBITEU,0.8877762996678917
PINPAG,KEVBUK01,0.93808039151939
PINPAG,FEVDIV,0.9130686711923774
PINPAG,TEVVOI,0.8445746039042924
PINPAG,UFATEA,0.8388028183907407
FEVDIV,KEVBUK01,0.8846633707583751
FEVDIV,UFATEA,0.8773333591890529
QIMFUQ,QIWFIN01,0.9999962374088
EVUVOH,EVUVEX,0.9999968639936044
CAVMUJ02,HOJNIF,0.9990688372673772
CAVMUJ02,HAZGOF04,0.9989989132325424
CAVMUJ02,HAZGOF16,0.9988677082771302
SUHPIV,SUHMIS,0.9999993984289418
SUHPIV,SUHPUH,0.999999340481815
SUHPIV,BOBTOC,0.9998794161272426
QALGUH,GUSNEN01,0.9999987931292904
QALGUH,REZXEA,0.9984322792087108
QALGUH,REZXUQ,0.9470754815946398
UKAPUS,AMIXOK,0.8961955306839069
SAGZUW,SAHBEJ,0.9999961049074352
SAGZUW,HOGWAB,0.9940390106484642
MAGVOG08,MAGVOG35,0.9999999930627296
MAGVOG08,MAGVOG34,0.9999999298637712
MAGVOG08,MAGVOG33,0.9999994967848258
MAGVOG08,MAGVOG13,0.9999871090827628
WIVGAK,LUDRUZ,0.9994493789548886
YAVVUP,VOJSAP,0.8396135501731812
ECUFAM,IFOQAV,0.9969760402012648
ECUFAM,IBAPEJ,0.838484477060771
UMIZIB,NEBYOK,0.8691695325126474
XUNSEG,XUNRUV,0.9986596090634704
XUNSEG,XUNTEH01,0.9962747343275028
XUNSEG,JEGKAK,0.8409059481424856
NOQLOV,DECDUN,0.9998252897604296
INOBOD,YIQVOL,0.9447124024157876
VITZIJ,UQUTUX01,0.8593472276882265
VITZIJ,MAKGAJ,0.8410389778716985
XEQLEM01,KIFKAM,0.8847717323357167
DADVAG04,DADVAG01,0.9999950022776048
DADVAG04,DADVAG02,0.999999772902743
DADVAG04,DADVAG03,0.9999997695100562
VOKCIJ,VOKNEQ,0.9199668681235796
VOKCIJ,VOKNAM,0.9045780907738246
NIRPOW,YEYDUE,0.9999970060236631
NIRPOW,OTECAT,0.8633192717991155
NIRPOW,PEYSUJ,0.8540895386308994
JIYKIO,NEZQAN,0.8418520713466389
JIYKIO,AZAYEH,0.8399809731767233
EPUJIJ,ALALUU,0.9957247787384618
IKEJUF,CETFUD,0.9326241510985688
YEYDUE,PEYSUJ,0.8537658226685174
VAHWOS,VAHWOS01,0.999997668942957
VAHWOS,VAHWIM,0.9999880082759044
VAHWOS,MIVFUU,0.9252191587969568
VAHWOS,DANWAS,0.9198108401579664
VAHWOS,SAQFUM,0.8569601881999207
TEBSAW,RAMRUV,0.9991835204753268
NAOXAL,NAOXAL11,0.9998975251630492
YOYZUJ,WIWHOB,0.9979187081623844
QEHGOC01,QEHGOC,0.9999999690256992
TOVJIZ,NEHZAE,0.8476188808153813
CATDEH,YOVTOS,0.9642214616943812
CATDEH,SAZQEQ,0.9641769887730496
IBITEU,LINJEX,0.8155862829832213
KEDJAG02,KEDJAG01,0.9999983640553728
KEDJAG02,KEDJAG09,0.9999968355441888
KEDJAG02,KEDJAG29,0.9999905076280964
KEDJAG02,XULFOA,0.8642765860931372
GUPCUQ,PUWQAA,0.999836337072088
HELNAQ,REQDIB,0.9998787833949314
HELNAQ,VUDQOB,0.9986805397745442
HELNAQ,LAVTUZ,0.8692568234233005
HELNAQ,SADLIU,0.8691583558160219
FUVDEH04,FUVFUZ,0.9999999761907308
FUVDEH04,FUVGAG02,0.99999995269929
FUVDEH04,FUVDEH07,0.9999997534709196
FUVDEH04,IFEPUG01,0.9999313484931338
FUVDEH04,IFEPUG,0.9999263701886264
SETQIT,NEHZAE,0.9823047343439556
SETQIT,REZXOK,0.8840990640030921
KENVIL,KENTEF05,0.999999987698998
KENVIL,KENVOR01,0.9999996315184372
FUVDEH07,FUVFUZ,0.9999998828403712
FUVDEH07,IFEPUG01,0.9999228747392396
WULBEM,ZEFNIH01,0.8778747548538872
MAGVOG13,MAGVOG28,0.9999979134630856
MAGVOG13,MAGVOG33,0.9999913806548224
MAGVOG13,MAGVOG34,0.9999888445296908
XEHDUM,XEHDOG,0.99950440782652
JUXFAL,MITGUR,0.9196681638567274
OKIWEL,OKIYIR01,0.999999994354628
OKIWEL,SAHYAD03,0.9999960604018756
ELOQON,NOCLUN,0.8547022831589215
RIQVUJ,AFOJIO,0.873573969625322
RIQVUJ,VIFBIX,0.8706810205301442
VIFBIX,NATRAD,0.9985086091978964
VIFBIX,AFOJIO,0.992915856794597
MAGVOG33,MAGVOG34,0.9999998021296004
MAGVOG33,MAGVOG28,0.999995931264363
WUXZAS,WUXYIZ,0.970114783775516
IXODUV,IDIWOH06,0.9999998359611189
IXODUV,IDIWOH05,0.9999997831447762
IXODUV,XAVDIJ,0.999996718403386
IXODUV,JUMDEC,0.9999963106014532
IDIWOH06,IDIWOH,0.9999992460590376
IDIWOH06,XAVDIJ,0.9999979786505302
IDIWOH06,JUMDEC,0.9999976126645364
HAZGOF04,HOJNIF,0.999998730609106
HAZGOF04,HAZGOF16,0.9999908730000332
TEPJOP,YENKAG,0.9422064508966018
TEPJOP,RUWWOW,0.9397795661456386
TEPJOP,RUWXEN,0.9397415078947404
XOVPON,RAGCOS,0.9020140263359434
EQUCUO07,EQUCUO11,0.9999723710334608
IFIPIZ,SOKKUZ,0.9951992876751912
JUMDEC,XAVDIJ,0.9999999543852814
JUMDEC,IDIWOH,0.9999942641642778
VOKNEQ,VOKMUF,0.9607241697737066
EQUCUO02,EQUCUO01,0.9999999878570192
EQUCUO02,EQUCUO11,0.9999995645919124
DEKGOS,BOBTOC,0.8432014809741708
DEKPEP,DEKPAL,0.9985574554681084
VUKSUR,AMIXOK,0.9046912069234124
MAGVOG28,MAGVOG34,0.9999939388773064
MAGVOG28,MAGVOG35,0.9999930066905648
UNIRUF05,NIRCUO,0.9988846372250972
UXEDUX,ERFORD01,0.9981390446789123
MEGVUQ,SIBJAP,0.999674647880848
LEYLIN,SAQFUM,0.8529003286381295
DEKPAL,MESBAN,0.9990400686386088
RUWXEN,RUWWOW,0.999999857698247
RUWXEN,YENKAG,0.9744517827624232
ESANET,ERUVEU,0.999589215432894
VONBUX01,VONBUX,0.999547323800456
WAMJUS,FIXYET,0.990703834113072
IGOCOX,IGOCUD,0.9999521242951068
HIQXEM,CEDYER,0.8801290362999551
PEGBEK01,ZAWCIM,0.9999758861101542
HIXWIU01,REGLUM,0.999865998393404
FADDAS,FADKON01,0.999981653399424
BOLGUF,PUKTIZ,0.8477640718633268
HOGWAB,JELPAS,0.9911302884101
HOGWAB,COXHON,0.9863219795974636
COXHON,JELPAS,0.9994696338938364
TEHMOJ,OFUCEZ,0.9905377164913204
SAHYAD03,OKIYIR01,0.99999631528457
PEHWUW,MOFFOE,0.8552150896536527
BUKTEI,YENTUJ,0.9999797277330782
HEBKAC,UFAQEA,0.9961072078533671
VIDWIQ,HAFVUH,0.8650701134650574
VIDWIQ,WAMRIN02,0.8425942649906766
FUVGAG02,IFEPUG01,0.999934901703352
FUVGAG02,IFEPUG,0.9999300516506864
UZOBER,ETUFOQ,0.8619799040893961
JEBDOK,DECDUN,0.9977290579578124
SARMII,MEGPOF,0.990055656182616
SARMII,FOBJUD,0.9897078689721134
SARMII,RUSXAG,0.8510465569911875
SARMII,UZIZUA,0.8508970793453462
ELILIV,IJASES,0.8571392562303709
IJASES,DARFOT,0.8958229028769863
IJASES,AFUPEX,0.8743341575229797
VUQKOI,VUQKUO,0.8502454261208472
SAZQEQ,QANSEE,0.9999799906335204
OGALAK,OGALAK01,0.9999972265160004
PINGIF,QOWLOE,0.99998172573793
PINGIF,PINGEB,0.9999999996328252
PINGIF,PINFOK01,0.9999993655323898
PINGIF,PINGOL,0.999969645695511
DUGDOA01,EWASIG,0.8642288019589931
HAZGOF11,HOJNIF,0.9999929276361156
BEPMIU,BEPPAP,0.9999998934793156
BEPMIU,UFARAX,0.8993843082584971
NOCLUN,DAYCIQ,0.8573354516975656
XICYIT,XICNOO01,0.998027636526872
XICYIT,SEMMIJ,0.9998993944645472
LASBIS,AZUCED,0.8411196976877007
IDIWOH05,IDIWOH,0.99999913311012
WEMFAX,FADCIZ03,0.8410009960424035
FADCIZ03,FADKAZ,0.999999879854031
GUXLIU,CISMAT01,0.9096015359687568
JEXLIK,SEKXUE,0.8439804616099847
JEXLIK,AVOGAT,0.8395470256815132
CUGYOU,MAXHUP,0.999880552586679
QEJZUB,LETDIY,0.9991962086695436
QEJZUB,KELJIV,0.9991517131945646
QEJZUB,MUPQEU,0.9888040891164792
VIHHUR,VEZVUT,0.8863432853774803
MAWVAK,MAWTUC,0.9999974870596992
MAWVAK,BEPPAP,0.9999689887832685
MAWVAK,BEPNUH,0.9999666364422604
MAWVAK,UFARAX,0.8998055580758575
MAWVAK,UFAREB,0.8997686532096993
WIGQAH,WOYWEO,0.9578371300899716
RUWWOW,YENKAG,0.974497935531146
URUWIP,URUWEL,0.9996391192751592
TAZZUS,DETGIT,0.8229031080015399
ROFREL,UDICAN,0.945131261601579
PIRMOU01,PIRMOU,0.9997598544212352
REZXUQ,GUSNEN01,0.9470993160124248
REZXUQ,REZXEA,0.9464375788974084
FIXYIX,KIJVUX,0.9986334668559502
NATRAD,AFOJIO,0.9979046365127714
NATRAD,GEVXAI,0.9952980093886272
SEQXET,PELVUZ,0.8623970039628014
KEYFUR,LUMQOB,0.8760022340595032
UFEVIL,UFEVEH,0.9986714262939478
SAQFUM,VAHWOS01,0.856956602283699
SAQFUM,VAHWIM,0.8569519822271849
VAHWIM,VAHWOS01,0.9999954762045208
VAHWIM,MIVFUU,0.925285498033051
BAYQAU03,BAYQAU04,0.9999931862877456
MUPQEU,KELJIV,0.9819103668303872
NEHZAE,REZXOK,0.8746363170612609
AQMAND,MISQAH,0.8327272171617826
CAVQOH,NUXMEY01,0.8066913976831607
PUDSIR01,RIRHOS,0.8817859277412842
VUDQOB,SADLIU,0.862357347872025
VIDXOX,QETSOY,0.9999817882781876
OQIJUU,OQIJOO,0.9999669763113704
FEZTIP01,INOMIJ,0.9974989199040608
TEVVOI,UFATEA,0.923310088271459
EHISUJ,EYUGUB,0.9349327213659876
IYOVIC,HAWVIM,0.9984026107897784
AFUFAL,ZEDZAL,0.9470611719405346
SEQWOC,FOFDAH,0.9138441828800752
SEQWOC,JIYTAP,0.9039571830225857
DAMYIC,DAMYIC01,0.999999893620991
VASFUT,DUBFEM,0.9999983476757665
CUCITD02,CUCITD03,0.999974358954115
NUXMEY01,VONBUX,0.8946645598175117
XEJVEP,XEJVOZ,0.9928860923901928
NEXXIZ,MAQDUD,0.8844360850542946
JIYTAP,AFOVEX,0.9040600915345792
LIVWUK01,LIVWUK04,0.999999998613286
RIBRAY,LEWFOJ,0.881145685200927
MOFTUY,QQQDHD02,0.9448903433668978
LIVWUK02,LIVWUK04,0.999999647020712
AFOJIO,GEVXAI,0.9994581759410824
PADROD,PADROD01,0.9999657034509016
DUWGEJ,AGONEQ,0.8725391989915536
MAWTUC,BEPPAP,0.999984123155321
MAWTUC,BEPNUH,0.9999824278117186
MAWTUC,UFARAX,0.8996988570461913
MAWTUC,UFAREB,0.8996600213407827
UFARAX,UFAREB,0.9999970613325152
UFARAX,BEPPAP,0.8994094629059173
UFARAX,BEPNUH,0.8993935263564594
CUXLEO,KINNOM,0.9988633783850146
NIYJEM,NIYJAI,0.8735377758509957
HUFJEZ,HUFHIB,0.999994388196966
HUFJEZ,BUXTUL,0.9998955034981288
HUFJEZ,HUFJID,0.9972264121666377
HUFJEZ,GAMSOD,0.8793736079095447
JETZAK,KIFKAM,0.9430552540136776
JETZAK,MUDLON,0.9225769967893104
JETZAK,UMARIL,0.8814819699809151
HUKZES,BAQXOG,0.9963717330890388
JOFKIA,MELHOB,0.8362592849978352
SUHHOT,WEMRIS,0.9936818435919073
KEDJAG01,XULFOA,0.8643480988097086
DAHNUW,YEBKOG,0.9999040985608996
HUBHAO,HUWWEC,0.9989529789911956
DEXXAF,CIFGUT,0.9998978963563516
BEXRAY,KURHIQ,0.9886886191276728
BEXRAY,JAKBOP01,0.999800648897076
BEXRAY,DANZEX,0.9992774099968432
DANZEX,JAKBUV,0.9995513226564592
DANZEX,JAKBOP01,0.9983203099143956
XOVBIV01,XOVBIV,0.8978979284169162
SUHMIS,SUHPUH,0.9999999755411234
SUHMIS,BOBTOC,0.9998702514307728
SUHMIS,OGULUY,0.9899410269306734
IDOJUJ,TADWEC,0.8907802418551125
PEFRID,HIPMAW,0.9977098608299056
RASXIT,WEMCIC,0.9995392032732244
JABYUH,JABYUH01,0.9998536905513052
YAQDIF,SUXWIT,0.8633171282988277
REGLUM,HIXWIU,0.999919628156299
MAGCEE01,MAGCEE,0.9999903002090758
LOJQUY,KEFFEI,0.9999652352068606
AGONEQ,QOZPEC,0.838016150431227
QIBTAW,AXIMUP,0.8444462792615774
XILXOH,YOLXAA,0.97361140012912
FASGAK,DIBJIJ,0.999637259531653
NEZQAN,MAQDUD,0.9318060336438324
GANBED05,BEXRIG,0.9999785231920232
XEDLUN01,MAPFIS,0.9154119562100698
NUDLOP,JEGJUD,0.8868212773327606
VAHWOS01,MIVFUU,0.92522123567019
VAHWOS01,DANWAS,0.9197877550318124
HUFJID,BUXTUL,0.9980350317031512
HUFJID,GAMSOD,0.8782776182737541
MAGVOG35,MAGVOG34,0.99999996667438
OGULUY,SUHPUH,0.9899356528575204
OTARUX,VIRJEL,0.8044412436557754
KIZBEC01,KIYZID,0.9999754742857944
KIZBEC01,ZEFNIH01,0.907512078878326
NAOXAL06,NAOXAL09,0.9976488933483562
IYOVUO,HAWVIM,0.9999103872845878
KENTEF05,KENTEF04,0.9999999848783044
KENTEF05,KENVOR01,0.9999994850354248
KENTEF05,KENSEE01,0.911764103244141
RAVXOD,RAVWAO,0.9008794943816752
LORFED02,LORFED01,0.9999999999151432
DAPZAW,AVIVUW,0.8400450925882087
HAWZEK01,XELHUS,0.9972783794510124
SOGSAJ01,SOGSAJ,0.999914400926351
NABMUA01,AVIPOL,0.9827182003992072
KENSEE01,KENTEF04,0.91176427904541
ISEGIY,HOLVAF,0.999524273180618
WEMFUR,OHUKIM,0.8239005453400448
NUCYIV,HISTOU,0.8543277861911733
NUCYIV,WENLAE,0.8528034105470312
MEGPOF,RUSXAG,0.8636240253780476
MEGPOF,UZIZUA,0.8636056472156558
ROGRAH,ROGRUB,0.9981888176929188
ROGRAH,QUMXUS,0.843986282576267
XEGQOQ,OXIKUD,0.806017247273036
AVERUP,LIHSAX,0.9980533865291354
KIRFIA,KEDJAG29,0.9999998813968968
SEHSOO,IDINER,0.8399070808903351
IBAPEJ,IFOQAV,0.8424100883066361
IBAPEJ,DANVAQ,0.8407409039336258
QOVXEG01,VEJZEQ,0.999843338571165
YOMNUL09,YOMNUL02,0.999995985921356
FUVDEH05,FUVFUZ,0.9999666361228188
FUVDEH05,IFEPUG,0.9997904079687336
QITMOW,CECVOW,0.8386585053463969
IJUKIJ,PEHLAS,0.8383566615043236
DUZNOD,WAPZAQ,0.950562359262798
FIBHOQ,RUMRUO,0.9958515389721428
TACPET,TACPIX,0.9999999763341548
KIYZID01,KIYZID03,0.9999989399536052
KIYZID01,KIYZID,0.999998653827304
QISFUV,XIMSAP,0.8124992296359462
HAJVAS01,RUGJOU,0.9995652456920592
KEKRIE,OSAVUA,0.8497364687396419
BOBTOC,SUHPUH,0.9998670149124268
FAXGAN,PIKBUH,0.9958635239790128
HAZGOF16,HOJNIF,0.9999854192433374
RUPTED,RANZAH,0.998914265716275
LIBNIU01,LIBNIU,0.9999650161272686
EJOPEZ,KABSAJ,0.9999814728300284
WOQJES04,WOQJIW04,0.9675541995093196
DAXDUE,WISCOS,0.8194346585042328
DADVAG08,DADVAG03,0.999995741099708
DADVAG08,DADVAG05,0.999992076664372
DADVAG08,DADVAG02,0.9999908792412568
DEHHEG,BIFSUF,0.9997711536133688
BEPPAP,BEPNUH,0.999999957003724
BEPPAP,UFAREB,0.8993652472519675
FOBJUD,RUSXAG,0.8636634402681147
NOFDUI,YIGJEG,0.9999237770574176
GEVKID,XOVYUD,0.8145135633985111
XOVYUD,WUHMAP,0.8738922363827824
TELMII,TELMII01,1.0
POGDAS,NEGXIJ,0.9999456058375004
OKIPEE,XISTIE,0.856104582435258
TOJVUJ,VADQAS,0.9499396124331316
ATEYUV,IDINER,0.9888362876766088
PEJDUF,PEJFAN,0.9970188251488912
SICDAL,HUGLUS,0.860812782725962
SICDAL,MEGQAT,0.9999833788741213
SICDAL,LOQLIN,0.999838370294672
BARKOV,AYIVIO,0.8084037729392483
GUSNEN01,IZEPEJ,0.9829207619924556
CUSYUM,BALLOP,0.9974382491842516
VELVIS,RIPPEN,0.9999960271724612
RAKPEZ,RAKPAV,0.9982921337864682
LAVYOX,LAVYOX01,0.9998791058812582
CDCACD,CDCACD01,0.9999202261729256
NAOXAL11,NAOXAL09,0.9999837500268066
BUSXAP,YOYRAH,0.8211392338556495
USUBUG,RUMRUO,0.9999876247255428
RAFRUL,RIYXIG,0.9962597741590068
UCEXOQ,QIKZIW,0.8965039499672135
AWEZEI,AVULAF,0.9976118769038048
XETPOC,RANZAI,0.9999829579914096
BAYQAU08,BAYQAU04,0.9997579200534852
EQOBUH,NAFGOR,0.9999662917978224
JOFDOZ01,UTEXUN,0.9961591330490548
JAKBOP01,JAKBUV,0.9996069146019194
XOBDUO,AVIVUW,0.842059954748294
RIYXIG,CIFGUT,0.9951887896356748
HAWBUE,RUYGID,0.870821276855948
DADVAG05,DADVAG02,0.9999999574654764
HAFVUH,WAMRIN02,0.8748986865362383
AMBZAG10,UGUKEN,0.8054818064120699
ILIMOH,ILIMUN,0.999467796203214
PAZDOM,OFAWAV,0.8401125238749394
QALNEW,ODAJIO,0.997636805865787
CAHMON02,CAHMON01,0.999997825131441
ZAYMAP,FOPWEO,0.852986390700692
CAYDIR,CAYDOX06,0.9999999993793706
XOTGUI,YEBKOG,0.9963894930699128
PEGREA,ATIJUJ,0.9983298331543428
MACKAE,DECVIT,0.9999964584749144
MOLTEN,MODWUX01,0.8814151851401644
DAPHAD01,CECKIH,0.9993985737413298
DAPHAD01,XIYYEL,0.9936712237740728
CAKFEB,CAKFEB01,0.9999751495729712
YOVTOS,QANSEE,0.9999994457489112
JARMEU10,JARMEU,1.0
JIHROH,JIHROH01,0.9999999997625304
YUJNIB,YUJNOH,0.9985668159103044
MEGNUJ,NATREH02,0.8149185421554623
EBIBOJ,COMFIU,0.9981825685787108
NERCIY,DANVAQ,0.9986825287321685
PUTYAE,XAYNAM,0.8506252708606408
MAKROG,HAWVOQ02,0.9976528946324272
YUDYAX,AMUCOB,0.997504656103642
AMUCOB,PARHEW,0.954316877025026
HAWVOQ02,KEQMAX03,0.9987141887500376
OCUTAI,OCUPUY,0.9398873317190748
OWIGOR,NAFGOR,0.9998100487391044
OWIGOR,AFIXAO,0.9987418252700592
MIQSAJ,APEBED,0.9996112375835208
MIQSAJ,XANLOP,0.9993991667597258
XUNTEH01,XUNRUV,0.9994005447522109
EMEYOK02,IRISAD,0.9996427386831356
EMEYOK02,PEQTOV,0.9999362934317304
RABWAS,NOHFEX01,0.9244991657606044
RABWAS,TEKYOX01,0.8462142220343128
XOPKOD,FUXCOS,0.98437013458072
XISGEN,XAMDOF,0.8681807169977789
XISGEN,VIRXIF,0.8452200367999128
HAWWAF,RATSAI,0.9981173721131642
GOJFAN,GOJDUF,0.9998204077861508
HAWVEI,IYOVOI,0.9998315060910776
FIJFAG,PUWCUF,0.9990736418806268
GAKSOB,VOZHEX,0.8186881484589182
BAQXOG,BAQXOG01,0.9999940021946054
XOJLAK,WEBVAC,0.9048644482888752
LIVTEP,SUFROA,0.9998330110034552
LIVTEP,TIZVIH,0.8499841232147979
IHOTEG,OQUSEA,0.9991567740982756
BAHOXH13,BALMUW,0.9992612778578588
XESKIR,XESKOX,0.9999698444960806
EBUTEC,EBUTEC01,0.9999923490277368
NIBSAU,VIBYEM,0.8509949982536699
QQQDHD01,QQQDHD02,0.9997896615451494
GIPCIU,XEJJEC,0.899997154214615
HISGAT,ZEFNIH01,0.8887006155330796
KOTBUS,KOTBOM,0.9999992368476
XUNRUV,MAQDUD01,0.8849483094777923
DUVVOH02,NEXRAM,0.999994478807398
QOCKEZ,FOBXUQ,0.8586130211885435
MAYPIM,HORHAX,0.8074523096881514
VINMOX,NOTRUL,0.999836740044884
VINMOX,RORLIV,0.9999876004576572
IFEPUG,IFEPUG01,0.9999999128674046
IFEPUG,FUVFUZ,0.9999236995865936
JEHTOG,VUNBOW,0.9866158780590328
PAGFAH,COMFIU,0.9999813814101256
TONMEQ,DEDTEN,0.8461326049133231
DANVAQ,IFOQAV,0.9988714498873336
FIJBUV01,XOTWIO,0.9982956886881345
LONVER,LONVIV,0.9991308948006123
LAWSEJ,XUMVOS,0.9901191459768088
XATNIP01,OFUWIV01,0.9010444392365968
DURGAY01,VITLOZ,0.8978985295301638
XUHJEQ,XUHJEQ01,0.999999216590634
LONJOP,PITYUN01,0.8213411704453261
DEHYEV,XAJZAK,0.9999944482651064
DEHYEV,VAGJAP,0.8445115524946888
HACPOR,HACPOR01,0.9998736015375456
YOYNUX,YOYPAF,0.99998147238024
HISTOU,WENLAE,0.9629880124549812
AVESAW,LIHSAX,0.9995600344175112
HOXGOR,HOXGUX,0.999994764148583
REGXOS,UZAROE,0.9999998990719016
YUDMIU,UZUNOT,0.8066344845745532
YEKREO,MAPXEH,0.8288804411979858
GUXQEV,VIHHEA,0.9960080493618132
QOVDAH,QOVDEL,0.9999981462474732
ENIZEH,XANBOE,0.8959140406911102
HEPLIA,HEPLUM,0.9999541323810112
IWOSET,IWOSAP,0.9987457257361926
BALMUW01,BALMUW,0.9997349326576476
YEYVII,JORQOY,0.997777646302911
PESSUD01,PESSUD02,0.9999810386872872
NAHQUK,HOPMOQ,0.8575189910894292
THOXLB03,VOHSAM,0.9989546207850676
QQQDHD02,HISFUM,0.8885259579250373
EGEBEY,CDLGLU12,0.823581808317457
KEFFEI,FIGXEY,0.9998310660422912
POBGOE02,POBGAQ01,0.9999997714641582
ETEBOV,QEPNOR,0.884537078732542
KIFKAM,MUDLON,0.873851939541863
LACYOE,LACYUK,0.9997150460173316
PINGEB,PINFOK01,0.9999993953991348
TEDMEX,TEDLUM,0.856213732895925
RUGJUA,HAJVUM02,0.9996229160464768
TOHRUF01,TOHRUF,0.9999997468247596
MEYFOL,QUQSIG,0.9990840937141136
PUWVOT,PUWVEJ,0.9999996699660196
BAXFIR01,BAXFIR02,0.999999095464464
RIFQIG,RIFQIG01,0.9999922433726786
DUZWOM,QOTWON,0.998919115196926
BUKTOS,YENTUJ,0.9999766571391484
YUHMIZ,YUHMUL,0.9998421898589496
RAPXEN,MOXGAI,0.9173528750965808
LINRUY,FUQRIU,0.9912206054581368
JEXPEI,VUZVER,0.9081374955465648
BOHZAA,DAHWAM,0.8440983175666344
TIPRIT01,RISXAU,0.99960033320959
MINVUA01,MINVUA,0.9999999469721744
OQIQUB,OQIRAI,0.9132939360563904
ZEFNIH01,KIYZID,0.9077244102530092
ZEFNIH01,KIYZID03,0.9077011474676148
KIYZID03,KIYZID,0.9999979649899742
ECUDAI,ULAZAJ,0.9120515488032672
ECUDAI,YUWKEH,0.8999551099063775
ECUDAI,YUWKEH01,0.8999238651968215
ECUDAI,PAPKUP,0.8647274997978305
YUWKEH,YUWKEH01,0.999993732181954
YUWKEH,PAPKUP,0.9562409978393768
YUWKEH,ULAZAJ,0.8829369982134129
QUMFUB,LARNIE,0.9966593087102532
QOTFAH,IDAXIW01,0.9999734658576034
OHEMIX,RUXXAJ01,0.8411152643799717
GMETCU,LEBBOM,0.8079421751445923
KEYZOF,KEYZEV,0.9999991530091944
SEKXUE,UMAROR,0.8774695135410829
CITWOS,CITWUY,0.8666405637560146
KEQLOK,BEXQIF,0.9999854271311256
IDAJAZ,ECUGIU,0.999859145190451
LICDOX02,LICDOX01,0.9999913187773776
WONQUN,LIRTUC,0.8413830089781695
COCMOY,WOLREV,0.9119828697020296
WOLREV,MIVFOO,0.8802131845343587
KINNOM,KINNIG,0.9994739464670744
DUWFEI,IFACIB,0.8166750866404872
UGUGUZ,HORCOH,0.8460362917289658
OBIXEE,OBIVAY,0.8395210283934414
YUMVOT,XUKJEU,0.9999734939492816
KEKMOF,KEKLEU,0.9979015141713724
DINQUM,DINTID,0.9999883167678628
HASNIB,GANGEJ02,0.8146941643483208
WEMBUN,OJONOQ,0.9998171698990044
FAPYEA21,FAPYEA04,0.9999993656428512
WADDEN,ZAFWUB,0.9976082450972972
EDIKIL,DIVNAY,0.9999032397050516
YABPEY,PUZJOL,0.9989538696913866
WILGOO,WILGEE,0.9938333465668938
XUDYAX,XUDYEB,0.9999980116626244
DAFYAN,DAFYOB,0.9999693007214469
HIFMEP,WUYQOY,0.9948456532573592
YAVSOG,VOJRIW,0.8396227405344029
GUSPUG,GUPBEZ02,0.9933557814794216
VICDOC,QUPZIM,0.999899288477784
PAPKUP,YUWKEH01,0.9562742582735616
PAPKUP,ULAZAJ,0.8499256514591925
UQOWUU,KEYZIZ,0.9996379628051588
HOWPEQ,HOWPOA,0.999171039808343
BALFAV04,BALFAV01,0.9970659410678928
DEDTEN,HOWROC,0.8939943166285824
MUTDEM,JOBKUI,0.8193292963653478
UKAZAJ,COVRUC,0.855590782156973
IVOCIH,CETKOE,0.9994112230299946
HAWVUY,CIGFAB,0.9962238862507342
IMZYCO,OKEPUR,0.9986504898455256
FALDEC,FALDOM,0.8621252047151318
UVELUD,UVELIR01,0.9972231109243036
EMAFAA,EMAFII,0.9996844549024384
VITLOZ02,VITLOZ,0.999907864955797
VITLOZ02,VITLOZ01,0.999851373648602
GAYFUJ,HOZWOK,0.8278673187510259
TUFSEU,TUFSIY,0.9999902323705612
VINMUD01,YARZEZ01,0.9998507629067666
FAKLOU,SISWUO,0.9996934337107964
AWAREV,YUZCAZ,0.8036412033179078
JIWXOF,VIKVIX,0.9216308575967498
QATPUX01,QQQAWM02,0.9770118651897974
RORRIB,BEKNEN,0.8746318784261946
ZAGHAT,DUJQUW,0.8078254738042822
LORGAA05,LORGAA04,0.9999998438334486
LAJDUV03,JACJON,0.9843779163681944
ULAQAB,BICPIP,0.8382496809673632
TEYMAO,MUWQEB,0.997722593007648
MEKVAA,MICDIL,0.9983481657493468
YESYED,YESXUS,0.9999786054674216
EMIFOW,IDIMIU,0.9999222487454388
KETSEI,ETUSUI,0.8998028473989533
UXUWUH,UXUWOB,0.950678248942236
FANCIJ,VUGYIH,0.9997232674940084
COBWEV,ACMPCD,0.9044072872420656
AVAXIF,SUDNIQ,0.8568843713845656
NIKVAH,BOHXED,0.9994664142642076
POSBAC,MOGNAY,0.8460429617475267
CEDYER01,CEDYER,0.9999875418231962
CEDYER01,UPIZOJ,0.9759938029337112
CIGNEM,CIGNAI,0.9989715120319348
IMISON,IMISED,0.9890230872584154
HEJRIA,HEJQIZ,0.9999999658965592
KIZCOO,RENHAW,0.8124675179246154
BAZJET,MIVFOO,0.8948867917053556
YARXEX,BEPMOB,0.8045536219632601
MAFBOM,MAFBUS,0.9999977423221644
PULTAT,DORFIA,0.9975258433496016
KOTBIG,KOSFOP,0.9999941590334644
EGAFOJ,EGAGIE,0.9999107103621072
SOWXEJ,SOWXAF,0.978681063808484
GARZIL,BALZEW,0.999540971256372
RAMSUT01,VUQHOF,0.996214211910735
MARMIE,MARLUP,0.9957378986380174
TAVSER,TAVDEC,0.9894894062308895
MAXHOJ01,MAXHOJ02,0.999999999106929
ISITUZ01,RORLIV,0.9981420712921856
FEQRIE,FEQQUP,0.9996446949014112
QACCOO,PONRUH,0.986583725956476
IBOWIH,FEQREA,0.8080225139090819
EWOBEZ,FEVFUJ,0.9999850653842456
UDISUX,KULRIT,0.8298385937453376
SEJSUW,FAYXAF,0.9977715764740228
NUVDOY,GIFFAE,0.999966013647134
CAXVUU,CAXWEF,0.9999992990060564
DODLUE,BOPWIO,0.8359272373277067
BUSMUZ,GUWDUY,0.99969544270848
CUGYEK,SOTMUK01,0.9961780281356672
BIQNUN,NACKUZ,0.8697943900442656
DIPGAK,LIFKOC,0.8434111563411965
XUMVAE,PUFWIX,0.8433030446174798
GURYOI,GAFXIV,0.999354025681001
ENAMIR,HIZFIH,0.9999804224213183
SOGWIV,PIGXAF,0.9973288430136068
VEQBID,FAYXEJ02,0.8227141734287685
XUKKET01,XUKKET,0.9999999839771692
PEBGIP,RIQFAB,0.8849783301178243
TEYREW,TEYREW01,0.999994573321566
HURQUG,CODQOD,0.8061257951392425
ATIJUJ,YEMLUY,0.8094628749677121
AZILEA,GAJZAU,0.9980874218783788
HEJREW,HEJQEV,0.9999999618387392
KEHWEC,KEHWAY,0.9998900919352166
YEPLAG,YEPLAG02,0.9997745551015068
XIVLOE,XIVLUK,0.9999948214671964
RUZCIA,YAZVAZ,0.9988319309697248
QIMFEA,TAGTIH,0.996085740652652
XORDAJ01,XORDAJ,0.9999359433428894
RIFPEB,TOJDAY,0.8076915140516683
CAXTEC,XOCROY,0.8686444660739338
AQOLUP,AQOMEA01,0.9311510241194464
FAKLUA,TONVAV,0.9990788558452012
MIHLOF,FASFUD,0.8179468804363941
FADKON01,EBIBAV,0.8440787485004468
RUPRUQ,TUHSOG,0.8058747756569602
FAVKAP,ABUFUA,0.8171449995284192
WITMOD,OWISOD,0.904066262367072
PUNSIB,PUNSUN,0.99933440287606
LELMIA,OPIFUQ,0.8255242026511556
JAHVUJ,HAKYOH,0.9999432486043968
YUWKIL,ECUDEM,0.8997958145150841
XOWSUY,XOWTAF,0.9996225727929308
WEQMIP,WEQMEL,0.9996543038252586
QUCPEK,CUYDEG,0.8088166411013984
BINSOJ,BINSAV,0.9980175823692266
LIFWUT,JAMLEP,0.9987825073654852
KEFWAV,KEFWEZ,0.9999756396267708
DITPON,JOJJAU01,0.8159839865496519
QOPCII,QOPCEE,0.999985883343939
FUWXOL,QEWYID,0.9991555388874992
CIPMUL,WOBBOG,0.9994353201104405
COXHED,CECKON,0.99685540647454
ROYRII,ROYTIK,0.9895928438975068
QOGREK,QAMJEU,0.9403116235897784
WEMJII,GUKYUI,0.9151780312260054
RUGJIO,QEMMOL,0.9999943208921488
NAHQAQ,NAHQEU,0.9998813198787456
YIQBEF,YIQBEF01,0.999977328535415
QUNMUI,QUNMOC,0.99958178329916
KEHFUA,KEHGIP,0.925421404705118
CUTCYM01,CUTCYM02,0.99999411990786
DITJAU,DITSAD,0.8739106030884856
CUPMAC,HONBES,0.9999996144666028
DAXKIY,DAXKOE,0.9999801441970178
SALXIP,FIXVEQ,0.999534541197589
QIYCAE,DIVGIA,0.9964872215464446
NUYNEC,NUYNAY,0.9999130393954112
FOVPEN,FOVPAJ,0.9970047369468734
MEWNEH,KINDOC,0.8693644030087807
CUMDOE,GAJZEY,0.8746967879092962
XIFHIF,SADBOQ,0.8645496547349137
HOYCEF,OKINIG,0.8499418257596603
JADLOP01,JADLOP02,0.9999999646906176
CUYXOK,HUMWIX,0.9109565358425092
YIVPOJ,YIDJAX,0.9982834645310756
MUYKOH,VARWUI,0.8199212135133718
KOMJAY,DIKBAB01,0.995986148093046
EBEXIU,EBEXIU01,0.9999993503906612
RIQDON,TUTZUD,0.8848792060887017
EBUKOD,EBUJUI,0.9997457355484908
GAMKUD,NIPHAY,0.996720264444102
YINRIZ,MAXFOI,0.9506796179484092
LAQKAP,LAQJUI,0.9995511252939342
ZAWHIQ,VAQLIK,0.932993120259757
AGOXAL03,AGOXAL04,0.99999563607128
PIBZUY,PICBAH,0.9999621885265476
FAKLIO,FAKMAH,0.9899587827140311
XAHZEM,XAHZEM01,0.9999776145425324
ILAMAK,WUWVEQ,0.808110087690594
FAFMAA,BAQMUC,0.9999865064958388
WIRNAO,WIRMUH,0.996795455768189
PAXSEM01,PAXSEM,0.999990327988376
TEKDUI01,TEKDUI,0.9999773409233222
ICUHIA,ICUDOC,0.9926258075215736
FAFMEE,HULCEW,0.9999916002530592
WIHSUD,HAJTEU,0.9996476418484728
LUSQOH,FIWJIG,0.9984254102888532
BIMDEF,BIMDIL,0.9999955117978206
ZATPOC,ZATPIW,0.9991303744188914
XOGGOR01,XOGGOR,0.9999990383589474
NEFJOA,AGUWEG01,0.811001096562126
ILUFEB,KEHGAH,0.8508993340867427
BONLIZ,UHOKOR,0.9999899047823688
HUMPIP,FAQFEK,0.9999968008158754
KOTDII,KOSFUV,0.999995514509324
REKXAI,REKWUB,0.9950719202622322
SEZCOS,SEZCIM,0.9999272494332696
JUQVAU,JUQTOG,0.999999110094372
TEBDEM,TEBDAI,0.9999999243607112
MINKOL,MINKUR,0.9998583183760664
XEDPIH,YAVMIT,0.9978682639374798
EXUHUC,VIBYIQ,0.8906723263816738
FIKQIB,FIKQOH,0.9955387112531352
NAVYOA,WUYSUG,0.8651119358069366
MIVCAW,MIVCEA,0.9970717724702186
SIWGUB,UVIPIZ,0.8725551841577068
KUZHAQ,KUZHEU,0.999797004594583
KATLEX,KAPHAL,0.9998126076174412
AGULAQ,QUVCAM,0.9999920936369098
DIXKUR,DIXKUR01,0.9998783298756428
CAXWUV,CAKWUI,0.862185493351908
UHAXOS,EGOYEF,0.8060996760604933
CAKFIF,DODLOY,0.8366420508199606
IVIPEK,HUFLIF,0.999208319663166
OQIQIQ,CIYZIU,0.9974567640239924
AVUPOX,AVUPIR,0.9877420308147687
CAFJIF,KOTRIW,0.9992825975426288
HAHPIQ,NUHFAY,0.9943665606810862
MAXGOJ,GUTPES,0.8695904109944548
QESYUJ,QESYOD,0.994624529791799
OJARAU,OJARAU01,0.9998095617166054
TEQPEM,NIBPUM,0.802764957866502
GIDKOU,MULQOA,0.9949220315451144
DONKUO,ZASTUK,0.8061406845072294
BEDHOJ,PARMIG,0.9999999254220489
COWMUX,UDITAE,0.8209577332848281
HACVAI,NAHNLA10,0.921923548841892
IGIZEF,IGIZOP,0.8075264070826316
SCFORM10,SCFORM01,0.999944694957502
RABVOF03,RABVOF,0.99940504161029
QAGQEW,AYOREN,0.8243221041986182
TOLPEQ,WIKDEB,0.834071860657307
SIGNEC,WEBKEW,0.8414762862513135
MUDTIP,MUDTOV,0.9999396833206828
AFOYEB,ACOVEU,0.9066490831524328
ADINCU,MEQMON,0.8052051671625591
ASEMUG,ASEMUG01,0.999999630867392
EPOXAJ,LECHUX,0.996811583732199
VATXEU,VEDRAY,0.9957244965749557
KEGYAX,KEGYEB,0.9994924455134896
VESBEC01,VESBEC,0.999138054351136
JECFOP,JECGUW,0.9989876080485172
SOKWAS,SOKWAS01,0.998504148817629
VESBOM01,VESBOM,0.9987501653887116
RUGKAH,RUGJEK,0.9998409070933336
PASMUT,VUNYUZ,0.84359020688745
SADZUV,SAFBAF,0.8914112161722733
DALXEW,IRUWUP,0.9992452255532528
CAJTOX,CAJTUD,0.9984037393056472
ZAXQOG,ZAXQUM,0.9999999273354676
INEBOT,INEBOT01,0.9999826844918762
YINRAR,MAXGEZ,0.9494419399800912
CAVSOJ,CAVTAW,0.99993620215015
VUKPUN,TATBUO,0.9996746654261982
GIRHAR,EKAZIA,0.8880094362860141
MARLID,MARLOJ,0.9970077354095565
AJIFIJ,KOGHEU,0.8444190442942142
COWMEH,UDISAD,0.8229391175566316
GIJMOB01,GIJMOB,0.9999570926869472
SIVTAU,SIVSOH,0.999573432684276
MAXFUO,YINROF,0.9506170459253876
WEMDAV,SIYGIT,0.8091695562018812
UFOBEZ01,UFOBAV,0.9999944502419308
KOMGEZ,KOMGID,0.9991797032322692
HEFSUJ,KELFUF,0.9994385103363822
XOVQUU01,XOVQUU,0.9999090737134132
CODQUJ,XAGQUT,0.908344359344246
WOBCAT,XAFXOT,0.9916282015556902
WIHTAK,GAFORM11,0.999975680750104
VESCED01,VESCED,0.9999885811618596
AWIBAL,AWIBEP,0.991646053110889
COMHUI,JOFKIA01,0.8055331293473332
CAPQIU,MUNNEP,0.9997953597864312
HOZQOD01,HOZQOD,0.9999883830578395
WUWRAI,WUWQUB,0.999994892637109
WIHQEM,YUGZEG,0.9999999437073536
HIFZUS,HIFZEC,0.9998582312618354
DARDAD,ATEZIK,0.8505284289411496
GUPBOJ01,GUPCOK,0.815283525702241
VUZTIT01,VUZTIT,0.99985832969637
LOWREW,SOWYEK01,0.99999344446727
WIFGUP,WIFGOJ,0.984139220217503
PORZUT,MUFYAP,0.8256320443778025
ECUCAH,ECUCAH02,0.9999998432423388
NADKEK,NADKIO,0.9995519714592332
PEMGEV,PEMGAR,0.9999729683497764
OLURUI01,TEFWIL,0.8007446507232436
EBEZAO,NARTUX,0.8175123449956123
CIGVEW,CIGVAS,0.9989416189693634
QIQVOE,SOPROF,0.9989739383617708
UFIKAX01,UFIKAX,0.9999635150466876
GIFFEI,NUVDUE,0.9999999012185498
NEHZIK,BOQWEK,0.9999663362587284
KUHRAI,RAYJOT,0.8576610480999289
PESTAK01,KOSGAC,0.9999915199357464
XEGQUW,JEHCUX,0.8069657696393386
ECOROD,OBEMUE01,0.8749512949809082
HUSPOB,HUSPUH,0.9243254181150248
PIRNAH01,PIRNAH,0.9999990358494886
HAYZEP,HAYZAL,0.9997898365741904
YEYBOV,YEYBOV01,0.9998936749180164
MODWUX,LULHUW,0.9019817864865248
VODLEG01,VODLEG,0.9956904264554752
LOSKUA,LOSKUA01,0.9999999920260448
CETNUL,REVYUO,0.999971556495616
COWMIL,UDITEI,0.821211558649861
DEHBEY,UQAXAN,0.9999281917607576
ERAJEO,ERAJAK,0.999999996213053
PEGPUO,INOJAX,0.9985876182908736
RAZYIC,RAZYOI,0.9999961481253412
SEYFAE,QEKDOA,0.8640930978220736
WOHZAU,COWMOR,0.999720616066748
RIDKOE,FIVJAW,0.9988156381644652
VESBIG,VESBIG01,0.9996472447084565
XESKAJ,XESKEN,0.9999987286028496
HUPTIV,CEXWIM,0.8576524833839039
PUCTAJ,XEMDEA,0.9987671129981984
SIVGAH,UKACIU,0.9957294340457992
WAPZEU,DUZNUJ,0.9506046123709816
GIKBEK,LAHYOL,0.9981046037334348
FAGMEI,FAGMOS,0.9998761582583288
UGIXOZ,KITZAR,0.8979386770185686
