source,target,weight
NIGNUO,NIGPAW,0.9997405820081856
NIGNUO,DIBQIQ,0.9830615917889248
NIGNUO,AXINIF,0.9763891435416664
NIGNUO,DIBQOW,0.9748324181995592
NIGNUO,MIHJUL,0.9735363137608276
NIGNUO,HELDOT,0.9728452282043636
NIGNUO,XUDVAV,0.9461645056210524
NIGNUO,MOXDOT01,0.9429292560634912
NIGNUO,MOXDOT,0.9428379903939028
NIGNUO,DERBIO,0.940528498591096
NIGNUO,FISQEG,0.940272230141913
NIGNUO,FISQIK,0.9339604286332938
NIGNUO,CIKPEU,0.9105608463192594
NIGNUO,NOMPIQ,0.910500635289655
NIGNUO,NOMPIQ01,0.9103885972808522
NIGNUO,ESEQUO,0.9065453964732588
NIGNUO,BUKLOJ,0.90375009501226
NIGNUO,DIDBOJ,0.8732149456763941
NIGNUO,CAQJOW,0.8724398215003506
NIGNUO,HAJYAV,0.872393838375468
NIGNUO,DIDBID,0.8720958126824785
NIGNUO,JODGIU,0.8719998385303227
NIGNUO,NIDFOX,0.8710973570573936
NIGNUO,FEXCAO01,0.8710193687779046
NIGNUO,ERUNUC,0.8705484155573919
NIGNUO,DIQHAO01,0.8691508507365732
NIGNUO,CAQKAJ01,0.8597124687946367
DOTSOV40,DOTSOV37,0.9999999989090798
DOTSOV40,DOTSOV41,0.99999982538514
ESEDEN,XIHXAP01,0.915324807987418
DUGDOA01,DUGDOA,0.9999628090595192
DUGDOA01,WOJZIG,0.939065721511832
DUGDOA01,EXUSUN,0.9082088711986812
DUGDOA01,WECSAZ,0.9079799177520624
DUGDOA01,YIXFOC03,0.9066633841546912
DUGDOA01,SIKYER,0.9037282026323435
DUGDOA01,EWASIG,0.8642288019589931
DUGDOA01,VITYUU,0.8595536241462973
EXUSUN,WECSAZ,0.9998322908987192
EXUSUN,EHAZES,0.9995642286717472
EXUSUN,WECSAZ01,0.9994314693641856
EXUSUN,YIXFOC03,0.9986241254604888
EXUSUN,EHAZAO,0.9961702149511296
EXUSUN,SIKYER,0.9958263057289598
EXUSUN,IBEYAQ,0.9471124893025578
EXUSUN,HISSIN,0.8851301533498301
EXUSUN,WOJZIG,0.8788530297803634
EXUSUN,LUCDAO,0.877879128564187
EXUSUN,DIXGIC,0.8757231945365918
EXUSUN,RUYVIS,0.8660531351637112
EXUSUN,SENXAN,0.8628866530804133
SEQSEO01,XUCHOS02,0.8878195981533478
SEQSEO01,XUCHOS01,0.887423689033658
SEQSEO01,TEVVOI,0.8697827390365864
EBEWIT,DIGPER,0.999999991880526
EBEWIT,EBEXAM,0.9999995741242028
EBEWIT,EBEWOZ01,0.9999885654465024
EBEWIT,YENZAV,0.8984112331263484
EBEWIT,MIRGIG,0.887293855162957
EBEWIT,KEZLIN,0.8863052061546948
EBEWIT,ATIKAP,0.8677757890977965
WIDTAF,DELTAQ03,0.9974534148518585
WIDTAF,DELTAQ02,0.9974183883020978
WIDTAF,DELTAQ,0.9974022119049216
UREVIY,WUZKUY,0.9999548577159272
WORKUL,MIMRAB01,0.999855163304156
WORKUL,IDIXAU,0.996863802077941
WORKUL,REDROI,0.8850351958084063
WORKUL,IFABIA01,0.8849246440239731
WORKUL,VUSKEA,0.8843106289521225
WORKUL,MIBQAR12,0.8842759525417573
WORKUL,MIBQAR01,0.8842376174500068
WORKUL,HOLRAD,0.8842335926021746
WORKUL,LAWFOF,0.8842273110244501
WORKUL,VAZTUM,0.8842237570025335
WORKUL,SAHYIK,0.8842063855514837
WORKUL,FIJCUX01,0.8839349761696165
WORKUL,NENHEU,0.8693787185111533
WORKUL,SAVMAE,0.860689348059827
HURGOR,DERBIO,0.9999903232513792
HURGOR,MOXDOT,0.9999568719403068
HURGOR,MOXDOT01,0.9999514944376648
HURGOR,AXINAX01,0.9564094290024404
HURGOR,DIBQIQ,0.9563838571611878
HURGOR,CIFMAH,0.9556635164062444
HURGOR,AXINIF,0.955463640932788
HURGOR,DIBQOW,0.95511933145638
HURGOR,MIHJUL,0.9548021443063616
HURGOR,HELDOT,0.954622410410241
HURGOR,BUKLOJ,0.9440235018100288
HURGOR,ESEQUO,0.9333349050274472
HURGOR,JODGIU,0.922118855888711
HURGOR,DIDBEZ,0.9220170013595856
HURGOR,DIDBOJ,0.9219862043487268
HURGOR,DIDBID,0.9219353593850648
HURGOR,NOMPIQ01,0.9023672417054204
HURGOR,WEMKEG,0.8997011446370989
HURGOR,CAQKAJ01,0.8852711196888697
HURGOR,TAHYUZ,0.8852486181221424
HURGOR,FEXCAO01,0.8851484693762922
HURGOR,HAJYAV,0.8821448265260013
HURGOR,CAQJOW,0.8821038078569782
HURGOR,XUBKOU,0.875579504117867
HURGOR,LUWZUZ02,0.8749718291161601
HURGOR,WUHMUJ,0.8650476479549175
HURGOR,VEFMAW,0.8649442184244249
HURGOR,USAYOE,0.8626247116263558
HURGOR,YATDOP,0.8595684838777317
MOXDEJ,FILYEG,0.9998691730359808
MOXDEJ,XADDUD,0.9998073754565152
MOXDEJ,DAFHEZ,0.9997541917018726
MOXDEJ,COXFOL,0.9991677162276338
MOXDEJ,WIMWEW,0.9987787468746804
MOXDEJ,FILYAC,0.9982874604903388
MOXDEJ,PUNYED,0.8956397807584531
MOXDEJ,ABAYOU,0.8953143047915155
MOXDEJ,JEDVUM,0.8935321149388974
MOXDEJ,FUMJAZ,0.8660954598910526
MOXDEJ,XEVXUT,0.8655078280106132
MOXDEJ,XIHSAJ,0.8636606682365567
MOXDEJ,XIHSEN01,0.8635551338160122
MOXDEJ,TONBOO,0.862823065887982
MOXDEJ,BUKLOJ,0.8602248425843435
TIKXAN,CUFDOX,0.9999999959821976
TIKXAN,CUFFIT,0.9999998603056024
TIKXAN,YAMXOC,0.999999701178699
TIKXAN,FEYDET,0.999976606077286
TIKXAN,CUFDUD,0.9996875929868866
TIKXAN,IYUHIU,0.9995632747865664
TIKXAN,PEYVEV,0.988634501221148
TIKXAN,XINTOG,0.9241562757253752
TIKXAN,VACFOV01,0.874781351627895
TIKXAN,VIFPUY02,0.8747263064774502
TIKXAN,VIFPUY05,0.8747250685513879
TIKXAN,VIFPUY03,0.8747220344591256
TIKXAN,LOQLEJ,0.8747216695002514
TIKXAN,VIFPUY04,0.8747185275463907
POFFAT,POFDOF,0.9999908803587264
POFFAT,NELCEN,0.9999254271983108
POFFAT,IPINAY,0.9998667209708956
POFFAT,AHEMEG,0.9998434766170986
POFFAT,POFFEX,0.9998272172528004
POFFAT,KAKTIA,0.999358803496532
POFFAT,KAKTIA01,0.9992807419817068
POFFAT,MURREW,0.999266862635107
POFFAT,UFUNAK,0.9989581490232128
POFFAT,POFDIZ,0.998786220312462
POFFAT,QIWQES,0.9985728846063364
POFFAT,UFUMUD01,0.9982270376307912
POFFAT,EGOZAB,0.9981636552551316
POFFAT,BAHGUN01,0.9979441238389244
POFFAT,BAHGUN,0.9979234698445304
POFFAT,QERZUI,0.9978467157028266
POFFAT,BAHGUN04,0.9977470528205136
POFFAT,BAHGUN02,0.997582949900329
POFFAT,QERZUI01,0.99712131058792
POFFAT,UFUMUD,0.9970365840065768
POFFAT,UGEPEB01,0.9967267158032812
POFFAT,UGEPEB,0.9958577128761474
POFFAT,XICKOL,0.8792362777658603
POFFAT,JALPAQ,0.8777945072249036
POFFAT,IXAJUN,0.8773185392006659
POFFAT,EDOSEY,0.8704999771232875
LUDLED,XAMDUM,0.9999998959903682
LUDLED,YOZMEH,0.9999998918644708
LUDLED,UXISUR,0.9999998908789712
LUDLED,DIHVIB01,0.9999998715543694
LUDLED,YOZNIM,0.9999997703459156
LUDLED,XAMDUM01,0.9999996296244515
LUDLED,RILFEA,0.9999996235820084
LUDLED,YOZMIL,0.9999994306552384
LUDLED,XAMDUM07,0.9999993538659108
LUDLED,YOZMOR,0.9999965645054902
LUDLED,LUDLIH,0.9999964818648964
LUDLED,YOZNAE,0.9999957148242276
LUDLED,DIHVIB,0.9999948132776384
LUDLED,BODPAN,0.9999939910173056
LUDLED,XAMDUM05,0.9999932612051065
LUDLED,XAMDUM04,0.9999904195133752
LUDLED,YOZPAG,0.9999821797295868
LUDLED,XAMDUM02,0.9999758255292772
LUDLED,DOTSOV42,0.9999475049421304
LUDLED,DOTSOV13,0.9999423922200792
LUDLED,DOTSOV11,0.9999423473291142
LUDLED,DOTSOV15,0.9999419209317608
LUDLED,DOTSOV10,0.9999419207127525
LUDLED,DOTSOV08,0.9999414790303616
LUDLED,DOTSOV16,0.9999414709581768
LUDLED,TISPAO,0.9998037137825008
LUDLED,DOTSOV07,0.9996019428965076
LUDLED,QAWHIH01,0.9992746875156584
LUDLED,QAWHIH,0.9992381384335612
LUDLED,WULJUJ,0.9988843599473414
LUDLED,QIZLIW,0.9984613587278393
LUDLED,YOZNUY,0.9984267214391324
LUDLED,NEHZOS,0.996356139296205
LUDLED,NEHZUY,0.9962698332488004
LUDLED,LASYOU,0.9465566222351044
LUDLED,DALSOA,0.9329872918444256
LUDLED,ORAWAH,0.9321867982745676
LUDLED,MIKVEK,0.9297979603461208
LUDLED,ONIXOZ,0.9247161354840756
LUDLED,IWEVAJ,0.9186777512860944
LUDLED,YUGLES,0.9079894090912336
LUDLED,YAGHUM,0.9078922236288086
LUDLED,NUTQAV,0.907802385807998
LUDLED,NUTQEZ,0.90769975779733
LUDLED,OFOCUI,0.9076775578039395
LUDLED,EXOGAB,0.907672452646712
LUDLED,HANWAW,0.906325750577946
LUDLED,PIDRAY,0.8998150556949109
LUDLED,HUCBOX02,0.8972980961149255
LUDLED,KANMIX,0.885062298804492
LUDLED,IPUPOA,0.8849303753900865
LUDLED,WANJIF,0.8848663872663394
LUDLED,XEDMEB,0.8846955404926489
LUDLED,ADONEP,0.8844521961175273
LUDLED,EXAXAE,0.8820442979352404
LUDLED,EXAXAE03,0.8817164982858298
LUDLED,ANUGIA,0.8775243658857516
LUDLED,NEMCOA,0.87449321645312
LUDLED,CEKHUY,0.8739473528039203
LUDLED,LAQNID,0.8690961687271167
LUDLED,OKABAE,0.8669776284253548
GATBUZ,EDOWIG,0.9998701662876686
GATBUZ,VEGMOK04,0.9999999996065596
GATBUZ,REDROI,0.9999764233865692
GATBUZ,IFABIA02,0.9997970511571456
GATBUZ,IFABIA01,0.9997748731245576
GATBUZ,FIJCUX01,0.9994552271109092
GATBUZ,VUSKEA,0.9985457333603496
GATBUZ,PEVQIS,0.9985024657953596
GATBUZ,MIBQAR07,0.9984939200033472
GATBUZ,HOLRAD,0.9984403844012396
GATBUZ,LAWFOF,0.998431852864028
GATBUZ,HUTZAX01,0.9081689304737236
GATBUZ,BOLPAU,0.9081075966928716
GATBUZ,BABRII,0.908031879331458
GATBUZ,JENKET,0.90745484226537
GATBUZ,ACODIH,0.8972255713681072
GATBUZ,GOSDUP,0.8971705585437615
GATBUZ,TONQOD,0.895904255369889
GATBUZ,DITTEH,0.8872740231311085
GATBUZ,UKOLOV,0.8872561926441616
GATBUZ,NIKHAS,0.8869846094585507
GATBUZ,NAWXER,0.886044164314928
GATBUZ,EKEKEL,0.885900797708904
GATBUZ,DARYIF,0.8848333452875137
GATBUZ,WORLAS,0.8834363768995401
GATBUZ,WUMDIT,0.8779576022979282
GATBUZ,XAFFER,0.8776783477587334
GATBUZ,ZARLIP,0.8773258774547392
GATBUZ,XAFFAN,0.8768888828799296
GATBUZ,MEWPIQ,0.8767754173554634
GATBUZ,NOXMAQ,0.8759464918220666
GATBUZ,NIWYID,0.8749778478171305
GATBUZ,IJEXIF01,0.8747388130030443
GATBUZ,NANYUX01,0.874284876693614
GATBUZ,VEHKAW,0.8742555853765667
GATBUZ,NANYUX03,0.8742401044129768
GATBUZ,NENHEU,0.8728969695922435
GATBUZ,OKELOH,0.8691505902815797
GATBUZ,GADROU,0.8689027367224222
GATBUZ,AXOCEW,0.8683869914007084
GATBUZ,XEGWIS,0.8674724004393634
GATBUZ,KAHMOW,0.8674641583520244
GATBUZ,XEGWAK,0.8674499185558516
GATBUZ,SAVMAE,0.8625026607011145
GATBUZ,XENMIO,0.8608198673689327
GATBUZ,EGIKUB01,0.8600680692138907
MAGNEQ01,CUFORM06,0.9995537576993144
MAGNEQ01,MACUFR06,0.9999681830236686
MAGNEQ01,ROLCEC09,0.9984367739663644
MAGNEQ01,ROLCEC06,0.9983350813640788
MAGNEQ01,ROLCEC01,0.9975784940545008
QIYDIN01,QIYDIN,0.9995827938251892
QIYDIN01,FAGQAI,0.9949918270142706
QIYDIN01,OGEBAF,0.9501395950311248
QIYDIN01,OGEBAF01,0.9498660791723958
QIYDIN01,YAGHUM,0.8857563905795454
QIYDIN01,LURRIA,0.8813591719881076
QIYDIN01,FISGOF,0.8769163038901713
WULKAQ,DOTSOV19,0.9999999993510128
HAJYAV,CAQKAJ01,0.9958286378544838
HAJYAV,MOXDOT01,0.8828814127209113
HAJYAV,DERBIO,0.8817871502130781
HAJYAV,NIGPAW,0.8742885744254283
HAJYAV,AXINAX01,0.8742455834947553
HAJYAV,DIBQIQ,0.8728366425521091
HAJYAV,DIBQEM,0.8721531889493264
HAJYAV,NIGPEA,0.8696195390636748
HAJYAV,BUKLOJ,0.8692744709983152
HAJYAV,AXINIF,0.8692292348872861
HAJYAV,ESEQUO,0.8646836272536945
KAKTIA,MURREW,0.9999536466756171
KAKTIA,VOJPUG01,0.999859544893523
KAKTIA,UFUNAK,0.999810055856211
KAKTIA,IPINAY,0.999751917170357
KAKTIA,UFUMUD01,0.9995508195559212
KAKTIA,EGOZAB,0.9995014483797204
KAKTIA,POFDOF,0.9995001193300016
KAKTIA,QERZUI,0.9993719714578684
KAKTIA,BAHGUN03,0.9993622213702192
KAKTIA,BAHGUN02,0.999346873520865
KAKTIA,BAHGUN04,0.9993175773145448
KAKTIA,UFUMUD,0.9991040212694166
KAKTIA,QERZUI01,0.9990065675978256
KAKTIA,NIHDIU,0.9989960104214008
KAKTIA,UGEPEB01,0.9988408125752452
KAKTIA,UGEPEB,0.9983613703570616
KAKTIA,NIHDEQ,0.9983353589016648
KAKTIA,QIWQES,0.9962279352695788
KAKTIA,XICKOL,0.8789434553163371
KAKTIA,JALPAQ,0.8789377398755543
KAKTIA,IXAJUN,0.8787276510743108
KAKTIA,NAPSUV,0.8691653808723646
KAKTIA,EDOSEY,0.8685615208904411
WOSZEL,VOLQOD,0.9999991761069952
DUFLOH,OKELOH,0.8741347183359673
DUFLOH,ROZXEL,0.8720926295875582
DUFLOH,DITTEH,0.8699787317199696
DUFLOH,NIKHAS,0.8684994354769845
DUFLOH,BABRII,0.8672786523659682
DUFLOH,JENKET,0.8625705788877404
DUFLOH,SAHYIK,0.8609090037430258
DUFLOH,MIBQAR07,0.8608995352495015
DUFLOH,HOLRAD,0.8608897629254144
DUFLOH,VUSKEA,0.8608656390198512
DUFLOH,IFABIA01,0.8595740015644295
FIJCUX01,RUPZIM,0.9198091058170176
FIJCUX01,VEGMOK04,0.999454301295566
FIJCUX01,REDROI,0.9992286305896552
FIJCUX01,IFABIA02,0.9988507752723248
FIJCUX01,IFABIA01,0.9988261557380228
FIJCUX01,PEVQOY,0.9964855178185344
FIJCUX01,VUSKEA,0.9962275463270476
FIJCUX01,MIBQAR12,0.9961512962214416
FIJCUX01,MIBQAR07,0.9961451068783732
FIJCUX01,MIBQAR01,0.9960680763374622
FIJCUX01,HOLRAD,0.9960593827510936
FIJCUX01,VAZTUM,0.9960382487687708
FIJCUX01,LAWGOG,0.9960302270454956
FIJCUX01,VIKBUP,0.9080009380781894
FIJCUX01,BOLPAU,0.907435626290622
FIJCUX01,BABRII,0.906801403246621
FIJCUX01,ACODIH,0.8972212508219141
FIJCUX01,TONQOD,0.8971398612244426
FIJCUX01,GOSDUP,0.896758202377699
FIJCUX01,NIKHAS,0.8872628925321667
FIJCUX01,NAWXER,0.8871182953624747
FIJCUX01,UKOLOV,0.8870132100531297
FIJCUX01,DITTEH,0.8869585537903564
FIJCUX01,DARYIF,0.883708072143523
FIJCUX01,WORLAS,0.8810809452043348
FIJCUX01,ZARLIP,0.8779607424412728
FIJCUX01,NOXMAQ,0.8774976769076944
FIJCUX01,NIWYOJ,0.8749933847255964
FIJCUX01,VEHKAW,0.8749829074610511
FIJCUX01,NANYUX01,0.8749793962246115
FIJCUX01,REGREC,0.8746369177615111
FIJCUX01,ULISOZ,0.8743261414317987
FIJCUX01,NIWYID,0.8742143607857232
FIJCUX01,NENHEU,0.8740545205070904
FIJCUX01,IJEXIF01,0.8734407968379783
FIJCUX01,VEHJUP,0.8729477538635231
FIJCUX01,XEGWIS,0.8689085359133812
FIJCUX01,AXOCEW,0.8664570898479848
FIJCUX01,XENMIO,0.861132717840043
FIJCUX01,HUVGEM,0.8611297029718327
FIJCUX01,RUPVAB,0.8602427752728521
FIJCUX01,SAVMAE,0.8600168816931666
OHOMIH,QIZLOC,0.9999909217171168
OHOMIH,NEHZUY,0.9996796402322424
OHOMIH,GAVDUD,0.9996608631418864
OHOMIH,QIZLIW,0.99841905930495
OHOMIH,WULJUJ,0.9955021477968704
OHOMIH,DOTSOV02,0.995487608884079
OHOMIH,DOTSOV08,0.9949231587552204
OHOMIH,DOTSOV14,0.9949197765756392
OHOMIH,DOTSOV10,0.9949190575827146
OHOMIH,DOTSOV15,0.9949190556044996
OHOMIH,DOTSOV13,0.9949146604645444
OHOMIH,EBAMUS,0.9944449231409052
OHOMIH,XAMDUM05,0.994181423867481
OHOMIH,XAMDUM02,0.9941689884309116
OHOMIH,XAMDUM03,0.9940394739759768
OHOMIH,LUDLIH,0.9939649278021826
OHOMIH,XAMDUM01,0.9938754367791632
OHOMIH,UXISUR,0.9938330640494104
OHOMIH,XAMDUM,0.9938318426671996
OHOMIH,FIQCEN,0.9938118239438072
OHOMIH,YOZNIM,0.9937085702216324
OHOMIH,YOZMIL,0.993679239406377
OHOMIH,YOZNEI,0.9935231181933064
OHOMIH,YOZNAE,0.9934528159348496
OHOMIH,DIHVIB,0.9934194457675524
OHOMIH,YOZPAG,0.9931026127449718
OHOMIH,TISPAO,0.9913952860122984
OHOMIH,QAWHIH,0.9887159785296388
OHOMIH,YOZNUY,0.986041034993394
OHOMIH,YOZNOS,0.980237496788808
OHOMIH,LASYOU,0.936401807154323
OHOMIH,BABREE,0.930651300243724
OHOMIH,ORAWAH,0.9214888009613306
OHOMIH,RAWYAS,0.9181265556336689
OHOMIH,IWEVAJ,0.9135583958733404
OHOMIH,EXOGAB,0.9052247963270004
OHOMIH,YUGLES,0.8992563958637466
OHOMIH,OFOCUI,0.8988601634622446
OHOMIH,YAGHUM,0.8987263728793814
OHOMIH,NUTQAV,0.8982870971043502
OHOMIH,NUTQEZ,0.8978264605448919
OHOMIH,MOFGOE,0.894794173158419
OHOMIH,HUCBOX02,0.8922847189977412
OHOMIH,IPUPOA,0.8863786936306137
OHOMIH,EMUBIZ,0.8846481746218564
OHOMIH,EXAXAE,0.8845054102881963
OHOMIH,ADONEP,0.8811709811730535
OHOMIH,WANJIF,0.8799287237151702
OHOMIH,KANMIX,0.8782526820328089
OHOMIH,USEVOF,0.87789943451733
OHOMIH,CEKHUY,0.8777224539207743
OHOMIH,NEMCOA,0.877561983971639
OHOMIH,ANUGOG,0.8726632326277702
OHOMIH,KIRFOI,0.8688795155051398
OHOMIH,OKABAE,0.8683096328991302
OHOMIH,IXAJUN,0.8608348842906082
OHOMIH,JALPAQ,0.860596206578462
OHOMIH,OGEBAF01,0.8604055002579798
POFDOF,AHEMEG,0.9998959566122712
POFDOF,VOJPUG01,0.9998864912756142
POFDOF,NELCEN,0.9998742034784684
POFDOF,POFDEV,0.9996714363786444
POFDOF,MURREW,0.9994062752333734
POFDOF,UFUNAK,0.9991100287692364
POFDOF,UFUMUD01,0.998430726949027
POFDOF,QIWQES,0.9983813900715636
POFDOF,EGOZAB,0.9983676549715852
POFDOF,BAHGUN01,0.9981625863213586
POFDOF,QERZUI,0.9980722516913668
POFDOF,BAHGUN03,0.998049896287642
POFDOF,NIHDIU,0.9974292247529666
POFDOF,QERZUI01,0.9973871124481972
POFDOF,UFUMUD,0.997334190288355
POFDOF,UGEPEB01,0.9970215593342896
POFDOF,JALPAQ,0.8779774545918507
POFDOF,IXAJUN,0.8775301588567407
POFDOF,NAPSUV,0.8706985476142254
POFDOF,EDOSEY,0.8703511985719555
INICPB02,POCMEA04,0.9999843881420386
INICPB02,INICPB01,0.99997111172723
INICPB02,RUBZIY02,0.8839413882883876
INICPB02,ERIQUS,0.8834524439716618
INICPB02,YAPQUC,0.8828407134453301
MUDTAH,KEFBOO,0.9859172166865025
KIKRAA,FUFVEJ,0.999988121339664
KIKRAA,LIRVAK,0.9999810106401896
KIKRAA,RAGREY,0.9999101572628124
KIKRAA,PEKZIP,0.9998178442988488
KIKRAA,XIQZIH,0.9997478841402534
KIKRAA,FITSAD,0.9994641349424098
KIKRAA,OJOQAF02,0.9966043929210732
KIKRAA,OJOQAF01,0.9964603897681288
KIKRAA,OJOQAF,0.9963310392939392
KIKRAA,HAJPEQ,0.8595074842090824
QUQFIS,UFOFUT,0.9836780194837748
QUQFIS,UFAMEW,0.9781387226584763
QUQFIS,NANYUX03,0.9329835933407922
QUQFIS,VEHKAW,0.9329797817051322
QUQFIS,NIWYOJ,0.9328642620890304
QUQFIS,REGREC,0.9321904743073828
QUQFIS,ULISOZ,0.9317475487074682
QUQFIS,NIWYID,0.9315964323095688
QUQFIS,IJEXIF01,0.9306029493359282
QUQFIS,VEHJUP,0.9299989815590924
QUQFIS,RUPVAB,0.9158668040067856
QUQFIS,JENKET,0.8829930164672942
QUQFIS,APACAX,0.880865623276392
QUQFIS,BABRII,0.880746595833229
QUQFIS,DOYHOQ,0.8789151967708027
QUQFIS,NUFBOH,0.8776548956271097
QUQFIS,NASROR,0.8773393506041591
QUQFIS,EZINAE,0.874321439804907
QUQFIS,RUGXUO,0.8737375834747867
QUQFIS,UYAPOA,0.872667279385418
QUQFIS,NUFCAU,0.8685728411887772
QUQFIS,JAYXAL,0.8671092667296384
QUQFIS,NUCPIM,0.8644881338102947
QUQFIS,YOGKOW,0.861641319372167
ROLCEC,ROLCEC16,0.999999977363316
ROLCEC,ROLCEC06,0.999917833734666
ROLCEC,ROLCEC09,0.999893237087604
ROLCEC,MACUFR04,0.9975766148901588
ROLCEC,OCUQIO02,0.99673470270009
ROLCEC,OCUQIO,0.9967177168030242
ESADUZ01,POKZOG,0.9981273561218827
ESADUZ01,JUQSIZ,0.9975870521835836
ESADUZ01,PIQQEN,0.9628958408420558
ESADUZ01,REFWIL,0.9491622266049424
ESADUZ01,TULLIX,0.9412998348877516
ESADUZ01,FOKWUZ,0.9396925572612176
ESADUZ01,VAKLIF,0.9080554478643492
ESADUZ01,XEFGUN01,0.90654646743769
ESADUZ01,GOYLUB,0.90513792408473
ESADUZ01,FALGIK,0.8651203418894005
ESADUZ01,WIVRIE,0.8595254203977487
EGUHOD01,XEDGIY,0.929700399720382
EGUHOD01,GOYLUB,0.8828238479895404
EGUHOD01,EKUNON,0.8608742651804627
EGUHOD01,EKUNON01,0.8608195945392174
EGUHOD01,ULOGIL,0.8601297432263022
UHISEK,DOLPIF,0.99829515578133
UHISEK,OPENUT,0.9977657576415374
UHISEK,LUCDAO,0.8632899888793946
UHISEK,SIKYER,0.8608328781206763
CEYPUT01,CEYPUT,0.9999675683733776
CEYPUT01,OJOBAS,0.999967563391098
CEYPUT01,VEDGIW,0.9999444024865456
CEYPUT01,ABAVOP,0.999939403207996
CEYPUT01,VEDFOB,0.9999279479036854
CEYPUT01,VEDFER,0.9999244072700948
CEYPUT01,VEDGAO,0.999898188948847
CEYPUT01,VEDFAN,0.999890569316995
CEYPUT01,BOWDOI,0.9998860440606324
CEYPUT01,VEDFUH,0.9998652904128644
CEYPUT01,BOWDUO,0.9998440836647045
CEYPUT01,YODRAM,0.9998435641579392
CEYPUT01,EXUXEC,0.9996816142587744
CEYPUT01,KEJWAY,0.9993302249764976
CEYPUT01,ABAVIJ,0.9991470497249428
CEYPUT01,TATSIS01,0.998834089333977
CEYPUT01,TATSIS,0.998583055907844
CEYPUT01,ERUNIQ,0.9983089617320576
CEYPUT01,LASMAV,0.99787566083346
CEYPUT01,YIGGEB,0.9962115500074822
CEYPUT01,JODGIU,0.9231663669698406
CEYPUT01,DIDBOJ,0.923063285407952
CEYPUT01,DIDBID,0.923029566108574
CEYPUT01,CAXZOS,0.9229599991701098
CEYPUT01,LIDSIC,0.8792061142923846
CEYPUT01,FEVDER,0.8789085115804129
CEYPUT01,ESEQUO,0.8720846407343408
CEYPUT01,YATDOP,0.8602140040569146
CEYPUT01,XALMOO,0.8597351316827673
MOXDOT01,DERBIO,0.9998987841444148
MOXDOT01,DIBQIQ,0.9562353180473818
MOXDOT01,CIFMAH,0.9552284940745012
MOXDOT01,AXINIF,0.9549815554682102
MOXDOT01,DIBQOW,0.9545664463445992
MOXDOT01,MIHJUL,0.9541919667536072
MOXDOT01,HELDOT,0.9539822593448806
MOXDOT01,NIGPAW,0.9463756193920038
MOXDOT01,BUKLOJ,0.9447597934711915
MOXDOT01,DIBQEM,0.9425182735449112
MOXDOT01,ESEQUO,0.9348115710289592
MOXDOT01,FISQIK,0.9330075982925043
MOXDOT01,XUDVAV,0.927556230712544
MOXDOT01,ERUNUC,0.92252504453107
MOXDOT01,CAXZOS,0.9221313081560584
MOXDOT01,DIDBOJ,0.922119793850148
MOXDOT01,DIDBEZ,0.9220865961263752
MOXDOT01,NOMPIQ01,0.9028429609813128
MOXDOT01,NOMPIQ,0.9028019832720288
MOXDOT01,WEMKEG,0.8998933728955882
MOXDOT01,LUWZUZ02,0.8757531812740285
MOXDOT01,LUWZUZ,0.8757300259351897
MOXDOT01,XUBKOU,0.875357621923982
MOXDOT01,VEFMAW,0.8650947251603458
SIXNOF,SIXNIZ,0.8957905875614665
SIXNOF,ASIVAB,0.8957720933653738
SIXNOF,IPUPOA,0.8646534221755531
SIXNOF,ANUGEW,0.8645710670196629
SIXNOF,LAYXER,0.8640811453310946
SIXNOF,LAYWOA,0.8632416732763994
SIXNOF,LAYXAN,0.8627401185675204
SIXNOF,HEHROE,0.8627073856031743
SIXNOF,DEKBON,0.8611783019199322
SIXNOF,ICAREL,0.860833530974962
VUSKAW,NIRZAQ,0.9999999969074294
DOTSOV31,DOTSOV37,0.9999999947386612
DEKBON,LAYXAN,0.999804610096784
DEKBON,LAYXER,0.9990755660531704
DEKBON,ANUGEW,0.9984758327291976
DEKBON,ANUGOG,0.9810172625324978
DEKBON,ANUGIA,0.9758338569102922
DEKBON,NAFSOF,0.974115076727907
DEKBON,BAZGAM,0.9719915750884648
DEKBON,ICAREL,0.9699568337484852
DEKBON,KIJRUS,0.96922868712134
DEKBON,HOYQIX,0.965070195842212
DEKBON,BAZFUF01,0.9628071500989692
DEKBON,BAZFUF,0.96276003631599
DEKBON,QOWRAV,0.9488577152582308
DEKBON,QOWRAV10,0.9488074207629248
DEKBON,QOWRAV12,0.9487607225274726
DEKBON,QOWRAV08,0.9487422128013744
DEKBON,QOWRAV07,0.948713335173173
DEKBON,QOWRAV02,0.9486039038221412
DEKBON,LAQNID,0.9232760787358064
DEKBON,ONIXOZ,0.9192595095036302
DEKBON,MIKVEK,0.9181714680710988
DEKBON,ORAWAH,0.9054008102103634
DEKBON,CEFNIN,0.8814355321913978
DEKBON,NAPSUV,0.8789977156160882
DEKBON,EDOSEY,0.8777832139372164
DEKBON,AZAVUU,0.8760933117191461
DEKBON,CEKHUY,0.8652808660355175
DEKBON,NEMCOA,0.865029473654099
DEKBON,SEMNIJ,0.8630713309122002
DEKBON,LURRIA,0.8625927999137369
DEKBON,SIXNIZ,0.8603156464315573
DEKBON,ASIVAB,0.8601359084166142
YOZNAE,DIHVIB,0.9999999569909942
YOZNAE,YOZMIL,0.9999978538254626
YOZNAE,YOZNIM,0.9999974107139518
YOZNAE,YOZPAG,0.9999953708477888
YOZNAE,FIQCEN,0.9999948723753672
YOZNAE,XAMDUM,0.9999942756152824
YOZNAE,YOZMEH,0.9999942452566176
YOZNAE,DIHVIB01,0.9999941723100872
YOZNAE,XAMDUM01,0.999992856823694
YOZNAE,RILFEA,0.999992798335651
YOZNAE,LUDLIH,0.9999873514524272
YOZNAE,XAMDUM03,0.9999860586935854
YOZNAE,XAMDUM05,0.9999782431840162
YOZNAE,DOTSOV13,0.9999066865951536
YOZNAE,DOTSOV11,0.9999066294656328
YOZNAE,DOTSOV15,0.999906087061221
YOZNAE,DOTSOV10,0.9999060867823596
YOZNAE,DOTSOV14,0.9999060052270566
YOZNAE,DOTSOV07,0.9995444374050328
YOZNAE,QAWHIH01,0.9993818330608788
YOZNAE,WULJUJ,0.9988077131688772
YOZNAE,DOTSOV02,0.9987858194282884
YOZNAE,OQIZUL,0.998599967964538
YOZNAE,NEHZOS,0.996102913334604
YOZNAE,NEHZUY,0.9960136990988836
YOZNAE,KAJZIH,0.9945731974535896
YOZNAE,QIZLOC,0.9936307878416348
YOZNAE,YOZNOS,0.9919533408322508
YOZNAE,YOZMUX,0.9882178321352122
YOZNAE,BABREE,0.9319593648714444
YOZNAE,ONIXOZ,0.9243380298372093
YOZNAE,EXOYAS,0.9196064657451266
YOZNAE,RAWYAS,0.9187288931256103
YOZNAE,IWEVAJ,0.918647737668081
YOZNAE,YUGLES,0.9080517246916996
YOZNAE,YAGHUM,0.9079660396035576
YOZNAE,NUTQAV,0.9078854938367876
YOZNAE,NUTQEZ,0.9077923935308624
YOZNAE,OFOCUI,0.9077433906957928
YOZNAE,HANWAW,0.9061421781479152
YOZNAE,MOBDIR,0.8957098214564243
YOZNAE,IPUPIU,0.8871629308404317
YOZNAE,KANMIX,0.8850736781830191
YOZNAE,USEVOF,0.8850623351839673
YOZNAE,IPUPOA,0.8847251436206096
YOZNAE,XEDMEB,0.8846104305871003
YOZNAE,ADONEP,0.8843718140418927
YOZNAE,EXAXAE,0.8818127607429237
YOZNAE,EXAXAE03,0.8814730771986489
YOZNAE,EMUBIZ,0.8814370085068113
YOZNAE,ANUGIA,0.87760690435155
YOZNAE,NEMCOA,0.8742459142633883
YOZNAE,CEKHUY,0.8736818347672177
YOZNAE,LAQNID,0.869036613299688
YOZNAE,KIRFOI,0.8655330518996737
JOQQAJ,VAKRIK,0.999986085563082
JOQQAJ,MOXDIN,0.9998746542330462
FEPGEP,JUYJIY,0.929074769340505
XAMDUM07,YOZNIM,0.9999998721827268
XAMDUM07,YOZMIL,0.9999998370572248
XAMDUM07,FIQCEN,0.999999003628566
XAMDUM07,YOZMOR,0.9999987550680192
XAMDUM07,XAMDUM,0.9999987313876336
XAMDUM07,YOZMEH,0.9999987170731022
XAMDUM07,UXISUR,0.9999987136869756
XAMDUM07,YOZNEI,0.9999984887974248
XAMDUM07,DIHVIB,0.999997828456564
XAMDUM07,XAMDUM03,0.9999939109888972
XAMDUM07,BODPAN,0.9999894831901536
XAMDUM07,XAMDUM05,0.9999884476840092
XAMDUM07,YOZPAG,0.999988319829035
XAMDUM07,XAMDUM04,0.9999866009967526
XAMDUM07,XAMDUM02,0.9999710755292348
XAMDUM07,DOTSOV42,0.999935211707786
XAMDUM07,DOTSOV11,0.9999294953976472
XAMDUM07,DOTSOV08,0.999928535537998
XAMDUM07,DOTSOV16,0.999928526618124
XAMDUM07,TISPAO,0.9998255864067548
XAMDUM07,EBAMUS,0.9998162526609904
XAMDUM07,DOTSOV07,0.999580664114435
XAMDUM07,QAWHIH01,0.999317307808009
XAMDUM07,QAWHIH,0.9992818338883892
XAMDUM07,WULJUJ,0.998855675673973
XAMDUM07,DOTSOV02,0.9988338761462408
XAMDUM07,OQIZUL,0.9985037483921952
XAMDUM07,YOZNUY,0.9984897455607402
XAMDUM07,GAVDUD,0.9962379339028896
XAMDUM07,NEHZUY,0.9961713766372736
XAMDUM07,QIZLOC,0.993829801637504
XAMDUM07,YOZNOS,0.9918641005018032
XAMDUM07,YOZMUX,0.9881065601280052
XAMDUM07,LASYOU,0.9465966363240312
XAMDUM07,ONIXOZ,0.9245702975241
XAMDUM07,RAWYAS,0.9188203980466056
XAMDUM07,IWEVAJ,0.9186671934341756
XAMDUM07,YAGHUM,0.9079219034562642
XAMDUM07,NUTQAV,0.9078356734601812
XAMDUM07,NUTQEZ,0.9077367447492783
XAMDUM07,OFOCUI,0.9077041754327716
XAMDUM07,EXOGAB,0.9076333033545716
XAMDUM07,HANWAW,0.9062554919867448
XAMDUM07,PIDRAY,0.8996680472218768
XAMDUM07,HUCBOX02,0.897285149266956
XAMDUM07,MOFGOE,0.8957994829053323
XAMDUM07,MOBDIR,0.8957965167909308
XAMDUM07,HOYQIX,0.8872054839388793
XAMDUM07,IPUPIU,0.8871318637217193
XAMDUM07,KANMIX,0.8850677367722686
XAMDUM07,USEVOF,0.8850510264715415
XAMDUM07,XEDMEB,0.8846635075775265
XAMDUM07,ADONEP,0.8844220370374493
XAMDUM07,EXAXAE,0.8819553955517018
XAMDUM07,EXAXAE03,0.8816229801196702
XAMDUM07,EMUBIZ,0.881587662612845
XAMDUM07,ANUGIA,0.8775574324576082
XAMDUM07,NEMCOA,0.8743981903175996
XAMDUM07,HIDTUM,0.8730790387142892
XAMDUM07,OKABAE,0.8669001185561583
XAMDUM07,KIRFOI,0.8656857968297641
FISQIK,XUDVAV,0.994206683415473
FISQIK,DIBQIQ,0.9478479790081352
FISQIK,CIFMAH,0.9469340169659656
FISQIK,NIGPEA,0.9468603032921784
FISQIK,AXINIF,0.9467023342498928
FISQIK,DIBQOW,0.9463101788652686
FISQIK,HELDOT,0.9457542755408356
FISQIK,NIGPAW,0.9374760760600156
FISQIK,DIBQEM,0.93354186252562
FISQIK,DERBIO,0.9329517747606338
FISQIK,FEYJOJ,0.9310766053540354
FISQIK,BAKJOO,0.8962705301600107
FISQIK,LIDSIC,0.8962178477336763
FISQIK,BAKJII,0.8956625446973137
FISQIK,XAPSIS,0.8868475310489792
FISQIK,CIPLIX,0.8863507270466787
FISQIK,JEDVUM,0.886313493776202
FISQIK,BUKLOJ,0.8846162568090894
FISQIK,ABAYOU,0.8828031708726266
FISQIK,FEXCAO01,0.8783888605133138
FISQIK,ESEQUO,0.8744246265769564
FISQIK,FEVDER,0.8727335990067162
FISQIK,NOMPIQ01,0.8719147253825864
FISQIK,CIKPEU,0.8718467382341525
FISQIK,JODGIU,0.8655516474678826
FISQIK,DIDBOJ,0.8654709960712411
FISQIK,DIDBEZ,0.8654584375907409
YANXIX02,YUKVUW04,0.999952341288164
YANXIX02,SANMEB,0.9998497510285504
YANXIX02,SIWYOO,0.9997426558370872
YANXIX02,TEVZOK,0.9987737471120676
YANXIX02,AMOBEL01,0.9983406245777644
YANXIX02,ELUQIM08,0.9978705358410672
YANXIX02,ELUQIM13,0.9977637734792784
YUKVUW07,DAXNIA,0.9999625793300292
MOXDIN01,VEGMIE,0.9996750410300828
XAMDUM,YOZMEH,0.9999999999589456
XAMDUM,DIHVIB01,0.9999999880870992
XAMDUM,FIQCEN,0.9999999835789146
XAMDUM,RILFEA,0.999999915304458
XAMDUM,YOZNIM,0.9999993666013728
XAMDUM,YOZMIL,0.9999989055268236
XAMDUM,LUDLIH,0.9999971359406172
XAMDUM,YOZMOR,0.9999953241586556
XAMDUM,DIHVIB,0.9999932403217108
XAMDUM,YOZPAG,0.9999793531557776
XAMDUM,DOTSOV42,0.999952074033396
XAMDUM,DOTSOV10,0.9999467320508096
XAMDUM,DOTSOV12,0.9999462898410368
XAMDUM,EBAMUS,0.99982835776886
XAMDUM,TISPAO,0.9997945757047172
XAMDUM,DOTSOV07,0.9996101649710672
XAMDUM,QAWHIH01,0.9992572252347112
XAMDUM,QAWHIH,0.999220244837121
XAMDUM,WULJUJ,0.9988955952191124
XAMDUM,DOTSOV02,0.9988738789686816
XAMDUM,QIZLIW,0.9984865172647536
XAMDUM,OQIZUL,0.9984154821442784
XAMDUM,YOZNUY,0.9984010744239732
XAMDUM,NEHZOS,0.9963948301554864
XAMDUM,GAVDUD,0.99637432523776
XAMDUM,YOZNOS,0.9917819388726096
XAMDUM,LASYOU,0.946540218571208
XAMDUM,BABREE,0.9321088022740602
XAMDUM,MIKVEK,0.9298342557585616
XAMDUM,EXOYAS,0.9197052093300456
XAMDUM,RAWYAS,0.918899110739332
XAMDUM,IWEVAJ,0.91868174093194
XAMDUM,YUGLES,0.9079789298389442
XAMDUM,YAGHUM,0.9078799529825556
XAMDUM,NUTQAV,0.9077886677859952
XAMDUM,NUTQEZ,0.9076845557467452
XAMDUM,OFOCUI,0.9076665684626706
XAMDUM,HANWAW,0.9063535981658072
XAMDUM,PIDRAY,0.8998736861971401
XAMDUM,HUCBOX02,0.8973029327937642
XAMDUM,MOFGOE,0.895873817404901
XAMDUM,MOBDIR,0.89587095033466
XAMDUM,KANMIX,0.8850597557926141
XAMDUM,USEVOF,0.8850382728638266
XAMDUM,IPUPOA,0.8849615851763475
XAMDUM,XEDMEB,0.8847080294994045
XAMDUM,ADONEP,0.8844639865934643
XAMDUM,EXAXAE03,0.8817536610832556
XAMDUM,EMUBIZ,0.8817190124873814
XAMDUM,ANUGIA,0.8775107366407151
XAMDUM,CEKHUY,0.8739879623908554
XAMDUM,HIDTUM,0.8732344744793998
UYAPOA,BABRII,0.9968122817141964
UYAPOA,ROZXEL,0.9485596365345238
UYAPOA,PIWLAL,0.9483026828939508
UYAPOA,DITTEH,0.9423929158633166
UYAPOA,PUGSER,0.9358362602106722
UYAPOA,LAWGOG,0.9070456908352824
UYAPOA,MIBQAR01,0.9070315475986916
UYAPOA,PEVQIS,0.9070013572169996
UYAPOA,MIBQAR12,0.9069912277123456
UYAPOA,PEVQOY,0.9068303238965716
UYAPOA,IFABIA02,0.9047477530187888
UYAPOA,REDROI,0.903960347362782
UYAPOA,VEGMOK04,0.9033143673300414
UYAPOA,GOSDUP,0.900635430569355
UYAPOA,ORIBAU,0.8988026802350388
UYAPOA,TONQOD,0.8941424746179396
UYAPOA,QEDZEG,0.8936612073730701
UYAPOA,XAFFER,0.8782956552654462
UYAPOA,QOZSIJ,0.8777936155525384
UYAPOA,QUQFEO,0.8762951847390044
UYAPOA,NOXMAQ,0.8728944620255996
UYAPOA,OKELOH,0.8703461599433205
UYAPOA,YICQOS,0.8676199659923406
UYAPOA,UFAMEW,0.8641920418708842
EGOZAB,HAWZEM,0.9999964073205077
EGOZAB,BAHGUN01,0.9999934050799196
EGOZAB,BAHGUN,0.9999913125059052
EGOZAB,QERZUI,0.9999860622026392
EGOZAB,BAHGUN03,0.9999838840190124
EGOZAB,BAHGUN02,0.9999044274470302
EGOZAB,QERZUI01,0.9998776823751064
EGOZAB,UGEPEB01,0.9997628248393496
EGOZAB,MURREW,0.9997169103741128
EGOZAB,UFUNIS,0.9996469855170098
EGOZAB,NIHDEQ,0.9996136803460172
EGOZAB,KAKTIA01,0.9994887702666144
EGOZAB,UGEPEB,0.9994630389248148
EGOZAB,POFDEV,0.999413093402979
EGOZAB,AHEMEG,0.9990782497622364
EGOZAB,IPINAY,0.9990184741772938
EGOZAB,VOJPUG01,0.9989827577866696
EGOZAB,NELCEN,0.99735126535266
EGOZAB,POFFEX,0.996870456492156
EGOZAB,QIWQES,0.9935226290227172
EGOZAB,IXAJUN,0.8792888487686843
EGOZAB,JALPAQ,0.8792738899586681
EGOZAB,XICKOL,0.8780343818849277
EGOZAB,EDOSEY,0.8662440747005637
DOTSOV32,DOTSOV38,0.999999998839484
DITTEH,DURDAX,0.974339672567782
DITTEH,PUGSER,0.9986527668620904
DITTEH,JENKET,0.9474484093124744
DITTEH,ROZXEL,0.932803793197558
DITTEH,UFAMEW,0.9305699281896612
DITTEH,QUQFEO,0.9192081542745184
DITTEH,EZINAE,0.9024879517787991
DITTEH,REGREC,0.8872977620122853
DITTEH,VEGMOK04,0.8872738277865704
DITTEH,NIWYID,0.8872061243679119
DITTEH,NIWYOJ,0.8870464595758801
DITTEH,IFABIA02,0.8869956647636987
DITTEH,IFABIA01,0.8869736976682011
DITTEH,IJEXIF01,0.8868540737344102
DITTEH,VEHKAW,0.8867983770769996
DITTEH,NANYUX03,0.8867853022935244
DITTEH,VUSKEA,0.8854458294491415
DITTEH,PEVQIS,0.8853972719978964
DITTEH,MIBQAR12,0.8853921251048366
DITTEH,MIBQAR01,0.8853333624656211
DITTEH,HOLRAD,0.8853271484913121
DITTEH,VAZTUM,0.8853122425335368
DITTEH,LAWGOG,0.8853064853241219
DITTEH,GOSDUP,0.8845672031978921
DITTEH,TONQOD,0.8836369666695998
DITTEH,RUPVAB,0.8766308061221512
DITTEH,JAYXAL,0.8727381758947685
DITTEH,YICQOS,0.870772179800732
DITTEH,XAFFER,0.8658183695248236
DITTEH,XAFFAN,0.8651847449861023
PASGIB02,PASGEX04,0.999998468432901
PASGIB02,NIPWIT01,0.8946656549644256
PASGIB02,DECYOC,0.8807188520982644
PASGIB02,DECXUH,0.8763943109437007
PASGIB02,TACTUP,0.8740466189569182
TACTUP,PASGEX04,0.8738395069415327
TACTUP,DECXUH,0.8647767694006993
IGAHED01,UGECEO01,0.999913571534599
IGAHED01,IGAHED02,0.999761251850255
IGAHED01,IGAHED,0.9997539981886572
IGAHED01,SACMOA,0.9995335680081608
IGAHED01,XUZRIU,0.8640549180014658
IGAHED01,XEVSIB,0.8636104456711144
IGAHED01,HABZEQ,0.8634554796169293
MIBQAR,MIBQAR01,0.999999877256754
MIBQAR,MIBQAR06,0.9999989145373208
DOTSOV08,DOTSOV12,0.9999999895820688
DOTSOV08,BODPAN,0.9999722533171904
DOTSOV08,XAMDUM04,0.9999622508765532
DOTSOV08,LUDLIH,0.9999559332231308
DOTSOV08,XAMDUM01,0.9999503056132762
DOTSOV08,YOZMEH,0.9999464017900946
DOTSOV08,FIQCEN,0.9999444147684587
DOTSOV08,XAMDUM06,0.9999396142372068
DOTSOV08,YOZNIM,0.9999341393107452
DOTSOV08,YOZMIL,0.9999309189364444
DOTSOV08,YOZNEI,0.999912922816752
DOTSOV08,YOZMOR,0.9999110880057688
DOTSOV08,DIHVIB,0.9999014516931356
DOTSOV08,DOTSOV07,0.9997408988302732
DOTSOV08,WULJUJ,0.9990948620062968
DOTSOV08,DOTSOV02,0.999073708544422
DOTSOV08,QIZLIW,0.9990023811012624
DOTSOV08,QAWHIH,0.998757839879168
DOTSOV08,OQIZUL,0.9977797416161666
DOTSOV08,YOZNUY,0.9977627018081278
DOTSOV08,GAVDUD,0.9972005602350128
DOTSOV08,QIZLOC,0.9950783254744018
DOTSOV08,YOZNOS,0.9911911613821086
DOTSOV08,BABREE,0.9324954761296984
DOTSOV08,ORAWAH,0.93168916889173
DOTSOV08,EXOYAS,0.9199364619293514
DOTSOV08,RAWYAS,0.9193495018652572
DOTSOV08,YUGLES,0.90768485707231
DOTSOV08,YAGHUM,0.9075452035421406
DOTSOV08,NUTQEZ,0.907283251194374
DOTSOV08,HANWAW,0.906930601161263
DOTSOV08,HUCBOX02,0.8973567654169241
DOTSOV08,MOFGOE,0.8962956867261792
DOTSOV08,IPUPIU,0.8868423570502197
DOTSOV08,IPUPOA,0.8856151131294308
DOTSOV08,KANMIX,0.884945926635277
DOTSOV08,XEDMEB,0.884935797889601
DOTSOV08,ADONEP,0.8846758306858842
DOTSOV08,EXAXAE03,0.8825426565539558
DOTSOV08,EMUBIZ,0.8825123607423393
DOTSOV08,ANUGOG,0.8779620211885113
DOTSOV08,NEMCOA,0.8753337404328814
DOTSOV08,LAQNID,0.8692419399573739
DOTSOV08,OKABAE,0.8676511646401723
DOTSOV08,KIRFOI,0.8666244848980653
DOTSOV08,XICKOL,0.8608883152296858
HUCBOX02,DOTSOV12,0.8973571051206546
HUCBOX02,DOTSOV14,0.8973571046203004
HUCBOX02,DOTSOV15,0.8973567644445024
HUCBOX02,DOTSOV10,0.8973567643407673
HUCBOX02,DOTSOV11,0.8973567616861803
HUCBOX02,DOTSOV13,0.8973567614247182
HUCBOX02,XAMDUM04,0.8973270561371037
HUCBOX02,XAMDUM03,0.8973208671760124
HUCBOX02,LUDLIH,0.8973175888871133
HUCBOX02,XAMDUM01,0.8973072597037183
HUCBOX02,UXISUR,0.8973030464505348
HUCBOX02,YOZMEH,0.8973030223543865
HUCBOX02,FIQCEN,0.8973010352208195
HUCBOX02,YOZNIM,0.897291148402
HUCBOX02,YOZMIL,0.8972888200086166
HUCBOX02,YOZNEI,0.8972726191948438
HUCBOX02,YOZMOR,0.8972696443375969
HUCBOX02,DIHVIB,0.8972580568745044
HUCBOX02,EBAMUS,0.8972442010976611
HUCBOX02,DOTSOV07,0.8971499364729904
HUCBOX02,WULJUJ,0.8965491277019965
HUCBOX02,DOTSOV02,0.8965291953190185
HUCBOX02,OQIZUL,0.8951361160048447
HUCBOX02,YOZNUY,0.8951189369416908
HUCBOX02,NEHZOS,0.8945758902284362
HUCBOX02,GAVDUD,0.8945597627441502
HUCBOX02,NEHZUY,0.8945004200372328
HUCBOX02,KAJZIH,0.893262084162565
HUCBOX02,YOZNOS,0.8888285995572625
HUCBOX02,YOZMUX,0.8849810112969285
LAWGOG,LAWFOF,0.9999999841635812
LAWGOG,HOLRAD,0.9999999455042186
LAWGOG,MIBQAR01,0.9999999053931596
LAWGOG,SAHYIK,0.999999790877534
LAWGOG,PEVQIS,0.9999988489243112
LAWGOG,VUSKEA,0.9999974616673012
LAWGOG,PEVQOY,0.9999860316363548
LAWGOG,IFABIA01,0.998888938104564
LAWGOG,VEGMOK04,0.9984235495068208
LAWGOG,ORIBAU,0.995407546249341
LAWGOG,PIWLAL,0.9435501315867376
LAWGOG,BABRII,0.9076218758488416
LAWGOG,VIKBUP,0.906008565614584
LAWGOG,HUTZAX01,0.905884827766198
LAWGOG,JENKET,0.9036493243807138
LAWGOG,JEDDII,0.8971897940443769
LAWGOG,SACHIP,0.8960800448820019
LAWGOG,ACODIH,0.8947300800713057
LAWGOG,QEDZEG,0.8909643611696301
LAWGOG,EKEKEL,0.8872925526883663
LAWGOG,UKOLOV,0.8851656322949882
LAWGOG,WORLAS,0.8849560155338988
LAWGOG,MIMRAB01,0.8842342051135593
LAWGOG,NIKHAS,0.8840107975133373
LAWGOG,QAQSAD,0.8822299702561266
LAWGOG,IDIXAU,0.8778288652411161
LAWGOG,WUMDIT,0.8765823689983085
LAWGOG,IJEXIF01,0.8744440598772567
LAWGOG,NIWYID,0.8737720029155693
LAWGOG,REGREC,0.8730636087982764
LAWGOG,MEWPIQ,0.8724729198195484
LAWGOG,FUTYOK,0.8717852733902444
LAWGOG,RUPVAB,0.8715276314498267
LAWGOG,NANYUX01,0.8706077851933949
LAWGOG,VEHKAW,0.8705225492112119
LAWGOG,NANYUX03,0.8704825082059516
LAWGOG,OKELOH,0.8666905912867741
LAWGOG,SAVMAE,0.8642421233757378
LAWGOG,XEGWIS,0.862544493935461
LAWGOG,XEGXIT,0.8625137741815879
LAWGOG,XEGWAK,0.8625014981630905
LAWGOG,IGUFOH,0.8610953313307392
DOTSOV21,DOTSOV03,0.9999999997285054
DOTSOV21,DOTSOV24,0.9999999930470412
RUBTAK05,SURKUN01,0.9999999999200232
RUBTAK05,RUBTAK07,0.9999999982117412
RUBTAK05,UFOSEQ,0.9999999953829172
RUBTAK05,SURLEY,0.9999999919316056
RUBTAK05,RUBTAK03,0.9999999905444866
RUBTAK05,UVAHIK,0.9470053104699212
RUBTAK05,WIZMAV10,0.9469457628054224
RUBTAK05,WIZMAV11,0.9469429934596292
RUBTAK05,WIZMAV08,0.9469415258910728
RUBTAK05,WIZMAV06,0.946938882466972
RUBTAK05,ERARUM,0.9469129313967412
RUBTAK05,ERANAO,0.9367937279558108
RUBTAK05,WUPTUY01,0.9049554912911656
RUBTAK05,HERHEU,0.904633623361964
RUBTAK05,BUNLAZ,0.8982348182028491
RUBTAK05,IZIBUQ,0.8904993114855421
RUBTAK05,DITJOH,0.8778607034129241
RUBTAK05,ESEBOV,0.8753334335504753
NUTQEZ,NUTQAV,0.9999946847821296
NUTQEZ,YAGHUM,0.9999792696487888
NUTQEZ,YUGLES,0.9999462160849883
NUTQEZ,OGEBAF,0.9370032902861598
NUTQEZ,OGEBAF01,0.9367173356414616
NUTQEZ,QAWHIH01,0.908235939349542
NUTQEZ,OQIZUL,0.9079897843277536
NUTQEZ,YOZPAG,0.9078795925981392
NUTQEZ,DIHVIB,0.9078012020066144
NUTQEZ,YOZNEI,0.9077730500765112
NUTQEZ,YOZNIM,0.9077213021984452
NUTQEZ,DIHVIB01,0.9076836393461222
NUTQEZ,LUDLIH,0.9076414550989864
NUTQEZ,XAMDUM03,0.9076191084043106
NUTQEZ,BODPAN,0.9075812730597108
NUTQEZ,XAMDUM05,0.9075716667527108
NUTQEZ,XAMDUM02,0.907555840138918
NUTQEZ,DOTSOV42,0.9073082003174472
NUTQEZ,DOTSOV13,0.9072869671658068
NUTQEZ,DOTSOV11,0.9072867839728076
NUTQEZ,DOTSOV15,0.9072850466367336
NUTQEZ,DOTSOV10,0.9072850457414018
NUTQEZ,EBAMUS,0.9072849047683051
NUTQEZ,DOTSOV14,0.9072848179010888
NUTQEZ,DOTSOV16,0.907283218450967
NUTQEZ,FISGOF,0.9069867874582626
NUTQEZ,WULJUJ,0.9057680490879852
NUTQEZ,QIZLIW,0.9043309576638738
NUTQEZ,YOZNOS,0.9012413963054028
NUTQEZ,GAVDUD,0.9012198660647684
NUTQEZ,NEHZUY,0.9011291794536022
NUTQEZ,KAJZIH,0.899248202182878
NUTQEZ,YOZMUX,0.8978850359742204
NUTQEZ,QIYDIN,0.8852028119940973
NUTQEZ,FAGQAI,0.8802974825548419
NUTQEZ,LASYOU,0.8651280333279422
OQIZUL,YOZNUY,0.9999999656760196
OQIZUL,QAWHIH,0.999858483323785
OQIZUL,QAWHIH01,0.9998420792610776
OQIZUL,TISPAO,0.9993503192604194
OQIZUL,DIHVIB,0.9986154219660268
OQIZUL,YOZMOR,0.9985766882402112
OQIZUL,YOZNEI,0.9985669071520372
OQIZUL,YOZMIL,0.9984920461826576
OQIZUL,XAMDUM06,0.9984505337358304
OQIZUL,UXISUR,0.9984148596592562
OQIZUL,DIHVIB01,0.9984139618578364
OQIZUL,XAMDUM01,0.9983932757717462
OQIZUL,RILFEA,0.9983922656473851
OQIZUL,LUDLIH,0.9983453244259448
OQIZUL,XAMDUM03,0.9983070898406532
OQIZUL,XAMDUM04,0.9982757714095376
OQIZUL,BODPAN,0.9982456220773008
OQIZUL,XAMDUM05,0.9982299242501292
OQIZUL,XAMDUM02,0.9982154805373916
OQIZUL,EBAMUS,0.9978631378083292
OQIZUL,DOTSOV42,0.9978176217041932
OQIZUL,DOTSOV14,0.9977821291213008
OQIZUL,DOTSOV12,0.9977797045571978
OQIZUL,DOTSOV16,0.9977796920170836
OQIZUL,DOTSOV07,0.9970326261096712
OQIZUL,WULJUJ,0.9959554901479124
OQIZUL,QIZLIW,0.9938240325856096
OQIZUL,NEHZOS,0.9900778329817496
OQIZUL,GAVDUD,0.9900443048290491
OQIZUL,KAJZIH,0.9877284519817718
OQIZUL,QIZLOC,0.9863482647719082
OQIZUL,LASYOU,0.9469955412042242
OQIZUL,DALSOA,0.931031489757824
OQIZUL,BABREE,0.9281424413231442
OQIZUL,MIKVEK,0.9238108361845108
OQIZUL,IWEVAJ,0.9166391607541614
OQIZUL,EXOYAS,0.9165777335074584
OQIZUL,RAWYAS,0.9145892418058054
OQIZUL,NUTQAV,0.9079103588141514
OQIZUL,YAGHUM,0.9078227069790152
OQIZUL,YUGLES,0.9077003038088152
OQIZUL,EXOGAB,0.9042285820043224
OQIZUL,MOBDIR,0.8917112777706397
OQIZUL,PIDRAY,0.8911294527446627
OQIZUL,IPUPIU,0.8866331093073627
OQIZUL,HOYQIX,0.88645406347978
OQIZUL,USEVOF,0.8839487723585108
OQIZUL,KANMIX,0.883801752049106
OQIZUL,WANJIF,0.8826823647528861
OQIZUL,XEDMEB,0.8815995684108715
OQIZUL,IPUPOA,0.8795585377822168
OQIZUL,ANUGIA,0.8776214593456926
OQIZUL,EXAXAE,0.8761754279144358
OQIZUL,ANUGOG,0.8758890092745092
OQIZUL,EXAXAE03,0.8756232517242162
OQIZUL,NEMCOA,0.8683267012032163
OQIZUL,CEKHUY,0.8674372253607829
OQIZUL,LAQNID,0.8664856641044699
OQIZUL,OKABAE,0.8616629943333426
OQIZUL,KIRFOI,0.8596001378283067
FUMJAZ01,FUMJAZ,0.9999970693352982
FUMJAZ01,TIDNIF,0.9070716560322668
FUMJAZ01,BAKJOO,0.9047494568638484
FUMJAZ01,LIDSIC,0.9043663651368488
FUMJAZ01,BAKJEE,0.903858075234366
FUMJAZ01,CAXZOS,0.8837517676214202
FUMJAZ01,DIDBOJ,0.8833062446585439
FUMJAZ01,DIDBEZ,0.882934618153211
FUMJAZ01,JODGIU,0.882805065427106
FUMJAZ01,ERUNUC,0.8811657591827478
FUMJAZ01,FILYEG,0.8667128200194089
FUMJAZ01,DAFHEZ,0.8654156910676987
FUMJAZ01,XADDUD,0.865364649952382
FUMJAZ01,XADDOX,0.8646808655730198
FUMJAZ01,FILYAC,0.8626194689121961
ATAFIK,CIZQUZ,0.9999917108872064
XAMDUM06,YOZMEH,0.9999997977024718
XAMDUM06,UXISUR,0.999999796355534
XAMDUM06,DIHVIB01,0.9999997743097516
XAMDUM06,YOZMIL,0.999999574228186
XAMDUM06,XAMDUM01,0.999999469661943
XAMDUM06,RILFEA,0.9999994605621868
XAMDUM06,DIHVIB,0.9999953494945064
XAMDUM06,XAMDUM05,0.9999926195380896
XAMDUM06,XAMDUM04,0.9999899266134008
XAMDUM06,XAMDUM02,0.9999751917305798
XAMDUM06,DOTSOV42,0.9999457379823024
XAMDUM06,DOTSOV13,0.9999405419175856
XAMDUM06,DOTSOV10,0.9999400629140538
XAMDUM06,DOTSOV14,0.999939994711514
XAMDUM06,DOTSOV16,0.9999396060374662
XAMDUM06,TISPAO,0.9998070869841212
XAMDUM06,QAWHIH01,0.9992811821333348
XAMDUM06,WULJUJ,0.9988801148467656
XAMDUM06,DOTSOV02,0.9988583649648346
XAMDUM06,NEHZOS,0.9963415778070464
XAMDUM06,GAVDUD,0.9963209245479911
XAMDUM06,NEHZUY,0.9962551017772104
XAMDUM06,YOZMUX,0.9880449304064304
XAMDUM06,DALSOA,0.9329860593745758
XAMDUM06,BABREE,0.9320819666436124
XAMDUM06,MIKVEK,0.9297842995047384
XAMDUM06,EXOYAS,0.9196877724919738
XAMDUM06,IWEVAJ,0.918676229688124
XAMDUM06,YUGLES,0.9079932851214488
XAMDUM06,YAGHUM,0.907896771433394
XAMDUM06,EXOGAB,0.9076666445286627
XAMDUM06,HANWAW,0.9063152595245674
XAMDUM06,MOFGOE,0.8958448537027853
XAMDUM06,IPUPIU,0.8871137788654158
XAMDUM06,KANMIX,0.8850631992634541
XAMDUM06,USEVOF,0.8850435968364196
XAMDUM06,IPUPOA,0.8849186189807697
XAMDUM06,WANJIF,0.8848644482948078
XAMDUM06,XEDMEB,0.8846908036338876
XAMDUM06,ADONEP,0.8844477340562754
XAMDUM06,EXAXAE,0.8820310041010988
XAMDUM06,EXAXAE03,0.88170250986535
XAMDUM06,ANUGOG,0.8779259692260285
XAMDUM06,ANUGIA,0.8775294231879434
XAMDUM06,NEMCOA,0.8744790012030396
XAMDUM06,HIDTUM,0.8731735755970098
XAMDUM06,LAQNID,0.8690929249764697
XAMDUM06,KIRFOI,0.8657668606328367
DIDVIW,DADTOS12,0.9999999969734198
DIDVIW,DADTOS05,0.9999999387068488
DIDVIW,DADTOS08,0.9999999381162306
DIDVIW,DADTOS01,0.999999895701576
DIDVIW,DADTOS,0.9999997531878636
DIDVIW,DADTOS02,0.9999990724477268
DIDVIW,YANWOC02,0.9999981340327376
DIDVIW,DADTOS13,0.999996890030294
DIDVIW,REZJIR02,0.9999663203807172
DIDVIW,YUKTUU01,0.9999652259085738
DIDVIW,VIRJEM,0.9999480149541408
DIDVIW,PADJOU01,0.999933961260004
DIDVIW,LIJWOR02,0.9999009239165148
DIDVIW,MNFORD02,0.9998998071144944
DIDVIW,LIJWOR,0.9998961387072997
DIDVIW,IQEWOQ,0.9987264306657944
SAQQOR,ATIKIX,0.940871702969568
SAQQOR,REQDEX,0.944274362229664
FECXUI,WORLAS,0.999829832470943
WIZMAV11,WIZMAV,0.9999999988946988
WIZMAV11,WIZMAV04,0.9999999983008406
WIZMAV11,WIZMAV08,0.9999999980144424
WIZMAV11,WIZMAV09,0.9999999979696388
WIZMAV11,WIZMAV07,0.9999999943151054
WIZMAV11,WIZMAV06,0.999999984495344
WIZMAV11,WIZMAV12,0.9999998406445374
WIZMAV11,GERBEN,0.9554190549898164
WIZMAV11,EMIYUW,0.9548630378902616
WIZMAV11,GAYXEM,0.9534048945053624
WIZMAV11,BUNKUS,0.9487879139315736
WIZMAV11,OFOJAX,0.9310388182427936
WIZMAV11,DITJOH,0.9225378822073572
WIZMAV11,IZIBUQ,0.9102261639985756
WIZMAV11,ESEBOV,0.8931891825515543
WIZMAV11,UNEJEE,0.8929008489362289
WIZMAV11,WUPTUY01,0.8634696947520507
YOZNIM,FIQCEN,0.9999995518866904
YOZNIM,YOZMEH,0.9999993563616264
YOZNIM,UXISUR,0.9999993541330884
YOZNIM,XAMDUM01,0.9999988633873012
YOZNIM,RILFEA,0.9999988234663156
YOZNIM,YOZMOR,0.9999981070874876
YOZNIM,YOZNEI,0.9999980003748492
YOZNIM,LUDLIH,0.9999955022044617
YOZNIM,XAMDUM03,0.9999954592237384
YOZNIM,XAMDUM05,0.9999906511155204
YOZNIM,XAMDUM04,0.9999889013837936
YOZNIM,YOZPAG,0.9999858859198556
YOZNIM,DOTSOV13,0.9999351082384044
YOZNIM,DOTSOV11,0.9999350605900784
YOZNIM,DOTSOV15,0.9999346081335424
YOZNIM,DOTSOV10,0.999934607894034
YOZNIM,DOTSOV12,0.99993414302117
YOZNIM,DOTSOV16,0.9999341307581648
YOZNIM,EBAMUS,0.9998229336504504
YOZNIM,TISPAO,0.9998165456246604
YOZNIM,DOTSOV07,0.999593276897224
YOZNIM,QAWHIH01,0.9992994672861611
YOZNIM,QAWHIH,0.9992635402141864
YOZNIM,DOTSOV02,0.998852740677476
YOZNIM,NEHZOS,0.9962999729599288
YOZNIM,QIZLOC,0.9938834027288284
YOZNIM,YOZNOS,0.9918583791912468
YOZNIM,LASYOU,0.9465808593065684
YOZNIM,DALSOA,0.9329824338772648
YOZNIM,ORAWAH,0.9322132848215088
YOZNIM,MIKVEK,0.9297460170380888
YOZNIM,ONIXOZ,0.9246318964946764
YOZNIM,EXOYAS,0.9196737818453052
YOZNIM,RAWYAS,0.9188443135292528
YOZNIM,IWEVAJ,0.9186802677750782
YOZNIM,YUGLES,0.9080041406665844
YOZNIM,YAGHUM,0.907909538747918
YOZNIM,NUTQAV,0.9078217880214768
YOZNIM,OFOCUI,0.9076969688918504
YOZNIM,EXOGAB,0.9076502207985564
YOZNIM,HANWAW,0.9062866790281014
YOZNIM,PIDRAY,0.8997301336296697
YOZNIM,MOFGOE,0.8958220381477606
YOZNIM,MOBDIR,0.8958191017357358
YOZNIM,IPUPIU,0.8871230039532536
YOZNIM,WANJIF,0.8848615641496016
YOZNIM,XEDMEB,0.8846771293287126
YOZNIM,ADONEP,0.8844387750707927
YOZNIM,EXAXAE,0.8819930255369661
YOZNIM,EXAXAE03,0.8816625733086596
YOZNIM,EMUBIZ,0.8816274194932998
YOZNIM,ANUGOG,0.8779215677277427
YOZNIM,ANUGIA,0.8775436464863897
YOZNIM,NEMCOA,0.8744383738788498
YOZNIM,HIDTUM,0.8731260654601548
YOZNIM,LAQNID,0.8690835245302744
YOZNIM,KIRFOI,0.8657261101606394
YOZNIM,XICKOL,0.8605563061433249
XOMHEO,UFOFUT,0.9836137202977596
PUGSER,JENKET,0.947808205972298
PUGSER,BABRII,0.944821221157757
PUGSER,PIWLAL,0.9325810769911952
PUGSER,ROZXEL,0.9325169243843036
PUGSER,UFOFUT,0.9321272694841234
PUGSER,UFAMEW,0.9256215562494654
PUGSER,QUQFEO,0.9184020342942448
PUGSER,EZINAE,0.9012879743143826
PUGSER,ORIBAU,0.8871159061288483
PUGSER,NANYUX03,0.8871003068735328
PUGSER,VEHKAW,0.8870902621901533
PUGSER,FUTYOK,0.8866922578457481
PUGSER,REGREC,0.885904851526453
PUGSER,VEGMOK04,0.8855652777427512
PUGSER,NIWYID,0.8851555010679282
PUGSER,QEDZEG,0.8847403505623618
PUGSER,IFABIA02,0.8846526916811501
PUGSER,IJEXIF01,0.8839652862301565
PUGSER,VEHJUP,0.8832614654178653
PUGSER,GOSDUP,0.8830612736010442
PUGSER,PEVQOY,0.8812942531611266
PUGSER,VUSKEA,0.8809593455104026
PUGSER,MIBQAR12,0.8808608488136308
PUGSER,MIBQAR07,0.8808533645124577
PUGSER,HOLRAD,0.880742447374647
PUGSER,LAWFOF,0.880725056449668
PUGSER,JAYXAL,0.8716382161474405
PUGSER,RUPVAB,0.8678508814303719
PUGSER,XAFFAN,0.8658846267888725
PUGSER,XAFFER,0.8653518242631926
KEQDER,JOVYAW,0.9198616235098384
MOFGOE,MOBDIR,0.999999998049698
MOFGOE,QIZLIW,0.8968867024537316
MOFGOE,DOTSOV16,0.8962957132202818
MOFGOE,DOTSOV14,0.8962943425317065
MOFGOE,DOTSOV11,0.8962928197218432
MOFGOE,DOTSOV13,0.8962926707154408
MOFGOE,DOTSOV07,0.8962917941830518
MOFGOE,NEHZOS,0.8961651144760823
MOFGOE,GAVDUD,0.8961551990068816
MOFGOE,NEHZUY,0.8961252182911482
MOFGOE,EBAMUS,0.8960094418371314
MOFGOE,BODPAN,0.8960040116700101
MOFGOE,XAMDUM04,0.8959716724805081
MOFGOE,LUDLIH,0.8959252951642159
MOFGOE,XAMDUM01,0.8958917458290214
MOFGOE,DIHVIB01,0.8958749919890125
MOFGOE,DOTSOV02,0.8958549907173577
MOFGOE,YOZNEI,0.895741423107736
MOFGOE,YOZPAG,0.8955584690751541
MOFGOE,QIZLOC,0.8948881008397421
MOFGOE,TISPAO,0.8947395902422018
MOFGOE,QAWHIH01,0.893367434892165
MOFGOE,QAWHIH,0.8932872298321705
MOFGOE,YOZMUX,0.8809191394410545
ERUNIQ,LASMAV,0.9999752080640134
ERUNIQ,TATSIS01,0.9998479548734442
ERUNIQ,KEJWAY,0.9997614852347528
ERUNIQ,ABAVIJ,0.9995068407762764
ERUNIQ,BIPXIK,0.9992278279020744
ERUNIQ,BOWDIC,0.9991998072830508
ERUNIQ,YODRAM,0.9991219511683628
ERUNIQ,BOWDUO,0.9991204875879603
ERUNIQ,BOWDOI,0.9990310551553544
ERUNIQ,VEDGAO,0.9989593504936348
ERUNIQ,VEDFER,0.9989476665489688
ERUNIQ,VEDFIV,0.998803863958997
ERUNIQ,ABAVOP,0.9987885768882696
ERUNIQ,VEDGIW,0.998710111373986
ERUNIQ,VEDGES,0.9986741231017074
ERUNIQ,VODNOS,0.998669949434632
ERUNIQ,CIJBEE,0.998664106462883
ERUNIQ,OJOBAS,0.9984158102007706
ERUNIQ,ABAVUV,0.9954841780178286
ERUNIQ,CAXZOS,0.9226358903441824
ERUNIQ,DIDBOJ,0.922105423065273
ERUNIQ,DIDBEZ,0.9217427311795892
ERUNIQ,DIDBID,0.9216783163237606
ERUNIQ,ERUNUC,0.9215331518041376
ERUNIQ,BUKLOJ,0.8848944230681052
ERUNIQ,ESEQUO,0.8788657798202338
ERUNIQ,FEVDER,0.8788094676438323
ERUNIQ,LIDSIC,0.8769747915524249
ERUNIQ,BAKJEE,0.8765335869016465
ERUNIQ,XALMOO,0.8599900344847051
XIHSAJ01,XIHSEN01,0.999999641253803
XIHSAJ01,XIHSEN,0.999991397571846
XIHSAJ01,XIHSAJ,0.9999836620233018
XIHSAJ01,FILYEG,0.8633642827431847
XIHSAJ01,XADDOX,0.8622439359664791
XIHSAJ01,COXFOL,0.8619853239204581
XIHSAJ01,HABZEQ,0.8614032614937824
XIHSAJ01,XEVSIB01,0.8606281696265685
XIHSAJ01,XEVSIB,0.8605795937262197
VAKRIK,VEGMIE01,0.9999844710630568
VEMTAJ01,DUVNIS,0.9999995290290014
DOTSOV,DOTSOV17,0.9999999051160524
DOTSOV05,DOTSOV04,0.9999999997628496
DOTSOV22,DOTSOV20,0.9999999999305796
MIBQAR07,PEVQIS,0.999999699097976
MIBQAR07,VAZTUM,0.9999986918615736
MIBQAR07,LAWFOF,0.9999986189860922
MIBQAR07,SAHYIK,0.9999984634405588
MIBQAR07,PEVQOY,0.9999914832938224
MIBQAR07,IFABIA02,0.9989815271261506
MIBQAR07,IFABIA01,0.9989653531645256
MIBQAR07,VEGMOK04,0.9984954563138052
MIBQAR07,ORIBAU,0.995531293909084
MIBQAR07,ROZXEL,0.9438354833031166
MIBQAR07,ODODIW,0.906656611381928
MIBQAR07,VIKBUP,0.906094678967304
MIBQAR07,HUTZAX01,0.9059730827926596
MIBQAR07,JENKET,0.9037733670717184
MIBQAR07,GOSDUP,0.8954723530485118
MIBQAR07,ACODIH,0.8948237736663568
MIBQAR07,TONQOD,0.8914565699366459
MIBQAR07,EKEKEL,0.8872962107874396
MIBQAR07,DARYIF,0.884311722422497
MIBQAR07,MIMRAB01,0.8843015572034472
MIBQAR07,NIKHAS,0.884118037383698
MIBQAR07,QAQSAD,0.88232830219638
MIBQAR07,NAWXER,0.8818756093903907
MIBQAR07,IDIXAU,0.8779842652545359
MIBQAR07,WUMDIT,0.8766505812009329
MIBQAR07,VEHJUP,0.8747160857792036
MIBQAR07,ULISOZ,0.8736903588856718
MIBQAR07,REGREC,0.8731434377815851
MIBQAR07,XAFFAN,0.8728512645287095
MIBQAR07,FUTYOK,0.871889392702152
MIBQAR07,NIWYOJ,0.871455649253884
MIBQAR07,NANYUX03,0.8706060524636274
MIBQAR07,AXOCEW,0.8691923546090691
MIBQAR07,GADROU,0.8681447695703669
MIBQAR07,OKELOH,0.8667828686902568
MIBQAR07,PEGCIP,0.8657439579408652
MIBQAR07,XEGWIS,0.8626940884283898
MIBQAR07,KAHMOW,0.8626784118557256
MIBQAR07,XEGXIT,0.8626637113466347
MIBQAR07,XEGWAK,0.862652178909488
MIBQAR07,IGUFOH,0.861264967804844
MIBQAR07,EGIKUB01,0.8607003975312868
SIXWON,VIKBUP,0.8601686602129962
AMOBEL01,SIWYOO,0.9993886721398252
AMOBEL01,SIWQIA02,0.9993259858474008
AMOBEL01,YUKVUW04,0.998853175970651
AMOBEL01,DAXNIA,0.9984146935515352
AMOBEL01,TEVZOK,0.9942781693996716
AMOBEL01,ELUQIM08,0.992480688199038
AMOBEL01,ELUQIM13,0.9922823494783952
HEHROE,LAYXER,0.9997188751151046
HEHROE,ANUGEW,0.9993543637117304
HEHROE,ANUGIA,0.978623368723597
HEHROE,IPUPOA,0.9742607666822805
HEHROE,ICAREL,0.971572693954678
HEHROE,HOYQIX,0.9675831143479672
HEHROE,IPUPIU,0.967014268563781
HEHROE,BAZFUF,0.9654845596132342
HEHROE,QOWRAV10,0.9528873474399652
HEHROE,QOWRAV09,0.9528654423025918
HEHROE,QOWRAV08,0.952827315358416
HEHROE,QOWRAV07,0.9528007274371088
HEHROE,QOWRAV05,0.9527235714903552
HEHROE,QOWRAV04,0.9527086552060542
HEHROE,QOWRAV02,0.9526999593059342
HEHROE,LIGQEA,0.9480052119197198
HEHROE,EXOGAB,0.9452966652191144
HEHROE,LAQNID,0.925156875062578
HEHROE,ONIXOZ,0.9190242779417276
HEHROE,ORAWAH,0.9083924763451864
HEHROE,FISGOF,0.9047570062493668
HEHROE,LASYOU,0.8939568596486176
HEHROE,CEFNIN,0.8841358792766695
HEHROE,EDOSEY,0.8803302313555575
HEHROE,IXAJUN,0.8727828664326183
HEHROE,JALPAQ,0.8725801783011657
HEHROE,NEMCOA,0.8656766352526575
HEHROE,SEMNIJ,0.8655504504749421
HEHROE,SIXNIZ,0.8620206239945953
HEHROE,ASIVAB,0.8618754603189944
CIKCOQ,FESYEK,0.9141339067554142
CIKCOQ,ECIWIW,0.9094731719280368
CIKCOQ,IGUTUB,0.909335495449834
CIKCOQ,IGUTUB01,0.909158148113631
CIKCOQ,IGUVIR,0.9091464137508456
CIKCOQ,SITDAD,0.9006426893917951
CIKCOQ,DUWBEE,0.8972996923099053
CIKCOQ,QEKLID,0.8949036448965053
CIKCOQ,NOLRIR,0.8930452757197944
CIKCOQ,PAQYAJ01,0.8811172743123928
CIKCOQ,PAQXUC,0.8810782157933761
CIKCOQ,ZASJAG,0.8792990031396906
CIKCOQ,RIGHAR,0.8792365626501812
CIKCOQ,AVAQIX,0.8787911545373984
CIKCOQ,WEBLAQ,0.8778860802102212
CIKCOQ,ROCZEQ,0.8744978967423553
CIKCOQ,CEHKUW,0.8599035028461025
CIKCOQ,SIZGEO,0.8595834992870961
DAFHID,QEZZED,0.9978775415099196
DAFHID,VEMSUC,0.8967480360548304
DAFHID,XUJQAV,0.8967230418846733
DAFHID,XUJPOI,0.8966931307572007
DAFHID,NUNPAP,0.8965322534768466
DAFHID,NUNNUH,0.8964457906363908
DAFHID,XUJPEY,0.896241606536471
DAFHID,XUJPIC,0.8958730627349798
DAFHID,PUNYON,0.8940548024311
DAFHID,XADWIK02,0.8652551993131942
DAFHID,XADWIK,0.8651154393264693
DAFHID,XADWIK01,0.8647096211360883
QOWRAV06,QOWRAV05,0.9999999825600084
QOWRAV06,QOWRAV03,0.9999999756555225
QOWRAV06,QOWRAV02,0.9999999541482856
QOWRAV06,QOWRAV08,0.9999999475438012
QOWRAV06,LIGQEA,0.9997514981045058
QOWRAV06,BAZFUF,0.99713389557116
QOWRAV06,BAZFUF01,0.9971101779083562
QOWRAV06,BAZGAM,0.9861215530702097
QOWRAV06,NAFSOF,0.9788223806456904
QOWRAV06,ANUGEW,0.9594693987170736
QOWRAV06,LAYXER,0.957321650574743
QOWRAV06,ANUGOG,0.9568246469344678
QOWRAV06,LAYWOA,0.9543846341303835
QOWRAV06,LAYXAN,0.9528571988765884
QOWRAV06,IPUPIU,0.9445892010484148
QOWRAV06,CEFNIN,0.9113970868789668
QOWRAV06,FISGOF,0.9011935412537088
QOWRAV06,AZAVUU,0.8886273355094938
QOWRAV06,LASYOU,0.862947121089123
DOTSOV26,DOTSOV38,0.999999999260666
DOTSOV26,DOTSOV25,0.999999999162568
WUCRUH,EBIHII,0.9958202862060156
WUCRUH,LARPOL,0.9999600895716574
WUCRUH,NINVAI,0.9961499133691027
DADVAG02,YUKVIK,0.9999832719414904
LIGQEA,QOWRAV04,0.9997572611484524
LIGQEA,QOWRAV03,0.9997563917300774
LIGQEA,QOWRAV05,0.9997556432001748
LIGQEA,QOWRAV07,0.9997471798578136
LIGQEA,QOWRAV12,0.9997423237988634
LIGQEA,QOWRAV11,0.9997413722460492
LIGQEA,QOWRAV09,0.9997399587173714
LIGQEA,QOWRAV10,0.9997374890455656
LIGQEA,BAZFUF,0.9952056493008762
LIGQEA,ICAREL,0.9877634809475824
LIGQEA,KIJRUS,0.9828054586771766
LIGQEA,NAFSOF,0.9741062186509976
LIGQEA,ANUGEW,0.9554493915649576
LIGQEA,ANUGOG,0.9541383772856838
LIGQEA,LAYWOA,0.9497929790244516
LIGQEA,LAYXAN,0.948110377668004
LIGQEA,IPUPIU,0.9425124033749228
LIGQEA,HOYQIX,0.9420210909388494
LIGQEA,CEFNIN,0.9094886534069914
LIGQEA,EXOGAB,0.904265653774705
LIGQEA,LAQNID,0.8918428644327955
LIGQEA,ORAWAH,0.879531194044784
LIGQEA,ENIHUG,0.8661412433213229
LIGQEA,SEMNIJ,0.8636332995805116
LIGQEA,MIKVEK,0.8624118689840501
LIGQEA,LASYOU,0.8612314126504522
YOZMEH,DIHVIB01,0.9999999880828117
YOZMEH,XAMDUM01,0.9999999166903364
YOZMEH,YOZMIL,0.9999988923949092
YOZMEH,YOZMOR,0.9999952965971216
YOZMEH,XAMDUM05,0.999994858098708
YOZMEH,DOTSOV42,0.9999521616761664
YOZMEH,DOTSOV13,0.999947275577194
YOZMEH,DOTSOV11,0.9999472326305204
YOZMEH,DOTSOV10,0.9999468244533456
YOZMEH,DOTSOV14,0.9999467593705388
YOZMEH,TISPAO,0.9997943938139566
YOZMEH,WULJUJ,0.998895758551528
YOZMEH,QIZLIW,0.9984870091942484
YOZMEH,YOZNUY,0.9984005684889128
YOZMEH,GAVDUD,0.996375084343686
YOZMEH,NEHZUY,0.9963097444341908
YOZMEH,QIZLOC,0.994005154464144
YOZMEH,YOZNOS,0.991781313751782
YOZMEH,LASYOU,0.9465398862317502
YOZMEH,DALSOA,0.9329904952329494
YOZMEH,BABREE,0.9321091829432292
YOZMEH,ONIXOZ,0.9247754368883362
YOZMEH,EXOYAS,0.9197054570844306
YOZMEH,IWEVAJ,0.9186817453384386
YOZMEH,YUGLES,0.9079787218855204
YOZMEH,OFOCUI,0.9076663176991848
YOZMEH,HANWAW,0.9063541310406872
YOZMEH,MOBDIR,0.8958713623594131
YOZMEH,IPUPIU,0.8871013585217006
YOZMEH,KANMIX,0.8850597025026479
YOZMEH,USEVOF,0.8850381939882785
YOZMEH,IPUPOA,0.8849621961723567
YOZMEH,XEDMEB,0.884708272969828
YOZMEH,ADONEP,0.8844641832270347
YOZMEH,EXAXAE,0.882080299582586
YOZMEH,ANUGIA,0.8775104667503651
YOZMEH,CEKHUY,0.8739887559041529
YOZMEH,OKABAE,0.8670089683285008
YOZMEH,KIRFOI,0.8658197498953404
SENNOP,MNMLTH,0.9967076717816596
SOWCOY,FUTYOK,0.8611182393983832
SOWCOY,REGREC,0.8611155314883696
SOWCOY,ULISOZ,0.8609782262213808
SOWCOY,NIWYID,0.8609183661366756
SOWCOY,NANYUX01,0.8608975836386417
SOWCOY,NANYUX03,0.8608750434841599
SOWCOY,IJEXIF01,0.860432523006591
NANYUX03,NIWYOJ,0.9999539037429832
NANYUX03,FUTYOK,0.9998886124262708
NANYUX03,REGREC,0.9994579074648844
NANYUX03,NIWYID,0.99896021761037
NANYUX03,UFAMEW,0.9420305042090776
NANYUX03,QUQFEO,0.9327789076331576
NANYUX03,QOPZIF,0.9178950327663328
NANYUX03,MOHLIF,0.903506517281634
NANYUX03,KEFBOO,0.8987082852854852
NANYUX03,DUNXUH15,0.8971291245080008
NANYUX03,DUNXUH13,0.8970635237760425
NANYUX03,HOGJIX,0.8969980877066306
NANYUX03,BUKMUQ01,0.8850763160579196
NANYUX03,DOYHIK,0.8777855878695832
NANYUX03,APACAX,0.8772633212512786
NANYUX03,DOYHOQ,0.87555531407853
NANYUX03,ORIBAU,0.8749994498579436
NANYUX03,NUFBOH,0.8744054112552658
NANYUX03,VEGMOK04,0.8742390114825711
NANYUX03,REDROI,0.8739792884849327
NANYUX03,IFABIA01,0.8735520024307352
NANYUX03,CUVTOD,0.872911974248739
NANYUX03,VUSKEA,0.8706931170656441
NANYUX03,PEVQIS,0.8706194783496997
NANYUX03,MIBQAR12,0.8706116325786519
NANYUX03,MIBQAR01,0.8705229317242609
NANYUX03,VAZTUM,0.8704911655247622
NANYUX03,SAHYIK,0.8704520843690151
NANYUX03,NUFCAU,0.8658539457094561
NANYUX03,SOWCOY01,0.8610452256367017
QIWCUW,PIWLAL,0.8595837731801106
QIWCUW,ROZXEL,0.8595705115676053
POFGUO,REYDOR,0.9947369019052912
POFGUO,AZAYEH,0.9075723177543386
MAGVOG29,MAGVOG28,0.9999999999128004
MAGVOG29,MAGVOG30,0.9999994176195972
MAGVOG29,MAGVOG32,0.9999983785629244
MAGVOG29,MAGVOG13,0.9999979048298908
MAGVOG29,ACAZEK,0.9969558581011068
MAGVOG28,MAGVOG30,0.999999403375898
MAGVOG28,MAGVOG13,0.9999979134630856
MAGVOG28,ACAZEK,0.9969550780684344
SURLEY,RUBTAK03,0.999999999945007
SURLEY,UFOSEQ,0.9999999995214768
SURLEY,UVAHIK,0.9470027102564722
SURLEY,WIZMAV10,0.9469428154794928
SURLEY,WIZMAV07,0.9469425187574828
SURLEY,WIZMAV09,0.9469415190854892
SURLEY,WIZMAV04,0.9469386660966423
SURLEY,WIZMAV08,0.9469385554205306
SURLEY,WIZMAV05,0.946934324051504
SURLEY,ERARUM,0.946909809242334
SURLEY,ERANAO,0.9367755742364656
SURLEY,OFOJAX,0.9096921475745005
SURLEY,GERBEN,0.9059061806311964
SURLEY,WUPTUY01,0.904945208575863
SURLEY,HERHEU,0.9046228579967744
SURLEY,GAYXEM,0.9031324537314932
SURLEY,BUNKUS,0.8974657275282699
SURLEY,IZIBUQ,0.8904845262673089
SURLEY,DITJOH,0.8778588655319431
SURLEY,ESEBOV,0.875324235017162
SURLEY,UNEJEE,0.8749072957756728
AMIXIE,DODMIT,0.9995601085185256
AMIXIE,NELRAY,0.9999917607731016
AMIXIE,HUCXUA,0.9079169240734128
AMIXIE,GEWSEJ,0.9028379037924392
NIKYOW,NIHBAI01,0.9999989519826638
NIKYOW,NIKZAJ01,0.9999976502230556
NIKYOW,CAJHUS01,0.999997194442576
NIKYOW,NIHBEM01,0.9999809078853352
NIKYOW,CAJHUS,0.9999196581296096
NIKYOW,NUDPAE01,0.9986528335663332
NIKYOW,XACLOF,0.996851588253435
NIKYOW,NUDNUW09,0.9967023970850796
NIKYOW,PESTAL,0.996666396984198
NIKYOW,NUDNUW01,0.9965552659969288
ACODIH,XOJWOJ,0.909775139747782
ACODIH,VEGMOK04,0.8972251116686223
ACODIH,IFABIA02,0.8968286662975296
ACODIH,IFABIA01,0.8968056949797936
ACODIH,VUSKEA,0.8948904417479824
ACODIH,PEVQIS,0.894834375045895
ACODIH,MIBQAR12,0.8948285662135188
ACODIH,HOLRAD,0.8947538232318611
ACODIH,LAWFOF,0.8947428110735135
ACODIH,VAZTUM,0.8947366546157923
ACODIH,SAHYIK,0.8947065980585649
YOZPAG,DIHVIB,0.9999962202174184
YOZPAG,YOZNEI,0.9999925966758813
YOZPAG,UXISUR,0.9999792819124926
YOZPAG,XAMDUM01,0.9999767446069912
YOZPAG,RILFEA,0.9999766238503658
YOZPAG,LUDLIH,0.9999689006963046
YOZPAG,XAMDUM03,0.9999653679492796
YOZPAG,BODPAN,0.9999559256902132
YOZPAG,XAMDUM05,0.9999535663186984
YOZPAG,XAMDUM02,0.9999367465105476
YOZPAG,DOTSOV15,0.9998597724519638
YOZPAG,DOTSOV10,0.9998597721084346
YOZPAG,DOTSOV14,0.99985968411301
YOZPAG,EBAMUS,0.9997649652746136
YOZPAG,QAWHIH01,0.9994841077773744
YOZPAG,DOTSOV07,0.9994768521557672
YOZPAG,QAWHIH,0.999453206811525
YOZPAG,YOZNUY,0.9987433441579532
YOZPAG,QIZLIW,0.9981130202812232
YOZPAG,GAVDUD,0.9958088621154308
YOZPAG,NEHZUY,0.9957385965411788
YOZPAG,QIZLOC,0.9932858664421232
YOZPAG,YOZNOS,0.9921048057385322
YOZPAG,YOZMUX,0.9884082097105962
YOZPAG,LASYOU,0.9467526433865232
YOZPAG,ORAWAH,0.932411456746044
YOZPAG,ONIXOZ,0.9239363459939864
YOZPAG,IWEVAJ,0.9186105183913468
YOZPAG,YUGLES,0.908107405891218
YOZPAG,YAGHUM,0.9080336748091964
YOZPAG,NUTQAV,0.9079627879196784
YOZPAG,OFOCUI,0.907804106290062
YOZPAG,HANWAW,0.9059429168273048
YOZPAG,MOBDIR,0.8955552026094802
YOZPAG,HOYQIX,0.8872596608189265
YOZPAG,KANMIX,0.8850764732111603
YOZPAG,WANJIF,0.8847824294701845
YOZPAG,XEDMEB,0.884512913843479
YOZPAG,IPUPOA,0.8845028882480013
YOZPAG,EXAXAE,0.8815631979414235
YOZPAG,EXAXAE03,0.8812111837626848
YOZPAG,ANUGOG,0.8778582755394566
YOZPAG,ANUGIA,0.877683608597509
YOZPAG,NEMCOA,0.8739799759208373
YOZPAG,CEKHUY,0.873397084253597
YOZPAG,HIDTUM,0.8725922199434757
YOZPAG,LAQNID,0.8689656525806481
YOZPAG,OKABAE,0.8665563097961949
YOZPAG,KIRFOI,0.865266319282826
YOZPAG,XICKOL,0.8603581491857195
IZIBUQ,ERANAO,0.914267267123144
IZIBUQ,ERARUM,0.9103431427451896
IZIBUQ,WIZMAV05,0.9102488563337496
IZIBUQ,WIZMAV06,0.9102426284586672
IZIBUQ,WIZMAV04,0.910231617748427
IZIBUQ,WIZMAV,0.9102217628558223
IZIBUQ,WIZMAV09,0.9102201986269736
IZIBUQ,WIZMAV07,0.910216179762024
IZIBUQ,WIZMAV10,0.9102149850400192
IZIBUQ,WIZMAV12,0.910173175357056
IZIBUQ,UVAHIK,0.9099550162809636
IZIBUQ,HERHEU,0.9050282903636008
IZIBUQ,EMIYUW,0.9048129274751692
IZIBUQ,HERHAQ,0.9037427344505718
IZIBUQ,UFOSEQ,0.8904881284108679
IZIBUQ,RUBTAK03,0.8904833050453612
IZIBUQ,OFOJAX,0.889121230485627
IZIBUQ,BUNLAZ,0.8782144239646412
IZIBUQ,BUNKUS,0.8780712266473819
CUFDOX,CUFFUF,0.9999999367775952
CUFDOX,CUFFIT,0.9999998112704124
CUFDOX,CUFFOZ,0.9999998078540636
CUFDOX,YAMXOC,0.9999997648163448
CUFDOX,CUFFEP,0.9999997509467868
CUFDOX,FEYDET,0.999976071908881
CUFDOX,IYUHIU,0.999560622823432
CUFDOX,PEYVEV,0.9886212961556348
CUFDOX,XINTOG,0.9241444479294708
CUFDOX,MAYJOM,0.874897928591356
CUFDOX,VACFOV,0.8748397706009917
CUFDOX,VACFOV01,0.8747832217316251
CUFDOX,VIFPUY02,0.8747283991704545
CUFDOX,VIFPUY,0.874724703691006
CUFDOX,VIFPUY03,0.8747241434433376
CUFDOX,LOQLEJ,0.8747237796445795
CUFDOX,VIFPUY04,0.8747206494415931
EXUMEP,GUPJEG01,0.980514151810201
AWEJIW,QEKLID01,0.9724378531712948
AWEJIW,QEKLID,0.9723483868576068
AWEJIW,DAPYAW,0.9637601636380598
AWEJIW,FESYEK,0.9471619258007928
AWEJIW,FALGIK,0.9316819466159842
AWEJIW,RUXWEM03,0.9270577549454272
AWEJIW,QUQFOY,0.9162648206627764
AWEJIW,DUWBEE,0.9040766128282578
AWEJIW,SITDAD,0.903064333227878
AWEJIW,VAKLIF,0.8865514226951969
AWEJIW,PIKYIU,0.8858192003351043
AWEJIW,GOYLUB,0.8779620834192835
AWEJIW,XEDGIY,0.8695582716503361
AWEJIW,KETHEY,0.8651781257736563
AWEJIW,YICRAF,0.8631947714554138
DIHVIB01,UXISUR,0.9999999882559738
DIHVIB01,FIQCEN,0.9999999666485772
DIHVIB01,XAMDUM01,0.999999932617887
DIHVIB01,RILFEA,0.999999914461384
DIHVIB01,YOZMIL,0.9999989369937898
DIHVIB01,XAMDUM03,0.9999982441700772
DIHVIB01,LUDLIH,0.9999974711469364
DIHVIB01,BODPAN,0.9999956093153728
DIHVIB01,YOZNEI,0.9999954428398368
DIHVIB01,YOZMOR,0.999995355040676
DIHVIB01,XAMDUM05,0.9999949328090316
DIHVIB01,XAMDUM04,0.9999921585495446
DIHVIB01,XAMDUM02,0.9999783565949124
DIHVIB01,DOTSOV13,0.999947453208771
DIHVIB01,DOTSOV14,0.9999469600267828
DIHVIB01,DOTSOV12,0.999946583705295
DIHVIB01,TISPAO,0.9997940477831052
DIHVIB01,DOTSOV07,0.9996139074917464
DIHVIB01,QAWHIH01,0.9992561529031734
DIHVIB01,QAWHIH,0.9992191469752464
DIHVIB01,DOTSOV02,0.9988807065417058
DIHVIB01,QIZLIW,0.9984880175491871
DIHVIB01,YOZNUY,0.9983995386566136
DIHVIB01,NEHZOS,0.996397102359284
DIHVIB01,GAVDUD,0.9963767238553376
DIHVIB01,NEHZUY,0.9963112799541084
DIHVIB01,KAJZIH,0.9949208645434976
DIHVIB01,YOZNOS,0.9917981277994184
DIHVIB01,DALSOA,0.9329906547630626
DIHVIB01,ORAWAH,0.9321670600012868
DIHVIB01,BABREE,0.9321099284780954
DIHVIB01,MIKVEK,0.9298370919486124
DIHVIB01,EXOYAS,0.91970577752613
DIHVIB01,RAWYAS,0.918900400435632
DIHVIB01,IWEVAJ,0.918689890851092
DIHVIB01,YUGLES,0.9079782910377832
DIHVIB01,YAGHUM,0.907879208339462
DIHVIB01,EXOGAB,0.9076889477414748
DIHVIB01,OFOCUI,0.907669516849739
DIHVIB01,HANWAW,0.906356568940524
DIHVIB01,MOBDIR,0.8958721265181357
DIHVIB01,HOYQIX,0.8871820899677687
DIHVIB01,IPUPIU,0.8871009969758534
DIHVIB01,KANMIX,0.8850597246120842
DIHVIB01,USEVOF,0.8850380183894422
DIHVIB01,IPUPOA,0.8849634242049004
DIHVIB01,WANJIF,0.8848743267718379
DIHVIB01,XEDMEB,0.8847087294496497
DIHVIB01,EMUBIZ,0.881721205512808
DIHVIB01,CEKHUY,0.8739905967512613
DIHVIB01,LAQNID,0.8691051639772864
DIHVIB01,KIRFOI,0.865821229202917
DIHVIB01,XICKOL,0.8605951927991053
FUTYOK,FENVOL,0.8872980733761306
FUTYOK,NANYUX01,0.9999016309287756
FUTYOK,VEHJUP,0.9984802573826352
FUTYOK,UFOFUT,0.9471870885047524
FUTYOK,UFAMEW,0.9434330036545228
FUTYOK,QUQFEO,0.932990070450931
FUTYOK,EXOXUL,0.909351162479484
FUTYOK,JOVYAW,0.9082473374936594
FUTYOK,FUDGIW,0.9082272378412182
FUTYOK,MOHLIF,0.9048436808038371
FUTYOK,KEFBOO,0.9006428429926078
FUTYOK,HOGJIX,0.8991049989138565
FUTYOK,BUKMUQ01,0.8849539933237223
FUTYOK,APACAX,0.8777106798393794
FUTYOK,DOYHIK,0.8773923724958704
FUTYOK,DOYHOQ,0.8764783967148619
FUTYOK,NUFBOH,0.8755468759615059
FUTYOK,NASROR,0.8753120256931579
FUTYOK,ORIBAU,0.874876318155718
FUTYOK,REDROI,0.8745409218377608
FUTYOK,IFABIA02,0.8742260020945893
FUTYOK,CUVTOD,0.8735656838956589
FUTYOK,PEVQOY,0.872193922086569
FUTYOK,HOLRAD,0.8718115058411566
FUTYOK,LAWFOF,0.8717993341029334
FUTYOK,VAZTUM,0.8717925853066304
FUTYOK,SAHYIK,0.8717595471338543
FUTYOK,NUFCAU,0.8680395906715515
FUTYOK,YOGKOW,0.8594619438840866
LUKLIN,REGYOT,0.999999949288765
DOTSOV42,DOTSOV15,0.9999998588961156
DOTSOV42,DOTSOV10,0.9999998588852436
DOTSOV42,DOTSOV14,0.9999998458851544
DOTSOV42,DOTSOV16,0.9999998358899927
DOTSOV42,XAMDUM05,0.9999783376761486
DOTSOV42,BODPAN,0.9999763354375728
DOTSOV42,LUDLIH,0.9999610127145078
DOTSOV42,XAMDUM02,0.9999606039829978
DOTSOV42,RILFEA,0.9999560185861228
DOTSOV42,UXISUR,0.9999521823702456
DOTSOV42,FIQCEN,0.9999502834468932
DOTSOV42,YOZMIL,0.9999374741520336
DOTSOV42,YOZMOR,0.9999185407800156
DOTSOV42,DIHVIB,0.9999093198608696
DOTSOV42,EBAMUS,0.9998476118551136
DOTSOV42,DOTSOV07,0.9997365190960612
DOTSOV42,WULJUJ,0.9990867262584656
DOTSOV42,DOTSOV02,0.999065542441177
DOTSOV42,QIZLIW,0.9989766865902984
DOTSOV42,QAWHIH,0.9987861594228208
DOTSOV42,NEHZOS,0.9971758891002892
DOTSOV42,KAJZIH,0.9958531662529776
DOTSOV42,QIZLOC,0.995021770853828
DOTSOV42,MIKVEK,0.9305638000798904
DOTSOV42,ONIXOZ,0.9259742036093735
DOTSOV42,EXOYAS,0.9199264900285512
DOTSOV42,IWEVAJ,0.918717376676744
DOTSOV42,YUGLES,0.9077038896148634
DOTSOV42,YAGHUM,0.907566480580823
DOTSOV42,NUTQAV,0.9074441459737724
DOTSOV42,OFOCUI,0.907380585229163
DOTSOV42,HANWAW,0.9069015435461212
DOTSOV42,PIDRAY,0.901083703977182
DOTSOV42,MOBDIR,0.8962729277051399
DOTSOV42,IPUPOA,0.8855818092441687
DOTSOV42,WANJIF,0.8849297264878733
DOTSOV42,USEVOF,0.8849041726681988
DOTSOV42,EMUBIZ,0.8824713263517442
DOTSOV42,ANUGOG,0.8779631244168932
DOTSOV42,ANUGIA,0.8771681191410792
DOTSOV42,LAQNID,0.8692371612149222
DOTSOV42,OKABAE,0.867618453943515
DOTSOV42,KIRFOI,0.866582779780377
DOTSOV42,XICKOL,0.8608748781600514
UNIRUF05,NIRCUO,0.9988846372250972
NIWYOJ,KAFYAT,0.9082248463749718
NIWYOJ,NANYUX01,0.9999579675886836
NIWYOJ,VEHKAW,0.9999569324338412
NIWYOJ,REGREC,0.9997278110531698
NIWYOJ,ULISOZ,0.9994524315185918
NIWYOJ,IJEXIF01,0.9986360411188148
NIWYOJ,RUPVAB,0.9858492279678208
NIWYOJ,UFOFUT,0.9471341103933892
NIWYOJ,UFAMEW,0.9429569578743296
NIWYOJ,QUQFEO,0.932940418251566
NIWYOJ,RUGXUO,0.9324655136020564
NIWYOJ,QOPZIF,0.9184806100146196
NIWYOJ,EXOXUL,0.908563597785928
NIWYOJ,JOVYAW,0.9082390577609548
NIWYOJ,MOHLIF,0.9043911981367796
NIWYOJ,HOGJIX,0.8983767163722687
NIWYOJ,DUNXUH15,0.8972890208313798
NIWYOJ,APACAX,0.8775764994066513
NIWYOJ,DOYHOQ,0.8761737257138041
NIWYOJ,NASROR,0.8749106536060836
NIWYOJ,VEGMOK04,0.874567218713902
NIWYOJ,REDROI,0.8743647617481446
NIWYOJ,IFABIA02,0.8740132485904638
NIWYOJ,IFABIA01,0.873989346766025
NIWYOJ,CUVTOD,0.8733577052907276
NIWYOJ,PEVQOY,0.8717814880469839
NIWYOJ,PEVQIS,0.8714680667885374
NIWYOJ,MIBQAR12,0.871461192506404
NIWYOJ,MIBQAR01,0.871381384930388
NIWYOJ,VAZTUM,0.8713527760260701
NIWYOJ,NUFCAU,0.8672803503631832
IQOJAB,XAFFER,0.940058729907281
IQOJAB,XAFFAN,0.9388549593070348
IQOJAB,IGUFOH,0.9222365269601528
IQOJAB,DARYIF,0.873318432504705
IQOJAB,ROZXEL,0.8716254923975493
IQOJAB,QOZSIJ,0.867210333703521
YUGLES,YAGHUM,0.999992267223964
YUGLES,NUTQAV,0.9999747154704922
YUGLES,OGEBAF01,0.9377569705842308
YUGLES,SEMNIJ,0.9159770633387174
YUGLES,TISPAO,0.9082439392521956
YUGLES,QAWHIH,0.908115640287764
YUGLES,DIHVIB,0.9080574952883876
YUGLES,FIQCEN,0.907983118539577
YUGLES,XAMDUM01,0.9079697073002378
YUGLES,LUDLIH,0.9079482228588748
YUGLES,XAMDUM03,0.9079331203319204
YUGLES,XAMDUM04,0.9079162112368582
YUGLES,XAMDUM05,0.907899273654745
YUGLES,XAMDUM02,0.9078828822630046
YUGLES,YOZNUY,0.907691809495153
YUGLES,DOTSOV13,0.9076876967281746
YUGLES,DOTSOV11,0.90768755677706
YUGLES,DOTSOV10,0.9076862286343236
YUGLES,DOTSOV14,0.907686049622727
YUGLES,DOTSOV16,0.9076848320419924
YUGLES,DOTSOV12,0.907684826549503
YUGLES,FISGOF,0.9074535434451192
YUGLES,DOTSOV07,0.9071779401962052
YUGLES,WULJUJ,0.9063120782748412
YUGLES,DOTSOV02,0.9062891643330954
YUGLES,NEHZOS,0.9024144128254866
YUGLES,KAJZIH,0.9005751882092632
YUGLES,QIYDAF01,0.8820360970682507
YUGLES,FAGQAI,0.8813227722101253
MITTAL,QISNIR,0.9999995089530406
DOTSOV36,DOTSOV27,0.9999999994787494
DOTSOV36,DOTSOV28,0.9999999986972632
BOJYIK01,LOBQAV01,0.9993450199318272
BOJYIK01,BOJYIK,0.9995378430821048
VEDGAO,BOWDOI,0.9999979309281316
VEDGAO,VEDFUH,0.9999973800647256
VEDGAO,ABAVOP,0.9999933419782452
VEDGAO,BOWDUO,0.9999931384713668
VEDGAO,YODRAM,0.999993010593678
VEDGAO,AHETAK,0.9999908268924416
VEDGAO,VODNOS,0.9999819826300648
VEDGAO,CIJBEE,0.9999811267040988
VEDGAO,VEDFIV,0.9999810823968512
VEDGAO,OJOBAS,0.9999429256510552
VEDGAO,CEYPUT,0.999939942051646
VEDGAO,EXUXEC,0.9999255206101764
VEDGAO,KEJWAY,0.9997169257192384
VEDGAO,ABAVIJ,0.99937251129575
VEDGAO,TATSIS01,0.9992561946909032
VEDGAO,TATSIS,0.9991587883475154
VEDGAO,ABAVUV,0.9987737000284144
VEDGAO,ERUNUC,0.9232834570520448
VEDGAO,CAXZOS,0.9230522659681916
VEDGAO,JODGIU,0.9230005366612888
VEDGAO,DIDBEZ,0.9229195835787708
VEDGAO,DIDBID,0.9228424551157056
VEDGAO,BUKLOJ,0.8829846645707007
VEDGAO,FEVDER,0.8791848742275374
VEDGAO,BAKJEE,0.8788795230460841
VEDGAO,BAKJII,0.878293266360689
VEDGAO,ESEQUO,0.8734568961649216
VEDGAO,YATDOP,0.8600410140034285
PEVQOY,PERROW,0.9081755534504652
PEVQOY,VUSKEA,0.999995398655508
PEVQOY,PEVQIS,0.9999926060488528
PEVQOY,HOLRAD,0.9999877146409304
PEVQOY,IFABIA02,0.9991258144204866
PEVQOY,IFABIA01,0.9991078918614392
PEVQOY,REDROI,0.9989947091432788
PEVQOY,ORIBAU,0.9958980096664972
PEVQOY,BOLPAU,0.9070132169195024
PEVQOY,ODODIW,0.9068733553092309
PEVQOY,VIKBUP,0.9063476476959802
PEVQOY,HUTZAX01,0.9062334745114122
PEVQOY,JENKET,0.9041401528756124
PEVQOY,GOSDUP,0.8956771986496812
PEVQOY,TONQOD,0.89187796399157
PEVQOY,QEDZEG,0.8915446331355334
PEVQOY,EKEKEL,0.8872961896350091
PEVQOY,WORLAS,0.8849487086264315
PEVQOY,DARYIF,0.8844376201960373
PEVQOY,NIKHAS,0.8844241304506768
PEVQOY,QAQSAD,0.8826138598806506
PEVQOY,IDIXAU,0.8784469914016277
PEVQOY,WUMDIT,0.876845979704216
PEVQOY,VEHJUP,0.8748034619359912
PEVQOY,IJEXIF01,0.8746062404624748
PEVQOY,ULISOZ,0.8738860327382296
PEVQOY,XAFFAN,0.8732437867550757
PEVQOY,NANYUX01,0.8710869600720591
PEVQOY,AXOCEW,0.869233925510413
PEVQOY,NENHEU,0.8689899243319459
PEVQOY,OKELOH,0.8670556886806129
PEVQOY,PEGCIP,0.8660689339355682
PEVQOY,SAVMAE,0.8642129012718476
PEVQOY,XEGWIS,0.863139902246522
PEVQOY,KAHMOW,0.8631247680624592
PEVQOY,XEGXIT,0.8631105537138382
PEVQOY,XEGWAK,0.8630988567908571
PEVQOY,YICQOS,0.8611137385692262
PEVQOY,IGUFOH,0.8609320741241342
VEDFUH,VEDFAN,0.9999986750922176
VEDFUH,BOWDOI,0.9999984466070176
VEDFUH,AHETAK,0.9999979532055576
VEDFUH,VEDFOB,0.999990120430426
VEDFUH,VEDFER,0.999977491791985
VEDFUH,VEDGIW,0.9999724213010054
VEDFUH,VEDFIV,0.9999694944444906
VEDFUH,VODNOS,0.9999662589632454
VEDFUH,VEDGES,0.9999634164713448
VEDFUH,EXUXEC,0.9999500902851512
VEDFUH,KEJWAY,0.999767781470407
VEDFUH,ABAVIJ,0.9994177756622956
VEDFUH,TATSIS01,0.9993281338825843
VEDFUH,TATSIS,0.9992472868550784
VEDFUH,LASMAV,0.9987316001330102
VEDFUH,ABAVUV,0.9986594417178264
VEDFUH,ERUNUC,0.9232457838832456
VEDFUH,CAXZOS,0.9230710225208588
VEDFUH,DIDBOJ,0.9229804416310332
VEDFUH,DIDBEZ,0.9228973449991278
VEDFUH,DIDBID,0.9228198326387884
VEDFUH,FEVDER,0.8792150382337525
VEDFUH,LIDSIC,0.8789854787368808
VEDFUH,BAKJII,0.8781901498493105
VEDFUH,ESEQUO,0.8737481354180272
VEDFUH,YATDOP,0.8599870032277273
VEDFER,VEDFIV,0.9999949342734388
VEDFER,VEDFAN,0.9999848996087471
VEDFER,ABAVOP,0.9999786341271047
VEDFER,VEDGES,0.9999759724021005
VEDFER,YODRAM,0.9999735783594412
VEDFER,BOWDIC,0.9999722438871288
VEDFER,AHETAK,0.999971823611776
VEDFER,VEDGIW,0.999966059104584
VEDFER,BIPXIK,0.9999604668464834
VEDFER,VODNOS,0.999959047877348
VEDFER,CEYPUT,0.9999188054261824
VEDFER,EXUXEC,0.9999130566518628
VEDFER,ABAVIJ,0.99950298798709
VEDFER,TATSIS01,0.9993288985666198
VEDFER,TATSIS,0.99916093335691
VEDFER,ABAVUV,0.9987538438579732
VEDFER,YIGGEB,0.997202309936152
VEDFER,ERUNUC,0.9232632608904832
VEDFER,CAXZOS,0.9231718347634604
VEDFER,JODGIU,0.9231494611978468
VEDFER,DIDBOJ,0.9231406502909628
VEDFER,DIDBEZ,0.9230859759647994
VEDFER,BUKLOJ,0.8829703821656139
VEDFER,FEVDER,0.8791699464193684
VEDFER,BAKJOO,0.8791103100343057
VEDFER,BAKJEE,0.8788618735812572
VEDFER,TIDNIF,0.8773531063407312
VEDFER,ESEQUO,0.8737828938988237
VEDFER,XALMOO,0.8600712868016617
DOTSOV09,DOTSOV18,0.999999999716022
ENITEB,NOZZUZ,0.9996296952470272
ENITEB,NOZZOT,0.999488612527806
ENITEB,XEFGUN01,0.9076689528611585
ENITEB,GOYLUB,0.9067565329464288
ENITEB,RUXWEM03,0.8647860449173957
ENITEB,GERWOR,0.8609179612166824
LAYXER,ANUGEW,0.999925188259012
LAYXER,LAYWOA,0.9998786851715364
LAYXER,LAYXAN,0.9997299459024062
LAYXER,ANUGIA,0.9815597507246628
LAYXER,NAFSOF,0.9741057381576208
LAYXER,BAZGAM,0.973791279353358
LAYXER,KIJRUS,0.9715796972423196
LAYXER,IPUPIU,0.9697137146784254
LAYXER,QOWRAV10,0.9574338857986644
LAYXER,QOWRAV09,0.9574143469425808
LAYXER,QOWRAV11,0.9574031167771484
LAYXER,QOWRAV12,0.957395537573118
LAYXER,QOWRAV07,0.9573566148157518
LAYXER,QOWRAV05,0.9572877684904022
LAYXER,QOWRAV03,0.9572816160403358
LAYXER,QOWRAV02,0.9572666959801566
LAYXER,EXOGAB,0.9467533730276896
LAYXER,LAQNID,0.9269657309832904
LAYXER,MIKVEK,0.9192471875281236
LAYXER,ORAWAH,0.911580377146694
LAYXER,FISGOF,0.9066071618652196
LAYXER,ENIHUG,0.8872456734688281
LAYXER,CEFNIN,0.8869772855372323
LAYXER,NAPSUV,0.8838090717730307
LAYXER,EDOSEY,0.8829652300867837
LAYXER,AZAVUU,0.8785613246475719
LAYXER,JALPAQ,0.8729875287983341
LAYXER,XICKOL,0.8717731062470011
LAYXER,SEMNIJ,0.8681011556529707
LAYXER,LURRIA,0.8667445387034867
LAYXER,NEMCOA,0.865962450445471
LAYXER,HIDTUM,0.8658609654624997
LAYXER,SIXNIZ,0.8636118891258562
XAPMUY,ACAFAO,0.9013927497533438
XAPMUY,RUBZIY02,0.9470210179001932
XAPMUY,XILBAW,0.9469257521095004
XAPMUY,YAPQUC,0.9459137099315588
XAPMUY,LIPZES,0.9452330665465322
XAPMUY,LONHON,0.94395106123277
XAPMUY,HAPZUW,0.8999893177045732
XAPMUY,MOLLEG,0.8757303356935748
HAPZUW,TEYCAD,0.8678287980742536
ANUGEW,LAYWOA,0.9996135134979132
ANUGEW,LAYXAN,0.9993711749082734
ANUGEW,ANUGIA,0.9828604931814704
ANUGEW,BAZGAM,0.9739567266557252
ANUGEW,ICAREL,0.9735991975137086
ANUGEW,BAZFUF,0.9695988455361112
ANUGEW,QOWRAV,0.9596132068598908
ANUGEW,QOWRAV09,0.9595562330222152
ANUGEW,QOWRAV11,0.9595457140536844
ANUGEW,QOWRAV12,0.9595386146910994
ANUGEW,QOWRAV08,0.959524374342895
ANUGEW,QOWRAV03,0.9594318904751388
ANUGEW,QOWRAV02,0.959417911077482
ANUGEW,EXOGAB,0.9472855626589074
ANUGEW,ORAWAH,0.913012008559701
ANUGEW,LASYOU,0.8984071281335789
ANUGEW,ENIHUG,0.8886527423452362
ANUGEW,CEFNIN,0.8882027943014408
ANUGEW,NAPSUV,0.884846474045127
ANUGEW,EDOSEY,0.8841093030904885
ANUGEW,SEMNIJ,0.8692013636088884
ANUGEW,LURRIA,0.867567564002593
ANUGEW,NEMCOA,0.865890193972952
ANUGEW,HIDTUM,0.8656119579302111
ANUGEW,SIXNIZ,0.864214434405081
QOPZIF,TEQVES,0.9999108487606182
QOPZIF,VEHJUP,0.9200695657131076
QOPZIF,IJEXIF01,0.9200676208909128
QOPZIF,NIWYID,0.91986819632451
QOPZIF,RUPVAB,0.9137787443712714
QOPZIF,UFOFUT,0.874763811341606
QOPZIF,NASROR,0.870237597513997
DUNXUH13,DUNXUH06,0.9999874439870776
DUNXUH13,DUNXUH15,0.9999859999710918
DUNXUH13,ULISOZ,0.8971697572447148
DUNXUH13,IJEXIF01,0.8966252567938731
IGUFOH,XAFFER,0.9776974011147572
IGUFOH,VIKBUP,0.9419003415491964
IGUFOH,ROZXEL,0.8999017131382326
IGUFOH,PIWLAL,0.8996716182205104
IGUFOH,BABRII,0.8672214909145423
IGUFOH,IFABIA01,0.8617701590910505
IGUFOH,PEVQIS,0.8611253050355558
IGUFOH,VAZTUM,0.8611154641291124
IGUFOH,MIBQAR01,0.8610963177777693
IGUFOH,LAWFOF,0.8610855896481671
IGUFOH,HOLRAD,0.861080509201827
IGUFOH,VUSKEA,0.8610388751963696
QOTZEG,HELFAI,0.999552546608158
AFOVAT,SEQWIW,0.9997963817244316
MIKVEK,ONIXOZ,0.9987878149229656
MIKVEK,ORAWAH,0.992729991022132
MIKVEK,LASYOU,0.9774336355537896
MIKVEK,EXOGAB,0.940869297760161
MIKVEK,NEMCOA,0.9364193839574952
MIKVEK,HIDTUM,0.936268485349632
MIKVEK,GAVDUD,0.9329897320551566
MIKVEK,NEHZOS,0.9329876732073308
MIKVEK,NEHZUY,0.9329818867443358
MIKVEK,QIZLIW,0.9326994060829658
MIKVEK,QIZLOC,0.9325652617543908
MIKVEK,DOTSOV02,0.9308423904539788
MIKVEK,DOTSOV12,0.9306041814878164
MIKVEK,DOTSOV16,0.9306035443432412
MIKVEK,DOTSOV14,0.9306016614553828
MIKVEK,DOTSOV10,0.9306006654731374
MIKVEK,DOTSOV11,0.9305979230334318
MIKVEK,DOTSOV13,0.9305976339800696
MIKVEK,ANUGIA,0.930420546564064
MIKVEK,EBAMUS,0.9302851959966016
MIKVEK,XAMDUM05,0.9300847219564404
MIKVEK,BODPAN,0.9300663646648404
MIKVEK,XAMDUM03,0.9299830914764802
MIKVEK,LUDLIH,0.929936239073262
MIKVEK,RILFEA,0.9298668251193508
MIKVEK,UXISUR,0.929835132193005
MIKVEK,YOZMOR,0.929599326714348
MIKVEK,DIHVIB,0.9295358756400376
MIKVEK,TISPAO,0.9280246218155952
MIKVEK,KIRFOI,0.9263842530522082
MIKVEK,YOZNUY,0.9237761824743224
MIKVEK,LAYWOA,0.9190708467677452
MIKVEK,LAYXAN,0.9188951791837529
MIKVEK,HOYQIX,0.9147625713347348
MIKVEK,HANWAW,0.9122951345299932
MIKVEK,IXAJUN,0.8909334597470095
MIKVEK,NAFSOF,0.8826885254465866
MIKVEK,ICAREL,0.8818882317313956
MIKVEK,KIJRUS,0.8806427167285292
MIKVEK,NAPSUV,0.8788716212493444
MIKVEK,EDOSEY,0.8780579695264621
MIKVEK,BAZFUF01,0.8774109748567508
MIKVEK,BABREE,0.8742992386212183
MIKVEK,DALSOA,0.8723299026824213
MIKVEK,QOWRAV,0.8667631977913115
MIKVEK,QOWRAV10,0.8667226517194034
MIKVEK,QOWRAV09,0.8667034657796986
MIKVEK,QOWRAV11,0.8666924369835038
MIKVEK,QOWRAV08,0.866670067480009
MIKVEK,QOWRAV05,0.8665791659328899
MIKVEK,QOWRAV03,0.8665731242552764
MIKVEK,SEMNIJ,0.8633875893657641
MIKVEK,EXOYAS,0.8624274191749258
MIKVEK,LURRIA,0.8623029380455962
MIKVEK,ENIHUG,0.8606926416337388
MIKVEK,IDUDES,0.8606630134352315
MIKVEK,IXAKAU,0.8594637716307335
HANWAW,ONIXOZ,0.9101484574518524
HANWAW,QIZLIW,0.9081935076392124
HANWAW,NEHZOS,0.9079202094561958
HANWAW,DOTSOV07,0.9072352321731452
HANWAW,WULJUJ,0.9070887279057472
HANWAW,DOTSOV12,0.9069318844844324
HANWAW,DOTSOV16,0.9069306393834872
HANWAW,DOTSOV10,0.906928534484135
HANWAW,XAMDUM05,0.90654531394204
HANWAW,BODPAN,0.906534003463126
HANWAW,XAMDUM04,0.9065172818692996
HANWAW,XAMDUM03,0.9064673777652162
HANWAW,LUDLIH,0.9064419812226628
HANWAW,FIQCEN,0.9063425555267602
HANWAW,YOZNEI,0.9061914717743212
HANWAW,QAWHIH01,0.903273438615144
HANWAW,QAWHIH,0.9031792388628028
HANWAW,YOZNOS,0.8960401669393442
HANWAW,YOZMUX,0.8917466011946057
HANWAW,EXOGAB,0.8884848971156801
HANWAW,IPUPOA,0.8688662520662429
HANWAW,HOYQIX,0.8659974985238297
HANWAW,IPUPIU,0.8656367890430612
HANWAW,CEKHUY,0.8596144993348298
BASHEJ,KEQMAX03,0.9987619868006236
VACFOV,VACFOV01,0.9999957327171438
VACFOV,MAYJOM,0.9999934690981878
VACFOV,VIFPUY02,0.9999853824272612
VACFOV,VIFPUY03,0.9999843823144144
VACFOV,LOQLEJ,0.9999842304030324
VACFOV,VIFPUY04,0.9999834427379268
VACFOV,GALJAG,0.9471994538791936
VACFOV,IFIPEV,0.9470140701194028
VACFOV,FAHQIQ,0.9365921655330274
VACFOV,CIFSIW,0.9047705961390796
VACFOV,CIFSAO,0.903848098936565
VACFOV,CIFSES,0.9036826139168724
VACFOV,FOSTIS,0.903574761631588
VACFOV,UNIDAY,0.9034035799627812
VACFOV,FOSTOY,0.9031683162571228
VACFOV,CUFFEP,0.8748521537922022
VACFOV,YAMXOC,0.8748514297686097
VACFOV,CUFFUF,0.8748460717430366
VACFOV,CUFFIT,0.87482897936713
VACFOV,FEYDET,0.8747081975014522
VACFOV,CUFDUD,0.8740764996868007
VACFOV,IYUHIU,0.8738703464762175
VACFOV,PEYVEV,0.8608296325976913
EDOWEC,GIZXET,0.8634675589038274
XISDOU,AYOZIZ,0.9870191851828396
XISDOU,UMIZEX,0.9693322337518484
XISDOU,AFOVIB,0.9564140491790054
XISDOU,IBEYEU,0.9532967756590524
XISDOU,KEZLIN,0.947799586249093
XISDOU,AFUDUD,0.9474001354233824
XISDOU,MIRGIG,0.9473143194112572
XISDOU,ADEGIA,0.9050777739172112
XISDOU,ATIKAP,0.9049949938784888
XISDOU,ADEGIA01,0.9032930053285269
XISDOU,HOGQIF,0.8768396093838116
QOMSES,QONKUB,0.9999789522944535
QOMSES,PASGAU,0.9998942522823184
QOMSES,FUSWIA,0.9997430275929536
QOMSES,JAVNIE,0.9987122107530156
QOMSES,VUQJEX,0.9971960072944388
QOMSES,HOSPEL,0.9970960111812724
BOSHUN,FIFPAM01,0.9987558620661942
OKELOH,GOSDUP,0.9154956140520832
OKELOH,DOYHIK,0.8945682097656011
OKELOH,DOYHOQ,0.8943875576049145
OKELOH,NUFCAU,0.8866506563387322
OKELOH,ROZXEL,0.8852694879903744
OKELOH,IRELAU,0.8834098011455748
OKELOH,JENKET,0.8765986146266689
OKELOH,VEGMOK04,0.8691501484267303
OKELOH,IFABIA02,0.8687534590965316
OKELOH,IFABIA01,0.8687299028604535
OKELOH,VUSKEA,0.866849494957283
OKELOH,MIBQAR12,0.8667882227090709
OKELOH,MIBQAR01,0.866721135885542
OKELOH,HOLRAD,0.8667141405725542
OKELOH,LAWFOF,0.8667032234892953
NUFCAU,NUFBOH,0.9974230667787404
NUFCAU,DOYHOQ,0.9962342418950726
NUFCAU,APACAX,0.9453457397918312
NUFCAU,NUCPIM,0.9030733740257736
NUFCAU,UFAMEW,0.8929172770486382
NUFCAU,UFOFUT,0.8854663813026783
NUFCAU,RUPVAB,0.8776859563419716
NUFCAU,VEHJUP,0.8742452486070461
NUFCAU,IJEXIF01,0.8735056657592463
NUFCAU,QUQFEO,0.8728604254968805
NUFCAU,NIWYID,0.8718599819032002
NUFCAU,ULISOZ,0.8715328295386492
NUFCAU,VEHKAW,0.8659276014160056
SACHIP,SAHYIK,0.8960959739549936
SACHIP,VAZTUM,0.8960754036542267
SACHIP,LAWFOF,0.8960711305536314
SACHIP,MIBQAR12,0.8960096611924805
SACHIP,PEVQIS,0.8960051599059835
SACHIP,VUSKEA,0.8959637309208612
SACHIP,IFABIA01,0.8927531613860147
SACHIP,REDROI,0.8923053012505401
SACHIP,ORIBAU,0.8866913031041197
CIFMAH,NIGPEA,0.9999987076173102
CIFMAH,AXINIF,0.999988483687801
CIFMAH,DIBQOW,0.9999276562787514
CIFMAH,MIHJUL,0.99984004325637
CIFMAH,HELDOT,0.9997804751646272
CIFMAH,DIBQEM,0.9768708765111588
CIFMAH,DERBIO,0.9558256385123846
CIFMAH,MOXDOT,0.955255916390972
CIFMAH,FISQEG,0.9439771143866418
CIFMAH,NOMPIQ,0.913390273316624
CIFMAH,BUKLOJ,0.9011701232090376
CIFMAH,ESEQUO,0.8875958165044419
CIFMAH,ERUNUC,0.8850003889826661
CIFMAH,JODGIU,0.8841233768316067
CIFMAH,DIDBID,0.8838810225016817
CIFMAH,AGAFAS,0.8788742631070626
CIFMAH,CAQKAJ,0.8767108807640335
CIFMAH,CAQKAJ01,0.8765018421894597
CIFMAH,TAHYUZ,0.875573014215421
CIFMAH,HALVEY,0.8751305474415783
CIFMAH,FEXCAO01,0.8716783030116843
CIFMAH,XALMOO,0.8692131307492116
CIFMAH,FEVDER,0.8662201390551094
CIFMAH,WEMKEG,0.8631189182660302
YOZMOR,YOZNEI,0.9999998745265564
YOZMOR,DIHVIB,0.9999994140617036
YOZMOR,YOZMIL,0.999998731343268
YOZMOR,FIQCEN,0.99999584168293
YOZMOR,UXISUR,0.9999952910656262
YOZMOR,XAMDUM01,0.9999941848625076
YOZMOR,LUDLIH,0.9999905891653704
YOZMOR,XAMDUM04,0.99998272671404
YOZMOR,BODPAN,0.9999826333975472
YOZMOR,XAMDUM02,0.9999681507776588
YOZMOR,DOTSOV13,0.9999122125623244
YOZMOR,DOTSOV11,0.9999121572070212
YOZMOR,DOTSOV14,0.9999116687244876
YOZMOR,DOTSOV10,0.9999116316969624
YOZMOR,DOTSOV12,0.999911183725116
YOZMOR,DOTSOV16,0.9999110781235394
YOZMOR,TISPAO,0.9998498479561686
YOZMOR,DOTSOV07,0.9995705440031504
YOZMOR,QAWHIH,0.9993318801216556
YOZMOR,WULJUJ,0.9988516658545616
YOZMOR,DOTSOV02,0.9988302003153748
YOZMOR,QIZLIW,0.9983199673086052
YOZMOR,NEHZOS,0.9961406290278152
YOZMOR,NEHZUY,0.9960518635704548
YOZMOR,KAJZIH,0.9946176357251136
YOZMOR,QIZLOC,0.9936834382865068
YOZMOR,YOZNOS,0.9920250757364296
YOZMOR,LASYOU,0.9466470553267876
YOZMOR,DALSOA,0.932966368599425
YOZMOR,ORAWAH,0.932284688110812
YOZMOR,EXOYAS,0.9196185733864868
YOZMOR,IWEVAJ,0.918694490328241
YOZMOR,YAGHUM,0.9079553215772532
YOZMOR,NUTQAV,0.9078733987708694
YOZMOR,PIDRAY,0.8994905413982892
YOZMOR,IPUPIU,0.8871554209881296
YOZMOR,USEVOF,0.8850595407848638
YOZMOR,XEDMEB,0.8846231386691017
YOZMOR,ADONEP,0.8844032082612425
YOZMOR,EXAXAE,0.8818473616707514
YOZMOR,EXAXAE03,0.8815095275520745
YOZMOR,EMUBIZ,0.8814734541277189
YOZMOR,NEMCOA,0.8742827154944957
YOZMOR,LAQNID,0.8690456622170875
YOZMOR,OKABAE,0.866805651026483
YOZMOR,KIRFOI,0.8655699880170182
YOZMOR,XICKOL,0.8604906959056119
IXAJUN,NAPSUV,0.9850551073839872
IXAJUN,LASYOU,0.8963411914914654
IXAJUN,IPUPOA,0.8961609223129691
IXAJUN,IPUPIU,0.8907401447485865
IXAJUN,ONIXOZ,0.8900503218960524
IXAJUN,ORAWAH,0.88293647891186
IXAJUN,IDUDES,0.8808945834712986
IXAJUN,IXAKAU,0.8801599125288779
IXAJUN,HAWZEM,0.8792911433058208
IXAJUN,UFUMUD02,0.8792899137438193
IXAJUN,UFUMUD01,0.879284799552672
IXAJUN,BAHGUN03,0.8792845358158808
IXAJUN,BAHGUN04,0.8792809734249316
IXAJUN,NIHDIU,0.8792139831740877
IXAJUN,BAHGUN02,0.8792104762844494
IXAJUN,QERZUI01,0.8792000647596837
IXAJUN,ECODIK,0.8791470749610522
IXAJUN,UGEPEB01,0.8790952017432193
IXAJUN,UFUMUD,0.8790519655380484
IXAJUN,NIHDEQ,0.8789640875442223
IXAJUN,MURREW,0.8789547376525039
IXAJUN,UGEPEB,0.8788160427341483
IXAJUN,KAKTIA01,0.8787172319374049
IXAJUN,POFDEV,0.8786290438494493
IXAJUN,AHEMEG,0.8782721133535463
IXAJUN,IPINAY,0.8782093227032644
IXAJUN,VOJPUG01,0.8781737248596316
IXAJUN,KIRFOI,0.8778673945181624
IXAJUN,NELCEN,0.8764793411740821
IXAJUN,LAYWOA,0.8729200269873065
IXAJUN,QIWQES,0.8725610131064625
IXAJUN,NEHZUY,0.861157543005963
IXAJUN,NEHZOS,0.8611571187663165
IXAJUN,GAVDUD,0.8611568898772316
IXAJUN,QIZLOC,0.860861798548378
LAYWOA,ANUGOG,0.983857782596712
LAYWOA,ANUGIA,0.9796922530293388
LAYWOA,ICAREL,0.97214372252115
LAYWOA,KIJRUS,0.970936304907686
LAYWOA,HOYQIX,0.9685345051736588
LAYWOA,IPUPIU,0.9680021689687984
LAYWOA,BAZFUF01,0.9665646749086694
LAYWOA,BAZFUF,0.9665258314713484
LAYWOA,QOWRAV,0.9545504053477214
LAYWOA,QOWRAV10,0.954505814567436
LAYWOA,QOWRAV09,0.9544847160612168
LAYWOA,QOWRAV11,0.95447258998738
LAYWOA,QOWRAV08,0.9544479919689368
LAYWOA,QOWRAV07,0.954422381490046
LAYWOA,QOWRAV03,0.954341416795019
LAYWOA,EXOGAB,0.9458593733449924
LAYWOA,LAQNID,0.9258401315083016
LAYWOA,ONIXOZ,0.9188135697738172
LAYWOA,ORAWAH,0.909547298715204
LAYWOA,FISGOF,0.9054543986560664
LAYWOA,NAPSUV,0.8822750396560625
LAYWOA,EDOSEY,0.8812960982588793
LAYWOA,AZAVUU,0.8778783790648077
LAYWOA,JALPAQ,0.872783272529126
LAYWOA,XICKOL,0.8708813374022131
LAYWOA,SEMNIJ,0.8664874981910333
LAYWOA,HIDTUM,0.8659616492271561
LAYWOA,CEKHUY,0.8659166472423732
LAYWOA,NEMCOA,0.8658380511842754
LAYWOA,SIXNIZ,0.8626293923840069
LAYWOA,ASIVAB,0.8624988814264138
LARYOU,LOBQAV01,0.9993072939439144
UGECEO03,UGECEO,0.999996430031085
UGECEO03,UGECEO01,0.9999754633742204
UGECEO03,OCACUR,0.99996121930374
UGECEO03,IGAHED02,0.9997451927070942
UGECEO03,IGAHED,0.999718030965444
UGECEO03,SACMOA,0.9994152585127908
UGECEO03,XUZRIU,0.8641040860807264
UGECEO03,XEVSIB,0.8640127146776986
VEHKAW,PEJNOJ,0.9999666966042886
VEHKAW,NANYUX01,0.99999598728688
VEHKAW,REGREC,0.9994707154282064
VEHKAW,ULISOZ,0.9991065553670684
VEHKAW,NIWYID,0.9989792153009622
VEHKAW,IJEXIF01,0.998115210376196
VEHKAW,VEHJUP,0.9975771431518932
VEHKAW,RUPVAB,0.9842903050302984
VEHKAW,UFOFUT,0.9469757119965072
VEHKAW,UFAMEW,0.942073743036512
VEHKAW,QUQFEO,0.932786720051386
VEHKAW,JOVYAW,0.9081561507732352
VEHKAW,FUDGIW,0.90802769062365
VEHKAW,EXOXUL,0.9071540258087962
VEHKAW,KEFBOO,0.8987667532371649
VEHKAW,DUNXUH15,0.8971377514755798
VEHKAW,EGIKUB01,0.8939295703445942
VEHKAW,BUKMUQ01,0.8850742914898064
VEHKAW,DOYHOQ,0.8755851397817824
VEHKAW,ORIBAU,0.8749976669600896
VEHKAW,NUFBOH,0.8744475787103703
VEHKAW,VEGMOK04,0.8742545046419479
VEHKAW,VUSKEA,0.870732279100335
VEHKAW,MIBQAR01,0.870562875218301
VEHKAW,LAWFOF,0.8705390962350504
VEHKAW,VAZTUM,0.8705313075936152
VEHKAW,SOWCOY01,0.8610503081443323
WORLAS,MIMRAB01,0.9993324210096036
WORLAS,QAQSAD,0.9971274278103492
WORLAS,IDIXAU,0.9927609750937214
WORLAS,EZINAE,0.9100819222914568
WORLAS,SAHYIK,0.8849641527327357
WORLAS,PEVQIS,0.8849630173750749
WORLAS,VAZTUM,0.8849580990269967
WORLAS,MIBQAR01,0.8849576132836976
WORLAS,VUSKEA,0.8849571781577293
WORLAS,MIBQAR12,0.8849562268957514
WORLAS,HOLRAD,0.8849559030191495
WORLAS,LAWFOF,0.8849558104483835
WORLAS,IFABIA01,0.884158616635618
WORLAS,IFABIA02,0.8841565139072277
WORLAS,VEGMOK04,0.8834379185598835
WORLAS,ORIBAU,0.8804673977578286
RIGHAR,TOFQEM,0.996880406595942
RIGHAR,KEJBOQ,0.9996370316264492
RIGHAR,AVAQIX,0.9991721900173688
RIGHAR,WEBLAQ,0.9990556232081348
RIGHAR,ROCZEQ,0.9960847777277816
RIGHAR,ECIWIW,0.923402504679454
RIGHAR,IGUTUB01,0.9227734547029788
RIGHAR,XEFGUN01,0.8850770031689377
RIGHAR,GOYLUB,0.8848636343347576
RIGHAR,VAKLIF,0.8820598134283862
RIGHAR,LULGIJ,0.8612135958554956
DURGAY01,VITLOZ01,0.8982240948742408
TONQOD,QEDZEG,0.9999949007259538
TONQOD,GOSDUP,0.998583870854046
TONQOD,BABRII,0.9027625747256682
TONQOD,VEGMOK04,0.8959027438106909
TONQOD,REDROI,0.895551105648008
TONQOD,IFABIA02,0.8950561020155132
TONQOD,VUSKEA,0.891557590213862
TONQOD,PEVQIS,0.8914722189968324
TONQOD,MIBQAR01,0.8913606263021454
TONQOD,HOLRAD,0.8913498406003857
TONQOD,LAWFOF,0.8913331810078454
TONQOD,VAZTUM,0.8913239073822897
WIZMAV08,WIZMAV,0.999999993946296
WIZMAV08,WIZMAV06,0.9999999936066376
WIZMAV08,WIZMAV07,0.9999999856103716
WIZMAV08,WIZMAV05,0.9999999838406024
WIZMAV08,WIZMAV12,0.9999998030840348
WIZMAV08,ERANAO,0.9926506604461476
WIZMAV08,GERBEN,0.9554218913393326
WIZMAV08,EMIYUW,0.9548665514508216
WIZMAV08,BUNLAZ,0.9494278293059216
WIZMAV08,UFOSEQ,0.9469392803109988
WIZMAV08,DITJOH,0.922537321949002
WIZMAV08,UNEJEE,0.8929042984382551
WIZMAV08,WUPTUY01,0.8634733379528127
GAVDUD,NEHZUY,0.999999408666286
GAVDUD,KAJZIH,0.9998758736413936
GAVDUD,QIZLIW,0.999543663992266
GAVDUD,WULJUJ,0.9973780262375262
GAVDUD,DOTSOV02,0.9973614809669312
GAVDUD,DOTSOV12,0.9972006951473874
GAVDUD,DOTSOV14,0.9971979731053356
GAVDUD,DOTSOV10,0.9971975073379344
GAVDUD,DOTSOV15,0.9971975058453088
GAVDUD,EBAMUS,0.9967966028224462
GAVDUD,XAMDUM05,0.9966417403306138
GAVDUD,LUDLIH,0.996474927532301
GAVDUD,RILFEA,0.9964091600449956
GAVDUD,XAMDUM01,0.996407749159706
GAVDUD,FIQCEN,0.9963589331714598
GAVDUD,YOZNEI,0.9961352739152476
GAVDUD,DIHVIB,0.9960557161219342
GAVDUD,QAWHIH01,0.9923746194731282
GAVDUD,QAWHIH,0.992257944765824
GAVDUD,YOZNUY,0.9900084973453628
GAVDUD,LASYOU,0.9398566846652464
GAVDUD,BABREE,0.932100251705305
GAVDUD,DALSOA,0.9299307937994756
GAVDUD,RAWYAS,0.9194158395119152
GAVDUD,EXOYAS,0.9184168281814448
GAVDUD,IWEVAJ,0.9158270834361985
GAVDUD,PIDRAY,0.9072572024185028
GAVDUD,EXOGAB,0.9069069785224828
GAVDUD,OFOCUI,0.9019984463373883
GAVDUD,NUTQAV,0.901598513106276
GAVDUD,MOBDIR,0.8961576493194289
GAVDUD,EXAXAE03,0.8850702539993849
GAVDUD,EXAXAE,0.8850467624911478
GAVDUD,HOYQIX,0.8822673850922167
GAVDUD,USEVOF,0.8806662684755566
GAVDUD,NEMCOA,0.8779614963527218
GAVDUD,CEKHUY,0.8779559984160298
GAVDUD,HIDTUM,0.87789032589973
GAVDUD,ANUGOG,0.8749973786288765
GAVDUD,OKABAE,0.8691143603672594
GAVDUD,LAQNID,0.8670446820460873
GAVDUD,OGEBAF01,0.8610763098570642
GAVDUD,OGEBAF,0.8610169476968299
GAVDUD,XICKOL,0.8598228242437258
FENTEY,NABLIM,0.9999889172576226
GADROU,IFABIA01,0.8692521455592237
GADROU,REDROI,0.8690322068667469
GADROU,VUSKEA,0.8681579244943181
GADROU,PEVQIS,0.8681331995185171
GADROU,MIBQAR12,0.8681192854096188
GADROU,MIBQAR01,0.8680817302189654
GADROU,HOLRAD,0.8680750043425478
GADROU,LAWFOF,0.8680685132987912
GADROU,VAZTUM,0.8680684752655607
GADROU,SAHYIK,0.868060712399259
GADROU,ORIBAU,0.8675984780152893
KANMIX,USEVOF,0.9999950704047976
KANMIX,WANJIF,0.9997299913487384
KANMIX,ADONEP,0.9992430066679326
KANMIX,EXAXAE,0.9965374095521192
KANMIX,EMUBIZ,0.9961507058888116
KANMIX,YOZNEI,0.8850723601655328
KANMIX,YOZMIL,0.8850671604372097
KANMIX,XAMDUM01,0.8850575052678369
KANMIX,RILFEA,0.8850572810827981
KANMIX,XAMDUM04,0.8850408061344442
KANMIX,BODPAN,0.8850387286817678
KANMIX,XAMDUM02,0.8850241314002937
KANMIX,DOTSOV13,0.8849472931802878
KANMIX,DOTSOV11,0.8849472258799898
KANMIX,DOTSOV14,0.8849466244740863
KANMIX,DOTSOV15,0.8849465874967108
KANMIX,DOTSOV16,0.8849459146291061
KANMIX,EBAMUS,0.8848641637199082
KANMIX,DOTSOV07,0.8845864727730243
KANMIX,KIRFOI,0.883862222453468
KANMIX,NEHZOS,0.8809635661844121
KANMIX,KAJZIH,0.8793958083910984
KANMIX,YOZMUX,0.873565879371331
GALHUY,FAHQIQ,0.9999220668252656
GALHUY,IFIPEV,0.9935518046212396
GALHUY,FOSTOY,0.9558971652160256
GALHUY,UNIDAY,0.9557695488746164
GALHUY,CIFSES,0.9557007227571692
GALHUY,CIFSAO,0.9556423950647294
GALHUY,CIFSIW,0.9551719513955714
GALHUY,NEDLOZ,0.9543937660276038
GALHUY,VACFOV01,0.9379273062232062
GALHUY,VIFPUY05,0.9375816076414284
GALHUY,VIFPUY,0.937567301781672
GALHUY,VIFPUY04,0.9375442933096686
IFABIA01,IFABIA02,0.9999991853756308
IFABIA01,REDROI,0.9998794678511616
IFABIA01,VEGMOK04,0.9997752159822584
IFABIA01,VUSKEA,0.9989865727768416
IFABIA01,PEVQIS,0.9989589533324696
IFABIA01,MIBQAR01,0.9989089616367284
IFABIA01,HOLRAD,0.9989028608836904
IFABIA01,LAWFOF,0.9988962353000346
IFABIA01,SAHYIK,0.9988841629679452
IFABIA01,ORIBAU,0.9984996286766492
IFABIA01,ROZXEL,0.9462798558652
IFABIA01,BOLPAU,0.9082125510983224
IFABIA01,ODODIW,0.9080021523600288
IFABIA01,VIKBUP,0.9078349085688446
IFABIA01,JENKET,0.9067473609914108
IFABIA01,GOSDUP,0.8972260289928751
IFABIA01,UKOLOV,0.8869328920978319
IFABIA01,EKEKEL,0.8863396466282802
IFABIA01,NAWXER,0.8853945384642625
IFABIA01,MIMRAB01,0.8850569142693242
IFABIA01,QAQSAD,0.8844459082596268
IFABIA01,ZARLIP,0.876664280772082
IFABIA01,XAFFAN,0.8760985637283526
IFABIA01,MEWPIQ,0.8759563672503926
IFABIA01,NOXMAQ,0.8749537509224647
IFABIA01,NIWYID,0.8748439895457569
IFABIA01,IJEXIF01,0.8747938688527335
IFABIA01,VEHJUP,0.8746747022322863
IFABIA01,AXOCEW,0.868713008241263
IFABIA01,XEGWIS,0.8665126702656135
IFABIA01,KAHMOW,0.8665025967619813
IFABIA01,XEGXIT,0.8664934793558939
IFABIA01,SAVMAE,0.8629961295652685
IFABIA01,EGIKUB01,0.8604356283170058
IFABIA01,YICQOS,0.8599270750654511
ROZXEL,OMUSAS,0.8270812585956712
ROZXEL,PIWLAL,0.9999977763372324
ROZXEL,BABRII,0.9552751882358904
ROZXEL,ORIBAU,0.9471368210205228
ROZXEL,VEGMOK04,0.9468379368514106
ROZXEL,REDROI,0.9466469404400384
ROZXEL,VUSKEA,0.9439126273730316
ROZXEL,MIBQAR12,0.9438412345909064
ROZXEL,MIBQAR01,0.9437632756716072
ROZXEL,HOLRAD,0.9437551198240786
ROZXEL,LAWFOF,0.9437424454806848
ROZXEL,VAZTUM,0.9437353206252084
ROZXEL,SAHYIK,0.943700655952992
ROZXEL,XAFFER,0.922571135361486
ROZXEL,XAFFAN,0.9223964222185996
ROZXEL,WUMDIT,0.9220965799162482
ROZXEL,NOXMAQ,0.9219226687102988
ROZXEL,QEDZEG,0.914201961814643
ROZXEL,PEGCIP,0.8853355029304508
ROZXEL,JEDDII,0.8814198887822415
ROZXEL,YICQOS,0.8730690028939802
ROZXEL,HUTZAX01,0.8650390332047821
ROZXEL,VIKBUP,0.8650103598530681
DOYHIK,APACAX,0.950794995429894
DOYHIK,JAYXAL,0.9054971703120538
DOYHIK,NUCPIM,0.9023678443128298
DOYHIK,IRELAU,0.8904386899287836
DOYHIK,UFAMEW,0.8871336042681222
DOYHIK,NANYUX01,0.8777475375696747
DOYHIK,REGREC,0.8766229312834708
DOYHIK,ULISOZ,0.8760701976896116
DOYHIK,NIWYID,0.8758859990985961
DOYHIK,VEHJUP,0.8740160843653098
DAPYAW,DELGIN,0.9646522943498448
DAPYAW,RUXWEM03,0.9557633067592942
DAPYAW,FALGIK,0.9519939359393456
DAPYAW,QEKLID,0.9453217547988032
DAPYAW,QEKLID01,0.945230619199498
DAPYAW,PIKYIU,0.9166077081099928
DAPYAW,GOYLUB,0.9082084594212356
DAPYAW,IGUTUB01,0.8857405701286785
DAPYAW,IGUVIR,0.884654548197225
DAPYAW,QUQFOY,0.8806748150963627
DAPYAW,FELXOM,0.8768296083423872
DAPYAW,XOGWUN,0.8766947260246629
DAPYAW,VAYFAE,0.8765680026865562
DAPYAW,MUXVIM,0.875322079230755
DAPYAW,GOQTIR,0.8747104941297625
DAPYAW,JUXZIN,0.8729214064957587
DAPYAW,SITDAD,0.8602158422365517
DOTSOV30,DOTSOV29,0.9999999983407376
QOWRAV03,QOWRAV04,0.999999999222512
QOWRAV03,QOWRAV02,0.9999999966240452
QOWRAV03,QOWRAV08,0.9999998517285376
QOWRAV03,QOWRAV12,0.9999998024603842
QOWRAV03,QOWRAV11,0.999999775253376
QOWRAV03,QOWRAV10,0.999999646701186
QOWRAV03,QOWRAV,0.9999994284391064
QOWRAV03,BAZFUF,0.9971172133214457
QOWRAV03,BAZFUF01,0.997093427276722
QOWRAV03,ICAREL,0.9909414902023936
QOWRAV03,BAZGAM,0.9860857626293686
QOWRAV03,ANUGIA,0.9602872615244618
QOWRAV03,LAYXAN,0.9528124305197332
QOWRAV03,HOYQIX,0.944179831724252
QOWRAV03,IPUPOA,0.9335049225432852
QOWRAV03,EXOGAB,0.9074657470904668
QOWRAV03,FISGOF,0.901167492925956
QOWRAV03,LAQNID,0.8947245594957882
QOWRAV03,AZAVUU,0.8885948311350925
QOWRAV03,ORAWAH,0.8811268817777829
QOWRAV03,LASYOU,0.8629325445232463
NOXMAQ,PIWLAL,0.9219966912747684
NOXMAQ,JENKET,0.8854769750871319
NOXMAQ,BABRII,0.882207138227174
NOXMAQ,ORIBAU,0.8776814085685528
NOXMAQ,VEGMOK04,0.8759447129778059
NOXMAQ,REDROI,0.8755342219478262
NOXMAQ,VUSKEA,0.871089919723732
NOXMAQ,PEVQIS,0.8709970580204475
NOXMAQ,MIBQAR01,0.8708759056313873
NOXMAQ,HOLRAD,0.8708642165351019
WIZMAV09,WIZMAV,0.9999999998603688
WIZMAV09,WIZMAV07,0.9999999990795524
WIZMAV09,WIZMAV10,0.9999999984511716
WIZMAV09,WIZMAV04,0.9999999925557012
WIZMAV09,WIZMAV06,0.9999999712438414
WIZMAV09,WIZMAV05,0.9999999530248695
WIZMAV09,ERARUM,0.9999991243392516
WIZMAV09,UVAHIK,0.9999961048722604
WIZMAV09,ERANAO,0.992635400456829
WIZMAV09,HERHEU,0.9545197377643228
WIZMAV09,GAYXEM,0.9533999465813434
WIZMAV09,BUNLAZ,0.9494129229115534
WIZMAV09,UFOSEQ,0.9469422400594322
SUXWIT,YAQDIF,0.8633171282988277
UFUNIS,NIHDEQ,0.9999878915246848
UFUNIS,UGEPEB,0.9999425258277862
UFUNIS,QERZUI01,0.9999393422628218
UFUNIS,BAHGUN04,0.9998017561513616
UFUNIS,QERZUI,0.99977161429612
UFUNIS,BAHGUN,0.9997458086584736
UFUNIS,BAHGUN01,0.9997365374473732
UFUNIS,UFUMUD02,0.9996986686546498
UFUNIS,UFUMUD01,0.999623486550223
UFUNIS,POFDIZ,0.9991398976824698
UFUNIS,MURREW,0.9987931275593857
UFUNIS,KAKTIA01,0.9985084835244828
UFUNIS,AHEMEG,0.9976013842519044
UFUNIS,VOJPUG01,0.9975224721034686
UFUNIS,POFFEX,0.9944613246213604
UFUNIS,XICKOL,0.8763730209108286
NIWYID,REGREC,0.9999192443141012
NIWYID,IJEXIF01,0.9998681962276472
NIWYID,NANYUX01,0.9990166100708688
NIWYID,RUPVAB,0.991206321992468
NIWYID,QUQFEO,0.9327243159810216
NIWYID,FUDGIW,0.9079526512438476
NIWYID,JOVYAW,0.9077438276956074
NIWYID,MOHLIF,0.906901631128973
NIWYID,HOGJIX,0.9027610619477764
NIWYID,DUNXUH15,0.8970683526665718
NIWYID,EGIKUB01,0.896391410379521
NIWYID,NUFBOH,0.8772001411169237
NIWYID,REDROI,0.874996841059518
NIWYID,VEGMOK04,0.8749780334145113
NIWYID,IFABIA02,0.8748649328654956
NIWYID,CUVTOD,0.8742112818884186
NIWYID,ORIBAU,0.8739237893480302
NIWYID,MIBQAR12,0.8738390909879006
NIWYID,MIBQAR01,0.8737931086095567
NIWYID,LAWFOF,0.8737807027428146
NIWYID,VAZTUM,0.8737765350035624
NIWYID,SAHYIK,0.8737560287208352
NIWYID,YOGKOW,0.8607774219210481
NIWYID,SOWCOY01,0.8606880237690161
NIWYID,LASMUP,0.8597274916386454
PARKUQ01,JEDVEW,0.9999903577446678
PARKUQ01,YEYRAY,0.9999469650393312
PARKUQ01,MITSIS,0.999936883113369
PARKUQ01,KUJMIN,0.999741441001202
PARKUQ01,CEHKUW,0.9996304027100938
PARKUQ01,SIZGEO,0.9994883446531702
PARKUQ01,SITDAD,0.947211110123788
PARKUQ01,DUWBEE,0.9465282303058288
PARKUQ01,QUQFOY,0.9325988512635058
PARKUQ01,FESYEK,0.908215480521356
PARKUQ01,GERWOR,0.906827327201033
PARKUQ01,IJEYEC,0.891667113318744
PARKUQ01,QEKLID01,0.8870357481706608
PARKUQ01,VAKLIF,0.874949192615758
MURREW,UFUNAK,0.99994850500969
MURREW,POFDEV,0.9999448829083007
MURREW,AHEMEG,0.9997758828589124
MURREW,UFUMUD01,0.9997491691063232
MURREW,HAWZEM,0.9996542255473744
MURREW,BAHGUN01,0.99963554040276
MURREW,QERZUI,0.9995991400570436
MURREW,BAHGUN03,0.9995898084295972
MURREW,BAHGUN04,0.9995545415509156
MURREW,BAHGUN02,0.9995107830818056
MURREW,NIHDIU,0.9992796358587182
MURREW,QERZUI01,0.9992696118893012
MURREW,UFUMUD,0.9992421981189455
MURREW,ECODIK,0.999100767864309
MURREW,UGEPEB01,0.99908347521309
MURREW,NELCEN,0.9987346169997112
MURREW,NIHDEQ,0.998693346445558
MURREW,POFFEX,0.9984036075851852
MURREW,QIWQES,0.9958482518351118
MURREW,JALPAQ,0.8791247244741948
MURREW,NAPSUV,0.8689100203263238
EVUDAA,GOYLUB,0.9074329162620264
EVUDAA,RUXWEM03,0.8628305395254746
DITKAT,DITKAT01,0.9999966169379688
DITKAT,WENRIR,0.997405742873213
DITKAT,RUDRUE,0.8913014848343254
DITKAT,RUBZIY02,0.8600129115110406
DITKAT01,WENRIR,0.9972398062484008
DITKAT01,CERPOF,0.8920812935279289
DITKAT01,RUDRUE,0.8910949889963099
DITKAT01,RUBZIY02,0.859908528661136
MOLLEG,RUBZIY02,0.919925225455414
MOLLEG,XILBAW,0.9197538006918136
MOLLEG,YAPQUC,0.9189274193054532
MOLLEG,LONHON,0.916696241644576
FUDGIW,HUVGEM,0.9177209357358612
FUDGIW,REGREC,0.9081808950178624
FUDGIW,NANYUX01,0.9080383646732534
FUDGIW,ULISOZ,0.9080197229173818
FUDGIW,IJEXIF01,0.907427520572616
FUDGIW,RUPVAB,0.8959770352431545
FUDGIW,UFOFUT,0.8651476623375578
FUDGIW,HUTZAX01,0.8610982168569657
FUDGIW,WEHHOI,0.8600675951657963
HAZPIJ,HAZNON,0.9998351948820569
IYUHIU,CUFDUD,0.99998959711312
IYUHIU,FEYDET,0.9997157839188217
IYUHIU,CUFFOZ,0.999542062659312
IYUHIU,CUFFEP,0.999539462049932
IYUHIU,XINTOG,0.927631649701623
IYUHIU,MAYJOM,0.8740354356655857
IYUHIU,VACFOV01,0.8737273994623478
IYUHIU,VIFPUY02,0.8735991394971194
IYUHIU,VIFPUY05,0.8735963437813884
IYUHIU,VIFPUY,0.8735908283694465
IYUHIU,LOQLEJ,0.8735888741833246
IYUHIU,VIFPUY04,0.8735818983779875
DADTOS16,REZJIR,0.9999997487870306
DADTOS16,REZJIR03,0.999998867754037
DADTOS16,PADJOU01,0.9999987917813312
DADTOS16,YUKTUU,0.9999982253075728
DADTOS16,LIJWOR03,0.99999559813411
DADTOS16,DADTOS17,0.999995425889245
DADTOS16,LIJWOR,0.99998998868941
DADTOS16,MNFORD02,0.9999836653047772
DADTOS16,MNFORD03,0.9999831210052964
DADTOS16,PADJOU,0.9999776876754928
DADTOS16,DADTOS13,0.9999698588649611
DADTOS16,DADTOS02,0.9999604298722456
DADTOS16,DADTOS,0.999954346150142
DADTOS16,DADTOS04,0.9999527732287564
DADTOS16,DADTOS01,0.999951966801406
DADTOS16,DADTOS08,0.999950932953472
DADTOS16,DADTOS12,0.9999481813429438
DADTOS16,DADTOS18,0.999946089392219
DADTOS08,DADTOS09,0.9999999979656335
DADTOS08,DADTOS11,0.99999999079877
DADTOS08,DADTOS04,0.9999999824107432
DADTOS08,DADTOS06,0.9999999655533937
DADTOS08,DADTOS12,0.9999999624599653
DADTOS08,DADTOS,0.999999938476806
DADTOS08,YANWOC01,0.9999998731363312
DADTOS08,DADTOS02,0.9999994897183572
DADTOS08,YANWOC02,0.9999987517056534
DADTOS08,DADTOS13,0.9999977055226028
DADTOS08,DADTOS14,0.9999918695561806
DADTOS08,DADTOS15,0.999972383069732
DADTOS08,YUKTUU01,0.9999680978156286
DADTOS08,VIRJEM,0.9999515401117988
DADTOS08,REZJIR,0.9999509195743428
DADTOS08,LIJWOR03,0.999917857998274
DADTOS08,DADTOS17,0.9999163988724048
DADTOS08,MNFORD02,0.9999044400286372
DADTOS08,LIJWOR,0.9999011053438835
DADTOS08,IQEWOQ,0.9987086795914044
PASGEX04,DECYOC,0.8806378323146736
GERWIL,REGREC,0.90818968291156
OKABAE,LASYOU,0.8799721705350799
OKABAE,ONIXOZ,0.8712220296444702
OKABAE,QIZLIW,0.8691984899347052
OKABAE,NEHZUY,0.8691005375755587
OKABAE,KAJZIH,0.8687097276450951
OKABAE,QIZLOC,0.8683689435201759
OKABAE,DOTSOV16,0.8676512070806441
OKABAE,DOTSOV14,0.8676491136314778
OKABAE,DOTSOV10,0.8676488368028143
OKABAE,DOTSOV15,0.8676488356419328
OKABAE,DOTSOV11,0.8676465783648708
OKABAE,DOTSOV13,0.867646340138906
OKABAE,DOTSOV02,0.8675305705350175
OKABAE,EBAMUS,0.867297186077703
OKABAE,XAMDUM04,0.8671575385858643
OKABAE,XAMDUM01,0.867034736851765
OKABAE,YOZNEI,0.8668174376139473
OKABAE,DIHVIB,0.8667546990132426
OKABAE,TISPAO,0.8654436963929888
OKABAE,QAWHIH01,0.8636853728564621
OKABAE,QAWHIH,0.8635852094583994
OKABAE,KIRFOI,0.8635106712406724
NANYUX01,REGREC,0.999493921492731
NANYUX01,ULISOZ,0.9991402236312676
NANYUX01,IJEXIF01,0.9981671203644074
NANYUX01,UFOFUT,0.946989386491548
NANYUX01,UFAMEW,0.942166309491663
NANYUX01,RUGXUO,0.9321620525491812
NANYUX01,JOVYAW,0.9081600438310122
NANYUX01,EXOXUL,0.9073121614703644
NANYUX01,MOHLIF,0.9036343788607276
NANYUX01,KEFBOO,0.8988939834088765
NANYUX01,HOGJIX,0.897200579676699
NANYUX01,DUNXUH15,0.8971515822824927
NANYUX01,EGIKUB01,0.8940151155859286
NANYUX01,BUKMUQ01,0.8850637510550906
NANYUX01,DOYHOQ,0.8756472545763873
NANYUX01,ORIBAU,0.8749877196027012
NANYUX01,NUFBOH,0.874538754642527
NANYUX01,VEGMOK04,0.8742838236988046
NANYUX01,NASROR,0.8742321820868707
NANYUX01,CUVTOD,0.8729748843521723
NANYUX01,MIBQAR01,0.8706479028886701
NANYUX01,HOLRAD,0.8706382884934044
NANYUX01,VAZTUM,0.8706167962482122
NANYUX01,SAHYIK,0.8705799122950063
NANYUX01,SOWCOY01,0.8610559637241588
CIFMIP,TIVYAZ,0.9999999437999576
VUSKEA,PEVQEO,0.9999997079158724
VUSKEA,PEVQIS,0.999999625559326
VUSKEA,MIBQAR01,0.9999983365724348
VUSKEA,REDROI,0.9988545643418684
VUSKEA,ORIBAU,0.9956198478933782
VUSKEA,PIWLAL,0.9437396496295926
VUSKEA,BABRII,0.9076989895846752
VUSKEA,BOLPAU,0.9068664999994426
VUSKEA,VIKBUP,0.906156404878911
VUSKEA,JENKET,0.9038617911898632
VUSKEA,JEDDII,0.8971900750879296
VUSKEA,GOSDUP,0.895506835088824
VUSKEA,QEDZEG,0.8912149010022505
VUSKEA,EKEKEL,0.8872975551354692
VUSKEA,UKOLOV,0.8853099010055359
VUSKEA,NIKHAS,0.8841903831353221
VUSKEA,IDIXAU,0.8780955162440848
VUSKEA,WUMDIT,0.8766981072393268
VUSKEA,ULISOZ,0.8737384271333057
VUSKEA,REGREC,0.8732009244247889
VUSKEA,XAFFAN,0.8729459080912163
VUSKEA,MEWPIQ,0.8727051057993869
VUSKEA,RUPVAB,0.8713381396131521
VUSKEA,AXOCEW,0.8692025813445395
VUSKEA,PEGCIP,0.8658222887024445
VUSKEA,SAVMAE,0.864233058282798
VUSKEA,XEGWIS,0.8628014657385631
VUSKEA,KAHMOW,0.8627859251796366
VUSKEA,XEGXIT,0.8627713298483395
VUSKEA,XEGWAK,0.862759328901558
VUSKEA,YICQOS,0.8611362197659872
VUSKEA,EGIKUB01,0.8607084790062166
SIZGEO,CEHKUW,0.9997446701766368
SIZGEO,PARKUQ,0.9994916006412636
SIZGEO,ODOXEK,0.9992179236338352
SIZGEO,MITSUE,0.9992104139243508
SIZGEO,MITSAK,0.9992086514979756
SIZGEO,MITSIS,0.9991482819317076
SIZGEO,FUMJAA,0.9989211734946888
SIZGEO,KUJMIN,0.9986824635689016
SIZGEO,SITDAD,0.9466474200693348
SIZGEO,QUQFOY,0.932760116353524
SIZGEO,LIQFEY,0.9079976217636384
SIZGEO,GERWOR,0.90755743498417
SIZGEO,FESYEK,0.9075300591519524
SIZGEO,QEKLID01,0.8870489032934246
SIZGEO,NOLRIR,0.8781040942165264
SIZGEO,VAKLIF,0.8741992285237931
SIZGEO,XEFGUN01,0.8737821377021684
SIZGEO,YIKGEF,0.8735144437605968
SIZGEO,KETHEY,0.8594873504353079
LARPEB,XUDSIY,0.874506262634913
LARPEB,YAXCAC,0.8726432234395363
LARPEB,YAXBUV02,0.8725799412443084
LARPEB,KUXSIH,0.8725746746401235
LARPEB,KUXREC,0.8705974995361893
LARPEB,POJTOY,0.864412670500081
LARPEB,VAGVAC,0.8642473773728472
LARPEB,EFEGOM,0.8626518845650297
LARPEB,SETQUF,0.8623622493129948
LARPEB,SETRAM,0.8617073330749098
LARPEB,SETQIT,0.8611863397987602
LARPEB,SETQAL,0.8609325539896866
LARPEB,XADCOW,0.8602893013261987
QEKLID,QEKLID01,0.999999201204704
QEKLID,RUXWEM03,0.9323470701139014
QEKLID,QUQFOY,0.9192518177760444
QEKLID,PIKYAM,0.8952704046605818
QEKLID,KETHEY,0.8949360502488505
QEKLID,PIKYIU,0.8931494406001672
QEKLID,YEYRAY,0.8872020870457844
QEKLID,PARKUQ,0.8870098256021294
QEKLID,NABLIM,0.8869386524947925
QEKLID,MITSAK,0.8867336291469821
QEKLID,MITSUE,0.8867287308909813
QEKLID,VAKLIF,0.8867123260069053
QEKLID,KUJMIN,0.8862000159084281
QEKLID,GOYLUB,0.8852407587688805
QEKLID,YICRAF,0.8705739836677819
QEKLID,IGUVIR,0.8656213472828016
QEKLID,IGUTUB,0.8653613019523068
QEKLID,ECIWIW,0.8649233727885484
XENMIO,HUVGEM,0.9999998531562851
XENMIO,HUTZAX01,0.9422360637382304
XENMIO,ORIBAU,0.8610623722867666
XENMIO,IFABIA02,0.8603092540399584
KOGYIP,CUPHUS,0.9999992327573016
KOGYIP,FUFVEJ,0.999580922484174
KOGYIP,LIRVAK,0.9995631632287378
KOGYIP,ASUKEE01,0.998745032839815
KOGYIP,FITSAD,0.998474008534784
KOGYIP,OJOQAF01,0.9941554165083272
IDIXAU,QAQSAD,0.9989801900966538
IDIXAU,MIMRAB01,0.9964225217541668
IDIXAU,VEGMOK04,0.8829989170513792
IDIXAU,MIBQAR12,0.8779922495271189
IDIXAU,HOLRAD,0.8778681475487761
IDIXAU,LAWFOF,0.8778499234237235
PIKYAM,FALGIK,0.9563081020007852
PIKYAM,VAKLIF,0.9078308753133116
PIKYAM,GOYLUB,0.9058351075589028
PIKYAM,NOLRIR,0.8856839479714597
PIKYAM,IGUTUB,0.8849579722499964
PIKYAM,ECIWIW,0.8844618730860472
PIKYAM,IGUTUB01,0.8822043543793299
PIKYAM,FESYEK,0.8607490845267978
NEHZUY,NEHZOS,0.9999994909150594
NEHZUY,QIZLOC,0.999707048021218
NEHZUY,QIZLIW,0.9995202725254236
NEHZUY,DOTSOV16,0.9971431291757228
NEHZUY,DOTSOV14,0.9971403474583512
NEHZUY,DOTSOV10,0.9971399888689952
NEHZUY,DOTSOV15,0.997139987327663
NEHZUY,DOTSOV11,0.9971369972594848
NEHZUY,DOTSOV13,0.9971366817230428
NEHZUY,EBAMUS,0.9967232477462992
NEHZUY,XAMDUM05,0.996578687658156
NEHZUY,XAMDUM02,0.9965577244408788
NEHZUY,RILFEA,0.9963441250032824
NEHZUY,UXISUR,0.9963099253423564
NEHZUY,FIQCEN,0.996293448469886
NEHZUY,YOZMIL,0.9961896930466144
NEHZUY,YOZNEI,0.9960668415790696
NEHZUY,YOZNUY,0.9899007008714994
NEHZUY,YOZNOS,0.9837374741867028
NEHZUY,LASYOU,0.9397595642650542
NEHZUY,ONIXOZ,0.9321019388775093
NEHZUY,BABREE,0.932067436146807
NEHZUY,DALSOA,0.92987025561853
NEHZUY,ORAWAH,0.9249745489805712
NEHZUY,RAWYAS,0.9193877736145812
NEHZUY,IWEVAJ,0.915728369959992
NEHZUY,PIDRAY,0.907291522819888
NEHZUY,EXOGAB,0.906865856147918
NEHZUY,OFOCUI,0.9018964525568076
NEHZUY,YAGHUM,0.9018718600446656
NEHZUY,MOBDIR,0.8961277169709345
NEHZUY,IPUPOA,0.8871433190609659
NEHZUY,EXAXAE,0.8850407144582559
NEHZUY,ADONEP,0.882969742918837
NEHZUY,IPUPIU,0.8817154974951371
NEHZUY,USEVOF,0.8805942721493867
NEHZUY,NEMCOA,0.8779597811091959
NEHZUY,CEKHUY,0.8779578613879192
NEHZUY,HIDTUM,0.8778995824707247
NEHZUY,KIRFOI,0.8692705609258864
NEHZUY,JALPAQ,0.8611239398562854
NEHZUY,OGEBAF01,0.8610664452829894
NEHZUY,OGEBAF,0.8609997293480919
FEYJOJ,PUNYED,0.946845969500588
FEYJOJ,ABAYOU,0.9466793457254294
FEYJOJ,XAPSIS,0.9429666584475128
FEYJOJ,CIPLIX,0.9416361330540188
FEYJOJ,FISQEG,0.9328407577201686
FEYJOJ,VASYEW,0.9322692914050138
FEYJOJ,LIDSIC,0.900890800989496
FEYJOJ,BAKJEE,0.9003993583578374
FEYJOJ,TIDNIF,0.9003237847566309
FEYJOJ,BAKJII,0.8989621343968273
FEYJOJ,FEVDER,0.8761027569370241
FEYJOJ,AXINAX01,0.8632467841047815
FEYJOJ,DIBQIQ,0.8620279292232912
WEYQAU06,WEYQAU02,0.9999994059752536
WEYQAU06,WEYQAU09,0.9999890947286458
WEYQAU06,WEYQAU01,0.9999845745255608
WEYQAU06,WEYQAU16,0.9998060668426316
WEYQAU06,PUNYIH,0.9939217848092236
WEYQAU06,ABAYIO,0.9913730362609524
WEYQAU06,UKIQIP,0.8851529717655571
WEYQAU06,SOBDOF,0.8843331338779841
WEYQAU06,GELVEZ02,0.8842149874339114
WEYQAU06,BIYTOU,0.8830775526087222
WEYQAU06,HIYZEV01,0.8827681833826944
WEYQAU06,DIJCOP,0.8720816983487107
WEYQAU06,LUSHOX02,0.8704737387949825
ILAKAH,MAHTAR,0.9198640008902216
XAMDUM04,LUDLIH,0.9999985105580936
XAMDUM04,XAMDUM05,0.9999945692480122
XAMDUM04,RILFEA,0.9999924734709192
XAMDUM04,FIQCEN,0.9999911523564496
XAMDUM04,YOZMIL,0.99998905526876
XAMDUM04,DIHVIB,0.9999762414135024
XAMDUM04,DOTSOV13,0.9999629273902428
XAMDUM04,DOTSOV11,0.999962894033519
XAMDUM04,DOTSOV15,0.9999625785620448
XAMDUM04,DOTSOV16,0.9999622450986756
XAMDUM04,EBAMUS,0.9998938870718334
XAMDUM04,DOTSOV07,0.9997158319146277
XAMDUM04,DOTSOV02,0.9990594046803576
XAMDUM04,QIZLIW,0.9986073905255414
XAMDUM04,NEHZOS,0.9965845800903402
XAMDUM04,KAJZIH,0.9951444007820562
XAMDUM04,YOZNOS,0.992041461414516
XAMDUM04,YOZMUX,0.9883125754199156
XAMDUM04,DALSOA,0.93299875616694
XAMDUM04,BABREE,0.9321996656481872
XAMDUM04,ONIXOZ,0.92506404900939
XAMDUM04,EXOYAS,0.9197575806064652
XAMDUM04,RAWYAS,0.9190043106202752
XAMDUM04,YAGHUM,0.9078080485526304
XAMDUM04,NUTQAV,0.9077093353938276
XAMDUM04,OFOCUI,0.9076812335828092
XAMDUM04,HOYQIX,0.8871385178358195
XAMDUM04,IPUPIU,0.8870468881738975
XAMDUM04,IPUPOA,0.885113111896626
XAMDUM04,XEDMEB,0.8847627286700632
XAMDUM04,EXAXAE,0.882252390179084
XAMDUM04,EXAXAE03,0.8819363361995134
XAMDUM04,EMUBIZ,0.8819018921299154
XAMDUM04,ANUGOG,0.8779419537243858
XAMDUM04,NEMCOA,0.8747158328543556
XAMDUM04,HIDTUM,0.8734533619167903
XAMDUM04,LAQNID,0.869139456622767
QOWRAV12,QOWRAV11,0.999999999122618
QOWRAV12,QOWRAV08,0.9999999964722536
QOWRAV12,QOWRAV10,0.999999977519318
QOWRAV12,QOWRAV07,0.9999999768911528
QOWRAV12,QOWRAV,0.9999999029287368
QOWRAV12,QOWRAV04,0.999999776897085
QOWRAV12,QOWRAV02,0.9999997474362318
QOWRAV12,BAZFUF,0.9971646071116492
QOWRAV12,BAZFUF01,0.9971410158698144
QOWRAV12,KIJRUS,0.986408229984995
QOWRAV12,BAZGAM,0.9861875826814588
QOWRAV12,NAFSOF,0.97890445416714
QOWRAV12,LAYXAN,0.9529398390492874
QOWRAV12,IPUPOA,0.9336101565870092
QOWRAV12,CEFNIN,0.9114275646551332
QOWRAV12,EXOGAB,0.9075500262859412
QOWRAV12,ENIHUG,0.8678216778133879
QOWRAV12,LASYOU,0.8629739375519621
QOWRAV12,LURRIA,0.8607975106721243
EHISUJ,EYUGEL,0.8838402111089168
EHISUJ,EYUGOV,0.9997004334524004
EHISUJ,EYUGIP,0.9787022417559842
KAKTIA01,VOJPUG01,0.9998254518949176
KAKTIA01,UFUNAK,0.999781566311446
KAKTIA01,AHEMEG,0.9997158617810998
KAKTIA01,IPINAY,0.9996902034005278
KAKTIA01,UFUMUD01,0.9995407529403584
KAKTIA01,UFUMUD02,0.9994641279467776
KAKTIA01,BAHGUN03,0.999360211926296
KAKTIA01,BAHGUN04,0.9993156590613442
KAKTIA01,QERZUI01,0.9990198336001858
KAKTIA01,ECODIK,0.9988072232025303
KAKTIA01,UGEPEB,0.9984190959669476
KAKTIA01,NIHDEQ,0.9983520011171476
KAKTIA01,QIWQES,0.996099021476982
KAKTIA01,JALPAQ,0.8789182381167979
KAKTIA01,NAPSUV,0.8690556393039524
YOZNEI,DIHVIB,0.9999987849558686
YOZNEI,YOZMIL,0.9999987509629206
YOZNEI,FIQCEN,0.99999582136405
YOZNEI,XAMDUM03,0.999988306733936
YOZNEI,XAMDUM02,0.999971501706406
YOZNEI,DOTSOV13,0.9999140326137356
YOZNEI,DOTSOV11,0.9999139779666056
YOZNEI,DOTSOV15,0.9999134596963192
YOZNEI,DOTSOV16,0.999912913093854
YOZNEI,YOZNUY,0.9985531327639768
YOZNEI,QIZLIW,0.998329667025776
YOZNEI,KAJZIH,0.9946351273996727
YOZNEI,YOZNOS,0.9920703570578356
YOZNEI,DALSOA,0.9329677015561372
YOZNEI,ORAWAH,0.9322775468074204
YOZNEI,BABREE,0.9319861880963128
YOZNEI,EXOYAS,0.9196228879707
YOZNEI,RAWYAS,0.9187594322272316
YOZNEI,IWEVAJ,0.9187204790604242
YOZNEI,YAGHUM,0.9079505919113312
YOZNEI,OFOCUI,0.907759979446599
YOZNEI,MOBDIR,0.8957383828305427
YOZNEI,IPUPIU,0.8871519917683132
YOZNEI,IPUPOA,0.8847677617459737
YOZNEI,XEDMEB,0.8846278293623666
YOZNEI,EXAXAE,0.8818609166256564
YOZNEI,EXAXAE03,0.8815238444282696
YOZNEI,EMUBIZ,0.8814877356354166
YOZNEI,ANUGIA,0.8775896924494504
YOZNEI,CEKHUY,0.8737389859244327
YOZNEI,LAQNID,0.8690489005046056
YOZNEI,KIRFOI,0.8655844645183709
YOZNEI,XICKOL,0.8604965829916067
UGUQOC,CIZQOT,0.9958085081223677
UGUQOC,NATFAS,0.9952722827386088
UGUQOC,WOBHOL,0.8726423600483031
DOTSOV13,DOTSOV15,0.9999999990399016
DOTSOV13,DOTSOV10,0.9999999990390038
DOTSOV13,DOTSOV16,0.999999996345504
DOTSOV13,DOTSOV14,0.9999999883813856
DOTSOV13,DOTSOV12,0.9999999859647573
DOTSOV13,BODPAN,0.9999728786224598
DOTSOV13,XAMDUM03,0.999964878687892
DOTSOV13,LUDLIH,0.999956706300112
DOTSOV13,RILFEA,0.9999513286864504
DOTSOV13,XAMDUM01,0.9999511468139785
DOTSOV13,FIQCEN,0.9999453046694496
DOTSOV13,DIHVIB,0.9999026377498056
DOTSOV13,EBAMUS,0.9998460381549322
DOTSOV13,TISPAO,0.9995335487462566
DOTSOV13,QIZLIW,0.9989985958741544
DOTSOV13,QAWHIH01,0.99880874625285
DOTSOV13,QAWHIH,0.998762055040789
DOTSOV13,NEHZOS,0.997212299352782
DOTSOV13,KAJZIH,0.9958972533953584
DOTSOV13,QIZLOC,0.9950699691800589
DOTSOV13,YOZNOS,0.9911964497439818
DOTSOV13,BABREE,0.9324927482608424
DOTSOV13,ORAWAH,0.9316935197310944
DOTSOV13,ONIXOZ,0.926031509451151
DOTSOV13,RAWYAS,0.9193462524917162
DOTSOV13,IWEVAJ,0.9187165718522072
DOTSOV13,OFOCUI,0.9073638106798044
DOTSOV13,PIDRAY,0.901141514512265
DOTSOV13,MOBDIR,0.8962904433640774
DOTSOV13,IPUPIU,0.8868449115294754
DOTSOV13,WANJIF,0.8849300961952113
DOTSOV13,EXAXAE,0.8828207644494575
DOTSOV13,EXAXAE03,0.8825366348140185
DOTSOV13,EMUBIZ,0.8825063032769263
DOTSOV13,ANUGOG,0.8779622052480925
DOTSOV13,NEMCOA,0.8753276058902011
DOTSOV13,KIRFOI,0.8666183280786368
DOTSOV13,XICKOL,0.8608863455974642
EXAXAE03,EMUBIZ,0.9999998825930227
EXAXAE03,EXAXAE,0.999991531603311
EXAXAE03,XEDMEB,0.9985190597893892
EXAXAE03,ADONEP,0.9981534439226776
EXAXAE03,WANJIF,0.997355086720148
EXAXAE03,USEVOF,0.995923098408998
EXAXAE03,KIRFOI,0.8878144393425584
EXAXAE03,KAJZIH,0.8848894211494422
EXAXAE03,QIZLIW,0.8847240598112864
EXAXAE03,QIZLOC,0.8846717152507847
EXAXAE03,DOTSOV07,0.8828149851343556
EXAXAE03,WULJUJ,0.8826464918172634
EXAXAE03,DOTSOV02,0.8826294507219262
EXAXAE03,DOTSOV16,0.882542709542692
EXAXAE03,DOTSOV12,0.8825427091171594
EXAXAE03,DOTSOV15,0.8825397493750136
EXAXAE03,DOTSOV11,0.8825369321098112
EXAXAE03,EBAMUS,0.8821416825983599
EXAXAE03,XAMDUM05,0.88200945298031
EXAXAE03,XAMDUM02,0.8819898626351443
EXAXAE03,BODPAN,0.8819883889451433
EXAXAE03,RILFEA,0.881787019978126
EXAXAE03,FIQCEN,0.8817389193489515
EXAXAE03,YOZMIL,0.8816404870198624
EXAXAE03,DIHVIB,0.8814482276516307
EXAXAE03,TISPAO,0.8799044319646516
EXAXAE03,QAWHIH01,0.8778912504778497
EXAXAE03,QAWHIH,0.8777779223111595
EXAXAE03,YOZNUY,0.8755883699860239
EXAXAE03,YOZNOS,0.8694215635391206
EXAXAE03,YOZMUX,0.8647022491635523
FIQCEN,XAMDUM01,0.9999998255054172
FIQCEN,RILFEA,0.999999824297726
FIQCEN,YOZMIL,0.999999138942026
FIQCEN,XAMDUM03,0.999997840651335
FIQCEN,LUDLIH,0.999996900390585
FIQCEN,XAMDUM05,0.9999942312857606
FIQCEN,DIHVIB,0.9999938902236388
FIQCEN,DOTSOV11,0.9999452609276256
FIQCEN,DOTSOV15,0.9999448454230856
FIQCEN,DOTSOV10,0.9999448452096688
FIQCEN,DOTSOV12,0.9999443953843846
FIQCEN,EBAMUS,0.999827092922857
FIQCEN,TISPAO,0.999798231453504
FIQCEN,QAWHIH01,0.9992641885574832
FIQCEN,DOTSOV02,0.998869418635919
FIQCEN,YOZNUY,0.9984112897417174
FIQCEN,QIZLOC,0.993984467685603
FIQCEN,YOZMUX,0.9880163811588488
FIQCEN,LASYOU,0.9465467596474252
FIQCEN,DALSOA,0.9329892115195404
FIQCEN,EXOYAS,0.9197002112903462
FIQCEN,YAGHUM,0.9078848534645256
FIQCEN,NUTQAV,0.9077941433586528
FIQCEN,EXOGAB,0.9076817269632864
FIQCEN,MOBDIR,0.8958626096136134
FIQCEN,HOYQIX,0.8871852529298447
FIQCEN,USEVOF,0.8850398517775426
FIQCEN,IPUPOA,0.8849492089523644
FIQCEN,XEDMEB,0.8847030920315478
FIQCEN,ADONEP,0.8844593200855544
FIQCEN,ANUGOG,0.8779297825886402
FIQCEN,ANUGIA,0.8775161769287879
FIQCEN,NEMCOA,0.8745160019291494
FIQCEN,CEKHUY,0.8739718506621764
FIQCEN,LAQNID,0.8691013206692365
FIQCEN,KIRFOI,0.865803978200479
LUWZUZ,NOMPIQ01,0.8867527537838168
LUWZUZ,CIKPEU,0.8867403529554505
LUWZUZ,NOMPIQ,0.8867251653443434
LUWZUZ,FAZPIH,0.8840148209648983
LUWZUZ,NERVIP01,0.8828742484716862
LUWZUZ,DIDBOJ,0.8827637213725029
LUWZUZ,DIDBID,0.8824252274349692
LUWZUZ,JODGIU,0.8822056795001657
LUWZUZ,ERUNUC,0.8803133521980251
LUWZUZ,MOXDOT,0.8756881971353445
LUWZUZ,DERBIO,0.8746010280282084
LUWZUZ,FEXCAO01,0.871635547647378
IJEXIF01,ULISOZ,0.9998165625005886
IJEXIF01,UFAMEW,0.9464080451030584
IJEXIF01,RUGXUO,0.9328255592403404
IJEXIF01,QUQFEO,0.9322036769983904
IJEXIF01,EXOXUL,0.91508506376259
IJEXIF01,BUKMUQ01,0.883121323564004
IJEXIF01,DOYHOQ,0.877934888176481
IJEXIF01,NASROR,0.8776271009123273
IJEXIF01,REDROI,0.8748558811750324
IJEXIF01,MIBQAR12,0.8744889306760719
IJEXIF01,MIBQAR01,0.8744582034327182
IJEXIF01,LAWFOF,0.87444992347255
IJEXIF01,SAHYIK,0.8744329809608165
IJEXIF01,CUVTOD,0.8741721532276225
IJEXIF01,ORIBAU,0.8730410046757275
IJEXIF01,YOGKOW,0.8610928240251597
IJEXIF01,LASMUP,0.8604633460354463
IMUVAO,IMUTUG,0.9999748506903882
NABLIM,CEHKUW,0.9997169439461148
NABLIM,YEYRAY,0.9991794091299004
NABLIM,PARKUQ,0.9987233619624152
NABLIM,ODOXEK,0.9982148346330082
NABLIM,MITSAK,0.9981918875004234
NABLIM,MITSIS,0.9980849192005375
NABLIM,KUJMIN,0.9973097818435196
NABLIM,SITDAD,0.945814830516279
NABLIM,DUWBEE,0.94338021660685
NABLIM,QUQFOY,0.9327673987497038
NABLIM,GERWOR,0.9082343620628746
NABLIM,MICJOA,0.9080695736018412
NABLIM,LIQFEY,0.9078521413312076
NABLIM,QEKLID01,0.8869062209952031
NABLIM,NOLRIR,0.8815570010831312
NABLIM,GOYLUB,0.8742785095521765
NABLIM,YIKGEF,0.8742097891942021
NABLIM,VAKLIF,0.8731567336738963
NABLIM,FIPKOG01,0.8603925634386587
FONQAC,GOQTIR,0.9313674494749976
FONQAC,JUXZOT,0.929944365245502
FONQAC,JUXZIN,0.929897982604282
FONQAC,FELXOM,0.9126403403483708
FONQAC,ULOGIL,0.8732698635165861
FONQAC,EKUNON01,0.8727056592143903
FONQAC,EKUNON,0.8726299477370894
FONQAC,EKUNON02,0.8725511191072661
FONQAC,RUXWEM03,0.8670024951916886
FONQAC,YICRAF,0.8614464814219376
HIZQEN,HIZQEN01,0.999994558883084
HIZQEN,GOYLUB,0.9999978820593094
ZAZBUZ,AZAVUU,0.9161986160812304
QIZLIW,ABEMIF,0.99990405250713
QIZLIW,DOTSOV16,0.9990024144000096
QIZLIW,DOTSOV10,0.9990005549088998
QIZLIW,KAJZIH,0.998945411728339
QIZLIW,DOTSOV02,0.9987119659941864
QIZLIW,XAMDUM05,0.9986577660158736
QIZLIW,BODPAN,0.9986437418692974
QIZLIW,XAMDUM02,0.998639023180798
QIZLIW,LUDLIH,0.99854997535844
QIZLIW,RILFEA,0.9985090423732764
QIZLIW,UXISUR,0.9984871254435378
QIZLIW,DIHVIB,0.9982778148182312
QIZLIW,QAWHIH,0.995543775292558
QIZLIW,YOZNUY,0.9937957388013416
QIZLIW,LASYOU,0.9430427035996614
QIZLIW,ONIXOZ,0.9303038145913708
QIZLIW,ORAWAH,0.9284040278534303
QIZLIW,RAWYAS,0.920063859436216
QIZLIW,EXOYAS,0.9197041759063193
QIZLIW,IWEVAJ,0.91764612157037
QIZLIW,EXOGAB,0.908013920595651
QIZLIW,PIDRAY,0.905460613950592
QIZLIW,YAGHUM,0.9048782383874834
QIZLIW,OFOCUI,0.9048210746529072
QIZLIW,NUTQAV,0.9046131794801572
QIZLIW,MOBDIR,0.8968872689330227
QIZLIW,IPUPOA,0.8872089399173195
QIZLIW,HOYQIX,0.8848337337497775
QIZLIW,IPUPIU,0.884499619192862
QIZLIW,ADONEP,0.8843624285747635
QIZLIW,WANJIF,0.8839556292205063
QIZLIW,USEVOF,0.8830414308132426
QIZLIW,NEMCOA,0.8775748655505494
QIZLIW,HIDTUM,0.87706735652397
QIZLIW,LAQNID,0.8686043831741003
QIZLIW,OGEBAF,0.8610310124593779
QIZLIW,OGEBAF01,0.8610047920693165
QIZLIW,JALPAQ,0.8608978857198786
LAGWIB,VAKREG,0.9999612940998648
AVUCEA,XAVQIU,0.9997429524938386
QETSOY,UZATAR,0.9973603832669392
QETSOY,VOYWUB,0.8629125834940855
EMIYUW,GERBEN,0.9999307863420608
EMIYUW,HERHAQ,0.9997474527242096
EMIYUW,GAYXEM,0.9997472241536924
EMIYUW,ERARUM,0.9549327363907834
EMIYUW,WIZMAV06,0.9548728491285052
EMIYUW,WIZMAV04,0.9548662905781146
EMIYUW,WIZMAV07,0.9548570794985056
EMIYUW,BUNKUS,0.9143433856567952
EMIYUW,UFOSEQ,0.9051012533616326
EMIYUW,DITJOH,0.8836527883662494
EMIYUW,UNEJEE,0.8600303181458973
NUDNUW01,AMOMUM,0.9997045549369058
NUDNUW01,NUDNUW09,0.9999181512658728
NUDNUW01,NUDPAE01,0.999514348045679
NUDNUW01,VICBEQ,0.9994823245971676
NUDNUW01,NIHBAI01,0.9966695128692112
NUDNUW01,CAJHUS,0.9954290799540392
CUVTOD,REGREC,0.8740584816221764
CUVTOD,VEHJUP,0.8740515003506478
CUVTOD,RUPVAB,0.8661671176280658
CUVTOD,EXOXUL,0.8654805962635215
WEYQAU09,WEYQAU02,0.9999846485787732
WEYQAU09,PUNYIH,0.993403287667538
WEYQAU09,OFODET,0.9038829646830732
WEYQAU09,UKIQIP,0.8848370742342544
WEYQAU09,SOBDOF,0.8845011970298118
WEYQAU09,BIYTOU,0.882774413633848
WEYQAU09,HIYZEV01,0.8819890087056765
WEYQAU09,MAHTAR,0.8706870378419419
WEYQAU09,LUSHOX02,0.8700231252684977
PUNYIH,MEFZUU,0.8108940768975459
PUNYIH,ABAYIO,0.9997741530311745
PUNYIH,WEYQAU16,0.9958863911518118
PUNYIH,WEYQAU01,0.9945151619883528
PUNYIH,WEYQAU02,0.9940205423323518
PUNYIH,HIYZEV01,0.8952126981347202
PUNYIH,UKIQIP,0.8862602438409816
PUNYIH,BIYTOU,0.8839637990740644
PUNYIH,GELVEZ02,0.8827037061907266
PUNYIH,LUSHOX02,0.8748827024057769
PUNYIH,MAHTAR,0.874755387507447
PUNYIH,DIJCOP,0.8732184931278584
PUNYIH,UVETUL,0.8609503697231478
PUNYIH,GOVWOF,0.8608273101594794
INEXOQ,WACLEU,0.9310231891238236
INEXOQ,UKIQIP,0.8726195227469677
YINPEQ,VAKLIF,0.999898909014133
PARKUQ,PUNDUY,0.9999361739933674
PARKUQ,ODOXEK,0.9999573456516504
PARKUQ,YEYRAY,0.999948437326195
PARKUQ,MITSIS,0.9999352616646408
PARKUQ,FUMJAA,0.9998494201621696
PARKUQ,KUJMIN,0.999738163448062
PARKUQ,CEHKUW,0.9996343060462868
PARKUQ,DUWBEE,0.9465228967155832
PARKUQ,QUQFOY,0.9326029805235037
PARKUQ,LIQFEY,0.9079920739230004
PARKUQ,GERWOR,0.9068349807474844
PARKUQ,QEKLID01,0.8870390371893953
PARKUQ,VAKLIF,0.8749477319862342
PARKUQ,GOYLUB,0.8711209023708734
MIMRAB01,QAQSAD,0.9991608085970392
MIMRAB01,EZINAE,0.91176775180896
MIMRAB01,IFABIA02,0.8850564800640838
MIMRAB01,VEGMOK04,0.8847667030162235
MIMRAB01,PEVQIS,0.8842947793265822
MIMRAB01,MIBQAR12,0.8842845714923323
MIMRAB01,MIBQAR01,0.8842514877941974
MIMRAB01,LAWFOF,0.8842404113468824
MIMRAB01,ORIBAU,0.8832406841307663
MIMRAB01,NENHEU,0.8689971583900826
MIMRAB01,EGIKUB01,0.8635495721683174
QOWRAV,QOWRAV10,0.9999999738766776
QOWRAV,QOWRAV09,0.9999999433361492
QOWRAV,QOWRAV11,0.9999999205085974
QOWRAV,QOWRAV07,0.9999997850954798
QOWRAV,QOWRAV02,0.99999933720961
QOWRAV,BAZFUF,0.9971975973501016
QOWRAV,ICAREL,0.991083539247024
QOWRAV,KIJRUS,0.9864735056509916
QOWRAV,BAZGAM,0.9862587585381196
QOWRAV,NAFSOF,0.9789929400732827
QOWRAV,LAYXAN,0.9530289371763748
QOWRAV,HOYQIX,0.9442722370692774
QOWRAV,IPUPOA,0.9336837037689408
QOWRAV,CEFNIN,0.9114603729432428
QOWRAV,FISGOF,0.9012932670863636
QOWRAV,LAQNID,0.8948521644743481
QOWRAV,AZAVUU,0.8887519009520022
QOWRAV,ENIHUG,0.8678492430949556
QOWRAV,LASYOU,0.8630027254646282
QOWRAV,LURRIA,0.860844465953118
IXISOZ02,NOFHOG,0.9081843204638478
IXISOZ02,YIXFOC03,0.9976111935419684
GOXGAD,FOKWUZ,0.8804129747753475
APAZOI,LUWMEX,0.9999659672850774
APAZOI,APAYUN,0.9991680299184348
APAZOI,WOJYEB,0.9989710418940912
APAZOI,APAZIC,0.9988891018503384
APAZOI,YUMFUJ,0.9972649543502796
APAZOI,FECXAO,0.9479226665662348
RUBZIY02,RUBZIY01,0.9999991808272494
RUBZIY02,YAPQUC,0.9990939461872396
RUBZIY02,XILBAW,0.999054442816158
RUBZIY02,LIPZES,0.9966013442027616
RUBZIY02,LONHON,0.9949946389818336
RUBZIY02,SAQCIZ,0.8961857896049087
RUBZIY02,YUNBOZ,0.8847182552796576
RUBZIY02,INICPB01,0.8842504108702783
RUBZIY02,POCMEA04,0.8837416937165621
RUBZIY02,CERPOF,0.8715856057990276
YUKTUU04,YUKTUU02,0.9999999641813808
SAHYIK,PEKGAO,0.9998977158529722
SAHYIK,VAZTUM,0.9999998212845784
SAHYIK,LAWFOF,0.999999704410661
SAHYIK,HOLRAD,0.9999996151964002
SAHYIK,MIBQAR01,0.999999602593529
SAHYIK,PEVQIS,0.9999984069453856
SAHYIK,IFABIA02,0.9989010041113882
SAHYIK,VEGMOK04,0.9984051322180516
SAHYIK,ORIBAU,0.9953764856015356
SAHYIK,PIWLAL,0.9435223219176192
SAHYIK,BABRII,0.907610227951134
SAHYIK,BOLPAU,0.906742087074598
SAHYIK,ODODIW,0.9065637712598928
SAHYIK,VIKBUP,0.9059867429758875
SAHYIK,JENKET,0.9036183398248752
SAHYIK,GOSDUP,0.8953636152730351
SAHYIK,QEDZEG,0.8909278295045187
SAHYIK,EKEKEL,0.8872916759933027
SAHYIK,UKOLOV,0.8851447237810128
SAHYIK,NIKHAS,0.8839857273039926
SAHYIK,NAWXER,0.8816996461355299
SAHYIK,WUMDIT,0.8765655693181146
SAHYIK,XAFFER,0.8747347718113295
SAHYIK,ZARLIP,0.8737188353581417
SAHYIK,ULISOZ,0.8736058533848703
SAHYIK,REGREC,0.8730432238945034
SAHYIK,RUPVAB,0.8715542455424874
SAHYIK,NENHEU,0.8684037128861988
SAHYIK,KAHMOW,0.8624910265504755
SAHYIK,XEGXIT,0.8624761135020449
SAHYIK,XEGWAK,0.8624640909075527
SAHYIK,YICQOS,0.8611492838174808
MAYJOM,VACFOV01,0.9999786438925976
MAYJOM,VIFPUY02,0.9999593163649988
MAYJOM,VIFPUY05,0.9999588381203324
MAYJOM,VIFPUY,0.9999578699622068
MAYJOM,VIFPUY03,0.9999576587760048
MAYJOM,LOQLEJ,0.9999574737642454
MAYJOM,VIFPUY04,0.9999562158184292
MAYJOM,GALJAG,0.947173705113644
MAYJOM,IFIPEV,0.947079725047805
MAYJOM,FAHQEM,0.944320505815487
MAYJOM,FAHQIQ,0.937107033027054
MAYJOM,NEDLOZ,0.9060585280246212
MAYJOM,CIFSIW,0.9050645171894038
MAYJOM,CIFSAO,0.9041792242561464
MAYJOM,FOSTIS,0.9039160819767156
MAYJOM,FOSTOY,0.9035243482614852
MAYJOM,YAMXOC,0.8749071921706407
MAYJOM,CUFFOZ,0.874906592663053
MAYJOM,FEYDET,0.8747881748684959
MAYJOM,CUFDUD,0.874225171130498
MAYJOM,PEYVEV,0.8614183128050827
UDUMIP,UDUMIP03,0.9999974818276888
FERLEU,JEXLIK,0.8739120869277537
WIZMAV04,WIZMAV,0.999999994454712
WIZMAV04,WIZMAV06,0.9999999930615032
WIZMAV04,WIZMAV07,0.999999986399986
WIZMAV04,WIZMAV10,0.9999999842159176
WIZMAV04,WIZMAV05,0.9999999829807196
WIZMAV04,WIZMAV12,0.9999998060352278
WIZMAV04,ERARUM,0.9999992782527024
WIZMAV04,GERBEN,0.955421678915466
WIZMAV04,HERHEU,0.9545272641865588
WIZMAV04,GAYXEM,0.9534094174517465
WIZMAV04,BUNLAZ,0.949427274214872
WIZMAV04,BUNKUS,0.9487950664069412
WIZMAV04,UFOSEQ,0.9469393908411892
WIZMAV04,RUBTAK03,0.946938420205375
WIZMAV04,OFOJAX,0.9310458171657632
WIZMAV04,DITJOH,0.922537364090802
WIZMAV04,WUPTUY01,0.8634730651470957
JENKET,BABRII,0.9981629915857252
JENKET,PIWLAL,0.9563818731994064
JENKET,ORIBAU,0.9082482729281404
JENKET,IFABIA02,0.9067721131544436
JENKET,QEDZEG,0.905404170056618
JENKET,GOSDUP,0.9047361941076733
JENKET,PEVQIS,0.9037873054511428
JENKET,MIBQAR01,0.9036900678621717
JENKET,HOLRAD,0.903680682141296
JENKET,LAWFOF,0.903666135051172
JENKET,VAZTUM,0.9036579920270849
JENKET,QOZSIJ,0.8872982421486187
JENKET,UFOFUT,0.8648825407420048
JENKET,YICQOS,0.8636495988358591
JENKET,BEWCUD,0.8635970900223534
JENKET,UFAMEW,0.8598779482747676
YUYLIP,AJAKON,0.9999992876852584
YUYLIP,YUYGOQ,0.999913635068578
YUYLIP,RUGYOJ,0.9998734511321388
YUYLIP,VAKLIF,0.9066142196069444
YUYLIP,RUXWEM03,0.8650562140494703
YUYLIP,FALGIK,0.8641700490379766
TUDJAE,TUDJEI,0.9999996973103876
TUDJAE,TUDJUY,0.9999993745920562
TUDJAE,NIFTAA,0.9999992983855508
TUDJAE,NIFNOI,0.9999951673842724
TUDJAE,NIFRAY,0.9999823973426232
TUDJAE,SEFVEG,0.9999731816472348
TUDJAE,SEFVEG02,0.9999728546581902
TUDJAE,NIFQOL,0.9999711753333272
QOWRAV10,QOWRAV08,0.9999999561813012
QOWRAV10,QOWRAV07,0.9999999088256604
QOWRAV10,QOWRAV05,0.9999996746177808
QOWRAV10,QOWRAV04,0.9999996127765322
QOWRAV10,QOWRAV02,0.9999995742536798
QOWRAV10,BAZFUF,0.9971805072021884
QOWRAV10,BAZFUF01,0.997156981684812
QOWRAV10,KIJRUS,0.9864396764789812
QOWRAV10,BAZGAM,0.986221862223685
QOWRAV10,NAFSOF,0.9789470590790446
QOWRAV10,LAYXAN,0.9529827385371116
QOWRAV10,HOYQIX,0.9442525765642568
QOWRAV10,IPUPOA,0.9336455730646556
QOWRAV10,CEFNIN,0.9114433878577692
QOWRAV10,FISGOF,0.9012664714813676
QOWRAV10,AZAVUU,0.8887184100536454
QOWRAV10,ORAWAH,0.8811781048485059
QOWRAV10,LASYOU,0.8629878162929469
QOWRAV10,LURRIA,0.8608201431489394
SAJLEX,SAKFAO,0.999670698367547
HAZPAB,HAZNED,0.9979863437511216
HAZPAB,IPIJAT,0.8710559523765766
HAZPAB,KULMIP,0.861065435430095
ONIXOZ,ORAWAH,0.9857175199142044
ONIXOZ,LASYOU,0.9706235165724414
ONIXOZ,EXOGAB,0.937415606673122
ONIXOZ,HIDTUM,0.9359460528732328
ONIXOZ,CEKHUY,0.9356573020867018
ONIXOZ,NEMCOA,0.9353897590421564
ONIXOZ,NEHZOS,0.9320584173655148
ONIXOZ,ANUGOG,0.9292025165362234
ONIXOZ,WULJUJ,0.926796740881582
ONIXOZ,DOTSOV02,0.9267824178278996
ONIXOZ,DOTSOV07,0.92665432898884
ONIXOZ,DOTSOV16,0.9260415371541714
ONIXOZ,EBAMUS,0.925474877800632
ONIXOZ,KIRFOI,0.9253675165145518
ONIXOZ,XAMDUM05,0.9251779555635398
ONIXOZ,XAMDUM02,0.9251551408087724
ONIXOZ,RILFEA,0.924826607435258
ONIXOZ,XAMDUM01,0.9248243278481124
ONIXOZ,UXISUR,0.9247757058810204
ONIXOZ,YOZMIL,0.9245974191413332
ONIXOZ,DIHVIB,0.924299696817458
ONIXOZ,TISPAO,0.9219959998767232
ONIXOZ,QAWHIH,0.9189970283505048
ONIXOZ,IPUPOA,0.9174468486286396
ONIXOZ,YOZNUY,0.9160408154679024
ONIXOZ,YOZNOS,0.9101657905706132
ONIXOZ,HOYQIX,0.9089750590198604
ONIXOZ,YOZMUX,0.9049495560216716
ONIXOZ,LAQNID,0.8936942320666778
ONIXOZ,JALPAQ,0.889670914290779
ONIXOZ,XICKOL,0.8864516858468068
ONIXOZ,ICAREL,0.8783910997505835
ONIXOZ,NAPSUV,0.8734196547549065
ONIXOZ,EDOSEY,0.8721834884491384
ONIXOZ,BABREE,0.8712951590005236
ONIXOZ,BAZFUF01,0.8710968505803278
ONIXOZ,BAZFUF,0.8710489770381066
ONIXOZ,IXAKAU,0.8608383711498337
ONIXOZ,RAWYAS,0.8606088960817918
KEJBOQ,AVAQIX,0.9998680008640553
KEJBOQ,WEBLAQ,0.9975674602349212
KEJBOQ,IGUTUB01,0.9233292482955056
KEJBOQ,ECIWIW,0.9230882793627752
KEJBOQ,IGUVIR,0.9224411039647528
KEJBOQ,VAKLIF,0.879694790853512
KEJBOQ,KETHEY,0.8791134325463161
KEJBOQ,LULGIJ,0.8600699531240736
YICQOS,PIWLAL,0.8728838018057261
YICQOS,NIKHAS,0.8694173439354422
YICQOS,BABRII,0.867839365357642
YICQOS,VAZTUM,0.8611467130659293
YICQOS,HOLRAD,0.8611453510442131
YICQOS,MIBQAR01,0.8611452648961195
YICQOS,PEVQIS,0.861141492685475
YICQOS,IFABIA02,0.8599406235031204
YICQOS,REDROI,0.8597184162574757
VAZTUM,MIBQAR12,0.9999991647024076
VAZTUM,IFABIA02,0.9989125375407464
VAZTUM,REDROI,0.9987492373808768
VAZTUM,VEGMOK04,0.9984286036512576
VAZTUM,ORIBAU,0.99541618535874
VAZTUM,PIWLAL,0.943557849029355
VAZTUM,BOLPAU,0.9067569256603624
VAZTUM,ODODIW,0.9065879108324012
VAZTUM,VIKBUP,0.9060146055368148
VAZTUM,HUTZAX01,0.9058910061687137
VAZTUM,EKEKEL,0.8872929351512304
VAZTUM,DARYIF,0.8842522428856154
VAZTUM,WUMDIT,0.8765872069827331
VAZTUM,XAFFER,0.8747680100516658
VAZTUM,ULISOZ,0.8736276984959577
VAZTUM,REGREC,0.8730692088902701
VAZTUM,MEWPIQ,0.872482362185421
VAZTUM,NENHEU,0.8684479163825162
VAZTUM,PEGCIP,0.8656410699562604
VAZTUM,SAVMAE,0.8642417846681216
VAZTUM,XEGWIS,0.8625549083862295
VAZTUM,KAHMOW,0.8625390783925605
VAZTUM,XEGWAK,0.8625120116607098
BAZFUF01,AVAKEP02,0.8654979068970007
BAZFUF01,BAZFUF,0.999999950851676
BAZFUF01,ICAREL,0.9982796470497776
BAZFUF01,QOWRAV05,0.9970960033882807
BAZFUF01,QOWRAV04,0.997090428735212
BAZFUF01,QOWRAV02,0.9970871772099744
BAZFUF01,NAFSOF,0.9914441436793724
BAZFUF01,LAYXAN,0.9655877794079312
BAZFUF01,ANUGIA,0.9629027212591048
BAZFUF01,HOYQIX,0.9479279510194384
BAZFUF01,IPUPOA,0.9435170855903504
BAZFUF01,CEFNIN,0.914257879492312
BAZFUF01,LAQNID,0.901015418026494
BAZFUF01,ORAWAH,0.8829065259188171
BAZFUF01,ENIHUG,0.8697189294693829
BAZFUF01,SEMNIJ,0.8697170067702835
BAZFUF01,LASYOU,0.8650825393185967
BAZFUF01,EDOSEY,0.8608011437689691
BAZFUF01,NAPSUV,0.8606799011632034
BAZFUF01,ASIVAB,0.8594836440352589
GOYLUB,XEFGUN01,0.9997876453507156
GOYLUB,VAKLIF,0.995172447410222
GOYLUB,RUXWEM03,0.9468287192457132
GOYLUB,MINBEQ,0.9178589061792436
GOYLUB,ODIXAC,0.9079690972117688
GOYLUB,AJAKON,0.9074472856803352
GOYLUB,YUYGOQ,0.9067718644031324
GOYLUB,NOZZUZ,0.9049055846128397
GOYLUB,WUHMOD,0.9045415067702762
GOYLUB,NOLRIR,0.8848877205308174
GOYLUB,LUWKIZ,0.8843880089222684
GOYLUB,ROCZEQ,0.8791312648967955
GOYLUB,IGUTUB01,0.8778535888648054
GOYLUB,ECIWIW,0.8777914571413016
GOYLUB,IGUTUB,0.8775291321075452
GOYLUB,IGUVIR,0.8772396835469299
GOYLUB,PIQQEN,0.875198514771155
GOYLUB,REFWIL,0.8741327286736772
GOYLUB,YEYRAY,0.8719592731342285
GOYLUB,ODOXEK,0.8702711646329353
GOYLUB,MITSUE,0.8702190813383763
GOYLUB,MITSIS,0.8700603207927562
GOYLUB,FUMJAA,0.8694515052878589
GOYLUB,XOGWUN,0.8692013847709663
GOYLUB,FELXOM,0.8690785739365097
GOYLUB,VAYFAE,0.8689500732689655
GOYLUB,GOQTIR,0.8676435016721764
GOYLUB,JUXZIN,0.8660546984638698
GOYLUB,EKUNON01,0.8639094963063177
GOYLUB,EKUNON,0.8638730863782635
GOYLUB,EKUNON02,0.8638271635424569
GOYLUB,YICRAF,0.8609068594700924
GOYLUB,RUVBOB,0.8596338002890367
DADTOS18,YANWOC01,0.9999999994229712
DADTOS18,DADTOS09,0.999999914431001
DADTOS18,DADTOS05,0.9999998868120324
DADTOS18,DADTOS01,0.9999998304104132
DADTOS18,DADTOS11,0.9999998120389152
DADTOS18,DADTOS,0.9999996570005
DADTOS18,DADTOS02,0.9999988933901957
DADTOS18,YANWOC02,0.9999978833784582
DADTOS18,DADTOS13,0.9999965687233244
DADTOS18,DADTOS14,0.9999898302479036
DADTOS18,DADTOS15,0.9999687207588994
DADTOS18,REZJIR02,0.9999652812457308
DADTOS18,YUKTUU01,0.9999641700912432
DADTOS18,REZJIR03,0.9999593239100912
DADTOS18,PADJOU,0.9999289101877068
DADTOS18,LIJWOR03,0.999911630367048
DADTOS18,LIJWOR02,0.9998991512259716
DADTOS18,MNFORD02,0.9998981258090246
DADTOS18,LIJWOR,0.9998943360236012
DADTOS18,MNFORD03,0.999869023383518
DADTOS18,IQEWOQ,0.9987327441535516
KEFBOO,JOVYAW,0.9922633133579736
KEFBOO,ZARLIP,0.8766568878878109
OFOCUI,TISPAO,0.9079608209508988
OFOCUI,QAWHIH01,0.9078618045615638
OFOCUI,QAWHIH,0.9078479783667756
OFOCUI,DIHVIB,0.9077495996074796
OFOCUI,EBAMUS,0.9077393935887048
OFOCUI,YOZMIL,0.9077118042471768
OFOCUI,XAMDUM02,0.907708115032062
OFOCUI,LUDLIH,0.90768375515945
OFOCUI,UXISUR,0.90766628750568
OFOCUI,XAMDUM01,0.9076600922824488
OFOCUI,BODPAN,0.9076065246137744
OFOCUI,YOZNUY,0.9074486944158132
OFOCUI,DOTSOV14,0.9073655459070196
OFOCUI,DOTSOV15,0.9073622910987772
OFOCUI,DOTSOV10,0.9073622893630214
OFOCUI,DOTSOV16,0.9073608445759814
OFOCUI,PIDRAY,0.9045978157216282
OFOCUI,NEHZOS,0.9020058194261744
OFOCUI,YOZMUX,0.9005779626786645
OFOCUI,KAJZIH,0.9001475201649194
OFOCUI,QIZLOC,0.8991657516856321
OFOCUI,LASYOU,0.8649164314511707
QUQFOY,SITDAD,0.9836424703576796
QUQFOY,ODOXEK,0.9322971012497946
QUQFOY,MITSIS,0.9322133598990062
QUQFOY,KUJMIN,0.9316873059383116
QUQFOY,QEKLID01,0.9192454447251088
QUQFOY,DELGIN,0.9167338269112628
QUQFOY,NOLRIR,0.9109811167687172
QUQFOY,KETHEY,0.8898173073559567
AMURUX,AMURUX06,0.9999999955342398
AMURUX,LICSEW04,0.9999476778057692
AMURUX,XEHSOT,0.9968020861358424
AMURUX,NIWZIE01,0.9960396545723534
AMURUX,NIWZIE08,0.9957818780488512
AMURUX,NIWZIE02,0.9956796008541547
AMURUX,NIWZIE09,0.9955741019512928
AMURUX,NIWZIE17,0.9950723831556296
AMURUX,NIWZIE18,0.9950216035793328
WIZMAV12,WIZMAV10,0.9999999009137914
WIZMAV12,WIZMAV07,0.9999998951565184
WIZMAV12,WIZMAV,0.9999998660823014
WIZMAV12,WIZMAV06,0.9999997257272064
WIZMAV12,UVAHIK,0.9999973771165048
WIZMAV12,HERHAQ,0.9558410015142292
WIZMAV12,GERBEN,0.955393468903805
WIZMAV12,HERHEU,0.9544886945007872
WIZMAV12,GAYXEM,0.9533609191162202
WIZMAV12,BUNLAZ,0.9493538662022892
WIZMAV12,BUNKUS,0.9487184766391528
WIZMAV12,UFOSEQ,0.9469537788324848
WIZMAV12,RUBTAK03,0.9469528339688532
WIZMAV12,OFOJAX,0.9309708691501852
WIZMAV12,WUPTUY01,0.8634368802242163
WIZMAV12,OXOLAP,0.8631772183384383
OXOLAP,UFOSEQ,0.9045912881168232
OXOLAP,ERANAO,0.8633900679663784
OXOLAP,ERARUM,0.8632898029104337
OXOLAP,WIZMAV05,0.863227485685139
OXOLAP,WIZMAV06,0.8632233574959216
OXOLAP,WIZMAV07,0.863205809083045
OXOLAP,WIZMAV10,0.8632050157866811
QIWQES,NELCEN,0.999150169673714
QIWQES,IPINAY,0.9975695637551664
QIWQES,AHEMEG,0.997473786022238
QIWQES,POFDEV,0.996667350396106
QIWQES,UFUNAK,0.995106684051453
QIWQES,POFDIZ,0.9949078014876306
QIWQES,UFUMUD01,0.9936456341142252
QIWQES,UFUMUD02,0.993317334672868
QIWQES,QERZUI,0.9929462095853928
QIWQES,BAHGUN04,0.9927666817703747
QIWQES,NIHDIU,0.9917661157848058
QIWQES,ECODIK,0.9911787532877088
QIWQES,UGEPEB01,0.9910656036783368
QIWQES,NIHDEQ,0.990004463137328
QIWQES,UGEPEB,0.9897181323114398
QIWQES,XICKOL,0.8772516921135519
QIWQES,JALPAQ,0.8734635252820883
QIWQES,EDOSEY,0.8712161176634661
QIWQES,NAPSUV,0.8710592646414544
CAQKAJ,HALVEY,0.9991818767711584
CAQKAJ,DIBQIQ,0.8768364369646682
CAQKAJ,AXINAX01,0.8765072686873443
CAQKAJ,DIBQOW,0.8764117532686696
CAQKAJ,MIHJUL,0.8762137480846645
CAQKAJ,HELDOT,0.8760963807397428
CAQKAJ,NIGPAW,0.8621414995463855
QAWHIH,QAWHIH01,0.9999995501392164
QAWHIH,YOZMIL,0.9992735762504764
QAWHIH,UXISUR,0.9992198078726996
QAWHIH,LUDLIH,0.9991697650263875
QAWHIH,BODPAN,0.9990995051517628
QAWHIH,XAMDUM02,0.9990720087685008
QAWHIH,DOTSOV15,0.9987598763903018
QAWHIH,DOTSOV10,0.9987598753808932
QAWHIH,DOTSOV14,0.9987595976004336
QAWHIH,DOTSOV16,0.9987578027324407
QAWHIH,DOTSOV02,0.9971317408829103
QAWHIH,NEHZOS,0.992287760276533
QAWHIH,KAJZIH,0.9901964471282436
QAWHIH,YOZMUX,0.9897919301677512
QAWHIH,ORAWAH,0.9330113907836652
QAWHIH,DALSOA,0.931947718190918
QAWHIH,BABREE,0.929655641104693
QAWHIH,EXOYAS,0.9178418794791728
QAWHIH,NUTQAV,0.9082061743839608
QAWHIH,YAGHUM,0.9081719551059042
QAWHIH,EXOGAB,0.905590835207053
QAWHIH,PIDRAY,0.8940561977884823
QAWHIH,IPUPIU,0.8871050804599067
QAWHIH,HOYQIX,0.8870036191137456
QAWHIH,USEVOF,0.8846060071951547
QAWHIH,WANJIF,0.8836639281783999
QAWHIH,XEDMEB,0.8828578979171016
QAWHIH,ADONEP,0.8826746434108871
QAWHIH,IPUPOA,0.8814978458067713
QAWHIH,EXAXAE,0.8782631508340886
QAWHIH,ANUGIA,0.8779205437062734
QAWHIH,NEMCOA,0.8705032837704797
QAWHIH,HIDTUM,0.8686497124100532
QAWHIH,LAQNID,0.8675984080531843
QAWHIH,KIRFOI,0.8617810324447088
IQEWOQ,YANWOC01,0.9987339593276512
IQEWOQ,DADTOS12,0.9987225134960992
IQEWOQ,DADTOS06,0.9987219347146788
IQEWOQ,DADTOS09,0.9987119094383204
IQEWOQ,DADTOS05,0.998708762614173
IQEWOQ,DADTOS01,0.9987033573535746
IQEWOQ,DADTOS11,0.9987017981201268
IQEWOQ,DADTOS04,0.9986991556360736
IQEWOQ,DADTOS02,0.9986569891801756
IQEWOQ,YANWOC02,0.9986273515580778
IQEWOQ,DADTOS13,0.998597878902838
IQEWOQ,DADTOS15,0.9983046881608708
IQEWOQ,REZJIR02,0.9982805246241158
IQEWOQ,YUKTUU,0.998270393422872
IQEWOQ,REZJIR03,0.998242432176611
IQEWOQ,PADJOU,0.9981862398625756
IQEWOQ,VIRJEM,0.9981620034672812
IQEWOQ,PADJOU01,0.998087824330417
IQEWOQ,LIJWOR03,0.9979804922523264
IQEWOQ,MNFORD02,0.997972343663431
IQEWOQ,DADTOS17,0.9979704860608524
IQEWOQ,LIJWOR02,0.9979244886687532
IQEWOQ,LIJWOR,0.997910865618423
RUPVAB,VEHJUP,0.9941321975786648
RUPVAB,ULISOZ,0.9908175252112432
RUPVAB,REGREC,0.9894601389553594
RUPVAB,UFOFUT,0.9350785302717872
RUPVAB,RUGXUO,0.92381953619867
RUPVAB,QUQFEO,0.9207862980329108
RUPVAB,EXOXUL,0.919939754279032
RUPVAB,HOGJIX,0.9078547788219736
RUPVAB,DUNXUH15,0.8851128433184026
RUPVAB,NASROR,0.8738531285769957
RUPVAB,NUFBOH,0.8735078437765061
RUPVAB,DOYHOQ,0.872030204876336
RUPVAB,LAWFOF,0.8715129765118341
RUPVAB,MIBQAR01,0.8714920204205383
RUPVAB,MIBQAR12,0.8714125455304125
RUPVAB,PEVQIS,0.8714055158487551
RUPVAB,BUKMUQ01,0.8691629717525993
RUPVAB,REDROI,0.8661397884643371
RUPVAB,VEGMOK04,0.8653174124241682
CEYPUT,OJOBAS,0.999999961414267
CEYPUT,VODNOS,0.9999874239898952
CEYPUT,VEDGIW,0.9999832967749004
CEYPUT,VEDGES,0.99998309419218
CEYPUT,VEDFIV,0.9999520864086094
CEYPUT,BOWDOI,0.9999197334271472
CEYPUT,AHETAK,0.999884077487086
CEYPUT,BIPXIK,0.9998506082990496
CEYPUT,ABAVUV,0.999255460634246
CEYPUT,TATSIS01,0.9987999062980332
CEYPUT,TATSIS,0.9986499860151954
CEYPUT,YIGGEB,0.9963404084340358
CEYPUT,DIDBEZ,0.9228825532597188
CEYPUT,DIDBOJ,0.9228798473930164
CEYPUT,CAXZOS,0.9228350231682
CEYPUT,BUKLOJ,0.8822183360410427
CEYPUT,LIDSIC,0.8792248648662109
CEYPUT,BAKJEE,0.8791334998932321
CEYPUT,BAKJII,0.8787223453523778
CEYPUT,ESEQUO,0.8718429181170607
CEYPUT,YATDOP,0.8602311754190544
CEYPUT,XALMOO,0.8598021951709005
XADDOX,DAFHEZ,0.9999334671441168
XADDOX,FILYAC,0.9996809850178496
XADDOX,XAPSIS,0.8963223939033821
XADDOX,CIPLIX,0.895760943018609
XADDOX,JEDVUM,0.8957196859781767
XADDOX,ABAYOU,0.8928642763444685
XADDOX,FUMJAZ,0.8645237773599133
XADDOX,XEVXUT,0.8627384964085181
XADDOX,XIHSAJ,0.8625413427924532
XADDOX,XIHSEN01,0.8622507479955561
XADDOX,XIHSEN,0.8620131228825627
XADDOX,VEFLUP,0.8619517453105968
XADDOX,TONBOO,0.8617456169207637
FOKWUZ,TULLIX,0.9930771247130532
FOKWUZ,REFWIL,0.9733659350923038
FOKWUZ,JUQSIZ,0.9422665949753376
FOKWUZ,WUHMOD,0.9391439413740597
FOKWUZ,XEFGUN01,0.861053100922305
FISQEG,AXINAX01,0.9470573673415656
FISQEG,NIGPEA,0.9438347187808036
FISQEG,NIGPAW,0.9428278619889674
FISQEG,HELDOT,0.9418921927942864
FISQEG,DIBQEM,0.9399588726992616
FISQEG,MOXDOT,0.932167929938184
FISQEG,VASYEW,0.923374938462194
FISQEG,AGAFAS,0.9192614410939954
FISQEG,BAKJOO,0.8949047434948203
FISQEG,TIDNIF,0.8936150605107049
FISQEG,BAKJII,0.893132138349854
FISQEG,BUKLOJ,0.8868612002906744
FISQEG,PUNYED,0.8862782784874078
FISQEG,ABAYOU,0.8859876553675231
FISQEG,XAPSIS,0.8845826872780281
FISQEG,CIPLIX,0.8834983609651609
FISQEG,JEDVUM,0.8834243588074177
FISQEG,FEXCAO01,0.8799779852484183
FISQEG,NOMPIQ01,0.8729977136219299
FISQEG,NOMPIQ,0.8729938475091974
FISQEG,CIKPEU,0.8729917864912393
FISQEG,FEVDER,0.8727901242986171
FISQEG,CAXZOS,0.8654750419531337
FISQEG,JODGIU,0.8647899361713381
FISQEG,DIDBEZ,0.8647566694079576
FISQEG,ERUNUC,0.864675455368206
QOWRAV09,QOWRAV08,0.9999999823337228
QOWRAV09,QOWRAV07,0.9999999491333862
QOWRAV09,QOWRAV02,0.9999996681343588
QOWRAV09,BAZFUF,0.9971724092872186
QOWRAV09,ICAREL,0.9910389321199292
QOWRAV09,KIJRUS,0.9864236735682756
QOWRAV09,NAFSOF,0.978925350676737
QOWRAV09,ANUGIA,0.960339910956154
QOWRAV09,ANUGOG,0.9568806447668328
QOWRAV09,LAYXAN,0.9529608799660096
QOWRAV09,HOYQIX,0.9442432634858428
QOWRAV09,IPUPOA,0.9336275283675938
QOWRAV09,CEFNIN,0.9114353482559528
QOWRAV09,LAQNID,0.8948121061186817
QOWRAV09,AZAVUU,0.8887025623610667
QOWRAV09,ORAWAH,0.8811715589080391
QOWRAV09,SEMNIJ,0.8658960190232853
QOWRAV09,LURRIA,0.8608086358980511
WULJUJ,DOTSOV02,0.9999998710938168
WULJUJ,EBAMUS,0.9995822473091094
WULJUJ,XAMDUM02,0.9991883668573536
WULJUJ,DOTSOV12,0.9991006536668972
WULJUJ,DOTSOV16,0.9990948749044504
WULJUJ,DOTSOV15,0.999094292490788
WULJUJ,DOTSOV10,0.9990942910434704
WULJUJ,LUDLIH,0.99900508231959
WULJUJ,BODPAN,0.99898997606685
WULJUJ,XAMDUM05,0.9989759239208946
WULJUJ,XAMDUM03,0.998940937478982
WULJUJ,XAMDUM01,0.9989104938259672
WULJUJ,RILFEA,0.9989054950295508
WULJUJ,YOZMIL,0.9988822913539056
WULJUJ,DIHVIB,0.9987997090382704
WULJUJ,NEHZOS,0.9973609948461144
WULJUJ,YOZNUY,0.995932694852808
WULJUJ,QIZLOC,0.9957902957824992
WULJUJ,DALSOA,0.9320613968632954
WULJUJ,ORAWAH,0.9300721280854048
WULJUJ,EXOYAS,0.9192273035246088
WULJUJ,PIDRAY,0.901920316117067
WULJUJ,MOBDIR,0.8958730113076213
WULJUJ,HOYQIX,0.885709370796451
WULJUJ,IPUPOA,0.8855263488364322
WULJUJ,IPUPIU,0.8855184151542166
WULJUJ,ADONEP,0.8849434410634653
WULJUJ,XEDMEB,0.8842591071638326
WULJUJ,EXAXAE,0.8828678850622173
WULJUJ,EMUBIZ,0.8826128892659721
WULJUJ,ANUGOG,0.8770250058552561
WULJUJ,HIDTUM,0.8745083955217323
WULJUJ,LAQNID,0.8684490987273744
WULJUJ,KIRFOI,0.8667409083848285
WULJUJ,XICKOL,0.8603082457493296
WULJUJ,OGEBAF,0.859579228178694
EMUBIZ,KIRFOI,0.8878150655328905
EMUBIZ,NEHZOS,0.8850726044984625
EMUBIZ,QIZLOC,0.8846822568783324
EMUBIZ,DOTSOV07,0.8827828459780356
EMUBIZ,DOTSOV12,0.8825123800725778
EMUBIZ,DOTSOV14,0.8825097737537092
EMUBIZ,EBAMUS,0.8821059278422052
EMUBIZ,XAMDUM03,0.881872155018091
EMUBIZ,XAMDUM01,0.8817510830801051
EMUBIZ,UXISUR,0.8817199168814587
EMUBIZ,YOZMIL,0.8816051356689096
EMUBIZ,TISPAO,0.8798612544175861
EREGOY,WIVRIE,0.996298103188882
EREGOY,DAKVIW,0.8957547866802081
EREGOY,POKZOG,0.8604934665429684
EREGOY,JUQSIZ,0.8601847970967076
EREGOY,WUHMOD,0.859957542148791
HIZQOX,VAKLIF,0.9999971927137912
AMIXOK,ZEDVOV,0.9942720127291322
AMIXOK,WAYKAK,0.945472515458852
AMIXOK,FOCZEE,0.8880822374326116
AMIXOK,FOCYUT,0.8876896164530024
AMIXOK,FOKYIP,0.8826197280907766
AMIXOK,VUWSAJ,0.8811500852035915
ELAPEM,CAPLOX,0.8022043577758121
VIFPUY04,VIFPUY,0.9999999395054584
VIFPUY04,VIFPUY03,0.9999998946204444
VIFPUY04,VIFPUY05,0.999999868125948
VIFPUY04,GALJAG,0.9472133919271308
VIFPUY04,IFIPEV,0.9468830972237828
VIFPUY04,FAHQEM,0.9435691243387142
VIFPUY04,NEDLOZ,0.9053981559051008
VIFPUY04,CIFSAO,0.9032967885496448
VIFPUY04,CIFSES,0.9031239016647676
VIFPUY04,FOSTOY,0.9025776196374762
VIFPUY04,YAMXOC,0.8747362020351044
VIFPUY04,CUFFOZ,0.8747351011155713
VIFPUY04,FEYDET,0.8745564212586687
RUYVIS,SIKYER,0.875952652101426
RUYVIS,EHAZAO,0.8757009246695712
RUYVIS,EHAZES,0.8701076364426801
RUYVIS,WECSAZ,0.8686857585112585
RUYVIS,EXUTAU,0.8659035396059015
WEYQAU02,WEYQAU04,0.9999967859056654
WEYQAU02,WEYQAU01,0.9999891063926694
WEYQAU02,WEYQAU16,0.9998225701811568
WEYQAU02,OFODET,0.9043796003312112
WEYQAU02,GELVEZ02,0.8842517421743282
WEYQAU02,DIJCOP,0.8721409492995711
WEYQAU02,MAHTAR,0.8711843437271864
WEYQAU02,LUSHOX02,0.8705578970954257
MUMBIH,LUSHOX02,0.8610886551065291
GELVEZ02,WEYQAU16,0.8848375785276352
GELVEZ02,WEYQAU01,0.8844298750577876
GELVEZ02,ABAYIO,0.8810195664411189
ETUWOG,BUKLOJ01,0.9999156714646328
ETUWOG,BUKLOJ,0.9999561672050782
SAMVIO,COKNUN02,0.8662322631977922
TOVJIZ,TOVJAR,0.9087525074484852
TOVJIZ,TOVJEV,0.9077740533598436
EKUNON01,EKUNON02,0.9999954872302144
EKUNON01,ULOGIL,0.9998979836718298
EKUNON01,JUYJIY,0.8816535188799416
EKUNON01,FIVRUA,0.8647297771232458
EKUNON01,XEFGUN01,0.8642318735655886
EKUNON01,VAKLIF,0.8616233176897214
EKUNON01,LUWKIZ,0.8616047163269822
IGUVIR,IGUTUB,0.9999629336946771
IGUVIR,ECIWIW,0.9998094216420396
IGUVIR,WEBLAQ,0.92306555438043
IGUVIR,ROCZEQ,0.9208755564336588
IGUVIR,KETHEY,0.9091642770520147
IGUVIR,PIKYIU,0.8849823520420199
IGUVIR,GURXUN01,0.8833468537283298
IGUVIR,XEFGUN01,0.8778116691180056
IGUVIR,VAKLIF,0.8761463913328325
IGUVIR,EYULAM,0.8618545469558037
IGUVIR,NOLRIR,0.8601987808560875
NUDPAE01,NUDPAE11,0.9999031142652977
NUDPAE01,NUDPAE02,0.9999999965940184
NUDPAE01,XACLOF,0.999621781737621
NUDPAE01,NIHBEM01,0.998954083836618
NUDPAE01,CAJHUS01,0.9987717744502378
NUDPAE01,NIHBAI01,0.9987241607863296
BOWDIC,BIPXIK,0.999998845795264
BOWDIC,AHETAK,0.9999983104493684
BOWDIC,VEDFAN,0.9999887765488678
BOWDIC,EXUXEC,0.999978452081606
BOWDIC,ABAVOP,0.9999573088846752
BOWDIC,VEDGIW,0.9999407853617666
BOWDIC,VEDGES,0.9999332785102716
BOWDIC,VODNOS,0.9999314534249606
BOWDIC,OJOBAS,0.9998662187306268
BOWDIC,ABAVIJ,0.9995237141401738
BOWDIC,TATSIS01,0.9994546659310388
BOWDIC,TATSIS,0.9993752224596314
BOWDIC,LASMAV,0.9988946194991668
BOWDIC,ABAVUV,0.998479595580534
BOWDIC,YIGGEB,0.9976170971961412
BOWDIC,CAXZOS,0.9231340827448706
BOWDIC,DIDBOJ,0.92301691249801
BOWDIC,JODGIU,0.9229856855232648
BOWDIC,DIDBID,0.9228416436927108
BOWDIC,BUKLOJ,0.8833312532749293
BOWDIC,LIDSIC,0.8788955761186827
BOWDIC,ESEQUO,0.8742830245373856
BOWDIC,YATDOP,0.859896078111415
ECIWIW,IGUTUB,0.999940328442512
ECIWIW,IGUTUB01,0.9994401396033432
ECIWIW,RUXWEM03,0.92253377281175
ECIWIW,WEBLAQ,0.9223681132400686
ECIWIW,ROCZEQ,0.919304486112134
ECIWIW,PIKYIU,0.8855420566968185
ECIWIW,GURXUN01,0.8840017742736401
ECIWIW,XEFGUN01,0.8779623009719941
ECIWIW,EYULAM,0.8615454940333759
ECIWIW,DELGIN,0.8596989506553846
FEVDIV,XOMCIN,0.9781208263879072
FEVDIV,LIDSEY,0.9776680540859976
FEVDIV,JAMSEY,0.975091217565864
FEVDIV,CAXZUY,0.9089374822111632
FEVDIV,TEVVOI,0.9068909125101496
FEVDIV,ROGLOP,0.8788176114830761
FEVDIV,HOGSIG,0.878753364862181
FEVDIV,UFATEA01,0.8784024097977441
FEVDIV,UFATEA,0.8773333591890529
NUNPAP,NUNNUH,0.9999833893269104
NUNPAP,XUJPOI,0.9999791077568434
NUNPAP,XUJQAV,0.9999688079732636
NUNPAP,XUJPEY,0.999958027319417
NUNPAP,VEMSUC,0.9999580094273716
NUNPAP,XUJPIC,0.9998406727537108
NUNPAP,EZOFEF,0.9947730690516104
NUNPAP,QEZZED,0.8962421287434894
NUNPAP,XUCHOS01,0.8805230386397821
NUNPAP,SOQRUM,0.8753675491461383
NUNPAP,LIDSAU,0.8611231796773914
YUKTUU06,YUKTUU07,0.9999998762727847
YUKTUU06,DADTOS15,0.9999999912804006
YUKTUU06,YUKTUU05,0.9999999735347892
REZFEK,HIYZEV01,0.8641094149164931
IVEMAZ,FEJFAE,0.9999827261466864
IVEMAZ,IVELUS,0.9999613279005352
IVEMAZ,MAHTAR,0.8850317799985031
NENHEU,VEGMOK04,0.8728955241653802
NENHEU,REDROI,0.8725587915980564
NENHEU,QAQSAD,0.8710592233298997
NENHEU,MIBQAR12,0.8685842578305516
NENHEU,MIBQAR01,0.8684838477139142
NENHEU,HOLRAD,0.8684732739592145
NENHEU,LAWFOF,0.8684569684092684
JEXLIK,UDUMIP02,0.8737103964408816
MACHIJ,OFORUZ,0.8456043119963441
MACHIJ,SOSQIC01,0.8652923529507587
KIRFOI,LASYOU,0.9057418867368824
KIRFOI,IDUDES,0.8895278358807452
KIRFOI,EXAXAE,0.8877993741293955
KIRFOI,XEDMEB,0.8862460913907978
KIRFOI,ADONEP,0.8858720154510541
KIRFOI,WANJIF,0.8850517017971473
KIRFOI,JALPAQ,0.8778564887584779
KIRFOI,EXOGAB,0.8756495706180979
KIRFOI,CEKHUY,0.8721739787383929
KIRFOI,ANUGOG,0.8693804975321774
KIRFOI,NEHZOS,0.8692728742064807
KIRFOI,DOTSOV02,0.8667238358783532
KIRFOI,DOTSOV16,0.8666245390601481
KIRFOI,DOTSOV12,0.8666245019643593
KIRFOI,DOTSOV14,0.8666218528797116
KIRFOI,DOTSOV15,0.8666215124788429
KIRFOI,EBAMUS,0.8662136119943902
KIRFOI,XAMDUM05,0.8660798547974481
KIRFOI,XAMDUM02,0.8660587577848737
KIRFOI,BODPAN,0.8660582399221003
KIRFOI,XAMDUM03,0.8659743667803399
KIRFOI,XAMDUM01,0.8658515356567967
KIRFOI,UXISUR,0.8658199249392116
KIRFOI,NAPSUV,0.8657481917513682
KIRFOI,TISPAO,0.86393764547484
KIRFOI,YOZNUY,0.8595648741988039
QOWRAV07,QOWRAV08,0.9999999914212142
QOWRAV07,QOWRAV11,0.9999999670083746
QOWRAV07,QOWRAV04,0.9999998973938192
QOWRAV07,QOWRAV02,0.9999998771206056
QOWRAV07,KIJRUS,0.9863763629210855
QOWRAV07,BAZGAM,0.986152807769223
QOWRAV07,ANUGIA,0.9603170516468676
QOWRAV07,ANUGOG,0.9568457815088026
QOWRAV07,IPUPIU,0.944605036994552
QOWRAV07,HOYQIX,0.9442157090301068
QOWRAV07,IPUPOA,0.9335742055732504
QOWRAV07,FISGOF,0.9012162760261904
QOWRAV07,LAQNID,0.8947740506712244
QOWRAV07,AZAVUU,0.8886557170530208
QOWRAV07,ORAWAH,0.881152171085301
QOWRAV07,ENIHUG,0.8678081584322067
QOWRAV07,LASYOU,0.8629598258770909
QOWRAV07,LURRIA,0.8607745902242192
DOTSOV37,DOTSOV39,0.9999999846634474
ACICOH,ROGLOP,0.9999890275615408
ACICOH,AKOXIJ,0.9995789300472648
ASIVAB,SIXNIZ,0.8958316684189578
ASIVAB,IPUPOA,0.8642443264119177
ASIVAB,IPUPIU,0.8641038258475751
ASIVAB,LAYXAN,0.8619133548713988
ASIVAB,BAZFUF,0.8594672644706796
XIHSEN,VEFLUP,0.9999994479360927
XIHSEN,XIHSEN01,0.999989565891585
XIHSEN,XIHSAJ,0.9999538077100404
XIHSEN,TONBOO,0.9991930580153215
XIHSEN,BUKLOJ,0.8850379672965214
XIHSEN,XADDUD,0.8627411730317464
XIHSEN,DAFHEZ,0.8626312158909288
XIHSEN,COXFOL,0.8617787474351971
XIHSEN,XUZRIU,0.8616580721336908
XIHSEN,XEVSIB,0.8607584402803381
XIHSEN,FILYAC,0.8601974568393485
XIHSEN01,VEFLUP,0.9999852791327418
XIHSEN01,XIHSAJ,0.99998317395893
XIHSEN01,TONBOO,0.9991451762723416
XIHSEN01,FILYEG,0.8633546811861373
XIHSEN01,XUZRIU,0.8616343077301117
XIHSEN01,XEVSIB01,0.8606204576748995
XIHSEN01,XEVSIB,0.8605720906326807
NUTQAV,YAGHUM,0.999994948217056
NUTQAV,OGEBAF01,0.9370555067563686
NUTQAV,QAWHIH01,0.9082144287970018
NUTQAV,DIHVIB,0.9078933476465998
NUTQAV,YOZMIL,0.9078294260423928
NUTQAV,UXISUR,0.9077883321353536
NUTQAV,XAMDUM01,0.907776649639526
NUTQAV,RILFEA,0.9077761105272986
NUTQAV,LUDLIH,0.9077494439423098
NUTQAV,XAMDUM03,0.9077293908923711
NUTQAV,BODPAN,0.9076949479406898
NUTQAV,DOTSOV15,0.9074227182228278
NUTQAV,DOTSOV16,0.9074210254210862
NUTQAV,FISGOF,0.9071450598431888
NUTQAV,DOTSOV07,0.9068620492249404
NUTQAV,NEHZOS,0.9016260995578558
NUTQAV,KAJZIH,0.8996765545741493
NUTQAV,QIZLOC,0.898509555240381
NUTQAV,YOZMUX,0.8977722936222493
NUTQAV,QIYDIN,0.8853060947013804
NUTQAV,QIYDAF01,0.8813999260634242
NUTQAV,FAGQAI,0.8806311498065331
NUTQAV,LASYOU,0.8651139711141169
LAQNID,EXOGAB,0.9521528939942387
LAQNID,ANUGOG,0.9419271551723076
LAQNID,LASYOU,0.9113516016961648
LAQNID,BAZGAM,0.9006727220662911
LAQNID,NAFSOF,0.8982869262300819
LAQNID,ORAWAH,0.8979810020484957
LAQNID,QOWRAV11,0.8948047063970213
LAQNID,QOWRAV08,0.8947896909837646
LAQNID,QOWRAV02,0.8947147066007306
LAQNID,XICKOL,0.877756474491005
LAQNID,ENIHUG,0.8746591089970679
LAQNID,DOTSOV14,0.8692416368218889
LAQNID,DOTSOV15,0.8692416090021635
LAQNID,DOTSOV11,0.8692412868693317
LAQNID,BODPAN,0.8691543378670317
LAQNID,XAMDUM02,0.869140475192351
LAQNID,XAMDUM03,0.8691378258785609
LAQNID,LUDLIH,0.8691239520064505
LAQNID,UXISUR,0.8691048800632729
LAQNID,TISPAO,0.8685260278935503
LAQNID,DOTSOV02,0.8684283734390018
LAQNID,QAWHIH01,0.8676527868462753
LAQNID,YOZNUY,0.8664665822845415
LAQNID,KAJZIH,0.8658743512973026
LAQNID,QIZLOC,0.8651158995272717
UTONEX,MEGNUJ,0.8035765162369404
UTONEX,MEQKOL,0.8640622697117
UTONEX,NATREH,0.8634759853172749
UTONEX,ATIJUI,0.863369331044559
FESYEK,QEKLID01,0.9738610576719806
FESYEK,SITDAD,0.9564181679078304
FESYEK,KETHEY,0.914167774190584
FESYEK,ODOXEK,0.9082467093092608
FESYEK,YEYRAY,0.908079061390804
FESYEK,RUXWEM03,0.8932231825314092
FESYEK,YAYNEU,0.8617520963691567
VEDGIW,CIJBEE,0.9999987255554994
VEDGIW,ABAVOP,0.9999983236553976
VEDGIW,VEDGES,0.9999959924504797
VEDGIW,VEDFOB,0.9999895583879088
VEDGIW,OJOBAS,0.9999848446982572
VEDGIW,VEDFIV,0.9999812655915374
VEDGIW,VEDFAN,0.9999810970059372
VEDGIW,BOWDOI,0.9999756710164288
VEDGIW,BOWDUO,0.9999607440958526
VEDGIW,AHETAK,0.9999553757443655
VEDGIW,KEJWAY,0.99958032508045
VEDGIW,ABAVIJ,0.9992174432562244
VEDGIW,TATSIS01,0.9990527254742816
VEDGIW,ABAVUV,0.99901600613557
VEDGIW,TATSIS,0.9989328179023316
VEDGIW,ERUNUC,0.9233506774278176
VEDGIW,JODGIU,0.9229999061970272
VEDGIW,CAXZOS,0.9229601348721894
VEDGIW,DIDBEZ,0.9229109904546088
VEDGIW,BUKLOJ,0.8826375940632724
VEDGIW,BAKJOO,0.8792096017870088
VEDGIW,LIDSIC,0.8791415487309677
VEDGIW,BAKJEE,0.879014281445518
VEDGIW,BAKJII,0.8785108292730768
VEDGIW,TIDNIF,0.8768957369143978
VEDGIW,YATDOP,0.8601457666564671
VEDGIW,XALMOO,0.85996814692887
LIPZES,LONHON,0.9998188014841758
LIPZES,ERIQUS,0.9997586625252874
LIPZES,YAPQUC,0.9951064670652588
LIPZES,IVOLOW,0.8886756857397677
LIPZES,POCMEA04,0.8846016529978227
LIPZES,POCMEA01,0.8844793096731758
LIPZES,INICPB01,0.8842009602104293
LIPZES,YUNBOZ,0.883511191417202
LIPZES,CERPOF,0.8749992565035021
LIPZES,WENRIR,0.8604190398402732
MNFORD02,LIJWOR02,0.9999923168617304
MNFORD02,PADJOU,0.9999920660032664
MNFORD02,LIJWOR03,0.9999912292086012
MNFORD02,DADTOS17,0.9999883252301318
MNFORD02,VIRJEM,0.9999838665374414
MNFORD02,REZJIR03,0.9999811789979368
MNFORD02,REZJIR02,0.9999759929861172
MNFORD02,DADTOS15,0.999973054569352
MNFORD02,DADTOS13,0.999929900635394
MNFORD02,YANWOC02,0.999923588981296
MNFORD02,DADTOS04,0.9999068438197593
MNFORD02,DADTOS11,0.9999061879233666
MNFORD02,DADTOS09,0.9999036124962244
MNFORD02,DADTOS12,0.999900839288102
MNFORD02,YANWOC01,0.9998976735219278
QAWHIH01,YOZMIL,0.9993092505287496
QAWHIH01,UXISUR,0.999256798742127
QAWHIH01,XAMDUM01,0.9992419573088186
QAWHIH01,XAMDUM03,0.99918237680779
QAWHIH01,BODPAN,0.999139267188827
QAWHIH01,XAMDUM05,0.9991284056847224
QAWHIH01,EBAMUS,0.9988214363834554
QAWHIH01,DOTSOV11,0.9988085423810636
QAWHIH01,DOTSOV15,0.9988066089651824
QAWHIH01,DOTSOV14,0.998806334821499
QAWHIH01,DOTSOV02,0.9971915702631146
QAWHIH01,QIZLOC,0.9890918215102328
QAWHIH01,LASYOU,0.9471932803229786
QAWHIH01,ORAWAH,0.9330094147202014
QAWHIH01,DALSOA,0.9319909977711652
QAWHIH01,BABREE,0.9297326586979726
QAWHIH01,IWEVAJ,0.9176139498430312
QAWHIH01,EXOGAB,0.9056593360523686
QAWHIH01,PIDRAY,0.8942132947856214
QAWHIH01,IPUPIU,0.887123274530327
QAWHIH01,HOYQIX,0.8870261913412851
QAWHIH01,USEVOF,0.8846346572813559
QAWHIH01,ADONEP,0.8827356960640376
QAWHIH01,EXAXAE,0.8783726860339833
QAWHIH01,ANUGIA,0.8779289829434662
QAWHIH01,ANUGOG,0.8768747863452897
QAWHIH01,HIDTUM,0.8687775330957531
VEDFIV,ABAVOP,0.999988372183425
VEDFIV,VEDFAN,0.9999805531255253
VEDFIV,VODNOS,0.999976929090168
VEDFIV,BOWDUO,0.9999611704023376
VEDFIV,AHETAK,0.9999574427404158
VEDFIV,OJOBAS,0.999954471384242
VEDFIV,BIPXIK,0.9999397087635016
VEDFIV,EXUXEC,0.9998733655116988
VEDFIV,KEJWAY,0.9996277873612928
VEDFIV,ABAVIJ,0.9994071425228368
VEDFIV,TATSIS01,0.9992074547052868
VEDFIV,ABAVUV,0.9989070116499849
VEDFIV,ERUNUC,0.9233108760022828
VEDFIV,CAXZOS,0.923114633941497
VEDFIV,DIDBOJ,0.9231119715607732
VEDFIV,BAKJOO,0.8791652667631511
VEDFIV,LIDSIC,0.8790860314106007
VEDFIV,BAKJEE,0.8789500576435227
VEDFIV,BAKJII,0.8784084433289892
VEDFIV,ESEQUO,0.8733104931798943
VEDFIV,XALMOO,0.8600056551787278
VODNOS,CIJBEE,0.9999985174282804
VODNOS,VEDGES,0.9999950324216564
VODNOS,VEDFOB,0.9999852042024652
VODNOS,BOWDOI,0.9999693555758772
VODNOS,BOWDUO,0.999953445128964
VODNOS,BIPXIK,0.9999244579892684
VODNOS,EXUXEC,0.9998344507791184
VODNOS,KEJWAY,0.9995570969926232
VODNOS,TATSIS01,0.9990145658800714
VODNOS,LASMAV,0.9982852794070352
VODNOS,YIGGEB,0.9967542384067932
VODNOS,ERUNUC,0.9233583210039804
VODNOS,JODGIU,0.9229877082970692
VODNOS,CAXZOS,0.9229359344398296
VODNOS,DIDBOJ,0.9229272508374085
VODNOS,DIDBID,0.9228160613415524
VODNOS,LIDSIC,0.8791546297286259
VODNOS,FEVDER,0.8790798654296784
VODNOS,TIDNIF,0.8768594232165025
VODNOS,ESEQUO,0.8725625139557385
VODNOS,YATDOP,0.8601590718411123
EDOSEY,JALPAQ,0.9849845572584516
EDOSEY,EXOGAB,0.9317373377579884
EDOSEY,HOYQIX,0.9107902398612686
EDOSEY,IPUPIU,0.9107880259383466
EDOSEY,ANUGOG,0.9005743999663041
EDOSEY,LASYOU,0.8950834682933126
EDOSEY,POFFEX,0.8710720552745919
EDOSEY,IDUDES,0.8701731555339574
EDOSEY,VOJPUG01,0.869654291221642
EDOSEY,AHEMEG,0.8696345530057922
EDOSEY,POFDEV,0.8689460224599233
EDOSEY,UFUNAK,0.8676331984510082
EDOSEY,UFUMUD01,0.8663509198028866
EDOSEY,UFUMUD02,0.8660599180149614
EDOSEY,HAWZEM,0.8659739933698818
EDOSEY,BAHGUN01,0.8658857407039475
EDOSEY,QERZUI,0.8657299119336963
EDOSEY,BAHGUN04,0.8655703350497093
EDOSEY,NIHDIU,0.8646754170910409
EDOSEY,UFUMUD,0.8645678987079615
EDOSEY,ECODIK,0.8641459871841293
EDOSEY,BAZFUF,0.8607981950852273
EDOSEY,ENIHUG,0.8600465445098593
EDOSEY,ICAREL,0.8596226270138989
BOJYIK,HISTIO,0.8014959887949374
BOJYIK,CUXQIW,0.9082034327743972
BOJYIK,ZALLEG,0.946846237252536
BOJYIK,CEJXEW,0.9438842404597396
BOJYIK,DUGDUG,0.9077922158752108
BOJYIK,LOZSUQ,0.9070797045227628
BOJYIK,CUJCIV,0.9052960407684194
BOJYIK,XISDIO,0.90471834266478
BOJYIK,TORPUN,0.9001387587295613
BOJYIK,AYOZOF,0.899576007696044
BOJYIK,NEQTIP,0.8991375965488269
BOJYIK,ACODON,0.8949804773417545
BOJYIK,LEDHEJ,0.887264021973102
BOJYIK,XADDAJ,0.8864083375805519
BOJYIK,WOJYUR,0.8837175983335475
BOJYIK,LUCDES,0.8791551132337987
BOJYIK,NIGFOZ,0.8748886072740268
BOJYIK,OHIHOD,0.8607881271243734
ROLCEC16,ROLCEC11,0.9998952851641594
ROLCEC16,MACUFR04,0.9975913342088668
ROLCEC16,OCUQIO,0.9967348428555428
SEHSII,NIGFOZ,0.9996103914526214
SEHSII,YATTUK,0.999029828624983
SEHSII,LAVTAF,0.9831485836761832
SEHSII,UPIBOM,0.9822165120366864
SEHSII,OHIHOD,0.8964091467192242
SEHSII,XADDAJ,0.8836996021157881
SEHSII,XADDAJ01,0.8831391134054115
SEHSII,QACTUJ,0.8740472074206485
SEHSII,TORPUN,0.859856160402509
SEHSII,NEBYOK,0.8597260168266413
MOBDIR,DOTSOV16,0.8962934911946068
MOBDIR,DOTSOV12,0.8962934177102233
MOBDIR,DOTSOV10,0.8962920072161031
MOBDIR,DOTSOV07,0.8962900231596637
MOBDIR,NEHZOS,0.896167550362875
MOBDIR,XAMDUM02,0.8959917692102415
MOBDIR,RILFEA,0.8958897720945024
MOBDIR,DOTSOV02,0.8958536287653869
MOBDIR,YOZMIL,0.8958062395213001
MOBDIR,DIHVIB,0.8956953181453738
MOBDIR,TISPAO,0.8947354652137578
MOBDIR,YOZNUY,0.8916852749921756
MOBDIR,YOZNOS,0.8852453034877331
MOBDIR,YOZMUX,0.8809123209607463
IPINAY,AHEMEG,0.9999990491525882
IPINAY,VOJPUG01,0.9999466471776094
IPINAY,POFDEV,0.999875422821256
IPINAY,NELCEN,0.999592841110909
IPINAY,UFUNAK,0.9995694725821104
IPINAY,UFUMUD01,0.9990637839690576
IPINAY,UFUMUD02,0.9989342826916456
IPINAY,HAWZEM,0.998896819369353
IPINAY,BAHGUN01,0.9988556707919188
IPINAY,BAHGUN,0.9988396560241778
IPINAY,QERZUI,0.998782073566342
IPINAY,BAHGUN02,0.9985627883261928
IPINAY,QERZUI01,0.998221216191398
IPINAY,UFUMUD,0.9981135459791532
IPINAY,ECODIK,0.997986389284106
IPINAY,NIHDEQ,0.9974040603577417
DOTSOV43,DOTSOV17,0.9999999974531468
MITSAK,MITSIS,0.9999984533259616
MITSAK,KUJMIN,0.999911915437836
MITSAK,YEYRAY,0.9998052107336964
MITSAK,CEHKUW,0.999328885841571
MITSAK,SITDAD,0.9471872769941044
MITSAK,DUWBEE,0.9468335582864722
MITSAK,MICJOA,0.9073941599143202
MITSAK,NOLRIR,0.8734353901904326
MITSAK,YIKGEF,0.872242746063681
MITSAK,XEFGUN01,0.8720265618735679
MITSAK,FIPKOG01,0.8609343426787464
LASMAV,TATSIS,0.9999267190515512
LASMAV,YIGGEB,0.999756663013979
LASMAV,TATSIS01,0.99974348164987
LASMAV,KEJWAY,0.9995836983737468
LASMAV,AHETAK,0.9988311662486856
LASMAV,BOWDUO,0.9988027030982554
LASMAV,BOWDOI,0.9986976542035996
LASMAV,VEDFOB,0.998538990508926
LASMAV,ABAVOP,0.9984192965480364
LASMAV,VEDGES,0.9982880034817864
LASMAV,OJOBAS,0.9979979455879208
LASMAV,CAXZOS,0.9223707077785784
LASMAV,DIDBOJ,0.9217646864528022
LASMAV,JODGIU,0.92136732404765
LASMAV,DIDBEZ,0.921355187924352
LASMAV,DIDBID,0.921290956297951
LASMAV,ERUNUC,0.9210810495407116
LASMAV,BUKLOJ,0.8850039312211715
LASMAV,ESEQUO,0.8794755975054077
LASMAV,LIDSIC,0.876474949582105
LASMAV,BAKJII,0.8745693029851673
LASMAV,XALMOO,0.8597907640675202
LASMAV,DIQHAO01,0.859652231523879
RIGTIL,CIZQOT,0.9996181311730308
RIGTIL,NATFAS,0.9994820148759044
RIGTIL,MUZHUL,0.9988866621010783
RIGTIL,FABFOF,0.9977816411590178
RIGTIL,WOBHOL,0.8710673233064858
RIGTIL,WOBHIF03,0.8710504110516256
RIGTIL,SAVMAE,0.8625287795303209
XAMDUM02,LUDLIH,0.9999906043847288
XAMDUM02,XAMDUM01,0.9999793416579232
XAMDUM02,RILFEA,0.9999785973544002
XAMDUM02,UXISUR,0.9999774134415302
XAMDUM02,YOZMIL,0.9999750660464988
XAMDUM02,DOTSOV14,0.999957749249443
XAMDUM02,DOTSOV12,0.999957486326254
XAMDUM02,DOTSOV11,0.9999572242272808
XAMDUM02,DOTSOV15,0.999956941495791
XAMDUM02,DOTSOV10,0.9999569410944852
XAMDUM02,DOTSOV16,0.9999566423700172
XAMDUM02,EBAMUS,0.9999295468282908
XAMDUM02,DOTSOV07,0.9997716188117708
XAMDUM02,TISPAO,0.999709057020154
XAMDUM02,DOTSOV02,0.9991698049456018
XAMDUM02,YOZNUY,0.9981999331446368
XAMDUM02,LASYOU,0.9464375177664714
XAMDUM02,DALSOA,0.9329908926903476
XAMDUM02,BABREE,0.9322203610261908
XAMDUM02,RAWYAS,0.9190300444591382
XAMDUM02,IWEVAJ,0.9189956125701364
XAMDUM02,EXOGAB,0.9077810049117416
XAMDUM02,YAGHUM,0.9077714917108184
XAMDUM02,PIDRAY,0.9002575914585516
XAMDUM02,HOYQIX,0.8871117898754958
XAMDUM02,IPUPOA,0.8851553960526055
XAMDUM02,WANJIF,0.8849848399663179
XAMDUM02,XEDMEB,0.8847705537150501
XAMDUM02,ADONEP,0.8846641856011301
XAMDUM02,ANUGOG,0.8779344627943402
XAMDUM02,ANUGIA,0.877393079950788
XAMDUM02,NEMCOA,0.8747697453998216
XAMDUM02,HIDTUM,0.8735196096600693
XAMDUM02,XICKOL,0.8606780686166051
KEPFIX,KENVOR01,0.9117647030646976
LUSHOX02,LUSHOX05,0.999893925756541
LUSHOX02,YINCUV,0.8600178362863294
LUSHOX02,OCAKUB,0.9471786327302988
LUSHOX02,VUQJUN01,0.9457871210407592
LUSHOX02,IQOKIK,0.9054240461758216
LUSHOX02,DAWCOV,0.9052941920717896
LUSHOX02,PUGHAC,0.8961646903930356
LUSHOX02,IVELUS,0.8850469067867471
LUSHOX02,FEJFAE,0.8850115096421538
LUSHOX02,DADLEC,0.8756933842305784
LUSHOX02,ABAYIO,0.8743335381123335
LUSHOX02,WEYQAU16,0.8721466786910208
LUSHOX02,WEYQAU01,0.870984079332901
LUSHOX02,XIHXET,0.868428593082666
YUKTUU01,YUKTUU,0.9999999992653176
YUKTUU01,REZJIR02,0.9999999904649376
YUKTUU01,DADTOS15,0.999999840006893
YUKTUU01,REZJIR03,0.9999997387222292
YUKTUU01,VIRJEM,0.9999982746512042
YUKTUU01,PADJOU01,0.9999947645043196
YUKTUU01,DADTOS14,0.9999921747549444
YUKTUU01,LIJWOR03,0.9999882638736955
YUKTUU01,DADTOS17,0.9999877740892844
YUKTUU01,DADTOS13,0.9999829131148128
YUKTUU01,YANWOC02,0.999979467492841
YUKTUU01,PADJOU,0.9999774955455896
YUKTUU01,DADTOS02,0.9999756560176554
YUKTUU01,MNFORD03,0.9999701894370002
YUKTUU01,DADTOS04,0.9999695780215468
YUKTUU01,DADTOS01,0.9999689302796968
YUKTUU01,DADTOS05,0.999968084347578
YUKTUU01,DADTOS09,0.9999675863412524
YUKTUU01,DADTOS06,0.9999659668658042
YUKTUU01,DADTOS12,0.9999658716469484
OGEBAF,FAGQAI,0.9549933847240596
OGEBAF,QIYDIN,0.9525651120428352
OGEBAF,YAGHUM,0.9376423028518994
OGEBAF,SEMNIJ,0.925921635389372
OGEBAF,LURRIA,0.9247876900599326
OGEBAF,FISGOF,0.9199308507884866
OGEBAF,NEHZOS,0.8610156740869582
OGEBAF,DOTSOV02,0.8595647406131397
YUKTUU02,YUKTUU03,0.9999999857192208
GOSDUP,QEDZEG,0.9984124109904458
GOSDUP,PIWLAL,0.9141400480204668
GOSDUP,IFABIA02,0.8972242590600293
GOSDUP,REDROI,0.8971802817178476
GOSDUP,VEGMOK04,0.897170445207878
GOSDUP,ORIBAU,0.8965415019948786
GOSDUP,PEVQIS,0.8954669476270269
GOSDUP,MIBQAR12,0.8954538289108018
GOSDUP,MIBQAR01,0.895399724325091
GOSDUP,LAWFOF,0.895382755449861
DIQHAO01,XALMOO,0.9978025084266048
DIQHAO01,YATDOP,0.9940674607588156
DIQHAO01,CAXZOS,0.9228862894306974
DIQHAO01,DIDBOJ,0.9220401034042368
DIQHAO01,DIDBEZ,0.9214564015238408
DIQHAO01,DIDBID,0.9214383053088406
DIQHAO01,ERUNUC,0.9203017297511822
DIQHAO01,FEVDER,0.8846013302105616
DIQHAO01,TIDNIF,0.8827086906181115
DIQHAO01,BAKJOO,0.8817833769893659
DIQHAO01,BAKJII,0.8786934251307835
DIQHAO01,NIGPAW,0.8705819661600154
DIQHAO01,DIBQEM,0.8689594295135332
DIQHAO01,AXINAX01,0.8675859218655948
DIQHAO01,DIBQIQ,0.8658276306846411
DIQHAO01,NIGPEA,0.8619991322802921
DIQHAO01,YIGGEB,0.860129725939879
KAFTUI,AXOCEW,0.99993447785207
KAFTUI,PUQYAC,0.9958500642462108
JUXZIN,JUXZOT,0.9999019050117084
JUXZIN,MUXVIM,0.9984929220812848
JUXZIN,JUYJIY,0.922205947141859
JUXZIN,FALGIK,0.8852170700222646
JUXZIN,IRELIC,0.8795256628333671
JUXZIN,VAKLIF,0.8690079469804188
QEKLID01,NOLRIR,0.9909533023507848
QEKLID01,DELGIN,0.9728701118659844
QEKLID01,SITDAD,0.9326965641003336
QEKLID01,RUXWEM03,0.9323014533623528
QEKLID01,PIKYIU,0.8930700343091278
QEKLID01,CEHKUW,0.8872891972336497
QEKLID01,ODOXEK,0.8867873898620047
QEKLID01,MITSUE,0.8867699600423945
QEKLID01,VAKLIF,0.8867541992056176
QEKLID01,FUMJAA,0.8864945039706776
QEKLID01,XEFGUN01,0.8862944349355093
QEKLID01,KUJMIN,0.8862574198026891
QEKLID01,YICRAF,0.8704972731542098
QEKLID01,IGUTUB01,0.8627443661166148
RINTUF,ATIKET,0.9994406495314536
LATCIV,DUBXUV,0.8607055350013435
JEPWIN01,MAHGAG,0.9999958011245929
REYCEF,XEMPAJ,0.9161503515429742
REYCEF,SIKCIA,0.907508230431906
REYCEF,WEHHOI,0.8671516503108432
REYCEF,HEZKIH,0.8651022903875851
FUMJAZ,FEVDER,0.9066943891257296
FUMJAZ,BAKJOO,0.904573306466117
FUMJAZ,BAKJEE,0.9036732659543304
FUMJAZ,BAKJII,0.902055718602323
FUMJAZ,JODGIU,0.8827037870722454
FUMJAZ,ERUNUC,0.8809915849720388
FUMJAZ,COXFOL,0.8652850111453841
FUMJAZ,XADDUD,0.8652136567657362
IGAHED02,IGAHED,0.9999991902948676
IGAHED02,SACMOA,0.9999323333826275
IGAHED02,OCACUR,0.9998840650244653
IGAHED02,UGECEO01,0.9998248003312288
IGAHED02,KUHNEI,0.9951121181790356
IGAHED02,XUZRIU,0.8642298568348459
IGAHED02,HABZEQ,0.8639161077410419
PIKYIU,FALGIK,0.9526945295626328
PIKYIU,XEFGUN01,0.9079944985425866
PIKYIU,NOLRIR,0.8929019112745891
PIKYIU,DELGIN,0.886661498584675
PIKYIU,IGUTUB01,0.8856318737974705
UGECEO,UGECEO01,0.9999572981527252
UGECEO,OCACUR,0.9999351012455756
UGECEO,SACMOA,0.999321989997212
UGECEO,KUHNEI,0.995278581794946
UGECEO,XEVSIB01,0.864085043031728
UGECEO,HABZEQ,0.8629665000032697
WUMDIT,JEDDII,0.974086242159598
WUMDIT,MIBQAR01,0.8766047797502332
WUMDIT,LAWFOF,0.8765915919899234
IBEYAQ,DUGDOA,0.9564113710131592
IBEYAQ,EXUTAU,0.9471260863481352
IBEYAQ,YIXFOC03,0.9450121351185368
IBEYAQ,WOJYOL,0.9265161908812604
IBEYAQ,WOJZIG,0.9226777024808857
IBEYAQ,DIXGIC,0.9193083440731484
IBEYAQ,QICXUY,0.8803036561883986
EGIKUB01,VEHJUP,0.8968764685993369
EGIKUB01,IRELAU,0.874583377059384
EGIKUB01,VALGAS,0.8670327519668359
EGIKUB01,MIBQAR12,0.8606941527896592
EGIKUB01,MIBQAR01,0.8606792025362393
EGIKUB01,LAWFOF,0.8606742314945284
EGIKUB01,REDROI,0.8603037696490001
WEBLAQ,ROCZEQ,0.9989822299470256
WEBLAQ,AVAQIX,0.9964658026048006
WEBLAQ,IGUTUB,0.9228055743482952
WEBLAQ,IGUTUB01,0.9202896074904968
WEBLAQ,VAKLIF,0.8844894267314092
WEBLAQ,LULGIJ,0.8615816235281499
UFOFUT,QUQFEO,0.9841226316791118
UFOFUT,REGREC,0.9471560248624104
UFOFUT,ULISOZ,0.9470036928007622
UFOFUT,APACAX,0.8942890140646248
UFOFUT,NUFBOH,0.8924625248863212
UFOFUT,NASROR,0.8922552292891088
UFOFUT,RUGXUO,0.8870880777194341
UFOFUT,EXOXUL,0.8660295716975509
UFOFUT,BABRII,0.864442127499875
UFOFUT,MOHLIF,0.8623160191189552
BABRII,PIWLAL,0.9551715044827878
BABRII,IFABIA02,0.9080850060890138
BABRII,VEGMOK04,0.9080324623816332
BABRII,PEVQIS,0.9076722478600772
BABRII,MIBQAR12,0.9076695577597786
BABRII,MIBQAR01,0.9076369081222222
BABRII,HOLRAD,0.907633462250519
BABRII,ORIBAU,0.9064154135659076
BABRII,XAFFAN,0.8835036730823118
BABRII,QUQFEO,0.8822875072277694
BABRII,NIKHAS,0.8678844189171596
BABRII,NAWXER,0.8664455209583404
BABRII,UFAMEW,0.8642584817078467
BABRII,BEWCUD,0.8620619319921321
DITJOH,UVAHIK,0.922559098145627
DITJOH,WIZMAV,0.922538297627137
DITJOH,WIZMAV06,0.9225363066794464
DITJOH,WIZMAV05,0.9225357018756568
DITJOH,ERARUM,0.9225259437728244
DITJOH,GERBEN,0.8843038593391068
DITJOH,HERHEU,0.8832614491460749
DITJOH,GAYXEM,0.88200142349581
DITJOH,UFOSEQ,0.877859314596983
DITJOH,RUBTAK03,0.8778587130804063
DITJOH,BUNLAZ,0.8776632353670004
WIZMAV06,WIZMAV05,0.9999999977758098
WIZMAV06,WIZMAV,0.9999999751105956
WIZMAV06,WIZMAV10,0.9999999563476788
WIZMAV06,ERARUM,0.9999994126630852
WIZMAV06,UVAHIK,0.9999954068408008
WIZMAV06,ERANAO,0.9926642624851943
WIZMAV06,HERHAQ,0.9558662503657752
WIZMAV06,GERBEN,0.9554269710122604
WIZMAV06,BUNKUS,0.9488095099207128
WIZMAV06,RUBTAK03,0.946935650522648
WIZMAV06,ESEBOV,0.8931978411975933
WIZMAV06,UNEJEE,0.892910478437877
WIZMAV06,WUPTUY01,0.8634798655814335
JUXZOT,MUXVIM,0.9983012604075754
JUXZOT,FELXOM,0.950144823717109
JUXZOT,JUYJIY,0.9223229218329482
JUXZOT,FALGIK,0.8852727457788266
JUXZOT,RUXWEM03,0.8842596453256582
JUXZOT,YICRAF,0.8747568473519796
JUXZOT,VAKLIF,0.8689804209300112
JUXZOT,XEFGUN01,0.8678415220731812
IGUTUB01,IGUTUB,0.999015463781354
IGUTUB01,AVAQIX,0.9233912188753676
IGUTUB01,RUXWEM03,0.9216685782787484
IGUTUB01,FALGIK,0.9175585512252826
IGUTUB01,ROCZEQ,0.9157380069057512
IGUTUB01,ZASJAG,0.913995897471285
IGUTUB01,KETHEY,0.9091618571805312
IGUTUB01,XEFGUN01,0.877334943257974
IGUTUB01,NOLRIR,0.8644729988568206
IGUTUB01,EYULAM,0.8601303990719179
AXINIF,NIGPEA,0.9999947900534744
AXINIF,DIBQOW,0.9999738643755728
AXINIF,HELDOT,0.9998695046936736
AXINIF,DIBQIQ,0.999424201748928
AXINIF,AXINAX01,0.998684568205806
AXINIF,MOXDOT,0.955011660845579
AXINIF,XUDVAV,0.9355164889591604
AXINIF,NOMPIQ,0.9129327434913777
AXINIF,CIKPEU,0.9128833132930332
AXINIF,BUKLOJ,0.9005920260587725
AXINIF,ERUNUC,0.8848022144777344
AXINIF,JODGIU,0.8838719201857973
AXINIF,DIDBEZ,0.8837134952391451
AXINIF,DIDBID,0.8836220096308256
AXINIF,CAXZOS,0.8828528270772878
AXINIF,AGAFAS,0.8784279914260515
AXINIF,CAQKAJ01,0.8763568281045073
AXINIF,TAHYUZ,0.8753171298367841
AXINIF,HALVEY,0.874835043382534
AXINIF,XALMOO,0.8688422603617485
AXINIF,WEMKEG,0.8628024300740067
HURGEH,JOPGOM,0.9999816954740628
KAJZIH,NEHZOS,0.9998724816177084
KAJZIH,DOTSOV07,0.9963129926286234
KAJZIH,DOTSOV02,0.9962521765569798
KAJZIH,DOTSOV16,0.9959049622397832
KAJZIH,DOTSOV14,0.9959016215330744
KAJZIH,DOTSOV15,0.9959012055344654
KAJZIH,DOTSOV11,0.9958976306355166
KAJZIH,BODPAN,0.9952087561442484
KAJZIH,XAMDUM03,0.9951066630375812
KAJZIH,RILFEA,0.9949593810066892
KAJZIH,XAMDUM01,0.9949575743648827
KAJZIH,YOZMIL,0.9947785414823058
KAJZIH,DIHVIB,0.9945427687602548
KAJZIH,TISPAO,0.9926843911487522
KAJZIH,YOZNOS,0.9816100293847296
KAJZIH,BABREE,0.9313061316525224
KAJZIH,DALSOA,0.9285775175827796
KAJZIH,EXOYAS,0.917388873126062
KAJZIH,IWEVAJ,0.9144622209052384
KAJZIH,EXOGAB,0.90596925546375
KAJZIH,YAGHUM,0.9000842761430814
KAJZIH,IPUPOA,0.8867681058737533
KAJZIH,EXAXAE,0.8848013345734982
KAJZIH,ADONEP,0.8819551784039337
KAJZIH,WANJIF,0.8808751577207202
KAJZIH,HOYQIX,0.8805766480747519
KAJZIH,IPUPIU,0.8800342114599669
KAJZIH,USEVOF,0.879074291659832
KAJZIH,CEKHUY,0.8778945012328896
KAJZIH,NEMCOA,0.8778020569632483
KAJZIH,ANUGOG,0.8736673898967869
KAJZIH,JALPAQ,0.8608895048968974
KAJZIH,OGEBAF01,0.8607526398892356
IDUDES,JALPAQ,0.8810659856127335
IDUDES,DEGSIS01,0.8777642090150317
IDUDES,LASYOU,0.8679946805819339
IDUDES,EXOGAB,0.8625143919904645
NOMPIQ,NOMPIQ01,0.9999989396442016
NOMPIQ,FEXCAO01,0.9586129223022912
NOMPIQ,AXINAX01,0.9166474076814316
NOMPIQ,DIBQIQ,0.9156817120735994
NOMPIQ,NIGPEA,0.9132422717664114
NOMPIQ,DIBQOW,0.9122011071646008
NOMPIQ,MIHJUL,0.911570634818177
NOMPIQ,LUWZUZ01,0.8868399261150304
NOMPIQ,LUWZUZ02,0.8867611886444379
NOMPIQ,DIDBID,0.885296647066812
NOMPIQ,ERUNUC,0.8852746777888029
NOMPIQ,BUKLOJ,0.8608265488206048
XUJPOI,XUJQAV,0.9999987869744884
XUJPOI,VEMSUC,0.9999963528463528
XUJPOI,XUJPEY,0.9998805793901946
XUJPOI,XUJPIC,0.999705328927042
XUJPOI,EZOFEF,0.99540904465935
XUJPOI,XUCHOS02,0.8822502721638369
XUJPOI,SOQRUM,0.8762379159310474
XUJPOI,LIDSEY,0.8611486370858035
XUJPOI,XOMCIN,0.8610665564771219
XUJPOI,LIDSAU,0.861048833729174
HOGSIG,ROGLOP,0.999996839001402
HOGSIG,UFATEA,0.9954610552909936
HOGSIG,CAXZUY,0.922371820773644
HOGSIG,TEVVOI,0.9179011169173644
HOGSIG,LIDSEY,0.8792898835971568
HOGSIG,XOMCIN,0.8791621890810954
UMIZIB,WOJYUR,0.9749058247277436
UMIZIB,XISDIO,0.9742389477569652
UMIZIB,KEDJEL,0.9328228801372326
UMIZIB,ZALLEG,0.9304717979339132
UMIZIB,QACTUJ,0.8825533155393634
DAWCOV,IQOKIK,0.8611096431341652
NUDNUW09,XACLOF,0.9999191862262056
NUDNUW09,VICBEQ,0.9994851471478172
NUDNUW09,NIHBEM01,0.9971754123905324
NUDNUW09,CAJHUS01,0.996883213265602
NUDNUW09,NIHBAI01,0.9968079218362378
NUDNUW09,NIKZAJ01,0.9965312136453884
NUDNUW09,CAJHUS,0.9956024615954024
XEFGUN01,PIJJEZ,0.8732308428387049
XEFGUN01,FALGIK,0.9451126362476538
XEFGUN01,MINBEQ,0.9190021169863872
XEFGUN01,POKZOG,0.9082439994698792
XEFGUN01,YUYGOQ,0.9076786951239402
XEFGUN01,RUGYOJ,0.9075846169163512
XEFGUN01,WUHMOD,0.9060957519469184
XEFGUN01,LUWKIZ,0.8849397923282747
XEFGUN01,DELGIN,0.881257816293881
XEFGUN01,YEYRAY,0.873351324580353
XEFGUN01,REFWIL,0.8721270732757322
XEFGUN01,FUMJAA,0.8714021429143446
XEFGUN01,KUJMIN,0.8709191130030244
XEFGUN01,VAYFAE,0.8686088339018165
XEFGUN01,FELXOM,0.8684586882070122
XEFGUN01,MUXVIM,0.8684454854640039
XEFGUN01,EKUNON,0.8642234516758639
XEFGUN01,EKUNON02,0.8642111889129404
XEFGUN01,ULOGIL,0.8642061320084404
XEFGUN01,FOKWOT,0.8611497738019772
XEFGUN01,YICRAF,0.8606538359067304
XEFGUN01,RUVBOB,0.860555063470593
XEFGUN01,RUVBIV,0.8604952981381621
NIHDIU,QERZUI01,0.9999956649602618
NIHDIU,BAHGUN04,0.9999668986887714
NIHDIU,BAHGUN03,0.999956516485752
NIHDIU,UGEPEB01,0.9999524124751112
NIHDIU,BAHGUN,0.9999412259831656
NIHDIU,BAHGUN01,0.9999382983535724
NIHDIU,BAHGUN02,0.999922532695978
NIHDIU,UGEPEB,0.9997948782382744
NIHDIU,UFUNAK,0.9995617554533542
NIHDIU,POFDIZ,0.999488687365568
NIHDIU,AHEMEG,0.998343825136163
NIHDIU,VOJPUG01,0.9982398318210326
NIHDIU,NELCEN,0.9961837265077238
NIHDIU,POFFEX,0.995612096721958
NIHDIU,XICKOL,0.8771956081750902
BODPAN,XAMDUM03,0.9999992375889094
BODPAN,LUDLIH,0.9999975198488288
BODPAN,UXISUR,0.9999954700942584
BODPAN,YOZMIL,0.9999906430567986
BODPAN,DOTSOV14,0.999972604319648
BODPAN,DOTSOV10,0.9999725560284798
BODPAN,DOTSOV12,0.9999723342188614
BODPAN,DOTSOV07,0.9996725253926984
BODPAN,DOTSOV02,0.9989687588803188
BODPAN,YOZNUY,0.9982304280256552
BODPAN,YOZMUX,0.9879053031181556
BODPAN,DALSOA,0.9330057115943344
BODPAN,BABREE,0.932229201868392
BODPAN,ORAWAH,0.9320428409651326
BODPAN,EXOYAS,0.919780817811758
BODPAN,IWEVAJ,0.918737512918594
BODPAN,YAGHUM,0.907795568850209
BODPAN,HOYQIX,0.8871331819117882
BODPAN,IPUPIU,0.8870386541367107
BODPAN,WANJIF,0.8849103814715652
BODPAN,XEDMEB,0.8847832758802503
BODPAN,ANUGOG,0.8779506892828624
BODPAN,NEMCOA,0.8747694266340269
BODPAN,CEKHUY,0.8742458871481096
BODPAN,HIDTUM,0.8735149212011734
BODPAN,XICKOL,0.8606884597965658
EHAZAO,YICKIH,0.8850763673062307
EHAZAO,YIXFOC03,0.9993814560169856
EHAZAO,WECSAZ01,0.9985485440999464
EHAZAO,WECSAZ,0.9976014556716086
EHAZAO,EXUTAU,0.9960844528786604
EHAZAO,DUGDOA,0.9037461537599298
EHAZAO,WOJYOL,0.8872180275790206
EHAZAO,WOJZIG,0.8863871808450431
EHAZAO,DIXGIC,0.8777515165350188
EHAZAO,SENXAN,0.8722110571734105
EHAZAO,AHONEQ,0.8604074027430055
KUJMIN,AXULEM,0.9199962165814656
KUJMIN,FUMJAA,0.9999846709032786
KUJMIN,MITSIS,0.999933707170932
KUJMIN,YEYRAY,0.9994553003007692
KUJMIN,SITDAD,0.9470032086404376
KUJMIN,LIQFEY,0.9072136218403372
KUJMIN,MICJOA,0.9067586688134176
KUJMIN,VAKLIF,0.8749197958568008
KUJMIN,FIPKOG01,0.8605659822717628
VEDGES,CIJBEE,0.9999989473292462
VEDGES,ABAVOP,0.9999958746929942
VEDGES,OJOBAS,0.9999845790080012
VEDGES,VEDFAN,0.9999755133149028
VEDGES,BOWDOI,0.9999716103322668
VEDGES,YODRAM,0.999950596956912
VEDGES,AHETAK,0.9999453452552178
VEDGES,BIPXIK,0.9999221264079554
VEDGES,EXUXEC,0.999836154893573
VEDGES,ABAVIJ,0.9992613651924828
VEDGES,TATSIS01,0.999062780697136
VEDGES,ABAVUV,0.9990437389238568
VEDGES,TATSIS,0.9989065449037952
VEDGES,ERUNUC,0.9233541977015514
VEDGES,JODGIU,0.923073751151096
VEDGES,DIDBEZ,0.9229919669697544
VEDGES,BAKJOO,0.879214956711984
VEDGES,LIDSIC,0.8791492034996381
VEDGES,FEVDER,0.8790804149540259
VEDGES,BAKJEE,0.8790282813107567
VEDGES,TIDNIF,0.8770716951804112
VEDGES,ESEQUO,0.8727509499751094
VEDGES,XALMOO,0.8599473663889519
LIDSIC,BAKJEE,0.9999803484477618
LIDSIC,BAKJII,0.9997533552359114
LIDSIC,TIDNIF,0.9972640802865562
LIDSIC,FEVDER,0.9775739942799688
LIDSIC,JODGIU,0.90895028000965
LIDSIC,DIDBEZ,0.908838650893862
LIDSIC,AGAFAS,0.8892206591786703
LIDSIC,XUDVAV,0.8889387220221521
LIDSIC,YATDOP,0.8872014699049701
LIDSIC,XALMOO,0.8862713783715426
LIDSIC,OJOBAS,0.8792216666369794
LIDSIC,ABAVOP,0.8791127914007727
LIDSIC,BOWDOI,0.8789999259302754
LIDSIC,BOWDUO,0.8789490024112049
LIDSIC,AHETAK,0.8789335018324235
LIDSIC,BIPXIK,0.8788763082256038
LIDSIC,EXUXEC,0.8786901644254146
LIDSIC,KEJWAY,0.878221212907209
LIDSIC,ABAVIJ,0.8778287761329054
LIDSIC,NIDFOX,0.8776177690992505
LIDSIC,TATSIS,0.8772783382418355
LIDSIC,YIGGEB,0.8745837677643636
LIDSIC,XAPSIS,0.8610273948688487
LIDSIC,CIPLIX,0.8607183361007473
LIDSIC,JEDVUM,0.8606928638073609
XAFFER,XAFFAN,0.999747511285585
XAFFER,PIWLAL,0.922561611493301
XAFFER,VEGMOK04,0.8776776765233227
XAFFER,MIBQAR12,0.8748695336265357
XAFFER,MIBQAR01,0.8747948128463119
XAFFER,HOLRAD,0.8747869905717692
XAFFER,LAWFOF,0.874774838148388
JODGIU,DIDBEZ,0.9999948686893724
JODGIU,DIDBID,0.9999845014942828
JODGIU,CAXZOS,0.9998230502565412
JODGIU,ERUNUC,0.9995405097497674
JODGIU,CIJBEE,0.9230356010233408
JODGIU,ABAVOP,0.9230261134665808
JODGIU,BOWDOI,0.9230259979129988
JODGIU,VEDFAN,0.9230104060387088
JODGIU,ABAVIJ,0.9229446988284148
JODGIU,EXUXEC,0.9228901156476176
JODGIU,MOXDOT,0.922174827172204
JODGIU,TATSIS,0.922049869550728
JODGIU,ABAVUV,0.9220127352750336
JODGIU,YIGGEB,0.9198720797177272
JODGIU,NIDFOX,0.9178201219668056
JODGIU,FEVDER,0.9089438824016502
JODGIU,TIDNIF,0.9086620778832222
JODGIU,BAKJII,0.9083097062747164
JODGIU,NOMPIQ01,0.8854691851470906
JODGIU,CIKPEU,0.8853753230175347
JODGIU,AXINAX01,0.8853552412193019
JODGIU,NIGPEA,0.8840352266725985
JODGIU,DIBQOW,0.8834471312239398
JODGIU,MIHJUL,0.8830665774214113
JODGIU,HELDOT,0.8828541669972395
JODGIU,LUWZUZ01,0.8823741801336357
JODGIU,LUWZUZ02,0.8822042378832528
JODGIU,XEVXUT,0.8797196255542312
JODGIU,BUKLOJ,0.8751643497789328
JODGIU,DIBQEM,0.8715883556516323
JODGIU,FEXCAO01,0.8693551967301691
JODGIU,ESEQUO,0.8668753794968556
JODGIU,XUDVAV,0.8601850922935073
GOQTIR,WUZGEF,0.8424253482628143
GOQTIR,MUXVIM,0.9988648274857436
GOQTIR,FELXOM,0.9515916695867151
GOQTIR,JUYJIY,0.9222231330778554
GOQTIR,RUXWEM03,0.8849037698909055
GOQTIR,VAYFAE,0.8840581065716562
GOQTIR,IRELIC,0.8813103401326505
GOQTIR,YICRAF,0.8758825836520043
GOQTIR,VAKLIF,0.8684226737653483
MITSUE,ODOXEK,0.9999997494543128
MITSUE,YEYRAY,0.9998023420658247
MITSUE,SITDAD,0.9471863736037966
MITSUE,LIQFEY,0.9077243471098676
MITSUE,MICJOA,0.9073887471771848
MITSUE,GERWOR,0.9062705289048876
MITSUE,IJEYEC,0.8906037359656476
MITSUE,VAKLIF,0.8749998618423854
HOLRAD,MIBQAR01,0.999999989524293
HOLRAD,LAWFOF,0.9999999883263276
HOLRAD,MIBQAR12,0.9999994534092678
HOLRAD,VEGMOK04,0.9984419482252804
HOLRAD,ORIBAU,0.9954388866095282
HOLRAD,PIWLAL,0.943578144442566
HOLRAD,BOLPAU,0.9067668191358924
HOLRAD,VIKBUP,0.9060304883608264
HOLRAD,JEDDII,0.8971894405590453
HOLRAD,UKOLOV,0.885187006232478
HOLRAD,DARYIF,0.8842593445902414
HOLRAD,NIKHAS,0.8840372705428143
HOLRAD,QAQSAD,0.8822546527957479
HOLRAD,NAWXER,0.881762109182874
HOLRAD,REGREC,0.8730839987546444
HOLRAD,XAFFAN,0.8727524631613506
HOLRAD,AXOCEW,0.8691777337087647
HOLRAD,XEGXIT,0.8625517330813464
DIHVIB,XAMDUM01,0.9999917065716456
DIHVIB,RILFEA,0.9999916423449524
DIHVIB,XAMDUM03,0.999984467272103
DIHVIB,XAMDUM05,0.9999762671746868
DIHVIB,DOTSOV11,0.9999025793942148
DIHVIB,DOTSOV15,0.9999020253698102
DIHVIB,DOTSOV10,0.9999020250847986
DIHVIB,DOTSOV16,0.9999014412192904
DIHVIB,DOTSOV12,0.999901431271671
DIHVIB,TISPAO,0.9998623305439454
DIHVIB,EBAMUS,0.9997966189065376
DIHVIB,DOTSOV07,0.999538282605738
DIHVIB,YOZNUY,0.9986019489732544
DIHVIB,NEHZOS,0.9960770813004728
DIHVIB,QIZLOC,0.9935979194960456
DIHVIB,YOZMUX,0.988236297883842
DIHVIB,BABREE,0.9319458755991064
DIHVIB,EXOYAS,0.9195973652562972
DIHVIB,RAWYAS,0.9187136033648884
DIHVIB,IWEVAJ,0.9186444486869813
DIHVIB,YAGHUM,0.907972962425721
DIHVIB,EXOGAB,0.907558183256428
DIHVIB,HOYQIX,0.8872317097407268
DIHVIB,USEVOF,0.885063881489665
DIHVIB,WANJIF,0.8848250432438804
DIHVIB,IPUPOA,0.8847041171718739
DIHVIB,ADONEP,0.8843633764837964
DIHVIB,EXAXAE,0.8817891006340636
DIHVIB,ANUGOG,0.8778945578329971
DIHVIB,NEMCOA,0.8742206751447626
DIHVIB,CEKHUY,0.873654777959974
DIHVIB,HIDTUM,0.8728719204783203
DIHVIB,XICKOL,0.8604642108551224
CEKHUY,ORAWAH,0.927981438128296
CEKHUY,RAWYAS,0.9225803881673228
CEKHUY,IWEVAJ,0.918876459378809
CEKHUY,LASYOU,0.9147315741104992
CEKHUY,EXOGAB,0.884201031694319
CEKHUY,QIZLOC,0.8777506310200861
CEKHUY,DOTSOV02,0.8751076840017618
CEKHUY,DOTSOV15,0.8748521886342294
CEKHUY,DOTSOV11,0.8748490709214441
CEKHUY,EBAMUS,0.8744520816855328
CEKHUY,XAMDUM05,0.8742682795002749
CEKHUY,XAMDUM03,0.8741546836824535
CEKHUY,LUDLIH,0.8740950813397171
CEKHUY,RILFEA,0.8740244299738925
CEKHUY,XAMDUM01,0.8740230626883381
CEKHUY,UXISUR,0.8739889450417557
CEKHUY,YOZMIL,0.873865105135501
CEKHUY,ANUGIA,0.8738553081632485
CEKHUY,TISPAO,0.8719864891414864
CEKHUY,IPUPOA,0.8657436039433184
CEKHUY,HOYQIX,0.8605205341582383
CEKHUY,IPUPIU,0.860030875907038
GACVIS,TONBUU,0.9999874310705644
XUCHOS01,XUCHOS02,0.9999037192241526
XUCHOS01,SOQRUM,0.9990223580518988
XUCHOS01,SEQSUE,0.887248052620399
XUCHOS01,EZOFEF,0.8850531154532761
XUCHOS01,PUNYON,0.8850407327852532
XUCHOS01,VEMSUC,0.8813509232911958
XUCHOS01,XUJQAV,0.8812425936762475
XUCHOS01,NUNNUH,0.8802561640804579
XUCHOS01,XUJPEY,0.8796354703848888
XUCHOS01,XUJPIC,0.8786740711376273
YOGKOW,QUQFEO,0.8635704997230442
YOGKOW,VEHJUP,0.8611524714162404
UVAHIK,WIZMAV10,0.9999962586554716
UVAHIK,WIZMAV07,0.9999962236902706
UVAHIK,WIZMAV05,0.9999952024999832
UVAHIK,ERANAO,0.9922954134965668
UVAHIK,HERHAQ,0.9557594685271616
UVAHIK,GERBEN,0.9552864225718194
UVAHIK,HERHEU,0.954343689727848
UVAHIK,BUNLAZ,0.9490807205660924
UVAHIK,UFOSEQ,0.9470033449749684
UVAHIK,RUBTAK03,0.947002494875637
UVAHIK,OFOJAX,0.930692136780818
UVAHIK,ESEBOV,0.8930445186220439
UVAHIK,UNEJEE,0.8927404518574784
UVAHIK,WUPTUY01,0.8633005282250867
CIFSES,FOSTIS,0.9999976053854828
CIFSES,UNIDAY,0.9999862587150998
CIFSES,NEDLOZ,0.999660019632101
CIFSES,FAHQEM,0.9563051490575896
CIFSES,FAHQIQ,0.955147092929678
CIFSES,IFIPEV,0.9535721121338192
CIFSES,GALJAG,0.9513506683911648
CIFSES,VIFPUY02,0.9031548550833182
CIFSES,VIFPUY,0.9031395904931871
CIFSES,VIFPUY03,0.9031365821826272
HUTZAX01,HUVGEM,0.9422419155650044
HUTZAX01,VEGMOK04,0.908168576720846
HUTZAX01,REDROI,0.9080675122026866
HUTZAX01,ORIBAU,0.907879014245086
HUTZAX01,MIBQAR12,0.9059781807808828
NIKZAJ01,CAJHUS01,0.9999897103436756
NIKZAJ01,CAJHUS,0.999944373858734
NIKZAJ01,VICBEQ,0.9985929459438893
NIKZAJ01,XACLOF,0.9966789781974672
NIKZAJ01,PESTAL,0.9964947088805766
VICBEQ,NUDPAE07,0.9999468687387932
VICBEQ,NIHBAI01,0.9987746888133447
VICBEQ,IZAKAX,0.9981548273780496
VICBEQ,CAJHUS,0.9979817004081776
NOCKOG,JETZAK,0.9442498561082848
NOCKOG,UYEBOR,0.8253419040155486
AZAVUU,BAZGAM,0.9000374424084934
AZAVUU,ICAREL,0.8996190104477002
AZAVUU,NAFSOF,0.8980812753003267
AZAVUU,BAZFUF,0.8970087758026656
AZAVUU,QOWRAV11,0.8886934435008738
AZAVUU,QOWRAV08,0.8886749672539382
AZAVUU,QOWRAV05,0.8885998254709289
AZAVUU,QOWRAV04,0.888589020366888
AZAVUU,QOWRAV02,0.8885827145942461
AZAVUU,IPUPOA,0.8789737367067824
AZAVUU,LAYXAN,0.8774546666890134
AZAVUU,HOYQIX,0.8772451767087216
AZAVUU,IPUPIU,0.8769482742884427
AZAVUU,ANUGOG,0.8692800553124095
YAVYAW02,YAVYAW01,0.9998914207003446
NIHDEQ,UGEPEB,0.9998875910293404
NIHDEQ,BAHGUN04,0.999772263005658
NIHDEQ,BAHGUN03,0.9997463163009626
NIHDEQ,QERZUI,0.999738495527204
NIHDEQ,UFUMUD,0.9997370097828864
NIHDEQ,BAHGUN,0.999710881886696
NIHDEQ,BAHGUN01,0.999704660773446
NIHDEQ,UFUMUD01,0.9995818302231148
NIHDEQ,UFUNAK,0.999085606538164
NIHDEQ,POFDIZ,0.999013214347267
NIHDEQ,NELCEN,0.9949520900007498
NIHDEQ,POFFEX,0.9942976520836712
NIHDEQ,JALPAQ,0.8787237493036985
MEQPEG,REYCUV,0.9037758750165106
KEDQAN,UWAGAB04,0.999675381571654
RAGREY,PEKZIP,0.9999838331583368
RAGREY,FUFVEJ,0.9998333806748148
RAGREY,ASUKEE01,0.9992178392747824
RAGREY,FITSAD,0.9989861692608364
RAGREY,OJOQAF02,0.9954396559970344
RAGREY,OJOQAF,0.9951041242204406
MAQDUD01,OXEWUL,0.874120318459759
QOWRAV08,QOWRAV11,0.9999999920764436
QOWRAV08,QOWRAV05,0.9999998696113162
QOWRAV08,ICAREL,0.9910139774501382
QOWRAV08,KIJRUS,0.9863958045466648
QOWRAV08,ANUGIA,0.9603264515392362
QOWRAV08,LAYXAN,0.9529228340027036
QOWRAV08,IPUPIU,0.9446157684850804
QOWRAV08,HOYQIX,0.9442270370356391
QOWRAV08,CEFNIN,0.911421329294563
QOWRAV08,EXOGAB,0.9075387865479142
QOWRAV08,ENIHUG,0.8678164011333828
NIKHAS,PIWLAL,0.9041321667032992
NIKHAS,VEGMOK04,0.8869839097213295
NIKHAS,REDROI,0.8868148637674051
NIKHAS,IFABIA02,0.8865163823560632
NIKHAS,PEVQIS,0.8841282864396026
NIKHAS,MIBQAR12,0.8841208729664942
MIMVEJ,XALXIS01,0.9941178852253548
POJTOY01,POJTOY,0.9999949019909856
POJTOY01,POJTUE,0.999971082954153
POJTOY01,EFEGOM,0.9999631297625516
POJTOY01,SETQUF,0.999945485479104
POJTOY01,SADMUH,0.9999250049046208
POJTOY01,SETRAM,0.9998939361591832
POJTOY01,SETQIT,0.9998422152839952
POJTOY01,SETQAL,0.99981364984261
POJTOY01,XADCOW,0.9997318925369654
POJTOY01,KUXREC,0.9984750260358172
POJTOY01,XUDSIY,0.99308681164145
POJTOY01,REZXOK,0.8847264973950951
OJOQAF01,OJOQAF,0.9999884911158888
OJOQAF01,OJOQAF02,0.9999022389749368
OJOQAF01,FITSAD,0.9984157225617164
OJOQAF01,ASUKEE01,0.998267815502055
OJOQAF01,LIRVAK,0.996894932100014
OJOQAF01,FUFVEJ,0.9968563306350232
OJOQAF01,HAJPEQ,0.8617480866790381
VIYHUI,ASUKEE,0.9999765271826128
LURRIA,OGEBAF01,0.9240983590850732
LURRIA,YAGHUM,0.9122817636709194
LURRIA,ANUGOG,0.8819955036721253
LURRIA,ANUGIA,0.8813192119656423
LURRIA,QIYDAF01,0.8804442236017002
LURRIA,FAGQAI,0.8799840515366647
LURRIA,KIJRUS,0.8688138649319013
LURRIA,ICAREL,0.8663154675279586
LURRIA,QOWRAV11,0.8608019948997427
LURRIA,QOWRAV02,0.8607214794827535
XAMDUM01,RILFEA,0.9999999906918924
XAMDUM01,UXISUR,0.999999917623252
XAMDUM01,XAMDUM03,0.9999988645693942
XAMDUM01,XAMDUM05,0.9999960321585616
XAMDUM01,DOTSOV10,0.9999507125449136
XAMDUM01,DOTSOV14,0.9999506690496774
XAMDUM01,DOTSOV12,0.9999503061044944
XAMDUM01,EBAMUS,0.9998332782595692
XAMDUM01,TISPAO,0.999786538597886
XAMDUM01,DOTSOV07,0.9996199702212244
XAMDUM01,YOZNUY,0.998378760332752
XAMDUM01,NEHZOS,0.9964280549543284
XAMDUM01,QIZLOC,0.99404765423609
XAMDUM01,DALSOA,0.9329930184092567
XAMDUM01,ORAWAH,0.9321519264352358
XAMDUM01,BABREE,0.9321254327435344
XAMDUM01,EXOYAS,0.9197158033621398
XAMDUM01,RAWYAS,0.9189181578867732
XAMDUM01,IWEVAJ,0.9186919963769834
XAMDUM01,YAGHUM,0.9078691843074838
XAMDUM01,EXOGAB,0.9077010999046522
XAMDUM01,PIDRAY,0.8999241186168403
XAMDUM01,IPUPIU,0.8870936476499969
XAMDUM01,USEVOF,0.8850347160920353
XAMDUM01,IPUPOA,0.8849883598283131
XAMDUM01,ADONEP,0.8844771876560673
XAMDUM01,EXAXAE,0.8821099302658443
XAMDUM01,ANUGOG,0.8779343973198971
XAMDUM01,XICKOL,0.860607418975407
KOLPIL,JOSTIU,0.8426663846286386
KOLPIL,CECVOW,0.9947342085798904
BAHGUN01,BAHGUN,0.9999996646884012
BAHGUN01,HAWZEM,0.9999994531573582
BAHGUN01,UFUMUD02,0.9999983266848752
BAHGUN01,UFUMUD01,0.999989299173768
BAHGUN01,BAHGUN02,0.9999361318467485
BAHGUN01,QERZUI01,0.999927879334844
BAHGUN01,UGEPEB01,0.9998341146784204
BAHGUN01,UFUNAK,0.999828663366764
BAHGUN01,UFUMUD,0.9997923015765
BAHGUN01,POFDIZ,0.9997453710334612
BAHGUN01,POFDEV,0.9993005970024376
BAHGUN01,VOJPUG01,0.9988301973475282
BAHGUN01,NELCEN,0.9970894835302672
BAHGUN01,POFFEX,0.9965874265219716
BAHGUN01,JALPAQ,0.8792463778451087
BAHGUN01,XICKOL,0.8778518882128987
BAHGUN01,NAPSUV,0.8667650828388496
GAFREN,LACFUS,0.9999889357859916
GAFREN,XILBAW,0.9999973447392608
GAFREN,YICREI,0.999699873611602
KAKCEH01,KAKCEH02,0.9999995632817206
DOTSOV11,DOTSOV15,0.9999999992144026
DOTSOV11,DOTSOV14,0.9999999885696048
DOTSOV11,DOTSOV12,0.9999999863055168
DOTSOV11,XAMDUM05,0.9999749820756968
DOTSOV11,LUDLIH,0.999956668234066
DOTSOV11,RILFEA,0.9999512874230044
DOTSOV11,UXISUR,0.99994725436299
DOTSOV11,YOZMIL,0.9999318617585438
DOTSOV11,NEHZOS,0.997212610719444
DOTSOV11,QIZLOC,0.9950703814416156
DOTSOV11,YOZMUX,0.9872942317912602
DOTSOV11,LASYOU,0.9461153590578424
DOTSOV11,BABREE,0.9324928830369972
DOTSOV11,ORAWAH,0.931693305209252
DOTSOV11,RAWYAS,0.9193464130016104
DOTSOV11,IWEVAJ,0.9187165615892612
DOTSOV11,EXOGAB,0.9079787068852296
DOTSOV11,YAGHUM,0.9075482192802578
DOTSOV11,PIDRAY,0.9011420095031268
DOTSOV11,XEDMEB,0.8849344409016168
DOTSOV11,USEVOF,0.8848949133478331
DOTSOV11,EXAXAE,0.8828210447120053
DOTSOV11,ANUGOG,0.8779621963353096
DOTSOV11,ANUGIA,0.8771483954283391
DOTSOV11,HIDTUM,0.8741778705779077
DOTSOV11,XICKOL,0.860886442955452
XIHSAJ,VEFLUP,0.999943453836906
XIHSAJ,TONBOO,0.9992350138104862
XIHSAJ,COXFOL,0.8623066221584951
XIHSAJ,WIMWEW,0.8616079474227095
XIHSAJ,XUZRIU,0.8615709024272428
XIHSAJ,HABZEQ,0.8615188524884905
XIHSAJ,FILYAC,0.8609645872337723
XIHSAJ,XEVSIB01,0.8603574712103668
LOMQOV,CUZBUW,0.9999987241854074
LAYXAN,ANUGOG,0.9831383314845568
LAYXAN,ANUGIA,0.9786870155374492
LAYXAN,NAFSOF,0.9743404899903017
LAYXAN,BAZGAM,0.9730466211276948
LAYXAN,ICAREL,0.971607553106136
LAYXAN,IPUPIU,0.9670732353238528
LAYXAN,BAZFUF,0.9655466124122112
LAYXAN,QOWRAV05,0.9528193100653384
LAYXAN,QOWRAV04,0.9528044253610556
LAYXAN,QOWRAV02,0.952795747856277
LAYXAN,EXOGAB,0.9453311111871154
LAYXAN,ENIHUG,0.884172644097969
LAYXAN,NAPSUV,0.8814330042394483
LAYXAN,JALPAQ,0.8725937307398324
LAYXAN,XICKOL,0.8703541212718281
LAYXAN,HIDTUM,0.865922120797812
LAYXAN,NEMCOA,0.8656877851688551
LAYXAN,SEMNIJ,0.8656064804760788
VOJPUG01,AHEMEG,0.9999476844013462
VOJPUG01,POFDEV,0.9999358298286294
VOJPUG01,POFFEX,0.9993452147953352
VOJPUG01,UFUMUD01,0.9990424876565572
VOJPUG01,UFUMUD02,0.9989152929026625
VOJPUG01,QERZUI,0.9987650286010143
VOJPUG01,BAHGUN02,0.9986456556503251
VOJPUG01,UGEPEB,0.9973039383472808
VOJPUG01,JALPAQ,0.878514409935454
VOJPUG01,NAPSUV,0.8701170232685345
QUQFEO,REGREC,0.9329486918809936
QUQFEO,ULISOZ,0.9327904394565776
QUQFEO,VEHJUP,0.9318387335401016
QUQFEO,APACAX,0.8817558039990754
QUQFEO,DOYHOQ,0.8807362328289624
QUQFEO,NUFBOH,0.8798986903687276
QUQFEO,NASROR,0.8796923236480784
QUQFEO,JAYXAL,0.8677011656633506
QUQFEO,NUCPIM,0.8664074380990862
ODIXAC,NOZZOT,0.9999995462715984
ODIXAC,ODIXIK,0.9995637777288116
ODIXAC,VAKLIF,0.9054562365505068
ODIXAC,FALGIK,0.8632382944196852
EKEXOI,FIXLAC,0.999937197802999
BOWDUO,YODRAM,0.9999999993835385
BOWDUO,AHETAK,0.9999998260327088
BOWDUO,BOWDOI,0.9999965762000742
BOWDUO,BIPXIK,0.9999964998121104
BOWDUO,VEDFAN,0.9999957631885446
BOWDUO,VEDFOB,0.9999840097265064
BOWDUO,ABAVOP,0.999972987639506
BOWDUO,EXUXEC,0.9999633548261148
BOWDUO,CIJBEE,0.999951545696406
BOWDUO,KEJWAY,0.9997976657440376
BOWDUO,TATSIS01,0.9993757597435474
BOWDUO,TATSIS,0.9993018297830004
BOWDUO,ABAVUV,0.9985843203619854
BOWDUO,YIGGEB,0.9974825770324484
BOWDUO,ERUNUC,0.9232191935825452
BOWDUO,DIDBOJ,0.9229823148950176
BOWDUO,DIDBEZ,0.9228900161551732
BOWDUO,DIDBID,0.9228129928041396
BOWDUO,BAKJOO,0.8790571502198362
BOWDUO,BAKJEE,0.8787667341797313
BOWDUO,BAKJII,0.878121916819325
BOWDUO,ESEQUO,0.8739477328565054
BOWDUO,YATDOP,0.8599500147622551
ABAVUV,OJOBAS,0.9992448804232332
ABAVUV,CIJBEE,0.9990556261473734
ABAVUV,ABAVOP,0.9989456265257064
ABAVUV,VEDFOB,0.998839471662646
ABAVUV,VEDFAN,0.9987283824296797
ABAVUV,BOWDOI,0.9986924710332036
ABAVUV,YODRAM,0.9985824692983098
ABAVUV,BIPXIK,0.9984402546191518
ABAVUV,KEJWAY,0.9973157405472722
ABAVUV,ABAVIJ,0.9968944119405332
ABAVUV,TATSIS01,0.9962756724346586
ABAVUV,TATSIS,0.995914992511588
ABAVUV,DIDBID,0.921779372499692
ABAVUV,DIDBOJ,0.9216128135795216
ABAVUV,BAKJII,0.8792793276878492
ABAVUV,BAKJEE,0.8790740901317222
ABAVUV,BAKJOO,0.8787923897459814
ABAVUV,BUKLOJ,0.8785756029182138
ABAVUV,TIDNIF,0.875475608458422
ABAVUV,YATDOP,0.859945345723166
DOTSOV34,DOTSOV33,0.9999999988398368
QOWRAV04,QOWRAV05,0.999999997311566
QOWRAV04,BAZFUF,0.9971142269999038
QOWRAV04,ICAREL,0.990936230091157
QOWRAV04,KIJRUS,0.9863090106122016
QOWRAV04,NAFSOF,0.978769968322172
QOWRAV04,ANUGIA,0.9602844122659868
QOWRAV04,ANUGOG,0.956796095730366
QOWRAV04,IPUPIU,0.9445677928517744
QOWRAV04,HOYQIX,0.944176402106754
QOWRAV04,ORAWAH,0.8811244616362102
QOWRAV04,SEMNIJ,0.8658277790449187
QOWRAV04,LASYOU,0.8629299350596499
DADTOS,DADTOS04,0.9999999866742098
DADTOS,DADTOS01,0.99999996977636
DADTOS,DADTOS05,0.9999999378856784
DADTOS,DADTOS09,0.9999999140678346
DADTOS,DADTOS06,0.9999998119602924
DADTOS,DADTOS12,0.9999998048227756
DADTOS,YANWOC01,0.999999635114882
DADTOS,YANWOC02,0.9999992443883146
DADTOS,DADTOS14,0.9999932225188995
DADTOS,DADTOS15,0.999974928423686
DADTOS,REZJIR02,0.9999718393584176
DADTOS,YUKTUU,0.9999705446264464
DADTOS,REZJIR03,0.9999664378204576
DADTOS,REZJIR,0.999954325513118
DADTOS,PADJOU01,0.9999417623235928
DADTOS,LIJWOR03,0.9999222873933024
DADTOS,DADTOS17,0.999920872765202
DADTOS,LIJWOR02,0.999910546308661
DADTOS,MNFORD03,0.9998820818180318
TONBOO,VEFLUP,0.999173278617208
TONBOO,BUKLOJ,0.8841063367859976
TONBOO,ESEQUO,0.8805274948801957
TONBOO,DAFHEZ,0.8623133179144906
TONBOO,HABZEQ,0.8608790662105651
TONBOO,FILYAC,0.8600478869426729
KIYZID,KIYZID02,0.9999988558498228
KIYZID,PTRPHT02,0.9063173480793728
VOYWUB,VIDXOX,0.8625834302546043
OCAKUB,VUQKAU01,0.9998387544929372
OCAKUB,VUQJUN01,0.9989786577906596
OCAKUB,XUDSUK,0.9471651115557792
OCAKUB,UKIQIP,0.9327728528917432
OCAKUB,DADLEC,0.9208336170379428
OCAKUB,XIHXET,0.8845313284480444
OCAKUB,GURXIB,0.8791430023404327
OCAKUB,MIQCUL,0.8650356116798755
OCAKUB,ENISUQ,0.864320326510095
JIYTAP,SEQWOC,0.9039571830225857
VACFOV01,VIFPUY02,0.9999969047524916
VACFOV01,VIFPUY05,0.9999967719677768
VACFOV01,VIFPUY,0.9999964772959664
VACFOV01,VIFPUY03,0.9999964361196888
VACFOV01,LOQLEJ,0.9999963064471415
VACFOV01,GALJAG,0.94721072039352
VACFOV01,IFIPEV,0.9469514622484332
VACFOV01,FAHQEM,0.9438037219845016
VACFOV01,NEDLOZ,0.9056058259668488
VACFOV01,CIFSIW,0.9045235999248132
VACFOV01,FOSTIS,0.9032894756239817
VACFOV01,UNIDAY,0.9031140602953872
VACFOV01,YAMXOC,0.8747968145321754
VACFOV01,CUFFOZ,0.8747959347443481
VACFOV01,CUFFUF,0.874790560921863
VACFOV01,CUFDUD,0.873946814133133
VACFOV01,PEYVEV,0.8603445003755701
VASYEW,BAKJOO,0.8902712131369434
VASYEW,BAKJEE,0.889041712267292
VASYEW,ABAYOU,0.8872792427879502
VASYEW,PUNYED,0.887214467670293
VASYEW,XAPSIS,0.8787934950460636
VASYEW,CIPLIX,0.8769562604892618
VASYEW,JEDVUM,0.8768352140473712
VASYEW,FEVDER,0.8699954765037535
VASYEW,DIBQEM,0.8664807961470753
VASYEW,AXINAX01,0.8639266418634598
VASYEW,FILYEG,0.8611426502155547
VASYEW,DAFHEZ,0.8597935439245814
OJOQAF02,OJOQAF03,0.9998841362067848
OJOQAF02,OJOQAF,0.9999494629803952
OJOQAF02,FITSAD,0.9986648446662684
OJOQAF02,ASUKEE01,0.998428434328379
OJOQAF02,XIQZIH,0.997714995096604
OJOQAF02,LIRVAK,0.9970639431551374
OJOQAF02,FUFVEJ,0.9969910669568448
YOZNUY,TISPAO,0.9993410622738782
YOZNUY,UXISUR,0.9984004491500102
YOZNUY,RILFEA,0.9983777533397032
YOZNUY,XAMDUM05,0.9982146902824064
YOZNUY,EBAMUS,0.9978460317983736
YOZNUY,DOTSOV15,0.9977654325231754
YOZNUY,DOTSOV12,0.9977626564435418
YOZNUY,DOTSOV16,0.9977626520164176
YOZNUY,DOTSOV02,0.9959081510785912
YOZNUY,YOZNOS,0.9931888034617798
YOZNUY,YOZMUX,0.9901290721738828
YOZNUY,NEHZOS,0.9900421288180996
YOZNUY,QIZLOC,0.9863062571041542
YOZNUY,LASYOU,0.9469900466070496
YOZNUY,ORAWAH,0.9328930494043836
YOZNUY,DALSOA,0.9310153704380274
YOZNUY,IWEVAJ,0.916619746637749
YOZNUY,PIDRAY,0.891082913882019
YOZNUY,IPUPIU,0.8866237514090355
YOZNUY,USEVOF,0.883936606140782
YOZNUY,WANJIF,0.8826642513420309
YOZNUY,XEDMEB,0.8815782878649956
YOZNUY,IPUPOA,0.8795269262325793
YOZNUY,ANUGOG,0.8758725323519096
YOZNUY,NEMCOA,0.8682915044128925
YOZNUY,HIDTUM,0.8662004947923612
AJAKON,RUGYOJ,0.9998538963626172
AJAKON,VAKLIF,0.9065453922503935
AJAKON,RUXWEM03,0.8650715970782196
RUBTAK03,UFOSEQ,0.9999999991420752
RUBTAK03,WIZMAV10,0.9469425714494336
RUBTAK03,WIZMAV07,0.9469422745938868
RUBTAK03,WIZMAV,0.9469408845539236
RUBTAK03,WIZMAV05,0.9469340762276862
RUBTAK03,OFOJAX,0.9096906513940952
RUBTAK03,GERBEN,0.9059054645562516
RUBTAK03,WUPTUY01,0.9049443590034078
RUBTAK03,HERHEU,0.9046219682744168
RUBTAK03,GAYXEM,0.903131398399533
RUBTAK03,BUNLAZ,0.8982155440486862
RUBTAK03,BUNKUS,0.8974642042263179
RUBTAK03,UNEJEE,0.8749064782432829
RUBTAK03,BOHWUS,0.8725081700347977
JOPGOM,JOPGIG,0.9999820657889752
BUKLOJ,ESEQUO,0.99540377597966
BUKLOJ,WEMKEG,0.9456742249494262
BUKLOJ,DERBIO,0.9436659280952148
BUKLOJ,XUBKOU,0.9153390415434582
BUKLOJ,USAYOE,0.9081249306584712
BUKLOJ,GEPBEK,0.907372565309808
BUKLOJ,VEFMAW,0.90646516934614
BUKLOJ,WUHMUJ,0.9049011938712233
BUKLOJ,DIBQIQ,0.9041984443387407
BUKLOJ,DIBQEM,0.9035093769188608
BUKLOJ,NIGPEA,0.9009822497599734
BUKLOJ,DIBQOW,0.8996792487385958
BUKLOJ,HELDOT,0.898482435464911
BUKLOJ,XUDVAV,0.8867019107639202
BUKLOJ,YIGGEB,0.8850273006780034
BUKLOJ,TATSIS,0.8847891055823286
BUKLOJ,KEJWAY,0.8842391449864913
BUKLOJ,EXUXEC,0.8836970170963335
BUKLOJ,AHETAK,0.8832515896172055
BUKLOJ,YODRAM,0.8832182096021366
BUKLOJ,BOWDOI,0.883086021871115
BUKLOJ,VEDFAN,0.8830425884587276
BUKLOJ,OJOBAS,0.882238980716843
BUKLOJ,CAXZOS,0.8763848186208908
BUKLOJ,DIDBOJ,0.8756556376074802
BUKLOJ,PUNYED,0.8748625711237596
BUKLOJ,ABAYOU,0.8747655879859909
BUKLOJ,XAPSIS,0.869680378547422
BUKLOJ,CAQJOW,0.8692730503398676
BUKLOJ,CIPLIX,0.8682037743287351
BUKLOJ,JEDVUM,0.8681052386932016
BUKLOJ,HALVEY,0.8674811675793435
BUKLOJ,CAQKAJ01,0.8651057989029419
BUKLOJ,HABZEQ,0.8636094118139651
BUKLOJ,CIKPEU,0.8608394009054642
DOTSOV17,DOTSOV18,0.9999999985076448
GEVXIQ,FEQXAB,0.9996641306224082
NOLRIR,DELGIN,0.955219699154914
NOLRIR,FALGIK,0.9211019415762148
NOLRIR,SITDAD,0.920312259968901
NOLRIR,DUWBEE,0.9142664621797884
NOLRIR,KETHEY,0.8930288644008646
NOLRIR,CEHKUW,0.8788126213339185
NOLRIR,YEYRAY,0.876491384593306
NOLRIR,VAKLIF,0.8733334527590829
NOLRIR,YICRAF,0.8704486218715318
ZASJAG,KETHEY,0.8793541395970033
ZASJAG,ROCZEQ,0.8599099391580747
DOTSOV16,DOTSOV10,0.9999999991325484
DOTSOV16,XAMDUM05,0.9999744037736016
DOTSOV16,XAMDUM03,0.9999641585378274
DOTSOV16,LUDLIH,0.9999559265141178
DOTSOV16,RILFEA,0.9999504815872268
DOTSOV16,UXISUR,0.9999464159690488
DOTSOV16,EBAMUS,0.9998457380668668
DOTSOV16,DOTSOV07,0.9997409056694718
DOTSOV16,ORAWAH,0.9316891305621116
DOTSOV16,IWEVAJ,0.9187164075894226
DOTSOV16,PIDRAY,0.9011516307505072
DOTSOV16,WANJIF,0.8849301369806917
DOTSOV16,USEVOF,0.8848933585532043
DOTSOV16,ANUGIA,0.8771451098606161
DOTSOV16,HIDTUM,0.8741849164820663
JAYXAL,NUCPIM,0.9220393703331587
JAYXAL,NUFBOH,0.9049240427152778
JAYXAL,APACAX,0.8851121920990794
LASMUP,SOWCOY01,0.9964687779858422
LASMUP,VEHJUP,0.8607360862778201
LASMUP,ULISOZ,0.8595673555771198
JUQSIZ,POKZOG,0.9998861520598908
JUQSIZ,WUHMOD,0.9970856213865776
JUQSIZ,PIQQEN,0.9607626790764654
JUQSIZ,REFWIL,0.958085419931196
JUQSIZ,FOKWOT,0.9421394931556694
JUQSIZ,TULLIX,0.9357838446831942
JUQSIZ,VAKLIF,0.904283862174278
JUQSIZ,REXYAX,0.8787193360183381
JUQSIZ,RUXWEM03,0.864931802883899
JUQSIZ,FALGIK,0.8622235914749838
IGUTUB,AVAQIX,0.9221781709407204
IGUTUB,FALGIK,0.9210126327665948
IGUTUB,ROCZEQ,0.9202308216579232
IGUTUB,KETHEY,0.9093547725019584
IGUTUB,VAKLIF,0.8755935058439404
IGUTUB,EYULAM,0.8617655573363249
IGUTUB,VOQBUZ,0.8601017986748142
SEQWOC,FOFDAH,0.9138441828800752
SEQWOC,QAMVEH,0.9564345359997246
SEQWOC,RUYVAK,0.8650248957221174
ENIHUG,HOYQIX,0.9163188190921888
ENIHUG,IPUPOA,0.9108508253823532
ENIHUG,EXOGAB,0.8902885311293127
ENIHUG,BAZFUF,0.8697228754147015
ENIHUG,QOWRAV05,0.8677841700893693
ENIHUG,ORAWAH,0.8677156210292518
ENIHUG,ICAREL,0.8672529740489516
ENIHUG,KIJRUS,0.863647356596287
DADTOS11,DADTOS01,0.9999999995276724
DADTOS11,DADTOS05,0.9999999905695238
DADTOS11,DADTOS02,0.9999996175602576
DADTOS11,YANWOC02,0.9999989568396768
DADTOS11,DADTOS13,0.9999979869201924
DADTOS11,DADTOS15,0.999973382027013
DADTOS11,YUKTUU,0.9999688704104254
DADTOS11,REZJIR03,0.999964655928079
DADTOS11,VIRJEM,0.999952866309606
DADTOS11,PADJOU01,0.9999394260591756
DADTOS11,PADJOU,0.9999348082866644
DADTOS11,LIJWOR03,0.9999195852112868
DADTOS11,DADTOS17,0.9999181436463364
DADTOS11,LIJWOR,0.9999029852331972
DADTOS11,MNFORD03,0.9998787559471192
ORAWAH,LASYOU,0.9840945002707056
ORAWAH,ANUGIA,0.9363754931411166
ORAWAH,ANUGOG,0.9352235812138286
ORAWAH,TISPAO,0.9327955694941826
ORAWAH,YOZMIL,0.9322238168400132
ORAWAH,UXISUR,0.9321677186241992
ORAWAH,RILFEA,0.9321511884944808
ORAWAH,LUDLIH,0.9321161479853888
ORAWAH,EBAMUS,0.9317182333709214
ORAWAH,DOTSOV10,0.931691269879686
ORAWAH,DOTSOV07,0.9310524208011732
ORAWAH,DOTSOV02,0.9300483502534924
ORAWAH,YOZNOS,0.9261309938281704
ORAWAH,YOZMUX,0.9228718504244188
ORAWAH,QIZLOC,0.9217290915177376
ORAWAH,HOYQIX,0.918927695252438
ORAWAH,BAZFUF,0.8829111190822809
ORAWAH,QOWRAV11,0.8811677929953055
ORAWAH,ICAREL,0.8803198869759672
ORAWAH,KIJRUS,0.8766806960021345
ORAWAH,DALSOA,0.873859620874527
ORAWAH,NAFSOF,0.8724341427082536
ORAWAH,BABREE,0.871510260923881
ORAWAH,IWEVAJ,0.8612203854727855
ORAWAH,RAWYAS,0.8597813640807833
JEDDII,EKEKEL,0.9102309129650208
JEDDII,PEVQIS,0.8971973033156596
JEDDII,LAWFOF,0.8971894302625707
JEDDII,MIBQAR12,0.8971892606849302
JEDDII,IFABIA02,0.8964147066780073
JEDDII,VEGMOK04,0.8956435809164706
JEDDII,ORIBAU,0.8926543831265088
JEDDII,PIWLAL,0.8812434513556442
QOZSIJ,KEPKUO,0.9111588529026052
UVASAM,DARYIF,0.8959597033617104
KULMIP,IPIJAT,0.8718864755388153
KULMIP,HAZNED,0.8635693800172208
KULMIP,HAZNON,0.8631546941004694
QICXUY,SIKYER,0.8973270250545651
QICXUY,EHAZES,0.8958942489881343
QICXUY,WECSAZ,0.8952441245211229
GERBEN,HERHAQ,0.999937517790973
GERBEN,HERHEU,0.9998569339616366
GERBEN,GAYXEM,0.9994612851400372
GERBEN,ERARUM,0.9554749392297156
GERBEN,WIZMAV05,0.9554299610941946
GERBEN,WIZMAV10,0.9554136709789456
GERBEN,ERANAO,0.9535151928863344
GERBEN,BUNKUS,0.913561395298001
GERBEN,OFOJAX,0.8972670654626315
GERBEN,ESEBOV,0.8600321740666347
YOZMIL,UXISUR,0.999998889932488
YOZMIL,RILFEA,0.9999982522962096
YOZMIL,LUDLIH,0.9999954837098924
YOZMIL,XAMDUM05,0.999989401027442
YOZMIL,DOTSOV15,0.999931398719823
YOZMIL,DOTSOV12,0.999930975719158
YOZMIL,EBAMUS,0.9998270017211652
YOZMIL,TISPAO,0.9998215759903144
YOZMIL,NEHZOS,0.996276906234156
YOZMIL,QIZLOC,0.9938559564689736
YOZMIL,LASYOU,0.9465922168293996
YOZMIL,DALSOA,0.9329803147014016
YOZMIL,BABREE,0.9320490155547804
YOZMIL,EXOYAS,0.9196655802537886
YOZMIL,RAWYAS,0.9188308327842458
YOZMIL,YAGHUM,0.907916328850331
YOZMIL,PIDRAY,0.8996953680497528
YOZMIL,IPUPIU,0.8871278637855452
YOZMIL,USEVOF,0.8850493186464785
YOZMIL,IPUPOA,0.8848663441007059
YOZMIL,XEDMEB,0.8846693598379994
YOZMIL,ADONEP,0.884440298411048
YOZMIL,EXAXAE,0.8819719832399502
YOZMIL,ANUGOG,0.8779189301259004
YOZMIL,ANUGIA,0.8775512467800001
YOZMIL,NEMCOA,0.874415830943066
YOZMIL,HIDTUM,0.8730998028202639
YOZMIL,XICKOL,0.8605468922367705
POFDEV,POFDIZ,0.9998083402873648
POFDEV,UFUNAK,0.999791975073667
POFDEV,UFUMUD01,0.9994612141788912
POFDEV,UFUMUD02,0.9993667576450678
POFDEV,HAWZEM,0.9993254099180716
POFDEV,QERZUI,0.9992525166547228
POFDEV,BAHGUN03,0.9992402921907227
POFDEV,BAHGUN04,0.9991921441722912
POFDEV,BAHGUN02,0.999170594180204
POFDEV,NELCEN,0.9991460266667996
POFDEV,UFUMUD,0.9988674918236724
POFDEV,UGEPEB01,0.9986189116782715
POFDEV,XICKOL,0.8790907445651297
POFDEV,NAPSUV,0.8695084346584938
UFOSEQ,WIZMAV10,0.9469435347335023
UFOSEQ,WIZMAV07,0.9469432384055334
UFOSEQ,WIZMAV05,0.9469350544973156
UFOSEQ,ERARUM,0.9469105710691216
UFOSEQ,WUPTUY01,0.904947714219027
UFOSEQ,GAYXEM,0.9031355664606476
UFOSEQ,BUNLAZ,0.8982213516860673
UFOSEQ,BUNKUS,0.8974702208161933
UFOSEQ,UNEJEE,0.8749097069281497
UFOSEQ,BOHWUS,0.8725110861327705
BAZFUF,ICAREL,0.9982612394278952
BAZFUF,QOWRAV02,0.9971109887182592
BAZFUF,BAZGAM,0.9956539762096313
BAZFUF,KIJRUS,0.9948659287526812
BAZFUF,NAFSOF,0.9914034362396889
BAZFUF,ANUGIA,0.9629038723154228
BAZFUF,HOYQIX,0.947924428277596
BAZFUF,IPUPOA,0.9434875187100704
BAZFUF,FISGOF,0.9073122670458306
BAZFUF,LASYOU,0.8650856103908393
BAZFUF,NAPSUV,0.8606741745633577
ERANAO,WIZMAV05,0.9926722793282576
ERANAO,WIZMAV,0.9926374127162014
ERANAO,WIZMAV10,0.9926286941857082
ERANAO,BUNKUS,0.9564326014926834
ERANAO,BUNLAZ,0.9564313342383078
ERANAO,GAYXEM,0.9554826264194408
ERANAO,HERHEU,0.954647697376208
ERANAO,HERHAQ,0.9526016741986864
ERANAO,OFOJAX,0.9383556400371152
ERANAO,WUPTUY01,0.8631270117455419
AYOZIZ,IBEYEU,0.952970085802236
AYOZIZ,AFOVIB,0.944460897861026
AYOZIZ,AFUDUD,0.939875222271663
AYOZIZ,KEZLIN,0.9351429054025338
AYOZIZ,ATIKAP,0.9049092470320488
AYOZIZ,ADEGIA,0.9048205439949882
AYOZIZ,HOGQIF,0.8622913614005563
YANWOC02,DADTOS13,0.999999841849178
YANWOC02,DADTOS02,0.99999983760192
YANWOC02,DADTOS01,0.9999989119857556
YANWOC02,DADTOS05,0.9999987490618696
YANWOC02,DADTOS09,0.9999986488869984
YANWOC02,DADTOS12,0.999998281302854
YANWOC02,YANWOC01,0.9999978303711776
YANWOC02,DADTOS14,0.9999969925877388
YANWOC02,REZJIR02,0.9999803049104216
YANWOC02,YUKTUU,0.999979221140256
YANWOC02,REZJIR03,0.9999757181946431
YANWOC02,LIJWOR03,0.9999368251717224
YANWOC02,DADTOS17,0.9999355797266436
YANWOC02,LIJWOR02,0.9999261719707246
YANWOC02,LIJWOR,0.9999218322627286
VIFPUY03,VIFPUY05,0.999999991669784
VIFPUY03,VIFPUY,0.9999999910543056
VIFPUY03,VIFPUY02,0.9999999834487728
VIFPUY03,LOQLEJ,0.9999999425600292
VIFPUY03,FAHQEM,0.9435808756352432
VIFPUY03,FAHQIQ,0.9357714870835888
VIFPUY03,CIFSIW,0.9042908347472712
VIFPUY03,CIFSAO,0.9033108776839988
VIFPUY03,FOSTOY,0.9025926609609554
VIFPUY03,CUFFEP,0.8747404671423056
VIFPUY03,CUFFIT,0.8747100584011811
VIFPUY03,FEYDET,0.8745592818901988
VIFPUY03,CUFDUD,0.8738210343510667
BETZOR,HIYZEV01,0.8847934170213655
QUSBIQ,VAKLIF,0.9991732678420248
REDROI,ORIBAU,0.9989415349689564
REDROI,PEVQIS,0.9988172057609696
REDROI,MIBQAR12,0.998812030652581
REDROI,LAWFOF,0.9987530674146524
REDROI,PIWLAL,0.9465740262875416
REDROI,ODODIW,0.9082138830665388
REDROI,BOLPAU,0.9081574911113676
REDROI,VIKBUP,0.9081007228717152
REDROI,UKOLOV,0.887178770768668
REDROI,EKEKEL,0.8862050222065958
REDROI,NAWXER,0.8857499021188409
REDROI,DARYIF,0.884958682088037
REDROI,ZARLIP,0.8770826574064137
REDROI,MEWPIQ,0.8764525065724997
REDROI,ULISOZ,0.8749931347385904
REDROI,PEGCIP,0.8686455246317153
REDROI,KAHMOW,0.8670707314353903
REDROI,XEGXIT,0.8670622278673575
REDROI,SAVMAE,0.8628411240012229
REDROI,HUVGEM,0.8606509890616257
BAHGUN,BAHGUN03,0.9999987902049616
BAHGUN,BAHGUN04,0.9999963398283124
BAHGUN,UFUMUD01,0.9999879604904828
BAHGUN,QERZUI01,0.999933179326755
BAHGUN,ECODIK,0.9998821180268662
BAHGUN,UGEPEB01,0.9998448971378244
BAHGUN,UFUNAK,0.9998220854945062
BAHGUN,UFUMUD,0.999808413495927
BAHGUN,POFDIZ,0.9997507073086032
BAHGUN,UGEPEB,0.9995906819431476
BAHGUN,AHEMEG,0.9989049094526612
BAHGUN,POFFEX,0.9965621057540526
BAHGUN,XICKOL,0.8778347462440242
BAHGUN,NAPSUV,0.8667354320666871
FAZPIH,NERVIP01,0.9996781452264836
FAZPIH,LUWZUZ01,0.8841084002397313
FAZPIH,LUWZUZ02,0.8840431159061055
ABAVIJ,TATSIS01,0.9999004299011196
ABAVIJ,KEJWAY,0.999706924236577
ABAVIJ,TATSIS,0.9996448880919806
ABAVIJ,YODRAM,0.9994522840543484
ABAVIJ,BOWDOI,0.999442056569342
ABAVIJ,VEDFAN,0.9994079221951266
ABAVIJ,VEDFOB,0.9993869609259748
ABAVIJ,YIGGEB,0.9984896660039724
ABAVIJ,CAXZOS,0.9233308189075338
ABAVIJ,DIDBID,0.9229579264745094
ABAVIJ,FEVDER,0.8789365028642206
ABAVIJ,BAKJOO,0.8780421907983549
ABAVIJ,ESEQUO,0.8777977982559674
ABAVIJ,BAKJEE,0.877530855885359
ABAVIJ,BAKJII,0.876520993800165
ABAVIJ,XALMOO,0.8599843390136832
POKZOG,WUHMOD,0.997654974126291
POKZOG,PIQQEN,0.9613062104618726
POKZOG,FOKWOT,0.9423032231552732
POKZOG,VAKLIF,0.905003342474614
POKZOG,RUXWEM03,0.8650968408332258
POKZOG,FALGIK,0.8628610032154408
QONKUB,FUSWIA,0.9998690304820692
QONKUB,PASGAU,0.9997789040123086
QONKUB,DEGJIK,0.9995216378640208
QONKUB,PEBNER,0.9994519074411016
QONKUB,JAVNIE,0.998998871028993
QONKUB,BUZKUE,0.9989949950847584
BIYTOU,WEYQAU16,0.8841252465467108
BIYTOU,WEYQAU01,0.883412689047957
BIYTOU,ABAYIO,0.882737567545322
DIBQEM,DIBQIQ,0.9826033472488492
DIBQEM,DIBQOW,0.9742793412566846
DIBQEM,MIHJUL,0.9729700419527414
DIBQEM,HELDOT,0.9722720748335276
DIBQEM,ESEQUO,0.9064941229276064
DIBQEM,AGAFAS,0.8751661464864029
DIBQEM,DIDBID,0.8716877743005661
DIBQEM,NIDFOX,0.8709852825853347
DIBQEM,FEXCAO01,0.8707400860448031
CUFDUD,FEYDET,0.99981337532383
CUFDUD,CUFFUF,0.9996763687059088
CUFDUD,CUFFOZ,0.9996696117372128
CUFDUD,YAMXOC,0.999668504635174
CUFDUD,CUFFEP,0.9996674020983524
CUFDUD,PEYVEV,0.9920250205312006
CUFDUD,XINTOG,0.9271509268974044
CUFDUD,VIFPUY02,0.8738298422183588
CUFDUD,VIFPUY05,0.8738272863734401
CUFDUD,VIFPUY,0.8738222547580891
CUFDUD,LOQLEJ,0.8738204826373797
UFIRUX,UFIYIR,0.9997720767083564
UFIRUX,KEDWOI,0.9997546020637575
UFIRUX,GOCTID,0.9991319258506984
RIYXIG,RAFRUL,0.9962597741590068
QOWRAV05,QOWRAV02,0.9999999932645832
QOWRAV05,QOWRAV11,0.999999797402902
QOWRAV05,ICAREL,0.9909460102320736
QOWRAV05,KIJRUS,0.9863199163455612
QOWRAV05,NAFSOF,0.9787847511899757
QOWRAV05,ANUGIA,0.960289709319728
QOWRAV05,ANUGOG,0.9568041518631408
QOWRAV05,IPUPIU,0.9445738352229862
QOWRAV05,HOYQIX,0.9441827783610308
QOWRAV05,CEFNIN,0.9113830618240808
QOWRAV05,EXOGAB,0.9074703013907792
OGEBAF01,FAGQAI,0.9550147541366454
OGEBAF01,QIYDAF01,0.9549720567513116
OGEBAF01,QIYDIN,0.9523719445339482
OGEBAF01,YAGHUM,0.9373751769485882
OGEBAF01,SEMNIJ,0.9256938483288102
OGEBAF01,FISGOF,0.9197919950584804
OGEBAF01,NEHZOS,0.8610795511365348
OGEBAF01,QIZLOC,0.8604561196364485
UFIKIG,VAGVAC,0.8692744036025826
UFIKIG,POJTUE,0.8692249617620695
UFIKIG,EFEGOM,0.8692139717377021
UFIKIG,SETQOZ,0.8691964865550368
UFIKIG,SETQUF,0.8691918421068451
UFIKIG,SADMUH,0.8691669904978643
UFIKIG,SETRAM,0.8691303913316523
UFIKIG,SETQIT,0.8690707470485104
UFIKIG,SETQAL,0.8690384530573343
UFIKIG,YAXBOP,0.8690366044012309
UFIKIG,XADCOW,0.8689475293004842
UFIKIG,KUXREC,0.8678801629381642
UFIKIG,YAXBUV02,0.8663019534507697
UFIKIG,XUDSIY,0.8626420152829022
XADCOW,YAXBOP,0.999992917675596
XADCOW,SETQAL,0.9999925626336053
XADCOW,SETQIT,0.9999854426798296
XADCOW,SADMUH,0.9999404584352574
XADCOW,SETQUF,0.9999191149169646
XADCOW,SETQOZ,0.999914388938556
XADCOW,EFEGOM,0.9998937928420972
XADCOW,POJTUE,0.999877336663692
XADCOW,POJTOY,0.999652936116058
XADCOW,KUXREC,0.996932552722138
XADCOW,YAXBUV02,0.99473935946237
XADCOW,YAXCAC,0.9945686685734614
XADCOW,XUDSIY,0.9901249054657344
XADCOW,REZXOK,0.8838465278346682
DOLPIF,OPENUT,0.9999548067888344
DADTOS06,DADTOS12,0.9999999999333496
DADTOS06,DADTOS05,0.9999999659936752
DADTOS06,DADTOS01,0.9999999325110768
DADTOS06,DADTOS04,0.9999998987419968
DADTOS06,DADTOS02,0.999999190125738
DADTOS06,DADTOS13,0.9999971088255092
DADTOS06,DADTOS14,0.999990776741756
DADTOS06,REZJIR02,0.999967049497112
DADTOS06,YUKTUU,0.9999656499403078
DADTOS06,REZJIR03,0.999961236335946
DADTOS06,VIRJEM,0.9999489217874544
DADTOS06,PADJOU01,0.9999349806398096
DADTOS06,PADJOU,0.9999310201657
DADTOS06,LIJWOR03,0.9999144624963068
DADTOS06,DADTOS17,0.9999129708794866
DADTOS06,LIJWOR02,0.9999021748638992
DADTOS06,LIJWOR,0.9998974114317128
DADTOS06,MNFORD03,0.9998724789214382
MIBQAR12,PEVQIS,0.9999998975366936
MIBQAR12,LAWFOF,0.9999992820071788
MIBQAR12,IFABIA02,0.998965644092742
MIBQAR12,VEGMOK04,0.9984996770027044
MIBQAR12,ORIBAU,0.9955377528299324
MIBQAR12,BOLPAU,0.9068206222057515
MIBQAR12,QEDZEG,0.8911179061014135
MIBQAR12,UKOLOV,0.8852542620139814
MIBQAR12,NAWXER,0.8818705420037346
MIBQAR12,REGREC,0.8731480530189408
MIBQAR12,XAFFAN,0.872858117203118
MIBQAR12,MEWPIQ,0.8726152623528985
MIBQAR12,AXOCEW,0.869191608132499
MIBQAR12,SAVMAE,0.8642372296256289
MIBQAR12,XEGWIS,0.8627019801506686
MIBQAR12,KAHMOW,0.8626863232578827
MIBQAR12,XEGXIT,0.8626716166480223
MIBQAR12,XEGWAK,0.8626594721476802
QAQSAD,VEGMOK04,0.8848893811588636
QAQSAD,IFABIA02,0.8844682245890536
QAQSAD,MIBQAR01,0.8822621223046029
JOVYAW,REGREC,0.9080665570612184
JOVYAW,ZARLIP,0.8857020014968111
JOVYAW,UFAMEW,0.8612744933842137
FUFVEJ,LIRVAK,0.9999964233094788
FUFVEJ,ASUKEE01,0.999763061860692
FUFVEJ,PEKZIP,0.9997134469205208
FUFVEJ,FITSAD,0.9996010320941542
FUFVEJ,CUPHUS,0.9995790602680056
FUFVEJ,OJOQAF,0.9967352703983008
FUFVEJ,HAJPEQ,0.8598278608208277
VOGTER,QIWPET,0.8716760755264801
IPIJAT,HAZNED,0.8720686747806821
ICAREL,UMUBEL,0.8440587818728841
ICAREL,BAZGAM,0.9991808262337476
ICAREL,QOWRAV11,0.991030693579524
ICAREL,QOWRAV02,0.9909305275555068
ICAREL,ANUGIA,0.960958255299268
ICAREL,IPUPOA,0.9473406890805532
ICAREL,HOYQIX,0.9468567816692228
ICAREL,FISGOF,0.90812467735894
ICAREL,SEMNIJ,0.8687521685845742
UKOLOV,IFABIA02,0.8869547342580568
UKOLOV,ORIBAU,0.8868290928181481
UKOLOV,PEVQIS,0.8852596890088068
UKOLOV,LAWFOF,0.8851770893736621
UKOLOV,XAFFAN,0.86526875919726
LODZOU,HIBSUG02,0.8410864160894357
CIZQUZ,QOBGEV,0.9991175230618274
CIZQUZ,NATFAS,0.999977405537791
CIZQUZ,FABFOF,0.994515074896956
CIZQUZ,WOBHOL,0.8681732184009248
CIZQUZ,WOBHIF03,0.8681450740551916
CIZQUZ,SAVMAE,0.8640297216793529
NIFNOI,OFERUN,0.9999999280067814
NIFNOI,TUDJEI,0.9999972835990452
NIFNOI,SEFVEG,0.9999455816260544
NIFNOI,SEFVEG02,0.999945116269732
NIFNOI,NIFQOL,0.9999427391187848
NIFNOI,NIFQIF,0.9999190930592122
DOTSOV12,DOTSOV15,0.9999999887353688
DOTSOV12,DOTSOV10,0.9999999887299842
DOTSOV12,XAMDUM05,0.9999744184315148
DOTSOV12,XAMDUM03,0.9999641504140928
DOTSOV12,LUDLIH,0.9999562135333864
DOTSOV12,UXISUR,0.9999464044527152
DOTSOV12,YOZNOS,0.9912078463026944
DOTSOV12,YOZMUX,0.987308207103577
DOTSOV12,BABREE,0.9324954687109028
DOTSOV12,IWEVAJ,0.918723928187254
DOTSOV12,EXOGAB,0.9079808089860198
DOTSOV12,YAGHUM,0.9075451713558228
DOTSOV12,HOYQIX,0.8869711307897896
DOTSOV12,IPUPOA,0.885615135319088
DOTSOV12,WANJIF,0.8849325982676587
DOTSOV12,EXAXAE,0.8828264754662946
DOTSOV12,ANUGOG,0.8779620062516051
DOTSOV12,NEMCOA,0.8753337535475894
QOWRAV11,QOWRAV02,0.9999997167871724
QOWRAV11,KIJRUS,0.9864144538572466
QOWRAV11,NAFSOF,0.97891287422319
QOWRAV11,ANUGIA,0.9603354692995094
QOWRAV11,IPUPIU,0.9446260660219824
QOWRAV11,CEFNIN,0.9114307025144656
QOWRAV11,FISGOF,0.90124649187992
QOWRAV11,LASYOU,0.8629766835876554
XADWIK02,XADWIK01,0.9999707644249312
XADWIK02,XOMCIN,0.9058603360447544
XADWIK02,LIDSEY,0.9043226377561682
XADWIK02,LIDSAU,0.9032626173063778
XADWIK02,JAMSEY,0.9027533410268818
AVULAF,AVUKUY,0.999999195084524
TATSIS01,EXUXEC,0.999626540766118
TATSIS01,BIPXIK,0.9994563963218214
TATSIS01,AHETAK,0.9993953360130804
TATSIS01,YODRAM,0.999376934587334
TATSIS01,BOWDOI,0.9993297371691564
TATSIS01,CIJBEE,0.99903453720844
TATSIS01,CAXZOS,0.923125739521546
TATSIS01,ERUNUC,0.9219818543416848
TATSIS01,ESEQUO,0.8785539874025409
TATSIS01,BAKJOO,0.8777456495186807
TATSIS01,TIDNIF,0.8774393482404935
TATSIS01,BAKJEE,0.8771208400284944
TATSIS01,BAKJII,0.8759572732560179
TATSIS01,XALMOO,0.8600787010772641
MIBQAR01,LATFUI,0.9999999918656078
MIBQAR01,LAWFOF,0.9999999630112362
MIBQAR01,PEVQIS,0.999999411025941
MIBQAR01,ORIBAU,0.9954482472467884
MIBQAR01,PIWLAL,0.943586504723588
MIBQAR01,BOLPAU,0.9067736391763588
MIBQAR01,ODODIW,0.906607252606804
MIBQAR01,VIKBUP,0.9060370256072576
MIBQAR01,QEDZEG,0.8910123236112965
MIBQAR01,EKEKEL,0.8872939365645127
MIBQAR01,DARYIF,0.8842644952128178
MIBQAR01,ULISOZ,0.8736452684652737
MIBQAR01,REGREC,0.8730900624247244
MIBQAR01,AXOCEW,0.8691792801053264
MIBQAR01,SAVMAE,0.8642407569550322
MIBQAR01,XEGWIS,0.8625936637079435
MIBQAR01,KAHMOW,0.8625778792264645
MIBQAR01,XEGXIT,0.8625630549122749
MIBQAR01,XEGWAK,0.8625508637693575
DOYHOQ,APACAX,0.9518681407194848
DOYHOQ,NUCPIM,0.9065563431212602
DOYHOQ,VEHJUP,0.8779638841367525
DOYHOQ,ULISOZ,0.8776057272398243
DOYHOQ,REGREC,0.8772964034822037
MUZHUL,NATFAS,0.9968550346132604
MUZHUL,WOBHOL,0.8726320057700414
MIQCUL,VUQJUN01,0.8646841649433897
MIQCUL,VUQKAU01,0.8646351059460269
DOTSOV33,DOTSOV01,0.9999999974739002
RUBTAK09,RUBTAK07,0.9999999967411628
HERHAQ,HERHEU,0.9996076438993609
HERHAQ,WIZMAV07,0.955856676719972
HERHAQ,WIZMAV10,0.9558562430539824
HERHAQ,BUNLAZ,0.9130793901779026
HERHAQ,BUNKUS,0.9126215227685908
ODOXEK,MITSIS,0.999997668283242
ODOXEK,YEYRAY,0.9998129733570688
ODOXEK,SITDAD,0.9471899582200982
ODOXEK,DUWBEE,0.9468224556190036
ODOXEK,LIQFEY,0.9077417265125776
ODOXEK,MICJOA,0.9074101889982068
ODOXEK,IJEYEC,0.8906660633535197
ODOXEK,VAKLIF,0.8749992534901925
ODOXEK,FIPKOG01,0.8609426359259666
LOQLEJ,VIFPUY05,0.9999999329046998
LOQLEJ,VIFPUY02,0.9999999240363312
LOQLEJ,GALJAG,0.9472134801271342
LOQLEJ,IFIPEV,0.9468864931720302
LOQLEJ,FAHQEM,0.9435801825961788
LOQLEJ,FAHQIQ,0.9357698062470232
LOQLEJ,NEDLOZ,0.9054080319675052
LOQLEJ,CIFSIW,0.9042899019003552
LOQLEJ,FOSTIS,0.903021542662692
LOQLEJ,YAMXOC,0.8747392287859964
LOQLEJ,CUFFOZ,0.8747381505167455
LOQLEJ,CUFFUF,0.8747320691417998
LOQLEJ,CUFFIT,0.8747097427919439
LOQLEJ,FEYDET,0.874560004304936
LOQLEJ,PEYVEV,0.8599035095963704
WECSAZ01,WECSAZ,0.9998812485615546
WECSAZ01,SIKYER,0.9983334626816494
WECSAZ01,WOJYOL,0.8850856616868144
WECSAZ01,WOJZIG,0.8826464602171201
WECSAZ01,LUCDAO,0.8813413044385316
WECSAZ01,SENXER,0.8709900358420055
WECSAZ01,SENXAN,0.8673615662160814
WECSAZ01,LIXMEM,0.8605739641558227
WECSAZ01,KAHWOG,0.8603368931410146
EKUNON,ULOGIL,0.999877616826456
EKUNON,YIHZIA02,0.8909326849250933
EKUNON,JUYJIY,0.881713993090907
EKUNON,FIVRUA,0.8646364748147368
EKUNON,MALWUU,0.8634250878354812
EKUNON,VAKLIF,0.8617198138954077
EKUNON,LUWKIZ,0.8616182216002203
FILYAC,COXFOL,0.9993742177408156
FILYAC,DAFHEZ,0.9993232807897546
FILYAC,XADDUD,0.9992419105408684
FILYAC,FILYEG,0.9983045650446992
FILYAC,XAPSIS,0.8968824192710514
FILYAC,PUNYED,0.8909958181542519
FILYAC,ABAYOU,0.8902988364483553
FILYAC,VEFLUP,0.860111514363944
ERUNUC,DIDBOJ,0.99940513320169
ERUNUC,DIDBID,0.999356950991986
ERUNUC,YATDOP,0.9254551315506768
ERUNUC,XALMOO,0.9248247502620702
ERUNUC,OJOBAS,0.9233928466016896
ERUNUC,CIJBEE,0.9233590453381394
ERUNUC,VEDFAN,0.9232686493811016
ERUNUC,BIPXIK,0.9231647154987854
ERUNUC,EXUXEC,0.9230190397504956
ERUNUC,KEJWAY,0.9226298513017452
ERUNUC,DERBIO,0.9225689874291724
ERUNUC,NIDFOX,0.9168203183996912
ERUNUC,BAKJEE,0.9094280030638174
ERUNUC,FEVDER,0.9090590396117708
ERUNUC,TIDNIF,0.9069620414398778
ERUNUC,DIBQIQ,0.8857103334199941
ERUNUC,NOMPIQ01,0.8853252283098068
ERUNUC,NIGPEA,0.8849376792211705
ERUNUC,MIHJUL,0.8841453362057912
ERUNUC,HELDOT,0.88396668629764
ERUNUC,LUWZUZ02,0.8803335662535374
ERUNUC,XEVXUT,0.8789566652873099
ERUNUC,NIGPAW,0.8742156096703715
ERUNUC,FEXCAO01,0.8687984677298713
ERUNUC,ESEQUO,0.8640358338529448
GURXUN01,PAQYAJ01,0.9143482629993008
GURXUN01,HIBSUG02,0.8837839296210828
GURXUN01,HIBSUG01,0.8836938931154593
GURXUN01,RUXWEM03,0.8784039787879097
GURXUN01,XASHAA,0.8634019266693846
AGAFAS,ABAYOU,0.9317749255479276
AGAFAS,XAPSIS,0.9301897526970172
AGAFAS,CIPLIX,0.9290864085255818
AGAFAS,JEDVUM,0.9290112106565762
AGAFAS,XUDVAV,0.9173018163027722
AGAFAS,FEVDER,0.8907218425035988
AGAFAS,TIDNIF,0.8881731368720401
AGAFAS,BAKJII,0.8876666894173535
AGAFAS,AXINAX01,0.8820210922971292
AGAFAS,NIGPAW,0.8779996104277654
AGAFAS,HELDOT,0.8767599775809509
LUYSOP,MOXDIN,0.9996982317174492
XUDSUK,MAHTAR,0.9999548775624268
XUDSUK,VUQJUN01,0.9456993910865942
XUDSUK,ENISUQ,0.9069715466707188
XUDSUK,IQOKIK,0.9053034667973404
XUDSUK,PUGHAC,0.896232269927836
XUDSUK,UKIQIP,0.8867993870988016
XUDSUK,DADLEC,0.8756056975246342
XUDSUK,ABAYIO,0.8743827690942314
XUDSUK,XIHXET,0.8684927231830118
XUDSUK,ROYMEZ,0.8643070152165166
DADTOS09,DADTOS05,0.9999999980709606
DADTOS09,YANWOC01,0.9999999031867264
DADTOS09,DADTOS02,0.9999994232449352
DADTOS09,DADTOS13,0.9999975668464698
DADTOS09,DADTOS14,0.999991610306054
DADTOS09,DADTOS15,0.9999719069901368
DADTOS09,REZJIR02,0.9999686426710508
DADTOS09,YUKTUU,0.9999672770299388
DADTOS09,VIRJEM,0.9999509101735196
DADTOS09,PADJOU,0.9999329390277472
DADTOS09,LIJWOR03,0.9999170395825449
DADTOS09,LIJWOR02,0.9999049294354448
DADTOS09,LIJWOR,0.9999002153295832
DADTOS09,MNFORD03,0.9998756317140616
LAWFOF,ORIBAU,0.995424349376249
LAWFOF,PIWLAL,0.9435651524673576
LAWFOF,BOLPAU,0.9067589140604392
LAWFOF,ODODIW,0.9065928697125936
LAWFOF,VIKBUP,0.9060203238537012
LAWFOF,QEDZEG,0.8909841561293592
LAWFOF,EKEKEL,0.887293104878436
LAWFOF,NAWXER,0.8817462040978088
LAWFOF,VEHJUP,0.8746891645473811
LAWFOF,ZARLIP,0.8737647580927547
LAWFOF,ULISOZ,0.8736321627795182
LAWFOF,REGREC,0.8730745471959552
LAWFOF,XAFFAN,0.8727369342601852
LAWFOF,AXOCEW,0.8691756202947174
LAWFOF,SAVMAE,0.8642416120807428
LAWFOF,XEGWIS,0.8625647989240162
LAWFOF,XEGXIT,0.8625341248082463
YATTUK,LAVTAF,0.9901835879593786
YATTUK,OHIHOD,0.8968576971316707
YATTUK,XADDAJ,0.8864632476758583
YATTUK,WOJYUR,0.8838283184051478
YATTUK,QACTUJ,0.8749993514348496
WEYQAU01,GINHOD,0.9983711305384592
WEYQAU01,ABAYIO,0.9920811497266664
WEYQAU01,OFODET,0.9047777207184284
WEYQAU01,UKIQIP,0.8854981863983146
WEYQAU01,SOBDOF,0.8841038694834409
WEYQAU01,HIYZEV01,0.8836746296869814
WEYQAU01,DIJCOP,0.8724294650072237
WEYQAU01,MAHTAR,0.871577806461061
KOGCIT,GUXSOI,0.9990435626286368
NAWXER,ORIBAU,0.8872051223383426
NAWXER,PEVQIS,0.8818833428279685
XAFFAN,UWAGAB04,0.9998334119652244
XAFFAN,VIKBUP,0.9622756893032168
XAFFAN,IFABIA02,0.8761240092616018
XAFFAN,PEVQIS,0.8728662525594664
XUBKOU,ESEQUO,0.9033245729847048
XUBKOU,DERBIO,0.875646650612949
XUBKOU,MOXDOT,0.875372889597854
XUBKOU,WEMKEG,0.8748506875991411
OQEPEG,OCUNAE,0.8856271730945271
OQEPEG,OCUMOR,0.8832214663949184
DADLEC,VUQJUN01,0.9224219407061738
DADLEC,VUQKAU01,0.9199733784651656
DADLEC,MAHTAR,0.8761013992930379
DADLEC,UKIQIP,0.8652716096782047
MAGVOG30,MAGVOG31,0.9999999783927024
MAGVOG30,MAGVOG32,0.9999997396737048
MAGVOG30,ACAZEK,0.9970122625081808
BIPXIK,YODRAM,0.9999965913597936
BIPXIK,VEDFAN,0.9999848840970836
BIPXIK,ABAVOP,0.9999501636655208
BIPXIK,CIJBEE,0.9999221847973973
BIPXIK,OJOBAS,0.9998553122342076
BIPXIK,KEJWAY,0.9998473230358008
BIPXIK,TATSIS,0.9993967061201968
BIPXIK,YIGGEB,0.997666362008572
BIPXIK,DIDBOJ,0.9229767886370958
BIPXIK,DIDBEZ,0.9228672334384472
BIPXIK,FEVDER,0.8792570418647964
BIPXIK,BAKJOO,0.8789964103417254
BIPXIK,BAKJEE,0.8786775942869989
BIPXIK,XALMOO,0.8601991796597694
BIPXIK,YATDOP,0.8598763578000945
PEVQIS,VEGMOK04,0.9985039981626072
PEVQIS,BOLPAU,0.9068318932729376
PEVQIS,VIKBUP,0.9061046713026156
PEVQIS,QEDZEG,0.8911269131230279
PEVQIS,EKEKEL,0.8872965490149756
PEVQIS,ZARLIP,0.8738806631830895
PEVQIS,ULISOZ,0.8736981783113996
PEVQIS,PEGCIP,0.8657562003504142
PEVQIS,SAVMAE,0.8642365628554161
PEVQIS,KAHMOW,0.8626954757295181
PEVQIS,XEGXIT,0.8626807844650429
PEVQIS,XEGWAK,0.8626688763713963
QOBGEV,HERYOT,0.8471803015630074
NELCEN,AHEMEG,0.9995529424575972
NELCEN,UFUNAK,0.9983273446540972
NELCEN,HAWZEM,0.9971543769560128
NELCEN,QERZUI,0.996974358029619
NELCEN,BAHGUN04,0.9968563424071458
NELCEN,QERZUI01,0.9961264395026193
NELCEN,UFUMUD,0.996059412646395
NELCEN,ECODIK,0.9957783050338292
NELCEN,UGEPEB01,0.9956780559895984
NELCEN,NAPSUV,0.8711235229233809
LETVUB,OJOQAF03,0.9997288580546
JOPGUS,XAPSIS,0.999994914071778
XAMDUM05,LUDLIH,0.9999962045613768
XAMDUM05,RILFEA,0.9999960661261508
XAMDUM05,DOTSOV15,0.9999747009871804
XAMDUM05,DOTSOV14,0.999974678665864
XAMDUM05,EBAMUS,0.9998482776475874
XAMDUM05,TISPAO,0.9997243948076648
XAMDUM05,DOTSOV07,0.9996659657502338
XAMDUM05,DOTSOV02,0.9989544709595156
XAMDUM05,NEHZOS,0.9966613431257884
XAMDUM05,QIZLOC,0.9943491533305068
XAMDUM05,YOZNOS,0.9916307088117018
XAMDUM05,YOZMUX,0.9878185114030542
XAMDUM05,LASYOU,0.9464199022382054
XAMDUM05,DALSOA,0.9330067238639472
XAMDUM05,BABREE,0.9322400100270636
XAMDUM05,IWEVAJ,0.9187132126907636
XAMDUM05,EXOGAB,0.907790243181378
XAMDUM05,YAGHUM,0.907787690400158
XAMDUM05,PIDRAY,0.9002806487600454
XAMDUM05,HOYQIX,0.8871284910436816
XAMDUM05,IPUPIU,0.8870327038408675
XAMDUM05,IPUPOA,0.8851754230847714
XAMDUM05,USEVOF,0.885004837381837
XAMDUM05,WANJIF,0.8849041451135983
XAMDUM05,ADONEP,0.8845453271850632
XAMDUM05,EXAXAE,0.8823223326054206
XAMDUM05,ANUGOG,0.8779522635909933
XAMDUM05,ANUGIA,0.8774089201007499
XAMDUM05,HIDTUM,0.8735401879823272
XAMDUM05,XICKOL,0.8606968286166585
POFFEX,UFUNAK,0.997940721779586
POFFEX,UFUMUD01,0.9969553800218456
POFFEX,QERZUI,0.996463676675954
POFFEX,BAHGUN03,0.996433231764111
POFFEX,BAHGUN04,0.996335968855458
POFFEX,QERZUI01,0.9955536909649838
POFFEX,UFUMUD,0.9955062924274974
POFFEX,ECODIK,0.9951786410073428
POFFEX,UGEPEB,0.9940475716368592
POFFEX,XICKOL,0.8788697042902618
POFFEX,JALPAQ,0.8766095210706676
LIQFEY,CEHKUW,0.9082385541972636
LIQFEY,MITSIS,0.9076708227123116
LIQFEY,FUMJAA,0.90744995232857
LIQFEY,SITDAD,0.8648356391097943
LIQFEY,DUWBEE,0.8633621782853196
ADUWIH,NERVAJ,0.9395885657852734
NEHZOS,QIZLOC,0.9996826557643572
NEHZOS,DOTSOV07,0.9975110388143535
NEHZOS,DOTSOV14,0.9972159132176244
NEHZOS,DOTSOV10,0.997215562773818
NEHZOS,DOTSOV15,0.997215561251896
NEHZOS,EBAMUS,0.9968018833671116
NEHZOS,LUDLIH,0.9964935142922328
NEHZOS,RILFEA,0.9964295685146168
NEHZOS,UXISUR,0.9963957670106072
NEHZOS,TISPAO,0.994477873544575
NEHZOS,LASYOU,0.9398810513520705
NEHZOS,EXOYAS,0.9184316881862185
NEHZOS,IWEVAJ,0.9158042530634692
NEHZOS,EXOGAB,0.9069182567392796
NEHZOS,YAGHUM,0.9019845572028578
NEHZOS,IPUPOA,0.8871605690692527
NEHZOS,EXAXAE,0.8850487988764765
NEHZOS,HOYQIX,0.8822914480032887
NEHZOS,WANJIF,0.8821827482068376
NEHZOS,NEMCOA,0.8779623630211959
NEHZOS,JALPAQ,0.8611317034566779
NEHZOS,XICKOL,0.8598353809539065
NAFSOF,BAZGAM,0.9987726379021606
NAFSOF,ANUGOG,0.9582454266126724
NAFSOF,HOYQIX,0.940811021405527
NAFSOF,EXOGAB,0.9141178631868988
NAFSOF,FISGOF,0.9043669357138506
NAFSOF,SEMNIJ,0.8628360081828945
HERHEU,GAYXEM,0.9998670429726324
HERHEU,WIZMAV07,0.9545170880553228
HERHEU,BUNLAZ,0.915046341182408
HERHEU,OFOJAX,0.8983982037287364
UXISUR,RILFEA,0.9999999198007932
UXISUR,XAMDUM03,0.9999982217563016
UXISUR,LUDLIH,0.9999971482295064
UXISUR,DOTSOV15,0.9999468464790976
UXISUR,DOTSOV10,0.9999468462695936
UXISUR,DOTSOV14,0.9999467813269
UXISUR,EBAMUS,0.999828425344713
UXISUR,TISPAO,0.9997943511507786
UXISUR,DOTSOV07,0.9996103515563846
UXISUR,DOTSOV02,0.9988741300363284
UXISUR,QIZLOC,0.9940053891894762
UXISUR,YOZNOS,0.991781307256968
UXISUR,DALSOA,0.9329905095975656
UXISUR,IWEVAJ,0.9186818098811336
UXISUR,YAGHUM,0.9078796524724084
UXISUR,PIDRAY,0.8998751072602884
UXISUR,HOYQIX,0.8871823428934525
UXISUR,USEVOF,0.8850381753346116
UXISUR,ADONEP,0.8844642586770306
UXISUR,EXAXAE,0.8820804628103733
UXISUR,ANUGIA,0.8775104031266978
UXISUR,HIDTUM,0.8732355462951842
UXISUR,XICKOL,0.8605946658301096
REZJIR03,REZJIR02,0.999999676279534
REZJIR03,REZJIR,0.9999990685399204
REZJIR03,VIRJEM,0.999998996304708
REZJIR03,DADTOS17,0.9999901110869568
REZJIR03,DADTOS14,0.9999897446355271
REZJIR03,LIJWOR02,0.9999865682690214
REZJIR03,DADTOS13,0.9999794725902312
REZJIR03,MNFORD03,0.999974198666459
REZJIR03,DADTOS01,0.9999643974539074
REZJIR03,DADTOS05,0.999963494316598
REZJIR03,DADTOS12,0.9999611346187428
REZJIR02,VIRJEM,0.999998017387724
REZJIR02,PADJOU01,0.9999943752684434
REZJIR02,DADTOS14,0.9999926867605924
REZJIR02,LIJWOR03,0.9999876351483856
REZJIR02,DADTOS17,0.9999871038137074
REZJIR02,DADTOS13,0.9999836764344272
REZJIR02,PADJOU,0.9999775432043528
REZJIR02,DADTOS01,0.9999699641753136
REZJIR02,MNFORD03,0.9999691653183788
REZJIR02,YANWOC01,0.999965064227058
QIYDAF01,QIYDIN,0.9979908741283268
QIYDAF01,YAGHUM,0.8816904333931055
UFATEA01,ROGLOP,0.9999348471716742
UFATEA01,CAXZUY,0.9220826173148856
UFATEA01,TEVVOI,0.9168962258300938
UFATEA01,LIDSAU,0.8792872448867032
UFATEA01,XOMCIN,0.8789674478477321
XUCHOS02,SOQRUM,0.9983143915358216
XUCHOS02,VEMSUC,0.8824490139195451
XUCHOS02,XUJPEY,0.8809807985943343
VIFPUY02,VIFPUY05,0.9999999986025856
VIFPUY02,VIFPUY,0.9999999790690556
VIFPUY02,FAHQEM,0.9435963103183204
VIFPUY02,FAHQIQ,0.9357986776931548
VIFPUY02,NEDLOZ,0.9054226036411166
VIFPUY02,CIFSIW,0.9043069407160846
VIFPUY02,CIFSAO,0.903328851819851
VIFPUY02,UNIDAY,0.9028624903507074
VIFPUY02,FOSTOY,0.9026118852379188
VIFPUY02,CUFFEP,0.8747445945980803
VIFPUY02,YAMXOC,0.8747436623240389
VIFPUY02,CUFFOZ,0.8747426509607467
VIFPUY02,CUFFIT,0.8747144218717974
VIFPUY02,FEYDET,0.8745646322343654
REGJIW02,QATPUX01,0.99998220337207
XEGXIT,KAHMOW,0.999999991625281
XEGXIT,XEGWIS,0.9999999645429832
XEGXIT,XEGWAK,0.9999998633100876
XEGXIT,AXOCEW,0.9947700404720156
XEGXIT,ORIBAU,0.8690631331080619
XEGXIT,VEGMOK04,0.8674547187220107
XEGXIT,IFABIA02,0.8665201527449565
MOXDOT,DERBIO,0.9999066171540568
MOXDOT,AXINAX01,0.9564333049444372
MOXDOT,DIBQOW,0.9546005874715316
MOXDOT,NIGPAW,0.9462965531753896
MOXDOT,ESEQUO,0.9347298230138216
MOXDOT,XUDVAV,0.9274976852098512
MOXDOT,CAXZOS,0.9221205435061954
MOXDOT,DIDBOJ,0.922114795355742
MOXDOT,DIDBEZ,0.9220852506797816
MOXDOT,DIDBID,0.92200597133236
MOXDOT,NOMPIQ01,0.9028184145246768
MOXDOT,CIKPEU,0.9027541360242995
MOXDOT,HALVEY,0.8852795049108385
MOXDOT,CAQKAJ01,0.8851215086993154
MOXDOT,CAQJOW,0.8828055513829329
MOXDOT,LUWZUZ01,0.8758910880927906
MOXDOT,LUWZUZ02,0.8757111946559781
MOXDOT,VEFMAW,0.8650887459787241
MOXDOT,WUHMUJ,0.8649982046037661
XAPSIS,JEDVUM,0.9998966803543122
XAPSIS,PUNYED,0.9929867104598676
XAPSIS,ABAYOU,0.992230142645736
XAPSIS,COXFOL,0.8960089320619418
XAPSIS,DAFHEZ,0.8958549081994059
XAPSIS,XADDUD,0.8957518483154812
XAPSIS,ABIWOX,0.8788197921107957
XAPSIS,XUDVAV,0.877853660127786
XAPSIS,VOSSUT,0.8697972466595667
XAPSIS,BAKJII,0.8611386799028911
XAPSIS,QUSVOQ,0.8609998932197629
XAPSIS,BAKJOO,0.8609444003403474
ROLCEC06,ROLCEC03,0.9999604331981072
ROLCEC06,ROLCEC09,0.9999983917399567
ROLCEC06,ROLCEC11,0.9999982613104422
ROLCEC06,MACUFR06,0.9987597975073312
ROLCEC06,MACUFR04,0.99838544768725
ROLCEC06,OCUQIO02,0.9976860730664228
ROLCEC06,OCUQIO,0.9976716914692052
RUGXUO,ULISOZ,0.9330107663276654
RUGXUO,UFAMEW,0.8855367399234257
LIJWOR03,DADTOS17,0.9999997825603788
LIJWOR03,LIJWOR02,0.9999995481510564
LIJWOR03,LIJWOR,0.9999985035375494
LIJWOR03,PADJOU01,0.9999984878105594
LIJWOR03,MNFORD03,0.9999957547502304
LIJWOR03,REZJIR,0.999995739021832
LIJWOR03,VIRJEM,0.9999954671078024
LIJWOR03,YUKTUU,0.9999884482204672
LIJWOR03,DADTOS15,0.9999853721817248
LIJWOR03,PADJOU,0.9999761902696088
LIJWOR03,DADTOS13,0.99994298545288
LIJWOR03,DADTOS02,0.9999302779761828
LIJWOR03,DADTOS01,0.9999191952519656
LIJWOR03,YANWOC01,0.9999112754452362
RAWYAS,EXOYAS,0.9997749864518656
RAWYAS,NEMCOA,0.9228181768466802
RAWYAS,DOTSOV07,0.919371843963844
RAWYAS,DOTSOV10,0.9193479343287312
RAWYAS,DOTSOV15,0.9193479335409152
RAWYAS,EBAMUS,0.9190581834082584
RAWYAS,XAMDUM03,0.9189895435831272
RAWYAS,DOTSOV02,0.9189587239141416
RAWYAS,LUDLIH,0.9189544455068076
RAWYAS,TISPAO,0.917709336275278
RAWYAS,YOZNOS,0.9081683581988048
RAWYAS,YOZMUX,0.903810467592104
RAWYAS,LASYOU,0.8721183608808396
RAWYAS,BABREE,0.8637844089161897
RAWYAS,DALSOA,0.862920397106308
VEQBID,FAYXEJ02,0.8227141734287685
YOZMUX,YOZNOS,0.9996354016858372
YOZMUX,DOTSOV02,0.9910041826547996
YOZMUX,DOTSOV07,0.9894783445666464
YOZMUX,RILFEA,0.9879781090499165
YOZMUX,DOTSOV14,0.9873109469070354
YOZMUX,DOTSOV10,0.9872912793726958
YOZMUX,QIZLOC,0.9760502174184148
YOZMUX,DALSOA,0.9206122116625476
YOZMUX,EXOYAS,0.9058045709089994
YOZMUX,YAGHUM,0.8976543918935161
YOZMUX,EXOGAB,0.8937951215997131
YOZMUX,PIDRAY,0.8799839986318686
YOZMUX,ADONEP,0.8741649743956095
YOZMUX,USEVOF,0.8736089718967137
YOZMUX,XEDMEB,0.8709573821832182
YOZMUX,IPUPOA,0.8686825851090438
YOZMUX,ANUGIA,0.8674868893379145
YOZMUX,EXAXAE,0.8652594535468053
XACLOF,NUDPAE02,0.9996195092156356
XACLOF,NIHBEM01,0.9973213722004668
XACLOF,CAJHUS01,0.9970344812981202
XACLOF,IZAKAX,0.996022975559684
XACLOF,CAJHUS,0.9957711798405128
FALGIK,POSGEL,0.8470694894635115
FALGIK,VAKLIF,0.9471289047953751
FALGIK,DELGIN,0.9319882056176552
FALGIK,MUXVIM,0.8830410391360777
FALGIK,XOGWUN,0.8823587784727056
FALGIK,MINBEQ,0.875487606417124
FALGIK,YICRAF,0.8728104006802508
FALGIK,NOZZUZ,0.8651416097814194
FALGIK,WUHMOD,0.8651323454886721
FALGIK,RUGYOJ,0.864740079425268
FALGIK,YUYGOQ,0.8646644711839904
FALGIK,ODIXIK,0.8646262866604596
FALGIK,NOZZOT,0.8631791686383569
NIHBEM01,CAJHUS01,0.9999926510760236
NIHBEM01,PESTAL,0.9971412918687282
DIDBID,DIDBEZ,0.9999970355003316
DIDBID,DIDBOJ,0.9999695357495266
DIDBID,BOWDOI,0.9228770850940644
DIDBID,VEDFAN,0.9228565273888454
DIDBID,YODRAM,0.9228128948588176
DIDBID,AHETAK,0.9228111945692876
DIDBID,OJOBAS,0.9228052785599282
DIDBID,TATSIS,0.9219712959671
DIDBID,DERBIO,0.9218894192761846
DIDBID,YIGGEB,0.9198317555400712
DIDBID,NIDFOX,0.9178492337320732
DIDBID,TIDNIF,0.908876191787696
DIDBID,BAKJOO,0.9088416577894682
DIDBID,BAKJII,0.9080803753182194
DIDBID,CIKPEU,0.8852754241202176
DIDBID,AXINAX01,0.8851839034644686
DIDBID,DIBQIQ,0.8849460200940494
DIDBID,NIGPEA,0.8837888936115789
DIDBID,MIHJUL,0.8827954973170319
DIDBID,LUWZUZ01,0.8825845975230183
DIDBID,HELDOT,0.8825783281608022
DIDBID,LUWZUZ02,0.8824195480139453
DIDBID,NIGPAW,0.8754800100483785
DIDBID,XUDVAV,0.8601822650173343
ULISOZ,REGREC,0.9999522539456176
ULISOZ,VEHJUP,0.9996249314358718
ULISOZ,UFAMEW,0.9454573938186566
ULISOZ,HOGJIX,0.9024519974367564
ULISOZ,NUFBOH,0.8770809467138808
ULISOZ,NASROR,0.8769467027950719
ULISOZ,IFABIA02,0.8748395358319133
ULISOZ,ORIBAU,0.8740552630011948
LEPLAV,AHONEQ,0.998906031493375
VAGVAC,SETQOZ,0.9999265941984264
VAGVAC,SETQUF,0.9999220862359192
VAGVAC,SADMUH,0.9998979069128948
VAGVAC,SETRAM,0.999862167865728
VAGVAC,SETQIT,0.9998037198102006
VAGVAC,SETQAL,0.9997719992150907
VAGVAC,YAXBOP,0.9997701815296456
VAGVAC,KUXREC,0.9985859898415318
VAGVAC,YAXCAC,0.9968620871776148
VAGVAC,TOVJAR,0.9074455043710156
VAGVAC,REZXOK,0.8847787420194824
HOGJIX,VEHJUP,0.9050162429176808
HOGJIX,REGREC,0.9013598594638204
KEPNAX01,KENVOR01,0.8787291743153391
KEPNAX01,KENVIL,0.8787175095202111
KEPNAX01,KENVIL02,0.8787044674851807
ADEGIA,LARYIO,0.9984556765519356
ADEGIA,ATIKAP,0.9999994053274824
ADEGIA,ADEGIA01,0.9997800839381102
ADEGIA,AFOVIB,0.9445231993555516
ADEGIA,UMIZEX,0.8870871966243192
ADEGIA,AFUDUD,0.8862693165296038
ADEGIA,YICGUP,0.8836487704069829
ADEGIA,EBEXAM,0.8677904748236873
ADEGIA,EBEWOZ,0.867281488900259
ADEGIA,COKJIX,0.8599192441875543
DIBQOW,MIHJUL,0.9999828408252992
DIBQOW,HELDOT,0.9999601621046068
DIBQOW,NIGPEA,0.99994543651732
DIBQOW,AXINAX01,0.9982883620325838
DIBQOW,DERBIO,0.9553337152591884
DIBQOW,XUDVAV,0.9343645313042338
DIBQOW,NOMPIQ01,0.9122987217633464
DIBQOW,ESEQUO,0.8852197353459819
DIBQOW,CAXZOS,0.8822991519309408
DIBQOW,HALVEY,0.8743469225678575
DIBQOW,YATDOP,0.8710800697124429
DIBQOW,FEXCAO01,0.8703634520549028
DIBQOW,CAQJOW,0.8682504449252142
DIBQOW,XALMOO,0.8682407918612687
DIBQOW,WEMKEG,0.8622827715580847
PIDRAY,DOTSOV02,0.9019060410761586
PIDRAY,DOTSOV07,0.9017714312963188
PIDRAY,DOTSOV10,0.9011467029941214
PIDRAY,EBAMUS,0.9005807625670317
PIDRAY,XAMDUM03,0.90011535496308
PIDRAY,LUDLIH,0.9000247578504467
PIDRAY,RILFEA,0.8999264214358107
PIDRAY,TISPAO,0.8970746188266381
PIDRAY,YOZNOS,0.8852116389223799
DELGIN,RUXWEM03,0.9277249977635044
DELGIN,DUWBEE,0.9041306754069808
DELGIN,SITDAD,0.9033384175893274
DELGIN,VAKLIF,0.8867759505805475
DELGIN,YICRAF,0.864041287796896
DARYIF,IFABIA02,0.8850585353046138
DARYIF,VEGMOK04,0.8848338384512298
DARYIF,ORIBAU,0.8833450247352521
DARYIF,KEPKUO,0.8609670546933259
ANUGOG,ANUGIA,0.9992677845893256
ANUGOG,IPUPIU,0.987558448568548
ANUGOG,EXOGAB,0.9625887472865
ANUGOG,LASYOU,0.921575610879088
ANUGOG,FISGOF,0.9199242458958676
ANUGOG,XICKOL,0.8864403293129984
ANUGOG,SEMNIJ,0.8849321637965564
ANUGOG,JALPAQ,0.8843394275355392
ANUGOG,CEFNIN,0.8827557658354023
ANUGOG,NEMCOA,0.8781590323630847
ANUGOG,DOTSOV14,0.8779620863397516
ANUGOG,XAMDUM03,0.8779449314505128
ANUGOG,LUDLIH,0.8779381935357337
ANUGOG,EBAMUS,0.8778151989724549
ANUGOG,DOTSOV07,0.8776860524544343
ANUGOG,TISPAO,0.8775607658327772
ANUGOG,QIZLOC,0.8728220042781519
ANUGOG,YOZNOS,0.8692884595035724
ILAXOK,JALLOA,0.896003528731431
ADONEP,USEVOF,0.999122607091454
ADONEP,EXAXAE,0.9983721439968014
ADONEP,DOTSOV02,0.8849351515326708
ADONEP,EBAMUS,0.8848786992304853
ADONEP,DOTSOV14,0.8846787238726397
ADONEP,DOTSOV15,0.8846752090558531
ADONEP,DOTSOV10,0.8846752083363065
ADONEP,RILFEA,0.8844744117817918
ADONEP,QIZLOC,0.8813938018585676
ADONEP,YOZNOS,0.8777005978503081
NAOXAL09,NAOXAL06,0.9976488933483562
NAOXAL09,NAOXAL11,0.9999837500268066
DOTSOV04,DOTSOV23,0.999999999933448
NEQTIP,LOZSUQ,0.9962179827827669
NEQTIP,QACTUJ,0.8992549930132226
WANJIF,EBAMUS,0.8850690719876015
WANJIF,DOTSOV07,0.8850432364626131
WANJIF,DOTSOV14,0.8849325846314263
WANJIF,DOTSOV15,0.8849301178782454
WANJIF,DOTSOV10,0.8849301171484347
WANJIF,XAMDUM03,0.8848905789876733
WANJIF,DOTSOV02,0.8847070329388456
WANJIF,YOZNOS,0.8780838821544393
ABAYOU,CIPLIX,0.9904692239472302
ABAYOU,JEDVUM,0.99035292572641
ABAYOU,FILYEG,0.8950371673957841
ABAYOU,XADDUD,0.8940107177120155
ABAYOU,DAFHEZ,0.8938264673583382
ABAYOU,WIMWEW,0.8913011469897123
ABAYOU,XUDVAV,0.8872152298172273
ABAYOU,VOSSUT,0.8737558359020576
ABAYOU,ESEQUO,0.8718503244247633
FIVRUA,JUYJIY,0.9314125996748582
FIVRUA,ULOGIL,0.8656024427078501
FIVRUA,EKUNON02,0.8645215135733211
FIVRUA,IRELIC,0.859531151304616
QIYDIN,FAGQAI,0.997457609604466
QIYDIN,YAGHUM,0.8853965805767687
QIYDIN,SEMNIJ,0.8850777454518686
QIYDIN,FISGOF,0.8778211387211038
PADJOU,PADJOU01,0.9999825456009852
PADJOU,REZJIR,0.999982167536506
PADJOU,LIJWOR,0.9999787776343232
PADJOU,VIRJEM,0.9999782567046808
PADJOU,YUKTUU,0.9999775570179582
PADJOU,DADTOS15,0.999975833189034
PADJOU,DADTOS17,0.9999716466722144
PADJOU,DADTOS14,0.9999633496775424
PADJOU,DADTOS02,0.9999425299128312
PADJOU,DADTOS04,0.999935277506321
PADJOU,DADTOS01,0.9999345198114687
PADJOU,DADTOS05,0.9999335204574746
BAHGUN04,BAHGUN03,0.9999992439197628
BAHGUN04,UFUMUD02,0.9999889379393848
BAHGUN04,UFUMUD01,0.9999711500972666
BAHGUN04,BAHGUN02,0.9999503138074533
BAHGUN04,ECODIK,0.9999199487442266
BAHGUN04,UFUNAK,0.9997681550811632
BAHGUN04,POFDIZ,0.999696166816116
BAHGUN04,UGEPEB,0.9996524469463623
BAHGUN04,AHEMEG,0.9987759170097184
BAHGUN04,JALPAQ,0.8792129390642538
PIWLAL,ORIBAU,0.9471607277426408
PIWLAL,VEGMOK04,0.9467779349066252
PIWLAL,IFABIA02,0.9462183211076004
PIWLAL,QEDZEG,0.914262432786608
PIWLAL,PEGCIP,0.8853371699223174
DADTOS01,DADTOS04,0.99999999658552
DADTOS01,DADTOS12,0.9999999282085614
DADTOS01,YANWOC01,0.9999998148599568
DADTOS01,DADTOS14,0.999992287151305
DADTOS01,DADTOS15,0.9999731573331824
DADTOS01,VIRJEM,0.99995256744472
DADTOS01,REZJIR,0.9999519506458624
DADTOS01,DADTOS17,0.9999177499887038
DADTOS01,LIJWOR02,0.9999072349304888
DADTOS01,LIJWOR,0.999902560116782
XEVXUT,TIDNIF,0.9026041394988576
XEVXUT,BAKJOO,0.90245766259232
XEVXUT,BAKJEE,0.9011865106719332
XEVXUT,BAKJII,0.8990884225760531
XEVXUT,CAXZOS,0.8814985265115785
XEVXUT,DIDBOJ,0.8804529695795118
XEVXUT,DIDBEZ,0.8797653484137649
XEVXUT,FILYEG,0.8652076164147416
XEVXUT,XADDUD,0.8640161753239418
XEVXUT,DAFHEZ,0.8638101816556477
XEVXUT,COXFOL,0.8625050286981863
BOWDOI,VEDFAN,0.9999994922578668
BOWDOI,YODRAM,0.9999965094749692
BOWDOI,VEDFOB,0.9999951083933024
BOWDOI,ABAVOP,0.999986165537376
BOWDOI,EXUXEC,0.9999439379530216
BOWDOI,TATSIS,0.9992259359658864
BOWDOI,YIGGEB,0.9973322159587644
BOWDOI,CAXZOS,0.9231003638418528
BOWDOI,DIDBOJ,0.923025999386448
BOWDOI,BAKJOO,0.8790990955024315
BOWDOI,BAKJEE,0.8788318253962704
BOWDOI,BAKJII,0.8782190076380169
BOWDOI,TIDNIF,0.8770587778284978
BOWDOI,ESEQUO,0.8737494389308023
MIHJUL,HELDOT,0.999995293532112
MIHJUL,NIGPEA,0.99986710194595
MIHJUL,DIBQIQ,0.998895049036596
MIHJUL,XUDVAV,0.9333946707544732
MIHJUL,NOMPIQ01,0.9116735092079328
MIHJUL,CIKPEU,0.9115147459425536
MIHJUL,ESEQUO,0.8840162930819114
MIHJUL,CAXZOS,0.8818140087888824
MIHJUL,CAQKAJ01,0.8758445846352567
MIHJUL,HALVEY,0.8739133589363504
MIHJUL,YATDOP,0.8708072547027318
MIHJUL,FEXCAO01,0.8696723124655134
MIHJUL,FEVDER,0.8648297203959178
SITDAD,MITSIS,0.9471729926516568
SITDAD,YEYRAY,0.9471351506994968
SITDAD,FUMJAA,0.9471013329498728
SITDAD,CEHKUW,0.9467809297868216
SITDAD,PAQYAJ01,0.868380780384862
SITDAD,MICJOA,0.8645673495434303
HIPMAW,PEFRID,0.9977098608299056
RANZAH,CEHXIY,0.9975533969818356
XADDAJ,XISDIO,0.9471111221817484
XADDAJ,DUGDUG,0.9453737264765512
XADDAJ,DAKZUN,0.9438927491883808
XADDAJ,ZALLEG,0.9328987841268972
XADDAJ,CEJXEW,0.932233406398632
XADDAJ,VITZAB,0.9320486002159484
XADDAJ,KEDJEL,0.9301503843074256
XADDAJ,QACTUJ,0.886445180295275
XADDAJ,TORPUN,0.8652784629439897
BAKJII,BAKJOO,0.9996425778111496
BAKJII,DIDBEZ,0.9081692459230402
BAKJII,DIDBOJ,0.907947121257997
BAKJII,YATDOP,0.8869628922720076
BAKJII,XUDVAV,0.8860224267156486
BAKJII,OJOBAS,0.8787130641569276
BAKJII,CIJBEE,0.8785452449119777
BAKJII,ABAVOP,0.8784474102402937
BAKJII,VEDFOB,0.87835097430368
BAKJII,VEDFAN,0.8782520032344721
BAKJII,YODRAM,0.8781202315089709
BAKJII,AHETAK,0.8780934443156034
BAKJII,EXUXEC,0.8776751013289
BAKJII,KEJWAY,0.8769496802456053
BAKJII,NIDFOX,0.8743361022542544
BAKJII,YIGGEB,0.8721974102605896
XAMDUM03,LUDLIH,0.9999976676490984
XAMDUM03,DOTSOV10,0.999964510309036
XAMDUM03,EBAMUS,0.9998399373365991
XAMDUM03,TISPAO,0.9997543475123518
XAMDUM03,DOTSOV07,0.9996425805183048
XAMDUM03,LASYOU,0.9464698962245316
XAMDUM03,DALSOA,0.9330012871119948
XAMDUM03,BABREE,0.9321875811075504
XAMDUM03,EXOYAS,0.9197555333993598
XAMDUM03,IWEVAJ,0.9186972051693868
XAMDUM03,YAGHUM,0.9078266945042278
XAMDUM03,EXOGAB,0.9077494395103232
XAMDUM03,HOYQIX,0.8871518484444798
XAMDUM03,IPUPIU,0.8870621176062586
XAMDUM03,IPUPOA,0.8850891679538794
XAMDUM03,USEVOF,0.8850197760320452
XAMDUM03,XEDMEB,0.8847577362539207
XAMDUM03,EXAXAE,0.8822242502275603
CUMLUT,CEHKUW,0.9999924059572298
LUWKIZ,EKUNON02,0.861632931909158
LUWKIZ,ULOGIL,0.8613435832561357
VAYFAE,XOGWUN,0.9997565244645976
VAYFAE,FELXOM,0.9087031314495704
VAYFAE,JUYJIY,0.8967949956544561
NETYOD,MUSMAQ,0.8796908993707531
IGAHED,SACMOA,0.9999448692444316
IGAHED,UGECEO01,0.9998056892962696
IGAHED,HABZEQ,0.8639475069758719
IGAHED,XEVSIB01,0.8632650496096995
IGAHED,XEVSIB,0.8632179997932015
YIXFOC03,YIXFOC,0.9999966031565888
YIXFOC03,NILBUH,0.8332571671631945
YIXFOC03,EHAZES,0.9997293711932028
YIXFOC03,WECSAZ,0.9994165012176524
YIXFOC03,EXUTAU,0.9985725914557736
YIXFOC03,DUGDOA,0.9064580316138078
YIXFOC03,WOJZIG,0.8842725228815056
YIXFOC03,LUCDAO,0.8827817954637205
YIXFOC03,SENXER,0.8723194520854509
WOJZIG,WOJYOL,0.9995490376809864
WOJZIG,HISSIN,0.9979268854967326
WOJZIG,VITYUU,0.932619010030358
WOJZIG,EWASIG,0.917682948222294
WOJZIG,SIKYER,0.8865442988264415
WOJZIG,EHAZES,0.8822082138456101
WOJZIG,EXUTAU,0.8787265130309745
XEVSIB01,XUZRIU,0.9992991469303234
XEVSIB01,HABZEQ,0.9976665928019408
XEVSIB01,YIPFIO,0.8990926899438003
XEVSIB01,UGECEO01,0.8639177046709322
XEVSIB01,OCACUR,0.8638358989989181
XEVSIB01,TAHYUZ,0.8617153062977723
XEVSIB01,ESEQUO,0.8616699574121228
XEVSIB01,VEFLUP,0.8608450922491263
WUHMOD,PIQQEN,0.9628301430124484
WUHMOD,REFWIL,0.9479575463750984
WUHMOD,TULLIX,0.9415956221358478
WUHMOD,VAKLIF,0.9081630117041148
WUHMOD,REXYAX,0.8847322860399891
WUHMOD,RUXWEM03,0.8634410595544365
WUHMOD,WIVRIE,0.8598731014862893
HISSIN,DUGDOA,0.9453077659794296
HISSIN,VITYUU,0.9323515279426194
HISSIN,EHAZES,0.8866249355862297
HISSIN,DIXGIC,0.8659619021084056
VUNNEZ,VUNNID,0.9944492740997128
YAXBUV02,YAXCAC,0.9999646047464842
YAXBUV02,KUXREC,0.9997035760411046
YAXBUV02,POJTOY,0.9970866529724812
YAXBUV02,EFEGOM,0.9961222881112444
YAXBUV02,SETQOZ,0.995990545640512
YAXBUV02,SETRAM,0.9955803555410644
YAXBUV02,SETQIT,0.995275114270832
YAXBUV02,SETQAL,0.9951248048584538
YAXBUV02,YAXBOP,0.9951162716468596
YAXBUV02,KUXSIH,0.9903565724459364
YAXBUV02,REZXOK,0.8836671370783227
AXINAX01,DIBQIQ,0.9998491036784452
AXINAX01,NIGPEA,0.9988442774117086
AXINAX01,DERBIO,0.9563683060065558
AXINAX01,XUDVAV,0.9422556265637564
AXINAX01,CIKPEU,0.9166235878736532
AXINAX01,ESEQUO,0.8954685029916882
AXINAX01,DIDBOJ,0.8852790937757865
AXINAX01,CAXZOS,0.8852627185739173
AXINAX01,HALVEY,0.8768068844038521
AXINAX01,CAQKAJ01,0.8767143669995119
AXINAX01,YATDOP,0.8719249480642619
AXINAX01,FEVDER,0.8683494517599114
AXINAX01,NIDFOX,0.864333813807459
LEDHEJ,XADDAJ01,0.9741847030753554
LEDHEJ,DUGDUG,0.973605015536768
LEDHEJ,XISDIO,0.9714651331519552
LEDHEJ,DAKZUN,0.966613952102727
LEDHEJ,AYOZOF,0.9651813117651916
LEDHEJ,CEJXEW,0.9303176678928337
LEDHEJ,KEDJEL,0.9270158815700096
LEDHEJ,QACTUJ,0.8872715446399868
LEDHEJ,NEBYOK,0.8729981644223548
WEHHOI,PURJIW,0.8950164351311296
WEHHOI,HEZKIH,0.871650932683362
WEHHOI,REYCUV,0.8657396103411141
CAXZOS,DIDBEZ,0.999826657067607
CAXZOS,XALMOO,0.925189996921583
CAXZOS,YATDOP,0.9245551126318524
CAXZOS,EXUXEC,0.923158453508408
CAXZOS,KEJWAY,0.9230992215370432
CAXZOS,AHETAK,0.9230944613616676
CAXZOS,VEDFAN,0.9230758681220368
CAXZOS,CIJBEE,0.9229726954708476
CAXZOS,TATSIS,0.9228265883060568
CAXZOS,YIGGEB,0.921270139164876
CAXZOS,NIDFOX,0.9199551384796864
CAXZOS,FEVDER,0.9092579820648748
CAXZOS,BAKJOO,0.9087561307367004
CAXZOS,TIDNIF,0.9084710385020732
CAXZOS,CIKPEU,0.8861448752331945
CAXZOS,DIBQIQ,0.8847382408445568
CAXZOS,LUWZUZ01,0.8833800607413147
CAXZOS,LUWZUZ02,0.8832494491308787
CAXZOS,NIGPEA,0.8830752781318226
CAXZOS,HELDOT,0.8815468046238526
CAXZOS,FEXCAO01,0.87024609177645
CAXZOS,XUDVAV,0.8620221677840554
OHIHOD,NIGFOZ,0.896918784532009
OHIHOD,UPIBOM,0.884619950556003
LUSHOX05,SAMVEK,0.9946128873211646
DUWBEE,MITSIS,0.9468804537301216
DUWBEE,CEHKUW,0.945154542263595
DUWBEE,KETHEY,0.8973485079767519
DUWBEE,PAQXUC,0.8652254965320728
DUWBEE,MICJOA,0.8627790067860973
GUPBEZ02,GUSPUG,0.9933557814794216
AVAQIX,ROCZEQ,0.991686642053647
AVAQIX,VAKLIF,0.8780936900215194
XEDMEB,USEVOF,0.9993532667298036
XEDMEB,DOTSOV10,0.8849351097003685
XEDMEB,DOTSOV15,0.8849351093489549
XEDMEB,LUDLIH,0.8847374603612366
XEDMEB,EBAMUS,0.8847191802940908
XEDMEB,RILFEA,0.8847191214067381
XEDMEB,TISPAO,0.8839525944817685
VEFLUP,ESEQUO,0.8799183986371614
VEFLUP,XADDUD,0.8626945051699435
VEFLUP,COXFOL,0.8617118383106157
VEFLUP,XUZRIU,0.8616624357555542
VEFLUP,WIMWEW,0.8608507463636613
VEGMOK04,IFABIA02,0.9997973919445914
VEGMOK04,ODODIW,0.908247060187964
VEGMOK04,VIKBUP,0.9081899812718096
VEGMOK04,BOLPAU,0.9081077041147612
VEGMOK04,QEDZEG,0.8957279327557685
VEGMOK04,EKEKEL,0.8859022780279487
VEGMOK04,ZARLIP,0.8773248752071027
VEGMOK04,MEWPIQ,0.8767740506411841
VEGMOK04,REGREC,0.8749814459651595
VEGMOK04,VEHJUP,0.8745175453107108
VEGMOK04,PEGCIP,0.8688463778001385
VEGMOK04,AXOCEW,0.8683881703427816
VEGMOK04,XEGWIS,0.8674707190404088
VEGMOK04,KAHMOW,0.8674624731279863
VEGMOK04,SAVMAE,0.8625043139755082
VEGMOK04,HUVGEM,0.8608304164334895
EXOXUL,VEHJUP,0.915871291941008
EXOXUL,REGREC,0.9118012236128744
EXOXUL,UFAMEW,0.8739352265953938
DOTSOV02,DOTSOV07,0.9997942069473486
DOTSOV02,EBAMUS,0.9995695719072224
DOTSOV02,DOTSOV10,0.9990731354088211
DOTSOV02,TISPAO,0.9981845081943604
DOTSOV02,QIZLOC,0.9957776204228216
DOTSOV02,YOZNOS,0.994134241261976
DOTSOV02,LASYOU,0.9447720198209372
DOTSOV02,DALSOA,0.9320402008222598
DOTSOV02,EXOYAS,0.9192065283347448
DOTSOV02,YAGHUM,0.9060950938597716
DOTSOV02,EXAXAE,0.8828505461993907
DOTSOV02,ANUGIA,0.8756553004051089
DOTSOV02,NEMCOA,0.8754282572344361
DOTSOV02,HIDTUM,0.8744922604889052
DOTSOV02,XICKOL,0.8602883568345957
NAHHAI,IYOQIY,0.9998191333973148
NAHHAI,LARBOW01,0.9029547293827108
PEZCII,APAYUN,0.9461045110227309
PEZCII,WOJYEB,0.9458136592298656
PEZCII,APAZIC,0.9456952709597458
PEZCII,YUMFUJ,0.9435223117060428
WAYKAK,ZEDVOV,0.9460526671994296
EBEXAM,YENZAV,0.8982837717158885
EBEXAM,COKJIX,0.893942562504372
EBEXAM,MIRGIG,0.8872906873364953
EBEXAM,AFUDUD,0.884491923153101
EBEXAM,ADEGIA01,0.8652167850598992
AFOVIB,IBEYEU,0.9973383895168224
AFOVIB,KEZLIN,0.932835146092616
AFOVIB,MIRGIG,0.932083370134052
AFOVIB,UMIZEX,0.9286119664712572
AFOVIB,HOGQIF,0.8852039850730572
PASGAU,DEGJIK,0.9999505419468672
PASGAU,JAXNUU,0.9999448179141356
PASGAU,QONLIQ,0.9998604981277514
PASGAU,QONLAI,0.9997803345648532
PASGAU,FUSWIA,0.9993078375566612
PASGAU,FUQJUX,0.999136931477553
PASGAU,PEBNER,0.9985356244131758
PASGAU,HOSPEL,0.9962042327076438
PASGAU,VUQJEX01,0.9960653550998568
PASGAU,VUQJEX,0.9960055833346676
DADTUY01,DADTUY07,0.9999999475993006
DADTUY01,IGOPEB,0.9998030064201588
DADTUY01,EDAGEX,0.9988044800260818
DADTUY01,DEFNIO,0.9985256288040076
DADTUY01,RAVVIU01,0.99848955617264
DADTUY01,RAVVIU,0.9984018610980596
VAKLIF,RUXWEM03,0.9447191723046198
VAKLIF,YUYGOQ,0.907278450174516
VAKLIF,ODIXIK,0.9072249654875576
VAKLIF,NOZZOT,0.9053848480718898
VAKLIF,PIQQEN,0.8776769589687682
VAKLIF,YEYRAY,0.8747926152462493
VAKLIF,XOGWUN,0.8652357693130562
VAKLIF,FELXOM,0.8623207373665682
VAKLIF,EKUNON02,0.8618343527241896
VAKLIF,ULOGIL,0.860491131362878
QIZLOC,DOTSOV14,0.995075568183568
QIZLOC,DOTSOV10,0.995074292768496
QIZLOC,LUDLIH,0.9941433659851996
QIZLOC,TISPAO,0.991602016256948
QIZLOC,LASYOU,0.936656643908322
QIZLOC,BABREE,0.9307520934081728
QIZLOC,EXOGAB,0.9053477194081346
QIZLOC,YAGHUM,0.8989436158943919
QIZLOC,IPUPOA,0.886436155305437
QIZLOC,EXAXAE,0.8845476713183307
QIZLOC,HOYQIX,0.8795352370010798
QIZLOC,USEVOF,0.8780862788924766
QIZLOC,HIDTUM,0.8778757664843119
QIZLOC,ANUGIA,0.8682528447779561
JUYJIY,MUXVIM,0.9207223980729105
JUYJIY,XOGWUN,0.898096389131096
JUYJIY,ULOGIL,0.8809020301000925
PESTAL,NUDPAE02,0.9994928076359796
PESTAL,NIHBAI01,0.9967720831770608
PESTAL,IZAKAX,0.9958167146875172
PESTAL,CAJHUS,0.9955618684674016
EPOXAJ,LECHUX,0.996811583732199
TOXNEB,TOXMUQ,0.9999998393994728
ABAYIO,OFODET,0.907253683542397
ABAYIO,MAHTAR,0.874060367110065
ABAYIO,SOBDOF,0.8707135833810422
ABAYIO,UVETUL,0.8602925750880205
VOSSUT,PUNYED,0.8739081807606615
VOSSUT,JEDVUM,0.8683495862603436
DUVNIS01,DUVNIS,0.9999982638589344
DUVNIS01,FIXLAC,0.9999901171721484
BOLPAU,ODODIW,0.9998512730442556
BOLPAU,IFABIA02,0.9082136417169314
BOLPAU,ORIBAU,0.9071655285104768
VUKKET,NASGIZ01,0.8756168686741509
ENISUQ,MAHTAR,0.9073678120674212
ENISUQ,VUQKAU01,0.8635685474398637
FUMJAA,MITSIS,0.999982126677248
FUMJAA,YEYRAY,0.9996226422701088
FUMJAA,CEHKUW,0.9990157974527122
FUMJAA,GERWOR,0.9057652471165508
FUMJAA,IJEYEC,0.8896990821053413
FUMJAA,YIKGEF,0.871726695218238
CIKPEU,NIGPEA,0.913194434959828
CIKPEU,NIGPAW,0.9130201867371036
CIKPEU,HELDOT,0.91116965887396
CIKPEU,DERBIO,0.902041043209016
CIKPEU,LUWZUZ01,0.8868541091919797
CIKPEU,LUWZUZ02,0.8867765144758194
CIKPEU,DIDBOJ,0.8856700707728807
CIKPEU,DIDBEZ,0.8853443195774384
CIKPEU,XUDVAV,0.871217930576417
XEJVOZ,XEJVEP,0.9928860923901928
DERBIO,DIBQIQ,0.9564186453892032
DERBIO,NIGPEA,0.9557691361021204
DERBIO,HELDOT,0.9548755291591474
DERBIO,NIGPAW,0.9442820916242872
DERBIO,ESEQUO,0.9326786673219336
DERBIO,DIDBEZ,0.9219709298003428
DERBIO,DIDBOJ,0.921910588955148
DERBIO,NOMPIQ01,0.9021254103099888
DERBIO,WEMKEG,0.8995844736842411
DERBIO,CAQKAJ01,0.8853120312310594
DERBIO,FEXCAO01,0.8848621771644155
DERBIO,LUWZUZ02,0.8746197505836983
DERBIO,USAYOE,0.8623160713570849
WIMWEW,XADDUD,0.9995552933760864
WIMWEW,FILYEG,0.9987678398096914
WIMWEW,CIPLIX,0.8964094340226972
WIMWEW,JEDVUM,0.8963817717264257
WIMWEW,PUNYED,0.8919388041115901
XADDUD,DAFHEZ,0.9999889901902864
XADDUD,FILYEG,0.9997146375342436
XADDUD,COXFOL,0.9996007106531908
XADDUD,CIPLIX,0.895005993406002
XADDUD,PUNYED,0.8944568302232718
ABAVOP,CIJBEE,0.9999968880923789
ABAVOP,VEDFAN,0.9999898073950784
ABAVOP,OJOBAS,0.999974562970555
ABAVOP,YODRAM,0.999972736245223
ABAVOP,AHETAK,0.9999686014248432
ABAVOP,EXUXEC,0.9998753257740912
ABAVOP,YIGGEB,0.9969396747695908
ABAVOP,DIDBOJ,0.9229848786949904
ABAVOP,BAKJOO,0.8791881850051595
ABAVOP,FEVDER,0.8791257663886127
ABAVOP,ESEQUO,0.8729766161779031
ABAVOP,XALMOO,0.8600071082150385
HOSPEL,VUQJEX01,0.9983501749273512
HOSPEL,VUQJEX,0.9983377217114462
HOSPEL,FUQJUX,0.9981857700848356
HOSPEL,FUSWIA,0.99805513464557
HOSPEL,QONLAI,0.9973933546305817
HOSPEL,JAXNUU,0.9953803823408942
QEDZEG,ORIBAU,0.8972091551817012
QEDZEG,IFABIA02,0.8948353820186727
SIXNIZ,IPUPOA,0.8643200087831939
SIXNIZ,IPUPIU,0.8640190674937669
VEHJUP,REGREC,0.9993098974324746
VEHJUP,BUKMUQ01,0.8825734289440486
VEHJUP,NUFBOH,0.8778434840131665
VEHJUP,APACAX,0.8774322457046491
VEHJUP,IFABIA02,0.8746943630044448
VEHJUP,SOWCOY01,0.8596405576318672
REGREC,UFAMEW,0.94483209215536
REGREC,MOHLIF,0.9061638334605822
REGREC,DUNXUH15,0.8972939173749943
REGREC,APACAX,0.8779542092601641
REGREC,NUFBOH,0.876625842467067
REGREC,NASROR,0.8764589927883548
REGREC,IFABIA02,0.874704408760289
REGREC,ORIBAU,0.8744319022400014
REGREC,SOWCOY01,0.8609964654578254
DADTOS15,YUKTUU,0.9999998178750692
DADTOS15,VIRJEM,0.9999970861184124
DADTOS15,REZJIR,0.99999674457125
DADTOS15,DADTOS14,0.999994221628692
DADTOS15,DADTOS13,0.9999860089491424
DADTOS15,LIJWOR02,0.9999799257151748
DADTOS15,DADTOS02,0.9999793806051686
DADTOS15,LIJWOR,0.9999769748309268
DADTOS15,YANWOC01,0.9999685178105052
UFUMUD01,UFUMUD02,0.9999957985182946
UFUMUD01,QERZUI,0.9999814601529098
UFUMUD01,BAHGUN02,0.9999102690877416
UFUMUD01,UFUNAK,0.999902545811707
UFUMUD01,QERZUI01,0.9998648449589828
UFUMUD01,POFDIZ,0.9998219801067988
UFUMUD01,UFUMUD,0.999741636062354
UFUMUD01,JALPAQ,0.8792783924539324
UFUMUD01,XICKOL,0.8780871691191452
JEDVUM,COXFOL,0.8953902868023464
JEDVUM,ABIWOX,0.8771218318136867
JEDVUM,XUDVAV,0.8757983551372907
JEDVUM,BAKJEE,0.8608631326501393
JEDVUM,BAKJOO,0.860544808668758
DOTSOV07,DOTSOV15,0.9997405972669128
DOTSOV07,RILFEA,0.9996173734829084
DOTSOV07,YOZNOS,0.9929751768746452
DOTSOV07,DALSOA,0.932726025979138
DOTSOV07,BABREE,0.9324724852066444
DOTSOV07,EXOGAB,0.9079278601289036
DOTSOV07,IPUPIU,0.8863613783211971
DOTSOV07,IPUPOA,0.8857862837977251
DOTSOV07,EXAXAE,0.8830659905215632
DOTSOV07,ANUGIA,0.8765883933377857
DOTSOV07,HIDTUM,0.8745722602925557
DOTSOV07,XICKOL,0.8608008912968679
FEVDER,BAKJOO,0.9777315606904504
FEVDER,BAKJEE,0.9773245830085332
FEVDER,TIDNIF,0.9759366833126744
FEVDER,DIDBOJ,0.9090447220971736
FEVDER,DIDBEZ,0.9088829816109312
FEVDER,XALMOO,0.88718297828183
FEVDER,NIDFOX,0.8820353333120687
FEVDER,KEJWAY,0.8792489289011478
FEVDER,YODRAM,0.8792321067200142
FEVDER,VEDFOB,0.8791620001369973
FEVDER,CIJBEE,0.8790776665622355
FEVDER,OJOBAS,0.8789719961108624
FEVDER,TATSIS,0.8789411600933543
FEVDER,YIGGEB,0.8774863501095652
FEVDER,XUDVAV,0.8694239783464924
FEVDER,DIBQIQ,0.8678062601196727
FEVDER,NIGPEA,0.8661098935855036
BEPNOB,BEPPAP,0.99999999494557
BEPNOB,MAWTUC,0.9999835530999486
BEPNOB,MAWVAK,0.999968193463621
BEPNOB,BEPNER,0.91129361061913
BEPNOB,KIGCEK,0.9073044650690224
BEPNER,BEPPIX,0.997324748078793
BEPNER,KIGCEK,0.940085179374684
BEPNER,MAWTUC,0.911700965903043
BEPNER,BEPNIV,0.9113152036754568
PEYVEV,FEYDET,0.9895619949012882
PEYVEV,CUFFIT,0.9887121089034664
PEYVEV,CUFFUF,0.9885687480628416
PEYVEV,YAMXOC,0.98852691062437
PEYVEV,CUFFEP,0.9885169566993532
PEYVEV,XINTOG,0.9326400480285844
PEYVEV,VIFPUY05,0.8599198970656493
NAOXAL11,NAOXAL07,0.9951627864760448
HALVEY,CAQJOW,0.9981733666674512
HALVEY,DIBQIQ,0.8764333438972931
HALVEY,NIGPEA,0.8750358634006922
HALVEY,NIGPAW,0.8682098602591583
JALPAQ,XICKOL,0.9990210633473646
JALPAQ,NAPSUV,0.9857819208207692
JALPAQ,HOYQIX,0.8919976681113796
JALPAQ,IPUPIU,0.8915597517908311
JALPAQ,ANUGIA,0.8809582607489115
JALPAQ,IXAKAU,0.8797536061754505
JALPAQ,UFUMUD02,0.8792599979201173
JALPAQ,HAWZEM,0.8792545296839669
JALPAQ,BAHGUN03,0.8792257792946283
JALPAQ,QERZUI01,0.8790611802262875
JALPAQ,UFUMUD,0.8789193868263726
JALPAQ,AHEMEG,0.8786052894255519
JALPAQ,UGEPEB,0.8785616455907533
HABZEQ,XEVSIB,0.9975922073589504
HABZEQ,YIPFIO,0.9003722858573411
HABZEQ,TAHYUZ,0.8662910980724358
HABZEQ,SACMOA,0.864136221124248
HABZEQ,OCACUR,0.8634567243887196
HABZEQ,UGECEO01,0.8633241539015595
HABZEQ,IGAHED03,0.8624488312898031
OPENUT,KAHWOG,0.9959938810518222
YOZNOS,TISPAO,0.992666836221915
YOZNOS,LUDLIH,0.991956411467794
YOZNOS,DOTSOV15,0.9911937189598788
YOZNOS,DOTSOV10,0.9911937126848036
YOZNOS,LASYOU,0.9409110850668512
YOZNOS,BABREE,0.921691942801136
YOZNOS,IWEVAJ,0.9161239519178412
YOZNOS,EXOYAS,0.9099379119480956
YOZNOS,EXOGAB,0.8979356070787968
YOZNOS,IPUPIU,0.8799335059604437
YOZNOS,HOYQIX,0.8797651660936331
YOZNOS,ANUGIA,0.8708866492583967
YOZNOS,EXAXAE,0.8699363600262372
YOZNOS,NEMCOA,0.8621009466864631
MAHTAR,VUQJUN01,0.9461332192037084
MAHTAR,IQOKIK,0.9059192939065666
MAHTAR,UKIQIP,0.8870092192416925
MAHTAR,XIHXET,0.868320806627747
MAHTAR,ROYMEZ,0.865111595484136
HIBSUG02,PAQXUC,0.8774992310074508
HIBSUG02,XASHAA,0.8642231860566159
WAQTAM,APEBED,0.822703729627744
IPUPIU,HOYQIX,0.999989326963684
IPUPIU,IPUPOA,0.996115468047528
IPUPIU,ANUGIA,0.9878971133757716
IPUPIU,EXOGAB,0.9729220012500724
IPUPIU,BAZGAM,0.9442225612371146
IPUPIU,KIJRUS,0.9433432095404994
IPUPIU,NAPSUV,0.9107240302594014
IPUPIU,XICKOL,0.8948895527384843
IPUPIU,DOTSOV15,0.8868435915774524
IPUPIU,DOTSOV10,0.8868435909603409
IPUPIU,EBAMUS,0.8867958427316599
IPUPIU,SEMNIJ,0.8727289584482456
EBAMUS,LUDLIH,0.9998693430985164
EBAMUS,DOTSOV10,0.9998458843052284
EBAMUS,RILFEA,0.9998310715738352
EBAMUS,YAGHUM,0.907523743766652
EBAMUS,HOYQIX,0.8869074413525204
EBAMUS,IPUPOA,0.8852571476068662
EBAMUS,EXAXAE,0.8824378245083733
EBAMUS,ANUGIA,0.877134948362088
EBAMUS,NEMCOA,0.87492333173193
EBAMUS,HIDTUM,0.8737282034838066
KINGUM,SURKUN,0.9999843712209644
KEJWAY,AHETAK,0.9998093177198584
KEJWAY,YODRAM,0.9997983691198776
KEJWAY,VEDFAN,0.9997381905941576
KEJWAY,VEDFOB,0.9996816157345207
KEJWAY,CIJBEE,0.9995539823191152
KEJWAY,OJOBAS,0.9994058326133516
KEJWAY,DIDBEZ,0.9225711385425472
KEJWAY,BAKJOO,0.8784203553303955
KEJWAY,BAKJEE,0.877914880905875
KEJWAY,TIDNIF,0.8768560920239958
KEJWAY,XALMOO,0.860296823401127
REZJIR,VIRJEM,0.9999998028380302
REZJIR,PADJOU01,0.9999992199049608
REZJIR,DADTOS17,0.9999951056480696
REZJIR,LIJWOR,0.9999910335688368
REZJIR,MNFORD03,0.9999830083660626
REZJIR,DADTOS02,0.9999603916555913
REZJIR,DADTOS04,0.9999527542741375
REZJIR,DADTOS05,0.9999509025392996
REZJIR,YANWOC01,0.9999458033786376
COZGED,ORAWEL,0.9998353042071568
DADTOS02,DADTOS05,0.9999994880225286
DADTOS02,DADTOS13,0.999999359332022
DADTOS02,DADTOS12,0.9999991753891588
DADTOS02,YANWOC01,0.999998854687058
DADTOS02,VIRJEM,0.9999609745197218
DADTOS02,PADJOU01,0.999948628647484
DADTOS02,DADTOS17,0.9999289505962804
DADTOS02,LIJWOR02,0.9999191223325378
DADTOS02,LIJWOR,0.9999146603670632
DADTOS02,MNFORD03,0.9998919862472428
NASROR,UFAMEW,0.8943048885621273
TAHYUZ,CAQKAJ01,0.9542626557624168
TAHYUZ,CAQJOW,0.9521693391260682
TAHYUZ,NIGPEA,0.8754895242304708
TAHYUZ,HELDOT,0.8742870058345643
VEGMIE,VEGMIE01,0.9999705116851606
EYULAM,XUMNAW,0.8877612135885184
CEFNIN,BAZGAM,0.9118147634397078
CEFNIN,QOWRAV02,0.9113743336540162
CEFNIN,IPUPOA,0.8884428032567937
DIDBOJ,DIDBEZ,0.9999763244087104
DIDBOJ,XALMOO,0.924911809870255
DIDBOJ,VEDFOB,0.9230414559821636
DIDBOJ,AHETAK,0.922983856514438
DIDBOJ,YODRAM,0.9229824158666886
DIDBOJ,EXUXEC,0.92297246183461
DIDBOJ,OJOBAS,0.9228849740213052
DIDBOJ,TATSIS,0.9223580994496272
DIDBOJ,YIGGEB,0.9204407271562992
DIDBOJ,TIDNIF,0.9087407355928508
DIDBOJ,DIBQIQ,0.8849327099289923
DIDBOJ,FEXCAO01,0.869735234812093
DIDBOJ,XUDVAV,0.8609428602894811
YATDOP,XALMOO,0.9990541451927212
YATDOP,NIDFOX,0.9903664827897788
YATDOP,DIDBEZ,0.9248034732052892
YATDOP,BAKJOO,0.8871895827926342
YATDOP,BAKJEE,0.8871841901573627
YATDOP,TIDNIF,0.8844651923532572
YATDOP,DIBQIQ,0.8720316538901853
YATDOP,NIGPEA,0.8714817481578323
YATDOP,HELDOT,0.8706507396759107
YATDOP,VEDFOB,0.8600687780021636
YATDOP,YODRAM,0.8599490896683946
IDIWOH05,XAVDEF,0.99999999960373
IDIWOH05,IDIWOH06,0.9999999959813756
IDIWOH05,IDIWOH04,0.999999935045196
IDIWOH05,IXODUV,0.9999997831447762
IDIWOH05,XAVDIJ,0.9999981548851448
IDIWOH05,ALOVEC,0.9960839863679216
IDIWOH05,PARFOF,0.8850427665448093
XIHXET,XIHXAP01,0.9990615479071654
XIHXET,VUQKAU01,0.8848963028074315
WOJYUR,XISDIO,0.9479890979702452
WOJYUR,DUGDUG,0.9414150833644656
WOJYUR,CEJXEW,0.9330077067190348
WOJYUR,AYOZOF,0.9326568377918958
WOJYUR,KEDJEL,0.9324616267091392
WOJYUR,LAVTAF,0.8856655534070228
WOJYUR,QACTUJ,0.8837912744864833
WOJYUR,NIGFOZ,0.8823522367928156
WOJYUR,TORPUN,0.8679996382276505
BAZGAM,KIJRUS,0.999104690385154
BAZGAM,HOYQIX,0.9445910538646076
BAZGAM,EXOGAB,0.9159216982342544
BAZGAM,FISGOF,0.9068270006443264
BAZGAM,SEMNIJ,0.8665442565402102
BAZGAM,LASYOU,0.8600358557781533
MOLTIR,SAXYOH,0.9987406800863784
MOLTIR,TILHAZ,0.9785240584478516
FELXOM,MUXVIM,0.9525291113318268
FELXOM,RUXWEM03,0.8842091672997265
FELXOM,YICRAF,0.8774713830190706
FELXOM,EKUNON02,0.8656494645217995
EBEXEQ01,MIMCOD,0.8049726045000156
EBEXEQ01,EBEXIU02,0.9996487461777772
VIFPUY,VIFPUY05,0.9999999859921392
VIFPUY,IFIPEV,0.9468874810891048
VIFPUY,FAHQEM,0.9435831082857814
VIFPUY,FAHQIQ,0.9357752293621784
VIFPUY,NEDLOZ,0.9054108079343374
VIFPUY,CIFSAO,0.9033133511761128
VIFPUY,FOSTIS,0.9030248457733104
VIFPUY,UNIDAY,0.9028474234104134
VIFPUY,CUFFOZ,0.8747390524927571
VIFPUY,CUFFUF,0.8747329808137353
VIFPUY,CUFFIT,0.8747106546887231
VIFPUY,FEYDET,0.8745604396744141
WOJYOL,DUGDOA,0.9422121200921354
WOJYOL,VITYUU,0.933010751685276
WOJYOL,EWASIG,0.9224344556010168
WOJYOL,EHAZES,0.8847790496411745
XALXIS01,USICAB02,0.8180863630048645
XALXIS01,WIXJIW01,0.8643728967704549
UPIBOM,HIDDAB,0.9079259778214588
UPIBOM,LAVTAF,0.999987004799924
UPIBOM,YENZEZ,0.8995571124133933
UPIBOM,TORPUN,0.8740246113176505
UPIBOM,QACTUJ,0.8644001812544064
XISDIO,DUGDUG,0.9934947858198736
XISDIO,CEJXEW,0.9564323566432718
XISDIO,KEDJEL,0.9558638787229116
XISDIO,QACTUJ,0.9047918407626744
XISDIO,TORPUN,0.8601504230466177
EHAZES,WECSAZ,0.999933941472883
EHAZES,SIKYER,0.9980653170362188
EHAZES,LUCDAO,0.8809481062585776
EHAZES,DIXGIC,0.8772507711732315
EHAZES,SENXAN,0.8668341597146682
EHAZES,LIXMEM,0.8607436800597414
EHAZES,KAHWOG,0.8601806380544661
DADTOS13,DADTOS12,0.9999970810397478
DADTOS13,PADJOU01,0.999959409044192
DADTOS13,DADTOS17,0.9999418026534612
DADTOS13,LIJWOR,0.9999286459222776
DADTOS13,MNFORD03,0.999907976922122
XITDEL,XUMVIM,0.999384488560903
FUSWIA,FUQJUX,0.9999905638852288
FUSWIA,QONLAI,0.999867781996953
FUSWIA,PEBNER,0.9998566860067734
FUSWIA,BUZKUE,0.9995893299417558
FUSWIA,JAVNIE,0.9995372600882544
FUSWIA,JAXNUU,0.9988642716327044
FUSWIA,VUQJEX01,0.998669351020895
EBEXIU02,DIGPER,0.9999913064463848
RISXAT01,SAQQEH,0.9439546821732332
HIBSUG01,KIJPUQ,0.8605745379759733
HIBSUG01,PAQYAJ01,0.8774557966845706
HIBSUG01,PAQXUC,0.8774526068153772
HIBSUG01,XASHAA,0.8642131690622712
FUVDEH07,FUVDEH08,0.9999999793792484
FUVDEH07,FUVFUZ,0.9999998828403712
FUVDEH07,FUVDEH05,0.9999704399445396
UKIQIP,VUQKAU01,0.9323517006051132
UKIQIP,WEYQAU16,0.8862471449703153
LIXMEM,WECSAZ,0.8608037143268173
LIXMEM,EXUTAU,0.8607563075891463
VITYUU,OFEREX,0.945195959804423
DOTSOV10,DOTSOV14,0.9999999895474938
DOTSOV10,LUDLIH,0.9999563072357298
DOTSOV10,TISPAO,0.9995322093826208
DOTSOV10,LASYOU,0.9461135157326588
DOTSOV10,DALSOA,0.9330059684732568
DOTSOV10,BABREE,0.9324941603175244
DOTSOV10,EXOYAS,0.9199357598569085
DOTSOV10,IWEVAJ,0.9187164858639204
DOTSOV10,EXOGAB,0.9079796243374832
DOTSOV10,IPUPOA,0.8856127428798565
DOTSOV10,EXAXAE,0.8828237018323711
DOTSOV10,XICKOL,0.860887365408191
IQOKIK,VUQJUN01,0.8649107350828851
XEQLEM01,XEQLEM,0.999987860664144
LAVTAF,NIGFOZ,0.9878074815258028
LAVTAF,VITZAB,0.9456595624811146
LAVTAF,YENZEZ,0.9002108308047994
LAVTAF,QACTUJ,0.8651220974659739
FITSAD,ASUKEE01,0.9999656305227402
FITSAD,LIRVAK,0.9996464356722272
FITSAD,CUPHUS,0.9984886347525734
YEYRAY,CEHKUW,0.9998571116190482
YEYRAY,MICJOA,0.9080141769350292
YEYRAY,IJEYEC,0.8927062975886446
CISMAT01,DEBNUU,0.8215595674304712
TUDJUY,TUDJEI,0.9999999420851
TUDJUY,NIFRAY,0.999975136201973
DIQGUH,KAYBAP,0.8455360215858204
DIQGUH,HAFVOB,0.9066692155329644
DIQGUH,QUXRIM,0.8935967872173085
DIQGUH,CAVLIW,0.8858944756464151
DIQGUH,TECVEE,0.8741083936925425
DIQGUH,TECTUS,0.8737025144721351
BEPPIX,BEPNIV,0.9140391088595142
BEPPIX,MAWTUC,0.9140279370769112
BEPPIX,MAWVAK,0.9140147280321448
YAGHUM,TISPAO,0.9082246345060652
YAGHUM,LUDLIH,0.9078445374065376
YAGHUM,DOTSOV14,0.9075465375121848
YAGHUM,FISGOF,0.9072891735663652
YAGHUM,LASYOU,0.8650901055380861
XUDVAV,NIGPAW,0.9472801814845516
XUDVAV,DIBQIQ,0.9402588804432332
XUDVAV,HELDOT,0.9328738010632652
XUDVAV,BAKJOO,0.8894744543012922
XUDVAV,FEXCAO01,0.8788338289101176
XUDVAV,CIPLIX,0.8759251222630041
XUDVAV,NOMPIQ01,0.8711307672577366
XUDVAV,DIDBEZ,0.8602342837879955
UFAMEW,NUFBOH,0.8942304294184972
UFAMEW,EZINAE,0.8846537531719262
UFAMEW,NUCPIM,0.879351893723267
UFAMEW,MUWRUT,0.8643586651400984
QONLAI,DEGJIK,0.9995241789429372
QONLAI,JAXNUU,0.9995066885906312
QONLAI,PEBNER,0.9994495474849824
QONLAI,BUZKUE,0.9989916936970046
QONLAI,JAVNIE,0.9989894124704992
QONLAI,VUQJEX01,0.9977004108966306
QONLAI,VUQJEX,0.9976545782752976
NIWZIE01,NIWZIE08,0.9999959030713916
NIWZIE01,NAXVOY04,0.9999883965442232
NIWZIE01,NIWZIE09,0.9999869584814548
NIWZIE01,XEHSOT,0.9999589638243268
NIWZIE01,NIWZIE17,0.9999467386372504
NIWZIE01,NIWZIE18,0.9999413154545144
NIWZIE01,LICSEW03,0.9971345667715732
NIWZIE01,MGFORD02,0.9966417697978488
NIWZIE01,AMURUX06,0.9960312754093592
MOHSAF,LARBOW01,0.9909841894784196
JETZAK,XUFYAA,0.9406325362065464
JETZAK,MUDLON,0.9225769967893104
JETZAK,UMARIL,0.8814819699809151
ROCZEQ,KETHEY,0.8745425032555407
ROCZEQ,LULGIJ,0.8599663076181016
IFABIA02,ORIBAU,0.9985245980461478
IFABIA02,AXOCEW,0.8687293666889978
IFABIA02,XEGWAK,0.8665205950541808
NAHGUB,FECWOB,0.9073956530585284
NAHGUB,MOFTIL02,0.9073389829807864
NAHGUB,MOFTIL01,0.9072780771879916
NAHGUB,BOVHEB,0.8933375719760228
VITZAB,NIGFOZ,0.9421284124352084
VITZAB,DAKZUN,0.8640578192463906
LAVTUZ,MAPGOC,0.8730344945634343
LAVTUZ,KIKMAV,0.8707053128208486
LAVTUZ,HELNAQ,0.8692568234233005
UGEPEB01,UFUMUD,0.9999410233197398
UGEPEB01,UGEPEB,0.9999389681502318
UGEPEB01,BAHGUN02,0.9999272605771404
UGEPEB01,QERZUI,0.9998632686236042
UGEPEB01,AHEMEG,0.9979873414747148
UGEPEB01,XICKOL,0.8768075501548729
UGEPEB01,NAPSUV,0.8650498222274099
DADTOS05,DADTOS12,0.999999962920017
DADTOS05,YANWOC01,0.999999873995326
DADTOS05,DADTOS14,0.99999186279008
DADTOS05,VIRJEM,0.999951523543582
DADTOS05,PADJOU01,0.9999379106427612
DADTOS05,MNFORD03,0.9998766086133548
ULOGIL,BERQAS,0.8151516603261222
ULOGIL,EKUNON02,0.9998507251119656
ULOGIL,YIHZIA02,0.8912299553834935
ULOGIL,MALWUU,0.8626704739878011
WOBHOL,QEJBIT,0.8751530434143836
WOBHOL,FABFOF,0.8726292832033273
WOBHOL,CIZQOT,0.8692087511839591
WOBHOL,NATFAS,0.8687299508287428
DITYEM02,BUHFER,0.9955165496171564
DITYEM02,GAXROO,0.9952837580987306
DITYEM02,TALKAT,0.9951009513753004
JAVNIE,FUQJUX,0.9996384053203234
JAVNIE,VUQJEX01,0.9995061395544168
JAVNIE,VUQJEX,0.9994885153745172
JAVNIE,QONLIQ,0.9988179736427928
JAVNIE,DEGJIK,0.9972285167373124
DADTUY,DADTUY07,0.9999973584031908
DADTUY,IGOPEB,0.9997667811207566
DADTUY,SOJKOT07,0.9997472641523883
DADTUY,MAJMOA03,0.9995764387695358
DADTUY,EDAGEX,0.9989291064813368
DADTUY,EDAGAT,0.9986438992037254
DADTUY,RAVVIU01,0.9986300422097956
DADTUY,DEFNIO,0.9983802131910352
ORIBAU,MEWPIQ,0.877923903064451
ORIBAU,PEGCIP,0.8692187689039992
ORIBAU,AXOCEW,0.8659286623041247
ORIBAU,HUVGEM,0.8610563963924358
TATSIS,EXUXEC,0.9995846926751906
TATSIS,VEDFOB,0.9991049553525764
TATSIS,OJOBAS,0.9986642937102704
TATSIS,BAKJOO,0.8775552901634139
TATSIS,TIDNIF,0.876566385224597
VAPBIZ,VAPBEV,0.999994497286488
OCUQIO02,OCUQIO,0.999999798326144
OCUQIO02,MACUFR04,0.999936994371174
OCUQIO02,MACUFR06,0.9998311280800528
OCUQIO02,ROLCEC11,0.9978109118512316
OCUQIO02,ROLCEC09,0.9978062010872376
VONBUX,VONCOS,0.9977305536388564
VONBUX,YEJXUI,0.9035686896474844
XUJPEY,XUJPIC,0.999959729315118
XUJPEY,XUJQAV,0.9998561605373684
XUJPEY,EZOFEF,0.9938281120552585
XUJPEY,QEZZED,0.8965292162364354
XUJPEY,SOQRUM,0.8740999229063975
XUJPEY,LIDSAU,0.8611552093498618
XUJPEY,LIDSEY,0.8610935974993732
XUJPEY,XOMCIN,0.8607396793011222
TONBUU,VEMSUC,0.9999949346345594
VABJUE,VABKEP,0.999636933873936
VABJUE,VABJIS,0.9986745942580284
PUNYED,XAVQIU01,0.9997920959404988
PUNYED,DAFHEZ,0.8943134439830012
PUNYED,COXFOL,0.8933126770399381
PUNYED,ABIWOX,0.8850358837662268
XALMOO,NIDFOX,0.9954301428503388
XALMOO,BAKJEE,0.8859839567454777
XALMOO,TIDNIF,0.8847775227059478
XALMOO,DIBQIQ,0.8709752646232621
XALMOO,NIGPEA,0.8690935118343466
XALMOO,HELDOT,0.8674270419646419
XALMOO,NIGPAW,0.8653047175467756
XALMOO,AHETAK,0.8601675577130822
XALMOO,YODRAM,0.8601583682334757
XALMOO,VEDFOB,0.8600561323112746
XALMOO,CIJBEE,0.859943863116617
XALMOO,OJOBAS,0.8598108332953504
KEGTEY,OBAHOR,0.819888057887003
WECSAZ,EXUTAU,0.9998139151315149
WECSAZ,SIKYER,0.9973273833753028
WECSAZ,DUGDOA,0.9079176340777346
WECSAZ,LUCDAO,0.8798973939065807
WECSAZ,DIXGIC,0.8767802180352755
WECSAZ,KAHWOG,0.8597279439719163
HAWZEM,UFUMUD02,0.9999988281479149
HAWZEM,QERZUI,0.9999963044701574
HAWZEM,BAHGUN03,0.99999513968459
HAWZEM,BAHGUN02,0.999925498980474
HAWZEM,ECODIK,0.9998635906887494
HAWZEM,UFUNAK,0.9998443946597632
HAWZEM,UGEPEB,0.9995417933969584
HAWZEM,AHEMEG,0.9989602766685636
HAWZEM,NAPSUV,0.8668459031771569
REYCUV,SIKCIA,0.9105889112955352
REYCUV,HEZKIH,0.866571643020705
REYCUV,ADATAC,0.859569471549054
VODBEW,COKJIX,0.9990528976617592
VODBEW,EBEWOZ01,0.8891867300999885
VODBEW,EBEWOZ,0.8891457398275978
VODBEW,YICGUP,0.862347276276237
VODBEW,ATIKAP,0.8608436665613759
UNEJEE,ESEBOV,0.9999846362524322
UNEJEE,ERARUM,0.8929689837520632
UNEJEE,WIZMAV05,0.8929141175409399
UNEJEE,WIZMAV,0.8928982726577431
UNEJEE,WIZMAV10,0.8928943033201665
UNEJEE,BUNLAZ,0.8837229818257442
UNEJEE,BUNKUS,0.8833741143420274
LUGLUU,OHOROS,0.893140564739287
BOVHEB,NUCRIN,0.9872104682169082
BOVHEB,MOFTIL01,0.9859419902743836
BOVHEB,FECWOB,0.983784700078732
BOVHEB,LEYLIN,0.9295189884893428
BOVHEB,PEPHID,0.8930488122104121
BOVHEB,GAMFEG,0.8885608460739007
BOVHEB,SAQFUM01,0.869525789101682
BOVHEB,OHOROS,0.8694103380290893
UFATEA,ROGLOP,0.9956518076864784
UFATEA,LIDSEY,0.8745959695068558
UFATEA,JAMSEY,0.8730704105164115
EBIBOJ,QESNEK,0.999956777179608
EBIBOJ,COMFIU,0.9981825685787108
BAHGUN02,UFUMUD,0.999956403239999
BAHGUN02,QERZUI,0.9999494572384184
BAHGUN02,QERZUI01,0.9999446882047824
BAHGUN02,UFUMUD02,0.999933806257334
BAHGUN02,UGEPEB,0.9997675744151716
BAHGUN02,POFDIZ,0.9997534413606788
BAHGUN02,UFUNAK,0.9996737165132952
BAHGUN02,AHEMEG,0.9986352382003556
BAHGUN02,XICKOL,0.8775418329059769
BAHGUN02,NAPSUV,0.866271827485068
SACCAD,SOWCOY01,0.8913022182159547
SIRBIG01,DOHDOU,0.9999784357428456
KENTEF05,KENVIL,0.999999987698998
KENTEF05,KENTEF04,0.9999999848783044
KENTEF05,KENVIL02,0.999999653290286
UFUMUD,QERZUI01,0.9998923449174534
UFUMUD,UGEPEB,0.9998798993614052
UFUMUD,ECODIK,0.9998392758759618
UFUMUD,BAHGUN03,0.9998263773972964
UFUMUD,QERZUI,0.99982027010975
UFUMUD,UFUMUD02,0.9997841321552058
UFUMUD,POFDIZ,0.999603011409918
UFUMUD,UFUNAK,0.9994099107729886
UFUMUD,XICKOL,0.8770626893660705
UFUMUD,NAPSUV,0.8655394815751121
UMARIL,XUFYAA,0.8727770258317294
WOHYOH01,GURXIB,0.883333507591548
CAJHUS,NIHBAI01,0.9999012349586166
CAJHUS,NUDPAE02,0.9979223611571416
CIZQOT,NATFAS,0.999936379402191
CIZQOT,FABFOF,0.995668264418542
CIZQOT,WOBHIF03,0.8691842093622131
CIZQOT,SAVMAE,0.8636595672829193
OKIYIR,OKIWEL,0.9999999971030548
OKIYIR,WUNVEH,0.9999998484996532
OKIYIR,OKIVIO01,0.999998912011565
OKIYIR,WUNVAD,0.999998542745647
OKIYIR,OKIVIO02,0.9999969502041656
OKIYIR,YINNUH,0.9999806307924912
LUFNAC,LUFNAC04,0.9998999520077386
LUFNAC,LUFNAC01,0.999907590113984
LUDLIH,RILFEA,0.99999754447581
LUDLIH,DOTSOV14,0.999956547434524
LUDLIH,BABREE,0.9321567954876312
LUDLIH,IWEVAJ,0.9187970653024956
LUDLIH,HOYQIX,0.887161407248837
LUDLIH,USEVOF,0.8850247807011137
LUDLIH,ANUGIA,0.8774718263118054
LUDLIH,NEMCOA,0.8746271408711195
LUDLIH,HIDTUM,0.873348144556208
LUDLIH,XICKOL,0.8606317463542024
YUMFUJ,APAZIC,0.999638969765132
YUMFUJ,APAYUN,0.9994482427493928
YUMFUJ,LUWMEX,0.9978284356958462
YUMFUJ,FECXAO,0.9460399730358796
TEPJOP,RUWXEN,0.9397415078947404
MOFTIL02,FECWOB,0.9998680404187626
MOFTIL02,NUCRIN,0.9997885358358792
MOFTIL02,GAMFEG,0.8963191792306997
MOFTIL02,SAQFUM01,0.8767697277729247
MOFTIL02,OHOROS,0.8767525730600207
NOMPIQ01,NIGPEA,0.913330229955968
NOMPIQ01,NIGPAW,0.9128798173314
NOMPIQ01,LUWZUZ01,0.8868681310352761
NOMPIQ01,LUWZUZ02,0.8867875417795965
RAVVIU,IGOPEB,0.997507683984732
RUXWEM03,XOGWUN,0.8851307019497526
RUXWEM03,MUXVIM,0.8846037178040943
RUXWEM03,MINBEQ,0.8749623231248863
RUXWEM03,ODIXIK,0.8648244197811423
RUXWEM03,YUYGOQ,0.8647929873319016
RUXWEM03,RUGYOJ,0.8647198811859615
RUXWEM03,NOZZUZ,0.863684235594344
SIKYER,EXUTAU,0.9957368958158542
SIKYER,LUCDAO,0.8846629757891085
SIKYER,DIXGIC,0.8776646138930096
SIKYER,SENXER,0.8739679422729293
SIKYER,KAHWOG,0.8605080497688262
FEXCAO01,ABIWOX,0.8877123782522174
FEXCAO01,LUWZUZ02,0.8716645885960427
FEXCAO01,NIGPEA,0.8715107526190725
FEXCAO01,DIDBEZ,0.8693703586442522
FEXCAO01,HELDOT,0.8692972096955485
TALKAT,BUHFER,0.99990767518941
TALKAT,PEFDEK,0.9989057230662284
AXOCEW,KAHMOW,0.9947831223234556
XINTOG,FEYDET,0.924917061350922
XINTOG,CUFFIT,0.924222538085169
XINTOG,CUFFUF,0.9240974522038397
XINTOG,CUFFOZ,0.9240624390094524
XINTOG,YAMXOC,0.9240565955094654
XINTOG,CUFFEP,0.9240510521129564
PEPHID,FECWOB,0.897010663216367
DOTSOV15,BABREE,0.9324941596561328
DOTSOV15,EXOYAS,0.9199357594585452
DOTSOV15,EXOGAB,0.907979623936772
DOTSOV15,HOYQIX,0.8869722016882168
DOTSOV15,IPUPOA,0.8856127416969144
DOTSOV15,USEVOF,0.8848941562243803
DOTSOV15,NEMCOA,0.8753307787711676
GEWSEJ,NELRAY,0.9024146119444671
YAXCAC,XUDSIY,0.9993011619064344
YAXCAC,POJTUE,0.9960713498394
YAXCAC,EFEGOM,0.9959701880340748
YAXCAC,SETQUF,0.9958033117712992
YAXCAC,SADMUH,0.9956375308049528
YAXCAC,SETRAM,0.9954214649999912
YAXCAC,SETQIT,0.9951094219033714
YAXCAC,SETQAL,0.9949570627271213
YAXCAC,YAXBOP,0.9949495393093432
YAXCAC,TOVJAR,0.9074653507908864
EXOGAB,IPUPOA,0.9737290824807628
EXOGAB,HOYQIX,0.973157022894927
EXOGAB,ANUGIA,0.960890613935003
EXOGAB,LASYOU,0.9540027375345008
EXOGAB,NAPSUV,0.9321451376330564
EXOGAB,XICKOL,0.9177508306068892
EXOGAB,KIJRUS,0.9144055333239476
EXOGAB,RILFEA,0.907701470775176
EXOGAB,QOWRAV02,0.9074547011341332
EXOGAB,SEMNIJ,0.8918146956616068
EXOGAB,NEMCOA,0.8845318896336294
EXOGAB,HIDTUM,0.883713840190294
FOKWOT,PIQQEN,0.9765206926912666
FOKWOT,REFWIL,0.971502340237677
URUFIY,ZEFSAG,0.8647564176712907
BUNKUS,ERARUM,0.9489415762885736
BUNKUS,WIZMAV,0.9487821427446376
BUNKUS,WIZMAV07,0.9487748226226452
BUNKUS,WIZMAV10,0.9487732563787868
TEVVOI,CAXZUY,0.99694858735561
TEVVOI,ROGLOP,0.9181252659302704
TEVVOI,XOMCIN,0.9055530968799974
TEVVOI,LIDSEY,0.9038435310261598
TEVVOI,LIDSAU,0.9026806942485242
TEVVOI,XADWIK01,0.8851229082240599
TEVVOI,SEQSUE,0.8705364676824625
KETHEY,PAQYAJ01,0.8811246064621094
KETHEY,PAQXUC,0.8809707011037957
KETHEY,CEHKUW,0.8599334149034614
QOWRAV02,KIJRUS,0.9863026387571684
QOWRAV02,ANUGIA,0.960281322539832
QOWRAV02,HOYQIX,0.9441726834083076
QOWRAV02,IPUPOA,0.9334911379026758
QOWRAV02,FISGOF,0.9011577806972196
QOWRAV02,SEMNIJ,0.8658239840232149
IXOFUX,XAVDEF,0.99999968405915
IXOFUX,XAVDIJ,0.999997024150514
IXOFUX,ATOTIM,0.9999344959863546
IXOFUX,ALOVEC,0.9960469982755208
IXOFUX,PARFOF,0.885038710513379
GALJAG,FAHQEM,0.996390129224251
GALJAG,FAHQIQ,0.988598230176313
GALJAG,NEDLOZ,0.9536163803908744
GALJAG,CIFSIW,0.95250188421456
GALJAG,CIFSAO,0.9515247119232326
GALJAG,FOSTIS,0.9512365436812972
GALJAG,UNIDAY,0.9510582964037524
GALJAG,FOSTOY,0.9508083481513634
CUFFOZ,CUFFEP,0.9999999963143392
CUFFOZ,YAMXOC,0.9999999841625792
CUFFOZ,CUFFIT,0.9999992514665326
CUFFOZ,FEYDET,0.999972141771321
CUFFOZ,VIFPUY05,0.8747414505056494
QERZUI,BAHGUN03,0.9999999198292672
QERZUI,QERZUI01,0.999945987362389
QERZUI,ECODIK,0.9998995501943102
QERZUI,UGEPEB,0.9996203120368768
QERZUI,AHEMEG,0.9988489424785691
QERZUI,XICKOL,0.877770306961883
QERZUI,NAPSUV,0.8666221832884475
SEFVEG02,SEFVEG,0.9999999990092544
SEFVEG02,NIFQOL,0.999999974775518
SEFVEG02,NIFRAY,0.9999989704957546
SEFVEG02,NIFQIF,0.9999974827493628
SEFVEG02,TUDJEI,0.999966819231848
DELTAQ03,DELTAQ,0.9999329309361789
LUWZUZ01,NERVIP01,0.8830224622811638
LUWZUZ01,DIDBEZ,0.882525357867751
EKUNON02,MALWUU,0.8634899315694242
ACODON,QACTUJ,0.8950407927229951
ACODON,ZALLEG,0.8841481989878284
FOSTOY,FOSTIS,0.9999896069353196
FOSTOY,CIFSAO,0.9999753628281732
FOSTOY,UNIDAY,0.999962188295102
FOSTOY,CIFSIW,0.9998473483004946
FOSTOY,FAHQIQ,0.95541001168961
FOSTOY,IFIPEV,0.9531629002322148
LUFNAC01,TUTJAU,0.9998991979884186
FEJFAE,IVELUS,0.9999897905127484
DAKVIW,FAMBUS,0.8667800751164074
DAKZUN,DUGDUG,0.986828002532846
DAKZUN,AYOZOF,0.9779876994962098
DAKZUN,KEDJEL,0.9563243673247234
DAKZUN,CEJXEW,0.9551272511295504
DAKZUN,ZALLEG,0.9508664911366532
DAKZUN,XADDAJ01,0.9444486323719588
DAKZUN,TORPUN,0.8610870405835335
BUNLAZ,WIZMAV05,0.949448946615004
BUNLAZ,WIZMAV10,0.9494063719296808
BUNLAZ,GAYXEM,0.9158350009510572
BUNLAZ,ESEBOV,0.8833547955895674
WOBHIF03,QEJBIT,0.8751576994647692
WOBHIF03,FABFOF,0.8726321769527314
PEGBEK01,ZAWCAE,0.9999982274377446
CAYDUD,CAYDOX06,0.9999999997043248
WOBNOS,RUVBIV,0.8809685356448578
RUVBOB,RUVBIV,0.997833166696092
WEYQAU16,OFODET,0.9058545832168888
WEYQAU16,SOBDOF,0.8833816318339534
IMUVES,IMUTUG,0.999959678672884
WIZMAV07,WIZMAV05,0.9999999389532792
WIZMAV07,ERARUM,0.9999990666881218
WIZMAV07,GAYXEM,0.9533966127771272
WIZMAV07,OFOJAX,0.9310260077640458
WIZMAV07,ESEBOV,0.8931839245951313
DUGDOA,DIXGIC,0.8829957367169802
DUGDOA,EWASIG,0.8644163849504569
ERIQUS,LONHON,0.999964064063597
ERIQUS,XILBAW,0.9981415392438688
ERIQUS,YAPQUC,0.9929401448137446
ERIQUS,SAQCIZ,0.8857709446977469
ERIQUS,POCMEA04,0.8836840088350665
ERIQUS,POCMEA03,0.8835616539430318
ERIQUS,INICPB01,0.8830424580231166
ERIQUS,CERPOF,0.8747626830486301
ERIQUS,WENRIR,0.8595381131218326
PAQXUC,PAQYAJ01,0.9997651950940154
YODRAM,AHETAK,0.9999998461279912
YODRAM,VEDFOB,0.999983842407729
YODRAM,CIJBEE,0.9999512097476716
YODRAM,YIGGEB,0.9974850456407152
YODRAM,DIDBEZ,0.9228898995678636
YODRAM,BAKJOO,0.8790563959852877
YODRAM,BAKJEE,0.8787656077797551
YODRAM,TIDNIF,0.8769593171469465
YODRAM,ESEQUO,0.8739527197809431
NIDFOX,DIDBEZ,0.9178944343078994
NIDFOX,BAKJOO,0.8782287615455219
NIDFOX,BAKJEE,0.876746645830746
NIDFOX,DIBQIQ,0.8620485770618663
NIDFOX,YIGGEB,0.8594325120062124
YIHZIA01,YIHZIA02,0.999858255598739
USEVOF,EXAXAE,0.9962847560083236
USEVOF,RILFEA,0.8850345651128309
USEVOF,TISPAO,0.8850112603401653
USEVOF,DOTSOV14,0.8848940431084777
VEFMAW,WEMKEG,0.8651392720523388
DIDBEZ,VEDFOB,0.9229877589834264
DIDBEZ,CIJBEE,0.9229493375614548
DIDBEZ,OJOBAS,0.9228859957994402
DIDBEZ,EXUXEC,0.9228273395610064
DIDBEZ,BAKJOO,0.9089235353050732
DIDBEZ,BAKJEE,0.908724663534879
DIDBEZ,DIBQIQ,0.8850298425944046
DIDBEZ,NIGPEA,0.8838802324015963
DIDBEZ,HELDOT,0.8826741793953836
DIDBEZ,NIGPAW,0.8755207328276281
DIDBEZ,ESEQUO,0.867145112532401
NERVIP01,CEJFOO,0.99858837841226
NERVIP01,LUWZUZ02,0.8828996697940401
WUHMUJ,USAYOE,0.9974989706883856
WUHMUJ,GEPBEK,0.992535108486004
WUHMUJ,QUSVOQ,0.9422888740406384
WUHMUJ,WEMKEG,0.8647258770241195
RASKIH,WAMRIN01,0.8292929871066087
SAVMAE,VURMOL,0.8911833201937668
SAVMAE,NATFAS,0.8638963486482463
NOZZUZ,ODIXIK,0.9995885313974396
NOZZUZ,NOZZOT,0.9982508951343594
NAPSUV,XICKOL,0.9886011390591534
NAPSUV,IPUPOA,0.9078635348315496
NAPSUV,ANUGIA,0.9006512023936577
NAPSUV,LASYOU,0.8948743908509413
NAPSUV,AHEMEG,0.8701069842996444
NAPSUV,UFUNAK,0.8683512823889157
NAPSUV,POFDIZ,0.8681532170623316
NAPSUV,BAHGUN03,0.8665871025235368
NAPSUV,QERZUI01,0.8655833405817834
NAPSUV,ECODIK,0.8651608164333254
NAPSUV,UGEPEB,0.8638952761956387
CUPHUS,LIRVAK,0.99956453797725
CUPHUS,XIQZIH,0.9991617073354232
CUPHUS,ASUKEE01,0.9987506699579912
OJOBAS,VEDFOB,0.9999535777229602
OJOBAS,VEDFAN,0.9999324814710092
OJOBAS,AHETAK,0.9998882209928116
OJOBAS,BAKJOO,0.8792648079411757
OJOBAS,TIDNIF,0.8768204182342387
OJOBAS,ESEQUO,0.8718866092389006
TISPAO,RILFEA,0.9997861508564282
TISPAO,DOTSOV14,0.999532074725555
TISPAO,LASYOU,0.9470703199379842
TISPAO,DALSOA,0.9326500432395596
TISPAO,HOYQIX,0.8872855680579488
TISPAO,IPUPOA,0.883376013575556
TISPAO,ANUGIA,0.8779158598293024
TISPAO,NEMCOA,0.8726549082774764
TISPAO,XICKOL,0.8597095786524921
IDIWOH06,IXOFOR,0.9999996217368632
IDIWOH06,IDIWOH04,0.999999963339347
IDIWOH06,IXODUV,0.9999998359611189
IDIWOH06,XAVDIJ,0.9999979786505302
IDIWOH06,ATOTIM,0.9999307047859416
IDIWOH06,ALOVEC,0.9960760802870678
IDIWOH06,PARFOF,0.885042021169017
SENXAN,SENXER,0.9993194981212294
SENXAN,LUCDAO,0.8711026834758443
SENXAN,EXUTAU,0.8627405751709559
FAHQIQ,FAHQEM,0.9977903604467536
FAHQIQ,IFIPEV,0.9920673809402406
FAHQIQ,UNIDAY,0.9552484186086304
FAHQIQ,FOSTIS,0.9552114620764506
FAHQIQ,CIFSAO,0.955067924507728
FAHQIQ,NEDLOZ,0.9535203784640378
FAHQIQ,VIFPUY05,0.9357907802972446
VEDFAN,VEDFOB,0.9999960305017704
VEDFAN,EXUXEC,0.9999364123561528
VEDFAN,YIGGEB,0.9972817494133216
VEDFAN,BAKJEE,0.8788531289361304
VEDFAN,TIDNIF,0.8770069581422776
VEDFAN,ESEQUO,0.8736125352840695
DAFHEZ,FILYEG,0.9997326156588656
DAFHEZ,CIPLIX,0.8951385008313806
AHETAK,CIJBEE,0.999945739271246
AHETAK,BAKJOO,0.8790443172806356
AHETAK,TIDNIF,0.8769648304415102
YAYRAT,SICDAL,0.8749372041157231
YAMXOC,CUFFEP,0.99999998436748
KIJRUS,ANUGIA,0.9575011027445174
KIJRUS,SEMNIJ,0.865582180877716
KIJRUS,LASYOU,0.8596060602886426
KUXREC,POJTOY,0.9986460245567482
KUXREC,POJTUE,0.9980329234670048
KUXREC,SETQOZ,0.9978696454428144
KUXREC,SETQIT,0.9973390124052388
KUXREC,SETQAL,0.9972256783986986
KUXREC,TOVJAR,0.9081621414887756
KUXREC,REZXOK,0.8846630737113824
NOZZOT,GERWOR,0.8610350471844208
WIZMAV05,OFOJAX,0.9310679449203448
WIZMAV05,ESEBOV,0.893201112585235
WIZMAV05,WUPTUY01,0.8634837097433736
EZOFEF,XUJQAV,0.9955454792168494
EZOFEF,NUNNUH,0.9944938718922676
EZOFEF,XUJPIC,0.9928062135511478
EZOFEF,QEZZED,0.8872643050476677
AMURUX06,MGFORD02,0.9999741356578884
AMURUX06,LICSEW04,0.9999467233466018
AMURUX06,LICSEW03,0.999876493895242
AMURUX06,XEHSOT,0.9967945509142412
AMURUX06,MOPQIT,0.9966197137134212
AMURUX06,NIWZIE08,0.995773232889307
AMURUX06,NIWZIE09,0.9955652484059678
ANUGIA,HOYQIX,0.9878389154838776
ANUGIA,IPUPOA,0.983110160166374
ANUGIA,LASYOU,0.9225417781387424
ANUGIA,FISGOF,0.9188664213814026
ANUGIA,SEMNIJ,0.8850246358797598
ANUGIA,XICKOL,0.884737357522199
ANUGIA,RILFEA,0.8774982594306273
ANUGIA,HIDTUM,0.8728624939496811
NIFRAY,NIFQOL,0.9999986232439394
NIFRAY,NIFQIF,0.9999932338731308
NIFRAY,TUDJEI,0.9999774782166996
NIFRAY,NIFTAA,0.9999746673562246
LIRVAK,XIQZIH,0.9998558723692824
LIRVAK,ASUKEE01,0.9997872235191794
LIRVAK,PEKZIP,0.9996976001259176
LIRVAK,OJOQAF,0.9967866387161678
LIRVAK,HAJPEQ,0.8598493354408752
SABWAU,CEMLOY,0.9080527056385832
SABWAU,KUNTAQ02,0.9999689276795406
SETQIT,SETQAL,0.9999988118137386
SETQIT,YAXBOP,0.9999986656172968
SETQIT,SETRAM,0.9999948071707124
SETQIT,SETQUF,0.9999731256114786
SETQIT,SETQOZ,0.999970370562998
SETQIT,EFEGOM,0.9999578051235796
SETQIT,POJTUE,0.999946906364504
SETQIT,XUDSIY,0.9908603403126692
SETQIT,KUXSIH,0.9725091485777226
SETQIT,TOVJAR,0.906456787838596
IPUPOA,HOYQIX,0.9965105855387488
IPUPOA,LASYOU,0.927539538443739
IPUPOA,FISGOF,0.9074770833923936
IPUPOA,XICKOL,0.8957076591344518
IPUPOA,DOTSOV14,0.8856130218705105
IPUPOA,RILFEA,0.8849895716690743
IPUPOA,SEMNIJ,0.8694096263950585
IPUPOA,NEMCOA,0.865856735244079
IPUPOA,HIDTUM,0.8655421383606808
AHEMEG,UFUNAK,0.9996088015371472
AHEMEG,POFDIZ,0.999452915589982
AHEMEG,UFUMUD02,0.9989967855320973
AHEMEG,QERZUI01,0.9983022970126412
AHEMEG,UGEPEB,0.9972817980135888
RILFEA,DOTSOV14,0.9999508322555416
RILFEA,LASYOU,0.9465252291363158
RILFEA,BABREE,0.9321262013420878
RILFEA,HOYQIX,0.8871761634608527
RILFEA,EXAXAE,0.8821112951337504
RILFEA,XICKOL,0.8606080160411044
BAHGUN03,QERZUI01,0.9999499303009808
BAHGUN03,UFUNAK,0.9997915635127218
BAHGUN03,POFDIZ,0.9997248490593338
BAHGUN03,XICKOL,0.8777501066457281
YENZAV,EBEWOZ01,0.89773625734436
YENZAV,EBEWOZ,0.8976886359147735
UFUNAK,POFDIZ,0.9998835464843836
UFUNAK,UFUMUD02,0.9998579184615288
UFUNAK,ECODIK,0.9994169363600868
UFUNAK,UGEPEB,0.998914409811327
FEYDET,CUFFIT,0.9999800030748964
GOVWOF,JEJZAC,0.8749614033854183
COKJIX,EBEWOZ01,0.8936373024726039
COKJIX,YICGUP,0.8637486571528634
COKJIX,ATIKAP,0.8598740826920994
EXUXEC,VEDFOB,0.9999069342559682
EXUXEC,CIJBEE,0.9998333171388176
EXUXEC,YIGGEB,0.998047740816558
EXUXEC,BAKJOO,0.8788369957186312
EXUXEC,ESEQUO,0.8751313583811604
ZEDVOV,HAXYIQ,0.8458801088898862
ZEDVOV,AVAQAP,0.998942597042815
ZEDVOV,FOKYIP,0.8872430060702009
ZEDVOV,VUWSAJ,0.8849047468610532
XEGWAK,KAHMOW,0.9999998354489248
XEGWAK,XEGWIS,0.9999997987017398
XADWIK01,XADWIK,0.9999841975774064
XADWIK01,LIDSEY,0.9035879173756058
XADWIK01,JAMSEY,0.9022947898039289
IXODUV,XAVDIJ,0.999996718403386
IXODUV,ATOTIM,0.9999369789435486
IXODUV,ALOVEC,0.9960281055306625
SAZQEQ,YOVTOS,0.999986086304055
SAZQEQ,QANSEE,0.9999799906335204
SAZQEQ,WAWGOQ,0.8651142737998694
ESEQUO,NIGPAW,0.9066639978615156
ESEQUO,USAYOE,0.9034493750434812
ESEQUO,DIBQIQ,0.8927591396449808
ESEQUO,NIGPEA,0.887276288219431
ESEQUO,YIGGEB,0.8812115633528992
ESEQUO,VEDFOB,0.8733805050478161
ESEQUO,XEVSIB,0.8616906317601245
YUHMAR,DEKGOS,0.9094188669595064
COQMAX,TAJQEC,0.9996890132821716
HEBNAF,WEMWAP,0.846271927669292
SANMEB,YUKVUW04,0.999853368652104
SANMEB,SIWYOO,0.9996700617187566
SANMEB,ELUQIM08,0.9974399955739378
SANMEB,ELUQIM04,0.9973849471920104
SANMEB,ELUQIM13,0.9973259854893956
QUDGED,IGINIX,0.8895336563182098
DOTSOV14,LASYOU,0.9461141124798388
DOTSOV14,DALSOA,0.9330059844537296
DOTSOV14,BABREE,0.932494295473558
DOTSOV14,EXOYAS,0.9199356755704332
DOTSOV14,IWEVAJ,0.9187240079823382
DOTSOV14,HOYQIX,0.8869720628670144
DOTSOV14,EXAXAE,0.8828240331589174
DOTSOV14,NEMCOA,0.8753311140472909
DOTSOV14,HIDTUM,0.8741817423811934
DOTSOV14,XICKOL,0.8608874694187342
YIGGEB,VEDFOB,0.997108249050219
YIGGEB,CIJBEE,0.9967438918451856
YIGGEB,TIDNIF,0.8746428580484885
YIGGEB,BAKJEE,0.8739640101429531
YUZJOU,OJOQAF03,0.9993558387086904
KEDJEL,CEJXEW,0.9993425752267878
KEDJEL,DUGDUG,0.9455451936685269
KEDJEL,QACTUJ,0.9403941312273614
KEDJEL,CUJCIV,0.8602898493368392
HIQNOM,HIQNUS,0.9985699228311764
HIQNOM,GUDCIT,0.9568645085774032
MAJMOA04,MAJMOA03,0.9999987477055164
GURXIB,UPEMUZ,0.8865654759408512
GURXIB,VUQJUN01,0.8771951234232036
GURXIB,WOHYUN,0.8638898288949576
IWOSAP,IWOSET,0.9987457257361926
WUPTUY01,ERARUM,0.863541702589351
WUPTUY01,WIZMAV,0.8634669739433543
WUPTUY01,WIZMAV10,0.8634627821425487
SACMOA,UGECEO01,0.9995460721762472
SACMOA,XUZRIU,0.8640960293280129
SACMOA,XEVSIB,0.8626898832131583
GAYXEM,ERARUM,0.9535017780715112
GAYXEM,WIZMAV10,0.9533956216516742
GAYXEM,OFOJAX,0.899223698585139
GAYXEM,ESEBOV,0.8596324470250639
NEMCOA,EXOYAS,0.9218683613835124
NUFBOH,APACAX,0.951265298766165
NUFBOH,IRELAU,0.8921751069860115
ESEBOV,ERARUM,0.8932503792494574
ESEBOV,WIZMAV,0.893186865484262
ESEBOV,WIZMAV10,0.8931832950799333
LIBNIU01,LIBNIU,0.9999650161272686
POFDIZ,UFUMUD02,0.9997829111978224
POFDIZ,QERZUI01,0.9995096499160112
POFDIZ,ECODIK,0.9993535517792286
POFDIZ,UGEPEB,0.9990707721465512
POFDIZ,XICKOL,0.8785192179128507
OFOJAX,WIZMAV,0.9310331712630782
OFOJAX,WIZMAV10,0.9310244755069794
CUFFIT,CUFFEP,0.9999991437561968
CAJHUS01,NIHBAI01,0.999999543944896
CAJHUS01,IZAKAX,0.9999253535443636
SAMVEK,VEGXIQ01,0.8691999887593032
BAKJOO,BAKJEE,0.9999421236502638
BAKJOO,CIJBEE,0.8792202211485188
BAKJOO,VEDFOB,0.8791514516877219
BAKJOO,CIPLIX,0.8605741147981187
VEXVAW,TOVJAR,0.9170548486151492
RUWXEN,RUWWOW,0.999999857698247
IGOPEB,SOJKOT07,0.999854187223919
IGOPEB,DADTUY07,0.999798851900748
IGOPEB,MAJMOA03,0.9997871973456608
IGOPEB,RAVVIU01,0.9976127838948374
NIWZIE02,NIWZIE09,0.9999993538039168
NIWZIE02,NIWZIE17,0.9999798544715518
NIWZIE02,NIWZIE18,0.9999764686750544
NIWZIE02,NAXVOY04,0.9999613939286948
NIWZIE02,MOPQIT,0.9999404959846632
NIWZIE02,LICSEW03,0.9968290243273168
NIWZIE02,MGFORD02,0.9963093311096868
YUBMIS,XEZVIJ,0.9984920832913816
MITSIS,CEHKUW,0.9992629700445818
MITSIS,IJEYEC,0.8904160046269544
MITSIS,YIKGEF,0.8721306804035651
IJEYEC,CEHKUW,0.8941890561121735
SEMNIJ,FISGOF,0.9524587511107504
LASYOU,HOYQIX,0.9327749252717084
LASYOU,HIDTUM,0.9136821818629326
LASYOU,EXOYAS,0.873681624055973
NIGPAW,CAQJOW,0.874323182436593
NIGPAW,CAQKAJ01,0.8636183017988411
XEHSOT,MOPQIT,0.9999973880187298
XEHSOT,NAXVOY04,0.9999909909768044
XEHSOT,NIWZIE08,0.9999289443750108
XEHSOT,NIWZIE09,0.9998996738734224
XEHSOT,NIWZIE18,0.9998021838475968
XEHSOT,LICSEW04,0.99755573951463
XEHSOT,MGFORD02,0.9973408600439208
KIYZID02,KIYZID03,0.9999947694131434
KIYZID02,ZEFNIH01,0.9077682324025936
KIYZID02,PTRPHT02,0.90641003647523
TECVEE,TECTUS,0.999345583283658
XADWIK,XOMCIN,0.9057034103069476
XADWIK,LIDSEY,0.9041330918881576
XADWIK,CAXZUY,0.8824811543283839
EBEWOZ01,MIRGIG,0.8872681080179053
EBEWOZ01,KEZLIN,0.8861014985288738
EBEWOZ01,AFUDUD,0.8841956926612901
EBEWOZ01,ATIKAP,0.8671941310555475
EBEWOZ01,ADEGIA01,0.8646749420028176
VAHWOS,VAHWOS02,0.9999947879803628
MOFTIL01,FECWOB,0.9998052010432904
MOFTIL01,LEYLIN,0.9287142607435832
MOFTIL01,GAMFEG,0.89656635562502
MOFTIL01,SAQFUM,0.8768964864628669
XADGUG,VAFCAH01,0.999998674692002
UGEPEB,ECODIK,0.999855204739264
UGEPEB,XICKOL,0.876038646694382
RUBTAK04,RUBTAK08,0.9999999878751676
RUBTAK04,SURKUN,0.9999999931492812
DALSOA,EXOYAS,0.8635852726204497
DALSOA,IWEVAJ,0.8624521802508756
CUIMDZ01,CUIMDZ03,0.9923866322385442
IMIDZB02,IMIDZB01,0.9999911704044252
NOFRAC,CERPOF,0.8969035523788904
XICKOL,ECODIK,0.8768919466878238
XICKOL,IXAKAU,0.8763887628536686
XUJQAV,VEMSUC,0.999998983805659
XUJQAV,XUJPIC,0.9996686489078888
XUJQAV,PUNYON,0.9953937868420903
XUJQAV,QEZZED,0.8959187677289983
XUJQAV,SOQRUM,0.8764270644249921
XUJQAV,LIDSEY,0.8611414562063239
XUJQAV,XOMCIN,0.8610849779314607
XUJQAV,LIDSAU,0.8610265071486382
DIXGIC,EXUTAU,0.8756574602034772
PEBNER,FUQJUX,0.9999207500861642
PEBNER,VUQJEX01,0.9993987641235156
PEBNER,VUQJEX,0.9993751756666668
PEBNER,DEGJIK,0.9979524319361932
PEBNER,JAXNUU,0.9979163754996392
PIQQEN,REFWIL,0.9869767458985704
SAHBEJ,COXHON,0.998229217431708
HACPOR01,HACPOR,0.9998736015375456
DUGDUG,AYOZOF,0.9919026137997397
DUGDUG,CEJXEW,0.9502034865232464
CIFSAO,UNIDAY,0.999956332304104
CIFSAO,CIFSIW,0.9999453376070014
CIFSAO,NEDLOZ,0.9997094487256616
CIFSAO,FAHQEM,0.9563343126497847
MICJOA,FIPKOG01,0.8684000362863089
CAXZUY,XOMCIN,0.9088364326234132
CAXZUY,FIFPAM01,0.860075997345213
KETSEI,ETUSUI,0.8998028473989533
YIQVOL,INOBOD,0.9447124024157876
CAQJOW,DIBQIQ,0.8727908394092457
CAQJOW,NIGPEA,0.8695586622809072
CAQJOW,HELDOT,0.8670489257630131
NUNNUH,VEMSUC,0.9999199770733216
NUNNUH,PUNYON,0.9943265009529164
NUNNUH,QEZZED,0.8963211641803437
NUNNUH,LIDSAU,0.8611287432828729
NUNNUH,XOMCIN,0.8608906796510024
YIPFIO,XUZRIU,0.9003776994137992
YIPFIO,XEVSIB,0.8990365151368223
EXOYAS,BABREE,0.8636900902983076
POCMEA01,POCMEA03,0.9999989151525884
POCMEA01,POCMEA04,0.9999929941363244
POCMEA01,INICPB01,0.999973337581482
POCMEA01,YUNBOZ,0.9997686076449048
POCMEA01,XILBAW,0.8850668722909967
POCMEA01,YAPQUC,0.8826691528233885
WENRIR,RUDRUE,0.8961591170050948
WENRIR,LONHON,0.8597244398359152
ADEGIA01,ATIKAP,0.9998023501642268
ADEGIA01,UMIZEX,0.8872762354548059
ADEGIA01,KEZLIN,0.8822963635978711
ADEGIA01,EBEWOZ,0.8646277845260374
ADEGIA01,HOGQIF,0.863289285385792
XUDSIY,KUXSIH,0.994909042359262
XUDSIY,POJTOY,0.9934547129860468
XUDSIY,POJTUE,0.9921848122172002
XUDSIY,SETQOZ,0.9918629284054568
XUDSIY,SETQUF,0.9918164827494752
XUDSIY,SADMUH,0.991585709147472
XUDSIY,SETRAM,0.9912856362679
XUDSIY,SETQAL,0.990652710632615
MIRGIG,KEZLIN,0.999122215325938
MIRGIG,AFUDUD,0.9974779961010922
MIRGIG,UMIZEX,0.965672627214566
MIRGIG,EBEWOZ,0.8872654753207101
MIRGIG,ATIKAP,0.8804269313689397
JAXNUU,QONLIQ,0.99963043884043
JAXNUU,BUZKUE,0.9970920612433508
JAXNUU,VUQJEX01,0.9950876469019524
JAXNUU,VUQJEX,0.9950209329645796
SEQSUE,SOQRUM,0.8880486376540607
NIWQIV,KARMOH,0.9448958806356542
ELUQIM13,ELUQIM04,0.9999996487098712
ELUQIM13,ELUQIM08,0.9999986884140248
ELUQIM13,TEVZOK,0.9998489010981716
ELUQIM13,YUKVUW04,0.9970661089445442
WEMKEG,DIBQIQ,0.8645496789528563
WEMKEG,HELDOT,0.86156972325786
ECODIK,QERZUI01,0.9999888467358972
ECODIK,UFUMUD02,0.9998493800372328
WIZMAV10,WIZMAV,0.9999999973818254
WIZMAV10,ERARUM,0.9999990492138184
HELDOT,NIGPEA,0.9998123873146244
HELDOT,DIBQIQ,0.998746298812431
NUCRIN,LEYLIN,0.9282337604202054
NUCRIN,GAMFEG,0.8970857050696581
NUCRIN,SAQFUM01,0.8775131491227427
NUCRIN,SAQFUM,0.8774587271618659
ROSKIV,ROSKOB,0.9035071348218062
GEPBEK,USAYOE,0.9986563251882764
HIDTUM,HOYQIX,0.859645761249298
LICSEW04,MGFORD02,0.9999929192143244
LICSEW04,NAXVOY04,0.99725083937948
LICSEW04,NIWZIE09,0.9964685354524642
LICSEW04,NIWZIE18,0.9959729145554128
NICZAA01,UFEVIL,0.9003584444308941
IFIPEV,FAHQEM,0.9982153736683612
IFIPEV,NEDLOZ,0.9551933421064636
IFIPEV,CIFSIW,0.9544208691474122
GUPDEB,GUPCUQ01,0.9997595398531328
POJTOY,EFEGOM,0.999930668235358
POJTOY,SETQOZ,0.9999120224612844
POJTOY,SETQUF,0.9999071015635664
POJTOY,SADMUH,0.9998808554566796
POJTOY,SETRAM,0.999842408150658
POJTOY,SETQAL,0.999746950324512
POJTOY,YAXBOP,0.999744970827908
POJTOY,TOVJAR,0.907490470895505
POJTOY,REZXOK,0.8848059218471782
TIDNIF,VEDFOB,0.8771016278241657
QACTUJ,LOZSUQ,0.9071196646635558
QACTUJ,CUJCIV,0.905263942606927
QACTUJ,XADDAJ01,0.8861611031226264
QACTUJ,NIGFOZ,0.8748755478138741
SEZCIM,SEZCOS,0.9999272494332696
QISGAC,LIWYUM,0.8650513263438099
UXEDUX,UXEDOR,0.999973824234762
UXEDUX,ISIYUF01,0.9999995083429358
UXEDUX,ERFORD01,0.9981390446789123
MNFORD03,LIJWOR,0.9999971824738508
MNFORD03,PADJOU01,0.9999892070376314
MNFORD03,VIRJEM,0.9999827893812072
MNFORD03,YUKTUU,0.9999704846690683
MNFORD03,DADTOS14,0.9999318212255393
MNFORD03,DADTOS12,0.999872294600151
MNFORD03,YANWOC01,0.9998686000375936
VIRJEM,YUKTUU,0.9999983450554446
VIRJEM,DADTOS17,0.9999952340736734
VIRJEM,LIJWOR,0.9999898953509284
VIRJEM,DADTOS04,0.9999533686707875
VIRJEM,YANWOC01,0.9999464592059288
KENVOR01,KEPNAX04,0.8787245848735148
KENVOR01,KENTEF04,0.9999996460312304
KENVOR01,KENTEF03,0.999993945959966
DIBQIQ,NIGPEA,0.9995281977453496
DIBQIQ,CAQKAJ01,0.8768880129981601
MGFORD02,LICSEW03,0.9999450154081148
MGFORD02,MOPQIT,0.9971808316696996
MGFORD02,NAXVOY04,0.997023229532975
MGFORD02,NIWZIE08,0.9964039293328916
MGFORD02,NIWZIE09,0.9962117715735396
MGFORD02,NIWZIE18,0.9956990592185082
ATIJOC,ALUJEX,0.9952861871159112
GERWOR,CEHKUW,0.9079065186947728
GERWOR,ODIXIK,0.8609462456494399
SETQOZ,SETQUF,0.9999999327794092
SETQOZ,EFEGOM,0.9999988907466628
SETQOZ,SADMUH,0.9999976390560424
SETQOZ,SETRAM,0.9999899238270968
SETQOZ,YAXBOP,0.9999565332120348
SETQOZ,KUXSIH,0.974237164803417
SETQOZ,REZXOK,0.8844096046899627
IDINER,SAQQEH,0.9444541843317804
SEHSOO,XUMTUV,0.8779618379806151
KIYZID03,PTRPHT02,0.9062308807786446
JOFDOZ01,UTEXUN,0.9961591330490548
SAQFUM,OHOROS,0.9999967009592172
IZUKEV,HIQKEZ,0.9999313965729966
IZUKEV,RIFYAI,0.9997139280713184
CEJXEW,ZALLEG,0.9985117965630644
CEJXEW,AYOZOF,0.9413512782313738
CEJXEW,XADDAJ01,0.9324652023230916
CEJXEW,LOZSUQ,0.8645891021560184
CEJXEW,TORPUN,0.8640758015896682
CEJXEW,CUJCIV,0.8622571520825614
CDLGLU11,CDLGLU12,0.9999224563213494
GEVXAI01,AFOJIO,0.9996075259155436
GEVXAI01,NATRAD,0.9957437389912374
GEVXAI01,RIQVUJ,0.8721718600912558
YUKTUU05,JEDKIP,0.9999990924554584
HUFHOH,TAMHUM,0.9999372489834746
HUFHOH,TAMJEY,0.9999990677970932
HUFHOH,HUFHUN,0.9999779655579288
HUFHOH,HUFJID,0.99858643807046
HUFHOH,GAMSOD,0.8796275419751621
HUFJAV,TAMJEY,0.9989791983533328
MACUFR06,OCUQIO,0.9998281918634928
MACUFR06,ROLCEC11,0.9988507430204276
MACUFR06,ROLCEC09,0.99884732681164
MACUFR06,ROLCEC01,0.998097145619076
NAXVOY04,MOPQIT,0.9999975400935666
NAXVOY04,NIWZIE08,0.9999705259986852
NAXVOY04,LICSEW03,0.9974862080629272
NIWZIE09,NIWZIE17,0.9999864072709588
NIWZIE09,NIWZIE18,0.999983602424253
HIQNUS,GUDCIT,0.9536780723048028
EDAGEX,EDAGAT,0.9999828351315628
EDAGEX,DADTUY07,0.9988202322543748
EDAGEX,MAJMOA03,0.9971628781087322
EDAGEX,DEFNIO,0.9946952341810332
POJTUE,EFEGOM,0.9999990793056855
POJTUE,SETQUF,0.9999953773005984
POJTUE,SETQAL,0.999929908238762
POJTUE,YAXBOP,0.9999290101081088
POJTUE,REZXOK,0.8844996022885847
RUDRUE,CERPOF,0.9999499750324442
RUDRUE,UHEBOA,0.8870803188832393
RUDRUE,YAPQUC,0.8691498082631073
LIJWOR,LIJWOR02,0.9999994936497484
LIJWOR,DADTOS14,0.9999491262251616
LIJWOR,DADTOS04,0.9999036963324828
LIJWOR,DADTOS12,0.9998972465226954
LIJWOR,YANWOC01,0.9998939229598494
FUQJUX,QONLIQ,0.9996910139386848
FUQJUX,VUQJEX,0.9988517110165156
DEHHEG,DELTAQ01,0.9997936210284608
DEHHEG,BIFSUF,0.9997711536133688
PADJOU01,DADTOS17,0.9999978241821204
PADJOU01,LIJWOR02,0.9999966374079864
PADJOU01,YUKTUU,0.9999948839749202
PADJOU01,DADTOS14,0.9999745459669848
PADJOU01,DADTOS12,0.9999348489790236
PEKZIP,ASUKEE01,0.9989797542374496
NAMDOV,KOQXUL,0.99972882349534
NAMDOV,OHIHUJ,0.9978626181719416
DADTOS12,DADTOS04,0.999999893487886
DADTOS12,DADTOS14,0.99999072717147
DADTOS12,YUKTUU,0.9999655542791156
DADTOS12,DADTOS17,0.9999128187595612
DADTOS12,LIJWOR02,0.999902013331142
RUFMUA,ECEDEY,0.9079286028298468
RUFMUA,TECTUS,0.9999285460958056
PEFDEK,BUHFER,0.9991179204866324
PEFDEK,GAXROO,0.9990102952749846
OKIVAG,OKIVIO01,0.9999989464072616
OKIVAG,WUNVAD,0.999998541285656
OKIVAG,OKIVIO02,0.999996972502316
OKIVAG,WUNSII,0.9999919676795406
OKIVAG,WUNSEE01,0.9999600750939368
WUNVAD,WUNVEH,0.9999974540568012
WUNVAD,OKIVIO01,0.9999950333960484
WUNVAD,YINNUH,0.9999897372354776
WUNVAD,WUNSII,0.99998370455139
WUNVAD,WUNSEE01,0.999973722016252
NEBYOK,XADDAJ01,0.8956003638841469
MAJMOA03,DEFNIO,0.999611241579959
MAJMOA03,EDAGAT,0.9967096503576736
AHONEQ,LUCDAO,0.8618719944235229
DELTAQ01,DELTAQ02,0.9998082490733068
LUWMEX,APAZIC,0.9992362900260132
LUWMEX,FECXAO,0.9479822157291748
FISGOF,HOYQIX,0.9083066880255192
YUKTUU,DADTOS17,0.9999879626552044
YUKTUU,LIJWOR02,0.9999835663793788
MUXVIM,XOGWUN,0.8856468850518513
MUXVIM,IRELIC,0.8822664215853342
SADMUH,SETQUF,0.9999983682120652
SADMUH,SETRAM,0.9999973126425938
SADMUH,SETQAL,0.9999750324851
SADMUH,YAXBOP,0.9999744323166436
SADMUH,TOVJAR,0.9067716933738472
SADMUH,REZXOK,0.8843279124003607
ATIKET,NILCIW,0.8333168298167127
LIJWOR02,DADTOS17,0.9999992290933352
LIJWOR02,DADTOS04,0.9999083528043922
LIJWOR02,YANWOC01,0.999898766053164
FOSTIS,UNIDAY,0.9999785896182548
FOSTIS,CIFSIW,0.9999099576145096
FOSTIS,VIFPUY05,0.9030351672389436
HOGWAB,COXHON,0.9863219795974636
WIZMAV,ERARUM,0.999999146311214
NIWZIE18,NIWZIE17,0.99999986854545
NIWZIE18,NIWZIE08,0.9999682289140196
NIWZIE18,MOPQIT,0.9998423120562632
NIWZIE18,LICSEW03,0.9962630517853804
VUQJEX01,VUQJEX,0.9999997726526206
VUQJEX01,BUZKUE,0.9997367457256428
VUQJEX01,QONLIQ,0.9974033278651868
IXOFUX01,XAVDEF,0.9999996874678038
IXOFUX01,XAVDIJ,0.9999971469602544
IXOFUX01,ATOTIM,0.9999337522412528
IXOFUX01,ALOVEC,0.9960526248862012
IXOFUX01,PARFOF,0.8850392235684728
ATOTIM,XAVDIJ,0.9999050166314616
ATOTIM,ALOVEC,0.9949695681452192
EFEGOM,SETQUF,0.9999982781445684
EFEGOM,SETQAL,0.9999424586947318
EFEGOM,YAXBOP,0.9999415404239902
EFEGOM,KUXSIH,0.9745653627755478
EFEGOM,REZXOK,0.884462870436884
EDAGAT,RAVVIU01,0.9999999465916848
EDAGAT,DEFNIO,0.9940814590091794
IMIDZB13,HICGEG,0.9981158795273928
IMIDZB13,IMIDZB08,0.9954308112416104
YANWOC01,DADTOS04,0.9999997612388776
YANWOC01,DADTOS14,0.9999897142106604
YANWOC01,DADTOS17,0.999909767769968
TOVJAR,SETQUF,0.9068680972388036
TOVJAR,SETRAM,0.9066434675005072
TOVJAR,SETQAL,0.9063635024417837
TOVJAR,YAXBOP,0.9063582574196866
TOVJAR,TOVJEV,0.9006376096937344
TOVJAR,KUXSIH,0.8927828048580312
SETQAL,YAXBOP,0.9999999870842516
SETQAL,SETRAM,0.9999886734052306
SETQAL,SETQUF,0.9999606393607748
SETQAL,REZXOK,0.8840297726302401
WAWGOQ,BEWCUD,0.9532549759530616
ALICII,KELJIV,0.9998355952589518
VUQKAU01,VUQJUN01,0.9981664568441648
HAZNED,HAZNON,0.999763443504602
SIWQIA02,YUKVUW04,0.9999286332943964
SIWQIA02,DAXNIA,0.9997899302006968
SIWQIA02,TEVZOK,0.9974926089882614
SIWQIA02,ELUQIM04,0.9961893845642732
FAHQEM,CIFSIW,0.956428273533388
FAHQEM,NEDLOZ,0.956385903671325
FAHQEM,UNIDAY,0.9562366618659276
DEHFUR,XATNIP01,0.8205871564153029
TEVZOK,RATDAS02,0.9999969571232163
TEVZOK,ELUQIM04,0.9998631148716602
TEVZOK,DAXNIA,0.9987084450170028
TEVZOK,YUKVUW04,0.9982442871287476
TEVZOK,SIWYOO,0.9973972332365802
DADTOS17,DADTOS14,0.999960409018585
BEPMEQ,BEPPAP,0.9999999918348096
BEPMEQ,KIGCEK,0.9073044088517852
CIPLIX,FILYEG,0.8936701177543771
CIPLIX,QUSVOQ,0.8606961093963209
YAXBOP,SETRAM,0.9999882911407668
YAXBOP,KUXSIH,0.9721370755378304
YAXBOP,REZXOK,0.8840258475119998
WULBEM,ZEFNIH01,0.8778747548538872
WUNSEE01,YINNUH,0.9999962833751038
WUNSEE01,OKIWEL,0.999960265451929
WUNSEE01,OKIVIO01,0.9999465774922413
WUNSEE01,OKIVIO02,0.9999353606932948
WUNSEE01,SAHYAD02,0.9999336000678544
WUNSEE01,WUNSII,0.9999162501200056
JEGJUD,NUDLOP01,0.8871935691553652
JEGJUD,NUDMUW,0.8866172033976565
LESWAI,OHIHUJ,0.8636168491217149
ROYMEZ,VUQJUN01,0.8843312359444373
REQDIB,KIKMAV,0.9995701310454482
BICPUA,MAPGOC,0.9081489666846964
BICPUA,HELNAQ,0.9065548628447484
LINJEX,IBITEU,0.8155862829832213
NIFSUT,NIFQIF,0.9999968333872368
ELUQIM08,DAXNIA,0.9977851656083144
ELUQIM08,YUKVUW04,0.9971885109512356
ELUQIM08,SIWYOO,0.9961405003420376
MIRNOR01,MIRNOR,0.9999981765911948
VAFCAH,VAFCAH01,0.9997773067856384
ECUDAI,ULAZAJ,0.9120515488032672
ECUDAI,PAPKUP,0.8647274997978305
WUNTUV,OKIWEL,0.999999359771404
OHIHUJ,DOJXIK,0.9999883489364464
OHIHUJ,KUGQOT,0.9983329545630848
OGULUY,BOGXIF02,0.9901602054991736
CIFSIW,NEDLOZ,0.9999067061261692
CIFSIW,UNIDAY,0.9998588494708348
CIFSIW,VIFPUY05,0.9043022642923187
XAVDEF,IDIWOH02,0.9999998490981956
XAVDEF,XAVDIJ,0.999998207457602
XAVDEF,PARFOF,0.8850429924518927
EXUTAU,LUCDAO,0.8777622183289904
KUHNEI,OCACUR,0.9956836678094918
KUHNEI,IGAHED03,0.9952377620918684
QIKZIW,NELRAY,0.8987509452803715
FOCYUT,FOCZEE,0.999995229948406
FOCYUT,FOKYIP,0.8838330682558949
RIPPAJ,VELVIS,0.9998434767250226
DADTUY07,DEFNIO,0.9985080374383188
DADTUY07,RAVVIU01,0.9985072676601996
ASUKEE01,XIQZIH,0.9998673175576894
ASUKEE01,OJOQAF,0.9982044760614052
MUGQAI,RANLAV,0.985671580345124
KAKCEH02,IFIQUM,0.8001918260150459
PIQPUC,TULLIX,0.9760827137712748
TORXAB,KEYZOF,0.997776265069974
VALVAI,HELNAQ,0.999991521921778
VALVAI,KIKMAV,0.9994664737272074
VALVAI,MAPGOC,0.9991596718309866
MECWEX,VELVOY,0.999999999983054
MECWEX,OFERUN02,0.9999998328131752
NIFQOL,SEFVEG,0.9999999637913982
NIFQOL,NIFTAA,0.999961479909487
DELTAQ02,DELTAQ,0.9998085792339187
HICGEG,IMIDZB08,0.9994068056893712
HICGEG,IMIDZB01,0.9992983013715
FITFEW,FITFIA01,0.9993608106572826
BUZKUE,VUQJEX,0.9997210577642706
BUZKUE,QONLIQ,0.9987916100338076
BUZKUE,DEGJIK,0.997134650487848
GAXROO,BUHFER,0.9999964073837346
QONLIQ,DEGJIK,0.999645545622446
XUZRIU,OCACUR,0.864195482983499
XUZRIU,IGAHED03,0.8638264037715243
HERYOT,XEXLOD,0.8205972791505847
HUFHUN,TAMJEY,0.9999860973788276
HUFHUN,HUFJID,0.998212315167652
OCUNAE,OCUMOR,0.9996193204413408
MAPHAP,HELNAQ,0.8848706993550133
NEDLOZ,VIFPUY05,0.905418639271427
JIHROH01,JIHROH,0.9999999997625304
KEDJAG09,XULFOA,0.8643763586654746
ZAZVEE,CUMFOG,0.8159172879314693
MEGPOF,FOBJUD,0.9999896346502548
FEQXAB,NATRAD,0.9950173867512982
FEQXAB,AMIWOJ,0.9943854782218678
FEQXAB,RIQVUJ,0.8716523766008489
CERPOF,UHEBOA,0.8868271531374405
CERPOF,LONHON,0.8748305890355837
CERPOF,YAPQUC,0.870139982625288
SEVROC,DAYCIQ,0.8611059215078947
XADDAJ01,AYOZOF,0.9362649950311198
XADDAJ01,ZALLEG,0.9327818944553312
XADDAJ01,NIGFOZ,0.8852858267641933
NIWZIE08,NIWZIE17,0.9999721846109694
NIWZIE08,MOPQIT,0.9999518768677228
KARMOH,MIXZOK,0.956332002601382
PINGIF,QOWLOE,0.99998172573793
FECWOB,LEYLIN,0.9290412507810464
FECWOB,SAQFUM01,0.8759321632934082
UNIDAY,VIFPUY05,0.902857051399713
REZXOK,SETQUF,0.8843961578846506
REZXOK,SETRAM,0.8842357257651237
REZXOK,KUXSIH,0.866786910043626
DOJXIK,KOQXUL,0.9992429085275416
DOJXIK,KUGQOT,0.9985357513699163
VIFPUY05,CUFFEP,0.8747433986771966
UZEWUS,OFERUN02,0.9999999657194693
NIGFOZ,YENZEZ,0.9078082649132536
NIGFOZ,TORPUN,0.8641256563620857
ZALLEG,AYOZOF,0.9463221884849252
ZALLEG,LOZSUQ,0.8649207820121483
ZALLEG,CUJCIV,0.8629386701911413
ZALLEG,TORPUN,0.8600998751120361
LUCDAO,KAHWOG,0.8623089176533035
KUNTAQ02,DAZMID,0.9398390299250936
KUNTAQ02,DAZKEX,0.906391249038746
XIVLUK,XIVLOE,0.9999948214671964
RABWAS,UDUMIP02,0.9931877292306752
CESYEF,CESYEF01,0.9999984098850168
NIWZIE13,NIWZIE17,0.9999999782541636
LIDSEY,XOMCIN,0.9998432364344616
LIDSEY,JAMSEY,0.9968604866644646
LIDSEY,ROGLOP,0.8792839831763315
LIDSEY,XUJPIC,0.8609561550946321
GERXEJ,GAGTAM,0.807576807528431
ROLCEC01,ROLCEC09,0.9999060599435764
ROLCEC01,ROLCEC11,0.9999050800874428
ROLCEC01,OCUQIO,0.9967904456224
HORHAX,MAYPIM,0.8074523096881514
NIFTAA,TUDJEI,0.9999999173707552
NIFTAA,NIFQIF,0.9999417186591792
DUDMEV,VASFUT,0.9999520527429174
LONHON,XILBAW,0.9983834385455004
LONHON,SAQCIZ,0.8863868601555787
LONHON,POCMEA03,0.8837728232838366
LONHON,INICPB01,0.8832959315264882
CEJFOO,LUWZUZ02,0.8850565872421291
FECXAO,APAYUN,0.9475615194546244
FECXAO,APAZIC,0.9473556979819148
NIGPEA,CAQKAJ01,0.8764564166005597
LEYLIN,ROSKOB,0.8675924858539041
DADVAG05,DADVAG01,0.99999614076434
DADVAG05,DADVAG,0.9999967751977938
XIQZIH,HAJPEQ,0.8601437928970117
FINFUG,UQUTUX,0.9548183693396066
POCMEA03,POCMEA04,0.9999974011159478
POCMEA03,INICPB01,0.9999616071448476
IVOLOW,YAPQUC,0.8953559962040156
IVOLOW,XILBAW,0.8930285710741315
APAYUN,WOJYEB,0.999989522756326
APAYUN,APAZIC,0.9999798153230548
XICYIT,XICNOO01,0.998027636526872
EBEWOZ,KEZLIN,0.8860866400793856
EBEWOZ,AFUDUD,0.8841696003606141
SAHYAD02,OKIVIO02,0.9999998604106888
SAHYAD02,OKIVIO01,0.9999991570407476
SAHYAD02,WUNVEH,0.9999979475652808
SAHYAD02,OKIWEL,0.999996588882636
WUNVEH,OKIWEL,0.9999998264792506
WUNVEH,WUNSII,0.9999940405410211
WUNVEH,YINNUH,0.9999770553473294
IYOQIY,LARBOW01,0.9009907526561116
NELRAY,HUCXUA,0.9080123464497716
XAVDIJ,ALOVEC,0.9962514787535685
XAVDIJ,PARFOF,0.8850568105262381
YENZEZ,LOZSUQ,0.8605448932642805
BEPNIV,MAWTUC,0.9999851785491334
MAGVOG32,MAGVOG13,0.999994704132876
MAGVOG32,ACAZEK,0.997049520362185
XUFYAA,XOPXAC,0.9997675130549768
XUFYAA,WAQDOJ,0.9084495194376678
HUFJID,TAMJEY,0.9985130481748292
NOFDUI,MOXNUK,0.9999998849923778
SETRAM,KUXSIH,0.9732362586133592
MAWTUC,MAWVAK,0.9999974870596992
LICSEW03,NIWZIE17,0.9963069162885756
FAPYEA10,FAPYEA05,0.9999998594741376
VUNNID,VUNMOI,0.9989279410176686
ROGLOP,XOMCIN,0.8791919641658802
ROGLOP,LIDSAU,0.8791899796836824
OXCFOR,DEFNIO,0.9984485073587652
RAFRUL,DEXXAF,0.9996384167430212
AFOJIO,GEVXAI,0.9994581759410824
AFOJIO,NATRAD,0.9979046365127714
AFOJIO,AMIWOJ,0.997490881374784
AFOJIO,RIQVUJ,0.873573969625322
NATRAD,AMIWOJ,0.9999807483481716
NATRAD,GEVXAI,0.9952980093886272
NATRAD,RIQVUJ,0.8737434715552068
HADMOR,HADMIL,0.8604359863785317
FUVDEH05,FUVDEH08,0.999968872765499
FUVDEH05,FUVFUZ,0.9999666361228188
NEBMEP,YAQDIF,0.8624824204839554
EJIDUW01,NAJGAH,0.9786953441576768
KOSFOP,KOTBIG,0.9999941590334644
OKIVIO01,OKIVIO02,0.9999994649550658
OKIVIO01,YINNUH,0.9999710383517996
WIVGAK,WEWFIQ,0.9997919191091216
WIVGAK,LUDRUZ,0.9994493789548886
ATIKAP,IBEYEU,0.9472123501099023
ATIKAP,AFUDUD,0.8862217407286117
VUMXUY02,JEGQOE,0.9999977007757797
DAXNIA,SIWYOO,0.9997717759283796
DAXNIA,ELUQIM04,0.9977330100032435
LIDSAU,JAMSEY,0.9966394247401316
LIDSAU,XUJPIC,0.8611116625748924
KIDVIE,YEBLAT,0.9984243938849868
VOQXIK,REYDOR,0.9995526093843186
KOQXUL,KUGQOT,0.9998830457093172
YUKVIK,DADVAG,0.9999677348833548
FADDAS,EBIBAV,0.8452789018980839
KENVIL02,KENVIL,0.9999995103829212
KENVIL02,KENTEF04,0.9999994933547318
KENVIL02,KENVOR,0.9999917021160604
PUNYON,VEMSUC,0.9955133154058118
PUNYON,QEZZED,0.8870427130453531
MAGXOK,ROFREL,0.945248735996414
PTRPHT02,ZEFNIH01,0.9993899421925196
PTRPHT02,HISGAT,0.892468609607669
PTRPHT02,DUYTUN,0.8745089037227051
RUWWOW,RUWWUC,0.9998566170088152
ELUQIM04,YUKVUW04,0.9971297679501344
OFERUN02,VELVOY,0.9999998294374596
HAWDIU,VAFCAH01,0.859763883943669
COWMUX,UDITAE,0.8209577332848281
AFUDUD,UMIZEX,0.9728297837048788
AFUDUD,IBEYEU,0.9320018513752232
WEBTUU,IDUWAH,0.8736740827215179
YUKVUW04,SIWYOO,0.9999151505338632
KENTEF03,KENVOR,0.9999991990146738
KENTEF03,KENTEF04,0.9999906774169198
KENTEF03,KENVIL,0.999990603605734
VOKCIJ,VOKNEQ,0.9199668681235796
UNIRUF04,UNIRUF11,0.9990677360188036
UNIRUF04,NIRCUO,0.9983485067288128
NASGEV,OHOROS,0.8948450180142582
CUSQOX,XUMNAW,0.9112381473816006
RORLIV,NOTRUL,0.9997343793536954
WIRNAO,WIRMUH,0.996795455768189
XORDAJ01,XORDAJ,0.9999359433428894
UGUGUZ,HORCOH,0.8460362917289658
MUVJIX,DOLWAE02,0.9988470790428674
OCACUR,IGAHED03,0.999792240521277
OCACUR,XEVSIB,0.8638038444555802
XEVSIB,UGECEO01,0.863888448615332
YOSLIB04,YOSLIB03,0.9999877698594268
YOSLIB04,NATXOW,0.9147198793760574
IJORUV,JALLOA,0.8838968968654388
JALLOA,OPURIB,0.9078259709004242
TOXMUQ,NIRPOW,0.9999999999775626
TOXMUQ,OTECAT,0.8633196758420861
KUXSIH,SETQUF,0.9741560850786064
WEWFIQ,AHAJUP,0.881263617423404
UNIRUF01,UNIRUF11,0.999920719390589
HEBLOR,HIQKOJ,0.8608135184487888
ATIJUI,YIVZOU,0.9079168491912004
ATIJUI,MEQKOL,0.9996752304378362
ATIJUI,IBEXUJ,0.9464202742573742
ATIJUI,AFUFAL,0.8872728235051222
ATIJUI,UTONAT,0.8641367649422454
YARZEZ01,VINMUD01,0.9998507629067666
FUVFUZ,IFEPUG01,0.999928768918692
YOMNUL02,YOMNUL10,0.999999813310877
YUNBOZ,POCMEA04,0.9996818793325216
WIWHOB,YOYZUJ,0.9979187081623844
MESGEX,MESGIB,0.9984866156634324
KENVOR,KENTEF04,0.9999952928360236
KENVOR,KENVIL,0.9999952402810036
KIYMEM01,KIYMEM,0.9999993176801696
OKIVIO02,WUNSII,0.9999987169820604
OKIVIO02,OKIWEL,0.9999968295673032
OKIVIO02,YINNUH,0.9999626402380434
WIGQAH,WIGPUA,0.9999790376328485
UGECEO01,IGAHED03,0.9998458950942036
REZXUQ,IZEPEJ,0.9327716806641744
REZXUQ,GUSNEN01,0.9470993160124248
REZXUQ,REZXEA,0.9464375788974084
EKERIW,OJOQAF,0.9988100457320346
XANMIJ,EJIBOQ,0.8115444403497879
DITPON,JOJJAU01,0.8159839865496519
REZXIE01,YOXZOC,0.999544285335482
REZXIE01,CONSAA,0.8975850141131424
NUDMUW,NUDLOP01,0.999990114860263
VAHWOS02,VAHWOS01,0.9999984204346372
COVRUC,UKAZAJ,0.855590782156973
MARMIE,MARLUP,0.9957378986380174
SOJKOT07,DEFNIO,0.9994048518599667
SOJKOT07,RAVVIU01,0.997203786819494
HAJPEQ,OJOQAF,0.8616994413131629
WILFED,WILFON,0.99653475496373
FILYEG,COXFOL,0.9995075786502536
SAQFUM01,OHOROS,0.9999833430563696
SAQFUM01,GAMFEG,0.8723186339624771
VESBEC,VESBEC01,0.999138054351136
YOSLIB03,NATXOW,0.9147504960117464
XAYMUF,PAVLOO,0.8789306476781349
SOGXET,ILIFUE,0.9000050872958356
IBEYEU,UMIZEX,0.9327930305242668
IBEYEU,KEZLIN,0.9296823392778276
IBEYEU,HOGQIF,0.8813635534650102
DEGJIK,VUQJEX,0.9950765946747698
TAJTIK,HAZGOF06,0.999999962042154
TAJTIK,HAZGOF04,0.9999997765250602
TAJTIK,GATHAL,0.9999989893241632
TAJTIK,CAVMUJ02,0.9989690747738788
CAVMUJ02,HAZGOF04,0.9989989132325424
CAVMUJ02,GATHAL,0.9989982552144672
CAVMUJ02,HAZGOF06,0.9989788340636252
VIDXOX,ETEKEU,0.8678506142301352
FUFRII,YUSVAK,0.8654758962382192
FUVDEH08,IFEPUG01,0.9999253760589404
QISFUV,XIMSAP,0.8124992296359462
XIJXAS,XAHZAI,0.9999067548674349
HAWWAF,RATSAI,0.9981173721131642
XEMDEA,PUCTAJ,0.9987671129981984
SEQJOQ,HIQKOJ,0.9028115019566858
LUDRUZ,AHAJUP,0.8827347161948913
IMIDZB08,IMIDZB01,0.999989215588954
YAPQUC,XILBAW,0.99785426676288
YAPQUC,SAQCIZ,0.8954376057812115
YAPQUC,INICPB01,0.883062798698333
EBEZUI,EBEZOC,0.9991310755316948
FOCZEE,FOKYIP,0.8839519826046367
DEFNIO,RAVVIU01,0.994053269869383
IKUTIT,JEBYAT,0.8754827400256895
QEZZED,XUJPIC,0.8967423339940499
QEZZED,VEMSUC,0.895861385087169
JAKBUV,DANZEX,0.9995513226564592
MAGVOG13,ACAZEK,0.9970128851096348
LOQLIN,SICDAL,0.999838370294672
TOHRUF01,TOHRUF,0.9999997468247596
XOGGOR,XOGGOR01,0.9999990383589474
IXEDUK,YUNXAI,0.9999927945226132
UMELUU,UMORIY,0.9997144116722738
VAHWOS01,VEMMAC,0.9999352430846709
AHOKIR01,POVVUS,0.8885339081120822
WOQJIW04,WOQJES04,0.9675541995093196
XOMCIN,JAMSEY,0.996970058604237
XOMCIN,VEMSUC,0.8610992899407219
XOMCIN,XUJPIC,0.8604446274032334
NEXRAM,DUVVOH02,0.999994478807398
VOKNEQ,VOKMUF,0.9607241697737066
AQMAND,PADBAZ,0.811036681168324
UDISUX,KULRIT,0.8298385937453376
IZEHAX,VEMHOL,0.9991775745465992
MAQJEW,DAPGUW01,0.9973482318291902
XUJPIC,VEMSUC,0.9996362791957818
XUJPIC,SOQRUM,0.8727569995535354
COMFIU,PAGFAH,0.9999813814101256
WUNSII,OKIWEL,0.9999918360434809
XATNIP,XATNIP01,0.9994400060874052
BOGXIF02,BOBTOC,0.9998678174994594
OKAYIK,OFOYUG,0.9998315644469852
OKAYIK,QUXRIM,0.9990063757818954
USUBUG,FIBHOQ,0.9954244138021552
KIRFIA,KEDJAG29,0.9999998813968968
ECOTOG,PACYIE,0.9999568640334964
SICDAL,HUGLUS,0.860812782725962
NIRPOW,OTECAT,0.8633192717991155
GAMKUD,NIPHAY,0.996720264444102
YOYNUX,YOYPAF,0.99998147238024
UGUKEN,AMBZAG10,0.8054818064120699
VUQKOI,VUQKUO,0.8502454261208472
IPIDAN,FUCTAY,0.8626206610587335
UMAROR,SEKXUE,0.8774695135410829
ODELOZ,GECRAI,0.9062072754237424
OFOYUG,UQEFED,0.999995463784698
OFOYUG,QUXRIM,0.9989470096820048
IJOMAW,LAPMEU,0.9994160246905044
QUNMUI,QUNMOC,0.99958178329916
OHOROS,GAMFEG,0.8723341207429152
NUVDOY,GIFFAE,0.999966013647134
TAKCAM,PAZDOM,0.8650250004530954
AMIWOJ,GEVXAI,0.9946831026066438
AMIWOJ,RIQVUJ,0.8735523525874058
SAQCIZ,XILBAW,0.8931499612379096
XILBAW,INICPB01,0.8850730077222306
XILBAW,POCMEA04,0.8850431522117783
OPIFUQ,LELMIA,0.8255242026511556
MEFSOI,IGOYOU,0.8499868914660713
HAZGOF04,HAZGOF06,0.9999998666242969
FAGMEI,FAGMOS,0.9998761582583288
HAZGOF06,GATHAL,0.9999988801613494
EYUGIP,EYUGOV,0.9782898551106692
TEPWOD,PAZDOM,0.9472072721261512
PAZDOM,HICCUU,0.8783399255151554
DENQIZ,LACPEN,0.9933414603166004
KEZLIN,UMIZEX,0.9698153905924656
NEDVOJ,NIRGAY,0.8518441464144719
OWISOD,WITMOD,0.904066262367072
OPUFAH01,OPUFAH,0.9999686991377296
CAKFEB,CAKFEB01,0.9999751495729712
JEHTOG,VUNBOW,0.9866158780590328
MAQZUB,TILHAZ,0.997908497925944
WIVKIX,CUQKOQ,0.8698779140404155
TEFWIL,OLURUI01,0.8007446507232436
COYVAO01,KOLQEI,0.900071307630844
UTONAT,MEQKOL,0.8640311490399053
UTONAT,NATREH,0.8620950985325
RIQFAB,PEBGIP,0.8849783301178243
SUHBAA,PAMHES,0.8160815802006026
AZAYEH,REYDOR,0.8985873852668421
EXOWUL,JADRUC,0.8990275361323855
VESBOM,VESBOM01,0.9987501653887116
EBUJUI,EBUKOD,0.9997457355484908
GEVXAI,RIQVUJ,0.8718451020145568
REXBED,MEYDUP,0.9974008753251862
MEQKOL,IBEXUJ,0.9466219297971348
MEQKOL,AFUFAL,0.8868675722669994
RUGJEK,RUGKAH,0.9998409070933336
EXEQAA,HAZGOF07,0.8340249677112272
GATHAL,HAZGOF07,0.9999974959899957
HIXWIU,REGLOG,0.9953270892087742
XESCIK,GUTPAO,0.8827969899951472
NAFUMA14,NAFUMA13,0.9999989866523332
AFUFAL,IBEXUJ,0.9319107183497256
CUGYEK,SOTMUK01,0.9961780281356672
MUQSUM,GIXNAF,0.9046085757621908
OQIJUU,OQIJOO,0.9999669763113704
XEGQEG01,XEGQEG,0.9999984820350604
KVIOLD01,KVIOLD02,0.999997297806606
GAMFEG,ROSKOB,0.8821092803299071
XAFBEN,QETZAT,0.8965582163986693
KAYBIX,JOFPAX,0.8870113779711535
GITTOT01,VONQOG,0.8311377846277617
KENTEF04,KENVIL,0.9999999998541148
RUGJUA,HAJVUM02,0.9996229160464768
CECKIH,XIYYEL,0.9969583502315188
QUXRIM,UQEFED,0.9988045680007576
WEQMEL,WEQMIP,0.9996543038252586
FASFUD,PUFNUB,0.9999999845956086
NUVLOG,NUSSEA,0.8338369499316187
ILUFEB,KEHGAH,0.8508993340867427
POBGOE02,POBGAQ01,0.9999997714641582
LOLREL,ELILIV,0.8227403514541815
EBIBID,FADCIZ03,0.845420163433105
GAFBEX,NACKOT,0.9999872650321512
UNINUC,UNINIQ,0.9999988838949008
ALUJUN,REDMUL,0.8701091137625568
ALUJUN,NADZID,0.8667043808502588
REDMUL,REQDEX,0.8758444683325075
EFOREY,EFORUO,0.8448029510853207
XOVPON,XEZVOP,0.9010699622474952
LIVTEP,SUFROA,0.9998330110034552
OFIVAA,GECRAI,0.995630189416852
OFIVAA,OCUPUY,0.934897729864838
EMAFAA,EMAFII,0.9996844549024384
GAQKOB,QAKFIU,0.8944870661565655
WOBBOG,CIPMUL,0.9994353201104405
OJARAU01,OJARAU,0.9998095617166054
CIYZIU,OQIQIQ,0.9974567640239924
MAWVAK,BEPPAP,0.9999689887832685
COCMOY,MIVFOO,0.8910846826631894
REQDEX,NADZID,0.8726475272289336
REQDEX,ELIJUF,0.8605754482103329
ROYTIK,ROYRII,0.9895928438975068
EQUCUO01,EQUCUO02,0.9999999878570192
AVEROJ,AVESAW,0.992505306223945
VIXGEQ,VIXGAM,0.9998767549926728
PULWEZ,HOXGAD,0.9894653708135146
PEQLAZ,WEYDEM,0.997676074582263
METJIH,PAXPAI,0.9021956331342498
MEGVUQ,SIBJAP,0.999674647880848
ULEGOH,HIHQOE02,0.8109269215483385
MIHLOF,LEPKUO,0.8145143904965664
KHOXAL03,KHOXAL12,0.9997045364798822
YICRIM,WOBHAX,0.8607038602007486
KOTDOO,KOSGUW,0.9999957143337266
GAMTEU,ULAXUB,0.9134911140240204
TONVAV,FAKLUA,0.9990788558452012
SIBCAK,SIBMEY,0.8198863858283812
CODQUJ,XAGQUT,0.908344359344246
HIFZEC,HIFZUS,0.9998582312618354
HISGAT,ZEFNIH01,0.8887006155330796
CUTBEA,ACALAT,0.9320297085987364
TILFUQ,TILFUQ01,0.9999986559041631
IMISON,IMISED,0.9890230872584154
LORFED02,LORFED01,0.9999999999151432
EJIRUM,EJIROG,0.8892234767969721
YIVPOJ,YIDJAX,0.9982834645310756
XILXOH,YOLXAA,0.97361140012912
JORQOY,YEYVII,0.997777646302911
POCMEA04,INICPB01,0.9999390390925637
EMIFOW,IDIMIU,0.9999222487454388
EBEXIU01,EBEXIU,0.9999993503906612
XICZAM,XICYOZ,0.9986262117327988
MESBAN,DEKPEP,0.9999508359136868
VADQAS,TOJVUJ,0.9499396124331316
HAJXOI,XODXIZ,0.9999753219220636
TAVDEC,TAVSER,0.9894894062308895
FECYIX,FAMHAE,0.9999994106141528
MAWWAK05,MAWWAK08,0.998362611962915
CAVYUW,WEMFOL,0.9919311601037972
DIKBAB01,KOMJAY,0.995986148093046
TIYMEU,OGIJIY,0.9914417308329156
WILGOO,WILGEE,0.9938333465668938
VESBUS,VESBUS01,0.9980136074197434
YINRAR,MAXGEZ,0.9494419399800912
PIQMUZ,RUYVAK,0.9628561360445368
EQUCUO02,EQUCUO12,0.9999995700007248
LORGAA04,LORGAA05,0.9999998438334486
COMHUI,JOFKIA01,0.8055331293473332
YIGHUU,VITDUY,0.8918241955016908
TEFWOR,UDANEV,0.9970294708597024
JUQTOG,JUQVAU,0.999999110094372
TAFBEJ,TAFBIN,0.999168318504776
NEGXIJ,POGDAS,0.9999456058375004
XAGCEO,XAGCEO01,0.9997432364375402
MAKSAT,OHUVIY,0.9979592638000784
GUXSUO,YIVZOU,0.8065860771193251
ECORIX,ECEYUH,0.8749618895000011
WOYWIS,WIGPUA,0.9996335320689868
WAMJUS,FIXYET,0.990703834113072
IRISAD,EMEYOK02,0.9996427386831356
XANBOE,ENIZEH,0.8959140406911102
PIRGOO,PIRHAB,0.9999379151772578
SOPROF,QIQVOE,0.9989739383617708
WOBCAT,XAFXOT,0.9916282015556902
NAHQAQ,NAHQEU,0.9998813198787456
DIXNUV01,WUZQOZ,0.9999423303470094
YEBKOG,DAHNUW,0.9999040985608996
YEBKOG,XOTGUI,0.9963894930699128
GURYOI,GAFXIV,0.999354025681001
MAPFIS,XEDLUN01,0.9154119562100698
ULAZAJ,YUWKEH01,0.8831591909660914
MIVFOO,BAZJET,0.8948867917053556
LONVIV,LONVER,0.9991308948006123
TASJUT,TIMMIM,0.8718976881544009
NUVDEO,HOPVEP,0.9999757845199316
PEJDUF,PEJFAN,0.9970188251488912
MAQRAA01,MAQRAA,0.99999750169639
PESTAK01,KOSGAC,0.9999915199357464
SOGSAJ,SOGSAJ01,0.999914400926351
TOXHAR,TOWXEK,0.9999907177251752
BEPPAP,KIGCEK,0.9073046644678996
FUQRIU,LINRUY,0.9912206054581368
HOWPEQ,HOWPOA,0.999171039808343
MUQNOC,ABUFOU,0.8555950376081219
MUHQAH,WAYWAW,0.9998553561703002
GIRHIZ,JEFGEH,0.9998086566577328
UNINIQ,UNINOW,0.9999993043585048
AYABAD,COYTIU,0.8422660243060178
PUZJOL,YABPEY,0.9989538696913866
GEKQUI,GEKQUI01,0.9999823907324544
RABVOF03,RABVOF,0.99940504161029
CEVKET,MIGMEU,0.9983294966545436
HOZDAD,HOZDEH,0.9988176315115896
DAHPAE,YEBKUM,0.9999995935320748
RASXEP,DEGBOI,0.80820425891914
NADKIO,NADKEK,0.9995519714592332
MAWCEV,MAWBUK,0.9999923578521666
CIHFUU,WINJOS,0.9525123134607304
TEYMAO,MUWQEB,0.997722593007648
ROJSUF01,ROJSUF,0.809357916353259
TELMII,TELMII01,1.0
ESIFIX,ESIFET,0.9999828826186684
AHAKEA,COYTIU,0.900133965749522
UXUWOB,UXUWUH,0.950678248942236
QOFMUU,EVINON,0.8414542547942612
JAHVUJ,HAKYOH,0.9999432486043968
MIHHIU,MIHHUG,0.9999678202900985
NIBPUM,TEQPEM,0.802764957866502
HOZQOD,HOZQOD01,0.9999883830578395
SIYGOZ,HUPTOB,0.9946075345460684
CIFHIK,RANWAH,0.8257677326099405
NUHDIE,TIDWIO,0.8489544626317603
OCUPUY,GECRAI,0.9402917452456238
EMEYOK02,PEQTOV,0.9999362934317304
TOWXEK,OBUZIV,0.9048701855913974
XAMDOF,OMICOD,0.8725705287668402
RAPFOG,RAPFUM,0.8542091479704133
EVUVEX,EVUVOH,0.9999968639936044
MAXDUM,MAXDUM01,0.9999327291980424
CEHWOD,CEHWIX,0.99920246100942
GOJDUF,GOJFAN,0.9998204077861508
TACPIX,TACPET,0.9999999763341548
NEWPUB02,NEWPUB01,0.9999948386579228
LIFWUT,JAMLEP,0.9987825073654852
CIFHAC,PAMGIV,0.8074649431947816
GUPBOJ03,GUPBUP,0.9998313418328032
GIZXET,YARGAB,0.999636153276508
HIFMEP,WUYQOY,0.9948456532573592
XODXIZ,HAJXIC,0.99994201178373
CEBGAS,JEKRAT,0.9999773929320652
MUPTAU01,YOGVEX,0.9999865836422008
PUNSUN,PUNSIB,0.99933440287606
EDIKIL,DIVNAY,0.9999032397050516
XESKOX,XESKIR,0.9999698444960806
WEBVAC,XOJLAK,0.9048644482888752
TAGTIH,QIMFEA,0.996085740652652
CUCITD03,CUCITD02,0.999974358954115
SOHYEV,SOHYOF,0.9998806172174132
RUZCIA,YAZVAZ,0.9988319309697248
KUHRAI,RAYJOT,0.8576610480999289
UFOBEZ01,UFOBAV,0.9999944502419308
COWMEH,UDISAD,0.8229391175566316
MOYVIG,SAHDAH,0.8106147743104563
KOTDII,KOSFUV,0.999995514509324
WOHZAU,COWMOR,0.999720616066748
RAPXEN,MOXGAI,0.9173528750965808
IRUWUP,DALXEW,0.9992452255532528
WUWVEQ,ILAMAK,0.808110087690594
NATXOW,YOSLIB02,0.9147406388589412
CUGSUT,CUGSON,0.999386073534579
MAPXEH,YEKREO,0.8288804411979858
IFEKOU,IFEKUA,0.999869849280342
QUMGAI,CUGQUR,0.9107203200670816
HAKXEX01,HAKXEX,0.9997683634696308
FUXCOS,XOPKOD,0.98437013458072
RICHIV,RICHAN,0.9982011081265286
JERXAI,MUTGUD,0.9990364322316664
IYUQID,IYUQAV,0.9979502084496054
KEKLEU,KEKMOF,0.9979015141713724
QEPNOR,ETEBOV,0.884537078732542
UFAQEA,HEBKAC,0.9961072078533671
GUXQEV,VIHHEA,0.9960080493618132
MAQKAR01,WEKWIT,0.9989167049234736
JADLOP02,JADLOP01,0.9999999646906176
UVELIR01,UVELUD,0.9972231109243036
CAXVUU,CAXWEF,0.9999992990060564
ZAXQUM,ZAXQOG,0.9999999273354676
ORONOA,ORONOA01,0.9997200991903274
VOHSAM,THOXLB03,0.9989546207850676
WIPJUC,UDEPOK,0.9999892857879054
QIHLIF,FANDEG,0.8038184073074923
ONAWEG01,EBINUA02,0.9999984837268108
CECVAI,YAZYUU,0.8814350475249602
KARPOI01,KARPOI,0.999999494486752
IXISAJ,EVAKOB,0.9893670314195984
IYOVOI,HAWVEI,0.9998315060910776
QOZYUA03,QOZYUA01,0.9999990582985944
KUZHAQ,KUZHEU,0.999797004594583
XIFHIF,SADBOQ,0.8645496547349137
PUHLEL,PUHLIP,0.9995556879890668
SOGWIV,SUZTAI,0.9940598607476128
UHOGEF,MOXNIY,0.9985829094215752
YEPLAG02,YEPLAG,0.9997745551015068
VEGNAY01,GETTIJ,0.836807708643627
YEYBOV01,YEYBOV,0.9998936749180164
YOXKEC,SAQYOZ,0.8733401424975742
ULAQEF,DONKIC,0.8747554179083736
VUGYIH,FANCIJ,0.9997232674940084
WIKDAX,TOLPIU,0.8347800781312411
WUXZAS,WUXYIZ,0.970114783775516
XOPLUL,LARNEA,0.999565637369022
CITWOS,CITWUY,0.8666405637560146
GUPCOK,GUPBOJ01,0.815283525702241
JALTUL,VAMHUM,0.998525518218682
QOGREK,QAMJEU,0.9403116235897784
OKEPUR,IMZYCO,0.9986504898455256
UTEZOK,KERTUZ,0.9140377310256704
FEQREA,IBOWIH,0.8080225139090819
XEHDUM,XEHDOG,0.99950440782652
VESCED,VESCED01,0.9999885811618596
CAFJIF,KOTRIW,0.9992825975426288
JABYUH,JABYUH01,0.9998536905513052
PESSOX02,PESSOX,0.9999570147810746
KUVMUL,KUVMIZ,0.9986917044152628
FUQREQ,IDAZAQ,0.9981243327523466
GIGBOP,GIGBAB,0.8430290507500069
WEBVEG,XOJLEO,0.904811694827296
KHMALA03,YURDAS,0.8941319201280857
HUFLIF,IVIPEK,0.999208319663166
ULUCUZ,GIXVOZ,0.999478107409172
ROLZEZ,VUGXOM,0.9999448486278716
PORZUT,MUFYAP,0.8256320443778025
PIBZUY,PICBAH,0.9999621885265476
CUGYOU,MAXHUP,0.999880552586679
TATFOL,NIRBOG,0.9335228303688629
RASXIT,WEMCIC,0.9995392032732244
VUNCOX,USUQOQ,0.8633528652370053
FECZIY,WIKHAC,0.818079789961792
EMIGUD,EMIHAK,0.8639443461726456
UFIJUQ,UFIJOK,0.999844918781029
MINKOL,MINKUR,0.9998583183760664
FITMAW,NOFCAM,0.9000069847445482
CETNUL,REVYUO,0.999971556495616
CDCACD01,CDCACD,0.9999202261729256
JARMEU,JARMEU10,1.0
QOPCEE,QOPCII,0.999985883343939
XAHZEM,XAHZEM01,0.9999776145425324
EWAWEG,EWAWEG01,0.9995469703427134
WILNIP,WILNIP01,0.9999906315276688
TUHSOG,RUPRUQ,0.8058747756569602
ZAFWUB,WADDEN,0.9976082450972972
WADDUD,RIBZOS,0.999932480889134
RBTCNQ12,RBTCNQ13,0.9999357781788188
HOYCEF,OKINIG,0.8499418257596603
DIPGAK,LIFKOC,0.8434111563411965
HIHFOV,HUYXOP,0.8360882207033463
XEGQUW,JEHCUX,0.8069657696393386
QILYIT,GUDFER,0.831592399979415
FIJFAG,PUWCUF,0.9990736418806268
MAXFUO,YINROF,0.9506170459253876
SADZUV,SAFBAF,0.8914112161722733
HOPMOQ,NAHQUK,0.8575189910894292
DUZNUJ,WAPZEU,0.9506046123709816
QANYAG01,VEXYOM,0.9993086088256748
ODAJIO,QALNEW,0.997636805865787
QEKDOA,SEYFAE,0.8640930978220736
PADROD,PADROD01,0.9999657034509016
EJOPEZ,KABSAJ,0.9999814728300284
SIGNEC,WEBKEW,0.8414762862513135
FIVJAW,RIDKOE,0.9988156381644652
IWELIG,IWELOM,0.999999858992201
MAXFOI,YINRIZ,0.9506796179484092
HEJREW,HEJQEV,0.9999999618387392
XUKKET,XUKKET01,0.9999999839771692
KOSLOV,KOSLIP,0.999989619615692
PAXSEM01,PAXSEM,0.999990327988376
VOKKIP,VOKKIP02,0.9999315602585622
QATBAQ,QATDEW,0.9999786257881896
OFUCEZ,TEHMOJ,0.9905377164913204
HIZFIH,ENAMIR,0.9999804224213183
QUMFUB,LARNIE,0.9966593087102532
ZAXLUH,QQQDSD01,0.99999899423401
GORWUF,YEPTOF01,0.999999795964463
DUZNET,WAPYIX,0.9506671793838024
RAKZEI,FOBYAX,0.999281284261418
YUMVOT,XUKJEU,0.9999734939492816
DINTID,DINQUM,0.9999883167678628
VIBPAZ,VIBPED,0.8417237181442757
JEGWUQ,JEGXAX,0.99979145618236
PUDTAK,MUDLIH,0.9999943067649876
FIKQIB,FIKQOH,0.9955387112531352
WEMDAV,SIYGIT,0.8091695562018812
MELHOB,JOFKIA,0.8362592849978352
REKWUB,REKXAI,0.9950719202622322
DEHBEY,UQAXAN,0.9999281917607576
FIWJIG,LUSQOH,0.9984254102888532
MAGCEE01,MAGCEE,0.9999903002090758
PIRMOU01,PIRMOU,0.9997598544212352
FIXVEQ,SALXIP,0.999534541197589
GUPCUQ,PUWQAA,0.999836337072088
FALDEC,FALDOM,0.8621252047151318
YIQBEF01,YIQBEF,0.999977328535415
MAYYER,MAYXUG,0.9962550294150548
TOJDAY,RIFPEB,0.8076915140516683
MODWUX,LULHUW,0.9019817864865248
SUXYOA,WUHHUC,0.8089150952151312
YIFKEG,YIFLUX,0.9982970064618948
XESKAJ,XESKEN,0.9999987286028496
FUWXOL,QEWYID,0.9991555388874992
MAXHOJ01,MAXHOJ02,0.999999999106929
GIRHAR,EKAZIA,0.8880094362860141
SISQES,MOVWIF,0.9966755221519408
LICDOX01,LICDOX02,0.9999913187773776
COWMIL,UDITEI,0.821211558649861
SOKWAS01,SOKWAS,0.998504148817629
HUPTIV,CEXWIM,0.8576524833839039
ITIBET,YEDBOB,0.997233649371259
SIVJAI01,SIVJAI,0.9999129580951888
EBUTOM01,EBUTOM,0.9993027538132324
INEBOT,INEBOT01,0.9999826844918762
NAHNLA10,HACVAI,0.921923548841892
TARQEJ,DOCHIN,0.8322748197340024
KAPHAL,KATLEX,0.9998126076174412
EGOYEF,UHAXOS,0.8060996760604933
LAVYOX01,LAVYOX,0.9998791058812582
RAZYIC,RAZYOI,0.9999961481253412
CAYBAH,CAYBAH01,0.9999073008918076
HEFSUJ,KELFUF,0.9994385103363822
ZASTUK,DONKUO,0.8061406845072294
NUVDIS,HOPVIT,0.9999801653969996
UVIPIZ,SIWGUB,0.8725551841577068
TEBDEM,TEBDAI,0.9999999243607112
ETEVEF,ETEVEF01,0.9999941677971436
JIVHIG,JIVHOM,0.9925629079920656
XOWTAF,XOWSUY,0.9996225727929308
WUWRAI,WUWQUB,0.999994892637109
KEHGIP,KEHFUA,0.925421404705118
CIGVEW,CIGVAS,0.9989416189693634
YUJNOH,YUJNIB,0.9985668159103044
SINXET,VARWOC,0.9998455940701346
CETKOE,IVOCIH,0.9994112230299946
UFIKAX01,UFIKAX,0.9999635150466876
NIYJEM,NIYJAI,0.8735377758509957
TAZZUS,DETGIT,0.8229031080015399
XEGQOQ,OXIKUD,0.806017247273036
YAVMIT,XEDPIH,0.9978682639374798
RUGGOR,WIHTEO,0.9999429813714348
DORFIA,PULTAT,0.9975258433496016
SCFORM01,SCFORM10,0.999944694957502
ECUDEM,YUWKIL,0.8997958145150841
MISKUV,VIWPAT,0.999997278768002
TARQAF,XIFXAM,0.9998054856565212
XUNJOG,XUNJIA,0.9998229619455984
GIJMOB,GIJMOB01,0.9999570926869472
TEJXIQ,TEDPIC,0.9999997428328856
FAYXAF,SEJSUW,0.9977715764740228
HOFXOP,HOFXUV,0.9999975921585752
FAKLOU,SISWUO,0.9996934337107964
