source,target,weight
FENVOL,FUTYOK,0.8872980733761306
IMUTUG,IMUVES,0.999959678672884
ODOXEK,MITSAK,0.9999999069802648
ODOXEK,MITSUE,0.9999997494543128
ODOXEK,FUMJAA,0.999966918402946
ODOXEK,PARKUQ,0.9999573456516504
ODOXEK,MITSEO,0.999361558627292
ODOXEK,CEHKUW,0.9993433523459074
ODOXEK,SIZGEO,0.9992179236338352
ODOXEK,QUQFOY,0.9322971012497946
ODOXEK,AJIJEI01,0.9200831151851288
ODOXEK,NAPZOV,0.9175871354641096
ODOXEK,FESYEK,0.9082467093092608
ODOXEK,VIDVUB,0.9079997130632091
ODOXEK,LIQFEY,0.9077417265125776
ODOXEK,FIJDEI,0.8968994213563306
ODOXEK,IJEYEC,0.8906660633535197
ODOXEK,QEKLID,0.886746936635668
ODOXEK,VAKLIF,0.8749992534901925
ODOXEK,GIZNOT,0.8736493008973896
ODOXEK,VOTHOD,0.8726368239779309
ODOXEK,YIKGEF,0.8722677536067366
ODOXEK,GOYLUB,0.8702711646329353
ODOXEK,KETHEY,0.8574904028076465
ODOXEK,DELGIN,0.8544678595810777
ODOXEK,AWEJIW,0.8542369004628887
ODOXEK,VIDWAI,0.8534360153005804
ODOXEK,DAKVIW,0.8527283058651904
ODOXEK,EGUHOD01,0.8496133647780371
ODOXEK,LUWKIZ,0.8482534835020863
ODOXEK,OKOSUE,0.8463029431979602
ODOXEK,TEMDIB,0.8394686591815481
ODOXEK,WEVVOL,0.8388549588235257
FALGIK,RUXWEM01,0.9987408685585576
FALGIK,RUXWEM03,0.998332904430108
FALGIK,PIKYIU,0.9526945295626328
FALGIK,DAPYAW,0.9519939359393456
FALGIK,VAKLIF,0.9471289047953751
FALGIK,XEFGUN01,0.9451126362476538
FALGIK,GOYLUB,0.9435692752892264
FALGIK,QEKLID,0.9327862194685064
FALGIK,DELGIN,0.9319882056176552
FALGIK,AWEJIW,0.9316819466159842
FALGIK,IGUVIR,0.921454217422402
FALGIK,NOLRIR,0.9211019415762148
FALGIK,ECIWIW,0.9203436216957362
FALGIK,IGUTUB01,0.9175585512252826
FALGIK,JIYSUI,0.903973916972906
FALGIK,JUXZOT,0.8852727457788266
FALGIK,JUXZIN,0.8852170700222646
FALGIK,XEQRAO,0.8849428865129109
FALGIK,GOQTIR,0.8849360342363773
FALGIK,MUXVIM,0.8830410391360777
FALGIK,XOGWUN,0.8823587784727056
FALGIK,VAYFAE,0.8808436569051548
FALGIK,YICRAF,0.8728104006802508
FALGIK,FONKEA,0.8687422678269625
FALGIK,WUHMOD,0.8651323454886721
FALGIK,ESADUZ01,0.8651203418894005
FALGIK,YILKAH,0.8650735717316459
FALGIK,RUGYOJ,0.864740079425268
FALGIK,ENITEB,0.864672476699346
FALGIK,ODIXIK,0.8646262866604596
FALGIK,YUYLIP,0.8641700490379766
FALGIK,ODIXAC,0.8632382944196852
FALGIK,POKZOG,0.8628610032154408
FALGIK,FONQAC,0.8625144085689882
FALGIK,ZASJAG,0.8582569314190894
FALGIK,IVOLIQ,0.8547859730421171
FALGIK,BIJJOV,0.8546771353076981
FALGIK,JUYJIY,0.8498506228143482
FALGIK,ROCZEQ,0.8441398149982579
FALGIK,RIGHAR,0.8423255929860656
FALGIK,WUZGEF01,0.841347852433777
FALGIK,KEJBOQ,0.840282133267023
FALGIK,LARBOW01,0.8398265670666034
FALGIK,AVAQIX,0.8388769053722632
FALGIK,PIQQEN,0.8380006665651796
REYDOR,VOQXIK,0.9995526093843186
REYDOR,OXEWUL,0.999104774978115
REYDOR,POFGUO,0.9947369019052912
REYDOR,AZAYEH,0.8985873852668421
REYDOR,MAQDUD,0.8714654959961985
OWIHOT,HIHNUJ,0.999999952836293
OWIHOT,OWIJIP,0.9999999499362492
OWIHOT,OTEGOL01,0.9999992553656262
OWIHOT,MUQYEE,0.9996327113883218
OWIHOT,MURBEI,0.9988589665887412
OWIHOT,YAMXOC,0.9469491665678544
OWIHOT,CUFFOZ,0.9469481591584844
OWIHOT,CUFFUF,0.946942035589082
OWIHOT,CUFDOX,0.94693368787319
OWIHOT,CUFFIT,0.9469194824716196
OWIHOT,FEYDET,0.9467674036487598
OWIHOT,CUFDUD,0.9460262387606502
OWIHOT,PEYVEV,0.932079826108694
OWIHOT,XINTOG,0.8750379983312506
OWIHOT,GIWMAD,0.8642477860659762
OWIHOT,NEDLOZ,0.8622960725345316
OWIHOT,CIFSIW,0.8611755938947623
OWIHOT,CIFSAO,0.8601938948367553
OWIHOT,FOSTIS,0.8599043667199743
OWIHOT,FOSTOY,0.8594744888720713
OWIHOT,TIRFIK,0.8501470080536995
MAGVOG34,MAGVOG32,0.9999986092391518
MAGVOG34,MAGVOG29,0.9999939844692434
MAGVOG34,MAGVOG13,0.9999888445296908
MAGVOG34,ACAZEK,0.997133315722644
PEVQIS,MIBQAR15,0.9999999463081108
PEVQIS,MIBQAR07,0.999999699097976
PEVQIS,LAWGOG,0.9999988489243112
PEVQIS,IFABIA03,0.9990444191855934
PEVQIS,IFABIA,0.9989900160012596
PEVQIS,IFABIA02,0.998976109768497
PEVQIS,REDROI,0.9988172057609696
PEVQIS,VEGMOK03,0.9985064917691056
PEVQIS,VEGMOK01,0.9984620842687902
PEVQIS,FIJCUX01,0.996158304512738
PEVQIS,ORIBAU,0.9955453557503364
PEVQIS,PIWLIT,0.9448151956018632
PEVQIS,WUHNUK,0.9080688638801072
PEVQIS,BOLPAU,0.9068318932729376
PEVQIS,YOCGAZ,0.906561969704373
PEVQIS,VIKBUP,0.9061046713026156
PEVQIS,DAWCIP,0.9051169861739392
PEVQIS,GUGNON,0.9047895410859782
PEVQIS,NEHGIS,0.9047446294940192
PEVQIS,JENKET,0.9037873054511428
PEVQIS,AWEYAE,0.9021121085119304
PEVQIS,CESQUP,0.8973260384003698
PEVQIS,JEDDII,0.8971973033156596
PEVQIS,PICCUC,0.8970721517618945
PEVQIS,NIYZIG,0.8969023263599554
PEVQIS,TONQOD,0.8914722189968324
PEVQIS,RUYGOJ,0.8901571818922024
PEVQIS,EKEKEL,0.8872965490149756
PEVQIS,DITTEH,0.8853972719978964
PEVQIS,UKOLOV,0.8852596890088068
PEVQIS,WORLAS,0.8849630173750749
PEVQIS,BUVNIR,0.8849028216955541
PEVQIS,DARYIF,0.8843076235975504
PEVQIS,MIMRAB01,0.8842947793265822
PEVQIS,NIKHAS,0.8841282864396026
PEVQIS,QAQSAD,0.8823387957330703
PEVQIS,NAWXER,0.8818833428279685
PEVQIS,PUGSER,0.8808700237176028
PEVQIS,USAHAZ,0.8796011253350827
PEVQIS,IDIXAU,0.8780018092116436
PEVQIS,WUMDIT,0.8766579800634117
PEVQIS,XOQXIL,0.8759083627967758
PEVQIS,XAFFER,0.8748758574330103
PEVQIS,VEHJUP,0.8747201383440127
PEVQIS,KUNLEL,0.8745626754788094
PEVQIS,IJEXIF01,0.8744913791868795
PEVQIS,ZARLIP,0.8738806631830895
PEVQIS,PERQUB,0.8738559555699095
PEVQIS,NIWYID,0.8738431285250255
PEVQIS,VAGMEX,0.8731585926871857
PEVQIS,XAFFAN,0.8728662525594664
PEVQIS,FUTYOK,0.8719007919751471
PEVQIS,FUVBAB,0.8716203156533116
PEVQIS,NIWYOJ,0.8714680667885374
PEVQIS,NOXMAQ,0.8709970580204475
PEVQIS,ACIBOE,0.870803147032455
PEVQIS,NANYUX01,0.870744288919195
PEVQIS,VEHKAW,0.8706593545155913
PEVQIS,ZARLEL,0.8705689067643609
PEVQIS,NENHEU,0.8685931104704506
PEVQIS,JEDVIA,0.8670506441463158
PEVQIS,XEGWIS,0.8627111259218202
PEVQIS,KAHMOW,0.8626954757295181
PEVQIS,XEGXIT,0.8626807844650429
PEVQIS,XEGWAK,0.8626688763713963
PEVQIS,YICQOS,0.861141492685475
PEVQIS,IGUFOH,0.8611253050355558
PEVQIS,UBUMAH,0.8589014297580015
PEVQIS,LOWQIX,0.8584716829349646
PEVQIS,WIMWIA,0.8582447538787622
PEVQIS,HUVGEM,0.8579400249861486
PEVQIS,XOHNEO,0.8547760001404302
PEVQIS,HIFGIO,0.854196322132045
PEVQIS,GAWMOJ,0.8518832371561115
PEVQIS,PURJAO,0.8518419533623898
PEVQIS,CIQHOC,0.8504168959037698
PEVQIS,NISCOJ,0.8457233606379052
PEVQIS,IGINIX,0.8441691875438694
PEVQIS,LEBQUH,0.8388181977821785
PEVQIS,HOKLIE,0.8380823788022345
DOTSOV39,DOTSOV37,0.9999999846634474
DOTSOV01,DOTSOV33,0.9999999974739002
MUXVIM,JUXZOT,0.9983012604075754
MUXVIM,FELXOM,0.9525291113318268
MUXVIM,FONQAC,0.9338964814823112
MUXVIM,FONKEA,0.9316772389799576
MUXVIM,RUXWEM03,0.8846037178040943
MUXVIM,IRELIC,0.8822664215853342
MUXVIM,XEFGUN01,0.8684454854640039
MUXVIM,VAKLIF,0.8662430895936317
MUXVIM,FIVRUA,0.8589592715972143
MUXVIM,DELGIN,0.851812302633054
MUXVIM,PIKYIU,0.8507433608227084
MUXVIM,EKUNON02,0.8415581904919094
MUXVIM,EKUNON,0.8415538723956325
MUXVIM,WUZGEF01,0.841303321241399
EKUNON,EKUNON02,0.999998664220392
EKUNON,YIHZIA02,0.8909326849250933
EKUNON,JUYJIY,0.881713993090907
EKUNON,FONQAC,0.8726299477370894
EKUNON,FONKEA,0.8716237283567916
EKUNON,MALWUU,0.8634250878354812
EKUNON,VAKLIF,0.8617198138954077
EKUNON,LUWKIZ,0.8616182216002203
EKUNON,EGUHOD01,0.8608742651804627
EKUNON,AGONEQ,0.8584169271491208
EKUNON,REXYAX,0.8482855875841526
EKUNON,NENHAQ,0.8468865305123331
EKUNON,GOQTIR,0.841935527781309
EKUNON,JUXZOT,0.8412823084613374
ZAQXEX,SOWCOY01,0.8911195975109992
ZAQXEX,KOZNEU,0.8611534302939848
ZAQXEX,VEGMOK01,0.8611471270246701
ZAQXEX,VEGMOK03,0.8611434558876297
ZAQXEX,REDROI,0.8610960588571036
ZAQXEX,IFABIA,0.86104612207969
ZAQXEX,IFABIA02,0.8609122561886766
ZAQXEX,IFABIA03,0.8608949413574566
ZAQXEX,IFABIA01,0.8608921573511221
ZAQXEX,FIJCUX,0.8608229717533467
ZAQXEX,ORIBAU,0.8605471991896856
ZAQXEX,PEVQOY,0.8596008898253599
ZAQXEX,VUSKEA,0.859427429577646
ZAQXEX,MIBQAR15,0.8593874975348392
ZAQXEX,MIBQAR07,0.859373195649288
ZAQXEX,MIBQAR01,0.8593187089649299
ZAQXEX,VAZTUM,0.8592983479559678
ZAQXEX,LAWGOG,0.8592926041343045
ZAQXEX,SAHYIK,0.8592736894210735
ZAQXEX,HEBNAF,0.840768748196362
ROZXEL,PIWLAL,0.9999977763372324
ROZXEL,PIWLIT,0.999917771609106
ROZXEL,ODUNEH,0.999337191388948
ROZXEL,GUGNON,0.956434812155814
ROZXEL,JENKET,0.9563578236295136
ROZXEL,VOLRAQ,0.9487694862087472
ROZXEL,UYAPOA,0.9485596365345238
ROZXEL,FIJCUX,0.9472080782586006
ROZXEL,FIJCUX01,0.9471977499492964
ROZXEL,ORIBAU,0.9471368210205228
ROZXEL,VEGMOK01,0.9468585300283852
ROZXEL,VEGMOK04,0.9468379368514106
ROZXEL,VEGMOK03,0.9468366847557084
ROZXEL,IFABIA,0.9465217456310536
ROZXEL,IFABIA02,0.9463039563962312
ROZXEL,IFABIA01,0.9462798558652
ROZXEL,IFABIA03,0.946255669642194
ROZXEL,PEVQOY,0.9441537546544
ROZXEL,MIBQAR15,0.9438575342254084
ROZXEL,MIBQAR07,0.9438354833031166
ROZXEL,MIBQAR01,0.9437632756716072
ROZXEL,HOLRAD,0.9437551198240786
ROZXEL,LAWFOF,0.9437424454806848
ROZXEL,VAZTUM,0.9437353206252084
ROZXEL,LAWGOG,0.9437277911906368
ROZXEL,SAHYIK,0.943700655952992
ROZXEL,DITTEH,0.932803793197558
ROZXEL,XAFFER,0.922571135361486
ROZXEL,VAGMEX,0.9224481854868956
ROZXEL,WUMDIT,0.9220965799162482
ROZXEL,NOXMAQ,0.9219226687102988
ROZXEL,QEDZEG,0.914201961814643
ROZXEL,GOSDUP,0.914191626316391
ROZXEL,NAWXER,0.9038598032037076
ROZXEL,REBVIG,0.8954045396735189
ROZXEL,NIYZIG,0.8836817454495794
ROZXEL,JEDDII,0.8814198887822415
ROZXEL,HIFGIO,0.8762148804788759
ROZXEL,YICQOS,0.8730690028939802
ROZXEL,DUFLOH,0.8720926295875582
ROZXEL,NEHGIS,0.8651469636660011
ROZXEL,HUTZAX01,0.8650390332047821
ROZXEL,YOCGAZ,0.8648596484639985
ROZXEL,ODODIW,0.8648144330758817
ROZXEL,AWEYAE,0.8647317395270209
ROZXEL,BOLPAU,0.8645286197423446
ROZXEL,OTAWIR,0.8587698155652482
ROZXEL,VANHEA,0.8561305852883598
ROZXEL,BOVHEB,0.855796458938975
ROZXEL,QOZSIJ,0.853471166985615
ROZXEL,EJIQIZ,0.8525530749514336
ROZXEL,POSGOV,0.8477188174510863
ROZXEL,TADWIG,0.8472100051949305
ROZXEL,MOFTIL02,0.8470976047279621
ROZXEL,MOFTIL01,0.8469198200760806
ROZXEL,UKOLOV,0.8462435780175073
ROZXEL,QAQSAD,0.8443903837993824
ROZXEL,USAHAZ,0.8441656197594541
ROZXEL,RUTNOK,0.8440975503212016
ROZXEL,IDIXAU,0.8437354717852129
ROZXEL,RUTNOK01,0.8436133133194966
ROZXEL,MIMRAB01,0.8432314525801823
ROZXEL,EKEKEL,0.8431950409146499
ROZXEL,BUVNIR,0.8393612588321278
ROZXEL,XOQXIL,0.8379000698786131
ROZXEL,MEWPIQ,0.8378327633777222
REGLUM,HIXWIU,0.999919628156299
REGLUM,REGLOG,0.9940573472830668
NUDPAE12,NIKYUC,0.9998438885838152
NUDPAE12,NIKZEN,0.9997158415595576
NUDPAE12,CAJHUS01,0.9997105779035408
NUDPAE12,NIKYOW01,0.9996635063288876
NUDPAE12,NIKYOW,0.9996580697196829
NUDPAE12,NIHBAI02,0.9996430154086722
NUDPAE12,VICBEQ,0.9996194600074004
NUDPAE12,NIKZAJ01,0.9996046705718802
NUDPAE12,NUDPAE,0.9995990546268814
NUDPAE12,NUDPAE02,0.9995947638099616
NUDPAE12,IZAKAX,0.9993592519624864
NUDPAE12,CAJHUS,0.9992589835500416
NUDPAE12,IZIDOM,0.9988156400279148
NUDPAE12,XACLOF,0.9984695109048236
NUDPAE12,NUDNUW09,0.9984490868237867
NUDPAE12,PESTAL,0.998427416617221
NUDPAE12,NUDNUW01,0.9982645937183888
NUDPAE12,NUDNUW06,0.9981613066283074
NUDPAE02,NUDPAE01,0.9999999965940184
NUDPAE02,NUDPAE,0.999999984086624
NUDPAE02,NUDPAE09,0.9999252772734358
NUDPAE02,IZIDOM,0.9997789822927804
NUDPAE02,XACLOF,0.9996195092156356
NUDPAE02,NUDNUW09,0.9995120720243726
NUDPAE02,NUDNUW01,0.9995117736636598
NUDPAE02,PESTAL,0.9994928076359796
NUDPAE02,NIHBEM01,0.9989578511692516
NUDPAE02,NIKZEN,0.9987770563524312
NUDPAE02,NIKYOW01,0.998675985384012
NUDPAE02,NIHBAI02,0.9986329288040554
NUDPAE02,NIKZAJ01,0.9985433035345525
NUDPAE02,IZAKAX,0.998098061411402
NUDPAE02,IZAJUQ,0.998071967925965
AMIXOK,WAYKAK,0.945472515458852
AMIXOK,AFOVOH,0.9423245202503752
AMIXOK,UKAPUS,0.8961955306839069
AMIXOK,FOCZEE,0.8880822374326116
AMIXOK,FOCYUT,0.8876896164530024
AMIXOK,VUWSAJ,0.8811500852035915
YICXIU,XADDAJ01,0.9732609500061776
YICXIU,XADDAJ,0.9729438125602092
YICXIU,VITZAB,0.9563952050258574
YICXIU,JUXSEC,0.9557336102945356
YICXIU,XISDIO,0.9166064223363316
YICXIU,DAKZUN,0.9159545291679752
YICXIU,DUGDUG,0.9088589868105748
YICXIU,LAVTAF,0.90715370777402
YICXIU,UPIBOM,0.9069025025224428
YICXIU,YATTUK,0.9038642792522472
YICXIU,AYOZOF,0.9000233510841764
YICXIU,SEHSII,0.8988098289001815
YICXIU,CEJXEW,0.8954872737120784
YICXIU,KEDJEL,0.895316547685759
YICXIU,OHIHOD,0.8479937443801266
YICXIU,IFUNUU,0.8466874641020226
DOTSOV26,DOTSOV38,0.999999999260666
DOTSOV26,DOTSOV32,0.9999999999453262
FODBEH,VIDWAI,0.840080070844286
NABLIM,FENTEY,0.9999889172576226
NABLIM,MITSEO,0.999705370909018
NABLIM,MITSIS,0.9980849192005375
NABLIM,KUJMIN,0.9973097818435196
NABLIM,QUQFOY,0.9327673987497038
NABLIM,NAPZOV,0.9200241296020044
NABLIM,AJIJEI,0.9182490631547796
NABLIM,AJIJEI01,0.9182193545095128
NABLIM,LIQFEY,0.9078521413312076
NABLIM,FESYEK,0.9065275752430988
NABLIM,FIJDEI,0.8948407987635323
NABLIM,QEKLID,0.8869386524947925
NABLIM,QEKLID01,0.8869062209952031
NABLIM,JUVROJ,0.8773903108169316
NABLIM,XEFGUN01,0.8748431964102572
NABLIM,GOYLUB,0.8742785095521765
NABLIM,YIKGEF,0.8742097891942021
NABLIM,GIZNOT,0.8738902062552509
NABLIM,FIPKOG01,0.8603925634386587
NABLIM,DAKVIW,0.8533655911849484
NABLIM,VIDWAI,0.8525654232186619
NABLIM,AWEJIW,0.8501012511142381
NABLIM,LUWKIZ,0.8500656421902582
NABLIM,EGUHOD01,0.8496278042578906
NABLIM,WEVVOL,0.8394945782614583
NABLIM,DAPYAW,0.8391075730571506
JETZAK,KIFKAM,0.9430552540136776
JETZAK,XUFYEE,0.9389108680090454
JETZAK,MUDLON,0.9225769967893104
JETZAK,WAQDOJ,0.902879497001345
JETZAK,XEQLEM,0.8422623671165479
WORLAS,FECXUI,0.999829832470943
WORLAS,FECYUJ,0.9998102186106482
WORLAS,MIMRAB01,0.9993324210096036
WORLAS,QAQSAD,0.9971274278103492
WORLAS,USAHAZ,0.9943679549972552
WORLAS,IDIXAU,0.9927609750937214
WORLAS,EZINAE,0.9100819222914568
WORLAS,MIBQAR07,0.8849742803002749
WORLAS,SAHYIK,0.8849641527327357
WORLAS,MIBQAR01,0.8849576132836976
WORLAS,VUSKEA,0.8849571781577293
WORLAS,MIBQAR12,0.8849562268957514
WORLAS,LAWGOG,0.8849560155338988
WORLAS,HOLRAD,0.8849559030191495
WORLAS,LAWFOF,0.8849558104483835
WORLAS,PEVQOY,0.8849487086264315
WORLAS,IFABIA03,0.8842165791228116
WORLAS,IFABIA01,0.884158616635618
WORLAS,IFABIA02,0.8841565139072277
WORLAS,IFABIA,0.8839162170368907
WORLAS,REDROI,0.8837992229864771
WORLAS,VEGMOK03,0.8834404477929347
WORLAS,VEGMOK04,0.8834379185598835
WORLAS,GATBUZ,0.8834363768995401
WORLAS,VEGMOK01,0.8833957344543872
WORLAS,FIJCUX,0.8812860354587361
WORLAS,FIJCUX01,0.8810809452043348
WORLAS,EGIKUB01,0.8636303735907549
WORLAS,SAVMAE,0.8615334825647791
WORLAS,LOWQIX,0.8612873125612048
WORLAS,SOSQIC01,0.8521677758013171
WORLAS,XOHNEO,0.8521439697544324
WORLAS,IJEXIF01,0.8494263116717675
WORLAS,PERQUB,0.8487845597045423
WORLAS,NIWYID,0.8487810577564248
WORLAS,ULISOZ,0.8486303843575903
WORLAS,FUTZEB,0.8473156713788972
WORLAS,FUVBAB,0.8465517707528517
WORLAS,NIWYOJ,0.8463903027799425
WORLAS,RUPVAB,0.8463887598238395
WORLAS,PEJPEB,0.8460631666667142
WORLAS,NANYUX01,0.8457269227372379
WORLAS,ACIBOE,0.8457178657338851
WORLAS,VEHKAW,0.8456016177749406
WORLAS,UNAGOH,0.8453765581681795
WORLAS,FUTZAX,0.844176083000667
WORLAS,ODUNEH,0.8432385632053505
WORLAS,WUHNUK,0.8429325465181025
WORLAS,JEDVIA,0.8419551247359929
WORLAS,PIWLAL,0.840730965718402
WORLAS,HUTZAX01,0.8405833474725706
WORLAS,GUGNON,0.8393841311160086
EPUJIJ,ALALUU,0.9957247787384618
AVIHOE,AFUPEX,0.9846472050098988
AVIHOE,IJASES,0.8653060941987565
AVIHOE,ELILIV,0.8599122694695212
ELILIV,IJASES,0.8571392562303709
ELILIV,AFUPEX,0.8532343037115065
VEHJUP,PERQUB,0.9997074093565084
VEHJUP,NIWYID,0.9997006903809292
VEHJUP,REGREC,0.9993098974324746
VEHJUP,FUTZEB,0.9988170153065414
VEHJUP,FUVBAB,0.9982815862545076
VEHJUP,PEJPEB,0.9979390992801542
VEHJUP,NANYUX01,0.9976374855298464
VEHJUP,VEHKAW,0.9975771431518932
VEHJUP,NANYUX03,0.9975480267696252
VEHJUP,UNAGOH,0.9974295037985024
VEHJUP,JEDVIA,0.9947377128439652
VEHJUP,RUPVAB,0.9941321975786648
VEHJUP,UFAMEW,0.9467046377413696
VEHJUP,DUZPUL,0.9463895994574536
VEHJUP,YOZYUJ,0.9436175542984588
VEHJUP,QUQFIS,0.9299989815590924
VEHJUP,EXOXUL,0.915871291941008
VEHJUP,REBVIG,0.9074531741729424
VEHJUP,FUDGIW,0.907060166610009
VEHJUP,HOGJIX,0.9050162429176808
VEHJUP,EGIKUB01,0.8968764685993369
VEHJUP,DUNXUH13,0.8962797236302555
VEHJUP,DUNXUH15,0.8961791800158533
VEHJUP,LOWQIX,0.8959039225234338
VEHJUP,BOWJAA,0.8870627628201211
VEHJUP,DITTEH,0.886574855469478
VEHJUP,REFVEF,0.8861504927372394
VEHJUP,PUGSER,0.8832614654178653
VEHJUP,BUKMUQ01,0.8825734289440486
VEHJUP,DOYHOQ,0.8779638841367525
VEHJUP,NUFBOH,0.8778434840131665
VEHJUP,PEVQOY,0.8748034619359912
VEHJUP,IFABIA,0.8747731802253016
VEHJUP,MIBQAR15,0.874723015491014
VEHJUP,MIBQAR07,0.8747160857792036
VEHJUP,MIBQAR01,0.8746953884539089
VEHJUP,HOLRAD,0.8746929612036527
VEHJUP,LAWFOF,0.8746891645473811
VEHJUP,VAZTUM,0.8746870100817346
VEHJUP,LAWGOG,0.8746847534886533
VEHJUP,REDROI,0.8746847382466836
VEHJUP,SAHYIK,0.8746763934609454
VEHJUP,IFABIA01,0.8746747022322863
VEHJUP,VEGMOK03,0.8745189621518796
VEHJUP,VEGMOK04,0.8745175453107108
VEHJUP,GATBUZ,0.874516673987296
VEHJUP,NUFCAU,0.8742452486070461
VEHJUP,CUVTOD,0.8740515003506478
VEHJUP,DOYHIK,0.8740160843653098
VEHJUP,VOTHIX,0.8740034775019043
VEHJUP,FIJCUX,0.8730930693713246
VEHJUP,ORIBAU,0.8724927060295996
VEHJUP,GEYLEE,0.8690562285233566
VEHJUP,UKOLUD,0.8666467179256181
VEHJUP,ADUVAZ,0.8608397179652122
VEHJUP,LASMUP,0.8607360862778201
VEHJUP,UBUMAH,0.8602091419224148
VEHJUP,SOWCOY,0.8600851950391164
VEHJUP,MUWRUT,0.8515158576341679
VEHJUP,HEZKIH,0.8508231280416202
VEHJUP,FECYUJ,0.8495858787280152
VEHJUP,QAQSAD,0.8487998762526153
VEHJUP,USAHAZ,0.8467815934836019
VEHJUP,REYCEF,0.8461437281755534
VEHJUP,EZINAE,0.8455750050406337
VEHJUP,HIQNUS,0.8449465218810758
VEHJUP,BABRII,0.840153961240573
VEHJUP,NUCPIM,0.8396793498172014
VEHJUP,JAYXAL,0.8387665900501478
VEHJUP,GUGNON,0.8384323528475193
VEHJUP,VOLRAQ,0.8380544110829452
VEHJUP,JENKET,0.8376947780772157
TONQOD,OKELOH,0.9150176845478614
TONQOD,PIWLAL,0.9143444649671448
TONQOD,PIWLIT,0.9138678640620224
TONQOD,ODUNEH,0.9126616991226576
TONQOD,HIFGIO,0.9065644854252208
TONQOD,JENKET,0.9054536733855356
TONQOD,GUGNON,0.905229213639872
TONQOD,FIJCUX,0.8970888253261842
TONQOD,KOZNEU,0.8962564385888749
TONQOD,VEGMOK01,0.8959435346774209
TONQOD,VEGMOK04,0.8959027438106909
TONQOD,IFABIA02,0.8950561020155132
TONQOD,IFABIA01,0.8950307781129254
TONQOD,IFABIA03,0.8949697898272593
TONQOD,VOLRAQ,0.894279353184783
TONQOD,UYAPOA,0.8941424746179396
TONQOD,MIBQAR15,0.891484829934117
TONQOD,MIBQAR01,0.8913606263021454
TONQOD,LAWFOF,0.8913331810078454
TONQOD,VAZTUM,0.8913239073822897
TONQOD,LAWGOG,0.8913139404971989
TONQOD,DITTEH,0.8836369666695998
TONQOD,DUPKAC,0.8703111609068709
TONQOD,RUYGOJ,0.868353808282898
TONQOD,NIKHAS,0.8586694224263375
TONQOD,DUFLOH,0.8511298058015255
TONQOD,XAFFAN,0.8504094757344717
TONQOD,VAGMEX,0.8503827476232018
TONQOD,XAFFER,0.8499867794867311
TONQOD,WUMDIT,0.8487819724117402
DOTSOV04,DOTSOV05,0.9999999997628496
YUKTUU07,YUKTUU05,0.9999998902947838
YUKTUU07,JEDKIP,0.999999592510444
SOZHOG,IDUSIM,0.9999189938653542
SOZHOG,IDUSIM01,0.9998972723162336
SOZHOG,UNACIW,0.9998700054248366
SOZHOG,IDUSIM02,0.9998653568321484
SOZHOG,UNABUH01,0.9998629431912216
SOZHOG,IDUTAF,0.999830090237966
SOZHOG,IDUTIN,0.999822774070138
SOZHOG,MAVRAE,0.9241311956995244
SOZHOG,HOYKUD,0.8890404554903426
SOZHOG,FALTUK,0.8816726452748038
SOZHOG,FAMQES,0.8813647253474203
SOZHOG,HAWZEM,0.8666791029452454
SOZHOG,UFUMUD02,0.8666773916652768
SOZHOG,EGOZAB,0.8666734482873442
SOZHOG,NIHDIU,0.866616645774456
SOZHOG,BAHGUN02,0.8666096130361743
SOZHOG,UFUNAK,0.8665099968679875
SOZHOG,POFDIZ,0.8664187153238382
SOZHOG,NIHDEQ,0.8663823175869306
SOZHOG,MURREW,0.8663143060063764
SOZHOG,KAKTIA,0.866084557748954
SOZHOG,IPINAY,0.8655399834365942
SOZHOG,POFFAT,0.8646296855893566
SOZHOG,VIXPUP,0.8579023802054927
SOZHOG,VIXPUP01,0.8569735239456275
SOZHOG,IXAJUN,0.8546488547971991
SOZHOG,XICKOL,0.8532152644760899
SOZHOG,EDOSEY,0.8417723919935425
NIWYOJ,FUVBAB,0.9999981483211716
NIWYOJ,FUTYOK,0.9999857111162964
NIWYOJ,ACIBOE,0.9999710787260412
NIWYOJ,UNAGOH,0.999936449306809
NIWYOJ,REGREC,0.9997278110531698
NIWYOJ,NIWYID,0.9993513289218556
NIWYOJ,PERQUB,0.9993414368339386
NIWYOJ,JEDVIA,0.999106702549909
NIWYOJ,KUNLEL,0.993563273591414
NIWYOJ,YOZYUJ,0.9469155262545862
NIWYOJ,UFAMEW,0.9429569578743296
NIWYOJ,QUQFEO,0.932940418251566
NIWYOJ,QUQFIS,0.9328642620890304
NIWYOJ,RUGXUO,0.9324655136020564
NIWYOJ,QOPZIF,0.9184806100146196
NIWYOJ,JOVYAW,0.9082390577609548
NIWYOJ,REBVIG,0.9080360864096672
NIWYOJ,KEFBOO,0.8999763491526345
NIWYOJ,DUNXUH13,0.8972445330254927
NIWYOJ,WIMWIA,0.8968563793193142
NIWYOJ,LOWQIX,0.8968126160774434
NIWYOJ,EGIKUB01,0.8945849608634715
NIWYOJ,REFVEF,0.8814467505448396
NIWYOJ,APACAX,0.8775764994066513
NIWYOJ,DOYHIK,0.8775586554182808
NIWYOJ,NUFBEX,0.8763830508217071
NIWYOJ,DOYHOQ,0.8761737257138041
NIWYOJ,NUFBOH,0.8751619592265161
NIWYOJ,FIJCUX,0.8749991473473308
NIWYOJ,ORIBAU,0.8749460703133051
NIWYOJ,VEGMOK04,0.874567218713902
NIWYOJ,REDROI,0.8743647617481446
NIWYOJ,IFABIA02,0.8740132485904638
NIWYOJ,IFABIA01,0.873989346766025
NIWYOJ,CUVTOD,0.8733577052907276
NIWYOJ,PEVQOY,0.8717814880469839
NIWYOJ,VUSKEA,0.8715343511468958
NIWYOJ,MIBQAR15,0.8714779253988132
NIWYOJ,MIBQAR12,0.871461192506404
NIWYOJ,MIBQAR07,0.871455649253884
NIWYOJ,MIBQAR01,0.871381384930388
NIWYOJ,HOLRAD,0.8713730050546651
NIWYOJ,LAWFOF,0.8713600286998393
NIWYOJ,VAZTUM,0.8713527760260701
NIWYOJ,LAWGOG,0.8713450319107703
NIWYOJ,UKOLUD,0.869201583757104
NIWYOJ,GEYLEE,0.8684895591619074
NIWYOJ,NUFCAU,0.8672803503631832
NIWYOJ,SOWCOY01,0.8611430458995071
NIWYOJ,SOWCOY,0.86105715449866
NIWYOJ,UBUMAH,0.8610143205751399
NIWYOJ,LASMUP,0.8571612342096147
NIWYOJ,MUWRUT,0.8535476115299455
NIWYOJ,WEHHIC,0.8533063000008397
NIWYOJ,ALANAD,0.8523530007083369
NIWYOJ,WEHHOI,0.852247368443089
NIWYOJ,QAQSAD,0.8500190375627183
NIWYOJ,USAHAZ,0.8498558737625548
NIWYOJ,WORKUL,0.8490942029269689
NIWYOJ,FECYUJ,0.8471517581119821
NIWYOJ,HIQNUS,0.8462930754189621
NIWYOJ,CIJLIT,0.8458836772680787
NIWYOJ,HIQNOM,0.8446150124194216
NIWYOJ,REYCEF,0.8445127751757029
NIWYOJ,REYCUV,0.8404725288009469
NIWYOJ,NENHEU,0.8399602194253024
NIWYOJ,JAYXAL,0.8395267479141025
NIWYOJ,BABRII,0.838947937930794
NIWYOJ,NUCPIM,0.837686652188867
EBAMUS,DOTSOV07,0.9999308847937758
EBAMUS,XAMDUM02,0.9999295468282908
EBAMUS,LUDLIH,0.9998693430985164
EBAMUS,DOTSOV14,0.9998483421819596
EBAMUS,XAMDUM05,0.9998482776475874
EBAMUS,DOTSOV13,0.9998460381549322
EBAMUS,DOTSOV11,0.999846022856379
EBAMUS,DOTSOV15,0.9998458851194866
EBAMUS,DOTSOV10,0.9998458843052284
EBAMUS,DOTSOV08,0.9998457396489916
EBAMUS,DOTSOV16,0.9998457380668668
EBAMUS,XAMDUM03,0.9998399373365991
EBAMUS,XAMDUM01,0.9998332782595692
EBAMUS,DIHVIB01,0.9998311478848888
EBAMUS,RILFEA,0.9998310715738352
EBAMUS,YOZMEH,0.9998283955018568
EBAMUS,XAMDUM,0.99982835776886
EBAMUS,FIQCEN,0.999827092922857
EBAMUS,YOZMIL,0.9998270017211652
EBAMUS,YOZNEI,0.9998267616341224
EBAMUS,XAMDUM06,0.9998238665216737
EBAMUS,YOZNIM,0.9998229336504504
EBAMUS,YOZMOR,0.9998174719047156
EBAMUS,XAMDUM07,0.9998162526609904
EBAMUS,DIHVIB,0.9997966189065376
EBAMUS,YOZPAG,0.9997649652746136
EBAMUS,WULJUJ,0.9995822473091094
EBAMUS,QAWHIH01,0.9988214363834554
EBAMUS,QIZLIW,0.9986933550400112
EBAMUS,YOZNUY,0.9978460317983736
EBAMUS,KAJZIH,0.9954315198386507
EBAMUS,QIZLOC,0.994673127364796
EBAMUS,OHOMIH,0.9944449231409052
EBAMUS,YOZMUX,0.9897913722796776
EBAMUS,DALSOA,0.9328699528170352
EBAMUS,MIKVEK,0.9302851959966016
EBAMUS,ONIXOZ,0.925474877800632
EBAMUS,EXOYAS,0.919702701244635
EBAMUS,RAWYAS,0.9190581834082584
EBAMUS,CITXUZ,0.9186614515326428
EBAMUS,GERWEH,0.9080428328386482
EBAMUS,YUGLES,0.9076493817647542
EBAMUS,YAGHUM,0.907523743766652
EBAMUS,MOCKEV,0.9071031629690762
EBAMUS,MOCKAR,0.9069639255322208
EBAMUS,HANWAW,0.906749398709745
EBAMUS,ALIXUP,0.9009535462405872
EBAMUS,PIDRAY,0.9005807625670317
EBAMUS,HUCBOX,0.8973185397288477
EBAMUS,MOFGOE,0.8960094418371314
EBAMUS,VUJBIM,0.8947271272872389
EBAMUS,GIKMOD,0.8941974220911051
EBAMUS,GINTUT,0.8871342897101145
EBAMUS,IPUPIU,0.8867958427316599
EBAMUS,VIXPUP,0.886712877932003
EBAMUS,VIXPUP02,0.886669237520503
EBAMUS,LUDLAZ,0.886231698991668
EBAMUS,IPUPOA,0.8852571476068662
EBAMUS,WANJIF,0.8850690719876015
EBAMUS,ADONEP,0.8848786992304853
EBAMUS,KANMIX,0.8848641637199082
EBAMUS,USEVOF,0.8848061451689152
EBAMUS,EMUBOF,0.8846278982283492
EBAMUS,APUPEH,0.8824945944248845
EBAMUS,ANUGOG,0.8778151989724549
EBAMUS,ANUGIA,0.877134948362088
EBAMUS,NEMCOA,0.87492333173193
EBAMUS,HIDTUM,0.8737282034838066
EBAMUS,LAQNID,0.869058907143011
EBAMUS,OKABAE,0.867297186077703
EBAMUS,KIRFOI,0.8662136119943902
EBAMUS,TEKYOA,0.8608933007554253
EBAMUS,XICKOL,0.8606520320458351
EBAMUS,TOVWAE,0.8605156619874716
EBAMUS,OGEBAF,0.8591375376108293
EBAMUS,OGEBAF01,0.858856223703049
EBAMUS,JALPAQ,0.8584879897165149
EBAMUS,IDUDIW,0.8570450745512599
EBAMUS,FAMPUH,0.853336567637964
EBAMUS,FAMQES,0.8533134758137214
EBAMUS,NAPSUV,0.85329250634175
EBAMUS,EDOSEY,0.8531196769457751
EBAMUS,EPISOM,0.853057848755838
EBAMUS,ANUGEW,0.8528239913670914
EBAMUS,MAVRAE,0.8516279478058948
EBAMUS,LAYXAN,0.8499360811184442
EBAMUS,HEHROE,0.8498885673251297
EBAMUS,RUJMEQ,0.8462501745734146
EBAMUS,UWALEL,0.8455666546055158
EBAMUS,REGYOT,0.8397382923590349
EBAMUS,ICAREL,0.8397322170501469
EBAMUS,LUKLIN,0.8397286531048526
EBAMUS,SEMNIJ,0.8393324597023379
EBAMUS,HUJGEA,0.8390376026422598
EBAMUS,BAZGAM,0.8385923467175409
EBAMUS,ENIHUG01,0.838445886188508
EBAMUS,KIJRUS,0.8380498747113514
XAMDUM05,BODPAN,0.9999998407270392
XAMDUM05,LUDLIH,0.9999962045613768
XAMDUM05,RILFEA,0.9999960661261508
XAMDUM05,DIHVIB01,0.9999949328090316
XAMDUM05,UXISUR,0.9999948650308256
XAMDUM05,FIQCEN,0.9999942312857606
XAMDUM05,LUDLED,0.9999932612051065
XAMDUM05,XAMDUM06,0.9999926195380896
XAMDUM05,YOZMIL,0.999989401027442
XAMDUM05,XAMDUM02,0.999983480913732
XAMDUM05,YOZMOR,0.999980834327168
XAMDUM05,YOZNAE,0.9999782431840162
XAMDUM05,DIHVIB,0.9999762671746868
XAMDUM05,DOTSOV13,0.9999750116463004
XAMDUM05,DOTSOV11,0.9999749820756968
XAMDUM05,DOTSOV15,0.9999747009871804
XAMDUM05,DOTSOV10,0.9999747008349468
XAMDUM05,DOTSOV14,0.999974678665864
XAMDUM05,DOTSOV08,0.9999744090994922
XAMDUM05,TISPAO,0.9997243948076648
XAMDUM05,QAWHIH01,0.9991284056847224
XAMDUM05,QAWHIH,0.9990883902884552
XAMDUM05,WULJUJ,0.9989759239208946
XAMDUM05,QIZLIW,0.9986577660158736
XAMDUM05,YOZNUY,0.9982146902824064
XAMDUM05,NEHZOS,0.9966613431257884
XAMDUM05,NEHZUY,0.996578687658156
XAMDUM05,KAJZIH,0.995235090759894
XAMDUM05,QIZLOC,0.9943491533305068
XAMDUM05,OHOMIH,0.994181423867481
XAMDUM05,YOZNOS,0.9916307088117018
XAMDUM05,YOZMUX,0.9878185114030542
XAMDUM05,LASYOU,0.9464199022382054
XAMDUM05,DALSOA,0.9330067238639472
XAMDUM05,BABREE,0.9322400100270636
XAMDUM05,MIKVEK,0.9300847219564404
XAMDUM05,ONIXOZ,0.9251779555635398
XAMDUM05,RAWYAS,0.9190500431251938
XAMDUM05,GERWEH,0.9082023065492276
XAMDUM05,YUGLES,0.907899273654745
XAMDUM05,HOGLEV,0.907836831500626
XAMDUM05,EXOGAB,0.907790243181378
XAMDUM05,YAGHUM,0.907787690400158
XAMDUM05,NUTQAV,0.9076862196502888
XAMDUM05,HOGLEV01,0.9076839196086212
XAMDUM05,HANWAW,0.90654531394204
XAMDUM05,HUCBOX02,0.8973315101239445
XAMDUM05,PAMQIF,0.8968879428274166
XAMDUM05,MOFGOE,0.8960158713191242
XAMDUM05,MOBDIR,0.8960132038512141
XAMDUM05,VUJBIM,0.8951199311240337
XAMDUM05,MUDTEL,0.8944213570541245
XAMDUM05,GINTUT,0.887295708675339
XAMDUM05,VIXPUP01,0.8871485602971965
XAMDUM05,RUVKAV,0.8870997604458967
XAMDUM05,VIXPUP02,0.8866967755995612
XAMDUM05,KANMIX,0.8850361148475949
XAMDUM05,EMUBOF,0.8848576414820646
XAMDUM05,ADONEP,0.8845453271850632
XAMDUM05,EMUBIZ,0.8819761099393814
XAMDUM05,ANUGOG,0.8779522635909933
XAMDUM05,ANUGIA,0.8774089201007499
XAMDUM05,DICKEH,0.8771988048444292
XAMDUM05,NEMCOA,0.8747909843895084
XAMDUM05,CEKHUY,0.8742682795002749
XAMDUM05,LAQNID,0.8691586606291823
XAMDUM05,OKABAE,0.8672188871371058
XAMDUM05,HABQUY,0.8664753805431127
XAMDUM05,TEKYOA,0.8609808796711362
XAMDUM05,TOVWAE,0.8607762086251988
XAMDUM05,XICKOL,0.8606968286166585
XAMDUM05,OGEBAF,0.8589385224292647
XAMDUM05,OGEBAF01,0.8587590992472093
XAMDUM05,XITYOP,0.8578500974980316
XAMDUM05,IXAJUN,0.8577428408418951
XAMDUM05,FAMQAO,0.853532796689995
XAMDUM05,FALTUK,0.8535317870218275
XAMDUM05,FAMQES,0.853504057001446
XAMDUM05,NAPSUV,0.8534884152103683
XAMDUM05,EPISOM,0.8526992408444535
XAMDUM05,LAYXER,0.8518339505641346
XAMDUM05,LAYWOA,0.8504743253037983
XAMDUM05,HEHROE,0.8496693237853442
XAMDUM05,WARXUL,0.8489234952235788
XAMDUM05,DEKBON,0.8475013894787702
XAMDUM05,UWALEL,0.8452571321931104
XAMDUM05,REGYOT,0.8397833991115804
XAMDUM05,ICAREL,0.8397812712170405
XAMDUM05,LUKLIN,0.83977669482973
XAMDUM05,BAZFUF01,0.8397715840949059
XAMDUM05,BAZFUF,0.8397622881356969
XAMDUM05,SEMNIJ,0.8395450610855483
XAMDUM05,HUJGEA,0.8390307302201262
XAMDUM05,ENIHUG,0.8387908936144108
LOMQOV,VAKREG,0.9997818196975218
CIJBEE,VODNOS,0.9999985174282804
CIJBEE,ABAVOP,0.9999968880923789
CIJBEE,OJOBAS,0.9999885546944718
CIJBEE,VEDFOB,0.9999882306001588
CIJBEE,CEYPUT,0.9999871960093928
CIJBEE,BOWDOI,0.9999704399024056
CIJBEE,VEDFER,0.9999684070131794
CIJBEE,VEDFUH,0.9999644470189812
CIJBEE,BOWDUO,0.999951545696406
CIJBEE,YODRAM,0.9999512097476716
CIJBEE,AHETAK,0.999945739271246
CIJBEE,BOWDIC,0.9999315751817992
CIJBEE,BIPXIK,0.9999221847973973
CIJBEE,TATSIS,0.998894179939754
CIJBEE,ERUNIQ,0.998664106462883
CIJBEE,LASMAV,0.9982773812846872
CIJBEE,YIGGEB,0.9967438918451856
CIJBEE,ERUNUC,0.9233590453381394
CIJBEE,JODGIU,0.9230356010233408
CIJBEE,ERUNOW,0.9229759589110634
CIJBEE,DIDBOJ,0.9229753161474168
CIJBEE,CAXZOS,0.9229726954708476
CIJBEE,DIDBID,0.9228729179905224
CIJBEE,DIDBAV,0.9227556671867232
CIJBEE,JODGOA,0.8946563625192756
CIJBEE,BUKLOJ,0.8825735580125413
CIJBEE,LIDSIC,0.8791558931482455
CIJBEE,FEVDER,0.8790776665622355
CIJBEE,BAKJEE,0.8790352681215933
CIJBEE,TIDNIF,0.8769742102679776
CIJBEE,SIDXOV,0.870707569087307
CIJBEE,YATDOP,0.8601606296675882
CIJBEE,XALMOO,0.859943863116617
CIJBEE,XALMII,0.8588398201842259
CIJBEE,FUMJAZ,0.8533178475731835
CIJBEE,NIDFOX,0.8528377319807763
CIJBEE,DIQHAO,0.8522285345548579
CIJBEE,MOXDOT,0.8444226346901131
CIJBEE,DERBIO,0.8443316537995629
CIJBEE,WEMKEG,0.8443051213177237
CIJBEE,RAKBIO02,0.843746437843102
CIJBEE,RAKBIO,0.843739985339833
CIJBEE,NERVIP01,0.8436965301636714
CIJBEE,KOHLIE,0.842995011526053
CIJBEE,CANROA,0.8429138797210205
CIJBEE,NERVOV,0.8427993638118713
CIJBEE,FAZPIH,0.8427338993911637
CIJBEE,WOPWOP,0.8427086171806727
CIJBEE,NERVEL,0.8425266706794197
CIJBEE,NERVIP,0.8422554966274074
CIJBEE,YIRSUQ,0.841662398981863
CIJBEE,CEJFOO,0.8411092108350205
HOYQIX,IPUPIU,0.999989326963684
HOYQIX,EXOGAB,0.973157022894927
HOYQIX,ANUGEW,0.9712978224364852
HOYQIX,LAYWOA,0.9685345051736588
HOYQIX,LAYXAN,0.9676399688200316
HOYQIX,DEKBON,0.965070195842212
HOYQIX,LAQNID,0.9523287950475082
HOYQIX,BAZFUF01,0.9479279510194384
HOYQIX,BAZFUF,0.947924428277596
HOYQIX,ICAREL,0.9468567816692228
HOYQIX,BAZGAM,0.9445910538646076
HOYQIX,QOWRAV,0.9442722370692774
HOYQIX,QOWRAV12,0.9442342922420268
HOYQIX,QOWRAV08,0.9442270370356391
HOYQIX,QOWRAV06,0.9441989945977952
HOYQIX,QOWRAV03,0.944179831724252
HOYQIX,QOWRAV04,0.944176402106754
HOYQIX,QOWRAV02,0.9441726834083076
HOYQIX,KIJRUS,0.9436485053995572
HOYQIX,LASYOU,0.9327749252717084
HOYQIX,ENIHUG,0.9163188190921888
HOYQIX,MIKVEK,0.9147625713347348
HOYQIX,NAPSUV,0.9107671908220436
HOYQIX,ONIXOZ,0.9089750590198604
HOYQIX,FISGOF,0.9083066880255192
HOYQIX,NIGDIS,0.8957359753548254
HOYQIX,TEKYOA,0.8956218822119756
HOYQIX,XICKOL,0.8951252250691609
HOYQIX,JALPAQ,0.8919976681113796
HOYQIX,YUSWEP,0.8876591825112388
HOYQIX,YOZNAE,0.8872282816802889
HOYQIX,YOZNEI,0.8872200947262054
HOYQIX,XAMDUM07,0.8872054839388793
HOYQIX,YOZMIL,0.8872024385336292
HOYQIX,YOZNIM,0.8871988292247528
HOYQIX,XAMDUM06,0.887191858497652
HOYQIX,FIQCEN,0.8871852529298447
HOYQIX,XAMDUM,0.8871825114803068
HOYQIX,YOZMEH,0.8871823750685084
HOYQIX,XAMDUM01,0.8871764345180146
HOYQIX,RILFEA,0.8871761634608527
HOYQIX,LUDLIH,0.887161407248837
HOYQIX,XAMDUM03,0.8871518484444798
HOYQIX,XAMDUM04,0.8871385178358195
HOYQIX,XAMDUM02,0.8871117898754958
HOYQIX,DOTSOV42,0.8869856237334521
HOYQIX,DOTSOV13,0.8869733195055192
HOYQIX,DOTSOV15,0.8869722016882168
HOYQIX,DOTSOV14,0.8869720628670144
HOYQIX,DOTSOV08,0.8869711559498534
HOYQIX,DOTSOV16,0.8869711368717097
HOYQIX,DOTSOV12,0.8869711307897896
HOYQIX,DOTSOV07,0.8865231489002534
HOYQIX,YOZNUY,0.8864435299213179
HOYQIX,DOTSOV02,0.885686868870954
HOYQIX,QIZLIW,0.8848337337497775
HOYQIX,NEHZOS,0.8822914480032887
HOYQIX,GAVDUD,0.8822673850922167
HOYQIX,NEHZUY,0.8821905073310694
HOYQIX,KAJZIH,0.8805766480747519
HOYQIX,HAYXIR,0.8799874623054793
HOYQIX,QIZLOC,0.8795352370010798
HOYQIX,MUNDOQ,0.8749570814158635
HOYQIX,SEMNIJ,0.8727480065648503
HOYQIX,LURRIA,0.8693384861622026
HOYQIX,AVAKAL02,0.8659204557845497
HOYQIX,ASIVAB,0.864304132959106
HOYQIX,SIXNIZ,0.8642277569477959
HOYQIX,SIXNOF,0.8637888022340658
HOYQIX,SIXNEV,0.8637066917381171
HOYQIX,KAGJOS,0.862901883158411
HOYQIX,WURNOO,0.8628611819428719
HOYQIX,NEMCOA,0.8611580556863911
HOYQIX,CEKHUY,0.8605205341582383
HOYQIX,HIDTUM,0.859645761249298
HOYQIX,OGEBAF01,0.8458494876258156
HOYQIX,XITYOP,0.8447300798525412
HOYQIX,IDUDIW,0.8434259829314534
HOYQIX,SIXNUL,0.8426163018972371
HOYQIX,FAMQES,0.8422904814503057
HOYQIX,FAMPUH,0.8422759413404037
HOYQIX,FALTUK,0.8422562866235663
HOYQIX,IDUDES,0.8413833990596992
UFUKUB02,UFUKUB03,0.9999949084638412
UFUKUB02,UFUKUB01,0.9996392470495876
UFUKUB02,PUNYED,0.91667136384201
UFUKUB02,ABAYOU,0.9161486858125154
UFUKUB02,FEYJOJ,0.8741603781463713
UFUKUB02,KESFIA,0.8727920304071021
UFUKUB02,AGAFAS,0.8630410332983629
UFUKUB02,ALIXID,0.8429191279378144
UFUKUB02,EBIMEJ,0.8425199535757447
UFUKUB02,FUDHAP,0.8423248261611245
VAZTUM,MIBQAR,0.9999998643619488
VAZTUM,LAWFOF,0.9999999846105532
VAZTUM,HOLRAD,0.9999999595451088
VAZTUM,MIBQAR01,0.9999999420301132
VAZTUM,SAHYIK,0.9999998212845784
VAZTUM,MIBQAR12,0.9999991647024076
VAZTUM,MIBQAR15,0.9999988996426878
VAZTUM,IFABIA03,0.9989829554108276
VAZTUM,IFABIA02,0.9989125375407464
VAZTUM,GATBUZ,0.9984270331905446
VAZTUM,VEGMOK01,0.99838565517557
VAZTUM,KOZNEU,0.9980113968109084
VAZTUM,FIJCUX,0.996240880816999
VAZTUM,ORIBAU,0.99541618535874
VAZTUM,PIWLIT,0.9447199461657648
VAZTUM,PIWLAL,0.943557849029355
VAZTUM,WUHNUK,0.9080483248749032
VAZTUM,BABRII,0.9076250718023482
VAZTUM,VOLRAQ,0.9074230101325136
VAZTUM,UYAPOA,0.9070460890550576
VAZTUM,ODODIW,0.9065879108324012
VAZTUM,DAWCIP,0.905005941311678
VAZTUM,JENKET,0.9036579920270849
VAZTUM,AWEYAE,0.9019609482755202
VAZTUM,CESQUP,0.89731406684891
VAZTUM,NIYZIG,0.8968601472197958
VAZTUM,SACHIP,0.8960754036542267
VAZTUM,QEDZEG,0.8909745436683711
VAZTUM,RUYGOJ,0.8899936347515917
VAZTUM,EKEKEL,0.8872929351512304
VAZTUM,DITTEH,0.8853122425335368
VAZTUM,UKOLOV,0.8851716164828585
VAZTUM,BUVNIR,0.8849275314042284
VAZTUM,FECYUJ,0.8845425722019414
VAZTUM,DARYIF,0.8842522428856154
VAZTUM,NIKHAS,0.8840184030950481
VAZTUM,QAQSAD,0.8822368971677815
VAZTUM,NAWXER,0.8817387940801873
VAZTUM,PUGSER,0.8807153078846521
VAZTUM,USAHAZ,0.8794581068173242
VAZTUM,XAFFER,0.8747680100516658
VAZTUM,KUNLEL,0.8746016553844449
VAZTUM,IJEXIF01,0.8744470487481603
VAZTUM,PERQUB,0.8737899165120043
VAZTUM,ZARLIP,0.8737569232120416
VAZTUM,ULISOZ,0.8736276984959577
VAZTUM,VAGMEX,0.8730245052815617
VAZTUM,XAFFAN,0.8727282149033998
VAZTUM,FUTZEB,0.8722904462786065
VAZTUM,RUPVAB,0.8715200788448892
VAZTUM,PEJPEB,0.8710262631701533
VAZTUM,NOXMAQ,0.8708360305170717
VAZTUM,ACIBOE,0.8706777376166362
VAZTUM,NANYUX01,0.8706167962482122
VAZTUM,FUTZAX,0.8691103887801214
VAZTUM,NENHEU,0.8684479163825162
VAZTUM,GADROU,0.8680684752655607
VAZTUM,JEDVIA,0.8668789902137396
VAZTUM,PEGCIP,0.8656410699562604
VAZTUM,SAVMAE,0.8642417846681216
VAZTUM,XEGWIS,0.8625549083862295
VAZTUM,KAHMOW,0.8625390783925605
VAZTUM,XEGXIT,0.8625242123690688
VAZTUM,XEGWAK,0.8625120116607098
VAZTUM,HAZYUE,0.8609241720780367
VAZTUM,DUFLOH,0.8608957500743084
VAZTUM,EGIKUB01,0.8606737531480797
VAZTUM,WIMWIA,0.8581454821788749
VAZTUM,HUVGEM,0.857829954799536
VAZTUM,XENMIO,0.8577946598861698
VAZTUM,XOHNEO,0.8548056709635692
VAZTUM,SIXWON,0.853099570885985
VAZTUM,TACJEO,0.8525761730582666
VAZTUM,GAWMOJ,0.8518036123674455
VAZTUM,CIQHOC,0.8502856458032868
VAZTUM,MACHIJ,0.8446664160762516
VAZTUM,LEBQUH,0.8386503794470115
VAZTUM,VURMOL,0.8383439233124428
VAZTUM,HOKLIE,0.8380043420854437
SAHYIK,PEKGAO,0.9998977158529722
SAHYIK,HOLRAD,0.9999996151964002
SAHYIK,MIBQAR01,0.999999602593529
SAHYIK,MIBQAR07,0.9999984634405588
SAHYIK,MIBQAR15,0.9999981025792593
SAHYIK,VUSKEA,0.99999657125661
SAHYIK,IFABIA,0.9989083730396175
SAHYIK,IFABIA02,0.9989010041113882
SAHYIK,VEGMOK03,0.9984077067695
SAHYIK,VEGMOK01,0.9983618703132924
SAHYIK,FIJCUX,0.9962049622257778
SAHYIK,FIJCUX01,0.996001252632665
SAHYIK,ODUNEH,0.9460860558716632
SAHYIK,PIWLAL,0.9435223219176192
SAHYIK,VOLRAQ,0.9074395904007726
SAHYIK,UYAPOA,0.9070748960196974
SAHYIK,ODODIW,0.9065637712598928
SAHYIK,YOCGAZ,0.9064571296334832
SAHYIK,HUTZAX01,0.9058623075293596
SAHYIK,DAWCIP,0.9049784209897948
SAHYIK,AWEYAE,0.9019145225527088
SAHYIK,ACODIH,0.8947065980585649
SAHYIK,QEDZEG,0.8909278295045187
SAHYIK,EKEKEL,0.8872916759933027
SAHYIK,DITTEH,0.8852861531305318
SAHYIK,BUVNIR,0.8849343221140842
SAHYIK,FECYUJ,0.8845488797163169
SAHYIK,MIMRAB01,0.8842310792647434
SAHYIK,WORKUL,0.8842063855514837
SAHYIK,QAQSAD,0.8822059322008117
SAHYIK,NAWXER,0.8816996461355299
SAHYIK,PUGSER,0.8806679158366756
SAHYIK,USAHAZ,0.879414289279139
SAHYIK,DUPKAC,0.877925930924233
SAHYIK,XAFFER,0.8747347718113295
SAHYIK,NIWYID,0.8737560287208352
SAHYIK,ZARLIP,0.8737188353581417
SAHYIK,ULISOZ,0.8736058533848703
SAHYIK,XAFFAN,0.8726858288327772
SAHYIK,FUTZEB,0.8722599025254797
SAHYIK,FUTYOK,0.8717595471338543
SAHYIK,FUVBAB,0.8714729605143561
SAHYIK,PEJPEB,0.8709892420061174
SAHYIK,NOXMAQ,0.8707868639745973
SAHYIK,ZARLEL,0.8703524484087364
SAHYIK,AXOCEW,0.8691694565164267
SAHYIK,FUTZAX,0.8690657201934793
SAHYIK,NENHEU,0.8684037128861988
SAHYIK,GADROU,0.868060712399259
SAHYIK,JEDVIA,0.8668264129577963
SAHYIK,OKELOH,0.8666670344409274
SAHYIK,SAVMAE,0.8642425626734529
SAHYIK,XEGWIS,0.8625069160034967
SAHYIK,KAHMOW,0.8624910265504755
SAHYIK,XEGXIT,0.8624761135020449
SAHYIK,YICQOS,0.8611492838174808
SAHYIK,HAZYUE,0.8609145842668033
SAHYIK,EGIKUB01,0.8606691932192252
SAHYIK,LOWQIX,0.8583477621308628
SAHYIK,WIMWIA,0.8581152264367826
SAHYIK,HUVGEM,0.8577960891362
SAHYIK,XOHNEO,0.8548138183423272
SAHYIK,SOSQIC01,0.8547214204028958
SAHYIK,WOJZOK01,0.8531284345441552
SAHYIK,SIXWON,0.8530868127400383
SAHYIK,CIQHOC,0.8502451958176045
SAHYIK,MACHIJ,0.8446914123261133
SAHYIK,IGINIX,0.8440472267586063
SAHYIK,LEBQUH,0.8385989419269722
SAHYIK,HOKLIE,0.8379802118618144
GARLUJ,TORKAO,0.8689313075607321
GARLUJ,TORJOB,0.8689053540234846
DOTSOV05,DOTSOV23,0.999999999445039
DOTSOV05,DOTSOV22,0.9999999999653564
PURJES,PURJAO,0.9995121896182724
PURJES,GAWMOJ,0.9994897294115086
PURJES,TACJEO,0.9954524744468984
PURJES,WEHHIC,0.8954452987166437
PURJES,WEHJAW,0.8942548318824404
PURJES,WEHHOI,0.8942240173988684
PURJES,AWEYAE,0.860618584764447
PURJES,HUTZAX01,0.8605924804975951
PURJES,WUHNUK,0.8576189627231138
PURJES,FIJCUX01,0.8535513679523964
PURJES,KOZNEU,0.8531604794811376
PURJES,VEGMOK01,0.8529656864660506
PURJES,GATBUZ,0.8529402638118931
PURJES,ARIDIQ,0.852911989662366
PURJES,REDROI,0.8527011858323343
PURJES,IFABIA,0.8525486392830095
PURJES,IFABIA02,0.8523106913002261
PURJES,IFABIA01,0.8522858681406533
PURJES,IFABIA03,0.8522516263795268
PURJES,PEVQOY,0.8498689172309115
PURJES,VUSKEA,0.8496049360798003
PURJES,MIBQAR07,0.8495205910244152
PURJES,MIBQAR01,0.8494418564578616
PURJES,HOLRAD,0.8494329726202338
PURJES,LAWFOF,0.8494191484884122
PURJES,MEQPEG,0.8435389643073727
VOTHIX,IJEXIF01,0.8737954226665235
VOTHIX,KUNLEL,0.8737107301453422
VOTHIX,PERQUB,0.8731997947902423
VOTHIX,NIWYID,0.8731868098266033
VOTHIX,FUVBAB,0.8710482346189807
VOTHIX,PEJPEB,0.8705893672277202
VOTHIX,RUPVAB,0.8704186481897556
VOTHIX,ACIBOE,0.8702555037011328
VOTHIX,NANYUX03,0.8700757017788204
VOTHIX,FUTZAX,0.8687467421114488
VOTHIX,JEDVIA,0.8665875646143372
VOTHIX,YICQOS,0.8439950919730654
VOTHIX,DUFLOH,0.8436933352559359
VOTHIX,CIZQUZ,0.840104714199954
VOTHIX,NATFAS,0.840013676948734
VOTHIX,RIGTIL,0.8388654208573691
FESYEK,QEKLID01,0.9738610576719806
FESYEK,NOLRIR,0.9607060473212212
FESYEK,SITDAD,0.9564181679078304
FESYEK,DUWBEE,0.9560156831696972
FESYEK,DELGIN,0.94739915662307
FESYEK,AWEJIW,0.9471619258007928
FESYEK,KETHEY,0.914167774190584
FESYEK,CIKCOQ,0.9141339067554142
FESYEK,MITSUE,0.9082465985973892
FESYEK,MITSAK,0.908246467777629
FESYEK,MITSIS,0.9082424195940249
FESYEK,PARKUQ01,0.908215480521356
FESYEK,PARKUQ,0.9082143051915677
FESYEK,FUMJAA,0.9082055970408516
FESYEK,KUJMIN,0.9081398340019772
FESYEK,YEYRAY,0.908079061390804
FESYEK,CEHKUW,0.9076262765108192
FESYEK,OKOSUE,0.9006000629555161
FESYEK,RUXWEM03,0.8932231825314092
FESYEK,WEVVOL,0.8921236428673078
FESYEK,YAYNEU,0.8617520963691567
FESYEK,PIKYAM,0.8607490845267978
FESYEK,PAQXUC,0.8585049235578188
FESYEK,PIKYIU,0.8563875564164358
FESYEK,FIJDEI,0.8535262766525258
FESYEK,TEMDIB,0.8464974838482956
FESYEK,AJIJEI,0.8429937370907282
FESYEK,AJIJEI01,0.8429928185090901
FESYEK,VAKLIF,0.8402045657276472
FESYEK,YICRAF,0.8390158213204926
LAWFOF,LATFUI,0.9999999473294754
LAWFOF,HOLRAD,0.9999999883263276
LAWFOF,MIBQAR15,0.9999990126819832
LAWFOF,IFABIA,0.9989322356198108
LAWFOF,IFABIA02,0.9989138609176752
LAWFOF,VEGMOK03,0.998435972084281
LAWFOF,GATBUZ,0.998431852864028
LAWFOF,VEGMOK01,0.9983905372521876
LAWFOF,FIJCUX,0.9962482503516212
LAWFOF,ORIBAU,0.995424349376249
LAWFOF,WUHNUK,0.9080469562849496
LAWFOF,BABRII,0.9076280963385313
LAWFOF,VOLRAQ,0.9074195380547122
LAWFOF,ODODIW,0.9065928697125936
LAWFOF,YOCGAZ,0.906487078105462
LAWFOF,VIKBUP,0.9060203238537012
LAWFOF,DAWCIP,0.9050107661665092
LAWFOF,NEHGIS,0.90463722464714
LAWFOF,JENKET,0.903666135051172
LAWFOF,CESQUP,0.8973149169321142
LAWFOF,JEDDII,0.8971894302625707
LAWFOF,PICCUC,0.8970408179500701
LAWFOF,SACHIP,0.8960711305536314
LAWFOF,GOSDUP,0.895382755449861
LAWFOF,QEDZEG,0.8909841561293592
LAWFOF,RUYGOJ,0.8900039596905854
LAWFOF,EKEKEL,0.887293104878436
LAWFOF,UKOLOV,0.8851770893736621
LAWFOF,BUVNIR,0.8849261031416409
LAWFOF,FECYUJ,0.8845393491195525
LAWFOF,DARYIF,0.8842535237991992
LAWFOF,MIMRAB01,0.8842404113468824
LAWFOF,WORKUL,0.8842273110244501
LAWFOF,NIKHAS,0.8840249700799057
LAWFOF,QAQSAD,0.8822431974991491
LAWFOF,NAWXER,0.8817462040978088
LAWFOF,PUGSER,0.880725056449668
LAWFOF,USAHAZ,0.8794671125940925
LAWFOF,DUPKAC,0.8779303561423675
LAWFOF,WUMDIT,0.8765915919899234
LAWFOF,XAFFER,0.874774838148388
LAWFOF,KUNLEL,0.874598986276798
LAWFOF,IJEXIF01,0.87444992347255
LAWFOF,NIWYID,0.8737807027428146
LAWFOF,ZARLIP,0.8737647580927547
LAWFOF,ULISOZ,0.8736321627795182
LAWFOF,FUTYOK,0.8717993341029334
LAWFOF,FUVBAB,0.8715143424358873
LAWFOF,RUPVAB,0.8715129765118341
LAWFOF,ACIBOE,0.8706856803411973
LAWFOF,VEHKAW,0.8705390962350504
LAWFOF,NANYUX03,0.8704991575937445
LAWFOF,ZARLEL,0.8704136612946689
LAWFOF,UNAGOH,0.8703392880289242
LAWFOF,AXOCEW,0.8691756202947174
LAWFOF,FUTZAX,0.8691195445366832
LAWFOF,NENHEU,0.8684569684092684
LAWFOF,GADROU,0.8680685132987912
LAWFOF,JEDVIA,0.8668898174550059
LAWFOF,OKELOH,0.8667032234892953
LAWFOF,SAVMAE,0.8642416120807428
LAWFOF,KAHMOW,0.8625489818361197
LAWFOF,XEGXIT,0.8625341248082463
LAWFOF,XEGWAK,0.8625218545168221
LAWFOF,IGUFOH,0.8610855896481671
LAWFOF,DUFLOH,0.8608917299525356
LAWFOF,EGIKUB01,0.8606742314945284
LAWFOF,LOWQIX,0.8583829283317223
LAWFOF,WIMWIA,0.8581516465470559
LAWFOF,HUVGEM,0.8578369069435534
LAWFOF,XENMIO,0.8578015985516345
LAWFOF,SOSQIC01,0.8547053053777074
LAWFOF,HIFGIO,0.8540456212097817
LAWFOF,WOJZOK01,0.8531141846675658
LAWFOF,SIXWON,0.8531021724183194
LAWFOF,CIQHOC,0.8502939796739415
LAWFOF,NISCOJ,0.8456743194715733
LAWFOF,LEBQUH,0.8386609737686607
LAWFOF,REBVIG,0.8381087862553385
LAWFOF,HOKLIE,0.8380092781384862
OJOQAF01,YUZJOU,0.9999310780688552
OJOQAF01,OJOQAF,0.9999884911158888
OJOQAF01,OJOQAF02,0.9999022389749368
OJOQAF01,XIQZIH,0.997368181007847
OJOQAF01,LIRVAK,0.996894932100014
OJOQAF01,FUFVEJ,0.9968563306350232
OJOQAF01,PEKZIP,0.9946817166788424
OJOQAF01,KOGYIP,0.9941554165083272
OJOQAF01,CUPHUS,0.9941521893381988
OJOQAF01,ICAGOK,0.8617951393572708
OJOQAF01,HAJPEQ,0.8617480866790381
OJOQAF01,RANLAV,0.8545274829131135
OJOQAF01,XICKOL,0.8456779887615483
OJOQAF01,IXAJUN,0.8435879413440512
OJOQAF01,MUGQAI,0.8422962109090261
OJOQAF01,EDOSEY,0.8378131758159054
FUSWIA,FUQJUX,0.9999905638852288
FUSWIA,QONKUB,0.9998690304820692
FUSWIA,QONLAI,0.999867781996953
FUSWIA,QONLIQ,0.9997894982696252
FUSWIA,QOMSES,0.9997430275929536
FUSWIA,QONLEM,0.9997126828309524
FUSWIA,PIZHOX,0.999415242291857
FUSWIA,PASGAU,0.9993078375566612
FUSWIA,QOMRUH,0.999288765485078
FUSWIA,IBUDOZ,0.9991037235850232
FUSWIA,DEGJIK,0.9988908745607024
FUSWIA,VUQJEX01,0.998669351020895
FUSWIA,PENLEB,0.8729068013989307
FUSWIA,CEXJUN01,0.8636313874867536
FUSWIA,CEXJUN,0.8636211796762931
FUSWIA,CEXJUN03,0.8636157864982745
FUSWIA,RODSAG,0.85777976916842
FUSWIA,REFBAH01,0.8573733213825994
FUSWIA,REFBAH,0.8573429855565222
FUSWIA,RAJPIE,0.8559464906996499
FUSWIA,RANLAV,0.8517534937723199
FUSWIA,MUGQAI,0.8415732564868693
UGECEO,UGECEO03,0.999996430031085
UGECEO,UGECEO01,0.9999572981527252
UGECEO,IGAHED03,0.9999548828786008
UGECEO,IGAHED01,0.9997656263797468
UGECEO,IGAHED02,0.9996822458927628
UGECEO,IGAHED,0.999651779795254
UGECEO,SACMOA,0.999321989997212
UGECEO,KUHNEI,0.995278581794946
UGECEO,WINCEC,0.9915430794642102
UGECEO,NAVJAW01,0.865510712007604
UGECEO,XEVSIB01,0.864085043031728
UGECEO,XUZRIU,0.8640564625196361
UGECEO,HABZEQ,0.8629665000032697
UGECEO,WOCGUR,0.8469298937185058
AVUCEA,JOPGOM,0.9997331489355954
YANWOC03,DADTOS10,0.9999964361925008
YANWOC03,YANWOC01,0.9999958206224092
YANWOC03,DADTOS12,0.9999955366865152
YANWOC03,DADTOS09,0.9999951851481904
YANWOC03,DADTOS05,0.9999950685264866
YANWOC03,DADTOS08,0.9999950669932716
YANWOC03,DADTOS11,0.9999948029611682
YANWOC03,DADTOS04,0.99999469295923
YANWOC03,IJOMOJ03,0.9999943032846104
YANWOC03,DADTOS02,0.9999926552293684
YANWOC03,DADTOS07,0.9999894801552386
YANWOC03,DADTOS13,0.9999887523247044
YANWOC03,DADTOS03,0.9999884453696768
YANWOC03,JEDKIP01,0.9999857864234142
YANWOC03,DADTOS14,0.9999793538323264
YANWOC03,REZJIR02,0.9999498062611548
YANWOC03,YUKTUU01,0.9999484140926096
YANWOC03,YUKTUU,0.99994803815317
YANWOC03,VIRJEM,0.9999283048134824
YANWOC03,PADJOU,0.9999276797350384
YANWOC03,DADTOS16,0.999927376134616
YANWOC03,LIJWOR01,0.999893535694344
YANWOC03,MNFORD02,0.9998873321942114
YANWOC03,DADTOS17,0.9998871700719868
YANWOC03,LIJWOR02,0.9998776204977432
YANWOC03,LIJWOR,0.999874939995145
YANWOC03,LIJWOR06,0.9998725569538433
YANWOC03,MNFORD03,0.9998431704461638
YANWOC03,SIWPUL04,0.99975618455248
YANWOC03,SIWPUL,0.9997512023272658
YANWOC03,IQEWOQ,0.9988067105177192
YANWOC03,SIWPUL11,0.997651648581152
AWEYAE,HUTZAX01,0.9990476267876784
AWEYAE,WUHNUK,0.994888565900586
AWEYAE,XENMIO,0.9418677220928372
AWEYAE,HUVGEM,0.9418546655221084
AWEYAE,ORIBAU,0.9081125264411914
AWEYAE,FIJCUX,0.9079217516246404
AWEYAE,VEGMOK01,0.9067085594129326
AWEYAE,GATBUZ,0.9066676161029076
AWEYAE,VEGMOK03,0.9066634752506026
AWEYAE,REDROI,0.9062985688090616
AWEYAE,IFABIA,0.9060687425867084
AWEYAE,IFABIA03,0.9056924622386668
AWEYAE,PEVQOY,0.9025266131947628
AWEYAE,VUSKEA,0.9021994690686684
AWEYAE,MIBQAR15,0.9021251777242708
AWEYAE,MIBQAR01,0.9019984482848304
AWEYAE,HOLRAD,0.9019875114484572
AWEYAE,LAWGOG,0.9019508623849092
AWEYAE,ODUNEH,0.8630201986267017
AWEYAE,FUDGIW,0.8603668947676132
AWEYAE,PURJAO,0.8594686413963587
AWEYAE,TACJEO,0.8542914779179706
AWEYAE,IDIXAU,0.8429633036508264
AWEYAE,QAQSAD,0.842314758559022
AWEYAE,WORKUL,0.840477243878394
AWEYAE,MIMRAB01,0.8400652133445531
AWEYAE,ARIDIQ,0.8387301278599184
BABRII,GUGNON,0.9987847814653804
BABRII,UYAPOA,0.9968122817141964
BABRII,ODUNEH,0.9563661417908974
BABRII,PIWLIT,0.9558102807576864
BABRII,PIWLAL,0.9551715044827878
BABRII,DITTEH,0.9476041878365528
BABRII,PUGSER,0.944821221157757
BABRII,IFABIA,0.9081874663520846
BABRII,IFABIA03,0.9081053076007386
BABRII,IFABIA02,0.9080850060890138
BABRII,IFABIA01,0.9080646144120728
BABRII,VEGMOK03,0.9080334100282158
BABRII,GATBUZ,0.908031879331458
BABRII,VEGMOK01,0.9080163409478358
BABRII,KOZNEU,0.9078621155539524
BABRII,PEVQOY,0.9077948909909584
BABRII,VUSKEA,0.9076989895846752
BABRII,MIBQAR15,0.9076763154483612
BABRII,MIBQAR12,0.9076695577597786
BABRII,MIBQAR07,0.9076667722484588
BABRII,HOLRAD,0.907633462250519
BABRII,LAWGOG,0.9076218758488416
BABRII,FIJCUX,0.9069230752347728
BABRII,QEDZEG,0.9025227089895144
BABRII,RUYGOJ,0.9018334521878282
BABRII,WUMDIT,0.8856103567045741
BABRII,QOZSIJ,0.8854392399496949
BABRII,VAGMEX,0.8836971719058258
BABRII,QUQFEO,0.8822875072277694
BABRII,NOXMAQ,0.882207138227174
BABRII,YICQOS,0.867839365357642
BABRII,IGUFOH,0.8672214909145423
BABRII,HIFGIO,0.8650582060705138
BABRII,DUZPUL,0.8638542948930293
BABRII,YOZYUJ,0.8623696467877804
BABRII,BEWCUD,0.8620619319921321
BABRII,EZINAE,0.8530856306836441
BABRII,CESQUP,0.8511479369531184
BABRII,ACODIH,0.8507888140648541
BABRII,PEGCIP,0.8505123559147963
BABRII,VANHEA,0.849532089343917
BABRII,EJIQIZ,0.844259230050555
BABRII,WORKUL,0.8429791090804869
BABRII,FECYUJ,0.8423564014717009
BABRII,USAHAZ,0.8404882334817512
BABRII,IJEXIF01,0.8402047894054211
BABRII,PERQUB,0.8401102634853523
BABRII,NIWYID,0.8401063763176456
BABRII,ULISOZ,0.8400606948528626
BABRII,IDIXAU,0.8393687265068346
BABRII,FUTYOK,0.8392009704369385
BABRII,NANYUX03,0.8384213189593126
BABRII,UNAGOH,0.8383199012794069
BABRII,KUNLEL,0.8381922217835713
MIDCUZ,ODUNEH,0.8431818532782551
MIDCUZ,PIWLIT,0.8394142844702838
IFABIA,REDROI,0.9999861561099916
IFABIA,VEGMOK03,0.999952308100583
IFABIA,VEGMOK04,0.9999518633612978
IFABIA,GATBUZ,0.9999515885025108
IFABIA,VEGMOK01,0.9999441164971962
IFABIA,KOZNEU,0.9998586243902066
IFABIA,IFABIA02,0.9998563352707628
IFABIA,IFABIA01,0.99983395856249
IFABIA,FIJCUX,0.9991792981576793
IFABIA,PEVQOY,0.9991549503928108
IFABIA,FIJCUX01,0.9990832383490182
IFABIA,MIBQAR15,0.9989956449772184
IFABIA,MIBQAR12,0.9989868244776632
IFABIA,MIBQAR07,0.9989822959238424
IFABIA,MIBQAR01,0.998943708853144
IFABIA,HOLRAD,0.9989392774369285
IFABIA,LAWGOG,0.9989240618164448
IFABIA,ODUNEH,0.9472130293530456
IFABIA,PIWLIT,0.9469160789658608
IFABIA,PIWLAL,0.9464411609154244
IFABIA,ODODIW,0.9081836274861874
IFABIA,YOCGAZ,0.9081613384672498
IFABIA,BOLPAU,0.9080850408031462
IFABIA,VIKBUP,0.9080361414532244
IFABIA,HUTZAX01,0.9079970144573798
IFABIA,DAWCIP,0.9075998069313208
IFABIA,JENKET,0.9070158473760536
IFABIA,NIYZIG,0.8972512585571507
IFABIA,PICCUC,0.8971397446310512
IFABIA,JEDDII,0.8961244749432298
IFABIA,RUYGOJ,0.8945244043787799
IFABIA,NIKHAS,0.8866899179794103
IFABIA,EKEKEL,0.886369905478875
IFABIA,NAWXER,0.8855078530274633
IFABIA,DARYIF,0.8849479274015403
IFABIA,FECYUJ,0.8841239074308844
IFABIA,BUVNIR,0.883057589464435
IFABIA,IDIXAU,0.8823217351564414
IFABIA,WUMDIT,0.8779440145196923
IFABIA,XAFFER,0.877395267410095
IFABIA,DUPKAC,0.877243979396716
IFABIA,ZARLIP,0.8769271399563133
IFABIA,VAGMEX,0.8765473005971841
IFABIA,XAFFAN,0.8763860293062374
IFABIA,MEWPIQ,0.8762492515752125
IFABIA,NOXMAQ,0.8752760980300927
IFABIA,PERQUB,0.8749955306953532
IFABIA,NIWYID,0.8749940754813136
IFABIA,ULISOZ,0.8749808422345031
IFABIA,IJEXIF01,0.8749146465541282
IFABIA,REGREC,0.874873735860794
IFABIA,FUTYOK,0.8744254987551485
IFABIA,FUVBAB,0.8743007314056629
IFABIA,PEJPEB,0.8740773880101915
IFABIA,NANYUX01,0.873865134133825
IFABIA,VEHKAW,0.8738280772483876
IFABIA,NANYUX03,0.8738091256420025
IFABIA,UNAGOH,0.873726660944901
IFABIA,FUTZAX,0.8730521408987606
IFABIA,NENHEU,0.87234282479704
IFABIA,GADROU,0.8689643919712589
IFABIA,OKELOH,0.8689479090357205
IFABIA,XEGWIS,0.866836442255758
IFABIA,XEGWAK,0.8668099551838477
IFABIA,RUPVAB,0.8666192226192208
IFABIA,LOWQIX,0.8605555839963551
IFABIA,HUVGEM,0.8605320308395257
IFABIA,WIMWIA,0.8604722017766636
IFABIA,EGIKUB01,0.860395318001556
IFABIA,YICQOS,0.8599001933760221
IFABIA,DUFLOH,0.8592296359365178
IFABIA,IGUFOH,0.8585145453560181
IFABIA,HIFGIO,0.8584734752523293
IFABIA,PURJAO,0.8534604390530542
IFABIA,SIXWON,0.853422292922987
IFABIA,XOHNEO,0.8527711811986792
IFABIA,SOSQIC01,0.8525210702824392
IFABIA,TACJEO,0.8517539488552046
IFABIA,WOJZOK01,0.850681505387318
IFABIA,IGINIX,0.8462040976390155
IFABIA,LEBQUH,0.8433275028922398
IFABIA,MACHIJ,0.8408315331899183
IFABIA,REBVIG,0.8400333281574113
IFABIA,HOKLIE,0.8396144881978883
PUGSER,REBVIG,0.9730883118423004
PUGSER,JENKET,0.947808205972298
PUGSER,GUGNON,0.947528393455486
PUGSER,UYAPOA,0.9358362602106722
PUGSER,YOZYUJ,0.9329998637285072
PUGSER,PIWLAL,0.9325810769911952
PUGSER,ODUNEH,0.9307102759764578
PUGSER,UFAMEW,0.9256215562494654
PUGSER,EZINAE,0.9012879743143826
PUGSER,FUTZAX,0.8872786887810956
PUGSER,JEDVIA,0.887216478795734
PUGSER,UNAGOH,0.8871324946006357
PUGSER,ORIBAU,0.8871159061288483
PUGSER,NANYUX03,0.8871003068735328
PUGSER,VEHKAW,0.8870902621901533
PUGSER,ACIBOE,0.8870588466237569
PUGSER,PEJPEB,0.8869673877784954
PUGSER,FIJCUX01,0.8869638882921067
PUGSER,FIJCUX,0.8869013799159692
PUGSER,KOZNEU,0.8859532029728163
PUGSER,REGREC,0.885904851526453
PUGSER,GATBUZ,0.8855669259744148
PUGSER,VEGMOK03,0.8855625932521372
PUGSER,REDROI,0.8851824918944899
PUGSER,NIWYID,0.8851555010679282
PUGSER,PERQUB,0.8851377318715175
PUGSER,QEDZEG,0.8847403505623618
PUGSER,RUYGOJ,0.8847195673238416
PUGSER,IFABIA01,0.884626473863187
PUGSER,IJEXIF01,0.8839652862301565
PUGSER,GOSDUP,0.8830612736010442
PUGSER,VUSKEA,0.8809593455104026
PUGSER,MIBQAR15,0.8808833286439471
PUGSER,MIBQAR12,0.8808608488136308
PUGSER,MIBQAR07,0.8808533645124577
PUGSER,LAWGOG,0.8807049626867192
PUGSER,KUNLEL,0.8771164127829512
PUGSER,JAYXAL,0.8716382161474405
PUGSER,NUCPIM,0.8684638537123563
PUGSER,RUPVAB,0.8678508814303719
PUGSER,NOXMAQ,0.8659514903331944
PUGSER,XAFFAN,0.8658846267888725
PUGSER,VAGMEX,0.8658434207611594
PUGSER,WUMDIT,0.864012267249712
PUGSER,OKELOH,0.856618501204185
PUGSER,OTAWIR,0.8503420423051591
PUGSER,NAWXER,0.8499028118400236
PUGSER,HIFGIO,0.8496785462329516
PUGSER,NIKHAS,0.8494218271792223
PUGSER,YOGKOW,0.8453690816431001
PUGSER,MUWRUT,0.8419861804433544
PUGSER,DOYHIK,0.8415645128392544
PUGSER,IGUFOH,0.8394653954969603
PUGSER,NUFBEX,0.8378972346414872
QOWRAV02,QOWRAV04,0.999999999086771
QOWRAV02,QOWRAV03,0.9999999966240452
QOWRAV02,QOWRAV05,0.9999999932645832
QOWRAV02,QOWRAV07,0.9999998771206056
QOWRAV02,QOWRAV08,0.9999998036062951
QOWRAV02,QOWRAV11,0.9999997167871724
QOWRAV02,QOWRAV10,0.9999995742536798
QOWRAV02,LIGQEA,0.9997582016370512
QOWRAV02,BAZFUF,0.9971109887182592
QOWRAV02,BAZFUF01,0.9970871772099744
QOWRAV02,NAFSOF,0.9787613501449404
QOWRAV02,ANUGIA,0.960281322539832
QOWRAV02,ANUGEW,0.959417911077482
QOWRAV02,LAYWOA,0.9543253116398002
QOWRAV02,DEKBON,0.9486039038221412
QOWRAV02,IPUPIU,0.9445642687373556
QOWRAV02,EXOGAB,0.9074547011341332
QOWRAV02,LAQNID,0.8947147066007306
QOWRAV02,AZAVUU,0.8885827145942461
QOWRAV02,ORAWAH,0.8811218369748217
QOWRAV02,AVAKAL02,0.8811020082960159
QOWRAV02,ICAGOK,0.8767438817538925
QOWRAV02,KAGJOS,0.8723151362721373
QOWRAV02,WURNOO,0.8720544148250039
QOWRAV02,HAYXIR,0.8716948439470283
QOWRAV02,ENIHUG01,0.8678314867835806
QOWRAV02,ENIHUG,0.8677768085236595
QOWRAV02,LASYOU,0.8629271039511569
QOWRAV02,LURRIA,0.8607214794827535
QOWRAV02,MUNDOQ,0.8594034035304791
QOWRAV02,EDOSEY,0.857185011296827
QOWRAV02,ONIXOZ,0.8567136381592703
QOWRAV02,NAPSUV,0.8563908693381386
QOWRAV02,ASIVAB,0.8526226143527615
QOWRAV02,SIXNOF,0.8511561738441707
QOWRAV02,SIXNEV,0.8509408455623235
QOWRAV02,YIMQOD,0.845970570049216
QOWRAV02,YOZNUY,0.8391440835232178
WEYQAU04,WEYQAU02,0.9999967859056654
VIFPUY04,VIFPUY01,0.9999999872765928
VIFPUY04,VIFPUY,0.9999999395054584
VIFPUY04,VIFPUY03,0.9999998946204444
VIFPUY04,VIFPUY05,0.999999868125948
VIFPUY04,VACFOV01,0.99999589763487
VIFPUY04,VACFOV,0.9999834427379268
VIFPUY04,MAYJOM,0.9999562158184292
VIFPUY04,GALJAG,0.9472133919271308
VIFPUY04,IFIPEV,0.9468830972237828
VIFPUY04,WAQFAX,0.946851330134704
VIFPUY04,FAHQEM,0.9435691243387142
VIFPUY04,NEDLOZ,0.9053981559051008
VIFPUY04,CIFSIW,0.9042783039521638
VIFPUY04,CIFSAO,0.9032967885496448
VIFPUY04,CIFSES,0.9031239016647676
VIFPUY04,FOSTIS,0.9030084014790966
VIFPUY04,UNIDAY,0.902832698274156
VIFPUY04,TIRFOQ,0.8796920051924227
VIFPUY04,CUFFEP,0.8747370727493419
VIFPUY04,CUFFOZ,0.8747351011155713
VIFPUY04,CUFFUF,0.8747289851520169
VIFPUY04,CUFDOX,0.8747206494415931
VIFPUY04,TIKXAN,0.8747185275463907
VIFPUY04,CUFFIT,0.8747065510299773
VIFPUY04,CUFDUD,0.8738141084282846
VIFPUY04,PEYVEV,0.8598834356578712
ABAYOU,PUNYED,0.9999587522020028
ABAYOU,XAPSIS,0.992230142645736
ABAYOU,FEYJOJ,0.9466793457254294
ABAYOU,KESFOG,0.9336297052436104
ABAYOU,KESFIA,0.93362327506998
ABAYOU,AGAFAS,0.9317749255479276
ABAYOU,FUDHET,0.9069480101101622
ABAYOU,ALIXID,0.9053379727333324
ABAYOU,EBIMEJ,0.901114869920966
ABAYOU,FUDHAP,0.9006262315700355
ABAYOU,MOXDEJ,0.8953143047915155
ABAYOU,DAFHEZ,0.8938264673583382
ABAYOU,XADDOX,0.8928642763444685
ABAYOU,COXFOL,0.8926230666570683
ABAYOU,WIMWEW,0.8913011469897123
ABAYOU,FISQEG,0.8859876553675231
ABAYOU,ABIWOX,0.8849940697570644
ABAYOU,FISQIK,0.8828031708726266
ABAYOU,BUKLOJ,0.8747655879859909
ABAYOU,EDAJUP01,0.8731411714650914
ABAYOU,ESEQUO,0.8718503244247633
ABAYOU,BAKJOO,0.8557338686863487
ABAYOU,LIDSIC,0.8552549329774229
ABAYOU,QUSVOQ,0.8551468500964248
ABAYOU,BAKJEE,0.8545640707277962
ABAYOU,BAKJII,0.8526158295168563
ABAYOU,XIHSAJ01,0.8494781081153149
ABAYOU,XIHSEN01,0.8494723552974354
ABAYOU,TONBOO,0.8485091084676746
ABAYOU,NIGPAW,0.8389299277298415
NIGPAW,DIBQIQ,0.986939445323634
NIGPAW,CIFMAH,0.9818916507818316
NIGPAW,AXINIF,0.98098439601785
NIGPAW,MIHJUL,0.9784027098314784
NIGPAW,XUDVAV,0.9472801814845516
NIGPAW,MOXDOT,0.9462965531753896
NIGPAW,DERBIO,0.9442820916242872
NIGPAW,FISQEG,0.9428278619889674
NIGPAW,CIKPEU,0.9130201867371036
NIGPAW,NOMPIQ,0.912971198639752
NIGPAW,NOMPIQ01,0.9128798173314
NIGPAW,NOMPOW,0.912510285899116
NIGPAW,ESEQUO,0.9066639978615156
NIGPAW,BUKLOJ,0.9056455135272778
NIGPAW,AGAFAS,0.8779996104277654
NIGPAW,CAXZOS,0.877917768379856
NIGPAW,DIDBOJ,0.8764654845553863
NIGPAW,DIDBAV,0.8763937742125054
NIGPAW,DIDBEZ,0.8755207328276281
NIGPAW,JODGIU,0.875420970768831
NIGPAW,CAQJOW,0.874323182436593
NIGPAW,HAJYAV,0.8742885744254283
NIGPAW,ERUNUC,0.8742156096703715
NIGPAW,ERUNOW,0.8710627781936141
NIGPAW,DIQHAO01,0.8705819661600154
NIGPAW,SIDXOV,0.8685373579933962
NIGPAW,HALVEY,0.8682098602591583
NIGPAW,VACKUI,0.8681034202115507
NIGPAW,VASYEW,0.867929471613941
NIGPAW,TAHYUZ,0.8670635849021048
NIGPAW,XAFFIV,0.8667415560975232
NIGPAW,CAQKAJ01,0.8636183017988411
NIGPAW,AZIHOI,0.8628518058577818
NIGPAW,FEVDER,0.861156283509064
NIGPAW,FAHQOX,0.8606476684499814
NIGPAW,ONOCUR,0.8603209580730021
NIGPAW,FEXCES,0.8597441300624054
NIGPAW,YATDOP,0.8593770587961365
NIGPAW,SEQSOY,0.8575312629009282
NIGPAW,FAHQIR,0.8567222176748905
NIGPAW,XALMII,0.8528592539488173
NIGPAW,LUWZUZ02,0.8432101844630496
NIGPAW,LUWZUZ,0.8431484324667213
NIGPAW,KESFOG,0.8421515203411647
NIGPAW,KESFIA,0.8421432354486076
NIGPAW,VEFLUP,0.8398094681822411
NIGPAW,XIHSEN,0.8397281484354767
NIGPAW,XIHSAJ,0.8389080510189899
TEQVES,IJEXIF01,0.9199248181336798
NASROR,UFAMEW,0.8943048885621273
NASROR,UFOFUT,0.8922552292891088
NASROR,YOZYUJ,0.8891554462758585
NASROR,QUQFEO,0.8796923236480784
NASROR,IJEXIF01,0.8776271009123273
NASROR,QUQFIS,0.8773393506041591
NASROR,KUNLEL,0.8773341556683114
NASROR,PERQUB,0.8770858067721858
NASROR,NIWYID,0.877074248117118
NASROR,ULISOZ,0.8769467027950719
NASROR,REGREC,0.8764589927883548
NASROR,FUTZEB,0.8757631851251333
NASROR,FUTYOK,0.8753120256931579
NASROR,FUVBAB,0.8750518638850413
NASROR,PEJPEB,0.8746111683023415
NASROR,ACIBOE,0.8742902076949958
NASROR,NANYUX01,0.8742321820868707
NASROR,VEHKAW,0.8741544726152326
NASROR,RUPVAB,0.8738531285769957
NASROR,JEDVIA,0.8707381753180514
NASROR,YOGKOW,0.8639053300562958
NASROR,REBVIG,0.8583824624516154
USAHAZ,WORKUL,0.9978977643759644
USAHAZ,FECYUJ,0.995410630400072
USAHAZ,ORIBAU,0.8850238277743337
USAHAZ,FIJCUX,0.8848890317328751
USAHAZ,GATBUZ,0.883823488206323
USAHAZ,VEGMOK04,0.883822085034619
USAHAZ,REDROI,0.8834929779739152
USAHAZ,IFABIA02,0.8830163242429936
USAHAZ,PEVQOY,0.879992458826043
USAHAZ,VUSKEA,0.879683604857848
USAHAZ,MIBQAR15,0.8796134033320531
USAHAZ,MIBQAR12,0.8795926273724444
USAHAZ,MIBQAR01,0.8794935657099843
USAHAZ,HOLRAD,0.8794831932913911
USAHAZ,WIMWIA,0.8632694349072143
USAHAZ,LOWQIX,0.8631590116309237
USAHAZ,EGIKUB01,0.8598403117035885
USAHAZ,SAVMAE,0.8557330945430668
USAHAZ,AQOROP,0.8547474908833292
USAHAZ,UNAGOH,0.8500256042341088
USAHAZ,NANYUX03,0.8500082179245323
USAHAZ,JEDVIA,0.8498371222532901
USAHAZ,FUVBAB,0.8498159340090522
USAHAZ,FUTZEB,0.8495412025551436
USAHAZ,REGREC,0.8491014034988256
USAHAZ,NIWYID,0.8484629862754063
USAHAZ,PERQUB,0.8484475515915143
USAHAZ,OFIXOR,0.8477787445630727
USAHAZ,XOHNEO,0.8444818853510367
USAHAZ,PIWLAL,0.844211263749844
USAHAZ,GUGNON,0.842764354035806
USAHAZ,ODUNEH,0.8426776258604207
USAHAZ,HUTZAX01,0.8422945887894943
SUGTEV,VURMOL,0.8686824214794426
SUGTEV,XOHNEO,0.8409350511534046
SUGTEV,SOSQIC01,0.8407394792577415
QUQFIS,YOZYUJ,0.9840966840924972
QUQFIS,UFOFUT,0.9836780194837748
QUQFIS,UFAMEW,0.9781387226584763
QUQFIS,DUZPUL,0.9771565400311272
QUQFIS,REBVIG,0.9412265940554632
QUQFIS,FUTZAX,0.93299455814464
QUQFIS,NANYUX03,0.9329835933407922
QUQFIS,VEHKAW,0.9329797817051322
QUQFIS,ACIBOE,0.9329659550329784
QUQFIS,NANYUX01,0.932965382581292
QUQFIS,FUTZEB,0.9325906588867175
QUQFIS,REGREC,0.9321904743073828
QUQFIS,NIWYID,0.9315964323095688
QUQFIS,PERQUB,0.9315814771755636
QUQFIS,KUNLEL,0.924491795312943
QUQFIS,DITTEH,0.9184764328337134
QUQFIS,RUPVAB,0.9158668040067856
QUQFIS,CIJLIT,0.8987671741377292
QUQFIS,JENKET,0.8829930164672942
QUQFIS,GUGNON,0.8828517924112246
QUQFIS,APACAX,0.880865623276392
QUQFIS,NUFBEX,0.8791855236855723
QUQFIS,DOYHOQ,0.8789151967708027
QUQFIS,NUFBOH,0.8776548956271097
QUQFIS,RUGXUO,0.8737375834747867
QUQFIS,VOLRAQ,0.8728087334300186
QUQFIS,JAYXAL,0.8671092667296384
QUQFIS,NUCPIM,0.8644881338102947
QUQFIS,QOPZIF,0.8610831155913174
QUQFIS,MUWRUT,0.8571212206430074
QUQFIS,FUDGIW,0.8531335935785053
QUQFIS,MOHLIF,0.8480436862846429
QUQFIS,DUNXUH15,0.8437001668444711
QUQFIS,DUNXUH13,0.8436170618554729
QUQFIS,KEFBOO,0.8429418092330176
QUQFIS,HOGJIX,0.8411441239535551
QUQFIS,EGIKUB01,0.8400929507572266
POSGOV,PIWLAL,0.8476847608609653
ORIBAU,FIJCUX,0.9999587785320424
ORIBAU,VEGMOK01,0.9992382002252383
ORIBAU,VEGMOK04,0.9992081835131416
ORIBAU,VEGMOK03,0.9992063668878362
ORIBAU,REDROI,0.9989415349689564
ORIBAU,IFABIA03,0.9984586987043296
ORIBAU,VUSKEA,0.9956198478933782
ORIBAU,MIBQAR07,0.995531293909084
ORIBAU,MIBQAR01,0.9954482472467884
ORIBAU,LAWGOG,0.995407546249341
ORIBAU,PIWLAL,0.9471607277426408
ORIBAU,ODUNEH,0.9460233879945332
ORIBAU,JENKET,0.9082482729281404
ORIBAU,NEHGIS,0.908190774873778
ORIBAU,DAWCIP,0.90803353145382
ORIBAU,HUTZAX01,0.907879014245086
ORIBAU,YOCGAZ,0.9075852214841544
ORIBAU,ODODIW,0.9075175765323238
ORIBAU,BOLPAU,0.9071655285104768
ORIBAU,WUHNUK,0.9046419833538548
ORIBAU,UYAPOA,0.8988026802350388
ORIBAU,QEDZEG,0.8972091551817012
ORIBAU,ACODIH,0.8970859282037119
ORIBAU,GOSDUP,0.8965415019948786
ORIBAU,PICCUC,0.8948749996052554
ORIBAU,CESQUP,0.8936411757423849
ORIBAU,JEDDII,0.8926543831265088
ORIBAU,NAWXER,0.8872051223383426
ORIBAU,UKOLOV,0.8868290928181481
ORIBAU,SACHIP,0.8866913031041197
ORIBAU,QAQSAD,0.884867352541782
ORIBAU,IDIXAU,0.8847718365824189
ORIBAU,WORKUL,0.8835893750131427
ORIBAU,DARYIF,0.8833450247352521
ORIBAU,EKEKEL,0.8830171150700452
ORIBAU,BUVNIR,0.8786993045511563
ORIBAU,VAGMEX,0.8779577472257005
ORIBAU,ZARLIP,0.8779563433911295
ORIBAU,MEWPIQ,0.877923903064451
ORIBAU,XAFFER,0.8778388176042558
ORIBAU,NOXMAQ,0.8776814085685528
ORIBAU,ZARLEL,0.8775894294513613
ORIBAU,XOQXIL,0.877503567641224
ORIBAU,WUMDIT,0.8770234859264097
ORIBAU,NANYUX03,0.8749994498579436
ORIBAU,FUVBAB,0.8749249945308162
ORIBAU,NENHEU,0.8741574375236328
ORIBAU,ULISOZ,0.8740552630011948
ORIBAU,NIWYID,0.8739237893480302
ORIBAU,PERQUB,0.8739112367817646
ORIBAU,IJEXIF01,0.8730410046757275
ORIBAU,KAHMOW,0.8690657724443469
ORIBAU,XEGWAK,0.8690609124958125
ORIBAU,OKELOH,0.8689856097548168
ORIBAU,GADROU,0.8675984780152893
ORIBAU,KUNLEL,0.8673401100943421
ORIBAU,XENMIO,0.8610623722867666
ORIBAU,HUVGEM,0.8610563963924358
ORIBAU,HIFGIO,0.860875830094543
ORIBAU,UBUMAH,0.8607848245894575
ORIBAU,SAVMAE,0.8593750111004392
ORIBAU,RUPVAB,0.8590767215868331
ORIBAU,HAZYUE,0.8584007282010613
ORIBAU,EGIKUB01,0.857739575710377
ORIBAU,IGUFOH,0.8538888336159879
ORIBAU,PURJAO,0.8529059933681944
ORIBAU,GAWMOJ,0.8528801260139226
ORIBAU,SIXWON,0.8513940459640783
ORIBAU,TACJEO,0.8486019459428851
ORIBAU,XOHNEO,0.8482383755639128
ORIBAU,IGINIX,0.8461114979679716
ORIBAU,LEBQUH,0.8459895647085371
ORIBAU,WOJZOK01,0.8457258745571754
ORIBAU,NISCOJ,0.8447568280416763
ORIBAU,REBVIG,0.8397269990557313
ORIBAU,HOKLIE,0.838964564646679
NIKHAS,PIWLAL,0.9041321667032992
NIKHAS,PIWLIT,0.904089148207882
NIKHAS,ODUNEH,0.9035655663828704
NIKHAS,DUPKAC,0.8877188679966689
NIKHAS,FIJCUX01,0.8872628925321667
NIKHAS,KOZNEU,0.8871343586464282
NIKHAS,VEGMOK01,0.8870026396637166
NIKHAS,GATBUZ,0.8869846094585507
NIKHAS,VEGMOK03,0.8869827722047212
NIKHAS,REDROI,0.8868148637674051
NIKHAS,IFABIA02,0.8865163823560632
NIKHAS,IFABIA03,0.8864702457795237
NIKHAS,MIBQAR12,0.8841208729664942
NIKHAS,MIBQAR01,0.8840454312790385
NIKHAS,LAWGOG,0.8840107975133373
NIKHAS,YICQOS,0.8694173439354422
NIKHAS,GUGNON,0.86892294398791
NIKHAS,DUFLOH,0.8684994354769845
NIKHAS,GOSDUP,0.858734827145211
NIKHAS,RUYGOJ,0.8582651694145511
NIKHAS,NAWXER,0.849678920738929
NIKHAS,WAWGOQ,0.846617194850304
NIKHAS,XAFFER,0.8415619503883403
NIKHAS,XOQXIL,0.8414433657577798
NIKHAS,VAGMEX,0.8413912279790028
NIKHAS,XAFFAN,0.8413322305858096
NIKHAS,WUMDIT,0.8411563807953464
NIKHAS,NOXMAQ,0.8408173227059859
NIKHAS,RUTNOK,0.8407353818054097
NIKHAS,RUTNOK01,0.8402642928309338
GUXSOI,KOGCIT,0.9990435626286368
SIKCIA,REYCUV,0.9105889112955352
SIKCIA,ECUVEF,0.910180393846215
PUNYED,XAPSIS,0.9929867104598676
PUNYED,CIPLIX,0.9913076931388172
PUNYED,FEYJOJ,0.946845969500588
PUNYED,KESFOG,0.9346314926626358
PUNYED,KESFIA,0.9346253136973164
PUNYED,UFUKUB03,0.9164037595196276
PUNYED,FUDHAP,0.9014473902197442
PUNYED,FILYEG,0.8954810602785295
PUNYED,XADDUD,0.8944568302232718
PUNYED,DAFHEZ,0.8943134439830012
PUNYED,XADDOX,0.8934170346200809
PUNYED,WIMWEW,0.8919388041115901
PUNYED,VASYEW,0.887214467670293
PUNYED,FISQEG,0.8862782784874078
PUNYED,ABIWOX,0.8850358837662268
PUNYED,FISQIK,0.8833667072473607
PUNYED,BUKLOJ,0.8748625711237596
PUNYED,EDAJUP,0.8744788721359126
PUNYED,ESEQUO,0.8718114775866843
PUNYED,BAKJOO,0.8563578266420014
PUNYED,QUSVOQ,0.8558621093411573
PUNYED,BAKJEE,0.8552587108754124
PUNYED,BAKJII,0.8534053723385987
PUNYED,CANYIB,0.8504337976814638
PUNYED,VEFLUP,0.8497920198528043
PUNYED,XIHSEN,0.8497697907545946
PUNYED,XIHSAJ01,0.849659623079199
PUNYED,XIHSEN01,0.8496495832982262
PUNYED,XIHSAJ,0.8494950150847659
ABAVOP,VEDGIW,0.9999983236553976
ABAVOP,VODNOS,0.9999963422981076
ABAVOP,VEDGES,0.9999958746929942
ABAVOP,VEDGAO,0.9999933419782452
ABAVOP,VEDFAN,0.9999898073950784
ABAVOP,VEDFIV,0.999988372183425
ABAVOP,BOWDOI,0.999986165537376
ABAVOP,VEDFUH,0.9999823707603356
ABAVOP,VEDFER,0.9999786341271047
ABAVOP,OJOBAS,0.999974562970555
ABAVOP,CEYPUT,0.9999725437961896
ABAVOP,AHETAK,0.9999686014248432
ABAVOP,BIPXIK,0.9999501636655208
ABAVOP,CEYPUT01,0.999939403207996
ABAVOP,EXUXEC,0.9998753257740912
ABAVOP,KEJWAY,0.999624721673705
ABAVOP,ABAVIJ,0.9992874749621604
ABAVOP,TATSIS01,0.999129229821336
ABAVOP,TATSIS,0.9990062271484322
ABAVOP,ABAVUV,0.9989456265257064
ABAVOP,ERUNIQ,0.9987885768882696
ABAVOP,LASMAV,0.9984192965480364
ABAVOP,YIGGEB,0.9969396747695908
ABAVOP,JODGIU,0.9230261134665808
ABAVOP,CAXZOS,0.9230097375845856
ABAVOP,DIDBOJ,0.9229848786949904
ABAVOP,DIDBEZ,0.9229420282179028
ABAVOP,ERUNOW,0.9229011054919868
ABAVOP,DIDBID,0.9228653378650068
ABAVOP,JODGOA,0.8945232177511189
ABAVOP,BAKJOO,0.8791881850051595
ABAVOP,LIDSIC,0.8791127914007727
ABAVOP,BAKJEE,0.8789765430783171
ABAVOP,AZIHOI,0.8787437896649988
ABAVOP,BAKJII,0.8784474102402937
ABAVOP,TIDNIF,0.8769762158921628
ABAVOP,SIDXOV,0.871025437890512
ABAVOP,YATDOP,0.8601165794281053
ABAVOP,XALMOO,0.8600071082150385
ABAVOP,XALMII,0.8587039518958761
ABAVOP,FUMJAZ01,0.8536298755663706
ABAVOP,FUMJAZ,0.8534684198025
ABAVOP,DIQHAO,0.8525370588062953
ABAVOP,XEVXUT,0.8517867402852213
ABAVOP,MOXDOT,0.8444202935104925
ABAVOP,DERBIO,0.8442954400544782
ABAVOP,RAKBIO01,0.843643556472582
ABAVOP,KOHLIE,0.8429873577859786
ABAVOP,KOHDIW,0.842942786219092
ABAVOP,CANROA,0.8429427640413304
ABAVOP,FAZPIH,0.84285061184791
ABAVOP,WOPWOP,0.8428319298057634
ABAVOP,NERVEL,0.8426534359100182
ABAVOP,YIRSUQ,0.8418190881172991
ABAVOP,CEJFOO,0.8412573695811572
YOZMOR,YOZNAE,0.99999958124681
YOZMOR,DIHVIB,0.9999994140617036
YOZMOR,XAMDUM07,0.9999987550680192
YOZMOR,YOZMIL,0.999998731343268
YOZMOR,XAMDUM,0.9999953241586556
YOZMOR,XAMDUM01,0.9999941848625076
YOZMOR,RILFEA,0.9999940251053144
YOZMOR,YOZPAG,0.9999936802926976
YOZMOR,LUDLIH,0.9999905891653704
YOZMOR,XAMDUM03,0.9999879510852568
YOZMOR,XAMDUM04,0.99998272671404
YOZMOR,BODPAN,0.9999826333975472
YOZMOR,XAMDUM02,0.9999681507776588
YOZMOR,DOTSOV42,0.9999185407800156
YOZMOR,DOTSOV13,0.9999122125623244
YOZMOR,DOTSOV11,0.9999121572070212
YOZMOR,DOTSOV12,0.999911183725116
YOZMOR,DOTSOV08,0.9999110880057688
YOZMOR,DOTSOV16,0.9999110781235394
YOZMOR,QAWHIH01,0.9993660701663796
YOZMOR,WULJUJ,0.9988516658545616
YOZMOR,DOTSOV02,0.9988302003153748
YOZMOR,YOZNUY,0.99856298489011
YOZMOR,QIZLIW,0.9983199673086052
YOZMOR,GAVDUD,0.9961200681935446
YOZMOR,QIZLOC,0.9936834382865068
YOZMOR,OHOMIH,0.9935030382589718
YOZMOR,YOZNOS,0.9920250757364296
YOZMOR,YOZMUX,0.9883026302012016
YOZMOR,LASYOU,0.9466470553267876
YOZMOR,DALSOA,0.932966368599425
YOZMOR,BABREE,0.9319787812594088
YOZMOR,ONIXOZ,0.9243942166756984
YOZMOR,EXOYAS,0.9196185733864868
YOZMOR,RAWYAS,0.9187509593475074
YOZMOR,CITXUZ,0.9182745422524348
YOZMOR,GERWEH,0.9082424014800592
YOZMOR,NUTQAV,0.9078733987708694
YOZMOR,NUTQEZ,0.9077788973225824
YOZMOR,OFOCUI,0.9077530506378876
YOZMOR,EXOGAB,0.90758590561221
YOZMOR,MOCKEV,0.9075406164031408
YOZMOR,XIJSUH,0.9075338645389872
YOZMOR,HOGLEV01,0.9074578358703648
YOZMOR,HANWAW,0.906176693407292
YOZMOR,PIDRAY,0.8994905413982892
YOZMOR,HUCBOX02,0.8972696443375969
YOZMOR,PAMQIF,0.896731178412497
YOZMOR,MOFGOE,0.8957335568707857
YOZMOR,MOBDIR,0.8957305059740744
YOZMOR,MUDTEL,0.8948731947057278
YOZMOR,GIKMOD01,0.8927750521082696
YOZMOR,IPUPIU,0.8871554209881296
YOZMOR,RUVKAV,0.886957761892728
YOZMOR,VIXPUP,0.8865250431486775
YOZMOR,VIXPUP02,0.886464075977526
YOZMOR,KANMIX,0.8850729382270017
YOZMOR,USEVOF,0.8850595407848638
YOZMOR,EMUBOF,0.8849673965216249
YOZMOR,IPUPOA,0.884755803980437
YOZMOR,XEDMEB,0.8846231386691017
YOZMOR,APUPEH,0.8819129396159024
YOZMOR,EXAXAE03,0.8815095275520745
YOZMOR,EMUBIZ,0.8814734541277189
YOZMOR,ANUGOG,0.877902565870015
YOZMOR,DICKEH,0.876938783829047
YOZMOR,CEKHUY,0.8737226896910427
YOZMOR,HIDTUM,0.8729444547149715
YOZMOR,OKABAE,0.866805651026483
YOZMOR,TOVWAE,0.8609267471439065
YOZMOR,NIGDIS,0.8609215042336283
YOZMOR,OGEBAF,0.8585160632745427
YOZMOR,XITYOP,0.8573417788020905
YOZMOR,FAMQAO,0.8535531399406591
YOZMOR,FAMPUH,0.8535507658007002
YOZMOR,NAPSUV,0.8535393487244065
YOZMOR,EDOSEY,0.8534536075926177
YOZMOR,EPISOM,0.8524812636553305
YOZMOR,ANUGEW,0.8522986732948798
YOZMOR,MAVRAE,0.8511022846267915
YOZMOR,LAYXAN,0.849067688270642
YOZMOR,HEHROE,0.8490164237285718
YOZMOR,WARXUL,0.8483145061998856
YOZMOR,DEKBON,0.8467327621555474
YOZMOR,UWALEL,0.8444515712410342
YOZMOR,BAZFUF01,0.839934071310867
YOZMOR,BAZFUF,0.8399267043117109
YOZMOR,REGYOT,0.839585117164433
YOZMOR,ENIHUG01,0.8390000782676872
YOZMOR,HUJGEA,0.8387905090176517
YOZMOR,BAZGAM,0.8377090636477907
IQEWOQ,ATIBOU02,0.9999958530719496
IQEWOQ,JEDKIP01,0.9990258964334496
IQEWOQ,DADTOS03,0.999007445766374
IQEWOQ,IJOMOJ03,0.9988649715771708
IQEWOQ,YANWOC,0.9988405056816854
IQEWOQ,YANWOC01,0.9987339593276512
IQEWOQ,DADTOS18,0.9987327441535516
IQEWOQ,DIDVIW,0.9987264306657944
IQEWOQ,DADTOS06,0.9987219347146788
IQEWOQ,DADTOS09,0.9987119094383204
IQEWOQ,DADTOS05,0.998708762614173
IQEWOQ,DADTOS08,0.9987086795914044
IQEWOQ,DADTOS01,0.9987033573535746
IQEWOQ,DADTOS11,0.9987017981201268
IQEWOQ,DADTOS,0.9986908523792069
IQEWOQ,DADTOS15,0.9983046881608708
IQEWOQ,YUKTUU01,0.9982726359580074
IQEWOQ,YUKTUU,0.998270393422872
IQEWOQ,REZJIR03,0.998242432176611
IQEWOQ,PADJOU,0.9981862398625756
IQEWOQ,VIRJEM,0.9981620034672812
IQEWOQ,MNFORD02,0.997972343663431
IQEWOQ,DADTOS17,0.9979704860608524
IQEWOQ,LIJWOR02,0.9979244886687532
IQEWOQ,LIJWOR06,0.9979087069781988
IQEWOQ,MNFORD03,0.997791714446006
IQEWOQ,IJOMOJ01,0.9976343419692232
IQEWOQ,NURGUE,0.9976167200125908
IQEWOQ,QINSUD,0.9974926173719176
IQEWOQ,SIWPUL,0.9974742022736024
DADTOS05,DADTOS08,0.9999999999983858
DADTOS05,DADTOS01,0.9999999943180397
DADTOS05,DADTOS11,0.9999999905695238
DADTOS05,DADTOS12,0.999999962920017
DADTOS05,DIDVIW,0.9999999387068488
DADTOS05,DADTOS,0.9999999378856784
DADTOS05,YANWOC01,0.999999873995326
DADTOS05,YANWOC02,0.9999987490618696
DADTOS05,YANWOC,0.9999964477094266
DADTOS05,DADTOS10,0.9999962539856692
DADTOS05,DADTOS14,0.99999186279008
DADTOS05,DADTOS07,0.9999838234482228
DADTOS05,JEDKIP01,0.9999776208430818
DADTOS05,DADTOS15,0.9999723706028008
DADTOS05,REZJIR02,0.999969132396886
DADTOS05,YUKTUU,0.999967777414745
DADTOS05,VIRJEM,0.999951523543582
DADTOS05,PADJOU01,0.9999379106427612
DADTOS05,PADJOU,0.9999335204574746
DADTOS05,LIJWOR03,0.9999178361047308
DADTOS05,DADTOS17,0.999916377177075
DADTOS05,LIJWOR02,0.9999057809211788
DADTOS05,LIJWOR06,0.9999033654561094
DADTOS05,LIJWOR,0.9999010807179414
DADTOS05,LIJWOR01,0.999885408178654
DADTOS05,MNFORD03,0.9998766086133548
DADTOS05,IJOMOJ01,0.999837587973593
DADTOS05,QINSUD,0.9997980026245108
DADTOS05,SIWPUL04,0.9997977235285124
DADTOS05,SIWPUL,0.9997929875300352
DADTOS05,ATIBOU02,0.9986921302330504
DADTOS05,SIWPUL11,0.997525600633748
WOSZEL,VOLQOD,0.9999991761069952
PAQXUC,GURXUN01,0.9149025548516994
PAQXUC,CIKCOQ,0.8810782157933761
PAQXUC,KETHEY,0.8809707011037957
PAQXUC,HIBSUG02,0.8774992310074508
PAQXUC,ACUBOP01,0.8774937058208002
PAQXUC,HIBSUG,0.8774733074528673
PAQXUC,HIBSUG06,0.8774663485752421
PAQXUC,HIBSUG01,0.8774526068153772
PAQXUC,OVAJAX,0.8772782003991857
PAQXUC,SITDAD,0.8687969726173467
PAQXUC,DUWBEE,0.8652254965320728
PAQXUC,SIVWUR,0.8536246639441909
PAQXUC,QEKLID01,0.8422060969283498
NIHDIU,QERZUI01,0.9999956649602618
NIHDIU,BAHGUN03,0.999956516485752
NIHDIU,UGEPEB01,0.9999524124751112
NIHDIU,BAHGUN,0.9999412259831656
NIHDIU,HAWZEM,0.9999283607040106
NIHDIU,UFUNIS,0.9999261565398668
NIHDIU,BAHGUN02,0.999922532695978
NIHDIU,NIHDEQ,0.9999127897252796
NIHDIU,EGOZAB,0.9998927743416806
NIHDIU,UFUMUD01,0.9998764635596682
NIHDIU,UFUNAK,0.9995617554533542
NIHDIU,MURREW,0.9992796358587182
NIHDIU,POFDEV,0.9988353661509612
NIHDIU,AHEMEG,0.998343825136163
NIHDIU,VOJPUG01,0.9982398318210326
NIHDIU,POFDOF,0.9974292247529666
NIHDIU,POFFAT,0.9971724662346791
NIHDIU,POFFEX,0.995612096721958
NIHDIU,QIWQES,0.9917661157848058
NIHDIU,ICAGOK,0.9212046006056273
NIHDIU,JALPAQ,0.8790802780098914
NIHDIU,XICKOL,0.8771956081750902
NIHDIU,IDUSIM01,0.8666740621180228
NIHDIU,UNACIW,0.8666672492477221
NIHDIU,IDUSIM02,0.8666653968532941
NIHDIU,ISISUZ,0.8666620851196363
NIHDIU,IDUTIN,0.866649875201788
NIHDIU,IDUTEJ,0.8666453496080839
NIHDIU,NAPSUV,0.8656510323140658
NIHDIU,EDOSEY,0.8646754170910409
NIHDIU,HOYKUD,0.8567302639189449
NIHDIU,DEGSIS01,0.8438580772847477
NIHDIU,CEZYOY,0.8436620096395019
NIHDIU,ENITAX,0.8420154279758814
XAMDUM07,YOZNIM,0.9999998721827268
XAMDUM07,YOZMIL,0.9999998370572248
XAMDUM07,LUDLED,0.9999993538659108
XAMDUM07,FIQCEN,0.999999003628566
XAMDUM07,XAMDUM,0.9999987313876336
XAMDUM07,YOZMEH,0.9999987170731022
XAMDUM07,UXISUR,0.9999987136869756
XAMDUM07,YOZNEI,0.9999984887974248
XAMDUM07,XAMDUM01,0.9999980177416078
XAMDUM07,RILFEA,0.999997991114868
XAMDUM07,DIHVIB,0.999997828456564
XAMDUM07,LUDLIH,0.9999939576228698
XAMDUM07,YOZPAG,0.999988319829035
XAMDUM07,DOTSOV42,0.999935211707786
XAMDUM07,DOTSOV13,0.9999295450412188
XAMDUM07,DOTSOV11,0.9999294953976472
XAMDUM07,DOTSOV15,0.9999290239519624
XAMDUM07,DOTSOV10,0.9999290237096417
XAMDUM07,DOTSOV14,0.9999289510673586
XAMDUM07,DOTSOV08,0.999928535537998
XAMDUM07,DOTSOV16,0.999928526618124
XAMDUM07,DOTSOV12,0.9999285157028424
XAMDUM07,TISPAO,0.9998255864067548
XAMDUM07,DOTSOV07,0.999580664114435
XAMDUM07,QAWHIH01,0.999317307808009
XAMDUM07,DOTSOV02,0.9988338761462408
XAMDUM07,OQIZUL,0.9985037483921952
XAMDUM07,YOZNUY,0.9984897455607402
XAMDUM07,NEHZOS,0.9962588122765004
XAMDUM07,GAVDUD,0.9962379339028896
XAMDUM07,OHOMIH,0.9936548034143948
XAMDUM07,LASYOU,0.9465966363240312
XAMDUM07,DALSOA,0.93297855175081
XAMDUM07,ORAWAH,0.9322323175552816
XAMDUM07,RAWYAS,0.9188203980466056
XAMDUM07,IWEVAJ,0.9186671934341756
XAMDUM07,YUGLES,0.9080146236087818
XAMDUM07,NUTQAV,0.9078356734601812
XAMDUM07,NUTQEZ,0.9077367447492783
XAMDUM07,OFOCUI,0.9077041754327716
XAMDUM07,EXOGAB,0.9076333033545716
XAMDUM07,HOGLEV01,0.9075111566359556
XAMDUM07,MOCKEV,0.9074839155835016
XAMDUM07,XIJSUH,0.9074820195587598
XAMDUM07,MOCKAR,0.9074769420875112
XAMDUM07,HANWAW,0.9062554919867448
XAMDUM07,ALIXUP,0.9000617304781742
XAMDUM07,HUCBOX02,0.897285149266956
XAMDUM07,HUCBOX01,0.8972230391707943
XAMDUM07,HUCBOX,0.8969832565109275
XAMDUM07,RAHBOU,0.8969064773784299
XAMDUM07,MOBDIR,0.8957965167909308
XAMDUM07,VUJBIM,0.8954292474072587
XAMDUM07,GIKMOD01,0.8929041921913536
XAMDUM07,IPUPIU,0.8871318637217193
XAMDUM07,VIXPUP,0.8865777879762323
XAMDUM07,VIXPUP02,0.8865187644567711
XAMDUM07,LUDLAZ,0.8859867275261135
XAMDUM07,PAFZEE,0.8850737675503666
XAMDUM07,EMUBOF,0.8849467120540618
XAMDUM07,WANJIF,0.8848529844018402
XAMDUM07,ADONEP,0.8844220370374493
XAMDUM07,APUPEH,0.8820199108056118
XAMDUM07,EXAXAE03,0.8816229801196702
XAMDUM07,EMUBIZ,0.881587662612845
XAMDUM07,ANUGOG,0.8779170284643009
XAMDUM07,DICKEH,0.8769994891998725
XAMDUM07,CEKHUY,0.8738452537872297
XAMDUM07,HIDTUM,0.8730790387142892
XAMDUM07,OKABAE,0.8669001185561583
XAMDUM07,KIRFOI,0.8656857968297641
XAMDUM07,NIGDIS,0.8609480098736614
XAMDUM07,TOVWAE,0.8608973470899058
XAMDUM07,TEKYOA,0.8608791103770155
XAMDUM07,XICKOL,0.8605395962341562
XAMDUM07,JALPAQ,0.8580100511433819
XAMDUM07,XITYOP,0.8574504444831355
XAMDUM07,IDUDIW,0.8563176225653772
XAMDUM07,FAMQAO,0.8535520766330342
XAMDUM07,FALTUK,0.853551807904086
XAMDUM07,FAMPUH,0.8535470234500127
XAMDUM07,EDOSEY,0.8534339072783718
XAMDUM07,EPISOM,0.8525175427069309
XAMDUM07,MAVRAE,0.851194594705307
XAMDUM07,LAYWOA,0.8500069466544228
XAMDUM07,LAYXAN,0.8492142990354573
XAMDUM07,HEHROE,0.8491636969446833
XAMDUM07,WARXUL,0.8484521623878082
XAMDUM07,DEKBON,0.8469055702991024
XAMDUM07,RUJMEQ,0.84631917197025
XAMDUM07,UWALEL,0.8446324710047761
XAMDUM07,BAZFUF01,0.8399017317599151
XAMDUM07,BAZFUF,0.8398939393549822
XAMDUM07,REGYOT,0.8396321230360854
XAMDUM07,HUJGEA,0.8388457018472197
XAMDUM07,BAZGAM,0.8377761114799915
XAMDUM07,YIMQOD,0.8376867961865144
BAHGUN01,HAWZEM,0.9999994531573582
BAHGUN01,QERZUI,0.9999985912166128
BAHGUN01,UFUMUD02,0.9999983266848752
BAHGUN01,BAHGUN04,0.9999953670648348
BAHGUN01,EGOZAB,0.9999934050799196
BAHGUN01,UFUMUD01,0.999989299173768
BAHGUN01,BAHGUN02,0.9999361318467485
BAHGUN01,ECODIK,0.9998775828038812
BAHGUN01,UFUNAK,0.999828663366764
BAHGUN01,POFDIZ,0.9997453710334612
BAHGUN01,UFUNIS,0.9997365374473732
BAHGUN01,KAKTIA,0.9994095698853837
BAHGUN01,KAKTIA01,0.999403057108086
BAHGUN01,AHEMEG,0.9989203885694526
BAHGUN01,IPINAY,0.9988556707919188
BAHGUN01,NELCEN,0.9970894835302672
BAHGUN01,POFFEX,0.9965874265219716
BAHGUN01,WURNOO,0.923125541642168
BAHGUN01,JALPAQ,0.8792463778451087
BAHGUN01,IDUSIM,0.8665995037572579
BAHGUN01,IDUSIM01,0.8665785939945274
BAHGUN01,UNACES,0.8665642489401522
BAHGUN01,UNACIW,0.8665508071488358
BAHGUN01,IDUSIM02,0.8665457691688531
BAHGUN01,UNABUH01,0.8665433656354834
BAHGUN01,UNABUH,0.8665384209560528
BAHGUN01,ISISUZ,0.8665357872149733
BAHGUN01,IDUTAF,0.8665112857597426
BAHGUN01,IDUTIN,0.8665033925687602
BAHGUN01,EDOSEY,0.8658857407039475
BAHGUN01,DEGSIS01,0.8439935401774321
BAHGUN01,CEZYOY,0.8437568568592702
BAHGUN01,QESBAR,0.8435603610588606
HAWZEM,UFUMUD02,0.9999988281479149
HAWZEM,BAHGUN03,0.99999513968459
HAWZEM,UFUMUD01,0.9999923633705174
HAWZEM,BAHGUN04,0.9999919452672944
HAWZEM,BAHGUN02,0.999925498980474
HAWZEM,QERZUI01,0.9999156979121352
HAWZEM,ECODIK,0.9998635906887494
HAWZEM,UFUNAK,0.9998443946597632
HAWZEM,UGEPEB01,0.999814751039892
HAWZEM,POFDIZ,0.9997509488381146
HAWZEM,UFUNIS,0.9997144830672338
HAWZEM,MURREW,0.9996542255473744
HAWZEM,UGEPEB,0.9995417933969584
HAWZEM,KAKTIA,0.999427665358614
HAWZEM,POFDEV,0.9993254099180716
HAWZEM,AHEMEG,0.9989602766685636
HAWZEM,VOJPUG01,0.998864888753324
HAWZEM,QIWQES,0.9932184856373668
HAWZEM,WURNOO,0.923145601198568
HAWZEM,KAGJOS,0.9229342281952008
HAWZEM,ICAGOK,0.921924807312497
HAWZEM,IDUSIM02,0.8665319769259086
HAWZEM,ISISUZ,0.8665214869704991
HAWZEM,IDUTAF,0.8664950621615786
HAWZEM,DEGSIS01,0.8439977869641011
HAWZEM,CEZYOY,0.8437595222650007
HAWZEM,QESBAR,0.8435863849516401
HAWZEM,ENITAX,0.84247375279566
XEHRUY,NIWZIE01,0.9999965403001312
XEHRUY,NAXVOY01,0.9999924309039014
XEHRUY,NIWZIE02,0.9999791500928394
XEHRUY,XEHSOT,0.9999775899878696
XEHRUY,NIWZIE09,0.9999711787803182
XEHRUY,NIWZIE17,0.999918387648462
XEHRUY,NIWPIU,0.9999176051507592
XEHRUY,ILECIN,0.998304500246833
XEHRUY,LIJWUX,0.9974016225441502
XEHRUY,LICSEW03,0.9973203271672252
XEHRUY,LICSEW04,0.9970715315042727
XEHRUY,MGFORD02,0.9968349099257
XEHRUY,AMURUX08,0.9962737965734526
NIWZIE02,NIWZIE08,0.9999993775494
NIWZIE02,NIWZIE09,0.9999993538039168
NIWZIE02,NIWZIE01,0.9999920983703254
NIWZIE02,NIWZIE17,0.9999798544715518
NIWZIE02,NIWPIU,0.9999794640136308
NIWZIE02,NIWZIE18,0.9999764686750544
NIWZIE02,MOPQIT,0.9999404959846632
NIWZIE02,XEHSOT,0.999915093992516
NIWZIE02,NAXVOY,0.9979927190366584
NIWZIE02,ILECIN,0.9979084183414682
NIWZIE02,LICSEW03,0.9968290243273168
NIWZIE02,LICSEW04,0.9965629209079536
NIWZIE02,MGFORD01,0.9964984196595434
NIWZIE02,AMURUX08,0.9957006961350792
NIWZIE02,AMURUX,0.9956796008541547
NIWZIE02,AMURUX06,0.995670852709624
CIFMAH,NIGPEA,0.9999987076173102
CIFMAH,MIHJUL,0.99984004325637
CIFMAH,HELDOT,0.9997804751646272
CIFMAH,DIBQIQ,0.999575462209974
CIFMAH,AXINAX01,0.9989189298925558
CIFMAH,DIBQEM,0.9768708765111588
CIFMAH,DERBIO,0.9558256385123846
CIFMAH,HURGOR,0.9556635164062444
CIFMAH,MOXDOT,0.955255916390972
CIFMAH,FISQIK,0.9469340169659656
CIFMAH,FISQEG,0.9439771143866418
CIFMAH,XUDVAV,0.9362539644310264
CIFMAH,NOMPIQ01,0.9134771079493552
CIFMAH,NOMPIQ,0.913390273316624
CIFMAH,CIKPEU,0.9133432204377776
CIFMAH,BUKLOJ,0.9011701232090376
CIFMAH,ESEQUO,0.8875958165044419
CIFMAH,VACKUI,0.8857553466200646
CIFMAH,ERUNOW,0.8855743207441136
CIFMAH,ERUNUC,0.8850003889826661
CIFMAH,JODGIU,0.8841233768316067
CIFMAH,DIDBEZ,0.8839712823996618
CIFMAH,DIDBID,0.8838810225016817
CIFMAH,CAXZOS,0.8831903365150693
CIFMAH,AGAFAS,0.8788742631070626
CIFMAH,TAHYUZ,0.875573014215421
CIFMAH,XALMII,0.8720189760324376
CIFMAH,YATDOP,0.8715330044354145
CIFMAH,HAJYAV,0.8698074747712619
CIFMAH,XALMOO,0.8692131307492116
CIFMAH,FEVDER,0.8662201390551094
CIFMAH,AZIHOI,0.8650834778342728
CIFMAH,KESFIA,0.8648431912782019
CIFMAH,WEMKEG,0.8631189182660302
CIFMAH,DIQHAO01,0.8622227469940578
CIFMAH,FEYJOJ,0.8593149195571521
CIFMAH,VASYEW,0.8582443227497282
CIFMAH,NIDFOX,0.857566257330298
CIFMAH,DIQHAO,0.8567301619954051
CIFMAH,FAHQIR,0.8558050372632563
CIFMAH,RUYGAV,0.8533208865729731
CIFMAH,SIDXOV,0.8526049413739224
CIFMAH,BELTUJ,0.8486873211178967
CIFMAH,ONOCUR,0.848289018192728
CIFMAH,BAKJII,0.8439827709366237
CIFMAH,CANYIB,0.8439551649784194
CIFMAH,BAKJEE,0.8436976567985552
CIFMAH,LIDSIC,0.8435177305441833
CIFMAH,BAKJOO,0.8433626005049051
CIFMAH,XUBKOU,0.842761762522217
CIFMAH,CIPLIX,0.840204000304622
CIFMAH,TIDNIF,0.8399118857175147
CIFMAH,XIHSAJ,0.8379199893411821
CIFMAH,LUWZUZ02,0.8378422998941533
EKEXOI,HURGEH,0.9999772272091572
HURGOR,DERBIO,0.9999903232513792
HURGOR,MOXDOT01,0.9999514944376648
HURGOR,AXINAX01,0.9564094290024404
HURGOR,AXINIF,0.955463640932788
HURGOR,BUKLOJ,0.9440235018100288
HURGOR,NIGNUO,0.941286666143382
HURGOR,ERUNUC,0.9225770595109652
HURGOR,JODGIU,0.922118855888711
HURGOR,DIDBEZ,0.9220170013595856
HURGOR,DIDBOJ,0.9219862043487268
HURGOR,DIDBID,0.9219353593850648
HURGOR,VACKUI,0.9218981172241472
HURGOR,CAXZOS,0.921896740668352
HURGOR,XAFFIV,0.9216050588030408
HURGOR,BEPRIZ,0.9030183904795556
HURGOR,NOMPOW,0.902557152355165
HURGOR,NOMPIQ01,0.9023672417054204
HURGOR,CIKPEU,0.9022896840197524
HURGOR,WEMKEG,0.8997011446370989
HURGOR,FEXCES,0.8866733775272244
HURGOR,RUYGAV,0.8854484787609987
HURGOR,TAHYUZ,0.8852486181221424
HURGOR,FEXCAO01,0.8851484693762922
HURGOR,CAQKAJ,0.8851287519239294
HURGOR,BELTUJ,0.8843964286117725
HURGOR,HAJYAV,0.8821448265260013
HURGOR,LUWZUZ02,0.8749718291161601
HURGOR,LUWZUZ,0.874951433246547
HURGOR,QIQTOB,0.8667248479966281
HURGOR,KOHLIE,0.8651222908822979
HURGOR,WUHMUJ,0.8650476479549175
HURGOR,XAMGUQ,0.8650475805237559
HURGOR,VEFMAW,0.8649442184244249
HURGOR,KOHDIW,0.8649082516092046
HURGOR,COZMUA,0.8642107468434885
HURGOR,FAHQOX,0.8602234977021903
HURGOR,XALMOO,0.8589535977899958
HURGOR,XALMII,0.8585885666467171
HURGOR,GEPBEK,0.8577920706692332
HURGOR,DIQHAO01,0.8544519351319131
HURGOR,NIDFOX,0.8509827264432893
HURGOR,DIQHAO,0.8503311491717105
HURGOR,POSGUB,0.8478209898177056
HURGOR,OJOBAS,0.8444130053537078
HURGOR,VODNOS,0.8443802034258925
HURGOR,VEDGIW,0.8443728002006304
HURGOR,VEDFIV,0.8443332256891602
HURGOR,VEDGAO,0.8443073868019835
HURGOR,VEDFER,0.8442866677411155
HURGOR,BOWDOI,0.844280463771694
HURGOR,VEDFUH,0.8442705536769158
HURGOR,YODRAM,0.8442438093709458
HURGOR,BIPXIK,0.844190936324499
HURGOR,EXUXEC,0.8440472432264066
HURGOR,ABAVUV,0.8438346325706526
HURGOR,ABAVIJ,0.8432843616569219
HURGOR,TATSIS01,0.8430171044002116
HURGOR,ERUNIQ,0.8425732645514684
HURGOR,XIHSEN01,0.8421796179533335
HURGOR,XIHSAJ01,0.8421685001438776
HURGOR,LASMAV,0.8421237042896342
HURGOR,XIHSEN,0.8418893163307158
HURGOR,VEFLUP,0.8418173598995731
HURGOR,TONBOO,0.8415986153635973
HURGOR,VASYEW,0.8406605223276968
LIDSIC,BAKJOO,0.9999897166898252
LIDSIC,BAKJEE,0.9999803484477618
LIDSIC,TIDNIF,0.9972640802865562
LIDSIC,FEVDER,0.9775739942799688
LIDSIC,SIDXOV,0.967417167558291
LIDSIC,ERUNOW,0.9094314277183118
LIDSIC,JODGIU,0.90895028000965
LIDSIC,DIDBEZ,0.908838650893862
LIDSIC,DIDBID,0.9087550078142635
LIDSIC,CAXZOS,0.908597549963326
LIDSIC,KESFOG,0.9021798361593546
LIDSIC,XEVXUT,0.901935964450382
LIDSIC,FEYJOJ,0.900890800989496
LIDSIC,FISQIK,0.8962178477336763
LIDSIC,XUDVAV,0.8889387220221521
LIDSIC,YATDOP,0.8872014699049701
LIDSIC,XALMII,0.8864918472784499
LIDSIC,XALMOO,0.8862713783715426
LIDSIC,DIQHAO01,0.8813056084853585
LIDSIC,CEYPUT01,0.8792061142923846
LIDSIC,VODNOS,0.8791546297286259
LIDSIC,VEDGES,0.8791492034996381
LIDSIC,VEDFIV,0.8790860314106007
LIDSIC,VEDGAO,0.8790386147112662
LIDSIC,VEDFER,0.879016777182245
LIDSIC,VEDFUH,0.8789854787368808
LIDSIC,YODRAM,0.8789480893693411
LIDSIC,AHETAK,0.8789335018324235
LIDSIC,ABAVUV,0.8789249268757212
LIDSIC,BOWDIC,0.8788955761186827
LIDSIC,BIPXIK,0.8788763082256038
LIDSIC,EXUXEC,0.8786901644254146
LIDSIC,ABAVIJ,0.8778287761329054
LIDSIC,TATSIS,0.8772783382418355
LIDSIC,ERUNIQ,0.8769747915524249
LIDSIC,LASMAV,0.876474949582105
LIDSIC,XAPSIS,0.8610273948688487
LIDSIC,CIPLIX,0.8607183361007473
LIDSIC,YIRSUQ,0.8513560758342477
LIDSIC,MIHJUL,0.8427855543249839
LIDSIC,HELDOT,0.8426279353018152
CUFORM06,CUFORM04,0.9999515080032336
DOTSOV07,DOTSOV02,0.9997942069473486
DOTSOV07,XAMDUM02,0.9997716188117708
DOTSOV07,DOTSOV12,0.9997439991911108
DOTSOV07,DOTSOV14,0.9997437331098334
DOTSOV07,DOTSOV16,0.9997409056694718
DOTSOV07,DOTSOV08,0.9997408988302732
DOTSOV07,DOTSOV15,0.9997405972669128
DOTSOV07,DOTSOV10,0.9997405964892244
DOTSOV07,DOTSOV11,0.9997403016503849
DOTSOV07,DOTSOV42,0.9997365190960612
DOTSOV07,XAMDUM04,0.9997158319146277
DOTSOV07,LUDLIH,0.9996732178404976
DOTSOV07,XAMDUM03,0.9996425805183048
DOTSOV07,DIHVIB01,0.9996139074917464
DOTSOV07,XAMDUM,0.9996101649710672
DOTSOV07,FIQCEN,0.9996069169958836
DOTSOV07,LUDLED,0.9996019428965076
DOTSOV07,XAMDUM06,0.9995988176428676
DOTSOV07,YOZMIL,0.9995960204104786
DOTSOV07,YOZNEI,0.9995837734404984
DOTSOV07,YOZNAE,0.9995444374050328
DOTSOV07,DIHVIB,0.999538282605738
DOTSOV07,QIZLIW,0.999077385781992
DOTSOV07,TISPAO,0.9990500930401476
DOTSOV07,GAVDUD,0.9975117595800732
DOTSOV07,NEHZOS,0.9975110388143535
DOTSOV07,OQIZUL,0.9970326261096712
DOTSOV07,KAJZIH,0.9963129926286234
DOTSOV07,QIZLOC,0.9956717391338308
DOTSOV07,BABREE,0.9324724852066444
DOTSOV07,ORAWAH,0.9310524208011732
DOTSOV07,MIKVEK,0.9309565517832692
DOTSOV07,ONIXOZ,0.92665432898884
DOTSOV07,EXOYAS,0.9197805540728186
DOTSOV07,IWEVAJ,0.919567890022494
DOTSOV07,CITXUZ,0.919067297412408
DOTSOV07,HOGLEV01,0.9078342848737432
DOTSOV07,GERWEH,0.9077638276023244
DOTSOV07,HANWAW,0.9072352321731452
DOTSOV07,YUGLES,0.9071779401962052
DOTSOV07,YAGHUM,0.907009490238884
DOTSOV07,NUTQAV,0.9068620492249404
DOTSOV07,MOCKEV,0.9064803938530612
DOTSOV07,XIJSUH,0.9063079566997514
DOTSOV07,MOCKAR,0.9063003906253888
DOTSOV07,PIDRAY,0.9017714312963188
DOTSOV07,HUCBOX02,0.8971499364729904
DOTSOV07,HUCBOX01,0.8971189110497909
DOTSOV07,RAHBOU,0.8970793525373226
DOTSOV07,MOFGOE,0.8962917941830518
DOTSOV07,GIKMOD,0.8948985126464901
DOTSOV07,VUJBIM,0.8938163390918197
DOTSOV07,RUVKAV,0.8870514809273353
DOTSOV07,VIXPUP,0.886892180746232
DOTSOV07,VIXPUP02,0.8868658477034737
DOTSOV07,LUDLAZ,0.8865554994688719
DOTSOV07,IPUPIU,0.8863613783211971
DOTSOV07,IPUPOA,0.8857862837977251
DOTSOV07,ADONEP,0.8850435938959833
DOTSOV07,XEDMEB,0.8847973381784972
DOTSOV07,PAFZEE,0.8847058727077994
DOTSOV07,USEVOF,0.884491686290048
DOTSOV07,EMUBOF,0.8842162496014658
DOTSOV07,APUPEH,0.8831136016483722
DOTSOV07,EXAXAE,0.8830659905215632
DOTSOV07,EXAXAE03,0.8828149851343556
DOTSOV07,EMUBIZ,0.8827828459780356
DOTSOV07,CEKHUY,0.8752145444349146
DOTSOV07,HIDTUM,0.8745722602925557
DOTSOV07,LAQNID,0.869042195096279
DOTSOV07,OKABAE,0.8678150521020622
DOTSOV07,KIRFOI,0.8669032955158198
DOTSOV07,TEKYOA,0.8609155236560568
DOTSOV07,IWEQAD,0.8608981204313444
DOTSOV07,TOVWAE,0.8600296170833666
DOTSOV07,OGEBAF,0.8597078121429711
DOTSOV07,OGEBAF01,0.8594301951954839
DOTSOV07,JALPAQ,0.8591178965199021
DOTSOV07,XITYOP,0.8589021922910963
DOTSOV07,IXAJUN,0.8586029781081173
DOTSOV07,EPISOM,0.8533515436598829
DOTSOV07,FAMQAO,0.8531046756899924
DOTSOV07,FALTUK,0.8531021252646251
DOTSOV07,FAMPUH,0.8530628747130449
DOTSOV07,FAMQES,0.8530219032085196
DOTSOV07,NAPSUV,0.8529849095939966
DOTSOV07,EDOSEY,0.8527152075399251
DOTSOV07,HEHROE,0.8508339482504668
DOTSOV07,WARXUL,0.8499818612928834
DOTSOV07,DEKBON,0.8489398685491333
DOTSOV07,UWALEL,0.8467850662312296
DOTSOV07,RUJMEQ,0.8461623322173681
DOTSOV07,REGYOT,0.8398745365011006
DOTSOV07,LUKLIN,0.8398664487250765
DOTSOV07,HUJGEA,0.8392569408367474
DOTSOV07,BAZGAM,0.839176070425957
DOTSOV07,BAZFUF01,0.8390073545784887
DOTSOV07,BAZFUF,0.838993534532307
DOTSOV07,KIJRUS,0.838663811050089
DOTSOV07,LURRIA,0.8379382828130633
DOTSOV07,ENIHUG,0.8378416676947744
DOTSOV07,ENIHUG01,0.8377932428298824
YOZNAE,DIHVIB,0.9999999569909942
YOZNAE,YOZNEI,0.9999990016457988
YOZNAE,YOZMIL,0.9999978538254626
YOZNAE,YOZNIM,0.9999974107139518
YOZNAE,LUDLED,0.9999957148242276
YOZNAE,YOZPAG,0.9999953708477888
YOZNAE,FIQCEN,0.9999948723753672
YOZNAE,UXISUR,0.999994238085129
YOZNAE,DIHVIB01,0.9999941723100872
YOZNAE,RILFEA,0.999992798335651
YOZNAE,XAMDUM03,0.9999860586935854
YOZNAE,XAMDUM04,0.999977950659904
YOZNAE,DOTSOV42,0.9999132258166832
YOZNAE,DOTSOV13,0.9999066865951536
YOZNAE,DOTSOV11,0.9999066294656328
YOZNAE,DOTSOV15,0.999906087061221
YOZNAE,DOTSOV08,0.9999055253825228
YOZNAE,DOTSOV12,0.9999055045659296
YOZNAE,DOTSOV02,0.9987858194282884
YOZNAE,YOZNUY,0.9985864205852748
YOZNAE,GAVDUD,0.9960816140236272
YOZNAE,NEHZUY,0.9960136990988836
YOZNAE,KAJZIH,0.9945731974535896
YOZNAE,QIZLOC,0.9936307878416348
YOZNAE,OHOMIH,0.9934528159348496
YOZNAE,YOZMUX,0.9882178321352122
YOZNAE,DALSOA,0.9329621614380852
YOZNAE,ORAWAH,0.9323014097793008
YOZNAE,BABREE,0.9319593648714444
YOZNAE,MIKVEK,0.9295601478024031
YOZNAE,ONIXOZ,0.9243380298372093
YOZNAE,RAWYAS,0.9187288931256103
YOZNAE,IWEVAJ,0.918647737668081
YOZNAE,CITXUZ,0.9182489677794382
YOZNAE,GERWEH,0.9082426694118184
YOZNAE,YUGLES,0.9080517246916996
YOZNAE,YAGHUM,0.9079660396035576
YOZNAE,NUTQAV,0.9078854938367876
YOZNAE,NUTQEZ,0.9077923935308624
YOZNAE,OFOCUI,0.9077433906957928
YOZNAE,HOGLEV,0.9076260509907664
YOZNAE,EXOGAB,0.90756901059637
YOZNAE,MOCKEV,0.9075510557896056
YOZNAE,XIJSUH,0.907550470631221
YOZNAE,MOCKAR,0.9075456245333986
YOZNAE,HOGLEV01,0.9074408511675932
YOZNAE,ALIXUP,0.8998329248894195
YOZNAE,PIDRAY,0.8994339372475422
YOZNAE,HUCBOX01,0.8971918371687457
YOZNAE,HUCBOX,0.8969532255852634
YOZNAE,RAHBOU,0.8968509926785906
YOZNAE,MOBDIR,0.8957098214564243
YOZNAE,VUJBIM,0.8955387110917528
YOZNAE,GIKMOD,0.8935119299586943
YOZNAE,IPUPIU,0.8871629308404317
YOZNAE,VIXPUP01,0.8870127054982324
YOZNAE,VIXPUP,0.886508258728757
YOZNAE,VIXPUP02,0.8864465124466022
YOZNAE,LUDLAZ,0.8858935364729329
YOZNAE,KANMIX,0.8850736781830191
YOZNAE,PAFZEE,0.8850675982430691
YOZNAE,USEVOF,0.8850623351839673
YOZNAE,IPUPOA,0.8847251436206096
YOZNAE,ADONEP,0.8843718140418927
YOZNAE,APUPEH,0.8818787316421468
YOZNAE,EXAXAE03,0.8814730771986489
YOZNAE,EMUBIZ,0.8814370085068113
YOZNAE,ANUGOG,0.8778979824510272
YOZNAE,ANUGIA,0.87760690435155
YOZNAE,LAQNID,0.869036613299688
YOZNAE,OKABAE,0.8667754224210468
YOZNAE,HABQUY,0.8663144425289472
YOZNAE,KIRFOI,0.8655330518996737
YOZNAE,IWEQAD,0.8610362804519517
YOZNAE,TEKYOA,0.8608352615521249
YOZNAE,OGEBAF,0.858479562264366
YOZNAE,OGEBAF01,0.8582819878581107
YOZNAE,JALPAQ,0.8578668379568167
YOZNAE,XITYOP,0.8572963133100013
YOZNAE,IXAJUN,0.8571784055326915
YOZNAE,IDUDIW,0.8561409442483752
YOZNAE,FAMQAO,0.8535533643647744
YOZNAE,FAMPUH,0.8535518013398583
YOZNAE,FAMQES,0.8535478203244078
YOZNAE,EDOSEY,0.8534599835129398
YOZNAE,ANUGEW,0.8522669561749698
YOZNAE,LAYXER,0.851287504346573
YOZNAE,MAVRAE,0.851070368563302
YOZNAE,LAYWOA,0.8498269079981741
YOZNAE,HEHROE,0.8489694107249683
YOZNAE,WARXUL,0.8482706394200181
YOZNAE,DEKBON,0.8466777035320472
YOZNAE,RUJMEQ,0.8462934147123807
YOZNAE,BAZFUF01,0.8399443573303603
YOZNAE,BAZFUF,0.839937125717754
YOZNAE,SEMNIJ,0.8396328744970594
YOZNAE,REGYOT,0.8395698444478626
YOZNAE,ENIHUG,0.8390475261269672
YOZNAE,ENIHUG01,0.8390162506078247
YOZNAE,HUJGEA,0.8387709530098252
YOZNAE,YIMQOD,0.8377981313253753
YOZNAE,BAZGAM,0.837659408059073
YUKTUU04,YUKTUU02,0.9999999641813808
DADTOS14,DADTOS13,0.9999982133682546
DADTOS14,DADTOS02,0.9999954329835468
DADTOS14,DADTOS15,0.999994221628692
DADTOS14,REZJIR02,0.9999926867605924
DADTOS14,DADTOS04,0.9999926082665608
DADTOS14,YUKTUU01,0.9999921747549444
DADTOS14,YUKTUU,0.9999920223773237
DADTOS14,DADTOS08,0.9999918695561806
DADTOS14,DADTOS09,0.999991610306054
DADTOS14,DADTOS06,0.999990776741756
DADTOS14,DADTOS12,0.99999072717147
DADTOS14,YANWOC01,0.9999897142106604
DADTOS14,REZJIR,0.9999826381215792
DADTOS14,YANWOC,0.999977576780532
DADTOS14,PADJOU01,0.9999745459669848
DADTOS14,IJOMOJ03,0.9999734942343248
DADTOS14,DADTOS17,0.999960409018585
DADTOS14,LIJWOR02,0.9999528756442108
DADTOS14,DADTOS07,0.9999527416404131
DADTOS14,LIJWOR06,0.999951307638468
DADTOS14,LIJWOR,0.9999491262251616
DADTOS14,REZJIR04,0.9999487375130772
DADTOS14,JEDKIP01,0.9999425097160995
DADTOS14,MNFORD03,0.9999318212255393
DADTOS14,LIJWOR05,0.9999154784720826
DADTOS14,LIJWOR01,0.9999142991910012
DADTOS14,IJOMOJ01,0.9999021507267712
DADTOS14,QINSUD,0.9998708879221648
DADTOS14,SIWPUL04,0.9998706958262078
DADTOS14,ATIBOU02,0.9984779848736032
DIQHAO,NIDFOX,0.9999874643432556
DIQHAO,DIQHAO01,0.9992254085583634
DIQHAO,XALMII,0.9837100220207514
DIQHAO,CAXZOS,0.9194196210824518
DIQHAO,DIDBOJ,0.9181195165424552
DIQHAO,DIDBAV,0.9180276922675156
DIQHAO,JODGIU,0.9171934215643428
DIQHAO,ERUNUC,0.916166963441892
DIQHAO,ERUNOW,0.9133080418322586
DIQHAO,AZIHOI,0.8829935790143681
DIQHAO,TIDNIF,0.8783003560757291
DIQHAO,BAKJII,0.873546031701088
DIQHAO,NIGNUO,0.871298052308028
DIQHAO,AXINAX01,0.8637163638048917
DIQHAO,YIGGEB,0.8592155729990758
DIQHAO,LASMAV,0.8579465190698113
DIQHAO,TATSIS01,0.8565269510359805
DIQHAO,NIGPEA,0.8564568660782598
DIQHAO,AXINIF,0.8558927302122661
DIQHAO,KEJWAY,0.8555596004056905
DIQHAO,ABAVIJ,0.8554193799376189
DIQHAO,DIBQOW,0.8545908777466902
DIQHAO,EXUXEC,0.8543681194770475
DIQHAO,BIPXIK,0.8537188491500032
DIQHAO,MIHJUL,0.8535001169575769
DIQHAO,BOWDUO,0.8534138662306069
DIQHAO,VEDFAN,0.8530854405395463
DIQHAO,HELDOT,0.8529161392234432
DIQHAO,VEDFOB,0.8528065295647774
DIQHAO,VEDFIV,0.8525899514871327
DIQHAO,VEDGES,0.8522542665966633
DIQHAO,OJOBAS,0.8516392460769511
DIQHAO,CEYPUT,0.8516034330563141
DIQHAO,CEYPUT01,0.8514188485499846
DIQHAO,DERBIO,0.8497322021577862
DIQHAO,XEVXUT,0.8456506145928924
DIQHAO,CIKPEU,0.8451415297762417
DIQHAO,NOMPIQ01,0.8450228401509998
DIQHAO,FISQIK,0.844553190400925
DIQHAO,BEPRIZ,0.8436223869564577
DIQHAO,FUMJAZ01,0.843257106236633
DIQHAO,FUMJAZ,0.8432125576746807
JUXZOT,GOQTIR,0.999854848552196
JUXZOT,FONKEA,0.9347200416065002
JUXZOT,RUXWEM01,0.8845831228198412
JUXZOT,RUXWEM03,0.8842596453256582
JUXZOT,XOGWUN,0.8841955632068618
JUXZOT,VAYFAE,0.8828626705911519
JUXZOT,IRELIC,0.8799873008919142
JUXZOT,YICRAF,0.8747568473519796
JUXZOT,DAPYAW,0.8734456079617074
JUXZOT,XEFGUN01,0.8678415220731812
JUXZOT,QEKLID01,0.8575101810176851
JUXZOT,QEKLID,0.8574984149709952
JUXZOT,DELGIN,0.8559496001251565
JUXZOT,FIVRUA,0.8556705038503218
JUXZOT,AWEJIW,0.8555722113748481
JUXZOT,WEVVOL,0.8552501329302553
JUXZOT,PIKYIU,0.8489378599116291
JUXZOT,NOLRIR,0.847300629391173
JUXZOT,WUZGEF01,0.8424241488381856
JUXZOT,EKUNON02,0.8413574786858018
DADTOS16,REZJIR03,0.999998867754037
DADTOS16,YUKTUU,0.9999982253075728
DADTOS16,LIJWOR03,0.99999559813411
DADTOS16,DADTOS17,0.999995425889245
DADTOS16,LIJWOR02,0.99999235316991
DADTOS16,LIJWOR06,0.9999920191509432
DADTOS16,PADJOU,0.9999776876754928
DADTOS16,LIJWOR05,0.9999745503464116
DADTOS16,YANWOC02,0.9999653360708948
DADTOS16,DADTOS02,0.9999604298722456
DADTOS16,DADTOS,0.999954346150142
DADTOS16,DADTOS04,0.9999527732287564
DADTOS16,DADTOS11,0.9999522675288348
DADTOS16,DADTOS08,0.999950932953472
DADTOS16,DADTOS09,0.999950299064156
DADTOS16,DADTOS06,0.9999482986080014
DADTOS16,DADTOS12,0.9999481813429438
DADTOS16,SIWPUL04,0.9999478613513136
DADTOS16,YANWOC01,0.9999458230733336
DADTOS16,LIJWOR01,0.9999272775686984
DADTOS16,DADTOS10,0.9999200531112726
DADTOS16,IJOMOJ03,0.9999136145548958
DADTOS16,DADTOS07,0.9998783917271948
DADTOS16,REZJIR04,0.9998720188135436
DADTOS16,JEDKIP01,0.9998622942213248
DADTOS16,ATIBOU02,0.9981372607659426
DADTOS16,SIWPUL11,0.9967817713163614
YUKTUU02,YUKTUU03,0.9999999857192208
XAMDUM03,BODPAN,0.9999992375889094
XAMDUM03,RILFEA,0.999998896767706
XAMDUM03,XAMDUM01,0.9999988645693942
XAMDUM03,DIHVIB01,0.9999982441700772
XAMDUM03,UXISUR,0.9999982217563016
XAMDUM03,YOZMEH,0.999998217744162
XAMDUM03,YOZNEI,0.999988306733936
XAMDUM03,XAMDUM02,0.999981743013018
XAMDUM03,DOTSOV42,0.9999688448189716
XAMDUM03,YOZPAG,0.9999653679492796
XAMDUM03,DOTSOV11,0.9999648436327588
XAMDUM03,DOTSOV10,0.999964510309036
XAMDUM03,DOTSOV14,0.9999644585244924
XAMDUM03,DOTSOV16,0.9999641585378274
XAMDUM03,DOTSOV12,0.9999641504140928
XAMDUM03,TISPAO,0.9997543475123518
XAMDUM03,QAWHIH01,0.99918237680779
XAMDUM03,DOTSOV02,0.9989193344853332
XAMDUM03,OQIZUL,0.9983070898406532
XAMDUM03,NEHZOS,0.9965535344983948
XAMDUM03,GAVDUD,0.9965334962304068
XAMDUM03,QIZLOC,0.9942087652503608
XAMDUM03,OHOMIH,0.9940394739759768
XAMDUM03,YOZNOS,0.9916840816220404
XAMDUM03,YOZMUX,0.9878842978467514
XAMDUM03,LASYOU,0.9464698962245316
XAMDUM03,ORAWAH,0.932088494970064
XAMDUM03,MIKVEK,0.9299830914764802
XAMDUM03,ONIXOZ,0.9250140110093956
XAMDUM03,EXOYAS,0.9197555333993598
XAMDUM03,IWEVAJ,0.9186972051693868
XAMDUM03,GERWEH,0.908213615066993
XAMDUM03,YUGLES,0.9079331203319204
XAMDUM03,YAGHUM,0.9078266945042278
XAMDUM03,EXOGAB,0.9077494395103232
XAMDUM03,NUTQAV,0.9077293908923711
XAMDUM03,HOGLEV01,0.907638973259798
XAMDUM03,OFOCUI,0.9076191383053412
XAMDUM03,NUTQEZ,0.9076191084043106
XAMDUM03,MOCKEV,0.9073440702486806
XAMDUM03,HUCBOX01,0.8972746286073731
XAMDUM03,HUCBOX,0.8970331175528652
XAMDUM03,RAHBOU,0.8970054139361037
XAMDUM03,MOFGOE,0.8959590277052902
XAMDUM03,MOBDIR,0.8959562785977583
XAMDUM03,MUDTEL,0.8945209060953828
XAMDUM03,GIKMOD01,0.8932261351019002
XAMDUM03,GINTUT,0.88729785489374
XAMDUM03,VIXPUP01,0.8871249478154375
XAMDUM03,RUVKAV,0.8870727452801601
XAMDUM03,VIXPUP,0.8867040910094763
XAMDUM03,VIXPUP02,0.8866503790605597
XAMDUM03,LUDLAZ,0.8861591595028908
XAMDUM03,IPUPOA,0.8850891679538794
XAMDUM03,PAFZEE,0.8850765786387529
XAMDUM03,KANMIX,0.8850469675013911
XAMDUM03,USEVOF,0.8850197760320452
XAMDUM03,WANJIF,0.8848905789876733
XAMDUM03,XEDMEB,0.8847577362539207
XAMDUM03,EXAXAE03,0.8819060129888869
XAMDUM03,EMUBIZ,0.881872155018091
XAMDUM03,ANUGOG,0.8779449314505128
XAMDUM03,ANUGIA,0.8774518297014182
XAMDUM03,DICKEH,0.8771465805902386
XAMDUM03,NEMCOA,0.874685845112062
XAMDUM03,CEKHUY,0.8741546836824535
XAMDUM03,HIDTUM,0.8734163205545018
XAMDUM03,LAQNID,0.8691378258785609
XAMDUM03,KIRFOI,0.8659743667803399
XAMDUM03,NIGDIS,0.861012750245999
XAMDUM03,TEKYOA,0.860955353982952
XAMDUM03,XICKOL,0.8606561260866635
XAMDUM03,OGEBAF,0.8588497193495244
XAMDUM03,OGEBAF01,0.8586674910946295
XAMDUM03,XITYOP,0.8577419655141634
XAMDUM03,IXAJUN,0.8576338518894742
XAMDUM03,IDUDIW,0.8566529982640936
XAMDUM03,FAMQAO,0.8535403573178717
XAMDUM03,FALTUK,0.8535395465921464
XAMDUM03,FAMPUH,0.8535285041194733
XAMDUM03,EPISOM,0.8526493525110629
XAMDUM03,LAYWOA,0.8503487592220194
XAMDUM03,LAYXAN,0.8495822981681616
XAMDUM03,WARXUL,0.8487968662855413
XAMDUM03,RUJMEQ,0.8463601564933332
XAMDUM03,BAZFUF01,0.8398094676485085
XAMDUM03,BAZFUF,0.8398005827351035
XAMDUM03,REGYOT,0.839744298751351
XAMDUM03,LUKLIN,0.8397373291057584
XAMDUM03,SEMNIJ,0.8395660189739758
XAMDUM03,HUJGEA,0.8389822256738575
XAMDUM03,ENIHUG01,0.8388096423538872
LAWGOG,MIBQAR01,0.9999999053931596
LAWGOG,MIBQAR12,0.9999990550123544
LAWGOG,MIBQAR15,0.9999987538987404
LAWGOG,PEVQOY,0.9999860316363548
LAWGOG,IFABIA03,0.9989771397711726
LAWGOG,IFABIA02,0.998906518532221
LAWGOG,IFABIA01,0.998888938104564
LAWGOG,VEGMOK04,0.9984235495068208
LAWGOG,GATBUZ,0.9984219765108384
LAWGOG,VEGMOK01,0.998380532304901
LAWGOG,FIJCUX,0.9962330257983188
LAWGOG,FIJCUX01,0.9960302270454956
LAWGOG,ODUNEH,0.9461015905369674
LAWGOG,WUHNUK,0.908045166543272
LAWGOG,VOLRAQ,0.9074266947678136
LAWGOG,UYAPOA,0.9070456908352824
LAWGOG,BOLPAU,0.9067501188090096
LAWGOG,ODODIW,0.9065827223643708
LAWGOG,DAWCIP,0.9049971050217852
LAWGOG,GUGNON,0.9046679624340164
LAWGOG,NEHGIS,0.9046222760120852
LAWGOG,JENKET,0.9036493243807138
LAWGOG,CESQUP,0.8973132288731629
LAWGOG,JEDDII,0.8971897940443769
LAWGOG,PICCUC,0.8970363477304937
LAWGOG,NIYZIG,0.8968572673201127
LAWGOG,SACHIP,0.8960800448820019
LAWGOG,GOSDUP,0.8953726502946365
LAWGOG,QEDZEG,0.8909643611696301
LAWGOG,EKEKEL,0.8872925526883663
LAWGOG,DITTEH,0.8853064853241219
LAWGOG,BUVNIR,0.8849291425598779
LAWGOG,DARYIF,0.8842470670810565
LAWGOG,MIMRAB01,0.8842342051135593
LAWGOG,WORKUL,0.8842200315830063
LAWGOG,QAQSAD,0.8822299702561266
LAWGOG,NAWXER,0.8817280422794069
LAWGOG,DUPKAC,0.8779288839632038
LAWGOG,IDIXAU,0.8778288652411161
LAWGOG,WUMDIT,0.8765823689983085
LAWGOG,XOQXIL,0.8758139118754626
LAWGOG,XAFFER,0.8747607867058358
LAWGOG,IJEXIF01,0.8744440598772567
LAWGOG,PERQUB,0.8737854893892258
LAWGOG,NIWYID,0.8737720029155693
LAWGOG,ZARLIP,0.8737486516986435
LAWGOG,ULISOZ,0.8736229420548705
LAWGOG,REGREC,0.8730636087982764
LAWGOG,XAFFAN,0.8727189869419549
LAWGOG,MEWPIQ,0.8724729198195484
LAWGOG,FUTZEB,0.8722837653564935
LAWGOG,FUTYOK,0.8717852733902444
LAWGOG,RUPVAB,0.8715276314498267
LAWGOG,FUVBAB,0.8714996789777432
LAWGOG,ACIBOE,0.8706693573272688
LAWGOG,NANYUX01,0.8706077851933949
LAWGOG,VEHKAW,0.8705225492112119
LAWGOG,NANYUX03,0.8704825082059516
LAWGOG,UNAGOH,0.8703223316722642
LAWGOG,FUTZAX,0.8691005366667514
LAWGOG,NENHEU,0.8684381397623022
LAWGOG,GADROU,0.8680615169543856
LAWGOG,SAVMAE,0.8642421233757378
LAWGOG,KAHMOW,0.8625286530484143
LAWGOG,XEGXIT,0.8625137741815879
LAWGOG,YICQOS,0.8611466761097077
LAWGOG,HAZYUE,0.8609223455467725
LAWGOG,DUFLOH,0.8608943950724104
LAWGOG,EGIKUB01,0.8606713436581812
LAWGOG,UBUMAH,0.8588028851342715
LAWGOG,LOWQIX,0.8583705785331677
LAWGOG,WIMWIA,0.8581387478801048
LAWGOG,WOJZOK01,0.8531193804904189
LAWGOG,TACJEO,0.8525699599554358
LAWGOG,PURJAO,0.8517558758009315
LAWGOG,CIQHOC,0.8502768937589789
LAWGOG,NISCOJ,0.8456676077976004
LAWGOG,MACHIJ,0.8446717267798072
LAWGOG,LEBQUH,0.8386391802360437
LAWGOG,VURMOL,0.8383455360394556
LAWGOG,REBVIG,0.838097378812226
LAWGOG,HOKLIE,0.8379990827477785
SARBUK,PASGEX04,0.8829588577136969
VUSKAW,MIBQAR15,0.9999999891670476
MNFORD03,LIJWOR05,0.9999987721444272
MNFORD03,LIJWOR06,0.9999983299789924
MNFORD03,LIJWOR02,0.9999977967532024
MNFORD03,IJOMOJ01,0.9999972408074542
MNFORD03,LIJWOR03,0.9999957547502304
MNFORD03,QINSUD,0.9999903408914756
MNFORD03,SIWPUL04,0.999990297777872
MNFORD03,SIWPUL,0.9999892394787316
MNFORD03,PADJOU01,0.9999892070376314
MNFORD03,MNFORD02,0.9999863339694084
MNFORD03,REZJIR,0.9999830083660626
MNFORD03,REZJIR03,0.999974198666459
MNFORD03,DADTOS15,0.9999657149383688
MNFORD03,PADJOU,0.9999605450626712
MNFORD03,LIJWOR01,0.9999109049984038
MNFORD03,DADTOS13,0.999907976922122
MNFORD03,YANWOC02,0.999900189716327
MNFORD03,DADTOS,0.9998820818180318
MNFORD03,DADTOS04,0.9998795617682434
MNFORD03,DADTOS08,0.999876635206672
MNFORD03,DADTOS06,0.9998724789214382
MNFORD03,DADTOS18,0.999869023383518
MNFORD03,YANWOC01,0.9998686000375936
MNFORD03,YANWOC,0.999831339328269
MNFORD03,DADTOS10,0.9998298804417768
MNFORD03,IJOMOJ03,0.9998204000522376
MNFORD03,DADTOS03,0.9997589972679972
MNFORD03,ATIBOU02,0.997767430346336
DIHVIB01,UXISUR,0.9999999882559738
DIHVIB01,XAMDUM,0.9999999880870992
DIHVIB01,YOZMEH,0.9999999880828117
DIHVIB01,FIQCEN,0.9999999666485772
DIHVIB01,RILFEA,0.999999914461384
DIHVIB01,XAMDUM06,0.9999997743097516
DIHVIB01,YOZNIM,0.9999993492728624
DIHVIB01,YOZMIL,0.9999989369937898
DIHVIB01,LUDLIH,0.9999974711469364
DIHVIB01,DIHVIB,0.9999931296608188
DIHVIB01,XAMDUM04,0.9999921585495446
DIHVIB01,XAMDUM02,0.9999783565949124
DIHVIB01,DOTSOV42,0.9999523305677582
DIHVIB01,DOTSOV15,0.9999470030808716
DIHVIB01,DOTSOV10,0.9999470028651116
DIHVIB01,DOTSOV14,0.9999469600267828
DIHVIB01,DOTSOV12,0.999946583705295
DIHVIB01,DOTSOV16,0.9999465732330248
DIHVIB01,TISPAO,0.9997940477831052
DIHVIB01,QAWHIH,0.9992191469752464
DIHVIB01,WULJUJ,0.998902344904477
DIHVIB01,DOTSOV02,0.9988807065417058
DIHVIB01,QIZLIW,0.9984880175491871
DIHVIB01,OQIZUL,0.9984139618578364
DIHVIB01,YOZNUY,0.9983995386566136
DIHVIB01,GAVDUD,0.9963767238553376
DIHVIB01,NEHZUY,0.9963112799541084
DIHVIB01,OHOMIH,0.9938350646251594
DIHVIB01,YOZNOS,0.9917981277994184
DIHVIB01,YOZMUX,0.9880241351424084
DIHVIB01,LASYOU,0.9465401114557056
DIHVIB01,DALSOA,0.9329906547630626
DIHVIB01,ORAWAH,0.9321670600012868
DIHVIB01,ONIXOZ,0.924777717484948
DIHVIB01,EXOYAS,0.91970577752613
DIHVIB01,IWEVAJ,0.918689890851092
DIHVIB01,YAGHUM,0.907879208339462
DIHVIB01,NUTQAV,0.9077878373300532
DIHVIB01,HOGLEV,0.9077404964280508
DIHVIB01,EXOGAB,0.9076889477414748
DIHVIB01,OFOCUI,0.907669516849739
DIHVIB01,MOCKEV,0.9074215084721454
DIHVIB01,XIJSUH,0.9074173344136908
DIHVIB01,HANWAW,0.906356568940524
DIHVIB01,ALIXUP,0.9002660479791843
DIHVIB01,HUCBOX02,0.897303573533885
DIHVIB01,HUCBOX01,0.8972484604827671
DIHVIB01,PAMQIF,0.8968050763224903
DIHVIB01,MOFGOE,0.8958749919890125
DIHVIB01,VUJBIM,0.8953274880085376
DIHVIB01,GIKMOD,0.8938041563450478
DIHVIB01,GINTUT,0.887297934527128
DIHVIB01,IPUPIU,0.8871009969758534
DIHVIB01,VIXPUP02,0.8865813754018049
DIHVIB01,LUDLAZ,0.8860682490251414
DIHVIB01,PAFZEE,0.8850765894982822
DIHVIB01,EMUBOF,0.8849192461677948
DIHVIB01,WANJIF,0.8848743267718379
DIHVIB01,XEDMEB,0.8847087294496497
DIHVIB01,APUPEH,0.8821448886400329
DIHVIB01,EXAXAE,0.8820816984091571
DIHVIB01,EXAXAE03,0.8817558779704016
DIHVIB01,EMUBIZ,0.881721205512808
DIHVIB01,ANUGOG,0.8779314840997252
DIHVIB01,DICKEH,0.8770692832748762
DIHVIB01,NEMCOA,0.8745331943193678
DIHVIB01,CEKHUY,0.8739905967512613
DIHVIB01,HIDTUM,0.873237101096825
DIHVIB01,LAQNID,0.8691051639772864
DIHVIB01,KIRFOI,0.865821229202917
DIHVIB01,IWEQAD,0.8610834552687112
DIHVIB01,NIGDIS,0.8609799541648605
DIHVIB01,TOVWAE,0.8608590288810781
DIHVIB01,XICKOL,0.8605951927991053
DIHVIB01,OGEBAF,0.8587226983767735
DIHVIB01,IXAJUN,0.8574756914426644
DIHVIB01,FAMQAO,0.8535481598601518
DIHVIB01,FALTUK,0.8535476442142199
DIHVIB01,NAPSUV,0.8535196363792157
DIHVIB01,ANUGEW,0.8525137337411546
DIHVIB01,MAVRAE,0.8513045679980742
DIHVIB01,LAYWOA,0.8501671036728593
DIHVIB01,LAYXAN,0.8493865988065387
DIHVIB01,HEHROE,0.8493367352956459
DIHVIB01,WARXUL,0.8486136365396613
DIHVIB01,RUJMEQ,0.8463397103571195
DIHVIB01,UWALEL,0.8448456180785557
DIHVIB01,BAZFUF01,0.839860415215664
DIHVIB01,REGYOT,0.8396857331304959
DIHVIB01,ICAREL,0.8396833826619627
DIHVIB01,SEMNIJ,0.83959288472517
DIHVIB01,ENIHUG,0.8389201972894951
GELVEZ02,WEYQEY,0.8850413581598322
GELVEZ02,WEYQAU16,0.8848375785276352
GELVEZ02,FUTCAZ,0.8843605167603454
GELVEZ02,WEYQAU02,0.8842517421743282
GELVEZ02,WEYQAU06,0.8842149874339114
GELVEZ02,WEYQAU07,0.8841486273904247
WEYQAU07,WEYQAU06,0.9999986001705438
WEYQAU07,WEYQAU01,0.9999746074216328
WEYQAU07,WEYQAU16,0.999773290727768
WEYQAU07,FUTCAZ,0.996731664355188
WEYQAU07,PUNYIH,0.9937494896373186
WEYQAU07,ABAYIO,0.9911686802878464
WEYQAU07,UKIQIP,0.8850464664884811
WEYQAU07,HIYZEV01,0.8825080048640008
WEYQAU07,LUSHOX02,0.8703235578133246
WEYQAU07,WACLEU,0.8431510318749917
WEYQAU07,INEXOQ,0.8383580865696025
UFOFUT,YOZYUJ,0.9993148145183708
UFOFUT,UFAMEW,0.9968235117912164
UFOFUT,FUTZEB,0.9472132908444112
UFOFUT,FUVBAB,0.94715545471719
UFOFUT,PEJPEB,0.9470796683614502
UFOFUT,ACIBOE,0.9470093950191028
UFOFUT,ULISOZ,0.9470036928007622
UFOFUT,NANYUX01,0.946989386491548
UFOFUT,VEHKAW,0.9469757119965072
UFOFUT,NANYUX03,0.9469671278339552
UFOFUT,NIWYID,0.946939448091388
UFOFUT,UNAGOH,0.9469284745036552
UFOFUT,FUTZAX,0.946571487688876
UFOFUT,IJEXIF01,0.946428126805524
UFOFUT,KUNLEL,0.9421205573602508
UFOFUT,RUPVAB,0.9350785302717872
UFOFUT,DOYHIK,0.8935611340076208
UFOFUT,NUFBEX,0.8934527916530811
UFOFUT,NUFBOH,0.8924625248863212
UFOFUT,EZINAE,0.8872736716060206
UFOFUT,RUGXUO,0.8870880777194341
UFOFUT,NUFCAU,0.8854663813026783
UFOFUT,YOGKOW,0.8755682433992512
UFOFUT,QOPZIF,0.874763811341606
UFOFUT,ADUVAZ,0.8742321191369604
UFOFUT,MUWRUT,0.8688043907376949
UFOFUT,EXOXUL,0.8660295716975509
UFOFUT,FUDGIW,0.8651476623375578
UFOFUT,JOVYAW,0.8651134107523937
UFOFUT,JENKET,0.8648825407420048
UFOFUT,MOHLIF,0.8623160191189552
UFOFUT,VOLRAQ,0.8587301972381516
UFOFUT,UYAPOA,0.8585072882452367
UFOFUT,KEFBOO,0.8584076801798128
UFOFUT,HOGJIX,0.8569543219624518
UFOFUT,DUNXUH15,0.855409010003689
UFOFUT,DUNXUH,0.8554037772954214
UFOFUT,DUNXUH13,0.8553952079364315
UFOFUT,WIMWIA,0.855023172601108
UFOFUT,LOWQIX,0.855020077542569
UFOFUT,BOWJAA,0.8460300894220412
UFOFUT,BUKMUQ01,0.8441601758496446
REGYOT,MOFGOE,0.8534604416851476
REGYOT,MOBDIR,0.8534595888645775
REGYOT,DOTSOV12,0.8399659377898223
REGYOT,DOTSOV08,0.8399659016026758
REGYOT,DOTSOV14,0.839965136592862
REGYOT,DOTSOV10,0.8399650029613899
REGYOT,DOTSOV15,0.8399650025228812
REGYOT,DOTSOV11,0.8399641301265506
REGYOT,DOTSOV13,0.839964038011667
REGYOT,DOTSOV42,0.8399531803899203
REGYOT,QIZLIW,0.8399486798948613
REGYOT,XAMDUM04,0.8397529724381796
REGYOT,RILFEA,0.8396980381385917
REGYOT,UXISUR,0.839685188344201
REGYOT,XAMDUM,0.8396848309014927
REGYOT,LUDLED,0.8396699971768915
REGYOT,XAMDUM06,0.8396643813307763
REGYOT,YOZNIM,0.8396482743650955
REGYOT,YOZMIL,0.8396392855291802
REGYOT,DIHVIB,0.8395593414894573
REGYOT,YOZPAG,0.8394567258830851
REGYOT,NEHZOS,0.8388196013207762
REGYOT,GAVDUD,0.8388069432690024
REGYOT,NEHZUY,0.8387660381026254
REGYOT,KAJZIH,0.8378528589180637
REGYOT,QAWHIH01,0.8376997489281377
OJOQAF03,MIRNOR,0.999768992418026
OJOQAF03,LETVUB,0.9997288580546
MOXPIZ,CUPHUS,0.8385009387818781
MOXPIZ,PEKZIP,0.838482745910359
MOXPIZ,RAGREY,0.8384321410817311
MOXPIZ,KIKRAA,0.8381845190646252
MOXPIZ,FUFVEJ,0.8380510807779076
IGUFOH,XAFFER,0.9776974011147572
IGUFOH,XAFFAN,0.975116832075328
IGUFOH,VIKBUP,0.9419003415491964
IGUFOH,IQOJAB,0.9222365269601528
IGUFOH,PIWLIT,0.9012414729177278
IGUFOH,UYAPOA,0.8743367610355766
IGUFOH,VOLRAQ,0.8693656700026364
IGUFOH,GUGNON,0.8629289282413128
IGUFOH,JENKET,0.8617056564904839
IGUFOH,MIBQAR07,0.861264967804844
IGUFOH,HOLRAD,0.861080509201827
IGUFOH,MIBQAR12,0.861048782841639
IGUFOH,REDROI,0.8589092944780313
IGUFOH,VEGMOK03,0.8578865880501728
IGUFOH,VEGMOK01,0.8578193243356249
IGUFOH,KOZNEU,0.8572750999258935
IGUFOH,FIJCUX,0.8549673547345789
IGUFOH,DITTEH,0.8453843059668564
IGUFOH,DUPKAC,0.8399771010492685
OTAWIR,QOZSIJ,0.9901651664391864
OTAWIR,KEPKUO,0.9233592716936158
OTAWIR,JENKET,0.8706233687669035
OTAWIR,VOLRAQ,0.8685615016691242
OTAWIR,UYAPOA,0.8682644895971614
OTAWIR,PIWLIT,0.859209073123314
OTAWIR,PIWLAL,0.8586818704686888
OTAWIR,DITTEH,0.8527379251735652
IFABIA03,IFABIA02,0.999998816774239
IFABIA03,REDROI,0.9998950596145776
IFABIA03,VEGMOK03,0.9997888196930091
IFABIA03,VEGMOK04,0.9997881805319796
IFABIA03,VEGMOK01,0.9997775368388816
IFABIA03,KOZNEU,0.9996678406923676
IFABIA03,VUSKEA,0.9990716085007632
IFABIA03,MIBQAR07,0.9990495965159192
IFABIA03,MIBQAR15,0.999044644387032
IFABIA03,MIBQAR01,0.9989964439185718
IFABIA03,HOLRAD,0.9989906714747766
IFABIA03,FIJCUX,0.9989043792891864
IFABIA03,FIJCUX01,0.9987945395944302
IFABIA03,PIWLIT,0.9467015538335326
IFABIA03,PIWLAL,0.9461670399421036
IFABIA03,BOLPAU,0.9082004408346516
IFABIA03,ODODIW,0.9080131033298656
IFABIA03,VIKBUP,0.907833115042264
IFABIA03,WUHNUK,0.9077943456463542
IFABIA03,DAWCIP,0.9075568702958836
IFABIA03,GUGNON,0.907240773639328
IFABIA03,NEHGIS,0.9072178781011304
IFABIA03,UYAPOA,0.904855017563848
IFABIA03,VOLRAQ,0.9046855551434904
IFABIA03,PICCUC,0.89709288611276
IFABIA03,ACODIH,0.8967958952309003
IFABIA03,RUYGOJ,0.8941146085050307
IFABIA03,DITTEH,0.8869761795049729
IFABIA03,UKOLOV,0.8869319891462124
IFABIA03,EKEKEL,0.886422058749061
IFABIA03,NAWXER,0.8853225732363765
IFABIA03,MIMRAB01,0.8850640438929691
IFABIA03,WORKUL,0.8849574474017724
IFABIA03,FECYUJ,0.8845949831168811
IFABIA03,QAQSAD,0.8844308691897897
IFABIA03,BUVNIR,0.8831713459144637
IFABIA03,WUMDIT,0.8778074442284562
IFABIA03,XOQXIL,0.8775918397185751
IFABIA03,XAFFER,0.8771427611210252
IFABIA03,ZARLIP,0.8766288984845241
IFABIA03,VAGMEX,0.8762211802354074
IFABIA03,XAFFAN,0.8760487248403744
IFABIA03,MEWPIQ,0.8759032824926536
IFABIA03,NOXMAQ,0.8748801926905166
IFABIA03,PERQUB,0.8748571731674858
IFABIA03,IJEXIF01,0.8748376315977382
IFABIA03,ULISOZ,0.8748354091627498
IFABIA03,ZARLEL,0.874592011580557
IFABIA03,FUTZEB,0.8743998629794718
IFABIA03,FUTYOK,0.874182081977744
IFABIA03,FUVBAB,0.8740476365646092
IFABIA03,PEJPEB,0.8737893082561018
IFABIA03,NANYUX01,0.8736328700771054
IFABIA03,ACIBOE,0.8736019049673185
IFABIA03,NANYUX03,0.8735108612901726
IFABIA03,UNAGOH,0.8734113316465906
IFABIA03,JEDVIA,0.8712549317032464
IFABIA03,GADROU,0.869238244541813
IFABIA03,OKELOH,0.8687218807940857
IFABIA03,PEGCIP,0.8682463999650681
IFABIA03,RUPVAB,0.8669877147482675
IFABIA03,XEGXIT,0.8664252612320873
IFABIA03,XEGWAK,0.8664252566715707
IFABIA03,UBUMAH,0.8606989749378606
IFABIA03,EGIKUB01,0.8604883669658047
IFABIA03,HUVGEM,0.8602747927212553
IFABIA03,XENMIO,0.8602626995944651
IFABIA03,WIMWIA,0.8602563093411775
IFABIA03,DUFLOH,0.859642821359792
IFABIA03,HIFGIO,0.8580719503106368
IFABIA03,SIXWON,0.8533578465146888
IFABIA03,GAWMOJ,0.8532957100412644
IFABIA03,PURJAO,0.8532864219645866
IFABIA03,XOHNEO,0.8528939735236112
IFABIA03,TACJEO,0.8524928042039883
IFABIA03,WOJZOK01,0.8508394464012752
IFABIA03,MACHIJ,0.8411285972756238
IFABIA03,REBVIG,0.8398411125575889
FAHMIM,REYCUV,0.9789256259020708
FAHMIM,ECUVEF,0.9431711793562276
FAHMIM,MEQPEG,0.9217840324805046
FAHMIM,IQAGEN,0.8725040444133758
FAHMIM,WEHHOI,0.853073000579895
FAHMIM,WEHJAW,0.853059213350921
FAHMIM,HEZKIH,0.8508825132132092
FAHMIM,ADATAC,0.8476095864785079
FAHMIM,HUVGEM,0.8394977131393048
FAHMIM,XENMIO,0.839487464847749
FAHMIM,FUDGIW,0.8389313141976599
DOTSOV31,DOTSOV40,0.9999999890146094
DOTSOV31,DOTSOV37,0.9999999947386612
DOTSOV03,DOTSOV43,0.9999999937452642
VIKROZ,VIKRUF,0.9999888424855436
VIKROZ,VIKSIU,0.9999828992803302
VIKROZ,VIKSEQ,0.9999823412920948
VIKROZ,VIKRIT,0.9999328220465294
VIKROZ,IZIBUQ,0.9420623011160796
VIKROZ,UVAHIK,0.8938352640652676
VIKROZ,WIZMAV12,0.8937553676568211
VIKROZ,WIZMAV10,0.8937392293390896
VIKROZ,WIZMAV08,0.8937325599429176
VIKROZ,WIZMAV05,0.893725953959129
VIKROZ,ERARUM,0.8936880303437982
VIKROZ,GERBEN,0.8824260223641077
VIKROZ,HERHUK,0.881677507719115
VIKROZ,EMIYUW,0.8814777613304545
VIKROZ,HERHEU,0.8809247347777467
VIKROZ,UFOSOA,0.877878031907519
VIKROZ,SURHEU02,0.8778771702613668
VIKROZ,RUBTAK03,0.8778770482019896
VIKROZ,OFOJAX,0.8581160526968421
VIFPUY01,LOQLEJ,0.999999987640482
VIFPUY01,VIFPUY,0.9999999729109282
VIFPUY01,VIFPUY03,0.9999999492590615
VIFPUY01,VIFPUY05,0.9999999208809384
VIFPUY01,VIFPUY02,0.9999999043630258
VIFPUY01,VACFOV01,0.9999959343936468
VIFPUY01,MAYJOM,0.999956151698315
VIFPUY01,GALJAG,0.9472134507925029
VIFPUY01,IFIPEV,0.9468828019483648
VIFPUY01,WAQFAX,0.9468510031830836
VIFPUY01,IYUHUG,0.9468058938594778
VIFPUY01,FIFGEI,0.9467294419209716
VIFPUY01,FAHQEM,0.9435678284755348
VIFPUY01,FAHQIQ,0.9357481384934876
VIFPUY01,GIWMAD,0.9073483238663368
VIFPUY01,CIFSIW,0.904277048914311
VIFPUY01,CIFSAO,0.9032954248656
VIFPUY01,CIFSES,0.9031219175292308
VIFPUY01,FOSTIS,0.903006693142952
VIFPUY01,UNIDAY,0.902829955558198
VIFPUY01,FOSTOY,0.902576150281318
VIFPUY01,TIRFOQ,0.8796890842470373
VIFPUY01,CUFFOZ,0.8747348526829692
VIFPUY01,CUFFUF,0.8747287330953436
VIFPUY01,CUFDOX,0.8747203919975375
VIFPUY01,TIKXAN,0.8747182689083803
VIFPUY01,FEYDET,0.8745555376148525
VIFPUY01,CUFDUD,0.873813453434718
VIFPUY01,LEPTUY,0.8672513591258071
VIFPUY01,PEYVEV,0.8598775789081445
VIFPUY01,TIRFIK,0.8559687818617753
OGOJAX,BIHRUI,0.9999999136537192
OGOJAX,BIHROC,0.9998081536212888
OGOJAX,OGEBAF01,0.978008738281967
OGOJAX,FAGQAI,0.9775450893125638
OGOJAX,QIYDIN,0.9765013306056436
OGOJAX,QIYDIN01,0.9746365276660616
OGOJAX,HABQUY,0.9637812476509012
OGOJAX,MUDTEL,0.9229296453868852
OGOJAX,YAGHUM,0.9147772057862456
OGOJAX,NUTQEZ,0.91426153317284
OGOJAX,SEMNIJ,0.9069186073560016
OGOJAX,RUVKAV,0.8726394356125969
DOTSOV30,DOTSOV29,0.9999999983407376
DOTSOV30,DOTSOV24,0.9999999966801396
YAGHUM,NUTQAV,0.999994948217056
YAGHUM,NUTQEZ,0.9999792696487888
YAGHUM,MUDTEL,0.9855895023087332
YAGHUM,DICKEH,0.9604989699992388
YAGHUM,HABQUY,0.9484195765356294
YAGHUM,RUVKAV,0.946726140742872
YAGHUM,SEMNIJ,0.9159307721382834
YAGHUM,BIHRUI,0.9147451614786776
YAGHUM,BIHROC,0.9130814835215912
YAGHUM,LURRIA,0.9122817636709194
YAGHUM,QAWHIH01,0.9081832239084896
YAGHUM,QAWHIH,0.9081719551059042
YAGHUM,YOZPAG,0.9080336748091964
YAGHUM,DIHVIB,0.907972962425721
YAGHUM,YOZNEI,0.9079505919113312
YAGHUM,YOZMIL,0.907916328850331
YAGHUM,XAMDUM,0.9078799529825556
YAGHUM,YOZMEH,0.9078797098345264
YAGHUM,UXISUR,0.9078796524724084
YAGHUM,RILFEA,0.907868701758006
YAGHUM,LUDLIH,0.9078445374065376
YAGHUM,OQIZUL,0.9078227069790152
YAGHUM,YOZNUY,0.9078152165745964
YAGHUM,XAMDUM04,0.9078080485526304
YAGHUM,BODPAN,0.907795568850209
YAGHUM,XAMDUM02,0.9077714917108184
YAGHUM,DOTSOV10,0.907546735567036
YAGHUM,DOTSOV08,0.9075452035421406
YAGHUM,WULJUJ,0.9061182050118368
YAGHUM,DOTSOV02,0.9060950938597716
YAGHUM,GAVDUD,0.9019577092768584
YAGHUM,NEHZUY,0.9018718600446656
YAGHUM,KAJZIH,0.9000842761430814
YAGHUM,OHOMIH,0.8987263728793814
YAGHUM,YOZMUX,0.8976543918935161
YAGHUM,QIYDIN01,0.8857563905795454
YAGHUM,QIYDIN,0.8853965805767687
YAGHUM,QIYDAF01,0.8816904333931055
YAGHUM,LASYOU,0.8650901055380861
YAGHUM,ORAWAH,0.853455890754085
YAGHUM,DALSOA,0.852981994227011
YAGHUM,BABREE,0.851129935518093
YAGHUM,EXOYAS,0.8415046168340171
YAGHUM,RAWYAS,0.8401264336406037
CEKHUY,NEMCOA,0.9999786061270938
CEKHUY,MIKVEK,0.9363851454914696
CEKHUY,ONIXOZ,0.9356573020867018
CEKHUY,ORAWAH,0.927981438128296
CEKHUY,CITXUZ,0.9228896618881444
CEKHUY,RAWYAS,0.9225803881673228
CEKHUY,EXOYAS,0.9214955758352084
CEKHUY,IWEVAJ,0.918876459378809
CEKHUY,LASYOU,0.9147315741104992
CEKHUY,PAFZEE,0.8930502691352424
CEKHUY,EXOGAB,0.884201031694319
CEKHUY,HIDTUM,0.8809182285049992
CEKHUY,NEHZUY,0.8779578613879192
CEKHUY,GAVDUD,0.8779559984160298
CEKHUY,KAJZIH,0.8778945012328896
CEKHUY,OHOMIH,0.8777224539207743
CEKHUY,ANUGOG,0.877666826537852
CEKHUY,WULJUJ,0.8751235644594662
CEKHUY,DOTSOV02,0.8751076840017618
CEKHUY,DOTSOV12,0.8748556648642433
CEKHUY,DOTSOV16,0.8748554646275553
CEKHUY,DOTSOV08,0.874855405898012
CEKHUY,DOTSOV14,0.8748527977643498
CEKHUY,DOTSOV10,0.874852190171668
CEKHUY,DOTSOV15,0.8748521886342294
CEKHUY,DOTSOV11,0.8748490709214441
CEKHUY,DOTSOV13,0.874848741999486
CEKHUY,DOTSOV42,0.8748102771776823
CEKHUY,XAMDUM02,0.8742564660796992
CEKHUY,BODPAN,0.8742458871481096
CEKHUY,XAMDUM04,0.8741930688950105
CEKHUY,YOZMEH,0.8739887559041529
CEKHUY,FIQCEN,0.8739718506621764
CEKHUY,LUDLED,0.8739473528039203
CEKHUY,XAMDUM06,0.8739320727644198
CEKHUY,YOZNIM,0.8738886911921162
CEKHUY,YOZMIL,0.873865105135501
CEKHUY,DIHVIB,0.873654777959974
CEKHUY,YOZPAG,0.873397084253597
CEKHUY,KIRFOI,0.8721739787383929
CEKHUY,QAWHIH01,0.8698363817413133
CEKHUY,OQIZUL,0.8674372253607829
CEKHUY,YOZNUY,0.8674003817033582
CEKHUY,LAYXER,0.8659428987560428
CEKHUY,LAYXAN,0.865814706322477
CEKHUY,HEHROE,0.8658064528236835
CEKHUY,IPUPOA,0.8657436039433184
CEKHUY,DEKBON,0.8652808660355175
CEKHUY,HANWAW,0.8596144993348298
CEKHUY,YOZMUX,0.8566749631449935
CEKHUY,IDUDIW,0.8412277163658369
CEKHUY,XICKOL,0.8397101493460963
CEKHUY,TEKYOA,0.8390008572655516
AVAQIX,KEJBOQ,0.9998680008640553
AVAQIX,RIGHAR,0.9991721900173688
AVAQIX,WEBLAQ,0.9964658026048006
AVAQIX,ROCZEQ,0.991686642053647
AVAQIX,IGUTUB01,0.9233912188753676
AVAQIX,IGUTUB,0.9221781709407204
AVAQIX,IGUVIR,0.9217178158938704
AVAQIX,XEFGUN01,0.8842512261223584
AVAQIX,CIKCOQ,0.8787911545373984
AVAQIX,VAKLIF,0.8780936900215194
AVAQIX,LULGIJ,0.8591601793323418
AVAQIX,PIHJIB,0.8566649919814566
AVAQIX,ZASJAG,0.8480309986469698
AVAQIX,RUXWEM03,0.8432830276053671
AVAQIX,RUXWEM01,0.8428871356046773
AVAQIX,ACUBOP01,0.842876705655641
AVAQIX,HIBSUG,0.84282928572189
AVAQIX,HIBSUG02,0.8427997174566162
AVAQIX,HIBSUG06,0.8427960838252939
AVAQIX,HIBSUG03,0.8426696747688533
AVAQIX,OVAJAX,0.8424831007775958
AVAQIX,NOZZOT,0.8420851091751296
AVAQIX,ODIXAC,0.8420441011782824
AVAQIX,NOZZUZ,0.8378237268954025
AXOCEW,XEGXIT,0.9947700404720156
AXOCEW,MIBQAR07,0.8691923546090691
AXOCEW,MIBQAR12,0.869191608132499
AXOCEW,IFABIA02,0.8687293666889978
AXOCEW,REDROI,0.8686284396018586
AXOCEW,VEGMOK04,0.8683881703427816
AXOCEW,GATBUZ,0.8683869914007084
AXOCEW,KOZNEU,0.8680687635047497
AXOCEW,FIJCUX,0.8666282219619661
AXOCEW,FIJCUX01,0.8664570898479848
DERBIO,MOXDOT01,0.9998987841444148
DERBIO,DIBQIQ,0.9564186453892032
DERBIO,AXINAX01,0.9563683060065558
DERBIO,AXINIF,0.9556466504374737
DERBIO,DIBQOW,0.9553337152591884
DERBIO,MIHJUL,0.9550419521613116
DERBIO,HELDOT,0.9548755291591474
DERBIO,DIBQEM,0.9400838120381312
DERBIO,FISQIK,0.9329517747606338
DERBIO,FISQEG,0.931514386102277
DERBIO,XUDVAV,0.9259799084315372
DERBIO,ERUNUC,0.9225689874291724
DERBIO,JODGIU,0.922077062732888
DERBIO,VACKUI,0.9220494410196476
DERBIO,DIDBEZ,0.9219709298003428
DERBIO,CAXZOS,0.92177334474503
DERBIO,NOMPIQ,0.9020706760689036
DERBIO,WEMKEG,0.8995844736842411
DERBIO,FEXCES,0.8868181102927692
DERBIO,SEQSOY,0.8863862596760821
DERBIO,RUYGAV,0.8857041956339534
DERBIO,CAQKAJ01,0.8853120312310594
DERBIO,CAQKAJ,0.8852082225419731
DERBIO,HALVEY,0.8850392215903037
DERBIO,HAJYAV,0.8817871502130781
DERBIO,CAQJOW,0.8817447583197103
DERBIO,LUWZUZ01,0.8748300589532955
DERBIO,LUWZUZ,0.8746010280282084
DERBIO,FAHQIR,0.866782032083439
DERBIO,QIQTOB,0.8664259793666205
DERBIO,XAMGUQ,0.8650999585101959
DERBIO,KOHLIE,0.865081372612585
DERBIO,WUHMUJ,0.8650481897529282
DERBIO,VEFMAW,0.864846292559166
DERBIO,KOHDIW,0.8648065895068664
DERBIO,COZMUA,0.8640120418241204
DERBIO,USAYOE,0.8623160713570849
DERBIO,ONOCUR,0.8612588473447405
DERBIO,YATDOP,0.8595921159199444
DERBIO,XALMOO,0.8587872617982584
DERBIO,XALMII,0.8587750854969132
DERBIO,CEYPUT,0.844385782708011
DERBIO,OJOBAS,0.8443834004942373
DERBIO,CEYPUT01,0.8443683901862027
DERBIO,VEDGAO,0.8442313172221251
DERBIO,VEDFER,0.8442132233474593
DERBIO,VEDFAN,0.8442130774665192
DERBIO,VEDFUH,0.8441844382756797
DERBIO,BOWDIC,0.8441050382878671
DERBIO,BIPXIK,0.8440870200197061
DERBIO,ABAVUV,0.8439751446732511
DERBIO,TATSIS,0.8425901620992711
DERBIO,ERUNIQ,0.8422986359043867
DERBIO,XIHSAJ,0.8422477523840349
DERBIO,XIHSEN01,0.8418776932300257
DERBIO,LASMAV,0.8418183722305496
DERBIO,XIHSEN,0.8415701207107359
DERBIO,VEFLUP,0.8414936493033873
DERBIO,YIGGEB,0.8399899201992985
FIXLAC,DUVNIS01,0.9999901171721484
FIXLAC,VEMTAJ01,0.999974824472768
FIXLAC,JOPGIG,0.9998620769216614
FIXLAC,DUVNIS,0.9999800971791344
MIMCOD,RAVDID,0.817154929852191
DIGPER,EBEWIT,0.999999991880526
DIGPER,EBEXEQ01,0.9995295888588224
DIGPER,EBEXIU02,0.9999913064463848
QONLAI,QONKUB,0.9999999271087878
QONLAI,QONLIQ,0.9999906062968674
QONLAI,QOMSES,0.9999792979533644
QONLAI,QONLEM,0.999970265940344
QONLAI,CISLUN,0.9999648018740698
QONLAI,QONKOV,0.9999333592437616
QONLAI,PIZHOX,0.9998379415395714
QONLAI,QOMRUH,0.9997696548087696
QONLAI,QOMSAO,0.9996685213442024
QONLAI,IBUDOZ,0.9996597525376192
QONLAI,DEGJIK,0.9995241789429372
QONLAI,JAXNUU,0.9995066885906312
QONLAI,JAVNIE,0.9989894124704992
QONLAI,HOSPEL,0.9973933546305817
QONLAI,PENLEB,0.8714398864115829
QONLAI,QITZUP,0.8712767310407565
QONLAI,CEXJUN02,0.8634217093776593
QONLAI,RAJPIE,0.8547646391411354
QONLAI,RANLAV,0.8515507079599324
QOWRAV06,QOWRAV03,0.9999999756555225
QOWRAV06,QOWRAV04,0.9999999661769025
QOWRAV06,QOWRAV10,0.9999998078384787
QOWRAV06,QOWRAV,0.9999996400127592
QOWRAV06,BAZFUF01,0.9971101779083562
QOWRAV06,ICAREL,0.9909708966128832
QOWRAV06,KIJRUS,0.986347699176982
QOWRAV06,ANUGEW,0.9594693987170736
QOWRAV06,LAYXER,0.957321650574743
QOWRAV06,LAYWOA,0.9543846341303835
QOWRAV06,HEHROE,0.9527615407238303
QOWRAV06,DEKBON,0.9486707767372992
QOWRAV06,IPUPIU,0.9445892010484148
QOWRAV06,IPUPOA,0.9335419077353956
QOWRAV06,YUSWEP,0.9310784926124728
QOWRAV06,CEFNIN,0.9113970868789668
QOWRAV06,FISGOF,0.9011935412537088
QOWRAV06,LAQNID,0.8947509855918652
QOWRAV06,AZAVUU,0.8886273355094938
QOWRAV06,ORAWAH,0.8811403957123491
QOWRAV06,AVAKAL02,0.8811310503256328
QOWRAV06,ICAGOK,0.8767841279503239
QOWRAV06,KAGJOS,0.8723637824159426
QOWRAV06,HAYXIR,0.8717261775310909
QOWRAV06,ENIHUG,0.8677959877519209
QOWRAV06,MIKVEK,0.8666124390588674
QOWRAV06,LASYOU,0.862947121089123
QOWRAV06,LURRIA,0.8607539482520012
QOWRAV06,MUNDOQ,0.8594593504423694
QOWRAV06,EDOSEY,0.8572107761470189
QOWRAV06,NAPSUV,0.8564192750648052
QOWRAV06,ASIVAB,0.8526610803655084
QOWRAV06,SIXNIZ,0.8524285270863984
QOWRAV06,YIMQOD,0.8459819839803943
QOWRAV06,YOZNUY,0.8391579847298746
QOWRAV06,QAWHIH,0.8382314598199597
LIJWOR03,PADJOU01,0.9999984878105594
LIJWOR03,REZJIR,0.999995739021832
LIJWOR03,VIRJEM,0.9999954671078024
LIJWOR03,MNFORD02,0.9999912292086012
LIJWOR03,LIJWOR05,0.9999904681115768
LIJWOR03,YUKTUU,0.9999884482204672
LIJWOR03,REZJIR02,0.9999876351483856
LIJWOR03,DADTOS15,0.9999853721817248
LIJWOR03,QINSUD,0.9999734606928002
LIJWOR03,SIWPUL04,0.99997328686853
LIJWOR03,SIWPUL,0.9999715738004592
LIJWOR03,NURGUE,0.999961023922296
LIJWOR03,DADTOS02,0.9999302779761828
LIJWOR03,DADTOS11,0.9999195852112868
LIJWOR03,DADTOS01,0.9999191952519656
LIJWOR03,DADTOS08,0.999917857998274
LIJWOR03,DADTOS09,0.9999170395825449
LIJWOR03,DADTOS06,0.9999144624963068
LIJWOR03,DADTOS12,0.999914311436636
LIJWOR03,YANWOC01,0.9999112754452362
LIJWOR03,REZJIR04,0.9998213524879562
LIJWOR03,DADTOS03,0.9998184903535606
LIJWOR03,SIWPUL11,0.996545714076714
POSGEL,RUXWEM01,0.8477679645527108
IXETEM,UVAHIK,0.956253349473594
IXETEM,WIZMAV12,0.956207031997502
IXETEM,WIZMAV11,0.9561948088733888
IXETEM,WIZMAV04,0.9561935285836932
IXETEM,WIZMAV08,0.9561934247127222
IXETEM,ERARUM,0.9561664177980308
IXETEM,ERANAO,0.9462040605474132
IXETEM,HERHAQ,0.9151079140389344
IXETEM,GERBEN,0.9144226728157432
IXETEM,EMIYUW,0.9136312535814436
IXETEM,HERHEU,0.913163578266598
IXETEM,YEYCUC,0.9106076585758598
IXETEM,XIJVIY,0.9104929273144828
IXETEM,ESEBOV,0.9089395777100832
IXETEM,UNEJEE,0.9085305985629718
IXETEM,RUBTAK05,0.9082474084041756
IXETEM,UFOSEQ,0.9082472764150592
IXETEM,SURLEY,0.9082472319653913
IXETEM,RUBTAK03,0.9082472166679368
IXETEM,SURHEU02,0.9082472031240574
IXETEM,UFOSOA,0.9082471046963008
IXETEM,BUNLAZ,0.9068380131403764
IXETEM,DITJOH,0.885672822385913
IXETEM,IZIBUQ,0.871809561974602
IXETEM,RIBSAZ,0.8657302974125006
IXETEM,DODBUV,0.8646480686624289
IXETEM,VIKSEQ,0.8600029301831869
IXETEM,VIKSIU,0.8600020982555519
IXETEM,VIKRUF,0.8599915301501989
IXETEM,VIKRIT,0.8596959781932997
IXETEM,HICNOZ,0.8441475761385726
IXETEM,HERHUK,0.8403091484886283
BAZFUF01,AVAKEP02,0.8654979068970007
BAZFUF01,BAZFUF,0.999999950851676
BAZFUF01,ICAREL,0.9982796470497776
BAZFUF01,QOWRAV10,0.997156981684812
BAZFUF01,QOWRAV09,0.9971488502727364
BAZFUF01,QOWRAV11,0.997144173509199
BAZFUF01,QOWRAV08,0.9971346790902964
BAZFUF01,QOWRAV07,0.9971247832255016
BAZFUF01,QOWRAV05,0.9970960033882807
BAZFUF01,QOWRAV04,0.997090428735212
BAZFUF01,BAZGAM,0.9956818049607942
BAZFUF01,LIGQEA,0.995175047878594
BAZFUF01,KIJRUS,0.9948895610026623
BAZFUF01,NAFSOF,0.9914441436793724
BAZFUF01,ANUGEW,0.9696291874138208
BAZFUF01,LAYWOA,0.9665646749086694
BAZFUF01,ANUGOG,0.9623169153153968
BAZFUF01,EXOGAB,0.9148827504453748
BAZFUF01,CEFNIN,0.914257879492312
BAZFUF01,FISGOF,0.9073257706198168
BAZFUF01,LAQNID,0.901015418026494
BAZFUF01,AZAVUU,0.8970317660400787
BAZFUF01,AVAKAL02,0.8855533169311153
BAZFUF01,ICAGOK,0.8840615933407284
BAZFUF01,WURNOO,0.8817265550865775
BAZFUF01,ONIXOZ,0.8710968505803278
BAZFUF01,SEMNIJ,0.8697170067702835
BAZFUF01,LURRIA,0.8660913528113849
BAZFUF01,LASYOU,0.8650825393185967
BAZFUF01,EDOSEY,0.8608011437689691
BAZFUF01,NAPSUV,0.8606799011632034
BAZFUF01,SIXNOF,0.8588463576380991
BAZFUF01,YIMQOD,0.8459460274983449
BAZFUF01,NIGDIS,0.8430162377093999
BAZFUF01,QAWHIH,0.84011976927823
BAZFUF01,YOZNEI,0.8399295276019602
BAZFUF01,YOZMIL,0.839896379410003
BAZFUF01,YOZNIM,0.8398897844128068
BAZFUF01,XAMDUM06,0.8398774140724682
BAZFUF01,UXISUR,0.8398608333849871
BAZFUF01,XAMDUM01,0.8398506990227004
BAZFUF01,RILFEA,0.8398502204134932
BAZFUF01,LUDLIH,0.8398268908436324
BAZFUF01,XAMDUM04,0.8397914701080736
BAZFUF01,BODPAN,0.8397792774289038
BAZFUF01,OQIZUL,0.8397563434322477
BAZFUF01,XAMDUM02,0.8397558181865147
BAZFUF01,DOTSOV42,0.8395559058347384
BAZFUF01,DOTSOV15,0.8395366089663749
BAZFUF01,DOTSOV14,0.8395364261730731
BAZFUF01,DOTSOV08,0.8395351106394711
BAZFUF01,DOTSOV12,0.8395350907204727
BAZFUF01,DOTSOV16,0.8395350833162487
BAZFUF01,DOTSOV02,0.838100033402672
AVAKAL02,NAYZOE,0.9625341380290784
AVAKAL02,XAWVUN,0.9565745488546592
AVAKAL02,XEBHOC,0.955046435472533
AVAKAL02,BAZFUF,0.8855469198928188
AVAKAL02,ICAREL,0.885019976879485
AVAKAL02,CEFNIN,0.8831473250579245
AVAKAL02,BAZGAM,0.883034095992886
AVAKAL02,KIJRUS,0.88197359554045
AVAKAL02,QOWRAV,0.8812119462168101
AVAKAL02,QOWRAV09,0.8811799359034055
AVAKAL02,QOWRAV11,0.8811740202794942
AVAKAL02,QOWRAV12,0.8811700267761553
AVAKAL02,QOWRAV08,0.8811620140117642
AVAKAL02,QOWRAV07,0.8811495046026617
AVAKAL02,QOWRAV05,0.8811131498560797
AVAKAL02,QOWRAV04,0.8811061123826028
AVAKAL02,LIGQEA,0.8787529873809026
AVAKAL02,ANUGEW,0.8630052222985751
AVAKAL02,LAYXER,0.8619936484547854
AVAKAL02,LAYWOA,0.8604922934451096
AVAKAL02,LAYXAN,0.8596662629799696
AVAKAL02,HEHROE,0.8596136079156115
AVAKAL02,DEKBON,0.8572719828259474
CEFNIN,AZAVUU,0.9824341543535352
CEFNIN,BAZFUF,0.9142578740148144
CEFNIN,KIJRUS,0.9138093933690956
CEFNIN,ICAREL,0.9125489398376248
CEFNIN,QOWRAV10,0.9114433878577692
CEFNIN,QOWRAV09,0.9114353482559528
CEFNIN,QOWRAV11,0.9114307025144656
CEFNIN,QOWRAV12,0.9114275646551332
CEFNIN,QOWRAV07,0.9114115383599692
CEFNIN,QOWRAV03,0.911380517114574
CEFNIN,QOWRAV04,0.9113775578229512
CEFNIN,LIGQEA,0.9094886534069914
CEFNIN,ANUGEW,0.8882027943014408
CEFNIN,LAYXER,0.8869772855372323
CEFNIN,LAYWOA,0.8851722759203973
CEFNIN,HEHROE,0.8841358792766695
CEFNIN,ANUGIA,0.8833393653269827
CEFNIN,ICAGOK,0.8817602223591936
CEFNIN,KAGJOS,0.880636526523192
CEFNIN,WURNOO,0.8793509206880479
CEFNIN,YUSWEP,0.8583436736703349
CEFNIN,EXOGAB,0.857045021350257
CEFNIN,HAYXIR,0.8508641419802343
CEFNIN,RUJMEQ,0.8504211925880961
CEFNIN,MUNDOQ,0.8448426239074273
IJISOK,KODSUT,0.8269285110721658
MIBQAR06,MIBQAR07,0.9999998950521644
LIJWOR,LIJWOR02,0.9999994936497484
LIJWOR,LIJWOR06,0.999998244288919
LIJWOR,DADTOS17,0.999997582595461
LIJWOR,PADJOU01,0.9999955312718402
LIJWOR,MNFORD02,0.9999954025163093
LIJWOR,VIRJEM,0.9999898953509284
LIJWOR,YUKTUU,0.9999808628472558
LIJWOR,YUKTUU01,0.9999806338560092
LIJWOR,QINSUD,0.9999802510457364
LIJWOR,REZJIR02,0.9999799050023074
LIJWOR,SIWPUL04,0.999979756868456
LIJWOR,SIWPUL,0.9999784043443756
LIJWOR,DADTOS15,0.9999769748309268
LIJWOR,NURGUE,0.9999747818576749
LIJWOR,DADTOS13,0.9999286459222776
LIJWOR,YANWOC02,0.9999218322627286
LIJWOR,DADTOS02,0.9999146603670632
LIJWOR,DADTOS,0.9999059313810512
LIJWOR,DADTOS04,0.9999036963324828
LIJWOR,DADTOS01,0.999902560116782
LIJWOR,YANWOC01,0.9998939229598494
LIJWOR,YANWOC,0.999860786006158
LIJWOR,DADTOS10,0.9998591971028647
LIJWOR,DADTOS07,0.9998056274878192
LIJWOR,REZJIR04,0.9997978265108224
LIJWOR,ATIBOU02,0.9978828356309996
LIJWOR,SIWPUL11,0.9964497448262228
MIKVEK,ONIXOZ,0.9987878149229656
MIKVEK,ORAWAH,0.992729991022132
MIKVEK,EXOGAB,0.940869297760161
MIKVEK,NEMCOA,0.9364193839574952
MIKVEK,HIDTUM,0.936268485349632
MIKVEK,ANUGOG,0.9338710400266592
MIKVEK,GAVDUD,0.9329897320551566
MIKVEK,NEHZUY,0.9329818867443358
MIKVEK,KAJZIH,0.9327745424265304
MIKVEK,QIZLIW,0.9326994060829658
MIKVEK,WULJUJ,0.9308573232484116
MIKVEK,DOTSOV02,0.9308423904539788
MIKVEK,DOTSOV12,0.9306041814878164
MIKVEK,DOTSOV16,0.9306035443432412
MIKVEK,DOTSOV08,0.9306034925146058
MIKVEK,DOTSOV14,0.9306016614553828
MIKVEK,DOTSOV10,0.9306006654731374
MIKVEK,DOTSOV15,0.9306006642597996
MIKVEK,DOTSOV13,0.9305976339800696
MIKVEK,XAMDUM02,0.9300905857704288
MIKVEK,BODPAN,0.9300663646648404
MIKVEK,XAMDUM04,0.9300273043915298
MIKVEK,LUDLIH,0.929936239073262
MIKVEK,XAMDUM01,0.9298660341857709
MIKVEK,UXISUR,0.929835132193005
MIKVEK,YOZMEH,0.9298349603639108
MIKVEK,XAMDUM,0.9298342557585616
MIKVEK,FIQCEN,0.9298198574789076
MIKVEK,XAMDUM06,0.9297842995047384
MIKVEK,YOZNIM,0.9297460170380888
MIKVEK,YOZMIL,0.9297260695900944
MIKVEK,YOZNEI,0.9296153818606188
MIKVEK,DIHVIB,0.9295358756400376
MIKVEK,TISPAO,0.9280246218155952
MIKVEK,QAWHIH,0.9259330407560328
MIKVEK,YOZNUY,0.9237761824743224
MIKVEK,LAYXER,0.9192471875281236
MIKVEK,ANUGEW,0.9192138655316552
MIKVEK,LAYXAN,0.9188951791837529
MIKVEK,HEHROE,0.9188822631949614
MIKVEK,YOZNOS,0.918109252583586
MIKVEK,IPUPIU,0.9143165078228624
MIKVEK,HANWAW,0.9122951345299932
MIKVEK,JALPAQ,0.8909505846686215
MIKVEK,IXAJUN,0.8909334597470095
MIKVEK,XICKOL,0.889891583956471
MIKVEK,NIGDIS,0.8891051910994079
MIKVEK,NAFSOF,0.8826885254465866
MIKVEK,ICAREL,0.8818882317313956
MIKVEK,EPISOM,0.8816935591390431
MIKVEK,KIJRUS,0.8806427167285292
MIKVEK,FAMQAO,0.8792954392108407
MIKVEK,FALTUK,0.8792827424750658
MIKVEK,NAPSUV,0.8788716212493444
MIKVEK,OKABAE,0.8730151088105367
MIKVEK,RUJMEQ,0.8726958930810909
MIKVEK,DALSOA,0.8723299026824213
MIKVEK,HUJGEA,0.8668990829649152
MIKVEK,QOWRAV,0.8667631977913115
MIKVEK,QOWRAV09,0.8667034657796986
MIKVEK,QOWRAV11,0.8666924369835038
MIKVEK,QOWRAV05,0.8665791659328899
MIKVEK,QOWRAV03,0.8665731242552764
MIKVEK,XITYOP,0.8648756382293091
MIKVEK,CITXUZ,0.8635394252005901
MIKVEK,SEMNIJ,0.8633875893657641
MIKVEK,RAWYAS,0.8633125801075262
MIKVEK,EXOYAS,0.8624274191749258
MIKVEK,LIGQEA,0.8624118689840501
MIKVEK,LURRIA,0.8623029380455962
MIKVEK,ENIHUG,0.8606926416337388
MIKVEK,IDUDES,0.8606630134352315
MIKVEK,ENIHUG01,0.8605905159417476
MIKVEK,IWEVAJ,0.8601465967434873
MIKVEK,IXAKAU,0.8594637716307335
MIKVEK,FISGOF,0.8588506794175575
MIKVEK,UWALEL,0.8558189050794489
MIKVEK,CEZYOY,0.8543191614715441
MIKVEK,HOGLEV01,0.8526243299074583
MIKVEK,ALIXUP,0.8524381433234589
MIKVEK,HOGLEV,0.8524026126307029
MIKVEK,PIDRAY,0.8522883069683187
MIKVEK,GERWEH,0.8498659598049157
MIKVEK,YUGLES,0.8482679700503191
MIKVEK,NUTQAV,0.847516731581319
MIKVEK,MOCKEV,0.8464205543257721
MIKVEK,MOFGOE,0.8431685373157076
MIKVEK,PAMQIF,0.8426594678729779
MIKVEK,HUCBOX,0.8418335916723384
HEHROE,LAYWOA,0.9999668967166252
HEHROE,LAYXER,0.9997188751151046
HEHROE,ANUGEW,0.9993543637117304
HEHROE,ANUGOG,0.98309222164748
HEHROE,NAFSOF,0.9743396570496174
HEHROE,IPUPOA,0.9742607666822805
HEHROE,BAZGAM,0.973024829075201
HEHROE,KIJRUS,0.9705041890391708
HEHROE,QOWRAV,0.952933644575616
HEHROE,QOWRAV10,0.9528873474399652
HEHROE,QOWRAV11,0.9528528528828156
HEHROE,QOWRAV12,0.9528443566128862
HEHROE,QOWRAV08,0.952827315358416
HEHROE,QOWRAV07,0.9528007274371088
HEHROE,QOWRAV05,0.9527235714903552
HEHROE,QOWRAV04,0.9527086552060542
HEHROE,EXOGAB,0.9452966652191144
HEHROE,LAQNID,0.925156875062578
HEHROE,ONIXOZ,0.9190242779417276
HEHROE,ORAWAH,0.9083924763451864
HEHROE,LASYOU,0.8939568596486176
HEHROE,EPISOM,0.8853326485566395
HEHROE,ENIHUG,0.8841049626093196
HEHROE,AZAVUU,0.8774254307498733
HEHROE,HAYXIR,0.8746170491023126
HEHROE,IXAJUN,0.8727828664326183
HEHROE,NIGDIS,0.869119526092587
HEHROE,HIDTUM,0.8659177677803676
HEHROE,NEMCOA,0.8656766352526575
HEHROE,SEMNIJ,0.8655504504749421
HEHROE,WURNOO,0.8650274698035894
HEHROE,LURRIA,0.8646715384031188
HEHROE,ICAGOK,0.863161380089026
HEHROE,SIXNEV,0.8628144862292849
HEHROE,ASIVAB,0.8618754603189944
HEHROE,KIRFOI,0.8572688961974179
HEHROE,OHOMIH,0.855012358293299
HEHROE,KAJZIH,0.8550061214863488
HEHROE,QIZLOC,0.855004253475973
HEHROE,NEHZUY,0.8548061079103333
HEHROE,GAVDUD,0.8547894430260717
HEHROE,WULJUJ,0.8508304877216128
HEHROE,DOTSOV02,0.8508148412895531
HEHROE,DOTSOV16,0.8503805200500659
HEHROE,DOTSOV12,0.8503804799952629
HEHROE,DOTSOV08,0.8503804484988425
HEHROE,DOTSOV15,0.85037652217328
HEHROE,DOTSOV42,0.8503254088536261
HEHROE,BODPAN,0.8496414912930925
HEHROE,XAMDUM04,0.8495739393370991
HEHROE,UXISUR,0.8493350576720444
HEHROE,YOZMEH,0.8493348335335295
HEHROE,FIQCEN,0.8493146458955101
HEHROE,LUDLED,0.8492854066548516
HEHROE,XAMDUM06,0.849267176091898
HEHROE,YOZNIM,0.8492151330705922
HEHROE,YOZMIL,0.8491863367209327
HEHROE,DIHVIB,0.848937294745738
HEHROE,YOZPAG,0.8486321757294
HEHROE,TISPAO,0.8469838200010769
HEHROE,QAWHIH01,0.8445230469437317
HEHROE,QAWHIH,0.8443866083346712
HEHROE,OQIZUL,0.8418240787380059
HEHROE,HANWAW,0.8414881150814593
YOZPAG,YOZMIL,0.999987163650939
YOZPAG,YOZNIM,0.9999858859198556
YOZPAG,XAMDUM06,0.9999831860711808
YOZPAG,LUDLED,0.9999821797295868
YOZPAG,FIQCEN,0.999980501153202
YOZPAG,RILFEA,0.9999766238503658
YOZPAG,LUDLIH,0.9999689006963046
YOZPAG,XAMDUM04,0.9999561054422104
YOZPAG,BODPAN,0.9999559256902132
YOZPAG,XAMDUM02,0.9999367465105476
YOZPAG,DOTSOV42,0.9998685266096788
YOZPAG,DOTSOV13,0.9998605052342864
YOZPAG,DOTSOV15,0.9998597724519638
YOZPAG,DOTSOV10,0.9998597721084346
YOZPAG,DOTSOV14,0.99985968411301
YOZPAG,DOTSOV08,0.999859086320902
YOZPAG,DOTSOV16,0.9998590738007326
YOZPAG,DOTSOV12,0.999859072527398
YOZPAG,QAWHIH,0.999453206811525
YOZPAG,WULJUJ,0.9987213335436798
YOZPAG,DOTSOV02,0.9986993106854208
YOZPAG,QIZLIW,0.9981130202812232
YOZPAG,NEHZOS,0.9958308283396692
YOZPAG,GAVDUD,0.9958088621154308
YOZPAG,KAJZIH,0.9942534529586414
YOZPAG,QIZLOC,0.9932858664421232
YOZPAG,LASYOU,0.9467526433865232
YOZPAG,ONIXOZ,0.9239363459939864
YOZPAG,IWEVAJ,0.9186105183913468
YOZPAG,RAWYAS,0.918566123832952
YOZPAG,CITXUZ,0.9180603975195778
YOZPAG,GERWEH,0.9082468760980942
YOZPAG,YUGLES,0.908107405891218
YOZPAG,NUTQEZ,0.9078795925981392
YOZPAG,OFOCUI,0.907804106290062
YOZPAG,XIJSUH,0.9076594250278976
YOZPAG,MOCKEV,0.9076582202831148
YOZPAG,MOCKAR,0.9076549721360768
YOZPAG,EXOGAB,0.9074525563098416
YOZPAG,HOGLEV01,0.9073140839724302
YOZPAG,HANWAW,0.9059429168273048
YOZPAG,ALIXUP,0.8994371278022593
YOZPAG,HUCBOX01,0.8971314696803325
YOZPAG,RAHBOU,0.8967494231816385
YOZPAG,PAMQIF,0.8966056488123073
YOZPAG,VUJBIM,0.8957173769388479
YOZPAG,MOBDIR,0.8955552026094802
YOZPAG,GIKMOD,0.8932415058406218
YOZPAG,GINTUT,0.88727135277859
YOZPAG,VIXPUP01,0.8869354085939832
YOZPAG,RUVKAV,0.8868614130033654
YOZPAG,VIXPUP,0.8863828087717868
YOZPAG,LUDLAZ,0.8857279015164595
YOZPAG,USEVOF,0.8850741922978992
YOZPAG,EMUBOF,0.8850130498622549
YOZPAG,XEDMEB,0.884512913843479
YOZPAG,IPUPOA,0.8845028882480013
YOZPAG,ADONEP,0.8842806006352419
YOZPAG,ANUGOG,0.8778582755394566
YOZPAG,ANUGIA,0.877683608597509
YOZPAG,DICKEH,0.8767757529824797
YOZPAG,HIDTUM,0.8725922199434757
YOZPAG,KIRFOI,0.865266319282826
YOZPAG,IWEQAD,0.8609842761144524
YOZPAG,NIGDIS,0.8608385145563398
YOZPAG,TEKYOA,0.8607534244094842
YOZPAG,OGEBAF,0.8582542709765093
YOZPAG,OGEBAF01,0.8580473753703787
YOZPAG,XITYOP,0.857027841452179
YOZPAG,IXAJUN,0.8569035344202249
YOZPAG,IDUDIW,0.8558338922122483
YOZPAG,FAMQES,0.853553345466329
YOZPAG,FAMQAO,0.8535482077933407
YOZPAG,EDOSEY,0.8534969300736065
YOZPAG,EPISOM,0.8523170989694339
YOZPAG,ANUGEW,0.85203712313884
YOZPAG,LAYXER,0.8510209808844746
YOZPAG,MAVRAE,0.8508521884969374
YOZPAG,LAYWOA,0.849513858458757
YOZPAG,WARXUL,0.847955060219455
YOZPAG,RUJMEQ,0.8462423125563763
YOZPAG,ICAREL,0.8394539301194537
YOZPAG,LUKLIN,0.8394478446016205
YOZPAG,ENIHUG,0.8391513056605393
YOZPAG,ENIHUG01,0.8391226647543648
YOZPAG,YIMQOD,0.8379799734749117
KAVROQ,SIWYOO,0.999994208694039
KAVROQ,TAYZUQ,0.999980358285142
KAVROQ,YUKVUW04,0.9998816558023892
KAVROQ,YANXIX02,0.9996838657974796
KAVROQ,SANMEB,0.9996613220863342
KAVROQ,AMOBEL02,0.9992396546212056
KAVROQ,TEVZOK,0.997217294101148
KAVROQ,ELUQIM07,0.9958960271272214
KAVROQ,ELUQIM06,0.9958708892759128
KAVROQ,ELUQIM04,0.9958511810241606
KAVROQ,ELUQIM01,0.9958280944634424
KAVROQ,ELUQIM13,0.9957748243066344
WOCGUR,IGAHED,0.8471747349524887
WOCGUR,OCACUR,0.8471024504969359
WOCGUR,UGECEO01,0.847051885294516
WOCGUR,UGECEO03,0.8469856010855564
WOCGUR,IGAHED01,0.8469733595852932
WOCGUR,IGAHED03,0.8466717345293109
WOCGUR,VULFOZ,0.8453685832062688
WOCGUR,KUHNEI,0.842334190627298
WOCGUR,WINCEC,0.8413792643441501
UGECEO03,IGAHED02,0.9997451927070942
UGECEO03,IGAHED,0.999718030965444
UGECEO03,KUHNEI,0.9953305998328128
UGECEO03,WINCEC,0.9918792502413596
UGECEO03,VULFOZ,0.8720038068587523
UGECEO03,XEVSIB,0.8640127146776986
UGECEO03,HABZEQ,0.8630978170764416
UGECEO03,VOSSUT,0.8399781766108819
IJOMOJ03,DADTOS10,0.99999972038206
IJOMOJ03,YANWOC,0.9999995702124556
IJOMOJ03,DIDVIW,0.9999957050464476
IJOMOJ03,REZJIR04,0.9999956846653884
IJOMOJ03,DADTOS12,0.9999954784067446
IJOMOJ03,DADTOS06,0.9999954439334264
IJOMOJ03,DADTOS09,0.9999948340444856
IJOMOJ03,DADTOS03,0.9999948151809176
IJOMOJ03,DADTOS11,0.9999941836089452
IJOMOJ03,JEDKIP01,0.999993689933966
IJOMOJ03,DADTOS,0.999993436544648
IJOMOJ03,DADTOS02,0.9999908622425095
IJOMOJ03,DADTOS13,0.999985424926633
IJOMOJ03,YUKTUU,0.999936476186692
IJOMOJ03,REZJIR03,0.9999303103348928
IJOMOJ03,PADJOU01,0.999896192873891
IJOMOJ03,DADTOS17,0.9998693253720118
IJOMOJ03,LIJWOR02,0.9998557133581252
IJOMOJ03,MNFORD02,0.9998545019405242
IJOMOJ03,LIJWOR06,0.9998531391111488
IJOMOJ03,LIJWOR05,0.9997949429036532
IJOMOJ03,IJOMOJ01,0.9997741273601624
IJOMOJ03,NURGUE,0.9997368205591286
IJOMOJ03,SIWPUL04,0.9997272885568168
IJOMOJ03,SIWPUL,0.9997217605186848
IJOMOJ03,ATIBOU02,0.9988513323612428
IJOMOJ03,SIWPUL11,0.9977467095843616
AMOMUM,NUDNUW06,0.9997447664460264
NIKYOW01,NIKYOW,0.9999998500006876
NIKYOW01,NIHBAI02,0.9999996545005082
NIKYOW01,NIHBAI01,0.999999470852368
NIKYOW01,CAJHUS01,0.9999980337633616
NIKYOW01,NIKZEN,0.9999977835585692
NIKYOW01,NIKZAJ01,0.9999966082853928
NIKYOW01,NIHBEM01,0.999983082419436
NIKYOW01,NIKYUC,0.9999599247629976
NIKYOW01,NUDPAE,0.9986818622901548
NIKYOW01,NUDPAE01,0.9986717405188776
NIKYOW01,IZIDOM,0.9973773462301918
NIKYOW01,XACLOF,0.9968803948369612
NIKYOW01,NUDNUW09,0.9967263442642696
NIKYOW01,PESTAL,0.9966901598516223
NIKYOW01,NUDNUW01,0.9965853160729402
UYAPOA,VOLRAQ,0.999539266734325
UYAPOA,GUGNON,0.9919818692904312
UYAPOA,JENKET,0.990550619709786
UYAPOA,ODUNEH,0.9523077887158136
UYAPOA,DUPKAC,0.9356291929207377
UYAPOA,REBVIG,0.9108745836104616
UYAPOA,HOLRAD,0.9070321697906988
UYAPOA,MIBQAR01,0.9070315475986916
UYAPOA,MIBQAR12,0.9069912277123456
UYAPOA,MIBQAR15,0.9069874689499652
UYAPOA,VUSKEA,0.9069590218676972
UYAPOA,IFABIA01,0.9047719352893364
UYAPOA,IFABIA02,0.9047477530187888
UYAPOA,REDROI,0.903960347362782
UYAPOA,VEGMOK03,0.9033186994507768
UYAPOA,VEGMOK04,0.9033143673300414
UYAPOA,KOZNEU,0.9026295915639296
UYAPOA,GOSDUP,0.900635430569355
UYAPOA,FIJCUX,0.8999738212705501
UYAPOA,FIJCUX01,0.8996748533437458
UYAPOA,RUYGOJ,0.8923666167335438
UYAPOA,WUMDIT,0.8811802107808926
UYAPOA,XAFFER,0.8782956552654462
UYAPOA,QOZSIJ,0.8777936155525384
UYAPOA,VAGMEX,0.8758196854769916
UYAPOA,XAFFAN,0.8754130790710616
UYAPOA,OKELOH,0.8703461599433205
UYAPOA,DUZPUL,0.8644367629459906
UYAPOA,UFAMEW,0.8641920418708842
UYAPOA,HIFGIO,0.8557384717158748
UYAPOA,BEWCUD,0.8554147991457216
UYAPOA,JEDDII,0.8506442434083379
UYAPOA,VANHEA,0.8489343987099455
UYAPOA,NIYZIG,0.8485618112260177
UYAPOA,EZINAE,0.8476450459031544
UYAPOA,ACODIH,0.8448820346761361
UYAPOA,PEGCIP,0.8436770482324227
UYAPOA,FECYUJ,0.8415750886294163
UYAPOA,EJIQIZ,0.840812881426001
UYAPOA,KUNLEL,0.8397429865537684
UYAPOA,RUPVAB,0.8387436079261384
VAGMEX,UWAGAB04,0.9998811598356996
VAGMEX,XAFFER,0.9998094876868726
VAGMEX,VIKBUP,0.9623764397822644
VAGMEX,IQOJAB,0.9390417388394464
VAGMEX,NOXMAQ,0.8807498310134959
VAGMEX,FIJCUX01,0.8779100702777303
VAGMEX,FIJCUX,0.8778832361939374
VAGMEX,KOZNEU,0.8773002375371053
VAGMEX,GATBUZ,0.8770213331728322
VAGMEX,VEGMOK04,0.8770201156220822
VAGMEX,VEGMOK03,0.8770181321056449
VAGMEX,REDROI,0.8767310970381355
VAGMEX,IFABIA02,0.8762922835830331
VAGMEX,IFABIA01,0.8762670565005279
VAGMEX,RUYGOJ,0.8752251605854162
VAGMEX,PEVQOY,0.8735250366254412
VAGMEX,MIBQAR12,0.8731506923007311
VAGMEX,HOLRAD,0.8730480632938065
VAGMEX,UKOLOV,0.8653743004884363
VAGMEX,DITTEH,0.8652967518917045
VAGMEX,WUMDIT,0.8560362369806851
VAGMEX,DIRPOL,0.8551729235121208
VAGMEX,QEDZEG,0.850344680460255
VAGMEX,GOSDUP,0.8494824873073815
VAGMEX,HAZYUE,0.8382267682238116
KEJBOQ,RIGHAR,0.9996370316264492
KEJBOQ,WEBLAQ,0.9975674602349212
KEJBOQ,ROCZEQ,0.9934413283485372
KEJBOQ,ECIWIW,0.9230882793627752
KEJBOQ,IGUTUB,0.9227702220134576
KEJBOQ,IGUVIR,0.9224411039647528
KEJBOQ,GOYLUB,0.8850374776559546
KEJBOQ,XEFGUN01,0.8847139859451364
KEJBOQ,CIKCOQ,0.8791502856008001
KEJBOQ,KEPLID,0.8635560341218921
KEJBOQ,LULGIJ,0.8600699531240736
KEJBOQ,RUXWEM01,0.8435849949459776
KEJBOQ,HIBSUG,0.8434139970020702
KEJBOQ,HIBSUG02,0.8434070764016393
KEJBOQ,HIBSUG06,0.843394052262309
KEJBOQ,HIBSUG07,0.8433767695420598
KEJBOQ,HIBSUG03,0.8433119395256312
KEJBOQ,OVAJAX,0.843161276951218
KEJBOQ,ACUBOP,0.8424123562654646
KEJBOQ,ODIXIK,0.8412639966721498
KEJBOQ,ENITEB,0.8411798693134664
GURXUN01,LODZOU,0.841313177667209
GURXUN01,PAQYAJ01,0.9143482629993008
GURXUN01,IGUTUB01,0.8843257341317772
GURXUN01,ECIWIW,0.8840017742736401
GURXUN01,HIBSUG02,0.8837839296210828
GURXUN01,HIBSUG,0.8837238451717996
GURXUN01,HIBSUG01,0.8836938931154593
GURXUN01,HIBSUG07,0.8836791345820372
GURXUN01,HIBSUG03,0.8836682669997262
GURXUN01,ACUBOP,0.8826876913117747
GURXUN01,RUXWEM03,0.8784039787879097
GURXUN01,RUXWEM01,0.8781584923674379
GURXUN01,PIKYIU,0.8461218698739659
GURXUN01,DAPYAW,0.8458813964755924
GURXUN01,PIKYAM,0.8429278496467332
GURXUN01,GOYLUB,0.8388649048642391
GURXUN01,XEFGUN01,0.8384860515391319
MEWPIQ,FIJCUX01,0.8778401165282692
MEWPIQ,FIJCUX,0.8778009299896052
MEWPIQ,VEGMOK01,0.876810906299153
MEWPIQ,GATBUZ,0.8767754173554634
MEWPIQ,VEGMOK04,0.8767740506411841
MEWPIQ,VEGMOK03,0.8767718243256901
MEWPIQ,IFABIA02,0.8759819595953062
MEWPIQ,PEVQOY,0.8730100828838797
MEWPIQ,MIBQAR12,0.8726152623528985
MEWPIQ,MIBQAR07,0.8726082905611826
MEWPIQ,HIQNUS,0.8486853240488725
MEWPIQ,PIWLAL,0.8378756565901533
VIKSEQ,VIKRUF,0.9999992570296348
VIKSEQ,IZIBUQ,0.9428135228981108
VIKSEQ,WIZMAV12,0.8939518760805695
VIKSEQ,WIZMAV10,0.8939383774192022
VIKSEQ,WIZMAV09,0.893936675830898
VIKSEQ,WIZMAV,0.8939361645075877
VIKSEQ,WIZMAV11,0.893934723862613
VIKSEQ,WIZMAV04,0.8939329346123664
VIKSEQ,WIZMAV06,0.8939293085560789
VIKSEQ,HERHAQ,0.883674261681486
VIKSEQ,ERANAO,0.8828995040571629
VIKSEQ,GERBEN,0.8828921310009837
VIKSEQ,HERHUK,0.8822548664531855
VIKSEQ,EMIYUW,0.8820072206038658
VIKSEQ,HERHEU,0.8814886912426503
VIKSEQ,UFOSOA,0.8779385091750426
VIKSEQ,SURHEU02,0.8779380359903076
VIKSEQ,SURLEY,0.8779378924150013
VIKSEQ,OFOJAX,0.8590220653630933
VIKSEQ,BUNKUS,0.8481741484871682
MITSIS,MITSUE,0.9999986380479108
MITSIS,MITSAK,0.9999984533259616
MITSIS,FUMJAA,0.999982126677248
MITSIS,PARKUQ01,0.999936883113369
MITSIS,PARKUQ,0.9999352616646408
MITSIS,YEYRAY,0.9997689700508146
MITSIS,AJIJEI01,0.9200835176390978
MITSIS,AJIJEI,0.9200829410938104
MITSIS,VIDVUB,0.9080454710782926
MITSIS,LIQFEY,0.9076708227123116
MITSIS,MICJOA,0.907319998477655
MITSIS,GERWOR,0.9061677964917664
MITSIS,IJEYEC,0.8904160046269544
MITSIS,QEKLID,0.8866730430215427
MITSIS,JUVROJ,0.8775673146885679
MITSIS,VAKLIF,0.8749992011279952
MITSIS,GIYTOY,0.8735975589367371
MITSIS,GIZNOT,0.8735737261168861
MITSIS,NOLRIR,0.8731452241972075
MITSIS,VOTHOD,0.8725281378268103
MITSIS,YIKGEF,0.8721306804035651
MITSIS,GOYLUB,0.8700603207927562
MITSIS,FIPKOG01,0.8608956520436353
MITSIS,PENNAZ,0.8608881573364003
MITSIS,CIKCOQ,0.857261521735085
MITSIS,AWEJIW,0.8543200271852462
MITSIS,DAKVIW,0.8526385882714507
MITSIS,EGUHOD01,0.849545920394428
MITSIS,LUWKIZ,0.8481217468780201
MITSIS,OKOSUE,0.8462690935951976
MITSIS,TEMDIB,0.8394229497070729
MITSIS,WEVVOL,0.8387649970959563
ODODIW,YOCGAZ,0.999998352162836
ODODIW,GATBUZ,0.908247103767281
ODODIW,VEGMOK03,0.9082469874889152
ODODIW,KOZNEU,0.90823344315726
ODODIW,REDROI,0.9082138830665388
ODODIW,IFABIA02,0.9080245164517676
ODODIW,FIJCUX,0.9078231920565925
ODODIW,FIJCUX01,0.90775312530536
ODODIW,PEVQOY,0.9068733553092309
ODODIW,VUSKEA,0.906709919721578
ODODIW,MIBQAR15,0.9066721627029982
ODODIW,MIBQAR12,0.906660992272073
ODODIW,MIBQAR01,0.906607252606804
ODODIW,HOLRAD,0.9066016350805348
ODODIW,PIWLIT,0.8650635248839427
ODODIW,PIWLAL,0.8647577323322835
ODODIW,DAWCIP,0.8607853271628845
ODODIW,NEHGIS,0.8607326941978853
ODODIW,DARYIF,0.842724460334032
ODODIW,NAWXER,0.8413995975587889
ODODIW,BUVNIR,0.8401941477536052
RUPVAB,IJEXIF01,0.9932118669232562
RUPVAB,PERQUB,0.991242117717866
RUPVAB,NIWYID,0.991206321992468
RUPVAB,REGREC,0.9894601389553594
RUPVAB,FUVBAB,0.9861521843592416
RUPVAB,PEJPEB,0.9852198773408803
RUPVAB,NANYUX01,0.984455663921194
RUPVAB,VEHKAW,0.9842903050302984
RUPVAB,NANYUX03,0.9842151295100288
RUPVAB,FUTZAX,0.9817429573448
RUPVAB,JEDVIA,0.9780035145317914
RUPVAB,DUZPUL,0.9449090234153098
RUPVAB,UFAMEW,0.9442828022403776
RUPVAB,YOZYUJ,0.928734001238992
RUPVAB,QUQFEO,0.9207862980329108
RUPVAB,EXOXUL,0.919939754279032
RUPVAB,MOHLIF,0.9049675705566506
RUPVAB,REBVIG,0.8973129493242668
RUPVAB,FUDGIW,0.8959770352431545
RUPVAB,JOVYAW,0.8947962428044629
RUPVAB,EGIKUB01,0.8918423872965457
RUPVAB,DUNXUH13,0.8854709908215689
RUPVAB,REFVEF,0.885459142723464
RUPVAB,DUNXUH,0.8851497912793205
RUPVAB,WIMWIA,0.8846967530301555
RUPVAB,BOWJAA,0.8789523858484714
RUPVAB,NUFCAU,0.8776859563419716
RUPVAB,DITTEH,0.8766308061221512
RUPVAB,NUFBOH,0.8735078437765061
RUPVAB,DOYHOQ,0.872030204876336
RUPVAB,NUFBEX,0.8716332480158869
RUPVAB,MIBQAR01,0.8714920204205383
RUPVAB,MIBQAR07,0.8714169353743592
RUPVAB,MIBQAR12,0.8714125455304125
RUPVAB,MIBQAR15,0.8713956696256859
RUPVAB,VUSKEA,0.8713381396131521
RUPVAB,PEVQOY,0.8710749557752774
RUPVAB,APACAX,0.8680652068373417
RUPVAB,IFABIA02,0.8668003177814634
RUPVAB,REDROI,0.8661397884643371
RUPVAB,VEGMOK03,0.8653237042651496
RUPVAB,VEGMOK04,0.8653174124241682
RUPVAB,GATBUZ,0.8653135464400248
RUPVAB,VEGMOK01,0.8652121028109145
RUPVAB,KOZNEU,0.8643268130568105
RUPVAB,GEYLEE,0.8609470308355807
RUPVAB,FIJCUX,0.8606320050370639
RUPVAB,LASMUP,0.8580019647060956
RUPVAB,ADUVAZ,0.8576264852061151
RUPVAB,UKOLUD,0.8530539141121979
RUPVAB,HEZKIH,0.8518187414283431
RUPVAB,SOWCOY,0.8492605440767851
RUPVAB,WEHHOI,0.8466347949660814
RUPVAB,WEHJAW,0.846571144225837
RUPVAB,FECYUJ,0.8448338878365323
RUPVAB,MIMRAB01,0.8426458829284986
RUPVAB,WORKUL,0.8423174364717428
RUPVAB,REYCEF,0.8399470102060788
RUPVAB,VOLRAQ,0.8392879328491549
RUPVAB,UVUFUO,0.8386439262983162
MEFHUC,QEJBIT,0.8566734782315129
MEFHUC,WOBHEB,0.8407387472431234
IXISOZ02,SIKYER,0.9995453338201848
QOWRAV09,QOWRAV11,0.999999998072716
QOWRAV09,QOWRAV07,0.9999999491333862
QOWRAV09,QOWRAV03,0.9999997317020464
QOWRAV09,LIGQEA,0.9997399587173714
QOWRAV09,BAZFUF,0.9971724092872186
QOWRAV09,ICAREL,0.9910389321199292
QOWRAV09,KIJRUS,0.9864236735682756
QOWRAV09,BAZGAM,0.986204404328587
QOWRAV09,ANUGEW,0.9595562330222152
QOWRAV09,LAYXER,0.9574143469425808
QOWRAV09,ANUGOG,0.9568806447668328
QOWRAV09,LAYWOA,0.9544847160612168
QOWRAV09,LAYXAN,0.9529608799660096
QOWRAV09,IPUPIU,0.9446311388733076
QOWRAV09,YUSWEP,0.9311101375986442
QOWRAV09,FISGOF,0.90125378528982
QOWRAV09,LAQNID,0.8948121061186817
QOWRAV09,KAGJOS,0.8724458138150095
QOWRAV09,WURNOO,0.8721871157598137
QOWRAV09,ENIHUG,0.8678281998797179
QOWRAV09,LURRIA,0.8608086358980511
QOWRAV09,MUNDOQ,0.8595537246573216
QOWRAV09,EDOSEY,0.8572541214138689
QOWRAV09,NAPSUV,0.8564670849123817
QOWRAV09,SIXNOF,0.8512681532668436
QOWRAV09,SIXNEV,0.8510540414974009
QOWRAV09,YOZNUY,0.83918127453064
QOWRAV09,QAWHIH,0.838263440391739
QOWRAV09,QAWHIH01,0.8382039726034556
XAMDUM04,XAMDUM02,0.9999963609022072
XAMDUM04,XAMDUM,0.9999915957266496
XAMDUM04,YOZMIL,0.99998905526876
XAMDUM04,YOZNIM,0.9999889013837936
XAMDUM04,YOZNEI,0.9999847276791476
XAMDUM04,DOTSOV11,0.999962894033519
XAMDUM04,DOTSOV16,0.9999622450986756
XAMDUM04,QAWHIH,0.999119046484051
XAMDUM04,YOZNUY,0.9982605783429908
XAMDUM04,NEHZOS,0.9965845800903402
XAMDUM04,GAVDUD,0.9965672848923768
XAMDUM04,NEHZUY,0.996501132851656
XAMDUM04,KAJZIH,0.9951444007820562
XAMDUM04,QIZLOC,0.9942692033615432
XAMDUM04,YOZNOS,0.992041461414516
XAMDUM04,YOZMUX,0.9883125754199156
XAMDUM04,LASYOU,0.9464666210838772
XAMDUM04,DALSOA,0.93299875616694
XAMDUM04,ONIXOZ,0.92506404900939
XAMDUM04,GERWEH,0.9082100156707742
XAMDUM04,HOGLEV,0.9078062708016232
XAMDUM04,EXOGAB,0.9077633159214732
XAMDUM04,NUTQAV,0.9077093353938276
XAMDUM04,XIJSUH,0.9073147812181156
XAMDUM04,ALIXUP,0.9005485778157107
XAMDUM04,PIDRAY,0.9001657346767684
XAMDUM04,MOBDIR,0.8959689493054019
XAMDUM04,GIKMOD01,0.8932591044030999
XAMDUM04,GINTUT,0.8872919991822767
XAMDUM04,VIXPUP01,0.887128230745697
XAMDUM04,IPUPIU,0.8870468881738975
XAMDUM04,IPUPOA,0.885113111896626
XAMDUM04,KANMIX,0.8850408061344442
XAMDUM04,WANJIF,0.8849460697092573
XAMDUM04,EMUBOF,0.8848699188343041
XAMDUM04,XEDMEB,0.8847627286700632
XAMDUM04,ADONEP,0.8845958905326757
XAMDUM04,EXAXAE,0.882252390179084
XAMDUM04,EMUBIZ,0.8819018921299154
XAMDUM04,ANUGIA,0.8774319897161094
XAMDUM04,DICKEH,0.877159190933729
XAMDUM04,HIDTUM,0.8734533619167903
XAMDUM04,LAQNID,0.869139456622767
XAMDUM04,OKABAE,0.8671575385858643
XAMDUM04,KIRFOI,0.8660045599534206
XAMDUM04,IWEQAD,0.8611015481670312
XAMDUM04,TOVWAE,0.8607929905732821
XAMDUM04,XICKOL,0.8606645293213646
XAMDUM04,XITYOP,0.8578064632683562
XAMDUM04,IXAJUN,0.8576648421343182
XAMDUM04,IDUDIW,0.8567059097908587
XAMDUM04,FAMQAO,0.8535328161493114
XAMDUM04,FAMPUH,0.8535202385789398
XAMDUM04,EDOSEY,0.853359580509065
XAMDUM04,LAYWOA,0.8503861950317267
XAMDUM04,WARXUL,0.8488340849279895
XAMDUM04,DEKBON,0.8473893715408216
XAMDUM04,RUJMEQ,0.8463590973077391
XAMDUM04,UWALEL,0.8451400682404866
XAMDUM04,BAZFUF,0.8397824480535493
XAMDUM04,ICAREL,0.8397499959507069
XAMDUM04,LUKLIN,0.8397453669733587
XAMDUM04,SEMNIJ,0.8395538722095034
XAMDUM04,ENIHUG,0.8388217027691134
XAMDUM04,ENIHUG01,0.8387856437997732
ANUGIA,ANUGEW,0.9828604931814704
ANUGIA,LAYWOA,0.9796922530293388
ANUGIA,DEKBON,0.9758338569102922
ANUGIA,BAZFUF,0.9629038723154228
ANUGIA,ICAREL,0.960958255299268
ANUGIA,EXOGAB,0.960890613935003
ANUGIA,QOWRAV10,0.960347633148374
ANUGIA,QOWRAV11,0.9603354692995094
ANUGIA,QOWRAV12,0.9603324702887618
ANUGIA,QOWRAV08,0.9603264515392362
ANUGIA,QOWRAV07,0.9603170516468676
ANUGIA,QOWRAV04,0.9602844122659868
ANUGIA,LIGQEA,0.9584521459358516
ANUGIA,KIJRUS,0.9575011027445174
ANUGIA,LAQNID,0.9408019898029478
ANUGIA,ORAWAH,0.9363754931411166
ANUGIA,ONIXOZ,0.9239255068435924
ANUGIA,LASYOU,0.9225417781387424
ANUGIA,FISGOF,0.9188664213814026
ANUGIA,ENIHUG,0.9065227234603228
ANUGIA,ENIHUG01,0.906514615348408
ANUGIA,YUSWEP,0.900841535736582
ANUGIA,NAPSUV,0.9006512023936577
ANUGIA,EPISOM,0.8983294655588767
ANUGIA,NIGDIS,0.8855689884425876
ANUGIA,TEKYOA,0.8854054973119228
ANUGIA,SEMNIJ,0.8850246358797598
ANUGIA,XICKOL,0.884737357522199
ANUGIA,LURRIA,0.8813192119656423
ANUGIA,QAWHIH,0.8779205437062734
ANUGIA,TISPAO,0.8779158598293024
ANUGIA,DIHVIB,0.8776147012339012
ANUGIA,YOZMIL,0.8775512467800001
ANUGIA,XAMDUM06,0.8775294231879434
ANUGIA,LUDLED,0.8775243658857516
ANUGIA,XAMDUM,0.8775107366407151
ANUGIA,XAMDUM01,0.8774988003057931
ANUGIA,DOTSOV13,0.8771485642246896
ANUGIA,DOTSOV11,0.8771483954283391
ANUGIA,DOTSOV14,0.8771465865685405
ANUGIA,DOTSOV08,0.8771451400339398
ANUGIA,DOTSOV16,0.8771451098606161
ANUGIA,WULJUJ,0.875678541700071
ANUGIA,DOTSOV02,0.8756553004051089
ANUGIA,NEMCOA,0.8745847859142986
ANUGIA,HIDTUM,0.8728624939496811
ANUGIA,NEHZOS,0.8713645417095338
ANUGIA,GAVDUD,0.8713370310542249
ANUGIA,NEHZUY,0.8712489135466577
ANUGIA,YOZNOS,0.8708866492583967
ANUGIA,HAYXIR,0.8704634924509975
ANUGIA,KAJZIH,0.8694180112276708
ANUGIA,OHOMIH,0.8680305550441924
ANUGIA,YOZMUX,0.8674868893379145
ANUGIA,KIRFOI,0.8657962635951064
ANUGIA,HANWAW,0.8558656245871424
ANUGIA,ASIVAB,0.8547813545363314
ANUGIA,SIXNIZ,0.8546779712736965
ANUGIA,SIXNEV,0.8539969058803292
ANUGIA,WURNOO,0.8527614544593203
ANUGIA,ADASEF,0.8507495033970826
FISGOF,LURRIA,0.949699982976486
FISGOF,ANUGOG,0.9199242458958676
FISGOF,ICAREL,0.90812467735894
FISGOF,YUGLES,0.9074535434451192
FISGOF,ANUGEW,0.9073438430974894
FISGOF,BAZFUF,0.9073122670458306
FISGOF,BAZGAM,0.9068270006443264
FISGOF,KIJRUS,0.9054647530455768
FISGOF,LAYWOA,0.9054543986560664
FISGOF,LAYXAN,0.9047991756141656
FISGOF,NAFSOF,0.9043669357138506
FISGOF,QOWRAV,0.9012932670863636
FISGOF,QOWRAV12,0.9012415687845344
FISGOF,QOWRAV08,0.9012316920462634
FISGOF,QOWRAV05,0.901171497160727
FISGOF,BIHROC,0.8998834851173056
FISGOF,DICKEH,0.8986326848157012
FISGOF,LIGQEA,0.8983233743067981
FISGOF,VUJBIM,0.8941317255211585
FISGOF,MUDTEL,0.8933035034779784
FISGOF,HABQUY,0.8871481400907731
FISGOF,QIYDIN,0.8778211387211038
FISGOF,LAQNID,0.8692729190360977
FISGOF,ORAWAH,0.8591767282008687
FISGOF,ONIXOZ,0.854592472529403
FISGOF,ENIHUG01,0.8380842651134155
VUQKAU,VUQKAU01,0.9998790319699996
VUQKAU,OCAKUB,0.9998547832385702
VUQKAU,VUQJUN01,0.998095222765886
VUQKAU,LUSHOX04,0.9471610977422515
VUQKAU,UKIQIP,0.9322556231991356
VUQKAU,DADLEC,0.9196875479287708
VUQKAU,JIYPAL,0.9012459921636976
VUQKAU,ROYMEZ,0.8796736148371163
VUQKAU,MIQCUL,0.8646591160592303
VUQKAU,IQOKIK,0.8616650914353271
VUQKAU,DAWCOV,0.8615211574011882
VUQKAU,PUGHAC,0.8545899922562393
VUQKAU,PUGFII,0.8543741180763782
VUQKAU,FEJFAE,0.8442217084528176
VUQKAU,IVEMAZ,0.8441168167489135
VUQKAU,DIWFAT,0.8438540977577733
VUQKAU,YEKJAC,0.8434216305521041
VUQKAU,YAQCEY,0.8424662589327162
VUQKAU,OSADIX,0.8379966678877313
AXINAX01,DIBQIQ,0.9998491036784452
AXINAX01,NIGPEA,0.9988442774117086
AXINAX01,MIHJUL,0.9979291865339912
AXINAX01,HELDOT,0.9977274875774202
AXINAX01,DIBQEM,0.9856460165336324
AXINAX01,MOXDOT,0.9564333049444372
AXINAX01,MOXDOT01,0.95643198182443
AXINAX01,NOMPIQ,0.9166474076814316
AXINAX01,BUKLOJ,0.9056068670477356
AXINAX01,ESEQUO,0.8954685029916882
AXINAX01,ERUNUC,0.8857297147600416
AXINAX01,JODGIU,0.8853552412193019
AXINAX01,DIDBOJ,0.8852790937757865
AXINAX01,DIDBEZ,0.8852633537797256
AXINAX01,CAXZOS,0.8852627185739173
AXINAX01,XAFFIV,0.8844426165639075
AXINAX01,AGAFAS,0.8820210922971292
AXINAX01,CAQKAJ01,0.8767143669995119
AXINAX01,FEXCES,0.8762177930133237
AXINAX01,SEQSOY,0.8756502302885151
AXINAX01,FEXCAO01,0.8754153056758007
AXINAX01,CAQJOW,0.8742083715135452
AXINAX01,YATDOP,0.8719249480642619
AXINAX01,FEVDER,0.8683494517599114
AXINAX01,AZIHOI,0.8679012425752283
AXINAX01,NIDFOX,0.864333813807459
AXINAX01,FEYJOJ,0.8632467841047815
AXINAX01,KESFIA,0.8626164488180972
AXINAX01,SIDXOV,0.8597679500509164
AXINAX01,QIQTOB,0.8590889540034206
AXINAX01,FAHQOX,0.8530535994707358
AXINAX01,RUYGAV,0.8512397027520985
AXINAX01,BELTUJ,0.8510794713990922
AXINAX01,BAKJOO,0.8439818418700407
AXINAX01,BAKJEE,0.843817174718495
AXINAX01,BAKJII,0.8433588833559955
AXINAX01,LUWZUZ01,0.8426556936156666
AXINAX01,CANYIB,0.8423017482299631
AXINAX01,TIDNIF,0.8416179901936305
AXINAX01,XIHSAJ,0.8415169235117771
AXINAX01,XIHSEN01,0.8412097143966394
AXINAX01,XIHSAJ01,0.8411999234814886
AXINAX01,VEFLUP,0.8408849729946057
AXINAX01,XAPSIS,0.8397393107772263
AXINAX01,JEDVUM,0.8391971980007382
LASYOU,ONIXOZ,0.9706235165724414
LASYOU,EXOGAB,0.9540027375345008
LASYOU,QAWHIH01,0.9471932803229786
LASYOU,QAWHIH,0.947190642269521
LASYOU,TISPAO,0.9470703199379842
LASYOU,OQIZUL,0.9469955412042242
LASYOU,YOZNEI,0.9466434659113948
LASYOU,YOZNIM,0.9465808593065684
LASYOU,XAMDUM06,0.9465627230319018
LASYOU,LUDLED,0.9465566222351044
LASYOU,FIQCEN,0.9465467596474252
LASYOU,XAMDUM,0.946540218571208
LASYOU,XAMDUM01,0.9465266594643832
LASYOU,RILFEA,0.9465252291363158
LASYOU,LUDLIH,0.9465059404955444
LASYOU,DOTSOV42,0.94613807887335
LASYOU,DOTSOV13,0.9461155535954706
LASYOU,DOTSOV15,0.9461135169323353
LASYOU,DOTSOV10,0.9461135157326588
LASYOU,DOTSOV12,0.9461124146191484
LASYOU,DOTSOV08,0.946111612753334
LASYOU,DOTSOV16,0.9461115783935355
LASYOU,WULJUJ,0.9447926595364476
LASYOU,QIZLIW,0.9430427035996614
LASYOU,YOZNOS,0.9409110850668512
LASYOU,NEHZOS,0.9398810513520705
LASYOU,GAVDUD,0.9398566846652464
LASYOU,ANUGOG,0.921575610879088
LASYOU,HANWAW,0.9212929190727344
LASYOU,LAQNID,0.9113516016961648
LASYOU,KIRFOI,0.9057418867368824
LASYOU,NIGDIS,0.9022747294819904
LASYOU,XICKOL,0.901336786931228
LASYOU,ANUGEW,0.8984071281335789
LASYOU,LAYXER,0.8970349640958373
LASYOU,IXAJUN,0.8963411914914654
LASYOU,LAYWOA,0.8950742169166614
LASYOU,NAPSUV,0.8948743908509413
LASYOU,FALTUK,0.8947284940903828
LASYOU,FAMQAO,0.8947231809016349
LASYOU,DALSOA,0.8863633548774471
LASYOU,WARXUL,0.8860995103118563
LASYOU,BABREE,0.884184927174378
LASYOU,OKABAE,0.8799721705350799
LASYOU,ENIHUG,0.8797567005909008
LASYOU,ENIHUG01,0.8797541780643627
LASYOU,HUJGEA,0.876921412249733
LASYOU,EXOYAS,0.873681624055973
LASYOU,IWEVAJ,0.8736630485924457
LASYOU,XITYOP,0.8696620695335665
LASYOU,NUTQEZ,0.8651280333279422
LASYOU,XIJSUH,0.8651213513111806
LASYOU,MOCKAR,0.86512075895309
LASYOU,NUTQAV,0.8651139711141169
LASYOU,BAZFUF,0.8650856103908393
LASYOU,YUGLES,0.8650465850315647
LASYOU,OFOCUI,0.8649164314511707
LASYOU,QOWRAV,0.8630027254646282
LASYOU,QOWRAV10,0.8629878162929469
LASYOU,QOWRAV08,0.8629684311910318
LASYOU,QOWRAV07,0.8629598258770909
LASYOU,QOWRAV05,0.8629347863989119
LASYOU,QOWRAV03,0.8629325445232463
LASYOU,HOGLEV,0.8628140416592001
LASYOU,ICAREL,0.8627801194295913
LASYOU,HOGLEV01,0.8624676595455113
LASYOU,BAZGAM,0.8600358557781533
LASYOU,CEZYOY,0.8587203115629075
LASYOU,IXAKAU,0.8586348102710557
LASYOU,NAFSOF,0.8552399131754191
LASYOU,SEMNIJ,0.8541818874646381
LASYOU,ALIXUP,0.8519723941036623
LASYOU,MOFGOE,0.8516353176700346
LASYOU,MOBDIR,0.8516302033625672
LASYOU,LURRIA,0.8508125081504636
LASYOU,GIKMOD,0.8481415814902175
LASYOU,GIKMOD01,0.8470914877677632
LASYOU,GINTUT,0.8457036309077265
LASYOU,VIXPUP01,0.8447854111542227
LASYOU,EMUBOF,0.8442354292353368
LASYOU,USEVOF,0.8440299160404359
LASYOU,KANMIX,0.8439482722189098
LASYOU,VIXPUP,0.8437609159699796
LASYOU,PAFZEE,0.8437154597646561
LASYOU,VIXPUP02,0.8436502552190135
LASYOU,WANJIF,0.8432535889004638
LASYOU,LUDLAZ,0.8427132227615539
LASYOU,XEDMEB,0.8423978433123192
IPUPOA,IPUPIU,0.996115468047528
IPUPOA,ANUGOG,0.986136120367987
IPUPOA,ANUGEW,0.9749968287517532
IPUPOA,LAYXER,0.9748912310968492
IPUPOA,LAYWOA,0.9745403633060428
IPUPOA,LAYXAN,0.9742787626571968
IPUPOA,LAQNID,0.9516464078595688
IPUPOA,BAZGAM,0.9476221154335532
IPUPOA,ICAREL,0.9473406890805532
IPUPOA,NAFSOF,0.94732456637562
IPUPOA,KIJRUS,0.94558909763581
IPUPOA,BAZFUF,0.9434875187100704
IPUPOA,QOWRAV,0.9336837037689408
IPUPOA,QOWRAV10,0.9336455730646556
IPUPOA,QOWRAV08,0.93359611542588
IPUPOA,QOWRAV05,0.9335106066428518
IPUPOA,QOWRAV04,0.9334983081564304
IPUPOA,LIGQEA,0.9295743168132832
IPUPOA,ONIXOZ,0.9174468486286396
IPUPOA,ORAWAH,0.9132887170634716
IPUPOA,ENIHUG,0.9108508253823532
IPUPOA,ENIHUG01,0.9107579883201424
IPUPOA,EPISOM,0.9100661659158048
IPUPOA,NAPSUV,0.9078635348315496
IPUPOA,EDOSEY,0.9071483823404312
IPUPOA,RUJMEQ,0.9008967344427564
IPUPOA,IXAJUN,0.8961609223129691
IPUPOA,TEKYOA,0.8952384452464662
IPUPOA,QIZLIW,0.8872089399173195
IPUPOA,GAVDUD,0.8871563227372523
IPUPOA,OHOMIH,0.8863786936306137
IPUPOA,DOTSOV16,0.8856151563421109
IPUPOA,DOTSOV08,0.8856151131294308
IPUPOA,DOTSOV14,0.8856130218705105
IPUPOA,DOTSOV10,0.8856127428798565
IPUPOA,DOTSOV11,0.8856104433235455
IPUPOA,DOTSOV13,0.8856102007610225
IPUPOA,DOTSOV42,0.8855818092441687
IPUPOA,DOTSOV02,0.8855084518269203
IPUPOA,BODPAN,0.8851577767869909
IPUPOA,XAMDUM02,0.8851553960526055
IPUPOA,LUDLIH,0.885040706424735
IPUPOA,XAMDUM01,0.8849883598283131
IPUPOA,YOZMEH,0.8849621961723567
IPUPOA,FIQCEN,0.8849492089523644
IPUPOA,XAMDUM06,0.8849186189807697
IPUPOA,TISPAO,0.883376013575556
IPUPOA,QAWHIH01,0.8815989766531794
IPUPOA,QAWHIH,0.8814978458067713
IPUPOA,MUNDOQ,0.8799646914156208
IPUPOA,YOZNUY,0.8795269262325793
IPUPOA,YOZNOS,0.8732603665715108
IPUPOA,HANWAW,0.8688662520662429
IPUPOA,YOZMUX,0.8686825851090438
IPUPOA,LURRIA,0.8677253704770882
IPUPOA,KAGJOS,0.8657820103181059
IPUPOA,HIDTUM,0.8655421383606808
IPUPOA,SIXNEV,0.8647010782123551
IPUPOA,SIXNOF,0.8646534221755531
IPUPOA,ASIVAB,0.8642443264119177
IPUPOA,ADASEF,0.8586654542804442
IPUPOA,OGEBAF01,0.8496808599472402
IPUPOA,OGEBAF,0.8496665958949043
IPUPOA,XITYOP,0.8495166347643424
IPUPOA,IDUDES,0.8442279560127421
IPUPOA,SIXNUL,0.8439225929143682
IPUPOA,WARXUL,0.8418409459931531
IPUPOA,FALTUK,0.8397548776868019
IPUPOA,CEZYOY,0.8379363363879841
QAWHIH,QAWHIH01,0.9999995501392164
QAWHIH,OQIZUL,0.999858483323785
QAWHIH,YOZNUY,0.9998541575768316
QAWHIH,DIHVIB,0.999358592454497
QAWHIH,XAMDUM06,0.9992447947975948
QAWHIH,FIQCEN,0.9992273795348844
QAWHIH,XAMDUM,0.999220244837121
QAWHIH,YOZMEH,0.999219891409077
QAWHIH,UXISUR,0.9992198078726996
QAWHIH,XAMDUM01,0.9992046046139418
QAWHIH,RILFEA,0.999203920003384
QAWHIH,XAMDUM02,0.9990720087685008
QAWHIH,DOTSOV15,0.9987598763903018
QAWHIH,DOTSOV14,0.9987595976004336
QAWHIH,DOTSOV12,0.9987577825209768
QAWHIH,QIZLIW,0.995543775292558
QAWHIH,YOZNOS,0.9930759092069832
QAWHIH,NEHZUY,0.9921629466104134
QAWHIH,KAJZIH,0.9901964471282436
QAWHIH,ORAWAH,0.9330113907836652
QAWHIH,DALSOA,0.931947718190918
QAWHIH,BABREE,0.929655641104693
QAWHIH,ONIXOZ,0.9189970283505048
QAWHIH,EXOYAS,0.9178418794791728
QAWHIH,IWEVAJ,0.9175692680605042
QAWHIH,RAWYAS,0.916204412775846
QAWHIH,CITXUZ,0.9154197615238436
QAWHIH,XIJSUH,0.9082475004754622
QAWHIH,NUTQEZ,0.9082307772460172
QAWHIH,MOCKEV,0.9082208223584164
QAWHIH,YUGLES,0.908115640287764
QAWHIH,OFOCUI,0.9078479783667756
QAWHIH,HOGLEV,0.9057035100913838
QAWHIH,EXOGAB,0.905590835207053
QAWHIH,VUJBIM,0.897065262360748
QAWHIH,MUDTEL,0.8967810939773398
QAWHIH,HUCBOX01,0.8958793034702295
QAWHIH,HUCBOX,0.8956623120884533
QAWHIH,PAMQIF,0.8949381071636121
QAWHIH,MOBDIR,0.8932819178303112
QAWHIH,GIKMOD,0.8897167353984519
QAWHIH,GIKMOD01,0.8886398945316268
QAWHIH,IPUPIU,0.8871050804599067
QAWHIH,GINTUT,0.8864818301538036
QAWHIH,RUVKAV,0.8853390072161115
QAWHIH,USEVOF,0.8846060071951547
QAWHIH,KANMIX,0.884509051978597
QAWHIH,VIXPUP,0.8844250640302289
QAWHIH,PAFZEE,0.8842590359021187
QAWHIH,WANJIF,0.8836639281783999
QAWHIH,LUDLAZ,0.8833352195028397
QAWHIH,XEDMEB,0.8828578979171016
QAWHIH,ADONEP,0.8826746434108871
QAWHIH,APUPEH,0.8783582801386973
QAWHIH,EXAXAE03,0.8777779223111595
QAWHIH,EMUBIZ,0.8777268419953581
QAWHIH,ANUGOG,0.8768301056857468
QAWHIH,NEMCOA,0.8705032837704797
QAWHIH,LAQNID,0.8675984080531843
QAWHIH,HABQUY,0.8647360975658581
QAWHIH,OKABAE,0.8635852094583994
QAWHIH,TOVWAE,0.8610435918358694
QAWHIH,NIGDIS,0.8594622162841294
QAWHIH,TEKYOA,0.859268280256392
QAWHIH,OGEBAF01,0.8549088070045645
QAWHIH,JALPAQ,0.8543056942984211
QAWHIH,XITYOP,0.8535155021149721
QAWHIH,IXAJUN,0.8533305153281561
QAWHIH,EDOSEY,0.8533014562701493
QAWHIH,FAMQES,0.8530163313232664
QAWHIH,FALTUK,0.852900659050249
QAWHIH,IDUDIW,0.8519095422457802
QAWHIH,MAVRAE,0.8478893221582653
QAWHIH,LAYWOA,0.8455288527751296
QAWHIH,LAYXAN,0.8444544874701039
QAWHIH,WARXUL,0.8439429298289456
QAWHIH,BAZFUF,0.8401238580832285
QAWHIH,ENIHUG,0.8396829913505799
QAWHIH,QOWRAV,0.8382843313005386
QAWHIH,QOWRAV12,0.8382569654437887
QAWHIH,QOWRAV08,0.8382517266769838
QAWHIH,QOWRAV05,0.8382197266384286
NUDPAE07,NUDPAE09,0.9999959511818344
VIXPUP02,VIXPUP,0.9999988258523624
VIXPUP02,VIXPUP01,0.9998488969377622
VIXPUP02,OFOCUI,0.8930658817857415
VIXPUP02,MOCKEV,0.8922293828433037
VIXPUP02,XIJSUH,0.8921978686840093
VIXPUP02,FALTUK,0.8871191789368132
VIXPUP02,FAMPUH,0.8870436503817666
VIXPUP02,DOTSOV12,0.8869192033211323
VIXPUP02,DOTSOV14,0.8869181986186749
VIXPUP02,DOTSOV15,0.886918059312189
VIXPUP02,DOTSOV11,0.8869169657999476
VIXPUP02,DOTSOV42,0.8869032737569006
VIXPUP02,BODPAN,0.8866872944673337
VIXPUP02,XAMDUM02,0.8866783673905467
VIXPUP02,LUDLIH,0.8866231789385782
VIXPUP02,RILFEA,0.886595846568929
VIXPUP02,XAMDUM01,0.886595184945236
VIXPUP02,YOZMEH,0.8865806852287006
VIXPUP02,XAMDUM,0.8865803461375218
VIXPUP02,FIQCEN,0.886573467343975
VIXPUP02,LUDLED,0.8865629715884776
VIXPUP02,YOZNEI,0.8864707621198016
VIXPUP02,NEHZOS,0.8861893333578928
VIXPUP02,NEHZUY,0.8861413724703054
VIXPUP02,TISPAO,0.8856081951847692
VIXPUP02,KAJZIH,0.8853112030990312
VIXPUP02,OHOMIH,0.8846094426256668
VIXPUP02,OQIZUL,0.882872083233511
VIXPUP02,YOZNUY,0.8828480853631462
VIXPUP02,YOZNOS,0.8764196927145629
VIXPUP02,YOZMUX,0.8721913155806369
VIXPUP02,IDUSIM,0.8572721776119221
VIXPUP02,IDUSIM01,0.8571754353396224
VIXPUP02,UNACES,0.8571146062019805
VIXPUP02,UNACIW,0.8570564633382212
VIXPUP02,UNABUH01,0.8570287423901288
VIXPUP02,UNABUH,0.8570069893571857
VIXPUP02,IDUTAF,0.856903531183447
VIXPUP02,IDUTIN,0.85687712543442
VIXPUP02,TOVWAE,0.8477505649968248
UFATEA,ROGLOP,0.9956518076864784
UFATEA,HOGSIG,0.9954610552909936
UFATEA,UFATEA01,0.9945294139777312
UFATEA,TEVVOI,0.923310088271459
UFATEA,CAXZUY,0.920695224371756
UFATEA,GAWZOW,0.9194705145474064
UFATEA,BEJKEJ,0.9194107518387672
UFATEA,TEVVEY,0.9130415481360012
UFATEA,TEVVAU,0.9122953867721784
UFATEA,XOMCIN,0.8761494809293654
UFATEA,LIDSEY,0.8745959695068558
UFATEA,LIDSAU,0.8735265563043714
UFATEA,KEVBUK01,0.8513872199885854
UFATEA,KEVBUK,0.8511637017373791
UFATEA,PINPAG,0.8388028183907407
SEQSEO01,SEQSUE,0.9971471477708204
SEQSEO01,SEQSIS,0.995058673381966
SEQSEO01,VEXTUO,0.9584108991765864
SEQSEO01,XUCHOS02,0.8878195981533478
SEQSEO01,XUCHOS,0.88751226957082
SEQSEO01,XUCHOS01,0.887423689033658
SEQSEO01,SOQRUM,0.8848912600525402
SEQSEO01,EKEKAH,0.8707636048804794
SEQSEO01,TEVVOI,0.8697827390365864
SEQSEO01,BEJKEJ,0.8695949383858749
SEQSEO01,TEVVIC,0.8654621509952932
SEQSEO01,TEVVEY,0.8654293572587176
SEQSEO01,TEVVAU,0.8648777161012395
CUFFEP,YAMXOC,0.99999998436748
CUFFEP,TIKXAN,0.9999996836644038
CUFFEP,CUFFIT,0.9999991437561968
CUFFEP,FEYDET,0.9999715696104924
CUFFEP,CUFDUD,0.9996674020983524
CUFFEP,IYUHIU,0.999539462049932
CUFFEP,TONKEN,0.9472123068382634
CUFFEP,MUQYEE,0.9472048199635928
CUFFEP,OTEGOL01,0.9469773949316936
CUFFEP,OWIHUZ,0.946976279429158
CUFFEP,OWIJAH,0.946971114341
CUFFEP,OWIHIN,0.9469683859895168
CUFFEP,MURBEI,0.9469053353129314
CUFFEP,XOMHIS,0.9302745674483016
CUFFEP,XINTOG,0.9240510521129564
CUFFEP,MAYJOM,0.8749077623541662
CUFFEP,VACFOV,0.8748521537922022
CUFFEP,VACFOV01,0.8747976651716276
CUFFEP,VIFPUY02,0.8747445945980803
CUFFEP,VIFPUY03,0.8747404671423056
CUFFEP,LOQLEJ,0.8747401108893875
CUFFEP,TIRFOQ,0.8467788775671723
CUFFEP,GIWMAD,0.840016882988837
CUFFEP,NEDLOZ,0.838822494921268
TISPAO,DIHVIB,0.9998623305439454
TISPAO,QAWHIH01,0.9998328380108976
TISPAO,YOZMIL,0.9998215759903144
TISPAO,YOZNIM,0.9998165456246604
TISPAO,LUDLED,0.9998037137825008
TISPAO,XAMDUM,0.9997945757047172
TISPAO,YOZMEH,0.9997943938139566
TISPAO,UXISUR,0.9997943511507786
TISPAO,XAMDUM01,0.999786538597886
TISPAO,BODPAN,0.9997305353619792
TISPAO,XAMDUM02,0.999709057020154
TISPAO,DOTSOV42,0.9995483102913824
TISPAO,DOTSOV15,0.9995322100150354
TISPAO,DOTSOV14,0.999532074725555
TISPAO,DOTSOV12,0.9995309587296988
TISPAO,YOZNUY,0.9993410622738782
TISPAO,WULJUJ,0.9982071688397216
TISPAO,NEHZOS,0.994477873544575
TISPAO,NEHZUY,0.9943719519251232
TISPAO,QIZLOC,0.991602016256948
TISPAO,OHOMIH,0.9913952860122984
TISPAO,YOZMUX,0.9891462759550989
TISPAO,ORAWAH,0.9327955694941826
TISPAO,DALSOA,0.9326500432395596
TISPAO,BABREE,0.9310432908717796
TISPAO,ONIXOZ,0.9219959998767232
TISPAO,EXOYAS,0.9189427345074908
TISPAO,IWEVAJ,0.918318679691314
TISPAO,RAWYAS,0.917709336275278
TISPAO,NUTQAV,0.9081977298042728
TISPAO,GERWEH,0.9081489208414464
TISPAO,XIJSUH,0.9080385666037027
TISPAO,MOCKAR,0.9080359049268566
TISPAO,MOCKEV,0.908028343997515
TISPAO,OFOCUI,0.9079608209508988
TISPAO,HOGLEV,0.9068886444211498
TISPAO,EXOGAB,0.90680595750338
TISPAO,HANWAW,0.9049193834807424
TISPAO,PIDRAY,0.8970746188266381
TISPAO,HUCBOX02,0.8968879316202013
TISPAO,HUCBOX01,0.8967400342780942
TISPAO,HUCBOX,0.8965174394016875
TISPAO,VUJBIM,0.896414196116761
TISPAO,RAHBOU,0.8961706123254745
TISPAO,MOFGOE,0.8947395902422018
TISPAO,GIKMOD,0.8918961387761349
TISPAO,GINTUT,0.8870738571718905
TISPAO,VIXPUP01,0.8864669527655904
TISPAO,RUVKAV,0.8863567326694973
TISPAO,VIXPUP,0.8856955407195517
TISPAO,EMUBOF,0.8850738009720416
TISPAO,USEVOF,0.8850112603401653
TISPAO,KANMIX,0.8849721939040686
TISPAO,PAFZEE,0.8848517671853303
TISPAO,WANJIF,0.8844508895919798
TISPAO,EXAXAE,0.8803124006619698
TISPAO,EXAXAE03,0.8799044319646516
TISPAO,ANUGOG,0.8775607658327772
TISPAO,DICKEH,0.8760062579713195
TISPAO,NEMCOA,0.8726549082774764
TISPAO,HIDTUM,0.8710713702731314
TISPAO,LAQNID,0.8685260278935503
TISPAO,OKABAE,0.8654436963929888
TISPAO,TOVWAE,0.8611488417378251
TISPAO,IWEQAD,0.8606309072040061
TISPAO,NIGDIS,0.8603957263373531
TISPAO,OGEBAF,0.8571128333549078
TISPAO,JALPAQ,0.8563609520324812
TISPAO,XITYOP,0.8556900862073717
TISPAO,EDOSEY,0.853548183762974
TISPAO,FAMQES,0.8534615966311863
TISPAO,FALTUK,0.8534104845696037
TISPAO,EPISOM,0.8516139137117723
TISPAO,ANUGEW,0.8508758620927878
TISPAO,MAVRAE,0.8497435412093995
TISPAO,DEKBON,0.8443769410232301
TISPAO,UWALEL,0.8419924660616263
TISPAO,LUKLIN,0.8388133771380062
TISPAO,YIMQOD,0.8386912833430583
TISPAO,HUJGEA,0.8379095020228726
DOTSOV41,DOTSOV40,0.99999982538514
TOFQEM,ROCZEQ,0.9999545320788426
AMURUX06,AMURUX10,0.9999329816210606
AMURUX06,SIRBIG06,0.9995946131104084
AMURUX06,ILECIN,0.9995374866533806
AMURUX06,XEHSOT,0.9967945509142412
AMURUX06,MOPQIT,0.9966197137134212
AMURUX06,NAXVOY04,0.996446881289891
AMURUX06,NIWZIE01,0.9960312754093592
AMURUX06,NIWZIE17,0.9950630462715552
AMURUX06,NIWPIU,0.99505699228726
DADTOS12,DADTOS06,0.9999999999333496
DADTOS12,DIDVIW,0.9999999969734198
DADTOS12,DADTOS18,0.999999979300121
DADTOS12,DADTOS08,0.9999999624599653
DADTOS12,DADTOS01,0.9999999282085614
DADTOS12,DADTOS11,0.9999999160902542
DADTOS12,DADTOS02,0.9999991753891588
DADTOS12,YANWOC02,0.999998281302854
DADTOS12,DADTOS10,0.9999969622852466
DADTOS12,DADTOS07,0.9999853353099382
DADTOS12,REZJIR04,0.9999830679946208
DADTOS12,DADTOS15,0.9999703093256642
DADTOS12,REZJIR02,0.9999669557843134
DADTOS12,VIRJEM,0.9999488051796817
DADTOS12,REZJIR,0.9999481723122682
DADTOS12,PADJOU01,0.9999348489790236
DADTOS12,LIJWOR02,0.999902013331142
DADTOS12,MNFORD02,0.999900839288102
DADTOS12,LIJWOR01,0.9998828419073208
DADTOS12,LIJWOR05,0.9998502571114832
DADTOS12,IJOMOJ01,0.999832643835178
DADTOS12,QINSUD,0.9997924950349708
REZJIR04,DADTOS03,0.9999998817343152
REZJIR04,JEDKIP01,0.9999998109114164
REZJIR04,DADTOS10,0.9999943723429288
REZJIR04,YANWOC01,0.9999843729227728
REZJIR04,DADTOS18,0.999984231221352
REZJIR04,DIDVIW,0.999983517682077
REZJIR04,DADTOS06,0.9999830009028222
REZJIR04,DADTOS08,0.9999814363493664
REZJIR04,DADTOS11,0.9999806006287366
REZJIR04,DADTOS04,0.999980275944082
REZJIR04,DADTOS02,0.9999747709167224
REZJIR04,YANWOC02,0.9999705606999088
REZJIR04,DADTOS15,0.9999085410092176
REZJIR04,REZJIR02,0.9999027400715924
REZJIR04,YUKTUU01,0.9999008805299407
REZJIR04,VIRJEM,0.9998730073286666
REZJIR04,REZJIR,0.999872193416762
REZJIR04,PADJOU01,0.9998518223773276
REZJIR04,DADTOS17,0.999819064063841
REZJIR04,LIJWOR01,0.9998116797482264
REZJIR04,LIJWOR06,0.9998001549105924
REZJIR04,LIJWOR05,0.9997326569205895
REZJIR04,IJOMOJ01,0.9997092854932832
REZJIR04,QINSUD,0.9996571809257804
REZJIR04,SIWPUL,0.9996506094379976
REZJIR04,ATIBOU02,0.9989848030607136
REZJIR04,SIWPUL11,0.9979346406372532
XAVQIU,XAVQIU01,0.999971781984482
VEDFUH,BOWDOI,0.9999984466070176
VEDFUH,VEDFOB,0.999990120430426
VEDFUH,VEDFER,0.999977491791985
VEDFUH,VEDGIW,0.9999724213010054
VEDFUH,VODNOS,0.9999662589632454
VEDFUH,VEDGES,0.9999634164713448
VEDFUH,OJOBAS,0.9999163812274208
VEDFUH,CEYPUT01,0.9998652904128644
VEDFUH,KEJWAY,0.999767781470407
VEDFUH,ABAVIJ,0.9994177756622956
VEDFUH,TATSIS01,0.9993281338825843
VEDFUH,ERUNIQ,0.999059352254672
VEDFUH,LASMAV,0.9987316001330102
VEDFUH,YIGGEB,0.9973800696764948
VEDFUH,ERUNUC,0.9232457838832456
VEDFUH,CAXZOS,0.9230710225208588
VEDFUH,DIDBOJ,0.9229804416310332
VEDFUH,DIDBEZ,0.9228973449991278
VEDFUH,DIDBID,0.9228198326387884
VEDFUH,DIDBAV,0.9227606256589396
VEDFUH,ERUNOW,0.9226983942676186
VEDFUH,BUKLOJ,0.8831277563829378
VEDFUH,FEVDER,0.8792150382337525
VEDFUH,AZIHOI,0.8789193074255192
VEDFUH,BAKJII,0.8781901498493105
VEDFUH,TIDNIF,0.8769510054780316
VEDFUH,SIDXOV,0.8717563451597663
VEDFUH,XALMOO,0.8601324028022166
VEDFUH,XALMII,0.8583564170571025
VEDFUH,DIQHAO01,0.8567484866648676
VEDFUH,FUMJAZ01,0.8539560035024641
VEDFUH,WEMKEG,0.8443990619694659
VEDFUH,MOXDOT,0.8443897755349884
VEDFUH,RAKBIO01,0.8434671057831443
VEDFUH,FAZPIH,0.8431022469605697
VEDFUH,WOPWOP,0.8430999952029526
VEDFUH,CANROA,0.8429863665253665
VEDFUH,KOHDIW,0.8429801073455785
VEDFUH,VOCKUT,0.8429785006352448
VEDFUH,NERVEL,0.842928994086267
VEDFUH,YIRSUQ,0.8421664726053234
MIBQAR12,VUSKEA,0.9999996100856914
MIBQAR12,MIBQAR01,0.9999995466412864
MIBQAR12,HOLRAD,0.9999994534092678
MIBQAR12,MIBQAR07,0.9999992688786008
MIBQAR12,PEVQOY,0.9999923502960744
MIBQAR12,REDROI,0.998812030652581
MIBQAR12,VEGMOK03,0.9985021737605618
MIBQAR12,VEGMOK01,0.998457700950972
MIBQAR12,KOZNEU,0.9980914203662424
MIBQAR12,FIJCUX01,0.9961512962214416
MIBQAR12,PIWLIT,0.944809561730431
MIBQAR12,PIWLAL,0.943666433179307
MIBQAR12,VOLRAQ,0.9073700765964964
MIBQAR12,YOCGAZ,0.9065573595208044
MIBQAR12,VIKBUP,0.9060994248167368
MIBQAR12,HUTZAX01,0.9059781807808828
MIBQAR12,DAWCIP,0.905104985100744
MIBQAR12,GUGNON,0.904782938720002
MIBQAR12,NEHGIS,0.9047379842793388
MIBQAR12,JENKET,0.9037796193828928
MIBQAR12,CESQUP,0.8973255379268488
MIBQAR12,JEDDII,0.8971892606849302
MIBQAR12,PICCUC,0.897070352715038
MIBQAR12,NIYZIG,0.8968998741264769
MIBQAR12,GOSDUP,0.8954538289108018
MIBQAR12,ACODIH,0.8948285662135188
MIBQAR12,QEDZEG,0.8911179061014135
MIBQAR12,RUYGOJ,0.8901475346963207
MIBQAR12,DITTEH,0.8853921251048366
MIBQAR12,UKOLOV,0.8852542620139814
MIBQAR12,FECYUJ,0.884556294652283
MIBQAR12,MIMRAB01,0.8842845714923323
MIBQAR12,QAQSAD,0.8823324427814208
MIBQAR12,NAWXER,0.8818705420037346
MIBQAR12,XOQXIL,0.8759029144318549
MIBQAR12,XAFFER,0.8748695336265357
MIBQAR12,ZARLIP,0.8738734136183568
MIBQAR12,PERQUB,0.8738522181763458
MIBQAR12,XAFFAN,0.872858117203118
MIBQAR12,FUTYOK,0.8718941931736243
MIBQAR12,PEJPEB,0.8711394711808128
MIBQAR12,NOXMAQ,0.8709873913497251
MIBQAR12,ACIBOE,0.8707958054141748
MIBQAR12,NANYUX01,0.8707348937535581
MIBQAR12,VEHKAW,0.8706510597623456
MIBQAR12,ZARLEL,0.8705591085729204
MIBQAR12,UNAGOH,0.8704537376956812
MIBQAR12,FUTZAX,0.8692480324521721
MIBQAR12,NENHEU,0.8685842578305516
MIBQAR12,GADROU,0.8681192854096188
MIBQAR12,JEDVIA,0.8670404967293632
MIBQAR12,PEGCIP,0.8657492503799613
MIBQAR12,XEGXIT,0.8626716166480223
MIBQAR12,DUFLOH,0.8608760703598624
MIBQAR12,EGIKUB01,0.8606941527896592
MIBQAR12,UBUMAH,0.8588960606799063
MIBQAR12,LOWQIX,0.858466080887691
MIBQAR12,WIMWIA,0.8582386297402315
MIBQAR12,HIFGIO,0.854186819663399
MIBQAR12,SIXWON,0.8531374369657446
MIBQAR12,WOJZOK01,0.8530779697935638
MIBQAR12,TACJEO,0.8525768851260306
MIBQAR12,PURJAO,0.851837206911199
MIBQAR12,CIQHOC,0.850409266697721
MIBQAR12,NISCOJ,0.8457194780691084
MIBQAR12,IGINIX,0.8441635151761472
MIBQAR12,VURMOL,0.838320309586803
REZJIR,VIRJEM,0.9999998028380302
REZJIR,PADJOU01,0.9999992199049608
REZJIR,YUKTUU,0.9999980948043844
REZJIR,YUKTUU01,0.999998022216002
REZJIR,DADTOS15,0.99999674457125
REZJIR,DADTOS17,0.9999951056480696
REZJIR,LIJWOR02,0.9999927106522428
REZJIR,MNFORD02,0.9999867676685004
REZJIR,PADJOU,0.999982167536506
REZJIR,DADTOS13,0.9999697961562072
REZJIR,IJOMOJ01,0.9999666330953928
REZJIR,YANWOC02,0.9999652754890984
REZJIR,DADTOS02,0.9999603916555913
REZJIR,DADTOS,0.999954325513118
REZJIR,DADTOS11,0.9999522509567612
REZJIR,DADTOS01,0.9999519506458624
REZJIR,DADTOS08,0.9999509195743428
REZJIR,DADTOS06,0.9999482897791334
REZJIR,QINSUD,0.9999479415829816
REZJIR,SIWPUL04,0.99994768985438
REZJIR,DIDVIW,0.9999473791001684
REZJIR,SIWPUL,0.9999453029710308
REZJIR,YANWOC,0.999921165151802
REZJIR,DADTOS07,0.9998784872821168
REZJIR,DADTOS03,0.9998698231334392
REZJIR,ATIBOU02,0.9981386187139836
REZJIR,SIWPUL11,0.996783192091392
EDOSEY,NAPSUV,0.999960715721879
EDOSEY,XICKOL,0.9881922992698872
EDOSEY,JALPAQ,0.9849845572584516
EDOSEY,KAGJOS,0.919961318664316
EDOSEY,ANUGOG,0.9005743999663041
EDOSEY,LAQNID,0.8910455349459389
EDOSEY,ANUGEW,0.8841093030904885
EDOSEY,LAYXER,0.8829652300867837
EDOSEY,ORAWAH,0.8824434376350412
EDOSEY,DEKBON,0.8777832139372164
EDOSEY,EPISOM,0.8732361757544969
EDOSEY,ONIXOZ,0.8721834884491384
EDOSEY,POFFEX,0.8710720552745919
EDOSEY,NELCEN,0.8709152960455325
EDOSEY,POFFAT,0.8704999771232875
EDOSEY,VOJPUG01,0.869654291221642
EDOSEY,KAKTIA,0.8685615208904411
EDOSEY,UFUNAK,0.8676331984510082
EDOSEY,EGOZAB,0.8662440747005637
EDOSEY,UFUMUD02,0.8660599180149614
EDOSEY,BAHGUN,0.8658534319536562
EDOSEY,BAHGUN02,0.8653536366829737
EDOSEY,QERZUI01,0.8646025991399962
EDOSEY,UFUMUD,0.8645678987079615
EDOSEY,NIHDEQ,0.8630842524197487
EDOSEY,UGEPEB,0.8627935046040963
EDOSEY,IXAKAU,0.8621622452633422
EDOSEY,NIGDIS,0.8611415957857432
EDOSEY,BAZFUF,0.8607981950852273
EDOSEY,ENIHUG01,0.8600270990434506
EDOSEY,ICAREL,0.8596226270138989
EDOSEY,BAZGAM,0.8573003322019894
EDOSEY,QOWRAV,0.8572824874703384
EDOSEY,QOWRAV11,0.8572488778662444
EDOSEY,QOWRAV12,0.8572453378171567
EDOSEY,QOWRAV07,0.8572271425018076
EDOSEY,QOWRAV05,0.8571948968632912
EDOSEY,QOWRAV04,0.857188652890022
EDOSEY,KIJRUS,0.8563801966006697
EDOSEY,IDUDIW,0.8553153420698792
EDOSEY,LIGQEA,0.8550729243474593
EDOSEY,YOZNEI,0.8534506218703732
EDOSEY,NAFSOF,0.85344610458825
EDOSEY,YOZNIM,0.8534263677662937
EDOSEY,XAMDUM06,0.8534185140019727
EDOSEY,UXISUR,0.8534078301183886
EDOSEY,XAMDUM01,0.8534012148559504
EDOSEY,LUDLIH,0.853384619696473
EDOSEY,BODPAN,0.853353271438968
EDOSEY,XAMDUM02,0.8533312227482706
EDOSEY,QAWHIH01,0.8533222931112043
EDOSEY,DOTSOV13,0.8531800194492197
EDOSEY,DOTSOV11,0.8531799052136446
EDOSEY,DOTSOV15,0.8531788214906275
EDOSEY,DOTSOV10,0.8531788209343963
EDOSEY,DOTSOV14,0.8531786667515863
EDOSEY,DOTSOV16,0.8531776804598717
EDOSEY,DOTSOV12,0.8531776679733225
EDOSEY,YOZNUY,0.85277257488498
EDOSEY,WULJUJ,0.851888630806053
EDOSEY,DOTSOV02,0.8518660111448405
EDOSEY,QIZLIW,0.8509588536048266
EDOSEY,NEHZOS,0.8483625080177447
EDOSEY,NEHZUY,0.848259756759639
EDOSEY,HAYXIR,0.8468342571489659
EDOSEY,ADASEF,0.8467450228809791
EDOSEY,YOZNOS,0.8460818371646878
EDOSEY,QIZLOC,0.8455622015249817
EDOSEY,OHOMIH,0.8453617355270621
EDOSEY,SEMNIJ,0.8402656693592357
EDOSEY,IDUSIM01,0.840197301683886
EDOSEY,IDUSIM02,0.8399444052350349
EDOSEY,UNABUH01,0.8399269130357103
EDOSEY,UNABUH,0.8398871732393078
EDOSEY,ISISUZ,0.8398724952847177
EDOSEY,IDUTEJ,0.8395801503912705
TADWIG,TADWEC,0.8787549884551035
TADWIG,ODUNEH,0.845295255674468
WEMKEG,BUKLOJ,0.9456742249494262
WEMKEG,ESEQUO,0.936805242666459
WEMKEG,MOXDOT,0.8998850119917865
WEMKEG,RUYGAV,0.8836681873570128
WEMKEG,XUBKOU,0.8748506875991411
WEMKEG,CANROA,0.8651448488039254
WEMKEG,KOHDIW,0.8651339441500567
WEMKEG,KOHLIE,0.8649993456262464
WEMKEG,COZMUA,0.8649702501482364
WEMKEG,WUHMUJ,0.8647258770241195
WEMKEG,DIBQIQ,0.8645496789528563
WEMKEG,CUWNIT,0.8644292303385311
WEMKEG,NIGPEA,0.8630173612687211
WEMKEG,AXINIF,0.8628024300740067
WEMKEG,MIHJUL,0.8618236892955777
WEMKEG,GEPBEK,0.8604393644680599
WEMKEG,DIBQEM,0.8535314526875324
WEMKEG,FISQIK,0.8462518335248708
WEMKEG,BIPXIK,0.8444191465329591
WEMKEG,BOWDIC,0.8444155178080239
WEMKEG,AHETAK,0.8444110465364044
WEMKEG,BOWDOI,0.8443925269527204
WEMKEG,VEDFAN,0.8443880921716479
WEMKEG,VEDFOB,0.8443631036067563
WEMKEG,VEDFIV,0.844329988068414
WEMKEG,VEDGIW,0.8443197608299357
WEMKEG,KEJWAY,0.8443165961170824
WEMKEG,VEDGES,0.8443052704703886
WEMKEG,OJOBAS,0.8442253853566002
WEMKEG,CEYPUT,0.8442199045539037
WEMKEG,CEYPUT01,0.8441620105023887
WEMKEG,TATSIS01,0.8439553578014376
WEMKEG,ERUNIQ,0.8437600401150687
WEMKEG,XIHSAJ,0.8437302438850272
WEMKEG,XIHSAJ01,0.843509543218111
WEMKEG,XIHSEN,0.8433279417438622
WEMKEG,TONBOO,0.8428248296206999
WEMKEG,ABAVUV,0.8426983120982607
WEMKEG,XUDVAV,0.842365898586108
WEMKEG,YIGGEB,0.8422821582437261
WEMKEG,CAXZOS,0.8377749480193837
WEMKEG,ERUNUC,0.8377540294697297
VEDFAN,VEDGAO,0.9999994518963132
VEDFAN,VEDFOB,0.9999960305017704
VEDFAN,BOWDUO,0.9999957631885446
VEDFAN,YODRAM,0.9999956691073296
VEDFAN,AHETAK,0.9999940194758244
VEDFAN,VEDFER,0.9999848996087471
VEDFAN,VEDGIW,0.9999810970059372
VEDFAN,VEDFIV,0.9999805531255253
VEDFAN,VODNOS,0.9999756163607828
VEDFAN,OJOBAS,0.9999324814710092
VEDFAN,CEYPUT,0.9999292258133462
VEDFAN,CEYPUT01,0.999890569316995
VEDFAN,ABAVIJ,0.9994079221951266
VEDFAN,TATSIS01,0.999295663642536
VEDFAN,TATSIS,0.999196826474329
VEDFAN,ERUNIQ,0.9990003990735428
VEDFAN,ABAVUV,0.9987283824296797
VEDFAN,ERUNUC,0.9232686493811016
VEDFAN,CAXZOS,0.9230758681220368
VEDFAN,DIDBEZ,0.922932168601068
VEDFAN,DIDBID,0.9228565273888454
VEDFAN,DIDBAV,0.9227893676218132
VEDFAN,ERUNOW,0.9227477708816894
VEDFAN,JODGOA,0.8942633066735963
VEDFAN,FEVDER,0.8791977158386419
VEDFAN,BAKJOO,0.8791132611564163
VEDFAN,AZIHOI,0.8788828757239623
VEDFAN,BAKJEE,0.8788531289361304
VEDFAN,TIDNIF,0.8770069581422776
VEDFAN,ESEQUO,0.8736125352840695
VEDFAN,SIDXOV,0.8715912749354868
VEDFAN,YATDOP,0.860019598779697
VEDFAN,XALMII,0.8584390563250117
VEDFAN,DIQHAO01,0.8566501945872982
VEDFAN,FUMJAZ01,0.8539145625810244
VEDFAN,FUMJAZ,0.8537572131919111
VEDFAN,NIDFOX,0.8536609250774023
VEDFAN,XEVXUT,0.8522238364618087
VEDFAN,MOXDOT01,0.8444032867325062
VEDFAN,MOXDOT,0.8443995952638966
VEDFAN,NERVIP01,0.843844832059551
VEDFAN,RAKBIO02,0.8435609088383462
VEDFAN,RAKBIO01,0.843510261773314
VEDFAN,NERVOV,0.8431189722255736
VEDFAN,FAZPIH,0.8430540801100133
VEDFAN,WOPWOP,0.8430412775627245
VEDFAN,CANROA,0.8429796679591184
VEDFAN,NERVEL,0.8428751087806152
VEDFAN,NERVIP,0.8426437562890343
VEDFAN,YIRSUQ,0.8420898662631832
VEDFAN,CEJFOO,0.8415361978603726
QEZZED,DAFHID,0.9978775415099196
QEZZED,XUJPIC,0.8967423339940499
QEZZED,XUJPEY,0.8965292162364354
QEZZED,NUNPAP,0.8962421287434894
QEZZED,VEMSUC01,0.8959914587262029
QEZZED,XUJPOI,0.895982357712287
QEZZED,XADWIK02,0.8586024842102531
QEZZED,XADWIK01,0.8575856540021101
QEZZED,BEXPAX,0.8440126792823192
BEXPAX,FAHQEN,0.8429564571792934
VEGMIE01,VEGMIE,0.9999705116851606
VEGMIE01,VAKRIK,0.9999844710630568
PARFOF,JUMDEC,0.8850576967240364
PARFOF,XAVDIJ,0.8850568105262381
PARFOF,XAVDEF,0.8850429924518927
PARFOF,IDIWOH05,0.8850427665448093
PARFOF,IDIWOH06,0.885042021169017
PARFOF,IDIWOH04,0.8850397209855809
PARFOF,IXOFAD,0.8850322541895851
PARFOF,IDIWOH,0.8850310477783732
PARFOF,WIDQAC,0.8850307071226124
PARFOF,ALOVEC,0.8818557622139486
IDIWOH04,IDIWOH06,0.999999963339347
IDIWOH04,IXODUV,0.9999999467260948
IDIWOH04,XAVDEF,0.9999999247010748
IDIWOH04,IXOFUX,0.9999997809455292
IDIWOH04,IXOFUX01,0.9999997595876886
IDIWOH04,WIDQEG,0.9999996718772494
IDIWOH04,WIDQAC,0.9999995120706724
IDIWOH04,XAVDIJ,0.99999739755528
IDIWOH04,IXOFAD,0.9999973144019718
IDIWOH04,ATOTIM,0.999933855324452
IDIWOH04,ALOVEC,0.9960521531599096
ICAREL,BAZGAM,0.9991808262337476
ICAREL,BAZFUF,0.9982612394278952
ICAREL,KIJRUS,0.9976119678893508
ICAREL,NAFSOF,0.9973767211190412
ICAREL,QOWRAV,0.991083539247024
ICAREL,QOWRAV10,0.9910532635156064
ICAREL,QOWRAV11,0.991030693579524
ICAREL,QOWRAV08,0.9910139774501382
ICAREL,QOWRAV05,0.9909460102320736
ICAREL,QOWRAV04,0.990936230091157
ICAREL,ANUGEW,0.9735991975137086
ICAREL,LAYXAN,0.971607553106136
ICAREL,DEKBON,0.9699568337484852
ICAREL,ANUGOG,0.9626162645449106
ICAREL,YUSWEP,0.9303854271051124
ICAREL,EXOGAB,0.916664740860727
ICAREL,KAGJOS,0.8851918844641726
ICAREL,ONIXOZ,0.8783910997505835
ICAREL,SEMNIJ,0.8687521685845742
ICAREL,ENIHUG01,0.8671908653529923
ICAREL,SIXNOF,0.860833530974962
ICAREL,SIXNIZ,0.8608329276633754
ICAREL,SIXNEV,0.8608252423597224
ICAREL,EPISOM,0.8605698211093669
ICAREL,RUJMEQ,0.8533434306223542
ICAREL,TEKYOA,0.8439773318310306
ICAREL,NIGDIS,0.8439335195505167
ICAREL,IXAJUN,0.8425985834503544
ICAREL,YIMQOD,0.8419773198012128
ICAREL,SIXNUL,0.8401584315688042
ICAREL,DOTSOV16,0.8399643495769433
ICAREL,DOTSOV12,0.8399643337047946
ICAREL,DOTSOV08,0.8399643331494794
ICAREL,DOTSOV14,0.8399635298103614
ICAREL,DOTSOV15,0.8399634310767041
ICAREL,DOTSOV11,0.8399625558040077
ICAREL,DOTSOV13,0.839962463373332
ICAREL,DOTSOV42,0.8399515702334683
ICAREL,QIZLIW,0.8399503215335442
ICAREL,BODPAN,0.839773218111584
ICAREL,XAMDUM02,0.8397625640447137
ICAREL,XAMDUM01,0.8396951772275114
ICAREL,UXISUR,0.8396828743825436
ICAREL,YOZMEH,0.8396828059688151
ICAREL,XAMDUM,0.8396825160239312
ICAREL,FIQCEN,0.8396766338192589
ICAREL,LUDLED,0.8396676495169925
ICAREL,YOZNIM,0.8396458385212484
ICAREL,YOZMIL,0.8396367392153448
ICAREL,YOZNEI,0.8395880706292966
ICAREL,WULJUJ,0.8393677275262492
ICAREL,DOTSOV02,0.8393477735519425
ICAREL,NEHZOS,0.8388234649738527
ICAREL,NEHZUY,0.8387699691878902
ICAREL,KAJZIH,0.8378578993095492
ICAREL,QAWHIH01,0.8376946773817694
OQIZUL,QAWHIH01,0.9998420792610776
OQIZUL,DIHVIB,0.9986154219660268
OQIZUL,LUDLED,0.9984410131524138
OQIZUL,XAMDUM,0.9984154821442784
OQIZUL,YOZMEH,0.9984149784100748
OQIZUL,UXISUR,0.9984148596592562
OQIZUL,XAMDUM01,0.9983932757717462
OQIZUL,RILFEA,0.9983922656473851
OQIZUL,LUDLIH,0.9983453244259448
OQIZUL,BODPAN,0.9982456220773008
OQIZUL,DOTSOV13,0.9977853727859848
OQIZUL,DOTSOV10,0.9977824606003592
OQIZUL,DOTSOV14,0.9977821291213008
OQIZUL,DOTSOV08,0.9977797416161666
OQIZUL,DOTSOV16,0.9977796920170836
OQIZUL,WULJUJ,0.9959554901479124
OQIZUL,DOTSOV02,0.9959309870187412
OQIZUL,QIZLIW,0.9938240325856096
OQIZUL,YOZMUX,0.9901342423052992
OQIZUL,GAVDUD,0.9900443048290491
OQIZUL,KAJZIH,0.9877284519817718
OQIZUL,OHOMIH,0.9860832341494048
OQIZUL,ORAWAH,0.9328969741355784
OQIZUL,IWEVAJ,0.9166391607541614
OQIZUL,ONIXOZ,0.9160871023691732
OQIZUL,MOCKAR,0.9081290428359282
OQIZUL,NUTQEZ,0.9079897843277536
OQIZUL,EXOGAB,0.9042285820043224
OQIZUL,HANWAW,0.9013641091307464
OQIZUL,VUJBIM,0.8973319916914191
OQIZUL,MUDTEL,0.8972117903016001
OQIZUL,HUCBOX02,0.8951361160048447
OQIZUL,HUCBOX01,0.894824731383783
OQIZUL,PAMQIF,0.8936793721387661
OQIZUL,ALIXUP,0.8916826751113636
OQIZUL,PIDRAY,0.8911294527446627
OQIZUL,GIKMOD,0.8875158711579767
OQIZUL,IPUPIU,0.8866331093073627
OQIZUL,GIKMOD01,0.8863014628680611
OQIZUL,GINTUT,0.8856616807806044
OQIZUL,EMUBOF,0.8843329294460869
OQIZUL,RUVKAV,0.8841477703467937
OQIZUL,KANMIX,0.883801752049106
OQIZUL,WANJIF,0.8826823647528861
OQIZUL,XEDMEB,0.8815995684108715
OQIZUL,ADONEP,0.8814486485113548
OQIZUL,EXAXAE,0.8761754279144358
OQIZUL,ANUGOG,0.8758890092745092
OQIZUL,DICKEH,0.8731117327957006
OQIZUL,LAQNID,0.8664856641044699
OQIZUL,HIDTUM,0.8662392428757352
OQIZUL,HABQUY,0.8635817779031495
OQIZUL,OKABAE,0.8616629943333426
OQIZUL,KIRFOI,0.8596001378283067
OQIZUL,IWEQAD,0.8588145039469578
OQIZUL,NIGDIS,0.8583457149929499
OQIZUL,TEKYOA,0.8580958802910172
OQIZUL,XICKOL,0.857127961589752
OQIZUL,OGEBAF,0.8532544121437524
OQIZUL,OGEBAF01,0.8529023076609464
OQIZUL,FAMQES,0.8523241899007796
OQIZUL,FAMPUH,0.8522454691006226
OQIZUL,FALTUK,0.8521522634997614
OQIZUL,FAMQAO,0.8521440311178676
OQIZUL,IXAJUN,0.8511054974596552
OQIZUL,IDUDIW,0.8495096193161683
OQIZUL,EPISOM,0.8488799796746703
OQIZUL,ANUGEW,0.8469697247690479
OQIZUL,LAYXER,0.8453578976235477
OQIZUL,RUJMEQ,0.844086702369176
OQIZUL,LAYWOA,0.843097040896778
OQIZUL,LAYXAN,0.8418995183011219
OQIZUL,WARXUL,0.8414974565576736
OQIZUL,YIMQOD,0.8396469985345302
OQIZUL,ENIHUG01,0.839548442151084
OQIZUL,ENIHUG,0.8395338370717031
OQIZUL,QOWRAV,0.8391849310279811
OQIZUL,QOWRAV07,0.8391551076413624
OQIZUL,QOWRAV03,0.8391360740115593
OQIZUL,QOWRAV04,0.8391342503060897
OQIZUL,DEKBON,0.8385547283647974
OQIZUL,LIGQEA,0.8378733661853487
TIKXAN,CUFDOX,0.9999999959821976
TIKXAN,CUFFUF,0.9999999008862086
TIKXAN,CUFFOZ,0.9999997482679706
TIKXAN,YAMXOC,0.999999701178699
TIKXAN,FEYDET,0.999976606077286
TIKXAN,IYUHIU,0.9995632747865664
TIKXAN,PEYVEV,0.988634501221148
TIKXAN,TONKEN,0.94721079561122
TIKXAN,OTEGOL01,0.9469597950119724
TIKXAN,OWIHUZ,0.9469586387651155
TIKXAN,OWIHIN,0.9469504597089504
TIKXAN,HIHNUJ,0.946938792354367
TIKXAN,MURBEI,0.9469247630349344
TIKXAN,OWIJIP,0.9469240004444306
TIKXAN,XINTOG,0.9241562757253752
TIKXAN,TIRFIK,0.8941086502611968
TIKXAN,VACFOV,0.8748381621459738
TIKXAN,VIFPUY05,0.8747250685513879
TIKXAN,VIFPUY,0.8747225968803375
TIKXAN,VIFPUY03,0.8747220344591256
TIKXAN,LOQLEJ,0.8747216695002514
TIKXAN,TIRFOQ,0.8468424259134014
TIKXAN,NEDLOZ,0.8388639763314577
TIKXAN,CIFSIW,0.8380645503704289
FEYDET,IMUVAO,0.9982698407816942
FEYDET,CUFDOX,0.999976071908881
FEYDET,YAMXOC,0.9999724189240976
FEYDET,CUFDUD,0.99981337532383
FEYDET,TONKEN,0.9471756930125422
FEYDET,MURBEI,0.9470441513004292
FEYDET,OTEGOL01,0.9468028644538252
FEYDET,OWIJAH,0.9467946538171076
FEYDET,OWIJIP,0.9467579693789115
FEYDET,MAYJOM,0.8747881748684959
FEYDET,VACFOV01,0.874633971555212
FEYDET,LOQLEJ,0.874560004304936
FEYDET,VIFPUY03,0.8745592818901988
FEYDET,TIRFOQ,0.847323922961314
FEYDET,GIWMAD,0.8401197425127217
NIHBAI02,NIKYOW,0.999999813267744
NIHBAI02,NIKZEN,0.9999957768256038
NIHBAI02,NIHBEM01,0.9999779094888298
NIHBAI02,CAJHUS,0.9999256374232072
NIHBAI02,NUDPAE09,0.9979203195475496
NIHBAI02,IZIDOM,0.9973169900299356
NIHBAI02,XACLOF,0.9968146095630084
NIHBAI02,PESTAL,0.9966235565989728
NIHBAI02,NUDNUW01,0.9965165291911988
NIHBAI02,NUDNUW06,0.9963717937179511
MUSMAQ,NETYOD,0.8796908993707531
CAQKAJ,CAQKAJ01,0.999959285209622
CAQKAJ,HALVEY,0.9991818767711584
CAQKAJ,CAQJOW,0.9949239162344136
CAQKAJ,TAHYUZ,0.9540087287833554
CAQKAJ,FAHQIR,0.9318654385802736
CAQKAJ,FAHQOX,0.9236128045551982
CAQKAJ,MOXDOT,0.8848960289864195
CAQKAJ,EJINIV01,0.8782824448671256
CAQKAJ,XUYYEW,0.8769975661346524
CAQKAJ,NIGPEA,0.8766799211220304
CAQKAJ,BUKLOJ,0.8642527464635623
CAQKAJ,FIQDER,0.8588654944032263
CAQKAJ,YIRSUQ,0.8581756156736666
CAQKAJ,NIGNUO,0.8580445923323692
CAQKAJ,DIBQEM,0.8575624211665485
CAQKAJ,FISQEG,0.8550443870048937
CAQKAJ,XUDVAV,0.8485006115171627
TIVYAZ,CIFMIP,0.9999999437999576
AZIMIH,RIGTIL,0.999995201070495
AZIMIH,NATFAS,0.9993776522469476
AZIMIH,CIZQUZ,0.9991427739144454
AZIMIH,MUZHUL,0.9990278811370422
AZIMIH,FABFOF,0.9979827025558188
AZIMIH,LIKFOB,0.9954153636230364
AZIMIH,WOBHEB,0.8721927343872913
AZIMIH,COKNAT,0.8712572497984163
AZIMIH,WOBHOL,0.8712380381596772
AZIMIH,WOBHIF03,0.8712220415065961
AZIMIH,HIVSIQ,0.8601422089550304
KAJZIH,QIZLOC,0.9999469250764366
KAJZIH,OHOMIH,0.9999453984376
KAJZIH,DOTSOV02,0.9962521765569798
KAJZIH,DOTSOV16,0.9959049622397832
KAJZIH,DOTSOV08,0.99590489501194
KAJZIH,DOTSOV10,0.9959012073823303
KAJZIH,DOTSOV15,0.9959012055344654
KAJZIH,DOTSOV13,0.9958972533953584
KAJZIH,XAMDUM02,0.99521288608627
KAJZIH,BODPAN,0.9952087561442484
KAJZIH,RILFEA,0.9949593810066892
KAJZIH,XAMDUM01,0.9949575743648827
KAJZIH,UXISUR,0.9949192935544704
KAJZIH,YOZMEH,0.9949190816837478
KAJZIH,XAMDUM,0.9949181828639296
KAJZIH,YOZNIM,0.9948058345072236
KAJZIH,DIHVIB,0.9945427687602548
KAJZIH,YOZNUY,0.9876888493254689
KAJZIH,ONIXOZ,0.932628299376572
KAJZIH,BABREE,0.9313061316525224
KAJZIH,CITXUZ,0.9191274976596896
KAJZIH,IWEVAJ,0.9144622209052384
KAJZIH,ALIXUP,0.9079173096805282
KAJZIH,PIDRAY,0.9078337887770792
KAJZIH,HANWAW,0.9074081943557114
KAJZIH,YUGLES,0.9005751882092632
KAJZIH,NUTQAV,0.8996765545741493
KAJZIH,MOCKEV,0.8983460189788655
KAJZIH,GIKMOD,0.8972229704540551
KAJZIH,PAMQIF,0.8944813591488515
KAJZIH,HUCBOX01,0.8936667951612104
KAJZIH,HUCBOX,0.8933621163285594
KAJZIH,VIXPUP,0.8852141129152722
KAJZIH,EMUBIZ,0.8848976211068096
KAJZIH,EXAXAE03,0.8848894211494422
KAJZIH,APUPEH,0.8847816805647519
KAJZIH,RUVKAV,0.8842743626617295
KAJZIH,VIXPUP01,0.8840677277428581
KAJZIH,VUJBIM,0.8839098582874862
KAJZIH,MUDTEL,0.882286604921999
KAJZIH,IPUPIU,0.8800342114599669
KAJZIH,KANMIX,0.8793958083910984
KAJZIH,EMUBOF,0.8780624071221182
KAJZIH,NEMCOA,0.8778020569632483
KAJZIH,DICKEH,0.8762474530170177
KAJZIH,ANUGOG,0.8736673898967869
KAJZIH,KIRFOI,0.8691168079707436
KAJZIH,OKABAE,0.8687097276450951
KAJZIH,HABQUY,0.8635989689608898
KAJZIH,IXAJUN,0.8610444361080452
KAJZIH,OGEBAF,0.860640883365144
KAJZIH,XICKOL,0.8588885159082076
KAJZIH,TEKYOA,0.8580452440023144
KAJZIH,NIGDIS,0.8577745484618946
KAJZIH,IWEQAD,0.8572247412518617
KAJZIH,LAYWOA,0.8550209305545764
KAJZIH,LAYXAN,0.8550087802004565
KAJZIH,LAYXER,0.8548646034055007
KAJZIH,DEKBON,0.8547063262008106
KAJZIH,WARXUL,0.853552410902089
KAJZIH,TOVWAE,0.8533371996050488
KAJZIH,UWALEL,0.8530607434984461
KAJZIH,MAVRAE,0.8529768010991245
KAJZIH,EPISOM,0.851301489736481
KAJZIH,FAMQAO,0.8481448038855532
KAJZIH,FALTUK,0.8481286909646882
KAJZIH,FAMPUH,0.8479413242702017
KAJZIH,NAPSUV,0.8476174975711177
KAJZIH,NAFSOF,0.8401992675758221
KAJZIH,HOYKUD,0.8396821828414487
KAJZIH,BAZGAM,0.8391282909432055
KAJZIH,HUJGEA,0.8377811403078081
RAHBOU,DOTSOV12,0.8971949269238696
RAHBOU,DOTSOV16,0.8971948793652293
RAHBOU,DOTSOV08,0.8971948657994623
RAHBOU,DOTSOV10,0.8971941225721547
RAHBOU,BODPAN,0.8970327560256083
RAHBOU,XAMDUM02,0.8970235026706661
RAHBOU,LUDLIH,0.8969854339744563
RAHBOU,RILFEA,0.8969647856333727
RAHBOU,XAMDUM01,0.8969643372124441
RAHBOU,YOZMEH,0.8969533951831479
RAHBOU,XAMDUM,0.8969531404787305
RAHBOU,YOZNIM,0.8969208406625258
RAHBOU,YOZNEI,0.8968699784262301
RAHBOU,DIHVIB,0.8968416028956094
RAHBOU,WULJUJ,0.8965612689491695
RAHBOU,DOTSOV02,0.8965413189635582
RAHBOU,QAWHIH01,0.8951138579728323
RAHBOU,OHOMIH,0.8939413221181951
RAHBOU,YOZNUY,0.8937477254865502
RAHBOU,YOZNOS,0.88731146089748
RAHBOU,YOZMUX,0.8832011254249579
RAHBOU,YAVYAW02,0.8510266295462462
RAHBOU,YAVYAW,0.8510118078874567
RAHBOU,XOPLOE,0.8505412334204836
RAHBOU,GOXZIE,0.8504015988851363
RAHBOU,LEDLEN,0.8494342672261711
RAHBOU,PARNON,0.8489039798969258
RAHBOU,PARNIH,0.8484438067316569
RAHBOU,ORAWAH,0.8417035885172611
LUDLIH,XAMDUM01,0.9999978012468562
LUDLIH,RILFEA,0.99999754447581
LUDLIH,BODPAN,0.9999975198488288
LUDLIH,UXISUR,0.9999971482295064
LUDLIH,YOZMEH,0.9999971438546972
LUDLIH,FIQCEN,0.999996900390585
LUDLIH,LUDLED,0.9999964818648964
LUDLIH,YOZMIL,0.9999954837098924
LUDLIH,XAMDUM02,0.9999906043847288
LUDLIH,DIHVIB,0.9999859719760752
LUDLIH,DOTSOV13,0.999956706300112
LUDLIH,DOTSOV11,0.999956668234066
LUDLIH,DOTSOV14,0.999956547434524
LUDLIH,DOTSOV15,0.9999563075103776
LUDLIH,DOTSOV10,0.9999563072357298
LUDLIH,DOTSOV12,0.9999562135333864
LUDLIH,DOTSOV08,0.9999559332231308
LUDLIH,QAWHIH01,0.9992078795999776
LUDLIH,WULJUJ,0.99900508231959
LUDLIH,DOTSOV02,0.9989844713565846
LUDLIH,YOZNUY,0.9983304944698
LUDLIH,NEHZOS,0.9964935142922328
LUDLIH,NEHZUY,0.9964089018759568
LUDLIH,YOZNOS,0.991956411467794
LUDLIH,YOZMUX,0.988211878945848
LUDLIH,DALSOA,0.9329962597776302
LUDLIH,ORAWAH,0.9321161479853888
LUDLIH,ONIXOZ,0.9249242042881164
LUDLIH,EXOYAS,0.9197331265204116
LUDLIH,RAWYAS,0.9189544455068076
LUDLIH,IWEVAJ,0.9187970653024956
LUDLIH,CITXUZ,0.9185129756766306
LUDLIH,GERWEH,0.9082204489098042
LUDLIH,HOGLEV,0.907775271173873
LUDLIH,EXOGAB,0.907728531625329
LUDLIH,NUTQEZ,0.9076414550989864
LUDLIH,HOGLEV01,0.9076122579977348
LUDLIH,MOCKEV,0.9073857068046514
LUDLIH,XIJSUH,0.9073667475376748
LUDLIH,ALIXUP,0.9004106710198487
LUDLIH,HUCBOX02,0.8973175888871133
LUDLIH,HUCBOX01,0.8972627332597681
LUDLIH,HUCBOX,0.8970678483843437
LUDLIH,PAMQIF,0.8968709381862912
LUDLIH,MOFGOE,0.8959252951642159
LUDLIH,MOBDIR,0.8959225016536706
LUDLIH,VUJBIM,0.8952502207250154
LUDLIH,GIKMOD,0.8938990492837154
LUDLIH,VIXPUP01,0.8871100623305707
LUDLIH,IPUPIU,0.887074985773082
LUDLIH,LUDLAZ,0.8861233145417183
LUDLIH,PAFZEE,0.885075053412837
LUDLIH,KANMIX,0.8850517989521827
LUDLIH,USEVOF,0.8850247807011137
LUDLIH,XEDMEB,0.8847374603612366
LUDLIH,ADONEP,0.8845413011428499
LUDLIH,EXAXAE,0.8821696399429084
LUDLIH,ANUGOG,0.8779381935357337
LUDLIH,NEMCOA,0.8746271408711195
LUDLIH,OKABAE,0.867086288277446
LUDLIH,HABQUY,0.8665691110319963
LUDLIH,KIRFOI,0.8659155341911442
LUDLIH,IWEQAD,0.8610938745123358
LUDLIH,NIGDIS,0.861004391815964
LUDLIH,TEKYOA,0.8609388982512303
LUDLIH,TOVWAE,0.8608268454012352
LUDLIH,XICKOL,0.8606317463542024
LUDLIH,OGEBAF01,0.8586162623343147
LUDLIH,JALPAQ,0.8582243306224205
LUDLIH,IXAJUN,0.8575729107141481
LUDLIH,FAMQAO,0.8535418264333468
LUDLIH,FALTUK,0.8535411928237349
LUDLIH,FAMPUH,0.8535314177150092
LUDLIH,NAPSUV,0.853507184617323
LUDLIH,EPISOM,0.8526685850067774
LUDLIH,LAYXER,0.8516703398924818
LUDLIH,MAVRAE,0.8513846559580625
LUDLIH,LAYWOA,0.8502795650842065
LUDLIH,LAYXAN,0.8495077560005708
LUDLIH,RUJMEQ,0.8463509617009425
LUDLIH,UWALEL,0.8449962096822629
LUDLIH,BAZFUF,0.8398182251699923
LUDLIH,LUKLIN,0.8397137148267059
LUDLIH,HUJGEA,0.8389575757892063
LUDLIH,ENIHUG,0.8388716795005695
LUDLIH,BAZGAM,0.8380046694474853
QERZUI,BAHGUN04,0.9999988230808278
QERZUI,UFUMUD02,0.9999949093979535
QERZUI,BAHGUN02,0.9999494572384184
QERZUI,QERZUI01,0.999945987362389
QERZUI,UGEPEB01,0.9998632686236042
QERZUI,UFUMUD,0.99982027010975
QERZUI,NIHDEQ,0.999738495527204
QERZUI,POFDIZ,0.9997293688557692
QERZUI,UGEPEB,0.9996203120368768
QERZUI,MURREW,0.9995991400570436
QERZUI,KAKTIA01,0.9993691157810106
QERZUI,AHEMEG,0.9988489424785691
QERZUI,POFFAT,0.9978467157028266
QERZUI,NELCEN,0.996974358029619
QERZUI,POFFEX,0.996463676675954
QERZUI,KAGJOS,0.9228956308856032
QERZUI,JALPAQ,0.8792301187959178
QERZUI,NAPSUV,0.8666221832884475
QERZUI,UNACIW,0.8665729845874302
QERZUI,IDUSIM02,0.8665677344518358
QERZUI,UNABUH,0.8665617108667023
QERZUI,ISISUZ,0.866558639281346
QERZUI,IDUTAF,0.8665371686374358
QERZUI,IDUTIN,0.866528936794596
QERZUI,IDUTEJ,0.8665188842899543
QERZUI,HOYKUD,0.8566443446313041
QERZUI,DEGSIS01,0.8439833949832742
QERZUI,CEZYOY,0.8437501483189016
QERZUI,QESBAR,0.8435130542172029
ANUGOG,IPUPIU,0.987558448568548
ANUGOG,LAYXER,0.9851415769370372
ANUGOG,LAYXAN,0.9831383314845568
ANUGOG,BAZGAM,0.9610583538133936
ANUGOG,KIJRUS,0.9598063095461188
ANUGOG,NAFSOF,0.9582454266126724
ANUGOG,QOWRAV,0.9569173334154478
ANUGOG,QOWRAV10,0.9568924343720902
ANUGOG,QOWRAV12,0.9568692908794518
ANUGOG,QOWRAV08,0.9568601109319526
ANUGOG,QOWRAV05,0.9568041518631408
ANUGOG,QOWRAV03,0.9568004287301034
ANUGOG,LIGQEA,0.9541383772856838
ANUGOG,LAQNID,0.9419271551723076
ANUGOG,ENIHUG,0.905449704910244
ANUGOG,YUSWEP,0.8997258526628317
ANUGOG,RUJMEQ,0.8927851724898321
ANUGOG,NIGDIS,0.886703935629093
ANUGOG,TEKYOA,0.8866673533572726
ANUGOG,XICKOL,0.8864403293129984
ANUGOG,SEMNIJ,0.8849321637965564
ANUGOG,JALPAQ,0.8843394275355392
ANUGOG,IXAJUN,0.8837433737086375
ANUGOG,YIMQOD,0.8825068091696646
ANUGOG,LURRIA,0.8819955036721253
ANUGOG,DOTSOV42,0.8779631244168932
ANUGOG,DOTSOV13,0.8779622052480925
ANUGOG,DOTSOV11,0.8779621963353096
ANUGOG,DOTSOV15,0.877962110972289
ANUGOG,DOTSOV10,0.8779621109289174
ANUGOG,DOTSOV14,0.8779620863397516
ANUGOG,DOTSOV08,0.8779620211885113
ANUGOG,DOTSOV16,0.8779620195348923
ANUGOG,BODPAN,0.8779506892828624
ANUGOG,RILFEA,0.8779345444239959
ANUGOG,XAMDUM01,0.8779343973198971
ANUGOG,YOZMEH,0.877931348577933
ANUGOG,FIQCEN,0.8779297825886402
ANUGOG,LUDLED,0.8779274553865108
ANUGOG,YOZNIM,0.8779215677277427
ANUGOG,YOZMIL,0.8779189301259004
ANUGOG,YOZNEI,0.8779040025596463
ANUGOG,DIHVIB,0.8778945578329971
ANUGOG,HIDTUM,0.8769785528171823
ANUGOG,QAWHIH01,0.8768747863452897
ANUGOG,YOZNUY,0.8758725323519096
ANUGOG,NEHZOS,0.8750159650759175
ANUGOG,NEHZUY,0.8749382236070544
ANUGOG,OHOMIH,0.8726632326277702
ANUGOG,HAYXIR,0.8709481034338914
ANUGOG,KIRFOI,0.8693804975321774
ANUGOG,YOZNOS,0.8692884595035724
ANUGOG,HANWAW,0.8586089714729077
ANUGOG,ASIVAB,0.8561910902071129
ANUGOG,WURNOO,0.855605978987219
ANUGOG,KAGJOS,0.8555875840757763
ANUGOG,ADASEF,0.8515858025176244
ANUGOG,OGEBAF,0.839356131700078
ANUGOG,OGEBAF01,0.8391924670933814
ANUGOG,XITYOP,0.8383377267871936
DOTSOV38,DOTSOV27,0.9999999933255068
DOTSOV38,DOTSOV25,0.9999999992050496
WUMDIT,ACODIH,0.975395002978058
WUMDIT,PICCUC,0.9752256818989148
WUMDIT,CESQUP,0.9746724542671727
WUMDIT,JEDDII,0.974086242159598
WUMDIT,PIWLIT,0.9224118345351384
WUMDIT,PIWLAL,0.922029029031406
WUMDIT,GUGNON,0.885242095966009
WUMDIT,VOLRAQ,0.8814328788107809
WUMDIT,REDROI,0.8779587958941831
WUMDIT,VEGMOK03,0.8779578668943251
WUMDIT,GATBUZ,0.8779576022979282
WUMDIT,IFABIA02,0.8778120319106857
WUMDIT,FIJCUX01,0.877293681158819
WUMDIT,PEVQOY,0.876845979704216
WUMDIT,MIBQAR15,0.8766638524396402
WUMDIT,HOLRAD,0.876599573100815
WUMDIT,RUYGOJ,0.8730808498693727
WUMDIT,DITTEH,0.8659067251680501
WUMDIT,DUPKAC,0.8561682379904626
WUMDIT,XAFFAN,0.8558931633050424
WUMDIT,QEDZEG,0.8485955160630856
WUMDIT,NAWXER,0.8401354848023226
LIGQEA,QOWRAV04,0.9997572611484524
LIGQEA,QOWRAV03,0.9997563917300774
LIGQEA,QOWRAV07,0.9997471798578136
LIGQEA,QOWRAV12,0.9997423237988634
LIGQEA,QOWRAV10,0.9997374890455656
LIGQEA,BAZGAM,0.9822764126124196
LIGQEA,NAFSOF,0.9741062186509976
LIGQEA,ANUGEW,0.9554493915649576
LIGQEA,LAYXER,0.9530486061898203
LIGQEA,LAYWOA,0.9497929790244516
LIGQEA,LAYXAN,0.948110377668004
LIGQEA,YUSWEP,0.9294483798198518
LIGQEA,LAQNID,0.8918428644327955
LIGQEA,AZAVUU,0.8851120567700392
LIGQEA,ORAWAH,0.879531194044784
LIGQEA,HAYXIR,0.8691803507304988
LIGQEA,KAGJOS,0.8685530190275758
LIGQEA,ENIHUG01,0.8662147863949536
LIGQEA,LURRIA,0.8581350504162468
LIGQEA,MUNDOQ,0.8551138799828082
LIGQEA,NAPSUV,0.8540878360422253
LIGQEA,SIXNIZ,0.8493213485170932
LIGQEA,SIXNEV,0.8476453352237835
LIGQEA,EPISOM,0.847510487892589
LIGQEA,YIMQOD,0.8448974839671647
LIGQEA,YOZNUY,0.8378907598975895
FAHQOX,ONOCUR,0.9790881248411571
FAHQOX,HAJYAV,0.9338240003912404
FAHQOX,XUYYIA,0.9319546490004972
FAHQOX,XUYYEW,0.9318537819496528
FAHQOX,EJINIV,0.9309259821077274
FAHQOX,EJINIV01,0.930884772690916
FAHQOX,HALVEY,0.9289121682075374
FAHQOX,FIQDER,0.926344064978084
FAHQOX,XEVSIB,0.8744640417630573
FAHQOX,XEVSIB01,0.8744440888022769
FAHQOX,XUZRIU,0.8730150114121717
FAHQOX,HABZEQ,0.8707858399840179
FAHQOX,MOXDOT01,0.8614651309580805
FAHQOX,NIGNUO,0.8599374100053035
FAHQOX,BUKLOJ,0.8521816874442312
FAHQOX,ESEQUO,0.8516430490439699
FAHQOX,YIRSUQ,0.8454808385089495
FAHQOX,AXINIF,0.8454352078956472
FAHQOX,DIBQOW,0.8441616725546286
FAHQOX,MIHJUL,0.8430937507932039
FAHQOX,HELDOT,0.8425216939456672
ODUNEH,PIWLAL,0.999258244010441
ODUNEH,GUGNON,0.9557309778684888
ODUNEH,VOLRAQ,0.9525975571486984
ODUNEH,REDROI,0.9472047760137136
ODUNEH,VEGMOK03,0.9471734753175854
ODUNEH,VEGMOK04,0.9471730652769536
ODUNEH,GATBUZ,0.9471728123370912
ODUNEH,VEGMOK01,0.9471659130947984
ODUNEH,IFABIA02,0.9470796441657154
ODUNEH,IFABIA01,0.9470581287806914
ODUNEH,FIJCUX,0.946424677319222
ODUNEH,PEVQOY,0.9463366339748356
ODUNEH,MIBQAR15,0.9461744830663008
ODUNEH,HOLRAD,0.946117042721654
ODUNEH,DITTEH,0.9328848441316546
ODUNEH,DUPKAC,0.9218271051342934
ODUNEH,XAFFAN,0.9210425133343444
ODUNEH,NOXMAQ,0.9199461238016988
ODUNEH,GOSDUP,0.91437784049106
ODUNEH,QEDZEG,0.9124586960837692
ODUNEH,REBVIG,0.8954185304458534
ODUNEH,NIYZIG,0.8849070438218862
ODUNEH,PICCUC,0.8847904117035582
ODUNEH,ACODIH,0.8847039998143049
ODUNEH,CESQUP,0.8843225934498234
ODUNEH,DUFLOH,0.8749077557756368
ODUNEH,IQOJAB,0.8726330680610555
ODUNEH,BOLPAU,0.8650015325799099
ODUNEH,HUTZAX01,0.8649144794356853
ODUNEH,WUHNUK,0.8644170078876181
ODUNEH,VANHEA,0.8584961847684175
ODUNEH,EJIQIZ,0.8535187276315678
ODUNEH,QOZSIJ,0.8523420328511042
ODUNEH,MOFTIL01,0.8478111301335663
ODUNEH,FECWOB,0.8477438241162059
ODUNEH,RUTNOK,0.8465776668614614
ODUNEH,UKOLOV,0.8462446396906121
ODUNEH,WORKUL,0.8444067430840649
ODUNEH,MIMRAB01,0.8442391293043261
ODUNEH,QAQSAD,0.8440210685668904
ODUNEH,FECYUJ,0.8434669641740027
ZARLIP,ZARLEL,0.9995064601152944
ZARLIP,JOVYAW,0.8857020014968111
ZARLIP,FIJCUX01,0.8779607424412728
ZARLIP,FIJCUX,0.8779517074428232
ZARLIP,KOZNEU,0.8775511146401272
ZARLIP,GATBUZ,0.8773258774547392
ZARLIP,VEGMOK04,0.8773248752071027
ZARLIP,VEGMOK03,0.8773232420805767
ZARLIP,REDROI,0.8770826574064137
ZARLIP,IFABIA02,0.8766890393277538
ZARLIP,PEVQOY,0.8742181570403036
ZARLIP,VUSKEA,0.8739520261050157
ZARLIP,MIBQAR15,0.8738913516405935
ZARLIP,MIBQAR07,0.8738671179271864
ZARLIP,MIBQAR01,0.8737876536545978
ZARLIP,PIWLIT,0.8378373492691825
FISQIK,XUDVAV,0.994206683415473
FISQIK,DIBQIQ,0.9478479790081352
FISQIK,NIGPEA,0.9468603032921784
FISQIK,AXINIF,0.9467023342498928
FISQIK,MIHJUL,0.9459542691865273
FISQIK,HELDOT,0.9457542755408356
FISQIK,NIGNUO,0.9339604286332938
FISQIK,DIBQEM,0.93354186252562
FISQIK,MOXDOT,0.9330092356995988
FISQIK,MOXDOT01,0.9330075982925043
FISQIK,FEYJOJ,0.9310766053540354
FISQIK,KESFOG,0.9305231010163882
FISQIK,KESFIA,0.9305203164765145
FISQIK,VASYEW,0.9199380377057188
FISQIK,AGAFAS,0.9182426190883342
FISQIK,BAKJOO,0.8962705301600107
FISQIK,BAKJII,0.8956625446973137
FISQIK,CANYIB,0.8946177214583985
FISQIK,XAPSIS,0.8868475310489792
FISQIK,CIPLIX,0.8863507270466787
FISQIK,BUKLOJ,0.8846162568090894
FISQIK,SEQSOY,0.878688154854316
FISQIK,FEXCAO01,0.8783888605133138
FISQIK,ESEQUO,0.8744246265769564
FISQIK,FEVDER,0.8727335990067162
FISQIK,BEPRIZ,0.87246561350033
FISQIK,NOMPIQ01,0.8719147253825864
FISQIK,CIKPEU,0.8718467382341525
FISQIK,ERUNUC,0.8659379371798939
FISQIK,ERUNOW,0.8656042548577054
FISQIK,JODGIU,0.8655516474678826
FISQIK,DIDBOJ,0.8654709960712411
FISQIK,DIDBEZ,0.8654584375907409
FISQIK,CAXZOS,0.8654500586207514
FISQIK,VACKUI,0.8650163503907338
FISQIK,SIDXOV,0.8640911551225943
FISQIK,HALVEY,0.8574589132850089
FISQIK,CAQKAJ01,0.8573837720063595
FISQIK,CAQJOW,0.8548263928254858
FISQIK,XALMOO,0.8525159800452214
FISQIK,XALMII,0.851613679109104
FISQIK,DIQHAO01,0.8484392796778917
FISQIK,NIDFOX,0.8451731127619869
FISQIK,BIKMAL,0.8425400933222056
FISQIK,BIKMAL01,0.8420015981609317
DOTSOV36,DOTSOV28,0.9999999986972632
WIZMAV10,WIZMAV07,0.9999999999186856
WIZMAV10,WIZMAV09,0.9999999984511716
WIZMAV10,WIZMAV,0.9999999973818254
WIZMAV10,WIZMAV08,0.999999983365989
WIZMAV10,WIZMAV05,0.99999993441672
WIZMAV10,WIZMAV12,0.9999999009137914
WIZMAV10,ERARUM,0.9999990492138184
WIZMAV10,HERHEU,0.9545163008295114
WIZMAV10,BUNLAZ,0.9494063719296808
WIZMAV10,BUNKUS,0.9487732563787868
WIZMAV10,RUBTAK05,0.9469457628054224
WIZMAV10,UFOSEQ,0.9469435347335023
WIZMAV10,SURLEY,0.9469428154794928
WIZMAV10,SURHEU02,0.9469423564730935
WIZMAV10,OFOJAX,0.9310244755069794
WIZMAV10,DITJOH,0.9225389326457988
WIZMAV10,VIKSIU,0.8939354819088814
WIZMAV10,VIKRIT,0.8932494731642034
WIZMAV10,ESEBOV,0.8931832950799333
WIZMAV10,UNEJEE,0.8928943033201665
WIZMAV10,YEYCUC,0.8923920807556155
WIZMAV10,XIJVIY,0.892219413579912
WIZMAV10,HICNOZ,0.8785524422914013
WIZMAV10,HERHUK,0.8747787615921789
WIZMAV10,RUKDIM,0.8650567029130483
WIZMAV10,XULGIW,0.8650551119945573
WIZMAV10,WUPTUY01,0.8634627821425487
WIZMAV10,OXOLAP,0.8632050157866811
WIZMAV10,WUPTUY,0.8631855643260978
WIZMAV10,RIBSAZ,0.85311311171412
HERHEU,EMIYUW,0.9999804570547576
HERHEU,GAYXEM,0.9998670429726324
HERHEU,GERBEN,0.9998569339616366
HERHEU,HERHAQ,0.9996076438993609
HERHEU,ERANAO,0.954647697376208
HERHEU,WIZMAV05,0.954538613827479
HERHEU,WIZMAV06,0.9545345139576286
HERHEU,HICNOZ,0.9159447508731912
HERHEU,HICNUF,0.9158310258001288
HERHEU,BUNLAZ,0.915046341182408
HERHEU,BUNKUS,0.9147337573802692
HERHEU,IZIBUQ,0.9050282903636008
HERHEU,RUBTAK05,0.904633623361964
HERHEU,UFOSEQ,0.9046254810304863
HERHEU,SURHEU02,0.9046211852104532
HERHEU,UFOSOA,0.904615635885314
HERHEU,OFOJAX,0.8983982037287364
HERHEU,HERHUK,0.8931639772866593
HERHEU,VIKSIU,0.8814799855494598
HERHEU,VIKRUF,0.8813758318971912
HERHEU,ESEBOV,0.8599601612095361
HERHEU,YEYCUC,0.8522118104196057
HERHEU,XIJVIY,0.8518768472610347
HERHEU,BOHWUS,0.840097833058431
EBEWOZ01,EBEWOZ,0.9999999450296514
EBEWOZ01,EBEWIT,0.9999885654465024
EBEWOZ01,YENZAV,0.89773625734436
EBEWOZ01,RAVDID,0.8935125320427038
EBEWOZ01,MIRGIG,0.8872681080179053
EBEWOZ01,KEZLIN,0.8861014985288738
EBEWOZ01,AFUDUD,0.8841956926612901
EBEWOZ01,ADEGIA,0.8673223127462262
EBEWOZ01,ATIKAP,0.8671941310555475
EBEWOZ01,ELIKUG,0.8598971891015612
EBEWOZ01,UMIZEX,0.8446151567122271
EBEWOZ01,ATEYOP,0.8396902528768877
EBEWOZ01,XISDOU,0.8392162724379223
MURBEI,TONKEN,0.9996531918965216
MURBEI,OTEGOL01,0.9989164563331528
MURBEI,OWIHUZ,0.9989140706671752
MURBEI,OWIJAH,0.998903062925684
MURBEI,OWIJIP,0.9988438179845188
MURBEI,CUFDUD,0.9472131130149652
MURBEI,CUFFIT,0.9469367211988003
MURBEI,CUFDOX,0.9469226052084064
MURBEI,CUFFUF,0.9469139662427254
MURBEI,CUFFOZ,0.9469074626959492
MURBEI,YAMXOC,0.9469063626093452
MURBEI,XINTOG,0.8813326995594175
MURBEI,GIWMAD,0.8651341340387422
MURBEI,NEDLOZ,0.8647617282599243
MURBEI,CIFSIW,0.8642890676821811
MURBEI,CIFSAO,0.8638017520061784
MURBEI,FOSTIS,0.8636472950007482
MURBEI,UNIDAY,0.863534963041519
MURBEI,FOSTOY,0.8634134598853411
MURBEI,TIRFIK,0.8537174455550615
IFIPEV,FIFGEI,0.9999854130491936
IFIPEV,GALJAG,0.9996801337198196
IFIPEV,FAHQEM,0.9982153736683612
IFIPEV,GALHUY,0.9935518046212396
IFIPEV,GIWMAD,0.9562957812106252
IFIPEV,CIFSIW,0.9544208691474122
IFIPEV,CIFSAO,0.9537046013302825
IFIPEV,CIFSES,0.9535721121338192
IFIPEV,FOSTIS,0.9534875900436448
IFIPEV,UNIDAY,0.9533442828009728
IFIPEV,FOSTOY,0.9531629002322148
IFIPEV,MAYJOM,0.947079725047805
IFIPEV,VIFPUY02,0.9468914949622604
IFIPEV,VIFPUY05,0.9468901521971648
IFIPEV,VIFPUY,0.9468874810891048
IFIPEV,VIFPUY03,0.9468868620966764
IFIPEV,TIRFOQ,0.8413521881117221
QOTZEG,IZAVUA01,0.8943971613310766
DADTOS17,LIJWOR06,0.9999995261941624
DADTOS17,PADJOU01,0.9999978241821204
DADTOS17,VIRJEM,0.9999952340736734
DADTOS17,REZJIR03,0.9999901110869568
DADTOS17,MNFORD02,0.9999883252301318
DADTOS17,YUKTUU,0.9999879626552044
DADTOS17,YUKTUU01,0.9999877740892844
DADTOS17,REZJIR02,0.9999871038137074
DADTOS17,IJOMOJ01,0.999987040221538
DADTOS17,QINSUD,0.99997414519519
DADTOS17,SIWPUL04,0.9999741437226686
DADTOS17,NURGUE,0.9999569891574778
DADTOS17,DADTOS13,0.9999418026534612
DADTOS17,YANWOC02,0.9999355797266436
DADTOS17,DADTOS,0.999920872765202
DADTOS17,LIJWOR01,0.9999205650631572
DADTOS17,DADTOS04,0.9999188062678412
DADTOS17,DADTOS01,0.9999177499887038
DADTOS17,DADTOS08,0.9999163988724048
DADTOS17,DADTOS09,0.9999155721055336
DADTOS17,DADTOS06,0.9999129708794866
DADTOS17,DADTOS18,0.999910111566361
DADTOS17,YANWOC01,0.999909767769968
DADTOS17,YANWOC,0.9998784198728564
DADTOS17,DADTOS07,0.9998266559170303
DADTOS17,DADTOS03,0.9998158841925722
DADTOS17,JEDKIP01,0.999807540136212
DADTOS17,SIWPUL11,0.996535383881606
JALPAQ,XICKOL,0.9990210633473646
JALPAQ,NAPSUV,0.9857819208207692
JALPAQ,EXOGAB,0.9167658153236216
JALPAQ,WURNOO,0.909413126723839
JALPAQ,ICAGOK,0.9084618793987016
JALPAQ,EDORUN,0.8995173715087489
JALPAQ,ORAWAH,0.8839242948989673
JALPAQ,IDUDES,0.8810659856127335
JALPAQ,UFUMUD01,0.8792783924539324
JALPAQ,EGOZAB,0.8792738899586681
JALPAQ,BAHGUN,0.879242347672519
JALPAQ,BAHGUN03,0.8792257792946283
JALPAQ,BAHGUN04,0.8792129390642538
JALPAQ,POFDIZ,0.8791395312223353
JALPAQ,BAHGUN02,0.8791290765367622
JALPAQ,QERZUI01,0.8790611802262875
JALPAQ,ECODIK,0.8789765237823692
JALPAQ,KAKTIA,0.8789377398755543
JALPAQ,UFUMUD,0.8789193868263726
JALPAQ,KAKTIA01,0.8789182381167979
JALPAQ,POFDEV,0.8788780553600609
JALPAQ,UFUNIS,0.8787656194415296
JALPAQ,AHEMEG,0.8786052894255519
JALPAQ,UGEPEB,0.8785616455907533
JALPAQ,VOJPUG01,0.878514409935454
JALPAQ,KIRFOI,0.8778564887584779
JALPAQ,POFFAT,0.8777945072249036
JALPAQ,NELCEN,0.8770534808590462
JALPAQ,POFFEX,0.8766095210706676
JALPAQ,LAQNID,0.8761088118513056
JALPAQ,ANUGEW,0.8729780864197048
JALPAQ,LAYWOA,0.872783272529126
JALPAQ,IDUDIW,0.869370790786079
JALPAQ,HOYKUD,0.8677370017748136
JALPAQ,NEHZOS,0.8611317034566779
JALPAQ,GAVDUD,0.8611294137095586
JALPAQ,NEHZUY,0.8611239398562854
JALPAQ,OHOMIH,0.860596206578462
JALPAQ,WULJUJ,0.8589141707969729
JALPAQ,DOTSOV16,0.85888500791264
JALPAQ,DOTSOV12,0.8588849319309035
JALPAQ,DOTSOV15,0.8588822040179835
JALPAQ,DOTSOV42,0.8588463097767434
JALPAQ,BODPAN,0.8583581391477824
JALPAQ,XAMDUM02,0.8583559725911833
JALPAQ,XAMDUM01,0.8581651719714398
JALPAQ,UXISUR,0.8581356375542427
JALPAQ,YOZMEH,0.8581354740195043
JALPAQ,XAMDUM,0.8581347790746027
JALPAQ,FIQCEN,0.858120715254193
JALPAQ,LUDLED,0.8580993219697348
JALPAQ,YOZNIM,0.8580477682668038
JALPAQ,YOZMIL,0.8580264849764988
JALPAQ,YOZNEI,0.8579146555033648
JALPAQ,DIHVIB,0.8578430815454985
JALPAQ,QAWHIH01,0.8544155316224902
JALPAQ,IDUSIM,0.8544062313107282
JALPAQ,IDUSIM01,0.8543695350231165
JALPAQ,UNACES,0.8543483762825839
JALPAQ,UNACIW,0.8543255987059537
JALPAQ,IDUSIM02,0.8543188382110879
JALPAQ,UNABUH,0.8543061262052385
JALPAQ,ISISUZ,0.8543032148015753
JALPAQ,IDUTAF,0.8542640162091214
JALPAQ,IDUTEJ,0.8542368044235936
JALPAQ,YOZNUY,0.852178636051488
JALPAQ,TEKYOA,0.8462695533783938
JALPAQ,YOZNOS,0.8459268351761419
JALPAQ,ASUKEE01,0.8457473346496195
JALPAQ,LIRVAK,0.8455580201225806
JALPAQ,XIQZIH,0.8455181160739257
JALPAQ,KIKRAA,0.8454413137610993
JALPAQ,PEKZIP,0.8447616890391674
JALPAQ,KOGYIP,0.8445227058965994
JALPAQ,CUPHUS,0.8445180278896032
JALPAQ,OJOQAF02,0.8441353432525515
JALPAQ,OJOQAF,0.8439885390260333
JALPAQ,HANWAW,0.843847394726727
JALPAQ,KIJRUS,0.8413910397790867
JALPAQ,NEMCOA,0.8412486200425096
JALPAQ,YOZMUX,0.841236762514851
JALPAQ,HIDTUM,0.8410699428707313
JALPAQ,ENIHUG,0.8407918616799922
JALPAQ,UWALEL,0.8390162217855779
JALPAQ,BAZFUF,0.8385965538109195
EDORUN,EDOSOI,0.9999940866777236
EDORUN,CEZYOY,0.8619213543696855
EDORUN,XITYOP,0.86125044527941
EDORUN,WURNOO,0.8386281417068681
CAJHUS,IZAKAX,0.9999961033734936
CAJHUS,NIKZAJ01,0.999944373858734
CAJHUS,NIKYOW,0.9999196581296096
CAJHUS,NIHBAI01,0.9999012349586166
CAJHUS,CAJHUS01,0.9998873745267672
CAJHUS,NIKYUC,0.9997585027792802
CAJHUS,VICBEQ,0.9979817004081776
CAJHUS,NUDPAE,0.9979296878510904
CAJHUS,NUDPAE01,0.997917048545568
CAJHUS,NUDPAE09,0.9970619551159992
CAJHUS,IZIDOM,0.9963525683415432
CAJHUS,XACLOF,0.9957711798405128
CAJHUS,NUDNUW09,0.9956024615954024
CAJHUS,PESTAL,0.9955618684674016
CAJHUS,NUDNUW01,0.9954290799540392
FUTZAX,NANYUX03,0.9999069397231024
FUTZAX,VEHKAW,0.9999001354567432
FUTZAX,ACIBOE,0.999877571950314
FUTZAX,PEJPEB,0.9998101360207382
FUTZAX,FUTZEB,0.9993854389859133
FUTZAX,ULISOZ,0.998414906137458
FUTZAX,NIWYID,0.998246186672336
FUTZAX,IJEXIF01,0.9971561150070314
FUTZAX,KUNLEL,0.9906828289880748
FUTZAX,YOZYUJ,0.9472127825614948
FUTZAX,UFAMEW,0.9405578356045288
FUTZAX,DUZPUL,0.9395247094414206
FUTZAX,QOPZIF,0.9169027157468056
FUTZAX,JOVYAW,0.9078699372622449
FUTZAX,REBVIG,0.907288018277374
FUTZAX,MOHLIF,0.9020933213294964
FUTZAX,KEFBOO,0.896752763810676
FUTZAX,DUNXUH15,0.8967432998344786
FUTZAX,DUNXUH,0.8967289448686238
FUTZAX,DUNXUH13,0.8966441143115464
FUTZAX,LOWQIX,0.8961895580146246
FUTZAX,HOGJIX,0.8948863480547734
FUTZAX,EGIKUB01,0.8927401371026299
FUTZAX,DITTEH,0.8862557587486103
FUTZAX,BOWJAA,0.8853123590340712
FUTZAX,BUKMUQ01,0.8849934553918112
FUTZAX,REFVEF,0.8786861963824683
FUTZAX,DOYHIK,0.8779504387117034
FUTZAX,APACAX,0.8766602448507532
FUTZAX,NUFBEX,0.8748106498494872
FUTZAX,DOYHOQ,0.8745185586724766
FUTZAX,KOZNEU,0.873958996340016
FUTZAX,VEGMOK01,0.8736544765866682
FUTZAX,GATBUZ,0.8736161805139708
FUTZAX,VEGMOK03,0.8736123062969889
FUTZAX,REDROI,0.8732713761448876
FUTZAX,IFABIA02,0.8727848577521584
FUTZAX,CUVTOD,0.8721207663801841
FUTZAX,PEVQOY,0.8696576058992086
FUTZAX,UKOLUD,0.8692119029959033
FUTZAX,MIBQAR01,0.8691466629707028
FUTZAX,HOLRAD,0.8691360031658026
FUTZAX,NUFCAU,0.8636693516475679
FUTZAX,SOWCOY01,0.8607481041858769
FUTZAX,UBUMAH,0.8603514848252982
FUTZAX,ADUVAZ,0.8553023298872627
FUTZAX,WEHHIC,0.8525204325151046
FUTZAX,IDIXAU,0.8499995459664724
FUTZAX,MIMRAB01,0.8474129039707934
FUTZAX,EZINAE,0.8454925749676081
FUTZAX,REYCEF,0.8429237406627437
FUTZAX,HEZKIH,0.8421260477421294
FUTZAX,NENHEU,0.8402063772945892
FUTZAX,GUGNON,0.8399159166194803
ADASEF,EXOGAB,0.879681223274546
ADASEF,IPUPIU,0.8598295220838417
ADASEF,LAYXER,0.8376474904268153
CUVTOD,NIWYID,0.8742112818884186
CUVTOD,ULISOZ,0.8741904103939491
CUVTOD,IJEXIF01,0.8741721532276225
CUVTOD,FUTZEB,0.873780952624391
CUVTOD,FUTYOK,0.8735656838956589
CUVTOD,FUVBAB,0.8734323373501498
CUVTOD,NANYUX03,0.872911974248739
CUVTOD,KUNLEL,0.8716404428281189
CUVTOD,EXOXUL,0.8654805962635215
KESFIA,FEYJOJ,0.99121688427763
KESFIA,JEDVUM,0.9468685792769612
KESFIA,CIPLIX,0.9468459503523594
KESFIA,XAPSIS,0.9463879715869828
KESFIA,VASYEW,0.9184603244157756
KESFIA,XUDVAV,0.917247992852347
KESFIA,BAKJII,0.903190056292473
KESFIA,BAKJEE,0.9025103636829446
KESFIA,TIDNIF,0.897864025254074
KESFIA,UFUKUB03,0.8730292795495156
KESFIA,FEVDER,0.8724788111423417
KESFIA,AZIHOI,0.8709796598037555
KESFIA,HUZJIW,0.8674068065772996
KESFIA,HELDOT,0.8651413291535544
KESFIA,DIBQOW,0.8650679942769846
KESFIA,NIGPEA,0.8648810395881344
KESFIA,FUDHAP,0.8641687820020112
KESFIA,EBIMEJ,0.8640960751363236
KESFIA,FUDHET,0.8585616276486022
KESFIA,FILYAC,0.8537631943481638
KESFIA,WIMWEW,0.8532650728398457
KESFIA,COXFOL,0.8518287849880346
KESFIA,DAFHEZ,0.8512513743918393
KESFIA,XADDUD,0.8510593341873598
KESFIA,FILYEG,0.8492589584698519
XAMDUM06,FIQCEN,0.9999999005885224
XAMDUM06,YOZNIM,0.9999998682049756
XAMDUM06,XAMDUM,0.9999998033608576
XAMDUM06,YOZMEH,0.9999997977024718
XAMDUM06,UXISUR,0.999999796355534
XAMDUM06,RILFEA,0.9999994605621868
XAMDUM06,YOZNEI,0.9999968779411216
XAMDUM06,DIHVIB,0.9999953494945064
XAMDUM06,BODPAN,0.9999933951968358
XAMDUM06,XAMDUM02,0.9999751917305798
XAMDUM06,DOTSOV42,0.9999457379823024
XAMDUM06,DOTSOV13,0.9999405419175856
XAMDUM06,DOTSOV11,0.9999404963115892
XAMDUM06,DOTSOV08,0.9999396142372068
XAMDUM06,DOTSOV16,0.9999396060374662
XAMDUM06,QAWHIH01,0.9992811821333348
XAMDUM06,WULJUJ,0.9988801148467656
XAMDUM06,DOTSOV02,0.9988583649648346
XAMDUM06,QIZLIW,0.9984518713603664
XAMDUM06,YOZNUY,0.9984362854967658
XAMDUM06,NEHZOS,0.9963415778070464
XAMDUM06,GAVDUD,0.9963209245479911
XAMDUM06,YOZNOS,0.991814390571386
XAMDUM06,DALSOA,0.9329860593745758
XAMDUM06,ONIXOZ,0.9246942739837876
XAMDUM06,EXOYAS,0.9196877724919738
XAMDUM06,RAWYAS,0.9188684227287652
XAMDUM06,IWEVAJ,0.918676229688124
XAMDUM06,CITXUZ,0.9184118797997304
XAMDUM06,GERWEH,0.9082309544712712
XAMDUM06,YUGLES,0.9079932851214488
XAMDUM06,NUTQAV,0.9078074763811944
XAMDUM06,HOGLEV,0.9077194408403476
XAMDUM06,OFOCUI,0.9076816378574504
XAMDUM06,EXOGAB,0.9076666445286627
XAMDUM06,MOCKEV,0.9074463612934578
XAMDUM06,XIJSUH,0.9074437767870154
XAMDUM06,MOCKAR,0.907438574562664
XAMDUM06,HANWAW,0.9063152595245674
XAMDUM06,PIDRAY,0.8997930180559855
XAMDUM06,HUCBOX02,0.8972962301057885
XAMDUM06,HUCBOX01,0.8972385366894822
XAMDUM06,HUCBOX,0.8969980663190682
XAMDUM06,PAMQIF,0.8967840246227388
XAMDUM06,VUJBIM,0.8953688924385285
XAMDUM06,GIKMOD01,0.8929944919223308
XAMDUM06,GINTUT,0.8872971322722031
XAMDUM06,RUVKAV,0.8870159666284343
XAMDUM06,VIXPUP,0.8866139581134864
XAMDUM06,EMUBOF,0.884930657101229
XAMDUM06,WANJIF,0.8848644482948078
XAMDUM06,XEDMEB,0.8846908036338876
XAMDUM06,APUPEH,0.8820947341065581
XAMDUM06,EXAXAE,0.8820310041010988
XAMDUM06,EMUBIZ,0.8816675982513161
XAMDUM06,DICKEH,0.8770414099960246
XAMDUM06,NEMCOA,0.8744790012030396
XAMDUM06,HIDTUM,0.8731735755970098
XAMDUM06,OKABAE,0.866966048851036
XAMDUM06,HABQUY,0.8663812152944548
XAMDUM06,KIRFOI,0.8657668606328367
XAMDUM06,IWEQAD,0.8610753838937072
XAMDUM06,XICKOL,0.8605730616156253
XAMDUM06,OGEBAF,0.8586761371465558
XAMDUM06,OGEBAF01,0.8584866712500068
XAMDUM06,XITYOP,0.8575322306600921
XAMDUM06,IXAJUN,0.8574195898833582
XAMDUM06,FAMQAO,0.8535500507504608
XAMDUM06,FALTUK,0.8535496317117441
XAMDUM06,FAMPUH,0.8535431152371395
XAMDUM06,FAMQES,0.8535348209310569
XAMDUM06,NAPSUV,0.8535248071801675
XAMDUM06,ANUGEW,0.8524673019071629
XAMDUM06,LAYXER,0.8515211394986061
XAMDUM06,MAVRAE,0.8512602657639571
XAMDUM06,LAYXAN,0.8493173335437835
XAMDUM06,WARXUL,0.8485487544222288
XAMDUM06,DEKBON,0.847027171802747
XAMDUM06,UWALEL,0.8447598637931184
XAMDUM06,BAZFUF,0.8398693192712203
XAMDUM06,ENIHUG,0.8389455212301005
XAMDUM06,ENIHUG01,0.8389118620570072
XAMDUM06,HUJGEA,0.8388846827844079
XAMDUM06,BAZGAM,0.8378376641641364
FIJCUX,EDOWIG,0.9998841316381752
FIJCUX,RUPZIM,0.9197520416812628
FIJCUX,KOZNEU,0.9997188954142204
FIJCUX,VEGMOK01,0.9995511217351012
FIJCUX,GATBUZ,0.9995288678542036
FIJCUX,VEGMOK04,0.9995280068262362
FIJCUX,REDROI,0.9993174334775108
FIJCUX,IFABIA02,0.9989575073376888
FIJCUX,IFABIA01,0.9989334530720352
FIJCUX,VUSKEA,0.9964252374353096
FIJCUX,MIBQAR15,0.9963679385052158
FIJCUX,MIBQAR01,0.9962699251498705
FIJCUX,HOLRAD,0.9962614232574756
FIJCUX,PIWLAL,0.9472128424054924
FIJCUX,PIWLIT,0.9470834022344128
FIJCUX,JENKET,0.9082064678972426
FIJCUX,HUTZAX01,0.9080843957500536
FIJCUX,VIKBUP,0.908049714416464
FIJCUX,YOCGAZ,0.907874427948726
FIJCUX,WUHNUK,0.9053589951576856
FIJCUX,VOLRAQ,0.9001697883977196
FIJCUX,ACODIH,0.8972571350628515
FIJCUX,QEDZEG,0.8970104764675277
FIJCUX,GOSDUP,0.8968284840311846
FIJCUX,RUYGOJ,0.896752344167769
FIJCUX,NIYZIG,0.8958375866882404
FIJCUX,JEDDII,0.8934778955421898
FIJCUX,SACHIP,0.8879634729884666
FIJCUX,UKOLOV,0.8870659637498055
FIJCUX,DITTEH,0.8870163147511093
FIJCUX,QAQSAD,0.8850120078083421
FIJCUX,IDIXAU,0.8845064646116273
FIJCUX,WORKUL,0.8840427722679345
FIJCUX,DARYIF,0.8838264771484963
FIJCUX,MIMRAB01,0.8837313343121138
FIJCUX,BUVNIR,0.8796776991387976
FIJCUX,XAFFER,0.877941498597443
FIJCUX,XOQXIL,0.8777379588467998
FIJCUX,NOXMAQ,0.8774244106917628
FIJCUX,PEJPEB,0.8749969693629367
FIJCUX,FUVBAB,0.8749948711049566
FIJCUX,ACIBOE,0.8749801572081275
FIJCUX,VEHKAW,0.8749679575194796
FIJCUX,NANYUX01,0.8749675752964112
FIJCUX,UNAGOH,0.8749503166325496
FIJCUX,DUPKAC,0.8748919375514639
FIJCUX,NIWYID,0.8743034924434001
FIJCUX,PERQUB,0.8742932743445776
FIJCUX,JEDVIA,0.8741609786813929
FIJCUX,OKELOH,0.8691624827270275
FIJCUX,XEGWIS,0.8688431872711
FIJCUX,KAHMOW,0.8688391416674675
FIJCUX,XEGXIT,0.8688353357750022
FIJCUX,KUNLEL,0.86841526576627
FIJCUX,XENMIO,0.8611464248505936
FIJCUX,HUVGEM,0.8611443097083892
FIJCUX,UBUMAH,0.8609913986627584
FIJCUX,LOWQIX,0.8607075260413161
FIJCUX,SAVMAE,0.8602260837984493
FIJCUX,HAZYUE,0.8590318748882615
FIJCUX,EGIKUB01,0.8584106893797062
FIJCUX,YICQOS,0.8570669004540308
FIJCUX,SIXWON,0.8519483948334232
FIJCUX,TACJEO,0.8493761018521517
FIJCUX,XOHNEO,0.849248366880982
FIJCUX,WOJZOK01,0.8468126690954162
FIJCUX,IGINIX,0.8463124955768834
FIJCUX,LEBQUH,0.8456852424300748
FIJCUX,NISCOJ,0.8452370562133922
FIJCUX,REBVIG,0.839966974564871
FIFPAM01,BOSHUN,0.9987558620661942
FIFPAM01,TEVVIC,0.861447682662523
FIFPAM01,BEJKEJ,0.8610243419935988
FIFPAM01,CAXZUY,0.860075997345213
FIFPAM01,TEVVOI,0.8541580628671617
FIFPAM01,LIDSAU,0.8457547908744285
FIFPAM01,LIDSEY,0.8456217555443377
FIFPAM01,XOMCIN,0.8451482559653168
UBUMAH,KEQDER,0.9554330318911856
UBUMAH,JOVYAW,0.9422457282742934
UBUMAH,KOZNEU,0.8611425304527355
UBUMAH,REGREC,0.8611370308616648
UBUMAH,FUTYOK,0.8610901928938242
UBUMAH,VEGMOK01,0.8610886883366962
UBUMAH,GATBUZ,0.8610798038337011
UBUMAH,VEGMOK03,0.8610788820284396
UBUMAH,FUVBAB,0.8610434036228247
UBUMAH,ULISOZ,0.8610267376157139
UBUMAH,REDROI,0.860979675778371
UBUMAH,PERQUB,0.8609699000124051
UBUMAH,FIJCUX01,0.8609465648913661
UBUMAH,NANYUX01,0.8608330182528985
UBUMAH,VEHKAW,0.8608159396990782
UBUMAH,NANYUX03,0.8608058326329264
UBUMAH,UNAGOH,0.8607601590601354
UBUMAH,IFABIA01,0.8607029965402297
UBUMAH,IJEXIF01,0.8605337806309439
UBUMAH,JEDVIA,0.8594070652867343
UBUMAH,PEVQOY,0.8591508727778434
UBUMAH,VUSKEA,0.858954514943483
UBUMAH,MIBQAR15,0.8589094131173256
UBUMAH,MIBQAR07,0.8588911703579543
UBUMAH,HOLRAD,0.8588253630815673
UBUMAH,BOWJAA,0.8494144344029222
YOZMIL,YOZNIM,0.9999998963729728
YOZMIL,LUDLED,0.9999994306552384
YOZMIL,FIQCEN,0.999999138942026
YOZMIL,YOZMEH,0.9999988923949092
YOZMIL,UXISUR,0.999998889932488
YOZMIL,RILFEA,0.9999982522962096
YOZMIL,DIHVIB,0.999997225493484
YOZMIL,BODPAN,0.9999906430567986
YOZMIL,XAMDUM02,0.9999750660464988
YOZMIL,DOTSOV42,0.9999374741520336
YOZMIL,DOTSOV11,0.9999318617585438
YOZMIL,DOTSOV14,0.9999314034560756
YOZMIL,DOTSOV15,0.999931398719823
YOZMIL,DOTSOV12,0.999930975719158
YOZMIL,DOTSOV08,0.9999309189364444
YOZMIL,QAWHIH01,0.9993092505287496
YOZMIL,WULJUJ,0.9988822913539056
YOZMIL,DOTSOV02,0.998860769668559
YOZMIL,QIZLIW,0.9984096653405377
YOZMIL,NEHZOS,0.996276906234156
YOZMIL,GAVDUD,0.9962564964159044
YOZMIL,QIZLOC,0.9938559564689736
YOZMIL,YOZNOS,0.9919146223827956
YOZMIL,YOZMUX,0.9881665827401772
YOZMIL,ORAWAH,0.9322238168400132
YOZMIL,EXOYAS,0.9196655802537886
YOZMIL,RAWYAS,0.9188308327842458
YOZMIL,IWEVAJ,0.918696819316226
YOZMIL,CITXUZ,0.918367781815335
YOZMIL,GERWEH,0.9082356933953982
YOZMIL,YUGLES,0.90800988044063
YOZMIL,NUTQAV,0.9078294260423928
YOZMIL,HOGLEV,0.907694575834906
YOZMIL,MOCKEV,0.9074794673909784
YOZMIL,XIJSUH,0.9074735685817324
YOZMIL,MOCKAR,0.9074684637316688
YOZMIL,HANWAW,0.906273223178014
YOZMIL,ALIXUP,0.9000885553096012
YOZMIL,HUCBOX01,0.897226268545886
YOZMIL,HUCBOX,0.8969983157892945
YOZMIL,PAMQIF,0.8967725714003685
YOZMIL,GIKMOD,0.8936845712060669
YOZMIL,GIKMOD01,0.8929236912517943
YOZMIL,GINTUT,0.8872955950645278
YOZMIL,IPUPIU,0.8871278637855452
YOZMIL,VIXPUP01,0.8870585329765048
YOZMIL,RUVKAV,0.886997631457786
YOZMIL,VIXPUP,0.8865856479919556
YOZMIL,LUDLAZ,0.8859973383358859
YOZMIL,PAFZEE,0.8850741979468297
YOZMIL,USEVOF,0.8850493186464785
YOZMIL,EMUBOF,0.8849431441994076
YOZMIL,WANJIF,0.8848645414890947
YOZMIL,XEDMEB,0.8846693598379994
YOZMIL,ADONEP,0.884440298411048
YOZMIL,APUPEH,0.8820362995620771
YOZMIL,EXAXAE03,0.8816404870198624
YOZMIL,EMUBIZ,0.8816051356689096
YOZMIL,NEMCOA,0.874415830943066
YOZMIL,LAQNID,0.869078145309509
YOZMIL,OKABAE,0.8669145641048319
YOZMIL,HABQUY,0.8664020173225319
YOZMIL,KIRFOI,0.865703507002932
YOZMIL,IWEQAD,0.861065021369393
YOZMIL,TOVWAE,0.8608921529883348
YOZMIL,XICKOL,0.8605468922367705
YOZMIL,OGEBAF,0.8586265461638823
YOZMIL,OGEBAF01,0.8584313476527762
YOZMIL,FALTUK,0.8535513648608732
YOZMIL,FAMPUH,0.8535462050020449
YOZMIL,FAMQES,0.8535389926773549
YOZMIL,NAPSUV,0.8535300829019389
YOZMIL,EPISOM,0.852537799551834
YOZMIL,ANUGEW,0.8524131318256695
YOZMIL,LAYXER,0.8514579980702215
YOZMIL,MAVRAE,0.8512101695103873
YOZMIL,LAYXAN,0.8492368663936588
YOZMIL,DEKBON,0.8469321296550032
YOZMIL,LUKLIN,0.8396314541380386
YOZMIL,ENIHUG01,0.8389410703479716
YOZMIL,HUJGEA,0.8388551713252885
YOZMIL,BAZGAM,0.8378036637756258
YOZMIL,YIMQOD,0.8376732729909215
YOZMUX,YOZNOS,0.9996354016858372
YOZMUX,DOTSOV02,0.9910041826547996
YOZMUX,WULJUJ,0.9909584522035833
YOZMUX,YOZNUY,0.9901290721738828
YOZMUX,QAWHIH01,0.9897660671284728
YOZMUX,XAMDUM02,0.9886021627463478
YOZMUX,YOZNEI,0.9883564863098684
YOZMUX,DIHVIB,0.988236297883842
YOZMUX,XAMDUM,0.9880048072914934
YOZMUX,UXISUR,0.98800402939777
YOZMUX,XAMDUM01,0.9879980255676974
YOZMUX,RILFEA,0.9879781090499165
YOZMUX,DOTSOV14,0.9873109469070354
YOZMUX,DOTSOV11,0.9872942317912602
YOZMUX,DOTSOV15,0.9872912868813186
YOZMUX,NEHZOS,0.9791084020242136
YOZMUX,NEHZUY,0.9789655917280696
YOZMUX,QIZLOC,0.9760502174184148
YOZMUX,OHOMIH,0.9752366098465703
YOZMUX,BABREE,0.9174055910061164
YOZMUX,IWEVAJ,0.9134576802386578
YOZMUX,EXOYAS,0.9058045709089994
YOZMUX,RAWYAS,0.903810467592104
YOZMUX,CITXUZ,0.9028037019092384
YOZMUX,OFOCUI,0.9005779626786645
YOZMUX,MOCKAR,0.8980947818769517
YOZMUX,YUGLES,0.8974947957641611
YOZMUX,GERWEH,0.8968771632393381
YOZMUX,HOGLEV01,0.8932317325492202
YOZMUX,MUDTEL,0.8875381161084482
YOZMUX,HUCBOX,0.8872112482166545
YOZMUX,HUCBOX02,0.8849810112969285
YOZMUX,MOFGOE,0.8809191394410545
YOZMUX,PIDRAY,0.8799839986318686
YOZMUX,GIKMOD,0.8764864789099119
YOZMUX,IPUPIU,0.8764040866420595
YOZMUX,GINTUT,0.8752574721973939
YOZMUX,WANJIF,0.8745690814880369
YOZMUX,VIXPUP01,0.8738102415475234
YOZMUX,USEVOF,0.8736089718967137
YOZMUX,KANMIX,0.873565879371331
YOZMUX,PAFZEE,0.8730336114515349
YOZMUX,XEDMEB,0.8709573821832182
YOZMUX,LUDLAZ,0.8709135463012062
YOZMUX,APUPEH,0.8653652023869444
YOZMUX,EXAXAE,0.8652594535468053
YOZMUX,EMUBIZ,0.8646100105319896
YOZMUX,HABQUY,0.8631314333261096
YOZMUX,DICKEH,0.8624011786165151
YOZMUX,LAQNID,0.8559298816530986
YOZMUX,HIDTUM,0.8552374582100266
YOZMUX,OKABAE,0.8507955679483687
YOZMUX,TOVWAE,0.8504018932712745
YOZMUX,KIRFOI,0.8486365019512238
YOZMUX,IWEQAD,0.8482315305706377
YOZMUX,NIGDIS,0.8481744693529036
YOZMUX,TEKYOA,0.8475070611535911
YOZMUX,XICKOL,0.8464639833856856
YOZMUX,OGEBAF,0.843294074595469
YOZMUX,OGEBAF01,0.8420088450577268
YOZMUX,FAMQES,0.8419713703061952
YOZMUX,FALTUK,0.8417949040155261
YOZMUX,EPISOM,0.8413550159987104
YOZMUX,IXAJUN,0.840112445059714
FUTYOK,KAFYAT,0.9082467080890024
FUTYOK,FUVBAB,0.9999938648728705
FUTYOK,PEJPEB,0.9999584885337685
FUTYOK,NANYUX01,0.9999016309287756
FUTYOK,UNAGOH,0.9998619646873136
FUTYOK,REGREC,0.9998378068177568
FUTYOK,NIWYID,0.9995291524850168
FUTYOK,PERQUB,0.9995204886967594
FUTYOK,IJEXIF01,0.9988999106591736
FUTYOK,JEDVIA,0.9988671112954576
FUTYOK,KUNLEL,0.9941511478538146
FUTYOK,UFAMEW,0.9434330036545228
FUTYOK,DUZPUL,0.942642705829936
FUTYOK,QUQFEO,0.932990070450931
FUTYOK,RUGXUO,0.932627995917862
FUTYOK,JOVYAW,0.9082473374936594
FUTYOK,FUDGIW,0.9082272378412182
FUTYOK,MOHLIF,0.9048436808038371
FUTYOK,KEFBOO,0.9006428429926078
FUTYOK,HOGJIX,0.8991049989138565
FUTYOK,LOWQIX,0.8968794331646142
FUTYOK,DITTEH,0.8871519466444439
FUTYOK,BOWJAA,0.8866972917609635
FUTYOK,REFVEF,0.8820070066495969
FUTYOK,APACAX,0.8777106798393794
FUTYOK,DOYHIK,0.8773923724958704
FUTYOK,NUFBEX,0.8766682485272548
FUTYOK,DOYHOQ,0.8764783967148619
FUTYOK,FIJCUX01,0.8749596620175891
FUTYOK,GATBUZ,0.8747103554188256
FUTYOK,VEGMOK04,0.874709680336876
FUTYOK,REDROI,0.8745409218377608
FUTYOK,IFABIA02,0.8742260020945893
FUTYOK,VUSKEA,0.8719627712951561
FUTYOK,MIBQAR15,0.8719099244623252
FUTYOK,MIBQAR07,0.871889392702152
FUTYOK,MIBQAR01,0.8718194042192152
FUTYOK,HOLRAD,0.8718115058411566
FUTYOK,UKOLUD,0.8691227979901415
FUTYOK,GEYLEE,0.8686867313356547
FUTYOK,NUFCAU,0.8680395906715515
FUTYOK,SOWCOY,0.8611182393983832
FUTYOK,YOGKOW,0.8594619438840866
FUTYOK,LASMUP,0.8576216873402451
FUTYOK,WEHHIC,0.8534104786838866
FUTYOK,ALANAD,0.8525999392079547
FUTYOK,WEHHOI,0.8525054644982956
FUTYOK,WORKUL,0.8493152689443536
FUTYOK,IDIXAU,0.8492531523309614
FUTYOK,FECYUJ,0.847523373448419
FUTYOK,HIQNUS,0.8463261098790347
FUTYOK,EZINAE,0.846307892241052
FUTYOK,CIJLIT,0.8460424844052228
FUTYOK,HIQNOM,0.844919927218128
FUTYOK,REYCEF,0.8448115539712557
FUTYOK,JAYXAL,0.8396069475219854
FUTYOK,NUCPIM,0.838008728791086
PADJOU,MNFORD02,0.9999920660032664
PADJOU,PADJOU01,0.9999825456009852
PADJOU,VIRJEM,0.9999782567046808
PADJOU,YUKTUU,0.9999775570179582
PADJOU,LIJWOR02,0.999974741756826
PADJOU,LIJWOR06,0.999968338841184
PADJOU,NURGUE,0.999960926300788
PADJOU,DADTOS13,0.9999514216901336
PADJOU,YANWOC02,0.9999470713074292
PADJOU,LIJWOR05,0.9999457284031606
PADJOU,DADTOS02,0.9999425299128312
PADJOU,DADTOS04,0.999935277506321
PADJOU,DADTOS11,0.9999348082866644
PADJOU,DADTOS01,0.9999345198114687
PADJOU,DADTOS08,0.9999335405304298
PADJOU,DADTOS18,0.9999289101877068
PADJOU,YANWOC01,0.9999285077150908
PADJOU,SIWPUL,0.9999214961189982
PADJOU,YANWOC,0.9999059802215194
PADJOU,JEDKIP01,0.9998496411247384
PADJOU,ATIBOU02,0.9981467083969234
TULLIX,FOKWUZ,0.9930771247130532
TULLIX,PIQQEN,0.9765259815000364
TULLIX,WUHMOD,0.9415956221358478
TULLIX,ESADUZ01,0.9412998348877516
TULLIX,YILKAH,0.94107397187593
TULLIX,POKZOG,0.9366778983439004
TULLIX,JUQSIZ,0.9357838446831942
TULLIX,TALBEQ,0.8842397593135896
TULLIX,VAKLIF,0.8608232952123405
TULLIX,XEFGUN01,0.8558061645531467
TULLIX,GOYLUB,0.8534795567253796
TULLIX,IZEBEV,0.8410718401761147
TULLIX,CISMEY,0.8389633869008413
TULLIX,SAHYOS,0.8383559100547229
IGUVIR,IGUTUB01,0.9985984095579435
IGUVIR,RIGHAR,0.9232530897609436
IGUVIR,RUXWEM01,0.9225713297439546
IGUVIR,RUXWEM03,0.9225233276419172
IGUVIR,ROCZEQ,0.9208755564336588
IGUVIR,ZASJAG,0.920578645856433
IGUVIR,KETHEY,0.9091642770520147
IGUVIR,CIKCOQ,0.9091464137508456
IGUVIR,DAPYAW,0.884654548197225
IGUVIR,PIHJIB,0.8827015972820604
IGUVIR,GOYLUB,0.8772396835469299
IGUVIR,KEPLID,0.8689095347535438
IGUVIR,QEKLID,0.8656213472828016
IGUVIR,JIYSUI,0.8637949558218043
IGUVIR,EYULAM,0.8618545469558037
IGUVIR,DELGIN,0.8616815280901342
IGUVIR,VOQBUZ,0.8605753703105847
IGUVIR,NOLRIR,0.8601987808560875
XADDOX,DAFHEZ,0.9999334671441168
XADDOX,XADDUD,0.9999006156741628
XADDOX,MOXDEJ,0.9994399554880484
XADDOX,XAPSIS,0.8963223939033821
XADDOX,CIPLIX,0.895760943018609
XADDOX,JEDVUM,0.8957196859781767
XADDOX,FUMJAZ,0.8645237773599133
XADDOX,XIHSAJ,0.8625413427924532
XADDOX,VEFLUP,0.8619517453105968
XADDOX,TONBOO,0.8617456169207637
XADDOX,VASYEW,0.8587634309674144
XADDOX,RAKBIO,0.8542684697220235
XADDOX,FEYJOJ,0.8533650757724438
XADDOX,KESFOG,0.8521857832007108
XADDOX,ESEQUO,0.8488215268336261
XADDOX,AGAFAS,0.8429276807105833
XADDOX,XUZRIU,0.842067852997518
XADDOX,XEVSIB01,0.838988774695997
XADDOX,XEVSIB,0.8388811926032768
NANYUX01,ACIBOE,0.9999896648231252
NANYUX01,PEJPEB,0.9999803150732252
NANYUX01,FUTZEB,0.9997913870196964
NANYUX01,REGREC,0.999493921492731
NANYUX01,JEDVIA,0.9994082435822932
NANYUX01,ULISOZ,0.9991402236312676
NANYUX01,PERQUB,0.999001895189256
NANYUX01,UFAMEW,0.942166309491663
NANYUX01,RUGXUO,0.9321620525491812
NANYUX01,QOPZIF,0.9179926180864508
NANYUX01,REBVIG,0.9078258034788824
NANYUX01,EXOXUL,0.9073121614703644
NANYUX01,MOHLIF,0.9036343788607276
NANYUX01,KEFBOO,0.8988939834088765
NANYUX01,DUNXUH13,0.8971070454249912
NANYUX01,LOWQIX,0.8966461510866449
NANYUX01,EGIKUB01,0.8940151155859286
NANYUX01,BUKMUQ01,0.8850637510550906
NANYUX01,REFVEF,0.8805357065407253
NANYUX01,DOYHIK,0.8777475375696747
NANYUX01,APACAX,0.8773064272888692
NANYUX01,NUFBOH,0.874538754642527
NANYUX01,VEGMOK01,0.8743121497008811
NANYUX01,GATBUZ,0.874284876693614
NANYUX01,VEGMOK04,0.8742838236988046
NANYUX01,IFABIA02,0.8736981812348261
NANYUX01,IFABIA01,0.8736790133527348
NANYUX01,MIBQAR01,0.8706479028886701
NANYUX01,HOLRAD,0.8706382884934044
NANYUX01,YOGKOW,0.8585802361054671
NANYUX01,ADUVAZ,0.8568231514291242
NANYUX01,LASMUP,0.8563884772506976
NANYUX01,IDIXAU,0.8496974120400285
NANYUX01,WORKUL,0.8486909077728876
NANYUX01,MIMRAB01,0.8484240107659555
NANYUX01,EZINAE,0.8460136650525658
NANYUX01,HEZKIH,0.8443361121523699
NANYUX01,JENKET,0.8401952317892771
NANYUX01,NENHEU,0.8401011480495886
NANYUX01,REYCUV,0.8395445598504443
NANYUX01,JAYXAL,0.839343299158346
LUDLAZ,NEHZOS,0.8866730930174921
LUDLAZ,GAVDUD,0.8866642365181319
LUDLAZ,NEHZUY,0.8866369319981484
LUDLAZ,DOTSOV16,0.8865271315923393
LUDLAZ,DOTSOV12,0.8865270896246509
LUDLAZ,DOTSOV14,0.8865256574910524
LUDLAZ,DOTSOV10,0.8865254961807617
LUDLAZ,DOTSOV15,0.8865254953717479
LUDLAZ,DOTSOV11,0.8865239374229654
LUDLAZ,XAMDUM02,0.8862005973054696
LUDLAZ,WULJUJ,0.8861669539540161
LUDLAZ,DOTSOV02,0.886147890623895
LUDLAZ,RILFEA,0.8860872559897859
LUDLAZ,UXISUR,0.886067489483636
LUDLAZ,XAMDUM,0.8860669406202852
LUDLAZ,LUDLED,0.8860442311363391
LUDLAZ,YOZNIM,0.8860110870863602
LUDLAZ,DIHVIB,0.8858779704685655
LUDLAZ,QIZLOC,0.8854879752332468
LUDLAZ,OHOMIH,0.8853994350031928
LUDLAZ,YOZNOS,0.8752833121572734
LUDLAZ,PIDRAY,0.8393760558956413
LUDLAZ,XIJSUH,0.8385053543301297
KEJWAY,EXUXEC,0.9999325723010076
KEJWAY,TATSIS,0.9998502713144216
KEJWAY,BIPXIK,0.9998473230358008
KEJWAY,YODRAM,0.9997983691198776
KEJWAY,BOWDUO,0.9997976657440376
KEJWAY,ERUNIQ,0.9997614852347528
KEJWAY,VEDGAO,0.9997169257192384
KEJWAY,ABAVIJ,0.999706924236577
KEJWAY,VEDFOB,0.9996816157345207
KEJWAY,VEDGIW,0.99958032508045
KEJWAY,OJOBAS,0.9994058326133516
KEJWAY,CEYPUT01,0.9993302249764976
KEJWAY,JODGIU,0.9226194757684824
KEJWAY,DIDBEZ,0.9225711385425472
KEJWAY,DIDBID,0.9225010502882972
KEJWAY,BAKJEE,0.877914880905875
KEJWAY,BAKJII,0.8769496802456053
KEJWAY,TIDNIF,0.8768560920239958
KEJWAY,SIDXOV,0.8741545167001278
KEJWAY,DIQHAO01,0.8583094446829229
KEJWAY,FUMJAZ01,0.8550496948140884
KEJWAY,FUMJAZ,0.8549134797689724
KEJWAY,NERVIP01,0.8439943031151362
KEJWAY,NERVOV,0.8438262422296715
KEJWAY,WOPWOP,0.8437897625756077
KEJWAY,FAZPIH,0.843773330104238
KEJWAY,NERVEL,0.8436868067248344
KEJWAY,NERVIP,0.843578753388832
KEJWAY,CANROA,0.8428532221522063
KEJWAY,KOHDIW,0.8428383049826551
KEJWAY,CEJFOO,0.8426408338982044
KEJWAY,RAKBIO,0.8425954737088394
KEJWAY,KOHLIE,0.8424912223761436
JOQQAJ,VAKRIK,0.999986085563082
JOQQAJ,MOXDIN,0.9998746542330462
JOQQAJ,MOXDIN01,0.999866260693958
KEDQAN,XAFFER,0.9997941015486728
RILFEA,UXISUR,0.9999999198007932
RILFEA,YOZMEH,0.9999999189515848
RILFEA,FIQCEN,0.999999824297726
RILFEA,LUDLED,0.9999996235820084
RILFEA,YOZNIM,0.9999988234663156
RILFEA,YOZNEI,0.999994108619358
RILFEA,XAMDUM02,0.9999785973544002
RILFEA,DOTSOV13,0.9999513286864504
RILFEA,DOTSOV11,0.9999512874230044
RILFEA,DOTSOV15,0.9999508954109284
RILFEA,DOTSOV10,0.9999508952095992
RILFEA,DOTSOV14,0.9999508322555416
RILFEA,DOTSOV08,0.9999504890122088
RILFEA,DOTSOV16,0.9999504815872268
RILFEA,QAWHIH01,0.9992412895903394
RILFEA,QIZLIW,0.9985090423732764
RILFEA,YOZNUY,0.9983777533397032
RILFEA,GAVDUD,0.9964091600449956
RILFEA,NEHZUY,0.9963441250032824
RILFEA,QIZLOC,0.994048843554346
RILFEA,YOZNOS,0.991760298798966
RILFEA,DALSOA,0.9329930942302176
RILFEA,ORAWAH,0.9321511884944808
RILFEA,BABREE,0.9321262013420878
RILFEA,IWEVAJ,0.9186850842600734
RILFEA,CITXUZ,0.9184713095996526
RILFEA,GERWEH,0.9082245718024392
RILFEA,HOGLEV,0.907752665084876
RILFEA,EXOGAB,0.907701470775176
RILFEA,HOGLEV01,0.9075860595403352
RILFEA,MOCKEV,0.9074049567909306
RILFEA,MOCKAR,0.9073962716663188
RILFEA,HANWAW,0.9063785370078976
RILFEA,ALIXUP,0.9003141608265972
RILFEA,PIDRAY,0.8999264214358107
RILFEA,HUCBOX02,0.8973071151367855
RILFEA,HUCBOX01,0.8972541635112922
RILFEA,PAMQIF,0.8968126580058797
RILFEA,MOFGOE,0.8958926135684949
RILFEA,VUJBIM,0.8953029466546039
RILFEA,GINTUT,0.8872982000626272
RILFEA,VIXPUP01,0.8870961896363598
RILFEA,PAFZEE,0.8850768693121105
RILFEA,KANMIX,0.8850572810827981
RILFEA,USEVOF,0.8850345651128309
RILFEA,XEDMEB,0.8847191214067381
RILFEA,ADONEP,0.8844744117817918
RILFEA,EXAXAE03,0.881787019978126
RILFEA,EMUBIZ,0.8817525442992795
RILFEA,LAQNID,0.8691121746309713
RILFEA,KIRFOI,0.8658530203958722
RILFEA,NIGDIS,0.8609866400371478
RILFEA,TOVWAE,0.8608496320826619
RILFEA,OGEBAF01,0.8585618496619902
RILFEA,IXAJUN,0.8575085305436247
RILFEA,IDUDIW,0.8565116445621318
RILFEA,FALTUK,0.8535462507722202
RILFEA,FAMPUH,0.8535378715197015
RILFEA,FAMQES,0.8535279516818822
RILFEA,EPISOM,0.8525943757466997
RILFEA,LAYXER,0.8516072342754614
RILFEA,LAYWOA,0.8502047424675085
RILFEA,RUJMEQ,0.8463442005614019
RILFEA,UWALEL,0.8448958734845724
RILFEA,ENIHUG,0.8389051188945846
WEYQAU10,WEYQAU06,0.9999860541680348
WEYQAU10,WEYQAU02,0.9999809639873004
WEYQAU10,WEYQAU16,0.999688175882707
WEYQAU10,FUTCAZ,0.996426539094832
WEYQAU10,PUNYIH,0.9933315689370964
WEYQAU10,OFODET,0.9038261178320076
WEYQAU10,UKIQIP,0.884793956171406
WEYQAU10,DIJCOP,0.8717243795772033
WEYQAU10,MAHTAR,0.8706287869129804
WEYQAU10,LUSHOX02,0.8699609544852209
WEYQAU10,XUDSUK,0.8698021798615723
WEYQAU10,GOVWOF,0.8571148229396315
WEYQAU10,UVETUL,0.856621331754525
WEYQAU10,WACLEU,0.8428463002707278
WEYQAU10,INEXOQ,0.8381612739844381
IVELUS,FEJFAE,0.9999897905127484
IVELUS,DIWFAT,0.9998428905795058
IVELUS,LUSHOX04,0.8850588469748943
IVELUS,LIJPAX,0.8501646193273305
IVELUS,BOYTEQ,0.8499673569459054
IVELUS,OCAKUB,0.8444199888770133
IVELUS,VUQKAU02,0.8442887303695435
IVELUS,VUQKAU01,0.8442386778175355
IVELUS,VUQJUN01,0.8433762682293054
IVELUS,ENISUQ,0.8421466166308396
IVELUS,KAFPUE,0.8394616740450652
IVELUS,BEQPEU,0.8391530713238194
IVELUS,GUPJEG01,0.837750708869683
EGUHOD01,LUWKIZ,0.9995468082554332
EGUHOD01,XEDGIY,0.929700399720382
EGUHOD01,GOYLUB,0.8828238479895404
EGUHOD01,NENHAQ,0.8700082397992358
EGUHOD01,FIJDEI,0.8631656247286749
EGUHOD01,EKUNON02,0.8609380557635193
EGUHOD01,EKUNON01,0.8608195945392174
EGUHOD01,ULOGIL,0.8601297432263022
EGUHOD01,MITSEO,0.8500547974369455
EGUHOD01,CEHKUW,0.850051887200695
EGUHOD01,YEYRAY,0.8500107877106409
EGUHOD01,PARKUQ,0.8498488994703045
EGUHOD01,MITSAK,0.8496012697530091
EGUHOD01,MITSUE,0.8495968409311684
EGUHOD01,PIQQEN,0.8439900685382047
EGUHOD01,RUXWEM03,0.8436446997546121
EGUHOD01,YILKAH,0.8429638288441981
EGUHOD01,ESADUZ01,0.8429236736330705
EGUHOD01,PIQQOX,0.8426937261174274
EGUHOD01,POKZOG,0.8417780413535341
EGUHOD01,JUQSIZ,0.8412886932505854
RUBTAK08,SURKUN,0.999999999252312
RUBTAK08,KINGUM,0.9999845866681932
YUKVIK,DADVAG08,0.999998849524067
YUKVIK,DADVAG07,0.9999967594544986
YUKVIK,DADVAG03,0.9999901778401772
YUKVIK,DADVAG04,0.9999869382425914
YUKVIK,DADVAG05,0.9999849047831588
YUKVIK,DADVAG,0.9999677348833548
VIKBUP,XAFFER,0.9628235532712076
VIKBUP,VEGMOK01,0.9081979206929316
VIKBUP,GATBUZ,0.9081902837782816
VIKBUP,VEGMOK04,0.9081899812718096
VIKBUP,IFABIA01,0.9078349085688446
VIKBUP,IQOJAB,0.9078196968211152
VIKBUP,PEVQOY,0.9063476476959802
VIKBUP,VUSKEA,0.906156404878911
VIKBUP,MIBQAR15,0.9061124458666522
VIKBUP,MIBQAR07,0.906094678967304
VIKBUP,HOLRAD,0.9060304883608264
VIKBUP,UKOLOV,0.8952831399894001
VIKBUP,DIRPOL,0.8847747126916496
VIKBUP,PIWLIT,0.8651411675816123
VIKBUP,PIWLAL,0.8649731057373268
VIKBUP,SIXWON,0.8601686602129962
GATBUZ,VEGMOK01,0.9999997305359972
GATBUZ,KOZNEU,0.9999755779875156
GATBUZ,FIJCUX01,0.9994552271109092
GATBUZ,VUSKEA,0.9985457333603496
GATBUZ,MIBQAR15,0.9985090149658722
GATBUZ,MIBQAR01,0.9984458568962176
GATBUZ,PIWLIT,0.947107533002449
GATBUZ,PIWLAL,0.946778762177622
GATBUZ,YOCGAZ,0.9082426685752862
GATBUZ,HUTZAX01,0.9081689304737236
GATBUZ,BOLPAU,0.9081075966928716
GATBUZ,DAWCIP,0.9078882347362522
GATBUZ,GUGNON,0.9078418856931956
GATBUZ,JENKET,0.90745484226537
GATBUZ,WUHNUK,0.9071633079923608
GATBUZ,ACODIH,0.8972255713681072
GATBUZ,CESQUP,0.896276183924994
GATBUZ,QEDZEG,0.8957295322528728
GATBUZ,RUYGOJ,0.8952138207450674
GATBUZ,UKOLOV,0.8872561926441616
GATBUZ,NAWXER,0.886044164314928
GATBUZ,WORKUL,0.8849675675540165
GATBUZ,QAQSAD,0.8848899233610639
GATBUZ,MIMRAB01,0.8847661833246604
GATBUZ,BUVNIR,0.8823877752726613
GATBUZ,XAFFAN,0.8768888828799296
GATBUZ,DUPKAC,0.876824283112199
GATBUZ,ZARLEL,0.8757120652534546
GATBUZ,ULISOZ,0.8749931041186642
GATBUZ,REGREC,0.8749816164451075
GATBUZ,FUVBAB,0.874619987982454
GATBUZ,PEJPEB,0.8744507520723849
GATBUZ,VEHKAW,0.8742555853765667
GATBUZ,NANYUX03,0.8742401044129768
GATBUZ,JEDVIA,0.8724357910949694
GATBUZ,KUNLEL,0.8714532558889759
GATBUZ,XEGWIS,0.8674724004393634
GATBUZ,XENMIO,0.8608198673689327
GATBUZ,LOWQIX,0.8607433133339588
GATBUZ,WIMWIA,0.8606920055486539
GATBUZ,YICQOS,0.859364935760238
GATBUZ,HIFGIO,0.8591430807259965
GATBUZ,DUFLOH,0.8586218472959132
GATBUZ,CIQHOC,0.854167835920452
GATBUZ,SIXWON,0.8532158070664033
GATBUZ,XOHNEO,0.8520664372300726
GATBUZ,SOSQIC01,0.8517919021525284
GATBUZ,TACJEO,0.8513486692756911
GATBUZ,IGINIX,0.8463814577781805
GATBUZ,NISCOJ,0.8462506513687514
GATBUZ,LEBQUH,0.8440482342906033
GATBUZ,REBVIG,0.8401682145900926
GATBUZ,MACHIJ,0.8397500200780169
GATBUZ,HOKLIE,0.8396813445844159
WIZMAV05,WIZMAV06,0.9999999977758098
WIZMAV05,WIZMAV,0.999999958005945
WIZMAV05,WIZMAV09,0.9999999530248695
WIZMAV05,WIZMAV07,0.9999999389532792
WIZMAV05,ERARUM,0.9999994826414778
WIZMAV05,UVAHIK,0.9999952024999832
WIZMAV05,ERANAO,0.9926722793282576
WIZMAV05,HERHAQ,0.9558684971875092
WIZMAV05,EMIYUW,0.9548765587593424
WIZMAV05,GAYXEM,0.9534237099953726
WIZMAV05,RUBTAK05,0.9469373173336966
WIZMAV05,SURLEY,0.946934324051504
WIZMAV05,SURHEU02,0.9469338579106308
WIZMAV05,UFOSOA,0.946932309723382
WIZMAV05,OFOJAX,0.9310679449203448
WIZMAV05,IZIBUQ,0.9102488563337496
WIZMAV05,VIKRIT,0.8932320149644335
WIZMAV05,YEYCUC,0.8923690808542748
WIZMAV05,XIJVIY,0.8921954545810198
WIZMAV05,HICNOZ,0.8785702801723612
WIZMAV05,HERHUK,0.8748019062663492
WIZMAV05,XULGIW,0.8650599921942936
WIZMAV05,WUPTUY01,0.8634837097433736
MIQCUL,KOZDEK,0.9121485735817492
MIQCUL,MAHTAR,0.9081198779094956
MIQCUL,LUSHOX02,0.9079828383277456
MIQCUL,OCAKUB,0.8650356116798755
MIQCUL,VUQKAU01,0.8646351059460269
MIQCUL,NEDVOJ,0.8592162151201436
MIQCUL,SEQTEP,0.8392483109231436
WEYQAU06,WEYQAU01,0.9999845745255608
WEYQAU06,WEYQAU16,0.9998060668426316
WEYQAU06,FUTCAZ,0.9968558984127428
WEYQAU06,PUNYIH,0.9939217848092236
WEYQAU06,OFODET,0.9043066928571172
WEYQAU06,SOBDOF,0.8843331338779841
WEYQAU06,BIYTOU,0.8830775526087222
WEYQAU06,HIYZEV01,0.8827681833826944
WEYQAU06,MAHTAR,0.871104746338906
WEYQAU06,LUSHOX04,0.8706315409156505
WEYQAU06,XUDSUK,0.8703236181620067
WEYQAU06,GOVWOF,0.8575724295466813
WEYQAU06,UVETUL,0.8571064707052283
WEYQAU06,WACLEU,0.8432749888340215
WEYQAU06,INEXOQ,0.8384378181498242
FECYUJ,MIMRAB01,0.9996587151613292
FECYUJ,WORKUL,0.9992147034964654
FECYUJ,QAQSAD,0.9977599345881376
FECYUJ,PEVQOY,0.8846037171270277
FECYUJ,MIBQAR07,0.884590155146962
FECYUJ,IFABIA01,0.8845810951013222
FECYUJ,MIBQAR01,0.8845460392099809
FECYUJ,HOLRAD,0.8845415132134629
FECYUJ,REDROI,0.8841093771100427
FECYUJ,VEGMOK01,0.8837587861541245
FECYUJ,KOZNEU,0.883475999496692
FECYUJ,NENHEU,0.8668675417460715
FECYUJ,WIMWIA,0.8616721212186143
FECYUJ,SOSQIC01,0.8515242017637566
FECYUJ,XOHNEO,0.8514323138232638
FECYUJ,IJEXIF01,0.8494643899418074
FECYUJ,NIWYID,0.8490506697109809
FECYUJ,PERQUB,0.8490418261069378
FECYUJ,ULISOZ,0.8489360088150519
FECYUJ,KUNLEL,0.8487696244565273
FECYUJ,REGREC,0.8485132857109292
FECYUJ,FUTZEB,0.8479146362713019
FECYUJ,NANYUX03,0.8464438799444229
FECYUJ,UNAGOH,0.8462890718759523
FECYUJ,WUHNUK,0.8429037882648129
FECYUJ,PIWLIT,0.8424379135534051
FECYUJ,HUTZAX01,0.841108108562697
FECYUJ,VOLRAQ,0.8410382770609643
FECYUJ,GUGNON,0.8401273171308138
ENIHUG01,ENIHUG,0.9999996228230787
ENIHUG01,CEZYOY,0.9185500114120418
ENIHUG01,IPUPIU,0.916401158052816
ENIHUG01,LAYXAN,0.884047926682498
ENIHUG01,DEKBON,0.8810101665072784
ENIHUG01,LAQNID,0.87460900418261
ENIHUG01,QOWRAV,0.8679029307505697
ENIHUG01,QOWRAV10,0.8678888516272436
ENIHUG01,QOWRAV12,0.8678757445817791
ENIHUG01,QOWRAV08,0.8678705401963617
ENIHUG01,QOWRAV03,0.867836629259313
ENIHUG01,QOWRAV04,0.8678341622489207
ENIHUG01,NIGDIS,0.8663187022713781
ENIHUG01,TEKYOA,0.8661227842218554
ENIHUG01,UWALEL,0.8656082622083114
ENIHUG01,BAZGAM,0.8641845751750296
ENIHUG01,KIJRUS,0.8635741263170235
ENIHUG01,NAPSUV,0.8597853150719557
ENIHUG01,ONIXOZ,0.8536341457440662
ENIHUG01,YIMQOD,0.8458436402055085
ENIHUG01,XICKOL,0.8448959110272803
ENIHUG01,QAWHIH01,0.8396821614487862
ENIHUG01,YOZNIM,0.8389308431498987
ENIHUG01,LUDLED,0.8389051355988644
ENIHUG01,FIQCEN,0.8388942641818958
ENIHUG01,UXISUR,0.8388866138005561
ENIHUG01,XAMDUM01,0.8388712837441443
ENIHUG01,BODPAN,0.8387652617499514
ENIHUG01,DOTSOV42,0.8384489673974553
ENIHUG01,DOTSOV15,0.8384224669884991
ENIHUG01,DOTSOV10,0.8384224659611705
ENIHUG01,DOTSOV08,0.838420413721924
ENIHUG01,DOTSOV16,0.8384203762837535
WULKAQ,DOTSOV22,0.9999999956566832
BAHGUN03,BAHGUN04,0.9999992439197628
BAHGUN03,UFUMUD02,0.9999936594328832
BAHGUN03,EGOZAB,0.9999838840190124
BAHGUN03,UFUMUD01,0.999979139223766
BAHGUN03,QERZUI01,0.9999499303009808
BAHGUN03,ECODIK,0.9999044706019892
BAHGUN03,UGEPEB01,0.9998698089627538
BAHGUN03,UFUMUD,0.9998263773972964
BAHGUN03,UFUNIS,0.999779663582228
BAHGUN03,MURREW,0.9995898084295972
BAHGUN03,KAKTIA,0.9993622213702192
BAHGUN03,KAKTIA01,0.999360211926296
BAHGUN03,AHEMEG,0.9988312125269668
BAHGUN03,POFFEX,0.996433231764111
BAHGUN03,QIWQES,0.9929035876275452
BAHGUN03,WURNOO,0.9230790459060778
BAHGUN03,KAGJOS,0.922888390524236
BAHGUN03,IXAJUN,0.8792845358158808
BAHGUN03,XICKOL,0.8777501066457281
BAHGUN03,IDUSIM01,0.8666035574984414
BAHGUN03,UNACES,0.8665889834740087
BAHGUN03,NAPSUV,0.8665871025235368
BAHGUN03,UNACIW,0.8665779633488795
BAHGUN03,IDUSIM02,0.8665726742449187
BAHGUN03,ISISUZ,0.8665637944666299
BAHGUN03,IDUTAF,0.866543041240545
BAHGUN03,IDUTIN,0.8665347457138143
BAHGUN03,IDUTEJ,0.866524944676496
BAHGUN03,DEGSIS01,0.843980500080985
BAHGUN03,CEZYOY,0.8437481268583835
BAHGUN03,QESBAR,0.843501182917328
BAHGUN03,ENITAX,0.8423813317929014
YAVYAW01,YAVYAW02,0.9998914207003446
YAVYAW01,XOPLOE,0.997319999736998
YAVYAW01,LEDLEN,0.9956288331526264
YAVYAW01,PARNON,0.9948779512266984
YAVYAW01,AZAVUU,0.8417616369895609
TUDJAE,TUDJUY,0.9999993745920562
TUDJAE,NIFTAA,0.9999992983855508
TUDJAE,TUDKEJ,0.9999972650122672
TUDJAE,SEFWEH,0.9999909931998834
TUDJAE,NIFRAY,0.9999823973426232
TUDJAE,SEFVEG,0.9999731816472348
TUDJAE,SEFVEG02,0.9999728546581902
TUDJAE,NIFQOL,0.9999711753333272
TUDJAE,NIFPAW,0.9999289229328622
NIFPAW,NIFSUT,0.9999999691647808
NIFPAW,NIFRAY,0.9999820554561089
NIFPAW,SEFWEH,0.9999705141890252
NIFPAW,TUDJEI,0.9999193448821138
NIFPAW,TUDJUY,0.9999149650336951
NIFPAW,NIFTAA,0.999914099710529
NIFPAW,SEFTOO,0.9998964715518516
NIFPAW,NIFNOI,0.999887030055434
FUTCAZ,GINHOD,0.9998601564328036
FUTCAZ,MEFZUU,0.8098027726238004
FUTCAZ,PUNYIH,0.9995162022539336
FUTCAZ,WEYQEY,0.9989296602509228
FUTCAZ,WEYQAU01,0.9972796499820342
FUTCAZ,WEYQAU02,0.996927408351998
FUTCAZ,WEYQAU09,0.9964792246678174
FUTCAZ,OFODET,0.9081490026306496
FUTCAZ,HIYZEV01,0.8929145131726715
FUTCAZ,UKIQIP,0.8871769331312538
FUTCAZ,BIYTOU,0.8849473340067672
FUTCAZ,LUSHOX04,0.874896760281199
FUTCAZ,LUSHOX02,0.8748704627609524
FUTCAZ,XUDSUK,0.874838988028698
FUTCAZ,DIJCOP,0.8741319904267916
FUTCAZ,GOVWOF,0.861142838926722
FUTCAZ,UVETUL,0.8610997304576871
FUTCAZ,INEXOQ,0.8392477318063953
IFABIA01,IFABIA02,0.9999991853756308
IFABIA01,REDROI,0.9998794678511616
IFABIA01,VEGMOK03,0.9997757959342696
IFABIA01,VEGMOK04,0.9997752159822584
IFABIA01,VEGMOK01,0.9997656003740408
IFABIA01,PEVQOY,0.9991078918614392
IFABIA01,VUSKEA,0.9989865727768416
IFABIA01,MIBQAR07,0.9989653531645256
IFABIA01,MIBQAR15,0.9989587688543892
IFABIA01,MIBQAR01,0.9989089616367284
IFABIA01,FIJCUX01,0.9988261557380228
IFABIA01,PIWLIT,0.9467087918519586
IFABIA01,PIWLAL,0.9461940599436937
IFABIA01,BOLPAU,0.9082125510983224
IFABIA01,WUHNUK,0.907752238674797
IFABIA01,GUGNON,0.9072661486411152
IFABIA01,NEHGIS,0.9072439776782502
IFABIA01,JENKET,0.9067473609914108
IFABIA01,VOLRAQ,0.9045435175390673
IFABIA01,NIYZIG,0.8971401547111885
IFABIA01,ACODIH,0.8968056949797936
IFABIA01,CESQUP,0.8966218424544135
IFABIA01,JEDDII,0.8964205513010283
IFABIA01,QEDZEG,0.8948092069408848
IFABIA01,RUYGOJ,0.894190091537558
IFABIA01,SACHIP,0.8927531613860147
IFABIA01,DITTEH,0.8869736976682011
IFABIA01,UKOLOV,0.8869328920978319
IFABIA01,EKEKEL,0.8863396466282802
IFABIA01,NAWXER,0.8853945384642625
IFABIA01,MIMRAB01,0.8850569142693242
IFABIA01,WORKUL,0.8849246440239731
IFABIA01,BUVNIR,0.8830596461906877
IFABIA01,XOQXIL,0.8775931079498926
IFABIA01,DUPKAC,0.8771874102419495
IFABIA01,XAFFER,0.8771623353043758
IFABIA01,XAFFAN,0.8760985637283526
IFABIA01,NOXMAQ,0.8749537509224647
IFABIA01,NIWYID,0.8748439895457569
IFABIA01,REGREC,0.8746817431046134
IFABIA01,ZARLEL,0.8746697469100159
IFABIA01,FUVBAB,0.8740736119626213
IFABIA01,PEJPEB,0.8738212358893912
IFABIA01,VEHKAW,0.873591653540352
IFABIA01,NANYUX03,0.8735520024307352
IFABIA01,UNAGOH,0.8734535067212698
IFABIA01,NENHEU,0.8720549602728972
IFABIA01,GADROU,0.8692521455592237
IFABIA01,OKELOH,0.8687299028604535
IFABIA01,PEGCIP,0.8682739480455308
IFABIA01,XEGWIS,0.8665126702656135
IFABIA01,XEGXIT,0.8664934793558939
IFABIA01,SAVMAE,0.8629961295652685
IFABIA01,HAZYUE,0.8607453944551041
IFABIA01,HUVGEM,0.8602967270337871
IFABIA01,XENMIO,0.8602858221618305
IFABIA01,WIMWIA,0.8602684670131654
IFABIA01,DUFLOH,0.8595740015644295
IFABIA01,CIQHOC,0.8534346446231144
IFABIA01,SIXWON,0.8533099445550608
IFABIA01,SOSQIC01,0.8526801505109614
IFABIA01,WOJZOK01,0.8507111747954162
IFABIA01,NISCOJ,0.8462820513095636
IFABIA01,IGINIX,0.846006773733817
IFABIA01,LEBQUH,0.8429852909119144
IFABIA01,MACHIJ,0.8409628925515531
IFABIA01,HOKLIE,0.839438122710637
MIMRAB01,QAQSAD,0.9991608085970392
MIMRAB01,IDIXAU,0.9964225217541668
MIMRAB01,DIRPOL,0.920596442934578
MIMRAB01,EZINAE,0.91176775180896
MIMRAB01,IFABIA02,0.8850564800640838
MIMRAB01,VEGMOK01,0.8847522836526958
MIMRAB01,PEVQOY,0.884419898114321
MIMRAB01,MIBQAR07,0.8843015572034472
MIMRAB01,MIBQAR15,0.8842940641604062
MIMRAB01,MIBQAR01,0.8842514877941974
MIMRAB01,NENHEU,0.8689971583900826
MIMRAB01,EGIKUB01,0.8635495721683174
MIMRAB01,SAVMAE,0.8607060822769078
MIMRAB01,IJEXIF01,0.8499222945158174
MIMRAB01,OFIXOR,0.8499211059589127
MIMRAB01,NIWYID,0.8498697113485567
MIMRAB01,PERQUB,0.8498627029269262
MIMRAB01,ULISOZ,0.849825453996627
MIMRAB01,REGREC,0.849627856375921
MIMRAB01,PEJPEB,0.8485968952737775
MIMRAB01,ACIBOE,0.8483905027208591
MIMRAB01,VEHKAW,0.8483322053262484
MIMRAB01,NANYUX03,0.8482905481159302
MIMRAB01,UNAGOH,0.8481819684031378
MIMRAB01,KUNLEL,0.8478059282712573
MIMRAB01,JEDVIA,0.8458735780473328
MIMRAB01,PIWLIT,0.8437409179924938
MIMRAB01,WUHNUK,0.8426802443908508
MIMRAB01,GUGNON,0.8417498937198202
MIMRAB01,JENKET,0.8411597272458855
LAYXER,ANUGEW,0.999925188259012
LAYXER,LAYWOA,0.9998786851715364
LAYXER,LAYXAN,0.9997299459024062
LAYXER,DEKBON,0.9990755660531704
LAYXER,KIJRUS,0.9715796972423196
LAYXER,BAZFUF,0.9683401453530004
LAYXER,QOWRAV,0.9574751773041352
LAYXER,QOWRAV10,0.9574338857986644
LAYXER,QOWRAV12,0.957395537573118
LAYXER,QOWRAV08,0.9573803353398552
LAYXER,QOWRAV04,0.9572744567864174
LAYXER,EXOGAB,0.9467533730276896
LAYXER,LAQNID,0.9269657309832904
LAYXER,ONIXOZ,0.9182258817532204
LAYXER,ORAWAH,0.911580377146694
LAYXER,YUSWEP,0.9032257883167014
LAYXER,EPISOM,0.8866907914738114
LAYXER,NAPSUV,0.8838090717730307
LAYXER,MUNDOQ,0.88012532055435
LAYXER,RUJMEQ,0.8775963371442933
LAYXER,HAYXIR,0.8768178342967036
LAYXER,XICKOL,0.8717731062470011
LAYXER,TEKYOA,0.8711341565071288
LAYXER,HIDTUM,0.8658609654624997
LAYXER,WURNOO,0.8657714965571173
LAYXER,KAGJOS,0.8655696360231334
LAYXER,ICAGOK,0.8646526793988902
LAYXER,SIXNEV,0.8641516499974269
LAYXER,SIXNIZ,0.8636118891258562
LAYXER,ASIVAB,0.8635095199889233
LAYXER,YIMQOD,0.861879312172707
LAYXER,NEHZOS,0.8550217167844372
LAYXER,GAVDUD,0.8550211638917977
LAYXER,NEHZUY,0.8550193461520693
LAYXER,QIZLIW,0.8546282347648125
LAYXER,OHOMIH,0.8546272019597897
LAYXER,DOTSOV02,0.8524891201887277
LAYXER,DOTSOV12,0.8523781419766248
LAYXER,DOTSOV16,0.8523781343698436
LAYXER,DOTSOV08,0.8523780802356906
LAYXER,DOTSOV13,0.852371928792862
LAYXER,XAMDUM02,0.8518146361119526
LAYXER,BODPAN,0.8518125063885947
LAYXER,UXISUR,0.8515741639540945
LAYXER,XAMDUM,0.8515732474471545
LAYXER,FIQCEN,0.8515582291946416
LAYXER,LUDLED,0.8515353887974461
LAYXER,YOZNIM,0.8514804702874305
LAYXER,SIXNUL,0.8434281084041835
LAYXER,HANWAW,0.8422973177588691
LAYXER,WARXUL,0.8421916967918152
LAYXER,YOZNOS,0.8391723081597019
IPINAY,AHEMEG,0.9999990491525882
IPINAY,VOJPUG01,0.9999466471776094
IPINAY,POFDOF,0.9999140043458186
IPINAY,POFDEV,0.999875422821256
IPINAY,POFFAT,0.9998667209708956
IPINAY,KAKTIA,0.999751917170357
IPINAY,KAKTIA01,0.9996902034005278
IPINAY,NELCEN,0.999592841110909
IPINAY,UFUNAK,0.9995694725821104
IPINAY,POFDIZ,0.9994096506131932
IPINAY,POFFEX,0.9993908761356234
IPINAY,UFUMUD01,0.9990637839690576
IPINAY,EGOZAB,0.9990184741772938
IPINAY,UFUMUD02,0.9989342826916456
IPINAY,BAHGUN02,0.9985627883261928
IPINAY,ECODIK,0.997986389284106
IPINAY,UGEPEB01,0.99789913292788
IPINAY,QIWQES,0.9975695637551664
IPINAY,UFUNIS,0.9975052525628
IPINAY,UGEPEB,0.997179887787887
IPINAY,ICAGOK,0.92337473998242
IPINAY,WURNOO,0.9231116801528426
IPINAY,KAGJOS,0.923000333794836
IPINAY,IXAJUN,0.8782093227032644
IPINAY,IDUSIM01,0.8647568111589357
IPINAY,UNACES,0.8646994033418127
IPINAY,UNACIW,0.8646418673353523
IPINAY,IDUSIM02,0.864624893138158
IPINAY,ISISUZ,0.8645863007868435
IPINAY,IDUTAF,0.8644920440173504
IPINAY,IDUTIN,0.8644673169641518
IPINAY,HOYKUD,0.8547610002755912
IPINAY,DEGSIS01,0.8431634296990539
LIKFOB,QOBGEV,0.9999188056810674
LIKFOB,NATFAS,0.9981648974855394
LIKFOB,CIZQOT,0.997718419716832
LIKFOB,UMEXUF,0.9916719697150528
LIKFOB,MUZHUL,0.9902640551436556
LIKFOB,UGUQOC,0.98762039298001
LIKFOB,FABFOF,0.9873942660984608
LIKFOB,WOBHEB,0.864650284323778
LIKFOB,COKNAT,0.8616260732972262
LIKFOB,WOBHOL,0.8615731300956221
LIKFOB,WOBHIF03,0.8615292090985417
VEHKAW,PEJPEB,0.9999837759990238
VEHKAW,REGREC,0.9994707154282064
VEHKAW,JEDVIA,0.9994499295156531
VEHKAW,ULISOZ,0.9991065553670684
VEHKAW,NIWYID,0.9989792153009622
VEHKAW,PERQUB,0.9989658864921124
VEHKAW,IJEXIF01,0.998115210376196
VEHKAW,KUNLEL,0.9924918811262065
VEHKAW,UFAMEW,0.942073743036512
VEHKAW,DUZPUL,0.9411601935951468
VEHKAW,QUQFEO,0.932786720051386
VEHKAW,RUGXUO,0.932123231857165
VEHKAW,QOPZIF,0.9179264324414478
VEHKAW,REBVIG,0.9078044339400252
VEHKAW,EXOXUL,0.9071540258087962
VEHKAW,MOHLIF,0.9035473568199992
VEHKAW,KEFBOO,0.8987667532371649
VEHKAW,DUNXUH15,0.8971377514755798
VEHKAW,DUNXUH,0.8971309244158236
VEHKAW,DUNXUH13,0.8970783273565225
VEHKAW,WIMWIA,0.8967043974356954
VEHKAW,EGIKUB01,0.8939295703445942
VEHKAW,DITTEH,0.8867983770769996
VEHKAW,BUKMUQ01,0.8850742914898064
VEHKAW,DOYHOQ,0.8755851397817824
VEHKAW,KOZNEU,0.8745003161719247
VEHKAW,NUFBOH,0.8744475787103703
VEHKAW,VEGMOK01,0.8742835875212897
VEHKAW,PEVQOY,0.871006740101726
VEHKAW,MIBQAR15,0.8706698040206426
VEHKAW,MIBQAR07,0.870646819472904
VEHKAW,MIBQAR01,0.870562875218301
VEHKAW,SOWCOY01,0.8610503081443323
VEHKAW,SOWCOY,0.8608837419324945
VEHKAW,ADUVAZ,0.8567238028432479
VEHKAW,MUWRUT,0.8535351645739402
VEHKAW,WEHHIC,0.8530594655405395
VEHKAW,ALANAD,0.8518626917073994
VEHKAW,WEHJAW,0.851769394267455
VEHKAW,WEHHOI,0.8517375263088464
VEHKAW,IDIXAU,0.8497320592364951
VEHKAW,WORKUL,0.8486468343815043
VEHKAW,HIQNUS,0.8461966377328296
VEHKAW,CIJLIT,0.8455441357677492
VEHKAW,HIQNOM,0.8440250212599903
VEHKAW,REYCEF,0.8439811917668235
VEHKAW,JENKET,0.8402047842770106
VEHKAW,REYCUV,0.8394377979539075
VEHKAW,JAYXAL,0.8393229644476825
VITZIJ,RIBRAY,0.9452812294703212
VITZIJ,LEWFOJ,0.8440700210938112
FINFUG,UQUTUX01,0.9548705975313222
FINFUG,UQUTUX,0.9548183693396066
FINFUG,HUCXIO,0.8639197366360609
HUJGEA,WARXUL,0.8784875858347341
HUJGEA,ORAWAH,0.864490133958085
HUJGEA,EXOGAB,0.8466704598428078
HUJGEA,HIDTUM,0.8406802226692571
HUJGEA,QIZLIW,0.8395578176231244
HUJGEA,DOTSOV08,0.8392628452624085
HUJGEA,DOTSOV14,0.839262055888275
HUJGEA,DOTSOV10,0.8392616613672217
HUJGEA,DOTSOV15,0.8392616608539236
HUJGEA,DOTSOV11,0.839260511969514
HUJGEA,DOTSOV13,0.839260390764176
HUJGEA,DOTSOV42,0.8392461343526765
HUJGEA,XAMDUM01,0.8389251226621848
HUJGEA,UXISUR,0.8389099363486058
HUJGEA,FIQCEN,0.8389023696602403
HUJGEA,LUDLED,0.8388914898101835
HUJGEA,YOZNIM,0.838865443112122
HUJGEA,WULJUJ,0.8388361635842554
HUJGEA,NEHZOS,0.8386372272348841
HUJGEA,GAVDUD,0.8386274650674967
HUJGEA,NEHZUY,0.838590709896331
NIKYOW,NIKZAJ01,0.9999976502230556
NIKYOW,CAJHUS01,0.999997194442576
NIKYOW,NIKZEN,0.999997157976364
NIKYOW,NIHBEM01,0.9999809078853352
NIKYOW,NIKYUC,0.9999566121261458
NIKYOW,IZAKAX,0.999951082785438
NIKYOW,NUDPAE01,0.9986528335663332
NIKYOW,XACLOF,0.996851588253435
NIKYOW,PESTAL,0.996666396984198
UWALEL,ENIHUG,0.8657543795345285
UWALEL,MOBDIR,0.8534957424214272
UWALEL,OHOMIH,0.8533294473229114
UWALEL,QIZLOC,0.8532778082995094
UWALEL,NEHZUY,0.852479717666131
UWALEL,NEHZOS,0.8524325158071945
UWALEL,QIZLIW,0.8505689231684048
UWALEL,WULJUJ,0.8469515149188571
UWALEL,DOTSOV02,0.8469374054195073
UWALEL,DOTSOV16,0.8461461262414248
UWALEL,DOTSOV12,0.8461460715751832
UWALEL,DOTSOV14,0.8461416642670786
UWALEL,DOTSOV10,0.8461410934063762
UWALEL,DOTSOV11,0.8461362998681362
UWALEL,DOTSOV42,0.84607675435975
UWALEL,BODPAN,0.8452226246848196
UWALEL,FIQCEN,0.8448183784873388
UWALEL,LUDLED,0.8447823304801167
UWALEL,YOZNIM,0.844695760198976
UWALEL,IXAJUN,0.8394252084964735
UWALEL,XITYOP,0.8392826357907777
UWALEL,QAWHIH01,0.8390860673764028
KOZDEK,XUDSUK,0.8376486985151971
NATRAD,GEVXAI01,0.9957437389912374
NATRAD,GEVXAI,0.9952980093886272
NATRAD,FEQXAB,0.9950173867512982
NATRAD,RIQVUJ,0.8737434715552068
FEQXAB,GEVXAI,0.9999957568806812
FEQXAB,AFOJIO,0.9993634735509528
FEQXAB,RIQVUJ,0.8716523766008489
FEQXAB,HOGQIF,0.8383361757033053
MAVRAE,IDUSIM,0.9237956848664912
MAVRAE,IDUSIM01,0.9237460948184636
MAVRAE,UNACIW,0.9236786469089344
MAVRAE,IDUSIM02,0.9236668265794982
MAVRAE,UNABUH01,0.9236614720569314
MAVRAE,UNABUH,0.9236510711077436
MAVRAE,ISISUZ,0.9236447593887752
MAVRAE,IDUTIN,0.9235758102967716
MAVRAE,FAMQAO,0.9141963363634036
MAVRAE,FAMQES,0.9139436432983984
MAVRAE,VIXPUP,0.8874954124088558
MAVRAE,OFOCUI,0.8564395679586737
MAVRAE,XIJSUH,0.8550471649305427
MAVRAE,GAVDUD,0.8533875768246932
MAVRAE,OHOMIH,0.8525779332051657
MAVRAE,DOTSOV12,0.8519428896294303
MAVRAE,DOTSOV14,0.851940824056765
MAVRAE,DOTSOV15,0.8519402244076774
MAVRAE,DOTSOV11,0.8519379775589198
MAVRAE,DOTSOV13,0.8519377405447874
MAVRAE,DOTSOV02,0.851909082493331
MAVRAE,XAMDUM02,0.8515055046545232
MAVRAE,XAMDUM,0.8513024211698348
MAVRAE,FIQCEN,0.85129027829563
MAVRAE,LUDLED,0.851271800193576
MAVRAE,YOZNIM,0.8512276527369234
MAVRAE,QAWHIH01,0.8479892383601271
MAVRAE,YOZNUY,0.8459404968877189
MAVRAE,YOZNOS,0.8399277019166458
MAVRAE,IPUPIU,0.838553642328691
FAMQES,VIXPUP,0.8870419429030413
FAMQES,ORAWAH,0.8821417257398179
FAMQES,UNACES,0.879830160765256
FAMQES,UNACIW,0.8797324674620204
FAMQES,IDUSIM02,0.8797022499550355
FAMQES,ISISUZ,0.8796363783341491
FAMQES,IDUTAF,0.8794784031292815
FAMQES,IDUTEJ,0.8793682816073107
FAMQES,ONIXOZ,0.8736169190400676
FAMQES,XIJSUH,0.8602651481413104
FAMQES,EXOGAB,0.8600362798342448
FAMQES,DIHVIB,0.8535487561710422
FAMQES,YOZNEI,0.853544797711195
FAMQES,YOZNIM,0.8535376557993255
FAMQES,LUDLED,0.8535337640447258
FAMQES,XAMDUM,0.8535308026055664
FAMQES,BODPAN,0.8535064688396008
FAMQES,XAMDUM02,0.8534869413576303
FAMQES,DOTSOV13,0.8534089163721919
FAMQES,DOTSOV11,0.8534088452913994
FAMQES,DOTSOV15,0.8534081706471073
FAMQES,DOTSOV10,0.8534081702998662
FAMQES,DOTSOV08,0.8534074724304603
FAMQES,DOTSOV12,0.8534074507272285
FAMQES,QAWHIH01,0.8530469525292076
FAMQES,YOZNUY,0.8523114915237309
FAMQES,WULJUJ,0.8522634515969936
FAMQES,DOTSOV02,0.8522413862877616
FAMQES,PIDRAY,0.8515849545574856
FAMQES,NEHZOS,0.8493573015414154
FAMQES,QIZLOC,0.846804936148457
FAMQES,OHOMIH,0.8466214022454253
FAMQES,YOZNOS,0.8456655376985772
FAMQES,IPUPIU,0.8422405462708762
RUGXUO,ULISOZ,0.9330107663276654
RUGXUO,NIWYID,0.933006856802816
RUGXUO,PERQUB,0.933004777192828
RUGXUO,REGREC,0.9329630800736268
RUGXUO,IJEXIF01,0.9328255592403404
RUGXUO,FUTZEB,0.9327861378400232
RUGXUO,FUVBAB,0.9325254079074894
RUGXUO,PEJPEB,0.932333943504619
RUGXUO,ACIBOE,0.9321852244218626
RUGXUO,NANYUX03,0.9321037365125912
RUGXUO,UNAGOH,0.9320296262704464
RUGXUO,JEDVIA,0.9301796532784212
RUGXUO,YOZYUJ,0.8856476908306057
RUGXUO,UFAMEW,0.8855367399234257
RUGXUO,DUZPUL,0.8849846955130231
RUGXUO,QUQFEO,0.8747764946074789
RUGXUO,QOPZIF,0.8635256615656296
RUGXUO,EXOXUL,0.8567183126414994
RUGXUO,REBVIG,0.8534742634574395
RUGXUO,FUDGIW,0.8533229511012562
RUGXUO,MOHLIF,0.8520449257252244
RUGXUO,KEFBOO,0.8489625439585448
RUGXUO,DUNXUH13,0.8439430907756488
RUGXUO,DUNXUH,0.8439047175953005
RUGXUO,DUNXUH15,0.8438988475148287
RUGXUO,LOWQIX,0.8435892814218278
RUGXUO,EGIKUB01,0.8431212447884424
DOTSOV42,DOTSOV11,0.9999998791676464
DOTSOV42,DOTSOV10,0.9999998588852436
DOTSOV42,DOTSOV14,0.9999998458851544
DOTSOV42,DOTSOV12,0.9999998256898353
DOTSOV42,BODPAN,0.9999763354375728
DOTSOV42,XAMDUM02,0.9999606039829978
DOTSOV42,UXISUR,0.9999521823702456
DOTSOV42,YOZMEH,0.9999521616761664
DOTSOV42,XAMDUM,0.999952074033396
DOTSOV42,LUDLED,0.9999475049421304
DOTSOV42,YOZNIM,0.9999405414999916
DOTSOV42,DIHVIB,0.9999093198608696
DOTSOV42,WULJUJ,0.9990867262584656
DOTSOV42,DOTSOV02,0.999065542441177
DOTSOV42,QIZLIW,0.9989766865902984
DOTSOV42,QAWHIH01,0.9988323905304598
DOTSOV42,YOZNUY,0.9978007269342628
DOTSOV42,NEHZOS,0.9971758891002892
DOTSOV42,NEHZUY,0.9970997853728072
DOTSOV42,QIZLOC,0.995021770853828
DOTSOV42,YOZNOS,0.991226705288061
DOTSOV42,DALSOA,0.9330077701841616
DOTSOV42,BABREE,0.9324769200568144
DOTSOV42,ORAWAH,0.9317184044558132
DOTSOV42,ONIXOZ,0.9259742036093735
DOTSOV42,EXOYAS,0.9199264900285512
DOTSOV42,RAWYAS,0.9193274250288368
DOTSOV42,CITXUZ,0.9189593639906624
DOTSOV42,HOGLEV01,0.9078832777379872
DOTSOV42,YUGLES,0.9077038896148634
DOTSOV42,NUTQAV,0.9074441459737724
DOTSOV42,MOCKEV,0.906982553271144
DOTSOV42,MOCKAR,0.9069656299240924
DOTSOV42,HANWAW,0.9069015435461212
DOTSOV42,ALIXUP,0.9014435582091268
DOTSOV42,HUCBOX01,0.8973464242602236
DOTSOV42,HUCBOX,0.8970997334930163
DOTSOV42,PAMQIF,0.8970227821857502
DOTSOV42,VUJBIM,0.8946590682546582
DOTSOV42,GIKMOD,0.8945775660202162
DOTSOV42,GIKMOD01,0.8939102135821355
DOTSOV42,GINTUT,0.8872589910201603
DOTSOV42,VIXPUP01,0.8872407705264197
DOTSOV42,RUVKAV,0.8872092446557187
DOTSOV42,VIXPUP,0.8869449699252937
DOTSOV42,IPUPIU,0.8868594641784734
DOTSOV42,KANMIX,0.8849550131728317
DOTSOV42,WANJIF,0.8849297264878733
DOTSOV42,XEDMEB,0.8849260202124202
DOTSOV42,USEVOF,0.8849041726681988
DOTSOV42,EMUBOF,0.8846982272969637
DOTSOV42,ADONEP,0.8846669751507876
DOTSOV42,EXAXAE03,0.8825018632927026
DOTSOV42,EMUBIZ,0.8824713263517442
DOTSOV42,DICKEH,0.8774345143692426
DOTSOV42,NEMCOA,0.875292185709571
DOTSOV42,LAQNID,0.8692371612149222
DOTSOV42,OKABAE,0.867618453943515
DOTSOV42,KIRFOI,0.866582779780377
DOTSOV42,HABQUY,0.8665680917636114
DOTSOV42,NIGDIS,0.861114129152119
DOTSOV42,TEKYOA,0.861082928151741
DOTSOV42,OGEBAF01,0.8591922982766844
DOTSOV42,XITYOP,0.8583564830851662
DOTSOV42,IDUDIW,0.8573672106604179
DOTSOV42,FAMQAO,0.8534689150714746
DOTSOV42,FALTUK,0.8534668765394138
DOTSOV42,NAPSUV,0.8533917929550935
DOTSOV42,ANUGEW,0.853156503154835
DOTSOV42,EPISOM,0.8529014158801005
DOTSOV42,LAYXAN,0.8503707607830092
DOTSOV42,RUJMEQ,0.8464079409743045
DOTSOV42,LUKLIN,0.8399480189220054
DOTSOV42,SEMNIJ,0.8394141013456689
DOTSOV42,ENIHUG,0.8384916236941281
YEYDUE,TOXMUQ,0.9999969896218944
YEYDUE,CELZOK,0.8621079260727573
YEYDUE,PEYSUJ,0.8537658226685174
YEYDUE,DITHOG,0.8420869584963034
YEYDUE,DITJEY01,0.841531409956012
KEPNAX04,KEPNAX01,0.999999977410983
SIZGEO,MITSEO,0.9997482998835204
SIZGEO,CEHKUW,0.9997446701766368
SIZGEO,YEYRAY,0.9996628995148064
SIZGEO,PARKUQ,0.9994916006412636
SIZGEO,PARKUQ01,0.9994883446531702
SIZGEO,MITSUE,0.9992104139243508
SIZGEO,MITSAK,0.9992086514979756
SIZGEO,FUMJAA,0.9989211734946888
SIZGEO,AJIJEI,0.9192657893114324
SIZGEO,MICJOA,0.9080016881110976
SIZGEO,GERWOR,0.90755743498417
SIZGEO,VIDVUB,0.9064994017572808
SIZGEO,FIJDEI,0.8960805973556197
SIZGEO,QEKLID01,0.8870489032934246
SIZGEO,QEKLID,0.887043635010646
SIZGEO,VAKLIF,0.8741992285237931
SIZGEO,VOTHOD,0.8740582501621363
SIZGEO,GIZNOT,0.8739792836804986
SIZGEO,GIYTOY,0.873975106432218
SIZGEO,XEFGUN01,0.8737821377021684
SIZGEO,YIKGEF,0.8735144437605968
SIZGEO,FIPKOG01,0.860840846147386
SIZGEO,CIKCOQ,0.8595834992870961
SIZGEO,KETHEY,0.8594873504353079
SIZGEO,DAKVIW,0.8532858766238751
SIZGEO,AWEJIW,0.8521700799660867
SIZGEO,LUWKIZ,0.8494740338422537
SIZGEO,TEMDIB,0.839435363611864
SIZGEO,WEVVOL,0.8394030203420489
SIZGEO,NENHAQ,0.8382515718815313
ESADUZ01,YILKAH,0.9999882376488748
ESADUZ01,POKZOG,0.9981273561218827
ESADUZ01,JUQSIZ,0.9975870521835836
ESADUZ01,PIQQOX,0.960911409724465
ESADUZ01,REFWIL,0.9491622266049424
ESADUZ01,FOKWUZ,0.9396925572612176
ESADUZ01,VAKLIF,0.9080554478643492
ESADUZ01,XEFGUN01,0.90654646743769
ESADUZ01,GOYLUB,0.90513792408473
ESADUZ01,REXYAX,0.8844236088084588
ESADUZ01,HIHGUC,0.8606570144274315
ESADUZ01,EREGOY,0.8602394200384744
ESADUZ01,MINBEQ,0.842888555244591
ESADUZ01,LUWKIZ,0.8421230834833393
ECUVEF,REYCUV,0.9613774383363068
ECUVEF,REYCEF,0.9608819149804524
ECUVEF,XEMPAJ,0.9031497759219188
ECUVEF,WEHHIC,0.8499652390844145
ECUVEF,ADATAC,0.8486840619364494
ECUVEF,IQAGEN,0.8388981478000208
TUDJUY,NIFTAA,0.9999999978090832
TUDJUY,TUDKEJ,0.9999992553111025
TUDJUY,NIFNOI,0.9999980189544926
TUDJUY,SEFWEH,0.99998562110606
TUDJUY,SEFVEG02,0.9999639889372212
TUDJUY,NIFQOL,0.999962058567006
TUDJUY,NIFQIF,0.999942430926624
YESYIH,YESYUT,0.9999992644329472
YESYIH,CIMFUB,0.9999967389497388
DEKBON,LAYWOA,0.9996237659541548
DEKBON,NAFSOF,0.974115076727907
DEKBON,KIJRUS,0.96922868712134
DEKBON,IPUPIU,0.9644153815079968
DEKBON,QOWRAV10,0.9488074207629248
DEKBON,QOWRAV12,0.9487607225274726
DEKBON,QOWRAV07,0.948713335173173
DEKBON,QOWRAV05,0.9486295439033582
DEKBON,QOWRAV03,0.9486220575320362
DEKBON,LAQNID,0.9232760787358064
DEKBON,ENIHUG,0.8811512078511613
DEKBON,MUNDOQ,0.879352276020089
DEKBON,HAYXIR,0.872420137996984
DEKBON,XICKOL,0.868726394906766
DEKBON,TEKYOA,0.8675962115754479
DEKBON,NIGDIS,0.8672433656130103
DEKBON,HIDTUM,0.8655490986269344
DEKBON,NEMCOA,0.865029473654099
DEKBON,WURNOO,0.8640084455882825
DEKBON,KAGJOS,0.8636934509120168
DEKBON,LURRIA,0.8625927999137369
DEKBON,ICAGOK,0.8615374046835059
DEKBON,SIXNEV,0.8613150119696387
DEKBON,SIXNIZ,0.8603156464315573
DEKBON,ASIVAB,0.8601359084166142
DEKBON,KIRFOI,0.8566268474329006
DEKBON,OHOMIH,0.8549110817210231
DEKBON,QIZLOC,0.8548697783224573
DEKBON,YIMQOD,0.8547305464521038
DEKBON,NEHZUY,0.8542179136821164
DEKBON,GAVDUD,0.8541863308465545
DEKBON,WULJUJ,0.8490637967059493
DEKBON,DOTSOV16,0.8483473207287995
DEKBON,DOTSOV14,0.8483430730475099
DEKBON,DOTSOV10,0.8483425391353727
DEKBON,DOTSOV15,0.8483425367834263
DEKBON,DOTSOV13,0.8483375044880573
DEKBON,BODPAN,0.8474684669120366
DEKBON,YOZMEH,0.8471067697128415
DEKBON,XAMDUM,0.8471056510109017
DEKBON,YOZNIM,0.8469659785820252
DEKBON,YOZNEI,0.8467545370984325
DEKBON,DIHVIB,0.8466400905393036
DEKBON,WARXUL,0.8419732370792848
DEKBON,QAWHIH01,0.8415783583938706
DEKBON,SIXNUL,0.8407507393382526
QOWRAV03,QOWRAV05,0.9999999994256
QOWRAV03,QOWRAV07,0.9999999144796584
QOWRAV03,QOWRAV12,0.9999998024603842
QOWRAV03,QOWRAV11,0.999999775253376
QOWRAV03,QOWRAV10,0.999999646701186
QOWRAV03,QOWRAV,0.9999994284391064
QOWRAV03,BAZFUF,0.9971172133214457
QOWRAV03,BAZGAM,0.9860857626293686
QOWRAV03,NAFSOF,0.9787779187150188
QOWRAV03,LAYXAN,0.9528124305197332
QOWRAV03,YUSWEP,0.9310647710116652
QOWRAV03,EXOGAB,0.9074657470904668
QOWRAV03,LAQNID,0.8947245594957882
QOWRAV03,AZAVUU,0.8885948311350925
QOWRAV03,ICAGOK,0.8767548110778206
QOWRAV03,WURNOO,0.8720678274365963
QOWRAV03,HAYXIR,0.8717033550172634
QOWRAV03,ENIHUG,0.8677820216884282
QOWRAV03,SEMNIJ,0.8658312790630404
QOWRAV03,LURRIA,0.8607302991541695
QOWRAV03,MUNDOQ,0.8594185928243825
QOWRAV03,NAPSUV,0.8563985859715023
QOWRAV03,ASIVAB,0.852633060651252
QOWRAV03,SIXNIZ,0.8524001190474007
QOWRAV03,SIXNOF,0.8511674969754428
QOWRAV03,SIXNEV,0.850952291364657
QOWRAV03,EPISOM,0.8507974286959916
QOWRAV03,RUJMEQ,0.8470250547955746
QOWRAV03,YOZNUY,0.8391478645618426
QOWRAV03,QAWHIH01,0.838157436489242
HELDOT,MIHJUL,0.999995293532112
HELDOT,DIBQOW,0.9999601621046068
HELDOT,AXINIF,0.9998695046936736
HELDOT,NIGPEA,0.9998123873146244
HELDOT,DIBQIQ,0.998746298812431
HELDOT,DIBQEM,0.9722720748335276
HELDOT,MOXDOT01,0.9539822593448806
HELDOT,BEPRIZ,0.9128817232148896
HELDOT,NOMPOW,0.9117421419904242
HELDOT,NOMPIQ01,0.9113326980734296
HELDOT,CIKPEU,0.91116965887396
HELDOT,XAFFIV,0.8856280205765066
HELDOT,ERUNOW,0.8849533030598625
HELDOT,ERUNUC,0.88396668629764
HELDOT,ESEQUO,0.88337451161376
HELDOT,JODGIU,0.8828541669972395
HELDOT,DIDBOJ,0.8822527207931206
HELDOT,DIDBAV,0.881955398136583
HELDOT,CAXZOS,0.8815468046238526
HELDOT,FEXCES,0.8768138639832793
HELDOT,AGAFAS,0.8767599775809509
HELDOT,CAQKAJ01,0.8756998194926693
HELDOT,TAHYUZ,0.8742870058345643
HELDOT,HALVEY,0.873672741722233
HELDOT,XALMII,0.8719175755783977
HELDOT,YATDOP,0.8706507396759107
HELDOT,FEXCAO01,0.8692972096955485
HELDOT,XALMOO,0.8674270419646419
HELDOT,KESFOG,0.8651414767323784
HELDOT,FEYJOJ,0.8568514562618497
HELDOT,VASYEW,0.8550042553335224
HELDOT,RUYGAV,0.8535532007771799
HELDOT,FAHQIR,0.85349773047362
HELDOT,QIQTOB,0.8528546352899227
HELDOT,ONOCUR,0.8448034971652425
HELDOT,CANYIB,0.8439940699662812
HELDOT,BAKJII,0.8435573645209892
HELDOT,BAKJEE,0.8429375122048308
HELDOT,XUBKOU,0.8420884274334821
HELDOT,JEDVUM,0.8399534083829379
HELDOT,XAPSIS,0.839526637582842
EMIYUW,HERHAQ,0.9997474527242096
EMIYUW,GAYXEM,0.9997472241536924
EMIYUW,WIZMAV06,0.9548728491285052
EMIYUW,WIZMAV04,0.9548662905781146
EMIYUW,WIZMAV11,0.9548630378902616
EMIYUW,UVAHIK,0.9546998615112336
EMIYUW,HICNOZ,0.9159933675825296
EMIYUW,HICNUF,0.9159216327962094
EMIYUW,BUNLAZ,0.9146867550707412
EMIYUW,BUNKUS,0.9143433856567952
EMIYUW,UFOSEQ,0.9051012533616326
EMIYUW,RUBTAK03,0.9050979815432346
EMIYUW,UFOSOA,0.9050920826983072
EMIYUW,IZIBUQ,0.9048129274751692
EMIYUW,OFOJAX,0.8980268911534595
EMIYUW,DITJOH,0.8836527883662494
EMIYUW,VIKRUF,0.8819014355543531
EMIYUW,VIKRIT,0.8803452328327414
EMIYUW,UNEJEE,0.8600303181458973
EMIYUW,ESEBOV,0.8600092055955554
EMIYUW,XIJVIY,0.8526008488886078
XULGIW,RUKDIM,0.9999999931553506
XULGIW,OXOLAP,0.998813812042314
XULGIW,RUBTAK05,0.907571323856428
XULGIW,UFOSEQ,0.9075677857672618
XULGIW,RUBTAK03,0.9075662577888064
XULGIW,SURHEU02,0.9075659169249796
XULGIW,UFOSOA,0.9075635010917328
XULGIW,WIZMAV08,0.865057586143628
XULGIW,WIZMAV12,0.8650489338074003
XULGIW,UVAHIK,0.8650140212246524
XULGIW,HICNOZ,0.8460450551937533
XIHSAJ,XIHSAJ01,0.9999836620233018
XIHSAJ,XIHSEN01,0.99998317395893
XIHSAJ,XIHSEN,0.9999538077100404
XIHSAJ,TONBOO,0.9992350138104862
XIHSAJ,ESEQUO,0.878994582282258
XIHSAJ,MOXDEJ,0.8636606682365567
XIHSAJ,XADDUD,0.8631368125609123
XIHSAJ,DAFHEZ,0.8630499476877448
XIHSAJ,COXFOL,0.8623066221584951
XIHSAJ,WIMWEW,0.8616079474227095
XIHSAJ,XUZRIU,0.8615709024272428
XIHSAJ,HABZEQ,0.8615188524884905
XIHSAJ,FILYAC,0.8609645872337723
XIHSAJ,XEVSIB,0.8603024955651836
XIHSAJ,EJINIV01,0.8525064380714336
XIHSAJ,XUYYEW,0.8524387370988316
XIHSAJ,CIPLIX,0.8452317573542422
XIHSAJ,JEDVUM,0.8451483849130332
XIHSAJ,USAYOE,0.8429067466315
XIHSAJ,WUHMUJ,0.840978891715553
XIHSAJ,DIBQIQ,0.8404235508922042
XIHSAJ,CUWNIT,0.8401888859051908
XIHSAJ,XAMGUQ,0.8401262707060289
XIHSAJ,NIGPEA,0.8377598741608446
XAMDUM02,BODPAN,0.9999861886031816
XAMDUM02,XAMDUM01,0.9999793416579232
XAMDUM02,UXISUR,0.9999774134415302
XAMDUM02,YOZMEH,0.9999774014444976
XAMDUM02,XAMDUM,0.9999773811388408
XAMDUM02,FIQCEN,0.999976786316428
XAMDUM02,YOZNIM,0.9999741856839928
XAMDUM02,YOZNEI,0.999971501706406
XAMDUM02,DIHVIB,0.9999590059275768
XAMDUM02,DOTSOV14,0.999957749249443
XAMDUM02,DOTSOV12,0.999957486326254
XAMDUM02,DOTSOV11,0.9999572242272808
XAMDUM02,DOTSOV15,0.999956941495791
XAMDUM02,DOTSOV10,0.9999569410944852
XAMDUM02,DOTSOV08,0.9999566473740678
XAMDUM02,DOTSOV16,0.9999566423700172
XAMDUM02,DOTSOV02,0.9991698049456018
XAMDUM02,QAWHIH01,0.9991119786528384
XAMDUM02,QIZLIW,0.998639023180798
XAMDUM02,NEHZOS,0.9966402898035972
XAMDUM02,OHOMIH,0.9941689884309116
XAMDUM02,BABREE,0.9322203610261908
XAMDUM02,ORAWAH,0.932015950344287
XAMDUM02,EXOYAS,0.9197633037655072
XAMDUM02,CITXUZ,0.9186044740402726
XAMDUM02,GERWEH,0.9081950956227024
XAMDUM02,YUGLES,0.9078828822630046
XAMDUM02,HOGLEV,0.907818669122896
XAMDUM02,OFOCUI,0.907708115032062
XAMDUM02,NUTQAV,0.9076701661866912
XAMDUM02,HOGLEV01,0.9076647909914066
XAMDUM02,NUTQEZ,0.907555840138918
XAMDUM02,XIJSUH,0.9072670618552316
XAMDUM02,MOCKAR,0.9072613701974392
XAMDUM02,ALIXUP,0.9006386081528458
XAMDUM02,PIDRAY,0.9002575914585516
XAMDUM02,HUCBOX02,0.8973276893923251
XAMDUM02,HUCBOX01,0.8972715443132044
XAMDUM02,PAMQIF,0.8969786928480772
XAMDUM02,MOBDIR,0.8959917692102415
XAMDUM02,VUJBIM,0.8951059557875999
XAMDUM02,MUDTEL,0.8944078851573274
XAMDUM02,GIKMOD,0.8940429838946459
XAMDUM02,GIKMOD01,0.8933200854397527
XAMDUM02,GINTUT,0.8872788051143522
XAMDUM02,VIXPUP01,0.8871315292986619
XAMDUM02,RUVKAV,0.8870812826125394
XAMDUM02,IPUPIU,0.8870164743603054
XAMDUM02,VIXPUP,0.8867292670937956
XAMDUM02,PAFZEE,0.8850575692115188
XAMDUM02,KANMIX,0.8850241314002937
XAMDUM02,WANJIF,0.8849848399663179
XAMDUM02,EMUBOF,0.8848411709394285
XAMDUM02,XEDMEB,0.8847705537150501
XAMDUM02,ADONEP,0.8846641856011301
XAMDUM02,APUPEH,0.8823626063173762
XAMDUM02,EXAXAE,0.8823022650144403
XAMDUM02,DICKEH,0.877180204671257
XAMDUM02,NEMCOA,0.8747697453998216
XAMDUM02,HIDTUM,0.8735196096600693
XAMDUM02,OKABAE,0.8671990185248253
XAMDUM02,KIRFOI,0.8660587577848737
XAMDUM02,IWEQAD,0.86109601698431
XAMDUM02,NIGDIS,0.8610321885386154
XAMDUM02,TEKYOA,0.8609622839503609
XAMDUM02,XICKOL,0.8606780686166051
XAMDUM02,OGEBAF,0.8589566203746049
XAMDUM02,OGEBAF01,0.8587390958686708
XAMDUM02,XITYOP,0.8578874253977355
XAMDUM02,IXAJUN,0.8577209536024064
XAMDUM02,FALTUK,0.8535155244119159
XAMDUM02,FAMPUH,0.8535022588095946
XAMDUM02,NAPSUV,0.8534713486409511
XAMDUM02,EPISOM,0.8528111808256226
XAMDUM02,ANUGEW,0.852713375917068
XAMDUM02,LUKLIN,0.8397581314343615
XAMDUM02,SEMNIJ,0.8395289289827467
XAMDUM02,ENIHUG,0.8387754819843916
XAMDUM02,BAZGAM,0.8382110511499697
YOZMEH,UXISUR,0.9999999999973636
YOZMEH,FIQCEN,0.9999999819151594
YOZMEH,LUDLED,0.9999998918644708
YOZMEH,BODPAN,0.9999954632825744
YOZMEH,YOZNEI,0.9999953092598832
YOZMEH,DOTSOV11,0.9999472326305204
YOZMEH,DOTSOV15,0.999946824662854
YOZMEH,DOTSOV10,0.9999468244533456
YOZMEH,DOTSOV14,0.9999467593705388
YOZMEH,DOTSOV08,0.9999464017900946
YOZMEH,DOTSOV12,0.9999463824194484
YOZMEH,QAWHIH01,0.9992568802799616
YOZMEH,WULJUJ,0.998895758551528
YOZMEH,DOTSOV02,0.9988740420928944
YOZMEH,QIZLIW,0.9984870091942484
YOZMEH,NEHZOS,0.996395588223526
YOZMEH,NEHZUY,0.9963097444341908
YOZMEH,OHOMIH,0.993832829315107
YOZMEH,YOZNOS,0.991781313751782
YOZMEH,DALSOA,0.9329904952329494
YOZMEH,ORAWAH,0.9321678053861998
YOZMEH,ONIXOZ,0.9247754368883362
YOZMEH,EXOYAS,0.9197054570844306
YOZMEH,IWEVAJ,0.9186817453384386
YOZMEH,CITXUZ,0.9184484011285176
YOZMEH,GERWEH,0.908227172723104
YOZMEH,YUGLES,0.9079787218855204
YOZMEH,NUTQAV,0.9077883962049031
YOZMEH,HOGLEV,0.9077399145849512
YOZMEH,EXOGAB,0.9076880982681164
YOZMEH,NUTQEZ,0.907684254994152
YOZMEH,OFOCUI,0.9076663176991848
YOZMEH,MOCKEV,0.907421128669196
YOZMEH,XIJSUH,0.9074180808908234
YOZMEH,MOCKAR,0.9074127965100764
YOZMEH,ALIXUP,0.9002637695848167
YOZMEH,HUCBOX02,0.8973030223543865
YOZMEH,HUCBOX,0.8970073421545702
YOZMEH,MOBDIR,0.8958713623594131
YOZMEH,MUDTEL,0.8946609821801369
YOZMEH,GIKMOD,0.893802721496451
YOZMEH,GINTUT,0.8872979141499846
YOZMEH,IPUPIU,0.8871013585217006
YOZMEH,VIXPUP01,0.8870880152964558
YOZMEH,RUVKAV,0.8870308761529004
YOZMEH,PAFZEE,0.8850765686199247
YOZMEH,KANMIX,0.8850597025026479
YOZMEH,USEVOF,0.8850381939882785
YOZMEH,XEDMEB,0.884708272969828
YOZMEH,APUPEH,0.882143512196839
YOZMEH,EXAXAE,0.882080299582586
YOZMEH,DICKEH,0.8770685131709877
YOZMEH,HIDTUM,0.8732353415882147
YOZMEH,LAQNID,0.8691048411304454
YOZMEH,OKABAE,0.8670089683285008
YOZMEH,NIGDIS,0.8609791994660443
YOZMEH,TEKYOA,0.8609156193382358
YOZMEH,TOVWAE,0.8608595386687715
YOZMEH,OGEBAF01,0.85853283604345
YOZMEH,XITYOP,0.8575856096973391
YOZMEH,IXAJUN,0.8574741820870745
YOZMEH,FAMQAO,0.8535482071912873
YOZMEH,FAMPUH,0.8535400319774498
YOZMEH,NAPSUV,0.8535197957394706
YOZMEH,EPISOM,0.8525792354376822
YOZMEH,SEMNIJ,0.8395931196935205
YOZMEH,ENIHUG,0.8389209070648713
DITHOG,DITJEY01,0.9999694077926938
DITHOG,TOXMUQ,0.842250750831871
DITHOG,NIRPOW,0.8422503136158812
DITHOG,XUPSAE,0.8422159941955061
DITHOG,TOXNEB,0.8422134669085661
XUPSAE,NIRPOW,0.9999998638630558
XUPSAE,TOXMUQ,0.9999998603472224
XUPSAE,PEYSUJ,0.8540214073828398
XUPSAE,DITJEY01,0.841674863700767
CUMLUT,MITSEO,0.9999942716306248
LOQLEJ,VIFPUY,0.9999999778504712
LOQLEJ,VIFPUY03,0.9999999425600292
LOQLEJ,VIFPUY02,0.9999999240363312
LOQLEJ,MAYJOM,0.9999574737642454
LOQLEJ,WAQFAX,0.9468548750040824
LOQLEJ,IYUHUG,0.9468100151985552
LOQLEJ,GIWMAD,0.907354430510025
LOQLEJ,NEDLOZ,0.9054080319675052
LOQLEJ,CIFSIW,0.9042899019003552
LOQLEJ,CIFSAO,0.9033097513633994
LOQLEJ,CIFSES,0.9031367108352044
LOQLEJ,FOSTIS,0.903021542662692
LOQLEJ,UNIDAY,0.9028453947728724
LOQLEJ,FOSTOY,0.9025914754546068
LOQLEJ,YAMXOC,0.8747392287859964
LOQLEJ,CUFFOZ,0.8747381505167455
LOQLEJ,CUFFUF,0.8747320691417998
LOQLEJ,CUFFIT,0.8747097427919439
LOQLEJ,IYUHIU,0.8735888741833246
LOQLEJ,TIRFIK,0.8559829538427364
DOTSOV17,DOTSOV,0.9999999051160524
DOTSOV17,DOTSOV43,0.9999999974531468
WEYQAU16,WEYQEY,0.9999089297134138
WEYQAU16,WEYQAU01,0.9998995960382088
WEYQAU16,WEYQAU02,0.9998225701811568
WEYQAU16,BIYTOU,0.8841252465467108
WEYQAU16,MAHTAR,0.8726408209478346
WEYQAU16,LUSHOX04,0.8722714932994714
WEYQAU16,LUSHOX02,0.8721466786910208
WEYQAU16,XUDSUK,0.872028143814717
WEYQAU16,GOVWOF,0.8590393461551394
WEYQAU16,WACLEU,0.8446337892634161
XUDSUK,LUSHOX02,0.9999972595250948
XUDSUK,LUSHOX04,0.9999923398342656
XUDSUK,OCAKUB,0.9471651115557792
XUDSUK,VUQJUN01,0.9456993910865942
XUDSUK,ENISUQ,0.9069715466707188
XUDSUK,DAWCOV,0.905170988780318
XUDSUK,BELTOD,0.8968610073228569
XUDSUK,PUGHAC,0.896232269927836
XUDSUK,PUGFII,0.896066550413524
XUDSUK,UKIQIP,0.8867993870988016
XUDSUK,FEJFAE,0.88499320334627
XUDSUK,YEKJAC,0.8848083821647191
XUDSUK,DIWFAT,0.8847136757870429
XUDSUK,YAQCEY,0.8835166136721407
XUDSUK,OSADIX,0.8777885359316555
XUDSUK,DADLEC,0.8756056975246342
XUDSUK,ABAYIO,0.8743827690942314
XUDSUK,WEYQAU01,0.8708419876591713
XUDSUK,WEYQAU02,0.8704080547951137
XUDSUK,XIHXET,0.8684927231830118
XUDSUK,AVILAT,0.867127783621495
XUDSUK,ROYMEZ,0.8643070152165166
XUDSUK,XOHSUJ,0.8637859787954575
XUDSUK,XOHTOE,0.8623656409235596
XUDSUK,HIYZEV01,0.8582293818876999
XUDSUK,MUVJIX,0.8535460731441913
XUDSUK,WURKEB,0.8464461301390801
XUDSUK,UKUPEX,0.8464011788489623
XUDSUK,GURXIB,0.839204217652368
VOTHOD,CEHKUW,0.8738261131701068
VOTHOD,MITSEO,0.873820638999373
VOTHOD,YEYRAY,0.8734350815081464
VOTHOD,PARKUQ,0.8730798991069673
VOTHOD,PARKUQ01,0.8730740262547532
VOTHOD,MITSAK,0.8726206322469702
VOTHOD,FUMJAA,0.8721919901086834
VOTHOD,EKUNON02,0.8510104473467601
VOTHOD,EKUNON01,0.8509613292956641
VOTHOD,ULOGIL,0.850572497468972
VOTHOD,YICRAF,0.8428781103113194
VOTHOD,UYOGOF,0.8398079147470481
VOTHOD,MALWUU,0.8396814714222922
FITSAD,ASUKEE01,0.9999656305227402
FITSAD,FUFVEJ,0.9996010320941542
FITSAD,KIKRAA,0.9994641349424098
FITSAD,PEKZIP,0.9987260329691262
FITSAD,CUPHUS,0.9984886347525734
FITSAD,OJOQAF,0.9983913643082246
FITSAD,LABJUV,0.8891026487755855
FITSAD,KAGJOS,0.861774534512583
FITSAD,WURNOO,0.8616891575007818
FITSAD,HAJPEQ,0.8609606480747927
FITSAD,IXAJUN,0.8456004075620012
FITSAD,MUGQAI,0.8453213663627404
WOYWIS,WIGQAH,0.9997836445212512
LUSHOX02,MAHTAR,0.9999727833468744
LUSHOX02,OCAKUB,0.9471786327302988
LUSHOX02,VUQKAU02,0.947174700124473
LUSHOX02,VUQKAU01,0.947118391071586
LUSHOX02,VUQJUN01,0.9457871210407592
LUSHOX02,PUGHAC,0.8961646903930356
LUSHOX02,PUGFII,0.8959684346997109
LUSHOX02,UKIQIP,0.8868404792658655
LUSHOX02,YEKJAC,0.8849188767278493
LUSHOX02,YAQCEY,0.8836054587738004
LUSHOX02,OSADIX,0.8777657500312614
LUSHOX02,DADLEC,0.8756933842305784
LUSHOX02,PUNYIH,0.8748827024057769
LUSHOX02,ABAYIO,0.8743335381123335
LUSHOX02,WEYQEY,0.8730680506367807
LUSHOX02,WEYQAU01,0.870984079332901
LUSHOX02,WEYQAU02,0.8705578970954257
LUSHOX02,ROYMEZ,0.8644610833258042
LUSHOX02,MUMBIH,0.8610886551065291
LUSHOX02,HIYZEV01,0.8581229212563833
LUSHOX02,DOLWAE,0.8506922263012862
LUSHOX02,WOBQEL,0.8467254343908015
LUSHOX02,WURKEB,0.8464584145324008
LUSHOX02,UKUPEX,0.846422281951933
LUSHOX02,GURXIB,0.8391354793563248
JEDVUM,CIPLIX,0.999999640385709
JEDVUM,XAPSIS,0.9998966803543122
JEDVUM,KESFOG,0.9468696161969744
JEDVUM,UFUKUB03,0.9189631248297744
JEDVUM,UFUKUB01,0.9170953601520324
JEDVUM,HUZJIW,0.91478301587954
JEDVUM,EBIMEJ,0.9080556716278444
JEDVUM,FUDHAP,0.90804344673991
JEDVUM,FUDHET,0.9043180547114174
JEDVUM,COXFOL,0.8953902868023464
JEDVUM,DAFHEZ,0.8950875504102812
JEDVUM,XADDUD,0.894953164888921
JEDVUM,FILYEG,0.8936027349033698
JEDVUM,ABIWOX,0.8771218318136867
JEDVUM,VASYEW,0.8768352140473712
JEDVUM,XUDVAV,0.8757983551372907
JEDVUM,BUKLOJ,0.8681052386932016
JEDVUM,EDAJUP01,0.862118479361738
JEDVUM,BAKJII,0.8611232262906147
JEDVUM,CANYIB,0.861060985225937
JEDVUM,QUSVOQ,0.8606710483792503
JEDVUM,BAKJOO,0.860544808668758
JEDVUM,TIDNIF,0.8571346461224223
JEDVUM,ESEQUO,0.8546483153495346
JEDVUM,XIHSEN01,0.8446007498931329
JEDVUM,XIHSAJ01,0.8445837899307544
JEDVUM,TONBOO,0.8441856930876572
JEDVUM,VEFLUP,0.8440455658795233
JEDVUM,NIGPEA,0.840201905665854
JEDVUM,AXINIF,0.8401866671903653
JEDVUM,DIBQOW,0.8401145359560458
JEDVUM,MIHJUL,0.8400177685739765
DOTSOV24,DOTSOV21,0.9999999930470412
LOWQIX,WIMWIA,0.9999946210520868
LOWQIX,EGIKUB01,0.9985757625496569
LOWQIX,REGREC,0.8968953061813523
LOWQIX,FUVBAB,0.8968386734767625
LOWQIX,PEJPEB,0.896748439081816
LOWQIX,ACIBOE,0.8966681742187409
LOWQIX,IJEXIF01,0.8962425968564232
LOWQIX,IRELAU,0.8746885126396844
LOWQIX,QAQSAD,0.86378996974097
LOWQIX,WORKUL,0.8633836432562043
LOWQIX,KOZNEU,0.8608179970277045
LOWQIX,VEGMOK01,0.8607534542542159
LOWQIX,VEGMOK03,0.8607422656314183
LOWQIX,FIJCUX01,0.8606665869597618
LOWQIX,IFABIA02,0.8603720746492372
LOWQIX,PEVQOY,0.85872754715078
LOWQIX,MIBQAR15,0.8584798012158972
LOWQIX,MIBQAR07,0.8584613423278024
LOWQIX,MIBQAR01,0.8584004979627247
LOWQIX,HOLRAD,0.8583936088808222
LOWQIX,PASGEX04,0.8545835866659287
LOWQIX,NENHEU,0.8528533957986895
LOWQIX,UFAMEW,0.8520504553754014
LOWQIX,DUZPUL,0.8513446553253036
LOWQIX,QUQFEO,0.8437448332662134
LOWQIX,SAVMAE,0.8414439020575786
VAKLIF,YINPEQ,0.999898909014133
VAKLIF,XEFGUN01,0.9969786776694884
VAKLIF,RUXWEM03,0.9447191723046198
VAKLIF,MINBEQ,0.9195153831576808
VAKLIF,WUHMOD,0.9081630117041148
VAKLIF,NOZZUZ,0.9081109059861152
VAKLIF,YILKAH,0.907949120459352
VAKLIF,PIKYAM,0.9078308753133116
VAKLIF,RUGYOJ,0.9073904836506334
VAKLIF,ODIXIK,0.9072249654875576
VAKLIF,AJAKON,0.9065453922503935
VAKLIF,ODIXAC,0.9054562365505068
VAKLIF,NOZZOT,0.9053848480718898
VAKLIF,JUQSIZ,0.904283862174278
VAKLIF,IVOLIQ,0.8962202308163941
VAKLIF,JIYSUI,0.8872827273974371
VAKLIF,DELGIN,0.8867759505805475
VAKLIF,QEKLID01,0.8867541992056176
VAKLIF,QEKLID,0.8867123260069053
VAKLIF,AWEJIW,0.8865514226951969
VAKLIF,ROCZEQ,0.8850181525710268
VAKLIF,WEBLAQ,0.8844894267314092
VAKLIF,LUWKIZ,0.8831997487408558
VAKLIF,PIQQEN,0.8776769589687682
VAKLIF,IGUTUB,0.8755935058439404
VAKLIF,MITSAK,0.8749996782338528
VAKLIF,KUJMIN,0.8749197958568008
VAKLIF,MITSEO,0.8743246175284992
VAKLIF,CEHKUW,0.874305838968635
VAKLIF,NENHAQ,0.8739185330403734
VAKLIF,XEQRAO,0.8691601885220248
VAKLIF,JUXZIN,0.8690079469804188
VAKLIF,GOQTIR,0.8684226737653483
VAKLIF,WAHQON,0.8666716690033706
VAKLIF,XOGWUN,0.8652357693130562
VAKLIF,EKUNON02,0.8618343527241896
VAKLIF,EKUNON01,0.8616233176897214
VAKLIF,PENNAZ,0.8609137973923515
VAKLIF,REFWIL,0.8608518128886609
VAKLIF,FIJDEI,0.8608232633383381
VAKLIF,ULOGIL,0.860491131362878
VAKLIF,RUVBOB,0.8602157885849472
VAKLIF,FOKWOT,0.8584306059442373
VAKLIF,FOKWUZ,0.8569240793146149
VAKLIF,YICRAF,0.855926844294451
VAKLIF,RUVBIV,0.8552742895304235
VAKLIF,HIHGUC,0.8535531613197611
VAKLIF,WIVRIE,0.8530299559867316
VAKLIF,EREGOY,0.8520874209064051
VAKLIF,FONQAC,0.845752791876184
HOGJIX,IJEXIF01,0.9043225416714542
HOGJIX,ULISOZ,0.9024519974367564
HOGJIX,REGREC,0.9013598594638204
HOGJIX,FUTZEB,0.8999551628945975
HOGJIX,FUVBAB,0.8986305550133173
HOGJIX,PEJPEB,0.8978475566934283
HOGJIX,ACIBOE,0.8972919802571565
HOGJIX,NANYUX03,0.8969980877066306
HOGJIX,UNAGOH,0.8967477296930264
HOGJIX,DUZPUL,0.8643533408053194
HOGJIX,UFAMEW,0.8639693652932798
HOGJIX,YOZYUJ,0.8515949669609175
HOGJIX,QUQFEO,0.8452839324589848
HOGJIX,HIQNUS,0.8446815508798984
HOGJIX,EXOXUL,0.8429274489739383
ELAPEM,RAVCUO,0.8420214726761281
CECVOW,KOLPIL,0.9947342085798904
PIJKIF,VEXVAW,0.8725159381865928
PIJKIF,PIJKUR,0.9999872382313012
PIJKIF,BAZBIQ,0.9314962274004276
PIJKIF,TOVJIZ,0.8878717449617919
PIJKIF,YAXBUV02,0.8868086413971131
PIJKIF,POJTOY,0.8862815844477447
PIJKIF,POJTOY01,0.8861326722932672
PIJKIF,POJTUE,0.8857423158871771
PIJKIF,SADMIV,0.8856162103116264
PIJKIF,SETQUF,0.8855753812104818
PIJKIF,SETQIT,0.885119205111613
PIJKIF,SETQEP,0.8849629564375585
PIJKIF,SADMOB,0.8849579107874737
PIJKIF,XUDSIY,0.8848829383065626
PIJKIF,XADCOW,0.8847497945956941
PIJKIF,LARPEB,0.8822227169462569
PIJKIF,TOVJEV,0.8799907452768555
PIJKIF,NEHZAE,0.8797492109716541
VEFLUP,XIHSEN,0.9999994479360927
VEFLUP,XIHSEN01,0.9999852791327418
VEFLUP,TONBOO,0.999173278617208
VEFLUP,ESEQUO,0.8799183986371614
VEFLUP,FILYEG,0.8632368765799092
VEFLUP,XADDUD,0.8626945051699435
VEFLUP,COXFOL,0.8617118383106157
VEFLUP,XUZRIU,0.8616624357555542
VEFLUP,HABZEQ,0.861280402582239
VEFLUP,WIMWEW,0.8608507463636613
VEFLUP,XEVSIB01,0.8608450922491263
VEFLUP,EJINIV01,0.8524163915635998
VEFLUP,EJINIV,0.8524074624918749
VEFLUP,XAPSIS,0.845512741655678
VEFLUP,CIPLIX,0.8441377412710158
VEFLUP,YIPFIO,0.8439380046840246
VEFLUP,USAYOE,0.8429335601273316
VEFLUP,XAMGUQ,0.8392693181262373
VEFLUP,NIGNUO,0.8377411921928339
KORMUB,QUSVOQ,0.8606698466879977
KORMUB,BEXVAD01,0.8605179136650042
KORMUB,FUDHAP,0.8392892970218051
JALLOA,AWOFOI,0.9933628815594292
JALLOA,ILAXOK,0.896003528731431
JALLOA,BIYTAG,0.8840541404116282
JALLOA,IJORUV,0.8838968968654388
XEMPAJ,IQAGEN,0.923066740101304
XEMPAJ,REYCEF,0.9161503515429742
XEMPAJ,MEQPEG,0.8509580641681319
DELGIN,AWEJIW,0.9999799527489264
DELGIN,QEKLID01,0.9728701118659844
DELGIN,QEKLID,0.9727884357880664
DELGIN,RUXWEM01,0.9284764059428556
DELGIN,RUXWEM03,0.9277249977635044
DELGIN,QUQFOY,0.9167338269112628
DELGIN,DUWBEE,0.9041306754069808
DELGIN,PIKYAM,0.8934132895214435
DELGIN,XEDGIY,0.8700552710748232
DELGIN,YICRAF,0.864041287796896
DELGIN,JUXZIN,0.8561356758699671
DELGIN,IGUTUB01,0.8554337573744727
DELGIN,GOQTIR,0.8548445984235077
DELGIN,KUJMIN,0.8548300346082411
DELGIN,FUMJAA,0.8547058414581251
DELGIN,MITSUE,0.8544856200579023
DELGIN,MITSAK,0.854481026819493
DELGIN,PARKUQ01,0.8541247655986077
DELGIN,PARKUQ,0.8541186633683763
DELGIN,YEYRAY,0.8536370330703263
DELGIN,ZASJAG,0.8529220185644772
DELGIN,CEHKUW,0.8526061182909859
DELGIN,JIYSUI,0.8496415836889117
DELGIN,WEVVOL,0.8480865407772216
DELGIN,VAYFAE,0.8479667636306167
DELGIN,FELXOM,0.8463038554857479
DELGIN,FONKEA,0.8419942512231491
HIBSUG03,HIBSUG02,0.9999965431227842
HIBSUG03,HIBSUG01,0.9999963028111176
HIBSUG03,HIBSUG06,0.9999962619763484
HIBSUG03,HIBSUG07,0.9999961586651052
HIBSUG03,OVAJAX,0.999991328109237
HIBSUG03,ACUBOP,0.999816370084836
HIBSUG03,PAQYAJ01,0.8773797982693294
HIBSUG03,XASHAA,0.8641406903711302
HIBSUG03,ROCZEQ,0.8410253905238264
GAVDUD,NEHZUY,0.999999408666286
GAVDUD,OHOMIH,0.9996608631418864
GAVDUD,QIZLIW,0.999543663992266
GAVDUD,DOTSOV12,0.9972006951473874
GAVDUD,DOTSOV16,0.997200615942325
GAVDUD,DOTSOV08,0.9972005602350128
GAVDUD,DOTSOV15,0.9971975058453088
GAVDUD,DOTSOV11,0.9971945459543388
GAVDUD,DOTSOV13,0.9971942336398454
GAVDUD,BODPAN,0.9966199918545648
GAVDUD,XAMDUM01,0.996407749159706
GAVDUD,FIQCEN,0.9963589331714598
GAVDUD,LUDLED,0.9963355261838795
GAVDUD,YOZNEI,0.9961352739152476
GAVDUD,DIHVIB,0.9960557161219342
GAVDUD,YOZNUY,0.9900084973453628
GAVDUD,BABREE,0.932100251705305
GAVDUD,ONIXOZ,0.9320684636124495
GAVDUD,DALSOA,0.9299307937994756
GAVDUD,ORAWAH,0.9250708878811298
GAVDUD,CITXUZ,0.9196909888718704
GAVDUD,RAWYAS,0.9194158395119152
GAVDUD,EXOYAS,0.9184168281814448
GAVDUD,IWEVAJ,0.9158270834361985
GAVDUD,HANWAW,0.907921111332487
GAVDUD,ALIXUP,0.9073890638416712
GAVDUD,PIDRAY,0.9072572024185028
GAVDUD,EXOGAB,0.9069069785224828
GAVDUD,HOGLEV,0.90682610485563
GAVDUD,GERWEH,0.9040725822466578
GAVDUD,YUGLES,0.902388478198729
GAVDUD,OFOCUI,0.9019984463373883
GAVDUD,NUTQAV,0.901598513106276
GAVDUD,NUTQEZ,0.9012198660647684
GAVDUD,MOCKEV,0.9004217830927985
GAVDUD,XIJSUH,0.900351275078439
GAVDUD,MOCKAR,0.900335110750515
GAVDUD,GIKMOD,0.8973586144353908
GAVDUD,MOFGOE,0.8961551990068816
GAVDUD,PAMQIF,0.8955268878755792
GAVDUD,HUCBOX01,0.8948911864498434
GAVDUD,HUCBOX02,0.8945597627441502
GAVDUD,RUVKAV,0.8853713572474257
GAVDUD,VIXPUP01,0.8852057364477712
GAVDUD,EMUBIZ,0.8850715551327726
GAVDUD,EXAXAE03,0.8850702539993849
GAVDUD,EXAXAE,0.8850467624911478
GAVDUD,GINTUT,0.8837503841526634
GAVDUD,XEDMEB,0.8833915223438276
GAVDUD,ADONEP,0.8830338839842261
GAVDUD,WANJIF,0.8821783523420437
GAVDUD,PAFZEE,0.8815321526789557
GAVDUD,KANMIX,0.8809424138066008
GAVDUD,EMUBOF,0.8797918071901464
GAVDUD,NEMCOA,0.8779614963527218
GAVDUD,HIDTUM,0.87789032589973
GAVDUD,DICKEH,0.8770445268932647
GAVDUD,KIRFOI,0.8692720918242933
GAVDUD,OKABAE,0.8691143603672594
GAVDUD,XITYOP,0.8611129954619996
GAVDUD,IDUDIW,0.8610817490592175
GAVDUD,LAYWOA,0.8549323121077517
GAVDUD,LAYXAN,0.8547995535611816
GAVDUD,WARXUL,0.8534503228311285
GAVDUD,EPISOM,0.8521884666909487
GAVDUD,FALTUK,0.8496369482313941
GAVDUD,RUJMEQ,0.8437240951277971
GAVDUD,NAFSOF,0.8400140182328852
GAVDUD,BAZGAM,0.8396252052156246
GAVDUD,LUKLIN,0.8388189008551429
MITTAL,QISNIR,0.9999995089530406
MIBQAR15,NIRZAQ,0.9999999838133926
MIBQAR15,VUSKEA,0.9999997698966152
MIBQAR15,IFABIA02,0.9989763242311188
MIBQAR15,REDROI,0.9988221046748248
MIBQAR15,VEGMOK01,0.998468719214187
MIBQAR15,KOZNEU,0.998103674587304
MIBQAR15,FIJCUX01,0.996168691303
MIBQAR15,PIWLIT,0.9448233574272964
MIBQAR15,VOLRAQ,0.907361696316354
MIBQAR15,BOLPAU,0.9068329948128204
MIBQAR15,DAWCIP,0.9051223071221924
MIBQAR15,GUGNON,0.9047994354806062
MIBQAR15,JEDDII,0.8971916407498153
MIBQAR15,NIYZIG,0.8969059156006028
MIBQAR15,ACODIH,0.8948427289970429
MIBQAR15,EKEKEL,0.8872966227830277
MIBQAR15,UKOLOV,0.8852670592487253
MIBQAR15,BUVNIR,0.8849007972272177
MIBQAR15,DARYIF,0.8843080409919849
MIBQAR15,WORKUL,0.884283890880585
MIBQAR15,NAWXER,0.8818924880698737
MIBQAR15,IDIXAU,0.8780157983688499
MIBQAR15,DUPKAC,0.8779409147763962
MIBQAR15,XOQXIL,0.8759157655282536
MIBQAR15,XAFFER,0.8748851554487288
MIBQAR15,IJEXIF01,0.8744952566427695
MIBQAR15,PERQUB,0.873861713145881
MIBQAR15,REGREC,0.8731601245397738
MIBQAR15,FUTZEB,0.8723982642450412
MIBQAR15,PEJPEB,0.871156902557604
MIBQAR15,NOXMAQ,0.8710108190045424
MIBQAR15,ACIBOE,0.8708139855789803
MIBQAR15,ZARLEL,0.870583185134141
MIBQAR15,UNAGOH,0.8704726533613545
MIBQAR15,NENHEU,0.8686054021068197
MIBQAR15,JEDVIA,0.867065442144384
MIBQAR15,OKELOH,0.8668021907242759
MIBQAR15,SAVMAE,0.8642362834516347
MIBQAR15,XEGWIS,0.8627246526464117
MIBQAR15,KAHMOW,0.8627090211117436
MIBQAR15,XEGXIT,0.8626943411340673
MIBQAR15,XEGWAK,0.8626822885847577
MIBQAR15,YICQOS,0.8611400730975194
MIBQAR15,DUFLOH,0.860875995497515
MIBQAR15,WIMWIA,0.8582530691599042
MIBQAR15,WOJZOK01,0.8530717292418379
MIBQAR15,NISCOJ,0.8457271443514132
MIBQAR15,IGINIX,0.8441770706550783
MIBQAR15,LEBQUH,0.8388326795629063
MIBQAR15,VURMOL,0.8383164860449939
MIBQAR15,HOKLIE,0.8380890620089769
ATEYOP,XISDOU,0.9997160988420594
ATEYOP,AYOZIZ,0.9842693564920968
ATEYOP,LUWNAU,0.9741977578029516
ATEYOP,AFUDUD,0.9465196694558076
ATEYOP,ADEGIA,0.90342201504135
ATEYOP,ATIKAP,0.9033272124538244
ATEYOP,ADEGIA01,0.9014177484633412
ATEYOP,HOGQIF,0.8767329572275507
ATEYOP,YICGUP,0.8419193869781496
ATEYOP,EBEWIT,0.8398108385452557
ATEYOP,EBEXAM,0.8397877827865791
ERIQUS,LONHON,0.999964064063597
ERIQUS,LIPZES,0.9997586625252874
ERIQUS,XILBAW,0.9981415392438688
ERIQUS,RUBZIY02,0.9945592977855012
ERIQUS,XAPMUY,0.9436140252861523
ERIQUS,MOLLEG,0.9163347080175808
ERIQUS,VIXKOE,0.90783629348279
ERIQUS,SAQCIZ,0.8857709446977469
ERIQUS,IVOLOW,0.8855735403055192
ERIQUS,POCMEA03,0.8835616539430318
ERIQUS,POCMEA01,0.8834797974989431
ERIQUS,INICPB02,0.8834524439716618
ERIQUS,YUNBOZ,0.8820444938314014
ERIQUS,CERPOF,0.8747626830486301
ERIQUS,CERPOF01,0.8747394673930307
ERIQUS,TEDZUZ,0.8602973360774016
ERIQUS,WENRIR,0.8595381131218326
ERIQUS,DITKAT01,0.8538075068279496
ERIQUS,SOSQOI,0.8529078199331459
ERIQUS,HIFHIP,0.8512173166711416
ERIQUS,HAPZUW,0.8464787438250894
FILYAC,WIMWEW,0.9999583957913184
FILYAC,COXFOL,0.9993742177408156
FILYAC,DAFHEZ,0.9993232807897546
FILYAC,XADDUD,0.9992419105408684
FILYAC,MOXDEJ,0.9982874604903388
FILYAC,CIPLIX,0.8966613973034226
FILYAC,FUMJAZ01,0.8626194689121961
FILYAC,FUMJAZ,0.8624345024145903
FILYAC,XIHSAJ01,0.860530872144805
FILYAC,XIHSEN,0.8601974568393485
FILYAC,TONBOO,0.8600478869426729
FILYAC,XEVXUT,0.8599349094535396
FILYAC,VASYEW,0.8560505774267458
FILYAC,RAKBIO,0.8546031682966069
FILYAC,RAKBIO01,0.8546018015120649
FILYAC,KESFOG,0.8537651751066491
FILYAC,GAGWOB,0.8523035066297405
FILYAC,HABZEQ,0.8424031681529052
FILYAC,XUZRIU,0.8401530427466424
DADTOS10,YANWOC,0.999999982838573
DADTOS10,DADTOS06,0.9999969338037096
DADTOS10,DADTOS01,0.9999959565196174
DADTOS10,DADTOS11,0.9999958686490812
DADTOS10,DADTOS04,0.999995718142877
DADTOS10,DADTOS,0.9999952271380758
DADTOS10,DADTOS03,0.9999936860320549
DADTOS10,DADTOS13,0.9999880879077104
DADTOS10,DADTOS15,0.9999482788385944
DADTOS10,REZJIR02,0.9999438834365816
DADTOS10,YUKTUU01,0.9999424721388592
DADTOS10,YUKTUU,0.9999420603398608
DADTOS10,REZJIR03,0.9999364114344872
DADTOS10,VIRJEM,0.9999208285823354
DADTOS10,PADJOU01,0.9999037780539152
DADTOS10,LIJWOR01,0.9998564101984492
DADTOS10,LIJWOR05,0.9998045902373432
DADTOS10,IJOMOJ01,0.9997845213979168
DADTOS10,NURGUE,0.9997516279168862
DADTOS10,QINSUD,0.9997392829537785
DADTOS10,SIWPUL04,0.999738947732928
DADTOS10,SIWPUL11,0.9977139665448944
NEMCOA,ORAWAH,0.9287782541386396
NEMCOA,CITXUZ,0.9230739787157318
NEMCOA,EXOYAS,0.9218683613835124
NEMCOA,EXOGAB,0.8845318896336294
NEMCOA,NEHZOS,0.8779623630211959
NEMCOA,OHOMIH,0.877561983971639
NEMCOA,WULJUJ,0.8754453587605602
NEMCOA,DOTSOV16,0.8753337943972056
NEMCOA,DOTSOV12,0.8753337535475894
NEMCOA,DOTSOV08,0.8753337404328814
NEMCOA,DOTSOV15,0.8753307787711676
NEMCOA,DOTSOV11,0.8753279087639904
NEMCOA,DOTSOV13,0.8753276058902011
NEMCOA,UXISUR,0.8745318982700392
NEMCOA,FIQCEN,0.8745160019291494
NEMCOA,LUDLED,0.87449321645312
NEMCOA,YOZNIM,0.8744383738788498
NEMCOA,YOZNEI,0.8742971337664713
NEMCOA,DIHVIB,0.8742206751447626
NEMCOA,QAWHIH01,0.8706178500316302
NEMCOA,YOZNUY,0.8682915044128925
NEMCOA,ANUGEW,0.865890193972952
NEMCOA,HANWAW,0.8597599219671177
NEMCOA,WARXUL,0.8562101478986615
NEMCOA,LAQNID,0.8468521956230863
NEMCOA,IXAJUN,0.8412573658888545
NEMCOA,NIGDIS,0.8391950396068317
XIHXET,XIHXAP01,0.9990615479071654
XIHXET,VUQKAU01,0.8848963028074315
XIHXET,OCAKUB,0.8845313284480444
XIHXET,REZFEK,0.8803777691757944
XIHXET,WOBQEL,0.8626338904629477
XIHXET,WACLEU,0.8614146978441372
XIHXET,UKIQIP,0.8565297161467572
XIHXET,INEXOQ,0.8536739978681821
XIHXET,XOHSUJ,0.8409058199481615
XIHXET,XOHTOE,0.8400061152300509
WUZGEF01,GOQTIR,0.8424193176129671
WUZGEF01,RUXWEM01,0.8411005134579517
WUZGEF01,XOGWUN,0.840853018809969
PIKYAM,RUXWEM01,0.9558492302414082
PIKYAM,RUXWEM03,0.9555617176125816
PIKYAM,XEFGUN01,0.9070526889105246
PIKYAM,AWEJIW,0.8930067418423712
PIKYAM,NOLRIR,0.8856839479714597
PIKYAM,IGUTUB,0.8849579722499964
PIKYAM,ECIWIW,0.8844618730860472
PIKYAM,IGUTUB01,0.8822043543793299
PIKYAM,JIYSUI,0.8683395491197282
PIKYAM,JUXZIN,0.8516251497941988
PIKYAM,XEQRAO,0.8507953340921427
PIKYAM,XOGWUN,0.8498833334678224
PIKYAM,VAYFAE,0.8486106054038565
PIKYAM,FELXOM,0.8477849895373699
NIYZIG,JEDDII,0.9993486118336792
NIYZIG,ACODIH,0.999164903995695
NIYZIG,REDROI,0.8971876581690018
NIYZIG,VEGMOK03,0.897061323508383
NIYZIG,VEGMOK04,0.8970602069895799
NIYZIG,PEVQOY,0.897010785459683
NIYZIG,VUSKEA,0.8969260844789237
NIYZIG,MIBQAR01,0.8968707332706531
NIYZIG,HOLRAD,0.8968676357079969
NIYZIG,PIWLIT,0.8842641011217159
NIYZIG,PIWLAL,0.8835703034200557
NIYZIG,GUGNON,0.850075602001884
PIWLAL,PIWLIT,0.999888508701491
PIWLAL,JENKET,0.9563818731994064
PIWLAL,VEGMOK01,0.9468001328568632
PIWLAL,VEGMOK04,0.9467779349066252
PIWLAL,VEGMOK03,0.9467765866621748
PIWLAL,REDROI,0.9465740262875416
PIWLAL,IFABIA02,0.9462183211076004
PIWLAL,PEVQOY,0.9439870907945092
PIWLAL,VUSKEA,0.9437396496295926
PIWLAL,MIBQAR07,0.9436605500958252
PIWLAL,RUYGOJ,0.943611623634405
PIWLAL,MIBQAR01,0.943586504723588
PIWLAL,HOLRAD,0.943578144442566
PIWLAL,DITTEH,0.9327584838021038
PIWLAL,NOXMAQ,0.9219966912747684
PIWLAL,DUPKAC,0.919598078128153
PIWLAL,GOSDUP,0.9141400480204668
PIWLAL,NAWXER,0.9039032496670912
PIWLAL,REBVIG,0.8953631143577249
PIWLAL,PEGCIP,0.8853371699223174
PIWLAL,PICCUC,0.8832127537296475
PIWLAL,CESQUP,0.8821395771240479
PIWLAL,JEDDII,0.8812434513556442
PIWLAL,YICQOS,0.8728838018057261
PIWLAL,DUFLOH,0.871889376905858
PIWLAL,IQOJAB,0.8715266261123233
PIWLAL,NEHGIS,0.8651482591013283
PIWLAL,HUTZAX01,0.8650056322801254
PIWLAL,YOCGAZ,0.8648067664024027
PIWLAL,BOLPAU,0.8644604828973019
PIWLAL,QIWCUW,0.8595837731801106
PIWLAL,VANHEA,0.8559533996630164
PIWLAL,BOVHEB,0.8554997385041214
PIWLAL,QOZSIJ,0.8534959852593814
PIWLAL,EJIQIZ,0.8524566295400005
PIWLAL,FECWOB,0.847515643908231
PIWLAL,MOFTIL01,0.8468276469101641
PIWLAL,UKOLOV,0.8462028952891849
PIWLAL,SACHIP,0.8461761394259848
PIWLAL,NUCRIN,0.8460818858646955
PIWLAL,QAQSAD,0.8443711438220237
PIWLAL,WORKUL,0.8434431808415702
PIWLAL,RUTNOK01,0.8434182181939024
DUZPUL,YOZYUJ,0.9921646686175724
DUZPUL,QUQFEO,0.9801657788443018
DUZPUL,KUNLEL,0.9471334074590352
DUZPUL,PERQUB,0.945117071644044
DUZPUL,NIWYID,0.9450996971991932
DUZPUL,REGREC,0.9441959679142912
DUZPUL,FUVBAB,0.9423039316304348
DUZPUL,ACIBOE,0.9413297073804252
DUZPUL,JEDVIA,0.9370057585462452
DUZPUL,DOYHOQ,0.8935563979359207
DUZPUL,NUFBEX,0.8934011575829257
DUZPUL,NUFCAU,0.8933509873273336
DUZPUL,DOYHIK,0.8860559948125784
DUZPUL,CIJLIT,0.8849463983126564
DUZPUL,NUCPIM,0.8790605976400647
DUZPUL,UKOLUD,0.8789616357595069
DUZPUL,ADUVAZ,0.8767264403830968
DUZPUL,JAYXAL,0.8763057976171645
DUZPUL,QOPZIF,0.8747386789105063
DUZPUL,EXOXUL,0.8744183086714603
DUZPUL,MOHLIF,0.8650616878107533
DUZPUL,VOLRAQ,0.8648344192637931
DUZPUL,MUWRUT,0.8634937726026275
DUZPUL,JENKET,0.8589530186752234
DUZPUL,DUNXUH13,0.851641405399322
DUZPUL,DUNXUH,0.8514607736439198
DUZPUL,WIMWIA,0.851063743389968
DUZPUL,REFVEF,0.8463825337150571
DUZPUL,NAHGUB,0.8452120056043633
DUZPUL,KEGTEY,0.8444867464269948
DUZPUL,BUKMUQ01,0.8382411418834469
LIQFEY,MITSEO,0.9082406510298948
LIQFEY,PARKUQ01,0.9079888043677894
LIQFEY,MITSAK,0.9077289968530144
LIQFEY,MITSUE,0.9077243471098676
LIQFEY,FUMJAA,0.90744995232857
LIQFEY,QUQFOY,0.8535352498582544
LIQFEY,AJIJEI01,0.8424486003409195
LIQFEY,NAPZOV,0.8422336228204625
JOPGOM,HURGEH,0.9999816954740628
FUDHET,FUDHAP,0.9973571922374586
FUDHET,QUSVOQ,0.9405951311055364
FUDHET,BEXVAD01,0.91209117402928
FUDHET,CIPLIX,0.904392518614382
FUDHET,FEYJOJ,0.8649695691473832
FUDHET,USAYOE,0.8609053461282433
FUDHET,WUHMUJ,0.8597436813760924
FUDHET,CUWNIT,0.8590439003127219
FUDHET,XAMGUQ,0.8589806443138613
FUDHET,GEPBEK,0.8586241224935394
FUDHET,KESFOG,0.8585661216698487
FUDHET,AGAFAS,0.8535375089987735
FUDHET,UFUKUB03,0.842126117287592
POKZOG,JUQSIZ,0.9998861520598908
POKZOG,PIQQEN,0.9613062104618726
POKZOG,REFWIL,0.957371862470876
POKZOG,FOKWOT,0.9423032231552732
POKZOG,XEFGUN01,0.9082439994698792
POKZOG,REXYAX,0.8796618462803043
POKZOG,RUXWEM01,0.864987712596047
POKZOG,EREGOY,0.8604934665429684
POKZOG,LUWKIZ,0.8428079098571999
POKZOG,MINBEQ,0.8417750340821593
POKZOG,VAXTEV,0.8400881717626113
COXFOL,XADDUD,0.9996007106531908
COXFOL,WIMWEW,0.9995595325409382
COXFOL,MOXDEJ,0.9991677162276338
COXFOL,XAPSIS,0.8960089320619418
COXFOL,CIPLIX,0.895432301892658
COXFOL,FUMJAZ01,0.8653925750784117
COXFOL,FUMJAZ,0.8652850111453841
COXFOL,XEVXUT,0.8625050286981863
COXFOL,TONBOO,0.8623722453402458
COXFOL,XIHSAJ01,0.8619853239204581
COXFOL,XIHSEN01,0.86197373542037
COXFOL,XIHSEN,0.8617787474351971
COXFOL,VASYEW,0.8585733163267096
COXFOL,RAKBIO02,0.8539413642893986
COXFOL,RAKBIO,0.8539340632237683
COXFOL,RAKBIO01,0.8539033736312094
COXFOL,FEYJOJ,0.8530943932265933
COXFOL,KESFOG,0.8518317357159078
COXFOL,ESEQUO,0.8498572444533846
COXFOL,HABZEQ,0.8434042548253401
COXFOL,AGAFAS,0.8426479383818699
COXFOL,XEVSIB01,0.8387588370453891
COXFOL,XEVSIB,0.8386419430087596
ZEFSAG,URUFIY,0.8647564176712907
NAXVOY04,NAXVOY01,0.9999990149287266
NAXVOY04,MOPQIT,0.9999975400935666
NAXVOY04,XEHSOT,0.9999909909768044
NAXVOY04,NIWZIE01,0.9999883965442232
NAXVOY04,NIWZIE09,0.9999507813705796
NAXVOY04,NIWZIE17,0.9998854788739244
NAXVOY04,NIWZIE18,0.9998775890738968
NAXVOY04,ILECIN,0.9984328863989766
NAXVOY04,LICSEW03,0.9974862080629272
NAXVOY04,LICSEW04,0.99725083937948
NAXVOY04,MGFORD01,0.9971929893262907
NAXVOY04,MGFORD02,0.997023229532975
NAXVOY04,AMURUX08,0.9964733997757116
NAXVOY04,AMURUX,0.996454812099754
UNEJEE,ERARUM,0.8929689837520632
UNEJEE,WIZMAV06,0.892910478437877
UNEJEE,WIZMAV09,0.8928973567560707
UNEJEE,ERANAO,0.8921829174941905
UNEJEE,BUNLAZ,0.8837229818257442
UNEJEE,BUNKUS,0.8833741143420274
UNEJEE,RUBTAK05,0.8749171904677403
UNEJEE,RUBTAK03,0.8749064782432829
UNEJEE,SURHEU02,0.8749057582373237
UNEJEE,UFOSOA,0.8749006580846036
UNEJEE,XIJVIY,0.8736473198804803
UNEJEE,HERHAQ,0.8598215555219196
UNEJEE,RIBSAZ,0.8463630361424093
PERQUB,ULISOZ,0.9999948335029026
PERQUB,IJEXIF01,0.9998727445051396
PERQUB,FUVBAB,0.9994060167090156
PERQUB,PEJPEB,0.9991982994237264
PERQUB,UNAGOH,0.9988693900885222
PERQUB,JEDVIA,0.9969191098008084
PERQUB,QUQFEO,0.9327179574588044
PERQUB,REBVIG,0.9081250657908688
PERQUB,FUDGIW,0.9079464196625208
PERQUB,KEFBOO,0.903965560883252
PERQUB,DUNXUH13,0.8971028638574532
PERQUB,DUNXUH15,0.8970614580093134
PERQUB,DUNXUH,0.8970614574665691
PERQUB,WIMWIA,0.8966323763791458
PERQUB,EGIKUB01,0.8963960887948861
PERQUB,BOWJAA,0.8872744580673597
PERQUB,DITTEH,0.8872021965509823
PERQUB,REFVEF,0.884702625331581
PERQUB,BUKMUQ01,0.8839907280153338
PERQUB,APACAX,0.8779288445494398
PERQUB,NUFBEX,0.877765093077937
PERQUB,DOYHOQ,0.8776859675222196
PERQUB,NUFBOH,0.8772067500444287
PERQUB,DOYHIK,0.87586861829762
PERQUB,VEGMOK03,0.8749766763688824
PERQUB,VEGMOK04,0.8749763635309775
PERQUB,KOZNEU,0.8749035079082331
PERQUB,IFABIA02,0.8748565594683367
PERQUB,VUSKEA,0.8738937809672688
PERQUB,MIBQAR01,0.8738064297003381
PERQUB,HOLRAD,0.873801639448176
PERQUB,NUFCAU,0.8718853622465957
PERQUB,GEYLEE,0.8692682124868039
PERQUB,SOWCOY,0.860912621206488
PERQUB,YOGKOW,0.8607845463163587
PERQUB,ADUVAZ,0.8599523153961424
PERQUB,LASMUP,0.8597426557597276
PERQUB,ALANAD,0.8534722381409078
PERQUB,WEHHOI,0.8534432468350515
PERQUB,MUWRUT,0.8527662545138479
PERQUB,WORKUL,0.8500388703706762
PERQUB,QAQSAD,0.8497257330091336
PERQUB,HEZKIH,0.8490017084669856
PERQUB,IDIXAU,0.847526160129316
PERQUB,CIJLIT,0.846402589281847
PERQUB,HIQNOM,0.8461302207197262
PERQUB,REYCEF,0.845923582606841
PERQUB,HIQNUS,0.8459199582806916
PERQUB,REYCUV,0.8437583238695214
PERQUB,JAYXAL,0.839509121893419
PERQUB,NUCPIM,0.8393205126463508
PERQUB,JENKET,0.8391149210839021
PERQUB,NENHEU,0.8384969318346529
FUTZEB,PEJPEB,0.9998785195610675
FUTZEB,ACIBOE,0.9998112375215902
FUTZEB,NANYUX03,0.9997704726109116
FUTZEB,UNAGOH,0.9997331663042032
FUTZEB,IJEXIF01,0.9991834369219796
FUTZEB,YOZYUJ,0.9465569047544762
FUTZEB,QUQFEO,0.9330126007397456
FUTZEB,QOPZIF,0.91907859727093
FUTZEB,EXOXUL,0.9102712173114428
FUTZEB,REBVIG,0.9082098162030464
FUTZEB,MOHLIF,0.905357262748126
FUTZEB,DUNXUH15,0.8973596288621765
FUTZEB,DUNXUH,0.8973539974802653
FUTZEB,DUNXUH13,0.8973436537308437
FUTZEB,WIMWIA,0.8969281621824893
FUTZEB,EGIKUB01,0.8953199038790459
FUTZEB,BUKMUQ01,0.8848314105223174
FUTZEB,REFVEF,0.8826504032945677
FUTZEB,APACAX,0.8778360147197003
FUTZEB,DOYHIK,0.8771519542648001
FUTZEB,NUFBEX,0.8769777339344178
FUTZEB,DOYHOQ,0.8768108618238958
FUTZEB,IFABIA02,0.8744343232840959
FUTZEB,VUSKEA,0.8724467735319597
FUTZEB,MIBQAR07,0.8723790009771227
FUTZEB,MIBQAR01,0.8723151208682013
FUTZEB,HOLRAD,0.8723078952723771
FUTZEB,GEYLEE,0.86888801190139
FUTZEB,SOWCOY,0.8611547340060837
FUTZEB,SOWCOY01,0.8611367275698092
FUTZEB,ADUVAZ,0.858465527463678
FUTZEB,MUWRUT,0.8534375485186199
FUTZEB,WEHHOI,0.8527815383425092
FUTZEB,WORKUL,0.849546572256218
FUTZEB,IDIXAU,0.8489699794891038
FUTZEB,HEZKIH,0.8465956876420057
FUTZEB,EZINAE,0.8463797797633397
FUTZEB,HIQNUS,0.8463175827720004
FUTZEB,REYCUV,0.8416856132201118
FUTZEB,JENKET,0.8399587177310908
FUTZEB,JAYXAL,0.8396658155283409
FUTZEB,NENHEU,0.8396276585945801
MUDTAH,KEFBOO,0.9859172166865025
HOGLEV01,HOGLEV,0.9999879271448836
HOGLEV01,DOTSOV15,0.9078974849513588
HOGLEV01,DOTSOV11,0.9078964346002268
HOGLEV01,DOTSOV13,0.907896323697191
HOGLEV01,BODPAN,0.9076746637262924
HOGLEV01,UXISUR,0.9075714138379792
HOGLEV01,LUDLED,0.9075541281559816
HOGLEV01,YOZNIM,0.90752940950084
HOGLEV01,YOZNEI,0.9074642693747328
HOGLEV01,DIHVIB,0.9074290327676282
HOGLEV01,WULJUJ,0.9073624113045178
HOGLEV01,DOTSOV02,0.907342682216992
HOGLEV01,QIZLOC,0.9055894910740137
HOGLEV01,YOZNOS,0.897450421538608
HOGLEV01,YUSWEP,0.8578872568258129
HOGLEV01,BABREE,0.8535370404799962
HOGLEV01,DALSOA,0.8530990227170433
HOGLEV01,ONIXOZ,0.8493420577269013
HOGLEV01,EXOYAS,0.8429533222980212
HOGLEV01,RAWYAS,0.8429265174276601
HOGLEV01,CITXUZ,0.842788641769616
HOGLEV01,IWEVAJ,0.8412284780328455
UMELUU,UMORIY,0.9997144116722738
LARBOW01,NAHHAI,0.9029547293827108
LARBOW01,CISMEY,0.9003449025208987
LARBOW01,RUXWEM03,0.8454447326999013
HAJYAV,CAQJOW,0.9999986787095064
HAJYAV,HALVEY,0.998204881338266
HAJYAV,TAHYUZ,0.9521946676184416
HAJYAV,QIQTOB,0.935102555513512
HAJYAV,FAHQIR,0.9350185266531524
HAJYAV,ONOCUR,0.9126412794334052
HAJYAV,MOXDOT01,0.8828814127209113
HAJYAV,MOXDOT,0.8828419636418476
HAJYAV,XUYYEW,0.8813492285596071
HAJYAV,EJINIV,0.881143410800185
HAJYAV,DIBQIQ,0.8728366425521091
HAJYAV,NIGNUO,0.872393838375468
HAJYAV,DIBQEM,0.8721531889493264
HAJYAV,DIBQOW,0.8683162375583744
HAJYAV,ESEQUO,0.8646836272536945
HAJYAV,YIRSUQ,0.8626021909139269
HAJYAV,XUDVAV,0.8569530743108136
HAJYAV,XUZRIU,0.8423702675848579
HAJYAV,XEVSIB01,0.8418412419245392
HAJYAV,HABZEQ,0.8417434498673065
NOMPOW,NOMPIQ01,0.9999931236332664
NOMPOW,NOMPIQ,0.9999889629134224
NOMPOW,CIKPEU,0.9999865003206988
NOMPOW,FEXCAO01,0.9585623107334555
NOMPOW,FEXCES,0.955130823674269
NOMPOW,DIBQIQ,0.9159685681447118
NOMPOW,AXINIF,0.9133748831725436
NOMPOW,MIHJUL,0.9120718834529984
NOMPOW,DIBQEM,0.9096217224977636
NOMPOW,MOXDOT01,0.9029966293704356
NOMPOW,MOXDOT,0.902974152478118
NOMPOW,LUWZUZ,0.8866151605866754
NOMPOW,CAXZOS,0.8862836879762291
NOMPOW,DIDBOJ,0.885866058713029
NOMPOW,DIDBAV,0.8856828346488546
NOMPOW,JODGIU,0.8856108321985802
NOMPOW,DIDBID,0.8855070262760253
NOMPOW,FISQEG,0.8730015271164286
NOMPOW,XUDVAV,0.870898615247997
NOMPOW,ESEQUO,0.8537826178610042
NOMPOW,ABIWOX,0.8532399601321661
NOMPOW,XALMOO,0.8483873955534353
NOMPOW,DIQHAO01,0.847075571881079
NOMPOW,NIDFOX,0.8451238974614143
NOMPOW,XALMII,0.8440258951903823
NOMPOW,EDAJUP,0.8407752930768868
TECVOO,TECTUS,0.9998828754346204
TECVOO,ECEDEY01,0.908201423311306
TECVOO,MOMQAI,0.8607552172639934
TECVOO,KAKBUW,0.839339751146937
JOVYAW,KEFBOO,0.9922633133579736
JOVYAW,FUVBAB,0.908244748975758
JOVYAW,ACIBOE,0.9081779017488952
JOVYAW,NANYUX03,0.9081518240215376
JOVYAW,REGREC,0.9080665570612184
JOVYAW,NIWYID,0.9077438276956074
JOVYAW,JEDVIA,0.907165813059392
JOVYAW,KUNLEL,0.9022825438063424
JOVYAW,BOWJAA,0.8946414783263557
JOVYAW,ZARLEL,0.884875208640782
JOVYAW,UFAMEW,0.8612744933842137
LAYXAN,LAYWOA,0.9999706232812738
LAYXAN,ANUGEW,0.9993711749082734
LAYXAN,BAZGAM,0.9730466211276948
LAYXAN,BAZFUF,0.9655466124122112
LAYXAN,QOWRAV,0.9530289371763748
LAYXAN,QOWRAV05,0.9528193100653384
LAYXAN,QOWRAV04,0.9528044253610556
LAYXAN,ORAWAH,0.9084610897967716
LAYXAN,YUSWEP,0.9001277192827082
LAYXAN,EPISOM,0.8853660158846396
LAYXAN,NAPSUV,0.8814330042394483
LAYXAN,HAYXIR,0.8746662237432703
LAYXAN,XICKOL,0.8703541212718281
LAYXAN,TEKYOA,0.869448907818448
LAYXAN,NIGDIS,0.8691608876233712
LAYXAN,HIDTUM,0.865922120797812
LAYXAN,SEMNIJ,0.8656064804760788
LAYXAN,WURNOO,0.8650477179065528
LAYXAN,KAGJOS,0.8647840046367207
LAYXAN,LURRIA,0.864721353473015
LAYXAN,ICAGOK,0.8631965002655462
LAYXAN,SIXNEV,0.8628464942858685
LAYXAN,ASIVAB,0.8619133548713988
LAYXAN,YIMQOD,0.8582329149409496
LAYXAN,QIZLOC,0.8550031284896541
LAYXAN,NEHZUY,0.8548158194114315
LAYXAN,NEHZOS,0.8547947561132989
LAYXAN,WULJUJ,0.8508708548371045
LAYXAN,DOTSOV02,0.8508552036974389
LAYXAN,DOTSOV16,0.8504256070240253
LAYXAN,DOTSOV12,0.8504255739267187
LAYXAN,DOTSOV14,0.8504220915597928
LAYXAN,DOTSOV11,0.8504178424553709
LAYXAN,BODPAN,0.8496900365306653
LAYXAN,XAMDUM01,0.8494252509506043
LAYXAN,XAMDUM,0.8493837519517139
LAYXAN,FIQCEN,0.8493645980605137
LAYXAN,LUDLED,0.8493354853606816
LAYXAN,YOZNEI,0.8490861743747897
LAYXAN,DIHVIB,0.8489888556070655
LAYXAN,QAWHIH01,0.8445904979558183
LAYXAN,SIXNUL,0.8422092382350216
JEDVIA,UNAGOH,0.9995194085803544
JEDVIA,NANYUX03,0.9994656791476182
JEDVIA,FUVBAB,0.9990270803625236
JEDVIA,REGREC,0.997850699024228
JEDVIA,NIWYID,0.9969402566555128
JEDVIA,IJEXIF01,0.9955451617654278
JEDVIA,KUNLEL,0.987932532926621
JEDVIA,YOZYUJ,0.9470540804680802
JEDVIA,QUQFEO,0.9315401116571635
JEDVIA,QOPZIF,0.9152088802841414
JEDVIA,FUDGIW,0.9067912324361204
JEDVIA,REBVIG,0.9062737735338514
JEDVIA,DUNXUH15,0.8958940433583682
JEDVIA,DUNXUH,0.8958727445582344
JEDVIA,WIMWIA,0.8954571675038014
JEDVIA,KEFBOO,0.8937261159341015
JEDVIA,EGIKUB01,0.8908266472701208
JEDVIA,DITTEH,0.8852064715957524
JEDVIA,BUKMUQ01,0.8845667766509684
JEDVIA,BOWJAA,0.8839359033182258
JEDVIA,DOYHIK,0.8778694069805497
JEDVIA,REFVEF,0.8760328699117281
JEDVIA,APACAX,0.875508803782342
JEDVIA,NUFBEX,0.8731243356927193
JEDVIA,KOZNEU,0.8729108077153346
JEDVIA,DOYHOQ,0.8727640782085687
JEDVIA,VEGMOK01,0.8724879616618134
JEDVIA,VEGMOK03,0.8724305231236036
JEDVIA,REDROI,0.8719730137011783
JEDVIA,IFABIA02,0.8713659054549885
JEDVIA,NUFBOH,0.8711348178496633
JEDVIA,UKOLUD,0.8688182323706386
JEDVIA,MIBQAR07,0.8670321334011264
JEDVIA,MIBQAR01,0.8669215308621298
JEDVIA,HOLRAD,0.8669091062249463
JEDVIA,GEYLEE,0.8659273267782964
JEDVIA,SOWCOY01,0.8600226582924531
JEDVIA,SOWCOY,0.8595663290939921
JEDVIA,YOGKOW,0.8555728001462756
JEDVIA,ADUVAZ,0.8530759761354696
JEDVIA,MUWRUT,0.8527975371118454
JEDVIA,LASMUP,0.8525226009186153
JEDVIA,WEHHOI,0.8492032568700267
JEDVIA,QAQSAD,0.8487002596540155
JEDVIA,WORKUL,0.8463407636448914
JEDVIA,HIQNUS,0.8450583927334454
JEDVIA,EZINAE,0.8444973866070501
JEDVIA,CIJLIT,0.8436226298251448
JEDVIA,REYCEF,0.8412054705058097
JEDVIA,NENHEU,0.8400052949323324
JEDVIA,JENKET,0.8397005205949901
JEDVIA,GUGNON,0.8392760468924583
JEDVIA,HEZKIH,0.8391767715275844
JEDVIA,JAYXAL,0.8378876689581203
LAGWIB,VAKREG,0.9999612940998648
DOTSOV08,DOTSOV10,0.9999999991633428
DOTSOV08,BODPAN,0.9999722533171904
DOTSOV08,XAMDUM,0.9999463090210684
DOTSOV08,FIQCEN,0.9999444147684587
DOTSOV08,LUDLED,0.9999414790303616
DOTSOV08,YOZNEI,0.999912922816752
DOTSOV08,DOTSOV02,0.999073708544422
DOTSOV08,QIZLIW,0.9990023811012624
DOTSOV08,QAWHIH01,0.9988046110853368
DOTSOV08,YOZNUY,0.9977627018081278
DOTSOV08,NEHZOS,0.9972186060527232
DOTSOV08,NEHZUY,0.9971430729475692
DOTSOV08,QIZLOC,0.9950783254744018
DOTSOV08,DALSOA,0.9330058180414648
DOTSOV08,BABREE,0.9324954761296984
DOTSOV08,ORAWAH,0.93168916889173
DOTSOV08,EXOYAS,0.9199364619293514
DOTSOV08,CITXUZ,0.9189863058393604
DOTSOV08,HOGLEV,0.9080163791765944
DOTSOV08,EXOGAB,0.907980568991541
DOTSOV08,NUTQAV,0.9074210557417058
DOTSOV08,NUTQEZ,0.907283251194374
DOTSOV08,MOCKEV,0.9069539355331716
DOTSOV08,XIJSUH,0.906943145407696
DOTSOV08,HANWAW,0.906930601161263
DOTSOV08,HUCBOX02,0.8973567654169241
DOTSOV08,HUCBOX01,0.8973492066506972
DOTSOV08,HUCBOX,0.897102132321427
DOTSOV08,PAMQIF,0.8970327184796043
DOTSOV08,MOFGOE,0.8962956867261792
DOTSOV08,MOBDIR,0.8962934646540652
DOTSOV08,GIKMOD,0.8946199642392288
DOTSOV08,VUJBIM,0.894616970165
DOTSOV08,MUDTEL,0.8938494150635592
DOTSOV08,VIXPUP01,0.8872467444563952
DOTSOV08,RUVKAV,0.8872167177529007
DOTSOV08,IPUPIU,0.8868423570502197
DOTSOV08,PAFZEE,0.8850327868582967
DOTSOV08,EMUBOF,0.884682321513866
DOTSOV08,ADONEP,0.8846758306858842
DOTSOV08,APUPEH,0.8828812165198805
DOTSOV08,EXAXAE,0.8828264408962223
DOTSOV08,EMUBIZ,0.8825123607423393
DOTSOV08,DICKEH,0.8774529684473067
DOTSOV08,HIDTUM,0.8741848518594566
DOTSOV08,LAQNID,0.8692419399573739
DOTSOV08,OKABAE,0.8676511646401723
DOTSOV08,KIRFOI,0.8666244848980653
DOTSOV08,HABQUY,0.8665751020586595
DOTSOV08,IWEQAD,0.8611557492151919
DOTSOV08,TEKYOA,0.861089754176182
DOTSOV08,TOVWAE,0.8605533420179875
DOTSOV08,OGEBAF,0.8593852342397299
DOTSOV08,OGEBAF01,0.8592279361104532
DOTSOV08,XITYOP,0.8583986270258924
DOTSOV08,IXAJUN,0.8583066833401151
DOTSOV08,IDUDIW,0.8574165929899276
DOTSOV08,FAMPUH,0.8534329654615471
DOTSOV08,NAPSUV,0.8533813450033072
DOTSOV08,ANUGEW,0.853191237672731
DOTSOV08,EPISOM,0.8529172605206825
DOTSOV08,WARXUL,0.8495834597998104
DOTSOV08,RUJMEQ,0.8464089826686246
DOTSOV08,LUKLIN,0.8399608713537539
DOTSOV08,BAZFUF,0.8395235771321791
EMUBIZ,EXAXAE03,0.9999998825930227
EMUBIZ,EXAXAE,0.9999896889397316
EMUBIZ,XEDMEB,0.9984958989084318
EMUBIZ,WANJIF,0.9973210267953292
EMUBIZ,KANMIX,0.9961507058888116
EMUBIZ,USEVOF,0.9958847657675756
EMUBIZ,EMUBOF,0.9950384060959342
EMUBIZ,MUNDOQ,0.8880462248199096
EMUBIZ,NEHZOS,0.8850726044984625
EMUBIZ,NEHZUY,0.8850690965474902
EMUBIZ,HAYXIR,0.8848331586347258
EMUBIZ,QIZLOC,0.8846822568783324
EMUBIZ,DOTSOV02,0.8825957567119047
EMUBIZ,DOTSOV16,0.8825124140310517
EMUBIZ,DOTSOV14,0.8825097737537092
EMUBIZ,DOTSOV10,0.8825094377666426
EMUBIZ,DOTSOV11,0.882506602345472
EMUBIZ,DOTSOV13,0.8825063032769263
EMUBIZ,BODPAN,0.8819548182160957
EMUBIZ,XAMDUM01,0.8817510830801051
EMUBIZ,XAMDUM,0.8817190124873814
EMUBIZ,FIQCEN,0.8817041948403043
EMUBIZ,YOZNIM,0.8816274194932998
EMUBIZ,IDUDIW,0.8538834573231493
EMUBIZ,DEGSIS01,0.8440129963071082
EMUBIZ,QESBAR,0.8437045368340802
EMUBIZ,GERWEH,0.8391075384868114
CELZOK,TOXNEB,0.8624134829461121
CELZOK,PEYSUJ,0.840295569370247
DIDBAV,JODGIU,0.9999334284112156
DIDBAV,CAXZOS,0.999878546186992
DIDBAV,ERUNUC,0.999168093511524
DIDBAV,ERUNOW,0.998580379907328
DIDBAV,XALMOO,0.9247128400236824
DIDBAV,YATDOP,0.9244783080965742
DIDBAV,ABAVIJ,0.9231194811473162
DIDBAV,VEDFER,0.92296116916163
DIDBAV,VEDFOB,0.9228349876511556
DIDBAV,BOWDOI,0.9228165100717822
DIDBAV,BOWDIC,0.9228098072327864
DIDBAV,EXUXEC,0.922770517029188
DIDBAV,VEDGAO,0.9227676077192152
DIDBAV,AHETAK,0.9227669648301784
DIDBAV,YODRAM,0.9227645147576552
DIDBAV,VEDGIW,0.9227182487363436
DIDBAV,TATSIS01,0.9226977577695942
DIDBAV,OJOBAS,0.9226518112111618
DIDBAV,CEYPUT,0.922646104925162
DIDBAV,DIQHAO01,0.9220137142319476
DIDBAV,ERUNIQ,0.9219368988229736
DIDBAV,MOXDOT,0.9218872537815712
DIDBAV,ABAVUV,0.9213448012370024
DIDBAV,YIGGEB,0.9203001769092954
DIDBAV,TIDNIF,0.9089841494759132
DIDBAV,AZIHOI,0.9086135536382578
DIDBAV,CANYIB,0.9063594040608082
DIDBAV,SIDXOV,0.901608822132631
DIDBAV,BEPRIZ,0.8862227431115071
DIDBAV,NOMPIQ01,0.8855763126415697
DIDBAV,NOMPIQ,0.8855045467275633
DIDBAV,DIBQIQ,0.8846858730895744
DIDBAV,FUMJAZ01,0.8834480024366044
DIDBAV,NIGPEA,0.883305684628916
DIDBAV,AXINIF,0.8831160492484189
DIDBAV,LUWZUZ,0.882955504923507
DIDBAV,DIBQOW,0.8826268589813653
DIDBAV,MIHJUL,0.8821946811119421
DIDBAV,XEVXUT,0.8803354399293509
DIDBAV,JODGOA,0.8759864295018349
DIDBAV,NIGNUO,0.8731696656483354
DIDBAV,FEXCAO01,0.869638680926508
DIDBAV,YIRSUQ,0.8690564179275468
DIDBAV,FEXCES,0.8688295719317529
DIDBAV,VACKUI,0.8549232042542511
DIDBAV,XAFFIV,0.8544926131665844
ITIWIS,OKIVAG,0.9999996568804844
ITIWIS,WUNVAD,0.9999996104848236
ITIWIS,OKIYIR01,0.9999996057080438
ITIWIS,WUNTAB,0.99999828403286
ITIWIS,SAHYAD02,0.99999422137063
ITIWIS,SAHYAD03,0.9999935586697788
ITIWIS,WUNSII,0.999988352739023
ITIWIS,YINNUH,0.9999853969039246
ITIWIS,WUNSEE01,0.999966980132371
CEXJUN03,CEXJUN02,0.9999982210228174
CEXJUN03,CEXJUN01,0.999994382513464
CEXJUN03,CEXJUN,0.999990551825396
CEXJUN03,PENLEB,0.8734043824191473
CEXJUN03,QITZUP,0.8732711625777541
CEXJUN03,FUQJUX,0.8636338247298969
CEXJUN03,PEBNER,0.86358009272761
CEXJUN03,BUZKUE,0.8633868400050907
CEXJUN03,QONKUB,0.8633822304877448
CEXJUN03,JAVNIE,0.8632961472910753
CEXJUN03,QONLIQ,0.8632748417962937
CEXJUN03,QOMSES,0.8632150063573946
CEXJUN03,QONLEM,0.8631771189641947
CEXJUN03,CISLUN,0.863168873967439
CEXJUN03,PIZHOX,0.8628132208549293
CEXJUN03,VUQJEX,0.8625812101257331
CEXJUN03,QOMSAO,0.8624716468783656
CEXJUN03,IBUDOZ,0.8624522153868458
CEXJUN03,DEGJIK,0.8622095060008639
CEXJUN03,JAXNUU,0.8621793639661166
CEXJUN03,TEYMES,0.8487472187046826
ISISUZ,IDUSIM02,0.9999998196411736
ISISUZ,UNACIW,0.9999992910246353
ISISUZ,UNACES,0.9999984227639558
ISISUZ,IDUTIN,0.9999983481329776
ISISUZ,IDUSIM01,0.9999939561755056
ISISUZ,IDUSIM,0.9999905267394594
ISISUZ,HOYKUD,0.8891542420894588
ISISUZ,QERZUI01,0.8666583418026019
ISISUZ,UFUNIS,0.866651753392091
ISISUZ,BAHGUN04,0.866581277734565
ISISUZ,BAHGUN02,0.8665358472998373
ISISUZ,UFUMUD02,0.8665045798537988
ISISUZ,UFUMUD,0.8664888121798843
ISISUZ,EGOZAB,0.8664707444913132
ISISUZ,UFUMUD01,0.8664467839436761
ISISUZ,KAKTIA,0.8653975969537884
ISISUZ,AHEMEG,0.8646738586107261
ISISUZ,POFDOF,0.8636751397047547
ISISUZ,NELCEN,0.8623417097950778
ISISUZ,POFFEX,0.8617330567067782
ISISUZ,VIXPUP01,0.8557008017945082
ISISUZ,IXAJUN,0.8544838241976063
ISISUZ,XICKOL,0.8521624492943252
ISISUZ,NAPSUV,0.8408981949925824
SITDAD,DUWBEE,0.9993946357911966
SITDAD,QUQFOY,0.9836424703576796
SITDAD,PARKUQ01,0.947211110123788
SITDAD,MITSAK,0.9471872769941044
SITDAD,MITSUE,0.9471863736037966
SITDAD,YEYRAY,0.9471351506994968
SITDAD,KUJMIN,0.9470032086404376
SITDAD,CEHKUW,0.9467809297868216
SITDAD,QEKLID01,0.9326965641003336
SITDAD,QEKLID,0.9326644034094992
SITDAD,AWEJIW,0.903064333227878
SITDAD,OKOSUE,0.887267753214407
SITDAD,WEVVOL,0.8792035532522431
SITDAD,AJIJEI,0.8757047493320657
SITDAD,PAQYAJ01,0.868380780384862
SITDAD,GERWOR,0.8636062520503126
SITDAD,FIJDEI,0.8549407948438761
SITDAD,TEMDIB,0.8543626699975555
SITDAD,NAHHAI,0.8471309762486107
SITDAD,JUVROJ,0.8378771684468619
SIWPUL,SIWPUL04,0.9999999701576744
SIWPUL,QINSUD,0.9999999503039378
SIWPUL,IJOMOJ01,0.999997178990326
SIWPUL,MNFORD02,0.999963443357888
SIWPUL,PADJOU01,0.9999571748165196
SIWPUL,VIRJEM,0.9999448199078824
SIWPUL,YUKTUU,0.9999240849464492
SIWPUL,YUKTUU01,0.999923611923584
SIWPUL,REZJIR02,0.9999219770602524
SIWPUL,DADTOS02,0.9998130543830976
SIWPUL,DADTOS,0.9998000943135228
SIWPUL,DADTOS04,0.999796817444838
SIWPUL,DADTOS11,0.9997957713594818
SIWPUL,DADTOS01,0.9997951498872182
SIWPUL,DADTOS08,0.9997930219881944
SIWPUL,DADTOS18,0.999783197197451
SIWPUL,YANWOC01,0.9997826521310036
SIWPUL,YANWOC,0.9997354120031527
SIWPUL,DADTOS03,0.9996464905777588
SIWPUL,JEDKIP01,0.9996347587995402
REZJIR02,YUKTUU05,0.999999969038295
REZJIR02,YUKTUU,0.999999984682827
REZJIR02,DADTOS15,0.9999999001600096
REZJIR02,REZJIR03,0.999999676279534
REZJIR02,VIRJEM,0.999998017387724
REZJIR02,PADJOU01,0.9999943752684434
REZJIR02,DADTOS13,0.9999836764344272
REZJIR02,LIJWOR02,0.9999826132872556
REZJIR02,LIJWOR06,0.9999817199212258
REZJIR02,YANWOC02,0.9999803049104216
REZJIR02,DADTOS04,0.999970600894838
REZJIR02,DADTOS11,0.9999702019104968
REZJIR02,DADTOS08,0.9999691456662108
REZJIR02,DADTOS09,0.9999686426710508
REZJIR02,DIDVIW,0.9999663203807172
REZJIR02,DADTOS18,0.9999652812457308
REZJIR02,YANWOC01,0.999965064227058
REZJIR02,LIJWOR05,0.9999577589870784
REZJIR02,IJOMOJ01,0.99994830055561
REZJIR02,YANWOC,0.999944701215084
REZJIR02,LIJWOR01,0.9999283771162214
REZJIR02,QINSUD,0.9999250249867632
REZJIR02,SIWPUL04,0.9999248777459327
REZJIR02,NURGUE,0.9999184190742648
REZJIR02,DADTOS07,0.999908271470316
REZJIR02,DADTOS03,0.9999004337553684
REZJIR02,SIWPUL11,0.9969437391480974
VOLRAQ,GUGNON,0.9921947562006748
VOLRAQ,JENKET,0.9907279930093162
VOLRAQ,DITTEH,0.9426311913487212
VOLRAQ,MIBQAR01,0.9074092809867184
VOLRAQ,MIBQAR07,0.9073719464116072
VOLRAQ,VUSKEA,0.9073329696860848
VOLRAQ,IFABIA02,0.904557757542936
VOLRAQ,REDROI,0.9041514205665264
VOLRAQ,VEGMOK04,0.903584748517308
VOLRAQ,VEGMOK01,0.9035111999032308
VOLRAQ,GOSDUP,0.9003209528861555
VOLRAQ,QEDZEG,0.8938062962243774
VOLRAQ,RUYGOJ,0.8924959062578206
VOLRAQ,DUFLOH,0.8680219354553662
VOLRAQ,UFAMEW,0.8645789962351524
VOLRAQ,NAWXER,0.858327061286502
VOLRAQ,HIFGIO,0.8558709040808388
VOLRAQ,BEWCUD,0.8550066993093856
VOLRAQ,YOZYUJ,0.8538984666674487
VOLRAQ,JEDDII,0.8504660229688475
VOLRAQ,CESQUP,0.850221407819331
VOLRAQ,EJIQIZ,0.8411197911184741
VOLRAQ,KUNLEL,0.8401279278699967
OGEBAF01,BIHROC,0.9782567534230348
OGEBAF01,BIHRUI,0.9780179813987172
OGEBAF01,DICKEH,0.9773114757989732
OGEBAF01,FAGQAI,0.9550147541366454
OGEBAF01,QIYDAF01,0.9549720567513116
OGEBAF01,YUGLES,0.9377569705842308
OGEBAF01,NUTQAV,0.9370555067563686
OGEBAF01,SEMNIJ,0.9256938483288102
OGEBAF01,RUVKAV,0.8950960315062853
OGEBAF01,NEHZOS,0.8610795511365348
OGEBAF01,NEHZUY,0.8610664452829894
OGEBAF01,QIZLIW,0.8610047920693165
OGEBAF01,QIZLOC,0.8604561196364485
OGEBAF01,DOTSOV16,0.8592279823684691
OGEBAF01,DOTSOV14,0.8592257027305927
OGEBAF01,DOTSOV10,0.8592253989857627
OGEBAF01,DOTSOV13,0.8592226780244481
OGEBAF01,WULJUJ,0.859198347711206
OGEBAF01,DOTSOV02,0.8591807061121755
OGEBAF01,BODPAN,0.8587403781106712
OGEBAF01,UXISUR,0.858532988847485
OGEBAF01,XAMDUM,0.8585321886373528
OGEBAF01,YOZNIM,0.8584510836870292
OGEBAF01,YOZNEI,0.8583271214094225
OGEBAF01,DIHVIB,0.8582597696317693
OGEBAF01,QAWHIH01,0.8550137424492997
OGEBAF01,YOZNOS,0.846631468197639
UNAGOH,NANYUX03,0.9999983684513412
UNAGOH,ACIBOE,0.999993246396337
UNAGOH,PEJPEB,0.9999717469811126
UNAGOH,FUVBAB,0.9999137541434622
UNAGOH,ULISOZ,0.9990162572631875
UNAGOH,YOZYUJ,0.9471271931288996
UNAGOH,UFAMEW,0.9418589627458124
UNAGOH,QUQFEO,0.9327415614197208
UNAGOH,QOPZIF,0.9177806261730088
UNAGOH,FUDGIW,0.907983720878566
UNAGOH,EXOXUL,0.9068116196680576
UNAGOH,DUNXUH,0.8970788526921691
UNAGOH,DUNXUH13,0.8970186862838501
UNAGOH,WIMWIA,0.8966576755164342
UNAGOH,EGIKUB01,0.8937541470024455
UNAGOH,BUKMUQ01,0.8850765432729992
UNAGOH,REFVEF,0.880172302214752
UNAGOH,NUFBEX,0.8756871131212534
UNAGOH,FIJCUX01,0.8749707139922247
UNAGOH,KOZNEU,0.8744331118834889
UNAGOH,NUFBOH,0.8742591159267827
UNAGOH,VEGMOK04,0.8741724284017313
UNAGOH,VEGMOK03,0.8741705713367135
UNAGOH,REDROI,0.8739004299303645
UNAGOH,IFABIA02,0.8734785073118758
UNAGOH,VUSKEA,0.8705366013476438
UNAGOH,MIBQAR07,0.8704472571096153
UNAGOH,MIBQAR01,0.8703634079785645
UNAGOH,HOLRAD,0.8703539585587475
UNAGOH,UKOLUD,0.8692741433651839
UNAGOH,GEYLEE,0.8679799024126535
UNAGOH,NUFCAU,0.8655899730092691
UNAGOH,SOWCOY01,0.8610189160697832
UNAGOH,SOWCOY,0.8608341258023491
UNAGOH,YOGKOW,0.8583595606566157
UNAGOH,MUWRUT,0.8535223226145384
UNAGOH,WEHHIC,0.852992389067421
UNAGOH,ALANAD,0.851738102281413
UNAGOH,WEHHOI,0.8516088323133004
UNAGOH,QAQSAD,0.8498417913444116
UNAGOH,IDIXAU,0.8497863995679564
UNAGOH,WORKUL,0.8485335469716977
UNAGOH,HIQNUS,0.8461363759217765
UNAGOH,CIJLIT,0.8454546768517637
UNAGOH,HIQNOM,0.8438777470753348
UNAGOH,REYCEF,0.8438002170507843
UNAGOH,JENKET,0.8402065606171172
UNAGOH,GUGNON,0.8401330403815358
UNAGOH,JAYXAL,0.8392639417686862
UNAGOH,REYCUV,0.8391897517565292
UGEPEB01,QERZUI01,0.9999749356963376
UGEPEB01,UFUNIS,0.9999695095358184
UGEPEB01,ECODIK,0.999968179772498
UGEPEB01,BAHGUN02,0.9999272605771404
UGEPEB01,BAHGUN04,0.9998826244933224
UGEPEB01,UFUMUD02,0.9998101033505356
UGEPEB01,EGOZAB,0.9997628248393496
UGEPEB01,UFUMUD01,0.9997526357619464
UGEPEB01,POFDIZ,0.9994130267418992
UGEPEB01,UFUNAK,0.9993546704867848
UGEPEB01,KAKTIA01,0.9988732335414228
UGEPEB01,KAKTIA,0.9988408125752452
UGEPEB01,AHEMEG,0.9979873414747148
UGEPEB01,VOJPUG01,0.9979614903588824
UGEPEB01,POFDOF,0.9970215593342896
UGEPEB01,NELCEN,0.9956780559895984
UGEPEB01,POFFEX,0.9950812812309712
UGEPEB01,ICAGOK,0.9208198106932536
UGEPEB01,XICKOL,0.8768075501548729
UGEPEB01,IDUTAF,0.8666449173299804
UGEPEB01,IDUSIM,0.8666373762816837
UGEPEB01,IDUSIM02,0.8666369217455957
UGEPEB01,UNABUH01,0.8666368596618634
UGEPEB01,UNACES,0.8666362276980494
UGEPEB01,IDUTEJ,0.8666341702273465
UGEPEB01,IDUTIN,0.8666338458903202
UGEPEB01,DEGSIS01,0.843731173490109
UGEPEB01,ENITAX,0.8417326007251782
EKEKEL,XOJWOJ,0.9994166900731803
EKEKEL,CESQUP,0.9103709692294571
EKEKEL,PICCUC,0.9101465363927742
EKEKEL,VUSKEA,0.8872975551354692
EKEKEL,MIBQAR07,0.8872962107874396
EKEKEL,HOLRAD,0.8872935722979587
EKEKEL,VEGMOK04,0.8859022780279487
EKEKEL,KOZNEU,0.8855075787871735
EKEKEL,FIJCUX01,0.8836176175023797
EKEKEL,PIWLIT,0.844138809758153
OKAYUW,NOHSUA,0.9021158881405636
OKAYUW,KAKBUW,0.8990622568111617
OKAYUW,DIQGUH,0.8948290110181134
QISGAC,LIWYUM,0.8650513263438099
QISGAC,RAJFAL,0.8386559490568684
TEKYOA,EXOGAB,0.9176853413757962
TEKYOA,ORAWAH,0.8889752467651547
TEKYOA,ONIXOZ,0.8852926789211165
TEKYOA,LAQNID,0.8778646856637297
TEKYOA,LAYWOA,0.8700637510074642
TEKYOA,EPISOM,0.8613983375956699
TEKYOA,NAPSUV,0.8613282629372447
TEKYOA,DOTSOV16,0.8610897628590907
TEKYOA,DOTSOV15,0.8610892767753168
TEKYOA,DOTSOV11,0.8610888128108822
TEKYOA,DOTSOV13,0.8610887637692968
TEKYOA,XAMDUM01,0.8609239937308176
TEKYOA,UXISUR,0.860915665789
TEKYOA,XAMDUM,0.8609154222058127
TEKYOA,YOZNIM,0.8608902809069789
TEKYOA,YOZNEI,0.860849667621278
TEKYOA,DIHVIB,0.860827775228448
TEKYOA,WULJUJ,0.8603452408165522
TEKYOA,DOTSOV02,0.8603246876408125
TEKYOA,QAWHIH01,0.8593260299398617
TEKYOA,NEHZOS,0.8591751735482815
TEKYOA,NEHZUY,0.8591112738736603
TEKYOA,YOZNUY,0.8580758962463039
TEKYOA,OHOMIH,0.8571814090256826
TEKYOA,RUJMEQ,0.8544233866839305
TEKYOA,XICKOL,0.847759246908103
TEKYOA,IXAJUN,0.8457849331992582
TEKYOA,YIMQOD,0.8438305688757504
TEKYOA,HANWAW,0.843233733849732
TEKYOA,BAZFUF,0.8428501017788497
TEKYOA,BAZGAM,0.842840174996018
TEKYOA,NAFSOF,0.8406045957774709
OKABAE,ONIXOZ,0.8712220296444702
OKABAE,QIZLIW,0.8691984899347052
OKABAE,NEHZOS,0.8691188393620016
OKABAE,NEHZUY,0.8691005375755587
OKABAE,QIZLOC,0.8683689435201759
OKABAE,OHOMIH,0.8683096328991302
OKABAE,DOTSOV10,0.8676488368028143
OKABAE,DOTSOV15,0.8676488356419328
OKABAE,DOTSOV11,0.8676465783648708
OKABAE,WULJUJ,0.8675485178502106
OKABAE,ORAWAH,0.8672400941144949
OKABAE,BODPAN,0.8672015282270247
OKABAE,XAMDUM01,0.867034736851765
OKABAE,XAMDUM,0.8670083666257202
OKABAE,FIQCEN,0.8669961777829392
OKABAE,LUDLED,0.8669776284253548
OKABAE,YOZNIM,0.8669329417531497
OKABAE,KIRFOI,0.8635106712406724
OKABAE,YOZNUY,0.8616316403992863
OKABAE,YOZNOS,0.8553612580625874
HAZGOF11,HOJNOL,0.9999974253345154
HAZGOF11,HAZGOF16,0.9999969558302876
HAZGOF11,HAZGOF07,0.9999945084435984
HAZGOF11,HAZGOF04,0.9999944504754668
HAZGOF11,TAJTIK,0.999994105357724
HAZGOF11,HAZGOF06,0.9999935714735786
HAZGOF11,HOJNIF,0.9999929276361156
HAZGOF11,CAVMUJ02,0.9989815565514084
HANWAW,ONIXOZ,0.9101484574518524
HANWAW,QIZLIW,0.9081935076392124
HANWAW,NEHZOS,0.9079202094561958
HANWAW,NEHZUY,0.907895649894163
HANWAW,ORAWAH,0.907249714130784
HANWAW,DOTSOV02,0.90707481190046
HANWAW,QIZLOC,0.9070621598689343
HANWAW,DOTSOV11,0.9069265291910164
HANWAW,DOTSOV13,0.9069263180542186
HANWAW,XAMDUM01,0.9063786424505444
HANWAW,XAMDUM,0.9063535981658072
HANWAW,FIQCEN,0.9063425555267602
HANWAW,LUDLED,0.906325750577946
HANWAW,YOZNIM,0.9062866790281014
HANWAW,YOZNEI,0.9061914717743212
HANWAW,DIHVIB,0.906123351970842
HANWAW,QAWHIH01,0.903273438615144
HANWAW,YOZNUY,0.9013338556969054
HANWAW,YOZNOS,0.8960401669393442
HANWAW,EXOGAB,0.8884848971156801
HANWAW,DALSOA,0.8520447899656589
HANWAW,LAQNID,0.850820484991756
HANWAW,XITYOP,0.8437645785222514
HANWAW,XICKOL,0.8436174846051399
HANWAW,IDUDIW,0.8433812189725749
HANWAW,NIGDIS,0.8431201220134877
HANWAW,RAWYAS,0.8428823910754601
HANWAW,ANUGEW,0.8424917479534212
HANWAW,EXOYAS,0.8423888692210435
HANWAW,IWEVAJ,0.8406800797729269
ULISOZ,NIWYID,0.9999956680963532
ULISOZ,REGREC,0.9999522539456176
ULISOZ,FUVBAB,0.9995113233402612
ULISOZ,KUNLEL,0.9967577569142086
ULISOZ,YOZYUJ,0.9455613403664704
ULISOZ,UFAMEW,0.9454573938186566
ULISOZ,QUQFEO,0.9327904394565776
ULISOZ,EXOXUL,0.9130022629502622
ULISOZ,KEFBOO,0.903665730549034
ULISOZ,DUNXUH13,0.8971697572447148
ULISOZ,DUNXUH,0.8971346574176293
ULISOZ,DUNXUH15,0.8971346120435663
ULISOZ,WIMWIA,0.8967052529382805
ULISOZ,BOWJAA,0.8872606184470997
ULISOZ,DITTEH,0.8872415391580748
ULISOZ,REFVEF,0.8844683977601747
ULISOZ,DOYHOQ,0.8776057272398243
ULISOZ,NUFBOH,0.8770809467138808
ULISOZ,DOYHIK,0.8760701976896116
ULISOZ,VEGMOK03,0.8749933747940661
ULISOZ,VEGMOK04,0.8749932076252946
ULISOZ,REDROI,0.8749931347385904
ULISOZ,VEGMOK01,0.8749901152381645
ULISOZ,KOZNEU,0.8749427873214063
ULISOZ,IFABIA02,0.8748395358319133
ULISOZ,FIJCUX01,0.8743261414317987
ULISOZ,PEVQOY,0.8738860327382296
ULISOZ,MIBQAR07,0.8736903588856718
ULISOZ,MIBQAR01,0.8736452684652737
ULISOZ,HOLRAD,0.8736401311061563
ULISOZ,GEYLEE,0.869252787175758
ULISOZ,UKOLUD,0.8682551016498092
ULISOZ,SOWCOY,0.8609782262213808
ULISOZ,SOWCOY01,0.8607734945409241
ULISOZ,LASMUP,0.8595673555771198
ULISOZ,WEHHIC,0.8534943225644073
ULISOZ,ALANAD,0.8534266247156919
ULISOZ,WEHJAW,0.853400481861575
ULISOZ,MUWRUT,0.8528879801665069
ULISOZ,WORKUL,0.8500084847290699
ULISOZ,QAQSAD,0.8498047586343604
ULISOZ,HEZKIH,0.8487304212108561
ULISOZ,CIJLIT,0.8464099099032221
ULISOZ,EZINAE,0.846319110165008
ULISOZ,HIQNUS,0.8460094310466184
ULISOZ,REYCUV,0.8435207479757706
ULISOZ,GUGNON,0.8396880301619606
ULISOZ,JAYXAL,0.8395638618781447
ULISOZ,NENHEU,0.8386788072228469
VUQKAU01,VUQKAU02,0.9999593916795652
VUQKAU01,VUQJUN01,0.9981664568441648
VUQKAU01,LUSHOX04,0.947101804978958
VUQKAU01,UKIQIP,0.9323517006051132
VUQKAU01,DADLEC,0.9199733784651656
VUQKAU01,JIYPAL,0.9013582464533983
VUQKAU01,BELTOD,0.8843051827625024
VUQKAU01,GURXIB,0.8795893774016432
VUQKAU01,DAWCOV,0.8616632586971749
VUQKAU01,WOBQEL,0.8613668995155741
VUQKAU01,PUGFII,0.8543615152647197
VUQKAU01,PUGHAC,0.8543518720947998
VUQKAU01,KOCWEF,0.8477226080261451
VUQKAU01,IVEMAZ,0.8440774005612764
VUQKAU01,YEKJAC,0.8435471110745025
VUQKAU01,YAQCEY,0.8425414138156474
VUQKAU01,OSADIX,0.8378407769676697
LICSEW03,LIJWUX,0.9999784657347544
LICSEW03,LICSEW04,0.9999761831444556
LICSEW03,MGFORD02,0.9999450154081148
LICSEW03,ILECIN,0.9998825087739972
LICSEW03,AMURUX,0.999877775157484
LICSEW03,SIRBIG06,0.9998644946196328
LICSEW03,AMURUX10,0.9998086503516586
LICSEW03,XEHSOT,0.9977758297842396
LICSEW03,MOPQIT,0.9976361406557211
LICSEW03,NIWZIE01,0.9971345667715732
LICSEW03,NIWZIE09,0.9967381476886832
LICSEW03,NIWPIU,0.9963016848056876
LICSEW03,NIWZIE18,0.9962630517853804
LEPKUO,AHONIU,0.9986898353034516
HERYOT,XEXLOD,0.8205972791505847
HERYOT,QATLEE,0.851791220217347
QOWRAV10,QOWRAV12,0.999999977519318
QOWRAV10,QOWRAV07,0.9999999088256604
QOWRAV10,QOWRAV05,0.9999996746177808
QOWRAV10,BAZFUF,0.9971805072021884
QOWRAV10,BAZGAM,0.986221862223685
QOWRAV10,LAYWOA,0.954505814567436
QOWRAV10,AZAVUU,0.8887184100536454
QOWRAV10,ORAWAH,0.8811781048485059
QOWRAV10,KAGJOS,0.8724630992528035
QOWRAV10,HAYXIR,0.8717900430925367
QOWRAV10,LURRIA,0.8608201431489394
QOWRAV10,ASIVAB,0.8527395504328006
QOWRAV10,SIXNIZ,0.8525080883989034
QOWRAV10,SIXNEV,0.8510690086166421
QOWRAV10,QAWHIH01,0.8382107928335487
CUFFOZ,YAMXOC,0.9999999841625792
CUFFOZ,IYUHIU,0.999542062659312
CUFFOZ,TONKEN,0.9472121738585064
CUFFOZ,OTEGOL01,0.9469755256442678
CUFFOZ,OWIHUZ,0.9469744057436512
CUFFOZ,OWIJAH,0.9469692204251948
CUFFOZ,OWIHIN,0.946966481475217
CUFFOZ,HIHNUJ,0.9469551707610706
CUFFOZ,OWIJIP,0.9469408203548028
CUFFOZ,XOMHIS,0.9302808996978524
CUFFOZ,XINTOG,0.9240624390094524
CUFFOZ,TIRFIK,0.8940552692469119
CUFFOZ,MAYJOM,0.874906592663053
CUFFOZ,VIFPUY02,0.8747426509607467
CUFFOZ,VIFPUY05,0.8747414505056494
CUFFOZ,VIFPUY,0.8747390524927571
CUFFOZ,VIFPUY03,0.8747385079007138
CUFFOZ,TIRFOQ,0.8467857614607068
CUFFOZ,NEDLOZ,0.8388270026106566
VACFOV,MAYJOM,0.9999934690981878
VACFOV,VIFPUY02,0.9999853824272612
VACFOV,VIFPUY,0.9999845004568606
VACFOV,VIFPUY03,0.9999843823144144
VACFOV,GALJAG,0.9471994538791936
VACFOV,WAQFAX,0.9469891770923742
VACFOV,FAHQEM,0.9440399414220148
VACFOV,GALHUY,0.938317598337686
VACFOV,GIWMAD,0.9075754184157336
VACFOV,NEDLOZ,0.9058134095199148
VACFOV,CIFSIW,0.9047705961390796
VACFOV,CIFSAO,0.903848098936565
VACFOV,FOSTIS,0.903574761631588
VACFOV,UNIDAY,0.9034035799627812
VACFOV,TIRFOQ,0.8802600562744088
VACFOV,CUFFUF,0.8748460717430366
VACFOV,CUFFIT,0.87482897936713
VACFOV,CUFDUD,0.8740764996868007
VACFOV,PEYVEV,0.8608296325976913
WIXJIW01,WOJZOK01,0.8979785308021502
WIXJIW01,XALXIS01,0.8643728967704549
DEKYOK,POHLUV,0.886013967720624
DEKYOK,KEDJEL,0.8853311799733408
DEKYOK,CEJXEW,0.8848000768811343
DEKYOK,BOJYIK,0.8627527295233277
DEKYOK,WOJYUR,0.8571066299434515
DEKYOK,IZIHIK,0.855401150902583
DEKYOK,XADDAJ01,0.8553822166719032
DEKYOK,XADDAJ,0.8549422466209776
XAFFAN,JENKET,0.8857368956041447
XAFFAN,GUGNON,0.885598456862815
XAFFAN,FIJCUX01,0.877874919440443
XAFFAN,KOZNEU,0.8771883510212266
XAFFAN,VEGMOK01,0.8769226267657737
XAFFAN,VEGMOK03,0.8768854650410683
XAFFAN,IFABIA02,0.8761240092616018
XAFFAN,RUYGOJ,0.8752860756827743
XAFFAN,PEVQOY,0.8732437867550757
XAFFAN,MIBQAR07,0.8728512645287095
XAFFAN,MIBQAR01,0.8727624636135135
XAFFAN,DITTEH,0.8651847449861023
XAFFAN,DIRPOL,0.8550256137351272
XAFFAN,QEDZEG,0.8503807247040035
XAFFAN,GOSDUP,0.8493617798650732
XAFFAN,NAWXER,0.8415114351944134
XAFFAN,HAZYUE,0.837993153546216
PIWLIT,JENKET,0.9561159174009533
PIWLIT,KOZNEU,0.9471848699034744
PIWLIT,VEGMOK01,0.9471179525837112
PIWLIT,VEGMOK04,0.947107124161437
PIWLIT,FIJCUX01,0.9470433409482736
PIWLIT,REDROI,0.9469951820752184
PIWLIT,IFABIA02,0.9467317071671232
PIWLIT,PEVQOY,0.9450724997356168
PIWLIT,HOLRAD,0.9447366965379086
PIWLIT,RUYGOJ,0.9429624557256256
PIWLIT,XAFFER,0.9225332985195336
PIWLIT,NOXMAQ,0.9213771796276724
PIWLIT,QEDZEG,0.9137387328533644
PIWLIT,REBVIG,0.8955607531667213
PIWLIT,PEGCIP,0.8852296941760814
PIWLIT,PICCUC,0.8839996802005007
PIWLIT,CESQUP,0.8831605689483195
PIWLIT,HIFGIO,0.8756700095860155
PIWLIT,IQOJAB,0.872131221317319
PIWLIT,HUTZAX01,0.8651463714842232
PIWLIT,NEHGIS,0.8650433116738392
PIWLIT,DAWCIP,0.8650280400923249
PIWLIT,WUHNUK,0.8633261707061402
PIWLIT,QIWCUW,0.8593941269564693
PIWLIT,BOVHEB,0.857511840353995
PIWLIT,VANHEA,0.8571134233984861
PIWLIT,QOZSIJ,0.8532245530297182
PIWLIT,FECWOB,0.8477801140168129
PIWLIT,MOFTIL01,0.847385112980588
PIWLIT,UKOLOV,0.8463953523067934
PIWLIT,RUTNOK01,0.8447053561962947
PIWLIT,QAQSAD,0.8444117719123418
PIWLIT,WORKUL,0.8439924952065904
PIWLIT,DARYIF,0.8438209625326195
PIWLIT,IDIXAU,0.8431782173904206
PIWLIT,XOQXIL,0.8380483378078261
DADTOS04,DADTOS01,0.99999999658552
DADTOS04,DADTOS,0.9999999866742098
DADTOS04,DADTOS08,0.9999999824107432
DADTOS04,YANWOC01,0.9999997612388776
DADTOS04,DADTOS02,0.9999996616020128
DADTOS04,YANWOC02,0.9999990304710934
DADTOS04,YANWOC,0.999995926168662
DADTOS04,DADTOS03,0.9999791271196602
DADTOS04,DADTOS15,0.999973759334745
DADTOS04,YUKTUU01,0.9999695780215468
DADTOS04,YUKTUU,0.9999692783370402
DADTOS04,MNFORD02,0.9999068438197593
DADTOS04,LIJWOR06,0.9999059778758518
DADTOS04,NURGUE,0.999808669533153
DADTOS04,SIWPUL11,0.9975123044087172
XITYOP,EXOGAB,0.8672911995167788
XITYOP,ONIXOZ,0.8638506877979961
XITYOP,EDOSOI,0.86121554926206
XITYOP,NEHZUY,0.8611042736893504
XITYOP,QIZLOC,0.8608206026300209
XITYOP,OHOMIH,0.8607502341170867
XITYOP,WULJUJ,0.8589345758484437
XITYOP,DOTSOV16,0.8583986823943262
XITYOP,DOTSOV14,0.8583974369574712
XITYOP,DOTSOV10,0.8583956246825822
XITYOP,DOTSOV15,0.8583956236192103
XITYOP,DOTSOV11,0.8583927122579438
XITYOP,DOTSOV13,0.8583924055307544
XITYOP,BODPAN,0.8578333272884645
XITYOP,XAMDUM01,0.8576190782827824
XITYOP,XAMDUM,0.8575848742267195
XITYOP,LUDLED,0.857546622196536
XITYOP,YOZNIM,0.8574927693410812
XITYOP,DIHVIB,0.8572708098200956
XITYOP,ORAWAH,0.8570620717091306
XITYOP,QAWHIH01,0.8536310237487155
XITYOP,YOZNUY,0.8512880456121916
XITYOP,YOZNOS,0.8462870810052168
XITYOP,MOFGOE,0.8380560509064294
MGFORD01,MGFORD02,0.9999973906894783
MGFORD01,LIJWUX,0.9999856085253402
MGFORD01,AMURUX,0.9999566761010684
MGFORD01,AMURUX08,0.9999468318014202
MGFORD01,SIRBIG06,0.9998180643143938
MGFORD01,ILECIN,0.999765253878129
MGFORD01,NAXVOY,0.9989497215741991
MGFORD01,MOPQIT,0.9973463275740811
MGFORD01,NAXVOY01,0.9972968880910418
MGFORD01,NIWZIE01,0.996822049534183
MGFORD01,NIWZIE08,0.9965905230180042
MGFORD01,NIWZIE09,0.9964033127212216
MGFORD01,NIWZIE17,0.99594929890064
MGFORD01,NIWPIU,0.9959438102415056
MGFORD01,NIWZIE18,0.9959032057754024
FIBHOQ,RUMRUO,0.9958515389721428
LIJWOR06,LIJWOR02,0.9999995770631444
LIJWOR06,PADJOU01,0.9999956588698272
LIJWOR06,VIRJEM,0.9999917744979968
LIJWOR06,MNFORD02,0.999988291715439
LIJWOR06,REZJIR03,0.9999854141258602
LIJWOR06,YUKTUU,0.9999827415753698
LIJWOR06,YUKTUU01,0.999982515761644
LIJWOR06,QINSUD,0.999980670940233
LIJWOR06,SIWPUL04,0.9999806675738075
LIJWOR06,DADTOS15,0.9999790745551728
LIJWOR06,YANWOC02,0.9999240999641892
LIJWOR06,DADTOS,0.99990820284664
LIJWOR06,DADTOS11,0.9999052650940072
LIJWOR06,DADTOS08,0.9999033888333724
LIJWOR06,DADTOS09,0.9999025002532024
LIJWOR06,DADTOS06,0.9998997062457072
LIJWOR06,DADTOS07,0.99980812908341
LIJWOR06,DADTOS03,0.9997968603282508
LIJWOR06,JEDKIP01,0.9997880673775216
LIJWOR06,ATIBOU02,0.9978860264280288
LIJWOR06,SIWPUL11,0.99645445851343
DOTSOV13,DOTSOV16,0.999999996345504
DOTSOV13,BODPAN,0.9999728786224598
DOTSOV13,XAMDUM01,0.9999511468139785
DOTSOV13,UXISUR,0.9999472973008704
DOTSOV13,XAMDUM,0.9999471835674916
DOTSOV13,LUDLED,0.9999423922200792
DOTSOV13,YOZNIM,0.9999351082384044
DOTSOV13,YOZNEI,0.9999140326137356
DOTSOV13,DIHVIB,0.9999026377498056
DOTSOV13,WULJUJ,0.9990936788444624
DOTSOV13,QIZLIW,0.9989985958741544
DOTSOV13,YOZNUY,0.9977683544573572
DOTSOV13,NEHZOS,0.997212299352782
DOTSOV13,NEHZUY,0.9971366817230428
DOTSOV13,OHOMIH,0.9949146604645444
DOTSOV13,YOZNOS,0.9911964497439818
DOTSOV13,DALSOA,0.9330061278503964
DOTSOV13,BABREE,0.9324927482608424
DOTSOV13,ORAWAH,0.9316935197310944
DOTSOV13,ONIXOZ,0.926031509451151
DOTSOV13,RAWYAS,0.9193462524917162
DOTSOV13,CITXUZ,0.9189823358361764
DOTSOV13,IWEVAJ,0.9187165718522072
DOTSOV13,GERWEH,0.90811018684319
DOTSOV13,HOGLEV,0.9080145508896382
DOTSOV13,YUGLES,0.9076876967281746
DOTSOV13,OFOCUI,0.9073638106798044
DOTSOV13,NUTQEZ,0.9072869671658068
DOTSOV13,XIJSUH,0.9069474659675744
DOTSOV13,MOCKAR,0.9069408565129554
DOTSOV13,HUCBOX02,0.8973567614247182
DOTSOV13,HUCBOX01,0.8973488151752047
DOTSOV13,HUCBOX,0.8971017983718239
DOTSOV13,PAMQIF,0.8970312679861252
DOTSOV13,MOFGOE,0.8962926707154408
DOTSOV13,MOBDIR,0.8962904433640774
DOTSOV13,VUJBIM,0.8946232260515252
DOTSOV13,GIKMOD,0.8946137047379985
DOTSOV13,VIXPUP01,0.8872458802693179
DOTSOV13,RUVKAV,0.8872156315031109
DOTSOV13,VIXPUP,0.8869578042699598
DOTSOV13,IPUPIU,0.8868449115294754
DOTSOV13,PAFZEE,0.8850335803402624
DOTSOV13,KANMIX,0.8849472931802878
DOTSOV13,WANJIF,0.8849300961952113
DOTSOV13,USEVOF,0.8848949931281747
DOTSOV13,ADONEP,0.8846745404238909
DOTSOV13,EXAXAE,0.8828207644494575
DOTSOV13,EXAXAE03,0.8825366348140185
DOTSOV13,DICKEH,0.8774502556920168
DOTSOV13,HIDTUM,0.8741775080433808
DOTSOV13,LAQNID,0.86924125279285
DOTSOV13,KIRFOI,0.8666183280786368
DOTSOV13,HABQUY,0.8665740864923507
DOTSOV13,IWEQAD,0.8611555913645664
DOTSOV13,IDUDIW,0.8574092991150176
DOTSOV13,FAMQAO,0.8534624616479589
DOTSOV13,FALTUK,0.8534603473045645
DOTSOV13,FAMPUH,0.853434276870952
DOTSOV13,NAPSUV,0.8533829131646576
DOTSOV13,ANUGEW,0.8531861133895146
DOTSOV13,EPISOM,0.8529149349952425
DOTSOV13,LAYWOA,0.8511208566081622
DOTSOV13,WARXUL,0.8495759348739613
DOTSOV13,RUJMEQ,0.8464088490304763
DOTSOV13,LUKLIN,0.8399589883193366
DOTSOV13,BAZFUF,0.8395267043594719
DOTSOV13,SEMNIJ,0.8394026801669303
DOTSOV13,BAZGAM,0.8384699015248976
VAKREG,CUZBUW,0.999752803874658
MOXDEJ,FILYEG,0.9998691730359808
MOXDEJ,XADDUD,0.9998073754565152
MOXDEJ,WIMWEW,0.9987787468746804
MOXDEJ,XAPSIS,0.894610516299363
MOXDEJ,CIPLIX,0.8936014126274321
MOXDEJ,FUMJAZ,0.8660954598910526
MOXDEJ,XIHSEN01,0.8635551338160122
MOXDEJ,VASYEW,0.861399876182668
MOXDEJ,BUKLOJ,0.8602248425843435
MOXDEJ,RAKBIO,0.8528607385053951
MOXDEJ,AGAFAS,0.8437248556558481
MOXDEJ,XUZRIU,0.8436526618027964
MOXDEJ,XEVSIB01,0.8418091428336919
MOXDEJ,XEVSIB,0.8417371514547691
NIGNUO,DIBQEM,0.9999968277354444
NIGNUO,NIGPEA,0.9770671096073524
NIGNUO,MIHJUL,0.9735363137608276
NIGNUO,XUDVAV,0.9461645056210524
NIGNUO,MOXDOT01,0.9429292560634912
NIGNUO,FISQEG,0.940272230141913
NIGNUO,CIKPEU,0.9105608463192594
NIGNUO,NOMPIQ01,0.9103885972808522
NIGNUO,ESEQUO,0.9065453964732588
NIGNUO,BUKLOJ,0.90375009501226
NIGNUO,AGAFAS,0.8754759119266983
NIGNUO,CAQJOW,0.8724398215003506
NIGNUO,JODGIU,0.8719998385303227
NIGNUO,FEXCAO01,0.8710193687779046
NIGNUO,ERUNUC,0.8705484155573919
NIGNUO,DIQHAO01,0.8691508507365732
NIGNUO,ERUNOW,0.8669724421913761
NIGNUO,VASYEW,0.8666535849260432
NIGNUO,HALVEY,0.8649853437572997
NIGNUO,VACKUI,0.8636595137309755
NIGNUO,XALMOO,0.8624281767336408
NIGNUO,CAQKAJ01,0.8597124687946367
NIGNUO,FEYJOJ,0.8595480614344126
NIGNUO,ONOCUR,0.8593260181649637
NIGNUO,YATDOP,0.8555537349343079
NIGNUO,FEXCES,0.8553316523298813
NIGNUO,QIQTOB,0.8549843851036302
NIGNUO,BELTUJ,0.8418182025981978
NIGNUO,LUWZUZ02,0.8414394475369431
NIGNUO,LUWZUZ01,0.8412451312390329
BAKJII,BAKJOO,0.9996425778111496
BAKJII,FEVDER,0.9765057601801518
BAKJII,AZIHOI,0.9755137288975194
BAKJII,SIDXOV,0.9639469032528468
BAKJII,ERUNOW,0.9094704924321384
BAKJII,ERUNUC,0.9090906817879512
BAKJII,JODGIU,0.9083097062747164
BAKJII,DIDBOJ,0.907947121257997
BAKJII,FUMJAZ01,0.9022565797450456
BAKJII,FUMJAZ,0.902055718602323
BAKJII,XEVXUT,0.8990884225760531
BAKJII,FISQEG,0.893132138349854
BAKJII,YATDOP,0.8869628922720076
BAKJII,XUDVAV,0.8860224267156486
BAKJII,XALMOO,0.8850688446625647
BAKJII,CEYPUT01,0.8787298025583913
BAKJII,CEYPUT,0.8787223453523778
BAKJII,DIQHAO01,0.8786934251307835
BAKJII,VEDGES,0.8785335484619068
BAKJII,VEDFIV,0.8784084433289892
BAKJII,VEDFOB,0.87835097430368
BAKJII,VEDGAO,0.878293266360689
BAKJII,BOWDOI,0.8782190076380169
BAKJII,BOWDUO,0.878121916819325
BAKJII,AHETAK,0.8780934443156034
BAKJII,BOWDIC,0.8780256917016974
BAKJII,BIKMAL,0.8767332485447223
BAKJII,TATSIS,0.8756295342550872
BAKJII,LASMAV,0.8745693029851673
BAKJII,YIGGEB,0.8721974102605896
BAKJII,XAPSIS,0.8611386799028911
BAKJII,YIRSUQ,0.8493165662484161
BAKJII,NIGPEA,0.8439660427827333
BAKJII,AXINIF,0.8439240673213495
BAKJII,DIBQIQ,0.8438449038344519
BAKJII,MIHJUL,0.8436470675233902
BIHROC,OGEBAF,0.9782385523639564
BIHROC,QIYDAF01,0.97774554420086
BIHROC,QIYDIN,0.9753266242690284
BIHROC,QIYDIN01,0.972902422730644
BIHROC,VUJBIM,0.9216797827501484
BIHROC,MUDTEL,0.9203477298296447
BIHROC,YUGLES,0.9134522057660108
BIHROC,NUTQAV,0.9127707494733583
BIHROC,SEMNIJ,0.9054885361143944
BIHROC,RUVKAV,0.871920745327217
DOTSOV33,DOTSOV34,0.9999999988398368
NUCPIM,DOYHOQ,0.9065563431212602
NUCPIM,NUFCAU,0.9030733740257736
NUCPIM,DOYHIK,0.9023678443128298
NUCPIM,REBVIG,0.8920045656895486
NUCPIM,UFAMEW,0.879351893723267
NUCPIM,YOZYUJ,0.8759459537361887
NUCPIM,DITTEH,0.8719182254418276
NUCPIM,QUQFEO,0.8664074380990862
NUCPIM,OKELOH,0.8541749321939163
NUCPIM,EZINAE,0.8520582699524926
NUCPIM,KUNLEL,0.8384089994419439
NUCPIM,FUVBAB,0.8378005187767718
WEYQAU02,WEYQAU01,0.9999891063926694
WEYQAU02,WEYQAU09,0.9999846485787732
WEYQAU02,WEYQEY,0.9994818381176632
WEYQAU02,PUNYIH,0.9940205423323518
WEYQAU02,OFODET,0.9043796003312112
WEYQAU02,UKIQIP,0.8852078096107447
WEYQAU02,SOBDOF,0.8842979548351976
WEYQAU02,HIYZEV01,0.882917889077522
WEYQAU02,DIJCOP,0.8721409492995711
WEYQAU02,LUSHOX04,0.8707145007767677
WEYQAU02,GOVWOF,0.857648452299863
WEYQAU02,WACLEU,0.8433464963476893
WIZMAV04,WIZMAV,0.999999994454712
WIZMAV04,WIZMAV06,0.9999999930615032
WIZMAV04,WIZMAV07,0.999999986399986
WIZMAV04,WIZMAV12,0.9999998060352278
WIZMAV04,ERARUM,0.9999992782527024
WIZMAV04,UVAHIK,0.9999957569259308
WIZMAV04,ERANAO,0.9926500921325108
WIZMAV04,GERBEN,0.955421678915466
WIZMAV04,RUBTAK05,0.9469416359681296
WIZMAV04,SURLEY,0.9469386660966423
WIZMAV04,RUBTAK03,0.946938420205375
WIZMAV04,SURHEU02,0.9469382035901508
WIZMAV04,UFOSOA,0.9469366674518724
WIZMAV04,DITJOH,0.922537364090802
WIZMAV04,IZIBUQ,0.910231617748427
WIZMAV04,VIKRUF,0.8938947426890734
WIZMAV04,VIKRIT,0.8932409248187994
WIZMAV04,ESEBOV,0.8931920523392558
WIZMAV04,YEYCUC,0.8923808137125542
WIZMAV04,XIJVIY,0.8922076760105745
WIZMAV04,HERHUK,0.874790134402608
WIZMAV04,RUKDIM,0.8650590926571975
WIZMAV04,WUPTUY01,0.8634730651470957
WIZMAV04,OXOLAP,0.8632160553909474
WIZMAV04,RIBSAZ,0.8531358849053686
WUHNUK,HUTZAX01,0.9982840929518064
WUHNUK,XENMIO,0.9397785372120872
WUHNUK,PEVQOY,0.9080979371035782
WUHNUK,VUSKEA,0.9080719420102628
WUHNUK,MIBQAR01,0.9080516505806816
WUHNUK,HOLRAD,0.9080487841542156
WUHNUK,VEGMOK03,0.9071665456460498
WUHNUK,VEGMOK04,0.9071645323996442
WUHNUK,VEGMOK01,0.9071309671796712
WUHNUK,KOZNEU,0.906833233429743
WUHNUK,FIJCUX01,0.9051797605265676
WUHNUK,TACJEO,0.860432715100323
WUHNUK,PURJAO,0.8595904604128353
WUHNUK,FUDGIW,0.8590925777474261
WUHNUK,WORKUL,0.8424501502687732
WUHNUK,ARIDIQ,0.8389486431343313
WUHNUK,MEQPEG,0.8380778386100937
GOQTIR,WUZGEF,0.8424253482628143
GOQTIR,FELXOM,0.9515916695867151
GOQTIR,FONKEA,0.9340516674069368
GOQTIR,FONQAC,0.9313674494749976
GOQTIR,JUYJIY,0.9222231330778554
GOQTIR,XOGWUN,0.8851555795848365
GOQTIR,RUXWEM03,0.8849037698909055
GOQTIR,VAYFAE,0.8840581065716562
GOQTIR,IRELIC,0.8813103401326505
GOQTIR,YICRAF,0.8758825836520043
GOQTIR,XEFGUN01,0.8686073742023137
GOQTIR,QEKLID01,0.8575140975802109
GOQTIR,WEVVOL,0.8554027284318171
GOQTIR,NOLRIR,0.8495735331450036
GOQTIR,EKUNON01,0.8418943900791773
GOQTIR,ULOGIL,0.841347328751672
DEKGOS,OGULUY,0.850353916222837
DADTOS11,DADTOS08,0.99999999079877
DADTOS11,DADTOS,0.9999999768604434
DADTOS11,DADTOS06,0.9999999207472862
DADTOS11,DADTOS18,0.9999998120389152
DADTOS11,YANWOC01,0.9999997956920216
DADTOS11,DADTOS02,0.9999996175602576
DADTOS11,DADTOS13,0.9999979869201924
DADTOS11,DADTOS03,0.9999794608273866
DADTOS11,DADTOS15,0.999973382027013
DADTOS11,YUKTUU01,0.9999691720812284
DADTOS11,YUKTUU,0.9999688704104254
DADTOS11,REZJIR03,0.999964655928079
DADTOS11,VIRJEM,0.999952866309606
DADTOS11,LIJWOR02,0.9999076523627132
DADTOS11,LIJWOR01,0.9998866679255654
DADTOS11,LIJWOR05,0.9998572575935828
DADTOS11,IJOMOJ01,0.9998400532977452
DADTOS11,QINSUD,0.9998007517420976
DADTOS11,SIWPUL04,0.999800475416862
VEGMOK03,VEGMOK04,0.9999999989565826
VEGMOK03,VEGMOK01,0.9999996737026942
VEGMOK03,REDROI,0.9999768782583498
VEGMOK03,KOZNEU,0.999975060068413
VEGMOK03,IFABIA02,0.9997979667969904
VEGMOK03,FIJCUX01,0.9994527925265776
VEGMOK03,MIBQAR07,0.9984979573749088
VEGMOK03,MIBQAR01,0.9984499578313512
VEGMOK03,YOCGAZ,0.9082424187265044
VEGMOK03,HUTZAX01,0.908167999043162
VEGMOK03,DAWCIP,0.907886516646818
VEGMOK03,ACODIH,0.8972243621228891
VEGMOK03,PICCUC,0.8968885615475393
VEGMOK03,QEDZEG,0.8957253275123709
VEGMOK03,JEDDII,0.8956461360088185
VEGMOK03,SACHIP,0.8916840967806595
VEGMOK03,NAWXER,0.886040563118447
VEGMOK03,QAQSAD,0.8848884982415955
VEGMOK03,DARYIF,0.8848346576301872
VEGMOK03,IDIXAU,0.8829959783384765
VEGMOK03,BUVNIR,0.8823931639820591
VEGMOK03,XOQXIL,0.8779190981707288
VEGMOK03,XAFFER,0.8776765823299637
VEGMOK03,DUPKAC,0.8768277966831061
VEGMOK03,ZARLEL,0.8757071262635722
VEGMOK03,REGREC,0.8749811667318698
VEGMOK03,FUVBAB,0.874617956152494
VEGMOK03,PEJPEB,0.8744483076244316
VEGMOK03,ACIBOE,0.8743133525937046
VEGMOK03,NANYUX03,0.8742372317589405
VEGMOK03,NENHEU,0.8728931706050936
VEGMOK03,OKELOH,0.8691494272553371
VEGMOK03,GADROU,0.8689037239135599
VEGMOK03,PEGCIP,0.8688450421504733
VEGMOK03,XEGWIS,0.8674679801790689
VEGMOK03,KAHMOW,0.8674597280269378
VEGMOK03,XEGXIT,0.8674519677911932
VEGMOK03,XEGWAK,0.8674454716781763
VEGMOK03,SAVMAE,0.8625070031422686
VEGMOK03,HUVGEM,0.8608292480517908
VEGMOK03,XENMIO,0.8608179506609649
VEGMOK03,WIMWIA,0.86069072077263
VEGMOK03,EGIKUB01,0.8600709337298914
VEGMOK03,GAWMOJ,0.8535484345603012
VEGMOK03,SIXWON,0.8532177191466295
VEGMOK03,XOHNEO,0.8520720860645405
VEGMOK03,REBVIG,0.8401675641960755
DADVAG01,DADVAG,0.9999999714748125
WEBLAQ,RIGHAR,0.9990556232081348
WEBLAQ,IGUTUB,0.9228055743482952
WEBLAQ,ECIWIW,0.9223681132400686
WEBLAQ,IGUTUB01,0.9202896074904968
WEBLAQ,GOYLUB,0.8830232923587132
WEBLAQ,KETHEY,0.8779153966571971
WEBLAQ,KEPLID,0.8597381495628286
WEBLAQ,ZASJAG,0.8576324039874752
WEBLAQ,PIHJIB,0.852117011234472
WEBLAQ,RUXWEM01,0.8440071316095681
WEBLAQ,EFUFEQ,0.8438085698385563
WEBLAQ,RUXWEM03,0.8437605220475323
WEBLAQ,HIBSUG01,0.8434212910711572
WEBLAQ,HIBSUG02,0.8434064363824318
WEBLAQ,ACUBOP01,0.8433539124985208
WEBLAQ,NOZZUZ,0.8428401267151732
WEBLAQ,ODIXAC,0.8421771363123668
WEBLAQ,NOZZOT,0.842138163530066
UMUBEL,SIXNUL,0.8509093359059428
EXUTAU,EXUSUN,0.9999995081653432
EXUTAU,WECSAZ,0.9998139151315149
EXUTAU,EHAZES,0.9995356438137928
EXUTAU,YIXFOC03,0.9985725914557736
EXUTAU,SIKYER,0.9957368958158542
EXUTAU,LARYEK03,0.9945472570051634
EXUTAU,DUGDOA,0.9082275903038546
EXUTAU,DUGDOA01,0.9082130664925336
EXUTAU,VUKTEC,0.9039017944867294
EXUTAU,DARDIL,0.89393777127196
EXUTAU,QICXUY,0.8938076533811657
EXUTAU,HISSIN,0.8850654560367917
EXUTAU,WOJYOL,0.882187351890044
EXUTAU,WOJZIG,0.8787265130309745
EXUTAU,LUCDAO,0.8777622183289904
EXUTAU,SENXER,0.8676145707461296
EXUTAU,RUYVIS,0.8659035396059015
EXUTAU,SENXAN,0.8627405751709559
EXUTAU,PEHWUW,0.8611352948020083
EXUTAU,LIXMEM,0.8607563075891463
EXUTAU,AHONEQ,0.8591020123522293
EXUTAU,UHISEK,0.8568525053093501
EXUTAU,ELIKOA,0.8540034135552175
EXUTAU,DOLPIF,0.8499893420177931
EXUTAU,QAWREM,0.8384367784972105
XALMII,YATDOP,0.9993039091703028
XALMII,DIQHAO01,0.9893911793653876
XALMII,NIDFOX,0.9845718450559606
XALMII,ERUNUC,0.9244884983643292
XALMII,JODGIU,0.9235419391014692
XALMII,DIDBEZ,0.9233816916279364
XALMII,DIDBID,0.923289394649101
XALMII,CAXZOS,0.9225091633644608
XALMII,CANYIB,0.887179118307794
XALMII,BAKJEE,0.8867065088955409
XALMII,BAKJOO,0.88631120051506
XALMII,FEVDER,0.8844127967856581
XALMII,AZIHOI,0.8831929689166564
XALMII,TIDNIF,0.8827088050251618
XALMII,NIGPEA,0.8720266775303513
XALMII,DIBQOW,0.8720144562379627
XALMII,DIBQIQ,0.8714304335343801
XALMII,CEYPUT01,0.8591180570462735
XALMII,OJOBAS,0.8590784754532724
XALMII,VEDFIV,0.8586567478902234
XALMII,VEDFOB,0.8585734210895621
XALMII,VEDGAO,0.8584942514190335
XALMII,VEDFER,0.8584702584854803
XALMII,BOWDUO,0.8582661421288269
XALMII,YODRAM,0.8582639209567442
XALMII,AHETAK,0.8582286688701994
XALMII,BOWDIC,0.8581402735510288
XALMII,BIPXIK,0.8580941967453137
XALMII,TATSIS01,0.8556136642667181
XALMII,FISQEG,0.8484126404829198
XALMII,DIBQEM,0.847708000914919
XALMII,BEPRIZ,0.844994429076174
XALMII,NOMPIQ01,0.8436718343017284
XALMII,NOMPIQ,0.8435801652095611
XALMII,CIKPEU,0.8435303213814942
HIZQOX,YINPEQ,0.9998642434350594
VIDWAI,IZEBEV,0.9309527001734104
VIDWAI,DAKVIW,0.8746783518435339
VIDWAI,VIDVUB,0.860138205437226
VIDWAI,PARKUQ01,0.8535339915051453
VIDWAI,MITSAK,0.8534300724180238
VIDWAI,MITSUE,0.8534281305310751
VIDWAI,CEHKUW,0.8533326549257493
VIDWAI,FUMJAA,0.8532788439587703
VIDWAI,KUJMIN,0.8531341094205157
EHAZAO,YICKIH,0.8850763673062307
EHAZAO,SIKYER,0.9999924696970036
EHAZAO,YIXFOC03,0.9993814560169856
EHAZAO,WECSAZ01,0.9985485440999464
EHAZAO,IBEYAQ,0.9420718007319504
EHAZAO,GAPQAQ,0.9072303694348542
EHAZAO,YEKWOC,0.904688690610512
EHAZAO,DUGDOA,0.9037461537599298
EHAZAO,WOJYOL,0.8872180275790206
EHAZAO,WOJZIG,0.8863871808450431
EHAZAO,LUCDAO,0.8845444059974521
EHAZAO,RUYVIS,0.8757009246695712
EHAZAO,SENXER,0.8738724742439768
EHAZAO,UHISEK,0.8608358087900955
EHAZAO,AHONEQ,0.8604074027430055
EHAZAO,LIXMEM,0.8579090696374917
EHAZAO,WIPLOY,0.839863239094997
EHAZAO,POHLOP,0.8382530299872994
OHIHUJ,DOJXIK,0.9999883489364464
OHIHUJ,KUGQOT,0.9983329545630848
OHIHUJ,NAMDOV,0.9978626181719416
OHIHUJ,LESWAI,0.8636168491217149
ALUJEX,SEQWIW,0.9404507708606809
JUXSEC,JUXSIG,0.9999999826746524
JUXSEC,VITZAB,0.9989221032408904
JUXSEC,LAVTAF,0.9471698830875928
JUXSEC,YATTUK,0.938650522958919
JUXSEC,NIGFOZ,0.9364190946965668
JUXSEC,SEHSII,0.9320069142503216
JUXSEC,WOJYUR,0.9318691639109378
JUXSEC,XADDAJ01,0.9294945972855576
JUXSEC,XADDAJ,0.9289403403051758
JUXSEC,UMIZIB,0.9035633590077056
JUXSEC,LEDHEJ,0.8964507444085934
JUXSEC,DAKZUN,0.865148262642267
JUXSEC,YENZEZ,0.8582423460721472
JUXSEC,PAQMAY,0.8478098268036042
JUXSEC,OHIHOD,0.8448521530731393
JUXSEC,AYOZOF,0.8431313467522301
UMIZIB,LEDHEJ,0.995938196758673
UMIZIB,WOJYUR,0.9749058247277436
UMIZIB,XISDIO,0.9742389477569652
UMIZIB,DUGDUG,0.966112648194213
UMIZIB,AYOZOF,0.957284313009106
UMIZIB,KEDJEL,0.9328228801372326
UMIZIB,ZALLEG,0.9304717979339132
UMIZIB,VITZAB,0.904069200534066
UMIZIB,YIXFUI,0.8844425486628708
UMIZIB,QACTUJ,0.8825533155393634
UMIZIB,BOJYIK,0.882467645691259
UMIZIB,UPIBOM,0.8538458500465118
UMIZIB,YATTUK,0.8503213666168279
UMIZIB,SEHSII,0.8451235399974938
UMIZIB,TORPUN,0.8421406594201918
WUNVEH,OKIYAJ01,0.9999999799761964
WUNVEH,OKIYIR01,0.9999998757184267
WUNVEH,OKIYIR,0.9999998484996532
WUNVEH,OKIVAG,0.9999998368083182
WUNVEH,OKIVIO01,0.9999995227285164
WUNVEH,SAHYAD02,0.9999979475652808
WUNVEH,SAHYAD03,0.9999975404428592
WUNVEH,WUNTAB,0.9999948002136084
WUNVEH,WUNSII,0.9999940405410211
SAHYAD03,OKIVIO02,0.999999919826551
SAHYAD03,OKIVIO01,0.9999990386426136
SAHYAD03,OKIYAJ01,0.9999971495567832
SAHYAD03,OKIYIR01,0.99999631528457
SAHYAD03,OKIVAG,0.9999961721125352
SAHYAD03,OKIWEL,0.9999960604018756
SAHYAD03,WUNVAD,0.9999900014458708
SAHYAD03,YINNUH,0.9999597530447532
SAHYAD03,WUNSEE01,0.9999315787771512
YOZNUY,DIHVIB,0.9986019489732544
YOZNUY,YOZNEI,0.9985531327639768
YOZNUY,LUDLED,0.9984267214391324
YOZNUY,FIQCEN,0.9984112897417174
YOZNUY,UXISUR,0.9984004491500102
YOZNUY,DOTSOV11,0.9977680757000648
YOZNUY,DOTSOV14,0.997765090244368
YOZNUY,DOTSOV12,0.9977626564435418
YOZNUY,DOTSOV16,0.9977626520164176
YOZNUY,WULJUJ,0.995932694852808
YOZNUY,NEHZOS,0.9900421288180996
YOZNUY,NEHZUY,0.9899007008714994
YOZNUY,QIZLOC,0.9863062571041542
YOZNUY,OHOMIH,0.986041034993394
YOZNUY,BABREE,0.9281172920314869
YOZNUY,EXOYAS,0.9165564200859746
YOZNUY,ONIXOZ,0.9160408154679024
YOZNUY,MOCKEV,0.9080849567672932
YOZNUY,NUTQEZ,0.9079839380914956
YOZNUY,NUTQAV,0.9079036802879664
YOZNUY,OFOCUI,0.9074486944158132
YOZNUY,GERWEH,0.9069815679440968
YOZNUY,VUJBIM,0.8973338607575074
YOZNUY,HUCBOX02,0.8951189369416908
YOZNUY,HUCBOX01,0.8948065452041005
YOZNUY,HUCBOX,0.8946047439479021
YOZNUY,MOBDIR,0.8916852749921756
YOZNUY,ALIXUP,0.8916368535994987
YOZNUY,IPUPIU,0.8866237514090355
YOZNUY,GIKMOD01,0.8862638422328424
YOZNUY,GINTUT,0.885647033426854
YOZNUY,VIXPUP01,0.8843321206981369
YOZNUY,RUVKAV,0.8841274988727479
YOZNUY,KANMIX,0.8837887698217199
YOZNUY,PAFZEE,0.883423615058313
YOZNUY,VIXPUP,0.8829901967708496
YOZNUY,WANJIF,0.8826642513420309
YOZNUY,XEDMEB,0.8815782878649956
YOZNUY,APUPEH,0.8762503101361178
YOZNUY,EXAXAE,0.8761415661129446
YOZNUY,EXAXAE03,0.8755883699860239
YOZNUY,DICKEH,0.8730866179994579
YOZNUY,HIDTUM,0.8662004947923612
YOZNUY,HABQUY,0.8635577745167019
YOZNUY,TOVWAE,0.8606400438663733
YOZNUY,KIRFOI,0.8595648741988039
YOZNUY,XICKOL,0.8571050586099217
YOZNUY,FALTUK,0.8521387006718131
YOZNUY,IXAJUN,0.8510695732214696
YOZNUY,IDUDIW,0.8494707426706418
YOZNUY,RUJMEQ,0.8440692706552972
YOZNUY,LAYWOA,0.8430579733173992
YOZNUY,WARXUL,0.8414581928551879
YOZNUY,BAZFUF,0.8397580710211856
YOZNUY,ENIHUG,0.8395293849434058
YOZNUY,QOWRAV,0.839196449268487
YOZNUY,QOWRAV11,0.8391784636378719
YOZNUY,QOWRAV12,0.8391765649163755
YOZNUY,QOWRAV07,0.8391667928651951
YOZNUY,QOWRAV05,0.8391494222271607
YOZNUY,SEMNIJ,0.8387517215881835
UFATEA01,BEJKEJ,0.9228294820294636
UFATEA01,GAWZOW,0.922458627594744
UFATEA01,CAXZUY,0.9220826173148856
UFATEA01,TEVVOI,0.9168962258300938
UFATEA01,LIDSAU,0.8792872448867032
UFATEA01,LIDSEY,0.8792612266625108
UFATEA01,XOMCIN,0.8789674478477321
UFATEA01,FEVDIV,0.8784024097977441
UFATEA01,JAMSEY,0.8760442337002387
UFATEA01,KEVBUK01,0.859877090790464
UFATEA01,XADWIK02,0.8513622909575334
UFATEA01,XADWIK,0.8511601409500339
UFATEA01,XADWIK01,0.8505727860626242
UFATEA01,PINPAG,0.8437490207111606
UFATEA01,VOWCIV,0.8420846624601692
VEXTUO,SEQSIS,0.95591398263819
VEXTUO,EKEKAH,0.8858510409248231
VEXTUO,TEVVIC,0.8835123582614012
VEXTUO,TEVVEY,0.8834891900973212
VEXTUO,TEVVAU,0.8830631111019448
VEXTUO,XUCHOS02,0.8528959017522677
VEXTUO,XUCHOS,0.8523070448303834
VEXTUO,XUCHOS01,0.8521541285428939
VEXTUO,FEVDIV,0.8477933450462982
VEXTUO,KEVBUK01,0.8459938153810584
VEXTUO,KEVBUK,0.8458751423794472
QUSBIQ,YINPEQ,0.9996500024881708
USEVOF,KANMIX,0.9999950704047976
USEVOF,WANJIF,0.9996600940521364
USEVOF,XEDMEB,0.9993532667298036
USEVOF,ADONEP,0.999122607091454
USEVOF,EXAXAE03,0.995923098408998
USEVOF,YOZNIM,0.8850474388766726
USEVOF,LUDLED,0.8850421838840228
USEVOF,FIQCEN,0.8850398517775426
USEVOF,XAMDUM,0.8850382728638266
USEVOF,UXISUR,0.8850381753346116
USEVOF,DOTSOV11,0.8848949133478331
USEVOF,DOTSOV16,0.8848933585532043
USEVOF,DOTSOV12,0.8848933448677835
USEVOF,QAWHIH01,0.8846346572813559
USEVOF,WULJUJ,0.8837189588870056
USEVOF,DOTSOV02,0.8836967670821358
USEVOF,KIRFOI,0.8835928073188515
USEVOF,MUNDOQ,0.8835117593981494
USEVOF,QIZLIW,0.8830414308132426
USEVOF,NEHZUY,0.8805942721493867
USEVOF,QIZLOC,0.8780862788924766
USEVOF,YOZNOS,0.8772781725943201
USEVOF,IDUDIW,0.848434580030977
USEVOF,GERWEH,0.8429923668424923
USEVOF,DEGSIS01,0.8400263404063743
IPUPIU,EXOGAB,0.9729220012500724
IPUPIU,LAQNID,0.9521628053730504
IPUPIU,BAZFUF,0.9479663941901644
IPUPIU,QOWRAV,0.9446585791684026
IPUPIU,QOWRAV08,0.9446157684850804
IPUPIU,QOWRAV05,0.9445738352229862
IPUPIU,BAZGAM,0.9442225612371146
IPUPIU,ORAWAH,0.9190365906175704
IPUPIU,ENIHUG,0.916418183052148
IPUPIU,NAPSUV,0.9107240302594014
IPUPIU,RUJMEQ,0.9019887614582917
IPUPIU,NIGDIS,0.895568919174896
IPUPIU,YIMQOD,0.893665110822455
IPUPIU,IXAJUN,0.8907401447485865
IPUPIU,YUSWEP,0.8877637043415947
IPUPIU,DIHVIB,0.8871677134087563
IPUPIU,LUDLED,0.8871104790254922
IPUPIU,XAMDUM,0.8871015363645722
IPUPIU,UXISUR,0.8871013166288197
IPUPIU,DOTSOV15,0.8868435915774524
IPUPIU,DOTSOV14,0.8868434364902907
IPUPIU,DOTSOV12,0.8868423361508012
IPUPIU,WULJUJ,0.8855184151542166
IPUPIU,DOTSOV02,0.8854957000032638
IPUPIU,NEHZOS,0.8818209991178355
IPUPIU,YOZNOS,0.8799335059604437
IPUPIU,QIZLOC,0.878954549058528
IPUPIU,OHOMIH,0.8787491192790382
IPUPIU,AZAVUU,0.8769482742884427
IPUPIU,MUNDOQ,0.8744790849098656
IPUPIU,SIXNEV,0.8634483634523673
IPUPIU,WURNOO,0.8624879211937313
IPUPIU,HIDTUM,0.8591193819201373
IPUPIU,KIRFOI,0.8522556865301982
IPUPIU,OGEBAF,0.8456818394987088
IPUPIU,IDUDIW,0.8429024923473333
IPUPIU,SIXNUL,0.8423408333388961
IPUPIU,FAMPUH,0.8422187865202223
IPUPIU,FALTUK,0.8421908485967813
IPUPIU,IDUDES,0.8410237533714005
ROLCEC,ROLCEC03,0.9999921006459738
ROLCEC,ROLCEC16,0.999999977363316
ROLCEC,ROLCEC01,0.9999995898744772
ROLCEC,ROLCEC06,0.999917833734666
ROLCEC,ROLCEC09,0.999893237087604
ROLCEC,SANMAX,0.9985388887147132
ROLCEC,MAGMOZ01,0.9969706027522104
ROLCEC,YUKVOQ03,0.9966250593229812
ROLCEC,YUKVOQ07,0.9965964073032576
ROLCEC,AYONOT,0.9957238087175616
ROLCEC,CUFORM04,0.9949119916791408
SCFORM10,SCFORM01,0.999944694957502
CIFGOP,QATLEE,0.9994892030014836
CIFGOP,YARGAB,0.863708511827334
OHOROS,SAQFUM,0.9999967009592172
OHOROS,SAQFUM01,0.9999833430563696
OHOROS,MURFEM,0.9187032109230254
OHOROS,NUCRIN,0.8775331567802005
OHOROS,MOFTIL01,0.8770040055775168
OHOROS,MOFTIL02,0.8767525730600207
OHOROS,FECWOB,0.8759575486170053
OHOROS,GAMFEG,0.8723341207429152
OHOROS,BOVHEB,0.8694103380290893
OHOROS,VAHWOS,0.8569645359510202
OHOROS,VAHWOS01,0.8569587603671693
OHOROS,VAHWIM,0.8569473840017725
OHOROS,VEMMAC,0.8568962575234311
ONIXOZ,ORAWAH,0.9857175199142044
ONIXOZ,EXOGAB,0.937415606673122
ONIXOZ,HIDTUM,0.9359460528732328
ONIXOZ,OHOMIH,0.9328593601217654
ONIXOZ,QIZLOC,0.9328140436286104
ONIXOZ,NEHZUY,0.9321019388775093
ONIXOZ,NEHZOS,0.9320584173655148
ONIXOZ,WULJUJ,0.926796740881582
ONIXOZ,DOTSOV14,0.9260372098158648
ONIXOZ,DOTSOV10,0.9260366525309296
ONIXOZ,UXISUR,0.9247757058810204
ONIXOZ,YOZNIM,0.9246318964946764
ONIXOZ,DIHVIB,0.924299696817458
ONIXOZ,LAYWOA,0.9188135697738172
ONIXOZ,ANUGEW,0.9175951878171748
ONIXOZ,YOZNOS,0.9101657905706132
ONIXOZ,WARXUL,0.9078241223733003
ONIXOZ,IDUDIW,0.8904436584735699
ONIXOZ,IXAJUN,0.8900503218960524
ONIXOZ,XICKOL,0.8864516858468068
ONIXOZ,BAZGAM,0.8805048413080107
ONIXOZ,EPISOM,0.8783574767715261
ONIXOZ,KIJRUS,0.877714008477354
ONIXOZ,FAMPUH,0.8738250819982958
ONIXOZ,NAPSUV,0.8734196547549065
ONIXOZ,BABREE,0.8712951590005236
ONIXOZ,RUJMEQ,0.8682075343727614
ONIXOZ,DALSOA,0.8675884716037452
ONIXOZ,CITXUZ,0.8612528550947081
ONIXOZ,IXAKAU,0.8608383711498337
ONIXOZ,EXOYAS,0.8586987152363051
ONIXOZ,IDUDES,0.8585249758108802
ONIXOZ,SEMNIJ,0.8576859809013975
ONIXOZ,LURRIA,0.8572675375070569
ONIXOZ,QOWRAV,0.8569700740995524
ONIXOZ,QOWRAV11,0.8568814007140949
ONIXOZ,QOWRAV12,0.8568720765823915
ONIXOZ,QOWRAV08,0.8568533754076737
ONIXOZ,QOWRAV07,0.8568241991953913
ONIXOZ,QOWRAV04,0.856723178107196
ONIXOZ,ENIHUG,0.8537772666660713
ONIXOZ,PIDRAY,0.8535528222283892
ONIXOZ,ALIXUP,0.8535513660123901
ONIXOZ,CEZYOY,0.8533535556887628
ONIXOZ,YIMQOD,0.8492216818015835
ONIXOZ,GERWEH,0.8444983731445156
ONIXOZ,GIKMOD01,0.8434839521424458
ONIXOZ,OFOCUI,0.8416464018473655
ONIXOZ,NUTQAV,0.8410126625100509
ONIXOZ,NUTQEZ,0.8404977775156182
ONIXOZ,MOBDIR,0.8403367657321482
ONIXOZ,MOCKEV,0.8394261252925153
ONIXOZ,MOCKAR,0.8393091245502478
ONIXOZ,HUCBOX01,0.8376787855443092
AHETAK,BOWDIC,0.9999983104493684
AHETAK,BIPXIK,0.9999978740020984
AHETAK,BOWDOI,0.9999952922324228
AHETAK,VEDFER,0.999971823611776
AHETAK,VEDFIV,0.9999574427404158
AHETAK,VEDGIW,0.9999553757443655
AHETAK,CEYPUT,0.999884077487086
AHETAK,CEYPUT01,0.9998351959377388
AHETAK,ABAVIJ,0.9994657496666944
AHETAK,ERUNIQ,0.9991449098335676
AHETAK,ABAVUV,0.9985530639078938
AHETAK,CAXZOS,0.9230944613616676
AHETAK,DIDBOJ,0.922983856514438
AHETAK,JODGIU,0.9229640138795134
AHETAK,DIDBEZ,0.9228879039882084
AHETAK,DIDBID,0.9228111945692876
AHETAK,ERUNOW,0.9226205047317444
AHETAK,FEVDER,0.8792379775163568
AHETAK,AZIHOI,0.8789724298465358
AHETAK,BAKJEE,0.8787476499934004
AHETAK,TIDNIF,0.8769648304415102
AHETAK,CANYIB,0.876765492171456
AHETAK,ESEQUO,0.8740313633851319
AHETAK,SIDXOV,0.8720004487877938
AHETAK,NIDFOX,0.8540405962681811
AHETAK,MOXDOT,0.8443711936602772
AHETAK,NERVIP01,0.8438959293700129
AHETAK,RAKBIO01,0.8433981378681383
AHETAK,GAGWOB,0.8433863194049915
AHETAK,FAZPIH,0.8431853218291082
AHETAK,WOPWOP,0.8431843688628272
AHETAK,VOCKUT,0.8430665333018947
AHETAK,NERVEL,0.8430201757746352
AHETAK,CANROA,0.84299365180306
AHETAK,KOHDIW,0.8429867368444598
AHETAK,NERVIP,0.8428117800912767
DADTOS02,YANWOC02,0.99999983760192
DADTOS02,DADTOS,0.9999997825576542
DADTOS02,DADTOS08,0.9999994897183572
DADTOS02,DADTOS09,0.9999994232449352
DADTOS02,DADTOS13,0.999999359332022
DADTOS02,DADTOS06,0.999999190125738
DADTOS02,DIDVIW,0.9999990724477268
DADTOS02,YANWOC01,0.999998854687058
DADTOS02,YANWOC,0.9999932432639964
DADTOS02,DADTOS07,0.999977556034848
DADTOS02,YUKTUU01,0.9999756560176554
DADTOS02,YUKTUU,0.9999753878507852
DADTOS02,DADTOS03,0.9999734910616142
DADTOS02,REZJIR03,0.9999716076318592
DADTOS02,JEDKIP01,0.9999703426331084
DADTOS02,PADJOU01,0.999948628647484
DADTOS02,MNFORD02,0.9999170077863252
DADTOS02,LIJWOR01,0.9998941807665468
DADTOS02,LIJWOR05,0.9998716455379448
DADTOS02,IJOMOJ01,0.9998553108132964
DADTOS02,NURGUE,0.999823147642543
DADTOS02,SIWPUL04,0.999817555444501
DADTOS02,SIWPUL11,0.9974540857842474
DIWFAT,IVEMAZ,0.9999590168985816
DIWFAT,FEJFAE,0.9999016696025412
DIWFAT,YAQCEY,0.999581239485163
DIWFAT,LUSHOX04,0.8847972494257969
DIWFAT,BOYTEQ,0.8518598903903882
DIWFAT,OCAKUB,0.844276915051888
DIWFAT,WOHYOH01,0.8439042642030976
DIWFAT,VUQKAU02,0.843862752450447
DIWFAT,IQOKIK,0.8417536863193175
DIWFAT,EXUMEP,0.8386009137852681
DIWFAT,BEQPEU,0.8384971388398965
MAXHUP,CUGYOU,0.999880552586679
OWIHIN,OWIHUZ,0.999999935398982
OWIHIN,HIHNUJ,0.9999998731572828
OWIHIN,MUQYEE,0.9996543131789593
OWIHIN,YAMXOC,0.9469674527425758
OWIHIN,CUFFUF,0.946960571695301
OWIHIN,CUFDOX,0.9469525115636612
OWIHIN,CUFFIT,0.9469387851997983
OWIHIN,IYUHIU,0.9458366932273018
OWIHIN,PEYVEV,0.9322170216284126
OWIHIN,XINTOG,0.8751629041904179
OWIHIN,CIFSAO,0.860273767279072
OWIHIN,CIFSES,0.8601000819843931
OWIHIN,FOSTIS,0.8599865038600301
OWIHIN,UNIDAY,0.8598083492181703
OWIHIN,TIRFIK,0.8502262533436201
XAMGUQ,CUWNIT,0.999996687541634
XAMGUQ,WUHMUJ,0.9998087379294576
XAMGUQ,USAYOE,0.9963854867277304
XAMGUQ,QUSVOQ,0.9422618445056696
XAMGUQ,MOXDOT01,0.8648592740716875
XAMGUQ,RUYGAV,0.8524653976452093
XAMGUQ,XIHSEN01,0.8397046876400573
XAMGUQ,XIHSEN,0.8393554574052082
QUSVOQ,WUHMUJ,0.9422888740406384
QUSVOQ,GEPBEK,0.9340020362579214
QUSVOQ,XAPSIS,0.8609998932197629
QUSVOQ,BUKLOJ,0.8572678906196713
KOGYIP,KIKRAA,0.99970954073657
KOGYIP,XIQZIH,0.9991421573552908
KOGYIP,ASUKEE01,0.998745032839815
KOGYIP,LABJUV,0.8874334758536642
KOGYIP,WURNOO,0.8598013015175887
KOGYIP,KAGJOS,0.8594804227967896
KOGYIP,HAJPEQ,0.8575663018667103
KOGYIP,ICAGOK,0.857271911600568
KOGYIP,RANLAV,0.8530006170713994
KOGYIP,MUGQAI,0.8455732000460585
KOGYIP,IXAJUN,0.8448966059049811
KOGYIP,XICKOL,0.8413331427000688
PEFDEK,BUHFER,0.9991179204866324
PEFDEK,GAXROO,0.9990102952749846
PEFDEK,TALKAT,0.9989057230662284
TEMDIB,DUWBEE,0.8532866708889371
TEMDIB,QEKLID01,0.8507487479006406
TEMDIB,QEKLID,0.8507326442922862
TEMDIB,NOLRIR,0.8401579004738183
TEMDIB,PARKUQ01,0.8396146051402589
TEMDIB,MITSAK,0.8394611207296064
TEMDIB,KUJMIN,0.8390975965758722
FUQJUX,PEBNER,0.9999207500861642
FUQJUX,QONKUB,0.9997893083982474
FUQJUX,BUZKUE,0.9997043385215976
FUQJUX,QONLIQ,0.9996910139386848
FUQJUX,JAVNIE,0.9996384053203234
FUQJUX,QOMSES,0.9996351654598457
FUQJUX,CISLUN,0.999594519478701
FUQJUX,QONKOV,0.999492198523674
FUQJUX,QOMSAO,0.998932963681324
FUQJUX,IBUDOZ,0.9989105610501048
FUQJUX,VUQJEX01,0.9988837433816716
FUQJUX,VUQJEX,0.9988517110165156
FUQJUX,DEGJIK,0.9986771070787186
FUQJUX,HOSPEL,0.9981857700848356
FUQJUX,PENLEB,0.8732545312348378
FUQJUX,CEXJUN02,0.8636357924147229
FUQJUX,RODSAG,0.8578700406823214
FUQJUX,REFBAH01,0.8575209600989057
FUQJUX,RAJPIE,0.8562178101107585
FUQJUX,RANLAV,0.8517629398337749
ELUQIM06,ELUQIM01,0.9999998885389072
ELUQIM06,ELUQIM08,0.9999998401929148
ELUQIM06,ELUQIM13,0.9999994423953688
ELUQIM06,VERZUP,0.9999931014152356
ELUQIM06,TEVZOK,0.9998666897585604
ELUQIM06,YANXIX04,0.9980182705047344
ELUQIM06,YANXIX02,0.9978336713448844
ELUQIM06,SANMEB,0.9974000043204286
ELUQIM06,YUKVUW04,0.9971461827611414
ELUQIM06,SIWQIA02,0.9962082303803832
ELUQIM06,TAYZUQ,0.9953328468486496
ELUQIM06,AMOBEL02,0.9937065999966672
XAMDUM,FIQCEN,0.9999999835789146
XAMDUM,XAMDUM01,0.9999999133858648
XAMDUM,LUDLED,0.9999998959903682
XAMDUM,YOZNIM,0.9999993666013728
XAMDUM,BODPAN,0.9999954378833064
XAMDUM,DOTSOV15,0.9999467322605594
XAMDUM,DOTSOV16,0.9999463012891346
XAMDUM,DOTSOV12,0.9999462898410368
XAMDUM,QAWHIH01,0.9992572252347112
XAMDUM,WULJUJ,0.9988955952191124
XAMDUM,DOTSOV02,0.9988738789686816
XAMDUM,NEHZUY,0.9963089774892928
XAMDUM,QIZLOC,0.994004188004065
XAMDUM,BABREE,0.9321088022740602
XAMDUM,EXOYAS,0.9197052093300456
XAMDUM,RAWYAS,0.918899110739332
XAMDUM,IWEVAJ,0.91868174093194
XAMDUM,CITXUZ,0.9184478890679691
XAMDUM,GERWEH,0.908227231143753
XAMDUM,YUGLES,0.9079789298389442
XAMDUM,HOGLEV,0.9077396291439326
XAMDUM,EXOGAB,0.9076878011332524
XAMDUM,NUTQEZ,0.9076845557467452
XAMDUM,OFOCUI,0.9076665684626706
XAMDUM,MOCKEV,0.9074214967156812
XAMDUM,XIJSUH,0.9074184456620836
XAMDUM,MOCKAR,0.9074131624385628
XAMDUM,ALIXUP,0.9002626465735967
XAMDUM,PIDRAY,0.8998736861971401
XAMDUM,HUCBOX02,0.8973029327937642
XAMDUM,HUCBOX,0.8970072445025148
XAMDUM,PAMQIF,0.8968014544896864
XAMDUM,MOFGOE,0.895873817404901
XAMDUM,VUJBIM,0.8953292051534698
XAMDUM,GIKMOD01,0.893052636826942
XAMDUM,GINTUT,0.8872979060841129
XAMDUM,VIXPUP01,0.887087831849969
XAMDUM,EMUBOF,0.8849197325925048
XAMDUM,WANJIF,0.8848714394813465
XAMDUM,ADONEP,0.8844639865934643
XAMDUM,EXAXAE,0.8820796081022115
XAMDUM,DICKEH,0.8770681343400523
XAMDUM,HIDTUM,0.8732344744793998
XAMDUM,HABQUY,0.8663954743326612
XAMDUM,KIRFOI,0.8658190075958593
XAMDUM,NIGDIS,0.8609790358792819
XAMDUM,TOVWAE,0.8608597567854446
XAMDUM,XICKOL,0.8605942944382733
XAMDUM,OGEBAF,0.8587198196318477
XAMDUM,IDUDIW,0.8564721280289922
XAMDUM,FAMQAO,0.8535482361688158
XAMDUM,FALTUK,0.8535477196161759
XAMDUM,FAMPUH,0.853540078475205
XAMDUM,RUJMEQ,0.8463393891375471
XAMDUM,BAZFUF,0.8398528334465561
XAMDUM,ENIHUG,0.83892125665184
ELIKEQ,VUKSUR,0.942157253661556
ELIKEQ,ZEDVOV,0.8611345670440467
ELIKEQ,ALUJOH,0.8532691021127988
UGEPEB,NIHDEQ,0.9998875910293404
UGEPEB,UFUMUD,0.9998798993614052
UGEPEB,ECODIK,0.999855204739264
UGEPEB,QERZUI01,0.9998394968860792
UGEPEB,BAHGUN02,0.9997675744151716
UGEPEB,BAHGUN04,0.9996524469463623
UGEPEB,BAHGUN,0.9995906819431476
UGEPEB,UFUMUD01,0.9994508412561128
UGEPEB,UFUNAK,0.998914409811327
UGEPEB,KAKTIA01,0.9984190959669476
UGEPEB,KAKTIA,0.9983613703570616
UGEPEB,POFDEV,0.9980695654846308
UGEPEB,AHEMEG,0.9972817980135888
UGEPEB,POFDOF,0.9961991224021344
UGEPEB,POFFAT,0.9958577128761474
UGEPEB,NELCEN,0.9946978264120392
UGEPEB,QIWQES,0.9897181323114398
UGEPEB,WURNOO,0.9220806131443686
UGEPEB,KAGJOS,0.9220579588408504
UGEPEB,ICAGOK,0.9200440324376852
UGEPEB,IXAJUN,0.8788160427341483
UGEPEB,XICKOL,0.876038646694382
UGEPEB,IDUTEJ,0.8665497411450973
UGEPEB,IDUTIN,0.8665425814807415
UGEPEB,IDUSIM01,0.8665298566159343
UGEPEB,IDUSIM02,0.8665229351650766
UGEPEB,UNACES,0.8665111481122829
UGEPEB,NAPSUV,0.8638952761956387
UGEPEB,HOYKUD,0.8565710251197957
UGEPEB,CEZYOY,0.8432374099182882
UGEPEB,QESBAR,0.8423386796487413
UGEPEB,ENITAX,0.8411545870985737
WIMWEW,DAFHEZ,0.9996144758290508
WIMWEW,XADDUD,0.9995552933760864
WIMWEW,CIPLIX,0.8964094340226972
WIMWEW,FUMJAZ01,0.8633897995717683
WIMWEW,FUMJAZ,0.8632123771564341
WIMWEW,XIHSEN01,0.8612364705647606
WIMWEW,XIHSAJ01,0.8612249249953149
WIMWEW,XEVXUT,0.861023145953555
WIMWEW,XIHSEN,0.8609274919290861
WIMWEW,TONBOO,0.8606906762870288
WIMWEW,BUKLOJ,0.8572710896864817
WIMWEW,VASYEW,0.8571037002887181
WIMWEW,RAKBIO02,0.8545599123224276
WIMWEW,RAKBIO,0.8545572839600319
WIMWEW,GAGWOB,0.852869029948509
WIMWEW,FEYJOJ,0.8523202311240263
WIMWEW,AGAFAS,0.842154890220799
WIMWEW,XUZRIU,0.8409215750749143
DOTSOV22,DOTSOV20,0.9999999999305796
DOTSOV22,DOTSOV19,0.9999999983654608
VEGMOK01,VEGMOK04,0.9999997095495758
VEGMOK01,REDROI,0.9999716344269144
VEGMOK01,IFABIA02,0.9997878340693548
VEGMOK01,FIJCUX01,0.999479176958203
VEGMOK01,PEVQOY,0.9986669370070878
VEGMOK01,VUSKEA,0.9985059319533796
VEGMOK01,MIBQAR07,0.9984534343877286
VEGMOK01,MIBQAR01,0.9984047246483312
VEGMOK01,HOLRAD,0.9983991802399208
VEGMOK01,YOCGAZ,0.90824486062595
VEGMOK01,HUTZAX01,0.9081779087917592
VEGMOK01,DAWCIP,0.907905208697276
VEGMOK01,NEHGIS,0.9078473949613708
VEGMOK01,JENKET,0.907483793831514
VEGMOK01,ACODIH,0.8972373218967311
VEGMOK01,GOSDUP,0.8971732225087579
VEGMOK01,PICCUC,0.8968634497542773
VEGMOK01,CESQUP,0.896241778404939
VEGMOK01,RUYGOJ,0.8952615434471876
VEGMOK01,SACHIP,0.8915982000117626
VEGMOK01,DITTEH,0.8872788549691104
VEGMOK01,UKOLOV,0.887262636599486
VEGMOK01,NAWXER,0.8860798578467174
VEGMOK01,WORKUL,0.8849564376996701
VEGMOK01,QAQSAD,0.884903832270485
VEGMOK01,DARYIF,0.8848201437341379
VEGMOK01,IDIXAU,0.8830476627692612
VEGMOK01,BUVNIR,0.8823338149520202
VEGMOK01,XAFFER,0.8776956347078921
VEGMOK01,DUPKAC,0.8767889984748152
VEGMOK01,NOXMAQ,0.8759927669299414
VEGMOK01,ZARLEL,0.875760959436189
VEGMOK01,REGREC,0.8749857982704482
VEGMOK01,PEJPEB,0.8744748010153192
VEGMOK01,NANYUX03,0.8742684270326105
VEGMOK01,GADROU,0.8688929048297694
VEGMOK01,PEGCIP,0.8688683757509899
VEGMOK01,XEGWIS,0.8675161257598242
VEGMOK01,KAHMOW,0.8675079837972666
VEGMOK01,XEGXIT,0.8675003269480687
VEGMOK01,SAVMAE,0.862459116355266
VEGMOK01,XENMIO,0.8608386660584684
VEGMOK01,WIMWIA,0.8607045147097988
VEGMOK01,YICQOS,0.859320849342048
VEGMOK01,CIQHOC,0.8541979099006467
VEGMOK01,PURJAO,0.8535486993772281
VEGMOK01,XOHNEO,0.8520098832019924
VEGMOK01,TACJEO,0.8513120379697139
VEGMOK01,WOJZOK01,0.8498297056367944
VEGMOK01,NISCOJ,0.8462373774189053
VEGMOK01,LEBQUH,0.8440983041206025
VEGMOK01,HOKLIE,0.8396824401333023
VEGMOK01,MACHIJ,0.8396652451088376
MIBQAR01,HOLRAD,0.999999989524293
MIBQAR01,MIBQAR07,0.9999989938100052
MIBQAR01,VUSKEA,0.9999983365724348
MIBQAR01,PEVQOY,0.9999882023030204
MIBQAR01,IFABIA02,0.9989264751388328
MIBQAR01,REDROI,0.9987658482804278
MIBQAR01,VEGMOK04,0.9984474179673422
MIBQAR01,FIJCUX01,0.9960680763374622
MIBQAR01,BOLPAU,0.9067736391763588
MIBQAR01,HUTZAX01,0.905914046278076
MIBQAR01,DAWCIP,0.9050319635640875
MIBQAR01,NEHGIS,0.9046584494574896
MIBQAR01,JENKET,0.9036900678621717
MIBQAR01,SACHIP,0.8960583165852727
MIBQAR01,GOSDUP,0.895399724325091
MIBQAR01,ACODIH,0.8947609331843914
MIBQAR01,DITTEH,0.8853333624656211
MIBQAR01,BUVNIR,0.8849216716286932
MIBQAR01,WORKUL,0.8842376174500068
MIBQAR01,QAQSAD,0.8822621223046029
MIBQAR01,NAWXER,0.8817734257944044
MIBQAR01,DUPKAC,0.8779323947824409
MIBQAR01,IDIXAU,0.8778798814330451
MIBQAR01,XAFFER,0.8747948128463119
MIBQAR01,KUNLEL,0.8745920283404656
MIBQAR01,NIWYID,0.8737931086095567
MIBQAR01,REGREC,0.8730900624247244
MIBQAR01,ACIBOE,0.8707088821211044
MIBQAR01,NANYUX03,0.8705229317242609
MIBQAR01,NENHEU,0.8684838477139142
MIBQAR01,GADROU,0.8680817302189654
MIBQAR01,OKELOH,0.866721135885542
MIBQAR01,XEGXIT,0.8625630549122749
MIBQAR01,XEGWAK,0.8625508637693575
MIBQAR01,YICQOS,0.8611452648961195
MIBQAR01,HAZYUE,0.8609314366566789
MIBQAR01,EGIKUB01,0.8606792025362393
MIBQAR01,XOHNEO,0.8547986218961034
MIBQAR01,SOSQIC01,0.8546999956333219
MIBQAR01,HIFGIO,0.8540753473694077
MIBQAR01,SIXWON,0.8531096713929421
MIBQAR01,WOJZOK01,0.8531066572166696
MIBQAR01,TACJEO,0.8525760784801133
MIBQAR01,GAWMOJ,0.8518234613988442
MIBQAR01,CIQHOC,0.8503182487878468
MIBQAR01,NISCOJ,0.8456841243462904
MIBQAR01,MACHIJ,0.8446461334282369
MIBQAR01,REBVIG,0.8381250160518882
MIBQAR01,HOKLIE,0.8380237747971775
DURDAX,REBVIG,0.9999999645032926
DITTEH,REBVIG,0.9743399144892642
DITTEH,GUGNON,0.9477566389102738
DITTEH,YOZYUJ,0.931915360384809
DITTEH,UFAMEW,0.9305699281896612
DITTEH,EZINAE,0.9024879517787991
DITTEH,DUPKAC,0.8888642617596691
DITTEH,REGREC,0.8872977620122853
DITTEH,REDROI,0.8872094263898594
DITTEH,FUVBAB,0.8870859754632285
DITTEH,IFABIA02,0.8869956647636987
DITTEH,IJEXIF01,0.8868540737344102
DITTEH,ACIBOE,0.8868470138089986
DITTEH,PEVQOY,0.8856255573096337
DITTEH,VUSKEA,0.8854458294491415
DITTEH,MIBQAR07,0.8853881823290091
DITTEH,GOSDUP,0.8845672031978921
DITTEH,KUNLEL,0.883145682335116
DITTEH,RUYGOJ,0.8830261858677215
DITTEH,DUFLOH,0.8699787317199696
DITTEH,XAFFER,0.8658183695248236
DITTEH,NOXMAQ,0.8643612539763463
DITTEH,OKELOH,0.8575095604069335
DITTEH,MUWRUT,0.8419928438997988
DITTEH,APACAX,0.8415502788462814
DITTEH,DOYHOQ,0.8408646584711409
DITTEH,NUFBOH,0.8401843121937782
JEXLIK,FERLEU,0.8739120869277537
JEXLIK,UDUMIP02,0.8737103964408816
JEXLIK,SEKXUE,0.8439804616099847
JEXLIK,AVOGAT,0.8395470256815132
JEXLIK,AVOGEX,0.8393831195602349
NIFRAY,SEFVEG,0.9999990333760872
NIFRAY,SEFVEG02,0.9999989704957546
NIFRAY,NIFQOL,0.9999986232439394
NIFRAY,NIFQIF,0.9999932338731308
NIFRAY,TUDJEI,0.9999774782166996
NIFRAY,NIFTAA,0.9999746673562246
NIFRAY,NIFNOI,0.9999591191863464
MOCKAR,QAWHIH01,0.908245571774529
MOCKAR,DIHVIB,0.9075565677545367
MOCKAR,YOZNEI,0.9075218379425896
MOCKAR,LUDLED,0.907431683008044
MOCKAR,UXISUR,0.9074127101873252
MOCKAR,XAMDUM01,0.9073969988579184
MOCKAR,DOTSOV11,0.906940642948284
MOCKAR,DOTSOV12,0.9069364862521266
MOCKAR,DOTSOV02,0.9052968610180132
MOCKAR,QIZLIW,0.903661517677453
MOCKAR,NEHZOS,0.9003651394118167
MOCKAR,OHOMIH,0.8967587245736927
MOCKAR,ORAWAH,0.8535533630364235
MOCKAR,DALSOA,0.8524239192891041
MOCKAR,BABREE,0.8500827387728385
MOCKAR,EXOYAS,0.8406617885586428
MOCKAR,CITXUZ,0.8381993315268869
CIQHOC,QUDGED,0.9976272348939316
CIQHOC,IGINIX,0.8899599456051066
CIQHOC,ATULOS,0.8602234571570533
CIQHOC,KOZNEU,0.8544323544173557
CIQHOC,REDROI,0.8538895459099161
CIQHOC,PEVQOY,0.8507756598152294
CIQHOC,HOLRAD,0.8503087576100511
JOPGUS,XAPSIS,0.999994914071778
QUQFEO,XOMHEO,0.999471839808344
QUQFEO,YOZYUJ,0.9834594638860148
QUQFEO,UFAMEW,0.9808990570420204
QUQFEO,REBVIG,0.9419048045672336
QUQFEO,FUVBAB,0.9329604051903696
QUQFEO,ACIBOE,0.932820358179058
QUQFEO,NANYUX03,0.9327789076331576
QUQFEO,NIWYID,0.9327243159810216
QUQFEO,IJEXIF01,0.9322036769983904
QUQFEO,CIJLIT,0.8997909637075291
QUQFEO,JENKET,0.882763766686465
QUQFEO,NUFBEX,0.8809028270960365
QUQFEO,DOYHOQ,0.8807362328289624
QUQFEO,NUFBOH,0.8798986903687276
QUQFEO,EZINAE,0.874971162057282
QUQFEO,NUFCAU,0.8728604254968805
QUQFEO,UKOLUD,0.8728112827855781
QUQFEO,JAYXAL,0.8677011656633506
QUQFEO,QOPZIF,0.8628047962339913
QUQFEO,ADUVAZ,0.8622194495138878
QUQFEO,MUWRUT,0.8570985851045722
QUQFEO,FUDGIW,0.8535532945078153
QUQFEO,MOHLIF,0.8506764839060539
QUQFEO,DUNXUH15,0.8441232708866826
QUQFEO,WIMWIA,0.8437495657684947
QUQFEO,EGIKUB01,0.8421493197014573
XEFGUN01,GOYLUB,0.9997876453507156
XEFGUN01,RUXWEM03,0.94718744615641
XEFGUN01,RUXWEM01,0.9471009990445356
XEFGUN01,AJAKON,0.9080596318780628
XEFGUN01,PIKYIU,0.9079944985425866
XEFGUN01,DAPYAW,0.9078125601580394
XEFGUN01,ODIXIK,0.9077184752615772
XEFGUN01,ENITEB,0.9076689528611585
XEFGUN01,RUGYOJ,0.9075846169163512
XEFGUN01,YILKAH,0.9068060187941386
XEFGUN01,EVUDAA,0.9063902443058448
XEFGUN01,NOZZUZ,0.9063750362956412
XEFGUN01,BIJJOV,0.8970062412282911
XEFGUN01,IVOLIQ,0.8968605516565542
XEFGUN01,QEKLID,0.8863491620299121
XEFGUN01,QEKLID01,0.8862944349355093
XEFGUN01,RIGHAR,0.8850770031689377
XEFGUN01,ROCZEQ,0.8811571923040512
XEFGUN01,AWEJIW,0.8805465121953637
XEFGUN01,ECIWIW,0.8779623009719941
XEFGUN01,PIQQOX,0.8779525056248045
XEFGUN01,IGUTUB01,0.877334943257974
XEFGUN01,PIQQEN,0.8765166661308146
XEFGUN01,MITSEO,0.8741577272238232
XEFGUN01,PARKUQ01,0.8727096257800318
XEFGUN01,REFWIL,0.8721270732757322
XEFGUN01,MITSAK,0.8720265618735679
XEFGUN01,MITSUE,0.8720156834329897
XEFGUN01,KUJMIN,0.8709191130030244
XEFGUN01,VAYFAE,0.8686088339018165
XEFGUN01,FELXOM,0.8684586882070122
XEFGUN01,JUXZIN,0.8674667425886896
XEFGUN01,XEQRAO,0.8649688825839006
XEFGUN01,EKUNON01,0.8642318735655886
XEFGUN01,EKUNON02,0.8642111889129404
XEFGUN01,ULOGIL,0.8642061320084404
XEFGUN01,YICRAF,0.8606538359067304
XEFGUN01,RUVBOB,0.860555063470593
XEFGUN01,FIJDEI,0.8574884793652805
XEFGUN01,EREGOY,0.8532740299160462
XEFGUN01,EXEMUR,0.8514626618748115
XEFGUN01,FONKEA,0.850004161028376
XEFGUN01,BERQIA,0.8384609622261434
XEFGUN01,XIRKAM,0.8383926548325544
XISDIO,DAKZUN,0.9988139382649284
XISDIO,CEJXEW,0.9564323566432718
XISDIO,KEDJEL,0.9558638787229116
XISDIO,WOJYUR,0.9479890979702452
XISDIO,QACTUJ,0.9047918407626744
XISDIO,VITZAB,0.8651463624359936
XISDIO,TORPUN,0.8601504230466177
XISDIO,ACODON,0.8513659582020104
XISDIO,NEBYOK,0.8413473092976254
XISDIO,LAVTAF,0.8385393582588966
GALJAG,FAHQEM,0.996390129224251
GALJAG,FAHQIQ,0.988598230176313
GALJAG,GIWMAD,0.9555535350569898
GALJAG,CIFSIW,0.95250188421456
GALJAG,CIFSES,0.9513506683911648
GALJAG,UNIDAY,0.9510582964037524
GALJAG,VIFPUY05,0.9472135842614964
GALJAG,VIFPUY03,0.947213557752942
GALJAG,VIFPUY,0.9472135488896504
GALJAG,VACFOV01,0.94721072039352
GALJAG,MAYJOM,0.947173705113644
GALJAG,LEPTUY,0.8833411946681166
GALJAG,TIRFOQ,0.8390760435700549
QAWHIH01,YOZNEI,0.9993592886676934
QAWHIH01,UXISUR,0.999256798742127
QAWHIH01,BODPAN,0.999139267188827
QAWHIH01,DOTSOV11,0.9988085423810636
QAWHIH01,DOTSOV15,0.9988066089651824
QAWHIH01,DOTSOV16,0.9988045746427684
QAWHIH01,DOTSOV12,0.9988045541719208
QAWHIH01,WULJUJ,0.9972153147270592
QAWHIH01,QIZLIW,0.995632480268815
QAWHIH01,YOZNOS,0.9930622151028118
QAWHIH01,NEHZUY,0.9922803296001896
QAWHIH01,QIZLOC,0.9890918215102328
QAWHIH01,OHOMIH,0.9888564169395816
QAWHIH01,ORAWAH,0.9330094147202014
QAWHIH01,DALSOA,0.9319909977711652
QAWHIH01,BABREE,0.9297326586979726
QAWHIH01,EXOYAS,0.9179048034741836
QAWHIH01,RAWYAS,0.91628719828259
QAWHIH01,CITXUZ,0.9155105053299748
QAWHIH01,XIJSUH,0.9082458650513676
QAWHIH01,NUTQEZ,0.908235939349542
QAWHIH01,NUTQAV,0.9082144287970018
QAWHIH01,YUGLES,0.9081306378996764
QAWHIH01,OFOCUI,0.9078618045615638
QAWHIH01,HOGLEV,0.9057705616145556
QAWHIH01,EXOGAB,0.9056593360523686
QAWHIH01,VUJBIM,0.8970418025229174
QAWHIH01,MUDTEL,0.8967483971532848
QAWHIH01,HUCBOX02,0.8961606319871553
QAWHIH01,HUCBOX,0.8957127384931542
QAWHIH01,PAMQIF,0.8950009531647927
QAWHIH01,ALIXUP,0.8947153040880472
QAWHIH01,PIDRAY,0.8942132947856214
QAWHIH01,GIKMOD,0.8898326726465232
QAWHIH01,KANMIX,0.8845405389624778
QAWHIH01,VIXPUP,0.8844963170421334
QAWHIH01,PAFZEE,0.8842969210750633
QAWHIH01,WANJIF,0.8837110889802334
QAWHIH01,XEDMEB,0.8829205033239136
QAWHIH01,ADONEP,0.8827356960640376
QAWHIH01,APUPEH,0.8784670554179438
QAWHIH01,EXAXAE,0.8783726860339833
QAWHIH01,EXAXAE03,0.8778912504778497
QAWHIH01,DICKEH,0.8746987937919848
QAWHIH01,HIDTUM,0.8687775330957531
QAWHIH01,LAQNID,0.8676527868462753
QAWHIH01,KIRFOI,0.8618958432544284
QAWHIH01,TOVWAE,0.8610574592432869
QAWHIH01,IWEQAD,0.8598715948298529
QAWHIH01,NIGDIS,0.8595168382584294
QAWHIH01,IXAJUN,0.8534478243210368
QAWHIH01,FALTUK,0.8529344584253888
QAWHIH01,EPISOM,0.8503818991805481
QAWHIH01,ANUGEW,0.8490536990464306
QAWHIH01,RUJMEQ,0.8451386460157465
QAWHIH01,WARXUL,0.8440727319053469
QAWHIH01,QOWRAV11,0.8382000491706804
QAWHIH01,QOWRAV08,0.8381920820041288
QAWHIH01,QOWRAV07,0.838183775300976
QAWHIH01,QOWRAV05,0.8381596014594461
QAWHIH01,QOWRAV04,0.8381549162665471
XEKYOE,SOWCOY01,0.8812130898355391
XEKYOE,LASMUP,0.8773317446113411
XEKYOE,GASSUR,0.8570326588737623
FIVRUA,JUYJIY,0.9314125996748582
FIVRUA,FONQAC,0.927550371696716
FIVRUA,FONKEA,0.9178726988271458
FIVRUA,WEVVOL,0.9069439452747688
FIVRUA,ULOGIL,0.8656024427078501
FIVRUA,EKUNON02,0.8645215135733211
FIVRUA,JUXZIN,0.8549703696893955
FIVRUA,QUQFOY,0.8448128119326059
FIVRUA,AWEJIW,0.8418264060083147
FIVRUA,FELXOM,0.8408625855579237
FIVRUA,XOGWUN,0.8397649496482716
CEHKUW,MITSEO,0.999999867963094
CEHKUW,PARKUQ,0.9996343060462868
CEHKUW,PARKUQ01,0.9996304027100938
CEHKUW,DUWBEE,0.945154542263595
CEHKUW,QUQFOY,0.9330113411967772
CEHKUW,AJIJEI,0.9193980774333032
CEHKUW,AJIJEI01,0.9193796585181752
CEHKUW,IJEYEC,0.8941890561121735
CEHKUW,NOLRIR,0.8788126213339185
CEHKUW,JUVROJ,0.877912288900917
CEHKUW,GIYTOY,0.8742233873557991
CEHKUW,YIKGEF,0.8738790332364186
CEHKUW,PENNAZ,0.8610422180438365
CEHKUW,CIKCOQ,0.8599035028461025
CEHKUW,LUWKIZ,0.8497797914385673
CEHKUW,OKOSUE,0.8461767660913742
CEHKUW,WEVVOL,0.8396731563249583
CEHKUW,NENHAQ,0.838279770922156
CEHKUW,DAPYAW,0.8377558125690541
MOHLIF,KUNLEL,0.9079149192243412
MOHLIF,NIWYID,0.906901631128973
MOHLIF,FUVBAB,0.9045499754472474
MOHLIF,PEJPEB,0.9040557904812156
MOHLIF,ACIBOE,0.9036980941480344
MOHLIF,NANYUX03,0.903506517281634
MOHLIF,UFAMEW,0.865138344310737
MOHLIF,ADATAC,0.8632948614989674
MOHLIF,YOZYUJ,0.8588624070419113
MOHLIF,QOPZIF,0.8424976515144266
AWEJIW,QEKLID01,0.9724378531712948
AWEJIW,QEKLID,0.9723483868576068
AWEJIW,NOLRIR,0.9539670027268828
AWEJIW,RUXWEM03,0.9270577549454272
AWEJIW,QUQFOY,0.9162648206627764
AWEJIW,DUWBEE,0.9040766128282578
AWEJIW,PIKYIU,0.8858192003351043
AWEJIW,OKOSUE,0.8786579784215287
AWEJIW,GOYLUB,0.8779620834192835
AWEJIW,KETHEY,0.8651781257736563
AWEJIW,YICRAF,0.8631947714554138
AWEJIW,IGUTUB01,0.8545054467412185
AWEJIW,MITSAK,0.8542525789189166
AWEJIW,PARKUQ01,0.8538366199197678
AWEJIW,PARKUQ,0.8538296101614311
AWEJIW,YEYRAY,0.8532841338282546
AWEJIW,ZASJAG,0.8529432702990518
AWEJIW,MITSEO,0.8521852471220395
AWEJIW,JIYSUI,0.8494520981301121
AWEJIW,XOGWUN,0.8493287120973435
AWEJIW,WEVVOL,0.8475995516217558
OJOQAF,ASUKEE01,0.9982044760614052
OJOQAF,LIRVAK,0.9967866387161678
OJOQAF,FUFVEJ,0.9967352703983008
OJOQAF,KIKRAA,0.9963310392939392
OJOQAF,RAGREY,0.9951041242204406
OJOQAF,PEKZIP,0.9945289325536684
OJOQAF,CUPHUS,0.9939996155200994
OJOQAF,HAJPEQ,0.8616994413131629
OJOQAF,WURNOO,0.8608219970792461
OJOQAF,RANLAV,0.8544454981748948
OJOQAF,XICKOL,0.8456302318174971
OJOQAF,IXAJUN,0.8434782163938812
RUBTAK05,UFOSEQ,0.9999999953829172
RUBTAK05,SURLEY,0.9999999919316056
RUBTAK05,RUBTAK03,0.9999999905444866
RUBTAK05,UFOSOA,0.9999999774996936
RUBTAK05,UVAHIK,0.9470053104699212
RUBTAK05,WIZMAV07,0.9469454677013815
RUBTAK05,WIZMAV09,0.946944473473832
RUBTAK05,WIZMAV11,0.9469429934596292
RUBTAK05,RUKDIM,0.907575619273668
RUBTAK05,HERHAQ,0.9066147868446408
RUBTAK05,GERBEN,0.9059148463886184
RUBTAK05,WUPTUY01,0.9049554912911656
RUBTAK05,WUPTUY,0.9045728853201644
RUBTAK05,GAYXEM,0.9031452292761928
RUBTAK05,BUNLAZ,0.8982348182028491
RUBTAK05,IZIBUQ,0.8904993114855421
RUBTAK05,VIKRUF,0.8779271736981771
RUBTAK05,DITJOH,0.8778607034129241
RUBTAK05,VIKRIT,0.8776532285777179
RUBTAK05,YEYCUC,0.8771508157008242
RUBTAK05,XIJVIY,0.8770396110525208
RUBTAK05,ESEBOV,0.8753334335504753
RUBTAK05,BOHWUS,0.8725178444953345
QIYDIN,QIYDIN01,0.9995827938251892
QIYDIN,QIYDAF01,0.9979908741283268
QIYDIN,FAGQAI,0.997457609604466
QIYDIN,BIHRUI,0.9764803710063658
QIYDIN,VUJBIM,0.8984862308760007
QIYDIN,MUDTEL,0.897821103313615
QIYDIN,YUGLES,0.8854945663779984
QIYDIN,NUTQAV,0.8853060947013804
QIYDIN,NUTQEZ,0.8852028119940973
QIYDIN,SEMNIJ,0.8850777454518686
QIYDIN,RUVKAV,0.8412912349709962
EXOGAB,LAYWOA,0.9458593733449924
EXOGAB,EPISOM,0.9327800972402388
EXOGAB,RUJMEQ,0.9240306648557952
EXOGAB,XICKOL,0.9177508306068892
EXOGAB,NIGDIS,0.9176427154251272
EXOGAB,BAZGAM,0.9159216982342544
EXOGAB,BAZFUF,0.9148640155312624
EXOGAB,NAFSOF,0.9141178631868988
EXOGAB,YIMQOD,0.911211054790525
EXOGAB,DOTSOV12,0.9079808089860198
EXOGAB,DOTSOV16,0.9079805863068904
EXOGAB,DOTSOV14,0.9079799669851112
EXOGAB,DOTSOV10,0.9079796243374832
EXOGAB,BODPAN,0.907782730286306
EXOGAB,UXISUR,0.9076881703910976
EXOGAB,FIQCEN,0.9076817269632864
EXOGAB,QOWRAV,0.907608880508973
EXOGAB,YOZNEI,0.9075925481566578
EXOGAB,QOWRAV11,0.907555629877542
EXOGAB,QOWRAV12,0.9075500262859412
EXOGAB,QOWRAV08,0.9075387865479142
EXOGAB,QOWRAV05,0.9074703013907792
EXOGAB,WULJUJ,0.9074652208246105
EXOGAB,QOWRAV04,0.9074604471733372
EXOGAB,NEHZUY,0.906865856147918
EXOGAB,QIZLOC,0.9053477194081346
EXOGAB,OHOMIH,0.9052247963270004
EXOGAB,YOZNOS,0.8979356070787968
EXOGAB,ENIHUG,0.8902885311293127
EXOGAB,HIDTUM,0.883713840190294
EXOGAB,KIRFOI,0.8756495706180979
EXOGAB,FALTUK,0.8601656840351085
EXOGAB,FAMPUH,0.8600981394377228
EXOGAB,WARXUL,0.8586581987825019
EXOGAB,IXAKAU,0.8580407521918455
EXOGAB,CEZYOY,0.855057044338384
EXOGAB,BABREE,0.8535105925888861
EXOGAB,DALSOA,0.8531939810192264
EXOGAB,HAYXIR,0.8530489440544287
EXOGAB,MUNDOQ,0.8521360639030742
EXOGAB,RAWYAS,0.8428792713596569
EXOGAB,CITXUZ,0.8427123167009777
IDIXAU,WORKUL,0.996863802077941
IDIXAU,DIRPOL,0.918398442195108
IDIXAU,EZINAE,0.9108159247416016
IDIXAU,FIJCUX01,0.884581970484776
IDIXAU,KOZNEU,0.8834259160835172
IDIXAU,IFABIA02,0.8820166934832719
IDIXAU,PEVQOY,0.8784469914016277
IDIXAU,VUSKEA,0.8780955162440848
IDIXAU,MIBQAR07,0.8779842652545359
IDIXAU,HOLRAD,0.8778681475487761
IDIXAU,NENHEU,0.871497047877698
IDIXAU,WIMWIA,0.862695900692265
IDIXAU,AQOROP,0.8533444943573497
IDIXAU,NANYUX03,0.849744707391456
IDIXAU,ACIBOE,0.8496921942721738
IDIXAU,FUVBAB,0.8493880705739421
IDIXAU,REGREC,0.848365406440282
IDIXAU,NIWYID,0.8475453517531222
IDIXAU,OFIXOR,0.8467042777996248
IDIXAU,IJEXIF01,0.8462653221202061
IDIXAU,JENKET,0.8426936401693307
IDIXAU,XOHNEO,0.8425725273146418
IDIXAU,KUNLEL,0.8390810539055439
IDAZAQ,FUQREQ,0.9981243327523466
LUDLED,FIQCEN,0.9999999622239149
LUDLED,UXISUR,0.9999998908789712
LUDLED,YOZNEI,0.9999964958982116
LUDLED,DIHVIB,0.9999948132776384
LUDLED,BODPAN,0.9999939910173056
LUDLED,DOTSOV15,0.9999419209317608
LUDLED,DOTSOV10,0.9999419207127525
LUDLED,DOTSOV14,0.9999418533462878
LUDLED,DOTSOV16,0.9999414709581768
LUDLED,DOTSOV12,0.9999414594360472
LUDLED,WULJUJ,0.9988843599473414
LUDLED,QIZLIW,0.9984613587278393
LUDLED,QIZLOC,0.9939544997533712
LUDLED,OHOMIH,0.9937814007659816
LUDLED,YOZNOS,0.9918055331504264
LUDLED,BABREE,0.9320893241745338
LUDLED,RAWYAS,0.9188768308479784
LUDLED,GERWEH,0.908229977368728
LUDLED,YUGLES,0.9079894090912336
LUDLED,NUTQAV,0.907802385807998
LUDLED,HOGLEV,0.907724985495841
LUDLED,NUTQEZ,0.90769975779733
LUDLED,OFOCUI,0.9076775578039395
LUDLED,MOCKEV,0.9074396162566576
LUDLED,XIJSUH,0.9074369073234064
LUDLED,ALIXUP,0.900205368398078
LUDLED,HUCBOX02,0.8972980961149255
LUDLED,HUCBOX01,0.8972411839725276
LUDLED,HUCBOX,0.8970005996880646
LUDLED,PAMQIF,0.8967888096629374
LUDLED,MOFGOE,0.8958527916908847
LUDLED,MOBDIR,0.8958498962589181
LUDLED,MUDTEL,0.8946949488065545
LUDLED,GIKMOD,0.8937635309473143
LUDLED,GIKMOD01,0.8930103877870044
LUDLED,VIXPUP01,0.8870783719489597
LUDLED,RUVKAV,0.8870200152197847
LUDLED,PAFZEE,0.8850760196665066
LUDLED,KANMIX,0.885062298804492
LUDLED,EMUBOF,0.884927716721595
LUDLED,WANJIF,0.8848663872663394
LUDLED,ADONEP,0.8844521961175273
LUDLED,EXAXAE,0.8820442979352404
LUDLED,DICKEH,0.8770487371078034
LUDLED,HIDTUM,0.8731902222192225
LUDLED,LAQNID,0.8690961687271167
LUDLED,HABQUY,0.8663851145921071
LUDLED,KIRFOI,0.865781120690853
LUDLED,TOVWAE,0.8608707796365729
LUDLED,OGEBAF,0.8586880863162638
LUDLED,IXAJUN,0.8574343077932598
LUDLED,IDUDIW,0.8564281346051902
LUDLED,NAPSUV,0.853523499469407
LUDLED,EPISOM,0.8525615737846701
LUDLED,ANUGEW,0.8524794847706021
LUDLED,WARXUL,0.8485657650027595
LUDLED,RUJMEQ,0.8463338593410943
LUDLED,BAZFUF,0.8398648621510659
LUDLED,BAZGAM,0.8378484776505236
CAQKAJ01,TAHYUZ,0.9542626557624168
CAQKAJ01,FAHQIR,0.9325541576508884
CAQKAJ01,ONOCUR,0.9048633663619866
CAQKAJ01,MOXDOT,0.8851215086993154
CAQKAJ01,MOXDOT01,0.8851096883101124
CAQKAJ01,EJINIV,0.8788542381977282
CAQKAJ01,DIBQIQ,0.8768880129981601
CAQKAJ01,DIBQOW,0.8760949729197276
CAQKAJ01,MIHJUL,0.8758445846352567
CAQKAJ01,BUKLOJ,0.8651057989029419
CAQKAJ01,FIQDER,0.8595793950713316
CAQKAJ01,DIBQEM,0.859251070423429
CAQKAJ01,YIRSUQ,0.8589769012785443
CAQKAJ01,FISQEG,0.8556370609632
CAQKAJ01,ESEQUO,0.8536129379632814
CAQKAJ01,XUDVAV,0.8496548057322468
CAQKAJ01,HABZEQ,0.8407939978276092
CAQKAJ01,XUZRIU,0.8386132102380546
XEVSIB01,XEVSIB,0.999999344460366
XEVSIB01,XUYYEW,0.9095945427497268
XEVSIB01,EJINIV,0.9089355692358284
XEVSIB01,EJINIV01,0.9089110580613392
XEVSIB01,YIPFIO,0.8990926899438003
XEVSIB01,VULFOZ,0.8747149163779435
XEVSIB01,ONOCUR,0.8746099342121656
XEVSIB01,IGAHED03,0.8642105608084607
XEVSIB01,UGECEO01,0.8639177046709322
XEVSIB01,OCACUR,0.8638358989989181
XEVSIB01,BUKLOJ,0.8637054504433309
XEVSIB01,IGAHED01,0.8636504063713794
XEVSIB01,IGAHED02,0.8633159476504189
XEVSIB01,IGAHED,0.8632650496096995
XEVSIB01,XIHSEN,0.8608032482977632
XEVSIB01,XIHSAJ01,0.8606281696265685
XEVSIB01,XIHSEN01,0.8606204576748995
XEVSIB01,VOSSUT,0.8505996947645783
XEVSIB01,YIRSUQ,0.8460891181498043
XEVSIB01,FILYEG,0.8415068820940743
XEVSIB01,DAFHEZ,0.8400781524815024
XEVSIB01,HALVEY,0.8380855658166739
NIGPEA,AXINIF,0.9999947900534744
NIGPEA,MIHJUL,0.99986710194595
NIGPEA,DIBQIQ,0.9995281977453496
NIGPEA,DIBQEM,0.9765377738045712
NIGPEA,MOXDOT,0.9551780441844824
NIGPEA,MOXDOT01,0.9551497376877626
NIGPEA,FISQEG,0.9438347187808036
NIGPEA,XUDVAV,0.9360136011038018
NIGPEA,BEPRIZ,0.9145927006096662
NIGPEA,NOMPIQ01,0.913330229955968
NIGPEA,CIKPEU,0.913194434959828
NIGPEA,BUKLOJ,0.9009822497599734
NIGPEA,ESEQUO,0.887276288219431
NIGPEA,XAFFIV,0.885753174289448
NIGPEA,VACKUI,0.8857502864047822
NIGPEA,ERUNUC,0.8849376792211705
NIGPEA,JODGIU,0.8840352266725985
NIGPEA,DIDBEZ,0.8838802324015963
NIGPEA,CAXZOS,0.8830752781318226
NIGPEA,AGAFAS,0.8787298399632999
NIGPEA,FEXCES,0.8771083713216307
NIGPEA,FEXCAO01,0.8715107526190725
NIGPEA,CAQJOW,0.8695586622809072
NIGPEA,XALMOO,0.8690935118343466
NIGPEA,FEVDER,0.8661098935855036
NIGPEA,AZIHOI,0.8649496726525222
NIGPEA,KESFOG,0.864881952927922
NIGPEA,DIQHAO01,0.8619991322802921
NIGPEA,FEYJOJ,0.859144084325075
NIGPEA,NIDFOX,0.857299993873148
NIGPEA,QIQTOB,0.8551014638765462
NIGPEA,RUYGAV,0.8533537879565916
NIGPEA,SIDXOV,0.8523255815136683
NIGPEA,BELTUJ,0.8485680355405429
NIGPEA,ONOCUR,0.8480406733386274
NIGPEA,CANYIB,0.8439734412168162
NIGPEA,BAKJEE,0.843655453273749
NIGPEA,BAKJOO,0.843303596973213
NIGPEA,XUBKOU,0.8427263756573917
NIGPEA,CIPLIX,0.8401988765565779
NIGPEA,XAPSIS,0.8400533042121057
NIGPEA,TIDNIF,0.8397960675871546
NIGPEA,LUWZUZ01,0.8379244768025467
AXINIF,MIHJUL,0.9999143570381755
AXINIF,DIBQIQ,0.999424201748928
AXINIF,MOXDOT,0.955011660845579
AXINIF,MOXDOT01,0.9549815554682102
AXINIF,FISQEG,0.9435376111635244
AXINIF,BEPRIZ,0.9143362057770288
AXINIF,NOMPIQ01,0.9130239323816188
AXINIF,NOMPIQ,0.9129327434913777
AXINIF,CIKPEU,0.9128833132930332
AXINIF,BUKLOJ,0.9005920260587725
AXINIF,VACKUI,0.8857321282906774
AXINIF,ERUNOW,0.885470782348729
AXINIF,JODGIU,0.8838719201857973
AXINIF,DIDBOJ,0.883395766817987
AXINIF,AGAFAS,0.8784279914260515
AXINIF,SEQSOY,0.8771189921313103
AXINIF,FEXCES,0.8770853629998756
AXINIF,TAHYUZ,0.8753171298367841
AXINIF,YATDOP,0.8713695639826794
AXINIF,XALMOO,0.8688422603617485
AXINIF,FEVDER,0.8658780915285251
AXINIF,KESFOG,0.8649510030654323
AXINIF,AZIHOI,0.864670796084038
AXINIF,FEYJOJ,0.8587883822892505
AXINIF,NIDFOX,0.8567509442267083
AXINIF,FAHQIR,0.8553144203798155
AXINIF,BELTUJ,0.8483182850939635
AXINIF,ONOCUR,0.8475272754635361
AXINIF,BAKJOO,0.8431757501603336
AXINIF,XUBKOU,0.8426462212824282
AXINIF,CIPLIX,0.8401809117716842
AXINIF,XAPSIS,0.8399919062832222
AXINIF,TIDNIF,0.8396101359402457
IRELIC,PIHJIB,0.8527996579702009
IRELIC,JUYJIY,0.8509232875869038
IRELIC,FELXOM,0.8410820455617427
IRELIC,FONKEA,0.8401096800496418
UFAMEW,KUNLEL,0.9469857668820288
UFAMEW,IJEXIF01,0.9464080451030584
UFAMEW,NIWYID,0.9456263095551258
UFAMEW,REGREC,0.94483209215536
UFAMEW,FUVBAB,0.9431240506004664
UFAMEW,ACIBOE,0.942230445563644
UFAMEW,NANYUX03,0.9420305042090776
UFAMEW,NUFBOH,0.8942304294184972
UFAMEW,DOYHOQ,0.8938765454300226
UFAMEW,DOYHIK,0.8871336042681222
UFAMEW,JAYXAL,0.876990310531816
UFAMEW,YOGKOW,0.8764527316220572
UFAMEW,QOPZIF,0.8750869872377172
UFAMEW,GUGNON,0.8609721517329642
UFAMEW,EGIKUB01,0.8547113580672587
UFAMEW,DUNXUH13,0.8523537998990968
UFAMEW,DUNXUH,0.8521919478257809
UFAMEW,REFVEF,0.8462810483958652
UFAMEW,NAHGUB,0.845801458553826
UFAMEW,BOWJAA,0.8450023322566537
UFAMEW,BUKMUQ01,0.8391651367122779
AZAVUU,ZAZBUZ,0.9161986160812304
AZAVUU,KIJRUS,0.899458549779955
AZAVUU,NAFSOF,0.8980812753003267
AZAVUU,BAZFUF,0.8970087758026656
AZAVUU,QOWRAV11,0.8886934435008738
AZAVUU,QOWRAV12,0.8886872882866601
AZAVUU,QOWRAV08,0.8886749672539382
AZAVUU,QOWRAV07,0.8886557170530208
AZAVUU,QOWRAV05,0.8885998254709289
AZAVUU,LAYWOA,0.8778783790648077
AZAVUU,KAGJOS,0.8703139140707489
AZAVUU,SIXNEV,0.8460794200401325
AZAVUU,SIXNOF,0.8460643757184667
AZAVUU,SIXNIZ,0.8459259911023603
AZAVUU,ASIVAB,0.8458924754493902
AZAVUU,SUKYIH,0.8424965057280364
AZAVUU,XOPLOE,0.8422599913004867
AZAVUU,YEKYAQ,0.8412694917722665
AZAVUU,PARNON,0.8411566766625336
AZAVUU,PARNIH,0.8408145045664326
AZAVUU,YEKXUJ,0.8404872739647332
AZAVUU,XEBHOC,0.8399520894194545
AZAVUU,RUJMEQ,0.8384922985262238
AZAVUU,MUNDOQ,0.8383429466308009
AZAVUU,HAYXIR,0.8381243594558183
BOWJAA,KEFBOO,0.8912842671051087
BOWJAA,NIWYID,0.8872771142012882
BOWJAA,IJEXIF01,0.8872001921921306
BOWJAA,FUVBAB,0.8865726146981311
BOWJAA,PEJPEB,0.8863412710964221
BOWJAA,NANYUX03,0.8860756313938654
BOWJAA,KUNLEL,0.88455033063798
BOWJAA,YOZYUJ,0.8443466565307819
PEVQOY,PERROW,0.9081755534504652
PEVQOY,VUSKEA,0.999995398655508
PEVQOY,MIBQAR07,0.9999914832938224
PEVQOY,HOLRAD,0.9999877146409304
PEVQOY,IFABIA02,0.9991258144204866
PEVQOY,REDROI,0.9989947091432788
PEVQOY,FIJCUX01,0.9964855178185344
PEVQOY,BOLPAU,0.9070132169195024
PEVQOY,YOCGAZ,0.9067767778046396
PEVQOY,HUTZAX01,0.9062334745114122
PEVQOY,DAWCIP,0.9054035014410536
PEVQOY,GUGNON,0.9050997978776604
PEVQOY,JENKET,0.9041401528756124
PEVQOY,CESQUP,0.8973501943161155
PEVQOY,PICCUC,0.897156741791431
PEVQOY,GOSDUP,0.8956771986496812
PEVQOY,ACODIH,0.8950985362816677
PEVQOY,QEDZEG,0.8915446331355334
PEVQOY,RUYGOJ,0.8906063575567974
PEVQOY,QAQSAD,0.8826138598806506
PEVQOY,NAWXER,0.882267234868738
PEVQOY,DUPKAC,0.8779595022695579
PEVQOY,XOQXIL,0.8761459516749472
PEVQOY,XAFFER,0.8751686858708835
PEVQOY,IJEXIF01,0.8746062404624748
PEVQOY,KUNLEL,0.8744417590429248
PEVQOY,REGREC,0.8733779962362929
PEVQOY,PEJPEB,0.8714742198625852
PEVQOY,ACIBOE,0.8711453475943894
PEVQOY,ZARLEL,0.8710240526494507
PEVQOY,NANYUX03,0.870968905792547
PEVQOY,GADROU,0.8682767262242229
PEVQOY,SAVMAE,0.8642129012718476
PEVQOY,KAHMOW,0.8631247680624592
PEVQOY,YICQOS,0.8611137385692262
PEVQOY,HAZYUE,0.8610228120273049
PEVQOY,EGIKUB01,0.8607496461582512
PEVQOY,HIFGIO,0.8546378803056096
PEVQOY,SOSQIC01,0.854569927792369
PEVQOY,GAWMOJ,0.85209696865608
PEVQOY,PURJAO,0.8520583281840527
PEVQOY,IGINIX,0.8444208076677922
PEVQOY,LEBQUH,0.8392793740948994
PEVQOY,VURMOL,0.8382382203188231
REGREC,GERWIL,0.90818968291156
REGREC,FUVBAB,0.9997686109159358
REGREC,PEJPEB,0.9996332598874584
REGREC,IJEXIF01,0.999581902452502
REGREC,NANYUX03,0.9994579074648844
REGREC,KUNLEL,0.9959263522168604
REGREC,YOZYUJ,0.9460744735287772
REGREC,QOPZIF,0.9195250619481984
REGREC,EXOXUL,0.9118012236128744
REGREC,FUDGIW,0.9081808950178624
REGREC,KEFBOO,0.9026881284325814
REGREC,DUNXUH,0.897290397833592
REGREC,APACAX,0.8779542092601641
REGREC,NUFBEX,0.8774222400376904
REGREC,DOYHIK,0.8766229312834708
REGREC,KOZNEU,0.8749995719275352
REGREC,VEGMOK04,0.8749814459651595
REGREC,FIJCUX01,0.8746369177615111
REGREC,MIBQAR07,0.8731434377815851
REGREC,HOLRAD,0.8730839987546444
REGREC,SOWCOY01,0.8609964654578254
REGREC,YOGKOW,0.8603467956933376
REGREC,WEHHIC,0.8535527763627043
REGREC,WEHJAW,0.8531820542259769
REGREC,WEHHOI,0.8531669484197888
REGREC,QAQSAD,0.8499816322881841
REGREC,WORKUL,0.8498524867737024
REGREC,EZINAE,0.8464032318393047
REGREC,CIJLIT,0.8463683703088034
REGREC,HIQNUS,0.8462028064385871
REGREC,HIQNOM,0.8457396512910202
REGREC,REYCEF,0.8455674987998426
REGREC,REYCUV,0.842733421070064
REGREC,JAYXAL,0.8396665670557947
REGREC,JENKET,0.8396364723592349
IGINIX,FIJCUX01,0.846268936853402
IGINIX,VUSKEA,0.8442225733527772
IGINIX,MIBQAR07,0.8441592715673617
MACHIJ,OFORUZ,0.8456043119963441
MACHIJ,SOSQIC01,0.8652923529507587
MACHIJ,XOHNEO,0.8651938880020784
MACHIJ,HOLRAD,0.8446519633538514
MACHIJ,VUSKEA,0.844534615591813
MACHIJ,REDROI,0.8404393348243292
MACHIJ,KOZNEU,0.8389216806769794
MACHIJ,WORKUL,0.8388957037301658
EGIKUB01,WIMWIA,0.9984034283266944
EGIKUB01,IJEXIF01,0.8967781458545906
EGIKUB01,PEJPEB,0.8943207555752547
EGIKUB01,NANYUX03,0.8938898967317072
EGIKUB01,WORKUL,0.8634924857926259
EGIKUB01,QAQSAD,0.8620989586355987
EGIKUB01,VUSKEA,0.8607084790062166
EGIKUB01,MIBQAR07,0.8607003975312868
EGIKUB01,HOLRAD,0.8606768341485762
EGIKUB01,REDROI,0.8603037696490001
EGIKUB01,VEGMOK04,0.8600691564338905
EGIKUB01,ADUWIH,0.8598364887353923
EGIKUB01,DUPKAC,0.8545423350854606
EGIKUB01,PASGIB02,0.8529204589161131
EGIKUB01,PASGEX04,0.852827310420006
EGIKUB01,YOGKOW,0.8388077070843417
HOGLEV,ALIXUP,0.9955184536889868
HOGLEV,DOTSOV16,0.908016395244547
HOGLEV,DOTSOV12,0.908016392651422
HOGLEV,DOTSOV14,0.9080156066273042
HOGLEV,DOTSOV10,0.9080154975791184
HOGLEV,QIZLIW,0.9079804983865168
HOGLEV,YOZNEI,0.9076466565231804
HOGLEV,DIHVIB,0.9076156694816608
HOGLEV,DOTSOV02,0.9073966228434532
HOGLEV,NEHZOS,0.9068389850094964
HOGLEV,NEHZUY,0.9067849998488527
HOGLEV,OHOMIH,0.9051026858830212
HOGLEV,YOZNOS,0.8978850376554625
HOGLEV,YUSWEP,0.8582519502628495
HOGLEV,BABREE,0.8534968746333765
HOGLEV,DALSOA,0.8532350138234844
HOGLEV,EXOYAS,0.8429868153893588
HOGLEV,CITXUZ,0.8426762599533629
HOGLEV,IWEVAJ,0.8413620344198754
JUXZIN,FELXOM,0.94957969010692
JUXZIN,FONKEA,0.9347726370861232
JUXZIN,FONQAC,0.929897982604282
JUXZIN,JUYJIY,0.922205947141859
JUXZIN,RUXWEM03,0.8839370653394623
JUXZIN,XOGWUN,0.8838736000848074
JUXZIN,QEKLID01,0.857360711969715
JUXZIN,QEKLID,0.8573395109687307
JUXZIN,PIKYIU,0.8485481830597044
JUXZIN,EKUNON02,0.8410102981770209
JUXZIN,EKUNON01,0.8408600248836
JUXZIN,ULOGIL,0.8400015946574056
KAFTUI,XEGXIT,0.995858635239328
MUGQAI,RANLAV,0.985671580345124
MUGQAI,KIKRAA,0.8458570469152703
MUGQAI,FUFVEJ,0.8458441247840665
MUGQAI,RAGREY,0.8457709266841016
MUGQAI,PEKZIP,0.845680066113369
MUGQAI,CUPHUS,0.8455716658070394
MUGQAI,OJOQAF02,0.842448506851601
MUGQAI,QOMRUH,0.8423780472863882
MUGQAI,QOMSAO,0.8423750269124026
MUGQAI,JAXNUU,0.8423528762662901
MUGQAI,QONKOV,0.842296499819278
MUGQAI,QOMSES,0.842227427761766
MUGQAI,QONLIQ,0.842187203944329
MUGQAI,QONKUB,0.8420926832038624
MUGQAI,PEBNER,0.8407506118045851
MUGQAI,JAVNIE,0.8401003083037386
MUGQAI,BUZKUE,0.84001328761224
MUGQAI,HOSPEL,0.8383737999063575
SURLEY,RUBTAK03,0.999999999945007
SURLEY,SURHEU02,0.9999999998055408
SURLEY,UFOSOA,0.99999999637869
SURLEY,WIZMAV07,0.9469425187574828
SURLEY,WIZMAV,0.9469411293420232
SURLEY,WIZMAV11,0.9469400309852934
SURLEY,ERARUM,0.946909809242334
SURLEY,OFOJAX,0.9096921475745005
SURLEY,GERBEN,0.9059061806311964
SURLEY,OXOLAP,0.9045886516203848
SURLEY,GAYXEM,0.9031324537314932
SURLEY,BUNLAZ,0.8982170144522844
SURLEY,BUNKUS,0.8974657275282699
SURLEY,IZIBUQ,0.8904845262673089
SURLEY,VIKSIU,0.8779371977716004
SURLEY,DITJOH,0.8778588655319431
SURLEY,VIKRIT,0.8776563888630364
SURLEY,YEYCUC,0.8771559278273625
SURLEY,XIJVIY,0.8770450612710732
SURLEY,ESEBOV,0.875324235017162
SURLEY,BOHWUS,0.8725089084420004
SURLEY,HERHUK,0.8573094047072848
DOTSOV16,DOTSOV10,0.9999999991325484
DOTSOV16,DOTSOV15,0.9999999991316978
DOTSOV16,DOTSOV11,0.99999999669427
DOTSOV16,DOTSOV14,0.999999988889292
DOTSOV16,BODPAN,0.9999722478220762
DOTSOV16,UXISUR,0.9999464159690488
DOTSOV16,YOZNEI,0.999912913093854
DOTSOV16,DIHVIB,0.9999014412192904
DOTSOV16,NEHZOS,0.9972186615354124
DOTSOV16,NEHZUY,0.9971431291757228
DOTSOV16,OHOMIH,0.99492323363487
DOTSOV16,YOZNOS,0.99119112205696
DOTSOV16,BABREE,0.9324955001051902
DOTSOV16,ORAWAH,0.9316891305621116
DOTSOV16,RAWYAS,0.9193495304304474
DOTSOV16,CITXUZ,0.918986340734927
DOTSOV16,IWEVAJ,0.9187164075894226
DOTSOV16,GERWEH,0.9081087699807976
DOTSOV16,YUGLES,0.9076848320419924
DOTSOV16,OFOCUI,0.9073608445759814
DOTSOV16,MOCKEV,0.9069538984586744
DOTSOV16,XIJSUH,0.9069431073415328
DOTSOV16,ALIXUP,0.9015097769303768
DOTSOV16,PIDRAY,0.9011516307505072
DOTSOV16,HUCBOX01,0.8973492100502894
DOTSOV16,HUCBOX,0.8971021366291474
DOTSOV16,MOBDIR,0.8962934911946068
DOTSOV16,VUJBIM,0.8946169150678958
DOTSOV16,GIKMOD01,0.8939574721793222
DOTSOV16,VIXPUP01,0.8872467520445656
DOTSOV16,RUVKAV,0.8872167272813127
DOTSOV16,VIXPUP,0.886960030971178
DOTSOV16,PAFZEE,0.8850327798462765
DOTSOV16,KANMIX,0.8849459146291061
DOTSOV16,XEDMEB,0.8849358104140759
DOTSOV16,WANJIF,0.8849301369806917
DOTSOV16,ADONEP,0.8846758435078442
DOTSOV16,APUPEH,0.8828812658503091
DOTSOV16,LAQNID,0.8692419459736804
DOTSOV16,IWEQAD,0.8611557505379914
DOTSOV16,NIGDIS,0.8611190611687844
DOTSOV16,XICKOL,0.8608883325361345
DOTSOV16,TOVWAE,0.8605533160773097
DOTSOV16,OGEBAF,0.8593852787071583
DOTSOV16,FAMQAO,0.8534613052323137
DOTSOV16,FALTUK,0.8534591775925433
DOTSOV16,FAMPUH,0.8534329538958352
DOTSOV16,NAPSUV,0.8533813311657845
DOTSOV16,ANUGEW,0.8531912827490056
DOTSOV16,WARXUL,0.8495835260021958
DOTSOV16,RUJMEQ,0.8464089838163601
DOTSOV16,LUKLIN,0.8399608878995674
DOTSOV16,BAZFUF,0.8395235495757333
DOTSOV16,BAZGAM,0.8384743851536398
SURHEU02,UFOSOA,0.9999999978625488
SURHEU02,UVAHIK,0.9470023051361028
SURHEU02,WIZMAV12,0.9469526230988848
SURHEU02,WIZMAV07,0.94694205949991
SURHEU02,WIZMAV09,0.9469410589826934
SURHEU02,WIZMAV,0.9469406689101116
SURHEU02,WIZMAV08,0.9469380928210566
SURHEU02,WIZMAV06,0.9469354328207756
SURHEU02,ERARUM,0.9469093230928308
SURHEU02,ERANAO,0.93677275456825
SURHEU02,OFOJAX,0.9096893340727236
SURHEU02,RUKDIM,0.907570229465818
SURHEU02,HERHAQ,0.9066064018795792
SURHEU02,WUPTUY01,0.9049436107976324
SURHEU02,WUPTUY,0.9045603390244707
SURHEU02,BUNKUS,0.8974628627064811
SURHEU02,VIKRUF,0.8779284303054011
SURHEU02,DITJOH,0.8778585787593318
SURHEU02,VIKRIT,0.8776568780345883
SURHEU02,YEYCUC,0.877156720014629
SURHEU02,ESEBOV,0.8753228055517008
SURHEU02,BOHWUS,0.8725075197223268
SURHEU02,HERHUK,0.8573076868259102
KEDWOI,UFIYIR,0.9999514635042134
KEDWOI,GOCTID,0.9992898799997136
AJIJEI01,FUMJAA,0.9200605202105134
AJIJEI01,KUJMIN,0.9200072781548856
AJIJEI01,YEYRAY,0.9198710835431786
AJIJEI01,MITSEO,0.919398483684944
AJIJEI01,DUWBEE,0.8753784234484269
AJIJEI01,KULMIP,0.860547929968605
AJIJEI01,GERWOR,0.8409717987219214
YIKGEF,GIYTOY,0.9995708473925512
YIKGEF,MITSEO,0.8738654804734836
YIKGEF,MITSUE,0.8722335991967777
YIKGEF,FUMJAA,0.871726695218238
YIKGEF,KUJMIN,0.8713209171820245
YIKGEF,FODGUB01,0.8513471306190703
YIKGEF,FODGUB02,0.8505548933335845
NIDFOX,XALMOO,0.9954301428503388
NIDFOX,YATDOP,0.9903664827897788
NIDFOX,CAXZOS,0.9199551384796864
NIDFOX,DIDBOJ,0.9187094255575352
NIDFOX,DIDBEZ,0.9178944343078994
NIDFOX,DIDBID,0.9178492337320732
NIDFOX,JODGIU,0.9178201219668056
NIDFOX,ERUNUC,0.9168203183996912
NIDFOX,ERUNOW,0.9140545056399922
NIDFOX,SIDXOV,0.887161740417255
NIDFOX,AZIHOI,0.8834322571505844
NIDFOX,FEVDER,0.8820353333120687
NIDFOX,DIBQEM,0.8709852825853347
NIDFOX,CANYIB,0.8705942324267397
NIDFOX,YIGGEB,0.8594325120062124
NIDFOX,LASMAV,0.8582711674625971
NIDFOX,ERUNIQ,0.8578013980709354
NIDFOX,EXUXEC,0.8548897191488256
NIDFOX,BOWDIC,0.8541897978645431
NIDFOX,YODRAM,0.853979138365886
NIDFOX,BOWDUO,0.8539752380240532
NIDFOX,VEDFIV,0.8531887997494928
NIDFOX,VEDGIW,0.852946629702549
NIDFOX,VEDGES,0.8528637067180606
NIDFOX,XUDVAV,0.8527961561140537
NIDFOX,CEYPUT,0.8522345874224944
NIDFOX,MOXDOT01,0.8522174875308489
NIDFOX,MOXDOT,0.852149558970748
NIDFOX,FISQEG,0.8496504257193611
NIDFOX,ABAVUV,0.8466572837436777
NIDFOX,XEVXUT,0.8457626162024275
NIDFOX,CIKPEU,0.8455296298930151
NIDFOX,NOMPIQ,0.8454908450601492
NIDFOX,NOMPIQ01,0.8454189749943405
NIDFOX,BEPRIZ,0.8440990163114275
NIDFOX,FUMJAZ01,0.8435740566938503
NIDFOX,FUMJAZ,0.8435267757928409
DOTSOV18,DOTSOV09,0.999999999716022
PARKUQ01,PUNDUY,0.9999364095982536
PARKUQ01,FUMJAA,0.9998519011724604
PARKUQ01,KUJMIN,0.999741441001202
PARKUQ01,MITSEO,0.9996440905124808
PARKUQ01,QUQFOY,0.9325988512635058
PARKUQ01,AJIJEI,0.9200347259307192
PARKUQ01,VIDVUB,0.9077566278422318
PARKUQ01,MICJOA,0.907740688543314
PARKUQ01,FIJDEI,0.8968165811675963
PARKUQ01,QEKLID01,0.8870357481706608
PARKUQ01,JUVROJ,0.8778202589738113
PARKUQ01,GIZNOT,0.8739162043346911
PARKUQ01,GOYLUB,0.8711082652455973
PARKUQ01,PENNAZ,0.8610854508978355
PARKUQ01,CIKCOQ,0.8581872254627473
PARKUQ01,DAKVIW,0.8530554097786405
PARKUQ01,LUWKIZ,0.8487587614808957
PARKUQ01,OKOSUE,0.8463945085490431
PARKUQ01,WEVVOL,0.8391823960268191
CIFSAO,FOSTIS,0.9999940683191396
CIFSAO,CIFSES,0.9999915336754136
CIFSAO,FOSTOY,0.9999753628281732
CIFSAO,UNIDAY,0.999956332304104
CIFSAO,CIFSIW,0.9999453376070014
CIFSAO,NEDLOZ,0.9997094487256616
CIFSAO,GIWMAD,0.9983626658270536
CIFSAO,FAHQEM,0.9563343126497847
CIFSAO,GALHUY,0.9556423950647294
CIFSAO,FIFGEI,0.9540881755691192
CIFSAO,IYUHUG,0.9539097451304122
CIFSAO,WAQFAX,0.9537930313058672
CIFSAO,MAYJOM,0.9041792242561464
CIFSAO,VACFOV01,0.9035710687687372
CIFSAO,VIFPUY02,0.903328851819851
CIFSAO,VIFPUY03,0.9033108776839988
CIFSAO,TONKEN,0.8620926895635749
CIFSAO,OTEGOL01,0.8603140400280063
CIFSAO,OWIHUZ,0.8603090213741819
CIFSAO,HIHNUJ,0.8602242071605855
CIFSAO,LEPTUY,0.8511140709879281
CIFSAO,TIRFOQ,0.8429448262872921
CIFSAO,IYUHIU,0.8391312723424458
CIFSAO,CUFDUD,0.8389096245708062
VANHEA,GUGNON,0.8465893540115634
VANHEA,JENKET,0.8455731949136471
VANHEA,DUPKAC,0.8444036801412365
YOGKOW,YOZYUJ,0.8730034483649587
YOGKOW,REBVIG,0.8676808845144506
YOGKOW,IDOJUJ,0.8636210721035068
YOGKOW,IJEXIF01,0.8610928240251597
YOGKOW,NIWYID,0.8607774219210481
YOGKOW,KUNLEL,0.8599032872959725
YOGKOW,FUVBAB,0.8592526238303724
YOGKOW,ACIBOE,0.8586268395639776
YOGKOW,NANYUX03,0.8584837237092326
YOGKOW,MUWRUT,0.8382618341702389
KAKTIA,POFDEV,0.9999789302372324
KAKTIA,POFDIZ,0.9998995128574402
KAKTIA,UFUNAK,0.999810055856211
KAKTIA,AHEMEG,0.9997756937747508
KAKTIA,EGOZAB,0.9995014483797204
KAKTIA,POFDOF,0.9995001193300016
KAKTIA,BAHGUN04,0.9993175773145448
KAKTIA,UFUMUD,0.9991040212694166
KAKTIA,QERZUI01,0.9990065675978256
KAKTIA,NELCEN,0.9988914162379134
KAKTIA,UFUNIS,0.9984812407596584
KAKTIA,NIHDEQ,0.9983353589016648
KAKTIA,QIWQES,0.9962279352695788
KAKTIA,IXAJUN,0.8787276510743108
KAKTIA,NAPSUV,0.8691653808723646
KAKTIA,IDUSIM,0.8656070522701893
KAKTIA,UNACIW,0.8654511988491995
KAKTIA,IDUSIM02,0.865426565455269
KAKTIA,UNABUH01,0.8654194817645438
KAKTIA,UNABUH,0.8654149224612113
KAKTIA,IDUTAF,0.8653442211010826
KAKTIA,HOYKUD,0.855544084786505
KAKTIA,QESBAR,0.8439025770495512
KAKTIA,DEGSIS01,0.8436312585469143
KAKTIA,ENITAX,0.8428919401199282
ABEMIF,QIZLIW,0.99990405250713
NAPSUV,XICKOL,0.9886011390591534
NAPSUV,KAGJOS,0.9206128116570256
NAPSUV,CEZYOY,0.9200741267839928
NAPSUV,YIMQOD,0.8987183836078709
NAPSUV,LAQNID,0.8913205726257245
NAPSUV,EDOSOI,0.8893028491063217
NAPSUV,LAYWOA,0.8822750396560625
NAPSUV,EPISOM,0.8736830585651216
NAPSUV,QIWQES,0.8710592646414544
NAPSUV,POFFAT,0.8708162194603408
NAPSUV,KAKTIA01,0.8690556393039524
NAPSUV,UFUNAK,0.8683512823889157
NAPSUV,RUJMEQ,0.8672217750537373
NAPSUV,UFUMUD01,0.8671902994326848
NAPSUV,EGOZAB,0.8670928156146677
NAPSUV,UFUMUD02,0.8669244816037784
NAPSUV,BAHGUN,0.8667354320666871
NAPSUV,BAHGUN04,0.8664757276238221
NAPSUV,KIRFOI,0.8657481917513682
NAPSUV,UFUMUD,0.8655394815751121
NAPSUV,ECODIK,0.8651608164333254
NAPSUV,UFUNIS,0.8643538004698292
NAPSUV,NIGDIS,0.8614190340351864
NAPSUV,BAZFUF,0.8606741745633577
NAPSUV,BAZGAM,0.8579677411072903
NAPSUV,KIJRUS,0.8569315947372956
NAPSUV,QOWRAV,0.8564983876346755
NAPSUV,QOWRAV11,0.8564612998017519
NAPSUV,QOWRAV12,0.8564573943577176
NAPSUV,QOWRAV08,0.8564495580729719
NAPSUV,QOWRAV07,0.8564373239417966
NAPSUV,QOWRAV05,0.8564017670358823
NAPSUV,IDUDIW,0.856277894864659
NAPSUV,DIHVIB,0.8535432152451188
NAPSUV,UXISUR,0.8535197784163598
NAPSUV,XAMDUM01,0.8535165591611101
NAPSUV,BODPAN,0.8534912185007679
NAPSUV,DOTSOV11,0.8533828359544704
NAPSUV,DOTSOV15,0.8533821032090112
NAPSUV,DOTSOV10,0.8533821028319548
NAPSUV,DOTSOV14,0.8533819979627244
NAPSUV,DOTSOV12,0.8533813221479736
NAPSUV,WULJUJ,0.8522168225349294
NAPSUV,QIZLIW,0.8515568049460325
NAPSUV,HAYXIR,0.8469610272692167
NAPSUV,YOZNOS,0.8457312977982101
NAPSUV,IDUSIM,0.8413654105629378
NAPSUV,IDUSIM01,0.8411993458005753
NAPSUV,UNACIW,0.8409955376200245
NAPSUV,IDUSIM02,0.8409649257072822
NAPSUV,IDUTIN,0.8406940965799956
NAPSUV,IDUTEJ,0.8406266490092131
NAPSUV,OJOQAF02,0.8378451361583134
REQDEX,ALUJUN,0.9981693395585302
REQDEX,SAQQOR,0.944274362229664
REQDEX,REDMUL,0.8758444683325075
REQDEX,BEVSUR,0.8749432677214959
REQDEX,NADZID,0.8726475272289336
REQDEX,ELIJUF,0.8605754482103329
QIWQES,NELCEN,0.999150169673714
QIWQES,POFFAT,0.9985728846063364
QIWQES,VOJPUG01,0.9975238054304654
QIWQES,AHEMEG,0.997473786022238
QIWQES,POFDEV,0.996667350396106
QIWQES,KAKTIA01,0.996099021476982
QIWQES,MURREW,0.9958482518351118
QIWQES,POFDIZ,0.9949078014876306
QIWQES,EGOZAB,0.9935226290227172
QIWQES,BAHGUN04,0.9927666817703747
QIWQES,QERZUI01,0.991690141924529
QIWQES,ECODIK,0.9911787532877088
QIWQES,UFUNIS,0.9902261877918928
QIWQES,NIHDEQ,0.990004463137328
QIWQES,ICAGOK,0.9214669106136996
QIWQES,WURNOO,0.9190040720910414
QIWQES,XICKOL,0.8772516921135519
QIWQES,IDUSIM,0.8582495497842416
QIWQES,IDUSIM01,0.85805262401524
QIWQES,UNACES,0.8579237590613887
QIWQES,UNACIW,0.8578066466912312
QIWQES,IDUTAF,0.85750040921273
QIWQES,IDUTIN,0.8574461806107259
QIWQES,QESBAR,0.8402049920414983
QIWQES,ENITAX,0.8394463618401746
QIWQES,DEGSIS01,0.8378869106666834
DIBQOW,MIHJUL,0.9999828408252992
DIBQOW,DIBQEM,0.9742793412566846
DIBQOW,MOXDOT,0.9546005874715316
DIBQOW,MOXDOT01,0.9545664463445992
DIBQOW,XUDVAV,0.9343645313042338
DIBQOW,BEPRIZ,0.9137167237843752
DIBQOW,NOMPIQ01,0.9122987217633464
DIBQOW,BUKLOJ,0.8996792487385958
DIBQOW,XAFFIV,0.8857323001972335
DIBQOW,VACKUI,0.8856537115139618
DIBQOW,ERUNOW,0.8852714422925595
DIBQOW,ESEQUO,0.8852197353459819
DIBQOW,ERUNUC,0.8844604544292218
DIBQOW,DIDBEZ,0.8832788958656295
DIBQOW,DIDBOJ,0.8829148143244391
DIBQOW,CAXZOS,0.8822991519309408
DIBQOW,TAHYUZ,0.8748879012334152
DIBQOW,YATDOP,0.8710800697124429
DIBQOW,FEXCAO01,0.8703634520549028
DIBQOW,CAQJOW,0.8682504449252142
DIBQOW,XALMOO,0.8682407918612687
DIBQOW,FEVDER,0.8653199052461176
DIBQOW,KESFOG,0.8650684946257929
DIBQOW,AZIHOI,0.8640063328031535
DIBQOW,VASYEW,0.8564354697957268
DIBQOW,FAHQIR,0.8545329669699187
DIBQOW,SIDXOV,0.8504207257162674
DIBQOW,BELTUJ,0.847719472629119
DIBQOW,ONOCUR,0.8463389233474731
DIBQOW,CANYIB,0.8440311833898158
DIBQOW,BAKJOO,0.8428510185928176
DIBQOW,CIPLIX,0.8401026507471427
DIBQOW,XAPSIS,0.8398159071200175
XEDMEB,WANJIF,0.999716533498448
XEDMEB,ADONEP,0.9997093872392024
XEDMEB,KANMIX,0.9994559603340072
XEDMEB,EXAXAE03,0.9985190597893892
XEDMEB,MUNDOQ,0.8862879613426118
XEDMEB,KIRFOI,0.8862460913907978
XEDMEB,DOTSOV12,0.8849357713213637
XEDMEB,DOTSOV14,0.8849351577153883
XEDMEB,DOTSOV15,0.8849351093489549
XEDMEB,DOTSOV11,0.8849344409016168
XEDMEB,BODPAN,0.8847832758802503
XEDMEB,XAMDUM01,0.8847186154257395
XEDMEB,UXISUR,0.8847083302142396
XEDMEB,QIZLIW,0.884688521374124
XEDMEB,YOZNEI,0.8846278293623666
XEDMEB,DOTSOV02,0.8842387797864485
XEDMEB,NEHZOS,0.8834057301936012
XEDMEB,NEHZUY,0.8833469956717515
XEDMEB,QIZLOC,0.8816722199718747
XEDMEB,OHOMIH,0.8815458740913769
XEDMEB,IDUDIW,0.8515698872088533
XEDMEB,QESBAR,0.843569456880552
XEDMEB,DEGSIS01,0.8425865528065513
XEDMEB,GERWEH,0.8424370612415835
BOHWUS,GERBEN,0.840204589475415
BOHWUS,HERHAQ,0.8401180972662715
UXISUR,FIQCEN,0.9999999815110652
UXISUR,YOZNIM,0.9999993541330884
UXISUR,BODPAN,0.9999954700942584
UXISUR,DOTSOV10,0.9999468462695936
UXISUR,DOTSOV12,0.9999464044527152
UXISUR,WULJUJ,0.9988958459320764
UXISUR,QIZLIW,0.9984871254435378
UXISUR,NEHZUY,0.9963099253423564
UXISUR,QIZLOC,0.9940053891894762
UXISUR,DALSOA,0.9329905095975656
UXISUR,ORAWAH,0.9321677186241992
UXISUR,BABREE,0.9321092726477862
UXISUR,EXOYAS,0.9197055142116692
UXISUR,RAWYAS,0.9188996491503212
UXISUR,IWEVAJ,0.9186818098811336
UXISUR,CITXUZ,0.9184485215488096
UXISUR,YUGLES,0.90797867282295
UXISUR,NUTQAV,0.9077883321353536
UXISUR,OFOCUI,0.90766628750568
UXISUR,MOCKEV,0.90742105067732
UXISUR,XIJSUH,0.9074179948410522
UXISUR,ALIXUP,0.9002640346776449
UXISUR,HUCBOX02,0.8973030464505348
UXISUR,HUCBOX01,0.8972482658114935
UXISUR,HUCBOX,0.8970073923926921
UXISUR,PAMQIF,0.8968017496822847
UXISUR,MOFGOE,0.8958743254940285
UXISUR,MOBDIR,0.8958714591126868
UXISUR,VUJBIM,0.8953285008086791
UXISUR,GIKMOD,0.893802898703677
UXISUR,GIKMOD01,0.8930536603076429
UXISUR,PAFZEE,0.8850765707124912
UXISUR,EMUBOF,0.8849195361412958
UXISUR,EXAXAE,0.8820804628103733
UXISUR,EXAXAE03,0.8817545607221844
UXISUR,DICKEH,0.8770686026623287
UXISUR,HIDTUM,0.8732355462951842
UXISUR,LAQNID,0.8691048800632729
UXISUR,HABQUY,0.8663956882086774
UXISUR,IWEQAD,0.8610833537949906
UXISUR,OGEBAF,0.8587205842930243
UXISUR,IXAJUN,0.8574743626827489
UXISUR,IDUDIW,0.8564731912152664
UXISUR,FAMQAO,0.8535482005235496
UXISUR,FAMPUH,0.8535400212285833
UXISUR,LAYWOA,0.850165536652751
UXISUR,WARXUL,0.8486120831313585
UXISUR,SEMNIJ,0.8395930914525334
UXISUR,BAZGAM,0.8378778927226979
LAYWOA,ANUGEW,0.9996135134979132
LAYWOA,NAFSOF,0.974322757210348
LAYWOA,BAZGAM,0.9733511734596254
LAYWOA,KIJRUS,0.970936304907686
LAYWOA,BAZFUF,0.9665258314713484
LAYWOA,QOWRAV,0.9545504053477214
LAYWOA,QOWRAV08,0.9544479919689368
LAYWOA,QOWRAV07,0.954422381490046
LAYWOA,QOWRAV05,0.9543480581119516
LAYWOA,QOWRAV04,0.9543336887910518
LAYWOA,ORAWAH,0.909547298715204
LAYWOA,ENIHUG,0.8852436636312395
LAYWOA,RUJMEQ,0.8763701567922683
LAYWOA,HAYXIR,0.8754344328447883
LAYWOA,IXAJUN,0.8729200269873065
LAYWOA,HIDTUM,0.8659616492271561
LAYWOA,WURNOO,0.8653459948086805
LAYWOA,KAGJOS,0.8651022789126396
LAYWOA,SIXNEV,0.8633362401941638
LAYWOA,SIXNOF,0.8632416732763994
LAYWOA,SIXNIZ,0.8626293923840069
LAYWOA,ASIVAB,0.8624988814264138
LAYWOA,KIRFOI,0.8574281548769243
LAYWOA,QIZLOC,0.854949700127196
LAYWOA,OHOMIH,0.8549435590486085
LAYWOA,NEHZUY,0.8549426310360956
LAYWOA,NEHZOS,0.8549292941546709
LAYWOA,WULJUJ,0.8514682485036138
LAYWOA,DOTSOV02,0.8514521649863963
LAYWOA,DOTSOV12,0.8511283539958185
LAYWOA,DOTSOV10,0.8511247136951687
LAYWOA,DOTSOV15,0.8511247119012714
LAYWOA,FIQCEN,0.8501466563543227
LAYWOA,YOZNIM,0.8500545862922538
LAYWOA,DIHVIB,0.8497971246715459
LAYWOA,SIXNUL,0.8426705767614813
UFUMUD02,BAHGUN,0.9999979833707316
UFUMUD02,UFUMUD01,0.9999957985182946
UFUMUD02,BAHGUN04,0.9999889379393848
UFUMUD02,BAHGUN02,0.999933806257334
UFUMUD02,QERZUI01,0.999908134470887
UFUMUD02,UFUNAK,0.9998579184615288
UFUMUD02,UFUMUD,0.9997841321552058
UFUMUD02,POFDIZ,0.9997829111978224
UFUMUD02,UFUNIS,0.9996986686546498
UFUMUD02,MURREW,0.999682532597156
UFUMUD02,NIHDEQ,0.9996609461167404
UFUMUD02,POFDEV,0.9993667576450678
UFUMUD02,AHEMEG,0.9989967855320973
UFUMUD02,VOJPUG01,0.9989152929026625
UFUMUD02,POFFAT,0.9980506084296014
UFUMUD02,NELCEN,0.9972167648101308
UFUMUD02,WURNOO,0.9231635838983724
UFUMUD02,KAGJOS,0.9229766862751978
UFUMUD02,ICAGOK,0.921971397492731
UFUMUD02,XICKOL,0.8779409595219424
UFUMUD02,IDUSIM01,0.8665534884191506
UFUMUD02,UNABUH,0.8665079534754339
UFUMUD02,IDUTAF,0.8664784357069368
UFUMUD02,IDUTEJ,0.8664571139479922
UFUMUD02,HOYKUD,0.8565960596076525
UFUMUD02,DEGSIS01,0.844004093061599
UFUMUD02,CEZYOY,0.8437595649458245
UFUMUD02,ENITAX,0.8424998447813016
TIDNIF,BAKJOO,0.9974002914807018
TIDNIF,BAKJEE,0.9971224817692292
TIDNIF,CANYIB,0.995049423107902
TIDNIF,FEVDER,0.9759366833126744
TIDNIF,AZIHOI,0.975769011128539
TIDNIF,DIDBOJ,0.9087407355928508
TIDNIF,FUMJAZ,0.9070693382546748
TIDNIF,ERUNUC,0.9069620414398778
TIDNIF,ERUNOW,0.9063412806339288
TIDNIF,FEYJOJ,0.9003237847566309
TIDNIF,KESFOG,0.8978672376768774
TIDNIF,FISQEG,0.8936150605107049
TIDNIF,XUDVAV,0.8896808117171215
TIDNIF,XALMOO,0.8847775227059478
TIDNIF,ABAVIJ,0.8781609219054538
TIDNIF,BIKMAL,0.8779475732856942
TIDNIF,BIKMAL01,0.8774944440016116
TIDNIF,TATSIS01,0.8774393482404935
TIDNIF,VEDFER,0.8773531063407312
TIDNIF,CEYPUT01,0.8773045220360802
TIDNIF,VEDFIV,0.8772919763953289
TIDNIF,VEDFOB,0.8771016278241657
TIDNIF,VEDGES,0.8770716951804112
TIDNIF,BOWDOI,0.8770587778284978
TIDNIF,BOWDIC,0.877050428432613
TIDNIF,EXUXEC,0.8770146435180897
TIDNIF,VEDGAO,0.8769667717916529
TIDNIF,BIPXIK,0.8769598666288774
TIDNIF,BOWDUO,0.8769589592097459
TIDNIF,VEDGIW,0.8768957369143978
TIDNIF,VODNOS,0.8768594232165025
TIDNIF,CEYPUT,0.8768128251974625
TIDNIF,TATSIS,0.876566385224597
TIDNIF,ERUNIQ,0.8762350116898543
TIDNIF,ABAVUV,0.875475608458422
TIDNIF,DIBQIQ,0.8412239090812732
TIDNIF,MIHJUL,0.8386637574977024
KEFFEI,FIGXEY,0.9998310660422912
FIGXEY,LOJQUY,0.99994367581695
CUWNIT,WUHMUJ,0.9998510325970492
CUWNIT,USAYOE,0.996480465797296
CUWNIT,BUKLOJ,0.9039015621066911
CUWNIT,ESEQUO,0.8923526129040237
CUWNIT,MOXDOT,0.8648885689224508
CUWNIT,MOXDOT01,0.8648756771115074
CUWNIT,RUYGAV,0.8524237994309694
CUWNIT,XUBKOU,0.8429845501847535
CUWNIT,XIHSEN01,0.8397665492639397
CUWNIT,XIHSAJ01,0.8397552621568581
CUWNIT,TONBOO,0.8393387220302784
AHEMEG,POFDOF,0.9998959566122712
AHEMEG,POFDEV,0.9998920318840466
AHEMEG,POFFAT,0.9998434766170986
AHEMEG,MURREW,0.9997758828589124
AHEMEG,KAKTIA01,0.9997158617810998
AHEMEG,POFFEX,0.9993424465975612
AHEMEG,UFUMUD01,0.999122312856209
AHEMEG,EGOZAB,0.9990782497622364
AHEMEG,BAHGUN,0.9989049094526612
AHEMEG,BAHGUN04,0.9987759170097184
AHEMEG,UFUMUD,0.9981955065574092
AHEMEG,ECODIK,0.9980724330376406
AHEMEG,UFUNIS,0.9976013842519044
AHEMEG,WURNOO,0.9231440003062492
AHEMEG,KAGJOS,0.9230320490186806
AHEMEG,XICKOL,0.879265064735158
AHEMEG,IDUSIM,0.8649343570258365
AHEMEG,IDUSIM01,0.8648409749367332
AHEMEG,UNACES,0.8647845490500364
AHEMEG,UNACIW,0.8647283626879841
AHEMEG,UNABUH01,0.8647024646452498
AHEMEG,IDUTAF,0.8645817257153439
AHEMEG,IDUTIN,0.8645573416495549
AHEMEG,IDUTEJ,0.8645184043868552
AHEMEG,QESBAR,0.8438838588324304
AHEMEG,DEGSIS01,0.8432193377179131
AHEMEG,ENITAX,0.8429091969900703
AHEMEG,CEZYOY,0.8428178826715474
OFOCUI,MOCKEV,0.9997414346523548
OFOCUI,XIJSUH,0.9995832792280608
OFOCUI,YOZNEI,0.907759979446599
OFOCUI,DIHVIB,0.9077495996074796
OFOCUI,XAMDUM01,0.9076600922824488
OFOCUI,DOTSOV14,0.9073655459070196
OFOCUI,DOTSOV12,0.9073642755224108
OFOCUI,DOTSOV15,0.9073622910987772
OFOCUI,DOTSOV10,0.9073622893630214
OFOCUI,DOTSOV02,0.9069180248721704
OFOCUI,QIZLIW,0.9048210746529072
OFOCUI,PIDRAY,0.9045978157216282
OFOCUI,YOZNOS,0.9035030783019218
OFOCUI,NEHZOS,0.9020058194261744
OFOCUI,NEHZUY,0.9018964525568076
OFOCUI,QIZLOC,0.8991657516856321
OFOCUI,OHOMIH,0.8988601634622446
OFOCUI,VIXPUP01,0.8939981105732839
OFOCUI,VIXPUP,0.8931559119305972
OFOCUI,FAMPUH,0.8603791817309918
OFOCUI,FALTUK,0.8603428535584811
OFOCUI,FAMQAO,0.8603387738188093
OFOCUI,ORAWAH,0.8531319237100432
OFOCUI,BABREE,0.8510322333615534
OFOCUI,IWEVAJ,0.8420558473061602
OFOCUI,RAWYAS,0.8400454159723968
OFOCUI,CITXUZ,0.8393832248077295
OFOCUI,HOYKUD,0.8384149699216057
BAWRUO,TOHJIL,0.8499844495720028
QOZSIJ,KEPKUO,0.9111588529026052
QOZSIJ,JENKET,0.8872982421486187
QOZSIJ,GUGNON,0.8872299300614206
QOZSIJ,DARYIF,0.852488395321379
QOZSIJ,BUVNIR,0.847819652945917
SAMVEK,LUSHOX05,0.9946128873211646
DAPHAD01,CECKIH,0.9993985737413298
SAVMAE,XOHNEO,0.9102313354906082
SAVMAE,SOSQIC01,0.9101383821609116
SAVMAE,VURMOL,0.8911833201937668
SAVMAE,MIBQAR07,0.8642361728463768
SAVMAE,NATFAS,0.8638963486482463
SAVMAE,CIZQOT,0.8636595672829193
SAVMAE,REDROI,0.8628411240012229
SAVMAE,RIGTIL,0.8625287795303209
SAVMAE,VEGMOK04,0.8625043139755082
SAVMAE,KOZNEU,0.8620664334880687
SAVMAE,WORKUL,0.860689348059827
SAVMAE,FIJCUX01,0.8600168816931666
SAVMAE,YICQOS,0.8587674560613601
SAVMAE,QAQSAD,0.8586012574772522
SAVMAE,DUFLOH,0.858532066007121
SAVMAE,UGUQOC,0.8566174152128399
SAVMAE,NENHEU,0.8453776766395794
SAVMAE,OKELOH,0.8395867292437544
KOZNEU,REDROI,0.9999088961818556
KOZNEU,IFABIA02,0.999687031567345
KOZNEU,MIBQAR07,0.9980867444377832
KOZNEU,YOCGAZ,0.9082416792938854
KOZNEU,HUTZAX01,0.9082325548328908
KOZNEU,BOLPAU,0.908055700052954
KOZNEU,DAWCIP,0.9080276454133936
KOZNEU,GUGNON,0.9080166682600624
KOZNEU,NEHGIS,0.9080048998312136
KOZNEU,JENKET,0.9077086591802284
KOZNEU,ACODIH,0.8973155793523636
KOZNEU,CESQUP,0.8959268899385535
KOZNEU,RUYGOJ,0.8956464589573451
KOZNEU,JEDDII,0.8952295213571099
KOZNEU,SACHIP,0.8909115763098503
KOZNEU,UKOLOV,0.8872956626399449
KOZNEU,NAWXER,0.8863619363882844
KOZNEU,QAQSAD,0.8850004646252054
KOZNEU,XOQXIL,0.8779611754860048
KOZNEU,XAFFER,0.8778210804351101
KOZNEU,DUPKAC,0.8764666207958288
KOZNEU,NOXMAQ,0.8763653272130052
KOZNEU,ZARLEL,0.8761558636188082
KOZNEU,PEJPEB,0.8746578816155908
KOZNEU,ACIBOE,0.8745500161826227
KOZNEU,NANYUX03,0.8744879169844448
KOZNEU,NENHEU,0.8732326586536313
KOZNEU,OKELOH,0.8692361705994586
KOZNEU,PEGCIP,0.8690269728571549
KOZNEU,KAHMOW,0.8678596703629567
KOZNEU,XENMIO,0.8609769847083665
KOZNEU,WIMWIA,0.8607892229680311
KOZNEU,HAZYUE,0.8602954442892998
KOZNEU,HIFGIO,0.8595615538644928
KOZNEU,YICQOS,0.8589234588578716
KOZNEU,DUFLOH,0.8581197540342742
KOZNEU,PURJAO,0.853548222396254
KOZNEU,GAWMOJ,0.8535457223426424
KOZNEU,SIXWON,0.853009886492455
KOZNEU,XOHNEO,0.8515064690234402
KOZNEU,SOSQIC01,0.8512101125590043
KOZNEU,TACJEO,0.8509770872489237
KOZNEU,LEBQUH,0.8445032358292289
KOZNEU,HOKLIE,0.8396699099445573
XUDVAV,FISQEG,0.9979475161533712
XUDVAV,DIBQEM,0.9460096432348424
XUDVAV,DIBQIQ,0.9402588804432332
XUDVAV,MIHJUL,0.9333946707544732
XUDVAV,FEYJOJ,0.9319745142706436
XUDVAV,MOXDOT01,0.927556230712544
XUDVAV,BAKJOO,0.8894744543012922
XUDVAV,BAKJEE,0.8881697283030865
XUDVAV,BUKLOJ,0.8867019107639202
XUDVAV,ESEQUO,0.884773521723156
XUDVAV,FEXCAO01,0.8788338289101176
XUDVAV,CIPLIX,0.8759251222630041
XUDVAV,SIDXOV,0.8726626951278004
XUDVAV,CIKPEU,0.871217930576417
XUDVAV,NOMPIQ,0.871187712591033
XUDVAV,BEPRIZ,0.8700589220222674
XUDVAV,SEQSOY,0.8671873475166078
XUDVAV,DIDBOJ,0.8609428602894811
XUDVAV,DIDBEZ,0.8602342837879955
XUDVAV,CAQJOW,0.8569685639884151
XUDVAV,ERUNOW,0.8569556304317081
XUDVAV,VACKUI,0.8545940513019784
XUDVAV,XAFFIV,0.8534887574051394
XUDVAV,HALVEY,0.8530996455427348
XUDVAV,DIQHAO01,0.8527225561459192
XUDVAV,XALMOO,0.8498596360056381
XUDVAV,YATDOP,0.8455236142445712
XUDVAV,BIKMAL01,0.8434448590471737
XUDVAV,BIKMAL,0.8430616899186727
XUDVAV,QIQTOB,0.8411740033549334
XUDVAV,FAHQIR,0.8409099253511982
NIWZIE08,NIWZIE09,0.9999974807044842
NIWZIE08,NIWZIE01,0.9999959030713916
NIWZIE08,NIWZIE17,0.9999721846109694
NIWZIE08,NAXVOY01,0.9999587703021828
NIWZIE08,MOPQIT,0.9999518768677228
NIWZIE08,SIRBIG06,0.9979805470942776
NIWZIE08,LIJWUX,0.9970079456037793
NIWZIE08,LICSEW04,0.9966539863983818
NIWZIE08,MGFORD02,0.9964039293328916
NIWZIE08,AMURUX10,0.9951963432998876
PIQPUC,FOKWOT,0.9766883446528688
QIZLIW,NEHZOS,0.999550992546117
QIZLIW,NEHZUY,0.9995202725254236
QIZLIW,DOTSOV12,0.9990024155132494
QIZLIW,DOTSOV10,0.9990005549088998
QIZLIW,DOTSOV15,0.9990005540032856
QIZLIW,DOTSOV02,0.9987119659941864
QIZLIW,QIZLOC,0.9984996751072766
QIZLIW,YOZNEI,0.998329667025776
QIZLIW,DALSOA,0.9318432722595922
QIZLIW,ORAWAH,0.9284040278534303
QIZLIW,CITXUZ,0.9200815167832364
QIZLIW,EXOYAS,0.9197041759063193
QIZLIW,IWEVAJ,0.91764612157037
QIZLIW,GERWEH,0.9063706199498044
QIZLIW,YUGLES,0.9051923776334134
QIZLIW,NUTQAV,0.9046131794801572
QIZLIW,MOCKEV,0.9037182833012156
QIZLIW,XIJSUH,0.9036738639159436
QIZLIW,GIKMOD,0.8969272349976614
QIZLIW,MOFGOE,0.8968867024537316
QIZLIW,PAMQIF,0.8968023445963039
QIZLIW,HUCBOX01,0.8965558198390989
QIZLIW,MUDTEL,0.8891400313675476
QIZLIW,VIXPUP01,0.8867025212682931
QIZLIW,EXAXAE,0.8848248721995069
QIZLIW,ADONEP,0.8843624285747635
QIZLIW,PAFZEE,0.8836156633060483
QIZLIW,HIDTUM,0.87706735652397
QIZLIW,XICKOL,0.860926989206671
QIZLIW,IXAJUN,0.8606802806195887
QIZLIW,NIGDIS,0.8604935278344624
QIZLIW,TOVWAE,0.8580078944955032
QIZLIW,FAMQAO,0.8518586166039092
QIZLIW,RUJMEQ,0.8454798557050553
QIZLIW,LUKLIN,0.8399538603104904
QIZLIW,NAFSOF,0.8389658355679048
QIZLIW,HOYKUD,0.8385653113065721
QIZLIW,KIJRUS,0.8379706307929039
LONHON,LIPZES,0.9998188014841758
LONHON,XILBAW,0.9983834385455004
LONHON,RUBZIY02,0.9949946389818336
LONHON,YAPQUC,0.9937057373726496
LONHON,XAPMUY,0.94395106123277
LONHON,MOLLEG,0.916696241644576
LONHON,VIXKOE,0.9079248855580284
LONHON,FOMDAO01,0.9044086547967274
LONHON,SAQCIZ,0.8863868601555787
LONHON,IVOLOW,0.8861907603650819
LONHON,LACFOM,0.8859213962261209
LONHON,POCMEA,0.8838857784041356
LONHON,POCMEA03,0.8837728232838366
LONHON,INICPB02,0.8836977557101044
LONHON,POCMEA01,0.8836968128479681
LONHON,INICPB01,0.8832959315264882
LONHON,YUNBOZ,0.8823385100312463
LONHON,TUTQOP,0.8769711128724109
LONHON,RUDRUE,0.8749416962889799
LONHON,CERPOF,0.8748305890355837
LONHON,CERPOF01,0.8748116293978556
LONHON,FAHQUD,0.8532276411181561
LONHON,HAPZUW,0.8472050841118356
IDUTAF,IDUTEJ,0.9999990447539032
IDUTAF,UNABUH,0.9999987309437246
IDUTAF,UNABUH01,0.999997549683738
IDUTAF,IDUSIM01,0.9999908283403368
IDUTAF,IDUSIM,0.9999836976798208
IDUTAF,FAMQAO,0.8798638135792226
IDUTAF,FALTUK,0.8798470348123472
IDUTAF,FAMPUH,0.8796516240093033
IDUTAF,ECODIK,0.8666757743039407
IDUTAF,UFUNIS,0.866663767342468
IDUTAF,BAHGUN02,0.866529862893758
IDUTAF,UFUMUD,0.866499833216202
IDUTAF,UFUMUD01,0.8664163368868357
IDUTAF,KAKTIA01,0.8653574800390027
IDUTAF,POFDEV,0.8651486868570202
IDUTAF,POFDOF,0.8635660859600218
IDUTAF,NELCEN,0.8622080943379813
IDUTAF,POFFEX,0.8615915892079907
IDUTAF,XICKOL,0.8520609196488063
QIFMIE,AMIXIE,0.8996331008437104
QIFMIE,UCEXOQ,0.896899758043707
POJTUE,SETQUF,0.9999953773005984
POJTUE,SADMUH,0.999988457861005
POJTUE,SETRAM,0.999974921445521
POJTUE,VAGVAC,0.9999541091406514
POJTUE,SETQIT,0.999946906364504
POJTUE,POJTOY,0.9999420912561434
POJTUE,SETQAL,0.999929908238762
POJTUE,SETQEP,0.9999202873836512
POJTUE,SADMOB,0.9999194431311438
POJTUE,XADCOW,0.999877336663692
POJTUE,YAXCAC,0.9960713498394
POJTUE,KUXSIH,0.9748011360556864
POJTUE,TOVJAR,0.9070173467378666
POJTUE,PIJKUR,0.8860106053570129
POJTUE,UFIKOM,0.8692650181735333
POJTUE,UFIHUP,0.8692641282047234
POJTUE,UFIKIG,0.8692249617620695
POJTUE,TOVKEW,0.8524754157177682
POJTUE,TOVJEV,0.8456487650676742
KUNLEL,IJEXIF01,0.9981128769956906
KUNLEL,FUVBAB,0.9937695345697716
KUNLEL,ACIBOE,0.9926781524867307
KUNLEL,NANYUX03,0.9924379509005132
KUNLEL,EXOXUL,0.9193361734486288
KUNLEL,REBVIG,0.9039263597624916
KUNLEL,DUNXUH13,0.8924306734829013
KUNLEL,WIMWIA,0.8917729727309642
KUNLEL,DOYHOQ,0.8765172893357867
KUNLEL,HOLRAD,0.8745946540670888
KUNLEL,VUSKEA,0.8745383796281673
KUNLEL,APACAX,0.87428796243553
KUNLEL,IFABIA02,0.8723059651220328
KUNLEL,REDROI,0.871952265273453
KUNLEL,VEGMOK04,0.8714556089976029
KUNLEL,FIJCUX01,0.8681482610040911
KUNLEL,DOYHIK,0.8679221355447468
KUNLEL,GEYLEE,0.8665358638125473
KUNLEL,LASMUP,0.8608615265140989
KUNLEL,SOWCOY01,0.8553127516834927
KUNLEL,HEZKIH,0.8528431875176622
KUNLEL,WEHHOI,0.8515977470377069
KUNLEL,WEHJAW,0.8515629327449663
KUNLEL,ALANAD,0.8514638648098515
KUNLEL,WEHHIC,0.849380512178423
KUNLEL,WORKUL,0.8476566989534924
KUNLEL,REYCEF,0.8446048163842114
KUNLEL,EZINAE,0.8419950694309764
KUNLEL,HIQNUS,0.8407823122403001
DARYIF,BUVNIR,0.9983562716919728
DARYIF,WOJZOK01,0.8936559612703597
DARYIF,REDROI,0.884958682088037
DARYIF,VEGMOK04,0.8848338384512298
DARYIF,VUSKEA,0.884332382328843
DARYIF,FIJCUX01,0.883708072143523
DARYIF,IQOJAB,0.873318432504705
DARYIF,KEPKUO,0.8609670546933259
DARYIF,VALGAS,0.854994042653683
DARYIF,XALXIS01,0.8433158348549439
DARYIF,PASGEX04,0.843212598746316
DARYIF,YOCGAZ,0.8426892096637928
DARYIF,MIMVEJ,0.8414405671803297
VUJBIM,NUTQEZ,0.986208830931007
VUJBIM,BIHRUI,0.9240299064113014
VUJBIM,DIHVIB,0.8955563346326105
VUJBIM,YOZNEI,0.8955011745500002
VUJBIM,YOZNIM,0.8953994210240583
VUJBIM,FIQCEN,0.8953407138900757
VUJBIM,XAMDUM01,0.8953040912081062
VUJBIM,DOTSOV14,0.8946196256426631
VUJBIM,WULJUJ,0.8926923844224527
VUJBIM,QIYDAF01,0.892486494233169
VUJBIM,FAGQAI,0.8914592006613605
VUJBIM,YOZNOS,0.8905130397395271
VUJBIM,NEHZOS,0.8863726106263425
VUJBIM,NEHZUY,0.886224237485272
VUJBIM,ORAWAH,0.8438669182278482
VUJBIM,DALSOA,0.8416471876661248
VUJBIM,BABREE,0.8384949767424579
VEDGAO,VEDFOB,0.9999967096323348
VEDGAO,VEDGIW,0.9999865480187832
VEDGAO,BOWDIC,0.9999837081967196
VEDGAO,VEDFER,0.9999822742125342
VEDGAO,VODNOS,0.9999819826300648
VEDGAO,VEDFIV,0.9999810823968512
VEDGAO,BIPXIK,0.9999798702063858
VEDGAO,CEYPUT,0.999939942051646
VEDGAO,EXUXEC,0.9999255206101764
VEDGAO,CEYPUT01,0.999898188948847
VEDGAO,TATSIS01,0.9992561946909032
VEDGAO,TATSIS,0.9991587883475154
VEDGAO,ERUNIQ,0.9989593504936348
VEDGAO,ABAVUV,0.9987737000284144
VEDGAO,LASMAV,0.998615596706786
VEDGAO,CAXZOS,0.9230522659681916
VEDGAO,DIDBEZ,0.9229195835787708
VEDGAO,DIDBID,0.9228424551157056
VEDGAO,JODGOA,0.8943174949503547
VEDGAO,BAKJOO,0.8791301729684642
VEDGAO,AZIHOI,0.878855987688995
VEDGAO,ESEQUO,0.8734568961649216
VEDGAO,SIDXOV,0.8714792017814466
VEDGAO,YATDOP,0.8600410140034285
VEDGAO,FUMJAZ01,0.8538359154784149
VEDGAO,FUMJAZ,0.8536765706100193
VEDGAO,XEVXUT,0.8521377681491425
VEDGAO,MOXDOT01,0.8444088618915734
VEDGAO,MOXDOT,0.8444056812649547
VEDGAO,NERVIP01,0.8438256459272326
VEDGAO,RAKBIO02,0.8435884203012531
VEDGAO,RAKBIO,0.8435802919513335
VEDGAO,GAGWOB,0.8432354549027524
VEDGAO,NERVOV,0.8430796235003217
VEDGAO,FAZPIH,0.8430098708415148
VEDGAO,VOCKUT,0.8428817429121274
VEDGAO,NERVIP,0.842594444691671
VEDGAO,YIRSUQ,0.8420369856386831
VEDGAO,CEJFOO,0.8414621340333049
MOXDOT01,MOXDOT,0.9999998420603358
MOXDOT01,ESEQUO,0.9348115710289592
MOXDOT01,FISQEG,0.932190852164904
MOXDOT01,JODGIU,0.9221754306691724
MOXDOT01,DIDBOJ,0.922119793850148
MOXDOT01,DIDBEZ,0.9220865961263752
MOXDOT01,DIDBID,0.922007458909162
MOXDOT01,VACKUI,0.921487045156697
MOXDOT01,BEPRIZ,0.9033463023624128
MOXDOT01,NOMPIQ,0.9028019832720288
MOXDOT01,TAHYUZ,0.8853151711725262
MOXDOT01,BELTUJ,0.8846973818299035
MOXDOT01,LUWZUZ01,0.8759318153203023
MOXDOT01,LUWZUZ02,0.8757531812740285
MOXDOT01,LUWZUZ,0.8757300259351897
MOXDOT01,XUBKOU,0.875357621923982
MOXDOT01,FAHQIR,0.8676121065610389
MOXDOT01,QIQTOB,0.8673297032359756
MOXDOT01,VEFMAW,0.8650947251603458
MOXDOT01,CANROA,0.8650736579259257
MOXDOT01,WUHMUJ,0.8649924359555919
MOXDOT01,YATDOP,0.8594449922545249
MOXDOT01,XALMOO,0.8592584219523991
MOXDOT01,GEPBEK,0.8589297687673478
MOXDOT01,DIQHAO01,0.8553871085980884
MOXDOT01,VEDGIW,0.8444233315745087
MOXDOT01,VODNOS,0.8444230605557156
MOXDOT01,VEDGES,0.8444197950854395
MOXDOT01,OJOBAS,0.8444093119253334
MOXDOT01,CEYPUT,0.8444078151528428
MOXDOT01,VEDFIV,0.8444048525958455
MOXDOT01,BOWDOI,0.8443978042522395
MOXDOT01,BOWDUO,0.844382256949986
MOXDOT01,YODRAM,0.8443819404130448
MOXDOT01,CEYPUT01,0.8443701232782619
MOXDOT01,BIPXIK,0.8443547694282736
MOXDOT01,EXUXEC,0.8442686736589836
MOXDOT01,ERUNIQ,0.843123089159619
MOXDOT01,LASMAV,0.842742042659153
MOXDOT01,XIHSEN,0.8425405727059723
MOXDOT01,YIGGEB,0.8412235806873504
VEFMAW,VACKUI,0.9612834682956528
VEFMAW,XAFFIV,0.9608447299710484
VEFMAW,BUKLOJ,0.90646516934614
VEFMAW,ESEQUO,0.8973017453726493
VEFMAW,RUYGAV,0.8502743522731352
VEFMAW,XUBKOU,0.8422823681036542
TEVVAU,TEVVEY,0.9999867470070778
TEVVAU,TEVVIC,0.99998496305955
TEVVAU,BEJKEJ,0.9975298953403796
TEVVAU,KEVBUK,0.925383084500432
TEVVAU,ROGLOP,0.9218251607618824
TEVVAU,JAMSEY,0.9041896177591086
TEVVAU,XADWIK02,0.8741888947074153
TEVVAU,XADWIK,0.8739024510945798
TEVVAU,EKEKAH,0.8738812956554477
TEVVAU,SEQSIS,0.8709094864217206
TEVVAU,BOSHUN,0.8584350902476015
TEVVAU,SEQSUE,0.8538498706375826
ADONEP,WANJIF,0.999868035959838
ADONEP,EMUBOF,0.9987776078740171
ADONEP,EXAXAE,0.9983721439968014
ADONEP,EXAXAE03,0.9981534439226776
ADONEP,MUNDOQ,0.8859096990431696
ADONEP,KIRFOI,0.8858720154510541
ADONEP,WULJUJ,0.8849434410634653
ADONEP,DOTSOV02,0.8849351515326708
ADONEP,DOTSOV12,0.8846792749252533
ADONEP,DOTSOV14,0.8846787238726397
ADONEP,DOTSOV11,0.884674603235113
ADONEP,FIQCEN,0.8844593200855544
ADONEP,YOZNIM,0.8844387750707927
ADONEP,DIHVIB,0.8843633764837964
ADONEP,NEHZOS,0.8830294471512959
ADONEP,QIZLOC,0.8813938018585676
ADONEP,OHOMIH,0.8811709811730535
ADONEP,YOZNOS,0.8777005978503081
ADONEP,IDUDIW,0.8512961811627227
ADONEP,QESBAR,0.8432210428173812
ADONEP,GERWEH,0.8422447137829723
MUNDOQ,HAYXIR,0.9963940890568752
MUNDOQ,EXAXAE03,0.8880441366085068
MUNDOQ,EXAXAE,0.8880148437298303
MUNDOQ,WANJIF,0.8850383526529764
MUNDOQ,KANMIX,0.8837913996110522
MUNDOQ,KIRFOI,0.8837553114505062
MUNDOQ,EMUBOF,0.8826247170567572
MUNDOQ,ANUGEW,0.8800075198057534
MUNDOQ,NAFSOF,0.8769579767236599
MUNDOQ,BAZGAM,0.8764888959045415
MUNDOQ,KIJRUS,0.8742220257928842
MUNDOQ,WURNOO,0.8707044110011914
MUNDOQ,KAGJOS,0.8704890707224718
MUNDOQ,QOWRAV11,0.8595422910227224
MUNDOQ,QOWRAV12,0.85953457454497
MUNDOQ,QOWRAV08,0.8595190968306671
MUNDOQ,LAQNID,0.8387952897664448
DIBQIQ,MIHJUL,0.998895049036596
DIBQIQ,DIBQEM,0.9826033472488492
DIBQIQ,MOXDOT,0.9562464024938394
DIBQIQ,FISQEG,0.9461578686321274
DIBQIQ,NOMPIQ01,0.9157414030668404
DIBQIQ,NOMPIQ,0.9156817120735994
DIBQIQ,BUKLOJ,0.9041984443387407
DIBQIQ,ERUNOW,0.8857087966682283
DIBQIQ,XAFFIV,0.8851823701277459
DIBQIQ,DIDBEZ,0.8850298425944046
DIBQIQ,DIDBOJ,0.8849327099289923
DIBQIQ,FEXCES,0.8768060767058672
DIBQIQ,SEQSOY,0.8764416253785021
DIBQIQ,HALVEY,0.8764333438972931
DIBQIQ,FEXCAO01,0.8742683851738584
DIBQIQ,CAQJOW,0.8727908394092457
DIBQIQ,YATDOP,0.8720316538901853
DIBQIQ,XALMOO,0.8709752646232621
DIBQIQ,AZIHOI,0.8671000419786004
DIBQIQ,DIQHAO01,0.8658276306846411
DIBQIQ,KESFOG,0.8637021015963132
DIBQIQ,VASYEW,0.8620498084840268
DIBQIQ,FAHQIR,0.8582981165386128
DIBQIQ,SIDXOV,0.8573337248949765
DIBQIQ,BAKJEE,0.8440255837507512
DIBQIQ,BAKJOO,0.844003597041952
DIBQIQ,CANYIB,0.8431716826747786
DIBQIQ,XUBKOU,0.842969334163093
DIBQIQ,LUWZUZ01,0.8412074889471945
DIBQIQ,LUWZUZ,0.8409667942076211
DIBQIQ,XIHSEN01,0.8400232922271063
DIBQIQ,CIPLIX,0.8398496674369529
XALMOO,YATDOP,0.9990541451927212
XALMOO,DIDBOJ,0.924911809870255
XALMOO,ERUNUC,0.9248247502620702
XALMOO,DIDBEZ,0.9247096074485152
XALMOO,AZIHOI,0.887161605461182
XALMOO,BAKJOO,0.8864562582555537
XALMOO,BAKJEE,0.8859839567454777
XALMOO,SIDXOV,0.881744731961174
XALMOO,MIHJUL,0.8677155807853643
XALMOO,DIBQEM,0.8620796610751047
XALMOO,EXUXEC,0.8602655162783889
XALMOO,YODRAM,0.8601583682334757
XALMOO,BOWDUO,0.8601577761957442
XALMOO,BOWDOI,0.860119305160014
XALMOO,TATSIS,0.8600921329822628
XALMOO,TATSIS01,0.8600787010772641
XALMOO,VEDFER,0.8600712868016617
XALMOO,VEDFOB,0.8600561323112746
XALMOO,VEDFIV,0.8600056551787278
XALMOO,ERUNIQ,0.8599900344847051
XALMOO,ABAVIJ,0.8599843390136832
XALMOO,VEDGIW,0.85996814692887
XALMOO,VODNOS,0.8599475791215974
XALMOO,VEDGES,0.8599473663889519
XALMOO,OJOBAS,0.8598108332953504
XALMOO,CEYPUT,0.8598021951709005
XALMOO,LASMAV,0.8597907640675202
XALMOO,MOXDOT,0.8592436336515583
XALMOO,ABAVUV,0.8578412017131165
XALMOO,FISQEG,0.8528379377873899
XALMOO,NOMPIQ,0.848313029793554
XALMOO,CIKPEU,0.8483036498192564
XALMOO,FUMJAZ01,0.8441303120974168
XALMOO,FUMJAZ,0.8439898807950731
XALMOO,XEVXUT,0.843131824362973
FAWCEN01,OFERUN02,0.999999161572297
FAWCEN01,VELVOY,0.9999982346936124
OFERUN,NIFNOI,0.9999999280067814
JUVROJ,DAKVIW,0.9007851055408612
JUVROJ,MITSAK,0.8776153018833196
JUVROJ,MITSUE,0.8776114656027623
JUVROJ,FUMJAA,0.8773810611486901
JUVROJ,IZEBEV,0.8762196245379743
WUHMUJ,USAYOE,0.9974989706883856
WUHMUJ,GEPBEK,0.992535108486004
WUHMUJ,ESEQUO,0.8949570077468267
WUHMUJ,FUDHAP,0.8608930521107935
WUHMUJ,TONBOO,0.8406050457727068
WUHMUJ,XIHSAJ01,0.8406003662975468
WUHMUJ,XIHSEN,0.8403321313716532
TATSIS01,TATSIS,0.9999150511889484
TATSIS01,ABAVIJ,0.9999004299011196
TATSIS01,ERUNIQ,0.9998479548734442
TATSIS01,LASMAV,0.99974348164987
TATSIS01,BIPXIK,0.9994563963218214
TATSIS01,BOWDIC,0.9994546659310388
TATSIS01,VEDFER,0.9993288985666198
TATSIS01,VEDFOB,0.9992353988310853
TATSIS01,VEDFIV,0.9992074547052868
TATSIS01,CEYPUT01,0.998834089333977
TATSIS01,CEYPUT,0.9987999062980332
TATSIS01,ABAVUV,0.9962756724346586
TATSIS01,CAXZOS,0.923125739521546
TATSIS01,DIDBEZ,0.9225149581227896
TATSIS01,JODGIU,0.9225058555204562
TATSIS01,DIDBID,0.9224825449237616
TATSIS01,ERUNOW,0.9207764605497558
TATSIS01,JODGOA,0.8914761600105915
TATSIS01,BUKLOJ,0.8845422774825109
TATSIS01,AZIHOI,0.87918222491371
TATSIS01,ESEQUO,0.8785539874025409
TATSIS01,FUMJAZ01,0.8559558699886238
TATSIS01,FUMJAZ,0.855862578773664
TATSIS01,XEVXUT,0.8548060851771921
TATSIS01,GAGWOB,0.8440042149339184
TATSIS01,FAZPIH,0.843969808066952
TATSIS01,VOCKUT,0.8439567967283368
TATSIS01,NERVEL,0.8439268434379135
TATSIS01,NERVOV,0.8438965365476355
TATSIS01,WOPWOP,0.8438616898526068
TATSIS01,NERVIP,0.8437932883982929
TATSIS01,YIRSUQ,0.8433920401394912
TATSIS01,KOHDIW,0.8425068678907468
TATSIS01,CANROA,0.842479922675555
TATSIS01,KOHLIE,0.8419383982467854
TATSIS01,RAKBIO,0.8417747400422145
TATSIS01,RAKBIO01,0.841688671231924
TATSIS01,BIVXAG,0.837714118135153
UFOSOA,RUBTAK03,0.9999999972161948
UFOSOA,UFOSEQ,0.9999999932674608
UFOSOA,UVAHIK,0.9470009592365816
UFOSOA,WIZMAV12,0.9469511276392653
UFOSOA,WIZMAV,0.9469391396497168
UFOSOA,WIZMAV11,0.9469380372961684
UFOSOA,WIZMAV08,0.946936556374681
UFOSOA,WIZMAV06,0.9469338889894052
UFOSOA,ERARUM,0.9469077085530156
UFOSOA,ERANAO,0.9367634039103392
UFOSOA,OFOJAX,0.9096800033384737
UFOSOA,HERHAQ,0.906602659327544
UFOSOA,WUPTUY,0.9045547425639676
UFOSOA,GAYXEM,0.903123886184542
UFOSOA,BUNLAZ,0.8982050785224042
UFOSOA,BUNKUS,0.8974533623224779
UFOSOA,VIKRUF,0.8779289831797641
UFOSOA,DITJOH,0.8778576252123221
UFOSOA,YEYCUC,0.8771593435213202
UFOSOA,ESEBOV,0.8753180636848874
UFOSOA,HERHUK,0.8573019864344569
REDROI,VEGMOK04,0.9999765955510798
REDROI,FIJCUX01,0.9992286305896552
REDROI,VUSKEA,0.9988545643418684
REDROI,MIBQAR07,0.9988118527673532
REDROI,HOLRAD,0.9987606570736782
REDROI,YOCGAZ,0.9081985416875558
REDROI,BOLPAU,0.9081574911113676
REDROI,HUTZAX01,0.9080675122026866
REDROI,DAWCIP,0.907759498088531
REDROI,GUGNON,0.9076426445095612
REDROI,NEHGIS,0.9076237818919756
REDROI,GOSDUP,0.8971802817178476
REDROI,JEDDII,0.896016695390135
REDROI,SACHIP,0.8923053012505401
REDROI,UKOLOV,0.887178770768668
REDROI,NAWXER,0.8857499021188409
REDROI,WORKUL,0.8850351958084063
REDROI,QAQSAD,0.8847505933556048
REDROI,DUPKAC,0.8770948581533016
REDROI,ZARLEL,0.8752767949070359
REDROI,NIWYID,0.874996841059518
REDROI,IJEXIF01,0.8748558811750324
REDROI,FUVBAB,0.8744297324114304
REDROI,NANYUX03,0.8739792884849327
REDROI,GADROU,0.8690322068667469
REDROI,OKELOH,0.8690296700170912
REDROI,PEGCIP,0.8686455246317153
REDROI,XEGWIS,0.8670798415433535
REDROI,XEGXIT,0.8670622278673575
REDROI,XEGWAK,0.8670566479261064
REDROI,WIMWIA,0.8605639051067573
REDROI,DUFLOH,0.8590782996213402
REDROI,HIFGIO,0.858730045422541
REDROI,PURJAO,0.8535000843215468
REDROI,SIXWON,0.8533522444943974
REDROI,XOHNEO,0.8525138867582998
REDROI,TACJEO,0.8517640853859174
REDROI,REBVIG,0.8400914518957613
REDROI,HOKLIE,0.8396471481218852
NUFBEX,DOYHOQ,0.9999930317293356
NUFBEX,NUFCAU,0.99591007957319
NUFBEX,APACAX,0.9519775092343836
NUFBEX,OKELOH,0.894548343599622
NUFBEX,YOZYUJ,0.8911572718582761
NUFBEX,FUVBAB,0.8764842385989564
NUFBEX,ACIBOE,0.8759277926986145
NUFBEX,NANYUX03,0.8757985721071564
NUFBEX,REBVIG,0.859405374439832
NUFBEX,XOHNEO,0.840310748514546
EZINAE,QAQSAD,0.9122644216111188
EZINAE,WORKUL,0.9120085084969308
EZINAE,GUGNON,0.8533780151143261
EZINAE,DIRPOL,0.8469004844008028
EZINAE,AQOROP,0.8468699401200823
EZINAE,NIWYID,0.8462751741811035
EZINAE,FUVBAB,0.8462516678199196
EZINAE,PEJPEB,0.846137215830711
EZINAE,NANYUX03,0.8459834513150688
EZINAE,IJEXIF01,0.845877601046576
XOPLOE,LEDLEN,0.9997864666076818
XOPLOE,PARNIH,0.999399407985825
XOPLOE,YAVYAW02,0.997308988840958
XOPLOE,YAVYAW,0.9972719488161056
XOPLOE,GOXZIE,0.996092869851575
FEPGEP,FONQAC,0.9172523286996196
ULOGIL,EKUNON01,0.9998979836718298
ULOGIL,EKUNON02,0.9998507251119656
ULOGIL,YIHZIA02,0.8912299553834935
ULOGIL,JUYJIY,0.8809020301000925
ULOGIL,FONQAC,0.8732698635165861
ULOGIL,FONKEA,0.8702938252519664
ULOGIL,FELXOM,0.8663417699564591
ULOGIL,MALWUU,0.8626704739878011
ULOGIL,LUWKIZ,0.8613435832561357
ULOGIL,AGONEQ,0.8566204357030536
ULOGIL,REXYAX,0.8466223697733405
ULOGIL,FIJDEI,0.8399957884433715
DOYHOQ,NUFBOH,0.9998754211562582
DOYHOQ,NUFCAU,0.9962342418950726
DOYHOQ,DOYHIK,0.996105138087332
DOYHOQ,APACAX,0.9518681407194848
DOYHOQ,JAYXAL,0.9056723631428923
DOYHOQ,OKELOH,0.8943875576049145
DOYHOQ,YOZYUJ,0.8908605138923341
DOYHOQ,IJEXIF01,0.877934888176481
DOYHOQ,FUVBAB,0.8762820477407136
DOYHOQ,PEJPEB,0.8759421922142139
DOYHOQ,ACIBOE,0.8756909336724543
DOYHOQ,REBVIG,0.8592700275259388
DOYHOQ,XOHNEO,0.840483962854191
DOYHOQ,SOSQIC01,0.8403121867380582
LUSHOX04,ENISUQ,0.9071337629746205
LUSHOX04,DAWCOV,0.9054218897500848
LUSHOX04,BELTOD,0.8969610899054042
LUSHOX04,PUGHAC,0.8960826579444564
LUSHOX04,PUGFII,0.8958752678122762
LUSHOX04,YAQCEY,0.8836955074303415
LUSHOX04,OSADIX,0.8777324101675168
LUSHOX04,PUNYIH,0.8748566200572626
LUSHOX04,ABAYIO,0.8742720332214565
LUSHOX04,WEYQEY,0.8731711874255116
LUSHOX04,AVILAT,0.8669194094866218
LUSHOX04,ROYMEZ,0.8646236567044628
LUSHOX04,XOHSUJ,0.8636857114889919
LUSHOX04,XOHTOE,0.8625564035221427
LUSHOX04,MUMBIH,0.8611074620228394
LUSHOX04,HIYZEV01,0.8579991463053136
LUSHOX04,WOBQEL,0.8469190198281648
LUSHOX04,WURKEB,0.8464639673132278
LUSHOX04,GURXIB,0.8391017585628346
LUSHOX04,SAMVIO,0.8388377258431339
VUSKEA,PEVQEO,0.9999997079158724
VUSKEA,MIBQAR07,0.9999989504862552
VUSKEA,HOLRAD,0.999998145929724
VUSKEA,VEGMOK04,0.9985472435742492
VUSKEA,FIJCUX01,0.9962275463270476
VUSKEA,BOLPAU,0.9068664999994426
VUSKEA,DAWCIP,0.9051743248649212
VUSKEA,CESQUP,0.8973323789155939
VUSKEA,JEDDII,0.8971900750879296
VUSKEA,GOSDUP,0.895506835088824
VUSKEA,ACODIH,0.8948904417479824
VUSKEA,RUYGOJ,0.8902517163528646
VUSKEA,UKOLOV,0.8853099010055359
VUSKEA,NAWXER,0.8819616479738627
VUSKEA,DUPKAC,0.8779453388489113
VUSKEA,XOQXIL,0.875958791134666
VUSKEA,IJEXIF01,0.8745165494733117
VUSKEA,NIWYID,0.8738809557292017
VUSKEA,FUVBAB,0.8716849639362674
VUSKEA,PEJPEB,0.8712158453202548
VUSKEA,ACIBOE,0.8708754918882834
VUSKEA,NANYUX03,0.8706931170656441
VUSKEA,ZARLEL,0.8706646663274911
VUSKEA,NENHEU,0.8686765873522739
VUSKEA,GADROU,0.8681579244943181
VUSKEA,OKELOH,0.866849494957283
VUSKEA,XEGWIS,0.8628014657385631
VUSKEA,KAHMOW,0.8627859251796366
VUSKEA,XEGXIT,0.8627713298483395
VUSKEA,XEGWAK,0.862759328901558
VUSKEA,YICQOS,0.8611362197659872
VUSKEA,DUFLOH,0.8608656390198512
VUSKEA,XENMIO,0.8579689614899253
VUSKEA,XOHNEO,0.85475830598346
VUSKEA,SOSQIC01,0.8546539869057039
VUSKEA,TACJEO,0.8525854205968109
VUSKEA,GAWMOJ,0.8519289090946692
VUSKEA,PURJAO,0.8518881241866856
VUSKEA,NISCOJ,0.8457518283029077
VUSKEA,VURMOL,0.8383032275756986
VUSKEA,HOKLIE,0.8381270225609847
YEYRAY,MITSEO,0.999865540908626
YEYRAY,MITSAK,0.9998052107336964
YEYRAY,FUMJAA,0.9996226422701088
YEYRAY,KUJMIN,0.9994553003007692
YEYRAY,DUWBEE,0.9460952396741904
YEYRAY,QUQFOY,0.9328415854642712
YEYRAY,AJIJEI,0.9198811484693652
YEYRAY,VIDVUB,0.9073818939884464
YEYRAY,FIJDEI,0.896615362178185
YEYRAY,IJEYEC,0.8927062975886446
YEYRAY,QEKLID01,0.8872185693781629
YEYRAY,QEKLID,0.8872020870457844
YEYRAY,GIYTOY,0.8741294924794943
YEYRAY,GIZNOT,0.8741199487918562
YEYRAY,FIPKOG01,0.861156582397056
YEYRAY,PENNAZ,0.8611560822755959
YEYRAY,DAKVIW,0.8533266875049563
YEYRAY,LUWKIZ,0.8492308730157443
YEYRAY,OKOSUE,0.8463990913367297
YEYRAY,WEVVOL,0.8394548646071913
NAHHAI,IYOQIY,0.9998191333973148
NAHHAI,LARBOW,0.903001096576936
NAHHAI,CISMEY,0.8991347014962728
OHOMIH,QIZLOC,0.9999909217171168
OHOMIH,NEHZUY,0.9996796402322424
OHOMIH,NEHZOS,0.9996536221649154
OHOMIH,DOTSOV12,0.99492343321289
OHOMIH,DOTSOV10,0.9949190575827146
OHOMIH,XAMDUM01,0.9938754367791632
OHOMIH,FIQCEN,0.9938118239438072
OHOMIH,YOZNIM,0.9937085702216324
OHOMIH,YOZNOS,0.980237496788808
OHOMIH,BABREE,0.930651300243724
OHOMIH,DALSOA,0.9275589635905932
OHOMIH,CITXUZ,0.9186227399434392
OHOMIH,RAWYAS,0.9181265556336689
OHOMIH,IWEVAJ,0.9135583958733404
OHOMIH,ALIXUP,0.9081281577270366
OHOMIH,GERWEH,0.901372180665926
OHOMIH,GIKMOD01,0.8971892380699568
OHOMIH,MOCKEV,0.8968735999514781
OHOMIH,XIJSUH,0.8967781321492597
OHOMIH,MOBDIR,0.8947982396736059
OHOMIH,MOFGOE,0.894794173158419
OHOMIH,HUCBOX01,0.8927309639738599
OHOMIH,HUCBOX,0.8924605339875983
OHOMIH,EXAXAE,0.8845054102881963
OHOMIH,VIXPUP01,0.8831892339488903
OHOMIH,MUDTEL,0.8804745536801676
OHOMIH,HIDTUM,0.8778671578616966
OHOMIH,DICKEH,0.8755911180294563
OHOMIH,LAQNID,0.8649742772260522
OHOMIH,WARXUL,0.8534834453600679
OHOMIH,TOVWAE,0.8520058809397273
OHOMIH,FAMQAO,0.8470264521569146
OHOMIH,RUJMEQ,0.8414860774985194
OHOMIH,NAFSOF,0.8401852973350272
OHOMIH,HOYKUD,0.8396413531616018
OHOMIH,BAZGAM,0.8387302278863429
MOFGOE,DOTSOV14,0.8962943425317065
MOFGOE,DOTSOV15,0.8962942310932887
MOFGOE,DOTSOV11,0.8962928197218432
MOFGOE,NEHZUY,0.8961252182911482
MOFGOE,BODPAN,0.8960040116700101
MOFGOE,YOZNIM,0.8958220381477606
MOFGOE,YOZNEI,0.895741423107736
MOFGOE,DIHVIB,0.8956984137982735
MOFGOE,QIZLOC,0.8948881008397421
MOFGOE,YOZNOS,0.8852513897650949
MOFGOE,LUKLIN,0.8534636522369498
MOFGOE,BABREE,0.8437441537368531
MOFGOE,ORAWAH,0.8399707849231475
REYCUV,REYCEF,0.9983869951367744
REYCUV,MEQPEG,0.9037758750165106
REYCUV,HEZKIH,0.866571643020705
REYCUV,WEHHOI,0.8657396103411141
REYCUV,WEHJAW,0.865708236606854
REYCUV,WEHHIC,0.8636520663765483
REYCUV,ADATAC,0.859569471549054
REYCUV,IQAGEN,0.8527838495704044
REYCUV,FUDGIW,0.84881906857243
REYCUV,FUVBAB,0.8406694048300081
REYCUV,NANYUX03,0.8393882686164329
YUKTUU,YUKTUU01,0.9999999992653176
YUKTUU,DADTOS15,0.9999998178750692
YUKTUU,REZJIR03,0.9999997590717732
YUKTUU,VIRJEM,0.9999983450554446
YUKTUU,LIJWOR02,0.9999835663793788
YUKTUU,DADTOS01,0.999968627431036
YUKTUU,DADTOS08,0.9999677909478178
YUKTUU,DADTOS09,0.9999672770299388
YUKTUU,DADTOS06,0.9999656499403078
YUKTUU,DIDVIW,0.9999649055601348
YUKTUU,DADTOS18,0.999963844928184
YUKTUU,YANWOC01,0.99996362434306
YUKTUU,LIJWOR05,0.9999593354207076
YUKTUU,IJOMOJ01,0.999950030518318
YUKTUU,YANWOC,0.9999428850452176
YUKTUU,LIJWOR01,0.9999281556391234
YUKTUU,SIWPUL04,0.9999269486072622
YUKTUU,NURGUE,0.9999199012912188
YUKTUU,DADTOS07,0.999905944342162
YUKTUU,DADTOS03,0.9998979899825609
YUKTUU,ATIBOU02,0.998250113770314
DUWBEE,QUQFOY,0.9819609369141264
DUWBEE,KUJMIN,0.9471113125606836
DUWBEE,MITSUE,0.9468375082221558
DUWBEE,MITSAK,0.9468335582864722
DUWBEE,MITSEO,0.9451868897302576
DUWBEE,QEKLID,0.9311431795345048
DUWBEE,CIKCOQ,0.8972996923099053
DUWBEE,WEVVOL,0.8774226644565164
DUWBEE,NAPZOV,0.8708900043435439
DUWBEE,VIDVUB,0.8651322651336815
DUWBEE,PAQYAJ01,0.8645761189086117
DUWBEE,DAPYAW,0.8561858064385989
DUWBEE,IYOQIY,0.8464160620584799
DUWBEE,IJEYEC,0.8451222660373152
WAQFAX,IYUHUG,0.9999986486256294
WAQFAX,FIFGEI,0.9999912194250028
WAQFAX,GALHUY,0.9936875711767252
WAQFAX,FAHQIQ,0.9922178187315392
WAQFAX,GIWMAD,0.9563152578336642
WAQFAX,NEDLOZ,0.955252820638652
WAQFAX,CIFSES,0.9536628873776164
WAQFAX,VACFOV01,0.9469230366187724
WAQFAX,VIFPUY02,0.9468600790209848
WAQFAX,VIFPUY05,0.9468586724166722
WAQFAX,VIFPUY,0.9468558875706744
WAQFAX,LEPTUY,0.8846633979343127
DARDIL,QICXUY,0.99999847554734
DARDIL,SIKYER,0.8973127006432474
DARDIL,EHAZES,0.895979749200137
DARDIL,WECSAZ,0.8953442672988633
DARDIL,EXUSUN,0.8940177332329959
DARDIL,IBEYAQ,0.8804558885430932
DARDIL,DUGDOA,0.8475083509570827
VEGXIQ01,AVILAT,0.9859231691901952
ILAKAH,LUSHOX05,0.9200536853955684
XOQXIL,YOCGAZ,0.96289135406312
XOQXIL,BOLPAU,0.9627013699183904
XOQXIL,FIJCUX01,0.8776858382074826
XOQXIL,MIBQAR07,0.8758990957575821
XOQXIL,HOLRAD,0.875835375099098
KEVBUK01,KEVBUK,0.9999985907678977
KEVBUK01,PINPAG,0.93808039151939
KEVBUK01,TEVVIC,0.9254292027840924
KEVBUK01,TEVVEY,0.9254257036251764
KEVBUK01,BEJKEJ,0.9238805564223898
KEVBUK01,GAWZOW,0.9233822465159984
KEVBUK01,TEVVOI,0.9152612753562304
KEVBUK01,LIDSEY,0.8865221590876561
KEVBUK01,XOMCIN,0.8857138722140763
KEVBUK01,JAMSEY,0.8827702927375553
KEVBUK01,HOGSIG,0.859560959225484
KEVBUK01,ROGLOP,0.8594794990944219
XOHNEO,OKELOH,0.8770989607595734
XOHNEO,VURMOL,0.8575434791419765
XOHNEO,HOLRAD,0.854800770609031
XOHNEO,MIBQAR07,0.8547781045819813
XOHNEO,IFABIA02,0.8527936379535513
XOHNEO,VEGMOK04,0.8520685876732326
XOHNEO,YICQOS,0.8495361526094843
XOHNEO,DUFLOH,0.8494558541770643
XOHNEO,FIJCUX01,0.8489986040321449
XOHNEO,JAYXAL,0.8468987182141532
XOHNEO,NUFCAU,0.8407287967157092
XOHNEO,FERHAN,0.8388388028435658
ACICOH,ROGLOP,0.9999890275615408
ACICOH,AKOXIJ,0.9995789300472648
PINPAG,KEVBUK,0.9380216643757832
PINPAG,LIDSEY,0.9334570798349042
PINPAG,LIDSAU,0.9334300822575784
PINPAG,XOMCIN,0.9332525862156772
PINPAG,JAMSEY,0.9302669615744742
PINPAG,FEVDIV,0.9130686711923774
PINPAG,GAWZOW,0.8496697914370178
PINPAG,TEVVIC,0.8495494477395255
PINPAG,TEVVEY,0.8495350311513492
PINPAG,CAXZUY,0.8493729403425039
PINPAG,XADWIK02,0.8472243179177772
PINPAG,XADWIK,0.8470293892202571
PINPAG,HOGSIG,0.8437524971922697
PINPAG,ROGLOP,0.8437409629093748
QIYDIN01,FAGQAI,0.9949918270142706
QIYDIN01,BIHRUI,0.9746036667160451
QIYDIN01,OGEBAF,0.9501395950311248
QIYDIN01,HABQUY,0.938039422458154
QIYDIN01,DICKEH,0.9260205290845374
QIYDIN01,NUTQEZ,0.8857484756927436
QIYDIN01,YUGLES,0.885740831305555
QIYDIN01,RUVKAV,0.8401999522366524
DOTSOV02,DOTSOV12,0.999079572859434
DOTSOV02,DOTSOV10,0.9990731354088211
DOTSOV02,DOTSOV11,0.9990725779293664
DOTSOV02,BODPAN,0.9989687588803188
DOTSOV02,YOZNIM,0.998852740677476
DOTSOV02,DIHVIB,0.998777801832917
DOTSOV02,NEHZOS,0.9973440379236288
DOTSOV02,NEHZUY,0.9972836808438528
DOTSOV02,QIZLOC,0.9957776204228216
DOTSOV02,YOZNOS,0.994134241261976
DOTSOV02,BABREE,0.9320182692779224
DOTSOV02,EXOYAS,0.9192065283347448
DOTSOV02,CITXUZ,0.9187075270611292
DOTSOV02,GERWEH,0.9070194183923544
DOTSOV02,YUGLES,0.9062891643330954
DOTSOV02,NUTQAV,0.905926948444946
DOTSOV02,NUTQEZ,0.905744622891756
DOTSOV02,XIJSUH,0.9053052649389232
DOTSOV02,PIDRAY,0.9019060410761586
DOTSOV02,HUCBOX,0.8971403555074936
DOTSOV02,HUCBOX02,0.8965291953190185
DOTSOV02,HUCBOX01,0.8964776584149763
DOTSOV02,MOBDIR,0.8958536287653869
DOTSOV02,GIKMOD01,0.8941759339984074
DOTSOV02,VIXPUP01,0.8864713489966418
DOTSOV02,RUVKAV,0.8864687403842457
DOTSOV02,KANMIX,0.883829198315105
DOTSOV02,EMUBOF,0.8833638582171834
DOTSOV02,APUPEH,0.8828916379048646
DOTSOV02,EXAXAE,0.8828505461993907
DOTSOV02,EXAXAE03,0.8826294507219262
DOTSOV02,DICKEH,0.8769806082939597
DOTSOV02,HIDTUM,0.8744922604889052
DOTSOV02,HABQUY,0.8687659183489169
DOTSOV02,LAQNID,0.8684283734390018
DOTSOV02,KIRFOI,0.8667238358783532
DOTSOV02,XICKOL,0.8602883568345957
DOTSOV02,OGEBAF,0.8595647406131397
DOTSOV02,IXAJUN,0.8584395953605788
DOTSOV02,IDUDIW,0.8579120404664939
DOTSOV02,EPISOM,0.8533034838422769
DOTSOV02,FAMQAO,0.8523500183532902
DOTSOV02,FALTUK,0.8523470848341841
DOTSOV02,FAMPUH,0.8522961770657413
DOTSOV02,KIJRUS,0.8395407233368859
DOTSOV02,BAZGAM,0.8393693267207852
DOTSOV02,LURRIA,0.8387746389458886
DOTSOV02,SEMNIJ,0.8381462337625288
DOTSOV02,BAZFUF,0.8380841796880487
CUFFUF,CUFDOX,0.9999999367775952
CUFFUF,CUFFIT,0.9999995369352638
CUFFUF,IYUHIU,0.9995500232862776
CUFFUF,PEYVEV,0.9885687480628416
CUFFUF,TONKEN,0.9472117186326524
CUFFUF,OWIHUZ,0.946968590878679
CUFFUF,OWIJAH,0.9469633432764816
CUFFUF,OWIJIP,0.9469346132352496
CUFFUF,XOMHIS,0.9303003495850796
CUFFUF,TIRFIK,0.8940752138121822
CUFFUF,MAYJOM,0.8749029452397354
CUFFUF,VIFPUY05,0.8747354064135147
CUFFUF,TIRFOQ,0.8468069177421428
CUFFUF,GIWMAD,0.8400236471231224
CUFFUF,NEDLOZ,0.8388408347711459
CUFFUF,CIFSIW,0.8380353711667055
FISQEG,MIHJUL,0.94222432450834
FISQEG,DIBQEM,0.9399588726992616
FISQEG,KESFOG,0.9265012757627245
FISQEG,BAKJEE,0.8942776828872752
FISQEG,CANYIB,0.891127289425901
FISQEG,CIPLIX,0.8834983609651609
FISQEG,ESEQUO,0.8800303075951258
FISQEG,AZIHOI,0.8729853523490076
FISQEG,BEPRIZ,0.8728957514444321
FISQEG,SIDXOV,0.8689489015136308
FISQEG,JODGIU,0.8647899361713381
FISQEG,DIDBEZ,0.8647566694079576
FISQEG,DIDBID,0.8646895327259323
FISQEG,ERUNUC,0.864675455368206
FISQEG,CAQJOW,0.857095466599055
FISQEG,HALVEY,0.8570873043259997
FISQEG,DIQHAO01,0.8515834626634229
FISQEG,YATDOP,0.8512622566045724
FISQEG,BIKMAL,0.8441521629144344
FISQEG,QIQTOB,0.842197122170419
FISQEG,ONOCUR,0.8399196313800175
ALIXID,EBIMEJ,0.9990602720777888
ALIXID,XAPSIS,0.9070674520445052
ALIXID,FEYJOJ,0.8641951002559066
ALIXID,KESFOG,0.8611790698724435
ALIXID,AGAFAS,0.8531998214004304
ALIXID,UFUKUB01,0.8428929947971052
ALIXID,UFUKUB03,0.8428742253966246
ALIXID,HUZJIW,0.8421911124654482
AMURUX10,AMURUX08,0.9999685009813092
AMURUX10,AMURUX,0.9999324250901424
AMURUX10,LIJWUX,0.9997537162443376
AMURUX10,ILECIN,0.999399387489885
AMURUX10,SIRBIG06,0.9993692640236884
AMURUX10,XEHSOT,0.9962850334471002
AMURUX10,NIWZIE01,0.995469987681106
AMURUX10,NIWZIE09,0.9949761488591088
AMURUX10,NIWZIE17,0.9944456618488652
AMURUX10,NIWZIE18,0.9943920438609778
NUDNUW01,XACLOF,0.9999932753004636
NUDNUW01,IZIDOM,0.999947096909814
NUDNUW01,NUDNUW09,0.9999181512658728
NUDNUW01,NUDPAE01,0.999514348045679
NUDNUW01,NUDPAE,0.9995082135476698
NUDNUW01,NIKYUC,0.9972828711462636
NUDNUW01,NIKZEN,0.9967488051838512
NUDNUW01,NIHBAI01,0.9966695128692112
NUDNUW01,NIKZAJ01,0.9963749286273168
NUDNUW01,IZAKAX,0.9956909218895116
XADWIK,XADWIK02,0.9999929469534536
XADWIK,XADWIK01,0.9999841975774064
XADWIK,FEVDIV,0.9069048002879176
XADWIK,XOMCIN,0.9057034103069476
XADWIK,LIDSEY,0.9041330918881576
XADWIK,JAMSEY,0.9028460348839248
XADWIK,CAXZUY,0.8824811543283839
XADWIK,GAWZOW,0.8812500553407383
XADWIK,BEJKEJ,0.8811609837787457
XADWIK,TEVVEY,0.8746534614209982
XADWIK,HOGSIG,0.852098156711133
XADWIK,BIKMEP,0.8387524470393293
RAKBIO02,XADDUD,0.8538369256082615
RAKBIO02,CEYPUT,0.8438489624882098
RAKBIO02,OJOBAS,0.8438438897883246
RAKBIO02,CEYPUT01,0.8438349399942098
RAKBIO02,ABAVUV,0.8438100843116592
RAKBIO02,VODNOS,0.8437450130572676
RAKBIO02,VEDFIV,0.8436543297097745
RAKBIO02,BOWDUO,0.843473993707127
RAKBIO02,YODRAM,0.8434728432159027
RAKBIO02,EXUXEC,0.8431573223815862
RAKBIO02,ABAVIJ,0.8421967013462851
RAKBIO02,ERUNIQ,0.8412168812291276
CEYPUT01,CEYPUT,0.9999675683733776
CEYPUT01,OJOBAS,0.999967563391098
CEYPUT01,VEDGES,0.9999668966272108
CEYPUT01,VEDFIV,0.9999564635247326
CEYPUT01,VEDGIW,0.9999444024865456
CEYPUT01,VEDFOB,0.9999279479036854
CEYPUT01,VEDFER,0.9999244072700948
CEYPUT01,BOWDOI,0.9998860440606324
CEYPUT01,BOWDUO,0.9998440836647045
CEYPUT01,YODRAM,0.9998435641579392
CEYPUT01,BIPXIK,0.999798580774074
CEYPUT01,EXUXEC,0.9996816142587744
CEYPUT01,ABAVIJ,0.9991470497249428
CEYPUT01,TATSIS,0.998583055907844
CEYPUT01,YIGGEB,0.9962115500074822
CEYPUT01,JODGIU,0.9231663669698406
CEYPUT01,ERUNOW,0.9231046326034306
CEYPUT01,DIDBEZ,0.9230914748879456
CEYPUT01,DIDBOJ,0.923063285407952
CEYPUT01,CAXZOS,0.9229599991701098
CEYPUT01,JODGOA,0.8949279709213223
CEYPUT01,BUKLOJ,0.8820995058172275
CEYPUT01,BAKJOO,0.8792449045738477
CEYPUT01,BAKJEE,0.8791282418088828
CEYPUT01,FEVDER,0.8789085115804129
CEYPUT01,AZIHOI,0.878407234593934
CEYPUT01,FUMJAZ01,0.8533143473308121
CEYPUT01,FUMJAZ,0.853160533072614
CEYPUT01,MOXDOT,0.844373744544869
CEYPUT01,RAKBIO01,0.8438074063892796
CEYPUT01,NERVIP01,0.8435321813601903
CEYPUT01,GAGWOB,0.8427510809527852
CEYPUT01,NERVOV,0.8424637804422898
CEYPUT01,FAZPIH,0.8424502258714285
CEYPUT01,VOCKUT,0.8423104399401072
CEYPUT01,NERVEL,0.8422166328368974
TEVZOK,RATDAS02,0.9999969571232163
TEVZOK,ELUQIM07,0.9998711928149532
TEVZOK,ELUQIM04,0.9998631148716602
TEVZOK,ELUQIM01,0.99985887791036
TEVZOK,VERZUP,0.9997992008351356
TEVZOK,YANXIX04,0.9989117936627248
TEVZOK,YANXIX02,0.9987737471120676
TEVZOK,SANMEB,0.9984132931454271
TEVZOK,YUKVUW04,0.9982442871287476
TEVZOK,SIWQIA02,0.9974926089882614
TEVZOK,SIWYOO,0.9973972332365802
TEVZOK,TAYZUQ,0.996771440976789
TEVZOK,AMOBEL02,0.995301212693284
RUBTAK03,UFOSEQ,0.9999999991420752
RUBTAK03,WIZMAV12,0.9469528339688532
RUBTAK03,WIZMAV08,0.9469383094798776
RUBTAK03,WIZMAV06,0.946935650522648
RUBTAK03,ERARUM,0.9469095507727392
RUBTAK03,ERANAO,0.9367740749559
RUBTAK03,OFOJAX,0.9096906513940952
RUBTAK03,RUKDIM,0.9075705692521604
RUBTAK03,WUPTUY01,0.9049443590034078
RUBTAK03,OXOLAP,0.9045877576961594
RUBTAK03,GAYXEM,0.903131398399533
RUBTAK03,BUNLAZ,0.8982155440486862
RUBTAK03,BUNKUS,0.8974642042263179
RUBTAK03,VIKSIU,0.8779372751477985
RUBTAK03,VIKRIT,0.8776566490130948
RUBTAK03,ESEBOV,0.8753234749509086
RUBTAK03,HERHUK,0.857308490466949
ESEBOV,ERARUM,0.8932503792494574
ESEBOV,WIZMAV06,0.8931978411975933
ESEBOV,WIZMAV11,0.8931891825515543
ESEBOV,WIZMAV09,0.893186041678022
ESEBOV,WIZMAV07,0.8931839245951313
ESEBOV,WIZMAV12,0.8931612156796668
ESEBOV,UVAHIK,0.8930445186220439
ESEBOV,BUNLAZ,0.8833547955895674
ESEBOV,BUNKUS,0.882977031401772
ESEBOV,UFOSEQ,0.8753264766337454
ESEBOV,XIJVIY,0.8742975064072862
ESEBOV,GERBEN,0.8600321740666347
ESEBOV,HERHAQ,0.8599223456687702
ESEBOV,GAYXEM,0.8596324470250639
ESEBOV,IZIBUQ,0.8494354039084349
ESEBOV,RIBSAZ,0.845935255023233
VEDGES,VEDGIW,0.9999959924504797
VEDGES,VODNOS,0.9999950324216564
VEDGES,VEDFOB,0.9999900262196948
VEDGES,CEYPUT,0.99998309419218
VEDGES,VEDFER,0.9999759724021005
VEDGES,BOWDOI,0.9999716103322668
VEDGES,BOWDUO,0.9999509190849256
VEDGES,BIPXIK,0.9999221264079554
VEDGES,EXUXEC,0.999836154893573
VEDGES,TATSIS,0.9989065449037952
VEDGES,ERUNIQ,0.9986741231017074
VEDGES,ERUNUC,0.9233541977015514
VEDGES,CAXZOS,0.9230075753007676
VEDGES,DIDBEZ,0.9229919669697544
VEDGES,DIDBID,0.9229190683530316
VEDGES,JODGOA,0.8946415227976382
VEDGES,BUKLOJ,0.8825869170055137
VEDGES,BAKJOO,0.879214956711984
VEDGES,AZIHOI,0.8786669825854958
VEDGES,CANYIB,0.877428871217388
VEDGES,ESEQUO,0.8727509499751094
VEDGES,YATDOP,0.8601540650062846
VEDGES,DIQHAO01,0.8560864051305674
VEDGES,FUMJAZ01,0.8535568115755694
VEDGES,XEVXUT,0.851559644170886
VEDGES,MOXDOT,0.8444198977497501
VEDGES,NERVIP01,0.8437069389065925
VEDGES,RAKBIO01,0.8436985266620028
VEDGES,GAGWOB,0.8430175024519917
VEDGES,KOHLIE,0.8429924771227382
VEDGES,CANROA,0.842915117948714
VEDGES,NERVOV,0.8428100225977669
VEDGES,NERVEL,0.8425498946339127
VEDGES,NERVIP,0.8422710017784494
NUDPAE01,NUDPAE,0.9999999712690196
NUDPAE01,VICBEQ,0.9999994882842104
NUDPAE01,NUDPAE09,0.9999262827217976
NUDPAE01,IZIDOM,0.9997807118453368
NUDPAE01,NIKYUC,0.9990925132829498
NUDPAE01,NIKZEN,0.9987729767454484
NUDPAE01,NIKZAJ01,0.9985388524160717
NUDPAE01,IZAKAX,0.9980929773516783
RIGHAR,ROCZEQ,0.9960847777277816
RIGHAR,GOYLUB,0.8848636343347576
RIGHAR,KETHEY,0.87925029267902
RIGHAR,CIKCOQ,0.8792365626501812
RIGHAR,KEPLID,0.8627081707953979
RIGHAR,LULGIJ,0.8612135958554956
RIGHAR,PIHJIB,0.8553450878520802
RIGHAR,ZASJAG,0.8535340665294201
RIGHAR,RUXWEM03,0.8443978011622301
RIGHAR,ACUBOP01,0.8439915333993155
RIGHAR,HIBSUG06,0.8439781667218319
RIGHAR,HIBSUG02,0.8439766788455745
RIGHAR,HIBSUG01,0.8439762326538818
RIGHAR,OVAJAX,0.843908329904748
RIGHAR,EFUFEQ,0.843749705629211
RIGHAR,ODIXAC,0.8429926764835065
RIGHAR,ODIXIK,0.8424690565876642
RIGHAR,ENITEB,0.8424197048109869
RIGHAR,NOZZUZ,0.8411270507525616
APACAX,NUFBOH,0.951265298766165
APACAX,DOYHIK,0.950794995429894
APACAX,NUFCAU,0.9453457397918312
APACAX,YOZYUJ,0.8930401541201567
APACAX,NIWYID,0.8779310281512902
APACAX,FUVBAB,0.87762570595754
APACAX,PEJPEB,0.8774649242824963
APACAX,ACIBOE,0.8773361345213986
APACAX,NANYUX03,0.8772633212512786
APACAX,OKELOH,0.8488306563473473
APACAX,RIGTIL,0.8464652450791694
APACAX,CIZQOT,0.846025614357156
APACAX,UMEXUF,0.8458681571238145
APACAX,CIZQUZ,0.8456534783501328
APACAX,UGUQOC,0.8444721222395787
APACAX,FABFOF,0.8443796994374094
SEQWIW,AFOVAT,0.9997963817244316
BELTOD,VUQJUN01,0.884750455203864
BELTOD,VUQKAU02,0.8843001200431333
RISXAU,TIPRIT01,0.99960033320959
GIKMOD01,HUCBOX01,0.9969637020922408
GIKMOD01,HUCBOX,0.9966550936617888
GIKMOD01,HUCBOX02,0.996594214104862
GIKMOD01,NEHZUY,0.8973356437949476
GIKMOD01,NEHZOS,0.8973281650415114
GIKMOD01,WULJUJ,0.8941926547256553
GIKMOD01,DOTSOV12,0.8939573679757205
GIKMOD01,DOTSOV14,0.8939543686604698
GIKMOD01,DOTSOV11,0.893950784634865
GIKMOD01,XAMDUM01,0.8930888711524267
GIKMOD01,FIQCEN,0.8930358742204663
GIKMOD01,YOZNIM,0.8929490143100917
GIKMOD01,YOZNEI,0.8927909900977473
GIKMOD01,DIHVIB,0.892706212923207
GIKMOD01,YOZNOS,0.8800885093617086
GIKMOD01,BABREE,0.8428538079497647
GIKMOD01,DALSOA,0.8404103814429689
FONQAC,FELXOM,0.9126403403483708
FONQAC,WEVVOL,0.8765212611350041
FONQAC,EKUNON01,0.8727056592143903
FONQAC,RUXWEM03,0.8670024951916886
FONQAC,YICRAF,0.8614464814219376
FONQAC,GOYLUB,0.852529224862638
FONQAC,YIHZIA02,0.8470670004172471
FONQAC,BERQIA,0.8460824909560895
FONQAC,QEKLID,0.8379305656911317
DOTSOV14,DOTSOV10,0.9999999895474938
DOTSOV14,DOTSOV11,0.9999999885696048
DOTSOV14,BODPAN,0.999972604319648
DOTSOV14,XAMDUM01,0.9999506690496774
DOTSOV14,FIQCEN,0.9999447792710792
DOTSOV14,YOZNIM,0.9999345609447968
DOTSOV14,YOZNEI,0.99991356510075
DOTSOV14,DIHVIB,0.9999019426263664
DOTSOV14,WULJUJ,0.9991001510356714
DOTSOV14,NEHZOS,0.9972159132176244
DOTSOV14,QIZLOC,0.995075568183568
DOTSOV14,EXOYAS,0.9199356755704332
DOTSOV14,GERWEH,0.9081096157227004
DOTSOV14,MOCKEV,0.9069567803575402
DOTSOV14,ALIXUP,0.901505551932782
DOTSOV14,PIDRAY,0.9011472602042184
DOTSOV14,HUCBOX01,0.8973489971861899
DOTSOV14,HUCBOX,0.8971052101240806
DOTSOV14,PAMQIF,0.8970348392265038
DOTSOV14,GIKMOD,0.8946172261824951
DOTSOV14,MUDTEL,0.8938524178718692
DOTSOV14,GINTUT,0.8872540920621337
DOTSOV14,VIXPUP01,0.8872463974531869
DOTSOV14,RUVKAV,0.8872162429318273
DOTSOV14,KANMIX,0.8849466244740863
DOTSOV14,EMUBOF,0.8846833217689
DOTSOV14,EXAXAE03,0.882540118208026
DOTSOV14,DICKEH,0.8774518203881092
DOTSOV14,HIDTUM,0.8741817423811934
DOTSOV14,KIRFOI,0.8666218528797116
DOTSOV14,IWEQAD,0.8611555922635472
DOTSOV14,XICKOL,0.8608874694187342
DOTSOV14,OGEBAF,0.8593840620427001
DOTSOV14,IXAJUN,0.8583039374019673
DOTSOV14,FALTUK,0.8534596929305326
DOTSOV14,FAMPUH,0.8534335363463221
DOTSOV14,EPISOM,0.852919553295291
DOTSOV14,WARXUL,0.8495802399310389
DOTSOV14,RUJMEQ,0.8464089238232098
DOTSOV14,LUKLIN,0.8399600661664026
DOTSOV14,BAZFUF,0.8395249039943655
DOTSOV14,ENIHUG,0.8384653300770888
NAHGUB,GAMFEG,0.9130266044981206
NAHGUB,MOFTIL02,0.9073389829807864
NAHGUB,MOFTIL01,0.9072780771879916
NAHGUB,NUCRIN,0.9069386428035108
NAHGUB,BOVHEB,0.8933375719760228
NAHGUB,AQOROP,0.8844041800405513
NAHGUB,LEYLIN,0.8794979017342266
PICCUC,JEDDII,0.9995182086842102
PICCUC,IFABIA02,0.8970582933251174
PICCUC,HOLRAD,0.8970446637619369
PICCUC,FIJCUX01,0.895327911065095
PICCUC,JENKET,0.8489902038191051
SIXNEV,SIXNOF,0.8958321262635129
SIXNEV,ASIVAB,0.8957536941917287
SIXNEV,SIXNUL,0.8731882703579319
SIXNEV,ANUGEW,0.8646226276109364
SIXNEV,BAZGAM,0.8601922680480025
SIXNEV,BAZFUF,0.8587268409347266
SIXNEV,NAFSOF,0.85864366906006
SIXNEV,QOWRAV,0.8511006291145126
SIXNEV,QOWRAV08,0.8510279811512875
SIXNEV,QOWRAV05,0.8509570106955717
FAMPUH,FALTUK,0.9999983917063346
FAMPUH,FAMQAO,0.9999980997430528
FAMPUH,ORAWAH,0.8820867233353757
FAMPUH,IDUSIM,0.8802619238388609
FAMPUH,IDUSIM01,0.88010061530602
FAMPUH,IDUSIM02,0.8798721650946322
FAMPUH,UNABUH01,0.8798563668880943
FAMPUH,UNABUH,0.87982063987019
FAMPUH,IDUTIN,0.8796084829079139
FAMPUH,XIJSUH,0.8602106973097414
FAMPUH,YOZNEI,0.853549964927992
FAMPUH,YOZNIM,0.853545218634864
FAMPUH,FIQCEN,0.8535409963486813
FAMPUH,BODPAN,0.8535204740942923
FAMPUH,DOTSOV11,0.8534342123219991
FAMPUH,DOTSOV15,0.8534335996790676
FAMPUH,DOTSOV12,0.8534329710125542
FAMPUH,PIDRAY,0.8517947179037498
FAMPUH,NEHZOS,0.8494988353703741
IDUTIN,IDUTEJ,0.9999998004035088
IDUTIN,UNABUH,0.9999977946302228
IDUTIN,UNABUH01,0.999997419391077
IDUTIN,IDUSIM02,0.9999970761399272
IDUTIN,UNACIW,0.9999960369751684
IDUTIN,UNACES,0.9999935426819856
IDUTIN,FAMQAO,0.8798214702871318
IDUTIN,ECODIK,0.8666738240244449
IDUTIN,NIHDEQ,0.8666639772133815
IDUTIN,BAHGUN04,0.866554325533317
IDUTIN,BAHGUN02,0.8665114662529378
IDUTIN,BAHGUN,0.8665078864320284
IDUTIN,UFUNAK,0.8659868887705495
IDUTIN,KAKTIA01,0.8653184507351075
IDUTIN,POFDEV,0.8651157854591094
IDUTIN,POFFAT,0.8632522697989458
IDUTIN,POFFEX,0.8615515533272919
IDUTIN,VIXPUP,0.8567725225335339
IDUTIN,VIXPUP01,0.8555478542264956
IDUTIN,IXAJUN,0.8544490747322064
IDUTIN,XICKOL,0.8520329369288141
LELGOB,XACSIG,0.8537597606486069
LELGOB,JEJZAC,0.8484543109707732
LELGOB,HEBJEF,0.8390838365491797
XAVDEF,IDIWOH02,0.9999998490981956
XAVDEF,IXOFOR,0.9999997148001056
XAVDEF,IDIWOH05,0.99999999960373
XAVDEF,IDIWOH06,0.999999993110454
XAVDEF,IXODUV,0.9999997662356764
XAVDEF,IXOFUX01,0.9999996874678038
XAVDEF,IXOFUX,0.99999968405915
XAVDEF,IDIWOH,0.999999097682023
XAVDEF,XAVDIJ,0.999998207457602
XAVDEF,JUMDEC,0.999997861721184
XAVDEF,IXOFAD,0.9999970723725696
XAVDEF,ATOTIM,0.9999293187592626
KARMOH,MIXZOK,0.956332002601382
TEVVIC,TEVVEY,0.999999890627871
TEVVIC,BEJKEJ,0.9978564445319146
TEVVIC,GAWZOW,0.9973191398093302
TEVVIC,CAXZUY,0.9963452028314216
TEVVIC,KEVBUK,0.9254449519754376
TEVVIC,ROGLOP,0.9221169194081298
TEVVIC,JAMSEY,0.9045168049117304
TEVVIC,XADWIK02,0.8749763537476655
TEVVIC,EKEKAH,0.8745992145317394
TEVVIC,SEQSIS,0.8709548207629112
TEVVIC,BOSHUN,0.8588549785855564
DUNXUH15,DUNXUH06,0.9999978052665944
DUNXUH15,DUNXUH,0.9999955479712176
DUNXUH15,DUNXUH13,0.9999859999710918
DUNXUH15,FUVBAB,0.8973092228395632
DUNXUH15,NIWYID,0.8970683526665718
DUNXUH15,YOZYUJ,0.8547505400040338
CEZYOY,ENIHUG,0.9186562262310778
CEZYOY,WURNOO,0.850321283983699
CEZYOY,KAGJOS,0.8501068324869728
CEZYOY,ORAWAH,0.8465254541299542
CEZYOY,EGOZAB,0.8437617867192392
CEZYOY,BAHGUN,0.8437547888637252
CEZYOY,QERZUI01,0.8436467168494223
CEZYOY,UFUNAK,0.8436418558862765
CEZYOY,ECODIK,0.8435873640510233
CEZYOY,POFDIZ,0.8435387633381294
CEZYOY,UFUMUD,0.8434984578480451
CEZYOY,MURREW,0.8434657008079569
CEZYOY,UFUNIS,0.8434215627757404
CEZYOY,NIHDEQ,0.84338990224152
CEZYOY,POFDEV,0.8431561530559338
CEZYOY,VOJPUG01,0.8427200374257819
CEZYOY,KIRFOI,0.8424742075702955
CEZYOY,POFFAT,0.8418941281570771
RAVVIU01,EDAGAT,0.9999999465916848
RAVVIU01,RAVVIU,0.9999987512080308
RAVVIU01,RAVVOA01,0.9999923480556144
RAVVIU01,EDAGEX,0.9999813801885576
RAVVIU01,JEXWUF,0.9998870709266964
RAVVIU01,DADTUY05,0.998577327621852
RAVVIU01,DADTUY09,0.9985109563984604
RAVVIU01,DADTUY01,0.99848955617264
RAVVIU01,DADTUY11,0.9982968973971296
RAVVIU01,IGOPEB,0.9976127838948374
RAVVIU01,SOJKOT05,0.997341612474972
RAVVIU01,SOJKOT07,0.997203786819494
RAVVIU01,DEFNIO,0.994053269869383
DEFNIO,OXCFOR,0.9984485073587652
DEFNIO,MAJMOA03,0.999611241579959
DEFNIO,SOJKOT06,0.999369251900438
DEFNIO,SOJKOT05,0.9993416084783692
DEFNIO,IGOPEB,0.9990495128734512
DEFNIO,YUKVEG,0.9987593385912376
DEFNIO,DADTUY07,0.9985080374383188
DEFNIO,DADTUY09,0.9985043245923716
DEFNIO,DADTUY05,0.998436402964165
DEFNIO,DADTUY,0.9983802131910352
DEFNIO,EDAGEX,0.9946952341810332
DEFNIO,EDAGAT,0.9940814590091794
DEFNIO,RAVVIU,0.9938817340513112
DEFNIO,RAVVOA01,0.9936222241778956
DEFNIO,JEXWUF,0.992314120722294
HABQUY,DICKEH,0.9856901826693668
HABQUY,BIHRUI,0.963770020931552
HABQUY,OGEBAF,0.9635220062266938
HABQUY,NUTQAV,0.9482586032328733
HABQUY,NUTQEZ,0.9480841301312072
HABQUY,QIYDAF01,0.938539158127766
HABQUY,SEMNIJ,0.935769506234128
HABQUY,WULJUJ,0.8687498304380687
HABQUY,DOTSOV12,0.8665855313791785
HABQUY,DOTSOV15,0.8665746142529205
HABQUY,BODPAN,0.8665059296434658
HABQUY,YOZNEI,0.866421263805988
HABQUY,FIQCEN,0.8663913628653707
HABQUY,YOZNIM,0.8663817747814748
HABQUY,DIHVIB,0.8663071554737218
HABQUY,NEHZOS,0.8647159059415539
HABQUY,NEHZUY,0.8646548069030838
HABQUY,QIZLOC,0.863292905741735
HAZNIH,HAZNED,0.999999946694458
HAZNIH,NIMVUC,0.8636337542563447
HAZNIH,KULMIP,0.863568033468376
HAZNIH,FAVNAU,0.8378758993452196
HAJPEQ,LIRVAK,0.8598493354408752
HAJPEQ,KIKRAA,0.8595074842090824
HAJPEQ,RAGREY,0.8584986744069685
HAJPEQ,PEKZIP,0.8580176034501388
HAJPEQ,CUPHUS,0.8575591038838835
GIMBIN05,GIMBIN,0.9999856988110822
GIMBIN05,MANLET,0.849305573053621
YOCGAZ,VEGMOK04,0.9082425741237188
YOCGAZ,IFABIA02,0.907999339492072
YOCGAZ,MIBQAR07,0.9065529716448352
YOCGAZ,HOLRAD,0.9064961184709824
YOCGAZ,DAWCIP,0.8608245886288801
YOCGAZ,NEHGIS,0.8607809155723471
YOCGAZ,BUVNIR,0.8400571148931946
ACIBOE,NANYUX03,0.9999977159337308
ACIBOE,PEJPEB,0.999992614015547
ACIBOE,FUVBAB,0.9999550731386008
ACIBOE,NIWYID,0.999048923557283
ACIBOE,IJEXIF01,0.998211110801286
ACIBOE,YOZYUJ,0.947072149414918
ACIBOE,QOPZIF,0.9180219518600168
ACIBOE,FUDGIW,0.908061491092469
ACIBOE,REBVIG,0.9078507133724852
ACIBOE,KEFBOO,0.898979298605819
ACIBOE,DUNXUH13,0.8971052829799071
ACIBOE,WIMWIA,0.8967362544770788
ACIBOE,DOYHIK,0.8777462561521103
ACIBOE,FIJCUX01,0.8749920855047095
ACIBOE,NUFBOH,0.8745659981486874
ACIBOE,IFABIA02,0.8736638052617813
ACIBOE,NUFCAU,0.8661528989888794
ACIBOE,SOWCOY,0.8609208067634924
ACIBOE,LASMUP,0.856456667092597
ACIBOE,ALANAD,0.8519522764561556
ACIBOE,WEHJAW,0.8518625850032725
ACIBOE,WEHHOI,0.8518307386693127
ACIBOE,QAQSAD,0.8499133490154263
ACIBOE,WORKUL,0.8487301753692346
ACIBOE,CIJLIT,0.845608332904132
ACIBOE,HEZKIH,0.8442469939116831
ACIBOE,HIQNOM,0.8441317945946427
ACIBOE,REYCEF,0.844042162110147
ACIBOE,JENKET,0.8402028070817062
ACIBOE,GUGNON,0.8401709538067387
ACIBOE,NENHEU,0.8400998840489301
ACIBOE,JAYXAL,0.8393633779679909
EXAXAE03,WANJIF,0.997355086720148
EXAXAE03,KANMIX,0.9961880000955542
EXAXAE03,EMUBOF,0.9950804867036156
EXAXAE03,NEHZUY,0.8850672897303982
EXAXAE03,QIZLOC,0.8846717152507847
EXAXAE03,DOTSOV10,0.8825397508182369
EXAXAE03,DOTSOV11,0.8825369321098112
EXAXAE03,BODPAN,0.8819883889451433
EXAXAE03,FIQCEN,0.8817389193489515
EXAXAE03,YOZNIM,0.8816625733086596
EXAXAE03,YOZNEI,0.8815238444282696
EXAXAE03,YOZNOS,0.8694215635391206
EXAXAE03,IDUDIW,0.8538782055366825
EXAXAE03,DEGSIS01,0.8440139996491651
EXAXAE03,QESBAR,0.8437149042374109
EXAXAE03,GERWEH,0.8391452118269742
DOTSOV12,DOTSOV15,0.9999999887353688
DOTSOV12,DOTSOV10,0.9999999887299842
DOTSOV12,DOTSOV11,0.9999999863055168
DOTSOV12,YOZNIM,0.99993414302117
DOTSOV12,YOZNEI,0.9999130863868516
DOTSOV12,DIHVIB,0.999901431271671
DOTSOV12,WULJUJ,0.9991006536668972
DOTSOV12,NEHZOS,0.997218626809562
DOTSOV12,NEHZUY,0.9971430974273257
DOTSOV12,QIZLOC,0.995079163145192
DOTSOV12,YOZNOS,0.9912078463026944
DOTSOV12,DALSOA,0.9330058501948169
DOTSOV12,BABREE,0.9324954687109028
DOTSOV12,ORAWAH,0.9316891371176867
DOTSOV12,EXOYAS,0.919936301704126
DOTSOV12,CITXUZ,0.9189862727925108
DOTSOV12,IWEVAJ,0.918723928187254
DOTSOV12,YUGLES,0.907684826549503
DOTSOV12,NUTQAV,0.9074210219294472
DOTSOV12,NUTQEZ,0.9072832176548764
DOTSOV12,MOCKEV,0.9069549451091632
DOTSOV12,ALIXUP,0.9015097584214186
DOTSOV12,PIDRAY,0.9011515754947962
DOTSOV12,HUCBOX02,0.8973571051206546
DOTSOV12,HUCBOX,0.8971053497918315
DOTSOV12,PAMQIF,0.8970354599408624
DOTSOV12,GIKMOD,0.8946199195242304
DOTSOV12,GINTUT,0.8872537483212277
DOTSOV12,VIXPUP01,0.887246768505312
DOTSOV12,RUVKAV,0.8872167095945929
DOTSOV12,VIXPUP,0.8869600059924783
DOTSOV12,PAFZEE,0.8850327827132802
DOTSOV12,KANMIX,0.8849460353071134
DOTSOV12,WANJIF,0.8849325982676587
DOTSOV12,EMUBOF,0.884682298017616
DOTSOV12,DICKEH,0.8774529870945353
DOTSOV12,HIDTUM,0.8741849023352113
DOTSOV12,LAQNID,0.86924193171318
DOTSOV12,KIRFOI,0.8666245019643593
DOTSOV12,IWEQAD,0.8611556594120904
DOTSOV12,XICKOL,0.8608883162920866
DOTSOV12,TOVWAE,0.8605532568377465
DOTSOV12,OGEBAF,0.8593862155530156
DOTSOV12,IXAJUN,0.858306684497461
DOTSOV12,IDUDIW,0.8574173404231695
DOTSOV12,FALTUK,0.8534591929880573
DOTSOV12,ANUGEW,0.8531912567927911
DOTSOV12,WARXUL,0.8495834778697917
DOTSOV12,SEMNIJ,0.8394006622394288
DOTSOV12,BAZGAM,0.8384781941086774
XEKCAT01,HAFVUH,0.9357115344643688
XEKCAT01,WAMRIN02,0.9139090923470334
XEKCAT01,RASKIH,0.8957629768737303
XEKCAT01,NABMUA01,0.8738235408828263
XUFYAA,XOPXAC,0.9997675130549768
XUFYAA,XUFYEE,0.9999532726117965
XUFYAA,WAQDOJ,0.9084495194376678
XUFYAA,UMARIL,0.8727770258317294
XUFYAA,MUDLON,0.8700439638822265
XUFYAA,HAFVUH,0.8388990730977652
UFUMUD,BAHGUN02,0.999956403239999
UFUMUD,QERZUI01,0.9998923449174534
UFUMUD,ECODIK,0.9998392758759618
UFUMUD,BAHGUN04,0.9998286781317296
UFUMUD,BAHGUN,0.999808413495927
UFUMUD,UFUMUD01,0.999741636062354
UFUMUD,EGOZAB,0.999732522835229
UFUMUD,UFUNAK,0.9994099107729886
UFUMUD,POFDEV,0.9988674918236724
UFUMUD,VOJPUG01,0.9982701919078786
UFUMUD,POFDOF,0.997334190288355
UFUMUD,NELCEN,0.996059412646395
UFUMUD,POFFEX,0.9955062924274974
UFUMUD,KAGJOS,0.9227299972407262
UFUMUD,WURNOO,0.9226536781301816
UFUMUD,ICAGOK,0.9210968533809952
UFUMUD,IXAJUN,0.8790519655380484
UFUMUD,XICKOL,0.8770626893660705
UFUMUD,IDUSIM,0.8665213314704734
UFUMUD,UNACIW,0.8665084824069302
UFUMUD,UNABUH,0.8665039442514724
UFUMUD,UNACES,0.8664984693363686
UFUMUD,IDUSIM02,0.866492515995742
UFUMUD,UNABUH01,0.8664915743592634
UFUMUD,HOYKUD,0.8565591767551264
UFUMUD,QESBAR,0.843007999552526
IWEVAJ,EXOYAS,0.9983952241334012
IWEVAJ,RAWYAS,0.9978222354213192
IWEVAJ,WULJUJ,0.9198845792595376
IWEVAJ,DOTSOV11,0.9187165615892612
IWEVAJ,DOTSOV15,0.9187164881562182
IWEVAJ,DIHVIB,0.9186444486869813
IWEVAJ,YOZNOS,0.9161239519178412
IWEVAJ,NEHZOS,0.9158042530634692
IWEVAJ,NEHZUY,0.915728369959992
IWEVAJ,QIZLOC,0.913919892319675
IWEVAJ,DALSOA,0.8624521802508756
IWEVAJ,ORAWAH,0.8612203854727855
IWEVAJ,GINTUT,0.8511223090494092
IWEVAJ,GERWEH,0.8416120538926175
IWEVAJ,YUGLES,0.8411328340855153
IWEVAJ,NUTQAV,0.8408842715547145
IWEVAJ,MOCKEV,0.8408173700331316
IWEVAJ,NUTQEZ,0.8407541840647181
NIPWIT01,PASGIB02,0.8946656549644256
NIPWIT01,PASGEX04,0.8946364923311076
CIZQOT,RIGTIL,0.9996181311730308
CIZQOT,MUZHUL,0.9972727947897996
CIZQOT,UGUQOC,0.9958085081223677
CIZQOT,FABFOF,0.995668264418542
CIZQOT,WOBHEB,0.8708143516371563
CIZQOT,COKNAT,0.8692383582911367
CIZQOT,WOBHIF03,0.8691842093622131
CIZQOT,HIVSIQ,0.858579896189151
HOLRAD,MIBQAR07,0.9999987785694208
HOLRAD,VEGMOK04,0.9984419482252804
HOLRAD,FIJCUX01,0.9960593827510936
HOLRAD,BOLPAU,0.9067668191358924
HOLRAD,GUGNON,0.9046956618339062
HOLRAD,NEHGIS,0.904650150654812
HOLRAD,JENKET,0.903680682141296
HOLRAD,CESQUP,0.8973163513756648
HOLRAD,JEDDII,0.8971894405590453
HOLRAD,SACHIP,0.8960633735822292
HOLRAD,QEDZEG,0.8910012868787178
HOLRAD,RUYGOJ,0.8900223429963935
HOLRAD,UKOLOV,0.885187006232478
HOLRAD,BUVNIR,0.8849234383895697
HOLRAD,QAQSAD,0.8822546527957479
HOLRAD,NAWXER,0.881762109182874
HOLRAD,DUPKAC,0.8779316064929371
HOLRAD,XAFFER,0.8747869905717692
HOLRAD,NIWYID,0.8737882255088409
HOLRAD,PEJPEB,0.8710474180598966
HOLRAD,NANYUX03,0.8705135746841249
HOLRAD,ZARLEL,0.8704322831175593
HOLRAD,GADROU,0.8680750043425478
HOLRAD,OKELOH,0.8667141405725542
HOLRAD,XEGWIS,0.8625823676086686
HOLRAD,KAHMOW,0.8625665709653051
HOLRAD,XEGXIT,0.8625517330813464
HOLRAD,XEGWAK,0.8625394774948378
HOLRAD,YICQOS,0.8611453510442131
HOLRAD,DUFLOH,0.8608897629254144
HOLRAD,XENMIO,0.8578140609917136
HOLRAD,GAWMOJ,0.8518176804131538
HOLRAD,PURJAO,0.8517755145474999
HOLRAD,NISCOJ,0.845680151249371
HOLRAD,LEBQUH,0.8386798351051633
HOLRAD,VURMOL,0.8383396681230193
HOLRAD,REBVIG,0.8381186506080898
HOLRAD,HOKLIE,0.8380180913551929
QUNXEE,RUVBOB,0.8379557175772367
MIBQAR07,IFABIA02,0.9989815271261506
MIBQAR07,VEGMOK04,0.9984954563138052
MIBQAR07,DAWCIP,0.9051150022448404
MIBQAR07,GUGNON,0.904776903689318
MIBQAR07,NEHGIS,0.9047319147109918
MIBQAR07,JENKET,0.9037733670717184
MIBQAR07,CESQUP,0.8973241015201464
MIBQAR07,JEDDII,0.8972108521085425
MIBQAR07,GOSDUP,0.8954723530485118
MIBQAR07,ACODIH,0.8948237736663568
MIBQAR07,QEDZEG,0.8911104488607096
MIBQAR07,RUYGOJ,0.8901394927638846
MIBQAR07,BUVNIR,0.8849046312063659
MIBQAR07,WORKUL,0.8842726700522975
MIBQAR07,QAQSAD,0.88232830219638
MIBQAR07,NAWXER,0.8818756093903907
MIBQAR07,DUPKAC,0.8779383636142206
MIBQAR07,XAFFER,0.8748640252735713
MIBQAR07,IJEXIF01,0.8744860696709851
MIBQAR07,FUVBAB,0.8716085908590825
MIBQAR07,NOXMAQ,0.8709799490084321
MIBQAR07,ZARLEL,0.8705510339680527
MIBQAR07,NENHEU,0.868577908796916
MIBQAR07,OKELOH,0.8667828686902568
MIBQAR07,XEGWIS,0.8626940884283898
MIBQAR07,KAHMOW,0.8626784118557256
MIBQAR07,YICQOS,0.8611438330820559
MIBQAR07,HAZYUE,0.8609480710509614
MIBQAR07,WIMWIA,0.8582344028249239
MIBQAR07,HUVGEM,0.8579280306916256
MIBQAR07,XENMIO,0.8578936034699518
MIBQAR07,SOSQIC01,0.8546856255776781
MIBQAR07,HIFGIO,0.8541789466346692
MIBQAR07,WOJZOK01,0.853078589705317
MIBQAR07,TACJEO,0.8526288285176763
MIBQAR07,GAWMOJ,0.8518743092997392
MIBQAR07,PURJAO,0.851833066827548
MIBQAR07,VURMOL,0.8383207850128829
MIBQAR07,REBVIG,0.8381811560391076
MIBQAR07,HOKLIE,0.8380737767848521
ORAWAH,YOZNEI,0.9322775468074204
ORAWAH,YOZNIM,0.9322132848215088
ORAWAH,FIQCEN,0.93217559862582
ORAWAH,XAMDUM01,0.9321519264352358
ORAWAH,BODPAN,0.9320428409651326
ORAWAH,DOTSOV10,0.931691269879686
ORAWAH,WULJUJ,0.9300721280854048
ORAWAH,NEHZOS,0.9251009305839324
ORAWAH,KIRFOI,0.9187112453938768
ORAWAH,ANUGEW,0.913012008559701
ORAWAH,WARXUL,0.8984156619004098
ORAWAH,LAQNID,0.8979810020484957
ORAWAH,NIGDIS,0.8891750031728692
ORAWAH,FALTUK,0.8820206952142791
ORAWAH,FAMQAO,0.8820148203126181
ORAWAH,IDUDIW,0.8814995458441988
ORAWAH,QOWRAV,0.8811919122007859
ORAWAH,QOWRAV12,0.8811652499131476
ORAWAH,QOWRAV05,0.8811289607304876
ORAWAH,QOWRAV04,0.8811244616362102
ORAWAH,BAZGAM,0.8772767035295068
ORAWAH,DALSOA,0.873859620874527
ORAWAH,RUJMEQ,0.8735964454294077
ORAWAH,NAFSOF,0.8724341427082536
ORAWAH,ENIHUG,0.8677156210292518
ORAWAH,YIMQOD,0.8674366623472082
ORAWAH,SEMNIJ,0.8673341175508901
ORAWAH,LURRIA,0.8634120280240998
ORAWAH,EXOYAS,0.861452327359503
ORAWAH,XIJSUH,0.8535533248966356
ORAWAH,MOCKEV,0.8535268027579546
ORAWAH,GERWEH,0.8529447858734547
ORAWAH,MUDTEL,0.8435984215387566
ORAWAH,HUCBOX01,0.8425544590244094
ORAWAH,HUCBOX,0.8423427142554386
ORAWAH,PAMQIF,0.8415968381696817
ORAWAH,MOBDIR,0.8399653738305167
ORAWAH,ALIXUP,0.8396023264558081
SADLIU,MAPGOC,0.8729766288561993
SADLIU,KIKMAV,0.8706241311865888
SADLIU,VALVAI,0.8695870366118702
SADLIU,HELNAQ,0.8691583558160219
SADLIU,AMIXUQ,0.8644146389085117
SADLIU,MAPGUI,0.8629922022352927
SADLIU,MAPHAP,0.8462092514193175
MAPGUI,AMIXUQ,0.9999520134439503
MAPGUI,HELNAQ,0.9988791582002434
MAPGUI,VALVAI,0.998676834488444
MAPGUI,KIKMAV,0.997490028971452
MAPGUI,MAPHAP,0.8827923701051913
FECWOB,MOFTIL02,0.9998680404187626
FECWOB,MOFTIL01,0.9998052010432904
FECWOB,NUCRIN,0.9994214380595332
FECWOB,BOVHEB,0.983784700078732
FECWOB,AQOROP,0.9177416669441972
FECWOB,PEPHID,0.897010663216367
FECWOB,GAMFEG,0.8955320813761721
FECWOB,SAQFUM01,0.8759321632934082
FECWOB,VAHWOS,0.8499070427156011
FECWOB,VAHWOS01,0.8498915092044717
FECWOB,VAHWOS02,0.8497813860798629
FECWOB,VAHWIM,0.8497533503926534
VURMOL,SOSQIC01,0.8575011827319139
AXULEM,KUJMIN,0.9199962165814656
ICAGOK,POFDOF,0.9233903051711704
ICAGOK,POFFAT,0.9233637191262272
ICAGOK,VOJPUG01,0.9233425989749896
ICAGOK,MURREW,0.9229777761562686
ICAGOK,KAKTIA01,0.92297577188854
ICAGOK,POFDIZ,0.9225937245082868
ICAGOK,EGOZAB,0.9220655079297284
ICAGOK,BAHGUN,0.9218621262288618
ICAGOK,BAHGUN04,0.921709029857008
ICAGOK,BAHGUN02,0.9215760248015614
ICAGOK,ECODIK,0.9208941781521832
ICAGOK,UFUNIS,0.9203689176736182
ICAGOK,NIHDEQ,0.9202455208354036
ICAGOK,XICKOL,0.9095119357353258
ICAGOK,BAZFUF,0.8840433170035248
ICAGOK,NAFSOF,0.8831039517598652
ICAGOK,QOWRAV,0.8768964264246006
ICAGOK,QOWRAV11,0.8768437421135786
ICAGOK,QOWRAV05,0.8767593172826531
ICAGOK,QOWRAV04,0.876749567104673
ICAGOK,HAYXIR,0.87051163385149
ICAGOK,OJOQAF02,0.8617010397121836
ICAGOK,XIQZIH,0.8599859531894658
ICAGOK,RAGREY,0.8582373892211111
ICAGOK,CUPHUS,0.8572659633322197
ICAGOK,EDOSOI,0.838377879168897
UFUMUD01,EGOZAB,0.9999984043677714
UFUMUD01,BAHGUN04,0.9999711500972666
UFUMUD01,BAHGUN02,0.9999102690877416
UFUMUD01,UFUNAK,0.999902545811707
UFUMUD01,QERZUI01,0.9998648449589828
UFUMUD01,POFDIZ,0.9998219801067988
UFUMUD01,MURREW,0.9997491691063232
UFUMUD01,UFUNIS,0.999623486550223
UFUMUD01,POFDEV,0.9994612141788912
UFUMUD01,VOJPUG01,0.9990424876565572
UFUMUD01,POFDOF,0.998430726949027
UFUMUD01,POFFEX,0.9969553800218456
UFUMUD01,KAGJOS,0.9230406104416804
UFUMUD01,UNACES,0.8664834087904346
UFUMUD01,IDUSIM02,0.8664595284313352
UFUMUD01,UNABUH,0.8664503899489367
UFUMUD01,IDUTEJ,0.8663923093955651
UFUMUD01,QESBAR,0.8436876110679171
UFUMUD01,ENITAX,0.8425870254170513
UFUNIS,NIHDEQ,0.9999878915246848
UFUNIS,ECODIK,0.999969439112869
UFUNIS,QERZUI01,0.9999393422628218
UFUNIS,BAHGUN02,0.99981110637286
UFUNIS,BAHGUN04,0.9998017561513616
UFUNIS,BAHGUN,0.9997458086584736
UFUNIS,EGOZAB,0.9996469855170098
UFUNIS,UFUNAK,0.9991433004175668
UFUNIS,POFDIZ,0.9991398976824698
UFUNIS,MURREW,0.9987931275593857
UFUNIS,KAKTIA01,0.9985084835244828
UFUNIS,VOJPUG01,0.9975224721034686
UFUNIS,NELCEN,0.9951017018476134
UFUNIS,POFFEX,0.9944613246213604
UFUNIS,IXAJUN,0.878993640553166
UFUNIS,XICKOL,0.8763730209108286
UFUNIS,IDUTEJ,0.8666636804429855
UFUNIS,IDUSIM,0.8666215210251951
UFUNIS,HOYKUD,0.8566992337410835
UFUNIS,DEGSIS01,0.8435850560735396
UFUNIS,QESBAR,0.8426088238334157
UFUNIS,ENITAX,0.8414275914803446
MAQDUD,MAQDUD01,0.9999579866916594
MAQDUD,NEZQAN,0.9318060336438324
MAQDUD,XUNRUV,0.8849909854633182
MAQDUD,XUNGOD,0.8849123249678099
MAQDUD,NEXXIZ,0.8844360850542946
MAQDUD,XUNSOQ,0.8842494052926573
MAQDUD,XUNSEG,0.8830633809303567
MAQDUD,POFGUO,0.874809143913573
PIJJEZ,NENHAQ,0.9892245902189856
DUFLOH,OKELOH,0.8741347183359673
DUFLOH,GUGNON,0.8637185591820633
DUFLOH,JENKET,0.8625705788877404
DUFLOH,FIJCUX01,0.8558292452424054
DUFLOH,SOSQIC01,0.8495524942909237
DUFLOH,DUPKAC,0.8408582596579415
SIWYOO,SIWQIA02,0.9999863389292324
SIWYOO,YUKVUW04,0.9999151505338632
SIWYOO,YANXIX02,0.9997426558370872
SIWYOO,YANXIX04,0.9996729503383548
SIWYOO,SANMEB,0.9996700617187566
SIWYOO,AMOBEL01,0.9993886721398252
SIWYOO,ELUQIM08,0.9961405003420376
SIWYOO,ELUQIM01,0.9960493854030038
SIWYOO,ELUQIM13,0.9959975168284454
YANXIX04,YANXIX02,0.9999958086154082
YANXIX04,DAXNIA,0.99999052794703
YANXIX04,YUKVUW04,0.9999203253289226
YANXIX04,SIWQIA02,0.9997033461738448
YANXIX04,TAYZUQ,0.9994289247954724
YANXIX04,AMOBEL02,0.9983956669932608
YANXIX04,ELUQIM07,0.998035714946101
YANXIX04,ELUQIM04,0.9980045746197744
YANXIX04,ELUQIM01,0.9979885163366272
YANXIX04,ELUQIM13,0.9979513891258752
YANXIX04,VERZUP,0.9977781729898252
BOLPAU,IFABIA02,0.9082136417169314
BOLPAU,DAWCIP,0.8607311344468714
BOLPAU,NAWXER,0.8411614937899197
BOLPAU,BUVNIR,0.8404494710612715
MAHTAR,LUSHOX05,0.9999129108736782
MAHTAR,OCAKUB,0.9472058951398052
MAHTAR,VUQKAU02,0.9470828464401454
MAHTAR,VUQJUN01,0.9461332192037084
MAHTAR,IQOKIK,0.9059192939065666
MAHTAR,DAWCOV,0.9058011997948026
MAHTAR,PUGHAC,0.8958071162025858
MAHTAR,PUGFII,0.8955552769123829
MAHTAR,YEKJAC,0.8853707682787622
MAHTAR,FEJFAE,0.885060268542219
MAHTAR,YAQCEY,0.8839571043239222
MAHTAR,OSADIX,0.8776090129939784
MAHTAR,DADLEC,0.8761013992930379
MAHTAR,PUNYIH,0.874755387507447
MAHTAR,ABAYIO,0.874060367110065
MAHTAR,WEYQEY,0.8734735521986335
MAHTAR,AVILAT,0.8665487523571133
MAHTAR,ROYMEZ,0.865111595484136
MAHTAR,XOHSUJ,0.8634941193506289
MAHTAR,XOHTOE,0.8628414833896947
MAHTAR,MUMBIH,0.8611465129465686
MAHTAR,HIYZEV01,0.8575930089323323
MAHTAR,MUVJIX,0.8539682929107093
MAHTAR,UKUPEX,0.8464648202674102
MAHTAR,WURKEB,0.846461812540461
MAHTAR,SAMVIO,0.8394663148667716
MAHTAR,GURXIB,0.8389555047742248
BEPPIY,GANGEJ02,0.8198822972056634
BEPPIY,HASNUN,0.9978612014789844
BEPPIY,HASNIB,0.9978132232183052
KUXREC,YAXBUV02,0.9997035760411046
KUXREC,YAXCAC,0.99963842082816
KUXREC,POJTOY,0.9986460245567482
KUXREC,XUDSIY,0.9980426470910366
KUXREC,SADMIV,0.99789134857866
KUXREC,SETQOZ,0.9978696454428144
KUXREC,SETQUF,0.9978457114112812
KUXREC,SADMUH,0.9977257691109196
KUXREC,SETQIT,0.9973390124052388
KUXREC,YAXBOP,0.9972192758051112
KUXREC,NEHZAE,0.9932751145950172
KUXREC,PIJKUR,0.8872264111614245
KUXREC,REZXOK,0.8846630737113824
KUXREC,LARPEB,0.8705974995361893
KUXREC,UFIHUP,0.8670160371126713
KUXREC,TOVJEV,0.8461286309289089
XUDSIY,NEHZAE,0.9985613989219028
XUDSIY,KUXSIH,0.994909042359262
XUDSIY,POJTOY,0.9934547129860468
XUDSIY,VAGVAC,0.9933248734175522
XUDSIY,SADMIV,0.9919046247780662
XUDSIY,SETQOZ,0.9918629284054568
XUDSIY,SETQUF,0.9918164827494752
XUDSIY,SADMUH,0.991585709147472
XUDSIY,SETRAM,0.9912856362679
XUDSIY,SETQIT,0.9908603403126692
XUDSIY,YAXBOP,0.990641242427554
XUDSIY,SETQEP,0.9905454903437854
XUDSIY,SADMOB,0.9905355729490032
XUDSIY,XADCOW,0.9901249054657344
XUDSIY,TOVJAR,0.905386693547018
XUDSIY,PIJKUR,0.8845215855111003
XUDSIY,REZXOK,0.8809136736652697
XUDSIY,UFIKIG,0.8626420152829022
XUDSIY,UFIHUP,0.8608906450986157
XUDSIY,TOVJIZ,0.852013128408728
XUDSIY,TOVKEW,0.8503142367597846
OWIJIP,HIHNUJ,0.99999980581951
OWIJIP,OWIJAH,0.9999992191920104
OWIJIP,OTEGOL01,0.9999988191475876
OWIJIP,TONKEN,0.999762906596781
OWIJIP,MUQYEE,0.9996240910628243
OWIJIP,YAMXOC,0.9469418419184276
OWIJIP,CUFDOX,0.9469261531304268
OWIJIP,CUFDUD,0.94601078782728
OWIJIP,IYUHIU,0.9457770525713792
OWIJIP,PEYVEV,0.9320260430477464
OWIJIP,XINTOG,0.8749890125520028
OWIJIP,GIWMAD,0.8642343190359651
OWIJIP,FOSTIS,0.8598720913744585
OWIJIP,UNIDAY,0.859692401173059
FOSTOY,CIFSES,0.9999788473526198
FOSTOY,UNIDAY,0.999962188295102
FOSTOY,NEDLOZ,0.9995156793546804
FOSTOY,GIWMAD,0.997937168475612
FOSTOY,FAHQEM,0.9562100669111314
FOSTOY,IYUHUG,0.9533877473734412
FOSTOY,VACFOV01,0.9028711792336108
FOSTOY,VIFPUY05,0.902606302675252
FOSTOY,VIFPUY,0.9025953127811992
FOSTOY,VIFPUY03,0.9025926609609554
FOSTOY,XOMHIS,0.8829691046018481
FOSTOY,MUQYEE,0.8619846677175398
FOSTOY,OWIHUZ,0.8595976493639373
FOSTOY,HIHNUJ,0.859506907826663
FOSTOY,TIRFOQ,0.8429479999455529
FOSTOY,IYUHIU,0.8387815255974209
FOSTOY,PEYVEV,0.8377425944817408
PADBAZ,MISQAH,0.8563387171743047
PADBAZ,GEJJEL01,0.8545825924848081
NATFAS,CIZQUZ,0.999977405537791
NATFAS,RIGTIL,0.9994820148759044
NATFAS,UMEXUF,0.9976360938792936
NATFAS,MUZHUL,0.9968550346132604
NATFAS,WOBHEB,0.8704738896549113
NATFAS,COKNAT,0.8687617244776651
NATFAS,WOBHOL,0.8687299508287428
NATFAS,WOBHIF03,0.8687035569577812
NATFAS,HIVSIQ,0.8582018927886179
BIFSUF,DEHHEG,0.9997711536133688
WARXUL,QIZLOC,0.8534874600590933
WARXUL,NEHZUY,0.8534614286724823
WARXUL,NEHZOS,0.8534472422211364
WARXUL,WULJUJ,0.8499282347073452
WARXUL,DOTSOV15,0.8495798266767756
WARXUL,DOTSOV11,0.8495763063549978
WARXUL,BODPAN,0.8488975424210734
WARXUL,XAMDUM01,0.8486498429234485
WARXUL,FIQCEN,0.8485930433334294
WARXUL,YOZNIM,0.848500170938723
WARXUL,KIRFOI,0.8480215174508214
WARXUL,ANUGEW,0.8419162291402926
NIGDIS,LAQNID,0.8778671759567953
NIGDIS,ENIHUG,0.8663688931372079
NIGDIS,DOTSOV15,0.8611187134358306
NIGDIS,DOTSOV11,0.861118380981621
NIGDIS,BODPAN,0.8610313633147202
NIGDIS,XAMDUM01,0.8609866833189949
NIGDIS,FIQCEN,0.8609756313171825
NIGDIS,YOZNIM,0.8609580484011035
NIGDIS,YOZNEI,0.8609260957413483
NIGDIS,WULJUJ,0.8604417119577298
NIGDIS,NEHZOS,0.8589571847245889
NIGDIS,QIZLOC,0.8570341080633899
NIGDIS,RUJMEQ,0.8544477400490449
NIGDIS,XICKOL,0.8477115193024949
NIGDIS,IXAJUN,0.8455634967828554
NIGDIS,YIMQOD,0.8441080795634502
NIGDIS,BAZFUF,0.8430021043764281
NIGDIS,BAZGAM,0.8427704894623336
NIGDIS,KIJRUS,0.8414921590879654
NIGDIS,NAFSOF,0.8403218621554557
NIGDIS,HIDTUM,0.8381657092376583
QIZLOC,NEHZUY,0.999707048021218
QIZLOC,WULJUJ,0.9957902957824992
QIZLOC,DOTSOV10,0.995074292768496
QIZLOC,DOTSOV15,0.9950742909931348
QIZLOC,DOTSOV11,0.9950703814416156
QIZLOC,XAMDUM01,0.99404765423609
QIZLOC,FIQCEN,0.993984467685603
QIZLOC,YOZNEI,0.9937050618749874
QIZLOC,DIHVIB,0.9935979194960456
QIZLOC,RAWYAS,0.9182168688767568
QIZLOC,ALIXUP,0.9080870718244984
QIZLOC,YUGLES,0.8994671650441863
QIZLOC,XIJSUH,0.8970176447639824
QIZLOC,MOBDIR,0.8948920598215506
QIZLOC,PAMQIF,0.8939079897754061
QIZLOC,HUCBOX01,0.8928775673656159
QIZLOC,HUCBOX02,0.8924493489294762
QIZLOC,VIXPUP,0.8846078287155239
QIZLOC,APUPEH,0.8845206648363159
QIZLOC,RUVKAV,0.8835557324406753
QIZLOC,MUDTEL,0.8807672836407723
QIZLOC,KANMIX,0.8784382147130625
QIZLOC,EMUBOF,0.8770001208416423
QIZLOC,DICKEH,0.8756929203195801
QIZLOC,LAQNID,0.8651158995272717
QIZLOC,IDUDIW,0.8610760090846485
QIZLOC,IXAJUN,0.860861798548378
QIZLOC,XICKOL,0.8582586480593706
QIZLOC,IWEQAD,0.8564103805197063
QIZLOC,TOVWAE,0.8522171479189679
QIZLOC,EPISOM,0.8508376714549618
QIZLOC,FAMQAO,0.847204703012755
QIZLOC,FALTUK,0.847187475299628
YICQOS,GUGNON,0.8647074844620555
YICQOS,JENKET,0.8636495988358591
YICQOS,GOSDUP,0.856613672667617
YICQOS,QEDZEG,0.8519603365867254
YICQOS,SOSQIC01,0.849473268586905
OVAJAX,HIBSUG07,0.9999841683892716
OVAJAX,HIBSUG02,0.999977779331175
OVAJAX,ACUBOP01,0.9999707064850653
OVAJAX,ACUBOP,0.9998773796300124
OVAJAX,XASHAA,0.8640175202542087
OVAJAX,ROCZEQ,0.8412904905433091
NUFCAU,DOYHIK,0.9848119076949992
NUFCAU,JAYXAL,0.8982853633108768
NUFCAU,OKELOH,0.8866506563387322
NUFCAU,YOZYUJ,0.879909152904963
NUFCAU,IJEXIF01,0.8735056657592463
NUFCAU,NIWYID,0.8718599819032002
NUFCAU,PEJPEB,0.8667291729360378
NUFCAU,NANYUX03,0.8658539457094561
NUFCAU,REBVIG,0.8521285112035241
NUFCAU,SOSQIC01,0.8408797735075263
FILYEG,XADDUD,0.9997146375342436
FILYEG,XIHSAJ01,0.8633642827431847
FILYEG,TONBOO,0.8632901073826321
FILYEG,XIHSEN,0.8632709629011449
FILYEG,VASYEW,0.8611426502155547
FILYEG,FEYJOJ,0.8545301779736667
FILYEG,GAGWOB,0.8545260428876226
FILYEG,ESEQUO,0.8534403162877154
FILYEG,KESFOG,0.8492631013800087
FILYEG,XUZRIU,0.8434225186568864
FILYEG,XEVSIB,0.8414250234605496
BIPXIK,YODRAM,0.9999965913597936
BIPXIK,BOWDUO,0.9999964998121104
BIPXIK,BOWDOI,0.9999875292645736
BIPXIK,EXUXEC,0.9999823017516536
BIPXIK,VEDFOB,0.9999670255199956
BIPXIK,VEDFER,0.9999604668464834
BIPXIK,VEDFIV,0.9999397087635016
BIPXIK,OJOBAS,0.9998553122342076
BIPXIK,ABAVIJ,0.999505043662037
BIPXIK,ERUNIQ,0.9992278279020744
BIPXIK,LASMAV,0.99892852894342
BIPXIK,YIGGEB,0.997666362008572
BIPXIK,ERUNUC,0.9231647154987854
BIPXIK,CAXZOS,0.9231090924744008
BIPXIK,DIDBOJ,0.9229767886370958
BIPXIK,JODGIU,0.9229409021830218
BIPXIK,ERUNOW,0.9225368633734335
BIPXIK,JODGOA,0.893924423128978
BIPXIK,FEVDER,0.8792570418647964
BIPXIK,AZIHOI,0.8790220599836458
BIPXIK,CANYIB,0.8766173518831564
BIPXIK,SIDXOV,0.8722452813033219
BIPXIK,FUMJAZ,0.85403871598359
BIPXIK,XEVXUT,0.8527229071110553
BIPXIK,NERVIP01,0.8439234425110361
BIPXIK,RAKBIO,0.8433735461040537
BIPXIK,WOPWOP,0.8432662007866192
BIPXIK,FAZPIH,0.8432636995415158
BIPXIK,VOCKUT,0.8431494932436583
BIPXIK,NERVEL,0.8431068937127173
BIPXIK,CANROA,0.8429967085734122
BIPXIK,KOHDIW,0.8429883886098467
BIPXIK,NERVIP,0.8429101141509945
BIPXIK,KOHLIE,0.8428939581831109
BIPXIK,YIRSUQ,0.8423882761575452
BIPXIK,CEJFOO,0.8418130007961905
KEDJAG01,KEDJAG02,0.9999983640553728
KEDJAG01,KEDJAG29,0.9999815568400968
OTEGOL01,OWIHUZ,0.9999999986854315
OTEGOL01,OWIJAH,0.9999999587758224
OTEGOL01,HIHNUJ,0.9999995821892906
OTEGOL01,TONKEN,0.999795172629512
OTEGOL01,XOMHIS,0.9795475527624038
OTEGOL01,YAMXOC,0.9469764790761817
OTEGOL01,CUFDOX,0.9469618100888354
OTEGOL01,CUFFIT,0.9469483272148778
OTEGOL01,CUFDUD,0.9460848953928932
OTEGOL01,IYUHIU,0.9458581328786244
OTEGOL01,PEYVEV,0.932286447098036
OTEGOL01,XINTOG,0.8752260289229848
OTEGOL01,GIWMAD,0.8642987895664234
OTEGOL01,NEDLOZ,0.8623872450437766
OTEGOL01,CIFSIW,0.861283206559289
OTEGOL01,FOSTIS,0.8600279312998604
OTEGOL01,TIRFIK,0.8502662058742759
KEPKUO,BUVNIR,0.8623333766673247
KEPKUO,VALGAS,0.8515738533017532
HOJNIF,GATHAL,0.9999981080619156
HOJNIF,TAJTIK,0.9999974474916014
HOJNIF,HAZGOF07,0.9999927833696984
HOJNIF,HAZGOF12,0.999986501733678
HOJNIF,HAZGOF16,0.9999854192433374
HOJNIF,CAVMUJ02,0.9990688372673772
NURGUE,QINSUD,0.9999742731703364
NURGUE,SIWPUL04,0.9999723831476156
NURGUE,LIJWOR02,0.9999677173682912
NURGUE,LIJWOR05,0.9999666132754628
NURGUE,PADJOU01,0.9999527491103756
NURGUE,LIJWOR01,0.9999496815736584
NURGUE,VIRJEM,0.9999365580042736
NURGUE,REZJIR03,0.9999283657339124
NURGUE,YUKTUU01,0.9999195020785026
NURGUE,DADTOS13,0.9998419848757144
NURGUE,YANWOC02,0.9998326812131892
NURGUE,DADTOS,0.9998116189047402
NURGUE,DADTOS08,0.9998052869276988
NURGUE,DIDVIW,0.9997988011155048
NURGUE,DADTOS18,0.9997964600456384
NURGUE,YANWOC01,0.999795811019028
NURGUE,DADTOS03,0.9996758419932492
BAZGAM,KIJRUS,0.999104690385154
BAZGAM,BAZFUF,0.9956539762096313
BAZGAM,QOWRAV,0.9862587585381196
BAZGAM,QOWRAV11,0.986194361346576
BAZGAM,QOWRAV12,0.9861875826814588
BAZGAM,QOWRAV08,0.9861740090346504
BAZGAM,QOWRAV07,0.986152807769223
BAZGAM,QOWRAV04,0.9860793643786144
BAZGAM,ANUGEW,0.9739567266557252
BAZGAM,LAQNID,0.9006727220662911
BAZGAM,KAGJOS,0.8857161558046603
BAZGAM,WURNOO,0.8854051493073312
BAZGAM,HAYXIR,0.8749402971314884
BAZGAM,LURRIA,0.8668503717729514
BAZGAM,SEMNIJ,0.8665442565402102
BAZGAM,ENIHUG,0.8642713520162869
BAZGAM,SIXNOF,0.8601529935696653
BAZGAM,SIXNIZ,0.8598703698979935
BAZGAM,ASIVAB,0.8598081036710038
BAZGAM,RUJMEQ,0.8519014672472072
BAZGAM,IXAJUN,0.8434095224183603
BAZGAM,XICKOL,0.8432473224983104
BAZGAM,SIXNUL,0.8396393912267877
BAZGAM,NEHZOS,0.8396097824099646
BAZGAM,NEHZUY,0.839587648657698
BAZGAM,WULJUJ,0.8393741631834029
BAZGAM,DOTSOV15,0.8384722003487843
BAZGAM,DOTSOV10,0.8384722002734852
BAZGAM,DOTSOV11,0.8384701197836891
BAZGAM,XAMDUM01,0.8379053974432281
BAZGAM,YOZNEI,0.8377325160131871
FUVBAB,PEJPEB,0.999983990785476
FUVBAB,NANYUX03,0.999934674189486
FUVBAB,NIWYID,0.9994157656379906
FUVBAB,IJEXIF01,0.9987298569939682
FUVBAB,EXOXUL,0.9088392657734736
FUVBAB,DUNXUH,0.8973025863968979
FUVBAB,DUNXUH13,0.8972718622563345
FUVBAB,BUKMUQ01,0.8850024323198693
FUVBAB,REFVEF,0.8816436028059293
FUVBAB,DOYHIK,0.8775042627456484
FUVBAB,NUFBOH,0.8753003681411871
FUVBAB,UKOLUD,0.8691773350613823
FUVBAB,SOWCOY01,0.8611509274119424
FUVBAB,SOWCOY,0.8610810591160856
FUVBAB,ADUVAZ,0.8576899236277032
FUVBAB,LASMUP,0.857322397051819
FUVBAB,WEHHIC,0.8533451556731484
FUVBAB,ALANAD,0.852441302041686
FUVBAB,WEHJAW,0.8523657709783179
FUVBAB,WEHHOI,0.8523394261096995
FUVBAB,WORKUL,0.8491732976714894
FUVBAB,JENKET,0.8401311951204451
FUVBAB,NENHEU,0.8399177990580995
FUVBAB,JAYXAL,0.839557746643202
KAHMOW,XEGXIT,0.999999991625281
KAHMOW,XEGWIS,0.999999990518807
KAHMOW,VEGMOK04,0.8674624731279863
KAHMOW,IFABIA02,0.8665292755576808
FUDGIW,HUVGEM,0.9177209357358612
FUDGIW,XENMIO,0.91771717847468
FUDGIW,PEJPEB,0.908128342941172
FUDGIW,IJEXIF01,0.907427520572616
FUDGIW,YOZYUJ,0.8644952685888916
FUDGIW,HUTZAX01,0.8610982168569657
FUDGIW,WEHHIC,0.8607886244875771
FUDGIW,WEHJAW,0.8600891670433897
FUDGIW,WEHHOI,0.8600675951657963
FUDGIW,HEZKIH,0.8538465101225106
FUDGIW,UVUFUO,0.8404742537518313
BUKMUQ01,PEJPEB,0.8850553881012113
BUKMUQ01,NIWYID,0.8840031143694893
BUKMUQ01,IJEXIF01,0.883121323564004
BUKMUQ01,MIMVEJ,0.843896109340439
BUKMUQ01,XALXIS01,0.8395262133052304
PEJNOJ,NANYUX03,0.9999707424465998
KETHEY,CIKCOQ,0.99998365757125
KETHEY,ECIWIW,0.9094901495595884
KETHEY,IGUTUB,0.9093547725019584
KETHEY,IGUTUB01,0.9091618571805312
KETHEY,PIHJIB,0.9079707237319806
KETHEY,QEKLID,0.8949360502488505
KETHEY,NOLRIR,0.8930288644008646
KETHEY,QUQFOY,0.8898173073559567
KETHEY,SAHYOS,0.8769088808044321
KETHEY,PARKUQ,0.8582335849132281
KETHEY,MITSAK,0.8574563284982684
KETHEY,KUJMIN,0.8562319843031028
KETHEY,EYULAM,0.8452526974789234
KETHEY,DAPYAW,0.8438192831499512
KETHEY,JEPWIN01,0.8405681097129442
KETHEY,MAHGAG,0.8403785088904507
ATAFIK,CIZQUZ,0.9999917108872064
EJINIV01,EJINIV,0.9999751899396164
EJINIV01,XUYYIA,0.9998664621562684
EJINIV01,FAHQIR,0.9336096526172004
EJINIV01,QIQTOB,0.9335811630827772
EJINIV01,ONOCUR,0.9317302236324376
EJINIV01,FIQDER,0.924835101091438
EJINIV01,XUZRIU,0.910245231890094
EJINIV01,XEVSIB,0.9088531603264562
EJINIV01,HALVEY,0.8806481030998246
EJINIV01,YIPFIO,0.8659613778486701
EJINIV01,BUKLOJ,0.8547912654763978
EJINIV01,XIHSAJ01,0.8524733929052559
EJINIV01,XIHSEN,0.8524297264175549
EJINIV01,TONBOO,0.8517004913623805
EJINIV01,ESEQUO,0.8485807569230864
EJINIV01,YIRSUQ,0.8379404552921413
HALVEY,CAQJOW,0.9981733666674512
HALVEY,TAHYUZ,0.9544882032601212
HALVEY,ONOCUR,0.9084717461516876
HALVEY,EJINIV,0.880578547544046
HALVEY,XUYYEW,0.8799569177120172
HALVEY,XUYYIA,0.8798909918304633
HALVEY,DIBQEM,0.8645987059524018
HALVEY,FIQDER,0.8614647595242313
HALVEY,YIRSUQ,0.8611656018992105
HALVEY,ESEQUO,0.8582866151726447
HALVEY,HABZEQ,0.8420599103262411
HALVEY,XUZRIU,0.8408484142345296
HALVEY,XEVSIB,0.8379883402486373
VASYEW,FEYJOJ,0.9322692914050138
VASYEW,KESFOG,0.9184669676902694
VASYEW,BAKJOO,0.8902712131369434
VASYEW,BAKJEE,0.889041712267292
VASYEW,BIKMAL01,0.8867365292311078
VASYEW,BIKMAL,0.8864153227572835
VASYEW,CANYIB,0.8837699167229571
VASYEW,CIPLIX,0.8769562604892618
VASYEW,AZIHOI,0.871038107429011
VASYEW,XADDUD,0.8599821782413313
VASYEW,MIHJUL,0.8555046848125007
VASYEW,XEVXUT,0.8508134603886357
VASYEW,FUMJAZ,0.849433666723193
NEHGIS,DAWCIP,0.9998995216195068
NEHGIS,FIJCUX01,0.9082404427699468
NEHGIS,IFABIA02,0.9072684309705524
NEHGIS,NOXMAQ,0.8851627584909156
PIDRAY,HOYKUD,0.9156487707174203
PIDRAY,NEHZUY,0.907291522819888
PIDRAY,NEHZOS,0.9072469312728366
PIDRAY,MOCKEV,0.9023622105473732
PIDRAY,XIJSUH,0.9022662710555932
PIDRAY,WULJUJ,0.901920316117067
PIDRAY,DOTSOV15,0.9011467005722829
PIDRAY,DOTSOV11,0.9011420095031268
PIDRAY,BODPAN,0.9002468102921711
PIDRAY,XAMDUM01,0.8999241186168403
PIDRAY,FIQCEN,0.8998504140728124
PIDRAY,DIHVIB,0.8993953025539747
PIDRAY,VIXPUP,0.890935153165752
PIDRAY,VIXPUP01,0.8893390494513727
PIDRAY,TOVWAE,0.8568118874861843
PIDRAY,YEKXOD,0.8566875286864417
PIDRAY,FAMQAO,0.852052716536382
PIDRAY,FALTUK,0.8520322511055144
PIDRAY,BABREE,0.8497566069200964
PIDRAY,DALSOA,0.846012529588597
PIDRAY,CITXUZ,0.8403701232101051
PIDRAY,EXOYAS,0.8377848173623987
QOWRAV08,QOWRAV07,0.9999999914212142
QOWRAV08,QOWRAV05,0.9999998696113162
QOWRAV08,KIJRUS,0.9863958045466648
QOWRAV08,YUSWEP,0.9310985471287644
QOWRAV08,LAQNID,0.8947896909837646
QOWRAV08,HAYXIR,0.8717595926839837
QOWRAV08,ENIHUG,0.8678164011333828
QOWRAV08,ASIVAB,0.8527021253739344
QOWRAV08,SIXNOF,0.8512423736488828
QOWRAV08,RUJMEQ,0.8470867271113448
QOWRAV08,YIMQOD,0.8459940910835959
BIVXAG,NERVIP,0.9955992267248316
BIVXAG,VOCKUT,0.9948462176847488
BIVXAG,WOPWOP,0.9948079821450546
BIVXAG,FAZPIH,0.9946331533205472
BIVXAG,NERVOV,0.9946227250855424
BIVXAG,NERVIP01,0.9918060040158054
BIVXAG,LUWZUZ02,0.8809362358990332
BIVXAG,LUWZUZ,0.8808715603572459
BIVXAG,BIKMAL01,0.8740676056527729
BIVXAG,FUVYOL,0.8434341601612805
BIVXAG,ABIWOX,0.8413089920726613
BIVXAG,ERUNIQ,0.8388801893955197
ETUWOG,BUKLOJ,0.9999561672050782
MIXZOK,NIWQIV,0.9048510838799104
ASEJIT,IYOQIY,0.9999956220820144
ASEJIT,CISMEY,0.897584111168762
VAXTEV,PURRUR,0.8972618034461749
VAXTEV,EREGOY,0.8526775472346634
VAXTEV,HIHGUC,0.8489924427784803
VAXTEV,WIVRIE,0.8454142992051579
VAXTEV,JUQSIZ,0.8401015830031674
DAFHEZ,CIPLIX,0.8951385008313806
DAFHEZ,XIHSEN01,0.8628189395965591
DAFHEZ,XIHSEN,0.8626312158909288
DAFHEZ,TONBOO,0.8623133179144906
DAFHEZ,BUKLOJ,0.8592078468669941
DAFHEZ,GAGWOB,0.8541166859493079
DAFHEZ,FEYJOJ,0.8539550433874356
DAFHEZ,RAKBIO01,0.8538528469085724
DAFHEZ,AGAFAS,0.8433223396512239
DAFHEZ,XUZRIU,0.842731237140291
JEDVEW,MITSAK,0.9999870045452204
IXAJUN,XICKOL,0.9986297067936872
IXAJUN,WURNOO,0.9092649784348694
IXAJUN,EDOSOI,0.8992511405304318
IXAJUN,IXAKAU,0.8801599125288779
IXAJUN,EGOZAB,0.8792888487686843
IXAJUN,BAHGUN04,0.8792809734249316
IXAJUN,BAHGUN02,0.8792104762844494
IXAJUN,MURREW,0.8789547376525039
IXAJUN,KAKTIA01,0.8787172319374049
IXAJUN,POFDEV,0.8786290438494493
IXAJUN,KIRFOI,0.8778673945181624
IXAJUN,POFDOF,0.8775301588567407
IXAJUN,POFFAT,0.8773185392006659
IXAJUN,YIMQOD,0.8772044470613422
IXAJUN,NELCEN,0.8764793411740821
IXAJUN,LAQNID,0.875595383470094
IXAJUN,IDUDIW,0.8694928143839554
IXAJUN,HOYKUD,0.8679029152709652
IXAJUN,NEHZUY,0.861157543005963
IXAJUN,NEHZOS,0.8611571187663165
IXAJUN,EPISOM,0.8603653522739827
IXAJUN,WULJUJ,0.8584565671871012
IXAJUN,DOTSOV10,0.8583036025129753
IXAJUN,DOTSOV15,0.8583036009663048
IXAJUN,FIQCEN,0.8574579011231274
IXAJUN,YOZNIM,0.857377517302987
IXAJUN,YOZNEI,0.8572312940518056
IXAJUN,DIHVIB,0.8571523050555314
IXAJUN,IDUSIM,0.8545523185150438
IXAJUN,UNACIW,0.8544992208822446
IXAJUN,IDUSIM02,0.8544945808625211
IXAJUN,UNABUH01,0.8544919922557116
IXAJUN,UNABUH,0.8544858634374112
IXAJUN,IDUTEJ,0.854436997141207
IXAJUN,FUFVEJ,0.8456952075044104
IXAJUN,LIRVAK,0.8456948427064536
IXAJUN,KIKRAA,0.8456201838661217
IXAJUN,RAGREY,0.8452893304679914
IXAJUN,CUPHUS,0.8448927320702635
IXAJUN,YOZNOS,0.8448871408714029
IXAJUN,NAFSOF,0.8438517932975875
IXAJUN,HIDTUM,0.8411959695195399
IXAJUN,ENIHUG,0.8398203024782003
ELUQIM07,ELUQIM08,0.9999999580320468
ELUQIM07,ELUQIM04,0.9999998768494772
ELUQIM07,VERZUP,0.9999920286888332
ELUQIM07,DAXNIA,0.9977662212139394
ELUQIM07,YUKVUW04,0.9971671050493688
ELUQIM07,SIWQIA02,0.9962322866836186
ELUQIM07,AMOBEL02,0.993735586847895
ELUQIM07,AMOBEL01,0.992445975122476
BODPAN,XAMDUM01,0.9999966019424656
BODPAN,FIQCEN,0.9999948877051492
BODPAN,YOZNIM,0.9999916384586112
BODPAN,DIHVIB,0.9999778625823896
BODPAN,DOTSOV11,0.9999728479075642
BODPAN,DOTSOV15,0.9999725562076353
BODPAN,WULJUJ,0.99898997606685
BODPAN,NEHZOS,0.9966392652185074
BODPAN,NEHZUY,0.996556354283216
BODPAN,YOZNOS,0.9917028774672132
BODPAN,DALSOA,0.9330057115943344
BODPAN,BABREE,0.932229201868392
BODPAN,RAWYAS,0.9190375799461508
BODPAN,CITXUZ,0.9186111913974538
BODPAN,GERWEH,0.9082054511122448
BODPAN,NUTQAV,0.9076949479406898
BODPAN,MOCKEV,0.9073042896046652
BODPAN,XIJSUH,0.9072941323551182
BODPAN,ALIXUP,0.9006272068469424
BODPAN,HUCBOX,0.8970599844177843
BODPAN,PAMQIF,0.8968906501544016
BODPAN,MOBDIR,0.8960013272665677
BODPAN,MUDTEL,0.8944416335455208
BODPAN,GIKMOD,0.8940444584122473
BODPAN,GINTUT,0.8872961210176786
BODPAN,VIXPUP01,0.8871437855680006
BODPAN,VIXPUP,0.886739317897433
BODPAN,APUPEH,0.8823630936785279
BODPAN,HIDTUM,0.8735149212011734
BODPAN,LAQNID,0.8691543378670317
BODPAN,KIRFOI,0.8660582399221003
BODPAN,OGEBAF,0.8589238721109814
BODPAN,FALTUK,0.853533385847383
BODPAN,EPISOM,0.8527010518600465
BODPAN,RUJMEQ,0.8463698832286934
BODPAN,BAZFUF,0.8397700656057111
BODPAN,LUKLIN,0.839768612828792
BODPAN,SEMNIJ,0.8395493224996284
BAHGUN02,BAHGUN04,0.9999503138074533
BAHGUN02,EGOZAB,0.9999044274470302
BAHGUN02,ECODIK,0.9998852251929684
BAHGUN02,NIHDEQ,0.9997381124959992
BAHGUN02,UFUNAK,0.9996737165132952
BAHGUN02,MURREW,0.9995107830818056
BAHGUN02,KAKTIA01,0.9993726397478816
BAHGUN02,POFDOF,0.9978421465911412
BAHGUN02,POFFAT,0.997582949900329
BAHGUN02,POFFEX,0.9961570102503584
BAHGUN02,WURNOO,0.92294856271496
BAHGUN02,IDUSIM,0.8665890416218308
BAHGUN02,UNABUH,0.8665461819402254
BAHGUN02,UNABUH01,0.8665414108305363
BAHGUN02,IDUTEJ,0.8665052273016118
BAHGUN02,HOYKUD,0.8566168936304186
BAHGUN02,DEGSIS01,0.8439148479474285
BAHGUN02,ENITAX,0.8422257264850954
POFDIZ,MURREW,0.9999193681490428
POFDIZ,UFUNAK,0.9998835464843836
POFDIZ,POFDEV,0.9998083402873648
POFDIZ,BAHGUN,0.9997507073086032
POFDIZ,BAHGUN04,0.999696166816116
POFDIZ,VOJPUG01,0.9995284754854676
POFDIZ,QERZUI01,0.9995096499160112
POFDIZ,NIHDEQ,0.999013214347267
POFDIZ,NELCEN,0.9981469776276944
POFDIZ,POFFEX,0.9977668444673532
POFDIZ,KAGJOS,0.9233638903925894
POFDIZ,WURNOO,0.9232708035284156
POFDIZ,XICKOL,0.8785192179128507
POFDIZ,IDUSIM,0.8661212220167593
POFDIZ,IDUSIM01,0.8660926141139504
POFDIZ,UNACES,0.8660308478466192
POFDIZ,UNACIW,0.8660133034694245
POFDIZ,IDUSIM02,0.8659919767799329
POFDIZ,IDUTEJ,0.8658890512178912
POFDIZ,HOYKUD,0.8560924174621128
POFDIZ,DEGSIS01,0.8438744285880645
POFDIZ,QESBAR,0.8438102730929932
IGAHED,SACMOA,0.9999448692444316
IGAHED,OCACUR,0.9998680865047178
IGAHED,UGECEO01,0.9998056892962696
IGAHED,IGAHED01,0.9997539981886572
IGAHED,WINCEC,0.9946067972107232
IGAHED,VULFOZ,0.87330400902876
IGAHED,XUZRIU,0.8642220516516763
IGAHED,HABZEQ,0.8639475069758719
IGAHED,XEVSIB,0.8632179997932015
IGAHED,VOSSUT,0.8402039662381701
VOSSUT,XAPSIS,0.8697972466595667
VOSSUT,CIPLIX,0.8684406256231223
VOSSUT,XEVSIB,0.8505553724466792
VOSSUT,IGAHED02,0.8402062015164548
VOSSUT,OCACUR,0.8401074029452683
VOSSUT,UGECEO01,0.8400518961418182
VOSSUT,IGAHED03,0.8396456339692833
CUPHUS,RAGREY,0.9999414439427308
CUPHUS,LIRVAK,0.99956453797725
CUPHUS,XIQZIH,0.9991617073354232
CUPHUS,ASUKEE01,0.9987506699579912
CUPHUS,WURNOO,0.8597959810563087
CUPHUS,RANLAV,0.8529940288084622
XENMIO,HUVGEM,0.9999998531562851
XENMIO,HUTZAX01,0.9422360637382304
XENMIO,FIJCUX01,0.861132717840043
XENMIO,IFABIA02,0.8603092540399584
EBEWOZ,EBEXAM,0.9999911885529996
EBEWOZ,EBEWIT,0.999986925087717
EBEWOZ,YENZAV,0.8976886359147735
EBEWOZ,COKJIX,0.8936104366052087
EBEWOZ,RAVDID,0.8934564118383611
EBEWOZ,MIRGIG,0.8872654753207101
EBEWOZ,AFUDUD,0.8841696003606141
EBEWOZ,ADEGIA,0.867281488900259
EBEWOZ,ATIKAP,0.8671529734347536
EBEWOZ,ADEGIA01,0.8646277845260374
EBEWOZ,ELIKUG,0.8598805081770341
EBEWOZ,LUWNAU,0.8547043471735388
EBEWOZ,UMIZEX,0.8445677653505743
EBEWOZ,XEGJIE02,0.8377168478818402
AFOVIB,ADEGIA,0.9445231993555516
AFOVIB,AYOZIZ,0.944460897861026
AFOVIB,KEZLIN,0.932835146092616
AFOVIB,AFUDUD,0.9326184944517472
AFOVIB,UMIZEX,0.9286119664712572
AFOVIB,HOGQIF,0.8852039850730572
AFOVIB,CUXPIV,0.8636365513596329
AFOVIB,TEPJEF,0.8630137745908376
ONOCUR,XUYYIA,0.9325973205337938
ONOCUR,EJINIV,0.931758507676886
ONOCUR,FIQDER,0.9271173236563812
ONOCUR,XEVSIB,0.8746167905494904
ONOCUR,XUZRIU,0.8736490057433992
ONOCUR,HABZEQ,0.8718008179313281
ONOCUR,MOXDOT,0.8628474653658331
ONOCUR,DIBQEM,0.8591844682805783
ONOCUR,YIRSUQ,0.846132546409232
ONOCUR,MIHJUL,0.8453396981225824
JEJZAC,HEBJEF,0.9699347898783196
JEJZAC,UQOGAK,0.8899954028462999
JEJZAC,BEXSAA,0.8420901283794979
HABZEQ,XUZRIU,0.999506573398272
HABZEQ,XEVSIB,0.9975922073589504
HABZEQ,EJINIV,0.9102809905016812
HABZEQ,XUYYIA,0.9099231106587268
HABZEQ,YIPFIO,0.9003722858573411
HABZEQ,VULFOZ,0.8783191575210794
HABZEQ,FAHQIR,0.8744845763086039
HABZEQ,QIQTOB,0.8743863333775388
HABZEQ,TAHYUZ,0.8662910980724358
HABZEQ,SACMOA,0.864136221124248
HABZEQ,IGAHED02,0.8639161077410419
HABZEQ,OCACUR,0.8634567243887196
HABZEQ,IGAHED03,0.8624488312898031
HABZEQ,XIHSEN01,0.8614023335753139
HABZEQ,XIHSEN,0.8613089730392908
HABZEQ,TONBOO,0.8608790662105651
HABZEQ,KUHNEI,0.8590936346853277
HABZEQ,ESEQUO,0.8566184769303875
HABZEQ,YIRSUQ,0.8464027654329136
HABZEQ,CAQJOW,0.8417332015305767
FAMBUS,IZEBEV,0.9804099901229876
OKOSUE,XEDGIY,0.9582621910376604
OKOSUE,LUWKIZ,0.9112685016598444
OKOSUE,QEKLID01,0.9023420403984476
OKOSUE,QEKLID,0.9023196731171952
OKOSUE,NOLRIR,0.8909912533394722
OKOSUE,QUQFOY,0.8747310090170924
OKOSUE,WEVVOL,0.8526693532123287
OKOSUE,DAPYAW,0.8493626534536849
OKOSUE,MITSAK,0.8462970835669777
OKOSUE,MITSUE,0.8462949425517426
OKOSUE,MITSEO,0.8461875935367108
OKOSUE,FUMJAA,0.8461508207585702
OKOSUE,KUJMIN,0.8460094779707871
LIJWOR01,MNFORD02,0.999966957410778
LIJWOR01,PADJOU01,0.9999372322392012
LIJWOR01,REZJIR03,0.9999342682145934
LIJWOR01,LIJWOR02,0.9999287662039756
LIJWOR01,VIRJEM,0.9999282995562332
LIJWOR01,DADTOS13,0.9999028292614148
LIJWOR01,YANWOC02,0.999898523509729
LIJWOR01,LIJWOR05,0.99989127300097
LIJWOR01,DADTOS06,0.9998829588861592
LIJWOR01,DIDVIW,0.9998821028227972
LIJWOR01,QINSUD,0.9998764850599904
LIJWOR01,SIWPUL04,0.999873247274669
LIJWOR01,YANWOC,0.9998593365237108
LIJWOR01,DADTOS03,0.9998146267911177
LIJWOR01,ATIBOU02,0.998111863310617
LIJWOR01,SIWPUL11,0.9967639000150548
RIGTIL,CIZQUZ,0.9992660857001228
RIGTIL,FABFOF,0.9977816411590178
RIGTIL,COKNAT,0.8710876420615841
RIGTIL,WOBHIF03,0.8710504110516256
TONBUU,VEMSUC,0.9999949346345594
TONBUU,GACVIS,0.9999874310705644
QOMSES,QONLEM,0.9999989308814085
QOMSES,QONLIQ,0.9999976294161604
QOMSES,QONKOV,0.999985840400346
QOMSES,JAXNUU,0.999687032096496
QOMSES,PEBNER,0.9992162319160188
QOMSES,JAVNIE,0.9987122107530156
QOMSES,VUQJEX01,0.9972461073912652
QOMSES,VUQJEX,0.9971960072944388
QOMSES,CEXJUN01,0.8633065467330587
QOMSES,CEXJUN,0.8632600591155264
QOMSES,RODSAG,0.8570038851011913
QOMSES,RODSAG01,0.8568157838893177
QOMSES,REFBAH,0.856238378904915
QOMSES,RAJPIE,0.8542286974103198
QOMSES,RANLAV,0.851397667348858
FUFVEJ,LIRVAK,0.9999964233094788
FUFVEJ,KIKRAA,0.999988121339664
FUFVEJ,XIQZIH,0.999809088639136
FUFVEJ,OJOQAF02,0.9969910669568448
FUFVEJ,LABJUV,0.8887576341087638
FUFVEJ,WURNOO,0.8612441291556698
FUFVEJ,XICKOL,0.8436380355467641
XAMDUM01,FIQCEN,0.9999998255054172
XAMDUM01,YOZNEI,0.9999943287611662
XAMDUM01,DIHVIB,0.9999917065716456
XAMDUM01,DOTSOV11,0.9999511054694112
XAMDUM01,DOTSOV10,0.9999507125449136
XAMDUM01,WULJUJ,0.9989104938259672
XAMDUM01,NEHZOS,0.9964280549543284
XAMDUM01,NEHZUY,0.99634259672852
XAMDUM01,DALSOA,0.9329930184092567
XAMDUM01,BABREE,0.9321254327435344
XAMDUM01,CITXUZ,0.9184702491239338
XAMDUM01,GERWEH,0.9082249158247658
XAMDUM01,YUGLES,0.9079697073002378
XAMDUM01,NUTQAV,0.907776649639526
XAMDUM01,XIJSUH,0.907402332932424
XAMDUM01,ALIXUP,0.9003119446972806
XAMDUM01,HUCBOX02,0.8973072597037183
XAMDUM01,HUCBOX,0.8970157982679907
XAMDUM01,MOBDIR,0.8958889031731295
XAMDUM01,MUDTEL,0.8946327208837539
XAMDUM01,GINTUT,0.8872981955149343
XAMDUM01,VIXPUP01,0.887095852702678
XAMDUM01,RUVKAV,0.887039689350644
XAMDUM01,KANMIX,0.8850575052678369
XAMDUM01,EMUBOF,0.8849126679545952
XAMDUM01,WANJIF,0.8848779202449155
XAMDUM01,EXAXAE,0.8821099302658443
XAMDUM01,HIDTUM,0.8732725229435461
XAMDUM01,LAQNID,0.8691118456586028
XAMDUM01,KIRFOI,0.8658515356567967
XAMDUM01,TOVWAE,0.8608500148730112
XAMDUM01,XICKOL,0.860607418975407
XAMDUM01,OGEBAF,0.8587479348385247
XAMDUM01,IDUDIW,0.8565105993310689
XAMDUM01,FAMQAO,0.8535469064965296
XAMDUM01,ANUGEW,0.8525395844352542
XAMDUM01,RUJMEQ,0.8463439967719352
XAMDUM01,BAZFUF,0.8398422846808915
XAMDUM01,LUKLIN,0.8396901591527575
XAMDUM01,ENIHUG,0.8389058187243997
BIHRUI,OGEBAF,0.9780567585139364
BIHRUI,QIYDAF01,0.9776859866470976
BIHRUI,FAGQAI,0.9775537467706736
BIHRUI,NUTQAV,0.9144944109178412
BIHRUI,NUTQEZ,0.9142268478638148
BIHRUI,SEMNIJ,0.90689221555344
BIHRUI,LURRIA,0.9048319503123384
BIHRUI,RUVKAV,0.8726281643786653
YUNBOZ,INICPB01,0.9998960953903668
YUNBOZ,INICPB02,0.9997601345290348
YUNBOZ,POCMEA03,0.9997358831744468
YUNBOZ,POCMEA04,0.9996818793325216
YUNBOZ,POCMEA,0.9996806118102668
YUNBOZ,TUTQOP,0.9985545468721048
YUNBOZ,XILBAW,0.8849288036683545
YUNBOZ,RUBZIY02,0.8847182552796576
YUNBOZ,YAPQUC,0.8834949721055272
YUNBOZ,XAPMUY,0.8443973026229078
LEBQUH,VEGMOK04,0.8440463104794409
LEBQUH,IFABIA02,0.8430123869835803
OXEWUL,POFGUO,0.9980003866041924
OXEWUL,JIYKIO,0.9305819722253664
NOTRUL,RORLIV,0.9997343793536954
NOZZOT,ODIXIK,0.9995352152537488
NOZZOT,NOZZUZ,0.9982508951343594
NOZZOT,GOYLUB,0.907991094166656
NOZZOT,JIYSUI,0.8392830596652945
GURXIB,UPEMUZ,0.8865654759408512
GURXIB,WOHYOH01,0.883333507591548
GURXIB,VUQKAU02,0.8793983130463066
GURXIB,OCAKUB,0.8791430023404327
GURXIB,VUQJUN01,0.8771951234232036
GURXIB,WOHYUN,0.8638898288949576
POHLOP,GEQQEB,0.8592415115680876
POHLOP,QAWREM,0.8562053004918138
POHLOP,LARYEK03,0.8384686750178924
POHLOP,SIKYER,0.8383317863816389
SOJKOT05,SOJKOT06,0.9999979256847809
SOJKOT05,SOJKOT07,0.9999956020196352
SOJKOT05,YUKVEG,0.9999076050056102
SOJKOT05,IGOPEB,0.9998988723650456
SOJKOT05,DADTUY01,0.9998360308931468
SOJKOT05,DADTUY07,0.9998301559066352
SOJKOT05,DADTUY09,0.9998288971070032
SOJKOT05,DADTUY05,0.9998055457958293
SOJKOT05,DADTUY,0.9997854940124862
SOJKOT05,EDAGEX,0.9977661498023628
SOJKOT05,EDAGAT,0.9973604432777988
SOJKOT05,RAVVIU,0.9972261779701008
SOJKOT05,RAVVOA01,0.9970498389530428
SOJKOT05,JEXWUF,0.996137126235529
YILKAH,PIQQEN,0.9629018775254774
YILKAH,MICCIM,0.941235934163318
YILKAH,FOKWOT,0.9410822053889448
YILKAH,GOYLUB,0.9054941803158564
YILKAH,TALBEQ,0.8968052543008086
YILKAH,REXYAX,0.8841836152067435
YILKAH,RUXWEM01,0.8643946744989203
YILKAH,HIHGUC,0.8605518568866033
YILKAH,WIVRIE,0.8592774364402976
YILKAH,MINBEQ,0.8429455783937588
FUMJAA,MITSUE,0.9999710718610452
FUMJAA,MITSAK,0.9999700651903568
FUMJAA,MITSEO,0.9990381151616166
FUMJAA,QUQFOY,0.9319566847832552
FUMJAA,AJIJEI,0.9200569881785778
FUMJAA,NAPZOV,0.9169833225753428
FUMJAA,VIDVUB,0.9081479731889732
FUMJAA,GERWOR,0.9057652471165508
FUMJAA,QEKLID01,0.8864945039706776
FUMJAA,QEKLID,0.8864439666204444
FUMJAA,GIZNOT,0.8733398502504942
FUMJAA,GOYLUB,0.8694515052878589
FUMJAA,PENNAZ,0.8607315716631624
FUMJAA,CIKCOQ,0.8567187494518367
FUMJAA,DAKVIW,0.8523652803825965
FUMJAA,LUWKIZ,0.8477315613567901
FUMJAA,NENHAQ,0.8400495425231055
FUMJAA,WEVVOL,0.8384912494010207
NOMPIQ01,NOMPIQ,0.9999989396442016
NOMPIQ01,CIKPEU,0.9999983422127056
NOMPIQ01,BEPRIZ,0.9998536508018472
NOMPIQ01,DIBQEM,0.9100823232731616
NOMPIQ01,DIDBOJ,0.8857534471312136
NOMPIQ01,DIDBEZ,0.8854395212259025
NOMPIQ01,DIDBID,0.8853729418982543
NOMPIQ01,ERUNUC,0.8853252283098068
NOMPIQ01,ERUNOW,0.884073228755386
NOMPIQ01,ESEQUO,0.8541886417891708
NOMPIQ01,AZIHOI,0.8477887360105848
NOMPIQ01,DIQHAO01,0.8472610253728908
NOMPIQ01,YATDOP,0.84662835049955
NOMPIQ01,POSGUB,0.8394077957522115
DIDBID,DIDBEZ,0.9999970355003316
DIDBID,DIDBOJ,0.9999695357495266
DIDBID,CAXZOS,0.9998083140588616
DIDBID,VEDFIV,0.9230112724418416
DIDBID,ABAVIJ,0.9229579264745094
DIDBID,VEDGIW,0.9228316125509276
DIDBID,VODNOS,0.9228160613415524
DIDBID,BOWDUO,0.9228129928041396
DIDBID,YODRAM,0.9228128948588176
DIDBID,OJOBAS,0.9228052785599282
DIDBID,CEYPUT,0.9228016611867184
DIDBID,EXUXEC,0.9227550333328848
DIDBID,MOXDOT,0.92200597133236
DIDBID,TATSIS,0.9219712959671
DIDBID,ABAVUV,0.921779372499692
DIDBID,ERUNIQ,0.9216783163237606
DIDBID,LASMAV,0.921290956297951
DIDBID,BAKJOO,0.9088416577894682
DIDBID,BAKJEE,0.9086414063491656
DIDBID,CANYIB,0.9069201705578858
DIDBID,SIDXOV,0.9007771132765614
DIDBID,BEPRIZ,0.8861126969634824
DIDBID,NOMPIQ,0.885296647066812
DIDBID,FUMJAZ01,0.8829799171929379
DIDBID,FUMJAZ,0.8828919983809453
DIDBID,MIHJUL,0.8827954973170319
DIDBID,LUWZUZ01,0.8825845975230183
DIDBID,XEVXUT,0.8797130867645276
DIDBID,JODGOA,0.8764908974383178
DIDBID,BUKLOJ,0.8751072123746428
DIDBID,DIBQEM,0.8716877743005661
DIDBID,FEXCES,0.8692731082651313
DIDBID,YIRSUQ,0.8687025116848165
DIDBID,ESEQUO,0.8672414060494362
DIDBID,VACKUI,0.8553773513892902
DIDBID,XAFFIV,0.8549990518208317
FAMQAO,VIXPUP01,0.8876887332868552
FAMQAO,VIXPUP,0.8871870373865114
FAMQAO,IDUSIM,0.8804632734589983
FAMQAO,IDUSIM01,0.8803048139278046
FAMQAO,UNACIW,0.8801099286832283
FAMQAO,IDUSIM02,0.8800805502424927
FAMQAO,UNABUH,0.8800299003148432
FAMQAO,MOCKEV,0.8601412702805152
FAMQAO,DIHVIB,0.8535532702267612
FAMQAO,YOZNEI,0.8535526598273169
FAMQAO,YOZNIM,0.8535511987765508
FAMQAO,DOTSOV11,0.8534624052479831
FAMQAO,NEHZOS,0.8496717718447563
FAMQAO,NEHZUY,0.8495827358455623
FAMQAO,YOZNOS,0.8455150267551262
BABREE,DOTSOV10,0.9324941603175244
BABREE,DOTSOV15,0.9324941596561328
BABREE,NEHZOS,0.9321107517512736
BABREE,FIQCEN,0.9321010876879624
BABREE,NEHZUY,0.932067436146807
BABREE,WULJUJ,0.9320377033243384
BABREE,YOZNEI,0.9319861880963128
BABREE,DIHVIB,0.9319458755991064
BABREE,YOZNOS,0.921691942801136
BABREE,RAWYAS,0.8637844089161897
BABREE,EXOYAS,0.8636900902983076
BABREE,APUPEH,0.8632205617679765
BABREE,GERWEH,0.8523627177164187
BABREE,NUTQAV,0.8509041768100744
BABREE,NUTQEZ,0.850662221822733
BABREE,MOCKEV,0.8501270413264571
BABREE,XIJSUH,0.8500934893372318
BABREE,MOBDIR,0.8437439388272391
BABREE,HUCBOX01,0.8437430401832086
BABREE,HUCBOX02,0.8436034739554048
BABREE,HUCBOX,0.8434735620961354
VIFPUY02,VIFPUY05,0.9999999986025856
VIFPUY02,VIFPUY03,0.9999999834487728
VIFPUY02,VIFPUY,0.9999999790690556
VIFPUY02,MAYJOM,0.9999593163649988
VIFPUY02,IYUHUG,0.9468154553983568
VIFPUY02,FAHQEM,0.9435963103183204
VIFPUY02,FAHQIQ,0.9357986776931548
VIFPUY02,NEDLOZ,0.9054226036411166
VIFPUY02,UNIDAY,0.9028624903507074
VIFPUY02,YAMXOC,0.8747436623240389
VIFPUY02,CUFFIT,0.8747144218717974
VIFPUY02,CUFDUD,0.8738298422183588
VIFPUY02,TIRFIK,0.8560021377467674
UFAQOK,HEBKAC,0.9963496205767642
UFAQOK,UFAQEA,0.9999960735871292
FIQCEN,YOZNEI,0.99999582136405
FIQCEN,DIHVIB,0.9999938902236388
FIQCEN,DOTSOV11,0.9999452609276256
FIQCEN,DOTSOV15,0.9999448454230856
FIQCEN,DOTSOV10,0.9999448452096688
FIQCEN,WULJUJ,0.9988911448234252
FIQCEN,NEHZOS,0.9963794812970316
FIQCEN,EXOYAS,0.9197002112903462
FIQCEN,CITXUZ,0.9184375234937908
FIQCEN,GERWEH,0.90822834675833
FIQCEN,YUGLES,0.907983118539577
FIQCEN,NUTQAV,0.9077941433586528
FIQCEN,NUTQEZ,0.9076906209687666
FIQCEN,MOCKEV,0.9074287191659028
FIQCEN,XIJSUH,0.9074258060330688
FIQCEN,ALIXUP,0.9002399117527432
FIQCEN,HUCBOX02,0.8973010352208195
FIQCEN,HUCBOX01,0.8972453771627457
FIQCEN,HUCBOX,0.8970046230140473
FIQCEN,MUDTEL,0.8946748987722154
FIQCEN,GIKMOD,0.8937867199947462
FIQCEN,VIXPUP01,0.887084097879455
FIQCEN,RUVKAV,0.8870264606715267
FIQCEN,VIXPUP,0.8866303443021055
FIQCEN,PAFZEE,0.8850763703173807
FIQCEN,EMUBOF,0.884922929884924
FIQCEN,DICKEH,0.8770604518369819
FIQCEN,LAQNID,0.8691013206692365
FIQCEN,KIRFOI,0.865803978200479
FIQCEN,TOVWAE,0.8608641615788983
FIQCEN,IDUDIW,0.856454670780049
FIQCEN,FALTUK,0.8535483124923263
FIQCEN,EPISOM,0.852572051045966
FIQCEN,ANUGEW,0.8524990037314111
FIQCEN,RUJMEQ,0.8463372168086162
FIQCEN,BAZFUF,0.8398576377743424
FIQCEN,SEMNIJ,0.8395956527756627
YUKVEG,DADTUY11,0.999999201641416
YUKVEG,DADTUY01,0.9999897990852198
YUKVEG,DADTUY07,0.9999882974073682
YUKVEG,DADTUY09,0.9999879652557738
YUKVEG,DADTUY05,0.9999812225027496
YUKVEG,DADTUY,0.9999746398123452
YUKVEG,SOJKOT06,0.9998971528982824
YUKVEG,IGOPEB,0.9998587001947564
YUKVEG,EDAGEX,0.9985766143277832
YUKVEG,RAVVOA01,0.9979951822435024
DADTUY07,DADTUY09,0.999999997675344
DADTUY07,DADTUY01,0.9999999475993006
DADTUY07,DADTUY11,0.9999930463389738
DADTUY07,SOJKOT06,0.9998168649613954
DADTUY07,MAJMOA03,0.9996406693765402
DADTUY07,EDAGAT,0.9985217306424724
DADTUY07,RAVVIU,0.9984200786469888
DADTUY07,RAVVOA01,0.9982868765679876
DOTSOV15,DOTSOV10,0.999999999999999
DOTSOV15,DOTSOV11,0.9999999992144026
DOTSOV15,YOZNIM,0.9999346081335424
DOTSOV15,YOZNEI,0.9999134596963192
DOTSOV15,DIHVIB,0.9999020253698102
DOTSOV15,NEHZOS,0.997215561251896
DOTSOV15,DALSOA,0.9330059685612376
DOTSOV15,EXOYAS,0.9199357594585452
DOTSOV15,RAWYAS,0.9193479335409152
DOTSOV15,CITXUZ,0.9189843894958306
DOTSOV15,GERWEH,0.9081094615163255
DOTSOV15,YUGLES,0.9076862293177964
DOTSOV15,NUTQAV,0.9074227182228278
DOTSOV15,MOCKEV,0.9069559936673246
DOTSOV15,XIJSUH,0.9069452328216868
DOTSOV15,ALIXUP,0.9015049710057852
DOTSOV15,HUCBOX01,0.8973490184869437
DOTSOV15,HUCBOX,0.8971019724854691
DOTSOV15,PAMQIF,0.8970320193511928
DOTSOV15,MUDTEL,0.8938528313771996
DOTSOV15,GINTUT,0.8872541379279366
DOTSOV15,VIXPUP01,0.8872463280170927
DOTSOV15,VIXPUP,0.8869589464986403
DOTSOV15,PAFZEE,0.8850331709519135
DOTSOV15,KANMIX,0.8849465874967108
DOTSOV15,WANJIF,0.8849301178782454
DOTSOV15,EMUBOF,0.8846834701103851
DOTSOV15,EXAXAE,0.882823700467608
DOTSOV15,DICKEH,0.8774516592769322
DOTSOV15,LAQNID,0.8692416090021635
DOTSOV15,KIRFOI,0.8666215124788429
DOTSOV15,IWEQAD,0.8611556738677936
DOTSOV15,XICKOL,0.8608873649334349
DOTSOV15,OGEBAF,0.859382816952261
DOTSOV15,IDUDIW,0.8574130715716483
DOTSOV15,FALTUK,0.8534597486692709
DOTSOV15,ANUGEW,0.8531887638992064
DOTSOV15,RUJMEQ,0.8464089190288739
DOTSOV15,BAZFUF,0.8395250882557902
DOTSOV15,ENIHUG,0.8384655817058073
JENKET,GUGNON,0.9999357264579032
JENKET,DUPKAC,0.9333642856691162
JENKET,REBVIG,0.9161846615115964
JENKET,FIJCUX01,0.9082249186870446
JENKET,VEGMOK04,0.9074537253269808
JENKET,QEDZEG,0.905404170056618
JENKET,RUYGOJ,0.9052230158642924
JENKET,XAFFER,0.8856316223827214
JENKET,NOXMAQ,0.8854769750871319
JENKET,OKELOH,0.8765986146266689
JENKET,BEWCUD,0.8635970900223534
JENKET,CESQUP,0.8477553152650908
JENKET,JEDDII,0.8467711656352823
JENKET,LEYLIN,0.8431773492002698
JENKET,WORKUL,0.8415057782580144
JENKET,NANYUX03,0.8402064072521861
JENKET,PEJPEB,0.8401844692366849
JENKET,NIWYID,0.8391276010044164
JENKET,IJEXIF01,0.8382436142239675
OSADIX,YINCUV,0.9773732256692425
OSADIX,VUQKAU02,0.837968445205822
OSADIX,OCAKUB,0.8376613763675416
IQUCOO,HAFVUH,0.858574556174787
IQUCOO,WAMRIN02,0.8402628271550956
YICRAF,RUXWEM03,0.8762072046657654
YICRAF,RUXWEM01,0.8759820451060132
YICRAF,QEKLID01,0.8704972731542098
YICRAF,DAPYAW,0.8683204664464184
YICRAF,EKUNON02,0.858024790664597
YICRAF,FONKEA,0.8558685276567211
YICRAF,XEQRAO,0.8487960458662198
YICRAF,JUYJIY,0.8448989349482963
YICRAF,PIKYIU,0.8439101868360224
AZIHOI,FEVDER,0.9998885605606378
AZIHOI,SIDXOV,0.9954202792722155
AZIHOI,BAKJEE,0.9765698404589432
AZIHOI,DIDBOJ,0.9087933335288708
AZIHOI,JODGIU,0.9085754418060028
AZIHOI,DIDBEZ,0.9085372305741328
AZIHOI,ERUNUC,0.9084982534348036
AZIHOI,FUMJAZ01,0.9074824885304462
AZIHOI,ERUNOW,0.9074146897496106
AZIHOI,XEVXUT,0.9067153937439096
AZIHOI,AGAFAS,0.8909378005882225
AZIHOI,YATDOP,0.8858326872460986
AZIHOI,TATSIS,0.8792246239602555
AZIHOI,EXUXEC,0.8791415354723581
AZIHOI,ABAVIJ,0.8790131298400893
AZIHOI,YODRAM,0.8789582922549414
AZIHOI,BOWDUO,0.8789573870397649
AZIHOI,VEDFER,0.8788483438236555
AZIHOI,VODNOS,0.878661659116595
AZIHOI,YIGGEB,0.8782684332433336
AZIHOI,ABAVUV,0.8761747860909663
AZIHOI,BIKMAL,0.8609421159577115
AZIHOI,BIKMAL01,0.8607271154871272
AZIHOI,DIBQEM,0.8598429184407699
AZIHOI,YIRSUQ,0.8542204971136311
AZIHOI,BEPRIZ,0.8477797036272705
AZIHOI,NOMPIQ,0.847778557619685
YATDOP,DIQHAO01,0.9940674607588156
YATDOP,JODGIU,0.9249151543688976
YATDOP,DIDBEZ,0.9248034732052892
YATDOP,CAXZOS,0.9245551126318524
YATDOP,BAKJOO,0.8871895827926342
YATDOP,BAKJEE,0.8871841901573627
YATDOP,FEVDER,0.8865012478628733
YATDOP,CANYIB,0.8862333776450833
YATDOP,SIDXOV,0.8763049396371813
YATDOP,CEYPUT,0.8602311754190544
YATDOP,OJOBAS,0.8602278840775424
YATDOP,VODNOS,0.8601590718411123
YATDOP,VEDGIW,0.8601457666564671
YATDOP,VEDFER,0.860020012341732
YATDOP,BOWDOI,0.8600019230575272
YATDOP,BOWDUO,0.8599500147622551
YATDOP,YODRAM,0.8599490896683946
YATDOP,BOWDIC,0.859896078111415
YATDOP,EXUXEC,0.8596882525954497
YATDOP,MOXDOT,0.8594546478071641
YATDOP,ABAVIJ,0.8588255060238011
YATDOP,DIBQEM,0.8551014672789634
YATDOP,CIKPEU,0.8465398434770697
YATDOP,FUMJAZ01,0.8413813277359746
YATDOP,XEVXUT,0.8389324636444104
QOWRAV11,QOWRAV12,0.999999999122618
QOWRAV11,QOWRAV07,0.9999999670083746
QOWRAV11,QOWRAV05,0.999999797402902
QOWRAV11,BAZFUF,0.9971677517672844
QOWRAV11,KIJRUS,0.9864144538572466
QOWRAV11,WURNOO,0.8721770252586132
QOWRAV11,HAYXIR,0.871772551334487
QOWRAV11,ENIHUG,0.8678243067378052
QOWRAV11,LURRIA,0.8608019948997427
QOWRAV11,ASIVAB,0.852718050147246
QOWRAV11,SIXNIZ,0.852486288596572
QOWRAV11,EPISOM,0.8508900283420993
QOWRAV11,YIMQOD,0.8459987683105059
HEBNAF,WEMWAP,0.846271927669292
TONBOO,XIHSAJ01,0.9991783732518468
TONBOO,XIHSEN01,0.9991451762723416
TONBOO,BUKLOJ,0.8841063367859976
TONBOO,XUZRIU,0.8607245178353341
TONBOO,XEVSIB,0.8595507153510253
TONBOO,EJINIV,0.8519592561095377
TONBOO,XUYYEW,0.8518273306834663
TONBOO,XUYYIA,0.851601089375876
TONBOO,XAPSIS,0.8455350238361423
TONBOO,YIPFIO,0.8431818941883683
TONBOO,MOXDOT,0.8421412178257809
TONBOO,GEPBEK,0.840683716777968
BUVNIR,IFABIA02,0.8830762179324032
BUVNIR,IQOJAB,0.8719029020932108
BUVNIR,IQAGEN,0.8601889832663822
BUVNIR,VALGAS,0.8567367796183283
BUVNIR,PASGEX04,0.8396155649004017
UMEXUF,MUZHUL,0.9999440403859876
UMEXUF,FABFOF,0.9995490325814304
UMEXUF,COKNAT,0.8724818382117455
UMEXUF,WOBHOL,0.8724746516169287
UMEXUF,WOBHIF03,0.8724686036163216
UMEXUF,HIVSIQ,0.8608361422808777
DALSOA,DOTSOV10,0.9330059684732568
DALSOA,WULJUJ,0.9320613968632954
DALSOA,NEHZOS,0.9299494679213536
DALSOA,EXOYAS,0.8635852726204497
DALSOA,RAWYAS,0.862920397106308
DALSOA,APUPEH,0.8613563129448496
DALSOA,YUGLES,0.8531071384318154
DALSOA,NUTQAV,0.8528695673059508
DALSOA,NUTQEZ,0.8527437833708865
DALSOA,MOCKEV,0.8524403901835189
DALSOA,ALIXUP,0.8463817699295755
DALSOA,HUCBOX02,0.8441144924718834
DALSOA,HUCBOX01,0.8440892218684064
DALSOA,PAMQIF,0.8437323619104736
DALSOA,MUDTEL,0.8409152775948918
HIQNOM,HIQNUS,0.9985699228311764
HIQNOM,GUDCIT,0.9568645085774032
HIQNOM,IJEXIF01,0.846380347538886
HIQNOM,PEJPEB,0.8443833257921638
HIQNOM,NANYUX03,0.8439956661892332
GAWZOW,BEJKEJ,0.999952827441352
GAWZOW,TEVVEY,0.9973112486112
GAWZOW,TEVVOI,0.9956179658737964
GAWZOW,KEVBUK,0.9232921767622064
GAWZOW,HOGSIG,0.9226014004480396
GAWZOW,LIDSEY,0.9087005437838642
GAWZOW,EKEKAH,0.8824437402468832
GAWZOW,XADWIK02,0.8812893896663734
GAWZOW,XADWIK01,0.8807459092137795
GAWZOW,SEQSIS,0.8686405136274247
GAWZOW,SEQSUE,0.8634283806181371
GAWZOW,BOSHUN,0.861620231929562
XACSIG,UQOGAK,0.8962304541618336
POFDOF,POFFAT,0.9999908803587264
POFDOF,VOJPUG01,0.9998864912756142
POFDOF,POFFEX,0.999755856811861
POFDOF,POFDEV,0.9996714363786444
POFDOF,MURREW,0.9994062752333734
POFDOF,EGOZAB,0.9983676549715852
POFDOF,BAHGUN,0.9981448386071672
POFDOF,BAHGUN04,0.997977230334308
POFDOF,NIHDEQ,0.9963996526344996
POFDOF,XICKOL,0.8792650869719849
POFDOF,IDUSIM,0.8639978592965227
POFDOF,UNACES,0.8638107904083762
POFDOF,UNACIW,0.8637440873872015
POFDOF,UNABUH01,0.863710126835098
POFDOF,IDUTEJ,0.8634863584803579
POFDOF,HOYKUD,0.8538730738961225
POFDOF,ENITAX,0.8426190008600969
POFDOF,DEGSIS01,0.8425587397164926
UNACES,UNABUH01,0.9999991263321518
UNACES,UNABUH,0.9999983225270042
UNACES,FALTUK,0.8801880945206983
UNACES,QERZUI01,0.8666660584681208
UNACES,BAHGUN04,0.8666044191682023
UNACES,BAHGUN,0.8665676648759497
UNACES,EGOZAB,0.8665054422568591
UNACES,UFUNAK,0.8661140974831739
UNACES,MURREW,0.8657939751715283
UNACES,KAKTIA01,0.8654887769811095
UNACES,POFDEV,0.8653067377862922
UNACES,NELCEN,0.862504867839507
UNACES,POFFEX,0.8619072823902018
YEVKES,CUSYUM,0.9995346320160624
VACFOV01,VIFPUY,0.9999964772959664
VACFOV01,VIFPUY03,0.9999964361196888
VACFOV01,MAYJOM,0.9999786438925976
VACFOV01,IYUHUG,0.9468824238572424
VACFOV01,GALHUY,0.9379273062232062
VACFOV01,FAHQIQ,0.936166853342628
VACFOV01,NEDLOZ,0.9056058259668488
VACFOV01,CIFSES,0.9034006741323668
VACFOV01,UNIDAY,0.9031140602953872
VACFOV01,TIRFOQ,0.879971631578859
VACFOV01,YAMXOC,0.8747968145321754
VACFOV01,CUFFIT,0.8747706954628766
VACFOV01,IYUHIU,0.8737273994623478
KOHLIE,KOHDIW,0.9998909132388432
KOHLIE,CANROA,0.9998897608059508
KOHLIE,BUKLOJ,0.9056060961630924
KOHLIE,MOXDOT,0.865146091039958
KOHLIE,RUYGAV,0.8512401778912231
KOHLIE,VODNOS,0.8429945284244261
KOHLIE,OJOBAS,0.8429934764194461
KOHLIE,VEDFOB,0.8429732088520807
KOHLIE,VEDFER,0.8429477941534653
KOHLIE,XUBKOU,0.8426890506163506
KOHLIE,ABAVIJ,0.842137773812646
KOHLIE,ABAVUV,0.8421356728424911
KOHLIE,TATSIS,0.8417964153134385
KOHLIE,ERUNIQ,0.8415589556949103
OKIVIO01,OKIVIO02,0.9999994649550658
OKIVIO01,OKIYAJ01,0.9999993979124934
OKIVIO01,OKIVAG,0.9999989464072616
OKIVIO01,OKIYIR01,0.999998937554623
OKIVIO01,OKIYIR,0.999998912011565
OKIVIO01,OKIWEL,0.9999988265694352
OKIVIO01,WUNSII,0.9999965476567644
OKIVIO01,WUNVAD,0.9999950333960484
OKIVIO01,YINNUH,0.9999710383517996
OKIVIO01,WUNSEE01,0.9999465774922413
FEVDER,BAKJOO,0.9777315606904504
FEVDER,CANYIB,0.9749512018952144
FEVDER,ERUNUC,0.9090590396117708
FEVDER,JODGIU,0.9089438824016502
FEVDER,DIDBEZ,0.9088829816109312
FEVDER,ERUNOW,0.908268499263327
FEVDER,FUMJAZ01,0.9068395375076976
FEVDER,FUMJAZ,0.9066943891257296
FEVDER,XEVXUT,0.9056176958919264
FEVDER,DIQHAO01,0.8846013302105616
FEVDER,EXUXEC,0.8792883146254971
FEVDER,BOWDIC,0.8792508854529414
FEVDER,YODRAM,0.8792321067200142
FEVDER,BOWDUO,0.8792317247586661
FEVDER,BOWDOI,0.8792065991225864
FEVDER,VEDFER,0.8791699464193684
FEVDER,VEDFOB,0.8791620001369973
FEVDER,VEDFIV,0.8791230203243029
FEVDER,VEDGIW,0.8790958869951139
FEVDER,VODNOS,0.8790798654296784
FEVDER,OJOBAS,0.8789719961108624
FEVDER,ABAVIJ,0.8789365028642206
FEVDER,LASMAV,0.8785673848659374
FEVDER,YIGGEB,0.8774863501095652
FEVDER,ABAVUV,0.8772377445243975
FEVDER,FEYJOJ,0.8761027569370241
FEVDER,BIKMAL,0.860523688138366
FEVDER,BIKMAL01,0.8601820585368407
FEVDER,NOMPIQ,0.8475274506647692
FEVDER,CIKPEU,0.8475150070645646
YIPFIO,XEVSIB,0.8990365151368223
YIPFIO,EJINIV,0.8659329222667248
YIPFIO,XUYYEW,0.8658589596453115
YIPFIO,XUYYIA,0.8658504740860571
YIPFIO,NAVJAW01,0.8626418138963333
YIPFIO,BUKLOJ,0.8462634775653352
YIPFIO,XIHSEN01,0.8439899096743264
YIPFIO,XIHSAJ01,0.8439887380325408
YIPFIO,ESEQUO,0.8401159674115759
SIVWUR,PIHJIB,0.8948979295580087
EJINIV,XUYYEW,0.9999009473145208
EJINIV,XUYYIA,0.9998497827613604
EJINIV,QIQTOB,0.9335654807761382
EJINIV,FIQDER,0.9248067166427496
EJINIV,XUZRIU,0.9102248582128012
EJINIV,XEVSIB,0.9088754943062344
EJINIV,CAQJOW,0.8811437989134809
EJINIV,XIHSAJ01,0.8524547388995214
EJINIV,XIHSEN01,0.8524495848836875
EJINIV,ESEQUO,0.849038510281339
EJINIV,YIRSUQ,0.8379298383063465
XEVSIB,VULFOZ,0.8746231255091773
XEVSIB,QIQTOB,0.8735101128702714
XEVSIB,FIQDER,0.8658328617088124
XEVSIB,IGAHED03,0.8642012784461541
XEVSIB,UGECEO01,0.863888448615332
XEVSIB,OCACUR,0.8638038444555802
XEVSIB,ESEQUO,0.8616906317601245
XEVSIB,TAHYUZ,0.8616064119139073
XEVSIB,XIHSEN,0.8607584402803381
XEVSIB,XIHSAJ01,0.8605795937262197
XEVSIB,YIRSUQ,0.8460475493297432
XEVSIB,XADDUD,0.8401951999359384
SIWQIA02,TAYZUQ,0.999940216394636
SIWQIA02,DAXNIA,0.9997899302006968
SIWQIA02,SANMEB,0.9997729343822332
SIWQIA02,YANXIX02,0.9997672210615424
SIWQIA02,AMOBEL01,0.9993259858474008
SIWQIA02,ELUQIM08,0.996257091718652
SIWQIA02,ELUQIM04,0.9961893845642732
SIWQIA02,ELUQIM13,0.996116260304765
OXOLAP,WUPTUY,0.9999999482391682
OXOLAP,WUPTUY01,0.999990800102296
OXOLAP,RUKDIM,0.9988081132116357
OXOLAP,ERANAO,0.8633900679663784
OXOLAP,WIZMAV06,0.8632233574959216
OXOLAP,WIZMAV08,0.8632163483158413
OXOLAP,WIZMAV09,0.8632084773104842
OXOLAP,WIZMAV07,0.863205809083045
OXOLAP,WIZMAV12,0.8631772183384383
OXOLAP,UVAHIK,0.8630311175739614
OXOLAP,OFOJAX,0.8412574140261466
RUYGAV,BUKLOJ,0.9231623722232508
RUYGAV,ESEQUO,0.9080055904909404
RUYGAV,MOXDOT,0.8848418310029944
RUYGAV,XUBKOU,0.8628685869121901
RUYGAV,CANROA,0.8501234852052794
RUYGAV,COZMUA,0.8481462049283347
RUYGAV,USAYOE,0.844959069248217
RUYGAV,BELTUJ,0.8394946960783451
IDUSIM,IDUSIM01,0.9999979858676074
IDUSIM,IDUSIM02,0.9999929187688408
IDUSIM,UNABUH01,0.9999923659042944
IDUSIM,IDUTEJ,0.9999774519361028
IDUSIM,FALTUK,0.8804473496244203
IDUSIM,NIHDEQ,0.8666112965210404
IDUSIM,EGOZAB,0.8665487352195885
IDUSIM,UFUNAK,0.8661948174494853
IDUSIM,MURREW,0.865899646923185
IDUSIM,KAKTIA01,0.8656132962146824
IDUSIM,VOJPUG01,0.8648271719306153
IDUSIM,NELCEN,0.8627289348029847
IDUSIM,POFFEX,0.8621476334405538
IDUSIM,VIXPUP01,0.8560477557823
IDUSIM,XICKOL,0.8524540722367048
FOSTIS,CIFSES,0.9999976053854828
FOSTIS,UNIDAY,0.9999785896182548
FOSTIS,NEDLOZ,0.9996342857392528
FOSTIS,GIWMAD,0.9981929993892522
FOSTIS,FAHQIQ,0.9552114620764506
FOSTIS,IYUHUG,0.9537013753446448
FOSTIS,MAYJOM,0.9039160819767156
FOSTIS,VIFPUY05,0.9030351672389436
FOSTIS,VIFPUY03,0.9030220501663492
FOSTIS,XOMHIS,0.8829988440323548
FOSTIS,MUQYEE,0.8623048250169336
FOSTIS,TONKEN,0.8618645565930408
FOSTIS,OWIHUZ,0.8600227691753325
FOSTIS,OWIJAH,0.859998988446062
FOSTIS,LEPTUY,0.8510049998729885
FOSTIS,TIRFOQ,0.8429681849394237
FOSTIS,IYUHIU,0.8389927507500331
KANMIX,EMUBOF,0.9999284478558976
KANMIX,WANJIF,0.9997299913487384
KANMIX,DIHVIB,0.8850743490924091
KANMIX,YOZNIM,0.8850657362484188
KANMIX,DOTSOV10,0.8849465871292848
KANMIX,NEHZOS,0.8809635661844121
KANMIX,NEHZUY,0.880871967758717
KANMIX,IDUDIW,0.8487486674008409
KANMIX,GERWEH,0.8429967281141608
KANMIX,QESBAR,0.842041190751339
KANMIX,DEGSIS01,0.8402901622630969
HUTZAX01,VOPTAX,0.8094642880890883
HUTZAX01,HUVGEM,0.9422419155650044
HUTZAX01,FIJCUX01,0.9080399092325288
HUTZAX01,IFABIA02,0.907810941634516
HUTZAX01,GAWMOJ,0.8607985475357967
HUTZAX01,TACJEO,0.8579322544179407
HUTZAX01,WORKUL,0.8426220255239574
HUTZAX01,ARIDIQ,0.8399590524779068
BAHGUN,BAHGUN04,0.9999963398283124
BAHGUN,EGOZAB,0.9999913125059052
BAHGUN,QERZUI01,0.999933179326755
BAHGUN,UFUNAK,0.9998220854945062
BAHGUN,KAKTIA01,0.9994058736581952
BAHGUN,VOJPUG01,0.9988221126871734
BAHGUN,POFFAT,0.9979234698445304
BAHGUN,WURNOO,0.923117467872829
BAHGUN,XICKOL,0.8778347462440242
BAHGUN,IDUSIM01,0.8665833290888605
BAHGUN,DEGSIS01,0.8439922733950836
BAHGUN,QESBAR,0.8435498191296559
BAHGUN,ENITAX,0.8424345259382229
WOJZOK01,UVASAM,0.9965412639271984
WOJZOK01,HAWBUE,0.8652224117687224
WOJZOK01,IFABIA02,0.8507269381623719
WOJZOK01,FIJCUX01,0.8465432568867106
QOPZIF,IJEXIF01,0.9200676208909128
QOPZIF,NIWYID,0.91986819632451
QOPZIF,PEJPEB,0.9182606657370902
QOPZIF,REFVEF,0.8511691315314623
QOPZIF,EXOXUL,0.848366938358191
QOPZIF,REBVIG,0.8423451056505346
LUDRUZ,WEWFIQ,0.9993694976673988
LUDRUZ,AHAJUP,0.8827347161948913
QONKUB,QONLIQ,0.9999905294949762
QONKUB,QONKOV,0.9999335559141216
QONKUB,PASGAU,0.9997789040123086
QONKUB,QOMRUH,0.999768041499878
QONKUB,IBUDOZ,0.9996576296976104
QONKUB,JAXNUU,0.9995041042648688
QONKUB,PEBNER,0.9994519074411016
QONKUB,JAVNIE,0.998998871028993
QONKUB,VUQJEX01,0.9977053760352677
QONKUB,VUQJEX,0.9976596000830308
QONKUB,HOSPEL,0.9974170190398296
QONKUB,PENLEB,0.8714482176156487
QONKUB,QITZUP,0.8712865707838744
QONKUB,CEXJUN02,0.863422907778882
QONKUB,RODSAG,0.8572780279145407
QONKUB,RODSAG01,0.857114873194783
QONKUB,REFBAH01,0.8566592058338942
QONKUB,REFBAH,0.8566066063564722
QONKUB,RAJPIE,0.8547717270680734
VUQJEX01,BUZKUE,0.9997367457256428
VUQJEX01,QONLEM,0.9971492617203916
VUQJEX01,CISLUN,0.997142741160133
VUQJEX01,PIZHOX,0.9963282279403132
VUQJEX01,QOMSAO,0.9956480392881076
VUQJEX01,IBUDOZ,0.9955989752767102
VUQJEX01,DEGJIK,0.995142937084889
VUQJEX01,QITZUP,0.875761950545819
VUQJEX01,CEXJUN01,0.8624547758514669
VUQJEX01,RAJPIE,0.8579534365943375
VUQJEX01,REFBAH01,0.8579036010806353
VUQJEX01,RODSAG,0.8576312827111026
VUQJEX01,RANLAV,0.850647438382039
HIHNUJ,OWIJAH,0.9999998033753292
HIHNUJ,TONKEN,0.999776279531464
HIHNUJ,CUFDUD,0.9460411129391118
HIHNUJ,IYUHIU,0.9458102018610914
HIHNUJ,XINTOG,0.8750853544431139
HIHNUJ,NEDLOZ,0.862319107129774
HIHNUJ,CIFSIW,0.8612027643286342
HIHNUJ,CIFSES,0.8600497806291902
HIHNUJ,UNIDAY,0.8597568691922786
HISSIN,DUGDOA01,0.9455605712140543
HISSIN,DUGDOA,0.9453077659794296
HISSIN,YABKEU,0.93284536574848
HISSIN,VITYUU,0.9323515279426194
HISSIN,IBEYAQ,0.929831612652912
HISSIN,EWASIG,0.926814535984852
HISSIN,NAJSUP,0.899723906809358
HISSIN,YIXFOC03,0.8872079023540834
HISSIN,SIKYER,0.886970903661055
HISSIN,LARYEK03,0.8865777306970386
HISSIN,WECSAZ,0.8861670980517911
HISSIN,EXUSUN,0.8851301533498301
HISSIN,IFUPAC,0.8493457535660791
HISSIN,ELIKOA,0.8482845819075103
XUJPIC,NUNPAP,0.9998406727537108
XUJPIC,VEMSUC01,0.9997105780776796
XUJPIC,XUJPOI,0.999705328927042
XUJPIC,XUJQAV,0.9996686489078888
XUJPIC,EZOFEF,0.9928062135511478
XUJPIC,DAFHID,0.8958730627349798
XUJPIC,XUCHOS,0.8789637835220776
XUJPIC,SOQRUM,0.8727569995535354
XUJPIC,LIDSAU,0.8611116625748924
XUJPIC,JAMSEY,0.8575896156055891
TEYCAD,TEDZUZ,0.9012687448564456
RUBZIY01,YICREI,0.9997926817870484
RUBZIY01,RUBZIY02,0.9999991808272494
SIXNIZ,ASIVAB,0.8958316684189578
SIXNIZ,SIXNOF,0.8957905875614665
SIXNIZ,ANUGEW,0.864214434405081
SIXNIZ,BAZFUF,0.8593702343155583
SIXNIZ,KIJRUS,0.8583620502565654
SIXNIZ,NAFSOF,0.8578710644358102
SIXNIZ,QOWRAV12,0.8524809174152262
SIXNIZ,QOWRAV07,0.8524533251229984
SIXNIZ,QOWRAV05,0.8524044857306984
CIFSES,UNIDAY,0.9999862587150998
CIFSES,CIFSIW,0.9999202419018371
CIFSES,GIWMAD,0.9982578457581868
CIFSES,FAHQEM,0.9563051490575896
CIFSES,VIFPUY,0.9031395904931871
CIFSES,VIFPUY03,0.9031365821826272
CIFSES,XOMHIS,0.8829993687469694
CIFSES,OWIJAH,0.86011242593408
CIFSES,LEPTUY,0.8510449979451912
CIFSES,IYUHIU,0.8390450518571275
SANMEB,YUKVUW04,0.999853368652104
SANMEB,DAXNIA,0.9998388065455972
SANMEB,TAYZUQ,0.9994833974166536
SANMEB,AMOBEL01,0.9984211682398858
SANMEB,ELUQIM08,0.9974399955739378
SANMEB,ELUQIM04,0.9973849471920104
SANMEB,ELUQIM01,0.9973671508003812
SANMEB,ELUQIM13,0.9973259854893956
HIQNUS,GUDCIT,0.9536780723048028
HIQNUS,PEJPEB,0.8462521651395823
HIQNUS,NIWYID,0.8459358102408703
HIQNUS,IJEXIF01,0.8453426761450307
NETYOD,SOSQIC01,0.8433198971194122
KOCWEF,VUQKAU02,0.847808756857934
KOCWEF,OCAKUB,0.8477438939928509
JUMDEC,XAVDIJ,0.9999999543852814
JUMDEC,IDIWOH05,0.9999978032998388
JUMDEC,IDIWOH06,0.9999976126645364
JUMDEC,IXOFUX01,0.9999969146888732
JUMDEC,IXOFUX,0.999996772831922
JUMDEC,IXODUV,0.9999963106014532
JUMDEC,WIDQAC,0.9999940885949136
JUMDEC,IXOFAD,0.9999937346503908
JUMDEC,ALOVEC,0.9962655954134988
IJEXIF01,NIWYID,0.9998681962276472
IJEXIF01,PEJPEB,0.9984332410910456
IJEXIF01,NANYUX03,0.9980897894259352
IJEXIF01,YOZYUJ,0.944280209219783
IJEXIF01,EXOXUL,0.91508506376259
IJEXIF01,REBVIG,0.9077475661550928
IJEXIF01,KEFBOO,0.9053104445939476
IJEXIF01,DUNXUH13,0.8966252567938731
IJEXIF01,DUNXUH,0.8965496486420935
IJEXIF01,WIMWIA,0.8961176227128977
IJEXIF01,REFVEF,0.8857225796492738
IJEXIF01,NUFBOH,0.8776918971809716
IJEXIF01,DOYHIK,0.8747118554047353
IJEXIF01,FIJCUX01,0.8734407968379783
IJEXIF01,GEYLEE,0.8691940518406478
IJEXIF01,LASMUP,0.8604633460354463
IJEXIF01,WEHJAW,0.8535520004299855
IJEXIF01,ALANAD,0.8535479047845329
IJEXIF01,WEHHIC,0.8531028787927704
IJEXIF01,MUWRUT,0.8520070054106541
IJEXIF01,HEZKIH,0.8502653897825253
IJEXIF01,QAQSAD,0.849180614345132
IJEXIF01,GUGNON,0.838888574861818
FIFPES,FIFQIX,0.998793552878546
HIFGIO,GOSDUP,0.9046632382751004
HIFGIO,FIJCUX01,0.8606925000858557
SIRBIG06,DOHDOU,0.999988088448439
SIRBIG06,SIRBIG01,0.999998558561144
SIRBIG06,ILECIN,0.9999600085305882
SIRBIG06,MGFORD02,0.9997727433478264
SIRBIG06,XEHSOT,0.9986659849828596
SIRBIG06,MOPQIT,0.9985520272640536
SIRBIG06,NAXVOY01,0.9985154127181124
SIRBIG06,NIWZIE01,0.9981580325012128
SIRBIG06,NIWZIE09,0.9978356825835716
SIRBIG06,NIWZIE17,0.997479917899396
SIRBIG06,NIWPIU,0.9974755814440992
SIRBIG06,NIWZIE18,0.9974434776379196
NIWZIE18,NIWZIE17,0.99999986854545
NIWZIE18,NIWZIE09,0.999983602424253
NIWZIE18,NAXVOY01,0.999854648104296
NIWZIE18,MOPQIT,0.9998423120562632
NIWZIE18,NAXVOY,0.9976016109609306
NIWZIE18,ILECIN,0.997445855881814
NIWZIE18,LIJWUX,0.9963618550812582
NIWZIE18,LICSEW04,0.9959729145554128
NIWZIE18,MGFORD02,0.9956990592185082
FELXOM,JUYJIY,0.8959417442477073
FELXOM,RUXWEM03,0.8842091672997265
FELXOM,RUXWEM01,0.8838156165634113
FELXOM,DAPYAW,0.8768296083423872
FELXOM,GOYLUB,0.8690785739365097
FELXOM,EKUNON01,0.8657909554863578
FELXOM,NOLRIR,0.8563136900584979
FELXOM,QEKLID01,0.8539257575086712
FELXOM,PIKYIU,0.8515635491933218
LIRVAK,KIKRAA,0.9999810106401896
LIRVAK,XIQZIH,0.9998558723692824
LIRVAK,PEKZIP,0.9996976001259176
LIRVAK,OJOQAF02,0.9970639431551374
LIRVAK,LABJUV,0.8887650485731327
LIRVAK,WURNOO,0.8612534079490652
LIRVAK,KAGJOS,0.8610664851030154
EWASIG,VITYUU,0.9891361536901822
EWASIG,WOJYOL,0.9224344556010168
EWASIG,WOJZIG,0.917682948222294
EWASIG,NAJSUP,0.8701902282914251
EWASIG,DUGDOA,0.8644163849504569
EWASIG,DUGDOA01,0.8642288019589931
EWASIG,ASUBIB,0.8596406093439274
EWASIG,KAHWOG,0.8488606408453581
EWASIG,UHISEK,0.8460836743891441
EWASIG,IFUPAC,0.8408140533311275
RUBTAK04,RUBTAK07,0.999999996528699
LAPNIC,LAPLUM,0.9999424664182078
QOWRAV04,QOWRAV05,0.999999997311566
QOWRAV04,QOWRAV07,0.9999998973938192
QOWRAV04,QOWRAV12,0.999999776897085
QOWRAV04,BAZFUF,0.9971142269999038
QOWRAV04,KIJRUS,0.9863090106122016
QOWRAV04,NAFSOF,0.978769968322172
QOWRAV04,ANUGEW,0.9594251826208096
QOWRAV04,LAQNID,0.894719831953274
QOWRAV04,KAGJOS,0.8723220087691025
QOWRAV04,HAYXIR,0.8716992715888942
QOWRAV04,SEMNIJ,0.8658277790449187
QOWRAV04,LURRIA,0.8607260758020532
QOWRAV04,ASIVAB,0.8526280483475831
QOWRAV04,SIXNOF,0.8511620638659378
QOWRAV04,EPISOM,0.8507919708996969
QOWRAV04,YIMQOD,0.8459721864026887
PIQQOX,REFWIL,0.994675831587888
PIQQOX,FOKWOT,0.9777278557480676
PIQQOX,FOKWUZ,0.9777196825693816
PIQQOX,MICCIM,0.9722722969778674
PIQQOX,JUQSIZ,0.9628170255349828
PIQQOX,TALBEQ,0.8912497121340988
PIQQOX,REXYAX,0.871833892730512
PIQQOX,RUXWEM03,0.8379884912900799
PIQQOX,RUXWEM01,0.8378643532340776
PASGIB02,DECYAO,0.8919632145906562
PASGIB02,DECXUH,0.8763943109437007
PASGIB02,TACTUP,0.8740466189569182
PASGIB02,DECYES,0.8714237494877191
PASGIB02,WIMWIA,0.8546028672395838
SEMNIJ,LURRIA,0.9966359701784534
SEMNIJ,DICKEH,0.9478055900385124
SEMNIJ,OGEBAF,0.925921635389372
SEMNIJ,YUGLES,0.9159770633387174
SEMNIJ,NUTQAV,0.9158820584873536
SEMNIJ,NUTQEZ,0.9158216018943572
SEMNIJ,MUDTEL,0.9031242315044418
SEMNIJ,FAGQAI,0.8816010546220934
SEMNIJ,RUVKAV,0.8720821476851291
SEMNIJ,BAZFUF,0.8697129155422076
SEMNIJ,QOWRAV12,0.8658868620200562
SEMNIJ,QOWRAV07,0.8658678949108343
SEMNIJ,QOWRAV05,0.86583428621594
SEMNIJ,KIJRUS,0.865582180877716
SEMNIJ,NAFSOF,0.8628360081828945
SEMNIJ,DIHVIB,0.8396357711374114
SEMNIJ,YOZNEI,0.8396259355942917
SEMNIJ,YOZNIM,0.8396075566530882
SEMNIJ,DOTSOV11,0.8394025811479526
SEMNIJ,DOTSOV10,0.8394016412484615
SEMNIJ,EPISOM,0.8387050342451327
SEMNIJ,WULJUJ,0.8381685854473468
NEHZUY,NEHZOS,0.9999994909150594
NEHZUY,WULJUJ,0.9973005667395204
NEHZUY,DOTSOV11,0.9971369972594848
NEHZUY,YOZNEI,0.9960668415790696
NEHZUY,DIHVIB,0.995987575983884
NEHZUY,YOZNOS,0.9837374741867028
NEHZUY,CITXUZ,0.9196696451530312
NEHZUY,ALIXUP,0.9074208393433774
NEHZUY,GERWEH,0.9040011624193222
NEHZUY,YUGLES,0.9023055860110676
NEHZUY,NUTQAV,0.9015102791724144
NEHZUY,NUTQEZ,0.9011291794536022
NEHZUY,MOCKEV,0.9003207293532712
NEHZUY,GIKMOD,0.8973583583889645
NEHZUY,MOBDIR,0.8961277169709345
NEHZUY,HUCBOX01,0.8948373664002527
NEHZUY,HUCBOX,0.8945437350459884
NEHZUY,HUCBOX02,0.8945004200372328
NEHZUY,VIXPUP,0.8860669381831252
NEHZUY,VIXPUP01,0.8851558391392643
NEHZUY,EXAXAE,0.8850407144582559
NEHZUY,APUPEH,0.8850333645844191
NEHZUY,GINTUT,0.8836856567481377
NEHZUY,WANJIF,0.8821080856550272
NEHZUY,PAFZEE,0.8814674539618591
NEHZUY,DICKEH,0.8770114352645019
NEHZUY,LAQNID,0.8669933554229708
NEHZUY,IDUDIW,0.8610868443629491
NEHZUY,OGEBAF,0.8609997293480919
NEHZUY,RUJMEQ,0.843667737301095
NEHZUY,HOYKUD,0.8395499487900007
SETQAL,SETQEP,0.999999688287431
SETQAL,XADCOW,0.9999925626336053
SETQAL,SETRAM,0.9999886734052306
SETQAL,SETQOZ,0.9999573195375446
SETQAL,SADMIV,0.9999541668112826
SETQAL,POJTOY01,0.99981364984261
SETQAL,YAXBUV02,0.9951248048584538
SETQAL,YAXCAC,0.9949570627271213
SETQAL,KUXSIH,0.9721567113330176
SETQAL,TOVJAR,0.9063635024417837
SETQAL,PIJKUR,0.8853434640036396
SETQAL,UFIHUP,0.8692477793517516
SETQAL,UFIKOM,0.8691449137086956
SETQAL,UFIKIG,0.8690384530573343
SETQAL,LARPEB,0.8609325539896866
SETQAL,TOVKEW,0.8518617724364835
RUVBOB,GEDKUX,0.8483363099943502
CDLGLU12,CDLGLU11,0.9999224563213494
EVUDAA,RUXWEM03,0.8628305395254746
EVUDAA,RUXWEM01,0.8622788781003978
YUYGOQ,YUYLIP,0.999913635068578
YUYGOQ,RUXWEM01,0.8649647693068773
YUYGOQ,MINBEQ,0.8428786228412924
NENHEU,IFABIA02,0.8720799204766596
NENHEU,QAQSAD,0.8710592233298997
NENHEU,WORKUL,0.8693787185111533
NENHEU,PEJPEB,0.8400363867101672
GAYXEM,HERHAQ,0.9990322250206448
GAYXEM,ERANAO,0.9554826264194408
GAYXEM,ERARUM,0.9535017780715112
GAYXEM,WIZMAV06,0.9534185471276152
GAYXEM,WIZMAV08,0.9534097836959888
GAYXEM,WIZMAV11,0.9534048945053624
GAYXEM,WIZMAV,0.9534012440907068
GAYXEM,WIZMAV09,0.9533999465813434
GAYXEM,WIZMAV07,0.9533966127771272
GAYXEM,UVAHIK,0.95317930483821
GAYXEM,HICNOZ,0.9156180632605336
GAYXEM,BUNKUS,0.9156067152259488
GAYXEM,HICNUF,0.9153898416013916
GAYXEM,DITJOH,0.88200142349581
GAYXEM,VIKSIU,0.8798726326642853
GAYXEM,VIKRUF,0.8797507488001804
GAYXEM,VIKRIT,0.8778435624475124
GAYXEM,YEYCUC,0.8500898563677033
YOZNIM,YOZNEI,0.9999980003748492
YOZNIM,DIHVIB,0.9999967026436
YOZNIM,DOTSOV11,0.9999350605900784
YOZNIM,DOTSOV10,0.999934607894034
YOZNIM,WULJUJ,0.998874433792027
YOZNIM,NEHZOS,0.9962999729599288
YOZNIM,YOZNOS,0.9918583791912468
YOZNIM,EXOYAS,0.9196737818453052
YOZNIM,RAWYAS,0.9188443135292528
YOZNIM,CITXUZ,0.9183836071600282
YOZNIM,GERWEH,0.908233844753954
YOZNIM,YUGLES,0.9080041406665844
YOZNIM,NUTQAV,0.9078217880214768
YOZNIM,MOCKEV,0.9074665681553984
YOZNIM,XIJSUH,0.907463150388515
YOZNIM,ALIXUP,0.9001224370542176
YOZNIM,HUCBOX01,0.8972307972581106
YOZNIM,PAMQIF,0.8967733493358504
YOZNIM,MOBDIR,0.8958191017357358
YOZNIM,MUDTEL,0.8947426196747736
YOZNIM,GIKMOD,0.8937076560173421
YOZNIM,GINTUT,0.8872962644271386
YOZNIM,VIXPUP01,0.8870643901819856
YOZNIM,RUVKAV,0.8870042736960824
YOZNIM,PAFZEE,0.8850748775077979
YOZNIM,WANJIF,0.8848615641496016
YOZNIM,DICKEH,0.8770204087292374
YOZNIM,LAQNID,0.8690835245302744
YOZNIM,IWEQAD,0.861068932768556
YOZNIM,XICKOL,0.8605563061433249
YOZNIM,OGEBAF,0.8586430612620268
YOZNIM,EPISOM,0.8525399463728476
YOZNIM,RUJMEQ,0.8463255191193297
YOZNIM,BAZFUF,0.839881842068581
YOZNIM,LUKLIN,0.8396405855540435
YOZNIM,ENIHUG,0.838964073577236
YOZNIM,YIMQOD,0.837656456206924
DEGSIS01,QESBAR,0.9997187580309144
DEGSIS01,EXAXAE,0.8440094140228793
DEGSIS01,MURREW,0.8438119150180143
DEGSIS01,KAKTIA01,0.8436214162503362
DEGSIS01,POFDEV,0.8435471767359832
DEGSIS01,NIHDEQ,0.8435359477254653
DEGSIS01,NELCEN,0.841585867370538
DEGSIS01,WANJIF,0.8414732013477901
DEGSIS01,POFFEX,0.8411265820883687
DEGSIS01,EMUBOF,0.8391926110830528
PENNAZ,MICJOA,0.9421274377347366
PENNAZ,PARKUQ,0.8610871698112664
PENNAZ,MITSEO,0.8610497844884366
PENNAZ,MITSAK,0.8609274173764541
PENNAZ,KUJMIN,0.8605547475048118
PENNAZ,QEKLID01,0.8496297461641369
PENNAZ,QEKLID,0.8496153773385211
PENNAZ,NOLRIR,0.8391306524946013
TIZVIH,SUFROA,0.8493409380266869
TIZVIH,LIVTEP,0.8499841232147979
CIPLIX,XAPSIS,0.9999085101062444
CIPLIX,KESFOG,0.946847020743645
CIPLIX,FEYJOJ,0.9416361330540188
CIPLIX,AGAFAS,0.9290864085255818
CIPLIX,UFUKUB01,0.9171603536650668
CIPLIX,HUZJIW,0.9148695135386016
CIPLIX,FUDHAP,0.9080569465512738
CIPLIX,XADDUD,0.895005993406002
CIPLIX,BUKLOJ,0.8682037743287351
CIPLIX,EDAJUP,0.8632070435234267
CIPLIX,CANYIB,0.8610488412100685
CIPLIX,BAKJEE,0.8608833469858215
CIPLIX,BAKJOO,0.8605741147981187
CIPLIX,XIHSEN01,0.8446885903556868
CIPLIX,XIHSEN,0.8442465142673472
CIPLIX,MIHJUL,0.8400009180461979
RAWYAS,EXOYAS,0.9997749864518656
RAWYAS,NEHZOS,0.9194248860969616
RAWYAS,DOTSOV11,0.9193464130016104
RAWYAS,YOZNEI,0.9187594322272316
RAWYAS,DIHVIB,0.9187136033648884
RAWYAS,YOZNOS,0.9081683581988048
RAWYAS,GINTUT,0.8513713853968261
RAWYAS,GERWEH,0.8414870552656296
RAWYAS,ALIXUP,0.8399600432382266
RAWYAS,NUTQAV,0.8398812823728437
RAWYAS,NUTQEZ,0.8396194551540699
RAWYAS,XIJSUH,0.8390071177447797
EDAJUP,ABIWOX,0.988348641352064
EDAJUP,FEXCAO01,0.8771299870117268
EDAJUP,FUVYOL,0.8708093389074871
EDAJUP,OCUGAX,0.8698242336564397
EDAJUP,FEXCES,0.8663262599781941
EDAJUP,XAPSIS,0.8650652385639555
EDAJUP,SEQSOY,0.8647730496489967
EDAJUP,BEPRIZ,0.8412573197992893
EDAJUP,CIKPEU,0.840949341135697
QOWRAV05,QOWRAV07,0.9999999279227816
QOWRAV05,QOWRAV12,0.9999998231901264
QOWRAV05,KIJRUS,0.9863199163455612
QOWRAV05,ANUGEW,0.9594376549140196
QOWRAV05,YUSWEP,0.931066881858036
QOWRAV05,LURRIA,0.8607339307181155
QOWRAV05,ASIVAB,0.8526373676821619
QOWRAV05,EPISOM,0.8508021194107372
QOWRAV05,RUJMEQ,0.8470289017766862
QOWRAV05,YIMQOD,0.8459749554715048
VUQJUN01,OCAKUB,0.9989786577906596
VUQJUN01,DADLEC,0.9224219407061738
VUQJUN01,JIYPAL,0.9040406212941594
VUQJUN01,WOBQEL,0.8669053044506003
VUQJUN01,ENISUQ,0.8651381352649058
VUQJUN01,PUGHAC,0.8501999576107784
VUQJUN01,YAQCEY,0.8444230006723805
VUQJUN01,IVEMAZ,0.8437391454807741
VUQJUN01,FEJFAE,0.8435371679158741
ERFORD01,UXEDUX,0.9981390446789123
ERFORD01,ISIYUF01,0.998079637013104
ERFORD01,ISIYOZ01,0.9970897651540902
ISIYOZ01,ISIYUF01,0.9998855757180154
ISIYOZ01,UXEDUX,0.9998702332973132
BAHGUN04,QERZUI01,0.9999597424612564
BAHGUN04,NIHDEQ,0.999772263005658
BAHGUN04,UFUNAK,0.9997681550811632
BAHGUN04,POFDEV,0.9991921441722912
BAHGUN04,KAGJOS,0.9228486292717812
BAHGUN04,XICKOL,0.8776862577262714
BAHGUN04,IDUTEJ,0.8665451178184939
BAHGUN04,HOYKUD,0.856664219755027
BAHGUN04,QESBAR,0.8434645784025379
BAHGUN04,ENITAX,0.8423409703017859
ECEDEY01,ECEDEY,0.9997333167451554
ECEDEY01,TECTUS,0.9082013932527888
ECEDEY01,TECVEE,0.9077987630619344
GUDFER,QILYIT,0.831592399979415
MAPHAP,VALVAI,0.8849447902615374
MAPHAP,MAPGOC,0.884768974747932
MAPHAP,KIKMAV,0.8846733550515948
MAPHAP,LAVTUZ,0.8462893819041879
MAPHAP,ATEZEG,0.8415255993992421
HEBJEF,GOVWOF,0.9004695528033665
UKIQIP,OCAKUB,0.9327728528917432
UKIQIP,VUQKAU02,0.9322979698263928
UKIQIP,WEYQEY,0.886762815070322
UKIQIP,WEYQAU01,0.8854981863983146
UKIQIP,WEYQAU09,0.8848370742342544
UKIQIP,INEXOQ,0.8726195227469677
UKIQIP,DADLEC,0.8652716096782047
UKIQIP,WACLEU,0.8576499692436704
UKIQIP,JIYPAL,0.8492627278174825
UKIQIP,WOBQEL,0.8385229534107563
APUPEH,NEHZOS,0.8850422805080298
APUPEH,DOTSOV10,0.8828785108311034
APUPEH,DOTSOV11,0.8828758860679798
APUPEH,YOZNEI,0.8819263288378281
APUPEH,DIHVIB,0.8818553096466859
RUVKAV,YUGLES,0.9469158620332512
RUVKAV,NUTQAV,0.9465615501085812
RUVKAV,NUTQEZ,0.9463822868190525
RUVKAV,MUDTEL,0.93138337716219
RUVKAV,DOTSOV10,0.8872161943304252
RUVKAV,DOTSOV11,0.8872156852727263
RUVKAV,YOZNEI,0.8869618154867568
RUVKAV,DIHVIB,0.8869388673477717
RUVKAV,NEHZOS,0.8853864073666855
RUVKAV,QIYDAF01,0.8407639516189408
RUVKAV,FAGQAI,0.8404150916259137
IGUTUB01,ECIWIW,0.9994401396033432
IGUTUB01,RUXWEM03,0.9216685782787484
IGUTUB01,RUXWEM01,0.921310737165196
IGUTUB01,CIKCOQ,0.909158148113631
IGUTUB01,DAPYAW,0.8857405701286785
IGUTUB01,PIKYIU,0.8856318737974705
IGUTUB01,KEPLID,0.8709068400134826
IGUTUB01,NOLRIR,0.8644729988568206
IGUTUB01,QEKLID,0.8628428584768266
IGUTUB01,EYULAM,0.8601303990719179
IGUTUB01,VOQBUZ,0.8564907088310694
IGUTUB01,SAHYOS,0.839809385640099
VULFOZ,XUZRIU,0.8772729399707729
VULFOZ,SACMOA,0.8736978462669382
VULFOZ,OCACUR,0.8724919119513271
VULFOZ,WINCEC,0.8723660554574066
VULFOZ,UGECEO01,0.8722903210856482
VULFOZ,IGAHED03,0.8711245643617704
VIXPUP,MOCKEV,0.8923455215623177
VIXPUP,FALTUK,0.8871808671060814
VIXPUP,DOTSOV10,0.8869589470330904
VIXPUP,DOTSOV11,0.8869579133580868
VIXPUP,YOZNEI,0.8865313936995236
VIXPUP,DIHVIB,0.8864965673684594
VIXPUP,WULJUJ,0.8864171359368394
VIXPUP,NEHZOS,0.8861164338102865
VIXPUP,IDUSIM01,0.8570774215811118
VIXPUP,UNACIW,0.8569558134343223
VIXPUP,UNABUH,0.8569052001718236
VIXPUP,TOVWAE,0.8478442587671934
GUCHUJ,MURCEH,0.997555430636672
FIJCUX01,VEGMOK04,0.999454301295566
FIJCUX01,GUGNON,0.90823815787344
FIJCUX01,ACODIH,0.8972212508219141
FIJCUX01,QEDZEG,0.8970689614032267
FIJCUX01,RUYGOJ,0.896830327416937
FIJCUX01,GOSDUP,0.896758202377699
FIJCUX01,CESQUP,0.8941996885453057
FIJCUX01,JEDDII,0.8932708040513065
FIJCUX01,NAWXER,0.8871182953624747
FIJCUX01,UKOLOV,0.8870132100531297
FIJCUX01,WORKUL,0.8839349761696165
FIJCUX01,XAFFER,0.877923148554787
FIJCUX01,NOXMAQ,0.8774976769076944
FIJCUX01,ZARLEL,0.8773814442377723
FIJCUX01,PEJPEB,0.874999988420736
FIJCUX01,DUPKAC,0.8747084036256095
FIJCUX01,PEGCIP,0.8692671634023746
FIJCUX01,XEGWIS,0.8689085359133812
FIJCUX01,XEGXIT,0.8689012992979722
FIJCUX01,XEGWAK,0.8688983053783952
FIJCUX01,GADROU,0.8679292704956487
FIJCUX01,HUVGEM,0.8611297029718327
FIJCUX01,WIMWIA,0.8607218200219289
FIJCUX01,HAZYUE,0.8588789405354444
FIJCUX01,PURJAO,0.8531263478036493
FIJCUX01,GAWMOJ,0.8531053092331218
FIJCUX01,SIXWON,0.8518148411089472
FIJCUX01,NISCOJ,0.8451218357983235
FIJCUX01,REBVIG,0.8399135586042376
FIJCUX01,HOKLIE,0.8391979200986079
FAHQIR,CAQJOW,0.9350086661192208
FAHQIR,XUYYEW,0.9335313896441249
FAHQIR,XUYYIA,0.9335225516783036
FAHQIR,TAHYUZ,0.9121886401002856
FAHQIR,DIBQEM,0.8541213701018656
FAHQIR,BUKLOJ,0.8533783115311295
SOWCOY01,SOWCOY,0.999961414529847
SOWCOY01,LASMUP,0.9964687779858422
SOWCOY01,PEJPEB,0.8611158292715084
SOWCOY01,NANYUX03,0.8610452256367017
FODGUB01,HOQKII,0.9988884261556438
FODGUB01,GIZNOT,0.8501136732887427
NAWXER,VEGMOK04,0.886042789334224
NAWXER,IFABIA02,0.8854074355808066
NAWXER,GUGNON,0.868669017481043
NAWXER,QEDZEG,0.859010224053405
NAWXER,RUYGOJ,0.858906107972502
NAWXER,GOSDUP,0.8580383603619244
ACODON,YIXFUI,0.8962918675880023
ACODON,QACTUJ,0.8950407927229951
ACODON,BOJYIK,0.8949804773417545
ACODON,CEJXEW,0.8849466061839174
ACODON,ZALLEG,0.8841481989878284
ACODON,DAKZUN,0.8494468764030607
ACODON,AYOZOF,0.8378532941039887
HIZQEN01,HIZQEN,0.999994558883084
YIHZIA02,YIHZIA01,0.999858255598739
YIHZIA02,EKUNON01,0.8909680840238504
YIHZIA02,EKUNON02,0.8908875025431328
YIHZIA02,FONKEA,0.8427137739167149
NIHDEQ,ECODIK,0.999961958977582
NIHDEQ,QERZUI01,0.9999134932149614
NIHDEQ,EGOZAB,0.9996136803460172
NIHDEQ,UFUNAK,0.999085606538164
NIHDEQ,MURREW,0.998693346445558
NIHDEQ,POFDEV,0.9981169034108728
NIHDEQ,POFFAT,0.9960994754846616
NIHDEQ,NELCEN,0.9949520900007498
NIHDEQ,POFFEX,0.9942976520836712
NIHDEQ,KAGJOS,0.9219767219528888
NIHDEQ,UNABUH,0.8666510432339667
NIHDEQ,UNABUH01,0.8666487814185806
NIHDEQ,IDUSIM02,0.8666476258161603
NIHDEQ,UNACIW,0.8666450956588653
NIHDEQ,HOYKUD,0.8566964349526995
NIHDEQ,QESBAR,0.8425350125126698
NIHDEQ,ENITAX,0.8413460438025937
UNABUH,UNACIW,0.9999997152060568
UNABUH,UNABUH01,0.9999996304650712
UNABUH,IDUTEJ,0.9999966115709764
UNABUH,FALTUK,0.8800133440224558
UNABUH,ECODIK,0.8666786313317607
UNABUH,MURREW,0.8657288324556085
UNABUH,VOJPUG01,0.8645689613020486
UNABUH,NELCEN,0.8623529329029083
UNABUH,VIXPUP01,0.8557111591226693
UNABUH,XICKOL,0.8521710554371996
WIZMAV08,WIZMAV11,0.9999999980144424
WIZMAV08,WIZMAV06,0.9999999936066376
WIZMAV08,WIZMAV07,0.9999999856103716
WIZMAV08,UVAHIK,0.9999957431413076
WIZMAV08,ERANAO,0.9926506604461476
WIZMAV08,HERHAQ,0.9558624308404764
WIZMAV08,GERBEN,0.9554218913393326
WIZMAV08,BUNLAZ,0.9494278293059216
WIZMAV08,BUNKUS,0.9487956456182232
WIZMAV08,UFOSEQ,0.9469392803109988
WIZMAV08,OFOJAX,0.9310463831246892
WIZMAV08,DITJOH,0.922537321949002
WIZMAV08,VIKRUF,0.8938945918515079
WIZMAV08,VIKRIT,0.8932406971846872
WIZMAV08,YEYCUC,0.8923805137994505
WIZMAV08,XIJVIY,0.8922073635917124
WIZMAV08,HICNUF,0.878886696800186
WIZMAV08,HICNOZ,0.8785614421138077
WIZMAV08,RUKDIM,0.8650591557294701
WIZMAV08,WUPTUY01,0.8634733379528127
WIZMAV08,WUPTUY,0.8631969532915547
WIZMAV08,RIBSAZ,0.8531364897324777
DIHVIB,YOZNEI,0.9999987849558686
DIHVIB,DOTSOV11,0.9999025793942148
DIHVIB,WULJUJ,0.9987997090382704
DIHVIB,NEHZOS,0.9960770813004728
DIHVIB,YOZNOS,0.9919681060127088
DIHVIB,YUGLES,0.9080574952883876
DIHVIB,NUTQAV,0.9078933476465998
DIHVIB,NUTQEZ,0.9078012020066144
DIHVIB,MOCKEV,0.9075617743911856
DIHVIB,HUCBOX02,0.8972580568745044
DIHVIB,HUCBOX01,0.8971864211145966
DIHVIB,PAFZEE,0.8850662827214919
DIHVIB,EMUBOF,0.8849781809704141
DIHVIB,WANJIF,0.8848250432438804
DIHVIB,EXAXAE,0.8817891006340636
DIHVIB,HIDTUM,0.8728719204783203
DIHVIB,LAQNID,0.8690301755135224
DIHVIB,KIRFOI,0.8655077361243714
DIHVIB,XICKOL,0.8604642108551224
DIHVIB,OGEBAF,0.8584582300166834
DIHVIB,FALTUK,0.8535533258013862
DIHVIB,ANUGEW,0.8522451990014255
DIHVIB,RUJMEQ,0.846288891363495
DIHVIB,LUKLIN,0.839551101187982
DIHVIB,ENIHUG,0.8390579326175994
DIHVIB,YIMQOD,0.83781606111656
MAWVAK,BEPPAP,0.9999689887832685
MAWVAK,BEPNOB,0.999968193463621
MAWVAK,BEPMEQ,0.9999679744492312
MAWVAK,BEPNUH,0.9999666364422604
MAWVAK,UFARAX,0.8998055580758575
MAWVAK,UFAREB,0.8997686532096993
HUCXIO,VAHVOR,0.936077469201943
DICKEH,OGEBAF,0.9773748585615843
DICKEH,NUTQAV,0.960273772776498
DICKEH,NUTQEZ,0.9600323956145094
DICKEH,LURRIA,0.945582500948329
DICKEH,MUDTEL,0.9438798025007592
DICKEH,QIYDAF01,0.928354633366553
DICKEH,DOTSOV11,0.8774503897146428
DICKEH,YOZNEI,0.8769462446445209
DICKEH,YOZNOS,0.8666813241900871
KIKMAV,REQDIB,0.9995701310454482
KIKMAV,HELNAQ,0.9994163049282476
KIKMAV,MAPGOC,0.9993750023568432
KIKMAV,BICPUA,0.907075794671378
KIKMAV,ATEZEG,0.9063169433441344
PEJPEB,NANYUX03,0.9999827023114928
PEJPEB,NIWYID,0.9992090310005518
PEJPEB,YOZYUJ,0.947000146777098
PEJPEB,EXOXUL,0.9079926935743065
PEJPEB,DUNXUH,0.897226471716853
PEJPEB,NUFBOH,0.8748737897998111
PEJPEB,VEGMOK04,0.8744498224675328
PEJPEB,IFABIA02,0.8738457765025096
PEJPEB,UKOLUD,0.8692399162146981
PEJPEB,GEYLEE,0.8683336266748787
PEJPEB,SOWCOY,0.8609970273351173
PEJPEB,LASMUP,0.8568202565740322
PEJPEB,ALANAD,0.8521620806522091
PEJPEB,WEHJAW,0.852078358164166
PEJPEB,WEHHOI,0.8520486086317244
PEJPEB,QAQSAD,0.8499739221778106
PEJPEB,WORKUL,0.8489215067827959
PEJPEB,CIJLIT,0.8457547585698384
PEJPEB,HEZKIH,0.8447398725660935
PEJPEB,JAYXAL,0.8394531238177434
DADTOS,DADTOS08,0.999999938476806
DADTOS,DADTOS09,0.9999999140678346
DADTOS,DADTOS06,0.9999998119602924
DADTOS,DIDVIW,0.9999997531878636
DADTOS,DADTOS18,0.9999996570005
DADTOS,YANWOC01,0.999999635114882
DADTOS,YANWOC02,0.9999992443883146
DADTOS,DADTOS13,0.99999839542895
DADTOS,YANWOC,0.999995448159771
DADTOS,DADTOS07,0.99998175658074
DADTOS,JEDKIP01,0.9999752024959532
DADTOS,DADTOS15,0.999974928423686
DADTOS,YUKTUU01,0.999970838054232
DADTOS,REZJIR03,0.9999664378204576
DADTOS,VIRJEM,0.9999549317608496
DADTOS,PADJOU01,0.9999417623235928
DADTOS,IJOMOJ01,0.9998438771263752
DADTOS,QINSUD,0.999805020397632
DADTOS,ATIBOU02,0.9986740666663582
YANWOC02,DADTOS01,0.9999989119857556
YANWOC02,DADTOS08,0.9999987517056534
YANWOC02,DADTOS09,0.9999986488869984
YANWOC02,DADTOS06,0.9999983025982686
YANWOC02,DIDVIW,0.9999981340327376
YANWOC02,YANWOC01,0.9999978303711776
YANWOC02,DADTOS15,0.9999828771351822
YANWOC02,YUKTUU01,0.999979467492841
YANWOC02,REZJIR03,0.9999757181946431
YANWOC02,DADTOS07,0.9999735768505223
YANWOC02,DADTOS03,0.9999691842441568
YANWOC02,VIRJEM,0.9999658444981804
YANWOC02,PADJOU01,0.999954200919002
YANWOC02,LIJWOR02,0.9999261719707246
YANWOC02,MNFORD02,0.999923588981296
YANWOC02,LIJWOR05,0.9998806130250129
YANWOC02,IJOMOJ01,0.9998648394467085
YANWOC02,QINSUD,0.9998285080344524
YANWOC02,SIWPUL04,0.999828266329869
YANWOC02,ATIBOU02,0.9986100958297176
YANWOC02,SIWPUL11,0.9974133759131772
XADWIK01,XADWIK02,0.9999707644249312
XADWIK01,JAMSEY,0.9022947898039289
XADWIK01,TEVVOI,0.8851229082240599
XADWIK01,DAFHID,0.8647096211360883
XADWIK01,ROGLOP,0.8517683126029085
XADWIK01,HOGSIG,0.8515622775069698
NIWPIU,NIWZIE13,0.999999963623358
NIWPIU,NIWZIE17,0.9999999981260096
NIWPIU,MOPQIT,0.9998502151240096
NIWPIU,XEHSOT,0.99981106086783
NIWPIU,NAXVOY,0.997628570949464
NIWPIU,ILECIN,0.9974776794789804
NIWPIU,LIJWUX,0.9964001270828456
NIWPIU,AMURUX08,0.9950892981888866
VUMXUY02,KIYMEM01,0.8136975834826712
SETQUF,SETQOZ,0.9999999327794092
SETQUF,SETQEP,0.9999533249003044
SETQUF,SADMOB,0.9999526179290128
SETQUF,VAGVAC,0.9999220862359192
SETQUF,XADCOW,0.9999191149169646
SETQUF,YAXBUV02,0.995957804307636
SETQUF,YAXCAC,0.9958033117712992
SETQUF,KUXSIH,0.9741560850786064
SETQUF,TOVJAR,0.9068680972388036
SETQUF,PIJKUR,0.8858580464397026
SETQUF,REZXOK,0.8843961578846506
SETQUF,UFIHUP,0.8692732269505292
SETQUF,UFIKIG,0.8691918421068451
SETQUF,LARPEB,0.8623622493129948
SETQUF,TOVJIZ,0.8509110123298398
SETQUF,TOVJEV,0.8455303990481693
YAXBUV02,YAXCAC,0.9999646047464842
YAXBUV02,VAGVAC,0.9969987978481784
YAXBUV02,SETQOZ,0.995990545640512
YAXBUV02,SADMUH,0.9957944264477628
YAXBUV02,NEHZAE,0.9957900178078872
YAXBUV02,SETRAM,0.9955803555410644
YAXBUV02,XADCOW,0.99473935946237
YAXBUV02,REZXOK,0.8836671370783227
YAXBUV02,LARPEB,0.8725799412443084
YAXBUV02,UFIKIG,0.8663019534507697
YAXBUV02,UFIHUP,0.8650902836680374
YAXBUV02,TOVJIZ,0.853403957558074
YAXBUV02,TOVKEW,0.8526154232794146
SIXNUL,SIXNOF,0.8928231151343535
SIXNUL,BAZFUF,0.8378403914171854
RUYGOJ,GUGNON,0.9048676893948124
RUYGOJ,IFABIA02,0.8942169495159183
RUYGOJ,NOXMAQ,0.8754675742787776
RUYGOJ,DUPKAC,0.8690752475089067
RUYGOJ,QEDZEG,0.8683855337067347
RUYGOJ,REBVIG,0.849870217649384
RUYGOJ,OKELOH,0.8411412729518883
RUYGOJ,ACODIH,0.8408967466560214
RAKBIO,GAGWOB,0.9976516301786856
RAKBIO,XADDUD,0.8538260590150685
RAKBIO,CEYPUT,0.8438438614167518
RAKBIO,ABAVUV,0.8438156550990221
RAKBIO,VODNOS,0.8437385304181877
RAKBIO,VEDGIW,0.8437198080348967
RAKBIO,VEDFIV,0.8436470296495073
RAKBIO,BOWDUO,0.8434648476946158
RAKBIO,YODRAM,0.8434636875660853
RAKBIO,BOWDIC,0.8433972772818256
RAKBIO,EXUXEC,0.8431458301795551
RAKBIO,ABAVIJ,0.8421814868197053
RAKBIO,LASMAV,0.8406477845714836
RAKBIO,YIGGEB,0.8386034998069265
ROLCEC06,ROLCEC09,0.9999983917399567
ROLCEC06,ROLCEC11,0.9999982613104422
ROLCEC06,ROLCEC01,0.9999290328618472
ROLCEC06,ROLCEC16,0.9999205307190336
ROLCEC06,ROLCEC13,0.999916944225178
ROLCEC06,SANMAX,0.9991491067804344
ROLCEC06,MACUFR04,0.99838544768725
ROLCEC06,MAGNEQ01,0.9983350813640788
ROLCEC06,MAGMOZ01,0.9978838683885548
ROLCEC06,OCUQIO,0.9976716914692052
ROLCEC06,YUKVOQ07,0.9975693148291566
ROLCEC06,CUFORD,0.9973511996327196
ROLCEC06,AYONOT,0.9968156570237576
ROLCEC06,CUFORM04,0.996107841573208
ROLCEC09,ROLCEC11,0.9999999974570726
ROLCEC09,ROLCEC01,0.9999060599435764
ROLCEC09,ROLCEC16,0.9998963144367692
ROLCEC09,MACUFR04,0.9984855957778056
ROLCEC09,OCUQIO,0.9977921841996809
ROLCEC09,YUKVOQ03,0.9977137133605388
XIJVIY,YEYCUC,0.9999964335291328
XIJVIY,OFOJAX,0.9060206366855632
XIJVIY,WIZMAV12,0.8922486848197544
XIJVIY,WIZMAV09,0.8922157401024278
XIJVIY,ERARUM,0.8921275802654615
XIJVIY,ERANAO,0.876961202936988
XIJVIY,GERBEN,0.853862965855266
XIJVIY,BUNKUS,0.8421556976128963
XIJVIY,IZIBUQ,0.8376799558579655
VIKSIU,VIKRUF,0.9999993679174078
VIKSIU,VIKRIT,0.999847943986056
VIKSIU,UVAHIK,0.8940155537326302
VIKSIU,WIZMAV12,0.8939490226229349
VIKSIU,WIZMAV09,0.8939337750626055
VIKSIU,WIZMAV11,0.8939318170753395
VIKSIU,ERARUM,0.8938923210566206
VIKSIU,GERBEN,0.882884981025841
VIKSIU,HERHUK,0.8822459550640882
VIKSIU,UFOSEQ,0.8779369688243991
VIKSIU,OFOJAX,0.8590079023964494
VIKSIU,BUNLAZ,0.8489481945375543
VIKSIU,BUNKUS,0.8481597371982827
QEKLID01,QEKLID,0.999999201204704
QEKLID01,NOLRIR,0.9909533023507848
QEKLID01,RUXWEM03,0.9323014533623528
QEKLID01,QUQFOY,0.9192454447251088
QEKLID01,CIKCOQ,0.8948385968861801
QEKLID01,PIKYIU,0.8930700343091278
QEKLID01,MITSEO,0.8872912289004232
QEKLID01,PARKUQ,0.8870390371893953
QEKLID01,MITSAK,0.8867746143075105
QEKLID01,KUJMIN,0.8862574198026891
QEKLID01,GOYLUB,0.8851606782377685
QEKLID01,IGUTUB,0.8653175301549234
QEKLID01,NEMZIR,0.8592507770547095
QEKLID01,XOGWUN,0.8559074983004273
QEKLID01,ZASJAG,0.8503675388969753
QEKLID01,XEDGIY,0.849546854062572
QEKLID01,YAYNEU,0.845171476565905
QEKLID01,PAQYAJ01,0.8419770389924879
QEKLID01,FONKEA,0.841545731196204
GOSDUP,QEDZEG,0.9984124109904458
GOSDUP,OKELOH,0.9154956140520832
GOSDUP,IFABIA02,0.8972242590600293
GOSDUP,DUPKAC,0.8739530227693741
GOSDUP,REBVIG,0.8512929001424235
GOSDUP,XAFFER,0.8500611874107223
GOSDUP,NOXMAQ,0.8484949670103503
GOSDUP,PEGCIP,0.8418925893959636
EXUXEC,BOWDIC,0.999978452081606
EXUXEC,BOWDUO,0.9999633548261148
EXUXEC,BOWDOI,0.9999439379530216
EXUXEC,VEDFOB,0.9999069342559682
EXUXEC,VEDGIW,0.9998487821246752
EXUXEC,VODNOS,0.9998344507791184
EXUXEC,OJOBAS,0.9997381181632004
EXUXEC,CEYPUT,0.9997317632460492
EXUXEC,ABAVIJ,0.9996267195436922
EXUXEC,ABAVUV,0.9980972119455104
EXUXEC,YIGGEB,0.998047740816558
EXUXEC,CAXZOS,0.923158453508408
EXUXEC,ERUNUC,0.9230190397504956
EXUXEC,DIDBOJ,0.92297246183461
EXUXEC,JODGIU,0.9228901156476176
EXUXEC,DIDBEZ,0.9228273395610064
EXUXEC,BUKLOJ,0.8836970170963335
EXUXEC,BAKJOO,0.8788369957186312
EXUXEC,BAKJEE,0.8784560088680292
EXUXEC,ESEQUO,0.8751313583811604
EXUXEC,FUMJAZ01,0.8545497980254074
EXUXEC,FUMJAZ,0.8544033896004942
EXUXEC,XEVXUT,0.8532277419535004
EXUXEC,GAGWOB,0.8436328026604833
EXUXEC,NERVOV,0.8435329415699464
EXUXEC,WOPWOP,0.8434751869499332
EXUXEC,VOCKUT,0.8433778399421447
EXUXEC,NERVEL,0.8433425363294159
EXUXEC,RAKBIO01,0.8430882249516218
EXUXEC,CANROA,0.842982774526658
EXUXEC,KOHDIW,0.8429750276078688
EXUXEC,YIRSUQ,0.8426775731929097
EXUXEC,CEJFOO,0.8421548448598646
VUQKAU02,OCAKUB,0.9998654102113153
VUQKAU02,DADLEC,0.9197835156500024
VUQKAU02,JIYPAL,0.9012661147797892
VUQKAU02,ROYMEZ,0.8797151121480158
VUQKAU02,ENISUQ,0.8635227663813636
VUQKAU02,IQOKIK,0.8616904151312217
VUQKAU02,DAWCOV,0.8615472145330956
VUQKAU02,WOBQEL,0.8611500814835741
VUQKAU02,IVEMAZ,0.8441110851232313
VUQKAU02,YEKJAC,0.8434465750051557
VUQKAU02,YAQCEY,0.8424808404107305
IZUSAY,IZUSEC,0.8477966288432898
RIBRAY,LEWFOJ,0.881145685200927
RIBRAY,KOLQEI,0.8670003662145076
XEQRAO,DAPYAW,0.8443030301571713
WIFSAI,RODSAG01,0.9215659801881888
WIFSAI,REFBAH01,0.9212828784468
RODSAG01,RODSAG,0.99999155753654
RODSAG01,REFBAH01,0.99995250864676
RODSAG01,REFBAH,0.99993887988392
RODSAG01,WIFSAI01,0.9215846299884684
RODSAG01,BUZKUE,0.8580370508082387
RODSAG01,VUQJEX,0.8577147327482523
RODSAG01,HOSPEL,0.8567613263313189
RODSAG01,CISLUN,0.8567544085974118
RODSAG01,PASGAU,0.8559918398251075
RODSAG01,QOMSAO,0.8556965215519485
RODSAG01,IBUDOZ,0.855648084963074
RODSAG01,DEGJIK,0.8553077605981352
RODSAG01,JAXNUU,0.8552661739889599
QOWRAV12,QOWRAV,0.9999999029287368
QOWRAV12,LAQNID,0.8947997115738084
QOWRAV12,KAGJOS,0.8724291629629353
QOWRAV12,HAYXIR,0.8717682404486935
QOWRAV12,ENIHUG,0.8678216778133879
QOWRAV12,LURRIA,0.8607975106721243
QOWRAV12,ASIVAB,0.8527127526804408
QOWRAV12,SIXNOF,0.8512538976346855
QOWRAV12,RUJMEQ,0.8470962140306542
QOWRAV12,YIMQOD,0.845997213685846
KEZLIN,AFUDUD,0.999218946346413
KEZLIN,LUWNAU,0.9746090056520396
KEZLIN,XISDOU,0.947799586249093
KEZLIN,AYOZIZ,0.9351429054025338
KEZLIN,IBEYEU,0.9296823392778276
KEZLIN,EBEWIT,0.8863052061546948
KEZLIN,ADEGIA,0.8839421758854853
KEZLIN,ATIKAP,0.8838661471326514
KEZLIN,MAKFOW,0.8800518582622588
KEZLIN,HOGQIF,0.8573146211766294
YAVYAW,YAVYAW02,0.9999981552542212
YAVYAW,GOXZIE,0.9998016502633628
YAVYAW,LEDLEN,0.9955390293426204
YAVYAW,PARNON,0.9947725453504904
YAVYAW,PARNIH,0.9941269519948468
KENTEF03,KENVOR,0.9999991990146738
KENTEF03,KENTEF04,0.9999906774169198
KENTEF03,KENVIL,0.999990603605734
KENTEF03,KEPNAX01,0.8787631115066006
KENTEF03,KEPMUQ05,0.8787583437265928
KENTEF03,KEPMUQ,0.8787439309258489
KENTEF03,KEPNAX03,0.8787436172793908
LUFNAC04,LUFNAC01,0.999999662561019
WEHHIC,WEHHOI,0.9995824444426876
WEHHIC,HEZKIH,0.8691340808810326
WEHHIC,UVUFUO,0.8551850048750016
WEHHIC,NANYUX03,0.8530469924375029
LARYOU,LOBQAV01,0.9993072939439144
IDUTEJ,UNABUH01,0.9999958704195124
IDUTEJ,IDUSIM02,0.9999954412795276
IDUTEJ,UNACIW,0.9999944072392388
IDUTEJ,IDUSIM01,0.999984825673394
IDUTEJ,ECODIK,0.8666720632915186
IDUTEJ,QERZUI01,0.8666436028704612
IDUTEJ,EGOZAB,0.8664185862005811
IDUTEJ,UFUNAK,0.8659646245192711
IDUTEJ,MURREW,0.8656125769177295
IDUTEJ,KAKTIA01,0.8652927354534485
IDUTEJ,POFDEV,0.8650851260231722
IDUTEJ,POFFAT,0.8632029659447901
IDUTEJ,NELCEN,0.8621151404630216
IDUTEJ,POFFEX,0.861491650004575
IDUTEJ,VIXPUP01,0.8554971873542075
VIFPUY05,VIFPUY,0.9999999859921392
VIFPUY05,MAYJOM,0.9999588381203324
VIFPUY05,IYUHUG,0.9468139629014014
VIFPUY05,FAHQEM,0.9435918290806284
VIFPUY05,GIWMAD,0.9073604323827577
VIFPUY05,NEDLOZ,0.905418639271427
VIFPUY05,CIFSIW,0.9043022642923187
VIFPUY05,UNIDAY,0.902857051399713
VIFPUY05,YAMXOC,0.8747424642367039
VIFPUY05,CUFDOX,0.874727165978204
VIFPUY05,CUFFIT,0.8747131574081479
VIFPUY05,IYUHIU,0.8735963437813884
VIFPUY05,LEPTUY,0.867269452741851
VIFPUY05,PEYVEV,0.8599198970656493
VIFPUY05,TIRFIK,0.8559969593492862
DADLEC,OCAKUB,0.9208336170379428
DADLEC,JIYPAL,0.8414973922322198
DADLEC,MUMBIH,0.8396734099351402
CUSBUP,UYEBIL,0.9996080166036292
MOBDIR,DOTSOV11,0.8962905926310009
MOBDIR,NEHZOS,0.896167550362875
MOBDIR,WULJUJ,0.8958730113076213
MOBDIR,YOZNEI,0.8957383828305427
MOBDIR,YOZNOS,0.8852453034877331
HIBSUG01,HIBSUG07,0.9999999598884776
HIBSUG01,HIBSUG06,0.9999998940565624
HIBSUG01,HIBSUG,0.9999995740727794
HIBSUG01,XASHAA,0.8642131690622712
HIBSUG01,ROCZEQ,0.8408519455566041
ESEDEN,WOBQEL,0.917290418430698
DIDBEZ,JODGIU,0.9999948686893724
DIDBEZ,DIDBOJ,0.9999763244087104
DIDBEZ,ERUNUC,0.999438457113862
DIDBEZ,ERUNOW,0.998999580775954
DIDBEZ,ABAVIJ,0.9229691291219826
DIDBEZ,BOWDOI,0.9229507972863168
DIDBEZ,VODNOS,0.92289660116857
DIDBEZ,BOWDUO,0.9228900161551732
DIDBEZ,YODRAM,0.9228898995678636
DIDBEZ,OJOBAS,0.9228859957994402
DIDBEZ,TATSIS,0.9220311768192864
DIDBEZ,ABAVUV,0.9218678434362152
DIDBEZ,DIQHAO01,0.9214564015238408
DIDBEZ,BAKJOO,0.9089235353050732
DIDBEZ,CANYIB,0.9070139274832748
DIDBEZ,SIDXOV,0.9008208350263872
DIDBEZ,BEPRIZ,0.8861636237430396
DIDBEZ,CIKPEU,0.8853443195774384
DIDBEZ,FUMJAZ01,0.882934618153211
DIDBEZ,MIHJUL,0.8828905924065003
DIDBEZ,FUMJAZ,0.8828410669120137
DIDBEZ,XEVXUT,0.8797653484137649
DIDBEZ,BUKLOJ,0.8751682355858477
DIDBEZ,FEXCES,0.8693634729565403
DIDBEZ,SEQSOY,0.8687707586053675
DIDBEZ,VACKUI,0.8554677894420264
GEYLEE,NIWYID,0.8692678305817341
PARKUQ,MITSAK,0.9999537175265892
PARKUQ,MITSUE,0.999952471584341
PARKUQ,KUJMIN,0.999738163448062
PARKUQ,MITSEO,0.9996479205774692
PARKUQ,QUQFOY,0.9326029805235037
PARKUQ,AJIJEI,0.9200333031426536
PARKUQ,NAPZOV,0.9181959387401716
PARKUQ,VIDVUB,0.9077521097248946
PARKUQ,MICJOA,0.9077452528863524
PARKUQ,GERWOR,0.9068349807474844
PARKUQ,IJEYEC,0.8916823763231878
PARKUQ,QEKLID,0.8870098256021294
PARKUQ,NOLRIR,0.8749686472538384
PARKUQ,GIZNOT,0.8739197865108488
PARKUQ,FIPKOG01,0.8610910025973897
PARKUQ,CIKCOQ,0.8581982307583937
PARKUQ,DAKVIW,0.853059939085328
PARKUQ,LUWKIZ,0.8487661044946807
GEVXAI,GEVXIQ,0.9995858428031524
GEVXAI,VIFBIX,0.9885714376724104
GEVXAI,HOGQIF,0.8382794951782571
AVEROJ,LIHRUQ,0.996258309680768
AVEROJ,LIHSAX,0.9955500425379504
AVEROJ,AVERUP,0.9923538623959216
QERZUI01,ECODIK,0.9999888467358972
QERZUI01,UFUNAK,0.9995381421740276
QERZUI01,MURREW,0.9992696118893012
QERZUI01,KAKTIA01,0.9990198336001858
QERZUI01,POFDEV,0.99883030291165
QERZUI01,POFFAT,0.99712131058792
QERZUI01,NELCEN,0.9961264395026193
QERZUI01,POFFEX,0.9955536909649838
QERZUI01,WURNOO,0.9227753042502012
QERZUI01,IDUSIM01,0.8666748545025238
QERZUI01,UNACIW,0.8666653167535389
QERZUI01,IDUSIM02,0.8666613219164404
QERZUI01,UNABUH01,0.8666606138840592
QERZUI01,QESBAR,0.8431319779058443
QERZUI01,ENITAX,0.8419834204129256
ERUNOW,JODGIU,0.9991276663174472
ERUNOW,DIDBOJ,0.9988379686568588
ERUNOW,CAXZOS,0.9985419572815734
ERUNOW,ABAVUV,0.9233039349040518
ERUNOW,CEYPUT,0.9231074605643552
ERUNOW,VODNOS,0.9229728933225236
ERUNOW,VEDGIW,0.9229498606040264
ERUNOW,VEDFOB,0.9228255097831104
ERUNOW,VEDFER,0.9227584081256128
ERUNOW,BOWDUO,0.922643517308148
ERUNOW,BOWDIC,0.9225654077033276
ERUNOW,MOXDOT,0.9221449607777058
ERUNOW,ABAVIJ,0.921246877697349
ERUNOW,TATSIS,0.920496717862928
ERUNOW,LASMAV,0.9195440579327364
ERUNOW,DIQHAO01,0.9181324481856116
ERUNOW,YIGGEB,0.9173739576382433
ERUNOW,BAKJEE,0.9094918825709508
ERUNOW,SIDXOV,0.8967176907481911
ERUNOW,MIHJUL,0.8850716184520593
ERUNOW,NOMPIQ,0.8840044253779322
ERUNOW,FUMJAZ,0.8792490612251708
ERUNOW,LUWZUZ01,0.8787173447366261
ERUNOW,LUWZUZ02,0.8784719289791884
ERUNOW,LUWZUZ,0.8784572620091529
ERUNOW,JODGOA,0.8783391256614053
ERUNOW,XEVXUT,0.8765788679969135
ERUNOW,BUKLOJ,0.8729734132617952
ERUNOW,YIRSUQ,0.8667380463956623
ERUNOW,DIBQEM,0.8664909614914516
ERUNOW,ESEQUO,0.8607903655776061
ERUNOW,VACKUI,0.8570026994762494
NEHZAE,YAXCAC,0.99588569354173
NEHZAE,POJTOY,0.9859714941997856
NEHZAE,POJTOY01,0.9854394431364436
NEHZAE,EFEGOM,0.9839625815013916
NEHZAE,YAXBOP,0.9820027603466572
NEHZAE,SETQEP,0.9818715090098616
NEHZAE,XADCOW,0.9812955533706385
NEHZAE,PIJKUR,0.8791223915036241
NEHZAE,LARPEB,0.8747522274845947
NEHZAE,REZXOK,0.8746363170612609
NEHZAE,UFIKIG,0.8551183913955199
NEHZAE,TOVJIZ,0.8476188808153813
NEHZAE,TOVKEW,0.8446150235938923
TOVKEW,TOVJAR,0.8607767921351261
TOVKEW,POJTOY,0.8528898744647264
TOVKEW,EFEGOM,0.8524174911054765
TOVKEW,SADMIV,0.8523595679446032
TOVKEW,SETQOZ,0.8523476906828507
TOVKEW,SETRAM,0.8521245377920461
TOVKEW,SETQEP,0.8518165421926776
TOVKEW,SADMOB,0.8518133425694376
TOVKEW,PIJKUR,0.8422540580812313
UFIRUX,GOCTID,0.9991319258506984
KUJMIN,MITSAK,0.999911915437836
KUJMIN,MITSEO,0.9987802597945834
KUJMIN,QUQFOY,0.9316873059383116
KUJMIN,NAPZOV,0.9165351965438914
KUJMIN,VIDVUB,0.9082110693621508
KUJMIN,MICJOA,0.9067586688134176
KUJMIN,GERWOR,0.9053608949062596
KUJMIN,FIJDEI,0.8968756186981941
KUJMIN,IJEYEC,0.8890041774202524
KUJMIN,QEKLID,0.8862000159084281
KUJMIN,GOYLUB,0.8688566036726734
KUJMIN,FIPKOG01,0.8605659822717628
KUJMIN,LUWKIZ,0.8473388816880942
DAPYAW,RUXWEM01,0.9554511626710992
DAPYAW,QEKLID,0.9453217547988032
DAPYAW,PIKYIU,0.9166077081099928
DAPYAW,XEDGIY,0.8910511621136902
DAPYAW,ECIWIW,0.8853801913468087
DAPYAW,QUQFOY,0.8806748150963627
DAPYAW,XOGWUN,0.8766947260246629
DAPYAW,VAYFAE,0.8765680026865562
DAPYAW,FONKEA,0.8543879202812527
DAPYAW,CIKCOQ,0.8438144088973789
DAPYAW,LUWKIZ,0.8419373795083196
DAPYAW,MINBEQ,0.8401416460189223
DAPYAW,MITSEO,0.8377203177478048
IDUSIM02,UNABUH01,0.999999989276059
IDUSIM02,UNACIW,0.999999642956579
IDUSIM02,IDUSIM01,0.9999954411022338
IDUSIM02,HOYKUD,0.8891551519519741
IDUSIM02,FALTUK,0.8800640400137973
IDUSIM02,ECODIK,0.866678375148337
IDUSIM02,EGOZAB,0.8664828308016957
IDUSIM02,MURREW,0.865744476100514
IDUSIM02,KAKTIA01,0.8654345744638606
IDUSIM02,POFDEV,0.8652457470799556
IDUSIM02,VOJPUG01,0.8645920683227337
IDUSIM02,NELCEN,0.8623972278340113
IDUSIM02,POFFEX,0.861792320327656
IDUSIM02,VIXPUP01,0.855750624121638
IDUSIM02,XICKOL,0.8522045245931286
PITYUN01,COWSAJ,0.9999487443942308
AGUVOO,AGUVEE,0.9996231697366584
AGUVOO,KOMGAV,0.9995196246996824
ILECIN,LIJWUX,0.9998642959720716
ILECIN,LICSEW04,0.9997949991190542
ILECIN,XEHSOT,0.9986581847764538
ILECIN,MOPQIT,0.9985522731882692
ILECIN,NIWZIE17,0.9974819897288132
VEDGIW,VEDFOB,0.9999895583879088
VEDGIW,OJOBAS,0.9999848446982572
VEDGIW,CEYPUT,0.9999832967749004
VEDGIW,VEDFIV,0.9999812655915374
VEDGIW,BOWDOI,0.9999756710164288
VEDGIW,YODRAM,0.9999604342504338
VEDGIW,BOWDIC,0.9999407853617666
VEDGIW,ABAVIJ,0.9992174432562244
VEDGIW,ABAVUV,0.99901600613557
VEDGIW,TATSIS,0.9989328179023316
VEDGIW,ERUNIQ,0.998710111373986
VEDGIW,ERUNUC,0.9233506774278176
VEDGIW,DIDBOJ,0.9229457996471692
VEDGIW,JODGOA,0.894608929047879
VEDGIW,BUKLOJ,0.8826375940632724
VEDGIW,BAKJEE,0.879014281445518
VEDGIW,ESEQUO,0.8726980987702191
VEDGIW,XEVXUT,0.8516308350541917
VEDGIW,MOXDOT,0.8444230579495239
VEDGIW,NERVIP01,0.8437125092265121
VEDGIW,RAKBIO01,0.8436856224163478
VEDGIW,NERVOV,0.8428421727017141
VEDGIW,FAZPIH,0.8427662165968642
VEDGIW,VOCKUT,0.842625225658956
VEDGIW,NERVEL,0.8425630366295775
VEDGIW,NERVIP,0.8423049035907129
VEDGIW,YIRSUQ,0.8417202569961705
VEDGIW,CEJFOO,0.8411201126104175
CIJLIT,REBVIG,0.8534831260950975
CIJLIT,NANYUX03,0.8455267094330026
IWEQAD,DOTSOV11,0.8611555993458597
IWEQAD,YOZNEI,0.861044075367196
IWEQAD,WULJUJ,0.8602537068006499
IWEQAD,NEHZOS,0.8585097279182325
RAKBIO01,GAGWOB,0.9975611366045344
RAKBIO01,XADDUD,0.8537712586665047
RAKBIO01,ABAVUV,0.8438423341726433
RAKBIO01,BOWDOI,0.8434867434180555
RAKBIO01,BOWDUO,0.8434185718219046
RAKBIO01,YODRAM,0.843417365082643
RAKBIO01,BOWDIC,0.8433486842193263
RAKBIO01,TATSIS,0.8414354466143678
RAKBIO01,ERUNIQ,0.8410930666250428
XADCOW,SETQEP,0.9999952904927428
XADCOW,YAXBOP,0.999992917675596
XADCOW,SETQIT,0.9999854426798296
XADCOW,SETRAM,0.999963039071992
XADCOW,SADMIV,0.999909851138462
XADCOW,POJTOY01,0.9997318925369654
XADCOW,POJTOY,0.999652936116058
XADCOW,YAXCAC,0.9945686685734614
XADCOW,KUXSIH,0.9712681127898986
XADCOW,TOVJAR,0.9061204485661298
XADCOW,PIJKUR,0.8850960884063298
XADCOW,REZXOK,0.8838465278346682
XADCOW,UFIKOM,0.8690756434892226
XADCOW,UFIKIG,0.8689475293004842
XADCOW,LARPEB,0.8602893013261987
XADCOW,TOVJEV,0.8449168586532615
TOVJAR,TOVJIZ,0.9087525074484852
TOVJAR,POJTOY,0.907490470895505
TOVJAR,VAGVAC,0.9074455043710156
TOVJAR,EFEGOM,0.9069637421216272
TOVJAR,SADMIV,0.9069045010082318
TOVJAR,SETQOZ,0.9068872590751138
TOVJAR,SADMUH,0.9067716933738472
TOVJAR,SETRAM,0.9066434675005072
TOVJAR,SETQIT,0.906456787838596
TOVJAR,YAXBOP,0.9063582574196866
TOVJAR,SADMOB,0.9063102532870336
TOVJAR,TOVJEV,0.9006376096937344
TOVJAR,KUXSIH,0.8927828048580312
TOVJAR,BAZBIQ,0.8632735746310403
TOVJAR,SAJRUT,0.857423425945112
TOVJAR,UFIKIG,0.850975286823955
TOVJAR,UFIKOM,0.8507361154068138
TOVJAR,UFIHUP,0.8502994067780125
KEGTEY,MUWRUT,0.884685579908712
KEGTEY,YOZYUJ,0.8468381346987889
KEGTEY,DECXUH,0.8394458908973486
KEGTEY,REBVIG,0.8386663931499047
KEGTEY,DECYAO,0.838194558135092
BAKJOO,BAKJEE,0.9999421236502638
BAKJOO,SIDXOV,0.9680667947448602
BAKJOO,ERUNUC,0.9095113717560286
BAKJOO,DIDBOJ,0.9088746156327832
BAKJOO,CAXZOS,0.9087561307367004
BAKJOO,FUMJAZ,0.904573306466117
BAKJOO,KESFOG,0.901913444628082
BAKJOO,FEYJOJ,0.9012241078277724
BAKJOO,AGAFAS,0.8894773395558484
BAKJOO,DIQHAO01,0.8817833769893659
BAKJOO,CEYPUT,0.8792667528357004
BAKJOO,OJOBAS,0.8792648079411757
BAKJOO,VODNOS,0.879219052750152
BAKJOO,VEDFIV,0.8791652667631511
BAKJOO,VEDFOB,0.8791514516877219
BAKJOO,VEDFER,0.8791103100343057
BAKJOO,BOWDOI,0.8790990955024315
BAKJOO,YODRAM,0.8790563959852877
BAKJOO,BOWDIC,0.8790128324561618
BAKJOO,ABAVUV,0.8787923897459814
BAKJOO,BIKMAL01,0.8782849444144779
BAKJOO,ABAVIJ,0.8780421907983549
BAKJOO,LASMAV,0.876803591773645
BAKJOO,YIGGEB,0.8750109127984809
BAKJOO,XAPSIS,0.8609444003403474
BAKJOO,YIRSUQ,0.8517123012068747
BAKJOO,MIHJUL,0.8425496881058829
BAKJOO,OKEHIW,0.8410650691731445
KAKTIA01,VOJPUG01,0.9998254518949176
KAKTIA01,UFUNAK,0.999781566311446
KAKTIA01,EGOZAB,0.9994887702666144
KAKTIA01,POFFAT,0.9992807419817068
KAKTIA01,KAGJOS,0.923395236827046
KAKTIA01,WURNOO,0.9232361637449352
KAKTIA01,XICKOL,0.878877746741964
KAKTIA01,QESBAR,0.8438601368602429
KAKTIA01,ENITAX,0.842847899173115
BOWDUO,YODRAM,0.9999999993835385
BOWDUO,VEDFOB,0.9999840097265064
BOWDUO,VEDFIV,0.9999611704023376
BOWDUO,VODNOS,0.999953445128964
BOWDUO,OJOBAS,0.9998968129480432
BOWDUO,CEYPUT,0.99989283308101
BOWDUO,ABAVIJ,0.9994514218320588
BOWDUO,TATSIS,0.9993018297830004
BOWDUO,ERUNIQ,0.9991204875879603
BOWDUO,ERUNUC,0.9232191935825452
BOWDUO,CAXZOS,0.9230873068173444
BOWDUO,DIDBOJ,0.9229823148950176
BOWDUO,BUKLOJ,0.8832160863815239
BOWDUO,BAKJEE,0.8787667341797313
BOWDUO,SIDXOV,0.8719300404108283
BOWDUO,DIQHAO01,0.8568666555095938
BOWDUO,FUMJAZ01,0.854043090615065
BOWDUO,FUMJAZ,0.8538864161975046
BOWDUO,XEVXUT,0.8524833197205113
BOWDUO,GAGWOB,0.8433655913265206
BOWDUO,FAZPIH,0.843161312800821
BOWDUO,VOCKUT,0.8430410130869046
BOWDUO,NERVEL,0.8429938254222866
BOWDUO,NERVIP,0.8427827241363837
BOWDUO,YIRSUQ,0.8422463430280107
VEDFOB,VEDFIV,0.9999935500356032
VEDFOB,VEDFER,0.9999917355976032
VEDFOB,VODNOS,0.9999852042024652
VEDFOB,YODRAM,0.999983842407729
VEDFOB,BOWDIC,0.9999747475296744
VEDFOB,OJOBAS,0.9999535777229602
VEDFOB,CEYPUT,0.9999508778968306
VEDFOB,TATSIS,0.9991049553525764
VEDFOB,LASMAV,0.998538990508926
VEDFOB,ERUNUC,0.9233012728937464
VEDFOB,JODGIU,0.9230642353986258
VEDFOB,DIDBOJ,0.9230414559821636
VEDFOB,BAKJEE,0.8789167617159691
VEDFOB,CANYIB,0.8771478999381961
VEDFOB,SIDXOV,0.8713043335101831
VEDFOB,XEVXUT,0.8520019845130303
VEDFOB,NERVIP01,0.8438068649105319
VEDFOB,FAZPIH,0.8429666839405235
VEDFOB,VOCKUT,0.8428400476742742
VEDFOB,NERVEL,0.8427779608873093
VEDFOB,NERVIP,0.8425241240327842
VEDFOB,YIRSUQ,0.8419533250800835
UKOLOV,VEGMOK04,0.8872559356894251
UKOLOV,IFABIA02,0.8869547342580568
UKOLOV,XAFFER,0.8658531034931597
UKOLOV,SIXWON,0.8417094092613906
YATTUK,SEHSII,0.999029828624983
YATTUK,UPIBOM,0.989463835900246
YATTUK,VITZAB,0.943626527046334
YATTUK,JUXSIG,0.9386296519094726
YATTUK,OHIHOD,0.8968576971316707
YATTUK,XADDAJ,0.8864632476758583
YATTUK,WOJYUR,0.8838283184051478
YATTUK,QACTUJ,0.8749993514348496
YATTUK,YIXFUI,0.874768985186764
YATTUK,TORPUN,0.8662841526283687
YATTUK,NEBYOK,0.8611127216709835
YATTUK,IZEBAR,0.8584894241250072
YATTUK,UFOSAM,0.8578481244540537
YATTUK,LUCDES,0.8442904032633224
ELUQIM08,ELUQIM04,0.9999996942304746
ELUQIM08,ELUQIM13,0.9999986884140248
ELUQIM08,VERZUP,0.9999908530656092
ELUQIM08,YANXIX02,0.9978705358410672
ELUQIM08,DAXNIA,0.9977851656083144
ELUQIM08,TAYZUQ,0.9953868312250352
ELUQIM08,AMOBEL02,0.9937673280350916
IXAKAU,KIRFOI,0.888599063106547
IXAKAU,XICKOL,0.8763887628536686
IXAKAU,YIMQOD,0.8582961727518252
EZATOP,BOYTEQ,0.9241302768107522
EZATOP,REZFEK,0.9124558155925208
EZATOP,BIRMUM,0.9039163222632042
ENITAX,GERWEH,0.8592945668440514
ENITAX,MURREW,0.8429546942269752
ENITAX,UFUNAK,0.8428888454762752
ENITAX,VOJPUG01,0.842848394881017
ENITAX,NELCEN,0.8420667149357706
ENITAX,ECODIK,0.8418040249616392
ENITAX,POFFEX,0.841772983310208
NIMVUC,HAZNON,0.8633524074169447
NIMVUC,HAZPAB,0.8614928938502516
NIMVUC,FAVNAU,0.8377191855284987
HAZNON,HAZNED,0.999763443504602
HAZNON,IPIJAT,0.8721741360810877
HAZNON,KULMIP,0.8631546941004694
HAZNON,FAVNAU,0.8393967666896721
UDUMIP03,FERLEU,0.9962730361942866
REZJIR03,YUKTUU01,0.9999997387222292
REZJIR03,PADJOU01,0.999996602497822
REZJIR03,LIJWOR02,0.9999865682690214
REZJIR03,MNFORD02,0.9999811789979368
REZJIR03,DADTOS13,0.9999794725902312
REZJIR03,LIJWOR05,0.999963300677795
REZJIR03,DADTOS06,0.999961236335946
REZJIR03,DIDVIW,0.9999604471942468
REZJIR03,DADTOS18,0.9999593239100912
REZJIR03,YANWOC,0.9999373558697956
REZJIR03,QINSUD,0.9999331341358942
REZJIR03,SIWPUL04,0.9999328838078918
REZJIR03,ATIBOU02,0.99822056522847
REZJIR03,SIWPUL11,0.996891107853214
EPISOM,LAQNID,0.8912270929038167
EPISOM,ANUGEW,0.8871636619078479
EPISOM,RUJMEQ,0.8668294219270063
EPISOM,XICKOL,0.8615156336061321
EPISOM,YIMQOD,0.8547835029796425
EPISOM,WULJUJ,0.853311659899712
EPISOM,YOZNEI,0.852498575518437
EPISOM,NEHZOS,0.8521820126862654
EPISOM,QOWRAV,0.8509449054566052
EPISOM,QOWRAV07,0.8508546047859954
LARYIO,ADEGIA,0.9984556765519356
LOLREL,AFUPEX,0.9360120095403848
YUKTUU01,DADTOS15,0.999999840006893
YUKTUU01,VIRJEM,0.9999982746512042
YUKTUU01,PADJOU01,0.9999947645043196
YUKTUU01,LIJWOR02,0.9999833475670924
YUKTUU01,DADTOS13,0.9999829131148128
YUKTUU01,MNFORD02,0.9999764844275238
YUKTUU01,DADTOS08,0.9999680978156286
YUKTUU01,DADTOS06,0.9999659668658042
YUKTUU01,DADTOS18,0.9999641700912432
YUKTUU01,LIJWOR05,0.99995899047284
YUKTUU01,IJOMOJ01,0.9999496468989766
YUKTUU01,YANWOC,0.999943293721294
YUKTUU01,QINSUD,0.9999266190949548
YUKTUU01,SIWPUL04,0.9999264845732364
YUKTUU01,DADTOS07,0.9999064691949232
YUKTUU01,DADTOS03,0.9998985357473826
YUKTUU01,ATIBOU02,0.9982523755857936
YUKTUU01,SIWPUL11,0.9969333908691794
WUHMOD,JUQSIZ,0.9970856213865776
WUHMOD,MICCIM,0.9417143925484754
WUHMOD,FOKWOT,0.940417511745226
WUHMOD,REXYAX,0.8847322860399891
WUHMOD,RUXWEM01,0.8638614944362162
WUHMOD,RUXWEM03,0.8634410595544365
WUHMOD,HIHGUC,0.860760711517385
WUHMOD,EREGOY,0.859957542148791
NELCEN,POFFAT,0.9999254271983108
NELCEN,VOJPUG01,0.9995396663684488
NELCEN,POFDEV,0.9991460266667996
NELCEN,UFUNAK,0.9983273446540972
NELCEN,EGOZAB,0.99735126535266
NELCEN,ECODIK,0.9957783050338292
NELCEN,WURNOO,0.9220155640703208
NELCEN,XICKOL,0.87903393489812
NELCEN,IDUSIM01,0.8625911478372839
NELCEN,HOYKUD,0.8525675950114329
KAKCEH02,IFIQUM,0.8001918260150459
KAKCEH02,KAKCEH01,0.9999995632817206
ZARLEL,VEGMOK04,0.8757101863574621
ZARLEL,IFABIA02,0.8746966514274293
ZARLEL,KEFBOO,0.8719833153545411
UNABUH01,IDUSIM01,0.9999951041796722
UNABUH01,FALTUK,0.8800484982392653
UNABUH01,ECODIK,0.8666782601491073
UNABUH01,VOJPUG01,0.8645826780276165
UNABUH01,POFFAT,0.8634371612106347
UNABUH01,VIXPUP01,0.8557385138231126
UNABUH01,XICKOL,0.8521943030660564
ECODIK,MURREW,0.999100767864309
ECODIK,POFDEV,0.9986132208371152
ECODIK,POFFAT,0.996821591586972
ECODIK,POFFEX,0.9951786410073428
ECODIK,WURNOO,0.922633640133944
ECODIK,KAGJOS,0.922395062493906
ECODIK,XICKOL,0.8768919466878238
ECODIK,IDUSIM01,0.8666779325228902
ECODIK,HOYKUD,0.8567377538636145
ECODIK,QESBAR,0.8429661443369937
CISMEY,LARBOW,0.9003619013032157
CISMEY,IYOQIY,0.897815304014419
CISMEY,FOKWOT,0.8470272844713758
YUMFUJ,APAZIC,0.999638969765132
YUMFUJ,WOJYEB,0.9995897288777964
YUMFUJ,LUWMEX,0.9978284356958462
YUMFUJ,FECXAO,0.9460399730358796
YUMFUJ,PEZCII,0.9435223117060428
YUMFUJ,JIYPEP,0.8492070893895644
YUMFUJ,RUWWOW,0.8483704274664553
YUMFUJ,RUWWOW01,0.8483326485862906
YUMFUJ,RUWXAJ,0.8483165898858498
YUMFUJ,RUWWUC,0.8475347469032144
VIXKOE,XILBAW,0.9077261463952478
VIXKOE,MOLLEG,0.8413157499994444
CERPOF01,CERPOF,0.9999994533454336
CERPOF01,RUDRUE,0.9999392004955596
CERPOF01,DITKAT,0.8923620085263152
CERPOF01,DITKAT01,0.8921703360238415
CERPOF01,UHEBOA,0.8867945690063153
CERPOF01,LIPZES,0.8749989877857349
CERPOF01,RUBZIY02,0.8716710468098324
WEYQAU01,WEYQAU09,0.9999480274091456
WEYQAU01,WEYQEY,0.9996206731548178
WEYQAU01,PUNYIH,0.9945151619883528
WEYQAU01,OFODET,0.9047777207184284
WEYQAU01,HIYZEV01,0.8836746296869814
WEYQAU01,BIYTOU,0.883412689047957
WEYQAU01,DIJCOP,0.8724294650072237
WEYQAU01,WACLEU,0.8436981360603941
MICJOA,MITSEO,0.9082336046150796
MICJOA,MITSAK,0.9073941599143202
MICJOA,MITSUE,0.9073887471771848
MICJOA,FIPKOG01,0.8684000362863089
MICJOA,NAPZOV,0.8425518350229632
MICJOA,AJIJEI,0.8421253173233714
KOMGAV,FIFQOD,0.999807443471784
IJOMOJ01,SIWPUL04,0.999997726875474
IJOMOJ01,PADJOU01,0.9999755387760096
IJOMOJ01,DADTOS13,0.9998739235948476
IJOMOJ01,DADTOS08,0.9998376182124372
IJOMOJ01,DADTOS09,0.9998364668583112
IJOMOJ01,DADTOS06,0.999832854612464
IJOMOJ01,DIDVIW,0.9998312176488934
IJOMOJ01,DADTOS18,0.999828901274856
IJOMOJ01,YANWOC01,0.999828427047308
IJOMOJ01,YANWOC,0.9997860936795736
IJOMOJ01,DADTOS07,0.9997189282562952
IJOMOJ01,DADTOS03,0.999705298379454
IJOMOJ01,JEDKIP01,0.999694734163822
IJOMOJ01,SIWPUL11,0.9961002855780148
YEYCUC,WIZMAV07,0.8923912731812655
YEYCUC,WIZMAV09,0.892388554674368
YEYCUC,WIZMAV11,0.8923845138619211
YEYCUC,WIZMAV06,0.8923733261570458
YEYCUC,ERARUM,0.8923038953764147
YEYCUC,UFOSEQ,0.8771546843256223
YEYCUC,HERHAQ,0.8552992237564654
YEYCUC,BUNLAZ,0.8435999321430647
YEYCUC,BUNKUS,0.842648393327134
ABAVUV,OJOBAS,0.9992448804232332
ABAVUV,VODNOS,0.9990498322907958
ABAVUV,VEDFER,0.9987538438579732
ABAVUV,BOWDOI,0.9986924710332036
ABAVUV,TATSIS,0.995914992511588
ABAVUV,ERUNIQ,0.9954841780178286
ABAVUV,YIGGEB,0.992320762751879
ABAVUV,JODGIU,0.9220127352750336
ABAVUV,CAXZOS,0.9211680967645586
ABAVUV,CANYIB,0.8791412398433587
ABAVUV,BUKLOJ,0.8785756029182138
ABAVUV,FUMJAZ01,0.8495674039901985
ABAVUV,XEVXUT,0.8462111862549127
ABAVUV,NERVIP01,0.8416668674734171
ABAVUV,KOHDIW,0.8414335094031251
ABAVUV,NERVOV,0.8397200846989544
ABAVUV,FAZPIH,0.8396252780303372
ABAVUV,WOPWOP,0.8395528871520974
ABAVUV,VOCKUT,0.839383546628393
ABAVUV,NERVIP,0.838746144044671
ERUNIQ,TATSIS,0.9999861011149608
ERUNIQ,YIGGEB,0.9995774588629998
ERUNIQ,BOWDIC,0.9991998072830508
ERUNIQ,YODRAM,0.9991219511683628
ERUNIQ,VEDFER,0.9989476665489688
ERUNIQ,VEDFIV,0.998803863958997
ERUNIQ,VODNOS,0.998669949434632
ERUNIQ,CAXZOS,0.9226358903441824
ERUNIQ,DIDBOJ,0.922105423065273
ERUNIQ,ERUNUC,0.9215331518041376
ERUNIQ,BUKLOJ,0.8848944230681052
ERUNIQ,BAKJEE,0.8765335869016465
ERUNIQ,CANYIB,0.872990131708619
ERUNIQ,FUMJAZ01,0.8556523177484537
ERUNIQ,XEVXUT,0.8554675373807967
ERUNIQ,WOPWOP,0.8440161720250204
ERUNIQ,NERVIP,0.8439839126665873
ERUNIQ,FAZPIH,0.8439728169518963
ERUNIQ,NERVIP01,0.8436490455458661
ERUNIQ,CEJFOO,0.8432131061116366
ERUNIQ,MOXDOT,0.843094310185068
IQOJAB,XAFFER,0.940058729907281
IQOJAB,GUGNON,0.8391020768205835
IZETUE,IZEVOA,0.9992903079783422
XAJZAK,VAGJAP,0.8446008071075708
LUYSOP,MOXDIN01,0.999710906534458
MOFTIL02,BOVHEB,0.9855244777038066
MOFTIL02,LEYLIN,0.9288101884245776
MOFTIL02,AQOROP,0.9183014686056964
MOFTIL02,GAMFEG,0.8963191792306997
MOFTIL02,SAQFUM,0.8766371037806703
MOFTIL02,VAHWOS,0.850699073810273
MOFTIL02,VAHWOS02,0.8506190800109549
MOFTIL02,VAHWIM,0.8506076844361549
REBVIG,YOZYUJ,0.9554227276436568
REBVIG,GUGNON,0.9164721418807164
REBVIG,NIWYID,0.9081293253877584
REBVIG,NANYUX03,0.907792459112522
REBVIG,JAYXAL,0.8929080975537117
REBVIG,MUWRUT,0.8605561454055788
REBVIG,DUPKAC,0.8584431455713248
REBVIG,WIMWIA,0.8535160995825274
REBVIG,QEDZEG,0.8503123347310247
REBVIG,ADUVAZ,0.8419411411445197
JODGOA,CEYPUT,0.8949031188635755
JODGOA,OJOBAS,0.8948899165282205
JODGOA,VODNOS,0.8946503397449567
JODGOA,VEDFER,0.8942936369529267
JODGOA,BOWDOI,0.8942203849873374
JODGOA,BOWDIC,0.8939697286293173
JODGOA,ABAVIJ,0.8921848024244402
JODGOA,LASMAV,0.8898471438672472
JODGOA,ERUNUC,0.8776759933648598
JODGOA,DIDBOJ,0.876267534249791
JODGOA,CAXZOS,0.8757288618617356
JODGOA,BUKLOJ,0.8459310910796961
EYUGIP,EYUGEL,0.900725133638147
EYUGIP,EHISUJ,0.9787022417559842
EYUGIP,EYUGOV,0.9782898551106692
REFBAH,RODSAG,0.9998929370299648
REFBAH,WIFSAI01,0.9217847315922174
REFBAH,BUZKUE,0.8580058276630216
REFBAH,PEBNER,0.8578335117819065
REFBAH,JAVNIE,0.857831707974017
REFBAH,HOSPEL,0.8566016072977629
REFBAH,QONLIQ,0.8563655062097202
REFBAH,CISLUN,0.8561548769575043
REFBAH,PIZHOX,0.8554820326746769
REFBAH,PASGAU,0.8552609590813003
REFBAH,QOMSAO,0.8549085002677567
REFBAH,IBUDOZ,0.8548656772666228
REFBAH,DEGJIK,0.8544758107500519
REFBAH,JAXNUU,0.8544283321412893
FODGUB,FODGUB02,0.9997654174700596
FODGUB,HOQKII,0.9989775751201084
FODGUB,EFUFEQ,0.8947872250296441
FODGUB,GIZNOT,0.8501866948723368
HERHAQ,WIZMAV,0.9558587019002316
HERHAQ,WIZMAV09,0.955858134733466
HERHAQ,WIZMAV12,0.9558410015142292
HERHAQ,UVAHIK,0.9557594685271616
HERHAQ,HICNUF,0.9159902366756408
HERHAQ,HICNOZ,0.9159054709801552
HERHAQ,BUNLAZ,0.9130793901779026
HERHAQ,OFOJAX,0.8963572347560328
HERHAQ,HERHUK,0.8926948099455928
HERHAQ,VIKRUF,0.8835949892431256
HERHAQ,VIKRIT,0.8823923770827179
PUNYON,EZOFEF,0.9999987095627106
PUNYON,XUJPOI,0.9952551710209836
PUNYON,VEMSUC01,0.9952345700079798
PUNYON,NUNNUH,0.9943265009529164
PUNYON,DAFHID,0.8940548024311
PUNYON,XUCHOS,0.8850152967515698
PUNYON,XUCHOS02,0.8848280078377551
PUNYON,SOQRUM,0.884436932011095
PUNYON,LIDSAU,0.8548767538686144
PUNYON,JAMSEY,0.8544976261123627
MOFTIL01,NUCRIN,0.999893939914026
MOFTIL01,LEYLIN,0.9287142607435832
MOFTIL01,PEPHID,0.89855054186712
MOFTIL01,SAQFUM01,0.8769942108796482
MOFTIL01,VEMMAC,0.8513401597391594
MOFTIL01,VAHWOS01,0.8509297890670096
OKELOH,NUFBOH,0.893573663711303
OKELOH,SOSQIC01,0.8767746180806381
OKELOH,JAYXAL,0.8553940950734521
BAZFUF,QOWRAV,0.9971975973501016
BAZFUF,NAFSOF,0.9914034362396889
BAZFUF,ANUGEW,0.9695988455361112
BAZFUF,KAGJOS,0.8817691891410855
BAZFUF,WURNOO,0.881698466825469
BAZFUF,HAYXIR,0.8767223122230343
BAZFUF,ENIHUG,0.8697228754147015
BAZFUF,ASIVAB,0.8594672644706796
BAZFUF,SIXNOF,0.8588265316745216
BAZFUF,RUJMEQ,0.8528121933660124
BAZFUF,XICKOL,0.8422223450567125
BAZFUF,DOTSOV11,0.8395265502147018
BAZFUF,DOTSOV10,0.8395250874993504
EXAXAE,EMUBOF,0.9954782586680287
EXAXAE,HAYXIR,0.8851864367235087
EXAXAE,NEHZOS,0.8850487988764765
EXAXAE,WULJUJ,0.8828678850622173
EXAXAE,YOZNEI,0.8818609166256564
EXAXAE,YOZNOS,0.8699363600262372
EXAXAE,IDUDIW,0.8538066510653897
EXAXAE,QESBAR,0.8438074838130402
EXAXAE,GERWEH,0.8394963443697521
IDIWOH05,IDIWOH06,0.9999999959813756
IDIWOH05,IXODUV,0.9999997831447762
IDIWOH05,IXOFUX01,0.9999996940123166
IDIWOH05,WIDQEG,0.9999993149421902
IDIWOH05,IDIWOH,0.99999913311012
IDIWOH05,XAVDIJ,0.9999981548851448
IDIWOH05,IXOFAD,0.9999970828722377
IDIWOH05,ALOVEC,0.9960839863679216
POFFEX,POFFAT,0.9998272172528004
POFFEX,VOJPUG01,0.9993452147953352
POFFEX,POFDEV,0.9988803259179097
POFFEX,MURREW,0.9984036075851852
POFFEX,KAGJOS,0.9216645900584656
POFFEX,WURNOO,0.9216613546054696
POFFEX,XICKOL,0.8788697042902618
POFFEX,IDUSIM01,0.8620014782423585
POFFEX,HOYKUD,0.8519703108379093
POFFEX,QESBAR,0.8426369605444208
AFUFAL,ZEDZAL,0.9470611719405346
AFUFAL,MEQKOL,0.8868675722669994
AFUFAL,ELIKAM,0.8492480842421563
MEQKOL,YIVZOU,0.9081300866004594
MEQKOL,GUXSUO,0.8452600689121127
MEQKOL,ATIJUI,0.9996752304378362
MEQKOL,IBEXUJ,0.9466219297971348
MEQKOL,FOKYEL,0.884829904355782
MEQKOL,UTONEX,0.8640622697117
MEQKOL,UTONAT,0.8640311490399053
MEQKOL,ELIKAM,0.8596950910826395
MEQKOL,DOJXOQ,0.8581443555954696
MEQKOL,OXAZIX,0.84590644053169
HICNUF,GERBEN,0.9160211611679424
HICNUF,ERARUM,0.8789363855685632
HICNUF,WIZMAV09,0.8788813447527983
HICNUF,WIZMAV07,0.8788795292695999
HICNUF,WIZMAV12,0.8788600390690162
HICNUF,ERANAO,0.876637935323392
HICNUF,WUPTUY01,0.8465644440953264
HICNUF,WUPTUY,0.8464816586368582
HICNUF,BUNLAZ,0.8437711313807487
IZIBUQ,VIKRUF,0.9426622209360804
IZIBUQ,ERANAO,0.914267267123144
IZIBUQ,ERARUM,0.9103431427451896
IZIBUQ,WIZMAV11,0.9102261639985756
IZIBUQ,WIZMAV,0.9102217628558223
IZIBUQ,WIZMAV07,0.910216179762024
IZIBUQ,UVAHIK,0.9099550162809636
IZIBUQ,UFOSEQ,0.8904881284108679
IZIBUQ,OFOJAX,0.889121230485627
IZIBUQ,BUNLAZ,0.8782144239646412
IZIBUQ,BUNKUS,0.8780712266473819
ATIKAP,ADEGIA01,0.9998023501642268
ATIKAP,IBEYEU,0.9472123501099023
ATIKAP,XISDOU,0.9049949938784888
ATIKAP,AYOZIZ,0.9049092470320488
ATIKAP,UMIZEX,0.8871080226467696
ATIKAP,AFUDUD,0.8862217407286117
ATIKAP,LUWNAU,0.882281145052283
ATIKAP,EBEXAM,0.867666176745596
ATIKAP,HOGQIF,0.8651721834366188
ATIKAP,INOVEN,0.8604335454301499
ATIKAP,COKJIX,0.8598740826920994
ATIKAP,XEVHEM,0.8459241833630752
VIXPUP01,MOCKEV,0.8934297472819472
VIXPUP01,FALTUK,0.887685033844313
VIXPUP01,DOTSOV10,0.8872463282165767
VIXPUP01,DOTSOV11,0.8872459230715202
VIXPUP01,YOZNOS,0.8778307389104711
VIXPUP01,UNACIW,0.8557736075821312
VIXPUP01,TOVWAE,0.8486807550412023
QEDZEG,VEGMOK04,0.8957279327557685
QEDZEG,IFABIA02,0.8948353820186727
QEDZEG,PEGCIP,0.8419920271755483
FUVYOL,OCUGAX,0.9979232141538968
FUVYOL,ABIWOX,0.8815724465964782
FUVYOL,EDAJUP01,0.870427728068609
FUVYOL,CEJFOO,0.8419565940380236
FUVYOL,VOCKUT,0.8417139591155416
FUVYOL,WOPWOP,0.8417117077728147
FUVYOL,NERVOV,0.8415871422246702
FUVYOL,FAZPIH,0.8415793281975728
FUVYOL,NERVIP01,0.8395865008416477
VOCKUT,NERVOV,0.999940351413768
VOCKUT,NERVIP,0.9999368004237033
VOCKUT,CEJFOO,0.9995607079548444
VOCKUT,LUWZUZ01,0.8842439390224869
VOCKUT,LUWZUZ,0.8841574363336758
VOCKUT,BIKMAL,0.8778870867574202
VOCKUT,TATSIS,0.8439624989144925
VOCKUT,ABAVIJ,0.8437218582459199
VOCKUT,YIGGEB,0.8435395405917754
VOCKUT,BOWDOI,0.842968461730534
VOCKUT,VEDFER,0.8429376807160188
VOCKUT,VEDFIV,0.8427852766048336
VOCKUT,VODNOS,0.8425800990229617
VOCKUT,OJOBAS,0.8423281001156644
VOCKUT,CEYPUT,0.8423119669348254
VUKTAY,PELVUZ,0.9985895411133978
VUKTAY,SEQXET,0.8649254636238135
VUKTAY,YENZUP,0.8594542801770696
DOTSOV11,DOTSOV10,0.9999999992135924
DOTSOV11,WULJUJ,0.9990937356732416
DOTSOV11,YOZNOS,0.991196183989652
DOTSOV11,EXOYAS,0.9199350776035942
DOTSOV11,GERWEH,0.9081101176309712
DOTSOV11,NUTQAV,0.9074243267832922
DOTSOV11,NUTQEZ,0.9072867839728076
DOTSOV11,MOCKEV,0.9069579847714732
DOTSOV11,XIJSUH,0.9069472529419706
DOTSOV11,ALIXUP,0.9015003981147458
DOTSOV11,HUCBOX02,0.8973567616861803
DOTSOV11,HUCBOX01,0.89734883467065
DOTSOV11,GIKMOD,0.8946140137950733
DOTSOV11,MUDTEL,0.8938561385723957
DOTSOV11,GINTUT,0.8872545097827444
DOTSOV11,EMUBOF,0.88468458095687
DOTSOV11,HIDTUM,0.8741778705779077
DOTSOV11,LAQNID,0.8692412868693317
DOTSOV11,XICKOL,0.860886442955452
DOTSOV11,OGEBAF,0.859380473566135
DOTSOV11,ANUGEW,0.8531863664099617
DOTSOV11,RUJMEQ,0.8464088557909695
DOTSOV11,ENIHUG,0.8384675345439702
NULSUJ,DELTAQ,0.9944322244391672
NULSUJ,DELTAQ01,0.9940796206961592
NULSUJ,WIDTAF,0.986453004445142
KUXSIH,YAXCAC,0.9905246600263314
KUXSIH,POJTOY,0.9770888821707882
KUXSIH,VAGVAC,0.976849690924889
KUXSIH,EFEGOM,0.9745653627755478
KUXSIH,SADMIV,0.9743107136617164
KUXSIH,SETQOZ,0.974237164803417
KUXSIH,SADMUH,0.973754671032549
KUXSIH,SETRAM,0.9732362586133592
KUXSIH,SETQIT,0.9725091485777226
KUXSIH,SADMOB,0.9719584837722998
KUXSIH,LARPEB,0.8725746746401235
KUXSIH,REZXOK,0.866786910043626
KUXSIH,UFIKIG,0.8462023399645915
KUXSIH,UFIHUP,0.8430817513762213
ZALLEG,KEDJEL,0.9958865487454208
ZALLEG,DUGDUG,0.9547958266812964
ZALLEG,DAKZUN,0.9508664911366532
ZALLEG,YIXFUI,0.9472043191925584
ZALLEG,QACTUJ,0.9468697420039696
ZALLEG,BOJYIK,0.946846237252536
ZALLEG,AYOZOF,0.9463221884849252
ZALLEG,LEDHEJ,0.9328338666142756
ZALLEG,XADDAJ01,0.9327818944553312
ZALLEG,WOJYUR,0.9313543051878316
ZALLEG,CUXPOB,0.8650600613993715
ZALLEG,LOZSUQ,0.8649207820121483
ZALLEG,EWETUW,0.864893530523723
ZALLEG,ZAXSAV,0.8647744933675638
ZALLEG,HUCXEK,0.8639473950839559
ZALLEG,VUKTOM,0.8637960128517388
ZALLEG,NEQTIP,0.8593072536501664
ZALLEG,LUCDES,0.8410732947996539
IDUDIW,YIMQOD,0.9573061412002388
IDUDIW,KIRFOI,0.9222214671351296
IDUDIW,IDUDES,0.8805679956957811
IDUDIW,NEHZOS,0.8610753268764225
IDUDIW,WULJUJ,0.8579257795769668
IDUDIW,DOTSOV10,0.8574130731160208
IDUDIW,YOZNEI,0.8562068843957119
IDUDIW,YOZNOS,0.8439543132139015
MURREW,UFUNAK,0.99994850500969
MURREW,POFDEV,0.9999448829083007
MURREW,EGOZAB,0.9997169103741128
MURREW,POFFAT,0.999266862635107
MURREW,WURNOO,0.9233815149049828
MURREW,XICKOL,0.8789012596093988
MURREW,UNACIW,0.8657611911988328
MURREW,HOYKUD,0.8558552572617347
MURREW,QESBAR,0.8439859025014013
LACFUS,GAFREN,0.9999889357859916
UFUNAK,EGOZAB,0.999887847210914
UFUNAK,POFDEV,0.999791975073667
UFUNAK,VOJPUG01,0.9995308421147306
UFUNAK,POFFAT,0.9989581490232128
UFUNAK,KAGJOS,0.923220094920871
UFUNAK,IDUSIM01,0.8661446492768972
UFUNAK,UNACIW,0.8660833897670625
UFUNAK,HOYKUD,0.8561746257846513
UFUNAK,QESBAR,0.8439480922524274
YOZNOS,WULJUJ,0.9940996825218528
YOZNOS,YOZNEI,0.9920703570578356
YOZNOS,DOTSOV10,0.9911937126848036
YOZNOS,NEHZOS,0.9838698902937264
YOZNOS,CITXUZ,0.9072637650911068
YOZNOS,XIJSUH,0.90135635837638
YOZNOS,NUTQAV,0.9011704604782058
YOZNOS,YUGLES,0.9009830289246138
YOZNOS,HUCBOX,0.8906473707232908
YOZNOS,HUCBOX01,0.8882286161888089
YOZNOS,ALIXUP,0.885771828182002
YOZNOS,GIKMOD,0.8812521770665114
YOZNOS,WANJIF,0.8780838821544393
YOZNOS,PAFZEE,0.8768201770421292
YOZNOS,HIDTUM,0.860127891916249
YOZNOS,KIRFOI,0.8533790593499282
YOZNOS,XICKOL,0.8506437692136908
YOZNOS,OGEBAF,0.8477325405481654
YOZNOS,FALTUK,0.8455265579201005
YOZNOS,ANUGEW,0.8406825073299605
HUCBOX,PAMQIF,0.9999076676139156
HUCBOX,HUCBOX01,0.9997446964058948
HUCBOX,GIKMOD,0.99728439204742
HUCBOX,WULJUJ,0.897150032290803
HUCBOX,YOZNEI,0.8969915058040111
HUCBOX,NEHZOS,0.8946147741670323
DADTOS18,YANWOC01,0.9999999994229712
DADTOS18,DIDVIW,0.9999999921038568
DADTOS18,DADTOS06,0.999999976888009
DADTOS18,DADTOS09,0.999999914431001
DADTOS18,DADTOS08,0.999999886010343
DADTOS18,DADTOS01,0.9999998304104132
DADTOS18,YANWOC,0.9999975999958164
DADTOS18,DADTOS07,0.999986416505485
DADTOS18,DADTOS03,0.9999831876090068
DADTOS18,JEDKIP01,0.9999806883998767
DADTOS18,PADJOU01,0.999932514345567
DADTOS18,LIJWOR05,0.9998467171580484
DADTOS18,SIWPUL04,0.9997880438830746
DADTOS18,ATIBOU02,0.9987163184445442
DADTOS18,SIWPUL11,0.9975588763328204
EREGOY,HIHGUC,0.998554734454948
EREGOY,DAKVIW,0.8957547866802081
EREGOY,JUQSIZ,0.8601847970967076
IGAHED01,UGECEO01,0.999913571534599
IGAHED01,OCACUR,0.9999070954873291
IGAHED01,NAVJAW01,0.8667381753011558
IGAHED01,XUZRIU,0.8640549180014658
NIKYUC,NIHBEM01,0.9999950788634232
NIKYUC,NIKZEN,0.9999758442499094
NIKYUC,CAJHUS01,0.999975710064522
NIKYUC,VICBEQ,0.9991350617584304
NIKYUC,NUDPAE,0.9991009108670816
NIKYUC,NUDPAE09,0.9985022809903116
NIKYUC,IZIDOM,0.9979843102710996
NIKYUC,NUDNUW09,0.9974025137048332
NIKYUC,NUDNUW06,0.9971547324832708
YOZYUJ,NANYUX03,0.9471035102479378
YOZYUJ,NIWYID,0.9453890325952352
YOZYUJ,DOYHIK,0.8943970067910683
YOZYUJ,UKOLUD,0.8852610429804587
YOZYUJ,JAYXAL,0.8788916338708421
YOZYUJ,MUWRUT,0.8687113250044634
YOZYUJ,GUGNON,0.8648283900021959
YOZYUJ,EXOXUL,0.8602680125799869
YOZYUJ,DUNXUH,0.8547344506686685
YOZYUJ,DUNXUH13,0.8546462695300934
YOZYUJ,WIMWIA,0.8543609920031288
YOZYUJ,KEFBOO,0.8534749066761252
YOZYUJ,REFVEF,0.8376425393100513
ISIYUF01,UXEFAF,0.9998837291657656
DADTOS06,DIDVIW,0.9999999960099878
DADTOS06,DADTOS09,0.999999980260412
DADTOS06,YANWOC01,0.999999970784593
DADTOS06,DADTOS08,0.9999999655533937
DADTOS06,DADTOS13,0.9999971088255092
DADTOS06,YANWOC,0.9999971073061632
DADTOS06,DADTOS07,0.9999852728013784
DADTOS06,DADTOS03,0.9999819234891396
DADTOS06,JEDKIP01,0.9999793302293318
DADTOS06,DADTOS15,0.9999703980735282
DADTOS06,VIRJEM,0.9999489217874544
DADTOS06,PADJOU01,0.9999349806398096
DADTOS06,LIJWOR02,0.9999021748638992
DADTOS06,MNFORD02,0.999900994899928
DADTOS06,LIJWOR05,0.9998504561113446
DADTOS06,SIWPUL04,0.9997924458184706
DADTOS06,ATIBOU02,0.9987054161807384
DADTOS06,SIWPUL11,0.997543867617412
SIYXIH,FEWTAF,0.9997622419459364
SIYXIH,LARPEB,0.8796845205527544
IGAHED02,OCACUR,0.9998840650244653
IGAHED02,IGAHED03,0.999398286569586
IGAHED02,KUHNEI,0.9951121181790356
IGAHED02,WINCEC,0.9944854867635772
IGAHED02,NAVJAW01,0.8681974825860815
IGAHED02,XUZRIU,0.8642298568348459
XEGXIT,PUQYAC,0.9999999955327732
XEGXIT,XEGWAK,0.9999998633100876
XEGXIT,IFABIA02,0.8665201527449565
ACAZEK,MAGVOG35,0.9971460593378656
ACAZEK,MAGVOG33,0.997102007411568
ACAZEK,MAGVOG32,0.997049520362185
ACAZEK,MAGVOG28,0.9969550780684344
ACAZEK,MAGVOG27,0.9969092518869104
CIZQUZ,MUZHUL,0.9963543520616348
CIZQUZ,UGUQOC,0.9946677689411068
CIZQUZ,FABFOF,0.994515074896956
CIZQUZ,WOBHEB,0.8700508939672124
CIZQUZ,COKNAT,0.8682071295470626
CIZQUZ,WOBHIF03,0.8681450740551916
YABPEY,PUZJOL,0.9989538696913866
XOKJUD,YABKEU,0.8444104258996861
XOKJUD,VITYUU,0.844305213094448
NUDPAE11,NUDPAE09,0.9999984104155996
WINCEC,UGECEO01,0.9924402595032616
WINCEC,IGAHED03,0.99027621664544
WINCEC,KUHNEI,0.9875675776569264
VOWCIV,XUCHOS02,0.8436914414928652
VOWCIV,XUCHOS01,0.8432448145194305
VOWCIV,HOGSIG,0.8426181090627672
VOWCIV,SOQRUM,0.8405532561300743
POFFAT,VOJPUG01,0.999813255475424
POFFAT,EGOZAB,0.9981636552551316
POFFAT,XICKOL,0.8792362777658603
POFFAT,IDUSIM01,0.8636163115883122
POFFAT,HOYKUD,0.8536046402256257
CAQJOW,XUYYIA,0.8813665727356889
CAQJOW,DIBQEM,0.872200241919192
CAQJOW,BUKLOJ,0.8692730503398676
CAQJOW,MIHJUL,0.8674705529521263
CAQJOW,FIQDER,0.8623069824203151
CAQJOW,XUZRIU,0.8423651059585466
GAMPUG,IBITEU,0.8877762996678917
LIJWOR02,VIRJEM,0.9999921945733212
LIJWOR02,DADTOS08,0.9999058045222462
LIJWOR02,YANWOC01,0.999898766053164
LIJWOR02,DADTOS07,0.999811704989181
LIJWOR02,JEDKIP01,0.999792078057641
LIJWOR02,ATIBOU02,0.9978993441538302
WORKUL,QAQSAD,0.9994178466531352
WORKUL,DIRPOL,0.9207649386623866
WORKUL,VEGMOK04,0.8849679821501816
WORKUL,IFABIA02,0.8849456412224865
WORKUL,WIMWIA,0.863284656529846
WORKUL,AQOROP,0.8585248972292552
WORKUL,NIWYID,0.8500365481256305
WORKUL,NANYUX03,0.8486248605054557
FONKEA,EKUNON01,0.8715182805902434
FONKEA,RUXWEM01,0.8665121394611222
FONKEA,RUXWEM03,0.8659553148806127
FONKEA,GOYLUB,0.8480651990052722
FONKEA,BERQIA,0.8453228511582271
FONKEA,QEKLID,0.8414959132187015
IQAGEN,MEQPEG,0.8929359899109611
IQAGEN,REYCEF,0.8507263772538434
QOWRAV07,QOWRAV,0.9999997850954798
QOWRAV07,NAFSOF,0.9788612163283424
QOWRAV07,ANUGEW,0.9595021539132056
QOWRAV07,YUSWEP,0.9310904495578356
QOWRAV07,LAQNID,0.8947740506712244
QOWRAV07,WURNOO,0.8721352376785145
QOWRAV07,HAYXIR,0.8717460918643298
QOWRAV07,ENIHUG,0.8678081584322067
QOWRAV07,LURRIA,0.8607745902242192
QOWRAV07,SIXNOF,0.8512243889887185
POFGUO,JIYKIO,0.924772042536024
LURRIA,OGEBAF,0.9247876900599326
LURRIA,NUTQAV,0.9121696907610478
LURRIA,NUTQEZ,0.9120454646470092
LURRIA,KIJRUS,0.8688138649319013
LURRIA,NAFSOF,0.861927763111732
LURRIA,QOWRAV,0.860844465953118
LURRIA,LAQNID,0.8521709219543724
ALIXUP,WULJUJ,0.9022455348535524
ALIXUP,DOTSOV10,0.9015049733559388
ALIXUP,YOZNEI,0.8999104487623679
ALIXUP,YUSWEP,0.8470486409547616
ALIXUP,CITXUZ,0.8405870718672287
ALIXUP,EXOYAS,0.8380913709751179
HOYKUD,UNACIW,0.8891551873073109
HOYKUD,IDUSIM01,0.8891533511671548
HOYKUD,XICKOL,0.8656761856515394
HOYKUD,EGOZAB,0.8565653909421578
HOYKUD,POFDEV,0.8553686587143094
HOYKUD,VOJPUG01,0.8547286029404775
HOYKUD,YEKXUJ,0.8466430741728841
HOYKUD,YEKXOD,0.8444625084159437
HOYKUD,YEKYAQ,0.8410841700481881
YEKXOD,YEKYAQ,0.9992280819478196
ROLCEC16,SANMAX,0.998550320876494
ROLCEC16,MAGNEQ01,0.997530139947674
ROLCEC16,MAGMOZ01,0.9969870700760048
ROLCEC16,OCUQIO,0.9967348428555428
ROLCEC16,YUKVOQ03,0.996642457628646
ROLCEC16,YUKVOQ07,0.996613836252854
ROLCEC16,CUFORD,0.9963578921227402
ROLCEC16,AYONOT,0.995743364578172
XUCHOS01,XUCHOS02,0.9999037192241526
XUCHOS01,VEMSUC,0.8813509232911958
XUCHOS01,XUJQAV,0.8812425936762475
XUCHOS01,XUJPOI,0.8811152846343069
XUCHOS01,VEMSUC01,0.8810962539384616
XUCHOS01,NUNPAP,0.8805230386397821
XUCHOS01,NUNNUH,0.8802561640804579
XUCHOS01,XUJPEY,0.8796354703848888
XUCHOS01,LICROF,0.8430883074988205
FEVDIV,LIDSEY,0.9776680540859976
FEVDIV,JAMSEY,0.975091217565864
FEVDIV,CAXZUY,0.9089374822111632
FEVDIV,BEJKEJ,0.9088678019854493
FEVDIV,XADWIK02,0.9070289908850748
FEVDIV,TEVVEY,0.9061717840461918
FEVDIV,KEVBUK,0.8845426677607702
FEVDIV,HOGSIG,0.878753364862181
FEVDIV,BIKMEP,0.8604089767157787
FEVDIV,BOSHUN,0.8456006807454775
DADTOS09,DADTOS08,0.9999999979656335
DADTOS09,DADTOS01,0.9999999857683128
DADTOS09,DADTOS13,0.9999975668464698
DADTOS09,DADTOS07,0.9999841747512788
DADTOS09,DADTOS15,0.9999719069901368
DADTOS09,VIRJEM,0.9999509101735196
DADTOS09,LIJWOR05,0.9998538695389644
DADTOS09,QINSUD,0.999796753924439
DADTOS09,ATIBOU02,0.998695300803361
DADTOS09,SIWPUL11,0.9975299568020148
UQOGAK,GOVWOF,0.8791022113941704
UQOGAK,BEXSAA,0.8735732930628448
UQOGAK,LUFNAC,0.8490570768957922
UQOGAK,LUFNAC01,0.8486799952652337
UQOGAK,TUTJAU,0.847851976190753
GOYLUB,HIZQEN,0.9999978820593094
GOYLUB,RUXWEM03,0.9468287192457132
GOYLUB,MINBEQ,0.9178589061792436
GOYLUB,PIKYIU,0.90822488602585
GOYLUB,JUQSIZ,0.9081278247720092
GOYLUB,ODIXAC,0.9079690972117688
GOYLUB,AJAKON,0.9074472856803352
GOYLUB,YUYLIP,0.9073988491540328
GOYLUB,ODIXIK,0.90683634438093
GOYLUB,RUGYOJ,0.9066241514330096
GOYLUB,NOZZUZ,0.9049055846128397
GOYLUB,QEKLID,0.8852407587688805
GOYLUB,LUWKIZ,0.8843880089222684
GOYLUB,JIYSUI,0.8819130438639131
GOYLUB,ROCZEQ,0.8791312648967955
GOYLUB,IGUTUB,0.8775291321075452
GOYLUB,PIQQEN,0.875198514771155
GOYLUB,REFWIL,0.8741327286736772
GOYLUB,MITSEO,0.8731012150816085
GOYLUB,MITSAK,0.8702327287353369
GOYLUB,MITSUE,0.8702190813383763
GOYLUB,XOGWUN,0.8692013847709663
GOYLUB,VAYFAE,0.8689500732689655
GOYLUB,WAHQON,0.868930773624943
GOYLUB,NENHAQ,0.8666671639407291
GOYLUB,EKUNON02,0.8638271635424569
GOYLUB,FOKWUZ,0.8611364868248093
GOYLUB,RUVBIV,0.8608802060325134
GOYLUB,FIJDEI,0.8556024713149815
GOYLUB,XIRKAM,0.8384844571552947
GOYLUB,BERQIA,0.8380629108479105
WIVRIE,HIHGUC,0.999460583181822
WIVRIE,DAKVIW,0.8931271389344567
WIVRIE,XAPQAI01,0.8808500546124208
MITSEO,QUQFOY,0.9330104422817288
MITSEO,NAPZOV,0.9194645698624984
MITSEO,AJIJEI,0.9194166483318552
MITSEO,VIDVUB,0.906566002403025
MITSEO,IJEYEC,0.8941486747677474
MITSEO,QEKLID,0.8872950837699023
MITSEO,NOLRIR,0.8787470870095704
MITSEO,GIZNOT,0.8742261103577982
MITSEO,GIYTOY,0.8742247101415024
MITSEO,FIPKOG01,0.8610449549939712
MITSEO,CIKCOQ,0.8598786100204703
MITSEO,DAKVIW,0.8535413162559038
MITSEO,WEVVOL,0.8396707695241266
MITSEO,NENHAQ,0.8383110310310328
BOJYIK,QACTUJ,0.9999990428983
BOJYIK,YIXFUI,0.9997396802070094
BOJYIK,CEJXEW,0.9438842404597396
BOJYIK,KEDJEL,0.9402923169153008
BOJYIK,HUCXEK,0.9080076818153904
BOJYIK,DUGDUG,0.9077922158752108
BOJYIK,CUXPOB,0.907432834076791
BOJYIK,LOZSUQ,0.9070797045227628
BOJYIK,ZAXSAV,0.9067670218441698
BOJYIK,CUJCIV,0.9052960407684194
BOJYIK,TORPUN,0.9001387587295613
BOJYIK,AYOZOF,0.899576007696044
BOJYIK,DAKZUN,0.8994777876679303
BOJYIK,NEQTIP,0.8991375965488269
BOJYIK,XADDAJ,0.8864083375805519
BOJYIK,XADDAJ01,0.8861185274959902
BOJYIK,MINCOD,0.8682625421378426
BOJYIK,LAVTAF,0.8649991594490091
BOJYIK,UPIBOM,0.864272938467041
BOJYIK,IZEBAR,0.8583921469954439
TALKAT,BUHFER,0.99990767518941
TALKAT,GAXROO,0.9998976531916018
QONLIQ,QONLEM,0.999993562544893
QONLIQ,CISLUN,0.9999910029361452
QONLIQ,QONKOV,0.9999739033396976
QONLIQ,QOMRUH,0.9998516629559602
QONLIQ,IBUDOZ,0.9997610346189372
QONLIQ,JAXNUU,0.99963043884043
QONLIQ,PEBNER,0.999299051622647
QONLIQ,VUQJEX,0.9973546721821736
QONLIQ,PENLEB,0.8710156398018488
QONLIQ,QITZUP,0.8708495087911134
QONLIQ,CEXJUN,0.8633173718149927
QONLIQ,RAJPIE,0.8544148374793658
QONLIQ,RANLAV,0.8514533161908087
RUXWEM01,RUXWEM03,0.999969773670766
RUXWEM01,PIKYIU,0.9557720014275818
RUXWEM01,QEKLID,0.9325933685563772
RUXWEM01,ECIWIW,0.9224311606356552
RUXWEM01,JIYSUI,0.9017932165811616
RUXWEM01,XOGWUN,0.8849657435992689
RUXWEM01,VAYFAE,0.884233963577732
RUXWEM01,YUYLIP,0.8651271565003598
RUXWEM01,ODIXIK,0.8649872359145307
RUXWEM01,ENITEB,0.8649608649517249
RUXWEM01,RUGYOJ,0.8649142858653555
RUXWEM01,NOZZUZ,0.8640656056640313
RUXWEM01,BIJJOV,0.8553354360753365
RUXWEM01,IVOLIQ,0.855270324992851
RUXWEM01,ZASJAG,0.8544220580381978
RUXWEM01,XEDGIY,0.8497005289874171
RUXWEM01,LUWKIZ,0.8444211608609038
RUXWEM01,ROCZEQ,0.8416961696678926
KIJRUS,NAFSOF,0.99628320977937
KIJRUS,QOWRAV,0.9864735056509916
KIJRUS,YUSWEP,0.9267673627020224
KIJRUS,LAQNID,0.8992859543248721
KIJRUS,KAGJOS,0.8844818184018646
KIJRUS,WURNOO,0.8834324804779906
KIJRUS,ENIHUG,0.863647356596287
KIJRUS,RUJMEQ,0.8506030928868786
KIJRUS,XICKOL,0.8416630690403015
KIJRUS,YIMQOD,0.8379462543906525
VOJPUG01,POFDEV,0.9999358298286294
VOJPUG01,WURNOO,0.9230726061718764
VOJPUG01,XICKOL,0.8792277567591272
VOJPUG01,UNACIW,0.8646172186830818
VOJPUG01,QESBAR,0.8438133495126638
DOTSOV10,YOZNEI,0.999913459374818
DOTSOV10,NEHZOS,0.997215562773818
DOTSOV10,EXOYAS,0.9199357598569085
DOTSOV10,CITXUZ,0.9189843904664762
DOTSOV10,GERWEH,0.9081094611040524
DOTSOV10,NUTQAV,0.9074227173944232
DOTSOV10,NUTQEZ,0.9072850457414018
DOTSOV10,PAMQIF,0.8970320188806482
DOTSOV10,GINTUT,0.8872541377325786
DOTSOV10,PAFZEE,0.8850331707573508
DOTSOV10,EMUBOF,0.8846834695372512
DOTSOV10,HIDTUM,0.8741813079706995
DOTSOV10,KIRFOI,0.8666215139654763
DOTSOV10,XICKOL,0.860887365408191
DOTSOV10,FALTUK,0.8534597483830615
DOTSOV10,ANUGEW,0.85318876513452
DOTSOV10,RUJMEQ,0.8464089190588318
DOTSOV10,LUKLIN,0.8399599633315309
MAKFOW,MIRGIG,0.8800044306916672
MAKFOW,AFUDUD,0.8792631145679896
MIRGIG,AFUDUD,0.9974779961010922
MIRGIG,LUWNAU,0.9748527828304576
MIRGIG,UMIZEX,0.965672627214566
MIRGIG,AYOZIZ,0.928549599089294
MIRGIG,IBEYEU,0.926308140487793
MIRGIG,EBEWIT,0.887293855162957
MIRGIG,EBEXAM,0.8872906873364953
MIRGIG,ADEGIA,0.8805472370055667
MIRGIG,ELIKUG,0.8487886740293611
EDAJUP01,FEXCAO01,0.8765449473728963
EDAJUP01,OCUGAX,0.8692058873759179
EDAJUP01,FEXCES,0.8653650084988036
EDAJUP01,SEQSOY,0.8637760102602899
EDAJUP01,BEPRIZ,0.8405718860205179
EDAJUP01,CIKPEU,0.8402972543407794
IFABIA02,VEGMOK04,0.9997973919445914
IFABIA02,DAWCIP,0.9076070873210668
IFABIA02,CESQUP,0.8966404337690245
IFABIA02,JEDDII,0.8964147066780073
IFABIA02,QAQSAD,0.8844682245890536
IFABIA02,XAFFER,0.8771861434225874
IFABIA02,NOXMAQ,0.8749799614924499
IFABIA02,NIWYID,0.8748649328654956
IFABIA02,GADROU,0.8692428145294947
IFABIA02,PEGCIP,0.8682975837427642
IFABIA02,XEGWIS,0.86653932721655
IFABIA02,XEGWAK,0.8665205950541808
IFABIA02,HAZYUE,0.8607659506436187
IFABIA02,HUVGEM,0.8603205427484538
IFABIA02,WIMWIA,0.8602908533923732
IFABIA02,GAWMOJ,0.8533093811667799
IFABIA02,PURJAO,0.8533012163015536
IFABIA02,NISCOJ,0.8462999934285119
IFABIA02,HOKLIE,0.8394600953061158
AVOGAT,SABJUD,0.8630297613808382
FERLEU,UDUMIP,0.996447542210925
FERLEU,UDUMIP02,0.9986991042582888
FERLEU,RABWAS,0.9978275386947116
FERLEU,NOHFEX01,0.9309096728541189
FERLEU,TEKYOX01,0.845523367604976
LASMUP,SACCAD,0.8875984567731179
LASMUP,SOWCOY,0.9971662910325388
LASMUP,NIWYID,0.8597274916386454
LASMUP,NANYUX03,0.8562614014763569
YIGGEB,LASMAV,0.999756663013979
YIGGEB,ABAVIJ,0.9984896660039724
YIGGEB,BOWDIC,0.9976170971961412
YIGGEB,YODRAM,0.9974850456407152
YIGGEB,VEDFER,0.997202309936152
YIGGEB,VEDFIV,0.9969686932696236
YIGGEB,VODNOS,0.9967542384067932
YIGGEB,OJOBAS,0.99636375953284
YIGGEB,CEYPUT,0.9963404084340358
YIGGEB,CAXZOS,0.921270139164876
YIGGEB,JODGIU,0.9198720797177272
YIGGEB,ERUNUC,0.9193399247020012
YIGGEB,BUKLOJ,0.8850273006780034
YIGGEB,ESEQUO,0.8812115633528992
YIGGEB,BAKJEE,0.8739640101429531
YIGGEB,CANYIB,0.869337740102831
YIGGEB,DIQHAO01,0.860129725939879
YIGGEB,XEVXUT,0.8565103536809058
YIGGEB,FUMJAZ,0.8556060296882032
YIGGEB,NERVIP,0.8437818358024185
YIGGEB,YIRSUQ,0.8436348548161765
YIGGEB,WOPWOP,0.843577813925297
YIGGEB,NERVOV,0.8435220511817639
YIGGEB,FAZPIH,0.8434937193825798
YIGGEB,NERVIP01,0.8424485144949382
YIGGEB,MOXDOT,0.8411786079079987
YIGGEB,CANROA,0.8406966493834576
YIGGEB,KOHDIW,0.8406532179535053
VIDWIQ,HAFVUH,0.8650701134650574
VIDWIQ,WAMRIN02,0.8425942649906766
SADMOB,SETQEP,0.9999999925710824
SADMOB,YAXBOP,0.9999996974328564
SADMOB,SETQIT,0.9999971023023811
SADMOB,SETRAM,0.9999842243286334
SADMOB,SADMUH,0.9999685711358104
SADMOB,SETQOZ,0.9999489830706304
SADMOB,SADMIV,0.9999455035252428
SADMOB,EFEGOM,0.9999328338762749
SADMOB,VAGVAC,0.999753215767786
SADMOB,REZXOK,0.883989943298852
SADMOB,UFIHUP,0.8692411302451533
SADMOB,UFIKOM,0.869130671014263
SADMOB,UFIKIG,0.8690193492941974
SADMOB,TOVJIZ,0.8501583630188887
SADMOB,TOVJEV,0.845075224806911
FALTUK,XIJSUH,0.8601453119527788
FALTUK,WULJUJ,0.8523688869585165
LUKLIN,WULJUJ,0.839367514819332
LUKLIN,NEHZOS,0.8388316790631274
XEZVOP,BUPVEP,0.9994603900873226
ANEQAM,BERQAS,0.8186200536962052
ACODIH,CESQUP,0.99802154093338
ACODIH,VEGMOK04,0.8972251116686223
ACODIH,GUGNON,0.8514059995849061
MINBEQ,RUGYOJ,0.842922190727206
MINBEQ,ENITEB,0.8428880963851159
MINBEQ,ODIXIK,0.8428654162690825
MINBEQ,PIKYIU,0.8407637477403708
VIKRUF,VIKRIT,0.9998669164372852
VIKRUF,UVAHIK,0.8939835431287778
VIKRUF,WIZMAV12,0.8939144419308371
VIKRUF,WIZMAV09,0.893898632355395
VIKRUF,WIZMAV11,0.8938966028609177
VIKRUF,WIZMAV06,0.8938909733197896
VIKRUF,ERARUM,0.8938556946520485
VIKRUF,ERANAO,0.8827160202148915
VIKRUF,HERHUK,0.8821392367843007
VIKRUF,UFOSEQ,0.8779279989677203
VIKRUF,BUNLAZ,0.8487819887751631
VIKRUF,BUNKUS,0.8479878873865867
FELZOM,SAQFUM01,0.9186256498248384
FELZOM,SAQFUM,0.9186097532997106
FELZOM,LEYLIN,0.9005274967969723
FELZOM,ROSKOB,0.881815056248801
FELZOM,EHIVOH,0.8479434504146184
FELZOM,MIVFUU,0.8475664362229604
FELZOM,TEDGUG,0.8470456453861613
FELZOM,DANWAS,0.8438207310841023
FELZOM,TEDGOA,0.843779606746628
SUXWIT,NEBMEP,0.9997725050102868
SUXWIT,YAQDIF,0.8633171282988277
BEXVAD01,FEYJOJ,0.8587161031441387
BEXVAD01,UFUKUB03,0.8415211275515029
BEXVAD01,OKEHIW,0.8394894879597277
BEXVAD01,UFUKUB01,0.8394447179125
OWIHUZ,OWIJAH,0.9999999721842204
OWIHUZ,XOMHIS,0.979542669053264
OWIHUZ,YAMXOC,0.946975361464652
OWIHUZ,CUFDOX,0.9469606584336792
OWIHUZ,CUFFIT,0.946947145219808
OWIHUZ,CUFDUD,0.9460824607181404
OWIHUZ,IYUHIU,0.945855465514714
OWIHUZ,PEYVEV,0.9322777965066674
OWIHUZ,XINTOG,0.8752181571016071
OWIHUZ,NEDLOZ,0.8623834439476565
OWIHUZ,UNIDAY,0.8598451237428042
DADTOS01,DADTOS08,0.9999999944954384
DADTOS01,YANWOC01,0.9999998148599568
DADTOS01,DADTOS13,0.9999979247823018
DADTOS01,YANWOC,0.999996158430378
DADTOS01,DADTOS03,0.9999796564393518
DADTOS01,JEDKIP01,0.999976902417821
DADTOS01,DADTOS15,0.9999731573331824
DADTOS01,VIRJEM,0.99995256744472
DADTOS01,PADJOU01,0.9999390882936527
DADTOS01,MNFORD02,0.9999057914659292
DADTOS01,LIJWOR05,0.9998567383252638
DADTOS01,QINSUD,0.9998001379835012
DADTOS01,ATIBOU02,0.998686679767264
HIBSUG02,HIBSUG06,0.9999986966794344
HIBSUG02,HIBSUG,0.9999976440569248
HIBSUG02,ACUBOP01,0.9999962926894111
HIBSUG02,ACUBOP,0.9997628428836626
HIBSUG02,XASHAA,0.8642231860566159
HIBSUG02,ROCZEQ,0.8408215564212953
YUZJOU,EKERIW,0.9992677146906476
DUNXUH,DUNXUH13,0.9999961994179009
DUNXUH,NANYUX03,0.8971189443083438
DUNXUH,NIWYID,0.8970701313711766
WIMWIA,IRELAU,0.8746023874427046
WIMWIA,ADUWIH,0.8607756072115282
WIMWIA,MUWRUT,0.8570987992772898
WIMWIA,PASGEX04,0.8545991496861358
WIMWIA,DUPKAC,0.8524825025921506
ESEQUO,BUKLOJ,0.99540377597966
ESEQUO,MOXDOT,0.9347298230138216
ESEQUO,DIBQEM,0.9064941229276064
ESEQUO,USAYOE,0.9034493750434812
ESEQUO,COZMUA,0.900169357999748
ESEQUO,KOHDIW,0.8976968331444901
ESEQUO,CANROA,0.8975867543224791
ESEQUO,BELTUJ,0.8884246193873289
ESEQUO,MIHJUL,0.8840162930819114
ESEQUO,XIHSEN,0.8798477157009439
ESEQUO,LASMAV,0.8794755975054077
ESEQUO,XIHSEN01,0.8793788898655849
ESEQUO,TATSIS,0.878533378520775
ESEQUO,BOWDIC,0.8742830245373856
ESEQUO,YODRAM,0.8739527197809431
ESEQUO,VEDFER,0.8737828938988237
ESEQUO,VODNOS,0.8725625139557385
ESEQUO,OJOBAS,0.8718866092389006
ESEQUO,CEYPUT,0.8718429181170607
ESEQUO,CAXZOS,0.8691683376093023
ESEQUO,DIDBOJ,0.8679943531043217
ESEQUO,JODGIU,0.8668753794968556
ESEQUO,XUZRIU,0.8592356800828775
ESEQUO,VACKUI,0.8577584178981559
ESEQUO,TAHYUZ,0.8574733241079829
ESEQUO,XAPSIS,0.857296157669555
ESEQUO,XAFFIV,0.8563689854931421
ESEQUO,BEPRIZ,0.8529379653563767
ESEQUO,QIQTOB,0.847881359299712
ESEQUO,FEXCAO01,0.841071773606617
SIXNOF,ASIVAB,0.8957720933653738
SIXNOF,ANUGEW,0.8645710670196629
SIXNOF,NAFSOF,0.8585396299549808
SIXNOF,QOWRAV,0.8513142380412555
SIXNOF,RUJMEQ,0.8466973285525675
OFODET,WEYQEY,0.9066729683635336
LACFOM,SAQCIZ,0.9999948185174986
LACFOM,RUBZIY02,0.8960280594063911
LACFOM,YAPQUC,0.8952627661811647
LACFOM,XILBAW,0.8928595284542451
LACFOM,LIPZES,0.8884388318964148
DIBQEM,MIHJUL,0.9729700419527414
DIBQEM,NOMPIQ,0.9101967608363888
DIBQEM,BUKLOJ,0.9035093769188608
DIBQEM,AGAFAS,0.8751661464864029
DIBQEM,CAXZOS,0.874521442729695
DIBQEM,DIDBOJ,0.8728220835429097
DIBQEM,FEXCAO01,0.8707400860448031
DIBQEM,DIQHAO01,0.8689594295135332
DIBQEM,SIDXOV,0.8679237361310036
DIBQEM,VACKUI,0.8631393795541139
DIBQEM,FEYJOJ,0.8592801521213368
DIBQEM,FEXCES,0.8548149659551181
DIBQEM,BELTUJ,0.8414686283600854
DIBQEM,LUWZUZ02,0.8412067906861698
DIBQEM,LUWZUZ,0.8411386148300808
WECSAZ,WECSAZ01,0.9998812485615546
WECSAZ,EXUSUN,0.9998322908987192
WECSAZ,LARYEK03,0.9963656134232504
WECSAZ,YEKWOC,0.908133240241851
WECSAZ,DUGDOA01,0.9079799177520624
WECSAZ,GAPQAQ,0.907949446091829
WECSAZ,DUGDOA,0.9079176340777346
WECSAZ,VUKTEC,0.9055094094126752
WECSAZ,QICXUY,0.8952441245211229
WECSAZ,WOJYOL,0.883945172221194
WECSAZ,WOJZIG,0.8810505306620173
WECSAZ,LUCDAO,0.8798973939065807
WECSAZ,DIXGIC,0.8767802180352755
WECSAZ,SENXER,0.8696369040061942
WECSAZ,RUYVIS,0.8686857585112585
WECSAZ,PEHWUW,0.8610769651908933
WECSAZ,LIXMEM,0.8608037143268173
WECSAZ,AHONEQ,0.8600536972716217
WECSAZ,KAHWOG,0.8597279439719163
WECSAZ,UHISEK,0.858384254615946
WECSAZ,DOLPIF,0.8526207990600936
WECSAZ,GEQQEB,0.8384931271886583
VEDFIV,VEDFER,0.9999949342734388
VEDFIV,BOWDOI,0.9999807779628967
VEDFIV,VODNOS,0.999976929090168
VEDFIV,YODRAM,0.9999609581253036
VEDFIV,CEYPUT,0.9999520864086094
VEDFIV,LASMAV,0.9984352031940458
VEDFIV,JODGIU,0.9231456185134326
VEDFIV,BAKJEE,0.8789500576435227
VEDFIV,CANYIB,0.8772423916330111
VEDFIV,DIQHAO01,0.8563700232004624
VEDFIV,MOXDOT,0.844403378827945
VEDFIV,NERVIP01,0.8437755508574296
VEDFIV,GAGWOB,0.8431562564727444
VEDFIV,KOHDIW,0.842952381830833
VEDFIV,NERVOV,0.8429356613235781
VEDFIV,FAZPIH,0.8429088318557253
VEDFIV,YIRSUQ,0.8418414537222689
VEDFIV,CEJFOO,0.8414584245565466
INEXOQ,WACLEU,0.9310231891238236
INEXOQ,NIRSUF,0.8695011594513428
INEXOQ,WEYQEY,0.8395411609263055
INEXOQ,WEYQAU09,0.8381954394653833
INEXOQ,PUNYIH,0.8378508268367812
NEZQAN,JIYKIO,0.8418520713466389
YOZNEI,WULJUJ,0.9988747831480672
YOZNEI,EXOYAS,0.9196228879707
YOZNEI,CITXUZ,0.9182843992483016
YOZNEI,YUGLES,0.9080386650087128
YOZNEI,NUTQEZ,0.9077730500765112
YOZNEI,MOCKEV,0.9075370502156096
YOZNEI,HUCBOX02,0.8972726191948438
YOZNEI,MUDTEL,0.8948604433176435
YOZNEI,GIKMOD,0.8935635254876315
YOZNEI,PAFZEE,0.8850693694271059
YOZNEI,EMUBOF,0.8849643228585279
YOZNEI,XICKOL,0.8604965829916067
YOZNEI,ANUGEW,0.8523110529373854
YOZNEI,RUJMEQ,0.8463018115059032
YOZNEI,ENIHUG,0.8390249030626903
YOZNEI,YIMQOD,0.8377598560142565
YIMQOD,LAQNID,0.8728515099997713
YIMQOD,ANUGEW,0.8635911712330852
YIMQOD,RUJMEQ,0.8500718672380726
IGAHED03,OCACUR,0.999792240521277
IGAHED03,SACMOA,0.9989278083818058
IGAHED03,KUHNEI,0.9952377620918684
IGAHED03,NAVJAW01,0.8643394091139993
IGAHED03,XUZRIU,0.8638264037715243
JUQSIZ,PIQQEN,0.9607626790764654
JUQSIZ,REFWIL,0.958085419931196
JUQSIZ,FOKWOT,0.9421394931556694
JUQSIZ,TALBEQ,0.9005138292504492
YANWOC01,DIDVIW,0.9999999883026918
YANWOC01,DADTOS08,0.9999998731363312
YANWOC01,JEDKIP01,0.999980841910566
YANWOC01,DADTOS15,0.9999685178105052
YANWOC01,VIRJEM,0.9999464592059288
YANWOC01,PADJOU01,0.9999321952366976
YANWOC01,ATIBOU02,0.9987176079559515
YANWOC01,SIWPUL11,0.9975606669631308
WIDQEG,IDIWOH,0.9999999754053066
WIDQEG,IXOFUX,0.9999995057033374
WIDQEG,IXOFUX01,0.999999433052302
WIDQEG,IDIWOH06,0.9999994158613594
WIDQEG,IXOFAD,0.9999973613017022
WIDQEG,XAVDIJ,0.999995221296158
WIDQEG,ATOTIM,0.9999428431235612
IDIWOH06,IXODUV,0.9999998359611189
IDIWOH06,IXOFUX,0.9999997266352793
IDIWOH06,IXOFUX01,0.999999722423994
IDIWOH06,IDIWOH03,0.999999722203326
IDIWOH06,WIDQAC,0.9999992079203084
IDIWOH06,XAVDIJ,0.9999979786505302
IDIWOH06,ATOTIM,0.9999307047859416
IDIWOH06,ALOVEC,0.9960760802870678
WIDQAC,IXODUV,0.9999997295442118
WIDQAC,IXOFUX01,0.9999992750567418
WIDQAC,XAVDIJ,0.9999946559243236
WIDQAC,ATOTIM,0.9999447279435666
NEHZOS,GERWEH,0.9040931863402518
NEHZOS,YUGLES,0.9024144128254866
NEHZOS,NUTQAV,0.9016260995578558
NEHZOS,NUTQEZ,0.9012481982754136
NEHZOS,MOCKEV,0.9004458751858581
NEHZOS,XIJSUH,0.9003812738187549
NEHZOS,GIKMOD,0.8973594462382077
NEHZOS,PAMQIF,0.8955258636430524
NEHZOS,HUCBOX02,0.8945758902284362
NEHZOS,GINTUT,0.8837705922875023
NEHZOS,WANJIF,0.8821827482068376
NEHZOS,HIDTUM,0.8778875796350203
NEHZOS,KIRFOI,0.8692728742064807
NEHZOS,LAQNID,0.8670608337049852
NEHZOS,XICKOL,0.8598353809539065
NEHZOS,TOVWAE,0.8551949081235843
NEHZOS,ANUGEW,0.8549243349385776
NEHZOS,RUJMEQ,0.843741738246275
NEHZOS,NAFSOF,0.8400094928111738
PAMQIF,HUCBOX01,0.9997363437531844
YUYLIP,RUXWEM03,0.8650562140494703
DADTUY01,DADTUY05,0.9999986824806288
DADTUY01,DADTUY,0.9999965619614772
DADTUY01,IGOPEB,0.9998030064201588
DADTUY01,SOJKOT07,0.9998027692324736
DADTUY01,MAJMOA03,0.9996492924324394
DADTUY01,EDAGEX,0.9988044800260818
DADTUY01,EDAGAT,0.9985041037057336
DADTUY01,RAVVOA01,0.9982679090947032
DADTUY01,JEXWUF,0.9975533042152565
XIJSUH,MOCKEV,0.9999733812880768
XIJSUH,TOVWAE,0.9421922135416192
SEQTEP,GOVWOF,0.8395141247226662
HOGSIG,ROGLOP,0.999996839001402
HOGSIG,BEJKEJ,0.9229425181025992
HOGSIG,CAXZUY,0.922371820773644
HOGSIG,TEVVOI,0.9179011169173644
HOGSIG,LIDSEY,0.8792898835971568
HOGSIG,LIDSAU,0.8792172620155716
HOGSIG,XOMCIN,0.8791621890810954
HOGSIG,JAMSEY,0.8761455656024942
HOGSIG,KEVBUK,0.8594949762375553
HOGSIG,LICROF,0.8427925573816758
MITSUE,MITSAK,0.999999947559758
MITSUE,AJIJEI,0.9200835893912218
MITSUE,VIDVUB,0.908011609764222
MITSUE,GERWOR,0.9062705289048876
MITSUE,FIJDEI,0.8969044990399835
MITSUE,IJEYEC,0.8906037359656476
MITSUE,QEKLID,0.8867287308909813
MITSUE,GIYTOY,0.8736534980269558
MITSUE,FIPKOG01,0.8609313153547058
MITSUE,CIKCOQ,0.8574038026163671
MITSUE,NENHAQ,0.8398859418899941
MITSUE,WEVVOL,0.838832872986129
WEYQAU09,WEYQEY,0.9992882824665396
WEYQAU09,PUNYIH,0.993403287667538
WEYQAU09,ABAYIO,0.9907591349049016
WEYQAU09,SOBDOF,0.8845011970298118
WEYQAU09,BIYTOU,0.882774413633848
WEYQAU09,UVETUL,0.8566806405873949
CEYPUT,VODNOS,0.9999874239898952
CEYPUT,BOWDOI,0.9999197334271472
CEYPUT,VEDFER,0.9999188054261824
CEYPUT,ABAVIJ,0.9990227226285504
CEYPUT,TATSIS,0.9986499860151954
CEYPUT,ERUNUC,0.9233941459158242
CEYPUT,DIDBOJ,0.9228798473930164
CEYPUT,BUKLOJ,0.8822183360410427
CEYPUT,BAKJEE,0.8791334998932321
CEYPUT,DIQHAO01,0.8555718607023319
CEYPUT,FUMJAZ01,0.8530783361680252
CEYPUT,FUMJAZ,0.852907931021814
CEYPUT,KOHDIW,0.8428393903805116
CEYPUT,GAGWOB,0.8427539696899904
CEYPUT,FAZPIH,0.8424664237720153
CEYPUT,WOPWOP,0.8424482772481964
CEYPUT,NERVEL,0.84223999420781
CEYPUT,YIRSUQ,0.8413351193985875
QAQSAD,VEGMOK04,0.8848893811588636
QAQSAD,AQOROP,0.8570630918736678
QAQSAD,NIWYID,0.8497333035972863
QAQSAD,OFIXOR,0.8493856895406612
QAQSAD,GUGNON,0.8429542734105708
XIHSEN01,XIHSAJ01,0.999999641253803
XIHSEN01,XIHSEN,0.999989565891585
XIHSEN01,BUKLOJ,0.8849934455419401
XIHSEN01,XUZRIU,0.8616343077301117
XIHSEN01,XUYYIA,0.8524824225828069
XIHSEN01,XUYYEW,0.8524774577071015
XIHSEN01,XAPSIS,0.84599404823356
EBIBID,WEMFAX,0.9997666970381588
WEMFAX,FADKAZ,0.8408958022647224
SETQIT,SETQEP,0.999997282967539
SETQIT,SETRAM,0.9999948071707124
SETQIT,SADMUH,0.9999847341598068
SETQIT,SADMIV,0.9999677347665202
SETQIT,EFEGOM,0.9999578051235796
SETQIT,POJTOY01,0.9998422152839952
SETQIT,YAXCAC,0.9951094219033714
SETQIT,PIJKUR,0.8854384831523032
SETQIT,UFIKOM,0.8691685324624545
SETQIT,UFIKIG,0.8690707470485104
SETQIT,LARPEB,0.8611863397987602
SETQIT,TOVJEV,0.8451964070795129
UXEDOR,UXEDUX,0.999973824234762
LAQNID,NAFSOF,0.8982869262300819
LAQNID,QOWRAV,0.8948521644743481
LAQNID,XICKOL,0.877756474491005
LAQNID,WULJUJ,0.8684490987273744
LAQNID,YUSWEP,0.8464408548531954
LAQNID,HAYXIR,0.8409794862342663
HUCBOX01,WULJUJ,0.896498683320637
VAFCAH,HAWDIU,0.857663439693301
APAYUN,WOJYEB,0.999989522756326
APAYUN,LUWMEX,0.9994642705544798
APAYUN,APAZOI,0.9991680299184348
APAYUN,FECXAO,0.9475615194546244
APAYUN,JIYPEP,0.8499773510780434
APAYUN,RUWWOW,0.8495244724602145
APAYUN,RUWXEN,0.8495146722541569
APAYUN,RUWWUC,0.8491376340552272
DIDBOJ,JODGIU,0.999969203879596
DIDBOJ,CAXZOS,0.9999302382550032
DIDBOJ,BOWDIC,0.92301691249801
DIDBOJ,VODNOS,0.9229272508374085
DIDBOJ,MOXDOT,0.922114795355742
DIDBOJ,DIQHAO01,0.9220401034042368
DIDBOJ,LASMAV,0.9217646864528022
DIDBOJ,CANYIB,0.9066479887322716
DIDBOJ,SIDXOV,0.901692753663921
DIDBOJ,BEPRIZ,0.886361614744915
DIDBOJ,NOMPIQ,0.8856881682789827
DIDBOJ,CIKPEU,0.8856700707728807
DIDBOJ,FUMJAZ,0.883213700200156
DIDBOJ,LUWZUZ01,0.8829161221076238
DIDBOJ,LUWZUZ,0.8827637213725029
DIDBOJ,XEVXUT,0.8804529695795118
DIDBOJ,BUKLOJ,0.8756556376074802
DIDBOJ,FEXCAO01,0.869735234812093
DIDBOJ,XAFFIV,0.8547737550549896
WIZMAV11,WIZMAV,0.9999999988946988
WIZMAV11,WIZMAV06,0.999999984495344
WIZMAV11,UVAHIK,0.9999959250193772
WIZMAV11,ERANAO,0.9926430748730418
WIZMAV11,GERBEN,0.9554190549898164
WIZMAV11,BUNLAZ,0.9494204195786796
WIZMAV11,BUNKUS,0.9487879139315736
WIZMAV11,UFOSEQ,0.9469407539284114
WIZMAV11,OFOJAX,0.9310388182427936
WIZMAV11,DITJOH,0.9225378822073572
WIZMAV11,HICNOZ,0.8785583364737173
WIZMAV11,HERHUK,0.8747864058437524
WIZMAV11,RUKDIM,0.8650583120616876
WIZMAV11,WUPTUY,0.8631930222104665
JIYSUI,IGUTUB,0.863195430374168
JIYSUI,ECIWIW,0.8623262566332739
JIYSUI,NOZZUZ,0.8423356256070307
JIYSUI,ODIXIK,0.841290698808996
JIYSUI,ODIXAC,0.8393596352381603
GUGNON,VEGMOK04,0.9078410858936612
GUGNON,XAFFER,0.8857478198254092
GUGNON,PEGCIP,0.8517627662187508
GUGNON,JEDDII,0.8477757413384738
GUGNON,LEYLIN,0.8434395387385094
GUGNON,EJIQIZ,0.8432138302117316
GUGNON,NANYUX03,0.8401516757495129
GUGNON,NIWYID,0.8395893601749523
DIDVIW,DADTOS08,0.9999999381162306
DIDVIW,YANWOC,0.9999973175823944
DIDVIW,DADTOS13,0.999996890030294
DIDVIW,DADTOS07,0.9999857536200796
DIDVIW,DADTOS03,0.99998245418708
DIDVIW,DADTOS15,0.9999697067803234
DIDVIW,PADJOU01,0.999933961260004
DIDVIW,MNFORD02,0.9998998071144944
DIDVIW,LIJWOR05,0.999848908348758
DIDVIW,QINSUD,0.9997909083204536
DIDVIW,SIWPUL04,0.9997906223458743
DIDVIW,ATIBOU02,0.99870995147683
DIDVIW,SIWPUL11,0.99755010922466
DUPKAC,OMUSAS,0.8272492983298958
DUPKAC,LEYLIN,0.8912249879679075
DUPKAC,VEGMOK04,0.8768256207274028
DUPKAC,VALGAS,0.8633881293825179
DUPKAC,XAFFER,0.854577168957389
DUPKAC,NOXMAQ,0.8509698946030475
DUPKAC,EJIQIZ,0.8381857477261543
BOWDOI,YODRAM,0.9999965094749692
BOWDOI,BOWDIC,0.9999918987003344
BOWDOI,VEDFER,0.999987751972987
BOWDOI,VODNOS,0.9999693555758772
BOWDOI,ABAVIJ,0.999442056569342
BOWDOI,TATSIS,0.9992259359658864
BOWDOI,CAXZOS,0.9231003638418528
BOWDOI,CANYIB,0.8769499321122279
BOWDOI,SIDXOV,0.8716765301422954
BOWDOI,DIQHAO01,0.856718991690391
BOWDOI,FUMJAZ01,0.8539882637468708
BOWDOI,NERVIP01,0.8438601118347541
BOWDOI,FAZPIH,0.8430901424123165
BOWDOI,CANROA,0.8429832554237222
BOWDOI,KOHDIW,0.8429828527933712
BOWDOI,YIRSUQ,0.8421296204753488
BOWDOI,CEJFOO,0.8416042785106744
KEFBOO,NIWYID,0.9039403651407744
KEFBOO,NANYUX03,0.8987082852854852
KEFBOO,EXOXUL,0.8427188440961038
ROCZEQ,IGUTUB,0.9202308216579232
ROCZEQ,ECIWIW,0.919304486112134
ROCZEQ,CIKCOQ,0.8744978967423553
ROCZEQ,LULGIJ,0.8599663076181016
ROCZEQ,PIHJIB,0.8468049266522898
ROCZEQ,NOZZUZ,0.8426215325351119
ROCZEQ,EFUFEQ,0.8418731776309023
ROCZEQ,ENITEB,0.8415070133450151
ROCZEQ,ODIXIK,0.8414251943406995
ROCZEQ,HIBSUG07,0.8408621132480175
ROCZEQ,HIBSUG06,0.8408325994496593
EPOPEG,FIFQOD,0.9911358787991624
BUNLAZ,ERANAO,0.9564313342383078
BUNLAZ,WIZMAV06,0.9494411158443272
BUNLAZ,WIZMAV09,0.9494129229115534
BUNLAZ,WIZMAV12,0.9493538662022892
BUNLAZ,UVAHIK,0.9490807205660924
BUNLAZ,GERBEN,0.9139612115032104
BUNLAZ,OFOJAX,0.9001589731616697
BUNLAZ,UFOSEQ,0.8982213516860673
BUNLAZ,DITJOH,0.8776632353670004
BUNLAZ,VIKRIT,0.8462347526895195
BUNLAZ,HERHUK,0.8425156012961472
XOYCET,MOLTIR,0.9998858275535132
XOYCET,TILHAZ,0.978380668565624
TILHAZ,MAQZUB,0.997908497925944
TILHAZ,MOLTIR,0.9785240584478516
TILHAZ,SAXYOH,0.9772228371918246
TILHAZ,QADKEL02,0.8991602842572338
SIXWON,HAZYUE,0.8830285097257924
WENRIR,DITKAT01,0.9972398062484008
WENRIR,RUDRUE,0.8961591170050948
WENRIR,XILBAW,0.8607938130551165
WENRIR,RUBZIY02,0.8594189534744112
WENRIR,YAPQUC,0.8580871113471827
NAFSOF,ANUGEW,0.9737654755656182
NAFSOF,WURNOO,0.8849072928223572
NAFSOF,KAGJOS,0.884649323112336
NAFSOF,ENIHUG,0.8595132874633136
NAFSOF,ASIVAB,0.8577294975863998
NAFSOF,XICKOL,0.8414924740599087
PENLEB,JAVNIE,0.8745714403263347
PENLEB,PEBNER,0.8741548799101322
PENLEB,HOSPEL,0.8737308719689298
PENLEB,CEXJUN,0.8732800425904795
PENLEB,CEXJUN02,0.8732594096447818
PENLEB,CEXJUN01,0.8731443396421205
PENLEB,CISLUN,0.8706565118057681
PENLEB,QONLEM,0.8706535502154606
PENLEB,PIZHOX,0.8695286376746123
PENLEB,PASGAU,0.8691698308462956
PENLEB,QOMRUH,0.8691082144181957
PENLEB,QOMSAO,0.8686246099724493
PENLEB,IBUDOZ,0.8685459125705932
PENLEB,DEGJIK,0.8679457688565975
PENLEB,JAXNUU,0.8678735377866438
QOWRAV,ANUGEW,0.9596132068598908
QOWRAV,YUSWEP,0.9311308077844828
QOWRAV,KAGJOS,0.8724996283959214
QOWRAV,ENIHUG,0.8678492430949556
QOWRAV,RUJMEQ,0.8471458672828303
XIZCOA,VELVOY,0.999999538779749
XIZCOA,MECWEX,0.9999995331841016
XIZCOA,OFERUN02,0.9999988072656087
WOHYOH01,MUQNOC,0.8209506870167969
WOHYOH01,WOHYUN,0.8640128299791723
WOHYOH01,BIYTOU,0.8439824208809621
WOHYOH01,IVEMAZ,0.8437320734431825
WOHYOH01,SOBDOF,0.8396484782552702
TOJWEV,RAVFAX,0.8423080362476925
VIFPUY,VIFPUY03,0.9999999910543056
VIFPUY,IYUHUG,0.9468110389145856
VIFPUY,FIFGEI,0.9467350798114764
VIFPUY,FAHQEM,0.9435831082857814
VIFPUY,GALHUY,0.937567301781672
VIFPUY,FAHQIQ,0.9357752293621784
VIFPUY,GIWMAD,0.9073560235670296
VIFPUY,NEDLOZ,0.9054108079343374
VIFPUY,TIRFOQ,0.8797063129724485
VIFPUY,YAMXOC,0.8747400934216683
VIFPUY,CUFDOX,0.874724703691006
VIFPUY,CUFDUD,0.8738222547580891
VIFPUY,IYUHIU,0.8735908283694465
VIFPUY,LEPTUY,0.8672628618295632
VIFPUY,PEYVEV,0.8599051170276276
VIFPUY,TIRFIK,0.855986668504915
HIBSUG07,HIBSUG06,0.9999997240216248
HIBSUG07,ACUBOP01,0.9999979369498592
HIBSUG07,ACUBOP,0.9997744075538044
HIBSUG07,XASHAA,0.8642090018975296
SEFVEG,NIFQIF,0.9999973818801966
SEFVEG,TUDKEJ,0.99995331878549
SEFVEG,NIFNOI,0.9999455816260544
HOKLIE,VEGMOK04,0.8396812920202001
YAPQUC,RUBZIY02,0.9990939461872396
YAPQUC,LIPZES,0.9951064670652588
YAPQUC,XAPMUY,0.9459137099315588
YAPQUC,MOLLEG,0.9189274193054532
YAPQUC,IVOLOW,0.8953559962040156
YAPQUC,TUTQOP,0.8837929220993184
YAPQUC,INICPB01,0.883062798698333
YAPQUC,POCMEA03,0.8825923205034429
YAPQUC,POCMEA,0.8824455134590384
YAPQUC,CERPOF,0.870139982625288
YAPQUC,RUDRUE,0.8691498082631073
YAPQUC,DITKAT01,0.860843492662183
YAPQUC,DITKAT,0.8608413724477265
YAPQUC,HAPZUW,0.8584175140749424
YAPQUC,SOSQOI,0.8530009533692042
YAPQUC,FAHQUD,0.849456493345516
CERPOF,RUDRUE,0.9999499750324442
CERPOF,DITKAT01,0.8920812935279289
CERPOF,UHEBOA,0.8868271531374405
CERPOF,LIPZES,0.8749992565035021
NOMPIQ,BEPRIZ,0.999829462243356
NOMPIQ,FEXCAO01,0.9586129223022912
NOMPIQ,SEQSOY,0.9536149135967262
NOMPIQ,MIHJUL,0.911570634818177
NOMPIQ,LUWZUZ02,0.8867611886444379
NOMPIQ,CAXZOS,0.8861578222777946
NOMPIQ,JODGIU,0.8853973569240957
NOMPIQ,BUKLOJ,0.8608265488206048
NOMPIQ,DIQHAO01,0.8472874454948518
NOMPIQ,SIDXOV,0.8441095973419042
NOMPIQ,POSGUB,0.8393523381886732
LASMAV,TATSIS,0.9999267190515512
LASMAV,ABAVIJ,0.9993248771118444
LASMAV,BOWDIC,0.9988946194991668
LASMAV,VODNOS,0.9982852794070352
LASMAV,CAXZOS,0.9223707077785784
LASMAV,JODGIU,0.92136732404765
LASMAV,ERUNUC,0.9210810495407116
LASMAV,SIDXOV,0.8766546084808646
LASMAV,BAKJEE,0.8759901016096047
LASMAV,CANYIB,0.8721847427126166
LASMAV,NERVIP,0.8440108111941971
LASMAV,NERVOV,0.8439715291080291
LASMAV,NERVEL,0.8439596408480977
LASMAV,FAZPIH,0.8439292050862156
LASMAV,GAGWOB,0.8438539796056821
LASMAV,YIRSUQ,0.8437429747656917
LASMAV,NERVIP01,0.8434339423394377
LASMAV,MOXDOT,0.8427093494822999
BUKLOJ,BUKLOJ01,0.9998165271665204
BUKLOJ,MOXDOT,0.9447203611849432
BUKLOJ,XUBKOU,0.9153390415434582
BUKLOJ,USAYOE,0.9081249306584712
BUKLOJ,COZMUA,0.9075772101274936
BUKLOJ,GEPBEK,0.907372565309808
BUKLOJ,CANROA,0.9065731175290636
BUKLOJ,TATSIS,0.8847891055823286
BUKLOJ,ABAVIJ,0.884001825524784
BUKLOJ,BOWDIC,0.8833312532749293
BUKLOJ,YODRAM,0.8832182096021366
BUKLOJ,VEDFER,0.8829703821656139
BUKLOJ,OJOBAS,0.882238980716843
BUKLOJ,CAXZOS,0.8763848186208908
BUKLOJ,JODGIU,0.8751643497789328
BUKLOJ,ERUNUC,0.8747459204596117
BUKLOJ,VACKUI,0.8711718926899756
BUKLOJ,XAFFIV,0.87030746058815
BUKLOJ,XAPSIS,0.869680378547422
BUKLOJ,TAHYUZ,0.866925385616351
BUKLOJ,CIKPEU,0.8608394009054642
BUKLOJ,BEPRIZ,0.8602491092045335
BUKLOJ,XADDUD,0.8593434162864572
BUKLOJ,XUYYIA,0.8550097256140561
BUKLOJ,FEXCES,0.8397899305320662
BUKLOJ,LUWZUZ01,0.8384592779853741
BUKLOJ,LUWZUZ02,0.838438968784756
BUKLOJ,LUWZUZ,0.8383962961433926
WEYQEY,PUNYIH,0.9970120140716155
WEYQEY,HIYZEV01,0.8877382998823183
WEYQEY,BIYTOU,0.8846217322095763
WEYQEY,SOBDOF,0.8825125397577499
WEYQEY,DIJCOP,0.8737007790429197
WEYQEY,WACLEU,0.8453449906501594
ANUGEW,ENIHUG,0.8886527423452362
ANUGEW,RUJMEQ,0.8783908769604571
ANUGEW,HAYXIR,0.8777357286873839
ANUGEW,WURNOO,0.8659357637166859
ANUGEW,KAGJOS,0.865759940662986
ANUGEW,KIRFOI,0.8574729085980417
ANUGEW,WULJUJ,0.8531367465894811
RAVDOJ,NIGFOZ,0.9082026072608288
RAVDOJ,SEHSII,0.9080789127172232
RAVDOJ,VITZAB,0.8590594420174076
NUHFAY,HAHPIQ,0.9943665606810862
XIHSAJ01,XIHSEN,0.999991397571846
XIHSAJ01,XUZRIU,0.8616348624289655
XIHSAJ01,XUYYIA,0.852483383137924
XIHSAJ01,XUYYEW,0.8524827257251437
XIHSAJ01,MOXDOT,0.8427480133229921
XUZRIU,XUYYIA,0.910390898094928
XUZRIU,XUYYEW,0.9103702602222205
XUZRIU,TAHYUZ,0.8647796725822494
XUZRIU,OCACUR,0.864195482983499
XUZRIU,SACMOA,0.8640960293280129
XUZRIU,XIHSEN,0.8616580721336908
XUZRIU,YIRSUQ,0.8468416807951955
XUZRIU,XADDUD,0.8428604494424716
XUJQAV,VEMSUC,0.999998983805659
XUJQAV,XUJPOI,0.9999987869744884
XUJQAV,NUNPAP,0.9999688079732636
XUJQAV,NUNNUH,0.99993058354155
XUJQAV,XUJPEY,0.9998561605373684
XUJQAV,EZOFEF,0.9955454792168494
XUJQAV,XUCHOS02,0.8823575272568939
XUJQAV,SOQRUM,0.8764270644249921
XUJQAV,LIDSEY,0.8611414562063239
XUCHOS02,XUCHOS,0.9999364534081292
XUCHOS02,SEQSUE,0.8865959550821165
XUCHOS02,EZOFEF,0.8848624905358802
XUCHOS02,VEMSUC,0.8824490139195451
XUCHOS02,XUJPOI,0.8822502721638369
XUCHOS02,VEMSUC01,0.8822342353530128
XUCHOS02,NUNNUH,0.8815173165612868
EXUMEP,FEJFAE,0.8399435187968052
EXUMEP,IVEMAZ,0.839487711760321
BOYTEQ,YAQCEY,0.8542913912327345
BOYTEQ,REZFEK,0.8517625045744885
BOYTEQ,FEJFAE,0.8503919684960587
BOYTEQ,HIYZEV01,0.8483560762285631
BOYTEQ,BIRMUM,0.845495143386129
HAYXIR,WANJIF,0.8878951537279909
HAYXIR,EMUBOF,0.8878672553408393
HAYXIR,KIRFOI,0.8804419208415506
PEZCII,FECXAO,0.9994823571785356
PEZCII,APAZOI,0.9477764564412848
PEZCII,APAZIC,0.9456952709597458
PEZCII,JIYPEP,0.8674284327836089
TAHYUZ,QIQTOB,0.9119183516774564
TAHYUZ,MOXDOT,0.8853139874364941
TAHYUZ,YIRSUQ,0.8405180553995123
TAHYUZ,FIQDER,0.8397160515162541
XAPSIS,UFUKUB01,0.918100513745674
XAPSIS,FUDHAP,0.908176698507
XAPSIS,XADDUD,0.8957518483154812
XAPSIS,ABIWOX,0.8788197921107957
XAPSIS,BAKJEE,0.8611086043044018
XAPSIS,CANYIB,0.8607579657265895
XAPSIS,MIHJUL,0.8396350265194827
SEFVEG02,NIFQIF,0.9999974827493628
SEFVEG02,SEFWEH,0.9999951202126371
SEFVEG02,NIFTAA,0.9999634251246586
SEFVEG02,SEFTOO,0.9999516352889912
DADTUY05,DADTUY,0.9999995010320912
DADTUY05,DADTUY11,0.9999873557509896
DADTUY05,MAJMOA03,0.9996050012860336
DADTUY05,EDAGEX,0.9988824321933228
DADTUY05,EDAGAT,0.9985914486305824
DADTUY05,JEXWUF,0.9976652742235324
XUBJAF02,XUBJAF01,0.9999816142300126
EBEXAM,COKJIX,0.893942562504372
EBEXAM,VODBEW,0.8896568404197458
EBEXAM,ADEGIA,0.8677904748236873
EBEXAM,ADEGIA01,0.8652167850598992
EBEXAM,UMIZEX,0.845159976913039
EBEXAM,XISDOU,0.8393807260060189
EBEXAM,XEGJIE02,0.8378696001987338
XEGJIE02,EBEWIT,0.8379017028496689
TEPJOP,YENKAG,0.9422064508966018
TEPJOP,RUWWOW,0.9397795661456386
TEPJOP,RUWXEN,0.9397415078947404
TEPJOP,RUWWUC,0.9386683365507352
TEPJOP,ISISEJ,0.8765247568394399
TEPJOP,LESWAI,0.8411040323989968
IPIJAT,HAZNED,0.8720686747806821
IPIJAT,KULMIP,0.8718864755388153
IPIJAT,HAZPAB,0.8710559523765766
HOJNOL,TAJTAC,0.9999980384175337
HOJNOL,TAJTIK,0.9999969458762534
HOJNOL,HAZGOF07,0.9999939661858132
HOJNOL,HAZGOF12,0.99999221368375
HOJNOL,HAZGOF16,0.9999908970803002
HOJNOL,CAVMUJ02,0.999049448635248
VEGMOK04,CESQUP,0.8962774879529352
VEGMOK04,XAFFER,0.8776776765233227
VEGMOK04,NOXMAQ,0.8759447129778059
VEGMOK04,NIWYID,0.8749780334145113
VEGMOK04,NANYUX03,0.8742390114825711
VEGMOK04,GADROU,0.868903100651661
VEGMOK04,XEGWIS,0.8674707190404088
VEGMOK04,XEGWAK,0.8674482267624637
VEGMOK04,GAWMOJ,0.8535485771581778
VEGMOK04,PURJAO,0.8535460825807861
VEGMOK04,TACJEO,0.8513500564085942
VEGMOK04,NISCOJ,0.8462511477946115
TECVEE,TECTUS,0.999345583283658
TECVEE,MOMQAI,0.8611197908724493
TECVEE,NOHSUA,0.8397122494044078
TECVEE,KAKBUW,0.8382446972372317
PAGFAH,COMFIU,0.9999813814101256
WEHHOI,WEHJAW,0.9999997549324972
WEHHOI,NANYUX03,0.8517120333746677
VIKRIT,UVAHIK,0.8933771061052033
VIKRIT,WIZMAV12,0.8932707531819564
VIKRIT,WIZMAV07,0.8932488607172027
VIKRIT,WIZMAV09,0.893246798746802
VIKRIT,WIZMAV,0.893245995436158
VIKRIT,HERHUK,0.8804518740459351
VIKRIT,BUNKUS,0.8453592176036915
NIFQIF,NIFTAA,0.9999417186591792
NIFQIF,TUDKEJ,0.9999285919797456
RUKDIM,WUPTUY01,0.9990081316378652
RUKDIM,WUPTUY,0.9987928572775224
RUKDIM,UFOSEQ,0.9075720923972612
RUKDIM,ERARUM,0.8650744065669594
RUKDIM,WIZMAV06,0.865060659686611
RUKDIM,WIZMAV,0.8650576800055985
RUKDIM,WIZMAV07,0.8650568754635048
RUKDIM,WIZMAV12,0.8650505767909157
RUKDIM,ERANAO,0.8593198254580054
RUKDIM,HICNOZ,0.8460408567319455
YAXBOP,SETQEP,0.9999997443608416
YAXBOP,SETRAM,0.9999882911407668
YAXBOP,SADMUH,0.9999744323166436
YAXBOP,SETQOZ,0.9999565332120348
YAXBOP,VAGVAC,0.9997701815296456
YAXBOP,POJTOY,0.999744970827908
YAXBOP,YAXCAC,0.9949495393093432
YAXBOP,REZXOK,0.8840258475119998
YAXBOP,UFIKOM,0.8691435532155365
YAXBOP,UFIKIG,0.8690366044012309
YAXBOP,LARPEB,0.8609182744381249
YAXBOP,TOVJIZ,0.8502219015298793
UFIKIG,VAGVAC,0.8692744036025826
UFIKIG,POJTOY,0.8692740628230496
UFIKIG,POJTOY01,0.869271401633553
UFIKIG,SADMIV,0.8692005065632806
UFIKIG,SETQOZ,0.8691964865550368
UFIKIG,SADMUH,0.8691669904978643
UFIKIG,SETQEP,0.8690209948672201
UFIKIG,YAXCAC,0.8661658152071152
NUCRIN,LEYLIN,0.9282337604202054
NUCRIN,AQOROP,0.918694932089836
NUCRIN,PEPHID,0.8994422376860046
NUCRIN,GAMFEG,0.8970857050696581
NUCRIN,VAHWOS,0.8514485625012572
NUCRIN,VAHWOS01,0.8514385190525187
NUCRIN,VAHWOS02,0.8513863981336491
NUCRIN,VAHWIM,0.8513685382737887
OKIYAJ01,OKIYIR,0.9999999272920596
OKIYAJ01,OKIVAG,0.9999999270418908
OKIYAJ01,OKIWEL,0.9999999055187204
OKIYAJ01,WUNVAD,0.9999978273921633
OKIYAJ01,OKIVIO02,0.9999978188307632
OKIYAJ01,SAHYAD02,0.999997563229602
OKIYAJ01,WUNTAB,0.9999953594404732
OKIYAJ01,WUNSII,0.9999934210880482
OKIYAJ01,YINNUH,0.9999782696664332
EMUBOF,WANJIF,0.9994462564862788
EMUBOF,GERWEH,0.842929797247473
ZASJAG,IGUTUB,0.9196978084052592
ZASJAG,RUXWEM03,0.8536218056555509
ZASJAG,QEKLID,0.8502778491557454
JAYXAL,DOYHIK,0.9054971703120538
JAYXAL,NIWYID,0.8395146196713059
CANROA,KOHDIW,0.9999942027025954
CANROA,MOXDOT,0.8650666420469026
CANROA,VODNOS,0.8429147940329289
CANROA,OJOBAS,0.8428436742840958
CANROA,TATSIS,0.842412955383832
CANROA,XUBKOU,0.842210533335459
DAKVIW,XAPQAI01,0.9047177804259788
DAKVIW,HIHGUC,0.8949824120785232
DAKVIW,MITSAK,0.8527122055190871
DAKVIW,IZEBEV,0.8508421572764818
ETECAJ,PEQTOV,0.9987834121281411
NENHAQ,LUWKIZ,0.8678761813211628
NENHAQ,EKUNON02,0.8470411441801426
NENHAQ,EKUNON01,0.846756684594052
NENHAQ,MITSAK,0.8398824082619125
TAQGEZ,NASGIZ01,0.8441614750219532
YAMXOC,CUFDOX,0.9999997648163448
YAMXOC,CUFDUD,0.999668504635174
YAMXOC,PEYVEV,0.98852691062437
YAMXOC,MUQYEE,0.9472050836562328
YAMXOC,OWIJAH,0.9469701865171264
YAMXOC,MAYJOM,0.8749071921706407
YAMXOC,VIFPUY03,0.8747395272827532
YAMXOC,TIRFOQ,0.8467838651332145
YAMXOC,GIWMAD,0.8400176846925651
YAMXOC,NEDLOZ,0.8388246757024139
YAMXOC,CIFSIW,0.8380150962495003
RUVBIV,GEDKUX,0.8472712711925414
CITXUZ,PAFZEE,0.9690062557132646
CITXUZ,WULJUJ,0.9187262421348724
CITXUZ,NUTQAV,0.8391737128198458
PIQQEN,REFWIL,0.9869767458985704
PIQQEN,MICCIM,0.9766957044611382
PIQQEN,FOKWUZ,0.9754451209178724
PIQQEN,REXYAX,0.8766015347472669
PAQYAJ01,ACUBOP01,0.8775147739702079
PAQYAJ01,ACUBOP,0.8765471463769207
PAQYAJ01,NOLRIR,0.8420092789759854
QACTUJ,CUXQIW,0.9082122197379991
QACTUJ,CEJXEW,0.94395618453665
QACTUJ,HUCXEK,0.907988209632395
QACTUJ,LOZSUQ,0.9071196646635558
QACTUJ,ZAXSAV,0.906814718599972
QACTUJ,CUJCIV,0.905263942606927
QACTUJ,VUKTOM,0.9051927041574608
QACTUJ,TORPUN,0.9002437088900013
QACTUJ,DAKZUN,0.8995920633954416
QACTUJ,AYOZOF,0.8994086266316186
QACTUJ,NEQTIP,0.8992549930132226
QACTUJ,LEDHEJ,0.8872715446399868
QACTUJ,XADDAJ01,0.8861611031226264
QACTUJ,LUCDES,0.8792491800618163
QACTUJ,MINCOD,0.8683577554419202
QACTUJ,LAVTAF,0.8651220974659739
QACTUJ,UPIBOM,0.8644001812544064
QACTUJ,LIXDAZ,0.8610119032758611
QACTUJ,IZEBAR,0.8584570864572956
LIXDAZ,LOZSUQ,0.9402441209356714
LIXDAZ,NEQTIP,0.93092440768999
LIXDAZ,YENZEZ,0.917273076581282
LIXDAZ,YIXFUI,0.8603977936319553
BIYTAG,IJORUV,0.9956110385765368
BIYTAG,AWOFOI,0.872273320357433
ALUJIB,AFOVEX,0.93819834522028
ALUJIB,SEQWOC,0.9373053465041878
ALUJIB,ZEBMAW,0.9059424480903124
ALUJIB,RUYVAK,0.8960329307892884
ALUJIB,JIYTAP,0.879910442268097
ALUJIB,AWOFOI,0.8749715688631713
ALUJIB,ILAXOK,0.85765198937769
ALUJIB,UZIJUJ,0.8474805992830755
IMIDZB13,VEJZIU,0.9955752913214946
IMIDZB13,KUMXEW,0.9955095897896822
IMIDZB13,IMIDZB08,0.9954308112416104
IMIDZB13,IMIDZB05,0.9951364297182722
IMIDZB13,IMIDZB01,0.9951259401800514
IMIDZB13,IMIDZB11,0.9939273926302856
IMIDZB13,IMIDZB07,0.9878856390422366
AGAFAS,FEYJOJ,0.9839770159757778
AGAFAS,KESFOG,0.9774472470966312
AGAFAS,BAKJEE,0.8888345156516095
AGAFAS,SIDXOV,0.8870398726152542
AGAFAS,UFUKUB03,0.8629121739090783
AGAFAS,BIKMAL01,0.8605985931405834
AGAFAS,EBIMEJ,0.8511105780382668
AGAFAS,FUDHAP,0.8507870778712459
AGAFAS,XADDUD,0.8433939759120207
UNACIW,IDUSIM01,0.9999973727058322
UNACIW,EGOZAB,0.8664881165808378
IDUSIM01,EGOZAB,0.8665212809300651
IDUSIM01,POFDEV,0.8653757586669912
NIWYID,EXOXUL,0.9133447677195818
NIWYID,DUNXUH13,0.8971120379421957
NIWYID,NUFBOH,0.8772001411169237
NIWYID,DOYHIK,0.8758859990985961
NIWYID,UKOLUD,0.8681186741781083
NIWYID,SOWCOY,0.8609183661366756
NIWYID,ADUVAZ,0.8599424144749281
NIWYID,ALANAD,0.8534690121787507
NIWYID,MUWRUT,0.8527769005869072
NIWYID,REYCEF,0.8459319932946054
QINSUD,SIWPUL04,0.999999965381512
QINSUD,LIJWOR05,0.9999946381363763
QINSUD,VIRJEM,0.9999473510251692
QINSUD,DADTOS15,0.9999196762792556
QINSUD,DADTOS08,0.999798036777211
QINSUD,YANWOC,0.9997411316526544
QINSUD,DADTOS07,0.9996675863699886
QINSUD,DADTOS03,0.9996531883789938
QINSUD,JEDKIP01,0.9996415099649194
QINSUD,SIWPUL11,0.99591609941687
CUFDOX,CUFFIT,0.9999998112704124
CUFDOX,CUFDUD,0.9996853492591294
CUFDOX,MUQYEE,0.947207495319974
CUFDOX,OWIJAH,0.9469553270459244
CUFDOX,XINTOG,0.9241444479294708
CUFDOX,MAYJOM,0.874897928591356
CUFDOX,TIRFOQ,0.8468353005179413
CUFDOX,GIWMAD,0.8400303903571362
CUFDOX,CIFSIW,0.8380586916883048
XAFFIV,VACKUI,0.9999737400585104
XAFFIV,MOXDOT,0.9211530140200442
XAFFIV,ERUNUC,0.8561864345330805
XAFFIV,JODGIU,0.8552500990775225
XAFFIV,CAXZOS,0.85423198371369
GIWMAD,NEDLOZ,0.9994508119063236
GIWMAD,IYUHUG,0.9563391207318844
GIWMAD,FAHQEM,0.9555086408793708
GIWMAD,GALHUY,0.951736750140082
GIWMAD,FAHQIQ,0.9504558132694364
GIWMAD,VIFPUY03,0.907354989840434
GIWMAD,MUQYEE,0.8650303496674727
GIWMAD,TONKEN,0.86492779448162
GIWMAD,LEPTUY,0.8515382115682063
GIWMAD,TIRFOQ,0.8410836697844302
GIWMAD,CUFDUD,0.8401870583364885
GIWMAD,IYUHIU,0.8401479611768736
DELTAQ,DELTAQ01,0.9999904176201784
DELTAQ,DELTAQ03,0.9999329309361789
QANSEE,YOVTOS,0.9999994457489112
QANSEE,CATDEH,0.9642270251298268
QANSEE,WAWGOQ,0.8650837769550468
GINTUT,WULJUJ,0.886219950377098
GINTUT,EXOYAS,0.8521579394690666
WEHJAW,GAWMOJ,0.8955389820662738
WEHJAW,PURJAO,0.8955214256172491
WEHJAW,TACJEO,0.8944580090636232
WEHJAW,HEZKIH,0.8715947345307538
WEHJAW,REYCEF,0.8671381222907868
WEHJAW,UVUFUO,0.8576397791058112
WEHJAW,NANYUX03,0.8517446170264024
HUVGEM,PEPHID,0.841499888127773
GAWMOJ,PURJIW,0.9978749998473174
GAWMOJ,TACJEO,0.9976414273053592
GAWMOJ,MEQPEG,0.8475223536478674
MOPQIT,NIWZIE17,0.999851272022864
MOPQIT,LIJWUX,0.9977142355305516
MOPQIT,MGFORD02,0.9971808316696996
MOPQIT,AMURUX08,0.996649022035532
MOPQIT,AMURUX,0.9966274481194426
FAHQIQ,FIFGEI,0.9927280230389136
FAHQIQ,IYUHUG,0.9924180424895356
FAHQIQ,UNIDAY,0.9552484186086304
FAHQIQ,CIFSIW,0.9544676622024868
FAHQIQ,NEDLOZ,0.9535203784640378
FAHQIQ,MAYJOM,0.937107033027054
FAHQIQ,LEPTUY,0.8814435496199454
FAHQIQ,TIRFOQ,0.8432073132146736
PESTAL,NUDNUW09,0.9999996699996162
PESTAL,XACLOF,0.9999091516122004
PESTAL,NUDNUW06,0.9999014358420468
PESTAL,IZIDOM,0.9998919930008744
PESTAL,NUDPAE09,0.999769882147294
PESTAL,VICBEQ,0.9994655738516096
PESTAL,NIHBEM01,0.9971412918687282
PESTAL,NIKZEN,0.9968571414739584
PESTAL,CAJHUS01,0.996847733458076
PESTAL,NIHBAI01,0.9967720831770608
PESTAL,IZAJUQ,0.9957786776427489
MAGVOG28,MAGVOG27,0.9999996312962958
MAGVOG28,MAGVOG30,0.999999403375898
MAGVOG28,MAGVOG32,0.9999983548494918
MAGVOG28,MAGVOG33,0.999995931264363
MAGVOG28,MAGVOG35,0.9999930066905648
RIFYAI,IZUKEV,0.9997139280713184
WIZMAV06,WIZMAV,0.9999999751105956
WIZMAV06,WIZMAV09,0.9999999712438414
WIZMAV06,WIZMAV07,0.9999999600338814
WIZMAV06,WIZMAV12,0.9999997257272064
WIZMAV06,UVAHIK,0.9999954068408008
WIZMAV06,ERANAO,0.9926642624851943
WIZMAV06,GERBEN,0.9554269710122604
WIZMAV06,UFOSEQ,0.9469366260326136
WIZMAV06,OFOJAX,0.9310599490059254
WIZMAV06,DITJOH,0.9225363066794464
WIZMAV06,HICNOZ,0.878567005043118
WIZMAV06,HERHUK,0.8747976520715156
WIZMAV06,WUPTUY01,0.8634798655814335
WIZMAV06,WUPTUY,0.8632039974515134
LEDLEN,PARNIH,0.9999020329417052
LEDLEN,YAVYAW02,0.9955861211577244
PEKZIP,RAGREY,0.9999838331583368
PEKZIP,KIKRAA,0.9998178442988488
PEKZIP,XIQZIH,0.999313910186046
PEKZIP,ASUKEE01,0.9989797542374496
PEKZIP,LABJUV,0.887722817184128
PEKZIP,RANLAV,0.8533301815473762
PEKZIP,XICKOL,0.8417919671729357
WOJZIG,CUTBEA,0.830739793715431
WOJZIG,WIPLOY,0.9742054230528758
WOJZIG,DUGDOA01,0.939065721511832
WOJZIG,DUGDOA,0.9385637403120376
WOJZIG,VITYUU,0.932619010030358
WOJZIG,YABKEU,0.9319485817251651
WOJZIG,LARYEK03,0.8869224497067795
WOJZIG,SIKYER,0.8865442988264415
WOJZIG,YIXFOC03,0.8842725228815056
WOJZIG,WECSAZ01,0.8826464602171201
WOJZIG,EHAZES,0.8822082138456101
WOJZIG,EXUSUN,0.8788530297803634
WOJZIG,ELIKOA,0.8496242464688895
XOGWUN,VAYFAE,0.9997565244645976
XOGWUN,JUYJIY,0.898096389131096
XOGWUN,QEKLID,0.8559747626645757
QONKOV,CISLUN,0.9999940373396456
QONKOV,QOMRUH,0.9999430735676268
QONKOV,QOMSAO,0.9998971390405224
QONKOV,DEGJIK,0.9998004861572258
QONKOV,JAXNUU,0.999789252058974
QONKOV,JAVNIE,0.9985104680114734
QONKOV,HOSPEL,0.99695246272495
QONKOV,VUQJEX,0.9968258230335284
QONKOV,QITZUP,0.870119221397098
QONKOV,CEXJUN,0.8631227856211695
QONKOV,CEXJUN02,0.8631218895236061
QONKOV,RAJPIE,0.8538073661819902
QONKOV,RANLAV,0.8512528115238291
MEQPEG,REYCEF,0.900761024122572
MEQPEG,ARIDIQ,0.8637667794206143
MEQPEG,PURJAO,0.8474442166697529
ODOJUN,CAVQOH,0.8053615828657577
ODOJUN,VONCUY,0.8934364155776786
ODOJUN,VONCOS,0.8869778987914819
ODOJUN,YEJXUI,0.8431109652031183
GEPBEK,USAYOE,0.9986563251882764
GEPBEK,XIHSEN,0.8417283617845098
XUBKOU,MOXDOT,0.875372889597854
XUBKOU,KOHDIW,0.842222164180246
XUBKOU,COZMUA,0.8411433420537372
XUBKOU,USAYOE,0.8390875937330461
JAXNUU,PASGAU,0.9999448179141356
JAXNUU,CISLUN,0.9997125892447845
JAXNUU,PEBNER,0.9979163754996392
JAXNUU,VUQJEX,0.9950209329645796
JAXNUU,QITZUP,0.8676638841654818
JAXNUU,CEXJUN01,0.8623544448407363
JAXNUU,CEXJUN02,0.8622792650451749
JAXNUU,CEXJUN,0.8622628993120639
JAXNUU,RODSAG,0.8555522833326779
JAXNUU,REFBAH01,0.8545181396682413
RUBTAK07,SURKUN01,0.999999998888057
RUBTAK07,RUBTAK09,0.9999999967411628
BOSHUN,CAXZUY,0.8617451210282222
BOSHUN,BEJKEJ,0.8616874175239486
BOSHUN,TEVVEY,0.8588367387233334
BOSHUN,XOMCIN,0.8455542650119245
BOSHUN,LIDSEY,0.8452108912392639
BOSHUN,LIDSAU,0.8448563406400852
LIDSAU,LIDSEY,0.999944612132856
LIDSAU,XOMCIN,0.9996015716440682
LIDSAU,JAMSEY,0.9966394247401316
LIDSAU,TEVVEY,0.908834152390254
LIDSAU,CAXZUY,0.908059798640151
LIDSAU,XADWIK02,0.9032626173063778
LIDSAU,KEVBUK,0.8868089570864952
LIDSAU,NUNNUH,0.8611287432828729
LIDSAU,EZOFEF,0.8550537460098285
HAZYUE,XAFFER,0.8395543522125142
POCMEA01,INICPB02,0.9999930613885252
POCMEA01,POCMEA04,0.9999929941363244
POCMEA01,POCMEA,0.9999927351822162
POCMEA01,TUTQOP,0.99717518539425
POCMEA01,XILBAW,0.8850668722909967
POCMEA01,RUBZIY02,0.8839279069735299
POCMEA01,NICOPB01,0.8436397479572797
MOLLEG,XILBAW,0.9197538006918136
MOLLEG,XAPMUY,0.8757303356935748
MITSAK,QUQFOY,0.93228207931981
MITSAK,AJIJEI,0.9200837619261442
MITSAK,NAPZOV,0.9175601201695688
MITSAK,IJEYEC,0.8906202479444835
MITSAK,QEKLID,0.8867336291469821
MITSAK,GIYTOY,0.8736583855815676
MITSAK,GIZNOT,0.8736357297317949
MITSAK,NOLRIR,0.8734353901904326
MITSAK,FIPKOG01,0.8609343426787464
MITSAK,CIKCOQ,0.857414548205879
REYCEF,UVUFUO,0.8505794661461433
IQOKIK,ENISUQ,0.9996535320395692
IQOKIK,OCAKUB,0.8629088700537694
IQOKIK,YAQCEY,0.8427775514714995
IQOKIK,JIYPAL,0.8425531123232167
IQOKIK,FEJFAE,0.8409601136077525
ADEGIA,IBEYEU,0.9472134670413164
ADEGIA,TEPJEF,0.9081498795312763
ADEGIA,CUXPIV,0.908078645348496
ADEGIA,XISDOU,0.9050777739172112
ADEGIA,AYOZIZ,0.9048205439949882
ADEGIA,UMIZEX,0.8870871966243192
ADEGIA,AFUDUD,0.8862693165296038
ADEGIA,YICGUP,0.8836487704069829
ADEGIA,LUWNAU,0.8823840359733544
ADEGIA,EBEWIT,0.8678991244281857
ADEGIA,VODBEW,0.8608437728605854
ADEGIA,LIXMIQ,0.8606976031504934
ADEGIA,COKJIX,0.8599192441875543
DOYHIK,NUFBOH,0.9946752534886144
HISTOU,WENLAE,0.9629880124549812
HISTOU,NUCYIV,0.8543277861911733
NUCYIV,WENLAE,0.8528034105470312
WIZMAV,WIZMAV09,0.9999999998603688
WIZMAV,WIZMAV07,0.9999999982231252
WIZMAV,UVAHIK,0.99999605812746
WIZMAV,ERANAO,0.9926374127162014
WIZMAV,BUNKUS,0.9487821427446376
WIZMAV,UFOSEQ,0.9469418508321998
WIZMAV,OFOJAX,0.9310331712630782
WIZMAV,HERHUK,0.8747833979103988
WIZMAV,WUPTUY,0.8631900866306985
WIZMAV,RIBSAZ,0.8531223903381733
DADTOS07,DADTOS03,0.999999686173366
DADTOS07,JEDKIP01,0.9999994694851186
DADTOS07,YANWOC,0.999995399134154
DADTOS07,DADTOS13,0.9999693316559408
DADTOS07,DADTOS15,0.9999139164486176
DADTOS07,VIRJEM,0.9998793473248686
DADTOS07,LIJWOR05,0.99974194390552
DADTOS07,SIWPUL04,0.9996671946399964
DADTOS07,ATIBOU02,0.9989665437448452
DADTOS07,SIWPUL11,0.9979087220452608
JUKXIW01,JUKXIW,0.9999989550856814
JUKXIW01,ICAWUF,0.977196893895356
JUKXIW01,OTOVAW,0.8424660453201003
KULMIP,HAZNED,0.8635693800172208
KULMIP,HAZPAB,0.861065435430095
KULMIP,AJIJEI,0.8605732929654359
KULMIP,FAVNAU,0.8584842708544114
OPENUT,DOLPIF,0.9999548067888344
OPENUT,KAHWOG,0.9959938810518222
OPENUT,LARYEK03,0.8594938838568941
OPENUT,SIKYER,0.8588168860847583
OPENUT,YIXFOC03,0.855584785552115
OPENUT,VITYUU,0.8536236948129658
OPENUT,WECSAZ01,0.8535015815138207
OPENUT,EHAZES,0.8529574169885494
OPENUT,SENXER,0.8527164554911053
OPENUT,WIPLOY,0.8526982748847278
OPENUT,YABKEU,0.8525059469409527
OPENUT,EXUSUN,0.8488959409768042
JORDAX,VITYUU,0.8427466818762372
WIZMAV09,WIZMAV07,0.9999999990795524
WIZMAV09,WIZMAV12,0.999999874588894
WIZMAV09,ERARUM,0.9999991243392516
WIZMAV09,UVAHIK,0.9999961048722604
WIZMAV09,GERBEN,0.9554161828787364
WIZMAV09,BUNKUS,0.9487800917013132
WIZMAV09,DITJOH,0.9225384446743436
WIZMAV09,WUPTUY01,0.8634660066574885
WIZMAV09,WUPTUY,0.8631890430809581
WIZMAV09,RIBSAZ,0.8531202487492204
WAQTAM,APEBED,0.822703729627744
WAQTAM,WAQFIG,0.9996953328658782
NAPZOV,QUQFOY,0.8632565063863527
NAPZOV,AJIJEI,0.8503853492725356
NAPZOV,VIDVUB,0.8386902611129711
KOHDIW,MOXDOT,0.8650651018389119
KOHDIW,BOWDIC,0.8429928891518081
KOHDIW,YODRAM,0.8429852037659296
KOHDIW,VODNOS,0.8429115082055623
KOHDIW,ABAVIJ,0.8425971286502
KOHDIW,TATSIS,0.8423970174377476
VAFCAH01,HAWDIU,0.859763883943669
NAMDOV,KUGQOT,0.9999669406666972
NAMDOV,DOJXIK,0.9980844635960509
NAMDOV,HUSJUC,0.850195402205701
CUFDUD,IYUHIU,0.99998959711312
CUFDUD,MUQYEE,0.9469792078381954
CUFDUD,TONKEN,0.9468411246814789
CUFDUD,OWIJAH,0.9460712273546776
CUFDUD,MAYJOM,0.874225171130498
CUFDUD,TIRFOQ,0.8485230295474062
CUFDUD,NEDLOZ,0.8398464850700156
CUFDUD,CIFSIW,0.8393869903625296
CUFDUD,UNIDAY,0.8386486280085518
HUSJUC,LESWAI,0.8580877886847961
HUSJUC,KOQXUL,0.8480264687734378
KOQXUL,KUGQOT,0.9998830457093172
KOQXUL,DOJXIK,0.9992429085275416
KOQXUL,LESWAI,0.8620112341650874
KOQXUL,HAWDIU,0.8425055345243029
LIJPAX,IVEMAZ,0.8511267130753303
LIJPAX,HIYZEV01,0.8486864048731915
LIJPAX,BAMHIJ,0.8435577706740113
HICGEG,VEJZIU,0.999462429504122
HICGEG,IMIDZB01,0.9992983013715
HICGEG,IMIDZB11,0.9988002014311592
HICGEG,IMIDZB07,0.9948543881341112
VUKTOM,LOZSUQ,0.9995237710009248
VUKTOM,NEQTIP,0.9984187510183402
VUKTOM,NILCES,0.8838771356074299
VUKTOM,CEJXEW,0.8651449675720569
VUKTOM,KEDJEL,0.8643959588110718
VUKTOM,YENZEZ,0.8590428281587827
VUKTOM,LUCDES,0.8425495549539477
DAKZUN,DUGDUG,0.986828002532846
DAKZUN,CEJXEW,0.9551272511295504
DAKZUN,WOJYUR,0.9468328709406904
DAKZUN,XADDAJ01,0.9444486323719588
DAKZUN,XADDAJ,0.9438927491883808
DAKZUN,JUXSIG,0.8651482519659957
DAKZUN,VITZAB,0.8640578192463906
DAKZUN,UPIBOM,0.8401061376485941
COZMUA,MOXDOT,0.864569569425484
SANMAX,MACUFR06,0.9999618167826853
SANMAX,MACUFR04,0.9998784413182306
SANMAX,MAGNEQ01,0.9998638705085507
SANMAX,MAGMOZ01,0.9997150963674886
SANMAX,OCUQIO02,0.9996405157394114
SANMAX,YUKVOQ03,0.9995953689768924
SANMAX,CUFORD,0.9995003916349072
SANMAX,AYONOT,0.9992270506678242
SANMAX,ROLCEC11,0.9992242349856292
SANMAX,ROLCEC01,0.9985873680125492
ATIBOU02,DADTOS03,0.9989919400356818
ATIBOU02,YANWOC,0.998824532783614
ATIBOU02,DADTOS13,0.9985803433268025
ATIBOU02,PADJOU01,0.9980637238286472
ATIBOU02,LIJWOR05,0.99767813053832
ATIBOU02,SIWPUL04,0.9974641447872332
NAXVOY,LIJWUX,0.999133048754346
NAXVOY,LICSEW04,0.9990324764802028
NAXVOY,MGFORD02,0.9988633308306858
NAXVOY,AMURUX08,0.998801986603057
NAXVOY,NAXVOY01,0.9984874637940764
NAXVOY,NIWZIE01,0.99819294649815
NAXVOY,NIWZIE09,0.9979286303742928
NAXVOY,NIWZIE17,0.9976322552477344
YOYNUX,YOYPAF,0.99998147238024
LIHRUQ,LIHSAX,0.9999690594146192
LIHRUQ,AVERUP,0.997906282129428
YOMNUL09,YOMNUL10,0.9999943630442418
ENITEB,ODIXAC,0.9995186045623043
ENITEB,RUXWEM03,0.8647860449173957
ENITEB,GERWOR,0.8609179612166824
FEYJOJ,CANYIB,0.896554788708266
FEYJOJ,HUZJIW,0.8757283080401588
FEYJOJ,UFUKUB01,0.8753060536058946
FEYJOJ,SIDXOV,0.8743062233188986
FEYJOJ,UFUKUB03,0.8739777003394669
FEYJOJ,BIKMAL,0.8726717918372777
FEYJOJ,BIKMAL01,0.872665138652257
FEYJOJ,EBIMEJ,0.8613702185961543
FEYJOJ,XADDUD,0.8540661852252236
FEYJOJ,ABIWOX,0.8442270708267612
XUNSOQ,XUNSEG,0.9997375141457427
ABIWOX,FEXCAO01,0.8877123782522174
ABIWOX,SEQSOY,0.8788888277469747
ABIWOX,BEPRIZ,0.8526941161622282
ABIWOX,NERVIP,0.8438067619759414
ABIWOX,NERVEL,0.8436446310252941
ABIWOX,WOPWOP,0.8436125566309527
ABIWOX,NERVOV,0.8435589344300011
ABIWOX,FAZPIH,0.8435298598421692
EKUNON01,EKUNON02,0.9999954872302144
EKUNON01,BERQIA,0.8912856909257006
EKUNON01,JUYJIY,0.8816535188799416
EKUNON01,UYOGOF,0.8636415906929625
EKUNON01,REXYAX,0.8481511788215166
EKUNON01,FIJDEI,0.8411834858540862
RUXWEM03,NOLRIR,0.928300628449052
RUXWEM03,IGUTUB,0.9225744650629488
RUXWEM03,VAYFAE,0.8844881260898019
RUXWEM03,ODIXAC,0.8651388423793662
RUXWEM03,AJAKON,0.8650715970782196
RUXWEM03,ODIXIK,0.8648244197811423
RUXWEM03,NOZZUZ,0.863684235594344
RUXWEM03,BIJJOV,0.8552187857213436
RUXWEM03,XEDGIY,0.8495057319511983
BAYQAU08,BAYQAU04,0.9997579200534852
BAYQAU04,BAYQAU03,0.9999931862877456
FAHQEM,FIFGEI,0.9985229959232516
FAHQEM,IYUHUG,0.9983808346387096
FAHQEM,NEDLOZ,0.956385903671325
FAHQEM,MAYJOM,0.944320505815487
FAHQEM,TIRFOQ,0.8442223799824721
REFBAH01,RODSAG,0.9999040270335378
REFBAH01,WIFSAI01,0.9217545795725002
REFBAH01,BUZKUE,0.8579962745113013
REFBAH01,JAVNIE,0.8579290185336557
REFBAH01,PEBNER,0.8578386697377447
REFBAH01,HOSPEL,0.8569094813142103
REFBAH01,QONLEM,0.8562194562504828
REFBAH01,PASGAU,0.8553427821781456
REFBAH01,QOMSAO,0.8550150070931302
CEXJUN02,CEXJUN,0.9999919543485742
CEXJUN02,QITZUP,0.8731234229432243
CEXJUN02,PEBNER,0.8635583331393473
CEXJUN02,BUZKUE,0.863342956018472
CEXJUN02,JAVNIE,0.8632584661386362
CEXJUN02,CISLUN,0.8632242199743619
CEXJUN02,PIZHOX,0.8628877439952907
CEXJUN02,QOMRUH,0.8627472079166799
CEXJUN02,QOMSAO,0.8625603947600231
CEXJUN02,IBUDOZ,0.8625421224328962
CEXJUN02,TEYMES,0.8487399991878347
ROGLOP,BEJKEJ,0.9230026402916744
ROGLOP,CAXZUY,0.9224798911326068
ROGLOP,TEVVEY,0.9221008502747912
ROGLOP,TEVVOI,0.9181252659302704
ROGLOP,LIDSEY,0.8792839831763315
ROGLOP,XOMCIN,0.8791919641658802
ROGLOP,KEVBUK,0.8594101075834711
ROGLOP,XADWIK02,0.8524743061679645
ROGLOP,LICROF,0.8428977988651122
LETDIY,QEJZUB,0.9991962086695436
QEJZUB,KELJIV,0.9991517131945646
QEJZUB,MUPQEU,0.9888040891164792
TEVVEY,TEVVOI,0.988245233184468
TEVVEY,KEVBUK,0.9254419946099012
TEVVEY,XADWIK02,0.8749305721150318
PIHJIB,CIKCOQ,0.907974513912901
PIHJIB,IGUTUB,0.8832656152933636
PIHJIB,FIJDEI,0.8587000442765386
OGEBAF,YUGLES,0.9380126130506417
OGEBAF,NUTQEZ,0.9370032902861598
OGEBAF,MUDTEL,0.920340246021392
ECIWIW,CIKCOQ,0.9094731719280368
ECIWIW,PIKYIU,0.8855420566968185
ECIWIW,QEKLID,0.8649233727885484
ECIWIW,NOLRIR,0.8620938470635771
ECIWIW,EYULAM,0.8615454940333759
ECIWIW,VOQBUZ,0.8593934652554409
JOHFIW,NADZID,0.9998532647324812
JOHFIW,BEVSUR,0.9964312067999024
JOHFIW,ALUJUN,0.8643938521883399
JOHFIW,ELIJUF,0.859784939078282
MUWRUT,NANYUX03,0.853533907013688
LELRUR,MAXFAU,0.8931278902192831
NASGEV,LUGLUU,0.9994508726185544
OKIWEL,OKIYIR,0.9999999971030548
OKIWEL,OKIYIR01,0.999999994354628
OKIWEL,OKIVAG,0.9999999842766194
OKIWEL,YINNUH,0.9999808295246412
XALXIS01,MIMVEJ,0.9941178852253548
XALXIS01,DEBBIY,0.8835653800120911
EDOWEC,GIZXET,0.8634675589038274
MUZHUL,FABFOF,0.9998107222256244
MUZHUL,COKNAT,0.8726353886176765
MUZHUL,WOBHOL,0.8726320057700414
MUZHUL,WOBHIF03,0.8726291060937788
XUNTEH01,XUNRUV,0.9994005447522109
XUNTEH01,XUNGOD,0.9991977500269988
XUNTEH01,JEGKAK,0.8432527232807002
NELRAY,DODMIT,0.9994712822681489
NELRAY,AMIXIE,0.9999917607731016
NELRAY,UCEXOQ,0.9998782471250968
NELRAY,CUXPUH,0.9062089936896546
NELRAY,QIKZIW,0.8987509452803715
NELRAY,KOGCIT,0.8435457172662068
LAVTAF,HIDDAB,0.9080423920949652
LAVTAF,UPIBOM,0.999987004799924
LAVTAF,YENZEZ,0.9002108308047994
LAVTAF,XADDAJ01,0.8829572822245648
LAVTAF,LEHTID,0.8681471668448401
LAVTAF,UFOSAM,0.8594112109825851
LAVTAF,IZEBAR,0.8588851948157293
LAVTAF,NEBYOK,0.8526114119462778
LAVTAF,LUCDES,0.8495301174521338
LAVTAF,LEDHEJ,0.8461382565626714
LAVTAF,MINCOD,0.8396802739687066
LAVTAF,IFUNUU,0.8385823733614337
GIRHAR,EKAZIA,0.8880094362860141
SIKYER,LARYEK03,0.999914017265804
SIKYER,YIXFOC03,0.9992387978580256
SIKYER,EHAZES,0.9980653170362188
SIKYER,IBEYAQ,0.9416764116804176
SIKYER,VUKTEC,0.9082477850768638
SIKYER,GAPQAQ,0.9070505153417796
SIKYER,YEKWOC,0.9043571156987942
SIKYER,DUGDOA01,0.9037282026323435
SIKYER,QICXUY,0.8973270250545651
SIKYER,LUCDAO,0.8846629757891085
SIKYER,SENXER,0.8739679422729293
SIKYER,ELIKOA,0.8607812673132524
SIKYER,KAHWOG,0.8605080497688262
SIKYER,LIXMEM,0.8576183549101573
SIKYER,PEHWUW,0.8574816898283194
TATSIS,ABAVIJ,0.9996448880919806
TATSIS,BOWDIC,0.9993752224596314
TATSIS,VEDFER,0.99916093335691
TATSIS,OJOBAS,0.9986642937102704
TATSIS,CAXZOS,0.9228265883060568
TATSIS,ERUNUC,0.9218049746747208
TATSIS,BAKJEE,0.8768679742681843
TATSIS,CANYIB,0.8734994359353254
TATSIS,DIQHAO01,0.8592456769148009
TATSIS,FUMJAZ01,0.8556634895182608
TATSIS,FUMJAZ,0.8555487460365758
TATSIS,XEVXUT,0.855215572479499
TATSIS,NERVOV,0.8440124990550013
TATSIS,WOPWOP,0.8440035521609817
TATSIS,NERVIP,0.8439403745319265
TATSIS,NERVIP01,0.8437715822469529
TATSIS,YIRSUQ,0.8435999289237803
TATSIS,MOXDOT,0.8433208969752206
BOWDIC,VEDFER,0.9999722438871288
BOWDIC,VODNOS,0.9999314534249606
BOWDIC,OJOBAS,0.9998662187306268
BOWDIC,ERUNUC,0.9231793399729432
BOWDIC,CAXZOS,0.9231340827448706
BOWDIC,JODGIU,0.9229856855232648
BOWDIC,BAKJEE,0.8787023258681745
BOWDIC,SIDXOV,0.8721608295350118
BOWDIC,DIQHAO01,0.8570413666284081
BOWDIC,FUMJAZ01,0.8542115786575926
BOWDIC,FUMJAZ,0.8540596196627485
BOWDIC,FAZPIH,0.8432492649133796
BOWDIC,WOPWOP,0.8432378257768867
BOWDIC,NERVEL,0.8430891695713788
BOWDIC,NERVIP,0.8428802047058425
BOWDIC,YIRSUQ,0.8423508842685127
BOWDIC,CEJFOO,0.8418238976344612
LUFNAC05,LUFNAC01,0.9999965855432282
LUFNAC05,LUFNAC,0.9999274370904588
LUFNAC05,TUTJAU,0.9999018832614492
PIJKUR,BAZBIQ,0.9312065251865826
PIJKUR,SAJRUT,0.9254268919736576
PIJKUR,TOVJIZ,0.8877884508881797
PIJKUR,POJTOY,0.8864957911351985
PIJKUR,VAGVAC,0.8864495376470755
PIJKUR,SETQEP,0.885293886377309
PIJKUR,LARPEB,0.88170505797903
UFIKOM,UFIHUP,0.9999613244392764
UFIKOM,POJTOY01,0.8692691703145782
UFIKOM,VAGVAC,0.8692606439706325
UFIKOM,EFEGOM,0.8692600525959806
UFIKOM,POJTOY,0.8692538539262005
UFIKOM,SETQOZ,0.8692509529512433
UFIKOM,SADMUH,0.8692336905078596
EGELOS,CEMLOY,0.907950094332115
EGELOS,SABWAU,0.9999888930144348
EGELOS,KUNTAQ02,0.9999949583740844
XAFFER,NOXMAQ,0.8801668072681488
NUTQAV,YUGLES,0.9999747154704922
NUTQAV,MUDTEL,0.9857316824530348
NUTQAV,QIYDAF01,0.8813999260634242
NUTQAV,FAGQAI,0.8806311498065331
NUTQAV,EXOYAS,0.8413262225881197
POFDEV,EGOZAB,0.999413093402979
POFDEV,WURNOO,0.9232757039627985
XAWVUN,XEBHOC,0.9999163513863436
XAWVUN,NAYZOE,0.9902324073948144
YUGLES,NUTQEZ,0.9999462160849883
YUGLES,MUDTEL,0.9853996723065878
YUGLES,WULJUJ,0.9063120782748412
YUGLES,FAGQAI,0.8813227722101253
MIHJUL,MOXDOT,0.9542293733247614
MIHJUL,BEPRIZ,0.913177467022688
MIHJUL,CIKPEU,0.9115147459425536
MIHJUL,JODGIU,0.8830665774214113
MIHJUL,CAXZOS,0.8818140087888824
MIHJUL,DIQHAO01,0.8595991126422269
MIHJUL,SIDXOV,0.8493082482162818
MIHJUL,BELTUJ,0.8471964673505218
MIHJUL,CANYIB,0.8440158127948543
MIHJUL,BAKJEE,0.843076158851806
MOXDOT,ERUNUC,0.9225306223246682
MOXDOT,JODGIU,0.922174827172204
MOXDOT,CAXZOS,0.9221205435061954
MOXDOT,VACKUI,0.9215131017564884
MOXDOT,BEPRIZ,0.903330201291002
MOXDOT,CIKPEU,0.9027541360242995
MOXDOT,FEXCES,0.8863022281870881
MOXDOT,SEQSOY,0.885710330275822
MOXDOT,FEXCAO01,0.8857053252271271
MOXDOT,LUWZUZ01,0.8758910880927906
MOXDOT,LUWZUZ,0.8756881971353445
MOXDOT,USAYOE,0.8632306547248303
MOXDOT,DIQHAO01,0.8553363191501456
MOXDOT,POSGUB,0.8477333629199253
MOXDOT,VODNOS,0.8444232245905577
MOXDOT,OJOBAS,0.8444121325154135
MOXDOT,VEDFER,0.8443858460239824
MOXDOT,ABAVIJ,0.8436199383048135
BOJYIK01,YIXFUI,0.9999712137512944
KESFOG,CANYIB,0.9037103591957024
KESFOG,BAKJEE,0.9025123569201774
KESFOG,UFUKUB01,0.8703858096288575
KESFOG,HUZJIW,0.8674118666806484
KESFOG,EBIMEJ,0.8640978868127438
KESFOG,BIKMAL01,0.8632221625932794
KESFOG,XADDUD,0.8510628410240548
SEQSIS,SEQSUE,0.9848298584072648
SEQSIS,SOQRUM,0.8721900748530305
SEQSIS,BEJKEJ,0.8691515437594746
SEQSIS,CAXZUY,0.8677498617124506
SEQSIS,TEVVOI,0.8600905367073661
XADDUD,FUMJAZ01,0.865364649952382
XADDUD,FUMJAZ,0.8652136567657362
XADDUD,XEVXUT,0.8640161753239418
ADEGIA01,IBEYEU,0.9469834314902184
ADEGIA01,CUXPIV,0.9074934943946152
ADEGIA01,UMIZEX,0.8872762354548059
ADEGIA01,AFUDUD,0.8851541145616258
ADEGIA01,YICGUP,0.8823781015397146
ADEGIA01,LUWNAU,0.8802169130809796
ADEGIA01,EBEWIT,0.8653437719997623
ADEGIA01,HOGQIF,0.863289285385792
ADEGIA01,VODBEW,0.8606330969850774
ADEGIA01,INOVEN,0.8595218790327772
ADEGIA01,ELIKUG,0.8567469813694777
ADEGIA01,XEVHEM,0.8463385509425916
DUGDOA01,IBEYAQ,0.9563667500576328
DUGDOA01,WOJYOL,0.9426003961694304
DUGDOA01,WIPLOY,0.9097963543661104
DUGDOA01,EXUSUN,0.9082088711986812
DUGDOA01,EHAZES,0.9077014762117852
DUGDOA01,LARYEK03,0.9025523535592852
DUGDOA01,YABKEU,0.8612934541037287
DUGDOA01,VITYUU,0.8595536241462973
DUGDOA01,QICXUY,0.8476911219911993
NIHBEM01,NIKZEN,0.9999926900719672
NIHBEM01,CAJHUS01,0.9999926510760236
NIHBEM01,IZAJUQ,0.99986430654632
NIHBEM01,VICBEQ,0.9989997939871216
NIHBEM01,NUDPAE,0.9989630960011456
DEGJIK,IBUDOZ,0.999988644681204
DEGJIK,QOMRUH,0.9999557703696562
DEGJIK,PASGAU,0.9999505419468672
DEGJIK,PIZHOX,0.9999136700005749
DEGJIK,CISLUN,0.999725755089881
DEGJIK,PEBNER,0.9979524319361932
DEGJIK,HOSPEL,0.995424706783548
DEGJIK,QITZUP,0.86773692425878
DEGJIK,CEXJUN01,0.8623827128470611
DEGJIK,CEXJUN,0.862292102875764
DEGJIK,RODSAG,0.85559169772935
DEGJIK,RAJPIE,0.8518065396157624
DEGJIK,RANLAV,0.8504401302137123
PIZHOX,PASGAU,0.9999945352561176
PIZHOX,QOMRUH,0.9999922791658132
PIZHOX,IBUDOZ,0.9999643259414372
PIZHOX,CISLUN,0.9999471103426204
PIZHOX,QONLEM,0.9999460678399962
PIZHOX,PEBNER,0.9986938427199684
PIZHOX,JAVNIE,0.9981165805676911
PIZHOX,HOSPEL,0.9964760808061556
PIZHOX,CEXJUN01,0.8629431989955617
PIZHOX,CEXJUN,0.8628829861142161
PIZHOX,RODSAG,0.8564157041629159
HAWVIM,IYOVUO,0.9999103872845878
SOSQIC01,IRELAU,0.855340638270484
SOSQIC01,FERHAN,0.8385441099118749
RAVVOA01,RAVVIU,0.9999972052027782
RAVVOA01,EDAGAT,0.9999913146010456
RAVVOA01,JEXWUF,0.9999381660048507
RAVVOA01,DADTUY,0.9984185639325286
RAVVOA01,DADTUY09,0.9982908300644237
RAVVOA01,DADTUY11,0.9980620624633024
RAVVOA01,IGOPEB,0.9973385301961692
RAVVOA01,SOJKOT07,0.9969053338567532
RAVVOA01,MAJMOA03,0.9963641635416556
NUFBOH,IRELAU,0.8921751069860115
NUFBOH,NANYUX03,0.8744054112552658
JEGKAK,XUNRUV,0.8432252608419187
JEGKAK,XUNGOD,0.8430965369092986
EDAGAT,JEXWUF,0.9998831372212708
EDAGAT,DADTUY,0.9986438992037254
EDAGAT,DADTUY09,0.9985254031001332
EDAGAT,DADTUY11,0.9983123473048552
EDAGAT,SOJKOT06,0.9973011165099236
EDAGAT,MAJMOA03,0.9967096503576736
XEGWAK,XEGWIS,0.9999997987017398
DADTOS08,YANWOC,0.9999964433455956
DADTOS08,JEDKIP01,0.999977609761071
DADTOS08,DADTOS15,0.999972383069732
DADTOS08,PADJOU01,0.9999379299023676
DADTOS08,MNFORD02,0.9999044400286372
WIZMAV12,UVAHIK,0.9999973771165048
WIZMAV12,ERANAO,0.9925749467568123
WIZMAV12,GERBEN,0.955393468903805
WIZMAV12,BUNKUS,0.9487184766391528
WIZMAV12,UFOSEQ,0.9469537788324848
WIZMAV12,OFOJAX,0.9309708691501852
WIZMAV12,HICNOZ,0.8785303378804323
WIZMAV12,WUPTUY,0.8631576292467192
WIZMAV12,RIBSAZ,0.8530559191434294
KINNOM,CUXLEO,0.9988633783850146
PEYVEV,CUFFIT,0.9887121089034664
PEYVEV,TONKEN,0.9355192556055424
PEYVEV,VIFPUY03,0.8598979904387845
PEYVEV,TIRFOQ,0.8475551419904752
PEYVEV,UNIDAY,0.8377039308773935
KENSEE01,KEPFIX,0.9999999924444336
KENSEE01,KENVOR01,0.9117647001621064
KENSEE01,KENVIL,0.911764263137465
KENSEE01,KENVOR,0.9117624023794452
KENSEE01,KEPNAX01,0.8787290028767553
KENSEE01,KEPMUQ,0.8787103050296686
KENVIL,KENTEF04,0.9999999998541148
KENVIL,KENTEF05,0.999999987698998
KENVIL,KENVOR,0.9999952402810036
KENVIL,KEPNAX01,0.8787175095202111
KENVIL,KEPMUQ05,0.8787112270501014
KENVIL,KEPNAX03,0.8786985902392463
KENVIL,KEPNAX07,0.8786919486757538
XIQZIH,RAGREY,0.9994840877621328
XIQZIH,OJOQAF02,0.997714995096604
XIQZIH,LABJUV,0.8888064208353804
XIQZIH,KAGJOS,0.8614257160530474
XIQZIH,RANLAV,0.8546574194182206
OFOYUG,LIDZUV,0.9999998342077964
OFOYUG,UQEFED,0.999995463784698
OFOYUG,OKAYIK,0.9998315644469852
OFOYUG,QUXRIM,0.9989470096820048
OFOYUG,DIQGUH,0.8959473919209591
OFOYUG,LIWYUM,0.8525053133868545
FOCYUT,AFOVOH,0.9136561617398736
FOCYUT,WAYKAK,0.9114129020531448
FOCYUT,ZEDVOV,0.8968379720398904
FOCYUT,ALUJOH,0.8839264995986964
FOCYUT,FOKYIP,0.8838330682558949
FEWTAF,LARPEB,0.8817017880721856
FEWTAF,BAZBIQ,0.8437601254856547
BAZBIQ,LARPEB,0.9461643289351476
MOHSAF,LARBOW,0.9909823109456116
UDICAN,MAGXOK,0.991940098824266
UDICAN,ROFREL,0.945131261601579
PAPKUP,YUWKEH01,0.9562742582735616
PAPKUP,ECUDAI,0.8647274997978305
PAPKUP,ULAZAJ,0.8499256514591925
WAYKAK,FOKYIP,0.9322970160239376
WAYKAK,FOCZEE,0.9116394439041402
WAYKAK,UKAPUS,0.8849687236729165
WAYKAK,YEMRIU,0.8574573937669724
CUXPIV,IBEYEU,0.8649860858070331
CUXPIV,BETDOV,0.839806840881562
ERANAO,ERARUM,0.9927938122033568
ERANAO,UVAHIK,0.9922954134965668
ERANAO,BUNKUS,0.9564326014926834
ERANAO,OFOJAX,0.9383556400371152
ERANAO,UFOSEQ,0.9367799967027126
ERANAO,DITJOH,0.9141154396283084
ERANAO,HICNOZ,0.8771749778425181
ERANAO,RIBSAZ,0.8614465154602415
FOKYIP,AFOVOH,0.9328799512440652
FOKYIP,ZEDVOV,0.8872430060702009
FOKYIP,FOCZEE,0.8839519826046367
FOKYIP,ALUJOH,0.8798757475986715
FOCZEE,AFOVOH,0.9137542907522902
FOCZEE,ZEDVOV,0.8969250356998582
REZXUQ,GUSNEN01,0.9470993160124248
REZXUQ,LURMAO,0.9470955381111164
REZXUQ,QALGUH,0.9470754815946398
REZXUQ,REZXEA,0.9464375788974084
LIJWUX,LICSEW04,0.9999898911515964
LIJWUX,MGFORD02,0.9999707438829976
LIJWUX,XEHSOT,0.9978570791699316
LIJWUX,NAXVOY01,0.997667495024468
LIJWUX,NIWZIE01,0.997224643803359
LIJWUX,NIWZIE09,0.9968323549407924
LIJWUX,NIWZIE17,0.9964053010284049
OCAKUB,JIYPAL,0.9023679914278808
OCAKUB,ROYMEZ,0.881298062078878
OCAKUB,ENISUQ,0.864320326510095
OCAKUB,WOBQEL,0.8630311675859821
OCAKUB,DAWCOV,0.8627930569473812
OCAKUB,PUGHAC,0.8537724881920211
OCAKUB,PUGFII,0.8535732900675193
OCAKUB,FEJFAE,0.8444185382343286
OCAKUB,IVEMAZ,0.8443856649402498
OCAKUB,YAQCEY,0.8433639826167922
HERHUK,ERARUM,0.8748665242927073
HERHUK,WIZMAV07,0.8747795769949324
HERHUK,UFOSEQ,0.8573120979216209
HERHUK,OFOJAX,0.8523580426204754
HERHUK,BUNKUS,0.8422151845303101
AJAKON,RUGYOJ,0.9998538963626172
YOSLIB04,YOSLIB03,0.9999877698594268
CUFORD,OCUQIO,0.999989111204124
CUFORD,YUKVOQ03,0.9999890475658396
CUFORD,OCUQIO02,0.9999873130679172
CUFORD,MAGMOZ01,0.9999699904837408
CUFORD,AYONOT,0.999944168550858
CUFORD,MAGNEQ01,0.9998857520491232
CUFORD,MACUFR04,0.9998711925772528
CUFORD,CUFORM04,0.999838175032123
CUFORD,ROLCEC11,0.9974847903341186
CUFORD,ROLCEC01,0.9964165785088388
CUFORD,ROLCEC13,0.9963339241265
SOGWIV,PIGXAF,0.9973288430136068
ENIHUG,XICKOL,0.8449590318318356
PURJAO,ARIDIQ,0.8533307144374285
SAQFUM01,SAQFUM,0.9999852426542958
SAQFUM01,MURFEM,0.9186963160955982
SAQFUM01,BOVHEB,0.869525789101682
SAQFUM01,VAHWIM,0.8569658935750832
SAQFUM01,VAHWOS01,0.8569640592778491
SAQFUM01,VAHWOS,0.8569573865038989
SAQFUM01,VEMMAC,0.8568824449331415
SAQFUM01,ROSKOB,0.852580316727275
MURFEM,SAQFUM,0.9186890502751308
MURFEM,LEYLIN,0.9000868091639844
MURFEM,ROSKOB,0.8813405873194118
MURFEM,EHIVOH,0.8480956522085696
MURFEM,MIVFUU,0.8478902260199774
MURFEM,TEDGUG,0.8474387439028241
MURFEM,TEDGOA,0.8430418229559421
ERUNUC,CAXZOS,0.999311468523295
ERUNUC,OJOBAS,0.9233928466016896
ERUNUC,VEDFER,0.9232632608904832
ERUNUC,YODRAM,0.9232185215162558
ERUNUC,DIQHAO01,0.9203017297511822
ERUNUC,BAKJEE,0.9094280030638174
ERUNUC,CANYIB,0.9082007106792656
ERUNUC,SIDXOV,0.899652085089913
ERUNUC,BEPRIZ,0.8859824802547308
ERUNUC,CIKPEU,0.8852470570802495
ERUNUC,LUWZUZ02,0.8803335662535374
ERUNUC,LUWZUZ,0.8803133521980251
ERUNUC,XEVXUT,0.8789566652873099
ERUNUC,FEXCES,0.8703579784009718
ERUNUC,SEQSOY,0.8698788039893488
ERUNUC,FEXCAO01,0.8687984677298713
ERUNUC,YIRSUQ,0.8683945243790047
ERUNUC,VACKUI,0.8564769125751898
CANYIB,BAKJEE,0.9992720195245548
CANYIB,SIDXOV,0.960019621124984
CANYIB,FUMJAZ01,0.8996749674227662
CANYIB,XEVXUT,0.89577385679973
CANYIB,OJOBAS,0.8777147033682183
CANYIB,VODNOS,0.8774384216023825
CANYIB,VEDFER,0.8770351642300678
CANYIB,ABAVIJ,0.8747309148584038
QESBAR,IDUDES,0.8779479513161246
QESBAR,EGOZAB,0.8436610893849867
WIPLOY,WOJYOL,0.9742498989401916
WIPLOY,VITYUU,0.9563684193145716
WIPLOY,NAJSUP,0.9003416822579858
WIPLOY,IBEYAQ,0.8874593402879423
WIPLOY,DOLPIF,0.8530012531274469
WIPLOY,AHONEQ,0.8520001812240595
WIPLOY,IFUPAC,0.8466666382147402
ELIKUG,LIXMIQ,0.972836928303802
ELIKUG,TEPJEF,0.9401292961828704
ELIKUG,YENZAV,0.9378002942849856
ELIKUG,EBEWIT,0.8601255591487923
NUNNUH,NUNPAP,0.9999833893269104
NUNNUH,XUJPEY,0.9999758696143072
NUNNUH,VEMSUC01,0.9999503430176016
NUNNUH,EZOFEF,0.9944938718922676
NUNNUH,DAFHID,0.8964457906363908
NUNNUH,XUCHOS,0.8805069805920432
NUNNUH,XOMCIN,0.8608906796510024
NUNNUH,JAMSEY,0.8583048523546599
LEDHEJ,XADDAJ,0.9744221446687376
LEDHEJ,XADDAJ01,0.9741847030753554
LEDHEJ,DUGDUG,0.973605015536768
LEDHEJ,AYOZOF,0.9651813117651916
LEDHEJ,VITZAB,0.901115135835232
LEDHEJ,JUXSIG,0.8964310518952613
LEDHEJ,YIXFUI,0.8871916373415679
LEDHEJ,NEBYOK,0.8729981644223548
LEDHEJ,NIGFOZ,0.8547567829119809
LEDHEJ,UPIBOM,0.8454522019127299
XICKOL,WURNOO,0.9090628688557444
XICKOL,KAGJOS,0.908980825724578
XICKOL,IDUDES,0.8808472997463278
XICKOL,EGOZAB,0.8780343818849277
XICKOL,KIRFOI,0.8766391465187053
XICKOL,RUJMEQ,0.8542396837845375
DOLPIF,UHISEK,0.99829515578133
DOLPIF,AHONEQ,0.9960613707819824
DOLPIF,LARYEK03,0.8599053934116518
DOLPIF,WECSAZ01,0.8544643457461727
DOLPIF,VITYUU,0.8540212122809611
DOLPIF,SENXAN,0.8535332043356307
DOLPIF,YABKEU,0.8530559914651614
DOLPIF,SENXER,0.8530144220944553
DOLPIF,EXUSUN,0.8501305880254323
ATOTIM,IDIWOH03,0.9999392006923066
ATOTIM,IXODUV,0.9999369789435486
ATOTIM,IXOFAD,0.99993686983289
ATOTIM,IXOFUX,0.9999344959863546
ATOTIM,IXOFUX01,0.9999337522412528
ATOTIM,XAVDIJ,0.9999050166314616
IDIWOH03,IXODUV,0.999999964167154
IDIWOH03,IDIWOH,0.999999874222505
IDIWOH03,IXOFUX,0.9999996999242384
IDIWOH03,IXOFUX01,0.9999996485483916
IDIWOH03,XAVDIJ,0.9999962021675596
XEBHOC,NAYZOE,0.9883621119853524
MIRNOR,MIRNOR01,0.9999981765911948
DIQHAO01,CAXZOS,0.9228862894306974
DIQHAO01,SIDXOV,0.8862829222959956
DIQHAO01,BAKJEE,0.8806341620132879
DIQHAO01,ABAVIJ,0.8584823109844892
DIQHAO01,YODRAM,0.8568695477844815
DIQHAO01,VODNOS,0.8560316550180431
DIQHAO01,OJOBAS,0.8555987140523073
DIQHAO01,BEPRIZ,0.8465260636053962
DIQHAO01,FUMJAZ01,0.8452982449952309
DIQHAO01,FUMJAZ,0.8452533947499568
FIFGEI,IYUHUG,0.9999966958073462
FIFGEI,GALHUY,0.9941468779708222
FIFGEI,NEDLOZ,0.9554476392107296
FIFGEI,CIFSIW,0.954748514902984
FIFGEI,MAYJOM,0.9469768003446816
FIFGEI,LEPTUY,0.8848083823884426
FIFGEI,TIRFOQ,0.8417575987223413
ELIKOA,VUKTEC,0.941973648473304
ELIKOA,YIXFOC03,0.8589520801152019
ELIKOA,WECSAZ01,0.8575368331400359
ELIKOA,EXUSUN,0.854119101034662
ELIKOA,WOJYOL,0.8495157913367741
OKIVAG,WUNTUV,0.999999389124682
OKIVAG,OKIYIR,0.9999999941179164
OKIVAG,OKIVIO02,0.999996972502316
OKIVAG,WUNTAB,0.999996446589783
OKIVAG,YINNUH,0.9999807136187012
OKIVAG,WUNSEE01,0.9999600750939368
PEGBEK01,ZAWCAE,0.9999982274377446
PEGBEK01,ZAWCEI,0.9999976941239764
PEGBEK01,ZAWCIM,0.9999758861101542
DOLWAE,DOLWAE02,0.9999706489746856
DOLWAE,MUVJIX,0.9991843245708816
SUHNIT,SUHPUH,0.999998833696128
SUHNIT,BOGXIF02,0.9999986451167951
SUHNIT,SUHMIS,0.999998479579458
SUHNIT,SUHPIV,0.999997980838323
SUHNIT,BOBTOC,0.9998461944519637
SUHNIT,OGULUY,0.9899442437016508
LUWKIZ,EKUNON02,0.861632931909158
GALHUY,IYUHUG,0.9938680346461416
GALHUY,UNIDAY,0.9557695488746164
GALHUY,CIFSIW,0.9551719513955714
GALHUY,NEDLOZ,0.9543937660276038
GALHUY,MAYJOM,0.9387890588323612
GALHUY,VIFPUY03,0.9375638580840387
GALHUY,TIRFOQ,0.8437332813251595
YABKEU,WOJYOL,0.932882897808608
YABKEU,NAJSUP,0.8857213482744996
YABKEU,JOFZOV,0.8726357705356274
YABKEU,ASUBIB,0.8648429658360375
YABKEU,DUGDOA,0.8609656937082919
YABKEU,UHISEK,0.8550094369725878
YABKEU,AHONEQ,0.8546825257493011
YABKEU,ZECBOB,0.8453364020792776
XAVDIJ,IXODUV,0.999996718403386
XAVDIJ,IDIWOH,0.9999947799069532
XAVDIJ,IXOFAD,0.9999936371254816
XAVDIJ,ALOVEC,0.9962514787535685
SIWPUL04,PADJOU01,0.9999592575456466
SIWPUL04,VIRJEM,0.999947262856992
SIWPUL04,DADTOS15,0.999919558275341
SIWPUL04,YANWOC,0.9997407538133832
SIWPUL04,SIWPUL11,0.9959144016485644
XEDGIY,NOLRIR,0.8418936680196649
XEDGIY,QUQFOY,0.8387432486893402
RUXXAJ,RUXXAJ01,0.9999772026770888
RUXXAJ,OHEMIX,0.8405237541527806
LICSEW04,MGFORD02,0.9999929192143244
LICSEW04,AMURUX08,0.9999469205780256
LICSEW04,XEHSOT,0.99755573951463
LICSEW04,NAXVOY01,0.9973536303075732
IYUHUG,NEDLOZ,0.9553305367271282
IYUHUG,CIFSIW,0.954596696119949
IYUHUG,UNIDAY,0.9535640814187476
IYUHUG,TIRFOQ,0.8415712537650609
XOMHIS,CUFFIT,0.9303695725164702
XOMHIS,CIFSIW,0.8829859349825631
XOMHIS,UNIDAY,0.8829568755993815
XOMHIS,NEDLOZ,0.8827866792629423
XOMHIS,XINTOG,0.8731894715445099
HOSPEL,BUZKUE,0.998543661868482
HOSPEL,PEBNER,0.9984276872395894
HOSPEL,VUQJEX,0.9983377217114462
HOSPEL,PASGAU,0.9962042327076438
HOSPEL,QOMRUH,0.9961484823588554
HOSPEL,QITZUP,0.8738396993554582
HOSPEL,CEXJUN,0.8619832203083517
HOSPEL,RODSAG,0.8566677879465155
HOSPEL,RANLAV,0.8499078355272002
ACUBOP01,HIBSUG,0.9999995048224548
ACUBOP01,HIBSUG06,0.9999984227945092
ACUBOP01,ACUBOP,0.999729236329194
ACUBOP01,XASHAA,0.8642704522862538
UYOGOF,MALWUU,0.9999747672460464
UYOGOF,AGONEQ,0.9972114177460566
UYOGOF,EKUNON02,0.8637408237067716
UYOGOF,QOZPEC,0.8394221803396931
LARBOW,MUQZII,0.8437784270127371
VUQJEX,PEBNER,0.9993751756666668
VUQJEX,QONLEM,0.997098283332435
VUQJEX,CISLUN,0.9970918157426452
VUQJEX,QOMRUH,0.9959601807429176
VUQJEX,QOMSAO,0.9955853203254752
VUQJEX,QITZUP,0.8757836710987622
VUQJEX,CEXJUN,0.8624964299514953
VUQJEX,CEXJUN01,0.8624218109642295
VUQJEX,RAJPIE,0.8579621332927403
VUQJEX,RANLAV,0.8506153987702976
XIHSEN,XUYYEW,0.852503009452151
YODRAM,VEDFER,0.9999735783594412
YODRAM,VODNOS,0.9999531065194488
YODRAM,OJOBAS,0.99989631119461
YODRAM,ABAVIJ,0.9994522840543484
YODRAM,JODGIU,0.9229669246815372
YODRAM,BAKJEE,0.8787656077797551
YODRAM,FUMJAZ01,0.854045306772456
YODRAM,NERVIP01,0.843887379624399
YODRAM,GAGWOB,0.8433668348157366
YODRAM,NERVOV,0.8432332187753037
YODRAM,WOPWOP,0.8431617507375738
YODRAM,NERVEL,0.8429954036192956
YODRAM,YIRSUQ,0.8422482622248783
YODRAM,CEJFOO,0.8416686641565692
DADTOS15,YUKTUU06,0.9999999912804006
DADTOS15,VIRJEM,0.9999970861184124
DADTOS15,DADTOS13,0.9999860089491424
DADTOS15,MNFORD02,0.999973054569352
DADTOS15,LIJWOR05,0.9999538725840844
DADTOS15,YANWOC,0.999949039697234
DADTOS15,SIWPUL11,0.9969766237489448
SEVROC,NOCLOH01,0.9999685490718492
SEVROC,NOCLOH03,0.9998062447109106
SEVROC,NOCLUN,0.9969646014811264
SEVROC,QISFUV,0.9074295524997572
SEVROC,ELOQON,0.8533109991876854
SEVROC,SUTBUF,0.8449046784751744
PARNIH,GOXZIE,0.992506335696197
GUXLIU,DEBNUU,0.8475269264125656
EFEGOM,SADMIV,0.9999992762082298
EFEGOM,SETQOZ,0.9999988907466628
EFEGOM,SADMUH,0.9999932939885467
EFEGOM,VAGVAC,0.9999435253054104
EFEGOM,SETQEP,0.9999336793107892
EFEGOM,REZXOK,0.884462870436884
EFEGOM,UFIHUP,0.8692685875517023
EFEGOM,LARPEB,0.8626518845650297
EFEGOM,TOVJIZ,0.8510438486306089
YAVYAW02,GOXZIE,0.9997654661298324
YAVYAW02,PARNON,0.9948234528741984
IBUDOZ,QOMSAO,0.999992052178074
IBUDOZ,QOMRUH,0.9999892167774392
IBUDOZ,QONLEM,0.9998311479176912
IBUDOZ,PEBNER,0.9982453649763974
IBUDOZ,BUZKUE,0.9974829972324314
IBUDOZ,CEXJUN01,0.8626095343007396
IBUDOZ,CEXJUN,0.862527409469654
IBUDOZ,RAJPIE,0.852324428663161
IBUDOZ,RANLAV,0.8506735015786302
HIFHIP,XAPMUY,0.8752688062055831
HIFHIP,RUBZIY02,0.8604744986001729
HIFHIP,XILBAW,0.8579272129563704
HIFHIP,FAHQUD,0.8555621355835044
HIFHIP,LIPZES,0.8540504767701067
WOBHIF03,WOBHOL,0.9999999556673916
WOBHIF03,WOBHEB,0.9997393772378402
WOBHIF03,QEJBIT,0.8751576994647692
WOBHIF03,UGUQOC,0.8726448242461394
TEVVOI,CAXZUY,0.99694858735561
TEVVOI,BEJKEJ,0.9954297762120236
TEVVOI,KEVBUK,0.9150230483137808
TEVVOI,XOMCIN,0.9055530968799974
TEVVOI,LIDSEY,0.9038435310261598
TEVVOI,JAMSEY,0.9032701346684328
TEVVOI,XADWIK02,0.8850570474722753
TEVVOI,SEQSUE,0.8705364676824625
JAMSEY,LIDSEY,0.9968604866644646
JAMSEY,CAXZUY,0.908441629427145
JAMSEY,KEVBUK,0.8826809227827208
JAMSEY,VEMSUC,0.8581230891437925
JAMSEY,VEMSUC01,0.8581004032027928
JAMSEY,NUNPAP,0.8579676120454982
JAMSEY,XUJPEY,0.8579405883514233
EFUFEQ,HOQKII,0.8947067400303776
EFUFEQ,FIJDEI,0.8528660353960055
BEPNUH,BEPMEQ,0.9999999863067168
BEPNUH,BEPNOB,0.9999999813710578
BEPNUH,BEPPAP,0.999999957003724
BEPNUH,BEPNIV,0.9999998814572244
BEPNUH,MAWTUC,0.9999824278117186
BEPNUH,BEPNER,0.9112793513401136
BEPNUH,KIGCEK,0.9073040535303744
BEPNUH,UFAREB,0.8993490369275347
NOFHOG,RUYVIS,0.9619149037574176
EBIBOJ,QESNEK,0.999956777179608
EBIBOJ,WEMFEB,0.9997943723021184
ABAVIJ,CAXZOS,0.9233308189075338
ABAVIJ,BAKJEE,0.877530855885359
ABAVIJ,FUMJAZ,0.8557938112204724
ABAVIJ,GAGWOB,0.8438374147700933
ABAVIJ,NERVIP01,0.8438018685723686
ABAVIJ,NERVEL,0.843650079879672
XOHTOE,XOHSUJ,0.9958115288601418
XOHTOE,WURKEB,0.8989149364839294
XOHTOE,WACLEU,0.8661001146255545
XOHSUJ,WURKEB,0.8998729758467051
XOHSUJ,WACLEU,0.8659188889315991
XOHSUJ,HIYZEV01,0.8432408401866981
OFERUN02,UZEWUS,0.9999999657194693
OFERUN02,VELVOY,0.9999998294374596
YAXCAC,POJTOY,0.9969476200841136
YAXCAC,VAGVAC,0.9968620871776148
YAXCAC,SETQOZ,0.9958366531813048
YAXCAC,SADMUH,0.9956375308049528
YAXCAC,SETRAM,0.9954214649999912
YAXCAC,SETQEP,0.9948781686381536
YAXCAC,REZXOK,0.8835633365450999
YAXCAC,LARPEB,0.8726432234395363
YAXCAC,UFIHUP,0.864934946067627
YAXCAC,TOVJIZ,0.8533507507776693
YAXCAC,TOVJEV,0.8451600520352445
RUJMEQ,WULJUJ,0.8455273608283604
UDUMIP02,RABWAS,0.9931877292306752
UDUMIP02,NOHFEX01,0.9329153671998244
VAHWOS02,MIVFUU,0.9252823194579376
VAHWOS02,TEDGUG,0.9248886539462264
VAHWOS02,SAQFUM,0.8569592064024424
VAHWOS02,BOVHEB,0.8438983069951516
SOLCED,SOLCAZ,0.9999824600078928
LUFNAC01,LUFNAC,0.999907590113984
LUFNAC01,TUTJAU,0.9998991979884186
NANYUX03,DUNXUH13,0.8970635237760425
NANYUX03,SOWCOY,0.8608750434841599
NANYUX03,HEZKIH,0.8440156865453687
CISLUN,PASGAU,0.999908793732865
CISLUN,PEBNER,0.9991578830213206
CISLUN,JAVNIE,0.9986900517102368
CISLUN,QITZUP,0.8704945212082238
CISLUN,CEXJUN01,0.8632647709490131
CISLUN,CEXJUN,0.8632270559664038
CISLUN,RODSAG,0.8569440575135179
CISLUN,RAJPIE,0.8541166679666181
CISLUN,RANLAV,0.8513549142563037
ATIKET,RINTUF,0.9994406495314536
ATIKET,NILCIW,0.8333168298167127
IZIHIK,POHLUV,0.8550027987505339
NIWZIE09,NIWZIE01,0.9999869584814548
NIWZIE09,NIWZIE17,0.9999864072709588
NIWZIE09,XEHSOT,0.9998996738734224
DADVAG03,DADVAG04,0.9999997695100562
DADVAG03,DADVAG02,0.999999085368544
DADVAG03,DADVAG07,0.99999821791725
DADVAG03,DADVAG08,0.999995741099708
DADVAG03,DADVAG,0.999993513841825
NIWZIE17,NIWZIE01,0.9999467386372504
NIWZIE17,NAXVOY01,0.9998632572269182
NIWZIE17,XEHSOT,0.9998122487970652
MITGUR,JUXFAL,0.9196681638567274
XUJPEY,NUNPAP,0.999958027319417
XUJPEY,VEMSUC,0.9998356672388872
XUJPEY,EZOFEF,0.9938281120552585
XUJPEY,XUCHOS,0.8799024458768351
XUJPEY,SOQRUM,0.8740999229063975
XUJPEY,LIDSEY,0.8610935974993732
XUJPEY,XOMCIN,0.8607396793011222
UFOSAM,SEKQEH,0.8785088492268278
TEDGOA,DANWAS,0.999999896960798
TEDGOA,VAHWOS,0.9197654040198128
TEDGOA,VAHWOS01,0.9197426509212064
TEDGOA,VAHWIM,0.919508382859773
SEHSII,NIGFOZ,0.9996103914526214
SEHSII,UPIBOM,0.9822165120366864
SEHSII,JUXSIG,0.9319791671874283
SEHSII,YENZEZ,0.9065946623398128
SEHSII,OHIHOD,0.8964091467192242
SEHSII,XADDAJ,0.8836996021157881
SEHSII,XADDAJ01,0.8831391134054115
SEHSII,WOJYUR,0.8792196752816707
SEHSII,TORPUN,0.859856160402509
SEHSII,NEBYOK,0.8597260168266413
SEHSII,IZEBAR,0.8543244548015826
SEHSII,DUGDUG,0.8401258419252455
SEHSII,LUCDES,0.8386414498567349
YANXIX02,YUKVUW04,0.999952341288164
YANXIX02,TAYZUQ,0.9995222870600516
YANXIX02,AMOBEL02,0.9985024471565755
YANXIX02,ELUQIM04,0.9978193511268344
YANXIX02,ELUQIM13,0.9977637734792784
YANXIX02,VERZUP,0.9975829607030016
NERVEL,FAZPIH,0.9999917601553564
NERVEL,NERVIP,0.9999661132625336
NERVEL,WOPWOP,0.9999516996003938
NERVEL,LUWZUZ01,0.8841823072982282
NERVEL,LUWZUZ02,0.8841261160204212
NERVEL,LUWZUZ,0.8840964281699238
NERVEL,BIKMAL01,0.877856387903528
NERVEL,OCUGAX,0.8439706016116344
NERVEL,VEDFER,0.8428686439471801
MOLTIR,QADKEL02,0.8828693765987015
TIRFOQ,MAYJOM,0.8806051418857803
TIRFOQ,VIFPUY03,0.8797025013612971
TIRFOQ,TIRFIK,0.863740941882136
TIRFOQ,IYUHIU,0.8487614676584845
TIRFOQ,CUFFIT,0.8468838515039002
TIRFOQ,CIFSIW,0.8428516991558215
TIRFOQ,NEDLOZ,0.8425590098717685
BUXTUL,HUFHUN,0.9999651164147833
BUXTUL,TAMJEY,0.9999371355855547
BUXTUL,HUFHIB,0.9999304502298751
BUXTUL,HUFHOH,0.999925447683468
BUXTUL,GAMSOD,0.8795398497102815
IGUTUB,CIKCOQ,0.909335495449834
IGUTUB,KEPLID,0.86942271779779
IGUTUB,QEKLID,0.8653613019523068
IGUTUB,EYULAM,0.8617655573363249
IGUTUB,NOLRIR,0.8610783537974891
ELUQIM04,ELUQIM01,0.9999999676770878
ELUQIM04,ELUQIM13,0.9999996487098712
ELUQIM04,DAXNIA,0.9977330100032435
ELUQIM04,YUKVUW04,0.9971297679501344
ROJSUF,ROJSUF01,0.809357916353259
PUGHAC,PUGFII,0.9998814164624302
MAGVOG30,MAGVOG32,0.9999997396737048
MAGVOG30,MAGVOG29,0.9999994176195972
MAGVOG30,MAGVOG33,0.9999984507260672
MAGVOG30,MAGVOG27,0.9999980966391568
MAGVOG30,MAGVOG35,0.999996495331169
MAGVOG30,MAGVOG13,0.9999963723071846
KIJPUQ,ACUBOP,0.8620499141251647
CIKPEU,FEXCES,0.9546836683060568
CIKPEU,SEQSOY,0.9535640042516276
CIKPEU,LUWZUZ01,0.8868541091919797
CIKPEU,LUWZUZ02,0.8867765144758194
CIKPEU,LUWZUZ,0.8867403529554505
CIKPEU,CAXZOS,0.8861448752331945
CIKPEU,JODGIU,0.8853753230175347
CIKPEU,SIDXOV,0.8441528195454265
CUXPUH,AMIXIE,0.9064011109798108
CUXPUH,UCEXOQ,0.90523410715399
OKEHIW,BAKJEE,0.8404082357687901
ABAYIO,HIYZEV01,0.8962308374325056
ABAYIO,BIYTOU,0.882737567545322
ABAYIO,DIJCOP,0.8720403795745121
ABAYIO,SOBDOF,0.8707135833810422
ABAYIO,UVETUL,0.8602925750880205
ABAYIO,GOVWOF,0.8600559300873141
ABAYIO,WACLEU,0.8450345472554561
IGOPEB,SOJKOT06,0.9998678517737312
IGOPEB,SOJKOT07,0.999854187223919
IGOPEB,DADTUY09,0.9997978566158174
IGOPEB,MAJMOA03,0.9997871973456608
IGOPEB,DADTUY,0.9997667811207566
IGOPEB,RAVVIU,0.997507683984732
IGOPEB,JEXWUF,0.9964830636469796
HIDTUM,KIRFOI,0.8720930194168939
OCACUR,UGECEO01,0.9999938274732898
OCACUR,SACMOA,0.9996437421629544
OCACUR,KUHNEI,0.9956836678094918
OCACUR,NAVJAW01,0.86670011242889
DANWAS,MIVFUU,0.98906832435125
DANWAS,VEMMAC,0.9209429569403816
DANWAS,VAHWOS,0.9198108401579664
DANWAS,VAHWOS01,0.9197877550318124
AMOBEL01,TAYZUQ,0.9996424574599776
AMOBEL01,AMOBEL02,0.9991235429328664
AMOBEL01,DAXNIA,0.9984146935515352
AMOBEL01,ELUQIM01,0.9923541709680784
APAZIC,WOJYEB,0.9999983871332044
APAZIC,LUWMEX,0.9992362900260132
APAZIC,APAZOI,0.9988891018503384
APAZIC,FECXAO,0.9473556979819148
APAZIC,JIYPEP,0.8499151195519514
APAZIC,RUWWOW,0.8493890599537264
APAZIC,RUWXAJ,0.8493630630084213
APAZIC,RUWWUC,0.8489144931441035
EXOYAS,NUTQEZ,0.8411327963242496
HALTUM,FAHQEN,0.9351930401542798
SEQSUE,EKEKAH,0.8699777101819749
SEQSUE,CAXZUY,0.8652029882276377
NOCLOH01,NOCLOH03,0.9999308233152276
NOCLOH01,NOCLUN,0.9963369551358424
NOCLOH01,QISFUV,0.9070775659459274
NOCLOH01,ELOQON,0.8528164468604956
QISFUV,XIMSAP,0.8124992296359462
QISFUV,NOCLOH03,0.9064414821866296
FUDHAP,USAYOE,0.8569291691168939
FUDHAP,UFUKUB01,0.8410413906047653
FUDHAP,HUZJIW,0.8391516008509126
PAQMAY,VITZAB,0.8464181842810887
XUYYEW,XUYYIA,0.9999838527676222
XUYYEW,QIQTOB,0.9335821921454924
XUYYEW,YIRSUQ,0.838051237787331
SIWPUL11,YANWOC,0.9977087405896532
SIWPUL11,DADTOS13,0.9973728842974544
SIWPUL11,PADJOU01,0.9966850046423502
SIWPUL11,MNFORD02,0.9965204444943884
MNFORD02,VIRJEM,0.9999838665374414
MNFORD02,LIJWOR05,0.9999777341666332
MNFORD02,DADTOS13,0.999929900635394
MNFORD02,YANWOC,0.9998671670693158
MNFORD02,DADTOS03,0.9998063067825264
FIJDEI,XAPQAI01,0.8517878909993898
FIJDEI,QUQFOY,0.842818032151149
DADTOS13,YANWOC,0.99998844593591
DADTOS13,VIRJEM,0.9999703338513176
DADTOS13,DADTOS03,0.9999646314780116
DADTOS13,JEDKIP01,0.9999609885788858
DADTOS13,PADJOU01,0.999959409044192
FOKWUZ,GOXGAD,0.8804129747753475
FOKWUZ,REFWIL,0.9733659350923038
NINVAI,EBIHII,0.9999931229518252
KEPMUQ,KEPNAX03,0.9999999998788858
KEPMUQ,KEPMUQ05,0.9999993861295244
KEPMUQ,KENVOR,0.8787360750712706
KEPMUQ,KENVOR01,0.8787105594044837
KEPMUQ,KENTEF04,0.8786991757851189
KEPMUQ,ADAVEI,0.8480243934663605
KENTEF04,KENTEF05,0.9999999848783044
KENTEF04,KENVOR01,0.9999996460312304
KENTEF04,KENVOR,0.9999952928360236
KENTEF04,KEPNAX03,0.8786988204702105
KENTEF04,KEPNAX07,0.8786921950287183
ODIXIK,NOZZUZ,0.9995885313974396
ODIXIK,ODIXAC,0.9995637777288116
ODIXIK,GERWOR,0.8609462456494399
GERWOR,ODIXAC,0.8610463340933286
GERWOR,NOZZUZ,0.8600146293337063
BAKJEE,SIDXOV,0.96649263805705
BAKJEE,JODGIU,0.9088421390837458
BAKJEE,FUMJAZ01,0.903858075234366
BAKJEE,FUMJAZ,0.9036732659543304
BAKJEE,XEVXUT,0.9011865106719332
BAKJEE,VODNOS,0.8790318843075824
BAKJEE,VEDFER,0.8788618735812572
BAKJEE,BIKMAL01,0.877406327470917
BAKJEE,YIRSUQ,0.8508341232252878
IFOQAV,NERCIY,0.9999926707161716
IFOQAV,DANVEU,0.9983229025233428
IFOQAV,IBAPEJ,0.8424100883066361
NUDNUW06,XACLOF,0.999985496839884
NUDNUW06,IZIDOM,0.999927783939312
NUDNUW06,NUDPAE,0.9994527348971244
NUDNUW06,VICBEQ,0.999425470803765
NUDNUW06,CAJHUS01,0.9966066139190268
NUDNUW06,NIHBAI01,0.9965279369228714
NUDNUW06,NIKZAJ01,0.9962272130378448
NUDNUW06,IZAKAX,0.9955302975467633
NUDNUW06,IZAJUQ,0.995490446903109
FAZPIH,WOPWOP,0.9999519117824698
FAZPIH,NERVIP,0.9999341815803462
FAZPIH,NERVIP01,0.9996781452264836
FAZPIH,LUWZUZ01,0.8841084002397313
FAZPIH,LUWZUZ,0.8840148209648983
FAZPIH,BIKMAL,0.8778982665733169
FAZPIH,BIKMAL01,0.8778010771741275
FAZPIH,OCUGAX,0.8439567943914155
FAZPIH,VODNOS,0.8427237661371877
FAZPIH,OJOBAS,0.8424818254859173
FODGUB02,GIZNOT,0.8487431855569908
PASGEX04,TACTUP,0.8738395069415327
PASGEX04,DECYES,0.8713838504237849
QEKLID,NOLRIR,0.991117964231014
QEKLID,QUQFOY,0.9192518177760444
QEKLID,VAYFAE,0.8547737224869886
QEKLID,YAYNEU,0.8452354070727209
NERVIP,WOPWOP,0.9999614332575664
NERVIP,NERVOV,0.9999485187974794
NERVIP,CEJFOO,0.999378075816996
NERVIP,LUWZUZ02,0.8839582305180347
NERVIP,LUWZUZ,0.8839216002541652
NERVIP,BIKMAL,0.8779551270294567
NERVIP,BIKMAL01,0.8779426564517799
NERVIP,OCUGAX,0.8439997637610879
NERVIP,VEDFER,0.8425989656860111
NERVIP,OJOBAS,0.8419688817765063
REZXOK,POJTOY,0.8848059218471782
REZXOK,VAGVAC,0.8847787420194824
REZXOK,POJTOY01,0.8847264973950951
REZXOK,SADMIV,0.8844216864162129
REZXOK,SETQOZ,0.8844096046899627
REZXOK,SETRAM,0.8842357257651237
REZXOK,SETQEP,0.8839933679236044
REZXOK,LARPEB,0.8425739558258545
ZEBMAW,SEQWOC,0.8624683010099574
BIYTOU,SOBDOF,0.9948305658865444
XACLOF,NIKZEN,0.9970365032386111
XACLOF,NIHBAI01,0.9969608698187598
XACLOF,NIKZAJ01,0.9966789781974672
XACLOF,IZAJUQ,0.9959853616978362
FOMDAO01,RUBZIY02,0.9081703460497385
FOMDAO01,XILBAW,0.9077646885386286
FOMDAO01,LIPZES,0.9057920324859094
FOMDAO01,XAPMUY,0.8651187284487836
MAYJOM,VIFPUY03,0.9999576587760048
MAYJOM,NEDLOZ,0.9060585280246212
MAYJOM,CIFSIW,0.9050645171894038
MAYJOM,IYUHIU,0.8740354356655857
MAYJOM,LEPTUY,0.8678019861689767
MAYJOM,TIRFIK,0.8568455471657946
IYUHIU,CUFFIT,0.9995780256030848
IYUHIU,XINTOG,0.927631649701623
IYUHIU,TIRFIK,0.8958888343545555
IYUHIU,UNIDAY,0.8388889485995684
KULPUD,KIDVIE,0.9972278913198548
HAZNED,FAVNAU,0.8378869866267692
XUNGOD,XUNSEG,0.9989262348337504
VIYHUI,ASUKEE,0.9999765271826128
YINNUH,WUNSEE01,0.9999962833751038
YINNUH,WUNTAB,0.9999936909365812
YINNUH,OKIYIR01,0.999980203817847
YINNUH,OKIVIO02,0.9999626402380434
YINNUH,WUNSII,0.99994781378187
VICBEQ,NUDPAE,0.9999996587770188
VICBEQ,NUDPAE09,0.9999134886140392
VICBEQ,IZIDOM,0.9997590454589292
VICBEQ,IZAKAX,0.9981548273780496
XAYMUF,IXACOZ02,0.8316617850366466
WURNOO,EGOZAB,0.9232026928690544
WURNOO,ASUKEE01,0.8617297351806976
WURNOO,KIKRAA,0.8610611302960114
WURNOO,RAGREY,0.8604317881225034
ROLCEC01,ROLCEC13,0.9999995247447316
ROLCEC01,ROLCEC11,0.9999050800874428
ROLCEC01,MACUFR04,0.9976391068432766
ROLCEC01,MAGNEQ01,0.9975784940545008
ROLCEC01,MAGMOZ01,0.997040461176582
ROLCEC01,OCUQIO02,0.9968072475465132
ROLCEC01,YUKVOQ03,0.9966986676892844
ROLCEC01,YUKVOQ07,0.9966704708812746
ROLCEC01,AYONOT,0.9958062628905444
ROLCEC01,CUFORM04,0.995001777757926
UFIHUP,SETQOZ,0.8692725859623603
UFIHUP,VAGVAC,0.8691757199733521
UFIHUP,POJTOY,0.8691588678121871
WIKGAB,GAGTAM,0.8496948760370204
WIKGAB,GERXEJ,0.8395568616474172
WIFSAI01,RAJPIE,0.9217773132269568
WIFSAI01,RODSAG,0.921485088112107
NOLRIR,CIKCOQ,0.8930452757197944
NOLRIR,PIKYIU,0.8929019112745891
NOLRIR,WEVVOL,0.8648305930368386
NOLRIR,YAYNEU,0.8437077770250367
WUNSEE01,OKIYIR01,0.9999593734220296
WUNSEE01,OKIVIO02,0.9999353606932948
WUNSEE01,SAHYAD02,0.9999336000678544
WUNSEE01,WUNSII,0.9999162501200056
WUNSII,SAHYAD02,0.9999989675482036
WUNSII,OKIVIO02,0.9999987169820604
WUNSII,OKIYIR,0.9999919924041148
WUNSII,WUNTAB,0.9999777303185856
PIKYIU,VAYFAE,0.8515884101148345
VAHWOS01,VAHWOS,0.999997668942957
VAHWOS01,VAHWIM,0.9999954762045208
VAHWOS01,VEMMAC,0.9999352430846709
VAHWOS01,TEDGUG,0.9248109776173388
VAHWOS01,SAQFUM,0.856956602283699
WAQDOJ,KIFKAM,0.859914992236512
WAQDOJ,NABMUA01,0.849684865648906
WAQDOJ,AVIPOL,0.8495585638035376
BEPNOB,BEPMEQ,0.999999999585364
BEPNOB,BEPMIU,0.999999934781724
BEPNOB,BEPPIX,0.914038874022522
BEPNOB,KIGCEK,0.9073044650690224
BEPNOB,UFARAX,0.8994039919959245
MUDTEL,NUTQEZ,0.9858670647750928
MUDTEL,WULJUJ,0.8917932088496318
ELUQIM13,VERZUP,0.99999646630746
ELUQIM13,YUKVUW04,0.9970661089445442
ELUQIM13,AMOBEL02,0.9935958402561088
OFEREX,VITYUU,0.945195959804423
CIKCOQ,KEPLID,0.8954626783551838
CIKCOQ,QUQFOY,0.8897904574297317
CIKCOQ,SAHYOS,0.8768903818405549
CIKCOQ,EYULAM,0.8452290786319625
CIKCOQ,VOQBUZ,0.8427586177533832
CIKCOQ,JEPWIN01,0.8405329929239851
CIKCOQ,MAHGAG,0.8403423970517945
FEYQOQ,CETFUD,0.9781164065234482
FEYQOQ,IKEJUF,0.9538210344080116
SAGZUW,SAHBEJ,0.9999961049074352
SAGZUW,JELPAS,0.9997077052874218
SAGZUW,COXHON,0.9983911554072608
SAGZUW,HOGWAB,0.9940390106484642
HOGWAB,JELPAS,0.9911302884101
HOGWAB,COXHON,0.9863219795974636
DADTOS03,LIJWOR05,0.9997286159454568
SOQRUM,XUCHOS,0.9989038104750492
SOQRUM,VEMSUC,0.8765900935184877
SOQRUM,XUJPOI,0.8762379159310474
SOQRUM,VEMSUC01,0.8762098445722559
SOQRUM,NUNPAP,0.8753675491461383
SOQRUM,LICROF,0.8402397936251795
REFWIL,TALBEQ,0.8892262231398289
REFWIL,REXYAX,0.8553449581076049
NEDLOZ,CIFSIW,0.9999067061261692
NEDLOZ,UNIDAY,0.999561277057476
NEDLOZ,MUQYEE,0.8639729619759637
NEDLOZ,TONKEN,0.8636837599891265
NEDLOZ,OWIJAH,0.8623659254976929
NEDLOZ,LEPTUY,0.8516920473177991
NEDLOZ,CUFFIT,0.838889884785941
TAMHUM,HUFHOH,0.9999372489834746
HUFHOH,TAMJEY,0.9999990677970932
HUFHOH,HUFJEZ,0.9997718612569492
HUFHOH,GAMSOD,0.8796275419751621
IDIMIU,EMIFOW,0.9999222487454388
TAJTIK,HAZGOF06,0.999999962042154
TAJTIK,GATHAL,0.9999989893241632
TAJTIK,HAZGOF07,0.9999986281900528
TAJTIK,HAZGOF16,0.9999921657033044
TAJTIK,HAZGOF12,0.999992050720496
XADWIK02,XOMCIN,0.9058603360447544
XADWIK02,LIDSEY,0.9043226377561682
XADWIK02,CAXZUY,0.8825014322589644
XADWIK02,BIKMEP,0.838736479047712
DAFHID,XUJPOI,0.8966931307572007
DAFHID,VEMSUC01,0.896688535721056
DAFHID,NUNPAP,0.8965322534768466
DAFHID,EZOFEF,0.8941744506872263
PASMUT,VUNYUZ,0.84359020688745
SOJKOT06,SOJKOT07,0.9999993559704384
SOJKOT06,MAJMOA03,0.999970525889198
SOJKOT06,DADTUY11,0.9998812417171248
SOJKOT06,DADTUY09,0.99981556397201
SOJKOT06,DADTUY,0.9997702565030128
NUXMEY01,VONCUY,0.8946723743511222
NUXMEY01,VONBUX,0.8946645598175117
NUXMEY01,VONDAF,0.8943919432033169
NUXMEY01,VONBUX01,0.8941368178039584
NUXMEY01,YUKDEN,0.8795853396006706
LEKGOY01,POCLAV,0.8402625852989641
CEXJUN01,CEXJUN,0.999990587469912
CEXJUN01,QITZUP,0.8730062040207782
CEXJUN01,BUZKUE,0.8633064048535203
CEXJUN01,QONLEM,0.8632730182404291
CEXJUN01,JAVNIE,0.8632267334797249
CEXJUN01,PASGAU,0.8628280600425018
CEXJUN01,QOMRUH,0.8628078673401345
CEXJUN01,QOMSAO,0.8626269053437496
HUCXEK,CEJXEW,0.8598000404395285
HUCXEK,KEDJEL,0.8554320918410754
QALGUH,GUSNEN01,0.9999987931292904
TAKCAM,TEPWOD,0.9080629594930528
TAKCAM,PAZDOM,0.8650250004530954
GAPQAQ,NILBUH,0.8853549023478514
GAPQAQ,VUKTEC,0.9987589381072473
GAPQAQ,LIXMEM,0.9415729230984612
GAPQAQ,EHAZES,0.9081600836325772
GAPQAQ,LARYEK03,0.9063926734098924
GAPQAQ,IBEYAQ,0.863553682541436
KEDJEL,CEJXEW,0.9993425752267878
KEDJEL,DUGDUG,0.9455451936685269
KEDJEL,YIXFUI,0.9427025416810502
KEDJEL,AYOZOF,0.9367190025512236
KEDJEL,WOJYUR,0.9324616267091392
KEDJEL,XADDAJ01,0.9306122541810596
KEDJEL,XADDAJ,0.9301503843074256
KEDJEL,TORPUN,0.8650899631454652
KEDJEL,ZAXSAV,0.8631360664415599
KEDJEL,EWETUW,0.862822996878574
KEDJEL,CUXPOB,0.8621464401247474
KEDJEL,LUCDES,0.8443839055823693
TECTUS,RUFMUA,0.9999285460958056
TECTUS,DIQGUH,0.8737025144721351
TECTUS,MOMQAI,0.86023530529027
TECTUS,KAKBUW,0.8398522696069621
BUKTOS,YENTUJ,0.9999766571391484
GUWHEM01,GUWHEM,0.9999995345615484
HAZGOF07,HAZGOF06,0.9999981463338248
HAZGOF07,HAZGOF04,0.999997471043963
HAZGOF07,HAZGOF16,0.9999962522967492
HAZGOF07,TAJTAC,0.999996242005918
HAZGOF07,HAZGOF12,0.999995573069853
HAZGOF07,CAVMUJ02,0.998899586407106
YUKDEN,YEJXUI,0.8876775364064011
VONDAF,VONCUY,0.9997681334282632
VONDAF,VONBUX,0.999589911152362
VONDAF,VONBUX01,0.9986595539715152
VONDAF,VONCOS,0.9953999363103456
VONDAF,YEJXUI,0.9029713832615672
BIKMEP,XOMCIN,0.8798619942378614
IVEMAZ,YAQCEY,0.9992842691214512
IVEMAZ,ENISUQ,0.8424699789733313
IVEMAZ,GUPJEG01,0.8386894134810963
YAQCEY,FEJFAE,0.9990783773936048
YAQCEY,ENISUQ,0.8429827535922387
YAQCEY,GUPJEG01,0.841870496758479
NIFNOI,NIFTAA,0.9999981484945376
NIFNOI,TUDJEI,0.9999972835990452
NIFNOI,NIFQOL,0.9999427391187848
VOKKIP,VOKKIP02,0.9999315602585622
XUCHOS,EZOFEF,0.8850318533911464
XUCHOS,VEMSUC,0.8815717309469832
XUCHOS,VEMSUC01,0.8813245365915955
SEQSOY,FEXCAO01,0.9937255303031012
SEQSOY,BEPRIZ,0.9550705025436068
SEQSOY,JODGIU,0.8689314592801199
SEQSOY,CAXZOS,0.8678558004419346
SEQSOY,LUWZUZ01,0.8631221961648412
SEQSOY,LUWZUZ02,0.8628175976663015
SEQSOY,POSGUB,0.8455161026479234
ZAWCEI,ZAWCIM,0.9999588419114024
VODNOS,VEDFER,0.999959047877348
VODNOS,JODGIU,0.9229877082970692
VODNOS,CAXZOS,0.9229359344398296
VODNOS,SIDXOV,0.8707239174764965
VODNOS,XEVXUT,0.8515521488479159
VODNOS,NERVIP01,0.8436912672270842
VODNOS,GAGWOB,0.8429825528257628
VODNOS,NERVOV,0.8428035025871446
VODNOS,YIRSUQ,0.8416699696043525
VODNOS,CEJFOO,0.8410533907255231
VEDFER,OJOBAS,0.9999220739712702
VEDFER,CAXZOS,0.9231718347634604
VEDFER,JODGIU,0.9231494611978468
VEDFER,SIDXOV,0.8714715525116944
VEDFER,FUMJAZ01,0.8540843074654818
VEDFER,GAGWOB,0.8432828003781054
VEDFER,NERVOV,0.8430726444987569
VEDFER,WOPWOP,0.8429859788117753
VEDFER,YIRSUQ,0.8420260220782687
XEHSOT,NAXVOY01,0.9999959639053
BEWCUD,WAWGOQ,0.9532549759530616
FAGQAI,NUTQEZ,0.8802974825548419
PARHEW,AMUCOB,0.954316877025026
YESYUT,YESXEC,0.999965218350542
NIFQOL,NIFTAA,0.999961479909487
NIFQOL,TUDKEJ,0.999950683403412
HUCXUA,AMIXIE,0.9079169240734128
NUTQEZ,WULJUJ,0.9057680490879852
RUWXEN,RUWXAJ,0.9999998713884608
RUWXEN,RUWWOW,0.999999857698247
RUWXEN,LUWMEX,0.8495897382210392
RUWXEN,APAZOI,0.8494448350071822
RUWXEN,WOJYEB,0.8494186738113796
KUGQOT,LESWAI,0.8609813525477311
KUGQOT,HAWDIU,0.8416290327435261
SAHYOS,KEPLID,0.8929889928171355
SAHYOS,MICCIM,0.8386793272378683
TACTUP,DECYAO,0.8683062220563585
DECYAO,DECYOC,0.8858646278014012
DUGDOA,IBEYAQ,0.9564113710131592
DUGDOA,WOJYOL,0.9422121200921354
DUGDOA,EXUSUN,0.9082207534997896
DUGDOA,WECSAZ01,0.9074029401543272
DUGDOA,YIXFOC03,0.9064580316138078
DUGDOA,LARYEK03,0.9021112719020472
DUGDOA,DIXGIC,0.8829957367169802
DUGDOA,NAJSUP,0.842713684469728
GAFORM11,WIHTAK,0.999975680750104
HIBSUG,HIBSUG06,0.9999996535211556
HIBSUG,ACUBOP,0.9997517273315956
HIBSUG,XASHAA,0.8642412795308291
WEBTUU,IDUWAH,0.8736740827215179
AYOZOF,CEJXEW,0.9413512782313738
AYOZOF,XADDAJ,0.9367981983106012
AYOZOF,XADDAJ01,0.9362649950311198
AYOZOF,WOJYUR,0.9326568377918958
AYOZOF,VITZAB,0.8496173373785925
AYOZOF,TORPUN,0.8404972487153777
KIKRAA,RAGREY,0.9999101572628124
KIKRAA,ASUKEE01,0.9996477226343504
KIKRAA,LABJUV,0.8885945479642108
KIKRAA,RANLAV,0.8543549075838784
DAXNIA,YUKVUW04,0.9999631918137204
DAXNIA,TAYZUQ,0.9995621318944088
DAXNIA,ELUQIM01,0.9977158966444654
DAXNIA,VERZUP,0.9974920657067602
HAZGOF06,HAZGOF16,0.9999911042740122
HAZGOF06,HAZGOF12,0.999991049583382
HAZGOF06,CAVMUJ02,0.9989788340636252
WOPWOP,NERVOV,0.9999974329302328
WOPWOP,CEJFOO,0.9991672254291066
WOPWOP,LUWZUZ01,0.8837046543364699
WOPWOP,LUWZUZ02,0.8836398226902409
WOPWOP,BIKMAL,0.8779513654547936
WOPWOP,OCUGAX,0.8440105095213314
WOPWOP,OJOBAS,0.8424635853891584
BEXSAA,GOVWOF,0.8553956133378254
LARYEK03,YIXFOC03,0.998688821325965
LARYEK03,WECSAZ01,0.997554645087564
LARYEK03,EXUSUN,0.994647316556229
LARYEK03,IBEYAQ,0.9403497696304636
LARYEK03,VUKTEC,0.9081749706967857
LARYEK03,YEKWOC,0.9032196325785888
LARYEK03,QICXUY,0.8971447266214398
LARYEK03,SENXER,0.8741557581610967
LARYEK03,SENXAN,0.8730765263025944
LARYEK03,UHISEK,0.86072859156745
LARYEK03,AHONEQ,0.859797911927721
LARYEK03,LIXMEM,0.8567079556723343
GEQQEB,EHAZES,0.8384138091713284
GEQQEB,EXUSUN,0.838365961145616
GEQQEB,WECSAZ01,0.838339710790218
GEQQEB,YIXFOC03,0.8378363760550385
XUJPOI,NUNPAP,0.9999791077568434
XUJPOI,EZOFEF,0.99540904465935
XUJPOI,XOMCIN,0.8610665564771219
NUNPAP,VEMSUC01,0.9999803772908192
NUNPAP,EZOFEF,0.9947730690516104
NUNPAP,LIDSEY,0.8611550492330856
NUNPAP,XOMCIN,0.8609587614227311
RIQVUJ,AMIWOJ,0.8735523525874058
RIQVUJ,GEVXAI01,0.8721718600912558
RIQVUJ,VIFBIX,0.8706810205301442
RIQVUJ,HOGQIF,0.8477465263096453
IZIDOM,NUDPAE09,0.9999608696695766
IZIDOM,NUDNUW09,0.9999034827162928
IZIDOM,NUDPAE,0.999776707780244
IZIDOM,NIHBAI01,0.9974511325088896
IZIDOM,NIKZAJ01,0.9971929871671948
IZIDOM,IZAKAX,0.9965862209348804
IZIDOM,IZAJUQ,0.9965513569151998
XADDAJ,WOJYUR,0.9990961681671662
XADDAJ,DUGDUG,0.9453737264765512
XADDAJ,CEJXEW,0.932233406398632
XADDAJ,VITZAB,0.9320486002159484
XADDAJ,JUXSIG,0.9289259351026412
XADDAJ,NEBYOK,0.8958214033389719
XADDAJ,UPIBOM,0.8818266312051085
XADDAJ,IFUNUU,0.8494320134560565
OHIHOD,NIGFOZ,0.896918784532009
OHIHOD,UPIBOM,0.884619950556003
OHIHOD,YIXFUI,0.8602879056404837
OHIHOD,LUCDES,0.8566858898173537
OHIHOD,MINCOD,0.8463890455819196
OHIHOD,JUXSIG,0.8448294972345889
OHIHOD,TORPUN,0.8440557817998062
UQOWUU,KEYZIZ,0.9996379628051588
POCMEA04,POCMEA03,0.9999974011159478
POCMEA04,INICPB02,0.9999843881420386
POCMEA04,INICPB01,0.9999390390925637
POCMEA04,TUTQOP,0.9968883833147426
POCMEA04,XILBAW,0.8850431522117783
POCMEA04,LIPZES,0.8846016529978227
POCMEA04,RUBZIY02,0.8837416937165621
POCMEA04,NICOPB01,0.8435638173407346
BEPRIZ,FEXCAO01,0.9583784566018018
BEPRIZ,FEXCES,0.9559908222675936
BEPRIZ,LUWZUZ01,0.886678275312752
BEPRIZ,CAXZOS,0.8866135307421255
BEPRIZ,SIDXOV,0.84257360973346
BEPRIZ,POSGUB,0.840137330626028
BEPRIZ,VACKUI,0.838410982427165
NIFTAA,TUDJEI,0.9999999173707552
NIFTAA,TUDKEJ,0.9999993338865996
NIFTAA,SEFTOO,0.9999991777194548
NIFTAA,SEFWEH,0.999985264027738
GITVIP,GIZJUV,0.9952396784639628
IFEPUG01,IFEPUG,0.9999999128674046
IFEPUG01,FUVGAG,0.9999403798009574
IFEPUG01,FUVGAG02,0.999934901703352
IFEPUG01,FUVDEH04,0.9999313484931338
IFEPUG01,FUVFUZ,0.999928768918692
IFEPUG01,FUVDEH07,0.9999228747392396
IFEPUG01,FUVDEH05,0.9997988539727044
NAOXAL06,NAOXAL,0.9970227502153084
NAOXAL,NAOXAL09,0.999962886212364
NAOXAL,NAOXAL11,0.9998975251630492
CUCITD03,CUCITD02,0.999974358954115
VEJZIU,KUMXEW,0.9999989312563824
VEJZIU,IMIDZB08,0.999994938648885
VEJZIU,IMIDZB05,0.999989313712108
VEJZIU,IMIDZB11,0.9998681356382308
WULJUJ,HUCBOX02,0.8965491277019965
WULJUJ,WANJIF,0.8847195304716414
WULJUJ,KIRFOI,0.8667409083848285
NERVOV,NERVIP01,0.9996960463785944
NERVOV,CEJFOO,0.9991878805502888
NERVOV,LUWZUZ01,0.8837301402592344
NERVOV,LUWZUZ02,0.8836615644094236
NERVOV,BIKMAL01,0.8778429153362035
NERVOV,OCUGAX,0.844001537152717
NERVOV,OJOBAS,0.8425607628726036
PINGIF,QOWLOE,0.99998172573793
PINGIF,PINGEB,0.9999999996328252
PINGIF,PINFOK01,0.9999993655323898
FUMJAZ01,XEVXUT,0.9984650033174578
FUMJAZ01,SIDXOV,0.9059989311460936
FUMJAZ01,CAXZOS,0.8837517676214202
FUMJAZ01,JODGIU,0.882805065427106
FUMJAZ01,OJOBAS,0.8531002373723005
FUMJAZ01,YIRSUQ,0.8511385189966798
DODLOY,CAKFIF,0.8366420508199606
XADDAJ01,WOJYUR,0.9993472570727644
XADDAJ01,VITZAB,0.9323086197724672
XADDAJ01,JUXSIG,0.9294812150036684
XADDAJ01,NEBYOK,0.8956003638841469
XADDAJ01,YIXFUI,0.8869659749362124
XADDAJ01,UPIBOM,0.8824715589013067
XADDAJ01,TORPUN,0.8658008635574747
XADDAJ01,IZEBAR,0.8493553169751612
YICGUP,COKJIX,0.8637486571528634
YICGUP,VODBEW,0.862347276276237
YICGUP,EBEWIT,0.8478958859295719
YICGUP,IBEYEU,0.8430163772405163
YICGUP,XISDOU,0.8426528364517454
DADVAG08,DADVAG07,0.9999994688801894
DADVAG08,DADVAG05,0.999992076664372
DADVAG08,DADVAG02,0.9999908792412568
DADVAG08,XOBXIW,0.998614917580857
HAWVAE,QOZXUZ,0.9976346626696276
CIFHIK,BOKQEZ,0.9997466248568468
YOXXUG01,EYUGOV,0.8841339932534177
YOXXUG01,EHISUJ,0.882944064192745
VOVLAV,YAQZUN,0.9996628567015317
LIXMEM,EHAZES,0.8607436800597414
LIXMEM,WECSAZ01,0.8605739641558227
LIXMEM,YIXFOC03,0.8600008893538107
LIXMEM,ACOFEG,0.8413212535935202
YIXFOC03,YIXFOC,0.9999966031565888
YIXFOC03,EHAZES,0.9997293711932028
YIXFOC03,EXUSUN,0.9986241254604888
YIXFOC03,VUKTEC,0.907451802902391
YIXFOC03,YEKWOC,0.907033487887217
YIXFOC03,QICXUY,0.8968811246776843
YIXFOC03,DIXGIC,0.8778587616173505
YIXFOC03,RUYVIS,0.8727297405337209
YIXFOC03,SENXAN,0.8693710254963254
YIXFOC03,KAHWOG,0.8607572875787357
YIXFOC03,UHISEK,0.8601943902443181
YIXFOC03,PEHWUW,0.860062091775122
BOVHEB,LEYLIN,0.9295189884893428
BOVHEB,PEPHID,0.8930488122104121
BOVHEB,GAMFEG,0.8885608460739007
BOVHEB,VAHWOS,0.8437468334217932
BOVHEB,VEMMAC,0.8430667035733921
MGFORD02,AMURUX,0.9999748097313595
MGFORD02,NAXVOY01,0.997130232687815
MGFORD02,NIWZIE01,0.9966417697978488
LUWZUZ,LUWZUZ02,0.9999995766681228
LUWZUZ,LUWZUZ01,0.9999973823740116
LUWZUZ,BIKMAL01,0.9138184328664704
LUWZUZ,NERVIP01,0.8828742484716862
LUWZUZ,FEXCAO01,0.871635547647378
LUWZUZ,FEXCES,0.8642182072141794
NOHSUA,KAKBUW,0.9995120476143377
TOXMUQ,NIRPOW,0.9999999999775626
TOXMUQ,TOXNEB,0.9999998393994728
TOXMUQ,OTECAT,0.8633196758420861
TOXMUQ,PEYSUJ,0.8540903752801918
EHAZES,IBEYAQ,0.9462796495257638
EHAZES,YEKWOC,0.9079026070866256
EHAZES,VUKTEC,0.9062586441439792
EHAZES,QICXUY,0.8958942489881343
EHAZES,WOJYOL,0.8847790496411745
EHAZES,LUCDAO,0.8809481062585776
EHAZES,SENXER,0.8706226777542916
EHAZES,RUYVIS,0.8701076364426801
EHAZES,PEHWUW,0.8608742202272824
EHAZES,KAHWOG,0.8601806380544661
PIQMUZ,RUYVAK,0.9628561360445368
RUZCIA,YAZVAZ,0.9988319309697248
WIDTAF,DELTAQ03,0.9974534148518585
WIDTAF,DELTAQ02,0.9974183883020978
ASUKEE01,ASUKEE,0.9999991907903646
ASUKEE01,OJOQAF02,0.998428434328379
ASUKEE01,LABJUV,0.8891584023473739
ASUKEE01,KAGJOS,0.8616746913271273
ASUKEE01,RANLAV,0.8551172985884326
OFOJAX,ERARUM,0.9311892436784802
OFOJAX,UVAHIK,0.930692136780818
OFOJAX,BUNKUS,0.9001585121610438
OFOJAX,GERBEN,0.8972670654626315
OFOJAX,DODBUV,0.8718318108830162
OFOJAX,DITJOH,0.8620592632364051
MINCOD,LUCDES,0.8715799044780407
MINCOD,YIXFUI,0.8704838547717675
SIDXOV,XEVXUT,0.908502691271518
SIDXOV,JODGIU,0.9007360083021084
SIDXOV,BIKMAL01,0.8589453730267507
SIDXOV,BIKMAL,0.858340947948131
SIDXOV,YIRSUQ,0.8524380353714018
WAWGOQ,CATDEH,0.8558721897912199
VELVOY,MECWEX,0.999999999983054
OKIYIR,OKIYIR01,0.9999999921648326
OKIYIR,WUNVAD,0.999998542745647
OKIYIR,SAHYAD02,0.9999966808268916
OKIYIR,WUNTAB,0.9999964238331914
ZEDVOV,ALUJOH,0.991292729121562
ZEDVOV,VUKSUR,0.9079626985448852
ZEDVOV,VUWSAJ,0.8849047468610532
ZEDVOV,QOHZIX,0.8434776623619371
VALGAS,IRELAU,0.8509314650890383
SOJKOT07,MAJMOA03,0.999978034202928
SOJKOT07,DADTUY11,0.9998645966473522
SOJKOT07,EDAGEX,0.9976385267081632
SOJKOT07,RAVVIU,0.9970850894012055
SOJKOT07,JEXWUF,0.9959723490189374
HIYZEV01,PUNYIH,0.8952126981347202
HIYZEV01,BETZOR,0.8847934170213655
HIYZEV01,REZFEK,0.8641094149164931
DELTAQ01,DELTAQ02,0.9998082490733068
HUFJID,TAMJEY,0.9985130481748292
HUFJID,HUFHIB,0.9974696247941848
HUFJID,HUFJEZ,0.9972264121666377
HUFJID,GAMSOD,0.8782776182737541
OKIVIO02,WUNVAD,0.9999913118556916
OKIVIO02,WUNTAB,0.9999869064456182
YAYNEU,QUQFOY,0.8408105095283336
JUXSIG,VITZAB,0.998914686835332
JUXSIG,NIGFOZ,0.9363958047917996
JUXSIG,WOJYUR,0.9318614997867448
JUXSIG,YENZEZ,0.8582236615796746
IMIDZB05,IMIDZB01,0.9999999881996432
IMIDZB05,KUMXEW,0.9999922685505624
IMIDZB05,IMIDZB08,0.9999891766535536
IMIDZB05,IMIDZB11,0.9999322155928664
IMIDZB05,IMIDZB07,0.9973112020962512
GOVWOF,PUNYIH,0.8608273101594794
KIJVUX,FIXYIX,0.9986334668559502
PASGAU,QONLEM,0.9999120802797102
PASGAU,PEBNER,0.9985356244131758
PASGAU,JAVNIE,0.9979108234230922
PASGAU,BUZKUE,0.9978331779390636
PASGAU,QITZUP,0.8689787556486086
PASGAU,CEXJUN,0.8627576754122542
PASGAU,RODSAG,0.8562362684963788
PASGAU,RANLAV,0.8508992876696057
EZOFEF,VEMSUC,0.9956629359248657
EZOFEF,LIDSEY,0.8561554070071677
FUVDEH05,FUVDEH07,0.9999704399445396
FUVDEH05,FUVDEH08,0.999968872765499
FUVDEH05,FUVDEH04,0.9999648543644272
FUVDEH08,FUVFUZ,0.9999999605236124
FUVDEH08,FUVGAG02,0.9999996748192584
FUVDEH08,FUVGAG,0.9999991587759152
FUVDEH08,IFEPUG,0.9999201894676336
VEMSUC01,XOMCIN,0.8610636056877676
ROLCEC13,ROLCEC11,0.9998911741719024
ROLCEC13,MACUFR04,0.9975718114377096
ROLCEC13,MAGNEQ01,0.997510371532665
ROLCEC13,MAGMOZ01,0.996965252848853
ROLCEC13,YUKVOQ03,0.9966194611717186
ROLCEC13,AYONOT,0.9957175969733622
ROLCEC13,CUFORM04,0.9949052434371836
DITKAT01,DITKAT,0.9999966169379688
DITKAT01,XILBAW,0.8586909669899614
DITKAT01,LIPZES,0.8559623609820406
DAWCOV,ENISUQ,0.8607180969689969
LUWMEX,APAZOI,0.9999659672850774
LUWMEX,WOJYEB,0.9993043632528475
LUWMEX,FECXAO,0.9479822157291748
LUWMEX,RUWWUC,0.8496525036241347
LUWMEX,RUWWOW,0.8495820789799571
FUMJAZ,XEVXUT,0.9983966344620446
FUMJAZ,CAXZOS,0.8836557763577177
FUMJAZ,JODGIU,0.8827037870722454
FUMJAZ,OJOBAS,0.8529301824476951
FUMJAZ,YIRSUQ,0.8510353684448154
FUMJAZ,BIKMAL01,0.8385791177801023
CUFFIT,TONKEN,0.9472095915295732
CUFFIT,MUQYEE,0.9472094443648476
CUFFIT,OWIJAH,0.9469416741224148
CUFFIT,TIRFIK,0.8941461077656032
CUFFIT,VIFPUY03,0.8747100584011811
CUFFIT,CIFSIW,0.8380973448172434
RUBZIY02,XILBAW,0.999054442816158
RUBZIY02,LIPZES,0.9966013442027616
RUBZIY02,IVOLOW,0.8961199996167553
RUBZIY02,TUTQOP,0.8846976578064302
RUBZIY02,INICPB01,0.8842504108702783
RUBZIY02,INICPB02,0.8839413882883876
RUBZIY02,POCMEA03,0.8838565409787598
RUBZIY02,RUDRUE,0.8707224665344833
RUBZIY02,TEDZUZ,0.8641184499367585
RUBZIY02,FAHQUD,0.8507570758552068
TUTQOP,INICPB01,0.997691931900955
TUTQOP,INICPB02,0.9971823105205472
TUTQOP,POCMEA,0.9968838812616634
TUTQOP,XILBAW,0.8825728935961692
TUTQOP,XAPMUY,0.8433275018160107
TONKEN,OWIJAH,0.999789322962266
TONKEN,XINTOG,0.8781362334972492
TONKEN,CIFSIW,0.8628534050471397
TONKEN,UNIDAY,0.8617185403332983
JODGIU,OJOBAS,0.922982115881094
JODGIU,LUWZUZ01,0.8823741801336357
JODGIU,LUWZUZ02,0.8822042378832528
JODGIU,XEVXUT,0.8797196255542312
JODGIU,FEXCAO01,0.8693551967301691
JODGIU,YIRSUQ,0.8687657501655468
JODGIU,VACKUI,0.855617628726995
XEGREJ,VUKKET,0.9402762781884308
XEGREJ,MUQZII,0.8432901248021956
LEPLAV,UHISEK,0.9970486767959056
BEJKEJ,KEVBUK,0.9237972930995376
BEJKEJ,XOMCIN,0.9090939540212856
BEJKEJ,LIDSEY,0.9090448702973394
BEJKEJ,EKEKAH,0.881932381357363
NIKZEN,CAJHUS01,0.9999998495349992
NIKZEN,IZAKAX,0.9999246673010224
NIKZEN,NUDPAE,0.9987827898094191
NIKZEN,NUDPAE09,0.9980989177350176
GAMKUD,NIPHAY,0.996720264444102
TOVJIZ,TOVJEV,0.9077740533598436
TOVJIZ,SADMIV,0.850961469117481
TOVJIZ,SETQOZ,0.8509375169522854
TOVJIZ,SADMUH,0.8507784186847196
TOVJIZ,SETRAM,0.8506038536418492
TOVJIZ,SETQEP,0.8501644000476181
AZOCAU,PABXAT,0.9955738046217558
TIRFIK,VIFPUY03,0.8559843049466791
TIRFIK,MUQYEE,0.8524484537415697
EBEWIT,RAVDID,0.8943105413762804
EBEWIT,COKJIX,0.8940126354780359
EBEWIT,VODBEW,0.8897659326896781
EBEWIT,AFUDUD,0.8845598689006546
EBEWIT,INOVEN,0.8577678074569992
EBEWIT,LUWNAU,0.8548204285399073
EBEWIT,UMIZEX,0.8452868274611818
EBEWIT,XISDOU,0.8394175239082862
OJOBAS,NERVIP01,0.843564938758142
OJOBAS,GAGWOB,0.8427678496476838
OJOBAS,YIRSUQ,0.8413541737155862
QIQTOB,XUYYIA,0.9335788930995272
QIQTOB,FIQDER,0.9286570519366042
VIFBIX,AMIWOJ,0.9988264824666084
VIFBIX,AFOJIO,0.992915856794597
VIFBIX,GEVXAI01,0.9892692234267116
MUPQEU,KELJIV,0.9819103668303872
MUPQEU,ALICII,0.9783730223885576
ARIDIQ,TACJEO,0.851734199756573
MEFSOI,IGOYOU,0.8499868914660713
WACLEU,REZFEK,0.8583022239815157
WACLEU,WURKEB,0.8490710354911015
WACLEU,PUNYIH,0.8459226564380142
WACLEU,SAMVIO,0.8431776904836318
LARPOL,WUCRUH,0.9999600895716574
ROFREL,MAGXOK,0.945248735996414
VONCUY,VONBUX,0.999973088357914
VONCUY,VONBUX01,0.999440222677168
VONCUY,VONCOS,0.9972220777231092
DECYES,DECXUH,0.8466970772800625
IDIWOH,IXODUV,0.9999997750509152
IDIWOH,IXOFAD,0.999997690794695
IDIWOH,ALOVEC,0.9959683431498092
SUHPUH,SUHMIS,0.9999999755411234
SUHPUH,SUHPIV,0.999999340481815
SUHPUH,BOBTOC,0.9998670149124268
SUHPUH,OGULUY,0.9899356528575204
UQEFED,OKAYIK,0.9998096066134586
UQEFED,QUXRIM,0.9988045680007576
UQEFED,DIQGUH,0.8960220418651349
UQEFED,LIWYUM,0.8527290133209273
UQEFED,HAFVOB,0.8514455444228677
NUDMUW,NUDLOP01,0.999990114860263
NIKZAJ01,NIHBAI01,0.9999935007803986
NIKZAJ01,CAJHUS01,0.9999897103436756
NIKZAJ01,IZAJUQ,0.9999664438221756
FEXCES,FEXCAO01,0.9949493876747189
FEXCES,CAXZOS,0.8686517683800539
FEXCES,POSGUB,0.8459427314756001
WOJYUR,VITZAB,0.9330116929694304
WOJYUR,CEJXEW,0.9330077067190348
WOJYUR,YIXFUI,0.8853835014924867
WOJYUR,UPIBOM,0.8853617945293644
WOJYUR,IZEBAR,0.8496363445137975
KIRFOI,IDUDES,0.8895278358807452
KIRFOI,WANJIF,0.8850517017971473
XILBAW,XAPMUY,0.9469257521095004
XILBAW,SAQCIZ,0.8931499612379096
XILBAW,IVOLOW,0.8930285710741315
XILBAW,POCMEA03,0.8850593151850417
XILBAW,TEDZUZ,0.8638496445266053
XILBAW,SOSQOI,0.8550136862958365
XILBAW,HAPZUW,0.8550014953645579
XILBAW,FAHQUD,0.8530601923820742
NIRSUF,OCUNAE,0.852102451847713
NIRSUF,OCUMOR,0.8513393197430785
ERARUM,WIZMAV07,0.9999990666881218
ERARUM,GERBEN,0.9554749392297156
ERARUM,BUNKUS,0.9489415762885736
ERARUM,UFOSEQ,0.9469105710691216
ERARUM,DITJOH,0.9225259437728244
ERARUM,WUPTUY,0.8632707732551123
GUPBEZ02,GUSPUG,0.9933557814794216
GIYTOY,GIZNOT,0.9999997542638714
RUYVIS,EXUSUN,0.8660531351637112
BOPWIO,DODLUE,0.8359272373277067
VAHWIM,VAHWOS,0.9999880082759044
VAHWIM,VEMMAC,0.9999018945423672
VAHWIM,MIVFUU,0.925285498033051
VAHWIM,SAQFUM,0.8569519822271849
OMOFED03,YAYPOF,0.8623400186670049
OMOFED03,WIVKIX,0.8605116123100185
OMOFED03,OVUDAL,0.8600621056262379
YAYPOF,OVUDAL,0.9998429579884412
SUHPIV,SUHMIS,0.9999993984289418
WOJYOL,VITYUU,0.933010751685276
WOJYOL,IBEYAQ,0.9265161908812604
WOJYOL,WECSAZ01,0.8850856616868144
WOJYOL,DIXGIC,0.8654083178926267
WOJYOL,IFUPAC,0.8506234857410551
SENXAN,SENXER,0.9993194981212294
SENXAN,LUCDAO,0.8711026834758443
SENXAN,UHISEK,0.8515786794553638
SENXAN,AHONEQ,0.8492320702472235
QEJBIT,WOBHOL,0.8751530434143836
QEJBIT,COKNAT,0.8751473006884326
QEJBIT,WOBHEB,0.8745436793063209
YIRSUQ,XEVXUT,0.8513977942582704
YIRSUQ,XUYYIA,0.8380609612992618
RORLIV,VINMOX,0.9999876004576572
RORLIV,ISITUZ01,0.9981420712921856
RUSXAG,UZIZUA,0.9999995518318494
RUSXAG,FOBJUD,0.8636634402681147
RUSXAG,SARMII,0.8510465569911875
UZIZUA,FOBJUD,0.8636475733518842
UZIZUA,MEGPOF,0.8636056472156558
UZIZUA,SARMII,0.8508970793453462
ADUWIH,NERVAJ,0.9395885657852734
XAPMUY,HAPZUW,0.8999893177045732
XAPMUY,SAQCIZ,0.853107744386549
XAPMUY,IVOLOW,0.8530178278935605
XAPMUY,INICPB02,0.8440201304101949
XAPMUY,POCMEA,0.8439048712348387
YANWOC,JEDKIP01,0.9999918939874324
YANWOC,PADJOU01,0.9999049879093104
KEPNAX01,KEPNAX03,0.9999993820801032
KEPNAX01,KENVOR,0.878754892914456
KEPNAX01,KENVOR01,0.8787291743153391
KEPNAX01,KENVIL02,0.8787044674851807
KEPNAX01,ADAVEI,0.848040334998359
AVAQAP,HAXYIQ,0.8463987178497697
AVAQAP,ALUJOH,0.996255333881376
BERQIA,JUYJIY,0.8547663001697375
TORPUN,UPIBOM,0.8740246113176505
TORPUN,NIGFOZ,0.8641256563620857
TORPUN,CEJXEW,0.8640758015896682
TORPUN,DUGDUG,0.8487471703842989
TORPUN,LUCDES,0.8428139018338892
TORPUN,IZEBAR,0.8426040118900499
CAXZOS,LUWZUZ01,0.8833800607413147
CAXZOS,LUWZUZ02,0.8832494491308787
CAXZOS,XEVXUT,0.8814985265115785
CAXZOS,FEXCAO01,0.87024609177645
CAXZOS,VACKUI,0.8547301237189595
WECSAZ01,IBEYAQ,0.9460759066749302
WECSAZ01,QICXUY,0.8961265610987251
WECSAZ01,LUCDAO,0.8813413044385316
WECSAZ01,DIXGIC,0.877411032290463
WECSAZ01,PEHWUW,0.8607630183846253
WECSAZ01,AHONEQ,0.8605474296645419
WECSAZ01,KAHWOG,0.8603368931410146
WECSAZ01,UHISEK,0.8593430987987817
FIQDER,XUYYIA,0.9247979260314192
BIKMAL01,LUWZUZ01,0.9138937191793332
BIKMAL01,CEJFOO,0.8772370107531134
BIKMAL01,NERVIP01,0.877155016593218
RAGREY,OJOQAF02,0.9954396559970344
RAGREY,KAGJOS,0.8601407868164368
RAGREY,RANLAV,0.8536729039389928
NAXVOY01,NIWZIE01,0.9999806582930956
NAXVOY01,AMURUX08,0.9965896751976412
FEXCAO01,LUWZUZ01,0.8717168580645078
FEXCAO01,POSGUB,0.8439477856996753
UMARIL,XUFYEE,0.8718658106420668
UMARIL,KIFKAM,0.869268645921544
RIBSAZ,UVAHIK,0.8527586790572088
PEPHID,AQOROP,0.8762047628748281
PEPHID,LEYLIN,0.852744805520586
BEVSUR,ELIJUF,0.8606403041420829
WUPTUY01,WUPTUY,0.9999894088979412
WUPTUY01,UFOSEQ,0.904947714219027
WUPTUY01,WIZMAV07,0.863463521136445
WUPTUY01,UVAHIK,0.8633005282250867
UGUQOC,FABFOF,0.9999986503439888
UGUQOC,COKNAT,0.8726392697618147
UGUQOC,WOBHEB,0.8721988865969483
UGUQOC,HIVSIQ,0.8605400613376556
HAZGOF12,CAVMUJ02,0.9988908722907484
VITYUU,NAJSUP,0.8865726697647478
VITYUU,ASUBIB,0.8642332687349514
VITYUU,IFUPAC,0.8542965357300113
VITYUU,AHONEQ,0.8540477327222318
NUYXEL,BUPJUS,0.9065154778833754
BEPMEQ,BEPNIV,0.9999999480373836
BEPMEQ,MAWTUC,0.999983394922164
BEPMEQ,BEPPIX,0.9140388470642544
BEPMEQ,KIGCEK,0.9073044088517852
BEPMEQ,UFARAX,0.8994025391785607
BEPMEQ,UFAREB,0.8993581992574525
JOFPAX,KAYBAP,0.8899751939245275
KAYBAP,KAYBIX,0.9980614062671956
NIHBAI01,CAJHUS01,0.999999543944896
NIHBAI01,IZAKAX,0.9999365566837264
NIHBAI01,IZAJUQ,0.9999317121631836
NIHBAI01,NUDPAE,0.998734082758176
NIHBAI01,NUDNUW09,0.9968079218362378
DEBBIY,MIMVEJ,0.8848111076050131
WUNTAB,WUNVAD,0.9999995194307756
WUNTAB,SAHYAD02,0.9999862142110746
UNIDAY,CIFSIW,0.9998588494708348
UNIDAY,VIFPUY03,0.9028437540847424
UNIDAY,OWIJAH,0.8598210151407284
UNIDAY,LEPTUY,0.8509156000006313
SOKKUZ,IFIPIZ,0.9951992876751912
DOJXOQ,JEHLEO,0.9060165796724166
DOJXOQ,FOKYEL,0.8608673317712267
DOJXOQ,ATIJUI,0.8574022191890517
DOJXOQ,UTONAT,0.8400715844762621
ACUBOP,HIBSUG06,0.9997666521820854
FECXAO,APAZOI,0.9479226665662348
FECXAO,WOJYEB,0.9474172376589308
FECXAO,JIYPEP,0.868674207620983
TOVJEV,VAGVAC,0.845975881198248
TOVJEV,SADMUH,0.8454530645967188
XEVXUT,BIKMAL,0.8386316268762138
ZEDZAL,IBEXUJ,0.9523909543802084
ZEDZAL,ATIJUI,0.9069878364815328
ZEDZAL,FOKYEL,0.8413981065744107
ALUJOH,AFOVOH,0.9396950458222042
ALUJOH,UKAPUS,0.8946516590815462
ALUJOH,VUWSAJ,0.878606851417388
ALUJOH,QOHZIX,0.8449521739012945
POCMEA03,INICPB02,0.999991807865584
POCMEA03,NICOPB01,0.8436143124960989
UFUKUB01,UFUKUB03,0.9995491508488894
UFUKUB01,EBIMEJ,0.8413307500478813
UFUKUB03,HUZJIW,0.998444436985208
UFUKUB03,EBIMEJ,0.8426126069784721
UHOGEF,MOXNIY,0.9985829094215752
HORHEC,NICZAA01,0.9005006585001547
HORHEC,HORHOM,0.9994367315902076
HORHEC,FOXQIT,0.9047594069433916
HORHEC,UFEVIL,0.90460659158042
HORHEC,UFEVEH,0.9023723088710772
HORHEC,AHAJUP,0.853510297774755
WIVGAK,WEWFIQ,0.9997919191091216
VEZVUT,VIHHUR,0.8863432853774803
MAGVOG27,MAGVOG32,0.9999964284954048
MAGVOG27,MAGVOG33,0.9999931129591082
VONCOS,VONBUX01,0.9984014869128038
VONCOS,VONBUX,0.9977305536388564
VONCOS,YEJXUI,0.901738487967224
EVUVUN,EVUWIC,0.9965525529657022
EBIMEJ,HUZJIW,0.8395170129525995
QOPCEE,QOPCII,0.999985883343939
KAFPUE,FEJFAE,0.8390905211216594
LUWZUZ01,LUWZUZ02,0.999997397797251
LUWZUZ01,BIKMAL,0.9138151459683896
LUWZUZ01,NERVIP01,0.8830224622811638
WOBHOL,WOBHEB,0.999746129058873
WOBHOL,FABFOF,0.8726292832033273
LEJRIC,GINYAG,0.8749135252548615
TUDJEI,SEFTOO,0.9999985737739404
TUDJEI,SEFWEH,0.9999873882730366
GEDKUX,EYOQEP,0.8620414957744201
COKJIX,VODBEW,0.9990528976617592
NAVJAW01,SACMOA,0.8692261734084903
NAVJAW01,UGECEO01,0.8663359263451069
NAVJAW01,KUHNEI,0.8614927690914074
WURKEB,POVVAY,0.8709053926383674
WURKEB,QUJJUB,0.8644056654779269
WURKEB,COKNUN,0.8590499070873927
WURKEB,COKNUN02,0.8590238333129189
INICPB02,POCMEA,0.9999836026516586
INICPB02,INICPB01,0.99997111172723
INICPB02,LIPZES,0.8844586655357194
INICPB02,NICOPB01,0.8437162531533747
IXODUV,IXOFUX,0.9999998626958616
IXODUV,IXOFUX01,0.9999998301875174
IXODUV,IXOFAD,0.9999977917532664
IXODUV,ALOVEC,0.9960281055306625
XOJLAK,WEBVAC,0.9048644482888752
JEDKIP01,PADJOU01,0.9998415423289642
JEDKIP01,LIJWOR05,0.999718626701561
CEJFOO,NERVIP01,0.99858837841226
FADCIZ03,FADKAZ,0.999999879854031
VITZAB,UPIBOM,0.9453628759142624
VITZAB,NEBYOK,0.900954159364941
VITZAB,YENZEZ,0.8626072467693344
VITZAB,IFUNUU,0.8544195228693693
WARWOC,DAYCIQ,0.9986326537735664
WARWOC,NOCLUN,0.8604218734769814
WARWOC,NOCLOH03,0.8592443756245378
DADVAG04,DADVAG02,0.999999772902743
DADVAG04,DADVAG,0.9999957282916196
DADVAG04,XOBXIW,0.9987975477486476
HIXWIU01,REGLOG,0.9955810784447392
UFOSEQ,UVAHIK,0.9470033449749684
UFOSEQ,WIZMAV07,0.9469432384055334
UFOSEQ,GERBEN,0.9059082925062548
UFOSEQ,WUPTUY,0.9045646722742848
UFOSEQ,DITJOH,0.877859314596983
CIRSII,XADZIN,0.8210969294595918
WUNVAD,OKIYIR01,0.9999984400118436
YEKWOC,EXUSUN,0.9082429697366936
RBTCNQ12,RBTCNQ13,0.9999357781788188
LIJWOR05,PADJOU01,0.9999813735896064
LIJWOR05,VIRJEM,0.9999740684344264
UREVIY,WUZKUY,0.9999548577159272
QUPZAE,HADLOQ,0.9995782113639498
QUPZAE,AQOMAW,0.9034892340619698
QUPZAE,HADLUW,0.8536043544319403
IMIDZB01,KUMXEW,0.999991771578348
IMIDZB01,IMIDZB07,0.997322398148402
EKUNON02,JUYJIY,0.8817848532663761
EKUNON02,MALWUU,0.8634899315694242
EKUNON02,REXYAX,0.8484456542389693
COCMOY,WOLREV,0.9119828697020296
BAZJET,MIVFOO,0.8948867917053556
GAMFEG,AQOROP,0.9062818468688912
GAMFEG,ROSKOB,0.8821092803299071
GAMFEG,SAQFUM,0.8723294286990027
VAYFAE,JUYJIY,0.8967949956544561
CIFSIW,VIFPUY03,0.9042908347472712
CIFSIW,MUQYEE,0.8632191907843569
GERBEN,HICNOZ,0.9160159328954492
GERBEN,DITJOH,0.8843038593391068
REZXEA,IZEPEJ,0.9914196815347684
REZXEA,LURMAO,0.9985016308500164
CIMFUB,YESXEC,0.9999531358462588
AMIXUQ,HELNAQ,0.9992887024084738
AMIXUQ,MAPGOC,0.9965989925660392
AMIXUQ,BICPUA,0.9036591942659
AMIXUQ,LAVTUZ,0.8645466962339138
FUVGAG02,FUVDEH04,0.99999995269929
FUVGAG02,FUVGAG,0.999999879616701
FUVGAG02,IFEPUG,0.9999300516506864
UNINUC,UNINIQ,0.9999988838949008
CEXJUN,QITZUP,0.8731593177342363
CEXJUN,PEBNER,0.8635550392832183
CEXJUN,BUZKUE,0.8633425307342946
CEXJUN,QONLEM,0.8632217023702928
CEXJUN,QOMRUH,0.8627350941378688
CEXJUN,QOMSAO,0.8625615854855928
BUZKUE,PEBNER,0.9999311200648268
BUZKUE,JAVNIE,0.9998478846037988
BUZKUE,QONLEM,0.9986161732302408
BUZKUE,QITZUP,0.8747571655633584
BUZKUE,RODSAG,0.8580260070584848
BUZKUE,RAJPIE,0.8573888004469516
IMIDZB07,IMIDZB11,0.9977829458661768
IMIDZB07,KUMXEW,0.9970851536928664
BUNKUS,UVAHIK,0.9484336413926642
BUNKUS,DITJOH,0.876985567941265
BUNKUS,HICNOZ,0.8439104882474185
VESBIG,VESBIG01,0.9996472447084565
QICXUY,EXUSUN,0.8938892557750533
QICXUY,IBEYAQ,0.8803036561883986
WANJIF,GERWEH,0.8427327208232719
EYULAM,XUMNAW,0.8877612135885184
EWETUW,YIXFUI,0.907887139452988
RAGCOS,XOVPON,0.9020140263359434
RAJFAL,MOMQAI,0.8611539923294258
WUPTUY,WIZMAV07,0.8631863615843838
WUPTUY,UVAHIK,0.8630108170236881
GEVXAI01,AFOJIO,0.9996075259155436
GEVXAI01,AMIWOJ,0.995158466430456
AMIWOJ,AFOJIO,0.997490881374784
DIXGIC,IBEYAQ,0.9193083440731484
DIXGIC,EXUSUN,0.8757231945365918
SEQXET,PELVUZ,0.8623970039628014
SEQXET,YEMROA,0.8553408494363859
HAZGOF16,EXEQAA,0.8340100946441443
HAZGOF16,GATHAL,0.999994026938008
HAZGOF16,HAZGOF04,0.9999908730000332
HAZGOF16,CAVMUJ02,0.9988677082771302
TAJQEC,COQMAX,0.9996890132821716
JUYJIY,WEVVOL,0.8883740272797803
DOJXIK,LESWAI,0.8635718584761487
INOMOP,INOMIJ,0.998585237546918
KENVOR,KENVOR01,0.999997519892002
KENVOR,KENTEF05,0.9999947449912246
KENVOR,KEPMUQ05,0.8787497034324023
KENVOR,KEPNAX03,0.8787357513757941
IZEBAR,YIXFUI,0.8598257664750948
IZEBAR,UPIBOM,0.8585294191407695
XINTOG,OWIJAH,0.8751819145461415
SENXER,EXUSUN,0.8677257908447176
SENXER,UHISEK,0.8532126058819723
SENXER,KAHWOG,0.8523680361311031
GAWMOI,MOZFIR,0.9105365712222088
GISLOK,SEHSOO,0.849999194856887
GISLOK,IDINER,0.8424362649998741
UQEFAZ,DIQGUH,0.8937230337858817
UQEFAZ,HAFVOB,0.8507194104922735
UQEFAZ,LIWYUM,0.8481800691276744
XISDOU,AYOZIZ,0.9870191851828396
XISDOU,UMIZEX,0.9693322337518484
XISDOU,IBEYEU,0.9532967756590524
XISDOU,AFUDUD,0.9474001354233824
CUQKOQ,WIVKIX,0.8698779140404155
IFUNUU,UPIBOM,0.8383305134452768
CEJXEW,YIXFUI,0.9454821793010983
CEJXEW,ZAXSAV,0.8647775707347586
CEJXEW,CUXPOB,0.864295765095459
CEJXEW,CUJCIV,0.8622571520825614
HUFHIB,TAMJEY,0.9998614562871068
ELUQIM01,VERZUP,0.9999947436864232
ELUQIM01,TAYZUQ,0.995287342789694
OCUQIO02,OCUQIO,0.999999798326144
OCUQIO02,YUKVOQ07,0.9999985560893792
OCUQIO02,MAGMOZ01,0.9999944272271004
OCUQIO02,YUKVOQ03,0.9999879659873366
OCUQIO02,MAGNEQ01,0.9999459042153732
OCUQIO02,MACUFR04,0.999936994371174
OCUQIO02,AYONOT,0.9998868775229304
OCUQIO02,MACUFR06,0.9998311280800528
OCUQIO02,ROLCEC11,0.9978109118512316
QIKZIW,AMIXIE,0.8992912673214091
QIKZIW,UCEXOQ,0.8965039499672135
YUKVOQ07,OCUQIO,0.9999986968186284
YUKVOQ07,MAGMOZ01,0.9999878619773568
YUKVOQ07,MAGNEQ01,0.9999268488426274
YUKVOQ07,MACUFR04,0.999916476012484
YUKVOQ07,CUFORM04,0.9997696267690832
APAZOI,RUWWUC,0.8495967315758377
APAZOI,RUWWOW01,0.8494492113811923
APAZOI,RUWWOW,0.8494329215271607
RAVVIU,EDAGEX,0.9999706319780431
RAVVIU,JEXWUF,0.9999094001745258
RAVVIU,DADTUY,0.9985464514080248
RAVVIU,DADTUY09,0.99842387223995
RAVVIU,DADTUY11,0.9982038714159084
RAVVIU,MAJMOA03,0.9965592328265368
ADAVEI,KEPMUQ05,0.8480280968846738
ADAVEI,KEPNAX03,0.8480238751066953
KEPMUQ05,KENTEF05,0.8787091926213961
KEPMUQ05,KENVIL02,0.8786978393184598
LARPEB,POJTOY,0.864412670500081
LARPEB,VAGVAC,0.8642473773728472
LARPEB,SETRAM,0.8617073330749098
LARPEB,SETQEP,0.8608017018316377
WOLREV,MIVFOO,0.8802131845343587
FABFOF,WOBHEB,0.8721531376832463
UNIRUF01,UNIRUF,0.9999455451341372
UNIRUF05,UNIRUF04,0.9999406396688932
UNIRUF05,UNIRUF,0.9995175875192452
UNIRUF05,UNIRUF11,0.9994433851113912
UNIRUF05,UNISEQ01,0.9991507688230344
UNIRUF05,NIRCUO,0.9988846372250972
UNIRUF05,UNIROZ,0.996299468996409
EQUCUO07,EQUCUO02,0.9999772000549144
EQUCUO07,EQUCUO12,0.9999705079927586
DOJTON,YURCOF,0.9005773088350844
XOMCIN,LIDSEY,0.9998432364344616
XOMCIN,VEMSUC,0.8610992899407219
CUJCIV,ZAXSAV,0.9978270221713736
KOLPIL,QITMOW,0.8429427047257717
NERCIY,DANVEU,0.9980943168283254
DUGDUG,YIXFUI,0.9068452969510452
DUGDUG,NEBYOK,0.8431917455216571
DUGDUG,NIGFOZ,0.8400899365371467
FAHQUD,LIPZES,0.8535176669888643
YUKVOQ03,AYONOT,0.9999363012340464
YUKVOQ03,MACUFR04,0.9999118103811332
YUKVOQ03,CUFORM04,0.9998072685868854
YUKVOQ03,MACUFR06,0.9998054351495862
YUKVOQ03,ROLCEC11,0.9977185130443876
FIQZIP01,FIQZIP,0.9999981346072844
RABWAS,NOHFEX01,0.9244991657606044
AVOGEX,SABJUD,0.8631859407837099
IKEJUF,CETFUD,0.9326241510985688
NUXLUN01,AHOKIR01,0.907725204354715
NUXLUN01,AHOKIR,0.8779133692997441
VAHWOS,VEMMAC,0.9999411718451244
VAHWOS,EHIVOH,0.9252891333997652
VAHWOS,MIVFUU,0.9252191587969568
VAHWOS,SAQFUM,0.8569601881999207
MUQYEE,OWIJAH,0.999657553942377
KIFKAM,NOCKOG,0.9998608187162702
KIFKAM,XUFYEE,0.9035580036235098
KIFKAM,XEQLEM01,0.8847717323357167
KIFKAM,XEQLEM,0.8847350563627107
KIFKAM,MUDLON,0.873851939541863
KIFKAM,RASKIH,0.8600499503377774
KEDJAG09,KEDJAG02,0.9999968355441888
KEDJAG09,XULFOA,0.8643763586654746
HOXGAD,DIMBOS,0.9894404981850552
HAZPIJ,HAZPAB,0.9997149573971216
OCUQIO,MAGMOZ01,0.9999944833932028
OCUQIO,MACUFR04,0.999934512915058
OCUQIO,AYONOT,0.9998950483958924
OCUQIO,MACUFR06,0.9998281918634928
OCUQIO,CUFORM04,0.9997493946632088
OCUQIO,ROLCEC11,0.9977969101142948
PEQTOV,EMEYOK02,0.9999362934317304
XOBGON,UPIBOM,0.8753778442005186
XOBGON,NIGFOZ,0.8739322608824496
FUVDEH07,FUVDEH04,0.9999997534709196
NUDPAE,NUDPAE09,0.999923852650443
NUDPAE,NUDNUW09,0.999510534004827
ATIKIX,ALUJUN,0.9995902145212404
VIRJEM,PADJOU01,0.999998794471739
LIDSEY,CAXZUY,0.9084446826277895
LIDSEY,KEVBUK,0.8864589146960603
LIDSEY,VEMSUC,0.861133582857806
MOFTUY,QQQDHD01,0.9451195844529772
MOFTUY,QQQDHD02,0.9448903433668978
XINJEL,FOJKIA,0.9978647795073998
FOKWOT,MICCIM,0.9953839946007974
FOKWOT,REXYAX,0.8559563651558817
IXOFUX01,IXOFUX,0.9999999973919438
IXOFUX01,IXOFAD,0.9999986495494348
AMURUX,AMURUX08,0.999987505652536
TAFBEJ,TAFBIN,0.999168318504776
VERZUP,YUKVUW04,0.9968597119050384
VERZUP,TAYZUQ,0.9949689215833412
VERZUP,AMOBEL02,0.9933131551134782
OBAHOR,OBAHUX,0.9999884702358308
SOWWUY,SOWYOU,0.9998366407049424
QUQFOY,WEVVOL,0.8677135559089919
QUQFOY,IJEYEC,0.8410775526543262
JAVNIE,PEBNER,0.9998152756222256
JAVNIE,QOMRUH,0.99787239496217
JAVNIE,QOMSAO,0.9976650594832296
JAVNIE,RODSAG,0.8579301192074825
JAVNIE,RAJPIE,0.8571670340031572
JAVNIE,RANLAV,0.8513886021540876
UHISEK,AHONEQ,0.9995329671402758
UHISEK,EXUSUN,0.8569383652050724
DITJOH,UVAHIK,0.922559098145627
DITJOH,WIZMAV07,0.922538821116012
VIHHEA,GUXQEV,0.9960080493618132
FOBJUD,SARMII,0.9897078689721134
MACUFR06,MACUFR04,0.9999736007342436
MACUFR06,ROLCEC11,0.9988507430204276
VUQHOF,RAMSUT01,0.996214211910735
MAJMOA04,MAJMOA03,0.9999987477055164
JEGJUD,NUDLOP01,0.8871935691553652
JEGJUD,NUDLOP,0.8868212773327606
NIRPOW,TOXNEB,0.9999998431713734
NIRPOW,OTECAT,0.8633192717991155
NIRPOW,PEYSUJ,0.8540895386308994
KUNTAQ02,OTECAT,0.9066935084524196
KUNTAQ02,NAXKOO02,0.8382946350632535
BOHXIH,ISENEB,0.9018932857344908
NUDNUW09,NUDPAE09,0.9997851302810608
NUDNUW09,IZAJUQ,0.9958185167427932
QAMVEH,SEQWOC,0.9564345359997246
QAMVEH,AFOVEX,0.9564195230833638
QAMVEH,JIYTAP,0.8687624551260639
AWOFOI,ILAXOK,0.8943083489447472
NUDPAE09,CAJHUS01,0.998097403308198
NUDPAE09,IZAJUQ,0.9972402450303172
YUKVUW04,YUKVUW07,0.9999991924239566
YUKVUW04,AMOBEL02,0.9988670710409364
AMOBEL02,TAYZUQ,0.999219317113266
DAZMID,OTECAT,0.862976539823753
IBEXUJ,FOKYEL,0.8438631640031541
ENISUQ,JIYPAL,0.842399881728274
PUNYIH,UVETUL,0.8609503697231478
KAKBUW,DIQGUH,0.9059730454828824
HAFVOB,DIQGUH,0.9066692155329644
HAFVOB,LIWYUM,0.8618308604357223
HAFVOB,LIDZUV,0.8514687603881708
HAFVOB,OKAYIK,0.851322208205596
YIXFUI,HISTIO,0.8011119795815943
YIXFUI,ZAXSAV,0.9077476924590504
YIXFUI,NEQTIP,0.901936187830714
YIXFUI,LUCDES,0.8813669105551247
YIXFUI,NIGFOZ,0.8742896675326495
YIXFUI,UPIBOM,0.8673272166910951
MICCIM,TALBEQ,0.8847105942135101
MICCIM,REXYAX,0.8611399073298047
MICCIM,IZEBEV,0.8410458049181242
WULBEM,WEFXAH,0.8404877477965182
SEFWEH,SEFTOO,0.9999774799813526
SETQEP,SETRAM,0.9999846131853144
SETQEP,SETQOZ,0.999949715892661
SETQEP,POJTOY01,0.9997980983217736
SETQEP,VAGVAC,0.9997548346324197
TAMJEY,HUFHUN,0.9999860973788276
TAMJEY,HUFJEZ,0.9998000894687776
TAMJEY,GAMSOD,0.879624961927862
EKEKAH,CAXZUY,0.8833492871211097
FUVDEH04,FUVFUZ,0.9999999761907308
FUVDEH04,IFEPUG,0.9999263701886264
VABKEP,VABJUE,0.999636933873936
XISXEC,XISXIG,0.9999997596694468
XISXEC,VABJUE,0.8633662783332136
XISXEC,VABJIS,0.8549881916104001
HAPZUW,ACAFAO,0.999831699858611
MISQAH,AQMAND,0.8327272171617826
MISQAH,GEJJEL01,0.9979656511602312
MISQAH,EJIDUW01,0.8999420060129473
YUBMIS,XEZVIJ,0.9984920832913816
RUYGID,HAWBUE,0.870821276855948
IMIDZB02,IMIDZB08,0.999999808388168
OJOQAF02,LABJUV,0.8881055615595206
OJOQAF02,KAGJOS,0.8611616898438663
OJOQAF02,RANLAV,0.854502486989283
HELNAQ,VALVAI,0.999991521921778
HELNAQ,MAPGOC,0.998988996089568
HELNAQ,VUDQOB,0.9986805397745442
HELNAQ,BICPUA,0.9065548628447484
OCUTAI,GECRAI,0.9998101376094324
OCUTAI,OFIVAA,0.9972567550801692
OCUTAI,OCUPUY,0.9398873317190748
KAGJOS,EGOZAB,0.9229925905858254
KEDJAG02,KEDJAG29,0.9999905076280964
TEPJEF,LIXMIQ,0.9415089030114194
TEPJEF,IBEYEU,0.8650499270594618
TEPJEF,YENZAV,0.8606046776904024
SADMIV,SETQOZ,0.9999998773513072
SADMIV,SADMUH,0.9999967921835754
SADMIV,SETRAM,0.999988252817126
SADMIV,POJTOY01,0.9999526384762468
SADMIV,POJTOY,0.9999164738827078
SABJUD,SEKXUE,0.8553962408434868
GATHAL,HAZGOF04,0.999999317590246
GATHAL,TAJTAC,0.9999986900638088
GATHAL,CAVMUJ02,0.9989982552144672
VALVAI,MAPGOC,0.9991596718309866
VALVAI,BICPUA,0.9067826939215734
VALVAI,LAVTUZ,0.8696818462516879
IZAVUA01,IZAVUA,0.9999560250379214
IZAVUA01,HAWDIU,0.8397584209217576
YOSLIB03,NATXOW,0.9147504960117464
YOSLOH,ABAYOS,0.9995060880468514
IZAKAX,IZAJUQ,0.9999999107355328
IZAKAX,CAJHUS01,0.9999253535443636
NISCOJ,USICAB02,0.8872624735565918
DIQGUH,OKAYIK,0.8964308503539636
DIQGUH,LIDZUV,0.895931834889255
DIQGUH,CAVLIW,0.8858944756464151
DIQGUH,SIJYEQ,0.8628625813206238
DIQGUH,KAYBIX,0.8462181118202978
NOCLOH03,ELOQON,0.8519697922216993
NOCLOH03,SUTBUF,0.8436147562856762
PIRMOU01,PIRMOU,0.9997598544212352
POJTOY,SETQOZ,0.9999120224612844
POJTOY,SADMUH,0.9998808554566796
POJTOY,SETRAM,0.999842408150658
PEHWUW,EXUSUN,0.8611411473592011
PEHWUW,MOFFOE,0.8552150896536527
UHEBOA,RUDRUE,0.8870803188832393
FOXQIT,UFEVEH,0.9977603953667756
FOXQIT,AHAJUP,0.8536109718054643
VIRXIF,OMICOD,0.8518273323620035
VIRXIF,XISGEN,0.8452200367999128
UPIBOM,NIGFOZ,0.987008798381414
UPIBOM,YENZEZ,0.8995571124133933
UPIBOM,LEHTID,0.8675765073768116
UPIBOM,NEBYOK,0.8519380816031649
DITJAU,DITRUW,0.8736668801404144
COZGED,ORAWEL,0.9998353042071568
JEXWUF,DADTUY11,0.9973099335786187
JEXWUF,MAJMOA03,0.9953586065104914
PEBNER,QOMRUH,0.9985081086510462
PEBNER,QOMSAO,0.9982735222978288
PEBNER,QITZUP,0.8740393400426737
PEBNER,RAJPIE,0.8568962443531586
PEBNER,RANLAV,0.8516841585290748
UKACIU,SIVGAH,0.9957294340457992
KENVIL02,KENTEF05,0.999999653290286
KENVIL02,KEPNAX07,0.8786780878095525
IBEYAQ,EXUSUN,0.9471124893025578
MAGVOG33,MAGVOG35,0.9999996063952794
MAGVOG33,MAGVOG32,0.9999994605398212
MAGVOG33,MAGVOG29,0.9999959686032788
NIRGAY,NEDVOJ,0.8518441464144719
NOCKOG,UYEBOR,0.8253419040155486
DITYEM02,BUHFER,0.9955165496171564
GEWSEJ,UCEXOQ,0.9006202259506925
VUKSIF,HENSEB01,0.9997057283907976
RANLAV,QONLEM,0.851362157674461
RANLAV,QOMRUH,0.8508782813415304
RANLAV,QOMSAO,0.8506928801945652
LUFNAC,TUTJAU,0.9996837163030536
KUHNEI,UGECEO01,0.9958199488294844
TOXNEB,DITJEY01,0.8416720501308443
WIZMAV07,UVAHIK,0.9999962236902706
HOQKII,GIZNOT,0.8506655355387753
LOZSUQ,LUCDES,0.8411561384303687
LUWNAU,UMIZEX,0.9928522164979928
LUWNAU,AFUDUD,0.973547655760396
AFOVEX,FOFDAH,0.9140827832214804
AFOVEX,SEQWOC,0.9999766400301168
AFOVEX,RUYVAK,0.8648973609237952
SEQWOC,JIYTAP,0.9039571830225857
ALOVEC,IXOFAD,0.9960114291097948
DURGAY01,VITLOZ01,0.8982240948742408
AHONEQ,KAHWOG,0.9999718819017104
AHONEQ,EXUSUN,0.8591591614616001
RUWXAJ,RUWWOW,0.999999459943588
RUWXAJ,RUWWUC,0.999870275423091
MAGVOG29,MAGVOG32,0.9999983785629244
MAGVOG29,MAGVOG13,0.9999979048298908
MAGVOG29,MAGVOG35,0.9999930556696696
QOMRUH,QITZUP,0.8689149671203403
QOMRUH,RODSAG,0.8562047986600345
QOMRUH,RAJPIE,0.8528067538246181
HORHOM,UFEVIL,0.9046308517602832
HORHOM,UFEVEH,0.9041042058696968
HORHOM,AHAJUP,0.8544988610833275
AHOKIR01,NUXLUN,0.910382523808018
AHOKIR01,POVVUS,0.8885339081120822
VEMHOL,HOZXEB,0.9986570855363186
DAXDUE,WISCOS,0.8194346585042328
POJTOY01,VAGVAC,0.9999977651628356
POJTOY01,SETQOZ,0.9999492360987108
POJTOY01,SADMUH,0.9999250049046208
DADVAG,DADVAG05,0.9999967751977938
DADVAG,XOBXIW,0.9989364620850252
CEHXIY,RANZAH,0.9975533969818356
CEHXIY,RUPTED,0.9945009671600064
RUPTED,RANZAH,0.998914265716275
AFOVAT,ATIJOC,0.9464318119905144
PAZDOM,TEPWOD,0.9472072721261512
PAZDOM,WUPVAG,0.8630233395622114
INICPB01,NICOPB01,0.8437554563964964
KEPNAX07,KEPNAX03,0.9999994911929894
KEPNAX07,KENVOR01,0.8787043734024597
KEPNAX07,KENTEF05,0.8786898401027218
AMURUX08,NIWZIE01,0.9960588405849604
EMEYOK02,IRISAD,0.9996427386831356
EXUSUN,VUKTEC,0.9039919967283816
EXUSUN,LUCDAO,0.877879128564187
GAGSIT,IFIPIZ,0.9956343959126392
TEPWOD,OFAWAV,0.8804321704840596
TEPWOD,HICCUU,0.8380497096311351
MIVFUU,TEDGUG,0.9999528203237495
MIVFUU,VEMMAC,0.9247550312535112
MAGVOG31,MAGVOG32,0.9999998680656894
EQUCUO12,EQUCUO11,0.9999997370240876
EQUCUO12,EQUCUO02,0.9999995700007248
YAZYUU,CECVAI,0.8814350475249602
RUWWOW01,RUWWOW,0.999999732548476
RUWWOW01,WOJYEB,0.8494140179342855
XEHDOG,XEHDUM,0.99950440782652
COVRUC,UKAZAJ,0.855590782156973
DANZEX,KURHIQ,0.9936469071418768
DANZEX,JAKBUV,0.9995513226564592
DANZEX,BEXRAY,0.9992774099968432
HICNOZ,UVAHIK,0.87841351007634
BUPJUS,WOBNOS,0.9045296339555108
MNMLTH,SENNOP,0.9967076717816596
YOVTOS,CATDEH,0.9642214616943812
BUHFER,GAXROO,0.9999964073837346
ADOGEH,CUYXOK,0.8005037539779508
AYOZIZ,UMIZEX,0.9723755587671312
AYOZIZ,HOGQIF,0.8622913614005563
LUCDES,NEQTIP,0.8426497006676231
DADVAG05,DADVAG07,0.9999956483256732
DADVAG05,XOBXIW,0.9988162488309902
NERVIP01,OCUGAX,0.8435640075833377
DITKAT,LIPZES,0.8561576060792636
DEHFUR,XACFAJ,0.999996624710952
ODELOZ,OFIVAA,0.9107892907380636
REZFEK,BIRMUM,0.8921390831885242
NOCLUN,DAYCIQ,0.8573354516975656
NOCLUN,ELOQON,0.8547022831589215
UCEXOQ,AMIXIE,0.999807365210608
XICYIT,XICNOO01,0.998027636526872
UMIZEX,AFUDUD,0.9728297837048788
UMIZEX,HOGQIF,0.8514994491963332
AQOROP,LEYLIN,0.901680080370874
VODBEW,QETCUO,0.8544889626581689
MEGPOF,SARMII,0.990055656182616
XUMBEN,XOTGUI,0.9956933365840896
HOGQIF,IBEYEU,0.8813635534650102
BOBTOC,BOGXIF02,0.9998678174994594
BOBTOC,OGULUY,0.9911311720503544
KEPNAX03,KENVOR01,0.8787102129660977
HELFAI,HAWDIU,0.9233039440287516
YENZUP,PELVUZ,0.8611011441877737
AYABAD,IFOPUO,0.9892400990199792
CUFORM04,AYONOT,0.999963854394546
CUFORM04,MAGMOZ01,0.9996922929501678
CUFORM04,MAGNEQ01,0.999495234011772
CUFORM04,MACUFR04,0.9994585551965828
CUFORM04,ROLCEC11,0.9962683374445308
JACJON,LAJDUV03,0.9843779163681944
DEHHOQ,MANLET,0.8491418469299747
MAWTUC,BEPNIV,0.9999851785491334
MAWTUC,BEPMIU,0.9999814167393808
MAWTUC,BEPPIX,0.9140279370769112
MAWTUC,BEPNER,0.911700965903043
MAWTUC,KIGCEK,0.9072997005445196
AHOKIR,NUXLUN,0.8801130157200225
BUVXOG,WOBMIL02,0.8282854244107263
BUVXOG,BUVYIB,0.9999830253026958
BUVYIB,BUVWOF02,0.9999856197153204
QUJJUB,COKNUN,0.9982226609979522
QUJJUB,SAMVIO,0.8643477336432475
QUJJUB,POVVAY,0.8516471058317133
JUKXIW,ICAWUF,0.9772714496966304
EROJUS02,EROJUS06,0.9999909343314908
LOQLIN,COMDOY,0.9998434372335874
LOQLIN,MEGQAT,0.9997832446672552
LIWYUM,OKAYIK,0.8520037982152742
LIWYUM,CAVLIW,0.8462092812480855
CESYEF,GEWROS,0.862275620577414
RICHIV,RICHAN,0.9982011081265286
VINMOX,ISITUZ01,0.9978267702288856
HIQKEZ,IZUKEV,0.9999313965729966
JIYKIO,AZAYEH,0.8399809731767233
AQUDIB,GINYAG,0.8752583263935143
FEJFAE,BEQPEU,0.8390338126066549
ASUBIB,ZECBOB,0.892763599972578
ASUBIB,CUWZIF,0.8394352320035721
IZAJUQ,CAJHUS01,0.99992010702987
SETQOZ,SADMUH,0.9999976390560424
SETQOZ,SETRAM,0.9999899238270968
WOYWEO,WIGQAH,0.9578371300899716
WOYWEO,WIGPUA,0.9575559284094424
OFUWIV01,VESNEP,0.9010585304247416
OFUWIV01,XACFAJ,0.8527813073149224
HIBSUG06,XASHAA,0.8642208031607328
AMIXIE,KOGCIT,0.8437717462888464
MAGVOG13,MAGVOG32,0.999994704132876
YAVSOG,VOJRIW,0.8396227405344029
BALMUW,BAHOXH13,0.9992612778578588
LIPZES,POCMEA,0.8846036205781089
LIPZES,RUDRUE,0.8749491154832717
DIMBOS,PULWEZ,0.999999227481598
PAMHES,RIPNIP,0.9992121718827834
HAJVUM02,RUGJUA,0.9996229160464768
DADVAG02,DADVAG07,0.999994749917549
DADVAG02,XOBXIW,0.998830324026816
TAKTOR,TAKTAD,0.9999970710649466
TAKTOR,YAYRAT,0.9466864679773728
HIHGUC,XAPQAI01,0.8835250286261509
XAMDOF,OMICOD,0.8725705287668402
SEQJOQ,HIQKOJ,0.9028115019566858
MAGMOZ01,MAGNEQ01,0.999972827887082
MAGMOZ01,AYONOT,0.9998626713911324
MAGMOZ01,ROLCEC11,0.9980031534081564
OMOTAM,HUHHOI,0.8919698462535064
LAVTUZ,ATEZEG,0.8396693638921573
LAVTUZ,BICPUA,0.8389999681626782
XOBXIW,DADVAG07,0.9986685559804284
UFEVEH,AHAJUP,0.8543531657633521
IYOVOI,HAWVEI,0.9998315060910776
AQOLUP,AQOMEA01,0.9311510241194464
HAZGOF04,TAJTAC,0.9999961850521312
HAZGOF04,CAVMUJ02,0.9989989132325424
SOGXET,ILIFUE,0.9000050872958356
LUCDAO,NAJSUP,0.912108429285042
LUCDAO,VUKTEC,0.8426085543433697
FUFRII,YUSVAK,0.8654758962382192
RAJPIE,RODSAG,0.9991254211328268
RAJPIE,QOMSAO,0.8523933685607283
QATLEE,GIZXET,0.8637642146290625
QATLEE,TIRQOB,0.8636248981250797
DADTUY11,DADTUY09,0.999992791761774
DADTUY11,MAJMOA03,0.9997336487368134
OGULUY,BOGXIF02,0.9901602054991736
SEHSOO,KOLQIM,0.872144486223665
TOHRUF,TOHRUF01,0.9999997468247596
MAGNEQ01,MACUFR04,0.9999992164111378
MAGNEQ01,AYONOT,0.999727278147202
MAGNEQ01,ROLCEC11,0.9984407525964551
KEYZOF,KEYZEV,0.9999991530091944
TORXAB,KEYZEV,0.9976984411748968
EDAGEX,DADTUY,0.9989291064813368
AVUKUY,AVULAF,0.999999195084524
VITLOZ01,VITLOZ,0.9999931952255162
EQUCUO02,EQUCUO01,0.9999999878570192
ANAYUL,BANLUA,0.9992497133170698
FASFUD,PUFNUB,0.9999999845956086
LIXMIQ,YENZAV,0.9177111589225334
IZEHAX,HOZXEB,0.9959723400398178
WOJYEB,JIYPEP,0.8499368938878917
WOJYEB,RUWWUC,0.8489831435111072
HAWDIU,XADGUG,0.8597665682157015
XOBDUO,DAPZAW,0.9811734323438902
XOBDUO,AVIVUW,0.842059954748294
UQUTUX01,UQUTUX,0.9998438347388058
LECHUX,EPOXAJ,0.996811583732199
UFEVIL,AHAJUP,0.8541784399210064
DEXXAF,CIFGUT,0.9998978963563516
GEJJEL01,EJIDUW01,0.9020082811909872
GEJJEL01,NAJGAH,0.884878244111992
VOGTER,VAGTAA01,0.997424047407224
VOGTER,QIWPET,0.8716760755264801
FUVGAG,FUVFUZ,0.9999994837617387
IMISON,IMISED,0.9890230872584154
BAFQUW,NATREH02,0.817481916504317
EBAQOP,BANLUA,0.8580437632872251
MAJMOA03,DADTUY09,0.9996388508135208
VELVIS,RIPPEN,0.9999960271724612
IQEKUM,BEFKEF,0.9999053767221988
MEGNUJ,NATREH02,0.8149185421554623
ECUFAM,DANVEU,0.99980172067906
ECUFAM,DANVAQ,0.9995403539534728
KIZBEC01,KIYZID01,0.9999854949479946
KIZBEC01,KIYZID,0.9999754742857944
KIZBEC01,KIYZID02,0.9999639215356436
KIZBEC01,ZEFNIH01,0.907512078878326
KIZBEC01,PTRPHT02,0.9058659446872412
CAVMUJ02,TAJTAC,0.9989758898037184
BEPPIX,BEPNER,0.997324748078793
BEPPIX,KIGCEK,0.9426818592107492
BEPPIX,BEPPAP,0.9140389652059652
BEPPIX,UFARAX,0.8858620724174002
SAQSAF02,SAQSAF01,0.9999837097961704
AFUDUD,IBEYEU,0.9320018513752232
WILGOO,WILGEE,0.9938333465668938
VUWSAJ,AFOVOH,0.8442542644681106
VUWSAJ,VUKSUR,0.8429566051894836
OKAYIK,LIDZUV,0.999834631924992
OKAYIK,QUXRIM,0.9990063757818954
AVERUP,LIHSAX,0.9980533865291354
POPICR13,BECDAP,0.8295856760091382
POPICR13,POPICR15,0.9999989630512932
PTRPHT02,ZEFNIH01,0.9993899421925196
PTRPHT02,ZEFRUZ,0.908247039867235
PTRPHT02,KIYZID,0.9063173480793728
PTRPHT02,KIYZID03,0.9062308807786446
PTRPHT02,KIYZID01,0.9062143081253738
PTRPHT02,HISGAT,0.892468609607669
PTRPHT02,HAZVUC,0.8771678818472824
PTRPHT02,DUYTUN,0.8745089037227051
JUQVAU,JUQTOG,0.999999110094372
QOZPEC,MALWUU,0.8395269655606528
YENZEZ,NEQTIP,0.8538709903758799
COKNUN02,COKNUN,0.9999999760214476
COKNUN02,POVVAY,0.8433090157474623
NATREH,NATREH02,0.999755914801858
NATREH,UTONEX,0.8634759853172749
NATREH,UTONAT,0.8620950985325
NATREH02,UTONEX,0.8628336841745587
DORDUK,NODKOH,0.9999883654532776
WEMRIS,ILIFOY,0.9102272055838264
UTONEX,ATIJUI,0.863369331044559
UTONEX,FOKYEL,0.8609903588110268
MESBAN,DEKPEP,0.9999508359136868
ROLCEC11,MACUFR04,0.9984895120148378
ROLCEC11,AYONOT,0.9969609834334988
PEFRID,HIPMAW,0.9977098608299056
CICSOW01,CICSOW02,0.9999958946477062
IDAXIW01,QOTFAH,0.9999734658576034
UBUMOW,WAYWUR,0.9987148516393096
CAYDOX06,CAYDIR,0.9999999993793706
CAYDOX06,CAYFAL,0.9957224622371252
SAQQOR,ALUJUN,0.9378490440460552
SAQQOR,REDMUL,0.9225083260999294
NAXKOO02,TEPJAB,0.9999213735634342
UNIRUF04,UNIRUF,0.9991601383327614
UNIRUF04,UNIRUF11,0.9990677360188036
UNIRUF04,UNISEQ01,0.998648956292955
UNIRUF04,NIRCUO,0.9983485067288128
MAWBUK,MAWCEV,0.9999923578521666
COYTIU,IFOPUO,0.8520118155514121
PASNEE,IPOWOA,0.999974404696061
PASNEE,VUNNID,0.9974829218573972
PASNEE,VUNNEZ,0.9876161077585792
YOSLIB02,NATXOW,0.9147406388589412
FUVFUZ,IFEPUG,0.9999236995865936
AYONOT,MACUFR04,0.9996995881366024
SIVTAU,SIVSOH,0.999573432684276
NAFGOR,OWIGOR,0.9998100487391044
NAFGOR,AFIXAO,0.9975767038384018
OWIGOR,EQOBUH,0.999936283492122
OWIGOR,AFIXAO,0.9987418252700592
HUKZES,BAQXOG,0.9963717330890388
WOBBOG,CIPMUL,0.9994353201104405
WAMRIN02,WAMRIN01,0.9995925439745934
WAMRIN02,HAFVUH,0.8748986865362383
NAOXAL07,NAOXAL09,0.9957048530925084
NAOXAL07,NAOXAL11,0.9951627864760448
VUNNEZ,VUNNID,0.9944492740997128
NEQTIP,NILCES,0.8790472318110281
LIHSAX,AVESAW,0.9995600344175112
REGJIW02,QATPUX01,0.99998220337207
DEKPEP,DEKPAL,0.9985574554681084
HUFJAV,HUFJEZ,0.9996824806867842
TEDWIL09,TEDWIL08,0.9999988288189284
TEDWIL09,TEDWIL03,0.9999956432199716
NIGFOZ,LEHTID,0.8731305929252946
YUSWIU,QUZVEO,0.9988541101677256
HAWVOQ,BASHEJ,0.999977181060319
HAWVOQ,HAWVOQ02,0.9999829769918276
HAWVOQ,MAKROG,0.9972374949936582
TEBSAW,RAMRUV,0.9991835204753268
TEBSAW,SIVGOV,0.9964246622816691
VESBUS,VESBUS01,0.9980136074197434
UTONAT,FOKYEL,0.8615109904968685
XOVPON,BUPVEP,0.8991064770050671
VASFUT,DUBFEM,0.9999983476757665
VASFUT,DUDMEV,0.9999520527429174
VASFUT,RIGWIP,0.8431929505217959
COMDOY,SICDAL,0.9999999075064672
COMDOY,MEGQAT,0.9999843861017612
ERUVEU,ESANET,0.999589215432894
BEXRAY,JAKBUV,0.9999673711709544
BEXRAY,JAKBOP01,0.999800648897076
TIRQOB,YARGAB,0.9993241650101626
YABPAU,PUZJOL,0.9976161771116964
FITFIA01,FITFEW,0.9993608106572826
ECORIX,ECEYUH,0.8749618895000011
NAJGAH,EJIDUW01,0.9786953441576768
NAJGAH,AZIYOX01,0.971164329635507
YEJXUI,VONBUX,0.9035686896474844
INOBOD,YIQVOL,0.9447124024157876
INOBOD,DEXZIS,0.9051535518751722
COWMEH,UDISAD,0.8229391175566316
HOWPOA,HOWPEQ,0.999171039808343
SAXYOH,QADKEL02,0.8844244558084136
AYABEH,JOSTIU,0.9888703813138796
AYABEH,QITMOW,0.8414848757931068
PURROK,RUZCOG,0.916263355493086
JAMLEP,LIFWUT,0.9987825073654852
VIBYEM,TELFAT,0.8750081199518179
ROSKIV,ROSKOB,0.9035071348218062
SAQCIZ,IVOLOW,0.9999989896945484
GITTOT01,VONQOG,0.8311377846277617
UMAROR,SEKXUE,0.8774695135410829
KIKBIR,TABFOT,0.8709840023305261
KEQMAX03,MAKROG,0.9998302999035148
KEQMAX03,HAWVOQ02,0.9987141887500376
VUNMOI,VUNNID,0.9989279410176686
DUWGEJ,AGONEQ,0.8725391989915536
TEDGUG,EHIVOH,0.9984969214777284
TEDGUG,VEMMAC,0.9242385714632582
VONBUX01,VONBUX,0.999547323800456
XUDYEB,XUDYAX,0.9999980116626244
DUBFEM,DUDMEV,0.9999681585371644
DUBFEM,RIGWIP,0.8432785450253967
VOYWUB,QETSOY,0.8629125834940855
VOYWUB,QETSOY01,0.8627784772460158
VOYWUB,VIDXOX,0.8625834302546043
CAYDIR,CAYFAL,0.9957192502789436
KUMXEW,IMIDZB11,0.9998794221454498
QETSOY01,UZATAR,0.9975359767002616
QETSOY01,VIDXOX,0.9999938936242692
QETSOY01,ETEKEU,0.8675030664800305
SAZQEQ,CATDEH,0.9641769887730496
FITFOG,FITDOE,0.9994073061830288
ENEZON,UKOYOJ,0.8638997238395331
GEDPAJ,WUPVAG,0.9242173368278532
YESXUS,YESYED,0.9999786054674216
ROSKOB,LEYLIN,0.8675924858539041
ROSKOB,SAQFUM,0.8523791379084225
HAJXOI,HAJXIC,0.999977752668005
AGONEQ,MALWUU,0.9977154200138894
VAGTAA01,QIWPET,0.8659105995486054
NAHQEU,NAHQAQ,0.9998813198787456
AVIPOL,NABMUA01,0.9827182003992072
TEBDAI,TEBDEM,0.9999999243607112
REZXIE01,YOXZOC,0.999544285335482
REZXIE01,YOXXOA02,0.9996072639676596
PIZPIX01,PIZPIX,0.9999828727708376
VEMMAC,EHIVOH,0.9251370777385548
VEMMAC,SAQFUM,0.8568649274364016
WUXZAS,WUXYIZ,0.970114783775516
KAVJEX01,PEVLIN,0.8214048561808187
KAVJEX01,CAPLOX,0.8680381621416476
DIBWUH,BEXRIG,0.9967711432622484
AMIXAW,XIBQOQ,0.8638909119453311
AMIXAW,IKUTIT,0.8597033344319801
EYUGOV,EYUGUB,0.9340852019674478
OXAZIX,DUBGAJ,0.8662253947736032
OXAZIX,ATIJUI,0.8463855607608923
BEPNER,KIGCEK,0.940085179374684
WUPVAG,HICCUU,0.8466203784738262
KENVOR01,KENTEF05,0.9999994850354248
CUGQUR,QUMGAI,0.9107203200670816
CIHFUU,WINJOS,0.9525123134607304
ROGRUB,ROGRAH,0.9981888176929188
NETHOJ,WADDIR,0.9819776909024528
HADLUW,HADMOR,0.8721346943010876
HADLUW,AQOMAW,0.8923045738053725
HADLUW,HADLOQ,0.8540049443419939
YUWKEH,ULAZAJ,0.8829369982134129
UNIRUF,UNIRUF11,0.9999970908436148
UNIRUF,UNISEQ01,0.9996837517370116
UNIRUF,UNIROZ,0.9984768809867026
CAHMON01,CAHMON,0.9999930488747192
CAHMON01,CAHMON02,0.999997825131441
NOQLOV,JEBDOK,0.9988113526956408
NODKAT,NODKOH,0.9996721422370374
FITFEW,FIPWUY,0.913361331681882
XAHZAI,XIJXAS,0.9999067548674349
POVVEC,POVVAY,0.9090864522899949
ECUGIU,IDAJAZ,0.999859145190451
KIYZID01,KIYZID03,0.9999989399536052
KIYZID01,KIYZID,0.999998653827304
KIYZID01,KIYZID02,0.9999950295477747
GAKSOB,VOZHEX,0.8186881484589182
ILIFOY,SUHHOT,0.900171587237358
REDMUL,ALUJUN,0.8701091137625568
KIGCEK,BEPMIU,0.907303664129556
KIGCEK,UFARAX,0.8796211058862811
KIGCEK,UFAREB,0.8795786894529772
IDINER,ATEYUV,0.9888362876766088
IDINER,SAQQEH,0.9444541843317804
SAQQEH,RISXAT01,0.9439546821732332
SAQQEH,ATEYUV,0.956286101095819
AWIBEP,AWIBAL,0.991646053110889
KOSGUW,KOTDOO,0.9999957143337266
BICPUA,ATEZEG,0.9998660391941868
BICPUA,VUDQOB,0.9022639718036692
YUDYAX,AMUCOB,0.997504656103642
FADDAS,FADKON01,0.999981653399424
VESNEP,XATNIP,0.9545293667110892
VESNEP,XATNIP01,0.9541577985640496
ZAGHAT,DUJQUW,0.8078254738042822
QUNMOC,QUNMUI,0.99958178329916
FOHCAH,LICSUM,0.8052517067470496
GIMBIN,MANLET,0.8494401353202545
XULFOA,KEDJAG29,0.8640869494103615
QOVXEG01,QOVXIK,0.9999863417717962
VEJZEQ,QOVXIK,0.9999217903836404
MINKUR,MINKOL,0.9998583183760664
HAFVUH,NABMUA01,0.8444219677406718
TEYLIV,MUWQEB,0.9999786361381542
TEYLIV,TEYMAO,0.9972613510752188
EXUHUC,VIBYIQ,0.8906723263816738
OFIVAA,OCUPUY,0.934897729864838
LORGAA04,LORGAA05,0.9999998438334486
NARTUX,EBEZAO,0.8175123449956123
HOZWOK,GAYFUJ,0.8278673187510259
XATNIP01,XATNIP,0.9994400060874052
LIVWUK02,LIVWUK04,0.999999647020712
MIHHIU,MIHHUG,0.9999678202900985
ULAXUB,GAMTEU,0.9134911140240204
JEBYAT,IKUTIT,0.8754827400256895
RAVWAO,RAVXET,0.8872884801252223
KEDJAG29,KIRFIA,0.9999998813968968
GIZJOP,KUDJOK,0.9996938419191218
LEYLIN,SAQFUM,0.8529003286381295
CIFGUT,RAFRUL,0.9999036455404232
CIFGUT,RIYXIG,0.9951887896356748
ALICII,KELJIV,0.9998355952589518
KOTBIG,KOSFOP,0.9999941590334644
YEMRIU,AFOVOH,0.8558592070586848
KELJIV,QALHES,0.994386514823022
FAPYEA21,FAPYEA10,0.9999988375657822
FAPYEA21,FAPYEA04,0.9999993656428512
FAPYEA21,FAPYEA05,0.9999984430097284
FAPYEA04,FAPYEA05,0.9999966212163814
VOKMUF,VOKNEQ,0.9607241697737066
VOKNEQ,VOKNAM,0.9417531411373428
YOLXAA,XILXOH,0.97361140012912
XAFBEN,QETZAT,0.8965582163986693
WUZQOZ,DIXNUV01,0.9999423303470094
SENNOP,SENNIJ,0.999998069100311
HUGLUS,MEGQAT,0.8611021694043204
HADLOQ,AQOMAW,0.8993783818778056
UPIZOJ,CEDYER,0.9760191097988102
UPIZOJ,CEDYER01,0.9759938029337112
VABJUE,VABJIS,0.9986745942580284
VABJUE,XISXIG,0.8634480632917688
NUHDIE,TIDWIO,0.8489544626317603
PINGOL,PINFOK01,0.999971990266208
PINGOL,PINGEB,0.999969688894581
VODLEG,VODLEG01,0.9956904264554752
PUDTAK,MUDLIH,0.9999943067649876
XIGYOE,XAHROQ,0.9997929674136272
UFAREB,BEPNIV,0.8993758703063459
UFAREB,BEPPAP,0.8993652472519675
UFAREB,BEPMIU,0.8993396806842211
BEPPAP,BEPNIV,0.999999980524821
BEPPAP,UFARAX,0.8994094629059173
CIGFAB,HAWVUY,0.9962238862507342
WUHMAP,XOVYUD,0.8738922363827824
MEGVUQ,SIBJAP,0.999674647880848
MAPGOC,VUDQOB,0.9953780908652704
SADZUV,SAFBAF,0.8914112161722733
BALFAV02,BALFAV01,0.9999999116111128
JEKRAT,CEBGAS,0.9999773929320652
POVVAY,COKNUN,0.8433457336043386
GAMSOD,HUFHUN,0.8795974857165142
VEXYOM,QANYAG01,0.9993086088256748
MAPFIS,XEDLUN01,0.9154119562100698
VUDQOB,ATEZEG,0.9003541030945741
NAOXAL11,NAOXAL09,0.9999837500268066
HUFJEZ,HUFHUN,0.9998916125421596
IBAPEJ,DANVEU,0.8400814438517711
RAPFOG,RAPFUM,0.8542091479704133
GIKBEK,LAHYOL,0.9981046037334348
QOCKEZ,FOBXUQ,0.8586130211885435
CAYDUD,CAYFAL,0.9957246963483996
SAKFAO,SAJLEX,0.999670698367547
EXOWUL,JADRUC,0.8990275361323855
QQQFUV02,QOTWON,0.9998472898180476
COMFIU,WEMFEB,0.9967711909600592
HOLVAF,ISEGIY,0.999524273180618
PUWVOT,PUWVEJ,0.9999996699660196
RIPNIP,VETHUA,0.9469626689877916
DUDMEV,RIGWIP,0.8436223984062693
IPABIL01,IPABIL,0.9999973569208644
BUGSIG,LEDJOU,0.8749607985846242
BAHOXH13,BALMUW01,0.9998806808762158
VOKCIJ,VOKNAM,0.9045780907738246
TAKTAD,YAYRAT,0.9467620890885742
IDOJUJ,TADWEC,0.8907802418551125
YEBLAT,KIDVIE,0.9984243938849868
UXEDUX,UXEFAF,0.9998681541250878
DAPGUW01,MAQJEW,0.9973482318291902
JADLOP01,JADLOP02,0.9999999646906176
XUHJEQ,XUHJEQ01,0.999999216590634
UFARAX,BEPMIU,0.8993843082584971
VIDXOX,QETSOY,0.9999817882781876
VIDXOX,ETEKEU,0.8678506142301352
MARLUP,MARMIE,0.9957378986380174
LEZTIW,VAYDEG,0.8742298179320197
AHAKEA,IFOPUO,0.8423677598677602
FOSRIP,HORHAX,0.9253928187081512
WAPYUJ,DUZNIX,0.9506863664696688
GUWNUI,REMMIG,0.9973319731766151
PINFOK01,PINGEB,0.9999993953991348
NIRCUO,UNIROZ,0.998035057890207
KINDOC,MEWNEH,0.8693644030087807
BAQMUC,FAFMAA,0.9999865064958388
IFOPUO,GOZMOZ,0.8427944946524283
RANZAI,XETPOC,0.9999829579914096
LUSQOH,FIWJIG,0.9984254102888532
HOFSUS,BEFKEF,0.9920397649136836
BAXFIR02,BAXFIR01,0.999999095464464
KEHWAY,KEHWEC,0.9998900919352166
MAKROG,HAWVOQ02,0.9976528946324272
XISXIG,VABJIS,0.8550987926311574
GECRAI,OCUPUY,0.9402917452456238
YUPSEI,JEHLEO,0.8702806718248957
XAGCIS02,XAGCEO,0.9993047304993196
JITQEJ,LIRTUC,0.9953124298431516
KIYZID,KIYZID02,0.9999988558498228
KIYZID,KIYZID03,0.9999979649899742
EBIBAV,FADKON01,0.8440787485004468
SUQHUJ,SUQJEV,0.9999924711609272
VEQBID,FAYXEJ02,0.8227141734287685
UHOKOR,BONLIZ,0.9999899047823688
HOWROC,DEDTEN,0.8939943166285824
KIYMEM01,KIYMEM,0.9999993176801696
SEZCUY01,SEZCIM02,0.9998671231493396
SEZCUY01,SEZDAF01,0.9999625293808228
BIVXOT,QEGPUP,0.9999982761933216
OQIJUU,OQIJOO,0.9999669763113704
LEBZIE,WIHSEN,0.9999929065235504
NEBQAO,NEBQES,0.9993068282004012
NEBQES,ELUVEN,0.8481236227719278
JABYUH01,JABYUH,0.9998536905513052
XUMNAW,CUSQOX,0.9112381473816006
MUFXUI,POSBAC,0.8261315524386029
FOBYAX,RAKZEI,0.999281284261418
UNIPOY,UNINOW,0.9999931516915856
UNIRUF11,UNISEQ01,0.9996661228947544
METJIH,PAXPAI,0.9021956331342498
FAGMOS,FAGMEI,0.9998761582583288
OPUFAH01,OPUFAH,0.9999686991377296
KEHGAH,ILUFEB,0.8508993340867427
FECZIY,WIKHAC,0.818079789961792
HAWWAF,RATSAI,0.9981173721131642
PESSUD01,PESSUD02,0.9999810386872872
PUFWIX,XUMVAE,0.8433030446174798
QUPZIM,SOMJOV,0.9533144749165048
DONKUO,ZASTUK,0.8061406845072294
RIQFAB,PEBGIP,0.8849783301178243
HIQKOJ,HEBLOR,0.8608135184487888
HIQKOJ,VANNIK,0.9021855180561694
HIQKOJ,KEZGII,0.8500120711779211
QIMFUQ,QIWFIN01,0.9999962374088
ULEGOH,HIHQOE02,0.8109269215483385
WILNEL,WILNEL02,0.9999970612383222
IGOCUD,IGOCOX,0.9999521242951068
OKINIG,HOYCEF,0.8499418257596603
YENTUJ,BUKTEI,0.9999797277330782
BALZEW,GARZIL,0.999540971256372
RIFQIG01,RIFQIG,0.9999922433726786
ETUFOQ,UZOBER,0.8619799040893961
CIGNAI,CIGNEM,0.9989715120319348
RAKPAV,RAKPEZ,0.9982921337864682
WULBIQ,FEDJUT,0.8585892782699025
PUZBAO,FOTPEJ,0.8917566835069618
SIWJAM,KUDJOK,0.9999982342997896
TEFWOR,UDANEV,0.9970294708597024
IJASES,DARFOT,0.8958229028769863
YEHDAS,VOCTOW,0.8078558619623465
MEGQAT,YAYRAT,0.8749487982920485
TEQPEM,NIBPUM,0.802764957866502
XAGQUT,CODQUJ,0.908344359344246
XIGYIY,JAWXEN,0.999996472280592
SOTMUK01,CUGYEK,0.9961780281356672
YOMNUL10,YOMNUL02,0.999999813310877
QOZYUA01,QOZYUA03,0.9999990582985944
LUMQOB,KEYFUR,0.8760022340595032
KARPOI01,KARPOI,0.999999494486752
YUDMIU,UZUNOT,0.8066344845745532
HISGAT,HAZVUC,0.8929380466303152
ETEBOV,QEPNOR,0.884537078732542
UDESIG01,UDESIG,0.9999904842640296
ROYTIK,ROYRII,0.9895928438975068
PIKBUH,FAXGAN,0.9958635239790128
VICDOC,SOMJOV,0.9535910851939944
KINNIG,CUXLEO,0.9998836552478296
DAMYIC,DAMYIC01,0.999999893620991
AWAREV,YUZCAZ,0.8036412033179078
PESTAK01,KOSGAC,0.9999915199357464
SICDAL,YAYRAT,0.8749372041157231
LORFED02,LORFED01,0.9999999999151432
MOXNUK,NOFDUI,0.9999998849923778
AGUWEG01,NEFJOA,0.811001096562126
BAYQAU01,BAYQAU11,0.9999961394484153
KEHDOS,WEJWAL,0.9985244606329564
AHIJOQ,AHIJOQ01,0.999852268264086
ZEFRUZ,ZEFNIH01,0.9076773762828813
BARKOV,AYIVIO,0.8084037729392483
PEGREA,ATIJUJ,0.9983298331543428
TONMEQ,DEDTEN,0.8461326049133231
SOWXAF,SOWXEJ,0.978681063808484
XUKKET,XUKKET01,0.9999999839771692
NAVYOA,WUYSUG,0.8651119358069366
SEZCOS,SEZCIM,0.9999272494332696
LICDOX02,LICDOX01,0.9999913187773776
CIYZEQ,AZEBUE,0.9975507313857044
KOTBUS,KOTBOM,0.9999992368476
IYUQAV,IYUQID,0.9979502084496054
KUHRAI,RAYJOT,0.8576610480999289
QQQDSD01,ZAXLUH,0.99999899423401
XESKAJ,XESKEN,0.9999987286028496
TOWXEK,TOXHAR,0.9999907177251752
AGSLFA,AGSLFB,0.8901588334259273
GIXVOZ,ULUCUZ,0.999478107409172
CEVKET,MIGMEU,0.9983294966545436
TADWEC,FECJUT,0.8745508241158053
MESNML,LALGIQ,0.99948117733901
XUJDAI02,LARVIL,0.9070289048062372
QEHGOC,QEHGOC01,0.9999999690256992
MEYDUP,REXBED,0.9974008753251862
KIYZID03,KIYZID02,0.9999947694131434
CUYDEG,QUCPEK,0.8088166411013984
ULAZAJ,ECUDAI,0.9120515488032672
QOVDAH,QOVDEL,0.9999981462474732
KULRIT,UDISUX,0.8298385937453376
DAHPAE,YEBKUM,0.9999995935320748
CEDYER,HIQXEM,0.8801290362999551
WUZYUM,NAHQOE,0.8569934554123442
UDEPIE,IGOWUY,0.8376034970074135
TAVSER,TAVDEC,0.9894894062308895
WEYDEM,PEQLAZ,0.997676074582263
BOKQEZ,TUCJAD,0.9999731834298602
JERXAI,MUTGUD,0.9990364322316664
XIVLOE,XIVLUK,0.9999948214671964
MIYGIL,BIFNOW,0.9979684045395673
LAQKAP,LAQJUI,0.9995511252939342
DOCHIN,TARQEJ,0.8322748197340024
EBEZUI,EBEZOC,0.9991310755316948
JEHCUX,XEGQUW,0.8069657696393386
VIXGEQ,VIXGAM,0.9998767549926728
PEMGAR,PEMGEV,0.9999729683497764
DEKZIE,DEKZOK,0.999794721195349
FEVFUJ,EWOBEZ,0.9999850653842456
UXABUR,ZAFXAI,0.8983115438956504
HUSPOB,HUSPUH,0.9243254181150248
CUGSUT,CUGSON,0.999386073534579
BOHXED,NIKVAH,0.9994664142642076
IHILUI,XETPOC,0.9972159705844073
CODQOD,HURQUG,0.8061257951392425
EFORUO,EFOREY,0.8448029510853207
BEKNEN,RORRIB,0.8746318784261946
MAXGOJ,GUTPES,0.8695904109944548
IJUKIJ,PEHLAS,0.8383566615043236
ULAQAB,BICPIP,0.8382496809673632
OFUCEZ,TEHMOJ,0.9905377164913204
IXEDUK,YUNXAI,0.9999927945226132
VAMHUM,JALTUL,0.998525518218682
PIBZUY,PICBAH,0.9999621885265476
GOJFAN,GOJDUF,0.9998204077861508
SOVWUX,SOVWOR,0.9998508842062556
CDCACD,CDCACD01,0.9999202261729256
HIHFOV,HUYXOP,0.8360882207033463
HOPMOQ,NAHQUK,0.8575189910894292
FAKMAH,FAKLIO,0.9899587827140311
NUYNEC,NUYNAY,0.9999130393954112
HIFZEC,HIFZUS,0.9998582312618354
YOYZUJ,WIWHOB,0.9979187081623844
PUNSIB,PUNSUN,0.99933440287606
XUNJOG,XUNJIA,0.9998229619455984
MAWWAK05,MAWWAK08,0.998362611962915
WAPZEU,DUZNUJ,0.9506046123709816
XOWTAF,XOWSUY,0.9996225727929308
HEPLUM,HEPLIA,0.9999541323810112
JIZWAS,MILQIJ,0.9999788872246888
YEMLUY,ATIJUJ,0.8094628749677121
SOGSAJ01,SOGSAJ,0.999914400926351
ECUDEM,YUWKIL,0.8997958145150841
EBUKOD,EBUJUI,0.9997457355484908
XORDAJ01,XORDAJ,0.9999359433428894
IFEKUA,IFEKOU,0.999869849280342
TIYMEU,OGIJIY,0.9914417308329156
HEFSUJ,KELFUF,0.9994385103363822
CUIMDZ03,CUIMDZ01,0.9923866322385442
LACYOE,LACYUK,0.9997150460173316
XEJVOZ,XEJVEP,0.9928860923901928
EVAKOB,IXISAJ,0.9893670314195984
TACPIX,TACPET,0.9999999763341548
HEJQEV,HEJREW,0.9999999618387392
YIQBEF01,YIQBEF,0.999977328535415
BIMDIL,BIMDEF,0.9999955117978206
EMIGUD,EMIHAK,0.8639443461726456
MUPTAU01,YOGVEX,0.9999865836422008
XELHUS,HAWZEK01,0.9972783794510124
TUHSOG,RUPRUQ,0.8058747756569602
KOTRIW,CAFJIF,0.9992825975426288
TOJVUJ,VADQAS,0.9499396124331316
YUJNIB,YUJNOH,0.9985668159103044
MISKUV,VIWPAT,0.999997278768002
SUDNIQ,AVAXIF,0.8568843713845656
XOVBIV01,XOVBIV,0.8978979284169162
WEMDAV,SIYGIT,0.8091695562018812
JORQOY,YEYVII,0.997777646302911
MUYKOH,VARWUI,0.8199212135133718
KETSEI,ETUSUI,0.8998028473989533
MESGIB,MESGEX,0.9984866156634324
IWOSET,IWOSAP,0.9987457257361926
GUPBOJ03,GUPBUP,0.9998313418328032
MAXDUM01,MAXDUM,0.9999327291980424
POBGAQ01,POBGOE02,0.9999997714641582
SISWUO,FAKLOU,0.9996934337107964
TEYREW01,TEYREW,0.999994573321566
CUPMAC,HONBES,0.9999996144666028
MICDIL,MEKVAA,0.9983481657493468
BUPFAU,BUPDUM,0.999999986056175
BESXED,MEYGAY,0.9999302770009556
MAFBUS,MAFBOM,0.9999977423221644
MODWUX01,MOLTEN,0.8814151851401644
XUMVIM,XITDEL,0.999384488560903
FAMHAE,FECYIX,0.9999994106141528
CEXWIM,HUPTIV,0.8576524833839039
UGIXOZ,KITZAR,0.8979386770185686
DECVIT,MACKAE,0.9999964584749144
PONRUH,QACCOO,0.986583725956476
KEKMOF,KEKLEU,0.9979015141713724
CETNUL,REVYUO,0.999971556495616
COWMIL,UDITEI,0.821211558649861
IPUSER,RAKYIL,0.8186089999580752
XOCROY,CAXTEC,0.8686444660739338
EJOPEZ,KABSAJ,0.9999814728300284
JIVHIG,JIVHOM,0.9925629079920656
DIBJIJ,FASGAK,0.999637259531653
YAVMIT,XEDPIH,0.9978682639374798
BIXVEM,BIXVIQ,0.9999999926273624
JOBKUI,MUTDEM,0.8193292963653478
CAFORM13,CAFORM,0.9997921467155944
XISTIE,OKIPEE,0.856104582435258
QIHLIF,FANDEG,0.8038184073074923
YINRIZ,MAXFOI,0.9506796179484092
XEGQEG01,XEGQEG,0.9999984820350604
NAFUMA13,NAFUMA14,0.9999989866523332
VUNBOW,JEHTOG,0.9866158780590328
RABVOF03,RABVOF,0.99940504161029
PUWCUF,FIJFAG,0.9990736418806268
AGOGOU,LATPUU,0.9998112285289324
RIBZOS,WADDUD,0.999932480889134
BUSXAP,NASQIJ,0.83927679108301
IVIPEK,HUFLIF,0.999208319663166
YEMLOS,XESKUD,0.998249142647776
REKWUB,REKXAI,0.9950719202622322
XANBOE,ENIZEH,0.8959140406911102
WEMBUN,OJONOQ,0.9998171698990044
GEWWIQ,GEWWOW,0.893522045947457
YUGZEG,WIHQEM,0.9999999437073536
HUBHAO,HUWWEC,0.9989529789911956
DINTID,DINQUM,0.9999883167678628
DAXKIY,DAXKOE,0.9999801441970178
SAQYOZ,YOXKEC,0.8733401424975742
SAQYOZ,HUYQAU,0.9988288539892316
LARNEA,XOPLUL,0.999565637369022
PEJDUF,PEJFAN,0.9970188251488912
CAXVII,SARHEA,0.9999947998733784
XICZAM,XICYOZ,0.9986262117327988
UFIKAX01,UFIKAX,0.9999635150466876
YEYMAQ,YEYMIY,0.9107193172604378
AYAVON,YUQYIU,0.8388781957251932
WUWVEQ,ILAMAK,0.808110087690594
YEYBOV,YEYBOV01,0.9998936749180164
BEPMOB,YARXEX,0.8045536219632601
CAYBAH01,CAYBAH,0.9999073008918076
FUXCOS,XOPKOD,0.98437013458072
LAVYOX,LAVYOX01,0.9998791058812582
ADINCU,MEQMON,0.8052051671625591
WEMFOL,CAVYUW,0.9919311601037972
PULTAT,DORFIA,0.9975258433496016
KHOXAL03,KHOXAL12,0.9997045364798822
PIRNAH01,PIRNAH,0.9999990358494886
DIKBAB01,KOMJAY,0.995986148093046
RUGJIO,QEMMOL,0.9999943208921488
AXIMUP,QIBTAW,0.8444462792615774
ESUMOU01,ESUMOU,0.9999885638999794
IFACIB,DUWFEI,0.8166750866404872
KUZHAQ,KUZHEU,0.999797004594583
UVIKOA,UVIKIU,0.9995105793613996
PEGPUO,INOJAX,0.9985876182908736
ENAMIR,HIZFIH,0.9999804224213183
CAKWUI,CAXWUV,0.862185493351908
GIMWAB,GAQYIH,0.999985575622294
SOKWAS01,SOKWAS,0.998504148817629
AHUBIO,TOHQAK,0.8666166476081312
NUHBIC,NUHBIC01,0.9999974237363528
ILIMUN,ILIMOH,0.999467796203214
MINVUA,MINVUA01,0.9999999469721744
SIVJAI01,SIVJAI,0.9999129580951888
XANZAQ02,XANMUX08,0.8105292534523405
EBEXIU,EBEXIU01,0.9999993503906612
MAKSAT,OHUVIY,0.9979592638000784
LIFKOC,DIPGAK,0.8434111563411965
MAQRAA01,MAQRAA,0.99999750169639
HOZQOD01,HOZQOD,0.9999883830578395
CAKFEB01,CAKFEB,0.9999751495729712
ZATPOC,ZATPIW,0.9991303744188914
QAMJEU,QOGREK,0.9403116235897784
RASXIT,WEMCIC,0.9995392032732244
URUWEL,URUWIP,0.9996391192751592
TUFSEU,TUFSIY,0.9999902323705612
EDAKIE,TELDAP,0.8448580032315007
UDEPOK,WIPJUC,0.9999892857879054
KVIOLD02,KVIOLD01,0.999997297806606
SIRTEV,EHOHOY,0.8499915825551411
JEGWUQ,JEGXAX,0.99979145618236
XUKJEU,YUMVOT,0.9999734939492816
AJIFIJ,KOGHEU,0.8444190442942142
BUSMUZ,GUWDUY,0.99969544270848
XANMIJ,EJIBOQ,0.8115444403497879
VIKVIX,JIWXOF,0.9216308575967498
MOXGAI,RAPXEN,0.9173528750965808
FOVPAJ,FOVPEN,0.9970047369468734
WEBKEW,SIGNEC,0.8414762862513135
GUPCUQ01,GUPDEB,0.9997595398531328
HOFXUV,HOFXOP,0.9999975921585752
MELHOB,JOFKIA,0.8362592849978352
FITHIA,FITGUL,0.9984123921864516
EBUTIG,PESTEO,0.9996664644925656
ONAWEG01,EBINUA02,0.9999984837268108
WAPYIX,DUZNET,0.9506671793838024
OLURUI01,TEFWIL,0.8007446507232436
XAHZEM,XAHZEM01,0.9999776145425324
PUWQAA,GUPCUQ,0.999836337072088
TATBUO,VUKPUN,0.9996746654261982
YINRAR,MAXGEZ,0.9494419399800912
QUQSIG,MEYFOL,0.9990840937141136
ABUFUA,FAVKAP,0.8171449995284192
EJIRUM,EJIROG,0.8892234767969721
NEXRAM,DUVVOH02,0.999994478807398
PUKTIZ,BOLGUF,0.8477640718633268
TILFUQ,TILFUQ01,0.9999986559041631
CEHWIX,CEHWOD,0.99920246100942
AMOROK,JISSEK,0.9008201813450164
UZAROE,REGXOS,0.9999998990719016
VEDRAY,VATXEU,0.9957244965749557
SAHTIF01,SAHTIF,0.9999999957482778
BUGSEC,GAKBAX,0.9999284342280316
UVIPIZ,SIWGUB,0.8725551841577068
BETGIS,BETGEO,0.9999981975294414
DUCHIS,DUCHIS01,0.9996761329131388
JIGQOI,SEGJOG,0.9999090245434265
VIRJEL,OTARUX,0.8044412436557754
VESBOM01,VESBOM,0.9987501653887116
FEQRIE,FEQQUP,0.9996446949014112
EBUTEC01,EBUTEC,0.9999923490277368
PIRHAB,PIRGOO,0.9999379151772578
MAXFEY,YINQUK,0.9505639518682116
ACOVEU,AFOYEB,0.9066490831524328
HIDCOM,OKATOJ,0.8674796042649953
QAGQEW,AYOREN,0.8243221041986182
GEKQUI01,GEKQUI,0.9999823907324544
BAFORM,MEHRUN,0.9996491763592582
YUHMIZ,YUHMUL,0.9998421898589496
AZILEA,GAJZAU,0.9980874218783788
TARQAF,XIFXAM,0.9998054856565212
PUHLIP,PUHLEL,0.9995556879890668
ICUDOC,ICUHIA,0.9926258075215736
ECUCAH02,ECUCAH,0.9999998432423388
ERAJEO,ERAJAK,0.999999996213053
OWIVAS,OWITAQ,0.9999999942279756
UJUXOM,IKOQII,0.9996263823618532
XOGGOR,XOGGOR01,0.9999990383589474
JECFOP,JECGUW,0.9989876080485172
ROLZEZ,VUGXOM,0.9999448486278716
MAYYER,MAYXUG,0.9962550294150548
ESIFET,ESIFIX,0.9999828826186684
ATEZIK,DARDAD,0.8505284289411496
FITMAW,NOFCAM,0.9000069847445482
FAFJAZ,VUSNUT,0.8332910350613464
CUTCYM01,CUTCYM02,0.99999411990786
WAMJUS,FIXYET,0.990703834113072
SEYFAE,QEKDOA,0.8640930978220736
YIFLUX,YIFKEG,0.9982970064618948
LOSKUA,LOSKUA01,0.9999999920260448
LAPMEU,IJOMAW,0.9994160246905044
VARWOC,SINXET,0.9998455940701346
XEGQOQ,OXIKUD,0.806017247273036
NEHZIK,BOQWEK,0.9999663362587284
RESWOC,BIQPAV,0.8029392573291964
UTEZOK,KERTUZ,0.9140377310256704
EWAWEG01,EWAWEG,0.9995469703427134
FAFMEE,HULCEW,0.9999916002530592
WUWQUB,WUWRAI,0.999994892637109
TOLPEQ,WIKDEB,0.834071860657307
NUVDIS,HOPVIT,0.9999801653969996
EBUTOM,EBUTOM01,0.9993027538132324
WUHXEC,QEMYEM,0.8953587873769675
GIJMOB,GIJMOB01,0.9999570926869472
NACKUZ,BIQNUN,0.8697943900442656
DAFYAN,DAFYOB,0.9999693007214469
WIFGOJ,WIFGUP,0.984139220217503
WILNIP,WILNIP01,0.9999906315276688
CESPEY,CESPIC,0.9999280736316444
