refcode,linker SMILES,metal,Largest Cavity Diameter,Pore Limiting Diameter,Largest Free Sphere,category,Gravity,Degree_Centrality,Betweenness_Centrality,Edge_Weight_Sum,Community_ID
ABAVIJ,OC(=O)c1ccncc1,Co,4.43864,2.4964,3.9804,small pore,0.47596652351940927,0.30116959064327486,0.003015094284089372,177.01521152036975,55
ABAYIO,OC(=O)c1cc(cc(c1)C(=O)O)C(=O)O,Mn,11.39487,4.3226,11.39487,medium pore,0.6910143890667619,0.4864300626304801,0.009259377835631832,199.30904276075609,225
ABAYOU,OC(=O)c1cc(cc(c1)C(=O)O)C(=O)O,Co,11.27344,4.5108,11.27344,medium pore,0.7554598545528487,0.4225146198830409,0.01408473292366484,245.5682154668925,55
ABEMIF,OC(=O)c1cc(cc(c1)C(=O)O)C(=O)O,Cu,11.25251,6.80253,11.25251,medium pore,0.7176732057586214,0.5739514348785872,0.005407319069112165,452.21638232834135,1
ABIWOX,OC(=O)c1cncc(c1)C(=O)O,Co,1.81541,0.7958,1.80785,nonporous,0.34801115616549505,0.21929824561403508,0.002845752697934036,126.15157952994564,55
ACAFAO,[O-][n+]1ccc(cc1)c1ccc(cc1)C(=O)O,Pb,6.22232,5.37253,6.18758,medium pore,0.7365319860942214,0.21019108280254778,0.00025401799174583513,28.418000704615558,127
ACAZEK,NCCN,Ag,1.67292,0.95578,1.29275,nonporous,0.0,1.0,0.0,35.889987490353434,4
ACICOH,OC(=O)c1ccncc1,Ni,5.23439,3.67775,5.17003,small pore,0.6800253480171408,0.4427083333333333,0.013560823661066805,72.50606306395532,60
ACMPCD,O[C@@H]1[C@@H](O)[C@@H](O[C@@H]1n1ccc(nc1=O)N)COP(=O)(O)O,Cd,5.66735,4.60927,5.66735,medium pore,0.9834390121670288,0.6666666666666666,0.6666666666666666,1.7162247984971102,6
ACODIH,OC(=O)c1ccc(cc1)P(=O)(c1ccc(cc1)C(=O)O)c1ccc(cc1)C(=O)O,Zn,6.22954,4.82188,6.21878,medium pore,0.7579153373218812,0.27506654835847383,0.0004670258758122029,265.1014489009971,3
ACODON,OC(=O)c1ccc(cc1)P(=O)(c1ccc(cc1)C(=O)O)c1ccc(cc1)C(=O)O,Tb,7.12973,4.65534,7.12973,medium pore,0.5451131814225557,0.25888324873096447,0.00030339866666337384,43.61729049705474,22
ACOFEG,OC(=O)c1cc(Oc2ccc(cc2)c2cc(nc(c2)c2ccncc2)c2ccncc2)cc(c1)C(=O)O,Eu,2.93411,1.60176,2.93353,nonporous,0.497204979866978,0.07692307692307693,0.00022977957403737617,15.91856456343891,12
ACOVEU,O[C@H]([C@H](C(=O)O)O)C(=O)O,Co,1.414,0.90293,1.414,nonporous,0.0,1.0,0.0,0.9066490831524328,9
ACUWIH,OC(=O)c1cc(cc(c1)C(=O)O)Cn1ccc(=c2ccn(cc2)Cc2cc(cc(c2)C(=O)O)C(=O)O)cc1,Mn,3.04167,1.17186,3.04167,nonporous,0.5897649501873066,0.06889352818371607,1.313305974033309e-06,27.35832105313089,225
ADATAC,OC(=O)c1cc(/N=N/c2ccc(cc2)OCc2cc(COc3ccc(cc3)/N=N/c3cc(cc(c3)C(=O)O)C(=O)O)cc(c2)COc2ccc(cc2)/N=N/c2cc(cc(c2)C(=O)O)C(=O)O)cc(c1)C(=O)O,Zn,26.34279,10.27339,16.37218,large pore,0.6898863646921283,0.019520851818988466,3.9740820762393245e-06,18.507151701928876,3
ADAVEI,C/C(=N\Nc1ccccn1)/c1ccc(cc1)N(c1ccc(cc1)/C(=N/Nc1ccccn1)/C)c1ccc(cc1)/C(=N/Nc1ccccn1)/C,Ag,10.15021,8.70819,10.15021,large pore,0.9214877652626572,0.52,0.012789115646258498,22.399597712008337,10
ADEGIA,OC(=O)c1ccc(cc1)C(=O)O,Gd,2.88073,1.44486,2.87942,nonporous,0.8697720743621651,0.5031446540880503,0.041723846127355836,68.99695040000563,195
ADEGIA01,OC(=O)c1ccc(cc1)C(=O)O,Gd,2.88895,1.25148,2.80568,nonporous,0.8403229971448065,0.4968553459119497,0.03764596839292212,68.1325989550024,195
ADUWIH,OC(=O)c1cccc(c1)OCc1c(COc2cccc(c2)C(=O)O)c(COc2cccc(c2)C(=O)O)c(c(c1COc1cccc(c1)C(=O)O)COc1cccc(c1)C(=O)O)COc1cccc(c1)C(=O)O,Zn,7.62273,5.59735,7.586,medium pore,0.681937015598733,0.04525288376220053,8.028953889365818e-05,42.42413410076753,3
AFOJIO,OC(=O)c1cc(C(=O)O)c(cc1C(=O)O)C(=O)O,Gd,1.66787,1.01995,1.62588,nonporous,0.4022300087877231,0.20754716981132076,0.02628720300522557,28.683715295320205,195
AFOVAT,OC(=O)c1ccc(cc1)c1ccc(cc1)C(=O)O,La,6.397,4.99848,6.31381,medium pore,0.7073225150261564,0.32903225806451614,0.14237980138557305,43.89608638413034,32
AFUDUD,OC(=O)c1ccc(cc1)c1ccc(cc1)c1cc(cc(c1)C(=O)O)C(=O)O,Gd,5.96558,3.88578,5.96558,small pore,0.44461896319332017,0.32704402515723274,0.00429187141653886,44.974435091131554,195
AFUFAL,OC(=O)c1ccc(cc1)c1ccc(cc1)c1cc(cc(c1)C(=O)O)C(=O)O,Pr,6.11713,4.00178,6.11713,medium pore,0.4634041690676728,0.24509803921568626,0.01686675744171499,21.460229266486948,96
AGDCNM,N#CC(N(=O)=O)C#N,Ag,2.1022,0.74448,1.77282,nonporous,0.0,1.0,0.0,0.8081490469677951,20
AGOXAL04,OC(=O)C(=O)O,Ag,0.94506,0.33871,0.94506,nonporous,0.4,1.0,0.0,1.9999546652977136,27
AGSLFA,OS(CCS(O)(O)O)(O)O,Ag,1.56317,0.82387,1.56317,nonporous,1.0,1.0,1.0,1.6994315062250172,28
AGULAQ,OC(=O)CN1C=C(O)CC(=C1)C(=O)O,Mn,3.20902,1.59246,3.20792,nonporous,0.4,1.0,0.0,1.9406567353859796,29
AGUVEE,n1ncn(c1)n1cnnc1,Cu,4.90012,2.38894,4.90012,nonporous,0.9999999999999998,1.0,0.003846153846153846,12.7900129732296,30
AHETAK,OC(=O)c1ccncc1,Co,9.74824,6.48486,9.74824,medium pore,0.4730771151441825,0.29970760233918126,0.0029240296476139302,176.24953806391943,55
AHIJOQ01,O[C@H]([C@H](C(=O)O)O)C(=O)O,Pb,1.54742,0.5975,1.54256,nonporous,0.4,1.0,0.0,1.9882790474715148,33
AKEGON,COc1cc(C(=O)O)c(cc1C(=O)O)OC,Mn,2.17662,1.33178,2.17662,nonporous,0.5098384083052456,0.010438413361169102,0.00031426091437679543,4.187827927963477,225
AKOXIJ,OC(=O)c1ccncc1,Ni,7.14788,4.61354,6.21478,medium pore,0.6799195724974851,0.4427083333333333,0.013560823661066805,72.48563175024678,60
ALALUU,OC(=O)CC(=O)O,Pr,2.34455,0.89891,2.06381,nonporous,0.9632207552718857,0.5,0.0,10.247102033032611,37
ALANAD,OC(=O)c1cc(cc(c1)C(=O)O)n1c(=O)c2c(c1=O)cc1c(c2)c(=O)n(c1=O)c1cc(cc(c1)C(=O)O)C(=O)O,Zn,8.23629,5.32411,8.21237,medium pore,0.6930638214158253,0.09139307897071873,4.555698363410661e-06,86.26365432438226,3
ALUJEX,OC(=O)c1ccc(cc1)C(=O)O,La,4.21186,1.415,4.15505,nonporous,0.7769482049869361,0.432258064516129,0.06320200177461735,57.65594311105217,32
AMBZAG10,OC(=O)c1ccc(cc1)N,Ag,2.32181,1.18814,2.31351,nonporous,0.3861748772940692,0.09292035398230089,0.007410415643067767,17.31115600340681,73
AMIXOK,OC(=O)c1ccc(cc1)C(=O)O,Nd,2.04656,0.8728,2.04656,nonporous,0.423491965589371,0.4728682170542636,0.07970703690730867,52.33200824128904,18
AMOMUM,OC=O,Fe,4.48601,1.88776,4.47037,nonporous,0.4,1.0,0.0,84.74381783434242,43
AMOROK,OS(CCCCP(=O)(O)O)(O)O,Sm,2.35877,1.29641,2.3246,nonporous,0.0,1.0,0.0,0.9008201813450164,48
AMURUX,OC=O,Mg,4.2686,2.1039,4.2686,nonporous,0.3682518923930047,1.0,0.0,83.80738009506153,50
ANUGEW,OC(=O)c1cc(cc(c1)c1ccc(cc1)C(=O)O)c1ccc(cc1)C(=O)O,Cu,14.44193,10.20513,14.44193,large pore,0.445379070473493,0.3598233995584989,0.00358075751718932,278.21225452517234,1
APAYUN,OC(=O)c1ccc(cc1)c1ccc(cc1)c1cc(cc(c1)C(=O)O)C(=O)O,La,5.97076,4.10555,5.96499,medium pore,0.561370637562024,0.3419354838709677,0.010925739108995382,45.32725985274818,32
APAZIC,OC(=O)c1ccc(cc1)c1ccc(cc1)c1ccc(cc1)c1cc(cc(c1)C(=O)O)C(=O)O,La,7.1095,4.73443,7.1095,medium pore,0.5613708237562332,0.3419354838709677,0.010925739108995382,45.32728645208284,32
APEBED,OC(=O)c1ccc(s1)C(=O)O,Zn,3.01071,1.8485,2.96433,nonporous,0.7,0.625,0.0,4.994545594975602,5
AQMAND,OC(=O)CC(=O)O,Nd,2.62643,1.22555,2.62643,nonporous,0.9675655053005121,0.5925925925925926,0.000570514605602325,13.437362044127948,90
AQOLUP,[nH]1ncc(n1)c1cc(cc(c1)c1[nH]nnc1)c1nn[nH]c1,Co,15.58222,5.36079,15.57824,medium pore,0.4,1.0,0.0,2.809171301540685,58
ASEMUG01,OC(=O)CN(CC(=O)O)CC(=O)O,La,1.78023,0.93823,1.57538,nonporous,0.0,1.0,0.0,0.999999630867392,65
ASUKEE,n1ccc(cc1)c1ccncc1,Cu,4.78914,3.45844,4.64139,small pore,0.9057977358373461,0.5701357466063349,0.030424896255155747,107.81447584732408,56
ASUKEE01,n1ccc(cc1)c1ccncc1,Cu,4.79531,3.45398,4.62079,small pore,0.9057952596644719,0.5701357466063349,0.030424896255155747,107.81380347505512,56
ATAFIK,OC(=O)c1cc(C(=O)O)c(cc1C(=O)O)C(=O)O,Zn,4.00038,2.3529,3.99783,nonporous,0.7638916201955079,0.1508429458740018,0.0016202891895746474,145.8004525256094,3
ATEZIK,OC(=O)c1ccc(cc1)c1cc(cc(c1)c1ccc(cc1)C(=O)O)c1cc(cc(c1)c1ccc(cc1)C(=O)O)c1ccc(cc1)C(=O)O,Lu,9.70566,7.60488,9.70301,medium pore,1.0,1.0,1.0,1.690117695262102,67
ATIJOC,OC(=O)c1ccc(cc1)C(=O)O,La,2.43591,1.57416,2.43591,nonporous,0.7620140281875629,0.432258064516129,0.049387795385235585,58.000473693823594,32
ATIJUI,OC(=O)c1ccc(cc1)C(=O)O,Pr,2.42116,1.52432,2.42116,nonporous,0.6351743504062333,0.39215686274509803,0.10885272195999685,34.219656224388544,96
ATIKAP,OC(=O)c1ccc(cc1)C(=O)O,Gd,2.27471,1.13195,2.26873,nonporous,0.8406622798488333,0.4968553459119497,0.03764596839292212,68.19434282235464,195
ATIKET,OC(=O)c1ccc(cc1)C(=O)O,Dy,2.27825,1.14904,2.26396,nonporous,0.8653902525871777,0.6194690265486725,0.051586492364018854,60.463735326362006,181
ATIKIX,OC(=O)c1ccc(cc1)C(=O)O,Y,2.28779,1.13671,2.2837,nonporous,0.9999999999999999,0.9444444444444444,0.10068397201685003,29.65369151922635,41
ATOTIM,OC(=O)c1ccc(cc1)C(=O)O,V,13.96867,13.69556,13.96446,large pore,0.999915401237613,1.0,0.0003339920398563834,57.458139081327715,40
AVAKEP02,OC(=O)c1ccc(cc1)c1cc2c3c(c1)C(C)(C)c1c4N3c3c(C2(C)C)cc(cc3C(c4cc(c1)c1ccc(cc1)C(=O)O)(C)C)c1ccc(cc1)C(=O)O,Cu,25.17564,11.67234,25.17564,large pore,0.7135582563394549,0.04856512141280353,1.3076449191911415e-07,36.96223196224562,1
AVAQAP,OC(=O)c1ccc(cc1)C(=O)O,Nd,2.40942,1.50209,2.40942,nonporous,0.7800868381431746,0.46511627906976744,0.07290051846343747,51.65712006322369,18
AVAQIX,OC(=O)c1ccncc1,Cd,5.44587,2.26348,5.42418,nonporous,0.39562553997702105,0.2506172839506173,0.0031729079959513925,172.03002303125413,69
AVAXIF,OC(=O)[C@H]([C@@H](C(=O)O)CC(=O)O)CC(=O)O,Pb,1.91106,1.11136,1.86818,nonporous,0.4,1.0,0.0,1.680969130803726,71
AVESAW,[nH]1cnnc1,Cd,3.16277,1.6353,3.03254,nonporous,0.4,1.0,0.0,13.962921730707887,72
AVUCEA,OC(=O)c1cc(cc(c1)C(=O)O)C(=O)O,Co,6.42752,3.7088,6.42391,small pore,0.8524297413715904,0.46929824561403505,0.017200440997100712,271.88901967640294,55
AVUKUY,c1ccc(nc1)c1ccccn1,Mn,1.89286,1.28422,1.6827,nonporous,0.7000201757696347,0.018789144050104383,0.0034226931397641253,8.262765120307204,225
AVULAF,c1ccc(nc1)c1ccccn1,Mn,1.89932,1.28029,1.68765,nonporous,0.6845644562292699,0.018789144050104383,0.0034226931397641253,8.263152539179515,225
AWAROF,Nc1nnc([nH]1)N,Zn,4.94584,4.57783,4.94584,medium pore,0.38540503605363485,1.0,0.0,1.9995331658285709,77
AWIBEP,OC(=O)c1cc(N)c(cc1N)C(=O)O,Lu,2.2796,0.84707,2.27187,nonporous,0.0,1.0,0.0,0.991646053110889,79
AXICOB,CCO[P@@](=O)(c1ccc(cc1)c1cc(cc(c1)c1ccc(cc1)P(=O)(O)O)c1ccc(cc1)[P@@](=O)(OCC)O)O,Cu,9.68612,9.39764,9.68612,large pore,0.40164323999054785,0.21052631578947367,0.03118908382066277,3.5270411830747688,61
AXIMUP,[O-][n+]1ccc(cc1)CCc1cc[n+](cc1)[O-],La,5.37395,3.20079,5.32146,small pore,0.4,1.0,0.0,3.379933091679821,83
AXINAX01,OC(=O)c1ccc(cc1)c1cc(cc(c1)c1ccc(cc1)C(=O)O)c1ccc(cc1)C(=O)O,Co,17.39442,12.31705,17.38994,large pore,0.5152518488015612,0.3216374269005848,0.004167186818030727,187.7116175282478,55
AXINIF,OC(=O)c1ccc(cc1)c1cc(cc(c1)c1ccc(cc1)C(=O)O)c1ccc(cc1)C(=O)O,Co,9.61893,8.65143,9.60699,large pore,0.47660175219686784,0.3070175438596491,0.002338362861125833,179.1713821026893,55
AXULEM,Sc1cc(cc(c1)C(=O)O)C(=O)O,Cd,12.20276,11.17828,12.20276,large pore,0.920695707381587,0.1345679012345679,0.00014597376322571554,93.21592585818472,69
AYABAD,OC(=O)c1cccc(n1)C(=O)O,Ce,3.58929,1.24289,1.8585,nonporous,0.7780069811216319,0.09302325581395349,0.0023453460931908894,7.11837621148806,17
AYOREN,OC(=O)c1ccc(s1)C(=O)O,Cd,3.4916,1.46988,3.4916,nonporous,0.0,1.0,0.0,0.8243221041986182,87
AZAVUU,OC(=O)c1ccc(cc1)c1c(c2ccc(cc2)C(=O)O)c(c2ccc(cc2)C(=O)O)c(c(c1c1ccc(cc1)C(=O)O)c1ccc(cc1)C(=O)O)c1ccc(cc1)C(=O)O,Cu,3.18246,1.86598,2.79114,nonporous,0.4359889247550362,0.3443708609271523,0.008562778588897252,258.371629745054,1
AZILEA,OC(=O)C1CCN(CC1)CP(=O)(O)O,Pr,3.60514,2.00081,3.20915,nonporous,0.4,1.0,0.0,2.6310046183512514,89
AZOCAU,OC(=O)/C=C/C(=O)O,Pr,1.87562,0.69466,1.62175,nonporous,0.0,1.0,0.0,0.9955738046217558,91
BABRII,OC(=O)c1ccc(cc1)c1cc(cc(c1)c1ccc(cc1)C(=O)O)c1ccc(cc1)C(=O)O,Zn,16.97086,10.91918,16.97086,large pore,0.6884306499747543,0.4667258207630879,0.0019266065696810207,453.61813278825065,3
BAFORM,OC=O,Ba,1.48296,0.81186,1.48245,nonporous,0.0,1.0,0.0,0.9996491763592582,95
BAFQUW,OC(=O)c1cc2[nH]cnc2cc1C(=O)O,Pr,2.15191,0.87351,2.14153,nonporous,0.658521790300785,0.049019607843137254,0.0,4.080078386185142,96
BALFAV02,n1ccc(cc1)c1ccncc1,Mo,3.30887,2.05502,3.30887,nonporous,0.9999999999999999,1.0,0.03571428571428571,6.24654918869666,99
BALMUW01,OC(=O)C(=O)O,Ba,1.54328,0.74376,1.54328,nonporous,0.4,1.0,0.0,7.99289723055222,97
BALZEW,OC(=O)C(CC(=O)O)(CC(=O)O)O,Cs,1.53015,0.59794,1.5239,nonporous,0.0,1.0,0.0,0.999540971256372,101
BAMNAH,CC(c1[nH]nc(n1)C(C)C)C,Cu,9.39866,8.82369,9.39866,large pore,0.4,1.0,0.0,3.546103217053028,102
BARMAL,OP(=O)(c1ccc(cc1)C(c1ccc(cc1)P(=O)(O)O)(c1ccc(cc1)P(=O)(O)O)c1ccc(cc1)P(=O)(O)O)O,Zr,4.95858,4.29121,4.94499,medium pore,0.4,1.0,0.0,2.660782224982208,105
BASHEJ,N#CNC#N,Co,7.22594,4.25266,7.22552,medium pore,0.4,1.0,0.0,14.993817937143884,82
BAXFIR02,n1ncn(c1)NNn1cnnc1,Fe,4.03285,3.42273,4.0125,small pore,0.4,1.0,0.0,3.999922727591456,109
BAYQAU03,C1=NCC=N1,Cd,2.07973,1.23207,2.06553,nonporous,0.4,1.0,0.0,6.999057958137219,112
BAYQAU11,c1ncc[nH]1,Cd,2.02271,1.23006,1.81486,nonporous,0.35371462736220566,1.0,0.0,1.9996735260231933,111
BAZGAM,OC(=O)c1ccc(cc1)c1ccc(cc1)c1cc(cc(c1)c1ccc(cc1)c1ccc(cc1)C(=O)O)c1ccc(cc1)c1ccc(cc1)C(=O)O,Cu,37.827,24.24606,33.62162,large pore,0.5006347175980501,0.38852097130242824,0.010139260008014576,299.4186354360488,1
BAZJET,[nH]1nnc(n1)c1ccc2c(c1)ccc(c2)c1[nH]nnn1,Mn,12.37206,12.02516,12.37206,large pore,0.700058666724494,0.027139874739039664,0.00024767849965286377,11.522934714752113,225
BECDAP,O=N(=O)[C@H]1C=C(N(=O)=O)C(=O)C(=C1O)N(=O)=O,K,1.41237,0.7605,1.31274,nonporous,1.0,0.75,0.5357142857142857,4.960567164046264,115
BEDHOJ,OC(=O)c1ccc2c(c1)[nH]cn2,Ni,4.76295,4.41775,4.75942,medium pore,0.0,1.0,0.0,0.9999999254220489,117
BEDJEA,OC(=O)CCCCC(=O)O,U,2.02721,1.16446,2.01308,nonporous,0.9999999999999999,0.75,0.0,2.7042628935378006,63
BEPNIV,C[C@@H](C(=O)O)NCc1ccncc1,Zn,8.14408,8.04135,8.14086,large pore,0.5603414905865021,0.17123287671232876,0.017420878601795,23.357278536614153,128
BERQAS,OC(=O)c1ccc(c(c1N(=O)=O)N(=O)=O)C(=O)O,Cd,5.34212,3.38013,5.33439,small pore,0.7032846381324513,0.018518518518518517,8.766811398100069e-05,12.224013360149957,69
BETFAJ,OC(=O)c1ccc(cc1)/C=N/c1cc(cc(c1)C(=O)O)C(=O)O,Sm,4.50694,2.38526,4.46132,nonporous,0.4890295975037929,0.11111111111111112,0.0,8.266466900538466,16
BEWCUD,OC(=O)c1ccc(cc1)c1cc(cc(c1)c1ccc(cc1)C(=O)O)/C/1=C/2\C=CC(=N2)/C(=c/2\cc/c(=C(\C3=N/C(=C(\c4[nH]c1cc4)/c1cc(cc(c1)c1ccc(cc1)C(=O)O)c1ccc(cc1)C(=O)O)/C=C3)/c1cc(cc(c1)c1ccc(cc1)C(=O)O)c1ccc(cc1)C(=O)O)/[nH]2)/c1cc(cc(c1)c1ccc(cc1)C(=O)O)c1ccc(cc1)C(=O)O,Zn,10.58965,8.54149,9.65044,large pore,0.7060801952578284,0.05412599822537711,4.709564472944975e-06,50.93569549739553,3
BEXRIG,N#CNC#N,Ni,8.16514,5.60091,8.16514,medium pore,0.4,1.0,0.0,7.993997246500969,129
BEYKEX,OC(=O)c1cc(cc(c1)S(O)(O)O)C(=O)O,U,5.04379,2.77578,4.98571,small pore,0.5189448585719022,0.0958904109589041,0.0,5.822429359960504,451
BICPUA,OC(=O)c1ccc(cc1)c1cc(cc(c1)c1ccc(cc1)C(=O)O)c1cc(cc(c1)c1cc(cc(c1)c1ccc(cc1)C(=O)O)c1ccc(cc1)C(=O)O)c1cc(cc(c1)c1ccc(cc1)C(=O)O)c1ccc(cc1)C(=O)O,Yb,12.14124,8.92134,12.14,large pore,0.5459004865307978,0.6136363636363636,0.018062665304893557,23.68909957782911,370
BIFNOW,OC(=O)C(=O)O,Th,7.5683,6.09082,7.49219,medium pore,0.0,1.0,0.0,0.9979684045395673,131
BIFSUF,n1ccc(cc1)c1ccncc1,Zn,3.2935,2.07546,3.2935,nonporous,0.5622498909255391,0.15753424657534246,0.07974153949184622,20.34496912183293,128
BINSOJ,[nH]1nnc(n1)/C=C/c1[nH]nnn1,Na,1.34982,0.69993,1.34982,nonporous,0.0,1.0,0.0,0.9980175823692266,134
BIPXIK,OC(=O)c1ccncc1,Co,6.51335,4.28625,6.51335,medium pore,0.47308228461049795,0.29970760233918126,0.0029240296476139302,176.25308855058566,55
BIQNUN,OC(=O)c1c(Br)c(Br)c(c(c1Br)Br)C(=O)O,Ho,2.714,1.06237,2.714,nonporous,0.0,1.0,0.0,0.8697943900442656,135
BIXVEM,n1ncc([nH]1)c1cc(cc(c1)c1c[nH]nn1)c1cnn[nH]1,Cu,15.62938,9.70687,15.62208,large pore,0.4,1.0,0.0,1.9999928485997078,141
BODPAN,OC(=O)c1cc(cc(c1)C(=O)O)C(=O)O,Cu,11.00022,5.27879,10.96834,medium pore,0.710659179343208,0.5706401766004415,0.004492508739350556,449.63206614100176,1
BOHWUS,OC(=O)c1cc(cc(c1)C(=O)O)C(=O)O,Zr,18.51108,12.44368,18.50375,large pore,0.6862558533434637,0.5393258426966292,0.05563081708464257,80.36368313602983,143
BOHXED,OC(=O)c1[nH]nc(c1)C(=O)O,Zr,5.92037,3.45236,5.7603,small pore,0.4,1.0,0.0,2.9965591806781644,144
BOHXIH,OC(=O)/C=C/C(=O)O,Zr,7.57568,3.35709,7.57568,small pore,0.4,1.0,0.0,3.901888757626999,142
BOJLOC,[nH]1nnc(n1)Nc1[nH]nnn1,Mn,1.73551,0.83287,1.73373,nonporous,0.0,1.0,0.0,0.9999996565393564,145
BOJYIK,OC(=O)c1ccc(cc1)C(=O)O,Tb,2.82325,1.20848,2.8096,nonporous,0.7545442214637371,0.6395939086294415,0.025959567694359992,108.98010539218055,22
BOJYIK01,OC(=O)c1ccc(cc1)C(=O)O,Tb,2.85372,1.49712,2.85372,nonporous,0.7955576172851876,0.6598984771573604,0.032650581853494544,112.35220190495934,22
BOLPAU,OC(=O)c1ccc(cc1)[Si](c1ccc(cc1)C(=O)O)(c1ccc(cc1)C(=O)O)c1ccc(cc1)C(=O)O,Zn,7.55519,5.11681,7.02373,medium pore,0.7488074901227922,0.35581188997338065,0.0003921701495935932,338.741115589885,3
BORBAM,S=C(C(=S)NCC(=O)O)NCC(=O)O,Mn,1.81528,1.02606,1.78326,nonporous,0.7275480769230769,0.03333333333333333,0.0,0.8225825049144329,677
BOVQUZ,OC(=O)c1cc2[nH]cnc2cc1C(=O)O,Zn,2.84686,1.44074,2.84558,nonporous,0.755045850756997,0.023957409050576754,0.0,22.183772312211346,3
BOWDIC,OC(=O)c1ccncc1,Co,7.01096,4.61744,6.97011,medium pore,0.4730829082811223,0.29970760233918126,0.0029240296476139302,176.25351689929727,55
BOWDOI,OC(=O)c1ccncc1,Co,7.17275,4.82036,7.12246,medium pore,0.47307085487887657,0.29970760233918126,0.0029240296476139302,176.24523839599635,55
BOWDUO,OC(=O)c1ccncc1,Co,7.16908,4.78324,7.16908,medium pore,0.4730752305208217,0.29970760233918126,0.0029240296476139302,176.24824366915888,55
BOYTEQ,OC(=O)c1cccc(c1)c1ccncc1,Mn,4.92609,4.59373,4.92609,medium pore,0.6765068570684329,0.16075156576200417,0.0016187084706010492,66.01884325673431,225
BUKLOJ,OC(=O)c1ccc(cc1)C(=O)O,Co,2.08383,0.97097,2.07775,nonporous,0.7955178606811217,0.43859649122807015,0.015423365034415491,257.53915230629156,55
BUKLOJ01,OC(=O)c1ccc(cc1)C(=O)O,Co,2.02578,1.01877,1.92523,nonporous,0.8527308183016653,0.4678362573099415,0.01704231645211524,273.7394894274503,55
BUKTOS,OC(=O)c1c[nH]nc1,Zn,10.84336,5.15775,10.79906,medium pore,0.4,1.0,0.0,8.814781639826908,157
BUPDUM,N[C@H]1NNC(=S)N1,Cu,9.76326,3.29047,9.75377,small pore,0.3794975857716054,1.0,0.0,1.9999909988953837,159
BUSMUZ,n1ccc(cc1)c1ccncc1,La,2.43864,1.41512,2.42059,nonporous,0.0,1.0,0.0,0.99969544270848,161
BUSXAP,OC(=O)Cn1cnc2c1cccc2,Mn,2.90435,2.01025,2.90435,nonporous,0.984739091645232,1.0,0.25,6.5918284459157865,162
BUZKUE,n1ccc(cc1)c1nnn[nH]1,Cu,2.87704,1.68251,2.87704,nonporous,0.5283853458089058,0.3574660633484163,0.01299318143263219,69.1499251476767,56
CAFJIF,OC(=O)[C@H]1CC[C@@](C1(C)C)(C)C(=O)O,Nd,3.26854,1.70106,2.76854,nonporous,0.0,1.0,0.0,0.9992825975426288,167
CAHMON,OC=O,Cd,2.86063,1.55475,2.85998,nonporous,0.4,1.0,0.0,8.997304796588423,15
CAJTOX,ONN(C(N(NO)O)N(NO)O)O,K,1.23289,0.33593,0.88999,nonporous,0.0,1.0,0.0,0.9984037393056472,170
CAKFEB,OC(=O)Cc1ccc(cc1)CC(=O)O,Gd,3.13385,1.65584,3.11336,nonporous,0.4,1.0,0.0,3.6217113954620777,171
CAKWUI,CN1C=C[C@H](C=C1)c1nnn[nH]1,Mn,2.22146,1.1677,2.22146,nonporous,0.0,1.0,0.0,0.862185493351908,173
CAPLOX,OC(=O)c1cc(N)c(cc1N)C(=O)O,Nd,5.71363,2.02986,5.7074,nonporous,0.8128870978510039,0.05426356589147287,0.002467343969827537,6.040302949746475,18
CAVLIW,OC(=O)c1ccc(cc1)P(c1ccc(cc1)C(=O)O)(c1ccc(cc1)C(=O)O)C,Ca,3.43227,1.86256,3.43227,nonporous,0.6362809841354398,0.3644067796610169,0.0,35.37699428271244,66
CAVQOH,OP(=O)(CNCP(=O)(O)O)O,Zn,1.95355,1.14869,1.75867,nonporous,0.6913057110948023,0.06756756756756757,0.02702702702702703,4.15245219747035,116
CAVSOJ,OP(=O)(CN(CP(=O)(O)O)CCCCCCN(CP(=O)(O)O)CP(=O)(O)O)O,La,4.16281,3.03669,4.05573,small pore,0.39869638485950465,1.0,0.0,1.877553245287332,180
CAXTEC,OC(=O)c1c(N)c(N)c(c(c1N)N)C(=O)O,Al,10.87616,5.2725,10.87616,medium pore,0.4,1.0,0.0,2.8552179950432532,184
CAXVII,OC(=O)C1=CC(=O)C(=CC1=O)C(=O)O,Fe,11.60324,10.80974,11.60324,large pore,0.4,1.0,0.0,1.999993618665159,185
CAXWEF,OC(=O)[C@@H]1CC(=O)[C@H](CC1=O)C(=O)O,Fe,8.05534,7.52267,8.05534,medium pore,0.0,1.0,0.0,1.9999979609091216,186
CAYDUD,O(CCc1nnn[nH]1)CCc1nnn[nH]1,Cu,5.16273,4.98367,5.16273,medium pore,0.4,1.0,0.0,11.851527565751542,188
CDCACD01,N#CN=C(N)N,Cd,1.59083,0.90365,1.59083,nonporous,0.0,1.0,0.0,0.9999202261729256,190
CDLGLU12,OC(=O)CC[C@@H](C(=O)O)N,Cd,2.39718,1.36514,2.21203,nonporous,0.9433333333333332,0.631578947368421,0.04444444444444443,10.498642620494456,191
CECKIH,OC(=O)C(=O)O,Zn,5.85932,3.92127,5.85932,small pore,0.4,1.0,0.0,5.994135530456924,193
CECKON,OC(=O)C(=O)O,Co,5.84507,3.88031,5.84507,small pore,1.0,1.0,0.025,4.417588828494223,165
CECVAI,Oc1ccc(cc1/C=N/NC(N/N=C/c1cc(O)ccc1O)N/N=C/c1cc(O)ccc1O)O,Cu,8.49579,6.02537,8.49579,medium pore,0.0,1.0,0.0,0.8814350475249602,194
CEFNIN,OC(=O)c1ccc(cc1)c1ccc(cc1)c1c(c2ccc(cc2)c2ccc(cc2)C(=O)O)c(c2ccc(cc2)c2ccc(cc2)C(=O)O)c(c(c1c1ccc(cc1)c1ccc(cc1)C(=O)O)c1ccc(cc1)c1ccc(cc1)C(=O)O)c1ccc(cc1)c1ccc(cc1)C(=O)O,Cu,28.78315,9.80597,21.4923,large pore,0.3465654764914704,0.2836644591611479,0.0033321217904061255,212.6255294278316,1
CEHKUW,OC(=O)c1cc(cc(c1)C(=O)O)C(=O)O,Cd,5.88571,4.00517,5.88474,medium pore,0.5107030771663059,0.41604938271604935,0.00841038007952455,287.6714537354504,69
CEHWIX,OC(=O)c1cnccn1,Ni,3.45519,2.04032,3.35758,nonporous,0.0,1.0,0.0,0.99920246100942,197
CEJXEW,OC(=O)c1ccc(cc1)c1ccc(cc1)C(=O)O,Tb,2.15956,1.50378,2.15956,nonporous,0.52027820270541,0.46700507614213194,0.007906558178642952,80.45187896011473,22
CEMLOY,OC(=O)c1ccc(cc1)[Si](c1ccc(cc1)C(=O)O)(c1ccc(cc1)C(=O)O)c1ccc(cc1)C(=O)O,Al,4.0725,3.44039,4.0321,small pore,0.895565057703136,0.391304347826087,0.0002507396820620832,23.663385969990113,183
CERPOF,OC(=O)c1cc(cc(c1)C(=O)O)C(=O)O,Pb,2.92848,1.20891,2.91184,nonporous,0.4895389285444045,0.37579617834394907,0.035068211718897055,50.76227306132241,127
CESYEF,OC(=O)c1ccncc1,Ag,3.28814,2.88315,3.28814,small pore,0.49464573549037205,0.11061946902654868,0.049137584174496624,21.074113917680517,73
CICSOW02,n1ncn(c1)n1cnnc1,Fe,5.15159,2.94791,5.0124,small pore,0.4,1.0,0.0,1.9996952667768573,206
CIFHAC,OC(=O)c1c(C)c(C)c(c(c1C)C)C(=O)O,Mn,2.87363,2.06836,2.87363,nonporous,1.0,1.0,1.0,1.720704577335713,209
CIFHIK,OC(=O)c1ccc(s1)C(=O)O,Mn,2.5145,1.45977,2.49324,nonporous,1.0,1.0,0.02727272727272727,10.21317421133261,146
CIFMAH,OC(=O)c1ccc(cc1)c1cc(cc(c1)c1ccc(cc1)C(=O)O)c1ccc(cc1)C(=O)O,Co,10.24439,9.01949,10.23004,large pore,0.4823659371885489,0.30994152046783624,0.002496758729375472,180.84304258419328,55
CIFMIP,OC(=O)c1cc(cc(c1)C(=O)O)C(=O)O,Co,7.12759,4.35844,7.12759,medium pore,0.8424409943357738,0.4678362573099415,0.016339411523869557,271.1254975463673,55
CIGVEW,OC(=O)Cn1c(=O)c2ccc3c4c2c(c1=O)ccc4c(=O)n(c3=O)CC(=O)O,Zn,2.64466,2.23698,2.64466,nonporous,0.0,1.0,0.0,0.9989416189693634,214
CIJBEC,C1COCCS1,Ag,2.13156,1.15063,2.13067,nonporous,0.0,1.0,0.0,0.8076630056137908,216
CIKPEU,OC(=O)c1ccc(cc1)c1cncc(c1)c1ccc(cc1)C(=O)O,Co,2.65825,1.4543,2.65825,nonporous,0.3813361786326184,0.25,0.0014368886647835965,144.4860653252134,55
CIPLIX,OC(=O)c1cc(cc(c1)C(=O)O)C(=O)O,Co,4.38327,3.81414,4.37097,small pore,0.7844400940144132,0.44298245614035087,0.014020152780576028,256.89512195848505,55
CIPMUL,OC(=O)CN1CC(=O)N(CC1=O)CC(=O)O,Eu,3.3218,2.04492,3.2823,nonporous,0.0,1.0,0.0,0.9994353201104405,217
CIRSII,OP(=O)(c1ccc(cc1)[Si](c1ccc(cc1)P(=O)(O)O)(c1ccc(cc1)P(=O)(O)O)c1ccc(cc1)P(=O)(O)O)O,Cu,6.69268,5.65043,5.92983,medium pore,0.9999999999999999,0.42105263157894735,0.0,6.732071150835068,61
CISMEY,OC(=O)c1cc(Oc2ccc(cc2)c2nnn[nH]2)cc(c1)C(=O)O,Cd,2.89641,1.31911,2.8809,nonporous,0.43253087869225637,0.05925925925925926,0.0013418030603839157,40.587303542711616,69
CITWUY,Cc1cc(C)c(c(c1)C)O,K,2.6157,1.26718,2.36958,nonporous,0.0,1.0,0.0,0.8666405637560146,219
CIYZIU,OC(=O)c1ccc(s1)C(=O)O,Er,1.63168,0.7716,1.63168,nonporous,0.3264694830428198,1.0,0.0,1.995348259857135,221
CIZQOT,OC(=O)c1cc(C(=O)O)c(cc1C(=O)O)C(=O)O,Zn,6.33668,3.86842,6.06061,small pore,0.7593474380154905,0.14995563442768411,0.0015371902136459233,145.03662915170005,3
COCMOY,n1nnc([nH]1)c1ccc(cc1)[Si](c1ccc(cc1)c1n[nH]nn1)(c1ccc(cc1)c1nnn[nH]1)c1ccc(cc1)c1nnn[nH]1,Mn,13.61166,6.14739,13.61166,medium pore,0.8164039214496741,0.029227557411273482,0.000374102101583579,12.410502090661199,225
CODQOD,OC(=O)COc1ccc(cc1)OCC(=O)O,Ce,2.87334,1.84963,2.87272,nonporous,1.0,1.0,0.6666666666666666,2.5391842441502153,223
COKJIX,OC(=O)c1cccc(c1)C(=O)O,Gd,4.62241,2.97326,4.62241,small pore,0.5359502285707692,0.32704402515723274,0.02315853257280886,43.77082348887045,195
COKNUN02,OC(=O)c1cc(O)c(cc1O)C(=O)O,Mn,11.88899,11.07374,11.8887,large pore,0.5722230420172576,0.045929018789144044,0.00013088702974405075,20.128610793267924,225
COMHUI,Nc1[nH]nc(n1)N,Cu,1.92641,0.96171,1.34781,nonporous,0.4,1.0,0.0,1.8018348844232472,230
COMVEG,c1nnn[nH]1,Cd,2.76326,1.10773,2.75501,nonporous,0.0,1.0,0.0,0.9999588474982876,232
COQMAX,OP(=O)(c1ccc(cc1)P(=O)(O)O)O,V,1.97977,0.89178,1.78235,nonporous,0.4,1.0,0.0,3.8157124158464546,234
COWMOR,OC(=O)[C@@H]1C[C@@H](C[C@@H](C1)C(=O)O)C(=O)O,Er,4.72015,3.15029,4.6996,small pore,0.0,1.0,0.0,1.9992210022448544,240
COWMUX,OC(=O)[C@@H]1C[C@@H](C[C@@H](C1)C(=O)O)C(=O)O,Tm,4.70998,3.14162,4.69673,small pore,0.0,1.0,0.0,0.8209577332848281,241
COXCUP,Cc1nnc([nH]1)Cc1[nH]nc(n1)C,Cu,3.9076,3.17345,3.9076,small pore,0.4113389071393373,0.358974358974359,0.047840755735492596,11.863027341485486,42
COXFOL,OC(=O)c1cccc(c1)C(=O)O,Co,4.9258,3.22314,4.40364,small pore,0.4755674050620876,0.29678362573099415,0.004303841264881168,170.5018958636816,55
COYTIU,OC(=O)c1cc(cc(n1)C(=O)O)c1cc(nc(c1)C(=O)O)C(=O)O,Ce,3.7749,1.98472,3.7463,nonporous,0.7444624193004186,0.10465116279069767,0.0023019041672518773,7.627978997541493,17
CUCITD02,OC(=O)C(CC(=O)O)(CC(=O)O)O,Cu,2.27555,1.15366,2.13141,nonporous,0.4,1.0,0.0,3.998324891993036,246
CUFDOX,OC(=O)c1cc(cc(c1)C(=O)O)C(=O)O,In,6.24795,5.53023,6.24795,medium pore,0.7527704779538432,0.7323232323232324,0.011195685015253467,126.12579240485634,70
CUFDUD,OC(=O)c1cc(cc(c1)C(=O)O)C(=O)O,In,6.88557,5.43298,6.87879,medium pore,0.7686862302242777,0.7424242424242425,0.011904749743270566,127.81943106910157,70
CUFFIT,OC(=O)c1cc(cc(c1)C(=O)O)C(=O)O,In,6.2822,5.54383,6.27747,medium pore,0.7527803718829109,0.7323232323232324,0.011195685015253467,126.12915865860467,70
CUFFOZ,OC(=O)c1cc(cc(c1)C(=O)O)C(=O)O,In,6.2305,5.52998,6.2305,medium pore,0.752760424040005,0.7323232323232324,0.011195685015253467,126.12237171880614,70
CUFFUF,OC(=O)c1cc(cc(c1)C(=O)O)C(=O)O,In,6.2074,5.50301,6.2074,medium pore,0.7527647272009594,0.7323232323232324,0.011195685015253467,126.1238358016385,70
CUFORM06,OC=O,Cu,1.65422,0.83679,1.63145,nonporous,0.3998198847987169,1.0,0.0,66.89502473416427,46
CUGSUT,O[C@H]([C@H](C(=O)O)O)C(=O)O,Sr,1.64604,1.1137,1.63608,nonporous,0.4,1.0,0.0,3.9049946501139132,250
CUGYEK,Cc1[nH]nc(n1)C,Ag,7.53696,7.5047,7.5295,medium pore,0.3999351879826463,1.0,0.0,1.9961780243654152,251
CUGYIO,Cc1ncn[nH]1,Ag,5.85592,5.75004,5.85592,medium pore,0.9631675263747557,0.8888888888888888,0.05555555555555555,6.877910898101868,247
CUGYOU,Nc1[nH]nc(n1)N,Ag,7.99005,7.97636,7.99005,medium pore,0.31545916407485497,1.0,0.0,1.9998790937727855,252
CUIMDZ03,c1ncc[nH]1,Cu,4.36635,2.053,4.36635,nonporous,0.0,1.0,0.0,0.9923866322385442,253
CUMDOE,OP(=O)(CN1CCN(CC1)CP(=O)(O)O)O,Nd,5.47374,4.76921,5.47374,medium pore,0.27422228621781963,0.6000000000000001,0.0,2.8727197461174776,446
CUMFOG,OC(=O)Cn1cncc1,Cu,1.87736,1.07113,1.8665,nonporous,1.0,0.47368421052631576,0.5243664717348926,7.412289698134702,245
CUMLUT,OC(=O)c1cc(cc(c1)C(=O)O)C(=O)O,Cd,5.63779,3.90273,5.6133,small pore,0.6957297895046164,0.41604938271604935,0.00841038007952455,287.6572385232789,69
CUSBUO,Oc1c(cc(cc1S(O)(O)O)S(O)(O)O)S(O)(O)O,Na,1.6429,0.63918,1.42756,nonporous,0.6286470738721035,0.8571428571428571,0.38095238095238093,5.1182241741566035,259
CUSQOX,n1ccc(cc1)N(c1ccncc1)c1ccc(cc1)N(c1ccncc1)c1ccncc1,Cd,5.1438,1.67975,5.12472,nonporous,0.9979245906481531,0.0641025641025641,0.05094905094905095,4.139622871506424,256
CUTBEA,OC(=O)c1ccc(cc1)c1nnn(c1)c1cc(cc(c1)C(=O)O)C(=O)O,Eu,5.51689,4.69972,5.51689,medium pore,0.8021030541455696,0.10121457489878542,0.003184022814318212,20.500154067716636,12
CUTCYM01,N#CC(C#N)C#N,Cu,1.55893,1.21157,1.5582,nonporous,0.0,1.0,0.0,0.99999411990786,260
CUVTIX,CCOC(=O)Nc1cc(cc(c1c1c(NC(=O)OCC)cc(cc1NC(=O)OCC)C(=O)O)NC(=O)OCC)C(=O)O,Zn,8.73271,6.5006,8.73271,medium pore,0.7420827010660316,0.005323868677905946,3.446862248515699e-07,4.898102155671825,3
CUVTOD,OC(=O)c1cc(N)c(c(c1)N)c1c(N)cc(cc1N)C(=O)O,Zn,15.89771,10.69172,15.89771,large pore,0.7593466435711141,0.20940550133096716,3.535565429961575e-05,195.2423086958957,3
CUWZIF,OC(=O)c1ccc(cc1)CNc1cc(cc(c1)C(=O)O)C(=O)O,Eu,5.96932,4.04842,5.94776,medium pore,0.4973645774527905,0.1700404858299595,0.0004864464699869464,34.943200990342234,12
CUXQIW,OC(=O)c1ccc(cc1)/C=C/c1ccc(cc1)C(=O)O,Tb,2.0545,0.94094,2.0545,nonporous,0.7802553866039289,0.26903553299492383,0.00023651182485502672,44.84819549371788,22
CUYDEG,OC(=O)CSc1nc2c([nH]1)cccc2,Co,4.4929,2.29079,4.47456,nonporous,0.0,1.0,0.0,0.8088166411013984,263
CUYXOK,OC(=O)c1c(C)c(C)c(c(c1C)C)C(=O)O,Cu,2.59715,2.26991,2.59715,nonporous,1.0,0.8333333333333333,0.06666666666666667,4.328490847563912,25
CUZBUW,OC(=O)c1ccc(cc1)C(=O)O,Co,2.77106,1.62101,2.71758,nonporous,0.8497271249357405,0.46929824561403505,0.016459905507527836,274.724472930472,55
DADLEC,OC(=O)c1ccc(cc1)c1ccc(cc1)N(c1ccc(cc1)c1ccc(cc1)C(=O)O)c1ccc(cc1)c1ccc(cc1)C(=O)O,Mn,5.05644,3.52422,4.79982,small pore,0.6785303108623215,0.13778705636743213,0.00010161266976826165,56.366798853267795,225
DADTOS,OC=O,Mn,3.75178,2.26849,3.75178,nonporous,0.3975523544790576,1.0,0.0,177.9121282662814,24
DADTOS02,OC=O,Mn,3.70934,2.23465,3.70934,nonporous,0.3980152123621338,1.0,0.0,177.91281400101343,24
DADTOS04,OC=O,Mn,3.73448,2.26006,3.73448,nonporous,0.39742891579930983,1.0,0.0,177.9119453890029,24
DADTOS13,OC=O,Mn,3.69569,2.21248,3.69569,nonporous,0.3986891079652651,1.0,0.0,177.91381239304206,24
DADTOS14,OC=O,Mn,3.60528,2.13567,3.60528,nonporous,0.39946800090929174,1.0,0.0,177.91496634107622,24
DADTOS15,OC=O,Mn,3.47523,2.01949,3.47523,nonporous,0.399785157347992,1.0,0.0,177.91543621572558,24
DADTOS16,OC=O,Mn,3.41828,1.95852,3.41828,nonporous,0.39914070130378154,1.0,0.0,177.91448143908903,24
DADTUY,OC=O,Co,3.70388,2.20408,3.70388,nonporous,0.39939863483095905,1.0,0.0,66.91364660861773,44
DADTUY07,OC=O,Co,3.6689,2.15528,3.6689,nonporous,0.3997572570514251,1.0,0.0,66.9126695516567,44
DADVAG,OC=O,Ni,3.7415,2.22735,3.7415,nonporous,0.3993038001150353,1.0,0.0,33.95754285312127,45
DADVAG01,OC=O,Ni,3.68805,2.19844,3.68805,nonporous,0.4,1.0,0.0,33.95768832454758,45
DAFHEZ,OC(=O)c1cccc(c1)C(=O)O,Co,5.14518,3.33208,5.05201,small pore,0.4969346220336533,0.30409356725146197,0.005473532612996098,174.55729150666704,55
DAFYOB,OC(=O)c1c(O)c(O)c(c(c1O)O)C(=O)O,Mg,9.14255,7.52821,8.66402,medium pore,0.0,1.0,0.0,0.9999693007214469,264
DAHNUW,OC(=O)C(=O)O,Nd,5.48073,3.41494,5.48011,small pore,0.4,1.0,0.0,10.979269879581096,267
DAHPAE,OC(=O)C(=O)O,Yb,5.00613,3.59286,5.00613,small pore,0.4,1.0,0.0,1.9982969355119047,268
DAKVIW,OC(=O)c1cc(OCC(COc2cc(cc(c2)C(=O)O)C(=O)O)(COc2cc(cc(c2)C(=O)O)C(=O)O)COc2cc(cc(c2)C(=O)O)C(=O)O)cc(c1)C(=O)O,Cd,5.19397,3.45056,5.17835,small pore,0.5351253646379059,0.09259259259259259,0.0006603096108060376,63.88469523713401,69
DALRAK,OP(=O)(CCP(=O)(O)O)O,Ag,1.56323,0.63751,1.56323,nonporous,0.4,1.0,0.0,2.72834458632336,189
DALSOA,Oc1cc(cc(c1)C(=O)O)C(=O)O,Cu,2.99446,1.47099,2.9842,nonporous,0.3629610675240157,0.2891832229580574,0.0038636316566670772,225.9064283804444,1
DAMYIC01,OC(=O)c1cncs1,Cu,2.88155,1.19079,2.88108,nonporous,0.0,1.0,0.0,0.999999893620991,271
DAPGUW01,OC(=O)C(=O)O,Ni,1.00151,0.60788,1.00151,nonporous,0.0,1.0,0.0,1.9927769628092014,243
DAPYAW,OC(=O)c1ccc(cc1)c1cc(cc(c1)c1ccc(cc1)C(=O)O)c1ccc(cc1)C(=O)O,Cd,9.7187,4.38138,9.71586,medium pore,0.4871421892900864,0.3135802469135802,0.002950338383540147,216.18690962898478,69
DARYIF,OC(=O)c1ccncc1,Zn,2.46336,1.56291,2.31779,nonporous,0.6985997815684184,0.30789707187222715,0.0033018089632969668,292.8772084981276,3
DAWCOV,OC(=O)c1ccc(cc1)C(c1ccc(cc1)C(=O)O)c1ccc(cc1)C(=O)O,Mn,5.8402,4.38688,5.83606,medium pore,0.6029830811805822,0.2463465553235908,0.0007696551460441415,97.83686388136793,225
DAXDUE,OC(=O)c1[nH]c(nc1C(=O)O)Cc1ccncc1,Ca,3.26818,1.33724,3.2474,nonporous,0.9249999999999999,0.5,0.42857142857142855,3.286408416904421,220
DAXKOE,OC(=O)c1ncc(nc1)C(=O)O,In,4.4692,2.90388,4.4692,small pore,0.0,1.0,0.0,0.9999801441970178,277
DEBBIY,O=C(c1cccnc1)Nc1cc(cc(c1)C(=O)O)C(=O)O,Zn,2.38712,1.80028,2.38712,nonporous,0.6820078997756303,0.08606921029281278,0.0015667865525874397,79.33829678518217,3
DEBNUU,OC(=O)CCP(=O)(O)O,Al,2.87827,2.60383,2.87827,small pore,0.8707140047120652,0.7777777777777777,0.2222222222222222,5.810689098710468,218
DECVIT,O=C1C(=O)C(=O)C1=O,U,7.4588,4.3465,7.4588,medium pore,0.4,1.0,0.0,1.9999658601500596,139
DEGJIK,n1ccc(cc1)c1nnn[nH]1,Cu,4.50362,3.84848,4.50362,small pore,0.507642570961774,0.3484162895927602,0.011617019758912944,67.45844135379792,56
DEHFUR,OC(=O)CCP(CCC(=O)O)CCC(=O)O,Zn,4.62142,2.24048,4.60478,nonporous,0.9532663316582914,0.13513513513513514,0.0,8.46193950388146,116
DEHHEG,n1ccc(cc1)c1ccncc1,Zn,1.73656,1.093,1.58756,nonporous,0.5622165580314034,0.15753424657534246,0.07974153949184622,20.342652295904937,128
DEHYEV,OC(=O)CP(=O)(O)O,Zn,2.82584,1.60871,2.80838,nonporous,0.6911143237680141,0.05405405405405406,0.03375293101320496,3.4822712456281435,116
DEKGOS,CCCc1[nH]nc(n1)CCC,Cu,4.30833,2.6855,4.30833,small pore,0.8378966734218942,0.5897435897435898,0.2722068328716528,19.395175699370842,42
DEKZOK,OC(=O)CCCCCCC(=O)O,Ba,2.2554,1.04973,2.02802,nonporous,0.4,1.0,0.0,3.9128503061497133,284
DELGIN,OC(=O)c1cc(cc(c1)c1ccc(cc1)C(=O)O)c1ccc(cc1)C(=O)O,Cd,9.6564,9.09602,9.6564,large pore,0.43583755966757454,0.28888888888888886,0.0015577370956014257,198.77930239246396,69
DELTAQ,n1ccc(cc1)c1ccncc1,Zn,1.72974,0.94646,1.49784,nonporous,0.5621302384793465,0.15753424657534246,0.07974153949184622,20.336652595564395,128
DELTAQ01,n1ccc(cc1)c1ccncc1,Zn,1.69608,0.95226,1.47948,nonporous,0.5621576897016649,0.15753424657534246,0.07974153949184622,20.338560611812948,128
DELTAQ02,n1ccc(cc1)c1ccncc1,Zn,1.69128,0.92913,1.58856,nonporous,0.5622020353009272,0.15753424657534246,0.07974153949184622,20.341642883449623,128
DELTAQ03,n1ccc(cc1)c1ccncc1,Zn,1.74128,0.95474,1.58246,nonporous,0.562188245144337,0.15753424657534246,0.07974153949184622,20.340684389050388,128
DENQIZ,C[C@@H](c1nnn[nH]1)N,Cu,2.76609,1.32454,2.18198,nonporous,0.4,1.0,0.0,2.7595994950991676,285
DERBIO,OC(=O)c1ccc(cc1)c1ccc(cc1)C(=O)O,Co,6.70311,5.01748,6.68624,medium pore,0.5585745243469638,0.34064327485380114,0.005542919654352959,200.40596567622148,55
DETGIT,O=N(=O)c1c(O)c(N(=O)=O)c(c(c1O)S(O)(O)O)O,K,1.67658,0.61917,1.67357,nonporous,0.0,1.0,0.0,0.8229031080015399,286
DEXXAF,C1N2CN3CN1CN(C2)C3,Ag,1.60544,0.79735,1.60544,nonporous,0.4,1.0,0.0,9.968525937763689,208
DIBQIQ,OC(=O)c1ccc(cc1)c1cc(cc(c1)c1ccc(cc1)C(=O)O)c1ccc(cc1)C(=O)O,Co,8.01861,6.17707,8.01352,medium pore,0.5164402338343194,0.32309941520467833,0.0040881941984806216,188.3863935574244,55
DIBQOW,OC(=O)c1ccc(cc1)c1cc(cc(c1)c1ccc(cc1)C(=O)O)c1ccc(cc1)C(=O)O,Co,8.63174,8.01611,8.62728,large pore,0.47057898768458706,0.30409356725146197,0.0021587405142568503,177.45660465512083,55
DIGPER,OC(=O)c1cc(cc(c1)C(=O)O)C(=O)O,Gd,6.08146,5.62893,6.08146,medium pore,0.9200772932242107,0.5157232704402516,0.04868119805658089,70.29407985275974,195
DIHVIB,OC(=O)c1cc(cc(c1)C(=O)O)C(=O)O,Cu,11.38547,5.23531,11.38547,medium pore,0.709221248027156,0.5695364238410596,0.004475409730642579,448.7247101164514,1
DIHVIB01,OC(=O)c1cc(cc(c1)C(=O)O)C(=O)O,Cu,11.10795,5.23475,11.10078,medium pore,0.7092764480090054,0.5695364238410596,0.004475409730642579,448.78700536970155,1
DIJCOP,OC(=O)c1cc(nc(c1)C(=O)O)C(=O)O,Mn,2.20275,1.29489,2.20275,nonporous,0.6845819847453785,0.15657620041753653,0.0035419503906063206,63.105240646472716,225
DIKBAB01,Nc1ncn[nH]1,Zn,6.32079,1.13316,6.32079,nonporous,0.5023399447210387,0.4,0.0,1.9920142976672723,595
DINQUM,c1nccnc1C#N,Cu,1.70376,1.09536,1.69698,nonporous,0.0,1.0,0.0,0.9999883167678628,291
DIPGAK,Cc1ccncn1,Cu,2.71353,1.20811,2.70428,nonporous,0.0,1.0,0.0,0.8434111563411965,292
DIQGUH,OC(=O)c1ccc(cc1)C(=O)O,Ca,1.40194,0.80718,1.1443,nonporous,0.5548276687432223,0.7372881355932204,0.06636784162882911,76.18391890523961,66
DITJEY01,OC(=O)c1cncc(c1)C(=O)O,Al,5.85466,4.021,5.66026,medium pore,0.7159285228977643,0.5797101449275363,0.0006022214512758872,34.307876123694726,183
DITPON,OC(=O)Cn1cncn1,Mn,2.55775,1.13846,2.5554,nonporous,0.2658497357194926,0.8,0.8,3.2403781046776547,275
DITSAD,[C]N1C=C(CC(=C1)C(=O)O)C(=O)O,Al,6.16495,2.79926,6.16495,small pore,0.4,1.0,0.0,5.873735322289853,293
DIVNAY,OC(=O)C(=O)O,Y,3.95256,3.3686,3.95256,small pore,0.4,1.0,0.0,2.999689213178971,296
DIVRAD,CC(c1ccc(cc1)C1=N[C@H](C(=N1)C(=O)O)C(=O)O)C,Co,4.43596,1.72217,3.76039,nonporous,0.0,1.0,0.0,0.8611903112383958,64
DIXGIC,OC(=O)c1ccc(cc1)c1ccc(cc1)N(c1ccc(cc1)c1ccc(cc1)C(=O)O)c1ccc(cc1)c1ccc(cc1)C(=O)O,Eu,7.99196,4.57191,7.98804,medium pore,0.5282869797028911,0.22267206477732793,6.826195137148068e-05,47.23459121894766,12
DIXKUR,OC(=O)CSc1nnc(s1)SCC(=O)O,Gd,2.18723,0.92506,2.01261,nonporous,0.0,1.0,0.0,0.9998783298756428,297
DIXNUV01,n1ncn(c1)NNn1cnnc1,Cu,4.05727,3.22004,4.03934,small pore,0.4,1.0,0.0,4.999830965882735,298
DOCHIN,O=N(=O)[C@H]1C=NC(=O)C(=C1)N(=O)=O,Cs,1.7327,0.69285,1.18518,nonporous,0.0,1.0,0.0,0.8322748197340024,300
DODLOY,OC(=O)Cc1ccccc1CC(=O)O,Tb,3.57941,1.57283,2.03823,nonporous,0.0,1.0,0.0,1.6419481091576311,172
DODMIT,OC(=O)c1ccc(cc1)C(=O)O,Er,3.35529,1.61733,3.10062,nonporous,0.8607774545373994,0.696629213483146,0.027706686656018612,54.890995332102364,365
DOHDOU,OC=O,Mg,3.77233,2.26569,3.76968,nonporous,0.37195823827391905,1.0,0.0,83.91128219957793,50
DOJTON,OC(=O)/C=C/C(=O)O,Li,4.3045,1.5493,3.76303,nonporous,0.4,1.0,0.0,4.897363318208356,301
DOJXIK,OC(=O)c1cccc(c1)C(=O)O,La,4.88148,1.85569,4.69833,nonporous,0.5357400943722062,0.3096774193548387,0.03634784134569483,40.35227839995257,32
DOLWAE02,OC(=O)c1ccc(nc1)c1ccc(cn1)C(=O)O,Mn,5.24209,4.3976,5.22362,medium pore,0.773020354574627,0.09185803757828809,0.00024359783118681517,36.6975498220779,225
DONKUO,C[C@@H]1c2cc(c(cc2OCC(=O)O)OCC(=O)O)[C@H](C)c2cc(c(cc2OCC(=O)O)OCC(=O)O)[C@@H](c2cc([C@@H](c3cc1c(OCC(=O)O)cc3OCC(=O)O)C)c(OCC(=O)O)cc2OCC(=O)O)C,Mn,4.35453,2.567,3.9922,small pore,0.0,1.0,0.0,0.8061406845072294,303
DOPJAV,O=C(c1cc(cc(c1)C(=O)N[C@@H](C(=O)O)CC(=O)O)C(=O)N[C@@H](C(=O)O)CC(=O)O)N[C@@H](C(=O)O)CC(=O)O,Cu,6.33924,4.55175,6.33083,medium pore,1.0,0.75,0.0,2.8130003329117037,304
DOTSOV,OC(=O)c1cc(cc(c1)C(=O)O)C(=O)O,Cu,13.28529,6.69388,13.2526,medium pore,0.7135582911801668,0.5728476821192053,0.0045664902465329255,451.32627453448174,1
DOTSOV01,OC(=O)c1cc(cc(c1)C(=O)O)C(=O)O,Cu,13.26605,6.70864,13.25791,medium pore,0.7135616615409993,0.5728476821192053,0.0045664902465329255,451.33007811329776,1
DOTSOV02,OC(=O)c1cc(cc(c1)C(=O)O)C(=O)O,Cu,13.26758,6.7011,11.13143,medium pore,0.7078071368426059,0.5684326710816777,0.004449405316760035,447.8770835596318,1
DOTSOV03,OC(=O)c1cc(cc(c1)C(=O)O)C(=O)O,Cu,13.26916,6.69991,13.26291,medium pore,0.7135592358003262,0.5728476821192053,0.0045664902465329255,451.32734057381873,1
DOTSOV04,OC(=O)c1cc(cc(c1)C(=O)O)C(=O)O,Cu,13.27057,6.69982,13.27057,medium pore,0.713558522959037,0.5728476821192053,0.0045664902465329255,451.32653610564415,1
DOTSOV05,OC(=O)c1cc(cc(c1)C(=O)O)C(=O)O,Cu,13.27265,6.69995,13.27265,medium pore,0.7135583187360525,0.5728476821192053,0.0045664902465329255,451.32630563233397,1
DOTSOV07,OC(=O)c1cc(cc(c1)C(=O)O)C(=O)O,Cu,13.27649,6.69813,12.1084,medium pore,0.7093678398933003,0.5695364238410596,0.0044697425266244815,448.9110480058307,1
DOTSOV08,OC(=O)c1cc(cc(c1)C(=O)O)C(=O)O,Cu,13.27874,6.69364,13.27874,medium pore,0.7135562240764182,0.5728476821192053,0.0045664902465329255,451.32394173024517,1
DOTSOV09,OC(=O)c1cc(cc(c1)C(=O)O)C(=O)O,Cu,13.27969,6.69391,13.27155,medium pore,0.7135568776327099,0.5728476821192053,0.0045664902465329255,451.324679293073,1
DOTSOV10,OC(=O)c1cc(cc(c1)C(=O)O)C(=O)O,Cu,13.2809,6.693,13.2809,medium pore,0.7135558357131913,0.5728476821192053,0.0045664902465329255,451.3235034477538,1
DOTSOV11,OC(=O)c1cc(cc(c1)C(=O)O)C(=O)O,Cu,13.28248,6.69212,13.28248,medium pore,0.7135554584526033,0.5728476821192053,0.0045664902465329255,451.3230776950074,1
DOTSOV12,OC(=O)c1cc(cc(c1)C(=O)O)C(=O)O,Cu,13.28543,6.69498,13.27729,medium pore,0.713556468614498,0.5728476821192053,0.0045664902465329255,451.32421770065497,1
DOTSOV13,OC(=O)c1cc(cc(c1)C(=O)O)C(=O)O,Cu,13.28678,6.69411,13.28678,medium pore,0.7135554187080162,0.5728476821192053,0.0045664902465329255,451.32303284174776,1
DOTSOV14,OC(=O)c1cc(cc(c1)C(=O)O)C(=O)O,Cu,13.28526,6.69335,13.27711,medium pore,0.7135561226191602,0.5728476821192053,0.0045664902465329255,451.3238272319181,1
DOTSOV15,OC(=O)c1cc(cc(c1)C(=O)O)C(=O)O,Cu,13.28483,6.69498,13.28483,medium pore,0.7135558355921972,0.5728476821192053,0.0045664902465329255,451.3235033112073,1
DOTSOV16,OC(=O)c1cc(cc(c1)C(=O)O)C(=O)O,Cu,13.28437,6.69651,13.28437,medium pore,0.713556231257486,0.5728476821192053,0.0045664902465329255,451.32394983435,1
DOTSOV17,OC(=O)c1cc(cc(c1)C(=O)O)C(=O)O,Cu,13.28174,6.69826,13.2736,medium pore,0.7135576189295482,0.5728476821192053,0.0045664902465329255,451.3255158744037,1
DOTSOV18,OC(=O)c1cc(cc(c1)C(=O)O)C(=O)O,Cu,13.28037,6.69526,13.27223,medium pore,0.7135571030832948,0.5728476821192053,0.0045664902465329255,451.3249337225277,1
DOTSOV19,OC(=O)c1cc(cc(c1)C(=O)O)C(=O)O,Cu,13.27857,6.70017,13.27857,medium pore,0.7135577032117781,0.5728476821192053,0.0045664902465329255,451.3256109900665,1
DOTSOV20,OC(=O)c1cc(cc(c1)C(=O)O)C(=O)O,Cu,13.27673,6.70116,13.27673,medium pore,0.7135581300350329,0.5728476821192053,0.0045664902465329255,451.32609267614424,1
DOTSOV21,OC(=O)c1cc(cc(c1)C(=O)O)C(=O)O,Cu,13.27507,6.70388,13.26882,medium pore,0.7135594535345513,0.5728476821192053,0.0045664902465329255,451.32758629507157,1
DOTSOV22,OC(=O)c1cc(cc(c1)C(=O)O)C(=O)O,Cu,13.27507,6.70082,13.27507,medium pore,0.7135582406536536,0.5728476821192053,0.0045664902465329255,451.32621751341344,1
DOTSOV23,OC(=O)c1cc(cc(c1)C(=O)O)C(=O)O,Cu,13.27309,6.70158,13.27309,medium pore,0.7135586311250783,0.5728476821192053,0.0045664902465329255,451.3266581750853,1
DOTSOV24,OC(=O)c1cc(cc(c1)C(=O)O)C(=O)O,Cu,13.27096,6.70508,13.27096,medium pore,0.7135596428927906,0.5728476821192053,0.0045664902465329255,451.3277999929583,1
DOTSOV25,OC(=O)c1cc(cc(c1)C(=O)O)C(=O)O,Cu,13.2671,6.70526,13.25896,medium pore,0.713560804847193,0.5728476821192053,0.0045664902465329255,451.32911130215336,1
DOTSOV26,OC(=O)c1cc(cc(c1)C(=O)O)C(=O)O,Cu,13.26659,6.7048,13.26054,medium pore,0.7135605835695912,0.5728476821192053,0.0045664902465329255,451.32886158206685,1
DOTSOV27,OC(=O)c1cc(cc(c1)C(=O)O)C(=O)O,Cu,13.26279,6.70744,13.26279,medium pore,0.7135610689595095,0.5728476821192053,0.0045664902465329255,451.32940936282466,1
DOTSOV28,OC(=O)c1cc(cc(c1)C(=O)O)C(=O)O,Cu,13.26279,6.71096,13.26279,medium pore,0.7135618380333308,0.5728476821192053,0.0045664902465329255,451.33027729152434,1
DOTSOV29,OC(=O)c1cc(cc(c1)C(=O)O)C(=O)O,Cu,13.26928,6.70524,13.26928,medium pore,0.7135598652555951,0.5728476821192053,0.0045664902465329255,451.3280509377369,1
DOTSOV30,OC(=O)c1cc(cc(c1)C(=O)O)C(=O)O,Cu,13.25598,6.70095,13.25598,medium pore,0.713560400469526,0.5728476821192053,0.0045664902465329255,451.3286549467646,1
DOTSOV31,OC(=O)c1cc(cc(c1)C(=O)O)C(=O)O,Cu,13.25458,6.71033,13.24644,medium pore,0.7135632930451467,0.5728476821192053,0.0045664902465329255,451.3319193270198,1
DOTSOV32,OC(=O)c1cc(cc(c1)C(=O)O)C(=O)O,Cu,13.24443,6.69313,13.23818,medium pore,0.7135604978067327,0.5728476821192053,0.0045664902465329255,451.3287647954591,1
DOTSOV33,OC(=O)c1cc(cc(c1)C(=O)O)C(=O)O,Cu,13.2436,6.7004,13.23736,medium pore,0.7135621826018971,0.5728476821192053,0.0045664902465329255,451.33066615009585,1
DOTSOV34,OC(=O)c1cc(cc(c1)C(=O)O)C(=O)O,Cu,13.23518,6.69421,13.22704,medium pore,0.7135619216234826,0.5728476821192053,0.0045664902465329255,451.33037162615085,1
DOTSOV36,OC(=O)c1cc(cc(c1)C(=O)O)C(=O)O,Cu,13.2123,6.68326,13.2123,medium pore,0.7135613663590934,0.5728476821192053,0.0045664902465329255,451.3297449894277,1
DOTSOV37,OC(=O)c1cc(cc(c1)C(=O)O)C(=O)O,Cu,13.20839,6.69149,13.20214,medium pore,0.7135641222385658,0.5728476821192053,0.0045664902465329255,451.33285510294417,1
DOTSOV38,OC(=O)c1cc(cc(c1)C(=O)O)C(=O)O,Cu,13.20691,6.67619,13.20067,medium pore,0.713560944192983,0.5728476821192053,0.0045664902465329255,451.3292685591122,1
DOTSOV39,OC(=O)c1cc(cc(c1)C(=O)O)C(=O)O,Cu,13.20845,6.69894,13.2024,medium pore,0.713565703806903,0.5728476821192053,0.0045664902465329255,451.3346399622285,1
DOTSOV40,OC(=O)c1cc(cc(c1)C(=O)O)C(=O)O,Cu,13.20186,6.69019,13.19581,medium pore,0.713564539923373,0.5728476821192053,0.0045664902465329255,451.33332647594045,1
DOTSOV41,OC(=O)c1cc(cc(c1)C(=O)O)C(=O)O,Cu,13.20289,6.69871,13.17019,medium pore,0.713568432458754,0.5728476821192053,0.0045664902465329255,451.3377193483513,1
DOTSOV42,OC(=O)c1cc(cc(c1)C(=O)O)C(=O)O,Cu,13.3131,6.68673,13.3131,medium pore,0.7135507225492267,0.5728476821192053,0.0045664902465329255,451.3177330501302,1
DOTSOV43,OC(=O)c1cc(cc(c1)C(=O)O)C(=O)O,Cu,13.28139,6.7011,13.27325,medium pore,0.7135582907576719,0.5728476821192053,0.0045664902465329255,451.3262740576803,1
DOYHIK,OC(=O)c1cc(c2cc(cc(c2)C(=O)O)C(=O)O)c(cc1c1cc(cc(c1)C(=O)O)C(=O)O)C(=O)O,Zn,7.36509,6.88541,7.36509,medium pore,0.7564976819443612,0.18899733806566105,0.00015836772552467948,182.6349294601012,3
DOYHOQ,OC(=O)c1cc(c2cc(cc(c2)C(=O)O)C(=O)O)c(cc1c1cc(cc(c1)C(=O)O)C(=O)O)C(=O)O,Zn,6.82504,4.15814,6.79521,medium pore,0.7593413056958201,0.19520851818988466,0.00022431280668547374,188.74592353784902,3
DOZQUF,OC(=O)[C@H](CS(O)(O)O)N,Cu,1.94212,0.94499,1.84941,nonporous,0.8887216033321723,0.17391304347826086,0.0,3.2205097678035917,248
DUCHIS01,C=CCC#N,Cu,1.85551,0.94659,1.84522,nonporous,0.0,1.0,0.0,0.9996761329131388,308
DUFLOH,OC(=O)c1ccc(cc1)c1c(cc(cc1C(=O)O)C(=O)O)C(=O)O,Zn,2.77784,1.29685,2.55288,nonporous,0.7593361370042027,0.33274179236912155,0.0008982758179177192,314.25381542085245,3
DUKYOZ,Cc1[nH]nc(c1c1ccc(cc1)c1ccc(cc1)c1c(C)n[nH]c1C)C,Cd,3.62502,2.5137,3.62502,small pore,0.5276417990123686,0.003703703703703704,0.002469135802469136,2.5774430597441174,69
DULVEM,OC(=O)c1cc2[nH]cnc2cc1C(=O)O,Mg,2.04787,1.32574,2.03307,nonporous,0.5450613859275101,0.04424778761061947,0.0,4.262028202353095,226
DUNXUH06,OC(=O)c1cc(cc(c1)S(O)(O)O)C(=O)O,Zn,5.04935,3.8892,5.03687,small pore,0.7621284650406565,0.1481810115350488,1.1796286232266212e-05,143.38146297199089,3
DUNXUH13,OC(=O)c1cc(cc(c1)S(O)(O)O)C(=O)O,Zn,4.99037,3.79418,4.86577,small pore,0.7593340469208137,0.1481810115350488,1.1796286232266212e-05,143.38316464632356,3
DUNXUH15,OC(=O)c1cc(cc(c1)S(O)(O)O)C(=O)O,Zn,5.0496,3.92518,5.03034,small pore,0.6898678574280614,0.14729370008873116,1.1189666464076349e-05,142.57177325605937,3
DURDAX,OC(=O)c1cc(cc(c1)C(=O)O)c1ccc(cc1)c1cc(cc(c1)C(=O)O)C(=O)O,Zn,6.73893,5.03194,6.72231,medium pore,0.7593502097357563,0.41881100266193433,0.0017471317510502572,405.69629589922954,3
DURGAY01,OC(=O)CCC(=O)O,Na,2.03421,0.79615,2.03421,nonporous,1.0,1.0,0.437037037037037,8.661033691754902,313
DUVNIS,OC(=O)c1cc(cc(c1)C(=O)O)C(=O)O,Co,7.93261,5.95927,7.92841,medium pore,0.8130327565837845,0.45321637426900585,0.015453391966095704,262.9596092633743,55
DUVNIS01,OC(=O)c1cc(cc(c1)C(=O)O)C(=O)O,Co,8.0107,5.96334,8.00464,medium pore,0.815802481927592,0.4546783625730994,0.01552318312047489,263.7778602646107,55
DUWGEJ,OC(=O)c1cc(O)c(cc1O)C(=O)O,Cd,5.76122,5.15013,5.76039,medium pore,0.7089622253900805,0.020987654320987655,9.743604410525576e-05,14.55676235671187,69
DUYTUN,OC(=O)c1cc(cc(c1)C(=O)O)C(=O)O,K,1.43656,0.91576,1.42781,nonporous,0.5122857123275243,0.3181818181818182,0.16765327695560256,11.623344035348739,505
DUZNET,OP(=O)(c1ccc(cc1)P(=O)(O)O)O,Li,1.58341,1.04363,1.58341,nonporous,0.0,1.0,0.0,0.9506671793838024,319
DUZNIX,OP(=O)(c1ccc(cc1)P(=O)(O)O)O,K,1.72246,0.95233,1.68914,nonporous,0.0,1.0,0.0,0.9506863664696688,320
EBAMUS,OC(=O)c1cc(cc(c1)C(=O)O)C(=O)O,Cu,11.10828,5.28124,10.3254,medium pore,0.710665947470289,0.5706401766004415,0.004492508739350556,449.6397042266752,1
EBAQOP,O=C1CC(=O)NC(=S)N1,K,1.57205,0.84856,1.57205,nonporous,0.4,1.0,0.0,5.426177759499031,51
EBEWIT,OC(=O)c1cc(cc(c1)C(=O)O)C(=O)O,Gd,6.07189,5.61928,6.06832,medium pore,0.920076155019214,0.5157232704402516,0.04868119805658089,70.29387271818581,195
EBEWOZ01,OC(=O)c1cc(cc(c1)C(=O)O)C(=O)O,Gd,6.98007,6.59754,6.98007,medium pore,0.8886002043125304,0.5031446540880503,0.045705509239642075,68.66165849251583,195
EBEXAM,OC(=O)c1cc(cc(c1)C(=O)O)C(=O)O,Gd,6.14522,5.71157,6.14522,medium pore,0.9065125568783922,0.5094339622641509,0.04760159981053598,69.48777329912703,195
EBEXEQ01,OC(=O)c1cc(cc(c1)C(=O)O)C(=O)O,Gd,4.55547,3.66511,4.53502,small pore,1.0,0.5408805031446541,0.05778744961543764,73.6663282556221,195
EBEXIU,[C]/C(=C\[C])/C(=O)O,Gd,4.05581,3.68513,4.05581,small pore,0.0,1.0,0.0,0.9999993503906612,323
EBEXIU02,OC(=O)c1cc(cc(c1)C(=O)O)C(=O)O,Gd,4.04502,3.67365,4.04054,small pore,0.9202269398083954,0.5157232704402516,0.04868119805658089,70.32131306781595,195
EBIBID,OC(=O)C(=O)O,Gd,4.8617,3.91771,4.8617,small pore,0.4,1.0,0.0,9.900936705793002,228
EBIHII,OC(=O)c1cc(cc(c1)C(=O)O)C(=O)O,Fe,5.59863,2.34437,5.58437,nonporous,0.7903797191383691,0.572463768115942,0.03782985693724399,68.80317320465244,113
EBUTIG,OC(=O)[C@H]1CC[C@@](C1(C)C)(C)C(=O)O,Tb,2.33755,1.25444,2.0958,nonporous,0.4,1.0,0.0,2.9992010485719436,330
ECEDEY,OC(=O)c1cc(C#Cc2cc(cc(c2)C(=O)O)C(=O)O)cc(c1)C(=O)O,Ca,2.45878,1.23416,2.19487,nonporous,0.9639902394020531,0.19491525423728814,0.0012346083710987577,19.59057551083778,66
ECEYUH,OC(=O)[C@@H]1CC[C@@H](CC1)C(=O)O,Ni,2.63283,1.31985,2.62875,nonporous,0.4,1.0,0.0,1.8717535407170403,333
ECIWIW,OC(=O)c1ccc(cc1)c1ccncc1,Cd,3.30155,1.77565,3.30154,nonporous,0.4046969563187546,0.2382716049382716,0.00541003000159589,165.3069856390512,69
ECOROD,OC(=O)[C@@H]1C[C@@H](C[C@@H](C1)C(=O)O)C(=O)O,Co,3.75477,1.8063,3.74647,nonporous,1.0,1.0,1.0,1.7071440070117971,334
ECUCAH,OC(=O)[C@@H]1[C@@H](C(=O)O)[C@H](C(=O)O)[C@H]([C@@H]([C@H]1C(=O)O)C(=O)O)C(=O)O,Mn,2.96725,0.91575,2.96725,nonporous,0.0,1.0,0.0,0.9999998432423388,336
EDAGEX,OC=O,Co,4.90335,3.69909,4.88599,small pore,0.39977954415879824,1.0,0.0,66.85732272916832,44
EDAKIE,OC(=O)C[C@H](C(=O)O)O,K,1.99186,1.20373,1.88729,nonporous,0.0,1.0,0.0,0.8448580032315007,338
EDOSEY,OC(=O)c1cc(cc(c1)c1ccc(cc1)c1ccc(cc1)c1ccncc1)C(=O)O,Cu,9.08562,3.80139,9.08562,small pore,0.3783160606238341,0.31015452538631344,0.001622703012590186,239.1064288359986,1
EDOWEC,OC(=O)c1ccc(c2c1cccc2)C(=O)O,Zn,5.75037,5.21859,5.75037,medium pore,0.7593773298989805,0.04702750665483585,0.0007856607301170745,44.207083493125886,3
EDOWIG,OC(=O)c1ccc(cc1)C(=O)O,Zn,7.08468,5.43202,6.97854,medium pore,0.7593526489634423,0.6007098491570542,0.002908843101277116,594.4855090044704,3
EFEGOM,OC(=O)c1ccc(cc1)C(=O)O,Fe,6.13222,5.6417,6.13081,medium pore,0.6984403090580391,0.6231884057971014,0.009553378077343052,76.39126577407158,113
EFOREY,O=C1NNC(=O)[C@H]2[C@H]1C[C@@H]1C(=O)NNC(=O)[C@H]1C2,Ba,1.62865,0.74604,1.61301,nonporous,0.0,1.0,0.0,0.8448029510853207,342
EGAGIE,OC(=O)CSCCSCC(=O)O,La,2.49588,1.10002,2.49588,nonporous,0.0,1.0,0.0,0.9999107103621072,343
EHAZES,OC(=O)c1ccc(cc1)C(=O)O,Eu,1.56701,0.70146,1.54157,nonporous,0.7627675062129431,0.5910931174089069,0.01895988868893633,126.74092894918228,12
EHETER,CCc1ncc[nH]1,Zn,2.13838,1.37159,2.10577,nonporous,0.8152858011020823,0.5806451612903226,0.0035698188938766287,44.6487617629943,353
EJIROG,NCc1cccc(c1)CN,Zn,1.75187,0.95319,1.71256,nonporous,0.0,1.0,0.0,0.8892234767969721,349
EJOPEZ,c1cnc(cn1)c1nnn[nH]1,Hg,2.37353,1.43266,2.36861,nonporous,0.0,1.0,0.0,0.9999814728300284,350
EKAZIA,CCCn1cnc2c1NC=N[C@@H]2N,Ag,3.98664,1.74511,3.96639,nonporous,0.0,1.0,0.0,0.8880094362860141,351
EKEKEL,OC(=O)c1ccc(cc1)P(=O)(O)O,Zn,2.28848,1.2241,2.27418,nonporous,0.7593469200873477,0.20763087843833186,0.0008510224866399216,202.02125488102828,3
EKERIW,n1ccc(cc1)c1ccncc1,Cu,4.47851,1.70622,4.47851,nonporous,0.9769160984097989,0.5610859728506787,0.0421744407498197,105.71402502002618,56
EKEXOI,OC(=O)c1cc(cc(c1)C(=O)O)C(=O)O,Co,1.83255,1.26211,1.83255,nonporous,0.836478602632942,0.4649122807017544,0.016154183342117802,269.48770103463863,55
ELIJUF,OC(=O)c1ccc(cc1)Oc1cc(cc(c1)C(=O)O)C(=O)O,Y,4.98124,3.63869,4.98124,small pore,0.35432587686622186,0.5,0.004444444444444446,15.03018675280169,41
ELILIV,OC(=O)c1ccc(cc1)Oc1cc(cc(c1)C(=O)O)C(=O)O,Tm,4.95772,3.62473,4.95772,small pore,0.9114349083980202,0.45,0.09999999999999999,7.6724445106773285,19
ELOQON,OC(=O)c1ccc(nc1)c1ccc(cn1)C(=O)O,Sr,1.85185,0.83306,1.85185,nonporous,0.7792725152638766,0.1764705882352941,7.981482959533881e-05,10.276128130209065,122
ELUVEN,Cc1nc(c([nH]1)C(=O)O)C(=O)O,Ba,1.65874,0.8068,1.65275,nonporous,1.0,0.8571428571428571,0.47619047619047616,5.051045841272517,92
EMAFII,Cc1cc(nn1Cc1ccc(c2c1cccc2)Cn1nc(cc1C)C)C,Ag,8.29678,2.86303,7.50174,small pore,0.4,1.0,0.0,1.9995079453909557,352
ENISUQ,OC(=O)c1ccc(cc1)[Si](c1ccc(cc1)C(=O)O)(c1ccc(cc1)C(=O)O)c1ccc(cc1)C(=O)O,Mn,6.64465,4.33712,6.64465,medium pore,0.6817564942018168,0.26304801670146133,0.001131351553622411,105.26322175389396,225
EQOBUH,c1ncc[nH]1,Co,4.60145,2.34462,4.60145,nonporous,0.4,1.0,0.0,9.993134365440152,14
EQUCUO01,C(Cn1cnnn1)CCn1cnnn1,Fe,4.7018,2.05242,4.7018,nonporous,0.4,1.0,0.0,18.131513080842183,299
EQUCUO02,C(Cn1cnnn1)CCn1cnnn1,Fe,4.70412,2.0557,4.70412,nonporous,0.39999800875702224,1.0,0.0,18.131505373713562,299
ERAJEO,N1=Nc2c(=N1)cc1c(=NN=N1)c2,Co,11.38395,10.2605,11.38395,large pore,0.0,1.0,0.0,0.999999996213053,361
ERANAO,OC(=O)c1ccc(cc1)c1ccc(cc1)C(=O)O,Zr,12.69192,12.0784,12.69192,large pore,0.6526145724476182,0.8426966292134831,0.004776701291394121,133.3526763088456,143
ERARUM,OC(=O)c1ccc(cc1)c1ccc(cc1)c1ccc(cc1)c1ccc(cc1)C(=O)O,Zr,21.47313,11.15226,21.47313,large pore,0.6639755496743025,0.8539325842696629,0.00511728699151249,135.54151995319566,143
ERFORD01,OC=O,Er,2.0337,0.90044,1.92138,nonporous,0.39443440818674846,1.0,0.0,19.952955262721126,362
ERIQUS,OC(=O)c1ccc(cc1)C(=O)O,Pb,2.10276,0.7318,2.10183,nonporous,0.7352803236695611,0.5732484076433121,0.03283538018093276,78.92405037435837,127
EROJUS02,OC(=O)c1ccc(cc1)Cc1c(C)n[nH]c1C,Cd,4.78581,3.30953,4.78581,small pore,0.6792469568331594,0.024691358024691357,0.0030597140197469825,16.984877887075545,69
EROJUS06,OC(=O)c1ccc(cc1)Cc1c(C)n[nH]c1C,Cd,3.90606,2.64294,3.90606,small pore,0.4001410669815596,0.024691358024691357,0.0030597140197469825,16.984057758347607,69
ERUNIQ,OC(=O)c1ccncc1,Co,5.45734,2.87384,5.43835,small pore,0.4731402175624897,0.29970760233918126,0.0029450085512550683,176.1599661913541,55
ERUVEU,N(Cc1nnn[nH]1)Cc1nnn[nH]1,Cd,3.34466,3.01377,3.34466,small pore,0.9999999999999999,0.7000000000000001,0.007786321865269233,11.834686547526237,255
ESADUZ01,OC(=O)c1ccc(cc1)Oc1ccc(cc1)C(=O)O,Cd,1.86157,1.37157,1.83114,nonporous,0.36461924196057494,0.2419753086419753,0.0014043534868131587,165.48818487135281,69
ESANET,N(Cc1nnn[nH]1)Cc1nnn[nH]1,Cd,7.6913,6.08679,7.6913,medium pore,0.7084125236860201,0.8,0.025756246677299303,13.46791938963935,255
ESEDEN,OC(=O)c1ccc(cc1)c1cc(c2ccc(cc2)C(=O)O)c(cc1c1ccc(cc1)C(=O)O)c1ccc(cc1)C(=O)O,Mn,4.15312,2.38458,4.14697,nonporous,0.8162555576684014,0.3528183716075156,0.006605929889191306,142.07219563158196,225
ESEQUO,OC(=O)c1ccc(cc1)C(=O)O,Co,5.86596,1.22465,4.6608,nonporous,0.6532257138222197,0.37573099415204675,0.010118232895113415,221.0220133327003,55
ESIFIX,CC1=N[C@H](C(=N1)C(=O)N)C(=O)N,Cd,8.56336,4.80503,8.56331,medium pore,0.0,1.0,0.0,0.9999828826186684,363
ETEBOV,OC(=O)c1[nH]c(nc1C(=O)O)c1ccccc1,Sr,2.5435,1.45282,2.52799,nonporous,0.9999999999999999,1.0,0.6666666666666666,2.5536183733275046,276
ETEKEU,OC(=O)c1cc(O)c(cc1O)C(=O)O,Er,5.612,2.10889,5.60951,nonporous,0.8607207634810408,0.11235955056179775,0.001314071846448889,8.493754724371138,365
ETEVEF01,BrC1=C(Br)C(=O)C(=C(C1=O)Br)Br,Rb,2.08879,0.99769,1.64805,nonporous,0.0,1.0,0.0,0.9999941677971436,366
ETOQOT,C(CCSc1ccccn1)CCCSc1ccccn1,Ag,4.80997,2.51871,4.80997,small pore,0.8632522381799548,0.16666666666666666,0.0,0.8193146312039165,716
ETUSUI,OC(=O)CCC(=O)O,Dy,2.91023,1.61305,2.89364,nonporous,1.0,1.0,0.013333333333333334,5.404698720805469,368
ETUWOG,OC(=O)c1ccc(cc1)C(=O)O,Co,4.3132,2.14095,4.3132,nonporous,0.849398566236274,0.4649122807017544,0.01714786112290217,272.065931476212,55
EVUVOH,CN(CC(=O)O)C,Li,3.23003,2.03738,3.23003,nonporous,0.4,1.0,0.0,1.8214237787837666,373
EVUVUN,OC(=O)[C@@H]1CCCN1,Li,3.06365,1.22459,2.89296,nonporous,0.4,1.0,0.0,2.9963245240514356,374
EWAWEG01,Nc1nnn[nH]1,Hg,1.73823,0.75959,1.73823,nonporous,0.0,1.0,0.0,0.9995469703427134,375
EXEQAA,OC(=O)c1cc(cc(c1)C(=O)O)c1cc(cc(c1)C(=O)O)C(=O)O,Sc,7.2602,7.12285,7.2503,medium pore,0.9098323226307983,0.9361702127659575,0.020814061054579093,36.82183641322799,7
EXEQII,OC(=O)c1cc(cc(c1)C(=O)O)c1cc(cc(c1)C(=O)O)C(=O)O,Sc,7.24354,7.11342,7.24354,medium pore,0.9098298865867385,0.9361702127659575,0.020814061054579093,36.82157134634616,7
EXOGAB,OC(=O)c1cc(cc(c1)C(=O)O)c1ccc(cc1)c1ccc(cc1)c1cc(cc(c1)C(=O)O)C(=O)O,Cu,6.46335,3.72598,6.41289,small pore,0.5831628770349746,0.44370860927152317,0.014371827108239314,344.32626275040815,1
EXOXUL,Nc1cc(cc(c1)C(=O)O)C(=O)O,Zn,3.42807,1.09063,3.37708,nonporous,0.7593274152298559,0.27506654835847383,0.0002489097820621395,260.797937191527,3
EXOZIB,OC(=O)CCn1c(=O)n(CCC(=O)O)c(=O)n(c1=O)CCC(=O)O,Cu,7.79587,5.66081,7.78973,medium pore,0.6226606547890723,0.21739130434782608,0.0,4.621029801529538,248
EXUHUC,Oc1cccc(c1)C1=N[C@H](C(=N1)C(=O)O)C(=O)O,Mn,6.22118,4.0898,6.22118,medium pore,0.4,1.0,0.0,1.7647509129865746,377
EXUMEP,OC(=O)c1ccnc(c1)c1nccc(c1)C(=O)O,Mn,5.22835,1.32469,5.22835,nonporous,0.67225297081429,0.18162839248434237,0.0005672018632135173,72.12249514357451,225
EXUSUN,OC(=O)c1ccc(cc1)C(=O)O,Eu,2.11215,0.76442,2.11213,nonporous,0.7562117740630836,0.5870445344129555,0.018683232763478812,125.67466509606342,12
EXUTAU,OC(=O)c1ccc(cc1)C(=O)O,Eu,2.12255,0.7617,2.12116,nonporous,0.5598551014192634,0.5870445344129555,0.018683232763478812,125.66390973316349,12
EXUXEC,OC(=O)c1ccncc1,Co,11.80419,7.51731,11.75466,medium pore,0.4730925077645538,0.29970760233918126,0.0029240296476139302,176.2601100050158,55
EYACOX,OC(=O)c1cc(C#CC#Cc2cc(cc(c2)C(=O)O)C(=O)O)cc(c1)C(=O)O,Eu,7.79903,5.14774,6.6329,medium pore,0.7561789005880699,0.12145748987854252,0.0001772698284520499,25.006511814219806,12
EYIYES,OC(=O)c1cc(C#CC#Cc2cc(cc(c2)C(=O)O)C(=O)O)cc(c1)C(=O)O,Dy,5.99256,4.50153,5.99256,medium pore,0.7773171969083169,0.1504424778761062,7.193785307442989e-05,14.536788932115305,181
EYUGEL,OC(=O)CCC(=O)O,Mn,1.60866,1.03461,1.60866,nonporous,0.7273486017124127,0.8333333333333334,0.02195402298850575,22.95439311129769,677
EYUGIP,OC(=O)CCCCC(=O)O,Mn,1.83679,0.87513,1.83028,nonporous,0.7272359370563026,0.7333333333333333,0.0017241379310344827,20.248081321469957,677
EZINAE,OC(=O)c1cc(cc(c1)c1ccc2c(c1)ccc(c2)C(=O)O)C(=O)O,Zn,4.48386,3.36544,4.48386,small pore,0.7564714109608128,0.29547471162378,0.0005860431896699844,278.66452902771294,3
FABFOF,OC(=O)c1cc(C(=O)O)c(cc1C(=O)O)C(=O)O,Zn,6.29766,6.1022,6.29766,medium pore,0.6914350499660442,0.14463176574977818,0.0013398797949231492,139.81832643079522,3
FADDAS,OC(=O)O,Dy,6.82805,1.18011,6.82805,nonporous,0.4,1.0,0.0,6.366125385265138,312
FAFHUS,OC(=O)[C@@H]1C[C@H](C(=O)O)[C@H](C[C@H]1C(=O)O)C(=O)O,Dy,3.15269,1.19631,2.71832,nonporous,0.40000000000000036,1.0,0.0,2.822518924292073,237
FAFMAA,O=C1C(=O)C(=O)C1=O,Zn,4.98008,0.92905,4.42849,nonporous,0.4,1.0,0.0,2.9969082007611783,104
FAFMEE,O=C1C(=O)C(=O)C1=O,Ni,4.99893,0.98265,4.51312,nonporous,0.0,1.0,0.0,0.9999916002530592,384
FAGMEI,CC(c1cc2Sc3cc(cc(c3SCCn3cccn3)Sc3cc(cc(Sc4c(c(Sc(c1)c2SCCn1cccn1)cc(c4)C(C)(C)C)SCCn1cccn1)c3SCCn1cccn1)C(C)(C)C)C(C)(C)C)(C)C,Ag,4.74677,3.86448,4.45761,small pore,0.0,1.0,0.0,0.9998761582583288,386
FAHQEM,OC(=O)c1ccc(cc1)c1ccc(cc1)C(=O)O,In,1.70612,1.11782,1.69277,nonporous,0.7432971435026273,0.7474747474747475,0.008803482129226494,129.08009556141897,70
FAKLOU,N#CC(c1ccc(cc1)C(C#N)C#N)C#N,Cd,7.86274,3.15702,7.85888,small pore,0.24250185281757697,1.0,0.0,1.9928553102605497,391
FALGIK,OC(=O)c1ccc(cc1)c1ccc(cc1)C(=O)O,Cd,1.8821,1.44289,1.8821,nonporous,0.522120681957749,0.3333333333333333,0.00323812164905676,232.3752176092269,69
FAMBUS,OC(=O)c1cc(OCc2ccc(cc2)COc2cc(cc(c2)C(=O)O)C(=O)O)cc(c1)C(=O)O,Cd,6.29067,4.99291,6.29067,medium pore,0.6957469244310118,0.09012345679012346,0.0004978467108143862,62.092976739451586,69
FAMHAE,OC(=O)[C@H]1SC[C@H](N1)C(=O)O,Co,2.30852,2.1128,2.30852,nonporous,0.0,1.0,0.0,1.9999983782022384,394
FANCIJ,OC(=O)[C@@H]1C=CN(C=C1)Cc1c(C)c(CN2C=C[C@H](C=C2)C(=O)O)c(c(c1C)CN1C=C[C@H](C=C1)C(=O)O)C,Yb,6.45474,5.87002,6.43256,medium pore,0.0,1.0,0.0,0.9997232674940084,395
FAPYEA10,N#CNc1cc(C)c(cc1C)NC#N,Cu,2.49043,2.38735,2.48019,nonporous,0.4,1.0,0.0,10.500946106949629,397
FASFUD,OS(c1ccc(cc1)/C/1=C/2\C=CC(=N2)/C(=c/2\cc/c(=C(\C3=N/C(=C(\c4[nH]c1cc4)/c1ccc(cc1)S(O)(O)O)/C=C3)/c1ccc(cc1)S(O)(O)O)/[nH]2)/c1ccc(cc1)S(O)(O)O)(O)O,Sm,4.95441,3.30157,4.95349,small pore,0.8552359200510664,0.03333333333333333,0.0,2.6908574726727266,16
FAVHES,OC(=O)[C@H](Oc1cc(cc(c1)C(=O)O)O[C@@H](C(=O)O)C)C,Tb,4.81694,4.18094,4.81694,medium pore,0.5528438646409708,0.04568527918781726,0.0,7.498394827613661,22
FAVKAP,OC(=O)/C=C/C(=O)O,Fe,5.73979,2.43238,5.73979,small pore,0.0,1.0,0.0,0.8171449995284192,2
FAVNAU,OC(=O)c1cncc(c1)P(=O)(O)O,Cd,2.31639,0.80565,2.30943,nonporous,0.4182545523610519,0.023456790123456788,2.6309224491999136e-05,15.828512609479269,69
FAYXEJ02,OC(=O)C[C@@H](C(=O)O)O,Ni,2.57594,1.86483,2.57594,nonporous,0.4,1.0,0.0,2.8225554903028796,401
FECXUI,OC(=O)c1ccc2c(c1)ccc(c2)C(=O)O,Zn,10.1127,5.67951,10.1127,medium pore,0.7627113311136122,0.3744454303460515,0.0006735439926300276,357.0556074522401,3
FECZIY,O=C([C@H]1CC[C@@](C1(C)C)(C)C(=O)O)Nc1cccnc1,Zn,4.19442,1.7344,4.19442,nonporous,0.4,1.0,0.0,2.6422524270076804,402
FENTEY,OC(=O)c1cc(cc(c1)C(=O)O)C(=O)O,Cd,2.88458,1.72141,2.88089,nonporous,0.7089549789143108,0.41975308641975306,0.00916318572108121,290.0543882425583,69
FENVOL,OC(=O)c1cc(cc(c1)P(=O)(O)O)C(=O)O,Zn,6.69392,5.36459,6.68975,medium pore,0.7593557093461388,0.15971606033717836,0.0006972595446022244,154.6717375854726,3
FEPGEP,OC(=O)c1ccc(cc1c1cccc(c1)c1cc(ccc1C(=O)O)C(=O)O)C(=O)O,Cd,8.90152,5.62402,8.90152,medium pore,0.689813409624734,0.11604938271604938,0.00046316134812051155,78.98752191314523,69
FEQQUP,OC(=O)[C@H](Cc1ccc(cc1)O)N,Co,1.90856,0.93616,1.90856,nonporous,0.0,1.0,0.0,0.9996446949014112,407
FERLEU,OC(=O)c1cc(cc(c1)C(=O)O)C(=O)O,Ag,1.85075,0.91162,1.84608,nonporous,0.4544999451617129,0.1415929203539823,0.025592392021146625,27.685639564255133,73
FESYEK,OC(=O)c1cc(cc(c1)C(=O)O)c1ccc(cc1)c1cc(cc(c1)C(=O)O)C(=O)O,Cd,7.67737,6.18207,7.62925,medium pore,0.43127085840189994,0.27037037037037037,0.003499849462100365,187.49377169609068,69
FEVFUJ,c1ccc(cc1)c1[nH]nc(c1c1c([nH]nc1c1ccccc1)c1ccccc1)c1ccccc1,Cu,10.99822,10.17688,10.99822,large pore,0.35433024113401645,1.0,0.0,1.9957721318820092,376
FEXCAO01,OC(=O)c1ccc(cc1)c1cncc(c1)C(=O)O,Co,2.14735,1.07907,2.04493,nonporous,0.3544081978774958,0.2309941520467836,0.0016681516961140658,132.87078288146114,55
FEYDET,OC(=O)c1cc(cc(c1)C(=O)O)C(=O)O,In,5.39172,4.60807,5.30539,medium pore,0.7528664677025211,0.7323232323232324,0.011195685015253467,126.15845140706634,70
FIBHOQ,Nc1nnn[nH]1,Zn,1.92474,1.08263,1.65793,nonporous,0.4,1.0,0.0,5.978277605292296,203
FIFPES,n1ncn(c1)n1cnnc1,Zn,5.17939,2.96813,5.17939,small pore,0.0,1.0,0.0,0.998793552878546,411
FIHBUV,OC(=O)c1ccc(cc1)Cn1cccc(c1=O)C(=O)O,Mn,6.50192,1.33334,6.50192,nonporous,0.589634287334301,0.018789144050104383,0.0,7.217115161256063,225
FIJBUV01,O=C1C(=O)C(=O)C1=O,Ag,1.05825,0.54213,1.05692,nonporous,0.4,1.0,0.0,1.9942770430841394,412
FIJFAG,OC(=O)[C@]12C[C@]3(C[C@@](C2)(C[C@@](C1)(C3)C(=O)O)C(=O)O)C(=O)O,Zn,1.91206,1.08325,1.90758,nonporous,0.4,1.0,0.0,2.9934616964140512,413
FIKQOH,O=P(c1ccccc1)(c1ccccc1)CCP(=O)(c1ccccc1)c1ccccc1,Pb,4.12414,1.34337,4.12414,nonporous,0.0,1.0,0.0,0.9955387112531352,414
FILYEG,OC(=O)c1cccc(c1)C(=O)O,Co,7.2205,4.0991,6.71969,medium pore,0.5167913177928516,0.3070175438596491,0.007174354277532555,176.13591796944857,55
FINGAN,NN(c1ccc(cc1)C(=O)O)c1ccc(cc1)C(=O)O,Dy,15.4631,8.46395,15.4631,large pore,0.059723129444572046,0.19469026548672566,0.0,18.353535723058737,181
FIPKOG01,O=C(c1ccc(cc1)C(=O)Nc1cc(cc(c1)C(=O)O)C(=O)O)Nc1cc(cc(c1)C(=O)O)C(=O)O,Cd,6.5379,4.8064,6.53406,medium pore,0.435158176777783,0.12469135802469136,0.0012764697050168417,84.60806214420224,69
FIPPEA02,OC(=O)c1cccc(n1)C(=O)O,Pr,3.6552,1.19972,1.96374,nonporous,0.5070640663494176,0.12745098039215685,0.0015851327679954912,11.709391784406744,96
FIQCEN,OC(=O)c1cc(cc(c1)C(=O)O)C(=O)O,Cu,11.12495,5.23719,11.12495,medium pore,0.7092732683717813,0.5695364238410596,0.004475409730642579,448.7834170296428,1
FIQZIP,OC(=O)CCC(=O)O,Tb,2.87699,1.57643,2.86664,nonporous,1.0,1.0,0.18571428571428572,7.00220929429352,132
FISGOF,OC(=O)c1ccc(cc1)c1cc(C#Cc2cc(cc(c2)C(=O)O)C(=O)O)cc(c1)c1ccc(cc1)C(=O)O,Cu,15.83055,8.29925,15.83055,large pore,0.28528387360369445,0.23509933774834438,0.0009645665312552463,180.90234687253744,1
FISQEG,OC(=O)c1ccc(cc1)c1cc(cc(c1)C(=O)O)C(=O)O,Co,4.25231,2.38244,4.23537,nonporous,0.48754871629916335,0.3055555555555555,0.0036844783727426793,178.8035376169463,55
FISQIK,OC(=O)c1ccc(cc1)c1cc(cc(c1)C(=O)O)C(=O)O,Co,7.36654,5.23064,7.36654,medium pore,0.48953876805527535,0.3070175438596491,0.00367031681240556,179.6181763858488,55
FITFIA01,NCC(=O)NCC(=O)N[C@H](C(=O)O)C[C@@H]1C=NC=N1,Zn,4.96307,4.61826,4.96307,medium pore,0.8476923076923077,0.875,0.05333333333333334,12.353738882245313,416
FITHIA,[O-][n+]1ccc(cc1)c1cc[n+](cc1)[O-],Sc,4.35737,3.84524,4.35737,small pore,0.0,1.0,0.0,1.9944056813152038,417
FITSAD,n1ccc(cc1)c1ccncc1,Cu,1.88027,1.30662,1.74731,nonporous,0.9057866336692614,0.5701357466063349,0.030424896255155747,107.81146119918573,56
FIVJAW,c1ccncn1,Cu,1.62998,0.95329,1.62998,nonporous,0.0,1.0,0.0,0.9988156381644652,420
FIVRUA,OC(=O)c1cc(cc(c1)c1cc(ccc1C(=O)O)C(=O)O)c1cc(ccc1C(=O)O)C(=O)O,Cd,2.3892,0.83229,2.3892,nonporous,0.3683572053407813,0.16666666666666666,0.0004773742310843308,112.49750786397409,69
FIWJIG,CC(C[C@@H](C(=O)O)NCc1ccc(cc1)CN[C@H](C(=O)O)CC(C)C)C,Cu,6.45458,3.10601,6.44878,small pore,0.39846036519038536,1.0,0.0,1.9984254044268892,421
FIXLAC,OC(=O)c1cc(cc(c1)C(=O)O)C(=O)O,Co,6.04964,4.4042,6.03843,medium pore,0.8158596501088162,0.4546783625730994,0.01552318312047489,263.8171244464012,55
FIXVEQ,OC(=O)c1ccc(o1)C(=O)O,Ce,4.76026,3.66114,4.73689,small pore,0.0,1.0,0.0,0.999534541197589,422
FIXYET,OC(=O)c1ccc(o1)C(=O)O,Pr,4.67546,3.50826,4.66226,small pore,0.3922220033911522,1.0,0.0,1.8520910105592214,424
FODGUB,OC(=O)c1ccnc(c1)C(=O)O,Cd,2.0022,0.99857,1.9823,nonporous,0.40483331626379226,0.12469135802469136,0.003995544602909572,83.3373162779894,69
FOFDAH,OC(=O)c1ccc(cc1)c1cc(c2ccc(cc2)C(=O)O)c(cc1c1ccc(cc1)C(=O)O)c1ccc(cc1)C(=O)O,Ce,4.47344,2.88854,4.47067,small pore,0.7650320777814752,0.37209302325581395,0.0020109035740428823,27.82065981008351,17
FOHCAH,OC(=O)COc1ccc(cc1)OCC(=O)O,Mg,2.13298,1.19736,2.11393,nonporous,0.0,1.0,0.0,0.8052517067470496,428
FOKYIP,OC(=O)c1ccc(cc1)c1cc(cc(c1)C(=O)O)C(=O)O,Nd,3.68722,2.75757,3.68722,small pore,0.5331565747613849,0.3488372093023256,0.018910789497168474,38.126677008508274,18
FOPWEO,OC(=O)c1nccnc1NCNc1nccnc1C(=O)O,Pb,4.64744,3.64784,4.539,small pore,0.008111714893519806,0.25,0.0,0.852986390700692,761
FORWUF02,OC(=O)[C@@H]1CC[C@H](CC1)C(=O)O,Fe,2.43586,1.53926,2.40926,nonporous,0.0,1.0,0.0,1.9999577411170548,431
FOTPEJ,Fc1ccc(cc1)S,Cd,2.91448,1.63162,2.91448,nonporous,1.0,0.75,0.6666666666666666,2.5859585981893773,767
FOVPAJ,O=C(c1cc(cc(c1)C(=O)NCCc1ccccn1)C(=O)NCCc1ccccn1)NCCc1ccccn1,Ag,2.91599,1.40004,2.02432,nonporous,0.0,1.0,0.0,0.9970047369468734,433
FUCTAY,c1ccc2c(c1)nccn2,Cu,4.32828,1.20948,4.10481,nonporous,0.0,1.0,0.0,0.8626206610587335,434
FUDGIW,OC(=O)c1cc(Oc2cc(cc(c2)C(=O)O)C(=O)O)cc(c1)C(=O)O,Zn,2.76586,2.15495,2.76586,nonporous,0.7593329125310367,0.3114463176574978,0.0010634572266140843,294.5065416176267,3
FUFVEJ,n1ccc(cc1)c1ccncc1,Cu,6.75584,5.4548,6.73093,medium pore,0.8959926024124047,0.5656108597285069,0.029824441055114056,106.95324152534974,56
FUMJAA,OC(=O)c1cc(cc(c1)C(=O)O)C(=O)O,Cd,6.17852,5.2041,6.17852,medium pore,0.6699793829919526,0.4049382716049383,0.007512448680617231,280.00880124375186,69
FUQCIF,OC(=O)/C=C/C(=O)O,Eu,2.72486,1.13401,2.7164,nonporous,0.4,1.0,0.0,4.982911235249907,272
FUQJUX,n1ccc(cc1)c1nnn[nH]1,Cu,12.70126,8.47534,12.70126,large pore,0.5284564556765219,0.3574660633484163,0.01299318143263219,69.16923409962106,56
FUQREQ,OC(=O)/C=C/C(=O)O,Nd,2.70474,1.16742,2.70474,nonporous,0.4,1.0,0.0,2.9970738711149014,435
FUQRIU,OC(=O)/C=C/C(=O)O,Sm,2.72383,1.14206,2.72383,nonporous,0.4,1.0,0.0,3.9879477742613836,436
FUTYOK,OC(=O)c1cc(cc(c1)C(=O)O)C(=O)O,Zn,6.0154,4.82285,5.99433,medium pore,0.7032293222674085,0.5456965394853593,0.003594976778891316,533.157414575923,3
FUWXOL,[nH]1nnc(n1)C1=NC=N[C@@H]1c1[nH]nnn1,Zn,4.7749,4.42015,4.75646,medium pore,0.0,1.0,0.0,0.9991555388874992,438
FUXCOS,N#Cc1ccc(s1)c1ccc(s1)c1ccc(s1)C#N,Ag,4.8198,4.16045,4.8198,medium pore,0.0,1.0,0.0,1.96860517117239,439
GACVIS,OC(=O)c1cc(cc(c1)C(=O)O)C(=O)O,Ni,7.02111,4.80739,7.02111,medium pore,0.6835735365915785,0.4375,0.016155741765696126,72.64943025631166,60
GAFORM11,OC=O,Gd,0.84889,0.57004,0.84598,nonporous,0.4,1.0,0.0,1.99997497949789,441
GAFREN,OC(=O)c1ccc(cc1)C(=O)O,Pb,2.3248,1.22818,2.30803,nonporous,0.7365150092496457,0.5732484076433121,0.03283538018093276,79.16596418368835,127
GAFXIV,OC(=O)CCC(=O)O,Y,2.90622,1.59383,2.90622,nonporous,0.0,1.0,0.0,0.999354025681001,443
GAGSIT,OC(=O)c1ccc(s1)C(=O)O,In,6.28189,5.81097,6.28189,medium pore,0.4,1.0,0.0,7.9907020028722435,287
GAGTAM,OC(=O)c1cc(cc(c1)C(=O)O)C(=O)O,Th,4.2254,2.12893,4.20517,nonporous,0.7986011904761905,0.6666666666666666,0.0068990559186637625,10.70906065987941,533
GAJZEY,OC(=O)C1CCN(CC1)CP(=O)(O)O,Nd,4.26966,3.31829,4.26094,small pore,1.0,1.0,0.6000000000000001,4.25032267418495,446
GAKBAX,OC(=O)C1CCN(CC1)CP(=O)(O)O,Eu,4.35618,3.26015,4.2664,small pore,0.39918926910702623,1.0,0.0,1.8129160348074713,153
GAMFEG,OC(=O)c1cccc(c1)c1nnn[nH]1,Zn,2.85965,1.48356,2.85942,nonporous,0.7593288048584533,0.031943212067435674,0.00013444650833405397,31.20790575457439,3
GAMKUD,O=c1c2ccc3c4c2c(c(=O)n1c1c(C)n[nH]c1C)ccc4c(=O)n(c3=O)c1c(C)n[nH]c1C,Cu,8.02672,4.38382,8.02672,medium pore,0.4,1.0,0.0,2.9966823543010532,449
GAMTEU,OC(=O)Cc1cc(CC(=O)O)cc(c1)CC(=O)O,Ce,4.52625,2.67576,4.43638,small pore,0.38903017415811125,1.0,0.0,1.9128014238069722,450
GAMVAS,OC(=O)Cc1cc(CC(=O)O)cc(c1)CC(=O)O,Pr,3.30667,2.19123,3.2812,nonporous,0.5236178565248174,0.049019607843137254,0.0,4.47953894966173,96
GANGEJ02,[C]/C(=C(/C(=O)O)\[C])/C(=O)O,Eu,2.69084,1.01556,2.1391,nonporous,0.9711505157394096,1.0,0.2,8.237847330763302,123
GAQKOB,OC(=O)c1cc(CN2C=C[C@H](C=C2)c2ccncc2)cc(c1)C(=O)O,Zn,4.04494,2.86521,4.04494,small pore,0.7593536693924643,0.009760425909494233,2.2209144565085407e-05,9.507657946554616,3
GARTIF,OC(=O)c1cc(nn1Cc1ccc(cc1)C(=O)O)C(=O)O,Dy,4.43647,3.87557,4.43647,small pore,0.7604387606383493,0.04424778761061947,0.0,4.254118636988013,181
GATJIV,CCOc1cc(c2ccncc2)c2c(c1c1c(OCC)cc(c3c1ccc(c3)Cl)c1ccncc1)ccc(c2)Cl,Cd,12.96226,9.06013,12.96226,large pore,0.9974745736287777,0.01282051282051282,0.0,0.8687525177828442,256
GAVDUD,OC(=O)c1cc(cc(c1)C(=O)O)C(=O)O,Cu,1.9245,1.45206,1.91078,nonporous,0.7049893888866383,0.5640176600441501,0.005252298717128993,444.3450151765385,1
GAWMOJ,OC(=O)c1ccc(cc1)OCC(COc1ccc(cc1)C(=O)O)(COc1ccc(cc1)C(=O)O)COc1ccc(cc1)C(=O)O,Zn,9.8596,7.16429,9.8596,medium pore,0.7593256007861171,0.13753327417923691,0.0003848373991113592,133.03435730011657,3
GAYFUJ,n1[nH]cc(c1)c1c[nH]nc1,Cd,5.68191,5.17929,5.68191,medium pore,0.4,1.0,0.0,1.6408046145306698,311
GAYXEM,OC(=O)c1ccc(cc1)c1cc(cc(c1)c1ccc(cc1)C(=O)O)c1ccc(cc1)c1cc(cc(c1)c1ccc(cc1)C(=O)O)c1ccc(cc1)C(=O)O,Zr,13.91266,10.8788,13.91265,large pore,0.612777864723603,0.8033707865168539,0.0036039712048561243,125.62623208753952,143
GEDPAJ,OC(=O)c1ccc(cc1)C#Cc1c(F)c(F)c(c(c1F)F)C#Cc1ccc(cc1)C(=O)O,Hf,19.20988,13.0834,19.19989,large pore,0.9999999999999999,0.3333333333333333,0.0012077294685990338,7.1209382111395785,689
GEKQUI,O=N(=O)C1=C[C@@H](C(=O)C=C1)N(=O)=O,K,1.96166,0.9204,1.95613,nonporous,0.3187757641549979,1.0,0.0,1.999799524964101,455
GERWIL,OC(=O)c1cc(cc(c1)C(=O)O)[Si](c1cc(cc(c1)C(=O)O)C(=O)O)(c1cc(cc(c1)C(=O)O)C(=O)O)c1cc(cc(c1)C(=O)O)C(=O)O,Zn,5.08942,3.92168,5.0267,small pore,0.7593595343844883,0.2724046140195209,0.0002831754404207576,256.8784463926691,3
GERXEJ,Cc1cc(ccc1c1ccc(cc1C)C(=O)O)C(=O)O,Th,14.00329,13.16302,14.00329,large pore,0.4550137151775798,0.5,0.0,7.412488054878325,533
GETTIJ,OC(=O)CN(CC(=O)O)CCN(CC(=O)O)CC(=O)O,Ca,2.68877,1.39488,2.67634,nonporous,0.4,1.0,0.0,3.445093400131719,459
GEVKID,OC(=O)[C@@H]1CC[C@H](CC1)C(=O)O,Cd,2.75441,1.32477,2.49303,nonporous,1.0,0.7777777777777777,0.5555555555555556,5.900890497477179,340
GEVXIQ,OC(=O)c1cc(C(=O)O)c(cc1C(=O)O)C(=O)O,Gd,3.32962,2.79323,3.32962,small pore,0.9999535616389618,0.1949685534591195,0.02438763689444606,27.022364970049747,195
GEWWIQ,NCCCN1CCN(CC1)CCCN,Cd,2.21368,1.17996,2.21212,nonporous,0.0,1.0,0.0,0.893522045947457,461
GEWWOW,NCCN1CCN(CC1)CCN,Cd,1.79041,1.10837,1.79041,nonporous,0.0,1.0,0.0,0.893522045947457,461
GIDKOU,OC(=O)C1=NC=N[C@@H]1C(=O)O,Zn,2.38703,1.24966,2.34567,nonporous,0.0,1.0,0.0,0.9949220315451144,462
GIFFAE,OC(=O)c1[nH]nnc1C(=O)O,Sm,3.82458,2.39001,3.82458,nonporous,0.0,1.0,0.0,0.999966013647134,463
GIFFEI,OC(=O)c1[nH]nnc1C(=O)O,Eu,3.80373,2.37194,3.80373,nonporous,0.0,1.0,0.0,0.9999999012185498,464
GIFVEY,OC(=O)c1cc(Cn2cncc2)cc(c1)C(=O)O,Co,2.66587,1.06667,2.63353,nonporous,0.3767479196054015,0.054093567251461985,0.03252240693763739,30.4053490525892,55
GIGBAB,CN1CCNCC1,Cu,2.38365,1.20944,2.10372,nonporous,0.0,1.0,0.0,1.6857947269396525,465
GIGBAC,OC(=O)c1ccc(c2c1C(=O)c1ccccc1C2=O)C(=O)O,Zn,2.48292,1.28933,2.47975,nonporous,0.693067674970316,0.011535048802129548,1.816037009481768e-05,10.692397715586946,3
GIGBOP,CN1CCN(CC1)C,Cu,2.45736,1.25024,2.34205,nonporous,0.4,1.0,0.0,1.8429693871962094,465
GIKBEK,OC(=O)/C=C/c1c2ccccc2c(c2c1cccc2)/C=C/C(=O)O,Ba,2.26623,1.26699,2.19045,nonporous,0.0,1.0,0.0,0.9981046037334348,467
GIMBIN,n1ccc(cc1)c1ccncc1,Mn,1.71724,1.00846,1.43105,nonporous,0.6942198428557118,0.06263048016701461,0.002642519479977982,25.81042382796515,225
GINHOD,OC(=O)c1cc(cc(c1)C(=O)O)C(=O)O,Mn,11.71997,7.00747,11.71997,medium pore,0.7001859697933566,0.49686847599164924,0.009956315102388674,203.75614460333964,225
GITTOT01,[C]c1ncc[nH]1,Co,11.40103,3.36839,11.40103,small pore,0.4,1.0,0.0,3.8311290103670164,472
GITVIP,Clc1[nH]cnc1Cl,Zn,17.00426,5.45561,17.00426,medium pore,0.39704205720629493,1.0,0.0,1.9952395050974157,473
GIXNAF,OP(=O)(Cc1cc(cc(c1)CP(=O)(O)O)CP(=O)(O)O)O,Cd,1.90837,0.97347,1.8901,nonporous,0.4,1.0,0.0,1.7793255403073949,474
GIXVOZ,OC(=O)CN(CC(=O)O)CC(=O)O,Eu,3.00198,1.27373,2.98724,nonporous,0.0,1.0,0.0,0.999478107409172,475
GIZJUV,Clc1[nH]cnc1Cl,Zn,3.1406,1.97294,3.1406,nonporous,0.0,1.0,0.0,1.9905145575428627,473
GIZXET,OC(=O)c1c2ccccc2c(c2c1cccc2)C(=O)O,Zn,4.75858,3.81827,4.69362,small pore,0.7593529717682783,0.012422360248447206,4.47431260215555e-06,12.198963919486141,3
GMETCU,[C]SCC[C@H](C(=O)O)NC(=O)CN,Cu,2.57154,1.43131,2.5506,nonporous,0.9954888226144809,0.5,0.3333333333333333,2.4907838469174743,476
GOCTID,OC(=O)c1ccc(cc1)C(=O)O,In,1.77877,1.22006,1.76129,nonporous,0.8192704094725738,0.792929292929293,0.012296255407278335,137.15469431213054,70
GOJDUF,OC(=O)[C@@H]1[C@H](C(=O)O)[C@H]([C@H]1C(=O)O)C(=O)O,U,2.22654,0.91647,2.2238,nonporous,0.0,1.0,0.0,1.9973868670205608,477
GOJFAN,OC(=O)[C@@H]1[C@@H](C(=O)O)[C@@H]([C@H]1C(=O)O)C(=O)O,U,16.63143,5.96233,15.88045,medium pore,0.25975146081827916,1.0,0.0,1.9961698844835754,477
GORWUF,c1ccccc1,Cu,8.33661,7.11195,8.33661,medium pore,0.4,1.0,0.0,1.9998078640911565,468
GOSDUP,OC(=O)c1ccc(cc1)c1cc(c2ccc(cc2)C(=O)O)c(cc1c1ccc(cc1)C(=O)O)c1ccc(cc1)C(=O)O,Zn,6.14285,4.29841,5.63645,medium pore,0.7032024989630407,0.42945874001774625,0.0016042325101376996,411.06783225366445,3
GOXGAD,OC(=O)c1cc(ccc1C(=O)O)Oc1cc(cc(c1)C(=O)O)C(=O)O,Cd,3.85922,1.44444,3.85922,nonporous,0.7082240536667429,0.10123456790123457,0.0012403396756586465,68.34494114632653,69
GOYLUB,OC(=O)c1ccc(cc1)C(=O)O,Cd,2.89911,1.38465,2.88786,nonporous,0.6744529244331685,0.4765432098765432,0.021877886086645527,330.69121346891916,69
GOZMOZ,OC(=O)c1ccc(c(n1)c1nc(ccc1O)C(=O)O)O,Ce,1.83673,1.00628,1.83673,nonporous,0.7604450907244944,0.05813953488372093,0.0,4.1580855290497345,17
GUDFER,OC(=O)/C=C\C(=O)O,Rb,1.94441,1.5627,1.94441,nonporous,0.0,1.0,0.0,0.831592399979415,478
GUKYUI,OC(=O)CN1C=CN(C1)Cc1ccc(cc1)CN1C=CN(C1)CC(=O)O,Ca,5.98821,5.23348,5.98821,medium pore,0.0,1.0,0.0,0.9151780312260054,480
GUPBEZ02,C1CN2CCN1CC2,Cu,23.84153,10.85022,23.82782,large pore,0.4,1.0,0.0,8.970008485578758,481
GUPBOJ01,CC1=NCC=N1,Cd,5.55255,3.87626,5.46785,small pore,0.0,1.0,0.0,0.815283525702241,482
GUPCOK,CCC1=NCC=N1,Cd,7.32709,4.70445,7.32709,medium pore,0.0,1.0,0.0,0.815283525702241,482
GUPCUQ,O=N(=O)C1=NCC=N1,Cd,3.47477,1.45471,3.47477,nonporous,0.0,1.0,0.0,0.999836337072088,484
GUPCUQ01,O=N(=O)c1ncc[nH]1,Cd,12.5822,3.83148,12.5822,small pore,0.16841049560757712,1.0,0.0,1.9972592584220208,485
GUPDEB,O=N(=O)c1ncc[nH]1,Cd,20.68703,7.65392,20.68703,medium pore,0.4,1.0,0.0,1.9985676356501052,485
GUPJEG01,OC(=O)c1ccnc(c1)c1nccc(c1)C(=O)O,Mn,3.69159,3.3757,3.69159,small pore,0.4223344204313678,0.20250521920668058,0.0010267881718688263,80.58836917823481,225
GURXUN01,OC(=O)c1ccc(cc1)c1cccnc1,Cd,2.65721,1.11337,2.23695,nonporous,0.674471670768753,0.1617283950617284,0.004208628744096722,110.71894552351266,69
GURYOI,OC(=O)CCC(=O)O,Y,2.08383,1.34489,1.97878,nonporous,0.0,1.0,0.0,0.999354025681001,443
GUSNEN01,OC(=O)c1ccc(cc1)C(=O)O,Cr,2.99212,2.78584,2.99212,small pore,0.9974536253931061,1.0,0.0011904761904761904,15.40018660190356,460
GUSPUG,C1CN2CCN1CC2,Cu,13.35791,11.37916,13.35791,large pore,0.13664486177792698,1.0,0.0,8.931421553461403,481
GUTPES,OP(=O)(c1cccc(c1)P(=O)(O)O)O,Dy,4.29545,3.10417,4.29545,small pore,0.0,1.0,0.0,0.8695904109944548,488
GUXSOI,OC(=O)c1ccc(cn1)C(=O)O,Er,3.59105,2.02294,3.57092,nonporous,0.8660428986242437,0.3033707865168539,0.017582233032811357,23.529345271238224,365
GUXSUO,OC(=O)c1ccc(cn1)C(=O)O,Pr,3.10413,2.10634,2.56923,nonporous,0.8143595333063008,0.11764705882352941,0.010607397157363653,10.309858368455618,96
HABZEQ,OC(=O)c1cc(ccc1C(=O)O)C(=O)O,Co,3.99415,2.28779,3.89409,nonporous,0.341692479594776,0.2046783625730994,0.0043534857835838435,118.67842117039024,55
HACPOR,NCCN,Cd,2.0984,1.01528,2.09812,nonporous,0.397609680273618,1.0,0.0,2.652994041834615,491
HACPOR01,NCCN,Cd,2.11286,1.12684,2.10385,nonporous,0.40000000000000147,1.0,0.0,2.653718795943502,491
HADMOR,Fc1cc(c(cc1c1c[nH]nc1)F)c1c[nH]nc1,Co,2.96162,1.66735,2.95715,nonporous,1.0,0.9375,0.0,12.962533570727382,59
HAHPIQ,c1ccc(cc1)c1[nH]nc(n1)c1ccccc1,Ag,9.53782,8.62412,9.53782,large pore,0.35607428898629223,1.0,0.0,1.9943485012873858,493
HAJTEU,OC=O,Tb,3.46252,2.11426,3.43905,nonporous,0.4,1.0,0.0,2.999341788798314,494
HAJVAS01,OC=O,Ho,3.51006,2.10411,3.50945,nonporous,0.4,1.0,0.0,3.9985640102236935,495
HAJVUM02,OC=O,Tm,3.49668,2.08022,3.41691,nonporous,0.4,1.0,0.0,4.999536592020017,496
HAJXOI,OC=O,Y,3.51105,2.10741,3.41448,nonporous,0.4,1.0,0.0,10.994585786470342,499
HAKXEX,OP(=O)(Cc1ccc(cc1)CP(=O)(O)O)O,Ga,1.77691,1.31895,1.77691,nonporous,0.0,1.0,0.0,0.9997683634696308,500
HAKXEX01,OP(=O)(Cc1ccc(cc1)CP(=O)(O)O)O,Ga,2.02945,1.34173,1.98225,nonporous,0.0,1.0,0.0,0.9997683634696308,500
HAKYOH,OC(=O)C(=O)O,Pb,2.78749,1.77026,2.78396,nonporous,0.4,1.0,0.0,1.9999127227613573,501
HAPGIR,OC(=O)c1ccc2c(c1)[nH]nn2,Mn,6.03231,4.20825,6.01295,medium pore,0.6928743423343369,0.10229645093945719,0.0020833151352626185,39.60185652924707,225
HAPZUW,[O-][n+]1ccc(cc1)c1ccc(cc1)C(=O)O,Pb,8.35046,7.73155,8.14998,medium pore,0.7362312847736807,0.19745222929936307,0.00018615474433738717,26.779731847019985,127
HAWDIU,Oc1cc(cc(c1)C(=O)O)C(=O)O,La,2.01911,0.7054,1.99497,nonporous,0.3879312762816802,0.22580645161290322,0.028097830156018744,29.15810427390104,32
HAWVEI,OC(=O)c1ccc(s1)C(=O)O,Nd,5.44774,3.7649,5.44192,small pore,0.4,1.0,0.0,4.989263965297694,212
HAWVUY,OC(=O)c1ccc(s1)C(=O)O,Tb,5.4288,3.7248,5.42521,small pore,0.4,1.0,0.0,3.985008570766743,211
HAXYIQ,OC(=O)c1ccc(cn1)C(=O)O,Nd,3.03655,2.0128,3.03117,nonporous,0.7987594024079818,0.13953488372093023,0.010035524258410497,15.362536345032575,18
HAYZAL,[nH]1nc2c(n1)cc1c(c2)Oc2c(O1)cc1c(c2)[nH]nn1,Fe,19.18041,18.55228,19.1523,large pore,0.0,1.0,0.0,0.9997898365741904,504
HAYZEP,[nH]1nc2c(n1)cc1c(c2)Oc2c(O1)cc1c(c2)[nH]nn1,Fe,15.55613,13.75819,15.5315,large pore,0.0,1.0,0.0,0.9997898365741904,504
HAZBOA,OC(=O)c1cc(C(=O)O)c(cc1C(=O)O)C(=O)O,Sm,2.01768,0.78982,1.87794,nonporous,0.5036353880647277,0.06666666666666667,0.01491816997461411,5.192063511664867,16
HAZNED,OC(=O)c1cc(Br)cnc1,Cd,4.86872,2.92818,4.86246,small pore,0.40481635906457625,0.07654320987654321,0.0006186554817382952,51.805472649605385,69
HAZPIJ,OC(=O)c1cc(Br)cnc1,Cd,2.2088,1.04395,2.2088,nonporous,0.8759101569783367,0.07654320987654321,0.0006186554817382952,51.72928729527432,69
HEBKAC,CC(C[C@@H](C(=O)O)NCc1ccncc1)C,Cd,3.48791,2.24591,3.47994,nonporous,0.4,1.0,0.0,8.511839526505689,356
HEBLOR,OC(=O)c1cccc(c1)C(=O)O,U,2.02353,0.8172,2.02353,nonporous,0.7463473192978605,0.273972602739726,0.028379092623047424,17.28435609711036,451
HEBNAF,OC(=O)c1ccc(cc1)n1ncnc1,Zn,2.55762,1.6311,2.50856,nonporous,0.7030539685096783,0.1002661934338953,1.6975777413635765e-06,93.84704462118775,3
HEBZEV,ClC1=N[C@H](C(=N1)C(=O)N)C(=O)N,Zn,7.73968,3.68294,7.73968,small pore,0.0,1.0,0.0,0.8747793470646924,506
HEHROE,OC(=O)c1cc(cc(c1)c1ccc(cc1)C(=O)O)c1ccc(cc1)C(=O)O,Cu,11.75772,9.85838,11.75772,large pore,0.4424749707912488,0.3576158940397351,0.0036775994708773702,275.88233544932086,1
HEJQIZ,c1cnn[nH]1,Zn,5.89045,4.27137,5.89045,medium pore,0.4,1.0,0.0,1.9999999357513727,510
HEJRIA,c1cnn[nH]1,Zn,5.94416,4.31587,5.94416,medium pore,0.0,1.0,0.0,1.9999998375236232,510
HELFAI,OC(=O)c1cc(cc(c1)C(=O)O)C(=O)O,La,7.5404,6.14215,7.52863,medium pore,0.7912192456040656,0.41935483870967744,0.09501647458306531,55.286493036746045,32
HELNAQ,OC(=O)c1ccc(cc1)C(=O)O,Yb,7.58835,4.07192,7.57808,medium pore,0.756488473271189,0.8181818181818182,0.033492648793969265,32.076241326423606,370
HENYOR,OC(=O)c1ccc2c(c1)C1(c3c2ccc(c3)C(=O)O)c2cc(ccc2c2c1cc(cc2)C(=O)O)C(=O)O,Ca,4.26979,3.63847,4.26383,small pore,0.5417008968234639,0.2288135593220339,4.8288183881404206e-05,22.337171046338447,66
HERYOT,OC(=O)c1ccc(c2c1c(ccc2C(=O)O)C(=O)O)C(=O)O,Zn,1.93107,0.86707,1.93107,nonporous,0.7650767656579844,0.1508429458740018,0.013844667451694699,138.77047703307025,3
HIBSUG01,OC(=O)c1cccnc1,Cd,1.6209,0.92629,1.60979,nonporous,0.5352166005692562,0.13950617283950617,0.0028316001265835445,95.41790413901406,69
HIBSUG02,OC(=O)c1cccnc1,Cd,1.61711,0.91831,1.59216,nonporous,0.5276484155931116,0.13950617283950617,0.0028316001265835445,95.41822527662957,69
HIDDAB,OC(=O)c1cc(CCc2cc(cc(c2)C(=O)O)C(=O)O)cc(c1)C(=O)O,Tb,4.73402,3.99038,4.73402,small pore,0.7659465092369955,0.23350253807106597,0.001971021436313606,38.17902798930073,22
HIFMEP,N#CNC#N,Cu,7.21695,6.63822,7.21109,medium pore,0.0,1.0,0.0,3.9738194960540625,513
HIFZEC,n1ccc(cn1)c1ccnnc1,Cu,4.65605,2.05172,4.65605,nonporous,0.2705348034495955,1.0,0.0,1.9950943392862621,514
HIFZUS,n1ccc(cn1)c1ccnnc1,Cu,2.41124,1.18913,2.41124,nonporous,0.4,1.0,0.0,1.9965903495197903,514
HIHFOV,c1ccc([nH]1)C(c1ccc[nH]1)c1ccc(cc1)n1cncc1,Ni,4.87445,3.46229,4.87445,small pore,0.0,1.0,0.0,1.6888444685742519,502
HIKHAM,CCc1nnc([nH]1)CC,Ag,3.24896,1.12313,3.23647,nonporous,1.0,0.6666666666666666,0.6666666666666666,1.6458406085793396,516
HIQJEZ,OC(=O)c1cc(cc(c1)C(=O)O)N(Cc1ccc(cc1)C(=O)O)Cc1ccc(cc1)C(=O)O,Mn,2.046,1.05503,1.74491,nonporous,0.6600353906703924,0.10229645093945719,7.593337987500537e-05,40.62788259578042,225
HIQKEZ,OP(=O)(c1cc(cc(c1)P(=O)(O)O)P(=O)(O)O)O,Zn,3.04749,1.6184,3.04749,nonporous,0.7593556674913007,0.027506654835847383,0.00029777786159453464,26.584162093276017,3
HIQNOM,OC(=O)c1cc(NCc2ccc(cc2)CNc2cc(cc(c2)C(=O)O)C(=O)O)cc(c1)C(=O)O,Zn,2.43464,1.48173,2.42361,nonporous,0.7562490506496087,0.10115350488021296,3.229616139749146e-05,95.47629715110861,3
HIQXEM,OC(=O)c1ccc(cc1)N(=O)=O,Cs,1.60111,1.21834,1.58795,nonporous,1.0,0.6923076923076923,0.5384615384615384,7.653603623986764,80
HISFUM,OC(=O)c1ccc(cc1)S(=O)(=O)c1ccc(cc1)C(=O)O,Na,4.53437,3.81351,4.52344,small pore,0.6315716479356741,0.3913043478260869,0.08803449514911965,7.630483395136077,114
HISGAT,OC(=O)c1ccc(cc1)S(=O)(=O)c1ccc(cc1)C(=O)O,K,4.7031,1.10045,4.65671,nonporous,0.4982023982400907,0.25,0.3044397463002114,9.192171173369783,505
HISSIN,OC(=O)c1ccc(cc1)c1cc(cc(c1)C(=O)O)C(=O)O,Eu,5.97605,3.39761,5.97605,small pore,0.49736684071648846,0.41700404858299595,0.0050608063493722075,89.39140580142043,12
HISTIO,COc1cc(ccc1OS(c1ccc(cc1)C(=O)O)(O)O)C(=O)O,Tb,3.13959,1.29414,3.13755,nonporous,0.7959627034252699,0.035532994923857864,6.618552666413437e-05,5.775324755109817,22
HIXWIU,O[C@H]([C@H](C(=O)O)O)C(=O)O,Cd,3.27193,1.24724,3.22608,nonporous,0.4,1.0,0.0,11.894326378722772,138
HIZFIH,O=C1CC(=O)NC(=S)N1,Tl,1.51711,0.65533,1.47641,nonporous,0.0,1.0,0.0,0.9999804224213183,357
HIZQEN,OC(=O)c1ccc(cc1)C(=O)O,Cd,2.63051,1.2438,2.63051,nonporous,0.9288417622364662,0.4765432098765432,0.021877886086645527,330.6546402641563,69
HIZQEN01,OC(=O)c1ccc(cc1)C(=O)O,Cd,2.62852,1.21571,2.62852,nonporous,0.9262225261528064,0.47530864197530864,0.021802904292354604,329.7866985738442,69
HIZQOX,OC(=O)c1ccc(cc1)C(=O)O,Cd,5.09943,4.11372,5.09943,medium pore,0.8794336706465249,0.4666666666666667,0.018522825018510186,324.4263090728175,69
HOFSUS,OC(=O)c1[nH]c(nc1C(=O)O)c1ccncc1,Zn,2.92455,1.38941,2.92441,nonporous,1.0,1.0,0.23888888888888887,8.286042550380198,118
HOFXOP,Oc1ccccc1/C=N/CCCC/N=C/c1ccccc1O,Ag,3.94151,1.33,3.94151,nonporous,0.0,1.0,0.0,0.9999975921585752,518
HOFXUV,Oc1ccccc1/C=N/CCCC/N=C/c1ccccc1O,Ag,4.37237,1.50411,4.37237,nonporous,0.0,1.0,0.0,0.9999975921585752,518
HOGJIX,OC(=O)c1cc(NNc2cc(cc(c2)C(=O)O)C(=O)O)cc(c1)C(=O)O,Zn,9.50065,3.36823,9.49631,small pore,0.6580872428827527,0.2608695652173913,0.0002569934222341563,246.64907808851154,3
HOGQIF,OC(=O)c1cc(c2ccc(cc2)C(=O)O)c(cc1C(=O)O)c1ccc(cc1)C(=O)O,Gd,2.84907,2.30014,2.83353,nonporous,0.4724781363521173,0.2830188679245283,0.02230903548408472,37.51857920274948,195
HOLRAD,OC(=O)c1ccc(cc1)C(=O)O,Zn,14.85767,7.83508,14.85767,medium pore,0.6768453681663895,0.6060337178349601,0.0028434547370987345,599.0949237756884,3
HOLVAF,O=C1C(=O)C(=O)C1=O,Cu,5.01766,1.03146,4.51907,nonporous,0.4,1.0,0.0,1.981230702340072,23
HOPMOQ,O=C1CC(=O)NC(=S)N1,Rb,1.53091,0.91894,1.53089,nonporous,0.399973870550717,1.0,0.0,2.571566033426673,519
HOPVIT,OC(=O)c1[nH]nnc1C(=O)O,Nd,3.58574,2.25335,3.58036,nonporous,0.0,1.0,0.0,0.9999801653969996,522
HORCOH,OC(=O)c1nc(cnc1C(=O)O)C(=O)O,Yb,3.21952,1.80763,3.11354,nonporous,0.0,1.0,0.0,0.8460362917289658,523
HORHAX,Nc1ccc(cc1)S(O)(O)O,Ag,2.11958,1.18839,2.09337,nonporous,0.9854753825814477,0.8333333333333333,0.03333333333333333,4.732841816784158,432
HOTPOW,OC(=O)CCC(=O)O,Sm,1.77675,1.30322,1.77675,nonporous,0.4,1.0,0.0,3.4910146677607083,524
HOWPEQ,n1ncn(c1)n1cnnc1,Ag,5.50159,4.28704,5.49668,medium pore,1.0,1.0,0.16666666666666666,2.796210237121389,525
HOWPOA,n1ncn(c1)n1cnnc1,Ag,5.49199,5.14202,5.48306,medium pore,0.9985674629004964,1.0,0.16666666666666666,2.7919354272798818,525
HOXGAD,c1ccc2c(c1)n(CCCCn1nnc3c1cccc3)nn2,Cu,2.78854,1.5602,2.56847,nonporous,1.0,1.0,0.011904761904761904,7.157886086814015,262
HOXGOR,O=C(Nc1cccnc1)NCCN(CCNC(=O)Nc1cccnc1)CCNC(=O)Nc1cccnc1,Li,3.93591,1.58939,3.93591,nonporous,0.0,1.0,0.0,1.9999817349623927,526
HOXGUX,O=C(Nc1cccnc1)NCCN(CCNC(=O)Nc1cccnc1)CCNC(=O)Nc1cccnc1,Li,3.6255,1.42823,3.6255,nonporous,0.4,1.0,0.0,1.9999930173011773,526
HOYCEF,OC(=O)[C@@H]1[C@H](C(=O)O)[C@H](C(=O)O)[C@@H]([C@@H]([C@@H]1C(=O)O)C(=O)O)C(=O)O,Li,2.2683,1.30153,2.26507,nonporous,0.4,1.0,0.0,1.7056910332494595,527
HOYQIX,OC(=O)c1ccc(cc1)c1cc(cc(c1)C(=O)O)C(=O)O,Cu,11.66263,4.94551,11.66263,medium pore,0.5677119714765788,0.4470198675496689,0.00875048832797846,345.66662137354297,1
HOZDAD,OP(=O)(c1ccc(cc1)P(=O)(O)O)O,Al,1.73355,0.9076,1.73355,nonporous,0.22042201257204397,1.0,0.0,2.990466731919038,528
HOZDEH,OP(=O)(c1ccc(cc1)P(=O)(O)O)O,Al,1.92156,0.70902,1.87296,nonporous,0.4,1.0,0.0,2.9794244973705526,528
HOZQOD,C1N2CN3CN1CN(C2)C3,Co,1.63476,0.93065,1.61586,nonporous,0.0,1.0,0.0,0.9999883830578395,529
HOZQOD01,C1N2CN3CN1CN(C2)C3,Co,1.66508,0.97549,1.66508,nonporous,0.0,1.0,0.0,0.9999883830578395,529
HUBHAO,OC(=O)Cc1ccc(cc1)CC(=O)O,Co,1.3348,0.76011,1.28273,nonporous,0.4,1.0,0.0,1.9974860260091307,530
HUCFAO,OC(=O)CCn1c(=O)n(CCC(=O)O)c(=O)n(c1=O)CCC(=O)O,Mn,5.18257,3.1685,4.9152,small pore,0.5822363105721207,0.36666666666666664,0.0,9.139670901500264,677
HUCXUA,OC(=O)c1ccc(cc1)NNc1ccc(cc1)C(=O)O,Er,4.81787,1.69308,4.81787,nonporous,0.86048842503874,0.33707865168539325,0.0003570036964863715,25.951917048292685,365
HUFHUN,n1ccnc(c1)Cc1nccnc1,Ag,11.46349,8.17134,11.46349,large pore,0.3945804345847034,0.08849557522123894,0.007491571031394047,18.403840246654273,73
HUFJAV,n1ccnc(c1)Cc1nccnc1,Ag,8.38338,7.21365,8.38338,medium pore,0.5498335298980677,0.08849557522123894,0.007491571031394047,18.381527439714443,73
HUFJID,n1ccnc(c1)Cc1nccnc1,Ag,4.84312,2.46807,4.79754,small pore,0.45416146533126367,0.09292035398230089,0.07708693142321436,19.17763341137589,73
HUFLIF,OC(=O)c1c(F)c(F)c(c(c1F)F)C(=O)O,Ba,1.48073,0.5821,1.43578,nonporous,0.8415384761419,0.033707865168539325,0.0,2.6695625955870748,54
HUGLUS,OC(=O)c1ccc(cc1)C(C(F)(F)F)(C(F)(F)F)c1ccc(cc1)C(=O)O,Ga,3.8922,1.75003,3.87821,nonporous,0.9524532924238767,0.5185185185185185,0.0,12.038474555878238,227
HUKZES,O=C1C(=O)C(=O)C1=O,Mn,5.13491,1.00394,4.55098,nonporous,0.4,1.0,0.0,6.98428397653733,103
HUMPIP,Cl[C@@H]1C(=O)C(=O)[C@H](C(=O)C1=O)Cl,Li,1.92636,1.58914,1.92636,nonporous,0.0,1.0,0.0,0.9999968008158754,398
HUPTOB,OC(=O)c1nccnc1C(=O)O,Eu,3.95094,1.1708,3.93843,nonporous,1.0,1.0,0.16666666666666666,2.6596094673564665,274
HURGEH,OC(=O)c1cc(cc(c1)C(=O)O)C(=O)O,Co,6.54682,4.3575,6.53532,medium pore,0.8441500366882809,0.4678362573099415,0.016526071848796425,271.11671387235623,55
HURGOR,OC(=O)c1ccc(cc1)c1ccc(cc1)C(=O)O,Co,6.43339,4.71958,6.43138,medium pore,0.5586240288811228,0.34064327485380114,0.005542919654352959,200.43996632110918,55
HUSPOB,n1ncn(c1)CCn1cnnc1,Mo,2.53939,1.29313,2.49994,nonporous,0.0,1.0,0.0,0.9243254181150248,532
HUSPUH,C(Cn1cnnc1)Cn1cnnc1,Mo,2.47143,1.29303,2.45222,nonporous,0.0,1.0,0.0,0.9243254181150248,532
HUTZAX01,OC(=O)c1ccc(cc1)Oc1ccc(cc1)C(=O)O,Zn,5.14597,3.91522,5.14597,small pore,0.6986208125710978,0.3513753327417924,0.0009258683567860839,334.83851004101115,3
HUVGEM,OC(=O)c1cc(cc(c1)Oc1ccc(cc1)C(=O)O)Oc1ccc(cc1)C(=O)O,Zn,4.26279,3.444,4.25534,small pore,0.7018496109564367,0.23513753327417924,0.0002642692874129441,223.09283628447062,3
HUWWEC,OC(=O)Cc1ccc(cc1)CC(=O)O,Co,2.37773,1.04088,2.37773,nonporous,0.04273912577452848,1.0,0.0,1.99397577021509,530
IBEXUJ,OC(=O)c1ccc(cc1)c1ccc(cc1)C(=O)O,Pr,2.08411,1.0381,2.07558,nonporous,0.5372705388907628,0.24509803921568626,0.05493754815581314,21.647384219904644,96
IBEYAQ,OC(=O)c1ccc(cc1)c1ccc(cc1)C(=O)O,Eu,2.7943,0.89049,2.76365,nonporous,0.5050798123166507,0.4008097165991903,0.010277046540522071,86.43407648977812,12
IBEYEU,OC(=O)c1ccc(cc1)c1ccc(cc1)C(=O)O,Gd,2.0634,1.03736,2.06279,nonporous,0.5487413462323598,0.3459119496855346,0.019495075252297173,47.632786503504796,195
ICIZID,OP(=O)(c1ccncc1)O,Cd,1.73471,1.16073,1.70925,nonporous,0.46446402454355096,0.003703703703703704,0.0024691358024691353,2.514296495324798,69
ICUDOC,OC(=O)C#CC(=O)O,Li,2.18363,0.92495,2.16175,nonporous,0.0,1.0,0.0,0.9926258075215736,534
ICUHIA,OC(=O)C#CC(=O)O,Li,1.54585,1.29563,1.54447,nonporous,0.0,1.0,0.0,0.9926258075215736,534
IDAXIW01,OC(=O)[C@H]([C@H](C(=O)O)CC(=O)O)CC(=O)O,Sr,1.85187,0.69827,1.836,nonporous,0.4,1.0,0.0,1.9999601789423034,535
IDIMIU,c1ncc[nH]1,In,7.35381,5.05026,7.13903,medium pore,0.4,1.0,0.0,2.997192672612551,354
IDIWOH02,OC(=O)c1ccc(cc1)C(=O)O,V,7.5369,7.00392,7.53674,medium pore,0.99999989264806,1.0,0.0003339920398563834,57.46298505852956,40
IDIWOH05,OC(=O)c1ccc(cc1)C(=O)O,V,7.61343,7.09292,7.61343,medium pore,0.9999997208278184,1.0,0.0003339920398563834,57.46297520383583,40
IDIWOH06,OC(=O)c1ccc(cc1)C(=O)O,V,7.60998,7.09247,7.60998,medium pore,0.9999996615125168,1.0,0.0003339920398563834,57.462971801826114,40
IDIXAU,OC(=O)c1ccc2c(c1)ccc(c2)C(=O)O,Zn,9.44045,9.08145,9.44045,large pore,0.7565064479546023,0.35847382431233366,0.0006039075508130669,341.5647079527137,3
IDUWAH,OP(=O)(Cc1cc(CP(=O)(O)O)c(cc1CP(=O)(O)O)CP(=O)(O)O)O,La,2.63742,1.85002,2.21864,nonporous,0.3985913527746419,1.0,0.0,4.271893550267932,537
IFABIA01,OC(=O)c1ccc(cc1)C(=O)O,Zn,1.91395,1.23678,1.76674,nonporous,0.673253051659599,0.6078083407275954,0.0029894418270434817,601.1556750927418,3
IFABIA02,OC(=O)c1ccc(cc1)C(=O)O,Zn,1.94471,1.26065,1.80545,nonporous,0.7045665227960626,0.6078083407275954,0.0029894418270434817,601.1669036873635,3
IFACIB,OS(c1cccnc1)(O)O,Ag,1.75424,0.98271,1.73882,nonporous,0.0,1.0,0.0,0.8166750866404872,316
IFEKOU,Nc1[nH]nc(n1)N,Cd,2.52704,1.30689,2.52704,nonporous,0.4,1.0,0.0,2.9989784499853673,539
IFEKUA,Nc1[nH]nc(n1)N,Cd,2.51922,1.16858,2.45568,nonporous,0.33478166789009267,1.0,0.0,2.9985597660290315,539
IFEPUG01,OC(=O)c1ccc(cc1)n1cnc2c1cc1ccccc1c2,Zn,8.44704,8.1001,8.44704,large pore,0.6928109158357205,0.9736842105263157,0.00017242122505280402,36.18222900992949,154
IFIQUM,OC(=O)c1ccc(cc1)/C/1=C/2\C=CC(=N2)/C(=c\2/cc/c(=C(/C3=N/C(=C(\c4[nH]c1cc4)/c1ccc(cc1)C(=O)O)/C=C3)\c1ccc(cc1)C(=O)O)/[nH]2)/c1ccc(cc1)C(=O)O,Ba,2.96779,2.22903,2.95477,nonporous,0.8434310699673151,0.0898876404494382,0.02247191011235955,6.5560840156666265,54
IGIZEF,[C]C(P(=O)(O)O)(P(=O)(O)O)O,Sr,4.69926,3.5008,4.69926,small pore,0.0,1.0,0.0,1.6150114700249976,540
IGIZOP,CC(P(=O)(O)O)(P(=O)(O)O)O,Sr,4.54515,3.09269,4.54515,small pore,0.4,1.0,0.0,1.8075196021102444,540
IGOWUY,Brc1ccc(cc1)c1nc(c([nH]1)C(=O)O)C(=O)O,Pb,2.76249,1.73322,2.76249,nonporous,0.9721852048442086,0.8333333333333333,0.03333333333333333,4.318231278455252,258
IGOYOU,n1[nH]nc(n1)n1cnc2c1cccc2,Zn,2.30896,1.36042,2.30896,nonporous,0.69279467054342,0.02631578947368421,0.0,0.8499868914660713,154
IGUFOH,OC(=O)c1ccc(cc1)c1ccc(cc1)N(c1ccc(cc1)c1ccc(cc1)C(=O)O)c1ccc(cc1)c1ccc(cc1)C(=O)O,Zn,12.81158,3.88005,5.52065,small pore,0.6737168506871334,0.2085181898846495,5.3512203812338926e-05,202.90834012708,3
IGUTUB,OC(=O)c1ccc(cc1)c1ccncc1,Cd,5.90315,3.38592,5.90315,small pore,0.42152127488969915,0.24444444444444444,0.006169224602885822,169.34738355967198,69
IGUVIR,OC(=O)c1ccc(cc1)c1ccncc1,Cd,5.80337,3.48765,5.78397,small pore,0.42154039065921595,0.24444444444444444,0.006169224602885822,169.3632420882254,69
IHOTEG,CC(=O)O,Mg,3.67392,2.49387,3.66892,small pore,0.4,1.0,0.0,2.9968189159827316,120
IJEXIF01,OC(=O)c1cc(cc(c1)C(=O)O)C(=O)O,Zn,6.79742,4.32524,6.79742,medium pore,0.6986356948566106,0.5474711623779946,0.0036125216889095883,535.3255586173178,3
IJEYEC,OC(=O)c1cc(cc(c1)S(O)(O)O)C(=O)O,Cd,2.47183,1.04016,2.47183,nonporous,0.5257256968148398,0.09259259259259259,4.042035492119645e-06,63.90107103570931,69
IJISOK,c1ccc(cn1)COc1cc(OCc2cccnc2)cc(c1)OCc1cccnc1,Ag,4.42073,3.70299,4.14029,small pore,0.6793631336686698,0.02654867256637168,0.04644623812765418,4.893846391885383,73
IJOMAW,OC(=O)C(CC(=O)O)(CC(=O)O)O,Ag,1.62872,0.74177,1.61866,nonporous,0.0,1.0,0.0,0.9994160246905044,542
IJUKIJ,OC(=O)c1cc(cc(c1)Cn1cnc2c1cccc2)Cn1cnc2c1cccc2,Cd,3.97335,1.35462,3.97335,nonporous,0.39309820672870577,0.008641975308641974,0.0016616486134525506,6.08950901823666,69
ILAKAH,OC(=O)c1ccc(cc1)N,Mn,2.92343,1.48717,2.6809,nonporous,0.8293370362737582,0.31315240083507306,0.001698850702944844,124.68022538698865,225
ILAXOK,OC(=O)c1cccc(c1)C(=O)O,Ce,2.48646,1.4269,2.48084,nonporous,0.7434391669201572,0.3953488372093023,0.03912606711215234,28.419065530829005,17
ILIFUE,O[C@H]([C@H](C(=O)O)O)[C@H]([C@@H](C(=O)O)O)O,Ce,5.46522,4.30978,5.46522,medium pore,0.3892622738108877,1.0,0.0,3.6146416135149133,546
ILIGEP,O[C@H]([C@H](C(=O)O)O)[C@H]([C@@H](C(=O)O)O)O,Nd,5.40249,4.22478,5.40249,medium pore,0.0,1.0,0.0,1.8059848882572664,98
ILIMOH,n1ccc(cc1)c1[nH]nc(n1)c1ccccn1,Ni,7.40423,5.70962,7.40423,medium pore,0.4,1.0,0.0,1.999435643159663,548
ILIMUN,n1ccc(cc1)c1[nH]nc(n1)c1ccccn1,Ni,6.19427,4.05594,6.18143,medium pore,0.0,1.0,0.0,1.9986420499672901,548
ILUFEB,n1ncn(c1)[C@]12C[C@@H]3C[C@H](C1)C[C@](C2)(C3)n1cnnc1,Cd,4.77541,3.15616,4.77541,small pore,0.4,1.0,0.0,2.7331961222686916,549
IMIDZB02,c1ncc[nH]1,Zn,4.35981,2.43355,4.29864,small pore,0.4,1.0,0.0,36.944282111458584,360
IMIDZB08,c1ncc[nH]1,Zn,4.32923,2.41359,4.25707,small pore,0.39995758356385525,1.0,0.0,36.94425824769603,360
IMIDZB13,c1ncc[nH]1,Zn,14.94628,13.53695,14.94628,large pore,0.36074688394522814,1.0,0.0,36.766594155665224,360
IMISON,CN1c2ncnc(c2)N(C)c2ncnc(c2)N(c2cc(N(c3cc1ncn3)C)ncn2)C,Cu,5.47193,1.41727,5.47193,nonporous,0.4,1.0,0.0,3.9770720377992763,550
IMUTUG,OC(=O)c1cc(cc(c1)C(=O)O)C(=O)O,In,8.06501,5.41869,8.04646,medium pore,0.839298923113424,0.7626262626262627,0.01725843894715367,131.00921470672,70
IMUVAO,OC(=O)c1cc(cc(c1)C(=O)O)C(=O)O,In,7.88428,5.11059,7.88194,medium pore,0.8392305129504034,0.7626262626262627,0.01725843894715367,130.98593922474353,70
IMUVES,OC(=O)c1cc(cc(c1)C(=O)O)C(=O)O,In,8.07179,5.61744,7.93597,medium pore,0.7955695541884354,0.7575757575757577,0.013307781994951326,130.22883822556125,70
INOJAX,OC(=O)C1=NC=N[C@@H]1C(=O)O,Pr,2.69779,1.3517,2.6873,nonporous,0.0,1.0,0.0,0.9985876182908736,552
INOMOP,OC(=O)c1ccc(s1)C(=O)O,Ca,1.8434,1.11361,1.81454,nonporous,0.4,1.0,0.0,5.996708391660175,409
IPABIL,N#Cc1nnn[nH]1,Na,1.93976,1.02057,1.50685,nonporous,0.0,1.0,0.0,0.9999973569208644,553
IPABIL01,N#Cc1nnn[nH]1,Na,1.94076,1.01859,1.49227,nonporous,0.0,1.0,0.0,0.9999973569208644,553
IPIJAT,Oc1cncc(c1)C(=O)O,Cd,2.01509,1.10176,1.99349,nonporous,0.38463760035796807,0.07530864197530864,0.0001985827690702974,50.47954460475859,69
IPUPIU,OC(=O)c1ccc(cc1)c1ccc(cc1)c1cc(cc(c1)C(=O)O)C(=O)O,Cu,15.78585,6.47044,15.78585,medium pore,0.5660436834580022,0.445916114790287,0.008655854548911577,344.78528587355294,1
IPUPOA,OC(=O)c1ccc(cc1)c1ccc(cc1)c1cc(cc(c1)C(=O)O)C(=O)O,Cu,18.73371,13.07215,18.73371,large pore,0.5652743549299806,0.4448123620309051,0.008788029945056782,344.08187511596384,1
IQAGEN,OC(=O)c1ccc(cc1)OCc1ccncc1,Zn,3.26811,1.38819,3.26811,nonporous,0.7018625713864413,0.13753327417923691,0.0008428249764321526,128.17634098647318,3
IQEWOQ,OC=O,Mn,5.16837,4.02189,5.09375,medium pore,0.2024495517382775,1.0,0.0,177.62307892078528,24
IRELAU,OC(=O)c1cc(c2cccc(c2)C(=O)O)c(cc1c1cccc(c1)C(=O)O)C(=O)O,Zn,4.94125,3.34876,4.94125,small pore,0.6398309227897423,0.0771960958296362,0.00034491297380331685,73.35006062697667,3
IRELIC,OC(=O)c1cc(c2cccc(c2)C(=O)O)c(cc1c1cccc(c1)C(=O)O)C(=O)O,Cd,2.45669,1.06335,2.38675,nonporous,0.44569518437585737,0.07160493827160494,0.000312409484157386,49.844348080631626,69
IRISAD,OC(=O)C(=O)O,Bi,3.55041,3.37764,3.54953,small pore,0.4,1.0,0.0,10.986149219326817,169
IVELUS,OC(=O)c1ccncc1,Mn,4.49483,2.31609,4.47845,nonporous,0.6242149039976173,0.33402922755741127,0.005071778580613896,134.9088449717385,225
IVEMAZ,OC(=O)c1ccncc1,Mn,4.12424,2.2441,4.1193,nonporous,0.6941648630917892,0.3319415448851774,0.005003751157741288,134.1380658313817,225
IWELIG,O=C1NCN=C2[C@H]1N=CN2,Co,4.68882,4.51802,4.68453,medium pore,0.0,1.0,0.0,0.999999858992201,558
IWELOM,O=C1NCN=C2[C@@H]1N=CN2,Co,4.78598,4.6229,4.78318,medium pore,0.0,1.0,0.0,0.999999858992201,558
IWOSAP,OC(=O)CCC(=O)O,Ho,4.67267,3.76645,4.66622,small pore,0.0,1.0,0.0,2.9935578129306046,538
IWOSET,OC(=O)CCC(=O)O,Ho,2.11914,1.31298,2.05046,nonporous,0.4,1.0,0.0,2.9982016014531236,538
IXISAJ,C1Cc2nnc3c4c2c(C1)nnc4CCC3,Cu,5.70855,4.41796,5.70855,medium pore,0.4,1.0,0.0,2.9787603405335363,371
IXISOZ02,OC(=O)c1ccc(cc1)C(=O)O,Eu,4.74076,3.59919,4.72141,small pore,0.7998260265760861,0.6032388663967612,0.023944816168173066,129.1929503409096,12
IXOFOR,OC(=O)c1ccc(cc1)C(=O)O,V,6.5857,6.11142,6.57771,medium pore,0.9999999999999999,1.0,0.0003339920398563834,57.462991215664964,40
IXOSUL,Oc1ccc(cc1)/C=C/c1ccncc1,Li,5.93455,5.00989,5.80885,medium pore,0.7017481446482952,0.0784313725490196,0.019215686274509806,3.5560106302829526,158
IYOVUO,OC(=O)c1ccc(s1)C(=O)O,Eu,4.91638,3.15658,4.90706,small pore,0.4,1.0,0.0,5.986406394283544,403
IYUHIU,OC(=O)c1cc(cc(c1)C(=O)O)C(=O)O,In,8.68837,6.71215,8.68569,medium pore,0.7687076729454878,0.7424242424242425,0.011904749743270566,127.8267266177308,70
IZEHAX,Nc1nnn[nH]1,Cd,2.10917,1.10653,2.10917,nonporous,0.4,1.0,0.0,7.986294319724796,236
IZEPEJ,OC(=O)c1ccc(cc1)C(=O)O,Cr,22.2708,6.75188,22.25656,medium pore,1.0,1.0,0.0011904761904761904,15.28493092970338,460
IZETUE,C1N2CN3CN1CN(C2)C3,Cu,6.43175,3.35585,6.43175,small pore,0.3945777457744953,1.0,0.0,1.9915480163539132,562
IZEVOA,C1N2CN3CN1CN(C2)C3,Cu,2.00427,0.80714,1.99493,nonporous,0.4,1.0,0.0,1.9916433477111943,562
IZIBUQ,OC(=O)c1ccc(cc1)c1cc(c2ccc(cc2)C(=O)O)c(cc1c1ccc(cc1)C(=O)O)c1ccc(cc1)C(=O)O,Zr,12.11369,10.20968,12.11369,large pore,0.7138170392679406,0.8539325842696629,0.016762022953406543,130.7608480032324,143
IZIHIK,OC(=O)c1cc(ccc1c1cccc(c1)c1ccc(cc1C(=O)O)C(=O)O)C(=O)O,Tb,6.56968,5.40483,6.56781,medium pore,0.5451334448816235,0.19289340101522842,0.0029009927231550135,31.1236699730724,22
IZUKEV,OP(=O)(c1cc(cc(c1)P(=O)(O)O)P(=O)(O)O)O,Zn,1.3271,0.65206,1.31615,nonporous,0.7593268144656806,0.027506654835847383,0.00029777786159453464,26.572971803589024,3
IZUSAY,OCNc1cc(cc(c1c1c(NCO)cc(cc1NCO)C(=O)O)NCO)C(=O)O,Zn,13.79677,8.91643,13.79677,large pore,0.7047041303631358,0.05678793256433008,9.876959703043628e-05,53.087892100106956,3
JABYUH,N[C@H](C(=O)NCC(=O)O)C(C)C,Cu,2.29471,1.74097,2.24688,nonporous,0.3983445752550779,1.0,0.0,1.8335702045802296,563
JABYUH01,N[C@H](C(=O)NCC(=O)O)C(C)C,Cu,2.22299,1.57289,2.22299,nonporous,0.4,1.0,0.0,1.8342577735628962,563
JACJON,OC(=O)C(=O)O,Ti,2.96203,0.85461,2.96199,nonporous,0.02565774246536421,1.0,0.0,4.936451448197721,564
JADLOP01,OC=O,Li,2.61138,1.32091,2.60641,nonporous,0.4,1.0,0.0,1.9999978218051095,565
JADLOP02,OC=O,Li,2.64243,1.33882,2.63726,nonporous,0.3136344275902957,1.0,0.0,1.9999972414414684,565
JADRUC,N1CCNCC1,Cd,2.76064,2.34465,2.76064,nonporous,0.4,1.0,0.0,2.8990251767055253,198
JAHVUJ,OC(=O)C(=O)O,Pb,1.06638,0.63901,1.06638,nonporous,0.0,1.0,0.0,1.9997767969342317,501
JALLOA,OC(=O)c1cc(cc(c1)C(=O)O)C(=O)O,Ce,20.02547,14.45933,20.02547,large pore,0.4398519330945847,0.5697674418604651,0.12307878247110265,41.552505594687915,17
JALPAQ,OC(=O)c1cc(cc(c1)c1ccncc1)C(=O)O,Cu,3.97561,2.90565,3.97561,small pore,0.3914218004191453,0.3189845474613687,0.002351534644469492,245.98978490117642,1
JALTUL,NCCN,Li,4.54107,3.68666,4.49534,small pore,0.0,1.0,0.0,0.998525518218682,566
JAMLEP,Nc1cccnc1,Cd,2.25567,0.92062,2.25017,nonporous,0.0,1.0,0.0,0.9987825073654852,567
JAMSEY,OC(=O)c1cc(cc(c1)c1ccncc1)C(=O)O,Ni,2.54893,1.47328,1.78656,nonporous,0.6571248645075392,0.421875,0.013888809759133073,70.48080499750256,60
JARMEU,N#Cc1ccc(cc1)C(c1ccc(cc1)C#N)(c1ccc(cc1)C#N)c1ccc(cc1)C#N,Cu,11.10695,8.30439,11.10695,large pore,0.4,1.0,0.0,1.8226143103716206,457
JARMEU10,N#Cc1ccc(cc1)C(c1ccc(cc1)C#N)(c1ccc(cc1)C#N)c1ccc(cc1)C#N,Cu,11.10695,8.30439,11.10695,large pore,0.4,1.0,0.0,1.8226143103716206,457
JAVNIE,n1ccc(cc1)c1nnn[nH]1,Cu,6.80446,3.91021,6.32616,small pore,0.5283807096108671,0.3574660633484163,0.01299318143263219,69.1486662489031,56
JAWXEN,N#Cc1[nH]cnc1C#N,Cu,4.27585,3.81579,4.27585,small pore,0.4,1.0,0.0,1.9990354857871386,568
JAYXAL,OC(=O)c1cc(cc(c1)C(=O)O)c1ccc(c(c1)C(=O)O)c1cc(cc(c1)C(=O)O)C(=O)O,Zn,5.9825,4.52192,5.95368,medium pore,0.756486216452509,0.1863354037267081,0.0012277774658753546,177.18642177112253,3
JEBYAT,OC(=O)c1ccc(cc1N)c1ccc(c(c1)N)C(=O)O,Dy,7.31023,5.81589,7.31023,medium pore,0.9027422906537867,0.061946902654867256,0.0025278969393705613,5.9482551784697835,181
JECFOP,O=N(=O)C(c1nonc1NNc1nonc1C(N(=O)=O)N(=O)=O)N(=O)=O,Ag,2.05899,1.17786,1.78267,nonporous,0.0,1.0,0.0,0.9989876080485172,569
JECGUW,O=N(=O)C(c1nonc1NNc1nonc1C(N(=O)=O)N(=O)=O)N(=O)=O,Ag,1.78897,0.91814,1.78897,nonporous,0.0,1.0,0.0,0.9989876080485172,569
JEDKIP,OC=O,Mn,4.38067,2.54961,4.35867,small pore,0.4,1.0,0.0,177.91575451011744,24
JEDVEW,OC(=O)c1cc(cc(c1)C(=O)O)C(=O)O,Cd,7.77107,6.16806,7.76659,medium pore,0.6792490676990527,0.40987654320987654,0.007707451305443717,283.40521671104693,69
JEDVUM,OC(=O)c1cc(cc(c1)C(=O)O)C(=O)O,Co,5.89007,5.14676,5.87667,medium pore,0.7844163843406591,0.44298245614035087,0.014020152780576028,256.8788377087409,55
JEHCUX,OP(=O)(CN(CP(=O)(O)O)CP(=O)(O)O)O,Rb,1.9829,0.84126,1.9829,nonporous,0.0,1.0,0.0,0.8069657696393386,573
JEHTOG,C(CCn1ncnc1)CCCn1ncnc1,Zn,4.35956,1.69085,4.35956,nonporous,0.0,1.0,0.0,1.973222759878528,574
JEJZAC,OC(=O)c1cc(OCc2ccc(cc2)C(=O)O)cc(c1)OCc1ccc(cc1)C(=O)O,Mn,4.85304,4.49012,4.84559,medium pore,0.6825315112874843,0.1544885177453027,0.0015462429492440015,61.52818034894742,225
JEPWIN01,OC(=O)c1cc(NCc2ccncc2)cc(c1)C(=O)O,Cd,5.8654,4.29537,5.8654,medium pore,0.40462107693971044,0.08888888888888889,0.0006596054285786225,59.32178628879342,69
JETZAK,OC(=O)c1ccc(cc1)c1ccc(cc1)C(=O)O,Mg,5.45582,4.24217,5.44774,medium pore,0.5206064073971506,0.4336283185840708,0.009059844496590396,42.93275355613718,226
JEXPEI,OP(=O)(CCP(=O)(O)O)O,Ni,1.78794,1.08663,1.74885,nonporous,0.0,1.0,0.0,0.9081374955465648,576
JIDRUM,OC(=O)c1cc(OCCCOc2cc(cc(c2)C(=O)O)C(=O)O)cc(c1)C(=O)O,Eu,5.15543,3.56119,5.15543,small pore,0.7687090374089607,0.0931174089068826,0.0003514811851703688,19.16042259152642,12
JIGQOI,O1CCOCC1,Na,4.12849,1.81334,4.11979,nonporous,0.012312193231991841,1.0,0.0,1.9995276624928802,419
JIHROH,N#CC(C#N)C#N,Zn,1.62914,1.21457,1.61976,nonporous,0.0,1.0,0.0,0.9999999997625304,577
JIHROH01,N#CC(C#N)C#N,Zn,1.62982,1.21503,1.62028,nonporous,0.0,1.0,0.0,0.9999999997625304,577
JITQEJ,OC(=O)[C@H]1CC[C@@](C1(C)C)(C)C(=O)O,Cd,4.95216,1.54714,4.85967,nonporous,0.4,1.0,0.0,5.826388855867198,578
JIVFUQ,Oc1cc(c(cc1P(=O)(O)O)O)P(=O)(O)O,Zn,6.22076,5.27152,5.88002,medium pore,0.694576271758202,0.005323868677905946,0.0,4.843893726460211,3
JIVHIG,CC(c1ccccc1O)C,K,5.59499,1.49783,5.56581,nonporous,0.0,1.0,0.0,0.9925629079920656,579
JIVHOM,CC(c1ccccc1O)C,K,2.18406,1.42041,2.17979,nonporous,0.0,1.0,0.0,0.9925629079920656,579
JIWXOF,OC(=O)c1ccc(cc1c1cncnc1)C(=O)O,Dy,6.69473,5.61873,6.69473,medium pore,0.7821950600255307,0.017699115044247787,0.0,1.7311823137459545,181
JIYTAP,OC(=O)c1ccc(cc1)c1nc(c2ccc(cc2)C(=O)O)c(nc1c1ccc(cc1)C(=O)O)c1ccc(cc1)C(=O)O,Ce,4.76524,3.42014,4.76524,small pore,0.46774687271807225,0.313953488372093,0.0009335488952452022,23.061285575455777,17
JOBKUI,c1ccc(nc1)c1nnc([nH]1)c1nnc[nH]1,Fe,3.30341,1.41411,3.05143,nonporous,0.39977298008624873,1.0,0.0,1.8190803162783649,580
JOFDOZ01,OC(=O)c1cccc(n1)C(=O)O,Sr,3.09771,1.12516,3.09771,nonporous,0.779412576518937,0.11764705882352941,0.0037861950438330062,7.098174072653117,122
JOFKIA,Nc1nnc([nH]1)C(=O)O,Cu,6.76729,5.14173,6.76729,medium pore,0.0,1.0,0.0,0.8362592849978352,581
JOFPAX,OC(=O)c1ccc(nc1)c1ccc(cn1)C(=O)O,Ca,1.75421,0.82117,1.73943,nonporous,0.9640423128256427,0.0847457627118644,0.0,8.56283038757149,66
JOPGIG,OC(=O)c1cc(cc(c1)C(=O)O)C(=O)O,Co,5.77163,3.85312,5.72108,small pore,0.8394745641274881,0.46637426900584794,0.016247136847691964,270.3145902507329,55
JOPGOM,OC(=O)c1cc(cc(c1)C(=O)O)C(=O)O,Co,5.81684,3.75577,5.68721,small pore,0.8473342704760385,0.46929824561403505,0.0166415659396764,271.9301062086149,55
JOPGUS,OC(=O)c1cc(cc(c1)C(=O)O)C(=O)O,Co,6.22103,5.02344,6.21544,medium pore,0.7983756444354689,0.44883040935672514,0.014576950179656026,260.37118433669855,55
JOQQAJ,OC(=O)c1ccc(cc1)C(=O)O,Co,7.17636,5.42872,7.17636,medium pore,0.8324336412731748,0.4634502923976608,0.015517925559638886,271.38244209235745,55
JORDAX,OC(=O)c1cncc(c1)C(=O)O,Eu,3.33298,1.66255,3.33297,nonporous,0.786339287772924,0.20242914979757085,0.002385763637869175,41.84390676712588,12
JORQOY,Cc1[nH]nc(c1c1c(C)n[nH]c1C)C,Ag,6.21853,2.37228,6.16116,nonporous,0.3915938273274282,1.0,0.0,7.819613777770394,582
JOSTIU,OC(=O)c1cccc(n1)C(=O)O,Nd,4.62703,2.29776,4.62703,nonporous,0.7355482322960549,0.13178294573643412,0.0077348557880964905,15.18707375007528,18
JOVYAW,OC(=O)c1cc(C#Cc2cc(cc(c2)C(=O)O)C(=O)O)cc(c1)C(=O)O,Zn,4.37224,3.52862,4.37224,small pore,0.6567993259054243,0.2635314995563443,0.00020955334332323837,249.81095163503815,3
JUKXIW,OC(=O)/C=C/c1ccncc1,Cd,3.02787,2.26947,3.02787,nonporous,0.4305293494499278,0.0345679012345679,0.0012222627111352947,23.48224647095684,69
JUQTOG,OC(=O)[C@@H]1C=NC=N1,Co,7.0124,3.08649,7.0124,small pore,0.0,1.0,0.0,0.999999110094372,583
JUQVAU,OC(=O)[C@@H]1C=NC=N1,Co,7.11924,3.16109,7.11268,small pore,0.0,1.0,0.0,0.999999110094372,583
JUSKEP,COc1cc2c(c3cc(cc(c3)C(=O)O)C(=O)O)c3cc(OC)c(cc3c(c2cc1OC)c1cc(cc(c1)C(=O)O)C(=O)O)OC,Ba,4.73644,3.0174,4.72687,small pore,0.2476837225737672,0.11235955056179775,0.0,8.653245242433123,54
JUXFAL,OC(=O)c1cc(C(=O)O)c(cc1C(=O)O)O,Tb,5.68774,4.66373,5.67717,medium pore,0.7915471319306581,0.050761421319796954,0.00019655004618105633,9.066558956760273,22
JUXZIN,OC(=O)c1cc(c2ccc(cc2)C(=O)O)c(cc1c1ccc(cc1)C(=O)O)C(=O)O,Cd,2.10853,1.52065,1.97786,nonporous,0.38364686113398133,0.24938271604938272,0.0023598156386756106,168.98084112935052,69
KAFTUI,OC(=O)c1ccc(cc1)C(C(F)(F)F)(C(F)(F)F)c1ccc(cc1)C(=O)O,Zn,5.16673,3.1472,5.16096,small pore,0.7641287973093325,0.15527950310559008,0.00018750268452885215,150.95373444269677,3
KAFYAT,OC(=O)c1cc(Cc2cc(cc(c2)C(=O)O)C(=O)O)cc(c1)C(=O)O,Zn,3.47206,2.76868,3.47206,small pore,0.7614938964458768,0.28748890860692106,0.00040246562958860517,270.3178530932046,3
KAHMOW,OC(=O)c1ccc(cc1)C(C(F)(F)F)(C(F)(F)F)c1ccc(cc1)C(=O)O,Zn,5.20372,4.91346,5.20372,medium pore,0.7031850698547815,0.1508429458740018,0.0001675591285757018,146.44948123693771,3
KAHWOG,OC(=O)c1cccc(c1)C(=O)O,Eu,2.37317,1.34602,2.37317,nonporous,0.5225023371804488,0.4008097165991903,0.01586718222336635,83.47417287757027,12
KAJZIH,OC(=O)c1cc(cc(c1)C(=O)O)C(=O)O,Cu,7.14961,5.83428,7.14961,medium pore,0.7005289917111508,0.5607064017660044,0.005195969457995656,441.4760612263845,1
KAKCEH01,OC(=O)c1ccc(cc1)c1cc(cc(c1)c1ccc(cc1)C(=O)O)c1ccc(cc1)C(=O)O,Ba,8.57308,7.9237,8.56948,medium pore,0.3866619613344131,0.3033707865168539,0.014674128292231185,23.273148123816995,54
KAKCEH02,OC(=O)c1ccc(cc1)c1cc(cc(c1)c1ccc(cc1)C(=O)O)c1ccc(cc1)C(=O)O,Ba,8.74125,8.09533,8.71484,large pore,0.14879641882381553,0.3033707865168539,0.014674128292231185,23.271681133826775,54
KAKTIA,OC(=O)c1ccncc1,Cu,1.76017,1.11155,1.64503,nonporous,0.3531671648677547,0.2869757174392936,0.0029308854523303596,219.5987399756543,1
KAKTIA01,OC(=O)c1ccncc1,Cu,1.80062,1.13705,1.66327,nonporous,0.35454120399885874,0.28807947019867547,0.0029611877168661217,220.3852911083087,1
KARMOH,OC(=O)c1ccc(cc1)c1ccc(cc1)C(=O)O,Ni,14.49001,10.03953,14.49001,large pore,0.7347194457583612,0.40625,0.059181284342578126,66.80444504250708,60
KARPOI,N#C/N=C(/C(=C)Br)\C=C,Cu,1.9096,1.77623,1.88478,nonporous,0.39998532920019375,1.0,0.0,3.880894582947624,445
KARPOI01,N#C/N=C(/C(=C)Br)\C=C,Cu,1.89109,1.76544,1.86432,nonporous,0.4,1.0,0.0,3.8809089541723294,445
KAYBAP,OC(=O)c1ccc(cn1)C(=O)O,Ca,2.51213,1.36782,2.4132,nonporous,0.9628416649347582,0.11864406779661017,0.0018769460982218959,12.055840019282652,66
KAYBIX,OC(=O)c1ccc(cn1)C(=O)O,Ca,2.29778,1.25648,1.70103,nonporous,0.947890949030856,0.11864406779661017,0.0018769460982218959,12.029476770607612,66
KEDQAN,OC(=O)c1ccc(cc1)c1ccc(cc1)N(c1ccc(cc1)c1ccc(cc1)C(=O)O)c1ccc(cc1)c1ccc(cc1)C(=O)O,Zn,6.4763,4.71248,6.46033,medium pore,0.7593550185144459,0.24755989352262645,8.818272764032822e-05,242.590965666448,3
KEDWOI,OC(=O)c1ccc(cc1)C(=O)O,In,10.38821,5.84454,10.38601,medium pore,0.8057555238413132,0.787878787878788,0.011427461929948413,136.16715163840186,70
KEHDOS,n1ncn(c1)[C@]12C[C@@H]3C[C@H](C1)C[C@](C2)(C3)n1cnnc1,Ag,4.08176,3.30481,3.94024,small pore,0.3956468890278835,1.0,0.0,1.8825813916136713,590
KEHGAH,n1ncn(c1)[C@]12CN3C[C@@](C2)(C[C@@](C1)(C3)n1cnnc1)n1cnnc1,Cd,8.41883,6.82179,8.41883,medium pore,0.0,1.0,0.0,2.6249521043107307,549
KEHWAY,O[C@@H]1[C@H](O)[C@H](O[C@H]1n1ccc(=O)[nH]c1=O)COP(=O)(O)O,K,1.98881,0.79404,1.87015,nonporous,0.4,1.0,0.0,3.9996088063367754,592
KEHWEC,O[C@@H]1[C@H](O)[C@H](O[C@H]1n1ccc(=O)[nH]c1=O)COP(=O)(O)O,K,1.92294,0.78411,1.92294,nonporous,0.3940805924692541,1.0,0.0,3.999847296097462,592
KEJBOQ,OC(=O)c1ccncc1,Cd,4.63505,2.10716,4.48482,nonporous,0.36464160558890435,0.254320987654321,0.0033784470356062616,174.6068614348621,69
KEJWAY,OC(=O)c1ccncc1,Co,2.17802,1.30002,2.16525,nonporous,0.476018186638402,0.30116959064327486,0.003015094284089372,177.05069472190868,55
KELFUF,OP(=O)(Cc1cc(cc(c1)CP(=O)(O)O)CP(=O)(O)O)O,U,6.18834,4.4062,6.01141,medium pore,0.4,1.0,0.0,1.9992727468186846,507
KELJIV,[nH]1cnnc1,Cu,3.60101,3.32094,3.59643,small pore,0.39319161042278666,1.0,0.0,18.91534204701303,38
KENTEF04,Brc1cccc(n1)N/N=C/c1ccc(cc1)N(c1ccc(cc1)/C=N/Nc1cccc(n1)Br)c1ccc(cc1)/C=N/Nc1cccc(n1)Br,Ag,5.46947,4.33687,5.46947,medium pore,0.9214874023038799,0.9,0.010612244897959176,40.75652047932399,10
KENVIL,Brc1cccc(n1)N/N=C/c1ccc(cc1)N(c1ccc(cc1)/C=N/Nc1cccc(n1)Br)c1ccc(cc1)/C=N/Nc1cccc(n1)Br,Ag,5.45523,4.32592,5.45523,medium pore,0.9214873439131718,0.9,0.010612244897959176,40.75651463870559,10
KENVOR01,Brc1cccc(n1)N/N=C/c1ccc(cc1)N(c1ccc(cc1)/C=N/Nc1cccc(n1)Br)c1ccc(cc1)/C=N/Nc1cccc(n1)Br,Ag,5.46951,4.31924,5.46789,medium pore,0.9214902113955561,0.9,0.010612244897959176,40.756801462943486,10
KEPFIX,Clc1cccc(n1)N/N=C/c1ccc(cc1)N(c1ccc(cc1)/C=N/Nc1cccc(n1)Cl)c1ccc(cc1)/C=N/Nc1cccc(n1)Cl,Ag,5.46607,4.31793,5.46607,medium pore,0.9214968883124319,0.84,0.0,38.53628430011239,10
KEPNAX04,c1ccc(nc1)N/N=C/c1ccc(cc1)N(c1ccc(cc1)/C=N/Nc1ccccn1)c1ccc(cc1)/C=N/Nc1ccccn1,Ag,5.89245,4.22207,5.42416,medium pore,0.9214957881939945,0.92,0.00445269016697588,42.804156536377945,10
KEQDER,OC(=O)c1cc(C#Cc2ccc(cc2)C(=C(c2ccc(cc2)C#Cc2cc(cc(c2)C(=O)O)C(=O)O)c2ccc(cc2)C#Cc2cc(cc(c2)C(=O)O)C(=O)O)c2ccc(cc2)C#Cc2cc(cc(c2)C(=O)O)C(=O)O)cc(c1)C(=O)O,Zn,13.37179,6.49901,13.37179,medium pore,0.763891951596642,0.18899733806566105,1.944075335239058e-05,176.64984811428317,3
KEQLOK,N#CNC#N,Fe,5.61408,3.7967,5.61408,small pore,0.4,1.0,0.0,3.999249599535749,107
KERTUZ,N#CC(C(=C(C#N)C#N)C(=O)c1ccc(cc1)Br)C#N,Cs,2.35214,1.10131,2.1748,nonporous,0.0,1.0,0.0,0.9140377310256704,594
KEYZIZ,Cc1nnn[nH]1,Cu,2.16736,1.28769,1.92442,nonporous,1.0,0.75,0.0,2.8008052296452854,596
KEYZOF,c1nnn[nH]1,Cu,2.13552,1.24551,2.12307,nonporous,0.4,1.0,0.0,8.994630277265033,231
KEZGII,OC(=O)c1ccc(cc1)c1cc(c2ccc(cc2)C(=O)O)c2c3c1ccc1c3c(cc2)c(cc1c1ccc(cc1)C(=O)O)c1ccc(cc1)C(=O)O,U,12.14165,8.26938,12.13935,large pore,0.7218657309830101,0.0958904109589041,0.0,6.082503424287763,451
KEZLIN,OC(=O)c1ccc(cc1)c1cc(cc(c1)C(=O)O)C(=O)O,Gd,4.16614,3.07552,3.80087,small pore,0.43076959735117043,0.3207547169811321,0.0031879210680617835,44.13933745851764,195
KHMALA03,OC(=O)/C=C\C(=O)O,K,1.5151,0.5388,1.43546,nonporous,0.0,1.0,0.0,0.8941319201280857,597
KHOXAL03,OC(=O)C(=O)O,K,0.93461,0.23311,0.93461,nonporous,0.4,1.0,0.0,1.8648412592131938,598
KHOXAL12,OC(=O)C(=O)O,K,0.89057,0.1597,0.89057,nonporous,0.3994684616915429,1.0,0.0,1.8646622014027505,598
KIDVIE,OC(=O)C(=O)O,La,5.19582,3.59752,5.19582,small pore,0.9994451530588735,1.0,0.06666666666666665,5.791415062154848,599
KIJPUQ,O=C(c1cccnc1)c1cccc(n1)C(=O)c1cccnc1,Cd,4.70226,4.03384,4.70226,medium pore,0.6879529160222726,0.018518518518518517,2.1701862191566834e-06,12.766934934491983,69
KIJVUX,OC(=O)c1ccc(o1)C(=O)O,Eu,3.62952,2.19238,3.60436,nonporous,0.40000000000000074,1.0,0.0,2.8622218259411545,425
KIKRAA,n1ccc(cc1)c1ccncc1,Cu,8.85671,7.32383,8.8504,medium pore,0.8872143796447798,0.5610859728506787,0.029347616771784258,106.13205488694692,56
KINGUM,OC(=O)c1ccc(cc1)C(=O)O,Zr,8.23247,3.78878,8.23247,small pore,0.7537863433766584,0.9438202247191011,0.009973927433462221,148.41219729070036,143
KINNIG,N#CC(c1c(F)c(F)c(c(c1F)F)C(C#N)C#N)C#N,Cu,5.23856,4.20025,5.23856,medium pore,0.4,1.0,0.0,6.9982670175829655,261
KIRFIA,OC(=O)C(=O)O,Cu,5.7578,4.65199,5.7578,medium pore,0.4,1.0,0.0,17.863907137437,586
KITZAR,OC(=O)/C=C/C=C/C(=O)O,La,3.48474,1.38383,3.48474,nonporous,0.0,1.0,0.0,0.8979386770185686,602
KIYMEM01,OC(=O)c1ccc(c2c1cccc2)C(=O)O,Ba,2.61545,1.41629,2.60405,nonporous,0.798939147099043,0.10112359550561797,0.003890319101375027,7.548587810761092,54
KIZCOO,c1ncn(c1)c1cc(n2cncc2)c(cc1n1cncc1)n1cncc1,Ag,5.14304,3.56893,5.12754,small pore,0.0,1.0,0.0,0.8124675179246154,603
KOCWEF,OC(=O)c1ccc(cc1)c1nnn[nH]1,Mn,8.11635,3.87451,8.11635,small pore,0.4318944896351118,0.08141962421711899,0.0073097522024719455,32.80748747069743,225
KOGYIP,n1ccc(cc1)c1ccncc1,Cu,5.27845,4.86254,5.27845,medium pore,0.8423798941469238,0.5429864253393666,0.026105606132214933,102.78557186525136,56
KOHROQ,OC(=O)c1cc(CN2CCCN(CCN(CCCN(CC2)Cc2cc(cc(c2)C(=O)O)C(=O)O)Cc2cc(cc(c2)C(=O)O)C(=O)O)Cc2cc(cc(c2)C(=O)O)C(=O)O)cc(c1)C(=O)O,Mn,4.53942,1.56214,4.40806,nonporous,0.6814971418604456,0.06889352818371607,9.106320741201938e-05,27.26882719230492,225
KOLPIL,OC(=O)c1cc(nc(c1)C(=O)O)C(=O)O,Nd,2.04388,1.17002,2.00267,nonporous,0.479067551273577,0.27906976744186046,0.06405495863985627,29.750417862000894,18
KOLQEI,OC(=O)c1cc(nc(c1)C(=O)O)C(=O)O,Dy,3.68307,1.83994,3.68285,nonporous,0.7956131224826618,0.22123893805309736,0.012576657485485985,20.94227669883906,181
KOMGEZ,n1ncn(c1)n1cnnc1,Cd,4.91912,2.50868,4.71249,small pore,0.0,1.0,0.0,0.9991797032322692,604
KOMGID,n1ncn(c1)n1cnnc1,Cd,4.92265,3.16718,4.74777,small pore,0.0,1.0,0.0,0.9991797032322692,604
KOMJAY,Nc1ncn[nH]1,Zn,3.36758,1.49932,3.36558,nonporous,0.5023357093302556,0.6000000000000001,0.15000000000000002,2.801074339783388,595
KOQXUL,OC(=O)c1cccc(c1)C(=O)O,La,2.35162,1.18483,2.33788,nonporous,0.5364616678306793,0.3096774193548387,0.03634784134569483,40.455360950104904,32
KOSFUV,OC(=O)[C@H]1CC[C@@](C1(C)C)(C)C(=O)O,Y,2.67039,1.45036,2.67039,nonporous,0.4,1.0,0.0,2.9999513620422142,606
KOSGAC,OC(=O)[C@H]1CC[C@@](C1(C)C)(C)C(=O)O,Er,2.64771,1.47857,2.60103,nonporous,0.3925925300900417,1.0,0.0,2.9998454200527,607
KOSGUW,OC(=O)[C@H]1CC[C@@](C1(C)C)(C)C(=O)O,Yb,2.58825,1.44417,2.58825,nonporous,0.0,1.0,0.0,0.9999957143337266,609
KOTDII,OC(=O)[C@H]1CC[C@@](C1(C)C)(C)C(=O)O,Y,2.6625,1.4203,2.6625,nonporous,0.33685197027079994,1.0,0.0,2.9999307995808424,606
KOTDOO,OC(=O)[C@H]1CC[C@@](C1(C)C)(C)C(=O)O,Yb,2.63074,1.44145,2.6233,nonporous,0.0,1.0,0.0,0.9999957143337266,609
KOXGIP,COc1c(c2c(OC)c(cc(c2OC)c2ccncc2)c2ccncc2)c(OC)c(cc1c1ccncc1)c1ccncc1,Ag,6.17141,3.90334,6.17141,small pore,0.49468756372734857,0.008849557522123894,0.0,1.6130168514495984,73
KUGQOT,OC(=O)c1cccc(c1)C(=O)O,La,2.0632,1.14351,2.0632,nonporous,0.5518775731157067,0.3161290322580645,0.040426248568418345,41.276705757293655,32
KUJMIN,OC(=O)c1cc(cc(c1)C(=O)O)C(=O)O,Cd,6.09834,5.26562,6.09598,medium pore,0.6655224309348964,0.4024691358024691,0.00743181217752426,278.30930197593585,69
KULRIT,OC(=O)[C@@H]1C[C@@H](C[C@@H](C1)C(=O)O)C(=O)O,Yb,4.89806,2.03359,4.79223,nonporous,0.4,1.0,0.0,1.660253021263018,613
KURHIQ,N#CNC#N,Mn,5.22682,1.15838,5.22682,nonporous,0.4,1.0,0.0,14.815988129964952,106
KUXREC,OC(=O)c1ccc(cc1)C(=O)O,Fe,8.4764,5.78075,8.4764,medium pore,0.7634678072379226,0.6666666666666666,0.012921427969917933,81.37445061462414,113
KUZHAQ,O[C@@H]1CO[C@@H]([C@H]([C@@H]1O)O)O,Cs,2.18277,0.88411,2.00765,nonporous,0.3503057205989535,1.0,0.0,1.9990391571650614,615
KUZHEU,O[C@H]1CO[C@H]([C@@H]([C@H]1O)O)O,Cs,2.18403,0.90471,2.18403,nonporous,0.4,1.0,0.0,1.9991080895938418,615
KUZPEC,n1ccc(cc1)CCc1ccncc1,Ag,5.17179,3.98335,5.17179,small pore,0.4659744880682119,0.061946902654867256,0.47835423341677275,11.673781805326758,73
LACFUS,OC(=O)c1ccc(cc1)C(=O)O,Pb,2.76283,1.4183,2.74303,nonporous,0.7364756084874791,0.5732484076433121,0.03283538018093276,79.15824433288587,127
LACYOE,C/C(=N\N=C(\c1nccnc1C)/C)/c1nccnc1C,Ag,4.20908,2.07954,4.20206,nonporous,0.32392479068794067,0.01327433628318584,0.0,2.8015358333051417,73
LACYUK,C/C(=N/N=C(/c1nccnc1C)\C)/c1nccnc1C,Ag,4.74567,2.18502,4.28724,nonporous,0.4750765747471572,0.01327433628318584,0.0,2.8010347752929876,73
LAGWIB,OC(=O)c1ccc(cc1)C(=O)O,Co,7.33121,5.00581,7.16504,medium pore,0.8423744931657462,0.4678362573099415,0.015891115043212015,273.92000470421306,55
LAHYOL,OC(=O)/C=C/c1c2ccccc2c(c2c1cccc2)/C=C/C(=O)O,Ba,4.71388,3.64149,4.59225,small pore,0.0,1.0,0.0,0.9981046037334348,467
LAJDUV03,OC(=O)C(=O)O,Ti,3.31754,2.91517,3.31684,small pore,0.4,1.0,0.0,4.96816663882319,564
LALGIQ,OC(=O)CC(=O)O,Sn,2.74218,1.227,2.73797,nonporous,0.0,1.0,0.0,0.99948117733901,618
LAPMEU,OC(=O)C(CC(=O)O)(CC(=O)O)O,Ag,2.74241,1.08602,2.38379,nonporous,0.0,1.0,0.0,0.9994160246905044,542
LAQJUI,c1nnn[nH]1,Ag,1.78665,0.98884,1.78665,nonporous,0.0,1.0,0.0,0.9995511252939342,620
LAQKAP,c1nnn[nH]1,Ag,3.09595,2.02135,3.08823,nonporous,0.0,1.0,0.0,0.9995511252939342,620
LARNIE,OC(=O)c1ccc(o1)C(=O)O,Mn,4.62596,4.14329,4.62016,medium pore,0.0,1.0,0.0,0.9966593087102532,622
LARPEB,OC(=O)c1cc(cc(c1)C(=O)O)C(=O)O,Fe,6.08482,2.30454,6.08469,nonporous,0.7628932379361194,0.5579710144927537,0.03567395526302879,67.11661375488262,113
LARPOL,OC(=O)c1cc(cc(c1)C(=O)O)C(=O)O,Fe,6.67923,4.60459,6.67923,medium pore,0.7959108035776581,0.572463768115942,0.038623713336161734,69.02855057151356,113
LARVIL,C1CNCCNC1,Cu,7.31657,7.08359,7.31657,medium pore,0.4,1.0,0.0,3.628187889865459,623
LARYIO,OC(=O)c1ccc(cc1)C(=O)O,Gd,1.96024,1.34249,1.95258,nonporous,0.9350322100159105,0.5157232704402516,0.05120903521678299,70.62743825243707,195
LARYOU,OC(=O)c1ccc(cc1)C(=O)O,Tb,1.95094,1.33942,1.90491,nonporous,0.7959582375860794,0.6598984771573604,0.03273384623493698,112.39583940347109,22
LASBIS,OC(=O)c1ccccc1SCc1ccncc1,Mn,2.62057,1.23639,2.51968,nonporous,0.7001216781077456,0.0020876826722338203,0.0,0.8411196976877007,225
LASMUP,OC(=O)c1cc(cc(c1)n1cnnc1)C(=O)O,Zn,1.76531,0.90597,1.76531,nonporous,0.7593273443563203,0.10736468500443656,0.0001857631689469763,102.37096589288092,3
LASYOU,OC(=O)c1cc(cc(c1)C(=O)O)c1cc(cc(c1)C(=O)O)C(=O)O,Cu,10.06376,3.58095,9.82463,small pore,0.5021499434517561,0.40286975717439294,0.0031420999997238525,318.45728376919374,1
LATFUI,OC(=O)c1ccc(cc1)C(=O)O,Zn,15.03569,7.93728,15.03569,medium pore,0.7647449269580425,0.6060337178349601,0.0028434547370987345,599.0994917806241,3
LATPUU,[nH]1cnnc1,Fe,1.38713,0.74799,1.38362,nonporous,0.0,1.0,0.0,0.9998112285289324,26
LAVTAF,OC(=O)c1cc(cc(c1)C(=O)O)C(=O)O,Tb,6.07957,5.60954,6.07957,medium pore,0.6559782479371316,0.5431472081218274,0.028760682331088635,91.51463221095383,22
LAWSEJ,OC(=O)[C@@H]1[C@@H](C(=O)O)[C@H](C(=O)O)[C@H]([C@@H]([C@H]1C(=O)O)C(=O)O)C(=O)O,Ba,1.73782,0.60922,1.15471,nonporous,0.4,1.0,0.0,2.8414920492350038,626
LAYWOA,OC(=O)c1cc(cc(c1)c1ccc(cc1)C(=O)O)c1ccc(cc1)C(=O)O,Cu,11.57882,9.34967,11.57303,large pore,0.44265211440487773,0.3576158940397351,0.0036775994708773702,276.08224867216893,1
LAYXAN,OC(=O)c1cc(cc(c1)c1ccc(cc1)C(=O)O)c1ccc(cc1)C(=O)O,Cu,11.81583,9.88479,11.81327,large pore,0.4424858050971703,0.3576158940397351,0.0036775994708773702,275.8945623705725,1
LEBZIE,OC=O,Yb,4.08953,2.87926,4.08953,small pore,0.4,1.0,0.0,3.9988784614919606,497
LECHUX,OC(=O)C(CC(=O)O)(CC(=O)O)O,U,3.01187,1.49037,2.82271,nonporous,0.38866375986834784,1.0,0.0,1.8366547237547826,205
LELMIA,OC(=O)c1ccc(s1)C(=O)O,Sr,2.38529,1.49042,2.38529,nonporous,0.3999600082911194,1.0,0.0,4.824327014477504,628
LEPKUO,OC(=O)c1cccc(c1)C(=O)O,Sm,5.1438,1.99001,5.1405,nonporous,0.9317118554859195,0.37777777777777777,0.06752459520343214,28.705750791048978,16
LEPLAV,OC(=O)c1cccc(c1)C(=O)O,Eu,5.13343,2.02007,5.04606,nonporous,0.8071011534717982,0.4008097165991903,0.020817921144316062,83.29694651713338,12
LESWAI,OC(=O)c1ccc2c(c1)ccc(c2)C(=O)O,La,4.39406,1.39657,4.2549,nonporous,0.5167200981958894,0.3096774193548387,0.024802199414566413,39.70618102417816,32
LETDIY,[nH]1cnnc1,Cu,1.54232,1.0392,1.28889,nonporous,0.4,1.0,0.0,18.950357608975374,38
LETVUB,n1ccc(cc1)c1ccncc1,Cu,4.95993,3.1555,4.93542,small pore,0.9416141005718374,0.579185520361991,0.03396646522962643,109.41645290091506,56
LEYLIN,OC(=O)c1ccc(cc1)c1cccc(c1)c1[nH]nnn1,Zn,2.63889,1.99099,2.63607,nonporous,0.6548924066910302,0.060337178349600715,0.00016953670869883312,57.80576460576993,3
LEZTIW,OC(=O)c1cc(c(cc1O)O)S(O)(O)O,Li,2.19747,0.92309,2.19747,nonporous,0.8,0.75,0.5,2.590157217113604,630
LIBNIU,OC(=O)c1ccc(s1)C(=O)O,Co,1.78577,0.83956,1.71446,nonporous,0.0,1.0,0.0,0.9999650161272686,631
LIBNIU01,OC(=O)c1ccc(s1)C(=O)O,Co,1.74855,0.83626,1.73903,nonporous,0.0,1.0,0.0,0.9999650161272686,631
LICDOX01,O1CCOCC1,Li,1.89669,0.97998,1.88598,nonporous,0.0,1.0,0.0,0.9999913187773776,633
LICDOX02,O1CCOCC1,Li,1.97216,0.99165,1.95359,nonporous,0.0,1.0,0.0,0.9999913187773776,633
LICSEW04,OC=O,Mg,1.84707,0.9647,1.82974,nonporous,0.3708764145070063,1.0,0.0,83.8489088238577,50
LIDSEY,OC(=O)c1cc(cc(c1)c1ccncc1)C(=O)O,Ni,5.88943,4.33166,5.87971,medium pore,0.6681320478452368,0.4270833333333333,0.014978889302323613,71.4749583870723,60
LIFWUT,Nc1cccnc1,Cd,1.89651,1.0704,1.89651,nonporous,0.0,1.0,0.0,0.9987825073654852,567
LIGQEA,OC(=O)c1ccc(cc1)c1cc(cc(c1)c1ccc(cc1)C(=O)O)c1ccc(cc1)C(=O)O,Cu,15.98512,1.64829,15.97821,nonporous,0.41544325159999673,0.3355408388520971,0.0038658769279162107,257.7282411938987,1
LIHREA,[nH]1cnnc1,Zn,2.96103,2.44061,2.9505,small pore,0.4,1.0,0.0,4.998804904027491,380
LIJWOR03,OC=O,Mn,1.82611,1.02588,1.81727,nonporous,0.3975581958309022,1.0,0.0,177.91213692038016,24
LINJEX,C(Cn1cncc1)CCn1cncc1,Mn,4.8819,1.90441,4.8819,nonporous,1.0000000000000002,1.0,0.011904761904761904,7.403603020091754,179
LIPZES,OC(=O)c1ccc(cc1)C(=O)O,Pb,3.90979,1.62172,3.90979,nonporous,0.7359266524377239,0.5732484076433121,0.03283538018093276,79.0506865454677,127
LIQFEY,OC(=O)c1cc(C#Cc2cc(cc(c2)C(=O)O)C(=O)O)cc(c1)C(=O)O,Cd,5.32747,3.70757,5.32747,small pore,0.5059718363909356,0.1271604938271605,0.00016600999946014364,87.53384618245755,69
LIRTUC,OC(=O)[C@H]1CC[C@@](C1(C)C)(C)C(=O)O,Cd,5.83831,3.6143,5.8313,small pore,0.3973636892340835,1.0,0.0,5.832636909040087,578
LIRVAK,n1ccc(cc1)c1ccncc1,Cu,6.81515,5.45904,6.70788,medium pore,0.8960009163374045,0.5656108597285069,0.029824441055114056,106.95549906264621,56
LIVTEP,N#Cc1cc(C#N)c(cc1C#N)C#N,Cu,5.05172,4.27745,5.04927,medium pore,0.399987774108169,1.0,0.0,5.395662210830702,636
LIVWUK02,N#CC(=C(C#N)C#N)C#N,Li,2.20516,1.25068,2.20516,nonporous,0.4,1.0,0.0,6.99993889307631,637
LIVWUK04,N#CC(=C(C#N)C#N)C#N,Li,2.2058,1.25712,2.2058,nonporous,0.38872177637531424,1.0,0.0,6.999933897822795,637
LOBQAV01,OC(=O)c1ccc(cc1)C(=O)O,Tb,2.73176,1.53416,2.41049,nonporous,0.7551971808230198,0.6395939086294415,0.0259461409221269,109.17328209211463,22
LODZOU,OC(=O)c1ccc(cc1)OCc1cccnc1,Cd,2.92506,1.32883,2.5491,nonporous,0.6957449473420539,0.06296296296296296,0.0004577011046177055,42.50867848768498,69
LOJQUY,OC=O,Dy,0.84242,0.55888,0.82891,nonporous,0.4,1.0,0.0,6.999234917415449,388
LOLREL,OC(=O)c1cc(cc(c1)C(=O)O)c1cc(cc(c1)C(=O)O)C(=O)O,Tm,8.50343,6.96426,8.49169,medium pore,0.911871023713129,0.55,0.003947368421052632,9.531097987595233,19
LOMQOV,OC(=O)c1ccc(cc1)C(=O)O,Co,2.48817,1.4683,2.45044,nonporous,0.8526118153071395,0.4707602339181286,0.01654434520303449,275.5288782727775,55
LONHON,OC(=O)c1ccc(cc1)C(=O)O,Pb,4.42671,1.57573,4.30166,nonporous,0.7354370349614756,0.5732484076433121,0.03283538018093276,78.95475505432188,127
LONVER,N1=Nc2c(=N1)cc1c(=NN=N1)c2,Mn,11.04029,9.9815,11.04029,large pore,0.0,1.0,0.0,1.9976317293657369,639
LONVIV,N1=Nc2c(=N1)cc1c(=NN=N1)c2,Mn,9.13974,6.81937,9.13974,medium pore,0.4,1.0,0.0,1.9990453501840788,639
LOQLIN,OC(=O)c1ccc(cc1)C(=O)O,Ga,14.25431,13.93335,14.24471,large pore,0.7785846689959843,0.8888888888888888,0.0045368574780339475,22.297469591154663,227
LORFED02,N#CC(C#N)C#N,Cr,1.58371,1.20837,1.58285,nonporous,0.31889085769653325,1.0,0.0,1.9999999932925339,640
LORGAA04,N#CC(C#N)C#N,Co,1.5844,1.17453,1.57924,nonporous,0.38380189063027503,1.0,0.0,2.999995277483752,641
LORGAA05,N#CC(C#N)C#N,Co,1.5545,1.14947,1.54999,nonporous,0.4,1.0,0.0,2.999995622263318,641
LOSKUA,OC=O,Nd,0.92909,0.64137,0.91338,nonporous,0.0,1.0,0.0,0.9999999920260448,642
LOSKUA01,OC=O,Nd,0.93012,0.64219,0.91491,nonporous,0.0,1.0,0.0,0.9999999920260448,642
LOWREW,OC(=O)CCCCCCCC(=O)O,K,1.92965,0.91571,1.92965,nonporous,0.4,1.0,0.0,1.9350015769497588,458
LUCDAO,OC(=O)c1ccc2c(c1)ccc(c2)C(=O)O,Eu,6.56421,4.95848,6.5559,medium pore,0.7816322728438041,0.3603238866396761,0.0038730815140881644,75.03281034477503,12
LUDLED,OC(=O)c1cc(cc(c1)C(=O)O)C(=O)O,Cu,11.08865,5.21054,11.08865,medium pore,0.7092693775171325,0.5695364238410596,0.004475409730642579,448.7790260540013,1
LUDLIH,OC(=O)c1cc(cc(c1)C(=O)O)C(=O)O,Cu,11.1007,5.25092,11.00402,medium pore,0.7106377441178251,0.5706401766004415,0.004492508739350556,449.6078756838862,1
LUDRUZ,C(Cn1cncc1)CCn1cncc1,Cd,5.22878,2.45714,5.04818,small pore,0.7214309726030271,0.696969696969697,0.0763212481962482,20.268342208513886,430
LUFNAC,OC(=O)c1cc(NCc2ccncc2)cc(c1)C(=O)O,Mn,7.35171,3.46226,7.03845,small pore,0.4461447137836537,0.12943632567849686,3.237545062483804e-05,52.96231329516447,225
LUFNAC04,OC(=O)c1cc(NCc2ccncc2)cc(c1)C(=O)O,Mn,7.55503,3.86816,7.55503,small pore,0.6947004679859824,0.13152400835073066,3.9112803213405944e-05,53.782919047433445,225
LUGLUU,n1ccc(cc1)c1nnn[nH]1,Zn,1.93154,1.44106,1.92519,nonporous,0.9358164014631474,0.2328767123287671,0.2321965018210037,28.574416070517366,128
LULGIJ,O=C(c1ccncc1)NNC(=O)c1ccncc1,Cd,2.5311,1.6283,2.51951,nonporous,0.5275988812378354,0.037037037037037035,0.005079055489632074,25.51947489943492,69
LUMQOB,Oc1ccc(cc1/C=N/CC(=O)O)Cl,Cu,4.72926,2.71704,4.72926,small pore,0.4,1.0,0.0,4.379710579760778,339
LUSHOX05,OC(=O)c1ccc(cc1)C(=O)O,Mn,2.78,1.42194,2.63365,nonporous,0.6993528705292935,0.5490605427974947,0.017816210270589005,226.8808193969795,225
LUWKIZ,OC(=O)c1ccc2c(c1)ccc(c2)C(=O)O,Cd,6.65254,3.96942,6.60585,small pore,0.3983403887884607,0.2617283950617284,0.002054010302711388,177.43903967350388,69
LUWMEX,OC(=O)c1ccc(cc1)c1cc(cc(c1)C(=O)O)C(=O)O,La,4.51424,3.62494,4.48016,small pore,0.5586499824382343,0.3419354838709677,0.00893670487838899,45.29538615741251,32
LUXDUE,OC(=O)c1[nH]cnc1C(=O)O,Zn,12.00744,4.23916,12.0032,medium pore,1.0,0.6000000000000001,0.0,2.8054713649991654,437
LUYSOP,OC(=O)c1ccc(cc1)C(=O)O,Co,15.21554,13.85224,15.21554,large pore,0.815382925081826,0.4576023391812865,0.014683510800565297,267.5256694903342,55
MAGCEE,N#CC(NNC(C#N)(C)C)(C)C,Fe,2.69629,1.57054,2.69419,nonporous,0.0,1.0,0.0,0.9999903002090758,647
MAGCEE01,N#CC(NNC(C#N)(C)C)(C)C,Fe,2.94348,1.67196,2.94106,nonporous,0.0,1.0,0.0,0.9999903002090758,647
MAGVOG30,NCCN,Ag,3.65061,3.03835,3.65061,small pore,0.3999956527882887,1.0,0.0,35.99618682253344,4
MAGVOG31,NCCN,Ag,3.66117,3.04425,3.66117,small pore,0.4,1.0,0.0,35.996187976723434,4
MAHTAR,OC(=O)c1ccc(cc1)C(=O)O,Mn,2.63896,1.35573,2.63896,nonporous,0.52551377585731,0.5490605427974947,0.017816210270589005,226.86266137044194,225
MAJMOA04,OC=O,Co,3.69983,1.83175,3.68518,nonporous,0.3998497312419943,1.0,0.0,66.87161964488423,44
MAKSAT,OC(=O)C(=O)O,Tl,1.14567,0.51194,1.01081,nonporous,0.0,1.0,0.0,0.9979592638000784,648
MAPFIS,Oc1ccc(cc1)O,Ti,5.59648,4.1824,5.56831,medium pore,0.3825445326156259,1.0,0.06666666666666667,4.657755967835875,649
MAPHAP,OC(=O)c1ccc2c(c1)ccc(c2)C(=O)O,Yb,4.44624,2.68084,4.43733,small pore,0.5166937975049033,0.6136363636363636,0.004272311472936094,23.2284184550435,370
MAPXEH,OS(c1ccc(cc1)Oc1ccc(cc1)S(O)(O)O)(O)O,Na,2.11881,1.2918,2.11358,nonporous,0.0,1.0,0.0,1.6853841782517243,440
MAQDUD01,OC(=O)c1ccc(cc1)C(=O)O,Li,1.45874,0.94428,1.45874,nonporous,0.9767502237804897,0.8431372549019608,0.05376887240909019,37.520339420889435,158
MAQKAR01,[C]c1nnn[nH]1,Cu,4.57775,1.99554,4.57764,nonporous,0.36376328002488667,1.0,0.0,3.9906628885178907,650
MAQZUB,OC(=O)CCCCC(=O)O,Co,1.72669,1.03172,1.57638,nonporous,1.0,0.9565217391304348,0.0011625203441060219,20.200196383458625,130
MARLID,OC(=O)C/C=C/CC(=O)O,La,3.79554,1.98167,3.79393,nonporous,0.0,1.0,0.0,0.9970077354095565,652
MARLOJ,OC(=O)C/C=C/CC(=O)O,La,3.76863,2.92016,3.6531,small pore,0.0,1.0,0.0,0.9970077354095565,652
MAWBUK,OC(=O)c1c(N)c(N)c(c(c1N)N)C(=O)O,Ti,11.47278,3.81305,11.47278,small pore,0.4,1.0,0.0,3.9997075891055363,654
MAWCEV,OC(=O)c1c(N)c(N)c(c(c1N)N)C(=O)O,Ti,11.4345,3.79466,11.25518,small pore,0.3702029550768202,1.0,0.0,3.999780174145389,654
MAWTUC,C[C@H](C(=O)O)NCc1ccncc1,Zn,4.76435,4.59619,4.76435,medium pore,0.5603664405496203,0.17123287671232876,0.017420878601795,23.359012701107023,128
MAWVAK,C[C@@H](C(=O)O)NCc1ccncc1,Zn,5.05955,4.83427,5.05955,medium pore,0.5603735228479122,0.17123287671232876,0.017420878601795,23.359504961162376,128
MAWWAK05,OC(=O)c1cc(N(=O)=O)c(cc1N(=O)=O)C(=O)O,Sc,2.66239,1.304,2.63502,nonporous,0.4,1.0,0.0,7.8009690557212386,281
MAXFOI,OP(=O)(c1ccc(cc1)P(=O)(O)O)O,Nd,1.98569,1.23548,1.98025,nonporous,0.0,1.0,0.0,0.9506796179484092,657
MAXFUO,OP(=O)(c1ccc(cc1)P(=O)(O)O)O,Sm,1.73318,0.96628,1.73318,nonporous,0.0,1.0,0.0,0.9506170459253876,658
MAXGEZ,OP(=O)(c1ccc(cc1)P(=O)(O)O)O,Gd,1.83829,1.09039,1.79724,nonporous,1.0,1.0,1.0,1.7762901482969018,486
MAXGOJ,OP(=O)(c1ccc(cc1)P(=O)(O)O)O,Dy,1.74175,1.09152,1.74175,nonporous,0.0,1.0,0.0,0.8695904109944548,488
MAXHOJ01,Nc1nnc([nH]1)N,Ag,7.81574,7.80243,7.81574,medium pore,0.0,1.0,0.0,0.999999999106929,659
MAXHOJ02,Nc1nnc([nH]1)N,Ag,7.99097,7.97883,7.99097,medium pore,0.0,1.0,0.0,0.999999999106929,659
MAYJOM,OC(=O)c1ccc(cc1)C(=O)O,In,6.51956,6.14293,6.51763,medium pore,0.7775002443012475,0.7727272727272728,0.009889965443744554,133.74852196840268,70
MEFSOI,c1ccc2c(c1)n(cn2)c1ccc(cc1)n1cnc2c1cccc2,Zn,2.19876,1.10002,2.12886,nonporous,0.943391946180995,1.0,0.052804000172421234,31.18659891312941,154
MEFZUU,OC(=O)c1cc(cc(c1)C(=O)O)/C/1=C/2\C=CC(=N2)/C(=c/2\cc/c(=C(\C3=N/C(=C(\c4[nH]c1cc4)/c1cc(cc(c1)C(=O)O)C(=O)O)/C=C3)/c1cc(cc(c1)C(=O)O)C(=O)O)/[nH]2)/c1cc(cc(c1)C(=O)O)C(=O)O,Mn,9.38957,3.60974,9.38957,small pore,0.7001272412357431,0.07724425887265135,0.004446033229256305,30.261921987625925,225
MEGNUJ,OC(=O)c1ccc(c2c1cccc2)C(=O)O,Pr,5.37753,1.76611,5.36795,nonporous,0.8977164972677559,0.14705882352941177,0.03848400201534481,12.523694413470668,96
MEGQEW,OC(=O)c1ccc(c2c1cccc2)C(=O)O,Ho,5.0835,1.88044,5.06638,nonporous,0.7489106839779938,0.08888888888888889,0.04242424242424243,3.4386002230932333,708
MEGVUQ,OC(=O)CCC(=O)O,Er,2.06752,1.31248,1.93911,nonporous,1.0,1.0,0.025,4.624802598524197,385
MEKVAA,NCCN,Mn,1.8943,0.96413,1.86027,nonporous,0.4,1.0,0.0,1.8359033319298041,662
MELHOB,Nc1nnc([nH]1)N,Cu,1.96813,1.21245,1.96813,nonporous,0.0,1.0,0.0,0.8362592849978352,581
MEQMON,N#CCCNCCC#N,Cu,2.27566,0.94826,2.27566,nonporous,0.0,1.0,0.0,0.8052051671625591,11
MESBAN,OP(=O)(CCP(=O)(O)O)O,Ga,2.00297,1.01114,1.93296,nonporous,1.0,1.0,0.05357142857142857,7.391317323024702,283
MESGEX,c1ccncn1,Ag,3.89926,1.8021,3.89926,nonporous,0.0,1.0,0.0,0.9984866156634324,663
MESGIB,c1ccncn1,Ag,4.81709,3.08862,4.81396,small pore,0.0,1.0,0.0,0.9984866156634324,663
MESNML,OC(=O)CC(=O)O,Sn,3.69609,1.53477,3.22552,nonporous,0.0,1.0,0.0,0.99948117733901,618
METJIH,OC(=O)CCCCC(=O)O,Pb,1.71722,1.14376,1.71548,nonporous,0.7363762208918336,0.09554140127388536,0.010195749049252216,13.976347896745983,127
MEWNEH,OC(=O)c1c(C(=O)O)c(C(=O)O)c(c(c1C(=O)O)C(=O)O)C(=O)O,Tm,4.01881,3.05934,4.01295,small pore,1.0,1.0,0.25,4.4210939190533765,137
MEYFOL,OC(=O)C[C@@H](C(=O)O)O,Ba,2.15038,0.73444,2.13517,nonporous,0.0,1.0,0.0,0.9990840937141136,665
MEYGAY,OC(=O)C[C@@H](C(=O)O)O,Cs,1.89482,1.00737,1.89098,nonporous,0.0,1.0,0.0,0.9999302770009556,125
MIBQAR,OC(=O)c1ccc(cc1)C(=O)O,Zn,15.10806,7.9588,15.06969,medium pore,0.7614852352772821,0.6060337178349601,0.0028434547370987345,599.0971595540236,3
MIBQAR01,OC(=O)c1ccc(cc1)C(=O)O,Zn,15.09714,7.9644,15.09044,medium pore,0.7593386864520117,0.6060337178349601,0.0028434547370987345,599.0977866942737,3
MIBQAR06,OC(=O)c1ccc(cc1)C(=O)O,Zn,15.06423,7.96658,14.95738,medium pore,0.7593701473485613,0.6060337178349601,0.0028434547370987345,599.1254200003665,3
MICDIL,NCCN,Mn,2.03661,1.33617,1.82179,nonporous,0.3998848237345449,1.0,0.0,1.8358570197516406,662
MIDBIM,n1ccc(cc1)NNc1ccncc1,Mn,2.47081,1.33303,2.31425,nonporous,0.685329713587053,0.014613778705636741,0.0,5.752290505234709,225
MIDCUZ,OC(=O)c1ccc(cc1)c1c(C)c(C)c(c(c1C)C)B(c1c(C)c(C)c(c(c1C)C)c1ccc(cc1)C(=O)O)c1c(C)c(C)c(c(c1C)C)c1ccc(cc1)C(=O)O,Zn,9.94851,2.11879,9.94851,nonporous,0.7044921293493198,0.13842058562555457,4.4633761348161766e-05,129.2794820113688,3
MIHHIU,COc1ccc2c(c1)c(ccn2)[C@H]([C@@H]1C[C@@H]2CCN1C[C@@H]2C(=O)O)O,Cd,5.23062,3.47968,5.22793,small pore,0.4,1.0,0.0,1.9999108725655463,668
MIHHUG,COc1ccc2c(c1)c(ccn2)[C@H]([C@@H]1C[C@@H]2CCN1C[C@@H]2C(=O)O)O,Cd,5.16239,3.29337,5.16239,small pore,0.26153921857476237,1.0,0.0,1.9998977601968488,668
MILQIJ,OC(=O)[C@@H]1CC[C@H](CC1)C(=O)O,Al,4.64028,4.00451,4.64028,medium pore,1.0,1.0,0.00510204081632653,7.707211067860201,426
MIMCOD,OC(=O)c1cc(COc2ccccc2C(=O)O)cc(c1)C(=O)O,Gd,3.15184,1.35913,3.13038,nonporous,0.9350197614945522,0.07547169811320756,0.04977467552859409,9.672764561408192,195
MIMVEJ,OC(=O)c1cccnc1,Zn,4.74394,4.29235,4.60219,medium pore,0.7489839405999352,0.1481810115350488,0.002991403956106395,136.76889847174007,3
MINBEQ,OC(=O)c1ccc(cc1)N,Cd,1.82121,1.23946,1.73467,nonporous,0.43002233234954657,0.24814814814814815,0.006992703144750034,167.20152376371666,69
MINKOL,OC(=O)[C@@H](n1c(=O)c2cccc3c2c(c1=O)ccc3)C,Na,2.20531,0.89136,2.19071,nonporous,0.4,1.0,0.0,1.9997453756585695,671
MINKUR,OC(=O)[C@@H](n1c(=O)c2cccc3c2c(c1=O)ccc3)C,Na,2.06223,0.8496,1.9205,nonporous,0.3096346796060971,1.0,0.0,1.9998438488565617,671
MINVUA,OC(=O)[C@@H]1CC[C@H](CC1)C(=O)O,Cr,7.0069,6.54349,7.0069,medium pore,0.0,1.0,0.0,0.9999999469721744,672
MINVUA01,OC(=O)[C@@H]1CC[C@H](CC1)C(=O)O,Cr,7.00077,6.54702,7.00077,medium pore,0.0,1.0,0.0,0.9999999469721744,672
MIRGIG,OC(=O)c1ccc(cc1)c1cc(cc(c1)C(=O)O)C(=O)O,Gd,8.88493,8.1179,8.8825,large pore,0.4302767755447256,0.3207547169811321,0.0031879210680617835,44.04965200186373,195
MIRNOR,n1ccc(cc1)c1ccncc1,Cu,1.82416,1.11952,1.81904,nonporous,0.9415642716690075,0.579185520361991,0.03396646522962643,109.4029225158583,56
MIRNOR01,n1ccc(cc1)c1ccncc1,Cu,1.81172,1.12422,1.8099,nonporous,0.9415788825931363,0.579185520361991,0.03396646522962643,109.40688992068301,56
MITSAK,OC(=O)c1cc(cc(c1)C(=O)O)C(=O)O,Cd,6.11636,4.97088,6.11301,medium pore,0.6653645397319534,0.408641975308642,0.007679688705657743,282.5330560702126,69
MITSIS,OC(=O)c1cc(cc(c1)C(=O)O)C(=O)O,Cd,7.96884,6.53131,7.96838,medium pore,0.6744817308123157,0.4074074074074074,0.0075975821104921374,281.706265481056,69
MITSUE,OC(=O)c1cc(cc(c1)C(=O)O)C(=O)O,Cd,6.56785,5.33808,6.55603,medium pore,0.677124927675687,0.408641975308642,0.007679688705657743,282.5311926431965,69
MITTAL,OC(=O)c1cc(cc(c1)C(=O)O)C(=O)O,Cd,6.62354,4.38431,6.61706,medium pore,0.7089916475067751,0.41975308641975306,0.00916318572108121,290.0848086721463,69
MIVCAW,s1p2sp3p1p3s2,Cu,1.83063,0.92291,1.31045,nonporous,0.014728226477654972,1.0,0.0,1.9927112019543072,674
MIVCEA,s1p2sp3p1p3s2,Cu,3.30971,2.17591,3.28469,nonporous,0.4,1.0,0.0,1.9940908052607038,674
MIVFOO,n1nnc([nH]1)c1cc(cc(c1)c1n[nH]nn1)c1nnn[nH]1,Mn,15.59545,6.20287,15.59545,medium pore,0.6752401560024375,0.025052192066805843,7.241329060017291e-05,11.036340088024955,225
MIXZOK,OC(=O)c1ccc(cc1)c1cc(cc(c1)c1ccc(cc1)C(=O)O)c1cc(cc(c1)c1cc(cc(c1)c1ccc(cc1)C(=O)O)c1ccc(cc1)C(=O)O)c1cc(cc(c1)c1ccc(cc1)C(=O)O)c1ccc(cc1)C(=O)O,Ni,11.78867,8.76829,11.78327,large pore,0.7157776080297189,0.40104166666666663,0.055026838114238086,65.66968169786138,60
MNFORD03,OC=O,Mn,1.78489,0.98638,1.77817,nonporous,0.3978012994099345,1.0,0.0,177.90806571552966,24
MNMLTH,OC(=O)C[C@H](C(=O)O)O,Mn,2.29187,1.70339,2.24155,nonporous,0.4,1.0,0.0,8.503347524077853,222
MOBDIR,OC(=O)c1cccc(c1)C(=O)O,Cu,3.70384,2.29795,3.70384,nonporous,0.4066470608598237,0.32671081677704195,0.00487538755385906,249.29650406736724,1
MODWUX01,OC(=O)CCC(=O)O,Ni,2.54858,1.77493,2.54858,nonporous,0.3867846503568771,1.0,0.0,3.7643946310407883,536
MOFGOE,OC(=O)c1cccc(c1)C(=O)O,Cu,3.70777,2.29961,3.70777,nonporous,0.40664728767298847,0.32671081677704195,0.00487538755385906,249.29676003454446,1
MOGNAY,OC(=O)c1ncccc1C(=O)O,Tb,5.99479,4.8264,5.97896,medium pore,0.004822339916541307,0.3333333333333333,0.0,1.7026638193715007,718
MOHLIF,OC(=O)c1cc(/N=N\c2cc(cc(c2)C(=O)O)C(=O)O)cc(c1)C(=O)O,Zn,2.08241,1.0779,2.07679,nonporous,0.7592938455821565,0.25820763087843834,0.00029637705883396424,243.59482545427574,3
MOHSAF,OC(=O)c1ccc(cc1)c1ccc(cc1)c1nnn[nH]1,Cd,2.49496,0.8511,2.49496,nonporous,0.6957026637306445,0.11481481481481481,0.011953016411257475,78.07628201318883,69
MOLTEN,OC(=O)CCCCCCC(=O)O,Ni,2.51355,1.05848,2.09888,nonporous,0.4,1.0,0.0,3.6264719617166525,536
MOXDEJ,OC(=O)c1cccc(c1)C(=O)O,Co,3.88879,2.25092,3.87522,nonporous,0.5126875070250962,0.3055555555555555,0.006957376193663452,175.3338944971218,55
MOXDIN,OC(=O)c1ccc(cc1)C(=O)O,Co,6.88486,5.60834,6.87795,medium pore,0.8282712829069148,0.4619883040935672,0.015325413512741802,270.38520250265464,55
MOXDIN01,OC(=O)c1ccc(cc1)C(=O)O,Co,6.87631,5.61485,6.86935,medium pore,0.8282599202776171,0.4619883040935672,0.015325413512741802,270.37739843520296,55
MOXDOT,OC(=O)c1ccc(cc1)c1ccc(cc1)C(=O)O,Co,6.99474,4.90083,6.99249,medium pore,0.5646456500267985,0.3435672514619883,0.005731152251230822,202.09940826214392,55
MOXDOT01,OC(=O)c1ccc(cc1)c1ccc(cc1)C(=O)O,Co,6.98839,4.88256,6.98611,medium pore,0.5646499841269205,0.3435672514619883,0.005731152251230822,202.1023850036012,55
MOXGAI,Cc1[nH]nc(c1Cc1c(C)n[nH]c1C)C,Zn,3.41614,1.87932,3.41557,nonporous,0.2665409933170736,1.0,0.0,1.8087985329356704,676
MOXNIY,OC(=O)[C@H]1CC[C@@](C1(C)C)(C)C(=O)O,Mn,5.20828,4.58005,5.18499,medium pore,0.4,1.0,0.0,4.987289776670087,634
MOXNUK,OC(=O)[C@H]1CC[C@@](C1(C)C)(C)C(=O)O,Co,5.04646,4.16361,5.04099,medium pore,0.3929799903666613,1.0,0.0,5.867908551565956,619
MOYVIG,OC(=O)c1cc(cc(c1)C(=O)O)C(=O)O,Tl,2.05091,1.2372,1.62488,nonporous,0.9999999999999999,0.5,0.7333333333333333,2.4774119674247457,678
MUDTAH,OC(=O)c1cc(C#Cc2cc(C#Cc3cc(cc(c3)C(=O)O)C(=O)O)cc(c2)C#Cc2cc(cc(c2)C(=O)O)C(=O)O)cc(c1)C(=O)O,Zn,18.89539,5.20769,18.89539,medium pore,0.765097327367205,0.14463176574977818,2.5518292554602707e-05,139.37708981326338,3
MUFYAP,OC(=O)c1nc(C(=O)O)c(nc1C(=O)O)C(=O)O,Gd,3.92613,2.9546,3.92613,small pore,0.0,0.3333333333333333,0.0,0.8256320443778025,686
MUHQAH,Cc1ncc(nc1)C,Cu,2.54082,1.30862,2.30644,nonporous,0.7969442577652412,0.2,0.09824561403508769,3.6990705756524638,341
MULQOA,OC(=O)C1=NC=N[C@@H]1C(=O)O,Zn,5.82737,5.15312,5.82066,medium pore,0.0,1.0,0.0,0.9949220315451144,462
MUMBIH,OC(=O)CN(c1ccc(cc1)C(=O)O)CC(=O)O,Mn,1.98076,1.04507,1.97375,nonporous,0.4626231119271915,0.06263048016701461,6.677515986628662e-06,25.08167248723717,225
MUQNOC,OC(=O)/C=C/c1cccnc1,Mn,2.18004,1.31651,2.12246,nonporous,0.8162790124127794,0.016701461377870562,0.004407587777999224,6.628386507316604,225
MUQSUM,OP(=O)(Cc1ccc(cc1)CP(=O)(O)O)O,Cd,2.03886,1.43603,2.03886,nonporous,0.18644274586891785,1.0,0.0,1.7450867696687047,474
MURCEH,OC(=O)c1cc(C(=O)O)c(cc1C(=O)O)C(=O)O,Cu,1.82714,0.93769,1.82714,nonporous,0.354738212808704,0.13245033112582782,0.002449802280992305,101.28935432814093,1
MURREW,OC(=O)c1ccncc1,Cu,2.69135,1.77849,2.61149,nonporous,0.3531552983962366,0.2869757174392936,0.0029308854523303596,219.58534821675082,1
MUTDEM,c1ccc(nc1)[C@@H]1NNC(=N1)c1nnc[nH]1,Fe,7.7486,3.51419,7.7486,small pore,0.0,1.0,0.0,1.6387609910409924,580
MUWQEB,n1nnc([nH]1)c1cc(cc(c1)c1n[nH]nn1)c1nnn[nH]1,Fe,15.66484,6.4028,15.66484,medium pore,0.4,1.0,0.0,5.823261597108135,444
MUXVIM,OC(=O)c1cc(c2ccc(cc2)C(=O)O)c(cc1c1ccc(cc1)C(=O)O)C(=O)O,Cd,2.11168,1.12193,1.77284,nonporous,0.38550090522335845,0.24691358024691357,0.0028762750478208694,167.2462493970304,69
MUYKOH,OC(=O)CC(CC(=O)O)CC(=O)O,Gd,3.14734,1.45574,3.1211,nonporous,0.0,1.0,0.0,0.8199212135133718,682
NADKEK,[C][C@H]1CN(CCN1CP(=O)(O)O)CP(=O)(O)O,Y,6.65973,3.49109,6.65973,small pore,0.0,1.0,0.0,0.9995519714592332,683
NADKIO,[C][C@H]1CN(CCN1CP(=O)(O)O)CP(=O)(O)O,Y,6.54235,4.07369,6.54235,medium pore,0.0,1.0,0.0,0.9995519714592332,683
NAFUMA13,OC(=O)/C=C/C(=O)O,Na,1.56585,0.75052,1.53381,nonporous,0.3945600207691314,1.0,0.0,3.9999575371612446,685
NAFUMA14,OC(=O)/C=C/C(=O)O,Na,1.57775,0.76291,1.55192,nonporous,0.4,1.0,0.0,3.9999533381089,685
NAHCIT02,OC(=O)C(CC(=O)O)(CC(=O)O)O,Na,2.17618,0.80853,2.17618,nonporous,0.2678541215646874,1.0,0.0,1.9982793079032959,53
NAHGUB,OC(=O)c1cc(cc(c1)c1nnn[nH]1)C(=O)O,Zn,4.04117,2.88043,3.98198,small pore,0.7593296720501432,0.10913930789707188,0.0005756701687989633,103.5815537624112,3
NAHHAI,OC(=O)c1cc(cc(c1)c1nnn[nH]1)C(=O)O,Cd,5.0347,3.28129,5.02011,small pore,0.456069591503556,0.10864197530864197,0.006819641705124949,74.02596711433175,69
NAHNLA10,OC(=O)CN(CC(=O)O)CC(=O)O,Na,1.78932,0.62834,1.73791,nonporous,0.0,1.0,0.0,1.8436793328416063,492
NAHQAQ,O=C1CC(=O)NC(=O)N1,Cs,2.08866,1.09383,2.03455,nonporous,0.4,1.0,0.0,1.8573469133805276,520
NAHQEU,O=C1CC(=O)NC(=O)N1,Cs,2.01189,0.97182,2.0023,nonporous,0.39829876831579014,1.0,0.0,1.8567386208993164,520
NAHQUK,O=C1CC(=O)NC(=O)N1,Rb,1.97872,0.97101,1.94658,nonporous,0.4,1.0,0.0,2.857273362270549,519
NAMDOV,OC(=O)c1cccc(c1)C(=O)O,La,2.45446,1.4227,2.44499,nonporous,0.5218840832538955,0.3032258064516129,0.03265161320380089,39.685221549723344,32
NAOXAL06,OC(=O)C(=O)O,Na,0.02233,0.0,0.00998,nonporous,0.4,1.0,0.0,14.946492715223943,687
NAOXAL09,OC(=O)C(=O)O,Na,0.47002,0.0,0.45413,nonporous,0.399869771254555,1.0,0.0,14.983683790417782,687
NARTUX,O=C(c1cc(cc(c1)C(=O)NCC(=O)O)C(=O)NCC(=O)O)NCC(=O)O,Ca,3.98788,2.12287,3.97694,nonporous,0.0,1.0,0.0,0.8175123449956123,324
NASGEV,n1ccc(cc1)c1nnn[nH]1,Zn,2.10371,1.3286,2.10371,nonporous,0.9363269203630118,0.2328767123287671,0.2321965018210037,28.60990004076961,128
NASROR,OC(=O)c1cc(cc(c1)C(=O)O)c1c(C)c(C)c(c(c1C)C)c1cc(cc(c1)C(=O)O)C(=O)O,Zn,9.03426,4.96946,9.03426,medium pore,0.7017918741522957,0.16149068322981366,5.546587138849245e-05,155.16817354546347,3
NATFAS,OC(=O)c1cc(C(=O)O)c(cc1C(=O)O)C(=O)O,Zn,6.53453,3.93626,6.51368,small pore,0.7593331340257045,0.14995563442768411,0.0014208018614540582,145.01957440598514,3
NAVYOA,OC(=O)C(=O)O,Sm,1.78429,0.92568,1.78429,nonporous,0.4,1.0,0.0,2.8520752305430457,369
NAXKOO02,OC(=O)c1ccc(c(c1)N)C(=O)O,Al,3.34841,2.90732,3.26505,small pore,0.7159973047759123,0.463768115942029,0.013914410561948878,26.843865432255065,183
NEBMEP,OC(=O)c1ccc(c2c1cccc2)C(=O)O,Cd,2.03545,1.3438,1.96455,nonporous,0.7002290774295746,0.03950617283950617,0.0014503325831380306,26.75720288018478,69
NEGXIJ,O=C([C@@H]1CCCN1C(=O)CNC(=O)c1cccnc1)N1CCC[C@H]1C(=O)Nc1cccnc1,Ag,11.43849,10.77498,11.43849,large pore,0.0,1.0,0.0,1.9998599147473715,688
NEHZOS,OC(=O)c1cc(cc(c1)C(=O)O)C(=O)O,Cu,11.41331,8.64031,11.41331,large pore,0.704993821534107,0.5640176600441501,0.005252298717128993,444.350017585731,1
NEHZUY,OC(=O)c1cc(cc(c1)C(=O)O)C(=O)O,Cu,13.30414,10.12084,13.30414,large pore,0.7049706044795236,0.5640176600441501,0.005252298717128993,444.32381626742375,1
NERVAJ,Cc1c(COc2cccc(c2)C(=O)O)c(C)c(c(c1COc1cccc(c1)C(=O)O)C)COc1cccc(c1)C(=O)O,Zn,12.55163,3.49733,10.9397,small pore,0.7593494866529955,0.018633540372670808,3.157339018049121e-06,17.916796375296897,3
NETHOJ,OC(=O)/C=C/C(=O)O,Dy,3.91627,3.43767,3.91532,small pore,0.4,1.0,0.0,1.8015981972391732,621
NEWPUB01,OC(=O)C/C(=C\C(=O)O)/C(=O)O,Cd,2.8256,1.01335,2.8256,nonporous,0.4,1.0,0.0,1.9999684270516371,690
NEWPUB02,OC(=O)C/C(=C\C(=O)O)/C(=O)O,Cd,2.69854,0.94114,2.68571,nonporous,0.3061307152849622,1.0,0.0,1.9999619110537261,690
NEXXIZ,[C]N(c1ccc(cc1)C(=O)O)c1ccc(cc1)C(=O)O,Li,9.74249,9.2201,9.74249,large pore,0.2125319742726247,0.1568627450980392,0.0,6.75420918137751,158
NIBPUM,OC(=O)[C@@H]1SC2=C(S1)S[C@@H](S2)C(=O)O,Zn,17.28941,9.15283,17.2863,large pore,0.0,1.0,0.0,0.802764957866502,691
NICZAA01,c1ncn(c1)Cc1c(Cn2cncc2)c(Cn2cncc2)c(c(c1Cn1cncc1)Cn1cncc1)Cn1cncc1,Cd,5.41994,3.81716,5.41947,small pore,0.7582194965528299,0.7575757575757576,0.05954266692903059,21.74228333499605,430
NIFQIF,Cc1ncc[nH]1,Zn,11.23311,3.77918,11.23311,small pore,0.8153078373651863,0.967741935483871,0.0030624534388848813,81.4951308547989,353
NIFSUT,Cc1ncc[nH]1,Zn,11.565,3.97778,11.565,small pore,0.9993571467013123,0.967741935483871,0.0030624534388848813,81.49568607537974,353
NIGFOZ,OC(=O)c1cc(cc(c1)C(=O)O)C(=O)O,Tb,4.24126,1.62722,4.24126,nonporous,0.6595419994442652,0.5431472081218274,0.030020183300971726,91.47821615286531,22
NIGHOA,c1ncn(c1)CCn1cncc1,Cu,4.59355,3.15186,4.5919,small pore,0.534516544318355,0.3684210526315789,0.049707602339181284,5.990096901723201,245
NIGNUO,OC(=O)c1ccc(cc1)c1cc(cc(c1)c1ccc(cc1)C(=O)O)c1ccc(cc1)C(=O)O,Co,16.88745,3.10564,16.88037,small pore,0.4733586159523653,0.30116959064327486,0.0031350577600365594,174.46402321723235,55
NIGPAW,OC(=O)c1ccc(cc1)c1cc(cc(c1)c1ccc(cc1)C(=O)O)c1ccc(cc1)C(=O)O,Co,15.21973,3.80136,15.21973,small pore,0.4837810677666914,0.3070175438596491,0.0032576534696625594,178.27810730778026,55
NIGPEA,OC(=O)c1ccc(cc1)c1cc(cc(c1)c1ccc(cc1)C(=O)O)c1ccc(cc1)C(=O)O,Co,10.42389,9.24875,10.42389,large pore,0.4823317996993628,0.30994152046783624,0.002496758729375472,180.8195963147376,55
NIHBAI01,OC=O,Fe,4.75768,3.68765,4.75768,small pore,0.39308930479037374,1.0,0.0,84.8631745337258,43
NIHBEM01,OC=O,Fe,4.86963,3.68768,4.86529,small pore,0.3978232966515407,1.0,0.0,84.8785490112887,43
NIKHAS,OC(=O)c1ccc(cc1)c1c(c2ccccc2)c(c2ccc(cc2)C(=O)O)c(c(c1c1ccccc1)c1ccc(cc1)C(=O)O)c1ccccc1,Zn,5.20773,4.17563,5.14858,medium pore,0.6848138879012856,0.27062999112688557,0.00017872441231371537,259.5764751716225,3
NILBUH,OC(=O)c1ccc(cc1)Oc1ccccc1C(=O)O,Eu,2.50402,1.37107,2.41649,nonporous,0.8021144907698192,0.10526315789473684,0.002953368451421518,21.930825496564044,12
NILCIW,OC(=O)c1ccc(cc1)Oc1ccccc1C(=O)O,Dy,2.72295,1.32962,2.72295,nonporous,0.8653119864579413,0.1415929203539823,0.0012457281740494437,13.483424474662227,181
NINVAI,OC(=O)c1cc(cc(c1)C(=O)O)C(=O)O,Fe,11.26744,4.85167,11.25966,medium pore,0.7904899565923545,0.572463768115942,0.03782985693724399,68.82444271887766,113
NIPHAY,O=c1c2ccc3c4c2c(c(=O)n1c1c(C)n[nH]c1C)ccc4c(=O)n(c3=O)c1c(C)n[nH]c1C,Cu,9.0116,6.19846,7.1705,medium pore,0.3743663796481087,1.0,0.0,2.990969573733231,449
NIRBOG,C(Cn1cncc1)CCn1cncc1,Ni,4.7221,1.82863,4.7221,nonporous,0.0,1.0,0.0,0.9335228303688629,692
NIRCUO,O[C@H]([C@@H](C(=O)O)O)C(=O)O,Li,1.72786,0.95917,1.47277,nonporous,0.39709530099501084,1.0,0.0,22.97576339768063,693
NIRGAY,OC(=O)c1ccc(cc1)OCc1c(C)c(COc2ccc(cc2)C(=O)O)c(c(c1C)COc1ccc(cc1)C(=O)O)C,Mn,8.19179,4.59715,8.19179,medium pore,0.8163718930709589,0.07306889352818371,0.00017276518714983994,29.205697436251945,225
NIRZAQ,OC(=O)c1ccc(cc1)C(=O)O,Zn,15.03119,7.99209,15.03119,medium pore,0.7593561002371201,0.6060337178349601,0.0028434547370987345,599.1303406634196,3
NIWQIV,OC(=O)c1ccc(cc1)C(=O)O,Ni,1.7015,0.7947,1.69943,nonporous,0.9631169980474028,0.47916666666666663,0.11188020986636037,78.06700858677951,60
NIWYID,OC(=O)c1cc(cc(c1)C(=O)O)C(=O)O,Zn,5.21269,3.60275,5.19714,small pore,0.7565104698208038,0.546583850931677,0.003596683143786082,534.4807691044626,3
NIWYOJ,OC(=O)c1cc(cc(c1)C(=O)O)C(=O)O,Zn,7.55697,6.21639,7.54474,medium pore,0.7018425206118031,0.543921916592724,0.00353863819809347,531.4090534915348,3
NIWZIE08,OC=O,Mg,2.95087,2.38345,2.95087,nonporous,0.3666093788633134,1.0,0.0,83.866103344565,50
NIWZIE09,OC=O,Mg,2.94829,2.40622,2.94829,small pore,0.3624233008011743,1.0,0.0,83.85858837509524,50
NIWZIE13,OC=O,Mg,2.937,2.45268,2.937,small pore,0.4,1.0,0.0,83.84029850911718,50
NIWZIE17,OC=O,Mg,2.95696,2.47171,2.95696,small pore,0.357996605114522,1.0,0.0,83.83949137161615,50
NIYJAI,CC(c1cc2Sc3cc(cc(c3OCc3cccnc3)Sc3cc(cc(Sc4c(c(Sc(c1)c2OCc1cccnc1)cc(c4)C(C)(C)C)OCc1cccnc1)c3OCc1cccnc1)C(C)(C)C)C(C)(C)C)(C)C,Cd,5.86863,4.46882,5.70658,medium pore,0.0,1.0,0.0,0.8735377758509957,694
NIYJEM,CC(c1cc2Sc3cc(cc(c3SCc3cccnc3)Sc3cc(cc(Sc4c(c(Sc(c1)c2SCc1cccnc1)cc(c4)C(C)(C)C)SCc1cccnc1)c3SCc1cccnc1)C(C)(C)C)C(C)(C)C)(C)C,Cd,5.03609,2.21453,4.97954,nonporous,0.0,1.0,0.0,0.8735377758509957,694
NOBLUM01,OC(=O)CSc1nnc(s1)SCC(=O)O,Cd,1.69052,0.99428,1.67552,nonporous,0.39605581211362734,1.0,0.0,3.999938423315595,695
NOCKOG,OC(=O)c1ccc(cc1)C(=O)O,Mg,2.63749,1.33685,2.5467,nonporous,0.8162985722095855,0.6548672566371682,0.04728324630209498,63.621723079292714,226
NODKAT,OC(=O)[C@H]1CC[C@@](C1(C)C)(C)C(=O)O,In,4.87174,3.58316,4.87174,small pore,0.4,1.0,0.0,5.998001773013696,305
NOFDUI,OC(=O)[C@H]1CC[C@@](C1(C)C)(C)C(=O)O,Co,4.93531,4.06199,4.92703,medium pore,0.4,1.0,0.0,5.868074564005242,619
NOFHOG,OC(=O)c1ccc(cc1)C#Cc1ccc(cc1)C(=O)O,Eu,6.57548,4.73137,6.56425,medium pore,0.8252154640857889,0.26720647773279355,0.002214068424532186,56.05417295954463,12
NOFRAC,OC(=O)c1cc(cc(c1)S(O)(O)O)C(=O)O,Pb,2.68448,0.86712,2.68448,nonporous,0.48955019025390356,0.10828025477707007,0.00021624667057264794,14.609130031245785,127
NOLRIR,OC(=O)c1ccc(cc1)c1ccc(cc1)c1cc(cc(c1)C(=O)O)C(=O)O,Cd,4.87159,1.30751,4.86501,nonporous,0.4872995229220053,0.3172839506172839,0.0025252622710840488,218.1403806209455,69
NOMPIQ,OC(=O)c1ccc(cc1)c1cncc(c1)c1ccc(cc1)C(=O)O,Co,2.65143,1.45491,2.65143,nonporous,0.38133870694551986,0.25,0.0014368886647835965,144.48780181805364,55
NOMPIQ01,OC(=O)c1ccc(cc1)c1cncc(c1)c1ccc(cc1)C(=O)O,Co,2.65831,1.46326,2.64561,nonporous,0.3813455369944169,0.25,0.0014368886647835965,144.49249282406063,55
NOPXOH,OC(=O)c1cccc(c1O)C(=O)O,Mn,5.57494,2.07695,5.57494,nonporous,0.5866824275057614,0.052192066805845504,0.01100504461522102,20.381610728361572,225
NOQLOV,OC(=O)C(=O)O,In,3.75981,2.76554,3.75981,small pore,0.4,1.0,0.0,7.995757885092305,148
NOTRUL,N#CNC#N,Cd,7.02939,5.37358,7.02393,medium pore,0.4,1.0,0.0,11.989227559300726,406
NOXMAQ,OC(=O)c1ccc(cc1)c1ccc(cc1)C(C(c1ccc(cc1)c1ccc(cc1)C(=O)O)c1ccc(cc1)c1ccc(cc1)C(=O)O)c1ccc(cc1)c1ccc(cc1)C(=O)O,Zn,8.12882,7.78055,8.1118,medium pore,0.7400723787569066,0.2342502218278616,2.620608547146869e-05,226.2423208454392,3
NOZZOT,OC(=O)c1ccc(cc1)[Si](c1ccc(cc1)C(=O)O)(c1ccc(cc1)C(=O)O)c1ccc(cc1)C(=O)O,Cd,5.22107,2.8779,5.22107,small pore,0.3967490888271645,0.2185185185185185,0.0004444495834836171,147.9998651898265,69
NUCPIM,OC(=O)c1cc(cc(c1)C(=O)O)c1ccc(c(c1)c1cc(cc(c1)C(=O)O)C(=O)O)C(=O)O,Zn,6.80799,4.08059,6.80799,medium pore,0.7593295784442321,0.19964507542147295,0.0017373453559774593,189.3552328673971,3
NUCRIN,OC(=O)c1ccc(cc1)c1nnn[nH]1,Zn,3.45665,2.11884,3.45665,nonporous,0.6883706842202635,0.15794143744454303,0.000553887878068032,149.40718890131345,3
NUCYIV,COc1cc(ccc1c1ccc(cc1OC)C(=O)O)C(=O)O,Dy,2.76034,1.51688,2.75688,nonporous,0.7601473316652451,0.1327433628318584,0.008989850728384745,12.521730165120125,181
NUDNUW09,OC=O,Fe,3.97805,1.95989,3.76909,nonporous,0.3964695323332308,1.0,0.0,84.86091148995767,43
NUDPAE01,OC=O,Fe,3.72849,2.2318,3.72849,nonporous,0.3968158118667134,1.0,0.0,84.92620057796394,43
NUDPAE02,OC=O,Fe,3.72678,2.2318,3.72678,nonporous,0.39662489157865366,1.0,0.0,84.92627598662897,43
NUDPAE07,OC=O,Fe,3.33678,1.89472,3.33678,nonporous,0.39783960856580053,1.0,0.0,84.91395388230472,43
NUDPAE11,OC=O,Fe,3.20944,1.77336,3.2075,nonporous,0.3992008507428409,1.0,0.0,84.90513418816698,43
NUFCAU,OC(=O)c1cc(c2cc(cc(c2)C(=O)O)C(=O)O)c(cc1c1cc(cc(c1)C(=O)O)C(=O)O)C(=O)O,Zn,6.3273,2.10619,6.13899,nonporous,0.6531219752261013,0.1898846495119787,0.0003051885744598337,182.84462017906992,3
NUHDIE,CCc1[nH]nc(n1)CC,Ag,2.62849,1.46027,2.05661,nonporous,0.40000000000000036,1.0,0.0,3.3619156782392516,697
NUHFAY,c1ccc(cc1)c1[nH]nc(n1)c1ccccc1,Ag,2.95345,1.55447,2.95345,nonporous,0.4,1.0,0.0,1.9893497702517404,493
NUNNUH,OC(=O)c1cc(cc(c1)C(=O)O)C(=O)O,Ni,5.80612,4.32228,5.66677,medium pore,0.6741714525359253,0.43229166666666663,0.01541580248394009,71.80625796588959,60
NUNPAP,OC(=O)c1cc(cc(c1)C(=O)O)C(=O)O,Ni,5.8279,4.33481,5.82259,medium pore,0.6742044422950029,0.43229166666666663,0.01541580248394009,71.81263017865754,60
NUVDIS,OC(=O)c1[nH]nnc1C(=O)O,Nd,3.62568,2.20348,3.62568,nonporous,0.0,1.0,0.0,0.9999801653969996,522
NUVDOY,OC(=O)c1[nH]nnc1C(=O)O,Sm,3.55973,2.12491,3.55573,nonporous,0.0,1.0,0.0,0.999966013647134,463
NUVDUE,OC(=O)c1[nH]nnc1C(=O)O,Eu,3.42566,2.14115,3.42566,nonporous,0.0,1.0,0.0,0.9999999012185498,464
NUVLOG,OC(=O)C[C@@H](C(=O)O)N,Zn,3.26146,2.2863,3.26146,nonporous,0.98125,0.8888888888888888,0.20833333333333331,6.811472367204518,196
NUYNAY,OC(=O)[C@@H]1CC[C@H](CC1)C(=O)O,Ti,5.32239,2.78524,5.32239,small pore,0.0,1.0,0.0,0.9999130393954112,698
NUYNEC,OC(=O)[C@@H]1CC[C@H](CC1)C(=O)O,Ti,8.2383,4.66409,8.2383,medium pore,0.0,1.0,0.0,0.9999130393954112,698
OBAHOR,OC(=O)c1ccc(cc1)c1[nH]c(nc1c1ccc(cc1)C(=O)O)c1ccccn1,Zn,8.04816,7.09842,8.04587,medium pore,0.4,1.0,0.0,4.999933623286073,588
OBAHUX,OC(=O)c1ccc(cc1)c1[nH]c(nc1c1ccc(cc1)C(=O)O)c1ccccn1,Zn,8.31415,7.49178,8.31415,medium pore,0.3779269036342157,1.0,0.0,4.999794951371925,588
OBIBAF,OC(=O)c1ccc(cc1)OCc1c(C)c(COc2ccc(cc2)C(=O)O)c(c(c1C)COc1ccc(cc1)C(=O)O)C,Mg,5.64829,4.07018,5.63551,medium pore,0.6774654867715131,0.04424778761061947,0.0,4.168095932869157,226
OBIVAY,OS(c1ccc2c(c1)cccc2S(O)(O)O)(O)O,Sr,2.45079,1.22486,2.3508,nonporous,1.0,0.6666666666666666,0.6666666666666666,1.6892457474029698,699
OBIXEE,OS(c1ccc2c(c1)cc(cc2)S(O)(O)O)(O)O,Sr,2.03547,0.98688,1.89218,nonporous,0.9852288226862573,0.6666666666666666,0.6666666666666666,1.6570552329898915,699
OCUMOR,OC(=O)c1cc(C(=O)O)c(c(c1)N(=O)=O)c1c(cc(cc1N(=O)=O)C(=O)O)C(=O)O,Mn,4.37729,3.06157,4.37729,small pore,0.6845252753245155,0.08350730688935282,3.7139052759108265e-05,33.40722090471342,225
OCUQIO,OC=O,Cu,4.12457,2.35575,4.10997,nonporous,0.3993320965666953,1.0,0.0,66.93911074863675,46
OCUQIO02,OC=O,Cu,4.17188,2.38872,4.16801,nonporous,0.39817915789317343,1.0,0.0,66.93939389556049,46
ODELOZ,OP(=O)(CCP(=O)(O)O)O,V,2.45575,1.30641,2.45477,nonporous,0.4,1.0,0.0,15.550783955161586,382
ODODIW,OC(=O)c1ccc(cc1)[Si](c1ccc(cc1)C(=O)O)(c1ccc(cc1)C(=O)O)c1ccc(cc1)C(=O)O,Zn,5.90022,4.2544,5.90022,medium pore,0.7562447379223793,0.35669920141969835,0.000393884511081307,339.5480971911529,3
ODOXEK,OC(=O)c1cc(cc(c1)C(=O)O)C(=O)O,Cd,5.23075,4.24424,5.23075,medium pore,0.6771341105824882,0.408641975308642,0.007679688705657743,282.5388108240698,69
OFEREX,OC(=O)c1cc(cc(c1)C(=O)O)C(=O)O,Eu,5.9722,5.55607,5.9722,medium pore,0.7956173945942946,0.4858299595141701,0.05365583005398887,102.76451010269918,12
OFERUN,Cc1ncc[nH]1,Zn,11.50831,3.42476,11.50831,small pore,0.8153079390144811,0.967741935483871,0.0030624534388848813,81.48295285033502,353
OFODET,OC(=O)c1cc(NNc2cc(cc(c2)C(=O)O)C(=O)O)cc(c1)C(=O)O,Mn,2.25048,1.1295,2.14662,nonporous,0.4517172981937413,0.17954070981210854,0.00044778226370878504,73.4022405803878,225
OFOJAX,OC(=O)c1ccc(cc1)c1c(c2ccc(cc2)C(=O)O)c(c2ccc(cc2)C(=O)O)c(c(c1c1ccc(cc1)C(=O)O)c1ccc(cc1)C(=O)O)c1ccc(cc1)C(=O)O,Zr,22.61403,21.41107,22.44468,large pore,0.5646462400799308,0.747191011235955,0.002411692616723623,116.86642715333055,143
OFORUZ,OC(=O)c1ccc2c(c1)[nH]c(=O)[nH]c1c2ccc(c1)C(=O)O,Zn,8.85494,5.36427,8.8499,medium pore,0.7620982852328051,0.11357586512866016,0.0005628917861162985,104.54435451128923,3
OFOYUG,OC(=O)c1ccc(cc1)S(=O)(=O)c1ccc(cc1)C(=O)O,Ca,5.0657,3.71977,5.06271,small pore,0.5183254054805414,0.4067796610169492,0.0019161775934586167,42.6161947203341,66
OFUCEZ,OC(=O)/C=C/C(=O)O,Ce,4.92552,4.17212,4.92319,medium pore,0.0,1.0,0.0,0.9905377164913204,701
OFUWAP,OC(=O)COc1ccc(cc1C(=O)O)C(=O)O,Dy,3.27454,0.93816,3.27454,nonporous,0.7823826310628514,0.02654867256637168,0.000632107736626676,2.4622032215180822,181
OGALAK,OC(=O)c1[nH]nc(c1)C(=O)O,K,1.67362,0.65087,1.64872,nonporous,0.0,1.0,0.0,0.9999972265160004,702
OGALAK01,OC(=O)c1[nH]nc(c1)C(=O)O,K,1.68082,0.66372,1.66847,nonporous,0.0,1.0,0.0,0.9999972265160004,702
OGULUY,CCc1[nH]nc(n1)CC,Cu,6.43871,4.2952,6.42641,medium pore,0.6844424263394648,0.5641025641025641,0.0019559794938644524,20.968603357305945,42
OHETIE,NCC(=O)N[C@H](C(=O)O)CCC(=O)O,Cd,4.50898,3.83939,4.50898,small pore,0.720916991923942,0.2631578947368421,0.0,4.01795460664448,191
OHIHOD,OC(=O)c1cccc(c1)C(=O)O,Tb,4.35455,1.72694,4.34805,nonporous,0.4912294685495505,0.3959390862944162,0.027647094742823546,65.27547895306581,22
OHIHUJ,OC(=O)c1cccc(c1)C(=O)O,La,4.46285,1.64507,4.22668,nonporous,0.5356539155025244,0.3096774193548387,0.03634784134569483,40.33996705791009,32
OHOMIH,OC(=O)c1cc(cc(c1)C(=O)O)C(=O)O,Cu,3.07873,2.61935,3.04874,small pore,0.689122129502957,0.5518763796909493,0.00495450610482035,434.71229622492865,1
OHUVIY,OC(=O)C(=O)O,Tl,1.84869,0.55495,1.84216,nonporous,0.0,1.0,0.0,0.9979592638000784,648
OJOQAF,n1ccc(cc1)c1ccncc1,Cu,1.86,0.96546,1.78317,nonporous,0.8857267185614507,0.5656108597285069,0.02840825247023921,106.9010817061732,56
OJOQAF01,n1ccc(cc1)c1ccncc1,Cu,1.81355,0.95734,1.77336,nonporous,0.8857562506167962,0.5656108597285069,0.02840825247023921,106.90910074848901,56
OJOQAF02,n1ccc(cc1)c1ccncc1,Cu,1.84118,0.96506,1.69871,nonporous,0.8857773314632081,0.5656108597285069,0.02840825247023921,106.9148249758566,56
OJOQAF03,n1ccc(cc1)c1ccncc1,Cu,1.65683,0.9411,1.50954,nonporous,0.9146451865136623,0.574660633484163,0.030945626802801173,108.56965428716096,56
OKATOJ,Oc1ccc(cc1)O,Na,2.05204,1.8113,2.04644,nonporous,0.5234338026433538,0.75,0.8333333333333333,2.5969358503720716,512
OKEPUR,C1=NCC=N1,Co,3.42054,1.69774,3.41572,nonporous,0.4,1.0,0.0,2.9973973104675915,278
OKINIG,OC(=O)[C@@H]1[C@@H]2C=C[C@H]([C@@H]1C(=O)O)[C@H]([C@H]2C(=O)O)C(=O)O,Li,3.91805,0.89042,3.9139,nonporous,0.3841870669032019,1.0,0.0,1.8467857270441885,527
OKIPEE,OC(=O)[C@@H]1[C@@H]2C=C[C@H]([C@@H]1C(=O)O)[C@H]([C@H]2C(=O)O)C(=O)O,Cs,2.15324,1.14182,2.15324,nonporous,0.0,1.0,0.0,0.856104582435258,704
OLURUI01,OC(=O)c1nccnc1C(=O)O,In,4.0195,3.02325,4.004,small pore,0.9999999999999999,1.0,1.0,1.8006808042567486,705
OMUSAS,[C]CC1(C[C])c2cc(ccc2c2c1c1c3ccc(cc3C(c1c1c2C(C[C])(C[C])c2c1ccc(c2)c1ccc(cc1)C(=O)O)(C[C])C[C])c1ccc(cc1)C(=O)O)c1ccc(cc1)C(=O)O,Zn,16.4735,14.85132,16.4735,large pore,0.7620988942228644,0.0354924578527063,0.0,32.66608525208174,3
ONAWEG01,C(Cn1ncnc1)CCn1ncnc1,Cu,3.48823,2.07035,3.48823,nonporous,0.04788218049798161,1.0,0.0,1.999991077353417,326
ONIXOZ,OC(=O)c1cc(cc(c1)C(=O)O)c1cc(cc(c1)c1cc(cc(c1)C(=O)O)C(=O)O)c1cc(cc(c1)C(=O)O)C(=O)O,Cu,9.94388,9.18927,9.94388,large pore,0.4559574999774325,0.369757174392936,0.0019540104552731156,290.2796555369773,1
OPIFUQ,OC(=O)c1cc2c(s1)c1cc(sc1c1c2sc(c1)C(=O)O)C(=O)O,Sr,16.46002,9.03119,16.45701,large pore,0.4,1.0,0.0,4.1250358429100835,628
OPUDIN,OC(=O)[C@H](P(=O)(O)O)O,Zn,3.99092,3.26195,3.99092,small pore,0.4,1.0,0.0,2.99799026137045,456
OPUFAH,OC(=O)[C@H](P(=O)(O)O)O,Ba,1.46645,0.60873,1.03453,nonporous,0.4,1.0,0.0,1.9984569398937322,707
OQEPEG,O=N(=O)c1cc(cc2c1cc(cc2N(=O)=O)C(=O)O)C(=O)O,Mn,4.88391,1.79391,4.88326,nonporous,0.44877330862627873,0.08141962421711899,3.5280057507157023e-05,32.59968125578064,225
OQIJUU,Nc1n[nH]cc1c1nnn[nH]1,Mn,2.10772,1.1269,2.08317,nonporous,0.3986928114359074,1.0,0.0,1.8028221214051363,627
OQIQUB,Cc1c(CN2NC=NC2)c(C)c(c(c1CN1NC=NC1)C)CN1NC=NC1,Cu,6.6207,4.95298,6.60708,medium pore,1.0,1.0,0.09523809523809523,6.8709938792758205,74
OQIZUL,OC(=O)c1cc(cc(c1)C(=O)O)C(=O)O,Cu,11.20089,3.36362,11.19836,small pore,0.7015096869703357,0.5629139072847682,0.004912198411227934,442.3248334302172,1
ORAWEL,O[C@@H]([C@@H](C(=O)O)O)C(=O)O,Na,1.43092,0.59974,1.3881,nonporous,0.4,1.0,0.0,3.8290792938696248,244
ORONOA,OC(=O)C(CC(=O)O)(CC(=O)O)O,K,1.14636,0.14453,1.14636,nonporous,0.0,1.0,0.0,0.9997200991903274,709
ORONOA01,OC(=O)C(CC(=O)O)(CC(=O)O)O,K,1.19128,0.09303,1.1109,nonporous,0.0,1.0,0.0,0.9997200991903274,709
OTARUX,N#CNc1cc(Cl)c(cc1Cl)NC#N,Ag,2.78238,2.72137,2.78028,small pore,0.4,1.0,0.0,2.8044411561261735,710
OTECAT,OC(=O)c1ccc(cc1)c1cc(cc(c1)c1ccc(cc1)C(=O)O)c1ccc(cc1)C(=O)O,Al,10.77761,8.01894,10.77717,large pore,0.769653431406703,0.6666666666666666,0.004304129815435636,40.165428151387864,183
OTODOS,n1ccc(cc1)CN1CCN(CC1)Cc1ccc(cc1)CN1CCN(CC1)Cc1ccncc1,Ag,5.33134,5.0692,5.30094,medium pore,0.4338565618467577,0.017699115044247787,0.009067736913487072,3.624971460283438,73
OWISOD,O=C(Nc1cccnc1)NCCN(CCNC(=O)Nc1cccnc1)CCNC(=O)Nc1cccnc1,K,3.53609,1.57002,3.52929,nonporous,0.0,1.0,0.0,1.808118203605921,638
OWITAQ,O=C1CC(=O)C(=O)CC1=O,Zn,7.59357,5.35845,7.59357,medium pore,0.0,1.0,0.0,0.9999999942279756,711
OWIVAS,O=C1CC(=O)C(=O)CC1=O,Zn,7.56218,5.33916,7.56218,medium pore,0.0,1.0,0.0,0.9999999942279756,711
OXAZIX,OC(=O)c1ccc(cn1)C(=O)O,Pr,3.7596,2.53172,3.75775,small pore,0.5071551084352767,0.12745098039215685,0.012308786536147604,11.126917505022965,96
OXCFOR,OC=O,Co,3.10607,0.77054,3.10607,nonporous,0.4,1.0,0.0,66.44823882126744,44
OXEWUL,OC(=O)c1cc(cc(c1)C(=O)O)C(=O)O,Li,1.62323,0.81596,1.50679,nonporous,0.8286243110742253,0.7843137254901961,0.03620512574039908,34.19432267932752,158
OXUPUT,Fc1cc(c(cc1P(=O)(O)O)F)P(=O)(O)O,U,6.4956,5.53199,6.49001,medium pore,0.48734588929039807,0.0410958904109589,0.0,2.4698253111360913,451
PACYIE,[nH]1cnnc1,Co,2.4942,2.06129,2.43572,nonporous,0.4,1.0,0.0,1.9885125069105474,307
PACZUQ,OC(=O)CCN(CCC(=O)O)CCC(=O)O,Pr,6.93068,4.23947,6.90886,medium pore,0.7171947654895467,0.9166666666666666,0.1661016519712172,18.21626095818987,37
PADBAZ,OC(=O)CCN(CCC(=O)O)CCC(=O)O,Nd,7.26771,4.31077,7.26771,medium pore,0.6986305572430898,1.0,0.0801870238273747,22.23162417202452,90
PADJOU,OC=O,Mn,3.93074,2.22654,3.82035,nonporous,0.3980324411011907,1.0,0.0,177.91283952579155,24
PADJOU01,OC=O,Mn,3.98242,2.26184,3.96674,nonporous,0.3987137700035646,1.0,0.0,177.9138489304261,24
PADROD,OC(=O)COCC(=O)O,Ag,1.47535,1.00786,1.46406,nonporous,0.3271664266095286,1.0,0.0,1.9961691030055893,713
PAGFAH,OC(=O)C(=O)O,Tb,1.24536,0.73023,1.2229,nonporous,0.4,1.0,0.0,15.25456956671259,229
PAMHES,OC(=O)c1c(F)c(F)c(c(c1F)F)C(=O)O,Zn,2.40912,1.60246,2.39261,nonporous,0.8662850973360012,0.875,0.048333333333333325,12.22442238436719,84
PAMTII,OC(=O)c1ccc(cc1)COc1cc(cc(c1)C(=O)O)C(=O)O,Er,12.14406,4.65753,12.14406,medium pore,0.8602452181604965,0.2808988764044944,0.0016786633784864084,20.74400508831731,365
PANYOU,OC(=O)CCn1c(=O)n(CCC(=O)O)c(=O)n(c1=O)CCC(=O)O,Zn,7.14522,6.7622,7.13607,medium pore,0.6348787323090779,0.05405405405405406,0.0,3.434870987686751,116
PAPKUP,OC(=O)Cc1ccc(cc1)c1ccc(cc1)CC(=O)O,Nd,3.16467,1.57939,3.16467,nonporous,0.48661564967497195,0.06201550387596899,0.0750968992248062,6.840289697389004,18
PAQMAY,OC(=O)c1cc(cc(c1)c1[nH]nc(n1)c1cc(cc(c1)C(=O)O)C(=O)O)C(=O)O,Tb,14.3356,13.08019,14.33097,large pore,0.7539540006269906,0.06091370558375634,0.0,10.008183681717922,22
PARFOF,OC(=O)c1ccc2c(c1)ccc(c2)C(=O)O,V,2.73452,2.45533,2.73371,small pore,0.9294930635266904,1.0,0.0003339920398563834,53.41908894305734,40
PARKUQ01,OC(=O)c1cc(cc(c1)C(=O)O)C(=O)O,Cd,6.67552,5.18428,6.65544,medium pore,0.6771271738387676,0.41234567901234565,0.008192166050063582,285.0610549064025,69
PASGAU,n1ccc(cc1)c1nnn[nH]1,Cu,4.84475,3.94925,4.8253,small pore,0.5077752603687721,0.3484162895927602,0.011617019758912944,67.49447142204505,56
PASMUT,OC(=O)[C@@H]1[C@H](C(=O)O)[C@H](C(=O)O)[C@@H]([C@@H]([C@@H]1C(=O)O)C(=O)O)C(=O)O,Zn,3.61254,2.15548,3.60968,nonporous,0.40000000000000036,1.0,0.0,3.365711014780428,150
PAXPAI,CCCCCCCCCCCCCCCC(=O)O,Pb,2.32413,1.57258,2.32413,nonporous,0.7364321336621011,0.08280254777070065,0.0,12.015512214249044,127
PAXSEM,N#CC(C#N)C#N,Mn,1.69656,1.29573,1.69539,nonporous,0.0,1.0,0.0,0.999990327988376,714
PAXSEM01,N#CC(C#N)C#N,Mn,1.69059,1.31828,1.6891,nonporous,0.0,1.0,0.0,0.999990327988376,714
PAZDOM,OC(=O)c1ccc(cc1)c1ccc(cc1)C(=O)O,Hf,13.29955,6.6068,13.29004,medium pore,0.525031427050232,0.9166666666666666,0.20128536922015186,18.762338676920976,689
PEBGIP,OC(=O)Cc1ccc(cc1)CC(=O)O,Dy,3.1553,1.42265,3.13007,nonporous,0.38847937483680894,1.0,0.0,2.62115976232588,715
PEBNER,n1ccc(cc1)c1nnn[nH]1,Cu,1.76442,1.09965,1.76175,nonporous,0.5284410012740908,0.3574660633484163,0.01299318143263219,69.16503765932558,56
PEGCIP,OC(=O)c1ccc(cc1)C1=C(S/C(=C\2/SC(=C(S2)c2ccc(cc2)C(=O)O)c2ccc(cc2)C(=O)O)/S1)c1ccc(cc1)C(=O)O,Zn,5.45055,4.47679,5.43441,medium pore,0.7018496109564367,0.2005323868677906,4.689942301439779e-06,190.77697146547416,3
PEGPUO,OC(=O)C1=NC=N[C@@H]1C(=O)O,Pr,4.00879,1.35774,4.00879,nonporous,0.0,1.0,0.0,0.9985876182908736,552
PEHLAS,OC(=O)c1cc2n(cnc2cc1C(=O)O)Cc1ccc(cc1)Cn1cnc2c1cc(C(=O)O)c(c2)C(=O)O,Cd,4.82803,3.23052,4.82803,small pore,0.4572994931584966,0.0024691358024691358,0.0,1.6763055708022714,69
PEJNOJ,OC(=O)c1cc(cc(c1)C(=O)O)C(=O)O,Zn,6.25859,5.55804,6.23413,medium pore,0.7593648622984057,0.5377107364685004,0.003398440219215761,525.223467881352,3
PEKGAO,OC(=O)c1ccc(cc1)C(=O)O,Zn,2.65757,1.27265,2.6509,nonporous,0.7593533818173351,0.6007098491570542,0.002719923337036372,593.8263659229514,3
PEKZIP,n1ccc(cc1)c1ccncc1,Cu,4.53518,4.08657,4.53518,medium pore,0.8722256287348314,0.5565610859728507,0.02804400966246989,105.22143402592464,56
PELVUZ,OC(=O)c1ccc(cc1)Oc1ccc(cc1)C(=O)O,Sm,2.54915,1.28232,2.54915,nonporous,0.5557851374134444,0.24444444444444446,0.0008669435985635174,19.00625990754262,16
PEQLAZ,Nc1ncn[nH]1,Cd,1.70859,0.96904,1.68251,nonporous,0.4,1.0,0.0,3.993025272351889,381
PERROW,OC(=O)c1ccc(cc1)/C(=C(/c1ccc(cc1)C(=O)O)\c1ccccc1)/c1ccccc1,Zn,11.32422,6.59955,11.32422,medium pore,0.7647781935710752,0.32919254658385094,0.0004369858863364725,312.73937780885143,3
PESSOX,OC(=O)[C@H]1CC[C@@](C1(C)C)(C)C(=O)O,Dy,2.64948,1.43795,2.56832,nonporous,0.4,1.0,0.0,3.9990315609784615,332
PESSUD01,OC(=O)[C@H]1CC[C@@](C1(C)C)(C)C(=O)O,Ho,2.55555,1.4653,2.53793,nonporous,0.4,1.0,0.0,2.999941911181307,608
PESSUD02,OC(=O)[C@H]1CC[C@@](C1(C)C)(C)C(=O)O,Ho,2.57362,1.5314,2.57362,nonporous,0.2989255372434855,1.0,0.0,2.999919997276953,608
PESTAK01,OC(=O)[C@H]1CC[C@@](C1(C)C)(C)C(=O)O,Er,2.50835,1.42132,2.50632,nonporous,0.4,1.0,0.0,2.9998512719609707,607
PESTAL,OC=O,Fe,4.00268,1.96489,3.78059,nonporous,0.3965132035620627,1.0,0.0,84.85909857074546,43
PEVLIN,OC(=O)COc1cc(ccc1C(=O)O)C(=O)O,Nd,3.08714,2.57722,3.08714,small pore,0.7665224600936625,0.05426356589147287,0.013801472037374474,5.872594374354915,18
PEVQEO,OC(=O)c1ccc(cc1)C(=O)O,Zn,14.84843,7.95842,14.84843,medium pore,0.7593623872156396,0.6060337178349601,0.0028434547370987345,599.1638300801679,3
PEVQOY,OC(=O)c1ccc(cc1)C(=O)O,Zn,14.7872,8.03297,14.78143,large pore,0.7579156923502046,0.6069210292812778,0.0029225240550651817,600.0188234453678,3
PEYCON,N#CC(C(=O)C)C(=O)C,Cd,2.48922,1.34909,2.48922,nonporous,0.0,1.0,0.0,0.9999353003551612,721
PEYDAA,N#CC(C(=O)C)C(=O)C,Cd,3.30104,1.66891,3.30104,nonporous,0.0,1.0,0.0,0.9999353003551612,721
PEYSUJ,Brc1cc(cc(c1)C(=O)O)C(=O)O,Al,5.5918,1.98363,2.71946,nonporous,0.5716132244211383,0.391304347826087,0.0002531322023678428,22.590634436046624,183
PEYVEV,OC(=O)c1cc(cc(c1)C(=O)O)C(=O)O,In,8.8911,3.19904,8.11869,small pore,0.6995054682926263,0.6919191919191919,0.0095164934368624,118.95164824005938,70
PEZCII,OC(=O)c1ccc(cc1)c1cc(cc(c1)c1ccc(cc1)C(=O)O)c1ccc(cc1)C(=O)O,La,11.10017,10.18531,11.10017,large pore,0.4813234912916062,0.2903225806451613,0.013867736162537366,38.55898393995699,32
PIBZUY,OC(=O)c1ccc(o1)C(=O)O,Al,5.68999,4.34947,5.56311,medium pore,0.0,1.0,0.0,0.9999621885265476,722
PICBAH,OC(=O)c1ccc(o1)C(=O)O,Al,5.25309,3.88436,4.94987,small pore,0.0,1.0,0.0,0.9999621885265476,722
PIHSAB,O[C@@H]([C@@H](C(=O)O)O)C(=O)O,Mg,1.58683,1.06154,1.41445,nonporous,0.29460542291781167,1.0,0.0,1.9989785080259423,724
PIJJEZ,OC(=O)c1ccc2c(c1)c1ccc(cc1c1c2cc(cc1)C(=O)O)C(=O)O,Cd,14.75094,5.96309,14.75013,medium pore,0.8915167373596509,0.19135802469135801,0.0009424540988298801,128.52582511858165,69
PIKYIU,OC(=O)c1ccc(cc1)c1ccc(cc1)C(=C(c1ccc(cc1)c1ccc(cc1)C(=O)O)c1ccc(cc1)c1ccc(cc1)C(=O)O)c1ccc(cc1)c1ccc(cc1)C(=O)O,Cd,4.26907,2.00136,4.13589,nonporous,0.38184872059584146,0.25555555555555554,0.0012402425796375334,174.15634136518307,69
PIQMUZ,OC(=O)c1ccc(cc1)c1ccc(cc1)N(c1ccc(cc1)c1ccc(cc1)C(=O)O)c1ccc(cc1)c1ccc(cc1)C(=O)O,Ce,4.75987,3.83132,4.7199,small pore,0.7777201517702734,0.26744186046511625,0.0,20.01373282412448,17
PIQPUC,OC(=O)c1ccc(cc1)Oc1cc(cc(c1)Oc1ccc(cc1)C(=O)O)Oc1ccc(cc1)C(=O)O,Cd,5.10381,3.46641,4.74355,small pore,0.923487732398907,0.1962962962962963,0.0007037618733267832,134.39997845641886,69
PIRGOO,OC(=O)CCCCCC(=O)O,Sr,1.95578,1.03088,1.95578,nonporous,1.0,0.75,0.0,2.9767623770397416,725
PIRHAB,OC(=O)CCCCCCC(=O)O,Sr,1.576,0.77332,1.57092,nonporous,0.49654536060904275,0.75,0.0,2.9774878737301846,725
PIRMOU,N#CC1=C(C#N)C(=O)C(=C(C1=O)Cl)Cl,Rb,1.84093,1.15705,1.73024,nonporous,0.0,1.0,0.0,0.9997598544212352,726
PIRMOU01,N#CC1=C(C#N)C(=O)C(=C(C1=O)Cl)Cl,Rb,1.6611,0.96448,1.63912,nonporous,0.0,1.0,0.0,0.9997598544212352,726
PITYUN01,FC(c1nnc([nH]1)C(F)(F)F)(F)F,Ag,6.7313,6.0859,6.7313,medium pore,0.3999999999999997,1.0,0.0,5.821153836232821,242
PIZPIX01,OC(=O)/C=C/C(=O)O,Er,3.91167,3.35536,3.90382,small pore,0.4,1.0,0.0,6.579371835456209,729
POBGAQ01,n1ccc(cc1)/C=C/c1ccc(cc1)C(c1ccc(cc1)/C=C/c1ccncc1)(c1ccc(cc1)/C=C/c1ccncc1)c1ccc(cc1)/C=C/c1ccncc1,Fe,12.4738,10.46232,12.4601,large pore,0.38974431870738047,1.0,0.0,3.9999519112669533,730
POBGOE02,n1ccc(cc1)/C=C/c1ccc(cc1)C(c1ccc(cc1)/C=C/c1ccncc1)(c1ccc(cc1)/C=C/c1ccncc1)c1ccc(cc1)/C=C/c1ccncc1,Fe,12.46006,10.42713,12.40842,large pore,0.4,1.0,0.0,3.999953151106822,730
POFDEV,OC(=O)c1ccncc1,Cu,2.58824,1.61161,2.47137,nonporous,0.35168747322440874,0.2858719646799117,0.0028638855672441124,218.8283150532026,1
POFGUO,OC(=O)c1cc(cc(c1)C(=O)O)C(=O)O,Li,5.1465,3.74676,5.14199,small pore,0.8287321228337118,0.7843137254901961,0.03620512574039908,34.20420207000365,158
POGDAS,O=C([C@@H]1CCCN1C(=O)CNC(=O)c1cccnc1)N1CCC[C@H]1C(=O)Nc1cccnc1,Ag,17.59561,17.33554,17.59561,large pore,0.4,1.0,0.0,1.9999420644325339,688
POHLOP,OC(=O)c1cc(c(cc1c1cc(ccc1C(=O)O)C(=O)O)C(=O)O)c1cc(ccc1C(=O)O)C(=O)O,Eu,3.1073,2.22839,3.09641,nonporous,0.7760676076152588,0.23076923076923078,0.011447330682896674,47.07997658338924,12
PORZUT,OC(=O)c1nccnc1C(=O)O,Gd,3.88555,1.15971,3.84831,nonporous,0.9999999999999999,1.0,0.6666666666666666,2.438607279077952,686
POSBAC,OC(=O)c1nccnc1C(=O)O,Tb,3.92907,1.17423,3.83704,nonporous,0.9962742159774848,1.0,0.23333333333333334,5.082433776169768,718
POSGEL,OC(=O)c1ccc(cc1)c1cnc[nH]1,Cd,4.66008,2.93509,4.66008,small pore,0.8683786795651106,0.09753086419753086,0.0007231291066477934,65.50614809339322,69
POVVEC,Cc1ccc(c(c1)C(=O)O)O,Mn,3.5508,1.26237,3.54676,nonporous,0.8164324539396195,0.029227557411273482,0.0,11.866693538522947,225
PUCTAJ,O[C@H]([C@H](C(=O)O)O)C(=O)O,Pr,3.14036,0.69718,3.12686,nonporous,0.3720371373140381,1.0,0.0,1.8944211430977451,547
PUFNUB,OS(c1ccc(cc1)/C/1=C\2/C=CC(=N2)/C(=c/2\cc/c(=C(/C3=N/C(=C(\c4[nH]c1cc4)/c1ccc(cc1)S(O)(O)O)/C=C3)\c1ccc(cc1)S(O)(O)O)/[nH]2)/c1ccc(cc1)S(O)(O)O)(O)O,Sm,4.95108,3.29964,4.94677,small pore,0.5558086840339074,0.03333333333333333,0.0,2.690859591385788,16
PUFTUH,OC(=O)c1ccc(cc1)n1c(C)nnc1c1ccccn1,Cd,5.42718,3.85622,5.42718,small pore,0.7089614904028456,0.019753086419753086,0.009856940508074764,13.650708158578606,69
PUGHAC,OC(=O)c1ccc(cc1)S(=O)(=O)c1ccc(cc1)C(=O)O,Mn,4.34305,1.48524,4.34305,nonporous,0.681673222721294,0.16283924843423797,7.077632548968665e-05,66.12243271991547,225
PUHLEL,OC(=O)C(C(=O)O)(O)O,Cu,7.16977,5.17297,7.14058,medium pore,0.0,1.0,0.0,0.9995556879890668,732
PUHLIP,OC(=O)C(C(=O)O)(O)O,Cu,7.09538,5.90779,7.09538,medium pore,0.0,1.0,0.0,0.9995556879890668,732
PUNDUY,OC(=O)c1cc(cc(c1)C(=O)O)C(=O)O,Cd,4.22508,3.21458,3.9986,small pore,0.6824457234352559,0.4111111111111111,0.007841070014924683,284.23458481104376,69
PUNYED,OC(=O)c1cc(cc(c1)C(=O)O)C(=O)O,Co,3.92513,1.62397,3.81577,nonporous,0.7719457630969526,0.43128654970760233,0.014486931412154402,250.49159936816224,55
PUNYIH,OC(=O)c1cc(cc(c1)C(=O)O)C(=O)O,Mn,3.95949,1.75723,3.95066,nonporous,0.4517643356386559,0.49060542797494777,0.00920144184826441,201.16361542469045,225
PUNYON,OC(=O)c1cc(cc(c1)C(=O)O)C(=O)O,Ni,3.88411,1.55793,3.87649,nonporous,0.6663655717678507,0.4270833333333333,0.015558346655972246,70.87052497074363,60
PUQBOT,OC(=O)c1ccnc(c1)c1nccc(c1)C(=O)O,Nd,2.43116,1.0743,2.27989,nonporous,0.7271630239487588,0.10077519379844961,0.000251260005516854,10.647874804572435,18
PUQYAC,OC(=O)c1ccc(cc1)C(C(F)(F)F)(C(F)(F)F)c1ccc(cc1)C(=O)O,Zn,5.3761,5.0812,5.3761,medium pore,0.7593517402607107,0.1508429458740018,0.0001675591285757018,146.44661977522722,3
PURJIW,OC(=O)c1ccc(cc1)OCC(COc1ccc(cc1)C(=O)O)(COc1ccc(cc1)C(=O)O)COc1ccc(cc1)C(=O)O,Zn,8.04276,4.07894,8.04276,medium pore,0.7635791158629393,0.13664596273291926,0.00038159651000993966,132.22821184986947,3
PURPUO,OS(CCCS(O)(O)O)(O)O,Pb,2.01203,1.07442,2.01203,nonporous,0.4,1.0,0.0,1.84114395267488,735
PURQAV,OS(CCCCS(O)(O)O)(O)O,Pb,1.95286,1.14088,1.95286,nonporous,0.3996196241802039,1.0,0.0,1.8410881563181536,735
PURROK,COc1cc(ccc1C(=O)O)c1ccc(c(c1)OC)C(=O)O,Cd,2.18769,1.5575,2.14524,nonporous,0.4021611340453758,0.0049382716049382715,1.1489383627860935e-05,3.3412544772707697,69
PUTYAE,c1cnc2c(n1)c1nccnc1c1c2nccn1,Ag,5.68489,5.32613,5.67884,medium pore,0.39071705407203794,1.0,0.0,1.849836898011981,736
PUWQAA,O=N(=O)C1=NCC=N1,Cd,4.15128,1.50781,4.13874,nonporous,0.0,1.0,0.0,0.999836337072088,484
PUWVEJ,n1ccc(cc1)/C=N/c1cccc2c1cccc2/N=C/c1ccncc1,Ag,5.15439,1.94613,5.15439,nonporous,0.0,1.0,0.0,0.9999996699660196,737
PUWVOT,n1ccc(cc1)/C=N/c1cccc2c1cccc2/N=C/c1ccncc1,Ag,4.9324,1.85017,4.9324,nonporous,0.0,1.0,0.0,0.9999996699660196,737
PUZJOL,OC(=O)c1ccc(s1)C(=O)O,Mg,4.83061,4.03981,4.83061,medium pore,0.1464581283014695,1.0,0.0,6.9804079582521075,643
QACTUJ,OC(=O)c1ccc(cc1)C(=O)O,Tb,1.95481,0.84309,1.95154,nonporous,0.7545653127086589,0.6395939086294415,0.025959567694359992,108.98599025687172,22
QAKFIU,OC(=O)c1cc(cc(c1)C(=O)O)N1C=C[C@H](C=C1)c1ccncc1,Zn,4.13083,3.23981,4.11249,small pore,0.7593283565119355,0.009760425909494233,1.7311511989052185e-05,9.018241903255857,3
QAMJEU,n1cnn(c1)CCn1ncnc1,Cd,3.93849,3.27687,3.9267,small pore,0.0,1.0,0.0,2.805115207983835,738
QAMVEH,OC(=O)c1ccc(cc1)c1cc(cc(c1)c1ccc(cc1)C(=O)O)c1ccc(cc1)C(=O)O,Ce,5.79115,4.52662,5.75176,medium pore,0.7447432461892053,0.37209302325581395,0.002524175829715837,28.059952637941418,17
QANYAG01,OC(=O)c1cc(cc(c1)N(=O)=O)N(=O)=O,Na,1.61658,1.04951,1.61658,nonporous,0.4,1.0,0.0,2.998736239639925,739
QAQSAD,OC(=O)c1ccc2c(c1)ccc(c2)C(=O)O,Zn,4.92507,3.85843,4.89941,small pore,0.6247126095972806,0.3726708074534162,0.0006856751378072937,355.3894577864045,3
QATBAQ,CN(C(=Nc1cc(N=C(N(C)C)N(C)C)c(cc1N=C(N(C)C)N(C)C)N=C(N(C)C)N(C)C)N(C)C)C,Ag,2.8731,1.15529,2.8447,nonporous,0.0,1.0,0.0,0.9999786257881896,740
QATDEW,CN(C(=Nc1cc(N=C(N(C)C)N(C)C)c(cc1N=C(N(C)C)N(C)C)N=C(N(C)C)N(C)C)N(C)C)C,Ag,3.01178,1.15153,2.98216,nonporous,0.0,1.0,0.0,0.9999786257881896,740
QATPUX01,O=C1C(=O)C(=O)C1=O,Co,4.33304,4.01669,4.33304,medium pore,0.4,1.0,0.0,7.926364180252898,741
QAWHIH,OC(=O)c1cc(cc(c1)C(=O)O)C(=O)O,Cu,6.30141,2.20734,6.30141,nonporous,0.7048016368195309,0.565121412803532,0.004953383903614257,444.58334225931037,1
QAWHIH01,OC(=O)c1cc(cc(c1)C(=O)O)C(=O)O,Cu,6.30145,2.22527,6.30145,nonporous,0.7048309088336111,0.565121412803532,0.004953383903614257,444.6163768268804,1
QEDZEG,OC(=O)c1ccc(cc1)c1cc(c2ccc(cc2)C(=O)O)c(cc1c1ccc(cc1)C(=O)O)c1ccc(cc1)C(=O)O,Zn,4.67043,4.34847,4.66451,medium pore,0.7593333303456372,0.41881100266193433,0.0014385633493303467,400.3882591841765,3
QEGGUE,Cc1c2Cc3c(C)c(Cc4c(c(Cc5c(c(Cc1c(c(c2C)c1ccncc1)C)c(C)c(c5C)c1ccncc1)C)c(c(c4C)c1ccncc1)C)C)c(c(c3C)c1ccncc1)C,Ag,8.61237,6.7278,8.61237,medium pore,0.42006221222558005,0.022123893805309734,9.832841691248771e-06,4.1553198484339005,73
QEJBIT,OC(=O)c1cc(ccc1O)c1ccc(c(c1)C(=O)O)O,Zn,15.53805,15.44394,15.53805,large pore,0.7593255182469673,0.05412599822537711,6.548208606879587e-05,52.51410614879136,3
QEKDOA,OC(=O)CN(CC(=O)O)CC(=O)O,Er,2.35389,1.70429,2.35123,nonporous,0.0,1.0,0.0,0.8640930978220736,742
QEKLID,OC(=O)c1ccc(cc1)c1cc(cc(c1)C(=O)O)C(=O)O,Cd,3.47023,2.39778,3.47023,nonporous,0.4477190212454092,0.3358024691358025,0.0034623175024596936,232.10070963591755,69
QEKLID01,OC(=O)c1ccc(cc1)c1cc(cc(c1)C(=O)O)C(=O)O,Cd,3.48559,2.42229,3.48195,small pore,0.5257217288789378,0.3358024691358025,0.0034623175024596936,232.0974178184082,69
QEMMOL,OC=O,Sm,0.89131,0.61164,0.87538,nonporous,0.4,1.0,0.0,1.9994366857379617,743
QEMYEM,C[C@@H](C(=O)N[C@H](C(=O)O)C(C)C)N,Cu,2.57211,1.1962,2.51495,nonporous,0.0,1.0,0.0,0.8953587873769675,744
QESYUJ,CC1(C)Cc2nnc3c4c2c(C1)nnc4CC(C3)(C)C,Cu,4.96132,1.55696,4.94247,nonporous,0.3737838779533242,1.0,0.0,1.8263599130903623,560
QETSOY,OC(=O)c1cc(C(=O)O)c(cc1C(=O)O)C(=O)O,Er,3.30516,2.36169,3.29921,nonporous,0.8604137913479587,0.19101123595505617,0.014322936020936344,15.013089059451467,365
QEWYID,[nH]1nnc(n1)C1=NC=N[C@@H]1c1[nH]nnn1,Zn,3.40249,2.61338,3.39067,small pore,0.0,1.0,0.0,0.9991555388874992,438
QEZZED,OC(=O)c1cccc(c1)C(=O)O,Ni,16.44308,14.53074,16.44308,large pore,0.320047097830114,0.35416666666666663,0.015266191407456369,57.18243422753083,60
QICXUY,OC(=O)c1ccc(cc1)P(=O)(c1ccc(cc1)C(=O)O)c1ccc(cc1)C(=O)O,Eu,7.08394,4.43879,7.07828,medium pore,0.7628217047236159,0.24291497975708504,0.0003514612213487385,51.68755220869811,12
QIHQAC,c1ccc(cn1)c1nnc([nH]1)c1nnc([nH]1)c1cccnc1,Cd,1.60371,0.96012,1.59809,nonporous,0.43513596007719735,0.009876543209876543,0.000942708441578832,6.691565603310197,69
QIKVAK,OC(=O)c1ccc(cc1)c1cc(cc(n1)c1ccc(cc1)C(=O)O)c1ccncc1,Sr,6.23977,5.67075,6.23977,medium pore,0.7002209329312311,0.16176470588235295,0.0,9.059016336153398,122
QILYIT,OC(=O)C/C=C/C(=O)O,Rb,1.60982,0.94029,1.52197,nonporous,0.0,1.0,0.0,0.831592399979415,478
QIMFEA,OC(=O)c1ccc(o1)C(=O)O,Mg,8.07946,6.88023,7.60683,medium pore,0.0,1.0,0.0,0.996085740652652,746
QIMFUQ,O=C1C(=O)C(=O)C1=O,Ca,4.08125,3.2973,4.07705,small pore,0.4,1.0,0.0,5.974063187960087,21
QIQVOE,c1ccc(cc1)SCC#CCSc1ccccc1,Cu,2.44175,1.2235,2.37701,nonporous,0.0,1.0,0.0,0.9989739383617708,748
QISNIR,OC(=O)c1cc(cc(c1)C(=O)O)C(=O)O,Cd,2.88913,1.92051,2.88913,nonporous,0.7029437094243248,0.4185185185185185,0.008758496106177406,289.28281835937514,69
QIWPET,OC(=O)c1cc(C(=O)O)c(cc1C(=O)O)C(=O)O,Mg,5.72544,4.91618,5.71665,medium pore,0.6774910380563653,0.25663716814159293,0.0735746333319364,24.886036157222172,226
QIZLIW,OC(=O)c1cc(cc(c1)C(=O)O)C(=O)O,Cu,5.78801,3.76658,5.77909,small pore,0.7121931108171355,0.5695364238410596,0.00533515189645311,448.90741308194646,1
QIZLOC,OC(=O)c1cc(cc(c1)C(=O)O)C(=O)O,Cu,6.39456,5.35581,6.22653,medium pore,0.6918701997732206,0.5540838852097131,0.0049908405731476455,436.37490950145036,1
QIZRIC,OC(=O)c1c(C(=O)O)c(C(=O)O)c(c(c1C(=O)O)C(=O)O)C(=O)O,U,2.86117,1.1274,2.86117,nonporous,0.9999999999999999,0.0273972602739726,0.0,1.821959653089411,451
QOBGEV,OC(=O)c1cc(C(=O)O)c(cc1C(=O)O)C(=O)O,Zn,7.83024,3.50639,7.7861,small pore,0.7593619069818476,0.15173025732031944,0.0016529789091039048,146.2434015300199,3
QOCKEZ,OC(=O)c1ccc(cc1)S(O)(O)O,Ba,1.87604,0.83338,1.83472,nonporous,0.8416176105235964,0.1797752808988764,0.0442760596653483,13.584114664357475,54
QOFMUU,C(CN1NC=NC1)CCN1NC=NC1,Fe,4.39601,1.70382,4.38629,nonporous,0.40000000000000036,1.0,0.0,2.84119085436482,372
QOGREK,C(Cn1ncnc1)CCn1ncnc1,Cd,4.081,2.56601,4.081,small pore,0.4,1.0,0.0,2.9336916443058483,738
QOTFAH,OC(=O)[C@H]([C@H](C(=O)O)CC(=O)O)CC(=O)O,Sr,1.82536,0.7299,1.82465,nonporous,0.2746180715737864,1.0,0.0,1.9999408834501737,535
QOTWON,CC(=O)O,Mn,4.80095,2.47867,4.77867,small pore,0.4,1.0,0.0,7.228420455233275,39
QOTZEG,OC(=O)c1cc(cc(c1)C(=O)O)C(=O)O,La,5.73651,5.34589,5.73651,medium pore,0.7393987593169673,0.3935483870967742,0.08675156601006516,51.963502093102775,32
QOVDAH,OP(=O)(CN1CCN(CC1)CP(=O)(O)O)O,Ni,9.70479,9.19445,9.70479,large pore,0.4,1.0,0.0,2.9999710547571445,749
QOVDEL,OP(=O)(CN1CCN(CC1)CP(=O)(O)O)O,Ni,9.75102,9.16158,9.75102,large pore,0.3369283136999002,1.0,0.0,2.999958670135692,749
QOVXEG01,c1ccc2c(c1)[nH]cn2,Co,5.22525,1.9963,5.21915,nonporous,0.4,1.0,0.0,5.997855404351581,750
QOVXIK,c1ccc2c(c1)[nH]cn2,Co,5.32159,2.11553,5.30648,nonporous,0.39889174901804836,1.0,0.0,5.997823293714104,750
QOWLOE,OC(=O)C(=O)O,Ca,2.94467,1.47308,2.94467,nonporous,0.4,1.0,0.0,12.992249557014084,174
QOWRAV,OC(=O)c1ccc(cc1)c1cc(cc(c1)c1ccc(cc1)C(=O)O)c1ccc(cc1)C(=O)O,Cu,16.32419,2.76013,16.32419,small pore,0.4302682802880907,0.3465783664459161,0.004211946172031107,266.65902932540257,1
QOWRAV02,OC(=O)c1ccc(cc1)c1cc(cc(c1)c1ccc(cc1)C(=O)O)c1ccc(cc1)C(=O)O,Cu,16.41253,2.72098,16.41253,small pore,0.4288223882480787,0.3454746136865342,0.004175035748194673,265.81576365714926,1
QOWRAV03,OC(=O)c1ccc(cc1)c1cc(cc(c1)c1ccc(cc1)C(=O)O)c1ccc(cc1)C(=O)O,Cu,16.40603,2.72376,16.40603,small pore,0.42882513285878127,0.3454746136865342,0.004175035748194673,265.8188610534356,1
QOWRAV04,OC(=O)c1ccc(cc1)c1cc(cc(c1)c1ccc(cc1)C(=O)O)c1ccc(cc1)C(=O)O,Cu,16.40309,2.72142,16.40308,small pore,0.42882381611846804,0.3454746136865342,0.004175035748194673,265.8173750625253,1
QOWRAV05,OC(=O)c1ccc(cc1)c1cc(cc(c1)c1ccc(cc1)C(=O)O)c1ccc(cc1)C(=O)O,Cu,16.39585,2.72366,16.39585,small pore,0.42882626435474547,0.3454746136865342,0.004175035748194673,265.82013798913886,1
QOWRAV06,OC(=O)c1ccc(cc1)c1cc(cc(c1)c1ccc(cc1)C(=O)O)c1ccc(cc1)C(=O)O,Cu,16.38419,2.73048,16.38419,small pore,0.4288324940963182,0.3454746136865342,0.004175035748194673,265.82716848654036,1
QOWRAV07,OC(=O)c1ccc(cc1)c1cc(cc(c1)c1ccc(cc1)C(=O)O)c1ccc(cc1)C(=O)O,Cu,16.37255,2.73758,16.37255,small pore,0.4288389192565082,0.3454746136865342,0.004175035748194673,265.8344195211929,1
QOWRAV08,OC(=O)c1ccc(cc1)c1cc(cc(c1)c1ccc(cc1)C(=O)O)c1ccc(cc1)C(=O)O,Cu,16.36337,2.74218,16.36337,small pore,0.4288432761524278,0.3454746136865342,0.004175035748194673,265.8393364419165,1
QOWRAV09,OC(=O)c1ccc(cc1)c1cc(cc(c1)c1ccc(cc1)C(=O)O)c1ccc(cc1)C(=O)O,Cu,16.34657,2.74816,16.34657,small pore,0.4288495203171802,0.3454746136865342,0.004175035748194673,265.84638321641813,1
QOWRAV10,OC(=O)c1ccc(cc1)c1cc(cc(c1)c1ccc(cc1)C(=O)O)c1ccc(cc1)C(=O)O,Cu,16.32854,2.75018,16.32854,small pore,0.43026067262114676,0.3465783664459161,0.004211946172031107,266.65044378745415,1
QOWRAV11,OC(=O)c1ccc(cc1)c1cc(cc(c1)c1ccc(cc1)C(=O)O)c1ccc(cc1)C(=O)O,Cu,16.31588,2.7401,16.31588,small pore,0.4288474585537711,0.3454746136865342,0.004175035748194673,265.84405643895536,1
QOWRAV12,OC(=O)c1ccc(cc1)c1cc(cc(c1)c1ccc(cc1)C(=O)O)c1ccc(cc1)C(=O)O,Cu,16.29304,2.73431,16.29304,small pore,0.4288460668391711,0.3454746136865342,0.004175035748194673,265.8424858367458,1
QOZXUZ,OC(=O)c1ccc(s1)C(=O)O,Gd,1.64612,0.76147,1.63971,nonporous,0.4,1.0,0.0,3.993658238359095,404
QOZYUA01,CC(=CC[C@@H]1C(=O)C(=O)c2c(C1=O)cccc2)C,Mn,2.26837,1.80976,2.25743,nonporous,0.37396039858140284,1.0,0.0,2.9999215411336557,751
QOZYUA03,CC(=CC[C@@H]1C(=O)C(=O)c2c(C1=O)cccc2)C,Mn,2.37114,1.88967,2.34581,nonporous,0.4,1.0,0.0,2.9999318822387777,751
QQQDHD01,OC(=O)c1ccc(cc1)C(=O)O,Na,1.119,0.45322,1.11551,nonporous,0.8215094509121836,0.6086956521739131,0.06456062602307659,12.535551721533501,114
QQQDSD01,OC(=O)C(=O)O,Rb,1.8122,0.78099,1.8061,nonporous,0.4,1.0,0.0,2.9989893304171353,752
QUDGED,OC(=O)c1ccc(nc1)c1ccc(cn1)C(=O)O,Zn,9.12367,5.66071,9.12367,medium pore,0.7593497346797821,0.13842058562555457,9.859070944397398e-05,132.8530080178307,3
QUGNOV,ON1C=C[C@H](C=C1)C(=O)O,Cd,3.55496,2.9708,3.55496,small pore,0.6956546308811871,0.0024691358024691358,0.0,1.6986026755088166,69
QUHMEN,OS(=O)(=O)O,Gd,1.52021,0.74667,1.45291,nonporous,0.0,1.0,0.0,0.9955817379507867,753
QUHMOX,OS(=O)(=O)O,Gd,2.48358,2.05004,2.48358,nonporous,0.0,1.0,0.0,0.9955817379507867,753
QUMFUB,OC(=O)c1ccc(o1)C(=O)O,Mn,6.17873,3.70632,6.16879,small pore,0.0,1.0,0.0,0.9966593087102532,622
QUMGAI,O[C@H]([C@H](C(=O)O)O)[C@@H]([C@@H](C(=O)O)O)O,Ba,1.489,0.79173,1.40937,nonporous,0.0,1.0,0.0,1.8186444077707629,249
QUNMOC,c1cnn[nH]1,Cd,1.75509,1.10286,1.75509,nonporous,0.3771106922369654,1.0,0.0,4.998215555297604,508
QUNMUI,c1cnn[nH]1,Cd,6.44375,4.70033,6.44375,medium pore,0.4,1.0,0.0,4.999275684606708,508
QUQFIS,OC(=O)c1cc(cc(c1)C(=O)O)c1cc(cc(c1)c1cc(cc(c1)C(=O)O)C(=O)O)c1cc(cc(c1)C(=O)O)C(=O)O,Zn,5.3916,4.78453,5.36415,medium pore,0.7565090183121492,0.3824312333629104,0.0010313483547905768,369.8687561031785,3
QUQSIG,OC(=O)C[C@@H](C(=O)O)O,Ba,1.48752,0.69707,1.45853,nonporous,0.0,1.0,0.0,0.9990840937141136,665
QUSBIQ,OC(=O)c1ccc(cc1)C(=O)O,Cd,8.4207,8.22176,8.4207,large pore,0.8218041103483513,0.4493827160493827,0.015510602670956065,312.2097080673153,69
QUZVEO,OC(=O)c1ccc(o1)C(=O)O,Dy,6.70188,4.7405,6.65677,medium pore,0.3942270261287469,1.0,0.0,2.858813398747519,754
RAGREY,n1ccc(cc1)c1ccncc1,Cu,6.91275,6.07316,6.90845,medium pore,0.8869458542730168,0.5610859728506787,0.029347616771784258,106.05914034395822,56
RAKPEZ,OP(=O)(CN1CCN(CC1)CP(=O)(O)O)O,La,4.6239,3.09512,4.61871,small pore,0.4,1.0,0.0,1.9971697391663612,254
RAMRUV,Cc1nnn[nH]1,Zn,4.56782,2.83285,4.56782,small pore,0.4,1.0,0.0,7.991084215918379,57
RAMSUT01,O=C1C(=O)C(=O)C1=O,Cd,5.21149,0.86946,4.93998,nonporous,0.4,1.0,0.0,4.979128754195017,13
RANZAI,OC(=O)CCC(=O)O,Gd,2.9375,1.65397,2.92078,nonporous,0.9197402597402596,0.9230769230769231,0.051648351648351645,10.695399131210696,36
RAPFOG,n1ccc(cc1)N(c1ccncc1)CN(c1ccncc1)c1ccncc1,Ag,4.47906,3.66975,4.47906,small pore,0.0,1.0,1.0,1.7337137576307886,624
RASXEP,OC(=O)c1[nH]cnc1C(=O)O,Sm,4.29699,2.0925,4.04345,nonporous,0.4,1.0,0.0,2.6153604895094005,279
RASXIT,OC(=O)C1=NC=N[C@@H]1C(=O)O,Eu,4.34867,1.91055,4.08405,nonporous,0.0,1.0,0.0,0.9995392032732244,757
RATDAS02,OC=O,Zn,4.66685,3.62287,4.62068,small pore,0.4,1.0,0.0,67.89162734578254,47
RATSAI,OC(=O)c1ccc(s1)C(=O)O,Dy,3.16194,1.67762,2.45597,nonporous,0.4,1.0,0.0,4.986455872207088,210
RAVGIG,OC(=O)c1cc(ccc1Sc1ccncc1)C(=O)O,Cd,2.70364,1.17058,2.61601,nonporous,0.3963618151241196,0.06296296296296296,0.00010571110999481435,41.97804984404394,69
RAVWAO,Cc1cc(c(cc1c1ccc(c(c1)O)C(=O)O)C)c1ccc(c(c1)O)C(=O)O,Mg,17.92515,17.51393,17.92515,large pore,0.520628223680329,0.1592920353982301,0.008904970472848078,15.31879979467167,226
RBTCNQ12,N#CC(c1ccc(cc1)C(C#N)C#N)C#N,Rb,1.84058,1.22231,1.72094,nonporous,0.0,1.0,0.0,0.9999357781788188,759
RBTCNQ13,N#CC(c1ccc(cc1)C(C#N)C#N)C#N,Rb,1.96035,1.27061,1.74288,nonporous,0.0,1.0,0.0,0.9999357781788188,759
REGJIW02,O=C1C(=O)C(=O)C1=O,Co,4.15741,3.75438,4.15741,small pore,0.36874802875916546,1.0,0.0,7.929930528745259,741
REGREC,OC(=O)c1cc(cc(c1)C(=O)O)C(=O)O,Zn,6.54974,4.82886,6.54974,medium pore,0.7045666035800227,0.5474711623779946,0.0036151397835099235,535.1319111791779,3
REGXOS,O=N(=O)c1ncc[nH]1,Co,19.50731,7.12452,19.5073,medium pore,0.4,1.0,0.0,1.9999377224472372,471
REMMIG,C(Cc1ccncc1)Cc1ccncc1,Cd,3.3951,1.398,3.20296,nonporous,0.8076619410792641,0.0641025641025641,0.0,4.861347766771635,256
RENHAW,c1ncn(c1)c1ccc(cc1)C(c1ccc(cc1)n1cncc1)(c1ccc(cc1)n1cncc1)c1ccc(cc1)n1cncc1,Ag,4.5832,3.56293,4.5832,small pore,0.0,1.0,0.0,0.8124675179246154,603
REQDIB,OC(=O)c1ccc(cc1)C(=O)O,Yb,2.76255,1.62313,2.76255,nonporous,0.7566117791243703,0.8181818181818182,0.033492648793969265,32.08587380631041,370
REVYUO,c1cc(nc(c1)n1cnnc1)n1cnnc1,Cd,4.59117,3.58127,4.57307,small pore,0.0,1.0,0.0,0.999971556495616,201
REXYAX,OC(=O)c1ccc(cc1Oc1ccc(cc1)C(=O)O)C(=O)O,Cd,4.7561,4.40063,4.7561,medium pore,0.41080276024242557,0.08888888888888889,0.00010229282076021903,61.00791529866749,69
REYCUV,OC(=O)c1cc(OCc2ccc(cc2)COc2cc(cc(c2)C(=O)O)C(=O)O)cc(c1)C(=O)O,Zn,2.93682,1.32583,2.93682,nonporous,0.7505130141475509,0.13664596273291926,0.0007839357863066204,130.67145191429745,3
REZJIR02,OC=O,Mn,4.7149,2.73373,4.7149,small pore,0.39975635817454536,1.0,0.0,177.91539354907948,24
REZXOK,OC(=O)c1ccc2c(c1)ccc(c2)C(=O)O,Fe,13.52682,10.6216,13.52682,large pore,0.3823331014494693,0.391304347826087,0.0004384109741524205,46.356421125377054,113
RICHAN,OC(=O)[C@@H]1CC[C@H](CC1)C(=O)O,La,2.69719,1.5278,2.55168,nonporous,0.4,1.0,0.0,3.994188639317652,387
RIFPEB,[O-][n+]1cc[n+](cc1)[O-],Mn,1.45537,0.90197,1.43869,nonporous,0.0,1.0,0.0,0.8076915140516683,764
RIFQIG,OC(=O)C(=O)O,Ce,1.41676,0.81303,1.41613,nonporous,0.39979629038107306,1.0,0.0,2.9985676850276706,765
RIFQIG01,OC(=O)C(=O)O,Ce,1.47267,0.82635,1.47267,nonporous,0.4,1.0,0.0,2.998569031992993,765
RIGHAR,OC(=O)c1ccncc1,Cd,5.39438,2.93523,5.38354,small pore,0.41085227439898286,0.254320987654321,0.0033784470356062616,174.81699965662,69
RIGTIL,OC(=O)c1cc(C(=O)O)c(cc1C(=O)O)C(=O)O,Zn,6.02864,4.29629,6.00613,medium pore,0.7593287103302879,0.14729370008873116,0.0014400753424903933,142.66367357742925,3
RILFEA,OC(=O)c1cc(cc(c1)C(=O)O)C(=O)O,Cu,11.14843,5.26898,11.14842,medium pore,0.7106243534426435,0.5706401766004415,0.004492508739350556,449.5927638038878,1
RILJOO,[O-][n+]1ccc(cc1)C(=O)Nc1cc(cc(c1)C(=O)O)C(=O)O,Ca,21.68013,21.58249,21.68013,large pore,0.10017452289178227,0.0847457627118644,0.0004039025858149971,8.17731871132509,66
RINTUF,OC(=O)c1ccc(cc1)C(=O)O,Dy,5.38979,2.14918,5.28636,nonporous,0.8083047428553405,0.584070796460177,0.03802435552276862,57.17500698186158,181
RIPPAJ,c1ccc2c(c1)[nH]cn2,Zn,5.7775,2.17077,5.57884,nonporous,0.16024969545795786,1.0,0.0,6.9880780354103225,669
RIQFAB,OC(=O)Cc1cccc(c1)CC(=O)O,Dy,2.75836,1.32751,2.73332,nonporous,0.40000000000000074,1.0,0.0,2.625702011750824,715
RISTAQ,ONC(=O)c1ccc(cc1)N,Zn,3.5263,2.42521,3.5263,small pore,0.7593409235496378,0.005323868677905946,0.0,5.539674898116662,3
RISXAT01,OC(=O)c1ccc(cc1)C(=O)O,Ho,2.60783,1.54578,2.1498,nonporous,0.9053064194631526,0.6222222222222222,0.1342243643758795,24.365785504940277,708
ROCZEQ,OC(=O)c1ccncc1,Cd,5.07221,4.34105,5.06379,medium pore,0.42600296650635483,0.25925925925925924,0.00476739740512004,177.7224627991727,69
ROFREL,OC(=O)c1cc(cc(c1)C(=O)O)c1cc(cc(c1)C(=O)O)C(=O)O,Bi,6.65308,4.6189,6.65308,medium pore,0.829866261318083,0.6190476190476191,0.006467120181405896,11.557369409729448,176
ROGRUB,OC(=O)[C@@H]1[C@H](C(=O)O)[C@H](C(=O)O)[C@H]([C@@H]([C@H]1C(=O)O)C(=O)O)C(=O)O,Cd,1.79427,0.83778,1.79199,nonporous,1.0,1.0,0.03333333333333333,5.5194306562457705,378
ROJSUF,OS(CCP(=O)(O)O)(O)O,Sr,1.864,1.25139,1.864,nonporous,0.384025108493006,1.0,0.0,2.6177320480476833,489
ROJSUF01,OS(CCS(O)(O)O)(O)O,Sr,1.84564,1.24038,1.83419,nonporous,0.4,1.0,0.0,2.6177529680173492,489
ROLCEC01,OC=O,Cu,2.8069,2.40387,2.8069,small pore,0.39910636530130433,1.0,0.0,66.85206560915131,46
ROLCEC03,OC=O,Cu,2.81164,2.37219,2.80471,nonporous,0.4,1.0,0.0,66.86333692218356,46
ROLCEC11,OC=O,Cu,2.84524,2.28782,2.84524,nonporous,0.3997631754730264,1.0,0.0,66.89798740097685,46
ROLZEZ,OC(=O)[C@@H]1C=CN(C=C1)Cc1c(C)c(CN2C=C[C@H](C=C2)C(=O)O)c(c(c1C)CN1C=C[C@H](C=C1)C(=O)O)C,Eu,6.54271,5.20454,6.54271,medium pore,0.40000000000000074,1.0,0.0,1.8844260717859482,745
RORRIB,OC(=O)[C@@H]1C[C@@H](C[C@@H](C1)C(=O)O)C(=O)O,U,2.26651,1.26783,2.25811,nonporous,0.0,1.0,0.0,1.747866991893058,119
ROSKIV,OC(=O)Cc1ccc(cc1)c1[nH]nnn1,Zn,2.61455,1.28483,2.59393,nonporous,0.6328901870412424,0.13013698630136986,0.24988190836088806,15.746265873658597,128
ROYSOP,OC(=O)c1cc2ccccc2c(c1O)Cc1c(O)c(cc2c1cccc2)C(=O)O,Eu,4.7192,1.49284,4.43928,nonporous,0.7919661046662854,0.020242914979757085,0.0,4.413601059837783,12
ROYTIK,OC(=O)c1cc2ccccc2c(c1O)Cc1c(O)c(cc2c1cccc2)C(=O)O,Er,4.80833,1.43384,4.80833,nonporous,0.8603141461754218,0.033707865168539325,0.0,2.619480555125545,365
RUBTAK04,OC(=O)c1ccc(cc1)C(=O)O,Zr,8.73929,3.8669,8.73929,small pore,0.753648654196571,0.9438202247191011,0.009973927433462221,148.36138709350257,143
RUBTAK05,OC(=O)c1ccc(cc1)C(=O)O,Zr,8.72137,3.8551,8.72137,small pore,0.753645011102832,0.9438202247191011,0.009973927433462221,148.3600427154536,143
RUBTAK07,OC(=O)c1ccc(cc1)C(=O)O,Zr,8.72079,3.85646,8.72079,small pore,0.7536465341353157,0.9438202247191011,0.009973927433462221,148.36060474640465,143
RUBTAK08,OC(=O)c1ccc(cc1)C(=O)O,Zr,8.7506,3.87613,8.7506,small pore,0.7536526070963077,0.9438202247191011,0.009973927433462221,148.3628457964667,143
RUBTAK09,OC(=O)c1ccc(cc1)C(=O)O,Zr,8.7392,3.86679,8.7392,small pore,0.7536485883580769,0.9438202247191011,0.009973927433462221,148.36136279771645,143
RUBZIY01,OC(=O)c1ccc(cc1)C(=O)O,Pb,1.63272,1.1012,1.60884,nonporous,0.7363858790562395,0.5732484076433121,0.03283538018093276,79.14066350998625,127
RUFMUA,OC(=O)c1cc(cc(c1)C(=O)O)C(=O)O,Ca,3.02403,1.55848,3.00578,nonporous,0.9642719088090161,0.4830508474576271,0.02262407047938139,49.1050440225894,66
RUGJEK,OC=O,Lu,1.32623,0.82856,1.32623,nonporous,0.4,1.0,0.0,2.9997701512665107,498
RUGJIO,OC=O,Sm,4.04139,2.83688,4.04139,small pore,0.3419297507445663,1.0,0.0,1.9995168163009336,743
RUGJOU,OC=O,Ho,3.96917,2.7608,3.91948,small pore,0.39968653488995187,1.0,0.0,3.9965278802844875,495
RUGJUA,OC=O,Tm,3.92869,2.72588,3.92648,small pore,0.36446079455236036,1.0,0.0,4.9984167660462475,496
RUGKAH,OC=O,Lu,3.92683,2.69591,3.92683,small pore,0.0,1.0,0.0,2.9991631356437147,498
RUPRUQ,OC(=O)c1ccc(cc1)C(=O)O,Ti,12.24162,4.61974,10.90059,medium pore,0.4,1.0,0.0,2.5556069397845396,600
RUPTED,OC(=O)c1cnccn1,Cu,4.59143,3.67652,4.57694,small pore,0.3889589788130885,0.65,0.0450187969924812,11.77006700105868,341
RUPVAB,OC(=O)c1cc(cc(c1)C(=O)O)C(=O)O,Zn,13.61739,3.6974,13.61739,small pore,0.6581044907290295,0.49245785270629994,0.0027696815168346757,481.69165952584643,3
RUPZIM,OC(=O)c1ccc(cc1)N,Zn,3.50631,3.25672,3.50631,small pore,0.7647578384501705,0.36024844720496896,0.0029264185776154993,343.7230455934189,3
RUTNOK01,[C]N1CN(c2c1c(c1ccc(cc1)C(=O)O)c1c(c2c2ccc(cc2)C(=O)O)N(CN1[C])[C])[C],Zn,25.02682,12.50018,25.02682,large pore,0.6986601668065844,0.12688553682342502,0.0,118.73949451553081,3
RUVBOB,OC(=O)c1ccc(cc1)n1cnnc1,Cd,6.09913,3.98908,5.99424,small pore,0.41895623278948724,0.10617283950617283,0.0017177557783454966,71.78592909989784,69
RUXWEM03,OC(=O)c1ccc(cc1)c1ccc(cc1)C(=O)O,Cd,1.77323,1.0011,1.75623,nonporous,0.5351674804617734,0.34074074074074073,0.003473877501887992,237.2591956620364,69
RUXXAJ01,OC(=O)CNCC(=O)O,Ag,1.64774,0.65055,1.61004,nonporous,0.8392857142857143,0.6666666666666666,0.18055555555555555,5.212283252376734,110
RUYGEY,OC(=O)c1ccc(cc1)C(=O)O,Sn,2.0221,0.72686,2.01209,nonporous,0.9999999999999999,1.0,0.16666666666666666,2.7313810668540146,706
RUYGEY01,OC(=O)c1ccc(cc1)C(=O)O,Sn,2.0312,0.75321,1.99728,nonporous,0.99996810068981,1.0,0.16666666666666666,2.731463897987089,706
RUYVIS,OC(=O)c1ccc(cc1)C#Cc1cc(C#Cc2ccc(cc2)C(=O)O)cc(c1)C#Cc1ccc(cc1)C(=O)O,Eu,14.87999,13.20018,14.87999,large pore,0.24317025964475159,0.22672064777327935,0.0005274842800198915,47.02562954673598,12
RUZCIA,COc1ccc(cc1C(=O)O)c1ccc(c(c1)C(=O)O)OC,Ca,2.32996,1.35984,2.02843,nonporous,0.4,1.0,0.0,1.9983345255573277,769
SABJUD,OC(=O)c1cc(ccc1C(=O)O)C(=O)O,Ag,1.85867,1.30525,1.85541,nonporous,0.4659120174146078,0.11061946902654868,0.007530672716521202,20.871249083535186,73
SABWAU,OC(=O)c1ccc(cc1)C(=O)O,Al,2.95152,2.73369,2.95152,small pore,0.9958920474759086,0.8260869565217391,0.009865599517805764,50.54285654018559,183
SACCAD,OC(=O)c1ccc(cc1)n1cnnc1,Zn,5.38202,4.36225,5.38003,medium pore,0.7593507554175073,0.13309671694764863,5.598522707190909e-05,127.70080311102112,3
SADBOQ,OC(=O)c1oc(cc(=O)c1)C(=O)O,Tb,2.70377,1.64042,2.70377,nonporous,0.0,1.0,0.0,1.7296916501722372,601
SADZUV,NCCCC[C@@H](C(=O)O)NC(=O)[C@H](Cc1nc[nH]c1)NC(=O)CN,Cu,5.79693,4.08467,5.79679,medium pore,1.0,1.0,1.0,1.7820519087578335,770
SAFBAF,NCC(=O)N[C@H](C(=O)NCC(=O)O)Cc1c[nH]cn1,Cu,8.31802,5.91118,8.0467,medium pore,0.0003457544947759406,0.5,0.0,0.8914112161722733,770
SAHBEJ,OC(=O)C(=O)O,Fe,4.07549,2.99176,4.07549,small pore,0.4,1.0,0.0,13.79845874211174,178
SAHDAH,OC(=O)c1ccncc1,Tl,4.46571,1.79335,4.3655,nonporous,0.561976063330813,0.3333333333333333,0.5333333333333333,1.6166254110289002,678
SAHTIF,N#CC(C#N)C#N,Fe,1.62125,1.21111,1.62125,nonporous,0.0,1.0,0.0,0.9999999957482778,771
SAHTIF01,N#CC(C#N)C#N,Fe,1.62133,1.21063,1.62133,nonporous,0.0,1.0,0.0,0.9999999957482778,771
SAHYAD02,Nn1c(nnc1c1cccc(c1)c1ccncc1)c1cccc(c1)c1ccncc1,Cd,5.10253,4.11698,5.09058,medium pore,0.6514811295030898,0.7435897435897436,5.842111105268999e-06,57.26313751785425,256
SAHYIK,OC(=O)c1ccc(cc1)C(=O)O,Zn,14.9462,7.84062,14.90887,medium pore,0.7063248104535933,0.6042590949423248,0.0028033770902092126,597.4786914258048,3
SAJLEX,OC(=O)c1cccc(n1)C(=O)O,Sm,4.04283,2.13624,4.04283,nonporous,0.7461915645724787,0.14444444444444446,0.014296613922426605,11.3755074590996,16
SAKFAO,OC(=O)c1cccc(n1)C(=O)O,Sm,4.07322,1.82201,4.07322,nonporous,0.8552765174608705,0.14444444444444446,0.014296613922426605,11.374021089745266,16
SAMVEK,OC(=O)c1ccc(cc1)C(=O)O,Mn,7.83578,6.98017,7.83578,medium pore,0.8108709440332895,0.5365344467640918,0.017881228877355625,221.35644644415052,225
SAPHOI,Oc1c2Cc3cc(cc(c3O)Cc3cc(cc(c3O)Cc3cc(cc(c3O)Cc3c(c(Cc4c(c(Cc5c(c(Cc1cc(c2)S(O)(O)O)cc(c5)S(O)(O)O)O)cc(c4)S(O)(O)O)O)cc(c3)S(O)(O)O)O)S(O)(O)O)S(O)(O)O)S(O)(O)O,Ba,7.15519,3.63273,7.15519,small pore,0.0,0.5,0.0,1.6123053711061706,531
SAPQUY,CC(=O)Nc1cc(ccc1C(=O)O)C(=O)O,Ce,8.44957,4.11568,8.3808,medium pore,0.6923497768842706,0.11627906976744186,0.0,8.259766567676126,17
SAQCIZ,OC(=O)c1ccc(cc1)S(=O)(=O)c1ccc(cc1)C(=O)O,Pb,4.45278,3.82408,4.43526,small pore,0.5318798954239989,0.2611464968152866,0.000371789625417334,34.92489025787928,127
SAQFUM01,c1ccc(cc1)c1nnn[nH]1,Zn,2.34241,1.1943,2.28603,nonporous,0.545613586507858,0.1780821917808219,0.008158441510044908,22.356979591692294,128
SAQQEH,OC(=O)c1ccc(cc1)c1ccc(cc1)C(=O)O,Ho,10.10258,9.1133,10.10258,large pore,0.5811447947595474,0.4666666666666667,0.04037515802667318,18.31078573040691,708
SAQQOR,OC(=O)c1ccc(cc1)c1ccc(cc1)C(=O)O,Y,10.10233,9.03016,10.09643,large pore,0.7817821395353153,0.8333333333333333,0.058214103709471283,25.861702308193703,41
SAQSAF01,S=c1[nH]c(=S)[nH]c(=S)[nH]1,Cu,1.69508,0.87981,1.6791,nonporous,0.38105323513154876,1.0,0.0,3.9998872058570774,773
SAQSAF02,S=c1[nH]c(=S)[nH]c(=S)[nH]1,Cu,1.72117,0.91226,1.68065,nonporous,0.4,1.0,0.0,3.9999341699239417,773
SAZQEQ,n1ccc(cc1)/C/1=C\2/C=CC(=N2)/C(=c/2\cc/c(=C(\C3=N/C(=C(\c4[nH]c1cc4)/c1ccncc1)/C=C3)/c1ccncc1)/[nH]2)/c1ccncc1,Zn,7.09643,5.03919,7.08227,medium pore,0.5279496876213725,0.1506849315068493,0.06468463568132918,19.65793653097539,128
SEFVEG,Cc1ncc[nH]1,Zn,11.62207,3.83082,11.62207,small pore,0.815307489821183,0.967741935483871,0.0030624534388848813,81.4941271626484,353
SEFVEG02,Cc1ncc[nH]1,Zn,11.62204,3.83235,11.62204,small pore,0.8153079168854369,0.967741935483871,0.0030624534388848813,81.49415122703057,353
SEHSII,OC(=O)c1cc(cc(c1)C(=O)O)C(=O)O,Tb,3.1781,0.95009,3.14562,nonporous,0.6384131301758955,0.5279187817258882,0.028453296038225356,88.81183543620706,22
SEJHEV,C#Cc1ccc(cc1)C#N,Ag,2.32444,1.11067,2.3139,nonporous,0.44934217614690986,0.10176991150442477,0.0509311413533606,18.78708196340117,73
SEJSUW,OC(=O)C[C@@H](C(=O)O)O,Co,1.90522,0.88122,1.90522,nonporous,0.0,1.0,0.0,0.9977715764740228,400
SEKQEH,OC(=O)c1cc(cc(c1)n1cncc1)C(=O)O,Tb,1.94835,0.88601,1.63296,nonporous,0.4973864253669875,0.04060913705583756,7.959072895962078e-06,6.65010034887632,22
SEQJOQ,OC(=O)c1ccc(cc1)[Si](c1ccc(cc1)C(=O)O)(c1ccc(cc1)C(=O)O)c1ccc(cc1)C(=O)O,U,2.96817,2.23333,2.96682,nonporous,0.7224833131898751,0.2054794520547945,0.002692220492986048,13.046936086134869,451
SEQSEO01,OC(=O)c1ccc(cc1)c1cncc(c1)C(=O)O,Ni,2.08829,1.11482,2.05181,nonporous,0.5310189291377743,0.35416666666666663,0.00785929937529634,57.13967271330641,60
SEQWIW,OC(=O)c1ccc(cc1)c1ccc(cc1)C(=O)O,La,2.66993,1.90082,2.65775,nonporous,0.7074484119358717,0.32903225806451614,0.14237980138557305,43.91407176643255,32
SERKAC,OC(=O)c1cncc(c1)C(=O)O,Er,8.94248,8.36992,8.94248,large pore,0.09871349417837011,0.3146067415730337,0.005150759111050564,23.358105468272306,365
SETQOZ,OC(=O)c1ccc(cc1)C(=O)O,Fe,7.77892,7.20448,7.77842,medium pore,0.698397019784275,0.6231884057971014,0.009553378077343052,76.38291342384181,113
SETQUF,OC(=O)c1ccc(cc1)C(=O)O,Fe,7.79123,7.22765,7.79123,medium pore,0.6983861692335754,0.6231884057971014,0.009553378077343052,76.38081988907561,113
SEYFAE,OC(=O)CN(CP(=O)(O)O)CC(=O)O,Er,3.37424,2.6231,3.30175,small pore,0.0,1.0,0.0,0.8640930978220736,742
SEZCIM,CCCC1=N[C@H](C(=N1)C(=O)O)C(=O)O,Co,2.56488,1.22684,2.51413,nonporous,0.4,1.0,0.0,2.9998457839267276,776
SEZCIM02,CCCc1nc(c([nH]1)C(=O)O)C(=O)O,Co,2.54717,1.23775,2.49823,nonporous,0.4,1.0,0.0,6.740782275524542,0
SEZCOS,CCCC1=N[C@H](C(=N1)C(=O)O)C(=O)O,Co,2.79464,1.2386,2.76149,nonporous,0.13158441088016845,1.0,0.0,2.999766818872721,776
SIJYEQ,OC(=O)c1cc(ccc1C(=O)O)C(=O)O,Ca,1.60052,0.87746,1.60052,nonporous,0.5416878424685684,0.3220338983050847,0.05551959652621949,31.530476686551065,66
SIKCIA,OC(=O)c1cc(OCc2ccc(cc2)c2ccccc2C(=O)O)cc(c1)C(=O)O,Zn,4.88017,1.77712,4.88017,nonporous,0.6819025501211173,0.031055900621118012,0.00014269712294153912,29.787214198904326,3
SIKYER,OC(=O)c1ccc(cc1)C(=O)O,Eu,4.79281,3.13442,4.78856,small pore,0.49731833174941775,0.611336032388664,0.023536425776037942,130.90582423166592,12
SIRBIG01,OC=O,Mg,4.00636,2.31894,4.00284,nonporous,0.38807798683965306,1.0,0.0,83.89818854199022,50
SIRTEV,OP(=O)(CCP(=O)(O)O)O,Sb,1.44871,0.79583,1.44806,nonporous,0.0,1.0,0.0,0.8499915825551411,347
SIWJAM,C1=NCC=N1,Zn,5.25573,2.33719,5.21755,nonporous,0.4,1.0,0.0,6.9967172634822825,359
SIWTOJ,OC(=O)c1cc(OCn2cncn2)cc(c1)C(=O)O,Cd,2.34746,1.16286,2.33614,nonporous,0.36834588370878363,0.025925925925925925,0.00011096488851738636,17.112672114405836,69
SIWYOO,OC=O,Zn,3.60677,1.90155,3.60648,nonporous,0.38979855350269194,1.0,0.0,67.9072471075769,47
SIXDUZ,n1ccc(cc1)c1nnn[nH]1,Ag,1.58438,0.83961,1.58438,nonporous,0.35574428643137024,0.030973451327433628,0.02175024582104228,5.954911012330321,73
SIXWON,OC(=O)c1ccc(cc1)N(Cc1ccc(cc1)C(=O)O)Cc1ccc(cc1)C(=O)O,Zn,7.93181,4.96322,7.93181,medium pore,0.7032165552558368,0.14906832298136646,8.638500340857119e-06,141.81365715260722,3
SIYGIT,OC(=O)c1nccnc1C(=O)O,Dy,3.1397,2.04163,3.13767,nonporous,0.0,1.0,0.0,0.8091695562018812,784
SIZGEO,OC(=O)c1cc(cc(c1)C(=O)O)C(=O)O,Cd,4.71719,3.11365,4.26778,small pore,0.393483886143038,0.41604938271604935,0.00841038007952455,287.59488659051266,69
SOBDOF,OC(=O)c1cncc(c1)C(=O)O,Mn,5.58021,5.42387,5.58021,medium pore,0.6242887832130425,0.19415448851774528,0.0026418613444686,78.48139786474631,225
SOGWIV,OC(=O)C(=O)O,Cd,4.69238,4.34641,4.68412,medium pore,0.12736860296830985,0.7142857142857142,0.0,4.975240434598164,723
SOGXET,O[C@H]([C@@H](C(=O)O)O)C(=O)O,Ce,2.18254,0.67011,2.17336,nonporous,0.40000000000000074,1.0,0.0,3.8882461540048228,546
SOHYEV,O[C@H]([C@H](C(=O)O)O)C(=O)O,Cs,1.50333,0.86499,1.50333,nonporous,0.22955001900631944,1.0,0.0,1.9975913403605023,786
SOHYOF,O[C@@H]([C@@H](C(=O)O)O)C(=O)O,Cs,1.43433,0.75323,1.43433,nonporous,0.4,1.0,0.0,1.9985159863698194,786
SOJKOT07,OC=O,Co,3.58879,1.8722,3.58879,nonporous,0.3997227042587838,1.0,0.0,66.88874376387464,44
SOKWAS,OC(=O)c1ccc(s1)C(=O)O,U,1.95713,1.25585,1.93316,nonporous,0.0,1.0,0.0,0.998504148817629,787
SOKWAS01,OC(=O)c1ccc(s1)C(=O)O,U,2.16324,0.98883,1.96285,nonporous,0.0,1.0,0.0,0.998504148817629,787
SOPROF,c1ccc(cc1)SCC#CCSc1ccccc1,Cu,2.3375,1.52671,2.31029,nonporous,0.0,1.0,0.0,0.9989739383617708,748
SOSSEA,Cc1ccc2c(n1)c(O)c(cc2c1ccncc1)c1ccncc1,Cd,4.66195,3.46039,4.66195,small pore,0.6514810693676409,0.02564102564102564,0.0,1.6384005419281107,256
SOWWUY,OC(=O)CCCCCC(=O)O,Cs,2.32818,1.17584,2.32818,nonporous,0.4,1.0,0.0,1.9350294523313571,790
SOWXAF,OC(=O)CCCCCC(=O)O,Rb,2.04925,0.96726,2.03898,nonporous,0.4,1.0,0.0,2.863177187596191,479
SOWXEJ,OC(=O)CCCCC(=O)O,Rb,1.88675,0.84585,1.88675,nonporous,0.3990662156210867,1.0,0.0,2.8589985800758395,479
SOWYEK01,OC(=O)CCCCCCC(=O)O,K,1.753,0.81176,1.75234,nonporous,0.399534181999411,1.0,0.0,1.9349258103959563,458
SRFORA06,OC=O,Sr,1.8326,1.31045,1.83247,nonporous,0.4,1.0,0.0,3.9960654608752946,791
SRFORM02,OC=O,Sr,1.90135,0.87938,1.66585,nonporous,0.35488128833535487,1.0,0.0,3.990770573684534,791
SUFROA,N#Cc1cc(C#N)c(cc1C#N)C#N,Cu,5.45181,5.00801,5.45026,medium pore,0.4,1.0,0.0,5.391252638235868,636
SUGTEV,Nc1cc(ccc1c1cc(cc(c1)c1ccc(cc1N)C(=O)O)c1ccc(cc1N)C(=O)O)C(=O)O,Zn,8.40181,5.30301,8.38598,medium pore,0.7593297825340422,0.18278615794143746,4.455095372906635e-05,169.4670051925447,3
SUHHOT,O[C@H]([C@H](C(=O)O)O)C(=O)O,La,2.66433,0.83622,2.66433,nonporous,0.4,1.0,0.0,6.883098171226565,545
SUNDUB,OC(=O)[C@@H]1CCC[C@@H](C1)C(=O)O,Zn,2.75668,1.21495,2.75534,nonporous,0.5135678822111737,0.4,0.35555555555555557,3.3701421647329726,666
SUQHUJ,OC(=O)c1ccc(o1)C(=O)O,In,7.02225,4.08623,7.02225,medium pore,0.0,1.0,0.0,0.9999924711609272,792
SUQJEV,OC(=O)c1ccc(o1)C(=O)O,In,6.37976,3.62837,6.37041,small pore,0.0,1.0,0.0,0.9999924711609272,792
SURKUN,OC(=O)c1ccc(cc1)C(=O)O,Zr,8.75193,3.87567,8.75193,small pore,0.7536516266833118,0.9438202247191011,0.009973927433462221,148.3624840034948,143
SURKUN01,OC(=O)c1ccc(cc1)C(=O)O,Zr,8.71483,3.85255,8.71483,small pore,0.7536453330261121,0.9438202247191011,0.009973927433462221,148.36016151190032,143
SUTBUF,O=C1c2cc(ccc2c2c1cc(cc2)C(=O)O)C(=O)O,Sr,2.37615,1.08857,2.37615,nonporous,0.779304130076861,0.2647058823529412,0.0,15.058171857537006,122
SUXWIT,OC(=O)c1ccc(c2c1cccc2)C(=O)O,Cd,2.00161,1.48459,2.00161,nonporous,0.36607385430636985,0.03950617283950617,0.0014503325831380306,26.74876734736665,69
SUXYOA,[O-][n+]1cc[n+](cc1)[O-],Er,4.22707,2.45409,4.2235,small pore,0.0,1.0,0.0,0.8089150952151312,793
SUZTAI,OC(=O)C(=O)O,Cd,1.14875,0.61455,1.14835,nonporous,1.0,1.0,0.047619047619047616,6.599778072534441,723
TABFOT,O=C(c1ccccc1)Nc1nnn[nH]1,Cd,2.46102,1.80275,2.46102,nonporous,0.40015600096813236,0.008641975308641974,0.0014770874623553558,6.14399160989105,69
TACPET,O[C@H]([C@H](C(=O)O)O)[C@@H]([C@@H](C(=O)O)O)O,Zn,6.05043,5.93526,6.05043,medium pore,0.3432469617575407,1.0,0.0,2.999999661472552,794
TACPIX,O[C@H]([C@H](C(=O)O)O)[C@@H]([C@@H](C(=O)O)O)O,Zn,6.13034,6.01926,6.13034,medium pore,0.4,1.0,0.0,2.9999997970556707,794
TACTUP,OC(=O)c1ccnc(c1)c1cc(cc(n1)c1nccc(c1)C(=O)O)c1ccco1,Zn,7.60138,2.80887,7.60095,small pore,0.6958464920459699,0.019520851818988466,7.834005328484673e-07,19.149227197535655,3
TADWIG,Oc1cc(c2ccc(cc2)C(=O)O)c2c(c1c1c(O)cc(c3c1ccc(c3)c1ccc(cc1)C(=O)O)c1ccc(cc1)C(=O)O)ccc(c2)c1ccc(cc1)C(=O)O,Zn,11.58848,11.02314,11.58848,large pore,0.7564539607765163,0.14551907719609583,0.000329442394000822,133.71332618783103,3
TAFBEJ,OC(=O)CCn1ccnc1c1nccn1CCC(=O)O,Cd,5.01203,2.62337,5.01203,small pore,0.526135732657854,0.25,0.0,3.8100121005920284,483
TAFBIN,OC(=O)CCn1ccnc1c1nccn1CCC(=O)O,Cd,4.8995,3.22763,4.8995,small pore,1.0,0.25,0.0,3.811225863873517,483
TAGTIH,OC(=O)c1ccc(o1)C(=O)O,Mg,7.16399,4.04763,7.16399,medium pore,0.0,1.0,0.0,0.996085740652652,746
TAJTIK,OC(=O)c1ccc(cc1)C(=O)O,Sc,3.93032,2.98921,3.81376,small pore,0.7034920634920635,0.9787234042553191,0.0002422800757675873,45.149237805079025,7
TAKGIY,OC(=O)c1ccc(cc1)CN1C=CN(C1)c1cc(cc(c1)C(=O)O)C(=O)O,Zn,6.90762,6.13543,6.88939,medium pore,0.7593315787681896,0.0044365572315882874,1.4210242276612471e-05,4.308332005834568,3
TAMHUM,n1ccnc(c1)Cc1nccnc1,Ag,11.15569,7.259,11.15569,medium pore,0.6232828477661521,0.09292035398230089,0.07708693142321436,19.203643807300487,73
TARQAF,OC(=O)c1cc(ccc1O)S(O)(O)O,Cs,2.4388,1.08926,2.22457,nonporous,0.0,1.0,0.0,0.9998054856565212,795
TASJUT,C[C@H](c1nccnc1)N/N=C(\C(=N/N[C@H](c1nccnc1)C)\c1ccccc1)/c1ccccc1,Ag,4.86587,4.0363,4.85893,medium pore,0.0,1.0,0.0,0.8718976881544009,796
TATBUO,OS(c1cccc2c1cccc2S(O)(O)O)(O)O,Y,2.42118,1.02245,2.41632,nonporous,0.0,1.0,0.0,0.9996746654261982,797
TATFOL,c1ncn(c1)CCn1cncc1,Ni,3.86122,3.11039,3.70718,small pore,0.0,1.0,0.0,0.9335228303688629,692
TATSIS,OC(=O)c1ccncc1,Co,4.50574,2.42795,4.44285,small pore,0.4759293610017763,0.30116959064327486,0.003015094284089372,176.98968760449756,55
TATSIS01,OC(=O)c1ccncc1,Co,4.4461,2.40976,4.16413,small pore,0.47595749906948087,0.30116959064327486,0.003015094284089372,177.00901335847337,55
TAVDEC,OP(=O)(c1cc(cc(c1)P(=O)(O)O)c1cc(cc(c1)P(=O)(O)O)P(=O)(O)O)O,Y,3.56716,1.21297,3.40986,nonporous,0.007425840779615101,1.0,0.0,1.9869083015361952,798
TEBDAI,O=C1C(=O)[C@@H](n2ncnc2)C(=O)C(=O)[C@H]1n1ncnc1,Mn,2.56879,1.61864,2.56159,nonporous,0.0,1.0,0.0,0.9999999243607112,799
TEBDEM,O=C1C(=O)[C@@H](n2ncnc2)C(=O)C(=O)[C@H]1n1ncnc1,Mn,4.28522,2.70232,4.28522,small pore,0.0,1.0,0.0,0.9999999243607112,799
TECTUS,OC(=O)c1cc(cc(c1)C(=O)O)C(=O)O,Ca,2.19698,1.21856,2.19281,nonporous,0.5417282342862989,0.4830508474576271,0.02262407047938139,49.12326326254012,66
TECVEE,OC(=O)c1cc(cc(c1)C(=O)O)C(=O)O,Ca,6.22747,4.16979,6.10646,medium pore,0.5415661503943343,0.4830508474576271,0.02262407047938139,49.130512550742154,66
TEDMEX,c1cnc(cn1)c1[nH]nc(n1)c1ncn[nH]1,Mn,5.28216,1.53474,5.23651,nonporous,0.6877137337058816,0.0041753653444676405,0.004175365344467641,1.7455405136964561,225
TEDPIC,N#CC(=C1C(=O)C(=C(C#N)C#N)C(=O)C1=O)C#N,Rb,1.8574,0.8682,1.8487,nonporous,0.0,1.0,0.0,0.9999997428328856,800
TEDWIL03,C(CCn1ccnn1)CCn1ccnn1,Fe,4.39476,1.91112,4.38641,nonporous,0.3951619551437034,1.0,0.0,8.999914794673572,801
TEDWIL08,C(CCn1ccnn1)CCn1ccnn1,Fe,4.43123,1.94967,4.43123,nonporous,0.4,1.0,0.0,8.999921759410586,801
TEFWIL,OC(=O)c1[nH]cnc1C(=O)O,In,18.14487,5.70739,18.14256,medium pore,0.0,0.5,0.0,0.8007446507232436,705
TEFWOR,OC(=O)C1=NC=N[C@@H]1C(=O)O,In,8.09863,4.61943,8.09392,medium pore,0.11347273219166709,1.0,0.0,1.9966028594291059,344
TEHMOJ,OC(=O)/C=C/C(=O)O,Ce,1.88199,0.69964,1.74982,nonporous,0.0,1.0,0.0,0.9905377164913204,701
TEJXIQ,N#CC(=C1C(=O)C(=C(C#N)C#N)C(=O)C1=O)C#N,Rb,1.90179,0.88614,1.89615,nonporous,0.0,1.0,0.0,0.9999997428328856,800
TEKDUI,O[C@@H]([C@@H](C(=O)O)O)C(=O)O,Mn,3.4417,1.08416,3.4417,nonporous,0.4,1.0,0.0,3.9072035812063346,415
TEKYOX01,OC(=O)c1cc(cc(c1)N(=O)=O)N(=O)=O,Ag,1.79457,1.13796,1.78724,nonporous,0.37213964062532845,0.022123893805309734,0.0,4.215418014127873,73
TELMII,OC(=O)[C@@H](n1c(=O)c2cccc3c2c(c1=O)ccc3)C,K,1.84232,1.02534,1.80259,nonporous,0.4,1.0,0.0,3.999980422126895,670
TELMII01,OC(=O)[C@@H](n1c(=O)c2cccc3c2c(c1=O)ccc3)C,K,1.84232,1.02534,1.80259,nonporous,0.4,1.0,0.0,3.999980422126895,670
TEPJOP,OC(=O)c1ccc(cc1)Oc1ccc(cc1)C(=O)O,La,2.71063,1.38302,2.71063,nonporous,0.4065252141583833,0.25161290322580643,0.0067555276221740795,33.04536891511039,32
TEPWOD,OC(=O)c1ccc(cc1)C(=O)O,Hf,7.64761,3.71421,7.64761,small pore,0.0,0.9583333333333333,0.23600759144237407,19.860276352054488,689
TEQPEM,S=C1CS[C@@H](S1)C(=O)O,Zn,17.26116,9.15882,17.25496,large pore,0.0,1.0,0.0,0.802764957866502,691
TEQVES,Cc1cc(cc(c1)C(=O)O)C(=O)O,Zn,2.57287,1.47432,2.53681,nonporous,0.7627167110207954,0.290150842945874,0.0006002135214828499,276.24637068768317,3
TEVVOI,OC(=O)c1ccc(cc1)c1ccc(cc1)c1ccncc1,Ni,2.93847,1.11371,2.79991,nonporous,0.5816572984137873,0.375,0.010649906212421125,63.10604648010473,60
TEVZOK,OC=O,Zn,4.56225,3.53201,4.55739,small pore,0.3913450651508356,1.0,0.0,67.89559540269724,47
TEYCAD,[O-][n+]1ccc(cc1)C(=O)Nc1ccc(cc1)C(=O)O,Pb,9.52229,8.92338,9.52229,large pore,0.19925945938494902,0.15286624203821658,1.729285514940458e-05,20.38776350039772,127
TEYMAO,n1nnc([nH]1)c1cc(cc(c1)c1n[nH]nn1)c1nnn[nH]1,Fe,15.76655,9.84089,15.71714,large pore,0.3999748068541976,1.0,0.0,5.820780228550072,444
TEYREW,OC(=O)CCC(=O)O,Tm,2.87356,1.57858,2.87356,nonporous,0.0,1.0,0.0,0.999994573321566,803
TEYREW01,OC(=O)CCC(=O)O,Tm,2.85405,1.59783,2.85188,nonporous,0.0,1.0,0.0,0.999994573321566,803
THOXLB03,OC(=O)C(=O)O,Cs,1.8022,0.95077,1.78696,nonporous,0.4,1.0,0.0,1.997701804566215,804
TIDLID,n1ncn(c1)CCn1cnnc1,Cd,4.2096,4.02928,4.2096,medium pore,0.16441439201621882,0.09090909090909091,0.10606060606060606,2.6979377938252895,430
TIDNIF,OC(=O)c1cc(cc(c1)c1ccncc1)C(=O)O,Co,2.62435,1.49938,1.92857,nonporous,0.41872518108581935,0.2573099415204678,0.003989249782464199,150.78562307084977,55
TIDWIO,CCCc1[nH]nc(n1)CCC,Ag,2.88176,1.82757,2.8677,nonporous,0.3999907682006512,1.0,0.0,3.649733237815147,697
TIKXAN,OC(=O)c1cc(cc(c1)C(=O)O)C(=O)O,In,6.23514,5.51669,6.23514,medium pore,0.752771916357837,0.7323232323232324,0.011195685015253467,126.12628179919123,70
TILFUQ,OC(=O)C#CC(=O)O,Tl,1.53189,1.0587,1.53189,nonporous,0.0,1.0,0.0,0.9999986559041631,805
TILFUQ01,OC(=O)C#CC(=O)O,Tl,1.53066,1.05567,1.51969,nonporous,0.0,1.0,0.0,0.9999986559041631,805
TILHAZ,OC(=O)CCCCC(=O)O,Co,7.88517,3.18703,7.37203,small pore,0.9995392868006023,0.9565217391304348,0.0011625203441060219,20.16376299936304,130
TIMMIM,C[C@@H](c1nccnc1)N/N=C(\[C@@H](c1ccccc1)N/N=C(/c1nccnc1)\C)/c1ccccc1,Ag,6.25048,3.64019,6.17157,small pore,0.0,1.0,0.0,0.8718976881544009,796
TIPRIT01,O=C1C(=O)C(=O)C1=O,Fe,5.04321,0.98556,4.5088,nonporous,0.4,1.0,0.0,3.993510603627134,346
TISPAO,OC(=O)c1cc(cc(c1)C(=O)O)C(=O)O,Cu,11.19866,4.57331,11.1892,medium pore,0.7094603824432075,0.5684326710816777,0.005039371883646491,447.5667438010054,1
TIVYAZ,OC(=O)c1cc(cc(c1)C(=O)O)C(=O)O,Co,7.23413,4.4149,7.23021,medium pore,0.8424404020771906,0.4678362573099415,0.016339411523869557,271.12509077203623,55
TOFQEM,OC(=O)c1ccncc1,Cd,4.70069,3.85298,4.69536,small pore,0.6934723377500962,0.25925925925925924,0.00476739740512004,177.83058815240997,69
TOHJIL,OP(=O)(CCP(=O)(O)O)O,U,4.95348,2.59113,4.95329,small pore,0.4,1.0,0.0,2.752754995848168,108
TOHQAK,O=N(=O)c1ccc(c(c1)S(O)(O)O)O,Pb,2.16742,1.03007,2.16513,nonporous,0.0,1.0,0.0,0.8666166476081312,34
TOHRUF,OC(=O)Cn1cnnn1,Ni,1.76539,1.21376,1.75722,nonporous,0.9999999999999999,1.0,0.16666666666666666,2.6631484243116414,644
TOHYIA,OC(=O)c1cc(C(=O)O)c(nc1C)C,Eu,2.21719,1.12039,2.21719,nonporous,0.5454024847747968,0.024291497975708502,0.0,5.115987950943694,12
TOJDAY,[O-][n+]1ccc(cc1)CCc1cc[n+](cc1)[O-],Mn,4.5594,1.99599,4.5594,nonporous,0.0,1.0,0.0,0.8076915140516683,764
TOJVUJ,OP(=O)([C@@H]1CC[C@H](CC1)P(=O)(O)O)O,Zn,2.12634,1.41886,2.12324,nonporous,0.0,1.0,0.0,0.9499396124331316,806
TOKKUB,N#Cc1ccc(cc1)[Si](c1ccc(cc1)C#N)(c1ccc(cc1)C#N)c1ccccc1,Ag,2.3023,1.45846,2.29978,nonporous,0.6238521358271996,0.008849557522123894,0.0,1.7994393126830763,73
TOLPEQ,O=N(=O)c1nnn[nH]1,Cs,1.28569,0.76622,1.24634,nonporous,0.0,1.0,0.0,0.834071860657307,807
TOLPIU,O=N(=O)c1nnn[nH]1,Rb,1.6326,0.70619,1.6326,nonporous,0.0,1.0,0.0,0.8347800781312411,808
TONBOO,OC(=O)c1ccc2c(c1)ccc(c2)C(=O)O,Co,2.93141,1.3996,2.45668,nonporous,0.3590906313984391,0.23976608187134502,0.0009206527270519822,136.97122402574013,55
TONBUU,OC(=O)c1cc(cc(c1)C(=O)O)C(=O)O,Ni,5.52603,3.85788,5.48011,small pore,0.6743573425812137,0.43229166666666663,0.01541580248394009,71.84216398500395,60
TONMEQ,OC(=O)c1c(cccc1C(=O)O)Oc1cc(cc(c1)C(=O)O)C(=O)O,Ba,3.36423,1.15692,3.30933,nonporous,0.798810741742876,0.11235955056179775,0.019722947591427665,8.312664021078941,54
TONQOD,OC(=O)c1ccc(cc1)c1cc(c2ccc(cc2)C(=O)O)c(cc1c1ccc(cc1)C(=O)O)c1ccc(cc1)C(=O)O,Zn,5.88959,5.40377,5.87042,medium pore,0.7593341660130912,0.42147293700088734,0.0014794693762091387,402.8909681909121,3
TONVAV,N#CC(c1ccc(cc1)C(C#N)C#N)C#N,Zn,8.16519,3.8611,8.16519,small pore,0.0,1.0,0.0,0.9990788558452012,392
TOVJAR,OC(=O)c1ccc(cc1)c1cc(cc(c1)c1ccc(cc1)C(=O)O)c1ccc(cc1)C(=O)O,Fe,11.70828,8.52361,11.69792,large pore,0.48146109209452503,0.463768115942029,0.002458272777382904,56.68738712404352,113
TOXHAR,OC(=O)COc1ccc(cc1)c1c(C)c(c2ccc(cc2)OCC(=O)O)c(c(c1C)c1ccc(cc1)OCC(=O)O)C,Zn,4.89337,4.30259,4.89291,medium pore,0.7045087127755247,0.002661934338952973,0.0,2.7260967502770397,3
TOXMUQ,OC(=O)c1cc(cc(c1)C(=O)O)c1cc(cc(c1)C(=O)O)C(=O)O,Al,6.89787,6.74832,6.89787,medium pore,0.7159260909206784,0.6956521739130435,0.004215673888355505,42.00644148090195,183
TUDJAE,Cc1ncc[nH]1,Zn,11.47105,3.53181,11.47105,small pore,0.8153069399259512,0.967741935483871,0.0030624534388848813,81.48771776244135,353
TUDJUY,Cc1ncc[nH]1,Zn,11.44809,3.4869,11.44809,small pore,0.8153067870029684,0.967741935483871,0.0030624534388848813,81.48631037112531,353
TUHSOG,OC(=O)c1ccc(cc1)/C/1=C\2/C=CC(=N2)/C(=c/2\cc/c(=C(\C3=N/C(=C(\c4[nH]c1cc4)/c1ccc(cc1)C(=O)O)/C=C3)/c1ccc(cc1)C(=O)O)/[nH]2)/c1ccc(cc1)C(=O)O,Ti,14.35519,12.67999,14.35519,large pore,0.3760863005003259,1.0,0.0,2.6344413090908754,600
TULLIX,OC(=O)c1cc(cc(c1)Oc1ccc(cc1)C(=O)O)Oc1ccc(cc1)C(=O)O,Cd,7.93799,7.23028,7.85613,medium pore,0.42613330011987044,0.15925925925925927,0.0006695057644018394,109.81384650875842,69
TUTZUD,OC(=O)Cc1ccc(cc1)CC(=O)O,Er,3.19446,1.54144,3.18414,nonporous,0.40000000000000074,1.0,0.0,2.6201380699985624,282
UBUMOW,S=c1n(CCCCn2ccn(c2=S)C)ccn1C,Ag,4.07989,1.68842,3.33433,nonporous,0.0,1.0,0.0,1.9975069277305069,617
UDEPOK,OC(=O)C1=NC(=N[C@@H]1C(=O)O)c1ccccn1,Pb,2.68089,1.44101,2.64163,nonporous,0.3547091439690121,1.0,0.0,1.9984355910746192,810
UDESIG,O=N(=O)[C@H]1C=C(N(=O)=O)C(=O)C(=C1O)N(=O)=O,Rb,1.57791,0.7908,1.33545,nonporous,0.8,0.75,0.16666666666666666,2.6554772784788447,811
UDESIG01,O=N(=O)[C@H]1C=C(N(=O)=O)C(=O)C(=C1O)N(=O)=O,Rb,1.5652,0.79821,1.31106,nonporous,0.9523726477713215,0.75,0.16666666666666666,2.6551046860993375,811
UDISAD,OC(=O)[C@@H]1C[C@H](C(=O)O)[C@@H](C[C@@H]1C(=O)O)C(=O)O,Tb,5.04926,1.0172,5.04926,nonporous,0.4,1.0,0.0,2.8208493788875244,238
UDISUX,OC(=O)[C@@H]1C[C@H](C(=O)O)[C@@H](C[C@@H]1C(=O)O)C(=O)O,Yb,5.19711,0.89957,5.19711,nonporous,0.3986461742835594,1.0,0.0,1.8298124612854392,613
UDITEI,OC(=O)[C@@H]1C[C@H](C(=O)O)[C@@H](C[C@@H]1C(=O)O)C(=O)O,Ho,5.19679,0.91398,5.19679,nonporous,0.0,1.0,0.0,0.821211558649861,239
UDUMIP,OC(=O)c1cc(cc(c1)C(=O)O)C(=O)O,Ag,2.06917,0.73524,1.46506,nonporous,0.6228534428314751,0.1415929203539823,0.025592392021146625,27.578310552474104,73
UDUMIP03,OC(=O)c1cc(cc(c1)C(=O)O)C(=O)O,Ag,2.01566,0.70617,1.41686,nonporous,0.6227737360901471,0.1415929203539823,0.025592392021146625,27.57218550834061,73
UFATEA,OC(=O)c1ccncc1,Ni,2.85438,1.18389,2.83889,nonporous,0.671143505647388,0.4375,0.01333256243127931,71.53094317050474,60
UFATEA01,OC(=O)c1ccncc1,Ni,5.37516,4.09815,5.35189,medium pore,0.6714997456912315,0.4375,0.013179955439931978,71.66907714809642,60
UFIJOK,S=c1[nH]c(=S)[nH]c(=S)[nH]1,Rb,1.44352,0.78857,1.44352,nonporous,0.0,1.0,0.0,0.999844918781029,812
UFIJUQ,S=c1[nH]c(=S)[nH]c(=S)[nH]1,Rb,1.71231,0.83456,1.66906,nonporous,0.0,1.0,0.0,0.999844918781029,812
UFIKAX,S=c1[nH]c(=S)[nH]c(=S)[nH]1,Cs,1.76064,0.90885,1.76064,nonporous,0.0,1.0,0.0,0.9999635150466876,813
UFIKAX01,S=c1[nH]c(=S)[nH]c(=S)[nH]1,Cs,2.22072,1.08372,2.19961,nonporous,0.0,1.0,0.0,0.9999635150466876,813
UFIRUX,OC(=O)c1ccc(cc1)C(=O)O,In,3.56507,1.92938,3.23481,nonporous,0.8382493494089354,0.797979797979798,0.013822808354992758,137.76302808367214,70
UFIYIR,OC(=O)c1ccc(cc1)C(=O)O,In,1.95531,1.03122,1.91823,nonporous,0.8055306875984478,0.787878787878788,0.011427461929948413,136.0906546431105,70
UFOSEQ,OC(=O)c1ccc(cc1)C(=O)O,Zr,8.70964,3.84732,8.70964,small pore,0.7536425599476497,0.9438202247191011,0.009973927433462221,148.35913818774782,143
UGIXOZ,OC(=O)/C=C/C(=O)O,La,1.88204,0.68622,1.27927,nonporous,0.0,1.0,0.0,0.8979386770185686,602
UGUGUZ,OC(=O)c1nc(C(=O)O)c(nc1C(=O)O)C(=O)O,Yb,4.60362,2.20794,4.60171,nonporous,0.0,1.0,0.0,0.8460362917289658,523
UGUKEN,OC(=O)c1cc[n+](cc1)[O-],Ag,4.12025,2.08533,3.58552,nonporous,0.7962854504892142,0.03982300884955752,4.9164208456243854e-06,7.5196007843362045,73
UGUNOZ,Oc1ccc(c2c1nccc2)S(O)(O)O,Na,1.63389,0.74158,1.63389,nonporous,0.9999999999999999,1.0,0.6666666666666666,2.568018910751996,756
UGUQOC,OC(=O)c1cc(C(=O)O)c(cc1C(=O)O)C(=O)O,Zn,6.31745,6.07206,6.29399,medium pore,0.7032201851814599,0.14551907719609583,0.0013679689984911344,140.63557984495307,3
UHAXOS,OS(CCS(O)(O)O)(O)O,Er,5.87477,1.27592,5.87355,nonporous,0.0,1.0,0.0,0.8060996760604933,345
UHEBOA,OC(=O)c1cc(cc(c1)C(C)(C)C)C(=O)O,Pb,6.25683,2.01161,6.25229,nonporous,0.7363759068704396,0.08280254777070065,0.00031749712459973073,10.969033647436218,127
UHISEK,OC(=O)c1cccc(c1)C(=O)O,Eu,4.62036,2.94968,4.54474,small pore,0.5147716508789182,0.3967611336032389,0.015175193482699722,82.66691802116108,12
UHOGEF,OC(=O)[C@H]1CC[C@@](C1(C)C)(C)C(=O)O,Mn,4.81309,3.28597,4.78487,small pore,0.3954765158564897,1.0,0.0,4.995163340058674,634
UHOKOR,c1ccncn1,Co,1.81592,1.20897,1.78813,nonporous,0.21846547711611494,1.0,0.0,1.9998757725910745,149
UKIQIP,OC(=O)c1ccc(cc1)c1cc(cc(c1)C(=O)O)C(=O)O,Mn,7.8019,4.53449,7.59267,medium pore,0.6752491252747037,0.38622129436325675,0.012970827470904169,157.20098990310484,225
UKOLOV,[C]N(c1ccc(cc1)C(=O)O)[C],Zn,5.33634,3.9852,5.31484,small pore,0.6531023400105109,0.19787045252883764,1.0504374043592274e-05,190.93143112504296,3
ULAQAB,OC(=O)COc1cc(OCC(=O)O)c2cc1[C@H](c1ccc(cc1)C)c1cc(c(cc1OCC(=O)O)OCC(=O)O)[C@H](c1ccc(cc1)C)c1cc([C@H](c3cc([C@H]2c2ccc(cc2)C)c(OCC(=O)O)cc3OCC(=O)O)c2ccc(cc2)C)c(cc1OCC(=O)O)OCC(=O)O,Zn,5.27643,3.51743,4.89733,small pore,0.9999999999999998,1.0,0.6666666666666666,2.4970310396998427,94
ULAXUB,OC(=O)Cc1cccc(c1)CC(=O)O,Ce,2.5936,1.15074,2.5936,nonporous,0.0,1.0,0.0,1.824562308736117,450
ULAZAJ,OC(=O)Cc1cccc(c1)CC(=O)O,Nd,2.5607,0.99517,2.06094,nonporous,0.5018878672618494,0.03875968992248062,0.0,4.3584205965492036,18
ULEGOH,OC(=O)C1(CCCC1)NCc1ccccc1O,Cu,6.13177,4.39371,6.11357,medium pore,0.0,1.0,0.0,1.6220888701227199,515
ULISOZ,OC(=O)c1cc(cc(c1)C(=O)O)C(=O)O,Zn,6.51796,4.57602,6.50954,medium pore,0.7564048165132886,0.546583850931677,0.003596683143786082,534.4548138533047,3
ULUCUZ,OC(=O)CN(CC(=O)O)CC(=O)O,Eu,2.27947,1.15572,2.16141,nonporous,0.0,1.0,0.0,0.999478107409172,475
ULUPUM,OC(=O)COCC(=O)O,Co,2.20949,1.57975,2.20484,nonporous,0.4,1.0,0.0,1.9976813604681327,684
ULUPUM01,OC(=O)COCC(=O)O,Co,2.39749,1.74305,2.31063,nonporous,0.3261294223479581,1.0,0.0,1.9971806112761805,684
UMARIL,OC(=O)c1cc(c2ccc(cc2)C(=O)O)c(cc1c1ccc(cc1)C(=O)O)C(=O)O,Mg,4.504,2.16241,4.50015,nonporous,0.657751824130703,0.34513274336283184,0.12197031847532298,32.46153121876549,226
UMAROR,OC(=O)c1cc(c2ccc(cc2)C(=O)O)c(cc1c1ccc(cc1)C(=O)O)C(=O)O,Ag,2.17897,1.08669,2.17897,nonporous,0.34228975808428386,0.08407079646017698,0.0013086235510928164,15.513625896963367,73
UMORIY,OC(=O)c1nnn[nH]1,Cd,2.76515,1.53939,2.62341,nonporous,0.40441275025628354,0.01728395061728395,1.3512843317847175e-06,12.076303514594859,69
UMUBEL,CCOc1c(cc(cc1c1ccc(cc1)C(=O)O)c1cc(c2ccc(cc2)C(=O)O)c(c(c1)c1ccc(cc1)C(=O)O)OCC)c1ccc(cc1)C(=O)O,Cu,10.43068,5.31454,10.43068,medium pore,0.7135617415436866,0.10816777041942605,5.082052892842543e-05,88.14813167040127,1
UNINIQ,n1nnc([nH]1)c1cc(cc(c1)c1n[nH]nn1)c1nnn[nH]1,Cr,15.4172,9.69899,15.3743,large pore,0.3975270361515868,1.0,0.0,10.999898715650225,802
UNINUC,n1nnc([nH]1)c1cc(cc(c1)c1n[nH]nn1)c1nnn[nH]1,Cr,15.4591,9.6595,15.44468,large pore,0.4,1.0,0.0,10.999896330026845,802
UNIRUF01,O[C@H]([C@H](C(=O)O)O)C(=O)O,Li,1.66211,1.02899,1.59806,nonporous,0.4,1.0,0.0,22.98788278856605,693
UNIRUF05,O[C@H]([C@H](C(=O)O)O)C(=O)O,Li,1.45044,1.02995,1.42407,nonporous,0.38818356008487176,1.0,0.0,22.982568302144436,693
UPEMUZ,OC(=O)c1cc(ccc1c1cccnc1)C(=O)O,Mn,2.75905,0.87862,2.49854,nonporous,0.7000435284657242,0.09812108559498955,0.0007061359472596221,39.06301034563712,225
UPIBOM,OC(=O)c1cc(cc(c1)C(=O)O)C(=O)O,Tb,5.89684,5.56281,5.89684,medium pore,0.6467238275504235,0.5380710659898477,0.02742617255579241,90.67351083344845,22
UPUJEW,OC(=O)c1c2nccnc2c(c2c1nccn2)C(=O)O,Zn,15.01218,4.23483,15.01218,medium pore,0.2693849896610545,0.4,0.0,1.8402769058214008,437
UQEFED,OC(=O)c1ccc(cc1)S(=O)(=O)c1ccc(cc1)C(=O)O,Ca,4.88753,3.53737,4.88753,small pore,0.5416624566732531,0.4067796610169492,0.0019161775934586167,42.61730675691315,66
UQOWUU,Cc1nnn[nH]1,Cu,5.90125,3.62484,5.90125,small pore,0.522610903724505,0.75,0.0,2.8012394980488597,596
UQUTUX,OC(=O)c1ccc(cc1)c1cc(cc(c1)c1ccc(cc1)C(=O)O)c1ccc(cc1)C(=O)O,Dy,4.61016,1.56429,4.59342,nonporous,0.527301735823126,0.37168141592920356,0.003955669485738409,36.338084778793096,181
UQUTUX01,OC(=O)c1ccc(cc1)c1cc(cc(c1)c1ccc(cc1)C(=O)O)c1ccc(cc1)C(=O)O,Dy,4.53984,1.53772,4.21229,nonporous,0.5735402366449518,0.37168141592920356,0.003955669485738409,36.349166772219,181
URUFIY,OC(=O)c1ccc(cc1)c1ccc(cc1)C(=O)O,Rb,2.3522,0.91317,2.35141,nonporous,0.7828824933880245,0.30000000000000004,0.013508771929824562,5.277286243181004,318
URUWEL,CC1(C)c2nc3cc4[nH]nnc4cc3nc2C(c2c1nc1cc3[nH]nnc3cc1n2)(C)C,Cu,8.57437,8.27866,8.57437,large pore,0.0,1.0,0.0,1.9994461933885481,816
USICAB02,OC(=O)c1ccc(cc1)n1c(C)nnc1c1cccnc1,Zn,3.14091,1.37852,2.7091,nonporous,0.7647524076942486,0.020408163265306124,0.00011285924086310793,19.366544864671333,3
UTEXUN,OC(=O)c1cccc(n1)C(=O)O,Sr,1.61156,1.02836,1.59104,nonporous,0.7791675980424446,0.11764705882352941,0.0037861950438330062,7.09726413679011,122
UTEZOK,N#CC(C(=C(C#N)C#N)C(=O)c1ccccc1)C#N,Cs,2.36621,1.09503,2.18777,nonporous,0.0,1.0,0.0,0.9140377310256704,594
UVAHIK,OC(=O)c1ccc(cc1)c1ccc(cc1)c1ccc(cc1)C(=O)O,Zr,16.96735,8.58893,16.96735,large pore,0.6639252965429827,0.8539325842696629,0.00511728699151249,135.52297549305334,143
UVASAM,OC(=O)c1ccc(cc1)/C=C/c1ccncc1,Zn,4.74982,3.18885,4.36862,small pore,0.7601111217418635,0.14285714285714285,0.0010780820930756801,137.27061124561658,3
UVELIR01,CC(=O)O,Li,2.65857,2.12336,2.65191,nonporous,0.26961643101271876,1.0,0.0,2.9868470807796825,661
UVELUD,CC(=O)O,Li,1.94843,1.0549,1.94843,nonporous,0.4,1.0,0.0,2.9918461045186118,661
UVETUL,OC(=O)c1cc(cc(c1)n1cnnc1)C(=O)O,Mn,2.16923,1.10122,2.16593,nonporous,0.5089435757615041,0.08559498956158663,3.803408235589095e-06,35.40419147865283,225
UVIKIU,OC(=O)Cc1ccc(cc1)CC(=O)O,Pb,3.23352,1.44343,3.23352,nonporous,0.0,1.0,0.0,0.9995105793613996,817
UVIKOA,OC(=O)Cc1ccc(cc1)CC(=O)O,Pb,2.93163,1.59942,2.93163,nonporous,0.0,1.0,0.0,0.9995105793613996,817
UWAGAB04,OC(=O)c1ccc(cc1)c1ccc(cc1)N(c1ccc(cc1)c1ccc(cc1)C(=O)O)c1ccc(cc1)c1ccc(cc1)C(=O)O,Zn,11.07115,8.99047,10.83226,large pore,0.7593530370392547,0.2484472049689441,8.518527576672688e-05,243.14405279128817,3
UXABUR,OC(=O)/C=C/C=C/C(=O)O,Y,5.25062,5.0217,5.25062,medium pore,0.0,1.0,0.0,3.6759505570251014,728
UXACAY,OC(=O)/C=C/C=C\C(=O)O,Er,5.42504,4.97323,5.42119,medium pore,0.3602211817020646,1.0,0.0,6.573357594596673,729
UXEDOR,OC=O,Er,4.29731,2.68858,4.1997,small pore,0.4,1.0,0.0,19.9933457193178,362
UXISUR,OC(=O)c1cc(cc(c1)C(=O)O)C(=O)O,Cu,11.14915,5.25531,11.14915,medium pore,0.7092759699554435,0.5695364238410596,0.004475409730642579,448.7864658682977,1
UXUWOB,OP(=O)(c1ccc(cc1)P(=O)(O)O)O,Hg,2.19418,1.81701,2.19418,nonporous,0.4,1.0,0.0,2.8190920454529653,815
UXUWUH,OP(=O)(c1ccc(cc1)c1ccc(cc1)P(=O)(O)O)O,Hg,2.27449,1.83561,2.27449,nonporous,0.3808973595061332,1.0,0.0,2.8115750077866952,815
UYAPOA,OC(=O)c1ccc(cc1)c1cc(cc(c1)c1ccc(cc1)C(=O)O)c1cc(cc(c1)c1cc(cc(c1)c1ccc(cc1)C(=O)O)c1ccc(cc1)C(=O)O)c1cc(cc(c1)c1ccc(cc1)C(=O)O)c1ccc(cc1)C(=O)O,Zn,11.10157,4.23257,9.7792,medium pore,0.7032197909210831,0.4454303460514641,0.0013349181453514332,432.6613364930385,3
UYEBOR,OC(=O)c1ccc(cc1)N1NC=NC1,Mg,6.57983,4.78099,6.57161,medium pore,0.8736943734881878,0.02654867256637168,0.0,2.4736440668462745,226
UZATAR,OC(=O)c1cc(C(=O)O)c(cc1C(=O)O)C(=O)O,Er,3.55681,1.6485,3.34321,nonporous,0.8661938986077244,0.1797752808988764,0.009170775639930033,14.213585554031251,365
UZEWUS,[C]c1ncc[nH]1,Zn,11.33462,3.38074,11.33462,small pore,0.9999999999999999,0.7634408602150539,0.0005373176636835152,61.6334856937558,353
UZUNOT,OC(=O)c1c(Cl)c(Cl)c(c(c1Cl)Cl)C(=O)O,Pb,3.10139,1.72795,3.10139,nonporous,0.0,1.0,0.0,1.6114004999241873,155
VABJIS,N#CCCC#N,Ag,4.14215,4.05323,4.14215,medium pore,0.6721791109364081,1.0,0.04029304029304028,12.332903860461114,454
VABKEP,N#CCCC#N,Ag,5.58911,3.80225,5.58216,small pore,0.9962016387101472,1.0,0.04029304029304028,12.434262295683917,454
VACFOV,OC(=O)c1ccc(cc1)C(=O)O,In,7.84546,7.51001,7.84546,medium pore,0.7774107256132464,0.7727272727272728,0.009889965443744554,133.71806464280766,70
VACFOV01,OC(=O)c1ccc(cc1)C(=O)O,In,6.9686,6.75464,6.9686,medium pore,0.7773340686048842,0.7727272727272728,0.009889965443744554,133.69198330141447,70
VADQAS,OP(=O)([C@@H]1CC[C@@H](CC1)[C@@H]1CC[C@@H](CC1)P(=O)(O)O)O,Zn,2.52021,1.35623,2.51947,nonporous,0.0,1.0,0.0,0.9499396124331316,806
VAGVAC,OC(=O)c1ccc(cc1)C(=O)O,Fe,3.82053,3.35075,3.81418,small pore,0.6987213833258232,0.6231884057971014,0.009553378077343052,76.44549700783874,113
VAKLIF,OC(=O)c1ccc(cc1)C(=O)O,Cd,8.6135,7.01422,8.59188,medium pore,0.4326717046175895,0.4666666666666667,0.018522825018510186,324.38887831526705,69
VAKREG,OC(=O)c1ccc(cc1)C(=O)O,Co,7.50217,4.98613,7.49171,medium pore,0.8424949766706701,0.4678362573099415,0.01590057210357948,273.9428398547307,55
VAKRIK,OC(=O)c1ccc(cc1)C(=O)O,Co,7.14118,5.26395,7.13544,medium pore,0.8325055463358337,0.4634502923976608,0.015517925559638886,271.4318278414129,55
VALGAS,OC(=O)c1cccc(c1)c1ccncc1,Zn,3.64918,1.69713,3.64102,nonporous,0.6914463248188435,0.09849157054125998,0.0005562035018472787,91.84644258617779,3
VAMHUM,NCCN,Li,2.11663,1.3179,2.11659,nonporous,0.0,1.0,0.0,0.998525518218682,566
VANHEA,OC(=O)c1ccc(cc1)n1c2cc(ccc2c2c1cc(cc2)c1ccc(cc1)C(=O)O)c1ccc(cc1)C(=O)O,Zn,7.47076,3.93666,7.47076,small pore,0.7565032495209632,0.15350488021295475,2.22218166075082e-05,142.7124965920162,3
VANNIK,OC(=O)c1ccc(cc1)C(c1ccc(cc1)C(=O)O)(c1ccc(cc1)C(=O)O)c1ccc(cc1)C(=O)O,U,12.11733,9.38571,12.11733,large pore,0.7463366628795962,0.1780821917808219,0.0010546979789817568,11.247051711698798,451
VAPBEV,OC(=O)CN1CCN2CCN(CC(=O)O)Cc3ccc(cc3)CN(CCN(CCN(Cc3ccc(C1)cc3)CC(=O)O)CCN(Cc1ccc(CN(CC2)CC(=O)O)cc1)CC(=O)O)CC(=O)O,Eu,6.03075,3.63671,5.97836,small pore,0.4,1.0,0.0,1.9991694244453182,818
VAPBIZ,OC(=O)CN1CCN2CCN(CC(=O)O)Cc3ccc(cc3)CN(CCN(CCN(Cc3ccc(C1)cc3)CC(=O)O)CCN(Cc1ccc(CN(CC2)CC(=O)O)cc1)CC(=O)O)CC(=O)O,Eu,6.06525,3.6162,6.06074,small pore,0.3601670598894998,1.0,0.0,1.9990787834860326,818
VARWUI,OC(=O)C[C@@H](C(=O)O)N,Gd,6.33597,4.94129,6.05455,medium pore,0.0,1.0,0.0,0.8199212135133718,682
VASGII,OC(=O)/C=C/c1c(C)c(/C=C/C(=O)O)c(c(c1C)/C=C/C(=O)O)C,In,8.62656,6.17315,8.60685,medium pore,0.20343614532612264,1.0,0.0,1.9998748030332336,819
VASGUU,OC(=O)/C=C/c1c(C)c(/C=C/C(=O)O)c(c(c1C)/C=C/C(=O)O)C,In,6.24288,4.56068,6.2408,medium pore,0.4,1.0,0.0,1.9999282699387528,819
VAYDEG,Oc1cc(O)c(cc1S(O)(O)O)S(O)(O)O,Li,2.39276,1.50135,2.23244,nonporous,0.9792383016715989,0.75,0.16666666666666666,2.686008803212678,630
VAZTUM,OC(=O)c1ccc(cc1)C(=O)O,Zn,15.07411,7.93508,15.06424,medium pore,0.6898740946438588,0.6060337178349601,0.0028434547370987345,599.0889080979139,3
VEDFER,OC(=O)c1ccncc1,Co,5.91977,3.96749,5.75516,small pore,0.4730683819651077,0.29970760233918126,0.0029240296476139302,176.243539952322,55
VEDFUH,OC(=O)c1ccncc1,Co,5.95596,4.00313,5.95596,medium pore,0.47307040642735754,0.29970760233918126,0.0029240296476139302,176.2449303910609,55
VEDGAO,OC(=O)c1ccncc1,Co,5.63585,3.8285,5.62557,small pore,0.473062480075324,0.29970760233918126,0.0029240296476139302,176.23948642344615,55
VEFLUP,OC(=O)c1ccc2c(c1)ccc(c2)C(=O)O,Co,2.80386,1.37216,2.78515,nonporous,0.3591800855793533,0.23976608187134502,0.0009206527270519822,137.03266283918708,55
VEGMIE,OC(=O)c1ccc(cc1)C(=O)O,Co,7.12647,5.15325,7.1174,medium pore,0.8353902155753523,0.4649122807017544,0.015598210839926527,272.26253895884196,55
VEGMIE01,OC(=O)c1ccc(cc1)C(=O)O,Co,6.88799,5.06176,6.72004,medium pore,0.8324859990982105,0.4634502923976608,0.015517925559638886,271.41840243106924,55
VEGMOK04,OC(=O)c1ccc(cc1)C(=O)O,Zn,7.15867,5.12226,7.15867,medium pore,0.7421608862335058,0.6069210292812778,0.002995607571541222,600.3326524579735,3
VEGNAY01,OC(=O)CN(CP(=O)(O)O)CC(=O)O,Ca,1.79386,1.10236,1.79386,nonporous,0.3977098179220029,1.0,0.0,3.623623648963306,459
VEGXIQ01,OC(=O)c1ccc(cc1)C(C(F)(F)F)(C(F)(F)F)c1ccc(cc1)C(=O)O,Mn,2.94908,2.4818,2.93895,small pore,0.8163040388101379,0.07933194154488517,2.0102789336819595e-06,32.56983385976048,225
VELVIS,c1ccc2c(c1)[nH]cn2,Zn,5.58237,2.39936,5.58236,nonporous,0.4,1.0,0.0,6.988312995020507,669
VELVOY,[C]c1ncc[nH]1,Zn,11.39286,3.40894,11.39286,small pore,0.8153075880857484,0.7634408602150539,0.0005373176636835152,61.63371673182475,353
VEMSUC,OC(=O)c1cc(cc(c1)C(=O)O)C(=O)O,Ni,5.13248,3.64573,5.11696,small pore,0.6743243476097507,0.43229166666666663,0.01541580248394009,71.83579076542574,60
VEMTAJ01,OC(=O)c1cc(cc(c1)C(=O)O)C(=O)O,Co,5.12179,3.8555,5.10283,small pore,0.8130225168323723,0.45321637426900585,0.015453391966095704,262.9525764095677,55
VERQOZ,OC(=O)c1[nH]cnc1C(=O)O,Cd,4.10727,1.46194,4.08826,nonporous,0.4262466664459204,0.0049382716049382715,0.0,3.7967349454082724,69
VESBEC,OS(=O)(=O)O,La,1.44841,0.85145,1.42962,nonporous,0.0,1.0,0.0,0.999138054351136,822
VESBEC01,OS(=O)(=O)O,La,1.45596,0.82055,1.20101,nonporous,0.0,1.0,0.0,0.999138054351136,822
VESBOM,OS(=O)(=O)O,Ce,1.4685,0.80021,1.21699,nonporous,0.0,1.0,0.0,0.9987501653887116,824
VESBOM01,OS(=O)(=O)O,Ce,1.53047,0.78441,1.53047,nonporous,0.0,1.0,0.0,0.9987501653887116,824
VESBUS,OS(=O)(=O)O,Eu,1.51684,0.80152,1.50209,nonporous,0.0,1.0,0.0,0.9980136074197434,825
VESBUS01,OS(=O)(=O)O,Eu,1.52183,0.90688,1.21142,nonporous,0.0,1.0,0.0,0.9980136074197434,825
VESCED,OS(=O)(=O)O,Pr,1.51486,0.78918,1.48615,nonporous,0.0,1.0,0.0,0.9999885811618596,826
VESCED01,OS(=O)(=O)O,Pr,1.50087,0.80201,1.46483,nonporous,0.0,1.0,0.0,0.9999885811618596,826
VEXVAW,OC(=O)c1ccc(cc1)c1cncc(c1)c1ccc(cc1)C(=O)O,Fe,9.76905,5.85667,9.76905,medium pore,0.7797673903420874,0.38405797101449274,0.002091389513388823,45.117226486084256,113
VIBPAZ,[C]CN(CP(=O)(O)O)CP(=O)(O)O,Zr,3.21298,1.18188,3.21298,nonporous,1.0,1.0,1.0,1.6725858198850405,766
VIBPED,[C]N(CP(=O)(O)O)CP(=O)(O)O,Zr,2.23922,1.3432,2.23922,nonporous,0.005161606436590471,0.5,0.0,0.8417237181442757,766
VICDOC,n1[nH]cc(c1)c1ccc(cc1)c1c[nH]nc1,Fe,4.65032,4.08173,4.52436,medium pore,0.4,1.0,0.0,7.856201652855455,8
VIDXOX,OC(=O)c1cc(C(=O)O)c(cc1C(=O)O)C(=O)O,Er,5.04203,3.49958,5.04203,small pore,0.860457507239405,0.19101123595505617,0.014322936020936344,15.016646218672681,365
VIFPUY,OC(=O)c1ccc(cc1)C(=O)O,In,14.83762,14.54314,14.82815,large pore,0.7772620134742498,0.7727272727272728,0.009889965443744554,133.66746767653743,70
VIFPUY02,OC(=O)c1ccc(cc1)C(=O)O,In,14.78923,14.49063,14.78923,large pore,0.7772661588619665,0.7727272727272728,0.009889965443744554,133.66887807950715,70
VIFPUY05,OC(=O)c1ccc(cc1)C(=O)O,In,14.82003,14.52409,14.82003,large pore,0.7772646791396818,0.7727272727272728,0.009889965443744554,133.6683746272736,70
VIHHEA,OC(=O)c1cc(C(=O)O)c(cc1C(=O)O)C(=O)O,V,1.89636,1.28568,1.89256,nonporous,0.4,1.0,0.0,2.854476481300335,399
VIHHUR,OC(=O)CN1C=C[C@H](C=C1)C(=O)O,Mn,3.15153,1.46916,3.07583,nonporous,0.4,1.0,0.0,3.5400139552396537,62
VINMUD01,N=CNC#N,Cd,6.28916,4.19857,6.28781,medium pore,0.0,1.0,0.0,0.9998507629067666,828
VINWOH,Oc1ccc(cc1)S(=O)(=O)c1ccc(cc1)O,K,3.60995,3.15472,3.60745,small pore,0.2249430570279588,0.06818181818181818,0.273784355179704,2.513813538516983,505
VIRJEL,CSc1cc(NC#N)c(cc1NC#N)SC,Ag,3.06356,1.93436,3.01571,nonporous,0.0,1.0,0.0,2.413275292588378,710
VIRJEM,OC=O,Mn,4.00603,2.29629,4.00603,nonporous,0.39918230307280284,1.0,0.0,177.91454307307862,24
VITDUY,OC(=O)[C@@H]1CC[C@@](C1([C])C)(C)C(=O)O,Mg,4.58158,1.86597,4.58158,nonporous,0.39876819938373775,1.0,0.0,3.557325560591851,635
VIWXIJ,OC(=O)CSc1nnc(s1)SCC(=O)O,Cd,1.67345,0.98228,1.6699,nonporous,0.4,1.0,0.0,3.999919681154392,695
VIXGAM,OC(=O)C(=O)O,Zr,3.56488,1.74078,3.56488,nonporous,0.4,1.0,0.0,1.999873987329513,829
VIXGEQ,OC(=O)C(=O)O,Zr,3.49928,1.53627,3.49608,nonporous,0.3182196390553145,1.0,0.0,1.9997225480977607,829
VIYHUI,n1ccc(cc1)c1ccncc1,Cu,6.39038,4.68843,6.39038,medium pore,0.9057962296632462,0.5701357466063349,0.030424896255155747,107.81406686550075,56
VOBKAA,OC(=O)c1c(O)c(O)c(c(c1O)O)C(=O)O,Cd,5.42518,4.23,5.33039,medium pore,0.34656434679955406,0.6000000000000001,0.0,2.4507386791119434,317
VOCQEJ,OC(=O)/C=C/c1cccnc1,Ni,4.92905,3.74227,4.92865,small pore,0.6742906754821347,0.05208333333333333,0.0034358638743455373,8.516694802224333,60
VOCTOW,OC(=O)CC(=O)O,Ba,1.69856,1.00964,1.28775,nonporous,0.0,1.0,0.0,0.8078558619623465,830
VODBEW,OC(=O)c1cccc(c1)C(=O)O,Gd,2.65865,1.32928,2.65849,nonporous,0.6447567148413439,0.339622641509434,0.0410980607838064,45.33873951433306,195
VODLEG,N#CC(C(=O)C(C#N)C#N)C#N,K,2.02831,1.47784,1.73113,nonporous,0.0,1.0,0.0,0.9956904264554752,831
VODLEG01,N#CC(C(=O)C(C#N)C#N)C#N,K,2.00126,0.93286,1.89332,nonporous,0.0,1.0,0.0,0.9956904264554752,831
VODNOS,OC(=O)c1ccncc1,Co,2.25428,1.57841,2.25321,nonporous,0.46589869836902553,0.29532163742690054,0.0028334540580188436,173.81876810056275,55
VOJRUI,OC(=O)c1cc(ccc1O)S(O)(O)O,Nd,1.27659,0.73022,1.27493,nonporous,0.4180201727259668,0.05426356589147287,0.010647667135520752,5.942864150771873,18
VOKCIJ,COc1cc(OC)cc(c1)C(=O)Nc1cc(cc(c1)n1c(C)nnc1CC)C(=O)O,Ag,4.82858,2.26894,4.82858,nonporous,0.04521024005262007,1.0,0.0,10.82318339354767,832
VOKKIP,O=c1[nH]c(=O)[nH]c(=O)[nH]1,K,1.28732,0.65983,1.28732,nonporous,0.4,1.0,0.0,1.9953778158772484,629
VOKKIP02,O=c1[nH]c(=O)[nH]c(=O)[nH]1,K,1.24251,0.67631,1.22375,nonporous,0.31978500839206847,1.0,0.0,1.9942527203768192,629
VOKMUF,CCc1nnc(n1c1cc(NC(=O)c2ccccc2)cc(c1)C(=O)O)C,Ag,5.45964,4.26301,5.45964,medium pore,0.4,1.0,0.0,11.154394172759837,832
VOLQOD,OC(=O)c1ccc(cc1)c1cc(cc(c1)c1ccc(cc1)C(=O)O)c1ccc(cc1)C(=O)O,Zn,11.11497,8.76618,11.11497,large pore,0.7650728617124118,0.47559893522626445,0.0020149345765365463,461.31538360711437,3
VONCOS,OP(=O)(CCCCCP(=O)(O)O)O,Zn,9.07978,8.01294,9.07214,large pore,0.37684078587180425,0.3648648648648649,0.006516105146242131,25.55280153047658,116
VONQOG,c1cnc([nH]1)c1ncc[nH]1,Co,2.6611,1.37978,2.55572,nonporous,0.3998053779069046,1.0,0.0,3.3246111440644985,472
VOPTAX,C[C@H](C(=O)O)Oc1ccc(cc1)Oc1ccc(cc1F)C(=O)O,Zn,2.31122,1.47064,2.19889,nonporous,0.7626948406561531,0.006211180124223603,0.0,5.663403921466532,3
VOQBUZ,n1ccc(cc1)c1ccncc1,Cd,1.62387,1.26029,1.60911,nonporous,0.6514810982349164,0.8846153846153846,0.16622850833377137,56.9704649406821,256
VOQXIK,OC(=O)c1cc(cc(c1)C(=O)O)C(=O)O,Li,5.60402,1.71316,5.597,nonporous,0.9767446674162364,0.7058823529411764,0.02825154476970399,30.801428467288538,158
VOSSUT,OC(=O)c1cc(cc(c1C(=O)O)C(=O)O)C(=O)O,Co,1.80321,0.89196,1.79999,nonporous,0.3599547756440762,0.14766081871345027,0.015781898950887593,83.85020439189498,55
VUGXOM,OC(=O)[C@@H]1C=CN(C=C1)Cc1c(C)c(CN2C=C[C@H](C=C2)C(=O)O)c(c(c1C)CN1C=C[C@H](C=C1)C(=O)O)C,Eu,6.38094,5.32706,6.37853,medium pore,0.39876232782304655,1.0,0.0,1.8840676976198771,745
VUKKET,c1ccc(cn1)c1nnn[nH]1,Cd,1.79385,0.9028,1.79385,nonporous,0.824149537850627,0.03580246913580247,0.001021791345341655,25.184621277460177,69
VUKPUN,OS(c1cccc2c1cccc2S(O)(O)O)(O)O,Y,1.78981,0.89891,1.78981,nonporous,0.0,1.0,0.0,0.9996746654261982,797
VUKSIF,OC(=O)c1ccc(o1)C(=O)O,Zn,5.75842,4.01754,5.61701,medium pore,0.4,1.0,0.0,8.993023162057085,273
VUMXUY02,OC(=O)c1cc(C(=O)O)c(cc1C(=O)O)C(=O)O,Ba,1.6336,0.61953,1.6336,nonporous,0.8432503691229107,0.2247191011235955,0.05408218483320483,17.064699477440747,54
VUNBOW,C(Cn1ncnc1)CCn1ncnc1,Zn,4.41377,1.57799,4.39325,nonporous,0.4,1.0,0.0,1.9864054370130504,574
VUNCOX,OC(=O)c1oc(cc(=O)c1)C(=O)O,Nd,1.88845,0.86635,1.81491,nonporous,0.3926001466090021,1.0,0.0,1.7243419150125667,423
VUNMOI,OC(=O)[C@@H]1[C@H](C(=O)O)[C@H]([C@H]1C(=O)O)C(=O)O,Cu,3.67541,2.55648,3.67541,small pore,1.0,1.0,0.014957264957264954,11.741160216872391,554
VUNNEZ,OC(=O)[C@@H]1[C@@H](C(=O)O)[C@@H]([C@H]1C(=O)O)C(=O)O,Cu,3.83309,3.72859,3.83309,small pore,0.9960132370483117,1.0,0.014957264957264954,11.675029706682894,554
VUQJEX,n1ccc(cc1)c1nnn[nH]1,Cu,1.96237,0.99687,1.96237,nonporous,0.5281504319506614,0.3574660633484163,0.01299318143263219,69.08613737036856,56
VUQJEX01,n1ccc(cc1)c1nnn[nH]1,Cu,1.93923,0.98927,1.93923,nonporous,0.5281593766413444,0.3574660633484163,0.01299318143263219,69.08856618381378,56
VUQKOI,CN(C1=NC(=NP(N1)(Oc1ccncc1)Oc1ccncc1)N(C)C)C,Cd,6.64617,4.58778,6.63291,medium pore,0.0,1.0,0.0,0.8502454261208472,833
VUQKUO,CN(C1=NP(N=C(N1)N(C)C)(Oc1ccncc1)Oc1ccncc1)C,Cd,5.3812,3.93392,5.37363,small pore,0.0,1.0,0.0,0.8502454261208472,833
VURMOL,OC(=O)c1ccc(c(c1)N)C(=O)O,Zn,13.72369,6.45196,13.7204,medium pore,0.7060849710202477,0.2342502218278616,0.0012209217410223724,217.56720923927406,3
VUSKAW,OC(=O)c1ccc(cc1)C(=O)O,Zn,14.98995,7.96636,14.98995,medium pore,0.7641396895888577,0.6060337178349601,0.0028434547370987345,599.1283156295981,3
VUWSAJ,OC(=O)c1ccc2c(c1)ccc(c2)C(=O)O,Nd,5.66844,4.07447,5.66812,medium pore,0.41796644679818484,0.27906976744186046,0.010485018369050669,30.429759173528584,18
VUZTIT,N#CNC#N,Pb,1.47915,0.75339,1.47899,nonporous,0.0,1.0,0.0,0.99985832969637,834
VUZTIT01,N#CNC#N,Pb,1.41257,0.64424,1.41111,nonporous,0.0,1.0,0.0,0.99985832969637,834
VUZVER,OP(=O)(CCCP(=O)(O)O)O,Ni,2.11049,0.80925,2.11049,nonporous,0.0,1.0,0.0,0.9081374955465648,576
WACLEU,OC(=O)c1cc(cc(c1)C(=O)O)c1cc(ccc1C(=O)O)C(=O)O,Mn,2.37058,1.28722,2.37058,nonporous,0.6242785952757143,0.22755741127348642,0.0007141617839369805,90.93525334290544,225
WADDEN,OC(=O)/C=C/C(=O)O,Tb,4.62171,1.11362,4.62087,nonporous,0.0,1.0,0.0,3.9431700987111595,632
WADDIR,OC(=O)/C=C/C(=O)O,Dy,4.39759,1.09429,4.39548,nonporous,0.39598261171775495,1.0,0.0,1.7999510242787666,621
WAMRIN01,Nc1cc(cc(c1)C(=O)O)C(=O)O,Mg,6.84207,6.37441,6.8232,medium pore,0.7974379360123839,0.22123893805309736,0.005456018291701702,21.37429768277266,226
WANJIF,OC(=O)c1cncc(c1)C(=O)O,Cu,2.43621,1.18571,2.25862,nonporous,0.34588985282640144,0.2836644591611479,0.001514587304413843,218.5670320542875,1
WAPYOD,OP(=O)(c1ccc(cc1)c1ccc(cc1)P(=O)(O)O)O,Na,1.68439,0.95148,1.5552,nonporous,0.4,1.0,0.0,2.822736382405994,78
WAPZAQ,OP(=O)(c1ccc(cc1)c1ccc(cc1)P(=O)(O)O)O,Rb,1.693,0.85032,1.63437,nonporous,0.0,1.0,0.0,0.950562359262798,321
WAPZEU,OP(=O)(c1ccc(cc1)c1ccc(cc1)P(=O)(O)O)O,Cs,1.5883,0.93818,1.51165,nonporous,0.0,1.0,0.0,0.9506046123709816,322
WAQTAM,O=C(c1ccc(s1)C(=O)Nc1cc(cc(c1)C(=O)O)C(=O)O)Nc1cc(cc(c1)C(=O)O)C(=O)O,Zn,5.73584,4.01583,5.73584,medium pore,0.7060977676127522,0.0771960958296362,1.0081802369304066e-05,72.71479386467917,3
WAVDUT,OC(=O)[C@@H](P(=O)(O)O)O,Zn,2.84025,1.7691,2.84025,nonporous,0.3494329915779417,1.0,0.0,2.9926166248791,456
WAWGOQ,OC(=O)c1ccc(cc1)/C/1=C/2\C=CC(=N2)/C(=c/2\cc/c(=C(\C3=N/C(=C(\c4[nH]c1cc4)/c1ccc(cc1)C(=O)O)/C=C3)/c1ccc(cc1)C(=O)O)/[nH]2)/c1ccc(cc1)C(=O)O,Zn,10.45647,7.25484,10.06383,medium pore,0.7593344663115907,0.12688553682342502,3.767163280683189e-05,116.9234866168949,3
WAYKAK,OC(=O)c1ccc(cc1)c1ccc(cc1)C(=O)O,Nd,5.49369,3.38547,5.49369,small pore,0.5020274116974015,0.31007751937984496,0.03698213343149274,34.452775983169204,18
WAYWUR,S=c1n(CCCCn2ccn(c2=S)C)ccn1C,Ag,4.80588,2.54195,4.74372,small pore,0.3443654036649605,1.0,0.0,1.9979849293931218,617
WEBLAQ,OC(=O)c1ccncc1,Cd,6.52107,4.50289,6.51269,medium pore,0.4239595208703751,0.2641975308641975,0.0049326214725400235,181.27097970558017,69
WEBTUU,OP(=O)(Cc1cc(cc(c1)CP(=O)(O)O)CP(=O)(O)O)O,La,2.72845,1.60623,2.58103,nonporous,0.4,1.0,0.0,4.590789123313181,537
WEBVAC,OP(=O)(Cc1cc(cc(c1)CP(=O)(O)O)CP(=O)(O)O)O,Ce,2.65712,1.55611,2.59249,nonporous,0.4,1.0,0.0,1.7780496808768147,571
WEBVEG,OP(=O)(Cc1cc(cc(c1)CP(=O)(O)O)CP(=O)(O)O)O,Pr,2.80112,1.60458,2.80112,nonporous,0.4,1.0,0.0,1.7779939906667095,570
WECSAZ,OC(=O)c1ccc(cc1)C(=O)O,Eu,2.76281,1.15379,2.76281,nonporous,0.7625047317606288,0.5910931174089069,0.01895988868893633,126.65495584794225,12
WECSAZ01,OC(=O)c1ccc(cc1)C(=O)O,Eu,2.8623,1.33201,2.8623,nonporous,0.7628538595594531,0.5910931174089069,0.01895988868893633,126.76918156254149,12
WEFDIW,OC(=O)CN(c1cc(ccc1C(=O)O)C(=O)O)CC(=O)O,Sm,3.31978,2.40119,3.29096,small pore,0.5883351236266671,0.044444444444444446,0.022222222222222223,3.2202712370237006,16
WEHHOI,OC(=O)c1cc(OCC(COc2cc(cc(c2)C(=O)O)C(=O)O)(COc2cc(cc(c2)C(=O)O)C(=O)O)COc2cc(cc(c2)C(=O)O)C(=O)O)cc(c1)C(=O)O,Zn,8.33516,5.33037,8.31821,medium pore,0.7018440576017397,0.13220940550133098,0.0003655700177388285,127.20323871890412,3
WEHQAC,N#Cc1ccc(cc1)C#Cc1cccc(c1)c1nnc(o1)c1cccc(c1)C#Cc1ccc(cc1)C#N,Ag,5.88175,4.82341,5.48699,medium pore,0.46590153290678765,0.008849557522123894,0.0,1.8392886519523008,73
WEJWAL,n1ncn(c1)[C@]12C[C@@H]3C[C@H](C1)C[C@](C2)(C3)n1cnnc1,Ag,4.25232,2.63699,4.12124,small pore,0.40000000000000074,1.0,0.0,1.883827116261872,590
WEKWIT,[C]c1nnn[nH]1,Cu,5.91999,3.45356,5.8954,small pore,0.4,1.0,0.0,3.9955286673113237,650
WEKXEQ,CCCc1nnn[nH]1,Ag,3.47949,1.10459,3.47949,nonporous,0.9695067465443175,0.3333333333333333,0.0,0.8906579552344158,516
WEMBUN,OC(=O)C(=O)O,Er,4.73528,4.21093,4.73528,medium pore,0.4,1.0,0.0,1.9997697899112707,295
WEMCIC,OC(=O)C1=NC=N[C@@H]1C(=O)O,Eu,3.90505,2.09638,3.90505,nonporous,0.0,1.0,0.0,0.9995392032732244,757
WEMDAV,OC(=O)c1[nH]cnc1C(=O)O,Dy,4.32717,2.24125,4.07365,nonporous,0.0,1.0,0.0,0.8091695562018812,784
WEMFOL,OC(=O)C(=O)O,Ho,4.73937,4.21746,4.73937,medium pore,0.4,1.0,0.0,2.991659837149989,182
WEMFUR,OC(=O)c1cccc(c1)C(=O)O,Be,5.36041,3.38621,5.17553,small pore,1.0,0.75,0.0,2.6114803109503644,389
WEMJII,OC(=O)CN1C=CN(C1)CC(=O)O,Ca,5.10994,3.68236,5.10994,small pore,0.0,1.0,0.0,0.9151780312260054,480
WEMKEG,OC(=O)c1ccc(cc1)C(=C(c1ccc(cc1)C(=O)O)c1ccc(cc1)C(=O)O)c1ccc(cc1)C(=O)O,Co,3.10089,2.00923,3.10089,nonporous,0.40788931895780267,0.2675438596491228,0.001436326361653434,155.0241830661931,55
WEMRIS,O[C@H]([C@H](C(=O)O)O)C(=O)O,La,4.18589,2.81098,4.18589,small pore,0.38580731724328743,1.0,0.0,6.862472044992754,545
WEMWAP,OC(=O)c1ccc(cc1)C(n1cncn1)c1ccc(cc1)C(=O)O,Zn,5.94074,1.92983,5.94074,nonporous,0.7627092377697006,0.09228039041703638,1.1023280146756424e-07,84.5524964477259,3
WEMYOC,CCCN,Cu,1.97809,0.87461,1.97809,nonporous,0.0,1.0,0.0,0.9999995077849412,835
WEMYOC01,CCCN,Cu,1.96175,0.86123,1.96113,nonporous,0.0,1.0,0.0,0.9999995077849412,835
WENLEI,COc1ccc(cc1OS(c1ccc(cc1)C(=O)O)(O)O)C(=O)O,Ho,7.26788,5.80961,7.26788,medium pore,0.6789557888698333,0.044444444444444446,0.0,1.7914665149841755,708
WENXOF,OC(=O)c1cc(c(cc1O)O)S(O)(O)O,Pb,2.62446,0.76778,2.59672,nonporous,0.7363740734726107,0.019108280254777073,0.0006623477961057578,2.432771297774178,127
WEQMEL,n1ccc(cc1)COc1cc(OCc2ccncc2)cc(c1)OCc1ccncc1,Hg,2.00568,1.18885,1.95834,nonporous,0.0,1.0,0.0,0.9996543038252586,836
WEQMIP,n1ccc(cc1)COc1cc(OCc2ccncc2)cc(c1)OCc1ccncc1,Hg,2.21053,1.27881,1.92855,nonporous,0.0,1.0,0.0,0.9996543038252586,836
WEQNEO,OC(=O)c1cnc(nc1)c1ncc(cn1)C(=O)O,Sc,11.87346,8.53137,11.8655,large pore,0.59078754289763,0.9148936170212766,0.0,35.491455637977126,7
WEYQAU01,OC(=O)c1cc(cc(c1)C(=O)O)C(=O)O,Mn,4.51961,3.60468,4.51034,small pore,0.4517499506056864,0.4926931106471816,0.009795324591092997,201.69695908617916,225
WEYQAU02,OC(=O)c1cc(cc(c1)C(=O)O)C(=O)O,Mn,4.51814,3.68583,4.51814,small pore,0.4517270465226681,0.49060542797494777,0.009718232840985419,200.8273666090831,225
WEYQAU04,OC(=O)c1cc(cc(c1)C(=O)O)C(=O)O,Mn,4.4842,3.61074,4.45602,small pore,0.8002489872632906,0.49060542797494777,0.009718232840985419,200.86089469385345,225
WEYQAU06,OC(=O)c1cc(cc(c1)C(=O)O)C(=O)O,Mn,4.52093,3.69835,4.50827,small pore,0.43190980326761763,0.4885177453027139,0.009650300557508491,200.01405040324326,225
WEYQAU09,OC(=O)c1cc(cc(c1)C(=O)O)C(=O)O,Mn,4.54974,3.80687,4.54906,small pore,0.6722354560713079,0.4822546972860125,0.00943134477970431,197.5408143280125,225
WEYQAU16,OC(=O)c1cc(cc(c1)C(=O)O)C(=O)O,Mn,4.03587,3.00077,4.00272,small pore,0.6845844144712943,0.49895615866388304,0.010448143032794762,204.2797884791884,225
WIDTAF,n1ccc(cc1)c1ccncc1,Zn,4.33909,3.5316,4.33673,small pore,0.5617607376664073,0.15753424657534246,0.07974153949184622,20.31097018525991,128
WIHQEM,S=C1N=CC=NC1=S,Cu,4.2283,3.58224,4.22231,small pore,0.0,1.0,0.0,0.9999999437073536,840
WIHSEN,OC=O,Yb,3.93279,2.71684,3.93279,small pore,0.0,1.0,0.0,3.9991606678373173,497
WIHSUD,OC=O,Tb,3.98867,2.7966,3.95663,small pore,0.0,1.0,0.0,2.9991332904961725,494
WIHTAK,OC=O,Gd,3.98984,2.78525,3.98984,small pore,0.0,1.0,0.0,1.9999426087113437,441
WIKDAX,O=N(=O)C(c1nnn[nH]1)(N(=O)=O)N(=O)=O,Rb,1.49347,0.5898,1.49347,nonporous,0.0,1.0,0.0,0.8347800781312411,808
WIKDEB,O=N(=O)C(c1nnn[nH]1)(N(=O)=O)N(=O)=O,Cs,1.65564,0.79335,1.65564,nonporous,0.0,1.0,0.0,0.834071860657307,807
WILFED,n1ncc2c(c1)cnnc2,Ag,4.74455,3.63648,4.74455,small pore,0.4,1.0,0.0,3.99497750411569,837
WILFON,n1ncc2c(c1)cnnc2,Ag,2.06202,0.99902,2.06202,nonporous,0.0,1.0,0.0,3.9777492330834887,837
WILGOO,n1ccc(cn1)c1ccnnc1,Ag,4.27027,1.59999,4.27027,nonporous,0.0,1.0,0.0,1.9857447749804245,841
WILNEL,C(Cn1nncn1)Cn1nncn1,Fe,5.014,3.55982,4.9896,small pore,0.4,1.0,0.0,1.9999871200060975,842
WILNEL02,C(Cn1nncn1)Cn1nncn1,Fe,5.03721,3.54648,5.03721,small pore,0.15471168191870677,1.0,0.0,1.9999760179083017,842
WIMWEW,OC(=O)c1cccc(c1)C(=O)O,Co,4.85065,3.63556,4.83813,small pore,0.4704298661619524,0.293859649122807,0.004210284865822938,168.8498373796877,55
WINJOS,OC(=O)CCCC(=O)O,Li,1.76708,0.90776,1.63214,nonporous,1.0,0.8,0.0,3.7224770966715717,215
WIRMUH,C1N[C@@H]2[C@H](N1)C[C@H]1[C@@H](C2)NCN1,Cu,6.39925,3.94504,6.39925,small pore,0.0,1.0,0.0,0.996795455768189,844
WIRNAO,C1N[C@@H]2[C@H](N1)C[C@H]1[C@@H](C2)NCN1,Cu,4.83432,4.21549,4.50101,medium pore,0.0,1.0,0.0,0.996795455768189,844
WITMOD,O=C(Nc1ccncc1)NCCN(CCNC(=O)Nc1ccncc1)CCNC(=O)Nc1ccncc1,K,3.44895,1.51595,3.44895,nonporous,0.4,1.0,0.0,1.904058247964345,638
WIWHOB,C1CN2CCN1CC2,Ag,5.36882,1.22769,5.36881,nonporous,0.4,1.0,0.0,3.9743474667277363,266
WIXJIW01,OC(=O)c1ccc(cc1)/C=C\c1cccnc1,Zn,4.07791,1.85008,4.06806,nonporous,0.704564410050023,0.11623779946761313,0.0005422942003518116,108.53493192483432,3
WIZMAV,OC(=O)c1ccc(cc1)c1ccc(cc1)C(=O)O,Zr,12.96894,6.6809,12.96894,medium pore,0.6639603026588379,0.8539325842696629,0.00511728699151249,135.53589348449322,143
WIZMAV04,OC(=O)c1ccc(cc1)c1ccc(cc1)C(=O)O,Zr,12.9992,6.70087,12.9992,medium pore,0.6639615543380373,0.8539325842696629,0.00511728699151249,135.5363553803873,143
WIZMAV05,OC(=O)c1ccc(cc1)c1ccc(cc1)C(=O)O,Zr,13.01322,6.71578,13.01322,medium pore,0.6639637357178868,0.8539325842696629,0.00511728699151249,135.5371603553334,143
WIZMAV06,OC(=O)c1ccc(cc1)c1ccc(cc1)C(=O)O,Zr,12.97792,6.69479,12.97792,medium pore,0.6639629484163954,0.8539325842696629,0.00511728699151249,135.53686982455963,143
WIZMAV08,OC(=O)c1ccc(cc1)c1ccc(cc1)C(=O)O,Zr,12.93895,6.67,12.93894,medium pore,0.6639616098269226,0.8539325842696629,0.00511728699151249,135.5363758569506,143
WIZMAV09,OC(=O)c1ccc(cc1)c1ccc(cc1)C(=O)O,Zr,12.9296,6.65994,12.9296,medium pore,0.6639601032900007,0.8539325842696629,0.00511728699151249,135.535819913208,143
WIZMAV11,OC(=O)c1ccc(cc1)c1ccc(cc1)C(=O)O,Zr,12.97086,6.68384,12.97086,medium pore,0.6639608619103716,0.8539325842696629,0.00511728699151249,135.5360998600464,143
WOBCAT,OC(=O)CN1CC(=O)N(CC1=O)CC(=O)O,La,3.378,1.56463,3.33861,nonporous,0.0,1.0,0.0,0.9916282015556902,845
WOBHAX,OC(=O)[C@@H]1CCC[C@@H](C1)C(=O)O,Pb,2.24863,1.00679,2.24863,nonporous,0.4,1.0,0.0,2.859954392445365,763
WOBHIF03,OC(=O)c1cc(O)c(cc1O)C(=O)O,Zn,11.59834,10.78477,11.59809,large pore,0.7550244990738892,0.055013309671694766,1.4366488887523122e-05,55.229460189319894,3
WOBHOL,OC(=O)c1cc(O)c(cc1O)C(=O)O,Zn,11.67271,10.83999,11.67271,large pore,0.6945723442078118,0.055013309671694766,1.4366488887523122e-05,55.230309636038676,3
WOBMIL02,Cc1cccnc1c1[nH]nc(n1)c1ccc(cc1)c1ccncc1,Fe,5.01122,3.0499,4.99701,small pore,0.8810408383359405,0.7857142857142857,0.1208791208791209,9.4117278862152,164
WOBNOS,OC(=O)c1ccc(cc1)n1cncc1,Cd,1.99904,0.93273,1.98768,nonporous,0.8492805595273454,0.09135802469135802,0.001451462483038081,63.46434861103666,69
WOCGUR,OC(=O)c1ccccc1C(=O)O,Co,2.71961,1.33371,2.71961,nonporous,0.3824712577566758,0.13304093567251463,0.020614549034914307,75.11657053842237,55
WOHDED,Nc1nnc[nH]1,Zn,6.32936,1.1192,6.32936,nonporous,0.3791453189884806,1.0,0.0,1.982007200679969,290
WOHYOH01,OC(=O)c1cccnc1,Mn,1.84,1.14376,1.83244,nonporous,0.5895538431748111,0.15866388308977034,0.0027180952960612578,63.636796091506895,225
WOJYEB,OC(=O)c1ccc(cc1)c1cc(cc(c1)C(=O)O)C(=O)O,La,5.49163,3.68755,5.48311,small pore,0.5613724655098264,0.3419354838709677,0.010925739108995382,45.3275209897382,32
WOJYOL,OC(=O)c1ccc(cc1)c1cc(cc(c1)C(=O)O)C(=O)O,Eu,5.34441,3.65805,5.33986,small pore,0.4973022597536344,0.41700404858299595,0.0050608063493722075,89.37027655689636,12
WOJYUR,OC(=O)c1ccc(cc1)c1cc(cc(c1)C(=O)O)C(=O)O,Tb,5.11497,3.6157,5.10686,small pore,0.5450879655434018,0.49238578680203043,0.007923177309130579,84.11627029766075,22
WOQJES04,NCCCCN,Zn,1.7615,0.99591,1.75793,nonporous,0.6906869889038689,0.24324324324324326,0.05486856719733435,16.434351013936407,116
WOQJIW04,NCCCCCN,Zn,2.6806,1.67354,2.6806,nonporous,0.6906316128829075,0.24324324324324326,0.05486856719733435,16.29583286340156,116
WOSZEL,OC(=O)c1ccc(cc1)c1cc(cc(c1)c1ccc(cc1)C(=O)O)c1ccc(cc1)C(=O)O,Zn,5.25645,4.13995,5.22305,medium pore,0.7614790810132093,0.47559893522626445,0.0020149345765365463,461.30970889823385,3
WUCRUH,OC(=O)c1cc(cc(c1)C(=O)O)C(=O)O,Fe,2.97903,2.13424,2.94997,nonporous,0.7958842809944304,0.572463768115942,0.038623713336161734,69.02343323216243,113
WUHHUC,[O-][n+]1ccc(cc1)CCc1cc[n+](cc1)[O-],Er,4.57467,3.11898,4.57467,small pore,0.0,1.0,0.0,0.8089150952151312,793
WUHMUJ,OC(=O)c1ccc(cc1)Oc1ccc(cc1)Oc1ccc(cc1)C(=O)O,Co,1.85161,1.31769,1.73066,nonporous,0.34137859196675624,0.2222222222222222,0.0018001566597388202,126.93680776808083,55
WUHXEC,CC[C@@H]([C@@H](C(=O)O)NC(=O)[C@@H](N)C)C,Cu,2.1606,1.44133,2.14131,nonporous,0.0,1.0,0.0,0.8953587873769675,744
WULBEM,OC(=O)c1ccc(cc1)N(=O)=O,K,1.55877,1.00098,1.55877,nonporous,1.0,0.5227272727272727,0.5125792811839325,19.072804435631575,505
WULJUJ,OC(=O)c1cc(cc(c1)C(=O)O)C(=O)O,Cu,13.25803,6.70085,11.14797,medium pore,0.7078153730241368,0.5684326710816777,0.004449405316760035,447.8863783999034,1
WULKAQ,OC(=O)c1cc(cc(c1)C(=O)O)C(=O)O,Cu,13.24732,6.68288,13.24732,medium pore,0.7135573631831053,0.5728476821192053,0.0045664902465329255,451.3252272549351,1
WUMDIT,OC(=O)c1ccc(cc1)c1ccc(cc1)P(=O)(c1ccc(cc1)c1ccc(cc1)C(=O)O)c1ccc(cc1)c1ccc(cc1)C(=O)O,Zn,2.28497,1.60006,2.27089,nonporous,0.6531020336123545,0.2528837622005324,7.15288980077345e-05,245.25681198077234,3
WUNSEE01,Nn1c(nnc1c1cccc(c1)c1ccncc1)c1cccc(c1)c1ccncc1,Cd,5.00247,4.25531,4.99176,medium pore,0.651481118257725,0.7435897435897436,5.842111105268999e-06,57.26063176512058,256
WUNSII,Nn1c(nnc1c1cccc(c1)c1ccncc1)c1cccc(c1)c1ccncc1,Cd,5.13116,4.11519,5.1248,medium pore,0.6514811272007877,0.7435897435897436,5.842111105268999e-06,57.26290378509433,256
WUNTUV,Nn1c(nnc1c1cccc(c1)c1ccncc1)c1cccc(c1)c1ccncc1,Cd,5.04996,4.14711,5.04511,medium pore,0.6514811317536662,0.7435897435897436,5.842111105268999e-06,57.26318764977223,256
WUWQUB,c1ccc(cc1)NNc1nccn1Cn1ccnc1NNc1ccccc1,Zn,6.78044,3.25071,6.78044,small pore,0.0,1.0,0.0,0.999994892637109,847
WUWRAI,c1ccc(cc1)NNc1nccn1Cn1ccnc1NNc1ccccc1,Zn,6.80475,3.31564,6.76696,small pore,0.0,1.0,0.0,0.999994892637109,847
WUXYIZ,O=C(c1ccc(cc1)C(=O)N[C@H](C(=O)O)CC(=O)O)N[C@H](C(=O)O)CC(=O)O,Na,2.36478,1.61353,2.3576,nonporous,0.0,1.0,0.0,2.94056542901071,848
WUXZAS,O=C(c1ccc(cc1)c1ccc(cc1)C(=O)N[C@H](C(=O)O)CC(=O)O)N[C@H](C(=O)O)CC(=O)O,Na,4.33014,4.0742,4.33014,medium pore,0.4,1.0,0.0,2.941432922311402,848
WUYQOY,N#CNC#N,Cu,1.57505,0.87161,1.57179,nonporous,0.4,1.0,0.0,3.994408699973943,513
WUZGEF,COc1c(c2c(OC)c(cc(c2OC)c2ccc(cc2)C(=O)O)c2ccc(cc2)C(=O)O)c(OC)c(cc1c1ccc(cc1)C(=O)O)c1ccc(cc1)C(=O)O,Cd,9.03956,5.71888,9.03738,medium pore,0.8793885518492945,0.07777777777777778,0.0004918192602706646,53.011167130683674,69
WUZKUY,OC(=O)c1cncc(c1)C(=O)O,Pr,2.0939,1.15383,2.05079,nonporous,0.5375596467528914,0.13725490196078433,0.0006032946464190038,11.995300173947467,96
WUZYUM,O=C1CC(=O)NC(=S)N1,Na,1.52878,0.99387,1.52578,nonporous,0.4,1.0,0.0,3.709908372001438,52
XADCOW,OC(=O)c1ccc(cc1)C(=O)O,Fe,14.13574,13.85413,14.13574,large pore,0.6802150927132383,0.6086956521739131,0.009085187262093434,74.70195182074768,113
XADDAJ,OC(=O)c1ccc(cc1)c1cc(cc(c1)C(=O)O)C(=O)O,Tb,5.75383,3.23932,5.75148,small pore,0.5529127275549508,0.4974619289340101,0.008830410712134758,84.90817099033904,22
XADDAJ01,OC(=O)c1ccc(cc1)c1cc(cc(c1)C(=O)O)C(=O)O,Tb,5.20339,3.03927,5.20339,small pore,0.5529572456894623,0.4974619289340101,0.008830410712134758,84.92059240969454,22
XADDOX,OC(=O)c1cccc(c1)C(=O)O,Co,4.79975,3.30489,4.73397,small pore,0.4810899453138381,0.29970760233918126,0.004442850379354301,172.1304149320285,55
XADDUD,OC(=O)c1cccc(c1)C(=O)O,Co,5.87347,3.79281,5.87347,small pore,0.49693189945771926,0.30409356725146197,0.005473532612996098,174.5554215903233,55
XADWIK01,OC(=O)c1cccc(c1)c1ccncc1,Ni,3.77126,1.48562,3.72839,nonporous,0.548659649002919,0.33854166666666663,0.007228695030225738,55.054385706687185,60
XAFBEN,OC(=O)c1ccc(cc1)C(=O)O,Bi,4.46675,3.68033,4.46675,small pore,0.9836673836238446,0.8095238095238095,0.0880008516227004,14.672328911407888,176
XAFFER,OC(=O)c1ccc(cc1)N(c1ccc(cc1)C(=O)O)c1ccc(cc1)c1ccc(cc1)N(c1ccc(cc1)C(=O)O)c1ccc(cc1)C(=O)O,Zn,13.95561,11.20368,13.95561,large pore,0.7593314230064342,0.2484472049689441,8.518527576672688e-05,243.20338304731433,3
XAFXOT,OC(=O)CN1CC(=O)N(CC1=O)CC(=O)O,La,4.47124,4.11916,4.47124,medium pore,0.0,1.0,0.0,0.9916282015556902,845
XAGCEO01,OC(=O)[C@@H]1O[C@@H]([C@H]([C@H]1C(=O)O)C(=O)O)C(=O)O,Co,5.63106,2.53914,5.38523,small pore,0.4,1.0,0.0,7.368577109529939,335
XAGQUT,OC(=O)COc1ccc2c(c1)cc(cc2)OCC(=O)O,Sm,1.83245,1.00729,1.83245,nonporous,0.0,1.0,0.0,0.908344359344246,224
XAHZAI,O[C@H]([C@H](C(=O)O)O)C(=O)O,K,1.6059,0.37543,1.59403,nonporous,0.4,1.0,0.0,4.813050735230548,585
XAHZEM,O[C@H]([C@H](C(=O)O)O)C(=O)O,Rb,1.81983,0.55314,1.80909,nonporous,0.0,1.0,0.0,0.9999776145425324,850
XAHZEM01,O[C@H]([C@H](C(=O)O)O)C(=O)O,Rb,1.81039,0.55462,1.75353,nonporous,0.0,1.0,0.0,0.9999776145425324,850
XAJZAK,OC(=O)CP(=O)(O)O,Zn,2.82722,1.62332,2.78146,nonporous,0.9725579869438844,0.05405405405405406,0.03375293101320496,3.4821023421700095,116
XALXIS01,OC(=O)c1cccnc1,Zn,2.20003,1.14434,2.1148,nonporous,0.6898852164744778,0.1508429458740018,0.003395464007074301,139.67803556326982,3
XAMDOF,c1ncn(c1)CCn1cncc1,Zn,4.14285,3.29533,4.1371,small pore,1.0,1.0,0.1015151515151515,9.532548953693395,410
XAMDUM,OC(=O)c1cc(cc(c1)C(=O)O)C(=O)O,Cu,11.16438,5.2621,11.16437,medium pore,0.709275815643932,0.5695364238410596,0.004475409730642579,448.78629172195986,1
XAMDUM01,OC(=O)c1cc(cc(c1)C(=O)O)C(=O)O,Cu,11.15158,5.26834,11.14521,medium pore,0.7106243316416408,0.5706401766004415,0.004492508739350556,449.59273920063725,1
XAMDUM02,OC(=O)c1cc(cc(c1)C(=O)O)C(=O)O,Cu,11.10488,5.27829,10.82968,medium pore,0.7106630679099356,0.5706401766004415,0.004492508739350556,449.6364545346381,1
XAMDUM03,OC(=O)c1cc(cc(c1)C(=O)O)C(=O)O,Cu,11.07067,5.28357,11.06934,medium pore,0.7106445678267167,0.5706401766004415,0.004492508739350556,449.6155764957211,1
XAMDUM04,OC(=O)c1cc(cc(c1)C(=O)O)C(=O)O,Cu,10.72509,5.09755,10.57332,medium pore,0.7106535270018591,0.5706401766004415,0.004492508739350556,449.6256872614444,1
XAMDUM05,OC(=O)c1cc(cc(c1)C(=O)O)C(=O)O,Cu,10.94162,5.2654,10.93279,medium pore,0.710661834572631,0.5706401766004415,0.004492508739350556,449.63506266715626,1
XAMDUM06,OC(=O)c1cc(cc(c1)C(=O)O)C(=O)O,Cu,11.08896,5.20474,11.08896,medium pore,0.7092669398356422,0.5695364238410596,0.004475409730642579,448.7762750388615,1
XAMDUM07,OC(=O)c1cc(cc(c1)C(=O)O)C(=O)O,Cu,11.21455,5.22977,11.21455,medium pore,0.7092529288665543,0.5695364238410596,0.004475409730642579,448.76046313388684,1
XANBOE,OP(=O)(c1ccc(cc1)P(=O)(O)O)O,Sn,1.75228,1.36481,1.75228,nonporous,0.0,1.0,0.0,1.7918050056185537,358
XANMIJ,n1ccnc(c1)c1nnc(nn1)c1nccnc1,Co,6.91507,5.67636,6.91507,medium pore,0.0,1.0,0.0,0.8115444403497879,348
XANMUX08,C1C[C@@H](CC[C@@H]1n1cnnc1)n1cnnc1,Cu,8.45695,8.21204,8.45695,large pore,0.4,1.0,0.0,1.8105288599923814,851
XANNAB,c1ccc(cc1)Sc1c(Sc2ccccc2)c(Sc2ccccc2)c(c(c1Sc1ccccc1)Sc1ccccc1)Sc1ccccc1,Ag,5.37371,3.38826,5.37371,small pore,0.9999999999999999,0.5,0.5333333333333333,2.49154670785541,716
XANZAQ02,C1=C[C@H](C=C[C@@H]1n1cnnc1)n1cnnc1,Cu,7.07718,6.89262,7.07718,medium pore,0.0,1.0,0.0,1.6210574888169544,851
XAPMUY,OC(=O)c1ccc(cc1)c1ccc(cc1)C(=O)O,Pb,1.66264,1.01954,1.64825,nonporous,0.5318955443214681,0.43312101910828027,0.00809945343888877,58.99984506299539,127
XAPSIS,OC(=O)c1cc(cc(c1)C(=O)O)C(=O)O,Co,5.36479,4.38839,5.34395,medium pore,0.7881385764014759,0.4444444444444444,0.014157083762103253,257.9258965264136,55
XASHAA,OC(=O)c1ccc(cc1)/C=C/c1cccnc1,Cd,2.45692,1.15931,2.43791,nonporous,0.5351819130845412,0.09382716049382715,0.010144742381303425,63.09357634571423,69
XAVDEF,OC(=O)c1ccc(cc1)C(=O)O,V,7.80587,7.27138,7.80587,medium pore,0.9999997412393827,1.0,0.0003339920398563834,57.46297637453442,40
XAVQIU,OC(=O)c1cc(cc(c1)C(=O)O)C(=O)O,Co,2.22283,1.1144,2.20271,nonporous,0.8457799506142775,0.46637426900584794,0.016965628418098056,270.0932464136451,55
XAVQIU01,OC(=O)c1cc(cc(c1)C(=O)O)C(=O)O,Co,2.30147,1.10209,2.29002,nonporous,0.8220426007109202,0.4546783625730994,0.01622860598846806,263.59448607826005,55
XAYMUF,n1ccnc(c1)c1nccnc1,Ag,5.62367,4.82604,5.62367,medium pore,0.6242501422825422,0.10619469026548672,0.036313332685014084,20.129293885242642,73
XAYNAM,c1cnc2c(n1)c1nccnc1cc2,Ag,6.50931,3.58383,6.50931,small pore,0.0,1.0,0.0,1.7046988394989802,736
XEDLUN01,Oc1ccc(cc1)c1ccc(cc1)O,Ti,5.00006,1.35909,4.98877,nonporous,1.0,0.8,0.0,3.759776209224858,649
XEFGUN01,OC(=O)c1ccc(cc1)C(=O)O,Cd,2.49244,1.35452,2.48506,nonporous,0.4351391397018701,0.47777777777777775,0.020908656185580177,331.80918048556725,69
XEGQEG,OP(=O)(CCP(=O)(O)O)O,Li,1.72884,0.81305,1.72884,nonporous,0.0,1.0,0.0,0.9999984820350604,853
XEGQEG01,OP(=O)(CCP(=O)(O)O)O,Li,1.74098,0.81538,1.72829,nonporous,0.0,1.0,0.0,0.9999984820350604,853
XEGQUW,OP(=O)(CCP(=O)(O)O)O,Rb,2.15582,0.89477,2.15582,nonporous,0.0,1.0,0.0,0.8069657696393386,573
XEGREJ,c1ccc(cn1)c1cccc(c1)c1nnn[nH]1,Cd,2.38286,1.21212,2.33592,nonporous,0.6792252197427129,0.03333333333333333,0.0011909631549398096,22.94471548855303,69
XEGWIS,OC(=O)c1ccc(cc1)C(C(F)(F)F)(C(F)(F)F)c1ccc(cc1)C(=O)O,Zn,5.3608,5.05883,5.3608,medium pore,0.7593320457713468,0.1508429458740018,0.0001675591285757018,146.45124229639245,3
XEGXIT,OC(=O)c1ccc(cc1)C(C(F)(F)F)(C(F)(F)F)c1ccc(cc1)C(=O)O,Zn,5.38891,5.09123,5.38891,medium pore,0.6930768125493132,0.1508429458740018,0.0001675591285757018,146.4478332006979,3
XEHDUM,OC(=O)[C@@H](O)C,Ca,4.4768,3.51441,4.43802,small pore,0.4,1.0,0.0,4.328836150218942,177
XEHSOT,OC=O,Mg,4.77111,3.64447,4.77111,small pore,0.3647820832379012,1.0,0.0,83.8989056774549,50
XEJVEP,OC(=O)c1[nH]cnc1C(=O)O,Sr,2.26481,1.14365,2.24726,nonporous,0.4,1.0,0.0,2.9881826595010765,854
XEJVOZ,OC(=O)c1[nH]cnc1C(=O)O,Sr,5.03785,4.69979,5.03785,medium pore,0.0,1.0,0.0,2.9614674160452252,854
XEKCAT01,OC(=O)c1cc(cc(c1)C(=O)O)C(=O)O,Mg,2.67291,1.18249,2.66519,nonporous,0.7451724295964399,0.49557522123893805,0.06082767913951888,48.20766730447989,226
XEMDEA,O[C@@H]([C@@H](C(=O)O)O)C(=O)O,Pr,2.51784,0.90501,2.41895,nonporous,0.4,1.0,0.0,1.901629485543298,547
XEMPAJ,OC(=O)c1cc(OCc2ccncc2)cc(c1)OCc1ccncc1,Zn,3.36193,1.09621,3.0039,nonporous,0.6731818890347094,0.05235137533274179,0.00012789746598353876,49.69761631514442,3
XEQLEM,OC(=O)c1ccncc1,Mg,4.54179,2.47954,4.44854,small pore,0.46439743338653827,0.4247787610619469,0.008903703422041446,39.962060173710356,226
XESCIK,OP(=O)(c1cc(cc(c1)P(=O)(O)O)c1cc(cc(c1)P(=O)(O)O)P(=O)(O)O)O,Tb,2.6175,1.7594,2.6048,nonporous,0.4,1.0,0.0,1.7288644615420443,487
XESFOR,OC(=O)CCC(=O)O,Sm,2.93546,1.61432,2.93218,nonporous,0.3987038570901973,1.0,0.0,3.498098750896537,524
XESKIR,OP(=O)(CN1CCN(CC1)CP(=O)(O)O)O,Mn,10.20627,9.55994,10.20627,large pore,0.4,1.0,0.0,1.8595106990411228,772
XESKOX,OP(=O)(CN1CCN(CC1)CP(=O)(O)O)O,Mn,8.68213,8.40903,8.68212,large pore,0.39612839034968916,1.0,0.0,1.858138198998402,772
XEVMUG,OC(=O)c1[nH]nc(c1)C(=O)O,Ba,1.67635,0.72237,1.38872,nonporous,0.9671522479486401,0.02247191011235955,0.0,1.8054581089894834,54
XEXLOD,OC(=O)c1ccc2c3c1c(ccc3c(=O)n(c2=O)c1ccncc1)C(=O)O,Zn,7.21012,6.84185,7.15497,medium pore,0.4,1.0,0.0,3.999954221090177,429
XEZVIJ,OC(=O)CCC(=O)O,Yb,2.85967,1.56469,2.84877,nonporous,0.2507655265109861,1.0,0.0,4.994986695268469,857
XEZVOP,OC(=O)CCC(=O)O,Ce,2.96165,1.71321,2.95225,nonporous,1.0,1.0,0.10795454545454546,10.656982408193326,81
XICNOO01,OC(=O)c1ccc(s1)C(=O)O,Zr,16.97321,6.86089,16.97321,medium pore,1.0,1.0,0.013333333333333334,5.738248646736606,775
XICYIT,OC(=O)c1ccc(s1)C(=O)O,Zr,6.00586,3.62489,5.99125,small pore,0.9988836037330703,1.0,0.013333333333333334,5.733622952111604,775
XICYOZ,OC(=O)c1ccc(s1)C(=O)O,Hf,28.26852,6.66862,28.26852,medium pore,0.39402967187907945,1.0,0.0,2.8088649768076834,821
XICZAM,OC(=O)c1ccc(s1)C(=O)O,Hf,16.99084,6.6493,16.99084,medium pore,0.4,1.0,0.0,2.81431366330566,821
XIFHIF,OC(=O)c1ccc(o1)C(=O)O,Tb,6.59438,4.79072,6.59438,medium pore,0.3982443946203283,1.0,0.0,1.8640591835437401,601
XIFXAM,OC(=O)c1cc(ccc1O)S(O)(O)O,Cs,2.30221,1.0504,2.28007,nonporous,0.0,1.0,0.0,0.9998054856565212,795
XIGYIY,N#Cc1[nH]cnc1C#N,Cu,5.42383,4.89331,5.41531,medium pore,0.3562634488537697,1.0,0.0,1.9989179437132152,568
XIHSAJ,OC(=O)c1ccc2c(c1)ccc(c2)C(=O)O,Co,3.33476,1.74285,3.30565,nonporous,0.36160070577921305,0.24122807017543857,0.0009453626237061086,137.89675407703422,55
XIHSAJ01,OC(=O)c1ccc2c(c1)ccc(c2)C(=O)O,Co,3.23048,1.63533,3.21945,nonporous,0.35922725399349836,0.23976608187134502,0.0009206527270519822,137.06505899292327,55
XIHSEN,OC(=O)c1ccc2c(c1)ccc(c2)C(=O)O,Co,3.08373,1.51835,3.06026,nonporous,0.35919021871631246,0.23976608187134502,0.0009206527270519822,137.0396224681826,55
XIHSEN01,OC(=O)c1ccc2c(c1)ccc(c2)C(=O)O,Co,3.09362,1.57032,3.09362,nonporous,0.35922812368838275,0.23976608187134502,0.0009206527270519822,137.06565631572263,55
XIHXAP01,OC(=O)c1cc(c2ccc(cc2)C(=O)O)c(cc1c1ccc(cc1)C(=O)O)C(=O)O,Mn,4.58058,2.20047,4.56996,nonporous,0.8125381962988643,0.23590814196242169,0.001011064570528888,95.1337967305678,225
XIJXAS,O[C@@H]([C@@H](C(=O)O)O)C(=O)O,K,1.65042,0.45234,1.65042,nonporous,0.3966511142617421,1.0,0.0,4.815159390764947,585
XILBAW,OC(=O)c1ccc(cc1)C(=O)O,Pb,2.07389,1.10763,2.05074,nonporous,0.7356120319980084,0.5732484076433121,0.03283538018093276,79.16929048247077,127
XIMSAP,OC(=O)c1n(cnc1C(=O)O)Cc1ccc(cc1)C(=O)O,Sr,2.31158,1.18069,2.31158,nonporous,0.7794073413577269,0.14705882352941177,0.0,8.05982169760774,122
XIQZIH,n1ccc(cc1)c1ccncc1,Cu,4.35261,3.25057,3.99463,small pore,0.9056343824077087,0.5701357466063349,0.030424896255155747,107.77011936588825,56
XIRKAM,OC(=O)c1ccc2c(c1)[nH]c1c2ccc(c1)C(=O)O,Cd,10.81376,5.37633,10.8097,medium pore,0.45730800136948047,0.08641975308641975,0.000268161680515163,57.35865091885758,69
XISTIE,OC(=O)[C@@H]1[C@@H](C(=O)O)[C@@H]([C@H]1C(=O)O)C(=O)O,Cs,1.92783,0.88335,1.90711,nonporous,0.0,1.0,0.0,0.856104582435258,704
XITDEL,OC(=O)[C@@H]1[C@H](C(=O)O)[C@H]([C@H]1C(=O)O)C(=O)O,K,1.35657,0.5534,1.34263,nonporous,0.3967684802142323,1.0,0.0,2.848683565743466,703
XIVLOE,OC=O,In,1.69296,0.96349,1.67289,nonporous,0.4,1.0,0.0,2.997911649259409,838
XIVLUK,OC=O,In,1.51392,0.85962,1.51392,nonporous,0.3826858426783929,1.0,0.0,2.9977393469532982,838
XOBDUO,n1ccc(cc1)c1ccncc1,Ag,5.3269,4.72459,5.3269,medium pore,0.4019646895801333,0.08407079646017698,0.08643419117755415,15.996856876875047,73
XODXIZ,OC=O,Y,4.29096,2.67804,4.17991,small pore,0.3947269611791853,1.0,0.0,10.994364525620416,499
XOJLAK,OP(=O)(Cc1ccc(cc1)CP(=O)(O)O)O,Ce,2.0847,0.88764,2.0847,nonporous,0.1878632568186106,1.0,0.0,1.7422772485281834,571
XOJLEO,OP(=O)(Cc1ccc(cc1)CP(=O)(O)O)O,Pr,2.07977,0.83843,2.07977,nonporous,0.1880300604444287,1.0,0.0,1.7423375547979245,570
XOJWOJ,OC(=O)c1ccc(cc1)P(=O)(O)O,Zn,7.01927,4.56509,7.01927,medium pore,0.759351788432486,0.20763087843833186,0.0008510224866399216,202.0958818126227,3
XOMCIN,OC(=O)c1cc(cc(c1)c1ccncc1)C(=O)O,Ni,5.94246,4.00147,5.93722,medium pore,0.6682355093272925,0.4270833333333333,0.014978889302323613,71.49494272752757,60
XOMHEO,OC(=O)c1cc(cc(c1)c1cc(cc(c1)C(=O)O)C(=O)O)c1cc(cc(c1)C(=O)O)C(=O)O,Zn,5.65011,3.74432,5.65011,small pore,0.7642500897697923,0.38775510204081637,0.0010590054534167501,375.647157264158,3
XOPKOD,N#Cc1ccc(s1)c1ccc(s1)C#N,Ag,4.54668,3.0036,4.54668,small pore,0.4,1.0,0.0,1.9843672901463818,439
XOPLUL,OC(=O)c1ccc(o1)C(=O)O,Cd,4.48758,3.26596,4.47758,small pore,0.0,1.0,0.0,1.861663083514926,207
XOPXAC,OC(=O)c1ccc(cc1)c1cc(cc(c1)c1ccc(cc1)C(=O)O)c1ccc(cc1)C(=O)O,Mg,15.48411,2.25823,15.21809,nonporous,0.7703845984439173,0.3805309734513274,0.0024740412546380027,36.9937182593637,226
XOQDAJ,Sc1ccc(c2c1nccc2)S(O)(O)O,Na,1.98263,0.98921,1.97128,nonporous,0.34955833637470424,0.6666666666666666,0.0,1.7088562080394283,756
XORDAJ,OC(=O)C(=O)O,Sr,1.60487,0.9841,1.58199,nonporous,0.3779418833059026,1.0,0.0,2.998859604814315,734
XORDAJ01,OC(=O)C(=O)O,Sr,1.59501,0.91632,1.56391,nonporous,0.4,1.0,0.0,2.9989822399975155,734
XOVBIV01,C(CN1NC=NC1)CCN1NC=NC1,Co,4.50202,1.69184,4.49752,nonporous,0.9999999999999999,1.0,0.6666666666666666,2.622963476824301,166
XOWSUY,OC(=O)c1cc(C(=O)O)c(c(c1C(=O)O)C(=O)O)C(=O)O,K,1.98966,0.85663,1.94818,nonporous,0.39949087067920036,1.0,0.0,1.806820856906179,747
XOWTAF,OC(=O)c1cc(C(=O)O)c(c(c1C(=O)O)C(=O)O)C(=O)O,K,2.17266,0.76171,2.15465,nonporous,0.4,1.0,0.0,1.8070657790246814,747
XOZZOC,OC(=O)CN1CN=CN1,Cd,1.42096,0.77432,1.42096,nonporous,0.4325308643594319,0.0012345679012345679,0.0,0.8557745976496631,69
XUBJAF01,OC(=O)CC(=O)O,Eu,2.53048,1.22608,2.52932,nonporous,0.7631512361660389,0.7333333333333333,0.0,9.568008498992882,269
XUBKOU,OC(=O)c1ccc(cc1)[C],Co,1.80391,1.43673,1.79968,nonporous,0.3426628328536917,0.2309941520467836,0.000645045700672041,131.28573122229548,55
XUDSUK,OC(=O)c1ccc(cc1)C(=O)O,Mn,2.12321,1.02383,2.08251,nonporous,0.5329369389220002,0.5490605427974947,0.017816210270589005,226.79670669488112,225
XUDVAV,OC(=O)c1ccc(cc1)c1cc(cc(c1)C(=O)O)C(=O)O,Co,4.64244,1.67592,4.64244,nonporous,0.4815259940166442,0.30409356725146197,0.0033719670445417718,177.2888203040975,55
XUDYAX,OC(=O)c1[nH]nnc1C(=O)O,Mn,1.93179,1.04241,1.93179,nonporous,0.394719214738052,1.0,0.0,2.990147024092047,827
XUDYEB,OC(=O)c1[nH]nnc1C(=O)O,Mn,2.10703,1.1336,2.0899,nonporous,0.4,1.0,0.0,2.990294912776843,827
XUHJEQ,Nc1ncn[nH]1,Co,3.13079,1.4953,3.13079,nonporous,0.4,1.0,0.0,1.9951634681814197,846
XUHJEQ01,Nc1ncn[nH]1,Co,3.12998,1.4953,3.11441,nonporous,0.39660737404376506,1.0,0.0,1.9951221093241984,846
XUJDAI02,N1CCNCC1,Cu,2.60445,2.01706,2.60004,nonporous,0.3997462121087608,1.0,0.0,3.9070103854088316,623
XUJPOI,OC(=O)c1cc(cc(c1)C(=O)O)C(=O)O,Ni,5.22333,3.76094,5.20942,small pore,0.6742928740180161,0.43229166666666663,0.01541580248394009,71.82971141144705,60
XUJQAV,OC(=O)c1cc(cc(c1)C(=O)O)C(=O)O,Ni,5.23926,3.75063,5.23926,small pore,0.6743085058725256,0.43229166666666663,0.01541580248394009,71.83273081824711,60
XUKJEU,OC(=O)CN1C=C[C@H](C=C1)C(=O)O,Pb,2.44828,1.17483,2.44181,nonporous,0.0,1.0,0.0,0.9999734939492816,860
XUKKET,OC(=O)C#CC(=O)O,Sr,1.64789,1.14275,1.64789,nonporous,0.4,1.0,0.0,1.999999868862841,861
XUKKET01,OC(=O)C#CC(=O)O,Sr,1.64931,1.14477,1.64931,nonporous,0.19719090536236764,1.0,0.0,1.9999997669481164,861
XULFOA,OC(=O)O,Cu,4.83965,3.12189,4.83965,small pore,0.39998975581879787,1.0,0.0,15.556212313352463,586
XUMBIR,OC(=O)C(=O)O,Pr,2.61587,1.44223,2.61545,nonporous,0.4,1.0,0.0,3.805721037422243,309
XUMVAE,OC(=O)[C@@H]1[C@H](C(=O)O)[C@H]([C@H]1C(=O)O)C(=O)O,Na,1.16731,0.7297,1.08068,nonporous,1.0,1.0,0.025,4.680283716580552,731
XUMVIM,OC(=O)[C@@H]1[C@H](C(=O)O)[C@H]([C@H]1C(=O)O)C(=O)O,K,1.04521,0.53092,1.00564,nonporous,0.4,1.0,0.0,2.8510756879682564,703
XUMVOS,OC(=O)[C@@H]1[C@H](C(=O)O)[C@H]([C@H]1C(=O)O)C(=O)O,Ba,1.82768,1.40695,1.82768,nonporous,0.39990142034201104,1.0,0.0,2.827264356193779,626
XUNJEW,CC1=N[C@H](C(=N1)C(=O)N)C(=O)N,Zn,7.71154,4.1864,7.71154,medium pore,0.0,1.0,0.0,0.8747793470646924,506
XUNJIA,OC(=O)[C@]12C[C@@H]3C[C@H](C1)C[C@](C2)(C3)C(=O)O,Mn,3.17649,2.86899,3.17253,small pore,0.0,1.0,0.0,0.9998229619455984,862
XUNJOG,OC(=O)[C@]12C[C@@H]3C[C@H](C1)C[C@](C2)(C3)C(=O)O,Mn,3.24593,2.67864,3.19659,small pore,0.0,1.0,0.0,0.9998229619455984,862
XUPSAE,OC(=O)c1cc(cc(c1)C(=O)O)c1cc(cc(c1)C(=O)O)C(=O)O,Al,6.99772,6.8615,6.99772,medium pore,0.7953161771889188,0.6956521739130435,0.004215673888355505,42.00515306067456,183
YABPEY,OC(=O)c1ccc(s1)C(=O)O,Mg,1.86555,1.23994,1.83432,nonporous,0.4,1.0,0.0,6.992781128659578,643
YACSAY,O=N(=O)c1cc(ccc1C(=O)O)C(=O)O,U,1.91882,0.7278,1.91294,nonporous,0.7218271266208811,0.1232876712328767,0.002841907208704687,7.50294592775889,451
YAMXOC,OC(=O)c1cc(cc(c1)C(=O)O)C(=O)O,In,6.24327,5.54015,6.2382,medium pore,0.7527601663483321,0.7323232323232324,0.011195685015253467,126.12228404326754,70
YANWOC02,OC=O,Mn,3.60274,2.16355,3.60274,nonporous,0.3983707923422799,1.0,0.0,177.9133408010342,24
YANXIX02,OC=O,Zn,3.51233,2.10824,3.49837,nonporous,0.392998675138324,1.0,0.0,67.94228536691726,47
YAPQUC,OC(=O)c1ccc(cc1)C(=O)O,Pb,1.32772,0.84299,1.07582,nonporous,0.7359595553228487,0.5732484076433121,0.03283538018093276,79.05713325741354,127
YARGAB,OC(=O)c1c2ccccc2c(c2c1cccc2)C(=O)O,Zn,9.28192,6.59414,9.28192,medium pore,0.7045665481589609,0.012422360248447206,4.47431260215555e-06,12.215609454739969,3
YARXEX,FC(c1[nH]nc(c1c1ccc(cc1)c1c([nH]nc1C(F)(F)F)C(F)(F)F)C(F)(F)F)(F)F,Cu,15.39001,13.65401,15.38857,large pore,0.0,1.0,0.0,0.8045536219632601,121
YARZEZ01,N=CNC#N,Cd,5.81765,4.17379,5.68579,medium pore,0.0,1.0,0.0,0.9998507629067666,828
YATTUK,OC(=O)c1cc(cc(c1)C(=O)O)C(=O)O,Tb,2.44131,1.05461,2.42859,nonporous,0.7053320384916186,0.5634517766497461,0.03839788804659922,94.80270620917395,22
YAVTUN,OC(=O)c1cc(NNc2ccc(c(c2)C(=O)O)O)ccc1O,Nd,9.91839,8.85164,9.91839,large pore,0.20687488601842108,0.031007751937984496,0.0,3.3553123554395343,18
YAXBUV02,OC(=O)c1ccc(cc1)C(=O)O,Fe,2.84937,1.70623,2.84937,nonporous,0.7796858526572328,0.6739130434782609,0.01451390155383375,82.14962613180987,113
YAXCAC,OC(=O)c1ccc(cc1)C(=O)O,Fe,2.18791,1.27624,2.10855,nonporous,0.7797031931988009,0.6739130434782609,0.01451390155383375,82.15297186306745,113
YAZVAZ,COc1ccc(cc1C(=O)O)c1ccc(c(c1)C(=O)O)OC,Ca,3.60082,2.72761,3.53425,small pore,0.0,1.0,0.0,1.99745877563854,769
YAZWOM,C[C@@H](C(=O)O)NC(=O)C(N)(C)C,Cu,4.58851,4.19832,4.58851,medium pore,0.365469271826658,0.5,0.5333333333333333,2.4263695420709834,476
YEBLAT,OC(=O)C(=O)O,La,6.81519,6.14414,6.81519,medium pore,1.0,0.8333333333333333,0.0,4.977283809228581,599
YEHDAS,CCC(=O)O,Ba,4.8991,1.52544,4.89338,nonporous,0.0,1.0,0.0,0.8078558619623465,830
YEKREO,OS(c1ccc(cc1)c1c(c2ccc(cc2)S(O)(O)O)c(c2ccc(cc2)S(O)(O)O)c(c(c1c1ccc(cc1)S(O)(O)O)c1ccc(cc1)S(O)(O)O)c1ccc(cc1)S(O)(O)O)(O)O,Na,12.81418,3.9736,12.81418,small pore,0.28997118551571077,1.0,0.0,1.7581829254225172,440
YEMLUY,C[C@H]1N(CCN([C@@H]1C)CP(=O)(O)O)CP(=O)(O)O,Co,6.12904,5.81206,6.12904,medium pore,0.9967450481640703,1.0,0.2857142857142857,5.670971871147295,68
YEPLAG,OC(=O)C(=O)O,Hg,0.85486,0.35583,0.77485,nonporous,0.4,1.0,0.0,1.9993302165015856,863
YEPLAG02,OC(=O)C(=O)O,Hg,0.97056,0.39612,0.80547,nonporous,0.08950742046372398,1.0,0.0,1.9985708954347001,863
YEPTOF01,c1ccccc1,Cu,2.93147,2.49396,2.93147,small pore,0.3799525071095559,1.0,0.0,1.9997977479256026,468
YESXEC,O=N(=O)c1ncc[nH]1,Zn,11.55044,4.04957,11.54642,medium pore,0.815307502087014,0.6451612903225807,0.0006428237494156148,51.119661429079976,353
YESXUS,OC(=O)c1ncc[nH]1,Zn,11.07436,3.87959,11.07436,small pore,0.4,1.0,0.0,3.999759927938519,864
YESYED,OC(=O)c1ncc[nH]1,Zn,11.33549,3.74961,11.33549,small pore,0.3997264478704892,1.0,0.0,3.999861584256336,864
YEVKES,N#CC(c1ccc(cc1)C(C#N)C#N)C#N,Cu,6.10302,4.3361,6.10302,medium pore,0.4,1.0,0.0,8.994624545031003,100
YEYBOV,CCO[P@@](=O)(c1cc(c2c3c1ccc1c3c(cc2)c(cc1[P@@](=O)(OCC)O)[P@](=O)(OCC)O)[P@@](=O)(OCC)O)O,Ba,4.79847,4.18485,4.79847,medium pore,0.0,1.0,0.0,0.9998936749180164,865
YEYBOV01,CCO[P@@](=O)(c1cc(c2c3c1ccc1c3c(cc2)c(cc1[P@@](=O)(OCC)O)[P@](=O)(OCC)O)[P@@](=O)(OCC)O)O,Ba,4.98456,4.04444,4.90681,medium pore,0.0,1.0,0.0,0.9998936749180164,865
YEYMAQ,OP(=O)(CCP(=O)(O)O)O,Ti,1.66485,0.74281,1.66485,nonporous,0.0,1.0,0.0,0.9107193172604378,866
YEYMIY,OP(=O)(CCCP(=O)(O)O)O,Ti,2.41386,1.16835,2.41386,nonporous,0.0,1.0,0.0,0.9107193172604378,866
YEYRAY,OC(=O)c1cc(cc(c1)C(=O)O)C(=O)O,Cd,6.55345,4.85203,6.55345,medium pore,0.5244296206409358,0.4148148148148148,0.008366353999069978,286.7681630946059,69
YEYVII,Cc1[nH]nc(c1c1c(C)n[nH]c1C)C,Ag,6.3078,3.74817,6.3078,small pore,0.4,1.0,0.0,7.84199872222697,582
YICGUP,OC(=O)c1ccc2c(c1)ccc(c2)C(=O)O,Gd,1.83835,1.24434,1.82839,nonporous,0.5434729640016949,0.3647798742138365,0.015787066306809035,48.25030823912152,195
YICKIH,OC(=O)c1ccc2c(c1)ccc(c2)C(=O)O,Eu,1.84049,1.18282,1.83264,nonporous,0.8070086204656146,0.3684210526315789,0.004061007345198401,76.71765913567229,12
YICRAF,OC(=O)c1ccc(cc1)c1c(cc(cc1C(=O)O)C(=O)O)C(=O)O,Cd,2.77133,1.25039,2.51146,nonporous,0.512973048259906,0.19999999999999998,0.0007540036154461886,135.17040993229628,69
YICREI,OC(=O)c1ccc(cc1)C(=O)O,Pb,2.11051,1.28573,2.1013,nonporous,0.7365547332450639,0.5732484076433121,0.03283538018093276,79.17374736606969,127
YICRIM,OC(=O)[C@@H]1CC[C@@H](CC1)C(=O)O,Pb,5.2828,2.64416,5.2828,small pore,0.0,1.0,0.0,2.581860883684957,763
YIDJAX,OC(=O)c1cc(ccc1O)S(O)(O)O,K,1.50864,0.86752,1.50864,nonporous,0.5261321139451407,0.75,0.0,2.8101815766733265,517
YIFKEG,N#C[C@@H]1C(=C(C(=C1C#N)C#N)C#N)C#N,Ag,2.11686,1.0526,2.11686,nonporous,0.0,1.0,0.0,0.9982970064618948,867
YIFLUX,N#C[C@@H]1C(=C(C(=C1C#N)C#N)C#N)C#N,Ag,5.66244,3.91672,5.66244,small pore,0.0,1.0,0.0,0.9982970064618948,867
YIGGEB,OC(=O)c1ccncc1,Co,2.84401,1.23771,2.83676,nonporous,0.46014128152562916,0.29239766081871343,0.0027157339602801754,171.8940548519036,55
YIGHUU,OC(=O)[C@@H]1CC[C@](C1(C)C)(C)C(=O)O,Mg,2.50833,1.78093,2.48956,nonporous,0.4,1.0,0.0,3.8898503029405544,635
YIHZIA01,OC(=O)c1ccc(c(c1)N)C(=O)O,Cd,1.50495,0.76918,1.44008,nonporous,0.6934144578971309,0.15308641975308643,0.0019467737121268446,102.28318840001421,69
YINCUV,OC(=O)c1cc(cc(c1)Oc1ccc(cc1)C(=O)O)Oc1ccc(cc1)C(=O)O,Mn,4.8064,1.65433,4.77635,nonporous,0.8182372511295124,0.21503131524008348,0.0007878405576938792,87.53046733304703,225
YINPEQ,OC(=O)c1ccc(cc1)C(=O)O,Cd,9.47139,8.23796,9.47139,large pore,0.824121938964898,0.46172839506172836,0.018173759996871406,320.90874485572414,69
YINRAR,OP(=O)(c1ccc(cc1)c1ccc(cc1)P(=O)(O)O)O,Gd,1.66663,1.00186,1.32738,nonporous,0.051648753441774935,0.5,0.0,0.9494419399800912,486
YINRIZ,OP(=O)(c1ccc(cc1)c1ccc(cc1)P(=O)(O)O)O,Nd,1.67413,1.01283,1.67329,nonporous,0.0,1.0,0.0,0.9506796179484092,657
YINROF,OP(=O)(c1ccc(cc1)c1ccc(cc1)P(=O)(O)O)O,Sm,1.65879,0.99206,1.65737,nonporous,0.0,1.0,0.0,0.9506170459253876,658
YIPFIO,OC(=O)c1ccc(c(c1)O)C(=O)O,Co,7.217,3.83206,7.21341,small pore,0.6212235184044532,0.22660818713450293,0.0314778993566244,129.1906284011844,55
YIQVOL,OC(=O)c1cc(cc(c1)C(=O)O)c1cc(cc(c1)C(=O)O)C(=O)O,Ba,2.51226,0.93283,1.63254,nonporous,0.8867271255630034,0.3033707865168539,0.01134179894724968,23.325786747636954,54
YIVPOJ,OC(=O)c1cc(ccc1O)S(O)(O)O,K,1.35306,0.5232,1.32445,nonporous,1.0,0.75,0.0,2.808794062959558,517
YIVZOU,OC(=O)c1ccc(cc1)[Si](c1ccc(cc1)C(=O)O)(c1ccc(cc1)C(=O)O)c1ccc(cc1)C(=O)O,Pr,7.22451,3.90462,6.90938,small pore,0.904785854072104,0.14705882352941177,0.0013884497236251968,12.734243711227332,96
YIXFOC,OC(=O)c1ccc(cc1)C(=O)O,Eu,4.73078,2.44362,4.67449,small pore,0.795598787037079,0.6072874493927125,0.022073320257407335,130.05916816288104,12
YODRAM,OC(=O)c1ccncc1,Co,7.28334,4.85862,7.28334,medium pore,0.4730753455837964,0.29970760233918126,0.0029240296476139302,176.2483226965734,55
YOGKOW,OC(=O)c1cc(cc(c1)C(=O)O)c1c2ccccc2c(c2c1cccc2)c1cc(cc(c1)C(=O)O)C(=O)O,Zn,9.47957,5.66162,9.44933,medium pore,0.7593272960291055,0.23691215616681455,0.003049635949724786,221.69490620454812,3
YOGVEX,n1ncn(c1)NNn1cnnc1,Zn,4.1211,3.54075,4.10473,small pore,0.0,1.0,0.0,1.9999721349402189,681
YOLXAA,OC(=O)CN(CP(=O)(O)O)CP(=O)(O)O,Sr,1.85151,0.87208,1.64168,nonporous,1.0,1.0,0.10714285714285714,6.862342559392956,289
YOMBOS,c1ccc2c(c1)[nH]nn2,Zn,3.32518,1.5177,3.30708,nonporous,0.6846183616525197,0.006211180124223603,0.0,5.815826417386343,3
YOMNUL02,NC[C@@H](C(=O)O)NC(=O)[C@H](CC(=O)O)N,Ag,1.76128,0.80352,1.7561,nonporous,0.4,1.0,0.0,6.999917112042774,869
YOMNUL10,NC[C@@H](C(=O)O)NC(=O)[C@H](CC(=O)O)N,Ag,1.76272,0.80087,1.75771,nonporous,0.3996732003724901,1.0,0.0,6.999916933776092,869
YOSLOH,OC(=O)c1nccnc1C(=O)O,Ag,1.42355,0.76039,1.38875,nonporous,0.3920320282526783,0.048672566371681415,0.0,9.900554718641867,73
YOVTOS,n1ccc(cc1)/C/1=C\2/C=CC(=N2)/C(=c/2\cc/c(=C(\C3=N/C(=C(\c4[nH]c1cc4)/c1ccncc1)/C=C3)/c1ccncc1)/[nH]2)/c1ccncc1,Zn,7.27066,5.30407,7.27066,medium pore,0.5279318279713261,0.1506849315068493,0.06468463568132918,19.656695183610715,128
YOXKEC,OC(=O)C1CCN(CC1)CP(=O)(O)O,Zn,2.35215,0.89745,2.32086,nonporous,1.0,0.7000000000000001,0.6444444444444445,5.96752486053893,666
YOXZOC,OC(=O)CCC(=O)O,Fe,2.01055,1.35463,2.01055,nonporous,1.0,1.0,0.0030303030303030307,11.463990603860648,233
YOYJUS,c1ccc(cn1)c1nnc([nH]1)c1cccnc1,Ag,4.10378,2.3489,4.10378,nonporous,0.45445117949542446,0.017699115044247787,0.00589970501474927,3.2836246829351987,73
YOYNUX,OC(=O)c1cc(cc(c1)n1cnc2c1cccc2)n1cnc2c1cccc2,Ni,6.53052,5.58315,6.53052,medium pore,0.38716882799199087,1.0,0.0,3.9996188639851695,667
YOYPAF,OC(=O)c1cc(cc(c1)n1cnc2c1cccc2)n1cnc2c1cccc2,Ni,6.55588,5.45199,6.55588,medium pore,0.4,1.0,0.0,3.999655972032983,667
YOZMEH,OC(=O)c1cc(cc(c1)C(=O)O)C(=O)O,Cu,11.06532,5.21571,11.0653,medium pore,0.7092759388280325,0.5695364238410596,0.004475409730642579,448.78643073984495,1
YOZMIL,OC(=O)c1cc(cc(c1)C(=O)O)C(=O)O,Cu,11.11794,5.18627,11.09306,medium pore,0.7092568808302504,0.5695364238410596,0.004475409730642579,448.76492307338384,1
YOZMOR,OC(=O)c1cc(cc(c1)C(=O)O)C(=O)O,Cu,10.98255,5.06631,10.94523,medium pore,0.7092337461448314,0.5695364238410596,0.004475409730642579,448.7388147117729,1
YOZMUX,OC(=O)c1cc(cc(c1)C(=O)O)C(=O)O,Cu,11.09348,2.29487,6.0533,nonporous,0.5832901075411181,0.47130242825607066,0.002688967163091121,371.25368704582854,1
YOZNAE,OC(=O)c1cc(cc(c1)C(=O)O)C(=O)O,Cu,11.14697,5.13583,11.14697,medium pore,0.7092258198212924,0.5695364238410596,0.004475409730642579,448.72986955788593,1
YOZNEI,OC(=O)c1cc(cc(c1)C(=O)O)C(=O)O,Cu,11.02619,5.08744,10.96705,medium pore,0.7092370008856648,0.5695364238410596,0.004475409730642579,448.74248780907635,1
YOZNIM,OC(=O)c1cc(cc(c1)C(=O)O)C(=O)O,Cu,11.12048,5.20079,11.11284,medium pore,0.7092602042355773,0.5695364238410596,0.004475409730642579,448.76867366114783,1
YOZNOS,OC(=O)c1cc(cc(c1)C(=O)O)C(=O)O,Cu,11.15154,2.757,6.77883,small pore,0.6220196555086966,0.4977924944812362,0.004611517730073788,392.21410366065754,1
YOZNUY,OC(=O)c1cc(cc(c1)C(=O)O)C(=O)O,Cu,11.10795,3.3277,11.10795,small pore,0.7014997670997206,0.5629139072847682,0.004912198411227934,442.31363848356193,1
YOZPAG,OC(=O)c1cc(cc(c1)C(=O)O)C(=O)O,Cu,11.13535,5.02426,11.13261,medium pore,0.706483444759551,0.5673289183222958,0.004438826892010282,447.07459965110024,1
YUBFUX01,Cc1nnc([nH]1)C,Zn,2.25385,1.01952,2.25385,nonporous,0.7071278726935362,0.06666666666666667,0.0,0.9948399734635116,717
YUBMIS,OC(=O)CCC(=O)O,Yb,1.5306,1.12472,1.5306,nonporous,0.4,1.0,0.0,4.9923864080126705,857
YUCZOM,n1ccc(cc1)c1ccncc1,Fe,4.75809,3.92636,4.68921,small pore,0.4,1.0,0.0,2.85024172902474,675
YUDYAX,OC(=O)CCCC(=O)O,Ca,2.00267,1.14193,1.99123,nonporous,1.0,1.0,0.03571428571428571,6.553009612663815,49
YUGZEG,S=C1N=CC=NC1=S,Cu,4.2229,3.5825,4.2229,small pore,0.0,1.0,0.0,0.9999999437073536,840
YUHMAR,CCCCc1[nH]nc(n1)CCCC,Cu,2.77727,1.59339,2.71809,nonporous,0.7903156441954728,0.5641025641025641,0.25161943319838054,18.41567001447036,42
YUHMIZ,C1CCC(CC1)c1[nH]nc(n1)C1CCCCC1,Cu,2.73373,1.69463,2.72111,nonporous,0.0,1.0,0.0,0.9998421898589496,870
YUHMUL,C1CCC(CC1)c1[nH]nc(n1)C1CCCCC1,Cu,2.274,1.55066,2.274,nonporous,0.0,1.0,0.0,0.9998421898589496,870
YUJNIB,OC(=O)c1nnn[nH]1,Sr,3.95364,2.60273,3.59346,small pore,0.0,1.0,0.0,0.9985668159103044,871
YUJNOH,OC(=O)c1nnn[nH]1,Sr,3.97327,2.08772,3.97327,nonporous,0.0,1.0,0.0,0.9985668159103044,871
YUKDEN,NCCP(=O)(O)O,Zn,1.91466,0.94875,1.91466,nonporous,0.6421523233889638,0.35135135135135137,0.0,22.052095809469552,116
YUKTUU01,OC=O,Mn,4.30723,2.49537,4.30723,small pore,0.39972649428702883,1.0,0.0,177.9153493050347,24
YUKTUU02,OC=O,Mn,4.31736,2.49822,4.30611,small pore,0.3998254066199479,1.0,0.0,177.91549584595924,24
YUKTUU03,OC=O,Mn,4.32058,2.50141,4.31243,small pore,0.39980856114848395,1.0,0.0,177.915470889001,24
YUKTUU04,OC=O,Mn,4.33255,2.50919,4.3262,small pore,0.39979810145378,1.0,0.0,177.91545539271974,24
YUKTUU05,OC=O,Mn,4.33043,2.51264,4.32707,small pore,0.3998128001923988,1.0,0.0,177.91547716924327,24
YUKTUU06,OC=O,Mn,4.3332,2.51729,4.3332,small pore,0.39979835587660095,1.0,0.0,177.91545576965308,24
YUKTUU07,OC=O,Mn,4.34437,2.52505,4.33633,small pore,0.39989713667368965,1.0,0.0,177.9156021157042,24
YUKVIK,OC=O,Ni,4.22952,2.40585,4.22952,small pore,0.3703390742570946,1.0,0.0,33.95149065450085,45
YUKVUW04,OC=O,Zn,4.27693,2.42692,4.24925,small pore,0.3953543769704766,1.0,0.0,67.9316444356247,47
YUKVUW07,OC=O,Zn,4.29637,2.44159,4.29175,small pore,0.3954684228740917,1.0,0.0,67.93124230518848,47
YUMVOT,OC(=O)CN1C=C[C@H](C=C1)C(=O)O,Pb,2.53586,1.1575,2.4939,nonporous,0.0,1.0,0.0,0.9999734939492816,860
YUNXAI,[O-][n+]1ccc(cc1)c1cc[n+](cc1)[O-],Yb,9.13708,7.11095,9.13708,medium pore,0.39978282138700294,1.0,0.0,1.8463955143888757,559
YURDAS,OC(=O)/C=C/C=C/C(=O)O,K,1.64638,1.27774,1.63868,nonporous,0.0,1.0,0.0,0.8941319201280857,597
YUSVAK,OC(=O)C1=NC(=N[C@@H]1C(=O)O)c1ccccn1,Cd,2.61772,1.23506,2.5413,nonporous,0.9288858473450172,0.007407407407407408,0.0,5.255180016233234,69
YUSWIU,OC(=O)c1ccc(o1)C(=O)O,Dy,2.59655,1.41367,2.56821,nonporous,0.4,1.0,0.0,2.8627091690602606,754
YUWKEH01,OC(=O)Cc1ccc(cc1)CC(=O)O,Nd,3.12255,1.71696,3.06417,nonporous,0.713935775312351,0.03875968992248062,0.0,4.576456543794239,18
YUZCAZ,Nc1nnc([nH]1)Cc1[nH]nc(n1)N,Zn,5.53806,2.90825,5.53205,small pore,0.4,1.0,0.0,4.803499862348921,76
YUZJOU,n1ccc(cc1)c1ccncc1,Cu,4.94283,2.4693,4.94283,small pore,0.9325196896044688,0.5656108597285069,0.03501568682403175,106.84466231254243,56
YUZPOA,OC(=O)c1cc(cc(c1)C(=O)O)n1nnc(c1)c1cc(cc(c1)c1nnn(c1)c1cc(cc(c1)C(=O)O)C(=O)O)c1nnn(c1)c1cc(cc(c1)C(=O)O)C(=O)O,Zn,20.08724,5.25568,20.08087,medium pore,0.7565048468644345,0.06122448979591837,9.09347350896112e-05,56.06100014260701,3
ZAFWUB,OC(=O)/C=C/C(=O)O,Tb,8.22648,3.68796,8.22648,small pore,0.4,1.0,0.0,3.975224592858417,632
ZAFXAI,OC(=O)/C=C/C(=O)O,Y,5.92658,3.63621,5.21422,small pore,0.4,1.0,0.0,3.789676708791259,728
ZALLEG,OC(=O)c1ccc(cc1)c1ccc(cc1)C(=O)O,Tb,13.38268,6.88405,13.38268,medium pore,0.5225291879986917,0.46700507614213194,0.00875154406379145,80.38841359100991,22
ZATPIW,OC(=O)CSc1nnc(nn1)SCC(=O)O,Zr,7.05332,4.54215,7.0476,medium pore,0.0,1.0,0.0,0.9991303744188914,872
ZATPOC,OC(=O)CSc1nnc(nn1)SCC(=O)O,Zr,5.32375,2.69413,5.30744,small pore,0.0,1.0,0.0,0.9991303744188914,872
ZAWCAE,Cc1nnc([nH]1)Cc1[nH]nc(n1)C,Zn,4.4713,3.58361,4.47124,small pore,0.885744941723866,0.9333333333333333,0.0031746031746031746,13.452270014887732,717
ZAXLUH,OC(=O)C(=O)O,Rb,1.81497,0.78317,1.79902,nonporous,0.39581771315770314,1.0,0.0,2.9990107272256314,752
ZAYMAP,OC(=O)c1nccnc1C(=O)O,Pb,2.58299,0.75425,1.43429,nonporous,1.0,1.0,0.8333333333333333,3.3668499708169333,761
ZAZBUZ,OC(=O)c1ccc(cc1)C(=O)O,Cu,5.79954,5.40061,5.79954,medium pore,0.855851847615988,0.4624724061810154,0.0917884249688151,355.4254963237628,1
ZECBOB,O=C(C(=O)Nc1cc(cc(c1)C(=O)O)C(=O)O)Nc1cc(cc(c1)C(=O)O)C(=O)O,Eu,5.22769,4.14699,5.22434,medium pore,0.7561302839844377,0.09716599190283401,5.2419871162876836e-05,20.021847445656114,12
ZEDRAD,Oc1cc(O)c(cc1S(O)(O)O)S(O)(O)O,Ba,1.85841,1.08147,1.85841,nonporous,0.9690070307359793,0.75,0.5,2.483955851139326,531
ZEDVOV,OC(=O)c1ccc(cc1)C(=O)O,Nd,9.34618,7.31645,9.27345,medium pore,0.5390834486300543,0.4573643410852713,0.07130919089309976,50.8078650181749,18
ZEFNIH01,OC(=O)c1ccc(cc1)C(=O)O,K,1.34253,0.83883,1.26455,nonporous,0.43790342324144954,0.29545454545454547,0.061222692036645515,11.693918453692094,505
ZEFSAG,OC(=O)c1ccc(cc1)Oc1ccc(cc1)C(=O)O,Rb,2.09597,0.99479,2.09597,nonporous,1.0,0.30000000000000004,0.013508771929824562,5.1163840296158405,318
